date,station,tday,rrday,snow
2022-05-01,Porvoo Kilpilahti satama,5.8,,
2022-05-01,Jomala Maarianhamina lentoasema,7.1,,
2022-05-01,Parainen Utö,6.2,-1.0,-1.0
2022-05-01,Lemland Nyhamn,5.4,,
2022-05-01,Jomala Jomalaby,7.5,-1.0,-1.0
2022-05-01,Hammarland Märket,4.8,,
2022-05-01,Kökar Bogskär,5.0,,
2022-05-01,Parainen Fagerholm,6.6,-1.0,
2022-05-01,Kumlinge kirkonkylä,5.9,,
2022-05-01,Hanko Russarö,5.9,-1.0,
2022-05-01,Kaarina Yltöinen,6.8,-1.0,-1.0
2022-05-01,Kemiönsaari Vänö,6.2,,
2022-05-01,Hanko Tulliniemi,6.0,,
2022-05-01,Turku Rajakari,5.6,,
2022-05-01,Turku Artukainen,6.8,-1.0,-1.0
2022-05-01,Kemiönsaari Kemiö,6.6,-1.0,-1.0
2022-05-01,Hanko Tvärminne,6.3,-1.0,-1.0
2022-05-01,Salo Kärkkä,6.8,-1.0,
2022-05-01,Lohja Leppäkorpi,,-1.0,-1.0
2022-05-01,Raasepori Jussarö,5.2,,
2022-05-01,Salo Kiikala lentokenttä,5.4,0.4,-1.0
2022-05-01,Vantaa Helsinki-Vantaan lentoasema,6.3,0.2,-1.0
2022-05-01,Inkoo Bågaskär,6.0,,
2022-05-01,Helsinki Kaisaniemi,6.3,-1.0,-1.0
2022-05-01,Lohja Porla,6.1,-1.0,20.0
2022-05-01,Vihti Maasoja,5.3,,
2022-05-01,Helsinki Harmaja,4.7,,
2022-05-01,Kirkkonummi Mäkiluoto,5.0,,
2022-05-01,Helsinki Helsingin majakka,4.7,,
2022-05-01,Helsinki Kumpula,6.5,0.4,-1.0
2022-05-01,Helsinki Malmi lentokenttä,6.6,,
2022-05-01,Porvoo Kalbådagrund,4.3,,
2022-05-01,Porvoo Emäsalo,4.9,,
2022-05-01,Porvoo Harabacka,6.1,0.5,-1.0
2022-05-01,Kotka Rankki,4.5,-1.0,-1.0
2022-05-01,Loviisa Orrengrund,5.0,,
2022-05-01,Kotka Haapasaari,4.3,,
2022-05-01,Pori lentoasema,5.0,,
2022-05-01,Uusikaupunki Itätulli,,-1.0,-1.0
2022-05-01,Kustavi Isokari,5.4,-1.0,
2022-05-01,Rauma Kylmäpihlaja,4.6,,
2022-05-01,Pori rautatieasema,5.2,-1.0,
2022-05-01,Turku lentoasema,6.5,,
2022-05-01,Kokemäki Rausenkulma,,-1.0,-1.0
2022-05-01,Huittinen Sallila,,-1.0,-1.0
2022-05-01,Oripää Teinikivi,,-1.0,-1.0
2022-05-01,Pöytyä Yläne,,-1.0,-1.0
2022-05-01,Kokemäki Tulkkila,5.2,-1.0,-1.0
2022-05-01,Jokioinen Ilmala,5.2,-1.0,-1.0
2022-05-01,Nokia Tottijärvi,,-1.0,-1.0
2022-05-01,Pirkkala Tampere-Pirkkala lentoasema,4.8,,
2022-05-01,Tampere Härmälä,5.6,-1.0,-1.0
2022-05-01,Somero Salkola,4.6,0.4,25.0
2022-05-01,Hyvinkää Hyvinkäänkylä,6.0,0.7,-1.0
2022-05-01,Vihti Hiiskula,,-1.0,-1.0
2022-05-01,Hämeenlinna Pirttikoski,,-1.0,4.0
2022-05-01,Nurmijärvi Röykkä,5.2,-1.0,-1.0
2022-05-01,Hämeenlinna Katinen,5.9,-1.0,
2022-05-01,Hattula Lepaa,5.6,-1.0,-1.0
2022-05-01,Hämeenlinna Lammi Pappila,5.3,-1.0,-1.0
2022-05-01,Asikkala Pulkkilanharju,5.0,,
2022-05-01,Kouvola Utti lentoasema,4.9,-1.0,-1.0
2022-05-01,Kouvola Anjala,4.8,2.1,-1.0
2022-05-01,Heinola Asemantaus,5.7,-1.0,-1.0
2022-05-01,Kouvola Voikoski,,0.3,0.0
2022-05-01,Virolahti Koivuniemi,4.4,0.0,-1.0
2022-05-01,Lappeenranta lentoasema,5.2,,
2022-05-01,Lappeenranta Konnunsuo,5.5,,
2022-05-01,Lappeenranta Lepola,5.8,-1.0,-1.0
2022-05-01,Ruokolahti Kotaniemi,,-1.0,-1.0
2022-05-01,Lappeenranta Hiekkapakka,2.5,,
2022-05-01,Parikkala Koitsanlahti,5.3,-1.0,-1.0
2022-05-01,Kaskinen Sälgrund,4.5,-1.0,
2022-05-01,Merikarvia Tuorila,,-1.0,-1.0
2022-05-01,Isojoki Kärjenkoski,,-1.0,-1.0
2022-05-01,Teuva Kauppilankylä,,-1.0,-1.0
2022-05-01,Pori Tahkoluoto satama,4.7,,
2022-05-01,Kristiinankaupunki Majakka,3.4,,
2022-05-01,Karvia Alkkia,4.0,-1.0,-1.0
2022-05-01,Kurikka Hirvijärvi,,-1.0,0.0
2022-05-01,Kauhajoki Kuja-Kokko,4.3,-1.0,-1.0
2022-05-01,Kankaanpää Niinisalo lentokenttä,4.9,-1.0,-1.0
2022-05-01,Alavus Sulkavankylä,,-1.0,0.0
2022-05-01,Virrat Äijänneva,4.6,,
2022-05-01,Jämsä Halli lentoasema,4.8,-1.0,-1.0
2022-05-01,Juupajoki Hyytiälä,4.5,-1.0,34.0
2022-05-01,Sysmä Joutsjärvi,,-1.0,0.0
2022-05-01,Jyväskylä Muuratjärvi,,0.0,-1.0
2022-05-01,Luhanka Judinsalo,3.7,,
2022-05-01,Multia Pirttiperä,,-1.0,19.0
2022-05-01,Joutsa Savenaho,3.9,-1.0,16.0
2022-05-01,Kangasniemi kirkonkylä,,-1.0,18.0
2022-05-01,Joutsa Pärnämäki,,-1.0,15.0
2022-05-01,Mikkeli Pitkähiekka,,0.0,0.0
2022-05-01,Juva Partala,4.7,,
2022-05-01,Varkaus Kosulanniemi,3.6,1.4,-1.0
2022-05-01,Savonlinna Laukansaari,,1.3,-1.0
2022-05-01,Sulkava Halttula,,-1.0,0.0
2022-05-01,Savonlinna lentoasema,4.3,,
2022-05-01,Rantasalmi Rukkasluoto,2.1,,
2022-05-01,Savonlinna Punkaharju Laukansaari,4.0,-1.0,-1.0
2022-05-01,Enonkoski Simanala,,-1.0,0.0
2022-05-01,Savonlinna Savonranta,,-1.0,0.0
2022-05-01,Rääkkylä kirkonkylä,,-1.0,-1.0
2022-05-01,Tohmajärvi Kemie,2.9,-1.0,3.0
2022-05-01,Joensuu Huhtilampi,,-1.0,11.0
2022-05-01,Vaasa lentoasema,4.7,,
2022-05-01,Mustasaari Valassaaret,3.7,,
2022-05-01,Närpiö Ylimarkku,,-1.0,-1.0
2022-05-01,Mustasaari Riimala,,-1.0,-1.0
2022-05-01,Kurikka Pyörni,,-1.0,-1.0
2022-05-01,Maalahti Strömmingsbådan,4.1,,
2022-05-01,Vaasa Klemettilä,4.6,-1.0,-1.0
2022-05-01,Seinäjoki Pelmaa,4.7,-1.0,-1.0
2022-05-01,Kauhava lentokenttä,3.8,-1.0,-1.0
2022-05-01,Ähtäri Inha,3.6,-1.0,-1.0
2022-05-01,Halsua Purola,3.1,0.1,10.0
2022-05-01,Alajärvi Möksy,3.2,-1.0,17.0
2022-05-01,Multia Karhila,3.7,-1.0,45.0
2022-05-01,Viitasaari Haapaniemi,3.2,0.5,-1.0
2022-05-01,Äänekoski Kalaniemi,,-1.0,3.0
2022-05-01,Vesanto kirkonkylä,2.3,0.4,-1.0
2022-05-01,Pielavesi Venetmäki,,0.0,29.0
2022-05-01,Siilinjärvi Kuopio lentoasema,2.6,,
2022-05-01,Kuopio Maaninka,2.2,-1.0,14.0
2022-05-01,Lapinlahti Lamminkäyrä,,0.0,16.0
2022-05-01,Suonenjoki Iisvesi,,0.2,2.0
2022-05-01,Kuopio Karttula,,0.1,-1.0
2022-05-01,Kuopio Ritoniemi,1.8,,
2022-05-01,Kuopio Savilahti,3.3,-1.0,-1.0
2022-05-01,Heinävesi Palokki,,0.0,0.0
2022-05-01,Outokumpu Viuruniemi,,0.0,21.0
2022-05-01,Rautavaara Ala-Luosta,,0.0,6.0
2022-05-01,Rautavaara Ylä-Luosta,2.4,0.1,30.0
2022-05-01,Liperi Joensuu lentoasema,2.1,,
2022-05-01,Juuka Niemelä,2.0,0.1,25.0
2022-05-01,Joensuu Pyhäselkä,,0.0,7.0
2022-05-01,Lieksa Koli,,-1.0,28.0
2022-05-01,Liperi Tuiskavanluoto,0.6,,
2022-05-01,Joensuu Linnunlahti,2.3,-1.0,-1.0
2022-05-01,Lieksa Lampela,1.9,0.5,-1.0
2022-05-01,Ilomantsi Naarva,,-1.0,26.0
2022-05-01,Ilomantsi Pötsönvaara,1.0,0.2,31.0
2022-05-01,Ilomantsi Mekrijärvi,2.1,0.1,15.0
2022-05-01,Pietarsaari Kallan,2.3,,
2022-05-01,Kokkola Tankar,2.0,,
2022-05-01,Kruunupyy Kokkola-Pietarsaari lentoasema,3.9,,
2022-05-01,Kaustinen Tastula,,-1.0,-1.0
2022-05-01,Kalajoki Ulkokalla,0.7,,
2022-05-01,Kokkola Santahaka,4.0,-1.0,-1.0
2022-05-01,Toholampi Oravala,,0.0,8.0
2022-05-01,Kalajoki Pitkäsenkylä,,-1.0,-1.0
2022-05-01,Kalajoki Mehtäkylä,,0.6,-1.0
2022-05-01,Toholampi Laitala,2.9,-1.0,-1.0
2022-05-01,Ylivieska lentokenttä,2.7,-1.0,-1.0
2022-05-01,Ylivieska Vähäkangas,,-1.0,-1.0
2022-05-01,Haapavesi Mustikkamäki,2.6,0.2,10.0
2022-05-01,Pyhäjärvi Ojakylä,1.9,0.4,20.0
2022-05-01,Pyhäjärvi Hiidenniemi,,0.0,2.0
2022-05-01,Kiuruvesi Korpijoki,,0.0,11.0
2022-05-01,Siikalatva Kestilä,,-1.0,10.0
2022-05-01,Kajaani lentoasema,1.9,,
2022-05-01,Vieremä Kaarakkala,2.7,0.1,24.0
2022-05-01,Kajaani Paltaniemi,,0.0,15.0
2022-05-01,Nurmes Valtimo,2.0,-1.0,-1.0
2022-05-01,Ristijärvi Mustavaara,,0.2,42.0
2022-05-01,Sotkamo Kuolaniemi,2.6,0.1,-1.0
2022-05-01,Nurmes Mujejärvi,,0.0,43.0
2022-05-01,Kuhmo Apaja,,0.0,5.0
2022-05-01,Kuhmo Kalliojoki,2.1,0.1,25.0
2022-05-01,Raahe Nahkiainen,0.6,,
2022-05-01,Hailuoto Keskikylä,1.0,-1.0,7.0
2022-05-01,Kemi I majakka,1.2,,
2022-05-01,Hailuoto Marjaniemi,0.1,,
2022-05-01,Raahe Lapaluoto satama,1.4,,
2022-05-01,Oulu lentoasema,1.6,,
2022-05-01,Siikajoki Ruukki,1.8,0.1,-1.0
2022-05-01,Oulu Vihreäsaari satama,0.7,,
2022-05-01,Oulu Oulunsalo Pellonpää,1.0,0.2,23.0
2022-05-01,Vaala Pelso,1.5,-1.0,-1.0
2022-05-01,Pudasjärvi lentokenttä,0.5,-1.0,32.0
2022-05-01,Utajärvi Särkijärvi,,0.2,22.0
2022-05-01,Pudasjärvi Jaurakkajärvi,,0.2,33.0
2022-05-01,Suomussalmi Näljänkä,,-1.0,26.0
2022-05-01,Suomussalmi Pesiö,1.3,0.2,41.0
2022-05-01,Puolanka Kotila,,0.8,42.0
2022-05-01,Puolanka Paljakka,0.5,1.3,57.0
2022-05-01,Kemi Kemi-Tornio lentoasema,0.6,,
2022-05-01,Kemi Ajos,0.4,,
2022-05-01,Tornio Kaakkuri,1.0,0.2,-1.0
2022-05-01,Ranua lentokenttä,0.6,1.2,38.0
2022-05-01,Pudasjärvi Sarakylä,,2.0,25.0
2022-05-01,Posio Raistakka,,1.5,62.0
2022-05-01,Taivalkoski Inkee,,1.0,41.0
2022-05-01,Taivalkoski kirkonkylä,1.0,0.8,26.0
2022-05-01,Kuusamo lentoasema,0.1,0.7,56.0
2022-05-01,Kuusamo Kiutaköngäs,0.9,0.4,32.0
2022-05-01,Kuusamo Rukatunturi,-1.3,,
2022-05-01,Kuusamo Teeriranta,,1.1,31.0
2022-05-01,Kuusamo Juuma,0.0,,
2022-05-01,Ylitornio Meltosjärvi,2.0,-1.0,27.0
2022-05-01,Kolari Kattilamaa,,-1.0,23.0
2022-05-01,Pello kirkonkylä,2.2,-1.0,4.0
2022-05-01,Rovaniemi rautatieasema,2.1,,
2022-05-01,Sodankylä Tähtelä,0.9,0.2,45.0
2022-05-01,Rovaniemi Apukka,1.2,0.4,10.0
2022-05-01,Pelkosenniemi kirkonkylä,,0.5,20.0
2022-05-01,Kemijärvi lentokenttä,0.0,0.5,20.0
2022-05-01,Savukoski kirkonkylä,0.5,1.6,22.0
2022-05-01,Salla Kelloselkä,,0.0,27.0
2022-05-01,Pelkosenniemi Pyhätunturi,-1.1,,
2022-05-01,Salla kirkonkylä,0.0,0.2,6.0
2022-05-01,Salla Naruska,-1.1,1.1,38.0
2022-05-01,Enontekiö Kaaresuvanto,,0.2,65.0
2022-05-01,Enontekiö lentoasema,-0.7,,
2022-05-01,Kittilä Pulju,,0.7,20.0
2022-05-01,Muonio Laukukero,-4.5,,
2022-05-01,Muonio Sammaltunturi,-3.0,,
2022-05-01,Kittilä Matorova,-0.3,,
2022-05-01,Kittilä lentoasema,0.1,,
2022-05-01,Kittilä Kenttärova,-0.4,0.9,92.0
2022-05-01,Kittilä Pakatti,0.6,0.1,28.0
2022-05-01,Kittilä Pokka,-0.4,1.4,82.0
2022-05-01,Sodankylä Lokka,0.0,1.5,23.0
2022-05-01,Sodankylä Vuotso,-0.5,1.3,39.0
2022-05-01,Inari Saariselkä matkailukeskus,-1.2,0.9,69.0
2022-05-01,Inari Saariselkä Kaunispää,-2.1,,
2022-05-01,Inari Raja-Jooseppi Kontiojärvi,,-1.0,35.0
2022-05-01,Inari Raja-Jooseppi,-0.3,,
2022-05-01,Salla Värriötunturi,-1.0,0.0,58.0
2022-05-01,Enontekiö Kilpisjärvi kyläkeskus,-2.2,3.6,79.0
2022-05-01,Enontekiö Kilpisjärvi Saana,-6.3,,
2022-05-01,Enontekiö Näkkälä,-1.3,0.5,74.0
2022-05-01,Inari Angeli Lintupuoliselkä,-0.4,3.2,41.0
2022-05-01,Inari Ivalo lentoasema,0.4,,
2022-05-01,Utsjoki Kevo,-1.8,0.1,39.0
2022-05-01,Utsjoki Nuorgam,-1.5,-1.0,25.0
2022-05-01,Inari Väylä,0.1,,
2022-05-01,Inari kirkonkylä,,0.0,32.0
2022-05-01,Inari Kaamanen,-0.1,1.0,46.0
2022-05-01,Inari Nellim,-0.8,0.7,32.0
2022-05-01,Inari Kirakkajärvi,-1.9,-1.0,54.0
2022-05-01,Mäntsälä Hirvihaara,5.2,0.1,-1.0
2022-05-01,Lahti Sopenkorpi,5.6,0.4,-1.0
2022-05-01,Siuntio Sjundby,,0.1,-1.0
2022-05-01,Sipoo Itätoukki,4.4,,
2022-05-01,Rauma Pyynpää,5.4,-1.0,-1.0
2022-05-01,Muonio Oustajärvi,-0.2,0.1,23.0
2022-05-01,Pyhtää lentokenttä,5.0,-1.0,-1.0
2022-05-01,Sotkamo Tuhkakylä,2.5,-1.0,-1.0
2022-05-01,Tervola Loue,1.7,,
2022-05-01,Kajaani Petäisenniska,2.7,0.1,29.0
2022-05-01,Utsjoki Kevo Kevojärvi,-2.2,,
2022-05-01,Inari Seitalaassa,-1.8,,
2022-05-01,Ilmajoki Seinäjoki lentoasema,4.0,,
2022-05-01,Rovaniemi lentoasema AWOS,1.1,0.7,22.0
2022-05-01,Jyväskylä lentoasema AWOS,3.9,-1.0,7.0
2022-05-01,Puumala kirkonkylä,5.4,-1.0,-1.0
2022-05-01,Helsinki Vuosaari satama,5.6,,
2022-05-01,Maarianhamina Länsisatama,6.8,,
2022-05-01,Lumparland Långnäs satama,6.9,-1.0,-1.0
2022-05-01,Kittilä Lompolonvuoma,-0.6,0.4,
2022-05-01,Kuusamo Ruka Talvijärvi,0.1,,
2022-05-01,Espoo Nuuksio,5.5,-1.0,20.0
2022-05-01,Mikkeli Lentoasema AWOS,5.0,-1.0,-1.0
2022-05-01,Espoo Tapiola,7.0,-1.0,-1.0
2022-05-02,Porvoo Kilpilahti satama,6.4,,
2022-05-02,Jomala Maarianhamina lentoasema,8.7,,
2022-05-02,Parainen Utö,6.9,-1.0,-1.0
2022-05-02,Lemland Nyhamn,6.2,,
2022-05-02,Jomala Jomalaby,9.4,-1.0,-1.0
2022-05-02,Hammarland Märket,7.1,,
2022-05-02,Kökar Bogskär,6.8,,
2022-05-02,Parainen Fagerholm,6.9,-1.0,
2022-05-02,Kumlinge kirkonkylä,8.4,,
2022-05-02,Hanko Russarö,6.2,-1.0,
2022-05-02,Kaarina Yltöinen,7.5,-1.0,-1.0
2022-05-02,Kemiönsaari Vänö,6.5,,
2022-05-02,Hanko Tulliniemi,6.1,,
2022-05-02,Turku Rajakari,7.1,,
2022-05-02,Turku Artukainen,8.3,-1.0,-1.0
2022-05-02,Kemiönsaari Kemiö,7.4,-1.0,-1.0
2022-05-02,Hanko Tvärminne,6.2,-1.0,-1.0
2022-05-02,Salo Kärkkä,7.6,-1.0,
2022-05-02,Lohja Leppäkorpi,,-1.0,-1.0
2022-05-02,Raasepori Jussarö,5.5,,
2022-05-02,Salo Kiikala lentokenttä,6.8,-1.0,-1.0
2022-05-02,Vantaa Helsinki-Vantaan lentoasema,7.1,0.0,-1.0
2022-05-02,Inkoo Bågaskär,6.4,,
2022-05-02,Helsinki Kaisaniemi,6.9,-1.0,-1.0
2022-05-02,Lohja Porla,7.4,-1.0,19.0
2022-05-02,Vihti Maasoja,6.6,,
2022-05-02,Helsinki Harmaja,5.1,,
2022-05-02,Kirkkonummi Mäkiluoto,5.6,,
2022-05-02,Helsinki Helsingin majakka,5.3,,
2022-05-02,Helsinki Kumpula,6.9,0.0,-1.0
2022-05-02,Helsinki Malmi lentokenttä,6.4,,
2022-05-02,Porvoo Kalbådagrund,5.4,,
2022-05-02,Porvoo Emäsalo,5.0,,
2022-05-02,Porvoo Harabacka,6.6,-1.0,-1.0
2022-05-02,Kotka Rankki,4.9,-1.0,-1.0
2022-05-02,Loviisa Orrengrund,5.6,,
2022-05-02,Kotka Haapasaari,5.2,,
2022-05-02,Pori lentoasema,6.6,,
2022-05-02,Uusikaupunki Itätulli,,-1.0,-1.0
2022-05-02,Kustavi Isokari,7.0,-1.0,
2022-05-02,Rauma Kylmäpihlaja,5.9,,
2022-05-02,Pori rautatieasema,6.7,-1.0,
2022-05-02,Turku lentoasema,8.0,,
2022-05-02,Kokemäki Rausenkulma,,-1.0,-1.0
2022-05-02,Huittinen Sallila,,-1.0,-1.0
2022-05-02,Oripää Teinikivi,,-1.0,-1.0
2022-05-02,Pöytyä Yläne,,0.0,-1.0
2022-05-02,Kokemäki Tulkkila,7.3,-1.0,-1.0
2022-05-02,Jokioinen Ilmala,7.1,-1.0,-1.0
2022-05-02,Nokia Tottijärvi,,-1.0,-1.0
2022-05-02,Pirkkala Tampere-Pirkkala lentoasema,6.9,,
2022-05-02,Tampere Härmälä,7.3,-1.0,-1.0
2022-05-02,Somero Salkola,6.5,-1.0,24.0
2022-05-02,Hyvinkää Hyvinkäänkylä,7.0,-1.0,-1.0
2022-05-02,Vihti Hiiskula,,-1.0,-1.0
2022-05-02,Hämeenlinna Pirttikoski,,-1.0,4.0
2022-05-02,Nurmijärvi Röykkä,6.4,-1.0,-1.0
2022-05-02,Hämeenlinna Katinen,7.4,-1.0,
2022-05-02,Hattula Lepaa,7.0,-1.0,-1.0
2022-05-02,Hämeenlinna Lammi Pappila,6.6,-1.0,-1.0
2022-05-02,Asikkala Pulkkilanharju,7.3,,
2022-05-02,Kouvola Utti lentoasema,6.3,0.2,-1.0
2022-05-02,Kouvola Anjala,6.5,-1.0,-1.0
2022-05-02,Heinola Asemantaus,7.3,0.1,-1.0
2022-05-02,Kouvola Voikoski,,0.1,0.0
2022-05-02,Virolahti Koivuniemi,4.7,0.0,-1.0
2022-05-02,Lappeenranta lentoasema,6.0,,
2022-05-02,Lappeenranta Konnunsuo,5.9,,
2022-05-02,Lappeenranta Lepola,6.7,-1.0,-1.0
2022-05-02,Ruokolahti Kotaniemi,,-1.0,-1.0
2022-05-02,Lappeenranta Hiekkapakka,3.5,,
2022-05-02,Parikkala Koitsanlahti,6.5,-1.0,-1.0
2022-05-02,Kaskinen Sälgrund,5.4,-1.0,
2022-05-02,Merikarvia Tuorila,,-1.0,-1.0
2022-05-02,Isojoki Kärjenkoski,,-1.0,-1.0
2022-05-02,Teuva Kauppilankylä,,0.0,-1.0
2022-05-02,Pori Tahkoluoto satama,5.3,,
2022-05-02,Kristiinankaupunki Majakka,4.6,,
2022-05-02,Karvia Alkkia,5.2,-1.0,-1.0
2022-05-02,Kurikka Hirvijärvi,,-1.0,-1.0
2022-05-02,Kauhajoki Kuja-Kokko,5.7,-1.0,-1.0
2022-05-02,Kankaanpää Niinisalo lentokenttä,5.5,-1.0,-1.0
2022-05-02,Alavus Sulkavankylä,,0.0,0.0
2022-05-02,Virrat Äijänneva,5.7,,
2022-05-02,Jämsä Halli lentoasema,6.6,-1.0,-1.0
2022-05-02,Juupajoki Hyytiälä,6.2,-1.0,29.0
2022-05-02,Sysmä Joutsjärvi,,-1.0,-1.0
2022-05-02,Jyväskylä Muuratjärvi,,0.0,-1.0
2022-05-02,Luhanka Judinsalo,5.0,,
2022-05-02,Multia Pirttiperä,,0.1,16.0
2022-05-02,Joutsa Savenaho,5.7,0.1,13.0
2022-05-02,Kangasniemi kirkonkylä,,0.1,15.0
2022-05-02,Joutsa Pärnämäki,,0.0,10.0
2022-05-02,Mikkeli Pitkähiekka,,0.0,0.0
2022-05-02,Juva Partala,6.5,,
2022-05-02,Varkaus Kosulanniemi,6.3,0.1,-1.0
2022-05-02,Savonlinna Laukansaari,,0.1,-1.0
2022-05-02,Sulkava Halttula,,-1.0,-1.0
2022-05-02,Savonlinna lentoasema,6.0,,
2022-05-02,Rantasalmi Rukkasluoto,5.1,,
2022-05-02,Savonlinna Punkaharju Laukansaari,6.0,0.1,-1.0
2022-05-02,Enonkoski Simanala,,0.3,0.0
2022-05-02,Savonlinna Savonranta,,1.1,-1.0
2022-05-02,Rääkkylä kirkonkylä,,2.0,-1.0
2022-05-02,Tohmajärvi Kemie,5.5,1.4,-1.0
2022-05-02,Joensuu Huhtilampi,,3.3,5.0
2022-05-02,Vaasa lentoasema,6.8,,
2022-05-02,Mustasaari Valassaaret,5.5,,
2022-05-02,Närpiö Ylimarkku,,-1.0,-1.0
2022-05-02,Mustasaari Riimala,,0.0,-1.0
2022-05-02,Kurikka Pyörni,,-1.0,-1.0
2022-05-02,Maalahti Strömmingsbådan,4.8,,
2022-05-02,Vaasa Klemettilä,6.7,-1.0,-1.0
2022-05-02,Seinäjoki Pelmaa,6.4,-1.0,-1.0
2022-05-02,Kauhava lentokenttä,5.7,-1.0,-1.0
2022-05-02,Ähtäri Inha,5.4,-1.0,-1.0
2022-05-02,Halsua Purola,4.5,3.9,7.0
2022-05-02,Alajärvi Möksy,5.0,0.9,13.0
2022-05-02,Multia Karhila,5.1,0.1,42.0
2022-05-02,Viitasaari Haapaniemi,5.7,0.6,-1.0
2022-05-02,Äänekoski Kalaniemi,,0.0,0.0
2022-05-02,Vesanto kirkonkylä,4.7,0.5,-1.0
2022-05-02,Pielavesi Venetmäki,,1.0,25.0
2022-05-02,Siilinjärvi Kuopio lentoasema,5.8,,
2022-05-02,Kuopio Maaninka,4.6,0.5,10.0
2022-05-02,Lapinlahti Lamminkäyrä,,0.8,14.0
2022-05-02,Suonenjoki Iisvesi,,-1.0,0.0
2022-05-02,Kuopio Karttula,,-1.0,-1.0
2022-05-02,Kuopio Ritoniemi,4.3,,
2022-05-02,Kuopio Savilahti,6.3,-1.0,-1.0
2022-05-02,Heinävesi Palokki,,0.0,0.0
2022-05-02,Outokumpu Viuruniemi,,0.2,20.0
2022-05-02,Rautavaara Ala-Luosta,,1.5,6.0
2022-05-02,Rautavaara Ylä-Luosta,2.7,2.8,29.0
2022-05-02,Liperi Joensuu lentoasema,4.7,,
2022-05-02,Juuka Niemelä,3.9,3.2,23.0
2022-05-02,Joensuu Pyhäselkä,,1.6,-1.0
2022-05-02,Lieksa Koli,,3.8,25.0
2022-05-02,Liperi Tuiskavanluoto,2.7,,
2022-05-02,Joensuu Linnunlahti,4.0,1.3,-1.0
2022-05-02,Lieksa Lampela,3.0,3.7,-1.0
2022-05-02,Ilomantsi Naarva,,3.1,25.0
2022-05-02,Ilomantsi Pötsönvaara,2.2,4.7,29.0
2022-05-02,Ilomantsi Mekrijärvi,3.1,1.2,12.0
2022-05-02,Pietarsaari Kallan,3.9,,
2022-05-02,Kokkola Tankar,4.7,,
2022-05-02,Kruunupyy Kokkola-Pietarsaari lentoasema,6.0,,
2022-05-02,Kaustinen Tastula,,3.1,-1.0
2022-05-02,Kalajoki Ulkokalla,2.2,,
2022-05-02,Kokkola Santahaka,6.4,-1.0,-1.0
2022-05-02,Toholampi Oravala,,1.5,8.0
2022-05-02,Kalajoki Pitkäsenkylä,,0.6,-1.0
2022-05-02,Kalajoki Mehtäkylä,,2.6,-1.0
2022-05-02,Toholampi Laitala,4.9,1.1,-1.0
2022-05-02,Ylivieska lentokenttä,5.0,4.0,-1.0
2022-05-02,Ylivieska Vähäkangas,,3.8,-1.0
2022-05-02,Haapavesi Mustikkamäki,3.4,3.7,8.0
2022-05-02,Pyhäjärvi Ojakylä,4.0,3.9,17.0
2022-05-02,Pyhäjärvi Hiidenniemi,,2.8,0.0
2022-05-02,Kiuruvesi Korpijoki,,5.4,10.0
2022-05-02,Siikalatva Kestilä,,4.2,9.0
2022-05-02,Kajaani lentoasema,3.4,,
2022-05-02,Vieremä Kaarakkala,2.7,3.2,23.0
2022-05-02,Kajaani Paltaniemi,,3.3,12.0
2022-05-02,Nurmes Valtimo,3.5,3.2,-1.0
2022-05-02,Ristijärvi Mustavaara,,4.8,38.0
2022-05-02,Sotkamo Kuolaniemi,2.6,2.4,-1.0
2022-05-02,Nurmes Mujejärvi,,4.0,40.0
2022-05-02,Kuhmo Apaja,,2.2,2.0
2022-05-02,Kuhmo Kalliojoki,2.0,5.4,24.0
2022-05-02,Raahe Nahkiainen,2.2,,
2022-05-02,Hailuoto Keskikylä,3.1,2.1,-1.0
2022-05-02,Kemi I majakka,2.6,,
2022-05-02,Hailuoto Marjaniemi,1.6,,
2022-05-02,Raahe Lapaluoto satama,2.7,,
2022-05-02,Oulu lentoasema,4.0,,
2022-05-02,Siikajoki Ruukki,4.1,3.2,-1.0
2022-05-02,Oulu Vihreäsaari satama,3.4,,
2022-05-02,Oulu Oulunsalo Pellonpää,3.7,2.9,20.0
2022-05-02,Vaala Pelso,3.3,2.4,-1.0
2022-05-02,Pudasjärvi lentokenttä,2.4,5.6,33.0
2022-05-02,Utajärvi Särkijärvi,,1.0,19.0
2022-05-02,Pudasjärvi Jaurakkajärvi,,4.3,32.0
2022-05-02,Suomussalmi Näljänkä,,5.6,26.0
2022-05-02,Suomussalmi Pesiö,1.4,5.5,39.0
2022-05-02,Puolanka Kotila,,4.3,42.0
2022-05-02,Puolanka Paljakka,0.9,6.4,57.0
2022-05-02,Kemi Kemi-Tornio lentoasema,2.6,,
2022-05-02,Kemi Ajos,1.5,,
2022-05-02,Tornio Kaakkuri,3.2,0.5,-1.0
2022-05-02,Ranua lentokenttä,0.5,6.9,37.0
2022-05-02,Pudasjärvi Sarakylä,,6.7,26.0
2022-05-02,Posio Raistakka,,11.5,63.0
2022-05-02,Taivalkoski Inkee,,7.6,41.0
2022-05-02,Taivalkoski kirkonkylä,1.3,7.1,26.0
2022-05-02,Kuusamo lentoasema,0.4,5.4,56.0
2022-05-02,Kuusamo Kiutaköngäs,1.4,5.5,31.0
2022-05-02,Kuusamo Rukatunturi,-1.3,,
2022-05-02,Kuusamo Teeriranta,,3.2,32.0
2022-05-02,Kuusamo Juuma,0.4,,
2022-05-02,Ylitornio Meltosjärvi,2.1,3.2,25.0
2022-05-02,Kolari Kattilamaa,,2.6,25.0
2022-05-02,Pello kirkonkylä,2.6,4.4,3.0
2022-05-02,Rovaniemi rautatieasema,2.8,,
2022-05-02,Sodankylä Tähtelä,1.0,9.0,45.0
2022-05-02,Rovaniemi Apukka,2.0,4.2,9.0
2022-05-02,Pelkosenniemi kirkonkylä,,5.4,12.0
2022-05-02,Kemijärvi lentokenttä,0.8,3.3,19.0
2022-05-02,Savukoski kirkonkylä,0.7,10.7,22.0
2022-05-02,Salla Kelloselkä,,11.0,26.0
2022-05-02,Pelkosenniemi Pyhätunturi,-1.3,,
2022-05-02,Salla kirkonkylä,1.0,11.3,5.0
2022-05-02,Salla Naruska,0.5,13.0,37.0
2022-05-02,Enontekiö Kaaresuvanto,,5.0,60.0
2022-05-02,Enontekiö lentoasema,-0.5,,
2022-05-02,Kittilä Pulju,,9.1,20.0
2022-05-02,Muonio Laukukero,-3.3,,
2022-05-02,Muonio Sammaltunturi,-2.2,,
2022-05-02,Kittilä Matorova,-0.1,,
2022-05-02,Kittilä lentoasema,1.2,,
2022-05-02,Kittilä Kenttärova,0.0,5.8,93.0
2022-05-02,Kittilä Pakatti,1.4,4.4,28.0
2022-05-02,Kittilä Pokka,-0.1,7.2,82.0
2022-05-02,Sodankylä Lokka,0.4,7.6,23.0
2022-05-02,Sodankylä Vuotso,0.0,9.7,40.0
2022-05-02,Inari Saariselkä matkailukeskus,-0.7,17.7,69.0
2022-05-02,Inari Saariselkä Kaunispää,-1.9,,
2022-05-02,Inari Raja-Jooseppi Kontiojärvi,,10.1,35.0
2022-05-02,Inari Raja-Jooseppi,-0.6,,
2022-05-02,Salla Värriötunturi,-0.4,11.5,58.0
2022-05-02,Enontekiö Kilpisjärvi kyläkeskus,-2.1,7.4,87.0
2022-05-02,Enontekiö Kilpisjärvi Saana,-6.3,,
2022-05-02,Enontekiö Näkkälä,-1.4,5.8,73.0
2022-05-02,Inari Angeli Lintupuoliselkä,-1.5,5.4,44.0
2022-05-02,Inari Ivalo lentoasema,-0.3,,
2022-05-02,Utsjoki Kevo,-2.3,1.8,38.0
2022-05-02,Utsjoki Nuorgam,-1.3,0.3,25.0
2022-05-02,Inari Väylä,-1.3,,
2022-05-02,Inari kirkonkylä,,9.8,30.0
2022-05-02,Inari Kaamanen,-1.5,5.2,47.0
2022-05-02,Inari Nellim,0.0,8.2,32.0
2022-05-02,Inari Kirakkajärvi,-1.7,6.0,54.0
2022-05-02,Mäntsälä Hirvihaara,6.6,-1.0,-1.0
2022-05-02,Lahti Sopenkorpi,7.1,0.3,-1.0
2022-05-02,Siuntio Sjundby,,-1.0,-1.0
2022-05-02,Sipoo Itätoukki,5.0,,
2022-05-02,Rauma Pyynpää,7.2,-1.0,-1.0
2022-05-02,Muonio Oustajärvi,0.9,2.9,20.0
2022-05-02,Pyhtää lentokenttä,5.3,-1.0,-1.0
2022-05-02,Sotkamo Tuhkakylä,2.5,4.1,-1.0
2022-05-02,Tervola Loue,3.2,,
2022-05-02,Kajaani Petäisenniska,3.1,4.0,26.0
2022-05-02,Utsjoki Kevo Kevojärvi,-2.3,,
2022-05-02,Inari Seitalaassa,-1.3,,
2022-05-02,Ilmajoki Seinäjoki lentoasema,6.0,,
2022-05-02,Rovaniemi lentoasema AWOS,1.5,4.0,21.0
2022-05-02,Jyväskylä lentoasema AWOS,5.8,0.5,-1.0
2022-05-02,Puumala kirkonkylä,6.3,0.1,-1.0
2022-05-02,Helsinki Vuosaari satama,6.0,,
2022-05-02,Maarianhamina Länsisatama,7.5,,
2022-05-02,Lumparland Långnäs satama,9.3,-1.0,-1.0
2022-05-02,Kittilä Lompolonvuoma,0.3,4.3,
2022-05-02,Kuusamo Ruka Talvijärvi,0.4,,
2022-05-02,Espoo Nuuksio,6.4,-1.0,17.0
2022-05-02,Mikkeli Lentoasema AWOS,6.7,-1.0,-1.0
2022-05-02,Espoo Tapiola,7.1,-1.0,-1.0
2022-05-03,Porvoo Kilpilahti satama,5.9,,
2022-05-03,Jomala Maarianhamina lentoasema,5.3,,
2022-05-03,Parainen Utö,5.1,-1.0,-1.0
2022-05-03,Lemland Nyhamn,5.0,,
2022-05-03,Jomala Jomalaby,4.8,-1.0,-1.0
2022-05-03,Hammarland Märket,4.0,,
2022-05-03,Kökar Bogskär,4.5,,
2022-05-03,Parainen Fagerholm,4.7,-1.0,
2022-05-03,Kumlinge kirkonkylä,4.5,,
2022-05-03,Hanko Russarö,5.4,-1.0,
2022-05-03,Kaarina Yltöinen,4.4,-1.0,-1.0
2022-05-03,Kemiönsaari Vänö,5.0,,
2022-05-03,Hanko Tulliniemi,5.2,,
2022-05-03,Turku Rajakari,4.4,,
2022-05-03,Turku Artukainen,4.3,-1.0,-1.0
2022-05-03,Kemiönsaari Kemiö,4.4,-1.0,-1.0
2022-05-03,Hanko Tvärminne,5.3,-1.0,-1.0
2022-05-03,Salo Kärkkä,4.8,-1.0,
2022-05-03,Lohja Leppäkorpi,,0.0,-1.0
2022-05-03,Raasepori Jussarö,5.5,,
2022-05-03,Salo Kiikala lentokenttä,3.2,-1.0,-1.0
2022-05-03,Vantaa Helsinki-Vantaan lentoasema,4.5,0.0,-1.0
2022-05-03,Inkoo Bågaskär,5.2,,
2022-05-03,Helsinki Kaisaniemi,5.5,-1.0,-1.0
2022-05-03,Lohja Porla,4.8,-1.0,11.0
2022-05-03,Vihti Maasoja,4.1,,
2022-05-03,Helsinki Harmaja,5.0,,
2022-05-03,Kirkkonummi Mäkiluoto,5.6,,
2022-05-03,Helsinki Helsingin majakka,4.8,,
2022-05-03,Helsinki Kumpula,5.2,-1.0,-1.0
2022-05-03,Helsinki Malmi lentokenttä,5.0,,
2022-05-03,Porvoo Kalbådagrund,4.5,,
2022-05-03,Porvoo Emäsalo,5.3,,
2022-05-03,Porvoo Harabacka,5.0,-1.0,-1.0
2022-05-03,Kotka Rankki,5.1,-1.0,-1.0
2022-05-03,Loviisa Orrengrund,5.0,,
2022-05-03,Kotka Haapasaari,4.7,,
2022-05-03,Pori lentoasema,4.0,,
2022-05-03,Uusikaupunki Itätulli,,-1.0,-1.0
2022-05-03,Kustavi Isokari,4.2,-1.0,
2022-05-03,Rauma Kylmäpihlaja,3.9,,
2022-05-03,Pori rautatieasema,4.1,-1.0,
2022-05-03,Turku lentoasema,3.7,,
2022-05-03,Kokemäki Rausenkulma,,-1.0,-1.0
2022-05-03,Huittinen Sallila,,-1.0,-1.0
2022-05-03,Oripää Teinikivi,,-1.0,-1.0
2022-05-03,Pöytyä Yläne,,0.0,-1.0
2022-05-03,Kokemäki Tulkkila,3.8,-1.0,-1.0
2022-05-03,Jokioinen Ilmala,3.2,0.1,-1.0
2022-05-03,Nokia Tottijärvi,,-1.0,-1.0
2022-05-03,Pirkkala Tampere-Pirkkala lentoasema,3.3,,
2022-05-03,Tampere Härmälä,3.3,-1.0,-1.0
2022-05-03,Somero Salkola,2.8,-1.0,20.0
2022-05-03,Hyvinkää Hyvinkäänkylä,4.2,-1.0,-1.0
2022-05-03,Vihti Hiiskula,,-1.0,-1.0
2022-05-03,Hämeenlinna Pirttikoski,,-1.0,4.0
2022-05-03,Nurmijärvi Röykkä,3.2,-1.0,-1.0
2022-05-03,Hämeenlinna Katinen,3.6,-1.0,
2022-05-03,Hattula Lepaa,3.2,-1.0,-1.0
2022-05-03,Hämeenlinna Lammi Pappila,2.9,-1.0,-1.0
2022-05-03,Asikkala Pulkkilanharju,2.4,,
2022-05-03,Kouvola Utti lentoasema,3.7,-1.0,-1.0
2022-05-03,Kouvola Anjala,4.5,-1.0,-1.0
2022-05-03,Heinola Asemantaus,3.5,-1.0,-1.0
2022-05-03,Kouvola Voikoski,,-1.0,-1.0
2022-05-03,Virolahti Koivuniemi,5.2,0.0,-1.0
2022-05-03,Lappeenranta lentoasema,3.4,,
2022-05-03,Lappeenranta Konnunsuo,3.4,,
2022-05-03,Lappeenranta Lepola,3.5,-1.0,-1.0
2022-05-03,Ruokolahti Kotaniemi,,0.0,-1.0
2022-05-03,Lappeenranta Hiekkapakka,1.8,,
2022-05-03,Parikkala Koitsanlahti,2.9,-1.0,-1.0
2022-05-03,Kaskinen Sälgrund,4.1,-1.0,
2022-05-03,Merikarvia Tuorila,,-1.0,-1.0
2022-05-03,Isojoki Kärjenkoski,,-1.0,-1.0
2022-05-03,Teuva Kauppilankylä,,0.0,-1.0
2022-05-03,Pori Tahkoluoto satama,3.7,,
2022-05-03,Kristiinankaupunki Majakka,3.1,,
2022-05-03,Karvia Alkkia,1.7,-1.0,-1.0
2022-05-03,Kurikka Hirvijärvi,,0.0,-1.0
2022-05-03,Kauhajoki Kuja-Kokko,2.5,-1.0,-1.0
2022-05-03,Kankaanpää Niinisalo lentokenttä,2.6,-1.0,-1.0
2022-05-03,Alavus Sulkavankylä,,0.0,0.0
2022-05-03,Virrat Äijänneva,1.6,,
2022-05-03,Jämsä Halli lentoasema,1.8,-1.0,-1.0
2022-05-03,Juupajoki Hyytiälä,1.7,-1.0,26.0
2022-05-03,Sysmä Joutsjärvi,,-1.0,-1.0
2022-05-03,Jyväskylä Muuratjärvi,,0.0,-1.0
2022-05-03,Luhanka Judinsalo,2.2,,
2022-05-03,Multia Pirttiperä,,-1.0,11.0
2022-05-03,Joutsa Savenaho,1.6,-1.0,9.0
2022-05-03,Kangasniemi kirkonkylä,,-1.0,10.0
2022-05-03,Joutsa Pärnämäki,,-1.0,5.0
2022-05-03,Mikkeli Pitkähiekka,,0.0,0.0
2022-05-03,Juva Partala,1.8,,
2022-05-03,Varkaus Kosulanniemi,1.6,-1.0,-1.0
2022-05-03,Savonlinna Laukansaari,,0.0,-1.0
2022-05-03,Sulkava Halttula,,-1.0,-1.0
2022-05-03,Savonlinna lentoasema,2.0,,
2022-05-03,Rantasalmi Rukkasluoto,1.5,,
2022-05-03,Savonlinna Punkaharju Laukansaari,2.4,-1.0,-1.0
2022-05-03,Enonkoski Simanala,,-1.0,0.0
2022-05-03,Savonlinna Savonranta,,0.3,-1.0
2022-05-03,Rääkkylä kirkonkylä,,0.2,-1.0
2022-05-03,Tohmajärvi Kemie,1.8,0.5,-1.0
2022-05-03,Joensuu Huhtilampi,,1.1,0.0
2022-05-03,Vaasa lentoasema,3.3,,
2022-05-03,Mustasaari Valassaaret,3.3,,
2022-05-03,Närpiö Ylimarkku,,-1.0,-1.0
2022-05-03,Mustasaari Riimala,,-1.0,-1.0
2022-05-03,Kurikka Pyörni,,-1.0,-1.0
2022-05-03,Maalahti Strömmingsbådan,3.6,,
2022-05-03,Vaasa Klemettilä,3.6,-1.0,-1.0
2022-05-03,Seinäjoki Pelmaa,2.5,-1.0,-1.0
2022-05-03,Kauhava lentokenttä,2.5,-1.0,-1.0
2022-05-03,Ähtäri Inha,1.2,-1.0,-1.0
2022-05-03,Halsua Purola,-0.2,-1.0,5.0
2022-05-03,Alajärvi Möksy,0.3,-1.0,9.0
2022-05-03,Multia Karhila,0.6,-1.0,38.0
2022-05-03,Viitasaari Haapaniemi,0.9,-1.0,-1.0
2022-05-03,Äänekoski Kalaniemi,,-1.0,-1.0
2022-05-03,Vesanto kirkonkylä,0.4,-1.0,-1.0
2022-05-03,Pielavesi Venetmäki,,0.0,25.0
2022-05-03,Siilinjärvi Kuopio lentoasema,1.1,,
2022-05-03,Kuopio Maaninka,0.7,-1.0,4.0
2022-05-03,Lapinlahti Lamminkäyrä,,0.0,9.0
2022-05-03,Suonenjoki Iisvesi,,-1.0,0.0
2022-05-03,Kuopio Karttula,,-1.0,-1.0
2022-05-03,Kuopio Ritoniemi,1.0,,
2022-05-03,Kuopio Savilahti,1.2,-1.0,-1.0
2022-05-03,Heinävesi Palokki,,0.1,0.0
2022-05-03,Outokumpu Viuruniemi,,0.3,19.0
2022-05-03,Rautavaara Ala-Luosta,,0.2,4.0
2022-05-03,Rautavaara Ylä-Luosta,-0.3,2.4,27.0
2022-05-03,Liperi Joensuu lentoasema,0.9,,
2022-05-03,Juuka Niemelä,0.8,0.7,16.0
2022-05-03,Joensuu Pyhäselkä,,0.4,-1.0
2022-05-03,Lieksa Koli,,1.6,20.0
2022-05-03,Liperi Tuiskavanluoto,1.0,,
2022-05-03,Joensuu Linnunlahti,1.3,0.4,-1.0
2022-05-03,Lieksa Lampela,0.7,0.8,-1.0
2022-05-03,Ilomantsi Naarva,,,23.0
2022-05-03,Ilomantsi Pötsönvaara,-0.4,2.9,27.0
2022-05-03,Ilomantsi Mekrijärvi,0.3,1.1,6.0
2022-05-03,Pietarsaari Kallan,1.6,,
2022-05-03,Kokkola Tankar,1.3,,
2022-05-03,Kruunupyy Kokkola-Pietarsaari lentoasema,1.3,,
2022-05-03,Kaustinen Tastula,,-1.0,2.0
2022-05-03,Kalajoki Ulkokalla,0.3,,
2022-05-03,Kokkola Santahaka,1.3,-1.0,-1.0
2022-05-03,Toholampi Oravala,,-1.0,7.0
2022-05-03,Kalajoki Pitkäsenkylä,,0.0,6.0
2022-05-03,Kalajoki Mehtäkylä,,-1.0,1.0
2022-05-03,Toholampi Laitala,0.2,0.1,-1.0
2022-05-03,Ylivieska lentokenttä,0.2,-1.0,4.0
2022-05-03,Ylivieska Vähäkangas,,0.2,3.0
2022-05-03,Haapavesi Mustikkamäki,0.2,0.2,8.0
2022-05-03,Pyhäjärvi Ojakylä,-0.2,-1.0,12.0
2022-05-03,Pyhäjärvi Hiidenniemi,,0.0,1.0
2022-05-03,Kiuruvesi Korpijoki,,0.2,3.0
2022-05-03,Siikalatva Kestilä,,-1.0,10.0
2022-05-03,Kajaani lentoasema,-0.1,,
2022-05-03,Vieremä Kaarakkala,-1.0,0.2,25.0
2022-05-03,Kajaani Paltaniemi,,0.8,10.0
2022-05-03,Nurmes Valtimo,0.3,1.2,2.0
2022-05-03,Ristijärvi Mustavaara,,2.6,36.0
2022-05-03,Sotkamo Kuolaniemi,-0.1,1.0,-1.0
2022-05-03,Nurmes Mujejärvi,,2.4,40.0
2022-05-03,Kuhmo Apaja,,1.2,0.0
2022-05-03,Kuhmo Kalliojoki,-0.2,1.3,20.0
2022-05-03,Raahe Nahkiainen,0.1,,
2022-05-03,Hailuoto Keskikylä,1.1,-1.0,-1.0
2022-05-03,Kemi I majakka,0.6,,
2022-05-03,Hailuoto Marjaniemi,0.1,,
2022-05-03,Raahe Lapaluoto satama,0.5,,
2022-05-03,Oulu lentoasema,1.0,,
2022-05-03,Siikajoki Ruukki,0.6,-1.0,-1.0
2022-05-03,Oulu Vihreäsaari satama,0.5,,
2022-05-03,Oulu Oulunsalo Pellonpää,1.0,-1.0,19.0
2022-05-03,Vaala Pelso,0.4,0.1,-1.0
2022-05-03,Pudasjärvi lentokenttä,-0.3,-1.0,28.0
2022-05-03,Utajärvi Särkijärvi,,0.9,15.0
2022-05-03,Pudasjärvi Jaurakkajärvi,,2.5,35.0
2022-05-03,Suomussalmi Näljänkä,,0.5,25.0
2022-05-03,Suomussalmi Pesiö,-0.7,1.9,38.0
2022-05-03,Puolanka Kotila,,2.8,41.0
2022-05-03,Puolanka Paljakka,-2.1,2.2,58.0
2022-05-03,Kemi Kemi-Tornio lentoasema,1.0,,
2022-05-03,Kemi Ajos,0.7,,
2022-05-03,Tornio Kaakkuri,1.1,-1.0,-1.0
2022-05-03,Ranua lentokenttä,-0.7,-1.0,39.0
2022-05-03,Pudasjärvi Sarakylä,,0.5,25.0
2022-05-03,Posio Raistakka,,1.5,65.0
2022-05-03,Taivalkoski Inkee,,0.5,42.0
2022-05-03,Taivalkoski kirkonkylä,-1.1,0.2,24.0
2022-05-03,Kuusamo lentoasema,-1.4,0.7,56.0
2022-05-03,Kuusamo Kiutaköngäs,-0.4,1.3,31.0
2022-05-03,Kuusamo Rukatunturi,-3.5,,
2022-05-03,Kuusamo Teeriranta,,0.6,32.0
2022-05-03,Kuusamo Juuma,-1.9,,
2022-05-03,Ylitornio Meltosjärvi,-0.3,-1.0,24.0
2022-05-03,Kolari Kattilamaa,,-1.0,24.0
2022-05-03,Pello kirkonkylä,-0.5,-1.0,4.0
2022-05-03,Rovaniemi rautatieasema,0.1,,
2022-05-03,Sodankylä Tähtelä,-1.9,-1.0,46.0
2022-05-03,Rovaniemi Apukka,-0.5,-1.0,10.0
2022-05-03,Pelkosenniemi kirkonkylä,,-1.0,14.0
2022-05-03,Kemijärvi lentokenttä,-1.3,-1.0,18.0
2022-05-03,Savukoski kirkonkylä,-1.1,0.3,20.0
2022-05-03,Salla Kelloselkä,,1.3,35.0
2022-05-03,Pelkosenniemi Pyhätunturi,-4.1,,
2022-05-03,Salla kirkonkylä,-1.5,0.3,15.0
2022-05-03,Salla Naruska,-1.1,0.2,47.0
2022-05-03,Enontekiö Kaaresuvanto,,-1.0,60.0
2022-05-03,Enontekiö lentoasema,-3.7,,
2022-05-03,Kittilä Pulju,,-1.0,20.0
2022-05-03,Muonio Laukukero,-8.0,,
2022-05-03,Muonio Sammaltunturi,-5.9,,
2022-05-03,Kittilä Matorova,-3.5,,
2022-05-03,Kittilä lentoasema,-2.4,,
2022-05-03,Kittilä Kenttärova,-3.4,-1.0,95.0
2022-05-03,Kittilä Pakatti,-2.0,-1.0,26.0
2022-05-03,Kittilä Pokka,-3.1,-1.0,86.0
2022-05-03,Sodankylä Lokka,-3.2,-1.0,23.0
2022-05-03,Sodankylä Vuotso,-3.0,0.1,48.0
2022-05-03,Inari Saariselkä matkailukeskus,-4.4,2.5,80.0
2022-05-03,Inari Saariselkä Kaunispää,-5.6,,
2022-05-03,Inari Raja-Jooseppi Kontiojärvi,,1.9,42.0
2022-05-03,Inari Raja-Jooseppi,-3.2,,
2022-05-03,Salla Värriötunturi,-3.4,0.0,60.0
2022-05-03,Enontekiö Kilpisjärvi kyläkeskus,-4.7,0.2,94.0
2022-05-03,Enontekiö Kilpisjärvi Saana,-9.4,,
2022-05-03,Enontekiö Näkkälä,-5.0,-1.0,75.0
2022-05-03,Inari Angeli Lintupuoliselkä,-4.2,-1.0,46.0
2022-05-03,Inari Ivalo lentoasema,-2.9,,
2022-05-03,Utsjoki Kevo,-2.6,-1.0,42.0
2022-05-03,Utsjoki Nuorgam,-2.2,0.4,25.0
2022-05-03,Inari Väylä,-2.8,,
2022-05-03,Inari kirkonkylä,,1.0,40.0
2022-05-03,Inari Kaamanen,-2.8,0.1,53.0
2022-05-03,Inari Nellim,-3.2,1.2,36.0
2022-05-03,Inari Kirakkajärvi,-2.4,0.6,61.0
2022-05-03,Mäntsälä Hirvihaara,3.2,-1.0,-1.0
2022-05-03,Lahti Sopenkorpi,3.5,-1.0,-1.0
2022-05-03,Siuntio Sjundby,,-1.0,-1.0
2022-05-03,Sipoo Itätoukki,4.6,,
2022-05-03,Rauma Pyynpää,4.1,-1.0,-1.0
2022-05-03,Muonio Oustajärvi,-2.1,-1.0,17.0
2022-05-03,Pyhtää lentokenttä,5.1,-1.0,-1.0
2022-05-03,Sotkamo Tuhkakylä,-0.6,2.2,-1.0
2022-05-03,Tervola Loue,0.4,,
2022-05-03,Kajaani Petäisenniska,0.0,0.3,22.0
2022-05-03,Utsjoki Kevo Kevojärvi,-2.8,,
2022-05-03,Inari Seitalaassa,-3.8,,
2022-05-03,Ilmajoki Seinäjoki lentoasema,2.3,,
2022-05-03,Rovaniemi lentoasema AWOS,-1.1,-1.0,20.0
2022-05-03,Jyväskylä lentoasema AWOS,1.2,-1.0,-1.0
2022-05-03,Puumala kirkonkylä,2.5,-1.0,-1.0
2022-05-03,Helsinki Vuosaari satama,5.7,,
2022-05-03,Maarianhamina Länsisatama,5.3,,
2022-05-03,Lumparland Långnäs satama,5.2,-1.0,-1.0
2022-05-03,Kittilä Lompolonvuoma,-3.1,-1.0,
2022-05-03,Kuusamo Ruka Talvijärvi,-1.8,,
2022-05-03,Espoo Nuuksio,3.2,0.1,12.0
2022-05-03,Mikkeli Lentoasema AWOS,2.2,-1.0,-1.0
2022-05-03,Espoo Tapiola,5.2,-1.0,-1.0
2022-05-04,Porvoo Kilpilahti satama,4.9,,
2022-05-04,Jomala Maarianhamina lentoasema,4.2,,
2022-05-04,Parainen Utö,5.7,0.7,-1.0
2022-05-04,Lemland Nyhamn,4.7,,
2022-05-04,Jomala Jomalaby,5.2,-1.0,-1.0
2022-05-04,Hammarland Märket,4.4,,
2022-05-04,Kökar Bogskär,4.6,,
2022-05-04,Parainen Fagerholm,5.2,-1.0,
2022-05-04,Kumlinge kirkonkylä,5.6,,
2022-05-04,Hanko Russarö,5.6,-1.0,
2022-05-04,Kaarina Yltöinen,4.3,-1.0,-1.0
2022-05-04,Kemiönsaari Vänö,5.4,,
2022-05-04,Hanko Tulliniemi,5.0,,
2022-05-04,Turku Rajakari,4.9,,
2022-05-04,Turku Artukainen,4.8,0.2,-1.0
2022-05-04,Kemiönsaari Kemiö,4.8,-1.0,-1.0
2022-05-04,Hanko Tvärminne,5.1,-1.0,-1.0
2022-05-04,Salo Kärkkä,4.4,-1.0,
2022-05-04,Lohja Leppäkorpi,,0.0,-1.0
2022-05-04,Raasepori Jussarö,4.7,,
2022-05-04,Salo Kiikala lentokenttä,3.5,-1.0,-1.0
2022-05-04,Vantaa Helsinki-Vantaan lentoasema,4.6,-1.0,-1.0
2022-05-04,Inkoo Bågaskär,4.9,,
2022-05-04,Helsinki Kaisaniemi,5.4,-1.0,-1.0
2022-05-04,Lohja Porla,4.7,-1.0,8.0
2022-05-04,Vihti Maasoja,4.1,,
2022-05-04,Helsinki Harmaja,4.2,,
2022-05-04,Kirkkonummi Mäkiluoto,4.6,,
2022-05-04,Helsinki Helsingin majakka,3.5,,
2022-05-04,Helsinki Kumpula,5.3,-1.0,-1.0
2022-05-04,Helsinki Malmi lentokenttä,5.0,,
2022-05-04,Porvoo Kalbådagrund,3.4,,
2022-05-04,Porvoo Emäsalo,3.9,,
2022-05-04,Porvoo Harabacka,4.8,-1.0,-1.0
2022-05-04,Kotka Rankki,3.5,-1.0,-1.0
2022-05-04,Loviisa Orrengrund,4.2,,
2022-05-04,Kotka Haapasaari,3.4,,
2022-05-04,Pori lentoasema,4.0,,
2022-05-04,Uusikaupunki Itätulli,,-1.0,-1.0
2022-05-04,Kustavi Isokari,4.6,-1.0,
2022-05-04,Rauma Kylmäpihlaja,4.5,,
2022-05-04,Pori rautatieasema,4.0,-1.0,
2022-05-04,Turku lentoasema,4.7,,
2022-05-04,Kokemäki Rausenkulma,,-1.0,-1.0
2022-05-04,Huittinen Sallila,,-1.0,-1.0
2022-05-04,Oripää Teinikivi,,-1.0,-1.0
2022-05-04,Pöytyä Yläne,,-1.0,-1.0
2022-05-04,Kokemäki Tulkkila,3.7,-1.0,-1.0
2022-05-04,Jokioinen Ilmala,4.1,-1.0,-1.0
2022-05-04,Nokia Tottijärvi,,-1.0,-1.0
2022-05-04,Pirkkala Tampere-Pirkkala lentoasema,2.9,,
2022-05-04,Tampere Härmälä,3.4,-1.0,-1.0
2022-05-04,Somero Salkola,3.5,-1.0,19.0
2022-05-04,Hyvinkää Hyvinkäänkylä,4.4,-1.0,-1.0
2022-05-04,Vihti Hiiskula,,-1.0,-1.0
2022-05-04,Hämeenlinna Pirttikoski,,-1.0,4.0
2022-05-04,Nurmijärvi Röykkä,4.0,-1.0,-1.0
2022-05-04,Hämeenlinna Katinen,4.3,-1.0,
2022-05-04,Hattula Lepaa,3.7,-1.0,-1.0
2022-05-04,Hämeenlinna Lammi Pappila,3.1,-1.0,-1.0
2022-05-04,Asikkala Pulkkilanharju,3.4,,
2022-05-04,Kouvola Utti lentoasema,3.7,-1.0,-1.0
2022-05-04,Kouvola Anjala,3.4,-1.0,-1.0
2022-05-04,Heinola Asemantaus,3.4,-1.0,
2022-05-04,Kouvola Voikoski,,-1.0,-1.0
2022-05-04,Virolahti Koivuniemi,2.7,-1.0,-1.0
2022-05-04,Lappeenranta lentoasema,2.9,,
2022-05-04,Lappeenranta Konnunsuo,2.4,,
2022-05-04,Lappeenranta Lepola,3.2,-1.0,-1.0
2022-05-04,Ruokolahti Kotaniemi,,-1.0,-1.0
2022-05-04,Lappeenranta Hiekkapakka,1.1,,
2022-05-04,Parikkala Koitsanlahti,1.7,-1.0,-1.0
2022-05-04,Kaskinen Sälgrund,4.2,-1.0,
2022-05-04,Merikarvia Tuorila,,-1.0,-1.0
2022-05-04,Isojoki Kärjenkoski,,-1.0,-1.0
2022-05-04,Teuva Kauppilankylä,,-1.0,-1.0
2022-05-04,Pori Tahkoluoto satama,3.9,,
2022-05-04,Kristiinankaupunki Majakka,2.8,,
2022-05-04,Karvia Alkkia,2.1,-1.0,-1.0
2022-05-04,Kurikka Hirvijärvi,,-1.0,-1.0
2022-05-04,Kauhajoki Kuja-Kokko,2.2,-1.0,-1.0
2022-05-04,Kankaanpää Niinisalo lentokenttä,3.1,-1.0,-1.0
2022-05-04,Alavus Sulkavankylä,,-1.0,-1.0
2022-05-04,Virrat Äijänneva,1.9,,
2022-05-04,Jämsä Halli lentoasema,2.7,-1.0,-1.0
2022-05-04,Juupajoki Hyytiälä,1.7,-1.0,26.0
2022-05-04,Sysmä Joutsjärvi,,-1.0,-1.0
2022-05-04,Jyväskylä Muuratjärvi,,-1.0,-1.0
2022-05-04,Luhanka Judinsalo,2.5,,
2022-05-04,Multia Pirttiperä,,-1.0,11.0
2022-05-04,Joutsa Savenaho,1.8,-1.0,7.0
2022-05-04,Kangasniemi kirkonkylä,,0.0,8.0
2022-05-04,Joutsa Pärnämäki,,-1.0,1.0
2022-05-04,Mikkeli Pitkähiekka,,-1.0,0.0
2022-05-04,Juva Partala,2.1,,
2022-05-04,Varkaus Kosulanniemi,2.7,-1.0,-1.0
2022-05-04,Savonlinna Laukansaari,,-1.0,-1.0
2022-05-04,Sulkava Halttula,,-1.0,-1.0
2022-05-04,Savonlinna lentoasema,2.2,,
2022-05-04,Rantasalmi Rukkasluoto,1.8,,
2022-05-04,Savonlinna Punkaharju Laukansaari,2.1,-1.0,-1.0
2022-05-04,Enonkoski Simanala,,-1.0,0.0
2022-05-04,Savonlinna Savonranta,,-1.0,-1.0
2022-05-04,Rääkkylä kirkonkylä,,-1.0,-1.0
2022-05-04,Tohmajärvi Kemie,2.2,-1.0,-1.0
2022-05-04,Joensuu Huhtilampi,,0.0,0.0
2022-05-04,Vaasa lentoasema,2.2,,
2022-05-04,Mustasaari Valassaaret,3.1,,
2022-05-04,Närpiö Ylimarkku,,-1.0,-1.0
2022-05-04,Mustasaari Riimala,,-1.0,-1.0
2022-05-04,Kurikka Pyörni,,-1.0,-1.0
2022-05-04,Maalahti Strömmingsbådan,3.0,,
2022-05-04,Vaasa Klemettilä,3.1,-1.0,-1.0
2022-05-04,Seinäjoki Pelmaa,2.7,-1.0,-1.0
2022-05-04,Kauhava lentokenttä,2.5,-1.0,-1.0
2022-05-04,Ähtäri Inha,1.9,-1.0,-1.0
2022-05-04,Halsua Purola,0.4,0.0,3.0
2022-05-04,Alajärvi Möksy,0.4,-1.0,7.0
2022-05-04,Multia Karhila,1.6,-1.0,38.0
2022-05-04,Viitasaari Haapaniemi,2.5,-1.0,-1.0
2022-05-04,Äänekoski Kalaniemi,,-1.0,-1.0
2022-05-04,Vesanto kirkonkylä,1.5,-1.0,-1.0
2022-05-04,Pielavesi Venetmäki,,-1.0,24.0
2022-05-04,Siilinjärvi Kuopio lentoasema,2.3,,
2022-05-04,Kuopio Maaninka,1.9,-1.0,3.0
2022-05-04,Lapinlahti Lamminkäyrä,,0.0,8.0
2022-05-04,Suonenjoki Iisvesi,,-1.0,0.0
2022-05-04,Kuopio Karttula,,-1.0,-1.0
2022-05-04,Kuopio Ritoniemi,1.9,,
2022-05-04,Kuopio Savilahti,2.1,-1.0,-1.0
2022-05-04,Heinävesi Palokki,,-1.0,0.0
2022-05-04,Outokumpu Viuruniemi,,-1.0,18.0
2022-05-04,Rautavaara Ala-Luosta,,-1.0,4.0
2022-05-04,Rautavaara Ylä-Luosta,0.0,-1.0,27.0
2022-05-04,Liperi Joensuu lentoasema,1.6,,
2022-05-04,Juuka Niemelä,1.3,-1.0,19.0
2022-05-04,Joensuu Pyhäselkä,,-1.0,-1.0
2022-05-04,Lieksa Koli,,-1.0,24.0
2022-05-04,Liperi Tuiskavanluoto,1.4,,
2022-05-04,Joensuu Linnunlahti,1.8,-1.0,-1.0
2022-05-04,Lieksa Lampela,1.1,-1.0,-1.0
2022-05-04,Ilomantsi Naarva,,,
2022-05-04,Ilomantsi Pötsönvaara,-0.1,-1.0,29.0
2022-05-04,Ilomantsi Mekrijärvi,0.7,-1.0,5.0
2022-05-04,Pietarsaari Kallan,1.8,,
2022-05-04,Kokkola Tankar,1.9,,
2022-05-04,Kruunupyy Kokkola-Pietarsaari lentoasema,1.5,,
2022-05-04,Kaustinen Tastula,,-1.0,-1.0
2022-05-04,Kalajoki Ulkokalla,0.2,,
2022-05-04,Kokkola Santahaka,1.3,-1.0,-1.0
2022-05-04,Toholampi Oravala,,-1.0,6.0
2022-05-04,Kalajoki Pitkäsenkylä,,-1.0,-1.0
2022-05-04,Kalajoki Mehtäkylä,,-1.0,-1.0
2022-05-04,Toholampi Laitala,1.5,-1.0,-1.0
2022-05-04,Ylivieska lentokenttä,1.0,-1.0,-1.0
2022-05-04,Ylivieska Vähäkangas,,-1.0,-1.0
2022-05-04,Haapavesi Mustikkamäki,1.5,-1.0,6.0
2022-05-04,Pyhäjärvi Ojakylä,0.9,-1.0,12.0
2022-05-04,Pyhäjärvi Hiidenniemi,,-1.0,0.0
2022-05-04,Kiuruvesi Korpijoki,,0.0,7.0
2022-05-04,Siikalatva Kestilä,,-1.0,9.0
2022-05-04,Kajaani lentoasema,0.9,,
2022-05-04,Vieremä Kaarakkala,0.6,0.0,23.0
2022-05-04,Kajaani Paltaniemi,,-1.0,10.0
2022-05-04,Nurmes Valtimo,1.0,-1.0,-1.0
2022-05-04,Ristijärvi Mustavaara,,-1.0,45.0
2022-05-04,Sotkamo Kuolaniemi,0.8,-1.0,-1.0
2022-05-04,Nurmes Mujejärvi,,-1.0,40.0
2022-05-04,Kuhmo Apaja,,-1.0,0.0
2022-05-04,Kuhmo Kalliojoki,0.1,-1.0,21.0
2022-05-04,Raahe Nahkiainen,0.0,,
2022-05-04,Hailuoto Keskikylä,0.4,-1.0,-1.0
2022-05-04,Kemi I majakka,0.6,,
2022-05-04,Hailuoto Marjaniemi,-0.1,,
2022-05-04,Raahe Lapaluoto satama,0.6,,
2022-05-04,Oulu lentoasema,1.2,,
2022-05-04,Siikajoki Ruukki,1.0,-1.0,-1.0
2022-05-04,Oulu Vihreäsaari satama,0.6,,
2022-05-04,Oulu Oulunsalo Pellonpää,0.7,-1.0,18.0
2022-05-04,Vaala Pelso,0.8,-1.0,-1.0
2022-05-04,Pudasjärvi lentokenttä,-0.5,-1.0,28.0
2022-05-04,Utajärvi Särkijärvi,,0.0,15.0
2022-05-04,Pudasjärvi Jaurakkajärvi,,-1.0,35.0
2022-05-04,Suomussalmi Näljänkä,,-1.0,25.0
2022-05-04,Suomussalmi Pesiö,-0.6,-1.0,38.0
2022-05-04,Puolanka Kotila,,-1.0,43.0
2022-05-04,Puolanka Paljakka,-1.5,-1.0,55.0
2022-05-04,Kemi Kemi-Tornio lentoasema,0.1,,
2022-05-04,Kemi Ajos,-0.2,,
2022-05-04,Tornio Kaakkuri,0.8,-1.0,-1.0
2022-05-04,Ranua lentokenttä,-0.1,-1.0,37.0
2022-05-04,Pudasjärvi Sarakylä,,-1.0,24.0
2022-05-04,Posio Raistakka,,0.0,65.0
2022-05-04,Taivalkoski Inkee,,0.0,40.0
2022-05-04,Taivalkoski kirkonkylä,-0.9,-1.0,23.0
2022-05-04,Kuusamo lentoasema,-1.7,-1.0,56.0
2022-05-04,Kuusamo Kiutaköngäs,-0.7,-1.0,31.0
2022-05-04,Kuusamo Rukatunturi,-3.2,,
2022-05-04,Kuusamo Teeriranta,,-1.0,30.0
2022-05-04,Kuusamo Juuma,-1.8,,
2022-05-04,Ylitornio Meltosjärvi,0.8,-1.0,23.0
2022-05-04,Kolari Kattilamaa,,-1.0,22.0
2022-05-04,Pello kirkonkylä,0.5,-1.0,4.0
2022-05-04,Rovaniemi rautatieasema,1.1,,
2022-05-04,Sodankylä Tähtelä,-0.8,-1.0,45.0
2022-05-04,Rovaniemi Apukka,-0.2,-1.0,9.0
2022-05-04,Pelkosenniemi kirkonkylä,,-1.0,7.0
2022-05-04,Kemijärvi lentokenttä,-1.1,-1.0,18.0
2022-05-04,Savukoski kirkonkylä,-1.6,0.0,20.0
2022-05-04,Salla Kelloselkä,,-1.0,32.0
2022-05-04,Pelkosenniemi Pyhätunturi,-2.6,,
2022-05-04,Salla kirkonkylä,-1.6,-1.0,10.0
2022-05-04,Salla Naruska,-2.6,-1.0,43.0
2022-05-04,Enontekiö Kaaresuvanto,,-1.0,60.0
2022-05-04,Enontekiö lentoasema,-2.9,,
2022-05-04,Kittilä Pulju,,-1.0,20.0
2022-05-04,Muonio Laukukero,-6.3,,
2022-05-04,Muonio Sammaltunturi,-4.5,,
2022-05-04,Kittilä Matorova,-1.9,,
2022-05-04,Kittilä lentoasema,-1.0,,
2022-05-04,Kittilä Kenttärova,-1.9,-1.0,94.0
2022-05-04,Kittilä Pakatti,-0.5,-1.0,26.0
2022-05-04,Kittilä Pokka,-2.1,-1.0,85.0
2022-05-04,Sodankylä Lokka,-2.6,-1.0,22.0
2022-05-04,Sodankylä Vuotso,-2.7,-1.0,46.0
2022-05-04,Inari Saariselkä matkailukeskus,-3.9,-1.0,81.0
2022-05-04,Inari Saariselkä Kaunispää,-4.5,,
2022-05-04,Inari Raja-Jooseppi Kontiojärvi,,0.1,45.0
2022-05-04,Inari Raja-Jooseppi,-2.6,,
2022-05-04,Salla Värriötunturi,-3.1,-1.0,60.0
2022-05-04,Enontekiö Kilpisjärvi kyläkeskus,-5.0,0.3,90.0
2022-05-04,Enontekiö Kilpisjärvi Saana,-8.1,,
2022-05-04,Enontekiö Näkkälä,-4.5,-1.0,74.0
2022-05-04,Inari Angeli Lintupuoliselkä,-3.1,-1.0,46.0
2022-05-04,Inari Ivalo lentoasema,-1.6,,
2022-05-04,Utsjoki Kevo,-2.2,-1.0,42.0
2022-05-04,Utsjoki Nuorgam,-2.4,1.0,24.0
2022-05-04,Inari Väylä,-2.2,,
2022-05-04,Inari kirkonkylä,,0.4,36.0
2022-05-04,Inari Kaamanen,-2.7,0.2,51.0
2022-05-04,Inari Nellim,-2.2,0.2,37.0
2022-05-04,Inari Kirakkajärvi,-3.0,-1.0,58.0
2022-05-04,Mäntsälä Hirvihaara,3.0,-1.0,-1.0
2022-05-04,Lahti Sopenkorpi,3.7,-1.0,-1.0
2022-05-04,Siuntio Sjundby,,-1.0,-1.0
2022-05-04,Sipoo Itätoukki,3.8,,
2022-05-04,Rauma Pyynpää,4.4,-1.0,-1.0
2022-05-04,Muonio Oustajärvi,-1.4,-1.0,16.0
2022-05-04,Pyhtää lentokenttä,3.8,-1.0,-1.0
2022-05-04,Sotkamo Tuhkakylä,0.3,-1.0,4.0
2022-05-04,Tervola Loue,0.6,,
2022-05-04,Kajaani Petäisenniska,1.1,-1.0,23.0
2022-05-04,Utsjoki Kevo Kevojärvi,-2.2,,
2022-05-04,Inari Seitalaassa,-4.1,,
2022-05-04,Ilmajoki Seinäjoki lentoasema,2.4,,
2022-05-04,Rovaniemi lentoasema AWOS,0.3,-1.0,20.0
2022-05-04,Jyväskylä lentoasema AWOS,2.8,-1.0,-1.0
2022-05-04,Puumala kirkonkylä,2.9,-1.0,-1.0
2022-05-04,Helsinki Vuosaari satama,4.8,,
2022-05-04,Maarianhamina Länsisatama,4.7,,
2022-05-04,Lumparland Långnäs satama,5.6,-1.0,-1.0
2022-05-04,Kittilä Lompolonvuoma,-1.9,-1.0,
2022-05-04,Kuusamo Ruka Talvijärvi,-1.7,,
2022-05-04,Espoo Nuuksio,4.1,-1.0,11.0
2022-05-04,Mikkeli Lentoasema AWOS,2.9,-1.0,-1.0
2022-05-04,Espoo Tapiola,5.2,-1.0,-1.0
2022-05-05,Porvoo Kilpilahti satama,6.3,,
2022-05-05,Jomala Maarianhamina lentoasema,6.9,,
2022-05-05,Parainen Utö,6.2,0.3,-1.0
2022-05-05,Lemland Nyhamn,5.8,,
2022-05-05,Jomala Jomalaby,8.4,-1.0,-1.0
2022-05-05,Hammarland Märket,6.5,,
2022-05-05,Kökar Bogskär,6.0,,
2022-05-05,Parainen Fagerholm,6.3,-1.0,
2022-05-05,Kumlinge kirkonkylä,7.8,,
2022-05-05,Hanko Russarö,6.3,-1.0,
2022-05-05,Kaarina Yltöinen,6.7,-1.0,-1.0
2022-05-05,Kemiönsaari Vänö,6.1,,
2022-05-05,Hanko Tulliniemi,6.1,,
2022-05-05,Turku Rajakari,6.1,,
2022-05-05,Turku Artukainen,8.1,-1.0,-1.0
2022-05-05,Kemiönsaari Kemiö,6.6,0.9,-1.0
2022-05-05,Hanko Tvärminne,6.5,0.2,-1.0
2022-05-05,Salo Kärkkä,7.3,0.6,
2022-05-05,Lohja Leppäkorpi,,0.0,-1.0
2022-05-05,Raasepori Jussarö,6.1,,
2022-05-05,Salo Kiikala lentokenttä,6.2,0.1,-1.0
2022-05-05,Vantaa Helsinki-Vantaan lentoasema,7.5,0.0,-1.0
2022-05-05,Inkoo Bågaskär,6.5,,
2022-05-05,Helsinki Kaisaniemi,8.3,-1.0,-1.0
2022-05-05,Lohja Porla,7.5,0.2,3.0
2022-05-05,Vihti Maasoja,6.5,,
2022-05-05,Helsinki Harmaja,5.9,,
2022-05-05,Kirkkonummi Mäkiluoto,6.2,,
2022-05-05,Helsinki Helsingin majakka,6.5,,
2022-05-05,Helsinki Kumpula,8.6,-1.0,-1.0
2022-05-05,Helsinki Malmi lentokenttä,7.8,,
2022-05-05,Porvoo Kalbådagrund,6.7,,
2022-05-05,Porvoo Emäsalo,5.8,,
2022-05-05,Porvoo Harabacka,7.4,-1.0,-1.0
2022-05-05,Kotka Rankki,5.6,-1.0,-1.0
2022-05-05,Loviisa Orrengrund,5.3,,
2022-05-05,Kotka Haapasaari,5.4,,
2022-05-05,Pori lentoasema,9.3,,
2022-05-05,Uusikaupunki Itätulli,,-1.0,-1.0
2022-05-05,Kustavi Isokari,6.8,-1.0,
2022-05-05,Rauma Kylmäpihlaja,8.0,,
2022-05-05,Pori rautatieasema,9.6,-1.0,-1.0
2022-05-05,Turku lentoasema,8.1,,
2022-05-05,Kokemäki Rausenkulma,,-1.0,-1.0
2022-05-05,Huittinen Sallila,,-1.0,-1.0
2022-05-05,Oripää Teinikivi,,-1.0,-1.0
2022-05-05,Pöytyä Yläne,,-1.0,-1.0
2022-05-05,Kokemäki Tulkkila,9.4,0.1,-1.0
2022-05-05,Jokioinen Ilmala,8.0,-1.0,-1.0
2022-05-05,Nokia Tottijärvi,,-1.0,-1.0
2022-05-05,Pirkkala Tampere-Pirkkala lentoasema,8.5,,
2022-05-05,Tampere Härmälä,9.0,-1.0,-1.0
2022-05-05,Somero Salkola,6.2,0.3,17.0
2022-05-05,Hyvinkää Hyvinkäänkylä,7.3,0.1,-1.0
2022-05-05,Vihti Hiiskula,,0.1,-1.0
2022-05-05,Hämeenlinna Pirttikoski,,-1.0,4.0
2022-05-05,Nurmijärvi Röykkä,6.6,0.3,-1.0
2022-05-05,Hämeenlinna Katinen,8.3,-1.0,
2022-05-05,Hattula Lepaa,8.6,-1.0,-1.0
2022-05-05,Hämeenlinna Lammi Pappila,7.5,0.6,-1.0
2022-05-05,Asikkala Pulkkilanharju,7.0,,
2022-05-05,Kouvola Utti lentoasema,6.1,-1.0,-1.0
2022-05-05,Kouvola Anjala,6.6,-1.0,-1.0
2022-05-05,Heinola Asemantaus,7.1,0.1,-1.0
2022-05-05,Kouvola Voikoski,,-1.0,-1.0
2022-05-05,Virolahti Koivuniemi,4.8,-1.0,-1.0
2022-05-05,Lappeenranta lentoasema,5.7,,
2022-05-05,Lappeenranta Konnunsuo,5.2,,
2022-05-05,Lappeenranta Lepola,6.4,0.3,-1.0
2022-05-05,Ruokolahti Kotaniemi,,-1.0,-1.0
2022-05-05,Lappeenranta Hiekkapakka,2.7,,
2022-05-05,Parikkala Koitsanlahti,4.7,-1.0,-1.0
2022-05-05,Kaskinen Sälgrund,5.8,-1.0,
2022-05-05,Merikarvia Tuorila,,-1.0,-1.0
2022-05-05,Isojoki Kärjenkoski,,-1.0,-1.0
2022-05-05,Teuva Kauppilankylä,,-1.0,-1.0
2022-05-05,Pori Tahkoluoto satama,6.4,,
2022-05-05,Kristiinankaupunki Majakka,4.8,,
2022-05-05,Karvia Alkkia,7.8,-1.0,-1.0
2022-05-05,Kurikka Hirvijärvi,,-1.0,-1.0
2022-05-05,Kauhajoki Kuja-Kokko,8.4,-1.0,-1.0
2022-05-05,Kankaanpää Niinisalo lentokenttä,8.7,-1.0,-1.0
2022-05-05,Alavus Sulkavankylä,,-1.0,-1.0
2022-05-05,Virrat Äijänneva,7.5,,
2022-05-05,Jämsä Halli lentoasema,6.9,0.4,-1.0
2022-05-05,Juupajoki Hyytiälä,7.0,0.3,23.0
2022-05-05,Sysmä Joutsjärvi,,0.2,-1.0
2022-05-05,Jyväskylä Muuratjärvi,,-1.0,-1.0
2022-05-05,Luhanka Judinsalo,3.9,,
2022-05-05,Multia Pirttiperä,,-1.0,8.0
2022-05-05,Joutsa Savenaho,5.6,-1.0,5.0
2022-05-05,Kangasniemi kirkonkylä,,-1.0,0.0
2022-05-05,Joutsa Pärnämäki,,0.0,0.0
2022-05-05,Mikkeli Pitkähiekka,,0.0,0.0
2022-05-05,Juva Partala,5.6,,
2022-05-05,Varkaus Kosulanniemi,5.4,-1.0,-1.0
2022-05-05,Savonlinna Laukansaari,,0.0,-1.0
2022-05-05,Sulkava Halttula,,-1.0,-1.0
2022-05-05,Savonlinna lentoasema,4.4,,
2022-05-05,Rantasalmi Rukkasluoto,3.2,,
2022-05-05,Savonlinna Punkaharju Laukansaari,4.3,-1.0,-1.0
2022-05-05,Enonkoski Simanala,,-1.0,0.0
2022-05-05,Savonlinna Savonranta,,-1.0,-1.0
2022-05-05,Rääkkylä kirkonkylä,,-1.0,-1.0
2022-05-05,Tohmajärvi Kemie,5.0,-1.0,-1.0
2022-05-05,Joensuu Huhtilampi,,-1.0,0.0
2022-05-05,Vaasa lentoasema,8.0,,
2022-05-05,Mustasaari Valassaaret,5.5,,
2022-05-05,Närpiö Ylimarkku,,-1.0,-1.0
2022-05-05,Mustasaari Riimala,,-1.0,-1.0
2022-05-05,Kurikka Pyörni,,-1.0,-1.0
2022-05-05,Maalahti Strömmingsbådan,4.5,,
2022-05-05,Vaasa Klemettilä,8.0,-1.0,-1.0
2022-05-05,Seinäjoki Pelmaa,8.1,-1.0,-1.0
2022-05-05,Kauhava lentokenttä,7.8,-1.0,-1.0
2022-05-05,Ähtäri Inha,6.6,-1.0,-1.0
2022-05-05,Halsua Purola,5.5,-1.0,1.0
2022-05-05,Alajärvi Möksy,6.1,-1.0,4.0
2022-05-05,Multia Karhila,5.5,-1.0,37.0
2022-05-05,Viitasaari Haapaniemi,5.7,-1.0,-1.0
2022-05-05,Äänekoski Kalaniemi,,-1.0,-1.0
2022-05-05,Vesanto kirkonkylä,5.2,0.1,-1.0
2022-05-05,Pielavesi Venetmäki,,-1.0,22.0
2022-05-05,Siilinjärvi Kuopio lentoasema,5.3,,
2022-05-05,Kuopio Maaninka,5.2,-1.0,-1.0
2022-05-05,Lapinlahti Lamminkäyrä,,-1.0,4.0
2022-05-05,Suonenjoki Iisvesi,,-1.0,0.0
2022-05-05,Kuopio Karttula,,-1.0,-1.0
2022-05-05,Kuopio Ritoniemi,4.2,,
2022-05-05,Kuopio Savilahti,6.1,-1.0,-1.0
2022-05-05,Heinävesi Palokki,,0.0,0.0
2022-05-05,Outokumpu Viuruniemi,,0.0,10.0
2022-05-05,Rautavaara Ala-Luosta,,0.1,0.0
2022-05-05,Rautavaara Ylä-Luosta,2.8,0.1,24.0
2022-05-05,Liperi Joensuu lentoasema,4.1,,
2022-05-05,Juuka Niemelä,4.1,0.1,18.0
2022-05-05,Joensuu Pyhäselkä,,-1.0,-1.0
2022-05-05,Lieksa Koli,,0.4,20.0
2022-05-05,Liperi Tuiskavanluoto,1.7,,
2022-05-05,Joensuu Linnunlahti,3.9,0.1,-1.0
2022-05-05,Lieksa Lampela,2.9,0.4,-1.0
2022-05-05,Ilomantsi Pötsönvaara,3.0,0.4,29.0
2022-05-05,Ilomantsi Mekrijärvi,3.0,-1.0,3.0
2022-05-05,Pietarsaari Kallan,4.1,,
2022-05-05,Kokkola Tankar,4.4,,
2022-05-05,Kruunupyy Kokkola-Pietarsaari lentoasema,6.7,,
2022-05-05,Kaustinen Tastula,,-1.0,-1.0
2022-05-05,Kalajoki Ulkokalla,1.7,,
2022-05-05,Kokkola Santahaka,6.7,-1.0,-1.0
2022-05-05,Toholampi Oravala,,-1.0,6.0
2022-05-05,Kalajoki Pitkäsenkylä,,-1.0,-1.0
2022-05-05,Kalajoki Mehtäkylä,,-1.0,-1.0
2022-05-05,Toholampi Laitala,5.7,-1.0,-1.0
2022-05-05,Ylivieska lentokenttä,5.3,-1.0,-1.0
2022-05-05,Ylivieska Vähäkangas,,-1.0,-1.0
2022-05-05,Haapavesi Mustikkamäki,4.7,-1.0,3.0
2022-05-05,Pyhäjärvi Ojakylä,4.4,-1.0,11.0
2022-05-05,Pyhäjärvi Hiidenniemi,,-1.0,0.0
2022-05-05,Kiuruvesi Korpijoki,,0.0,6.0
2022-05-05,Siikalatva Kestilä,,0.2,8.0
2022-05-05,Kajaani lentoasema,3.5,,
2022-05-05,Vieremä Kaarakkala,3.8,-1.0,20.0
2022-05-05,Kajaani Paltaniemi,,0.0,7.0
2022-05-05,Nurmes Valtimo,3.1,-1.0,-1.0
2022-05-05,Ristijärvi Mustavaara,,-1.0,41.0
2022-05-05,Sotkamo Kuolaniemi,3.0,-1.0,-1.0
2022-05-05,Nurmes Mujejärvi,,-1.0,39.0
2022-05-05,Kuhmo Apaja,,0.0,0.0
2022-05-05,Kuhmo Kalliojoki,2.1,0.2,21.0
2022-05-05,Raahe Nahkiainen,2.2,,
2022-05-05,Hailuoto Keskikylä,4.8,-1.0,-1.0
2022-05-05,Kemi I majakka,2.3,,
2022-05-05,Hailuoto Marjaniemi,2.8,,
2022-05-05,Raahe Lapaluoto satama,4.7,,
2022-05-05,Oulu lentoasema,5.2,,
2022-05-05,Siikajoki Ruukki,5.9,-1.0,-1.0
2022-05-05,Oulu Vihreäsaari satama,4.0,,
2022-05-05,Oulu Oulunsalo Pellonpää,5.1,-1.0,18.0
2022-05-05,Vaala Pelso,3.3,-1.0,-1.0
2022-05-05,Pudasjärvi lentokenttä,2.4,-1.0,27.0
2022-05-05,Utajärvi Särkijärvi,,-1.0,14.0
2022-05-05,Pudasjärvi Jaurakkajärvi,,-1.0,30.0
2022-05-05,Suomussalmi Näljänkä,,0.0,25.0
2022-05-05,Suomussalmi Pesiö,1.6,-1.0,36.0
2022-05-05,Puolanka Kotila,,0.0,41.0
2022-05-05,Puolanka Paljakka,1.2,-1.0,54.0
2022-05-05,Kemi Kemi-Tornio lentoasema,2.4,,
2022-05-05,Kemi Ajos,2.2,,
2022-05-05,Tornio Kaakkuri,1.8,-1.0,-1.0
2022-05-05,Ranua lentokenttä,1.2,0.5,36.0
2022-05-05,Pudasjärvi Sarakylä,,0.1,23.0
2022-05-05,Posio Raistakka,,0.0,64.0
2022-05-05,Taivalkoski Inkee,,0.0,40.0
2022-05-05,Taivalkoski kirkonkylä,1.9,-1.0,23.0
2022-05-05,Kuusamo lentoasema,0.6,0.1,55.0
2022-05-05,Kuusamo Kiutaköngäs,2.1,-1.0,30.0
2022-05-05,Kuusamo Rukatunturi,-0.1,,
2022-05-05,Kuusamo Teeriranta,,-1.0,30.0
2022-05-05,Kuusamo Juuma,1.1,,
2022-05-05,Ylitornio Meltosjärvi,1.3,0.2,19.0
2022-05-05,Kolari Kattilamaa,,0.8,20.0
2022-05-05,Pello kirkonkylä,1.2,0.8,3.0
2022-05-05,Rovaniemi rautatieasema,3.1,,
2022-05-05,Sodankylä Tähtelä,0.9,-1.0,44.0
2022-05-05,Rovaniemi Apukka,1.8,-1.0,9.0
2022-05-05,Pelkosenniemi kirkonkylä,,-1.0,3.0
2022-05-05,Kemijärvi lentokenttä,0.3,-1.0,17.0
2022-05-05,Savukoski kirkonkylä,0.5,0.1,20.0
2022-05-05,Salla Kelloselkä,,-1.0,30.0
2022-05-05,Pelkosenniemi Pyhätunturi,-0.1,,
2022-05-05,Salla kirkonkylä,0.7,0.4,6.0
2022-05-05,Salla Naruska,0.0,0.1,41.0
2022-05-05,Enontekiö Kaaresuvanto,,-1.0,50.0
2022-05-05,Enontekiö lentoasema,-1.6,,
2022-05-05,Kittilä Pulju,,1.1,20.0
2022-05-05,Muonio Laukukero,-3.2,,
2022-05-05,Muonio Sammaltunturi,-1.7,,
2022-05-05,Kittilä Matorova,0.2,,
2022-05-05,Kittilä lentoasema,-0.4,,
2022-05-05,Kittilä Kenttärova,-0.4,0.3,93.0
2022-05-05,Kittilä Pakatti,-0.2,0.9,25.0
2022-05-05,Kittilä Pokka,-1.1,1.5,84.0
2022-05-05,Sodankylä Lokka,-0.1,0.3,22.0
2022-05-05,Sodankylä Vuotso,-1.3,1.0,46.0
2022-05-05,Inari Saariselkä matkailukeskus,-1.1,1.0,79.0
2022-05-05,Inari Saariselkä Kaunispää,-1.5,,
2022-05-05,Inari Raja-Jooseppi Kontiojärvi,,-1.0,40.0
2022-05-05,Inari Raja-Jooseppi,0.2,,
2022-05-05,Salla Värriötunturi,-0.1,0.6,59.0
2022-05-05,Enontekiö Kilpisjärvi kyläkeskus,-3.7,0.1,88.0
2022-05-05,Enontekiö Kilpisjärvi Saana,-5.7,,
2022-05-05,Enontekiö Näkkälä,-3.1,-1.0,74.0
2022-05-05,Inari Angeli Lintupuoliselkä,-1.1,0.5,45.0
2022-05-05,Inari Ivalo lentoasema,0.1,,
2022-05-05,Utsjoki Kevo,-0.3,0.3,41.0
2022-05-05,Utsjoki Nuorgam,-1.1,0.2,25.0
2022-05-05,Inari Väylä,-0.8,,
2022-05-05,Inari kirkonkylä,,0.0,35.0
2022-05-05,Inari Kaamanen,-1.0,0.1,50.0
2022-05-05,Inari Nellim,0.1,-1.0,37.0
2022-05-05,Inari Kirakkajärvi,-0.8,0.6,58.0
2022-05-05,Mäntsälä Hirvihaara,6.5,-1.0,-1.0
2022-05-05,Lahti Sopenkorpi,7.0,-1.0,-1.0
2022-05-05,Siuntio Sjundby,,-1.0,-1.0
2022-05-05,Sipoo Itätoukki,5.7,,
2022-05-05,Rauma Pyynpää,9.3,-1.0,-1.0
2022-05-05,Muonio Oustajärvi,-0.4,-1.0,16.0
2022-05-05,Pyhtää lentokenttä,5.8,-1.0,-1.0
2022-05-05,Sotkamo Tuhkakylä,2.9,-1.0,-1.0
2022-05-05,Tervola Loue,2.1,,
2022-05-05,Kajaani Petäisenniska,3.4,-1.0,22.0
2022-05-05,Utsjoki Kevo Kevojärvi,-0.8,,
2022-05-05,Inari Seitalaassa,-1.3,,
2022-05-05,Ilmajoki Seinäjoki lentoasema,8.1,,
2022-05-05,Rovaniemi lentoasema AWOS,2.1,-1.0,19.0
2022-05-05,Jyväskylä lentoasema AWOS,5.7,-1.0,-1.0
2022-05-05,Puumala kirkonkylä,5.6,-1.0,-1.0
2022-05-05,Helsinki Vuosaari satama,6.9,,
2022-05-05,Maarianhamina Länsisatama,6.6,,
2022-05-05,Lumparland Långnäs satama,7.5,-1.0,-1.0
2022-05-05,Kittilä Lompolonvuoma,-0.9,0.1,
2022-05-05,Kuusamo Ruka Talvijärvi,0.8,,
2022-05-05,Espoo Nuuksio,6.7,0.1,7.0
2022-05-05,Mikkeli Lentoasema AWOS,6.3,-1.0,-1.0
2022-05-05,Espoo Tapiola,7.9,-1.0,-1.0
2022-05-06,Porvoo Kilpilahti satama,8.2,,
2022-05-06,Jomala Maarianhamina lentoasema,9.0,,
2022-05-06,Parainen Utö,7.2,-1.0,-1.0
2022-05-06,Lemland Nyhamn,6.4,,
2022-05-06,Jomala Jomalaby,9.6,-1.0,-1.0
2022-05-06,Hammarland Märket,6.9,,
2022-05-06,Kökar Bogskär,7.3,,
2022-05-06,Parainen Fagerholm,7.4,-1.0,
2022-05-06,Kumlinge kirkonkylä,9.7,,
2022-05-06,Hanko Russarö,6.3,-1.0,
2022-05-06,Kaarina Yltöinen,8.8,-1.0,-1.0
2022-05-06,Kemiönsaari Vänö,7.2,,
2022-05-06,Hanko Tulliniemi,6.4,,
2022-05-06,Turku Rajakari,7.6,,
2022-05-06,Turku Artukainen,9.8,-1.0,-1.0
2022-05-06,Kemiönsaari Kemiö,9.1,-1.0,-1.0
2022-05-06,Hanko Tvärminne,6.6,-1.0,-1.0
2022-05-06,Salo Kärkkä,9.9,-1.0,
2022-05-06,Lohja Leppäkorpi,,-1.0,-1.0
2022-05-06,Raasepori Jussarö,5.9,,
2022-05-06,Salo Kiikala lentokenttä,9.5,-1.0,-1.0
2022-05-06,Vantaa Helsinki-Vantaan lentoasema,10.8,-1.0,-1.0
2022-05-06,Inkoo Bågaskär,6.8,,
2022-05-06,Helsinki Kaisaniemi,9.1,-1.0,-1.0
2022-05-06,Lohja Porla,9.4,-1.0,-1.0
2022-05-06,Vihti Maasoja,9.3,,
2022-05-06,Helsinki Harmaja,6.1,,
2022-05-06,Kirkkonummi Mäkiluoto,6.2,,
2022-05-06,Helsinki Helsingin majakka,6.6,,
2022-05-06,Helsinki Kumpula,10.1,-1.0,-1.0
2022-05-06,Helsinki Malmi lentokenttä,10.2,,
2022-05-06,Porvoo Kalbådagrund,7.0,,
2022-05-06,Porvoo Emäsalo,6.8,,
2022-05-06,Porvoo Harabacka,10.3,-1.0,-1.0
2022-05-06,Kotka Rankki,6.8,-1.0,-1.0
2022-05-06,Loviisa Orrengrund,6.8,,
2022-05-06,Kotka Haapasaari,7.4,,
2022-05-06,Pori lentoasema,10.5,,
2022-05-06,Uusikaupunki Itätulli,,-1.0,-1.0
2022-05-06,Kustavi Isokari,7.6,-1.0,
2022-05-06,Rauma Kylmäpihlaja,7.9,,
2022-05-06,Pori rautatieasema,10.7,-1.0,-1.0
2022-05-06,Turku lentoasema,9.8,,
2022-05-06,Kokemäki Rausenkulma,,-1.0,-1.0
2022-05-06,Huittinen Sallila,,-1.0,-1.0
2022-05-06,Oripää Teinikivi,,-1.0,-1.0
2022-05-06,Pöytyä Yläne,,-1.0,-1.0
2022-05-06,Kokemäki Tulkkila,10.7,-1.0,-1.0
2022-05-06,Jokioinen Ilmala,10.4,-1.0,-1.0
2022-05-06,Nokia Tottijärvi,,-1.0,-1.0
2022-05-06,Pirkkala Tampere-Pirkkala lentoasema,10.6,,
2022-05-06,Tampere Härmälä,11.4,-1.0,-1.0
2022-05-06,Somero Salkola,9.2,-1.0,14.0
2022-05-06,Hyvinkää Hyvinkäänkylä,10.6,-1.0,-1.0
2022-05-06,Vihti Hiiskula,,-1.0,-1.0
2022-05-06,Hämeenlinna Pirttikoski,,-1.0,3.0
2022-05-06,Nurmijärvi Röykkä,10.0,-1.0,-1.0
2022-05-06,Hämeenlinna Katinen,11.3,-1.0,
2022-05-06,Hattula Lepaa,11.2,-1.0,-1.0
2022-05-06,Hämeenlinna Lammi Pappila,11.0,-1.0,-1.0
2022-05-06,Asikkala Pulkkilanharju,9.5,,
2022-05-06,Kouvola Utti lentoasema,11.0,-1.0,-1.0
2022-05-06,Kouvola Anjala,10.7,-1.0,-1.0
2022-05-06,Heinola Asemantaus,11.1,1.3,-1.0
2022-05-06,Kouvola Voikoski,,-1.0,-1.0
2022-05-06,Virolahti Koivuniemi,6.3,-1.0,-1.0
2022-05-06,Lappeenranta lentoasema,10.4,,
2022-05-06,Lappeenranta Konnunsuo,10.0,,
2022-05-06,Lappeenranta Lepola,10.6,-1.0,-1.0
2022-05-06,Ruokolahti Kotaniemi,,0.0,-1.0
2022-05-06,Lappeenranta Hiekkapakka,5.1,,
2022-05-06,Parikkala Koitsanlahti,10.7,-1.0,-1.0
2022-05-06,Kaskinen Sälgrund,6.4,-1.0,
2022-05-06,Merikarvia Tuorila,,-1.0,-1.0
2022-05-06,Isojoki Kärjenkoski,,-1.0,-1.0
2022-05-06,Teuva Kauppilankylä,,-1.0,-1.0
2022-05-06,Pori Tahkoluoto satama,7.3,,
2022-05-06,Kristiinankaupunki Majakka,5.6,,
2022-05-06,Karvia Alkkia,9.9,-1.0,-1.0
2022-05-06,Kurikka Hirvijärvi,,-1.0,-1.0
2022-05-06,Kauhajoki Kuja-Kokko,9.1,-1.0,-1.0
2022-05-06,Kankaanpää Niinisalo lentokenttä,11.1,-1.0,-1.0
2022-05-06,Alavus Sulkavankylä,,-1.0,-1.0
2022-05-06,Virrat Äijänneva,10.6,,
2022-05-06,Jämsä Halli lentoasema,10.8,-1.0,-1.0
2022-05-06,Juupajoki Hyytiälä,10.5,-1.0,18.0
2022-05-06,Sysmä Joutsjärvi,,0.0,-1.0
2022-05-06,Jyväskylä Muuratjärvi,,-1.0,-1.0
2022-05-06,Luhanka Judinsalo,6.3,,
2022-05-06,Multia Pirttiperä,,-1.0,0.0
2022-05-06,Joutsa Savenaho,9.9,0.1,-1.0
2022-05-06,Kangasniemi kirkonkylä,,-1.0,0.0
2022-05-06,Joutsa Pärnämäki,,0.0,-1.0
2022-05-06,Mikkeli Pitkähiekka,,0.0,-1.0
2022-05-06,Juva Partala,11.0,,
2022-05-06,Varkaus Kosulanniemi,11.3,-1.0,-1.0
2022-05-06,Savonlinna Laukansaari,,-1.0,-1.0
2022-05-06,Sulkava Halttula,,-1.0,-1.0
2022-05-06,Savonlinna lentoasema,10.9,,
2022-05-06,Rantasalmi Rukkasluoto,8.7,,
2022-05-06,Savonlinna Punkaharju Laukansaari,10.5,-1.0,-1.0
2022-05-06,Enonkoski Simanala,,0.0,0.0
2022-05-06,Savonlinna Savonranta,,0.0,-1.0
2022-05-06,Rääkkylä kirkonkylä,,-1.0,-1.0
2022-05-06,Tohmajärvi Kemie,11.1,-1.0,-1.0
2022-05-06,Joensuu Huhtilampi,,-1.0,0.0
2022-05-06,Vaasa lentoasema,8.7,,
2022-05-06,Mustasaari Valassaaret,6.4,,
2022-05-06,Närpiö Ylimarkku,,-1.0,-1.0
2022-05-06,Mustasaari Riimala,,0.0,-1.0
2022-05-06,Kurikka Pyörni,,-1.0,-1.0
2022-05-06,Maalahti Strömmingsbådan,5.3,,
2022-05-06,Vaasa Klemettilä,8.8,0.6,-1.0
2022-05-06,Seinäjoki Pelmaa,9.9,-1.0,-1.0
2022-05-06,Kauhava lentokenttä,10.0,-1.0,-1.0
2022-05-06,Ähtäri Inha,10.3,-1.0,-1.0
2022-05-06,Halsua Purola,8.6,-1.0,
2022-05-06,Alajärvi Möksy,9.2,-1.0,-1.0
2022-05-06,Multia Karhila,10.0,-1.0,32.0
2022-05-06,Viitasaari Haapaniemi,10.6,-1.0,-1.0
2022-05-06,Äänekoski Kalaniemi,,-1.0,-1.0
2022-05-06,Vesanto kirkonkylä,10.0,-1.0,-1.0
2022-05-06,Pielavesi Venetmäki,,-1.0,18.0
2022-05-06,Siilinjärvi Kuopio lentoasema,11.1,,
2022-05-06,Kuopio Maaninka,9.9,-1.0,-1.0
2022-05-06,Lapinlahti Lamminkäyrä,,-1.0,-1.0
2022-05-06,Suonenjoki Iisvesi,,-1.0,-1.0
2022-05-06,Kuopio Karttula,,-1.0,-1.0
2022-05-06,Kuopio Ritoniemi,8.2,,
2022-05-06,Kuopio Savilahti,11.9,-1.0,-1.0
2022-05-06,Heinävesi Palokki,,-1.0,0.0
2022-05-06,Outokumpu Viuruniemi,,0.0,5.0
2022-05-06,Rautavaara Ala-Luosta,,-1.0,0.0
2022-05-06,Rautavaara Ylä-Luosta,8.6,-1.0,22.0
2022-05-06,Liperi Joensuu lentoasema,9.8,,
2022-05-06,Juuka Niemelä,9.4,-1.0,13.0
2022-05-06,Joensuu Pyhäselkä,,-1.0,-1.0
2022-05-06,Lieksa Koli,,-1.0,18.0
2022-05-06,Liperi Tuiskavanluoto,4.1,,
2022-05-06,Joensuu Linnunlahti,8.6,-1.0,-1.0
2022-05-06,Lieksa Lampela,8.9,-1.0,-1.0
2022-05-06,Ilomantsi Pötsönvaara,8.2,-1.0,26.0
2022-05-06,Ilomantsi Mekrijärvi,7.7,-1.0,-1.0
2022-05-06,Pietarsaari Kallan,5.0,,
2022-05-06,Kokkola Tankar,6.1,,
2022-05-06,Kruunupyy Kokkola-Pietarsaari lentoasema,8.6,,
2022-05-06,Kaustinen Tastula,,-1.0,-1.0
2022-05-06,Kalajoki Ulkokalla,2.2,,
2022-05-06,Kokkola Santahaka,8.3,-1.0,-1.0
2022-05-06,Toholampi Oravala,,-1.0,5.0
2022-05-06,Kalajoki Pitkäsenkylä,,-1.0,-1.0
2022-05-06,Kalajoki Mehtäkylä,,-1.0,-1.0
2022-05-06,Toholampi Laitala,8.6,-1.0,-1.0
2022-05-06,Ylivieska lentokenttä,9.2,-1.0,-1.0
2022-05-06,Ylivieska Vähäkangas,,-1.0,-1.0
2022-05-06,Haapavesi Mustikkamäki,8.7,-1.0,-1.0
2022-05-06,Pyhäjärvi Ojakylä,8.4,-1.0,6.0
2022-05-06,Pyhäjärvi Hiidenniemi,,-1.0,0.0
2022-05-06,Kiuruvesi Korpijoki,,-1.0,3.0
2022-05-06,Siikalatva Kestilä,,-1.0,-1.0
2022-05-06,Kajaani lentoasema,9.0,,
2022-05-06,Vieremä Kaarakkala,9.0,-1.0,15.0
2022-05-06,Kajaani Paltaniemi,,-1.0,0.0
2022-05-06,Nurmes Valtimo,9.5,-1.0,-1.0
2022-05-06,Ristijärvi Mustavaara,,-1.0,37.0
2022-05-06,Sotkamo Kuolaniemi,9.0,-1.0,-1.0
2022-05-06,Nurmes Mujejärvi,,-1.0,37.0
2022-05-06,Kuhmo Apaja,,-1.0,0.0
2022-05-06,Kuhmo Kalliojoki,7.8,-1.0,16.0
2022-05-06,Raahe Nahkiainen,2.9,,
2022-05-06,Hailuoto Keskikylä,5.1,1.3,-1.0
2022-05-06,Kemi I majakka,3.2,,
2022-05-06,Hailuoto Marjaniemi,2.5,,
2022-05-06,Raahe Lapaluoto satama,4.7,,
2022-05-06,Oulu lentoasema,7.6,,
2022-05-06,Siikajoki Ruukki,7.8,-1.0,-1.0
2022-05-06,Oulu Vihreäsaari satama,5.6,,
2022-05-06,Oulu Oulunsalo Pellonpää,6.8,-1.0,13.0
2022-05-06,Vaala Pelso,8.3,-1.0,-1.0
2022-05-06,Pudasjärvi lentokenttä,6.3,-1.0,23.0
2022-05-06,Utajärvi Särkijärvi,,-1.0,10.0
2022-05-06,Pudasjärvi Jaurakkajärvi,,-1.0,27.0
2022-05-06,Suomussalmi Näljänkä,,-1.0,25.0
2022-05-06,Suomussalmi Pesiö,7.5,-1.0,34.0
2022-05-06,Puolanka Kotila,,-1.0,38.0
2022-05-06,Puolanka Paljakka,6.7,-1.0,52.0
2022-05-06,Kemi Kemi-Tornio lentoasema,4.3,,
2022-05-06,Kemi Ajos,2.5,,
2022-05-06,Tornio Kaakkuri,4.6,0.2,-1.0
2022-05-06,Ranua lentokenttä,5.0,0.7,34.0
2022-05-06,Pudasjärvi Sarakylä,,-1.0,22.0
2022-05-06,Posio Raistakka,,0.1,61.0
2022-05-06,Taivalkoski Inkee,,0.0,39.0
2022-05-06,Taivalkoski kirkonkylä,6.7,-1.0,18.0
2022-05-06,Kuusamo lentoasema,5.2,-1.0,53.0
2022-05-06,Kuusamo Kiutaköngäs,6.8,-1.0,28.0
2022-05-06,Kuusamo Rukatunturi,3.3,,
2022-05-06,Kuusamo Teeriranta,,-1.0,25.0
2022-05-06,Kuusamo Juuma,5.4,,
2022-05-06,Ylitornio Meltosjärvi,5.9,-1.0,16.0
2022-05-06,Kolari Kattilamaa,,-1.0,20.0
2022-05-06,Pello kirkonkylä,6.7,-1.0,2.0
2022-05-06,Rovaniemi rautatieasema,6.2,,
2022-05-06,Sodankylä Tähtelä,6.1,-1.0,42.0
2022-05-06,Rovaniemi Apukka,6.0,-1.0,8.0
2022-05-06,Pelkosenniemi kirkonkylä,,-1.0,2.0
2022-05-06,Kemijärvi lentokenttä,5.1,-1.0,14.0
2022-05-06,Savukoski kirkonkylä,6.0,-1.0,18.0
2022-05-06,Salla Kelloselkä,,-1.0,28.0
2022-05-06,Pelkosenniemi Pyhätunturi,3.5,,
2022-05-06,Salla kirkonkylä,5.8,-1.0,4.0
2022-05-06,Salla Naruska,5.2,-1.0,39.0
2022-05-06,Enontekiö Kaaresuvanto,,-1.0,50.0
2022-05-06,Enontekiö lentoasema,4.0,,
2022-05-06,Kittilä Pulju,,-1.0,18.0
2022-05-06,Muonio Laukukero,0.1,,
2022-05-06,Muonio Sammaltunturi,2.3,,
2022-05-06,Kittilä Matorova,4.8,,
2022-05-06,Kittilä lentoasema,5.7,,
2022-05-06,Kittilä Kenttärova,4.8,-1.0,93.0
2022-05-06,Kittilä Pakatti,5.7,-1.0,24.0
2022-05-06,Kittilä Pokka,4.5,-1.0,83.0
2022-05-06,Sodankylä Lokka,5.4,-1.0,21.0
2022-05-06,Sodankylä Vuotso,4.8,-1.0,44.0
2022-05-06,Inari Saariselkä matkailukeskus,4.4,-1.0,76.0
2022-05-06,Inari Saariselkä Kaunispää,3.0,,
2022-05-06,Inari Raja-Jooseppi Kontiojärvi,,-1.0,37.0
2022-05-06,Inari Raja-Jooseppi,5.4,,
2022-05-06,Salla Värriötunturi,4.4,-1.0,59.0
2022-05-06,Enontekiö Kilpisjärvi kyläkeskus,3.1,-1.0,88.0
2022-05-06,Enontekiö Kilpisjärvi Saana,-1.9,,
2022-05-06,Enontekiö Näkkälä,3.4,-1.0,73.0
2022-05-06,Inari Angeli Lintupuoliselkä,3.9,-1.0,45.0
2022-05-06,Inari Ivalo lentoasema,5.7,,
2022-05-06,Utsjoki Kevo,4.5,-1.0,40.0
2022-05-06,Utsjoki Nuorgam,4.7,-1.0,24.0
2022-05-06,Inari Väylä,5.4,,
2022-05-06,Inari kirkonkylä,,-1.0,31.0
2022-05-06,Inari Kaamanen,4.7,-1.0,48.0
2022-05-06,Inari Nellim,6.2,-1.0,34.0
2022-05-06,Inari Kirakkajärvi,4.6,0.1,56.0
2022-05-06,Mäntsälä Hirvihaara,9.9,-1.0,-1.0
2022-05-06,Lahti Sopenkorpi,10.9,-1.0,-1.0
2022-05-06,Siuntio Sjundby,,-1.0,-1.0
2022-05-06,Sipoo Itätoukki,5.9,,
2022-05-06,Rauma Pyynpää,10.3,-1.0,-1.0
2022-05-06,Muonio Oustajärvi,5.0,-1.0,11.0
2022-05-06,Pyhtää lentokenttä,9.3,-1.0,-1.0
2022-05-06,Sotkamo Tuhkakylä,9.2,-1.0,-1.0
2022-05-06,Tervola Loue,5.1,,
2022-05-06,Kajaani Petäisenniska,9.6,-1.0,16.0
2022-05-06,Utsjoki Kevo Kevojärvi,4.4,,
2022-05-06,Inari Seitalaassa,3.3,,
2022-05-06,Ilmajoki Seinäjoki lentoasema,9.6,,
2022-05-06,Rovaniemi lentoasema AWOS,5.1,0.1,16.0
2022-05-06,Jyväskylä lentoasema AWOS,11.1,-1.0,-1.0
2022-05-06,Puumala kirkonkylä,10.5,-1.0,-1.0
2022-05-06,Helsinki Vuosaari satama,7.6,,
2022-05-06,Maarianhamina Länsisatama,8.1,,
2022-05-06,Lumparland Långnäs satama,9.6,-1.0,-1.0
2022-05-06,Kittilä Lompolonvuoma,5.3,-1.0,
2022-05-06,Kuusamo Ruka Talvijärvi,5.3,,
2022-05-06,Espoo Nuuksio,9.4,-1.0,5.0
2022-05-06,Mikkeli Lentoasema AWOS,11.3,-1.0,-1.0
2022-05-06,Espoo Tapiola,9.9,-1.0,-1.0
2022-05-07,Porvoo Kilpilahti satama,7.4,,
2022-05-07,Jomala Maarianhamina lentoasema,6.9,,
2022-05-07,Parainen Utö,6.4,2.7,-1.0
2022-05-07,Lemland Nyhamn,5.7,,
2022-05-07,Jomala Jomalaby,6.9,5.2,-1.0
2022-05-07,Hammarland Märket,6.6,,
2022-05-07,Kökar Bogskär,6.2,,
2022-05-07,Parainen Fagerholm,6.6,2.8,
2022-05-07,Kumlinge kirkonkylä,7.3,,
2022-05-07,Hanko Russarö,5.9,3.5,
2022-05-07,Kaarina Yltöinen,6.8,1.6,-1.0
2022-05-07,Kemiönsaari Vänö,6.4,,
2022-05-07,Hanko Tulliniemi,6.0,,
2022-05-07,Turku Rajakari,6.9,,
2022-05-07,Turku Artukainen,7.3,0.9,-1.0
2022-05-07,Kemiönsaari Kemiö,7.1,2.8,-1.0
2022-05-07,Hanko Tvärminne,5.9,4.7,-1.0
2022-05-07,Salo Kärkkä,7.1,3.0,
2022-05-07,Lohja Leppäkorpi,,-1.0,-1.0
2022-05-07,Raasepori Jussarö,5.5,,
2022-05-07,Salo Kiikala lentokenttä,5.7,3.0,-1.0
2022-05-07,Vantaa Helsinki-Vantaan lentoasema,7.4,4.0,-1.0
2022-05-07,Inkoo Bågaskär,6.0,,
2022-05-07,Helsinki Kaisaniemi,7.1,2.0,-1.0
2022-05-07,Lohja Porla,6.8,2.2,-1.0
2022-05-07,Vihti Maasoja,6.7,,
2022-05-07,Helsinki Harmaja,5.9,,
2022-05-07,Kirkkonummi Mäkiluoto,6.2,,
2022-05-07,Helsinki Helsingin majakka,6.6,,
2022-05-07,Helsinki Kumpula,7.3,1.8,-1.0
2022-05-07,Helsinki Malmi lentokenttä,7.4,,
2022-05-07,Porvoo Kalbådagrund,7.0,,
2022-05-07,Porvoo Emäsalo,6.4,,
2022-05-07,Porvoo Harabacka,8.0,2.1,-1.0
2022-05-07,Kotka Rankki,6.6,1.5,-1.0
2022-05-07,Loviisa Orrengrund,6.7,,
2022-05-07,Kotka Haapasaari,6.8,,
2022-05-07,Pori lentoasema,6.8,,
2022-05-07,Uusikaupunki Itätulli,,2.1,-1.0
2022-05-07,Kustavi Isokari,6.1,2.8,
2022-05-07,Rauma Kylmäpihlaja,6.1,,
2022-05-07,Pori rautatieasema,7.1,1.3,-1.0
2022-05-07,Turku lentoasema,7.0,,
2022-05-07,Kokemäki Rausenkulma,,1.4,-1.0
2022-05-07,Huittinen Sallila,,1.5,-1.0
2022-05-07,Oripää Teinikivi,,2.7,-1.0
2022-05-07,Pöytyä Yläne,,1.4,-1.0
2022-05-07,Kokemäki Tulkkila,6.8,2.1,-1.0
2022-05-07,Jokioinen Ilmala,6.4,3.8,-1.0
2022-05-07,Nokia Tottijärvi,,4.4,-1.0
2022-05-07,Pirkkala Tampere-Pirkkala lentoasema,6.4,,
2022-05-07,Tampere Härmälä,6.7,6.8,-1.0
2022-05-07,Somero Salkola,5.7,3.4,9.0
2022-05-07,Hyvinkää Hyvinkäänkylä,7.7,3.0,-1.0
2022-05-07,Vihti Hiiskula,,3.0,-1.0
2022-05-07,Hämeenlinna Pirttikoski,,3.5,-1.0
2022-05-07,Nurmijärvi Röykkä,6.6,3.3,-1.0
2022-05-07,Hämeenlinna Katinen,7.1,3.0,
2022-05-07,Hattula Lepaa,6.9,5.1,-1.0
2022-05-07,Hämeenlinna Lammi Pappila,7.1,3.9,-1.0
2022-05-07,Asikkala Pulkkilanharju,7.6,,
2022-05-07,Kouvola Utti lentoasema,8.5,4.5,-1.0
2022-05-07,Kouvola Anjala,8.5,3.2,-1.0
2022-05-07,Heinola Asemantaus,8.9,3.9,-1.0
2022-05-07,Kouvola Voikoski,,5.2,-1.0
2022-05-07,Virolahti Koivuniemi,7.1,2.4,-1.0
2022-05-07,Lappeenranta lentoasema,9.5,,
2022-05-07,Lappeenranta Konnunsuo,9.4,,
2022-05-07,Lappeenranta Lepola,10.0,1.7,-1.0
2022-05-07,Ruokolahti Kotaniemi,,3.0,-1.0
2022-05-07,Lappeenranta Hiekkapakka,4.8,,
2022-05-07,Parikkala Koitsanlahti,10.1,4.8,-1.0
2022-05-07,Kaskinen Sälgrund,6.1,3.5,
2022-05-07,Merikarvia Tuorila,,2.0,-1.0
2022-05-07,Isojoki Kärjenkoski,,1.0,-1.0
2022-05-07,Teuva Kauppilankylä,,2.6,-1.0
2022-05-07,Pori Tahkoluoto satama,6.0,,
2022-05-07,Kristiinankaupunki Majakka,5.3,,
2022-05-07,Karvia Alkkia,6.4,6.7,-1.0
2022-05-07,Kurikka Hirvijärvi,,4.0,-1.0
2022-05-07,Kauhajoki Kuja-Kokko,6.9,1.0,-1.0
2022-05-07,Kankaanpää Niinisalo lentokenttä,6.3,5.2,-1.0
2022-05-07,Alavus Sulkavankylä,,5.3,-1.0
2022-05-07,Virrat Äijänneva,6.8,,
2022-05-07,Jämsä Halli lentoasema,6.6,5.9,-1.0
2022-05-07,Juupajoki Hyytiälä,5.8,6.4,10.0
2022-05-07,Sysmä Joutsjärvi,,5.0,-1.0
2022-05-07,Jyväskylä Muuratjärvi,,7.2,-1.0
2022-05-07,Luhanka Judinsalo,4.7,,
2022-05-07,Multia Pirttiperä,,7.5,0.0
2022-05-07,Joutsa Savenaho,7.2,5.3,-1.0
2022-05-07,Kangasniemi kirkonkylä,,5.1,0.0
2022-05-07,Joutsa Pärnämäki,,5.5,-1.0
2022-05-07,Mikkeli Pitkähiekka,,3.4,-1.0
2022-05-07,Juva Partala,9.0,,
2022-05-07,Varkaus Kosulanniemi,9.0,8.8,-1.0
2022-05-07,Savonlinna Laukansaari,,5.5,-1.0
2022-05-07,Sulkava Halttula,,5.1,-1.0
2022-05-07,Savonlinna lentoasema,9.5,,
2022-05-07,Rantasalmi Rukkasluoto,7.0,,
2022-05-07,Savonlinna Punkaharju Laukansaari,9.8,4.8,-1.0
2022-05-07,Enonkoski Simanala,,5.5,0.0
2022-05-07,Savonlinna Savonranta,,4.8,-1.0
2022-05-07,Rääkkylä kirkonkylä,,6.2,-1.0
2022-05-07,Tohmajärvi Kemie,10.4,3.6,-1.0
2022-05-07,Joensuu Huhtilampi,,4.2,0.0
2022-05-07,Vaasa lentoasema,7.6,,
2022-05-07,Mustasaari Valassaaret,6.1,,
2022-05-07,Närpiö Ylimarkku,,3.3,-1.0
2022-05-07,Mustasaari Riimala,,3.9,-1.0
2022-05-07,Kurikka Pyörni,,2.4,-1.0
2022-05-07,Maalahti Strömmingsbådan,5.5,,
2022-05-07,Vaasa Klemettilä,7.9,3.9,-1.0
2022-05-07,Seinäjoki Pelmaa,7.4,3.4,-1.0
2022-05-07,Kauhava lentokenttä,7.6,2.8,-1.0
2022-05-07,Ähtäri Inha,6.3,5.8,-1.0
2022-05-07,Halsua Purola,6.4,3.0,
2022-05-07,Alajärvi Möksy,6.5,3.4,-1.0
2022-05-07,Multia Karhila,5.5,5.7,27.0
2022-05-07,Viitasaari Haapaniemi,6.9,4.9,-1.0
2022-05-07,Äänekoski Kalaniemi,,4.9,-1.0
2022-05-07,Vesanto kirkonkylä,5.7,6.2,-1.0
2022-05-07,Pielavesi Venetmäki,,6.1,12.0
2022-05-07,Siilinjärvi Kuopio lentoasema,8.0,,
2022-05-07,Kuopio Maaninka,7.4,4.9,-1.0
2022-05-07,Lapinlahti Lamminkäyrä,,5.5,-1.0
2022-05-07,Suonenjoki Iisvesi,,3.0,-1.0
2022-05-07,Kuopio Karttula,,0.8,-1.0
2022-05-07,Kuopio Ritoniemi,6.3,,
2022-05-07,Kuopio Savilahti,8.8,4.3,-1.0
2022-05-07,Heinävesi Palokki,,6.4,0.0
2022-05-07,Outokumpu Viuruniemi,,6.0,0.0
2022-05-07,Rautavaara Ala-Luosta,,5.0,0.0
2022-05-07,Rautavaara Ylä-Luosta,6.2,4.9,13.0
2022-05-07,Liperi Joensuu lentoasema,8.6,,
2022-05-07,Juuka Niemelä,7.5,3.5,2.0
2022-05-07,Joensuu Pyhäselkä,,5.8,-1.0
2022-05-07,Lieksa Koli,,5.2,10.0
2022-05-07,Liperi Tuiskavanluoto,4.3,,
2022-05-07,Joensuu Linnunlahti,7.6,4.2,-1.0
2022-05-07,Lieksa Lampela,7.4,4.5,-1.0
2022-05-07,Ilomantsi Pötsönvaara,8.3,2.9,20.0
2022-05-07,Ilomantsi Mekrijärvi,8.3,3.4,-1.0
2022-05-07,Pietarsaari Kallan,4.7,,
2022-05-07,Kokkola Tankar,5.2,,
2022-05-07,Kruunupyy Kokkola-Pietarsaari lentoasema,7.1,,
2022-05-07,Kaustinen Tastula,,3.0,-1.0
2022-05-07,Kalajoki Ulkokalla,2.2,,
2022-05-07,Kokkola Santahaka,7.3,5.1,-1.0
2022-05-07,Toholampi Oravala,,-1.0,4.0
2022-05-07,Kalajoki Pitkäsenkylä,,2.5,-1.0
2022-05-07,Kalajoki Mehtäkylä,,2.1,-1.0
2022-05-07,Toholampi Laitala,6.7,3.0,-1.0
2022-05-07,Ylivieska lentokenttä,6.8,3.6,-1.0
2022-05-07,Ylivieska Vähäkangas,,2.8,-1.0
2022-05-07,Haapavesi Mustikkamäki,6.1,3.1,-1.0
2022-05-07,Pyhäjärvi Ojakylä,5.6,4.5,-1.0
2022-05-07,Pyhäjärvi Hiidenniemi,,4.6,0.0
2022-05-07,Kiuruvesi Korpijoki,,4.8,-1.0
2022-05-07,Siikalatva Kestilä,,-1.0,-1.0
2022-05-07,Kajaani lentoasema,6.3,,
2022-05-07,Vieremä Kaarakkala,5.8,5.3,11.0
2022-05-07,Kajaani Paltaniemi,,3.6,0.0
2022-05-07,Nurmes Valtimo,6.7,4.9,-1.0
2022-05-07,Ristijärvi Mustavaara,,5.0,30.0
2022-05-07,Sotkamo Kuolaniemi,5.9,4.0,-1.0
2022-05-07,Nurmes Mujejärvi,,6.4,34.0
2022-05-07,Kuhmo Apaja,,5.8,0.0
2022-05-07,Kuhmo Kalliojoki,6.3,5.8,6.0
2022-05-07,Raahe Nahkiainen,3.1,,
2022-05-07,Hailuoto Keskikylä,5.2,4.8,-1.0
2022-05-07,Kemi I majakka,4.0,,
2022-05-07,Hailuoto Marjaniemi,2.8,,
2022-05-07,Raahe Lapaluoto satama,4.4,,
2022-05-07,Oulu lentoasema,5.9,,
2022-05-07,Siikajoki Ruukki,6.4,3.1,-1.0
2022-05-07,Oulu Vihreäsaari satama,5.0,,
2022-05-07,Oulu Oulunsalo Pellonpää,5.2,3.8,8.0
2022-05-07,Vaala Pelso,5.8,3.5,-1.0
2022-05-07,Pudasjärvi lentokenttä,5.2,1.6,16.0
2022-05-07,Utajärvi Särkijärvi,,2.2,0.0
2022-05-07,Pudasjärvi Jaurakkajärvi,,-1.0,20.0
2022-05-07,Suomussalmi Näljänkä,,1.8,23.0
2022-05-07,Suomussalmi Pesiö,4.6,2.3,28.0
2022-05-07,Puolanka Kotila,,3.3,31.0
2022-05-07,Puolanka Paljakka,4.6,2.8,47.0
2022-05-07,Kemi Kemi-Tornio lentoasema,5.5,,
2022-05-07,Kemi Ajos,2.5,,
2022-05-07,Tornio Kaakkuri,6.3,-1.0,-1.0
2022-05-07,Ranua lentokenttä,4.6,3.5,30.0
2022-05-07,Pudasjärvi Sarakylä,,1.8,16.0
2022-05-07,Posio Raistakka,,1.0,58.0
2022-05-07,Taivalkoski Inkee,,1.3,36.0
2022-05-07,Taivalkoski kirkonkylä,4.6,1.3,10.0
2022-05-07,Kuusamo lentoasema,4.3,1.0,50.0
2022-05-07,Kuusamo Kiutaköngäs,4.9,1.1,22.0
2022-05-07,Kuusamo Rukatunturi,2.7,,
2022-05-07,Kuusamo Teeriranta,,1.0,23.0
2022-05-07,Kuusamo Juuma,3.8,,
2022-05-07,Ylitornio Meltosjärvi,6.8,-1.0,12.0
2022-05-07,Kolari Kattilamaa,,-1.0,10.0
2022-05-07,Pello kirkonkylä,6.8,-1.0,2.0
2022-05-07,Rovaniemi rautatieasema,6.7,,
2022-05-07,Sodankylä Tähtelä,6.1,-1.0,38.0
2022-05-07,Rovaniemi Apukka,6.4,-1.0,7.0
2022-05-07,Pelkosenniemi kirkonkylä,,-1.0,2.0
2022-05-07,Kemijärvi lentokenttä,5.5,-1.0,7.0
2022-05-07,Savukoski kirkonkylä,5.9,0.0,10.0
2022-05-07,Salla Kelloselkä,,0.0,27.0
2022-05-07,Pelkosenniemi Pyhätunturi,3.4,,
2022-05-07,Salla kirkonkylä,5.0,0.6,-1.0
2022-05-07,Salla Naruska,5.1,0.3,33.0
2022-05-07,Enontekiö Kaaresuvanto,,-1.0,50.0
2022-05-07,Enontekiö lentoasema,3.7,,
2022-05-07,Kittilä Pulju,,-1.0,15.0
2022-05-07,Muonio Laukukero,-0.1,,
2022-05-07,Muonio Sammaltunturi,2.0,,
2022-05-07,Kittilä Matorova,4.2,,
2022-05-07,Kittilä lentoasema,5.4,,
2022-05-07,Kittilä Kenttärova,4.3,-1.0,90.0
2022-05-07,Kittilä Pakatti,5.4,-1.0,19.0
2022-05-07,Kittilä Pokka,4.5,-1.0,80.0
2022-05-07,Sodankylä Lokka,5.7,-1.0,15.0
2022-05-07,Sodankylä Vuotso,5.0,0.1,41.0
2022-05-07,Inari Saariselkä matkailukeskus,4.6,1.3,72.0
2022-05-07,Inari Saariselkä Kaunispää,3.3,,
2022-05-07,Inari Raja-Jooseppi Kontiojärvi,,3.3,35.0
2022-05-07,Inari Raja-Jooseppi,5.5,,
2022-05-07,Salla Värriötunturi,4.5,1.1,54.0
2022-05-07,Enontekiö Kilpisjärvi kyläkeskus,0.7,3.0,83.0
2022-05-07,Enontekiö Kilpisjärvi Saana,-3.9,,
2022-05-07,Enontekiö Näkkälä,2.9,-1.0,70.0
2022-05-07,Inari Angeli Lintupuoliselkä,4.1,-1.0,40.0
2022-05-07,Inari Ivalo lentoasema,6.2,,
2022-05-07,Utsjoki Kevo,5.7,-1.0,37.0
2022-05-07,Utsjoki Nuorgam,6.0,0.1,16.0
2022-05-07,Inari Väylä,5.7,,
2022-05-07,Inari kirkonkylä,,0.0,29.0
2022-05-07,Inari Kaamanen,5.4,1.2,45.0
2022-05-07,Inari Nellim,6.7,3.3,27.0
2022-05-07,Inari Kirakkajärvi,5.8,0.3,52.0
2022-05-07,Mäntsälä Hirvihaara,7.3,3.2,-1.0
2022-05-07,Lahti Sopenkorpi,8.2,4.3,-1.0
2022-05-07,Siuntio Sjundby,,2.1,-1.0
2022-05-07,Sipoo Itätoukki,5.9,,
2022-05-07,Rauma Pyynpää,6.7,1.1,-1.0
2022-05-07,Muonio Oustajärvi,5.0,-1.0,7.0
2022-05-07,Pyhtää lentokenttä,8.1,1.8,-1.0
2022-05-07,Sotkamo Tuhkakylä,5.7,4.6,-1.0
2022-05-07,Tervola Loue,6.6,,
2022-05-07,Kajaani Petäisenniska,6.5,4.2,8.0
2022-05-07,Utsjoki Kevo Kevojärvi,5.6,,
2022-05-07,Inari Seitalaassa,4.2,,
2022-05-07,Ilmajoki Seinäjoki lentoasema,7.0,,
2022-05-07,Rovaniemi lentoasema AWOS,5.5,-1.0,11.0
2022-05-07,Jyväskylä lentoasema AWOS,7.2,6.8,-1.0
2022-05-07,Puumala kirkonkylä,9.1,3.8,-1.0
2022-05-07,Helsinki Vuosaari satama,6.8,,
2022-05-07,Maarianhamina Länsisatama,7.0,,
2022-05-07,Lumparland Långnäs satama,7.9,2.2,-1.0
2022-05-07,Kittilä Lompolonvuoma,4.8,-1.0,
2022-05-07,Kuusamo Ruka Talvijärvi,4.5,,
2022-05-07,Espoo Nuuksio,6.2,3.1,-1.0
2022-05-07,Mikkeli Lentoasema AWOS,9.3,5.0,-1.0
2022-05-07,Espoo Tapiola,7.1,1.7,-1.0
2022-05-08,Porvoo Kilpilahti satama,6.8,,
2022-05-08,Jomala Maarianhamina lentoasema,5.1,,
2022-05-08,Parainen Utö,5.7,-1.0,-1.0
2022-05-08,Lemland Nyhamn,5.7,,
2022-05-08,Jomala Jomalaby,4.9,-1.0,-1.0
2022-05-08,Hammarland Märket,4.7,,
2022-05-08,Kökar Bogskär,5.0,,
2022-05-08,Parainen Fagerholm,5.4,-1.0,
2022-05-08,Kumlinge kirkonkylä,5.2,,
2022-05-08,Hanko Russarö,6.4,-1.0,
2022-05-08,Kaarina Yltöinen,5.5,-1.0,-1.0
2022-05-08,Kemiönsaari Vänö,5.6,,
2022-05-08,Hanko Tulliniemi,5.9,,
2022-05-08,Turku Rajakari,5.3,,
2022-05-08,Turku Artukainen,5.4,-1.0,-1.0
2022-05-08,Kemiönsaari Kemiö,5.4,-1.0,-1.0
2022-05-08,Hanko Tvärminne,6.0,-1.0,-1.0
2022-05-08,Salo Kärkkä,5.5,-1.0,
2022-05-08,Lohja Leppäkorpi,,0.0,-1.0
2022-05-08,Raasepori Jussarö,6.0,,
2022-05-08,Salo Kiikala lentokenttä,4.1,-1.0,-1.0
2022-05-08,Vantaa Helsinki-Vantaan lentoasema,5.7,0.0,-1.0
2022-05-08,Inkoo Bågaskär,5.9,,
2022-05-08,Helsinki Kaisaniemi,7.1,-1.0,-1.0
2022-05-08,Lohja Porla,6.0,-1.0,-1.0
2022-05-08,Vihti Maasoja,5.1,,
2022-05-08,Helsinki Harmaja,6.2,,
2022-05-08,Kirkkonummi Mäkiluoto,5.8,,
2022-05-08,Helsinki Helsingin majakka,5.4,,
2022-05-08,Helsinki Kumpula,6.7,-1.0,-1.0
2022-05-08,Helsinki Malmi lentokenttä,6.4,,
2022-05-08,Porvoo Kalbådagrund,5.2,,
2022-05-08,Porvoo Emäsalo,6.2,,
2022-05-08,Porvoo Harabacka,5.8,-1.0,-1.0
2022-05-08,Kotka Rankki,6.3,-1.0,-1.0
2022-05-08,Loviisa Orrengrund,5.9,,
2022-05-08,Kotka Haapasaari,5.6,,
2022-05-08,Pori lentoasema,4.8,,
2022-05-08,Uusikaupunki Itätulli,,-1.0,-1.0
2022-05-08,Kustavi Isokari,4.5,-1.0,
2022-05-08,Rauma Kylmäpihlaja,4.6,,
2022-05-08,Pori rautatieasema,5.1,-1.0,-1.0
2022-05-08,Turku lentoasema,4.2,,
2022-05-08,Kokemäki Rausenkulma,,-1.0,-1.0
2022-05-08,Huittinen Sallila,,0.1,-1.0
2022-05-08,Oripää Teinikivi,,-1.0,-1.0
2022-05-08,Pöytyä Yläne,,0.0,-1.0
2022-05-08,Kokemäki Tulkkila,4.5,-1.0,-1.0
2022-05-08,Jokioinen Ilmala,4.6,-1.0,-1.0
2022-05-08,Nokia Tottijärvi,,-1.0,-1.0
2022-05-08,Pirkkala Tampere-Pirkkala lentoasema,4.9,,
2022-05-08,Tampere Härmälä,5.5,0.2,-1.0
2022-05-08,Somero Salkola,4.1,0.3,5.0
2022-05-08,Hyvinkää Hyvinkäänkylä,5.6,-1.0,-1.0
2022-05-08,Vihti Hiiskula,,-1.0,-1.0
2022-05-08,Hämeenlinna Pirttikoski,,-1.0,-1.0
2022-05-08,Nurmijärvi Röykkä,4.6,0.3,-1.0
2022-05-08,Hämeenlinna Katinen,5.6,-1.0,
2022-05-08,Hattula Lepaa,5.2,0.5,-1.0
2022-05-08,Hämeenlinna Lammi Pappila,4.8,0.4,-1.0
2022-05-08,Asikkala Pulkkilanharju,5.0,,
2022-05-08,Kouvola Utti lentoasema,5.4,-1.0,-1.0
2022-05-08,Kouvola Anjala,5.9,-1.0,-1.0
2022-05-08,Heinola Asemantaus,5.8,-1.0,-1.0
2022-05-08,Kouvola Voikoski,,-1.0,-1.0
2022-05-08,Virolahti Koivuniemi,6.1,0.2,-1.0
2022-05-08,Lappeenranta lentoasema,5.4,,
2022-05-08,Lappeenranta Konnunsuo,5.3,,
2022-05-08,Lappeenranta Lepola,5.6,0.1,-1.0
2022-05-08,Ruokolahti Kotaniemi,,0.4,-1.0
2022-05-08,Lappeenranta Hiekkapakka,3.0,,
2022-05-08,Parikkala Koitsanlahti,4.6,0.6,-1.0
2022-05-08,Kaskinen Sälgrund,4.9,0.3,
2022-05-08,Merikarvia Tuorila,,-1.0,-1.0
2022-05-08,Isojoki Kärjenkoski,,-1.0,-1.0
2022-05-08,Teuva Kauppilankylä,,-1.0,-1.0
2022-05-08,Pori Tahkoluoto satama,4.4,,
2022-05-08,Kristiinankaupunki Majakka,3.7,,
2022-05-08,Karvia Alkkia,4.0,-1.0,-1.0
2022-05-08,Kurikka Hirvijärvi,,0.0,-1.0
2022-05-08,Kauhajoki Kuja-Kokko,4.6,-1.0,-1.0
2022-05-08,Kankaanpää Niinisalo lentokenttä,4.0,0.4,-1.0
2022-05-08,Alavus Sulkavankylä,,-1.0,-1.0
2022-05-08,Virrat Äijänneva,4.3,,
2022-05-08,Jämsä Halli lentoasema,4.7,-1.0,-1.0
2022-05-08,Juupajoki Hyytiälä,4.0,0.0,2.0
2022-05-08,Sysmä Joutsjärvi,,-1.0,-1.0
2022-05-08,Jyväskylä Muuratjärvi,,0.0,-1.0
2022-05-08,Luhanka Judinsalo,4.8,,
2022-05-08,Multia Pirttiperä,,0.2,0.0
2022-05-08,Joutsa Savenaho,3.8,-1.0,-1.0
2022-05-08,Kangasniemi kirkonkylä,,0.3,0.0
2022-05-08,Joutsa Pärnämäki,,0.3,-1.0
2022-05-08,Mikkeli Pitkähiekka,,0.0,-1.0
2022-05-08,Juva Partala,5.1,,
2022-05-08,Varkaus Kosulanniemi,5.5,-1.0,-1.0
2022-05-08,Savonlinna Laukansaari,,0.5,-1.0
2022-05-08,Sulkava Halttula,,1.1,-1.0
2022-05-08,Savonlinna lentoasema,5.2,,
2022-05-08,Rantasalmi Rukkasluoto,4.3,,
2022-05-08,Savonlinna Punkaharju Laukansaari,4.7,0.5,-1.0
2022-05-08,Enonkoski Simanala,,0.0,-1.0
2022-05-08,Savonlinna Savonranta,,0.4,-1.0
2022-05-08,Rääkkylä kirkonkylä,,-1.0,-1.0
2022-05-08,Tohmajärvi Kemie,5.5,-1.0,-1.0
2022-05-08,Joensuu Huhtilampi,,-1.0,-1.0
2022-05-08,Vaasa lentoasema,5.9,,
2022-05-08,Mustasaari Valassaaret,4.7,,
2022-05-08,Närpiö Ylimarkku,,-1.0,-1.0
2022-05-08,Mustasaari Riimala,,-1.0,-1.0
2022-05-08,Kurikka Pyörni,,0.0,-1.0
2022-05-08,Maalahti Strömmingsbådan,4.5,,
2022-05-08,Vaasa Klemettilä,6.0,-1.0,-1.0
2022-05-08,Seinäjoki Pelmaa,4.8,-1.0,-1.0
2022-05-08,Kauhava lentokenttä,5.1,-1.0,-1.0
2022-05-08,Ähtäri Inha,4.3,-1.0,-1.0
2022-05-08,Halsua Purola,3.1,-1.0,-1.0
2022-05-08,Alajärvi Möksy,3.5,-1.0,-1.0
2022-05-08,Multia Karhila,3.5,-1.0,24.0
2022-05-08,Viitasaari Haapaniemi,4.5,-1.0,-1.0
2022-05-08,Äänekoski Kalaniemi,,-1.0,-1.0
2022-05-08,Vesanto kirkonkylä,3.4,-1.0,-1.0
2022-05-08,Pielavesi Venetmäki,,-1.0,9.0
2022-05-08,Siilinjärvi Kuopio lentoasema,4.7,,
2022-05-08,Kuopio Maaninka,4.0,-1.0,-1.0
2022-05-08,Lapinlahti Lamminkäyrä,,0.0,-1.0
2022-05-08,Suonenjoki Iisvesi,,0.0,-1.0
2022-05-08,Kuopio Karttula,,-1.0,-1.0
2022-05-08,Kuopio Ritoniemi,4.1,,
2022-05-08,Kuopio Savilahti,4.8,-1.0,-1.0
2022-05-08,Heinävesi Palokki,,0.0,-1.0
2022-05-08,Outokumpu Viuruniemi,,0.1,0.0
2022-05-08,Rautavaara Ala-Luosta,,0.2,0.0
2022-05-08,Rautavaara Ylä-Luosta,3.2,0.0,0.0
2022-05-08,Liperi Joensuu lentoasema,4.4,,
2022-05-08,Juuka Niemelä,4.3,0.4,-1.0
2022-05-08,Joensuu Pyhäselkä,,0.1,-1.0
2022-05-08,Lieksa Koli,,-1.0,3.0
2022-05-08,Liperi Tuiskavanluoto,4.5,,
2022-05-08,Joensuu Linnunlahti,5.3,-1.0,-1.0
2022-05-08,Lieksa Lampela,4.3,-1.0,-1.0
2022-05-08,Ilomantsi Pötsönvaara,4.3,-1.0,13.0
2022-05-08,Ilomantsi Mekrijärvi,4.9,-1.0,-1.0
2022-05-08,Pietarsaari Kallan,3.2,,
2022-05-08,Kokkola Tankar,3.6,,
2022-05-08,Kruunupyy Kokkola-Pietarsaari lentoasema,4.9,,
2022-05-08,Kaustinen Tastula,,-1.0,-1.0
2022-05-08,Kalajoki Ulkokalla,1.6,,
2022-05-08,Kokkola Santahaka,4.9,-1.0,-1.0
2022-05-08,Toholampi Oravala,,-1.0,-1.0
2022-05-08,Kalajoki Pitkäsenkylä,,-1.0,-1.0
2022-05-08,Kalajoki Mehtäkylä,,-1.0,-1.0
2022-05-08,Toholampi Laitala,3.9,-1.0,-1.0
2022-05-08,Ylivieska lentokenttä,4.2,-1.0,-1.0
2022-05-08,Ylivieska Vähäkangas,,-1.0,-1.0
2022-05-08,Haapavesi Mustikkamäki,3.6,-1.0,-1.0
2022-05-08,Pyhäjärvi Ojakylä,2.8,-1.0,-1.0
2022-05-08,Pyhäjärvi Hiidenniemi,,-1.0,0.0
2022-05-08,Kiuruvesi Korpijoki,,-1.0,-1.0
2022-05-08,Siikalatva Kestilä,,-1.0,-1.0
2022-05-08,Kajaani lentoasema,3.0,,
2022-05-08,Vieremä Kaarakkala,3.1,-1.0,3.0
2022-05-08,Kajaani Paltaniemi,,-1.0,0.0
2022-05-08,Nurmes Valtimo,3.7,-1.0,-1.0
2022-05-08,Ristijärvi Mustavaara,,-1.0,25.0
2022-05-08,Sotkamo Kuolaniemi,4.0,-1.0,-1.0
2022-05-08,Nurmes Mujejärvi,,-1.0,32.0
2022-05-08,Kuhmo Apaja,,0.1,0.0
2022-05-08,Kuhmo Kalliojoki,3.2,-1.0,-1.0
2022-05-08,Raahe Nahkiainen,1.3,,
2022-05-08,Hailuoto Keskikylä,3.6,-1.0,-1.0
2022-05-08,Kemi I majakka,2.4,,
2022-05-08,Hailuoto Marjaniemi,1.6,,
2022-05-08,Raahe Lapaluoto satama,1.9,,
2022-05-08,Oulu lentoasema,3.3,,
2022-05-08,Siikajoki Ruukki,3.4,-1.0,-1.0
2022-05-08,Oulu Vihreäsaari satama,2.2,,
2022-05-08,Oulu Oulunsalo Pellonpää,3.1,-1.0,3.0
2022-05-08,Vaala Pelso,3.6,-1.0,-1.0
2022-05-08,Pudasjärvi lentokenttä,3.7,-1.0,13.0
2022-05-08,Utajärvi Särkijärvi,,0.0,0.0
2022-05-08,Pudasjärvi Jaurakkajärvi,,-1.0,19.0
2022-05-08,Suomussalmi Näljänkä,,-1.0,20.0
2022-05-08,Suomussalmi Pesiö,2.2,-1.0,26.0
2022-05-08,Puolanka Kotila,,0.0,28.0
2022-05-08,Puolanka Paljakka,1.6,-1.0,43.0
2022-05-08,Kemi Kemi-Tornio lentoasema,3.8,,
2022-05-08,Kemi Ajos,1.4,,
2022-05-08,Tornio Kaakkuri,5.0,-1.0,-1.0
2022-05-08,Ranua lentokenttä,3.6,-1.0,28.0
2022-05-08,Pudasjärvi Sarakylä,,-1.0,12.0
2022-05-08,Posio Raistakka,,0.0,54.0
2022-05-08,Taivalkoski Inkee,,0.0,32.0
2022-05-08,Taivalkoski kirkonkylä,3.3,-1.0,6.0
2022-05-08,Kuusamo lentoasema,2.4,-1.0,48.0
2022-05-08,Kuusamo Kiutaköngäs,2.9,-1.0,20.0
2022-05-08,Kuusamo Rukatunturi,0.7,,
2022-05-08,Kuusamo Teeriranta,,-1.0,18.0
2022-05-08,Kuusamo Juuma,2.1,,
2022-05-08,Ylitornio Meltosjärvi,3.9,-1.0,8.0
2022-05-08,Kolari Kattilamaa,,-1.0,6.0
2022-05-08,Pello kirkonkylä,4.3,-1.0,2.0
2022-05-08,Rovaniemi rautatieasema,4.3,,
2022-05-08,Sodankylä Tähtelä,3.2,-1.0,35.0
2022-05-08,Rovaniemi Apukka,3.2,-1.0,7.0
2022-05-08,Pelkosenniemi kirkonkylä,,0.5,1.0
2022-05-08,Kemijärvi lentokenttä,2.5,-1.0,-1.0
2022-05-08,Savukoski kirkonkylä,2.5,0.0,0.0
2022-05-08,Salla Kelloselkä,,0.0,22.0
2022-05-08,Pelkosenniemi Pyhätunturi,0.9,,
2022-05-08,Salla kirkonkylä,2.7,0.4,-1.0
2022-05-08,Salla Naruska,1.9,-1.0,28.0
2022-05-08,Enontekiö Kaaresuvanto,,-1.0,50.0
2022-05-08,Enontekiö lentoasema,0.7,,
2022-05-08,Kittilä Pulju,,-1.0,10.0
2022-05-08,Muonio Laukukero,-3.3,,
2022-05-08,Muonio Sammaltunturi,-1.4,,
2022-05-08,Kittilä Matorova,1.2,,
2022-05-08,Kittilä lentoasema,2.8,,
2022-05-08,Kittilä Kenttärova,1.2,-1.0,88.0
2022-05-08,Kittilä Pakatti,2.8,-1.0,13.0
2022-05-08,Kittilä Pokka,1.5,-1.0,78.0
2022-05-08,Sodankylä Lokka,1.5,-1.0,10.0
2022-05-08,Sodankylä Vuotso,2.0,-1.0,37.0
2022-05-08,Inari Saariselkä matkailukeskus,0.9,0.1,68.0
2022-05-08,Inari Saariselkä Kaunispää,-0.7,,
2022-05-08,Inari Raja-Jooseppi Kontiojärvi,,0.3,30.0
2022-05-08,Inari Raja-Jooseppi,1.2,,
2022-05-08,Salla Värriötunturi,0.4,0.0,53.0
2022-05-08,Enontekiö Kilpisjärvi kyläkeskus,-2.0,1.9,85.0
2022-05-08,Enontekiö Kilpisjärvi Saana,-6.2,,
2022-05-08,Enontekiö Näkkälä,-0.3,-1.0,65.0
2022-05-08,Inari Angeli Lintupuoliselkä,0.9,-1.0,37.0
2022-05-08,Inari Ivalo lentoasema,2.0,,
2022-05-08,Utsjoki Kevo,1.3,-1.0,33.0
2022-05-08,Utsjoki Nuorgam,1.5,0.2,9.0
2022-05-08,Inari Väylä,1.8,,
2022-05-08,Inari kirkonkylä,,0.0,26.0
2022-05-08,Inari Kaamanen,1.2,0.5,39.0
2022-05-08,Inari Nellim,1.4,-1.0,27.0
2022-05-08,Inari Kirakkajärvi,1.2,-1.0,47.0
2022-05-08,Mäntsälä Hirvihaara,4.1,-1.0,-1.0
2022-05-08,Lahti Sopenkorpi,5.8,0.1,-1.0
2022-05-08,Siuntio Sjundby,,-1.0,-1.0
2022-05-08,Sipoo Itätoukki,5.9,,
2022-05-08,Rauma Pyynpää,4.6,-1.0,-1.0
2022-05-08,Muonio Oustajärvi,1.8,-1.0,7.0
2022-05-08,Pyhtää lentokenttä,6.4,-1.0,-1.0
2022-05-08,Sotkamo Tuhkakylä,3.0,-1.0,-1.0
2022-05-08,Tervola Loue,4.6,,
2022-05-08,Kajaani Petäisenniska,3.4,-1.0,-1.0
2022-05-08,Utsjoki Kevo Kevojärvi,1.2,,
2022-05-08,Inari Seitalaassa,0.5,,
2022-05-08,Ilmajoki Seinäjoki lentoasema,4.8,,
2022-05-08,Rovaniemi lentoasema AWOS,3.3,-1.0,5.0
2022-05-08,Jyväskylä lentoasema AWOS,4.4,-1.0,-1.0
2022-05-08,Puumala kirkonkylä,5.3,0.1,-1.0
2022-05-08,Helsinki Vuosaari satama,7.1,,
2022-05-08,Maarianhamina Länsisatama,5.7,,
2022-05-08,Lumparland Långnäs satama,5.8,-1.0,-1.0
2022-05-08,Kittilä Lompolonvuoma,1.5,-1.0,
2022-05-08,Kuusamo Ruka Talvijärvi,2.4,,
2022-05-08,Espoo Nuuksio,5.0,0.2,-1.0
2022-05-08,Mikkeli Lentoasema AWOS,4.7,-1.0,-1.0
2022-05-08,Espoo Tapiola,6.4,-1.0,-1.0
2022-05-09,Porvoo Kilpilahti satama,7.3,,
2022-05-09,Jomala Maarianhamina lentoasema,7.1,,
2022-05-09,Parainen Utö,6.9,-1.0,-1.0
2022-05-09,Lemland Nyhamn,6.0,,
2022-05-09,Jomala Jomalaby,8.2,-1.0,-1.0
2022-05-09,Hammarland Märket,6.6,,
2022-05-09,Kökar Bogskär,6.1,,
2022-05-09,Parainen Fagerholm,6.6,-1.0,
2022-05-09,Kumlinge kirkonkylä,8.6,,
2022-05-09,Hanko Russarö,6.2,-1.0,
2022-05-09,Kaarina Yltöinen,5.9,-1.0,-1.0
2022-05-09,Kemiönsaari Vänö,6.6,,
2022-05-09,Hanko Tulliniemi,6.1,,
2022-05-09,Turku Rajakari,6.5,,
2022-05-09,Turku Artukainen,6.9,-1.0,-1.0
2022-05-09,Kemiönsaari Kemiö,6.3,-1.0,-1.0
2022-05-09,Hanko Tvärminne,6.2,-1.0,-1.0
2022-05-09,Salo Kärkkä,6.4,-1.0,
2022-05-09,Lohja Leppäkorpi,,-1.0,-1.0
2022-05-09,Raasepori Jussarö,5.2,,
2022-05-09,Salo Kiikala lentokenttä,5.8,-1.0,-1.0
2022-05-09,Vantaa Helsinki-Vantaan lentoasema,7.0,-1.0,-1.0
2022-05-09,Inkoo Bågaskär,5.6,,
2022-05-09,Helsinki Kaisaniemi,7.0,-1.0,-1.0
2022-05-09,Lohja Porla,6.8,-1.0,-1.0
2022-05-09,Vihti Maasoja,6.2,,
2022-05-09,Helsinki Harmaja,5.0,,
2022-05-09,Kirkkonummi Mäkiluoto,5.2,,
2022-05-09,Helsinki Helsingin majakka,4.8,,
2022-05-09,Helsinki Kumpula,7.2,0.0,-1.0
2022-05-09,Helsinki Malmi lentokenttä,7.4,,
2022-05-09,Porvoo Kalbådagrund,4.7,,
2022-05-09,Porvoo Emäsalo,5.3,,
2022-05-09,Porvoo Harabacka,7.4,-1.0,-1.0
2022-05-09,Kotka Rankki,5.3,-1.0,-1.0
2022-05-09,Loviisa Orrengrund,6.0,,
2022-05-09,Kotka Haapasaari,5.0,,
2022-05-09,Pori lentoasema,8.2,,
2022-05-09,Uusikaupunki Itätulli,,-1.0,-1.0
2022-05-09,Kustavi Isokari,7.1,-1.0,
2022-05-09,Rauma Kylmäpihlaja,7.5,,
2022-05-09,Pori rautatieasema,8.5,-1.0,-1.0
2022-05-09,Turku lentoasema,7.1,,
2022-05-09,Kokemäki Rausenkulma,,-1.0,-1.0
2022-05-09,Huittinen Sallila,,-1.0,-1.0
2022-05-09,Oripää Teinikivi,,-1.0,-1.0
2022-05-09,Pöytyä Yläne,,-1.0,-1.0
2022-05-09,Kokemäki Tulkkila,7.5,-1.0,-1.0
2022-05-09,Jokioinen Ilmala,6.6,-1.0,-1.0
2022-05-09,Nokia Tottijärvi,,-1.0,-1.0
2022-05-09,Pirkkala Tampere-Pirkkala lentoasema,7.1,,
2022-05-09,Tampere Härmälä,7.6,-1.0,-1.0
2022-05-09,Somero Salkola,5.9,-1.0,-1.0
2022-05-09,Hyvinkää Hyvinkäänkylä,7.1,-1.0,-1.0
2022-05-09,Vihti Hiiskula,,-1.0,-1.0
2022-05-09,Hämeenlinna Pirttikoski,,-1.0,-1.0
2022-05-09,Nurmijärvi Röykkä,6.6,-1.0,-1.0
2022-05-09,Hämeenlinna Katinen,7.4,-1.0,
2022-05-09,Hattula Lepaa,6.8,-1.0,-1.0
2022-05-09,Hämeenlinna Lammi Pappila,6.6,-1.0,-1.0
2022-05-09,Asikkala Pulkkilanharju,6.6,,
2022-05-09,Kouvola Utti lentoasema,6.7,-1.0,-1.0
2022-05-09,Kouvola Anjala,6.7,-1.0,-1.0
2022-05-09,Heinola Asemantaus,7.1,-1.0,-1.0
2022-05-09,Kouvola Voikoski,,-1.0,-1.0
2022-05-09,Virolahti Koivuniemi,5.6,-1.0,-1.0
2022-05-09,Lappeenranta lentoasema,6.3,,
2022-05-09,Lappeenranta Konnunsuo,5.0,,
2022-05-09,Lappeenranta Lepola,6.5,-1.0,-1.0
2022-05-09,Ruokolahti Kotaniemi,,-1.0,-1.0
2022-05-09,Lappeenranta Hiekkapakka,3.5,,
2022-05-09,Parikkala Koitsanlahti,5.4,-1.0,-1.0
2022-05-09,Kaskinen Sälgrund,6.3,-1.0,
2022-05-09,Merikarvia Tuorila,,-1.0,-1.0
2022-05-09,Isojoki Kärjenkoski,,-1.0,-1.0
2022-05-09,Teuva Kauppilankylä,,-1.0,-1.0
2022-05-09,Pori Tahkoluoto satama,6.0,,
2022-05-09,Kristiinankaupunki Majakka,5.1,,
2022-05-09,Karvia Alkkia,6.3,-1.0,-1.0
2022-05-09,Kurikka Hirvijärvi,,0.0,-1.0
2022-05-09,Kauhajoki Kuja-Kokko,7.0,-1.0,-1.0
2022-05-09,Kankaanpää Niinisalo lentokenttä,7.0,-1.0,-1.0
2022-05-09,Alavus Sulkavankylä,,-1.0,-1.0
2022-05-09,Virrat Äijänneva,6.1,,
2022-05-09,Jämsä Halli lentoasema,6.3,-1.0,-1.0
2022-05-09,Juupajoki Hyytiälä,6.3,-1.0,0.0
2022-05-09,Sysmä Joutsjärvi,,-1.0,-1.0
2022-05-09,Jyväskylä Muuratjärvi,,0.0,-1.0
2022-05-09,Luhanka Judinsalo,5.5,,
2022-05-09,Multia Pirttiperä,,0.0,-1.0
2022-05-09,Joutsa Savenaho,5.1,-1.0,-1.0
2022-05-09,Kangasniemi kirkonkylä,,-1.0,0.0
2022-05-09,Joutsa Pärnämäki,,-1.0,-1.0
2022-05-09,Mikkeli Pitkähiekka,,-1.0,-1.0
2022-05-09,Juva Partala,5.7,,
2022-05-09,Varkaus Kosulanniemi,5.9,-1.0,-1.0
2022-05-09,Savonlinna Laukansaari,,-1.0,-1.0
2022-05-09,Sulkava Halttula,,-1.0,-1.0
2022-05-09,Savonlinna lentoasema,5.7,,
2022-05-09,Rantasalmi Rukkasluoto,5.5,,
2022-05-09,Savonlinna Punkaharju Laukansaari,5.3,-1.0,-1.0
2022-05-09,Enonkoski Simanala,,-1.0,-1.0
2022-05-09,Savonlinna Savonranta,,-1.0,-1.0
2022-05-09,Rääkkylä kirkonkylä,,-1.0,-1.0
2022-05-09,Tohmajärvi Kemie,4.8,-1.0,-1.0
2022-05-09,Joensuu Huhtilampi,,-1.0,-1.0
2022-05-09,Vaasa lentoasema,7.8,,
2022-05-09,Mustasaari Valassaaret,6.1,,
2022-05-09,Närpiö Ylimarkku,,-1.0,-1.0
2022-05-09,Mustasaari Riimala,,0.0,-1.0
2022-05-09,Kurikka Pyörni,,-1.0,-1.0
2022-05-09,Maalahti Strömmingsbådan,5.3,,
2022-05-09,Vaasa Klemettilä,7.8,-1.0,-1.0
2022-05-09,Seinäjoki Pelmaa,7.6,-1.0,-1.0
2022-05-09,Kauhava lentokenttä,7.0,-1.0,-1.0
2022-05-09,Ähtäri Inha,5.8,0.1,-1.0
2022-05-09,Halsua Purola,6.0,-1.0,-1.0
2022-05-09,Alajärvi Möksy,4.8,-1.0,-1.0
2022-05-09,Multia Karhila,4.7,0.7,21.0
2022-05-09,Viitasaari Haapaniemi,5.8,-1.0,-1.0
2022-05-09,Äänekoski Kalaniemi,,-1.0,-1.0
2022-05-09,Vesanto kirkonkylä,5.0,-1.0,-1.0
2022-05-09,Pielavesi Venetmäki,,-1.0,5.0
2022-05-09,Siilinjärvi Kuopio lentoasema,5.8,,
2022-05-09,Kuopio Maaninka,5.4,-1.0,-1.0
2022-05-09,Lapinlahti Lamminkäyrä,,-1.0,-1.0
2022-05-09,Suonenjoki Iisvesi,,-1.0,-1.0
2022-05-09,Kuopio Karttula,,-1.0,-1.0
2022-05-09,Kuopio Ritoniemi,4.7,,
2022-05-09,Kuopio Savilahti,6.0,-1.0,-1.0
2022-05-09,Heinävesi Palokki,,-1.0,-1.0
2022-05-09,Outokumpu Viuruniemi,,-1.0,-1.0
2022-05-09,Rautavaara Ala-Luosta,,-1.0,0.0
2022-05-09,Rautavaara Ylä-Luosta,4.0,-1.0,0.0
2022-05-09,Liperi Joensuu lentoasema,5.6,,
2022-05-09,Juuka Niemelä,4.4,-1.0,-1.0
2022-05-09,Joensuu Pyhäselkä,,-1.0,-1.0
2022-05-09,Lieksa Koli,,-1.0,0.0
2022-05-09,Liperi Tuiskavanluoto,4.1,,
2022-05-09,Joensuu Linnunlahti,5.3,-1.0,-1.0
2022-05-09,Lieksa Lampela,3.7,-1.0,-1.0
2022-05-09,Ilomantsi Pötsönvaara,3.8,-1.0,8.0
2022-05-09,Ilomantsi Mekrijärvi,4.8,-1.0,-1.0
2022-05-09,Pietarsaari Kallan,4.5,,
2022-05-09,Kokkola Tankar,5.7,,
2022-05-09,Kruunupyy Kokkola-Pietarsaari lentoasema,6.6,,
2022-05-09,Kaustinen Tastula,,-1.0,-1.0
2022-05-09,Kalajoki Ulkokalla,2.0,,
2022-05-09,Kokkola Santahaka,6.8,-1.0,-1.0
2022-05-09,Toholampi Oravala,,-1.0,-1.0
2022-05-09,Kalajoki Pitkäsenkylä,,-1.0,-1.0
2022-05-09,Kalajoki Mehtäkylä,,-1.0,-1.0
2022-05-09,Toholampi Laitala,6.3,-1.0,-1.0
2022-05-09,Ylivieska lentokenttä,6.7,-1.0,-1.0
2022-05-09,Ylivieska Vähäkangas,,-1.0,-1.0
2022-05-09,Haapavesi Mustikkamäki,6.6,-1.0,-1.0
2022-05-09,Pyhäjärvi Ojakylä,5.5,-1.0,-1.0
2022-05-09,Pyhäjärvi Hiidenniemi,,-1.0,-1.0
2022-05-09,Kiuruvesi Korpijoki,,-1.0,-1.0
2022-05-09,Siikalatva Kestilä,,-1.0,-1.0
2022-05-09,Kajaani lentoasema,5.6,,
2022-05-09,Vieremä Kaarakkala,4.9,-1.0,0.0
2022-05-09,Kajaani Paltaniemi,,-1.0,0.0
2022-05-09,Nurmes Valtimo,4.4,-1.0,-1.0
2022-05-09,Ristijärvi Mustavaara,,-1.0,20.0
2022-05-09,Sotkamo Kuolaniemi,5.0,-1.0,-1.0
2022-05-09,Nurmes Mujejärvi,,-1.0,
2022-05-09,Kuhmo Apaja,,-1.0,-1.0
2022-05-09,Kuhmo Kalliojoki,3.4,-1.0,-1.0
2022-05-09,Raahe Nahkiainen,2.1,,
2022-05-09,Hailuoto Keskikylä,3.8,-1.0,-1.0
2022-05-09,Kemi I majakka,2.6,,
2022-05-09,Hailuoto Marjaniemi,1.8,,
2022-05-09,Raahe Lapaluoto satama,3.5,,
2022-05-09,Oulu lentoasema,6.0,,
2022-05-09,Siikajoki Ruukki,6.2,-1.0,-1.0
2022-05-09,Oulu Vihreäsaari satama,4.7,,
2022-05-09,Oulu Oulunsalo Pellonpää,5.6,0.1,-1.0
2022-05-09,Vaala Pelso,5.9,-1.0,-1.0
2022-05-09,Pudasjärvi lentokenttä,5.1,-1.0,7.0
2022-05-09,Utajärvi Särkijärvi,,0.0,-1.0
2022-05-09,Pudasjärvi Jaurakkajärvi,,-1.0,15.0
2022-05-09,Suomussalmi Näljänkä,,0.0,20.0
2022-05-09,Suomussalmi Pesiö,4.6,-1.0,24.0
2022-05-09,Puolanka Kotila,,0.0,26.0
2022-05-09,Puolanka Paljakka,3.6,-1.0,41.0
2022-05-09,Kemi Kemi-Tornio lentoasema,3.7,,
2022-05-09,Kemi Ajos,2.1,,
2022-05-09,Tornio Kaakkuri,3.4,-1.0,-1.0
2022-05-09,Ranua lentokenttä,4.0,-1.0,25.0
2022-05-09,Pudasjärvi Sarakylä,,-1.0,10.0
2022-05-09,Posio Raistakka,,-1.0,53.0
2022-05-09,Taivalkoski Inkee,,0.0,29.0
2022-05-09,Taivalkoski kirkonkylä,4.6,-1.0,-1.0
2022-05-09,Kuusamo lentoasema,3.9,-1.0,47.0
2022-05-09,Kuusamo Kiutaköngäs,4.7,-1.0,17.0
2022-05-09,Kuusamo Rukatunturi,1.8,,
2022-05-09,Kuusamo Teeriranta,,-1.0,18.0
2022-05-09,Kuusamo Juuma,3.6,,
2022-05-09,Ylitornio Meltosjärvi,4.4,-1.0,4.0
2022-05-09,Kolari Kattilamaa,,0.0,4.0
2022-05-09,Pello kirkonkylä,5.4,-1.0,-1.0
2022-05-09,Rovaniemi rautatieasema,4.9,,
2022-05-09,Sodankylä Tähtelä,5.0,-1.0,33.0
2022-05-09,Rovaniemi Apukka,4.1,-1.0,7.0
2022-05-09,Pelkosenniemi kirkonkylä,,0.5,-1.0
2022-05-09,Kemijärvi lentokenttä,3.4,-1.0,-1.0
2022-05-09,Savukoski kirkonkylä,4.3,0.2,0.0
2022-05-09,Salla Kelloselkä,,0.1,20.0
2022-05-09,Pelkosenniemi Pyhätunturi,2.2,,
2022-05-09,Salla kirkonkylä,3.9,0.3,-1.0
2022-05-09,Salla Naruska,3.3,0.4,28.0
2022-05-09,Enontekiö Kaaresuvanto,,0.5,40.0
2022-05-09,Enontekiö lentoasema,2.0,,
2022-05-09,Kittilä Pulju,,0.7,7.0
2022-05-09,Muonio Laukukero,-1.3,,
2022-05-09,Muonio Sammaltunturi,0.3,,
2022-05-09,Kittilä Matorova,2.5,,
2022-05-09,Kittilä lentoasema,4.0,,
2022-05-09,Kittilä Kenttärova,2.5,1.1,87.0
2022-05-09,Kittilä Pakatti,4.1,0.1,12.0
2022-05-09,Kittilä Pokka,2.5,1.3,77.0
2022-05-09,Sodankylä Lokka,4.1,-1.0,7.0
2022-05-09,Sodankylä Vuotso,3.3,-1.0,37.0
2022-05-09,Inari Saariselkä matkailukeskus,2.5,-1.0,66.0
2022-05-09,Inari Saariselkä Kaunispää,1.1,,
2022-05-09,Inari Raja-Jooseppi Kontiojärvi,,-1.0,29.0
2022-05-09,Inari Raja-Jooseppi,2.9,,
2022-05-09,Salla Värriötunturi,2.5,0.0,51.0
2022-05-09,Enontekiö Kilpisjärvi kyläkeskus,0.3,-1.0,83.0
2022-05-09,Enontekiö Kilpisjärvi Saana,-3.4,,
2022-05-09,Enontekiö Näkkälä,1.3,1.1,63.0
2022-05-09,Inari Angeli Lintupuoliselkä,2.1,1.0,36.0
2022-05-09,Inari Ivalo lentoasema,3.8,,
2022-05-09,Utsjoki Kevo,3.7,-1.0,32.0
2022-05-09,Utsjoki Nuorgam,3.6,0.2,3.0
2022-05-09,Inari Väylä,3.6,,
2022-05-09,Inari kirkonkylä,,1.2,24.0
2022-05-09,Inari Kaamanen,2.9,0.8,39.0
2022-05-09,Inari Nellim,4.0,-1.0,24.0
2022-05-09,Inari Kirakkajärvi,3.2,1.8,47.0
2022-05-09,Mäntsälä Hirvihaara,6.3,-1.0,-1.0
2022-05-09,Lahti Sopenkorpi,7.0,-1.0,-1.0
2022-05-09,Siuntio Sjundby,,-1.0,-1.0
2022-05-09,Sipoo Itätoukki,5.0,,
2022-05-09,Rauma Pyynpää,8.9,-1.0,-1.0
2022-05-09,Muonio Oustajärvi,3.1,1.0,6.0
2022-05-09,Pyhtää lentokenttä,6.9,-1.0,-1.0
2022-05-09,Sotkamo Tuhkakylä,5.3,-1.0,-1.0
2022-05-09,Tervola Loue,4.3,,
2022-05-09,Kajaani Petäisenniska,5.8,-1.0,-1.0
2022-05-09,Utsjoki Kevo Kevojärvi,3.4,,
2022-05-09,Inari Seitalaassa,2.2,,
2022-05-09,Ilmajoki Seinäjoki lentoasema,7.3,,
2022-05-09,Rovaniemi lentoasema AWOS,4.3,-1.0,-1.0
2022-05-09,Jyväskylä lentoasema AWOS,5.1,-1.0,-1.0
2022-05-09,Puumala kirkonkylä,6.0,-1.0,-1.0
2022-05-09,Helsinki Vuosaari satama,6.6,,
2022-05-09,Maarianhamina Länsisatama,6.7,,
2022-05-09,Lumparland Långnäs satama,8.0,-1.0,-1.0
2022-05-09,Kittilä Lompolonvuoma,3.1,1.2,
2022-05-09,Kuusamo Ruka Talvijärvi,3.6,,
2022-05-09,Espoo Nuuksio,6.5,-1.0,-1.0
2022-05-09,Mikkeli Lentoasema AWOS,5.6,-1.0,-1.0
2022-05-09,Espoo Tapiola,7.6,-1.0,-1.0
2022-05-10,Porvoo Kilpilahti satama,9.0,,
2022-05-10,Jomala Maarianhamina lentoasema,7.5,,
2022-05-10,Parainen Utö,7.5,2.7,-1.0
2022-05-10,Lemland Nyhamn,6.6,,
2022-05-10,Jomala Jomalaby,8.7,3.9,-1.0
2022-05-10,Hammarland Märket,6.7,,
2022-05-10,Kökar Bogskär,7.0,,
2022-05-10,Parainen Fagerholm,7.2,3.5,
2022-05-10,Kumlinge kirkonkylä,8.7,,
2022-05-10,Hanko Russarö,7.8,2.6,
2022-05-10,Kaarina Yltöinen,8.6,4.3,-1.0
2022-05-10,Kemiönsaari Vänö,7.4,,
2022-05-10,Hanko Tulliniemi,7.4,,
2022-05-10,Turku Rajakari,7.5,,
2022-05-10,Turku Artukainen,9.5,4.5,-1.0
2022-05-10,Kemiönsaari Kemiö,9.3,5.3,-1.0
2022-05-10,Hanko Tvärminne,8.0,2.9,-1.0
2022-05-10,Salo Kärkkä,9.9,6.5,
2022-05-10,Lohja Leppäkorpi,,4.7,-1.0
2022-05-10,Raasepori Jussarö,7.3,,
2022-05-10,Salo Kiikala lentokenttä,9.6,4.6,-1.0
2022-05-10,Vantaa Helsinki-Vantaan lentoasema,10.5,5.3,-1.0
2022-05-10,Inkoo Bågaskär,8.1,,
2022-05-10,Helsinki Kaisaniemi,9.1,7.9,-1.0
2022-05-10,Lohja Porla,9.5,4.5,-1.0
2022-05-10,Vihti Maasoja,9.5,,
2022-05-10,Helsinki Harmaja,6.8,,
2022-05-10,Kirkkonummi Mäkiluoto,7.7,,
2022-05-10,Helsinki Helsingin majakka,8.1,,
2022-05-10,Helsinki Kumpula,9.6,8.2,-1.0
2022-05-10,Helsinki Malmi lentokenttä,9.9,,
2022-05-10,Porvoo Kalbådagrund,7.5,,
2022-05-10,Porvoo Emäsalo,7.2,,
2022-05-10,Porvoo Harabacka,9.7,2.4,-1.0
2022-05-10,Kotka Rankki,7.2,-1.0,-1.0
2022-05-10,Loviisa Orrengrund,7.5,,
2022-05-10,Kotka Haapasaari,6.9,,
2022-05-10,Pori lentoasema,11.5,,
2022-05-10,Uusikaupunki Itätulli,,5.6,-1.0
2022-05-10,Kustavi Isokari,7.6,4.0,
2022-05-10,Rauma Kylmäpihlaja,9.2,,
2022-05-10,Pori rautatieasema,11.6,6.9,-1.0
2022-05-10,Turku lentoasema,9.5,,
2022-05-10,Kokemäki Rausenkulma,,4.1,-1.0
2022-05-10,Huittinen Sallila,,4.4,-1.0
2022-05-10,Oripää Teinikivi,,4.6,-1.0
2022-05-10,Pöytyä Yläne,,4.2,-1.0
2022-05-10,Kokemäki Tulkkila,10.9,4.0,-1.0
2022-05-10,Jokioinen Ilmala,10.0,3.5,-1.0
2022-05-10,Nokia Tottijärvi,,3.7,-1.0
2022-05-10,Pirkkala Tampere-Pirkkala lentoasema,10.6,,
2022-05-10,Tampere Härmälä,10.9,2.8,-1.0
2022-05-10,Somero Salkola,9.0,4.3,-1.0
2022-05-10,Hyvinkää Hyvinkäänkylä,10.1,5.5,-1.0
2022-05-10,Vihti Hiiskula,,3.0,-1.0
2022-05-10,Hämeenlinna Pirttikoski,,1.2,-1.0
2022-05-10,Nurmijärvi Röykkä,9.3,4.7,-1.0
2022-05-10,Hämeenlinna Katinen,10.6,3.2,
2022-05-10,Hattula Lepaa,10.6,2.2,-1.0
2022-05-10,Hämeenlinna Lammi Pappila,9.9,5.0,-1.0
2022-05-10,Asikkala Pulkkilanharju,9.6,,
2022-05-10,Kouvola Utti lentoasema,9.3,-1.0,-1.0
2022-05-10,Kouvola Anjala,9.8,-1.0,-1.0
2022-05-10,Heinola Asemantaus,10.8,3.0,-1.0
2022-05-10,Kouvola Voikoski,,-1.0,-1.0
2022-05-10,Virolahti Koivuniemi,7.4,-1.0,-1.0
2022-05-10,Lappeenranta lentoasema,9.2,,
2022-05-10,Lappeenranta Konnunsuo,8.8,,
2022-05-10,Lappeenranta Lepola,9.5,-1.0,-1.0
2022-05-10,Ruokolahti Kotaniemi,,-1.0,-1.0
2022-05-10,Lappeenranta Hiekkapakka,5.9,,
2022-05-10,Parikkala Koitsanlahti,8.6,-1.0,-1.0
2022-05-10,Kaskinen Sälgrund,6.8,10.8,
2022-05-10,Merikarvia Tuorila,,14.1,-1.0
2022-05-10,Isojoki Kärjenkoski,,15.0,-1.0
2022-05-10,Teuva Kauppilankylä,,13.4,-1.0
2022-05-10,Pori Tahkoluoto satama,7.6,,
2022-05-10,Kristiinankaupunki Majakka,6.2,,
2022-05-10,Karvia Alkkia,11.1,4.6,-1.0
2022-05-10,Kurikka Hirvijärvi,,2.2,-1.0
2022-05-10,Kauhajoki Kuja-Kokko,11.3,4.2,-1.0
2022-05-10,Kankaanpää Niinisalo lentokenttä,11.1,6.1,-1.0
2022-05-10,Alavus Sulkavankylä,,2.3,-1.0
2022-05-10,Virrat Äijänneva,11.2,,
2022-05-10,Jämsä Halli lentoasema,10.2,3.0,-1.0
2022-05-10,Juupajoki Hyytiälä,10.4,3.3,0.0
2022-05-10,Sysmä Joutsjärvi,,3.7,-1.0
2022-05-10,Jyväskylä Muuratjärvi,,2.5,-1.0
2022-05-10,Luhanka Judinsalo,7.1,,
2022-05-10,Multia Pirttiperä,,5.1,-1.0
2022-05-10,Joutsa Savenaho,9.4,3.7,-1.0
2022-05-10,Kangasniemi kirkonkylä,,3.1,-1.0
2022-05-10,Joutsa Pärnämäki,,2.3,-1.0
2022-05-10,Mikkeli Pitkähiekka,,0.1,-1.0
2022-05-10,Juva Partala,10.9,,
2022-05-10,Varkaus Kosulanniemi,11.6,-1.0,-1.0
2022-05-10,Savonlinna Laukansaari,,-1.0,-1.0
2022-05-10,Sulkava Halttula,,-1.0,-1.0
2022-05-10,Savonlinna lentoasema,10.2,,
2022-05-10,Rantasalmi Rukkasluoto,8.8,,
2022-05-10,Savonlinna Punkaharju Laukansaari,9.9,-1.0,-1.0
2022-05-10,Enonkoski Simanala,,-1.0,-1.0
2022-05-10,Savonlinna Savonranta,,-1.0,-1.0
2022-05-10,Rääkkylä kirkonkylä,,-1.0,-1.0
2022-05-10,Tohmajärvi Kemie,9.6,-1.0,-1.0
2022-05-10,Joensuu Huhtilampi,,-1.0,-1.0
2022-05-10,Vaasa lentoasema,10.6,,
2022-05-10,Mustasaari Valassaaret,7.3,,
2022-05-10,Närpiö Ylimarkku,,18.0,-1.0
2022-05-10,Mustasaari Riimala,,8.5,-1.0
2022-05-10,Kurikka Pyörni,,4.9,-1.0
2022-05-10,Maalahti Strömmingsbådan,6.0,,
2022-05-10,Vaasa Klemettilä,10.6,11.6,-1.0
2022-05-10,Seinäjoki Pelmaa,12.3,1.3,-1.0
2022-05-10,Kauhava lentokenttä,12.2,3.5,-1.0
2022-05-10,Ähtäri Inha,10.9,2.9,-1.0
2022-05-10,Halsua Purola,11.7,2.4,-1.0
2022-05-10,Alajärvi Möksy,11.7,2.0,-1.0
2022-05-10,Multia Karhila,9.5,3.5,19.0
2022-05-10,Viitasaari Haapaniemi,10.9,5.0,-1.0
2022-05-10,Äänekoski Kalaniemi,,4.1,-1.0
2022-05-10,Vesanto kirkonkylä,10.6,3.1,-1.0
2022-05-10,Pielavesi Venetmäki,,2.4,0.0
2022-05-10,Siilinjärvi Kuopio lentoasema,11.1,,
2022-05-10,Kuopio Maaninka,11.0,2.1,-1.0
2022-05-10,Lapinlahti Lamminkäyrä,,2.0,-1.0
2022-05-10,Suonenjoki Iisvesi,,1.0,-1.0
2022-05-10,Kuopio Karttula,,7.2,-1.0
2022-05-10,Kuopio Ritoniemi,8.6,,
2022-05-10,Kuopio Savilahti,12.2,0.7,-1.0
2022-05-10,Heinävesi Palokki,,0.0,-1.0
2022-05-10,Outokumpu Viuruniemi,,-1.0,-1.0
2022-05-10,Rautavaara Ala-Luosta,,1.1,-1.0
2022-05-10,Rautavaara Ylä-Luosta,10.4,0.7,0.0
2022-05-10,Liperi Joensuu lentoasema,9.6,,
2022-05-10,Juuka Niemelä,11.0,0.2,-1.0
2022-05-10,Joensuu Pyhäselkä,,-1.0,-1.0
2022-05-10,Lieksa Koli,,-1.0,0.0
2022-05-10,Liperi Tuiskavanluoto,4.9,,
2022-05-10,Joensuu Linnunlahti,8.7,-1.0,-1.0
2022-05-10,Lieksa Lampela,9.9,-1.0,-1.0
2022-05-10,Ilomantsi Pötsönvaara,8.6,-1.0,4.0
2022-05-10,Ilomantsi Mekrijärvi,9.0,-1.0,-1.0
2022-05-10,Pietarsaari Kallan,8.2,,
2022-05-10,Kokkola Tankar,10.2,,
2022-05-10,Kruunupyy Kokkola-Pietarsaari lentoasema,12.4,,
2022-05-10,Kaustinen Tastula,,3.1,-1.0
2022-05-10,Kalajoki Ulkokalla,4.0,,
2022-05-10,Kokkola Santahaka,12.7,5.5,-1.0
2022-05-10,Toholampi Oravala,,2.7,-1.0
2022-05-10,Kalajoki Pitkäsenkylä,,4.6,-1.0
2022-05-10,Kalajoki Mehtäkylä,,4.1,-1.0
2022-05-10,Toholampi Laitala,12.2,2.6,-1.0
2022-05-10,Ylivieska lentokenttä,12.2,4.0,-1.0
2022-05-10,Ylivieska Vähäkangas,,3.7,-1.0
2022-05-10,Haapavesi Mustikkamäki,11.2,2.7,-1.0
2022-05-10,Pyhäjärvi Ojakylä,10.7,5.4,-1.0
2022-05-10,Pyhäjärvi Hiidenniemi,,3.1,-1.0
2022-05-10,Kiuruvesi Korpijoki,,4.6,-1.0
2022-05-10,Siikalatva Kestilä,,3.8,-1.0
2022-05-10,Kajaani lentoasema,11.4,,
2022-05-10,Vieremä Kaarakkala,10.3,2.8,0.0
2022-05-10,Kajaani Paltaniemi,,1.0,0.0
2022-05-10,Nurmes Valtimo,10.9,1.3,-1.0
2022-05-10,Ristijärvi Mustavaara,,1.0,14.0
2022-05-10,Sotkamo Kuolaniemi,10.3,0.5,-1.0
2022-05-10,Nurmes Mujejärvi,,-1.0,
2022-05-10,Kuhmo Apaja,,-1.0,-1.0
2022-05-10,Kuhmo Kalliojoki,9.3,0.6,-1.0
2022-05-10,Raahe Nahkiainen,5.5,,
2022-05-10,Hailuoto Keskikylä,9.0,4.7,-1.0
2022-05-10,Kemi I majakka,4.9,,
2022-05-10,Hailuoto Marjaniemi,4.7,,
2022-05-10,Raahe Lapaluoto satama,8.2,,
2022-05-10,Oulu lentoasema,11.3,,
2022-05-10,Siikajoki Ruukki,12.2,4.0,-1.0
2022-05-10,Oulu Vihreäsaari satama,9.0,,
2022-05-10,Oulu Oulunsalo Pellonpää,11.7,5.6,-1.0
2022-05-10,Vaala Pelso,11.3,3.9,-1.0
2022-05-10,Pudasjärvi lentokenttä,10.3,2.4,-1.0
2022-05-10,Utajärvi Särkijärvi,,2.8,-1.0
2022-05-10,Pudasjärvi Jaurakkajärvi,,0.0,10.0
2022-05-10,Suomussalmi Näljänkä,,0.9,15.0
2022-05-10,Suomussalmi Pesiö,9.5,0.2,22.0
2022-05-10,Puolanka Kotila,,1.2,21.0
2022-05-10,Puolanka Paljakka,8.7,2.9,38.0
2022-05-10,Kemi Kemi-Tornio lentoasema,5.6,,
2022-05-10,Kemi Ajos,4.4,,
2022-05-10,Tornio Kaakkuri,5.4,7.9,-1.0
2022-05-10,Ranua lentokenttä,7.7,2.7,20.0
2022-05-10,Pudasjärvi Sarakylä,,0.7,4.0
2022-05-10,Posio Raistakka,,0.2,50.0
2022-05-10,Taivalkoski Inkee,,0.5,26.0
2022-05-10,Taivalkoski kirkonkylä,9.5,1.2,-1.0
2022-05-10,Kuusamo lentoasema,7.9,0.3,44.0
2022-05-10,Kuusamo Kiutaköngäs,8.8,-1.0,14.0
2022-05-10,Kuusamo Rukatunturi,6.4,,
2022-05-10,Kuusamo Teeriranta,,0.3,15.0
2022-05-10,Kuusamo Juuma,7.5,,
2022-05-10,Ylitornio Meltosjärvi,6.9,2.4,-1.0
2022-05-10,Kolari Kattilamaa,,1.5,-1.0
2022-05-10,Pello kirkonkylä,7.6,0.9,-1.0
2022-05-10,Rovaniemi rautatieasema,8.0,,
2022-05-10,Sodankylä Tähtelä,7.1,1.9,30.0
2022-05-10,Rovaniemi Apukka,7.8,5.2,6.0
2022-05-10,Pelkosenniemi kirkonkylä,,-1.0,-1.0
2022-05-10,Kemijärvi lentokenttä,7.3,2.3,-1.0
2022-05-10,Savukoski kirkonkylä,7.6,0.6,0.0
2022-05-10,Salla Kelloselkä,,-1.0,15.0
2022-05-10,Pelkosenniemi Pyhätunturi,4.5,,
2022-05-10,Salla kirkonkylä,7.9,0.3,-1.0
2022-05-10,Salla Naruska,7.5,0.2,23.0
2022-05-10,Enontekiö Kaaresuvanto,,4.8,40.0
2022-05-10,Enontekiö lentoasema,3.4,,
2022-05-10,Kittilä Pulju,,3.0,0.0
2022-05-10,Muonio Laukukero,1.1,,
2022-05-10,Muonio Sammaltunturi,2.9,,
2022-05-10,Kittilä Matorova,4.9,,
2022-05-10,Kittilä lentoasema,6.2,,
2022-05-10,Kittilä Kenttärova,4.4,2.8,84.0
2022-05-10,Kittilä Pakatti,6.1,2.1,-1.0
2022-05-10,Kittilä Pokka,4.5,2.0,75.0
2022-05-10,Sodankylä Lokka,6.4,0.2,2.0
2022-05-10,Sodankylä Vuotso,5.1,0.4,33.0
2022-05-10,Inari Saariselkä matkailukeskus,4.6,1.1,62.0
2022-05-10,Inari Saariselkä Kaunispää,3.4,,
2022-05-10,Inari Raja-Jooseppi Kontiojärvi,,-1.0,27.0
2022-05-10,Inari Raja-Jooseppi,5.3,,
2022-05-10,Salla Värriötunturi,5.4,-1.0,49.0
2022-05-10,Enontekiö Kilpisjärvi kyläkeskus,3.4,1.0,81.0
2022-05-10,Enontekiö Kilpisjärvi Saana,-0.3,,
2022-05-10,Enontekiö Näkkälä,2.8,3.9,61.0
2022-05-10,Inari Angeli Lintupuoliselkä,3.4,5.0,33.0
2022-05-10,Inari Ivalo lentoasema,5.6,,
2022-05-10,Utsjoki Kevo,3.9,4.8,28.0
2022-05-10,Utsjoki Nuorgam,3.1,3.0,-1.0
2022-05-10,Inari Väylä,4.2,,
2022-05-10,Inari kirkonkylä,,3.5,20.0
2022-05-10,Inari Kaamanen,3.8,3.4,35.0
2022-05-10,Inari Nellim,5.2,2.8,19.0
2022-05-10,Inari Kirakkajärvi,3.5,5.8,44.0
2022-05-10,Mäntsälä Hirvihaara,9.7,5.4,-1.0
2022-05-10,Lahti Sopenkorpi,10.0,4.3,-1.0
2022-05-10,Siuntio Sjundby,,7.3,-1.0
2022-05-10,Sipoo Itätoukki,6.8,,
2022-05-10,Rauma Pyynpää,10.6,7.1,-1.0
2022-05-10,Muonio Oustajärvi,4.9,2.1,6.0
2022-05-10,Pyhtää lentokenttä,9.0,-1.0,-1.0
2022-05-10,Sotkamo Tuhkakylä,10.5,1.2,-1.0
2022-05-10,Tervola Loue,6.7,,
2022-05-10,Kajaani Petäisenniska,11.2,0.6,-1.0
2022-05-10,Utsjoki Kevo Kevojärvi,3.4,,
2022-05-10,Inari Seitalaassa,2.4,,
2022-05-10,Ilmajoki Seinäjoki lentoasema,11.6,,
2022-05-10,Rovaniemi lentoasema AWOS,6.8,5.2,-1.0
2022-05-10,Jyväskylä lentoasema AWOS,10.2,3.8,-1.0
2022-05-10,Puumala kirkonkylä,10.0,-1.0,-1.0
2022-05-10,Helsinki Vuosaari satama,8.0,,
2022-05-10,Maarianhamina Länsisatama,7.2,,
2022-05-10,Lumparland Långnäs satama,8.3,4.1,-1.0
2022-05-10,Kittilä Lompolonvuoma,4.5,2.8,
2022-05-10,Kuusamo Ruka Talvijärvi,7.9,,
2022-05-10,Espoo Nuuksio,9.1,6.7,-1.0
2022-05-10,Mikkeli Lentoasema AWOS,10.7,-1.0,-1.0
2022-05-10,Espoo Tapiola,10.0,7.1,-1.0
2022-05-11,Porvoo Kilpilahti satama,8.5,,
2022-05-11,Jomala Maarianhamina lentoasema,9.4,,
2022-05-11,Parainen Utö,8.1,0.1,-1.0
2022-05-11,Lemland Nyhamn,7.1,,
2022-05-11,Jomala Jomalaby,10.9,1.2,-1.0
2022-05-11,Hammarland Märket,8.7,,
2022-05-11,Kökar Bogskär,7.5,,
2022-05-11,Parainen Fagerholm,8.3,0.3,
2022-05-11,Kumlinge kirkonkylä,10.4,,
2022-05-11,Hanko Russarö,7.6,-1.0,
2022-05-11,Kaarina Yltöinen,9.1,0.8,-1.0
2022-05-11,Kemiönsaari Vänö,7.9,,
2022-05-11,Hanko Tulliniemi,7.2,,
2022-05-11,Turku Rajakari,8.8,,
2022-05-11,Turku Artukainen,10.5,1.4,-1.0
2022-05-11,Kemiönsaari Kemiö,9.4,0.1,-1.0
2022-05-11,Hanko Tvärminne,8.0,-1.0,-1.0
2022-05-11,Salo Kärkkä,10.0,0.2,
2022-05-11,Lohja Leppäkorpi,,0.0,-1.0
2022-05-11,Raasepori Jussarö,6.8,,
2022-05-11,Salo Kiikala lentokenttä,8.9,-1.0,-1.0
2022-05-11,Vantaa Helsinki-Vantaan lentoasema,9.8,0.2,-1.0
2022-05-11,Inkoo Bågaskär,7.5,,
2022-05-11,Helsinki Kaisaniemi,8.4,-1.0,-1.0
2022-05-11,Lohja Porla,9.6,-1.0,-1.0
2022-05-11,Vihti Maasoja,9.9,,
2022-05-11,Helsinki Harmaja,6.5,,
2022-05-11,Kirkkonummi Mäkiluoto,7.2,,
2022-05-11,Helsinki Helsingin majakka,7.2,,
2022-05-11,Helsinki Kumpula,8.9,0.3,-1.0
2022-05-11,Helsinki Malmi lentokenttä,9.3,,
2022-05-11,Porvoo Kalbådagrund,7.9,,
2022-05-11,Porvoo Emäsalo,6.7,,
2022-05-11,Porvoo Harabacka,9.4,1.1,-1.0
2022-05-11,Kotka Rankki,7.3,1.6,-1.0
2022-05-11,Loviisa Orrengrund,7.1,,
2022-05-11,Kotka Haapasaari,7.1,,
2022-05-11,Pori lentoasema,10.8,,
2022-05-11,Uusikaupunki Itätulli,,3.4,-1.0
2022-05-11,Kustavi Isokari,8.8,3.2,
2022-05-11,Rauma Kylmäpihlaja,8.5,,
2022-05-11,Pori rautatieasema,10.7,4.8,-1.0
2022-05-11,Turku lentoasema,10.1,,
2022-05-11,Kokemäki Rausenkulma,,3.9,-1.0
2022-05-11,Huittinen Sallila,,2.0,-1.0
2022-05-11,Oripää Teinikivi,,0.8,-1.0
2022-05-11,Pöytyä Yläne,,1.0,-1.0
2022-05-11,Kokemäki Tulkkila,10.4,3.5,-1.0
2022-05-11,Jokioinen Ilmala,9.6,0.8,-1.0
2022-05-11,Nokia Tottijärvi,,2.8,-1.0
2022-05-11,Pirkkala Tampere-Pirkkala lentoasema,9.7,,
2022-05-11,Tampere Härmälä,10.0,2.6,-1.0
2022-05-11,Somero Salkola,8.8,0.3,-1.0
2022-05-11,Hyvinkää Hyvinkäänkylä,10.0,0.2,-1.0
2022-05-11,Vihti Hiiskula,,-1.0,-1.0
2022-05-11,Hämeenlinna Pirttikoski,,1.8,-1.0
2022-05-11,Nurmijärvi Röykkä,9.5,-1.0,-1.0
2022-05-11,Hämeenlinna Katinen,10.5,0.3,
2022-05-11,Hattula Lepaa,10.3,0.2,-1.0
2022-05-11,Hämeenlinna Lammi Pappila,9.7,0.7,-1.0
2022-05-11,Asikkala Pulkkilanharju,9.3,,
2022-05-11,Kouvola Utti lentoasema,9.1,1.2,-1.0
2022-05-11,Kouvola Anjala,9.7,1.7,-1.0
2022-05-11,Heinola Asemantaus,9.7,1.0,-1.0
2022-05-11,Kouvola Voikoski,,1.7,-1.0
2022-05-11,Virolahti Koivuniemi,7.9,2.5,-1.0
2022-05-11,Lappeenranta lentoasema,8.9,,
2022-05-11,Lappeenranta Konnunsuo,9.2,,
2022-05-11,Lappeenranta Lepola,9.4,0.3,-1.0
2022-05-11,Ruokolahti Kotaniemi,,0.1,-1.0
2022-05-11,Lappeenranta Hiekkapakka,6.9,,
2022-05-11,Parikkala Koitsanlahti,10.0,-1.0,-1.0
2022-05-11,Kaskinen Sälgrund,7.1,5.7,
2022-05-11,Merikarvia Tuorila,,5.5,-1.0
2022-05-11,Isojoki Kärjenkoski,,6.3,-1.0
2022-05-11,Teuva Kauppilankylä,,7.4,-1.0
2022-05-11,Pori Tahkoluoto satama,7.2,,
2022-05-11,Kristiinankaupunki Majakka,5.9,,
2022-05-11,Karvia Alkkia,9.5,6.0,-1.0
2022-05-11,Kurikka Hirvijärvi,,5.5,-1.0
2022-05-11,Kauhajoki Kuja-Kokko,9.4,6.4,-1.0
2022-05-11,Kankaanpää Niinisalo lentokenttä,9.8,5.9,-1.0
2022-05-11,Alavus Sulkavankylä,,6.5,-1.0
2022-05-11,Virrat Äijänneva,9.4,,
2022-05-11,Jämsä Halli lentoasema,8.7,3.1,-1.0
2022-05-11,Juupajoki Hyytiälä,9.2,3.8,0.0
2022-05-11,Sysmä Joutsjärvi,,1.5,-1.0
2022-05-11,Jyväskylä Muuratjärvi,,2.6,-1.0
2022-05-11,Luhanka Judinsalo,7.7,,
2022-05-11,Multia Pirttiperä,,5.5,-1.0
2022-05-11,Joutsa Savenaho,8.6,4.2,-1.0
2022-05-11,Kangasniemi kirkonkylä,,2.9,-1.0
2022-05-11,Joutsa Pärnämäki,,5.9,-1.0
2022-05-11,Mikkeli Pitkähiekka,,1.5,-1.0
2022-05-11,Juva Partala,9.7,,
2022-05-11,Varkaus Kosulanniemi,10.3,1.5,-1.0
2022-05-11,Savonlinna Laukansaari,,0.0,-1.0
2022-05-11,Sulkava Halttula,,-1.0,-1.0
2022-05-11,Savonlinna lentoasema,9.8,,
2022-05-11,Rantasalmi Rukkasluoto,8.3,,
2022-05-11,Savonlinna Punkaharju Laukansaari,10.0,-1.0,-1.0
2022-05-11,Enonkoski Simanala,,-1.0,-1.0
2022-05-11,Savonlinna Savonranta,,0.1,-1.0
2022-05-11,Rääkkylä kirkonkylä,,0.0,-1.0
2022-05-11,Tohmajärvi Kemie,11.0,-1.0,-1.0
2022-05-11,Joensuu Huhtilampi,,0.0,-1.0
2022-05-11,Vaasa lentoasema,10.0,,
2022-05-11,Mustasaari Valassaaret,7.5,,
2022-05-11,Närpiö Ylimarkku,,8.0,-1.0
2022-05-11,Mustasaari Riimala,,4.0,-1.0
2022-05-11,Kurikka Pyörni,,4.2,-1.0
2022-05-11,Maalahti Strömmingsbådan,5.8,,
2022-05-11,Vaasa Klemettilä,10.0,3.7,-1.0
2022-05-11,Seinäjoki Pelmaa,10.4,4.3,-1.0
2022-05-11,Kauhava lentokenttä,9.9,9.1,-1.0
2022-05-11,Ähtäri Inha,9.2,7.8,-1.0
2022-05-11,Halsua Purola,8.3,5.8,-1.0
2022-05-11,Alajärvi Möksy,8.2,8.6,-1.0
2022-05-11,Multia Karhila,7.6,5.5,13.0
2022-05-11,Viitasaari Haapaniemi,7.5,5.2,-1.0
2022-05-11,Äänekoski Kalaniemi,,4.8,-1.0
2022-05-11,Vesanto kirkonkylä,7.9,6.9,-1.0
2022-05-11,Pielavesi Venetmäki,,4.7,0.0
2022-05-11,Siilinjärvi Kuopio lentoasema,8.7,,
2022-05-11,Kuopio Maaninka,8.2,4.6,-1.0
2022-05-11,Lapinlahti Lamminkäyrä,,4.1,-1.0
2022-05-11,Suonenjoki Iisvesi,,4.9,-1.0
2022-05-11,Kuopio Karttula,,4.5,-1.0
2022-05-11,Kuopio Ritoniemi,9.1,,
2022-05-11,Kuopio Savilahti,9.3,4.3,-1.0
2022-05-11,Heinävesi Palokki,,0.0,-1.0
2022-05-11,Outokumpu Viuruniemi,,0.2,-1.0
2022-05-11,Rautavaara Ala-Luosta,,1.2,-1.0
2022-05-11,Rautavaara Ylä-Luosta,7.9,2.2,0.0
2022-05-11,Liperi Joensuu lentoasema,9.3,,
2022-05-11,Juuka Niemelä,8.6,1.1,-1.0
2022-05-11,Joensuu Pyhäselkä,,0.2,-1.0
2022-05-11,Lieksa Koli,,1.4,0.0
2022-05-11,Liperi Tuiskavanluoto,6.7,,
2022-05-11,Joensuu Linnunlahti,9.1,-1.0,-1.0
2022-05-11,Lieksa Lampela,9.6,1.0,-1.0
2022-05-11,Ilomantsi Pötsönvaara,9.0,0.4,-1.0
2022-05-11,Ilomantsi Mekrijärvi,10.3,0.5,-1.0
2022-05-11,Pietarsaari Kallan,7.1,,
2022-05-11,Kokkola Tankar,8.3,,
2022-05-11,Kruunupyy Kokkola-Pietarsaari lentoasema,9.6,,
2022-05-11,Kaustinen Tastula,,3.7,-1.0
2022-05-11,Kalajoki Ulkokalla,3.2,,
2022-05-11,Kokkola Santahaka,9.5,5.7,-1.0
2022-05-11,Toholampi Oravala,,3.1,-1.0
2022-05-11,Kalajoki Pitkäsenkylä,,5.1,-1.0
2022-05-11,Kalajoki Mehtäkylä,,7.2,-1.0
2022-05-11,Toholampi Laitala,9.4,3.7,-1.0
2022-05-11,Ylivieska lentokenttä,8.6,4.8,-1.0
2022-05-11,Ylivieska Vähäkangas,,5.8,-1.0
2022-05-11,Haapavesi Mustikkamäki,7.7,4.5,-1.0
2022-05-11,Pyhäjärvi Ojakylä,7.1,4.8,-1.0
2022-05-11,Pyhäjärvi Hiidenniemi,,5.5,-1.0
2022-05-11,Kiuruvesi Korpijoki,,2.4,-1.0
2022-05-11,Siikalatva Kestilä,,4.0,-1.0
2022-05-11,Kajaani lentoasema,7.5,,
2022-05-11,Vieremä Kaarakkala,6.7,4.1,-1.0
2022-05-11,Kajaani Paltaniemi,,1.8,-1.0
2022-05-11,Nurmes Valtimo,8.2,1.4,-1.0
2022-05-11,Ristijärvi Mustavaara,,4.0,6.0
2022-05-11,Sotkamo Kuolaniemi,7.1,2.5,-1.0
2022-05-11,Nurmes Mujejärvi,,4.3,
2022-05-11,Kuhmo Apaja,,3.1,-1.0
2022-05-11,Kuhmo Kalliojoki,7.7,2.1,-1.0
2022-05-11,Raahe Nahkiainen,4.7,,
2022-05-11,Hailuoto Keskikylä,6.3,13.7,-1.0
2022-05-11,Kemi I majakka,4.3,,
2022-05-11,Hailuoto Marjaniemi,5.1,,
2022-05-11,Raahe Lapaluoto satama,6.2,,
2022-05-11,Oulu lentoasema,7.7,,
2022-05-11,Siikajoki Ruukki,8.3,7.6,-1.0
2022-05-11,Oulu Vihreäsaari satama,6.7,,
2022-05-11,Oulu Oulunsalo Pellonpää,7.2,13.3,-1.0
2022-05-11,Vaala Pelso,7.6,3.6,-1.0
2022-05-11,Pudasjärvi lentokenttä,6.8,11.2,-1.0
2022-05-11,Utajärvi Särkijärvi,,7.1,-1.0
2022-05-11,Pudasjärvi Jaurakkajärvi,,12.2,-1.0
2022-05-11,Suomussalmi Näljänkä,,8.5,3.0
2022-05-11,Suomussalmi Pesiö,6.1,3.1,20.0
2022-05-11,Puolanka Kotila,,6.1,5.0
2022-05-11,Puolanka Paljakka,5.1,6.5,29.0
2022-05-11,Kemi Kemi-Tornio lentoasema,5.1,,
2022-05-11,Kemi Ajos,3.5,,
2022-05-11,Tornio Kaakkuri,4.5,7.6,
2022-05-11,Ranua lentokenttä,5.8,10.1,11.0
2022-05-11,Pudasjärvi Sarakylä,,12.0,0.0
2022-05-11,Posio Raistakka,,7.1,44.0
2022-05-11,Taivalkoski Inkee,,11.9,15.0
2022-05-11,Taivalkoski kirkonkylä,6.2,9.6,-1.0
2022-05-11,Kuusamo lentoasema,5.3,4.7,36.0
2022-05-11,Kuusamo Kiutaköngäs,5.3,5.1,-1.0
2022-05-11,Kuusamo Rukatunturi,4.2,,
2022-05-11,Kuusamo Teeriranta,,4.5,10.0
2022-05-11,Kuusamo Juuma,4.6,,
2022-05-11,Ylitornio Meltosjärvi,5.5,4.8,-1.0
2022-05-11,Kolari Kattilamaa,,4.0,-1.0
2022-05-11,Pello kirkonkylä,5.2,0.7,-1.0
2022-05-11,Rovaniemi rautatieasema,6.5,,
2022-05-11,Sodankylä Tähtelä,5.6,9.2,24.0
2022-05-11,Rovaniemi Apukka,5.5,8.0,4.0
2022-05-11,Pelkosenniemi kirkonkylä,,-1.0,-1.0
2022-05-11,Kemijärvi lentokenttä,5.6,7.5,-1.0
2022-05-11,Savukoski kirkonkylä,5.6,9.7,-1.0
2022-05-11,Salla Kelloselkä,,13.8,0.0
2022-05-11,Pelkosenniemi Pyhätunturi,3.7,,
2022-05-11,Salla kirkonkylä,5.6,12.9,-1.0
2022-05-11,Salla Naruska,4.3,15.7,16.0
2022-05-11,Enontekiö Kaaresuvanto,,1.5,40.0
2022-05-11,Enontekiö lentoasema,2.1,,
2022-05-11,Kittilä Pulju,,4.2,0.0
2022-05-11,Muonio Laukukero,1.0,,
2022-05-11,Muonio Sammaltunturi,1.8,,
2022-05-11,Kittilä Matorova,2.7,,
2022-05-11,Kittilä lentoasema,4.5,,
2022-05-11,Kittilä Kenttärova,2.7,3.1,81.0
2022-05-11,Kittilä Pakatti,4.4,2.8,-1.0
2022-05-11,Kittilä Pokka,3.2,6.6,71.0
2022-05-11,Sodankylä Lokka,4.5,9.7,3.0
2022-05-11,Sodankylä Vuotso,3.2,6.2,31.0
2022-05-11,Inari Saariselkä matkailukeskus,3.4,5.9,57.0
2022-05-11,Inari Saariselkä Kaunispää,2.8,,
2022-05-11,Inari Raja-Jooseppi Kontiojärvi,,11.5,24.0
2022-05-11,Inari Raja-Jooseppi,4.1,,
2022-05-11,Salla Värriötunturi,4.3,13.5,40.0
2022-05-11,Enontekiö Kilpisjärvi kyläkeskus,1.5,3.2,77.0
2022-05-11,Enontekiö Kilpisjärvi Saana,-1.2,,
2022-05-11,Enontekiö Näkkälä,2.0,2.0,56.0
2022-05-11,Inari Angeli Lintupuoliselkä,2.9,7.1,31.0
2022-05-11,Inari Ivalo lentoasema,4.5,,
2022-05-11,Utsjoki Kevo,2.8,10.3,25.0
2022-05-11,Utsjoki Nuorgam,3.2,13.1,2.0
2022-05-11,Inari Väylä,3.8,,
2022-05-11,Inari kirkonkylä,,9.1,15.0
2022-05-11,Inari Kaamanen,3.6,8.3,32.0
2022-05-11,Inari Nellim,4.3,7.2,15.0
2022-05-11,Inari Kirakkajärvi,2.9,9.3,42.0
2022-05-11,Mäntsälä Hirvihaara,9.6,0.1,-1.0
2022-05-11,Lahti Sopenkorpi,9.7,0.6,-1.0
2022-05-11,Siuntio Sjundby,,-1.0,-1.0
2022-05-11,Sipoo Itätoukki,6.6,,
2022-05-11,Rauma Pyynpää,10.5,6.1,-1.0
2022-05-11,Muonio Oustajärvi,2.9,1.1,6.0
2022-05-11,Pyhtää lentokenttä,9.0,2.3,-1.0
2022-05-11,Sotkamo Tuhkakylä,7.1,4.3,-1.0
2022-05-11,Tervola Loue,6.4,,
2022-05-11,Kajaani Petäisenniska,7.5,1.0,-1.0
2022-05-11,Utsjoki Kevo Kevojärvi,2.9,,
2022-05-11,Inari Seitalaassa,1.3,,
2022-05-11,Ilmajoki Seinäjoki lentoasema,9.6,,
2022-05-11,Rovaniemi lentoasema AWOS,5.5,9.7,-1.0
2022-05-11,Jyväskylä lentoasema AWOS,8.6,4.7,-1.0
2022-05-11,Puumala kirkonkylä,9.3,-1.0,-1.0
2022-05-11,Helsinki Vuosaari satama,7.4,,
2022-05-11,Maarianhamina Länsisatama,8.4,,
2022-05-11,Lumparland Långnäs satama,10.4,0.6,-1.0
2022-05-11,Kittilä Lompolonvuoma,2.3,3.0,
2022-05-11,Kuusamo Ruka Talvijärvi,5.6,,
2022-05-11,Espoo Nuuksio,8.8,-1.0,-1.0
2022-05-11,Mikkeli Lentoasema AWOS,10.2,1.3,-1.0
2022-05-11,Espoo Tapiola,8.9,0.1,-1.0
2022-05-12,Porvoo Kilpilahti satama,8.0,,
2022-05-12,Jomala Maarianhamina lentoasema,10.9,,
2022-05-12,Parainen Utö,8.0,0.3,-1.0
2022-05-12,Lemland Nyhamn,7.3,,
2022-05-12,Jomala Jomalaby,11.0,1.5,-1.0
2022-05-12,Hammarland Märket,8.6,,
2022-05-12,Kökar Bogskär,8.2,,
2022-05-12,Parainen Fagerholm,8.5,0.7,
2022-05-12,Kumlinge kirkonkylä,9.6,,
2022-05-12,Hanko Russarö,7.2,-1.0,
2022-05-12,Kaarina Yltöinen,9.2,-1.0,-1.0
2022-05-12,Kemiönsaari Vänö,8.1,,
2022-05-12,Hanko Tulliniemi,7.1,,
2022-05-12,Turku Rajakari,8.7,,
2022-05-12,Turku Artukainen,9.8,0.4,-1.0
2022-05-12,Kemiönsaari Kemiö,9.0,1.4,-1.0
2022-05-12,Hanko Tvärminne,8.5,-1.0,-1.0
2022-05-12,Salo Kärkkä,9.9,0.1,
2022-05-12,Lohja Leppäkorpi,,0.9,-1.0
2022-05-12,Raasepori Jussarö,6.6,,
2022-05-12,Salo Kiikala lentokenttä,8.5,2.6,-1.0
2022-05-12,Vantaa Helsinki-Vantaan lentoasema,9.4,2.1,-1.0
2022-05-12,Inkoo Bågaskär,7.8,,
2022-05-12,Helsinki Kaisaniemi,8.7,0.3,-1.0
2022-05-12,Lohja Porla,9.9,0.1,-1.0
2022-05-12,Vihti Maasoja,9.2,,
2022-05-12,Helsinki Harmaja,6.2,,
2022-05-12,Kirkkonummi Mäkiluoto,7.0,,
2022-05-12,Helsinki Helsingin majakka,6.4,,
2022-05-12,Helsinki Kumpula,8.7,0.3,-1.0
2022-05-12,Helsinki Malmi lentokenttä,8.8,,
2022-05-12,Porvoo Kalbådagrund,6.6,,
2022-05-12,Porvoo Emäsalo,6.8,,
2022-05-12,Porvoo Harabacka,9.1,2.4,-1.0
2022-05-12,Kotka Rankki,6.3,0.5,-1.0
2022-05-12,Loviisa Orrengrund,6.2,,
2022-05-12,Kotka Haapasaari,6.3,,
2022-05-12,Pori lentoasema,8.4,,
2022-05-12,Uusikaupunki Itätulli,,-1.0,-1.0
2022-05-12,Kustavi Isokari,8.1,-1.0,
2022-05-12,Rauma Kylmäpihlaja,7.0,,
2022-05-12,Pori rautatieasema,8.5,0.3,-1.0
2022-05-12,Turku lentoasema,8.9,,
2022-05-12,Kokemäki Rausenkulma,,0.3,-1.0
2022-05-12,Huittinen Sallila,,0.9,-1.0
2022-05-12,Oripää Teinikivi,,2.5,-1.0
2022-05-12,Pöytyä Yläne,,0.7,-1.0
2022-05-12,Kokemäki Tulkkila,9.1,0.9,-1.0
2022-05-12,Jokioinen Ilmala,8.9,1.0,-1.0
2022-05-12,Nokia Tottijärvi,,3.5,-1.0
2022-05-12,Pirkkala Tampere-Pirkkala lentoasema,8.8,,
2022-05-12,Tampere Härmälä,9.2,3.7,-1.0
2022-05-12,Somero Salkola,8.1,1.8,-1.0
2022-05-12,Hyvinkää Hyvinkäänkylä,9.4,3.3,-1.0
2022-05-12,Vihti Hiiskula,,0.5,-1.0
2022-05-12,Hämeenlinna Pirttikoski,,1.1,-1.0
2022-05-12,Nurmijärvi Röykkä,8.4,1.0,-1.0
2022-05-12,Hämeenlinna Katinen,9.0,1.7,
2022-05-12,Hattula Lepaa,9.3,0.3,-1.0
2022-05-12,Hämeenlinna Lammi Pappila,8.7,3.4,-1.0
2022-05-12,Asikkala Pulkkilanharju,8.4,,
2022-05-12,Kouvola Utti lentoasema,7.8,6.1,-1.0
2022-05-12,Kouvola Anjala,8.1,6.2,-1.0
2022-05-12,Heinola Asemantaus,9.0,2.2,-1.0
2022-05-12,Kouvola Voikoski,,3.2,-1.0
2022-05-12,Virolahti Koivuniemi,7.1,2.4,-1.0
2022-05-12,Lappeenranta lentoasema,8.1,,
2022-05-12,Lappeenranta Konnunsuo,8.1,,
2022-05-12,Lappeenranta Lepola,8.3,0.2,-1.0
2022-05-12,Ruokolahti Kotaniemi,,0.6,-1.0
2022-05-12,Lappeenranta Hiekkapakka,5.9,,
2022-05-12,Parikkala Koitsanlahti,8.5,0.7,-1.0
2022-05-12,Kaskinen Sälgrund,6.5,-1.0,
2022-05-12,Merikarvia Tuorila,,0.2,-1.0
2022-05-12,Isojoki Kärjenkoski,,0.0,-1.0
2022-05-12,Teuva Kauppilankylä,,-1.0,-1.0
2022-05-12,Pori Tahkoluoto satama,6.5,,
2022-05-12,Kristiinankaupunki Majakka,5.1,,
2022-05-12,Karvia Alkkia,8.6,0.3,-1.0
2022-05-12,Kurikka Hirvijärvi,,0.2,-1.0
2022-05-12,Kauhajoki Kuja-Kokko,8.4,-1.0,-1.0
2022-05-12,Kankaanpää Niinisalo lentokenttä,8.2,0.9,-1.0
2022-05-12,Alavus Sulkavankylä,,0.6,-1.0
2022-05-12,Virrat Äijänneva,9.0,,
2022-05-12,Jämsä Halli lentoasema,8.7,1.6,-1.0
2022-05-12,Juupajoki Hyytiälä,8.9,0.2,0.0
2022-05-12,Sysmä Joutsjärvi,,1.1,-1.0
2022-05-12,Jyväskylä Muuratjärvi,,5.2,-1.0
2022-05-12,Luhanka Judinsalo,7.0,,
2022-05-12,Multia Pirttiperä,,4.3,-1.0
2022-05-12,Joutsa Savenaho,7.6,1.2,-1.0
2022-05-12,Kangasniemi kirkonkylä,,6.5,-1.0
2022-05-12,Joutsa Pärnämäki,,3.8,-1.0
2022-05-12,Mikkeli Pitkähiekka,,0.3,-1.0
2022-05-12,Juva Partala,8.4,,
2022-05-12,Varkaus Kosulanniemi,8.8,0.4,-1.0
2022-05-12,Savonlinna Laukansaari,,0.1,-1.0
2022-05-12,Sulkava Halttula,,-1.0,-1.0
2022-05-12,Savonlinna lentoasema,8.8,,
2022-05-12,Rantasalmi Rukkasluoto,6.5,,
2022-05-12,Savonlinna Punkaharju Laukansaari,9.2,-1.0,-1.0
2022-05-12,Enonkoski Simanala,,0.2,-1.0
2022-05-12,Savonlinna Savonranta,,-1.0,-1.0
2022-05-12,Rääkkylä kirkonkylä,,-1.0,-1.0
2022-05-12,Tohmajärvi Kemie,8.4,2.6,-1.0
2022-05-12,Joensuu Huhtilampi,,0.2,-1.0
2022-05-12,Vaasa lentoasema,8.8,,
2022-05-12,Mustasaari Valassaaret,6.7,,
2022-05-12,Närpiö Ylimarkku,,0.0,-1.0
2022-05-12,Mustasaari Riimala,,0.0,-1.0
2022-05-12,Kurikka Pyörni,,-1.0,-1.0
2022-05-12,Maalahti Strömmingsbådan,5.6,,
2022-05-12,Vaasa Klemettilä,8.3,-1.0,-1.0
2022-05-12,Seinäjoki Pelmaa,8.7,14.0,-1.0
2022-05-12,Kauhava lentokenttä,8.0,13.6,-1.0
2022-05-12,Ähtäri Inha,8.1,1.5,-1.0
2022-05-12,Halsua Purola,7.5,2.5,-1.0
2022-05-12,Alajärvi Möksy,7.7,1.4,-1.0
2022-05-12,Multia Karhila,6.9,7.1,5.0
2022-05-12,Viitasaari Haapaniemi,7.6,1.8,-1.0
2022-05-12,Äänekoski Kalaniemi,,3.8,-1.0
2022-05-12,Vesanto kirkonkylä,6.8,2.7,-1.0
2022-05-12,Pielavesi Venetmäki,,5.4,0.0
2022-05-12,Siilinjärvi Kuopio lentoasema,7.6,,
2022-05-12,Kuopio Maaninka,7.5,6.1,-1.0
2022-05-12,Lapinlahti Lamminkäyrä,,1.9,-1.0
2022-05-12,Suonenjoki Iisvesi,,3.8,-1.0
2022-05-12,Kuopio Karttula,,8.8,-1.0
2022-05-12,Kuopio Ritoniemi,7.2,,
2022-05-12,Kuopio Savilahti,8.3,2.3,-1.0
2022-05-12,Heinävesi Palokki,,0.9,-1.0
2022-05-12,Outokumpu Viuruniemi,,0.8,-1.0
2022-05-12,Rautavaara Ala-Luosta,,2.9,-1.0
2022-05-12,Rautavaara Ylä-Luosta,7.1,1.8,0.0
2022-05-12,Liperi Joensuu lentoasema,8.3,,
2022-05-12,Juuka Niemelä,7.8,2.7,-1.0
2022-05-12,Joensuu Pyhäselkä,,0.0,-1.0
2022-05-12,Lieksa Koli,,0.6,-1.0
2022-05-12,Liperi Tuiskavanluoto,6.0,,
2022-05-12,Joensuu Linnunlahti,8.4,-1.0,-1.0
2022-05-12,Lieksa Lampela,8.6,2.0,-1.0
2022-05-12,Ilomantsi Pötsönvaara,7.9,11.4,-1.0
2022-05-12,Ilomantsi Mekrijärvi,8.0,22.1,-1.0
2022-05-12,Pietarsaari Kallan,6.5,,
2022-05-12,Kokkola Tankar,6.2,,
2022-05-12,Kruunupyy Kokkola-Pietarsaari lentoasema,7.9,,
2022-05-12,Kaustinen Tastula,,3.5,-1.0
2022-05-12,Kalajoki Ulkokalla,2.9,,
2022-05-12,Kokkola Santahaka,7.6,1.7,-1.0
2022-05-12,Toholampi Oravala,,3.4,-1.0
2022-05-12,Kalajoki Pitkäsenkylä,,1.8,-1.0
2022-05-12,Kalajoki Mehtäkylä,,3.2,-1.0
2022-05-12,Toholampi Laitala,7.7,4.0,-1.0
2022-05-12,Ylivieska lentokenttä,6.9,0.5,-1.0
2022-05-12,Ylivieska Vähäkangas,,1.2,-1.0
2022-05-12,Haapavesi Mustikkamäki,6.7,3.8,-1.0
2022-05-12,Pyhäjärvi Ojakylä,6.3,3.4,-1.0
2022-05-12,Pyhäjärvi Hiidenniemi,,3.6,-1.0
2022-05-12,Kiuruvesi Korpijoki,,2.9,-1.0
2022-05-12,Siikalatva Kestilä,,2.1,-1.0
2022-05-12,Kajaani lentoasema,7.7,,
2022-05-12,Vieremä Kaarakkala,6.6,5.0,-1.0
2022-05-12,Kajaani Paltaniemi,,3.3,-1.0
2022-05-12,Nurmes Valtimo,7.7,3.8,-1.0
2022-05-12,Ristijärvi Mustavaara,,2.8,0.0
2022-05-12,Sotkamo Kuolaniemi,7.0,4.6,-1.0
2022-05-12,Nurmes Mujejärvi,,4.3,17.0
2022-05-12,Kuhmo Apaja,,5.3,-1.0
2022-05-12,Kuhmo Kalliojoki,7.3,4.5,-1.0
2022-05-12,Raahe Nahkiainen,5.1,,
2022-05-12,Hailuoto Keskikylä,6.9,-1.0,-1.0
2022-05-12,Kemi I majakka,3.2,,
2022-05-12,Hailuoto Marjaniemi,3.8,,
2022-05-12,Raahe Lapaluoto satama,5.9,,
2022-05-12,Oulu lentoasema,7.7,,
2022-05-12,Siikajoki Ruukki,8.5,0.8,-1.0
2022-05-12,Oulu Vihreäsaari satama,5.8,,
2022-05-12,Oulu Oulunsalo Pellonpää,8.1,-1.0,-1.0
2022-05-12,Vaala Pelso,7.6,1.5,-1.0
2022-05-12,Pudasjärvi lentokenttä,8.0,6.4,-1.0
2022-05-12,Utajärvi Särkijärvi,,3.9,-1.0
2022-05-12,Pudasjärvi Jaurakkajärvi,,1.5,-1.0
2022-05-12,Suomussalmi Näljänkä,,0.0,0.0
2022-05-12,Suomussalmi Pesiö,6.8,1.0,0.0
2022-05-12,Puolanka Kotila,,4.9,0.0
2022-05-12,Puolanka Paljakka,5.8,4.5,
2022-05-12,Kemi Kemi-Tornio lentoasema,5.4,,
2022-05-12,Kemi Ajos,3.2,,
2022-05-12,Tornio Kaakkuri,5.1,-1.0,
2022-05-12,Ranua lentokenttä,6.7,-1.0,5.0
2022-05-12,Pudasjärvi Sarakylä,,3.3,0.0
2022-05-12,Posio Raistakka,,1.0,38.0
2022-05-12,Taivalkoski Inkee,,1.1,0.0
2022-05-12,Taivalkoski kirkonkylä,6.8,1.7,-1.0
2022-05-12,Kuusamo lentoasema,6.0,-1.0,32.0
2022-05-12,Kuusamo Kiutaköngäs,6.7,-1.0,-1.0
2022-05-12,Kuusamo Rukatunturi,4.3,,
2022-05-12,Kuusamo Teeriranta,,1.0,5.0
2022-05-12,Kuusamo Juuma,5.8,,
2022-05-12,Ylitornio Meltosjärvi,6.7,-1.0,-1.0
2022-05-12,Kolari Kattilamaa,,-1.0,-1.0
2022-05-12,Pello kirkonkylä,6.9,-1.0,-1.0
2022-05-12,Rovaniemi rautatieasema,7.4,,
2022-05-12,Sodankylä Tähtelä,5.6,-1.0,21.0
2022-05-12,Rovaniemi Apukka,6.5,0.2,5.0
2022-05-12,Pelkosenniemi kirkonkylä,,-1.0,-1.0
2022-05-12,Kemijärvi lentokenttä,6.7,-1.0,-1.0
2022-05-12,Savukoski kirkonkylä,5.7,-1.0,-1.0
2022-05-12,Salla Kelloselkä,,-1.0,0.0
2022-05-12,Pelkosenniemi Pyhätunturi,4.7,,
2022-05-12,Salla kirkonkylä,5.5,-1.0,-1.0
2022-05-12,Salla Naruska,5.3,-1.0,12.0
2022-05-12,Enontekiö Kaaresuvanto,,-1.0,20.0
2022-05-12,Enontekiö lentoasema,4.5,,
2022-05-12,Kittilä Pulju,,-1.0,0.0
2022-05-12,Muonio Laukukero,1.7,,
2022-05-12,Muonio Sammaltunturi,3.4,,
2022-05-12,Kittilä Matorova,5.8,,
2022-05-12,Kittilä lentoasema,7.0,,
2022-05-12,Kittilä Kenttärova,5.2,-1.0,78.0
2022-05-12,Kittilä Pakatti,6.9,-1.0,-1.0
2022-05-12,Kittilä Pokka,5.7,-1.0,69.0
2022-05-12,Sodankylä Lokka,6.7,1.8,-1.0
2022-05-12,Sodankylä Vuotso,6.1,-1.0,29.0
2022-05-12,Inari Saariselkä matkailukeskus,5.1,-1.0,53.0
2022-05-12,Inari Saariselkä Kaunispää,4.0,,
2022-05-12,Inari Raja-Jooseppi Kontiojärvi,,-1.0,19.0
2022-05-12,Inari Raja-Jooseppi,6.1,,
2022-05-12,Salla Värriötunturi,5.2,-1.0,34.0
2022-05-12,Enontekiö Kilpisjärvi kyläkeskus,2.0,-1.0,76.0
2022-05-12,Enontekiö Kilpisjärvi Saana,-1.7,,
2022-05-12,Enontekiö Näkkälä,3.8,-1.0,54.0
2022-05-12,Inari Angeli Lintupuoliselkä,4.4,-1.0,27.0
2022-05-12,Inari Ivalo lentoasema,6.7,,
2022-05-12,Utsjoki Kevo,4.1,-1.0,22.0
2022-05-12,Utsjoki Nuorgam,4.0,-1.0,-1.0
2022-05-12,Inari Väylä,5.6,,
2022-05-12,Inari kirkonkylä,,-1.0,10.0
2022-05-12,Inari Kaamanen,5.2,-1.0,29.0
2022-05-12,Inari Nellim,6.1,-1.0,11.0
2022-05-12,Inari Kirakkajärvi,3.3,-1.0,38.0
2022-05-12,Mäntsälä Hirvihaara,9.5,1.1,-1.0
2022-05-12,Lahti Sopenkorpi,9.0,0.2,-1.0
2022-05-12,Siuntio Sjundby,,0.1,-1.0
2022-05-12,Sipoo Itätoukki,6.2,,
2022-05-12,Rauma Pyynpää,8.5,0.6,-1.0
2022-05-12,Muonio Oustajärvi,5.6,-1.0,4.0
2022-05-12,Pyhtää lentokenttä,8.6,2.3,-1.0
2022-05-12,Sotkamo Tuhkakylä,7.1,3.5,-1.0
2022-05-12,Tervola Loue,6.7,,
2022-05-12,Kajaani Petäisenniska,7.3,3.9,-1.0
2022-05-12,Utsjoki Kevo Kevojärvi,3.6,,
2022-05-12,Inari Seitalaassa,3.8,,
2022-05-12,Ilmajoki Seinäjoki lentoasema,8.7,,
2022-05-12,Rovaniemi lentoasema AWOS,6.4,0.1,-1.0
2022-05-12,Jyväskylä lentoasema AWOS,7.5,2.3,-1.0
2022-05-12,Puumala kirkonkylä,7.9,1.6,-1.0
2022-05-12,Helsinki Vuosaari satama,8.0,,
2022-05-12,Maarianhamina Länsisatama,9.3,,
2022-05-12,Lumparland Långnäs satama,10.8,1.9,-1.0
2022-05-12,Kittilä Lompolonvuoma,5.5,-1.0,
2022-05-12,Kuusamo Ruka Talvijärvi,5.2,,
2022-05-12,Espoo Nuuksio,8.7,0.8,-1.0
2022-05-12,Mikkeli Lentoasema AWOS,8.5,4.2,-1.0
2022-05-12,Espoo Tapiola,9.4,0.3,-1.0
2022-05-13,Porvoo Kilpilahti satama,11.1,,
2022-05-13,Jomala Maarianhamina lentoasema,10.3,,
2022-05-13,Parainen Utö,8.1,0.0,-1.0
2022-05-13,Lemland Nyhamn,7.6,,
2022-05-13,Jomala Jomalaby,10.3,-1.0,-1.0
2022-05-13,Hammarland Märket,7.7,,
2022-05-13,Kökar Bogskär,7.7,,
2022-05-13,Parainen Fagerholm,9.0,-1.0,
2022-05-13,Kumlinge kirkonkylä,9.0,,
2022-05-13,Hanko Russarö,7.7,-1.0,
2022-05-13,Kaarina Yltöinen,10.5,-1.0,-1.0
2022-05-13,Kemiönsaari Vänö,9.0,,
2022-05-13,Hanko Tulliniemi,7.5,,
2022-05-13,Turku Rajakari,9.6,,
2022-05-13,Turku Artukainen,10.4,-1.0,-1.0
2022-05-13,Kemiönsaari Kemiö,10.3,-1.0,-1.0
2022-05-13,Hanko Tvärminne,9.3,0.1,-1.0
2022-05-13,Salo Kärkkä,11.4,-1.0,
2022-05-13,Lohja Leppäkorpi,,-1.0,-1.0
2022-05-13,Raasepori Jussarö,7.1,,
2022-05-13,Salo Kiikala lentokenttä,10.6,-1.0,-1.0
2022-05-13,Vantaa Helsinki-Vantaan lentoasema,11.2,0.1,-1.0
2022-05-13,Inkoo Bågaskär,8.3,,
2022-05-13,Helsinki Kaisaniemi,10.9,3.2,-1.0
2022-05-13,Lohja Porla,11.0,-1.0,-1.0
2022-05-13,Vihti Maasoja,10.3,,
2022-05-13,Helsinki Harmaja,7.0,,
2022-05-13,Kirkkonummi Mäkiluoto,7.2,,
2022-05-13,Helsinki Helsingin majakka,6.4,,
2022-05-13,Helsinki Kumpula,10.9,0.9,-1.0
2022-05-13,Helsinki Malmi lentokenttä,11.0,,
2022-05-13,Porvoo Kalbådagrund,6.4,,
2022-05-13,Porvoo Emäsalo,8.0,,
2022-05-13,Porvoo Harabacka,11.9,-1.0,-1.0
2022-05-13,Kotka Rankki,7.7,-1.0,-1.0
2022-05-13,Loviisa Orrengrund,8.0,,
2022-05-13,Kotka Haapasaari,6.8,,
2022-05-13,Pori lentoasema,8.6,,
2022-05-13,Uusikaupunki Itätulli,,-1.0,-1.0
2022-05-13,Kustavi Isokari,7.5,-1.0,
2022-05-13,Rauma Kylmäpihlaja,7.4,,
2022-05-13,Pori rautatieasema,8.9,-1.0,-1.0
2022-05-13,Turku lentoasema,9.9,,
2022-05-13,Kokemäki Rausenkulma,,-1.0,-1.0
2022-05-13,Huittinen Sallila,,-1.0,-1.0
2022-05-13,Oripää Teinikivi,,-1.0,-1.0
2022-05-13,Pöytyä Yläne,,-1.0,-1.0
2022-05-13,Kokemäki Tulkkila,9.5,-1.0,-1.0
2022-05-13,Jokioinen Ilmala,10.0,-1.0,-1.0
2022-05-13,Nokia Tottijärvi,,-1.0,-1.0
2022-05-13,Pirkkala Tampere-Pirkkala lentoasema,9.9,,
2022-05-13,Tampere Härmälä,10.2,-1.0,-1.0
2022-05-13,Somero Salkola,9.5,-1.0,-1.0
2022-05-13,Hyvinkää Hyvinkäänkylä,11.5,-1.0,-1.0
2022-05-13,Vihti Hiiskula,,-1.0,-1.0
2022-05-13,Hämeenlinna Pirttikoski,,-1.0,-1.0
2022-05-13,Nurmijärvi Röykkä,11.0,-1.0,-1.0
2022-05-13,Hämeenlinna Katinen,11.2,-1.0,
2022-05-13,Hattula Lepaa,10.4,-1.0,-1.0
2022-05-13,Hämeenlinna Lammi Pappila,10.6,-1.0,-1.0
2022-05-13,Asikkala Pulkkilanharju,10.3,,
2022-05-13,Kouvola Utti lentoasema,11.3,-1.0,-1.0
2022-05-13,Kouvola Anjala,11.4,-1.0,-1.0
2022-05-13,Heinola Asemantaus,11.1,-1.0,-1.0
2022-05-13,Kouvola Voikoski,,-1.0,-1.0
2022-05-13,Virolahti Koivuniemi,10.0,-1.0,-1.0
2022-05-13,Lappeenranta lentoasema,11.3,,
2022-05-13,Lappeenranta Konnunsuo,10.6,,
2022-05-13,Lappeenranta Lepola,11.5,-1.0,-1.0
2022-05-13,Ruokolahti Kotaniemi,,-1.0,-1.0
2022-05-13,Lappeenranta Hiekkapakka,8.4,,
2022-05-13,Parikkala Koitsanlahti,10.1,0.4,-1.0
2022-05-13,Kaskinen Sälgrund,7.4,-1.0,
2022-05-13,Merikarvia Tuorila,,-1.0,-1.0
2022-05-13,Isojoki Kärjenkoski,,-1.0,-1.0
2022-05-13,Teuva Kauppilankylä,,-1.0,-1.0
2022-05-13,Pori Tahkoluoto satama,7.1,,
2022-05-13,Kristiinankaupunki Majakka,5.6,,
2022-05-13,Karvia Alkkia,8.9,-1.0,-1.0
2022-05-13,Kurikka Hirvijärvi,,-1.0,-1.0
2022-05-13,Kauhajoki Kuja-Kokko,8.6,-1.0,-1.0
2022-05-13,Kankaanpää Niinisalo lentokenttä,9.1,-1.0,-1.0
2022-05-13,Alavus Sulkavankylä,,-1.0,-1.0
2022-05-13,Virrat Äijänneva,8.9,,
2022-05-13,Jämsä Halli lentoasema,10.5,-1.0,-1.0
2022-05-13,Juupajoki Hyytiälä,9.8,-1.0,-1.0
2022-05-13,Sysmä Joutsjärvi,,-1.0,-1.0
2022-05-13,Jyväskylä Muuratjärvi,,-1.0,-1.0
2022-05-13,Luhanka Judinsalo,9.7,,
2022-05-13,Multia Pirttiperä,,-1.0,-1.0
2022-05-13,Joutsa Savenaho,9.8,-1.0,-1.0
2022-05-13,Kangasniemi kirkonkylä,,-1.0,-1.0
2022-05-13,Joutsa Pärnämäki,,0.0,-1.0
2022-05-13,Mikkeli Pitkähiekka,,0.0,-1.0
2022-05-13,Juva Partala,10.3,,
2022-05-13,Varkaus Kosulanniemi,10.7,-1.0,-1.0
2022-05-13,Savonlinna Laukansaari,,-1.0,-1.0
2022-05-13,Sulkava Halttula,,-1.0,-1.0
2022-05-13,Savonlinna lentoasema,10.4,,
2022-05-13,Rantasalmi Rukkasluoto,8.6,,
2022-05-13,Savonlinna Punkaharju Laukansaari,10.3,-1.0,-1.0
2022-05-13,Enonkoski Simanala,,-1.0,-1.0
2022-05-13,Savonlinna Savonranta,,-1.0,-1.0
2022-05-13,Rääkkylä kirkonkylä,,0.0,-1.0
2022-05-13,Tohmajärvi Kemie,10.1,-1.0,-1.0
2022-05-13,Joensuu Huhtilampi,,-1.0,-1.0
2022-05-13,Vaasa lentoasema,9.0,,
2022-05-13,Mustasaari Valassaaret,7.3,,
2022-05-13,Närpiö Ylimarkku,,-1.0,-1.0
2022-05-13,Mustasaari Riimala,,-1.0,-1.0
2022-05-13,Kurikka Pyörni,,-1.0,-1.0
2022-05-13,Maalahti Strömmingsbådan,5.9,,
2022-05-13,Vaasa Klemettilä,8.9,-1.0,-1.0
2022-05-13,Seinäjoki Pelmaa,9.4,-1.0,-1.0
2022-05-13,Kauhava lentokenttä,8.9,-1.0,-1.0
2022-05-13,Ähtäri Inha,9.5,-1.0,-1.0
2022-05-13,Halsua Purola,9.0,-1.0,-1.0
2022-05-13,Alajärvi Möksy,8.0,-1.0,-1.0
2022-05-13,Multia Karhila,8.3,-1.0,-1.0
2022-05-13,Viitasaari Haapaniemi,9.5,-1.0,-1.0
2022-05-13,Äänekoski Kalaniemi,,-1.0,-1.0
2022-05-13,Vesanto kirkonkylä,9.4,-1.0,-1.0
2022-05-13,Pielavesi Venetmäki,,-1.0,0.0
2022-05-13,Siilinjärvi Kuopio lentoasema,10.3,,
2022-05-13,Kuopio Maaninka,9.2,-1.0,-1.0
2022-05-13,Lapinlahti Lamminkäyrä,,-1.0,-1.0
2022-05-13,Suonenjoki Iisvesi,,-1.0,-1.0
2022-05-13,Kuopio Karttula,,-1.0,-1.0
2022-05-13,Kuopio Ritoniemi,9.1,,
2022-05-13,Kuopio Savilahti,9.8,-1.0,-1.0
2022-05-13,Heinävesi Palokki,,-1.0,-1.0
2022-05-13,Outokumpu Viuruniemi,,-1.0,-1.0
2022-05-13,Rautavaara Ala-Luosta,,0.1,-1.0
2022-05-13,Rautavaara Ylä-Luosta,9.4,0.3,0.0
2022-05-13,Liperi Joensuu lentoasema,10.4,,
2022-05-13,Juuka Niemelä,10.9,-1.0,-1.0
2022-05-13,Joensuu Pyhäselkä,,1.1,-1.0
2022-05-13,Lieksa Koli,,-1.0,-1.0
2022-05-13,Liperi Tuiskavanluoto,9.9,,
2022-05-13,Joensuu Linnunlahti,10.4,1.5,-1.0
2022-05-13,Lieksa Lampela,10.7,-1.0,-1.0
2022-05-13,Ilomantsi Pötsönvaara,9.2,0.2,-1.0
2022-05-13,Ilomantsi Mekrijärvi,9.8,-1.0,-1.0
2022-05-13,Pietarsaari Kallan,5.5,,
2022-05-13,Kokkola Tankar,6.9,,
2022-05-13,Kruunupyy Kokkola-Pietarsaari lentoasema,8.4,,
2022-05-13,Kaustinen Tastula,,-1.0,-1.0
2022-05-13,Kalajoki Ulkokalla,2.2,,
2022-05-13,Kokkola Santahaka,7.9,-1.0,-1.0
2022-05-13,Toholampi Oravala,,-1.0,-1.0
2022-05-13,Kalajoki Pitkäsenkylä,,-1.0,-1.0
2022-05-13,Kalajoki Mehtäkylä,,-1.0,-1.0
2022-05-13,Toholampi Laitala,8.8,-1.0,-1.0
2022-05-13,Ylivieska lentokenttä,9.0,-1.0,-1.0
2022-05-13,Ylivieska Vähäkangas,,-1.0,-1.0
2022-05-13,Haapavesi Mustikkamäki,8.8,-1.0,-1.0
2022-05-13,Pyhäjärvi Ojakylä,8.1,-1.0,-1.0
2022-05-13,Pyhäjärvi Hiidenniemi,,-1.0,-1.0
2022-05-13,Kiuruvesi Korpijoki,,-1.0,-1.0
2022-05-13,Siikalatva Kestilä,,-1.0,-1.0
2022-05-13,Kajaani lentoasema,7.1,,
2022-05-13,Vieremä Kaarakkala,9.0,0.0,-1.0
2022-05-13,Kajaani Paltaniemi,,-1.0,-1.0
2022-05-13,Nurmes Valtimo,10.4,-1.0,-1.0
2022-05-13,Ristijärvi Mustavaara,,-1.0,0.0
2022-05-13,Sotkamo Kuolaniemi,9.1,-1.0,-1.0
2022-05-13,Nurmes Mujejärvi,,-1.0,-1.0
2022-05-13,Kuhmo Apaja,,-1.0,-1.0
2022-05-13,Kuhmo Kalliojoki,9.6,-1.0,-1.0
2022-05-13,Raahe Nahkiainen,2.4,,
2022-05-13,Hailuoto Keskikylä,5.0,-1.0,-1.0
2022-05-13,Kemi I majakka,4.0,,
2022-05-13,Hailuoto Marjaniemi,2.0,,
2022-05-13,Raahe Lapaluoto satama,4.5,,
2022-05-13,Oulu lentoasema,7.1,,
2022-05-13,Siikajoki Ruukki,7.8,-1.0,-1.0
2022-05-13,Oulu Vihreäsaari satama,5.1,,
2022-05-13,Oulu Oulunsalo Pellonpää,6.6,-1.0,-1.0
2022-05-13,Vaala Pelso,7.7,0.6,-1.0
2022-05-13,Pudasjärvi lentokenttä,6.8,-1.0,-1.0
2022-05-13,Utajärvi Särkijärvi,,0.0,-1.0
2022-05-13,Pudasjärvi Jaurakkajärvi,,-1.0,-1.0
2022-05-13,Suomussalmi Näljänkä,,-1.0,0.0
2022-05-13,Suomussalmi Pesiö,7.7,-1.0,0.0
2022-05-13,Puolanka Kotila,,0.0,0.0
2022-05-13,Puolanka Paljakka,7.1,-1.0,
2022-05-13,Kemi Kemi-Tornio lentoasema,5.2,,
2022-05-13,Kemi Ajos,2.8,,
2022-05-13,Tornio Kaakkuri,5.7,-1.0,
2022-05-13,Ranua lentokenttä,6.9,-1.0,2.0
2022-05-13,Pudasjärvi Sarakylä,,-1.0,0.0
2022-05-13,Posio Raistakka,,1.2,32.0
2022-05-13,Taivalkoski Inkee,,-1.0,0.0
2022-05-13,Taivalkoski kirkonkylä,8.1,-1.0,-1.0
2022-05-13,Kuusamo lentoasema,7.7,-1.0,25.0
2022-05-13,Kuusamo Kiutaköngäs,7.3,-1.0,-1.0
2022-05-13,Kuusamo Rukatunturi,7.7,,
2022-05-13,Kuusamo Teeriranta,,-1.0,-1.0
2022-05-13,Kuusamo Juuma,7.9,,
2022-05-13,Ylitornio Meltosjärvi,8.0,-1.0,-1.0
2022-05-13,Kolari Kattilamaa,,0.0,-1.0
2022-05-13,Pello kirkonkylä,7.9,0.4,-1.0
2022-05-13,Rovaniemi rautatieasema,8.9,,
2022-05-13,Sodankylä Tähtelä,7.4,-1.0,17.0
2022-05-13,Rovaniemi Apukka,8.1,-1.0,4.0
2022-05-13,Pelkosenniemi kirkonkylä,,-1.0,-1.0
2022-05-13,Kemijärvi lentokenttä,7.7,-1.0,-1.0
2022-05-13,Savukoski kirkonkylä,7.1,0.8,-1.0
2022-05-13,Salla Kelloselkä,,-1.0,0.0
2022-05-13,Pelkosenniemi Pyhätunturi,6.9,,
2022-05-13,Salla kirkonkylä,7.8,-1.0,-1.0
2022-05-13,Salla Naruska,6.2,-1.0,5.0
2022-05-13,Enontekiö Kaaresuvanto,,-1.0,20.0
2022-05-13,Enontekiö lentoasema,3.9,,
2022-05-13,Kittilä Pulju,,-1.0,0.0
2022-05-13,Muonio Laukukero,1.7,,
2022-05-13,Muonio Sammaltunturi,3.5,,
2022-05-13,Kittilä Matorova,5.1,,
2022-05-13,Kittilä lentoasema,6.1,,
2022-05-13,Kittilä Kenttärova,4.5,-1.0,73.0
2022-05-13,Kittilä Pakatti,7.0,-1.0,-1.0
2022-05-13,Kittilä Pokka,4.5,-1.0,66.0
2022-05-13,Sodankylä Lokka,4.3,-1.0,-1.0
2022-05-13,Sodankylä Vuotso,4.5,-1.0,25.0
2022-05-13,Inari Saariselkä matkailukeskus,3.8,-1.0,47.0
2022-05-13,Inari Saariselkä Kaunispää,2.5,,
2022-05-13,Inari Raja-Jooseppi Kontiojärvi,,-1.0,16.0
2022-05-13,Inari Raja-Jooseppi,5.0,,
2022-05-13,Salla Värriötunturi,6.6,0.2,23.0
2022-05-13,Enontekiö Kilpisjärvi kyläkeskus,1.6,-1.0,73.0
2022-05-13,Enontekiö Kilpisjärvi Saana,-2.1,,
2022-05-13,Enontekiö Näkkälä,3.0,-1.0,50.0
2022-05-13,Inari Angeli Lintupuoliselkä,2.9,-1.0,21.0
2022-05-13,Inari Ivalo lentoasema,4.5,,
2022-05-13,Utsjoki Kevo,2.9,-1.0,18.0
2022-05-13,Utsjoki Nuorgam,2.9,-1.0,-1.0
2022-05-13,Inari Väylä,3.8,,
2022-05-13,Inari kirkonkylä,,-1.0,5.0
2022-05-13,Inari Kaamanen,3.4,-1.0,24.0
2022-05-13,Inari Nellim,2.8,-1.0,4.0
2022-05-13,Inari Kirakkajärvi,2.8,-1.0,37.0
2022-05-13,Mäntsälä Hirvihaara,11.2,-1.0,-1.0
2022-05-13,Lahti Sopenkorpi,11.5,-1.0,-1.0
2022-05-13,Siuntio Sjundby,,0.9,-1.0
2022-05-13,Sipoo Itätoukki,6.4,,
2022-05-13,Rauma Pyynpää,8.1,-1.0,-1.0
2022-05-13,Muonio Oustajärvi,4.9,-1.0,2.0
2022-05-13,Pyhtää lentokenttä,11.2,-1.0,-1.0
2022-05-13,Sotkamo Tuhkakylä,9.1,0.6,-1.0
2022-05-13,Tervola Loue,7.0,,
2022-05-13,Kajaani Petäisenniska,8.3,-1.0,-1.0
2022-05-13,Utsjoki Kevo Kevojärvi,2.6,,
2022-05-13,Inari Seitalaassa,2.1,,
2022-05-13,Ilmajoki Seinäjoki lentoasema,8.9,,
2022-05-13,Rovaniemi lentoasema AWOS,8.8,0.5,-1.0
2022-05-13,Jyväskylä lentoasema AWOS,10.0,-1.0,-1.0
2022-05-13,Puumala kirkonkylä,10.4,-1.0,-1.0
2022-05-13,Helsinki Vuosaari satama,9.9,,
2022-05-13,Maarianhamina Länsisatama,9.6,,
2022-05-13,Lumparland Långnäs satama,9.8,0.1,-1.0
2022-05-13,Kittilä Lompolonvuoma,3.9,-1.0,
2022-05-13,Kuusamo Ruka Talvijärvi,7.9,,
2022-05-13,Espoo Nuuksio,10.4,-1.0,-1.0
2022-05-13,Mikkeli Lentoasema AWOS,10.0,-1.0,-1.0
2022-05-13,Espoo Tapiola,11.1,4.3,-1.0
2022-05-14,Porvoo Kilpilahti satama,7.9,,
2022-05-14,Jomala Maarianhamina lentoasema,9.8,,
2022-05-14,Parainen Utö,8.2,0.5,-1.0
2022-05-14,Lemland Nyhamn,8.0,,
2022-05-14,Jomala Jomalaby,9.8,1.4,-1.0
2022-05-14,Hammarland Märket,7.8,,
2022-05-14,Kökar Bogskär,7.5,,
2022-05-14,Parainen Fagerholm,8.8,-1.0,
2022-05-14,Kumlinge kirkonkylä,9.1,,
2022-05-14,Hanko Russarö,7.5,-1.0,
2022-05-14,Kaarina Yltöinen,10.0,-1.0,-1.0
2022-05-14,Kemiönsaari Vänö,8.1,,
2022-05-14,Hanko Tulliniemi,7.6,,
2022-05-14,Turku Rajakari,9.4,,
2022-05-14,Turku Artukainen,10.5,-1.0,-1.0
2022-05-14,Kemiönsaari Kemiö,9.9,-1.0,-1.0
2022-05-14,Hanko Tvärminne,8.7,-1.0,-1.0
2022-05-14,Salo Kärkkä,9.4,1.8,
2022-05-14,Lohja Leppäkorpi,,4.8,-1.0
2022-05-14,Raasepori Jussarö,6.6,,
2022-05-14,Salo Kiikala lentokenttä,7.2,5.4,-1.0
2022-05-14,Vantaa Helsinki-Vantaan lentoasema,9.5,0.0,-1.0
2022-05-14,Inkoo Bågaskär,7.6,,
2022-05-14,Helsinki Kaisaniemi,9.3,-1.0,-1.0
2022-05-14,Lohja Porla,8.9,1.6,-1.0
2022-05-14,Vihti Maasoja,7.9,,
2022-05-14,Helsinki Harmaja,6.3,,
2022-05-14,Kirkkonummi Mäkiluoto,6.7,,
2022-05-14,Helsinki Helsingin majakka,6.1,,
2022-05-14,Helsinki Kumpula,9.9,-1.0,-1.0
2022-05-14,Helsinki Malmi lentokenttä,8.8,,
2022-05-14,Porvoo Kalbådagrund,5.8,,
2022-05-14,Porvoo Emäsalo,6.7,,
2022-05-14,Porvoo Harabacka,10.2,-1.0,-1.0
2022-05-14,Kotka Rankki,6.7,0.5,-1.0
2022-05-14,Loviisa Orrengrund,6.8,,
2022-05-14,Kotka Haapasaari,6.2,,
2022-05-14,Pori lentoasema,8.8,,
2022-05-14,Uusikaupunki Itätulli,,-1.0,-1.0
2022-05-14,Kustavi Isokari,8.3,-1.0,
2022-05-14,Rauma Kylmäpihlaja,8.0,,
2022-05-14,Pori rautatieasema,9.1,-1.0,-1.0
2022-05-14,Turku lentoasema,9.9,,
2022-05-14,Kokemäki Rausenkulma,,-1.0,-1.0
2022-05-14,Huittinen Sallila,,8.5,-1.0
2022-05-14,Oripää Teinikivi,,1.7,-1.0
2022-05-14,Pöytyä Yläne,,1.3,-1.0
2022-05-14,Kokemäki Tulkkila,8.3,0.2,-1.0
2022-05-14,Jokioinen Ilmala,8.2,0.8,-1.0
2022-05-14,Nokia Tottijärvi,,-1.0,-1.0
2022-05-14,Pirkkala Tampere-Pirkkala lentoasema,8.4,,
2022-05-14,Tampere Härmälä,8.8,0.1,-1.0
2022-05-14,Somero Salkola,8.2,0.3,-1.0
2022-05-14,Hyvinkää Hyvinkäänkylä,9.2,1.1,-1.0
2022-05-14,Vihti Hiiskula,,0.1,-1.0
2022-05-14,Hämeenlinna Pirttikoski,,0.8,-1.0
2022-05-14,Nurmijärvi Röykkä,9.0,0.5,-1.0
2022-05-14,Hämeenlinna Katinen,9.1,2.0,
2022-05-14,Hattula Lepaa,8.6,0.8,-1.0
2022-05-14,Hämeenlinna Lammi Pappila,8.9,0.8,-1.0
2022-05-14,Asikkala Pulkkilanharju,9.1,,
2022-05-14,Kouvola Utti lentoasema,11.9,0.2,-1.0
2022-05-14,Kouvola Anjala,11.2,0.1,-1.0
2022-05-14,Heinola Asemantaus,11.5,0.2,-1.0
2022-05-14,Kouvola Voikoski,,0.1,-1.0
2022-05-14,Virolahti Koivuniemi,9.5,0.1,-1.0
2022-05-14,Lappeenranta lentoasema,11.7,,
2022-05-14,Lappeenranta Konnunsuo,10.2,,
2022-05-14,Lappeenranta Lepola,11.9,0.7,-1.0
2022-05-14,Ruokolahti Kotaniemi,,-1.0,-1.0
2022-05-14,Lappeenranta Hiekkapakka,9.0,,
2022-05-14,Parikkala Koitsanlahti,10.1,-1.0,-1.0
2022-05-14,Kaskinen Sälgrund,7.8,-1.0,
2022-05-14,Merikarvia Tuorila,,-1.0,-1.0
2022-05-14,Isojoki Kärjenkoski,,-1.0,-1.0
2022-05-14,Teuva Kauppilankylä,,-1.0,-1.0
2022-05-14,Pori Tahkoluoto satama,7.4,,
2022-05-14,Kristiinankaupunki Majakka,6.1,,
2022-05-14,Karvia Alkkia,7.4,3.9,-1.0
2022-05-14,Kurikka Hirvijärvi,,15.6,-1.0
2022-05-14,Kauhajoki Kuja-Kokko,8.4,0.2,-1.0
2022-05-14,Kankaanpää Niinisalo lentokenttä,8.0,2.1,-1.0
2022-05-14,Alavus Sulkavankylä,,4.3,-1.0
2022-05-14,Virrat Äijänneva,7.3,,
2022-05-14,Jämsä Halli lentoasema,8.8,7.5,-1.0
2022-05-14,Juupajoki Hyytiälä,8.3,1.2,-1.0
2022-05-14,Sysmä Joutsjärvi,,0.8,-1.0
2022-05-14,Jyväskylä Muuratjärvi,,2.8,-1.0
2022-05-14,Luhanka Judinsalo,8.2,,
2022-05-14,Multia Pirttiperä,,7.1,-1.0
2022-05-14,Joutsa Savenaho,9.8,2.3,-1.0
2022-05-14,Kangasniemi kirkonkylä,,5.0,-1.0
2022-05-14,Joutsa Pärnämäki,,1.9,-1.0
2022-05-14,Mikkeli Pitkähiekka,,5.1,-1.0
2022-05-14,Juva Partala,10.0,,
2022-05-14,Varkaus Kosulanniemi,10.4,0.7,-1.0
2022-05-14,Savonlinna Laukansaari,,0.0,-1.0
2022-05-14,Sulkava Halttula,,1.5,-1.0
2022-05-14,Savonlinna lentoasema,10.2,,
2022-05-14,Rantasalmi Rukkasluoto,9.1,,
2022-05-14,Savonlinna Punkaharju Laukansaari,10.2,0.4,-1.0
2022-05-14,Enonkoski Simanala,,-1.0,-1.0
2022-05-14,Savonlinna Savonranta,,0.0,-1.0
2022-05-14,Rääkkylä kirkonkylä,,-1.0,-1.0
2022-05-14,Tohmajärvi Kemie,11.9,-1.0,-1.0
2022-05-14,Joensuu Huhtilampi,,-1.0,-1.0
2022-05-14,Vaasa lentoasema,8.7,,
2022-05-14,Mustasaari Valassaaret,7.8,,
2022-05-14,Närpiö Ylimarkku,,0.0,-1.0
2022-05-14,Mustasaari Riimala,,0.5,-1.0
2022-05-14,Kurikka Pyörni,,0.2,-1.0
2022-05-14,Maalahti Strömmingsbådan,6.2,,
2022-05-14,Vaasa Klemettilä,8.7,1.4,-1.0
2022-05-14,Seinäjoki Pelmaa,8.4,1.5,-1.0
2022-05-14,Kauhava lentokenttä,8.0,6.8,-1.0
2022-05-14,Ähtäri Inha,8.1,2.9,-1.0
2022-05-14,Halsua Purola,8.2,7.4,-1.0
2022-05-14,Alajärvi Möksy,8.1,2.4,-1.0
2022-05-14,Multia Karhila,8.2,3.2,-1.0
2022-05-14,Viitasaari Haapaniemi,10.2,11.8,-1.0
2022-05-14,Äänekoski Kalaniemi,,15.3,-1.0
2022-05-14,Vesanto kirkonkylä,9.5,12.2,-1.0
2022-05-14,Pielavesi Venetmäki,,0.5,-1.0
2022-05-14,Siilinjärvi Kuopio lentoasema,11.0,,
2022-05-14,Kuopio Maaninka,9.8,0.4,-1.0
2022-05-14,Lapinlahti Lamminkäyrä,,0.0,-1.0
2022-05-14,Suonenjoki Iisvesi,,8.3,-1.0
2022-05-14,Kuopio Karttula,,2.8,-1.0
2022-05-14,Kuopio Ritoniemi,9.0,,
2022-05-14,Kuopio Savilahti,10.9,0.7,-1.0
2022-05-14,Heinävesi Palokki,,-1.0,-1.0
2022-05-14,Outokumpu Viuruniemi,,-1.0,-1.0
2022-05-14,Rautavaara Ala-Luosta,,-1.0,-1.0
2022-05-14,Rautavaara Ylä-Luosta,9.0,-1.0,-1.0
2022-05-14,Liperi Joensuu lentoasema,9.7,,
2022-05-14,Juuka Niemelä,9.4,-1.0,-1.0
2022-05-14,Joensuu Pyhäselkä,,-1.0,-1.0
2022-05-14,Lieksa Koli,,-1.0,-1.0
2022-05-14,Liperi Tuiskavanluoto,9.7,,
2022-05-14,Joensuu Linnunlahti,10.2,-1.0,-1.0
2022-05-14,Lieksa Lampela,10.5,-1.0,-1.0
2022-05-14,Ilomantsi Pötsönvaara,9.3,-1.0,-1.0
2022-05-14,Ilomantsi Mekrijärvi,10.1,-1.0,-1.0
2022-05-14,Pietarsaari Kallan,6.9,,
2022-05-14,Kokkola Tankar,7.1,,
2022-05-14,Kruunupyy Kokkola-Pietarsaari lentoasema,7.9,,
2022-05-14,Kaustinen Tastula,,0.3,-1.0
2022-05-14,Kalajoki Ulkokalla,4.5,,
2022-05-14,Kokkola Santahaka,8.1,4.8,-1.0
2022-05-14,Toholampi Oravala,,3.7,-1.0
2022-05-14,Kalajoki Pitkäsenkylä,,-1.0,-1.0
2022-05-14,Kalajoki Mehtäkylä,,-1.0,-1.0
2022-05-14,Toholampi Laitala,9.7,1.0,-1.0
2022-05-14,Ylivieska lentokenttä,9.9,2.2,-1.0
2022-05-14,Ylivieska Vähäkangas,,1.5,-1.0
2022-05-14,Haapavesi Mustikkamäki,10.9,1.2,-1.0
2022-05-14,Pyhäjärvi Ojakylä,9.7,5.8,-1.0
2022-05-14,Pyhäjärvi Hiidenniemi,,7.4,-1.0
2022-05-14,Kiuruvesi Korpijoki,,2.2,-1.0
2022-05-14,Siikalatva Kestilä,,-1.0,-1.0
2022-05-14,Kajaani lentoasema,8.1,,
2022-05-14,Vieremä Kaarakkala,10.0,-1.0,-1.0
2022-05-14,Kajaani Paltaniemi,,-1.0,-1.0
2022-05-14,Nurmes Valtimo,9.8,-1.0,-1.0
2022-05-14,Ristijärvi Mustavaara,,-1.0,-1.0
2022-05-14,Sotkamo Kuolaniemi,9.6,-1.0,-1.0
2022-05-14,Nurmes Mujejärvi,,-1.0,-1.0
2022-05-14,Kuhmo Apaja,,-1.0,-1.0
2022-05-14,Kuhmo Kalliojoki,10.0,-1.0,-1.0
2022-05-14,Raahe Nahkiainen,6.0,,
2022-05-14,Hailuoto Keskikylä,8.7,0.8,-1.0
2022-05-14,Kemi I majakka,3.9,,
2022-05-14,Hailuoto Marjaniemi,4.8,,
2022-05-14,Raahe Lapaluoto satama,6.9,,
2022-05-14,Oulu lentoasema,9.2,,
2022-05-14,Siikajoki Ruukki,9.1,0.9,-1.0
2022-05-14,Oulu Vihreäsaari satama,6.8,,
2022-05-14,Oulu Oulunsalo Pellonpää,8.5,0.7,-1.0
2022-05-14,Vaala Pelso,9.6,-1.0,-1.0
2022-05-14,Pudasjärvi lentokenttä,10.4,-1.0,-1.0
2022-05-14,Utajärvi Särkijärvi,,-1.0,-1.0
2022-05-14,Pudasjärvi Jaurakkajärvi,,-1.0,-1.0
2022-05-14,Suomussalmi Näljänkä,,-1.0,-1.0
2022-05-14,Suomussalmi Pesiö,8.4,-1.0,0.0
2022-05-14,Puolanka Kotila,,-1.0,0.0
2022-05-14,Puolanka Paljakka,7.1,-1.0,8.0
2022-05-14,Kemi Kemi-Tornio lentoasema,7.3,,
2022-05-14,Kemi Ajos,3.9,,
2022-05-14,Tornio Kaakkuri,6.9,0.9,
2022-05-14,Ranua lentokenttä,9.0,0.2,-1.0
2022-05-14,Pudasjärvi Sarakylä,,-1.0,-1.0
2022-05-14,Posio Raistakka,,-1.0,25.0
2022-05-14,Taivalkoski Inkee,,0.2,0.0
2022-05-14,Taivalkoski kirkonkylä,8.9,-1.0,-1.0
2022-05-14,Kuusamo lentoasema,8.4,0.9,20.0
2022-05-14,Kuusamo Kiutaköngäs,8.1,-1.0,-1.0
2022-05-14,Kuusamo Rukatunturi,8.2,,
2022-05-14,Kuusamo Teeriranta,,0.3,-1.0
2022-05-14,Kuusamo Juuma,8.0,,
2022-05-14,Ylitornio Meltosjärvi,9.2,0.2,-1.0
2022-05-14,Kolari Kattilamaa,,0.1,-1.0
2022-05-14,Pello kirkonkylä,9.6,0.2,-1.0
2022-05-14,Rovaniemi rautatieasema,10.2,,
2022-05-14,Sodankylä Tähtelä,9.4,-1.0,10.0
2022-05-14,Rovaniemi Apukka,8.5,-1.0,3.0
2022-05-14,Pelkosenniemi kirkonkylä,,-1.0,-1.0
2022-05-14,Kemijärvi lentokenttä,7.7,-1.0,-1.0
2022-05-14,Savukoski kirkonkylä,9.2,-1.0,-1.0
2022-05-14,Salla Kelloselkä,,-1.0,-1.0
2022-05-14,Pelkosenniemi Pyhätunturi,8.7,,
2022-05-14,Salla kirkonkylä,8.4,-1.0,-1.0
2022-05-14,Salla Naruska,8.1,-1.0,-1.0
2022-05-14,Enontekiö Kaaresuvanto,,-1.0,20.0
2022-05-14,Enontekiö lentoasema,7.8,,
2022-05-14,Kittilä Pulju,,-1.0,0.0
2022-05-14,Muonio Laukukero,5.3,,
2022-05-14,Muonio Sammaltunturi,7.4,,
2022-05-14,Kittilä Matorova,7.9,,
2022-05-14,Kittilä lentoasema,8.5,,
2022-05-14,Kittilä Kenttärova,7.4,-1.0,70.0
2022-05-14,Kittilä Pakatti,8.8,-1.0,-1.0
2022-05-14,Kittilä Pokka,7.1,-1.0,63.0
2022-05-14,Sodankylä Lokka,6.3,-1.0,-1.0
2022-05-14,Sodankylä Vuotso,7.8,-1.0,21.0
2022-05-14,Inari Saariselkä matkailukeskus,6.1,-1.0,43.0
2022-05-14,Inari Saariselkä Kaunispää,7.0,,
2022-05-14,Inari Raja-Jooseppi Kontiojärvi,,-1.0,0.0
2022-05-14,Inari Raja-Jooseppi,8.1,,
2022-05-14,Salla Värriötunturi,7.5,-1.0,18.0
2022-05-14,Enontekiö Kilpisjärvi kyläkeskus,2.5,6.2,71.0
2022-05-14,Enontekiö Kilpisjärvi Saana,0.3,,
2022-05-14,Enontekiö Näkkälä,7.2,-1.0,46.0
2022-05-14,Inari Angeli Lintupuoliselkä,7.7,0.9,18.0
2022-05-14,Inari Ivalo lentoasema,7.5,,
2022-05-14,Utsjoki Kevo,6.5,-1.0,15.0
2022-05-14,Utsjoki Nuorgam,5.4,-1.0,-1.0
2022-05-14,Inari Väylä,5.7,,
2022-05-14,Inari kirkonkylä,,-1.0,-1.0
2022-05-14,Inari Kaamanen,6.7,-1.0,21.0
2022-05-14,Inari Nellim,6.2,-1.0,-1.0
2022-05-14,Inari Kirakkajärvi,5.5,-1.0,34.0
2022-05-14,Mäntsälä Hirvihaara,9.5,-1.0,-1.0
2022-05-14,Lahti Sopenkorpi,10.6,-1.0,-1.0
2022-05-14,Siuntio Sjundby,,3.8,-1.0
2022-05-14,Sipoo Itätoukki,6.1,,
2022-05-14,Rauma Pyynpää,8.8,-1.0,-1.0
2022-05-14,Muonio Oustajärvi,8.1,-1.0,-1.0
2022-05-14,Pyhtää lentokenttä,10.4,-1.0,-1.0
2022-05-14,Sotkamo Tuhkakylä,9.2,-1.0,-1.0
2022-05-14,Tervola Loue,9.1,,
2022-05-14,Kajaani Petäisenniska,9.6,-1.0,-1.0
2022-05-14,Utsjoki Kevo Kevojärvi,5.1,,
2022-05-14,Inari Seitalaassa,3.1,,
2022-05-14,Ilmajoki Seinäjoki lentoasema,7.8,,
2022-05-14,Rovaniemi lentoasema AWOS,10.3,-1.0,-1.0
2022-05-14,Jyväskylä lentoasema AWOS,9.6,1.2,-1.0
2022-05-14,Puumala kirkonkylä,11.1,4.1,-1.0
2022-05-14,Helsinki Vuosaari satama,7.4,,
2022-05-14,Maarianhamina Länsisatama,9.4,,
2022-05-14,Lumparland Långnäs satama,9.8,-1.0,-1.0
2022-05-14,Kittilä Lompolonvuoma,6.3,-1.0,
2022-05-14,Kuusamo Ruka Talvijärvi,9.2,,
2022-05-14,Espoo Nuuksio,8.7,0.7,-1.0
2022-05-14,Mikkeli Lentoasema AWOS,11.4,2.9,-1.0
2022-05-14,Espoo Tapiola,9.7,-1.0,-1.0
2022-05-15,Porvoo Kilpilahti satama,10.7,,
2022-05-15,Jomala Maarianhamina lentoasema,8.9,,
2022-05-15,Parainen Utö,8.9,-1.0,-1.0
2022-05-15,Lemland Nyhamn,8.3,,
2022-05-15,Jomala Jomalaby,8.8,-1.0,-1.0
2022-05-15,Hammarland Märket,7.5,,
2022-05-15,Kökar Bogskär,7.4,,
2022-05-15,Parainen Fagerholm,8.3,-1.0,
2022-05-15,Kumlinge kirkonkylä,8.2,,
2022-05-15,Hanko Russarö,8.9,-1.0,
2022-05-15,Kaarina Yltöinen,9.5,-1.0,-1.0
2022-05-15,Kemiönsaari Vänö,8.5,,
2022-05-15,Hanko Tulliniemi,8.7,,
2022-05-15,Turku Rajakari,8.7,,
2022-05-15,Turku Artukainen,9.2,-1.0,-1.0
2022-05-15,Kemiönsaari Kemiö,9.2,-1.0,-1.0
2022-05-15,Hanko Tvärminne,9.9,-1.0,-1.0
2022-05-15,Salo Kärkkä,9.3,-1.0,
2022-05-15,Lohja Leppäkorpi,,-1.0,-1.0
2022-05-15,Raasepori Jussarö,9.6,,
2022-05-15,Salo Kiikala lentokenttä,8.1,-1.0,-1.0
2022-05-15,Vantaa Helsinki-Vantaan lentoasema,9.7,0.0,-1.0
2022-05-15,Inkoo Bågaskär,10.1,,
2022-05-15,Helsinki Kaisaniemi,10.5,-1.0,-1.0
2022-05-15,Lohja Porla,9.4,-1.0,-1.0
2022-05-15,Vihti Maasoja,9.0,,
2022-05-15,Helsinki Harmaja,8.9,,
2022-05-15,Kirkkonummi Mäkiluoto,9.3,,
2022-05-15,Helsinki Helsingin majakka,8.4,,
2022-05-15,Helsinki Kumpula,10.3,-1.0,-1.0
2022-05-15,Helsinki Malmi lentokenttä,10.2,,
2022-05-15,Porvoo Kalbådagrund,7.8,,
2022-05-15,Porvoo Emäsalo,9.1,,
2022-05-15,Porvoo Harabacka,10.2,-1.0,-1.0
2022-05-15,Kotka Rankki,9.3,0.7,-1.0
2022-05-15,Loviisa Orrengrund,8.3,,
2022-05-15,Kotka Haapasaari,7.8,,
2022-05-15,Pori lentoasema,8.4,,
2022-05-15,Uusikaupunki Itätulli,,-1.0,-1.0
2022-05-15,Kustavi Isokari,7.0,-1.0,
2022-05-15,Rauma Kylmäpihlaja,7.0,,
2022-05-15,Pori rautatieasema,8.8,-1.0,-1.0
2022-05-15,Turku lentoasema,8.5,,
2022-05-15,Kokemäki Rausenkulma,,-1.0,-1.0
2022-05-15,Huittinen Sallila,,-1.0,-1.0
2022-05-15,Oripää Teinikivi,,-1.0,-1.0
2022-05-15,Pöytyä Yläne,,-1.0,-1.0
2022-05-15,Kokemäki Tulkkila,8.3,-1.0,-1.0
2022-05-15,Jokioinen Ilmala,8.4,-1.0,-1.0
2022-05-15,Nokia Tottijärvi,,-1.0,-1.0
2022-05-15,Pirkkala Tampere-Pirkkala lentoasema,8.7,,
2022-05-15,Tampere Härmälä,8.8,-1.0,-1.0
2022-05-15,Somero Salkola,8.0,-1.0,-1.0
2022-05-15,Hyvinkää Hyvinkäänkylä,9.5,-1.0,-1.0
2022-05-15,Vihti Hiiskula,,-1.0,-1.0
2022-05-15,Hämeenlinna Pirttikoski,,-1.0,-1.0
2022-05-15,Nurmijärvi Röykkä,8.7,-1.0,-1.0
2022-05-15,Hämeenlinna Katinen,9.0,-1.0,
2022-05-15,Hattula Lepaa,8.6,-1.0,-1.0
2022-05-15,Hämeenlinna Lammi Pappila,8.2,0.1,-1.0
2022-05-15,Asikkala Pulkkilanharju,8.4,,
2022-05-15,Kouvola Utti lentoasema,9.0,1.0,-1.0
2022-05-15,Kouvola Anjala,9.5,0.1,-1.0
2022-05-15,Heinola Asemantaus,9.3,0.4,-1.0
2022-05-15,Kouvola Voikoski,,1.0,-1.0
2022-05-15,Virolahti Koivuniemi,9.5,0.9,-1.0
2022-05-15,Lappeenranta lentoasema,8.7,,
2022-05-15,Lappeenranta Konnunsuo,7.8,,
2022-05-15,Lappeenranta Lepola,8.8,2.3,-1.0
2022-05-15,Ruokolahti Kotaniemi,,5.6,-1.0
2022-05-15,Lappeenranta Hiekkapakka,6.7,,
2022-05-15,Parikkala Koitsanlahti,7.5,4.6,-1.0
2022-05-15,Kaskinen Sälgrund,7.3,-1.0,
2022-05-15,Merikarvia Tuorila,,-1.0,-1.0
2022-05-15,Isojoki Kärjenkoski,,-1.0,-1.0
2022-05-15,Teuva Kauppilankylä,,-1.0,-1.0
2022-05-15,Pori Tahkoluoto satama,6.9,,
2022-05-15,Kristiinankaupunki Majakka,5.9,,
2022-05-15,Karvia Alkkia,7.9,-1.0,-1.0
2022-05-15,Kurikka Hirvijärvi,,-1.0,-1.0
2022-05-15,Kauhajoki Kuja-Kokko,8.7,-1.0,-1.0
2022-05-15,Kankaanpää Niinisalo lentokenttä,8.5,-1.0,-1.0
2022-05-15,Alavus Sulkavankylä,,-1.0,-1.0
2022-05-15,Virrat Äijänneva,7.7,,
2022-05-15,Jämsä Halli lentoasema,8.2,0.3,-1.0
2022-05-15,Juupajoki Hyytiälä,7.9,-1.0,-1.0
2022-05-15,Sysmä Joutsjärvi,,0.6,-1.0
2022-05-15,Jyväskylä Muuratjärvi,,0.0,-1.0
2022-05-15,Luhanka Judinsalo,8.1,,
2022-05-15,Multia Pirttiperä,,-1.0,-1.0
2022-05-15,Joutsa Savenaho,7.7,0.8,-1.0
2022-05-15,Kangasniemi kirkonkylä,,0.1,-1.0
2022-05-15,Joutsa Pärnämäki,,1.3,-1.0
2022-05-15,Mikkeli Pitkähiekka,,2.8,-1.0
2022-05-15,Juva Partala,6.9,,
2022-05-15,Varkaus Kosulanniemi,6.7,6.7,-1.0
2022-05-15,Savonlinna Laukansaari,,7.4,-1.0
2022-05-15,Sulkava Halttula,,11.5,-1.0
2022-05-15,Savonlinna lentoasema,6.8,,
2022-05-15,Rantasalmi Rukkasluoto,5.9,,
2022-05-15,Savonlinna Punkaharju Laukansaari,7.6,6.1,-1.0
2022-05-15,Enonkoski Simanala,,6.5,-1.0
2022-05-15,Savonlinna Savonranta,,4.6,-1.0
2022-05-15,Rääkkylä kirkonkylä,,7.1,-1.0
2022-05-15,Tohmajärvi Kemie,9.1,2.1,-1.0
2022-05-15,Joensuu Huhtilampi,,9.5,-1.0
2022-05-15,Vaasa lentoasema,9.3,,
2022-05-15,Mustasaari Valassaaret,7.2,,
2022-05-15,Närpiö Ylimarkku,,-1.0,-1.0
2022-05-15,Mustasaari Riimala,,-1.0,-1.0
2022-05-15,Kurikka Pyörni,,-1.0,-1.0
2022-05-15,Maalahti Strömmingsbådan,6.4,,
2022-05-15,Vaasa Klemettilä,9.5,-1.0,-1.0
2022-05-15,Seinäjoki Pelmaa,8.6,-1.0,-1.0
2022-05-15,Kauhava lentokenttä,8.6,-1.0,-1.0
2022-05-15,Ähtäri Inha,7.8,-1.0,-1.0
2022-05-15,Halsua Purola,8.1,-1.0,-1.0
2022-05-15,Alajärvi Möksy,8.0,-1.0,-1.0
2022-05-15,Multia Karhila,7.5,-1.0,-1.0
2022-05-15,Viitasaari Haapaniemi,7.9,-1.0,-1.0
2022-05-15,Äänekoski Kalaniemi,,0.0,-1.0
2022-05-15,Vesanto kirkonkylä,7.4,3.0,-1.0
2022-05-15,Pielavesi Venetmäki,,4.8,-1.0
2022-05-15,Siilinjärvi Kuopio lentoasema,7.7,,
2022-05-15,Kuopio Maaninka,7.4,1.5,-1.0
2022-05-15,Lapinlahti Lamminkäyrä,,0.0,-1.0
2022-05-15,Suonenjoki Iisvesi,,14.0,-1.0
2022-05-15,Kuopio Karttula,,3.4,-1.0
2022-05-15,Kuopio Ritoniemi,6.9,,
2022-05-15,Kuopio Savilahti,6.9,2.6,-1.0
2022-05-15,Heinävesi Palokki,,2.3,-1.0
2022-05-15,Outokumpu Viuruniemi,,1.9,-1.0
2022-05-15,Rautavaara Ala-Luosta,,3.6,-1.0
2022-05-15,Rautavaara Ylä-Luosta,8.6,1.0,-1.0
2022-05-15,Liperi Joensuu lentoasema,8.2,,
2022-05-15,Juuka Niemelä,8.3,1.8,-1.0
2022-05-15,Joensuu Pyhäselkä,,3.2,-1.0
2022-05-15,Lieksa Koli,,5.0,-1.0
2022-05-15,Liperi Tuiskavanluoto,8.4,,
2022-05-15,Joensuu Linnunlahti,8.6,1.7,-1.0
2022-05-15,Lieksa Lampela,10.1,0.5,-1.0
2022-05-15,Ilomantsi Pötsönvaara,9.6,15.7,-1.0
2022-05-15,Ilomantsi Mekrijärvi,8.8,3.9,-1.0
2022-05-15,Pietarsaari Kallan,5.3,,
2022-05-15,Kokkola Tankar,5.8,,
2022-05-15,Kruunupyy Kokkola-Pietarsaari lentoasema,8.6,,
2022-05-15,Kaustinen Tastula,,-1.0,-1.0
2022-05-15,Kalajoki Ulkokalla,2.9,,
2022-05-15,Kokkola Santahaka,8.3,-1.0,-1.0
2022-05-15,Toholampi Oravala,,-1.0,-1.0
2022-05-15,Kalajoki Pitkäsenkylä,,-1.0,-1.0
2022-05-15,Kalajoki Mehtäkylä,,-1.0,-1.0
2022-05-15,Toholampi Laitala,7.8,-1.0,-1.0
2022-05-15,Ylivieska lentokenttä,8.1,-1.0,-1.0
2022-05-15,Ylivieska Vähäkangas,,-1.0,-1.0
2022-05-15,Haapavesi Mustikkamäki,7.9,0.0,-1.0
2022-05-15,Pyhäjärvi Ojakylä,7.7,-1.0,-1.0
2022-05-15,Pyhäjärvi Hiidenniemi,,0.0,-1.0
2022-05-15,Kiuruvesi Korpijoki,,6.2,-1.0
2022-05-15,Siikalatva Kestilä,,0.1,-1.0
2022-05-15,Kajaani lentoasema,7.2,,
2022-05-15,Vieremä Kaarakkala,6.9,0.1,-1.0
2022-05-15,Kajaani Paltaniemi,,-1.0,-1.0
2022-05-15,Nurmes Valtimo,8.4,7.0,-1.0
2022-05-15,Ristijärvi Mustavaara,,0.5,-1.0
2022-05-15,Sotkamo Kuolaniemi,7.7,6.2,-1.0
2022-05-15,Nurmes Mujejärvi,,2.0,-1.0
2022-05-15,Kuhmo Apaja,,-1.0,-1.0
2022-05-15,Kuhmo Kalliojoki,9.5,0.3,-1.0
2022-05-15,Raahe Nahkiainen,4.0,,
2022-05-15,Hailuoto Keskikylä,7.4,-1.0,-1.0
2022-05-15,Kemi I majakka,5.2,,
2022-05-15,Hailuoto Marjaniemi,3.7,,
2022-05-15,Raahe Lapaluoto satama,4.5,,
2022-05-15,Oulu lentoasema,6.5,,
2022-05-15,Siikajoki Ruukki,7.4,-1.0,-1.0
2022-05-15,Oulu Vihreäsaari satama,5.9,,
2022-05-15,Oulu Oulunsalo Pellonpää,6.2,0.1,-1.0
2022-05-15,Vaala Pelso,7.7,-1.0,-1.0
2022-05-15,Pudasjärvi lentokenttä,8.4,-1.0,-1.0
2022-05-15,Utajärvi Särkijärvi,,-1.0,-1.0
2022-05-15,Pudasjärvi Jaurakkajärvi,,6.9,-1.0
2022-05-15,Suomussalmi Näljänkä,,0.5,-1.0
2022-05-15,Suomussalmi Pesiö,7.5,2.8,0.0
2022-05-15,Puolanka Kotila,,23.1,-1.0
2022-05-15,Puolanka Paljakka,5.7,5.3,-1.0
2022-05-15,Kemi Kemi-Tornio lentoasema,7.6,,
2022-05-15,Kemi Ajos,4.4,,
2022-05-15,Tornio Kaakkuri,9.7,-1.0,
2022-05-15,Ranua lentokenttä,8.9,-1.0,-1.0
2022-05-15,Pudasjärvi Sarakylä,,15.8,-1.0
2022-05-15,Posio Raistakka,,0.4,19.0
2022-05-15,Taivalkoski Inkee,,1.1,0.0
2022-05-15,Taivalkoski kirkonkylä,8.1,-1.0,-1.0
2022-05-15,Kuusamo lentoasema,7.3,3.5,13.0
2022-05-15,Kuusamo Kiutaköngäs,7.4,0.4,-1.0
2022-05-15,Kuusamo Rukatunturi,6.9,,
2022-05-15,Kuusamo Teeriranta,,-1.0,-1.0
2022-05-15,Kuusamo Juuma,7.3,,
2022-05-15,Ylitornio Meltosjärvi,7.5,0.4,-1.0
2022-05-15,Kolari Kattilamaa,,-1.0,-1.0
2022-05-15,Pello kirkonkylä,8.6,-1.0,-1.0
2022-05-15,Rovaniemi rautatieasema,9.0,,
2022-05-15,Sodankylä Tähtelä,8.0,1.8,4.0
2022-05-15,Rovaniemi Apukka,7.1,-1.0,-1.0
2022-05-15,Pelkosenniemi kirkonkylä,,3.1,-1.0
2022-05-15,Kemijärvi lentokenttä,6.7,10.4,-1.0
2022-05-15,Savukoski kirkonkylä,8.4,3.8,-1.0
2022-05-15,Salla Kelloselkä,,4.0,-1.0
2022-05-15,Pelkosenniemi Pyhätunturi,6.9,,
2022-05-15,Salla kirkonkylä,9.2,0.4,-1.0
2022-05-15,Salla Naruska,6.6,3.6,-1.0
2022-05-15,Enontekiö Kaaresuvanto,,-1.0,20.0
2022-05-15,Enontekiö lentoasema,5.0,,
2022-05-15,Kittilä Pulju,,4.1,0.0
2022-05-15,Muonio Laukukero,3.0,,
2022-05-15,Muonio Sammaltunturi,4.1,,
2022-05-15,Kittilä Matorova,6.5,,
2022-05-15,Kittilä lentoasema,7.3,,
2022-05-15,Kittilä Kenttärova,6.3,0.1,65.0
2022-05-15,Kittilä Pakatti,7.6,0.1,-1.0
2022-05-15,Kittilä Pokka,6.7,3.2,60.0
2022-05-15,Sodankylä Lokka,7.7,2.1,-1.0
2022-05-15,Sodankylä Vuotso,7.5,5.8,16.0
2022-05-15,Inari Saariselkä matkailukeskus,7.2,3.5,36.0
2022-05-15,Inari Saariselkä Kaunispää,6.6,,
2022-05-15,Inari Raja-Jooseppi Kontiojärvi,,3.3,0.0
2022-05-15,Inari Raja-Jooseppi,8.2,,
2022-05-15,Salla Värriötunturi,8.2,-1.0,9.0
2022-05-15,Enontekiö Kilpisjärvi kyläkeskus,2.8,-1.0,68.0
2022-05-15,Enontekiö Kilpisjärvi Saana,-1.4,,
2022-05-15,Enontekiö Näkkälä,4.3,3.2,41.0
2022-05-15,Inari Angeli Lintupuoliselkä,7.1,7.3,12.0
2022-05-15,Inari Ivalo lentoasema,7.4,,
2022-05-15,Utsjoki Kevo,7.8,-1.0,7.0
2022-05-15,Utsjoki Nuorgam,7.0,-1.0,-1.0
2022-05-15,Inari Väylä,8.1,,
2022-05-15,Inari kirkonkylä,,2.1,-1.0
2022-05-15,Inari Kaamanen,8.1,1.9,15.0
2022-05-15,Inari Nellim,7.7,5.2,-1.0
2022-05-15,Inari Kirakkajärvi,6.5,-1.0,29.0
2022-05-15,Mäntsälä Hirvihaara,9.4,-1.0,-1.0
2022-05-15,Lahti Sopenkorpi,9.1,0.9,-1.0
2022-05-15,Siuntio Sjundby,,-1.0,-1.0
2022-05-15,Sipoo Itätoukki,8.3,,
2022-05-15,Rauma Pyynpää,8.3,-1.0,-1.0
2022-05-15,Muonio Oustajärvi,6.0,0.1,-1.0
2022-05-15,Pyhtää lentokenttä,10.0,-1.0,-1.0
2022-05-15,Sotkamo Tuhkakylä,6.8,8.2,-1.0
2022-05-15,Tervola Loue,7.9,,
2022-05-15,Kajaani Petäisenniska,7.6,1.2,-1.0
2022-05-15,Utsjoki Kevo Kevojärvi,6.7,,
2022-05-15,Inari Seitalaassa,5.0,,
2022-05-15,Ilmajoki Seinäjoki lentoasema,8.1,,
2022-05-15,Rovaniemi lentoasema AWOS,8.2,-1.0,-1.0
2022-05-15,Jyväskylä lentoasema AWOS,8.4,-1.0,-1.0
2022-05-15,Puumala kirkonkylä,7.7,5.2,-1.0
2022-05-15,Helsinki Vuosaari satama,10.6,,
2022-05-15,Maarianhamina Länsisatama,9.3,,
2022-05-15,Lumparland Långnäs satama,9.6,-1.0,-1.0
2022-05-15,Kittilä Lompolonvuoma,5.4,-1.0,
2022-05-15,Kuusamo Ruka Talvijärvi,8.4,,
2022-05-15,Espoo Nuuksio,8.9,0.1,-1.0
2022-05-15,Mikkeli Lentoasema AWOS,8.2,0.3,-1.0
2022-05-15,Espoo Tapiola,10.2,-1.0,-1.0
2022-05-16,Porvoo Kilpilahti satama,10.4,,
2022-05-16,Jomala Maarianhamina lentoasema,7.5,,
2022-05-16,Parainen Utö,7.5,-1.0,-1.0
2022-05-16,Lemland Nyhamn,7.7,,
2022-05-16,Jomala Jomalaby,7.5,-1.0,-1.0
2022-05-16,Hammarland Märket,5.9,,
2022-05-16,Kökar Bogskär,6.4,,
2022-05-16,Parainen Fagerholm,7.5,-1.0,
2022-05-16,Kumlinge kirkonkylä,6.7,,
2022-05-16,Hanko Russarö,8.5,-1.0,
2022-05-16,Kaarina Yltöinen,9.7,-1.0,-1.0
2022-05-16,Kemiönsaari Vänö,7.8,,
2022-05-16,Hanko Tulliniemi,8.4,,
2022-05-16,Turku Rajakari,8.1,,
2022-05-16,Turku Artukainen,8.9,-1.0,-1.0
2022-05-16,Kemiönsaari Kemiö,9.1,-1.0,-1.0
2022-05-16,Hanko Tvärminne,9.8,0.4,-1.0
2022-05-16,Salo Kärkkä,9.6,2.8,
2022-05-16,Lohja Leppäkorpi,,0.0,-1.0
2022-05-16,Raasepori Jussarö,9.0,,
2022-05-16,Salo Kiikala lentokenttä,8.5,0.7,-1.0
2022-05-16,Vantaa Helsinki-Vantaan lentoasema,9.9,1.2,-1.0
2022-05-16,Inkoo Bågaskär,9.8,,
2022-05-16,Helsinki Kaisaniemi,10.7,1.3,-1.0
2022-05-16,Lohja Porla,9.5,1.5,-1.0
2022-05-16,Vihti Maasoja,9.4,,
2022-05-16,Helsinki Harmaja,9.0,,
2022-05-16,Kirkkonummi Mäkiluoto,9.5,,
2022-05-16,Helsinki Helsingin majakka,8.3,,
2022-05-16,Helsinki Kumpula,10.8,1.2,-1.0
2022-05-16,Helsinki Malmi lentokenttä,10.0,,
2022-05-16,Porvoo Kalbådagrund,8.0,,
2022-05-16,Porvoo Emäsalo,10.0,,
2022-05-16,Porvoo Harabacka,10.0,-1.0,-1.0
2022-05-16,Kotka Rankki,9.6,-1.0,-1.0
2022-05-16,Loviisa Orrengrund,8.4,,
2022-05-16,Kotka Haapasaari,8.6,,
2022-05-16,Pori lentoasema,8.1,,
2022-05-16,Uusikaupunki Itätulli,,-1.0,-1.0
2022-05-16,Kustavi Isokari,6.3,-1.0,
2022-05-16,Rauma Kylmäpihlaja,6.4,,
2022-05-16,Pori rautatieasema,8.3,-1.0,-1.0
2022-05-16,Turku lentoasema,8.7,,
2022-05-16,Kokemäki Rausenkulma,,-1.0,-1.0
2022-05-16,Huittinen Sallila,,-1.0,-1.0
2022-05-16,Oripää Teinikivi,,-1.0,-1.0
2022-05-16,Pöytyä Yläne,,-1.0,-1.0
2022-05-16,Kokemäki Tulkkila,8.8,0.1,-1.0
2022-05-16,Jokioinen Ilmala,9.2,-1.0,-1.0
2022-05-16,Nokia Tottijärvi,,-1.0,-1.0
2022-05-16,Pirkkala Tampere-Pirkkala lentoasema,8.7,,
2022-05-16,Tampere Härmälä,9.2,-1.0,-1.0
2022-05-16,Somero Salkola,8.5,-1.0,-1.0
2022-05-16,Hyvinkää Hyvinkäänkylä,9.5,1.7,-1.0
2022-05-16,Vihti Hiiskula,,0.3,-1.0
2022-05-16,Hämeenlinna Pirttikoski,,-1.0,-1.0
2022-05-16,Nurmijärvi Röykkä,9.2,0.4,-1.0
2022-05-16,Hämeenlinna Katinen,9.4,0.1,
2022-05-16,Hattula Lepaa,9.5,-1.0,-1.0
2022-05-16,Hämeenlinna Lammi Pappila,9.2,0.1,-1.0
2022-05-16,Asikkala Pulkkilanharju,8.6,,
2022-05-16,Kouvola Utti lentoasema,9.3,-1.0,-1.0
2022-05-16,Kouvola Anjala,10.0,-1.0,-1.0
2022-05-16,Heinola Asemantaus,9.7,0.9,-1.0
2022-05-16,Kouvola Voikoski,,0.3,-1.0
2022-05-16,Virolahti Koivuniemi,9.9,0.0,-1.0
2022-05-16,Lappeenranta lentoasema,8.6,,
2022-05-16,Lappeenranta Konnunsuo,8.6,,
2022-05-16,Lappeenranta Lepola,8.7,0.1,-1.0
2022-05-16,Ruokolahti Kotaniemi,,5.0,-1.0
2022-05-16,Lappeenranta Hiekkapakka,6.7,,
2022-05-16,Parikkala Koitsanlahti,8.4,0.8,-1.0
2022-05-16,Kaskinen Sälgrund,7.1,-1.0,
2022-05-16,Merikarvia Tuorila,,-1.0,-1.0
2022-05-16,Isojoki Kärjenkoski,,-1.0,-1.0
2022-05-16,Teuva Kauppilankylä,,-1.0,-1.0
2022-05-16,Pori Tahkoluoto satama,6.4,,
2022-05-16,Kristiinankaupunki Majakka,5.7,,
2022-05-16,Karvia Alkkia,7.0,0.1,-1.0
2022-05-16,Kurikka Hirvijärvi,,-1.0,-1.0
2022-05-16,Kauhajoki Kuja-Kokko,7.0,-1.0,-1.0
2022-05-16,Kankaanpää Niinisalo lentokenttä,7.7,-1.0,-1.0
2022-05-16,Alavus Sulkavankylä,,-1.0,-1.0
2022-05-16,Virrat Äijänneva,7.1,,
2022-05-16,Jämsä Halli lentoasema,8.6,0.3,-1.0
2022-05-16,Juupajoki Hyytiälä,8.2,0.0,-1.0
2022-05-16,Sysmä Joutsjärvi,,-1.0,-1.0
2022-05-16,Jyväskylä Muuratjärvi,,0.7,-1.0
2022-05-16,Luhanka Judinsalo,8.0,,
2022-05-16,Multia Pirttiperä,,0.2,-1.0
2022-05-16,Joutsa Savenaho,7.9,0.8,-1.0
2022-05-16,Kangasniemi kirkonkylä,,0.7,-1.0
2022-05-16,Joutsa Pärnämäki,,0.4,-1.0
2022-05-16,Mikkeli Pitkähiekka,,0.1,-1.0
2022-05-16,Juva Partala,8.8,,
2022-05-16,Varkaus Kosulanniemi,9.1,1.4,-1.0
2022-05-16,Savonlinna Laukansaari,,0.5,-1.0
2022-05-16,Sulkava Halttula,,0.5,-1.0
2022-05-16,Savonlinna lentoasema,8.7,,
2022-05-16,Rantasalmi Rukkasluoto,8.2,,
2022-05-16,Savonlinna Punkaharju Laukansaari,8.6,0.4,-1.0
2022-05-16,Enonkoski Simanala,,0.5,-1.0
2022-05-16,Savonlinna Savonranta,,0.6,-1.0
2022-05-16,Rääkkylä kirkonkylä,,0.7,-1.0
2022-05-16,Tohmajärvi Kemie,8.8,0.3,-1.0
2022-05-16,Joensuu Huhtilampi,,0.5,-1.0
2022-05-16,Vaasa lentoasema,7.4,,
2022-05-16,Mustasaari Valassaaret,5.9,,
2022-05-16,Närpiö Ylimarkku,,-1.0,-1.0
2022-05-16,Mustasaari Riimala,,0.9,-1.0
2022-05-16,Kurikka Pyörni,,0.6,-1.0
2022-05-16,Maalahti Strömmingsbådan,6.2,,
2022-05-16,Vaasa Klemettilä,7.4,-1.0,-1.0
2022-05-16,Seinäjoki Pelmaa,6.9,-1.0,-1.0
2022-05-16,Kauhava lentokenttä,6.8,-1.0,-1.0
2022-05-16,Ähtäri Inha,7.5,0.2,-1.0
2022-05-16,Halsua Purola,6.4,0.0,-1.0
2022-05-16,Alajärvi Möksy,6.5,-1.0,-1.0
2022-05-16,Multia Karhila,7.1,0.2,-1.0
2022-05-16,Viitasaari Haapaniemi,8.0,-1.0,-1.0
2022-05-16,Äänekoski Kalaniemi,,0.0,-1.0
2022-05-16,Vesanto kirkonkylä,8.0,0.3,-1.0
2022-05-16,Pielavesi Venetmäki,,1.7,-1.0
2022-05-16,Siilinjärvi Kuopio lentoasema,8.7,,
2022-05-16,Kuopio Maaninka,8.1,1.8,-1.0
2022-05-16,Lapinlahti Lamminkäyrä,,-1.0,-1.0
2022-05-16,Suonenjoki Iisvesi,,1.8,-1.0
2022-05-16,Kuopio Karttula,,2.5,-1.0
2022-05-16,Kuopio Ritoniemi,7.9,,
2022-05-16,Kuopio Savilahti,8.4,2.6,-1.0
2022-05-16,Heinävesi Palokki,,1.8,-1.0
2022-05-16,Outokumpu Viuruniemi,,1.4,-1.0
2022-05-16,Rautavaara Ala-Luosta,,2.4,-1.0
2022-05-16,Rautavaara Ylä-Luosta,7.1,2.0,-1.0
2022-05-16,Liperi Joensuu lentoasema,8.3,,
2022-05-16,Juuka Niemelä,7.9,4.8,-1.0
2022-05-16,Joensuu Pyhäselkä,,1.9,-1.0
2022-05-16,Lieksa Koli,,4.5,-1.0
2022-05-16,Liperi Tuiskavanluoto,8.1,,
2022-05-16,Joensuu Linnunlahti,8.4,2.2,-1.0
2022-05-16,Lieksa Lampela,7.8,3.7,-1.0
2022-05-16,Ilomantsi Pötsönvaara,5.4,1.1,-1.0
2022-05-16,Ilomantsi Mekrijärvi,7.0,1.7,-1.0
2022-05-16,Pietarsaari Kallan,4.6,,
2022-05-16,Kokkola Tankar,4.3,,
2022-05-16,Kruunupyy Kokkola-Pietarsaari lentoasema,6.0,,
2022-05-16,Kaustinen Tastula,,0.8,-1.0
2022-05-16,Kalajoki Ulkokalla,3.4,,
2022-05-16,Kokkola Santahaka,5.6,-1.0,-1.0
2022-05-16,Toholampi Oravala,,-1.0,-1.0
2022-05-16,Kalajoki Pitkäsenkylä,,0.5,-1.0
2022-05-16,Kalajoki Mehtäkylä,,0.4,-1.0
2022-05-16,Toholampi Laitala,5.7,-1.0,-1.0
2022-05-16,Ylivieska lentokenttä,5.7,-1.0,-1.0
2022-05-16,Ylivieska Vähäkangas,,-1.0,-1.0
2022-05-16,Haapavesi Mustikkamäki,6.3,0.0,-1.0
2022-05-16,Pyhäjärvi Ojakylä,6.4,0.2,-1.0
2022-05-16,Pyhäjärvi Hiidenniemi,,0.0,-1.0
2022-05-16,Kiuruvesi Korpijoki,,0.3,-1.0
2022-05-16,Siikalatva Kestilä,,0.2,-1.0
2022-05-16,Kajaani lentoasema,6.6,,
2022-05-16,Vieremä Kaarakkala,7.1,1.4,-1.0
2022-05-16,Kajaani Paltaniemi,,3.1,-1.0
2022-05-16,Nurmes Valtimo,7.6,2.1,-1.0
2022-05-16,Ristijärvi Mustavaara,,5.1,-1.0
2022-05-16,Sotkamo Kuolaniemi,6.6,3.8,-1.0
2022-05-16,Nurmes Mujejärvi,,3.8,-1.0
2022-05-16,Kuhmo Apaja,,4.4,-1.0
2022-05-16,Kuhmo Kalliojoki,5.9,2.0,-1.0
2022-05-16,Raahe Nahkiainen,3.0,,
2022-05-16,Hailuoto Keskikylä,5.7,0.1,-1.0
2022-05-16,Kemi I majakka,4.0,,
2022-05-16,Hailuoto Marjaniemi,3.7,,
2022-05-16,Raahe Lapaluoto satama,3.6,,
2022-05-16,Oulu lentoasema,5.7,,
2022-05-16,Siikajoki Ruukki,5.9,0.4,-1.0
2022-05-16,Oulu Vihreäsaari satama,4.6,,
2022-05-16,Oulu Oulunsalo Pellonpää,5.7,-1.0,-1.0
2022-05-16,Vaala Pelso,6.4,0.2,-1.0
2022-05-16,Pudasjärvi lentokenttä,6.3,2.5,-1.0
2022-05-16,Utajärvi Särkijärvi,,2.8,-1.0
2022-05-16,Pudasjärvi Jaurakkajärvi,,2.6,-1.0
2022-05-16,Suomussalmi Näljänkä,,7.8,-1.0
2022-05-16,Suomussalmi Pesiö,4.9,3.3,-1.0
2022-05-16,Puolanka Kotila,,3.4,-1.0
2022-05-16,Puolanka Paljakka,4.9,2.7,-1.0
2022-05-16,Kemi Kemi-Tornio lentoasema,5.5,,
2022-05-16,Kemi Ajos,4.8,,
2022-05-16,Tornio Kaakkuri,5.6,0.1,
2022-05-16,Ranua lentokenttä,4.6,2.1,-1.0
2022-05-16,Pudasjärvi Sarakylä,,2.3,-1.0
2022-05-16,Posio Raistakka,,3.5,11.0
2022-05-16,Taivalkoski Inkee,,6.1,-1.0
2022-05-16,Taivalkoski kirkonkylä,4.9,5.4,-1.0
2022-05-16,Kuusamo lentoasema,4.7,0.8,5.0
2022-05-16,Kuusamo Kiutaköngäs,5.7,0.9,-1.0
2022-05-16,Kuusamo Rukatunturi,3.1,,
2022-05-16,Kuusamo Teeriranta,,4.9,-1.0
2022-05-16,Kuusamo Juuma,4.8,,
2022-05-16,Ylitornio Meltosjärvi,3.7,1.0,-1.0
2022-05-16,Kolari Kattilamaa,,2.6,-1.0
2022-05-16,Pello kirkonkylä,3.4,0.2,-1.0
2022-05-16,Rovaniemi rautatieasema,4.6,,
2022-05-16,Sodankylä Tähtelä,2.4,6.8,-1.0
2022-05-16,Rovaniemi Apukka,3.8,2.3,-1.0
2022-05-16,Pelkosenniemi kirkonkylä,,-1.0,-1.0
2022-05-16,Kemijärvi lentokenttä,3.5,4.4,-1.0
2022-05-16,Savukoski kirkonkylä,4.7,2.0,-1.0
2022-05-16,Salla Kelloselkä,,1.8,-1.0
2022-05-16,Pelkosenniemi Pyhätunturi,1.0,,
2022-05-16,Salla kirkonkylä,4.8,1.4,-1.0
2022-05-16,Salla Naruska,5.1,1.3,-1.0
2022-05-16,Enontekiö Kaaresuvanto,,0.8,20.0
2022-05-16,Enontekiö lentoasema,0.8,,
2022-05-16,Kittilä Pulju,,11.8,0.0
2022-05-16,Muonio Laukukero,-2.6,,
2022-05-16,Muonio Sammaltunturi,-1.3,,
2022-05-16,Kittilä Matorova,0.4,,
2022-05-16,Kittilä lentoasema,1.6,,
2022-05-16,Kittilä Kenttärova,0.5,9.1,61.0
2022-05-16,Kittilä Pakatti,1.9,8.7,-1.0
2022-05-16,Kittilä Pokka,0.8,10.6,56.0
2022-05-16,Sodankylä Lokka,2.1,6.2,-1.0
2022-05-16,Sodankylä Vuotso,1.8,5.8,11.0
2022-05-16,Inari Saariselkä matkailukeskus,1.4,2.6,30.0
2022-05-16,Inari Saariselkä Kaunispää,0.1,,
2022-05-16,Inari Raja-Jooseppi Kontiojärvi,,-1.0,0.0
2022-05-16,Inari Raja-Jooseppi,2.3,,
2022-05-16,Salla Värriötunturi,3.6,0.6,0.0
2022-05-16,Enontekiö Kilpisjärvi kyläkeskus,0.1,0.3,64.0
2022-05-16,Enontekiö Kilpisjärvi Saana,-4.8,,
2022-05-16,Enontekiö Näkkälä,0.1,4.2,39.0
2022-05-16,Inari Angeli Lintupuoliselkä,0.3,6.1,3.0
2022-05-16,Inari Ivalo lentoasema,2.6,,
2022-05-16,Utsjoki Kevo,2.7,0.1,-1.0
2022-05-16,Utsjoki Nuorgam,3.6,0.2,-1.0
2022-05-16,Inari Väylä,2.8,,
2022-05-16,Inari kirkonkylä,,1.3,-1.0
2022-05-16,Inari Kaamanen,2.3,-1.0,10.0
2022-05-16,Inari Nellim,2.8,-1.0,-1.0
2022-05-16,Inari Kirakkajärvi,2.8,0.1,25.0
2022-05-16,Mäntsälä Hirvihaara,9.1,0.9,-1.0
2022-05-16,Lahti Sopenkorpi,9.4,0.7,-1.0
2022-05-16,Siuntio Sjundby,,0.2,-1.0
2022-05-16,Sipoo Itätoukki,8.5,,
2022-05-16,Rauma Pyynpää,7.5,-1.0,-1.0
2022-05-16,Muonio Oustajärvi,1.5,8.4,-1.0
2022-05-16,Pyhtää lentokenttä,9.9,1.0,-1.0
2022-05-16,Sotkamo Tuhkakylä,6.2,3.6,-1.0
2022-05-16,Tervola Loue,4.1,,
2022-05-16,Kajaani Petäisenniska,7.0,3.8,-1.0
2022-05-16,Utsjoki Kevo Kevojärvi,2.7,,
2022-05-16,Inari Seitalaassa,1.7,,
2022-05-16,Ilmajoki Seinäjoki lentoasema,6.5,,
2022-05-16,Rovaniemi lentoasema AWOS,3.6,2.8,-1.0
2022-05-16,Jyväskylä lentoasema AWOS,8.3,0.6,-1.0
2022-05-16,Puumala kirkonkylä,8.7,-1.0,-1.0
2022-05-16,Helsinki Vuosaari satama,10.3,,
2022-05-16,Maarianhamina Länsisatama,7.6,,
2022-05-16,Lumparland Långnäs satama,7.8,-1.0,-1.0
2022-05-16,Kittilä Lompolonvuoma,1.0,6.1,
2022-05-16,Kuusamo Ruka Talvijärvi,4.2,,
2022-05-16,Espoo Nuuksio,9.7,-1.0,-1.0
2022-05-16,Mikkeli Lentoasema AWOS,9.6,0.7,-1.0
2022-05-16,Espoo Tapiola,10.3,0.3,-1.0
2022-05-17,Porvoo Kilpilahti satama,8.4,,
2022-05-17,Jomala Maarianhamina lentoasema,6.0,,
2022-05-17,Parainen Utö,6.5,-1.0,-1.0
2022-05-17,Lemland Nyhamn,6.7,,
2022-05-17,Jomala Jomalaby,5.9,-1.0,-1.0
2022-05-17,Hammarland Märket,5.0,,
2022-05-17,Kökar Bogskär,6.0,,
2022-05-17,Parainen Fagerholm,6.8,-1.0,
2022-05-17,Kumlinge kirkonkylä,5.5,,
2022-05-17,Hanko Russarö,7.9,-1.0,
2022-05-17,Kaarina Yltöinen,7.2,-1.0,-1.0
2022-05-17,Kemiönsaari Vänö,7.2,,
2022-05-17,Hanko Tulliniemi,7.8,,
2022-05-17,Turku Rajakari,7.0,,
2022-05-17,Turku Artukainen,7.3,-1.0,-1.0
2022-05-17,Kemiönsaari Kemiö,7.1,-1.0,-1.0
2022-05-17,Hanko Tvärminne,8.0,-1.0,-1.0
2022-05-17,Salo Kärkkä,7.0,-1.0,
2022-05-17,Lohja Leppäkorpi,,0.0,-1.0
2022-05-17,Raasepori Jussarö,7.7,,
2022-05-17,Salo Kiikala lentokenttä,6.0,-1.0,-1.0
2022-05-17,Vantaa Helsinki-Vantaan lentoasema,7.3,0.0,-1.0
2022-05-17,Inkoo Bågaskär,7.6,,
2022-05-17,Helsinki Kaisaniemi,8.2,-1.0,-1.0
2022-05-17,Lohja Porla,7.9,-1.0,-1.0
2022-05-17,Vihti Maasoja,7.5,,
2022-05-17,Helsinki Harmaja,7.3,,
2022-05-17,Kirkkonummi Mäkiluoto,7.8,,
2022-05-17,Helsinki Helsingin majakka,7.4,,
2022-05-17,Helsinki Kumpula,8.1,-1.0,-1.0
2022-05-17,Helsinki Malmi lentokenttä,8.0,,
2022-05-17,Porvoo Kalbådagrund,7.1,,
2022-05-17,Porvoo Emäsalo,8.6,,
2022-05-17,Porvoo Harabacka,8.2,-1.0,-1.0
2022-05-17,Kotka Rankki,7.9,-1.0,-1.0
2022-05-17,Loviisa Orrengrund,7.1,,
2022-05-17,Kotka Haapasaari,7.1,,
2022-05-17,Pori lentoasema,5.8,,
2022-05-17,Uusikaupunki Itätulli,,-1.0,-1.0
2022-05-17,Kustavi Isokari,5.5,-1.0,
2022-05-17,Rauma Kylmäpihlaja,5.7,,
2022-05-17,Pori rautatieasema,6.1,-1.0,-1.0
2022-05-17,Turku lentoasema,6.6,,
2022-05-17,Kokemäki Rausenkulma,,-1.0,-1.0
2022-05-17,Huittinen Sallila,,0.0,-1.0
2022-05-17,Oripää Teinikivi,,-1.0,-1.0
2022-05-17,Pöytyä Yläne,,-1.0,-1.0
2022-05-17,Kokemäki Tulkkila,5.7,-1.0,-1.0
2022-05-17,Jokioinen Ilmala,5.9,-1.0,-1.0
2022-05-17,Nokia Tottijärvi,,-1.0,-1.0
2022-05-17,Pirkkala Tampere-Pirkkala lentoasema,5.4,,
2022-05-17,Tampere Härmälä,5.9,-1.0,-1.0
2022-05-17,Somero Salkola,5.9,0.1,-1.0
2022-05-17,Hyvinkää Hyvinkäänkylä,7.4,-1.0,-1.0
2022-05-17,Vihti Hiiskula,,-1.0,-1.0
2022-05-17,Hämeenlinna Pirttikoski,,-1.0,-1.0
2022-05-17,Nurmijärvi Röykkä,6.9,-1.0,-1.0
2022-05-17,Hämeenlinna Katinen,6.8,-1.0,
2022-05-17,Hattula Lepaa,6.7,-1.0,-1.0
2022-05-17,Hämeenlinna Lammi Pappila,6.4,-1.0,-1.0
2022-05-17,Asikkala Pulkkilanharju,6.1,,
2022-05-17,Kouvola Utti lentoasema,6.2,-1.0,-1.0
2022-05-17,Kouvola Anjala,7.1,-1.0,-1.0
2022-05-17,Heinola Asemantaus,6.5,-1.0,-1.0
2022-05-17,Kouvola Voikoski,,-1.0,-1.0
2022-05-17,Virolahti Koivuniemi,7.2,0.0,-1.0
2022-05-17,Lappeenranta lentoasema,6.5,,
2022-05-17,Lappeenranta Konnunsuo,6.7,,
2022-05-17,Lappeenranta Lepola,6.6,-1.0,-1.0
2022-05-17,Ruokolahti Kotaniemi,,-1.0,-1.0
2022-05-17,Lappeenranta Hiekkapakka,5.6,,
2022-05-17,Parikkala Koitsanlahti,6.5,-1.0,-1.0
2022-05-17,Kaskinen Sälgrund,5.8,-1.0,
2022-05-17,Merikarvia Tuorila,,-1.0,-1.0
2022-05-17,Isojoki Kärjenkoski,,-1.0,-1.0
2022-05-17,Teuva Kauppilankylä,,-1.0,-1.0
2022-05-17,Pori Tahkoluoto satama,5.1,,
2022-05-17,Kristiinankaupunki Majakka,4.5,,
2022-05-17,Karvia Alkkia,3.9,-1.0,-1.0
2022-05-17,Kurikka Hirvijärvi,,-1.0,-1.0
2022-05-17,Kauhajoki Kuja-Kokko,4.6,-1.0,-1.0
2022-05-17,Kankaanpää Niinisalo lentokenttä,4.4,-1.0,-1.0
2022-05-17,Alavus Sulkavankylä,,0.0,-1.0
2022-05-17,Virrat Äijänneva,4.3,,
2022-05-17,Jämsä Halli lentoasema,5.6,-1.0,-1.0
2022-05-17,Juupajoki Hyytiälä,4.8,-1.0,-1.0
2022-05-17,Sysmä Joutsjärvi,,-1.0,-1.0
2022-05-17,Jyväskylä Muuratjärvi,,-1.0,-1.0
2022-05-17,Luhanka Judinsalo,5.5,,
2022-05-17,Multia Pirttiperä,,-1.0,-1.0
2022-05-17,Joutsa Savenaho,5.1,-1.0,-1.0
2022-05-17,Kangasniemi kirkonkylä,,0.0,-1.0
2022-05-17,Joutsa Pärnämäki,,0.0,-1.0
2022-05-17,Mikkeli Pitkähiekka,,0.2,-1.0
2022-05-17,Juva Partala,6.0,,
2022-05-17,Varkaus Kosulanniemi,6.1,0.1,-1.0
2022-05-17,Savonlinna Laukansaari,,0.5,-1.0
2022-05-17,Sulkava Halttula,,-1.0,-1.0
2022-05-17,Savonlinna lentoasema,6.9,,
2022-05-17,Rantasalmi Rukkasluoto,6.0,,
2022-05-17,Savonlinna Punkaharju Laukansaari,6.7,-1.0,-1.0
2022-05-17,Enonkoski Simanala,,0.2,-1.0
2022-05-17,Savonlinna Savonranta,,0.0,-1.0
2022-05-17,Rääkkylä kirkonkylä,,-1.0,-1.0
2022-05-17,Tohmajärvi Kemie,6.2,-1.0,-1.0
2022-05-17,Joensuu Huhtilampi,,0.0,-1.0
2022-05-17,Vaasa lentoasema,5.2,,
2022-05-17,Mustasaari Valassaaret,4.7,,
2022-05-17,Närpiö Ylimarkku,,-1.0,-1.0
2022-05-17,Mustasaari Riimala,,-1.0,-1.0
2022-05-17,Kurikka Pyörni,,-1.0,-1.0
2022-05-17,Maalahti Strömmingsbådan,4.9,,
2022-05-17,Vaasa Klemettilä,5.5,-1.0,-1.0
2022-05-17,Seinäjoki Pelmaa,4.9,-1.0,-1.0
2022-05-17,Kauhava lentokenttä,4.9,-1.0,-1.0
2022-05-17,Ähtäri Inha,4.3,-1.0,-1.0
2022-05-17,Halsua Purola,3.6,-1.0,-1.0
2022-05-17,Alajärvi Möksy,3.0,-1.0,-1.0
2022-05-17,Multia Karhila,3.7,-1.0,-1.0
2022-05-17,Viitasaari Haapaniemi,4.7,-1.0,-1.0
2022-05-17,Äänekoski Kalaniemi,,-1.0,-1.0
2022-05-17,Vesanto kirkonkylä,4.6,0.4,-1.0
2022-05-17,Pielavesi Venetmäki,,0.3,-1.0
2022-05-17,Siilinjärvi Kuopio lentoasema,5.7,,
2022-05-17,Kuopio Maaninka,5.3,-1.0,-1.0
2022-05-17,Lapinlahti Lamminkäyrä,,1.5,-1.0
2022-05-17,Suonenjoki Iisvesi,,0.0,-1.0
2022-05-17,Kuopio Karttula,,1.0,-1.0
2022-05-17,Kuopio Ritoniemi,5.4,,
2022-05-17,Kuopio Savilahti,5.6,0.5,-1.0
2022-05-17,Heinävesi Palokki,,0.0,-1.0
2022-05-17,Outokumpu Viuruniemi,,0.5,-1.0
2022-05-17,Rautavaara Ala-Luosta,,0.2,-1.0
2022-05-17,Rautavaara Ylä-Luosta,5.4,0.0,-1.0
2022-05-17,Liperi Joensuu lentoasema,5.9,,
2022-05-17,Juuka Niemelä,5.8,-1.0,-1.0
2022-05-17,Joensuu Pyhäselkä,,0.2,-1.0
2022-05-17,Lieksa Koli,,0.1,-1.0
2022-05-17,Liperi Tuiskavanluoto,6.0,,
2022-05-17,Joensuu Linnunlahti,6.5,-1.0,-1.0
2022-05-17,Lieksa Lampela,6.0,-1.0,-1.0
2022-05-17,Ilomantsi Pötsönvaara,4.4,0.3,-1.0
2022-05-17,Ilomantsi Mekrijärvi,5.3,0.3,-1.0
2022-05-17,Pietarsaari Kallan,3.3,,
2022-05-17,Kokkola Tankar,3.6,,
2022-05-17,Kruunupyy Kokkola-Pietarsaari lentoasema,4.3,,
2022-05-17,Kaustinen Tastula,,-1.0,-1.0
2022-05-17,Kalajoki Ulkokalla,2.2,,
2022-05-17,Kokkola Santahaka,4.5,-1.0,-1.0
2022-05-17,Toholampi Oravala,,-1.0,-1.0
2022-05-17,Kalajoki Pitkäsenkylä,,-1.0,-1.0
2022-05-17,Kalajoki Mehtäkylä,,-1.0,-1.0
2022-05-17,Toholampi Laitala,3.9,-1.0,-1.0
2022-05-17,Ylivieska lentokenttä,4.5,-1.0,-1.0
2022-05-17,Ylivieska Vähäkangas,,0.1,-1.0
2022-05-17,Haapavesi Mustikkamäki,4.4,0.0,-1.0
2022-05-17,Pyhäjärvi Ojakylä,4.0,-1.0,-1.0
2022-05-17,Pyhäjärvi Hiidenniemi,,-1.0,-1.0
2022-05-17,Kiuruvesi Korpijoki,,0.0,-1.0
2022-05-17,Siikalatva Kestilä,,-1.0,-1.0
2022-05-17,Kajaani lentoasema,4.6,,
2022-05-17,Vieremä Kaarakkala,4.1,0.0,-1.0
2022-05-17,Kajaani Paltaniemi,,0.8,-1.0
2022-05-17,Nurmes Valtimo,5.9,-1.0,-1.0
2022-05-17,Ristijärvi Mustavaara,,0.3,-1.0
2022-05-17,Sotkamo Kuolaniemi,4.8,0.1,-1.0
2022-05-17,Nurmes Mujejärvi,,0.0,-1.0
2022-05-17,Kuhmo Apaja,,0.9,-1.0
2022-05-17,Kuhmo Kalliojoki,4.5,0.2,-1.0
2022-05-17,Raahe Nahkiainen,1.7,,
2022-05-17,Hailuoto Keskikylä,4.0,-1.0,-1.0
2022-05-17,Kemi I majakka,2.6,,
2022-05-17,Hailuoto Marjaniemi,2.6,,
2022-05-17,Raahe Lapaluoto satama,2.8,,
2022-05-17,Oulu lentoasema,4.6,,
2022-05-17,Siikajoki Ruukki,4.2,0.1,-1.0
2022-05-17,Oulu Vihreäsaari satama,4.2,,
2022-05-17,Oulu Oulunsalo Pellonpää,4.7,-1.0,-1.0
2022-05-17,Vaala Pelso,4.5,-1.0,-1.0
2022-05-17,Pudasjärvi lentokenttä,3.7,-1.0,-1.0
2022-05-17,Utajärvi Särkijärvi,,0.1,-1.0
2022-05-17,Pudasjärvi Jaurakkajärvi,,0.0,-1.0
2022-05-17,Suomussalmi Näljänkä,,-1.0,-1.0
2022-05-17,Suomussalmi Pesiö,3.3,-1.0,-1.0
2022-05-17,Puolanka Kotila,,0.4,-1.0
2022-05-17,Puolanka Paljakka,2.5,0.1,-1.0
2022-05-17,Kemi Kemi-Tornio lentoasema,3.8,,
2022-05-17,Kemi Ajos,3.4,,
2022-05-17,Tornio Kaakkuri,4.4,-1.0,
2022-05-17,Ranua lentokenttä,2.9,-1.0,-1.0
2022-05-17,Pudasjärvi Sarakylä,,-1.0,-1.0
2022-05-17,Posio Raistakka,,0.1,5.0
2022-05-17,Taivalkoski Inkee,,0.3,-1.0
2022-05-17,Taivalkoski kirkonkylä,2.8,-1.0,-1.0
2022-05-17,Kuusamo lentoasema,2.1,0.6,-1.0
2022-05-17,Kuusamo Kiutaköngäs,2.8,0.4,-1.0
2022-05-17,Kuusamo Rukatunturi,-0.5,,
2022-05-17,Kuusamo Teeriranta,,0.3,-1.0
2022-05-17,Kuusamo Juuma,1.7,,
2022-05-17,Ylitornio Meltosjärvi,3.7,-1.0,-1.0
2022-05-17,Kolari Kattilamaa,,2.0,-1.0
2022-05-17,Pello kirkonkylä,4.1,-1.0,-1.0
2022-05-17,Rovaniemi rautatieasema,3.6,,
2022-05-17,Sodankylä Tähtelä,1.7,0.7,-1.0
2022-05-17,Rovaniemi Apukka,2.8,-1.0,-1.0
2022-05-17,Pelkosenniemi kirkonkylä,,-1.0,-1.0
2022-05-17,Kemijärvi lentokenttä,1.7,0.4,-1.0
2022-05-17,Savukoski kirkonkylä,1.6,0.8,-1.0
2022-05-17,Salla Kelloselkä,,0.8,-1.0
2022-05-17,Pelkosenniemi Pyhätunturi,-0.9,,
2022-05-17,Salla kirkonkylä,1.8,0.5,-1.0
2022-05-17,Salla Naruska,1.6,1.1,-1.0
2022-05-17,Enontekiö Kaaresuvanto,,3.5,20.0
2022-05-17,Enontekiö lentoasema,0.2,,
2022-05-17,Kittilä Pulju,,1.7,0.0
2022-05-17,Muonio Laukukero,-3.8,,
2022-05-17,Muonio Sammaltunturi,-2.0,,
2022-05-17,Kittilä Matorova,0.1,,
2022-05-17,Kittilä lentoasema,1.5,,
2022-05-17,Kittilä Kenttärova,0.2,2.1,66.0
2022-05-17,Kittilä Pakatti,1.6,0.5,-1.0
2022-05-17,Kittilä Pokka,0.5,1.3,59.0
2022-05-17,Sodankylä Lokka,0.9,0.4,2.0
2022-05-17,Sodankylä Vuotso,1.2,1.0,12.0
2022-05-17,Inari Saariselkä matkailukeskus,0.9,0.8,28.0
2022-05-17,Inari Saariselkä Kaunispää,-0.8,,
2022-05-17,Inari Raja-Jooseppi Kontiojärvi,,0.9,0.0
2022-05-17,Inari Raja-Jooseppi,1.4,,
2022-05-17,Salla Värriötunturi,0.7,0.6,0.0
2022-05-17,Enontekiö Kilpisjärvi kyläkeskus,-0.5,1.5,63.0
2022-05-17,Enontekiö Kilpisjärvi Saana,-5.0,,
2022-05-17,Enontekiö Näkkälä,-0.3,5.9,41.0
2022-05-17,Inari Angeli Lintupuoliselkä,0.7,0.1,4.0
2022-05-17,Inari Ivalo lentoasema,2.1,,
2022-05-17,Utsjoki Kevo,2.7,-1.0,-1.0
2022-05-17,Utsjoki Nuorgam,3.3,-1.0,-1.0
2022-05-17,Inari Väylä,3.0,,
2022-05-17,Inari kirkonkylä,,0.0,-1.0
2022-05-17,Inari Kaamanen,2.5,-1.0,5.0
2022-05-17,Inari Nellim,2.7,0.1,-1.0
2022-05-17,Inari Kirakkajärvi,2.8,-1.0,23.0
2022-05-17,Mäntsälä Hirvihaara,7.0,-1.0,-1.0
2022-05-17,Lahti Sopenkorpi,6.6,-1.0,-1.0
2022-05-17,Siuntio Sjundby,,-1.0,-1.0
2022-05-17,Sipoo Itätoukki,7.3,,
2022-05-17,Rauma Pyynpää,5.9,-1.0,-1.0
2022-05-17,Muonio Oustajärvi,1.1,2.9,-1.0
2022-05-17,Pyhtää lentokenttä,7.6,-1.0,-1.0
2022-05-17,Sotkamo Tuhkakylä,4.6,-1.0,-1.0
2022-05-17,Tervola Loue,3.9,,
2022-05-17,Kajaani Petäisenniska,4.7,0.2,-1.0
2022-05-17,Utsjoki Kevo Kevojärvi,2.6,,
2022-05-17,Inari Seitalaassa,1.4,,
2022-05-17,Ilmajoki Seinäjoki lentoasema,4.5,,
2022-05-17,Rovaniemi lentoasema AWOS,2.2,-1.0,-1.0
2022-05-17,Jyväskylä lentoasema AWOS,5.0,-1.0,-1.0
2022-05-17,Puumala kirkonkylä,6.4,-1.0,-1.0
2022-05-17,Helsinki Vuosaari satama,8.2,,
2022-05-17,Maarianhamina Länsisatama,6.4,,
2022-05-17,Lumparland Långnäs satama,6.0,-1.0,-1.0
2022-05-17,Kittilä Lompolonvuoma,0.7,1.5,
2022-05-17,Kuusamo Ruka Talvijärvi,1.3,,
2022-05-17,Espoo Nuuksio,7.3,-1.0,-1.0
2022-05-17,Mikkeli Lentoasema AWOS,5.9,0.1,-1.0
2022-05-17,Espoo Tapiola,8.0,-1.0,-1.0
2022-05-18,Porvoo Kilpilahti satama,10.6,,
2022-05-18,Jomala Maarianhamina lentoasema,9.5,,
2022-05-18,Parainen Utö,8.2,-1.0,-1.0
2022-05-18,Lemland Nyhamn,7.8,,
2022-05-18,Jomala Jomalaby,10.8,-1.0,-1.0
2022-05-18,Hammarland Märket,10.3,,
2022-05-18,Kökar Bogskär,7.5,,
2022-05-18,Parainen Fagerholm,8.6,-1.0,
2022-05-18,Kumlinge kirkonkylä,10.8,,
2022-05-18,Hanko Russarö,7.8,-1.0,
2022-05-18,Kaarina Yltöinen,9.7,-1.0,-1.0
2022-05-18,Kemiönsaari Vänö,8.3,,
2022-05-18,Hanko Tulliniemi,7.4,,
2022-05-18,Turku Rajakari,9.4,,
2022-05-18,Turku Artukainen,10.9,-1.0,-1.0
2022-05-18,Kemiönsaari Kemiö,9.2,-1.0,-1.0
2022-05-18,Hanko Tvärminne,8.4,-1.0,-1.0
2022-05-18,Salo Kärkkä,10.4,-1.0,
2022-05-18,Lohja Leppäkorpi,,-1.0,-1.0
2022-05-18,Raasepori Jussarö,7.2,,
2022-05-18,Salo Kiikala lentokenttä,10.1,-1.0,-1.0
2022-05-18,Vantaa Helsinki-Vantaan lentoasema,12.5,0.0,-1.0
2022-05-18,Inkoo Bågaskär,7.9,,
2022-05-18,Helsinki Kaisaniemi,11.2,-1.0,-1.0
2022-05-18,Lohja Porla,10.9,-1.0,-1.0
2022-05-18,Vihti Maasoja,11.7,,
2022-05-18,Helsinki Harmaja,7.2,,
2022-05-18,Kirkkonummi Mäkiluoto,7.3,,
2022-05-18,Helsinki Helsingin majakka,6.5,,
2022-05-18,Helsinki Kumpula,12.4,-1.0,-1.0
2022-05-18,Helsinki Malmi lentokenttä,12.7,,
2022-05-18,Porvoo Kalbådagrund,6.6,,
2022-05-18,Porvoo Emäsalo,7.8,,
2022-05-18,Porvoo Harabacka,13.2,-1.0,-1.0
2022-05-18,Kotka Rankki,7.7,-1.0,-1.0
2022-05-18,Loviisa Orrengrund,7.9,,
2022-05-18,Kotka Haapasaari,7.0,,
2022-05-18,Pori lentoasema,8.8,,
2022-05-18,Uusikaupunki Itätulli,,-1.0,-1.0
2022-05-18,Kustavi Isokari,9.1,-1.0,
2022-05-18,Rauma Kylmäpihlaja,8.2,,
2022-05-18,Pori rautatieasema,9.2,-1.0,-1.0
2022-05-18,Turku lentoasema,10.3,,
2022-05-18,Kokemäki Rausenkulma,,-1.0,-1.0
2022-05-18,Huittinen Sallila,,-1.0,-1.0
2022-05-18,Oripää Teinikivi,,-1.0,-1.0
2022-05-18,Pöytyä Yläne,,-1.0,-1.0
2022-05-18,Kokemäki Tulkkila,10.3,-1.0,-1.0
2022-05-18,Jokioinen Ilmala,11.2,-1.0,-1.0
2022-05-18,Nokia Tottijärvi,,-1.0,-1.0
2022-05-18,Pirkkala Tampere-Pirkkala lentoasema,10.4,,
2022-05-18,Tampere Härmälä,10.7,-1.0,-1.0
2022-05-18,Somero Salkola,10.4,-1.0,-1.0
2022-05-18,Hyvinkää Hyvinkäänkylä,12.8,-1.0,-1.0
2022-05-18,Vihti Hiiskula,,-1.0,-1.0
2022-05-18,Hämeenlinna Pirttikoski,,-1.0,-1.0
2022-05-18,Nurmijärvi Röykkä,12.0,-1.0,-1.0
2022-05-18,Hämeenlinna Katinen,12.0,-1.0,
2022-05-18,Hattula Lepaa,11.6,-1.0,-1.0
2022-05-18,Hämeenlinna Lammi Pappila,11.2,-1.0,-1.0
2022-05-18,Asikkala Pulkkilanharju,11.0,,
2022-05-18,Kouvola Utti lentoasema,11.6,-1.0,-1.0
2022-05-18,Kouvola Anjala,12.5,-1.0,-1.0
2022-05-18,Heinola Asemantaus,11.8,-1.0,-1.0
2022-05-18,Kouvola Voikoski,,-1.0,-1.0
2022-05-18,Virolahti Koivuniemi,9.3,-1.0,-1.0
2022-05-18,Lappeenranta lentoasema,10.9,,
2022-05-18,Lappeenranta Konnunsuo,10.4,,
2022-05-18,Lappeenranta Lepola,10.9,-1.0,-1.0
2022-05-18,Ruokolahti Kotaniemi,,0.3,-1.0
2022-05-18,Lappeenranta Hiekkapakka,7.8,,
2022-05-18,Parikkala Koitsanlahti,9.1,-1.0,-1.0
2022-05-18,Kaskinen Sälgrund,7.5,-1.0,
2022-05-18,Merikarvia Tuorila,,-1.0,-1.0
2022-05-18,Isojoki Kärjenkoski,,-1.0,-1.0
2022-05-18,Teuva Kauppilankylä,,-1.0,-1.0
2022-05-18,Pori Tahkoluoto satama,7.2,,
2022-05-18,Kristiinankaupunki Majakka,5.6,,
2022-05-18,Karvia Alkkia,9.8,-1.0,-1.0
2022-05-18,Kurikka Hirvijärvi,,-1.0,-1.0
2022-05-18,Kauhajoki Kuja-Kokko,9.8,-1.0,-1.0
2022-05-18,Kankaanpää Niinisalo lentokenttä,10.0,-1.0,-1.0
2022-05-18,Alavus Sulkavankylä,,-1.0,-1.0
2022-05-18,Virrat Äijänneva,9.9,,
2022-05-18,Jämsä Halli lentoasema,11.0,-1.0,-1.0
2022-05-18,Juupajoki Hyytiälä,10.0,-1.0,-1.0
2022-05-18,Sysmä Joutsjärvi,,-1.0,-1.0
2022-05-18,Jyväskylä Muuratjärvi,,-1.0,-1.0
2022-05-18,Luhanka Judinsalo,10.1,,
2022-05-18,Multia Pirttiperä,,-1.0,-1.0
2022-05-18,Joutsa Savenaho,9.6,-1.0,-1.0
2022-05-18,Kangasniemi kirkonkylä,,-1.0,-1.0
2022-05-18,Joutsa Pärnämäki,,-1.0,-1.0
2022-05-18,Mikkeli Pitkähiekka,,0.3,-1.0
2022-05-18,Juva Partala,9.5,,
2022-05-18,Varkaus Kosulanniemi,9.2,-1.0,-1.0
2022-05-18,Savonlinna Laukansaari,,0.1,-1.0
2022-05-18,Sulkava Halttula,,-1.0,-1.0
2022-05-18,Savonlinna lentoasema,9.0,,
2022-05-18,Rantasalmi Rukkasluoto,8.2,,
2022-05-18,Savonlinna Punkaharju Laukansaari,9.2,0.2,-1.0
2022-05-18,Enonkoski Simanala,,-1.0,-1.0
2022-05-18,Savonlinna Savonranta,,0.2,-1.0
2022-05-18,Rääkkylä kirkonkylä,,-1.0,-1.0
2022-05-18,Tohmajärvi Kemie,7.9,-1.0,-1.0
2022-05-18,Joensuu Huhtilampi,,-1.0,-1.0
2022-05-18,Vaasa lentoasema,10.3,,
2022-05-18,Mustasaari Valassaaret,8.4,,
2022-05-18,Närpiö Ylimarkku,,-1.0,-1.0
2022-05-18,Mustasaari Riimala,,-1.0,-1.0
2022-05-18,Kurikka Pyörni,,0.2,-1.0
2022-05-18,Maalahti Strömmingsbådan,6.6,,
2022-05-18,Vaasa Klemettilä,10.5,0.1,-1.0
2022-05-18,Seinäjoki Pelmaa,10.5,-1.0,-1.0
2022-05-18,Kauhava lentokenttä,9.8,-1.0,-1.0
2022-05-18,Ähtäri Inha,9.3,-1.0,-1.0
2022-05-18,Halsua Purola,8.5,-1.0,-1.0
2022-05-18,Alajärvi Möksy,8.8,-1.0,-1.0
2022-05-18,Multia Karhila,8.7,-1.0,-1.0
2022-05-18,Viitasaari Haapaniemi,8.6,0.7,-1.0
2022-05-18,Äänekoski Kalaniemi,,0.7,-1.0
2022-05-18,Vesanto kirkonkylä,8.5,0.1,-1.0
2022-05-18,Pielavesi Venetmäki,,-1.0,-1.0
2022-05-18,Siilinjärvi Kuopio lentoasema,8.9,,
2022-05-18,Kuopio Maaninka,8.3,-1.0,-1.0
2022-05-18,Lapinlahti Lamminkäyrä,,-1.0,-1.0
2022-05-18,Suonenjoki Iisvesi,,-1.0,-1.0
2022-05-18,Kuopio Karttula,,-1.0,-1.0
2022-05-18,Kuopio Ritoniemi,8.5,,
2022-05-18,Kuopio Savilahti,8.6,-1.0,-1.0
2022-05-18,Heinävesi Palokki,,-1.0,-1.0
2022-05-18,Outokumpu Viuruniemi,,-1.0,-1.0
2022-05-18,Rautavaara Ala-Luosta,,-1.0,-1.0
2022-05-18,Rautavaara Ylä-Luosta,6.5,-1.0,-1.0
2022-05-18,Liperi Joensuu lentoasema,8.1,,
2022-05-18,Juuka Niemelä,7.2,-1.0,-1.0
2022-05-18,Joensuu Pyhäselkä,,-1.0,-1.0
2022-05-18,Lieksa Koli,,-1.0,-1.0
2022-05-18,Liperi Tuiskavanluoto,7.9,,
2022-05-18,Joensuu Linnunlahti,8.2,-1.0,-1.0
2022-05-18,Lieksa Lampela,6.9,-1.0,-1.0
2022-05-18,Ilomantsi Pötsönvaara,5.3,-1.0,-1.0
2022-05-18,Ilomantsi Mekrijärvi,6.7,-1.0,-1.0
2022-05-18,Pietarsaari Kallan,6.5,,
2022-05-18,Kokkola Tankar,6.0,,
2022-05-18,Kruunupyy Kokkola-Pietarsaari lentoasema,9.0,,
2022-05-18,Kaustinen Tastula,,-1.0,-1.0
2022-05-18,Kalajoki Ulkokalla,3.1,,
2022-05-18,Kokkola Santahaka,8.5,-1.0,-1.0
2022-05-18,Toholampi Oravala,,-1.0,-1.0
2022-05-18,Kalajoki Pitkäsenkylä,,0.5,-1.0
2022-05-18,Kalajoki Mehtäkylä,,0.1,-1.0
2022-05-18,Toholampi Laitala,8.0,0.8,-1.0
2022-05-18,Ylivieska lentokenttä,7.8,0.8,-1.0
2022-05-18,Ylivieska Vähäkangas,,0.9,-1.0
2022-05-18,Haapavesi Mustikkamäki,7.5,-1.0,-1.0
2022-05-18,Pyhäjärvi Ojakylä,7.4,0.1,-1.0
2022-05-18,Pyhäjärvi Hiidenniemi,,0.6,-1.0
2022-05-18,Kiuruvesi Korpijoki,,-1.0,-1.0
2022-05-18,Siikalatva Kestilä,,-1.0,-1.0
2022-05-18,Kajaani lentoasema,5.9,,
2022-05-18,Vieremä Kaarakkala,6.7,-1.0,-1.0
2022-05-18,Kajaani Paltaniemi,,-1.0,-1.0
2022-05-18,Nurmes Valtimo,6.8,-1.0,-1.0
2022-05-18,Ristijärvi Mustavaara,,-1.0,-1.0
2022-05-18,Sotkamo Kuolaniemi,5.9,-1.0,-1.0
2022-05-18,Nurmes Mujejärvi,,-1.0,-1.0
2022-05-18,Kuhmo Apaja,,-1.0,-1.0
2022-05-18,Kuhmo Kalliojoki,4.7,-1.0,-1.0
2022-05-18,Raahe Nahkiainen,4.7,,
2022-05-18,Hailuoto Keskikylä,6.6,-1.0,-1.0
2022-05-18,Kemi I majakka,4.9,,
2022-05-18,Hailuoto Marjaniemi,3.8,,
2022-05-18,Raahe Lapaluoto satama,4.1,,
2022-05-18,Oulu lentoasema,7.3,,
2022-05-18,Siikajoki Ruukki,6.9,-1.0,-1.0
2022-05-18,Oulu Vihreäsaari satama,5.4,,
2022-05-18,Oulu Oulunsalo Pellonpää,6.9,-1.0,-1.0
2022-05-18,Vaala Pelso,6.3,-1.0,-1.0
2022-05-18,Pudasjärvi lentokenttä,5.2,-1.0,-1.0
2022-05-18,Utajärvi Särkijärvi,,-1.0,-1.0
2022-05-18,Pudasjärvi Jaurakkajärvi,,-1.0,-1.0
2022-05-18,Suomussalmi Näljänkä,,-1.0,-1.0
2022-05-18,Suomussalmi Pesiö,3.8,-1.0,-1.0
2022-05-18,Puolanka Kotila,,-1.0,-1.0
2022-05-18,Puolanka Paljakka,3.7,-1.0,-1.0
2022-05-18,Kemi Kemi-Tornio lentoasema,6.5,,
2022-05-18,Kemi Ajos,6.4,,
2022-05-18,Tornio Kaakkuri,7.3,-1.0,
2022-05-18,Ranua lentokenttä,4.5,-1.0,-1.0
2022-05-18,Pudasjärvi Sarakylä,,-1.0,-1.0
2022-05-18,Posio Raistakka,,0.1,0.0
2022-05-18,Taivalkoski Inkee,,0.2,-1.0
2022-05-18,Taivalkoski kirkonkylä,4.0,-1.0,-1.0
2022-05-18,Kuusamo lentoasema,2.8,-1.0,-1.0
2022-05-18,Kuusamo Kiutaköngäs,3.3,0.5,-1.0
2022-05-18,Kuusamo Rukatunturi,0.0,,
2022-05-18,Kuusamo Teeriranta,,-1.0,-1.0
2022-05-18,Kuusamo Juuma,2.2,,
2022-05-18,Ylitornio Meltosjärvi,6.0,-1.0,-1.0
2022-05-18,Kolari Kattilamaa,,0.3,-1.0
2022-05-18,Pello kirkonkylä,6.8,-1.0,-1.0
2022-05-18,Rovaniemi rautatieasema,5.6,,
2022-05-18,Sodankylä Tähtelä,2.9,-1.0,-1.0
2022-05-18,Rovaniemi Apukka,4.2,-1.0,-1.0
2022-05-18,Pelkosenniemi kirkonkylä,,-1.0,-1.0
2022-05-18,Kemijärvi lentokenttä,2.5,0.3,-1.0
2022-05-18,Savukoski kirkonkylä,2.5,0.2,-1.0
2022-05-18,Salla Kelloselkä,,0.3,-1.0
2022-05-18,Pelkosenniemi Pyhätunturi,0.3,,
2022-05-18,Salla kirkonkylä,2.1,0.5,-1.0
2022-05-18,Salla Naruska,2.3,0.5,-1.0
2022-05-18,Enontekiö Kaaresuvanto,,-1.0,10.0
2022-05-18,Enontekiö lentoasema,1.7,,
2022-05-18,Kittilä Pulju,,-1.0,0.0
2022-05-18,Muonio Laukukero,-2.8,,
2022-05-18,Muonio Sammaltunturi,-0.6,,
2022-05-18,Kittilä Matorova,1.9,,
2022-05-18,Kittilä lentoasema,3.6,,
2022-05-18,Kittilä Kenttärova,2.0,-1.0,67.0
2022-05-18,Kittilä Pakatti,3.6,-1.0,-1.0
2022-05-18,Kittilä Pokka,1.7,-1.0,59.0
2022-05-18,Sodankylä Lokka,0.8,0.2,-1.0
2022-05-18,Sodankylä Vuotso,1.7,-1.0,9.0
2022-05-18,Inari Saariselkä matkailukeskus,0.8,-1.0,27.0
2022-05-18,Inari Saariselkä Kaunispää,-0.6,,
2022-05-18,Inari Raja-Jooseppi Kontiojärvi,,-1.0,0.0
2022-05-18,Inari Raja-Jooseppi,0.8,,
2022-05-18,Salla Värriötunturi,0.6,0.2,0.0
2022-05-18,Enontekiö Kilpisjärvi kyläkeskus,1.2,-1.0,64.0
2022-05-18,Enontekiö Kilpisjärvi Saana,-3.7,,
2022-05-18,Enontekiö Näkkälä,0.9,-1.0,44.0
2022-05-18,Inari Angeli Lintupuoliselkä,0.9,-1.0,2.0
2022-05-18,Inari Ivalo lentoasema,2.0,,
2022-05-18,Utsjoki Kevo,1.8,-1.0,-1.0
2022-05-18,Utsjoki Nuorgam,1.7,0.2,-1.0
2022-05-18,Inari Väylä,1.7,,
2022-05-18,Inari kirkonkylä,,-1.0,-1.0
2022-05-18,Inari Kaamanen,1.7,-1.0,-1.0
2022-05-18,Inari Nellim,1.4,-1.0,-1.0
2022-05-18,Inari Kirakkajärvi,1.3,-1.0,21.0
2022-05-18,Mäntsälä Hirvihaara,12.4,-1.0,-1.0
2022-05-18,Lahti Sopenkorpi,12.1,-1.0,-1.0
2022-05-18,Siuntio Sjundby,,-1.0,-1.0
2022-05-18,Sipoo Itätoukki,6.8,,
2022-05-18,Rauma Pyynpää,9.1,-1.0,-1.0
2022-05-18,Muonio Oustajärvi,2.9,-1.0,2.0
2022-05-18,Pyhtää lentokenttä,11.8,-1.0,-1.0
2022-05-18,Sotkamo Tuhkakylä,5.6,-1.0,-1.0
2022-05-18,Tervola Loue,5.7,,
2022-05-18,Kajaani Petäisenniska,6.1,-1.0,-1.0
2022-05-18,Utsjoki Kevo Kevojärvi,1.9,,
2022-05-18,Inari Seitalaassa,0.8,,
2022-05-18,Ilmajoki Seinäjoki lentoasema,10.3,,
2022-05-18,Rovaniemi lentoasema AWOS,4.2,-1.0,-1.0
2022-05-18,Jyväskylä lentoasema AWOS,9.7,-1.0,-1.0
2022-05-18,Puumala kirkonkylä,9.9,-1.0,-1.0
2022-05-18,Helsinki Vuosaari satama,10.1,,
2022-05-18,Maarianhamina Länsisatama,8.5,,
2022-05-18,Lumparland Långnäs satama,11.6,-1.0,-1.0
2022-05-18,Kittilä Lompolonvuoma,2.1,-1.0,
2022-05-18,Kuusamo Ruka Talvijärvi,1.8,,
2022-05-18,Espoo Nuuksio,11.4,-1.0,-1.0
2022-05-18,Mikkeli Lentoasema AWOS,10.3,-1.0,-1.0
2022-05-18,Espoo Tapiola,12.2,-1.0,-1.0
2022-05-19,Porvoo Kilpilahti satama,8.7,,
2022-05-19,Jomala Maarianhamina lentoasema,14.3,,
2022-05-19,Parainen Utö,9.6,-1.0,-1.0
2022-05-19,Lemland Nyhamn,9.1,,
2022-05-19,Jomala Jomalaby,14.2,-1.0,-1.0
2022-05-19,Hammarland Märket,8.3,,
2022-05-19,Kökar Bogskär,9.5,,
2022-05-19,Parainen Fagerholm,10.9,-1.0,
2022-05-19,Kumlinge kirkonkylä,11.1,,
2022-05-19,Hanko Russarö,9.0,-1.0,
2022-05-19,Kaarina Yltöinen,13.1,-1.0,-1.0
2022-05-19,Kemiönsaari Vänö,10.7,,
2022-05-19,Hanko Tulliniemi,8.9,,
2022-05-19,Turku Rajakari,10.9,,
2022-05-19,Turku Artukainen,14.5,-1.0,-1.0
2022-05-19,Kemiönsaari Kemiö,13.4,-1.0,-1.0
2022-05-19,Hanko Tvärminne,10.2,-1.0,-1.0
2022-05-19,Salo Kärkkä,13.3,-1.0,
2022-05-19,Lohja Leppäkorpi,,-1.0,-1.0
2022-05-19,Raasepori Jussarö,8.6,,
2022-05-19,Salo Kiikala lentokenttä,11.6,-1.0,-1.0
2022-05-19,Vantaa Helsinki-Vantaan lentoasema,10.8,-1.0,-1.0
2022-05-19,Inkoo Bågaskär,8.3,,
2022-05-19,Helsinki Kaisaniemi,10.1,-1.0,-1.0
2022-05-19,Lohja Porla,11.9,-1.0,-1.0
2022-05-19,Vihti Maasoja,11.0,,
2022-05-19,Helsinki Harmaja,7.2,,
2022-05-19,Kirkkonummi Mäkiluoto,7.7,,
2022-05-19,Helsinki Helsingin majakka,7.0,,
2022-05-19,Helsinki Kumpula,10.9,-1.0,-1.0
2022-05-19,Helsinki Malmi lentokenttä,10.5,,
2022-05-19,Porvoo Kalbådagrund,6.9,,
2022-05-19,Porvoo Emäsalo,8.2,,
2022-05-19,Porvoo Harabacka,10.5,-1.0,-1.0
2022-05-19,Kotka Rankki,8.3,-1.0,-1.0
2022-05-19,Loviisa Orrengrund,7.5,,
2022-05-19,Kotka Haapasaari,8.2,,
2022-05-19,Pori lentoasema,13.3,,
2022-05-19,Uusikaupunki Itätulli,,-1.0,-1.0
2022-05-19,Kustavi Isokari,9.7,-1.0,
2022-05-19,Rauma Kylmäpihlaja,11.2,,
2022-05-19,Pori rautatieasema,13.9,-1.0,-1.0
2022-05-19,Turku lentoasema,14.2,,
2022-05-19,Kokemäki Rausenkulma,,-1.0,-1.0
2022-05-19,Huittinen Sallila,,-1.0,-1.0
2022-05-19,Oripää Teinikivi,,-1.0,-1.0
2022-05-19,Pöytyä Yläne,,-1.0,-1.0
2022-05-19,Kokemäki Tulkkila,13.0,-1.0,-1.0
2022-05-19,Jokioinen Ilmala,11.8,-1.0,-1.0
2022-05-19,Nokia Tottijärvi,,-1.0,-1.0
2022-05-19,Pirkkala Tampere-Pirkkala lentoasema,10.8,,
2022-05-19,Tampere Härmälä,10.8,-1.0,-1.0
2022-05-19,Somero Salkola,11.0,-1.0,-1.0
2022-05-19,Hyvinkää Hyvinkäänkylä,11.4,-1.0,-1.0
2022-05-19,Vihti Hiiskula,,-1.0,-1.0
2022-05-19,Hämeenlinna Pirttikoski,,-1.0,-1.0
2022-05-19,Nurmijärvi Röykkä,11.0,-1.0,-1.0
2022-05-19,Hämeenlinna Katinen,10.9,-1.0,
2022-05-19,Hattula Lepaa,10.7,-1.0,-1.0
2022-05-19,Hämeenlinna Lammi Pappila,10.1,-1.0,-1.0
2022-05-19,Asikkala Pulkkilanharju,8.2,,
2022-05-19,Kouvola Utti lentoasema,10.4,-1.0,-1.0
2022-05-19,Kouvola Anjala,10.9,-1.0,-1.0
2022-05-19,Heinola Asemantaus,9.8,-1.0,-1.0
2022-05-19,Kouvola Voikoski,,-1.0,-1.0
2022-05-19,Virolahti Koivuniemi,8.3,-1.0,-1.0
2022-05-19,Lappeenranta lentoasema,8.8,,
2022-05-19,Lappeenranta Konnunsuo,8.7,,
2022-05-19,Lappeenranta Lepola,9.6,-1.0,-1.0
2022-05-19,Ruokolahti Kotaniemi,,-1.0,-1.0
2022-05-19,Lappeenranta Hiekkapakka,7.4,,
2022-05-19,Parikkala Koitsanlahti,8.2,-1.0,-1.0
2022-05-19,Kaskinen Sälgrund,11.6,-1.0,
2022-05-19,Merikarvia Tuorila,,-1.0,-1.0
2022-05-19,Isojoki Kärjenkoski,,-1.0,-1.0
2022-05-19,Teuva Kauppilankylä,,-1.0,-1.0
2022-05-19,Pori Tahkoluoto satama,11.4,,
2022-05-19,Kristiinankaupunki Majakka,11.0,,
2022-05-19,Karvia Alkkia,9.2,-1.0,-1.0
2022-05-19,Kurikka Hirvijärvi,,0.0,-1.0
2022-05-19,Kauhajoki Kuja-Kokko,9.8,-1.0,-1.0
2022-05-19,Kankaanpää Niinisalo lentokenttä,11.5,-1.0,-1.0
2022-05-19,Alavus Sulkavankylä,,-1.0,-1.0
2022-05-19,Virrat Äijänneva,8.8,,
2022-05-19,Jämsä Halli lentoasema,9.3,-1.0,-1.0
2022-05-19,Juupajoki Hyytiälä,8.8,-1.0,-1.0
2022-05-19,Sysmä Joutsjärvi,,-1.0,-1.0
2022-05-19,Jyväskylä Muuratjärvi,,-1.0,-1.0
2022-05-19,Luhanka Judinsalo,7.7,,
2022-05-19,Multia Pirttiperä,,-1.0,-1.0
2022-05-19,Joutsa Savenaho,8.2,-1.0,-1.0
2022-05-19,Kangasniemi kirkonkylä,,-1.0,-1.0
2022-05-19,Joutsa Pärnämäki,,-1.0,-1.0
2022-05-19,Mikkeli Pitkähiekka,,-1.0,-1.0
2022-05-19,Juva Partala,8.6,,
2022-05-19,Varkaus Kosulanniemi,8.5,-1.0,-1.0
2022-05-19,Savonlinna Laukansaari,,-1.0,-1.0
2022-05-19,Sulkava Halttula,,-1.0,-1.0
2022-05-19,Savonlinna lentoasema,8.6,,
2022-05-19,Rantasalmi Rukkasluoto,7.6,,
2022-05-19,Savonlinna Punkaharju Laukansaari,7.8,-1.0,-1.0
2022-05-19,Enonkoski Simanala,,-1.0,-1.0
2022-05-19,Savonlinna Savonranta,,-1.0,-1.0
2022-05-19,Rääkkylä kirkonkylä,,-1.0,-1.0
2022-05-19,Tohmajärvi Kemie,6.0,-1.0,-1.0
2022-05-19,Joensuu Huhtilampi,,-1.0,-1.0
2022-05-19,Vaasa lentoasema,9.7,,
2022-05-19,Mustasaari Valassaaret,6.3,,
2022-05-19,Närpiö Ylimarkku,,-1.0,-1.0
2022-05-19,Mustasaari Riimala,,0.0,-1.0
2022-05-19,Kurikka Pyörni,,-1.0,-1.0
2022-05-19,Maalahti Strömmingsbådan,8.0,,
2022-05-19,Vaasa Klemettilä,9.6,-1.0,-1.0
2022-05-19,Seinäjoki Pelmaa,9.9,-1.0,-1.0
2022-05-19,Kauhava lentokenttä,9.1,-1.0,-1.0
2022-05-19,Ähtäri Inha,8.5,-1.0,-1.0
2022-05-19,Halsua Purola,7.0,-1.0,-1.0
2022-05-19,Alajärvi Möksy,7.4,-1.0,-1.0
2022-05-19,Multia Karhila,7.5,-1.0,-1.0
2022-05-19,Viitasaari Haapaniemi,8.2,-1.0,-1.0
2022-05-19,Äänekoski Kalaniemi,,-1.0,-1.0
2022-05-19,Vesanto kirkonkylä,7.7,-1.0,-1.0
2022-05-19,Pielavesi Venetmäki,,-1.0,-1.0
2022-05-19,Siilinjärvi Kuopio lentoasema,7.4,,
2022-05-19,Kuopio Maaninka,7.4,-1.0,-1.0
2022-05-19,Lapinlahti Lamminkäyrä,,-1.0,-1.0
2022-05-19,Suonenjoki Iisvesi,,-1.0,-1.0
2022-05-19,Kuopio Karttula,,-1.0,-1.0
2022-05-19,Kuopio Ritoniemi,7.4,,
2022-05-19,Kuopio Savilahti,7.9,-1.0,-1.0
2022-05-19,Heinävesi Palokki,,-1.0,-1.0
2022-05-19,Outokumpu Viuruniemi,,-1.0,-1.0
2022-05-19,Rautavaara Ala-Luosta,,-1.0,-1.0
2022-05-19,Rautavaara Ylä-Luosta,5.1,-1.0,-1.0
2022-05-19,Liperi Joensuu lentoasema,6.1,,
2022-05-19,Juuka Niemelä,4.6,-1.0,-1.0
2022-05-19,Joensuu Pyhäselkä,,-1.0,-1.0
2022-05-19,Lieksa Koli,,-1.0,-1.0
2022-05-19,Liperi Tuiskavanluoto,6.4,,
2022-05-19,Joensuu Linnunlahti,6.6,-1.0,-1.0
2022-05-19,Lieksa Lampela,4.7,-1.0,-1.0
2022-05-19,Ilomantsi Pötsönvaara,3.4,-1.0,-1.0
2022-05-19,Ilomantsi Mekrijärvi,4.2,-1.0,-1.0
2022-05-19,Pietarsaari Kallan,6.6,,
2022-05-19,Kokkola Tankar,6.0,,
2022-05-19,Kruunupyy Kokkola-Pietarsaari lentoasema,7.8,,
2022-05-19,Kaustinen Tastula,,-1.0,-1.0
2022-05-19,Kalajoki Ulkokalla,2.6,,
2022-05-19,Kokkola Santahaka,7.5,-1.0,-1.0
2022-05-19,Toholampi Oravala,,-1.0,-1.0
2022-05-19,Kalajoki Pitkäsenkylä,,-1.0,-1.0
2022-05-19,Kalajoki Mehtäkylä,,-1.0,-1.0
2022-05-19,Toholampi Laitala,7.6,-1.0,-1.0
2022-05-19,Ylivieska lentokenttä,6.5,-1.0,-1.0
2022-05-19,Ylivieska Vähäkangas,,-1.0,-1.0
2022-05-19,Haapavesi Mustikkamäki,6.7,-1.0,-1.0
2022-05-19,Pyhäjärvi Ojakylä,5.9,-1.0,-1.0
2022-05-19,Pyhäjärvi Hiidenniemi,,-1.0,-1.0
2022-05-19,Kiuruvesi Korpijoki,,-1.0,-1.0
2022-05-19,Siikalatva Kestilä,,-1.0,-1.0
2022-05-19,Kajaani lentoasema,5.1,,
2022-05-19,Vieremä Kaarakkala,5.6,-1.0,-1.0
2022-05-19,Kajaani Paltaniemi,,-1.0,-1.0
2022-05-19,Nurmes Valtimo,5.0,-1.0,-1.0
2022-05-19,Ristijärvi Mustavaara,,-1.0,-1.0
2022-05-19,Sotkamo Kuolaniemi,5.1,-1.0,-1.0
2022-05-19,Nurmes Mujejärvi,,-1.0,-1.0
2022-05-19,Kuhmo Apaja,,-1.0,-1.0
2022-05-19,Kuhmo Kalliojoki,2.6,-1.0,-1.0
2022-05-19,Raahe Nahkiainen,3.5,,
2022-05-19,Hailuoto Keskikylä,4.9,-1.0,-1.0
2022-05-19,Kemi I majakka,3.8,,
2022-05-19,Hailuoto Marjaniemi,3.6,,
2022-05-19,Raahe Lapaluoto satama,4.8,,
2022-05-19,Oulu lentoasema,5.9,,
2022-05-19,Siikajoki Ruukki,5.4,-1.0,-1.0
2022-05-19,Oulu Vihreäsaari satama,5.0,,
2022-05-19,Oulu Oulunsalo Pellonpää,4.8,-1.0,-1.0
2022-05-19,Vaala Pelso,5.0,-1.0,-1.0
2022-05-19,Pudasjärvi lentokenttä,4.8,-1.0,-1.0
2022-05-19,Utajärvi Särkijärvi,,-1.0,-1.0
2022-05-19,Pudasjärvi Jaurakkajärvi,,-1.0,-1.0
2022-05-19,Suomussalmi Näljänkä,,-1.0,-1.0
2022-05-19,Suomussalmi Pesiö,2.9,-1.0,-1.0
2022-05-19,Puolanka Kotila,,-1.0,-1.0
2022-05-19,Puolanka Paljakka,3.4,-1.0,-1.0
2022-05-19,Kemi Kemi-Tornio lentoasema,4.7,,
2022-05-19,Kemi Ajos,4.8,,
2022-05-19,Tornio Kaakkuri,6.0,-1.0,
2022-05-19,Ranua lentokenttä,5.0,-1.0,-1.0
2022-05-19,Pudasjärvi Sarakylä,,-1.0,-1.0
2022-05-19,Posio Raistakka,,-1.0,0.0
2022-05-19,Taivalkoski Inkee,,-1.0,-1.0
2022-05-19,Taivalkoski kirkonkylä,3.3,-1.0,-1.0
2022-05-19,Kuusamo lentoasema,2.1,-1.0,-1.0
2022-05-19,Kuusamo Kiutaköngäs,2.5,-1.0,-1.0
2022-05-19,Kuusamo Rukatunturi,-0.1,,
2022-05-19,Kuusamo Teeriranta,,-1.0,-1.0
2022-05-19,Kuusamo Juuma,1.6,,
2022-05-19,Ylitornio Meltosjärvi,6.2,-1.0,-1.0
2022-05-19,Kolari Kattilamaa,,-1.0,-1.0
2022-05-19,Pello kirkonkylä,6.5,-1.0,-1.0
2022-05-19,Rovaniemi rautatieasema,6.3,,
2022-05-19,Sodankylä Tähtelä,3.6,-1.0,-1.0
2022-05-19,Rovaniemi Apukka,4.8,-1.0,-1.0
2022-05-19,Pelkosenniemi kirkonkylä,,-1.0,-1.0
2022-05-19,Kemijärvi lentokenttä,3.0,-1.0,-1.0
2022-05-19,Savukoski kirkonkylä,2.6,-1.0,-1.0
2022-05-19,Salla Kelloselkä,,0.0,-1.0
2022-05-19,Pelkosenniemi Pyhätunturi,1.5,,
2022-05-19,Salla kirkonkylä,2.1,-1.0,-1.0
2022-05-19,Salla Naruska,1.7,-1.0,-1.0
2022-05-19,Enontekiö Kaaresuvanto,,-1.0,-1.0
2022-05-19,Enontekiö lentoasema,2.5,,
2022-05-19,Kittilä Pulju,,-1.0,0.0
2022-05-19,Muonio Laukukero,-1.6,,
2022-05-19,Muonio Sammaltunturi,1.3,,
2022-05-19,Kittilä Matorova,2.7,,
2022-05-19,Kittilä lentoasema,3.9,,
2022-05-19,Kittilä Kenttärova,2.5,-1.0,63.0
2022-05-19,Kittilä Pakatti,4.0,-1.0,-1.0
2022-05-19,Kittilä Pokka,1.9,-1.0,56.0
2022-05-19,Sodankylä Lokka,1.3,-1.0,-1.0
2022-05-19,Sodankylä Vuotso,1.8,-1.0,10.0
2022-05-19,Inari Saariselkä matkailukeskus,0.9,-1.0,25.0
2022-05-19,Inari Saariselkä Kaunispää,-0.7,,
2022-05-19,Inari Raja-Jooseppi Kontiojärvi,,-1.0,0.0
2022-05-19,Inari Raja-Jooseppi,0.8,,
2022-05-19,Salla Värriötunturi,0.1,-1.0,0.0
2022-05-19,Enontekiö Kilpisjärvi kyläkeskus,0.8,-1.0,60.0
2022-05-19,Enontekiö Kilpisjärvi Saana,-2.8,,
2022-05-19,Enontekiö Näkkälä,1.4,-1.0,38.0
2022-05-19,Inari Angeli Lintupuoliselkä,0.9,-1.0,-1.0
2022-05-19,Inari Ivalo lentoasema,1.9,,
2022-05-19,Utsjoki Kevo,1.7,-1.0,-1.0
2022-05-19,Utsjoki Nuorgam,2.1,-1.0,-1.0
2022-05-19,Inari Väylä,2.1,,
2022-05-19,Inari kirkonkylä,,-1.0,-1.0
2022-05-19,Inari Kaamanen,1.8,-1.0,-1.0
2022-05-19,Inari Nellim,1.5,-1.0,-1.0
2022-05-19,Inari Kirakkajärvi,1.2,-1.0,20.0
2022-05-19,Mäntsälä Hirvihaara,10.1,-1.0,-1.0
2022-05-19,Lahti Sopenkorpi,10.7,-1.0,-1.0
2022-05-19,Siuntio Sjundby,,-1.0,-1.0
2022-05-19,Sipoo Itätoukki,7.1,,
2022-05-19,Rauma Pyynpää,14.3,-1.0,-1.0
2022-05-19,Muonio Oustajärvi,3.8,-1.0,-1.0
2022-05-19,Pyhtää lentokenttä,10.3,-1.0,-1.0
2022-05-19,Sotkamo Tuhkakylä,5.1,-1.0,-1.0
2022-05-19,Tervola Loue,5.4,,
2022-05-19,Kajaani Petäisenniska,5.6,-1.0,-1.0
2022-05-19,Utsjoki Kevo Kevojärvi,1.7,,
2022-05-19,Inari Seitalaassa,1.4,,
2022-05-19,Ilmajoki Seinäjoki lentoasema,9.4,,
2022-05-19,Rovaniemi lentoasema AWOS,4.8,-1.0,-1.0
2022-05-19,Jyväskylä lentoasema AWOS,7.9,-1.0,-1.0
2022-05-19,Puumala kirkonkylä,8.8,-1.0,-1.0
2022-05-19,Helsinki Vuosaari satama,8.3,,
2022-05-19,Maarianhamina Länsisatama,13.9,,
2022-05-19,Lumparland Långnäs satama,13.3,-1.0,-1.0
2022-05-19,Kittilä Lompolonvuoma,2.2,-1.0,
2022-05-19,Kuusamo Ruka Talvijärvi,2.0,,
2022-05-19,Espoo Nuuksio,10.6,-1.0,-1.0
2022-05-19,Mikkeli Lentoasema AWOS,8.7,-1.0,-1.0
2022-05-19,Espoo Tapiola,10.1,-1.0,-1.0
2022-05-20,Porvoo Kilpilahti satama,8.7,,
2022-05-20,Jomala Maarianhamina lentoasema,10.6,,
2022-05-20,Parainen Utö,8.6,0.0,-1.0
2022-05-20,Lemland Nyhamn,9.1,,
2022-05-20,Jomala Jomalaby,10.3,-1.0,-1.0
2022-05-20,Hammarland Märket,8.3,,
2022-05-20,Kökar Bogskär,7.8,,
2022-05-20,Parainen Fagerholm,10.6,-1.0,
2022-05-20,Kumlinge kirkonkylä,10.9,,
2022-05-20,Hanko Russarö,7.9,-1.0,
2022-05-20,Kaarina Yltöinen,10.5,-1.0,-1.0
2022-05-20,Kemiönsaari Vänö,10.1,,
2022-05-20,Hanko Tulliniemi,8.8,,
2022-05-20,Turku Rajakari,10.9,,
2022-05-20,Turku Artukainen,11.6,-1.0,-1.0
2022-05-20,Kemiönsaari Kemiö,9.8,-1.0,-1.0
2022-05-20,Hanko Tvärminne,8.9,-1.0,-1.0
2022-05-20,Salo Kärkkä,10.6,-1.0,
2022-05-20,Lohja Leppäkorpi,,-1.0,-1.0
2022-05-20,Raasepori Jussarö,7.5,,
2022-05-20,Salo Kiikala lentokenttä,9.6,-1.0,-1.0
2022-05-20,Vantaa Helsinki-Vantaan lentoasema,9.0,-1.0,-1.0
2022-05-20,Inkoo Bågaskär,7.8,,
2022-05-20,Helsinki Kaisaniemi,9.0,-1.0,-1.0
2022-05-20,Lohja Porla,9.6,-1.0,-1.0
2022-05-20,Vihti Maasoja,8.8,,
2022-05-20,Helsinki Harmaja,6.8,,
2022-05-20,Kirkkonummi Mäkiluoto,7.2,,
2022-05-20,Helsinki Helsingin majakka,6.9,,
2022-05-20,Helsinki Kumpula,9.3,-1.0,-1.0
2022-05-20,Helsinki Malmi lentokenttä,8.9,,
2022-05-20,Porvoo Kalbådagrund,6.7,,
2022-05-20,Porvoo Emäsalo,8.2,,
2022-05-20,Porvoo Harabacka,8.8,-1.0,-1.0
2022-05-20,Kotka Rankki,8.1,-1.0,-1.0
2022-05-20,Loviisa Orrengrund,8.0,,
2022-05-20,Kotka Haapasaari,8.6,,
2022-05-20,Pori lentoasema,12.9,,
2022-05-20,Uusikaupunki Itätulli,,-1.0,-1.0
2022-05-20,Kustavi Isokari,10.6,-1.0,
2022-05-20,Rauma Kylmäpihlaja,11.5,,
2022-05-20,Pori rautatieasema,13.7,-1.0,-1.0
2022-05-20,Turku lentoasema,10.7,,
2022-05-20,Kokemäki Rausenkulma,,-1.0,-1.0
2022-05-20,Huittinen Sallila,,-1.0,-1.0
2022-05-20,Oripää Teinikivi,,-1.0,-1.0
2022-05-20,Pöytyä Yläne,,-1.0,-1.0
2022-05-20,Kokemäki Tulkkila,12.6,-1.0,-1.0
2022-05-20,Jokioinen Ilmala,10.6,-1.0,-1.0
2022-05-20,Nokia Tottijärvi,,-1.0,-1.0
2022-05-20,Pirkkala Tampere-Pirkkala lentoasema,11.0,,
2022-05-20,Tampere Härmälä,10.5,-1.0,-1.0
2022-05-20,Somero Salkola,9.6,-1.0,-1.0
2022-05-20,Hyvinkää Hyvinkäänkylä,9.6,-1.0,-1.0
2022-05-20,Vihti Hiiskula,,-1.0,-1.0
2022-05-20,Hämeenlinna Pirttikoski,,-1.0,-1.0
2022-05-20,Nurmijärvi Röykkä,9.8,-1.0,-1.0
2022-05-20,Hämeenlinna Katinen,10.6,-1.0,
2022-05-20,Hattula Lepaa,10.5,-1.0,-1.0
2022-05-20,Hämeenlinna Lammi Pappila,9.3,-1.0,-1.0
2022-05-20,Asikkala Pulkkilanharju,9.2,,
2022-05-20,Kouvola Utti lentoasema,9.6,-1.0,-1.0
2022-05-20,Kouvola Anjala,9.3,-1.0,-1.0
2022-05-20,Heinola Asemantaus,9.9,-1.0,-1.0
2022-05-20,Kouvola Voikoski,,-1.0,-1.0
2022-05-20,Virolahti Koivuniemi,8.3,-1.0,-1.0
2022-05-20,Lappeenranta lentoasema,8.2,,
2022-05-20,Lappeenranta Konnunsuo,7.0,,
2022-05-20,Lappeenranta Lepola,8.1,-1.0,-1.0
2022-05-20,Ruokolahti Kotaniemi,,-1.0,-1.0
2022-05-20,Lappeenranta Hiekkapakka,6.4,,
2022-05-20,Parikkala Koitsanlahti,5.1,-1.0,-1.0
2022-05-20,Kaskinen Sälgrund,11.1,-1.0,
2022-05-20,Merikarvia Tuorila,,-1.0,-1.0
2022-05-20,Isojoki Kärjenkoski,,-1.0,-1.0
2022-05-20,Teuva Kauppilankylä,,-1.0,-1.0
2022-05-20,Pori Tahkoluoto satama,11.0,,
2022-05-20,Kristiinankaupunki Majakka,10.7,,
2022-05-20,Karvia Alkkia,10.4,-1.0,-1.0
2022-05-20,Kurikka Hirvijärvi,,-1.0,-1.0
2022-05-20,Kauhajoki Kuja-Kokko,11.4,-1.0,-1.0
2022-05-20,Kankaanpää Niinisalo lentokenttä,11.6,-1.0,-1.0
2022-05-20,Alavus Sulkavankylä,,-1.0,-1.0
2022-05-20,Virrat Äijänneva,9.0,,
2022-05-20,Jämsä Halli lentoasema,10.3,-1.0,-1.0
2022-05-20,Juupajoki Hyytiälä,9.1,-1.0,-1.0
2022-05-20,Sysmä Joutsjärvi,,-1.0,-1.0
2022-05-20,Jyväskylä Muuratjärvi,,-1.0,-1.0
2022-05-20,Luhanka Judinsalo,9.5,,
2022-05-20,Multia Pirttiperä,,-1.0,-1.0
2022-05-20,Joutsa Savenaho,8.8,-1.0,-1.0
2022-05-20,Kangasniemi kirkonkylä,,-1.0,-1.0
2022-05-20,Joutsa Pärnämäki,,-1.0,-1.0
2022-05-20,Mikkeli Pitkähiekka,,-1.0,-1.0
2022-05-20,Juva Partala,7.8,,
2022-05-20,Varkaus Kosulanniemi,8.5,-1.0,-1.0
2022-05-20,Savonlinna Laukansaari,,-1.0,-1.0
2022-05-20,Sulkava Halttula,,-1.0,-1.0
2022-05-20,Savonlinna lentoasema,6.6,,
2022-05-20,Rantasalmi Rukkasluoto,7.2,,
2022-05-20,Savonlinna Punkaharju Laukansaari,6.3,-1.0,-1.0
2022-05-20,Enonkoski Simanala,,-1.0,-1.0
2022-05-20,Savonlinna Savonranta,,-1.0,-1.0
2022-05-20,Rääkkylä kirkonkylä,,-1.0,-1.0
2022-05-20,Tohmajärvi Kemie,6.3,-1.0,-1.0
2022-05-20,Joensuu Huhtilampi,,-1.0,-1.0
2022-05-20,Vaasa lentoasema,10.6,,
2022-05-20,Mustasaari Valassaaret,7.2,,
2022-05-20,Närpiö Ylimarkku,,-1.0,-1.0
2022-05-20,Mustasaari Riimala,,-1.0,-1.0
2022-05-20,Kurikka Pyörni,,-1.0,-1.0
2022-05-20,Maalahti Strömmingsbådan,9.0,,
2022-05-20,Vaasa Klemettilä,11.3,-1.0,-1.0
2022-05-20,Seinäjoki Pelmaa,11.1,-1.0,-1.0
2022-05-20,Kauhava lentokenttä,11.3,-1.0,-1.0
2022-05-20,Ähtäri Inha,9.7,-1.0,-1.0
2022-05-20,Halsua Purola,9.3,-1.0,-1.0
2022-05-20,Alajärvi Möksy,8.9,-1.0,-1.0
2022-05-20,Multia Karhila,9.1,-1.0,-1.0
2022-05-20,Viitasaari Haapaniemi,9.6,-1.0,-1.0
2022-05-20,Äänekoski Kalaniemi,,-1.0,-1.0
2022-05-20,Vesanto kirkonkylä,7.7,-1.0,-1.0
2022-05-20,Pielavesi Venetmäki,,-1.0,-1.0
2022-05-20,Siilinjärvi Kuopio lentoasema,8.3,,
2022-05-20,Kuopio Maaninka,8.9,-1.0,-1.0
2022-05-20,Lapinlahti Lamminkäyrä,,-1.0,-1.0
2022-05-20,Suonenjoki Iisvesi,,-1.0,-1.0
2022-05-20,Kuopio Karttula,,-1.0,-1.0
2022-05-20,Kuopio Ritoniemi,8.4,,
2022-05-20,Kuopio Savilahti,8.9,-1.0,-1.0
2022-05-20,Heinävesi Palokki,,-1.0,-1.0
2022-05-20,Outokumpu Viuruniemi,,-1.0,-1.0
2022-05-20,Rautavaara Ala-Luosta,,-1.0,-1.0
2022-05-20,Rautavaara Ylä-Luosta,6.8,-1.0,-1.0
2022-05-20,Liperi Joensuu lentoasema,6.6,,
2022-05-20,Juuka Niemelä,5.9,-1.0,-1.0
2022-05-20,Joensuu Pyhäselkä,,-1.0,-1.0
2022-05-20,Lieksa Koli,,-1.0,-1.0
2022-05-20,Liperi Tuiskavanluoto,8.1,,
2022-05-20,Joensuu Linnunlahti,6.3,-1.0,-1.0
2022-05-20,Lieksa Lampela,6.3,-1.0,-1.0
2022-05-20,Ilomantsi Pötsönvaara,6.6,-1.0,-1.0
2022-05-20,Ilomantsi Mekrijärvi,5.8,-1.0,-1.0
2022-05-20,Pietarsaari Kallan,8.0,,
2022-05-20,Kokkola Tankar,7.1,,
2022-05-20,Kruunupyy Kokkola-Pietarsaari lentoasema,9.9,,
2022-05-20,Kaustinen Tastula,,-1.0,-1.0
2022-05-20,Kalajoki Ulkokalla,3.0,,
2022-05-20,Kokkola Santahaka,9.5,-1.0,-1.0
2022-05-20,Toholampi Oravala,,-1.0,-1.0
2022-05-20,Kalajoki Pitkäsenkylä,,-1.0,-1.0
2022-05-20,Kalajoki Mehtäkylä,,-1.0,-1.0
2022-05-20,Toholampi Laitala,9.6,-1.0,-1.0
2022-05-20,Ylivieska lentokenttä,9.0,-1.0,-1.0
2022-05-20,Ylivieska Vähäkangas,,-1.0,-1.0
2022-05-20,Haapavesi Mustikkamäki,9.1,-1.0,-1.0
2022-05-20,Pyhäjärvi Ojakylä,8.1,-1.0,-1.0
2022-05-20,Pyhäjärvi Hiidenniemi,,-1.0,-1.0
2022-05-20,Kiuruvesi Korpijoki,,-1.0,-1.0
2022-05-20,Siikalatva Kestilä,,-1.0,-1.0
2022-05-20,Kajaani lentoasema,8.6,,
2022-05-20,Vieremä Kaarakkala,8.6,-1.0,-1.0
2022-05-20,Kajaani Paltaniemi,,-1.0,-1.0
2022-05-20,Nurmes Valtimo,7.5,-1.0,-1.0
2022-05-20,Ristijärvi Mustavaara,,-1.0,-1.0
2022-05-20,Sotkamo Kuolaniemi,7.7,-1.0,-1.0
2022-05-20,Nurmes Mujejärvi,,-1.0,-1.0
2022-05-20,Kuhmo Apaja,,-1.0,-1.0
2022-05-20,Kuhmo Kalliojoki,6.6,-1.0,-1.0
2022-05-20,Raahe Nahkiainen,5.8,,
2022-05-20,Hailuoto Keskikylä,8.1,-1.0,-1.0
2022-05-20,Kemi I majakka,5.2,,
2022-05-20,Hailuoto Marjaniemi,6.0,,
2022-05-20,Raahe Lapaluoto satama,7.2,,
2022-05-20,Oulu lentoasema,9.0,,
2022-05-20,Siikajoki Ruukki,9.1,-1.0,-1.0
2022-05-20,Oulu Vihreäsaari satama,8.1,,
2022-05-20,Oulu Oulunsalo Pellonpää,8.8,-1.0,-1.0
2022-05-20,Vaala Pelso,7.9,0.1,-1.0
2022-05-20,Pudasjärvi lentokenttä,9.4,-1.0,-1.0
2022-05-20,Utajärvi Särkijärvi,,-1.0,-1.0
2022-05-20,Pudasjärvi Jaurakkajärvi,,-1.0,-1.0
2022-05-20,Suomussalmi Näljänkä,,-1.0,-1.0
2022-05-20,Suomussalmi Pesiö,6.4,-1.0,-1.0
2022-05-20,Puolanka Kotila,,-1.0,-1.0
2022-05-20,Puolanka Paljakka,6.3,-1.0,-1.0
2022-05-20,Kemi Kemi-Tornio lentoasema,7.1,,
2022-05-20,Kemi Ajos,6.7,,
2022-05-20,Tornio Kaakkuri,7.9,-1.0,
2022-05-20,Ranua lentokenttä,8.3,-1.0,-1.0
2022-05-20,Pudasjärvi Sarakylä,,-1.0,-1.0
2022-05-20,Posio Raistakka,,-1.0,0.0
2022-05-20,Taivalkoski Inkee,,-1.0,-1.0
2022-05-20,Taivalkoski kirkonkylä,6.8,-1.0,-1.0
2022-05-20,Kuusamo lentoasema,5.5,-1.0,-1.0
2022-05-20,Kuusamo Kiutaköngäs,5.4,-1.0,-1.0
2022-05-20,Kuusamo Rukatunturi,4.5,,
2022-05-20,Kuusamo Teeriranta,,-1.0,-1.0
2022-05-20,Kuusamo Juuma,4.7,,
2022-05-20,Ylitornio Meltosjärvi,9.3,-1.0,-1.0
2022-05-20,Kolari Kattilamaa,,-1.0,-1.0
2022-05-20,Pello kirkonkylä,9.7,-1.0,-1.0
2022-05-20,Rovaniemi rautatieasema,10.1,,
2022-05-20,Sodankylä Tähtelä,8.0,-1.0,-1.0
2022-05-20,Rovaniemi Apukka,8.6,-1.0,-1.0
2022-05-20,Pelkosenniemi kirkonkylä,,4.6,-1.0
2022-05-20,Kemijärvi lentokenttä,6.5,-1.0,-1.0
2022-05-20,Savukoski kirkonkylä,6.2,-1.0,-1.0
2022-05-20,Salla Kelloselkä,,0.2,-1.0
2022-05-20,Pelkosenniemi Pyhätunturi,6.3,,
2022-05-20,Salla kirkonkylä,6.1,-1.0,-1.0
2022-05-20,Salla Naruska,4.9,-1.0,-1.0
2022-05-20,Enontekiö Kaaresuvanto,,0.5,-1.0
2022-05-20,Enontekiö lentoasema,6.8,,
2022-05-20,Kittilä Pulju,,0.5,0.0
2022-05-20,Muonio Laukukero,3.8,,
2022-05-20,Muonio Sammaltunturi,5.2,,
2022-05-20,Kittilä Matorova,6.9,,
2022-05-20,Kittilä lentoasema,7.8,,
2022-05-20,Kittilä Kenttärova,6.5,0.2,62.0
2022-05-20,Kittilä Pakatti,8.1,0.1,-1.0
2022-05-20,Kittilä Pokka,6.7,0.3,55.0
2022-05-20,Sodankylä Lokka,6.1,-1.0,-1.0
2022-05-20,Sodankylä Vuotso,5.8,-1.0,7.0
2022-05-20,Inari Saariselkä matkailukeskus,5.0,-1.0,22.0
2022-05-20,Inari Saariselkä Kaunispää,4.3,,
2022-05-20,Inari Raja-Jooseppi Kontiojärvi,,-1.0,0.0
2022-05-20,Inari Raja-Jooseppi,6.0,,
2022-05-20,Salla Värriötunturi,4.0,-1.0,0.0
2022-05-20,Enontekiö Kilpisjärvi kyläkeskus,2.3,-1.0,58.0
2022-05-20,Enontekiö Kilpisjärvi Saana,1.4,,
2022-05-20,Enontekiö Näkkälä,6.3,0.6,35.0
2022-05-20,Inari Angeli Lintupuoliselkä,5.8,0.1,-1.0
2022-05-20,Inari Ivalo lentoasema,6.2,,
2022-05-20,Utsjoki Kevo,4.8,-1.0,-1.0
2022-05-20,Utsjoki Nuorgam,4.1,-1.0,-1.0
2022-05-20,Inari Väylä,5.4,,
2022-05-20,Inari kirkonkylä,,-1.0,-1.0
2022-05-20,Inari Kaamanen,6.2,-1.0,-1.0
2022-05-20,Inari Nellim,6.9,-1.0,-1.0
2022-05-20,Inari Kirakkajärvi,4.0,-1.0,20.0
2022-05-20,Mäntsälä Hirvihaara,8.0,-1.0,-1.0
2022-05-20,Lahti Sopenkorpi,10.9,-1.0,-1.0
2022-05-20,Siuntio Sjundby,,-1.0,-1.0
2022-05-20,Sipoo Itätoukki,6.9,,
2022-05-20,Rauma Pyynpää,12.6,-1.0,-1.0
2022-05-20,Muonio Oustajärvi,8.1,0.2,-1.0
2022-05-20,Pyhtää lentokenttä,8.3,-1.0,-1.0
2022-05-20,Sotkamo Tuhkakylä,8.7,-1.0,-1.0
2022-05-20,Tervola Loue,8.2,,
2022-05-20,Kajaani Petäisenniska,8.7,-1.0,-1.0
2022-05-20,Utsjoki Kevo Kevojärvi,3.9,,
2022-05-20,Inari Seitalaassa,3.1,,
2022-05-20,Ilmajoki Seinäjoki lentoasema,10.3,,
2022-05-20,Rovaniemi lentoasema AWOS,8.8,-1.0,-1.0
2022-05-20,Jyväskylä lentoasema AWOS,8.1,-1.0,-1.0
2022-05-20,Puumala kirkonkylä,7.4,-1.0,-1.0
2022-05-20,Helsinki Vuosaari satama,8.4,,
2022-05-20,Maarianhamina Länsisatama,10.9,,
2022-05-20,Lumparland Långnäs satama,10.4,-1.0,-1.0
2022-05-20,Kittilä Lompolonvuoma,6.4,-1.0,
2022-05-20,Kuusamo Ruka Talvijärvi,6.0,,
2022-05-20,Espoo Nuuksio,9.1,-1.0,-1.0
2022-05-20,Mikkeli Lentoasema AWOS,8.3,-1.0,-1.0
2022-05-20,Espoo Tapiola,8.9,-1.0,-1.0
2022-05-21,Porvoo Kilpilahti satama,9.4,,
2022-05-21,Jomala Maarianhamina lentoasema,9.0,,
2022-05-21,Parainen Utö,9.1,-1.0,-1.0
2022-05-21,Lemland Nyhamn,10.3,,
2022-05-21,Jomala Jomalaby,9.4,-1.0,-1.0
2022-05-21,Hammarland Märket,7.6,,
2022-05-21,Kökar Bogskär,8.3,,
2022-05-21,Parainen Fagerholm,10.3,-1.0,
2022-05-21,Kumlinge kirkonkylä,10.2,,
2022-05-21,Hanko Russarö,8.5,-1.0,
2022-05-21,Kaarina Yltöinen,10.4,-1.0,-1.0
2022-05-21,Kemiönsaari Vänö,10.5,,
2022-05-21,Hanko Tulliniemi,9.1,,
2022-05-21,Turku Rajakari,10.6,,
2022-05-21,Turku Artukainen,11.6,-1.0,-1.0
2022-05-21,Kemiönsaari Kemiö,10.3,-1.0,-1.0
2022-05-21,Hanko Tvärminne,9.5,-1.0,-1.0
2022-05-21,Salo Kärkkä,11.0,-1.0,
2022-05-21,Lohja Leppäkorpi,,-1.0,-1.0
2022-05-21,Raasepori Jussarö,7.9,,
2022-05-21,Salo Kiikala lentokenttä,10.2,-1.0,-1.0
2022-05-21,Vantaa Helsinki-Vantaan lentoasema,9.3,-1.0,-1.0
2022-05-21,Inkoo Bågaskär,8.2,,
2022-05-21,Helsinki Kaisaniemi,9.9,-1.0,-1.0
2022-05-21,Lohja Porla,10.2,-1.0,-1.0
2022-05-21,Vihti Maasoja,8.3,,
2022-05-21,Helsinki Harmaja,7.5,,
2022-05-21,Kirkkonummi Mäkiluoto,7.7,,
2022-05-21,Helsinki Helsingin majakka,7.1,,
2022-05-21,Helsinki Kumpula,10.2,-1.0,-1.0
2022-05-21,Helsinki Malmi lentokenttä,9.4,,
2022-05-21,Porvoo Kalbådagrund,7.0,,
2022-05-21,Porvoo Emäsalo,8.9,,
2022-05-21,Porvoo Harabacka,9.2,-1.0,-1.0
2022-05-21,Kotka Rankki,9.4,-1.0,-1.0
2022-05-21,Loviisa Orrengrund,8.6,,
2022-05-21,Kotka Haapasaari,8.8,,
2022-05-21,Pori lentoasema,11.5,,
2022-05-21,Uusikaupunki Itätulli,,-1.0,-1.0
2022-05-21,Kustavi Isokari,9.7,-1.0,
2022-05-21,Rauma Kylmäpihlaja,10.9,,
2022-05-21,Pori rautatieasema,12.4,-1.0,-1.0
2022-05-21,Turku lentoasema,10.2,,
2022-05-21,Kokemäki Rausenkulma,,-1.0,-1.0
2022-05-21,Huittinen Sallila,,-1.0,-1.0
2022-05-21,Oripää Teinikivi,,-1.0,-1.0
2022-05-21,Pöytyä Yläne,,-1.0,-1.0
2022-05-21,Kokemäki Tulkkila,10.9,-1.0,-1.0
2022-05-21,Jokioinen Ilmala,9.9,-1.0,-1.0
2022-05-21,Nokia Tottijärvi,,-1.0,-1.0
2022-05-21,Pirkkala Tampere-Pirkkala lentoasema,10.0,,
2022-05-21,Tampere Härmälä,9.7,-1.0,-1.0
2022-05-21,Somero Salkola,9.3,-1.0,-1.0
2022-05-21,Hyvinkää Hyvinkäänkylä,9.9,-1.0,-1.0
2022-05-21,Vihti Hiiskula,,-1.0,-1.0
2022-05-21,Hämeenlinna Pirttikoski,,-1.0,-1.0
2022-05-21,Nurmijärvi Röykkä,9.8,-1.0,-1.0
2022-05-21,Hämeenlinna Katinen,9.8,-1.0,
2022-05-21,Hattula Lepaa,9.7,-1.0,-1.0
2022-05-21,Hämeenlinna Lammi Pappila,8.6,-1.0,-1.0
2022-05-21,Asikkala Pulkkilanharju,8.8,,
2022-05-21,Kouvola Utti lentoasema,10.1,-1.0,-1.0
2022-05-21,Kouvola Anjala,10.0,-1.0,-1.0
2022-05-21,Heinola Asemantaus,9.5,-1.0,-1.0
2022-05-21,Kouvola Voikoski,,-1.0,-1.0
2022-05-21,Virolahti Koivuniemi,9.3,-1.0,-1.0
2022-05-21,Lappeenranta lentoasema,8.7,,
2022-05-21,Lappeenranta Konnunsuo,7.0,,
2022-05-21,Lappeenranta Lepola,9.1,-1.0,-1.0
2022-05-21,Ruokolahti Kotaniemi,,-1.0,-1.0
2022-05-21,Lappeenranta Hiekkapakka,7.5,,
2022-05-21,Parikkala Koitsanlahti,6.9,-1.0,-1.0
2022-05-21,Kaskinen Sälgrund,10.6,-1.0,
2022-05-21,Merikarvia Tuorila,,-1.0,-1.0
2022-05-21,Isojoki Kärjenkoski,,-1.0,-1.0
2022-05-21,Teuva Kauppilankylä,,-1.0,-1.0
2022-05-21,Pori Tahkoluoto satama,9.6,,
2022-05-21,Kristiinankaupunki Majakka,9.8,,
2022-05-21,Karvia Alkkia,9.7,-1.0,-1.0
2022-05-21,Kurikka Hirvijärvi,,-1.0,-1.0
2022-05-21,Kauhajoki Kuja-Kokko,11.2,-1.0,-1.0
2022-05-21,Kankaanpää Niinisalo lentokenttä,10.6,-1.0,-1.0
2022-05-21,Alavus Sulkavankylä,,-1.0,-1.0
2022-05-21,Virrat Äijänneva,8.8,,
2022-05-21,Jämsä Halli lentoasema,9.8,-1.0,-1.0
2022-05-21,Juupajoki Hyytiälä,8.5,-1.0,-1.0
2022-05-21,Sysmä Joutsjärvi,,-1.0,-1.0
2022-05-21,Jyväskylä Muuratjärvi,,-1.0,-1.0
2022-05-21,Luhanka Judinsalo,9.7,,
2022-05-21,Multia Pirttiperä,,-1.0,-1.0
2022-05-21,Joutsa Savenaho,8.8,-1.0,-1.0
2022-05-21,Kangasniemi kirkonkylä,,-1.0,-1.0
2022-05-21,Joutsa Pärnämäki,,-1.0,-1.0
2022-05-21,Mikkeli Pitkähiekka,,-1.0,-1.0
2022-05-21,Juva Partala,8.4,,
2022-05-21,Varkaus Kosulanniemi,9.0,-1.0,-1.0
2022-05-21,Savonlinna Laukansaari,,-1.0,-1.0
2022-05-21,Sulkava Halttula,,-1.0,-1.0
2022-05-21,Savonlinna lentoasema,8.7,,
2022-05-21,Rantasalmi Rukkasluoto,8.5,,
2022-05-21,Savonlinna Punkaharju Laukansaari,7.9,-1.0,-1.0
2022-05-21,Enonkoski Simanala,,-1.0,-1.0
2022-05-21,Savonlinna Savonranta,,-1.0,-1.0
2022-05-21,Rääkkylä kirkonkylä,,-1.0,-1.0
2022-05-21,Tohmajärvi Kemie,7.0,-1.0,-1.0
2022-05-21,Joensuu Huhtilampi,,-1.0,-1.0
2022-05-21,Vaasa lentoasema,12.1,,
2022-05-21,Mustasaari Valassaaret,9.1,,
2022-05-21,Närpiö Ylimarkku,,-1.0,-1.0
2022-05-21,Mustasaari Riimala,,-1.0,-1.0
2022-05-21,Kurikka Pyörni,,-1.0,-1.0
2022-05-21,Maalahti Strömmingsbådan,9.8,,
2022-05-21,Vaasa Klemettilä,13.2,-1.0,-1.0
2022-05-21,Seinäjoki Pelmaa,11.8,-1.0,-1.0
2022-05-21,Kauhava lentokenttä,11.5,-1.0,-1.0
2022-05-21,Ähtäri Inha,9.9,-1.0,-1.0
2022-05-21,Halsua Purola,10.1,-1.0,-1.0
2022-05-21,Alajärvi Möksy,9.4,-1.0,-1.0
2022-05-21,Multia Karhila,8.6,-1.0,-1.0
2022-05-21,Viitasaari Haapaniemi,10.5,-1.0,-1.0
2022-05-21,Äänekoski Kalaniemi,,-1.0,-1.0
2022-05-21,Vesanto kirkonkylä,8.6,-1.0,-1.0
2022-05-21,Pielavesi Venetmäki,,-1.0,-1.0
2022-05-21,Siilinjärvi Kuopio lentoasema,9.5,,
2022-05-21,Kuopio Maaninka,9.7,-1.0,-1.0
2022-05-21,Lapinlahti Lamminkäyrä,,-1.0,-1.0
2022-05-21,Suonenjoki Iisvesi,,-1.0,-1.0
2022-05-21,Kuopio Karttula,,-1.0,-1.0
2022-05-21,Kuopio Ritoniemi,9.1,,
2022-05-21,Kuopio Savilahti,10.4,-1.0,-1.0
2022-05-21,Heinävesi Palokki,,-1.0,-1.0
2022-05-21,Outokumpu Viuruniemi,,-1.0,-1.0
2022-05-21,Rautavaara Ala-Luosta,,-1.0,-1.0
2022-05-21,Rautavaara Ylä-Luosta,8.5,-1.0,-1.0
2022-05-21,Liperi Joensuu lentoasema,8.6,,
2022-05-21,Juuka Niemelä,7.2,-1.0,-1.0
2022-05-21,Joensuu Pyhäselkä,,-1.0,-1.0
2022-05-21,Lieksa Koli,,-1.0,-1.0
2022-05-21,Liperi Tuiskavanluoto,8.6,,
2022-05-21,Joensuu Linnunlahti,8.8,-1.0,-1.0
2022-05-21,Lieksa Lampela,8.9,-1.0,-1.0
2022-05-21,Ilomantsi Pötsönvaara,7.5,-1.0,-1.0
2022-05-21,Ilomantsi Mekrijärvi,7.8,-1.0,-1.0
2022-05-21,Pietarsaari Kallan,10.6,,
2022-05-21,Kokkola Tankar,10.7,,
2022-05-21,Kruunupyy Kokkola-Pietarsaari lentoasema,12.2,,
2022-05-21,Kaustinen Tastula,,-1.0,-1.0
2022-05-21,Kalajoki Ulkokalla,6.1,,
2022-05-21,Kokkola Santahaka,12.0,-1.0,-1.0
2022-05-21,Toholampi Oravala,,-1.0,-1.0
2022-05-21,Kalajoki Pitkäsenkylä,,-1.0,-1.0
2022-05-21,Kalajoki Mehtäkylä,,-1.0,-1.0
2022-05-21,Toholampi Laitala,10.7,-1.0,-1.0
2022-05-21,Ylivieska lentokenttä,11.8,-1.0,-1.0
2022-05-21,Ylivieska Vähäkangas,,-1.0,-1.0
2022-05-21,Haapavesi Mustikkamäki,11.1,-1.0,-1.0
2022-05-21,Pyhäjärvi Ojakylä,9.7,-1.0,-1.0
2022-05-21,Pyhäjärvi Hiidenniemi,,-1.0,-1.0
2022-05-21,Kiuruvesi Korpijoki,,-1.0,-1.0
2022-05-21,Siikalatva Kestilä,,-1.0,-1.0
2022-05-21,Kajaani lentoasema,10.5,,
2022-05-21,Vieremä Kaarakkala,10.5,-1.0,-1.0
2022-05-21,Kajaani Paltaniemi,,-1.0,-1.0
2022-05-21,Nurmes Valtimo,9.7,-1.0,-1.0
2022-05-21,Ristijärvi Mustavaara,,-1.0,-1.0
2022-05-21,Sotkamo Kuolaniemi,10.3,-1.0,-1.0
2022-05-21,Nurmes Mujejärvi,,-1.0,-1.0
2022-05-21,Kuhmo Apaja,,-1.0,-1.0
2022-05-21,Kuhmo Kalliojoki,9.3,-1.0,-1.0
2022-05-21,Raahe Nahkiainen,9.6,,
2022-05-21,Hailuoto Keskikylä,11.8,-1.0,-1.0
2022-05-21,Kemi I majakka,7.1,,
2022-05-21,Hailuoto Marjaniemi,9.7,,
2022-05-21,Raahe Lapaluoto satama,10.9,,
2022-05-21,Oulu lentoasema,12.8,,
2022-05-21,Siikajoki Ruukki,11.7,-1.0,-1.0
2022-05-21,Oulu Vihreäsaari satama,11.6,,
2022-05-21,Oulu Oulunsalo Pellonpää,12.5,-1.0,-1.0
2022-05-21,Vaala Pelso,10.1,-1.0,-1.0
2022-05-21,Pudasjärvi lentokenttä,10.8,-1.0,-1.0
2022-05-21,Utajärvi Särkijärvi,,-1.0,-1.0
2022-05-21,Pudasjärvi Jaurakkajärvi,,-1.0,-1.0
2022-05-21,Suomussalmi Näljänkä,,0.0,-1.0
2022-05-21,Suomussalmi Pesiö,9.3,-1.0,-1.0
2022-05-21,Puolanka Kotila,,-1.0,-1.0
2022-05-21,Puolanka Paljakka,7.9,-1.0,-1.0
2022-05-21,Kemi Kemi-Tornio lentoasema,9.3,,
2022-05-21,Kemi Ajos,8.5,,
2022-05-21,Tornio Kaakkuri,9.3,-1.0,
2022-05-21,Ranua lentokenttä,9.4,0.1,-1.0
2022-05-21,Pudasjärvi Sarakylä,,-1.0,-1.0
2022-05-21,Posio Raistakka,,1.2,0.0
2022-05-21,Taivalkoski Inkee,,0.5,-1.0
2022-05-21,Taivalkoski kirkonkylä,10.1,0.1,-1.0
2022-05-21,Kuusamo lentoasema,8.1,2.3,-1.0
2022-05-21,Kuusamo Kiutaköngäs,7.0,5.9,-1.0
2022-05-21,Kuusamo Rukatunturi,5.7,,
2022-05-21,Kuusamo Teeriranta,,-1.0,-1.0
2022-05-21,Kuusamo Juuma,6.8,,
2022-05-21,Ylitornio Meltosjärvi,11.0,1.0,-1.0
2022-05-21,Kolari Kattilamaa,,1.0,-1.0
2022-05-21,Pello kirkonkylä,11.5,0.5,-1.0
2022-05-21,Rovaniemi rautatieasema,10.7,,
2022-05-21,Sodankylä Tähtelä,10.0,5.3,-1.0
2022-05-21,Rovaniemi Apukka,10.0,1.1,-1.0
2022-05-21,Pelkosenniemi kirkonkylä,,-1.0,-1.0
2022-05-21,Kemijärvi lentokenttä,9.1,2.8,-1.0
2022-05-21,Savukoski kirkonkylä,7.2,12.0,-1.0
2022-05-21,Salla Kelloselkä,,7.2,-1.0
2022-05-21,Pelkosenniemi Pyhätunturi,6.8,,
2022-05-21,Salla kirkonkylä,7.5,6.5,-1.0
2022-05-21,Salla Naruska,6.4,3.3,-1.0
2022-05-21,Enontekiö Kaaresuvanto,,-1.0,-1.0
2022-05-21,Enontekiö lentoasema,8.3,,
2022-05-21,Kittilä Pulju,,0.1,0.0
2022-05-21,Muonio Laukukero,5.4,,
2022-05-21,Muonio Sammaltunturi,7.0,,
2022-05-21,Kittilä Matorova,8.8,,
2022-05-21,Kittilä lentoasema,9.9,,
2022-05-21,Kittilä Kenttärova,8.4,3.6,56.0
2022-05-21,Kittilä Pakatti,10.1,2.7,-1.0
2022-05-21,Kittilä Pokka,6.7,1.9,50.0
2022-05-21,Sodankylä Lokka,7.3,2.4,-1.0
2022-05-21,Sodankylä Vuotso,6.6,1.9,-1.0
2022-05-21,Inari Saariselkä matkailukeskus,6.0,2.6,15.0
2022-05-21,Inari Saariselkä Kaunispää,5.0,,
2022-05-21,Inari Raja-Jooseppi Kontiojärvi,,6.9,0.0
2022-05-21,Inari Raja-Jooseppi,7.0,,
2022-05-21,Salla Värriötunturi,5.1,1.6,0.0
2022-05-21,Enontekiö Kilpisjärvi kyläkeskus,4.6,-1.0,54.0
2022-05-21,Enontekiö Kilpisjärvi Saana,2.9,,
2022-05-21,Enontekiö Näkkälä,6.9,-1.0,27.0
2022-05-21,Inari Angeli Lintupuoliselkä,6.8,2.6,-1.0
2022-05-21,Inari Ivalo lentoasema,7.5,,
2022-05-21,Utsjoki Kevo,5.5,4.4,-1.0
2022-05-21,Utsjoki Nuorgam,5.5,5.9,-1.0
2022-05-21,Inari Väylä,5.8,,
2022-05-21,Inari kirkonkylä,,5.0,-1.0
2022-05-21,Inari Kaamanen,6.7,3.6,-1.0
2022-05-21,Inari Nellim,7.7,5.6,-1.0
2022-05-21,Inari Kirakkajärvi,6.0,1.1,14.0
2022-05-21,Mäntsälä Hirvihaara,8.3,-1.0,-1.0
2022-05-21,Lahti Sopenkorpi,10.1,-1.0,-1.0
2022-05-21,Siuntio Sjundby,,-1.0,-1.0
2022-05-21,Sipoo Itätoukki,7.5,,
2022-05-21,Rauma Pyynpää,11.6,-1.0,-1.0
2022-05-21,Muonio Oustajärvi,9.7,4.0,-1.0
2022-05-21,Pyhtää lentokenttä,9.3,-1.0,-1.0
2022-05-21,Sotkamo Tuhkakylä,10.9,-1.0,-1.0
2022-05-21,Tervola Loue,10.2,,
2022-05-21,Kajaani Petäisenniska,10.8,-1.0,-1.0
2022-05-21,Utsjoki Kevo Kevojärvi,5.1,,
2022-05-21,Inari Seitalaassa,4.6,,
2022-05-21,Ilmajoki Seinäjoki lentoasema,10.7,,
2022-05-21,Rovaniemi lentoasema AWOS,10.1,0.5,-1.0
2022-05-21,Jyväskylä lentoasema AWOS,8.7,-1.0,-1.0
2022-05-21,Puumala kirkonkylä,8.5,-1.0,-1.0
2022-05-21,Helsinki Vuosaari satama,9.0,,
2022-05-21,Maarianhamina Länsisatama,10.0,,
2022-05-21,Lumparland Långnäs satama,9.9,-1.0,-1.0
2022-05-21,Kittilä Lompolonvuoma,9.1,2.9,
2022-05-21,Kuusamo Ruka Talvijärvi,7.6,,
2022-05-21,Espoo Nuuksio,9.5,-1.0,-1.0
2022-05-21,Mikkeli Lentoasema AWOS,8.5,-1.0,-1.0
2022-05-21,Espoo Tapiola,9.7,-1.0,-1.0
2022-05-22,Porvoo Kilpilahti satama,8.8,,
2022-05-22,Jomala Maarianhamina lentoasema,8.2,,
2022-05-22,Parainen Utö,9.2,-1.0,-1.0
2022-05-22,Lemland Nyhamn,9.2,,
2022-05-22,Jomala Jomalaby,8.7,-1.0,-1.0
2022-05-22,Hammarland Märket,8.5,,
2022-05-22,Kökar Bogskär,8.1,,
2022-05-22,Parainen Fagerholm,10.3,-1.0,
2022-05-22,Kumlinge kirkonkylä,10.2,,
2022-05-22,Hanko Russarö,8.3,-1.0,
2022-05-22,Kaarina Yltöinen,9.3,-1.0,-1.0
2022-05-22,Kemiönsaari Vänö,9.8,,
2022-05-22,Hanko Tulliniemi,8.7,,
2022-05-22,Turku Rajakari,10.5,,
2022-05-22,Turku Artukainen,11.0,-1.0,-1.0
2022-05-22,Kemiönsaari Kemiö,9.2,-1.0,-1.0
2022-05-22,Hanko Tvärminne,8.3,-1.0,-1.0
2022-05-22,Salo Kärkkä,10.3,-1.0,
2022-05-22,Lohja Leppäkorpi,,-1.0,-1.0
2022-05-22,Raasepori Jussarö,8.5,,
2022-05-22,Salo Kiikala lentokenttä,10.7,-1.0,-1.0
2022-05-22,Vantaa Helsinki-Vantaan lentoasema,10.1,-1.0,-1.0
2022-05-22,Inkoo Bågaskär,8.5,,
2022-05-22,Helsinki Kaisaniemi,9.4,-1.0,-1.0
2022-05-22,Lohja Porla,10.1,-1.0,-1.0
2022-05-22,Vihti Maasoja,8.5,,
2022-05-22,Helsinki Harmaja,8.0,,
2022-05-22,Kirkkonummi Mäkiluoto,8.0,,
2022-05-22,Helsinki Helsingin majakka,7.7,,
2022-05-22,Helsinki Kumpula,9.9,-1.0,-1.0
2022-05-22,Helsinki Malmi lentokenttä,9.1,,
2022-05-22,Porvoo Kalbådagrund,7.3,,
2022-05-22,Porvoo Emäsalo,8.5,,
2022-05-22,Porvoo Harabacka,9.4,-1.0,-1.0
2022-05-22,Kotka Rankki,8.6,-1.0,-1.0
2022-05-22,Loviisa Orrengrund,8.4,,
2022-05-22,Kotka Haapasaari,8.6,,
2022-05-22,Pori lentoasema,10.2,,
2022-05-22,Uusikaupunki Itätulli,,-1.0,-1.0
2022-05-22,Kustavi Isokari,9.7,-1.0,
2022-05-22,Rauma Kylmäpihlaja,9.9,,
2022-05-22,Pori rautatieasema,11.0,-1.0,-1.0
2022-05-22,Turku lentoasema,9.8,,
2022-05-22,Kokemäki Rausenkulma,,-1.0,-1.0
2022-05-22,Huittinen Sallila,,-1.0,-1.0
2022-05-22,Oripää Teinikivi,,-1.0,-1.0
2022-05-22,Pöytyä Yläne,,-1.0,-1.0
2022-05-22,Kokemäki Tulkkila,11.0,-1.0,-1.0
2022-05-22,Jokioinen Ilmala,10.4,-1.0,-1.0
2022-05-22,Nokia Tottijärvi,,-1.0,-1.0
2022-05-22,Pirkkala Tampere-Pirkkala lentoasema,10.7,,
2022-05-22,Tampere Härmälä,10.7,-1.0,-1.0
2022-05-22,Somero Salkola,10.3,-1.0,-1.0
2022-05-22,Hyvinkää Hyvinkäänkylä,10.6,-1.0,-1.0
2022-05-22,Vihti Hiiskula,,-1.0,-1.0
2022-05-22,Hämeenlinna Pirttikoski,,-1.0,-1.0
2022-05-22,Nurmijärvi Röykkä,10.6,-1.0,-1.0
2022-05-22,Hämeenlinna Katinen,11.0,-1.0,
2022-05-22,Hattula Lepaa,10.4,-1.0,-1.0
2022-05-22,Hämeenlinna Lammi Pappila,9.6,-1.0,-1.0
2022-05-22,Asikkala Pulkkilanharju,9.8,,
2022-05-22,Kouvola Utti lentoasema,11.4,-1.0,-1.0
2022-05-22,Kouvola Anjala,10.1,-1.0,-1.0
2022-05-22,Heinola Asemantaus,10.7,-1.0,-1.0
2022-05-22,Kouvola Voikoski,,-1.0,-1.0
2022-05-22,Virolahti Koivuniemi,9.3,-1.0,-1.0
2022-05-22,Lappeenranta lentoasema,10.0,,
2022-05-22,Lappeenranta Konnunsuo,8.7,,
2022-05-22,Lappeenranta Lepola,10.3,-1.0,-1.0
2022-05-22,Ruokolahti Kotaniemi,,-1.0,-1.0
2022-05-22,Lappeenranta Hiekkapakka,8.2,,
2022-05-22,Parikkala Koitsanlahti,8.4,-1.0,-1.0
2022-05-22,Kaskinen Sälgrund,10.3,-1.0,
2022-05-22,Merikarvia Tuorila,,-1.0,-1.0
2022-05-22,Isojoki Kärjenkoski,,-1.0,-1.0
2022-05-22,Teuva Kauppilankylä,,-1.0,-1.0
2022-05-22,Pori Tahkoluoto satama,9.5,,
2022-05-22,Kristiinankaupunki Majakka,9.1,,
2022-05-22,Karvia Alkkia,10.7,-1.0,-1.0
2022-05-22,Kurikka Hirvijärvi,,-1.0,-1.0
2022-05-22,Kauhajoki Kuja-Kokko,10.7,-1.0,-1.0
2022-05-22,Kankaanpää Niinisalo lentokenttä,11.2,-1.0,-1.0
2022-05-22,Alavus Sulkavankylä,,-1.0,-1.0
2022-05-22,Virrat Äijänneva,10.3,,
2022-05-22,Jämsä Halli lentoasema,11.0,-1.0,-1.0
2022-05-22,Juupajoki Hyytiälä,10.1,-1.0,-1.0
2022-05-22,Sysmä Joutsjärvi,,-1.0,-1.0
2022-05-22,Jyväskylä Muuratjärvi,,-1.0,-1.0
2022-05-22,Luhanka Judinsalo,10.1,,
2022-05-22,Multia Pirttiperä,,-1.0,-1.0
2022-05-22,Joutsa Savenaho,10.8,-1.0,-1.0
2022-05-22,Kangasniemi kirkonkylä,,-1.0,-1.0
2022-05-22,Joutsa Pärnämäki,,-1.0,-1.0
2022-05-22,Mikkeli Pitkähiekka,,-1.0,-1.0
2022-05-22,Juva Partala,9.3,,
2022-05-22,Varkaus Kosulanniemi,10.7,-1.0,-1.0
2022-05-22,Savonlinna Laukansaari,,-1.0,-1.0
2022-05-22,Sulkava Halttula,,-1.0,-1.0
2022-05-22,Savonlinna lentoasema,9.7,,
2022-05-22,Rantasalmi Rukkasluoto,9.6,,
2022-05-22,Savonlinna Punkaharju Laukansaari,8.9,-1.0,-1.0
2022-05-22,Enonkoski Simanala,,-1.0,-1.0
2022-05-22,Savonlinna Savonranta,,-1.0,-1.0
2022-05-22,Rääkkylä kirkonkylä,,0.6,-1.0
2022-05-22,Tohmajärvi Kemie,7.0,-1.0,-1.0
2022-05-22,Joensuu Huhtilampi,,-1.0,-1.0
2022-05-22,Vaasa lentoasema,11.0,,
2022-05-22,Mustasaari Valassaaret,10.4,,
2022-05-22,Närpiö Ylimarkku,,-1.0,-1.0
2022-05-22,Mustasaari Riimala,,-1.0,-1.0
2022-05-22,Kurikka Pyörni,,-1.0,-1.0
2022-05-22,Maalahti Strömmingsbådan,9.4,,
2022-05-22,Vaasa Klemettilä,11.2,-1.0,-1.0
2022-05-22,Seinäjoki Pelmaa,11.3,-1.0,-1.0
2022-05-22,Kauhava lentokenttä,11.0,-1.0,-1.0
2022-05-22,Ähtäri Inha,11.4,-1.0,-1.0
2022-05-22,Halsua Purola,10.2,-1.0,-1.0
2022-05-22,Alajärvi Möksy,10.3,-1.0,-1.0
2022-05-22,Multia Karhila,10.4,-1.0,-1.0
2022-05-22,Viitasaari Haapaniemi,12.1,-1.0,-1.0
2022-05-22,Äänekoski Kalaniemi,,-1.0,-1.0
2022-05-22,Vesanto kirkonkylä,10.3,-1.0,-1.0
2022-05-22,Pielavesi Venetmäki,,-1.0,-1.0
2022-05-22,Siilinjärvi Kuopio lentoasema,10.5,,
2022-05-22,Kuopio Maaninka,10.5,-1.0,-1.0
2022-05-22,Lapinlahti Lamminkäyrä,,-1.0,-1.0
2022-05-22,Suonenjoki Iisvesi,,-1.0,-1.0
2022-05-22,Kuopio Karttula,,-1.0,-1.0
2022-05-22,Kuopio Ritoniemi,10.2,,
2022-05-22,Kuopio Savilahti,11.2,-1.0,-1.0
2022-05-22,Heinävesi Palokki,,0.0,-1.0
2022-05-22,Outokumpu Viuruniemi,,0.1,-1.0
2022-05-22,Rautavaara Ala-Luosta,,0.0,-1.0
2022-05-22,Rautavaara Ylä-Luosta,7.7,0.9,-1.0
2022-05-22,Liperi Joensuu lentoasema,7.4,,
2022-05-22,Juuka Niemelä,6.0,0.6,-1.0
2022-05-22,Joensuu Pyhäselkä,,0.0,-1.0
2022-05-22,Lieksa Koli,,1.1,-1.0
2022-05-22,Liperi Tuiskavanluoto,8.4,,
2022-05-22,Joensuu Linnunlahti,7.9,-1.0,-1.0
2022-05-22,Lieksa Lampela,5.9,0.5,-1.0
2022-05-22,Ilomantsi Pötsönvaara,5.2,-1.0,-1.0
2022-05-22,Ilomantsi Mekrijärvi,6.2,-1.0,-1.0
2022-05-22,Pietarsaari Kallan,9.2,,
2022-05-22,Kokkola Tankar,10.2,,
2022-05-22,Kruunupyy Kokkola-Pietarsaari lentoasema,11.3,,
2022-05-22,Kaustinen Tastula,,-1.0,-1.0
2022-05-22,Kalajoki Ulkokalla,5.4,,
2022-05-22,Kokkola Santahaka,11.3,-1.0,-1.0
2022-05-22,Toholampi Oravala,,-1.0,-1.0
2022-05-22,Kalajoki Pitkäsenkylä,,-1.0,-1.0
2022-05-22,Kalajoki Mehtäkylä,,-1.0,-1.0
2022-05-22,Toholampi Laitala,10.5,-1.0,-1.0
2022-05-22,Ylivieska lentokenttä,10.8,-1.0,-1.0
2022-05-22,Ylivieska Vähäkangas,,-1.0,-1.0
2022-05-22,Haapavesi Mustikkamäki,11.9,-1.0,-1.0
2022-05-22,Pyhäjärvi Ojakylä,10.5,-1.0,-1.0
2022-05-22,Pyhäjärvi Hiidenniemi,,-1.0,-1.0
2022-05-22,Kiuruvesi Korpijoki,,-1.0,-1.0
2022-05-22,Siikalatva Kestilä,,-1.0,-1.0
2022-05-22,Kajaani lentoasema,11.4,,
2022-05-22,Vieremä Kaarakkala,11.0,0.0,-1.0
2022-05-22,Kajaani Paltaniemi,,0.0,-1.0
2022-05-22,Nurmes Valtimo,7.7,0.6,-1.0
2022-05-22,Ristijärvi Mustavaara,,-1.0,-1.0
2022-05-22,Sotkamo Kuolaniemi,9.5,1.2,-1.0
2022-05-22,Nurmes Mujejärvi,,0.0,-1.0
2022-05-22,Kuhmo Apaja,,0.1,-1.0
2022-05-22,Kuhmo Kalliojoki,4.8,0.6,-1.0
2022-05-22,Raahe Nahkiainen,7.0,,
2022-05-22,Hailuoto Keskikylä,9.7,-1.0,-1.0
2022-05-22,Kemi I majakka,7.2,,
2022-05-22,Hailuoto Marjaniemi,5.9,,
2022-05-22,Raahe Lapaluoto satama,9.4,,
2022-05-22,Oulu lentoasema,12.8,,
2022-05-22,Siikajoki Ruukki,12.2,-1.0,-1.0
2022-05-22,Oulu Vihreäsaari satama,10.9,,
2022-05-22,Oulu Oulunsalo Pellonpää,12.2,-1.0,-1.0
2022-05-22,Vaala Pelso,11.8,-1.0,-1.0
2022-05-22,Pudasjärvi lentokenttä,11.7,0.6,-1.0
2022-05-22,Utajärvi Särkijärvi,,0.0,-1.0
2022-05-22,Pudasjärvi Jaurakkajärvi,,0.4,-1.0
2022-05-22,Suomussalmi Näljänkä,,0.9,-1.0
2022-05-22,Suomussalmi Pesiö,8.9,-1.0,-1.0
2022-05-22,Puolanka Kotila,,0.8,-1.0
2022-05-22,Puolanka Paljakka,8.6,0.8,-1.0
2022-05-22,Kemi Kemi-Tornio lentoasema,9.3,,
2022-05-22,Kemi Ajos,8.0,,
2022-05-22,Tornio Kaakkuri,10.4,-1.0,
2022-05-22,Ranua lentokenttä,10.2,1.4,-1.0
2022-05-22,Pudasjärvi Sarakylä,,0.7,-1.0
2022-05-22,Posio Raistakka,,2.2,0.0
2022-05-22,Taivalkoski Inkee,,0.4,-1.0
2022-05-22,Taivalkoski kirkonkylä,10.5,0.3,-1.0
2022-05-22,Kuusamo lentoasema,4.8,1.1,-1.0
2022-05-22,Kuusamo Kiutaköngäs,4.8,0.9,-1.0
2022-05-22,Kuusamo Rukatunturi,2.8,,
2022-05-22,Kuusamo Teeriranta,,1.9,-1.0
2022-05-22,Kuusamo Juuma,4.1,,
2022-05-22,Ylitornio Meltosjärvi,12.0,0.7,-1.0
2022-05-22,Kolari Kattilamaa,,-1.0,-1.0
2022-05-22,Pello kirkonkylä,12.4,0.7,-1.0
2022-05-22,Rovaniemi rautatieasema,12.5,,
2022-05-22,Sodankylä Tähtelä,10.3,1.2,-1.0
2022-05-22,Rovaniemi Apukka,11.8,0.8,-1.0
2022-05-22,Pelkosenniemi kirkonkylä,,1.0,-1.0
2022-05-22,Kemijärvi lentokenttä,9.9,-1.0,-1.0
2022-05-22,Savukoski kirkonkylä,7.2,-1.0,-1.0
2022-05-22,Salla Kelloselkä,,0.2,-1.0
2022-05-22,Pelkosenniemi Pyhätunturi,7.1,,
2022-05-22,Salla kirkonkylä,6.1,0.2,-1.0
2022-05-22,Salla Naruska,4.3,-1.0,-1.0
2022-05-22,Enontekiö Kaaresuvanto,,-1.0,-1.0
2022-05-22,Enontekiö lentoasema,9.3,,
2022-05-22,Kittilä Pulju,,-1.0,-1.0
2022-05-22,Muonio Laukukero,6.9,,
2022-05-22,Muonio Sammaltunturi,8.8,,
2022-05-22,Kittilä Matorova,10.5,,
2022-05-22,Kittilä lentoasema,11.9,,
2022-05-22,Kittilä Kenttärova,9.7,-1.0,49.0
2022-05-22,Kittilä Pakatti,11.7,-1.0,-1.0
2022-05-22,Kittilä Pokka,9.0,0.9,46.0
2022-05-22,Sodankylä Lokka,8.1,1.3,-1.0
2022-05-22,Sodankylä Vuotso,7.7,1.6,-1.0
2022-05-22,Inari Saariselkä matkailukeskus,7.0,-1.0,7.0
2022-05-22,Inari Saariselkä Kaunispää,5.5,,
2022-05-22,Inari Raja-Jooseppi Kontiojärvi,,-1.0,0.0
2022-05-22,Inari Raja-Jooseppi,5.3,,
2022-05-22,Salla Värriötunturi,2.4,2.0,0.0
2022-05-22,Enontekiö Kilpisjärvi kyläkeskus,5.7,-1.0,50.0
2022-05-22,Enontekiö Kilpisjärvi Saana,3.6,,
2022-05-22,Enontekiö Näkkälä,7.5,-1.0,20.0
2022-05-22,Inari Angeli Lintupuoliselkä,7.1,0.3,-1.0
2022-05-22,Inari Ivalo lentoasema,7.6,,
2022-05-22,Utsjoki Kevo,6.1,-1.0,-1.0
2022-05-22,Utsjoki Nuorgam,5.6,-1.0,-1.0
2022-05-22,Inari Väylä,6.0,,
2022-05-22,Inari kirkonkylä,,-1.0,-1.0
2022-05-22,Inari Kaamanen,6.5,-1.0,-1.0
2022-05-22,Inari Nellim,6.0,0.2,-1.0
2022-05-22,Inari Kirakkajärvi,5.1,-1.0,10.0
2022-05-22,Mäntsälä Hirvihaara,8.8,-1.0,-1.0
2022-05-22,Lahti Sopenkorpi,11.4,-1.0,-1.0
2022-05-22,Siuntio Sjundby,,-1.0,-1.0
2022-05-22,Sipoo Itätoukki,7.9,,
2022-05-22,Rauma Pyynpää,10.2,-1.0,-1.0
2022-05-22,Muonio Oustajärvi,11.0,-1.0,-1.0
2022-05-22,Pyhtää lentokenttä,9.3,-1.0,-1.0
2022-05-22,Sotkamo Tuhkakylä,10.3,-1.0,-1.0
2022-05-22,Tervola Loue,11.0,,
2022-05-22,Kajaani Petäisenniska,11.1,-1.0,-1.0
2022-05-22,Utsjoki Kevo Kevojärvi,5.6,,
2022-05-22,Inari Seitalaassa,2.2,,
2022-05-22,Ilmajoki Seinäjoki lentoasema,10.6,,
2022-05-22,Rovaniemi lentoasema AWOS,11.5,1.6,-1.0
2022-05-22,Jyväskylä lentoasema AWOS,10.6,-1.0,-1.0
2022-05-22,Puumala kirkonkylä,9.2,-1.0,-1.0
2022-05-22,Helsinki Vuosaari satama,8.4,,
2022-05-22,Maarianhamina Länsisatama,8.8,,
2022-05-22,Lumparland Långnäs satama,9.7,-1.0,-1.0
2022-05-22,Kittilä Lompolonvuoma,10.1,-1.0,
2022-05-22,Kuusamo Ruka Talvijärvi,5.0,,
2022-05-22,Espoo Nuuksio,9.7,-1.0,-1.0
2022-05-22,Mikkeli Lentoasema AWOS,9.9,-1.0,-1.0
2022-05-22,Espoo Tapiola,8.3,-1.0,-1.0
2022-05-23,Porvoo Kilpilahti satama,14.3,,
2022-05-23,Jomala Maarianhamina lentoasema,8.9,,
2022-05-23,Parainen Utö,9.8,-1.0,-1.0
2022-05-23,Lemland Nyhamn,9.7,,
2022-05-23,Jomala Jomalaby,9.7,-1.0,-1.0
2022-05-23,Hammarland Märket,8.9,,
2022-05-23,Kökar Bogskär,8.7,,
2022-05-23,Parainen Fagerholm,10.6,-1.0,
2022-05-23,Kumlinge kirkonkylä,11.1,,
2022-05-23,Hanko Russarö,9.6,-1.0,
2022-05-23,Kaarina Yltöinen,10.0,-1.0,-1.0
2022-05-23,Kemiönsaari Vänö,10.7,,
2022-05-23,Hanko Tulliniemi,10.4,,
2022-05-23,Turku Rajakari,10.1,,
2022-05-23,Turku Artukainen,11.8,-1.0,-1.0
2022-05-23,Kemiönsaari Kemiö,10.8,-1.0,-1.0
2022-05-23,Hanko Tvärminne,10.9,-1.0,-1.0
2022-05-23,Salo Kärkkä,11.7,-1.0,
2022-05-23,Lohja Leppäkorpi,,-1.0,-1.0
2022-05-23,Raasepori Jussarö,9.5,,
2022-05-23,Salo Kiikala lentokenttä,12.4,-1.0,-1.0
2022-05-23,Vantaa Helsinki-Vantaan lentoasema,13.9,-1.0,-1.0
2022-05-23,Inkoo Bågaskär,10.7,,
2022-05-23,Helsinki Kaisaniemi,13.8,-1.0,-1.0
2022-05-23,Lohja Porla,12.8,-1.0,-1.0
2022-05-23,Vihti Maasoja,12.0,,
2022-05-23,Helsinki Harmaja,9.8,,
2022-05-23,Kirkkonummi Mäkiluoto,9.1,,
2022-05-23,Helsinki Helsingin majakka,10.1,,
2022-05-23,Helsinki Kumpula,14.0,-1.0,-1.0
2022-05-23,Helsinki Malmi lentokenttä,13.3,,
2022-05-23,Porvoo Kalbådagrund,9.8,,
2022-05-23,Porvoo Emäsalo,11.0,,
2022-05-23,Porvoo Harabacka,14.6,-1.0,-1.0
2022-05-23,Kotka Rankki,11.9,-1.0,-1.0
2022-05-23,Loviisa Orrengrund,10.7,,
2022-05-23,Kotka Haapasaari,9.3,,
2022-05-23,Pori lentoasema,11.2,,
2022-05-23,Uusikaupunki Itätulli,,-1.0,-1.0
2022-05-23,Kustavi Isokari,10.8,-1.0,
2022-05-23,Rauma Kylmäpihlaja,10.9,,
2022-05-23,Pori rautatieasema,11.9,-1.0,-1.0
2022-05-23,Turku lentoasema,11.0,,
2022-05-23,Kokemäki Rausenkulma,,-1.0,-1.0
2022-05-23,Huittinen Sallila,,-1.0,-1.0
2022-05-23,Oripää Teinikivi,,-1.0,-1.0
2022-05-23,Pöytyä Yläne,,-1.0,-1.0
2022-05-23,Kokemäki Tulkkila,12.2,-1.0,-1.0
2022-05-23,Jokioinen Ilmala,12.6,-1.0,-1.0
2022-05-23,Nokia Tottijärvi,,-1.0,-1.0
2022-05-23,Pirkkala Tampere-Pirkkala lentoasema,12.6,,
2022-05-23,Tampere Härmälä,12.8,-1.0,-1.0
2022-05-23,Somero Salkola,12.4,-1.0,-1.0
2022-05-23,Hyvinkää Hyvinkäänkylä,13.0,-1.0,-1.0
2022-05-23,Vihti Hiiskula,,-1.0,-1.0
2022-05-23,Hämeenlinna Pirttikoski,,-1.0,-1.0
2022-05-23,Nurmijärvi Röykkä,13.4,-1.0,-1.0
2022-05-23,Hämeenlinna Katinen,13.7,-1.0,
2022-05-23,Hattula Lepaa,13.1,-1.0,-1.0
2022-05-23,Hämeenlinna Lammi Pappila,13.1,-1.0,-1.0
2022-05-23,Asikkala Pulkkilanharju,12.5,,
2022-05-23,Kouvola Utti lentoasema,15.2,-1.0,-1.0
2022-05-23,Kouvola Anjala,14.0,-1.0,-1.0
2022-05-23,Heinola Asemantaus,14.2,-1.0,-1.0
2022-05-23,Kouvola Voikoski,,-1.0,-1.0
2022-05-23,Virolahti Koivuniemi,11.9,0.0,-1.0
2022-05-23,Lappeenranta lentoasema,12.0,,
2022-05-23,Lappeenranta Konnunsuo,11.3,,
2022-05-23,Lappeenranta Lepola,12.9,-1.0,-1.0
2022-05-23,Ruokolahti Kotaniemi,,-1.0,-1.0
2022-05-23,Lappeenranta Hiekkapakka,10.1,,
2022-05-23,Parikkala Koitsanlahti,10.9,-1.0,-1.0
2022-05-23,Kaskinen Sälgrund,10.4,-1.0,
2022-05-23,Merikarvia Tuorila,,-1.0,-1.0
2022-05-23,Isojoki Kärjenkoski,,-1.0,-1.0
2022-05-23,Teuva Kauppilankylä,,-1.0,-1.0
2022-05-23,Pori Tahkoluoto satama,10.5,,
2022-05-23,Kristiinankaupunki Majakka,9.5,,
2022-05-23,Karvia Alkkia,11.4,-1.0,-1.0
2022-05-23,Kurikka Hirvijärvi,,-1.0,-1.0
2022-05-23,Kauhajoki Kuja-Kokko,10.9,-1.0,-1.0
2022-05-23,Kankaanpää Niinisalo lentokenttä,12.9,-1.0,-1.0
2022-05-23,Alavus Sulkavankylä,,-1.0,-1.0
2022-05-23,Virrat Äijänneva,12.2,,
2022-05-23,Tampere Siilinkari,13.5,,
2022-05-23,Jämsä Halli lentoasema,13.7,-1.0,-1.0
2022-05-23,Juupajoki Hyytiälä,12.4,-1.0,-1.0
2022-05-23,Sysmä Joutsjärvi,,-1.0,-1.0
2022-05-23,Jyväskylä Muuratjärvi,,-1.0,-1.0
2022-05-23,Luhanka Judinsalo,12.4,,
2022-05-23,Multia Pirttiperä,,-1.0,-1.0
2022-05-23,Joutsa Savenaho,12.3,-1.0,-1.0
2022-05-23,Kangasniemi kirkonkylä,,-1.0,-1.0
2022-05-23,Joutsa Pärnämäki,,-1.0,-1.0
2022-05-23,Mikkeli Pitkähiekka,,-1.0,-1.0
2022-05-23,Juva Partala,11.1,,
2022-05-23,Varkaus Kosulanniemi,11.4,-1.0,-1.0
2022-05-23,Savonlinna Laukansaari,,-1.0,-1.0
2022-05-23,Sulkava Halttula,,-1.0,-1.0
2022-05-23,Savonlinna lentoasema,11.1,,
2022-05-23,Rantasalmi Rukkasluoto,10.7,,
2022-05-23,Savonlinna Punkaharju Laukansaari,10.8,-1.0,-1.0
2022-05-23,Enonkoski Simanala,,-1.0,-1.0
2022-05-23,Savonlinna Savonranta,,-1.0,-1.0
2022-05-23,Rääkkylä kirkonkylä,,-1.0,-1.0
2022-05-23,Tohmajärvi Kemie,10.1,-1.0,-1.0
2022-05-23,Joensuu Huhtilampi,,-1.0,-1.0
2022-05-23,Vaasa lentoasema,11.2,,
2022-05-23,Mustasaari Valassaaret,10.4,,
2022-05-23,Närpiö Ylimarkku,,-1.0,-1.0
2022-05-23,Mustasaari Riimala,,-1.0,-1.0
2022-05-23,Kurikka Pyörni,,-1.0,-1.0
2022-05-23,Maalahti Strömmingsbådan,9.0,,
2022-05-23,Vaasa Klemettilä,12.1,-1.0,-1.0
2022-05-23,Seinäjoki Pelmaa,12.0,-1.0,-1.0
2022-05-23,Kauhava lentokenttä,11.6,-1.0,-1.0
2022-05-23,Ähtäri Inha,12.8,-1.0,-1.0
2022-05-23,Halsua Purola,11.1,-1.0,-1.0
2022-05-23,Alajärvi Möksy,11.2,-1.0,-1.0
2022-05-23,Multia Karhila,13.3,-1.0,-1.0
2022-05-23,Viitasaari Haapaniemi,14.0,-1.0,-1.0
2022-05-23,Äänekoski Kalaniemi,,-1.0,-1.0
2022-05-23,Vesanto kirkonkylä,12.9,-1.0,-1.0
2022-05-23,Pielavesi Venetmäki,,-1.0,-1.0
2022-05-23,Siilinjärvi Kuopio lentoasema,11.6,,
2022-05-23,Kuopio Maaninka,11.0,-1.0,-1.0
2022-05-23,Lapinlahti Lamminkäyrä,,-1.0,-1.0
2022-05-23,Suonenjoki Iisvesi,,-1.0,-1.0
2022-05-23,Kuopio Karttula,,-1.0,-1.0
2022-05-23,Kuopio Ritoniemi,11.4,,
2022-05-23,Kuopio Savilahti,12.1,-1.0,-1.0
2022-05-23,Heinävesi Palokki,,-1.0,-1.0
2022-05-23,Outokumpu Viuruniemi,,-1.0,-1.0
2022-05-23,Rautavaara Ala-Luosta,,-1.0,-1.0
2022-05-23,Rautavaara Ylä-Luosta,10.0,-1.0,-1.0
2022-05-23,Liperi Joensuu lentoasema,10.3,,
2022-05-23,Juuka Niemelä,8.8,1.7,-1.0
2022-05-23,Joensuu Pyhäselkä,,-1.0,-1.0
2022-05-23,Lieksa Koli,,-1.0,-1.0
2022-05-23,Liperi Tuiskavanluoto,10.3,,
2022-05-23,Joensuu Linnunlahti,10.8,-1.0,-1.0
2022-05-23,Lieksa Lampela,9.6,-1.0,-1.0
2022-05-23,Ilomantsi Pötsönvaara,8.3,-1.0,-1.0
2022-05-23,Ilomantsi Mekrijärvi,9.0,-1.0,-1.0
2022-05-23,Pietarsaari Kallan,9.5,,
2022-05-23,Kokkola Tankar,10.4,,
2022-05-23,Kruunupyy Kokkola-Pietarsaari lentoasema,10.9,,
2022-05-23,Kaustinen Tastula,,-1.0,-1.0
2022-05-23,Kalajoki Ulkokalla,5.5,,
2022-05-23,Kokkola Santahaka,10.8,-1.0,-1.0
2022-05-23,Toholampi Oravala,,-1.0,-1.0
2022-05-23,Kalajoki Pitkäsenkylä,,-1.0,-1.0
2022-05-23,Kalajoki Mehtäkylä,,-1.0,-1.0
2022-05-23,Toholampi Laitala,11.0,-1.0,-1.0
2022-05-23,Ylivieska lentokenttä,10.8,-1.0,-1.0
2022-05-23,Ylivieska Vähäkangas,,-1.0,-1.0
2022-05-23,Haapavesi Mustikkamäki,12.2,-1.0,-1.0
2022-05-23,Pyhäjärvi Ojakylä,12.0,-1.0,-1.0
2022-05-23,Pyhäjärvi Hiidenniemi,,-1.0,-1.0
2022-05-23,Kiuruvesi Korpijoki,,-1.0,-1.0
2022-05-23,Siikalatva Kestilä,,-1.0,-1.0
2022-05-23,Kajaani lentoasema,11.1,,
2022-05-23,Vieremä Kaarakkala,11.9,-1.0,-1.0
2022-05-23,Kajaani Paltaniemi,,-1.0,-1.0
2022-05-23,Nurmes Valtimo,10.0,-1.0,-1.0
2022-05-23,Ristijärvi Mustavaara,,-1.0,-1.0
2022-05-23,Sotkamo Kuolaniemi,9.7,-1.0,-1.0
2022-05-23,Nurmes Mujejärvi,,-1.0,-1.0
2022-05-23,Kuhmo Apaja,,0.0,-1.0
2022-05-23,Kuhmo Kalliojoki,7.3,-1.0,-1.0
2022-05-23,Raahe Nahkiainen,7.1,,
2022-05-23,Hailuoto Keskikylä,8.8,-1.0,-1.0
2022-05-23,Kemi I majakka,5.4,,
2022-05-23,Hailuoto Marjaniemi,6.7,,
2022-05-23,Raahe Lapaluoto satama,9.2,,
2022-05-23,Oulu lentoasema,11.1,,
2022-05-23,Siikajoki Ruukki,10.8,-1.0,-1.0
2022-05-23,Oulu Vihreäsaari satama,9.7,,
2022-05-23,Oulu Oulunsalo Pellonpää,9.9,-1.0,-1.0
2022-05-23,Vaala Pelso,11.2,-1.0,-1.0
2022-05-23,Pudasjärvi lentokenttä,11.4,-1.0,-1.0
2022-05-23,Utajärvi Särkijärvi,,0.0,-1.0
2022-05-23,Pudasjärvi Jaurakkajärvi,,-1.0,-1.0
2022-05-23,Suomussalmi Näljänkä,,-1.0,-1.0
2022-05-23,Suomussalmi Pesiö,9.3,-1.0,-1.0
2022-05-23,Puolanka Kotila,,-1.0,-1.0
2022-05-23,Puolanka Paljakka,8.7,-1.0,-1.0
2022-05-23,Kemi Kemi-Tornio lentoasema,9.3,,
2022-05-23,Kemi Ajos,7.7,,
2022-05-23,Tornio Kaakkuri,9.0,-1.0,
2022-05-23,Ranua lentokenttä,11.1,-1.0,-1.0
2022-05-23,Pudasjärvi Sarakylä,,-1.0,-1.0
2022-05-23,Posio Raistakka,,-1.0,0.0
2022-05-23,Taivalkoski Inkee,,0.0,-1.0
2022-05-23,Taivalkoski kirkonkylä,10.4,-1.0,-1.0
2022-05-23,Kuusamo lentoasema,7.9,-1.0,-1.0
2022-05-23,Kuusamo Kiutaköngäs,8.1,-1.0,-1.0
2022-05-23,Kuusamo Rukatunturi,5.6,,
2022-05-23,Kuusamo Teeriranta,,-1.0,-1.0
2022-05-23,Kuusamo Juuma,7.4,,
2022-05-23,Ylitornio Meltosjärvi,11.8,-1.0,-1.0
2022-05-23,Kolari Kattilamaa,,1.4,-1.0
2022-05-23,Pello kirkonkylä,11.9,2.1,-1.0
2022-05-23,Rovaniemi rautatieasema,11.3,,
2022-05-23,Sodankylä Tähtelä,9.1,-1.0,-1.0
2022-05-23,Rovaniemi Apukka,9.9,-1.0,-1.0
2022-05-23,Pelkosenniemi kirkonkylä,,-1.0,-1.0
2022-05-23,Kemijärvi lentokenttä,9.2,-1.0,-1.0
2022-05-23,Savukoski kirkonkylä,9.0,-1.0,-1.0
2022-05-23,Salla Kelloselkä,,-1.0,-1.0
2022-05-23,Pelkosenniemi Pyhätunturi,7.2,,
2022-05-23,Salla kirkonkylä,9.1,-1.0,-1.0
2022-05-23,Salla Naruska,7.7,-1.0,-1.0
2022-05-23,Enontekiö Kaaresuvanto,,-1.0,-1.0
2022-05-23,Enontekiö lentoasema,9.1,,
2022-05-23,Kittilä Pulju,,-1.0,-1.0
2022-05-23,Muonio Laukukero,4.9,,
2022-05-23,Muonio Sammaltunturi,6.5,,
2022-05-23,Kittilä Matorova,8.1,,
2022-05-23,Kittilä lentoasema,10.0,,
2022-05-23,Kittilä Kenttärova,7.4,-1.0,43.0
2022-05-23,Kittilä Pakatti,10.1,-1.0,-1.0
2022-05-23,Kittilä Pokka,7.6,-1.0,40.0
2022-05-23,Sodankylä Lokka,7.2,-1.0,-1.0
2022-05-23,Sodankylä Vuotso,7.2,-1.0,-1.0
2022-05-23,Inari Saariselkä matkailukeskus,7.0,-1.0,-1.0
2022-05-23,Inari Saariselkä Kaunispää,6.4,,
2022-05-23,Inari Raja-Jooseppi Kontiojärvi,,-1.0,0.0
2022-05-23,Inari Raja-Jooseppi,7.4,,
2022-05-23,Salla Värriötunturi,6.6,-1.0,-1.0
2022-05-23,Enontekiö Kilpisjärvi kyläkeskus,5.7,-1.0,45.0
2022-05-23,Enontekiö Kilpisjärvi Saana,3.3,,
2022-05-23,Enontekiö Näkkälä,7.7,-1.0,11.0
2022-05-23,Inari Angeli Lintupuoliselkä,8.2,-1.0,-1.0
2022-05-23,Inari Ivalo lentoasema,8.1,,
2022-05-23,Utsjoki Kevo,7.8,-1.0,-1.0
2022-05-23,Utsjoki Nuorgam,7.2,-1.0,-1.0
2022-05-23,Inari Väylä,7.1,,
2022-05-23,Inari kirkonkylä,,-1.0,-1.0
2022-05-23,Inari Kaamanen,7.7,-1.0,-1.0
2022-05-23,Inari Nellim,7.1,-1.0,-1.0
2022-05-23,Inari Kirakkajärvi,5.8,-1.0,5.0
2022-05-23,Mäntsälä Hirvihaara,12.5,-1.0,-1.0
2022-05-23,Lahti Sopenkorpi,14.9,-1.0,-1.0
2022-05-23,Siuntio Sjundby,,-1.0,-1.0
2022-05-23,Sipoo Itätoukki,8.9,,
2022-05-23,Rauma Pyynpää,10.9,-1.0,-1.0
2022-05-23,Muonio Oustajärvi,8.1,1.4,-1.0
2022-05-23,Pyhtää lentokenttä,13.9,-1.0,-1.0
2022-05-23,Sotkamo Tuhkakylä,10.7,-1.0,-1.0
2022-05-23,Tervola Loue,11.2,,
2022-05-23,Kajaani Petäisenniska,10.9,-1.0,-1.0
2022-05-23,Utsjoki Kevo Kevojärvi,6.7,,
2022-05-23,Inari Seitalaassa,2.3,,
2022-05-23,Ilmajoki Seinäjoki lentoasema,11.4,,
2022-05-23,Rovaniemi lentoasema AWOS,9.8,-1.0,-1.0
2022-05-23,Jyväskylä lentoasema AWOS,13.3,-1.0,-1.0
2022-05-23,Puumala kirkonkylä,11.4,-1.0,-1.0
2022-05-23,Helsinki Vuosaari satama,12.9,,
2022-05-23,Maarianhamina Länsisatama,9.4,,
2022-05-23,Lumparland Långnäs satama,10.4,-1.0,-1.0
2022-05-23,Kittilä Lompolonvuoma,7.5,-1.0,
2022-05-23,Kuusamo Ruka Talvijärvi,7.9,,
2022-05-23,Espoo Nuuksio,12.7,-1.0,-1.0
2022-05-23,Mikkeli Lentoasema AWOS,12.4,-1.0,-1.0
2022-05-23,Espoo Tapiola,13.8,-1.0,-1.0
2022-05-24,Porvoo Kilpilahti satama,11.5,,
2022-05-24,Jomala Maarianhamina lentoasema,11.9,,
2022-05-24,Parainen Utö,10.5,-1.0,-1.0
2022-05-24,Lemland Nyhamn,10.6,,
2022-05-24,Jomala Jomalaby,11.5,-1.0,-1.0
2022-05-24,Hammarland Märket,9.3,,
2022-05-24,Kökar Bogskär,9.8,,
2022-05-24,Parainen Fagerholm,12.0,-1.0,
2022-05-24,Kumlinge kirkonkylä,12.2,,
2022-05-24,Hanko Russarö,10.6,-1.0,
2022-05-24,Kaarina Yltöinen,12.0,-1.0,-1.0
2022-05-24,Kemiönsaari Vänö,12.3,,
2022-05-24,Hanko Tulliniemi,11.5,,
2022-05-24,Turku Rajakari,11.8,,
2022-05-24,Turku Artukainen,13.6,-1.0,-1.0
2022-05-24,Kemiönsaari Kemiö,12.8,-1.0,-1.0
2022-05-24,Hanko Tvärminne,11.6,-1.0,-1.0
2022-05-24,Salo Kärkkä,13.1,-1.0,
2022-05-24,Lohja Leppäkorpi,,-1.0,-1.0
2022-05-24,Raasepori Jussarö,12.0,,
2022-05-24,Salo Kiikala lentokenttä,13.4,-1.0,-1.0
2022-05-24,Vantaa Helsinki-Vantaan lentoasema,14.3,-1.0,-1.0
2022-05-24,Inkoo Bågaskär,12.7,,
2022-05-24,Helsinki Kaisaniemi,14.2,-1.0,-1.0
2022-05-24,Lohja Porla,13.9,-1.0,-1.0
2022-05-24,Vihti Maasoja,12.6,,
2022-05-24,Helsinki Harmaja,10.8,,
2022-05-24,Kirkkonummi Mäkiluoto,12.1,,
2022-05-24,Helsinki Helsingin majakka,12.6,,
2022-05-24,Helsinki Kumpula,15.2,-1.0,-1.0
2022-05-24,Helsinki Malmi lentokenttä,13.8,,
2022-05-24,Porvoo Kalbådagrund,12.5,,
2022-05-24,Porvoo Emäsalo,11.4,,
2022-05-24,Porvoo Harabacka,14.6,-1.0,-1.0
2022-05-24,Kotka Rankki,11.9,-1.0,-1.0
2022-05-24,Loviisa Orrengrund,11.3,,
2022-05-24,Kotka Haapasaari,11.0,,
2022-05-24,Pori lentoasema,13.1,,
2022-05-24,Uusikaupunki Itätulli,,-1.0,-1.0
2022-05-24,Kustavi Isokari,11.6,-1.0,
2022-05-24,Rauma Kylmäpihlaja,12.1,,
2022-05-24,Pori rautatieasema,13.6,-1.0,-1.0
2022-05-24,Turku lentoasema,12.0,,
2022-05-24,Kokemäki Rausenkulma,,-1.0,-1.0
2022-05-24,Huittinen Sallila,,-1.0,-1.0
2022-05-24,Oripää Teinikivi,,-1.0,-1.0
2022-05-24,Pöytyä Yläne,,-1.0,-1.0
2022-05-24,Kokemäki Tulkkila,13.4,-1.0,-1.0
2022-05-24,Jokioinen Ilmala,13.4,-1.0,-1.0
2022-05-24,Nokia Tottijärvi,,-1.0,-1.0
2022-05-24,Pirkkala Tampere-Pirkkala lentoasema,13.7,,
2022-05-24,Tampere Härmälä,14.0,-1.0,-1.0
2022-05-24,Somero Salkola,14.0,-1.0,-1.0
2022-05-24,Hyvinkää Hyvinkäänkylä,14.2,-1.0,-1.0
2022-05-24,Vihti Hiiskula,,-1.0,-1.0
2022-05-24,Hämeenlinna Pirttikoski,,-1.0,-1.0
2022-05-24,Nurmijärvi Röykkä,14.8,-1.0,-1.0
2022-05-24,Hämeenlinna Katinen,15.0,-1.0,
2022-05-24,Hattula Lepaa,14.3,-1.0,-1.0
2022-05-24,Hämeenlinna Lammi Pappila,14.8,-1.0,-1.0
2022-05-24,Asikkala Pulkkilanharju,15.1,,
2022-05-24,Kouvola Utti lentoasema,15.6,-1.0,-1.0
2022-05-24,Kouvola Anjala,14.2,-1.0,-1.0
2022-05-24,Heinola Asemantaus,16.0,-1.0,-1.0
2022-05-24,Kouvola Voikoski,,-1.0,-1.0
2022-05-24,Virolahti Koivuniemi,11.7,-1.0,-1.0
2022-05-24,Lappeenranta lentoasema,13.0,,
2022-05-24,Lappeenranta Konnunsuo,11.3,,
2022-05-24,Lappeenranta Lepola,14.0,-1.0,-1.0
2022-05-24,Ruokolahti Kotaniemi,,-1.0,-1.0
2022-05-24,Lappeenranta Hiekkapakka,11.4,,
2022-05-24,Parikkala Koitsanlahti,10.5,-1.0,-1.0
2022-05-24,Kaskinen Sälgrund,12.2,-1.0,
2022-05-24,Merikarvia Tuorila,,-1.0,-1.0
2022-05-24,Isojoki Kärjenkoski,,-1.0,-1.0
2022-05-24,Teuva Kauppilankylä,,-1.0,-1.0
2022-05-24,Pori Tahkoluoto satama,12.1,,
2022-05-24,Kristiinankaupunki Majakka,10.7,,
2022-05-24,Karvia Alkkia,12.3,-1.0,-1.0
2022-05-24,Kurikka Hirvijärvi,,-1.0,-1.0
2022-05-24,Kauhajoki Kuja-Kokko,12.5,-1.0,-1.0
2022-05-24,Kankaanpää Niinisalo lentokenttä,13.7,-1.0,-1.0
2022-05-24,Alavus Sulkavankylä,,-1.0,-1.0
2022-05-24,Virrat Äijänneva,13.0,,
2022-05-24,Tampere Siilinkari,14.7,,
2022-05-24,Jämsä Halli lentoasema,15.6,-1.0,-1.0
2022-05-24,Juupajoki Hyytiälä,14.3,-1.0,-1.0
2022-05-24,Sysmä Joutsjärvi,,-1.0,-1.0
2022-05-24,Jyväskylä Muuratjärvi,,-1.0,-1.0
2022-05-24,Luhanka Judinsalo,14.4,,
2022-05-24,Multia Pirttiperä,,-1.0,-1.0
2022-05-24,Joutsa Savenaho,13.9,-1.0,-1.0
2022-05-24,Kangasniemi kirkonkylä,,-1.0,-1.0
2022-05-24,Joutsa Pärnämäki,,-1.0,-1.0
2022-05-24,Mikkeli Pitkähiekka,,-1.0,-1.0
2022-05-24,Juva Partala,12.0,,
2022-05-24,Varkaus Kosulanniemi,12.8,-1.0,-1.0
2022-05-24,Savonlinna Laukansaari,,-1.0,-1.0
2022-05-24,Sulkava Halttula,,-1.0,-1.0
2022-05-24,Savonlinna lentoasema,11.7,,
2022-05-24,Rantasalmi Rukkasluoto,13.1,,
2022-05-24,Savonlinna Punkaharju Laukansaari,10.3,-1.0,-1.0
2022-05-24,Enonkoski Simanala,,-1.0,-1.0
2022-05-24,Savonlinna Savonranta,,-1.0,-1.0
2022-05-24,Rääkkylä kirkonkylä,,-1.0,-1.0
2022-05-24,Tohmajärvi Kemie,9.3,-1.0,-1.0
2022-05-24,Joensuu Huhtilampi,,-1.0,-1.0
2022-05-24,Vaasa lentoasema,12.1,,
2022-05-24,Mustasaari Valassaaret,11.2,,
2022-05-24,Närpiö Ylimarkku,,-1.0,-1.0
2022-05-24,Mustasaari Riimala,,-1.0,-1.0
2022-05-24,Kurikka Pyörni,,-1.0,-1.0
2022-05-24,Maalahti Strömmingsbådan,10.1,,
2022-05-24,Vaasa Klemettilä,12.4,-1.0,-1.0
2022-05-24,Seinäjoki Pelmaa,13.2,-1.0,-1.0
2022-05-24,Kauhava lentokenttä,13.3,-1.0,-1.0
2022-05-24,Ähtäri Inha,14.3,-1.0,
2022-05-24,Halsua Purola,13.3,-1.0,-1.0
2022-05-24,Alajärvi Möksy,12.8,-1.0,-1.0
2022-05-24,Multia Karhila,14.7,-1.0,-1.0
2022-05-24,Viitasaari Haapaniemi,15.0,-1.0,-1.0
2022-05-24,Äänekoski Kalaniemi,,-1.0,-1.0
2022-05-24,Vesanto kirkonkylä,13.7,-1.0,-1.0
2022-05-24,Pielavesi Venetmäki,,-1.0,-1.0
2022-05-24,Siilinjärvi Kuopio lentoasema,13.3,,
2022-05-24,Kuopio Maaninka,13.6,-1.0,-1.0
2022-05-24,Lapinlahti Lamminkäyrä,,-1.0,-1.0
2022-05-24,Suonenjoki Iisvesi,,-1.0,-1.0
2022-05-24,Kuopio Karttula,,-1.0,-1.0
2022-05-24,Kuopio Ritoniemi,13.2,,
2022-05-24,Kuopio Savilahti,14.2,-1.0,-1.0
2022-05-24,Heinävesi Palokki,,-1.0,-1.0
2022-05-24,Outokumpu Viuruniemi,,-1.0,-1.0
2022-05-24,Rautavaara Ala-Luosta,,-1.0,-1.0
2022-05-24,Rautavaara Ylä-Luosta,11.5,-1.0,-1.0
2022-05-24,Liperi Joensuu lentoasema,10.6,,
2022-05-24,Juuka Niemelä,9.5,-1.0,-1.0
2022-05-24,Joensuu Pyhäselkä,,-1.0,-1.0
2022-05-24,Lieksa Koli,,-1.0,-1.0
2022-05-24,Liperi Tuiskavanluoto,11.8,,
2022-05-24,Joensuu Linnunlahti,10.7,-1.0,-1.0
2022-05-24,Lieksa Lampela,10.0,-1.0,-1.0
2022-05-24,Ilomantsi Pötsönvaara,8.7,-1.0,-1.0
2022-05-24,Ilomantsi Mekrijärvi,9.3,-1.0,-1.0
2022-05-24,Pietarsaari Kallan,10.5,,
2022-05-24,Kokkola Tankar,9.8,,
2022-05-24,Kruunupyy Kokkola-Pietarsaari lentoasema,11.6,,
2022-05-24,Kaustinen Tastula,,-1.0,-1.0
2022-05-24,Kalajoki Ulkokalla,7.6,,
2022-05-24,Kokkola Santahaka,10.8,-1.0,-1.0
2022-05-24,Toholampi Oravala,,-1.0,-1.0
2022-05-24,Kalajoki Pitkäsenkylä,,-1.0,-1.0
2022-05-24,Kalajoki Mehtäkylä,,-1.0,-1.0
2022-05-24,Toholampi Laitala,12.6,-1.0,-1.0
2022-05-24,Ylivieska lentokenttä,12.8,-1.0,-1.0
2022-05-24,Ylivieska Vähäkangas,,-1.0,-1.0
2022-05-24,Haapavesi Mustikkamäki,14.5,-1.0,-1.0
2022-05-24,Pyhäjärvi Ojakylä,14.2,-1.0,-1.0
2022-05-24,Pyhäjärvi Hiidenniemi,,-1.0,-1.0
2022-05-24,Kiuruvesi Korpijoki,,-1.0,-1.0
2022-05-24,Siikalatva Kestilä,,-1.0,-1.0
2022-05-24,Kajaani lentoasema,12.7,,
2022-05-24,Vieremä Kaarakkala,13.3,-1.0,-1.0
2022-05-24,Kajaani Paltaniemi,,-1.0,-1.0
2022-05-24,Nurmes Valtimo,11.5,-1.0,-1.0
2022-05-24,Ristijärvi Mustavaara,,-1.0,-1.0
2022-05-24,Sotkamo Kuolaniemi,11.5,-1.0,-1.0
2022-05-24,Nurmes Mujejärvi,,-1.0,-1.0
2022-05-24,Kuhmo Apaja,,-1.0,-1.0
2022-05-24,Kuhmo Kalliojoki,8.7,-1.0,-1.0
2022-05-24,Raahe Nahkiainen,9.6,,
2022-05-24,Hailuoto Keskikylä,12.1,-1.0,-1.0
2022-05-24,Kemi I majakka,9.2,,
2022-05-24,Hailuoto Marjaniemi,10.3,,
2022-05-24,Raahe Lapaluoto satama,9.5,,
2022-05-24,Oulu lentoasema,14.7,,
2022-05-24,Siikajoki Ruukki,13.8,-1.0,-1.0
2022-05-24,Oulu Vihreäsaari satama,14.8,,
2022-05-24,Oulu Oulunsalo Pellonpää,14.1,-1.0,-1.0
2022-05-24,Vaala Pelso,13.0,-1.0,-1.0
2022-05-24,Pudasjärvi lentokenttä,14.2,-1.0,-1.0
2022-05-24,Utajärvi Särkijärvi,,-1.0,-1.0
2022-05-24,Pudasjärvi Jaurakkajärvi,,-1.0,-1.0
2022-05-24,Suomussalmi Näljänkä,,-1.0,-1.0
2022-05-24,Suomussalmi Pesiö,10.5,-1.0,-1.0
2022-05-24,Puolanka Kotila,,-1.0,-1.0
2022-05-24,Puolanka Paljakka,10.6,-1.0,-1.0
2022-05-24,Kemi Kemi-Tornio lentoasema,12.7,,
2022-05-24,Kemi Ajos,12.1,,
2022-05-24,Tornio Kaakkuri,12.8,-1.0,
2022-05-24,Ranua lentokenttä,13.8,-1.0,-1.0
2022-05-24,Pudasjärvi Sarakylä,,-1.0,-1.0
2022-05-24,Posio Raistakka,,-1.0,-1.0
2022-05-24,Taivalkoski Inkee,,-1.0,-1.0
2022-05-24,Taivalkoski kirkonkylä,11.8,-1.0,-1.0
2022-05-24,Kuusamo lentoasema,9.6,-1.0,-1.0
2022-05-24,Kuusamo Kiutaköngäs,10.0,-1.0,-1.0
2022-05-24,Kuusamo Rukatunturi,9.6,,
2022-05-24,Kuusamo Teeriranta,,-1.0,-1.0
2022-05-24,Kuusamo Juuma,9.4,,
2022-05-24,Ylitornio Meltosjärvi,13.4,-1.0,-1.0
2022-05-24,Kolari Kattilamaa,,-1.0,-1.0
2022-05-24,Pello kirkonkylä,13.5,-1.0,-1.0
2022-05-24,Rovaniemi rautatieasema,14.3,,
2022-05-24,Sodankylä Tähtelä,13.7,-1.0,-1.0
2022-05-24,Rovaniemi Apukka,12.2,-1.0,-1.0
2022-05-24,Pelkosenniemi kirkonkylä,,-1.0,-1.0
2022-05-24,Kemijärvi lentokenttä,13.5,-1.0,-1.0
2022-05-24,Savukoski kirkonkylä,13.1,-1.0,-1.0
2022-05-24,Salla Kelloselkä,,-1.0,-1.0
2022-05-24,Pelkosenniemi Pyhätunturi,11.6,,
2022-05-24,Salla kirkonkylä,12.5,-1.0,-1.0
2022-05-24,Salla Naruska,10.3,-1.0,-1.0
2022-05-24,Enontekiö Kaaresuvanto,,-1.0,-1.0
2022-05-24,Enontekiö lentoasema,12.3,,
2022-05-24,Kittilä Pulju,,-1.0,-1.0
2022-05-24,Muonio Laukukero,8.8,,
2022-05-24,Muonio Sammaltunturi,10.6,,
2022-05-24,Kittilä Matorova,12.5,,
2022-05-24,Kittilä lentoasema,12.9,,
2022-05-24,Kittilä Kenttärova,11.6,-1.0,37.0
2022-05-24,Kittilä Pakatti,13.0,-1.0,-1.0
2022-05-24,Kittilä Pokka,12.4,-1.0,34.0
2022-05-24,Sodankylä Lokka,13.5,-1.0,-1.0
2022-05-24,Sodankylä Vuotso,12.5,-1.0,-1.0
2022-05-24,Inari Saariselkä matkailukeskus,12.2,-1.0,-1.0
2022-05-24,Inari Saariselkä Kaunispää,10.6,,
2022-05-24,Inari Raja-Jooseppi Kontiojärvi,,-1.0,0.0
2022-05-24,Inari Raja-Jooseppi,13.0,,
2022-05-24,Salla Värriötunturi,10.9,-1.0,-1.0
2022-05-24,Enontekiö Kilpisjärvi kyläkeskus,9.3,-1.0,38.0
2022-05-24,Enontekiö Kilpisjärvi Saana,5.1,,
2022-05-24,Enontekiö Näkkälä,11.4,-1.0,-1.0
2022-05-24,Inari Angeli Lintupuoliselkä,12.8,-1.0,-1.0
2022-05-24,Inari Ivalo lentoasema,13.9,,
2022-05-24,Utsjoki Kevo,12.7,-1.0,-1.0
2022-05-24,Utsjoki Nuorgam,10.7,-1.0,-1.0
2022-05-24,Inari Väylä,11.3,,
2022-05-24,Inari kirkonkylä,,-1.0,-1.0
2022-05-24,Inari Kaamanen,12.4,-1.0,-1.0
2022-05-24,Inari Nellim,13.6,-1.0,-1.0
2022-05-24,Inari Kirakkajärvi,10.7,-1.0,-1.0
2022-05-24,Mäntsälä Hirvihaara,13.5,-1.0,-1.0
2022-05-24,Lahti Sopenkorpi,15.8,-1.0,-1.0
2022-05-24,Siuntio Sjundby,,-1.0,-1.0
2022-05-24,Sipoo Itätoukki,9.9,,
2022-05-24,Rauma Pyynpää,13.0,-1.0,-1.0
2022-05-24,Muonio Oustajärvi,12.0,-1.0,-1.0
2022-05-24,Pyhtää lentokenttä,13.4,-1.0,-1.0
2022-05-24,Sotkamo Tuhkakylä,12.2,-1.0,-1.0
2022-05-24,Tervola Loue,13.1,,
2022-05-24,Kajaani Petäisenniska,12.4,-1.0,-1.0
2022-05-24,Utsjoki Kevo Kevojärvi,10.8,,
2022-05-24,Inari Seitalaassa,7.1,,
2022-05-24,Ilmajoki Seinäjoki lentoasema,12.8,,
2022-05-24,Rovaniemi lentoasema AWOS,13.3,-1.0,-1.0
2022-05-24,Jyväskylä lentoasema AWOS,14.8,-1.0,-1.0
2022-05-24,Puumala kirkonkylä,12.4,-1.0,-1.0
2022-05-24,Helsinki Vuosaari satama,11.3,,
2022-05-24,Maarianhamina Länsisatama,11.7,,
2022-05-24,Lumparland Långnäs satama,11.8,0.3,-1.0
2022-05-24,Kittilä Lompolonvuoma,10.6,-1.0,
2022-05-24,Kuusamo Ruka Talvijärvi,11.2,,
2022-05-24,Espoo Nuuksio,14.6,-1.0,-1.0
2022-05-24,Mikkeli Lentoasema AWOS,13.2,-1.0,-1.0
2022-05-24,Espoo Tapiola,13.5,-1.0,-1.0
2022-05-25,Porvoo Kilpilahti satama,13.0,,
2022-05-25,Jomala Maarianhamina lentoasema,11.2,,
2022-05-25,Parainen Utö,9.3,0.8,-1.0
2022-05-25,Lemland Nyhamn,9.8,,
2022-05-25,Jomala Jomalaby,12.1,-1.0,-1.0
2022-05-25,Hammarland Märket,9.5,,
2022-05-25,Kökar Bogskär,9.4,,
2022-05-25,Parainen Fagerholm,10.5,-1.0,
2022-05-25,Kumlinge kirkonkylä,10.9,,
2022-05-25,Hanko Russarö,10.3,0.1,
2022-05-25,Kaarina Yltöinen,13.3,-1.0,-1.0
2022-05-25,Kemiönsaari Vänö,10.6,,
2022-05-25,Hanko Tulliniemi,10.4,,
2022-05-25,Turku Rajakari,12.0,,
2022-05-25,Turku Artukainen,13.7,0.8,-1.0
2022-05-25,Kemiönsaari Kemiö,13.5,-1.0,-1.0
2022-05-25,Hanko Tvärminne,11.8,0.1,-1.0
2022-05-25,Salo Kärkkä,15.3,-1.0,
2022-05-25,Lohja Leppäkorpi,,0.4,-1.0
2022-05-25,Raasepori Jussarö,10.4,,
2022-05-25,Salo Kiikala lentokenttä,15.1,0.6,-1.0
2022-05-25,Vantaa Helsinki-Vantaan lentoasema,14.4,11.0,-1.0
2022-05-25,Inkoo Bågaskär,11.7,,
2022-05-25,Helsinki Kaisaniemi,13.6,8.4,-1.0
2022-05-25,Lohja Porla,15.2,1.4,-1.0
2022-05-25,Vihti Maasoja,14.3,,
2022-05-25,Helsinki Harmaja,10.0,,
2022-05-25,Kirkkonummi Mäkiluoto,11.4,,
2022-05-25,Helsinki Helsingin majakka,12.0,,
2022-05-25,Helsinki Kumpula,14.1,10.5,-1.0
2022-05-25,Helsinki Malmi lentokenttä,13.8,,
2022-05-25,Porvoo Kalbådagrund,11.4,,
2022-05-25,Porvoo Emäsalo,11.7,,
2022-05-25,Porvoo Harabacka,14.2,9.9,-1.0
2022-05-25,Kotka Rankki,10.7,0.5,-1.0
2022-05-25,Loviisa Orrengrund,11.0,,
2022-05-25,Kotka Haapasaari,11.8,,
2022-05-25,Pori lentoasema,14.6,,
2022-05-25,Uusikaupunki Itätulli,,-1.0,-1.0
2022-05-25,Kustavi Isokari,10.8,-1.0,
2022-05-25,Rauma Kylmäpihlaja,13.3,,
2022-05-25,Pori rautatieasema,15.1,-1.0,-1.0
2022-05-25,Turku lentoasema,13.6,,
2022-05-25,Kokemäki Rausenkulma,,0.4,-1.0
2022-05-25,Huittinen Sallila,,0.0,-1.0
2022-05-25,Oripää Teinikivi,,-1.0,-1.0
2022-05-25,Pöytyä Yläne,,0.4,-1.0
2022-05-25,Kokemäki Tulkkila,14.5,0.7,-1.0
2022-05-25,Jokioinen Ilmala,15.4,0.1,-1.0
2022-05-25,Nokia Tottijärvi,,1.0,-1.0
2022-05-25,Pirkkala Tampere-Pirkkala lentoasema,15.8,,
2022-05-25,Tampere Härmälä,16.1,1.2,-1.0
2022-05-25,Somero Salkola,15.1,0.6,-1.0
2022-05-25,Hyvinkää Hyvinkäänkylä,15.2,4.9,-1.0
2022-05-25,Vihti Hiiskula,,2.2,-1.0
2022-05-25,Hämeenlinna Pirttikoski,,0.5,-1.0
2022-05-25,Nurmijärvi Röykkä,15.8,3.5,-1.0
2022-05-25,Hämeenlinna Katinen,16.0,2.3,
2022-05-25,Hattula Lepaa,15.3,1.8,-1.0
2022-05-25,Hämeenlinna Lammi Pappila,15.1,3.3,-1.0
2022-05-25,Asikkala Pulkkilanharju,14.4,,
2022-05-25,Kouvola Utti lentoasema,15.1,-1.0,-1.0
2022-05-25,Kouvola Anjala,14.3,0.6,-1.0
2022-05-25,Heinola Asemantaus,16.7,0.4,-1.0
2022-05-25,Kouvola Voikoski,,-1.0,-1.0
2022-05-25,Virolahti Koivuniemi,11.7,0.0,-1.0
2022-05-25,Lappeenranta lentoasema,14.0,,
2022-05-25,Lappeenranta Konnunsuo,12.5,,
2022-05-25,Lappeenranta Lepola,13.6,-1.0,-1.0
2022-05-25,Ruokolahti Kotaniemi,,-1.0,-1.0
2022-05-25,Lappeenranta Hiekkapakka,11.8,,
2022-05-25,Parikkala Koitsanlahti,10.2,-1.0,-1.0
2022-05-25,Kaskinen Sälgrund,12.2,0.1,
2022-05-25,Merikarvia Tuorila,,0.0,-1.0
2022-05-25,Isojoki Kärjenkoski,,1.0,-1.0
2022-05-25,Teuva Kauppilankylä,,0.7,-1.0
2022-05-25,Pori Tahkoluoto satama,13.0,,
2022-05-25,Kristiinankaupunki Majakka,11.9,,
2022-05-25,Karvia Alkkia,14.0,0.6,-1.0
2022-05-25,Kurikka Hirvijärvi,,1.0,-1.0
2022-05-25,Kauhajoki Kuja-Kokko,14.8,0.4,-1.0
2022-05-25,Kankaanpää Niinisalo lentokenttä,14.8,0.2,-1.0
2022-05-25,Alavus Sulkavankylä,,2.3,-1.0
2022-05-25,Virrat Äijänneva,14.1,,
2022-05-25,Tampere Siilinkari,15.9,,
2022-05-25,Jämsä Halli lentoasema,16.6,6.3,-1.0
2022-05-25,Juupajoki Hyytiälä,15.1,0.4,-1.0
2022-05-25,Sysmä Joutsjärvi,,1.7,-1.0
2022-05-25,Jyväskylä Muuratjärvi,,0.6,-1.0
2022-05-25,Luhanka Judinsalo,14.8,,
2022-05-25,Multia Pirttiperä,,0.4,-1.0
2022-05-25,Joutsa Savenaho,15.3,0.3,-1.0
2022-05-25,Kangasniemi kirkonkylä,,-1.0,-1.0
2022-05-25,Joutsa Pärnämäki,,0.0,-1.0
2022-05-25,Mikkeli Pitkähiekka,,0.0,-1.0
2022-05-25,Juva Partala,13.3,,
2022-05-25,Varkaus Kosulanniemi,13.6,-1.0,-1.0
2022-05-25,Savonlinna Laukansaari,,-1.0,-1.0
2022-05-25,Sulkava Halttula,,-1.0,-1.0
2022-05-25,Savonlinna lentoasema,12.0,,
2022-05-25,Rantasalmi Rukkasluoto,12.1,,
2022-05-25,Savonlinna Punkaharju Laukansaari,11.3,-1.0,-1.0
2022-05-25,Enonkoski Simanala,,-1.0,-1.0
2022-05-25,Savonlinna Savonranta,,-1.0,-1.0
2022-05-25,Rääkkylä kirkonkylä,,-1.0,-1.0
2022-05-25,Tohmajärvi Kemie,10.4,-1.0,-1.0
2022-05-25,Joensuu Huhtilampi,,-1.0,-1.0
2022-05-25,Vaasa lentoasema,15.2,,
2022-05-25,Mustasaari Valassaaret,12.8,,
2022-05-25,Närpiö Ylimarkku,,0.4,-1.0
2022-05-25,Mustasaari Riimala,,0.8,-1.0
2022-05-25,Kurikka Pyörni,,0.8,-1.0
2022-05-25,Maalahti Strömmingsbådan,10.9,,
2022-05-25,Vaasa Klemettilä,15.4,0.9,-1.0
2022-05-25,Seinäjoki Pelmaa,15.1,1.5,-1.0
2022-05-25,Kauhava lentokenttä,15.2,1.5,-1.0
2022-05-25,Ähtäri Inha,16.3,3.3,-1.0
2022-05-25,Halsua Purola,15.5,-1.0,-1.0
2022-05-25,Alajärvi Möksy,16.0,0.1,-1.0
2022-05-25,Multia Karhila,15.9,0.6,-1.0
2022-05-25,Viitasaari Haapaniemi,16.2,-1.0,-1.0
2022-05-25,Äänekoski Kalaniemi,,-1.0,-1.0
2022-05-25,Vesanto kirkonkylä,15.1,-1.0,-1.0
2022-05-25,Pielavesi Venetmäki,,-1.0,-1.0
2022-05-25,Siilinjärvi Kuopio lentoasema,13.2,,
2022-05-25,Kuopio Maaninka,14.7,-1.0,-1.0
2022-05-25,Lapinlahti Lamminkäyrä,,-1.0,-1.0
2022-05-25,Suonenjoki Iisvesi,,-1.0,-1.0
2022-05-25,Kuopio Karttula,,-1.0,-1.0
2022-05-25,Kuopio Ritoniemi,13.5,,
2022-05-25,Kuopio Savilahti,14.5,-1.0,-1.0
2022-05-25,Heinävesi Palokki,,-1.0,-1.0
2022-05-25,Outokumpu Viuruniemi,,-1.0,-1.0
2022-05-25,Rautavaara Ala-Luosta,,-1.0,-1.0
2022-05-25,Rautavaara Ylä-Luosta,12.7,-1.0,-1.0
2022-05-25,Liperi Joensuu lentoasema,11.2,,
2022-05-25,Juuka Niemelä,10.0,-1.0,-1.0
2022-05-25,Joensuu Pyhäselkä,,-1.0,-1.0
2022-05-25,Lieksa Koli,,-1.0,-1.0
2022-05-25,Liperi Tuiskavanluoto,10.9,,
2022-05-25,Joensuu Linnunlahti,11.5,-1.0,-1.0
2022-05-25,Lieksa Lampela,11.3,-1.0,-1.0
2022-05-25,Ilomantsi Pötsönvaara,9.7,-1.0,-1.0
2022-05-25,Ilomantsi Mekrijärvi,10.2,-1.0,-1.0
2022-05-25,Pietarsaari Kallan,13.1,,
2022-05-25,Kokkola Tankar,12.9,,
2022-05-25,Kruunupyy Kokkola-Pietarsaari lentoasema,14.5,,
2022-05-25,Kaustinen Tastula,,-1.0,-1.0
2022-05-25,Kalajoki Ulkokalla,7.9,,
2022-05-25,Kokkola Santahaka,14.1,0.1,-1.0
2022-05-25,Toholampi Oravala,,-1.0,-1.0
2022-05-25,Kalajoki Pitkäsenkylä,,-1.0,-1.0
2022-05-25,Kalajoki Mehtäkylä,,-1.0,-1.0
2022-05-25,Toholampi Laitala,14.9,-1.0,-1.0
2022-05-25,Ylivieska lentokenttä,15.7,-1.0,-1.0
2022-05-25,Ylivieska Vähäkangas,,-1.0,-1.0
2022-05-25,Haapavesi Mustikkamäki,15.9,-1.0,-1.0
2022-05-25,Pyhäjärvi Ojakylä,15.9,-1.0,-1.0
2022-05-25,Pyhäjärvi Hiidenniemi,,-1.0,-1.0
2022-05-25,Kiuruvesi Korpijoki,,-1.0,-1.0
2022-05-25,Siikalatva Kestilä,,-1.0,-1.0
2022-05-25,Kajaani lentoasema,14.4,,
2022-05-25,Vieremä Kaarakkala,14.1,-1.0,-1.0
2022-05-25,Kajaani Paltaniemi,,-1.0,-1.0
2022-05-25,Nurmes Valtimo,11.7,-1.0,-1.0
2022-05-25,Ristijärvi Mustavaara,,-1.0,-1.0
2022-05-25,Sotkamo Kuolaniemi,11.9,-1.0,-1.0
2022-05-25,Nurmes Mujejärvi,,-1.0,-1.0
2022-05-25,Kuhmo Apaja,,-1.0,-1.0
2022-05-25,Kuhmo Kalliojoki,10.4,-1.0,-1.0
2022-05-25,Raahe Nahkiainen,12.1,,
2022-05-25,Hailuoto Keskikylä,15.4,-1.0,-1.0
2022-05-25,Kemi I majakka,12.5,,
2022-05-25,Hailuoto Marjaniemi,13.1,,
2022-05-25,Raahe Lapaluoto satama,14.7,,
2022-05-25,Oulu lentoasema,17.2,,
2022-05-25,Siikajoki Ruukki,16.6,-1.0,-1.0
2022-05-25,Oulu Vihreäsaari satama,17.1,,
2022-05-25,Oulu Oulunsalo Pellonpää,17.3,-1.0,-1.0
2022-05-25,Vaala Pelso,15.3,-1.0,-1.0
2022-05-25,Pudasjärvi lentokenttä,16.0,-1.0,-1.0
2022-05-25,Utajärvi Särkijärvi,,-1.0,-1.0
2022-05-25,Pudasjärvi Jaurakkajärvi,,-1.0,-1.0
2022-05-25,Suomussalmi Näljänkä,,-1.0,-1.0
2022-05-25,Suomussalmi Pesiö,11.1,-1.0,-1.0
2022-05-25,Puolanka Kotila,,-1.0,-1.0
2022-05-25,Puolanka Paljakka,11.8,-1.0,-1.0
2022-05-25,Kemi Kemi-Tornio lentoasema,16.1,,
2022-05-25,Kemi Ajos,14.8,,
2022-05-25,Tornio Kaakkuri,15.3,-1.0,
2022-05-25,Ranua lentokenttä,16.0,-1.0,-1.0
2022-05-25,Pudasjärvi Sarakylä,,-1.0,-1.0
2022-05-25,Posio Raistakka,,-1.0,-1.0
2022-05-25,Taivalkoski Inkee,,-1.0,-1.0
2022-05-25,Taivalkoski kirkonkylä,13.3,-1.0,-1.0
2022-05-25,Kuusamo lentoasema,11.5,-1.0,-1.0
2022-05-25,Kuusamo Kiutaköngäs,11.4,-1.0,-1.0
2022-05-25,Kuusamo Rukatunturi,10.3,,
2022-05-25,Kuusamo Teeriranta,,-1.0,-1.0
2022-05-25,Kuusamo Juuma,11.0,,
2022-05-25,Ylitornio Meltosjärvi,15.8,-1.0,-1.0
2022-05-25,Kolari Kattilamaa,,-1.0,-1.0
2022-05-25,Pello kirkonkylä,15.9,-1.0,-1.0
2022-05-25,Rovaniemi rautatieasema,16.9,,
2022-05-25,Sodankylä Tähtelä,15.9,-1.0,-1.0
2022-05-25,Rovaniemi Apukka,15.5,-1.0,-1.0
2022-05-25,Pelkosenniemi kirkonkylä,,5.4,-1.0
2022-05-25,Kemijärvi lentokenttä,14.2,-1.0,-1.0
2022-05-25,Savukoski kirkonkylä,14.3,-1.0,-1.0
2022-05-25,Salla Kelloselkä,,-1.0,-1.0
2022-05-25,Pelkosenniemi Pyhätunturi,13.1,,
2022-05-25,Salla kirkonkylä,14.0,-1.0,-1.0
2022-05-25,Salla Naruska,11.9,-1.0,-1.0
2022-05-25,Enontekiö Kaaresuvanto,,-1.0,-1.0
2022-05-25,Enontekiö lentoasema,14.8,,
2022-05-25,Kittilä Pulju,,-1.0,-1.0
2022-05-25,Muonio Laukukero,11.0,,
2022-05-25,Muonio Sammaltunturi,13.2,,
2022-05-25,Kittilä Matorova,15.0,,
2022-05-25,Kittilä lentoasema,15.9,,
2022-05-25,Kittilä Kenttärova,14.0,-1.0,29.0
2022-05-25,Kittilä Pakatti,15.6,-1.0,-1.0
2022-05-25,Kittilä Pokka,15.4,-1.0,25.0
2022-05-25,Sodankylä Lokka,14.9,-1.0,-1.0
2022-05-25,Sodankylä Vuotso,13.9,-1.0,-1.0
2022-05-25,Inari Saariselkä matkailukeskus,14.6,-1.0,-1.0
2022-05-25,Inari Saariselkä Kaunispää,12.5,,
2022-05-25,Inari Raja-Jooseppi Kontiojärvi,,-1.0,0.0
2022-05-25,Inari Raja-Jooseppi,15.7,,
2022-05-25,Salla Värriötunturi,12.5,-1.0,-1.0
2022-05-25,Enontekiö Kilpisjärvi kyläkeskus,9.8,-1.0,32.0
2022-05-25,Enontekiö Kilpisjärvi Saana,6.1,,
2022-05-25,Enontekiö Näkkälä,13.9,-1.0,-1.0
2022-05-25,Inari Angeli Lintupuoliselkä,15.6,-1.0,-1.0
2022-05-25,Inari Ivalo lentoasema,15.6,,
2022-05-25,Utsjoki Kevo,16.0,-1.0,-1.0
2022-05-25,Utsjoki Nuorgam,13.4,-1.0,-1.0
2022-05-25,Inari Väylä,13.1,,
2022-05-25,Inari kirkonkylä,,-1.0,-1.0
2022-05-25,Inari Kaamanen,14.9,-1.0,-1.0
2022-05-25,Inari Nellim,16.5,-1.0,-1.0
2022-05-25,Inari Kirakkajärvi,14.7,-1.0,-1.0
2022-05-25,Mäntsälä Hirvihaara,14.1,6.0,-1.0
2022-05-25,Lahti Sopenkorpi,16.3,2.3,-1.0
2022-05-25,Siuntio Sjundby,,2.8,-1.0
2022-05-25,Sipoo Itätoukki,9.9,,
2022-05-25,Rauma Pyynpää,14.5,-1.0,-1.0
2022-05-25,Muonio Oustajärvi,15.6,-1.0,-1.0
2022-05-25,Pyhtää lentokenttä,12.3,1.5,-1.0
2022-05-25,Sotkamo Tuhkakylä,13.0,-1.0,-1.0
2022-05-25,Tervola Loue,15.9,,
2022-05-25,Kajaani Petäisenniska,13.4,-1.0,-1.0
2022-05-25,Utsjoki Kevo Kevojärvi,13.6,,
2022-05-25,Inari Seitalaassa,9.0,,
2022-05-25,Ilmajoki Seinäjoki lentoasema,14.8,,
2022-05-25,Rovaniemi lentoasema AWOS,15.7,-1.0,-1.0
2022-05-25,Jyväskylä lentoasema AWOS,16.1,-1.0,-1.0
2022-05-25,Puumala kirkonkylä,13.1,-1.0,-1.0
2022-05-25,Helsinki Vuosaari satama,11.1,,
2022-05-25,Maarianhamina Länsisatama,11.0,,
2022-05-25,Lumparland Långnäs satama,11.5,-1.0,-1.0
2022-05-25,Kittilä Lompolonvuoma,13.0,-1.0,
2022-05-25,Kuusamo Ruka Talvijärvi,12.3,,
2022-05-25,Espoo Nuuksio,15.2,3.7,-1.0
2022-05-25,Mikkeli Lentoasema AWOS,14.6,-1.0,-1.0
2022-05-25,Espoo Tapiola,13.0,10.3,-1.0
2022-05-26,Porvoo Kilpilahti satama,10.0,,
2022-05-26,Jomala Maarianhamina lentoasema,10.7,,
2022-05-26,Parainen Utö,10.2,0.4,-1.0
2022-05-26,Lemland Nyhamn,10.1,,
2022-05-26,Jomala Jomalaby,11.4,-1.0,-1.0
2022-05-26,Hammarland Märket,9.8,,
2022-05-26,Kökar Bogskär,9.6,,
2022-05-26,Parainen Fagerholm,11.2,-1.0,
2022-05-26,Kumlinge kirkonkylä,12.4,,
2022-05-26,Hanko Russarö,9.3,-1.0,
2022-05-26,Kaarina Yltöinen,12.1,0.4,-1.0
2022-05-26,Kemiönsaari Vänö,10.2,,
2022-05-26,Hanko Tulliniemi,9.0,,
2022-05-26,Turku Rajakari,11.2,,
2022-05-26,Turku Artukainen,12.8,-1.0,-1.0
2022-05-26,Kemiönsaari Kemiö,12.1,-1.0,-1.0
2022-05-26,Hanko Tvärminne,10.0,-1.0,-1.0
2022-05-26,Salo Kärkkä,12.3,3.7,
2022-05-26,Lohja Leppäkorpi,,1.6,-1.0
2022-05-26,Raasepori Jussarö,8.3,,
2022-05-26,Salo Kiikala lentokenttä,10.5,5.5,-1.0
2022-05-26,Vantaa Helsinki-Vantaan lentoasema,11.0,27.3,-1.0
2022-05-26,Inkoo Bågaskär,9.5,,
2022-05-26,Helsinki Kaisaniemi,10.4,5.4,-1.0
2022-05-26,Lohja Porla,11.5,4.9,-1.0
2022-05-26,Vihti Maasoja,11.6,,
2022-05-26,Helsinki Harmaja,8.3,,
2022-05-26,Kirkkonummi Mäkiluoto,8.8,,
2022-05-26,Helsinki Helsingin majakka,8.1,,
2022-05-26,Helsinki Kumpula,10.8,6.4,-1.0
2022-05-26,Helsinki Malmi lentokenttä,10.8,,
2022-05-26,Porvoo Kalbådagrund,8.0,,
2022-05-26,Porvoo Emäsalo,9.0,,
2022-05-26,Porvoo Harabacka,10.1,16.2,-1.0
2022-05-26,Kotka Rankki,8.9,16.3,-1.0
2022-05-26,Loviisa Orrengrund,8.6,,
2022-05-26,Kotka Haapasaari,9.0,,
2022-05-26,Pori lentoasema,12.2,,
2022-05-26,Uusikaupunki Itätulli,,-1.0,-1.0
2022-05-26,Kustavi Isokari,10.7,-1.0,
2022-05-26,Rauma Kylmäpihlaja,10.5,,
2022-05-26,Pori rautatieasema,12.5,-1.0,-1.0
2022-05-26,Turku lentoasema,12.6,,
2022-05-26,Kokemäki Rausenkulma,,0.9,-1.0
2022-05-26,Huittinen Sallila,,14.0,-1.0
2022-05-26,Oripää Teinikivi,,0.2,-1.0
2022-05-26,Pöytyä Yläne,,-1.0,-1.0
2022-05-26,Kokemäki Tulkkila,11.9,10.5,-1.0
2022-05-26,Jokioinen Ilmala,10.8,4.9,-1.0
2022-05-26,Nokia Tottijärvi,,14.4,-1.0
2022-05-26,Pirkkala Tampere-Pirkkala lentoasema,11.1,,
2022-05-26,Tampere Härmälä,11.3,12.5,-1.0
2022-05-26,Somero Salkola,10.9,4.1,-1.0
2022-05-26,Hyvinkää Hyvinkäänkylä,11.4,14.8,-1.0
2022-05-26,Vihti Hiiskula,,13.0,-1.0
2022-05-26,Hämeenlinna Pirttikoski,,16.2,-1.0
2022-05-26,Nurmijärvi Röykkä,10.8,15.0,-1.0
2022-05-26,Hämeenlinna Katinen,11.2,12.4,
2022-05-26,Hattula Lepaa,11.2,10.2,-1.0
2022-05-26,Hämeenlinna Lammi Pappila,9.7,17.4,-1.0
2022-05-26,Asikkala Pulkkilanharju,9.7,,
2022-05-26,Kouvola Utti lentoasema,9.6,8.7,-1.0
2022-05-26,Kouvola Anjala,10.0,13.7,-1.0
2022-05-26,Heinola Asemantaus,10.2,12.5,-1.0
2022-05-26,Kouvola Voikoski,,2.2,-1.0
2022-05-26,Virolahti Koivuniemi,10.2,13.5,-1.0
2022-05-26,Lappeenranta lentoasema,10.2,,
2022-05-26,Lappeenranta Konnunsuo,10.3,,
2022-05-26,Lappeenranta Lepola,10.3,0.1,-1.0
2022-05-26,Ruokolahti Kotaniemi,,-1.0,-1.0
2022-05-26,Lappeenranta Hiekkapakka,9.3,,
2022-05-26,Parikkala Koitsanlahti,8.8,-1.0,-1.0
2022-05-26,Kaskinen Sälgrund,11.1,0.8,
2022-05-26,Merikarvia Tuorila,,0.0,-1.0
2022-05-26,Isojoki Kärjenkoski,,0.2,-1.0
2022-05-26,Teuva Kauppilankylä,,9.7,-1.0
2022-05-26,Pori Tahkoluoto satama,10.7,,
2022-05-26,Kristiinankaupunki Majakka,8.8,,
2022-05-26,Karvia Alkkia,10.6,10.0,-1.0
2022-05-26,Kurikka Hirvijärvi,,4.7,-1.0
2022-05-26,Kauhajoki Kuja-Kokko,11.4,4.2,-1.0
2022-05-26,Kankaanpää Niinisalo lentokenttä,11.5,6.9,-1.0
2022-05-26,Alavus Sulkavankylä,,9.5,-1.0
2022-05-26,Virrat Äijänneva,10.9,,
2022-05-26,Tampere Siilinkari,10.9,,
2022-05-26,Jämsä Halli lentoasema,10.6,14.7,-1.0
2022-05-26,Juupajoki Hyytiälä,10.4,10.6,-1.0
2022-05-26,Sysmä Joutsjärvi,,6.5,-1.0
2022-05-26,Jyväskylä Muuratjärvi,,2.3,-1.0
2022-05-26,Luhanka Judinsalo,10.3,,
2022-05-26,Multia Pirttiperä,,4.5,-1.0
2022-05-26,Joutsa Savenaho,10.5,0.3,-1.0
2022-05-26,Kangasniemi kirkonkylä,,-1.0,-1.0
2022-05-26,Joutsa Pärnämäki,,0.0,-1.0
2022-05-26,Mikkeli Pitkähiekka,,0.0,-1.0
2022-05-26,Juva Partala,11.3,,
2022-05-26,Varkaus Kosulanniemi,11.3,-1.0,-1.0
2022-05-26,Savonlinna Laukansaari,,-1.0,-1.0
2022-05-26,Sulkava Halttula,,-1.0,-1.0
2022-05-26,Savonlinna lentoasema,10.7,,
2022-05-26,Rantasalmi Rukkasluoto,10.3,,
2022-05-26,Savonlinna Punkaharju Laukansaari,10.2,-1.0,-1.0
2022-05-26,Enonkoski Simanala,,-1.0,-1.0
2022-05-26,Savonlinna Savonranta,,-1.0,-1.0
2022-05-26,Rääkkylä kirkonkylä,,-1.0,-1.0
2022-05-26,Tohmajärvi Kemie,10.2,-1.0,-1.0
2022-05-26,Joensuu Huhtilampi,,-1.0,-1.0
2022-05-26,Vaasa lentoasema,12.0,,
2022-05-26,Mustasaari Valassaaret,9.8,,
2022-05-26,Närpiö Ylimarkku,,5.4,-1.0
2022-05-26,Mustasaari Riimala,,7.2,-1.0
2022-05-26,Kurikka Pyörni,,2.9,-1.0
2022-05-26,Maalahti Strömmingsbådan,9.9,,
2022-05-26,Vaasa Klemettilä,12.5,0.7,-1.0
2022-05-26,Seinäjoki Pelmaa,11.9,11.5,-1.0
2022-05-26,Kauhava lentokenttä,11.3,5.6,-1.0
2022-05-26,Ähtäri Inha,10.9,8.7,-1.0
2022-05-26,Halsua Purola,11.1,0.4,-1.0
2022-05-26,Alajärvi Möksy,10.8,3.0,-1.0
2022-05-26,Multia Karhila,10.2,9.3,-1.0
2022-05-26,Viitasaari Haapaniemi,12.4,-1.0,-1.0
2022-05-26,Äänekoski Kalaniemi,,-1.0,-1.0
2022-05-26,Vesanto kirkonkylä,12.0,-1.0,-1.0
2022-05-26,Pielavesi Venetmäki,,-1.0,-1.0
2022-05-26,Siilinjärvi Kuopio lentoasema,11.5,,
2022-05-26,Kuopio Maaninka,12.0,-1.0,-1.0
2022-05-26,Lapinlahti Lamminkäyrä,,-1.0,-1.0
2022-05-26,Suonenjoki Iisvesi,,-1.0,-1.0
2022-05-26,Kuopio Karttula,,-1.0,-1.0
2022-05-26,Kuopio Ritoniemi,11.6,,
2022-05-26,Kuopio Savilahti,12.3,-1.0,-1.0
2022-05-26,Heinävesi Palokki,,-1.0,-1.0
2022-05-26,Outokumpu Viuruniemi,,-1.0,-1.0
2022-05-26,Rautavaara Ala-Luosta,,-1.0,-1.0
2022-05-26,Rautavaara Ylä-Luosta,11.0,-1.0,-1.0
2022-05-26,Liperi Joensuu lentoasema,10.7,,
2022-05-26,Juuka Niemelä,9.8,-1.0,-1.0
2022-05-26,Joensuu Pyhäselkä,,-1.0,-1.0
2022-05-26,Lieksa Koli,,-1.0,-1.0
2022-05-26,Liperi Tuiskavanluoto,11.0,,
2022-05-26,Joensuu Linnunlahti,11.0,-1.0,-1.0
2022-05-26,Lieksa Lampela,10.9,-1.0,-1.0
2022-05-26,Ilomantsi Pötsönvaara,10.4,-1.0,-1.0
2022-05-26,Ilomantsi Mekrijärvi,9.8,-1.0,-1.0
2022-05-26,Pietarsaari Kallan,10.6,,
2022-05-26,Kokkola Tankar,9.8,,
2022-05-26,Kruunupyy Kokkola-Pietarsaari lentoasema,11.9,,
2022-05-26,Kaustinen Tastula,,0.3,-1.0
2022-05-26,Kalajoki Ulkokalla,6.9,,
2022-05-26,Kokkola Santahaka,11.7,0.5,-1.0
2022-05-26,Toholampi Oravala,,1.3,-1.0
2022-05-26,Kalajoki Pitkäsenkylä,,4.9,-1.0
2022-05-26,Kalajoki Mehtäkylä,,7.2,-1.0
2022-05-26,Toholampi Laitala,11.6,0.3,-1.0
2022-05-26,Ylivieska lentokenttä,11.9,4.6,-1.0
2022-05-26,Ylivieska Vähäkangas,,7.7,-1.0
2022-05-26,Haapavesi Mustikkamäki,12.6,-1.0,-1.0
2022-05-26,Pyhäjärvi Ojakylä,12.5,-1.0,-1.0
2022-05-26,Pyhäjärvi Hiidenniemi,,-1.0,-1.0
2022-05-26,Kiuruvesi Korpijoki,,-1.0,-1.0
2022-05-26,Siikalatva Kestilä,,-1.0,-1.0
2022-05-26,Kajaani lentoasema,12.1,,
2022-05-26,Vieremä Kaarakkala,11.7,-1.0,-1.0
2022-05-26,Kajaani Paltaniemi,,0.0,-1.0
2022-05-26,Nurmes Valtimo,11.2,-1.0,-1.0
2022-05-26,Ristijärvi Mustavaara,,-1.0,-1.0
2022-05-26,Sotkamo Kuolaniemi,11.1,-1.0,-1.0
2022-05-26,Nurmes Mujejärvi,,0.0,-1.0
2022-05-26,Kuhmo Apaja,,-1.0,-1.0
2022-05-26,Kuhmo Kalliojoki,9.9,0.7,-1.0
2022-05-26,Raahe Nahkiainen,11.6,,
2022-05-26,Hailuoto Keskikylä,12.5,-1.0,-1.0
2022-05-26,Kemi I majakka,10.4,,
2022-05-26,Hailuoto Marjaniemi,12.6,,
2022-05-26,Raahe Lapaluoto satama,13.3,,
2022-05-26,Oulu lentoasema,14.2,,
2022-05-26,Siikajoki Ruukki,12.9,-1.0,-1.0
2022-05-26,Oulu Vihreäsaari satama,13.6,,
2022-05-26,Oulu Oulunsalo Pellonpää,14.0,-1.0,-1.0
2022-05-26,Vaala Pelso,11.8,-1.0,-1.0
2022-05-26,Pudasjärvi lentokenttä,13.0,0.8,-1.0
2022-05-26,Utajärvi Särkijärvi,,0.6,-1.0
2022-05-26,Pudasjärvi Jaurakkajärvi,,-1.0,-1.0
2022-05-26,Suomussalmi Näljänkä,,2.9,-1.0
2022-05-26,Suomussalmi Pesiö,10.9,0.1,-1.0
2022-05-26,Puolanka Kotila,,0.2,-1.0
2022-05-26,Puolanka Paljakka,10.5,0.2,-1.0
2022-05-26,Kemi Kemi-Tornio lentoasema,14.5,,
2022-05-26,Kemi Ajos,14.2,,
2022-05-26,Tornio Kaakkuri,15.2,-1.0,
2022-05-26,Ranua lentokenttä,12.9,0.5,-1.0
2022-05-26,Pudasjärvi Sarakylä,,1.4,-1.0
2022-05-26,Posio Raistakka,,2.0,-1.0
2022-05-26,Taivalkoski Inkee,,2.3,-1.0
2022-05-26,Taivalkoski kirkonkylä,12.1,3.2,-1.0
2022-05-26,Kuusamo lentoasema,10.3,2.8,-1.0
2022-05-26,Kuusamo Kiutaköngäs,10.6,2.5,-1.0
2022-05-26,Kuusamo Rukatunturi,8.5,,
2022-05-26,Kuusamo Teeriranta,,3.8,-1.0
2022-05-26,Kuusamo Juuma,10.6,,
2022-05-26,Ylitornio Meltosjärvi,15.0,-1.0,-1.0
2022-05-26,Kolari Kattilamaa,,0.5,-1.0
2022-05-26,Pello kirkonkylä,15.1,0.9,-1.0
2022-05-26,Rovaniemi rautatieasema,14.9,,
2022-05-26,Sodankylä Tähtelä,14.0,1.2,-1.0
2022-05-26,Rovaniemi Apukka,13.0,0.8,-1.0
2022-05-26,Pelkosenniemi kirkonkylä,,-1.0,-1.0
2022-05-26,Kemijärvi lentokenttä,12.2,1.6,-1.0
2022-05-26,Savukoski kirkonkylä,12.7,1.5,-1.0
2022-05-26,Salla Kelloselkä,,1.1,-1.0
2022-05-26,Pelkosenniemi Pyhätunturi,11.2,,
2022-05-26,Salla kirkonkylä,12.2,1.4,-1.0
2022-05-26,Salla Naruska,10.8,0.8,-1.0
2022-05-26,Enontekiö Kaaresuvanto,,1.2,-1.0
2022-05-26,Enontekiö lentoasema,14.1,,
2022-05-26,Kittilä Pulju,,0.7,-1.0
2022-05-26,Muonio Laukukero,10.1,,
2022-05-26,Muonio Sammaltunturi,12.2,,
2022-05-26,Kittilä Matorova,13.9,,
2022-05-26,Kittilä lentoasema,14.1,,
2022-05-26,Kittilä Kenttärova,13.2,4.2,19.0
2022-05-26,Kittilä Pakatti,14.2,2.3,-1.0
2022-05-26,Kittilä Pokka,13.4,1.8,16.0
2022-05-26,Sodankylä Lokka,13.3,0.6,-1.0
2022-05-26,Sodankylä Vuotso,13.4,2.0,-1.0
2022-05-26,Inari Saariselkä matkailukeskus,13.5,1.7,-1.0
2022-05-26,Inari Saariselkä Kaunispää,12.1,,
2022-05-26,Inari Raja-Jooseppi Kontiojärvi,,1.2,0.0
2022-05-26,Inari Raja-Jooseppi,13.4,,
2022-05-26,Salla Värriötunturi,10.8,1.1,-1.0
2022-05-26,Enontekiö Kilpisjärvi kyläkeskus,11.1,-1.0,23.0
2022-05-26,Enontekiö Kilpisjärvi Saana,7.5,,
2022-05-26,Enontekiö Näkkälä,13.6,1.9,-1.0
2022-05-26,Inari Angeli Lintupuoliselkä,15.1,0.1,-1.0
2022-05-26,Inari Ivalo lentoasema,14.9,,
2022-05-26,Utsjoki Kevo,14.4,0.3,-1.0
2022-05-26,Utsjoki Nuorgam,11.4,0.2,-1.0
2022-05-26,Inari Väylä,12.8,,
2022-05-26,Inari kirkonkylä,,0.9,-1.0
2022-05-26,Inari Kaamanen,14.3,0.1,-1.0
2022-05-26,Inari Nellim,14.1,0.3,-1.0
2022-05-26,Inari Kirakkajärvi,13.0,0.1,-1.0
2022-05-26,Mäntsälä Hirvihaara,10.1,23.4,-1.0
2022-05-26,Lahti Sopenkorpi,9.6,22.9,-1.0
2022-05-26,Siuntio Sjundby,,10.4,-1.0
2022-05-26,Sipoo Itätoukki,8.0,,
2022-05-26,Rauma Pyynpää,11.7,-1.0,-1.0
2022-05-26,Muonio Oustajärvi,14.9,0.8,-1.0
2022-05-26,Pyhtää lentokenttä,9.5,19.4,-1.0
2022-05-26,Sotkamo Tuhkakylä,11.3,-1.0,-1.0
2022-05-26,Tervola Loue,14.6,,
2022-05-26,Kajaani Petäisenniska,11.9,-1.0,-1.0
2022-05-26,Utsjoki Kevo Kevojärvi,12.3,,
2022-05-26,Inari Seitalaassa,7.4,,
2022-05-26,Ilmajoki Seinäjoki lentoasema,11.2,,
2022-05-26,Rovaniemi lentoasema AWOS,13.5,1.0,-1.0
2022-05-26,Jyväskylä lentoasema AWOS,11.1,0.6,-1.0
2022-05-26,Puumala kirkonkylä,10.7,-1.0,-1.0
2022-05-26,Helsinki Vuosaari satama,10.1,,
2022-05-26,Maarianhamina Länsisatama,10.6,,
2022-05-26,Lumparland Långnäs satama,11.9,-1.0,-1.0
2022-05-26,Kittilä Lompolonvuoma,12.3,4.3,
2022-05-26,Kuusamo Ruka Talvijärvi,10.4,,
2022-05-26,Espoo Nuuksio,10.7,16.4,-1.0
2022-05-26,Mikkeli Lentoasema AWOS,11.4,-1.0,-1.0
2022-05-26,Espoo Tapiola,10.6,8.6,-1.0
2022-05-27,Porvoo Kilpilahti satama,9.2,,
2022-05-27,Jomala Maarianhamina lentoasema,9.2,,
2022-05-27,Parainen Utö,8.3,-1.0,-1.0
2022-05-27,Lemland Nyhamn,8.8,,
2022-05-27,Jomala Jomalaby,9.8,2.3,-1.0
2022-05-27,Hammarland Märket,8.6,,
2022-05-27,Kökar Bogskär,8.7,,
2022-05-27,Parainen Fagerholm,9.8,-1.0,
2022-05-27,Kumlinge kirkonkylä,9.4,,
2022-05-27,Hanko Russarö,7.9,0.6,
2022-05-27,Kaarina Yltöinen,10.3,-1.0,-1.0
2022-05-27,Kemiönsaari Vänö,8.1,,
2022-05-27,Hanko Tulliniemi,7.7,,
2022-05-27,Turku Rajakari,10.3,,
2022-05-27,Turku Artukainen,10.7,0.7,-1.0
2022-05-27,Kemiönsaari Kemiö,11.0,1.5,-1.0
2022-05-27,Hanko Tvärminne,8.6,4.1,-1.0
2022-05-27,Salo Kärkkä,10.0,6.1,
2022-05-27,Lohja Leppäkorpi,,17.9,-1.0
2022-05-27,Raasepori Jussarö,7.8,,
2022-05-27,Salo Kiikala lentokenttä,9.1,14.4,-1.0
2022-05-27,Vantaa Helsinki-Vantaan lentoasema,9.2,8.3,-1.0
2022-05-27,Inkoo Bågaskär,8.5,,
2022-05-27,Helsinki Kaisaniemi,9.5,11.4,-1.0
2022-05-27,Lohja Porla,10.0,10.2,-1.0
2022-05-27,Vihti Maasoja,9.6,,
2022-05-27,Helsinki Harmaja,7.6,,
2022-05-27,Kirkkonummi Mäkiluoto,7.7,,
2022-05-27,Helsinki Helsingin majakka,6.9,,
2022-05-27,Helsinki Kumpula,9.4,10.6,-1.0
2022-05-27,Helsinki Malmi lentokenttä,9.3,,
2022-05-27,Porvoo Kalbådagrund,6.9,,
2022-05-27,Porvoo Emäsalo,8.2,,
2022-05-27,Porvoo Harabacka,9.5,6.4,-1.0
2022-05-27,Kotka Rankki,9.5,0.1,-1.0
2022-05-27,Loviisa Orrengrund,8.9,,
2022-05-27,Kotka Haapasaari,8.6,,
2022-05-27,Pori lentoasema,11.0,,
2022-05-27,Uusikaupunki Itätulli,,-1.0,-1.0
2022-05-27,Kustavi Isokari,9.3,-1.0,
2022-05-27,Rauma Kylmäpihlaja,9.9,,
2022-05-27,Pori rautatieasema,11.2,-1.0,-1.0
2022-05-27,Turku lentoasema,9.8,,
2022-05-27,Kokemäki Rausenkulma,,-1.0,-1.0
2022-05-27,Huittinen Sallila,,1.1,-1.0
2022-05-27,Oripää Teinikivi,,4.8,-1.0
2022-05-27,Pöytyä Yläne,,0.3,-1.0
2022-05-27,Kokemäki Tulkkila,11.1,0.1,-1.0
2022-05-27,Jokioinen Ilmala,9.4,3.0,-1.0
2022-05-27,Nokia Tottijärvi,,1.7,-1.0
2022-05-27,Pirkkala Tampere-Pirkkala lentoasema,10.1,,
2022-05-27,Tampere Härmälä,10.3,6.6,-1.0
2022-05-27,Somero Salkola,8.7,5.8,-1.0
2022-05-27,Hyvinkää Hyvinkäänkylä,9.6,2.9,-1.0
2022-05-27,Vihti Hiiskula,,5.3,-1.0
2022-05-27,Hämeenlinna Pirttikoski,,1.1,-1.0
2022-05-27,Nurmijärvi Röykkä,8.9,4.8,-1.0
2022-05-27,Hämeenlinna Katinen,10.0,0.4,
2022-05-27,Hattula Lepaa,9.8,1.9,-1.0
2022-05-27,Hämeenlinna Lammi Pappila,9.3,2.0,-1.0
2022-05-27,Asikkala Pulkkilanharju,9.8,,
2022-05-27,Kouvola Utti lentoasema,10.2,-1.0,-1.0
2022-05-27,Kouvola Anjala,10.4,4.2,-1.0
2022-05-27,Heinola Asemantaus,9.8,2.0,-1.0
2022-05-27,Kouvola Voikoski,,0.1,-1.0
2022-05-27,Virolahti Koivuniemi,10.0,0.6,-1.0
2022-05-27,Lappeenranta lentoasema,11.0,,
2022-05-27,Lappeenranta Konnunsuo,10.5,,
2022-05-27,Lappeenranta Lepola,11.2,-1.0,-1.0
2022-05-27,Ruokolahti Kotaniemi,,-1.0,-1.0
2022-05-27,Lappeenranta Hiekkapakka,10.0,,
2022-05-27,Parikkala Koitsanlahti,10.4,-1.0,-1.0
2022-05-27,Kaskinen Sälgrund,10.8,2.0,
2022-05-27,Merikarvia Tuorila,,0.1,-1.0
2022-05-27,Isojoki Kärjenkoski,,0.2,-1.0
2022-05-27,Teuva Kauppilankylä,,9.0,-1.0
2022-05-27,Pori Tahkoluoto satama,10.0,,
2022-05-27,Kristiinankaupunki Majakka,9.1,,
2022-05-27,Karvia Alkkia,9.6,1.1,-1.0
2022-05-27,Kurikka Hirvijärvi,,7.0,-1.0
2022-05-27,Kauhajoki Kuja-Kokko,10.8,2.6,-1.0
2022-05-27,Kankaanpää Niinisalo lentokenttä,10.7,0.5,-1.0
2022-05-27,Alavus Sulkavankylä,,5.4,-1.0
2022-05-27,Virrat Äijänneva,10.3,,
2022-05-27,Tampere Siilinkari,9.8,,
2022-05-27,Jämsä Halli lentoasema,10.5,1.3,-1.0
2022-05-27,Juupajoki Hyytiälä,9.9,0.8,-1.0
2022-05-27,Sysmä Joutsjärvi,,0.5,-1.0
2022-05-27,Jyväskylä Muuratjärvi,,1.2,-1.0
2022-05-27,Luhanka Judinsalo,10.6,,
2022-05-27,Multia Pirttiperä,,0.9,-1.0
2022-05-27,Joutsa Savenaho,10.6,-1.0,-1.0
2022-05-27,Kangasniemi kirkonkylä,,0.8,-1.0
2022-05-27,Joutsa Pärnämäki,,0.2,-1.0
2022-05-27,Mikkeli Pitkähiekka,,0.0,-1.0
2022-05-27,Juva Partala,11.7,,
2022-05-27,Varkaus Kosulanniemi,12.6,-1.0,-1.0
2022-05-27,Savonlinna Laukansaari,,-1.0,-1.0
2022-05-27,Sulkava Halttula,,-1.0,-1.0
2022-05-27,Savonlinna lentoasema,11.9,,
2022-05-27,Rantasalmi Rukkasluoto,12.6,,
2022-05-27,Savonlinna Punkaharju Laukansaari,11.5,-1.0,-1.0
2022-05-27,Enonkoski Simanala,,-1.0,-1.0
2022-05-27,Savonlinna Savonranta,,-1.0,-1.0
2022-05-27,Rääkkylä kirkonkylä,,-1.0,-1.0
2022-05-27,Tohmajärvi Kemie,9.8,-1.0,-1.0
2022-05-27,Joensuu Huhtilampi,,-1.0,-1.0
2022-05-27,Vaasa lentoasema,11.4,,
2022-05-27,Mustasaari Valassaaret,8.5,,
2022-05-27,Närpiö Ylimarkku,,5.5,-1.0
2022-05-27,Mustasaari Riimala,,2.1,-1.0
2022-05-27,Kurikka Pyörni,,10.5,-1.0
2022-05-27,Maalahti Strömmingsbådan,10.8,,
2022-05-27,Vaasa Klemettilä,11.8,1.7,-1.0
2022-05-27,Seinäjoki Pelmaa,11.5,3.0,-1.0
2022-05-27,Kauhava lentokenttä,11.4,1.7,
2022-05-27,Ähtäri Inha,10.1,9.0,-1.0
2022-05-27,Halsua Purola,9.7,0.8,-1.0
2022-05-27,Alajärvi Möksy,10.0,2.5,-1.0
2022-05-27,Multia Karhila,9.9,0.8,-1.0
2022-05-27,Viitasaari Haapaniemi,11.6,0.8,-1.0
2022-05-27,Äänekoski Kalaniemi,,1.9,-1.0
2022-05-27,Vesanto kirkonkylä,11.4,1.4,-1.0
2022-05-27,Pielavesi Venetmäki,,0.3,-1.0
2022-05-27,Siilinjärvi Kuopio lentoasema,11.5,,
2022-05-27,Kuopio Maaninka,11.2,-1.0,-1.0
2022-05-27,Lapinlahti Lamminkäyrä,,0.1,-1.0
2022-05-27,Suonenjoki Iisvesi,,-1.0,-1.0
2022-05-27,Kuopio Karttula,,0.4,-1.0
2022-05-27,Kuopio Ritoniemi,10.8,,
2022-05-27,Kuopio Savilahti,11.6,-1.0,-1.0
2022-05-27,Heinävesi Palokki,,-1.0,-1.0
2022-05-27,Outokumpu Viuruniemi,,-1.0,-1.0
2022-05-27,Rautavaara Ala-Luosta,,-1.0,-1.0
2022-05-27,Rautavaara Ylä-Luosta,9.2,-1.0,-1.0
2022-05-27,Liperi Joensuu lentoasema,12.3,,
2022-05-27,Juuka Niemelä,9.0,-1.0,-1.0
2022-05-27,Joensuu Pyhäselkä,,-1.0,-1.0
2022-05-27,Lieksa Koli,,-1.0,-1.0
2022-05-27,Liperi Tuiskavanluoto,12.1,,
2022-05-27,Joensuu Linnunlahti,11.9,-1.0,-1.0
2022-05-27,Lieksa Lampela,9.3,-1.0,-1.0
2022-05-27,Ilomantsi Pötsönvaara,11.7,-1.0,-1.0
2022-05-27,Ilomantsi Mekrijärvi,11.0,-1.0,-1.0
2022-05-27,Pietarsaari Kallan,8.1,,
2022-05-27,Kokkola Tankar,8.1,,
2022-05-27,Kruunupyy Kokkola-Pietarsaari lentoasema,9.6,,
2022-05-27,Kaustinen Tastula,,2.2,-1.0
2022-05-27,Kalajoki Ulkokalla,5.1,,
2022-05-27,Kokkola Santahaka,8.9,3.6,-1.0
2022-05-27,Toholampi Oravala,,2.1,-1.0
2022-05-27,Kalajoki Pitkäsenkylä,,0.8,-1.0
2022-05-27,Kalajoki Mehtäkylä,,4.1,-1.0
2022-05-27,Toholampi Laitala,8.8,3.7,-1.0
2022-05-27,Ylivieska lentokenttä,8.7,5.0,-1.0
2022-05-27,Ylivieska Vähäkangas,,4.8,-1.0
2022-05-27,Haapavesi Mustikkamäki,10.0,2.0,-1.0
2022-05-27,Pyhäjärvi Ojakylä,9.9,2.2,-1.0
2022-05-27,Pyhäjärvi Hiidenniemi,,1.0,-1.0
2022-05-27,Kiuruvesi Korpijoki,,0.0,-1.0
2022-05-27,Siikalatva Kestilä,,6.9,-1.0
2022-05-27,Kajaani lentoasema,8.3,,
2022-05-27,Vieremä Kaarakkala,9.8,0.0,-1.0
2022-05-27,Kajaani Paltaniemi,,0.2,-1.0
2022-05-27,Nurmes Valtimo,9.3,0.3,-1.0
2022-05-27,Ristijärvi Mustavaara,,1.5,-1.0
2022-05-27,Sotkamo Kuolaniemi,9.1,-1.0,-1.0
2022-05-27,Nurmes Mujejärvi,,3.0,-1.0
2022-05-27,Kuhmo Apaja,,0.1,-1.0
2022-05-27,Kuhmo Kalliojoki,8.1,0.1,-1.0
2022-05-27,Raahe Nahkiainen,5.9,,
2022-05-27,Hailuoto Keskikylä,7.8,3.7,-1.0
2022-05-27,Kemi I majakka,7.7,,
2022-05-27,Hailuoto Marjaniemi,6.9,,
2022-05-27,Raahe Lapaluoto satama,6.5,,
2022-05-27,Oulu lentoasema,8.9,,
2022-05-27,Siikajoki Ruukki,8.1,3.6,-1.0
2022-05-27,Oulu Vihreäsaari satama,9.1,,
2022-05-27,Oulu Oulunsalo Pellonpää,8.4,3.9,-1.0
2022-05-27,Vaala Pelso,7.6,8.1,-1.0
2022-05-27,Pudasjärvi lentokenttä,7.4,4.0,-1.0
2022-05-27,Utajärvi Särkijärvi,,7.8,-1.0
2022-05-27,Pudasjärvi Jaurakkajärvi,,11.2,-1.0
2022-05-27,Suomussalmi Näljänkä,,10.5,-1.0
2022-05-27,Suomussalmi Pesiö,7.6,5.1,-1.0
2022-05-27,Puolanka Kotila,,4.1,-1.0
2022-05-27,Puolanka Paljakka,7.1,6.1,-1.0
2022-05-27,Kemi Kemi-Tornio lentoasema,7.4,,
2022-05-27,Kemi Ajos,9.2,,
2022-05-27,Tornio Kaakkuri,7.9,4.3,
2022-05-27,Ranua lentokenttä,6.8,2.6,-1.0
2022-05-27,Pudasjärvi Sarakylä,,2.3,-1.0
2022-05-27,Posio Raistakka,,1.5,-1.0
2022-05-27,Taivalkoski Inkee,,7.7,-1.0
2022-05-27,Taivalkoski kirkonkylä,6.8,8.0,-1.0
2022-05-27,Kuusamo lentoasema,5.5,8.9,-1.0
2022-05-27,Kuusamo Kiutaköngäs,6.2,5.5,-1.0
2022-05-27,Kuusamo Rukatunturi,3.7,,
2022-05-27,Kuusamo Teeriranta,,9.1,-1.0
2022-05-27,Kuusamo Juuma,5.1,,
2022-05-27,Ylitornio Meltosjärvi,7.2,1.4,-1.0
2022-05-27,Kolari Kattilamaa,,3.2,-1.0
2022-05-27,Pello kirkonkylä,7.6,2.5,-1.0
2022-05-27,Rovaniemi rautatieasema,8.0,,
2022-05-27,Sodankylä Tähtelä,5.9,3.3,-1.0
2022-05-27,Rovaniemi Apukka,7.4,1.0,-1.0
2022-05-27,Pelkosenniemi kirkonkylä,,-1.0,-1.0
2022-05-27,Kemijärvi lentokenttä,6.4,0.2,-1.0
2022-05-27,Savukoski kirkonkylä,5.5,4.1,-1.0
2022-05-27,Salla Kelloselkä,,2.5,-1.0
2022-05-27,Pelkosenniemi Pyhätunturi,3.9,,
2022-05-27,Salla kirkonkylä,5.6,7.2,-1.0
2022-05-27,Salla Naruska,5.2,2.3,-1.0
2022-05-27,Enontekiö Kaaresuvanto,,1.2,-1.0
2022-05-27,Enontekiö lentoasema,5.8,,
2022-05-27,Kittilä Pulju,,4.3,-1.0
2022-05-27,Muonio Laukukero,2.1,,
2022-05-27,Muonio Sammaltunturi,3.6,,
2022-05-27,Kittilä Matorova,5.1,,
2022-05-27,Kittilä lentoasema,6.6,,
2022-05-27,Kittilä Kenttärova,5.0,7.1,10.0
2022-05-27,Kittilä Pakatti,6.6,4.6,-1.0
2022-05-27,Kittilä Pokka,5.0,7.4,6.0
2022-05-27,Sodankylä Lokka,4.8,3.8,-1.0
2022-05-27,Sodankylä Vuotso,4.5,5.0,-1.0
2022-05-27,Inari Saariselkä matkailukeskus,3.5,13.3,-1.0
2022-05-27,Inari Saariselkä Kaunispää,2.2,,
2022-05-27,Inari Raja-Jooseppi Kontiojärvi,,10.3,-1.0
2022-05-27,Inari Raja-Jooseppi,4.1,,
2022-05-27,Salla Värriötunturi,2.7,9.6,-1.0
2022-05-27,Enontekiö Kilpisjärvi kyläkeskus,6.8,2.4,5.0
2022-05-27,Enontekiö Kilpisjärvi Saana,2.0,,
2022-05-27,Enontekiö Näkkälä,4.6,4.5,
2022-05-27,Inari Angeli Lintupuoliselkä,4.9,9.1,-1.0
2022-05-27,Inari Ivalo lentoasema,4.7,,
2022-05-27,Utsjoki Kevo,5.4,6.8,-1.0
2022-05-27,Utsjoki Nuorgam,5.8,11.3,-1.0
2022-05-27,Inari Väylä,5.1,,
2022-05-27,Inari kirkonkylä,,12.0,-1.0
2022-05-27,Inari Kaamanen,4.9,8.5,-1.0
2022-05-27,Inari Nellim,5.2,11.3,-1.0
2022-05-27,Inari Kirakkajärvi,4.0,5.9,-1.0
2022-05-27,Mäntsälä Hirvihaara,9.1,2.1,-1.0
2022-05-27,Lahti Sopenkorpi,9.8,0.3,-1.0
2022-05-27,Siuntio Sjundby,,17.1,-1.0
2022-05-27,Sipoo Itätoukki,7.5,,
2022-05-27,Rauma Pyynpää,9.8,-1.0,-1.0
2022-05-27,Muonio Oustajärvi,6.5,3.5,-1.0
2022-05-27,Pyhtää lentokenttä,9.9,1.3,-1.0
2022-05-27,Sotkamo Tuhkakylä,9.0,-1.0,-1.0
2022-05-27,Tervola Loue,7.2,,
2022-05-27,Kajaani Petäisenniska,9.1,0.1,-1.0
2022-05-27,Utsjoki Kevo Kevojärvi,5.5,,
2022-05-27,Inari Seitalaassa,2.8,,
2022-05-27,Ilmajoki Seinäjoki lentoasema,10.3,,
2022-05-27,Rovaniemi lentoasema AWOS,7.1,2.8,-1.0
2022-05-27,Jyväskylä lentoasema AWOS,11.5,-1.0,-1.0
2022-05-27,Puumala kirkonkylä,11.1,-1.0,-1.0
2022-05-27,Helsinki Vuosaari satama,8.8,,
2022-05-27,Maarianhamina Länsisatama,9.0,,
2022-05-27,Lumparland Långnäs satama,9.9,-1.0,-1.0
2022-05-27,Kittilä Lompolonvuoma,5.5,7.5,
2022-05-27,Kuusamo Ruka Talvijärvi,5.3,,
2022-05-27,Espoo Nuuksio,9.2,8.1,-1.0
2022-05-27,Mikkeli Lentoasema AWOS,11.5,0.1,-1.0
2022-05-27,Espoo Tapiola,9.5,12.8,-1.0
2022-05-28,Porvoo Kilpilahti satama,8.9,,
2022-05-28,Jomala Maarianhamina lentoasema,8.9,,
2022-05-28,Parainen Utö,9.5,0.0,-1.0
2022-05-28,Lemland Nyhamn,9.3,,
2022-05-28,Jomala Jomalaby,8.8,4.8,-1.0
2022-05-28,Hammarland Märket,8.3,,
2022-05-28,Kökar Bogskär,8.9,,
2022-05-28,Parainen Fagerholm,10.2,-1.0,
2022-05-28,Kumlinge kirkonkylä,8.4,,
2022-05-28,Hanko Russarö,9.7,0.1,
2022-05-28,Kaarina Yltöinen,10.9,4.3,-1.0
2022-05-28,Kemiönsaari Vänö,10.2,,
2022-05-28,Hanko Tulliniemi,9.7,,
2022-05-28,Turku Rajakari,10.4,,
2022-05-28,Turku Artukainen,10.4,-1.0,-1.0
2022-05-28,Kemiönsaari Kemiö,11.6,-1.0,-1.0
2022-05-28,Hanko Tvärminne,10.3,1.2,-1.0
2022-05-28,Salo Kärkkä,11.0,1.7,
2022-05-28,Lohja Leppäkorpi,,3.3,-1.0
2022-05-28,Raasepori Jussarö,9.0,,
2022-05-28,Salo Kiikala lentokenttä,10.5,0.4,-1.0
2022-05-28,Vantaa Helsinki-Vantaan lentoasema,10.1,7.4,-1.0
2022-05-28,Inkoo Bågaskär,9.8,,
2022-05-28,Helsinki Kaisaniemi,10.3,1.2,-1.0
2022-05-28,Lohja Porla,10.5,1.8,-1.0
2022-05-28,Vihti Maasoja,10.2,,
2022-05-28,Helsinki Harmaja,8.6,,
2022-05-28,Kirkkonummi Mäkiluoto,8.8,,
2022-05-28,Helsinki Helsingin majakka,7.8,,
2022-05-28,Helsinki Kumpula,10.5,3.8,-1.0
2022-05-28,Helsinki Malmi lentokenttä,10.0,,
2022-05-28,Porvoo Kalbådagrund,8.0,,
2022-05-28,Porvoo Emäsalo,8.5,,
2022-05-28,Porvoo Harabacka,9.7,0.4,-1.0
2022-05-28,Kotka Rankki,9.4,-1.0,-1.0
2022-05-28,Loviisa Orrengrund,9.1,,
2022-05-28,Kotka Haapasaari,9.3,,
2022-05-28,Pori lentoasema,10.4,,
2022-05-28,Uusikaupunki Itätulli,,1.5,-1.0
2022-05-28,Kustavi Isokari,8.5,1.4,
2022-05-28,Rauma Kylmäpihlaja,9.1,,
2022-05-28,Pori rautatieasema,10.5,0.5,-1.0
2022-05-28,Turku lentoasema,9.5,,
2022-05-28,Kokemäki Rausenkulma,,-1.0,-1.0
2022-05-28,Huittinen Sallila,,2.8,-1.0
2022-05-28,Oripää Teinikivi,,14.3,-1.0
2022-05-28,Pöytyä Yläne,,0.0,-1.0
2022-05-28,Kokemäki Tulkkila,10.7,1.0,-1.0
2022-05-28,Jokioinen Ilmala,10.6,4.9,-1.0
2022-05-28,Nokia Tottijärvi,,2.6,-1.0
2022-05-28,Pirkkala Tampere-Pirkkala lentoasema,10.5,,
2022-05-28,Tampere Härmälä,10.7,3.0,-1.0
2022-05-28,Somero Salkola,9.7,5.0,-1.0
2022-05-28,Hyvinkää Hyvinkäänkylä,10.7,2.7,-1.0
2022-05-28,Vihti Hiiskula,,0.7,-1.0
2022-05-28,Hämeenlinna Pirttikoski,,1.2,-1.0
2022-05-28,Nurmijärvi Röykkä,10.0,3.7,-1.0
2022-05-28,Hämeenlinna Katinen,10.9,1.3,
2022-05-28,Hattula Lepaa,10.8,0.7,-1.0
2022-05-28,Hämeenlinna Lammi Pappila,10.1,3.1,-1.0
2022-05-28,Asikkala Pulkkilanharju,10.5,,
2022-05-28,Kouvola Utti lentoasema,10.4,-1.0,-1.0
2022-05-28,Kouvola Anjala,10.0,-1.0,-1.0
2022-05-28,Heinola Asemantaus,11.4,-1.0,-1.0
2022-05-28,Kouvola Voikoski,,-1.0,-1.0
2022-05-28,Virolahti Koivuniemi,9.5,-1.0,-1.0
2022-05-28,Lappeenranta lentoasema,10.3,,
2022-05-28,Lappeenranta Konnunsuo,10.5,,
2022-05-28,Lappeenranta Lepola,10.3,-1.0,-1.0
2022-05-28,Ruokolahti Kotaniemi,,0.0,-1.0
2022-05-28,Lappeenranta Hiekkapakka,9.9,,
2022-05-28,Parikkala Koitsanlahti,11.1,0.2,-1.0
2022-05-28,Kaskinen Sälgrund,9.1,4.7,
2022-05-28,Merikarvia Tuorila,,1.0,-1.0
2022-05-28,Isojoki Kärjenkoski,,2.6,-1.0
2022-05-28,Teuva Kauppilankylä,,5.0,-1.0
2022-05-28,Pori Tahkoluoto satama,9.6,,
2022-05-28,Kristiinankaupunki Majakka,8.9,,
2022-05-28,Karvia Alkkia,9.7,0.5,-1.0
2022-05-28,Kurikka Hirvijärvi,,1.7,-1.0
2022-05-28,Kauhajoki Kuja-Kokko,8.8,0.5,-1.0
2022-05-28,Kankaanpää Niinisalo lentokenttä,10.1,1.5,-1.0
2022-05-28,Alavus Sulkavankylä,,0.8,-1.0
2022-05-28,Virrat Äijänneva,9.9,,
2022-05-28,Tampere Siilinkari,10.7,,
2022-05-28,Jämsä Halli lentoasema,11.3,1.8,-1.0
2022-05-28,Juupajoki Hyytiälä,10.8,5.5,-1.0
2022-05-28,Sysmä Joutsjärvi,,3.9,-1.0
2022-05-28,Jyväskylä Muuratjärvi,,0.0,-1.0
2022-05-28,Luhanka Judinsalo,10.8,,
2022-05-28,Multia Pirttiperä,,0.8,-1.0
2022-05-28,Joutsa Savenaho,10.3,5.0,-1.0
2022-05-28,Kangasniemi kirkonkylä,,2.0,-1.0
2022-05-28,Joutsa Pärnämäki,,0.3,-1.0
2022-05-28,Mikkeli Pitkähiekka,,1.1,-1.0
2022-05-28,Juva Partala,12.1,,
2022-05-28,Varkaus Kosulanniemi,12.4,0.2,-1.0
2022-05-28,Savonlinna Laukansaari,,0.8,-1.0
2022-05-28,Sulkava Halttula,,-1.0,-1.0
2022-05-28,Savonlinna lentoasema,12.0,,
2022-05-28,Rantasalmi Rukkasluoto,11.8,,
2022-05-28,Savonlinna Punkaharju Laukansaari,12.6,-1.0,-1.0
2022-05-28,Enonkoski Simanala,,0.1,-1.0
2022-05-28,Savonlinna Savonranta,,-1.0,-1.0
2022-05-28,Rääkkylä kirkonkylä,,0.0,-1.0
2022-05-28,Tohmajärvi Kemie,11.4,0.4,-1.0
2022-05-28,Joensuu Huhtilampi,,0.0,-1.0
2022-05-28,Vaasa lentoasema,9.0,,
2022-05-28,Mustasaari Valassaaret,8.3,,
2022-05-28,Närpiö Ylimarkku,,2.0,-1.0
2022-05-28,Mustasaari Riimala,,0.4,-1.0
2022-05-28,Kurikka Pyörni,,3.0,-1.0
2022-05-28,Maalahti Strömmingsbådan,9.2,,
2022-05-28,Vaasa Klemettilä,9.1,1.5,-1.0
2022-05-28,Seinäjoki Pelmaa,8.7,3.2,-1.0
2022-05-28,Kauhava lentokenttä,8.2,2.2,-1.0
2022-05-28,Ähtäri Inha,9.9,0.3,-1.0
2022-05-28,Halsua Purola,8.1,2.2,-1.0
2022-05-28,Alajärvi Möksy,8.7,1.7,-1.0
2022-05-28,Multia Karhila,9.7,5.2,-1.0
2022-05-28,Viitasaari Haapaniemi,10.9,0.3,-1.0
2022-05-28,Äänekoski Kalaniemi,,-1.0,-1.0
2022-05-28,Vesanto kirkonkylä,11.5,-1.0,-1.0
2022-05-28,Pielavesi Venetmäki,,0.0,-1.0
2022-05-28,Siilinjärvi Kuopio lentoasema,12.7,,
2022-05-28,Kuopio Maaninka,12.7,-1.0,-1.0
2022-05-28,Lapinlahti Lamminkäyrä,,-1.0,-1.0
2022-05-28,Suonenjoki Iisvesi,,0.3,-1.0
2022-05-28,Kuopio Karttula,,0.1,-1.0
2022-05-28,Kuopio Ritoniemi,12.1,,
2022-05-28,Kuopio Savilahti,12.7,-1.0,-1.0
2022-05-28,Heinävesi Palokki,,0.5,-1.0
2022-05-28,Outokumpu Viuruniemi,,0.5,-1.0
2022-05-28,Rautavaara Ala-Luosta,,0.0,-1.0
2022-05-28,Rautavaara Ylä-Luosta,10.8,2.9,-1.0
2022-05-28,Liperi Joensuu lentoasema,11.9,,
2022-05-28,Juuka Niemelä,12.4,0.5,-1.0
2022-05-28,Joensuu Pyhäselkä,,0.6,-1.0
2022-05-28,Lieksa Koli,,0.9,-1.0
2022-05-28,Liperi Tuiskavanluoto,11.7,,
2022-05-28,Joensuu Linnunlahti,12.1,-1.0,-1.0
2022-05-28,Lieksa Lampela,11.4,1.3,-1.0
2022-05-28,Ilomantsi Pötsönvaara,10.3,3.5,-1.0
2022-05-28,Ilomantsi Mekrijärvi,11.0,0.3,-1.0
2022-05-28,Pietarsaari Kallan,6.8,,
2022-05-28,Kokkola Tankar,7.5,,
2022-05-28,Kruunupyy Kokkola-Pietarsaari lentoasema,8.0,,
2022-05-28,Kaustinen Tastula,,0.6,-1.0
2022-05-28,Kalajoki Ulkokalla,4.8,,
2022-05-28,Kokkola Santahaka,8.0,0.7,-1.0
2022-05-28,Toholampi Oravala,,0.7,-1.0
2022-05-28,Kalajoki Pitkäsenkylä,,-1.0,-1.0
2022-05-28,Kalajoki Mehtäkylä,,-1.0,-1.0
2022-05-28,Toholampi Laitala,7.5,-1.0,-1.0
2022-05-28,Ylivieska lentokenttä,7.6,1.0,-1.0
2022-05-28,Ylivieska Vähäkangas,,1.5,-1.0
2022-05-28,Haapavesi Mustikkamäki,7.6,2.1,-1.0
2022-05-28,Pyhäjärvi Ojakylä,8.7,0.1,-1.0
2022-05-28,Pyhäjärvi Hiidenniemi,,0.8,-1.0
2022-05-28,Kiuruvesi Korpijoki,,0.0,-1.0
2022-05-28,Siikalatva Kestilä,,1.2,-1.0
2022-05-28,Kajaani lentoasema,9.8,,
2022-05-28,Vieremä Kaarakkala,10.3,0.4,-1.0
2022-05-28,Kajaani Paltaniemi,,0.3,-1.0
2022-05-28,Nurmes Valtimo,12.6,0.8,-1.0
2022-05-28,Ristijärvi Mustavaara,,0.7,-1.0
2022-05-28,Sotkamo Kuolaniemi,12.1,2.0,-1.0
2022-05-28,Nurmes Mujejärvi,,1.8,-1.0
2022-05-28,Kuhmo Apaja,,0.4,-1.0
2022-05-28,Kuhmo Kalliojoki,11.4,3.5,-1.0
2022-05-28,Raahe Nahkiainen,5.1,,
2022-05-28,Hailuoto Keskikylä,8.0,-1.0,-1.0
2022-05-28,Kemi I majakka,7.1,,
2022-05-28,Hailuoto Marjaniemi,6.8,,
2022-05-28,Raahe Lapaluoto satama,6.6,,
2022-05-28,Oulu lentoasema,8.3,,
2022-05-28,Siikajoki Ruukki,7.8,-1.0,-1.0
2022-05-28,Oulu Vihreäsaari satama,8.3,,
2022-05-28,Oulu Oulunsalo Pellonpää,8.1,-1.0,-1.0
2022-05-28,Vaala Pelso,8.7,2.1,-1.0
2022-05-28,Pudasjärvi lentokenttä,8.7,0.8,-1.0
2022-05-28,Utajärvi Särkijärvi,,1.7,-1.0
2022-05-28,Pudasjärvi Jaurakkajärvi,,3.2,-1.0
2022-05-28,Suomussalmi Näljänkä,,0.9,-1.0
2022-05-28,Suomussalmi Pesiö,10.5,0.9,-1.0
2022-05-28,Puolanka Kotila,,0.6,-1.0
2022-05-28,Puolanka Paljakka,9.2,0.4,-1.0
2022-05-28,Kemi Kemi-Tornio lentoasema,8.4,,
2022-05-28,Kemi Ajos,8.5,,
2022-05-28,Tornio Kaakkuri,8.9,0.5,
2022-05-28,Ranua lentokenttä,7.8,0.3,-1.0
2022-05-28,Pudasjärvi Sarakylä,,2.4,-1.0
2022-05-28,Posio Raistakka,,5.2,-1.0
2022-05-28,Taivalkoski Inkee,,2.3,-1.0
2022-05-28,Taivalkoski kirkonkylä,8.7,6.9,-1.0
2022-05-28,Kuusamo lentoasema,8.4,4.3,-1.0
2022-05-28,Kuusamo Kiutaköngäs,9.1,7.5,-1.0
2022-05-28,Kuusamo Rukatunturi,7.1,,
2022-05-28,Kuusamo Teeriranta,,2.0,-1.0
2022-05-28,Kuusamo Juuma,8.3,,
2022-05-28,Ylitornio Meltosjärvi,8.0,0.7,-1.0
2022-05-28,Kolari Kattilamaa,,0.9,-1.0
2022-05-28,Pello kirkonkylä,8.0,-1.0,-1.0
2022-05-28,Rovaniemi rautatieasema,8.3,,
2022-05-28,Sodankylä Tähtelä,7.5,0.9,-1.0
2022-05-28,Rovaniemi Apukka,8.0,-1.0,-1.0
2022-05-28,Pelkosenniemi kirkonkylä,,1.1,-1.0
2022-05-28,Kemijärvi lentokenttä,7.6,2.1,-1.0
2022-05-28,Savukoski kirkonkylä,7.3,7.6,-1.0
2022-05-28,Salla Kelloselkä,,2.0,-1.0
2022-05-28,Pelkosenniemi Pyhätunturi,5.1,,
2022-05-28,Salla kirkonkylä,8.1,10.5,-1.0
2022-05-28,Salla Naruska,9.6,0.3,-1.0
2022-05-28,Enontekiö Kaaresuvanto,,3.5,-1.0
2022-05-28,Enontekiö lentoasema,5.7,,
2022-05-28,Kittilä Pulju,,0.4,-1.0
2022-05-28,Muonio Laukukero,1.7,,
2022-05-28,Muonio Sammaltunturi,3.3,,
2022-05-28,Kittilä Matorova,5.2,,
2022-05-28,Kittilä lentoasema,6.8,,
2022-05-28,Kittilä Kenttärova,5.0,2.0,6.0
2022-05-28,Kittilä Pakatti,7.0,0.9,-1.0
2022-05-28,Kittilä Pokka,6.6,0.5,-1.0
2022-05-28,Sodankylä Lokka,6.1,7.3,-1.0
2022-05-28,Sodankylä Vuotso,6.2,7.1,-1.0
2022-05-28,Inari Saariselkä matkailukeskus,6.6,3.1,-1.0
2022-05-28,Inari Saariselkä Kaunispää,5.4,,
2022-05-28,Inari Raja-Jooseppi Kontiojärvi,,2.6,-1.0
2022-05-28,Inari Raja-Jooseppi,8.2,,
2022-05-28,Salla Värriötunturi,9.0,0.2,-1.0
2022-05-28,Enontekiö Kilpisjärvi kyläkeskus,4.9,0.3,-1.0
2022-05-28,Enontekiö Kilpisjärvi Saana,0.1,,
2022-05-28,Enontekiö Näkkälä,5.1,1.4,-1.0
2022-05-28,Inari Angeli Lintupuoliselkä,5.3,2.8,-1.0
2022-05-28,Inari Ivalo lentoasema,7.6,,
2022-05-28,Utsjoki Kevo,8.4,1.5,-1.0
2022-05-28,Utsjoki Nuorgam,8.7,1.0,-1.0
2022-05-28,Inari Väylä,8.3,,
2022-05-28,Inari kirkonkylä,,3.5,-1.0
2022-05-28,Inari Kaamanen,8.6,1.3,-1.0
2022-05-28,Inari Nellim,9.0,0.4,-1.0
2022-05-28,Inari Kirakkajärvi,8.3,2.6,-1.0
2022-05-28,Mäntsälä Hirvihaara,10.0,1.3,-1.0
2022-05-28,Lahti Sopenkorpi,10.9,-1.0,-1.0
2022-05-28,Siuntio Sjundby,,4.3,-1.0
2022-05-28,Sipoo Itätoukki,8.3,,
2022-05-28,Rauma Pyynpää,9.7,1.2,-1.0
2022-05-28,Muonio Oustajärvi,6.3,0.6,-1.0
2022-05-28,Pyhtää lentokenttä,9.3,-1.0,-1.0
2022-05-28,Sotkamo Tuhkakylä,11.4,1.6,-1.0
2022-05-28,Tervola Loue,8.2,,
2022-05-28,Kajaani Petäisenniska,10.5,0.8,-1.0
2022-05-28,Utsjoki Kevo Kevojärvi,8.3,,
2022-05-28,Inari Seitalaassa,3.6,,
2022-05-28,Ilmajoki Seinäjoki lentoasema,8.3,,
2022-05-28,Rovaniemi lentoasema AWOS,7.4,-1.0,-1.0
2022-05-28,Jyväskylä lentoasema AWOS,11.7,-1.0,-1.0
2022-05-28,Puumala kirkonkylä,11.2,0.1,-1.0
2022-05-28,Helsinki Vuosaari satama,8.9,,
2022-05-28,Maarianhamina Länsisatama,9.0,,
2022-05-28,Lumparland Långnäs satama,9.1,4.4,-1.0
2022-05-28,Kittilä Lompolonvuoma,5.6,1.8,
2022-05-28,Kuusamo Ruka Talvijärvi,8.7,,
2022-05-28,Espoo Nuuksio,9.9,4.2,-1.0
2022-05-28,Mikkeli Lentoasema AWOS,12.1,-1.0,-1.0
2022-05-28,Espoo Tapiola,10.4,9.6,-1.0
2022-05-29,Porvoo Kilpilahti satama,9.5,,
2022-05-29,Jomala Maarianhamina lentoasema,9.4,,
2022-05-29,Parainen Utö,9.5,0.0,-1.0
2022-05-29,Lemland Nyhamn,9.3,,
2022-05-29,Jomala Jomalaby,9.4,-1.0,-1.0
2022-05-29,Hammarland Märket,8.0,,
2022-05-29,Kökar Bogskär,8.6,,
2022-05-29,Parainen Fagerholm,11.0,-1.0,
2022-05-29,Kumlinge kirkonkylä,8.9,,
2022-05-29,Hanko Russarö,9.3,-1.0,
2022-05-29,Kaarina Yltöinen,10.9,-1.0,-1.0
2022-05-29,Kemiönsaari Vänö,9.6,,
2022-05-29,Hanko Tulliniemi,9.3,,
2022-05-29,Turku Rajakari,10.7,,
2022-05-29,Turku Artukainen,11.7,-1.0,-1.0
2022-05-29,Kemiönsaari Kemiö,11.0,-1.0,-1.0
2022-05-29,Hanko Tvärminne,10.1,-1.0,-1.0
2022-05-29,Salo Kärkkä,11.5,-1.0,
2022-05-29,Lohja Leppäkorpi,,-1.0,-1.0
2022-05-29,Raasepori Jussarö,8.8,,
2022-05-29,Salo Kiikala lentokenttä,10.5,-1.0,-1.0
2022-05-29,Vantaa Helsinki-Vantaan lentoasema,10.6,0.0,-1.0
2022-05-29,Inkoo Bågaskär,10.6,,
2022-05-29,Helsinki Kaisaniemi,10.8,-1.0,-1.0
2022-05-29,Lohja Porla,11.6,-1.0,-1.0
2022-05-29,Vihti Maasoja,11.5,,
2022-05-29,Helsinki Harmaja,8.9,,
2022-05-29,Kirkkonummi Mäkiluoto,9.7,,
2022-05-29,Helsinki Helsingin majakka,8.5,,
2022-05-29,Helsinki Kumpula,11.1,-1.0,-1.0
2022-05-29,Helsinki Malmi lentokenttä,10.8,,
2022-05-29,Porvoo Kalbådagrund,8.4,,
2022-05-29,Porvoo Emäsalo,8.8,,
2022-05-29,Porvoo Harabacka,10.6,-1.0,-1.0
2022-05-29,Kotka Rankki,9.6,-1.0,-1.0
2022-05-29,Loviisa Orrengrund,9.5,,
2022-05-29,Kotka Haapasaari,9.2,,
2022-05-29,Pori lentoasema,11.4,,
2022-05-29,Uusikaupunki Itätulli,,0.6,-1.0
2022-05-29,Kustavi Isokari,9.1,-1.0,
2022-05-29,Rauma Kylmäpihlaja,9.9,,
2022-05-29,Pori rautatieasema,11.7,-1.0,-1.0
2022-05-29,Turku lentoasema,11.4,,
2022-05-29,Kokemäki Rausenkulma,,-1.0,-1.0
2022-05-29,Huittinen Sallila,,-1.0,-1.0
2022-05-29,Oripää Teinikivi,,0.0,-1.0
2022-05-29,Pöytyä Yläne,,0.0,-1.0
2022-05-29,Kokemäki Tulkkila,11.8,-1.0,-1.0
2022-05-29,Jokioinen Ilmala,11.3,-1.0,-1.0
2022-05-29,Nokia Tottijärvi,,-1.0,-1.0
2022-05-29,Pirkkala Tampere-Pirkkala lentoasema,12.4,,
2022-05-29,Tampere Härmälä,12.7,0.1,-1.0
2022-05-29,Somero Salkola,10.9,0.1,-1.0
2022-05-29,Hyvinkää Hyvinkäänkylä,12.4,-1.0,-1.0
2022-05-29,Vihti Hiiskula,,-1.0,-1.0
2022-05-29,Hämeenlinna Pirttikoski,,1.2,-1.0
2022-05-29,Nurmijärvi Röykkä,11.3,-1.0,-1.0
2022-05-29,Hämeenlinna Katinen,12.2,0.3,
2022-05-29,Hattula Lepaa,12.2,-1.0,-1.0
2022-05-29,Hämeenlinna Lammi Pappila,10.6,7.1,-1.0
2022-05-29,Asikkala Pulkkilanharju,11.7,,
2022-05-29,Kouvola Utti lentoasema,11.4,-1.0,-1.0
2022-05-29,Kouvola Anjala,11.1,-1.0,-1.0
2022-05-29,Heinola Asemantaus,12.3,-1.0,-1.0
2022-05-29,Kouvola Voikoski,,-1.0,-1.0
2022-05-29,Virolahti Koivuniemi,9.0,-1.0,-1.0
2022-05-29,Lappeenranta lentoasema,12.3,,
2022-05-29,Lappeenranta Konnunsuo,12.8,,
2022-05-29,Lappeenranta Lepola,12.8,-1.0,-1.0
2022-05-29,Ruokolahti Kotaniemi,,1.1,-1.0
2022-05-29,Lappeenranta Hiekkapakka,11.8,,
2022-05-29,Parikkala Koitsanlahti,12.9,-1.0,-1.0
2022-05-29,Kaskinen Sälgrund,10.8,0.5,
2022-05-29,Merikarvia Tuorila,,0.0,-1.0
2022-05-29,Isojoki Kärjenkoski,,0.5,-1.0
2022-05-29,Teuva Kauppilankylä,,3.9,-1.0
2022-05-29,Pori Tahkoluoto satama,10.3,,
2022-05-29,Kristiinankaupunki Majakka,10.0,,
2022-05-29,Karvia Alkkia,10.7,10.0,-1.0
2022-05-29,Kurikka Hirvijärvi,,0.9,-1.0
2022-05-29,Kauhajoki Kuja-Kokko,11.6,2.0,-1.0
2022-05-29,Kankaanpää Niinisalo lentokenttä,12.0,-1.0,-1.0
2022-05-29,Alavus Sulkavankylä,,0.3,-1.0
2022-05-29,Virrat Äijänneva,11.5,,
2022-05-29,Tampere Siilinkari,12.0,,
2022-05-29,Jämsä Halli lentoasema,12.0,0.3,-1.0
2022-05-29,Juupajoki Hyytiälä,10.7,5.8,-1.0
2022-05-29,Sysmä Joutsjärvi,,2.8,-1.0
2022-05-29,Jyväskylä Muuratjärvi,,9.7,-1.0
2022-05-29,Luhanka Judinsalo,12.3,,
2022-05-29,Multia Pirttiperä,,1.1,-1.0
2022-05-29,Joutsa Savenaho,10.6,4.0,-1.0
2022-05-29,Kangasniemi kirkonkylä,,2.5,-1.0
2022-05-29,Joutsa Pärnämäki,,2.3,-1.0
2022-05-29,Mikkeli Pitkähiekka,,1.0,-1.0
2022-05-29,Juva Partala,11.8,,
2022-05-29,Varkaus Kosulanniemi,13.7,0.1,-1.0
2022-05-29,Savonlinna Laukansaari,,0.3,-1.0
2022-05-29,Sulkava Halttula,,3.7,-1.0
2022-05-29,Savonlinna lentoasema,12.5,,
2022-05-29,Rantasalmi Rukkasluoto,13.4,,
2022-05-29,Savonlinna Punkaharju Laukansaari,12.6,1.5,-1.0
2022-05-29,Enonkoski Simanala,,1.0,-1.0
2022-05-29,Savonlinna Savonranta,,0.8,-1.0
2022-05-29,Rääkkylä kirkonkylä,,0.7,-1.0
2022-05-29,Tohmajärvi Kemie,11.3,10.0,-1.0
2022-05-29,Joensuu Huhtilampi,,10.5,-1.0
2022-05-29,Vaasa lentoasema,11.6,,
2022-05-29,Mustasaari Valassaaret,8.2,,
2022-05-29,Närpiö Ylimarkku,,18.8,-1.0
2022-05-29,Mustasaari Riimala,,0.1,-1.0
2022-05-29,Kurikka Pyörni,,0.9,-1.0
2022-05-29,Maalahti Strömmingsbådan,9.6,,
2022-05-29,Vaasa Klemettilä,11.8,-1.0,-1.0
2022-05-29,Seinäjoki Pelmaa,11.7,21.5,-1.0
2022-05-29,Kauhava lentokenttä,11.6,8.2,-1.0
2022-05-29,Ähtäri Inha,11.6,1.2,-1.0
2022-05-29,Halsua Purola,11.5,1.2,-1.0
2022-05-29,Alajärvi Möksy,11.6,0.7,-1.0
2022-05-29,Multia Karhila,10.5,0.6,-1.0
2022-05-29,Viitasaari Haapaniemi,12.6,5.5,-1.0
2022-05-29,Äänekoski Kalaniemi,,-1.0,-1.0
2022-05-29,Vesanto kirkonkylä,13.7,1.6,-1.0
2022-05-29,Pielavesi Venetmäki,,0.8,-1.0
2022-05-29,Siilinjärvi Kuopio lentoasema,13.6,,
2022-05-29,Kuopio Maaninka,13.5,1.7,-1.0
2022-05-29,Lapinlahti Lamminkäyrä,,2.6,-1.0
2022-05-29,Suonenjoki Iisvesi,,1.1,-1.0
2022-05-29,Kuopio Karttula,,0.2,-1.0
2022-05-29,Kuopio Ritoniemi,13.0,,
2022-05-29,Kuopio Savilahti,13.7,0.9,-1.0
2022-05-29,Heinävesi Palokki,,0.4,-1.0
2022-05-29,Outokumpu Viuruniemi,,1.0,-1.0
2022-05-29,Rautavaara Ala-Luosta,,1.7,-1.0
2022-05-29,Rautavaara Ylä-Luosta,12.4,0.2,-1.0
2022-05-29,Liperi Joensuu lentoasema,12.6,,
2022-05-29,Juuka Niemelä,11.5,2.2,-1.0
2022-05-29,Joensuu Pyhäselkä,,14.5,-1.0
2022-05-29,Lieksa Koli,,3.7,-1.0
2022-05-29,Liperi Tuiskavanluoto,13.6,,
2022-05-29,Joensuu Linnunlahti,12.5,8.5,-1.0
2022-05-29,Lieksa Lampela,12.3,2.7,-1.0
2022-05-29,Ilomantsi Pötsönvaara,12.0,1.7,-1.0
2022-05-29,Ilomantsi Mekrijärvi,11.7,7.1,-1.0
2022-05-29,Pietarsaari Kallan,7.3,,
2022-05-29,Kokkola Tankar,8.3,,
2022-05-29,Kruunupyy Kokkola-Pietarsaari lentoasema,11.3,,
2022-05-29,Kaustinen Tastula,,6.7,-1.0
2022-05-29,Kalajoki Ulkokalla,5.4,,
2022-05-29,Kokkola Santahaka,10.9,-1.0,-1.0
2022-05-29,Toholampi Oravala,,0.5,-1.0
2022-05-29,Kalajoki Pitkäsenkylä,,1.2,-1.0
2022-05-29,Kalajoki Mehtäkylä,,-1.0,-1.0
2022-05-29,Toholampi Laitala,11.2,0.9,-1.0
2022-05-29,Ylivieska lentokenttä,11.3,3.3,-1.0
2022-05-29,Ylivieska Vähäkangas,,3.3,-1.0
2022-05-29,Haapavesi Mustikkamäki,11.7,2.0,-1.0
2022-05-29,Pyhäjärvi Ojakylä,11.6,2.8,-1.0
2022-05-29,Pyhäjärvi Hiidenniemi,,0.0,-1.0
2022-05-29,Kiuruvesi Korpijoki,,3.0,-1.0
2022-05-29,Siikalatva Kestilä,,0.4,-1.0
2022-05-29,Kajaani lentoasema,11.8,,
2022-05-29,Vieremä Kaarakkala,11.9,7.1,-1.0
2022-05-29,Kajaani Paltaniemi,,11.0,-1.0
2022-05-29,Nurmes Valtimo,12.5,4.8,-1.0
2022-05-29,Ristijärvi Mustavaara,,0.6,-1.0
2022-05-29,Sotkamo Kuolaniemi,13.7,1.2,-1.0
2022-05-29,Nurmes Mujejärvi,,3.3,-1.0
2022-05-29,Kuhmo Apaja,,0.7,-1.0
2022-05-29,Kuhmo Kalliojoki,13.1,2.1,-1.0
2022-05-29,Raahe Nahkiainen,9.6,,
2022-05-29,Hailuoto Keskikylä,11.8,3.3,-1.0
2022-05-29,Kemi I majakka,11.7,,
2022-05-29,Hailuoto Marjaniemi,9.9,,
2022-05-29,Raahe Lapaluoto satama,10.3,,
2022-05-29,Oulu lentoasema,12.3,,
2022-05-29,Siikajoki Ruukki,12.3,2.1,-1.0
2022-05-29,Oulu Vihreäsaari satama,11.8,,
2022-05-29,Oulu Oulunsalo Pellonpää,11.8,3.0,-1.0
2022-05-29,Vaala Pelso,12.2,0.8,-1.0
2022-05-29,Pudasjärvi lentokenttä,14.3,0.1,-1.0
2022-05-29,Utajärvi Särkijärvi,,0.0,-1.0
2022-05-29,Pudasjärvi Jaurakkajärvi,,-1.0,-1.0
2022-05-29,Suomussalmi Näljänkä,,0.3,-1.0
2022-05-29,Suomussalmi Pesiö,13.4,1.2,-1.0
2022-05-29,Puolanka Kotila,,0.0,-1.0
2022-05-29,Puolanka Paljakka,13.2,1.0,-1.0
2022-05-29,Kemi Kemi-Tornio lentoasema,13.7,,
2022-05-29,Kemi Ajos,14.1,,
2022-05-29,Tornio Kaakkuri,14.0,-1.0,
2022-05-29,Ranua lentokenttä,13.4,-1.0,-1.0
2022-05-29,Pudasjärvi Sarakylä,,-1.0,-1.0
2022-05-29,Posio Raistakka,,0.5,-1.0
2022-05-29,Taivalkoski Inkee,,0.0,-1.0
2022-05-29,Taivalkoski kirkonkylä,12.6,-1.0,-1.0
2022-05-29,Kuusamo lentoasema,11.8,-1.0,-1.0
2022-05-29,Kuusamo Kiutaköngäs,11.8,-1.0,-1.0
2022-05-29,Kuusamo Rukatunturi,9.3,,
2022-05-29,Kuusamo Teeriranta,,0.5,-1.0
2022-05-29,Kuusamo Juuma,11.3,,
2022-05-29,Ylitornio Meltosjärvi,12.5,-1.0,-1.0
2022-05-29,Kolari Kattilamaa,,-1.0,-1.0
2022-05-29,Pello kirkonkylä,12.4,-1.0,-1.0
2022-05-29,Rovaniemi rautatieasema,13.3,,
2022-05-29,Sodankylä Tähtelä,9.6,-1.0,-1.0
2022-05-29,Rovaniemi Apukka,12.6,-1.0,-1.0
2022-05-29,Pelkosenniemi kirkonkylä,,-1.0,-1.0
2022-05-29,Kemijärvi lentokenttä,11.0,-1.0,-1.0
2022-05-29,Savukoski kirkonkylä,10.0,0.0,-1.0
2022-05-29,Salla Kelloselkä,,-1.0,-1.0
2022-05-29,Pelkosenniemi Pyhätunturi,8.4,,
2022-05-29,Salla kirkonkylä,11.1,-1.0,-1.0
2022-05-29,Salla Naruska,10.3,-1.0,-1.0
2022-05-29,Enontekiö Kaaresuvanto,,0.2,-1.0
2022-05-29,Enontekiö lentoasema,9.2,,
2022-05-29,Kittilä Pulju,,-1.0,-1.0
2022-05-29,Muonio Laukukero,5.0,,
2022-05-29,Muonio Sammaltunturi,6.7,,
2022-05-29,Kittilä Matorova,8.2,,
2022-05-29,Kittilä lentoasema,9.9,,
2022-05-29,Kittilä Kenttärova,8.0,0.1,-1.0
2022-05-29,Kittilä Pakatti,9.8,-1.0,-1.0
2022-05-29,Kittilä Pokka,8.0,-1.0,-1.0
2022-05-29,Sodankylä Lokka,8.7,0.2,-1.0
2022-05-29,Sodankylä Vuotso,8.2,-1.0,-1.0
2022-05-29,Inari Saariselkä matkailukeskus,6.6,0.1,-1.0
2022-05-29,Inari Saariselkä Kaunispää,5.4,,
2022-05-29,Inari Raja-Jooseppi Kontiojärvi,,0.7,-1.0
2022-05-29,Inari Raja-Jooseppi,7.6,,
2022-05-29,Salla Värriötunturi,6.8,0.4,-1.0
2022-05-29,Enontekiö Kilpisjärvi kyläkeskus,7.4,-1.0,-1.0
2022-05-29,Enontekiö Kilpisjärvi Saana,3.5,,
2022-05-29,Enontekiö Näkkälä,8.0,0.3,-1.0
2022-05-29,Inari Angeli Lintupuoliselkä,8.2,-1.0,-1.0
2022-05-29,Inari Ivalo lentoasema,7.0,,
2022-05-29,Utsjoki Kevo,8.4,1.0,-1.0
2022-05-29,Utsjoki Nuorgam,8.5,0.2,-1.0
2022-05-29,Inari Väylä,7.4,,
2022-05-29,Inari kirkonkylä,,1.1,-1.0
2022-05-29,Inari Kaamanen,7.4,2.5,-1.0
2022-05-29,Inari Nellim,7.6,1.6,-1.0
2022-05-29,Inari Kirakkajärvi,5.6,-1.0,-1.0
2022-05-29,Mäntsälä Hirvihaara,9.8,-1.0,-1.0
2022-05-29,Lahti Sopenkorpi,12.2,-1.0,-1.0
2022-05-29,Siuntio Sjundby,,0.1,-1.0
2022-05-29,Sipoo Itätoukki,8.6,,
2022-05-29,Rauma Pyynpää,10.8,-1.0,-1.0
2022-05-29,Muonio Oustajärvi,9.9,-1.0,-1.0
2022-05-29,Pyhtää lentokenttä,9.8,-1.0,-1.0
2022-05-29,Sotkamo Tuhkakylä,12.3,1.6,-1.0
2022-05-29,Tervola Loue,13.2,,
2022-05-29,Kajaani Petäisenniska,12.4,2.8,-1.0
2022-05-29,Utsjoki Kevo Kevojärvi,8.3,,
2022-05-29,Inari Seitalaassa,3.0,,
2022-05-29,Ilmajoki Seinäjoki lentoasema,12.0,,
2022-05-29,Rovaniemi lentoasema AWOS,12.0,-1.0,-1.0
2022-05-29,Jyväskylä lentoasema AWOS,12.1,0.2,-1.0
2022-05-29,Puumala kirkonkylä,13.2,1.7,-1.0
2022-05-29,Helsinki Vuosaari satama,9.7,,
2022-05-29,Maarianhamina Länsisatama,9.6,,
2022-05-29,Lumparland Långnäs satama,9.6,-1.0,-1.0
2022-05-29,Kittilä Lompolonvuoma,7.9,0.3,
2022-05-29,Kuusamo Ruka Talvijärvi,11.3,,
2022-05-29,Espoo Nuuksio,10.5,-1.0,-1.0
2022-05-29,Mikkeli Lentoasema AWOS,12.5,0.7,-1.0
2022-05-29,Espoo Tapiola,11.4,-1.0,-1.0
2022-05-30,Porvoo Kilpilahti satama,11.7,,
2022-05-30,Jomala Maarianhamina lentoasema,10.0,,
2022-05-30,Parainen Utö,10.6,2.0,-1.0
2022-05-30,Lemland Nyhamn,10.5,,
2022-05-30,Jomala Jomalaby,10.1,0.3,-1.0
2022-05-30,Hammarland Märket,8.7,,
2022-05-30,Kökar Bogskär,9.4,,
2022-05-30,Parainen Fagerholm,12.4,2.7,
2022-05-30,Kumlinge kirkonkylä,10.4,,
2022-05-30,Hanko Russarö,10.6,5.3,
2022-05-30,Kaarina Yltöinen,12.4,1.1,-1.0
2022-05-30,Kemiönsaari Vänö,11.2,,
2022-05-30,Hanko Tulliniemi,10.7,,
2022-05-30,Turku Rajakari,12.1,,
2022-05-30,Turku Artukainen,13.4,0.8,-1.0
2022-05-30,Kemiönsaari Kemiö,13.3,1.9,-1.0
2022-05-30,Hanko Tvärminne,11.4,4.9,-1.0
2022-05-30,Salo Kärkkä,13.0,1.1,
2022-05-30,Lohja Leppäkorpi,,-1.0,-1.0
2022-05-30,Raasepori Jussarö,10.2,,
2022-05-30,Salo Kiikala lentokenttä,11.5,1.1,-1.0
2022-05-30,Vantaa Helsinki-Vantaan lentoasema,13.1,1.1,-1.0
2022-05-30,Inkoo Bågaskär,10.4,,
2022-05-30,Helsinki Kaisaniemi,13.0,1.9,-1.0
2022-05-30,Lohja Porla,12.5,3.2,-1.0
2022-05-30,Vihti Maasoja,11.9,,
2022-05-30,Helsinki Harmaja,9.5,,
2022-05-30,Kirkkonummi Mäkiluoto,9.8,,
2022-05-30,Helsinki Helsingin majakka,8.8,,
2022-05-30,Helsinki Kumpula,13.3,2.5,-1.0
2022-05-30,Helsinki Malmi lentokenttä,12.7,,
2022-05-30,Porvoo Kalbådagrund,9.3,,
2022-05-30,Porvoo Emäsalo,11.0,,
2022-05-30,Porvoo Harabacka,14.3,2.5,-1.0
2022-05-30,Kotka Rankki,12.5,1.0,-1.0
2022-05-30,Loviisa Orrengrund,12.1,,
2022-05-30,Kotka Haapasaari,12.0,,
2022-05-30,Pori lentoasema,12.5,,
2022-05-30,Uusikaupunki Itätulli,,1.0,-1.0
2022-05-30,Kustavi Isokari,10.1,0.9,
2022-05-30,Rauma Kylmäpihlaja,10.8,,
2022-05-30,Pori rautatieasema,13.0,-1.0,-1.0
2022-05-30,Turku lentoasema,12.5,,
2022-05-30,Kokemäki Rausenkulma,,9.8,-1.0
2022-05-30,Huittinen Sallila,,0.2,-1.0
2022-05-30,Oripää Teinikivi,,-1.0,-1.0
2022-05-30,Pöytyä Yläne,,0.2,-1.0
2022-05-30,Kokemäki Tulkkila,12.5,2.1,-1.0
2022-05-30,Jokioinen Ilmala,12.5,0.1,-1.0
2022-05-30,Nokia Tottijärvi,,0.3,-1.0
2022-05-30,Pirkkala Tampere-Pirkkala lentoasema,13.4,,
2022-05-30,Tampere Härmälä,13.7,-1.0,-1.0
2022-05-30,Somero Salkola,11.8,0.6,-1.0
2022-05-30,Hyvinkää Hyvinkäänkylä,14.0,0.5,-1.0
2022-05-30,Vihti Hiiskula,,0.9,-1.0
2022-05-30,Hämeenlinna Pirttikoski,,-1.0,-1.0
2022-05-30,Nurmijärvi Röykkä,12.8,0.9,-1.0
2022-05-30,Hämeenlinna Katinen,14.3,-1.0,
2022-05-30,Hattula Lepaa,13.7,1.2,-1.0
2022-05-30,Hämeenlinna Lammi Pappila,13.3,-1.0,-1.0
2022-05-30,Asikkala Pulkkilanharju,13.1,,
2022-05-30,Kouvola Utti lentoasema,14.1,3.1,-1.0
2022-05-30,Kouvola Anjala,14.0,-1.0,-1.0
2022-05-30,Heinola Asemantaus,13.9,-1.0,-1.0
2022-05-30,Kouvola Voikoski,,-1.0,-1.0
2022-05-30,Virolahti Koivuniemi,13.5,0.0,-1.0
2022-05-30,Lappeenranta lentoasema,13.8,,
2022-05-30,Lappeenranta Konnunsuo,13.5,,
2022-05-30,Lappeenranta Lepola,14.0,2.9,-1.0
2022-05-30,Ruokolahti Kotaniemi,,-1.0,-1.0
2022-05-30,Lappeenranta Hiekkapakka,13.3,,
2022-05-30,Parikkala Koitsanlahti,14.3,-1.0,-1.0
2022-05-30,Kaskinen Sälgrund,11.7,7.7,
2022-05-30,Merikarvia Tuorila,,0.5,-1.0
2022-05-30,Isojoki Kärjenkoski,,0.5,-1.0
2022-05-30,Teuva Kauppilankylä,,14.3,-1.0
2022-05-30,Pori Tahkoluoto satama,11.4,,
2022-05-30,Kristiinankaupunki Majakka,10.7,,
2022-05-30,Karvia Alkkia,11.9,6.0,-1.0
2022-05-30,Kurikka Hirvijärvi,,5.8,-1.0
2022-05-30,Kauhajoki Kuja-Kokko,12.6,10.9,-1.0
2022-05-30,Kankaanpää Niinisalo lentokenttä,13.2,0.2,-1.0
2022-05-30,Alavus Sulkavankylä,,0.6,-1.0
2022-05-30,Virrat Äijänneva,12.8,,
2022-05-30,Tampere Siilinkari,13.4,,
2022-05-30,Jämsä Halli lentoasema,13.0,4.2,-1.0
2022-05-30,Juupajoki Hyytiälä,12.7,5.7,-1.0
2022-05-30,Sysmä Joutsjärvi,,0.0,-1.0
2022-05-30,Jyväskylä Muuratjärvi,,4.1,-1.0
2022-05-30,Luhanka Judinsalo,13.5,,
2022-05-30,Multia Pirttiperä,,5.9,-1.0
2022-05-30,Joutsa Savenaho,12.7,4.4,-1.0
2022-05-30,Kangasniemi kirkonkylä,,1.3,-1.0
2022-05-30,Joutsa Pärnämäki,,19.2,-1.0
2022-05-30,Mikkeli Pitkähiekka,,2.2,-1.0
2022-05-30,Juva Partala,14.3,,
2022-05-30,Varkaus Kosulanniemi,14.1,0.4,-1.0
2022-05-30,Savonlinna Laukansaari,,5.7,-1.0
2022-05-30,Sulkava Halttula,,-1.0,-1.0
2022-05-30,Savonlinna lentoasema,14.4,,
2022-05-30,Rantasalmi Rukkasluoto,15.6,,
2022-05-30,Savonlinna Punkaharju Laukansaari,14.3,3.3,-1.0
2022-05-30,Enonkoski Simanala,,-1.0,-1.0
2022-05-30,Savonlinna Savonranta,,2.0,-1.0
2022-05-30,Rääkkylä kirkonkylä,,0.0,-1.0
2022-05-30,Tohmajärvi Kemie,12.9,6.3,-1.0
2022-05-30,Joensuu Huhtilampi,,0.0,-1.0
2022-05-30,Vaasa lentoasema,12.4,,
2022-05-30,Mustasaari Valassaaret,8.3,,
2022-05-30,Närpiö Ylimarkku,,1.4,-1.0
2022-05-30,Mustasaari Riimala,,0.0,-1.0
2022-05-30,Kurikka Pyörni,,6.9,-1.0
2022-05-30,Maalahti Strömmingsbådan,10.4,,
2022-05-30,Vaasa Klemettilä,12.2,-1.0,-1.0
2022-05-30,Seinäjoki Pelmaa,13.2,5.1,-1.0
2022-05-30,Kauhava lentokenttä,13.1,0.3,-1.0
2022-05-30,Ähtäri Inha,12.0,1.4,-1.0
2022-05-30,Halsua Purola,13.1,-1.0,-1.0
2022-05-30,Alajärvi Möksy,11.7,15.1,-1.0
2022-05-30,Multia Karhila,12.6,13.9,-1.0
2022-05-30,Viitasaari Haapaniemi,13.1,-1.0,-1.0
2022-05-30,Äänekoski Kalaniemi,,-1.0,-1.0
2022-05-30,Vesanto kirkonkylä,12.8,-1.0,-1.0
2022-05-30,Pielavesi Venetmäki,,0.3,-1.0
2022-05-30,Siilinjärvi Kuopio lentoasema,12.9,,
2022-05-30,Kuopio Maaninka,11.9,0.5,-1.0
2022-05-30,Lapinlahti Lamminkäyrä,,2.6,-1.0
2022-05-30,Suonenjoki Iisvesi,,2.3,-1.0
2022-05-30,Kuopio Karttula,,-1.0,-1.0
2022-05-30,Kuopio Ritoniemi,13.4,,
2022-05-30,Kuopio Savilahti,13.5,0.3,-1.0
2022-05-30,Heinävesi Palokki,,6.5,-1.0
2022-05-30,Outokumpu Viuruniemi,,0.1,-1.0
2022-05-30,Rautavaara Ala-Luosta,,0.1,-1.0
2022-05-30,Rautavaara Ylä-Luosta,12.1,-1.0,-1.0
2022-05-30,Liperi Joensuu lentoasema,13.9,,
2022-05-30,Juuka Niemelä,12.2,-1.0,-1.0
2022-05-30,Joensuu Pyhäselkä,,-1.0,-1.0
2022-05-30,Lieksa Koli,,4.2,-1.0
2022-05-30,Liperi Tuiskavanluoto,14.3,,
2022-05-30,Joensuu Linnunlahti,14.3,-1.0,-1.0
2022-05-30,Lieksa Lampela,12.2,-1.0,-1.0
2022-05-30,Ilomantsi Pötsönvaara,11.7,-1.0,-1.0
2022-05-30,Ilomantsi Mekrijärvi,12.6,1.9,-1.0
2022-05-30,Pietarsaari Kallan,8.4,,
2022-05-30,Kokkola Tankar,8.7,,
2022-05-30,Kruunupyy Kokkola-Pietarsaari lentoasema,12.2,,
2022-05-30,Kaustinen Tastula,,-1.0,-1.0
2022-05-30,Kalajoki Ulkokalla,5.3,,
2022-05-30,Kokkola Santahaka,10.5,0.8,-1.0
2022-05-30,Toholampi Oravala,,0.9,-1.0
2022-05-30,Kalajoki Pitkäsenkylä,,2.4,-1.0
2022-05-30,Kalajoki Mehtäkylä,,0.7,-1.0
2022-05-30,Toholampi Laitala,12.3,0.4,-1.0
2022-05-30,Ylivieska lentokenttä,11.8,0.3,-1.0
2022-05-30,Ylivieska Vähäkangas,,2.6,-1.0
2022-05-30,Haapavesi Mustikkamäki,12.3,1.0,-1.0
2022-05-30,Pyhäjärvi Ojakylä,10.9,1.8,-1.0
2022-05-30,Pyhäjärvi Hiidenniemi,,0.0,-1.0
2022-05-30,Kiuruvesi Korpijoki,,3.2,-1.0
2022-05-30,Siikalatva Kestilä,,0.5,-1.0
2022-05-30,Kajaani lentoasema,10.8,,
2022-05-30,Vieremä Kaarakkala,10.3,2.6,-1.0
2022-05-30,Kajaani Paltaniemi,,0.5,-1.0
2022-05-30,Nurmes Valtimo,10.9,0.1,-1.0
2022-05-30,Ristijärvi Mustavaara,,3.6,-1.0
2022-05-30,Sotkamo Kuolaniemi,10.7,1.9,-1.0
2022-05-30,Nurmes Mujejärvi,,0.9,-1.0
2022-05-30,Kuhmo Apaja,,3.2,-1.0
2022-05-30,Kuhmo Kalliojoki,10.5,-1.0,-1.0
2022-05-30,Raahe Nahkiainen,8.6,,
2022-05-30,Hailuoto Keskikylä,13.8,-1.0,-1.0
2022-05-30,Kemi I majakka,10.9,,
2022-05-30,Hailuoto Marjaniemi,11.4,,
2022-05-30,Raahe Lapaluoto satama,11.1,,
2022-05-30,Oulu lentoasema,14.7,,
2022-05-30,Siikajoki Ruukki,13.7,0.6,-1.0
2022-05-30,Oulu Vihreäsaari satama,13.0,,
2022-05-30,Oulu Oulunsalo Pellonpää,14.5,-1.0,-1.0
2022-05-30,Vaala Pelso,12.9,0.1,-1.0
2022-05-30,Pudasjärvi lentokenttä,13.4,-1.0,-1.0
2022-05-30,Utajärvi Särkijärvi,,0.0,-1.0
2022-05-30,Pudasjärvi Jaurakkajärvi,,0.2,-1.0
2022-05-30,Suomussalmi Näljänkä,,-1.0,-1.0
2022-05-30,Suomussalmi Pesiö,11.5,-1.0,-1.0
2022-05-30,Puolanka Kotila,,1.4,-1.0
2022-05-30,Puolanka Paljakka,10.5,0.4,-1.0
2022-05-30,Kemi Kemi-Tornio lentoasema,15.1,,
2022-05-30,Kemi Ajos,14.4,,
2022-05-30,Tornio Kaakkuri,15.3,-1.0,
2022-05-30,Ranua lentokenttä,14.4,-1.0,-1.0
2022-05-30,Pudasjärvi Sarakylä,,-1.0,-1.0
2022-05-30,Posio Raistakka,,-1.0,-1.0
2022-05-30,Taivalkoski Inkee,,0.0,-1.0
2022-05-30,Taivalkoski kirkonkylä,12.1,-1.0,-1.0
2022-05-30,Kuusamo lentoasema,11.6,-1.0,-1.0
2022-05-30,Kuusamo Kiutaköngäs,12.8,-1.0,-1.0
2022-05-30,Kuusamo Rukatunturi,9.7,,
2022-05-30,Kuusamo Teeriranta,,-1.0,-1.0
2022-05-30,Kuusamo Juuma,12.1,,
2022-05-30,Ylitornio Meltosjärvi,14.9,-1.0,-1.0
2022-05-30,Kolari Kattilamaa,,-1.0,-1.0
2022-05-30,Pello kirkonkylä,14.7,-1.0,-1.0
2022-05-30,Rovaniemi rautatieasema,15.4,,
2022-05-30,Sodankylä Tähtelä,13.3,-1.0,-1.0
2022-05-30,Rovaniemi Apukka,14.6,-1.0,-1.0
2022-05-30,Pelkosenniemi kirkonkylä,,-1.0,-1.0
2022-05-30,Kemijärvi lentokenttä,13.6,-1.0,-1.0
2022-05-30,Savukoski kirkonkylä,13.5,-1.0,-1.0
2022-05-30,Salla Kelloselkä,,-1.0,-1.0
2022-05-30,Pelkosenniemi Pyhätunturi,11.3,,
2022-05-30,Salla kirkonkylä,13.7,-1.0,-1.0
2022-05-30,Salla Naruska,13.8,-1.0,-1.0
2022-05-30,Enontekiö Kaaresuvanto,,-1.0,-1.0
2022-05-30,Enontekiö lentoasema,11.5,,
2022-05-30,Kittilä Pulju,,-1.0,-1.0
2022-05-30,Muonio Laukukero,7.2,,
2022-05-30,Muonio Sammaltunturi,9.3,,
2022-05-30,Kittilä Matorova,11.0,,
2022-05-30,Kittilä lentoasema,12.4,,
2022-05-30,Kittilä Kenttärova,10.8,-1.0,-1.0
2022-05-30,Kittilä Pakatti,12.7,-1.0,-1.0
2022-05-30,Kittilä Pokka,10.5,-1.0,-1.0
2022-05-30,Sodankylä Lokka,11.6,-1.0,-1.0
2022-05-30,Sodankylä Vuotso,10.7,-1.0,-1.0
2022-05-30,Inari Saariselkä matkailukeskus,9.4,-1.0,-1.0
2022-05-30,Inari Saariselkä Kaunispää,7.8,,
2022-05-30,Inari Raja-Jooseppi Kontiojärvi,,-1.0,-1.0
2022-05-30,Inari Raja-Jooseppi,9.4,,
2022-05-30,Salla Värriötunturi,9.8,-1.0,-1.0
2022-05-30,Enontekiö Kilpisjärvi kyläkeskus,10.9,-1.0,-1.0
2022-05-30,Enontekiö Kilpisjärvi Saana,5.3,,
2022-05-30,Enontekiö Näkkälä,10.3,-1.0,-1.0
2022-05-30,Inari Angeli Lintupuoliselkä,9.6,-1.0,-1.0
2022-05-30,Inari Ivalo lentoasema,9.7,,
2022-05-30,Utsjoki Kevo,10.9,-1.0,-1.0
2022-05-30,Utsjoki Nuorgam,9.4,-1.0,-1.0
2022-05-30,Inari Väylä,9.3,,
2022-05-30,Inari kirkonkylä,,-1.0,-1.0
2022-05-30,Inari Kaamanen,9.3,-1.0,-1.0
2022-05-30,Inari Nellim,9.7,-1.0,-1.0
2022-05-30,Inari Kirakkajärvi,7.4,-1.0,-1.0
2022-05-30,Mäntsälä Hirvihaara,13.6,0.1,-1.0
2022-05-30,Lahti Sopenkorpi,14.3,0.1,-1.0
2022-05-30,Siuntio Sjundby,,2.5,-1.0
2022-05-30,Sipoo Itätoukki,9.6,,
2022-05-30,Rauma Pyynpää,11.1,0.5,-1.0
2022-05-30,Muonio Oustajärvi,12.5,-1.0,-1.0
2022-05-30,Pyhtää lentokenttä,14.1,-1.0,-1.0
2022-05-30,Sotkamo Tuhkakylä,9.8,1.5,-1.0
2022-05-30,Tervola Loue,14.9,,
2022-05-30,Kajaani Petäisenniska,10.7,0.3,-1.0
2022-05-30,Utsjoki Kevo Kevojärvi,10.1,,
2022-05-30,Inari Seitalaassa,3.5,,
2022-05-30,Ilmajoki Seinäjoki lentoasema,13.3,,
2022-05-30,Rovaniemi lentoasema AWOS,14.2,-1.0,-1.0
2022-05-30,Jyväskylä lentoasema AWOS,14.3,6.8,-1.0
2022-05-30,Puumala kirkonkylä,14.7,-1.0,-1.0
2022-05-30,Helsinki Vuosaari satama,10.7,,
2022-05-30,Maarianhamina Länsisatama,10.3,,
2022-05-30,Lumparland Långnäs satama,11.0,0.8,-1.0
2022-05-30,Kittilä Lompolonvuoma,11.1,-1.0,
2022-05-30,Kuusamo Ruka Talvijärvi,11.7,,
2022-05-30,Espoo Nuuksio,12.5,1.8,-1.0
2022-05-30,Mikkeli Lentoasema AWOS,13.1,8.9,-1.0
2022-05-30,Espoo Tapiola,12.0,2.5,-1.0
2022-05-31,Porvoo Kilpilahti satama,11.9,,
2022-05-31,Jomala Maarianhamina lentoasema,11.4,,
2022-05-31,Parainen Utö,10.2,8.1,-1.0
2022-05-31,Lemland Nyhamn,11.2,,
2022-05-31,Jomala Jomalaby,11.3,11.3,-1.0
2022-05-31,Hammarland Märket,9.5,,
2022-05-31,Kökar Bogskär,10.0,,
2022-05-31,Parainen Fagerholm,11.5,5.9,
2022-05-31,Kumlinge kirkonkylä,11.2,,
2022-05-31,Hanko Russarö,10.1,6.3,
2022-05-31,Kaarina Yltöinen,11.9,16.1,-1.0
2022-05-31,Kemiönsaari Vänö,10.9,,
2022-05-31,Hanko Tulliniemi,10.3,,
2022-05-31,Turku Rajakari,12.2,,
2022-05-31,Turku Artukainen,12.1,23.2,-1.0
2022-05-31,Kemiönsaari Kemiö,11.4,9.7,-1.0
2022-05-31,Hanko Tvärminne,10.4,12.9,-1.0
2022-05-31,Salo Kärkkä,11.8,8.0,
2022-05-31,Lohja Leppäkorpi,,10.3,-1.0
2022-05-31,Raasepori Jussarö,9.8,,
2022-05-31,Salo Kiikala lentokenttä,10.7,11.4,-1.0
2022-05-31,Vantaa Helsinki-Vantaan lentoasema,11.4,9.2,-1.0
2022-05-31,Inkoo Bågaskär,10.1,,
2022-05-31,Helsinki Kaisaniemi,11.6,3.6,-1.0
2022-05-31,Lohja Porla,10.9,17.5,-1.0
2022-05-31,Vihti Maasoja,10.9,,
2022-05-31,Helsinki Harmaja,10.4,,
2022-05-31,Kirkkonummi Mäkiluoto,9.9,,
2022-05-31,Helsinki Helsingin majakka,10.0,,
2022-05-31,Helsinki Kumpula,11.5,3.8,-1.0
2022-05-31,Helsinki Malmi lentokenttä,11.3,,
2022-05-31,Porvoo Kalbådagrund,10.4,,
2022-05-31,Porvoo Emäsalo,11.2,,
2022-05-31,Porvoo Harabacka,11.9,3.7,-1.0
2022-05-31,Kotka Rankki,11.8,2.9,-1.0
2022-05-31,Loviisa Orrengrund,11.1,,
2022-05-31,Kotka Haapasaari,11.6,,
2022-05-31,Pori lentoasema,13.3,,
2022-05-31,Uusikaupunki Itätulli,,10.8,-1.0
2022-05-31,Kustavi Isokari,11.5,12.2,
2022-05-31,Rauma Kylmäpihlaja,12.7,,
2022-05-31,Pori rautatieasema,13.6,5.2,-1.0
2022-05-31,Turku lentoasema,11.5,,
2022-05-31,Kokemäki Rausenkulma,,7.5,-1.0
2022-05-31,Huittinen Sallila,,8.3,-1.0
2022-05-31,Oripää Teinikivi,,6.4,-1.0
2022-05-31,Pöytyä Yläne,,7.4,-1.0
2022-05-31,Kokemäki Tulkkila,12.5,3.7,-1.0
2022-05-31,Jokioinen Ilmala,11.4,6.4,-1.0
2022-05-31,Nokia Tottijärvi,,2.2,-1.0
2022-05-31,Pirkkala Tampere-Pirkkala lentoasema,12.1,,
2022-05-31,Tampere Härmälä,12.2,2.1,-1.0
2022-05-31,Somero Salkola,10.5,8.7,-1.0
2022-05-31,Hyvinkää Hyvinkäänkylä,11.5,13.6,-1.0
2022-05-31,Vihti Hiiskula,,10.0,-1.0
2022-05-31,Hämeenlinna Pirttikoski,,6.3,-1.0
2022-05-31,Nurmijärvi Röykkä,11.0,9.9,-1.0
2022-05-31,Hämeenlinna Katinen,11.7,4.3,
2022-05-31,Hattula Lepaa,11.3,2.3,-1.0
2022-05-31,Hämeenlinna Lammi Pappila,11.0,8.8,-1.0
2022-05-31,Asikkala Pulkkilanharju,12.1,,
2022-05-31,Kouvola Utti lentoasema,12.7,4.6,-1.0
2022-05-31,Kouvola Anjala,12.9,6.3,-1.0
2022-05-31,Heinola Asemantaus,11.8,6.3,-1.0
2022-05-31,Kouvola Voikoski,,2.0,-1.0
2022-05-31,Virolahti Koivuniemi,13.1,6.0,-1.0
2022-05-31,Lappeenranta lentoasema,12.6,,
2022-05-31,Lappeenranta Konnunsuo,13.2,,
2022-05-31,Lappeenranta Lepola,12.7,3.5,-1.0
2022-05-31,Ruokolahti Kotaniemi,,6.8,-1.0
2022-05-31,Lappeenranta Hiekkapakka,12.5,,
2022-05-31,Parikkala Koitsanlahti,12.3,2.1,-1.0
2022-05-31,Kaskinen Sälgrund,13.5,8.8,
2022-05-31,Merikarvia Tuorila,,5.0,-1.0
2022-05-31,Isojoki Kärjenkoski,,4.5,-1.0
2022-05-31,Teuva Kauppilankylä,,2.6,-1.0
2022-05-31,Pori Tahkoluoto satama,13.9,,
2022-05-31,Kristiinankaupunki Majakka,13.7,,
2022-05-31,Karvia Alkkia,12.7,4.9,-1.0
2022-05-31,Kurikka Hirvijärvi,,9.6,-1.0
2022-05-31,Kauhajoki Kuja-Kokko,13.2,4.1,-1.0
2022-05-31,Kankaanpää Niinisalo lentokenttä,13.1,4.2,-1.0
2022-05-31,Alavus Sulkavankylä,,1.6,-1.0
2022-05-31,Virrat Äijänneva,13.2,,
2022-05-31,Tampere Siilinkari,12.1,,
2022-05-31,Jämsä Halli lentoasema,12.4,3.0,-1.0
2022-05-31,Juupajoki Hyytiälä,11.8,2.6,-1.0
2022-05-31,Sysmä Joutsjärvi,,3.4,-1.0
2022-05-31,Jyväskylä Muuratjärvi,,2.1,-1.0
2022-05-31,Luhanka Judinsalo,13.2,,
2022-05-31,Multia Pirttiperä,,3.1,-1.0
2022-05-31,Joutsa Savenaho,12.4,1.9,-1.0
2022-05-31,Kangasniemi kirkonkylä,,0.8,-1.0
2022-05-31,Joutsa Pärnämäki,,1.9,-1.0
2022-05-31,Mikkeli Pitkähiekka,,1.7,-1.0
2022-05-31,Juva Partala,13.6,,
2022-05-31,Varkaus Kosulanniemi,14.2,1.3,-1.0
2022-05-31,Savonlinna Laukansaari,,2.1,-1.0
2022-05-31,Sulkava Halttula,,3.9,-1.0
2022-05-31,Savonlinna lentoasema,13.8,,
2022-05-31,Rantasalmi Rukkasluoto,13.4,,
2022-05-31,Savonlinna Punkaharju Laukansaari,13.3,1.7,-1.0
2022-05-31,Enonkoski Simanala,,1.8,-1.0
2022-05-31,Savonlinna Savonranta,,0.7,-1.0
2022-05-31,Rääkkylä kirkonkylä,,1.8,-1.0
2022-05-31,Tohmajärvi Kemie,13.9,6.1,-1.0
2022-05-31,Joensuu Huhtilampi,,6.8,-1.0
2022-05-31,Vaasa lentoasema,14.9,,
2022-05-31,Mustasaari Valassaaret,9.7,,
2022-05-31,Närpiö Ylimarkku,,5.9,-1.0
2022-05-31,Mustasaari Riimala,,3.4,-1.0
2022-05-31,Kurikka Pyörni,,5.7,-1.0
2022-05-31,Maalahti Strömmingsbådan,10.6,,
2022-05-31,Vaasa Klemettilä,14.9,2.8,-1.0
2022-05-31,Seinäjoki Pelmaa,14.2,5.0,-1.0
2022-05-31,Kauhava lentokenttä,15.0,8.8,-1.0
2022-05-31,Ähtäri Inha,13.0,1.5,
2022-05-31,Halsua Purola,14.4,0.6,-1.0
2022-05-31,Alajärvi Möksy,14.1,3.1,-1.0
2022-05-31,Multia Karhila,12.6,2.0,-1.0
2022-05-31,Viitasaari Haapaniemi,14.5,2.3,-1.0
2022-05-31,Äänekoski Kalaniemi,,3.1,-1.0
2022-05-31,Vesanto kirkonkylä,14.2,3.0,-1.0
2022-05-31,Pielavesi Venetmäki,,6.0,-1.0
2022-05-31,Siilinjärvi Kuopio lentoasema,13.9,,
2022-05-31,Kuopio Maaninka,14.2,5.3,-1.0
2022-05-31,Lapinlahti Lamminkäyrä,,6.3,-1.0
2022-05-31,Suonenjoki Iisvesi,,2.4,-1.0
2022-05-31,Kuopio Karttula,,4.6,-1.0
2022-05-31,Kuopio Ritoniemi,14.0,,
2022-05-31,Kuopio Savilahti,14.3,4.1,-1.0
2022-05-31,Heinävesi Palokki,,2.5,-1.0
2022-05-31,Outokumpu Viuruniemi,,2.6,-1.0
2022-05-31,Rautavaara Ala-Luosta,,3.8,-1.0
2022-05-31,Rautavaara Ylä-Luosta,13.8,6.8,-1.0
2022-05-31,Liperi Joensuu lentoasema,14.5,,
2022-05-31,Juuka Niemelä,13.5,6.9,-1.0
2022-05-31,Joensuu Pyhäselkä,,4.2,-1.0
2022-05-31,Lieksa Koli,,6.7,-1.0
2022-05-31,Liperi Tuiskavanluoto,13.9,,
2022-05-31,Joensuu Linnunlahti,14.8,3.4,-1.0
2022-05-31,Lieksa Lampela,14.7,9.2,-1.0
2022-05-31,Ilomantsi Pötsönvaara,14.4,3.5,-1.0
2022-05-31,Ilomantsi Mekrijärvi,14.2,7.8,-1.0
2022-05-31,Pietarsaari Kallan,13.9,,
2022-05-31,Kokkola Tankar,10.9,,
2022-05-31,Kruunupyy Kokkola-Pietarsaari lentoasema,15.2,,
2022-05-31,Kaustinen Tastula,,0.2,-1.0
2022-05-31,Kalajoki Ulkokalla,7.7,,
2022-05-31,Kokkola Santahaka,15.7,1.2,-1.0
2022-05-31,Toholampi Oravala,,-1.0,-1.0
2022-05-31,Kalajoki Pitkäsenkylä,,1.4,-1.0
2022-05-31,Kalajoki Mehtäkylä,,2.8,-1.0
2022-05-31,Toholampi Laitala,14.8,0.3,-1.0
2022-05-31,Ylivieska lentokenttä,15.2,0.5,-1.0
2022-05-31,Ylivieska Vähäkangas,,0.5,-1.0
2022-05-31,Haapavesi Mustikkamäki,14.1,3.7,-1.0
2022-05-31,Pyhäjärvi Ojakylä,13.4,2.7,-1.0
2022-05-31,Pyhäjärvi Hiidenniemi,,2.3,-1.0
2022-05-31,Kiuruvesi Korpijoki,,6.1,-1.0
2022-05-31,Siikalatva Kestilä,,4.3,-1.0
2022-05-31,Kajaani lentoasema,14.6,,
2022-05-31,Vieremä Kaarakkala,13.4,2.7,-1.0
2022-05-31,Kajaani Paltaniemi,,6.1,-1.0
2022-05-31,Nurmes Valtimo,14.0,8.5,-1.0
2022-05-31,Ristijärvi Mustavaara,,8.4,-1.0
2022-05-31,Sotkamo Kuolaniemi,13.7,5.0,-1.0
2022-05-31,Nurmes Mujejärvi,,3.3,-1.0
2022-05-31,Kuhmo Apaja,,6.4,-1.0
2022-05-31,Kuhmo Kalliojoki,14.8,2.7,-1.0
2022-05-31,Raahe Nahkiainen,13.0,,
2022-05-31,Hailuoto Keskikylä,15.8,6.7,-1.0
2022-05-31,Kemi I majakka,12.9,,
2022-05-31,Hailuoto Marjaniemi,15.9,,
2022-05-31,Raahe Lapaluoto satama,16.0,,
2022-05-31,Oulu lentoasema,16.3,,
2022-05-31,Siikajoki Ruukki,15.6,5.5,-1.0
2022-05-31,Oulu Vihreäsaari satama,16.1,,
2022-05-31,Oulu Oulunsalo Pellonpää,16.3,6.0,-1.0
2022-05-31,Vaala Pelso,15.0,6.8,-1.0
2022-05-31,Pudasjärvi lentokenttä,16.3,0.1,-1.0
2022-05-31,Utajärvi Särkijärvi,,2.4,-1.0
2022-05-31,Pudasjärvi Jaurakkajärvi,,0.3,-1.0
2022-05-31,Suomussalmi Näljänkä,,0.6,-1.0
2022-05-31,Suomussalmi Pesiö,14.5,0.8,-1.0
2022-05-31,Puolanka Kotila,,8.9,-1.0
2022-05-31,Puolanka Paljakka,13.4,8.8,-1.0
2022-05-31,Kemi Kemi-Tornio lentoasema,17.3,,
2022-05-31,Kemi Ajos,17.2,,
2022-05-31,Tornio Kaakkuri,17.4,0.1,
2022-05-31,Ranua lentokenttä,16.9,-1.0,-1.0
2022-05-31,Pudasjärvi Sarakylä,,-1.0,-1.0
2022-05-31,Posio Raistakka,,-1.0,-1.0
2022-05-31,Taivalkoski Inkee,,0.0,-1.0
2022-05-31,Taivalkoski kirkonkylä,15.3,0.3,-1.0
2022-05-31,Kuusamo lentoasema,14.3,3.2,-1.0
2022-05-31,Kuusamo Kiutaköngäs,15.0,-1.0,-1.0
2022-05-31,Kuusamo Rukatunturi,11.9,,
2022-05-31,Kuusamo Teeriranta,,2.0,-1.0
2022-05-31,Kuusamo Juuma,14.9,,
2022-05-31,Ylitornio Meltosjärvi,17.1,-1.0,-1.0
2022-05-31,Kolari Kattilamaa,,-1.0,-1.0
2022-05-31,Pello kirkonkylä,17.3,-1.0,-1.0
2022-05-31,Rovaniemi rautatieasema,17.7,,
2022-05-31,Sodankylä Tähtelä,16.0,-1.0,-1.0
2022-05-31,Rovaniemi Apukka,17.1,0.6,-1.0
2022-05-31,Pelkosenniemi kirkonkylä,,-1.0,-1.0
2022-05-31,Kemijärvi lentokenttä,16.2,0.4,-1.0
2022-05-31,Savukoski kirkonkylä,16.0,-1.0,-1.0
2022-05-31,Salla Kelloselkä,,0.4,-1.0
2022-05-31,Pelkosenniemi Pyhätunturi,13.8,,
2022-05-31,Salla kirkonkylä,15.6,0.4,-1.0
2022-05-31,Salla Naruska,15.2,-1.0,-1.0
2022-05-31,Enontekiö Kaaresuvanto,,-1.0,-1.0
2022-05-31,Enontekiö lentoasema,13.9,,
2022-05-31,Kittilä Pulju,,-1.0,-1.0
2022-05-31,Muonio Laukukero,10.5,,
2022-05-31,Muonio Sammaltunturi,12.2,,
2022-05-31,Kittilä Matorova,13.9,,
2022-05-31,Kittilä lentoasema,15.7,,
2022-05-31,Kittilä Kenttärova,13.3,-1.0,-1.0
2022-05-31,Kittilä Pakatti,16.0,-1.0,-1.0
2022-05-31,Kittilä Pokka,14.0,-1.0,-1.0
2022-05-31,Sodankylä Lokka,15.5,-1.0,-1.0
2022-05-31,Sodankylä Vuotso,14.6,-1.0,-1.0
2022-05-31,Inari Saariselkä matkailukeskus,13.8,-1.0,-1.0
2022-05-31,Inari Saariselkä Kaunispää,12.8,,
2022-05-31,Inari Raja-Jooseppi Kontiojärvi,,-1.0,-1.0
2022-05-31,Inari Raja-Jooseppi,13.8,,
2022-05-31,Salla Värriötunturi,14.0,-1.0,-1.0
2022-05-31,Enontekiö Kilpisjärvi kyläkeskus,11.2,-1.0,-1.0
2022-05-31,Enontekiö Kilpisjärvi Saana,7.4,,
2022-05-31,Enontekiö Näkkälä,13.1,-1.0,-1.0
2022-05-31,Inari Angeli Lintupuoliselkä,12.7,-1.0,-1.0
2022-05-31,Inari Ivalo lentoasema,13.9,,
2022-05-31,Utsjoki Kevo,12.8,-1.0,-1.0
2022-05-31,Utsjoki Nuorgam,9.3,-1.0,-1.0
2022-05-31,Inari Väylä,12.4,,
2022-05-31,Inari kirkonkylä,,-1.0,-1.0
2022-05-31,Inari Kaamanen,12.5,-1.0,-1.0
2022-05-31,Inari Nellim,13.3,-1.0,-1.0
2022-05-31,Inari Kirakkajärvi,9.0,-1.0,-1.0
2022-05-31,Mäntsälä Hirvihaara,11.0,8.5,-1.0
2022-05-31,Lahti Sopenkorpi,12.2,5.1,-1.0
2022-05-31,Siuntio Sjundby,,17.6,-1.0
2022-05-31,Sipoo Itätoukki,10.2,,
2022-05-31,Rauma Pyynpää,12.6,5.5,-1.0
2022-05-31,Muonio Oustajärvi,14.8,-1.0,-1.0
2022-05-31,Pyhtää lentokenttä,12.1,4.2,-1.0
2022-05-31,Sotkamo Tuhkakylä,12.7,7.9,-1.0
2022-05-31,Tervola Loue,17.3,,
2022-05-31,Kajaani Petäisenniska,13.7,7.0,-1.0
2022-05-31,Utsjoki Kevo Kevojärvi,11.5,,
2022-05-31,Inari Seitalaassa,4.6,,
2022-05-31,Ilmajoki Seinäjoki lentoasema,13.2,,
2022-05-31,Rovaniemi lentoasema AWOS,16.4,0.5,-1.0
2022-05-31,Jyväskylä lentoasema AWOS,13.4,5.8,-1.0
2022-05-31,Puumala kirkonkylä,13.2,2.6,-1.0
2022-05-31,Helsinki Vuosaari satama,11.4,,
2022-05-31,Maarianhamina Länsisatama,11.2,,
2022-05-31,Lumparland Långnäs satama,11.6,7.3,-1.0
2022-05-31,Kittilä Lompolonvuoma,12.7,-1.0,
2022-05-31,Kuusamo Ruka Talvijärvi,14.2,,
2022-05-31,Espoo Nuuksio,10.7,11.0,-1.0
2022-05-31,Mikkeli Lentoasema AWOS,12.5,2.8,-1.0
2022-05-31,Espoo Tapiola,11.3,6.6,-1.0
2022-06-01,Porvoo Kilpilahti satama,12.9,,
2022-06-01,Jomala Maarianhamina lentoasema,11.3,,
2022-06-01,Parainen Utö,10.2,8.8,-1.0
2022-06-01,Lemland Nyhamn,10.4,,
2022-06-01,Jomala Jomalaby,11.8,3.0,-1.0
2022-06-01,Hammarland Märket,9.8,,
2022-06-01,Kökar Bogskär,10.0,,
2022-06-01,Parainen Fagerholm,11.2,8.5,
2022-06-01,Kumlinge kirkonkylä,11.0,,
2022-06-01,Hanko Russarö,11.1,21.8,
2022-06-01,Kaarina Yltöinen,13.2,6.4,-1.0
2022-06-01,Kemiönsaari Vänö,11.5,,
2022-06-01,Hanko Tulliniemi,11.6,,
2022-06-01,Turku Rajakari,11.6,,
2022-06-01,Turku Artukainen,12.7,5.4,-1.0
2022-06-01,Kemiönsaari Kemiö,12.8,10.5,-1.0
2022-06-01,Hanko Tvärminne,11.8,12.8,-1.0
2022-06-01,Salo Kärkkä,13.6,6.9,
2022-06-01,Lohja Leppäkorpi,,9.2,-1.0
2022-06-01,Raasepori Jussarö,10.7,,
2022-06-01,Salo Kiikala lentokenttä,12.7,11.6,-1.0
2022-06-01,Vantaa Helsinki-Vantaan lentoasema,13.8,10.2,-1.0
2022-06-01,Inkoo Bågaskär,11.0,,
2022-06-01,Helsinki Kaisaniemi,13.1,9.9,-1.0
2022-06-01,Lohja Porla,13.0,13.5,-1.0
2022-06-01,Vihti Maasoja,13.3,,
2022-06-01,Helsinki Harmaja,10.2,,
2022-06-01,Kirkkonummi Mäkiluoto,10.8,,
2022-06-01,Helsinki Helsingin majakka,10.7,,
2022-06-01,Helsinki Kumpula,13.7,10.5,-1.0
2022-06-01,Helsinki Malmi lentokenttä,13.6,,
2022-06-01,Porvoo Kalbådagrund,10.9,,
2022-06-01,Porvoo Emäsalo,11.2,,
2022-06-01,Porvoo Harabacka,14.1,9.9,-1.0
2022-06-01,Kotka Rankki,11.8,5.5,-1.0
2022-06-01,Loviisa Orrengrund,11.2,,
2022-06-01,Kotka Haapasaari,12.0,,
2022-06-01,Pori lentoasema,12.9,,
2022-06-01,Uusikaupunki Itätulli,,1.0,-1.0
2022-06-01,Kustavi Isokari,10.5,1.6,
2022-06-01,Rauma Kylmäpihlaja,12.2,,
2022-06-01,Pori rautatieasema,13.1,0.5,-1.0
2022-06-01,Turku lentoasema,12.6,,
2022-06-01,Kokemäki Rausenkulma,,0.8,-1.0
2022-06-01,Huittinen Sallila,,0.3,-1.0
2022-06-01,Oripää Teinikivi,,0.0,-1.0
2022-06-01,Pöytyä Yläne,,0.8,-1.0
2022-06-01,Kokemäki Tulkkila,13.0,0.5,-1.0
2022-06-01,Jokioinen Ilmala,13.0,4.1,-1.0
2022-06-01,Nokia Tottijärvi,,0.2,-1.0
2022-06-01,Pirkkala Tampere-Pirkkala lentoasema,12.9,,
2022-06-01,Tampere Härmälä,13.3,0.1,-1.0
2022-06-01,Somero Salkola,12.2,6.1,-1.0
2022-06-01,Hyvinkää Hyvinkäänkylä,13.9,10.0,-1.0
2022-06-01,Vihti Hiiskula,,8.3,-1.0
2022-06-01,Hämeenlinna Pirttikoski,,1.2,-1.0
2022-06-01,Nurmijärvi Röykkä,13.1,8.8,-1.0
2022-06-01,Hämeenlinna Katinen,13.7,3.5,
2022-06-01,Hattula Lepaa,13.4,3.1,-1.0
2022-06-01,Hämeenlinna Lammi Pappila,13.2,5.4,-1.0
2022-06-01,Asikkala Pulkkilanharju,12.7,,
2022-06-01,Kouvola Utti lentoasema,14.9,6.3,-1.0
2022-06-01,Kouvola Anjala,15.1,7.3,-1.0
2022-06-01,Heinola Asemantaus,14.1,5.6,-1.0
2022-06-01,Kouvola Voikoski,,2.5,-1.0
2022-06-01,Virolahti Koivuniemi,14.8,10.2,-1.0
2022-06-01,Lappeenranta lentoasema,15.1,,
2022-06-01,Lappeenranta Konnunsuo,15.5,,
2022-06-01,Lappeenranta Lepola,15.0,7.5,-1.0
2022-06-01,Ruokolahti Kotaniemi,,1.0,-1.0
2022-06-01,Lappeenranta Hiekkapakka,12.8,,
2022-06-01,Parikkala Koitsanlahti,13.8,1.9,-1.0
2022-06-01,Kaskinen Sälgrund,10.7,2.4,
2022-06-01,Merikarvia Tuorila,,2.5,-1.0
2022-06-01,Isojoki Kärjenkoski,,1.8,-1.0
2022-06-01,Teuva Kauppilankylä,,1.2,-1.0
2022-06-01,Pori Tahkoluoto satama,10.6,,
2022-06-01,Kristiinankaupunki Majakka,11.3,,
2022-06-01,Karvia Alkkia,11.3,1.1,-1.0
2022-06-01,Kurikka Hirvijärvi,,0.8,-1.0
2022-06-01,Kauhajoki Kuja-Kokko,11.9,0.6,-1.0
2022-06-01,Kankaanpää Niinisalo lentokenttä,12.2,0.4,-1.0
2022-06-01,Alavus Sulkavankylä,,0.1,-1.0
2022-06-01,Virrat Äijänneva,11.9,,
2022-06-01,Tampere Siilinkari,12.7,,
2022-06-01,Jämsä Halli lentoasema,13.4,0.1,-1.0
2022-06-01,Juupajoki Hyytiälä,12.6,0.3,-1.0
2022-06-01,Sysmä Joutsjärvi,,0.3,-1.0
2022-06-01,Jyväskylä Muuratjärvi,,-1.0,-1.0
2022-06-01,Luhanka Judinsalo,12.7,,
2022-06-01,Multia Pirttiperä,,-1.0,-1.0
2022-06-01,Joutsa Savenaho,13.7,0.9,-1.0
2022-06-01,Kangasniemi kirkonkylä,,-1.0,-1.0
2022-06-01,Joutsa Pärnämäki,,-1.0,-1.0
2022-06-01,Mikkeli Pitkähiekka,,0.2,-1.0
2022-06-01,Juva Partala,14.2,,
2022-06-01,Varkaus Kosulanniemi,14.9,-1.0,-1.0
2022-06-01,Savonlinna Laukansaari,,-1.0,-1.0
2022-06-01,Sulkava Halttula,,1.1,-1.0
2022-06-01,Savonlinna lentoasema,14.2,,
2022-06-01,Rantasalmi Rukkasluoto,13.2,,
2022-06-01,Savonlinna Punkaharju Laukansaari,14.0,1.3,-1.0
2022-06-01,Enonkoski Simanala,,-1.0,-1.0
2022-06-01,Savonlinna Savonranta,,-1.0,-1.0
2022-06-01,Rääkkylä kirkonkylä,,-1.0,-1.0
2022-06-01,Tohmajärvi Kemie,13.7,0.5,-1.0
2022-06-01,Joensuu Huhtilampi,,-1.0,-1.0
2022-06-01,Vaasa lentoasema,12.6,,
2022-06-01,Mustasaari Valassaaret,11.2,,
2022-06-01,Närpiö Ylimarkku,,2.1,-1.0
2022-06-01,Mustasaari Riimala,,0.0,-1.0
2022-06-01,Kurikka Pyörni,,0.4,-1.0
2022-06-01,Maalahti Strömmingsbådan,11.0,,
2022-06-01,Vaasa Klemettilä,12.7,-1.0,-1.0
2022-06-01,Seinäjoki Pelmaa,12.3,0.9,-1.0
2022-06-01,Kauhava lentokenttä,12.8,0.1,-1.0
2022-06-01,Ähtäri Inha,12.4,-1.0,-1.0
2022-06-01,Halsua Purola,11.9,0.2,-1.0
2022-06-01,Alajärvi Möksy,11.9,-1.0,-1.0
2022-06-01,Multia Karhila,11.9,-1.0,-1.0
2022-06-01,Viitasaari Haapaniemi,13.9,-1.0,-1.0
2022-06-01,Äänekoski Kalaniemi,,-1.0,-1.0
2022-06-01,Vesanto kirkonkylä,13.8,-1.0,-1.0
2022-06-01,Pielavesi Venetmäki,,-1.0,-1.0
2022-06-01,Siilinjärvi Kuopio lentoasema,14.3,,
2022-06-01,Kuopio Maaninka,14.4,-1.0,-1.0
2022-06-01,Lapinlahti Lamminkäyrä,,0.0,-1.0
2022-06-01,Suonenjoki Iisvesi,,-1.0,-1.0
2022-06-01,Kuopio Karttula,,-1.0,-1.0
2022-06-01,Kuopio Ritoniemi,14.0,,
2022-06-01,Kuopio Savilahti,15.0,-1.0,-1.0
2022-06-01,Heinävesi Palokki,,-1.0,-1.0
2022-06-01,Outokumpu Viuruniemi,,-1.0,-1.0
2022-06-01,Rautavaara Ala-Luosta,,-1.0,-1.0
2022-06-01,Rautavaara Ylä-Luosta,14.2,-1.0,-1.0
2022-06-01,Liperi Joensuu lentoasema,14.7,,
2022-06-01,Juuka Niemelä,14.3,-1.0,-1.0
2022-06-01,Joensuu Pyhäselkä,,-1.0,-1.0
2022-06-01,Lieksa Koli,,-1.0,-1.0
2022-06-01,Liperi Tuiskavanluoto,14.2,,
2022-06-01,Joensuu Linnunlahti,14.6,-1.0,-1.0
2022-06-01,Lieksa Lampela,14.8,-1.0,-1.0
2022-06-01,Ilomantsi Pötsönvaara,14.9,-1.0,-1.0
2022-06-01,Ilomantsi Mekrijärvi,14.5,-1.0,-1.0
2022-06-01,Pietarsaari Kallan,12.3,,
2022-06-01,Kokkola Tankar,12.1,,
2022-06-01,Kruunupyy Kokkola-Pietarsaari lentoasema,13.3,,
2022-06-01,Kaustinen Tastula,,5.3,-1.0
2022-06-01,Kalajoki Ulkokalla,8.2,,
2022-06-01,Kokkola Santahaka,13.1,1.0,-1.0
2022-06-01,Toholampi Oravala,,1.2,-1.0
2022-06-01,Kalajoki Pitkäsenkylä,,0.5,-1.0
2022-06-01,Kalajoki Mehtäkylä,,0.6,-1.0
2022-06-01,Toholampi Laitala,12.4,1.2,-1.0
2022-06-01,Ylivieska lentokenttä,12.5,0.2,-1.0
2022-06-01,Ylivieska Vähäkangas,,0.3,-1.0
2022-06-01,Haapavesi Mustikkamäki,13.2,-1.0,-1.0
2022-06-01,Pyhäjärvi Ojakylä,12.8,-1.0,-1.0
2022-06-01,Pyhäjärvi Hiidenniemi,,0.0,-1.0
2022-06-01,Kiuruvesi Korpijoki,,0.0,-1.0
2022-06-01,Siikalatva Kestilä,,0.4,-1.0
2022-06-01,Kajaani lentoasema,13.9,,
2022-06-01,Vieremä Kaarakkala,13.3,-1.0,-1.0
2022-06-01,Kajaani Paltaniemi,,0.0,-1.0
2022-06-01,Nurmes Valtimo,14.1,-1.0,-1.0
2022-06-01,Ristijärvi Mustavaara,,-1.0,-1.0
2022-06-01,Sotkamo Kuolaniemi,13.7,-1.0,-1.0
2022-06-01,Nurmes Mujejärvi,,-1.0,-1.0
2022-06-01,Kuhmo Apaja,,-1.0,-1.0
2022-06-01,Kuhmo Kalliojoki,14.4,-1.0,-1.0
2022-06-01,Raahe Nahkiainen,12.3,,
2022-06-01,Hailuoto Keskikylä,13.7,0.1,-1.0
2022-06-01,Kemi I majakka,11.5,,
2022-06-01,Hailuoto Marjaniemi,13.5,,
2022-06-01,Raahe Lapaluoto satama,13.9,,
2022-06-01,Oulu lentoasema,14.2,,
2022-06-01,Siikajoki Ruukki,13.3,2.0,-1.0
2022-06-01,Oulu Vihreäsaari satama,13.4,,
2022-06-01,Oulu Oulunsalo Pellonpää,14.0,-1.0,-1.0
2022-06-01,Vaala Pelso,13.4,-1.0,-1.0
2022-06-01,Pudasjärvi lentokenttä,14.1,-1.0,-1.0
2022-06-01,Utajärvi Särkijärvi,,-1.0,-1.0
2022-06-01,Pudasjärvi Jaurakkajärvi,,-1.0,-1.0
2022-06-01,Suomussalmi Näljänkä,,-1.0,-1.0
2022-06-01,Suomussalmi Pesiö,12.5,-1.0,-1.0
2022-06-01,Puolanka Kotila,,-1.0,-1.0
2022-06-01,Puolanka Paljakka,12.2,0.1,-1.0
2022-06-01,Kemi Kemi-Tornio lentoasema,14.1,,
2022-06-01,Kemi Ajos,14.1,,
2022-06-01,Tornio Kaakkuri,13.9,-1.0,
2022-06-01,Ranua lentokenttä,13.7,-1.0,-1.0
2022-06-01,Pudasjärvi Sarakylä,,-1.0,-1.0
2022-06-01,Posio Raistakka,,1.2,-1.0
2022-06-01,Taivalkoski Inkee,,0.7,-1.0
2022-06-01,Taivalkoski kirkonkylä,13.3,0.2,-1.0
2022-06-01,Kuusamo lentoasema,11.3,1.1,-1.0
2022-06-01,Kuusamo Kiutaköngäs,11.8,0.1,-1.0
2022-06-01,Kuusamo Rukatunturi,9.6,,
2022-06-01,Kuusamo Teeriranta,,2.1,-1.0
2022-06-01,Kuusamo Juuma,11.2,,
2022-06-01,Ylitornio Meltosjärvi,13.6,0.2,-1.0
2022-06-01,Kolari Kattilamaa,,1.0,-1.0
2022-06-01,Pello kirkonkylä,13.8,2.5,-1.0
2022-06-01,Rovaniemi rautatieasema,13.9,,
2022-06-01,Sodankylä Tähtelä,12.3,1.0,-1.0
2022-06-01,Rovaniemi Apukka,13.1,0.2,-1.0
2022-06-01,Pelkosenniemi kirkonkylä,,0.7,-1.0
2022-06-01,Kemijärvi lentokenttä,12.1,1.6,-1.0
2022-06-01,Savukoski kirkonkylä,12.2,3.2,-1.0
2022-06-01,Salla Kelloselkä,,0.8,-1.0
2022-06-01,Pelkosenniemi Pyhätunturi,9.8,,
2022-06-01,Salla kirkonkylä,11.9,3.1,-1.0
2022-06-01,Salla Naruska,11.9,0.5,-1.0
2022-06-01,Enontekiö Kaaresuvanto,,1.0,-1.0
2022-06-01,Enontekiö lentoasema,11.6,,
2022-06-01,Kittilä Pulju,,0.5,-1.0
2022-06-01,Muonio Laukukero,7.9,,
2022-06-01,Muonio Sammaltunturi,9.5,,
2022-06-01,Kittilä Matorova,10.7,,
2022-06-01,Kittilä lentoasema,12.7,,
2022-06-01,Kittilä Kenttärova,10.4,2.7,-1.0
2022-06-01,Kittilä Pakatti,12.7,1.0,
2022-06-01,Kittilä Pokka,13.0,0.5,-1.0
2022-06-01,Sodankylä Lokka,12.9,0.8,-1.0
2022-06-01,Sodankylä Vuotso,12.7,0.2,-1.0
2022-06-01,Inari Saariselkä matkailukeskus,12.8,-1.0,-1.0
2022-06-01,Inari Saariselkä Kaunispää,12.1,,
2022-06-01,Inari Raja-Jooseppi Kontiojärvi,,-1.0,-1.0
2022-06-01,Inari Raja-Jooseppi,13.9,,
2022-06-01,Salla Värriötunturi,11.9,0.3,-1.0
2022-06-01,Enontekiö Kilpisjärvi kyläkeskus,10.6,0.2,-1.0
2022-06-01,Enontekiö Kilpisjärvi Saana,6.2,,
2022-06-01,Enontekiö Näkkälä,12.2,0.1,-1.0
2022-06-01,Inari Angeli Lintupuoliselkä,12.3,1.0,-1.0
2022-06-01,Inari Ivalo lentoasema,13.1,,
2022-06-01,Utsjoki Kevo,13.0,-1.0,-1.0
2022-06-01,Utsjoki Nuorgam,9.4,-1.0,-1.0
2022-06-01,Inari Väylä,12.5,,
2022-06-01,Inari kirkonkylä,,0.5,-1.0
2022-06-01,Inari Kaamanen,12.9,0.2,-1.0
2022-06-01,Inari Nellim,14.0,-1.0,-1.0
2022-06-01,Inari Kirakkajärvi,9.9,0.1,-1.0
2022-06-01,Mäntsälä Hirvihaara,13.6,8.2,-1.0
2022-06-01,Lahti Sopenkorpi,14.3,8.1,-1.0
2022-06-01,Siuntio Sjundby,,16.5,-1.0
2022-06-01,Sipoo Itätoukki,9.9,,
2022-06-01,Rauma Pyynpää,12.8,0.7,-1.0
2022-06-01,Muonio Oustajärvi,12.6,2.9,-1.0
2022-06-01,Pyhtää lentokenttä,14.5,12.6,-1.0
2022-06-01,Sotkamo Tuhkakylä,14.0,-1.0,-1.0
2022-06-01,Tervola Loue,13.9,,
2022-06-01,Kajaani Petäisenniska,13.8,-1.0,-1.0
2022-06-01,Utsjoki Kevo Kevojärvi,12.4,,
2022-06-01,Inari Seitalaassa,5.8,,
2022-06-01,Ilmajoki Seinäjoki lentoasema,11.8,,
2022-06-01,Rovaniemi lentoasema AWOS,12.7,0.5,-1.0
2022-06-01,Jyväskylä lentoasema AWOS,13.7,-1.0,-1.0
2022-06-01,Puumala kirkonkylä,14.7,2.7,-1.0
2022-06-01,Helsinki Vuosaari satama,11.7,,
2022-06-01,Maarianhamina Länsisatama,11.0,,
2022-06-01,Lumparland Långnäs satama,11.2,2.9,-1.0
2022-06-01,Kittilä Lompolonvuoma,10.2,1.8,
2022-06-01,Kuusamo Ruka Talvijärvi,11.7,,
2022-06-01,Espoo Nuuksio,13.2,12.9,-1.0
2022-06-01,Mikkeli Lentoasema AWOS,14.7,4.8,-1.0
2022-06-01,Espoo Tapiola,13.0,12.8,-1.0
