date,station,tday,rrday,snow
2023-01-01,Porvoo Kilpilahti satama,0.8,,
2023-01-01,Jomala Maarianhamina lentoasema,-1.3,,
2023-01-01,Parainen Utö,2.6,-1.0,-1.0
2023-01-01,Lemland Nyhamn,2.3,,
2023-01-01,Jomala Jomalaby,-1.0,-1.0,-1.0
2023-01-01,Hammarland Märket,2.0,,
2023-01-01,Kökar Bogskär,3.2,,
2023-01-01,Parainen Fagerholm,1.4,-1.0,
2023-01-01,Kumlinge kirkonkylä,2.0,,
2023-01-01,Hanko Russarö,2.3,-1.0,
2023-01-01,Kaarina Yltöinen,-1.2,-1.0,-1.0
2023-01-01,Kemiönsaari Vänö,2.2,,
2023-01-01,Hanko Tulliniemi,2.3,,
2023-01-01,Turku Rajakari,1.6,,
2023-01-01,Turku Artukainen,-0.6,-1.0,-1.0
2023-01-01,Kemiönsaari Kemiö,-0.1,-1.0,-1.0
2023-01-01,Hanko Tvärminne,0.8,-1.0,-1.0
2023-01-01,Salo Kärkkä,-1.6,-1.0,
2023-01-01,Lohja Leppäkorpi,,-1.0,3.0
2023-01-01,Raasepori Jussarö,1.3,,
2023-01-01,Salo Kiikala lentokenttä,-1.4,-1.0,-1.0
2023-01-01,Vantaa Helsinki-Vantaan lentoasema,-0.2,-1.0,10.0
2023-01-01,Inkoo Bågaskär,0.8,,
2023-01-01,Helsinki Kaisaniemi,1.0,-1.0,-1.0
2023-01-01,Lohja Porla,0.2,-1.0,20.0
2023-01-01,Vihti Maasoja,-0.7,,
2023-01-01,Helsinki Harmaja,0.9,,
2023-01-01,Kirkkonummi Mäkiluoto,1.5,,
2023-01-01,Helsinki Helsingin majakka,1.9,,
2023-01-01,Helsinki Kumpula,0.2,-1.0,9.0
2023-01-01,Helsinki Malmi lentokenttä,0.6,,
2023-01-01,Porvoo Kalbådagrund,2.0,,
2023-01-01,Porvoo Emäsalo,1.0,,
2023-01-01,Porvoo Harabacka,0.2,-1.0,5.0
2023-01-01,Kotka Rankki,0.8,-1.0,8.0
2023-01-01,Loviisa Orrengrund,1.2,,
2023-01-01,Kotka Haapasaari,1.7,,
2023-01-01,Pori lentoasema,0.7,,
2023-01-01,Uusikaupunki Itätulli,,-1.0,-1.0
2023-01-01,Kustavi Isokari,2.2,-1.0,
2023-01-01,Rauma Kylmäpihlaja,2.1,,
2023-01-01,Pori rautatieasema,0.9,-1.0,4.0
2023-01-01,Turku lentoasema,-0.9,,
2023-01-01,Kokemäki Rausenkulma,,-1.0,0.0
2023-01-01,Huittinen Sallila,,-1.0,5.0
2023-01-01,Oripää Teinikivi,,-1.0,6.0
2023-01-01,Pöytyä Yläne,,-1.0,3.0
2023-01-01,Kokemäki Tulkkila,-0.1,-1.0,-1.0
2023-01-01,Jokioinen Ilmala,-1.1,-1.0,4.0
2023-01-01,Nokia Tottijärvi,,0.2,8.0
2023-01-01,Pirkkala Tampere-Pirkkala lentoasema,-1.6,,
2023-01-01,Tampere Härmälä,-0.9,-1.0,16.0
2023-01-01,Somero Salkola,-1.4,-1.0,17.0
2023-01-01,Hyvinkää Hyvinkäänkylä,-0.7,-1.0,16.0
2023-01-01,Vihti Hiiskula,,-1.0,20.0
2023-01-01,Hämeenlinna Pirttikoski,,-1.0,12.0
2023-01-01,Nurmijärvi Röykkä,-1.2,-1.0,15.0
2023-01-01,Hämeenlinna Katinen,-0.4,-1.0,
2023-01-01,Hattula Lepaa,-1.1,-1.0,14.0
2023-01-01,Hämeenlinna Lammi Pappila,-1.1,-1.0,21.0
2023-01-01,Asikkala Pulkkilanharju,-0.1,,
2023-01-01,Kouvola Utti lentoasema,-0.5,-1.0,2.0
2023-01-01,Kouvola Anjala,-0.4,-1.0,17.0
2023-01-01,Heinola Asemantaus,-0.2,-1.0,13.0
2023-01-01,Kouvola Voikoski,,-1.0,15.0
2023-01-01,Virolahti Koivuniemi,0.1,-1.0,13.0
2023-01-01,Lappeenranta lentoasema,-0.1,,
2023-01-01,Lappeenranta Konnunsuo,-0.2,,
2023-01-01,Lappeenranta Lepola,0.2,-1.0,14.0
2023-01-01,Ruokolahti Kotaniemi,,-1.0,22.0
2023-01-01,Lappeenranta Hiekkapakka,0.2,,
2023-01-01,Parikkala Koitsanlahti,0.1,-1.0,16.0
2023-01-01,Kaskinen Sälgrund,1.4,-1.0,
2023-01-01,Merikarvia Tuorila,,-1.0,16.0
2023-01-01,Isojoki Kärjenkoski,,-1.0,2.0
2023-01-01,Teuva Kauppilankylä,,-1.0,0.0
2023-01-01,Pori Tahkoluoto satama,1.8,,
2023-01-01,Kristiinankaupunki Majakka,2.1,,
2023-01-01,Karvia Alkkia,-2.2,-1.0,18.0
2023-01-01,Kurikka Hirvijärvi,,-1.0,2.0
2023-01-01,Kauhajoki Kuja-Kokko,1.0,-1.0,8.0
2023-01-01,Kankaanpää Niinisalo lentokenttä,-2.3,-1.0,16.0
2023-01-01,Alavus Sulkavankylä,,-1.0,13.0
2023-01-01,Virrat Äijänneva,-1.9,,
2023-01-01,Tampere Siilinkari,-0.4,,
2023-01-01,Jämsä Halli lentoasema,-1.4,-1.0,14.0
2023-01-01,Juupajoki Hyytiälä,-1.6,-1.0,29.0
2023-01-01,Sysmä Joutsjärvi,,-1.0,22.0
2023-01-01,Jyväskylä Muuratjärvi,,-1.0,20.0
2023-01-01,Luhanka Judinsalo,-0.1,,
2023-01-01,Multia Pirttiperä,,-1.0,21.0
2023-01-01,Joutsa Savenaho,-1.4,-1.0,22.0
2023-01-01,Kangasniemi kirkonkylä,,-1.0,27.0
2023-01-01,Joutsa Pärnämäki,,-1.0,26.0
2023-01-01,Juva Partala,-0.5,,
2023-01-01,Varkaus Kosulanniemi,-0.3,-1.0,23.0
2023-01-01,Savonlinna Laukansaari,,-1.0,22.0
2023-01-01,Sulkava Halttula,,-1.0,28.0
2023-01-01,Savonlinna lentoasema,0.0,,
2023-01-01,Rantasalmi Rukkasluoto,0.0,,
2023-01-01,Savonlinna Punkaharju Laukansaari,0.3,-1.0,18.0
2023-01-01,Enonkoski Simanala,,-1.0,28.0
2023-01-01,Savonlinna Savonranta,,-1.0,23.0
2023-01-01,Rääkkylä kirkonkylä,,0.0,26.0
2023-01-01,Tohmajärvi Kemie,0.4,-1.0,28.0
2023-01-01,Joensuu Huhtilampi,,-1.0,34.0
2023-01-01,Vaasa lentoasema,0.2,,
2023-01-01,Mustasaari Valassaaret,0.2,,
2023-01-01,Närpiö Ylimarkku,,-1.0,0.0
2023-01-01,Mustasaari Riimala,,-1.0,4.0
2023-01-01,Kurikka Pyörni,,-1.0,6.0
2023-01-01,Maalahti Strömmingsbådan,1.3,,
2023-01-01,Vaasa Klemettilä,0.3,-1.0,11.0
2023-01-01,Seinäjoki Pelmaa,-1.1,-1.0,10.0
2023-01-01,Kauhava lentokenttä,-1.4,-1.0,9.0
2023-01-01,Ähtäri Inha,-2.0,-1.0,18.0
2023-01-01,Halsua Purola,-2.7,-1.0,20.0
2023-01-01,Alajärvi Möksy,-2.5,-1.0,24.0
2023-01-01,Multia Karhila,-2.4,-1.0,25.0
2023-01-01,Viitasaari Haapaniemi,-1.4,-1.0,22.0
2023-01-01,Äänekoski Kalaniemi,,-1.0,27.0
2023-01-01,Vesanto kirkonkylä,-1.5,-1.0,31.0
2023-01-01,Pielavesi Venetmäki,,-1.0,40.0
2023-01-01,Siilinjärvi Kuopio lentoasema,-0.6,,
2023-01-01,Kuopio Maaninka,-0.9,-1.0,28.0
2023-01-01,Lapinlahti Lamminkäyrä,,-1.0,29.0
2023-01-01,Suonenjoki Iisvesi,,-1.0,25.0
2023-01-01,Kuopio Karttula,,-1.0,29.0
2023-01-01,Kuopio Ritoniemi,-0.2,,
2023-01-01,Kuopio Savilahti,-0.5,-1.0,25.0
2023-01-01,Heinävesi Palokki,,-1.0,25.0
2023-01-01,Outokumpu Viuruniemi,,-1.0,28.0
2023-01-01,Rautavaara Ala-Luosta,,-1.0,27.0
2023-01-01,Rautavaara Ylä-Luosta,-0.8,-1.0,38.0
2023-01-01,Liperi Joensuu lentoasema,-0.1,,
2023-01-01,Juuka Niemelä,-0.1,-1.0,33.0
2023-01-01,Joensuu Pyhäselkä,,-1.0,25.0
2023-01-01,Lieksa Koli,,-1.0,25.0
2023-01-01,Liperi Tuiskavanluoto,-0.1,,
2023-01-01,Joensuu Linnunlahti,0.0,-1.0,23.0
2023-01-01,Lieksa Lampela,0.2,-1.0,21.0
2023-01-01,Ilomantsi Pötsönvaara,-0.9,0.6,35.0
2023-01-01,Ilomantsi Mekrijärvi,-0.1,0.1,31.0
2023-01-01,Pietarsaari Kallan,0.9,,
2023-01-01,Kokkola Tankar,0.7,,
2023-01-01,Kruunupyy Kokkola-Pietarsaari lentoasema,-0.3,,
2023-01-01,Kaustinen Tastula,,-1.0,15.0
2023-01-01,Kalajoki Ulkokalla,1.2,,
2023-01-01,Kokkola Santahaka,-0.2,-1.0,21.0
2023-01-01,Toholampi Oravala,,-1.0,20.0
2023-01-01,Kalajoki Pitkäsenkylä,,-1.0,25.0
2023-01-01,Kalajoki Mehtäkylä,,-1.0,21.0
2023-01-01,Toholampi Laitala,-2.0,-1.0,15.0
2023-01-01,Ylivieska lentokenttä,-1.7,-1.0,28.0
2023-01-01,Ylivieska Vähäkangas,,0.1,20.0
2023-01-01,Haapavesi Mustikkamäki,-1.8,-1.0,18.0
2023-01-01,Pyhäjärvi Ojakylä,-2.1,-1.0,26.0
2023-01-01,Pyhäjärvi Hiidenniemi,,-1.0,24.0
2023-01-01,Kiuruvesi Korpijoki,,-1.0,23.0
2023-01-01,Siikalatva Kestilä,,2.5,27.0
2023-01-01,Kajaani lentoasema,-0.6,,
2023-01-01,Vieremä Kaarakkala,-1.5,0.1,35.0
2023-01-01,Kajaani Paltaniemi,,2.5,22.0
2023-01-01,Nurmes Valtimo,-0.2,-1.0,23.0
2023-01-01,Ristijärvi Mustavaara,,2.0,40.0
2023-01-01,Sotkamo Kuolaniemi,-0.6,0.4,28.0
2023-01-01,Nurmes Mujejärvi,,0.7,32.0
2023-01-01,Kuhmo Apaja,,0.9,32.0
2023-01-01,Kuhmo Kalliojoki,-0.8,1.4,29.0
2023-01-01,Raahe Nahkiainen,1.3,,
2023-01-01,Hailuoto Keskikylä,0.4,-1.0,26.0
2023-01-01,Kemi I majakka,0.2,,
2023-01-01,Hailuoto Marjaniemi,0.7,,
2023-01-01,Raahe Lapaluoto satama,0.8,,
2023-01-01,Oulu lentoasema,0.1,,
2023-01-01,Siikajoki Ruukki,-0.1,-1.0,22.0
2023-01-01,Oulu Vihreäsaari satama,0.2,,
2023-01-01,Oulu Oulunsalo Pellonpää,0.0,1.0,32.0
2023-01-01,Vaala Pelso,-0.7,0.5,18.0
2023-01-01,Pudasjärvi lentokenttä,-1.0,2.8,46.0
2023-01-01,Utajärvi Särkijärvi,,3.4,30.0
2023-01-01,Pudasjärvi Jaurakkajärvi,,5.4,
2023-01-01,Suomussalmi Näljänkä,,4.9,44.0
2023-01-01,Suomussalmi Pesiö,-1.2,6.2,49.0
2023-01-01,Puolanka Kotila,,2.2,46.0
2023-01-01,Puolanka Paljakka,-2.4,3.9,49.0
2023-01-01,Kemi Kemi-Tornio lentoasema,-0.6,,
2023-01-01,Kemi Ajos,-1.5,,
2023-01-01,Tornio Kaakkuri,-1.0,0.6,
2023-01-01,Ranua lentokenttä,-1.2,2.3,43.0
2023-01-01,Pudasjärvi Sarakylä,,1.8,33.0
2023-01-01,Posio Raistakka,,2.0,42.0
2023-01-01,Taivalkoski Inkee,,2.1,39.0
2023-01-01,Taivalkoski kirkonkylä,-0.9,0.9,41.0
2023-01-01,Kuusamo lentoasema,-1.4,1.6,35.0
2023-01-01,Kuusamo Kiutaköngäs,-1.0,2.3,43.0
2023-01-01,Kuusamo Rukatunturi,-2.9,,
2023-01-01,Kuusamo Teeriranta,,2.2,42.0
2023-01-01,Kuusamo Juuma,-1.9,,
2023-01-01,Ylitornio Meltosjärvi,-1.4,1.9,44.0
2023-01-01,Kolari Kattilamaa,,1.9,41.0
2023-01-01,Pello kirkonkylä,-1.1,1.5,40.0
2023-01-01,Rovaniemi rautatieasema,-0.8,,
2023-01-01,Sodankylä Tähtelä,-2.7,2.3,52.0
2023-01-01,Rovaniemi Apukka,-1.0,1.7,42.0
2023-01-01,Pelkosenniemi kirkonkylä,,2.2,43.0
2023-01-01,Kemijärvi lentokenttä,-1.5,0.7,44.0
2023-01-01,Savukoski kirkonkylä,-1.9,4.8,43.0
2023-01-01,Salla Kelloselkä,,2.5,33.0
2023-01-01,Pelkosenniemi Pyhätunturi,-3.5,,
2023-01-01,Salla kirkonkylä,-1.4,5.7,33.0
2023-01-01,Salla Naruska,-1.6,2.2,39.0
2023-01-01,Enontekiö Kaaresuvanto,,0.0,58.0
2023-01-01,Enontekiö lentoasema,-3.9,,
2023-01-01,Kittilä Pulju,,3.1,47.0
2023-01-01,Muonio Laukukero,-6.3,,
2023-01-01,Muonio Sammaltunturi,-5.4,,
2023-01-01,Kittilä Matorova,-4.0,,
2023-01-01,Kittilä lentoasema,-2.9,,
2023-01-01,Kittilä Kenttärova,-4.2,2.5,56.0
2023-01-01,Kittilä Pakatti,-2.8,2.5,51.0
2023-01-01,Kittilä Pokka,-4.0,3.8,60.0
2023-01-01,Sodankylä Lokka,-3.1,2.4,42.0
2023-01-01,Sodankylä Vuotso,-3.7,2.0,47.0
2023-01-01,Inari Saariselkä matkailukeskus,-4.1,6.2,41.0
2023-01-01,Inari Saariselkä Kaunispää,-5.0,,
2023-01-01,Inari Raja-Jooseppi Kontiojärvi,,2.5,31.0
2023-01-01,Inari Raja-Jooseppi,-4.0,,
2023-01-01,Salla Värriötunturi,-4.0,2.0,36.0
2023-01-01,Enontekiö Kilpisjärvi kyläkeskus,-3.7,0.8,35.0
2023-01-01,Enontekiö Kilpisjärvi Saana,-7.0,,
2023-01-01,Enontekiö Näkkälä,-5.0,3.2,57.0
2023-01-01,Inari Angeli Lintupuoliselkä,-4.3,3.0,36.0
2023-01-01,Inari Ivalo lentoasema,-3.3,,
2023-01-01,Utsjoki Kevo,-4.6,4.0,37.0
2023-01-01,Utsjoki Nuorgam,-3.4,4.9,35.0
2023-01-01,Inari Väylä,-4.1,,
2023-01-01,Inari kirkonkylä,,8.3,45.0
2023-01-01,Inari Kaamanen,-4.2,5.6,44.0
2023-01-01,Inari Nellim,-3.8,3.6,25.0
2023-01-01,Inari Kirakkajärvi,-4.3,2.6,35.0
2023-01-01,Mäntsälä Hirvihaara,-1.3,-1.0,14.0
2023-01-01,Lahti Sopenkorpi,-0.3,-1.0,17.0
2023-01-01,Siuntio Sjundby,,0.1,13.0
2023-01-01,Sipoo Itätoukki,1.4,,
2023-01-01,Rauma Pyynpää,1.6,-1.0,-1.0
2023-01-01,Muonio Oustajärvi,-3.3,2.6,51.0
2023-01-01,Pyhtää lentokenttä,-0.1,-1.0,16.0
2023-01-01,Sotkamo Tuhkakylä,-1.0,1.7,40.0
2023-01-01,Tervola Loue,-0.9,,
2023-01-01,Savukoski Tulppio,-2.9,1.2,33.0
2023-01-01,Mikkeli Pitkäaho,,-1.0,24.0
2023-01-01,Kajaani Petäisenniska,-0.6,1.3,30.0
2023-01-01,Utsjoki Kevo Kevojärvi,-4.6,,
2023-01-01,Inari Seitalaassa,-3.9,,
2023-01-01,Ilmajoki Seinäjoki lentoasema,-1.1,,
2023-01-01,Rovaniemi lentoasema AWOS,-1.6,2.7,40.0
2023-01-01,Jyväskylä lentoasema AWOS,-1.3,-1.0,21.0
2023-01-01,Puumala kirkonkylä,0.1,-1.0,17.0
2023-01-01,Helsinki Vuosaari satama,1.1,,
2023-01-01,Maarianhamina Länsisatama,0.5,,
2023-01-01,Lumparland Långnäs satama,0.6,-1.0,
2023-01-01,Kittilä Lompolonvuoma,-3.3,1.7,
2023-01-01,Kuusamo Ruka Talvijärvi,-1.7,,
2023-01-01,Espoo Nuuksio,-1.6,-1.0,18.0
2023-01-01,Mikkeli Lentoasema AWOS,-0.6,-1.0,28.0
2023-01-01,Espoo Tapiola,0.4,-1.0,8.0
2023-01-02,Porvoo Kilpilahti satama,-1.1,,
2023-01-02,Jomala Maarianhamina lentoasema,0.3,,
2023-01-02,Parainen Utö,2.9,18.0,-1.0
2023-01-02,Lemland Nyhamn,3.1,,
2023-01-02,Jomala Jomalaby,0.6,11.0,-1.0
2023-01-02,Hammarland Märket,2.0,,
2023-01-02,Kökar Bogskär,3.8,,
2023-01-02,Parainen Fagerholm,1.5,15.9,
2023-01-02,Kumlinge kirkonkylä,1.8,,
2023-01-02,Hanko Russarö,1.6,16.7,
2023-01-02,Kaarina Yltöinen,-1.8,11.5,-1.0
2023-01-02,Kemiönsaari Vänö,2.2,,
2023-01-02,Hanko Tulliniemi,2.0,,
2023-01-02,Turku Rajakari,0.8,,
2023-01-02,Turku Artukainen,-1.7,11.9,-1.0
2023-01-02,Kemiönsaari Kemiö,-1.5,10.4,-1.0
2023-01-02,Hanko Tvärminne,0.4,16.9,-1.0
2023-01-02,Salo Kärkkä,-3.1,8.1,
2023-01-02,Lohja Leppäkorpi,,7.5,2.0
2023-01-02,Raasepori Jussarö,1.3,,
2023-01-02,Salo Kiikala lentokenttä,-2.9,5.3,-1.0
2023-01-02,Vantaa Helsinki-Vantaan lentoasema,-2.5,2.9,10.0
2023-01-02,Inkoo Bågaskär,0.3,,
2023-01-02,Helsinki Kaisaniemi,-1.1,7.1,-1.0
2023-01-02,Lohja Porla,-2.0,10.3,20.0
2023-01-02,Vihti Maasoja,-3.3,,
2023-01-02,Helsinki Harmaja,-0.1,,
2023-01-02,Kirkkonummi Mäkiluoto,0.8,,
2023-01-02,Helsinki Helsingin majakka,1.0,,
2023-01-02,Helsinki Kumpula,-1.7,7.5,9.0
2023-01-02,Helsinki Malmi lentokenttä,-2.2,,
2023-01-02,Porvoo Kalbådagrund,0.9,,
2023-01-02,Porvoo Emäsalo,-0.2,,
2023-01-02,Porvoo Harabacka,-2.7,2.6,5.0
2023-01-02,Kotka Rankki,-1.1,2.5,8.0
2023-01-02,Loviisa Orrengrund,-0.2,,
2023-01-02,Kotka Haapasaari,-0.2,,
2023-01-02,Pori lentoasema,-1.5,,
2023-01-02,Uusikaupunki Itätulli,,9.5,-1.0
2023-01-02,Kustavi Isokari,1.4,6.5,
2023-01-02,Rauma Kylmäpihlaja,0.7,,
2023-01-02,Pori rautatieasema,-1.4,6.5,4.0
2023-01-02,Turku lentoasema,-2.1,,
2023-01-02,Kokemäki Rausenkulma,,9.1,0.0
2023-01-02,Huittinen Sallila,,8.9,5.0
2023-01-02,Oripää Teinikivi,,-1.0,6.0
2023-01-02,Pöytyä Yläne,,11.3,3.0
2023-01-02,Kokemäki Tulkkila,-2.1,8.8,-1.0
2023-01-02,Jokioinen Ilmala,-3.0,7.3,4.0
2023-01-02,Nokia Tottijärvi,,6.9,8.0
2023-01-02,Pirkkala Tampere-Pirkkala lentoasema,-3.1,,
2023-01-02,Tampere Härmälä,-2.8,5.4,16.0
2023-01-02,Somero Salkola,-3.2,6.1,17.0
2023-01-02,Hyvinkää Hyvinkäänkylä,-3.7,2.4,16.0
2023-01-02,Vihti Hiiskula,,4.0,20.0
2023-01-02,Hämeenlinna Pirttikoski,,8.8,12.0
2023-01-02,Nurmijärvi Röykkä,-3.2,1.9,15.0
2023-01-02,Hämeenlinna Katinen,-3.2,3.8,
2023-01-02,Hattula Lepaa,-3.7,5.8,13.0
2023-01-02,Hämeenlinna Lammi Pappila,-3.6,0.9,21.0
2023-01-02,Asikkala Pulkkilanharju,-2.7,,
2023-01-02,Kouvola Utti lentoasema,-4.2,0.0,2.0
2023-01-02,Kouvola Anjala,-4.1,0.3,17.0
2023-01-02,Heinola Asemantaus,-3.5,-1.0,13.0
2023-01-02,Kouvola Voikoski,,-1.0,15.0
2023-01-02,Virolahti Koivuniemi,-3.9,0.1,13.0
2023-01-02,Lappeenranta lentoasema,-5.2,,
2023-01-02,Lappeenranta Konnunsuo,-6.5,,
2023-01-02,Lappeenranta Lepola,-4.1,-1.0,14.0
2023-01-02,Ruokolahti Kotaniemi,,0.1,20.0
2023-01-02,Lappeenranta Hiekkapakka,-3.8,,
2023-01-02,Parikkala Koitsanlahti,-5.6,-1.0,15.0
2023-01-02,Kaskinen Sälgrund,-0.5,1.7,
2023-01-02,Merikarvia Tuorila,,3.0,16.0
2023-01-02,Isojoki Kärjenkoski,,5.2,2.0
2023-01-02,Teuva Kauppilankylä,,3.1,0.0
2023-01-02,Pori Tahkoluoto satama,0.4,,
2023-01-02,Kristiinankaupunki Majakka,0.7,,
2023-01-02,Karvia Alkkia,-3.9,2.3,17.0
2023-01-02,Kurikka Hirvijärvi,,0.2,2.0
2023-01-02,Kauhajoki Kuja-Kokko,-3.9,3.0,8.0
2023-01-02,Kankaanpää Niinisalo lentokenttä,-3.8,7.7,16.0
2023-01-02,Alavus Sulkavankylä,,1.4,13.0
2023-01-02,Virrat Äijänneva,-5.1,,
2023-01-02,Tampere Siilinkari,-2.2,,
2023-01-02,Jämsä Halli lentoasema,-4.7,1.4,14.0
2023-01-02,Juupajoki Hyytiälä,-4.7,1.2,29.0
2023-01-02,Sysmä Joutsjärvi,,-1.0,20.0
2023-01-02,Jyväskylä Muuratjärvi,,0.0,19.0
2023-01-02,Luhanka Judinsalo,-2.9,,
2023-01-02,Multia Pirttiperä,,1.1,21.0
2023-01-02,Joutsa Savenaho,-5.4,-1.0,21.0
2023-01-02,Kangasniemi kirkonkylä,,-1.0,27.0
2023-01-02,Joutsa Pärnämäki,,-1.0,26.0
2023-01-02,Juva Partala,-6.3,,
2023-01-02,Varkaus Kosulanniemi,-5.1,-1.0,23.0
2023-01-02,Savonlinna Laukansaari,,-1.0,21.0
2023-01-02,Sulkava Halttula,,-1.0,28.0
2023-01-02,Savonlinna lentoasema,-5.3,,
2023-01-02,Rantasalmi Rukkasluoto,-4.3,,
2023-01-02,Savonlinna Punkaharju Laukansaari,-4.7,-1.0,18.0
2023-01-02,Enonkoski Simanala,,-1.0,26.0
2023-01-02,Savonlinna Savonranta,,-1.0,23.0
2023-01-02,Rääkkylä kirkonkylä,,-1.0,25.0
2023-01-02,Tohmajärvi Kemie,-4.8,-1.0,28.0
2023-01-02,Joensuu Huhtilampi,,-1.0,33.0
2023-01-02,Vaasa lentoasema,-3.2,,
2023-01-02,Mustasaari Valassaaret,-0.6,,
2023-01-02,Närpiö Ylimarkku,,1.2,0.0
2023-01-02,Mustasaari Riimala,,2.2,4.0
2023-01-02,Kurikka Pyörni,,3.4,6.0
2023-01-02,Maalahti Strömmingsbådan,0.3,,
2023-01-02,Vaasa Klemettilä,-3.0,1.3,11.0
2023-01-02,Seinäjoki Pelmaa,-4.4,1.3,10.0
2023-01-02,Kauhava lentokenttä,-6.3,0.8,9.0
2023-01-02,Ähtäri Inha,-5.5,1.6,17.0
2023-01-02,Halsua Purola,-7.4,0.0,20.0
2023-01-02,Alajärvi Möksy,-6.0,0.6,24.0
2023-01-02,Multia Karhila,-5.7,0.4,25.0
2023-01-02,Viitasaari Haapaniemi,-4.9,-1.0,22.0
2023-01-02,Äänekoski Kalaniemi,,-1.0,27.0
2023-01-02,Vesanto kirkonkylä,-8.0,-1.0,30.0
2023-01-02,Pielavesi Venetmäki,,-1.0,40.0
2023-01-02,Siilinjärvi Kuopio lentoasema,-5.0,,
2023-01-02,Kuopio Maaninka,-6.2,-1.0,27.0
2023-01-02,Lapinlahti Lamminkäyrä,,-1.0,29.0
2023-01-02,Suonenjoki Iisvesi,,-1.0,25.0
2023-01-02,Kuopio Karttula,,-1.0,29.0
2023-01-02,Kuopio Ritoniemi,-4.4,,
2023-01-02,Kuopio Savilahti,-4.9,-1.0,24.0
2023-01-02,Heinävesi Palokki,,-1.0,25.0
2023-01-02,Outokumpu Viuruniemi,,-1.0,28.0
2023-01-02,Rautavaara Ala-Luosta,,-1.0,26.0
2023-01-02,Rautavaara Ylä-Luosta,-7.3,-1.0,38.0
2023-01-02,Liperi Joensuu lentoasema,-5.1,,
2023-01-02,Juuka Niemelä,-5.4,-1.0,32.0
2023-01-02,Joensuu Pyhäselkä,,-1.0,24.0
2023-01-02,Lieksa Koli,,-1.0,24.0
2023-01-02,Liperi Tuiskavanluoto,-4.4,,
2023-01-02,Joensuu Linnunlahti,-5.5,-1.0,23.0
2023-01-02,Lieksa Lampela,-5.6,-1.0,20.0
2023-01-02,Ilomantsi Pötsönvaara,-4.3,-1.0,34.0
2023-01-02,Ilomantsi Mekrijärvi,-5.2,-1.0,29.0
2023-01-02,Pietarsaari Kallan,-0.8,,
2023-01-02,Kokkola Tankar,-1.1,,
2023-01-02,Kruunupyy Kokkola-Pietarsaari lentoasema,-4.5,,
2023-01-02,Kaustinen Tastula,,-1.0,15.0
2023-01-02,Kalajoki Ulkokalla,0.6,,
2023-01-02,Kokkola Santahaka,-4.6,-1.0,20.0
2023-01-02,Toholampi Oravala,,1.5,17.0
2023-01-02,Kalajoki Pitkäsenkylä,,-1.0,25.0
2023-01-02,Kalajoki Mehtäkylä,,-1.0,21.0
2023-01-02,Toholampi Laitala,-6.1,-1.0,15.0
2023-01-02,Ylivieska lentokenttä,-7.5,-1.0,27.0
2023-01-02,Ylivieska Vähäkangas,,-1.0,20.0
2023-01-02,Haapavesi Mustikkamäki,-6.1,-1.0,18.0
2023-01-02,Pyhäjärvi Ojakylä,-7.5,-1.0,27.0
2023-01-02,Pyhäjärvi Hiidenniemi,,-1.0,24.0
2023-01-02,Kiuruvesi Korpijoki,,-1.0,23.0
2023-01-02,Siikalatva Kestilä,,-1.0,30.0
2023-01-02,Kajaani lentoasema,-6.8,,
2023-01-02,Vieremä Kaarakkala,-5.5,-1.0,35.0
2023-01-02,Kajaani Paltaniemi,,-1.0,24.0
2023-01-02,Nurmes Valtimo,-6.0,-1.0,23.0
2023-01-02,Ristijärvi Mustavaara,,0.1,48.0
2023-01-02,Sotkamo Kuolaniemi,-5.3,-1.0,28.0
2023-01-02,Nurmes Mujejärvi,,-1.0,31.0
2023-01-02,Kuhmo Apaja,,-1.0,29.0
2023-01-02,Kuhmo Kalliojoki,-5.3,-1.0,29.0
2023-01-02,Raahe Nahkiainen,0.8,,
2023-01-02,Hailuoto Keskikylä,-3.0,-1.0,26.0
2023-01-02,Kemi I majakka,0.1,,
2023-01-02,Hailuoto Marjaniemi,-0.1,,
2023-01-02,Raahe Lapaluoto satama,-0.7,,
2023-01-02,Oulu lentoasema,-3.8,,
2023-01-02,Siikajoki Ruukki,-5.0,-1.0,21.0
2023-01-02,Oulu Vihreäsaari satama,-3.1,,
2023-01-02,Oulu Oulunsalo Pellonpää,-4.9,-1.0,32.0
2023-01-02,Vaala Pelso,-8.3,-1.0,18.0
2023-01-02,Pudasjärvi lentokenttä,-8.7,-1.0,45.0
2023-01-02,Utajärvi Särkijärvi,,-1.0,35.0
2023-01-02,Pudasjärvi Jaurakkajärvi,,-1.0,40.0
2023-01-02,Suomussalmi Näljänkä,,0.1,46.0
2023-01-02,Suomussalmi Pesiö,-6.5,0.1,51.0
2023-01-02,Puolanka Kotila,,-1.0,47.0
2023-01-02,Puolanka Paljakka,-6.0,-1.0,48.0
2023-01-02,Kemi Kemi-Tornio lentoasema,-11.0,,
2023-01-02,Kemi Ajos,-5.8,,
2023-01-02,Tornio Kaakkuri,-9.4,-1.0,
2023-01-02,Ranua lentokenttä,-11.9,0.1,45.0
2023-01-02,Pudasjärvi Sarakylä,,-1.0,33.0
2023-01-02,Posio Raistakka,,0.0,44.0
2023-01-02,Taivalkoski Inkee,,0.0,39.0
2023-01-02,Taivalkoski kirkonkylä,-9.9,-1.0,41.0
2023-01-02,Kuusamo lentoasema,-9.9,-1.0,36.0
2023-01-02,Kuusamo Kiutaköngäs,-8.1,-1.0,43.0
2023-01-02,Kuusamo Rukatunturi,-6.9,,
2023-01-02,Kuusamo Teeriranta,,-1.0,42.0
2023-01-02,Kuusamo Juuma,-7.9,,
2023-01-02,Ylitornio Meltosjärvi,-14.8,-1.0,45.0
2023-01-02,Kolari Kattilamaa,,0.2,42.0
2023-01-02,Pello kirkonkylä,-15.5,0.2,40.0
2023-01-02,Rovaniemi rautatieasema,-11.9,,
2023-01-02,Sodankylä Tähtelä,-12.3,-1.0,54.0
2023-01-02,Rovaniemi Apukka,-15.2,-1.0,41.0
2023-01-02,Pelkosenniemi kirkonkylä,,0.2,43.0
2023-01-02,Kemijärvi lentokenttä,-12.0,-1.0,43.0
2023-01-02,Savukoski kirkonkylä,-11.1,0.0,46.0
2023-01-02,Salla Kelloselkä,,0.0,35.0
2023-01-02,Pelkosenniemi Pyhätunturi,-5.8,,
2023-01-02,Salla kirkonkylä,-10.9,-1.0,39.0
2023-01-02,Salla Naruska,-4.5,-1.0,41.0
2023-01-02,Enontekiö Kaaresuvanto,,-1.0,58.0
2023-01-02,Enontekiö lentoasema,-14.4,,
2023-01-02,Kittilä Pulju,,0.2,48.0
2023-01-02,Muonio Laukukero,-5.9,,
2023-01-02,Muonio Sammaltunturi,-5.7,,
2023-01-02,Kittilä Matorova,-7.9,,
2023-01-02,Kittilä lentoasema,-13.2,,
2023-01-02,Kittilä Kenttärova,-7.8,-1.0,57.0
2023-01-02,Kittilä Pakatti,-13.2,-1.0,52.0
2023-01-02,Kittilä Pokka,-12.4,0.2,61.0
2023-01-02,Sodankylä Lokka,-9.5,-1.0,41.0
2023-01-02,Sodankylä Vuotso,-11.6,-1.0,49.0
2023-01-02,Inari Saariselkä matkailukeskus,-8.9,0.3,46.0
2023-01-02,Inari Saariselkä Kaunispää,-5.1,,
2023-01-02,Inari Raja-Jooseppi Kontiojärvi,,-1.0,33.0
2023-01-02,Inari Raja-Jooseppi,-3.8,,
2023-01-02,Salla Värriötunturi,-4.1,0.2,37.0
2023-01-02,Enontekiö Kilpisjärvi kyläkeskus,-10.7,1.5,35.0
2023-01-02,Enontekiö Kilpisjärvi Saana,-5.7,,
2023-01-02,Enontekiö Näkkälä,-16.0,-1.0,58.0
2023-01-02,Inari Angeli Lintupuoliselkä,-7.6,0.7,38.0
2023-01-02,Inari Ivalo lentoasema,-8.1,,
2023-01-02,Utsjoki Kevo,-6.2,0.2,41.0
2023-01-02,Utsjoki Nuorgam,-2.3,0.5,43.0
2023-01-02,Inari Väylä,-7.3,,
2023-01-02,Inari kirkonkylä,,-1.0,48.0
2023-01-02,Inari Kaamanen,-7.5,-1.0,48.0
2023-01-02,Inari Nellim,-3.7,0.4,29.0
2023-01-02,Inari Kirakkajärvi,-4.5,0.1,37.0
2023-01-02,Mäntsälä Hirvihaara,-3.8,1.9,14.0
2023-01-02,Lahti Sopenkorpi,-3.4,0.1,16.0
2023-01-02,Siuntio Sjundby,,16.5,13.0
2023-01-02,Sipoo Itätoukki,0.4,,
2023-01-02,Rauma Pyynpää,-0.7,9.2,-1.0
2023-01-02,Muonio Oustajärvi,-17.2,-1.0,53.0
2023-01-02,Pyhtää lentokenttä,-3.5,1.3,16.0
2023-01-02,Sotkamo Tuhkakylä,-6.4,-1.0,40.0
2023-01-02,Tervola Loue,-14.2,,
2023-01-02,Savukoski Tulppio,-3.9,-1.0,34.0
2023-01-02,Mikkeli Pitkäaho,,-1.0,23.0
2023-01-02,Kajaani Petäisenniska,-5.6,-1.0,30.0
2023-01-02,Utsjoki Kevo Kevojärvi,-6.7,,
2023-01-02,Inari Seitalaassa,-5.7,,
2023-01-02,Ilmajoki Seinäjoki lentoasema,-4.0,,
2023-01-02,Rovaniemi lentoasema AWOS,-9.8,0.1,42.0
2023-01-02,Jyväskylä lentoasema AWOS,-5.9,-1.0,21.0
2023-01-02,Puumala kirkonkylä,-4.2,-1.0,17.0
2023-01-02,Helsinki Vuosaari satama,-0.6,,
2023-01-02,Maarianhamina Länsisatama,1.3,,
2023-01-02,Lumparland Långnäs satama,1.4,12.6,
2023-01-02,Kittilä Lompolonvuoma,-10.8,-1.0,
2023-01-02,Kuusamo Ruka Talvijärvi,-8.0,,
2023-01-02,Espoo Nuuksio,-3.2,10.8,18.0
2023-01-02,Mikkeli Lentoasema AWOS,-5.8,-1.0,27.0
2023-01-02,Espoo Tapiola,-1.9,9.7,8.0
2023-01-03,Porvoo Kilpilahti satama,-1.1,,
2023-01-03,Jomala Maarianhamina lentoasema,0.7,,
2023-01-03,Parainen Utö,1.3,0.6,-1.0
2023-01-03,Lemland Nyhamn,1.3,,
2023-01-03,Jomala Jomalaby,0.6,0.2,-1.0
2023-01-03,Hammarland Märket,0.4,,
2023-01-03,Kökar Bogskär,1.3,,
2023-01-03,Parainen Fagerholm,0.7,0.2,
2023-01-03,Kumlinge kirkonkylä,0.9,,
2023-01-03,Hanko Russarö,0.6,1.8,
2023-01-03,Kaarina Yltöinen,0.0,4.0,3.0
2023-01-03,Kemiönsaari Vänö,0.5,,
2023-01-03,Hanko Tulliniemi,0.5,,
2023-01-03,Turku Rajakari,0.3,,
2023-01-03,Turku Artukainen,0.0,0.8,4.0
2023-01-03,Kemiönsaari Kemiö,-0.1,2.4,4.0
2023-01-03,Hanko Tvärminne,0.3,1.2,3.0
2023-01-03,Salo Kärkkä,-0.1,1.5,
2023-01-03,Lohja Leppäkorpi,,0.3,10.0
2023-01-03,Raasepori Jussarö,0.2,,
2023-01-03,Salo Kiikala lentokenttä,-1.3,1.3,7.0
2023-01-03,Vantaa Helsinki-Vantaan lentoasema,-1.4,0.7,16.0
2023-01-03,Inkoo Bågaskär,0.1,,
2023-01-03,Helsinki Kaisaniemi,-0.8,1.6,5.0
2023-01-03,Lohja Porla,-0.6,0.7,26.0
2023-01-03,Vihti Maasoja,-1.3,,
2023-01-03,Helsinki Harmaja,-0.2,,
2023-01-03,Kirkkonummi Mäkiluoto,0.3,,
2023-01-03,Helsinki Helsingin majakka,0.4,,
2023-01-03,Helsinki Kumpula,-1.0,1.2,16.0
2023-01-03,Helsinki Malmi lentokenttä,-1.1,,
2023-01-03,Porvoo Kalbådagrund,-0.1,,
2023-01-03,Porvoo Emäsalo,-1.3,,
2023-01-03,Porvoo Harabacka,-1.7,1.1,7.0
2023-01-03,Kotka Rankki,-1.5,2.7,11.0
2023-01-03,Loviisa Orrengrund,-1.5,,
2023-01-03,Kotka Haapasaari,-1.1,,
2023-01-03,Pori lentoasema,-1.0,,
2023-01-03,Uusikaupunki Itätulli,,1.0,1.0
2023-01-03,Kustavi Isokari,0.6,0.1,
2023-01-03,Rauma Kylmäpihlaja,-0.1,,
2023-01-03,Pori rautatieasema,-0.9,3.1,12.0
2023-01-03,Turku lentoasema,-0.3,,
2023-01-03,Kokemäki Rausenkulma,,3.6,11.0
2023-01-03,Huittinen Sallila,,7.0,18.0
2023-01-03,Oripää Teinikivi,,8.5,6.0
2023-01-03,Pöytyä Yläne,,3.9,15.0
2023-01-03,Kokemäki Tulkkila,-1.1,3.1,11.0
2023-01-03,Jokioinen Ilmala,-1.5,2.0,16.0
2023-01-03,Nokia Tottijärvi,,6.7,13.0
2023-01-03,Pirkkala Tampere-Pirkkala lentoasema,-2.2,,
2023-01-03,Tampere Härmälä,-2.0,2.4,22.0
2023-01-03,Somero Salkola,-1.7,1.4,22.0
2023-01-03,Hyvinkää Hyvinkäänkylä,-1.8,0.5,18.0
2023-01-03,Vihti Hiiskula,,1.1,23.0
2023-01-03,Hämeenlinna Pirttikoski,,0.8,25.0
2023-01-03,Nurmijärvi Röykkä,-1.9,1.3,14.0
2023-01-03,Hämeenlinna Katinen,-2.1,2.0,
2023-01-03,Hattula Lepaa,-2.5,2.3,22.0
2023-01-03,Hämeenlinna Lammi Pappila,-2.7,2.1,20.0
2023-01-03,Asikkala Pulkkilanharju,-2.6,,
2023-01-03,Kouvola Utti lentoasema,-3.9,1.2,2.0
2023-01-03,Kouvola Anjala,-2.9,2.0,16.0
2023-01-03,Heinola Asemantaus,-3.6,1.1,13.0
2023-01-03,Kouvola Voikoski,,0.9,15.0
2023-01-03,Virolahti Koivuniemi,-2.3,1.4,13.0
2023-01-03,Lappeenranta lentoasema,-5.0,,
2023-01-03,Lappeenranta Konnunsuo,-5.4,,
2023-01-03,Lappeenranta Lepola,-4.9,0.8,14.0
2023-01-03,Ruokolahti Kotaniemi,,0.6,20.0
2023-01-03,Lappeenranta Hiekkapakka,-4.7,,
2023-01-03,Parikkala Koitsanlahti,-8.4,1.2,15.0
2023-01-03,Kaskinen Sälgrund,-2.1,0.7,
2023-01-03,Merikarvia Tuorila,,1.8,20.0
2023-01-03,Isojoki Kärjenkoski,,1.2,7.0
2023-01-03,Teuva Kauppilankylä,,1.2,5.0
2023-01-03,Pori Tahkoluoto satama,-0.7,,
2023-01-03,Kristiinankaupunki Majakka,-1.7,,
2023-01-03,Karvia Alkkia,-2.5,1.7,21.0
2023-01-03,Kurikka Hirvijärvi,,2.1,2.0
2023-01-03,Kauhajoki Kuja-Kokko,-2.3,2.1,12.0
2023-01-03,Kankaanpää Niinisalo lentokenttä,-2.0,1.7,27.0
2023-01-03,Alavus Sulkavankylä,,4.0,14.0
2023-01-03,Virrat Äijänneva,-2.8,,
2023-01-03,Tampere Siilinkari,-1.8,,
2023-01-03,Jämsä Halli lentoasema,-3.7,1.0,15.0
2023-01-03,Juupajoki Hyytiälä,-3.2,1.4,30.0
2023-01-03,Sysmä Joutsjärvi,,0.6,20.0
2023-01-03,Jyväskylä Muuratjärvi,,1.1,19.0
2023-01-03,Luhanka Judinsalo,-3.1,,
2023-01-03,Multia Pirttiperä,,1.7,22.0
2023-01-03,Joutsa Savenaho,-5.6,0.2,21.0
2023-01-03,Kangasniemi kirkonkylä,,0.6,27.0
2023-01-03,Joutsa Pärnämäki,,0.4,26.0
2023-01-03,Juva Partala,-7.9,,
2023-01-03,Varkaus Kosulanniemi,-7.3,0.6,23.0
2023-01-03,Savonlinna Laukansaari,,1.6,21.0
2023-01-03,Sulkava Halttula,,3.9,28.0
2023-01-03,Savonlinna lentoasema,-8.6,,
2023-01-03,Rantasalmi Rukkasluoto,-7.0,,
2023-01-03,Savonlinna Punkaharju Laukansaari,-8.2,0.5,18.0
2023-01-03,Enonkoski Simanala,,1.3,26.0
2023-01-03,Savonlinna Savonranta,,0.9,23.0
2023-01-03,Rääkkylä kirkonkylä,,0.4,25.0
2023-01-03,Tohmajärvi Kemie,-11.2,0.1,27.0
2023-01-03,Joensuu Huhtilampi,,-1.0,33.0
2023-01-03,Vaasa lentoasema,-2.9,,
2023-01-03,Mustasaari Valassaaret,-3.1,,
2023-01-03,Närpiö Ylimarkku,,0.6,4.0
2023-01-03,Mustasaari Riimala,,0.6,6.0
2023-01-03,Kurikka Pyörni,,1.1,10.0
2023-01-03,Maalahti Strömmingsbådan,-2.6,,
2023-01-03,Vaasa Klemettilä,-2.8,0.5,12.0
2023-01-03,Seinäjoki Pelmaa,-2.7,2.6,12.0
2023-01-03,Kauhava lentokenttä,-2.9,1.9,10.0
2023-01-03,Ähtäri Inha,-3.7,1.9,19.0
2023-01-03,Halsua Purola,-4.8,1.6,20.0
2023-01-03,Alajärvi Möksy,-4.3,3.2,24.0
2023-01-03,Multia Karhila,-4.7,1.4,23.0
2023-01-03,Viitasaari Haapaniemi,-6.2,0.3,21.0
2023-01-03,Äänekoski Kalaniemi,,0.3,27.0
2023-01-03,Vesanto kirkonkylä,-7.6,0.7,27.0
2023-01-03,Pielavesi Venetmäki,,1.2,40.0
2023-01-03,Siilinjärvi Kuopio lentoasema,-7.9,,
2023-01-03,Kuopio Maaninka,-8.8,0.3,27.0
2023-01-03,Lapinlahti Lamminkäyrä,,0.8,29.0
2023-01-03,Suonenjoki Iisvesi,,0.8,25.0
2023-01-03,Kuopio Karttula,,0.4,29.0
2023-01-03,Kuopio Ritoniemi,-7.2,,
2023-01-03,Kuopio Savilahti,-7.1,0.1,24.0
2023-01-03,Heinävesi Palokki,,0.9,25.0
2023-01-03,Outokumpu Viuruniemi,,0.6,28.0
2023-01-03,Rautavaara Ala-Luosta,,1.0,26.0
2023-01-03,Rautavaara Ylä-Luosta,-10.5,1.0,37.0
2023-01-03,Liperi Joensuu lentoasema,-8.8,,
2023-01-03,Juuka Niemelä,-10.5,0.6,32.0
2023-01-03,Joensuu Pyhäselkä,,0.2,24.0
2023-01-03,Lieksa Koli,,0.3,24.0
2023-01-03,Liperi Tuiskavanluoto,-7.9,,
2023-01-03,Joensuu Linnunlahti,-9.0,-1.0,22.0
2023-01-03,Lieksa Lampela,-8.4,-1.0,20.0
2023-01-03,Ilomantsi Pötsönvaara,-8.0,0.1,34.0
2023-01-03,Ilomantsi Mekrijärvi,-8.5,-1.0,30.0
2023-01-03,Pietarsaari Kallan,-2.8,,
2023-01-03,Kokkola Tankar,-2.0,,
2023-01-03,Kruunupyy Kokkola-Pietarsaari lentoasema,-4.8,,
2023-01-03,Kaustinen Tastula,,0.9,15.0
2023-01-03,Kalajoki Ulkokalla,-1.3,,
2023-01-03,Kokkola Santahaka,-4.3,0.2,20.0
2023-01-03,Toholampi Oravala,,1.0,18.0
2023-01-03,Kalajoki Pitkäsenkylä,,-1.0,25.0
2023-01-03,Kalajoki Mehtäkylä,,0.3,21.0
2023-01-03,Toholampi Laitala,-6.0,0.7,15.0
2023-01-03,Ylivieska lentokenttä,-6.4,1.0,27.0
2023-01-03,Ylivieska Vähäkangas,,1.9,20.0
2023-01-03,Haapavesi Mustikkamäki,-7.4,1.8,18.0
2023-01-03,Pyhäjärvi Ojakylä,-7.3,0.7,26.0
2023-01-03,Pyhäjärvi Hiidenniemi,,1.5,24.0
2023-01-03,Kiuruvesi Korpijoki,,2.3,23.0
2023-01-03,Siikalatva Kestilä,,1.0,30.0
2023-01-03,Kajaani lentoasema,-9.7,,
2023-01-03,Vieremä Kaarakkala,-7.9,1.3,35.0
2023-01-03,Kajaani Paltaniemi,,0.6,24.0
2023-01-03,Nurmes Valtimo,-11.7,0.4,23.0
2023-01-03,Ristijärvi Mustavaara,,0.5,48.0
2023-01-03,Sotkamo Kuolaniemi,-10.6,0.3,27.0
2023-01-03,Nurmes Mujejärvi,,0.4,31.0
2023-01-03,Kuhmo Apaja,,0.2,29.0
2023-01-03,Kuhmo Kalliojoki,-9.3,0.3,29.0
2023-01-03,Raahe Nahkiainen,-1.8,,
2023-01-03,Hailuoto Keskikylä,-6.1,-1.0,25.0
2023-01-03,Kemi I majakka,-4.3,,
2023-01-03,Hailuoto Marjaniemi,-4.9,,
2023-01-03,Raahe Lapaluoto satama,-4.3,,
2023-01-03,Oulu lentoasema,-7.5,,
2023-01-03,Siikajoki Ruukki,-7.0,0.3,21.0
2023-01-03,Oulu Vihreäsaari satama,-6.5,,
2023-01-03,Oulu Oulunsalo Pellonpää,-7.4,0.4,31.0
2023-01-03,Vaala Pelso,-8.9,0.7,18.0
2023-01-03,Pudasjärvi lentokenttä,-8.8,0.2,44.0
2023-01-03,Utajärvi Särkijärvi,,0.3,35.0
2023-01-03,Pudasjärvi Jaurakkajärvi,,0.5,40.0
2023-01-03,Suomussalmi Näljänkä,,0.6,46.0
2023-01-03,Suomussalmi Pesiö,-9.6,0.6,51.0
2023-01-03,Puolanka Kotila,,0.6,46.0
2023-01-03,Puolanka Paljakka,-9.1,0.2,47.0
2023-01-03,Kemi Kemi-Tornio lentoasema,-8.3,,
2023-01-03,Kemi Ajos,-7.3,,
2023-01-03,Tornio Kaakkuri,-10.2,-1.0,
2023-01-03,Ranua lentokenttä,-10.9,0.2,45.0
2023-01-03,Pudasjärvi Sarakylä,,0.6,33.0
2023-01-03,Posio Raistakka,,0.2,43.0
2023-01-03,Taivalkoski Inkee,,0.8,39.0
2023-01-03,Taivalkoski kirkonkylä,-13.5,0.7,40.0
2023-01-03,Kuusamo lentoasema,-13.7,-1.0,35.0
2023-01-03,Kuusamo Kiutaköngäs,-15.2,-1.0,42.0
2023-01-03,Kuusamo Rukatunturi,-8.7,,
2023-01-03,Kuusamo Teeriranta,,0.7,42.0
2023-01-03,Kuusamo Juuma,-11.7,,
2023-01-03,Ylitornio Meltosjärvi,-15.7,-1.0,41.0
2023-01-03,Kolari Kattilamaa,,0.2,42.0
2023-01-03,Pello kirkonkylä,-15.8,-1.0,39.0
2023-01-03,Rovaniemi rautatieasema,-13.4,,
2023-01-03,Sodankylä Tähtelä,-15.8,-1.0,52.0
2023-01-03,Rovaniemi Apukka,-14.3,1.0,41.0
2023-01-03,Pelkosenniemi kirkonkylä,,-1.0,43.0
2023-01-03,Kemijärvi lentokenttä,-15.8,-1.0,43.0
2023-01-03,Savukoski kirkonkylä,-12.8,0.0,45.0
2023-01-03,Salla Kelloselkä,,-1.0,35.0
2023-01-03,Pelkosenniemi Pyhätunturi,-9.6,,
2023-01-03,Salla kirkonkylä,-14.2,-1.0,38.0
2023-01-03,Salla Naruska,-9.2,-1.0,40.0
2023-01-03,Enontekiö Kaaresuvanto,,-1.0,58.0
2023-01-03,Enontekiö lentoasema,-13.2,,
2023-01-03,Kittilä Pulju,,0.2,48.0
2023-01-03,Muonio Laukukero,-9.6,,
2023-01-03,Muonio Sammaltunturi,-10.9,,
2023-01-03,Kittilä Matorova,-13.0,,
2023-01-03,Kittilä lentoasema,-15.4,,
2023-01-03,Kittilä Kenttärova,-12.9,-1.0,56.0
2023-01-03,Kittilä Pakatti,-14.0,-1.0,51.0
2023-01-03,Kittilä Pokka,-13.2,0.4,59.0
2023-01-03,Sodankylä Lokka,-12.2,-1.0,40.0
2023-01-03,Sodankylä Vuotso,-13.2,0.1,48.0
2023-01-03,Inari Saariselkä matkailukeskus,-10.2,0.1,46.0
2023-01-03,Inari Saariselkä Kaunispää,-10.1,,
2023-01-03,Inari Raja-Jooseppi Kontiojärvi,,-1.0,33.0
2023-01-03,Inari Raja-Jooseppi,-10.8,,
2023-01-03,Salla Värriötunturi,-10.0,0.3,36.0
2023-01-03,Enontekiö Kilpisjärvi kyläkeskus,-10.5,6.3,36.0
2023-01-03,Enontekiö Kilpisjärvi Saana,-8.1,,
2023-01-03,Enontekiö Näkkälä,-11.9,0.1,57.0
2023-01-03,Inari Angeli Lintupuoliselkä,-10.5,0.1,39.0
2023-01-03,Inari Ivalo lentoasema,-14.8,,
2023-01-03,Utsjoki Kevo,-15.0,-1.0,40.0
2023-01-03,Utsjoki Nuorgam,-16.7,0.2,42.0
2023-01-03,Inari Väylä,-13.4,,
2023-01-03,Inari kirkonkylä,,-1.0,48.0
2023-01-03,Inari Kaamanen,-12.4,-1.0,47.0
2023-01-03,Inari Nellim,-13.7,0.6,29.0
2023-01-03,Inari Kirakkajärvi,-17.4,1.3,35.0
2023-01-03,Mäntsälä Hirvihaara,-2.2,0.9,16.0
2023-01-03,Lahti Sopenkorpi,-2.6,1.3,16.0
2023-01-03,Siuntio Sjundby,,0.9,20.0
2023-01-03,Sipoo Itätoukki,-0.1,,
2023-01-03,Rauma Pyynpää,-0.7,1.4,6.0
2023-01-03,Muonio Oustajärvi,-18.9,0.1,51.0
2023-01-03,Pyhtää lentokenttä,-2.4,1.5,17.0
2023-01-03,Sotkamo Tuhkakylä,-10.5,0.1,39.0
2023-01-03,Tervola Loue,-11.9,,
2023-01-03,Savukoski Tulppio,-14.3,-1.0,32.0
2023-01-03,Mikkeli Pitkäaho,,0.2,23.0
2023-01-03,Kajaani Petäisenniska,-9.4,0.3,30.0
2023-01-03,Utsjoki Kevo Kevojärvi,-17.3,,
2023-01-03,Inari Seitalaassa,-13.9,,
2023-01-03,Ilmajoki Seinäjoki lentoasema,-2.5,,
2023-01-03,Rovaniemi lentoasema AWOS,-13.3,0.6,40.0
2023-01-03,Jyväskylä lentoasema AWOS,-5.7,0.9,21.0
2023-01-03,Puumala kirkonkylä,-5.9,1.1,17.0
2023-01-03,Helsinki Vuosaari satama,-0.7,,
2023-01-03,Maarianhamina Länsisatama,0.7,,
2023-01-03,Lumparland Långnäs satama,0.6,0.6,
2023-01-03,Kittilä Lompolonvuoma,-16.3,-1.0,
2023-01-03,Kuusamo Ruka Talvijärvi,-12.4,,
2023-01-03,Espoo Nuuksio,-1.5,0.9,28.0
2023-01-03,Mikkeli Lentoasema AWOS,-5.8,0.4,27.0
2023-01-03,Espoo Tapiola,-0.7,0.8,17.0
2023-01-04,Porvoo Kilpilahti satama,-4.7,,
2023-01-04,Jomala Maarianhamina lentoasema,-1.5,,
2023-01-04,Parainen Utö,-1.1,0.1,1.0
2023-01-04,Lemland Nyhamn,-0.6,,
2023-01-04,Jomala Jomalaby,-1.7,-1.0,-1.0
2023-01-04,Hammarland Märket,-1.2,,
2023-01-04,Kökar Bogskär,0.0,,
2023-01-04,Parainen Fagerholm,-2.1,-1.0,
2023-01-04,Kumlinge kirkonkylä,-1.9,,
2023-01-04,Hanko Russarö,-1.7,0.2,
2023-01-04,Kaarina Yltöinen,-3.7,-1.0,8.0
2023-01-04,Kemiönsaari Vänö,-1.9,,
2023-01-04,Hanko Tulliniemi,-2.1,,
2023-01-04,Turku Rajakari,-3.0,,
2023-01-04,Turku Artukainen,-3.7,-1.0,6.0
2023-01-04,Kemiönsaari Kemiö,-3.6,-1.0,7.0
2023-01-04,Hanko Tvärminne,-2.5,-1.0,5.0
2023-01-04,Salo Kärkkä,-3.3,-1.0,
2023-01-04,Lohja Leppäkorpi,,-1.0,8.0
2023-01-04,Raasepori Jussarö,-2.0,,
2023-01-04,Salo Kiikala lentokenttä,-4.5,-1.0,8.0
2023-01-04,Vantaa Helsinki-Vantaan lentoasema,-4.9,0.0,16.0
2023-01-04,Inkoo Bågaskär,-2.1,,
2023-01-04,Helsinki Kaisaniemi,-3.8,-1.0,7.0
2023-01-04,Lohja Porla,-3.4,-1.0,26.0
2023-01-04,Vihti Maasoja,-4.4,,
2023-01-04,Helsinki Harmaja,-2.8,,
2023-01-04,Kirkkonummi Mäkiluoto,-1.7,,
2023-01-04,Helsinki Helsingin majakka,-2.2,,
2023-01-04,Helsinki Kumpula,-4.2,-1.0,17.0
2023-01-04,Helsinki Malmi lentokenttä,-4.4,,
2023-01-04,Porvoo Kalbådagrund,-3.0,,
2023-01-04,Porvoo Emäsalo,-4.6,,
2023-01-04,Porvoo Harabacka,-5.4,-1.0,8.0
2023-01-04,Kotka Rankki,-5.6,-1.0,14.0
2023-01-04,Loviisa Orrengrund,-4.5,,
2023-01-04,Kotka Haapasaari,-4.7,,
2023-01-04,Pori lentoasema,-5.6,,
2023-01-04,Uusikaupunki Itätulli,,0.1,2.0
2023-01-04,Kustavi Isokari,-2.6,-1.0,
2023-01-04,Rauma Kylmäpihlaja,-3.8,,
2023-01-04,Pori rautatieasema,-5.6,-1.0,15.0
2023-01-04,Turku lentoasema,-4.2,,
2023-01-04,Kokemäki Rausenkulma,,-1.0,12.0
2023-01-04,Huittinen Sallila,,0.1,20.0
2023-01-04,Oripää Teinikivi,,-1.0,12.0
2023-01-04,Pöytyä Yläne,,-1.0,19.0
2023-01-04,Kokemäki Tulkkila,-5.0,-1.0,15.0
2023-01-04,Jokioinen Ilmala,-4.7,-1.0,15.0
2023-01-04,Nokia Tottijärvi,,0.2,20.0
2023-01-04,Pirkkala Tampere-Pirkkala lentoasema,-6.6,,
2023-01-04,Tampere Härmälä,-6.6,-1.0,24.0
2023-01-04,Somero Salkola,-4.9,-1.0,23.0
2023-01-04,Hyvinkää Hyvinkäänkylä,-5.3,-1.0,18.0
2023-01-04,Vihti Hiiskula,,-1.0,23.0
2023-01-04,Hämeenlinna Pirttikoski,,-1.0,26.0
2023-01-04,Nurmijärvi Röykkä,-5.3,-1.0,19.0
2023-01-04,Hämeenlinna Katinen,-5.4,-1.0,
2023-01-04,Hattula Lepaa,-5.5,-1.0,24.0
2023-01-04,Hämeenlinna Lammi Pappila,-6.3,-1.0,25.0
2023-01-04,Asikkala Pulkkilanharju,-7.2,,
2023-01-04,Kouvola Utti lentoasema,-8.4,0.7,4.0
2023-01-04,Kouvola Anjala,-7.2,-1.0,18.0
2023-01-04,Heinola Asemantaus,-7.4,-1.0,12.0
2023-01-04,Kouvola Voikoski,,-1.0,16.0
2023-01-04,Virolahti Koivuniemi,-7.5,0.0,15.0
2023-01-04,Lappeenranta lentoasema,-9.0,,
2023-01-04,Lappeenranta Konnunsuo,-9.8,,
2023-01-04,Lappeenranta Lepola,-8.9,-1.0,14.0
2023-01-04,Ruokolahti Kotaniemi,,0.1,21.0
2023-01-04,Lappeenranta Hiekkapakka,-9.9,,
2023-01-04,Parikkala Koitsanlahti,-9.6,-1.0,16.0
2023-01-04,Kaskinen Sälgrund,-6.2,-1.0,
2023-01-04,Merikarvia Tuorila,,-1.0,23.0
2023-01-04,Isojoki Kärjenkoski,,-1.0,8.0
2023-01-04,Teuva Kauppilankylä,,0.1,7.0
2023-01-04,Pori Tahkoluoto satama,-5.9,,
2023-01-04,Kristiinankaupunki Majakka,-5.9,,
2023-01-04,Karvia Alkkia,-9.3,-1.0,23.0
2023-01-04,Kurikka Hirvijärvi,,-1.0,4.0
2023-01-04,Kauhajoki Kuja-Kokko,-8.9,-1.0,16.0
2023-01-04,Kankaanpää Niinisalo lentokenttä,-7.9,-1.0,28.0
2023-01-04,Alavus Sulkavankylä,,0.0,23.0
2023-01-04,Virrat Äijänneva,-11.2,,
2023-01-04,Tampere Siilinkari,-5.7,,
2023-01-04,Jämsä Halli lentoasema,-8.0,-1.0,17.0
2023-01-04,Juupajoki Hyytiälä,-8.4,-1.0,30.0
2023-01-04,Sysmä Joutsjärvi,,0.0,22.0
2023-01-04,Jyväskylä Muuratjärvi,,-1.0,22.0
2023-01-04,Luhanka Judinsalo,-6.5,,
2023-01-04,Multia Pirttiperä,,-1.0,24.0
2023-01-04,Joutsa Savenaho,-9.7,-1.0,21.0
2023-01-04,Kangasniemi kirkonkylä,,-1.0,29.0
2023-01-04,Joutsa Pärnämäki,,0.0,26.0
2023-01-04,Juva Partala,-10.5,,
2023-01-04,Varkaus Kosulanniemi,-10.0,-1.0,22.0
2023-01-04,Savonlinna Laukansaari,,-1.0,23.0
2023-01-04,Sulkava Halttula,,-1.0,34.0
2023-01-04,Savonlinna lentoasema,-9.9,,
2023-01-04,Rantasalmi Rukkasluoto,-9.4,,
2023-01-04,Savonlinna Punkaharju Laukansaari,-9.9,-1.0,17.0
2023-01-04,Enonkoski Simanala,,-1.0,27.0
2023-01-04,Savonlinna Savonranta,,-1.0,23.0
2023-01-04,Rääkkylä kirkonkylä,,0.0,25.0
2023-01-04,Tohmajärvi Kemie,-11.1,-1.0,27.0
2023-01-04,Joensuu Huhtilampi,,0.7,33.0
2023-01-04,Vaasa lentoasema,-7.8,,
2023-01-04,Mustasaari Valassaaret,-2.7,,
2023-01-04,Närpiö Ylimarkku,,-1.0,5.0
2023-01-04,Mustasaari Riimala,,0.0,6.0
2023-01-04,Kurikka Pyörni,,-1.0,12.0
2023-01-04,Maalahti Strömmingsbådan,-3.6,,
2023-01-04,Vaasa Klemettilä,-6.5,-1.0,13.0
2023-01-04,Seinäjoki Pelmaa,-9.0,-1.0,14.0
2023-01-04,Kauhava lentokenttä,-10.1,-1.0,12.0
2023-01-04,Ähtäri Inha,-10.1,-1.0,23.0
2023-01-04,Halsua Purola,-11.3,0.0,22.0
2023-01-04,Alajärvi Möksy,-10.3,-1.0,28.0
2023-01-04,Multia Karhila,-9.2,-1.0,27.0
2023-01-04,Viitasaari Haapaniemi,-10.6,-1.0,21.0
2023-01-04,Äänekoski Kalaniemi,,-1.0,27.0
2023-01-04,Vesanto kirkonkylä,-11.1,-1.0,30.0
2023-01-04,Pielavesi Venetmäki,,0.1,41.0
2023-01-04,Siilinjärvi Kuopio lentoasema,-10.7,,
2023-01-04,Kuopio Maaninka,-10.9,-1.0,26.0
2023-01-04,Lapinlahti Lamminkäyrä,,0.0,30.0
2023-01-04,Suonenjoki Iisvesi,,0.0,26.0
2023-01-04,Kuopio Karttula,,-1.0,30.0
2023-01-04,Kuopio Ritoniemi,-9.7,,
2023-01-04,Kuopio Savilahti,-10.5,-1.0,24.0
2023-01-04,Heinävesi Palokki,,-1.0,25.0
2023-01-04,Outokumpu Viuruniemi,,-1.0,28.0
2023-01-04,Rautavaara Ala-Luosta,,0.0,27.0
2023-01-04,Rautavaara Ylä-Luosta,-12.9,0.2,37.0
2023-01-04,Liperi Joensuu lentoasema,-10.4,,
2023-01-04,Juuka Niemelä,-14.1,-1.0,32.0
2023-01-04,Joensuu Pyhäselkä,,0.1,24.0
2023-01-04,Lieksa Koli,,0.2,24.0
2023-01-04,Liperi Tuiskavanluoto,-9.8,,
2023-01-04,Joensuu Linnunlahti,-10.0,-1.0,22.0
2023-01-04,Lieksa Lampela,-13.3,0.1,20.0
2023-01-04,Ilomantsi Pötsönvaara,-12.1,0.2,34.0
2023-01-04,Ilomantsi Mekrijärvi,-11.7,-1.0,30.0
2023-01-04,Pietarsaari Kallan,-3.9,,
2023-01-04,Kokkola Tankar,-3.3,,
2023-01-04,Kruunupyy Kokkola-Pietarsaari lentoasema,-8.6,,
2023-01-04,Kaustinen Tastula,,-1.0,15.0
2023-01-04,Kalajoki Ulkokalla,-3.6,,
2023-01-04,Kokkola Santahaka,-8.3,-1.0,20.0
2023-01-04,Toholampi Oravala,,-1.0,19.0
2023-01-04,Kalajoki Pitkäsenkylä,,-1.0,25.0
2023-01-04,Kalajoki Mehtäkylä,,-1.0,21.0
2023-01-04,Toholampi Laitala,-12.7,-1.0,15.0
2023-01-04,Ylivieska lentokenttä,-13.9,-1.0,28.0
2023-01-04,Ylivieska Vähäkangas,,-1.0,24.0
2023-01-04,Haapavesi Mustikkamäki,-11.3,0.0,22.0
2023-01-04,Pyhäjärvi Ojakylä,-12.1,-1.0,29.0
2023-01-04,Pyhäjärvi Hiidenniemi,,-1.0,25.0
2023-01-04,Kiuruvesi Korpijoki,,0.0,26.0
2023-01-04,Siikalatva Kestilä,,-1.0,32.0
2023-01-04,Kajaani lentoasema,-13.7,,
2023-01-04,Vieremä Kaarakkala,-11.2,0.1,38.0
2023-01-04,Kajaani Paltaniemi,,-1.0,25.0
2023-01-04,Nurmes Valtimo,-11.8,-1.0,22.0
2023-01-04,Ristijärvi Mustavaara,,-1.0,48.0
2023-01-04,Sotkamo Kuolaniemi,-10.9,-1.0,28.0
2023-01-04,Nurmes Mujejärvi,,0.0,30.0
2023-01-04,Kuhmo Apaja,,-1.0,29.0
2023-01-04,Kuhmo Kalliojoki,-14.6,-1.0,28.0
2023-01-04,Raahe Nahkiainen,-4.9,,
2023-01-04,Hailuoto Keskikylä,-8.5,-1.0,25.0
2023-01-04,Kemi I majakka,-7.8,,
2023-01-04,Hailuoto Marjaniemi,-7.4,,
2023-01-04,Raahe Lapaluoto satama,-7.7,,
2023-01-04,Oulu lentoasema,-9.4,,
2023-01-04,Siikajoki Ruukki,-10.3,-1.0,21.0
2023-01-04,Oulu Vihreäsaari satama,-9.1,,
2023-01-04,Oulu Oulunsalo Pellonpää,-9.6,-1.0,31.0
2023-01-04,Vaala Pelso,-13.6,-1.0,18.0
2023-01-04,Pudasjärvi lentokenttä,-10.3,-1.0,44.0
2023-01-04,Utajärvi Särkijärvi,,-1.0,35.0
2023-01-04,Pudasjärvi Jaurakkajärvi,,0.1,40.0
2023-01-04,Suomussalmi Näljänkä,,0.4,46.0
2023-01-04,Suomussalmi Pesiö,-10.4,0.2,52.0
2023-01-04,Puolanka Kotila,,-1.0,45.0
2023-01-04,Puolanka Paljakka,-9.5,-1.0,47.0
2023-01-04,Kemi Kemi-Tornio lentoasema,-10.8,,
2023-01-04,Kemi Ajos,-9.9,,
2023-01-04,Tornio Kaakkuri,-11.0,-1.0,
2023-01-04,Ranua lentokenttä,-10.9,-1.0,44.0
2023-01-04,Pudasjärvi Sarakylä,,-1.0,33.0
2023-01-04,Posio Raistakka,,0.1,42.0
2023-01-04,Taivalkoski Inkee,,0.3,39.0
2023-01-04,Taivalkoski kirkonkylä,-10.4,-1.0,40.0
2023-01-04,Kuusamo lentoasema,-9.0,-1.0,34.0
2023-01-04,Kuusamo Kiutaköngäs,-10.9,-1.0,41.0
2023-01-04,Kuusamo Rukatunturi,-10.0,,
2023-01-04,Kuusamo Teeriranta,,-1.0,42.0
2023-01-04,Kuusamo Juuma,-9.2,,
2023-01-04,Ylitornio Meltosjärvi,-14.9,-1.0,42.0
2023-01-04,Kolari Kattilamaa,,0.1,42.0
2023-01-04,Pello kirkonkylä,-14.5,-1.0,37.0
2023-01-04,Rovaniemi rautatieasema,-10.7,,
2023-01-04,Sodankylä Tähtelä,-11.4,-1.0,51.0
2023-01-04,Rovaniemi Apukka,-11.2,-1.0,42.0
2023-01-04,Pelkosenniemi kirkonkylä,,0.1,43.0
2023-01-04,Kemijärvi lentokenttä,-9.1,-1.0,42.0
2023-01-04,Savukoski kirkonkylä,-8.0,0.0,45.0
2023-01-04,Salla Kelloselkä,,-1.0,35.0
2023-01-04,Pelkosenniemi Pyhätunturi,-10.8,,
2023-01-04,Salla kirkonkylä,-10.3,-1.0,37.0
2023-01-04,Salla Naruska,-7.4,-1.0,39.0
2023-01-04,Enontekiö Kaaresuvanto,,-1.0,58.0
2023-01-04,Enontekiö lentoasema,-17.9,,
2023-01-04,Kittilä Pulju,,-1.0,48.0
2023-01-04,Muonio Laukukero,-9.8,,
2023-01-04,Muonio Sammaltunturi,-10.0,,
2023-01-04,Kittilä Matorova,-10.9,,
2023-01-04,Kittilä lentoasema,-10.4,,
2023-01-04,Kittilä Kenttärova,-11.1,-1.0,54.0
2023-01-04,Kittilä Pakatti,-10.5,-1.0,50.0
2023-01-04,Kittilä Pokka,-11.3,-1.0,58.0
2023-01-04,Sodankylä Lokka,-8.9,-1.0,39.0
2023-01-04,Sodankylä Vuotso,-9.2,-1.0,46.0
2023-01-04,Inari Saariselkä matkailukeskus,-8.0,-1.0,44.0
2023-01-04,Inari Saariselkä Kaunispää,-8.8,,
2023-01-04,Inari Raja-Jooseppi Kontiojärvi,,0.8,33.0
2023-01-04,Inari Raja-Jooseppi,-8.1,,
2023-01-04,Salla Värriötunturi,-7.8,0.1,37.0
2023-01-04,Enontekiö Kilpisjärvi kyläkeskus,-16.3,0.1,45.0
2023-01-04,Enontekiö Kilpisjärvi Saana,-11.5,,
2023-01-04,Enontekiö Näkkälä,-14.3,-1.0,55.0
2023-01-04,Inari Angeli Lintupuoliselkä,-12.8,0.1,38.0
2023-01-04,Inari Ivalo lentoasema,-9.1,,
2023-01-04,Utsjoki Kevo,-20.0,-1.0,39.0
2023-01-04,Utsjoki Nuorgam,-14.7,-1.0,41.0
2023-01-04,Inari Väylä,-8.4,,
2023-01-04,Inari kirkonkylä,,-1.0,48.0
2023-01-04,Inari Kaamanen,-8.1,0.8,45.0
2023-01-04,Inari Nellim,-10.0,-1.0,30.0
2023-01-04,Inari Kirakkajärvi,-6.4,6.5,39.0
2023-01-04,Mäntsälä Hirvihaara,-6.0,-1.0,17.0
2023-01-04,Lahti Sopenkorpi,-6.3,-1.0,18.0
2023-01-04,Siuntio Sjundby,,-1.0,22.0
2023-01-04,Sipoo Itätoukki,-2.8,,
2023-01-04,Rauma Pyynpää,-4.9,-1.0,8.0
2023-01-04,Muonio Oustajärvi,-18.2,-1.0,51.0
2023-01-04,Pyhtää lentokenttä,-7.5,-1.0,19.0
2023-01-04,Sotkamo Tuhkakylä,-12.0,-1.0,38.0
2023-01-04,Tervola Loue,-12.7,,
2023-01-04,Savukoski Tulppio,-7.8,0.1,32.0
2023-01-04,Mikkeli Pitkäaho,,-1.0,23.0
2023-01-04,Kajaani Petäisenniska,-12.1,-1.0,29.0
2023-01-04,Utsjoki Kevo Kevojärvi,-20.8,,
2023-01-04,Inari Seitalaassa,-7.1,,
2023-01-04,Ilmajoki Seinäjoki lentoasema,-9.2,,
2023-01-04,Rovaniemi lentoasema AWOS,-11.0,-1.0,40.0
2023-01-04,Jyväskylä lentoasema AWOS,-10.0,0.1,21.0
2023-01-04,Puumala kirkonkylä,-9.5,-1.0,19.0
2023-01-04,Helsinki Vuosaari satama,-3.9,,
2023-01-04,Maarianhamina Länsisatama,-1.4,,
2023-01-04,Lumparland Långnäs satama,-1.4,-1.0,
2023-01-04,Kittilä Lompolonvuoma,-13.9,-1.0,
2023-01-04,Kuusamo Ruka Talvijärvi,-9.7,,
2023-01-04,Espoo Nuuksio,-4.6,-1.0,29.0
2023-01-04,Mikkeli Lentoasema AWOS,-10.7,-1.0,27.0
2023-01-04,Espoo Tapiola,-3.9,-1.0,18.0
2023-01-05,Porvoo Kilpilahti satama,-9.8,,
2023-01-05,Jomala Maarianhamina lentoasema,-5.4,,
2023-01-05,Parainen Utö,-4.4,0.0,1.0
2023-01-05,Lemland Nyhamn,-3.7,,
2023-01-05,Jomala Jomalaby,-5.5,-1.0,-1.0
2023-01-05,Hammarland Märket,-3.7,,
2023-01-05,Kökar Bogskär,-2.4,,
2023-01-05,Parainen Fagerholm,-6.9,-1.0,
2023-01-05,Kumlinge kirkonkylä,-6.5,,
2023-01-05,Hanko Russarö,-6.5,-1.0,
2023-01-05,Kaarina Yltöinen,-10.2,-1.0,7.0
2023-01-05,Kemiönsaari Vänö,-6.7,,
2023-01-05,Hanko Tulliniemi,-7.0,,
2023-01-05,Turku Rajakari,-7.9,,
2023-01-05,Turku Artukainen,-9.4,-1.0,6.0
2023-01-05,Kemiönsaari Kemiö,-10.7,-1.0,7.0
2023-01-05,Hanko Tvärminne,-7.7,-1.0,4.0
2023-01-05,Salo Kärkkä,-10.4,-1.0,
2023-01-05,Lohja Leppäkorpi,,-1.0,8.0
2023-01-05,Raasepori Jussarö,-6.8,,
2023-01-05,Salo Kiikala lentokenttä,-10.8,-1.0,7.0
2023-01-05,Vantaa Helsinki-Vantaan lentoasema,-10.8,0.1,16.0
2023-01-05,Inkoo Bågaskär,-7.4,,
2023-01-05,Helsinki Kaisaniemi,-9.6,-1.0,6.0
2023-01-05,Lohja Porla,-10.8,-1.0,26.0
2023-01-05,Vihti Maasoja,-11.1,,
2023-01-05,Helsinki Harmaja,-7.6,,
2023-01-05,Kirkkonummi Mäkiluoto,-6.4,,
2023-01-05,Helsinki Helsingin majakka,-5.8,,
2023-01-05,Helsinki Kumpula,-10.3,-1.0,17.0
2023-01-05,Helsinki Malmi lentokenttä,-10.6,,
2023-01-05,Porvoo Kalbådagrund,-7.0,,
2023-01-05,Porvoo Emäsalo,-9.8,,
2023-01-05,Porvoo Harabacka,-11.2,-1.0,8.0
2023-01-05,Kotka Rankki,-8.9,-1.0,13.0
2023-01-05,Loviisa Orrengrund,-7.2,,
2023-01-05,Kotka Haapasaari,-7.6,,
2023-01-05,Pori lentoasema,-10.4,,
2023-01-05,Uusikaupunki Itätulli,,-1.0,3.0
2023-01-05,Kustavi Isokari,-6.8,-1.0,
2023-01-05,Rauma Kylmäpihlaja,-8.0,,
2023-01-05,Pori rautatieasema,-10.2,-1.0,15.0
2023-01-05,Turku lentoasema,-10.0,,
2023-01-05,Kokemäki Rausenkulma,,-1.0,12.0
2023-01-05,Huittinen Sallila,,0.5,20.0
2023-01-05,Oripää Teinikivi,,-1.0,12.0
2023-01-05,Pöytyä Yläne,,-1.0,19.0
2023-01-05,Kokemäki Tulkkila,-10.1,-1.0,13.0
2023-01-05,Jokioinen Ilmala,-10.4,-1.0,15.0
2023-01-05,Nokia Tottijärvi,,0.0,19.0
2023-01-05,Pirkkala Tampere-Pirkkala lentoasema,-9.9,,
2023-01-05,Tampere Härmälä,-9.7,-1.0,23.0
2023-01-05,Somero Salkola,-11.2,-1.0,22.0
2023-01-05,Hyvinkää Hyvinkäänkylä,-10.8,-1.0,18.0
2023-01-05,Vihti Hiiskula,,-1.0,23.0
2023-01-05,Hämeenlinna Pirttikoski,,-1.0,25.0
2023-01-05,Nurmijärvi Röykkä,-10.9,-1.0,19.0
2023-01-05,Hämeenlinna Katinen,-10.5,-1.0,
2023-01-05,Hattula Lepaa,-10.8,-1.0,22.0
2023-01-05,Hämeenlinna Lammi Pappila,-11.3,-1.0,23.0
2023-01-05,Asikkala Pulkkilanharju,-10.1,,
2023-01-05,Kouvola Utti lentoasema,-11.2,-1.0,3.0
2023-01-05,Kouvola Anjala,-10.7,-1.0,19.0
2023-01-05,Heinola Asemantaus,-10.9,-1.0,14.0
2023-01-05,Kouvola Voikoski,,-1.0,16.0
2023-01-05,Virolahti Koivuniemi,-11.2,-1.0,15.0
2023-01-05,Lappeenranta lentoasema,-10.8,,
2023-01-05,Lappeenranta Konnunsuo,-12.7,,
2023-01-05,Lappeenranta Lepola,-10.6,-1.0,14.0
2023-01-05,Ruokolahti Kotaniemi,,0.2,21.0
2023-01-05,Lappeenranta Hiekkapakka,-11.0,,
2023-01-05,Parikkala Koitsanlahti,-11.8,-1.0,18.0
2023-01-05,Kaskinen Sälgrund,-9.3,-1.0,
2023-01-05,Merikarvia Tuorila,,0.0,23.0
2023-01-05,Isojoki Kärjenkoski,,-1.0,8.0
2023-01-05,Teuva Kauppilankylä,,-1.0,7.0
2023-01-05,Pori Tahkoluoto satama,-9.4,,
2023-01-05,Kristiinankaupunki Majakka,-8.0,,
2023-01-05,Karvia Alkkia,-11.4,-1.0,23.0
2023-01-05,Kurikka Hirvijärvi,,-1.0,4.0
2023-01-05,Kauhajoki Kuja-Kokko,-11.4,-1.0,14.0
2023-01-05,Kankaanpää Niinisalo lentokenttä,-10.9,-1.0,25.0
2023-01-05,Alavus Sulkavankylä,,0.0,21.0
2023-01-05,Virrat Äijänneva,-11.4,,
2023-01-05,Tampere Siilinkari,-8.8,,
2023-01-05,Jämsä Halli lentoasema,-11.3,-1.0,17.0
2023-01-05,Juupajoki Hyytiälä,-11.3,0.1,30.0
2023-01-05,Sysmä Joutsjärvi,,0.1,22.0
2023-01-05,Jyväskylä Muuratjärvi,,0.0,22.0
2023-01-05,Luhanka Judinsalo,-8.8,,
2023-01-05,Multia Pirttiperä,,0.3,24.0
2023-01-05,Joutsa Savenaho,-10.4,-1.0,21.0
2023-01-05,Kangasniemi kirkonkylä,,0.2,29.0
2023-01-05,Joutsa Pärnämäki,,0.2,26.0
2023-01-05,Juva Partala,-11.0,,
2023-01-05,Varkaus Kosulanniemi,-8.8,0.1,22.0
2023-01-05,Savonlinna Laukansaari,,0.2,23.0
2023-01-05,Sulkava Halttula,,0.2,34.0
2023-01-05,Savonlinna lentoasema,-10.7,,
2023-01-05,Rantasalmi Rukkasluoto,-8.4,,
2023-01-05,Savonlinna Punkaharju Laukansaari,-10.4,-1.0,18.0
2023-01-05,Enonkoski Simanala,,0.0,27.0
2023-01-05,Savonlinna Savonranta,,-1.0,23.0
2023-01-05,Rääkkylä kirkonkylä,,0.0,25.0
2023-01-05,Tohmajärvi Kemie,-11.6,-1.0,27.0
2023-01-05,Joensuu Huhtilampi,,-1.0,34.0
2023-01-05,Vaasa lentoasema,-9.3,,
2023-01-05,Mustasaari Valassaaret,-4.2,,
2023-01-05,Närpiö Ylimarkku,,-1.0,5.0
2023-01-05,Mustasaari Riimala,,-1.0,6.0
2023-01-05,Kurikka Pyörni,,-1.0,12.0
2023-01-05,Maalahti Strömmingsbådan,-6.0,,
2023-01-05,Vaasa Klemettilä,-8.6,-1.0,13.0
2023-01-05,Seinäjoki Pelmaa,-9.8,-1.0,13.0
2023-01-05,Kauhava lentokenttä,-9.5,-1.0,12.0
2023-01-05,Ähtäri Inha,-10.3,-1.0,22.0
2023-01-05,Halsua Purola,-9.7,0.0,22.0
2023-01-05,Alajärvi Möksy,-10.5,-1.0,27.0
2023-01-05,Multia Karhila,-10.4,-1.0,27.0
2023-01-05,Viitasaari Haapaniemi,-8.5,-1.0,23.0
2023-01-05,Äänekoski Kalaniemi,,-1.0,27.0
2023-01-05,Vesanto kirkonkylä,-8.9,-1.0,31.0
2023-01-05,Pielavesi Venetmäki,,0.0,41.0
2023-01-05,Siilinjärvi Kuopio lentoasema,-8.0,,
2023-01-05,Kuopio Maaninka,-8.3,-1.0,27.0
2023-01-05,Lapinlahti Lamminkäyrä,,0.1,30.0
2023-01-05,Suonenjoki Iisvesi,,0.0,25.0
2023-01-05,Kuopio Karttula,,0.2,30.0
2023-01-05,Kuopio Ritoniemi,-7.5,,
2023-01-05,Kuopio Savilahti,-8.1,-1.0,24.0
2023-01-05,Heinävesi Palokki,,0.2,25.0
2023-01-05,Outokumpu Viuruniemi,,0.5,28.0
2023-01-05,Rautavaara Ala-Luosta,,0.1,27.0
2023-01-05,Rautavaara Ylä-Luosta,-8.7,0.4,37.0
2023-01-05,Liperi Joensuu lentoasema,-8.1,,
2023-01-05,Juuka Niemelä,-7.5,-1.0,32.0
2023-01-05,Joensuu Pyhäselkä,,0.1,24.0
2023-01-05,Lieksa Koli,,0.4,25.0
2023-01-05,Liperi Tuiskavanluoto,-7.5,,
2023-01-05,Joensuu Linnunlahti,-7.9,0.2,22.0
2023-01-05,Lieksa Lampela,-7.5,-1.0,20.0
2023-01-05,Ilomantsi Pötsönvaara,-8.7,1.0,34.0
2023-01-05,Ilomantsi Mekrijärvi,-9.2,-1.0,31.0
2023-01-05,Pietarsaari Kallan,-6.3,,
2023-01-05,Kokkola Tankar,-4.6,,
2023-01-05,Kruunupyy Kokkola-Pietarsaari lentoasema,-8.7,,
2023-01-05,Kaustinen Tastula,,-1.0,15.0
2023-01-05,Kalajoki Ulkokalla,-4.2,,
2023-01-05,Kokkola Santahaka,-7.8,-1.0,21.0
2023-01-05,Toholampi Oravala,,-1.0,19.0
2023-01-05,Kalajoki Pitkäsenkylä,,-1.0,25.0
2023-01-05,Kalajoki Mehtäkylä,,-1.0,21.0
2023-01-05,Toholampi Laitala,-9.9,-1.0,15.0
2023-01-05,Ylivieska lentokenttä,-9.4,-1.0,28.0
2023-01-05,Ylivieska Vähäkangas,,0.1,24.0
2023-01-05,Haapavesi Mustikkamäki,-9.2,0.0,22.0
2023-01-05,Pyhäjärvi Ojakylä,-9.6,-1.0,29.0
2023-01-05,Pyhäjärvi Hiidenniemi,,-1.0,25.0
2023-01-05,Kiuruvesi Korpijoki,,0.4,26.0
2023-01-05,Siikalatva Kestilä,,-1.0,32.0
2023-01-05,Kajaani lentoasema,-8.6,,
2023-01-05,Vieremä Kaarakkala,-9.0,0.2,38.0
2023-01-05,Kajaani Paltaniemi,,0.3,25.0
2023-01-05,Nurmes Valtimo,-7.6,-1.0,23.0
2023-01-05,Ristijärvi Mustavaara,,0.4,48.0
2023-01-05,Sotkamo Kuolaniemi,-7.7,-1.0,27.0
2023-01-05,Nurmes Mujejärvi,,0.5,29.0
2023-01-05,Kuhmo Apaja,,0.5,29.0
2023-01-05,Kuhmo Kalliojoki,-7.7,-1.0,28.0
2023-01-05,Raahe Nahkiainen,-5.0,,
2023-01-05,Hailuoto Keskikylä,-7.6,-1.0,26.0
2023-01-05,Kemi I majakka,-5.4,,
2023-01-05,Hailuoto Marjaniemi,-6.7,,
2023-01-05,Raahe Lapaluoto satama,-7.7,,
2023-01-05,Oulu lentoasema,-7.8,,
2023-01-05,Siikajoki Ruukki,-8.7,-1.0,21.0
2023-01-05,Oulu Vihreäsaari satama,-7.7,,
2023-01-05,Oulu Oulunsalo Pellonpää,-8.0,-1.0,31.0
2023-01-05,Vaala Pelso,-8.7,-1.0,18.0
2023-01-05,Pudasjärvi lentokenttä,-9.7,-1.0,43.0
2023-01-05,Utajärvi Särkijärvi,,0.1,35.0
2023-01-05,Pudasjärvi Jaurakkajärvi,,0.1,40.0
2023-01-05,Suomussalmi Näljänkä,,0.4,47.0
2023-01-05,Suomussalmi Pesiö,-8.2,0.2,52.0
2023-01-05,Puolanka Kotila,,0.5,45.0
2023-01-05,Puolanka Paljakka,-9.3,0.2,46.0
2023-01-05,Kemi Kemi-Tornio lentoasema,-11.5,,
2023-01-05,Kemi Ajos,-9.3,,
2023-01-05,Tornio Kaakkuri,-10.9,-1.0,
2023-01-05,Ranua lentokenttä,-14.7,-1.0,43.0
2023-01-05,Pudasjärvi Sarakylä,,-1.0,33.0
2023-01-05,Posio Raistakka,,0.1,42.0
2023-01-05,Taivalkoski Inkee,,0.0,39.0
2023-01-05,Taivalkoski kirkonkylä,-9.3,-1.0,38.0
2023-01-05,Kuusamo lentoasema,-10.0,-1.0,34.0
2023-01-05,Kuusamo Kiutaköngäs,-16.2,-1.0,40.0
2023-01-05,Kuusamo Rukatunturi,-10.2,,
2023-01-05,Kuusamo Teeriranta,,0.8,42.0
2023-01-05,Kuusamo Juuma,-11.0,,
2023-01-05,Ylitornio Meltosjärvi,-8.1,-1.0,40.0
2023-01-05,Kolari Kattilamaa,,0.0,42.0
2023-01-05,Pello kirkonkylä,-8.1,-1.0,36.0
2023-01-05,Rovaniemi rautatieasema,-7.8,,
2023-01-05,Sodankylä Tähtelä,-7.8,-1.0,50.0
2023-01-05,Rovaniemi Apukka,-8.5,-1.0,41.0
2023-01-05,Pelkosenniemi kirkonkylä,,0.2,43.0
2023-01-05,Kemijärvi lentokenttä,-7.7,-1.0,41.0
2023-01-05,Savukoski kirkonkylä,-7.3,0.2,43.0
2023-01-05,Salla Kelloselkä,,-1.0,33.0
2023-01-05,Pelkosenniemi Pyhätunturi,-8.6,,
2023-01-05,Salla kirkonkylä,-15.8,-1.0,35.0
2023-01-05,Salla Naruska,-8.5,-1.0,38.0
2023-01-05,Enontekiö Kaaresuvanto,,-1.0,58.0
2023-01-05,Enontekiö lentoasema,-9.4,,
2023-01-05,Kittilä Pulju,,0.1,48.0
2023-01-05,Muonio Laukukero,-9.5,,
2023-01-05,Muonio Sammaltunturi,-8.8,,
2023-01-05,Kittilä Matorova,-8.1,,
2023-01-05,Kittilä lentoasema,-7.3,,
2023-01-05,Kittilä Kenttärova,-8.2,-1.0,53.0
2023-01-05,Kittilä Pakatti,-7.4,-1.0,49.0
2023-01-05,Kittilä Pokka,-7.7,-1.0,57.0
2023-01-05,Sodankylä Lokka,-7.4,-1.0,38.0
2023-01-05,Sodankylä Vuotso,-7.2,-1.0,45.0
2023-01-05,Inari Saariselkä matkailukeskus,-7.3,-1.0,43.0
2023-01-05,Inari Saariselkä Kaunispää,-8.0,,
2023-01-05,Inari Raja-Jooseppi Kontiojärvi,,-1.0,33.0
2023-01-05,Inari Raja-Jooseppi,-7.5,,
2023-01-05,Salla Värriötunturi,-7.8,0.1,36.0
2023-01-05,Enontekiö Kilpisjärvi kyläkeskus,-9.3,-1.0,44.0
2023-01-05,Enontekiö Kilpisjärvi Saana,-11.6,,
2023-01-05,Enontekiö Näkkälä,-8.4,-1.0,54.0
2023-01-05,Inari Angeli Lintupuoliselkä,-8.3,-1.0,38.0
2023-01-05,Inari Ivalo lentoasema,-7.3,,
2023-01-05,Utsjoki Kevo,-15.0,-1.0,38.0
2023-01-05,Utsjoki Nuorgam,-12.7,-1.0,40.0
2023-01-05,Inari Väylä,-8.6,,
2023-01-05,Inari kirkonkylä,,-1.0,48.0
2023-01-05,Inari Kaamanen,-8.1,-1.0,47.0
2023-01-05,Inari Nellim,-10.4,-1.0,28.0
2023-01-05,Inari Kirakkajärvi,-13.5,-1.0,53.0
2023-01-05,Mäntsälä Hirvihaara,-11.4,-1.0,17.0
2023-01-05,Lahti Sopenkorpi,-10.7,-1.0,17.0
2023-01-05,Siuntio Sjundby,,0.1,20.0
2023-01-05,Sipoo Itätoukki,-6.9,,
2023-01-05,Rauma Pyynpää,-10.1,-1.0,7.0
2023-01-05,Muonio Oustajärvi,-10.0,-1.0,50.0
2023-01-05,Pyhtää lentokenttä,-11.4,-1.0,19.0
2023-01-05,Sotkamo Tuhkakylä,-8.3,0.1,39.0
2023-01-05,Tervola Loue,-11.4,,
2023-01-05,Savukoski Tulppio,-7.9,-1.0,32.0
2023-01-05,Mikkeli Pitkäaho,,0.3,23.0
2023-01-05,Kajaani Petäisenniska,-7.8,-1.0,29.0
2023-01-05,Utsjoki Kevo Kevojärvi,-16.7,,
2023-01-05,Inari Seitalaassa,-8.3,,
2023-01-05,Ilmajoki Seinäjoki lentoasema,-10.5,,
2023-01-05,Rovaniemi lentoasema AWOS,-7.8,-1.0,40.0
2023-01-05,Jyväskylä lentoasema AWOS,-10.0,-1.0,22.0
2023-01-05,Puumala kirkonkylä,-10.2,-1.0,19.0
2023-01-05,Helsinki Vuosaari satama,-9.2,,
2023-01-05,Maarianhamina Länsisatama,-4.8,,
2023-01-05,Lumparland Långnäs satama,-4.7,-1.0,
2023-01-05,Kittilä Lompolonvuoma,-8.4,-1.0,
2023-01-05,Kuusamo Ruka Talvijärvi,-12.1,,
2023-01-05,Espoo Nuuksio,-11.3,-1.0,28.0
2023-01-05,Mikkeli Lentoasema AWOS,-11.9,-1.0,27.0
2023-01-05,Espoo Tapiola,-10.1,-1.0,17.0
2023-01-06,Porvoo Kilpilahti satama,-7.1,,
2023-01-06,Jomala Maarianhamina lentoasema,-4.4,,
2023-01-06,Parainen Utö,-4.7,0.3,0.0
2023-01-06,Lemland Nyhamn,-3.5,,
2023-01-06,Jomala Jomalaby,-4.7,0.1,-1.0
2023-01-06,Hammarland Märket,-3.5,,
2023-01-06,Kökar Bogskär,-3.8,,
2023-01-06,Parainen Fagerholm,-5.4,-1.0,
2023-01-06,Kumlinge kirkonkylä,-5.3,,
2023-01-06,Hanko Russarö,-5.8,0.1,
2023-01-06,Kaarina Yltöinen,-8.8,-1.0,6.0
2023-01-06,Kemiönsaari Vänö,-5.5,,
2023-01-06,Hanko Tulliniemi,-5.9,,
2023-01-06,Turku Rajakari,-6.7,,
2023-01-06,Turku Artukainen,-8.2,-1.0,6.0
2023-01-06,Kemiönsaari Kemiö,-8.5,-1.0,6.0
2023-01-06,Hanko Tvärminne,-6.1,-1.0,4.0
2023-01-06,Salo Kärkkä,-7.9,-1.0,
2023-01-06,Lohja Leppäkorpi,,0.1,8.0
2023-01-06,Raasepori Jussarö,-5.8,,
2023-01-06,Salo Kiikala lentokenttä,-9.3,-1.0,7.0
2023-01-06,Vantaa Helsinki-Vantaan lentoasema,-8.0,0.1,16.0
2023-01-06,Inkoo Bågaskär,-5.9,,
2023-01-06,Helsinki Kaisaniemi,-7.7,-1.0,6.0
2023-01-06,Lohja Porla,-8.6,-1.0,25.0
2023-01-06,Vihti Maasoja,-9.6,,
2023-01-06,Helsinki Harmaja,-5.8,,
2023-01-06,Kirkkonummi Mäkiluoto,-5.8,,
2023-01-06,Helsinki Helsingin majakka,-5.3,,
2023-01-06,Helsinki Kumpula,-7.9,-1.0,16.0
2023-01-06,Helsinki Malmi lentokenttä,-8.9,,
2023-01-06,Porvoo Kalbådagrund,-6.1,,
2023-01-06,Porvoo Emäsalo,-7.6,,
2023-01-06,Porvoo Harabacka,-7.9,-1.0,7.0
2023-01-06,Kotka Rankki,-6.6,-1.0,13.0
2023-01-06,Loviisa Orrengrund,-5.8,,
2023-01-06,Kotka Haapasaari,-5.8,,
2023-01-06,Pori lentoasema,-9.2,,
2023-01-06,Uusikaupunki Itätulli,,-1.0,3.0
2023-01-06,Kustavi Isokari,-5.8,0.1,
2023-01-06,Rauma Kylmäpihlaja,-7.2,,
2023-01-06,Pori rautatieasema,-8.7,-1.0,13.0
2023-01-06,Turku lentoasema,-9.2,,
2023-01-06,Kokemäki Rausenkulma,,0.0,11.0
2023-01-06,Huittinen Sallila,,-1.0,20.0
2023-01-06,Oripää Teinikivi,,0.0,12.0
2023-01-06,Pöytyä Yläne,,0.0,19.0
2023-01-06,Kokemäki Tulkkila,-9.6,-1.0,12.0
2023-01-06,Jokioinen Ilmala,-9.7,-1.0,14.0
2023-01-06,Nokia Tottijärvi,,0.0,18.0
2023-01-06,Pirkkala Tampere-Pirkkala lentoasema,-9.6,,
2023-01-06,Tampere Härmälä,-9.1,-1.0,23.0
2023-01-06,Somero Salkola,-9.8,-1.0,22.0
2023-01-06,Hyvinkää Hyvinkäänkylä,-8.2,-1.0,19.0
2023-01-06,Vihti Hiiskula,,-1.0,23.0
2023-01-06,Hämeenlinna Pirttikoski,,-1.0,26.0
2023-01-06,Nurmijärvi Röykkä,-8.6,-1.0,18.0
2023-01-06,Hämeenlinna Katinen,-8.5,-1.0,
2023-01-06,Hattula Lepaa,-9.1,-1.0,21.0
2023-01-06,Hämeenlinna Lammi Pappila,-9.0,-1.0,24.0
2023-01-06,Asikkala Pulkkilanharju,-7.6,,
2023-01-06,Kouvola Utti lentoasema,-8.3,-1.0,4.0
2023-01-06,Kouvola Anjala,-7.8,-1.0,17.0
2023-01-06,Heinola Asemantaus,-8.1,-1.0,14.0
2023-01-06,Kouvola Voikoski,,-1.0,16.0
2023-01-06,Virolahti Koivuniemi,-8.7,0.0,15.0
2023-01-06,Lappeenranta lentoasema,-7.9,,
2023-01-06,Lappeenranta Konnunsuo,-8.1,,
2023-01-06,Lappeenranta Lepola,-7.5,-1.0,13.0
2023-01-06,Ruokolahti Kotaniemi,,-1.0,22.0
2023-01-06,Lappeenranta Hiekkapakka,-7.4,,
2023-01-06,Parikkala Koitsanlahti,-8.4,-1.0,18.0
2023-01-06,Kaskinen Sälgrund,-7.0,-1.0,
2023-01-06,Merikarvia Tuorila,,-1.0,23.0
2023-01-06,Isojoki Kärjenkoski,,-1.0,8.0
2023-01-06,Teuva Kauppilankylä,,-1.0,6.0
2023-01-06,Pori Tahkoluoto satama,-7.5,,
2023-01-06,Kristiinankaupunki Majakka,-7.2,,
2023-01-06,Karvia Alkkia,-11.1,-1.0,22.0
2023-01-06,Kurikka Hirvijärvi,,-1.0,4.0
2023-01-06,Kauhajoki Kuja-Kokko,-10.5,-1.0,13.0
2023-01-06,Kankaanpää Niinisalo lentokenttä,-10.3,-1.0,24.0
2023-01-06,Alavus Sulkavankylä,,-1.0,20.0
2023-01-06,Virrat Äijänneva,-12.0,,
2023-01-06,Tampere Siilinkari,-8.0,,
2023-01-06,Jämsä Halli lentoasema,-9.3,-1.0,16.0
2023-01-06,Juupajoki Hyytiälä,-10.3,0.0,30.0
2023-01-06,Sysmä Joutsjärvi,,-1.0,22.0
2023-01-06,Jyväskylä Muuratjärvi,,-1.0,21.0
2023-01-06,Luhanka Judinsalo,-7.3,,
2023-01-06,Multia Pirttiperä,,0.0,24.0
2023-01-06,Joutsa Savenaho,-9.4,-1.0,22.0
2023-01-06,Kangasniemi kirkonkylä,,0.0,29.0
2023-01-06,Joutsa Pärnämäki,,-1.0,26.0
2023-01-06,Juva Partala,-9.3,,
2023-01-06,Varkaus Kosulanniemi,-8.8,-1.0,23.0
2023-01-06,Savonlinna Laukansaari,,-1.0,24.0
2023-01-06,Sulkava Halttula,,-1.0,34.0
2023-01-06,Savonlinna lentoasema,-8.5,,
2023-01-06,Rantasalmi Rukkasluoto,-7.9,,
2023-01-06,Savonlinna Punkaharju Laukansaari,-8.3,-1.0,19.0
2023-01-06,Enonkoski Simanala,,-1.0,27.0
2023-01-06,Savonlinna Savonranta,,0.0,23.0
2023-01-06,Rääkkylä kirkonkylä,,0.0,25.0
2023-01-06,Tohmajärvi Kemie,-9.0,-1.0,27.0
2023-01-06,Joensuu Huhtilampi,,0.2,34.0
2023-01-06,Vaasa lentoasema,-9.7,,
2023-01-06,Mustasaari Valassaaret,-7.3,,
2023-01-06,Närpiö Ylimarkku,,-1.0,5.0
2023-01-06,Mustasaari Riimala,,-1.0,6.0
2023-01-06,Kurikka Pyörni,,-1.0,12.0
2023-01-06,Maalahti Strömmingsbådan,-6.3,,
2023-01-06,Vaasa Klemettilä,-8.8,-1.0,12.0
2023-01-06,Seinäjoki Pelmaa,-11.0,-1.0,13.0
2023-01-06,Kauhava lentokenttä,-11.3,-1.0,12.0
2023-01-06,Ähtäri Inha,-11.4,-1.0,22.0
2023-01-06,Halsua Purola,-13.1,-1.0,22.0
2023-01-06,Alajärvi Möksy,-12.2,-1.0,26.0
2023-01-06,Multia Karhila,-10.9,-1.0,26.0
2023-01-06,Viitasaari Haapaniemi,-10.6,-1.0,22.0
2023-01-06,Äänekoski Kalaniemi,,-1.0,27.0
2023-01-06,Vesanto kirkonkylä,-11.8,-1.0,30.0
2023-01-06,Pielavesi Venetmäki,,-1.0,40.0
2023-01-06,Siilinjärvi Kuopio lentoasema,-11.4,,
2023-01-06,Kuopio Maaninka,-11.9,-1.0,27.0
2023-01-06,Lapinlahti Lamminkäyrä,,-1.0,30.0
2023-01-06,Suonenjoki Iisvesi,,0.0,25.0
2023-01-06,Kuopio Karttula,,-1.0,29.0
2023-01-06,Kuopio Ritoniemi,-9.9,,
2023-01-06,Kuopio Savilahti,-10.9,0.1,24.0
2023-01-06,Heinävesi Palokki,,-1.0,25.0
2023-01-06,Outokumpu Viuruniemi,,0.0,29.0
2023-01-06,Rautavaara Ala-Luosta,,-1.0,27.0
2023-01-06,Rautavaara Ylä-Luosta,-14.9,0.1,37.0
2023-01-06,Liperi Joensuu lentoasema,-9.6,,
2023-01-06,Juuka Niemelä,-12.1,-1.0,32.0
2023-01-06,Joensuu Pyhäselkä,,-1.0,24.0
2023-01-06,Lieksa Koli,,-1.0,26.0
2023-01-06,Liperi Tuiskavanluoto,-8.4,,
2023-01-06,Joensuu Linnunlahti,-9.0,-1.0,22.0
2023-01-06,Lieksa Lampela,-11.4,-1.0,20.0
2023-01-06,Ilomantsi Pötsönvaara,-10.7,-1.0,37.0
2023-01-06,Ilomantsi Mekrijärvi,-9.9,-1.0,31.0
2023-01-06,Pietarsaari Kallan,-7.4,,
2023-01-06,Kokkola Tankar,-7.4,,
2023-01-06,Kruunupyy Kokkola-Pietarsaari lentoasema,-11.5,,
2023-01-06,Kaustinen Tastula,,-1.0,15.0
2023-01-06,Kalajoki Ulkokalla,-5.9,,
2023-01-06,Kokkola Santahaka,-11.0,-1.0,20.0
2023-01-06,Toholampi Oravala,,-1.0,19.0
2023-01-06,Kalajoki Pitkäsenkylä,,-1.0,25.0
2023-01-06,Kalajoki Mehtäkylä,,-1.0,21.0
2023-01-06,Toholampi Laitala,-13.4,-1.0,15.0
2023-01-06,Ylivieska lentokenttä,-17.1,-1.0,28.0
2023-01-06,Ylivieska Vähäkangas,,-1.0,24.0
2023-01-06,Haapavesi Mustikkamäki,-17.0,0.0,22.0
2023-01-06,Pyhäjärvi Ojakylä,-15.2,-1.0,27.0
2023-01-06,Pyhäjärvi Hiidenniemi,,-1.0,25.0
2023-01-06,Kiuruvesi Korpijoki,,0.0,26.0
2023-01-06,Siikalatva Kestilä,,-1.0,32.0
2023-01-06,Kajaani lentoasema,-17.9,,
2023-01-06,Vieremä Kaarakkala,-12.7,0.1,39.0
2023-01-06,Kajaani Paltaniemi,,-1.0,26.0
2023-01-06,Nurmes Valtimo,-14.9,-1.0,24.0
2023-01-06,Ristijärvi Mustavaara,,0.2,49.0
2023-01-06,Sotkamo Kuolaniemi,-15.6,-1.0,27.0
2023-01-06,Nurmes Mujejärvi,,-1.0,29.0
2023-01-06,Kuhmo Apaja,,-1.0,28.0
2023-01-06,Kuhmo Kalliojoki,-17.6,-1.0,27.0
2023-01-06,Raahe Nahkiainen,-6.1,,
2023-01-06,Hailuoto Keskikylä,-16.0,-1.0,26.0
2023-01-06,Kemi I majakka,-6.0,,
2023-01-06,Hailuoto Marjaniemi,-9.0,,
2023-01-06,Raahe Lapaluoto satama,-11.7,,
2023-01-06,Oulu lentoasema,-18.1,,
2023-01-06,Siikajoki Ruukki,-19.5,-1.0,21.0
2023-01-06,Oulu Vihreäsaari satama,-14.7,,
2023-01-06,Oulu Oulunsalo Pellonpää,-19.5,-1.0,30.0
2023-01-06,Vaala Pelso,-21.3,-1.0,19.0
2023-01-06,Pudasjärvi lentokenttä,-23.1,-1.0,43.0
2023-01-06,Utajärvi Särkijärvi,,-1.0,33.0
2023-01-06,Pudasjärvi Jaurakkajärvi,,-1.0,40.0
2023-01-06,Suomussalmi Näljänkä,,-1.0,47.0
2023-01-06,Suomussalmi Pesiö,-20.5,-1.0,51.0
2023-01-06,Puolanka Kotila,,-1.0,45.0
2023-01-06,Puolanka Paljakka,-15.5,-1.0,47.0
2023-01-06,Kemi Kemi-Tornio lentoasema,-16.1,,
2023-01-06,Kemi Ajos,-13.3,,
2023-01-06,Tornio Kaakkuri,-15.1,0.2,
2023-01-06,Ranua lentokenttä,-16.5,-1.0,43.0
2023-01-06,Pudasjärvi Sarakylä,,0.1,33.0
2023-01-06,Posio Raistakka,,0.1,41.0
2023-01-06,Taivalkoski Inkee,,0.0,39.0
2023-01-06,Taivalkoski kirkonkylä,-20.4,-1.0,39.0
2023-01-06,Kuusamo lentoasema,-15.0,-1.0,33.0
2023-01-06,Kuusamo Kiutaköngäs,-20.7,-1.0,40.0
2023-01-06,Kuusamo Rukatunturi,-11.6,,
2023-01-06,Kuusamo Teeriranta,,-1.0,44.0
2023-01-06,Kuusamo Juuma,-13.4,,
2023-01-06,Ylitornio Meltosjärvi,-14.0,-1.0,41.0
2023-01-06,Kolari Kattilamaa,,-1.0,42.0
2023-01-06,Pello kirkonkylä,-14.3,-1.0,35.0
2023-01-06,Rovaniemi rautatieasema,-12.1,,
2023-01-06,Sodankylä Tähtelä,-19.4,-1.0,48.0
2023-01-06,Rovaniemi Apukka,-14.1,-1.0,40.0
2023-01-06,Pelkosenniemi kirkonkylä,,-1.0,43.0
2023-01-06,Kemijärvi lentokenttä,-12.6,-1.0,40.0
2023-01-06,Savukoski kirkonkylä,-17.1,-1.0,43.0
2023-01-06,Salla Kelloselkä,,-1.0,33.0
2023-01-06,Pelkosenniemi Pyhätunturi,-11.4,,
2023-01-06,Salla kirkonkylä,-19.9,-1.0,35.0
2023-01-06,Salla Naruska,-18.6,-1.0,38.0
2023-01-06,Enontekiö Kaaresuvanto,,-1.0,58.0
2023-01-06,Enontekiö lentoasema,-18.6,,
2023-01-06,Kittilä Pulju,,-1.0,48.0
2023-01-06,Muonio Laukukero,-13.7,,
2023-01-06,Muonio Sammaltunturi,-12.9,,
2023-01-06,Kittilä Matorova,-11.2,,
2023-01-06,Kittilä lentoasema,-21.8,,
2023-01-06,Kittilä Kenttärova,-11.8,0.1,52.0
2023-01-06,Kittilä Pakatti,-19.5,-1.0,48.0
2023-01-06,Kittilä Pokka,-19.1,-1.0,56.0
2023-01-06,Sodankylä Lokka,-16.6,-1.0,38.0
2023-01-06,Sodankylä Vuotso,-18.1,-1.0,44.0
2023-01-06,Inari Saariselkä matkailukeskus,-14.8,-1.0,42.0
2023-01-06,Inari Saariselkä Kaunispää,-12.8,,
2023-01-06,Inari Raja-Jooseppi Kontiojärvi,,-1.0,33.0
2023-01-06,Inari Raja-Jooseppi,-10.8,,
2023-01-06,Salla Värriötunturi,-11.3,0.1,36.0
2023-01-06,Enontekiö Kilpisjärvi kyläkeskus,-21.7,-1.0,42.0
2023-01-06,Enontekiö Kilpisjärvi Saana,-14.2,,
2023-01-06,Enontekiö Näkkälä,-22.7,-1.0,52.0
2023-01-06,Inari Angeli Lintupuoliselkä,-13.5,-1.0,37.0
2023-01-06,Inari Ivalo lentoasema,-11.1,,
2023-01-06,Utsjoki Kevo,-10.6,0.4,38.0
2023-01-06,Utsjoki Nuorgam,-5.6,0.8,39.0
2023-01-06,Inari Väylä,-10.8,,
2023-01-06,Inari kirkonkylä,,-1.0,48.0
2023-01-06,Inari Kaamanen,-10.5,0.1,46.0
2023-01-06,Inari Nellim,-10.9,0.8,28.0
2023-01-06,Inari Kirakkajärvi,-10.3,-1.0,47.0
2023-01-06,Mäntsälä Hirvihaara,-8.4,-1.0,16.0
2023-01-06,Lahti Sopenkorpi,-7.9,-1.0,18.0
2023-01-06,Siuntio Sjundby,,0.1,20.0
2023-01-06,Sipoo Itätoukki,-5.5,,
2023-01-06,Rauma Pyynpää,-8.8,-1.0,6.0
2023-01-06,Muonio Oustajärvi,-22.7,-1.0,48.0
2023-01-06,Pyhtää lentokenttä,-8.0,-1.0,19.0
2023-01-06,Sotkamo Tuhkakylä,-17.1,-1.0,39.0
2023-01-06,Tervola Loue,-15.5,,
2023-01-06,Savukoski Tulppio,-13.4,0.1,31.0
2023-01-06,Mikkeli Pitkäaho,,0.0,25.0
2023-01-06,Kajaani Petäisenniska,-15.3,-1.0,29.0
2023-01-06,Utsjoki Kevo Kevojärvi,-11.2,,
2023-01-06,Inari Seitalaassa,-10.3,,
2023-01-06,Ilmajoki Seinäjoki lentoasema,-11.2,,
2023-01-06,Rovaniemi lentoasema AWOS,-11.3,-1.0,38.0
2023-01-06,Jyväskylä lentoasema AWOS,-10.8,0.1,22.0
2023-01-06,Puumala kirkonkylä,-8.2,-1.0,18.0
2023-01-06,Helsinki Vuosaari satama,-7.1,,
2023-01-06,Maarianhamina Länsisatama,-4.4,,
2023-01-06,Lumparland Långnäs satama,-4.3,0.2,
2023-01-06,Kittilä Lompolonvuoma,-14.0,-1.0,
2023-01-06,Kuusamo Ruka Talvijärvi,-12.7,,
2023-01-06,Espoo Nuuksio,-9.8,-1.0,26.0
2023-01-06,Mikkeli Lentoasema AWOS,-8.8,-1.0,26.0
2023-01-06,Espoo Tapiola,-9.7,-1.0,17.0
2023-01-07,Porvoo Kilpilahti satama,-5.6,,
2023-01-07,Jomala Maarianhamina lentoasema,-1.3,,
2023-01-07,Parainen Utö,-2.8,0.6,1.0
2023-01-07,Lemland Nyhamn,-0.6,,
2023-01-07,Jomala Jomalaby,-1.6,8.1,-1.0
2023-01-07,Hammarland Märket,-0.1,,
2023-01-07,Kökar Bogskär,-1.9,,
2023-01-07,Parainen Fagerholm,-3.3,0.2,
2023-01-07,Kumlinge kirkonkylä,-2.6,,
2023-01-07,Hanko Russarö,-6.0,-1.0,
2023-01-07,Kaarina Yltöinen,-6.9,-1.0,6.0
2023-01-07,Kemiönsaari Vänö,-4.4,,
2023-01-07,Hanko Tulliniemi,-5.7,,
2023-01-07,Turku Rajakari,-4.8,,
2023-01-07,Turku Artukainen,-6.3,-1.0,7.0
2023-01-07,Kemiönsaari Kemiö,-6.9,-1.0,7.0
2023-01-07,Hanko Tvärminne,-6.0,-1.0,4.0
2023-01-07,Salo Kärkkä,-7.5,-1.0,
2023-01-07,Lohja Leppäkorpi,,-1.0,8.0
2023-01-07,Raasepori Jussarö,-6.5,,
2023-01-07,Salo Kiikala lentokenttä,-8.9,-1.0,8.0
2023-01-07,Vantaa Helsinki-Vantaan lentoasema,-7.7,0.0,16.0
2023-01-07,Inkoo Bågaskär,-6.8,,
2023-01-07,Helsinki Kaisaniemi,-6.6,-1.0,6.0
2023-01-07,Lohja Porla,-8.2,-1.0,25.0
2023-01-07,Vihti Maasoja,-8.6,,
2023-01-07,Helsinki Harmaja,-6.3,,
2023-01-07,Kirkkonummi Mäkiluoto,-6.9,,
2023-01-07,Helsinki Helsingin majakka,-7.3,,
2023-01-07,Helsinki Kumpula,-7.2,-1.0,16.0
2023-01-07,Helsinki Malmi lentokenttä,-7.0,,
2023-01-07,Porvoo Kalbådagrund,-7.3,,
2023-01-07,Porvoo Emäsalo,-6.4,,
2023-01-07,Porvoo Harabacka,-7.5,-1.0,9.0
2023-01-07,Kotka Rankki,-6.0,-1.0,13.0
2023-01-07,Loviisa Orrengrund,-5.5,,
2023-01-07,Kotka Haapasaari,-5.5,,
2023-01-07,Pori lentoasema,-8.1,,
2023-01-07,Uusikaupunki Itätulli,,2.3,3.0
2023-01-07,Kustavi Isokari,-2.8,0.8,
2023-01-07,Rauma Kylmäpihlaja,-6.2,,
2023-01-07,Pori rautatieasema,-8.0,5.0,13.0
2023-01-07,Turku lentoasema,-7.2,,
2023-01-07,Kokemäki Rausenkulma,,2.3,11.0
2023-01-07,Huittinen Sallila,,0.6,20.0
2023-01-07,Oripää Teinikivi,,0.0,12.0
2023-01-07,Pöytyä Yläne,,1.8,19.0
2023-01-07,Kokemäki Tulkkila,-8.4,1.5,10.0
2023-01-07,Jokioinen Ilmala,-9.1,-1.0,13.0
2023-01-07,Nokia Tottijärvi,,-1.0,18.0
2023-01-07,Pirkkala Tampere-Pirkkala lentoasema,-9.1,,
2023-01-07,Tampere Härmälä,-8.9,-1.0,22.0
2023-01-07,Somero Salkola,-9.4,-1.0,22.0
2023-01-07,Hyvinkää Hyvinkäänkylä,-8.6,-1.0,18.0
2023-01-07,Vihti Hiiskula,,-1.0,23.0
2023-01-07,Hämeenlinna Pirttikoski,,-1.0,25.0
2023-01-07,Nurmijärvi Röykkä,-8.6,-1.0,17.0
2023-01-07,Hämeenlinna Katinen,-8.6,-1.0,
2023-01-07,Hattula Lepaa,-8.8,-1.0,21.0
2023-01-07,Hämeenlinna Lammi Pappila,-9.0,-1.0,24.0
2023-01-07,Asikkala Pulkkilanharju,-8.2,,
2023-01-07,Kouvola Utti lentoasema,-9.3,-1.0,4.0
2023-01-07,Kouvola Anjala,-7.7,-1.0,17.0
2023-01-07,Heinola Asemantaus,-8.5,-1.0,14.0
2023-01-07,Kouvola Voikoski,,0.1,16.0
2023-01-07,Virolahti Koivuniemi,-7.5,0.0,15.0
2023-01-07,Lappeenranta lentoasema,-10.5,,
2023-01-07,Lappeenranta Konnunsuo,-13.5,,
2023-01-07,Lappeenranta Lepola,-10.1,-1.0,14.0
2023-01-07,Ruokolahti Kotaniemi,,0.0,22.0
2023-01-07,Lappeenranta Hiekkapakka,-10.2,,
2023-01-07,Parikkala Koitsanlahti,-16.1,-1.0,17.0
2023-01-07,Kaskinen Sälgrund,-6.2,1.2,
2023-01-07,Merikarvia Tuorila,,9.3,23.0
2023-01-07,Isojoki Kärjenkoski,,7.2,8.0
2023-01-07,Teuva Kauppilankylä,,5.9,6.0
2023-01-07,Pori Tahkoluoto satama,-6.4,,
2023-01-07,Kristiinankaupunki Majakka,-6.9,,
2023-01-07,Karvia Alkkia,-9.8,1.7,22.0
2023-01-07,Kurikka Hirvijärvi,,2.5,4.0
2023-01-07,Kauhajoki Kuja-Kokko,-9.0,2.1,13.0
2023-01-07,Kankaanpää Niinisalo lentokenttä,-9.5,4.9,23.0
2023-01-07,Alavus Sulkavankylä,,1.4,19.0
2023-01-07,Virrat Äijänneva,-9.7,,
2023-01-07,Tampere Siilinkari,-8.6,,
2023-01-07,Jämsä Halli lentoasema,-9.4,0.1,15.0
2023-01-07,Juupajoki Hyytiälä,-9.9,0.2,30.0
2023-01-07,Sysmä Joutsjärvi,,-1.0,22.0
2023-01-07,Jyväskylä Muuratjärvi,,-1.0,21.0
2023-01-07,Luhanka Judinsalo,-7.9,,
2023-01-07,Multia Pirttiperä,,0.9,24.0
2023-01-07,Joutsa Savenaho,-9.9,-1.0,22.0
2023-01-07,Kangasniemi kirkonkylä,,0.0,29.0
2023-01-07,Joutsa Pärnämäki,,-1.0,26.0
2023-01-07,Juva Partala,-11.7,,
2023-01-07,Varkaus Kosulanniemi,-12.1,-1.0,22.0
2023-01-07,Savonlinna Laukansaari,,-1.0,23.0
2023-01-07,Sulkava Halttula,,-1.0,34.0
2023-01-07,Savonlinna lentoasema,-12.2,,
2023-01-07,Rantasalmi Rukkasluoto,-10.2,,
2023-01-07,Savonlinna Punkaharju Laukansaari,-12.8,-1.0,19.0
2023-01-07,Enonkoski Simanala,,-1.0,27.0
2023-01-07,Savonlinna Savonranta,,-1.0,23.0
2023-01-07,Rääkkylä kirkonkylä,,0.0,26.0
2023-01-07,Tohmajärvi Kemie,-21.2,-1.0,27.0
2023-01-07,Joensuu Huhtilampi,,-1.0,35.0
2023-01-07,Vaasa lentoasema,-8.6,,
2023-01-07,Mustasaari Valassaaret,-7.8,,
2023-01-07,Närpiö Ylimarkku,,4.7,5.0
2023-01-07,Mustasaari Riimala,,5.2,6.0
2023-01-07,Kurikka Pyörni,,4.3,12.0
2023-01-07,Maalahti Strömmingsbådan,-5.4,,
2023-01-07,Vaasa Klemettilä,-8.5,6.0,12.0
2023-01-07,Seinäjoki Pelmaa,-8.8,1.5,13.0
2023-01-07,Kauhava lentokenttä,-9.1,1.0,12.0
2023-01-07,Ähtäri Inha,-10.0,1.5,22.0
2023-01-07,Halsua Purola,-11.3,1.6,22.0
2023-01-07,Alajärvi Möksy,-10.7,1.2,26.0
2023-01-07,Multia Karhila,-11.2,0.3,26.0
2023-01-07,Viitasaari Haapaniemi,-11.0,0.3,21.0
2023-01-07,Äänekoski Kalaniemi,,0.2,27.0
2023-01-07,Vesanto kirkonkylä,-13.1,0.2,31.0
2023-01-07,Pielavesi Venetmäki,,0.0,40.0
2023-01-07,Siilinjärvi Kuopio lentoasema,-16.2,,
2023-01-07,Kuopio Maaninka,-16.1,-1.0,27.0
2023-01-07,Lapinlahti Lamminkäyrä,,0.0,30.0
2023-01-07,Suonenjoki Iisvesi,,-1.0,25.0
2023-01-07,Kuopio Karttula,,-1.0,29.0
2023-01-07,Kuopio Ritoniemi,-13.4,,
2023-01-07,Kuopio Savilahti,-13.5,-1.0,24.0
2023-01-07,Heinävesi Palokki,,-1.0,25.0
2023-01-07,Outokumpu Viuruniemi,,-1.0,29.0
2023-01-07,Rautavaara Ala-Luosta,,-1.0,27.0
2023-01-07,Rautavaara Ylä-Luosta,-22.1,-1.0,36.0
2023-01-07,Liperi Joensuu lentoasema,-18.0,,
2023-01-07,Juuka Niemelä,-22.8,-1.0,31.0
2023-01-07,Joensuu Pyhäselkä,,-1.0,24.0
2023-01-07,Lieksa Koli,,0.0,26.0
2023-01-07,Liperi Tuiskavanluoto,-14.5,,
2023-01-07,Joensuu Linnunlahti,-17.5,-1.0,23.0
2023-01-07,Lieksa Lampela,-23.0,-1.0,20.0
2023-01-07,Ilomantsi Pötsönvaara,-16.8,-1.0,37.0
2023-01-07,Ilomantsi Mekrijärvi,-20.6,-1.0,30.0
2023-01-07,Pietarsaari Kallan,-8.1,,
2023-01-07,Kokkola Tankar,-8.5,,
2023-01-07,Kruunupyy Kokkola-Pietarsaari lentoasema,-9.2,,
2023-01-07,Kaustinen Tastula,,1.7,15.0
2023-01-07,Kalajoki Ulkokalla,-7.0,,
2023-01-07,Kokkola Santahaka,-9.4,2.0,20.0
2023-01-07,Toholampi Oravala,,2.3,19.0
2023-01-07,Kalajoki Pitkäsenkylä,,3.2,25.0
2023-01-07,Kalajoki Mehtäkylä,,1.6,21.0
2023-01-07,Toholampi Laitala,-10.9,0.2,15.0
2023-01-07,Ylivieska lentokenttä,-13.2,1.6,27.0
2023-01-07,Ylivieska Vähäkangas,,1.2,24.0
2023-01-07,Haapavesi Mustikkamäki,-14.8,0.8,21.0
2023-01-07,Pyhäjärvi Ojakylä,-13.0,1.0,27.0
2023-01-07,Pyhäjärvi Hiidenniemi,,2.0,25.0
2023-01-07,Kiuruvesi Korpijoki,,0.0,26.0
2023-01-07,Siikalatva Kestilä,,-1.0,32.0
2023-01-07,Kajaani lentoasema,-18.9,,
2023-01-07,Vieremä Kaarakkala,-14.9,0.3,38.0
2023-01-07,Kajaani Paltaniemi,,-1.0,26.0
2023-01-07,Nurmes Valtimo,-23.8,-1.0,24.0
2023-01-07,Ristijärvi Mustavaara,,-1.0,49.0
2023-01-07,Sotkamo Kuolaniemi,-21.3,-1.0,28.0
2023-01-07,Nurmes Mujejärvi,,-1.0,28.0
2023-01-07,Kuhmo Apaja,,-1.0,28.0
2023-01-07,Kuhmo Kalliojoki,-26.3,-1.0,28.0
2023-01-07,Raahe Nahkiainen,-8.2,,
2023-01-07,Hailuoto Keskikylä,-14.7,0.3,26.0
2023-01-07,Kemi I majakka,-8.9,,
2023-01-07,Hailuoto Marjaniemi,-12.1,,
2023-01-07,Raahe Lapaluoto satama,-10.8,,
2023-01-07,Oulu lentoasema,-15.8,,
2023-01-07,Siikajoki Ruukki,-15.6,0.3,21.0
2023-01-07,Oulu Vihreäsaari satama,-14.3,,
2023-01-07,Oulu Oulunsalo Pellonpää,-15.9,0.2,29.0
2023-01-07,Vaala Pelso,-17.8,-1.0,19.0
2023-01-07,Pudasjärvi lentokenttä,-18.6,-1.0,43.0
2023-01-07,Utajärvi Särkijärvi,,0.1,33.0
2023-01-07,Pudasjärvi Jaurakkajärvi,,-1.0,40.0
2023-01-07,Suomussalmi Näljänkä,,0.0,47.0
2023-01-07,Suomussalmi Pesiö,-24.9,-1.0,51.0
2023-01-07,Puolanka Kotila,,-1.0,45.0
2023-01-07,Puolanka Paljakka,-17.3,-1.0,47.0
2023-01-07,Kemi Kemi-Tornio lentoasema,-13.5,,
2023-01-07,Kemi Ajos,-12.7,,
2023-01-07,Tornio Kaakkuri,-13.5,0.2,
2023-01-07,Ranua lentokenttä,-16.4,-1.0,41.0
2023-01-07,Pudasjärvi Sarakylä,,-1.0,34.0
2023-01-07,Posio Raistakka,,0.0,40.0
2023-01-07,Taivalkoski Inkee,,0.0,39.0
2023-01-07,Taivalkoski kirkonkylä,-21.3,-1.0,38.0
2023-01-07,Kuusamo lentoasema,-24.9,-1.0,32.0
2023-01-07,Kuusamo Kiutaköngäs,-23.9,0.1,40.0
2023-01-07,Kuusamo Rukatunturi,-15.3,,
2023-01-07,Kuusamo Teeriranta,,-1.0,44.0
2023-01-07,Kuusamo Juuma,-18.6,,
2023-01-07,Ylitornio Meltosjärvi,-16.4,-1.0,41.0
2023-01-07,Kolari Kattilamaa,,0.2,42.0
2023-01-07,Pello kirkonkylä,-18.1,0.1,35.0
2023-01-07,Rovaniemi rautatieasema,-15.4,,
2023-01-07,Sodankylä Tähtelä,-30.6,-1.0,48.0
2023-01-07,Rovaniemi Apukka,-17.9,-1.0,39.0
2023-01-07,Pelkosenniemi kirkonkylä,,-1.0,43.0
2023-01-07,Kemijärvi lentokenttä,-26.5,-1.0,39.0
2023-01-07,Savukoski kirkonkylä,-24.7,0.1,42.0
2023-01-07,Salla Kelloselkä,,0.2,33.0
2023-01-07,Pelkosenniemi Pyhätunturi,-14.8,,
2023-01-07,Salla kirkonkylä,-26.5,-1.0,35.0
2023-01-07,Salla Naruska,-21.8,0.2,38.0
2023-01-07,Enontekiö Kaaresuvanto,,4.8,58.0
2023-01-07,Enontekiö lentoasema,-23.3,,
2023-01-07,Kittilä Pulju,,0.9,48.0
2023-01-07,Muonio Laukukero,-17.1,,
2023-01-07,Muonio Sammaltunturi,-16.6,,
2023-01-07,Kittilä Matorova,-20.5,,
2023-01-07,Kittilä lentoasema,-26.7,,
2023-01-07,Kittilä Kenttärova,-20.5,0.2,52.0
2023-01-07,Kittilä Pakatti,-26.4,-1.0,47.0
2023-01-07,Kittilä Pokka,-30.2,-1.0,55.0
2023-01-07,Sodankylä Lokka,-21.5,-1.0,38.0
2023-01-07,Sodankylä Vuotso,-22.4,-1.0,44.0
2023-01-07,Inari Saariselkä matkailukeskus,-18.4,-1.0,42.0
2023-01-07,Inari Saariselkä Kaunispää,-15.9,,
2023-01-07,Inari Raja-Jooseppi Kontiojärvi,,-1.0,33.0
2023-01-07,Inari Raja-Jooseppi,-14.3,,
2023-01-07,Salla Värriötunturi,-14.7,0.3,36.0
2023-01-07,Enontekiö Kilpisjärvi kyläkeskus,-20.7,-1.0,42.0
2023-01-07,Enontekiö Kilpisjärvi Saana,-18.2,,
2023-01-07,Enontekiö Näkkälä,-20.7,0.3,53.0
2023-01-07,Inari Angeli Lintupuoliselkä,-18.8,-1.0,36.0
2023-01-07,Inari Ivalo lentoasema,-18.4,,
2023-01-07,Utsjoki Kevo,-14.8,-1.0,37.0
2023-01-07,Utsjoki Nuorgam,-13.3,-1.0,40.0
2023-01-07,Inari Väylä,-15.3,,
2023-01-07,Inari kirkonkylä,,-1.0,48.0
2023-01-07,Inari Kaamanen,-15.9,0.1,46.0
2023-01-07,Inari Nellim,-14.0,-1.0,29.0
2023-01-07,Inari Kirakkajärvi,-15.5,-1.0,45.0
2023-01-07,Mäntsälä Hirvihaara,-8.5,-1.0,16.0
2023-01-07,Lahti Sopenkorpi,-8.5,-1.0,18.0
2023-01-07,Siuntio Sjundby,,-1.0,21.0
2023-01-07,Sipoo Itätoukki,-6.3,,
2023-01-07,Rauma Pyynpää,-7.5,2.0,6.0
2023-01-07,Muonio Oustajärvi,-23.7,0.1,48.0
2023-01-07,Pyhtää lentokenttä,-7.2,-1.0,19.0
2023-01-07,Sotkamo Tuhkakylä,-18.1,-1.0,38.0
2023-01-07,Tervola Loue,-14.3,,
2023-01-07,Savukoski Tulppio,-18.9,0.1,32.0
2023-01-07,Mikkeli Pitkäaho,,0.0,25.0
2023-01-07,Kajaani Petäisenniska,-18.2,-1.0,30.0
2023-01-07,Utsjoki Kevo Kevojärvi,-15.1,,
2023-01-07,Inari Seitalaassa,-14.7,,
2023-01-07,Ilmajoki Seinäjoki lentoasema,-9.6,,
2023-01-07,Rovaniemi lentoasema AWOS,-16.5,-1.0,38.0
2023-01-07,Jyväskylä lentoasema AWOS,-10.5,0.1,22.0
2023-01-07,Puumala kirkonkylä,-10.1,-1.0,19.0
2023-01-07,Helsinki Vuosaari satama,-5.9,,
2023-01-07,Maarianhamina Länsisatama,-1.4,,
2023-01-07,Lumparland Långnäs satama,-1.7,3.9,
2023-01-07,Kittilä Lompolonvuoma,-23.7,0.2,
2023-01-07,Kuusamo Ruka Talvijärvi,-17.3,,
2023-01-07,Espoo Nuuksio,-9.1,-1.0,25.0
2023-01-07,Mikkeli Lentoasema AWOS,-10.0,-1.0,28.0
2023-01-07,Espoo Tapiola,-7.0,-1.0,17.0
2023-01-08,Porvoo Kilpilahti satama,-6.0,,
2023-01-08,Jomala Maarianhamina lentoasema,1.6,,
2023-01-08,Parainen Utö,0.3,6.2,1.0
2023-01-08,Lemland Nyhamn,2.1,,
2023-01-08,Jomala Jomalaby,1.1,10.3,4.0
2023-01-08,Hammarland Märket,2.3,,
2023-01-08,Kökar Bogskär,1.7,,
2023-01-08,Parainen Fagerholm,-1.2,18.0,
2023-01-08,Kumlinge kirkonkylä,0.2,,
2023-01-08,Hanko Russarö,-3.7,7.8,
2023-01-08,Kaarina Yltöinen,-5.2,5.3,7.0
2023-01-08,Kemiönsaari Vänö,-1.9,,
2023-01-08,Hanko Tulliniemi,-3.6,,
2023-01-08,Turku Rajakari,-3.5,,
2023-01-08,Turku Artukainen,-4.6,3.2,7.0
2023-01-08,Kemiönsaari Kemiö,-5.0,4.2,7.0
2023-01-08,Hanko Tvärminne,-4.5,2.0,4.0
2023-01-08,Salo Kärkkä,-6.0,1.4,
2023-01-08,Lohja Leppäkorpi,,3.4,8.0
2023-01-08,Raasepori Jussarö,-5.2,,
2023-01-08,Salo Kiikala lentokenttä,-7.6,2.6,8.0
2023-01-08,Vantaa Helsinki-Vantaan lentoasema,-6.9,1.5,16.0
2023-01-08,Inkoo Bågaskär,-6.0,,
2023-01-08,Helsinki Kaisaniemi,-6.4,3.4,6.0
2023-01-08,Lohja Porla,-6.8,6.7,27.0
2023-01-08,Vihti Maasoja,-7.1,,
2023-01-08,Helsinki Harmaja,-6.2,,
2023-01-08,Kirkkonummi Mäkiluoto,-6.4,,
2023-01-08,Helsinki Helsingin majakka,-7.2,,
2023-01-08,Helsinki Kumpula,-6.7,3.6,17.0
2023-01-08,Helsinki Malmi lentokenttä,-6.6,,
2023-01-08,Porvoo Kalbådagrund,-7.2,,
2023-01-08,Porvoo Emäsalo,-6.3,,
2023-01-08,Porvoo Harabacka,-7.2,0.9,8.0
2023-01-08,Kotka Rankki,-7.4,1.1,13.0
2023-01-08,Loviisa Orrengrund,-6.2,,
2023-01-08,Kotka Haapasaari,-7.7,,
2023-01-08,Pori lentoasema,-5.9,,
2023-01-08,Uusikaupunki Itätulli,,0.4,4.0
2023-01-08,Kustavi Isokari,-1.5,1.6,
2023-01-08,Rauma Kylmäpihlaja,-3.9,,
2023-01-08,Pori rautatieasema,-5.9,6.1,22.0
2023-01-08,Turku lentoasema,-5.4,,
2023-01-08,Kokemäki Rausenkulma,,11.3,11.0
2023-01-08,Huittinen Sallila,,9.0,18.0
2023-01-08,Oripää Teinikivi,,6.3,12.0
2023-01-08,Pöytyä Yläne,,7.6,20.0
2023-01-08,Kokemäki Tulkkila,-6.4,8.0,11.0
2023-01-08,Jokioinen Ilmala,-7.3,1.6,14.0
2023-01-08,Nokia Tottijärvi,,7.9,18.0
2023-01-08,Pirkkala Tampere-Pirkkala lentoasema,-7.5,,
2023-01-08,Tampere Härmälä,-7.3,5.6,22.0
2023-01-08,Somero Salkola,-7.8,2.9,22.0
2023-01-08,Hyvinkää Hyvinkäänkylä,-7.5,4.8,19.0
2023-01-08,Vihti Hiiskula,,7.2,23.0
2023-01-08,Hämeenlinna Pirttikoski,,3.9,25.0
2023-01-08,Nurmijärvi Röykkä,-7.5,5.5,17.0
2023-01-08,Hämeenlinna Katinen,-7.4,3.8,
2023-01-08,Hattula Lepaa,-7.4,3.4,21.0
2023-01-08,Hämeenlinna Lammi Pappila,-8.2,2.7,24.0
2023-01-08,Asikkala Pulkkilanharju,-7.9,,
2023-01-08,Kouvola Utti lentoasema,-10.2,0.4,5.0
2023-01-08,Kouvola Anjala,-8.3,0.8,18.0
2023-01-08,Heinola Asemantaus,-8.9,0.6,14.0
2023-01-08,Kouvola Voikoski,,0.4,16.0
2023-01-08,Virolahti Koivuniemi,-9.1,0.8,15.0
2023-01-08,Lappeenranta lentoasema,-12.3,,
2023-01-08,Lappeenranta Konnunsuo,-12.2,,
2023-01-08,Lappeenranta Lepola,-12.3,-1.0,14.0
2023-01-08,Ruokolahti Kotaniemi,,-1.0,22.0
2023-01-08,Lappeenranta Hiekkapakka,-11.8,,
2023-01-08,Parikkala Koitsanlahti,-11.1,0.7,18.0
2023-01-08,Kaskinen Sälgrund,-4.7,2.6,
2023-01-08,Merikarvia Tuorila,,12.4,30.0
2023-01-08,Isojoki Kärjenkoski,,9.4,15.0
2023-01-08,Teuva Kauppilankylä,,7.7,13.0
2023-01-08,Pori Tahkoluoto satama,-4.7,,
2023-01-08,Kristiinankaupunki Majakka,-4.9,,
2023-01-08,Karvia Alkkia,-7.7,5.6,24.0
2023-01-08,Kurikka Hirvijärvi,,7.0,6.0
2023-01-08,Kauhajoki Kuja-Kokko,-6.8,3.3,18.0
2023-01-08,Kankaanpää Niinisalo lentokenttä,-7.3,7.4,31.0
2023-01-08,Alavus Sulkavankylä,,3.9,20.0
2023-01-08,Virrat Äijänneva,-8.3,,
2023-01-08,Tampere Siilinkari,-7.3,,
2023-01-08,Jämsä Halli lentoasema,-8.7,3.8,18.0
2023-01-08,Juupajoki Hyytiälä,-8.5,6.2,30.0
2023-01-08,Sysmä Joutsjärvi,,0.4,22.0
2023-01-08,Jyväskylä Muuratjärvi,,3.4,21.0
2023-01-08,Luhanka Judinsalo,-8.6,,
2023-01-08,Multia Pirttiperä,,5.9,25.0
2023-01-08,Joutsa Savenaho,-10.1,0.3,21.0
2023-01-08,Kangasniemi kirkonkylä,,0.0,29.0
2023-01-08,Joutsa Pärnämäki,,0.4,26.0
2023-01-08,Juva Partala,-10.8,,
2023-01-08,Varkaus Kosulanniemi,-9.3,-1.0,22.0
2023-01-08,Savonlinna Laukansaari,,-1.0,23.0
2023-01-08,Sulkava Halttula,,-1.0,34.0
2023-01-08,Savonlinna lentoasema,-9.7,,
2023-01-08,Rantasalmi Rukkasluoto,-9.2,,
2023-01-08,Savonlinna Punkaharju Laukansaari,-9.5,0.2,19.0
2023-01-08,Enonkoski Simanala,,-1.0,27.0
2023-01-08,Savonlinna Savonranta,,-1.0,23.0
2023-01-08,Rääkkylä kirkonkylä,,0.0,26.0
2023-01-08,Tohmajärvi Kemie,-12.3,-1.0,27.0
2023-01-08,Joensuu Huhtilampi,,-1.0,35.0
2023-01-08,Vaasa lentoasema,-6.1,,
2023-01-08,Mustasaari Valassaaret,-5.5,,
2023-01-08,Närpiö Ylimarkku,,5.1,7.0
2023-01-08,Mustasaari Riimala,,6.1,10.0
2023-01-08,Kurikka Pyörni,,5.0,15.0
2023-01-08,Maalahti Strömmingsbådan,-3.7,,
2023-01-08,Vaasa Klemettilä,-6.0,4.7,19.0
2023-01-08,Seinäjoki Pelmaa,-6.8,2.8,15.0
2023-01-08,Kauhava lentokenttä,-7.0,3.2,15.0
2023-01-08,Ähtäri Inha,-8.8,8.7,25.0
2023-01-08,Halsua Purola,-9.3,5.2,24.0
2023-01-08,Alajärvi Möksy,-9.2,5.2,28.0
2023-01-08,Multia Karhila,-9.9,5.6,28.0
2023-01-08,Viitasaari Haapaniemi,-9.5,0.9,24.0
2023-01-08,Äänekoski Kalaniemi,,1.5,27.0
2023-01-08,Vesanto kirkonkylä,-9.7,0.4,32.0
2023-01-08,Pielavesi Venetmäki,,0.4,40.0
2023-01-08,Siilinjärvi Kuopio lentoasema,-9.6,,
2023-01-08,Kuopio Maaninka,-9.3,-1.0,27.0
2023-01-08,Lapinlahti Lamminkäyrä,,0.1,29.0
2023-01-08,Suonenjoki Iisvesi,,-1.0,25.0
2023-01-08,Kuopio Karttula,,-1.0,29.0
2023-01-08,Kuopio Ritoniemi,-9.3,,
2023-01-08,Kuopio Savilahti,-9.2,-1.0,24.0
2023-01-08,Heinävesi Palokki,,-1.0,25.0
2023-01-08,Outokumpu Viuruniemi,,0.1,29.0
2023-01-08,Rautavaara Ala-Luosta,,-1.0,27.0
2023-01-08,Rautavaara Ylä-Luosta,-11.2,0.0,36.0
2023-01-08,Liperi Joensuu lentoasema,-11.2,,
2023-01-08,Juuka Niemelä,-11.9,-1.0,32.0
2023-01-08,Joensuu Pyhäselkä,,0.0,24.0
2023-01-08,Lieksa Koli,,-1.0,26.0
2023-01-08,Liperi Tuiskavanluoto,-10.2,,
2023-01-08,Joensuu Linnunlahti,-10.6,-1.0,23.0
2023-01-08,Lieksa Lampela,-12.6,-1.0,20.0
2023-01-08,Ilomantsi Pötsönvaara,-15.1,-1.0,37.0
2023-01-08,Ilomantsi Mekrijärvi,-14.3,-1.0,30.0
2023-01-08,Pietarsaari Kallan,-6.2,,
2023-01-08,Kokkola Tankar,-7.0,,
2023-01-08,Kruunupyy Kokkola-Pietarsaari lentoasema,-7.4,,
2023-01-08,Kaustinen Tastula,,5.4,16.0
2023-01-08,Kalajoki Ulkokalla,-6.1,,
2023-01-08,Kokkola Santahaka,-7.4,9.3,23.0
2023-01-08,Toholampi Oravala,,7.5,20.0
2023-01-08,Kalajoki Pitkäsenkylä,,7.4,28.0
2023-01-08,Kalajoki Mehtäkylä,,5.6,23.0
2023-01-08,Toholampi Laitala,-8.7,1.3,15.0
2023-01-08,Ylivieska lentokenttä,-8.8,5.7,31.0
2023-01-08,Ylivieska Vähäkangas,,5.3,25.0
2023-01-08,Haapavesi Mustikkamäki,-9.3,1.9,23.0
2023-01-08,Pyhäjärvi Ojakylä,-9.6,3.0,30.0
2023-01-08,Pyhäjärvi Hiidenniemi,,5.9,28.0
2023-01-08,Kiuruvesi Korpijoki,,0.8,26.0
2023-01-08,Siikalatva Kestilä,,3.4,32.0
2023-01-08,Kajaani lentoasema,-10.9,,
2023-01-08,Vieremä Kaarakkala,-11.0,0.4,36.0
2023-01-08,Kajaani Paltaniemi,,0.0,25.0
2023-01-08,Nurmes Valtimo,-11.5,-1.0,23.0
2023-01-08,Ristijärvi Mustavaara,,0.5,49.0
2023-01-08,Sotkamo Kuolaniemi,-11.7,-1.0,29.0
2023-01-08,Nurmes Mujejärvi,,0.0,28.0
2023-01-08,Kuhmo Apaja,,-1.0,28.0
2023-01-08,Kuhmo Kalliojoki,-15.6,-1.0,29.0
2023-01-08,Raahe Nahkiainen,-6.8,,
2023-01-08,Hailuoto Keskikylä,-8.6,3.9,26.0
2023-01-08,Kemi I majakka,-7.4,,
2023-01-08,Hailuoto Marjaniemi,-8.5,,
2023-01-08,Raahe Lapaluoto satama,-7.7,,
2023-01-08,Oulu lentoasema,-8.8,,
2023-01-08,Siikajoki Ruukki,-8.9,3.6,22.0
2023-01-08,Oulu Vihreäsaari satama,-8.5,,
2023-01-08,Oulu Oulunsalo Pellonpää,-8.8,5.7,30.0
2023-01-08,Vaala Pelso,-9.8,0.5,18.0
2023-01-08,Pudasjärvi lentokenttä,-10.6,0.7,43.0
2023-01-08,Utajärvi Särkijärvi,,0.2,33.0
2023-01-08,Pudasjärvi Jaurakkajärvi,,0.4,40.0
2023-01-08,Suomussalmi Näljänkä,,0.2,47.0
2023-01-08,Suomussalmi Pesiö,-13.5,0.2,49.0
2023-01-08,Puolanka Kotila,,0.4,45.0
2023-01-08,Puolanka Paljakka,-12.8,0.2,47.0
2023-01-08,Kemi Kemi-Tornio lentoasema,-9.1,,
2023-01-08,Kemi Ajos,-9.0,,
2023-01-08,Tornio Kaakkuri,-9.0,16.0,
2023-01-08,Ranua lentokenttä,-11.0,1.7,43.0
2023-01-08,Pudasjärvi Sarakylä,,0.1,34.0
2023-01-08,Posio Raistakka,,0.7,40.0
2023-01-08,Taivalkoski Inkee,,0.0,39.0
2023-01-08,Taivalkoski kirkonkylä,-12.8,-1.0,38.0
2023-01-08,Kuusamo lentoasema,-16.8,-1.0,33.0
2023-01-08,Kuusamo Kiutaköngäs,-20.6,-1.0,42.0
2023-01-08,Kuusamo Rukatunturi,-16.3,,
2023-01-08,Kuusamo Teeriranta,,-1.0,44.0
2023-01-08,Kuusamo Juuma,-16.6,,
2023-01-08,Ylitornio Meltosjärvi,-10.2,5.7,39.0
2023-01-08,Kolari Kattilamaa,,7.3,42.0
2023-01-08,Pello kirkonkylä,-10.0,5.5,36.0
2023-01-08,Rovaniemi rautatieasema,-10.2,,
2023-01-08,Sodankylä Tähtelä,-14.9,3.8,48.0
2023-01-08,Rovaniemi Apukka,-10.9,2.8,40.0
2023-01-08,Pelkosenniemi kirkonkylä,,1.9,43.0
2023-01-08,Kemijärvi lentokenttä,-13.8,0.6,39.0
2023-01-08,Savukoski kirkonkylä,-16.1,0.8,42.0
2023-01-08,Salla Kelloselkä,,0.3,34.0
2023-01-08,Pelkosenniemi Pyhätunturi,-15.4,,
2023-01-08,Salla kirkonkylä,-13.9,-1.0,35.0
2023-01-08,Salla Naruska,-18.8,-1.0,39.0
2023-01-08,Enontekiö Kaaresuvanto,,4.7,55.0
2023-01-08,Enontekiö lentoasema,-12.5,,
2023-01-08,Kittilä Pulju,,6.0,48.0
2023-01-08,Muonio Laukukero,-16.0,,
2023-01-08,Muonio Sammaltunturi,-15.1,,
2023-01-08,Kittilä Matorova,-14.3,,
2023-01-08,Kittilä lentoasema,-13.1,,
2023-01-08,Kittilä Kenttärova,-14.3,6.5,53.0
2023-01-08,Kittilä Pakatti,-13.3,8.3,47.0
2023-01-08,Kittilä Pokka,-15.0,7.5,56.0
2023-01-08,Sodankylä Lokka,-12.9,3.0,38.0
2023-01-08,Sodankylä Vuotso,-14.2,5.3,44.0
2023-01-08,Inari Saariselkä matkailukeskus,-12.4,2.2,43.0
2023-01-08,Inari Saariselkä Kaunispää,-13.4,,
2023-01-08,Inari Raja-Jooseppi Kontiojärvi,,0.8,33.0
2023-01-08,Inari Raja-Jooseppi,-12.7,,
2023-01-08,Salla Värriötunturi,-14.3,0.2,37.0
2023-01-08,Enontekiö Kilpisjärvi kyläkeskus,-13.3,1.4,42.0
2023-01-08,Enontekiö Kilpisjärvi Saana,-17.6,,
2023-01-08,Enontekiö Näkkälä,-13.5,2.0,55.0
2023-01-08,Inari Angeli Lintupuoliselkä,-15.0,3.3,36.0
2023-01-08,Inari Ivalo lentoasema,-16.3,,
2023-01-08,Utsjoki Kevo,-17.8,3.3,39.0
2023-01-08,Utsjoki Nuorgam,-16.3,2.1,41.0
2023-01-08,Inari Väylä,-19.2,,
2023-01-08,Inari kirkonkylä,,2.8,45.0
2023-01-08,Inari Kaamanen,-17.2,1.2,45.0
2023-01-08,Inari Nellim,-13.9,0.6,30.0
2023-01-08,Inari Kirakkajärvi,-16.4,1.9,44.0
2023-01-08,Mäntsälä Hirvihaara,-7.6,2.6,16.0
2023-01-08,Lahti Sopenkorpi,-8.2,1.8,19.0
2023-01-08,Siuntio Sjundby,,11.7,21.0
2023-01-08,Sipoo Itätoukki,-6.2,,
2023-01-08,Rauma Pyynpää,-5.1,5.1,10.0
2023-01-08,Muonio Oustajärvi,-12.4,4.5,49.0
2023-01-08,Pyhtää lentokenttä,-7.4,1.1,19.0
2023-01-08,Sotkamo Tuhkakylä,-11.4,-1.0,40.0
2023-01-08,Tervola Loue,-9.6,,
2023-01-08,Savukoski Tulppio,-19.5,-1.0,33.0
2023-01-08,Mikkeli Pitkäaho,,-1.0,25.0
2023-01-08,Kajaani Petäisenniska,-11.2,0.1,29.0
2023-01-08,Utsjoki Kevo Kevojärvi,-18.6,,
2023-01-08,Inari Seitalaassa,-15.4,,
2023-01-08,Ilmajoki Seinäjoki lentoasema,-7.6,,
2023-01-08,Rovaniemi lentoasema AWOS,-11.8,3.9,38.0
2023-01-08,Jyväskylä lentoasema AWOS,-9.5,1.9,23.0
2023-01-08,Puumala kirkonkylä,-11.1,-1.0,19.0
2023-01-08,Helsinki Vuosaari satama,-6.0,,
2023-01-08,Maarianhamina Länsisatama,1.4,,
2023-01-08,Lumparland Långnäs satama,0.8,6.9,
2023-01-08,Kittilä Lompolonvuoma,-13.9,2.5,
2023-01-08,Kuusamo Ruka Talvijärvi,-14.7,,
2023-01-08,Espoo Nuuksio,-7.4,4.9,26.0
2023-01-08,Mikkeli Lentoasema AWOS,-10.7,-1.0,28.0
2023-01-08,Espoo Tapiola,-6.5,4.3,17.0
2023-01-09,Porvoo Kilpilahti satama,-3.7,,
2023-01-09,Jomala Maarianhamina lentoasema,2.0,,
2023-01-09,Parainen Utö,0.6,2.4,2.0
2023-01-09,Lemland Nyhamn,2.5,,
2023-01-09,Jomala Jomalaby,1.5,8.6,-1.0
2023-01-09,Hammarland Märket,2.7,,
2023-01-09,Kökar Bogskär,2.1,,
2023-01-09,Parainen Fagerholm,-0.3,4.6,
2023-01-09,Kumlinge kirkonkylä,0.6,,
2023-01-09,Hanko Russarö,-1.9,6.4,
2023-01-09,Kaarina Yltöinen,-3.0,5.0,12.0
2023-01-09,Kemiönsaari Vänö,-0.8,,
2023-01-09,Hanko Tulliniemi,-1.9,,
2023-01-09,Turku Rajakari,-1.9,,
2023-01-09,Turku Artukainen,-2.7,1.8,9.0
2023-01-09,Kemiönsaari Kemiö,-2.9,4.6,13.0
2023-01-09,Hanko Tvärminne,-2.2,2.0,7.0
2023-01-09,Salo Kärkkä,-3.5,3.5,
2023-01-09,Lohja Leppäkorpi,,2.4,15.0
2023-01-09,Raasepori Jussarö,-2.7,,
2023-01-09,Salo Kiikala lentokenttä,-5.0,4.0,10.0
2023-01-09,Vantaa Helsinki-Vantaan lentoasema,-4.7,5.8,18.0
2023-01-09,Inkoo Bågaskär,-3.2,,
2023-01-09,Helsinki Kaisaniemi,-3.9,13.5,9.0
2023-01-09,Lohja Porla,-4.3,6.9,34.0
2023-01-09,Vihti Maasoja,-4.5,,
2023-01-09,Helsinki Harmaja,-3.7,,
2023-01-09,Kirkkonummi Mäkiluoto,-3.4,,
2023-01-09,Helsinki Helsingin majakka,-4.2,,
2023-01-09,Helsinki Kumpula,-4.4,13.0,18.0
2023-01-09,Helsinki Malmi lentokenttä,-4.3,,
2023-01-09,Porvoo Kalbådagrund,-4.5,,
2023-01-09,Porvoo Emäsalo,-4.0,,
2023-01-09,Porvoo Harabacka,-4.8,4.8,9.0
2023-01-09,Kotka Rankki,-5.3,8.4,14.0
2023-01-09,Loviisa Orrengrund,-3.9,,
2023-01-09,Kotka Haapasaari,-5.4,,
2023-01-09,Pori lentoasema,-3.9,,
2023-01-09,Uusikaupunki Itätulli,,1.6,15.0
2023-01-09,Kustavi Isokari,-0.6,0.5,
2023-01-09,Rauma Kylmäpihlaja,-2.6,,
2023-01-09,Pori rautatieasema,-3.8,0.6,24.0
2023-01-09,Turku lentoasema,-3.3,,
2023-01-09,Kokemäki Rausenkulma,,2.8,18.0
2023-01-09,Huittinen Sallila,,4.2,21.0
2023-01-09,Oripää Teinikivi,,2.8,18.0
2023-01-09,Pöytyä Yläne,,3.1,25.0
2023-01-09,Kokemäki Tulkkila,-4.2,2.0,14.0
2023-01-09,Jokioinen Ilmala,-5.0,4.1,17.0
2023-01-09,Nokia Tottijärvi,,6.2,23.0
2023-01-09,Pirkkala Tampere-Pirkkala lentoasema,-5.7,,
2023-01-09,Tampere Härmälä,-5.7,4.5,27.0
2023-01-09,Somero Salkola,-5.4,6.4,26.0
2023-01-09,Hyvinkää Hyvinkäänkylä,-5.3,4.9,25.0
2023-01-09,Vihti Hiiskula,,6.4,29.0
2023-01-09,Hämeenlinna Pirttikoski,,5.8,29.0
2023-01-09,Nurmijärvi Röykkä,-5.4,6.0,21.0
2023-01-09,Hämeenlinna Katinen,-5.4,3.4,
2023-01-09,Hattula Lepaa,-5.6,4.0,22.0
2023-01-09,Hämeenlinna Lammi Pappila,-6.0,3.5,25.0
2023-01-09,Asikkala Pulkkilanharju,-6.8,,
2023-01-09,Kouvola Utti lentoasema,-8.2,3.0,5.0
2023-01-09,Kouvola Anjala,-6.6,5.9,20.0
2023-01-09,Heinola Asemantaus,-7.7,0.8,15.0
2023-01-09,Kouvola Voikoski,,1.4,16.0
2023-01-09,Virolahti Koivuniemi,-7.2,9.4,15.0
2023-01-09,Lappeenranta lentoasema,-9.6,,
2023-01-09,Lappeenranta Konnunsuo,-9.1,,
2023-01-09,Lappeenranta Lepola,-9.4,2.6,14.0
2023-01-09,Ruokolahti Kotaniemi,,4.0,21.0
2023-01-09,Lappeenranta Hiekkapakka,-8.8,,
2023-01-09,Parikkala Koitsanlahti,-7.9,1.9,18.0
2023-01-09,Kaskinen Sälgrund,-3.6,0.8,
2023-01-09,Merikarvia Tuorila,,2.7,36.0
2023-01-09,Isojoki Kärjenkoski,,3.3,19.0
2023-01-09,Teuva Kauppilankylä,,3.7,17.0
2023-01-09,Pori Tahkoluoto satama,-3.2,,
2023-01-09,Kristiinankaupunki Majakka,-3.7,,
2023-01-09,Karvia Alkkia,-6.5,2.5,28.0
2023-01-09,Kurikka Hirvijärvi,,2.8,11.0
2023-01-09,Kauhajoki Kuja-Kokko,-5.5,1.3,22.0
2023-01-09,Kankaanpää Niinisalo lentokenttä,-5.6,3.3,35.0
2023-01-09,Alavus Sulkavankylä,,2.3,24.0
2023-01-09,Virrat Äijänneva,-7.5,,
2023-01-09,Tampere Siilinkari,-5.9,,
2023-01-09,Jämsä Halli lentoasema,-8.1,3.1,17.0
2023-01-09,Juupajoki Hyytiälä,-7.6,5.2,39.0
2023-01-09,Sysmä Joutsjärvi,,0.3,24.0
2023-01-09,Jyväskylä Muuratjärvi,,4.5,23.0
2023-01-09,Luhanka Judinsalo,-7.9,,
2023-01-09,Multia Pirttiperä,,6.4,28.0
2023-01-09,Joutsa Savenaho,-8.9,5.6,23.0
2023-01-09,Kangasniemi kirkonkylä,,6.5,29.0
2023-01-09,Joutsa Pärnämäki,,4.4,26.0
2023-01-09,Juva Partala,-7.9,,
2023-01-09,Varkaus Kosulanniemi,-6.7,3.9,24.0
2023-01-09,Savonlinna Laukansaari,,7.3,23.0
2023-01-09,Sulkava Halttula,,6.2,33.0
2023-01-09,Savonlinna lentoasema,-7.0,,
2023-01-09,Rantasalmi Rukkasluoto,-6.6,,
2023-01-09,Savonlinna Punkaharju Laukansaari,-7.0,3.5,20.0
2023-01-09,Enonkoski Simanala,,5.4,27.0
2023-01-09,Savonlinna Savonranta,,-1.0,23.0
2023-01-09,Rääkkylä kirkonkylä,,2.5,26.0
2023-01-09,Tohmajärvi Kemie,-12.5,-1.0,28.0
2023-01-09,Joensuu Huhtilampi,,-1.0,35.0
2023-01-09,Vaasa lentoasema,-5.4,,
2023-01-09,Mustasaari Valassaaret,-5.1,,
2023-01-09,Närpiö Ylimarkku,,2.7,12.0
2023-01-09,Mustasaari Riimala,,3.9,15.0
2023-01-09,Kurikka Pyörni,,1.5,20.0
2023-01-09,Maalahti Strömmingsbådan,-3.1,,
2023-01-09,Vaasa Klemettilä,-5.4,2.8,22.0
2023-01-09,Seinäjoki Pelmaa,-6.0,2.5,16.0
2023-01-09,Kauhava lentokenttä,-6.4,1.0,23.0
2023-01-09,Ähtäri Inha,-8.2,4.0,32.0
2023-01-09,Halsua Purola,-7.3,0.9,28.0
2023-01-09,Alajärvi Möksy,-7.9,1.1,33.0
2023-01-09,Multia Karhila,-8.9,4.3,34.0
2023-01-09,Viitasaari Haapaniemi,-7.0,2.8,22.0
2023-01-09,Äänekoski Kalaniemi,,3.7,25.0
2023-01-09,Vesanto kirkonkylä,-6.8,2.4,33.0
2023-01-09,Pielavesi Venetmäki,,2.2,39.0
2023-01-09,Siilinjärvi Kuopio lentoasema,-8.4,,
2023-01-09,Kuopio Maaninka,-7.9,1.5,26.0
2023-01-09,Lapinlahti Lamminkäyrä,,1.2,29.0
2023-01-09,Suonenjoki Iisvesi,,2.4,25.0
2023-01-09,Kuopio Karttula,,0.5,30.0
2023-01-09,Kuopio Ritoniemi,-7.8,,
2023-01-09,Kuopio Savilahti,-7.7,2.1,24.0
2023-01-09,Heinävesi Palokki,,3.2,24.0
2023-01-09,Outokumpu Viuruniemi,,3.4,29.0
2023-01-09,Rautavaara Ala-Luosta,,1.4,27.0
2023-01-09,Rautavaara Ylä-Luosta,-10.8,2.5,36.0
2023-01-09,Liperi Joensuu lentoasema,-11.1,,
2023-01-09,Juuka Niemelä,-11.3,1.7,32.0
2023-01-09,Joensuu Pyhäselkä,,1.1,24.0
2023-01-09,Lieksa Koli,,3.6,26.0
2023-01-09,Liperi Tuiskavanluoto,-10.6,,
2023-01-09,Joensuu Linnunlahti,-10.8,0.9,23.0
2023-01-09,Lieksa Lampela,-12.9,1.2,20.0
2023-01-09,Ilomantsi Pötsönvaara,-15.6,-1.0,36.0
2023-01-09,Ilomantsi Mekrijärvi,-15.1,-1.0,30.0
2023-01-09,Pietarsaari Kallan,-5.4,,
2023-01-09,Kokkola Tankar,-5.8,,
2023-01-09,Kruunupyy Kokkola-Pietarsaari lentoasema,-6.1,,
2023-01-09,Kaustinen Tastula,,0.5,20.0
2023-01-09,Kalajoki Ulkokalla,-4.4,,
2023-01-09,Kokkola Santahaka,-6.0,1.1,29.0
2023-01-09,Toholampi Oravala,,6.0,25.0
2023-01-09,Kalajoki Pitkäsenkylä,,1.0,27.0
2023-01-09,Kalajoki Mehtäkylä,,1.1,20.0
2023-01-09,Toholampi Laitala,-6.5,0.2,15.0
2023-01-09,Ylivieska lentokenttä,-6.3,0.4,36.0
2023-01-09,Ylivieska Vähäkangas,,0.7,28.0
2023-01-09,Haapavesi Mustikkamäki,-7.2,0.1,24.0
2023-01-09,Pyhäjärvi Ojakylä,-7.4,0.9,27.0
2023-01-09,Pyhäjärvi Hiidenniemi,,1.9,31.0
2023-01-09,Kiuruvesi Korpijoki,,1.1,27.0
2023-01-09,Siikalatva Kestilä,,0.9,32.0
2023-01-09,Kajaani lentoasema,-10.7,,
2023-01-09,Vieremä Kaarakkala,-9.7,2.3,38.0
2023-01-09,Kajaani Paltaniemi,,1.8,24.0
2023-01-09,Nurmes Valtimo,-12.2,2.4,23.0
2023-01-09,Ristijärvi Mustavaara,,3.1,46.0
2023-01-09,Sotkamo Kuolaniemi,-11.6,0.4,27.0
2023-01-09,Nurmes Mujejärvi,,2.2,28.0
2023-01-09,Kuhmo Apaja,,0.8,28.0
2023-01-09,Kuhmo Kalliojoki,-13.3,3.7,30.0
2023-01-09,Raahe Nahkiainen,-4.9,,
2023-01-09,Hailuoto Keskikylä,-6.5,2.3,31.0
2023-01-09,Kemi I majakka,-4.9,,
2023-01-09,Hailuoto Marjaniemi,-6.3,,
2023-01-09,Raahe Lapaluoto satama,-5.5,,
2023-01-09,Oulu lentoasema,-7.1,,
2023-01-09,Siikajoki Ruukki,-6.7,0.9,21.0
2023-01-09,Oulu Vihreäsaari satama,-7.0,,
2023-01-09,Oulu Oulunsalo Pellonpää,-7.2,1.9,38.0
2023-01-09,Vaala Pelso,-8.4,0.6,18.0
2023-01-09,Pudasjärvi lentokenttä,-9.0,1.7,48.0
2023-01-09,Utajärvi Särkijärvi,,1.2,34.0
2023-01-09,Pudasjärvi Jaurakkajärvi,,2.0,38.0
2023-01-09,Suomussalmi Näljänkä,,2.8,45.0
2023-01-09,Suomussalmi Pesiö,-12.1,2.5,49.0
2023-01-09,Puolanka Kotila,,3.7,44.0
2023-01-09,Puolanka Paljakka,-12.7,4.0,45.0
2023-01-09,Kemi Kemi-Tornio lentoasema,-7.4,,
2023-01-09,Kemi Ajos,-7.3,,
2023-01-09,Tornio Kaakkuri,-7.2,4.7,
2023-01-09,Ranua lentokenttä,-9.7,2.6,44.0
2023-01-09,Pudasjärvi Sarakylä,,1.4,33.0
2023-01-09,Posio Raistakka,,1.6,39.0
2023-01-09,Taivalkoski Inkee,,2.4,38.0
2023-01-09,Taivalkoski kirkonkylä,-10.8,2.4,39.0
2023-01-09,Kuusamo lentoasema,-13.2,0.5,32.0
2023-01-09,Kuusamo Kiutaköngäs,-12.5,0.4,41.0
2023-01-09,Kuusamo Rukatunturi,-14.8,,
2023-01-09,Kuusamo Teeriranta,,1.5,44.0
2023-01-09,Kuusamo Juuma,-13.9,,
2023-01-09,Ylitornio Meltosjärvi,-8.5,2.1,45.0
2023-01-09,Kolari Kattilamaa,,2.6,46.0
2023-01-09,Pello kirkonkylä,-8.1,2.1,41.0
2023-01-09,Rovaniemi rautatieasema,-8.4,,
2023-01-09,Sodankylä Tähtelä,-10.0,1.8,51.0
2023-01-09,Rovaniemi Apukka,-8.7,2.1,48.0
2023-01-09,Pelkosenniemi kirkonkylä,,0.3,44.0
2023-01-09,Kemijärvi lentokenttä,-10.1,1.5,40.0
2023-01-09,Savukoski kirkonkylä,-10.9,3.3,42.0
2023-01-09,Salla Kelloselkä,,0.2,34.0
2023-01-09,Pelkosenniemi Pyhätunturi,-12.7,,
2023-01-09,Salla kirkonkylä,-12.1,1.6,34.0
2023-01-09,Salla Naruska,-12.1,4.8,39.0
2023-01-09,Enontekiö Kaaresuvanto,,-1.0,60.0
2023-01-09,Enontekiö lentoasema,-9.8,,
2023-01-09,Kittilä Pulju,,0.7,50.0
2023-01-09,Muonio Laukukero,-13.4,,
2023-01-09,Muonio Sammaltunturi,-12.0,,
2023-01-09,Kittilä Matorova,-10.6,,
2023-01-09,Kittilä lentoasema,-9.4,,
2023-01-09,Kittilä Kenttärova,-10.7,0.6,60.0
2023-01-09,Kittilä Pakatti,-9.4,3.0,58.0
2023-01-09,Kittilä Pokka,-10.7,0.5,63.0
2023-01-09,Sodankylä Lokka,-10.7,2.8,40.0
2023-01-09,Sodankylä Vuotso,-10.5,1.6,49.0
2023-01-09,Inari Saariselkä matkailukeskus,-10.7,0.4,39.0
2023-01-09,Inari Saariselkä Kaunispää,-11.8,,
2023-01-09,Inari Raja-Jooseppi Kontiojärvi,,0.9,34.0
2023-01-09,Inari Raja-Jooseppi,-10.0,,
2023-01-09,Salla Värriötunturi,-13.0,0.8,37.0
2023-01-09,Enontekiö Kilpisjärvi kyläkeskus,-9.3,-1.0,52.0
2023-01-09,Enontekiö Kilpisjärvi Saana,-13.5,,
2023-01-09,Enontekiö Näkkälä,-10.3,0.2,51.0
2023-01-09,Inari Angeli Lintupuoliselkä,-10.2,-1.0,40.0
2023-01-09,Inari Ivalo lentoasema,-9.1,,
2023-01-09,Utsjoki Kevo,-9.2,-1.0,44.0
2023-01-09,Utsjoki Nuorgam,-8.3,-1.0,39.0
2023-01-09,Inari Väylä,-9.2,,
2023-01-09,Inari kirkonkylä,,-1.0,47.0
2023-01-09,Inari Kaamanen,-9.3,0.1,53.0
2023-01-09,Inari Nellim,-8.9,0.1,30.0
2023-01-09,Inari Kirakkajärvi,-9.5,0.2,44.0
2023-01-09,Mäntsälä Hirvihaara,-5.4,3.2,17.0
2023-01-09,Lahti Sopenkorpi,-6.3,2.2,20.0
2023-01-09,Siuntio Sjundby,,10.0,30.0
2023-01-09,Sipoo Itätoukki,-3.7,,
2023-01-09,Rauma Pyynpää,-3.3,1.5,15.0
2023-01-09,Muonio Oustajärvi,-9.3,0.4,58.0
2023-01-09,Pyhtää lentokenttä,-5.3,6.2,19.0
2023-01-09,Sotkamo Tuhkakylä,-11.1,1.2,40.0
2023-01-09,Tervola Loue,-7.8,,
2023-01-09,Savukoski Tulppio,-11.6,0.8,33.0
2023-01-09,Mikkeli Pitkäaho,,5.2,25.0
2023-01-09,Kajaani Petäisenniska,-10.8,1.7,29.0
2023-01-09,Utsjoki Kevo Kevojärvi,-8.8,,
2023-01-09,Inari Seitalaassa,-8.8,,
2023-01-09,Ilmajoki Seinäjoki lentoasema,-6.7,,
2023-01-09,Rovaniemi lentoasema AWOS,-9.7,1.9,40.0
2023-01-09,Jyväskylä lentoasema AWOS,-8.2,4.4,25.0
2023-01-09,Puumala kirkonkylä,-8.6,4.1,19.0
2023-01-09,Helsinki Vuosaari satama,-3.9,,
2023-01-09,Maarianhamina Länsisatama,1.9,,
2023-01-09,Lumparland Långnäs satama,1.3,7.4,
2023-01-09,Kittilä Lompolonvuoma,-9.9,0.2,
2023-01-09,Kuusamo Ruka Talvijärvi,-12.9,,
2023-01-09,Espoo Nuuksio,-5.0,11.3,30.0
2023-01-09,Mikkeli Lentoasema AWOS,-8.4,4.8,29.0
2023-01-09,Espoo Tapiola,-4.2,13.4,21.0
2023-01-10,Porvoo Kilpilahti satama,-1.7,,
2023-01-10,Jomala Maarianhamina lentoasema,2.0,,
2023-01-10,Parainen Utö,1.6,0.7,1.0
2023-01-10,Lemland Nyhamn,2.5,,
2023-01-10,Jomala Jomalaby,1.7,1.9,3.0
2023-01-10,Hammarland Märket,2.2,,
2023-01-10,Kökar Bogskär,2.8,,
2023-01-10,Parainen Fagerholm,0.6,2.0,
2023-01-10,Kumlinge kirkonkylä,1.1,,
2023-01-10,Hanko Russarö,-0.1,0.9,
2023-01-10,Kaarina Yltöinen,-1.9,1.0,16.0
2023-01-10,Kemiönsaari Vänö,0.6,,
2023-01-10,Hanko Tulliniemi,-0.1,,
2023-01-10,Turku Rajakari,-0.5,,
2023-01-10,Turku Artukainen,-1.2,1.5,11.0
2023-01-10,Kemiönsaari Kemiö,-1.3,1.1,20.0
2023-01-10,Hanko Tvärminne,-0.6,1.3,12.0
2023-01-10,Salo Kärkkä,-1.8,1.6,
2023-01-10,Lohja Leppäkorpi,,3.2,20.0
2023-01-10,Raasepori Jussarö,-0.7,,
2023-01-10,Salo Kiikala lentokenttä,-3.0,1.7,15.0
2023-01-10,Vantaa Helsinki-Vantaan lentoasema,-2.4,3.2,27.0
2023-01-10,Inkoo Bågaskär,-1.1,,
2023-01-10,Helsinki Kaisaniemi,-1.6,2.2,22.0
2023-01-10,Lohja Porla,-2.2,3.3,37.0
2023-01-10,Vihti Maasoja,-2.5,,
2023-01-10,Helsinki Harmaja,-1.7,,
2023-01-10,Kirkkonummi Mäkiluoto,-1.2,,
2023-01-10,Helsinki Helsingin majakka,-1.7,,
2023-01-10,Helsinki Kumpula,-2.1,3.6,30.0
2023-01-10,Helsinki Malmi lentokenttä,-2.0,,
2023-01-10,Porvoo Kalbådagrund,-2.1,,
2023-01-10,Porvoo Emäsalo,-2.0,,
2023-01-10,Porvoo Harabacka,-2.5,3.3,21.0
2023-01-10,Kotka Rankki,-2.8,2.3,23.0
2023-01-10,Loviisa Orrengrund,-2.0,,
2023-01-10,Kotka Haapasaari,-2.7,,
2023-01-10,Pori lentoasema,-2.6,,
2023-01-10,Uusikaupunki Itätulli,,2.4,13.0
2023-01-10,Kustavi Isokari,-0.2,1.6,
2023-01-10,Rauma Kylmäpihlaja,-1.6,,
2023-01-10,Pori rautatieasema,-2.6,5.6,23.0
2023-01-10,Turku lentoasema,-1.7,,
2023-01-10,Kokemäki Rausenkulma,,6.4,18.0
2023-01-10,Huittinen Sallila,,3.8,23.0
2023-01-10,Oripää Teinikivi,,3.0,21.0
2023-01-10,Pöytyä Yläne,,2.9,28.0
2023-01-10,Kokemäki Tulkkila,-2.7,4.7,14.0
2023-01-10,Jokioinen Ilmala,-3.0,3.0,23.0
2023-01-10,Nokia Tottijärvi,,6.8,27.0
2023-01-10,Pirkkala Tampere-Pirkkala lentoasema,-3.9,,
2023-01-10,Tampere Härmälä,-3.7,4.9,30.0
2023-01-10,Somero Salkola,-3.6,3.0,31.0
2023-01-10,Hyvinkää Hyvinkäänkylä,-3.1,3.7,28.0
2023-01-10,Vihti Hiiskula,,4.1,33.0
2023-01-10,Hämeenlinna Pirttikoski,,1.8,33.0
2023-01-10,Nurmijärvi Röykkä,-3.3,4.1,26.0
2023-01-10,Hämeenlinna Katinen,-3.5,4.2,
2023-01-10,Hattula Lepaa,-3.6,3.2,25.0
2023-01-10,Hämeenlinna Lammi Pappila,-3.9,5.1,27.0
2023-01-10,Asikkala Pulkkilanharju,-4.3,,
2023-01-10,Kouvola Utti lentoasema,-4.9,3.7,7.0
2023-01-10,Kouvola Anjala,-3.8,4.1,24.0
2023-01-10,Heinola Asemantaus,-4.7,5.1,16.0
2023-01-10,Kouvola Voikoski,,2.8,18.0
2023-01-10,Virolahti Koivuniemi,-3.8,6.2,21.0
2023-01-10,Lappeenranta lentoasema,-7.1,,
2023-01-10,Lappeenranta Konnunsuo,-7.1,,
2023-01-10,Lappeenranta Lepola,-7.1,2.0,16.0
2023-01-10,Ruokolahti Kotaniemi,,4.9,26.0
2023-01-10,Lappeenranta Hiekkapakka,-7.4,,
2023-01-10,Parikkala Koitsanlahti,-8.7,4.3,19.0
2023-01-10,Kaskinen Sälgrund,-2.8,2.1,
2023-01-10,Merikarvia Tuorila,,5.5,38.0
2023-01-10,Isojoki Kärjenkoski,,5.1,20.0
2023-01-10,Teuva Kauppilankylä,,6.3,18.0
2023-01-10,Pori Tahkoluoto satama,-1.9,,
2023-01-10,Kristiinankaupunki Majakka,-2.7,,
2023-01-10,Karvia Alkkia,-4.9,6.4,29.0
2023-01-10,Kurikka Hirvijärvi,,5.5,11.0
2023-01-10,Kauhajoki Kuja-Kokko,-4.2,4.5,22.0
2023-01-10,Kankaanpää Niinisalo lentokenttä,-4.3,7.3,36.0
2023-01-10,Alavus Sulkavankylä,,4.7,26.0
2023-01-10,Virrat Äijänneva,-5.8,,
2023-01-10,Tampere Siilinkari,-3.8,,
2023-01-10,Jämsä Halli lentoasema,-5.8,5.0,19.0
2023-01-10,Juupajoki Hyytiälä,-5.5,7.8,45.0
2023-01-10,Sysmä Joutsjärvi,,4.8,24.0
2023-01-10,Jyväskylä Muuratjärvi,,5.9,28.0
2023-01-10,Luhanka Judinsalo,-5.5,,
2023-01-10,Multia Pirttiperä,,8.8,30.0
2023-01-10,Joutsa Savenaho,-7.8,6.3,26.0
2023-01-10,Kangasniemi kirkonkylä,,6.4,34.0
2023-01-10,Joutsa Pärnämäki,,6.0,31.0
2023-01-10,Juva Partala,-8.6,,
2023-01-10,Varkaus Kosulanniemi,-8.6,5.0,27.0
2023-01-10,Savonlinna Laukansaari,,4.7,29.0
2023-01-10,Sulkava Halttula,,7.8,38.0
2023-01-10,Savonlinna lentoasema,-8.3,,
2023-01-10,Rantasalmi Rukkasluoto,-8.2,,
2023-01-10,Savonlinna Punkaharju Laukansaari,-7.8,4.3,24.0
2023-01-10,Enonkoski Simanala,,4.4,32.0
2023-01-10,Savonlinna Savonranta,,6.1,23.0
2023-01-10,Rääkkylä kirkonkylä,,4.7,29.0
2023-01-10,Tohmajärvi Kemie,-9.5,3.1,29.0
2023-01-10,Joensuu Huhtilampi,,3.0,35.0
2023-01-10,Vaasa lentoasema,-4.7,,
2023-01-10,Mustasaari Valassaaret,-4.4,,
2023-01-10,Närpiö Ylimarkku,,5.3,13.0
2023-01-10,Mustasaari Riimala,,5.7,17.0
2023-01-10,Kurikka Pyörni,,6.0,21.0
2023-01-10,Maalahti Strömmingsbådan,-3.1,,
2023-01-10,Vaasa Klemettilä,-4.5,5.3,24.0
2023-01-10,Seinäjoki Pelmaa,-5.1,5.1,17.0
2023-01-10,Kauhava lentokenttä,-5.8,4.5,25.0
2023-01-10,Ähtäri Inha,-6.8,5.2,33.0
2023-01-10,Halsua Purola,-8.0,4.7,28.0
2023-01-10,Alajärvi Möksy,-7.8,4.2,33.0
2023-01-10,Multia Karhila,-8.0,5.8,36.0
2023-01-10,Viitasaari Haapaniemi,-8.5,4.2,25.0
2023-01-10,Äänekoski Kalaniemi,,5.2,30.0
2023-01-10,Vesanto kirkonkylä,-8.7,4.4,35.0
2023-01-10,Pielavesi Venetmäki,,4.9,39.0
2023-01-10,Siilinjärvi Kuopio lentoasema,-8.0,,
2023-01-10,Kuopio Maaninka,-8.1,3.5,28.0
2023-01-10,Lapinlahti Lamminkäyrä,,4.1,30.0
2023-01-10,Suonenjoki Iisvesi,,3.6,26.0
2023-01-10,Kuopio Karttula,,5.0,32.0
2023-01-10,Kuopio Ritoniemi,-8.0,,
2023-01-10,Kuopio Savilahti,-8.0,3.5,26.0
2023-01-10,Heinävesi Palokki,,5.2,28.0
2023-01-10,Outokumpu Viuruniemi,,5.2,32.0
2023-01-10,Rautavaara Ala-Luosta,,3.5,28.0
2023-01-10,Rautavaara Ylä-Luosta,-8.9,3.7,40.0
2023-01-10,Liperi Joensuu lentoasema,-8.8,,
2023-01-10,Juuka Niemelä,-9.0,2.8,34.0
2023-01-10,Joensuu Pyhäselkä,,4.0,25.0
2023-01-10,Lieksa Koli,,4.1,28.0
2023-01-10,Liperi Tuiskavanluoto,-8.1,,
2023-01-10,Joensuu Linnunlahti,-8.5,3.6,22.0
2023-01-10,Lieksa Lampela,-10.4,2.0,22.0
2023-01-10,Ilomantsi Pötsönvaara,-12.4,4.1,35.0
2023-01-10,Ilomantsi Mekrijärvi,-11.5,3.1,30.0
2023-01-10,Pietarsaari Kallan,-5.4,,
2023-01-10,Kokkola Tankar,-6.1,,
2023-01-10,Kruunupyy Kokkola-Pietarsaari lentoasema,-6.4,,
2023-01-10,Kaustinen Tastula,,2.9,20.0
2023-01-10,Kalajoki Ulkokalla,-5.4,,
2023-01-10,Kokkola Santahaka,-6.4,2.5,28.0
2023-01-10,Toholampi Oravala,,0.5,29.0
2023-01-10,Kalajoki Pitkäsenkylä,,0.9,23.0
2023-01-10,Kalajoki Mehtäkylä,,0.4,21.0
2023-01-10,Toholampi Laitala,-7.6,0.4,15.0
2023-01-10,Ylivieska lentokenttä,-7.8,2.1,35.0
2023-01-10,Ylivieska Vähäkangas,,2.2,28.0
2023-01-10,Haapavesi Mustikkamäki,-8.4,3.0,24.0
2023-01-10,Pyhäjärvi Ojakylä,-8.6,5.3,27.0
2023-01-10,Pyhäjärvi Hiidenniemi,,5.6,31.0
2023-01-10,Kiuruvesi Korpijoki,,3.6,29.0
2023-01-10,Siikalatva Kestilä,,4.8,32.0
2023-01-10,Kajaani lentoasema,-8.8,,
2023-01-10,Vieremä Kaarakkala,-8.8,5.5,40.0
2023-01-10,Kajaani Paltaniemi,,5.5,26.0
2023-01-10,Nurmes Valtimo,-9.5,3.4,24.0
2023-01-10,Ristijärvi Mustavaara,,5.6,47.0
2023-01-10,Sotkamo Kuolaniemi,-9.4,2.8,27.0
2023-01-10,Nurmes Mujejärvi,,2.8,29.0
2023-01-10,Kuhmo Apaja,,2.2,28.0
2023-01-10,Kuhmo Kalliojoki,-11.3,2.6,34.0
2023-01-10,Raahe Nahkiainen,-6.0,,
2023-01-10,Hailuoto Keskikylä,-7.1,1.4,34.0
2023-01-10,Kemi I majakka,-5.1,,
2023-01-10,Hailuoto Marjaniemi,-6.9,,
2023-01-10,Raahe Lapaluoto satama,-6.4,,
2023-01-10,Oulu lentoasema,-7.2,,
2023-01-10,Siikajoki Ruukki,-7.4,1.6,21.0
2023-01-10,Oulu Vihreäsaari satama,-6.9,,
2023-01-10,Oulu Oulunsalo Pellonpää,-7.2,3.0,39.0
2023-01-10,Vaala Pelso,-8.2,3.2,18.0
2023-01-10,Pudasjärvi lentokenttä,-8.3,1.8,50.0
2023-01-10,Utajärvi Särkijärvi,,3.7,36.0
2023-01-10,Pudasjärvi Jaurakkajärvi,,4.0,40.0
2023-01-10,Suomussalmi Näljänkä,,4.1,43.0
2023-01-10,Suomussalmi Pesiö,-10.6,5.5,52.0
2023-01-10,Puolanka Kotila,,5.1,47.0
2023-01-10,Puolanka Paljakka,-11.2,5.6,49.0
2023-01-10,Kemi Kemi-Tornio lentoasema,-7.0,,
2023-01-10,Kemi Ajos,-6.9,,
2023-01-10,Tornio Kaakkuri,-6.8,2.3,
2023-01-10,Ranua lentokenttä,-8.7,1.9,46.0
2023-01-10,Pudasjärvi Sarakylä,,2.5,33.0
2023-01-10,Posio Raistakka,,2.3,40.0
2023-01-10,Taivalkoski Inkee,,1.9,40.0
2023-01-10,Taivalkoski kirkonkylä,-10.0,1.7,42.0
2023-01-10,Kuusamo lentoasema,-11.5,2.7,33.0
2023-01-10,Kuusamo Kiutaköngäs,-11.1,2.7,41.0
2023-01-10,Kuusamo Rukatunturi,-13.0,,
2023-01-10,Kuusamo Teeriranta,,2.7,45.0
2023-01-10,Kuusamo Juuma,-12.2,,
2023-01-10,Ylitornio Meltosjärvi,-7.7,1.6,46.0
2023-01-10,Kolari Kattilamaa,,1.9,48.0
2023-01-10,Pello kirkonkylä,-7.5,3.2,42.0
2023-01-10,Rovaniemi rautatieasema,-7.8,,
2023-01-10,Sodankylä Tähtelä,-8.7,1.2,53.0
2023-01-10,Rovaniemi Apukka,-8.2,0.8,46.0
2023-01-10,Pelkosenniemi kirkonkylä,,2.2,45.0
2023-01-10,Kemijärvi lentokenttä,-9.3,1.1,41.0
2023-01-10,Savukoski kirkonkylä,-9.9,1.9,43.0
2023-01-10,Salla Kelloselkä,,1.4,34.0
2023-01-10,Pelkosenniemi Pyhätunturi,-11.4,,
2023-01-10,Salla kirkonkylä,-11.0,1.9,32.0
2023-01-10,Salla Naruska,-10.9,0.9,41.0
2023-01-10,Enontekiö Kaaresuvanto,,-1.0,60.0
2023-01-10,Enontekiö lentoasema,-7.5,,
2023-01-10,Kittilä Pulju,,0.9,47.0
2023-01-10,Muonio Laukukero,-11.0,,
2023-01-10,Muonio Sammaltunturi,-9.6,,
2023-01-10,Kittilä Matorova,-8.0,,
2023-01-10,Kittilä lentoasema,-8.1,,
2023-01-10,Kittilä Kenttärova,-8.0,0.5,60.0
2023-01-10,Kittilä Pakatti,-8.0,1.3,59.0
2023-01-10,Kittilä Pokka,-8.4,0.5,64.0
2023-01-10,Sodankylä Lokka,-9.6,0.7,43.0
2023-01-10,Sodankylä Vuotso,-9.1,0.6,51.0
2023-01-10,Inari Saariselkä matkailukeskus,-9.3,0.1,39.0
2023-01-10,Inari Saariselkä Kaunispää,-10.2,,
2023-01-10,Inari Raja-Jooseppi Kontiojärvi,,-1.0,33.0
2023-01-10,Inari Raja-Jooseppi,-8.6,,
2023-01-10,Salla Värriötunturi,-11.7,2.9,36.0
2023-01-10,Enontekiö Kilpisjärvi kyläkeskus,-6.4,-1.0,51.0
2023-01-10,Enontekiö Kilpisjärvi Saana,-10.1,,
2023-01-10,Enontekiö Näkkälä,-7.7,-1.0,49.0
2023-01-10,Inari Angeli Lintupuoliselkä,-7.7,0.1,39.0
2023-01-10,Inari Ivalo lentoasema,-7.6,,
2023-01-10,Utsjoki Kevo,-5.7,0.1,43.0
2023-01-10,Utsjoki Nuorgam,-5.2,-1.0,39.0
2023-01-10,Inari Väylä,-6.8,,
2023-01-10,Inari kirkonkylä,,-1.0,47.0
2023-01-10,Inari Kaamanen,-6.6,-1.0,50.0
2023-01-10,Inari Nellim,-7.4,-1.0,30.0
2023-01-10,Inari Kirakkajärvi,-7.0,-1.0,42.0
2023-01-10,Mäntsälä Hirvihaara,-3.4,2.8,18.0
2023-01-10,Lahti Sopenkorpi,-4.2,4.3,21.0
2023-01-10,Siuntio Sjundby,,3.3,37.0
2023-01-10,Sipoo Itätoukki,-1.6,,
2023-01-10,Rauma Pyynpää,-2.0,4.3,16.0
2023-01-10,Muonio Oustajärvi,-7.4,0.3,56.0
2023-01-10,Pyhtää lentokenttä,-2.9,3.9,19.0
2023-01-10,Sotkamo Tuhkakylä,-8.7,2.9,41.0
2023-01-10,Tervola Loue,-7.4,,
2023-01-10,Savukoski Tulppio,-10.6,1.3,33.0
2023-01-10,Mikkeli Pitkäaho,,6.8,29.0
2023-01-10,Kajaani Petäisenniska,-9.0,5.8,30.0
2023-01-10,Utsjoki Kevo Kevojärvi,-5.4,,
2023-01-10,Inari Seitalaassa,-7.0,,
2023-01-10,Ilmajoki Seinäjoki lentoasema,-5.4,,
2023-01-10,Rovaniemi lentoasema AWOS,-8.9,1.4,40.0
2023-01-10,Jyväskylä lentoasema AWOS,-8.0,5.2,29.0
2023-01-10,Puumala kirkonkylä,-7.9,3.2,26.0
2023-01-10,Helsinki Vuosaari satama,-1.8,,
2023-01-10,Maarianhamina Länsisatama,2.0,,
2023-01-10,Lumparland Långnäs satama,1.9,1.3,-1.0
2023-01-10,Kittilä Lompolonvuoma,-7.5,0.2,
2023-01-10,Kuusamo Ruka Talvijärvi,-11.4,,
2023-01-10,Espoo Nuuksio,-3.0,3.4,38.0
2023-01-10,Mikkeli Lentoasema AWOS,-7.7,5.3,33.0
2023-01-10,Espoo Tapiola,-1.8,2.6,32.0
2023-01-11,Porvoo Kilpilahti satama,1.7,,
2023-01-11,Jomala Maarianhamina lentoasema,4.1,,
2023-01-11,Parainen Utö,4.1,2.8,-1.0
2023-01-11,Lemland Nyhamn,4.1,,
2023-01-11,Jomala Jomalaby,4.1,2.7,-1.0
2023-01-11,Hammarland Märket,3.9,,
2023-01-11,Kökar Bogskär,4.6,,
2023-01-11,Parainen Fagerholm,3.4,2.4,
2023-01-11,Kumlinge kirkonkylä,4.0,,
2023-01-11,Hanko Russarö,2.4,1.9,
2023-01-11,Kaarina Yltöinen,2.2,9.5,15.0
2023-01-11,Kemiönsaari Vänö,3.6,,
2023-01-11,Hanko Tulliniemi,2.3,,
2023-01-11,Turku Rajakari,3.1,,
2023-01-11,Turku Artukainen,3.4,6.2,9.0
2023-01-11,Kemiönsaari Kemiö,2.3,6.0,15.0
2023-01-11,Hanko Tvärminne,2.1,1.4,8.0
2023-01-11,Salo Kärkkä,2.6,3.8,
2023-01-11,Lohja Leppäkorpi,,4.6,17.0
2023-01-11,Raasepori Jussarö,2.2,,
2023-01-11,Salo Kiikala lentokenttä,1.7,3.0,11.0
2023-01-11,Vantaa Helsinki-Vantaan lentoasema,1.6,7.9,23.0
2023-01-11,Inkoo Bågaskär,2.1,,
2023-01-11,Helsinki Kaisaniemi,1.9,6.8,15.0
2023-01-11,Lohja Porla,1.8,6.7,38.0
2023-01-11,Vihti Maasoja,2.0,,
2023-01-11,Helsinki Harmaja,1.5,,
2023-01-11,Kirkkonummi Mäkiluoto,2.2,,
2023-01-11,Helsinki Helsingin majakka,2.1,,
2023-01-11,Helsinki Kumpula,1.6,9.6,26.0
2023-01-11,Helsinki Malmi lentokenttä,1.8,,
2023-01-11,Porvoo Kalbådagrund,1.9,,
2023-01-11,Porvoo Emäsalo,1.1,,
2023-01-11,Porvoo Harabacka,1.7,6.4,16.0
2023-01-11,Kotka Rankki,0.6,8.0,21.0
2023-01-11,Loviisa Orrengrund,0.9,,
2023-01-11,Kotka Haapasaari,0.7,,
2023-01-11,Pori lentoasema,2.7,,
2023-01-11,Uusikaupunki Itätulli,,3.9,5.0
2023-01-11,Kustavi Isokari,3.0,2.0,
2023-01-11,Rauma Kylmäpihlaja,2.8,,
2023-01-11,Pori rautatieasema,2.6,4.1,27.0
2023-01-11,Turku lentoasema,3.0,,
2023-01-11,Kokemäki Rausenkulma,,4.9,21.0
2023-01-11,Huittinen Sallila,,5.9,21.0
2023-01-11,Oripää Teinikivi,,6.4,18.0
2023-01-11,Pöytyä Yläne,,5.5,18.0
2023-01-11,Kokemäki Tulkkila,2.4,4.5,17.0
2023-01-11,Jokioinen Ilmala,1.9,4.2,21.0
2023-01-11,Nokia Tottijärvi,,2.4,25.0
2023-01-11,Pirkkala Tampere-Pirkkala lentoasema,1.7,,
2023-01-11,Tampere Härmälä,1.7,2.3,34.0
2023-01-11,Somero Salkola,0.8,2.6,31.0
2023-01-11,Hyvinkää Hyvinkäänkylä,1.4,5.1,27.0
2023-01-11,Vihti Hiiskula,,4.8,31.0
2023-01-11,Hämeenlinna Pirttikoski,,2.2,35.0
2023-01-11,Nurmijärvi Röykkä,1.4,5.0,28.0
2023-01-11,Hämeenlinna Katinen,1.9,1.7,
2023-01-11,Hattula Lepaa,1.7,1.6,26.0
2023-01-11,Hämeenlinna Lammi Pappila,1.4,0.9,29.0
2023-01-11,Asikkala Pulkkilanharju,1.7,,
2023-01-11,Kouvola Utti lentoasema,0.5,7.5,7.0
2023-01-11,Kouvola Anjala,1.0,8.1,25.0
2023-01-11,Heinola Asemantaus,1.5,2.4,20.0
2023-01-11,Kouvola Voikoski,,4.6,16.0
2023-01-11,Virolahti Koivuniemi,0.4,4.8,21.0
2023-01-11,Lappeenranta lentoasema,0.1,,
2023-01-11,Lappeenranta Konnunsuo,0.2,,
2023-01-11,Lappeenranta Lepola,0.0,3.4,18.0
2023-01-11,Ruokolahti Kotaniemi,,5.3,30.0
2023-01-11,Lappeenranta Hiekkapakka,0.3,,
2023-01-11,Parikkala Koitsanlahti,-0.2,2.2,22.0
2023-01-11,Kaskinen Sälgrund,1.2,2.3,
2023-01-11,Merikarvia Tuorila,,7.0,41.0
2023-01-11,Isojoki Kärjenkoski,,7.8,21.0
2023-01-11,Teuva Kauppilankylä,,6.5,20.0
2023-01-11,Pori Tahkoluoto satama,1.9,,
2023-01-11,Kristiinankaupunki Majakka,2.1,,
2023-01-11,Karvia Alkkia,1.0,4.5,34.0
2023-01-11,Kurikka Hirvijärvi,,3.6,13.0
2023-01-11,Kauhajoki Kuja-Kokko,1.6,3.1,25.0
2023-01-11,Kankaanpää Niinisalo lentokenttä,1.2,5.4,40.0
2023-01-11,Alavus Sulkavankylä,,2.9,29.0
2023-01-11,Virrat Äijänneva,1.1,,
2023-01-11,Tampere Siilinkari,1.9,,
2023-01-11,Jämsä Halli lentoasema,1.0,3.2,24.0
2023-01-11,Juupajoki Hyytiälä,1.0,1.9,46.0
2023-01-11,Sysmä Joutsjärvi,,2.2,25.0
2023-01-11,Jyväskylä Muuratjärvi,,4.1,33.0
2023-01-11,Luhanka Judinsalo,1.2,,
2023-01-11,Multia Pirttiperä,,5.3,39.0
2023-01-11,Joutsa Savenaho,0.6,3.5,32.0
2023-01-11,Kangasniemi kirkonkylä,,6.1,39.0
2023-01-11,Joutsa Pärnämäki,,4.3,34.0
2023-01-11,Juva Partala,0.7,,
2023-01-11,Varkaus Kosulanniemi,0.6,2.9,33.0
2023-01-11,Savonlinna Laukansaari,,1.5,30.0
2023-01-11,Sulkava Halttula,,5.8,40.0
2023-01-11,Savonlinna lentoasema,0.6,,
2023-01-11,Rantasalmi Rukkasluoto,0.7,,
2023-01-11,Savonlinna Punkaharju Laukansaari,0.2,2.5,27.0
2023-01-11,Enonkoski Simanala,,3.0,30.0
2023-01-11,Savonlinna Savonranta,,5.2,26.0
2023-01-11,Rääkkylä kirkonkylä,,3.2,33.0
2023-01-11,Tohmajärvi Kemie,0.1,2.0,33.0
2023-01-11,Joensuu Huhtilampi,,2.1,38.0
2023-01-11,Vaasa lentoasema,0.8,,
2023-01-11,Mustasaari Valassaaret,0.6,,
2023-01-11,Närpiö Ylimarkku,,6.2,16.0
2023-01-11,Mustasaari Riimala,,4.2,22.0
2023-01-11,Kurikka Pyörni,,2.7,20.0
2023-01-11,Maalahti Strömmingsbådan,1.3,,
2023-01-11,Vaasa Klemettilä,0.9,3.2,28.0
2023-01-11,Seinäjoki Pelmaa,0.9,2.6,22.0
2023-01-11,Kauhava lentokenttä,0.6,0.5,30.0
2023-01-11,Ähtäri Inha,0.6,1.9,36.0
2023-01-11,Halsua Purola,-0.5,4.1,32.0
2023-01-11,Alajärvi Möksy,-0.2,2.3,36.0
2023-01-11,Multia Karhila,-0.1,2.3,40.0
2023-01-11,Viitasaari Haapaniemi,-0.6,1.3,30.0
2023-01-11,Äänekoski Kalaniemi,,2.4,38.0
2023-01-11,Vesanto kirkonkylä,-0.1,2.7,38.0
2023-01-11,Pielavesi Venetmäki,,3.7,44.0
2023-01-11,Siilinjärvi Kuopio lentoasema,-0.3,,
2023-01-11,Kuopio Maaninka,-0.2,2.3,32.0
2023-01-11,Lapinlahti Lamminkäyrä,,3.5,34.0
2023-01-11,Suonenjoki Iisvesi,,0.7,31.0
2023-01-11,Kuopio Karttula,,2.4,35.0
2023-01-11,Kuopio Ritoniemi,0.4,,
2023-01-11,Kuopio Savilahti,0.1,2.7,29.0
2023-01-11,Heinävesi Palokki,,3.4,34.0
2023-01-11,Outokumpu Viuruniemi,,2.3,37.0
2023-01-11,Rautavaara Ala-Luosta,,1.9,33.0
2023-01-11,Rautavaara Ylä-Luosta,-1.1,2.6,42.0
2023-01-11,Liperi Joensuu lentoasema,-0.3,,
2023-01-11,Juuka Niemelä,-0.6,1.9,39.0
2023-01-11,Joensuu Pyhäselkä,,1.8,30.0
2023-01-11,Lieksa Koli,,5.6,32.0
2023-01-11,Liperi Tuiskavanluoto,0.1,,
2023-01-11,Joensuu Linnunlahti,0.0,2.2,24.0
2023-01-11,Lieksa Lampela,-0.3,0.9,25.0
2023-01-11,Ilomantsi Pötsönvaara,-1.6,4.1,39.0
2023-01-11,Ilomantsi Mekrijärvi,-0.6,0.8,37.0
2023-01-11,Pietarsaari Kallan,-0.1,,
2023-01-11,Kokkola Tankar,-1.0,,
2023-01-11,Kruunupyy Kokkola-Pietarsaari lentoasema,-0.7,,
2023-01-11,Kaustinen Tastula,,2.6,22.0
2023-01-11,Kalajoki Ulkokalla,-0.8,,
2023-01-11,Kokkola Santahaka,-1.2,2.1,30.0
2023-01-11,Toholampi Oravala,,-1.0,29.0
2023-01-11,Kalajoki Pitkäsenkylä,,2.3,20.0
2023-01-11,Kalajoki Mehtäkylä,,4.1,21.0
2023-01-11,Toholampi Laitala,-1.2,2.0,15.0
2023-01-11,Ylivieska lentokenttä,-2.0,4.4,36.0
2023-01-11,Ylivieska Vähäkangas,,4.5,29.0
2023-01-11,Haapavesi Mustikkamäki,-2.6,1.6,26.0
2023-01-11,Pyhäjärvi Ojakylä,-1.6,3.5,32.0
2023-01-11,Pyhäjärvi Hiidenniemi,,3.9,35.0
2023-01-11,Kiuruvesi Korpijoki,,1.7,35.0
2023-01-11,Siikalatva Kestilä,,4.2,35.0
2023-01-11,Kajaani lentoasema,-2.5,,
2023-01-11,Vieremä Kaarakkala,-2.4,3.2,46.0
2023-01-11,Kajaani Paltaniemi,,2.6,31.0
2023-01-11,Nurmes Valtimo,-1.4,2.2,27.0
2023-01-11,Ristijärvi Mustavaara,,5.8,51.0
2023-01-11,Sotkamo Kuolaniemi,-2.7,3.1,31.0
2023-01-11,Nurmes Mujejärvi,,6.0,33.0
2023-01-11,Kuhmo Apaja,,3.6,30.0
2023-01-11,Kuhmo Kalliojoki,-2.8,1.3,36.0
2023-01-11,Raahe Nahkiainen,-1.7,,
2023-01-11,Hailuoto Keskikylä,-4.9,2.4,34.0
2023-01-11,Kemi I majakka,-2.3,,
2023-01-11,Hailuoto Marjaniemi,-4.2,,
2023-01-11,Raahe Lapaluoto satama,-2.3,,
2023-01-11,Oulu lentoasema,-4.0,,
2023-01-11,Siikajoki Ruukki,-3.8,3.6,23.0
2023-01-11,Oulu Vihreäsaari satama,-3.8,,
2023-01-11,Oulu Oulunsalo Pellonpää,-4.7,3.1,42.0
2023-01-11,Vaala Pelso,-3.2,1.7,20.0
2023-01-11,Pudasjärvi lentokenttä,-5.4,3.4,52.0
2023-01-11,Utajärvi Särkijärvi,,3.3,40.0
2023-01-11,Pudasjärvi Jaurakkajärvi,,5.6,44.0
2023-01-11,Suomussalmi Näljänkä,,4.5,47.0
2023-01-11,Suomussalmi Pesiö,-5.6,5.9,56.0
2023-01-11,Puolanka Kotila,,6.7,56.0
2023-01-11,Puolanka Paljakka,-5.0,8.8,57.0
2023-01-11,Kemi Kemi-Tornio lentoasema,-5.0,,
2023-01-11,Kemi Ajos,-4.9,,
2023-01-11,Tornio Kaakkuri,-4.9,10.0,
2023-01-11,Ranua lentokenttä,-7.8,6.8,48.0
2023-01-11,Pudasjärvi Sarakylä,,5.9,36.0
2023-01-11,Posio Raistakka,,4.0,42.0
2023-01-11,Taivalkoski Inkee,,4.2,41.0
2023-01-11,Taivalkoski kirkonkylä,-6.9,3.9,43.0
2023-01-11,Kuusamo lentoasema,-9.1,1.7,35.0
2023-01-11,Kuusamo Kiutaköngäs,-12.3,1.2,44.0
2023-01-11,Kuusamo Rukatunturi,-9.7,,
2023-01-11,Kuusamo Teeriranta,,2.2,45.0
2023-01-11,Kuusamo Juuma,-11.4,,
2023-01-11,Ylitornio Meltosjärvi,-6.7,4.1,47.0
2023-01-11,Kolari Kattilamaa,,5.0,49.0
2023-01-11,Pello kirkonkylä,-6.7,2.3,44.0
2023-01-11,Rovaniemi rautatieasema,-7.1,,
2023-01-11,Sodankylä Tähtelä,-9.4,3.9,53.0
2023-01-11,Rovaniemi Apukka,-7.5,2.9,46.0
2023-01-11,Pelkosenniemi kirkonkylä,,2.7,48.0
2023-01-11,Kemijärvi lentokenttä,-9.2,2.2,42.0
2023-01-11,Savukoski kirkonkylä,-10.5,2.3,45.0
2023-01-11,Salla Kelloselkä,,1.1,34.0
2023-01-11,Pelkosenniemi Pyhätunturi,-11.2,,
2023-01-11,Salla kirkonkylä,-11.0,2.2,34.0
2023-01-11,Salla Naruska,-12.1,2.3,43.0
2023-01-11,Enontekiö Kaaresuvanto,,2.7,60.0
2023-01-11,Enontekiö lentoasema,-8.4,,
2023-01-11,Kittilä Pulju,,3.6,48.0
2023-01-11,Muonio Laukukero,-10.3,,
2023-01-11,Muonio Sammaltunturi,-10.2,,
2023-01-11,Kittilä Matorova,-9.1,,
2023-01-11,Kittilä lentoasema,-8.5,,
2023-01-11,Kittilä Kenttärova,-9.0,5.5,59.0
2023-01-11,Kittilä Pakatti,-8.3,5.2,58.0
2023-01-11,Kittilä Pokka,-9.3,3.4,63.0
2023-01-11,Sodankylä Lokka,-10.3,2.0,43.0
2023-01-11,Sodankylä Vuotso,-10.0,3.7,51.0
2023-01-11,Inari Saariselkä matkailukeskus,-9.5,1.5,39.0
2023-01-11,Inari Saariselkä Kaunispää,-10.4,,
2023-01-11,Inari Raja-Jooseppi Kontiojärvi,,1.2,33.0
2023-01-11,Inari Raja-Jooseppi,-9.1,,
2023-01-11,Salla Värriötunturi,-11.5,1.2,39.0
2023-01-11,Enontekiö Kilpisjärvi kyläkeskus,-7.2,2.1,48.0
2023-01-11,Enontekiö Kilpisjärvi Saana,-10.9,,
2023-01-11,Enontekiö Näkkälä,-9.0,2.9,49.0
2023-01-11,Inari Angeli Lintupuoliselkä,-8.6,1.3,38.0
2023-01-11,Inari Ivalo lentoasema,-8.1,,
2023-01-11,Utsjoki Kevo,-7.9,2.6,41.0
2023-01-11,Utsjoki Nuorgam,-6.9,2.4,38.0
2023-01-11,Inari Väylä,-8.6,,
2023-01-11,Inari kirkonkylä,,1.9,47.0
2023-01-11,Inari Kaamanen,-8.4,2.8,49.0
2023-01-11,Inari Nellim,-7.9,0.3,29.0
2023-01-11,Inari Kirakkajärvi,-8.3,1.7,41.0
2023-01-11,Mäntsälä Hirvihaara,1.4,2.5,18.0
2023-01-11,Lahti Sopenkorpi,1.4,2.1,22.0
2023-01-11,Siuntio Sjundby,,6.5,31.0
2023-01-11,Sipoo Itätoukki,1.8,,
2023-01-11,Rauma Pyynpää,2.9,4.4,15.0
2023-01-11,Muonio Oustajärvi,-7.9,3.3,56.0
2023-01-11,Pyhtää lentokenttä,1.0,6.4,20.0
2023-01-11,Sotkamo Tuhkakylä,-2.2,5.1,45.0
2023-01-11,Tervola Loue,-6.3,,
2023-01-11,Savukoski Tulppio,-10.9,1.5,36.0
2023-01-11,Mikkeli Pitkäaho,,2.7,34.0
2023-01-11,Kajaani Petäisenniska,-2.4,1.4,38.0
2023-01-11,Utsjoki Kevo Kevojärvi,-7.6,,
2023-01-11,Inari Seitalaassa,-8.1,,
2023-01-11,Ilmajoki Seinäjoki lentoasema,1.1,,
2023-01-11,Rovaniemi lentoasema AWOS,-8.2,3.7,40.0
2023-01-11,Jyväskylä lentoasema AWOS,0.3,2.4,34.0
2023-01-11,Puumala kirkonkylä,0.6,2.9,28.0
2023-01-11,Helsinki Vuosaari satama,1.5,,
2023-01-11,Maarianhamina Länsisatama,3.9,,
2023-01-11,Lumparland Långnäs satama,4.1,1.8,-1.0
2023-01-11,Kittilä Lompolonvuoma,-8.5,4.6,
2023-01-11,Kuusamo Ruka Talvijärvi,-8.4,,
2023-01-11,Espoo Nuuksio,1.0,7.2,37.0
2023-01-11,Mikkeli Lentoasema AWOS,1.1,2.9,36.0
2023-01-11,Espoo Tapiola,1.7,8.0,28.0
2023-01-12,Porvoo Kilpilahti satama,1.3,,
2023-01-12,Jomala Maarianhamina lentoasema,3.8,,
2023-01-12,Parainen Utö,4.1,3.2,-1.0
2023-01-12,Lemland Nyhamn,3.9,,
2023-01-12,Jomala Jomalaby,3.9,1.2,-1.0
2023-01-12,Hammarland Märket,3.9,,
2023-01-12,Kökar Bogskär,4.6,,
2023-01-12,Parainen Fagerholm,3.3,1.9,
2023-01-12,Kumlinge kirkonkylä,3.7,,
2023-01-12,Hanko Russarö,2.7,5.9,
2023-01-12,Kaarina Yltöinen,2.2,3.2,8.0
2023-01-12,Kemiönsaari Vänö,3.7,,
2023-01-12,Hanko Tulliniemi,2.6,,
2023-01-12,Turku Rajakari,2.9,,
2023-01-12,Turku Artukainen,3.7,3.0,-1.0
2023-01-12,Kemiönsaari Kemiö,2.8,7.3,6.0
2023-01-12,Hanko Tvärminne,2.2,8.4,5.0
2023-01-12,Salo Kärkkä,2.8,5.4,
2023-01-12,Lohja Leppäkorpi,,5.9,13.0
2023-01-12,Raasepori Jussarö,2.3,,
2023-01-12,Salo Kiikala lentokenttä,1.7,5.1,7.0
2023-01-12,Vantaa Helsinki-Vantaan lentoasema,1.4,12.1,19.0
2023-01-12,Inkoo Bågaskär,2.0,,
2023-01-12,Helsinki Kaisaniemi,1.7,8.6,11.0
2023-01-12,Lohja Porla,1.9,9.8,35.0
2023-01-12,Vihti Maasoja,1.9,,
2023-01-12,Helsinki Harmaja,1.3,,
2023-01-12,Kirkkonummi Mäkiluoto,2.1,,
2023-01-12,Helsinki Helsingin majakka,1.9,,
2023-01-12,Helsinki Kumpula,1.4,9.5,24.0
2023-01-12,Helsinki Malmi lentokenttä,1.6,,
2023-01-12,Porvoo Kalbådagrund,1.9,,
2023-01-12,Porvoo Emäsalo,0.9,,
2023-01-12,Porvoo Harabacka,1.3,11.2,13.0
2023-01-12,Kotka Rankki,0.0,11.5,28.0
2023-01-12,Loviisa Orrengrund,0.6,,
2023-01-12,Kotka Haapasaari,0.0,,
2023-01-12,Pori lentoasema,3.2,,
2023-01-12,Uusikaupunki Itätulli,,1.7,-1.0
2023-01-12,Kustavi Isokari,2.6,0.8,
2023-01-12,Rauma Kylmäpihlaja,2.5,,
2023-01-12,Pori rautatieasema,3.1,4.2,18.0
2023-01-12,Turku lentoasema,3.4,,
2023-01-12,Kokemäki Rausenkulma,,1.0,11.0
2023-01-12,Huittinen Sallila,,4.0,14.0
2023-01-12,Oripää Teinikivi,,4.8,14.0
2023-01-12,Pöytyä Yläne,,2.1,10.0
2023-01-12,Kokemäki Tulkkila,3.0,0.7,9.0
2023-01-12,Jokioinen Ilmala,1.9,5.4,16.0
2023-01-12,Nokia Tottijärvi,,1.0,16.0
2023-01-12,Pirkkala Tampere-Pirkkala lentoasema,1.8,,
2023-01-12,Tampere Härmälä,2.0,1.4,28.0
2023-01-12,Somero Salkola,1.0,5.2,29.0
2023-01-12,Hyvinkää Hyvinkäänkylä,1.3,7.8,24.0
2023-01-12,Vihti Hiiskula,,7.3,29.0
2023-01-12,Hämeenlinna Pirttikoski,,3.7,25.0
2023-01-12,Nurmijärvi Röykkä,1.4,8.5,27.0
2023-01-12,Hämeenlinna Katinen,1.7,2.4,
2023-01-12,Hattula Lepaa,1.5,1.7,21.0
2023-01-12,Hämeenlinna Lammi Pappila,1.1,1.9,25.0
2023-01-12,Asikkala Pulkkilanharju,1.3,,
2023-01-12,Kouvola Utti lentoasema,-0.2,14.5,13.0
2023-01-12,Kouvola Anjala,0.4,13.4,28.0
2023-01-12,Heinola Asemantaus,0.8,3.3,17.0
2023-01-12,Kouvola Voikoski,,7.2,20.0
2023-01-12,Virolahti Koivuniemi,-0.6,14.3,22.0
2023-01-12,Lappeenranta lentoasema,-1.4,,
2023-01-12,Lappeenranta Konnunsuo,-1.5,,
2023-01-12,Lappeenranta Lepola,-1.4,4.9,21.0
2023-01-12,Ruokolahti Kotaniemi,,9.4,34.0
2023-01-12,Lappeenranta Hiekkapakka,-1.4,,
2023-01-12,Parikkala Koitsanlahti,-2.1,3.5,26.0
2023-01-12,Kaskinen Sälgrund,1.3,-1.0,
2023-01-12,Merikarvia Tuorila,,2.6,32.0
2023-01-12,Isojoki Kärjenkoski,,1.6,9.0
2023-01-12,Teuva Kauppilankylä,,1.0,10.0
2023-01-12,Pori Tahkoluoto satama,1.7,,
2023-01-12,Kristiinankaupunki Majakka,2.0,,
2023-01-12,Karvia Alkkia,2.0,2.1,26.0
2023-01-12,Kurikka Hirvijärvi,,0.9,5.0
2023-01-12,Kauhajoki Kuja-Kokko,2.8,0.1,16.0
2023-01-12,Kankaanpää Niinisalo lentokenttä,2.2,4.1,31.0
2023-01-12,Alavus Sulkavankylä,,1.0,19.0
2023-01-12,Virrat Äijänneva,2.1,,
2023-01-12,Tampere Siilinkari,2.1,,
2023-01-12,Jämsä Halli lentoasema,1.2,1.4,20.0
2023-01-12,Juupajoki Hyytiälä,1.3,1.4,40.0
2023-01-12,Sysmä Joutsjärvi,,1.4,24.0
2023-01-12,Jyväskylä Muuratjärvi,,1.0,29.0
2023-01-12,Luhanka Judinsalo,0.9,,
2023-01-12,Multia Pirttiperä,,3.1,34.0
2023-01-12,Joutsa Savenaho,0.5,1.6,30.0
2023-01-12,Kangasniemi kirkonkylä,,1.4,38.0
2023-01-12,Joutsa Pärnämäki,,0.9,31.0
2023-01-12,Juva Partala,-0.7,,
2023-01-12,Varkaus Kosulanniemi,-0.3,2.7,29.0
2023-01-12,Savonlinna Laukansaari,,4.7,30.0
2023-01-12,Sulkava Halttula,,5.9,43.0
2023-01-12,Savonlinna lentoasema,-1.3,,
2023-01-12,Rantasalmi Rukkasluoto,-0.9,,
2023-01-12,Savonlinna Punkaharju Laukansaari,-1.6,6.3,27.0
2023-01-12,Enonkoski Simanala,,6.8,30.0
2023-01-12,Savonlinna Savonranta,,4.9,30.0
2023-01-12,Rääkkylä kirkonkylä,,5.4,35.0
2023-01-12,Tohmajärvi Kemie,-2.2,6.6,33.0
2023-01-12,Joensuu Huhtilampi,,7.6,39.0
2023-01-12,Vaasa lentoasema,3.1,,
2023-01-12,Mustasaari Valassaaret,2.0,,
2023-01-12,Närpiö Ylimarkku,,-1.0,0.0
2023-01-12,Mustasaari Riimala,,0.3,12.0
2023-01-12,Kurikka Pyörni,,0.5,10.0
2023-01-12,Maalahti Strömmingsbådan,2.3,,
2023-01-12,Vaasa Klemettilä,3.3,0.1,18.0
2023-01-12,Seinäjoki Pelmaa,2.9,0.4,13.0
2023-01-12,Kauhava lentokenttä,3.0,-1.0,20.0
2023-01-12,Ähtäri Inha,1.6,0.1,30.0
2023-01-12,Halsua Purola,2.2,0.9,28.0
2023-01-12,Alajärvi Möksy,1.8,0.4,33.0
2023-01-12,Multia Karhila,0.7,0.7,39.0
2023-01-12,Viitasaari Haapaniemi,0.9,0.7,28.0
2023-01-12,Äänekoski Kalaniemi,,0.5,31.0
2023-01-12,Vesanto kirkonkylä,0.8,0.1,36.0
2023-01-12,Pielavesi Venetmäki,,2.8,47.0
2023-01-12,Siilinjärvi Kuopio lentoasema,0.1,,
2023-01-12,Kuopio Maaninka,0.8,0.6,32.0
2023-01-12,Lapinlahti Lamminkäyrä,,2.0,33.0
2023-01-12,Suonenjoki Iisvesi,,0.3,26.0
2023-01-12,Kuopio Karttula,,0.8,35.0
2023-01-12,Kuopio Ritoniemi,0.1,,
2023-01-12,Kuopio Savilahti,0.5,1.0,28.0
2023-01-12,Heinävesi Palokki,,3.4,35.0
2023-01-12,Outokumpu Viuruniemi,,4.0,38.0
2023-01-12,Rautavaara Ala-Luosta,,1.2,32.0
2023-01-12,Rautavaara Ylä-Luosta,-0.8,1.4,44.0
2023-01-12,Liperi Joensuu lentoasema,-1.9,,
2023-01-12,Juuka Niemelä,-0.9,1.9,38.0
2023-01-12,Joensuu Pyhäselkä,,4.5,31.0
2023-01-12,Lieksa Koli,,5.1,34.0
2023-01-12,Liperi Tuiskavanluoto,-1.7,,
2023-01-12,Joensuu Linnunlahti,-1.7,5.0,26.0
2023-01-12,Lieksa Lampela,-1.4,1.6,25.0
2023-01-12,Ilomantsi Pötsönvaara,-3.0,5.6,42.0
2023-01-12,Ilomantsi Mekrijärvi,-2.3,2.0,38.0
2023-01-12,Pietarsaari Kallan,2.8,,
2023-01-12,Kokkola Tankar,2.9,,
2023-01-12,Kruunupyy Kokkola-Pietarsaari lentoasema,2.7,,
2023-01-12,Kaustinen Tastula,,0.7,15.0
2023-01-12,Kalajoki Ulkokalla,2.0,,
2023-01-12,Kokkola Santahaka,3.0,1.4,24.0
2023-01-12,Toholampi Oravala,,6.3,23.0
2023-01-12,Kalajoki Pitkäsenkylä,,0.3,15.0
2023-01-12,Kalajoki Mehtäkylä,,0.4,18.0
2023-01-12,Toholampi Laitala,2.7,0.2,8.0
2023-01-12,Ylivieska lentokenttä,2.6,0.7,33.0
2023-01-12,Ylivieska Vähäkangas,,0.6,25.0
2023-01-12,Haapavesi Mustikkamäki,1.8,0.5,21.0
2023-01-12,Pyhäjärvi Ojakylä,1.2,0.9,30.0
2023-01-12,Pyhäjärvi Hiidenniemi,,1.3,31.0
2023-01-12,Kiuruvesi Korpijoki,,1.6,26.0
2023-01-12,Siikalatva Kestilä,,1.6,28.0
2023-01-12,Kajaani lentoasema,0.9,,
2023-01-12,Vieremä Kaarakkala,0.1,2.3,42.0
2023-01-12,Kajaani Paltaniemi,,0.8,30.0
2023-01-12,Nurmes Valtimo,-0.2,0.4,27.0
2023-01-12,Ristijärvi Mustavaara,,1.9,55.0
2023-01-12,Sotkamo Kuolaniemi,0.1,0.6,33.0
2023-01-12,Nurmes Mujejärvi,,1.9,38.0
2023-01-12,Kuhmo Apaja,,1.1,34.0
2023-01-12,Kuhmo Kalliojoki,-1.5,0.1,37.0
2023-01-12,Raahe Nahkiainen,2.3,,
2023-01-12,Hailuoto Keskikylä,2.4,3.3,32.0
2023-01-12,Kemi I majakka,2.0,,
2023-01-12,Hailuoto Marjaniemi,1.7,,
2023-01-12,Raahe Lapaluoto satama,3.0,,
2023-01-12,Oulu lentoasema,2.4,,
2023-01-12,Siikajoki Ruukki,2.4,2.6,21.0
2023-01-12,Oulu Vihreäsaari satama,2.1,,
2023-01-12,Oulu Oulunsalo Pellonpää,1.9,3.2,40.0
2023-01-12,Vaala Pelso,1.5,1.4,18.0
2023-01-12,Pudasjärvi lentokenttä,1.3,1.4,51.0
2023-01-12,Utajärvi Särkijärvi,,1.7,37.0
2023-01-12,Pudasjärvi Jaurakkajärvi,,2.3,43.0
2023-01-12,Suomussalmi Näljänkä,,2.7,45.0
2023-01-12,Suomussalmi Pesiö,-0.3,1.8,60.0
2023-01-12,Puolanka Kotila,,3.9,56.0
2023-01-12,Puolanka Paljakka,-0.9,4.6,59.0
2023-01-12,Kemi Kemi-Tornio lentoasema,1.6,,
2023-01-12,Kemi Ajos,1.5,,
2023-01-12,Tornio Kaakkuri,1.5,0.5,
2023-01-12,Ranua lentokenttä,0.7,4.5,51.0
2023-01-12,Pudasjärvi Sarakylä,,4.2,39.0
2023-01-12,Posio Raistakka,,2.2,45.0
2023-01-12,Taivalkoski Inkee,,1.7,44.0
2023-01-12,Taivalkoski kirkonkylä,0.7,0.2,46.0
2023-01-12,Kuusamo lentoasema,-0.1,0.1,35.0
2023-01-12,Kuusamo Kiutaköngäs,1.0,-1.0,44.0
2023-01-12,Kuusamo Rukatunturi,-1.5,,
2023-01-12,Kuusamo Teeriranta,,0.6,46.0
2023-01-12,Kuusamo Juuma,-0.5,,
2023-01-12,Ylitornio Meltosjärvi,0.9,4.0,49.0
2023-01-12,Kolari Kattilamaa,,7.6,51.0
2023-01-12,Pello kirkonkylä,0.9,3.2,45.0
2023-01-12,Rovaniemi rautatieasema,1.6,,
2023-01-12,Sodankylä Tähtelä,0.2,5.7,55.0
2023-01-12,Rovaniemi Apukka,1.0,2.1,48.0
2023-01-12,Pelkosenniemi kirkonkylä,,2.4,48.0
2023-01-12,Kemijärvi lentokenttä,0.8,0.9,42.0
2023-01-12,Savukoski kirkonkylä,0.2,0.7,47.0
2023-01-12,Salla Kelloselkä,,0.0,34.0
2023-01-12,Pelkosenniemi Pyhätunturi,-1.4,,
2023-01-12,Salla kirkonkylä,0.6,0.8,36.0
2023-01-12,Salla Naruska,-0.4,1.7,45.0
2023-01-12,Enontekiö Kaaresuvanto,,-1.0,58.0
2023-01-12,Enontekiö lentoasema,-1.3,,
2023-01-12,Kittilä Pulju,,4.2,51.0
2023-01-12,Muonio Laukukero,-5.2,,
2023-01-12,Muonio Sammaltunturi,-2.8,,
2023-01-12,Kittilä Matorova,-2.0,,
2023-01-12,Kittilä lentoasema,-0.4,,
2023-01-12,Kittilä Kenttärova,-2.1,4.8,62.0
2023-01-12,Kittilä Pakatti,-0.3,9.3,61.0
2023-01-12,Kittilä Pokka,-1.3,3.5,
2023-01-12,Sodankylä Lokka,-0.4,8.1,44.0
2023-01-12,Sodankylä Vuotso,-0.7,3.6,52.0
2023-01-12,Inari Saariselkä matkailukeskus,-1.0,3.1,42.0
2023-01-12,Inari Saariselkä Kaunispää,-2.2,,
2023-01-12,Inari Raja-Jooseppi Kontiojärvi,,0.9,34.0
2023-01-12,Inari Raja-Jooseppi,-0.8,,
2023-01-12,Salla Värriötunturi,-1.6,4.3,40.0
2023-01-12,Enontekiö Kilpisjärvi kyläkeskus,-3.2,-1.0,48.0
2023-01-12,Enontekiö Kilpisjärvi Saana,-7.1,,
2023-01-12,Enontekiö Näkkälä,-2.4,1.0,52.0
2023-01-12,Inari Angeli Lintupuoliselkä,-2.0,0.5,40.0
2023-01-12,Inari Ivalo lentoasema,0.2,,
2023-01-12,Utsjoki Kevo,-2.3,0.4,44.0
2023-01-12,Utsjoki Nuorgam,-1.3,-1.0,41.0
2023-01-12,Inari Väylä,-1.5,,
2023-01-12,Inari kirkonkylä,,1.3,47.0
2023-01-12,Inari Kaamanen,-1.7,0.9,51.0
2023-01-12,Inari Nellim,-0.6,1.8,29.0
2023-01-12,Inari Kirakkajärvi,-2.1,1.2,42.0
2023-01-12,Mäntsälä Hirvihaara,1.2,6.9,17.0
2023-01-12,Lahti Sopenkorpi,0.9,3.6,20.0
2023-01-12,Siuntio Sjundby,,12.1,27.0
2023-01-12,Sipoo Itätoukki,1.5,,
2023-01-12,Rauma Pyynpää,3.4,3.0,4.0
2023-01-12,Muonio Oustajärvi,-0.6,2.3,57.0
2023-01-12,Pyhtää lentokenttä,0.6,11.1,25.0
2023-01-12,Sotkamo Tuhkakylä,-0.2,1.6,48.0
2023-01-12,Tervola Loue,1.6,,
2023-01-12,Savukoski Tulppio,-0.5,6.0,36.0
2023-01-12,Mikkeli Pitkäaho,,2.5,33.0
2023-01-12,Kajaani Petäisenniska,0.7,0.2,36.0
2023-01-12,Utsjoki Kevo Kevojärvi,-1.9,,
2023-01-12,Inari Seitalaassa,-1.3,,
2023-01-12,Ilmajoki Seinäjoki lentoasema,2.7,,
2023-01-12,Rovaniemi lentoasema AWOS,0.5,2.3,42.0
2023-01-12,Jyväskylä lentoasema AWOS,0.8,0.8,32.0
2023-01-12,Puumala kirkonkylä,-1.1,5.4,27.0
2023-01-12,Helsinki Vuosaari satama,1.2,,
2023-01-12,Maarianhamina Länsisatama,3.7,,
2023-01-12,Lumparland Långnäs satama,4.0,1.2,-1.0
2023-01-12,Kittilä Lompolonvuoma,-1.8,3.4,
2023-01-12,Kuusamo Ruka Talvijärvi,-0.2,,
2023-01-12,Espoo Nuuksio,1.1,10.4,35.0
2023-01-12,Mikkeli Lentoasema AWOS,0.0,4.0,36.0
2023-01-12,Espoo Tapiola,1.5,10.5,25.0
2023-01-13,Porvoo Kilpilahti satama,1.5,,
2023-01-13,Jomala Maarianhamina lentoasema,3.6,,
2023-01-13,Parainen Utö,3.7,2.8,-1.0
2023-01-13,Lemland Nyhamn,3.7,,
2023-01-13,Jomala Jomalaby,3.5,3.7,-1.0
2023-01-13,Hammarland Märket,3.5,,
2023-01-13,Kökar Bogskär,4.5,,
2023-01-13,Parainen Fagerholm,3.1,3.3,
2023-01-13,Kumlinge kirkonkylä,3.5,,
2023-01-13,Hanko Russarö,2.9,3.8,
2023-01-13,Kaarina Yltöinen,2.2,4.1,6.0
2023-01-13,Kemiönsaari Vänö,3.4,,
2023-01-13,Hanko Tulliniemi,2.9,,
2023-01-13,Turku Rajakari,2.8,,
2023-01-13,Turku Artukainen,3.3,4.0,-1.0
2023-01-13,Kemiönsaari Kemiö,2.7,5.4,-1.0
2023-01-13,Hanko Tvärminne,2.6,3.9,2.0
2023-01-13,Salo Kärkkä,2.7,4.2,
2023-01-13,Lohja Leppäkorpi,,4.0,10.0
2023-01-13,Raasepori Jussarö,2.7,,
2023-01-13,Salo Kiikala lentokenttä,1.6,3.7,-1.0
2023-01-13,Vantaa Helsinki-Vantaan lentoasema,1.5,4.1,17.0
2023-01-13,Inkoo Bågaskär,2.2,,
2023-01-13,Helsinki Kaisaniemi,2.0,2.6,9.0
2023-01-13,Lohja Porla,1.6,3.9,31.0
2023-01-13,Vihti Maasoja,1.6,,
2023-01-13,Helsinki Harmaja,1.4,,
2023-01-13,Kirkkonummi Mäkiluoto,2.2,,
2023-01-13,Helsinki Helsingin majakka,2.5,,
2023-01-13,Helsinki Kumpula,1.8,3.8,20.0
2023-01-13,Helsinki Malmi lentokenttä,1.8,,
2023-01-13,Porvoo Kalbådagrund,2.4,,
2023-01-13,Porvoo Emäsalo,1.0,,
2023-01-13,Porvoo Harabacka,1.5,4.1,10.0
2023-01-13,Kotka Rankki,0.7,1.7,31.0
2023-01-13,Loviisa Orrengrund,0.8,,
2023-01-13,Kotka Haapasaari,0.9,,
2023-01-13,Pori lentoasema,2.3,,
2023-01-13,Uusikaupunki Itätulli,,8.6,-1.0
2023-01-13,Kustavi Isokari,2.6,6.8,
2023-01-13,Rauma Kylmäpihlaja,2.0,,
2023-01-13,Pori rautatieasema,2.3,8.7,14.0
2023-01-13,Turku lentoasema,3.1,,
2023-01-13,Kokemäki Rausenkulma,,6.7,5.0
2023-01-13,Huittinen Sallila,,4.2,11.0
2023-01-13,Oripää Teinikivi,,4.0,9.0
2023-01-13,Pöytyä Yläne,,3.5,5.0
2023-01-13,Kokemäki Tulkkila,2.5,5.5,4.0
2023-01-13,Jokioinen Ilmala,1.9,4.9,12.0
2023-01-13,Nokia Tottijärvi,,3.6,13.0
2023-01-13,Pirkkala Tampere-Pirkkala lentoasema,1.7,,
2023-01-13,Tampere Härmälä,1.9,4.6,25.0
2023-01-13,Somero Salkola,1.0,2.7,26.0
2023-01-13,Hyvinkää Hyvinkäänkylä,1.1,3.0,21.0
2023-01-13,Vihti Hiiskula,,3.5,28.0
2023-01-13,Hämeenlinna Pirttikoski,,1.8,20.0
2023-01-13,Nurmijärvi Röykkä,1.1,2.9,21.0
2023-01-13,Hämeenlinna Katinen,1.7,2.9,
2023-01-13,Hattula Lepaa,1.7,2.1,18.0
2023-01-13,Hämeenlinna Lammi Pappila,1.2,1.8,23.0
2023-01-13,Asikkala Pulkkilanharju,1.2,,
2023-01-13,Kouvola Utti lentoasema,0.3,2.5,19.0
2023-01-13,Kouvola Anjala,0.7,2.0,33.0
2023-01-13,Heinola Asemantaus,1.0,1.5,16.0
2023-01-13,Kouvola Voikoski,,1.0,21.0
2023-01-13,Virolahti Koivuniemi,0.7,3.5,36.0
2023-01-13,Lappeenranta lentoasema,-0.2,,
2023-01-13,Lappeenranta Konnunsuo,0.1,,
2023-01-13,Lappeenranta Lepola,-0.2,0.1,27.0
2023-01-13,Ruokolahti Kotaniemi,,1.7,44.0
2023-01-13,Lappeenranta Hiekkapakka,0.0,,
2023-01-13,Parikkala Koitsanlahti,-0.5,0.6,30.0
2023-01-13,Kaskinen Sälgrund,1.1,8.4,
2023-01-13,Merikarvia Tuorila,,10.0,29.0
2023-01-13,Isojoki Kärjenkoski,,12.8,3.0
2023-01-13,Teuva Kauppilankylä,,14.4,3.0
2023-01-13,Pori Tahkoluoto satama,1.9,,
2023-01-13,Kristiinankaupunki Majakka,2.0,,
2023-01-13,Karvia Alkkia,1.2,5.4,24.0
2023-01-13,Kurikka Hirvijärvi,,7.0,0.0
2023-01-13,Kauhajoki Kuja-Kokko,1.5,8.2,10.0
2023-01-13,Kankaanpää Niinisalo lentokenttä,1.5,7.8,28.0
2023-01-13,Alavus Sulkavankylä,,4.7,15.0
2023-01-13,Virrat Äijänneva,1.2,,
2023-01-13,Tampere Siilinkari,2.0,,
2023-01-13,Jämsä Halli lentoasema,1.0,5.1,17.0
2023-01-13,Juupajoki Hyytiälä,1.1,4.6,36.0
2023-01-13,Sysmä Joutsjärvi,,2.0,22.0
2023-01-13,Jyväskylä Muuratjärvi,,4.2,24.0
2023-01-13,Luhanka Judinsalo,1.0,,
2023-01-13,Multia Pirttiperä,,5.5,28.0
2023-01-13,Joutsa Savenaho,0.5,2.8,27.0
2023-01-13,Kangasniemi kirkonkylä,,2.3,35.0
2023-01-13,Joutsa Pärnämäki,,2.5,29.0
2023-01-13,Juva Partala,0.2,,
2023-01-13,Varkaus Kosulanniemi,0.6,1.8,29.0
2023-01-13,Savonlinna Laukansaari,,1.6,33.0
2023-01-13,Sulkava Halttula,,2.4,43.0
2023-01-13,Savonlinna lentoasema,-0.2,,
2023-01-13,Rantasalmi Rukkasluoto,0.1,,
2023-01-13,Savonlinna Punkaharju Laukansaari,-0.5,1.7,34.0
2023-01-13,Enonkoski Simanala,,2.4,35.0
2023-01-13,Savonlinna Savonranta,,0.3,35.0
2023-01-13,Rääkkylä kirkonkylä,,1.5,41.0
2023-01-13,Tohmajärvi Kemie,-0.8,2.4,40.0
2023-01-13,Joensuu Huhtilampi,,4.0,52.0
2023-01-13,Vaasa lentoasema,1.8,,
2023-01-13,Mustasaari Valassaaret,0.9,,
2023-01-13,Närpiö Ylimarkku,,8.3,0.0
2023-01-13,Mustasaari Riimala,,5.4,8.0
2023-01-13,Kurikka Pyörni,,6.8,6.0
2023-01-13,Maalahti Strömmingsbådan,1.4,,
2023-01-13,Vaasa Klemettilä,1.8,4.8,15.0
2023-01-13,Seinäjoki Pelmaa,1.8,6.4,9.0
2023-01-13,Kauhava lentokenttä,1.8,5.7,16.0
2023-01-13,Ähtäri Inha,1.0,4.3,26.0
2023-01-13,Halsua Purola,0.9,9.1,23.0
2023-01-13,Alajärvi Möksy,0.8,7.8,29.0
2023-01-13,Multia Karhila,0.5,4.2,36.0
2023-01-13,Viitasaari Haapaniemi,0.8,4.0,25.0
2023-01-13,Äänekoski Kalaniemi,,3.9,28.0
2023-01-13,Vesanto kirkonkylä,0.8,3.3,34.0
2023-01-13,Pielavesi Venetmäki,,3.8,46.0
2023-01-13,Siilinjärvi Kuopio lentoasema,0.6,,
2023-01-13,Kuopio Maaninka,1.0,2.7,31.0
2023-01-13,Lapinlahti Lamminkäyrä,,3.6,30.0
2023-01-13,Suonenjoki Iisvesi,,2.5,24.0
2023-01-13,Kuopio Karttula,,2.6,32.0
2023-01-13,Kuopio Ritoniemi,0.7,,
2023-01-13,Kuopio Savilahti,1.0,2.3,27.0
2023-01-13,Heinävesi Palokki,,2.3,37.0
2023-01-13,Outokumpu Viuruniemi,,2.5,38.0
2023-01-13,Rautavaara Ala-Luosta,,3.0,32.0
2023-01-13,Rautavaara Ylä-Luosta,0.0,3.3,44.0
2023-01-13,Liperi Joensuu lentoasema,-1.0,,
2023-01-13,Juuka Niemelä,-0.1,1.7,41.0
2023-01-13,Joensuu Pyhäselkä,,3.2,36.0
2023-01-13,Lieksa Koli,,3.3,35.0
2023-01-13,Liperi Tuiskavanluoto,-0.7,,
2023-01-13,Joensuu Linnunlahti,-0.6,2.5,30.0
2023-01-13,Lieksa Lampela,-0.4,1.4,26.0
2023-01-13,Ilomantsi Pötsönvaara,-2.0,2.4,44.0
2023-01-13,Ilomantsi Mekrijärvi,-1.3,1.1,41.0
2023-01-13,Pietarsaari Kallan,1.4,,
2023-01-13,Kokkola Tankar,1.6,,
2023-01-13,Kruunupyy Kokkola-Pietarsaari lentoasema,1.5,,
2023-01-13,Kaustinen Tastula,,6.8,10.0
2023-01-13,Kalajoki Ulkokalla,1.2,,
2023-01-13,Kokkola Santahaka,1.5,4.5,20.0
2023-01-13,Toholampi Oravala,,2.0,15.0
2023-01-13,Kalajoki Pitkäsenkylä,,0.3,14.0
2023-01-13,Kalajoki Mehtäkylä,,4.2,14.0
2023-01-13,Toholampi Laitala,1.2,4.5,3.0
2023-01-13,Ylivieska lentokenttä,1.3,5.8,30.0
2023-01-13,Ylivieska Vähäkangas,,4.5,21.0
2023-01-13,Haapavesi Mustikkamäki,1.0,3.8,14.0
2023-01-13,Pyhäjärvi Ojakylä,0.8,7.1,27.0
2023-01-13,Pyhäjärvi Hiidenniemi,,8.9,27.0
2023-01-13,Kiuruvesi Korpijoki,,4.1,26.0
2023-01-13,Siikalatva Kestilä,,5.9,25.0
2023-01-13,Kajaani lentoasema,0.9,,
2023-01-13,Vieremä Kaarakkala,0.2,0.2,41.0
2023-01-13,Kajaani Paltaniemi,,3.0,27.0
2023-01-13,Nurmes Valtimo,0.5,2.3,26.0
2023-01-13,Ristijärvi Mustavaara,,3.4,55.0
2023-01-13,Sotkamo Kuolaniemi,0.4,1.6,33.0
2023-01-13,Nurmes Mujejärvi,,3.5,38.0
2023-01-13,Kuhmo Apaja,,2.1,36.0
2023-01-13,Kuhmo Kalliojoki,-0.7,1.1,35.0
2023-01-13,Raahe Nahkiainen,1.3,,
2023-01-13,Hailuoto Keskikylä,1.5,4.5,26.0
2023-01-13,Kemi I majakka,0.6,,
2023-01-13,Hailuoto Marjaniemi,1.0,,
2023-01-13,Raahe Lapaluoto satama,1.9,,
2023-01-13,Oulu lentoasema,1.7,,
2023-01-13,Siikajoki Ruukki,1.5,3.2,15.0
2023-01-13,Oulu Vihreäsaari satama,1.5,,
2023-01-13,Oulu Oulunsalo Pellonpää,1.3,3.2,36.0
2023-01-13,Vaala Pelso,1.0,4.4,11.0
2023-01-13,Pudasjärvi lentokenttä,0.8,2.5,47.0
2023-01-13,Utajärvi Särkijärvi,,4.7,31.0
2023-01-13,Pudasjärvi Jaurakkajärvi,,4.2,40.0
2023-01-13,Suomussalmi Näljänkä,,4.1,47.0
2023-01-13,Suomussalmi Pesiö,-0.2,4.3,60.0
2023-01-13,Puolanka Kotila,,6.8,55.0
2023-01-13,Puolanka Paljakka,-0.7,7.9,59.0
2023-01-13,Kemi Kemi-Tornio lentoasema,0.4,,
2023-01-13,Kemi Ajos,0.4,,
2023-01-13,Tornio Kaakkuri,0.0,0.7,
2023-01-13,Ranua lentokenttä,0.1,3.8,49.0
2023-01-13,Pudasjärvi Sarakylä,,5.1,37.0
2023-01-13,Posio Raistakka,,3.8,46.0
2023-01-13,Taivalkoski Inkee,,3.8,44.0
2023-01-13,Taivalkoski kirkonkylä,0.2,3.4,44.0
2023-01-13,Kuusamo lentoasema,-0.4,1.6,34.0
2023-01-13,Kuusamo Kiutaköngäs,0.8,1.6,43.0
2023-01-13,Kuusamo Rukatunturi,-1.8,,
2023-01-13,Kuusamo Teeriranta,,3.6,46.0
2023-01-13,Kuusamo Juuma,-0.8,,
2023-01-13,Ylitornio Meltosjärvi,-0.3,0.6,45.0
2023-01-13,Kolari Kattilamaa,,1.0,53.0
2023-01-13,Pello kirkonkylä,0.1,-1.0,40.0
2023-01-13,Rovaniemi rautatieasema,0.3,,
2023-01-13,Sodankylä Tähtelä,-0.4,0.2,56.0
2023-01-13,Rovaniemi Apukka,0.2,1.0,43.0
2023-01-13,Pelkosenniemi kirkonkylä,,0.0,40.0
2023-01-13,Kemijärvi lentokenttä,-0.2,0.5,39.0
2023-01-13,Savukoski kirkonkylä,0.4,1.7,43.0
2023-01-13,Salla Kelloselkä,,2.0,32.0
2023-01-13,Pelkosenniemi Pyhätunturi,-2.1,,
2023-01-13,Salla kirkonkylä,0.4,0.6,35.0
2023-01-13,Salla Naruska,0.2,2.8,44.0
2023-01-13,Enontekiö Kaaresuvanto,,-1.0,58.0
2023-01-13,Enontekiö lentoasema,-8.3,,
2023-01-13,Kittilä Pulju,,0.3,56.0
2023-01-13,Muonio Laukukero,-4.3,,
2023-01-13,Muonio Sammaltunturi,-3.9,,
2023-01-13,Kittilä Matorova,-3.0,,
2023-01-13,Kittilä lentoasema,-3.0,,
2023-01-13,Kittilä Kenttärova,-3.4,-1.0,64.0
2023-01-13,Kittilä Pakatti,-1.0,0.5,67.0
2023-01-13,Kittilä Pokka,-1.7,0.9,64.0
2023-01-13,Sodankylä Lokka,-0.6,2.7,50.0
2023-01-13,Sodankylä Vuotso,-0.9,1.3,54.0
2023-01-13,Inari Saariselkä matkailukeskus,-1.4,0.9,45.0
2023-01-13,Inari Saariselkä Kaunispää,-2.2,,
2023-01-13,Inari Raja-Jooseppi Kontiojärvi,,0.2,32.0
2023-01-13,Inari Raja-Jooseppi,-1.1,,
2023-01-13,Salla Värriötunturi,-0.9,1.7,42.0
2023-01-13,Enontekiö Kilpisjärvi kyläkeskus,-8.5,-1.0,46.0
2023-01-13,Enontekiö Kilpisjärvi Saana,-5.5,,
2023-01-13,Enontekiö Näkkälä,-7.8,-1.0,52.0
2023-01-13,Inari Angeli Lintupuoliselkä,-4.4,-1.0,39.0
2023-01-13,Inari Ivalo lentoasema,-0.6,,
2023-01-13,Utsjoki Kevo,-5.4,-1.0,43.0
2023-01-13,Utsjoki Nuorgam,-3.0,-1.0,41.0
2023-01-13,Inari Väylä,-3.6,,
2023-01-13,Inari kirkonkylä,,-1.0,47.0
2023-01-13,Inari Kaamanen,-3.3,-1.0,49.0
2023-01-13,Inari Nellim,-0.8,0.1,29.0
2023-01-13,Inari Kirakkajärvi,-1.9,-1.0,42.0
2023-01-13,Mäntsälä Hirvihaara,1.0,2.3,16.0
2023-01-13,Lahti Sopenkorpi,1.1,1.7,18.0
2023-01-13,Siuntio Sjundby,,5.1,24.0
2023-01-13,Sipoo Itätoukki,1.8,,
2023-01-13,Rauma Pyynpää,2.9,10.2,-1.0
2023-01-13,Muonio Oustajärvi,-7.8,-1.0,59.0
2023-01-13,Pyhtää lentokenttä,0.8,2.7,26.0
2023-01-13,Sotkamo Tuhkakylä,0.2,2.9,48.0
2023-01-13,Tervola Loue,0.2,,
2023-01-13,Savukoski Tulppio,-0.2,1.5,38.0
2023-01-13,Mikkeli Pitkäaho,,1.3,32.0
2023-01-13,Kajaani Petäisenniska,0.7,2.2,35.0
2023-01-13,Utsjoki Kevo Kevojärvi,-6.7,,
2023-01-13,Inari Seitalaassa,-3.7,,
2023-01-13,Ilmajoki Seinäjoki lentoasema,1.4,,
2023-01-13,Rovaniemi lentoasema AWOS,-0.5,0.9,38.0
2023-01-13,Jyväskylä lentoasema AWOS,0.8,3.3,28.0
2023-01-13,Puumala kirkonkylä,-0.1,0.4,32.0
2023-01-13,Helsinki Vuosaari satama,1.4,,
2023-01-13,Maarianhamina Länsisatama,3.7,,
2023-01-13,Lumparland Långnäs satama,3.7,4.0,-1.0
2023-01-13,Kittilä Lompolonvuoma,-4.3,-1.0,
2023-01-13,Kuusamo Ruka Talvijärvi,-0.5,,
2023-01-13,Espoo Nuuksio,0.9,3.7,33.0
2023-01-13,Mikkeli Lentoasema AWOS,0.6,1.5,34.0
2023-01-13,Espoo Tapiola,1.6,3.8,23.0
2023-01-14,Porvoo Kilpilahti satama,2.7,,
2023-01-14,Jomala Maarianhamina lentoasema,3.6,,
2023-01-14,Parainen Utö,4.2,5.1,-1.0
2023-01-14,Lemland Nyhamn,3.6,,
2023-01-14,Jomala Jomalaby,3.8,6.5,-1.0
2023-01-14,Hammarland Märket,3.6,,
2023-01-14,Kökar Bogskär,4.6,,
2023-01-14,Parainen Fagerholm,3.5,4.8,
2023-01-14,Kumlinge kirkonkylä,3.6,,
2023-01-14,Hanko Russarö,3.6,4.3,
2023-01-14,Kaarina Yltöinen,3.0,5.9,2.0
2023-01-14,Kemiönsaari Vänö,4.0,,
2023-01-14,Hanko Tulliniemi,3.5,,
2023-01-14,Turku Rajakari,3.4,,
2023-01-14,Turku Artukainen,4.1,4.3,-1.0
2023-01-14,Kemiönsaari Kemiö,3.7,6.4,-1.0
2023-01-14,Hanko Tvärminne,3.2,3.4,2.0
2023-01-14,Salo Kärkkä,4.1,4.4,
2023-01-14,Lohja Leppäkorpi,,5.3,2.0
2023-01-14,Raasepori Jussarö,3.3,,
2023-01-14,Salo Kiikala lentokenttä,3.0,3.7,-1.0
2023-01-14,Vantaa Helsinki-Vantaan lentoasema,3.3,7.4,13.0
2023-01-14,Inkoo Bågaskär,3.2,,
2023-01-14,Helsinki Kaisaniemi,3.3,4.7,4.0
2023-01-14,Lohja Porla,3.1,9.3,27.0
2023-01-14,Vihti Maasoja,3.5,,
2023-01-14,Helsinki Harmaja,2.6,,
2023-01-14,Kirkkonummi Mäkiluoto,3.3,,
2023-01-14,Helsinki Helsingin majakka,3.6,,
2023-01-14,Helsinki Kumpula,3.1,6.2,16.0
2023-01-14,Helsinki Malmi lentokenttä,3.6,,
2023-01-14,Porvoo Kalbådagrund,3.4,,
2023-01-14,Porvoo Emäsalo,2.1,,
2023-01-14,Porvoo Harabacka,3.6,8.1,6.0
2023-01-14,Kotka Rankki,1.7,3.7,24.0
2023-01-14,Loviisa Orrengrund,1.9,,
2023-01-14,Kotka Haapasaari,1.9,,
2023-01-14,Pori lentoasema,3.1,,
2023-01-14,Uusikaupunki Itätulli,,6.0,-1.0
2023-01-14,Kustavi Isokari,2.6,2.3,
2023-01-14,Rauma Kylmäpihlaja,2.7,,
2023-01-14,Pori rautatieasema,3.0,2.5,10.0
2023-01-14,Turku lentoasema,3.8,,
2023-01-14,Kokemäki Rausenkulma,,2.5,2.0
2023-01-14,Huittinen Sallila,,4.0,5.0
2023-01-14,Oripää Teinikivi,,3.8,7.0
2023-01-14,Pöytyä Yläne,,4.7,-1.0
2023-01-14,Kokemäki Tulkkila,3.4,2.6,-1.0
2023-01-14,Jokioinen Ilmala,3.0,4.4,8.0
2023-01-14,Nokia Tottijärvi,,2.7,9.0
2023-01-14,Pirkkala Tampere-Pirkkala lentoasema,2.8,,
2023-01-14,Tampere Härmälä,3.0,2.7,23.0
2023-01-14,Somero Salkola,1.9,4.0,23.0
2023-01-14,Hyvinkää Hyvinkäänkylä,2.7,7.0,20.0
2023-01-14,Vihti Hiiskula,,11.9,23.0
2023-01-14,Hämeenlinna Pirttikoski,,3.9,17.0
2023-01-14,Nurmijärvi Röykkä,2.9,8.7,20.0
2023-01-14,Hämeenlinna Katinen,3.0,3.3,
2023-01-14,Hattula Lepaa,2.7,3.0,14.0
2023-01-14,Hämeenlinna Lammi Pappila,2.5,3.1,20.0
2023-01-14,Asikkala Pulkkilanharju,2.3,,
2023-01-14,Kouvola Utti lentoasema,2.2,7.0,14.0
2023-01-14,Kouvola Anjala,2.7,5.8,26.0
2023-01-14,Heinola Asemantaus,2.7,4.4,14.0
2023-01-14,Kouvola Voikoski,,4.3,19.0
2023-01-14,Virolahti Koivuniemi,1.9,5.4,27.0
2023-01-14,Lappeenranta lentoasema,1.6,,
2023-01-14,Lappeenranta Konnunsuo,2.0,,
2023-01-14,Lappeenranta Lepola,1.5,3.4,22.0
2023-01-14,Ruokolahti Kotaniemi,,4.8,36.0
2023-01-14,Lappeenranta Hiekkapakka,1.5,,
2023-01-14,Parikkala Koitsanlahti,1.4,2.8,28.0
2023-01-14,Kaskinen Sälgrund,0.7,1.4,
2023-01-14,Merikarvia Tuorila,,6.2,28.0
2023-01-14,Isojoki Kärjenkoski,,5.1,2.0
2023-01-14,Teuva Kauppilankylä,,2.7,5.0
2023-01-14,Pori Tahkoluoto satama,1.6,,
2023-01-14,Kristiinankaupunki Majakka,1.1,,
2023-01-14,Karvia Alkkia,2.2,2.6,23.0
2023-01-14,Kurikka Hirvijärvi,,3.8,0.0
2023-01-14,Kauhajoki Kuja-Kokko,1.3,3.2,8.0
2023-01-14,Kankaanpää Niinisalo lentokenttä,2.5,3.8,27.0
2023-01-14,Alavus Sulkavankylä,,2.1,12.0
2023-01-14,Virrat Äijänneva,2.3,,
2023-01-14,Tampere Siilinkari,3.1,,
2023-01-14,Jämsä Halli lentoasema,2.2,4.9,17.0
2023-01-14,Juupajoki Hyytiälä,2.2,4.2,32.0
2023-01-14,Sysmä Joutsjärvi,,5.4,19.0
2023-01-14,Jyväskylä Muuratjärvi,,3.3,21.0
2023-01-14,Luhanka Judinsalo,2.1,,
2023-01-14,Multia Pirttiperä,,4.3,26.0
2023-01-14,Joutsa Savenaho,1.7,4.2,26.0
2023-01-14,Kangasniemi kirkonkylä,,1.4,33.0
2023-01-14,Joutsa Pärnämäki,,4.8,27.0
2023-01-14,Juva Partala,1.5,,
2023-01-14,Varkaus Kosulanniemi,1.6,2.0,31.0
2023-01-14,Savonlinna Laukansaari,,4.2,29.0
2023-01-14,Sulkava Halttula,,6.9,42.0
2023-01-14,Savonlinna lentoasema,1.5,,
2023-01-14,Rantasalmi Rukkasluoto,1.2,,
2023-01-14,Savonlinna Punkaharju Laukansaari,1.3,2.5,32.0
2023-01-14,Enonkoski Simanala,,5.8,32.0
2023-01-14,Savonlinna Savonranta,,5.2,31.0
2023-01-14,Rääkkylä kirkonkylä,,4.2,39.0
2023-01-14,Tohmajärvi Kemie,1.1,2.7,41.0
2023-01-14,Joensuu Huhtilampi,,7.7,52.0
2023-01-14,Vaasa lentoasema,0.0,,
2023-01-14,Mustasaari Valassaaret,-0.8,,
2023-01-14,Närpiö Ylimarkku,,4.2,0.0
2023-01-14,Mustasaari Riimala,,2.1,8.0
2023-01-14,Kurikka Pyörni,,4.5,7.0
2023-01-14,Maalahti Strömmingsbådan,0.1,,
2023-01-14,Vaasa Klemettilä,0.0,1.7,14.0
2023-01-14,Seinäjoki Pelmaa,0.5,3.5,10.0
2023-01-14,Kauhava lentokenttä,0.8,2.7,16.0
2023-01-14,Ähtäri Inha,2.2,2.2,25.0
2023-01-14,Halsua Purola,0.7,3.5,20.0
2023-01-14,Alajärvi Möksy,1.5,4.1,31.0
2023-01-14,Multia Karhila,1.7,4.0,35.0
2023-01-14,Viitasaari Haapaniemi,1.7,4.3,25.0
2023-01-14,Äänekoski Kalaniemi,,2.8,26.0
2023-01-14,Vesanto kirkonkylä,2.0,3.3,33.0
2023-01-14,Pielavesi Venetmäki,,7.5,44.0
2023-01-14,Siilinjärvi Kuopio lentoasema,1.6,,
2023-01-14,Kuopio Maaninka,1.7,5.0,29.0
2023-01-14,Lapinlahti Lamminkäyrä,,4.0,29.0
2023-01-14,Suonenjoki Iisvesi,,1.3,23.0
2023-01-14,Kuopio Karttula,,2.9,30.0
2023-01-14,Kuopio Ritoniemi,1.8,,
2023-01-14,Kuopio Savilahti,1.9,1.5,26.0
2023-01-14,Heinävesi Palokki,,3.6,36.0
2023-01-14,Outokumpu Viuruniemi,,3.7,39.0
2023-01-14,Rautavaara Ala-Luosta,,4.6,32.0
2023-01-14,Rautavaara Ylä-Luosta,0.9,5.8,47.0
2023-01-14,Liperi Joensuu lentoasema,0.7,,
2023-01-14,Juuka Niemelä,1.0,1.4,42.0
2023-01-14,Joensuu Pyhäselkä,,4.0,34.0
2023-01-14,Lieksa Koli,,7.5,37.0
2023-01-14,Liperi Tuiskavanluoto,1.0,,
2023-01-14,Joensuu Linnunlahti,1.1,3.6,30.0
2023-01-14,Lieksa Lampela,1.3,3.4,26.0
2023-01-14,Ilomantsi Pötsönvaara,0.0,5.4,46.0
2023-01-14,Ilomantsi Mekrijärvi,0.7,2.6,41.0
2023-01-14,Pietarsaari Kallan,-0.3,,
2023-01-14,Kokkola Tankar,-0.3,,
2023-01-14,Kruunupyy Kokkola-Pietarsaari lentoasema,0.0,,
2023-01-14,Kaustinen Tastula,,1.3,10.0
2023-01-14,Kalajoki Ulkokalla,-0.2,,
2023-01-14,Kokkola Santahaka,-0.1,0.8,20.0
2023-01-14,Toholampi Oravala,,1.5,12.0
2023-01-14,Kalajoki Pitkäsenkylä,,0.5,12.0
2023-01-14,Kalajoki Mehtäkylä,,0.4,13.0
2023-01-14,Toholampi Laitala,0.3,1.1,5.0
2023-01-14,Ylivieska lentokenttä,0.4,0.6,31.0
2023-01-14,Ylivieska Vähäkangas,,1.0,21.0
2023-01-14,Haapavesi Mustikkamäki,0.3,1.7,14.0
2023-01-14,Pyhäjärvi Ojakylä,1.2,3.8,27.0
2023-01-14,Pyhäjärvi Hiidenniemi,,2.6,25.0
2023-01-14,Kiuruvesi Korpijoki,,2.2,27.0
2023-01-14,Siikalatva Kestilä,,2.9,24.0
2023-01-14,Kajaani lentoasema,1.3,,
2023-01-14,Vieremä Kaarakkala,0.7,4.4,40.0
2023-01-14,Kajaani Paltaniemi,,2.4,26.0
2023-01-14,Nurmes Valtimo,1.0,4.8,26.0
2023-01-14,Ristijärvi Mustavaara,,3.8,57.0
2023-01-14,Sotkamo Kuolaniemi,0.6,2.9,33.0
2023-01-14,Nurmes Mujejärvi,,7.3,40.0
2023-01-14,Kuhmo Apaja,,6.1,38.0
2023-01-14,Kuhmo Kalliojoki,0.4,3.2,38.0
2023-01-14,Raahe Nahkiainen,-0.3,,
2023-01-14,Hailuoto Keskikylä,-0.1,1.9,28.0
2023-01-14,Kemi I majakka,-1.1,,
2023-01-14,Hailuoto Marjaniemi,-0.2,,
2023-01-14,Raahe Lapaluoto satama,-0.1,,
2023-01-14,Oulu lentoasema,0.0,,
2023-01-14,Siikajoki Ruukki,-0.2,0.3,15.0
2023-01-14,Oulu Vihreäsaari satama,0.1,,
2023-01-14,Oulu Oulunsalo Pellonpää,-0.1,0.4,36.0
2023-01-14,Vaala Pelso,0.4,2.4,13.0
2023-01-14,Pudasjärvi lentokenttä,-0.2,0.9,48.0
2023-01-14,Utajärvi Särkijärvi,,1.7,34.0
2023-01-14,Pudasjärvi Jaurakkajärvi,,2.7,42.0
2023-01-14,Suomussalmi Näljänkä,,6.2,50.0
2023-01-14,Suomussalmi Pesiö,-0.2,8.9,61.0
2023-01-14,Puolanka Kotila,,10.1,58.0
2023-01-14,Puolanka Paljakka,-0.4,11.1,64.0
2023-01-14,Kemi Kemi-Tornio lentoasema,-0.5,,
2023-01-14,Kemi Ajos,-0.7,,
2023-01-14,Tornio Kaakkuri,-1.2,0.2,
2023-01-14,Ranua lentokenttä,-1.0,0.8,53.0
2023-01-14,Pudasjärvi Sarakylä,,1.7,41.0
2023-01-14,Posio Raistakka,,1.0,49.0
2023-01-14,Taivalkoski Inkee,,1.4,48.0
2023-01-14,Taivalkoski kirkonkylä,-0.7,1.5,46.0
2023-01-14,Kuusamo lentoasema,-1.2,0.8,36.0
2023-01-14,Kuusamo Kiutaköngäs,-0.9,0.9,43.0
2023-01-14,Kuusamo Rukatunturi,-2.3,,
2023-01-14,Kuusamo Teeriranta,,4.2,48.0
2023-01-14,Kuusamo Juuma,-1.6,,
2023-01-14,Ylitornio Meltosjärvi,-2.8,0.1,43.0
2023-01-14,Kolari Kattilamaa,,0.2,53.0
2023-01-14,Pello kirkonkylä,-4.1,-1.0,38.0
2023-01-14,Rovaniemi rautatieasema,-1.1,,
2023-01-14,Sodankylä Tähtelä,-2.7,0.2,54.0
2023-01-14,Rovaniemi Apukka,-1.2,0.2,42.0
2023-01-14,Pelkosenniemi kirkonkylä,,1.7,40.0
2023-01-14,Kemijärvi lentokenttä,-1.5,1.4,42.0
2023-01-14,Savukoski kirkonkylä,-1.7,0.7,44.0
2023-01-14,Salla Kelloselkä,,1.3,34.0
2023-01-14,Pelkosenniemi Pyhätunturi,-3.4,,
2023-01-14,Salla kirkonkylä,-2.0,1.9,35.0
2023-01-14,Salla Naruska,-2.1,2.2,45.0
2023-01-14,Enontekiö Kaaresuvanto,,-1.0,58.0
2023-01-14,Enontekiö lentoasema,-20.8,,
2023-01-14,Kittilä Pulju,,0.2,56.0
2023-01-14,Muonio Laukukero,-7.6,,
2023-01-14,Muonio Sammaltunturi,-7.7,,
2023-01-14,Kittilä Matorova,-7.8,,
2023-01-14,Kittilä lentoasema,-6.8,,
2023-01-14,Kittilä Kenttärova,-8.5,0.3,63.0
2023-01-14,Kittilä Pakatti,-5.9,0.7,65.0
2023-01-14,Kittilä Pokka,-5.5,0.1,65.0
2023-01-14,Sodankylä Lokka,-2.7,0.2,51.0
2023-01-14,Sodankylä Vuotso,-3.4,0.4,54.0
2023-01-14,Inari Saariselkä matkailukeskus,-4.2,0.1,47.0
2023-01-14,Inari Saariselkä Kaunispää,-4.9,,
2023-01-14,Inari Raja-Jooseppi Kontiojärvi,,-1.0,32.0
2023-01-14,Inari Raja-Jooseppi,-4.1,,
2023-01-14,Salla Värriötunturi,-2.8,1.4,42.0
2023-01-14,Enontekiö Kilpisjärvi kyläkeskus,-18.7,-1.0,46.0
2023-01-14,Enontekiö Kilpisjärvi Saana,-9.1,,
2023-01-14,Enontekiö Näkkälä,-17.6,-1.0,52.0
2023-01-14,Inari Angeli Lintupuoliselkä,-11.3,-1.0,39.0
2023-01-14,Inari Ivalo lentoasema,-4.2,,
2023-01-14,Utsjoki Kevo,-20.7,-1.0,41.0
2023-01-14,Utsjoki Nuorgam,-18.4,-1.0,40.0
2023-01-14,Inari Väylä,-13.1,,
2023-01-14,Inari kirkonkylä,,-1.0,47.0
2023-01-14,Inari Kaamanen,-10.5,0.1,49.0
2023-01-14,Inari Nellim,-5.8,-1.0,29.0
2023-01-14,Inari Kirakkajärvi,-9.8,-1.0,41.0
2023-01-14,Mäntsälä Hirvihaara,2.8,7.8,14.0
2023-01-14,Lahti Sopenkorpi,2.7,4.5,15.0
2023-01-14,Siuntio Sjundby,,10.7,20.0
2023-01-14,Sipoo Itätoukki,2.7,,
2023-01-14,Rauma Pyynpää,3.8,3.3,-1.0
2023-01-14,Muonio Oustajärvi,-15.2,-1.0,57.0
2023-01-14,Pyhtää lentokenttä,2.5,6.5,21.0
2023-01-14,Sotkamo Tuhkakylä,0.6,4.4,48.0
2023-01-14,Tervola Loue,-1.1,,
2023-01-14,Savukoski Tulppio,-2.4,0.2,39.0
2023-01-14,Mikkeli Pitkäaho,,3.1,30.0
2023-01-14,Kajaani Petäisenniska,1.0,2.2,35.0
2023-01-14,Utsjoki Kevo Kevojärvi,-22.3,,
2023-01-14,Inari Seitalaassa,-9.6,,
2023-01-14,Ilmajoki Seinäjoki lentoasema,1.6,,
2023-01-14,Rovaniemi lentoasema AWOS,-1.9,0.2,37.0
2023-01-14,Jyväskylä lentoasema AWOS,2.2,2.3,27.0
2023-01-14,Puumala kirkonkylä,1.4,2.9,28.0
2023-01-14,Helsinki Vuosaari satama,2.3,,
2023-01-14,Maarianhamina Länsisatama,3.7,,
2023-01-14,Lumparland Långnäs satama,3.6,5.5,-1.0
2023-01-14,Kittilä Lompolonvuoma,-14.5,-1.0,
2023-01-14,Kuusamo Ruka Talvijärvi,-1.3,,
2023-01-14,Espoo Nuuksio,2.4,7.9,29.0
2023-01-14,Mikkeli Lentoasema AWOS,1.9,4.0,32.0
2023-01-14,Espoo Tapiola,3.0,7.0,19.0
2023-01-15,Porvoo Kilpilahti satama,2.4,,
2023-01-15,Jomala Maarianhamina lentoasema,3.8,,
2023-01-15,Parainen Utö,4.0,6.4,-1.0
2023-01-15,Lemland Nyhamn,3.9,,
2023-01-15,Jomala Jomalaby,3.5,10.0,-1.0
2023-01-15,Hammarland Märket,3.6,,
2023-01-15,Kökar Bogskär,4.6,,
2023-01-15,Parainen Fagerholm,3.4,7.0,
2023-01-15,Kumlinge kirkonkylä,3.5,,
2023-01-15,Hanko Russarö,3.5,6.6,
2023-01-15,Kaarina Yltöinen,2.7,12.9,-1.0
2023-01-15,Kemiönsaari Vänö,3.8,,
2023-01-15,Hanko Tulliniemi,3.5,,
2023-01-15,Turku Rajakari,3.2,,
2023-01-15,Turku Artukainen,3.6,12.8,-1.0
2023-01-15,Kemiönsaari Kemiö,3.4,15.1,-1.0
2023-01-15,Hanko Tvärminne,3.1,6.9,-1.0
2023-01-15,Salo Kärkkä,3.4,12.2,
2023-01-15,Lohja Leppäkorpi,,12.9,1.0
2023-01-15,Raasepori Jussarö,2.8,,
2023-01-15,Salo Kiikala lentokenttä,2.3,10.0,-1.0
2023-01-15,Vantaa Helsinki-Vantaan lentoasema,2.5,12.2,8.0
2023-01-15,Inkoo Bågaskär,2.8,,
2023-01-15,Helsinki Kaisaniemi,2.6,5.0,-1.0
2023-01-15,Lohja Porla,2.5,14.9,24.0
2023-01-15,Vihti Maasoja,2.7,,
2023-01-15,Helsinki Harmaja,2.1,,
2023-01-15,Kirkkonummi Mäkiluoto,2.9,,
2023-01-15,Helsinki Helsingin majakka,2.8,,
2023-01-15,Helsinki Kumpula,2.4,6.1,10.0
2023-01-15,Helsinki Malmi lentokenttä,2.7,,
2023-01-15,Porvoo Kalbådagrund,2.6,,
2023-01-15,Porvoo Emäsalo,1.6,,
2023-01-15,Porvoo Harabacka,2.3,9.8,-1.0
2023-01-15,Kotka Rankki,1.5,7.6,19.0
2023-01-15,Loviisa Orrengrund,1.6,,
2023-01-15,Kotka Haapasaari,1.8,,
2023-01-15,Pori lentoasema,2.5,,
2023-01-15,Uusikaupunki Itätulli,,10.6,-1.0
2023-01-15,Kustavi Isokari,2.7,7.7,
2023-01-15,Rauma Kylmäpihlaja,2.3,,
2023-01-15,Pori rautatieasema,2.4,6.1,5.0
2023-01-15,Turku lentoasema,3.3,,
2023-01-15,Kokemäki Rausenkulma,,13.4,0.0
2023-01-15,Huittinen Sallila,,14.4,0.0
2023-01-15,Oripää Teinikivi,,11.3,5.0
2023-01-15,Pöytyä Yläne,,13.3,-1.0
2023-01-15,Kokemäki Tulkkila,2.5,9.9,-1.0
2023-01-15,Jokioinen Ilmala,2.3,9.3,3.0
2023-01-15,Nokia Tottijärvi,,6.4,5.0
2023-01-15,Pirkkala Tampere-Pirkkala lentoasema,2.1,,
2023-01-15,Tampere Härmälä,2.3,5.3,19.0
2023-01-15,Somero Salkola,1.4,8.7,20.0
2023-01-15,Hyvinkää Hyvinkäänkylä,2.0,17.2,17.0
2023-01-15,Vihti Hiiskula,,12.8,20.0
2023-01-15,Hämeenlinna Pirttikoski,,7.8,11.0
2023-01-15,Nurmijärvi Röykkä,2.0,15.5,13.0
2023-01-15,Hämeenlinna Katinen,2.4,6.2,
2023-01-15,Hattula Lepaa,2.1,5.5,10.0
2023-01-15,Hämeenlinna Lammi Pappila,1.7,6.9,14.0
2023-01-15,Asikkala Pulkkilanharju,1.9,,
2023-01-15,Kouvola Utti lentoasema,1.2,14.5,7.0
2023-01-15,Kouvola Anjala,1.8,12.7,22.0
2023-01-15,Heinola Asemantaus,1.7,5.9,10.0
2023-01-15,Kouvola Voikoski,,6.4,15.0
2023-01-15,Virolahti Koivuniemi,1.6,12.7,22.0
2023-01-15,Lappeenranta lentoasema,1.1,,
2023-01-15,Lappeenranta Konnunsuo,1.4,,
2023-01-15,Lappeenranta Lepola,1.1,2.5,18.0
2023-01-15,Ruokolahti Kotaniemi,,5.8,30.0
2023-01-15,Lappeenranta Hiekkapakka,1.3,,
2023-01-15,Parikkala Koitsanlahti,1.4,4.0,22.0
2023-01-15,Kaskinen Sälgrund,1.0,5.4,
2023-01-15,Merikarvia Tuorila,,8.9,25.0
2023-01-15,Isojoki Kärjenkoski,,7.5,0.0
2023-01-15,Teuva Kauppilankylä,,7.5,3.0
2023-01-15,Pori Tahkoluoto satama,1.7,,
2023-01-15,Kristiinankaupunki Majakka,1.6,,
2023-01-15,Karvia Alkkia,1.4,8.2,21.0
2023-01-15,Kurikka Hirvijärvi,,7.0,0.0
2023-01-15,Kauhajoki Kuja-Kokko,1.8,4.7,7.0
2023-01-15,Kankaanpää Niinisalo lentokenttä,1.6,7.8,24.0
2023-01-15,Alavus Sulkavankylä,,7.0,9.0
2023-01-15,Virrat Äijänneva,1.5,,
2023-01-15,Tampere Siilinkari,2.4,,
2023-01-15,Jämsä Halli lentoasema,1.5,5.2,14.0
2023-01-15,Juupajoki Hyytiälä,1.5,6.0,23.0
2023-01-15,Sysmä Joutsjärvi,,5.2,15.0
2023-01-15,Jyväskylä Muuratjärvi,,9.4,19.0
2023-01-15,Luhanka Judinsalo,1.5,,
2023-01-15,Multia Pirttiperä,,12.0,23.0
2023-01-15,Joutsa Savenaho,1.1,4.8,21.0
2023-01-15,Kangasniemi kirkonkylä,,5.6,30.0
2023-01-15,Joutsa Pärnämäki,,5.7,23.0
2023-01-15,Juva Partala,1.4,,
2023-01-15,Varkaus Kosulanniemi,1.5,5.1,26.0
2023-01-15,Savonlinna Laukansaari,,4.6,26.0
2023-01-15,Sulkava Halttula,,7.1,35.0
2023-01-15,Savonlinna lentoasema,1.5,,
2023-01-15,Rantasalmi Rukkasluoto,1.4,,
2023-01-15,Savonlinna Punkaharju Laukansaari,1.4,3.7,26.0
2023-01-15,Enonkoski Simanala,,4.5,30.0
2023-01-15,Savonlinna Savonranta,,5.0,27.0
2023-01-15,Rääkkylä kirkonkylä,,4.4,34.0
2023-01-15,Tohmajärvi Kemie,1.4,3.6,34.0
2023-01-15,Joensuu Huhtilampi,,10.3,45.0
2023-01-15,Vaasa lentoasema,1.3,,
2023-01-15,Mustasaari Valassaaret,0.3,,
2023-01-15,Närpiö Ylimarkku,,6.8,2.0
2023-01-15,Mustasaari Riimala,,7.4,9.0
2023-01-15,Kurikka Pyörni,,4.2,9.0
2023-01-15,Maalahti Strömmingsbådan,1.0,,
2023-01-15,Vaasa Klemettilä,1.3,6.0,16.0
2023-01-15,Seinäjoki Pelmaa,1.6,5.4,11.0
2023-01-15,Kauhava lentokenttä,1.8,2.8,16.0
2023-01-15,Ähtäri Inha,1.3,5.6,20.0
2023-01-15,Halsua Purola,1.1,3.9,18.0
2023-01-15,Alajärvi Möksy,1.0,3.5,27.0
2023-01-15,Multia Karhila,0.7,5.3,33.0
2023-01-15,Viitasaari Haapaniemi,1.1,2.7,21.0
2023-01-15,Äänekoski Kalaniemi,,5.5,23.0
2023-01-15,Vesanto kirkonkylä,1.1,3.6,27.0
2023-01-15,Pielavesi Venetmäki,,5.7,40.0
2023-01-15,Siilinjärvi Kuopio lentoasema,1.2,,
2023-01-15,Kuopio Maaninka,1.2,2.7,26.0
2023-01-15,Lapinlahti Lamminkäyrä,,2.0,26.0
2023-01-15,Suonenjoki Iisvesi,,3.1,21.0
2023-01-15,Kuopio Karttula,,3.8,28.0
2023-01-15,Kuopio Ritoniemi,1.4,,
2023-01-15,Kuopio Savilahti,1.2,4.9,23.0
2023-01-15,Heinävesi Palokki,,6.8,30.0
2023-01-15,Outokumpu Viuruniemi,,6.9,36.0
2023-01-15,Rautavaara Ala-Luosta,,5.6,28.0
2023-01-15,Rautavaara Ylä-Luosta,0.6,6.9,43.0
2023-01-15,Liperi Joensuu lentoasema,0.8,,
2023-01-15,Juuka Niemelä,0.8,4.3,38.0
2023-01-15,Joensuu Pyhäselkä,,6.2,28.0
2023-01-15,Lieksa Koli,,8.8,34.0
2023-01-15,Liperi Tuiskavanluoto,1.0,,
2023-01-15,Joensuu Linnunlahti,1.1,5.5,23.0
2023-01-15,Lieksa Lampela,1.0,2.7,24.0
2023-01-15,Ilomantsi Pötsönvaara,0.1,8.1,49.0
2023-01-15,Ilomantsi Mekrijärvi,0.8,3.8,38.0
2023-01-15,Pietarsaari Kallan,1.0,,
2023-01-15,Kokkola Tankar,1.0,,
2023-01-15,Kruunupyy Kokkola-Pietarsaari lentoasema,1.4,,
2023-01-15,Kaustinen Tastula,,2.4,10.0
2023-01-15,Kalajoki Ulkokalla,0.8,,
2023-01-15,Kokkola Santahaka,1.1,5.4,20.0
2023-01-15,Toholampi Oravala,,-1.0,11.0
2023-01-15,Kalajoki Pitkäsenkylä,,4.0,12.0
2023-01-15,Kalajoki Mehtäkylä,,4.3,12.0
2023-01-15,Toholampi Laitala,1.2,1.9,4.0
2023-01-15,Ylivieska lentokenttä,1.1,2.7,30.0
2023-01-15,Ylivieska Vähäkangas,,2.7,18.0
2023-01-15,Haapavesi Mustikkamäki,0.8,1.4,14.0
2023-01-15,Pyhäjärvi Ojakylä,0.9,3.9,25.0
2023-01-15,Pyhäjärvi Hiidenniemi,,4.5,23.0
2023-01-15,Kiuruvesi Korpijoki,,2.3,22.0
2023-01-15,Siikalatva Kestilä,,2.8,22.0
2023-01-15,Kajaani lentoasema,1.0,,
2023-01-15,Vieremä Kaarakkala,0.3,5.4,38.0
2023-01-15,Kajaani Paltaniemi,,3.4,24.0
2023-01-15,Nurmes Valtimo,0.8,5.6,23.0
2023-01-15,Ristijärvi Mustavaara,,5.5,56.0
2023-01-15,Sotkamo Kuolaniemi,0.6,2.3,31.0
2023-01-15,Nurmes Mujejärvi,,8.4,40.0
2023-01-15,Kuhmo Apaja,,5.3,36.0
2023-01-15,Kuhmo Kalliojoki,0.4,2.4,35.0
2023-01-15,Raahe Nahkiainen,0.7,,
2023-01-15,Hailuoto Keskikylä,0.3,3.3,28.0
2023-01-15,Kemi I majakka,-0.4,,
2023-01-15,Hailuoto Marjaniemi,0.4,,
2023-01-15,Raahe Lapaluoto satama,1.1,,
2023-01-15,Oulu lentoasema,0.9,,
2023-01-15,Siikajoki Ruukki,0.8,2.9,15.0
2023-01-15,Oulu Vihreäsaari satama,0.9,,
2023-01-15,Oulu Oulunsalo Pellonpää,0.6,3.0,37.0
2023-01-15,Vaala Pelso,0.8,1.4,13.0
2023-01-15,Pudasjärvi lentokenttä,-0.2,3.4,49.0
2023-01-15,Utajärvi Särkijärvi,,3.3,35.0
2023-01-15,Pudasjärvi Jaurakkajärvi,,4.1,40.0
2023-01-15,Suomussalmi Näljänkä,,4.1,54.0
2023-01-15,Suomussalmi Pesiö,0.0,3.8,60.0
2023-01-15,Puolanka Kotila,,4.3,60.0
2023-01-15,Puolanka Paljakka,-0.5,6.9,67.0
2023-01-15,Kemi Kemi-Tornio lentoasema,-0.9,,
2023-01-15,Kemi Ajos,-0.5,,
2023-01-15,Tornio Kaakkuri,-1.7,15.8,
2023-01-15,Ranua lentokenttä,-1.2,6.4,52.0
2023-01-15,Pudasjärvi Sarakylä,,3.4,43.0
2023-01-15,Posio Raistakka,,6.0,49.0
2023-01-15,Taivalkoski Inkee,,1.5,47.0
2023-01-15,Taivalkoski kirkonkylä,-0.6,2.4,47.0
2023-01-15,Kuusamo lentoasema,-1.3,1.6,36.0
2023-01-15,Kuusamo Kiutaköngäs,-1.5,1.8,44.0
2023-01-15,Kuusamo Rukatunturi,-2.7,,
2023-01-15,Kuusamo Teeriranta,,4.5,50.0
2023-01-15,Kuusamo Juuma,-2.0,,
2023-01-15,Ylitornio Meltosjärvi,-4.2,13.6,41.0
2023-01-15,Kolari Kattilamaa,,8.5,52.0
2023-01-15,Pello kirkonkylä,-12.3,10.4,38.0
2023-01-15,Rovaniemi rautatieasema,-1.8,,
2023-01-15,Sodankylä Tähtelä,-9.2,7.8,55.0
2023-01-15,Rovaniemi Apukka,-2.1,6.0,42.0
2023-01-15,Pelkosenniemi kirkonkylä,,7.5,40.0
2023-01-15,Kemijärvi lentokenttä,-2.4,4.5,44.0
2023-01-15,Savukoski kirkonkylä,-3.3,5.3,44.0
2023-01-15,Salla Kelloselkä,,2.2,34.0
2023-01-15,Pelkosenniemi Pyhätunturi,-4.8,,
2023-01-15,Salla kirkonkylä,-2.1,3.9,37.0
2023-01-15,Salla Naruska,-2.7,2.5,47.0
2023-01-15,Enontekiö Kaaresuvanto,,7.3,58.0
2023-01-15,Enontekiö lentoasema,-23.2,,
2023-01-15,Kittilä Pulju,,8.3,56.0
2023-01-15,Muonio Laukukero,-10.2,,
2023-01-15,Muonio Sammaltunturi,-10.4,,
2023-01-15,Kittilä Matorova,-16.1,,
2023-01-15,Kittilä lentoasema,-17.4,,
2023-01-15,Kittilä Kenttärova,-16.2,8.4,61.0
2023-01-15,Kittilä Pakatti,-16.8,8.6,65.0
2023-01-15,Kittilä Pokka,-18.5,7.5,64.0
2023-01-15,Sodankylä Lokka,-11.3,5.9,51.0
2023-01-15,Sodankylä Vuotso,-12.9,5.2,54.0
2023-01-15,Inari Saariselkä matkailukeskus,-15.9,4.6,46.0
2023-01-15,Inari Saariselkä Kaunispää,-11.4,,
2023-01-15,Inari Raja-Jooseppi Kontiojärvi,,2.1,32.0
2023-01-15,Inari Raja-Jooseppi,-11.6,,
2023-01-15,Salla Värriötunturi,-7.1,4.6,43.0
2023-01-15,Enontekiö Kilpisjärvi kyläkeskus,-20.6,2.2,45.0
2023-01-15,Enontekiö Kilpisjärvi Saana,-11.8,,
2023-01-15,Enontekiö Näkkälä,-21.0,5.1,52.0
2023-01-15,Inari Angeli Lintupuoliselkä,-17.3,3.0,38.0
2023-01-15,Inari Ivalo lentoasema,-17.9,,
2023-01-15,Utsjoki Kevo,-26.9,6.8,42.0
2023-01-15,Utsjoki Nuorgam,-24.5,4.8,40.0
2023-01-15,Inari Väylä,-24.2,,
2023-01-15,Inari kirkonkylä,,4.7,45.0
2023-01-15,Inari Kaamanen,-22.0,4.2,49.0
2023-01-15,Inari Nellim,-18.2,2.5,29.0
2023-01-15,Inari Kirakkajärvi,-21.3,4.1,40.0
2023-01-15,Mäntsälä Hirvihaara,1.8,12.5,12.0
2023-01-15,Lahti Sopenkorpi,1.6,6.4,12.0
2023-01-15,Siuntio Sjundby,,6.9,13.0
2023-01-15,Sipoo Itätoukki,2.3,,
2023-01-15,Rauma Pyynpää,2.7,9.4,-1.0
2023-01-15,Muonio Oustajärvi,-22.0,6.2,57.0
2023-01-15,Pyhtää lentokenttä,1.8,8.4,16.0
2023-01-15,Sotkamo Tuhkakylä,0.5,4.2,46.0
2023-01-15,Tervola Loue,-1.6,,
2023-01-15,Savukoski Tulppio,-6.2,3.4,39.0
2023-01-15,Mikkeli Pitkäaho,,6.0,26.0
2023-01-15,Kajaani Petäisenniska,0.7,2.4,32.0
2023-01-15,Utsjoki Kevo Kevojärvi,-28.3,,
2023-01-15,Inari Seitalaassa,-17.8,,
2023-01-15,Ilmajoki Seinäjoki lentoasema,1.7,,
2023-01-15,Rovaniemi lentoasema AWOS,-2.8,7.4,38.0
2023-01-15,Jyväskylä lentoasema AWOS,1.2,6.2,22.0
2023-01-15,Puumala kirkonkylä,1.4,2.8,24.0
2023-01-15,Helsinki Vuosaari satama,2.1,,
2023-01-15,Maarianhamina Länsisatama,3.7,,
2023-01-15,Lumparland Långnäs satama,3.8,7.4,-1.0
2023-01-15,Kittilä Lompolonvuoma,-22.4,12.7,
2023-01-15,Kuusamo Ruka Talvijärvi,-1.6,,
2023-01-15,Espoo Nuuksio,1.8,13.5,25.0
2023-01-15,Mikkeli Lentoasema AWOS,1.5,5.5,28.0
2023-01-15,Espoo Tapiola,2.4,5.8,15.0
2023-01-16,Porvoo Kilpilahti satama,2.7,,
2023-01-16,Jomala Maarianhamina lentoasema,3.0,,
2023-01-16,Parainen Utö,4.0,-1.0,-1.0
2023-01-16,Lemland Nyhamn,3.6,,
2023-01-16,Jomala Jomalaby,2.6,-1.0,-1.0
2023-01-16,Hammarland Märket,2.7,,
2023-01-16,Kökar Bogskär,4.4,,
2023-01-16,Parainen Fagerholm,3.5,0.5,
2023-01-16,Kumlinge kirkonkylä,3.0,,
2023-01-16,Hanko Russarö,3.6,1.6,
2023-01-16,Kaarina Yltöinen,2.4,3.2,-1.0
2023-01-16,Kemiönsaari Vänö,4.0,,
2023-01-16,Hanko Tulliniemi,3.6,,
2023-01-16,Turku Rajakari,3.0,,
2023-01-16,Turku Artukainen,2.8,2.0,-1.0
2023-01-16,Kemiönsaari Kemiö,3.1,1.1,-1.0
2023-01-16,Hanko Tvärminne,3.2,1.5,-1.0
2023-01-16,Salo Kärkkä,3.2,2.5,
2023-01-16,Lohja Leppäkorpi,,2.4,1.0
2023-01-16,Raasepori Jussarö,3.1,,
2023-01-16,Salo Kiikala lentokenttä,2.1,2.8,-1.0
2023-01-16,Vantaa Helsinki-Vantaan lentoasema,2.8,2.7,4.0
2023-01-16,Inkoo Bågaskär,3.1,,
2023-01-16,Helsinki Kaisaniemi,3.0,0.3,-1.0
2023-01-16,Lohja Porla,2.6,4.2,21.0
2023-01-16,Vihti Maasoja,2.9,,
2023-01-16,Helsinki Harmaja,2.5,,
2023-01-16,Kirkkonummi Mäkiluoto,3.0,,
2023-01-16,Helsinki Helsingin majakka,3.3,,
2023-01-16,Helsinki Kumpula,2.8,0.5,8.0
2023-01-16,Helsinki Malmi lentokenttä,3.1,,
2023-01-16,Porvoo Kalbådagrund,3.1,,
2023-01-16,Porvoo Emäsalo,2.2,,
2023-01-16,Porvoo Harabacka,2.9,1.7,-1.0
2023-01-16,Kotka Rankki,1.9,0.6,19.0
2023-01-16,Loviisa Orrengrund,2.0,,
2023-01-16,Kotka Haapasaari,2.2,,
2023-01-16,Pori lentoasema,1.7,,
2023-01-16,Uusikaupunki Itätulli,,0.2,-1.0
2023-01-16,Kustavi Isokari,2.5,0.1,
2023-01-16,Rauma Kylmäpihlaja,2.1,,
2023-01-16,Pori rautatieasema,1.7,3.0,4.0
2023-01-16,Turku lentoasema,2.6,,
2023-01-16,Kokemäki Rausenkulma,,4.5,0.0
2023-01-16,Huittinen Sallila,,1.0,0.0
2023-01-16,Oripää Teinikivi,,-1.0,4.0
2023-01-16,Pöytyä Yläne,,0.6,-1.0
2023-01-16,Kokemäki Tulkkila,1.9,2.6,-1.0
2023-01-16,Jokioinen Ilmala,2.0,3.9,-1.0
2023-01-16,Nokia Tottijärvi,,2.9,2.0
2023-01-16,Pirkkala Tampere-Pirkkala lentoasema,1.5,,
2023-01-16,Tampere Härmälä,1.8,2.0,17.0
2023-01-16,Somero Salkola,1.2,5.5,20.0
2023-01-16,Hyvinkää Hyvinkäänkylä,2.1,4.6,14.0
2023-01-16,Vihti Hiiskula,,4.2,19.0
2023-01-16,Hämeenlinna Pirttikoski,,0.8,8.0
2023-01-16,Nurmijärvi Röykkä,1.9,4.8,16.0
2023-01-16,Hämeenlinna Katinen,2.1,1.2,
2023-01-16,Hattula Lepaa,1.8,1.4,7.0
2023-01-16,Hämeenlinna Lammi Pappila,1.6,2.6,13.0
2023-01-16,Asikkala Pulkkilanharju,1.9,,
2023-01-16,Kouvola Utti lentoasema,1.6,5.0,8.0
2023-01-16,Kouvola Anjala,2.3,2.2,21.0
2023-01-16,Heinola Asemantaus,1.9,2.2,8.0
2023-01-16,Kouvola Voikoski,,2.3,13.0
2023-01-16,Virolahti Koivuniemi,1.8,2.9,19.0
2023-01-16,Lappeenranta lentoasema,1.5,,
2023-01-16,Lappeenranta Konnunsuo,1.8,,
2023-01-16,Lappeenranta Lepola,1.5,0.1,18.0
2023-01-16,Ruokolahti Kotaniemi,,2.0,30.0
2023-01-16,Lappeenranta Hiekkapakka,1.6,,
2023-01-16,Parikkala Koitsanlahti,1.5,0.9,22.0
2023-01-16,Kaskinen Sälgrund,0.7,1.4,
2023-01-16,Merikarvia Tuorila,,5.4,23.0
2023-01-16,Isojoki Kärjenkoski,,8.1,0.0
2023-01-16,Teuva Kauppilankylä,,3.2,0.0
2023-01-16,Pori Tahkoluoto satama,1.6,,
2023-01-16,Kristiinankaupunki Majakka,1.4,,
2023-01-16,Karvia Alkkia,0.2,6.4,20.0
2023-01-16,Kurikka Hirvijärvi,,3.3,0.0
2023-01-16,Kauhajoki Kuja-Kokko,0.5,2.8,5.0
2023-01-16,Kankaanpää Niinisalo lentokenttä,0.5,6.1,23.0
2023-01-16,Alavus Sulkavankylä,,2.2,6.0
2023-01-16,Virrat Äijänneva,0.7,,
2023-01-16,Tampere Siilinkari,1.8,,
2023-01-16,Jämsä Halli lentoasema,1.2,1.6,13.0
2023-01-16,Juupajoki Hyytiälä,0.9,2.0,20.0
2023-01-16,Sysmä Joutsjärvi,,1.3,14.0
2023-01-16,Jyväskylä Muuratjärvi,,5.0,19.0
2023-01-16,Luhanka Judinsalo,1.6,,
2023-01-16,Multia Pirttiperä,,2.7,21.0
2023-01-16,Joutsa Savenaho,0.9,2.6,20.0
2023-01-16,Kangasniemi kirkonkylä,,2.0,27.0
2023-01-16,Joutsa Pärnämäki,,1.0,21.0
2023-01-16,Juva Partala,1.5,,
2023-01-16,Varkaus Kosulanniemi,1.7,0.6,23.0
2023-01-16,Savonlinna Laukansaari,,1.1,24.0
2023-01-16,Sulkava Halttula,,0.9,34.0
2023-01-16,Savonlinna lentoasema,1.7,,
2023-01-16,Rantasalmi Rukkasluoto,1.6,,
2023-01-16,Savonlinna Punkaharju Laukansaari,1.6,1.2,25.0
2023-01-16,Enonkoski Simanala,,0.5,30.0
2023-01-16,Savonlinna Savonranta,,1.4,22.0
2023-01-16,Rääkkylä kirkonkylä,,1.5,31.0
2023-01-16,Tohmajärvi Kemie,1.1,1.9,34.0
2023-01-16,Joensuu Huhtilampi,,3.8,53.0
2023-01-16,Vaasa lentoasema,1.0,,
2023-01-16,Mustasaari Valassaaret,0.3,,
2023-01-16,Närpiö Ylimarkku,,2.7,0.0
2023-01-16,Mustasaari Riimala,,1.5,5.0
2023-01-16,Kurikka Pyörni,,1.4,8.0
2023-01-16,Maalahti Strömmingsbådan,1.0,,
2023-01-16,Vaasa Klemettilä,1.0,1.3,14.0
2023-01-16,Seinäjoki Pelmaa,1.1,0.9,8.0
2023-01-16,Kauhava lentokenttä,1.1,2.3,13.0
2023-01-16,Ähtäri Inha,0.8,1.7,19.0
2023-01-16,Halsua Purola,0.7,5.5,18.0
2023-01-16,Alajärvi Möksy,0.5,3.4,27.0
2023-01-16,Multia Karhila,0.3,2.2,33.0
2023-01-16,Viitasaari Haapaniemi,1.0,1.3,19.0
2023-01-16,Äänekoski Kalaniemi,,0.8,22.0
2023-01-16,Vesanto kirkonkylä,1.1,1.4,28.0
2023-01-16,Pielavesi Venetmäki,,1.9,40.0
2023-01-16,Siilinjärvi Kuopio lentoasema,1.5,,
2023-01-16,Kuopio Maaninka,1.6,0.6,25.0
2023-01-16,Lapinlahti Lamminkäyrä,,1.7,26.0
2023-01-16,Suonenjoki Iisvesi,,1.3,20.0
2023-01-16,Kuopio Karttula,,3.2,28.0
2023-01-16,Kuopio Ritoniemi,1.6,,
2023-01-16,Kuopio Savilahti,1.6,1.9,21.0
2023-01-16,Heinävesi Palokki,,0.8,30.0
2023-01-16,Outokumpu Viuruniemi,,0.6,31.0
2023-01-16,Rautavaara Ala-Luosta,,2.4,26.0
2023-01-16,Rautavaara Ylä-Luosta,0.6,3.9,44.0
2023-01-16,Liperi Joensuu lentoasema,0.8,,
2023-01-16,Juuka Niemelä,0.8,2.7,38.0
2023-01-16,Joensuu Pyhäselkä,,2.0,24.0
2023-01-16,Lieksa Koli,,2.8,35.0
2023-01-16,Liperi Tuiskavanluoto,1.0,,
2023-01-16,Joensuu Linnunlahti,1.1,1.1,22.0
2023-01-16,Lieksa Lampela,1.1,0.8,23.0
2023-01-16,Ilomantsi Pötsönvaara,-0.1,2.5,50.0
2023-01-16,Ilomantsi Mekrijärvi,0.6,1.0,37.0
2023-01-16,Pietarsaari Kallan,1.1,,
2023-01-16,Kokkola Tankar,1.1,,
2023-01-16,Kruunupyy Kokkola-Pietarsaari lentoasema,1.1,,
2023-01-16,Kaustinen Tastula,,4.3,8.0
2023-01-16,Kalajoki Ulkokalla,1.0,,
2023-01-16,Kokkola Santahaka,1.0,2.6,17.0
2023-01-16,Toholampi Oravala,,5.3,11.0
2023-01-16,Kalajoki Pitkäsenkylä,,3.5,12.0
2023-01-16,Kalajoki Mehtäkylä,,3.2,11.0
2023-01-16,Toholampi Laitala,0.9,2.7,-1.0
2023-01-16,Ylivieska lentokenttä,0.9,5.8,28.0
2023-01-16,Ylivieska Vähäkangas,,4.8,17.0
2023-01-16,Haapavesi Mustikkamäki,0.9,2.7,13.0
2023-01-16,Pyhäjärvi Ojakylä,0.9,3.6,25.0
2023-01-16,Pyhäjärvi Hiidenniemi,,3.9,22.0
2023-01-16,Kiuruvesi Korpijoki,,1.8,17.0
2023-01-16,Siikalatva Kestilä,,1.0,21.0
2023-01-16,Kajaani lentoasema,1.2,,
2023-01-16,Vieremä Kaarakkala,0.4,2.6,39.0
2023-01-16,Kajaani Paltaniemi,,2.9,23.0
2023-01-16,Nurmes Valtimo,0.9,5.1,23.0
2023-01-16,Ristijärvi Mustavaara,,3.9,60.0
2023-01-16,Sotkamo Kuolaniemi,0.6,1.9,31.0
2023-01-16,Nurmes Mujejärvi,,8.0,41.0
2023-01-16,Kuhmo Apaja,,4.1,34.0
2023-01-16,Kuhmo Kalliojoki,0.4,3.8,34.0
2023-01-16,Raahe Nahkiainen,1.1,,
2023-01-16,Hailuoto Keskikylä,1.2,0.9,27.0
2023-01-16,Kemi I majakka,0.8,,
2023-01-16,Hailuoto Marjaniemi,1.1,,
2023-01-16,Raahe Lapaluoto satama,1.7,,
2023-01-16,Oulu lentoasema,1.4,,
2023-01-16,Siikajoki Ruukki,1.2,5.5,14.0
2023-01-16,Oulu Vihreäsaari satama,1.5,,
2023-01-16,Oulu Oulunsalo Pellonpää,1.1,5.0,36.0
2023-01-16,Vaala Pelso,1.1,2.1,12.0
2023-01-16,Pudasjärvi lentokenttä,1.0,4.9,49.0
2023-01-16,Utajärvi Särkijärvi,,3.2,36.0
2023-01-16,Pudasjärvi Jaurakkajärvi,,6.0,40.0
2023-01-16,Suomussalmi Näljänkä,,8.3,58.0
2023-01-16,Suomussalmi Pesiö,0.0,5.8,61.0
2023-01-16,Puolanka Kotila,,6.7,63.0
2023-01-16,Puolanka Paljakka,-0.6,8.5,71.0
2023-01-16,Kemi Kemi-Tornio lentoasema,0.8,,
2023-01-16,Kemi Ajos,0.6,,
2023-01-16,Tornio Kaakkuri,0.5,3.0,
2023-01-16,Ranua lentokenttä,0.3,4.7,58.0
2023-01-16,Pudasjärvi Sarakylä,,7.7,43.0
2023-01-16,Posio Raistakka,,7.8,54.0
2023-01-16,Taivalkoski Inkee,,5.3,54.0
2023-01-16,Taivalkoski kirkonkylä,0.3,4.8,49.0
2023-01-16,Kuusamo lentoasema,-0.2,2.2,36.0
2023-01-16,Kuusamo Kiutaköngäs,0.4,1.2,45.0
2023-01-16,Kuusamo Rukatunturi,-1.7,,
2023-01-16,Kuusamo Teeriranta,,3.8,52.0
2023-01-16,Kuusamo Juuma,-0.6,,
2023-01-16,Ylitornio Meltosjärvi,0.3,4.3,55.0
2023-01-16,Kolari Kattilamaa,,4.6,59.0
2023-01-16,Pello kirkonkylä,0.1,1.6,47.0
2023-01-16,Rovaniemi rautatieasema,1.0,,
2023-01-16,Sodankylä Tähtelä,0.0,2.7,61.0
2023-01-16,Rovaniemi Apukka,0.6,2.1,47.0
2023-01-16,Pelkosenniemi kirkonkylä,,2.4,48.0
2023-01-16,Kemijärvi lentokenttä,0.0,3.2,49.0
2023-01-16,Savukoski kirkonkylä,0.0,3.2,50.0
2023-01-16,Salla Kelloselkä,,2.8,38.0
2023-01-16,Pelkosenniemi Pyhätunturi,-1.8,,
2023-01-16,Salla kirkonkylä,0.0,4.7,40.0
2023-01-16,Salla Naruska,-0.2,3.3,49.0
2023-01-16,Enontekiö Kaaresuvanto,,3.2,65.0
2023-01-16,Enontekiö lentoasema,-4.5,,
2023-01-16,Kittilä Pulju,,3.4,60.0
2023-01-16,Muonio Laukukero,-4.2,,
2023-01-16,Muonio Sammaltunturi,-3.1,,
2023-01-16,Kittilä Matorova,-2.8,,
2023-01-16,Kittilä lentoasema,-0.3,,
2023-01-16,Kittilä Kenttärova,-2.9,7.4,73.0
2023-01-16,Kittilä Pakatti,-0.3,3.0,71.0
2023-01-16,Kittilä Pokka,-1.0,4.3,71.0
2023-01-16,Sodankylä Lokka,-0.5,2.4,55.0
2023-01-16,Sodankylä Vuotso,-0.7,4.3,59.0
2023-01-16,Inari Saariselkä matkailukeskus,-1.0,3.5,50.0
2023-01-16,Inari Saariselkä Kaunispää,-2.1,,
2023-01-16,Inari Raja-Jooseppi Kontiojärvi,,-1.0,35.0
2023-01-16,Inari Raja-Jooseppi,-1.2,,
2023-01-16,Salla Värriötunturi,-1.3,5.2,48.0
2023-01-16,Enontekiö Kilpisjärvi kyläkeskus,-8.7,0.1,47.0
2023-01-16,Enontekiö Kilpisjärvi Saana,-10.1,,
2023-01-16,Enontekiö Näkkälä,-4.3,9.5,57.0
2023-01-16,Inari Angeli Lintupuoliselkä,-3.8,1.1,43.0
2023-01-16,Inari Ivalo lentoasema,-2.4,,
2023-01-16,Utsjoki Kevo,-8.3,1.5,50.0
2023-01-16,Utsjoki Nuorgam,-5.3,2.2,46.0
2023-01-16,Inari Väylä,-2.2,,
2023-01-16,Inari kirkonkylä,,2.2,50.0
2023-01-16,Inari Kaamanen,-2.3,2.9,53.0
2023-01-16,Inari Nellim,-0.8,1.0,31.0
2023-01-16,Inari Kirakkajärvi,-2.3,2.6,44.0
2023-01-16,Mäntsälä Hirvihaara,2.1,2.4,11.0
2023-01-16,Lahti Sopenkorpi,2.0,1.5,11.0
2023-01-16,Siuntio Sjundby,,1.0,10.0
2023-01-16,Sipoo Itätoukki,2.7,,
2023-01-16,Rauma Pyynpää,2.3,1.2,-1.0
2023-01-16,Muonio Oustajärvi,-1.7,6.0,63.0
2023-01-16,Pyhtää lentokenttä,2.3,0.5,14.0
2023-01-16,Sotkamo Tuhkakylä,0.5,2.8,45.0
2023-01-16,Tervola Loue,0.9,,
2023-01-16,Savukoski Tulppio,-0.5,3.5,41.0
2023-01-16,Mikkeli Pitkäaho,,0.6,24.0
2023-01-16,Kajaani Petäisenniska,0.9,1.2,31.0
2023-01-16,Utsjoki Kevo Kevojärvi,-8.6,,
2023-01-16,Inari Seitalaassa,-1.6,,
2023-01-16,Ilmajoki Seinäjoki lentoasema,0.7,,
2023-01-16,Rovaniemi lentoasema AWOS,-0.1,2.2,45.0
2023-01-16,Jyväskylä lentoasema AWOS,0.9,3.2,22.0
2023-01-16,Puumala kirkonkylä,1.6,0.6,22.0
2023-01-16,Helsinki Vuosaari satama,2.6,,
2023-01-16,Maarianhamina Länsisatama,3.3,,
2023-01-16,Lumparland Långnäs satama,3.1,-1.0,-1.0
2023-01-16,Kittilä Lompolonvuoma,-3.3,5.1,
2023-01-16,Kuusamo Ruka Talvijärvi,-0.3,,
2023-01-16,Espoo Nuuksio,1.9,2.0,22.0
2023-01-16,Mikkeli Lentoasema AWOS,1.7,2.2,26.0
2023-01-16,Espoo Tapiola,3.0,1.1,13.0
2023-01-17,Porvoo Kilpilahti satama,1.0,,
2023-01-17,Jomala Maarianhamina lentoasema,2.2,,
2023-01-17,Parainen Utö,2.3,4.2,-1.0
2023-01-17,Lemland Nyhamn,2.8,,
2023-01-17,Jomala Jomalaby,1.9,2.9,-1.0
2023-01-17,Hammarland Märket,1.9,,
2023-01-17,Kökar Bogskär,2.8,,
2023-01-17,Parainen Fagerholm,1.7,6.5,
2023-01-17,Kumlinge kirkonkylä,1.6,,
2023-01-17,Hanko Russarö,1.7,3.3,
2023-01-17,Kaarina Yltöinen,1.2,5.1,-1.0
2023-01-17,Kemiönsaari Vänö,1.8,,
2023-01-17,Hanko Tulliniemi,1.8,,
2023-01-17,Turku Rajakari,1.5,,
2023-01-17,Turku Artukainen,1.3,4.9,-1.0
2023-01-17,Kemiönsaari Kemiö,1.1,6.6,-1.0
2023-01-17,Hanko Tvärminne,1.6,1.4,-1.0
2023-01-17,Salo Kärkkä,1.5,3.7,
2023-01-17,Lohja Leppäkorpi,,9.4,0.0
2023-01-17,Raasepori Jussarö,1.5,,
2023-01-17,Salo Kiikala lentokenttä,0.5,6.7,-1.0
2023-01-17,Vantaa Helsinki-Vantaan lentoasema,0.8,10.7,1.0
2023-01-17,Inkoo Bågaskär,1.3,,
2023-01-17,Helsinki Kaisaniemi,1.2,7.8,-1.0
2023-01-17,Lohja Porla,0.8,10.0,20.0
2023-01-17,Vihti Maasoja,0.9,,
2023-01-17,Helsinki Harmaja,1.0,,
2023-01-17,Kirkkonummi Mäkiluoto,1.5,,
2023-01-17,Helsinki Helsingin majakka,1.4,,
2023-01-17,Helsinki Kumpula,1.0,10.2,6.0
2023-01-17,Helsinki Malmi lentokenttä,1.0,,
2023-01-17,Porvoo Kalbådagrund,1.3,,
2023-01-17,Porvoo Emäsalo,0.6,,
2023-01-17,Porvoo Harabacka,1.0,10.4,-1.0
2023-01-17,Kotka Rankki,0.5,6.1,17.0
2023-01-17,Loviisa Orrengrund,0.7,,
2023-01-17,Kotka Haapasaari,0.7,,
2023-01-17,Pori lentoasema,0.9,,
2023-01-17,Uusikaupunki Itätulli,,2.3,-1.0
2023-01-17,Kustavi Isokari,1.4,1.2,
2023-01-17,Rauma Kylmäpihlaja,0.9,,
2023-01-17,Pori rautatieasema,0.9,1.6,3.0
2023-01-17,Turku lentoasema,1.1,,
2023-01-17,Kokemäki Rausenkulma,,2.9,0.0
2023-01-17,Huittinen Sallila,,3.6,0.0
2023-01-17,Oripää Teinikivi,,5.2,4.0
2023-01-17,Pöytyä Yläne,,4.0,-1.0
2023-01-17,Kokemäki Tulkkila,0.9,1.8,-1.0
2023-01-17,Jokioinen Ilmala,0.7,2.3,-1.0
2023-01-17,Nokia Tottijärvi,,3.1,2.0
2023-01-17,Pirkkala Tampere-Pirkkala lentoasema,0.5,,
2023-01-17,Tampere Härmälä,0.8,3.7,16.0
2023-01-17,Somero Salkola,0.1,5.8,20.0
2023-01-17,Hyvinkää Hyvinkäänkylä,0.4,13.7,14.0
2023-01-17,Vihti Hiiskula,,13.6,18.0
2023-01-17,Hämeenlinna Pirttikoski,,7.6,7.0
2023-01-17,Nurmijärvi Röykkä,0.4,13.1,16.0
2023-01-17,Hämeenlinna Katinen,0.8,4.5,
2023-01-17,Hattula Lepaa,0.6,3.4,6.0
2023-01-17,Hämeenlinna Lammi Pappila,0.2,6.2,12.0
2023-01-17,Asikkala Pulkkilanharju,0.7,,
2023-01-17,Kouvola Utti lentoasema,0.3,7.8,6.0
2023-01-17,Kouvola Anjala,0.7,10.0,20.0
2023-01-17,Heinola Asemantaus,0.6,6.3,8.0
2023-01-17,Kouvola Voikoski,,1.7,12.0
2023-01-17,Virolahti Koivuniemi,0.7,8.9,16.0
2023-01-17,Lappeenranta lentoasema,0.3,,
2023-01-17,Lappeenranta Konnunsuo,0.5,,
2023-01-17,Lappeenranta Lepola,0.3,4.3,16.0
2023-01-17,Ruokolahti Kotaniemi,,5.2,26.0
2023-01-17,Lappeenranta Hiekkapakka,0.5,,
2023-01-17,Parikkala Koitsanlahti,0.5,6.3,20.0
2023-01-17,Kaskinen Sälgrund,0.5,2.4,
2023-01-17,Merikarvia Tuorila,,3.0,22.0
2023-01-17,Isojoki Kärjenkoski,,2.6,0.0
2023-01-17,Teuva Kauppilankylä,,0.9,1.0
2023-01-17,Pori Tahkoluoto satama,0.9,,
2023-01-17,Kristiinankaupunki Majakka,1.0,,
2023-01-17,Karvia Alkkia,-0.2,3.3,20.0
2023-01-17,Kurikka Hirvijärvi,,4.2,0.0
2023-01-17,Kauhajoki Kuja-Kokko,0.4,1.0,6.0
2023-01-17,Kankaanpää Niinisalo lentokenttä,0.2,2.8,23.0
2023-01-17,Alavus Sulkavankylä,,2.1,5.0
2023-01-17,Virrat Äijänneva,-0.2,,
2023-01-17,Tampere Siilinkari,0.8,,
2023-01-17,Jämsä Halli lentoasema,0.0,3.2,11.0
2023-01-17,Juupajoki Hyytiälä,0.0,4.7,18.0
2023-01-17,Sysmä Joutsjärvi,,3.7,13.0
2023-01-17,Jyväskylä Muuratjärvi,,4.7,17.0
2023-01-17,Luhanka Judinsalo,0.4,,
2023-01-17,Multia Pirttiperä,,4.8,20.0
2023-01-17,Joutsa Savenaho,-0.4,3.8,19.0
2023-01-17,Kangasniemi kirkonkylä,,3.8,28.0
2023-01-17,Joutsa Pärnämäki,,4.4,20.0
2023-01-17,Juva Partala,0.5,,
2023-01-17,Varkaus Kosulanniemi,0.7,1.8,21.0
2023-01-17,Savonlinna Laukansaari,,4.4,22.0
2023-01-17,Sulkava Halttula,,5.0,32.0
2023-01-17,Savonlinna lentoasema,0.7,,
2023-01-17,Rantasalmi Rukkasluoto,0.7,,
2023-01-17,Savonlinna Punkaharju Laukansaari,0.7,2.2,24.0
2023-01-17,Enonkoski Simanala,,-1.0,30.0
2023-01-17,Savonlinna Savonranta,,2.5,22.0
2023-01-17,Rääkkylä kirkonkylä,,0.9,27.0
2023-01-17,Tohmajärvi Kemie,0.5,0.6,30.0
2023-01-17,Joensuu Huhtilampi,,0.7,46.0
2023-01-17,Vaasa lentoasema,0.2,,
2023-01-17,Mustasaari Valassaaret,0.1,,
2023-01-17,Närpiö Ylimarkku,,2.4,0.0
2023-01-17,Mustasaari Riimala,,1.8,5.0
2023-01-17,Kurikka Pyörni,,2.0,8.0
2023-01-17,Maalahti Strömmingsbådan,0.7,,
2023-01-17,Vaasa Klemettilä,0.2,2.2,13.0
2023-01-17,Seinäjoki Pelmaa,0.0,2.3,7.0
2023-01-17,Kauhava lentokenttä,0.1,0.8,12.0
2023-01-17,Ähtäri Inha,-0.3,4.1,18.0
2023-01-17,Halsua Purola,-0.9,1.8,18.0
2023-01-17,Alajärvi Möksy,-0.8,1.5,26.0
2023-01-17,Multia Karhila,-0.8,2.8,32.0
2023-01-17,Viitasaari Haapaniemi,-0.3,2.6,18.0
2023-01-17,Äänekoski Kalaniemi,,3.5,21.0
2023-01-17,Vesanto kirkonkylä,-0.1,1.8,26.0
2023-01-17,Pielavesi Venetmäki,,2.8,39.0
2023-01-17,Siilinjärvi Kuopio lentoasema,0.3,,
2023-01-17,Kuopio Maaninka,0.3,0.5,24.0
2023-01-17,Lapinlahti Lamminkäyrä,,1.5,24.0
2023-01-17,Suonenjoki Iisvesi,,2.0,19.0
2023-01-17,Kuopio Karttula,,2.1,25.0
2023-01-17,Kuopio Ritoniemi,0.4,,
2023-01-17,Kuopio Savilahti,0.5,1.3,19.0
2023-01-17,Heinävesi Palokki,,2.6,28.0
2023-01-17,Outokumpu Viuruniemi,,1.9,30.0
2023-01-17,Rautavaara Ala-Luosta,,0.9,25.0
2023-01-17,Rautavaara Ylä-Luosta,-0.5,1.0,43.0
2023-01-17,Liperi Joensuu lentoasema,0.0,,
2023-01-17,Juuka Niemelä,0.0,1.6,37.0
2023-01-17,Joensuu Pyhäselkä,,1.2,20.0
2023-01-17,Lieksa Koli,,2.0,33.0
2023-01-17,Liperi Tuiskavanluoto,0.4,,
2023-01-17,Joensuu Linnunlahti,0.5,1.7,20.0
2023-01-17,Lieksa Lampela,0.5,0.6,21.0
2023-01-17,Ilomantsi Pötsönvaara,-0.9,1.8,52.0
2023-01-17,Ilomantsi Mekrijärvi,-0.1,1.5,36.0
2023-01-17,Pietarsaari Kallan,0.1,,
2023-01-17,Kokkola Tankar,-0.1,,
2023-01-17,Kruunupyy Kokkola-Pietarsaari lentoasema,-0.3,,
2023-01-17,Kaustinen Tastula,,0.8,8.0
2023-01-17,Kalajoki Ulkokalla,0.2,,
2023-01-17,Kokkola Santahaka,-0.4,2.3,15.0
2023-01-17,Toholampi Oravala,,0.5,13.0
2023-01-17,Kalajoki Pitkäsenkylä,,0.5,10.0
2023-01-17,Kalajoki Mehtäkylä,,0.3,11.0
2023-01-17,Toholampi Laitala,-0.5,0.8,3.0
2023-01-17,Ylivieska lentokenttä,-0.7,0.7,29.0
2023-01-17,Ylivieska Vähäkangas,,0.7,17.0
2023-01-17,Haapavesi Mustikkamäki,-0.8,0.5,11.0
2023-01-17,Pyhäjärvi Ojakylä,-0.7,1.2,24.0
2023-01-17,Pyhäjärvi Hiidenniemi,,3.3,21.0
2023-01-17,Kiuruvesi Korpijoki,,1.1,17.0
2023-01-17,Siikalatva Kestilä,,0.4,20.0
2023-01-17,Kajaani lentoasema,-0.7,,
2023-01-17,Vieremä Kaarakkala,-1.4,0.6,38.0
2023-01-17,Kajaani Paltaniemi,,0.2,21.0
2023-01-17,Nurmes Valtimo,-0.1,0.9,21.0
2023-01-17,Ristijärvi Mustavaara,,1.4,63.0
2023-01-17,Sotkamo Kuolaniemi,-0.8,0.4,31.0
2023-01-17,Nurmes Mujejärvi,,2.4,43.0
2023-01-17,Kuhmo Apaja,,1.0,38.0
2023-01-17,Kuhmo Kalliojoki,-1.3,1.3,35.0
2023-01-17,Raahe Nahkiainen,-0.2,,
2023-01-17,Hailuoto Keskikylä,-0.4,0.2,25.0
2023-01-17,Kemi I majakka,-0.5,,
2023-01-17,Hailuoto Marjaniemi,-0.4,,
2023-01-17,Raahe Lapaluoto satama,-0.1,,
2023-01-17,Oulu lentoasema,-0.5,,
2023-01-17,Siikajoki Ruukki,-0.8,0.2,15.0
2023-01-17,Oulu Vihreäsaari satama,-0.3,,
2023-01-17,Oulu Oulunsalo Pellonpää,-0.8,0.2,36.0
2023-01-17,Vaala Pelso,-0.9,0.2,11.0
2023-01-17,Pudasjärvi lentokenttä,-1.5,0.5,49.0
2023-01-17,Utajärvi Särkijärvi,,0.5,34.0
2023-01-17,Pudasjärvi Jaurakkajärvi,,0.0,40.0
2023-01-17,Suomussalmi Näljänkä,,1.0,61.0
2023-01-17,Suomussalmi Pesiö,-2.0,0.6,65.0
2023-01-17,Puolanka Kotila,,0.8,65.0
2023-01-17,Puolanka Paljakka,-3.1,0.8,77.0
2023-01-17,Kemi Kemi-Tornio lentoasema,-1.9,,
2023-01-17,Kemi Ajos,-1.5,,
2023-01-17,Tornio Kaakkuri,-2.5,2.2,
2023-01-17,Ranua lentokenttä,-2.1,0.1,62.0
2023-01-17,Pudasjärvi Sarakylä,,0.4,47.0
2023-01-17,Posio Raistakka,,0.3,63.0
2023-01-17,Taivalkoski Inkee,,0.5,57.0
2023-01-17,Taivalkoski kirkonkylä,-2.0,0.2,52.0
2023-01-17,Kuusamo lentoasema,-2.6,-1.0,41.0
2023-01-17,Kuusamo Kiutaköngäs,-1.6,-1.0,47.0
2023-01-17,Kuusamo Rukatunturi,-4.0,,
2023-01-17,Kuusamo Teeriranta,,0.2,55.0
2023-01-17,Kuusamo Juuma,-2.9,,
2023-01-17,Ylitornio Meltosjärvi,-4.3,0.4,52.0
2023-01-17,Kolari Kattilamaa,,0.3,62.0
2023-01-17,Pello kirkonkylä,-5.7,-1.0,46.0
2023-01-17,Rovaniemi rautatieasema,-2.1,,
2023-01-17,Sodankylä Tähtelä,-3.9,-1.0,63.0
2023-01-17,Rovaniemi Apukka,-2.3,-1.0,46.0
2023-01-17,Pelkosenniemi kirkonkylä,,-1.0,49.0
2023-01-17,Kemijärvi lentokenttä,-2.7,-1.0,56.0
2023-01-17,Savukoski kirkonkylä,-2.2,-1.0,52.0
2023-01-17,Salla Kelloselkä,,-1.0,48.0
2023-01-17,Pelkosenniemi Pyhätunturi,-4.7,,
2023-01-17,Salla kirkonkylä,-2.0,-1.0,45.0
2023-01-17,Salla Naruska,-1.9,-1.0,52.0
2023-01-17,Enontekiö Kaaresuvanto,,-1.0,66.0
2023-01-17,Enontekiö lentoasema,-10.4,,
2023-01-17,Kittilä Pulju,,-1.0,58.0
2023-01-17,Muonio Laukukero,-8.4,,
2023-01-17,Muonio Sammaltunturi,-9.3,,
2023-01-17,Kittilä Matorova,-8.1,,
2023-01-17,Kittilä lentoasema,-7.7,,
2023-01-17,Kittilä Kenttärova,-8.6,0.7,76.0
2023-01-17,Kittilä Pakatti,-7.7,-1.0,69.0
2023-01-17,Kittilä Pokka,-7.0,-1.0,72.0
2023-01-17,Sodankylä Lokka,-3.9,-1.0,60.0
2023-01-17,Sodankylä Vuotso,-5.4,-1.0,62.0
2023-01-17,Inari Saariselkä matkailukeskus,-5.8,-1.0,54.0
2023-01-17,Inari Saariselkä Kaunispää,-6.6,,
2023-01-17,Inari Raja-Jooseppi Kontiojärvi,,-1.0,35.0
2023-01-17,Inari Raja-Jooseppi,-4.7,,
2023-01-17,Salla Värriötunturi,-3.2,0.4,51.0
2023-01-17,Enontekiö Kilpisjärvi kyläkeskus,-9.5,0.4,47.0
2023-01-17,Enontekiö Kilpisjärvi Saana,-6.6,,
2023-01-17,Enontekiö Näkkälä,-10.9,-1.0,64.0
2023-01-17,Inari Angeli Lintupuoliselkä,-7.9,-1.0,43.0
2023-01-17,Inari Ivalo lentoasema,-5.3,,
2023-01-17,Utsjoki Kevo,-8.2,-1.0,49.0
2023-01-17,Utsjoki Nuorgam,-4.8,0.5,45.0
2023-01-17,Inari Väylä,-8.0,,
2023-01-17,Inari kirkonkylä,,-1.0,50.0
2023-01-17,Inari Kaamanen,-6.9,-1.0,53.0
2023-01-17,Inari Nellim,-3.7,-1.0,31.0
2023-01-17,Inari Kirakkajärvi,-5.5,-1.0,47.0
2023-01-17,Mäntsälä Hirvihaara,0.4,12.5,10.0
2023-01-17,Lahti Sopenkorpi,0.4,7.8,10.0
2023-01-17,Siuntio Sjundby,,9.4,6.0
2023-01-17,Sipoo Itätoukki,1.1,,
2023-01-17,Rauma Pyynpää,0.7,1.8,-1.0
2023-01-17,Muonio Oustajärvi,-9.5,-1.0,70.0
2023-01-17,Pyhtää lentokenttä,0.6,11.2,11.0
2023-01-17,Sotkamo Tuhkakylä,-1.3,0.7,47.0
2023-01-17,Tervola Loue,-2.6,,
2023-01-17,Savukoski Tulppio,-2.4,-1.0,46.0
2023-01-17,Mikkeli Pitkäaho,,3.4,22.0
2023-01-17,Kajaani Petäisenniska,-0.9,0.9,30.0
2023-01-17,Utsjoki Kevo Kevojärvi,-8.8,,
2023-01-17,Inari Seitalaassa,-7.1,,
2023-01-17,Ilmajoki Seinäjoki lentoasema,0.1,,
2023-01-17,Rovaniemi lentoasema AWOS,-3.3,0.1,46.0
2023-01-17,Jyväskylä lentoasema AWOS,0.0,3.0,20.0
2023-01-17,Puumala kirkonkylä,0.6,2.3,19.0
2023-01-17,Helsinki Vuosaari satama,0.9,,
2023-01-17,Maarianhamina Länsisatama,2.2,,
2023-01-17,Lumparland Långnäs satama,2.1,3.0,-1.0
2023-01-17,Kittilä Lompolonvuoma,-8.2,-1.0,
2023-01-17,Kuusamo Ruka Talvijärvi,-2.8,,
2023-01-17,Espoo Nuuksio,0.4,14.3,20.0
2023-01-17,Mikkeli Lentoasema AWOS,0.5,3.1,25.0
2023-01-17,Espoo Tapiola,1.1,7.3,11.0
2023-01-18,Porvoo Kilpilahti satama,1.5,,
2023-01-18,Jomala Maarianhamina lentoasema,3.1,,
2023-01-18,Parainen Utö,2.8,0.0,-1.0
2023-01-18,Lemland Nyhamn,3.4,,
2023-01-18,Jomala Jomalaby,2.7,-1.0,-1.0
2023-01-18,Hammarland Märket,3.0,,
2023-01-18,Kökar Bogskär,3.6,,
2023-01-18,Parainen Fagerholm,2.5,0.1,
2023-01-18,Kumlinge kirkonkylä,2.6,,
2023-01-18,Hanko Russarö,2.3,-1.0,
2023-01-18,Kaarina Yltöinen,1.5,0.3,2.0
2023-01-18,Kemiönsaari Vänö,2.5,,
2023-01-18,Hanko Tulliniemi,2.3,,
2023-01-18,Turku Rajakari,1.9,,
2023-01-18,Turku Artukainen,1.8,0.1,2.0
2023-01-18,Kemiönsaari Kemiö,1.7,0.1,2.0
2023-01-18,Hanko Tvärminne,2.0,-1.0,-1.0
2023-01-18,Salo Kärkkä,1.8,0.3,
2023-01-18,Lohja Leppäkorpi,,-1.0,7.0
2023-01-18,Raasepori Jussarö,2.0,,
2023-01-18,Salo Kiikala lentokenttä,0.6,0.1,7.0
2023-01-18,Vantaa Helsinki-Vantaan lentoasema,1.4,7.1,8.0
2023-01-18,Inkoo Bågaskär,1.8,,
2023-01-18,Helsinki Kaisaniemi,2.0,7.8,2.0
2023-01-18,Lohja Porla,1.4,1.0,24.0
2023-01-18,Vihti Maasoja,1.3,,
2023-01-18,Helsinki Harmaja,1.5,,
2023-01-18,Kirkkonummi Mäkiluoto,2.1,,
2023-01-18,Helsinki Helsingin majakka,2.1,,
2023-01-18,Helsinki Kumpula,1.7,7.5,8.0
2023-01-18,Helsinki Malmi lentokenttä,1.8,,
2023-01-18,Porvoo Kalbådagrund,1.9,,
2023-01-18,Porvoo Emäsalo,1.0,,
2023-01-18,Porvoo Harabacka,1.6,4.5,7.0
2023-01-18,Kotka Rankki,0.9,7.1,20.0
2023-01-18,Loviisa Orrengrund,1.1,,
2023-01-18,Kotka Haapasaari,1.1,,
2023-01-18,Pori lentoasema,1.2,,
2023-01-18,Uusikaupunki Itätulli,,-1.0,1.0
2023-01-18,Kustavi Isokari,2.0,0.1,
2023-01-18,Rauma Kylmäpihlaja,1.5,,
2023-01-18,Pori rautatieasema,1.3,0.4,4.0
2023-01-18,Turku lentoasema,1.4,,
2023-01-18,Kokemäki Rausenkulma,,0.0,1.0
2023-01-18,Huittinen Sallila,,1.2,2.0
2023-01-18,Oripää Teinikivi,,-1.0,2.0
2023-01-18,Pöytyä Yläne,,0.0,2.0
2023-01-18,Kokemäki Tulkkila,1.3,0.2,3.0
2023-01-18,Jokioinen Ilmala,0.9,0.8,3.0
2023-01-18,Nokia Tottijärvi,,1.2,6.0
2023-01-18,Pirkkala Tampere-Pirkkala lentoasema,0.5,,
2023-01-18,Tampere Härmälä,0.8,0.7,20.0
2023-01-18,Somero Salkola,0.2,-1.0,24.0
2023-01-18,Hyvinkää Hyvinkäänkylä,0.7,3.9,24.0
2023-01-18,Vihti Hiiskula,,2.9,28.0
2023-01-18,Hämeenlinna Pirttikoski,,1.1,11.0
2023-01-18,Nurmijärvi Röykkä,0.6,1.4,21.0
2023-01-18,Hämeenlinna Katinen,0.8,0.9,
2023-01-18,Hattula Lepaa,0.6,0.4,8.0
2023-01-18,Hämeenlinna Lammi Pappila,0.5,2.3,14.0
2023-01-18,Asikkala Pulkkilanharju,0.7,,
2023-01-18,Kouvola Utti lentoasema,0.3,5.6,11.0
2023-01-18,Kouvola Anjala,0.8,6.5,25.0
2023-01-18,Heinola Asemantaus,0.5,5.3,12.0
2023-01-18,Kouvola Voikoski,,2.4,14.0
2023-01-18,Virolahti Koivuniemi,1.0,7.0,20.0
2023-01-18,Lappeenranta lentoasema,0.2,,
2023-01-18,Lappeenranta Konnunsuo,0.4,,
2023-01-18,Lappeenranta Lepola,0.2,5.0,18.0
2023-01-18,Ruokolahti Kotaniemi,,4.1,32.0
2023-01-18,Lappeenranta Hiekkapakka,0.3,,
2023-01-18,Parikkala Koitsanlahti,0.3,4.5,23.0
2023-01-18,Kaskinen Sälgrund,0.7,0.2,
2023-01-18,Merikarvia Tuorila,,0.0,26.0
2023-01-18,Isojoki Kärjenkoski,,0.6,3.0
2023-01-18,Teuva Kauppilankylä,,0.5,3.0
2023-01-18,Pori Tahkoluoto satama,1.1,,
2023-01-18,Kristiinankaupunki Majakka,1.2,,
2023-01-18,Karvia Alkkia,0.0,1.4,25.0
2023-01-18,Kurikka Hirvijärvi,,1.4,4.0
2023-01-18,Kauhajoki Kuja-Kokko,0.6,0.7,6.0
2023-01-18,Kankaanpää Niinisalo lentokenttä,0.4,1.1,26.0
2023-01-18,Alavus Sulkavankylä,,1.3,7.0
2023-01-18,Virrat Äijänneva,0.0,,
2023-01-18,Tampere Siilinkari,0.9,,
2023-01-18,Jämsä Halli lentoasema,0.0,2.1,14.0
2023-01-18,Juupajoki Hyytiälä,-0.1,1.4,22.0
2023-01-18,Sysmä Joutsjärvi,,4.5,15.0
2023-01-18,Jyväskylä Muuratjärvi,,3.6,21.0
2023-01-18,Luhanka Judinsalo,0.6,,
2023-01-18,Multia Pirttiperä,,3.1,26.0
2023-01-18,Joutsa Savenaho,-0.2,4.2,21.0
2023-01-18,Kangasniemi kirkonkylä,,3.9,29.0
2023-01-18,Joutsa Pärnämäki,,4.6,23.0
2023-01-18,Juva Partala,0.2,,
2023-01-18,Varkaus Kosulanniemi,0.2,3.4,20.0
2023-01-18,Savonlinna Laukansaari,,5.4,24.0
2023-01-18,Sulkava Halttula,,4.4,36.0
2023-01-18,Savonlinna lentoasema,0.3,,
2023-01-18,Rantasalmi Rukkasluoto,0.2,,
2023-01-18,Savonlinna Punkaharju Laukansaari,0.4,4.8,25.0
2023-01-18,Enonkoski Simanala,,6.0,29.0
2023-01-18,Savonlinna Savonranta,,5.8,24.0
2023-01-18,Rääkkylä kirkonkylä,,4.2,29.0
2023-01-18,Tohmajärvi Kemie,0.1,4.3,29.0
2023-01-18,Joensuu Huhtilampi,,3.8,45.0
2023-01-18,Vaasa lentoasema,0.7,,
2023-01-18,Mustasaari Valassaaret,0.5,,
2023-01-18,Närpiö Ylimarkku,,-1.0,5.0
2023-01-18,Mustasaari Riimala,,0.8,5.0
2023-01-18,Kurikka Pyörni,,0.5,8.0
2023-01-18,Maalahti Strömmingsbådan,0.8,,
2023-01-18,Vaasa Klemettilä,0.8,1.3,17.0
2023-01-18,Seinäjoki Pelmaa,0.4,1.6,9.0
2023-01-18,Kauhava lentokenttä,0.4,1.2,14.0
2023-01-18,Ähtäri Inha,-0.2,2.0,22.0
2023-01-18,Halsua Purola,-0.4,1.8,19.0
2023-01-18,Alajärvi Möksy,-0.3,1.5,27.0
2023-01-18,Multia Karhila,-0.7,2.2,35.0
2023-01-18,Viitasaari Haapaniemi,-0.2,2.0,20.0
2023-01-18,Äänekoski Kalaniemi,,1.8,24.0
2023-01-18,Vesanto kirkonkylä,-0.2,2.6,25.0
2023-01-18,Pielavesi Venetmäki,,4.2,41.0
2023-01-18,Siilinjärvi Kuopio lentoasema,0.0,,
2023-01-18,Kuopio Maaninka,0.0,3.0,24.0
2023-01-18,Lapinlahti Lamminkäyrä,,0.0,25.0
2023-01-18,Suonenjoki Iisvesi,,3.6,20.0
2023-01-18,Kuopio Karttula,,4.9,27.0
2023-01-18,Kuopio Ritoniemi,0.0,,
2023-01-18,Kuopio Savilahti,0.2,4.1,19.0
2023-01-18,Heinävesi Palokki,,4.9,30.0
2023-01-18,Outokumpu Viuruniemi,,4.2,30.0
2023-01-18,Rautavaara Ala-Luosta,,3.7,26.0
2023-01-18,Rautavaara Ylä-Luosta,-0.7,4.2,43.0
2023-01-18,Liperi Joensuu lentoasema,-0.4,,
2023-01-18,Juuka Niemelä,-0.4,3.7,37.0
2023-01-18,Joensuu Pyhäselkä,,2.0,22.0
2023-01-18,Lieksa Koli,,2.9,34.0
2023-01-18,Liperi Tuiskavanluoto,0.1,,
2023-01-18,Joensuu Linnunlahti,0.1,2.6,21.0
2023-01-18,Lieksa Lampela,-0.4,1.3,21.0
2023-01-18,Ilomantsi Pötsönvaara,-1.5,4.2,52.0
2023-01-18,Ilomantsi Mekrijärvi,-0.5,4.1,37.0
2023-01-18,Pietarsaari Kallan,0.4,,
2023-01-18,Kokkola Tankar,0.3,,
2023-01-18,Kruunupyy Kokkola-Pietarsaari lentoasema,0.1,,
2023-01-18,Kaustinen Tastula,,2.5,9.0
2023-01-18,Kalajoki Ulkokalla,0.2,,
2023-01-18,Kokkola Santahaka,0.0,2.4,16.0
2023-01-18,Toholampi Oravala,,5.0,13.0
2023-01-18,Kalajoki Pitkäsenkylä,,2.1,11.0
2023-01-18,Kalajoki Mehtäkylä,,2.9,11.0
2023-01-18,Toholampi Laitala,-0.5,1.2,3.0
2023-01-18,Ylivieska lentokenttä,-0.4,2.1,29.0
2023-01-18,Ylivieska Vähäkangas,,2.2,17.0
2023-01-18,Haapavesi Mustikkamäki,-0.8,1.8,12.0
2023-01-18,Pyhäjärvi Ojakylä,-0.7,2.9,25.0
2023-01-18,Pyhäjärvi Hiidenniemi,,2.9,25.0
2023-01-18,Kiuruvesi Korpijoki,,2.0,18.0
2023-01-18,Siikalatva Kestilä,,3.3,20.0
2023-01-18,Kajaani lentoasema,-0.7,,
2023-01-18,Vieremä Kaarakkala,-1.1,3.9,40.0
2023-01-18,Kajaani Paltaniemi,,2.0,21.0
2023-01-18,Nurmes Valtimo,-0.6,3.9,22.0
2023-01-18,Ristijärvi Mustavaara,,6.4,64.0
2023-01-18,Sotkamo Kuolaniemi,-1.0,2.6,30.0
2023-01-18,Nurmes Mujejärvi,,5.1,44.0
2023-01-18,Kuhmo Apaja,,4.3,39.0
2023-01-18,Kuhmo Kalliojoki,-1.6,2.2,34.0
2023-01-18,Raahe Nahkiainen,0.2,,
2023-01-18,Hailuoto Keskikylä,-0.2,2.3,25.0
2023-01-18,Kemi I majakka,-0.2,,
2023-01-18,Hailuoto Marjaniemi,-0.1,,
2023-01-18,Raahe Lapaluoto satama,0.4,,
2023-01-18,Oulu lentoasema,-0.1,,
2023-01-18,Siikajoki Ruukki,-0.3,2.2,14.0
2023-01-18,Oulu Vihreäsaari satama,0.0,,
2023-01-18,Oulu Oulunsalo Pellonpää,-0.3,3.1,36.0
2023-01-18,Vaala Pelso,-0.9,2.1,11.0
2023-01-18,Pudasjärvi lentokenttä,-1.3,2.6,50.0
2023-01-18,Utajärvi Särkijärvi,,2.8,32.0
2023-01-18,Pudasjärvi Jaurakkajärvi,,4.3,40.0
2023-01-18,Suomussalmi Näljänkä,,5.7,61.0
2023-01-18,Suomussalmi Pesiö,-2.3,4.5,63.0
2023-01-18,Puolanka Kotila,,5.7,64.0
2023-01-18,Puolanka Paljakka,-2.8,5.4,75.0
2023-01-18,Kemi Kemi-Tornio lentoasema,-0.7,,
2023-01-18,Kemi Ajos,-0.7,,
2023-01-18,Tornio Kaakkuri,-0.8,8.9,
2023-01-18,Ranua lentokenttä,-2.2,5.2,61.0
2023-01-18,Pudasjärvi Sarakylä,,3.3,46.0
2023-01-18,Posio Raistakka,,6.0,61.0
2023-01-18,Taivalkoski Inkee,,4.3,54.0
2023-01-18,Taivalkoski kirkonkylä,-2.2,5.4,52.0
2023-01-18,Kuusamo lentoasema,-3.3,3.6,40.0
2023-01-18,Kuusamo Kiutaköngäs,-3.4,3.2,46.0
2023-01-18,Kuusamo Rukatunturi,-5.2,,
2023-01-18,Kuusamo Teeriranta,,6.1,55.0
2023-01-18,Kuusamo Juuma,-4.2,,
2023-01-18,Ylitornio Meltosjärvi,-2.5,5.4,55.0
2023-01-18,Kolari Kattilamaa,,6.0,62.0
2023-01-18,Pello kirkonkylä,-2.5,3.2,46.0
2023-01-18,Rovaniemi rautatieasema,-2.0,,
2023-01-18,Sodankylä Tähtelä,-4.5,5.0,62.0
2023-01-18,Rovaniemi Apukka,-2.5,3.6,46.0
2023-01-18,Pelkosenniemi kirkonkylä,,6.1,49.0
2023-01-18,Kemijärvi lentokenttä,-3.7,5.8,53.0
2023-01-18,Savukoski kirkonkylä,-4.3,3.5,51.0
2023-01-18,Salla Kelloselkä,,1.7,39.0
2023-01-18,Pelkosenniemi Pyhätunturi,-6.2,,
2023-01-18,Salla kirkonkylä,-4.0,2.6,44.0
2023-01-18,Salla Naruska,-4.2,2.1,51.0
2023-01-18,Enontekiö Kaaresuvanto,,5.0,66.0
2023-01-18,Enontekiö lentoasema,-7.9,,
2023-01-18,Kittilä Pulju,,6.3,58.0
2023-01-18,Muonio Laukukero,-9.2,,
2023-01-18,Muonio Sammaltunturi,-7.6,,
2023-01-18,Kittilä Matorova,-7.2,,
2023-01-18,Kittilä lentoasema,-5.1,,
2023-01-18,Kittilä Kenttärova,-7.0,5.1,73.0
2023-01-18,Kittilä Pakatti,-5.2,5.9,69.0
2023-01-18,Kittilä Pokka,-6.0,8.9,71.0
2023-01-18,Sodankylä Lokka,-5.2,3.9,59.0
2023-01-18,Sodankylä Vuotso,-5.5,5.9,60.0
2023-01-18,Inari Saariselkä matkailukeskus,-6.3,3.4,52.0
2023-01-18,Inari Saariselkä Kaunispää,-7.2,,
2023-01-18,Inari Raja-Jooseppi Kontiojärvi,,2.9,35.0
2023-01-18,Inari Raja-Jooseppi,-6.2,,
2023-01-18,Salla Värriötunturi,-6.0,1.4,48.0
2023-01-18,Enontekiö Kilpisjärvi kyläkeskus,-9.2,2.3,48.0
2023-01-18,Enontekiö Kilpisjärvi Saana,-10.8,,
2023-01-18,Enontekiö Näkkälä,-8.1,4.4,62.0
2023-01-18,Inari Angeli Lintupuoliselkä,-8.7,3.3,43.0
2023-01-18,Inari Ivalo lentoasema,-6.9,,
2023-01-18,Utsjoki Kevo,-17.1,2.9,47.0
2023-01-18,Utsjoki Nuorgam,-13.3,2.1,46.0
2023-01-18,Inari Väylä,-9.6,,
2023-01-18,Inari kirkonkylä,,5.8,50.0
2023-01-18,Inari Kaamanen,-8.1,6.6,54.0
2023-01-18,Inari Nellim,-7.7,4.0,31.0
2023-01-18,Inari Kirakkajärvi,-9.9,2.4,45.0
2023-01-18,Mäntsälä Hirvihaara,0.7,5.7,17.0
2023-01-18,Lahti Sopenkorpi,0.7,4.9,13.0
2023-01-18,Siuntio Sjundby,,3.3,10.0
2023-01-18,Sipoo Itätoukki,1.7,,
2023-01-18,Rauma Pyynpää,1.4,0.6,2.0
2023-01-18,Muonio Oustajärvi,-5.8,5.9,67.0
2023-01-18,Pyhtää lentokenttä,1.1,6.3,15.0
2023-01-18,Sotkamo Tuhkakylä,-1.1,3.0,47.0
2023-01-18,Tervola Loue,-1.4,,
2023-01-18,Savukoski Tulppio,-7.0,1.1,45.0
2023-01-18,Mikkeli Pitkäaho,,3.2,24.0
2023-01-18,Kajaani Petäisenniska,-0.9,3.2,30.0
2023-01-18,Utsjoki Kevo Kevojärvi,-18.6,,
2023-01-18,Inari Seitalaassa,-8.3,,
2023-01-18,Ilmajoki Seinäjoki lentoasema,0.2,,
2023-01-18,Rovaniemi lentoasema AWOS,-3.3,5.5,47.0
2023-01-18,Jyväskylä lentoasema AWOS,-0.1,2.2,24.0
2023-01-18,Puumala kirkonkylä,0.2,3.2,21.0
2023-01-18,Helsinki Vuosaari satama,1.5,,
2023-01-18,Maarianhamina Länsisatama,3.2,,
2023-01-18,Lumparland Långnäs satama,3.0,-1.0,-1.0
2023-01-18,Kittilä Lompolonvuoma,-7.1,7.8,
2023-01-18,Kuusamo Ruka Talvijärvi,-3.7,,
2023-01-18,Espoo Nuuksio,0.7,2.9,29.0
2023-01-18,Mikkeli Lentoasema AWOS,0.3,3.0,26.0
2023-01-18,Espoo Tapiola,1.8,6.3,13.0
2023-01-19,Porvoo Kilpilahti satama,0.5,,
2023-01-19,Jomala Maarianhamina lentoasema,0.1,,
2023-01-19,Parainen Utö,1.8,-1.0,-1.0
2023-01-19,Lemland Nyhamn,1.9,,
2023-01-19,Jomala Jomalaby,-0.6,-1.0,-1.0
2023-01-19,Hammarland Märket,0.6,,
2023-01-19,Kökar Bogskär,2.4,,
2023-01-19,Parainen Fagerholm,1.1,-1.0,
2023-01-19,Kumlinge kirkonkylä,0.2,,
2023-01-19,Hanko Russarö,1.7,-1.0,
2023-01-19,Kaarina Yltöinen,0.2,-1.0,-1.0
2023-01-19,Kemiönsaari Vänö,1.8,,
2023-01-19,Hanko Tulliniemi,1.6,,
2023-01-19,Turku Rajakari,0.7,,
2023-01-19,Turku Artukainen,0.4,-1.0,-1.0
2023-01-19,Kemiönsaari Kemiö,0.3,-1.0,-1.0
2023-01-19,Hanko Tvärminne,1.3,-1.0,-1.0
2023-01-19,Salo Kärkkä,0.5,-1.0,
2023-01-19,Lohja Leppäkorpi,,-1.0,6.0
2023-01-19,Raasepori Jussarö,1.4,,
2023-01-19,Salo Kiikala lentokenttä,0.0,-1.0,4.0
2023-01-19,Vantaa Helsinki-Vantaan lentoasema,0.0,8.5,11.0
2023-01-19,Inkoo Bågaskär,0.9,,
2023-01-19,Helsinki Kaisaniemi,0.8,5.1,3.0
2023-01-19,Lohja Porla,0.6,0.5,22.0
2023-01-19,Vihti Maasoja,0.3,,
2023-01-19,Helsinki Harmaja,0.6,,
2023-01-19,Kirkkonummi Mäkiluoto,1.3,,
2023-01-19,Helsinki Helsingin majakka,1.1,,
2023-01-19,Helsinki Kumpula,0.4,6.8,12.0
2023-01-19,Helsinki Malmi lentokenttä,0.1,,
2023-01-19,Porvoo Kalbådagrund,1.1,,
2023-01-19,Porvoo Emäsalo,0.5,,
2023-01-19,Porvoo Harabacka,0.4,5.2,4.0
2023-01-19,Kotka Rankki,0.3,6.5,23.0
2023-01-19,Loviisa Orrengrund,0.5,,
2023-01-19,Kotka Haapasaari,0.7,,
2023-01-19,Pori lentoasema,-0.8,,
2023-01-19,Uusikaupunki Itätulli,,-1.0,1.0
2023-01-19,Kustavi Isokari,0.7,-1.0,
2023-01-19,Rauma Kylmäpihlaja,0.4,,
2023-01-19,Pori rautatieasema,-0.5,0.5,3.0
2023-01-19,Turku lentoasema,-0.2,,
2023-01-19,Kokemäki Rausenkulma,,0.4,0.0
2023-01-19,Huittinen Sallila,,0.1,1.0
2023-01-19,Oripää Teinikivi,,2.7,2.0
2023-01-19,Pöytyä Yläne,,0.5,0.0
2023-01-19,Kokemäki Tulkkila,0.1,0.1,2.0
2023-01-19,Jokioinen Ilmala,0.0,0.2,2.0
2023-01-19,Nokia Tottijärvi,,0.7,4.0
2023-01-19,Pirkkala Tampere-Pirkkala lentoasema,-0.1,,
2023-01-19,Tampere Härmälä,0.3,0.2,20.0
2023-01-19,Somero Salkola,-0.3,-1.0,23.0
2023-01-19,Hyvinkää Hyvinkäänkylä,0.1,4.6,23.0
2023-01-19,Vihti Hiiskula,,0.6,29.0
2023-01-19,Hämeenlinna Pirttikoski,,-1.0,8.0
2023-01-19,Nurmijärvi Röykkä,-0.1,3.1,21.0
2023-01-19,Hämeenlinna Katinen,0.2,1.2,
2023-01-19,Hattula Lepaa,0.2,0.6,8.0
2023-01-19,Hämeenlinna Lammi Pappila,-0.2,5.0,16.0
2023-01-19,Asikkala Pulkkilanharju,-0.1,,
2023-01-19,Kouvola Utti lentoasema,0.0,12.3,12.0
2023-01-19,Kouvola Anjala,0.4,7.2,26.0
2023-01-19,Heinola Asemantaus,0.0,9.0,13.0
2023-01-19,Kouvola Voikoski,,8.2,15.0
2023-01-19,Virolahti Koivuniemi,0.5,7.0,23.0
2023-01-19,Lappeenranta lentoasema,0.0,,
2023-01-19,Lappeenranta Konnunsuo,0.4,,
2023-01-19,Lappeenranta Lepola,0.2,4.2,20.0
2023-01-19,Ruokolahti Kotaniemi,,5.8,34.0
2023-01-19,Lappeenranta Hiekkapakka,0.2,,
2023-01-19,Parikkala Koitsanlahti,0.4,4.6,24.0
2023-01-19,Kaskinen Sälgrund,-0.1,0.1,
2023-01-19,Merikarvia Tuorila,,1.8,26.0
2023-01-19,Isojoki Kärjenkoski,,1.0,2.0
2023-01-19,Teuva Kauppilankylä,,0.3,2.0
2023-01-19,Pori Tahkoluoto satama,0.4,,
2023-01-19,Kristiinankaupunki Majakka,0.5,,
2023-01-19,Karvia Alkkia,-1.1,0.1,26.0
2023-01-19,Kurikka Hirvijärvi,,0.2,4.0
2023-01-19,Kauhajoki Kuja-Kokko,-2.8,0.1,8.0
2023-01-19,Kankaanpää Niinisalo lentokenttä,-0.9,0.3,26.0
2023-01-19,Alavus Sulkavankylä,,-1.0,8.0
2023-01-19,Virrat Äijänneva,-0.7,,
2023-01-19,Tampere Siilinkari,0.1,,
2023-01-19,Jämsä Halli lentoasema,-0.3,0.9,15.0
2023-01-19,Juupajoki Hyytiälä,-0.5,0.3,22.0
2023-01-19,Sysmä Joutsjärvi,,10.4,20.0
2023-01-19,Jyväskylä Muuratjärvi,,3.1,23.0
2023-01-19,Luhanka Judinsalo,-0.3,,
2023-01-19,Multia Pirttiperä,,1.0,28.0
2023-01-19,Joutsa Savenaho,-0.6,13.3,22.0
2023-01-19,Kangasniemi kirkonkylä,,9.4,31.0
2023-01-19,Joutsa Pärnämäki,,10.8,25.0
2023-01-19,Juva Partala,-0.3,,
2023-01-19,Varkaus Kosulanniemi,0.1,11.2,22.0
2023-01-19,Savonlinna Laukansaari,,6.7,26.0
2023-01-19,Sulkava Halttula,,8.9,37.0
2023-01-19,Savonlinna lentoasema,0.0,,
2023-01-19,Rantasalmi Rukkasluoto,-0.1,,
2023-01-19,Savonlinna Punkaharju Laukansaari,0.2,5.9,26.0
2023-01-19,Enonkoski Simanala,,8.0,26.0
2023-01-19,Savonlinna Savonranta,,8.1,28.0
2023-01-19,Rääkkylä kirkonkylä,,3.5,35.0
2023-01-19,Tohmajärvi Kemie,0.4,4.6,30.0
2023-01-19,Joensuu Huhtilampi,,7.4,46.0
2023-01-19,Vaasa lentoasema,-1.7,,
2023-01-19,Mustasaari Valassaaret,0.1,,
2023-01-19,Närpiö Ylimarkku,,0.5,1.0
2023-01-19,Mustasaari Riimala,,0.0,5.0
2023-01-19,Kurikka Pyörni,,0.4,8.0
2023-01-19,Maalahti Strömmingsbådan,0.6,,
2023-01-19,Vaasa Klemettilä,-0.9,0.1,18.0
2023-01-19,Seinäjoki Pelmaa,-3.7,-1.0,10.0
2023-01-19,Kauhava lentokenttä,-0.9,-1.0,15.0
2023-01-19,Ähtäri Inha,-0.9,0.1,23.0
2023-01-19,Halsua Purola,-1.2,-1.0,20.0
2023-01-19,Alajärvi Möksy,-1.1,-1.0,28.0
2023-01-19,Multia Karhila,-1.3,0.2,34.0
2023-01-19,Viitasaari Haapaniemi,-0.7,4.3,22.0
2023-01-19,Äänekoski Kalaniemi,,4.8,24.0
2023-01-19,Vesanto kirkonkylä,-0.6,10.4,31.0
2023-01-19,Pielavesi Venetmäki,,11.8,44.0
2023-01-19,Siilinjärvi Kuopio lentoasema,-0.1,,
2023-01-19,Kuopio Maaninka,-0.2,7.7,26.0
2023-01-19,Lapinlahti Lamminkäyrä,,17.2,25.0
2023-01-19,Suonenjoki Iisvesi,,10.1,21.0
2023-01-19,Kuopio Karttula,,9.8,35.0
2023-01-19,Kuopio Ritoniemi,-0.2,,
2023-01-19,Kuopio Savilahti,-0.1,10.9,21.0
2023-01-19,Heinävesi Palokki,,10.6,35.0
2023-01-19,Outokumpu Viuruniemi,,8.5,34.0
2023-01-19,Rautavaara Ala-Luosta,,9.1,29.0
2023-01-19,Rautavaara Ylä-Luosta,-0.6,10.7,45.0
2023-01-19,Liperi Joensuu lentoasema,0.0,,
2023-01-19,Juuka Niemelä,-0.3,12.0,40.0
2023-01-19,Joensuu Pyhäselkä,,10.2,22.0
2023-01-19,Lieksa Koli,,12.9,36.0
2023-01-19,Liperi Tuiskavanluoto,0.2,,
2023-01-19,Joensuu Linnunlahti,0.3,8.1,22.0
2023-01-19,Lieksa Lampela,-0.2,11.7,23.0
2023-01-19,Ilomantsi Pötsönvaara,-0.6,6.7,56.0
2023-01-19,Ilomantsi Mekrijärvi,0.0,4.6,42.0
2023-01-19,Pietarsaari Kallan,-0.6,,
2023-01-19,Kokkola Tankar,-0.8,,
2023-01-19,Kruunupyy Kokkola-Pietarsaari lentoasema,-2.3,,
2023-01-19,Kaustinen Tastula,,-1.0,12.0
2023-01-19,Kalajoki Ulkokalla,0.0,,
2023-01-19,Kokkola Santahaka,-3.1,0.2,18.0
2023-01-19,Toholampi Oravala,,2.5,19.0
2023-01-19,Kalajoki Pitkäsenkylä,,-1.0,11.0
2023-01-19,Kalajoki Mehtäkylä,,-1.0,12.0
2023-01-19,Toholampi Laitala,-1.2,-1.0,5.0
2023-01-19,Ylivieska lentokenttä,-1.1,-1.0,31.0
2023-01-19,Ylivieska Vähäkangas,,-1.0,18.0
2023-01-19,Haapavesi Mustikkamäki,-0.9,0.0,13.0
2023-01-19,Pyhäjärvi Ojakylä,-1.0,0.1,28.0
2023-01-19,Pyhäjärvi Hiidenniemi,,-1.0,27.0
2023-01-19,Kiuruvesi Korpijoki,,4.9,19.0
2023-01-19,Siikalatva Kestilä,,-1.0,22.0
2023-01-19,Kajaani lentoasema,-0.5,,
2023-01-19,Vieremä Kaarakkala,-1.1,7.8,43.0
2023-01-19,Kajaani Paltaniemi,,9.3,24.0
2023-01-19,Nurmes Valtimo,-0.4,9.2,26.0
2023-01-19,Ristijärvi Mustavaara,,11.5,68.0
2023-01-19,Sotkamo Kuolaniemi,-0.7,8.4,33.0
2023-01-19,Nurmes Mujejärvi,,9.6,47.0
2023-01-19,Kuhmo Apaja,,11.0,42.0
2023-01-19,Kuhmo Kalliojoki,-1.2,10.2,39.0
2023-01-19,Raahe Nahkiainen,0.1,,
2023-01-19,Hailuoto Keskikylä,-2.3,-1.0,27.0
2023-01-19,Kemi I majakka,-0.5,,
2023-01-19,Hailuoto Marjaniemi,-1.0,,
2023-01-19,Raahe Lapaluoto satama,-0.5,,
2023-01-19,Oulu lentoasema,-1.2,,
2023-01-19,Siikajoki Ruukki,-1.3,0.1,17.0
2023-01-19,Oulu Vihreäsaari satama,-0.6,,
2023-01-19,Oulu Oulunsalo Pellonpää,-1.3,-1.0,39.0
2023-01-19,Vaala Pelso,-1.0,-1.0,12.0
2023-01-19,Pudasjärvi lentokenttä,-1.1,0.1,54.0
2023-01-19,Utajärvi Särkijärvi,,0.9,36.0
2023-01-19,Pudasjärvi Jaurakkajärvi,,1.2,45.0
2023-01-19,Suomussalmi Näljänkä,,6.9,63.0
2023-01-19,Suomussalmi Pesiö,-1.5,11.0,68.0
2023-01-19,Puolanka Kotila,,7.8,68.0
2023-01-19,Puolanka Paljakka,-2.1,7.8,78.0
2023-01-19,Kemi Kemi-Tornio lentoasema,-2.3,,
2023-01-19,Kemi Ajos,-2.1,,
2023-01-19,Tornio Kaakkuri,-2.4,-1.0,
2023-01-19,Ranua lentokenttä,-2.1,1.2,64.0
2023-01-19,Pudasjärvi Sarakylä,,-1.0,48.0
2023-01-19,Posio Raistakka,,0.1,64.0
2023-01-19,Taivalkoski Inkee,,3.4,56.0
2023-01-19,Taivalkoski kirkonkylä,-1.2,1.4,57.0
2023-01-19,Kuusamo lentoasema,-1.8,5.6,43.0
2023-01-19,Kuusamo Kiutaköngäs,-1.6,4.1,48.0
2023-01-19,Kuusamo Rukatunturi,-3.2,,
2023-01-19,Kuusamo Teeriranta,,10.6,58.0
2023-01-19,Kuusamo Juuma,-2.2,,
2023-01-19,Ylitornio Meltosjärvi,-3.0,-1.0,57.0
2023-01-19,Kolari Kattilamaa,,-1.0,63.0
2023-01-19,Pello kirkonkylä,-2.6,-1.0,49.0
2023-01-19,Rovaniemi rautatieasema,-1.5,,
2023-01-19,Sodankylä Tähtelä,-2.9,-1.0,66.0
2023-01-19,Rovaniemi Apukka,-1.8,-1.0,50.0
2023-01-19,Pelkosenniemi kirkonkylä,,-1.0,55.0
2023-01-19,Kemijärvi lentokenttä,-2.2,-1.0,55.0
2023-01-19,Savukoski kirkonkylä,-2.5,-1.0,53.0
2023-01-19,Salla Kelloselkä,,-1.0,39.0
2023-01-19,Pelkosenniemi Pyhätunturi,-3.6,,
2023-01-19,Salla kirkonkylä,-1.9,-1.0,44.0
2023-01-19,Salla Naruska,-1.7,-1.0,52.0
2023-01-19,Enontekiö Kaaresuvanto,,-1.0,70.0
2023-01-19,Enontekiö lentoasema,-2.9,,
2023-01-19,Kittilä Pulju,,0.0,61.0
2023-01-19,Muonio Laukukero,-6.3,,
2023-01-19,Muonio Sammaltunturi,-4.1,,
2023-01-19,Kittilä Matorova,-2.8,,
2023-01-19,Kittilä lentoasema,-2.5,,
2023-01-19,Kittilä Kenttärova,-2.9,0.7,79.0
2023-01-19,Kittilä Pakatti,-2.4,-1.0,73.0
2023-01-19,Kittilä Pokka,-3.0,-1.0,76.0
2023-01-19,Sodankylä Lokka,-3.5,-1.0,63.0
2023-01-19,Sodankylä Vuotso,-4.1,-1.0,65.0
2023-01-19,Inari Saariselkä matkailukeskus,-4.7,-1.0,56.0
2023-01-19,Inari Saariselkä Kaunispää,-4.2,,
2023-01-19,Inari Raja-Jooseppi Kontiojärvi,,-1.0,38.0
2023-01-19,Inari Raja-Jooseppi,-3.2,,
2023-01-19,Salla Värriötunturi,-3.1,0.0,48.0
2023-01-19,Enontekiö Kilpisjärvi kyläkeskus,-7.8,-1.0,50.0
2023-01-19,Enontekiö Kilpisjärvi Saana,-9.0,,
2023-01-19,Enontekiö Näkkälä,-3.5,0.6,66.0
2023-01-19,Inari Angeli Lintupuoliselkä,-2.9,-1.0,47.0
2023-01-19,Inari Ivalo lentoasema,-4.1,,
2023-01-19,Utsjoki Kevo,-3.4,-1.0,52.0
2023-01-19,Utsjoki Nuorgam,-4.1,-1.0,48.0
2023-01-19,Inari Väylä,-5.2,,
2023-01-19,Inari kirkonkylä,,-1.0,55.0
2023-01-19,Inari Kaamanen,-4.4,-1.0,61.0
2023-01-19,Inari Nellim,-4.8,-1.0,36.0
2023-01-19,Inari Kirakkajärvi,-7.0,-1.0,48.0
2023-01-19,Mäntsälä Hirvihaara,0.0,7.0,19.0
2023-01-19,Lahti Sopenkorpi,0.0,10.1,17.0
2023-01-19,Siuntio Sjundby,,1.7,10.0
2023-01-19,Sipoo Itätoukki,0.8,,
2023-01-19,Rauma Pyynpää,-0.2,0.4,2.0
2023-01-19,Muonio Oustajärvi,-1.9,-1.0,71.0
2023-01-19,Pyhtää lentokenttä,0.3,6.8,17.0
2023-01-19,Sotkamo Tuhkakylä,-1.0,10.0,49.0
2023-01-19,Tervola Loue,-2.8,,
2023-01-19,Savukoski Tulppio,-2.4,-1.0,46.0
2023-01-19,Mikkeli Pitkäaho,,11.4,25.0
2023-01-19,Kajaani Petäisenniska,-0.7,10.0,34.0
2023-01-19,Utsjoki Kevo Kevojärvi,-3.3,,
2023-01-19,Inari Seitalaassa,-4.8,,
2023-01-19,Ilmajoki Seinäjoki lentoasema,-1.5,,
2023-01-19,Rovaniemi lentoasema AWOS,-2.5,-1.0,50.0
2023-01-19,Jyväskylä lentoasema AWOS,-0.8,2.0,26.0
2023-01-19,Puumala kirkonkylä,-0.1,6.5,21.0
2023-01-19,Helsinki Vuosaari satama,0.6,,
2023-01-19,Maarianhamina Länsisatama,1.0,,
2023-01-19,Lumparland Långnäs satama,0.2,0.5,-1.0
2023-01-19,Kittilä Lompolonvuoma,-2.2,-1.0,
2023-01-19,Kuusamo Ruka Talvijärvi,-2.0,,
2023-01-19,Espoo Nuuksio,-0.2,3.5,28.0
2023-01-19,Mikkeli Lentoasema AWOS,-0.1,10.3,26.0
2023-01-19,Espoo Tapiola,0.4,4.7,16.0
2023-01-20,Porvoo Kilpilahti satama,-0.3,,
2023-01-20,Jomala Maarianhamina lentoasema,-2.1,,
2023-01-20,Parainen Utö,1.6,-1.0,-1.0
2023-01-20,Lemland Nyhamn,2.5,,
2023-01-20,Jomala Jomalaby,-2.2,-1.0,-1.0
2023-01-20,Hammarland Märket,1.6,,
2023-01-20,Kökar Bogskär,3.1,,
2023-01-20,Parainen Fagerholm,-0.6,-1.0,
2023-01-20,Kumlinge kirkonkylä,0.7,,
2023-01-20,Hanko Russarö,0.3,-1.0,
2023-01-20,Kaarina Yltöinen,-3.0,-1.0,-1.0
2023-01-20,Kemiönsaari Vänö,0.7,,
2023-01-20,Hanko Tulliniemi,1.0,,
2023-01-20,Turku Rajakari,-0.9,,
2023-01-20,Turku Artukainen,-3.1,-1.0,-1.0
2023-01-20,Kemiönsaari Kemiö,-2.8,-1.0,-1.0
2023-01-20,Hanko Tvärminne,-0.6,-1.0,-1.0
2023-01-20,Salo Kärkkä,-3.8,-1.0,
2023-01-20,Lohja Leppäkorpi,,-1.0,6.0
2023-01-20,Raasepori Jussarö,0.8,,
2023-01-20,Salo Kiikala lentokenttä,-4.4,-1.0,3.0
2023-01-20,Vantaa Helsinki-Vantaan lentoasema,-1.6,0.0,11.0
2023-01-20,Inkoo Bågaskär,0.4,,
2023-01-20,Helsinki Kaisaniemi,0.7,-1.0,4.0
2023-01-20,Lohja Porla,-1.6,-1.0,21.0
2023-01-20,Vihti Maasoja,-3.1,,
2023-01-20,Helsinki Harmaja,0.8,,
2023-01-20,Kirkkonummi Mäkiluoto,0.7,,
2023-01-20,Helsinki Helsingin majakka,1.5,,
2023-01-20,Helsinki Kumpula,0.2,0.0,13.0
2023-01-20,Helsinki Malmi lentokenttä,-1.3,,
2023-01-20,Porvoo Kalbådagrund,1.4,,
2023-01-20,Porvoo Emäsalo,0.2,,
2023-01-20,Porvoo Harabacka,-1.0,-1.0,8.0
2023-01-20,Kotka Rankki,-0.6,-1.0,29.0
2023-01-20,Loviisa Orrengrund,0.0,,
2023-01-20,Kotka Haapasaari,0.1,,
2023-01-20,Pori lentoasema,-1.3,,
2023-01-20,Uusikaupunki Itätulli,,-1.0,0.0
2023-01-20,Kustavi Isokari,0.6,0.1,
2023-01-20,Rauma Kylmäpihlaja,0.0,,
2023-01-20,Pori rautatieasema,-1.3,-1.0,3.0
2023-01-20,Turku lentoasema,-3.5,,
2023-01-20,Kokemäki Rausenkulma,,-1.0,0.0
2023-01-20,Huittinen Sallila,,-1.0,1.0
2023-01-20,Oripää Teinikivi,,-1.0,5.0
2023-01-20,Pöytyä Yläne,,-1.0,0.0
2023-01-20,Kokemäki Tulkkila,-2.0,-1.0,2.0
2023-01-20,Jokioinen Ilmala,-4.5,-1.0,2.0
2023-01-20,Nokia Tottijärvi,,-1.0,4.0
2023-01-20,Pirkkala Tampere-Pirkkala lentoasema,-3.7,,
2023-01-20,Tampere Härmälä,-3.7,-1.0,19.0
2023-01-20,Somero Salkola,-2.6,-1.0,23.0
2023-01-20,Hyvinkää Hyvinkäänkylä,-3.6,-1.0,26.0
2023-01-20,Vihti Hiiskula,,-1.0,29.0
2023-01-20,Hämeenlinna Pirttikoski,,-1.0,8.0
2023-01-20,Nurmijärvi Röykkä,-2.8,-1.0,26.0
2023-01-20,Hämeenlinna Katinen,-3.1,-1.0,
2023-01-20,Hattula Lepaa,-3.6,-1.0,8.0
2023-01-20,Hämeenlinna Lammi Pappila,-3.3,-1.0,21.0
2023-01-20,Asikkala Pulkkilanharju,-3.3,,
2023-01-20,Kouvola Utti lentoasema,-2.3,-1.0,20.0
2023-01-20,Kouvola Anjala,-1.4,-1.0,30.0
2023-01-20,Heinola Asemantaus,-2.4,-1.0,21.0
2023-01-20,Kouvola Voikoski,,-1.0,22.0
2023-01-20,Virolahti Koivuniemi,-1.5,-1.0,25.0
2023-01-20,Lappeenranta lentoasema,-1.6,,
2023-01-20,Lappeenranta Konnunsuo,-1.2,,
2023-01-20,Lappeenranta Lepola,-1.1,-1.0,23.0
2023-01-20,Ruokolahti Kotaniemi,,-1.0,38.0
2023-01-20,Lappeenranta Hiekkapakka,-1.7,,
2023-01-20,Parikkala Koitsanlahti,-1.1,-1.0,26.0
2023-01-20,Kaskinen Sälgrund,-0.1,-1.0,
2023-01-20,Merikarvia Tuorila,,-1.0,26.0
2023-01-20,Isojoki Kärjenkoski,,-1.0,2.0
2023-01-20,Teuva Kauppilankylä,,-1.0,2.0
2023-01-20,Pori Tahkoluoto satama,0.4,,
2023-01-20,Kristiinankaupunki Majakka,0.6,,
2023-01-20,Karvia Alkkia,-2.4,-1.0,26.0
2023-01-20,Kurikka Hirvijärvi,,-1.0,4.0
2023-01-20,Kauhajoki Kuja-Kokko,-1.4,-1.0,8.0
2023-01-20,Kankaanpää Niinisalo lentokenttä,-2.7,-1.0,26.0
2023-01-20,Alavus Sulkavankylä,,-1.0,8.0
2023-01-20,Virrat Äijänneva,-2.8,,
2023-01-20,Tampere Siilinkari,-2.0,,
2023-01-20,Jämsä Halli lentoasema,-4.1,-1.0,15.0
2023-01-20,Juupajoki Hyytiälä,-3.9,0.0,22.0
2023-01-20,Sysmä Joutsjärvi,,-1.0,30.0
2023-01-20,Jyväskylä Muuratjärvi,,-1.0,27.0
2023-01-20,Luhanka Judinsalo,-3.2,,
2023-01-20,Multia Pirttiperä,,-1.0,29.0
2023-01-20,Joutsa Savenaho,-3.4,-1.0,38.0
2023-01-20,Kangasniemi kirkonkylä,,-1.0,46.0
2023-01-20,Joutsa Pärnämäki,,-1.0,37.0
2023-01-20,Juva Partala,-2.3,,
2023-01-20,Varkaus Kosulanniemi,-1.8,-1.0,31.0
2023-01-20,Savonlinna Laukansaari,,-1.0,29.0
2023-01-20,Sulkava Halttula,,-1.0,45.0
2023-01-20,Savonlinna lentoasema,-1.8,,
2023-01-20,Rantasalmi Rukkasluoto,-2.0,,
2023-01-20,Savonlinna Punkaharju Laukansaari,-2.0,-1.0,30.0
2023-01-20,Enonkoski Simanala,,-1.0,30.0
2023-01-20,Savonlinna Savonranta,,-1.0,35.0
2023-01-20,Rääkkylä kirkonkylä,,0.0,37.0
2023-01-20,Tohmajärvi Kemie,-1.6,-1.0,31.0
2023-01-20,Joensuu Huhtilampi,,-1.0,52.0
2023-01-20,Vaasa lentoasema,-0.3,,
2023-01-20,Mustasaari Valassaaret,0.2,,
2023-01-20,Närpiö Ylimarkku,,-1.0,1.0
2023-01-20,Mustasaari Riimala,,-1.0,5.0
2023-01-20,Kurikka Pyörni,,-1.0,8.0
2023-01-20,Maalahti Strömmingsbådan,0.7,,
2023-01-20,Vaasa Klemettilä,-0.1,-1.0,17.0
2023-01-20,Seinäjoki Pelmaa,-1.0,-1.0,10.0
2023-01-20,Kauhava lentokenttä,-0.5,-1.0,15.0
2023-01-20,Ähtäri Inha,-2.5,-1.0,22.0
2023-01-20,Halsua Purola,-1.4,-1.0,20.0
2023-01-20,Alajärvi Möksy,-1.6,-1.0,28.0
2023-01-20,Multia Karhila,-3.2,-1.0,34.0
2023-01-20,Viitasaari Haapaniemi,-2.0,-1.0,25.0
2023-01-20,Äänekoski Kalaniemi,,-1.0,29.0
2023-01-20,Vesanto kirkonkylä,-2.4,-1.0,44.0
2023-01-20,Pielavesi Venetmäki,,0.3,60.0
2023-01-20,Siilinjärvi Kuopio lentoasema,-1.6,,
2023-01-20,Kuopio Maaninka,-1.6,-1.0,35.0
2023-01-20,Lapinlahti Lamminkäyrä,,0.0,38.0
2023-01-20,Suonenjoki Iisvesi,,-1.0,32.0
2023-01-20,Kuopio Karttula,,-1.0,45.0
2023-01-20,Kuopio Ritoniemi,-2.3,,
2023-01-20,Kuopio Savilahti,-1.4,0.1,33.0
2023-01-20,Heinävesi Palokki,,-1.0,46.0
2023-01-20,Outokumpu Viuruniemi,,-1.0,46.0
2023-01-20,Rautavaara Ala-Luosta,,0.0,43.0
2023-01-20,Rautavaara Ylä-Luosta,-2.4,-1.0,58.0
2023-01-20,Liperi Joensuu lentoasema,-2.1,,
2023-01-20,Juuka Niemelä,-1.9,-1.0,54.0
2023-01-20,Joensuu Pyhäselkä,,-1.0,30.0
2023-01-20,Lieksa Koli,,-1.0,49.0
2023-01-20,Liperi Tuiskavanluoto,-2.1,,
2023-01-20,Joensuu Linnunlahti,-2.1,-1.0,27.0
2023-01-20,Lieksa Lampela,-1.7,-1.0,35.0
2023-01-20,Ilomantsi Pötsönvaara,-2.7,-1.0,61.0
2023-01-20,Ilomantsi Mekrijärvi,-2.1,-1.0,44.0
2023-01-20,Pietarsaari Kallan,0.0,,
2023-01-20,Kokkola Tankar,0.1,,
2023-01-20,Kruunupyy Kokkola-Pietarsaari lentoasema,-0.6,,
2023-01-20,Kaustinen Tastula,,-1.0,12.0
2023-01-20,Kalajoki Ulkokalla,0.4,,
2023-01-20,Kokkola Santahaka,-0.6,-1.0,18.0
2023-01-20,Toholampi Oravala,,-1.0,21.0
2023-01-20,Kalajoki Pitkäsenkylä,,-1.0,11.0
2023-01-20,Kalajoki Mehtäkylä,,-1.0,12.0
2023-01-20,Toholampi Laitala,-0.9,-1.0,5.0
2023-01-20,Ylivieska lentokenttä,-0.9,-1.0,31.0
2023-01-20,Ylivieska Vähäkangas,,-1.0,17.0
2023-01-20,Haapavesi Mustikkamäki,-1.1,0.0,13.0
2023-01-20,Pyhäjärvi Ojakylä,-1.7,-1.0,27.0
2023-01-20,Pyhäjärvi Hiidenniemi,,-1.0,27.0
2023-01-20,Kiuruvesi Korpijoki,,0.0,24.0
2023-01-20,Siikalatva Kestilä,,-1.0,22.0
2023-01-20,Kajaani lentoasema,-1.9,,
2023-01-20,Vieremä Kaarakkala,-2.6,0.1,52.0
2023-01-20,Kajaani Paltaniemi,,-1.0,36.0
2023-01-20,Nurmes Valtimo,-1.8,-1.0,36.0
2023-01-20,Ristijärvi Mustavaara,,0.5,78.0
2023-01-20,Sotkamo Kuolaniemi,-2.2,-1.0,43.0
2023-01-20,Nurmes Mujejärvi,,-1.0,55.0
2023-01-20,Kuhmo Apaja,,-1.0,52.0
2023-01-20,Kuhmo Kalliojoki,-2.7,0.1,50.0
2023-01-20,Raahe Nahkiainen,0.2,,
2023-01-20,Hailuoto Keskikylä,0.2,-1.0,27.0
2023-01-20,Kemi I majakka,-0.3,,
2023-01-20,Hailuoto Marjaniemi,0.2,,
2023-01-20,Raahe Lapaluoto satama,0.2,,
2023-01-20,Oulu lentoasema,-0.1,,
2023-01-20,Siikajoki Ruukki,-0.3,-1.0,16.0
2023-01-20,Oulu Vihreäsaari satama,0.0,,
2023-01-20,Oulu Oulunsalo Pellonpää,-0.4,0.5,39.0
2023-01-20,Vaala Pelso,-1.2,-1.0,12.0
2023-01-20,Pudasjärvi lentokenttä,-1.2,0.9,53.0
2023-01-20,Utajärvi Särkijärvi,,0.4,36.0
2023-01-20,Pudasjärvi Jaurakkajärvi,,0.6,47.0
2023-01-20,Suomussalmi Näljänkä,,1.7,68.0
2023-01-20,Suomussalmi Pesiö,-2.7,0.4,78.0
2023-01-20,Puolanka Kotila,,0.8,74.0
2023-01-20,Puolanka Paljakka,-3.5,0.8,82.0
2023-01-20,Kemi Kemi-Tornio lentoasema,-1.2,,
2023-01-20,Kemi Ajos,-1.3,,
2023-01-20,Tornio Kaakkuri,-2.8,-1.0,
2023-01-20,Ranua lentokenttä,-1.6,1.0,64.0
2023-01-20,Pudasjärvi Sarakylä,,0.9,48.0
2023-01-20,Posio Raistakka,,1.0,63.0
2023-01-20,Taivalkoski Inkee,,1.3,57.0
2023-01-20,Taivalkoski kirkonkylä,-1.9,0.4,57.0
2023-01-20,Kuusamo lentoasema,-2.6,0.1,47.0
2023-01-20,Kuusamo Kiutaköngäs,-1.6,0.1,51.0
2023-01-20,Kuusamo Rukatunturi,-4.3,,
2023-01-20,Kuusamo Teeriranta,,0.5,67.0
2023-01-20,Kuusamo Juuma,-2.9,,
2023-01-20,Ylitornio Meltosjärvi,-3.5,1.6,56.0
2023-01-20,Kolari Kattilamaa,,-1.0,63.0
2023-01-20,Pello kirkonkylä,-5.6,2.7,49.0
2023-01-20,Rovaniemi rautatieasema,-2.0,,
2023-01-20,Sodankylä Tähtelä,-3.7,0.3,65.0
2023-01-20,Rovaniemi Apukka,-2.0,0.8,49.0
2023-01-20,Pelkosenniemi kirkonkylä,,0.1,56.0
2023-01-20,Kemijärvi lentokenttä,-2.4,0.1,54.0
2023-01-20,Savukoski kirkonkylä,-2.7,0.2,53.0
2023-01-20,Salla Kelloselkä,,-1.0,39.0
2023-01-20,Pelkosenniemi Pyhätunturi,-4.8,,
2023-01-20,Salla kirkonkylä,-1.8,0.2,43.0
2023-01-20,Salla Naruska,-2.3,0.3,51.0
2023-01-20,Enontekiö Kaaresuvanto,,-1.0,70.0
2023-01-20,Enontekiö lentoasema,-8.5,,
2023-01-20,Kittilä Pulju,,-1.0,60.0
2023-01-20,Muonio Laukukero,-7.0,,
2023-01-20,Muonio Sammaltunturi,-7.0,,
2023-01-20,Kittilä Matorova,-6.0,,
2023-01-20,Kittilä lentoasema,-4.8,,
2023-01-20,Kittilä Kenttärova,-6.2,-1.0,77.0
2023-01-20,Kittilä Pakatti,-4.8,-1.0,72.0
2023-01-20,Kittilä Pokka,-5.1,-1.0,74.0
2023-01-20,Sodankylä Lokka,-4.3,-1.0,61.0
2023-01-20,Sodankylä Vuotso,-4.7,-1.0,64.0
2023-01-20,Inari Saariselkä matkailukeskus,-5.3,-1.0,55.0
2023-01-20,Inari Saariselkä Kaunispää,-6.1,,
2023-01-20,Inari Raja-Jooseppi Kontiojärvi,,-1.0,38.0
2023-01-20,Inari Raja-Jooseppi,-4.7,,
2023-01-20,Salla Värriötunturi,-4.2,0.5,47.0
2023-01-20,Enontekiö Kilpisjärvi kyläkeskus,-15.3,-1.0,49.0
2023-01-20,Enontekiö Kilpisjärvi Saana,-6.7,,
2023-01-20,Enontekiö Näkkälä,-10.3,-1.0,65.0
2023-01-20,Inari Angeli Lintupuoliselkä,-6.7,-1.0,46.0
2023-01-20,Inari Ivalo lentoasema,-4.1,,
2023-01-20,Utsjoki Kevo,-13.6,-1.0,51.0
2023-01-20,Utsjoki Nuorgam,-11.0,-1.0,47.0
2023-01-20,Inari Väylä,-6.9,,
2023-01-20,Inari kirkonkylä,,-1.0,55.0
2023-01-20,Inari Kaamanen,-6.2,-1.0,60.0
2023-01-20,Inari Nellim,-4.3,-1.0,35.0
2023-01-20,Inari Kirakkajärvi,-8.1,-1.0,47.0
2023-01-20,Mäntsälä Hirvihaara,-4.2,-1.0,24.0
2023-01-20,Lahti Sopenkorpi,-2.8,-1.0,25.0
2023-01-20,Siuntio Sjundby,,0.1,11.0
2023-01-20,Sipoo Itätoukki,1.1,,
2023-01-20,Rauma Pyynpää,-1.0,-1.0,-1.0
2023-01-20,Muonio Oustajärvi,-6.6,-1.0,69.0
2023-01-20,Pyhtää lentokenttä,-1.8,-1.0,22.0
2023-01-20,Sotkamo Tuhkakylä,-2.4,-1.0,57.0
2023-01-20,Tervola Loue,-1.9,,
2023-01-20,Savukoski Tulppio,-3.3,0.4,45.0
2023-01-20,Mikkeli Pitkäaho,,-1.0,35.0
2023-01-20,Kajaani Petäisenniska,-2.1,-1.0,43.0
2023-01-20,Utsjoki Kevo Kevojärvi,-15.5,,
2023-01-20,Inari Seitalaassa,-6.7,,
2023-01-20,Ilmajoki Seinäjoki lentoasema,-1.1,,
2023-01-20,Rovaniemi lentoasema AWOS,-3.0,1.4,49.0
2023-01-20,Jyväskylä lentoasema AWOS,-4.0,0.3,30.0
2023-01-20,Puumala kirkonkylä,-1.8,-1.0,27.0
2023-01-20,Helsinki Vuosaari satama,0.0,,
2023-01-20,Maarianhamina Länsisatama,-0.6,,
2023-01-20,Lumparland Långnäs satama,-0.4,0.1,-1.0
2023-01-20,Kittilä Lompolonvuoma,-6.1,-1.0,
2023-01-20,Kuusamo Ruka Talvijärvi,-2.6,,
2023-01-20,Espoo Nuuksio,-1.8,-1.0,30.0
2023-01-20,Mikkeli Lentoasema AWOS,-3.6,-1.0,36.0
2023-01-20,Espoo Tapiola,-0.7,-1.0,17.0
2023-01-21,Porvoo Kilpilahti satama,-4.3,,
2023-01-21,Jomala Maarianhamina lentoasema,-1.9,,
2023-01-21,Parainen Utö,0.1,-1.0,-1.0
2023-01-21,Lemland Nyhamn,-0.4,,
2023-01-21,Jomala Jomalaby,-1.8,-1.0,-1.0
2023-01-21,Hammarland Märket,-2.0,,
2023-01-21,Kökar Bogskär,0.9,,
2023-01-21,Parainen Fagerholm,-1.5,-1.0,
2023-01-21,Kumlinge kirkonkylä,-1.4,,
2023-01-21,Hanko Russarö,-2.2,-1.0,
2023-01-21,Kaarina Yltöinen,-3.3,-1.0,-1.0
2023-01-21,Kemiönsaari Vänö,-0.5,,
2023-01-21,Hanko Tulliniemi,-1.5,,
2023-01-21,Turku Rajakari,-1.8,,
2023-01-21,Turku Artukainen,-3.2,-1.0,-1.0
2023-01-21,Kemiönsaari Kemiö,-4.5,-1.0,-1.0
2023-01-21,Hanko Tvärminne,-3.4,-1.0,-1.0
2023-01-21,Salo Kärkkä,-4.3,-1.0,
2023-01-21,Lohja Leppäkorpi,,-1.0,5.0
2023-01-21,Raasepori Jussarö,-2.0,,
2023-01-21,Salo Kiikala lentokenttä,-5.2,-1.0,4.0
2023-01-21,Vantaa Helsinki-Vantaan lentoasema,-6.7,0.1,11.0
2023-01-21,Inkoo Bågaskär,-2.7,,
2023-01-21,Helsinki Kaisaniemi,-3.7,-1.0,4.0
2023-01-21,Lohja Porla,-4.7,-1.0,21.0
2023-01-21,Vihti Maasoja,-6.4,,
2023-01-21,Helsinki Harmaja,-2.6,,
2023-01-21,Kirkkonummi Mäkiluoto,-2.7,,
2023-01-21,Helsinki Helsingin majakka,-1.7,,
2023-01-21,Helsinki Kumpula,-4.5,0.0,13.0
2023-01-21,Helsinki Malmi lentokenttä,-6.4,,
2023-01-21,Porvoo Kalbådagrund,-1.2,,
2023-01-21,Porvoo Emäsalo,-2.5,,
2023-01-21,Porvoo Harabacka,-6.5,-1.0,8.0
2023-01-21,Kotka Rankki,-3.7,-1.0,27.0
2023-01-21,Loviisa Orrengrund,-2.2,,
2023-01-21,Kotka Haapasaari,-2.1,,
2023-01-21,Pori lentoasema,-1.7,,
2023-01-21,Uusikaupunki Itätulli,,0.2,0.0
2023-01-21,Kustavi Isokari,-0.5,-1.0,
2023-01-21,Rauma Kylmäpihlaja,-0.8,,
2023-01-21,Pori rautatieasema,-1.8,0.1,3.0
2023-01-21,Turku lentoasema,-3.2,,
2023-01-21,Kokemäki Rausenkulma,,-1.0,0.0
2023-01-21,Huittinen Sallila,,-1.0,1.0
2023-01-21,Oripää Teinikivi,,-1.0,5.0
2023-01-21,Pöytyä Yläne,,-1.0,0.0
2023-01-21,Kokemäki Tulkkila,-2.1,-1.0,2.0
2023-01-21,Jokioinen Ilmala,-4.2,-1.0,2.0
2023-01-21,Nokia Tottijärvi,,0.3,4.0
2023-01-21,Pirkkala Tampere-Pirkkala lentoasema,-2.8,,
2023-01-21,Tampere Härmälä,-2.2,-1.0,18.0
2023-01-21,Somero Salkola,-4.1,-1.0,22.0
2023-01-21,Hyvinkää Hyvinkäänkylä,-7.2,-1.0,26.0
2023-01-21,Vihti Hiiskula,,-1.0,29.0
2023-01-21,Hämeenlinna Pirttikoski,,-1.0,8.0
2023-01-21,Nurmijärvi Röykkä,-6.1,-1.0,20.0
2023-01-21,Hämeenlinna Katinen,-5.5,-1.0,
2023-01-21,Hattula Lepaa,-4.4,-1.0,8.0
2023-01-21,Hämeenlinna Lammi Pappila,-5.7,-1.0,21.0
2023-01-21,Asikkala Pulkkilanharju,-4.9,,
2023-01-21,Kouvola Utti lentoasema,-6.8,0.3,19.0
2023-01-21,Kouvola Anjala,-6.3,-1.0,27.0
2023-01-21,Heinola Asemantaus,-6.2,-1.0,19.0
2023-01-21,Kouvola Voikoski,,0.1,22.0
2023-01-21,Virolahti Koivuniemi,-7.5,-1.0,25.0
2023-01-21,Lappeenranta lentoasema,-6.2,,
2023-01-21,Lappeenranta Konnunsuo,-8.8,,
2023-01-21,Lappeenranta Lepola,-5.6,-1.0,23.0
2023-01-21,Ruokolahti Kotaniemi,,-1.0,38.0
2023-01-21,Lappeenranta Hiekkapakka,-6.7,,
2023-01-21,Parikkala Koitsanlahti,-5.8,-1.0,25.0
2023-01-21,Kaskinen Sälgrund,-0.3,-1.0,
2023-01-21,Merikarvia Tuorila,,0.3,26.0
2023-01-21,Isojoki Kärjenkoski,,-1.0,2.0
2023-01-21,Teuva Kauppilankylä,,0.1,2.0
2023-01-21,Pori Tahkoluoto satama,-0.3,,
2023-01-21,Kristiinankaupunki Majakka,0.8,,
2023-01-21,Karvia Alkkia,-1.5,-1.0,25.0
2023-01-21,Kurikka Hirvijärvi,,-1.0,4.0
2023-01-21,Kauhajoki Kuja-Kokko,-0.8,-1.0,8.0
2023-01-21,Kankaanpää Niinisalo lentokenttä,-2.1,0.2,26.0
2023-01-21,Alavus Sulkavankylä,,0.1,8.0
2023-01-21,Virrat Äijänneva,-1.5,,
2023-01-21,Tampere Siilinkari,-2.0,,
2023-01-21,Jämsä Halli lentoasema,-3.4,-1.0,15.0
2023-01-21,Juupajoki Hyytiälä,-2.9,0.0,22.0
2023-01-21,Sysmä Joutsjärvi,,-1.0,29.0
2023-01-21,Jyväskylä Muuratjärvi,,0.0,27.0
2023-01-21,Luhanka Judinsalo,-3.3,,
2023-01-21,Multia Pirttiperä,,0.5,29.0
2023-01-21,Joutsa Savenaho,-4.4,0.1,35.0
2023-01-21,Kangasniemi kirkonkylä,,-1.0,40.0
2023-01-21,Joutsa Pärnämäki,,0.2,37.0
2023-01-21,Juva Partala,-6.2,,
2023-01-21,Varkaus Kosulanniemi,-3.3,-1.0,30.0
2023-01-21,Savonlinna Laukansaari,,-1.0,29.0
2023-01-21,Sulkava Halttula,,-1.0,45.0
2023-01-21,Savonlinna lentoasema,-5.3,,
2023-01-21,Rantasalmi Rukkasluoto,-5.4,,
2023-01-21,Savonlinna Punkaharju Laukansaari,-5.7,0.1,30.0
2023-01-21,Enonkoski Simanala,,-1.0,30.0
2023-01-21,Savonlinna Savonranta,,-1.0,35.0
2023-01-21,Rääkkylä kirkonkylä,,0.0,37.0
2023-01-21,Tohmajärvi Kemie,-4.0,-1.0,31.0
2023-01-21,Joensuu Huhtilampi,,-1.0,52.0
2023-01-21,Vaasa lentoasema,-1.5,,
2023-01-21,Mustasaari Valassaaret,-0.8,,
2023-01-21,Närpiö Ylimarkku,,-1.0,1.0
2023-01-21,Mustasaari Riimala,,-1.0,5.0
2023-01-21,Kurikka Pyörni,,-1.0,8.0
2023-01-21,Maalahti Strömmingsbådan,1.0,,
2023-01-21,Vaasa Klemettilä,-1.5,-1.0,17.0
2023-01-21,Seinäjoki Pelmaa,-0.9,-1.0,10.0
2023-01-21,Kauhava lentokenttä,-1.0,-1.0,15.0
2023-01-21,Ähtäri Inha,-1.9,-1.0,22.0
2023-01-21,Halsua Purola,-2.1,-1.0,20.0
2023-01-21,Alajärvi Möksy,-1.8,-1.0,28.0
2023-01-21,Multia Karhila,-2.7,-1.0,34.0
2023-01-21,Viitasaari Haapaniemi,-1.9,-1.0,23.0
2023-01-21,Äänekoski Kalaniemi,,-1.0,29.0
2023-01-21,Vesanto kirkonkylä,-2.3,-1.0,42.0
2023-01-21,Pielavesi Venetmäki,,0.1,59.0
2023-01-21,Siilinjärvi Kuopio lentoasema,-2.4,,
2023-01-21,Kuopio Maaninka,-2.1,-1.0,34.0
2023-01-21,Lapinlahti Lamminkäyrä,,0.0,36.0
2023-01-21,Suonenjoki Iisvesi,,-1.0,31.0
2023-01-21,Kuopio Karttula,,-1.0,45.0
2023-01-21,Kuopio Ritoniemi,-2.6,,
2023-01-21,Kuopio Savilahti,-2.2,0.1,31.0
2023-01-21,Heinävesi Palokki,,0.4,45.0
2023-01-21,Outokumpu Viuruniemi,,0.0,45.0
2023-01-21,Rautavaara Ala-Luosta,,-1.0,41.0
2023-01-21,Rautavaara Ylä-Luosta,-3.1,-1.0,57.0
2023-01-21,Liperi Joensuu lentoasema,-3.7,,
2023-01-21,Juuka Niemelä,-2.7,-1.0,52.0
2023-01-21,Joensuu Pyhäselkä,,-1.0,30.0
2023-01-21,Lieksa Koli,,0.2,48.0
2023-01-21,Liperi Tuiskavanluoto,-3.2,,
2023-01-21,Joensuu Linnunlahti,-3.3,0.1,27.0
2023-01-21,Lieksa Lampela,-2.8,-1.0,33.0
2023-01-21,Ilomantsi Pötsönvaara,-4.4,0.1,59.0
2023-01-21,Ilomantsi Mekrijärvi,-3.9,-1.0,44.0
2023-01-21,Pietarsaari Kallan,-0.5,,
2023-01-21,Kokkola Tankar,-1.3,,
2023-01-21,Kruunupyy Kokkola-Pietarsaari lentoasema,-3.1,,
2023-01-21,Kaustinen Tastula,,-1.0,12.0
2023-01-21,Kalajoki Ulkokalla,-0.4,,
2023-01-21,Kokkola Santahaka,-3.2,-1.0,18.0
2023-01-21,Toholampi Oravala,,-1.0,21.0
2023-01-21,Kalajoki Pitkäsenkylä,,-1.0,11.0
2023-01-21,Kalajoki Mehtäkylä,,-1.0,12.0
2023-01-21,Toholampi Laitala,-2.1,-1.0,5.0
2023-01-21,Ylivieska lentokenttä,-2.3,-1.0,31.0
2023-01-21,Ylivieska Vähäkangas,,-1.0,17.0
2023-01-21,Haapavesi Mustikkamäki,-2.2,-1.0,13.0
2023-01-21,Pyhäjärvi Ojakylä,-2.2,-1.0,27.0
2023-01-21,Pyhäjärvi Hiidenniemi,,-1.0,27.0
2023-01-21,Kiuruvesi Korpijoki,,-1.0,24.0
2023-01-21,Siikalatva Kestilä,,-1.0,22.0
2023-01-21,Kajaani lentoasema,-2.2,,
2023-01-21,Vieremä Kaarakkala,-2.9,0.0,52.0
2023-01-21,Kajaani Paltaniemi,,0.0,35.0
2023-01-21,Nurmes Valtimo,-2.3,-1.0,35.0
2023-01-21,Ristijärvi Mustavaara,,0.5,78.0
2023-01-21,Sotkamo Kuolaniemi,-2.5,-1.0,42.0
2023-01-21,Nurmes Mujejärvi,,0.0,55.0
2023-01-21,Kuhmo Apaja,,0.2,52.0
2023-01-21,Kuhmo Kalliojoki,-2.9,0.1,48.0
2023-01-21,Raahe Nahkiainen,-0.8,,
2023-01-21,Hailuoto Keskikylä,-4.8,-1.0,26.0
2023-01-21,Kemi I majakka,-2.1,,
2023-01-21,Hailuoto Marjaniemi,-1.2,,
2023-01-21,Raahe Lapaluoto satama,-1.5,,
2023-01-21,Oulu lentoasema,-2.9,,
2023-01-21,Siikajoki Ruukki,-3.1,-1.0,16.0
2023-01-21,Oulu Vihreäsaari satama,-2.8,,
2023-01-21,Oulu Oulunsalo Pellonpää,-3.9,-1.0,39.0
2023-01-21,Vaala Pelso,-2.2,-1.0,12.0
2023-01-21,Pudasjärvi lentokenttä,-2.5,-1.0,54.0
2023-01-21,Utajärvi Särkijärvi,,0.0,37.0
2023-01-21,Pudasjärvi Jaurakkajärvi,,0.0,47.0
2023-01-21,Suomussalmi Näljänkä,,0.1,68.0
2023-01-21,Suomussalmi Pesiö,-3.2,0.1,78.0
2023-01-21,Puolanka Kotila,,0.5,73.0
2023-01-21,Puolanka Paljakka,-4.0,0.4,80.0
2023-01-21,Kemi Kemi-Tornio lentoasema,-9.3,,
2023-01-21,Kemi Ajos,-8.5,,
2023-01-21,Tornio Kaakkuri,-11.1,-1.0,
2023-01-21,Ranua lentokenttä,-5.3,0.1,65.0
2023-01-21,Pudasjärvi Sarakylä,,0.3,48.0
2023-01-21,Posio Raistakka,,0.1,63.0
2023-01-21,Taivalkoski Inkee,,0.6,58.0
2023-01-21,Taivalkoski kirkonkylä,-2.9,0.2,56.0
2023-01-21,Kuusamo lentoasema,-3.4,0.1,46.0
2023-01-21,Kuusamo Kiutaköngäs,-2.9,-1.0,51.0
2023-01-21,Kuusamo Rukatunturi,-4.8,,
2023-01-21,Kuusamo Teeriranta,,-1.0,67.0
2023-01-21,Kuusamo Juuma,-3.9,,
2023-01-21,Ylitornio Meltosjärvi,-13.2,-1.0,58.0
2023-01-21,Kolari Kattilamaa,,0.4,63.0
2023-01-21,Pello kirkonkylä,-15.2,-1.0,53.0
2023-01-21,Rovaniemi rautatieasema,-6.8,,
2023-01-21,Sodankylä Tähtelä,-12.6,-1.0,64.0
2023-01-21,Rovaniemi Apukka,-6.0,0.1,50.0
2023-01-21,Pelkosenniemi kirkonkylä,,-1.0,56.0
2023-01-21,Kemijärvi lentokenttä,-5.5,-1.0,56.0
2023-01-21,Savukoski kirkonkylä,-6.0,-1.0,53.0
2023-01-21,Salla Kelloselkä,,-1.0,39.0
2023-01-21,Pelkosenniemi Pyhätunturi,-6.4,,
2023-01-21,Salla kirkonkylä,-4.3,-1.0,42.0
2023-01-21,Salla Naruska,-4.8,-1.0,50.0
2023-01-21,Enontekiö Kaaresuvanto,,-1.0,70.0
2023-01-21,Enontekiö lentoasema,-20.2,,
2023-01-21,Kittilä Pulju,,0.3,59.0
2023-01-21,Muonio Laukukero,-7.8,,
2023-01-21,Muonio Sammaltunturi,-7.3,,
2023-01-21,Kittilä Matorova,-8.0,,
2023-01-21,Kittilä lentoasema,-17.6,,
2023-01-21,Kittilä Kenttärova,-9.1,0.6,75.0
2023-01-21,Kittilä Pakatti,-16.3,-1.0,70.0
2023-01-21,Kittilä Pokka,-14.5,0.4,73.0
2023-01-21,Sodankylä Lokka,-11.5,0.3,59.0
2023-01-21,Sodankylä Vuotso,-12.8,0.5,62.0
2023-01-21,Inari Saariselkä matkailukeskus,-11.2,0.2,54.0
2023-01-21,Inari Saariselkä Kaunispää,-10.6,,
2023-01-21,Inari Raja-Jooseppi Kontiojärvi,,-1.0,38.0
2023-01-21,Inari Raja-Jooseppi,-10.4,,
2023-01-21,Salla Värriötunturi,-7.1,0.1,46.0
2023-01-21,Enontekiö Kilpisjärvi kyläkeskus,-12.8,0.4,48.0
2023-01-21,Enontekiö Kilpisjärvi Saana,-7.6,,
2023-01-21,Enontekiö Näkkälä,-18.5,1.2,64.0
2023-01-21,Inari Angeli Lintupuoliselkä,-12.4,-1.0,45.0
2023-01-21,Inari Ivalo lentoasema,-10.7,,
2023-01-21,Utsjoki Kevo,-20.1,0.1,50.0
2023-01-21,Utsjoki Nuorgam,-13.2,0.7,46.0
2023-01-21,Inari Väylä,-20.7,,
2023-01-21,Inari kirkonkylä,,-1.0,53.0
2023-01-21,Inari Kaamanen,-13.1,-1.0,59.0
2023-01-21,Inari Nellim,-15.1,0.1,34.0
2023-01-21,Inari Kirakkajärvi,-17.3,-1.0,45.0
2023-01-21,Mäntsälä Hirvihaara,-7.8,-1.0,23.0
2023-01-21,Lahti Sopenkorpi,-6.2,-1.0,24.0
2023-01-21,Siuntio Sjundby,,0.1,9.0
2023-01-21,Sipoo Itätoukki,-2.1,,
2023-01-21,Rauma Pyynpää,-1.7,-1.0,2.0
2023-01-21,Muonio Oustajärvi,-18.8,2.1,68.0
2023-01-21,Pyhtää lentokenttä,-7.4,-1.0,22.0
2023-01-21,Sotkamo Tuhkakylä,-2.8,-1.0,55.0
2023-01-21,Tervola Loue,-8.2,,
2023-01-21,Savukoski Tulppio,-6.7,-1.0,44.0
2023-01-21,Mikkeli Pitkäaho,,-1.0,34.0
2023-01-21,Kajaani Petäisenniska,-2.3,-1.0,42.0
2023-01-21,Utsjoki Kevo Kevojärvi,-20.3,,
2023-01-21,Inari Seitalaassa,-13.0,,
2023-01-21,Ilmajoki Seinäjoki lentoasema,-1.0,,
2023-01-21,Rovaniemi lentoasema AWOS,-7.2,0.4,50.0
2023-01-21,Jyväskylä lentoasema AWOS,-2.4,-1.0,29.0
2023-01-21,Puumala kirkonkylä,-6.1,-1.0,27.0
2023-01-21,Helsinki Vuosaari satama,-3.5,,
2023-01-21,Maarianhamina Länsisatama,-1.1,,
2023-01-21,Lumparland Långnäs satama,-1.2,-1.0,-1.0
2023-01-21,Kittilä Lompolonvuoma,-14.4,2.6,
2023-01-21,Kuusamo Ruka Talvijärvi,-3.9,,
2023-01-21,Espoo Nuuksio,-5.0,-1.0,28.0
2023-01-21,Mikkeli Lentoasema AWOS,-7.4,0.1,33.0
2023-01-21,Espoo Tapiola,-5.4,0.2,16.0
2023-01-22,Porvoo Kilpilahti satama,-4.6,,
2023-01-22,Jomala Maarianhamina lentoasema,-1.7,,
2023-01-22,Parainen Utö,-1.8,-1.0,-1.0
2023-01-22,Lemland Nyhamn,-1.3,,
2023-01-22,Jomala Jomalaby,-1.9,-1.0,-1.0
2023-01-22,Hammarland Märket,-3.7,,
2023-01-22,Kökar Bogskär,-1.1,,
2023-01-22,Parainen Fagerholm,-2.3,0.3,
2023-01-22,Kumlinge kirkonkylä,-2.1,,
2023-01-22,Hanko Russarö,-2.9,-1.0,
2023-01-22,Kaarina Yltöinen,-4.3,0.1,-1.0
2023-01-22,Kemiönsaari Vänö,-2.6,,
2023-01-22,Hanko Tulliniemi,-3.2,,
2023-01-22,Turku Rajakari,-3.2,,
2023-01-22,Turku Artukainen,-3.9,0.7,-1.0
2023-01-22,Kemiönsaari Kemiö,-4.5,-1.0,-1.0
2023-01-22,Hanko Tvärminne,-3.3,-1.0,-1.0
2023-01-22,Salo Kärkkä,-4.7,-1.0,
2023-01-22,Lohja Leppäkorpi,,0.0,5.0
2023-01-22,Raasepori Jussarö,-3.1,,
2023-01-22,Salo Kiikala lentokenttä,-5.6,-1.0,4.0
2023-01-22,Vantaa Helsinki-Vantaan lentoasema,-5.1,0.1,11.0
2023-01-22,Inkoo Bågaskär,-3.5,,
2023-01-22,Helsinki Kaisaniemi,-4.3,-1.0,4.0
2023-01-22,Lohja Porla,-4.7,-1.0,21.0
2023-01-22,Vihti Maasoja,-5.1,,
2023-01-22,Helsinki Harmaja,-4.1,,
2023-01-22,Kirkkonummi Mäkiluoto,-3.4,,
2023-01-22,Helsinki Helsingin majakka,-3.7,,
2023-01-22,Helsinki Kumpula,-4.6,0.0,13.0
2023-01-22,Helsinki Malmi lentokenttä,-4.8,,
2023-01-22,Porvoo Kalbådagrund,-4.1,,
2023-01-22,Porvoo Emäsalo,-4.7,,
2023-01-22,Porvoo Harabacka,-4.9,-1.0,8.0
2023-01-22,Kotka Rankki,-5.3,-1.0,27.0
2023-01-22,Loviisa Orrengrund,-4.9,,
2023-01-22,Kotka Haapasaari,-5.1,,
2023-01-22,Pori lentoasema,-3.7,,
2023-01-22,Uusikaupunki Itätulli,,0.5,0.0
2023-01-22,Kustavi Isokari,-1.7,-1.0,
2023-01-22,Rauma Kylmäpihlaja,-1.9,,
2023-01-22,Pori rautatieasema,-3.7,-1.0,3.0
2023-01-22,Turku lentoasema,-4.4,,
2023-01-22,Kokemäki Rausenkulma,,0.1,0.0
2023-01-22,Huittinen Sallila,,-1.0,1.0
2023-01-22,Oripää Teinikivi,,-1.0,5.0
2023-01-22,Pöytyä Yläne,,0.3,0.0
2023-01-22,Kokemäki Tulkkila,-4.5,-1.0,2.0
2023-01-22,Jokioinen Ilmala,-5.6,-1.0,2.0
2023-01-22,Nokia Tottijärvi,,0.3,4.0
2023-01-22,Pirkkala Tampere-Pirkkala lentoasema,-5.4,,
2023-01-22,Tampere Härmälä,-4.9,-1.0,18.0
2023-01-22,Somero Salkola,-5.7,-1.0,22.0
2023-01-22,Hyvinkää Hyvinkäänkylä,-5.6,-1.0,26.0
2023-01-22,Vihti Hiiskula,,-1.0,29.0
2023-01-22,Hämeenlinna Pirttikoski,,-1.0,8.0
2023-01-22,Nurmijärvi Röykkä,-5.5,0.1,22.0
2023-01-22,Hämeenlinna Katinen,-5.3,-1.0,
2023-01-22,Hattula Lepaa,-5.1,-1.0,8.0
2023-01-22,Hämeenlinna Lammi Pappila,-6.0,-1.0,16.0
2023-01-22,Asikkala Pulkkilanharju,-5.6,,
2023-01-22,Kouvola Utti lentoasema,-6.3,-1.0,18.0
2023-01-22,Kouvola Anjala,-5.7,-1.0,27.0
2023-01-22,Heinola Asemantaus,-5.6,0.1,19.0
2023-01-22,Kouvola Voikoski,,-1.0,22.0
2023-01-22,Virolahti Koivuniemi,-5.8,-1.0,25.0
2023-01-22,Lappeenranta lentoasema,-6.2,,
2023-01-22,Lappeenranta Konnunsuo,-5.5,,
2023-01-22,Lappeenranta Lepola,-6.0,-1.0,22.0
2023-01-22,Ruokolahti Kotaniemi,,-1.0,38.0
2023-01-22,Lappeenranta Hiekkapakka,-5.8,,
2023-01-22,Parikkala Koitsanlahti,-5.3,-1.0,25.0
2023-01-22,Kaskinen Sälgrund,-0.9,-1.0,
2023-01-22,Merikarvia Tuorila,,-1.0,26.0
2023-01-22,Isojoki Kärjenkoski,,-1.0,2.0
2023-01-22,Teuva Kauppilankylä,,-1.0,2.0
2023-01-22,Pori Tahkoluoto satama,-1.7,,
2023-01-22,Kristiinankaupunki Majakka,-1.0,,
2023-01-22,Karvia Alkkia,-5.7,-1.0,25.0
2023-01-22,Kurikka Hirvijärvi,,-1.0,4.0
2023-01-22,Kauhajoki Kuja-Kokko,-4.6,-1.0,7.0
2023-01-22,Kankaanpää Niinisalo lentokenttä,-5.3,-1.0,25.0
2023-01-22,Alavus Sulkavankylä,,-1.0,8.0
2023-01-22,Virrat Äijänneva,-6.0,,
2023-01-22,Tampere Siilinkari,-5.0,,
2023-01-22,Jämsä Halli lentoasema,-5.3,-1.0,15.0
2023-01-22,Juupajoki Hyytiälä,-5.0,-1.0,22.0
2023-01-22,Sysmä Joutsjärvi,,-1.0,29.0
2023-01-22,Jyväskylä Muuratjärvi,,-1.0,27.0
2023-01-22,Luhanka Judinsalo,-5.4,,
2023-01-22,Multia Pirttiperä,,-1.0,29.0
2023-01-22,Joutsa Savenaho,-5.9,-1.0,31.0
2023-01-22,Kangasniemi kirkonkylä,,-1.0,40.0
2023-01-22,Joutsa Pärnämäki,,-1.0,37.0
2023-01-22,Juva Partala,-5.8,,
2023-01-22,Varkaus Kosulanniemi,-5.0,-1.0,26.0
2023-01-22,Savonlinna Laukansaari,,-1.0,29.0
2023-01-22,Sulkava Halttula,,-1.0,45.0
2023-01-22,Savonlinna lentoasema,-5.6,,
2023-01-22,Rantasalmi Rukkasluoto,-5.3,,
2023-01-22,Savonlinna Punkaharju Laukansaari,-5.4,-1.0,29.0
2023-01-22,Enonkoski Simanala,,-1.0,30.0
2023-01-22,Savonlinna Savonranta,,-1.0,35.0
2023-01-22,Rääkkylä kirkonkylä,,0.0,37.0
2023-01-22,Tohmajärvi Kemie,-5.4,-1.0,31.0
2023-01-22,Joensuu Huhtilampi,,-1.0,52.0
2023-01-22,Vaasa lentoasema,-2.0,,
2023-01-22,Mustasaari Valassaaret,-0.2,,
2023-01-22,Närpiö Ylimarkku,,-1.0,1.0
2023-01-22,Mustasaari Riimala,,-1.0,5.0
2023-01-22,Kurikka Pyörni,,-1.0,8.0
2023-01-22,Maalahti Strömmingsbådan,0.4,,
2023-01-22,Vaasa Klemettilä,-1.7,-1.0,16.0
2023-01-22,Seinäjoki Pelmaa,-4.3,-1.0,9.0
2023-01-22,Kauhava lentokenttä,-4.6,-1.0,15.0
2023-01-22,Ähtäri Inha,-5.5,-1.0,22.0
2023-01-22,Halsua Purola,-5.6,-1.0,20.0
2023-01-22,Alajärvi Möksy,-5.8,-1.0,28.0
2023-01-22,Multia Karhila,-5.5,-1.0,35.0
2023-01-22,Viitasaari Haapaniemi,-5.4,-1.0,23.0
2023-01-22,Äänekoski Kalaniemi,,-1.0,28.0
2023-01-22,Vesanto kirkonkylä,-5.4,-1.0,41.0
2023-01-22,Pielavesi Venetmäki,,-1.0,59.0
2023-01-22,Siilinjärvi Kuopio lentoasema,-5.0,,
2023-01-22,Kuopio Maaninka,-4.9,-1.0,34.0
2023-01-22,Lapinlahti Lamminkäyrä,,-1.0,36.0
2023-01-22,Suonenjoki Iisvesi,,-1.0,31.0
2023-01-22,Kuopio Karttula,,-1.0,43.0
2023-01-22,Kuopio Ritoniemi,-5.0,,
2023-01-22,Kuopio Savilahti,-4.7,-1.0,31.0
2023-01-22,Heinävesi Palokki,,-1.0,44.0
2023-01-22,Outokumpu Viuruniemi,,-1.0,45.0
2023-01-22,Rautavaara Ala-Luosta,,-1.0,41.0
2023-01-22,Rautavaara Ylä-Luosta,-5.6,-1.0,56.0
2023-01-22,Liperi Joensuu lentoasema,-5.6,,
2023-01-22,Juuka Niemelä,-5.3,-1.0,50.0
2023-01-22,Joensuu Pyhäselkä,,0.0,30.0
2023-01-22,Lieksa Koli,,-1.0,47.0
2023-01-22,Liperi Tuiskavanluoto,-5.1,,
2023-01-22,Joensuu Linnunlahti,-5.2,-1.0,27.0
2023-01-22,Lieksa Lampela,-5.3,-1.0,32.0
2023-01-22,Ilomantsi Pötsönvaara,-6.5,-1.0,58.0
2023-01-22,Ilomantsi Mekrijärvi,-6.0,-1.0,46.0
2023-01-22,Pietarsaari Kallan,-2.9,,
2023-01-22,Kokkola Tankar,-3.3,,
2023-01-22,Kruunupyy Kokkola-Pietarsaari lentoasema,-4.2,,
2023-01-22,Kaustinen Tastula,,-1.0,12.0
2023-01-22,Kalajoki Ulkokalla,-2.3,,
2023-01-22,Kokkola Santahaka,-4.0,-1.0,19.0
2023-01-22,Toholampi Oravala,,0.8,21.0
2023-01-22,Kalajoki Pitkäsenkylä,,-1.0,11.0
2023-01-22,Kalajoki Mehtäkylä,,-1.0,12.0
2023-01-22,Toholampi Laitala,-5.0,-1.0,5.0
2023-01-22,Ylivieska lentokenttä,-5.9,-1.0,31.0
2023-01-22,Ylivieska Vähäkangas,,-1.0,17.0
2023-01-22,Haapavesi Mustikkamäki,-5.9,-1.0,13.0
2023-01-22,Pyhäjärvi Ojakylä,-5.8,-1.0,27.0
2023-01-22,Pyhäjärvi Hiidenniemi,,-1.0,27.0
2023-01-22,Kiuruvesi Korpijoki,,-1.0,24.0
2023-01-22,Siikalatva Kestilä,,-1.0,22.0
2023-01-22,Kajaani lentoasema,-5.6,,
2023-01-22,Vieremä Kaarakkala,-5.9,-1.0,52.0
2023-01-22,Kajaani Paltaniemi,,-1.0,34.0
2023-01-22,Nurmes Valtimo,-5.2,-1.0,33.0
2023-01-22,Ristijärvi Mustavaara,,0.1,78.0
2023-01-22,Sotkamo Kuolaniemi,-5.7,-1.0,41.0
2023-01-22,Nurmes Mujejärvi,,-1.0,55.0
2023-01-22,Kuhmo Apaja,,-1.0,51.0
2023-01-22,Kuhmo Kalliojoki,-6.2,-1.0,47.0
2023-01-22,Raahe Nahkiainen,-2.7,,
2023-01-22,Hailuoto Keskikylä,-2.9,0.1,27.0
2023-01-22,Kemi I majakka,-0.8,,
2023-01-22,Hailuoto Marjaniemi,-2.3,,
2023-01-22,Raahe Lapaluoto satama,-3.4,,
2023-01-22,Oulu lentoasema,-4.2,,
2023-01-22,Siikajoki Ruukki,-4.6,-1.0,16.0
2023-01-22,Oulu Vihreäsaari satama,-3.9,,
2023-01-22,Oulu Oulunsalo Pellonpää,-4.2,-1.0,39.0
2023-01-22,Vaala Pelso,-6.1,-1.0,12.0
2023-01-22,Pudasjärvi lentokenttä,-5.2,-1.0,53.0
2023-01-22,Utajärvi Särkijärvi,,-1.0,36.0
2023-01-22,Pudasjärvi Jaurakkajärvi,,-1.0,47.0
2023-01-22,Suomussalmi Näljänkä,,0.1,68.0
2023-01-22,Suomussalmi Pesiö,-6.2,-1.0,78.0
2023-01-22,Puolanka Kotila,,-1.0,73.0
2023-01-22,Puolanka Paljakka,-6.9,-1.0,79.0
2023-01-22,Kemi Kemi-Tornio lentoasema,-1.8,,
2023-01-22,Kemi Ajos,-1.7,,
2023-01-22,Tornio Kaakkuri,-1.5,0.4,
2023-01-22,Ranua lentokenttä,-4.5,-1.0,64.0
2023-01-22,Pudasjärvi Sarakylä,,-1.0,49.0
2023-01-22,Posio Raistakka,,0.0,62.0
2023-01-22,Taivalkoski Inkee,,0.0,58.0
2023-01-22,Taivalkoski kirkonkylä,-5.6,-1.0,56.0
2023-01-22,Kuusamo lentoasema,-6.1,-1.0,45.0
2023-01-22,Kuusamo Kiutaköngäs,-4.9,-1.0,50.0
2023-01-22,Kuusamo Rukatunturi,-7.1,,
2023-01-22,Kuusamo Teeriranta,,-1.0,67.0
2023-01-22,Kuusamo Juuma,-6.1,,
2023-01-22,Ylitornio Meltosjärvi,-3.0,0.2,57.0
2023-01-22,Kolari Kattilamaa,,-1.0,63.0
2023-01-22,Pello kirkonkylä,-5.3,0.2,52.0
2023-01-22,Rovaniemi rautatieasema,-2.2,,
2023-01-22,Sodankylä Tähtelä,-3.6,-1.0,63.0
2023-01-22,Rovaniemi Apukka,-2.7,-1.0,49.0
2023-01-22,Pelkosenniemi kirkonkylä,,-1.0,56.0
2023-01-22,Kemijärvi lentokenttä,-4.0,-1.0,55.0
2023-01-22,Savukoski kirkonkylä,-3.7,-1.0,52.0
2023-01-22,Salla Kelloselkä,,0.1,38.0
2023-01-22,Pelkosenniemi Pyhätunturi,-5.6,,
2023-01-22,Salla kirkonkylä,-4.5,-1.0,41.0
2023-01-22,Salla Naruska,-4.6,-1.0,49.0
2023-01-22,Enontekiö Kaaresuvanto,,-1.0,70.0
2023-01-22,Enontekiö lentoasema,-6.7,,
2023-01-22,Kittilä Pulju,,-1.0,59.0
2023-01-22,Muonio Laukukero,-7.3,,
2023-01-22,Muonio Sammaltunturi,-7.4,,
2023-01-22,Kittilä Matorova,-6.4,,
2023-01-22,Kittilä lentoasema,-5.9,,
2023-01-22,Kittilä Kenttärova,-6.6,0.1,75.0
2023-01-22,Kittilä Pakatti,-5.6,0.1,70.0
2023-01-22,Kittilä Pokka,-5.4,0.8,72.0
2023-01-22,Sodankylä Lokka,-4.3,-1.0,58.0
2023-01-22,Sodankylä Vuotso,-4.6,0.1,61.0
2023-01-22,Inari Saariselkä matkailukeskus,-5.3,0.6,53.0
2023-01-22,Inari Saariselkä Kaunispää,-6.1,,
2023-01-22,Inari Raja-Jooseppi Kontiojärvi,,-1.0,38.0
2023-01-22,Inari Raja-Jooseppi,-4.2,,
2023-01-22,Salla Värriötunturi,-5.1,0.1,45.0
2023-01-22,Enontekiö Kilpisjärvi kyläkeskus,0.7,-1.0,48.0
2023-01-22,Enontekiö Kilpisjärvi Saana,-2.7,,
2023-01-22,Enontekiö Näkkälä,-6.6,-1.0,65.0
2023-01-22,Inari Angeli Lintupuoliselkä,-5.4,0.9,44.0
2023-01-22,Inari Ivalo lentoasema,-3.9,,
2023-01-22,Utsjoki Kevo,-4.4,-1.0,49.0
2023-01-22,Utsjoki Nuorgam,-1.9,-1.0,46.0
2023-01-22,Inari Väylä,-5.8,,
2023-01-22,Inari kirkonkylä,,-1.0,53.0
2023-01-22,Inari Kaamanen,-4.6,-1.0,59.0
2023-01-22,Inari Nellim,-3.2,0.1,34.0
2023-01-22,Inari Kirakkajärvi,-4.8,-1.0,45.0
2023-01-22,Mäntsälä Hirvihaara,-5.6,-1.0,22.0
2023-01-22,Lahti Sopenkorpi,-5.7,-1.0,23.0
2023-01-22,Siuntio Sjundby,,0.3,9.0
2023-01-22,Sipoo Itätoukki,-4.1,,
2023-01-22,Rauma Pyynpää,-3.0,-1.0,2.0
2023-01-22,Muonio Oustajärvi,-6.1,0.1,69.0
2023-01-22,Pyhtää lentokenttä,-5.6,-1.0,21.0
2023-01-22,Sotkamo Tuhkakylä,-5.8,-1.0,56.0
2023-01-22,Tervola Loue,-1.8,,
2023-01-22,Savukoski Tulppio,-4.3,0.1,44.0
2023-01-22,Mikkeli Pitkäaho,,-1.0,34.0
2023-01-22,Kajaani Petäisenniska,-6.0,-1.0,39.0
2023-01-22,Utsjoki Kevo Kevojärvi,-4.1,,
2023-01-22,Inari Seitalaassa,-4.7,,
2023-01-22,Ilmajoki Seinäjoki lentoasema,-5.3,,
2023-01-22,Rovaniemi lentoasema AWOS,-3.2,0.1,49.0
2023-01-22,Jyväskylä lentoasema AWOS,-5.3,-1.0,28.0
2023-01-22,Puumala kirkonkylä,-5.9,-1.0,26.0
2023-01-22,Helsinki Vuosaari satama,-4.4,,
2023-01-22,Maarianhamina Länsisatama,-1.4,,
2023-01-22,Lumparland Långnäs satama,-1.7,-1.0,-1.0
2023-01-22,Kittilä Lompolonvuoma,-5.6,-1.0,
2023-01-22,Kuusamo Ruka Talvijärvi,-6.2,,
2023-01-22,Espoo Nuuksio,-5.1,-1.0,29.0
2023-01-22,Mikkeli Lentoasema AWOS,-5.5,-1.0,33.0
2023-01-22,Espoo Tapiola,-4.4,-1.0,16.0
2023-01-23,Porvoo Kilpilahti satama,-2.7,,
2023-01-23,Jomala Maarianhamina lentoasema,-2.6,,
2023-01-23,Parainen Utö,-0.6,0.2,-1.0
2023-01-23,Lemland Nyhamn,-1.9,,
2023-01-23,Jomala Jomalaby,-2.7,-1.0,-1.0
2023-01-23,Hammarland Märket,-4.3,,
2023-01-23,Kökar Bogskär,-1.0,,
2023-01-23,Parainen Fagerholm,-0.8,-1.0,
2023-01-23,Kumlinge kirkonkylä,-2.0,,
2023-01-23,Hanko Russarö,-1.0,-1.0,
2023-01-23,Kaarina Yltöinen,-1.9,0.8,-1.0
2023-01-23,Kemiönsaari Vänö,-0.7,,
2023-01-23,Hanko Tulliniemi,-0.9,,
2023-01-23,Turku Rajakari,-1.0,,
2023-01-23,Turku Artukainen,-1.6,0.5,4.0
2023-01-23,Kemiönsaari Kemiö,-1.8,0.2,-1.0
2023-01-23,Hanko Tvärminne,-1.2,0.3,2.0
2023-01-23,Salo Kärkkä,-2.1,0.4,
2023-01-23,Lohja Leppäkorpi,,0.0,4.0
2023-01-23,Raasepori Jussarö,-1.5,,
2023-01-23,Salo Kiikala lentokenttä,-3.4,0.3,4.0
2023-01-23,Vantaa Helsinki-Vantaan lentoasema,-3.0,0.8,11.0
2023-01-23,Inkoo Bågaskär,-1.7,,
2023-01-23,Helsinki Kaisaniemi,-1.9,0.7,4.0
2023-01-23,Lohja Porla,-2.8,0.2,21.0
2023-01-23,Vihti Maasoja,-3.3,,
2023-01-23,Helsinki Harmaja,-2.2,,
2023-01-23,Kirkkonummi Mäkiluoto,-1.8,,
2023-01-23,Helsinki Helsingin majakka,-2.6,,
2023-01-23,Helsinki Kumpula,-2.5,1.8,14.0
2023-01-23,Helsinki Malmi lentokenttä,-2.5,,
2023-01-23,Porvoo Kalbådagrund,-3.3,,
2023-01-23,Porvoo Emäsalo,-2.6,,
2023-01-23,Porvoo Harabacka,-3.2,1.1,8.0
2023-01-23,Kotka Rankki,-3.7,2.0,26.0
2023-01-23,Loviisa Orrengrund,-3.3,,
2023-01-23,Kotka Haapasaari,-3.6,,
2023-01-23,Pori lentoasema,-1.6,,
2023-01-23,Uusikaupunki Itätulli,,1.0,1.0
2023-01-23,Kustavi Isokari,-1.5,0.7,
2023-01-23,Rauma Kylmäpihlaja,-1.0,,
2023-01-23,Pori rautatieasema,-1.6,1.8,3.0
2023-01-23,Turku lentoasema,-2.2,,
2023-01-23,Kokemäki Rausenkulma,,1.0,0.0
2023-01-23,Huittinen Sallila,,0.3,1.0
2023-01-23,Oripää Teinikivi,,-1.0,5.0
2023-01-23,Pöytyä Yläne,,0.0,1.0
2023-01-23,Kokemäki Tulkkila,-2.2,0.5,2.0
2023-01-23,Jokioinen Ilmala,-3.5,0.3,2.0
2023-01-23,Nokia Tottijärvi,,1.6,4.0
2023-01-23,Pirkkala Tampere-Pirkkala lentoasema,-3.8,,
2023-01-23,Tampere Härmälä,-3.5,1.4,17.0
2023-01-23,Somero Salkola,-3.9,0.1,21.0
2023-01-23,Hyvinkää Hyvinkäänkylä,-4.0,0.9,23.0
2023-01-23,Vihti Hiiskula,,0.8,29.0
2023-01-23,Hämeenlinna Pirttikoski,,0.4,8.0
2023-01-23,Nurmijärvi Röykkä,-4.0,0.6,18.0
2023-01-23,Hämeenlinna Katinen,-4.3,2.1,
2023-01-23,Hattula Lepaa,-4.3,1.9,9.0
2023-01-23,Hämeenlinna Lammi Pappila,-5.2,2.2,21.0
2023-01-23,Asikkala Pulkkilanharju,-5.5,,
2023-01-23,Kouvola Utti lentoasema,-5.9,4.0,17.0
2023-01-23,Kouvola Anjala,-4.9,1.9,27.0
2023-01-23,Heinola Asemantaus,-5.6,4.9,19.0
2023-01-23,Kouvola Voikoski,,5.8,22.0
2023-01-23,Virolahti Koivuniemi,-4.5,2.4,25.0
2023-01-23,Lappeenranta lentoasema,-6.4,,
2023-01-23,Lappeenranta Konnunsuo,-5.6,,
2023-01-23,Lappeenranta Lepola,-6.3,2.8,23.0
2023-01-23,Ruokolahti Kotaniemi,,5.7,37.0
2023-01-23,Lappeenranta Hiekkapakka,-6.2,,
2023-01-23,Parikkala Koitsanlahti,-6.4,2.2,25.0
2023-01-23,Kaskinen Sälgrund,-0.6,0.2,
2023-01-23,Merikarvia Tuorila,,1.9,26.0
2023-01-23,Isojoki Kärjenkoski,,1.7,2.0
2023-01-23,Teuva Kauppilankylä,,0.3,2.0
2023-01-23,Pori Tahkoluoto satama,-0.9,,
2023-01-23,Kristiinankaupunki Majakka,-0.6,,
2023-01-23,Karvia Alkkia,-3.7,1.2,25.0
2023-01-23,Kurikka Hirvijärvi,,1.2,4.0
2023-01-23,Kauhajoki Kuja-Kokko,-2.6,0.3,7.0
2023-01-23,Kankaanpää Niinisalo lentokenttä,-3.3,1.2,25.0
2023-01-23,Alavus Sulkavankylä,,2.5,8.0
2023-01-23,Virrat Äijänneva,-4.1,,
2023-01-23,Tampere Siilinkari,-3.6,,
2023-01-23,Jämsä Halli lentoasema,-5.2,4.8,15.0
2023-01-23,Juupajoki Hyytiälä,-4.8,4.0,22.0
2023-01-23,Sysmä Joutsjärvi,,6.2,28.0
2023-01-23,Jyväskylä Muuratjärvi,,5.4,26.0
2023-01-23,Luhanka Judinsalo,-5.8,,
2023-01-23,Multia Pirttiperä,,5.5,29.0
2023-01-23,Joutsa Savenaho,-7.1,4.7,31.0
2023-01-23,Kangasniemi kirkonkylä,,6.3,39.0
2023-01-23,Joutsa Pärnämäki,,4.8,37.0
2023-01-23,Juva Partala,-8.1,,
2023-01-23,Varkaus Kosulanniemi,-8.0,4.8,28.0
2023-01-23,Savonlinna Laukansaari,,3.9,28.0
2023-01-23,Sulkava Halttula,,5.1,45.0
2023-01-23,Savonlinna lentoasema,-7.5,,
2023-01-23,Rantasalmi Rukkasluoto,-8.0,,
2023-01-23,Savonlinna Punkaharju Laukansaari,-6.9,2.6,30.0
2023-01-23,Enonkoski Simanala,,5.1,30.0
2023-01-23,Savonlinna Savonranta,,-1.0,35.0
2023-01-23,Rääkkylä kirkonkylä,,2.5,36.0
2023-01-23,Tohmajärvi Kemie,-7.3,2.7,30.0
2023-01-23,Joensuu Huhtilampi,,3.4,52.0
2023-01-23,Vaasa lentoasema,-1.4,,
2023-01-23,Mustasaari Valassaaret,-0.3,,
2023-01-23,Närpiö Ylimarkku,,-1.0,1.0
2023-01-23,Mustasaari Riimala,,0.0,5.0
2023-01-23,Kurikka Pyörni,,0.3,8.0
2023-01-23,Maalahti Strömmingsbådan,-0.1,,
2023-01-23,Vaasa Klemettilä,-1.3,-1.0,16.0
2023-01-23,Seinäjoki Pelmaa,-2.6,0.7,9.0
2023-01-23,Kauhava lentokenttä,-3.4,1.2,15.0
2023-01-23,Ähtäri Inha,-5.0,3.6,22.0
2023-01-23,Halsua Purola,-5.4,3.2,20.0
2023-01-23,Alajärvi Möksy,-5.6,5.6,28.0
2023-01-23,Multia Karhila,-6.1,5.2,35.0
2023-01-23,Viitasaari Haapaniemi,-7.2,4.8,20.0
2023-01-23,Äänekoski Kalaniemi,,4.6,28.0
2023-01-23,Vesanto kirkonkylä,-7.4,4.7,40.0
2023-01-23,Pielavesi Venetmäki,,5.3,57.0
2023-01-23,Siilinjärvi Kuopio lentoasema,-8.8,,
2023-01-23,Kuopio Maaninka,-8.2,3.5,33.0
2023-01-23,Lapinlahti Lamminkäyrä,,5.1,36.0
2023-01-23,Suonenjoki Iisvesi,,4.0,31.0
2023-01-23,Kuopio Karttula,,3.0,41.0
2023-01-23,Kuopio Ritoniemi,-8.6,,
2023-01-23,Kuopio Savilahti,-8.2,3.3,30.0
2023-01-23,Heinävesi Palokki,,3.5,43.0
2023-01-23,Outokumpu Viuruniemi,,2.5,45.0
2023-01-23,Rautavaara Ala-Luosta,,3.8,41.0
2023-01-23,Rautavaara Ylä-Luosta,-9.7,3.4,54.0
2023-01-23,Liperi Joensuu lentoasema,-8.1,,
2023-01-23,Juuka Niemelä,-9.8,1.8,49.0
2023-01-23,Joensuu Pyhäselkä,,3.0,30.0
2023-01-23,Lieksa Koli,,2.8,46.0
2023-01-23,Liperi Tuiskavanluoto,-7.4,,
2023-01-23,Joensuu Linnunlahti,-7.5,2.7,27.0
2023-01-23,Lieksa Lampela,-8.4,2.3,31.0
2023-01-23,Ilomantsi Pötsönvaara,-9.2,2.7,57.0
2023-01-23,Ilomantsi Mekrijärvi,-8.1,2.0,44.0
2023-01-23,Pietarsaari Kallan,-1.6,,
2023-01-23,Kokkola Tankar,-2.1,,
2023-01-23,Kruunupyy Kokkola-Pietarsaari lentoasema,-3.2,,
2023-01-23,Kaustinen Tastula,,1.9,12.0
2023-01-23,Kalajoki Ulkokalla,-1.1,,
2023-01-23,Kokkola Santahaka,-2.8,0.1,19.0
2023-01-23,Toholampi Oravala,,-1.0,22.0
2023-01-23,Kalajoki Pitkäsenkylä,,0.5,11.0
2023-01-23,Kalajoki Mehtäkylä,,0.9,12.0
2023-01-23,Toholampi Laitala,-4.1,0.6,5.0
2023-01-23,Ylivieska lentokenttä,-5.0,0.4,30.0
2023-01-23,Ylivieska Vähäkangas,,0.5,17.0
2023-01-23,Haapavesi Mustikkamäki,-6.1,0.3,13.0
2023-01-23,Pyhäjärvi Ojakylä,-7.4,2.7,26.0
2023-01-23,Pyhäjärvi Hiidenniemi,,4.6,27.0
2023-01-23,Kiuruvesi Korpijoki,,4.2,24.0
2023-01-23,Siikalatva Kestilä,,2.9,22.0
2023-01-23,Kajaani lentoasema,-8.6,,
2023-01-23,Vieremä Kaarakkala,-9.4,4.9,52.0
2023-01-23,Kajaani Paltaniemi,,3.0,34.0
2023-01-23,Nurmes Valtimo,-10.0,3.7,33.0
2023-01-23,Ristijärvi Mustavaara,,2.7,77.0
2023-01-23,Sotkamo Kuolaniemi,-10.3,2.8,40.0
2023-01-23,Nurmes Mujejärvi,,4.5,55.0
2023-01-23,Kuhmo Apaja,,3.5,48.0
2023-01-23,Kuhmo Kalliojoki,-10.6,2.8,46.0
2023-01-23,Raahe Nahkiainen,-1.4,,
2023-01-23,Hailuoto Keskikylä,-2.3,0.3,26.0
2023-01-23,Kemi I majakka,-0.1,,
2023-01-23,Hailuoto Marjaniemi,-1.6,,
2023-01-23,Raahe Lapaluoto satama,-2.8,,
2023-01-23,Oulu lentoasema,-4.6,,
2023-01-23,Siikajoki Ruukki,-4.3,0.7,16.0
2023-01-23,Oulu Vihreäsaari satama,-4.2,,
2023-01-23,Oulu Oulunsalo Pellonpää,-4.7,0.6,38.0
2023-01-23,Vaala Pelso,-7.6,1.6,12.0
2023-01-23,Pudasjärvi lentokenttä,-6.3,0.3,53.0
2023-01-23,Utajärvi Särkijärvi,,1.8,36.0
2023-01-23,Pudasjärvi Jaurakkajärvi,,1.7,47.0
2023-01-23,Suomussalmi Näljänkä,,1.7,68.0
2023-01-23,Suomussalmi Pesiö,-9.9,1.4,76.0
2023-01-23,Puolanka Kotila,,3.9,72.0
2023-01-23,Puolanka Paljakka,-10.2,3.3,77.0
2023-01-23,Kemi Kemi-Tornio lentoasema,-1.5,,
2023-01-23,Kemi Ajos,-1.0,,
2023-01-23,Tornio Kaakkuri,-1.2,-1.0,
2023-01-23,Ranua lentokenttä,-4.5,-1.0,63.0
2023-01-23,Pudasjärvi Sarakylä,,0.4,49.0
2023-01-23,Posio Raistakka,,0.2,61.0
2023-01-23,Taivalkoski Inkee,,0.0,57.0
2023-01-23,Taivalkoski kirkonkylä,-7.5,0.3,56.0
2023-01-23,Kuusamo lentoasema,-7.3,0.1,44.0
2023-01-23,Kuusamo Kiutaköngäs,-5.6,0.2,49.0
2023-01-23,Kuusamo Rukatunturi,-8.3,,
2023-01-23,Kuusamo Teeriranta,,1.1,67.0
2023-01-23,Kuusamo Juuma,-6.7,,
2023-01-23,Ylitornio Meltosjärvi,-2.9,-1.0,57.0
2023-01-23,Kolari Kattilamaa,,-1.0,63.0
2023-01-23,Pello kirkonkylä,-3.8,-1.0,50.0
2023-01-23,Rovaniemi rautatieasema,-2.1,,
2023-01-23,Sodankylä Tähtelä,-3.2,0.1,63.0
2023-01-23,Rovaniemi Apukka,-2.5,-1.0,50.0
2023-01-23,Pelkosenniemi kirkonkylä,,-1.0,54.0
2023-01-23,Kemijärvi lentokenttä,-3.7,0.2,53.0
2023-01-23,Savukoski kirkonkylä,-3.5,0.2,51.0
2023-01-23,Salla Kelloselkä,,0.0,37.0
2023-01-23,Pelkosenniemi Pyhätunturi,-5.3,,
2023-01-23,Salla kirkonkylä,-4.7,-1.0,41.0
2023-01-23,Salla Naruska,-4.6,0.2,48.0
2023-01-23,Enontekiö Kaaresuvanto,,-1.0,70.0
2023-01-23,Enontekiö lentoasema,-5.0,,
2023-01-23,Kittilä Pulju,,0.2,59.0
2023-01-23,Muonio Laukukero,-7.3,,
2023-01-23,Muonio Sammaltunturi,-6.1,,
2023-01-23,Kittilä Matorova,-4.7,,
2023-01-23,Kittilä lentoasema,-3.9,,
2023-01-23,Kittilä Kenttärova,-4.8,-1.0,74.0
2023-01-23,Kittilä Pakatti,-4.2,-1.0,69.0
2023-01-23,Kittilä Pokka,-4.5,0.1,71.0
2023-01-23,Sodankylä Lokka,-3.7,0.9,57.0
2023-01-23,Sodankylä Vuotso,-4.0,0.7,61.0
2023-01-23,Inari Saariselkä matkailukeskus,-4.3,-1.0,52.0
2023-01-23,Inari Saariselkä Kaunispää,-5.3,,
2023-01-23,Inari Raja-Jooseppi Kontiojärvi,,-1.0,38.0
2023-01-23,Inari Raja-Jooseppi,-3.7,,
2023-01-23,Salla Värriötunturi,-5.2,0.3,43.0
2023-01-23,Enontekiö Kilpisjärvi kyläkeskus,-2.2,3.6,48.0
2023-01-23,Enontekiö Kilpisjärvi Saana,-5.9,,
2023-01-23,Enontekiö Näkkälä,-5.3,1.0,62.0
2023-01-23,Inari Angeli Lintupuoliselkä,-4.2,0.2,44.0
2023-01-23,Inari Ivalo lentoasema,-2.6,,
2023-01-23,Utsjoki Kevo,-2.7,-1.0,49.0
2023-01-23,Utsjoki Nuorgam,-2.1,-1.0,46.0
2023-01-23,Inari Väylä,-3.2,,
2023-01-23,Inari kirkonkylä,,-1.0,53.0
2023-01-23,Inari Kaamanen,-3.7,-1.0,57.0
2023-01-23,Inari Nellim,-2.2,-1.0,34.0
2023-01-23,Inari Kirakkajärvi,-3.3,-1.0,45.0
2023-01-23,Mäntsälä Hirvihaara,-4.1,1.6,21.0
2023-01-23,Lahti Sopenkorpi,-5.1,1.6,24.0
2023-01-23,Siuntio Sjundby,,0.6,10.0
2023-01-23,Sipoo Itätoukki,-2.1,,
2023-01-23,Rauma Pyynpää,-1.6,1.1,2.0
2023-01-23,Muonio Oustajärvi,-4.7,0.2,67.0
2023-01-23,Pyhtää lentokenttä,-4.2,2.3,21.0
2023-01-23,Sotkamo Tuhkakylä,-9.9,3.4,56.0
2023-01-23,Tervola Loue,-2.1,,
2023-01-23,Savukoski Tulppio,-3.8,-1.0,43.0
2023-01-23,Mikkeli Pitkäaho,,4.3,34.0
2023-01-23,Kajaani Petäisenniska,-8.9,1.6,40.0
2023-01-23,Utsjoki Kevo Kevojärvi,-2.3,,
2023-01-23,Inari Seitalaassa,-3.6,,
2023-01-23,Ilmajoki Seinäjoki lentoasema,-3.5,,
2023-01-23,Rovaniemi lentoasema AWOS,-3.1,-1.0,48.0
2023-01-23,Jyväskylä lentoasema AWOS,-6.5,4.2,29.0
2023-01-23,Puumala kirkonkylä,-7.4,4.9,26.0
2023-01-23,Helsinki Vuosaari satama,-2.2,,
2023-01-23,Maarianhamina Länsisatama,-2.4,,
2023-01-23,Lumparland Långnäs satama,-2.3,-1.0,-1.0
2023-01-23,Kittilä Lompolonvuoma,-3.8,-1.0,
2023-01-23,Kuusamo Ruka Talvijärvi,-6.9,,
2023-01-23,Espoo Nuuksio,-3.3,0.8,28.0
2023-01-23,Mikkeli Lentoasema AWOS,-7.5,5.3,32.0
2023-01-23,Espoo Tapiola,-2.3,0.9,17.0
2023-01-24,Porvoo Kilpilahti satama,0.2,,
2023-01-24,Jomala Maarianhamina lentoasema,1.3,,
2023-01-24,Parainen Utö,1.6,0.1,-1.0
2023-01-24,Lemland Nyhamn,1.5,,
2023-01-24,Jomala Jomalaby,1.0,-1.0,-1.0
2023-01-24,Hammarland Märket,1.4,,
2023-01-24,Kökar Bogskär,1.7,,
2023-01-24,Parainen Fagerholm,1.1,-1.0,
2023-01-24,Kumlinge kirkonkylä,0.8,,
2023-01-24,Hanko Russarö,1.3,-1.0,
2023-01-24,Kaarina Yltöinen,0.2,-1.0,2.0
2023-01-24,Kemiönsaari Vänö,1.3,,
2023-01-24,Hanko Tulliniemi,1.3,,
2023-01-24,Turku Rajakari,0.6,,
2023-01-24,Turku Artukainen,0.4,-1.0,4.0
2023-01-24,Kemiönsaari Kemiö,0.3,-1.0,-1.0
2023-01-24,Hanko Tvärminne,1.0,-1.0,3.0
2023-01-24,Salo Kärkkä,0.2,-1.0,
2023-01-24,Lohja Leppäkorpi,,0.3,4.0
2023-01-24,Raasepori Jussarö,1.0,,
2023-01-24,Salo Kiikala lentokenttä,-1.0,0.1,4.0
2023-01-24,Vantaa Helsinki-Vantaan lentoasema,-0.3,0.3,12.0
2023-01-24,Inkoo Bågaskär,0.5,,
2023-01-24,Helsinki Kaisaniemi,0.5,-1.0,3.0
2023-01-24,Lohja Porla,0.1,-1.0,20.0
2023-01-24,Vihti Maasoja,-0.3,,
2023-01-24,Helsinki Harmaja,0.4,,
2023-01-24,Kirkkonummi Mäkiluoto,0.9,,
2023-01-24,Helsinki Helsingin majakka,0.8,,
2023-01-24,Helsinki Kumpula,0.1,0.3,16.0
2023-01-24,Helsinki Malmi lentokenttä,0.1,,
2023-01-24,Porvoo Kalbådagrund,0.9,,
2023-01-24,Porvoo Emäsalo,0.3,,
2023-01-24,Porvoo Harabacka,-0.2,-1.0,7.0
2023-01-24,Kotka Rankki,-0.1,1.0,28.0
2023-01-24,Loviisa Orrengrund,0.3,,
2023-01-24,Kotka Haapasaari,0.1,,
2023-01-24,Pori lentoasema,1.2,,
2023-01-24,Uusikaupunki Itätulli,,-1.0,1.0
2023-01-24,Kustavi Isokari,1.3,-1.0,
2023-01-24,Rauma Kylmäpihlaja,1.4,,
2023-01-24,Pori rautatieasema,1.2,-1.0,5.0
2023-01-24,Turku lentoasema,0.0,,
2023-01-24,Kokemäki Rausenkulma,,-1.0,1.0
2023-01-24,Huittinen Sallila,,-1.0,2.0
2023-01-24,Oripää Teinikivi,,0.6,5.0
2023-01-24,Pöytyä Yläne,,0.3,1.0
2023-01-24,Kokemäki Tulkkila,0.4,-1.0,2.0
2023-01-24,Jokioinen Ilmala,-1.0,0.1,2.0
2023-01-24,Nokia Tottijärvi,,0.0,5.0
2023-01-24,Pirkkala Tampere-Pirkkala lentoasema,-0.8,,
2023-01-24,Tampere Härmälä,-0.6,-1.0,19.0
2023-01-24,Somero Salkola,-1.3,-1.0,21.0
2023-01-24,Hyvinkää Hyvinkäänkylä,-0.8,0.3,26.0
2023-01-24,Vihti Hiiskula,,0.2,29.0
2023-01-24,Hämeenlinna Pirttikoski,,0.1,9.0
2023-01-24,Nurmijärvi Röykkä,-0.9,0.2,22.0
2023-01-24,Hämeenlinna Katinen,-0.9,0.1,
2023-01-24,Hattula Lepaa,-1.0,-1.0,10.0
2023-01-24,Hämeenlinna Lammi Pappila,-1.3,-1.0,22.0
2023-01-24,Asikkala Pulkkilanharju,-1.2,,
2023-01-24,Kouvola Utti lentoasema,-1.3,0.8,22.0
2023-01-24,Kouvola Anjala,-0.6,0.4,29.0
2023-01-24,Heinola Asemantaus,-1.1,0.2,24.0
2023-01-24,Kouvola Voikoski,,-1.0,27.0
2023-01-24,Virolahti Koivuniemi,-0.4,3.1,29.0
2023-01-24,Lappeenranta lentoasema,-1.5,,
2023-01-24,Lappeenranta Konnunsuo,-1.2,,
2023-01-24,Lappeenranta Lepola,-1.5,0.5,28.0
2023-01-24,Ruokolahti Kotaniemi,,2.0,44.0
2023-01-24,Lappeenranta Hiekkapakka,-1.4,,
2023-01-24,Parikkala Koitsanlahti,-1.8,0.7,28.0
2023-01-24,Kaskinen Sälgrund,0.5,-1.0,
2023-01-24,Merikarvia Tuorila,,0.0,27.0
2023-01-24,Isojoki Kärjenkoski,,-1.0,2.0
2023-01-24,Teuva Kauppilankylä,,0.1,2.0
2023-01-24,Pori Tahkoluoto satama,1.4,,
2023-01-24,Kristiinankaupunki Majakka,1.7,,
2023-01-24,Karvia Alkkia,-0.5,-1.0,26.0
2023-01-24,Kurikka Hirvijärvi,,-1.0,5.0
2023-01-24,Kauhajoki Kuja-Kokko,0.2,-1.0,8.0
2023-01-24,Kankaanpää Niinisalo lentokenttä,-0.3,0.1,25.0
2023-01-24,Alavus Sulkavankylä,,-1.0,10.0
2023-01-24,Virrat Äijänneva,-0.6,,
2023-01-24,Tampere Siilinkari,-0.6,,
2023-01-24,Jämsä Halli lentoasema,-1.3,-1.0,19.0
2023-01-24,Juupajoki Hyytiälä,-1.2,-1.0,25.0
2023-01-24,Sysmä Joutsjärvi,,0.3,32.0
2023-01-24,Jyväskylä Muuratjärvi,,0.0,30.0
2023-01-24,Luhanka Judinsalo,-1.1,,
2023-01-24,Multia Pirttiperä,,0.5,33.0
2023-01-24,Joutsa Savenaho,-1.7,0.1,36.0
2023-01-24,Kangasniemi kirkonkylä,,0.5,42.0
2023-01-24,Joutsa Pärnämäki,,0.1,40.0
2023-01-24,Juva Partala,-1.7,,
2023-01-24,Varkaus Kosulanniemi,-1.6,0.8,30.0
2023-01-24,Savonlinna Laukansaari,,1.2,31.0
2023-01-24,Sulkava Halttula,,0.2,49.0
2023-01-24,Savonlinna lentoasema,-1.9,,
2023-01-24,Rantasalmi Rukkasluoto,-1.7,,
2023-01-24,Savonlinna Punkaharju Laukansaari,-1.9,0.9,33.0
2023-01-24,Enonkoski Simanala,,1.1,33.0
2023-01-24,Savonlinna Savonranta,,3.7,35.0
2023-01-24,Rääkkylä kirkonkylä,,1.7,38.0
2023-01-24,Tohmajärvi Kemie,-2.7,0.8,34.0
2023-01-24,Joensuu Huhtilampi,,1.0,52.0
2023-01-24,Vaasa lentoasema,-0.5,,
2023-01-24,Mustasaari Valassaaret,0.1,,
2023-01-24,Närpiö Ylimarkku,,-1.0,1.0
2023-01-24,Mustasaari Riimala,,0.3,5.0
2023-01-24,Kurikka Pyörni,,0.1,8.0
2023-01-24,Maalahti Strömmingsbådan,1.1,,
2023-01-24,Vaasa Klemettilä,0.0,0.3,16.0
2023-01-24,Seinäjoki Pelmaa,-0.1,0.5,10.0
2023-01-24,Kauhava lentokenttä,-0.2,0.5,15.0
2023-01-24,Ähtäri Inha,-1.2,0.3,24.0
2023-01-24,Halsua Purola,-1.4,1.6,22.0
2023-01-24,Alajärvi Möksy,-1.2,0.9,32.0
2023-01-24,Multia Karhila,-1.8,0.2,38.0
2023-01-24,Viitasaari Haapaniemi,-1.5,0.1,26.0
2023-01-24,Äänekoski Kalaniemi,,0.1,32.0
2023-01-24,Vesanto kirkonkylä,-1.7,0.1,42.0
2023-01-24,Pielavesi Venetmäki,,0.8,59.0
2023-01-24,Siilinjärvi Kuopio lentoasema,-2.2,,
2023-01-24,Kuopio Maaninka,-1.8,0.3,36.0
2023-01-24,Lapinlahti Lamminkäyrä,,0.6,38.0
2023-01-24,Suonenjoki Iisvesi,,0.2,34.0
2023-01-24,Kuopio Karttula,,1.5,41.0
2023-01-24,Kuopio Ritoniemi,-1.9,,
2023-01-24,Kuopio Savilahti,-1.7,0.6,32.0
2023-01-24,Heinävesi Palokki,,2.0,46.0
2023-01-24,Outokumpu Viuruniemi,,1.3,46.0
2023-01-24,Rautavaara Ala-Luosta,,1.2,42.0
2023-01-24,Rautavaara Ylä-Luosta,-3.5,2.1,56.0
2023-01-24,Liperi Joensuu lentoasema,-3.0,,
2023-01-24,Juuka Niemelä,-3.2,0.9,50.0
2023-01-24,Joensuu Pyhäselkä,,1.5,33.0
2023-01-24,Lieksa Koli,,1.9,47.0
2023-01-24,Liperi Tuiskavanluoto,-2.6,,
2023-01-24,Joensuu Linnunlahti,-2.7,1.3,30.0
2023-01-24,Lieksa Lampela,-3.2,1.1,32.0
2023-01-24,Ilomantsi Pötsönvaara,-4.7,2.6,59.0
2023-01-24,Ilomantsi Mekrijärvi,-3.9,0.5,43.0
2023-01-24,Pietarsaari Kallan,0.1,,
2023-01-24,Kokkola Tankar,-0.3,,
2023-01-24,Kruunupyy Kokkola-Pietarsaari lentoasema,-0.9,,
2023-01-24,Kaustinen Tastula,,1.9,13.0
2023-01-24,Kalajoki Ulkokalla,0.1,,
2023-01-24,Kokkola Santahaka,-1.0,2.4,19.0
2023-01-24,Toholampi Oravala,,-1.0,22.0
2023-01-24,Kalajoki Pitkäsenkylä,,4.3,10.0
2023-01-24,Kalajoki Mehtäkylä,,4.1,13.0
2023-01-24,Toholampi Laitala,-1.1,1.3,5.0
2023-01-24,Ylivieska lentokenttä,-1.1,2.9,31.0
2023-01-24,Ylivieska Vähäkangas,,3.1,17.0
2023-01-24,Haapavesi Mustikkamäki,-1.5,2.4,13.0
2023-01-24,Pyhäjärvi Ojakylä,-1.9,0.3,30.0
2023-01-24,Pyhäjärvi Hiidenniemi,,1.0,29.0
2023-01-24,Kiuruvesi Korpijoki,,0.8,28.0
2023-01-24,Siikalatva Kestilä,,0.5,25.0
2023-01-24,Kajaani lentoasema,-2.5,,
2023-01-24,Vieremä Kaarakkala,-3.0,1.1,54.0
2023-01-24,Kajaani Paltaniemi,,1.1,33.0
2023-01-24,Nurmes Valtimo,-3.5,0.2,34.0
2023-01-24,Ristijärvi Mustavaara,,2.5,75.0
2023-01-24,Sotkamo Kuolaniemi,-3.2,1.0,41.0
2023-01-24,Nurmes Mujejärvi,,1.2,58.0
2023-01-24,Kuhmo Apaja,,1.2,51.0
2023-01-24,Kuhmo Kalliojoki,-4.6,1.3,48.0
2023-01-24,Raahe Nahkiainen,0.2,,
2023-01-24,Hailuoto Keskikylä,-1.0,1.7,26.0
2023-01-24,Kemi I majakka,0.3,,
2023-01-24,Hailuoto Marjaniemi,-0.6,,
2023-01-24,Raahe Lapaluoto satama,-0.4,,
2023-01-24,Oulu lentoasema,-1.2,,
2023-01-24,Siikajoki Ruukki,-1.2,2.3,16.0
2023-01-24,Oulu Vihreäsaari satama,-1.3,,
2023-01-24,Oulu Oulunsalo Pellonpää,-1.8,2.6,38.0
2023-01-24,Vaala Pelso,-1.9,0.9,12.0
2023-01-24,Pudasjärvi lentokenttä,-2.2,2.9,53.0
2023-01-24,Utajärvi Särkijärvi,,3.0,38.0
2023-01-24,Pudasjärvi Jaurakkajärvi,,2.7,47.0
2023-01-24,Suomussalmi Näljänkä,,3.3,68.0
2023-01-24,Suomussalmi Pesiö,-3.9,3.7,75.0
2023-01-24,Puolanka Kotila,,4.8,73.0
2023-01-24,Puolanka Paljakka,-4.3,5.6,79.0
2023-01-24,Kemi Kemi-Tornio lentoasema,-3.5,,
2023-01-24,Kemi Ajos,-3.4,,
2023-01-24,Tornio Kaakkuri,-3.4,5.0,
2023-01-24,Ranua lentokenttä,-2.9,3.4,62.0
2023-01-24,Pudasjärvi Sarakylä,,4.0,48.0
2023-01-24,Posio Raistakka,,2.7,59.0
2023-01-24,Taivalkoski Inkee,,3.8,57.0
2023-01-24,Taivalkoski kirkonkylä,-3.2,2.9,55.0
2023-01-24,Kuusamo lentoasema,-4.2,1.8,43.0
2023-01-24,Kuusamo Kiutaköngäs,-3.8,2.7,48.0
2023-01-24,Kuusamo Rukatunturi,-5.7,,
2023-01-24,Kuusamo Teeriranta,,2.0,65.0
2023-01-24,Kuusamo Juuma,-4.7,,
2023-01-24,Ylitornio Meltosjärvi,-4.6,3.8,57.0
2023-01-24,Kolari Kattilamaa,,1.9,63.0
2023-01-24,Pello kirkonkylä,-5.8,1.9,49.0
2023-01-24,Rovaniemi rautatieasema,-3.2,,
2023-01-24,Sodankylä Tähtelä,-4.4,1.5,62.0
2023-01-24,Rovaniemi Apukka,-5.4,2.8,50.0
2023-01-24,Pelkosenniemi kirkonkylä,,1.0,54.0
2023-01-24,Kemijärvi lentokenttä,-3.8,1.2,54.0
2023-01-24,Savukoski kirkonkylä,-4.1,1.9,51.0
2023-01-24,Salla Kelloselkä,,1.6,35.0
2023-01-24,Pelkosenniemi Pyhätunturi,-5.0,,
2023-01-24,Salla kirkonkylä,-3.6,2.3,40.0
2023-01-24,Salla Naruska,-6.7,4.0,47.0
2023-01-24,Enontekiö Kaaresuvanto,,0.2,70.0
2023-01-24,Enontekiö lentoasema,-5.1,,
2023-01-24,Kittilä Pulju,,0.4,59.0
2023-01-24,Muonio Laukukero,-7.2,,
2023-01-24,Muonio Sammaltunturi,-6.1,,
2023-01-24,Kittilä Matorova,-4.5,,
2023-01-24,Kittilä lentoasema,-5.2,,
2023-01-24,Kittilä Kenttärova,-4.8,0.4,73.0
2023-01-24,Kittilä Pakatti,-5.0,0.4,67.0
2023-01-24,Kittilä Pokka,-4.9,0.2,70.0
2023-01-24,Sodankylä Lokka,-4.1,0.9,56.0
2023-01-24,Sodankylä Vuotso,-4.2,0.6,60.0
2023-01-24,Inari Saariselkä matkailukeskus,-5.3,0.9,51.0
2023-01-24,Inari Saariselkä Kaunispää,-5.6,,
2023-01-24,Inari Raja-Jooseppi Kontiojärvi,,0.6,38.0
2023-01-24,Inari Raja-Jooseppi,-3.1,,
2023-01-24,Salla Värriötunturi,-4.7,1.2,43.0
2023-01-24,Enontekiö Kilpisjärvi kyläkeskus,-2.6,2.8,55.0
2023-01-24,Enontekiö Kilpisjärvi Saana,-6.9,,
2023-01-24,Enontekiö Näkkälä,-4.9,1.1,61.0
2023-01-24,Inari Angeli Lintupuoliselkä,-3.8,1.3,44.0
2023-01-24,Inari Ivalo lentoasema,-2.6,,
2023-01-24,Utsjoki Kevo,-3.2,-1.0,48.0
2023-01-24,Utsjoki Nuorgam,-1.9,-1.0,45.0
2023-01-24,Inari Väylä,-2.9,,
2023-01-24,Inari kirkonkylä,,0.2,50.0
2023-01-24,Inari Kaamanen,-4.3,1.0,56.0
2023-01-24,Inari Nellim,-1.9,0.8,33.0
2023-01-24,Inari Kirakkajärvi,-3.3,-1.0,44.0
2023-01-24,Mäntsälä Hirvihaara,-1.0,0.2,23.0
2023-01-24,Lahti Sopenkorpi,-1.2,-1.0,22.0
2023-01-24,Siuntio Sjundby,,0.2,10.0
2023-01-24,Sipoo Itätoukki,0.6,,
2023-01-24,Rauma Pyynpää,1.1,-1.0,3.0
2023-01-24,Muonio Oustajärvi,-5.2,0.8,66.0
2023-01-24,Pyhtää lentokenttä,-0.3,0.2,24.0
2023-01-24,Sotkamo Tuhkakylä,-3.5,0.9,57.0
2023-01-24,Tervola Loue,-3.8,,
2023-01-24,Savukoski Tulppio,-4.3,1.2,42.0
2023-01-24,Mikkeli Pitkäaho,,0.8,35.0
2023-01-24,Kajaani Petäisenniska,-2.7,1.3,40.0
2023-01-24,Utsjoki Kevo Kevojärvi,-3.0,,
2023-01-24,Inari Seitalaassa,-3.3,,
2023-01-24,Ilmajoki Seinäjoki lentoasema,0.0,,
2023-01-24,Rovaniemi lentoasema AWOS,-4.3,3.2,47.0
2023-01-24,Jyväskylä lentoasema AWOS,-1.4,0.1,33.0
2023-01-24,Puumala kirkonkylä,-1.5,0.7,31.0
2023-01-24,Helsinki Vuosaari satama,0.4,,
2023-01-24,Maarianhamina Länsisatama,1.4,,
2023-01-24,Lumparland Långnäs satama,1.0,-1.0,-1.0
2023-01-24,Kittilä Lompolonvuoma,-3.2,0.7,
2023-01-24,Kuusamo Ruka Talvijärvi,-4.2,,
2023-01-24,Espoo Nuuksio,-0.8,0.1,28.0
2023-01-24,Mikkeli Lentoasema AWOS,-1.3,0.4,38.0
2023-01-24,Espoo Tapiola,0.4,-1.0,18.0
2023-01-25,Porvoo Kilpilahti satama,2.5,,
2023-01-25,Jomala Maarianhamina lentoasema,4.4,,
2023-01-25,Parainen Utö,3.9,0.6,-1.0
2023-01-25,Lemland Nyhamn,3.9,,
2023-01-25,Jomala Jomalaby,4.6,-1.0,-1.0
2023-01-25,Hammarland Märket,4.2,,
2023-01-25,Kökar Bogskär,4.1,,
2023-01-25,Parainen Fagerholm,3.7,-1.0,
2023-01-25,Kumlinge kirkonkylä,3.8,,
2023-01-25,Hanko Russarö,3.2,0.5,
2023-01-25,Kaarina Yltöinen,2.8,0.7,-1.0
2023-01-25,Kemiönsaari Vänö,3.6,,
2023-01-25,Hanko Tulliniemi,3.2,,
2023-01-25,Turku Rajakari,3.1,,
2023-01-25,Turku Artukainen,3.5,0.1,-1.0
2023-01-25,Kemiönsaari Kemiö,3.4,1.7,-1.0
2023-01-25,Hanko Tvärminne,3.0,1.4,-1.0
2023-01-25,Salo Kärkkä,3.4,0.6,
2023-01-25,Lohja Leppäkorpi,,1.0,2.0
2023-01-25,Raasepori Jussarö,2.7,,
2023-01-25,Salo Kiikala lentokenttä,2.5,0.3,3.0
2023-01-25,Vantaa Helsinki-Vantaan lentoasema,2.1,0.5,11.0
2023-01-25,Inkoo Bågaskär,2.4,,
2023-01-25,Helsinki Kaisaniemi,2.8,0.2,2.0
2023-01-25,Lohja Porla,2.9,0.1,21.0
2023-01-25,Vihti Maasoja,2.8,,
2023-01-25,Helsinki Harmaja,2.0,,
2023-01-25,Kirkkonummi Mäkiluoto,2.7,,
2023-01-25,Helsinki Helsingin majakka,2.5,,
2023-01-25,Helsinki Kumpula,2.4,0.5,14.0
2023-01-25,Helsinki Malmi lentokenttä,2.7,,
2023-01-25,Porvoo Kalbådagrund,2.2,,
2023-01-25,Porvoo Emäsalo,1.7,,
2023-01-25,Porvoo Harabacka,2.4,0.2,7.0
2023-01-25,Kotka Rankki,1.3,-1.0,27.0
2023-01-25,Loviisa Orrengrund,1.6,,
2023-01-25,Kotka Haapasaari,1.6,,
2023-01-25,Pori lentoasema,3.5,,
2023-01-25,Uusikaupunki Itätulli,,-1.0,-1.0
2023-01-25,Kustavi Isokari,3.4,0.1,
2023-01-25,Rauma Kylmäpihlaja,2.7,,
2023-01-25,Pori rautatieasema,3.5,-1.0,3.0
2023-01-25,Turku lentoasema,3.3,,
2023-01-25,Kokemäki Rausenkulma,,-1.0,0.0
2023-01-25,Huittinen Sallila,,-1.0,0.0
2023-01-25,Oripää Teinikivi,,0.5,5.0
2023-01-25,Pöytyä Yläne,,-1.0,0.0
2023-01-25,Kokemäki Tulkkila,3.4,-1.0,-1.0
2023-01-25,Jokioinen Ilmala,2.4,1.8,2.0
2023-01-25,Nokia Tottijärvi,,0.2,4.0
2023-01-25,Pirkkala Tampere-Pirkkala lentoasema,2.2,,
2023-01-25,Tampere Härmälä,2.6,0.3,20.0
2023-01-25,Somero Salkola,1.8,0.1,22.0
2023-01-25,Hyvinkää Hyvinkäänkylä,2.2,0.3,25.0
2023-01-25,Vihti Hiiskula,,0.7,29.0
2023-01-25,Hämeenlinna Pirttikoski,,2.8,9.0
2023-01-25,Nurmijärvi Röykkä,1.9,0.5,25.0
2023-01-25,Hämeenlinna Katinen,2.3,0.1,
2023-01-25,Hattula Lepaa,2.3,-1.0,11.0
2023-01-25,Hämeenlinna Lammi Pappila,1.7,-1.0,24.0
2023-01-25,Asikkala Pulkkilanharju,1.7,,
2023-01-25,Kouvola Utti lentoasema,1.3,1.5,22.0
2023-01-25,Kouvola Anjala,1.9,0.2,29.0
2023-01-25,Heinola Asemantaus,1.7,0.3,23.0
2023-01-25,Kouvola Voikoski,,1.2,25.0
2023-01-25,Virolahti Koivuniemi,1.6,1.1,29.0
2023-01-25,Lappeenranta lentoasema,1.1,,
2023-01-25,Lappeenranta Konnunsuo,1.3,,
2023-01-25,Lappeenranta Lepola,1.0,0.2,28.0
2023-01-25,Ruokolahti Kotaniemi,,1.3,43.0
2023-01-25,Lappeenranta Hiekkapakka,1.0,,
2023-01-25,Parikkala Koitsanlahti,1.0,0.1,29.0
2023-01-25,Kaskinen Sälgrund,1.9,-1.0,
2023-01-25,Merikarvia Tuorila,,-1.0,25.0
2023-01-25,Isojoki Kärjenkoski,,-1.0,0.0
2023-01-25,Teuva Kauppilankylä,,-1.0,0.0
2023-01-25,Pori Tahkoluoto satama,2.6,,
2023-01-25,Kristiinankaupunki Majakka,3.2,,
2023-01-25,Karvia Alkkia,1.7,-1.0,25.0
2023-01-25,Kurikka Hirvijärvi,,-1.0,2.0
2023-01-25,Kauhajoki Kuja-Kokko,2.6,-1.0,7.0
2023-01-25,Kankaanpää Niinisalo lentokenttä,2.1,-1.0,26.0
2023-01-25,Alavus Sulkavankylä,,-1.0,9.0
2023-01-25,Virrat Äijänneva,2.0,,
2023-01-25,Tampere Siilinkari,2.2,,
2023-01-25,Jämsä Halli lentoasema,1.6,-1.0,18.0
2023-01-25,Juupajoki Hyytiälä,1.8,0.2,24.0
2023-01-25,Sysmä Joutsjärvi,,0.3,31.0
2023-01-25,Jyväskylä Muuratjärvi,,-1.0,29.0
2023-01-25,Luhanka Judinsalo,1.6,,
2023-01-25,Multia Pirttiperä,,-1.0,33.0
2023-01-25,Joutsa Savenaho,0.8,0.1,34.0
2023-01-25,Kangasniemi kirkonkylä,,0.1,40.0
2023-01-25,Joutsa Pärnämäki,,0.2,39.0
2023-01-25,Juva Partala,0.9,,
2023-01-25,Varkaus Kosulanniemi,1.4,-1.0,31.0
2023-01-25,Savonlinna Laukansaari,,0.0,32.0
2023-01-25,Sulkava Halttula,,0.1,48.0
2023-01-25,Savonlinna lentoasema,1.0,,
2023-01-25,Rantasalmi Rukkasluoto,1.0,,
2023-01-25,Savonlinna Punkaharju Laukansaari,1.0,-1.0,34.0
2023-01-25,Enonkoski Simanala,,0.3,33.0
2023-01-25,Savonlinna Savonranta,,0.2,34.0
2023-01-25,Rääkkylä kirkonkylä,,0.0,39.0
2023-01-25,Tohmajärvi Kemie,0.8,0.1,35.0
2023-01-25,Joensuu Huhtilampi,,0.1,52.0
2023-01-25,Vaasa lentoasema,3.4,,
2023-01-25,Mustasaari Valassaaret,2.6,,
2023-01-25,Närpiö Ylimarkku,,-1.0,0.0
2023-01-25,Mustasaari Riimala,,-1.0,5.0
2023-01-25,Kurikka Pyörni,,-1.0,8.0
2023-01-25,Maalahti Strömmingsbådan,2.6,,
2023-01-25,Vaasa Klemettilä,3.7,-1.0,16.0
2023-01-25,Seinäjoki Pelmaa,3.1,-1.0,8.0
2023-01-25,Kauhava lentokenttä,2.8,-1.0,14.0
2023-01-25,Ähtäri Inha,1.6,-1.0,23.0
2023-01-25,Halsua Purola,1.9,-1.0,21.0
2023-01-25,Alajärvi Möksy,1.7,-1.0,31.0
2023-01-25,Multia Karhila,1.0,-1.0,39.0
2023-01-25,Viitasaari Haapaniemi,1.8,-1.0,26.0
2023-01-25,Äänekoski Kalaniemi,,-1.0,31.0
2023-01-25,Vesanto kirkonkylä,1.4,-1.0,41.0
2023-01-25,Pielavesi Venetmäki,,-1.0,58.0
2023-01-25,Siilinjärvi Kuopio lentoasema,1.5,,
2023-01-25,Kuopio Maaninka,1.6,-1.0,35.0
2023-01-25,Lapinlahti Lamminkäyrä,,0.0,37.0
2023-01-25,Suonenjoki Iisvesi,,0.0,34.0
2023-01-25,Kuopio Karttula,,-1.0,40.0
2023-01-25,Kuopio Ritoniemi,1.2,,
2023-01-25,Kuopio Savilahti,1.7,-1.0,31.0
2023-01-25,Heinävesi Palokki,,-1.0,47.0
2023-01-25,Outokumpu Viuruniemi,,0.0,46.0
2023-01-25,Rautavaara Ala-Luosta,,-1.0,40.0
2023-01-25,Rautavaara Ylä-Luosta,0.6,0.0,54.0
2023-01-25,Liperi Joensuu lentoasema,0.7,,
2023-01-25,Juuka Niemelä,1.1,-1.0,50.0
2023-01-25,Joensuu Pyhäselkä,,0.1,35.0
2023-01-25,Lieksa Koli,,0.1,47.0
2023-01-25,Liperi Tuiskavanluoto,0.7,,
2023-01-25,Joensuu Linnunlahti,0.7,-1.0,30.0
2023-01-25,Lieksa Lampela,0.8,-1.0,31.0
2023-01-25,Ilomantsi Pötsönvaara,-0.6,0.6,59.0
2023-01-25,Ilomantsi Mekrijärvi,0.1,0.3,47.0
2023-01-25,Pietarsaari Kallan,2.7,,
2023-01-25,Kokkola Tankar,3.0,,
2023-01-25,Kruunupyy Kokkola-Pietarsaari lentoasema,3.7,,
2023-01-25,Kaustinen Tastula,,-1.0,10.0
2023-01-25,Kalajoki Ulkokalla,2.4,,
2023-01-25,Kokkola Santahaka,3.9,-1.0,18.0
2023-01-25,Toholampi Oravala,,-1.0,22.0
2023-01-25,Kalajoki Pitkäsenkylä,,-1.0,10.0
2023-01-25,Kalajoki Mehtäkylä,,-1.0,11.0
2023-01-25,Toholampi Laitala,2.9,-1.0,2.0
2023-01-25,Ylivieska lentokenttä,3.3,-1.0,29.0
2023-01-25,Ylivieska Vähäkangas,,0.1,16.0
2023-01-25,Haapavesi Mustikkamäki,2.8,-1.0,11.0
2023-01-25,Pyhäjärvi Ojakylä,2.3,-1.0,28.0
2023-01-25,Pyhäjärvi Hiidenniemi,,0.2,27.0
2023-01-25,Kiuruvesi Korpijoki,,0.0,28.0
2023-01-25,Siikalatva Kestilä,,-1.0,23.0
2023-01-25,Kajaani lentoasema,2.5,,
2023-01-25,Vieremä Kaarakkala,1.0,0.2,51.0
2023-01-25,Kajaani Paltaniemi,,0.0,31.0
2023-01-25,Nurmes Valtimo,1.5,-1.0,34.0
2023-01-25,Ristijärvi Mustavaara,,0.8,75.0
2023-01-25,Sotkamo Kuolaniemi,1.6,0.1,42.0
2023-01-25,Nurmes Mujejärvi,,0.2,59.0
2023-01-25,Kuhmo Apaja,,0.3,52.0
2023-01-25,Kuhmo Kalliojoki,1.0,1.5,48.0
2023-01-25,Raahe Nahkiainen,2.4,,
2023-01-25,Hailuoto Keskikylä,2.4,-1.0,23.0
2023-01-25,Kemi I majakka,2.3,,
2023-01-25,Hailuoto Marjaniemi,1.8,,
2023-01-25,Raahe Lapaluoto satama,2.0,,
2023-01-25,Oulu lentoasema,4.0,,
2023-01-25,Siikajoki Ruukki,4.2,-1.0,15.0
2023-01-25,Oulu Vihreäsaari satama,3.5,,
2023-01-25,Oulu Oulunsalo Pellonpää,3.7,-1.0,38.0
2023-01-25,Vaala Pelso,3.0,-1.0,10.0
2023-01-25,Pudasjärvi lentokenttä,2.2,1.6,53.0
2023-01-25,Utajärvi Särkijärvi,,0.2,37.0
2023-01-25,Pudasjärvi Jaurakkajärvi,,0.4,47.0
2023-01-25,Suomussalmi Näljänkä,,4.1,69.0
2023-01-25,Suomussalmi Pesiö,1.4,1.6,77.0
2023-01-25,Puolanka Kotila,,0.2,74.0
2023-01-25,Puolanka Paljakka,0.5,0.7,80.0
2023-01-25,Kemi Kemi-Tornio lentoasema,1.7,,
2023-01-25,Kemi Ajos,1.3,,
2023-01-25,Tornio Kaakkuri,2.0,0.5,
2023-01-25,Ranua lentokenttä,0.7,3.9,64.0
2023-01-25,Pudasjärvi Sarakylä,,3.8,49.0
2023-01-25,Posio Raistakka,,5.2,60.0
2023-01-25,Taivalkoski Inkee,,4.5,56.0
2023-01-25,Taivalkoski kirkonkylä,1.4,2.5,55.0
2023-01-25,Kuusamo lentoasema,-0.1,4.5,45.0
2023-01-25,Kuusamo Kiutaköngäs,0.2,4.4,51.0
2023-01-25,Kuusamo Rukatunturi,-1.7,,
2023-01-25,Kuusamo Teeriranta,,8.5,63.0
2023-01-25,Kuusamo Juuma,-0.8,,
2023-01-25,Ylitornio Meltosjärvi,0.3,0.8,59.0
2023-01-25,Kolari Kattilamaa,,0.3,63.0
2023-01-25,Pello kirkonkylä,-0.5,0.2,51.0
2023-01-25,Rovaniemi rautatieasema,0.7,,
2023-01-25,Sodankylä Tähtelä,-3.8,1.1,63.0
2023-01-25,Rovaniemi Apukka,0.4,1.4,51.0
2023-01-25,Pelkosenniemi kirkonkylä,,1.8,54.0
2023-01-25,Kemijärvi lentokenttä,-0.7,1.0,55.0
2023-01-25,Savukoski kirkonkylä,-3.6,1.1,51.0
2023-01-25,Salla Kelloselkä,,4.0,38.0
2023-01-25,Pelkosenniemi Pyhätunturi,-3.2,,
2023-01-25,Salla kirkonkylä,-1.0,6.2,41.0
2023-01-25,Salla Naruska,-3.3,2.8,50.0
2023-01-25,Enontekiö Kaaresuvanto,,-1.0,70.0
2023-01-25,Enontekiö lentoasema,-9.0,,
2023-01-25,Kittilä Pulju,,0.3,59.0
2023-01-25,Muonio Laukukero,-7.3,,
2023-01-25,Muonio Sammaltunturi,-6.9,,
2023-01-25,Kittilä Matorova,-5.8,,
2023-01-25,Kittilä lentoasema,-6.6,,
2023-01-25,Kittilä Kenttärova,-6.3,0.2,72.0
2023-01-25,Kittilä Pakatti,-5.6,0.2,67.0
2023-01-25,Kittilä Pokka,-7.9,-1.0,69.0
2023-01-25,Sodankylä Lokka,-8.3,0.1,57.0
2023-01-25,Sodankylä Vuotso,-8.6,-1.0,59.0
2023-01-25,Inari Saariselkä matkailukeskus,-8.9,0.1,53.0
2023-01-25,Inari Saariselkä Kaunispää,-7.3,,
2023-01-25,Inari Raja-Jooseppi Kontiojärvi,,-1.0,38.0
2023-01-25,Inari Raja-Jooseppi,-6.8,,
2023-01-25,Salla Värriötunturi,-5.4,0.6,43.0
2023-01-25,Enontekiö Kilpisjärvi kyläkeskus,-5.8,-1.0,56.0
2023-01-25,Enontekiö Kilpisjärvi Saana,-7.0,,
2023-01-25,Enontekiö Näkkälä,-8.8,0.1,62.0
2023-01-25,Inari Angeli Lintupuoliselkä,-6.7,0.2,45.0
2023-01-25,Inari Ivalo lentoasema,-7.4,,
2023-01-25,Utsjoki Kevo,-4.3,-1.0,48.0
2023-01-25,Utsjoki Nuorgam,-2.4,1.4,45.0
2023-01-25,Inari Väylä,-8.4,,
2023-01-25,Inari kirkonkylä,,-1.0,50.0
2023-01-25,Inari Kaamanen,-7.9,-1.0,58.0
2023-01-25,Inari Nellim,-7.8,-1.0,34.0
2023-01-25,Inari Kirakkajärvi,-6.5,-1.0,44.0
2023-01-25,Mäntsälä Hirvihaara,1.9,-1.0,24.0
2023-01-25,Lahti Sopenkorpi,1.7,-1.0,23.0
2023-01-25,Siuntio Sjundby,,0.4,8.0
2023-01-25,Sipoo Itätoukki,2.1,,
2023-01-25,Rauma Pyynpää,3.4,0.1,-1.0
2023-01-25,Muonio Oustajärvi,-9.8,-1.0,66.0
2023-01-25,Pyhtää lentokenttä,2.0,-1.0,22.0
2023-01-25,Sotkamo Tuhkakylä,1.1,0.2,57.0
2023-01-25,Tervola Loue,1.1,,
2023-01-25,Savukoski Tulppio,-7.2,0.4,43.0
2023-01-25,Mikkeli Pitkäaho,,0.1,35.0
2023-01-25,Kajaani Petäisenniska,2.3,0.1,40.0
2023-01-25,Utsjoki Kevo Kevojärvi,-4.7,,
2023-01-25,Inari Seitalaassa,-8.3,,
2023-01-25,Ilmajoki Seinäjoki lentoasema,2.7,,
2023-01-25,Rovaniemi lentoasema AWOS,-0.4,2.1,49.0
2023-01-25,Jyväskylä lentoasema AWOS,1.5,-1.0,32.0
2023-01-25,Puumala kirkonkylä,0.9,-1.0,31.0
2023-01-25,Helsinki Vuosaari satama,2.4,,
2023-01-25,Maarianhamina Länsisatama,4.1,,
2023-01-25,Lumparland Långnäs satama,4.7,-1.0,-1.0
2023-01-25,Kittilä Lompolonvuoma,-7.8,-1.0,
2023-01-25,Kuusamo Ruka Talvijärvi,-0.4,,
2023-01-25,Espoo Nuuksio,1.4,0.2,27.0
2023-01-25,Mikkeli Lentoasema AWOS,1.2,0.1,37.0
2023-01-25,Espoo Tapiola,2.8,0.2,16.0
2023-01-26,Porvoo Kilpilahti satama,1.9,,
2023-01-26,Jomala Maarianhamina lentoasema,2.5,,
2023-01-26,Parainen Utö,2.6,-1.0,-1.0
2023-01-26,Lemland Nyhamn,2.6,,
2023-01-26,Jomala Jomalaby,2.0,-1.0,-1.0
2023-01-26,Hammarland Märket,2.5,,
2023-01-26,Kökar Bogskär,3.0,,
2023-01-26,Parainen Fagerholm,2.3,-1.0,
2023-01-26,Kumlinge kirkonkylä,2.2,,
2023-01-26,Hanko Russarö,1.9,-1.0,
2023-01-26,Kaarina Yltöinen,1.3,-1.0,-1.0
2023-01-26,Kemiönsaari Vänö,2.2,,
2023-01-26,Hanko Tulliniemi,1.9,,
2023-01-26,Turku Rajakari,1.9,,
2023-01-26,Turku Artukainen,1.4,-1.0,-1.0
2023-01-26,Kemiönsaari Kemiö,1.4,-1.0,-1.0
2023-01-26,Hanko Tvärminne,1.8,-1.0,-1.0
2023-01-26,Salo Kärkkä,1.2,-1.0,
2023-01-26,Lohja Leppäkorpi,,-1.0,0.0
2023-01-26,Raasepori Jussarö,1.3,,
2023-01-26,Salo Kiikala lentokenttä,0.4,-1.0,-1.0
2023-01-26,Vantaa Helsinki-Vantaan lentoasema,1.7,0.0,5.0
2023-01-26,Inkoo Bågaskär,1.4,,
2023-01-26,Helsinki Kaisaniemi,2.2,0.1,-1.0
2023-01-26,Lohja Porla,1.5,-1.0,18.0
2023-01-26,Vihti Maasoja,1.8,,
2023-01-26,Helsinki Harmaja,1.5,,
2023-01-26,Kirkkonummi Mäkiluoto,1.6,,
2023-01-26,Helsinki Helsingin majakka,1.9,,
2023-01-26,Helsinki Kumpula,2.0,-1.0,9.0
2023-01-26,Helsinki Malmi lentokenttä,2.1,,
2023-01-26,Porvoo Kalbådagrund,1.7,,
2023-01-26,Porvoo Emäsalo,1.1,,
2023-01-26,Porvoo Harabacka,2.0,0.1,2.0
2023-01-26,Kotka Rankki,0.9,0.9,20.0
2023-01-26,Loviisa Orrengrund,1.4,,
2023-01-26,Kotka Haapasaari,1.2,,
2023-01-26,Pori lentoasema,0.5,,
2023-01-26,Uusikaupunki Itätulli,,-1.0,-1.0
2023-01-26,Kustavi Isokari,2.3,-1.0,
2023-01-26,Rauma Kylmäpihlaja,1.8,,
2023-01-26,Pori rautatieasema,0.4,-1.0,-1.0
2023-01-26,Turku lentoasema,1.0,,
2023-01-26,Kokemäki Rausenkulma,,-1.0,0.0
2023-01-26,Huittinen Sallila,,-1.0,0.0
2023-01-26,Oripää Teinikivi,,-1.0,4.0
2023-01-26,Pöytyä Yläne,,-1.0,-1.0
2023-01-26,Kokemäki Tulkkila,0.5,-1.0,-1.0
2023-01-26,Jokioinen Ilmala,0.5,-1.0,-1.0
2023-01-26,Nokia Tottijärvi,,-1.0,0.0
2023-01-26,Pirkkala Tampere-Pirkkala lentoasema,0.3,,
2023-01-26,Tampere Härmälä,0.5,-1.0,14.0
2023-01-26,Somero Salkola,0.2,-1.0,18.0
2023-01-26,Hyvinkää Hyvinkäänkylä,1.4,-1.0,19.0
2023-01-26,Vihti Hiiskula,,-1.0,21.0
2023-01-26,Hämeenlinna Pirttikoski,,-1.0,8.0
2023-01-26,Nurmijärvi Röykkä,1.1,-1.0,18.0
2023-01-26,Hämeenlinna Katinen,1.2,-1.0,
2023-01-26,Hattula Lepaa,0.8,-1.0,6.0
2023-01-26,Hämeenlinna Lammi Pappila,1.0,0.6,16.0
2023-01-26,Asikkala Pulkkilanharju,1.3,,
2023-01-26,Kouvola Utti lentoasema,1.1,0.3,15.0
2023-01-26,Kouvola Anjala,1.5,0.4,22.0
2023-01-26,Heinola Asemantaus,1.3,0.3,14.0
2023-01-26,Kouvola Voikoski,,0.2,20.0
2023-01-26,Virolahti Koivuniemi,1.3,1.2,22.0
2023-01-26,Lappeenranta lentoasema,1.1,,
2023-01-26,Lappeenranta Konnunsuo,1.1,,
2023-01-26,Lappeenranta Lepola,1.1,0.3,22.0
2023-01-26,Ruokolahti Kotaniemi,,0.4,34.0
2023-01-26,Lappeenranta Hiekkapakka,0.8,,
2023-01-26,Parikkala Koitsanlahti,1.0,-1.0,21.0
2023-01-26,Kaskinen Sälgrund,0.4,-1.0,
2023-01-26,Merikarvia Tuorila,,-1.0,22.0
2023-01-26,Isojoki Kärjenkoski,,-1.0,0.0
2023-01-26,Teuva Kauppilankylä,,-1.0,0.0
2023-01-26,Pori Tahkoluoto satama,1.5,,
2023-01-26,Kristiinankaupunki Majakka,1.7,,
2023-01-26,Karvia Alkkia,-1.9,-1.0,21.0
2023-01-26,Kurikka Hirvijärvi,,-1.0,0.0
2023-01-26,Kauhajoki Kuja-Kokko,-1.1,-1.0,4.0
2023-01-26,Kankaanpää Niinisalo lentokenttä,-1.6,-1.0,22.0
2023-01-26,Alavus Sulkavankylä,,0.0,5.0
2023-01-26,Virrat Äijänneva,-1.3,,
2023-01-26,Tampere Siilinkari,0.4,,
2023-01-26,Jämsä Halli lentoasema,0.1,1.7,12.0
2023-01-26,Juupajoki Hyytiälä,-0.2,1.1,22.0
2023-01-26,Sysmä Joutsjärvi,,0.4,19.0
2023-01-26,Jyväskylä Muuratjärvi,,1.3,22.0
2023-01-26,Luhanka Judinsalo,0.9,,
2023-01-26,Multia Pirttiperä,,0.5,24.0
2023-01-26,Joutsa Savenaho,-0.2,0.1,27.0
2023-01-26,Kangasniemi kirkonkylä,,-1.0,34.0
2023-01-26,Joutsa Pärnämäki,,-1.0,29.0
2023-01-26,Juva Partala,0.5,,
2023-01-26,Varkaus Kosulanniemi,0.4,-1.0,25.0
2023-01-26,Savonlinna Laukansaari,,-1.0,27.0
2023-01-26,Sulkava Halttula,,-1.0,38.0
2023-01-26,Savonlinna lentoasema,0.6,,
2023-01-26,Rantasalmi Rukkasluoto,0.4,,
2023-01-26,Savonlinna Punkaharju Laukansaari,0.7,-1.0,28.0
2023-01-26,Enonkoski Simanala,,-1.0,33.0
2023-01-26,Savonlinna Savonranta,,-1.0,26.0
2023-01-26,Rääkkylä kirkonkylä,,0.0,32.0
2023-01-26,Tohmajärvi Kemie,0.4,0.2,29.0
2023-01-26,Joensuu Huhtilampi,,0.4,47.0
2023-01-26,Vaasa lentoasema,-0.7,,
2023-01-26,Mustasaari Valassaaret,-0.1,,
2023-01-26,Närpiö Ylimarkku,,-1.0,0.0
2023-01-26,Mustasaari Riimala,,-1.0,5.0
2023-01-26,Kurikka Pyörni,,-1.0,8.0
2023-01-26,Maalahti Strömmingsbådan,1.3,,
2023-01-26,Vaasa Klemettilä,0.1,-1.0,14.0
2023-01-26,Seinäjoki Pelmaa,-1.0,-1.0,6.0
2023-01-26,Kauhava lentokenttä,-1.2,0.1,13.0
2023-01-26,Ähtäri Inha,-1.2,0.3,20.0
2023-01-26,Halsua Purola,-2.4,0.0,20.0
2023-01-26,Alajärvi Möksy,-2.1,-1.0,29.0
2023-01-26,Multia Karhila,-1.1,0.1,36.0
2023-01-26,Viitasaari Haapaniemi,-0.9,-1.0,23.0
2023-01-26,Äänekoski Kalaniemi,,-1.0,26.0
2023-01-26,Vesanto kirkonkylä,-1.4,-1.0,39.0
2023-01-26,Pielavesi Venetmäki,,-1.0,56.0
2023-01-26,Siilinjärvi Kuopio lentoasema,-0.9,,
2023-01-26,Kuopio Maaninka,-1.7,-1.0,31.0
2023-01-26,Lapinlahti Lamminkäyrä,,-1.0,32.0
2023-01-26,Suonenjoki Iisvesi,,-1.0,28.0
2023-01-26,Kuopio Karttula,,-1.0,35.0
2023-01-26,Kuopio Ritoniemi,-1.4,,
2023-01-26,Kuopio Savilahti,-0.7,-1.0,27.0
2023-01-26,Heinävesi Palokki,,0.0,37.0
2023-01-26,Outokumpu Viuruniemi,,-1.0,67.0
2023-01-26,Rautavaara Ala-Luosta,,-1.0,34.0
2023-01-26,Rautavaara Ylä-Luosta,-2.1,0.0,50.0
2023-01-26,Liperi Joensuu lentoasema,-0.4,,
2023-01-26,Juuka Niemelä,-1.8,-1.0,44.0
2023-01-26,Joensuu Pyhäselkä,,0.1,28.0
2023-01-26,Lieksa Koli,,0.1,41.0
2023-01-26,Liperi Tuiskavanluoto,0.0,,
2023-01-26,Joensuu Linnunlahti,-0.2,0.3,26.0
2023-01-26,Lieksa Lampela,-1.7,0.1,26.0
2023-01-26,Ilomantsi Pötsönvaara,-1.6,0.5,57.0
2023-01-26,Ilomantsi Mekrijärvi,-0.8,0.3,42.0
2023-01-26,Pietarsaari Kallan,0.6,,
2023-01-26,Kokkola Tankar,0.2,,
2023-01-26,Kruunupyy Kokkola-Pietarsaari lentoasema,-1.8,,
2023-01-26,Kaustinen Tastula,,0.2,9.0
2023-01-26,Kalajoki Ulkokalla,0.3,,
2023-01-26,Kokkola Santahaka,-0.4,0.2,14.0
2023-01-26,Toholampi Oravala,,-1.0,22.0
2023-01-26,Kalajoki Pitkäsenkylä,,-1.0,8.0
2023-01-26,Kalajoki Mehtäkylä,,-1.0,9.0
2023-01-26,Toholampi Laitala,-1.4,-1.0,2.0
2023-01-26,Ylivieska lentokenttä,-2.2,-1.0,27.0
2023-01-26,Ylivieska Vähäkangas,,0.1,16.0
2023-01-26,Haapavesi Mustikkamäki,-2.4,-1.0,6.0
2023-01-26,Pyhäjärvi Ojakylä,-2.3,-1.0,25.0
2023-01-26,Pyhäjärvi Hiidenniemi,,-1.0,23.0
2023-01-26,Kiuruvesi Korpijoki,,-1.0,27.0
2023-01-26,Siikalatva Kestilä,,-1.0,18.0
2023-01-26,Kajaani lentoasema,-3.0,,
2023-01-26,Vieremä Kaarakkala,-2.7,0.1,43.0
2023-01-26,Kajaani Paltaniemi,,-1.0,24.0
2023-01-26,Nurmes Valtimo,-2.4,-1.0,30.0
2023-01-26,Ristijärvi Mustavaara,,-1.0,70.0
2023-01-26,Sotkamo Kuolaniemi,-2.5,-1.0,38.0
2023-01-26,Nurmes Mujejärvi,,-1.0,55.0
2023-01-26,Kuhmo Apaja,,-1.0,44.0
2023-01-26,Kuhmo Kalliojoki,-4.8,-1.0,42.0
2023-01-26,Raahe Nahkiainen,0.1,,
2023-01-26,Hailuoto Keskikylä,-2.4,-1.0,20.0
2023-01-26,Kemi I majakka,-2.2,,
2023-01-26,Hailuoto Marjaniemi,-1.0,,
2023-01-26,Raahe Lapaluoto satama,-0.4,,
2023-01-26,Oulu lentoasema,-3.0,,
2023-01-26,Siikajoki Ruukki,-3.2,-1.0,12.0
2023-01-26,Oulu Vihreäsaari satama,-3.1,,
2023-01-26,Oulu Oulunsalo Pellonpää,-3.4,-1.0,33.0
2023-01-26,Vaala Pelso,-3.7,-1.0,7.0
2023-01-26,Pudasjärvi lentokenttä,-6.9,0.2,48.0
2023-01-26,Utajärvi Särkijärvi,,0.2,32.0
2023-01-26,Pudasjärvi Jaurakkajärvi,,0.0,45.0
2023-01-26,Suomussalmi Näljänkä,,0.2,53.0
2023-01-26,Suomussalmi Pesiö,-5.4,0.1,70.0
2023-01-26,Puolanka Kotila,,-1.0,69.0
2023-01-26,Puolanka Paljakka,-4.8,-1.0,76.0
2023-01-26,Kemi Kemi-Tornio lentoasema,-8.2,,
2023-01-26,Kemi Ajos,-3.7,,
2023-01-26,Tornio Kaakkuri,-5.2,-1.0,
2023-01-26,Ranua lentokenttä,-8.5,-1.0,59.0
2023-01-26,Pudasjärvi Sarakylä,,-1.0,47.0
2023-01-26,Posio Raistakka,,0.0,55.0
2023-01-26,Taivalkoski Inkee,,0.0,54.0
2023-01-26,Taivalkoski kirkonkylä,-8.8,-1.0,47.0
2023-01-26,Kuusamo lentoasema,-9.9,-1.0,43.0
2023-01-26,Kuusamo Kiutaköngäs,-12.1,-1.0,47.0
2023-01-26,Kuusamo Rukatunturi,-7.4,,
2023-01-26,Kuusamo Teeriranta,,-1.0,55.0
2023-01-26,Kuusamo Juuma,-9.8,,
2023-01-26,Ylitornio Meltosjärvi,-10.7,-1.0,56.0
2023-01-26,Kolari Kattilamaa,,-1.0,63.0
2023-01-26,Pello kirkonkylä,-15.4,-1.0,48.0
2023-01-26,Rovaniemi rautatieasema,-8.3,,
2023-01-26,Sodankylä Tähtelä,-11.3,-1.0,62.0
2023-01-26,Rovaniemi Apukka,-8.7,-1.0,48.0
2023-01-26,Pelkosenniemi kirkonkylä,,0.8,52.0
2023-01-26,Kemijärvi lentokenttä,-9.1,-1.0,51.0
2023-01-26,Savukoski kirkonkylä,-19.2,-1.0,51.0
2023-01-26,Salla Kelloselkä,,0.0,39.0
2023-01-26,Pelkosenniemi Pyhätunturi,-7.9,,
2023-01-26,Salla kirkonkylä,-15.5,-1.0,39.0
2023-01-26,Salla Naruska,-16.4,-1.0,52.0
2023-01-26,Enontekiö Kaaresuvanto,,-1.0,70.0
2023-01-26,Enontekiö lentoasema,-8.9,,
2023-01-26,Kittilä Pulju,,-1.0,59.0
2023-01-26,Muonio Laukukero,-8.8,,
2023-01-26,Muonio Sammaltunturi,-8.1,,
2023-01-26,Kittilä Matorova,-5.7,,
2023-01-26,Kittilä lentoasema,-7.6,,
2023-01-26,Kittilä Kenttärova,-6.5,-1.0,71.0
2023-01-26,Kittilä Pakatti,-6.6,-1.0,67.0
2023-01-26,Kittilä Pokka,-9.0,0.1,68.0
2023-01-26,Sodankylä Lokka,-19.1,-1.0,56.0
2023-01-26,Sodankylä Vuotso,-12.4,-1.0,59.0
2023-01-26,Inari Saariselkä matkailukeskus,-13.5,-1.0,53.0
2023-01-26,Inari Saariselkä Kaunispää,-8.7,,
2023-01-26,Inari Raja-Jooseppi Kontiojärvi,,-1.0,38.0
2023-01-26,Inari Raja-Jooseppi,-7.6,,
2023-01-26,Salla Värriötunturi,-9.1,0.0,43.0
2023-01-26,Enontekiö Kilpisjärvi kyläkeskus,-4.5,1.9,54.0
2023-01-26,Enontekiö Kilpisjärvi Saana,-8.3,,
2023-01-26,Enontekiö Näkkälä,-11.0,-1.0,60.0
2023-01-26,Inari Angeli Lintupuoliselkä,-6.3,-1.0,45.0
2023-01-26,Inari Ivalo lentoasema,-7.4,,
2023-01-26,Utsjoki Kevo,-2.7,-1.0,47.0
2023-01-26,Utsjoki Nuorgam,-2.7,0.7,46.0
2023-01-26,Inari Väylä,-5.1,,
2023-01-26,Inari kirkonkylä,,-1.0,50.0
2023-01-26,Inari Kaamanen,-5.5,-1.0,57.0
2023-01-26,Inari Nellim,-5.6,-1.0,34.0
2023-01-26,Inari Kirakkajärvi,-4.0,-1.0,43.0
2023-01-26,Mäntsälä Hirvihaara,1.4,-1.0,18.0
2023-01-26,Lahti Sopenkorpi,1.5,0.7,15.0
2023-01-26,Siuntio Sjundby,,0.1,5.0
2023-01-26,Sipoo Itätoukki,1.5,,
2023-01-26,Rauma Pyynpää,1.2,-1.0,-1.0
2023-01-26,Muonio Oustajärvi,-20.3,-1.0,65.0
2023-01-26,Pyhtää lentokenttä,1.6,0.5,15.0
2023-01-26,Sotkamo Tuhkakylä,-3.6,-1.0,53.0
2023-01-26,Tervola Loue,-11.2,,
2023-01-26,Savukoski Tulppio,-18.9,-1.0,43.0
2023-01-26,Mikkeli Pitkäaho,,-1.0,25.0
2023-01-26,Kajaani Petäisenniska,-2.8,-1.0,35.0
2023-01-26,Utsjoki Kevo Kevojärvi,-2.6,,
2023-01-26,Inari Seitalaassa,-6.6,,
2023-01-26,Ilmajoki Seinäjoki lentoasema,-1.4,,
2023-01-26,Rovaniemi lentoasema AWOS,-7.4,-1.0,46.0
2023-01-26,Jyväskylä lentoasema AWOS,-0.2,0.3,27.0
2023-01-26,Puumala kirkonkylä,0.8,-1.0,25.0
2023-01-26,Helsinki Vuosaari satama,2.1,,
2023-01-26,Maarianhamina Länsisatama,2.4,,
2023-01-26,Lumparland Långnäs satama,2.5,-1.0,-1.0
2023-01-26,Kittilä Lompolonvuoma,-5.1,-1.0,
2023-01-26,Kuusamo Ruka Talvijärvi,-9.1,,
2023-01-26,Espoo Nuuksio,0.8,-1.0,22.0
2023-01-26,Mikkeli Lentoasema AWOS,0.4,-1.0,31.0
2023-01-26,Espoo Tapiola,2.2,0.1,12.0
2023-01-27,Porvoo Kilpilahti satama,-2.9,,
2023-01-27,Jomala Maarianhamina lentoasema,-1.3,,
2023-01-27,Parainen Utö,0.6,-1.0,-1.0
2023-01-27,Lemland Nyhamn,0.8,,
2023-01-27,Jomala Jomalaby,-1.6,-1.0,-1.0
2023-01-27,Hammarland Märket,0.3,,
2023-01-27,Kökar Bogskär,1.2,,
2023-01-27,Parainen Fagerholm,-0.1,-1.0,
2023-01-27,Kumlinge kirkonkylä,0.2,,
2023-01-27,Hanko Russarö,-1.5,-1.0,
2023-01-27,Kaarina Yltöinen,-4.2,-1.0,-1.0
2023-01-27,Kemiönsaari Vänö,-0.4,,
2023-01-27,Hanko Tulliniemi,-1.2,,
2023-01-27,Turku Rajakari,-1.1,,
2023-01-27,Turku Artukainen,-3.8,-1.0,-1.0
2023-01-27,Kemiönsaari Kemiö,-3.7,-1.0,-1.0
2023-01-27,Hanko Tvärminne,-2.7,-1.0,-1.0
2023-01-27,Salo Kärkkä,-5.7,-1.0,
2023-01-27,Lohja Leppäkorpi,,-1.0,0.0
2023-01-27,Raasepori Jussarö,-2.4,,
2023-01-27,Salo Kiikala lentokenttä,-5.3,-1.0,-1.0
2023-01-27,Vantaa Helsinki-Vantaan lentoasema,-4.7,0.0,4.0
2023-01-27,Inkoo Bågaskär,-2.7,,
2023-01-27,Helsinki Kaisaniemi,-2.4,-1.0,-1.0
2023-01-27,Lohja Porla,-4.1,-1.0,16.0
2023-01-27,Vihti Maasoja,-4.6,,
2023-01-27,Helsinki Harmaja,-1.7,,
2023-01-27,Kirkkonummi Mäkiluoto,-2.0,,
2023-01-27,Helsinki Helsingin majakka,-1.3,,
2023-01-27,Helsinki Kumpula,-2.9,-1.0,9.0
2023-01-27,Helsinki Malmi lentokenttä,-4.1,,
2023-01-27,Porvoo Kalbådagrund,-1.4,,
2023-01-27,Porvoo Emäsalo,-2.4,,
2023-01-27,Porvoo Harabacka,-3.7,-1.0,2.0
2023-01-27,Kotka Rankki,-2.6,-1.0,19.0
2023-01-27,Loviisa Orrengrund,-2.0,,
2023-01-27,Kotka Haapasaari,-2.0,,
2023-01-27,Pori lentoasema,-3.8,,
2023-01-27,Uusikaupunki Itätulli,,-1.0,-1.0
2023-01-27,Kustavi Isokari,0.6,-1.0,
2023-01-27,Rauma Kylmäpihlaja,0.4,,
2023-01-27,Pori rautatieasema,-3.6,-1.0,-1.0
2023-01-27,Turku lentoasema,-3.5,,
2023-01-27,Kokemäki Rausenkulma,,-1.0,0.0
2023-01-27,Huittinen Sallila,,-1.0,0.0
2023-01-27,Oripää Teinikivi,,-1.0,4.0
2023-01-27,Pöytyä Yläne,,-1.0,-1.0
2023-01-27,Kokemäki Tulkkila,-3.9,-1.0,-1.0
2023-01-27,Jokioinen Ilmala,-4.5,-1.0,-1.0
2023-01-27,Nokia Tottijärvi,,-1.0,0.0
2023-01-27,Pirkkala Tampere-Pirkkala lentoasema,-4.8,,
2023-01-27,Tampere Härmälä,-4.4,-1.0,14.0
2023-01-27,Somero Salkola,-4.8,-1.0,18.0
2023-01-27,Hyvinkää Hyvinkäänkylä,-4.8,-1.0,18.0
2023-01-27,Vihti Hiiskula,,-1.0,19.0
2023-01-27,Hämeenlinna Pirttikoski,,-1.0,8.0
2023-01-27,Nurmijärvi Röykkä,-4.5,-1.0,19.0
2023-01-27,Hämeenlinna Katinen,-4.2,-1.0,
2023-01-27,Hattula Lepaa,-4.5,-1.0,6.0
2023-01-27,Hämeenlinna Lammi Pappila,-5.0,-1.0,14.0
2023-01-27,Asikkala Pulkkilanharju,-4.1,,
2023-01-27,Kouvola Utti lentoasema,-5.2,-1.0,13.0
2023-01-27,Kouvola Anjala,-4.9,-1.0,20.0
2023-01-27,Heinola Asemantaus,-4.2,-1.0,13.0
2023-01-27,Kouvola Voikoski,,-1.0,19.0
2023-01-27,Virolahti Koivuniemi,-4.4,0.0,21.0
2023-01-27,Lappeenranta lentoasema,-4.7,,
2023-01-27,Lappeenranta Konnunsuo,-5.5,,
2023-01-27,Lappeenranta Lepola,-4.2,-1.0,21.0
2023-01-27,Ruokolahti Kotaniemi,,-1.0,32.0
2023-01-27,Lappeenranta Hiekkapakka,-4.0,,
2023-01-27,Parikkala Koitsanlahti,-5.4,-1.0,21.0
2023-01-27,Kaskinen Sälgrund,-1.3,-1.0,
2023-01-27,Merikarvia Tuorila,,0.0,22.0
2023-01-27,Isojoki Kärjenkoski,,-1.0,0.0
2023-01-27,Teuva Kauppilankylä,,-1.0,0.0
2023-01-27,Pori Tahkoluoto satama,0.3,,
2023-01-27,Kristiinankaupunki Majakka,0.5,,
2023-01-27,Karvia Alkkia,-6.1,-1.0,21.0
2023-01-27,Kurikka Hirvijärvi,,-1.0,0.0
2023-01-27,Kauhajoki Kuja-Kokko,-4.9,-1.0,5.0
2023-01-27,Kankaanpää Niinisalo lentokenttä,-6.1,-1.0,22.0
2023-01-27,Alavus Sulkavankylä,,-1.0,5.0
2023-01-27,Virrat Äijänneva,-5.7,,
2023-01-27,Tampere Siilinkari,-3.7,,
2023-01-27,Jämsä Halli lentoasema,-6.0,-1.0,13.0
2023-01-27,Juupajoki Hyytiälä,-5.0,-1.0,20.0
2023-01-27,Sysmä Joutsjärvi,,-1.0,18.0
2023-01-27,Jyväskylä Muuratjärvi,,-1.0,22.0
2023-01-27,Luhanka Judinsalo,-4.8,,
2023-01-27,Multia Pirttiperä,,-1.0,24.0
2023-01-27,Joutsa Savenaho,-6.0,-1.0,26.0
2023-01-27,Kangasniemi kirkonkylä,,-1.0,32.0
2023-01-27,Joutsa Pärnämäki,,-1.0,28.0
2023-01-27,Juva Partala,-5.7,,
2023-01-27,Varkaus Kosulanniemi,-6.1,-1.0,24.0
2023-01-27,Savonlinna Laukansaari,,-1.0,26.0
2023-01-27,Sulkava Halttula,,-1.0,38.0
2023-01-27,Savonlinna lentoasema,-5.2,,
2023-01-27,Rantasalmi Rukkasluoto,-4.9,,
2023-01-27,Savonlinna Punkaharju Laukansaari,-5.4,-1.0,27.0
2023-01-27,Enonkoski Simanala,,0.0,32.0
2023-01-27,Savonlinna Savonranta,,-1.0,26.0
2023-01-27,Rääkkylä kirkonkylä,,0.0,29.0
2023-01-27,Tohmajärvi Kemie,-5.8,-1.0,29.0
2023-01-27,Joensuu Huhtilampi,,-1.0,45.0
2023-01-27,Vaasa lentoasema,-3.3,,
2023-01-27,Mustasaari Valassaaret,-0.7,,
2023-01-27,Närpiö Ylimarkku,,-1.0,0.0
2023-01-27,Mustasaari Riimala,,-1.0,5.0
2023-01-27,Kurikka Pyörni,,-1.0,8.0
2023-01-27,Maalahti Strömmingsbådan,0.3,,
2023-01-27,Vaasa Klemettilä,-2.3,-1.0,14.0
2023-01-27,Seinäjoki Pelmaa,-3.7,-1.0,6.0
2023-01-27,Kauhava lentokenttä,-5.2,-1.0,13.0
2023-01-27,Ähtäri Inha,-6.3,-1.0,20.0
2023-01-27,Halsua Purola,-7.3,-1.0,19.0
2023-01-27,Alajärvi Möksy,-7.2,-1.0,29.0
2023-01-27,Multia Karhila,-6.6,-1.0,35.0
2023-01-27,Viitasaari Haapaniemi,-6.6,-1.0,23.0
2023-01-27,Äänekoski Kalaniemi,,-1.0,25.0
2023-01-27,Vesanto kirkonkylä,-9.2,-1.0,38.0
2023-01-27,Pielavesi Venetmäki,,-1.0,56.0
2023-01-27,Siilinjärvi Kuopio lentoasema,-7.5,,
2023-01-27,Kuopio Maaninka,-7.9,-1.0,31.0
2023-01-27,Lapinlahti Lamminkäyrä,,-1.0,31.0
2023-01-27,Suonenjoki Iisvesi,,-1.0,27.0
2023-01-27,Kuopio Karttula,,-1.0,35.0
2023-01-27,Kuopio Ritoniemi,-7.3,,
2023-01-27,Kuopio Savilahti,-6.7,-1.0,27.0
2023-01-27,Heinävesi Palokki,,-1.0,37.0
2023-01-27,Outokumpu Viuruniemi,,-1.0,38.0
2023-01-27,Rautavaara Ala-Luosta,,-1.0,34.0
2023-01-27,Rautavaara Ylä-Luosta,-8.4,-1.0,49.0
2023-01-27,Liperi Joensuu lentoasema,-7.0,,
2023-01-27,Juuka Niemelä,-8.3,-1.0,43.0
2023-01-27,Joensuu Pyhäselkä,,-1.0,26.0
2023-01-27,Lieksa Koli,,-1.0,41.0
2023-01-27,Liperi Tuiskavanluoto,-5.7,,
2023-01-27,Joensuu Linnunlahti,-6.2,-1.0,26.0
2023-01-27,Lieksa Lampela,-8.9,-1.0,25.0
2023-01-27,Ilomantsi Pötsönvaara,-8.8,-1.0,56.0
2023-01-27,Ilomantsi Mekrijärvi,-7.1,-1.0,
2023-01-27,Pietarsaari Kallan,-0.4,,
2023-01-27,Kokkola Tankar,-0.6,,
2023-01-27,Kruunupyy Kokkola-Pietarsaari lentoasema,-4.1,,
2023-01-27,Kaustinen Tastula,,-1.0,9.0
2023-01-27,Kalajoki Ulkokalla,-0.1,,
2023-01-27,Kokkola Santahaka,-3.5,-1.0,14.0
2023-01-27,Toholampi Oravala,,1.2,22.0
2023-01-27,Kalajoki Pitkäsenkylä,,1.8,8.0
2023-01-27,Kalajoki Mehtäkylä,,-1.0,9.0
2023-01-27,Toholampi Laitala,-5.1,-1.0,2.0
2023-01-27,Ylivieska lentokenttä,-6.4,-1.0,26.0
2023-01-27,Ylivieska Vähäkangas,,-1.0,16.0
2023-01-27,Haapavesi Mustikkamäki,-6.2,-1.0,6.0
2023-01-27,Pyhäjärvi Ojakylä,-7.0,-1.0,24.0
2023-01-27,Pyhäjärvi Hiidenniemi,,-1.0,23.0
2023-01-27,Kiuruvesi Korpijoki,,-1.0,27.0
2023-01-27,Siikalatva Kestilä,,-1.0,18.0
2023-01-27,Kajaani lentoasema,-7.9,,
2023-01-27,Vieremä Kaarakkala,-7.9,0.0,43.0
2023-01-27,Kajaani Paltaniemi,,-1.0,24.0
2023-01-27,Nurmes Valtimo,-10.4,-1.0,30.0
2023-01-27,Ristijärvi Mustavaara,,-1.0,67.0
2023-01-27,Sotkamo Kuolaniemi,-7.7,-1.0,37.0
2023-01-27,Nurmes Mujejärvi,,-1.0,55.0
2023-01-27,Kuhmo Apaja,,0.2,43.0
2023-01-27,Kuhmo Kalliojoki,-11.8,-1.0,42.0
2023-01-27,Raahe Nahkiainen,-0.4,,
2023-01-27,Hailuoto Keskikylä,-3.2,-1.0,20.0
2023-01-27,Kemi I majakka,-1.7,,
2023-01-27,Hailuoto Marjaniemi,-1.0,,
2023-01-27,Raahe Lapaluoto satama,-0.9,,
2023-01-27,Oulu lentoasema,-4.0,,
2023-01-27,Siikajoki Ruukki,-4.5,-1.0,12.0
2023-01-27,Oulu Vihreäsaari satama,-3.2,,
2023-01-27,Oulu Oulunsalo Pellonpää,-5.3,-1.0,33.0
2023-01-27,Vaala Pelso,-8.3,-1.0,7.0
2023-01-27,Pudasjärvi lentokenttä,-7.7,-1.0,48.0
2023-01-27,Utajärvi Särkijärvi,,-1.0,32.0
2023-01-27,Pudasjärvi Jaurakkajärvi,,-1.0,45.0
2023-01-27,Suomussalmi Näljänkä,,0.2,53.0
2023-01-27,Suomussalmi Pesiö,-8.9,0.1,68.0
2023-01-27,Puolanka Kotila,,-1.0,69.0
2023-01-27,Puolanka Paljakka,-8.2,-1.0,75.0
2023-01-27,Kemi Kemi-Tornio lentoasema,-8.0,,
2023-01-27,Kemi Ajos,-4.0,,
2023-01-27,Tornio Kaakkuri,-5.3,0.5,
2023-01-27,Ranua lentokenttä,-9.8,0.5,59.0
2023-01-27,Pudasjärvi Sarakylä,,0.4,47.0
2023-01-27,Posio Raistakka,,0.5,55.0
2023-01-27,Taivalkoski Inkee,,0.6,51.0
2023-01-27,Taivalkoski kirkonkylä,-10.5,0.6,48.0
2023-01-27,Kuusamo lentoasema,-11.7,0.1,41.0
2023-01-27,Kuusamo Kiutaköngäs,-12.5,0.8,46.0
2023-01-27,Kuusamo Rukatunturi,-9.5,,
2023-01-27,Kuusamo Teeriranta,,1.7,55.0
2023-01-27,Kuusamo Juuma,-9.5,,
2023-01-27,Ylitornio Meltosjärvi,-10.9,5.5,56.0
2023-01-27,Kolari Kattilamaa,,1.2,63.0
2023-01-27,Pello kirkonkylä,-9.0,1.3,48.0
2023-01-27,Rovaniemi rautatieasema,-8.5,,
2023-01-27,Sodankylä Tähtelä,-7.5,1.1,62.0
2023-01-27,Rovaniemi Apukka,-11.2,3.1,48.0
2023-01-27,Pelkosenniemi kirkonkylä,,0.8,53.0
2023-01-27,Kemijärvi lentokenttä,-8.2,1.2,51.0
2023-01-27,Savukoski kirkonkylä,-12.1,0.9,51.0
2023-01-27,Salla Kelloselkä,,0.8,39.0
2023-01-27,Pelkosenniemi Pyhätunturi,-6.8,,
2023-01-27,Salla kirkonkylä,-11.8,0.8,38.0
2023-01-27,Salla Naruska,-13.4,2.0,52.0
2023-01-27,Enontekiö Kaaresuvanto,,-1.0,70.0
2023-01-27,Enontekiö lentoasema,-4.0,,
2023-01-27,Kittilä Pulju,,1.7,59.0
2023-01-27,Muonio Laukukero,-7.7,,
2023-01-27,Muonio Sammaltunturi,-6.4,,
2023-01-27,Kittilä Matorova,-4.4,,
2023-01-27,Kittilä lentoasema,-5.2,,
2023-01-27,Kittilä Kenttärova,-4.9,2.6,71.0
2023-01-27,Kittilä Pakatti,-5.8,1.9,66.0
2023-01-27,Kittilä Pokka,-6.1,1.9,68.0
2023-01-27,Sodankylä Lokka,-9.7,0.7,55.0
2023-01-27,Sodankylä Vuotso,-6.9,0.5,59.0
2023-01-27,Inari Saariselkä matkailukeskus,-6.9,0.8,52.0
2023-01-27,Inari Saariselkä Kaunispää,-7.5,,
2023-01-27,Inari Raja-Jooseppi Kontiojärvi,,0.8,38.0
2023-01-27,Inari Raja-Jooseppi,-5.5,,
2023-01-27,Salla Värriötunturi,-7.7,0.3,43.0
2023-01-27,Enontekiö Kilpisjärvi kyläkeskus,-1.2,0.4,56.0
2023-01-27,Enontekiö Kilpisjärvi Saana,-4.8,,
2023-01-27,Enontekiö Näkkälä,-4.1,2.3,59.0
2023-01-27,Inari Angeli Lintupuoliselkä,-3.5,3.4,45.0
2023-01-27,Inari Ivalo lentoasema,-4.2,,
2023-01-27,Utsjoki Kevo,-2.0,1.0,47.0
2023-01-27,Utsjoki Nuorgam,-1.2,1.4,48.0
2023-01-27,Inari Väylä,-2.8,,
2023-01-27,Inari kirkonkylä,,0.2,50.0
2023-01-27,Inari Kaamanen,-3.2,0.3,57.0
2023-01-27,Inari Nellim,-3.1,0.6,33.0
2023-01-27,Inari Kirakkajärvi,-3.7,1.0,43.0
2023-01-27,Mäntsälä Hirvihaara,-5.2,-1.0,17.0
2023-01-27,Lahti Sopenkorpi,-4.3,-1.0,13.0
2023-01-27,Siuntio Sjundby,,-1.0,4.0
2023-01-27,Sipoo Itätoukki,-1.5,,
2023-01-27,Rauma Pyynpää,-3.0,-1.0,-1.0
2023-01-27,Muonio Oustajärvi,-5.0,2.2,65.0
2023-01-27,Pyhtää lentokenttä,-5.1,-1.0,14.0
2023-01-27,Sotkamo Tuhkakylä,-7.9,0.1,53.0
2023-01-27,Tervola Loue,-12.7,,
2023-01-27,Savukoski Tulppio,-10.2,0.5,43.0
2023-01-27,Mikkeli Pitkäaho,,-1.0,23.0
2023-01-27,Kajaani Petäisenniska,-7.1,-1.0,35.0
2023-01-27,Utsjoki Kevo Kevojärvi,-1.7,,
2023-01-27,Inari Seitalaassa,-3.7,,
2023-01-27,Ilmajoki Seinäjoki lentoasema,-5.0,,
2023-01-27,Rovaniemi lentoasema AWOS,-8.0,2.7,46.0
2023-01-27,Jyväskylä lentoasema AWOS,-7.2,-1.0,26.0
2023-01-27,Puumala kirkonkylä,-4.6,-1.0,25.0
2023-01-27,Helsinki Vuosaari satama,-2.5,,
2023-01-27,Maarianhamina Länsisatama,-0.6,,
2023-01-27,Lumparland Långnäs satama,-0.7,-1.0,
2023-01-27,Kittilä Lompolonvuoma,-3.7,3.2,
2023-01-27,Kuusamo Ruka Talvijärvi,-9.1,,
2023-01-27,Espoo Nuuksio,-4.9,-1.0,22.0
2023-01-27,Mikkeli Lentoasema AWOS,-5.6,-1.0,30.0
2023-01-27,Espoo Tapiola,-3.4,-1.0,11.0
2023-01-28,Porvoo Kilpilahti satama,-0.4,,
2023-01-28,Jomala Maarianhamina lentoasema,1.1,,
2023-01-28,Parainen Utö,2.0,-1.0,-1.0
2023-01-28,Lemland Nyhamn,1.9,,
2023-01-28,Jomala Jomalaby,0.5,-1.0,-1.0
2023-01-28,Hammarland Märket,1.1,,
2023-01-28,Kökar Bogskär,2.1,,
2023-01-28,Parainen Fagerholm,1.6,-1.0,
2023-01-28,Kumlinge kirkonkylä,1.0,,
2023-01-28,Hanko Russarö,1.4,0.8,
2023-01-28,Kaarina Yltöinen,-0.6,0.5,-1.0
2023-01-28,Kemiönsaari Vänö,1.7,,
2023-01-28,Hanko Tulliniemi,1.6,,
2023-01-28,Turku Rajakari,1.0,,
2023-01-28,Turku Artukainen,0.1,0.6,-1.0
2023-01-28,Kemiönsaari Kemiö,-0.2,2.2,-1.0
2023-01-28,Hanko Tvärminne,1.1,0.7,-1.0
2023-01-28,Salo Kärkkä,-0.4,1.2,
2023-01-28,Lohja Leppäkorpi,,1.5,-1.0
2023-01-28,Raasepori Jussarö,1.2,,
2023-01-28,Salo Kiikala lentokenttä,-1.4,1.3,-1.0
2023-01-28,Vantaa Helsinki-Vantaan lentoasema,-0.7,2.1,4.0
2023-01-28,Inkoo Bågaskär,0.4,,
2023-01-28,Helsinki Kaisaniemi,0.4,0.6,-1.0
2023-01-28,Lohja Porla,-0.2,1.2,17.0
2023-01-28,Vihti Maasoja,-0.8,,
2023-01-28,Helsinki Harmaja,0.4,,
2023-01-28,Kirkkonummi Mäkiluoto,0.7,,
2023-01-28,Helsinki Helsingin majakka,0.3,,
2023-01-28,Helsinki Kumpula,-0.2,1.8,9.0
2023-01-28,Helsinki Malmi lentokenttä,-0.1,,
2023-01-28,Porvoo Kalbådagrund,-0.3,,
2023-01-28,Porvoo Emäsalo,-0.2,,
2023-01-28,Porvoo Harabacka,-1.0,3.3,2.0
2023-01-28,Kotka Rankki,-0.6,1.9,18.0
2023-01-28,Loviisa Orrengrund,-0.3,,
2023-01-28,Kotka Haapasaari,-0.6,,
2023-01-28,Pori lentoasema,0.2,,
2023-01-28,Uusikaupunki Itätulli,,1.5,-1.0
2023-01-28,Kustavi Isokari,1.3,0.4,
2023-01-28,Rauma Kylmäpihlaja,1.2,,
2023-01-28,Pori rautatieasema,0.3,2.4,-1.0
2023-01-28,Turku lentoasema,-0.3,,
2023-01-28,Kokemäki Rausenkulma,,1.5,0.0
2023-01-28,Huittinen Sallila,,0.9,0.0
2023-01-28,Oripää Teinikivi,,2.2,4.0
2023-01-28,Pöytyä Yläne,,1.3,-1.0
2023-01-28,Kokemäki Tulkkila,-0.5,1.2,-1.0
2023-01-28,Jokioinen Ilmala,-1.1,1.5,-1.0
2023-01-28,Nokia Tottijärvi,,1.2,0.0
2023-01-28,Pirkkala Tampere-Pirkkala lentoasema,-1.4,,
2023-01-28,Tampere Härmälä,-0.9,0.9,13.0
2023-01-28,Somero Salkola,-1.7,1.5,18.0
2023-01-28,Hyvinkää Hyvinkäänkylä,-1.0,2.1,18.0
2023-01-28,Vihti Hiiskula,,2.3,19.0
2023-01-28,Hämeenlinna Pirttikoski,,0.9,8.0
2023-01-28,Nurmijärvi Röykkä,-1.4,2.3,19.0
2023-01-28,Hämeenlinna Katinen,-0.8,1.3,
2023-01-28,Hattula Lepaa,-1.2,1.4,7.0
2023-01-28,Hämeenlinna Lammi Pappila,-1.5,1.9,14.0
2023-01-28,Asikkala Pulkkilanharju,-1.2,,
2023-01-28,Kouvola Utti lentoasema,-2.3,4.0,13.0
2023-01-28,Kouvola Anjala,-1.5,3.1,20.0
2023-01-28,Heinola Asemantaus,-1.4,2.8,13.0
2023-01-28,Kouvola Voikoski,,5.1,19.0
2023-01-28,Virolahti Koivuniemi,-1.9,2.7,21.0
2023-01-28,Lappeenranta lentoasema,-2.9,,
2023-01-28,Lappeenranta Konnunsuo,-2.7,,
2023-01-28,Lappeenranta Lepola,-2.9,1.5,21.0
2023-01-28,Ruokolahti Kotaniemi,,5.2,32.0
2023-01-28,Lappeenranta Hiekkapakka,-2.9,,
2023-01-28,Parikkala Koitsanlahti,-3.3,1.2,21.0
2023-01-28,Kaskinen Sälgrund,0.8,1.2,
2023-01-28,Merikarvia Tuorila,,3.1,22.0
2023-01-28,Isojoki Kärjenkoski,,1.5,0.0
2023-01-28,Teuva Kauppilankylä,,0.3,0.0
2023-01-28,Pori Tahkoluoto satama,1.5,,
2023-01-28,Kristiinankaupunki Majakka,1.6,,
2023-01-28,Karvia Alkkia,-1.8,1.5,21.0
2023-01-28,Kurikka Hirvijärvi,,0.5,0.0
2023-01-28,Kauhajoki Kuja-Kokko,-0.3,0.2,5.0
2023-01-28,Kankaanpää Niinisalo lentokenttä,-1.8,1.9,22.0
2023-01-28,Alavus Sulkavankylä,,0.2,5.0
2023-01-28,Virrat Äijänneva,-1.3,,
2023-01-28,Tampere Siilinkari,-0.9,,
2023-01-28,Jämsä Halli lentoasema,-1.7,1.9,12.0
2023-01-28,Juupajoki Hyytiälä,-1.6,1.4,20.0
2023-01-28,Sysmä Joutsjärvi,,2.9,18.0
2023-01-28,Jyväskylä Muuratjärvi,,2.3,22.0
2023-01-28,Luhanka Judinsalo,-1.5,,
2023-01-28,Multia Pirttiperä,,2.1,24.0
2023-01-28,Joutsa Savenaho,-2.4,3.6,27.0
2023-01-28,Kangasniemi kirkonkylä,,3.0,32.0
2023-01-28,Joutsa Pärnämäki,,3.6,28.0
2023-01-28,Juva Partala,-2.5,,
2023-01-28,Varkaus Kosulanniemi,-2.1,4.2,24.0
2023-01-28,Savonlinna Laukansaari,,2.0,26.0
2023-01-28,Sulkava Halttula,,3.9,38.0
2023-01-28,Savonlinna lentoasema,-3.0,,
2023-01-28,Rantasalmi Rukkasluoto,-2.6,,
2023-01-28,Savonlinna Punkaharju Laukansaari,-3.4,2.9,27.0
2023-01-28,Enonkoski Simanala,,3.7,32.0
2023-01-28,Savonlinna Savonranta,,3.7,26.0
2023-01-28,Rääkkylä kirkonkylä,,3.3,29.0
2023-01-28,Tohmajärvi Kemie,-3.9,4.4,29.0
2023-01-28,Joensuu Huhtilampi,,2.7,45.0
2023-01-28,Vaasa lentoasema,0.5,,
2023-01-28,Mustasaari Valassaaret,0.9,,
2023-01-28,Närpiö Ylimarkku,,0.3,0.0
2023-01-28,Mustasaari Riimala,,0.4,5.0
2023-01-28,Kurikka Pyörni,,0.4,8.0
2023-01-28,Maalahti Strömmingsbådan,1.4,,
2023-01-28,Vaasa Klemettilä,0.6,0.8,14.0
2023-01-28,Seinäjoki Pelmaa,0.0,0.3,6.0
2023-01-28,Kauhava lentokenttä,-0.4,1.0,13.0
2023-01-28,Ähtäri Inha,-1.7,0.4,20.0
2023-01-28,Halsua Purola,-1.6,1.8,19.0
2023-01-28,Alajärvi Möksy,-1.7,1.3,29.0
2023-01-28,Multia Karhila,-2.6,0.8,35.0
2023-01-28,Viitasaari Haapaniemi,-1.9,0.9,23.0
2023-01-28,Äänekoski Kalaniemi,,0.8,25.0
2023-01-28,Vesanto kirkonkylä,-2.0,1.5,38.0
2023-01-28,Pielavesi Venetmäki,,3.2,56.0
2023-01-28,Siilinjärvi Kuopio lentoasema,-2.2,,
2023-01-28,Kuopio Maaninka,-1.9,1.4,31.0
2023-01-28,Lapinlahti Lamminkäyrä,,2.4,31.0
2023-01-28,Suonenjoki Iisvesi,,0.8,27.0
2023-01-28,Kuopio Karttula,,3.6,35.0
2023-01-28,Kuopio Ritoniemi,-2.1,,
2023-01-28,Kuopio Savilahti,-1.8,2.3,27.0
2023-01-28,Heinävesi Palokki,,3.5,36.0
2023-01-28,Outokumpu Viuruniemi,,3.6,38.0
2023-01-28,Rautavaara Ala-Luosta,,1.5,34.0
2023-01-28,Rautavaara Ylä-Luosta,-3.3,3.8,49.0
2023-01-28,Liperi Joensuu lentoasema,-3.5,,
2023-01-28,Juuka Niemelä,-2.8,2.3,43.0
2023-01-28,Joensuu Pyhäselkä,,4.0,26.0
2023-01-28,Lieksa Koli,,3.6,41.0
2023-01-28,Liperi Tuiskavanluoto,-3.2,,
2023-01-28,Joensuu Linnunlahti,-3.3,2.8,26.0
2023-01-28,Lieksa Lampela,-3.3,1.3,25.0
2023-01-28,Ilomantsi Pötsönvaara,-5.1,4.2,56.0
2023-01-28,Ilomantsi Mekrijärvi,-4.5,0.7,39.0
2023-01-28,Pietarsaari Kallan,0.6,,
2023-01-28,Kokkola Tankar,0.3,,
2023-01-28,Kruunupyy Kokkola-Pietarsaari lentoasema,-0.2,,
2023-01-28,Kaustinen Tastula,,1.0,9.0
2023-01-28,Kalajoki Ulkokalla,0.4,,
2023-01-28,Kokkola Santahaka,0.0,1.0,14.0
2023-01-28,Toholampi Oravala,,-1.0,23.0
2023-01-28,Kalajoki Pitkäsenkylä,,0.0,10.0
2023-01-28,Kalajoki Mehtäkylä,,1.1,9.0
2023-01-28,Toholampi Laitala,-0.9,0.6,2.0
2023-01-28,Ylivieska lentokenttä,-1.2,1.7,26.0
2023-01-28,Ylivieska Vähäkangas,,1.2,16.0
2023-01-28,Haapavesi Mustikkamäki,-1.5,1.5,6.0
2023-01-28,Pyhäjärvi Ojakylä,-1.9,1.9,24.0
2023-01-28,Pyhäjärvi Hiidenniemi,,1.6,23.0
2023-01-28,Kiuruvesi Korpijoki,,1.6,27.0
2023-01-28,Siikalatva Kestilä,,1.9,18.0
2023-01-28,Kajaani lentoasema,-2.1,,
2023-01-28,Vieremä Kaarakkala,-3.0,3.4,43.0
2023-01-28,Kajaani Paltaniemi,,2.7,24.0
2023-01-28,Nurmes Valtimo,-2.6,0.9,30.0
2023-01-28,Ristijärvi Mustavaara,,3.5,67.0
2023-01-28,Sotkamo Kuolaniemi,-2.4,1.5,37.0
2023-01-28,Nurmes Mujejärvi,,3.5,55.0
2023-01-28,Kuhmo Apaja,,2.1,42.0
2023-01-28,Kuhmo Kalliojoki,-3.5,1.5,42.0
2023-01-28,Raahe Nahkiainen,0.4,,
2023-01-28,Hailuoto Keskikylä,0.2,0.7,20.0
2023-01-28,Kemi I majakka,0.7,,
2023-01-28,Hailuoto Marjaniemi,0.3,,
2023-01-28,Raahe Lapaluoto satama,-0.1,,
2023-01-28,Oulu lentoasema,-0.3,,
2023-01-28,Siikajoki Ruukki,-0.5,1.5,12.0
2023-01-28,Oulu Vihreäsaari satama,-0.1,,
2023-01-28,Oulu Oulunsalo Pellonpää,-0.6,1.4,33.0
2023-01-28,Vaala Pelso,-1.7,0.6,7.0
2023-01-28,Pudasjärvi lentokenttä,-1.9,2.1,48.0
2023-01-28,Utajärvi Särkijärvi,,3.7,32.0
2023-01-28,Pudasjärvi Jaurakkajärvi,,5.5,45.0
2023-01-28,Suomussalmi Näljänkä,,6.0,53.0
2023-01-28,Suomussalmi Pesiö,-3.0,5.2,68.0
2023-01-28,Puolanka Kotila,,5.7,69.0
2023-01-28,Puolanka Paljakka,-3.9,5.6,74.0
2023-01-28,Kemi Kemi-Tornio lentoasema,-0.3,,
2023-01-28,Kemi Ajos,-0.7,,
2023-01-28,Tornio Kaakkuri,-0.2,0.4,
2023-01-28,Ranua lentokenttä,-1.9,4.1,59.0
2023-01-28,Pudasjärvi Sarakylä,,2.7,46.0
2023-01-28,Posio Raistakka,,3.0,55.0
2023-01-28,Taivalkoski Inkee,,3.8,50.0
2023-01-28,Taivalkoski kirkonkylä,-2.4,2.8,48.0
2023-01-28,Kuusamo lentoasema,-3.0,1.9,44.0
2023-01-28,Kuusamo Kiutaköngäs,-2.0,2.3,49.0
2023-01-28,Kuusamo Rukatunturi,-4.5,,
2023-01-28,Kuusamo Teeriranta,,4.9,55.0
2023-01-28,Kuusamo Juuma,-3.1,,
2023-01-28,Ylitornio Meltosjärvi,-1.8,1.1,60.0
2023-01-28,Kolari Kattilamaa,,0.2,63.0
2023-01-28,Pello kirkonkylä,-0.9,0.1,51.0
2023-01-28,Rovaniemi rautatieasema,-1.5,,
2023-01-28,Sodankylä Tähtelä,-2.4,1.5,62.0
2023-01-28,Rovaniemi Apukka,-1.4,2.1,51.0
2023-01-28,Pelkosenniemi kirkonkylä,,2.2,54.0
2023-01-28,Kemijärvi lentokenttä,-1.8,1.1,53.0
2023-01-28,Savukoski kirkonkylä,-2.1,2.6,51.0
2023-01-28,Salla Kelloselkä,,1.7,39.0
2023-01-28,Pelkosenniemi Pyhätunturi,-3.7,,
2023-01-28,Salla kirkonkylä,-1.6,1.4,40.0
2023-01-28,Salla Naruska,-1.9,3.5,53.0
2023-01-28,Enontekiö Kaaresuvanto,,-1.0,70.0
2023-01-28,Enontekiö lentoasema,-4.0,,
2023-01-28,Kittilä Pulju,,0.4,57.0
2023-01-28,Muonio Laukukero,-5.2,,
2023-01-28,Muonio Sammaltunturi,-4.0,,
2023-01-28,Kittilä Matorova,-2.3,,
2023-01-28,Kittilä lentoasema,-2.1,,
2023-01-28,Kittilä Kenttärova,-3.1,0.2,74.0
2023-01-28,Kittilä Pakatti,-2.2,-1.0,66.0
2023-01-28,Kittilä Pokka,-3.1,0.7,69.0
2023-01-28,Sodankylä Lokka,-2.2,4.2,54.0
2023-01-28,Sodankylä Vuotso,-2.5,3.2,58.0
2023-01-28,Inari Saariselkä matkailukeskus,-2.9,3.2,53.0
2023-01-28,Inari Saariselkä Kaunispää,-3.4,,
2023-01-28,Inari Raja-Jooseppi Kontiojärvi,,2.1,38.0
2023-01-28,Inari Raja-Jooseppi,-2.3,,
2023-01-28,Salla Värriötunturi,-2.5,2.4,42.0
2023-01-28,Enontekiö Kilpisjärvi kyläkeskus,-4.0,2.3,55.0
2023-01-28,Enontekiö Kilpisjärvi Saana,-6.4,,
2023-01-28,Enontekiö Näkkälä,-5.6,0.3,64.0
2023-01-28,Inari Angeli Lintupuoliselkä,-3.5,0.2,48.0
2023-01-28,Inari Ivalo lentoasema,-1.7,,
2023-01-28,Utsjoki Kevo,-4.9,-1.0,47.0
2023-01-28,Utsjoki Nuorgam,-5.5,1.5,49.0
2023-01-28,Inari Väylä,-2.3,,
2023-01-28,Inari kirkonkylä,,-1.0,50.0
2023-01-28,Inari Kaamanen,-3.0,-1.0,56.0
2023-01-28,Inari Nellim,-1.1,1.4,32.0
2023-01-28,Inari Kirakkajärvi,-3.3,0.9,44.0
2023-01-28,Mäntsälä Hirvihaara,-1.5,2.5,17.0
2023-01-28,Lahti Sopenkorpi,-1.4,3.6,13.0
2023-01-28,Siuntio Sjundby,,1.1,4.0
2023-01-28,Sipoo Itätoukki,0.4,,
2023-01-28,Rauma Pyynpää,0.6,0.9,-1.0
2023-01-28,Muonio Oustajärvi,-2.9,-1.0,66.0
2023-01-28,Pyhtää lentokenttä,-1.6,2.6,14.0
2023-01-28,Sotkamo Tuhkakylä,-2.9,2.6,53.0
2023-01-28,Tervola Loue,-1.5,,
2023-01-28,Savukoski Tulppio,-1.6,2.4,42.0
2023-01-28,Mikkeli Pitkäaho,,2.2,23.0
2023-01-28,Kajaani Petäisenniska,-2.3,1.2,35.0
2023-01-28,Utsjoki Kevo Kevojärvi,-5.7,,
2023-01-28,Inari Seitalaassa,-2.9,,
2023-01-28,Ilmajoki Seinäjoki lentoasema,-0.3,,
2023-01-28,Rovaniemi lentoasema AWOS,-2.3,1.8,49.0
2023-01-28,Jyväskylä lentoasema AWOS,-1.8,1.5,26.0
2023-01-28,Puumala kirkonkylä,-2.6,1.8,25.0
2023-01-28,Helsinki Vuosaari satama,0.2,,
2023-01-28,Maarianhamina Länsisatama,1.4,,
2023-01-28,Lumparland Långnäs satama,1.0,-1.0,-1.0
2023-01-28,Kittilä Lompolonvuoma,-1.6,0.1,
2023-01-28,Kuusamo Ruka Talvijärvi,-3.0,,
2023-01-28,Espoo Nuuksio,-1.4,2.0,22.0
2023-01-28,Mikkeli Lentoasema AWOS,-2.1,3.3,30.0
2023-01-28,Espoo Tapiola,-0.2,1.7,12.0
2023-01-29,Porvoo Kilpilahti satama,0.7,,
2023-01-29,Jomala Maarianhamina lentoasema,1.8,,
2023-01-29,Parainen Utö,2.7,2.4,-1.0
2023-01-29,Lemland Nyhamn,2.4,,
2023-01-29,Jomala Jomalaby,1.3,0.1,-1.0
2023-01-29,Hammarland Märket,1.9,,
2023-01-29,Kökar Bogskär,2.9,,
2023-01-29,Parainen Fagerholm,2.2,3.6,
2023-01-29,Kumlinge kirkonkylä,1.6,,
2023-01-29,Hanko Russarö,2.2,5.4,
2023-01-29,Kaarina Yltöinen,-0.2,7.0,-1.0
2023-01-29,Kemiönsaari Vänö,2.3,,
2023-01-29,Hanko Tulliniemi,2.3,,
2023-01-29,Turku Rajakari,1.5,,
2023-01-29,Turku Artukainen,1.0,3.6,2.0
2023-01-29,Kemiönsaari Kemiö,0.9,14.4,-1.0
2023-01-29,Hanko Tvärminne,1.6,7.9,-1.0
2023-01-29,Salo Kärkkä,0.6,8.9,
2023-01-29,Lohja Leppäkorpi,,7.3,4.0
2023-01-29,Raasepori Jussarö,1.7,,
2023-01-29,Salo Kiikala lentokenttä,-0.6,6.8,-1.0
2023-01-29,Vantaa Helsinki-Vantaan lentoasema,0.0,5.6,8.0
2023-01-29,Inkoo Bågaskär,1.4,,
2023-01-29,Helsinki Kaisaniemi,1.2,3.7,-1.0
2023-01-29,Lohja Porla,0.5,8.7,17.0
2023-01-29,Vihti Maasoja,-0.1,,
2023-01-29,Helsinki Harmaja,1.4,,
2023-01-29,Kirkkonummi Mäkiluoto,1.9,,
2023-01-29,Helsinki Helsingin majakka,1.8,,
2023-01-29,Helsinki Kumpula,0.8,6.6,11.0
2023-01-29,Helsinki Malmi lentokenttä,0.9,,
2023-01-29,Porvoo Kalbådagrund,1.5,,
2023-01-29,Porvoo Emäsalo,0.8,,
2023-01-29,Porvoo Harabacka,0.2,4.9,4.0
2023-01-29,Kotka Rankki,0.5,4.9,21.0
2023-01-29,Loviisa Orrengrund,0.9,,
2023-01-29,Kotka Haapasaari,0.8,,
2023-01-29,Pori lentoasema,1.6,,
2023-01-29,Uusikaupunki Itätulli,,0.7,1.0
2023-01-29,Kustavi Isokari,2.1,0.6,
2023-01-29,Rauma Kylmäpihlaja,1.8,,
2023-01-29,Pori rautatieasema,1.6,1.0,-1.0
2023-01-29,Turku lentoasema,0.4,,
2023-01-29,Kokemäki Rausenkulma,,2.3,2.0
2023-01-29,Huittinen Sallila,,3.6,2.0
2023-01-29,Oripää Teinikivi,,2.8,5.0
2023-01-29,Pöytyä Yläne,,3.3,2.0
2023-01-29,Kokemäki Tulkkila,0.3,3.0,2.0
2023-01-29,Jokioinen Ilmala,-0.9,3.5,2.0
2023-01-29,Nokia Tottijärvi,,2.3,2.0
2023-01-29,Pirkkala Tampere-Pirkkala lentoasema,-1.4,,
2023-01-29,Tampere Härmälä,-1.1,1.8,15.0
2023-01-29,Somero Salkola,-1.4,4.1,18.0
2023-01-29,Hyvinkää Hyvinkäänkylä,-1.1,4.5,19.0
2023-01-29,Vihti Hiiskula,,7.0,20.0
2023-01-29,Hämeenlinna Pirttikoski,,1.6,9.0
2023-01-29,Nurmijärvi Röykkä,-1.2,6.3,17.0
2023-01-29,Hämeenlinna Katinen,-0.8,2.0,
2023-01-29,Hattula Lepaa,-1.0,1.6,8.0
2023-01-29,Hämeenlinna Lammi Pappila,-1.4,2.8,18.0
2023-01-29,Asikkala Pulkkilanharju,-0.8,,
2023-01-29,Kouvola Utti lentoasema,-1.7,8.6,18.0
2023-01-29,Kouvola Anjala,-0.7,7.0,25.0
2023-01-29,Heinola Asemantaus,-1.0,5.6,15.0
2023-01-29,Kouvola Voikoski,,8.3,24.0
2023-01-29,Virolahti Koivuniemi,-0.2,8.9,27.0
2023-01-29,Lappeenranta lentoasema,-1.5,,
2023-01-29,Lappeenranta Konnunsuo,-1.2,,
2023-01-29,Lappeenranta Lepola,-1.4,1.9,22.0
2023-01-29,Ruokolahti Kotaniemi,,8.3,40.0
2023-01-29,Lappeenranta Hiekkapakka,-1.6,,
2023-01-29,Parikkala Koitsanlahti,-1.1,4.5,21.0
2023-01-29,Kaskinen Sälgrund,1.2,1.4,
2023-01-29,Merikarvia Tuorila,,4.2,25.0
2023-01-29,Isojoki Kärjenkoski,,6.0,1.0
2023-01-29,Teuva Kauppilankylä,,4.4,0.0
2023-01-29,Pori Tahkoluoto satama,1.9,,
2023-01-29,Kristiinankaupunki Majakka,2.2,,
2023-01-29,Karvia Alkkia,-1.2,2.6,22.0
2023-01-29,Kurikka Hirvijärvi,,0.8,0.0
2023-01-29,Kauhajoki Kuja-Kokko,0.2,2.5,4.0
2023-01-29,Kankaanpää Niinisalo lentokenttä,-1.4,4.9,22.0
2023-01-29,Alavus Sulkavankylä,,1.6,5.0
2023-01-29,Virrat Äijänneva,-1.1,,
2023-01-29,Tampere Siilinkari,-0.8,,
2023-01-29,Jämsä Halli lentoasema,-1.8,3.6,15.0
2023-01-29,Juupajoki Hyytiälä,-1.4,2.2,22.0
2023-01-29,Sysmä Joutsjärvi,,6.5,22.0
2023-01-29,Jyväskylä Muuratjärvi,,4.9,24.0
2023-01-29,Luhanka Judinsalo,-1.5,,
2023-01-29,Multia Pirttiperä,,5.7,26.0
2023-01-29,Joutsa Savenaho,-2.4,7.3,28.0
2023-01-29,Kangasniemi kirkonkylä,,7.8,36.0
2023-01-29,Joutsa Pärnämäki,,7.1,32.0
2023-01-29,Juva Partala,-1.6,,
2023-01-29,Varkaus Kosulanniemi,-1.6,6.7,28.0
2023-01-29,Savonlinna Laukansaari,,4.2,28.0
2023-01-29,Sulkava Halttula,,7.1,40.0
2023-01-29,Savonlinna lentoasema,-1.3,,
2023-01-29,Rantasalmi Rukkasluoto,-1.4,,
2023-01-29,Savonlinna Punkaharju Laukansaari,-1.2,4.7,31.0
2023-01-29,Enonkoski Simanala,,6.5,35.0
2023-01-29,Savonlinna Savonranta,,8.0,33.0
2023-01-29,Rääkkylä kirkonkylä,,3.0,34.0
2023-01-29,Tohmajärvi Kemie,-1.4,2.6,33.0
2023-01-29,Joensuu Huhtilampi,,4.0,52.0
2023-01-29,Vaasa lentoasema,0.6,,
2023-01-29,Mustasaari Valassaaret,0.7,,
2023-01-29,Närpiö Ylimarkku,,3.6,0.0
2023-01-29,Mustasaari Riimala,,1.6,5.0
2023-01-29,Kurikka Pyörni,,1.6,8.0
2023-01-29,Maalahti Strömmingsbådan,1.8,,
2023-01-29,Vaasa Klemettilä,1.0,1.4,14.0
2023-01-29,Seinäjoki Pelmaa,0.2,0.8,6.0
2023-01-29,Kauhava lentokenttä,-0.2,1.0,13.0
2023-01-29,Ähtäri Inha,-1.6,3.1,20.0
2023-01-29,Halsua Purola,-2.0,3.4,20.0
2023-01-29,Alajärvi Möksy,-1.6,1.8,29.0
2023-01-29,Multia Karhila,-2.8,3.8,35.0
2023-01-29,Viitasaari Haapaniemi,-1.9,2.4,23.0
2023-01-29,Äänekoski Kalaniemi,,4.9,26.0
2023-01-29,Vesanto kirkonkylä,-2.9,5.3,38.0
2023-01-29,Pielavesi Venetmäki,,8.2,58.0
2023-01-29,Siilinjärvi Kuopio lentoasema,-2.6,,
2023-01-29,Kuopio Maaninka,-3.2,6.2,33.0
2023-01-29,Lapinlahti Lamminkäyrä,,5.9,33.0
2023-01-29,Suonenjoki Iisvesi,,2.1,28.0
2023-01-29,Kuopio Karttula,,9.5,36.0
2023-01-29,Kuopio Ritoniemi,-2.9,,
2023-01-29,Kuopio Savilahti,-1.9,5.8,29.0
2023-01-29,Heinävesi Palokki,,6.2,40.0
2023-01-29,Outokumpu Viuruniemi,,5.3,42.0
2023-01-29,Rautavaara Ala-Luosta,,5.0,35.0
2023-01-29,Rautavaara Ylä-Luosta,-3.4,5.4,51.0
2023-01-29,Liperi Joensuu lentoasema,-2.1,,
2023-01-29,Juuka Niemelä,-2.2,3.1,45.0
2023-01-29,Joensuu Pyhäselkä,,3.4,34.0
2023-01-29,Lieksa Koli,,6.5,42.0
2023-01-29,Liperi Tuiskavanluoto,-1.7,,
2023-01-29,Joensuu Linnunlahti,-1.8,2.8,29.0
2023-01-29,Lieksa Lampela,-1.9,1.5,26.0
2023-01-29,Ilomantsi Pötsönvaara,-3.2,1.5,59.0
2023-01-29,Ilomantsi Mekrijärvi,-2.1,0.8,43.0
2023-01-29,Pietarsaari Kallan,0.7,,
2023-01-29,Kokkola Tankar,0.3,,
2023-01-29,Kruunupyy Kokkola-Pietarsaari lentoasema,-0.6,,
2023-01-29,Kaustinen Tastula,,3.6,10.0
2023-01-29,Kalajoki Ulkokalla,0.4,,
2023-01-29,Kokkola Santahaka,-0.2,2.7,14.0
2023-01-29,Toholampi Oravala,,9.0,23.0
2023-01-29,Kalajoki Pitkäsenkylä,,6.2,10.0
2023-01-29,Kalajoki Mehtäkylä,,10.1,10.0
2023-01-29,Toholampi Laitala,-1.5,1.8,4.0
2023-01-29,Ylivieska lentokenttä,-1.8,8.4,27.0
2023-01-29,Ylivieska Vähäkangas,,7.5,17.0
2023-01-29,Haapavesi Mustikkamäki,-2.5,6.2,7.0
2023-01-29,Pyhäjärvi Ojakylä,-2.5,7.4,27.0
2023-01-29,Pyhäjärvi Hiidenniemi,,6.0,24.0
2023-01-29,Kiuruvesi Korpijoki,,4.2,29.0
2023-01-29,Siikalatva Kestilä,,8.8,20.0
2023-01-29,Kajaani lentoasema,-2.5,,
2023-01-29,Vieremä Kaarakkala,-3.7,6.7,48.0
2023-01-29,Kajaani Paltaniemi,,4.1,27.0
2023-01-29,Nurmes Valtimo,-2.5,3.2,31.0
2023-01-29,Ristijärvi Mustavaara,,7.1,68.0
2023-01-29,Sotkamo Kuolaniemi,-2.8,3.3,39.0
2023-01-29,Nurmes Mujejärvi,,6.4,57.0
2023-01-29,Kuhmo Apaja,,3.2,45.0
2023-01-29,Kuhmo Kalliojoki,-2.7,2.0,44.0
2023-01-29,Raahe Nahkiainen,0.5,,
2023-01-29,Hailuoto Keskikylä,-0.8,7.2,20.0
2023-01-29,Kemi I majakka,0.2,,
2023-01-29,Hailuoto Marjaniemi,-0.3,,
2023-01-29,Raahe Lapaluoto satama,-0.3,,
2023-01-29,Oulu lentoasema,-1.6,,
2023-01-29,Siikajoki Ruukki,-1.9,7.0,12.0
2023-01-29,Oulu Vihreäsaari satama,-1.5,,
2023-01-29,Oulu Oulunsalo Pellonpää,-2.2,7.9,33.0
2023-01-29,Vaala Pelso,-3.0,4.9,7.0
2023-01-29,Pudasjärvi lentokenttä,-3.3,4.3,52.0
2023-01-29,Utajärvi Särkijärvi,,5.6,35.0
2023-01-29,Pudasjärvi Jaurakkajärvi,,5.6,48.0
2023-01-29,Suomussalmi Näljänkä,,5.3,60.0
2023-01-29,Suomussalmi Pesiö,-2.9,4.5,70.0
2023-01-29,Puolanka Kotila,,5.3,73.0
2023-01-29,Puolanka Paljakka,-4.3,9.1,76.0
2023-01-29,Kemi Kemi-Tornio lentoasema,-4.1,,
2023-01-29,Kemi Ajos,-2.9,,
2023-01-29,Tornio Kaakkuri,-2.9,6.1,
2023-01-29,Ranua lentokenttä,-5.6,3.9,66.0
2023-01-29,Pudasjärvi Sarakylä,,3.7,49.0
2023-01-29,Posio Raistakka,,4.6,58.0
2023-01-29,Taivalkoski Inkee,,3.3,51.0
2023-01-29,Taivalkoski kirkonkylä,-3.2,4.9,51.0
2023-01-29,Kuusamo lentoasema,-4.0,3.5,45.0
2023-01-29,Kuusamo Kiutaköngäs,-3.8,1.9,50.0
2023-01-29,Kuusamo Rukatunturi,-5.6,,
2023-01-29,Kuusamo Teeriranta,,4.1,59.0
2023-01-29,Kuusamo Juuma,-4.8,,
2023-01-29,Ylitornio Meltosjärvi,-6.5,3.9,61.0
2023-01-29,Kolari Kattilamaa,,0.9,63.0
2023-01-29,Pello kirkonkylä,-7.5,2.1,49.0
2023-01-29,Rovaniemi rautatieasema,-6.9,,
2023-01-29,Sodankylä Tähtelä,-7.3,0.4,64.0
2023-01-29,Rovaniemi Apukka,-8.5,2.2,52.0
2023-01-29,Pelkosenniemi kirkonkylä,,0.3,53.0
2023-01-29,Kemijärvi lentokenttä,-6.1,2.3,56.0
2023-01-29,Savukoski kirkonkylä,-9.5,0.7,54.0
2023-01-29,Salla Kelloselkä,,0.8,45.0
2023-01-29,Pelkosenniemi Pyhätunturi,-6.2,,
2023-01-29,Salla kirkonkylä,-5.5,0.4,40.0
2023-01-29,Salla Naruska,-7.3,1.1,56.0
2023-01-29,Enontekiö Kaaresuvanto,,0.0,70.0
2023-01-29,Enontekiö lentoasema,-7.6,,
2023-01-29,Kittilä Pulju,,-1.0,57.0
2023-01-29,Muonio Laukukero,-7.3,,
2023-01-29,Muonio Sammaltunturi,-6.9,,
2023-01-29,Kittilä Matorova,-5.9,,
2023-01-29,Kittilä lentoasema,-8.8,,
2023-01-29,Kittilä Kenttärova,-7.0,1.0,73.0
2023-01-29,Kittilä Pakatti,-6.9,1.0,64.0
2023-01-29,Kittilä Pokka,-8.8,-1.0,69.0
2023-01-29,Sodankylä Lokka,-8.6,-1.0,59.0
2023-01-29,Sodankylä Vuotso,-10.1,-1.0,59.0
2023-01-29,Inari Saariselkä matkailukeskus,-8.3,-1.0,57.0
2023-01-29,Inari Saariselkä Kaunispää,-8.1,,
2023-01-29,Inari Raja-Jooseppi Kontiojärvi,,0.9,38.0
2023-01-29,Inari Raja-Jooseppi,-7.1,,
2023-01-29,Salla Värriötunturi,-6.7,0.6,43.0
2023-01-29,Enontekiö Kilpisjärvi kyläkeskus,-6.6,1.2,56.0
2023-01-29,Enontekiö Kilpisjärvi Saana,-7.5,,
2023-01-29,Enontekiö Näkkälä,-9.5,-1.0,63.0
2023-01-29,Inari Angeli Lintupuoliselkä,-6.6,-1.0,47.0
2023-01-29,Inari Ivalo lentoasema,-7.2,,
2023-01-29,Utsjoki Kevo,-7.4,-1.0,46.0
2023-01-29,Utsjoki Nuorgam,-5.3,-1.0,51.0
2023-01-29,Inari Väylä,-6.6,,
2023-01-29,Inari kirkonkylä,,-1.0,50.0
2023-01-29,Inari Kaamanen,-7.6,-1.0,56.0
2023-01-29,Inari Nellim,-5.9,-1.0,36.0
2023-01-29,Inari Kirakkajärvi,-7.1,0.4,44.0
2023-01-29,Mäntsälä Hirvihaara,-1.3,4.4,15.0
2023-01-29,Lahti Sopenkorpi,-1.4,5.4,17.0
2023-01-29,Siuntio Sjundby,,7.4,4.0
2023-01-29,Sipoo Itätoukki,1.4,,
2023-01-29,Rauma Pyynpää,1.7,0.8,-1.0
2023-01-29,Muonio Oustajärvi,-8.2,0.3,65.0
2023-01-29,Pyhtää lentokenttä,-0.5,6.2,18.0
2023-01-29,Sotkamo Tuhkakylä,-3.3,5.5,54.0
2023-01-29,Tervola Loue,-9.1,,
2023-01-29,Savukoski Tulppio,-6.7,0.2,45.0
2023-01-29,Mikkeli Pitkäaho,,6.4,27.0
2023-01-29,Kajaani Petäisenniska,-2.6,2.5,35.0
2023-01-29,Utsjoki Kevo Kevojärvi,-7.6,,
2023-01-29,Inari Seitalaassa,-7.3,,
2023-01-29,Ilmajoki Seinäjoki lentoasema,-0.1,,
2023-01-29,Rovaniemi lentoasema AWOS,-6.7,3.7,50.0
2023-01-29,Jyväskylä lentoasema AWOS,-2.0,4.5,27.0
2023-01-29,Puumala kirkonkylä,-1.4,5.4,30.0
2023-01-29,Helsinki Vuosaari satama,1.2,,
2023-01-29,Maarianhamina Länsisatama,2.1,,
2023-01-29,Lumparland Långnäs satama,1.9,0.3,-1.0
2023-01-29,Kittilä Lompolonvuoma,-5.9,0.1,
2023-01-29,Kuusamo Ruka Talvijärvi,-4.5,,
2023-01-29,Espoo Nuuksio,-1.1,7.2,22.0
2023-01-29,Mikkeli Lentoasema AWOS,-1.7,6.6,32.0
2023-01-29,Espoo Tapiola,1.0,6.9,12.0
2023-01-30,Porvoo Kilpilahti satama,1.9,,
2023-01-30,Jomala Maarianhamina lentoasema,3.2,,
2023-01-30,Parainen Utö,3.0,0.3,-1.0
2023-01-30,Lemland Nyhamn,3.2,,
2023-01-30,Jomala Jomalaby,3.2,1.9,-1.0
2023-01-30,Hammarland Märket,3.3,,
2023-01-30,Kökar Bogskär,3.6,,
2023-01-30,Parainen Fagerholm,2.6,0.2,
2023-01-30,Kumlinge kirkonkylä,2.5,,
2023-01-30,Hanko Russarö,2.6,-1.0,
2023-01-30,Kaarina Yltöinen,2.2,0.5,-1.0
2023-01-30,Kemiönsaari Vänö,2.7,,
2023-01-30,Hanko Tulliniemi,2.5,,
2023-01-30,Turku Rajakari,2.4,,
2023-01-30,Turku Artukainen,2.4,0.4,-1.0
2023-01-30,Kemiönsaari Kemiö,2.4,0.1,-1.0
2023-01-30,Hanko Tvärminne,2.5,0.2,-1.0
2023-01-30,Salo Kärkkä,2.3,0.1,
2023-01-30,Lohja Leppäkorpi,,0.5,-1.0
2023-01-30,Raasepori Jussarö,2.2,,
2023-01-30,Salo Kiikala lentokenttä,1.2,0.6,-1.0
2023-01-30,Vantaa Helsinki-Vantaan lentoasema,1.8,1.7,3.0
2023-01-30,Inkoo Bågaskär,1.9,,
2023-01-30,Helsinki Kaisaniemi,2.5,0.7,-1.0
2023-01-30,Lohja Porla,2.2,0.7,17.0
2023-01-30,Vihti Maasoja,1.9,,
2023-01-30,Helsinki Harmaja,2.2,,
2023-01-30,Kirkkonummi Mäkiluoto,2.2,,
2023-01-30,Helsinki Helsingin majakka,2.2,,
2023-01-30,Helsinki Kumpula,2.1,1.5,8.0
2023-01-30,Helsinki Malmi lentokenttä,2.3,,
2023-01-30,Porvoo Kalbådagrund,2.0,,
2023-01-30,Porvoo Emäsalo,1.6,,
2023-01-30,Porvoo Harabacka,1.7,1.7,-1.0
2023-01-30,Kotka Rankki,1.3,0.7,21.0
2023-01-30,Loviisa Orrengrund,1.5,,
2023-01-30,Kotka Haapasaari,1.4,,
2023-01-30,Pori lentoasema,1.7,,
2023-01-30,Uusikaupunki Itätulli,,2.9,-1.0
2023-01-30,Kustavi Isokari,1.9,1.4,
2023-01-30,Rauma Kylmäpihlaja,1.7,,
2023-01-30,Pori rautatieasema,1.6,5.2,-1.0
2023-01-30,Turku lentoasema,1.9,,
2023-01-30,Kokemäki Rausenkulma,,4.3,0.0
2023-01-30,Huittinen Sallila,,0.9,0.0
2023-01-30,Oripää Teinikivi,,3.3,4.0
2023-01-30,Pöytyä Yläne,,2.7,-1.0
2023-01-30,Kokemäki Tulkkila,1.5,3.8,-1.0
2023-01-30,Jokioinen Ilmala,1.1,2.3,-1.0
2023-01-30,Nokia Tottijärvi,,1.4,0.0
2023-01-30,Pirkkala Tampere-Pirkkala lentoasema,0.9,,
2023-01-30,Tampere Härmälä,1.2,1.2,15.0
2023-01-30,Somero Salkola,0.5,2.0,18.0
2023-01-30,Hyvinkää Hyvinkäänkylä,1.2,1.9,19.0
2023-01-30,Vihti Hiiskula,,1.6,19.0
2023-01-30,Hämeenlinna Pirttikoski,,0.9,8.0
2023-01-30,Nurmijärvi Röykkä,1.0,2.1,18.0
2023-01-30,Hämeenlinna Katinen,1.3,1.6,
2023-01-30,Hattula Lepaa,1.0,2.7,8.0
2023-01-30,Hämeenlinna Lammi Pappila,0.8,1.8,19.0
2023-01-30,Asikkala Pulkkilanharju,0.8,,
2023-01-30,Kouvola Utti lentoasema,0.4,5.4,24.0
2023-01-30,Kouvola Anjala,1.3,2.0,27.0
2023-01-30,Heinola Asemantaus,0.9,4.2,19.0
2023-01-30,Kouvola Voikoski,,4.4,29.0
2023-01-30,Virolahti Koivuniemi,1.2,1.7,28.0
2023-01-30,Lappeenranta lentoasema,0.4,,
2023-01-30,Lappeenranta Konnunsuo,0.6,,
2023-01-30,Lappeenranta Lepola,0.4,0.5,26.0
2023-01-30,Ruokolahti Kotaniemi,,6.7,50.0
2023-01-30,Lappeenranta Hiekkapakka,0.5,,
2023-01-30,Parikkala Koitsanlahti,0.3,3.8,27.0
2023-01-30,Kaskinen Sälgrund,0.3,4.6,
2023-01-30,Merikarvia Tuorila,,10.9,21.0
2023-01-30,Isojoki Kärjenkoski,,4.5,0.0
2023-01-30,Teuva Kauppilankylä,,1.5,0.0
2023-01-30,Pori Tahkoluoto satama,1.4,,
2023-01-30,Kristiinankaupunki Majakka,1.0,,
2023-01-30,Karvia Alkkia,-0.2,1.6,24.0
2023-01-30,Kurikka Hirvijärvi,,1.7,0.0
2023-01-30,Kauhajoki Kuja-Kokko,0.3,1.4,5.0
2023-01-30,Kankaanpää Niinisalo lentokenttä,0.3,9.9,24.0
2023-01-30,Alavus Sulkavankylä,,0.4,6.0
2023-01-30,Virrat Äijänneva,0.1,,
2023-01-30,Tampere Siilinkari,1.1,,
2023-01-30,Jämsä Halli lentoasema,0.4,4.4,18.0
2023-01-30,Juupajoki Hyytiälä,0.5,5.8,22.0
2023-01-30,Sysmä Joutsjärvi,,4.8,23.0
2023-01-30,Jyväskylä Muuratjärvi,,2.8,27.0
2023-01-30,Luhanka Judinsalo,0.3,,
2023-01-30,Multia Pirttiperä,,4.1,31.0
2023-01-30,Joutsa Savenaho,0.1,7.1,36.0
2023-01-30,Kangasniemi kirkonkylä,,6.8,45.0
2023-01-30,Joutsa Pärnämäki,,6.1,40.0
2023-01-30,Juva Partala,0.3,,
2023-01-30,Varkaus Kosulanniemi,0.4,5.5,33.0
2023-01-30,Savonlinna Laukansaari,,5.8,32.0
2023-01-30,Sulkava Halttula,,5.8,50.0
2023-01-30,Savonlinna lentoasema,0.3,,
2023-01-30,Rantasalmi Rukkasluoto,0.4,,
2023-01-30,Savonlinna Punkaharju Laukansaari,0.3,8.5,37.0
2023-01-30,Enonkoski Simanala,,7.6,38.0
2023-01-30,Savonlinna Savonranta,,6.2,38.0
2023-01-30,Rääkkylä kirkonkylä,,10.5,37.0
2023-01-30,Tohmajärvi Kemie,0.2,8.1,37.0
2023-01-30,Joensuu Huhtilampi,,10.7,56.0
2023-01-30,Vaasa lentoasema,0.2,,
2023-01-30,Mustasaari Valassaaret,-0.1,,
2023-01-30,Närpiö Ylimarkku,,1.8,0.0
2023-01-30,Mustasaari Riimala,,3.8,4.0
2023-01-30,Kurikka Pyörni,,3.0,7.0
2023-01-30,Maalahti Strömmingsbådan,0.6,,
2023-01-30,Vaasa Klemettilä,0.1,6.5,14.0
2023-01-30,Seinäjoki Pelmaa,0.2,2.7,6.0
2023-01-30,Kauhava lentokenttä,0.1,1.1,15.0
2023-01-30,Ähtäri Inha,0.0,5.0,24.0
2023-01-30,Halsua Purola,-0.3,4.4,23.0
2023-01-30,Alajärvi Möksy,-0.3,8.5,31.0
2023-01-30,Multia Karhila,-0.2,4.0,41.0
2023-01-30,Viitasaari Haapaniemi,0.0,14.5,27.0
2023-01-30,Äänekoski Kalaniemi,,7.5,32.0
2023-01-30,Vesanto kirkonkylä,0.3,6.0,44.0
2023-01-30,Pielavesi Venetmäki,,8.3,63.0
2023-01-30,Siilinjärvi Kuopio lentoasema,0.2,,
2023-01-30,Kuopio Maaninka,0.1,4.8,39.0
2023-01-30,Lapinlahti Lamminkäyrä,,10.0,40.0
2023-01-30,Suonenjoki Iisvesi,,4.2,32.0
2023-01-30,Kuopio Karttula,,4.2,45.0
2023-01-30,Kuopio Ritoniemi,0.3,,
2023-01-30,Kuopio Savilahti,0.4,6.1,34.0
2023-01-30,Heinävesi Palokki,,7.8,46.0
2023-01-30,Outokumpu Viuruniemi,,6.7,50.0
2023-01-30,Rautavaara Ala-Luosta,,7.9,41.0
2023-01-30,Rautavaara Ylä-Luosta,-0.4,9.8,57.0
2023-01-30,Liperi Joensuu lentoasema,-0.2,,
2023-01-30,Juuka Niemelä,-0.1,5.9,49.0
2023-01-30,Joensuu Pyhäselkä,,10.5,37.0
2023-01-30,Lieksa Koli,,8.8,48.0
2023-01-30,Liperi Tuiskavanluoto,0.1,,
2023-01-30,Joensuu Linnunlahti,0.0,8.0,31.0
2023-01-30,Lieksa Lampela,-0.1,6.7,25.0
2023-01-30,Ilomantsi Pötsönvaara,-1.2,8.0,60.0
2023-01-30,Ilomantsi Mekrijärvi,-0.4,5.6,45.0
2023-01-30,Pietarsaari Kallan,-0.3,,
2023-01-30,Kokkola Tankar,-0.4,,
2023-01-30,Kruunupyy Kokkola-Pietarsaari lentoasema,-0.3,,
2023-01-30,Kaustinen Tastula,,3.7,11.0
2023-01-30,Kalajoki Ulkokalla,-0.6,,
2023-01-30,Kokkola Santahaka,-0.5,1.8,18.0
2023-01-30,Toholampi Oravala,,3.1,27.0
2023-01-30,Kalajoki Pitkäsenkylä,,3.2,18.0
2023-01-30,Kalajoki Mehtäkylä,,1.8,18.0
2023-01-30,Toholampi Laitala,-0.3,0.8,7.0
2023-01-30,Ylivieska lentokenttä,-0.5,2.7,38.0
2023-01-30,Ylivieska Vähäkangas,,3.2,24.0
2023-01-30,Haapavesi Mustikkamäki,-0.5,2.4,15.0
2023-01-30,Pyhäjärvi Ojakylä,-0.3,11.0,36.0
2023-01-30,Pyhäjärvi Hiidenniemi,,13.1,31.0
2023-01-30,Kiuruvesi Korpijoki,,14.1,33.0
2023-01-30,Siikalatva Kestilä,,2.5,30.0
2023-01-30,Kajaani lentoasema,-0.4,,
2023-01-30,Vieremä Kaarakkala,-0.8,9.1,53.0
2023-01-30,Kajaani Paltaniemi,,10.2,30.0
2023-01-30,Nurmes Valtimo,-0.6,8.6,35.0
2023-01-30,Ristijärvi Mustavaara,,11.5,74.0
2023-01-30,Sotkamo Kuolaniemi,-0.9,12.2,41.0
2023-01-30,Nurmes Mujejärvi,,11.0,61.0
2023-01-30,Kuhmo Apaja,,12.4,48.0
2023-01-30,Kuhmo Kalliojoki,-1.5,11.5,45.0
2023-01-30,Raahe Nahkiainen,-0.7,,
2023-01-30,Hailuoto Keskikylä,-1.4,2.2,28.0
2023-01-30,Kemi I majakka,-2.2,,
2023-01-30,Hailuoto Marjaniemi,-1.4,,
2023-01-30,Raahe Lapaluoto satama,-0.6,,
2023-01-30,Oulu lentoasema,-0.8,,
2023-01-30,Siikajoki Ruukki,-0.9,1.8,21.0
2023-01-30,Oulu Vihreäsaari satama,-0.7,,
2023-01-30,Oulu Oulunsalo Pellonpää,-0.8,3.6,42.0
2023-01-30,Vaala Pelso,-0.4,1.1,10.0
2023-01-30,Pudasjärvi lentokenttä,-1.6,1.8,57.0
2023-01-30,Utajärvi Särkijärvi,,4.8,41.0
2023-01-30,Pudasjärvi Jaurakkajärvi,,2.3,54.0
2023-01-30,Suomussalmi Näljänkä,,6.6,66.0
2023-01-30,Suomussalmi Pesiö,-1.8,11.2,72.0
2023-01-30,Puolanka Kotila,,10.9,78.0
2023-01-30,Puolanka Paljakka,-2.1,13.0,85.0
2023-01-30,Kemi Kemi-Tornio lentoasema,-2.7,,
2023-01-30,Kemi Ajos,-2.5,,
2023-01-30,Tornio Kaakkuri,-3.0,2.7,
2023-01-30,Ranua lentokenttä,-3.4,2.1,69.0
2023-01-30,Pudasjärvi Sarakylä,,2.6,51.0
2023-01-30,Posio Raistakka,,5.3,61.0
2023-01-30,Taivalkoski Inkee,,3.5,55.0
2023-01-30,Taivalkoski kirkonkylä,-2.1,2.7,56.0
2023-01-30,Kuusamo lentoasema,-3.1,6.2,48.0
2023-01-30,Kuusamo Kiutaköngäs,-3.2,4.1,52.0
2023-01-30,Kuusamo Rukatunturi,-4.9,,
2023-01-30,Kuusamo Teeriranta,,8.6,63.0
2023-01-30,Kuusamo Juuma,-4.0,,
2023-01-30,Ylitornio Meltosjärvi,-4.4,0.3,66.0
2023-01-30,Kolari Kattilamaa,,0.8,63.0
2023-01-30,Pello kirkonkylä,-5.1,1.4,52.0
2023-01-30,Rovaniemi rautatieasema,-3.6,,
2023-01-30,Sodankylä Tähtelä,-5.4,0.6,64.0
2023-01-30,Rovaniemi Apukka,-3.9,0.5,57.0
2023-01-30,Pelkosenniemi kirkonkylä,,3.9,53.0
2023-01-30,Kemijärvi lentokenttä,-4.5,3.9,58.0
2023-01-30,Savukoski kirkonkylä,-4.8,2.0,55.0
2023-01-30,Salla Kelloselkä,,5.2,43.0
2023-01-30,Pelkosenniemi Pyhätunturi,-6.6,,
2023-01-30,Salla kirkonkylä,-4.3,3.9,41.0
2023-01-30,Salla Naruska,-4.6,4.1,56.0
2023-01-30,Enontekiö Kaaresuvanto,,-1.0,70.0
2023-01-30,Enontekiö lentoasema,-11.7,,
2023-01-30,Kittilä Pulju,,0.2,57.0
2023-01-30,Muonio Laukukero,-8.2,,
2023-01-30,Muonio Sammaltunturi,-9.8,,
2023-01-30,Kittilä Matorova,-9.8,,
2023-01-30,Kittilä lentoasema,-8.2,,
2023-01-30,Kittilä Kenttärova,-9.7,-1.0,72.0
2023-01-30,Kittilä Pakatti,-7.8,0.2,65.0
2023-01-30,Kittilä Pokka,-10.0,-1.0,68.0
2023-01-30,Sodankylä Lokka,-6.9,-1.0,58.0
2023-01-30,Sodankylä Vuotso,-6.9,-1.0,61.0
2023-01-30,Inari Saariselkä matkailukeskus,-8.4,0.1,56.0
2023-01-30,Inari Saariselkä Kaunispää,-9.4,,
2023-01-30,Inari Raja-Jooseppi Kontiojärvi,,0.5,38.0
2023-01-30,Inari Raja-Jooseppi,-8.5,,
2023-01-30,Salla Värriötunturi,-6.3,3.2,42.0
2023-01-30,Enontekiö Kilpisjärvi kyläkeskus,-24.7,0.2,59.0
2023-01-30,Enontekiö Kilpisjärvi Saana,-10.6,,
2023-01-30,Enontekiö Näkkälä,-14.1,-1.0,63.0
2023-01-30,Inari Angeli Lintupuoliselkä,-14.8,-1.0,47.0
2023-01-30,Inari Ivalo lentoasema,-9.3,,
2023-01-30,Utsjoki Kevo,-16.3,0.1,46.0
2023-01-30,Utsjoki Nuorgam,-13.8,0.2,50.0
2023-01-30,Inari Väylä,-16.9,,
2023-01-30,Inari kirkonkylä,,-1.0,48.0
2023-01-30,Inari Kaamanen,-16.8,-1.0,55.0
2023-01-30,Inari Nellim,-10.4,-1.0,35.0
2023-01-30,Inari Kirakkajärvi,-15.6,-1.0,45.0
2023-01-30,Mäntsälä Hirvihaara,1.0,2.7,20.0
2023-01-30,Lahti Sopenkorpi,0.9,3.0,19.0
2023-01-30,Siuntio Sjundby,,0.3,3.0
2023-01-30,Sipoo Itätoukki,2.2,,
2023-01-30,Rauma Pyynpää,1.9,3.7,-1.0
2023-01-30,Muonio Oustajärvi,-10.2,-1.0,65.0
2023-01-30,Pyhtää lentokenttä,1.4,0.9,17.0
2023-01-30,Sotkamo Tuhkakylä,-1.0,14.8,57.0
2023-01-30,Tervola Loue,-3.2,,
2023-01-30,Savukoski Tulppio,-5.4,0.1,45.0
2023-01-30,Mikkeli Pitkäaho,,5.2,32.0
2023-01-30,Kajaani Petäisenniska,-0.5,10.8,38.0
2023-01-30,Utsjoki Kevo Kevojärvi,-16.6,,
2023-01-30,Inari Seitalaassa,-12.8,,
2023-01-30,Ilmajoki Seinäjoki lentoasema,0.3,,
2023-01-30,Rovaniemi lentoasema AWOS,-4.5,1.0,55.0
2023-01-30,Jyväskylä lentoasema AWOS,0.3,2.3,34.0
2023-01-30,Puumala kirkonkylä,0.4,2.1,37.0
2023-01-30,Helsinki Vuosaari satama,2.3,,
2023-01-30,Maarianhamina Länsisatama,3.1,,
2023-01-30,Lumparland Långnäs satama,3.0,1.3,-1.0
2023-01-30,Kittilä Lompolonvuoma,-9.4,-1.0,
2023-01-30,Kuusamo Ruka Talvijärvi,-3.6,,
2023-01-30,Espoo Nuuksio,1.0,0.9,22.0
2023-01-30,Mikkeli Lentoasema AWOS,0.6,4.9,38.0
2023-01-30,Espoo Tapiola,2.4,0.8,10.0
2023-01-31,Porvoo Kilpilahti satama,0.4,,
2023-01-31,Jomala Maarianhamina lentoasema,0.9,,
2023-01-31,Parainen Utö,2.0,-1.0,-1.0
2023-01-31,Lemland Nyhamn,2.1,,
2023-01-31,Jomala Jomalaby,0.5,-1.0,-1.0
2023-01-31,Hammarland Märket,1.6,,
2023-01-31,Kökar Bogskär,2.1,,
2023-01-31,Parainen Fagerholm,1.4,-1.0,
2023-01-31,Kumlinge kirkonkylä,1.2,,
2023-01-31,Hanko Russarö,1.3,-1.0,
2023-01-31,Kaarina Yltöinen,0.6,-1.0,-1.0
2023-01-31,Kemiönsaari Vänö,1.6,,
2023-01-31,Hanko Tulliniemi,1.5,,
2023-01-31,Turku Rajakari,1.3,,
2023-01-31,Turku Artukainen,0.8,-1.0,-1.0
2023-01-31,Kemiönsaari Kemiö,0.4,-1.0,-1.0
2023-01-31,Hanko Tvärminne,0.7,-1.0,-1.0
2023-01-31,Salo Kärkkä,0.5,-1.0,
2023-01-31,Lohja Leppäkorpi,,0.0,1.0
2023-01-31,Raasepori Jussarö,0.9,,
2023-01-31,Salo Kiikala lentokenttä,-0.5,0.1,-1.0
2023-01-31,Vantaa Helsinki-Vantaan lentoasema,-0.3,0.1,2.0
2023-01-31,Inkoo Bågaskär,0.7,,
2023-01-31,Helsinki Kaisaniemi,0.7,-1.0,-1.0
2023-01-31,Lohja Porla,0.3,-1.0,17.0
2023-01-31,Vihti Maasoja,-0.1,,
2023-01-31,Helsinki Harmaja,0.8,,
2023-01-31,Kirkkonummi Mäkiluoto,1.1,,
2023-01-31,Helsinki Helsingin majakka,1.1,,
2023-01-31,Helsinki Kumpula,0.4,-1.0,8.0
2023-01-31,Helsinki Malmi lentokenttä,0.4,,
2023-01-31,Porvoo Kalbådagrund,1.0,,
2023-01-31,Porvoo Emäsalo,0.4,,
2023-01-31,Porvoo Harabacka,0.1,0.2,-1.0
2023-01-31,Kotka Rankki,-0.3,0.4,20.0
2023-01-31,Loviisa Orrengrund,0.5,,
2023-01-31,Kotka Haapasaari,-0.1,,
2023-01-31,Pori lentoasema,-0.7,,
2023-01-31,Uusikaupunki Itätulli,,-1.0,1.0
2023-01-31,Kustavi Isokari,1.6,-1.0,
2023-01-31,Rauma Kylmäpihlaja,1.3,,
2023-01-31,Pori rautatieasema,-0.3,0.1,-1.0
2023-01-31,Turku lentoasema,0.1,,
2023-01-31,Kokemäki Rausenkulma,,0.5,1.0
2023-01-31,Huittinen Sallila,,0.2,1.0
2023-01-31,Oripää Teinikivi,,-1.0,5.0
2023-01-31,Pöytyä Yläne,,0.5,2.0
2023-01-31,Kokemäki Tulkkila,-0.6,0.2,-1.0
2023-01-31,Jokioinen Ilmala,-1.0,1.0,-1.0
2023-01-31,Nokia Tottijärvi,,0.0,1.0
2023-01-31,Pirkkala Tampere-Pirkkala lentoasema,-3.0,,
2023-01-31,Tampere Härmälä,-3.0,-1.0,14.0
2023-01-31,Somero Salkola,-1.3,0.1,18.0
2023-01-31,Hyvinkää Hyvinkäänkylä,-0.9,0.3,18.0
2023-01-31,Vihti Hiiskula,,0.2,19.0
2023-01-31,Hämeenlinna Pirttikoski,,0.8,9.0
2023-01-31,Nurmijärvi Röykkä,-1.0,0.4,18.0
2023-01-31,Hämeenlinna Katinen,-1.4,0.5,
2023-01-31,Hattula Lepaa,-2.0,1.4,8.0
2023-01-31,Hämeenlinna Lammi Pappila,-3.0,-1.0,17.0
2023-01-31,Asikkala Pulkkilanharju,-2.4,,
2023-01-31,Kouvola Utti lentoasema,-2.5,0.0,23.0
2023-01-31,Kouvola Anjala,-1.9,-1.0,25.0
2023-01-31,Heinola Asemantaus,-2.5,-1.0,17.0
2023-01-31,Kouvola Voikoski,,-1.0,26.0
2023-01-31,Virolahti Koivuniemi,-1.6,0.1,23.0
2023-01-31,Lappeenranta lentoasema,-2.3,,
2023-01-31,Lappeenranta Konnunsuo,-1.6,,
2023-01-31,Lappeenranta Lepola,-2.0,-1.0,24.0
2023-01-31,Ruokolahti Kotaniemi,,0.3,50.0
2023-01-31,Lappeenranta Hiekkapakka,-1.9,,
2023-01-31,Parikkala Koitsanlahti,-1.9,0.3,29.0
2023-01-31,Kaskinen Sälgrund,-1.6,-1.0,
2023-01-31,Merikarvia Tuorila,,-1.0,29.0
2023-01-31,Isojoki Kärjenkoski,,-1.0,2.0
2023-01-31,Teuva Kauppilankylä,,-1.0,2.0
2023-01-31,Pori Tahkoluoto satama,0.5,,
2023-01-31,Kristiinankaupunki Majakka,-0.2,,
2023-01-31,Karvia Alkkia,-5.8,0.2,25.0
2023-01-31,Kurikka Hirvijärvi,,-1.0,1.0
2023-01-31,Kauhajoki Kuja-Kokko,-5.6,-1.0,6.0
2023-01-31,Kankaanpää Niinisalo lentokenttä,-5.4,-1.0,30.0
2023-01-31,Alavus Sulkavankylä,,0.0,6.0
2023-01-31,Virrat Äijänneva,-4.1,,
2023-01-31,Tampere Siilinkari,-2.6,,
2023-01-31,Jämsä Halli lentoasema,-3.7,-1.0,17.0
2023-01-31,Juupajoki Hyytiälä,-4.0,-1.0,22.0
2023-01-31,Sysmä Joutsjärvi,,0.0,24.0
2023-01-31,Jyväskylä Muuratjärvi,,-1.0,28.0
2023-01-31,Luhanka Judinsalo,-2.9,,
2023-01-31,Multia Pirttiperä,,-1.0,32.0
2023-01-31,Joutsa Savenaho,-3.4,-1.0,37.0
2023-01-31,Kangasniemi kirkonkylä,,0.3,45.0
2023-01-31,Joutsa Pärnämäki,,0.1,40.0
2023-01-31,Juva Partala,-2.7,,
2023-01-31,Varkaus Kosulanniemi,-2.6,0.2,34.0
2023-01-31,Savonlinna Laukansaari,,0.5,33.0
2023-01-31,Sulkava Halttula,,0.7,57.0
2023-01-31,Savonlinna lentoasema,-2.6,,
2023-01-31,Rantasalmi Rukkasluoto,-2.6,,
2023-01-31,Savonlinna Punkaharju Laukansaari,-2.2,0.1,43.0
2023-01-31,Enonkoski Simanala,,0.5,42.0
2023-01-31,Savonlinna Savonranta,,0.4,43.0
2023-01-31,Rääkkylä kirkonkylä,,0.8,47.0
2023-01-31,Tohmajärvi Kemie,-2.6,0.8,47.0
2023-01-31,Joensuu Huhtilampi,,0.8,66.0
2023-01-31,Vaasa lentoasema,-4.8,,
2023-01-31,Mustasaari Valassaaret,-2.1,,
2023-01-31,Närpiö Ylimarkku,,-1.0,2.0
2023-01-31,Mustasaari Riimala,,-1.0,5.0
2023-01-31,Kurikka Pyörni,,-1.0,8.0
2023-01-31,Maalahti Strömmingsbådan,-0.3,,
2023-01-31,Vaasa Klemettilä,-4.7,-1.0,18.0
2023-01-31,Seinäjoki Pelmaa,-4.4,-1.0,7.0
2023-01-31,Kauhava lentokenttä,-3.7,-1.0,14.0
2023-01-31,Ähtäri Inha,-3.9,-1.0,27.0
2023-01-31,Halsua Purola,-4.5,0.5,26.0
2023-01-31,Alajärvi Möksy,-4.3,0.1,36.0
2023-01-31,Multia Karhila,-4.3,-1.0,42.0
2023-01-31,Viitasaari Haapaniemi,-4.0,0.9,37.0
2023-01-31,Äänekoski Kalaniemi,,0.2,37.0
2023-01-31,Vesanto kirkonkylä,-4.0,-1.0,46.0
2023-01-31,Pielavesi Venetmäki,,-1.0,68.0
2023-01-31,Siilinjärvi Kuopio lentoasema,-3.3,,
2023-01-31,Kuopio Maaninka,-3.6,-1.0,45.0
2023-01-31,Lapinlahti Lamminkäyrä,,0.5,46.0
2023-01-31,Suonenjoki Iisvesi,,-1.0,32.0
2023-01-31,Kuopio Karttula,,0.1,46.0
2023-01-31,Kuopio Ritoniemi,-3.1,,
2023-01-31,Kuopio Savilahti,-3.1,0.1,36.0
2023-01-31,Heinävesi Palokki,,0.3,51.0
2023-01-31,Outokumpu Viuruniemi,,0.5,57.0
2023-01-31,Rautavaara Ala-Luosta,,0.4,46.0
2023-01-31,Rautavaara Ylä-Luosta,-3.8,2.1,65.0
2023-01-31,Liperi Joensuu lentoasema,-3.0,,
2023-01-31,Juuka Niemelä,-3.1,0.4,57.0
2023-01-31,Joensuu Pyhäselkä,,0.6,45.0
2023-01-31,Lieksa Koli,,2.3,56.0
2023-01-31,Liperi Tuiskavanluoto,-2.9,,
2023-01-31,Joensuu Linnunlahti,-2.8,0.4,38.0
2023-01-31,Lieksa Lampela,-2.8,0.6,34.0
2023-01-31,Ilomantsi Pötsönvaara,-3.8,1.6,65.0
2023-01-31,Ilomantsi Mekrijärvi,-3.1,0.6,
2023-01-31,Pietarsaari Kallan,-1.5,,
2023-01-31,Kokkola Tankar,-1.6,,
2023-01-31,Kruunupyy Kokkola-Pietarsaari lentoasema,-3.6,,
2023-01-31,Kaustinen Tastula,,-1.0,11.0
2023-01-31,Kalajoki Ulkokalla,-1.9,,
2023-01-31,Kokkola Santahaka,-3.3,-1.0,18.0
2023-01-31,Toholampi Oravala,,-1.0,29.0
2023-01-31,Kalajoki Pitkäsenkylä,,-1.0,19.0
2023-01-31,Kalajoki Mehtäkylä,,-1.0,20.0
2023-01-31,Toholampi Laitala,-4.3,-1.0,5.0
2023-01-31,Ylivieska lentokenttä,-4.5,-1.0,38.0
2023-01-31,Ylivieska Vähäkangas,,0.1,22.0
2023-01-31,Haapavesi Mustikkamäki,-5.0,0.0,17.0
2023-01-31,Pyhäjärvi Ojakylä,-4.7,-1.0,45.0
2023-01-31,Pyhäjärvi Hiidenniemi,,0.0,45.0
2023-01-31,Kiuruvesi Korpijoki,,0.1,48.0
2023-01-31,Siikalatva Kestilä,,0.5,30.0
2023-01-31,Kajaani lentoasema,-4.0,,
2023-01-31,Vieremä Kaarakkala,-4.7,0.9,70.0
2023-01-31,Kajaani Paltaniemi,,0.0,40.0
2023-01-31,Nurmes Valtimo,-3.5,0.5,44.0
2023-01-31,Ristijärvi Mustavaara,,1.2,81.0
2023-01-31,Sotkamo Kuolaniemi,-3.9,0.4,54.0
2023-01-31,Nurmes Mujejärvi,,2.2,70.0
2023-01-31,Kuhmo Apaja,,2.2,62.0
2023-01-31,Kuhmo Kalliojoki,-4.1,1.2,58.0
2023-01-31,Raahe Nahkiainen,-2.7,,
2023-01-31,Hailuoto Keskikylä,-5.2,-1.0,31.0
2023-01-31,Kemi I majakka,-4.1,,
2023-01-31,Hailuoto Marjaniemi,-4.0,,
2023-01-31,Raahe Lapaluoto satama,-3.0,,
2023-01-31,Oulu lentoasema,-5.2,,
2023-01-31,Siikajoki Ruukki,-5.4,-1.0,22.0
2023-01-31,Oulu Vihreäsaari satama,-4.7,,
2023-01-31,Oulu Oulunsalo Pellonpää,-5.4,-1.0,44.0
2023-01-31,Vaala Pelso,-4.4,0.3,11.0
2023-01-31,Pudasjärvi lentokenttä,-4.9,0.1,60.0
2023-01-31,Utajärvi Särkijärvi,,0.8,46.0
2023-01-31,Pudasjärvi Jaurakkajärvi,,1.8,58.0
2023-01-31,Suomussalmi Näljänkä,,1.1,69.0
2023-01-31,Suomussalmi Pesiö,-4.7,1.2,79.0
2023-01-31,Puolanka Kotila,,1.1,88.0
2023-01-31,Puolanka Paljakka,-5.5,0.6,92.0
2023-01-31,Kemi Kemi-Tornio lentoasema,-5.8,,
2023-01-31,Kemi Ajos,-6.2,,
2023-01-31,Tornio Kaakkuri,-6.2,-1.0,
2023-01-31,Ranua lentokenttä,-6.1,-1.0,71.0
2023-01-31,Pudasjärvi Sarakylä,,0.2,57.0
2023-01-31,Posio Raistakka,,0.7,69.0
2023-01-31,Taivalkoski Inkee,,0.6,61.0
2023-01-31,Taivalkoski kirkonkylä,-4.9,0.4,58.0
2023-01-31,Kuusamo lentoasema,-5.1,0.8,51.0
2023-01-31,Kuusamo Kiutaköngäs,-4.9,1.2,53.0
2023-01-31,Kuusamo Rukatunturi,-6.8,,
2023-01-31,Kuusamo Teeriranta,,1.6,71.0
2023-01-31,Kuusamo Juuma,-5.7,,
2023-01-31,Ylitornio Meltosjärvi,-7.4,0.1,65.0
2023-01-31,Kolari Kattilamaa,,0.3,64.0
2023-01-31,Pello kirkonkylä,-8.4,0.1,55.0
2023-01-31,Rovaniemi rautatieasema,-5.9,,
2023-01-31,Sodankylä Tähtelä,-5.8,1.2,64.0
2023-01-31,Rovaniemi Apukka,-6.0,0.1,57.0
2023-01-31,Pelkosenniemi kirkonkylä,,1.4,55.0
2023-01-31,Kemijärvi lentokenttä,-5.7,0.2,61.0
2023-01-31,Savukoski kirkonkylä,-5.7,2.1,57.0
2023-01-31,Salla Kelloselkä,,1.5,48.0
2023-01-31,Pelkosenniemi Pyhätunturi,-7.5,,
2023-01-31,Salla kirkonkylä,-5.7,1.5,46.0
2023-01-31,Salla Naruska,-6.0,0.9,61.0
2023-01-31,Enontekiö Kaaresuvanto,,0.8,70.0
2023-01-31,Enontekiö lentoasema,-9.2,,
2023-01-31,Kittilä Pulju,,0.9,57.0
2023-01-31,Muonio Laukukero,-7.8,,
2023-01-31,Muonio Sammaltunturi,-7.1,,
2023-01-31,Kittilä Matorova,-5.6,,
2023-01-31,Kittilä lentoasema,-6.1,,
2023-01-31,Kittilä Kenttärova,-6.1,0.9,71.0
2023-01-31,Kittilä Pakatti,-5.9,1.2,66.0
2023-01-31,Kittilä Pokka,-7.3,0.5,66.0
2023-01-31,Sodankylä Lokka,-6.7,3.3,57.0
2023-01-31,Sodankylä Vuotso,-6.8,0.2,61.0
2023-01-31,Inari Saariselkä matkailukeskus,-6.0,0.9,55.0
2023-01-31,Inari Saariselkä Kaunispää,-6.7,,
2023-01-31,Inari Raja-Jooseppi Kontiojärvi,,1.8,38.0
2023-01-31,Inari Raja-Jooseppi,-6.4,,
2023-01-31,Salla Värriötunturi,-6.4,1.7,44.0
2023-01-31,Enontekiö Kilpisjärvi kyläkeskus,-12.1,0.2,58.0
2023-01-31,Enontekiö Kilpisjärvi Saana,-9.1,,
2023-01-31,Enontekiö Näkkälä,-9.8,1.3,62.0
2023-01-31,Inari Angeli Lintupuoliselkä,-6.9,0.6,46.0
2023-01-31,Inari Ivalo lentoasema,-6.4,,
2023-01-31,Utsjoki Kevo,-19.4,0.5,46.0
2023-01-31,Utsjoki Nuorgam,-14.3,2.1,49.0
2023-01-31,Inari Väylä,-8.5,,
2023-01-31,Inari kirkonkylä,,0.4,48.0
2023-01-31,Inari Kaamanen,-10.1,0.6,55.0
2023-01-31,Inari Nellim,-7.2,2.1,35.0
2023-01-31,Inari Kirakkajärvi,-9.7,8.2,45.0
2023-01-31,Mäntsälä Hirvihaara,-1.1,0.5,19.0
2023-01-31,Lahti Sopenkorpi,-2.8,0.2,18.0
2023-01-31,Siuntio Sjundby,,-1.0,2.0
2023-01-31,Sipoo Itätoukki,1.0,,
2023-01-31,Rauma Pyynpää,0.7,-1.0,2.0
2023-01-31,Muonio Oustajärvi,-9.8,0.5,65.0
2023-01-31,Pyhtää lentokenttä,-0.7,0.7,16.0
2023-01-31,Sotkamo Tuhkakylä,-4.4,1.2,76.0
2023-01-31,Tervola Loue,-6.7,,
2023-01-31,Savukoski Tulppio,-5.9,1.6,45.0
2023-01-31,Mikkeli Pitkäaho,,0.5,35.0
2023-01-31,Kajaani Petäisenniska,-4.1,0.5,51.0
2023-01-31,Utsjoki Kevo Kevojärvi,-20.4,,
2023-01-31,Inari Seitalaassa,-7.8,,
2023-01-31,Ilmajoki Seinäjoki lentoasema,-4.8,,
2023-01-31,Rovaniemi lentoasema AWOS,-6.6,-1.0,55.0
2023-01-31,Jyväskylä lentoasema AWOS,-3.3,-1.0,32.0
2023-01-31,Puumala kirkonkylä,-2.2,0.3,35.0
2023-01-31,Helsinki Vuosaari satama,0.8,,
2023-01-31,Maarianhamina Länsisatama,1.5,,
2023-01-31,Lumparland Långnäs satama,1.0,-1.0,-1.0
2023-01-31,Kittilä Lompolonvuoma,-6.7,0.2,
2023-01-31,Kuusamo Ruka Talvijärvi,-5.6,,
2023-01-31,Espoo Nuuksio,-0.8,-1.0,21.0
2023-01-31,Mikkeli Lentoasema AWOS,-2.5,0.2,38.0
2023-01-31,Espoo Tapiola,0.6,-1.0,10.0
2023-02-01,Porvoo Kilpilahti satama,0.1,,
2023-02-01,Jomala Maarianhamina lentoasema,-3.4,,
2023-02-01,Parainen Utö,0.5,0.1,-1.0
2023-02-01,Lemland Nyhamn,0.3,,
2023-02-01,Jomala Jomalaby,-3.8,-1.0,-1.0
2023-02-01,Hammarland Märket,-0.2,,
2023-02-01,Kökar Bogskär,1.1,,
2023-02-01,Parainen Fagerholm,-1.2,-1.0,
2023-02-01,Kumlinge kirkonkylä,-1.3,,
2023-02-01,Hanko Russarö,0.3,-1.0,
2023-02-01,Kaarina Yltöinen,-3.1,-1.0,-1.0
2023-02-01,Kemiönsaari Vänö,-0.4,,
2023-02-01,Hanko Tulliniemi,0.9,,
2023-02-01,Turku Rajakari,-1.4,,
2023-02-01,Turku Artukainen,-2.6,-1.0,-1.0
2023-02-01,Kemiönsaari Kemiö,-2.6,-1.0,-1.0
2023-02-01,Hanko Tvärminne,0.1,-1.0,-1.0
2023-02-01,Salo Kärkkä,-2.9,-1.0,
2023-02-01,Lohja Leppäkorpi,,-1.0,1.0
2023-02-01,Raasepori Jussarö,0.5,,
2023-02-01,Salo Kiikala lentokenttä,-2.9,-1.0,-1.0
2023-02-01,Vantaa Helsinki-Vantaan lentoasema,-0.6,-1.0,6.0
2023-02-01,Inkoo Bågaskär,0.5,,
2023-02-01,Helsinki Kaisaniemi,0.7,-1.0,-1.0
2023-02-01,Lohja Porla,-1.5,-1.0,17.0
2023-02-01,Vihti Maasoja,-1.5,,
2023-02-01,Helsinki Harmaja,0.8,,
2023-02-01,Kirkkonummi Mäkiluoto,0.6,,
2023-02-01,Helsinki Helsingin majakka,0.6,,
2023-02-01,Helsinki Kumpula,0.3,-1.0,8.0
2023-02-01,Helsinki Malmi lentokenttä,-0.4,,
2023-02-01,Porvoo Kalbådagrund,0.5,,
2023-02-01,Porvoo Emäsalo,0.2,,
2023-02-01,Porvoo Harabacka,-0.1,-1.0,-1.0
2023-02-01,Kotka Rankki,-0.3,0.4,20.0
2023-02-01,Loviisa Orrengrund,0.3,,
2023-02-01,Kotka Haapasaari,-0.1,,
2023-02-01,Pori lentoasema,-3.8,,
2023-02-01,Uusikaupunki Itätulli,,-1.0,1.0
2023-02-01,Kustavi Isokari,-0.7,0.3,
2023-02-01,Rauma Kylmäpihlaja,-1.2,,
2023-02-01,Pori rautatieasema,-3.0,-1.0,-1.0
2023-02-01,Turku lentoasema,-3.4,,
2023-02-01,Kokemäki Rausenkulma,,-1.0,1.0
2023-02-01,Huittinen Sallila,,0.0,1.0
2023-02-01,Oripää Teinikivi,,-1.0,5.0
2023-02-01,Pöytyä Yläne,,-1.0,2.0
2023-02-01,Kokemäki Tulkkila,-3.5,-1.0,-1.0
2023-02-01,Jokioinen Ilmala,-2.8,-1.0,2.0
2023-02-01,Nokia Tottijärvi,,-1.0,1.0
2023-02-01,Pirkkala Tampere-Pirkkala lentoasema,-2.3,,
2023-02-01,Tampere Härmälä,-2.2,0.3,15.0
2023-02-01,Somero Salkola,-2.5,-1.0,18.0
2023-02-01,Hyvinkää Hyvinkäänkylä,-1.3,-1.0,19.0
2023-02-01,Vihti Hiiskula,,0.0,19.0
2023-02-01,Hämeenlinna Pirttikoski,,-1.0,8.0
2023-02-01,Nurmijärvi Röykkä,-1.6,-1.0,18.0
2023-02-01,Hämeenlinna Katinen,-1.7,-1.0,
2023-02-01,Hattula Lepaa,-2.1,-1.0,9.0
2023-02-01,Hämeenlinna Lammi Pappila,-3.0,-1.0,17.0
2023-02-01,Asikkala Pulkkilanharju,-2.6,,
2023-02-01,Kouvola Utti lentoasema,-3.3,0.6,22.0
2023-02-01,Kouvola Anjala,-2.3,-1.0,25.0
2023-02-01,Heinola Asemantaus,-2.9,-1.0,17.0
2023-02-01,Kouvola Voikoski,,0.6,26.0
2023-02-01,Virolahti Koivuniemi,-1.8,1.2,23.0
2023-02-01,Lappeenranta lentoasema,-3.9,,
2023-02-01,Lappeenranta Konnunsuo,-3.7,,
2023-02-01,Lappeenranta Lepola,-3.7,-1.0,24.0
2023-02-01,Ruokolahti Kotaniemi,,1.0,50.0
2023-02-01,Lappeenranta Hiekkapakka,-3.4,,
2023-02-01,Parikkala Koitsanlahti,-4.0,0.3,29.0
2023-02-01,Kaskinen Sälgrund,-2.3,-1.0,
2023-02-01,Merikarvia Tuorila,,2.6,29.0
2023-02-01,Isojoki Kärjenkoski,,-1.0,2.0
2023-02-01,Teuva Kauppilankylä,,-1.0,2.0
2023-02-01,Pori Tahkoluoto satama,-1.0,,
2023-02-01,Kristiinankaupunki Majakka,-0.2,,
2023-02-01,Karvia Alkkia,-4.4,0.1,24.0
2023-02-01,Kurikka Hirvijärvi,,-1.0,1.0
2023-02-01,Kauhajoki Kuja-Kokko,-4.4,-1.0,6.0
2023-02-01,Kankaanpää Niinisalo lentokenttä,-3.9,-1.0,30.0
2023-02-01,Alavus Sulkavankylä,,0.2,6.0
2023-02-01,Virrat Äijänneva,-4.0,,
2023-02-01,Tampere Siilinkari,-1.8,,
2023-02-01,Jämsä Halli lentoasema,-3.9,-1.0,16.0
2023-02-01,Juupajoki Hyytiälä,-3.9,-1.0,21.0
2023-02-01,Sysmä Joutsjärvi,,0.4,24.0
2023-02-01,Jyväskylä Muuratjärvi,,0.0,27.0
2023-02-01,Luhanka Judinsalo,-3.2,,
2023-02-01,Multia Pirttiperä,,1.0,32.0
2023-02-01,Joutsa Savenaho,-4.5,0.1,37.0
2023-02-01,Kangasniemi kirkonkylä,,0.2,44.0
2023-02-01,Joutsa Pärnämäki,,0.0,40.0
2023-02-01,Juva Partala,-4.4,,
2023-02-01,Varkaus Kosulanniemi,-4.4,-1.0,34.0
2023-02-01,Savonlinna Laukansaari,,0.3,33.0
2023-02-01,Sulkava Halttula,,-1.0,55.0
2023-02-01,Savonlinna lentoasema,-4.6,,
2023-02-01,Rantasalmi Rukkasluoto,-4.5,,
2023-02-01,Savonlinna Punkaharju Laukansaari,-4.2,0.1,41.0
2023-02-01,Enonkoski Simanala,,-1.0,43.0
2023-02-01,Savonlinna Savonranta,,0.2,43.0
2023-02-01,Rääkkylä kirkonkylä,,0.5,47.0
2023-02-01,Tohmajärvi Kemie,-4.7,0.7,47.0
2023-02-01,Joensuu Huhtilampi,,0.6,66.0
2023-02-01,Vaasa lentoasema,-4.4,,
2023-02-01,Mustasaari Valassaaret,-4.5,,
2023-02-01,Närpiö Ylimarkku,,0.0,2.0
2023-02-01,Mustasaari Riimala,,0.1,5.0
2023-02-01,Kurikka Pyörni,,-1.0,8.0
2023-02-01,Maalahti Strömmingsbådan,-2.1,,
2023-02-01,Vaasa Klemettilä,-4.2,-1.0,18.0
2023-02-01,Seinäjoki Pelmaa,-5.1,-1.0,7.0
2023-02-01,Kauhava lentokenttä,-5.7,-1.0,14.0
2023-02-01,Ähtäri Inha,-4.5,0.1,26.0
2023-02-01,Halsua Purola,-5.3,0.6,26.0
2023-02-01,Alajärvi Möksy,-5.6,0.2,36.0
2023-02-01,Multia Karhila,-5.2,0.8,41.0
2023-02-01,Viitasaari Haapaniemi,-5.6,-1.0,35.0
2023-02-01,Äänekoski Kalaniemi,,0.6,36.0
2023-02-01,Vesanto kirkonkylä,-6.0,0.3,46.0
2023-02-01,Pielavesi Venetmäki,,0.4,67.0
2023-02-01,Siilinjärvi Kuopio lentoasema,-5.9,,
2023-02-01,Kuopio Maaninka,-5.8,0.3,44.0
2023-02-01,Lapinlahti Lamminkäyrä,,-1.0,46.0
2023-02-01,Suonenjoki Iisvesi,,0.8,32.0
2023-02-01,Kuopio Karttula,,0.2,45.0
2023-02-01,Kuopio Ritoniemi,-5.8,,
2023-02-01,Kuopio Savilahti,-5.5,0.7,37.0
2023-02-01,Heinävesi Palokki,,0.3,51.0
2023-02-01,Outokumpu Viuruniemi,,0.1,57.0
2023-02-01,Rautavaara Ala-Luosta,,0.5,46.0
2023-02-01,Rautavaara Ylä-Luosta,-6.4,0.4,64.0
2023-02-01,Liperi Joensuu lentoasema,-5.3,,
2023-02-01,Juuka Niemelä,-6.1,0.1,55.0
2023-02-01,Joensuu Pyhäselkä,,0.1,46.0
2023-02-01,Lieksa Koli,,0.3,57.0
2023-02-01,Liperi Tuiskavanluoto,-5.2,,
2023-02-01,Joensuu Linnunlahti,-5.2,0.2,40.0
2023-02-01,Lieksa Lampela,-5.8,-1.0,34.0
2023-02-01,Ilomantsi Pötsönvaara,-6.1,0.1,68.0
2023-02-01,Ilomantsi Mekrijärvi,-5.2,0.1,51.0
2023-02-01,Pietarsaari Kallan,-2.7,,
2023-02-01,Kokkola Tankar,-4.0,,
2023-02-01,Kruunupyy Kokkola-Pietarsaari lentoasema,-5.5,,
2023-02-01,Kaustinen Tastula,,0.3,11.0
2023-02-01,Kalajoki Ulkokalla,-1.9,,
2023-02-01,Kokkola Santahaka,-5.8,0.2,18.0
2023-02-01,Toholampi Oravala,,-1.0,29.0
2023-02-01,Kalajoki Pitkäsenkylä,,1.5,18.0
2023-02-01,Kalajoki Mehtäkylä,,2.0,20.0
2023-02-01,Toholampi Laitala,-6.1,0.4,5.0
2023-02-01,Ylivieska lentokenttä,-5.4,0.8,37.0
2023-02-01,Ylivieska Vähäkangas,,0.6,22.0
2023-02-01,Haapavesi Mustikkamäki,-5.2,1.0,17.0
2023-02-01,Pyhäjärvi Ojakylä,-5.2,0.5,43.0
2023-02-01,Pyhäjärvi Hiidenniemi,,-1.0,44.0
2023-02-01,Kiuruvesi Korpijoki,,-1.0,47.0
2023-02-01,Siikalatva Kestilä,,1.8,30.0
2023-02-01,Kajaani lentoasema,-5.1,,
2023-02-01,Vieremä Kaarakkala,-6.0,0.3,69.0
2023-02-01,Kajaani Paltaniemi,,0.9,40.0
2023-02-01,Nurmes Valtimo,-5.8,0.4,43.0
2023-02-01,Ristijärvi Mustavaara,,1.0,80.0
2023-02-01,Sotkamo Kuolaniemi,-5.5,0.3,52.0
2023-02-01,Nurmes Mujejärvi,,-1.0,71.0
2023-02-01,Kuhmo Apaja,,0.7,63.0
2023-02-01,Kuhmo Kalliojoki,-6.0,-1.0,56.0
2023-02-01,Raahe Nahkiainen,-2.3,,
2023-02-01,Hailuoto Keskikylä,-6.9,1.1,31.0
2023-02-01,Kemi I majakka,-4.5,,
2023-02-01,Hailuoto Marjaniemi,-4.6,,
2023-02-01,Raahe Lapaluoto satama,-4.6,,
2023-02-01,Oulu lentoasema,-6.0,,
2023-02-01,Siikajoki Ruukki,-6.1,0.9,21.0
2023-02-01,Oulu Vihreäsaari satama,-5.8,,
2023-02-01,Oulu Oulunsalo Pellonpää,-6.4,1.9,43.0
2023-02-01,Vaala Pelso,-5.2,0.9,12.0
2023-02-01,Pudasjärvi lentokenttä,-6.0,0.7,59.0
2023-02-01,Utajärvi Särkijärvi,,1.2,45.0
2023-02-01,Pudasjärvi Jaurakkajärvi,,1.2,60.0
2023-02-01,Suomussalmi Näljänkä,,1.4,70.0
2023-02-01,Suomussalmi Pesiö,-5.6,0.2,81.0
2023-02-01,Puolanka Kotila,,0.4,86.0
2023-02-01,Puolanka Paljakka,-6.5,0.2,90.0
2023-02-01,Kemi Kemi-Tornio lentoasema,-9.4,,
2023-02-01,Kemi Ajos,-8.0,,
2023-02-01,Tornio Kaakkuri,-8.3,0.2,
2023-02-01,Ranua lentokenttä,-8.6,2.2,69.0
2023-02-01,Pudasjärvi Sarakylä,,2.2,57.0
2023-02-01,Posio Raistakka,,1.5,68.0
2023-02-01,Taivalkoski Inkee,,1.8,60.0
2023-02-01,Taivalkoski kirkonkylä,-6.2,2.1,58.0
2023-02-01,Kuusamo lentoasema,-7.3,0.8,55.0
2023-02-01,Kuusamo Kiutaköngäs,-7.3,1.7,57.0
2023-02-01,Kuusamo Rukatunturi,-8.5,,
2023-02-01,Kuusamo Teeriranta,,1.5,70.0
2023-02-01,Kuusamo Juuma,-8.1,,
2023-02-01,Ylitornio Meltosjärvi,-8.5,0.9,64.0
2023-02-01,Kolari Kattilamaa,,0.3,64.0
2023-02-01,Pello kirkonkylä,-7.5,0.6,54.0
2023-02-01,Rovaniemi rautatieasema,-7.9,,
2023-02-01,Sodankylä Tähtelä,-5.6,3.8,64.0
2023-02-01,Rovaniemi Apukka,-7.5,1.0,57.0
2023-02-01,Pelkosenniemi kirkonkylä,,1.5,55.0
2023-02-01,Kemijärvi lentokenttä,-7.6,3.9,60.0
2023-02-01,Savukoski kirkonkylä,-8.0,5.8,60.0
2023-02-01,Salla Kelloselkä,,2.7,49.0
2023-02-01,Pelkosenniemi Pyhätunturi,-7.0,,
2023-02-01,Salla kirkonkylä,-7.9,1.4,48.0
2023-02-01,Salla Naruska,-8.8,2.0,61.0
2023-02-01,Enontekiö Kaaresuvanto,,-1.0,70.0
2023-02-01,Enontekiö lentoasema,-5.6,,
2023-02-01,Kittilä Pulju,,0.3,58.0
2023-02-01,Muonio Laukukero,-7.4,,
2023-02-01,Muonio Sammaltunturi,-6.4,,
2023-02-01,Kittilä Matorova,-5.6,,
2023-02-01,Kittilä lentoasema,-4.7,,
2023-02-01,Kittilä Kenttärova,-5.8,0.3,71.0
2023-02-01,Kittilä Pakatti,-4.8,0.5,66.0
2023-02-01,Kittilä Pokka,-5.5,-1.0,68.0
2023-02-01,Sodankylä Lokka,-5.1,3.3,60.0
2023-02-01,Sodankylä Vuotso,-5.6,1.1,60.0
2023-02-01,Inari Saariselkä matkailukeskus,-4.6,3.3,56.0
2023-02-01,Inari Saariselkä Kaunispää,-5.3,,
2023-02-01,Inari Raja-Jooseppi Kontiojärvi,,3.0,38.0
2023-02-01,Inari Raja-Jooseppi,-4.5,,
2023-02-01,Salla Värriötunturi,-6.5,8.0,46.0
2023-02-01,Enontekiö Kilpisjärvi kyläkeskus,-7.5,-1.0,56.0
2023-02-01,Enontekiö Kilpisjärvi Saana,-8.7,,
2023-02-01,Enontekiö Näkkälä,-6.5,0.1,64.0
2023-02-01,Inari Angeli Lintupuoliselkä,-5.5,-1.0,47.0
2023-02-01,Inari Ivalo lentoasema,-3.7,,
2023-02-01,Utsjoki Kevo,-5.1,0.6,48.0
2023-02-01,Utsjoki Nuorgam,-2.9,0.3,51.0
2023-02-01,Inari Väylä,-4.0,,
2023-02-01,Inari kirkonkylä,,3.2,50.0
2023-02-01,Inari Kaamanen,-4.0,1.2,56.0
2023-02-01,Inari Nellim,-4.0,0.7,37.0
2023-02-01,Inari Kirakkajärvi,-2.5,5.2,56.0
2023-02-01,Mäntsälä Hirvihaara,-1.4,-1.0,19.0
2023-02-01,Lahti Sopenkorpi,-2.4,-1.0,17.0
2023-02-01,Siuntio Sjundby,,0.1,2.0
2023-02-01,Sipoo Itätoukki,0.8,,
2023-02-01,Rauma Pyynpää,-3.3,-1.0,2.0
2023-02-01,Muonio Oustajärvi,-6.8,-1.0,65.0
2023-02-01,Pyhtää lentokenttä,-1.1,-1.0,17.0
2023-02-01,Sotkamo Tuhkakylä,-6.0,-1.0,74.0
2023-02-01,Tervola Loue,-9.2,,
2023-02-01,Savukoski Tulppio,-6.3,6.3,47.0
2023-02-01,Mikkeli Pitkäaho,,-1.0,36.0
2023-02-01,Kajaani Petäisenniska,-5.3,0.1,50.0
2023-02-01,Utsjoki Kevo Kevojärvi,-6.1,,
2023-02-01,Inari Seitalaassa,-3.8,,
2023-02-01,Ilmajoki Seinäjoki lentoasema,-5.7,,
2023-02-01,Rovaniemi lentoasema AWOS,-7.7,1.3,54.0
2023-02-01,Jyväskylä lentoasema AWOS,-4.6,0.1,32.0
2023-02-01,Puumala kirkonkylä,-4.0,-1.0,35.0
2023-02-01,Helsinki Vuosaari satama,0.6,,
2023-02-01,Maarianhamina Länsisatama,-2.0,,
2023-02-01,Lumparland Långnäs satama,-2.1,0.5,-1.0
2023-02-01,Kittilä Lompolonvuoma,-5.3,0.1,
2023-02-01,Kuusamo Ruka Talvijärvi,-7.7,,
2023-02-01,Espoo Nuuksio,-1.4,-1.0,21.0
2023-02-01,Mikkeli Lentoasema AWOS,-4.1,0.1,39.0
2023-02-01,Espoo Tapiola,-0.5,-1.0,10.0
