date,station,tday,rrday,snow
2015-01-01,Jomala Maarianhamina lentoasema,4.3,,
2015-01-01,Parainen Utö,4.6,5.0,-1.0
2015-01-01,Lemland Nyhamn,4.7,,
2015-01-01,Jomala Jomalaby,3.4,8.5,5.0
2015-01-01,Hammarland Märket,3.7,,
2015-01-01,Kökar Bogskär,4.5,,
2015-01-01,Parainen Fagerholm,3.8,4.3,
2015-01-01,Kumlinge kirkonkylä,3.6,,
2015-01-01,Hanko Russarö,4.1,,
2015-01-01,Kaarina Yltöinen,2.1,5.4,6.0
2015-01-01,Kemiönsaari Vänö,4.2,,
2015-01-01,Hanko Tulliniemi,3.8,,
2015-01-01,Turku Rajakari,3.1,,
2015-01-01,Turku Artukainen,2.8,6.8,8.0
2015-01-01,Kemiönsaari Kemiö,3.0,6.4,9.0
2015-01-01,Hanko Tvärminne,4.0,4.7,5.0
2015-01-01,Salo Kärkkä,2.2,4.5,
2015-01-01,Lohja Leppäkorpi,,2.2,2.0
2015-01-01,Raasepori Jussarö,3.7,,
2015-01-01,Salo Kiikala lentokenttä,2.3,2.6,6.0
2015-01-01,Vantaa Helsinki-Vantaan lentoasema,2.4,0.8,7.0
2015-01-01,Inkoo Bågaskär,3.0,,
2015-01-01,Helsinki Kaisaniemi,3.4,0.9,3.0
2015-01-01,Lohja Porla,2.7,1.8,6.0
2015-01-01,Vihti Maasoja,2.2,,
2015-01-01,Helsinki Harmaja,2.7,,
2015-01-01,Kirkkonummi Mäkiluoto,3.8,,
2015-01-01,Helsinki Helsingin majakka,3.9,,
2015-01-01,Helsinki Kumpula,2.9,0.9,9.0
2015-01-01,Espoo Sepänkylä,2.7,,
2015-01-01,Helsinki Rautatientori,3.8,,
2015-01-01,Porvoo Kalbådagrund,4.0,,
2015-01-01,Porvoo Emäsalo,2.7,,
2015-01-01,Porvoo Harabacka,2.9,0.9,2.0
2015-01-01,Kotka Rankki,2.1,,
2015-01-01,Loviisa Orrengrund,2.6,,
2015-01-01,Kotka Haapasaari,2.7,,
2015-01-01,Pori lentoasema,3.7,,
2015-01-01,Uusikaupunki Itätulli,,9.2,2.0
2015-01-01,Laitila Haukka,,7.5,3.0
2015-01-01,Kustavi Isokari,3.8,6.8,
2015-01-01,Rauma Kylmäpihlaja,3.3,,
2015-01-01,Pori rautatieasema,3.7,4.7,2.0
2015-01-01,Turku lentoasema,2.2,,
2015-01-01,Kokemäki Rausenkulma,,3.1,4.0
2015-01-01,Lieto Tammentaka,,10.0,8.0
2015-01-01,Huittinen Sallila,,3.4,5.0
2015-01-01,Köyliö Yttilä,,0.2,5.0
2015-01-01,Oripää Teinikivi,,2.8,7.0
2015-01-01,Pöytyä Yläne,,5.4,9.0
2015-01-01,Kokemäki Tulkkila,3.1,2.8,5.0
2015-01-01,Jokioinen Ilmala,2.0,2.1,8.0
2015-01-01,Nokia Tottijärvi,,1.3,6.0
2015-01-01,Pirkkala Tampere-Pirkkala lentoasema,2.4,,
2015-01-01,Tampere Härmälä,2.9,1.5,6.0
2015-01-01,Somero Salkola,1.3,1.6,9.0
2015-01-01,Hyvinkää Hyvinkäänkylä,2.3,1.2,9.0
2015-01-01,Vihti Hiiskula,,2.0,6.0
2015-01-01,Hausjärvi Lavinto,,0.7,3.0
2015-01-01,Hämeenlinna Pirttikoski,,0.8,5.0
2015-01-01,Nurmijärvi Röykkä,1.9,1.5,7.0
2015-01-01,Hämeenlinna Katinen,2.4,0.9,
2015-01-01,Hattula Lepaa,2.3,0.8,8.0
2015-01-01,Lahti Laune,2.4,-1.0,12.0
2015-01-01,Hämeenlinna Lammi Pappila,2.2,1.6,8.0
2015-01-01,Mäntsälä Hirvihaara Kuntomajantie,,1.5,5.0
2015-01-01,Asikkala Urajärvi,,1.0,12.0
2015-01-01,Asikkala Pulkkilanharju,2.9,,
2015-01-01,Hämeenlinna Lammi Evo,1.0,,
2015-01-01,Kouvola Utti lentoasema,1.9,0.2,19.0
2015-01-01,Kouvola Anjala,2.2,-1.0,11.0
2015-01-01,Heinola Asemantaus,2.7,0.1,8.0
2015-01-01,Iitti Kausala,,0.1,10.0
2015-01-01,Kouvola Voikoski,,1.7,7.0
2015-01-01,Virolahti Koivuniemi,2.1,0.0,3.0
2015-01-01,Lappeenranta lentoasema,1.8,,
2015-01-01,Lappeenranta Konnunsuo,1.7,,
2015-01-01,Lappeenranta Lepola,2.1,1.8,7.0
2015-01-01,Ruokolahti Kotaniemi,,4.6,6.0
2015-01-01,Lappeenranta Hiekkapakka,1.6,,
2015-01-01,Rautjärvi Simpele Kangaskoski,,3.1,11.0
2015-01-01,Parikkala Koitsanlahti,2.4,,
2015-01-01,Kaskinen Sälgrund,2.8,4.2,
2015-01-01,Merikarvia Tuorila,,7.9,4.0
2015-01-01,Isojoki Kärjenkoski,,4.3,0.0
2015-01-01,Teuva Kauppilankylä,,5.9,0.0
2015-01-01,Pori Tahkoluoto satama,3.7,,
2015-01-01,Kristiinankaupunki Majakka,4.6,,
2015-01-01,Karvia Alkkia,2.1,3.8,4.0
2015-01-01,Pori Lavia,,3.0,13.0
2015-01-01,Ikaalinen Vehuvarpee,,4.4,1.0
2015-01-01,Kauhajoki kaupunki,,2.5,4.0
2015-01-01,Kurikka Hirvijärvi,,3.9,0.0
2015-01-01,Kauhajoki Kuja-Kokko,3.0,2.9,-1.0
2015-01-01,Kankaanpää Niinisalo lentokenttä,2.5,3.0,4.0
2015-01-01,Ylöjärvi Metsäkylä,,,4.0
2015-01-01,Ikaalinen Vahojärvi,,,0.0
2015-01-01,Alavus Sulkavankylä,,3.5,2.0
2015-01-01,Virrat Äijänneva,2.5,,
2015-01-01,Tampere Siilinkari,2.5,,
2015-01-01,Jämsä Halli lentoasema,2.1,5.1,12.0
2015-01-01,Juupajoki Hyytiälä,2.3,4.4,15.0
2015-01-01,Sysmä Joutsjärvi,,3.7,5.0
2015-01-01,Luhanka Tammijärvi,,5.5,16.0
2015-01-01,Jyväskylä Muuratjärvi,,3.8,13.0
2015-01-01,Luhanka Judinsalo,2.7,,
2015-01-01,Multia Pirttiperä,,2.5,21.0
2015-01-01,Joutsa Savenaho,1.7,5.0,15.0
2015-01-01,Kangasniemi kirkonkylä,,4.5,19.0
2015-01-01,Joutsa Pärnämäki,,4.9,17.0
2015-01-01,Mikkeli Pitkähiekka,,1.9,10.0
2015-01-01,Juva Partala,2.2,,
2015-01-01,Joroinen Varkaus lentoasema,2.6,,
2015-01-01,Varkaus Kosulanniemi,2.5,2.8,16.0
2015-01-01,Savonlinna Laukansaari,,4.0,8.0
2015-01-01,Sulkava Halttula,,0.9,9.0
2015-01-01,Savonlinna lentoasema,2.5,,
2015-01-01,Rantasalmi Rukkasluoto,1.9,,
2015-01-01,Savonlinna Punkaharju Laukansaari,2.4,3.7,14.0
2015-01-01,Enonkoski Simanala,,3.5,18.0
2015-01-01,Savonlinna Savonranta,,0.2,10.0
2015-01-01,Rääkkylä kirkonkylä,,1.0,19.0
2015-01-01,Tohmajärvi Kemie,1.7,1.0,31.0
2015-01-01,Joensuu Huhtilampi,,0.9,31.0
2015-01-01,Vaasa lentoasema,4.2,,
2015-01-01,Mustasaari Valassaaret,3.5,,
2015-01-01,Närpiö Ylimarkku,,7.2,0.0
2015-01-01,Mustasaari Riimala,,2.5,4.0
2015-01-01,Kurikka Pyörni,,5.1,0.0
2015-01-01,Korsnäs Bredskäret,3.0,,
2015-01-01,Maalahti Strömmingsbådan,4.7,,
2015-01-01,Vaasa Klemettilä,4.2,1.8,5.0
2015-01-01,Seinäjoki Pelmaa,3.1,3.7,6.0
2015-01-01,Kauhava lentokenttä,2.9,4.9,7.0
2015-01-01,Ähtäri Inha,1.7,0.1,9.0
2015-01-01,Halsua Purola,2.4,0.8,25.0
2015-01-01,Alajärvi Möksy,2.1,2.4,17.0
2015-01-01,Multia Karhila,1.9,2.5,15.0
2015-01-01,Viitasaari Haapaniemi,2.7,1.5,17.0
2015-01-01,Äänekoski Kalaniemi,,0.6,16.0
2015-01-01,Viitasaari Kärnä,,1.2,26.0
2015-01-01,Vesanto kirkonkylä,1.1,0.9,18.0
2015-01-01,Pielavesi Venetmäki,,1.0,31.0
2015-01-01,Siilinjärvi Kuopio lentoasema,2.1,,
2015-01-01,Kuopio Maaninka,2.3,0.7,22.0
2015-01-01,Lapinlahti Lamminkäyrä,,0.8,24.0
2015-01-01,Suonenjoki Iisvesi,,2.4,23.0
2015-01-01,Kuopio Karttula,,0.7,23.0
2015-01-01,Kuopio Ritoniemi,2.1,,
2015-01-01,Kuopio Savilahti,2.7,0.6,20.0
2015-01-01,Heinävesi Palokki,,0.7,23.0
2015-01-01,Outokumpu Viuruniemi,,0.4,20.0
2015-01-01,Rautavaara Ala-Luosta,,0.3,15.0
2015-01-01,Rautavaara Ylä-Luosta,1.3,0.5,34.0
2015-01-01,Liperi Joensuu lentoasema,1.9,,
2015-01-01,Juuka Niemelä,1.9,0.0,22.0
2015-01-01,Joensuu Pyhäselkä,,0.7,18.0
2015-01-01,Lieksa Koli,,0.7,38.0
2015-01-01,Liperi Tuiskavanluoto,1.4,,
2015-01-01,Joensuu Linnunlahti,0.7,0.4,20.0
2015-01-01,Lieksa Lampela,1.5,0.4,24.0
2015-01-01,Ilomantsi Naarva,,0.5,43.0
2015-01-01,Ilomantsi Pötsönvaara,0.1,0.8,44.0
2015-01-01,Ilomantsi Mekrijärvi,0.7,0.5,
2015-01-01,Pietarsaari Kallan,3.1,,
2015-01-01,Kokkola Tankar,3.2,,
2015-01-01,Kruunupyy Kokkola-Pietarsaari lentoasema,3.8,,
2015-01-01,Kaustinen Tastula,,1.1,14.0
2015-01-01,Kokkola Korplax,,,0.0
2015-01-01,Kalajoki Ulkokalla,3.3,,
2015-01-01,Kokkola Santahaka,3.8,0.7,8.0
2015-01-01,Toholampi Oravala,,0.4,11.0
2015-01-01,Kalajoki Pitkäsenkylä,,1.2,14.0
2015-01-01,Kalajoki Mehtäkylä,,-1.0,12.0
2015-01-01,Toholampi Laitala,3.2,,
2015-01-01,Ylivieska lentokenttä,2.9,0.4,17.0
2015-01-01,Ylivieska Vähäkangas,,0.3,14.0
2015-01-01,Haapavesi Mustikkamäki,2.0,0.1,16.0
2015-01-01,Kärsämäki Venetpalo,,0.2,15.0
2015-01-01,Pyhäjärvi Ojakylä,1.8,0.4,24.0
2015-01-01,Pyhäjärvi Hiidenniemi,,1.3,22.0
2015-01-01,Kiuruvesi Korpijoki,,-1.0,11.0
2015-01-01,Siikalatva Kestilä,,-1.0,18.0
2015-01-01,Kajaani Saaresmäki,,-1.0,33.0
2015-01-01,Kajaani lentoasema,1.6,,
2015-01-01,Vieremä Kaarakkala,1.2,1.4,34.0
2015-01-01,Kajaani Paltaniemi,,0.5,19.0
2015-01-01,Nurmes Valtimo,1.7,0.1,25.0
2015-01-01,Sotkamo Saviaho,,0.3,33.0
2015-01-01,Ristijärvi Hiisijärvi,,,51.0
2015-01-01,Ristijärvi Mustavaara,,0.5,57.0
2015-01-01,Sotkamo Kuolaniemi,1.6,0.2,26.0
2015-01-01,Nurmes Mujejärvi,,0.6,40.0
2015-01-01,Kuhmo Apaja,,0.4,46.0
2015-01-01,Kuhmo Kalliojoki,0.6,0.6,39.0
2015-01-01,Hailuoto Keskikylä,2.6,-1.0,9.0
2015-01-01,Kemi I majakka,3.4,,
2015-01-01,Hailuoto Marjaniemi,1.7,,
2015-01-01,Raahe Lapaluoto satama,1.8,,
2015-01-01,Oulu lentoasema,3.0,,
2015-01-01,Siikajoki Ruukki,2.7,-1.0,16.0
2015-01-01,Tyrnävä Temmes,,-1.0,15.0
2015-01-01,Oulu Vihreäsaari satama,2.6,,
2015-01-01,Oulu Oulunsalo Pellonpää,2.4,-1.0,18.0
2015-01-01,Vaala Pelso,0.9,-1.0,17.0
2015-01-01,Pudasjärvi lentokenttä,0.1,-1.0,29.0
2015-01-01,Utajärvi Särkijärvi,,0.0,30.0
2015-01-01,Pudasjärvi Jaurakkajärvi,,0.0,39.0
2015-01-01,Suomussalmi Näljänkä,,0.5,49.0
2015-01-01,Suomussalmi Pesiö,0.5,0.1,50.0
2015-01-01,Puolanka Kotila,,0.9,43.0
2015-01-01,Puolanka Paljakka,0.0,0.3,53.0
2015-01-01,Kemi Kemi-Tornio lentoasema,-0.3,,
2015-01-01,Kemi Ajos,0.7,,
2015-01-01,Tornio Aapajärvi,,-1.0,36.0
2015-01-01,Tornio Kaakkuri,0.1,-1.0,14.0
2015-01-01,Ranua lentokenttä,-1.3,-1.0,42.0
2015-01-01,Pudasjärvi Sarakylä,,-1.0,42.0
2015-01-01,Posio Raistakka,,0.1,49.0
2015-01-01,Taivalkoski Inkee,,0.7,50.0
2015-01-01,Taivalkoski kirkonkylä,-0.2,-1.0,44.0
2015-01-01,Kuusamo lentoasema,-2.1,,
2015-01-01,Kuusamo Kiutaköngäs,-3.8,0.1,39.0
2015-01-01,Kuusamo Toranginaho,,-1.0,49.0
2015-01-01,Kuusamo Rukatunturi,-2.5,,
2015-01-01,Kuusamo Teeriranta,,-1.0,49.0
2015-01-01,Ylitornio Meltosjärvi,-1.1,-1.0,24.0
2015-01-01,Pello Konttajärvi,,-1.0,38.0
2015-01-01,Kolari Kattilamaa,,1.0,44.0
2015-01-01,Pello kirkonkylä,-1.8,-1.0,27.0
2015-01-01,Kittilä Alakylä,,-1.0,49.0
2015-01-01,Rovaniemi rautatieasema,-2.8,,
2015-01-01,Sodankylä Tähtelä,-2.9,-1.0,43.0
2015-01-01,Rovaniemi Apukka,-3.4,-1.0,31.0
2015-01-01,Pelkosenniemi kirkonkylä,,-1.0,40.0
2015-01-01,Kemijärvi lentokenttä,-1.3,-1.0,40.0
2015-01-01,Savukoski kirkonkylä,-2.5,0.0,46.0
2015-01-01,Salla Kelloselkä,,0.2,34.0
2015-01-01,Pelkosenniemi Pyhätunturi,0.0,,
2015-01-01,Salla kirkonkylä,-1.9,0.0,37.0
2015-01-01,Salla Naruska,-3.6,0.3,49.0
2015-01-01,Enontekiö Kaaresuvanto,,3.1,40.0
2015-01-01,Muonio Alamuonio,-1.9,,47.0
2015-01-01,Enontekiö Hetta,,1.6,45.0
2015-01-01,Kittilä Pulju,,0.4,53.0
2015-01-01,Kittilä Levitunturi,-0.2,,
2015-01-01,Muonio Laukukero,-1.4,,
2015-01-01,Muonio Sammaltunturi,-0.9,,
2015-01-01,Kittilä Matorova,0.6,,
2015-01-01,Kittilä lentoasema,-0.8,,
2015-01-01,Kittilä Kenttärova,0.0,0.5,51.0
2015-01-01,Kittilä Pakatti,-1.2,0.3,46.0
2015-01-01,Kittilä Pokka,-1.4,0.2,55.0
2015-01-01,Sodankylä Lokka,-2.1,0.6,50.0
2015-01-01,Sodankylä Vuotso,-3.4,0.8,53.0
2015-01-01,Inari Saariselkä matkailukeskus,-2.9,1.0,51.0
2015-01-01,Inari Saariselkä Kaunispää,-1.7,,
2015-01-01,Savukoski Ruuvaoja,,0.4,51.0
2015-01-01,Inari Raja-Jooseppi Kontiojärvi,,2.6,47.0
2015-01-01,Inari Raja-Jooseppi,-0.9,,
2015-01-01,Salla Värriötunturi,-1.6,1.3,42.0
2015-01-01,Enontekiö Kilpisjärvi kyläkeskus,1.1,1.9,50.0
2015-01-01,Enontekiö Kilpisjärvi Saana,-1.8,,
2015-01-01,Enontekiö Näkkälä,-2.1,1.2,47.0
2015-01-01,Inari Angeli,,-1.0,53.0
2015-01-01,Inari Angeli Lintupuoliselkä,-0.4,0.4,42.0
2015-01-01,Inari Ivalo lentoasema,-0.9,,
2015-01-01,Utsjoki Kevo,-0.8,0.2,41.0
2015-01-01,Utsjoki Nuorgam,-0.1,5.7,36.0
2015-01-01,Utsjoki Leppälä,,2.3,43.0
2015-01-01,Inari Väylä,-2.2,,
2015-01-01,Inari kirkonkylä,,-1.0,50.0
2015-01-01,Inari Kaamanen,-1.4,1.5,41.0
2015-01-01,Inari Nellim,-1.5,2.5,38.0
2015-01-01,Inari Kirakkajärvi,-2.4,4.3,40.0
2015-01-01,Muonio Oustajärvi,-2.1,2.1,45.0
2015-01-01,Kajaani Petäisenniska,1.2,0.2,28.0
2015-01-01,Utsjoki Kevo Kevojärvi,-1.0,,
2015-01-01,Inari Seitalaassa,-1.8,,
2015-01-01,Rovaniemi lentoasema AWOS,-1.6,-1.0,38.0
2015-01-01,Jyväskylä lentoasema AWOS,2.6,1.5,17.0
2015-01-01,Puumala kirkonkylä,2.3,3.5,8.0
2015-01-01,Helsinki Vuosaari satama,3.3,,
2015-01-01,Lumparland Långnäs satama,4.0,8.2,-1.0
2015-01-01,Tampere Tampella,3.0,,
2015-01-01,Kittilä Lompolonvuoma,0.9,,
2015-01-01,Kuusamo Ruka Talvijärvi,-1.3,,
2015-01-01,Espoo Nuuksio,1.2,1.5,13.0
2015-01-01,Mikkeli Lentoasema AWOS,1.5,3.5,17.0
2015-01-01,Espoo Tapiola,3.2,1.3,5.0
2015-01-02,Jomala Maarianhamina lentoasema,5.0,,
2015-01-02,Parainen Utö,5.2,2.1,-1.0
2015-01-02,Lemland Nyhamn,5.2,,
2015-01-02,Jomala Jomalaby,4.3,2.1,-1.0
2015-01-02,Hammarland Märket,4.7,,
2015-01-02,Kökar Bogskär,5.5,,
2015-01-02,Parainen Fagerholm,5.0,3.8,
2015-01-02,Kumlinge kirkonkylä,4.8,,
2015-01-02,Hanko Russarö,4.8,,
2015-01-02,Kaarina Yltöinen,3.6,13.1,2.0
2015-01-02,Kemiönsaari Vänö,4.9,,
2015-01-02,Hanko Tulliniemi,4.7,,
2015-01-02,Turku Rajakari,4.6,,
2015-01-02,Turku Artukainen,4.4,12.2,2.0
2015-01-02,Kemiönsaari Kemiö,4.6,14.0,3.0
2015-01-02,Hanko Tvärminne,4.4,8.0,-1.0
2015-01-02,Salo Kärkkä,4.2,11.2,
2015-01-02,Lohja Leppäkorpi,,9.5,-1.0
2015-01-02,Raasepori Jussarö,4.3,,
2015-01-02,Salo Kiikala lentokenttä,3.3,9.8,-1.0
2015-01-02,Vantaa Helsinki-Vantaan lentoasema,3.6,4.7,4.0
2015-01-02,Inkoo Bågaskär,4.0,,
2015-01-02,Helsinki Kaisaniemi,4.2,3.4,-1.0
2015-01-02,Lohja Porla,4.0,6.8,3.0
2015-01-02,Vihti Maasoja,3.7,,
2015-01-02,Helsinki Harmaja,3.7,,
2015-01-02,Kirkkonummi Mäkiluoto,4.4,,
2015-01-02,Helsinki Helsingin majakka,4.4,,
2015-01-02,Helsinki Kumpula,3.8,5.0,3.0
2015-01-02,Espoo Sepänkylä,3.7,,
2015-01-02,Helsinki Rautatientori,4.5,,
2015-01-02,Porvoo Kalbådagrund,4.4,,
2015-01-02,Porvoo Emäsalo,3.4,,
2015-01-02,Porvoo Harabacka,3.8,4.4,-1.0
2015-01-02,Kotka Rankki,3.0,,
2015-01-02,Loviisa Orrengrund,3.3,,
2015-01-02,Kotka Haapasaari,3.4,,
2015-01-02,Pori lentoasema,3.7,,
2015-01-02,Uusikaupunki Itätulli,,8.3,0.0
2015-01-02,Laitila Haukka,,11.3,-1.0
2015-01-02,Kustavi Isokari,4.3,6.9,
2015-01-02,Rauma Kylmäpihlaja,3.7,,
2015-01-02,Pori rautatieasema,3.7,19.6,-1.0
2015-01-02,Turku lentoasema,3.9,,
2015-01-02,Kokemäki Rausenkulma,,16.1,0.0
2015-01-02,Lieto Tammentaka,,13.6,2.0
2015-01-02,Huittinen Sallila,,11.7,0.0
2015-01-02,Köyliö Yttilä,,17.4,1.0
2015-01-02,Oripää Teinikivi,,17.6,3.0
2015-01-02,Pöytyä Yläne,,14.5,6.0
2015-01-02,Kokemäki Tulkkila,3.4,16.1,-1.0
2015-01-02,Jokioinen Ilmala,2.9,15.4,3.0
2015-01-02,Nokia Tottijärvi,,11.4,2.0
2015-01-02,Pirkkala Tampere-Pirkkala lentoasema,2.5,,
2015-01-02,Tampere Härmälä,2.7,10.1,2.0
2015-01-02,Somero Salkola,2.2,10.4,4.0
2015-01-02,Hyvinkää Hyvinkäänkylä,3.2,6.1,4.0
2015-01-02,Vihti Hiiskula,,5.9,3.0
2015-01-02,Hausjärvi Lavinto,,3.7,0.0
2015-01-02,Hämeenlinna Pirttikoski,,9.9,4.0
2015-01-02,Nurmijärvi Röykkä,3.0,5.7,4.0
2015-01-02,Hämeenlinna Katinen,3.1,10.6,
2015-01-02,Hattula Lepaa,2.8,8.7,5.0
2015-01-02,Lahti Laune,2.7,9.1,8.0
2015-01-02,Hämeenlinna Lammi Pappila,2.3,10.4,4.0
2015-01-02,Mäntsälä Hirvihaara Kuntomajantie,,4.9,3.0
2015-01-02,Asikkala Urajärvi,,10.5,10.0
2015-01-02,Asikkala Pulkkilanharju,2.5,,
2015-01-02,Hämeenlinna Lammi Evo,1.6,,
2015-01-02,Kouvola Utti lentoasema,2.1,9.0,17.0
2015-01-02,Kouvola Anjala,3.0,6.4,6.0
2015-01-02,Heinola Asemantaus,2.6,10.9,7.0
2015-01-02,Iitti Kausala,,8.0,9.0
2015-01-02,Kouvola Voikoski,,13.1,5.0
2015-01-02,Virolahti Koivuniemi,3.0,8.3,0.0
2015-01-02,Lappeenranta lentoasema,1.8,,
2015-01-02,Lappeenranta Konnunsuo,1.8,,
2015-01-02,Lappeenranta Lepola,1.7,7.4,6.0
2015-01-02,Ruokolahti Kotaniemi,,16.4,4.0
2015-01-02,Lappeenranta Hiekkapakka,1.6,,
2015-01-02,Rautjärvi Simpele Kangaskoski,,11.5,5.0
2015-01-02,Parikkala Koitsanlahti,1.2,,
2015-01-02,Kaskinen Sälgrund,2.7,13.2,
2015-01-02,Merikarvia Tuorila,,21.1,2.0
2015-01-02,Isojoki Kärjenkoski,,22.2,-1.0
2015-01-02,Teuva Kauppilankylä,,15.8,-1.0
2015-01-02,Pori Tahkoluoto satama,3.4,,
2015-01-02,Kristiinankaupunki Majakka,3.9,,
2015-01-02,Karvia Alkkia,1.3,12.5,2.0
2015-01-02,Pori Lavia,,10.0,8.0
2015-01-02,Ikaalinen Vehuvarpee,,15.0,0.0
2015-01-02,Kauhajoki kaupunki,,14.5,2.0
2015-01-02,Kurikka Hirvijärvi,,12.9,0.0
2015-01-02,Kauhajoki Kuja-Kokko,1.8,13.3,-1.0
2015-01-02,Kankaanpää Niinisalo lentokenttä,2.0,18.5,0.0
2015-01-02,Alavus Sulkavankylä,,11.4,-1.0
2015-01-02,Virrat Äijänneva,1.0,,
2015-01-02,Tampere Siilinkari,2.6,,
2015-01-02,Jämsä Halli lentoasema,1.4,11.0,7.0
2015-01-02,Juupajoki Hyytiälä,1.4,9.6,11.0
2015-01-02,Sysmä Joutsjärvi,,12.2,4.0
2015-01-02,Luhanka Tammijärvi,,13.0,13.0
2015-01-02,Jyväskylä Muuratjärvi,,14.1,12.0
2015-01-02,Luhanka Judinsalo,1.8,,
2015-01-02,Multia Pirttiperä,,19.9,18.0
2015-01-02,Joutsa Savenaho,0.9,17.2,13.0
2015-01-02,Kangasniemi kirkonkylä,,17.7,16.0
2015-01-02,Joutsa Pärnämäki,,17.5,15.0
2015-01-02,Mikkeli Pitkähiekka,,14.0,7.0
2015-01-02,Juva Partala,1.0,,
2015-01-02,Joroinen Varkaus lentoasema,1.0,,
2015-01-02,Varkaus Kosulanniemi,0.8,14.8,13.0
2015-01-02,Savonlinna Laukansaari,,10.2,5.0
2015-01-02,Sulkava Halttula,,15.6,7.0
2015-01-02,Savonlinna lentoasema,0.9,,
2015-01-02,Rantasalmi Rukkasluoto,0.8,,
2015-01-02,Savonlinna Punkaharju Laukansaari,0.9,15.2,10.0
2015-01-02,Enonkoski Simanala,,15.4,13.0
2015-01-02,Savonlinna Savonranta,,17.3,8.0
2015-01-02,Rääkkylä kirkonkylä,,14.5,17.0
2015-01-02,Tohmajärvi Kemie,0.8,18.5,20.0
2015-01-02,Joensuu Huhtilampi,,19.2,25.0
2015-01-02,Vaasa lentoasema,2.0,,
2015-01-02,Mustasaari Valassaaret,2.2,,
2015-01-02,Närpiö Ylimarkku,,10.2,-1.0
2015-01-02,Mustasaari Riimala,,16.8,3.0
2015-01-02,Kurikka Pyörni,,24.2,0.0
2015-01-02,Korsnäs Bredskäret,2.7,,
2015-01-02,Maalahti Strömmingsbådan,3.5,,
2015-01-02,Vaasa Klemettilä,2.1,11.0,0.0
2015-01-02,Seinäjoki Pelmaa,1.4,13.7,3.0
2015-01-02,Kauhava lentokenttä,0.9,14.4,6.0
2015-01-02,Ähtäri Inha,0.5,19.3,9.0
2015-01-02,Halsua Purola,0.4,20.5,20.0
2015-01-02,Alajärvi Möksy,0.3,16.9,14.0
2015-01-02,Multia Karhila,0.2,11.8,12.0
2015-01-02,Viitasaari Haapaniemi,0.3,11.4,14.0
2015-01-02,Äänekoski Kalaniemi,,15.4,14.0
2015-01-02,Viitasaari Kärnä,,14.8,23.0
2015-01-02,Vesanto kirkonkylä,0.4,16.5,16.0
2015-01-02,Pielavesi Venetmäki,,15.3,30.0
2015-01-02,Siilinjärvi Kuopio lentoasema,0.6,,
2015-01-02,Kuopio Maaninka,0.5,10.0,20.0
2015-01-02,Lapinlahti Lamminkäyrä,,13.7,23.0
2015-01-02,Suonenjoki Iisvesi,,12.3,20.0
2015-01-02,Kuopio Karttula,,14.3,20.0
2015-01-02,Kuopio Ritoniemi,0.6,,
2015-01-02,Kuopio Savilahti,0.8,14.9,18.0
2015-01-02,Heinävesi Palokki,,16.1,19.0
2015-01-02,Outokumpu Viuruniemi,,17.8,18.0
2015-01-02,Rautavaara Ala-Luosta,,16.9,11.0
2015-01-02,Rautavaara Ylä-Luosta,0.3,11.5,29.0
2015-01-02,Liperi Joensuu lentoasema,0.5,,
2015-01-02,Juuka Niemelä,0.7,9.8,16.0
2015-01-02,Joensuu Pyhäselkä,,17.9,13.0
2015-01-02,Lieksa Koli,,13.7,31.0
2015-01-02,Liperi Tuiskavanluoto,0.6,,
2015-01-02,Joensuu Linnunlahti,0.5,18.5,17.0
2015-01-02,Lieksa Lampela,0.8,6.7,19.0
2015-01-02,Ilomantsi Naarva,,13.3,38.0
2015-01-02,Ilomantsi Pötsönvaara,0.1,11.5,40.0
2015-01-02,Ilomantsi Mekrijärvi,0.4,6.5,
2015-01-02,Pietarsaari Kallan,0.9,,
2015-01-02,Kokkola Tankar,0.8,,
2015-01-02,Kruunupyy Kokkola-Pietarsaari lentoasema,0.7,,
2015-01-02,Kaustinen Tastula,,22.9,12.0
2015-01-02,Kalajoki Ulkokalla,1.0,,
2015-01-02,Kokkola Santahaka,0.9,12.3,4.0
2015-01-02,Toholampi Oravala,,17.5,10.0
2015-01-02,Kalajoki Pitkäsenkylä,,9.7,12.0
2015-01-02,Kalajoki Mehtäkylä,,17.1,8.0
2015-01-02,Toholampi Laitala,0.5,,
2015-01-02,Ylivieska lentokenttä,0.5,12.8,14.0
2015-01-02,Ylivieska Vähäkangas,,15.4,13.0
2015-01-02,Haapavesi Mustikkamäki,0.5,10.5,13.0
2015-01-02,Kärsämäki Venetpalo,,13.5,13.0
2015-01-02,Pyhäjärvi Ojakylä,0.4,12.0,21.0
2015-01-02,Pyhäjärvi Hiidenniemi,,14.5,18.0
2015-01-02,Kiuruvesi Korpijoki,,7.5,11.0
2015-01-02,Siikalatva Kestilä,,9.8,15.0
2015-01-02,Kajaani Saaresmäki,,12.8,28.0
2015-01-02,Kajaani lentoasema,0.6,,
2015-01-02,Vieremä Kaarakkala,0.1,9.6,28.0
2015-01-02,Kajaani Paltaniemi,,3.2,16.0
2015-01-02,Nurmes Valtimo,0.7,13.0,20.0
2015-01-02,Sotkamo Saviaho,,8.4,28.0
2015-01-02,Ristijärvi Mustavaara,,8.6,52.0
2015-01-02,Sotkamo Kuolaniemi,0.6,6.2,23.0
2015-01-02,Nurmes Mujejärvi,,11.0,38.0
2015-01-02,Kuhmo Apaja,,7.5,41.0
2015-01-02,Kuhmo Kalliojoki,0.4,10.2,36.0
2015-01-02,Hailuoto Keskikylä,0.5,13.4,7.0
2015-01-02,Kemi I majakka,0.9,,
2015-01-02,Hailuoto Marjaniemi,0.5,,
2015-01-02,Raahe Lapaluoto satama,0.8,,
2015-01-02,Oulu lentoasema,0.8,,
2015-01-02,Siikajoki Ruukki,0.7,10.6,14.0
2015-01-02,Tyrnävä Temmes,,8.9,14.0
2015-01-02,Oulu Vihreäsaari satama,0.8,,
2015-01-02,Oulu Oulunsalo Pellonpää,0.7,9.9,17.0
2015-01-02,Vaala Pelso,0.5,7.2,15.0
2015-01-02,Pudasjärvi lentokenttä,0.4,4.8,28.0
2015-01-02,Utajärvi Särkijärvi,,6.8,28.0
2015-01-02,Pudasjärvi Jaurakkajärvi,,8.7,35.0
2015-01-02,Suomussalmi Näljänkä,,7.7,46.0
2015-01-02,Suomussalmi Pesiö,0.1,11.7,42.0
2015-01-02,Puolanka Kotila,,10.9,39.0
2015-01-02,Puolanka Paljakka,-0.6,10.4,52.0
2015-01-02,Kemi Kemi-Tornio lentoasema,0.1,,
2015-01-02,Kemi Ajos,0.4,,
2015-01-02,Tornio Aapajärvi,,8.7,36.0
2015-01-02,Tornio Kaakkuri,0.1,10.5,14.0
2015-01-02,Ranua lentokenttä,-0.1,8.9,42.0
2015-01-02,Pudasjärvi Sarakylä,,4.2,42.0
2015-01-02,Posio Raistakka,,5.8,48.0
2015-01-02,Taivalkoski Inkee,,5.4,48.0
2015-01-02,Taivalkoski kirkonkylä,0.2,4.4,43.0
2015-01-02,Kuusamo lentoasema,-0.4,,
2015-01-02,Kuusamo Kiutaköngäs,-0.4,4.4,38.0
2015-01-02,Kuusamo Toranginaho,,8.3,45.0
2015-01-02,Kuusamo Rukatunturi,-2.0,,
2015-01-02,Kuusamo Teeriranta,,9.5,48.0
2015-01-02,Ylitornio Meltosjärvi,-1.3,8.0,24.0
2015-01-02,Pello Konttajärvi,,10.1,38.0
2015-01-02,Kolari Kattilamaa,,4.9,44.0
2015-01-02,Pello kirkonkylä,-1.7,10.0,27.0
2015-01-02,Kittilä Alakylä,,5.8,49.0
2015-01-02,Rovaniemi rautatieasema,-0.7,,
2015-01-02,Sodankylä Tähtelä,-1.9,5.0,42.0
2015-01-02,Rovaniemi Apukka,-0.7,3.3,31.0
2015-01-02,Pelkosenniemi kirkonkylä,,4.6,40.0
2015-01-02,Kemijärvi lentokenttä,-1.1,10.2,39.0
2015-01-02,Savukoski kirkonkylä,-1.3,7.4,46.0
2015-01-02,Salla Kelloselkä,,-1.0,34.0
2015-01-02,Pelkosenniemi Pyhätunturi,-2.8,,
2015-01-02,Salla kirkonkylä,-1.0,1.7,37.0
2015-01-02,Salla Naruska,-1.4,2.3,48.0
2015-01-02,Enontekiö Kaaresuvanto,,0.2,40.0
2015-01-02,Muonio Alamuonio,-2.1,,48.0
2015-01-02,Enontekiö Hetta,,3.0,46.0
2015-01-02,Kittilä Pulju,,2.1,53.0
2015-01-02,Kittilä Levitunturi,-3.5,,
2015-01-02,Muonio Laukukero,-3.6,,
2015-01-02,Muonio Sammaltunturi,-2.9,,
2015-01-02,Kittilä Matorova,-2.3,,
2015-01-02,Kittilä lentoasema,-2.4,,
2015-01-02,Kittilä Kenttärova,-2.5,4.4,50.0
2015-01-02,Kittilä Pakatti,-2.4,3.4,45.0
2015-01-02,Kittilä Pokka,-3.3,2.3,54.0
2015-01-02,Sodankylä Lokka,-2.1,0.1,49.0
2015-01-02,Sodankylä Vuotso,-2.9,1.8,51.0
2015-01-02,Inari Saariselkä matkailukeskus,-2.9,1.0,53.0
2015-01-02,Inari Saariselkä Kaunispää,-3.4,,
2015-01-02,Savukoski Ruuvaoja,,1.2,49.0
2015-01-02,Inari Raja-Jooseppi Kontiojärvi,,0.2,47.0
2015-01-02,Inari Raja-Jooseppi,-2.9,,
2015-01-02,Salla Värriötunturi,-2.6,0.8,42.0
2015-01-02,Enontekiö Kilpisjärvi kyläkeskus,-8.9,-1.0,43.0
2015-01-02,Enontekiö Kilpisjärvi Saana,-5.2,,
2015-01-02,Enontekiö Näkkälä,-2.8,0.8,47.0
2015-01-02,Inari Angeli,,-1.0,53.0
2015-01-02,Inari Angeli Lintupuoliselkä,-3.4,0.1,41.0
2015-01-02,Inari Ivalo lentoasema,-3.3,,
2015-01-02,Utsjoki Kevo,-4.2,0.6,40.0
2015-01-02,Utsjoki Nuorgam,-2.0,0.5,37.0
2015-01-02,Utsjoki Leppälä,,0.6,43.0
2015-01-02,Inari Väylä,-4.8,,
2015-01-02,Inari kirkonkylä,,1.0,50.0
2015-01-02,Inari Kaamanen,-3.8,0.2,40.0
2015-01-02,Inari Nellim,-4.9,-1.0,36.0
2015-01-02,Inari Kirakkajärvi,-3.8,1.6,42.0
2015-01-02,Muonio Oustajärvi,-1.9,3.5,46.0
2015-01-02,Kajaani Petäisenniska,0.5,6.6,27.0
2015-01-02,Utsjoki Kevo Kevojärvi,-4.5,,
2015-01-02,Inari Seitalaassa,-3.2,,
2015-01-02,Rovaniemi lentoasema AWOS,-1.2,6.2,37.0
2015-01-02,Jyväskylä lentoasema AWOS,0.6,15.9,11.0
2015-01-02,Puumala kirkonkylä,1.3,10.9,7.0
2015-01-02,Helsinki Vuosaari satama,3.8,,
2015-01-02,Lumparland Långnäs satama,4.7,1.7,-1.0
2015-01-02,Tampere Tampella,2.9,,
2015-01-02,Kittilä Lompolonvuoma,-1.9,,
2015-01-02,Kuusamo Ruka Talvijärvi,-0.7,,
2015-01-02,Espoo Nuuksio,2.3,6.1,10.0
2015-01-02,Mikkeli Lentoasema AWOS,1.1,20.1,16.0
2015-01-02,Espoo Tapiola,4.1,6.1,0.0
2015-01-03,Jomala Maarianhamina lentoasema,3.4,,
2015-01-03,Parainen Utö,3.7,-1.0,-1.0
2015-01-03,Lemland Nyhamn,3.9,,
2015-01-03,Jomala Jomalaby,3.0,-1.0,-1.0
2015-01-03,Hammarland Märket,3.5,,
2015-01-03,Kökar Bogskär,3.9,,
2015-01-03,Parainen Fagerholm,3.6,-1.0,
2015-01-03,Kumlinge kirkonkylä,3.5,,
2015-01-03,Hanko Russarö,2.9,,
2015-01-03,Kaarina Yltöinen,2.0,9.2,1.0
2015-01-03,Kemiönsaari Vänö,3.3,,
2015-01-03,Hanko Tulliniemi,2.9,,
2015-01-03,Turku Rajakari,3.1,,
2015-01-03,Turku Artukainen,2.5,2.6,-1.0
2015-01-03,Kemiönsaari Kemiö,2.3,4.2,0.0
2015-01-03,Hanko Tvärminne,2.4,2.6,-1.0
2015-01-03,Salo Kärkkä,1.5,2.7,
2015-01-03,Lohja Leppäkorpi,,12.4,0.0
2015-01-03,Raasepori Jussarö,2.3,,
2015-01-03,Salo Kiikala lentokenttä,0.4,10.7,0.0
2015-01-03,Vantaa Helsinki-Vantaan lentoasema,1.2,3.3,0.0
2015-01-03,Inkoo Bågaskär,1.8,,
2015-01-03,Helsinki Kaisaniemi,1.8,1.5,-1.0
2015-01-03,Lohja Porla,1.4,0.7,-1.0
2015-01-03,Vihti Maasoja,1.2,,
2015-01-03,Helsinki Harmaja,2.0,,
2015-01-03,Kirkkonummi Mäkiluoto,2.3,,
2015-01-03,Helsinki Helsingin majakka,2.1,,
2015-01-03,Helsinki Kumpula,1.5,1.8,-1.0
2015-01-03,Espoo Sepänkylä,1.3,,
2015-01-03,Helsinki Rautatientori,2.0,,
2015-01-03,Porvoo Kalbådagrund,2.3,,
2015-01-03,Porvoo Emäsalo,1.6,,
2015-01-03,Porvoo Harabacka,1.3,2.6,-1.0
2015-01-03,Kotka Rankki,1.6,,
2015-01-03,Loviisa Orrengrund,1.8,,
2015-01-03,Kotka Haapasaari,1.9,,
2015-01-03,Pori lentoasema,2.0,,
2015-01-03,Uusikaupunki Itätulli,,-1.0,-1.0
2015-01-03,Laitila Haukka,,4.4,-1.0
2015-01-03,Kustavi Isokari,3.4,-1.0,
2015-01-03,Rauma Kylmäpihlaja,2.9,,
2015-01-03,Pori rautatieasema,2.1,4.1,-1.0
2015-01-03,Turku lentoasema,1.9,,
2015-01-03,Kokemäki Rausenkulma,,13.5,-1.0
2015-01-03,Lieto Tammentaka,,14.2,0.0
2015-01-03,Huittinen Sallila,,5.0,-1.0
2015-01-03,Köyliö Yttilä,,11.2,-1.0
2015-01-03,Oripää Teinikivi,,18.5,1.0
2015-01-03,Pöytyä Yläne,,15.6,-1.0
2015-01-03,Kokemäki Tulkkila,1.1,4.3,-1.0
2015-01-03,Jokioinen Ilmala,0.5,9.7,0.0
2015-01-03,Nokia Tottijärvi,,2.8,0.0
2015-01-03,Pirkkala Tampere-Pirkkala lentoasema,0.2,,
2015-01-03,Tampere Härmälä,0.4,6.4,0.0
2015-01-03,Somero Salkola,0.0,10.9,5.0
2015-01-03,Hyvinkää Hyvinkäänkylä,0.7,8.6,-1.0
2015-01-03,Vihti Hiiskula,,5.2,-1.0
2015-01-03,Hausjärvi Lavinto,,7.3,0.0
2015-01-03,Hämeenlinna Pirttikoski,,10.1,-1.0
2015-01-03,Nurmijärvi Röykkä,0.6,4.9,2.0
2015-01-03,Hämeenlinna Katinen,0.7,7.5,
2015-01-03,Hattula Lepaa,0.5,10.1,2.0
2015-01-03,Lahti Laune,0.4,4.6,5.0
2015-01-03,Hämeenlinna Lammi Pappila,0.0,5.9,2.0
2015-01-03,Mäntsälä Hirvihaara Kuntomajantie,,4.2,-1.0
2015-01-03,Asikkala Urajärvi,,4.5,6.0
2015-01-03,Asikkala Pulkkilanharju,0.4,,
2015-01-03,Hämeenlinna Lammi Evo,-0.5,,
2015-01-03,Kouvola Utti lentoasema,0.3,2.6,13.0
2015-01-03,Kouvola Anjala,1.0,0.9,2.0
2015-01-03,Heinola Asemantaus,0.2,3.2,5.0
2015-01-03,Iitti Kausala,,3.3,4.0
2015-01-03,Kouvola Voikoski,,3.3,3.0
2015-01-03,Virolahti Koivuniemi,1.4,1.4,-1.0
2015-01-03,Lappeenranta lentoasema,0.2,,
2015-01-03,Lappeenranta Konnunsuo,0.5,,
2015-01-03,Lappeenranta Lepola,0.3,1.3,3.0
2015-01-03,Ruokolahti Kotaniemi,,4.0,4.0
2015-01-03,Lappeenranta Hiekkapakka,0.1,,
2015-01-03,Rautjärvi Simpele Kangaskoski,,3.4,3.0
2015-01-03,Parikkala Koitsanlahti,-0.1,,
2015-01-03,Kaskinen Sälgrund,1.8,1.8,
2015-01-03,Merikarvia Tuorila,,5.1,0.0
2015-01-03,Isojoki Kärjenkoski,,5.9,-1.0
2015-01-03,Teuva Kauppilankylä,,10.4,0.0
2015-01-03,Pori Tahkoluoto satama,2.9,,
2015-01-03,Kristiinankaupunki Majakka,2.5,,
2015-01-03,Karvia Alkkia,-0.3,15.2,3.0
2015-01-03,Pori Lavia,,7.0,6.0
2015-01-03,Ikaalinen Vehuvarpee,,9.9,0.0
2015-01-03,Kauhajoki kaupunki,,13.3,2.0
2015-01-03,Kurikka Hirvijärvi,,18.5,1.0
2015-01-03,Kauhajoki Kuja-Kokko,0.1,5.5,0.0
2015-01-03,Kankaanpää Niinisalo lentokenttä,0.0,8.5,0.0
2015-01-03,Alavus Sulkavankylä,,8.7,2.0
2015-01-03,Virrat Äijänneva,-0.5,,
2015-01-03,Tampere Siilinkari,0.4,,
2015-01-03,Jämsä Halli lentoasema,-0.7,6.0,6.0
2015-01-03,Juupajoki Hyytiälä,-0.5,8.9,10.0
2015-01-03,Sysmä Joutsjärvi,,5.7,3.0
2015-01-03,Luhanka Tammijärvi,,4.0,13.0
2015-01-03,Jyväskylä Muuratjärvi,,1.8,15.0
2015-01-03,Luhanka Judinsalo,-0.1,,
2015-01-03,Multia Pirttiperä,,4.5,28.0
2015-01-03,Joutsa Savenaho,-0.9,4.8,16.0
2015-01-03,Kangasniemi kirkonkylä,,2.4,22.0
2015-01-03,Joutsa Pärnämäki,,3.3,17.0
2015-01-03,Mikkeli Pitkähiekka,,0.9,7.0
2015-01-03,Juva Partala,-0.6,,
2015-01-03,Joroinen Varkaus lentoasema,-0.5,,
2015-01-03,Varkaus Kosulanniemi,-0.7,1.3,14.0
2015-01-03,Savonlinna Laukansaari,,3.4,5.0
2015-01-03,Sulkava Halttula,,1.4,10.0
2015-01-03,Savonlinna lentoasema,-0.5,,
2015-01-03,Rantasalmi Rukkasluoto,-0.4,,
2015-01-03,Savonlinna Punkaharju Laukansaari,-0.4,2.9,13.0
2015-01-03,Enonkoski Simanala,,5.0,22.0
2015-01-03,Savonlinna Savonranta,,3.3,13.0
2015-01-03,Rääkkylä kirkonkylä,,3.2,22.0
2015-01-03,Tohmajärvi Kemie,-0.8,4.0,28.0
2015-01-03,Joensuu Huhtilampi,,2.8,38.0
2015-01-03,Vaasa lentoasema,0.5,,
2015-01-03,Mustasaari Valassaaret,1.7,,
2015-01-03,Närpiö Ylimarkku,,-1.0,-1.0
2015-01-03,Mustasaari Riimala,,16.0,2.0
2015-01-03,Kurikka Pyörni,,15.1,9.0
2015-01-03,Korsnäs Bredskäret,1.6,,
2015-01-03,Maalahti Strömmingsbådan,2.8,,
2015-01-03,Vaasa Klemettilä,0.5,7.1,-1.0
2015-01-03,Seinäjoki Pelmaa,0.2,8.4,4.0
2015-01-03,Kauhava lentokenttä,-0.3,7.1,12.0
2015-01-03,Ähtäri Inha,-1.5,7.9,20.0
2015-01-03,Halsua Purola,-2.2,7.5,30.0
2015-01-03,Alajärvi Möksy,-2.1,3.4,
2015-01-03,Multia Karhila,-2.0,3.8,18.0
2015-01-03,Viitasaari Haapaniemi,-2.1,0.4,21.0
2015-01-03,Äänekoski Kalaniemi,,0.9,22.0
2015-01-03,Viitasaari Kärnä,,1.0,33.0
2015-01-03,Vesanto kirkonkylä,-1.8,1.8,24.0
2015-01-03,Pielavesi Venetmäki,,1.8,44.0
2015-01-03,Siilinjärvi Kuopio lentoasema,-1.6,,
2015-01-03,Kuopio Maaninka,-1.7,0.5,28.0
2015-01-03,Lapinlahti Lamminkäyrä,,0.8,29.0
2015-01-03,Suonenjoki Iisvesi,,4.4,26.0
2015-01-03,Kuopio Karttula,,1.9,29.0
2015-01-03,Kuopio Ritoniemi,-1.4,,
2015-01-03,Kuopio Savilahti,-1.5,2.0,25.0
2015-01-03,Heinävesi Palokki,,3.1,27.0
2015-01-03,Outokumpu Viuruniemi,,1.5,22.0
2015-01-03,Rautavaara Ala-Luosta,,1.8,25.0
2015-01-03,Rautavaara Ylä-Luosta,-2.7,2.2,40.0
2015-01-03,Liperi Joensuu lentoasema,-1.6,,
2015-01-03,Juuka Niemelä,-2.2,4.5,25.0
2015-01-03,Joensuu Pyhäselkä,,1.7,21.0
2015-01-03,Lieksa Koli,,3.5,38.0
2015-01-03,Liperi Tuiskavanluoto,-1.2,,
2015-01-03,Joensuu Linnunlahti,-1.3,2.1,26.0
2015-01-03,Lieksa Lampela,-2.0,1.4,19.0
2015-01-03,Ilomantsi Naarva,,1.3,53.0
2015-01-03,Ilomantsi Pötsönvaara,-2.7,1.3,48.0
2015-01-03,Ilomantsi Mekrijärvi,-1.7,1.4,26.0
2015-01-03,Pietarsaari Kallan,0.3,,
2015-01-03,Kokkola Tankar,0.1,,
2015-01-03,Kruunupyy Kokkola-Pietarsaari lentoasema,-0.7,,
2015-01-03,Kaustinen Tastula,,11.4,26.0
2015-01-03,Kalajoki Ulkokalla,0.0,,
2015-01-03,Kokkola Santahaka,-0.5,16.4,6.0
2015-01-03,Toholampi Oravala,,7.8,23.0
2015-01-03,Kalajoki Pitkäsenkylä,,18.0,18.0
2015-01-03,Kalajoki Mehtäkylä,,3.0,15.0
2015-01-03,Toholampi Laitala,-2.0,,
2015-01-03,Ylivieska lentokenttä,-2.2,2.1,21.0
2015-01-03,Ylivieska Vähäkangas,,4.4,24.0
2015-01-03,Haapavesi Mustikkamäki,-2.7,2.9,22.0
2015-01-03,Kärsämäki Venetpalo,,1.3,26.0
2015-01-03,Pyhäjärvi Ojakylä,-2.7,0.9,28.0
2015-01-03,Pyhäjärvi Hiidenniemi,,1.1,27.0
2015-01-03,Kiuruvesi Korpijoki,,1.1,16.0
2015-01-03,Siikalatva Kestilä,,3.0,22.0
2015-01-03,Kajaani Saaresmäki,,2.2,40.0
2015-01-03,Kajaani lentoasema,-3.5,,
2015-01-03,Vieremä Kaarakkala,-3.4,2.0,40.0
2015-01-03,Kajaani Paltaniemi,,1.2,21.0
2015-01-03,Nurmes Valtimo,-2.7,0.4,29.0
2015-01-03,Sotkamo Saviaho,,2.0,35.0
2015-01-03,Ristijärvi Mustavaara,,1.5,58.0
2015-01-03,Sotkamo Kuolaniemi,-3.4,0.7,27.0
2015-01-03,Nurmes Mujejärvi,,2.5,45.0
2015-01-03,Kuhmo Apaja,,2.0,46.0
2015-01-03,Kuhmo Kalliojoki,-4.3,2.1,43.0
2015-01-03,Hailuoto Keskikylä,-2.0,4.9,17.0
2015-01-03,Kemi I majakka,-1.1,,
2015-01-03,Hailuoto Marjaniemi,-1.7,,
2015-01-03,Raahe Lapaluoto satama,-1.9,,
2015-01-03,Oulu lentoasema,-2.3,,
2015-01-03,Siikajoki Ruukki,-2.3,6.7,23.0
2015-01-03,Tyrnävä Temmes,,2.0,20.0
2015-01-03,Oulu Vihreäsaari satama,-2.2,,
2015-01-03,Oulu Oulunsalo Pellonpää,-2.2,4.1,23.0
2015-01-03,Vaala Pelso,-3.6,1.2,22.0
2015-01-03,Pudasjärvi lentokenttä,-4.0,0.2,35.0
2015-01-03,Utajärvi Särkijärvi,,1.3,29.0
2015-01-03,Pudasjärvi Jaurakkajärvi,,0.2,42.0
2015-01-03,Suomussalmi Näljänkä,,1.0,53.0
2015-01-03,Suomussalmi Pesiö,-5.3,0.5,50.0
2015-01-03,Puolanka Kotila,,2.3,48.0
2015-01-03,Puolanka Paljakka,-5.6,1.6,59.0
2015-01-03,Kemi Kemi-Tornio lentoasema,-1.4,,
2015-01-03,Kemi Ajos,-1.4,,
2015-01-03,Tornio Aapajärvi,,4.7,44.0
2015-01-03,Tornio Kaakkuri,-1.3,4.9,22.0
2015-01-03,Ranua lentokenttä,-3.8,3.0,54.0
2015-01-03,Pudasjärvi Sarakylä,,0.6,45.0
2015-01-03,Posio Raistakka,,0.5,52.0
2015-01-03,Taivalkoski Inkee,,1.0,56.0
2015-01-03,Taivalkoski kirkonkylä,-5.4,0.7,46.0
2015-01-03,Kuusamo lentoasema,-6.6,,
2015-01-03,Kuusamo Kiutaköngäs,-5.8,0.4,41.0
2015-01-03,Kuusamo Toranginaho,,0.8,52.0
2015-01-03,Kuusamo Rukatunturi,-8.2,,
2015-01-03,Kuusamo Teeriranta,,0.3,50.0
2015-01-03,Ylitornio Meltosjärvi,-2.2,6.8,32.0
2015-01-03,Pello Konttajärvi,,2.9,47.0
2015-01-03,Kolari Kattilamaa,,2.8,48.0
2015-01-03,Pello kirkonkylä,-2.2,1.6,37.0
2015-01-03,Kittilä Alakylä,,3.5,50.0
2015-01-03,Rovaniemi rautatieasema,-2.6,,
2015-01-03,Sodankylä Tähtelä,-4.4,6.4,50.0
2015-01-03,Rovaniemi Apukka,-3.0,1.0,35.0
2015-01-03,Pelkosenniemi kirkonkylä,,1.9,47.0
2015-01-03,Kemijärvi lentokenttä,-4.8,2.2,50.0
2015-01-03,Savukoski kirkonkylä,-5.4,0.5,54.0
2015-01-03,Salla Kelloselkä,,-1.0,34.0
2015-01-03,Pelkosenniemi Pyhätunturi,-6.4,,
2015-01-03,Salla kirkonkylä,-5.3,0.4,38.0
2015-01-03,Salla Naruska,-6.0,0.3,50.0
2015-01-03,Enontekiö Kaaresuvanto,,2.5,40.0
2015-01-03,Muonio Alamuonio,-4.1,,50.0
2015-01-03,Enontekiö Hetta,,3.3,48.0
2015-01-03,Kittilä Pulju,,5.4,55.0
2015-01-03,Kittilä Levitunturi,-6.3,,
2015-01-03,Muonio Laukukero,-7.2,,
2015-01-03,Muonio Sammaltunturi,-6.3,,
2015-01-03,Kittilä Matorova,-5.0,,
2015-01-03,Kittilä lentoasema,-3.9,,
2015-01-03,Kittilä Kenttärova,-5.0,4.0,54.0
2015-01-03,Kittilä Pakatti,-3.9,3.0,47.0
2015-01-03,Kittilä Pokka,-5.3,1.5,
2015-01-03,Sodankylä Lokka,-5.5,0.4,48.0
2015-01-03,Sodankylä Vuotso,-5.9,1.3,
2015-01-03,Inari Saariselkä matkailukeskus,-6.3,-1.0,54.0
2015-01-03,Inari Saariselkä Kaunispää,-7.3,,
2015-01-03,Savukoski Ruuvaoja,,-1.0,50.0
2015-01-03,Inari Raja-Jooseppi Kontiojärvi,,-1.0,28.0
2015-01-03,Inari Raja-Jooseppi,-6.6,,
2015-01-03,Salla Värriötunturi,-7.9,0.4,42.0
2015-01-03,Enontekiö Kilpisjärvi kyläkeskus,-10.3,0.2,43.0
2015-01-03,Enontekiö Kilpisjärvi Saana,-6.5,,
2015-01-03,Enontekiö Näkkälä,-5.2,0.5,49.0
2015-01-03,Inari Angeli,,6.8,53.0
2015-01-03,Inari Angeli Lintupuoliselkä,-5.6,3.8,41.0
2015-01-03,Inari Ivalo lentoasema,-5.4,,
2015-01-03,Utsjoki Kevo,-3.9,1.4,41.0
2015-01-03,Utsjoki Nuorgam,-2.5,-1.0,37.0
2015-01-03,Utsjoki Leppälä,,2.6,44.0
2015-01-03,Inari Väylä,-5.1,,
2015-01-03,Inari kirkonkylä,,-1.0,48.0
2015-01-03,Inari Kaamanen,-5.1,2.5,39.0
2015-01-03,Inari Nellim,-5.6,0.1,36.0
2015-01-03,Inari Kirakkajärvi,-5.3,0.1,42.0
2015-01-03,Muonio Oustajärvi,-4.0,3.8,50.0
2015-01-03,Kajaani Petäisenniska,-3.5,0.9,32.0
2015-01-03,Utsjoki Kevo Kevojärvi,-3.8,,
2015-01-03,Inari Seitalaassa,-5.2,,
2015-01-03,Rovaniemi lentoasema AWOS,-3.6,3.0,43.0
2015-01-03,Jyväskylä lentoasema AWOS,-1.3,1.1,17.0
2015-01-03,Puumala kirkonkylä,-0.3,1.8,4.0
2015-01-03,Helsinki Vuosaari satama,1.8,,
2015-01-03,Lumparland Långnäs satama,3.2,-1.0,-1.0
2015-01-03,Tampere Tampella,0.5,,
2015-01-03,Kittilä Lompolonvuoma,-4.5,,
2015-01-03,Kuusamo Ruka Talvijärvi,-6.9,,
2015-01-03,Espoo Nuuksio,0.4,6.1,7.0
2015-01-03,Mikkeli Lentoasema AWOS,-0.4,2.3,16.0
2015-01-03,Espoo Tapiola,1.8,3.3,-1.0
2015-01-04,Jomala Maarianhamina lentoasema,2.4,,
2015-01-04,Parainen Utö,2.8,0.1,-1.0
2015-01-04,Lemland Nyhamn,2.7,,
2015-01-04,Jomala Jomalaby,2.0,0.4,-1.0
2015-01-04,Hammarland Märket,2.3,,
2015-01-04,Kökar Bogskär,2.8,,
2015-01-04,Parainen Fagerholm,2.4,-1.0,
2015-01-04,Kumlinge kirkonkylä,2.5,,
2015-01-04,Hanko Russarö,0.1,,
2015-01-04,Kaarina Yltöinen,-1.3,0.5,7.0
2015-01-04,Kemiönsaari Vänö,1.8,,
2015-01-04,Hanko Tulliniemi,-0.2,,
2015-01-04,Turku Rajakari,0.9,,
2015-01-04,Turku Artukainen,-0.3,-1.0,0.0
2015-01-04,Kemiönsaari Kemiö,-1.3,0.2,7.0
2015-01-04,Hanko Tvärminne,-0.5,0.4,0.0
2015-01-04,Salo Kärkkä,-1.0,0.5,
2015-01-04,Lohja Leppäkorpi,,0.5,2.0
2015-01-04,Raasepori Jussarö,-0.4,,
2015-01-04,Salo Kiikala lentokenttä,-1.8,1.7,9.0
2015-01-04,Vantaa Helsinki-Vantaan lentoasema,-2.4,0.1,2.0
2015-01-04,Inkoo Bågaskär,-0.3,,
2015-01-04,Helsinki Kaisaniemi,-1.6,0.1,-1.0
2015-01-04,Lohja Porla,-0.7,-1.0,0.0
2015-01-04,Vihti Maasoja,-1.4,,
2015-01-04,Helsinki Harmaja,-1.0,,
2015-01-04,Kirkkonummi Mäkiluoto,-0.1,,
2015-01-04,Helsinki Helsingin majakka,-1.1,,
2015-01-04,Helsinki Kumpula,-1.8,-1.0,0.0
2015-01-04,Espoo Sepänkylä,-1.7,,
2015-01-04,Helsinki Rautatientori,-1.3,,
2015-01-04,Porvoo Kalbådagrund,-1.9,,
2015-01-04,Porvoo Emäsalo,-2.7,,
2015-01-04,Porvoo Harabacka,-3.1,-1.0,0.0
2015-01-04,Kotka Rankki,-3.4,,
2015-01-04,Loviisa Orrengrund,-2.7,,
2015-01-04,Kotka Haapasaari,-3.4,,
2015-01-04,Pori lentoasema,-0.6,,
2015-01-04,Uusikaupunki Itätulli,,-1.0,-1.0
2015-01-04,Laitila Haukka,,-1.0,-1.0
2015-01-04,Kustavi Isokari,2.5,0.6,
2015-01-04,Rauma Kylmäpihlaja,1.5,,
2015-01-04,Pori rautatieasema,-0.5,-1.0,-1.0
2015-01-04,Turku lentoasema,-1.3,,
2015-01-04,Kokemäki Rausenkulma,,-1.0,10.0
2015-01-04,Lieto Tammentaka,,-1.0,12.0
2015-01-04,Huittinen Sallila,,0.7,5.0
2015-01-04,Köyliö Yttilä,,0.5,6.0
2015-01-04,Oripää Teinikivi,,0.6,15.0
2015-01-04,Pöytyä Yläne,,0.2,12.0
2015-01-04,Kokemäki Tulkkila,-1.6,-1.0,11.0
2015-01-04,Jokioinen Ilmala,-1.7,0.6,10.0
2015-01-04,Nokia Tottijärvi,,0.3,3.0
2015-01-04,Pirkkala Tampere-Pirkkala lentoasema,-2.4,,
2015-01-04,Tampere Härmälä,-2.3,0.2,7.0
2015-01-04,Somero Salkola,-2.3,0.3,14.0
2015-01-04,Hyvinkää Hyvinkäänkylä,-2.9,0.1,6.0
2015-01-04,Vihti Hiiskula,,0.4,2.0
2015-01-04,Hausjärvi Lavinto,,0.4,7.0
2015-01-04,Hämeenlinna Pirttikoski,,3.3,11.0
2015-01-04,Nurmijärvi Röykkä,-2.6,0.5,5.0
2015-01-04,Hämeenlinna Katinen,-2.8,1.5,
2015-01-04,Hattula Lepaa,-2.9,0.4,11.0
2015-01-04,Lahti Laune,-4.3,0.1,7.0
2015-01-04,Hämeenlinna Lammi Pappila,-4.2,0.5,7.0
2015-01-04,Mäntsälä Hirvihaara Kuntomajantie,,0.2,3.0
2015-01-04,Asikkala Urajärvi,,0.0,9.0
2015-01-04,Asikkala Pulkkilanharju,-4.3,,
2015-01-04,Hämeenlinna Lammi Evo,-4.7,,
2015-01-04,Kouvola Utti lentoasema,-5.6,0.1,13.0
2015-01-04,Kouvola Anjala,-4.5,-1.0,0.0
2015-01-04,Heinola Asemantaus,-5.3,-1.0,6.0
2015-01-04,Iitti Kausala,,-1.0,6.0
2015-01-04,Kouvola Voikoski,,-1.0,6.0
2015-01-04,Virolahti Koivuniemi,-4.7,0.0,1.0
2015-01-04,Lappeenranta lentoasema,-6.4,,
2015-01-04,Lappeenranta Konnunsuo,-6.1,,
2015-01-04,Lappeenranta Lepola,-6.3,0.1,4.0
2015-01-04,Ruokolahti Kotaniemi,,0.2,10.0
2015-01-04,Lappeenranta Hiekkapakka,-6.3,,
2015-01-04,Rautjärvi Simpele Kangaskoski,,-1.0,8.0
2015-01-04,Parikkala Koitsanlahti,-7.5,,
2015-01-04,Kaskinen Sälgrund,-0.5,-1.0,
2015-01-04,Merikarvia Tuorila,,0.0,0.0
2015-01-04,Isojoki Kärjenkoski,,0.2,3.0
2015-01-04,Teuva Kauppilankylä,,0.3,10.0
2015-01-04,Pori Tahkoluoto satama,0.8,,
2015-01-04,Kristiinankaupunki Majakka,0.2,,
2015-01-04,Karvia Alkkia,-2.9,0.6,22.0
2015-01-04,Pori Lavia,,0.4,12.0
2015-01-04,Ikaalinen Vehuvarpee,,0.8,12.0
2015-01-04,Kauhajoki kaupunki,,0.2,14.0
2015-01-04,Kurikka Hirvijärvi,,0.5,23.0
2015-01-04,Kauhajoki Kuja-Kokko,-2.2,0.1,11.0
2015-01-04,Kankaanpää Niinisalo lentokenttä,-2.0,0.1,10.0
2015-01-04,Alavus Sulkavankylä,,0.9,11.0
2015-01-04,Virrat Äijänneva,-4.2,,
2015-01-04,Tampere Siilinkari,-2.2,,
2015-01-04,Jämsä Halli lentoasema,-4.9,0.6,14.0
2015-01-04,Juupajoki Hyytiälä,-4.3,3.6,19.0
2015-01-04,Sysmä Joutsjärvi,,0.0,7.0
2015-01-04,Luhanka Tammijärvi,,0.2,17.0
2015-01-04,Jyväskylä Muuratjärvi,,0.0,17.0
2015-01-04,Luhanka Judinsalo,-4.8,,
2015-01-04,Multia Pirttiperä,,0.6,30.0
2015-01-04,Joutsa Savenaho,-6.8,-1.0,21.0
2015-01-04,Kangasniemi kirkonkylä,,-1.0,24.0
2015-01-04,Joutsa Pärnämäki,,0.0,20.0
2015-01-04,Mikkeli Pitkähiekka,,0.1,8.0
2015-01-04,Juva Partala,-8.0,,
2015-01-04,Joroinen Varkaus lentoasema,-7.9,,
2015-01-04,Varkaus Kosulanniemi,-8.1,-1.0,16.0
2015-01-04,Savonlinna Laukansaari,,0.1,8.0
2015-01-04,Sulkava Halttula,,-1.0,12.0
2015-01-04,Savonlinna lentoasema,-8.3,,
2015-01-04,Rantasalmi Rukkasluoto,-7.6,,
2015-01-04,Savonlinna Punkaharju Laukansaari,-7.9,-1.0,15.0
2015-01-04,Enonkoski Simanala,,0.2,25.0
2015-01-04,Savonlinna Savonranta,,0.0,16.0
2015-01-04,Rääkkylä kirkonkylä,,0.2,24.0
2015-01-04,Tohmajärvi Kemie,-9.1,-1.0,32.0
2015-01-04,Joensuu Huhtilampi,,-1.0,40.0
2015-01-04,Vaasa lentoasema,-1.5,,
2015-01-04,Mustasaari Valassaaret,-1.1,,
2015-01-04,Närpiö Ylimarkku,,-1.0,-1.0
2015-01-04,Mustasaari Riimala,,0.2,16.0
2015-01-04,Kurikka Pyörni,,0.4,24.0
2015-01-04,Korsnäs Bredskäret,-0.7,,
2015-01-04,Maalahti Strömmingsbådan,0.0,,
2015-01-04,Vaasa Klemettilä,-1.2,-1.0,4.0
2015-01-04,Seinäjoki Pelmaa,-2.4,0.2,17.0
2015-01-04,Kauhava lentokenttä,-3.8,0.2,23.0
2015-01-04,Ähtäri Inha,-5.3,0.8,24.0
2015-01-04,Halsua Purola,-6.9,0.3,35.0
2015-01-04,Alajärvi Möksy,-6.3,1.1,25.0
2015-01-04,Multia Karhila,-6.5,0.5,22.0
2015-01-04,Viitasaari Haapaniemi,-8.0,-1.0,21.0
2015-01-04,Äänekoski Kalaniemi,,-1.0,20.0
2015-01-04,Viitasaari Kärnä,,0.0,35.0
2015-01-04,Vesanto kirkonkylä,-8.4,0.1,26.0
2015-01-04,Pielavesi Venetmäki,,0.2,44.0
2015-01-04,Siilinjärvi Kuopio lentoasema,-9.2,,
2015-01-04,Kuopio Maaninka,-9.0,-1.0,27.0
2015-01-04,Lapinlahti Lamminkäyrä,,-1.0,25.0
2015-01-04,Suonenjoki Iisvesi,,0.4,31.0
2015-01-04,Kuopio Karttula,,0.2,29.0
2015-01-04,Kuopio Ritoniemi,-9.1,,
2015-01-04,Kuopio Savilahti,-8.8,-1.0,26.0
2015-01-04,Heinävesi Palokki,,0.2,28.0
2015-01-04,Outokumpu Viuruniemi,,-1.0,22.0
2015-01-04,Rautavaara Ala-Luosta,,0.0,27.0
2015-01-04,Rautavaara Ylä-Luosta,-10.9,0.2,40.0
2015-01-04,Liperi Joensuu lentoasema,-9.7,,
2015-01-04,Juuka Niemelä,-10.4,0.2,26.0
2015-01-04,Joensuu Pyhäselkä,,0.0,21.0
2015-01-04,Lieksa Koli,,0.2,39.0
2015-01-04,Liperi Tuiskavanluoto,-9.0,,
2015-01-04,Joensuu Linnunlahti,-9.2,-1.0,26.0
2015-01-04,Lieksa Lampela,-10.6,-1.0,20.0
2015-01-04,Ilomantsi Naarva,,0.2,50.0
2015-01-04,Ilomantsi Pötsönvaara,-10.8,-1.0,49.0
2015-01-04,Ilomantsi Mekrijärvi,-10.2,-1.0,29.0
2015-01-04,Pietarsaari Kallan,-2.8,,
2015-01-04,Kokkola Tankar,-3.4,,
2015-01-04,Kruunupyy Kokkola-Pietarsaari lentoasema,-4.5,,
2015-01-04,Kaustinen Tastula,,1.0,28.0
2015-01-04,Kalajoki Ulkokalla,-3.6,,
2015-01-04,Kokkola Santahaka,-4.2,0.7,18.0
2015-01-04,Toholampi Oravala,,-1.0,29.0
2015-01-04,Kalajoki Pitkäsenkylä,,-1.0,23.0
2015-01-04,Kalajoki Mehtäkylä,,-1.0,17.0
2015-01-04,Toholampi Laitala,-6.5,,
2015-01-04,Ylivieska lentokenttä,-7.4,-1.0,23.0
2015-01-04,Ylivieska Vähäkangas,,0.2,27.0
2015-01-04,Haapavesi Mustikkamäki,-8.2,0.3,24.0
2015-01-04,Kärsämäki Venetpalo,,0.2,26.0
2015-01-04,Pyhäjärvi Ojakylä,-8.7,-1.0,29.0
2015-01-04,Pyhäjärvi Hiidenniemi,,0.0,27.0
2015-01-04,Kiuruvesi Korpijoki,,0.3,15.0
2015-01-04,Siikalatva Kestilä,,-1.0,24.0
2015-01-04,Kajaani Saaresmäki,,0.0,41.0
2015-01-04,Kajaani lentoasema,-10.8,,
2015-01-04,Vieremä Kaarakkala,-10.6,0.2,41.0
2015-01-04,Kajaani Paltaniemi,,0.0,21.0
2015-01-04,Nurmes Valtimo,-10.8,-1.0,28.0
2015-01-04,Sotkamo Saviaho,,0.2,37.0
2015-01-04,Ristijärvi Mustavaara,,-1.0,58.0
2015-01-04,Sotkamo Kuolaniemi,-11.1,-1.0,28.0
2015-01-04,Nurmes Mujejärvi,,0.1,46.0
2015-01-04,Kuhmo Apaja,,0.3,48.0
2015-01-04,Kuhmo Kalliojoki,-11.3,0.7,44.0
2015-01-04,Hailuoto Keskikylä,-7.5,-1.0,24.0
2015-01-04,Kemi I majakka,-5.9,,
2015-01-04,Hailuoto Marjaniemi,-7.3,,
2015-01-04,Raahe Lapaluoto satama,-7.0,,
2015-01-04,Oulu lentoasema,-8.2,,
2015-01-04,Siikajoki Ruukki,-8.3,-1.0,29.0
2015-01-04,Tyrnävä Temmes,,4.9,21.0
2015-01-04,Oulu Vihreäsaari satama,-8.0,,
2015-01-04,Oulu Oulunsalo Pellonpää,-8.0,-1.0,27.0
2015-01-04,Vaala Pelso,-9.4,-1.0,22.0
2015-01-04,Pudasjärvi lentokenttä,-10.7,-1.0,33.0
2015-01-04,Utajärvi Särkijärvi,,-1.0,29.0
2015-01-04,Pudasjärvi Jaurakkajärvi,,0.0,42.0
2015-01-04,Suomussalmi Näljänkä,,0.2,51.0
2015-01-04,Suomussalmi Pesiö,-11.5,0.0,50.0
2015-01-04,Puolanka Kotila,,0.3,48.0
2015-01-04,Puolanka Paljakka,-12.3,0.1,59.0
2015-01-04,Kemi Kemi-Tornio lentoasema,-8.8,,
2015-01-04,Kemi Ajos,-8.3,,
2015-01-04,Tornio Aapajärvi,,-1.0,48.0
2015-01-04,Tornio Kaakkuri,-8.3,-1.0,26.0
2015-01-04,Ranua lentokenttä,-11.5,-1.0,55.0
2015-01-04,Pudasjärvi Sarakylä,,-1.0,46.0
2015-01-04,Posio Raistakka,,0.0,51.0
2015-01-04,Taivalkoski Inkee,,0.0,55.0
2015-01-04,Taivalkoski kirkonkylä,-12.0,-1.0,46.0
2015-01-04,Kuusamo lentoasema,-12.5,,
2015-01-04,Kuusamo Kiutaköngäs,-14.8,-1.0,44.0
2015-01-04,Kuusamo Toranginaho,,-1.0,53.0
2015-01-04,Kuusamo Rukatunturi,-13.3,,
2015-01-04,Kuusamo Teeriranta,,-1.0,50.0
2015-01-04,Ylitornio Meltosjärvi,-10.0,-1.0,40.0
2015-01-04,Pello Konttajärvi,,-1.0,49.0
2015-01-04,Kolari Kattilamaa,,0.7,51.0
2015-01-04,Pello kirkonkylä,-8.9,-1.0,39.0
2015-01-04,Kittilä Alakylä,,-1.0,54.0
2015-01-04,Rovaniemi rautatieasema,-9.7,,
2015-01-04,Sodankylä Tähtelä,-11.9,-1.0,58.0
2015-01-04,Rovaniemi Apukka,-10.5,-1.0,34.0
2015-01-04,Pelkosenniemi kirkonkylä,,-1.0,47.0
2015-01-04,Kemijärvi lentokenttä,-12.7,-1.0,51.0
2015-01-04,Savukoski kirkonkylä,-12.5,-1.0,54.0
2015-01-04,Salla Kelloselkä,,2.6,34.0
2015-01-04,Pelkosenniemi Pyhätunturi,-12.6,,
2015-01-04,Salla kirkonkylä,-14.6,0.0,39.0
2015-01-04,Salla Naruska,-15.6,-1.0,49.0
2015-01-04,Enontekiö Kaaresuvanto,,0.2,40.0
2015-01-04,Muonio Alamuonio,-9.7,,52.0
2015-01-04,Enontekiö Hetta,,0.2,55.0
2015-01-04,Kittilä Pulju,,-1.0,55.0
2015-01-04,Kittilä Levitunturi,-11.6,,
2015-01-04,Muonio Laukukero,-12.8,,
2015-01-04,Muonio Sammaltunturi,-11.6,,
2015-01-04,Kittilä Matorova,-10.8,,
2015-01-04,Kittilä lentoasema,-9.6,,
2015-01-04,Kittilä Kenttärova,-11.0,-1.0,57.0
2015-01-04,Kittilä Pakatti,-10.5,-1.0,51.0
2015-01-04,Kittilä Pokka,-10.9,-1.0,57.0
2015-01-04,Sodankylä Lokka,-12.9,1.2,49.0
2015-01-04,Sodankylä Vuotso,-13.0,-1.0,53.0
2015-01-04,Inari Saariselkä matkailukeskus,-11.5,-1.0,53.0
2015-01-04,Inari Saariselkä Kaunispää,-11.6,,
2015-01-04,Savukoski Ruuvaoja,,-1.0,50.0
2015-01-04,Inari Raja-Jooseppi Kontiojärvi,,-1.0,28.0
2015-01-04,Inari Raja-Jooseppi,-11.1,,
2015-01-04,Salla Värriötunturi,-13.5,-1.0,45.0
2015-01-04,Enontekiö Kilpisjärvi kyläkeskus,-9.4,0.2,43.0
2015-01-04,Enontekiö Kilpisjärvi Saana,-11.8,,
2015-01-04,Enontekiö Näkkälä,-10.6,-1.0,50.0
2015-01-04,Inari Angeli,,-1.0,57.0
2015-01-04,Inari Angeli Lintupuoliselkä,-10.9,-1.0,44.0
2015-01-04,Inari Ivalo lentoasema,-12.3,,
2015-01-04,Utsjoki Kevo,-13.6,-1.0,41.0
2015-01-04,Utsjoki Nuorgam,-13.3,-1.0,37.0
2015-01-04,Utsjoki Leppälä,,-1.0,46.0
2015-01-04,Inari Väylä,-13.5,,
2015-01-04,Inari kirkonkylä,,-1.0,48.0
2015-01-04,Inari Kaamanen,-14.3,-1.0,42.0
2015-01-04,Inari Nellim,-12.9,-1.0,35.0
2015-01-04,Inari Kirakkajärvi,-13.0,-1.0,43.0
2015-01-04,Muonio Oustajärvi,-9.5,-1.0,55.0
2015-01-04,Kajaani Petäisenniska,-10.6,-1.0,33.0
2015-01-04,Utsjoki Kevo Kevojärvi,-15.3,,
2015-01-04,Inari Seitalaassa,-13.0,,
2015-01-04,Rovaniemi lentoasema AWOS,-11.0,-1.0,44.0
2015-01-04,Jyväskylä lentoasema AWOS,-6.9,0.0,18.0
2015-01-04,Puumala kirkonkylä,-7.3,-1.0,5.0
2015-01-04,Helsinki Vuosaari satama,-2.0,,
2015-01-04,Lumparland Långnäs satama,2.2,0.6,-1.0
2015-01-04,Tampere Tampella,-2.2,,
2015-01-04,Kittilä Lompolonvuoma,-11.7,,
2015-01-04,Kuusamo Ruka Talvijärvi,-13.1,,
2015-01-04,Espoo Nuuksio,-2.2,0.2,11.0
2015-01-04,Mikkeli Lentoasema AWOS,-7.0,-1.0,20.0
2015-01-04,Espoo Tapiola,-1.5,0.1,-1.0
2015-01-05,Jomala Maarianhamina lentoasema,-2.9,,
2015-01-05,Parainen Utö,-3.5,-1.0,-1.0
2015-01-05,Lemland Nyhamn,-1.6,,
2015-01-05,Jomala Jomalaby,-2.6,-1.0,-1.0
2015-01-05,Hammarland Märket,-0.3,,
2015-01-05,Kökar Bogskär,-1.1,,
2015-01-05,Parainen Fagerholm,-5.0,-1.0,
2015-01-05,Kumlinge kirkonkylä,-4.3,,
2015-01-05,Hanko Russarö,-6.3,,
2015-01-05,Kaarina Yltöinen,-9.2,-1.0,8.0
2015-01-05,Kemiönsaari Vänö,-5.6,,
2015-01-05,Hanko Tulliniemi,-6.7,,
2015-01-05,Turku Rajakari,-6.5,,
2015-01-05,Turku Artukainen,-8.1,-1.0,2.0
2015-01-05,Kemiönsaari Kemiö,-8.9,-1.0,6.0
2015-01-05,Hanko Tvärminne,-7.1,-1.0,3.0
2015-01-05,Salo Kärkkä,-9.4,-1.0,
2015-01-05,Lohja Leppäkorpi,,-1.0,2.0
2015-01-05,Raasepori Jussarö,-7.2,,
2015-01-05,Salo Kiikala lentokenttä,-11.0,-1.0,9.0
2015-01-05,Vantaa Helsinki-Vantaan lentoasema,-10.2,0.0,2.0
2015-01-05,Inkoo Bågaskär,-7.0,,
2015-01-05,Helsinki Kaisaniemi,-8.8,-1.0,-1.0
2015-01-05,Lohja Porla,-8.9,-1.0,0.0
2015-01-05,Vihti Maasoja,-10.5,,
2015-01-05,Helsinki Harmaja,-7.6,,
2015-01-05,Kirkkonummi Mäkiluoto,-7.4,,
2015-01-05,Helsinki Helsingin majakka,-7.4,,
2015-01-05,Helsinki Kumpula,-9.4,-1.0,2.0
2015-01-05,Espoo Sepänkylä,-9.7,,
2015-01-05,Helsinki Rautatientori,-8.4,,
2015-01-05,Porvoo Kalbådagrund,-7.5,,
2015-01-05,Porvoo Emäsalo,-9.3,,
2015-01-05,Porvoo Harabacka,-10.1,-1.0,0.0
2015-01-05,Kotka Rankki,-9.0,,
2015-01-05,Loviisa Orrengrund,-8.1,,
2015-01-05,Kotka Haapasaari,-8.6,,
2015-01-05,Pori lentoasema,-9.3,,
2015-01-05,Uusikaupunki Itätulli,,-1.0,-1.0
2015-01-05,Laitila Haukka,,-1.0,-1.0
2015-01-05,Kustavi Isokari,-4.9,-1.0,
2015-01-05,Rauma Kylmäpihlaja,-6.4,,
2015-01-05,Pori rautatieasema,-9.0,-1.0,-1.0
2015-01-05,Turku lentoasema,-9.3,,
2015-01-05,Kokemäki Rausenkulma,,-1.0,9.0
2015-01-05,Lieto Tammentaka,,-1.0,12.0
2015-01-05,Huittinen Sallila,,-1.0,5.0
2015-01-05,Köyliö Yttilä,,-1.0,7.0
2015-01-05,Oripää Teinikivi,,-1.0,14.0
2015-01-05,Pöytyä Yläne,,-1.0,12.0
2015-01-05,Kokemäki Tulkkila,-10.4,-1.0,11.0
2015-01-05,Jokioinen Ilmala,-12.2,-1.0,10.0
2015-01-05,Nokia Tottijärvi,,-1.0,3.0
2015-01-05,Pirkkala Tampere-Pirkkala lentoasema,-12.6,,
2015-01-05,Tampere Härmälä,-12.1,-1.0,6.0
2015-01-05,Somero Salkola,-11.2,-1.0,13.0
2015-01-05,Hyvinkää Hyvinkäänkylä,-11.2,-1.0,7.0
2015-01-05,Vihti Hiiskula,,-1.0,3.0
2015-01-05,Hausjärvi Lavinto,,-1.0,7.0
2015-01-05,Hämeenlinna Pirttikoski,,-1.0,11.0
2015-01-05,Nurmijärvi Röykkä,-10.8,-1.0,5.0
2015-01-05,Hämeenlinna Katinen,-11.6,-1.0,
2015-01-05,Hattula Lepaa,-12.1,-1.0,9.0
2015-01-05,Lahti Laune,-11.3,-1.0,7.0
2015-01-05,Hämeenlinna Lammi Pappila,-12.6,-1.0,8.0
2015-01-05,Mäntsälä Hirvihaara Kuntomajantie,,-1.0,3.0
2015-01-05,Asikkala Urajärvi,,-1.0,9.0
2015-01-05,Asikkala Pulkkilanharju,-11.1,,
2015-01-05,Hämeenlinna Lammi Evo,-13.6,,
2015-01-05,Kouvola Utti lentoasema,-12.6,0.1,13.0
2015-01-05,Kouvola Anjala,-10.9,-1.0,2.0
2015-01-05,Heinola Asemantaus,-12.3,-1.0,6.0
2015-01-05,Iitti Kausala,,-1.0,6.0
2015-01-05,Kouvola Voikoski,,-1.0,6.0
2015-01-05,Virolahti Koivuniemi,-11.2,-1.0,1.0
2015-01-05,Lappeenranta lentoasema,-11.8,,
2015-01-05,Lappeenranta Konnunsuo,-11.9,,
2015-01-05,Lappeenranta Lepola,-11.6,-1.0,3.0
2015-01-05,Ruokolahti Kotaniemi,,-1.0,11.0
2015-01-05,Lappeenranta Hiekkapakka,-11.4,,
2015-01-05,Rautjärvi Simpele Kangaskoski,,-1.0,8.0
2015-01-05,Parikkala Koitsanlahti,-12.5,,
2015-01-05,Kaskinen Sälgrund,-8.7,-1.0,
2015-01-05,Merikarvia Tuorila,,-1.0,0.0
2015-01-05,Isojoki Kärjenkoski,,-1.0,3.0
2015-01-05,Teuva Kauppilankylä,,-1.0,10.0
2015-01-05,Pori Tahkoluoto satama,-7.6,,
2015-01-05,Kristiinankaupunki Majakka,-8.1,,
2015-01-05,Karvia Alkkia,-15.2,-1.0,20.0
2015-01-05,Pori Lavia,,-1.0,12.0
2015-01-05,Ikaalinen Vehuvarpee,,-1.0,11.0
2015-01-05,Kauhajoki kaupunki,,-1.0,15.0
2015-01-05,Kurikka Hirvijärvi,,-1.0,23.0
2015-01-05,Kauhajoki Kuja-Kokko,-13.6,-1.0,9.0
2015-01-05,Kankaanpää Niinisalo lentokenttä,-12.9,-1.0,10.0
2015-01-05,Alavus Sulkavankylä,,-1.0,12.0
2015-01-05,Virrat Äijänneva,-16.7,,
2015-01-05,Tampere Siilinkari,-10.9,,
2015-01-05,Jämsä Halli lentoasema,-14.5,-1.0,13.0
2015-01-05,Juupajoki Hyytiälä,-15.1,-1.0,20.0
2015-01-05,Sysmä Joutsjärvi,,-1.0,6.0
2015-01-05,Luhanka Tammijärvi,,-1.0,17.0
2015-01-05,Jyväskylä Muuratjärvi,,-1.0,17.0
2015-01-05,Luhanka Judinsalo,-10.8,,
2015-01-05,Multia Pirttiperä,,-1.0,30.0
2015-01-05,Joutsa Savenaho,-14.8,-1.0,20.0
2015-01-05,Kangasniemi kirkonkylä,,-1.0,24.0
2015-01-05,Joutsa Pärnämäki,,-1.0,20.0
2015-01-05,Mikkeli Pitkähiekka,,-1.0,8.0
2015-01-05,Juva Partala,-14.8,,
2015-01-05,Joroinen Varkaus lentoasema,-14.6,,
2015-01-05,Varkaus Kosulanniemi,-13.7,-1.0,16.0
2015-01-05,Savonlinna Laukansaari,,-1.0,8.0
2015-01-05,Sulkava Halttula,,-1.0,12.0
2015-01-05,Savonlinna lentoasema,-13.7,,
2015-01-05,Rantasalmi Rukkasluoto,-12.1,,
2015-01-05,Savonlinna Punkaharju Laukansaari,-12.7,-1.0,14.0
2015-01-05,Enonkoski Simanala,,-1.0,24.0
2015-01-05,Savonlinna Savonranta,,-1.0,16.0
2015-01-05,Rääkkylä kirkonkylä,,-1.0,24.0
2015-01-05,Tohmajärvi Kemie,-14.4,-1.0,32.0
2015-01-05,Joensuu Huhtilampi,,-1.0,40.0
2015-01-05,Vaasa lentoasema,-11.9,,
2015-01-05,Mustasaari Valassaaret,-7.2,,
2015-01-05,Närpiö Ylimarkku,,-1.0,-1.0
2015-01-05,Mustasaari Riimala,,-1.0,16.0
2015-01-05,Kurikka Pyörni,,-1.0,24.0
2015-01-05,Korsnäs Bredskäret,-9.0,,
2015-01-05,Maalahti Strömmingsbådan,-6.5,,
2015-01-05,Vaasa Klemettilä,-11.1,-1.0,3.0
2015-01-05,Seinäjoki Pelmaa,-15.3,2.3,16.0
2015-01-05,Kauhava lentokenttä,-18.3,-1.0,21.0
2015-01-05,Ähtäri Inha,-18.8,-1.0,24.0
2015-01-05,Halsua Purola,-20.2,-1.0,32.0
2015-01-05,Alajärvi Möksy,-20.7,3.8,23.0
2015-01-05,Multia Karhila,-17.1,-1.0,21.0
2015-01-05,Viitasaari Haapaniemi,-16.0,-1.0,19.0
2015-01-05,Äänekoski Kalaniemi,,0.2,20.0
2015-01-05,Viitasaari Kärnä,,-1.0,36.0
2015-01-05,Vesanto kirkonkylä,-16.3,-1.0,25.0
2015-01-05,Pielavesi Venetmäki,,-1.0,44.0
2015-01-05,Siilinjärvi Kuopio lentoasema,-14.9,,
2015-01-05,Kuopio Maaninka,-15.9,-1.0,26.0
2015-01-05,Lapinlahti Lamminkäyrä,,-1.0,25.0
2015-01-05,Suonenjoki Iisvesi,,0.0,31.0
2015-01-05,Kuopio Karttula,,-1.0,29.0
2015-01-05,Kuopio Ritoniemi,-15.1,,
2015-01-05,Kuopio Savilahti,-15.2,-1.0,25.0
2015-01-05,Heinävesi Palokki,,-1.0,28.0
2015-01-05,Outokumpu Viuruniemi,,-1.0,22.0
2015-01-05,Rautavaara Ala-Luosta,,-1.0,26.0
2015-01-05,Rautavaara Ylä-Luosta,-17.0,-1.0,39.0
2015-01-05,Liperi Joensuu lentoasema,-14.5,,
2015-01-05,Juuka Niemelä,-15.9,0.0,26.0
2015-01-05,Joensuu Pyhäselkä,,-1.0,21.0
2015-01-05,Lieksa Koli,,-1.0,39.0
2015-01-05,Liperi Tuiskavanluoto,-13.6,,
2015-01-05,Joensuu Linnunlahti,-13.6,-1.0,24.0
2015-01-05,Lieksa Lampela,-15.0,-1.0,19.0
2015-01-05,Ilomantsi Naarva,,0.0,50.0
2015-01-05,Ilomantsi Pötsönvaara,-14.7,-1.0,48.0
2015-01-05,Ilomantsi Mekrijärvi,-14.9,-1.0,28.0
2015-01-05,Pietarsaari Kallan,-10.8,,
2015-01-05,Kokkola Tankar,-10.0,,
2015-01-05,Kruunupyy Kokkola-Pietarsaari lentoasema,-18.2,,
2015-01-05,Kaustinen Tastula,,-1.0,28.0
2015-01-05,Kalajoki Ulkokalla,-7.7,,
2015-01-05,Kokkola Santahaka,-15.5,-1.0,17.0
2015-01-05,Toholampi Oravala,,-1.0,29.0
2015-01-05,Kalajoki Pitkäsenkylä,,-1.0,23.0
2015-01-05,Kalajoki Mehtäkylä,,-1.0,17.0
2015-01-05,Toholampi Laitala,-20.6,,
2015-01-05,Ylivieska lentokenttä,-20.1,-1.0,22.0
2015-01-05,Ylivieska Vähäkangas,,-1.0,26.0
2015-01-05,Haapavesi Mustikkamäki,-18.6,-1.0,24.0
2015-01-05,Kärsämäki Venetpalo,,-1.0,25.0
2015-01-05,Pyhäjärvi Ojakylä,-19.5,-1.0,27.0
2015-01-05,Pyhäjärvi Hiidenniemi,,-1.0,27.0
2015-01-05,Kiuruvesi Korpijoki,,-1.0,14.0
2015-01-05,Siikalatva Kestilä,,-1.0,24.0
2015-01-05,Kajaani Saaresmäki,,-1.0,41.0
2015-01-05,Kajaani lentoasema,-20.1,,
2015-01-05,Vieremä Kaarakkala,-15.2,0.0,41.0
2015-01-05,Kajaani Paltaniemi,,-1.0,21.0
2015-01-05,Nurmes Valtimo,-16.0,-1.0,27.0
2015-01-05,Sotkamo Saviaho,,-1.0,37.0
2015-01-05,Ristijärvi Mustavaara,,-1.0,58.0
2015-01-05,Sotkamo Kuolaniemi,-16.0,-1.0,27.0
2015-01-05,Nurmes Mujejärvi,,0.0,45.0
2015-01-05,Kuhmo Apaja,,0.0,48.0
2015-01-05,Kuhmo Kalliojoki,-17.2,-1.0,44.0
2015-01-05,Hailuoto Keskikylä,-19.1,-1.0,24.0
2015-01-05,Kemi I majakka,-8.7,,
2015-01-05,Hailuoto Marjaniemi,-14.4,,
2015-01-05,Raahe Lapaluoto satama,-15.3,,
2015-01-05,Oulu lentoasema,-19.6,,
2015-01-05,Siikajoki Ruukki,-19.8,-1.0,27.0
2015-01-05,Tyrnävä Temmes,,-1.0,23.0
2015-01-05,Oulu Vihreäsaari satama,-18.1,,
2015-01-05,Oulu Oulunsalo Pellonpää,-19.3,-1.0,26.0
2015-01-05,Vaala Pelso,-21.7,-1.0,21.0
2015-01-05,Pudasjärvi lentokenttä,-24.1,-1.0,32.0
2015-01-05,Utajärvi Särkijärvi,,-1.0,29.0
2015-01-05,Pudasjärvi Jaurakkajärvi,,-1.0,42.0
2015-01-05,Suomussalmi Näljänkä,,-1.0,51.0
2015-01-05,Suomussalmi Pesiö,-19.3,0.0,50.0
2015-01-05,Puolanka Kotila,,-1.0,49.0
2015-01-05,Puolanka Paljakka,-14.9,-1.0,60.0
2015-01-05,Kemi Kemi-Tornio lentoasema,-18.8,,
2015-01-05,Kemi Ajos,-17.2,,
2015-01-05,Tornio Aapajärvi,,-1.0,48.0
2015-01-05,Tornio Kaakkuri,-18.9,-1.0,26.0
2015-01-05,Ranua lentokenttä,-22.8,-1.0,53.0
2015-01-05,Pudasjärvi Sarakylä,,-1.0,46.0
2015-01-05,Posio Raistakka,,0.0,51.0
2015-01-05,Taivalkoski Inkee,,0.0,55.0
2015-01-05,Taivalkoski kirkonkylä,-26.2,-1.0,45.0
2015-01-05,Kuusamo lentoasema,-18.8,,
2015-01-05,Kuusamo Kiutaköngäs,-26.5,-1.0,43.0
2015-01-05,Kuusamo Toranginaho,,-1.0,53.0
2015-01-05,Kuusamo Rukatunturi,-13.5,,
2015-01-05,Kuusamo Teeriranta,,-1.0,50.0
2015-01-05,Ylitornio Meltosjärvi,-23.4,-1.0,39.0
2015-01-05,Pello Konttajärvi,,-1.0,49.0
2015-01-05,Kolari Kattilamaa,,0.0,52.0
2015-01-05,Pello kirkonkylä,-20.2,-1.0,39.0
2015-01-05,Kittilä Alakylä,,-1.0,54.0
2015-01-05,Rovaniemi rautatieasema,-21.3,,
2015-01-05,Sodankylä Tähtelä,-26.5,-1.0,55.0
2015-01-05,Rovaniemi Apukka,-26.5,-1.0,34.0
2015-01-05,Pelkosenniemi kirkonkylä,,-1.0,45.0
2015-01-05,Kemijärvi lentokenttä,-23.6,-1.0,50.0
2015-01-05,Savukoski kirkonkylä,-26.4,-1.0,54.0
2015-01-05,Salla Kelloselkä,,-1.0,36.0
2015-01-05,Pelkosenniemi Pyhätunturi,-13.1,,
2015-01-05,Salla kirkonkylä,-26.6,0.0,37.0
2015-01-05,Salla Naruska,-29.2,-1.0,49.0
2015-01-05,Enontekiö Kaaresuvanto,,-1.0,40.0
2015-01-05,Muonio Alamuonio,-20.6,,52.0
2015-01-05,Enontekiö Hetta,,-1.0,55.0
2015-01-05,Kittilä Pulju,,-1.0,55.0
2015-01-05,Kittilä Levitunturi,-13.5,,
2015-01-05,Muonio Laukukero,-14.9,,
2015-01-05,Muonio Sammaltunturi,-13.2,,
2015-01-05,Kittilä Matorova,-15.2,,
2015-01-05,Kittilä lentoasema,-23.2,,
2015-01-05,Kittilä Kenttärova,-16.5,-1.0,57.0
2015-01-05,Kittilä Pakatti,-24.7,-1.0,51.0
2015-01-05,Kittilä Pokka,-25.3,-1.0,56.0
2015-01-05,Sodankylä Lokka,-26.6,-1.0,47.0
2015-01-05,Sodankylä Vuotso,-26.6,-1.0,52.0
2015-01-05,Inari Saariselkä matkailukeskus,-22.3,-1.0,52.0
2015-01-05,Inari Saariselkä Kaunispää,-12.9,,
2015-01-05,Savukoski Ruuvaoja,,-1.0,49.0
2015-01-05,Inari Raja-Jooseppi Kontiojärvi,,-1.0,28.0
2015-01-05,Inari Raja-Jooseppi,-18.7,,
2015-01-05,Salla Värriötunturi,-15.3,-1.0,45.0
2015-01-05,Enontekiö Kilpisjärvi kyläkeskus,-18.6,0.1,45.0
2015-01-05,Enontekiö Kilpisjärvi Saana,-17.5,,
2015-01-05,Enontekiö Näkkälä,-20.2,-1.0,50.0
2015-01-05,Inari Angeli,,-1.0,57.0
2015-01-05,Inari Angeli Lintupuoliselkä,-22.5,-1.0,43.0
2015-01-05,Inari Ivalo lentoasema,-25.5,,
2015-01-05,Utsjoki Kevo,-27.8,-1.0,41.0
2015-01-05,Utsjoki Nuorgam,-25.1,-1.0,37.0
2015-01-05,Utsjoki Leppälä,,-1.0,45.0
2015-01-05,Inari Väylä,-22.9,,
2015-01-05,Inari kirkonkylä,,-1.0,48.0
2015-01-05,Inari Kaamanen,-24.3,-1.0,41.0
2015-01-05,Inari Nellim,-26.4,-1.0,35.0
2015-01-05,Inari Kirakkajärvi,-25.3,-1.0,42.0
2015-01-05,Muonio Oustajärvi,-22.5,-1.0,54.0
2015-01-05,Kajaani Petäisenniska,-17.1,-1.0,32.0
2015-01-05,Utsjoki Kevo Kevojärvi,-29.8,,
2015-01-05,Inari Seitalaassa,-22.8,,
2015-01-05,Rovaniemi lentoasema AWOS,-16.6,0.1,43.0
2015-01-05,Jyväskylä lentoasema AWOS,-16.1,-1.0,17.0
2015-01-05,Puumala kirkonkylä,-13.3,-1.0,5.0
2015-01-05,Helsinki Vuosaari satama,-8.7,,
2015-01-05,Lumparland Långnäs satama,-2.6,-1.0,
2015-01-05,Tampere Tampella,-11.0,,
2015-01-05,Kittilä Lompolonvuoma,-24.1,,
2015-01-05,Kuusamo Ruka Talvijärvi,-18.6,,
2015-01-05,Espoo Nuuksio,-10.8,-1.0,10.0
2015-01-05,Mikkeli Lentoasema AWOS,-14.2,-1.0,19.0
2015-01-05,Espoo Tapiola,-9.4,-1.0,-1.0
2015-01-06,Jomala Maarianhamina lentoasema,-1.9,,
2015-01-06,Parainen Utö,-2.9,0.0,-1.0
2015-01-06,Lemland Nyhamn,-0.6,,
2015-01-06,Jomala Jomalaby,-2.3,1.1,-1.0
2015-01-06,Hammarland Märket,0.0,,
2015-01-06,Kökar Bogskär,-1.5,,
2015-01-06,Parainen Fagerholm,-4.2,-1.0,
2015-01-06,Kumlinge kirkonkylä,-3.2,,
2015-01-06,Hanko Russarö,-5.7,,
2015-01-06,Kaarina Yltöinen,-12.0,0.8,8.0
2015-01-06,Kemiönsaari Vänö,-4.4,,
2015-01-06,Hanko Tulliniemi,-6.2,,
2015-01-06,Turku Rajakari,-6.6,,
2015-01-06,Turku Artukainen,-9.5,0.8,3.0
2015-01-06,Kemiönsaari Kemiö,-11.1,0.2,7.0
2015-01-06,Hanko Tvärminne,-6.8,-1.0,3.0
2015-01-06,Salo Kärkkä,-14.0,0.1,
2015-01-06,Lohja Leppäkorpi,,-1.0,2.0
2015-01-06,Raasepori Jussarö,-6.3,,
2015-01-06,Salo Kiikala lentokenttä,-15.8,-1.0,9.0
2015-01-06,Vantaa Helsinki-Vantaan lentoasema,-14.3,-1.0,2.0
2015-01-06,Inkoo Bågaskär,-7.2,,
2015-01-06,Helsinki Kaisaniemi,-10.7,-1.0,-1.0
2015-01-06,Lohja Porla,-12.2,-1.0,2.0
2015-01-06,Vihti Maasoja,-17.2,,
2015-01-06,Helsinki Harmaja,-8.0,,
2015-01-06,Kirkkonummi Mäkiluoto,-7.0,,
2015-01-06,Helsinki Helsingin majakka,-6.8,,
2015-01-06,Helsinki Kumpula,-12.0,-1.0,2.0
2015-01-06,Espoo Sepänkylä,-13.1,,
2015-01-06,Helsinki Rautatientori,-10.1,,
2015-01-06,Porvoo Kalbådagrund,-6.7,,
2015-01-06,Porvoo Emäsalo,-10.2,,
2015-01-06,Porvoo Harabacka,-14.7,-1.0,2.0
2015-01-06,Kotka Rankki,-10.7,,
2015-01-06,Loviisa Orrengrund,-8.1,,
2015-01-06,Kotka Haapasaari,-8.5,,
2015-01-06,Pori lentoasema,-10.3,,
2015-01-06,Uusikaupunki Itätulli,,3.5,-1.0
2015-01-06,Laitila Haukka,,2.1,-1.0
2015-01-06,Kustavi Isokari,-3.8,1.8,
2015-01-06,Rauma Kylmäpihlaja,-6.9,,
2015-01-06,Pori rautatieasema,-10.2,2.5,-1.0
2015-01-06,Turku lentoasema,-11.2,,
2015-01-06,Kokemäki Rausenkulma,,1.7,9.0
2015-01-06,Lieto Tammentaka,,-1.0,12.0
2015-01-06,Huittinen Sallila,,1.5,5.0
2015-01-06,Köyliö Yttilä,,0.2,7.0
2015-01-06,Oripää Teinikivi,,1.2,14.0
2015-01-06,Pöytyä Yläne,,1.8,12.0
2015-01-06,Kokemäki Tulkkila,-12.5,2.2,10.0
2015-01-06,Jokioinen Ilmala,-16.5,0.3,10.0
2015-01-06,Nokia Tottijärvi,,1.2,3.0
2015-01-06,Pirkkala Tampere-Pirkkala lentoasema,-15.8,,
2015-01-06,Tampere Härmälä,-16.1,0.9,7.0
2015-01-06,Somero Salkola,-14.3,0.3,13.0
2015-01-06,Hyvinkää Hyvinkäänkylä,-17.9,-1.0,6.0
2015-01-06,Vihti Hiiskula,,-1.0,3.0
2015-01-06,Hausjärvi Lavinto,,-1.0,7.0
2015-01-06,Hämeenlinna Pirttikoski,,0.8,9.0
2015-01-06,Nurmijärvi Röykkä,-14.8,-1.0,6.0
2015-01-06,Hämeenlinna Katinen,-17.6,0.8,
2015-01-06,Hattula Lepaa,-17.4,0.5,9.0
2015-01-06,Lahti Laune,-17.2,-1.0,7.0
2015-01-06,Hämeenlinna Lammi Pappila,-18.3,0.3,8.0
2015-01-06,Mäntsälä Hirvihaara Kuntomajantie,,0.1,3.0
2015-01-06,Asikkala Urajärvi,,-1.0,9.0
2015-01-06,Asikkala Pulkkilanharju,-13.2,,
2015-01-06,Hämeenlinna Lammi Evo,-22.1,,
2015-01-06,Kouvola Utti lentoasema,-15.4,0.3,14.0
2015-01-06,Kouvola Anjala,-14.3,-1.0,2.0
2015-01-06,Heinola Asemantaus,-15.6,-1.0,6.0
2015-01-06,Iitti Kausala,,-1.0,6.0
2015-01-06,Kouvola Voikoski,,-1.0,6.0
2015-01-06,Virolahti Koivuniemi,-15.0,-1.0,1.0
2015-01-06,Lappeenranta lentoasema,-14.7,,
2015-01-06,Lappeenranta Konnunsuo,-14.9,,
2015-01-06,Lappeenranta Lepola,-13.9,-1.0,4.0
2015-01-06,Ruokolahti Kotaniemi,,-1.0,11.0
2015-01-06,Lappeenranta Hiekkapakka,-12.4,,
2015-01-06,Rautjärvi Simpele Kangaskoski,,-1.0,8.0
2015-01-06,Parikkala Koitsanlahti,-15.5,,
2015-01-06,Kaskinen Sälgrund,-5.7,3.7,
2015-01-06,Merikarvia Tuorila,,5.8,0.0
2015-01-06,Isojoki Kärjenkoski,,6.9,3.0
2015-01-06,Teuva Kauppilankylä,,6.8,10.0
2015-01-06,Pori Tahkoluoto satama,-6.2,,
2015-01-06,Kristiinankaupunki Majakka,-5.9,,
2015-01-06,Karvia Alkkia,-14.9,1.0,20.0
2015-01-06,Pori Lavia,,1.0,12.0
2015-01-06,Ikaalinen Vehuvarpee,,2.3,11.0
2015-01-06,Kauhajoki kaupunki,,2.5,15.0
2015-01-06,Kurikka Hirvijärvi,,0.5,23.0
2015-01-06,Kauhajoki Kuja-Kokko,-11.6,1.8,9.0
2015-01-06,Kankaanpää Niinisalo lentokenttä,-12.3,2.4,9.0
2015-01-06,Alavus Sulkavankylä,,0.7,12.0
2015-01-06,Virrat Äijänneva,-19.3,,
2015-01-06,Tampere Siilinkari,-11.8,,
2015-01-06,Jämsä Halli lentoasema,-19.1,0.7,13.0
2015-01-06,Juupajoki Hyytiälä,-19.9,0.8,20.0
2015-01-06,Sysmä Joutsjärvi,,0.2,6.0
2015-01-06,Luhanka Tammijärvi,,0.8,15.0
2015-01-06,Jyväskylä Muuratjärvi,,1.8,17.0
2015-01-06,Luhanka Judinsalo,-12.4,,
2015-01-06,Multia Pirttiperä,,1.4,30.0
2015-01-06,Joutsa Savenaho,-17.5,0.7,19.0
2015-01-06,Kangasniemi kirkonkylä,,0.1,24.0
2015-01-06,Joutsa Pärnämäki,,0.2,20.0
2015-01-06,Mikkeli Pitkähiekka,,0.0,8.0
2015-01-06,Juva Partala,-18.2,,
2015-01-06,Joroinen Varkaus lentoasema,-18.9,,
2015-01-06,Varkaus Kosulanniemi,-17.7,-1.0,16.0
2015-01-06,Savonlinna Laukansaari,,-1.0,8.0
2015-01-06,Sulkava Halttula,,-1.0,12.0
2015-01-06,Savonlinna lentoasema,-17.1,,
2015-01-06,Rantasalmi Rukkasluoto,-14.2,,
2015-01-06,Savonlinna Punkaharju Laukansaari,-16.0,-1.0,14.0
2015-01-06,Enonkoski Simanala,,-1.0,23.0
2015-01-06,Savonlinna Savonranta,,-1.0,16.0
2015-01-06,Rääkkylä kirkonkylä,,-1.0,24.0
2015-01-06,Tohmajärvi Kemie,-19.3,-1.0,32.0
2015-01-06,Joensuu Huhtilampi,,-1.0,40.0
2015-01-06,Vaasa lentoasema,-9.5,,
2015-01-06,Mustasaari Valassaaret,-5.4,,
2015-01-06,Närpiö Ylimarkku,,5.0,-1.0
2015-01-06,Mustasaari Riimala,,2.3,16.0
2015-01-06,Kurikka Pyörni,,0.5,24.0
2015-01-06,Korsnäs Bredskäret,-6.6,,
2015-01-06,Maalahti Strömmingsbådan,-3.1,,
2015-01-06,Vaasa Klemettilä,-9.0,2.3,4.0
2015-01-06,Seinäjoki Pelmaa,-13.7,1.5,15.0
2015-01-06,Kauhava lentokenttä,-17.3,1.0,21.0
2015-01-06,Ähtäri Inha,-22.8,0.2,23.0
2015-01-06,Halsua Purola,-19.7,0.8,30.0
2015-01-06,Alajärvi Möksy,-20.6,5.0,
2015-01-06,Multia Karhila,-18.1,1.6,20.0
2015-01-06,Viitasaari Haapaniemi,-19.3,0.7,19.0
2015-01-06,Äänekoski Kalaniemi,,1.0,20.0
2015-01-06,Viitasaari Kärnä,,1.2,36.0
2015-01-06,Vesanto kirkonkylä,-23.4,0.7,25.0
2015-01-06,Pielavesi Venetmäki,,1.7,44.0
2015-01-06,Siilinjärvi Kuopio lentoasema,-19.3,,
2015-01-06,Kuopio Maaninka,-22.3,0.1,26.0
2015-01-06,Lapinlahti Lamminkäyrä,,1.0,25.0
2015-01-06,Suonenjoki Iisvesi,,-1.0,31.0
2015-01-06,Kuopio Karttula,,2.8,29.0
2015-01-06,Kuopio Ritoniemi,-18.8,,
2015-01-06,Kuopio Savilahti,-18.4,0.7,25.0
2015-01-06,Heinävesi Palokki,,-1.0,27.0
2015-01-06,Outokumpu Viuruniemi,,-1.0,22.0
2015-01-06,Rautavaara Ala-Luosta,,0.3,26.0
2015-01-06,Rautavaara Ylä-Luosta,-26.3,0.6,38.0
2015-01-06,Liperi Joensuu lentoasema,-19.6,,
2015-01-06,Juuka Niemelä,-24.4,0.1,26.0
2015-01-06,Joensuu Pyhäselkä,,-1.0,21.0
2015-01-06,Lieksa Koli,,-1.0,39.0
2015-01-06,Liperi Tuiskavanluoto,-16.8,,
2015-01-06,Joensuu Linnunlahti,-19.2,-1.0,24.0
2015-01-06,Lieksa Lampela,-23.7,-1.0,19.0
2015-01-06,Ilomantsi Naarva,,0.0,49.0
2015-01-06,Ilomantsi Pötsönvaara,-19.2,-1.0,47.0
2015-01-06,Ilomantsi Mekrijärvi,-20.8,-1.0,28.0
2015-01-06,Pietarsaari Kallan,-9.7,,
2015-01-06,Kokkola Tankar,-10.7,,
2015-01-06,Kruunupyy Kokkola-Pietarsaari lentoasema,-15.9,,
2015-01-06,Kaustinen Tastula,,1.5,28.0
2015-01-06,Kalajoki Ulkokalla,-6.3,,
2015-01-06,Kokkola Santahaka,-14.3,2.6,17.0
2015-01-06,Toholampi Oravala,,3.2,29.0
2015-01-06,Kalajoki Pitkäsenkylä,,2.3,23.0
2015-01-06,Kalajoki Mehtäkylä,,2.2,17.0
2015-01-06,Toholampi Laitala,-18.9,,
2015-01-06,Ylivieska lentokenttä,-20.1,1.3,22.0
2015-01-06,Ylivieska Vähäkangas,,1.0,26.0
2015-01-06,Haapavesi Mustikkamäki,-21.2,0.4,24.0
2015-01-06,Kärsämäki Venetpalo,,0.5,25.0
2015-01-06,Pyhäjärvi Ojakylä,-23.2,1.4,28.0
2015-01-06,Pyhäjärvi Hiidenniemi,,1.0,27.0
2015-01-06,Kiuruvesi Korpijoki,,0.3,14.0
2015-01-06,Siikalatva Kestilä,,1.5,24.0
2015-01-06,Kajaani Saaresmäki,,3.5,40.0
2015-01-06,Kajaani lentoasema,-24.7,,
2015-01-06,Vieremä Kaarakkala,-16.3,1.1,40.0
2015-01-06,Kajaani Paltaniemi,,2.4,21.0
2015-01-06,Nurmes Valtimo,-22.1,0.6,27.0
2015-01-06,Sotkamo Saviaho,,0.8,37.0
2015-01-06,Ristijärvi Mustavaara,,2.7,58.0
2015-01-06,Sotkamo Kuolaniemi,-22.9,1.1,27.0
2015-01-06,Nurmes Mujejärvi,,0.9,45.0
2015-01-06,Kuhmo Apaja,,0.0,48.0
2015-01-06,Kuhmo Kalliojoki,-27.3,0.6,43.0
2015-01-06,Hailuoto Keskikylä,-17.1,2.8,24.0
2015-01-06,Kemi I majakka,-5.7,,
2015-01-06,Hailuoto Marjaniemi,-12.5,,
2015-01-06,Raahe Lapaluoto satama,-12.9,,
2015-01-06,Oulu lentoasema,-19.5,,
2015-01-06,Siikajoki Ruukki,-19.1,2.8,27.0
2015-01-06,Tyrnävä Temmes,,1.6,23.0
2015-01-06,Oulu Vihreäsaari satama,-17.2,,
2015-01-06,Oulu Oulunsalo Pellonpää,-19.3,3.0,26.0
2015-01-06,Vaala Pelso,-22.3,1.1,21.0
2015-01-06,Pudasjärvi lentokenttä,-25.3,3.0,32.0
2015-01-06,Utajärvi Särkijärvi,,4.2,28.0
2015-01-06,Pudasjärvi Jaurakkajärvi,,2.7,42.0
2015-01-06,Suomussalmi Näljänkä,,2.1,50.0
2015-01-06,Suomussalmi Pesiö,-22.8,1.5,48.0
2015-01-06,Puolanka Kotila,,3.5,49.0
2015-01-06,Puolanka Paljakka,-14.6,3.4,58.0
2015-01-06,Kemi Kemi-Tornio lentoasema,-17.0,,
2015-01-06,Kemi Ajos,-14.2,,
2015-01-06,Tornio Aapajärvi,,5.4,45.0
2015-01-06,Tornio Kaakkuri,-13.7,7.2,25.0
2015-01-06,Ranua lentokenttä,-23.6,3.7,53.0
2015-01-06,Pudasjärvi Sarakylä,,3.2,45.0
2015-01-06,Posio Raistakka,,1.8,50.0
2015-01-06,Taivalkoski Inkee,,2.2,54.0
2015-01-06,Taivalkoski kirkonkylä,-29.1,3.7,45.0
2015-01-06,Kuusamo lentoasema,-21.7,,
2015-01-06,Kuusamo Kiutaköngäs,-30.7,1.4,43.0
2015-01-06,Kuusamo Toranginaho,,2.3,53.0
2015-01-06,Kuusamo Rukatunturi,-14.6,,
2015-01-06,Kuusamo Teeriranta,,-1.0,50.0
2015-01-06,Ylitornio Meltosjärvi,-19.8,0.2,38.0
2015-01-06,Pello Konttajärvi,,1.1,49.0
2015-01-06,Kolari Kattilamaa,,2.0,52.0
2015-01-06,Pello kirkonkylä,-17.4,1.3,39.0
2015-01-06,Kittilä Alakylä,,2.5,54.0
2015-01-06,Rovaniemi rautatieasema,-22.3,,
2015-01-06,Sodankylä Tähtelä,-24.7,1.0,55.0
2015-01-06,Rovaniemi Apukka,-25.7,2.1,34.0
2015-01-06,Pelkosenniemi kirkonkylä,,1.8,45.0
2015-01-06,Kemijärvi lentokenttä,-25.2,1.4,49.0
2015-01-06,Savukoski kirkonkylä,-28.2,0.9,53.0
2015-01-06,Salla Kelloselkä,,0.4,36.0
2015-01-06,Pelkosenniemi Pyhätunturi,-13.8,,
2015-01-06,Salla kirkonkylä,-25.7,4.3,37.0
2015-01-06,Salla Naruska,-30.5,1.6,48.0
2015-01-06,Enontekiö Kaaresuvanto,,0.5,40.0
2015-01-06,Muonio Alamuonio,-16.8,,52.0
2015-01-06,Enontekiö Hetta,,0.4,55.0
2015-01-06,Kittilä Pulju,,0.8,54.0
2015-01-06,Kittilä Levitunturi,-14.7,,
2015-01-06,Muonio Laukukero,-13.8,,
2015-01-06,Muonio Sammaltunturi,-12.8,,
2015-01-06,Kittilä Matorova,-12.1,,
2015-01-06,Kittilä lentoasema,-22.0,,
2015-01-06,Kittilä Kenttärova,-12.8,2.6,57.0
2015-01-06,Kittilä Pakatti,-21.7,1.6,50.0
2015-01-06,Kittilä Pokka,-21.7,1.5,56.0
2015-01-06,Sodankylä Lokka,-24.5,4.6,47.0
2015-01-06,Sodankylä Vuotso,-23.8,0.8,50.0
2015-01-06,Inari Saariselkä matkailukeskus,-20.0,1.4,52.0
2015-01-06,Inari Saariselkä Kaunispää,-15.8,,
2015-01-06,Savukoski Ruuvaoja,,1.2,49.0
2015-01-06,Inari Raja-Jooseppi Kontiojärvi,,-1.0,28.0
2015-01-06,Inari Raja-Jooseppi,-15.7,,
2015-01-06,Salla Värriötunturi,-14.2,0.2,45.0
2015-01-06,Enontekiö Kilpisjärvi kyläkeskus,-12.3,0.6,45.0
2015-01-06,Enontekiö Kilpisjärvi Saana,-16.1,,
2015-01-06,Enontekiö Näkkälä,-15.3,0.3,49.0
2015-01-06,Inari Angeli,,0.7,57.0
2015-01-06,Inari Angeli Lintupuoliselkä,-16.3,0.4,43.0
2015-01-06,Inari Ivalo lentoasema,-20.4,,
2015-01-06,Utsjoki Kevo,-23.2,0.0,41.0
2015-01-06,Utsjoki Nuorgam,-20.0,-1.0,36.0
2015-01-06,Utsjoki Leppälä,,-1.0,44.0
2015-01-06,Inari Väylä,-25.2,,
2015-01-06,Inari kirkonkylä,,0.5,48.0
2015-01-06,Inari Kaamanen,-22.6,0.2,41.0
2015-01-06,Inari Nellim,-22.7,-1.0,35.0
2015-01-06,Inari Kirakkajärvi,-23.4,-1.0,42.0
2015-01-06,Muonio Oustajärvi,-17.8,1.5,53.0
2015-01-06,Kajaani Petäisenniska,-22.2,1.0,32.0
2015-01-06,Utsjoki Kevo Kevojärvi,-24.7,,
2015-01-06,Inari Seitalaassa,-21.1,,
2015-01-06,Rovaniemi lentoasema AWOS,-17.8,2.4,43.0
2015-01-06,Jyväskylä lentoasema AWOS,-21.7,0.9,17.0
2015-01-06,Puumala kirkonkylä,-15.5,-1.0,5.0
2015-01-06,Helsinki Vuosaari satama,-10.9,,
2015-01-06,Lumparland Långnäs satama,-2.1,0.4,-1.0
2015-01-06,Tampere Tampella,-12.5,,
2015-01-06,Kittilä Lompolonvuoma,-17.9,,
2015-01-06,Kuusamo Ruka Talvijärvi,-16.8,,
2015-01-06,Espoo Nuuksio,-14.0,-1.0,10.0
2015-01-06,Mikkeli Lentoasema AWOS,-18.7,-1.0,19.0
2015-01-06,Espoo Tapiola,-12.6,-1.0,0.0
2015-01-07,Jomala Maarianhamina lentoasema,1.9,,
2015-01-07,Parainen Utö,2.0,0.5,-1.0
2015-01-07,Lemland Nyhamn,2.2,,
2015-01-07,Jomala Jomalaby,1.2,0.1,0.0
2015-01-07,Hammarland Märket,1.4,,
2015-01-07,Kökar Bogskär,1.9,,
2015-01-07,Parainen Fagerholm,1.7,3.3,
2015-01-07,Kumlinge kirkonkylä,1.2,,
2015-01-07,Hanko Russarö,-1.6,,
2015-01-07,Kaarina Yltöinen,0.1,2.9,8.0
2015-01-07,Kemiönsaari Vänö,1.6,,
2015-01-07,Hanko Tulliniemi,-1.1,,
2015-01-07,Turku Rajakari,1.7,,
2015-01-07,Turku Artukainen,1.0,2.7,3.0
2015-01-07,Kemiönsaari Kemiö,-0.5,3.8,7.0
2015-01-07,Hanko Tvärminne,-1.8,1.3,3.0
2015-01-07,Salo Kärkkä,-1.7,3.1,
2015-01-07,Lohja Leppäkorpi,,1.6,2.0
2015-01-07,Raasepori Jussarö,-1.8,,
2015-01-07,Salo Kiikala lentokenttä,-3.6,0.6,9.0
2015-01-07,Vantaa Helsinki-Vantaan lentoasema,-3.5,1.0,2.0
2015-01-07,Inkoo Bågaskär,-1.9,,
2015-01-07,Helsinki Kaisaniemi,-2.5,0.4,0.0
2015-01-07,Lohja Porla,-2.9,1.1,2.0
2015-01-07,Vihti Maasoja,-3.1,,
2015-01-07,Helsinki Harmaja,-2.5,,
2015-01-07,Kirkkonummi Mäkiluoto,-2.4,,
2015-01-07,Helsinki Helsingin majakka,-3.4,,
2015-01-07,Helsinki Kumpula,-3.0,1.0,2.0
2015-01-07,Espoo Sepänkylä,-3.2,,
2015-01-07,Helsinki Rautatientori,-2.4,,
2015-01-07,Porvoo Kalbådagrund,-4.2,,
2015-01-07,Porvoo Emäsalo,-3.3,,
2015-01-07,Porvoo Harabacka,-3.6,0.3,2.0
2015-01-07,Kotka Rankki,-3.6,,
2015-01-07,Loviisa Orrengrund,-3.6,,
2015-01-07,Kotka Haapasaari,-3.7,,
2015-01-07,Pori lentoasema,0.2,,
2015-01-07,Uusikaupunki Itätulli,,0.8,2.0
2015-01-07,Laitila Haukka,,1.5,1.0
2015-01-07,Kustavi Isokari,1.2,0.9,
2015-01-07,Rauma Kylmäpihlaja,1.0,,
2015-01-07,Pori rautatieasema,0.1,0.8,3.0
2015-01-07,Turku lentoasema,0.4,,
2015-01-07,Kokemäki Rausenkulma,,0.7,9.0
2015-01-07,Lieto Tammentaka,,4.1,12.0
2015-01-07,Huittinen Sallila,,5.1,6.0
2015-01-07,Köyliö Yttilä,,0.7,7.0
2015-01-07,Oripää Teinikivi,,4.2,14.0
2015-01-07,Pöytyä Yläne,,6.2,14.0
2015-01-07,Kokemäki Tulkkila,-0.4,1.1,10.0
2015-01-07,Jokioinen Ilmala,-3.0,2.0,10.0
2015-01-07,Nokia Tottijärvi,,1.3,5.0
2015-01-07,Pirkkala Tampere-Pirkkala lentoasema,-2.5,,
2015-01-07,Tampere Härmälä,-2.5,2.4,7.0
2015-01-07,Somero Salkola,-4.1,1.4,13.0
2015-01-07,Hyvinkää Hyvinkäänkylä,-4.6,0.8,6.0
2015-01-07,Vihti Hiiskula,,1.0,3.0
2015-01-07,Hausjärvi Lavinto,,0.4,6.0
2015-01-07,Hämeenlinna Pirttikoski,,2.0,9.0
2015-01-07,Nurmijärvi Röykkä,-4.2,0.6,6.0
2015-01-07,Hämeenlinna Katinen,-4.1,1.6,
2015-01-07,Hattula Lepaa,-3.6,0.9,10.0
2015-01-07,Lahti Laune,-5.6,0.6,7.0
2015-01-07,Hämeenlinna Lammi Pappila,-5.1,0.8,8.0
2015-01-07,Mäntsälä Hirvihaara Kuntomajantie,,0.3,3.0
2015-01-07,Asikkala Urajärvi,,1.7,9.0
2015-01-07,Asikkala Pulkkilanharju,-4.5,,
2015-01-07,Hämeenlinna Lammi Evo,-5.3,,
2015-01-07,Kouvola Utti lentoasema,-7.4,1.9,14.0
2015-01-07,Kouvola Anjala,-6.3,2.4,2.0
2015-01-07,Heinola Asemantaus,-5.5,1.8,6.0
2015-01-07,Iitti Kausala,,1.9,6.0
2015-01-07,Kouvola Voikoski,,4.2,6.0
2015-01-07,Virolahti Koivuniemi,-6.0,2.5,1.0
2015-01-07,Lappeenranta lentoasema,-8.4,,
2015-01-07,Lappeenranta Konnunsuo,-9.3,,
2015-01-07,Lappeenranta Lepola,-8.6,1.4,4.0
2015-01-07,Ruokolahti Kotaniemi,,5.0,11.0
2015-01-07,Lappeenranta Hiekkapakka,-7.0,,
2015-01-07,Rautjärvi Simpele Kangaskoski,,2.6,8.0
2015-01-07,Parikkala Koitsanlahti,-11.9,,
2015-01-07,Kaskinen Sälgrund,1.0,0.3,
2015-01-07,Merikarvia Tuorila,,2.7,7.0
2015-01-07,Isojoki Kärjenkoski,,2.3,9.0
2015-01-07,Teuva Kauppilankylä,,1.6,12.0
2015-01-07,Pori Tahkoluoto satama,1.3,,
2015-01-07,Kristiinankaupunki Majakka,1.7,,
2015-01-07,Karvia Alkkia,-1.8,0.5,20.0
2015-01-07,Pori Lavia,,2.3,10.0
2015-01-07,Ikaalinen Vehuvarpee,,1.4,12.0
2015-01-07,Kauhajoki kaupunki,,1.5,19.0
2015-01-07,Kurikka Hirvijärvi,,1.3,20.0
2015-01-07,Kauhajoki Kuja-Kokko,-0.5,1.5,6.0
2015-01-07,Kankaanpää Niinisalo lentokenttä,-1.5,3.0,13.0
2015-01-07,Alavus Sulkavankylä,,1.1,12.0
2015-01-07,Virrat Äijänneva,-1.8,,
2015-01-07,Tampere Siilinkari,-2.3,,
2015-01-07,Jämsä Halli lentoasema,-4.0,1.7,14.0
2015-01-07,Juupajoki Hyytiälä,-3.6,2.4,21.0
2015-01-07,Sysmä Joutsjärvi,,1.8,6.0
2015-01-07,Luhanka Tammijärvi,,4.5,16.0
2015-01-07,Jyväskylä Muuratjärvi,,3.8,19.0
2015-01-07,Luhanka Judinsalo,-3.5,,
2015-01-07,Multia Pirttiperä,,5.8,30.0
2015-01-07,Joutsa Savenaho,-5.5,7.8,20.0
2015-01-07,Kangasniemi kirkonkylä,,9.7,24.0
2015-01-07,Joutsa Pärnämäki,,5.7,20.0
2015-01-07,Mikkeli Pitkähiekka,,3.6,8.0
2015-01-07,Juva Partala,-7.7,,
2015-01-07,Joroinen Varkaus lentoasema,-7.3,,
2015-01-07,Varkaus Kosulanniemi,-6.9,10.2,16.0
2015-01-07,Savonlinna Laukansaari,,3.9,8.0
2015-01-07,Sulkava Halttula,,6.9,12.0
2015-01-07,Savonlinna lentoasema,-9.5,,
2015-01-07,Rantasalmi Rukkasluoto,-7.1,,
2015-01-07,Savonlinna Punkaharju Laukansaari,-8.9,5.7,13.0
2015-01-07,Enonkoski Simanala,,5.4,23.0
2015-01-07,Savonlinna Savonranta,,6.2,16.0
2015-01-07,Rääkkylä kirkonkylä,,6.0,24.0
2015-01-07,Tohmajärvi Kemie,-13.5,6.5,35.0
2015-01-07,Joensuu Huhtilampi,,7.3,40.0
2015-01-07,Vaasa lentoasema,0.2,,
2015-01-07,Mustasaari Valassaaret,1.4,,
2015-01-07,Närpiö Ylimarkku,,0.8,5.0
2015-01-07,Mustasaari Riimala,,1.7,18.0
2015-01-07,Kurikka Pyörni,,0.3,26.0
2015-01-07,Korsnäs Bredskäret,0.9,,
2015-01-07,Maalahti Strömmingsbådan,1.7,,
2015-01-07,Vaasa Klemettilä,0.4,1.9,7.0
2015-01-07,Seinäjoki Pelmaa,-0.3,3.4,17.0
2015-01-07,Kauhava lentokenttä,-0.9,0.7,20.0
2015-01-07,Ähtäri Inha,-3.3,4.2,23.0
2015-01-07,Halsua Purola,-2.3,5.6,30.0
2015-01-07,Alajärvi Möksy,-2.8,1.6,25.0
2015-01-07,Multia Karhila,-4.4,5.9,22.0
2015-01-07,Viitasaari Haapaniemi,-4.5,2.9,20.0
2015-01-07,Äänekoski Kalaniemi,,7.0,20.0
2015-01-07,Viitasaari Kärnä,,5.6,33.0
2015-01-07,Vesanto kirkonkylä,-5.2,9.4,25.0
2015-01-07,Pielavesi Venetmäki,,7.6,48.0
2015-01-07,Siilinjärvi Kuopio lentoasema,-6.8,,
2015-01-07,Kuopio Maaninka,-5.7,4.7,28.0
2015-01-07,Lapinlahti Lamminkäyrä,,4.4,26.0
2015-01-07,Suonenjoki Iisvesi,,7.4,31.0
2015-01-07,Kuopio Karttula,,7.6,30.0
2015-01-07,Kuopio Ritoniemi,-6.3,,
2015-01-07,Kuopio Savilahti,-6.2,7.4,26.0
2015-01-07,Heinävesi Palokki,,5.8,26.0
2015-01-07,Outokumpu Viuruniemi,,5.8,22.0
2015-01-07,Rautavaara Ala-Luosta,,3.8,26.0
2015-01-07,Rautavaara Ylä-Luosta,-8.9,6.2,37.0
2015-01-07,Liperi Joensuu lentoasema,-10.2,,
2015-01-07,Juuka Niemelä,-9.8,4.5,26.0
2015-01-07,Joensuu Pyhäselkä,,5.1,21.0
2015-01-07,Lieksa Koli,,4.7,39.0
2015-01-07,Liperi Tuiskavanluoto,-8.5,,
2015-01-07,Joensuu Linnunlahti,-9.8,6.6,24.0
2015-01-07,Lieksa Lampela,-10.8,6.7,19.0
2015-01-07,Ilomantsi Naarva,,8.4,49.0
2015-01-07,Ilomantsi Pötsönvaara,-11.7,7.5,46.0
2015-01-07,Ilomantsi Mekrijärvi,-14.1,2.8,28.0
2015-01-07,Pietarsaari Kallan,-0.1,,
2015-01-07,Kokkola Tankar,-0.3,,
2015-01-07,Kruunupyy Kokkola-Pietarsaari lentoasema,-0.9,,
2015-01-07,Kaustinen Tastula,,2.1,29.0
2015-01-07,Kalajoki Ulkokalla,0.4,,
2015-01-07,Kokkola Santahaka,-0.6,3.2,19.0
2015-01-07,Toholampi Oravala,,5.3,31.0
2015-01-07,Kalajoki Pitkäsenkylä,,-1.0,30.0
2015-01-07,Kalajoki Mehtäkylä,,2.8,18.0
2015-01-07,Toholampi Laitala,-1.6,,
2015-01-07,Ylivieska lentokenttä,-2.3,5.1,23.0
2015-01-07,Ylivieska Vähäkangas,,2.9,26.0
2015-01-07,Haapavesi Mustikkamäki,-3.4,3.4,20.0
2015-01-07,Kärsämäki Venetpalo,,1.0,25.0
2015-01-07,Pyhäjärvi Ojakylä,-4.2,5.3,29.0
2015-01-07,Pyhäjärvi Hiidenniemi,,3.6,28.0
2015-01-07,Kiuruvesi Korpijoki,,3.3,13.0
2015-01-07,Siikalatva Kestilä,,5.3,25.0
2015-01-07,Kajaani Saaresmäki,,5.4,41.0
2015-01-07,Kajaani lentoasema,-6.0,,
2015-01-07,Vieremä Kaarakkala,-6.6,6.7,41.0
2015-01-07,Kajaani Paltaniemi,,4.8,20.0
2015-01-07,Nurmes Valtimo,-8.8,1.9,27.0
2015-01-07,Sotkamo Saviaho,,4.9,37.0
2015-01-07,Ristijärvi Mustavaara,,7.3,59.0
2015-01-07,Sotkamo Kuolaniemi,-6.5,3.8,28.0
2015-01-07,Nurmes Mujejärvi,,8.5,45.0
2015-01-07,Kuhmo Apaja,,12.3,48.0
2015-01-07,Kuhmo Kalliojoki,-9.2,9.4,43.0
2015-01-07,Hailuoto Keskikylä,-1.5,4.5,25.0
2015-01-07,Kemi I majakka,0.3,,
2015-01-07,Hailuoto Marjaniemi,-0.8,,
2015-01-07,Raahe Lapaluoto satama,-1.1,,
2015-01-07,Oulu lentoasema,-2.7,,
2015-01-07,Siikajoki Ruukki,-2.4,5.6,27.0
2015-01-07,Tyrnävä Temmes,,4.4,23.0
2015-01-07,Oulu Vihreäsaari satama,-2.7,,
2015-01-07,Oulu Oulunsalo Pellonpää,-2.7,5.7,29.0
2015-01-07,Vaala Pelso,-4.2,2.1,18.0
2015-01-07,Pudasjärvi lentokenttä,-5.2,4.6,37.0
2015-01-07,Utajärvi Särkijärvi,,10.6,30.0
2015-01-07,Pudasjärvi Jaurakkajärvi,,9.0,42.0
2015-01-07,Suomussalmi Näljänkä,,15.0,51.0
2015-01-07,Suomussalmi Pesiö,-8.1,9.0,50.0
2015-01-07,Puolanka Kotila,,7.9,50.0
2015-01-07,Puolanka Paljakka,-7.7,9.8,61.0
2015-01-07,Kemi Kemi-Tornio lentoasema,-1.8,,
2015-01-07,Kemi Ajos,-1.5,,
2015-01-07,Tornio Aapajärvi,,-1.0,48.0
2015-01-07,Tornio Kaakkuri,-0.8,1.2,26.0
2015-01-07,Ranua lentokenttä,-5.2,3.6,54.0
2015-01-07,Pudasjärvi Sarakylä,,7.3,44.0
2015-01-07,Posio Raistakka,,7.0,51.0
2015-01-07,Taivalkoski Inkee,,6.8,56.0
2015-01-07,Taivalkoski kirkonkylä,-6.7,11.1,47.0
2015-01-07,Kuusamo lentoasema,-8.6,,
2015-01-07,Kuusamo Kiutaköngäs,-10.0,3.6,44.0
2015-01-07,Kuusamo Toranginaho,,3.8,54.0
2015-01-07,Kuusamo Rukatunturi,-9.3,,
2015-01-07,Kuusamo Teeriranta,,8.1,50.0
2015-01-07,Ylitornio Meltosjärvi,-3.9,0.4,38.0
2015-01-07,Pello Konttajärvi,,0.3,50.0
2015-01-07,Kolari Kattilamaa,,0.5,52.0
2015-01-07,Pello kirkonkylä,-3.9,0.7,39.0
2015-01-07,Kittilä Alakylä,,-1.0,54.0
2015-01-07,Rovaniemi rautatieasema,-4.2,,
2015-01-07,Sodankylä Tähtelä,-6.5,1.6,54.0
2015-01-07,Rovaniemi Apukka,-5.1,2.1,36.0
2015-01-07,Pelkosenniemi kirkonkylä,,1.7,45.0
2015-01-07,Kemijärvi lentokenttä,-6.7,3.0,51.0
2015-01-07,Savukoski kirkonkylä,-7.5,2.6,50.0
2015-01-07,Salla Kelloselkä,,2.0,36.0
2015-01-07,Pelkosenniemi Pyhätunturi,-8.4,,
2015-01-07,Salla kirkonkylä,-7.7,1.9,38.0
2015-01-07,Salla Naruska,-8.7,3.0,50.0
2015-01-07,Enontekiö Kaaresuvanto,,4.0,40.0
2015-01-07,Muonio Alamuonio,-6.5,,52.0
2015-01-07,Enontekiö Hetta,,0.7,54.0
2015-01-07,Kittilä Pulju,,0.9,54.0
2015-01-07,Kittilä Levitunturi,-8.4,,
2015-01-07,Muonio Laukukero,-7.9,,
2015-01-07,Muonio Sammaltunturi,-7.4,,
2015-01-07,Kittilä Matorova,-7.3,,
2015-01-07,Kittilä lentoasema,-6.9,,
2015-01-07,Kittilä Kenttärova,-7.4,0.6,58.0
2015-01-07,Kittilä Pakatti,-6.7,0.8,52.0
2015-01-07,Kittilä Pokka,-7.2,1.0,57.0
2015-01-07,Sodankylä Lokka,-7.4,5.2,49.0
2015-01-07,Sodankylä Vuotso,-8.0,1.1,53.0
2015-01-07,Inari Saariselkä matkailukeskus,-8.3,1.1,52.0
2015-01-07,Inari Saariselkä Kaunispää,-9.1,,
2015-01-07,Savukoski Ruuvaoja,,0.9,50.0
2015-01-07,Inari Raja-Jooseppi Kontiojärvi,,0.2,28.0
2015-01-07,Inari Raja-Jooseppi,-7.4,,
2015-01-07,Salla Värriötunturi,-9.2,0.7,44.0
2015-01-07,Enontekiö Kilpisjärvi kyläkeskus,-6.9,3.0,46.0
2015-01-07,Enontekiö Kilpisjärvi Saana,-6.7,,
2015-01-07,Enontekiö Näkkälä,-7.3,0.6,49.0
2015-01-07,Inari Angeli,,4.4,58.0
2015-01-07,Inari Angeli Lintupuoliselkä,-7.3,4.7,43.0
2015-01-07,Inari Ivalo lentoasema,-7.3,,
2015-01-07,Utsjoki Kevo,-6.0,0.9,40.0
2015-01-07,Utsjoki Nuorgam,-5.5,0.3,37.0
2015-01-07,Utsjoki Leppälä,,1.3,44.0
2015-01-07,Inari Väylä,-7.2,,
2015-01-07,Inari kirkonkylä,,1.0,48.0
2015-01-07,Inari Kaamanen,-6.9,2.5,41.0
2015-01-07,Inari Nellim,-6.9,2.0,35.0
2015-01-07,Inari Kirakkajärvi,-7.1,0.2,39.0
2015-01-07,Muonio Oustajärvi,-6.5,-1.0,54.0
2015-01-07,Kajaani Petäisenniska,-6.1,3.3,32.0
2015-01-07,Utsjoki Kevo Kevojärvi,-5.8,,
2015-01-07,Inari Seitalaassa,-6.8,,
2015-01-07,Rovaniemi lentoasema AWOS,-5.6,2.0,44.0
2015-01-07,Jyväskylä lentoasema AWOS,-4.5,5.2,18.0
2015-01-07,Puumala kirkonkylä,-7.3,2.7,5.0
2015-01-07,Helsinki Vuosaari satama,-2.6,,
2015-01-07,Lumparland Långnäs satama,1.4,1.5,
2015-01-07,Tampere Tampella,-2.3,,
2015-01-07,Kittilä Lompolonvuoma,-7.5,,
2015-01-07,Kuusamo Ruka Talvijärvi,-7.8,,
2015-01-07,Espoo Nuuksio,-3.8,1.6,11.0
2015-01-07,Mikkeli Lentoasema AWOS,-7.7,6.1,19.0
2015-01-07,Espoo Tapiola,-2.8,1.3,0.0
2015-01-08,Jomala Maarianhamina lentoasema,3.4,,
2015-01-08,Parainen Utö,4.0,5.2,-1.0
2015-01-08,Lemland Nyhamn,3.8,,
2015-01-08,Jomala Jomalaby,2.7,6.7,-1.0
2015-01-08,Hammarland Märket,3.0,,
2015-01-08,Kökar Bogskär,4.2,,
2015-01-08,Parainen Fagerholm,3.4,5.3,
2015-01-08,Kumlinge kirkonkylä,2.8,,
2015-01-08,Hanko Russarö,2.8,,
2015-01-08,Kaarina Yltöinen,2.2,4.8,6.0
2015-01-08,Kemiönsaari Vänö,3.5,,
2015-01-08,Hanko Tulliniemi,2.7,,
2015-01-08,Turku Rajakari,3.0,,
2015-01-08,Turku Artukainen,2.6,5.3,3.0
2015-01-08,Kemiönsaari Kemiö,2.4,7.2,8.0
2015-01-08,Hanko Tvärminne,2.4,6.2,3.0
2015-01-08,Salo Kärkkä,1.6,4.2,
2015-01-08,Lohja Leppäkorpi,,4.6,3.0
2015-01-08,Raasepori Jussarö,2.3,,
2015-01-08,Salo Kiikala lentokenttä,0.5,4.0,8.0
2015-01-08,Vantaa Helsinki-Vantaan lentoasema,0.2,4.5,3.0
2015-01-08,Inkoo Bågaskär,1.4,,
2015-01-08,Helsinki Kaisaniemi,1.1,2.9,0.0
2015-01-08,Lohja Porla,0.9,5.6,3.0
2015-01-08,Vihti Maasoja,0.7,,
2015-01-08,Helsinki Harmaja,0.9,,
2015-01-08,Kirkkonummi Mäkiluoto,1.5,,
2015-01-08,Helsinki Helsingin majakka,0.9,,
2015-01-08,Helsinki Kumpula,0.7,5.9,2.0
2015-01-08,Espoo Sepänkylä,0.5,,
2015-01-08,Helsinki Rautatientori,1.3,,
2015-01-08,Porvoo Kalbådagrund,0.0,,
2015-01-08,Porvoo Emäsalo,0.1,,
2015-01-08,Porvoo Harabacka,0.1,3.8,3.0
2015-01-08,Kotka Rankki,-0.6,,
2015-01-08,Loviisa Orrengrund,-0.3,,
2015-01-08,Kotka Haapasaari,-0.9,,
2015-01-08,Pori lentoasema,1.5,,
2015-01-08,Uusikaupunki Itätulli,,6.7,2.0
2015-01-08,Laitila Haukka,,6.4,2.0
2015-01-08,Kustavi Isokari,2.7,4.3,
2015-01-08,Rauma Kylmäpihlaja,2.1,,
2015-01-08,Pori rautatieasema,1.5,4.5,3.0
2015-01-08,Turku lentoasema,2.1,,
2015-01-08,Kokemäki Rausenkulma,,3.7,8.0
2015-01-08,Lieto Tammentaka,,4.6,12.0
2015-01-08,Huittinen Sallila,,3.5,10.0
2015-01-08,Köyliö Yttilä,,3.5,7.0
2015-01-08,Oripää Teinikivi,,3.7,16.0
2015-01-08,Pöytyä Yläne,,3.7,17.0
2015-01-08,Kokemäki Tulkkila,1.2,3.5,11.0
2015-01-08,Jokioinen Ilmala,0.5,5.0,11.0
2015-01-08,Nokia Tottijärvi,,3.0,6.0
2015-01-08,Pirkkala Tampere-Pirkkala lentoasema,-0.1,,
2015-01-08,Tampere Härmälä,0.1,3.9,9.0
2015-01-08,Somero Salkola,-0.4,5.1,14.0
2015-01-08,Hyvinkää Hyvinkäänkylä,-0.2,4.4,7.0
2015-01-08,Vihti Hiiskula,,0.3,3.0
2015-01-08,Hausjärvi Lavinto,,2.1,6.0
2015-01-08,Hämeenlinna Pirttikoski,,4.3,11.0
2015-01-08,Nurmijärvi Röykkä,-0.2,6.0,6.0
2015-01-08,Hämeenlinna Katinen,-0.1,3.1,
2015-01-08,Hattula Lepaa,-0.1,2.8,10.0
2015-01-08,Lahti Laune,-0.9,3.1,8.0
2015-01-08,Hämeenlinna Lammi Pappila,-0.8,3.9,8.0
2015-01-08,Mäntsälä Hirvihaara Kuntomajantie,,3.7,3.0
2015-01-08,Asikkala Urajärvi,,2.0,10.0
2015-01-08,Asikkala Pulkkilanharju,-0.7,,
2015-01-08,Hämeenlinna Lammi Evo,-1.2,,
2015-01-08,Kouvola Utti lentoasema,-2.0,4.6,
2015-01-08,Kouvola Anjala,-1.0,3.7,4.0
2015-01-08,Heinola Asemantaus,-1.1,3.0,9.0
2015-01-08,Iitti Kausala,,0.3,8.0
2015-01-08,Kouvola Voikoski,,5.0,10.0
2015-01-08,Virolahti Koivuniemi,-1.4,7.2,3.0
2015-01-08,Lappeenranta lentoasema,-2.7,,
2015-01-08,Lappeenranta Konnunsuo,-2.9,,
2015-01-08,Lappeenranta Lepola,-2.8,2.5,7.0
2015-01-08,Ruokolahti Kotaniemi,,4.5,20.0
2015-01-08,Lappeenranta Hiekkapakka,-3.1,,
2015-01-08,Rautjärvi Simpele Kangaskoski,,3.2,14.0
2015-01-08,Parikkala Koitsanlahti,-4.1,,
2015-01-08,Kaskinen Sälgrund,1.3,4.0,
2015-01-08,Merikarvia Tuorila,,7.5,7.0
2015-01-08,Isojoki Kärjenkoski,,5.7,9.0
2015-01-08,Teuva Kauppilankylä,,4.7,13.0
2015-01-08,Pori Tahkoluoto satama,2.0,,
2015-01-08,Kristiinankaupunki Majakka,1.6,,
2015-01-08,Karvia Alkkia,-0.1,0.7,19.0
2015-01-08,Pori Lavia,,2.5,8.0
2015-01-08,Ikaalinen Vehuvarpee,,4.6,14.0
2015-01-08,Kauhajoki kaupunki,,2.5,20.0
2015-01-08,Kurikka Hirvijärvi,,3.5,20.0
2015-01-08,Kauhajoki Kuja-Kokko,0.5,1.6,5.0
2015-01-08,Kankaanpää Niinisalo lentokenttä,0.2,4.8,14.0
2015-01-08,Alavus Sulkavankylä,,3.5,13.0
2015-01-08,Virrat Äijänneva,0.0,,
2015-01-08,Tampere Siilinkari,0.1,,
2015-01-08,Jämsä Halli lentoasema,-0.9,3.7,14.0
2015-01-08,Juupajoki Hyytiälä,-0.8,3.5,22.0
2015-01-08,Sysmä Joutsjärvi,,3.1,7.0
2015-01-08,Luhanka Tammijärvi,,4.0,19.0
2015-01-08,Jyväskylä Muuratjärvi,,4.0,23.0
2015-01-08,Luhanka Judinsalo,-0.7,,
2015-01-08,Multia Pirttiperä,,7.6,33.0
2015-01-08,Joutsa Savenaho,-1.9,5.1,27.0
2015-01-08,Kangasniemi kirkonkylä,,7.4,35.0
2015-01-08,Joutsa Pärnämäki,,5.1,25.0
2015-01-08,Mikkeli Pitkähiekka,,5.2,12.0
2015-01-08,Juva Partala,-3.0,,
2015-01-08,Joroinen Varkaus lentoasema,-2.7,,
2015-01-08,Varkaus Kosulanniemi,-2.8,7.9,27.0
2015-01-08,Savonlinna Laukansaari,,3.4,13.0
2015-01-08,Sulkava Halttula,,5.1,23.0
2015-01-08,Savonlinna lentoasema,-3.4,,
2015-01-08,Rantasalmi Rukkasluoto,-3.1,,
2015-01-08,Savonlinna Punkaharju Laukansaari,-3.7,4.5,22.0
2015-01-08,Enonkoski Simanala,,6.0,29.0
2015-01-08,Savonlinna Savonranta,,5.7,24.0
2015-01-08,Rääkkylä kirkonkylä,,11.5,28.0
2015-01-08,Tohmajärvi Kemie,-4.1,6.4,35.0
2015-01-08,Joensuu Huhtilampi,,6.4,45.0
2015-01-08,Vaasa lentoasema,0.9,,
2015-01-08,Mustasaari Valassaaret,1.0,,
2015-01-08,Närpiö Ylimarkku,,5.0,3.0
2015-01-08,Mustasaari Riimala,,2.9,16.0
2015-01-08,Kurikka Pyörni,,2.4,26.0
2015-01-08,Korsnäs Bredskäret,1.1,,
2015-01-08,Maalahti Strömmingsbådan,2.2,,
2015-01-08,Vaasa Klemettilä,0.8,2.8,5.0
2015-01-08,Seinäjoki Pelmaa,0.5,4.4,16.0
2015-01-08,Kauhava lentokenttä,0.3,2.1,21.0
2015-01-08,Ähtäri Inha,-0.7,9.8,25.0
2015-01-08,Halsua Purola,-0.8,8.5,35.0
2015-01-08,Alajärvi Möksy,-0.9,2.5,28.0
2015-01-08,Multia Karhila,-1.6,6.4,26.0
2015-01-08,Viitasaari Haapaniemi,-1.6,3.4,25.0
2015-01-08,Äänekoski Kalaniemi,,7.2,29.0
2015-01-08,Viitasaari Kärnä,,7.4,37.0
2015-01-08,Vesanto kirkonkylä,-2.0,8.6,32.0
2015-01-08,Pielavesi Venetmäki,,7.9,46.0
2015-01-08,Siilinjärvi Kuopio lentoasema,-2.6,,
2015-01-08,Kuopio Maaninka,-2.4,8.1,34.0
2015-01-08,Lapinlahti Lamminkäyrä,,6.9,30.0
2015-01-08,Suonenjoki Iisvesi,,7.2,38.0
2015-01-08,Kuopio Karttula,,8.2,37.0
2015-01-08,Kuopio Ritoniemi,-2.8,,
2015-01-08,Kuopio Savilahti,-2.5,7.6,32.0
2015-01-08,Heinävesi Palokki,,7.4,30.0
2015-01-08,Outokumpu Viuruniemi,,6.2,25.0
2015-01-08,Rautavaara Ala-Luosta,,6.1,28.0
2015-01-08,Rautavaara Ylä-Luosta,-3.5,5.7,41.0
2015-01-08,Liperi Joensuu lentoasema,-3.9,,
2015-01-08,Juuka Niemelä,-3.3,4.9,31.0
2015-01-08,Joensuu Pyhäselkä,,6.4,27.0
2015-01-08,Lieksa Koli,,5.0,39.0
2015-01-08,Liperi Tuiskavanluoto,-3.6,,
2015-01-08,Joensuu Linnunlahti,-3.7,7.5,29.0
2015-01-08,Lieksa Lampela,-3.4,3.8,25.0
2015-01-08,Ilomantsi Naarva,,6.2,56.0
2015-01-08,Ilomantsi Pötsönvaara,-5.0,6.6,54.0
2015-01-08,Ilomantsi Mekrijärvi,-4.9,3.1,
2015-01-08,Pietarsaari Kallan,0.5,,
2015-01-08,Kokkola Tankar,0.3,,
2015-01-08,Kruunupyy Kokkola-Pietarsaari lentoasema,0.1,,
2015-01-08,Kaustinen Tastula,,5.8,31.0
2015-01-08,Kalajoki Ulkokalla,0.8,,
2015-01-08,Kokkola Santahaka,0.4,4.6,18.0
2015-01-08,Toholampi Oravala,,7.2,34.0
2015-01-08,Kalajoki Pitkäsenkylä,,-1.0,30.0
2015-01-08,Kalajoki Mehtäkylä,,9.1,20.0
2015-01-08,Toholampi Laitala,-0.4,,
2015-01-08,Ylivieska lentokenttä,-0.8,4.0,26.0
2015-01-08,Ylivieska Vähäkangas,,5.4,28.0
2015-01-08,Haapavesi Mustikkamäki,-1.3,7.3,24.0
2015-01-08,Kärsämäki Venetpalo,,8.9,26.0
2015-01-08,Pyhäjärvi Ojakylä,-1.6,8.4,31.0
2015-01-08,Pyhäjärvi Hiidenniemi,,7.5,30.0
2015-01-08,Kiuruvesi Korpijoki,,5.1,15.0
2015-01-08,Siikalatva Kestilä,,7.5,28.0
2015-01-08,Kajaani Saaresmäki,,6.7,45.0
2015-01-08,Kajaani lentoasema,-1.6,,
2015-01-08,Vieremä Kaarakkala,-2.5,6.6,48.0
2015-01-08,Kajaani Paltaniemi,,3.4,21.0
2015-01-08,Nurmes Valtimo,-2.9,6.0,26.0
2015-01-08,Sotkamo Saviaho,,4.6,40.0
2015-01-08,Ristijärvi Mustavaara,,4.8,62.0
2015-01-08,Sotkamo Kuolaniemi,-2.2,3.0,30.0
2015-01-08,Nurmes Mujejärvi,,5.0,48.0
2015-01-08,Kuhmo Apaja,,4.2,57.0
2015-01-08,Kuhmo Kalliojoki,-3.2,4.6,48.0
2015-01-08,Hailuoto Keskikylä,-0.2,6.3,26.0
2015-01-08,Kemi I majakka,-0.2,,
2015-01-08,Hailuoto Marjaniemi,-0.3,,
2015-01-08,Raahe Lapaluoto satama,0.0,,
2015-01-08,Oulu lentoasema,-0.3,,
2015-01-08,Siikajoki Ruukki,-0.6,4.4,31.0
2015-01-08,Tyrnävä Temmes,,6.9,25.0
2015-01-08,Oulu Vihreäsaari satama,-0.2,,
2015-01-08,Oulu Oulunsalo Pellonpää,-0.3,6.5,32.0
2015-01-08,Vaala Pelso,-1.4,3.7,20.0
2015-01-08,Pudasjärvi lentokenttä,-1.1,4.6,39.0
2015-01-08,Utajärvi Särkijärvi,,4.3,40.0
2015-01-08,Pudasjärvi Jaurakkajärvi,,5.4,44.0
2015-01-08,Suomussalmi Näljänkä,,2.5,66.0
2015-01-08,Suomussalmi Pesiö,-2.3,4.6,56.0
2015-01-08,Puolanka Kotila,,7.5,55.0
2015-01-08,Puolanka Paljakka,-3.0,6.4,66.0
2015-01-08,Kemi Kemi-Tornio lentoasema,-0.9,,
2015-01-08,Kemi Ajos,-0.7,,
2015-01-08,Tornio Aapajärvi,,11.0,48.0
2015-01-08,Tornio Kaakkuri,-1.0,11.6,26.0
2015-01-08,Ranua lentokenttä,-1.7,5.0,54.0
2015-01-08,Pudasjärvi Sarakylä,,2.0,49.0
2015-01-08,Posio Raistakka,,2.1,57.0
2015-01-08,Taivalkoski Inkee,,1.8,58.0
2015-01-08,Taivalkoski kirkonkylä,-1.7,2.2,56.0
2015-01-08,Kuusamo lentoasema,-3.5,,
2015-01-08,Kuusamo Kiutaköngäs,-4.8,0.8,45.0
2015-01-08,Kuusamo Toranginaho,,1.2,55.0
2015-01-08,Kuusamo Rukatunturi,-4.6,,
2015-01-08,Kuusamo Teeriranta,,1.9,55.0
2015-01-08,Ylitornio Meltosjärvi,-2.3,4.0,37.0
2015-01-08,Pello Konttajärvi,,4.8,50.0
2015-01-08,Kolari Kattilamaa,,4.2,52.0
2015-01-08,Pello kirkonkylä,-3.1,5.0,39.0
2015-01-08,Kittilä Alakylä,,-1.0,54.0
2015-01-08,Rovaniemi rautatieasema,-1.8,,
2015-01-08,Sodankylä Tähtelä,-4.0,0.8,53.0
2015-01-08,Rovaniemi Apukka,-2.1,1.4,37.0
2015-01-08,Pelkosenniemi kirkonkylä,,1.0,46.0
2015-01-08,Kemijärvi lentokenttä,-2.6,1.5,51.0
2015-01-08,Savukoski kirkonkylä,-5.5,1.2,49.0
2015-01-08,Salla Kelloselkä,,-1.0,38.0
2015-01-08,Pelkosenniemi Pyhätunturi,-4.9,,
2015-01-08,Salla kirkonkylä,-4.4,0.3,38.0
2015-01-08,Salla Naruska,-6.3,0.5,51.0
2015-01-08,Enontekiö Kaaresuvanto,,2.5,40.0
2015-01-08,Muonio Alamuonio,-6.0,,51.0
2015-01-08,Enontekiö Hetta,,0.6,55.0
2015-01-08,Kittilä Pulju,,0.4,54.0
2015-01-08,Kittilä Levitunturi,-5.9,,
2015-01-08,Muonio Laukukero,-7.3,,
2015-01-08,Muonio Sammaltunturi,-6.5,,
2015-01-08,Kittilä Matorova,-6.4,,
2015-01-08,Kittilä lentoasema,-4.9,,
2015-01-08,Kittilä Kenttärova,-6.3,0.3,57.0
2015-01-08,Kittilä Pakatti,-4.7,0.5,50.0
2015-01-08,Kittilä Pokka,-5.9,0.2,57.0
2015-01-08,Sodankylä Lokka,-5.7,0.4,49.0
2015-01-08,Sodankylä Vuotso,-6.4,0.5,53.0
2015-01-08,Inari Saariselkä matkailukeskus,-7.2,0.3,53.0
2015-01-08,Inari Saariselkä Kaunispää,-7.1,,
2015-01-08,Savukoski Ruuvaoja,,1.4,49.0
2015-01-08,Inari Raja-Jooseppi Kontiojärvi,,3.6,28.0
2015-01-08,Inari Raja-Jooseppi,-7.7,,
2015-01-08,Salla Värriötunturi,-8.1,4.4,43.0
2015-01-08,Enontekiö Kilpisjärvi kyläkeskus,-5.2,4.9,48.0
2015-01-08,Enontekiö Kilpisjärvi Saana,-7.5,,
2015-01-08,Enontekiö Näkkälä,-6.1,-1.0,49.0
2015-01-08,Inari Angeli,,0.2,60.0
2015-01-08,Inari Angeli Lintupuoliselkä,-7.9,-1.0,47.0
2015-01-08,Inari Ivalo lentoasema,-8.1,,
2015-01-08,Utsjoki Kevo,-6.0,0.5,42.0
2015-01-08,Utsjoki Nuorgam,-5.3,0.6,35.0
2015-01-08,Utsjoki Leppälä,,1.0,45.0
2015-01-08,Inari Väylä,-8.1,,
2015-01-08,Inari kirkonkylä,,0.5,49.0
2015-01-08,Inari Kaamanen,-7.5,-1.0,44.0
2015-01-08,Inari Nellim,-7.7,0.7,37.0
2015-01-08,Inari Kirakkajärvi,-6.5,0.9,42.0
2015-01-08,Muonio Oustajärvi,-5.8,-1.0,54.0
2015-01-08,Kajaani Petäisenniska,-1.8,5.9,34.0
2015-01-08,Utsjoki Kevo Kevojärvi,-5.7,,
2015-01-08,Inari Seitalaassa,-7.4,,
2015-01-08,Rovaniemi lentoasema AWOS,-2.6,2.5,45.0
2015-01-08,Jyväskylä lentoasema AWOS,-1.5,6.4,24.0
2015-01-08,Puumala kirkonkylä,-3.1,2.9,10.0
2015-01-08,Helsinki Vuosaari satama,0.6,,
2015-01-08,Lumparland Långnäs satama,3.1,6.0,-1.0
2015-01-08,Tampere Tampella,0.3,,
2015-01-08,Kittilä Lompolonvuoma,-6.6,,
2015-01-08,Kuusamo Ruka Talvijärvi,-3.4,,
2015-01-08,Espoo Nuuksio,-0.2,4.5,12.0
2015-01-08,Mikkeli Lentoasema AWOS,-2.3,5.2,27.0
2015-01-08,Espoo Tapiola,0.9,5.6,2.0
2015-01-09,Jomala Maarianhamina lentoasema,1.5,,
2015-01-09,Parainen Utö,2.3,0.1,-1.0
2015-01-09,Lemland Nyhamn,1.7,,
2015-01-09,Jomala Jomalaby,0.9,-1.0,-1.0
2015-01-09,Hammarland Märket,1.2,,
2015-01-09,Kökar Bogskär,1.9,,
2015-01-09,Parainen Fagerholm,1.8,-1.0,
2015-01-09,Kumlinge kirkonkylä,1.4,,
2015-01-09,Hanko Russarö,1.8,,
2015-01-09,Kaarina Yltöinen,0.8,-1.0,2.0
2015-01-09,Kemiönsaari Vänö,1.9,,
2015-01-09,Hanko Tulliniemi,1.8,,
2015-01-09,Turku Rajakari,1.5,,
2015-01-09,Turku Artukainen,1.1,0.1,-1.0
2015-01-09,Kemiönsaari Kemiö,1.1,-1.0,2.0
2015-01-09,Hanko Tvärminne,1.3,0.1,-1.0
2015-01-09,Salo Kärkkä,0.9,0.1,
2015-01-09,Lohja Leppäkorpi,,0.4,2.0
2015-01-09,Raasepori Jussarö,1.5,,
2015-01-09,Salo Kiikala lentokenttä,-0.1,0.3,5.0
2015-01-09,Vantaa Helsinki-Vantaan lentoasema,0.2,0.1,1.0
2015-01-09,Inkoo Bågaskär,1.0,,
2015-01-09,Helsinki Kaisaniemi,0.9,0.3,-1.0
2015-01-09,Lohja Porla,0.7,0.5,0.0
2015-01-09,Vihti Maasoja,0.5,,
2015-01-09,Helsinki Harmaja,0.8,,
2015-01-09,Kirkkonummi Mäkiluoto,1.5,,
2015-01-09,Helsinki Helsingin majakka,1.4,,
2015-01-09,Helsinki Kumpula,0.7,0.1,-1.0
2015-01-09,Espoo Sepänkylä,0.6,,
2015-01-09,Helsinki Rautatientori,1.3,,
2015-01-09,Porvoo Kalbådagrund,1.3,,
2015-01-09,Porvoo Emäsalo,0.5,,
2015-01-09,Porvoo Harabacka,0.6,0.7,2.0
2015-01-09,Kotka Rankki,0.6,,
2015-01-09,Loviisa Orrengrund,0.6,,
2015-01-09,Kotka Haapasaari,0.7,,
2015-01-09,Pori lentoasema,0.7,,
2015-01-09,Uusikaupunki Itätulli,,0.0,-1.0
2015-01-09,Laitila Haukka,,0.1,-1.0
2015-01-09,Kustavi Isokari,2.1,0.2,
2015-01-09,Rauma Kylmäpihlaja,1.7,,
2015-01-09,Pori rautatieasema,0.8,-1.0,0.0
2015-01-09,Turku lentoasema,0.6,,
2015-01-09,Kokemäki Rausenkulma,,-1.0,5.0
2015-01-09,Lieto Tammentaka,,-1.0,6.0
2015-01-09,Huittinen Sallila,,-1.0,5.0
2015-01-09,Köyliö Yttilä,,-1.0,5.0
2015-01-09,Oripää Teinikivi,,-1.0,10.0
2015-01-09,Pöytyä Yläne,,0.1,7.0
2015-01-09,Kokemäki Tulkkila,0.7,-1.0,8.0
2015-01-09,Jokioinen Ilmala,-0.1,0.2,9.0
2015-01-09,Nokia Tottijärvi,,0.6,5.0
2015-01-09,Pirkkala Tampere-Pirkkala lentoasema,0.0,,
2015-01-09,Tampere Härmälä,0.3,0.2,9.0
2015-01-09,Somero Salkola,-0.5,0.8,13.0
2015-01-09,Hyvinkää Hyvinkäänkylä,-0.2,0.3,6.0
2015-01-09,Vihti Hiiskula,,-1.0,2.0
2015-01-09,Hausjärvi Lavinto,,0.9,5.0
2015-01-09,Hämeenlinna Pirttikoski,,3.4,12.0
2015-01-09,Nurmijärvi Röykkä,-0.1,0.3,6.0
2015-01-09,Hämeenlinna Katinen,0.1,0.8,
2015-01-09,Hattula Lepaa,0.0,1.0,10.0
2015-01-09,Lahti Laune,0.1,0.8,9.0
2015-01-09,Hämeenlinna Lammi Pappila,-0.5,1.5,7.0
2015-01-09,Mäntsälä Hirvihaara Kuntomajantie,,1.4,3.0
2015-01-09,Asikkala Urajärvi,,1.7,11.0
2015-01-09,Asikkala Pulkkilanharju,0.1,,
2015-01-09,Hämeenlinna Lammi Evo,-0.5,,
2015-01-09,Kouvola Utti lentoasema,0.1,1.9,18.0
2015-01-09,Kouvola Anjala,0.5,1.7,5.0
2015-01-09,Heinola Asemantaus,0.1,1.3,9.0
2015-01-09,Iitti Kausala,,1.4,8.0
2015-01-09,Kouvola Voikoski,,2.4,13.0
2015-01-09,Virolahti Koivuniemi,0.8,1.4,3.0
2015-01-09,Lappeenranta lentoasema,-0.7,,
2015-01-09,Lappeenranta Konnunsuo,-0.5,,
2015-01-09,Lappeenranta Lepola,-0.3,0.3,10.0
2015-01-09,Ruokolahti Kotaniemi,,0.6,24.0
2015-01-09,Lappeenranta Hiekkapakka,-0.4,,
2015-01-09,Rautjärvi Simpele Kangaskoski,,3.6,17.0
2015-01-09,Parikkala Koitsanlahti,-1.9,,
2015-01-09,Kaskinen Sälgrund,0.1,0.2,
2015-01-09,Merikarvia Tuorila,,-1.0,6.0
2015-01-09,Isojoki Kärjenkoski,,0.0,8.0
2015-01-09,Teuva Kauppilankylä,,1.5,14.0
2015-01-09,Pori Tahkoluoto satama,1.6,,
2015-01-09,Karvia Alkkia,-0.9,0.1,19.0
2015-01-09,Pori Lavia,,0.0,7.0
2015-01-09,Ikaalinen Vehuvarpee,,0.7,10.0
2015-01-09,Kauhajoki kaupunki,,0.8,18.0
2015-01-09,Kurikka Hirvijärvi,,2.2,19.0
2015-01-09,Kauhajoki Kuja-Kokko,-1.9,0.3,4.0
2015-01-09,Kankaanpää Niinisalo lentokenttä,-0.3,0.4,13.0
2015-01-09,Alavus Sulkavankylä,,1.9,15.0
2015-01-09,Virrat Äijänneva,-0.9,,
2015-01-09,Tampere Siilinkari,0.1,,
2015-01-09,Jämsä Halli lentoasema,0.0,2.3,15.0
2015-01-09,Juupajoki Hyytiälä,-0.2,3.3,24.0
2015-01-09,Sysmä Joutsjärvi,,1.6,6.0
2015-01-09,Luhanka Tammijärvi,,2.0,20.0
2015-01-09,Jyväskylä Muuratjärvi,,3.3,28.0
2015-01-09,Luhanka Judinsalo,0.5,,
2015-01-09,Multia Pirttiperä,,3.0,39.0
2015-01-09,Joutsa Savenaho,-0.2,2.2,28.0
2015-01-09,Kangasniemi kirkonkylä,,4.5,39.0
2015-01-09,Joutsa Pärnämäki,,2.5,28.0
2015-01-09,Mikkeli Pitkähiekka,,5.1,16.0
2015-01-09,Juva Partala,-0.3,,
2015-01-09,Joroinen Varkaus lentoasema,-0.1,,
2015-01-09,Varkaus Kosulanniemi,-0.3,1.6,33.0
2015-01-09,Savonlinna Laukansaari,,3.1,17.0
2015-01-09,Sulkava Halttula,,1.9,27.0
2015-01-09,Savonlinna lentoasema,-0.9,,
2015-01-09,Rantasalmi Rukkasluoto,-0.6,,
2015-01-09,Savonlinna Punkaharju Laukansaari,-1.4,0.8,25.0
2015-01-09,Enonkoski Simanala,,2.4,32.0
2015-01-09,Savonlinna Savonranta,,1.2,28.0
2015-01-09,Rääkkylä kirkonkylä,,5.5,34.0
2015-01-09,Tohmajärvi Kemie,-4.3,2.0,43.0
2015-01-09,Joensuu Huhtilampi,,3.0,51.0
2015-01-09,Vaasa lentoasema,-1.5,,
2015-01-09,Mustasaari Valassaaret,-0.9,,
2015-01-09,Närpiö Ylimarkku,,1.3,3.0
2015-01-09,Mustasaari Riimala,,1.6,16.0
2015-01-09,Kurikka Pyörni,,1.3,24.0
2015-01-09,Korsnäs Bredskäret,-0.4,,
2015-01-09,Maalahti Strömmingsbådan,1.1,,
2015-01-09,Vaasa Klemettilä,-0.8,2.2,5.0
2015-01-09,Seinäjoki Pelmaa,-2.2,1.5,17.0
2015-01-09,Kauhava lentokenttä,-1.7,0.9,23.0
2015-01-09,Ähtäri Inha,-1.0,1.6,31.0
2015-01-09,Halsua Purola,-2.0,2.5,40.0
2015-01-09,Alajärvi Möksy,-1.9,2.6,35.0
2015-01-09,Multia Karhila,-1.3,2.0,30.0
2015-01-09,Viitasaari Haapaniemi,-1.4,1.6,30.0
2015-01-09,Äänekoski Kalaniemi,,2.9,36.0
2015-01-09,Viitasaari Kärnä,,4.4,43.0
2015-01-09,Vesanto kirkonkylä,-1.1,3.9,38.0
2015-01-09,Pielavesi Venetmäki,,6.8,50.0
2015-01-09,Siilinjärvi Kuopio lentoasema,-2.2,,
2015-01-09,Kuopio Maaninka,-2.1,2.1,41.0
2015-01-09,Lapinlahti Lamminkäyrä,,3.6,34.0
2015-01-09,Suonenjoki Iisvesi,,8.0,45.0
2015-01-09,Kuopio Karttula,,3.8,45.0
2015-01-09,Kuopio Ritoniemi,-1.6,,
2015-01-09,Kuopio Savilahti,-1.6,2.4,39.0
2015-01-09,Heinävesi Palokki,,3.1,38.0
2015-01-09,Outokumpu Viuruniemi,,2.6,31.0
2015-01-09,Rautavaara Ala-Luosta,,2.0,34.0
2015-01-09,Rautavaara Ylä-Luosta,-5.8,2.9,46.0
2015-01-09,Liperi Joensuu lentoasema,-4.7,,
2015-01-09,Juuka Niemelä,-6.0,2.1,35.0
2015-01-09,Joensuu Pyhäselkä,,3.8,34.0
2015-01-09,Lieksa Koli,,3.3,42.0
2015-01-09,Liperi Tuiskavanluoto,-3.8,,
2015-01-09,Joensuu Linnunlahti,-4.1,2.8,37.0
2015-01-09,Lieksa Lampela,-6.8,1.9,31.0
2015-01-09,Ilomantsi Naarva,,2.8,61.0
2015-01-09,Ilomantsi Pötsönvaara,-8.5,2.1,63.0
2015-01-09,Ilomantsi Mekrijärvi,-8.1,1.5,
2015-01-09,Pietarsaari Kallan,-0.7,,
2015-01-09,Kokkola Tankar,-0.9,,
2015-01-09,Kruunupyy Kokkola-Pietarsaari lentoasema,-1.6,,
2015-01-09,Kaustinen Tastula,,2.1,37.0
2015-01-09,Kalajoki Ulkokalla,-1.0,,
2015-01-09,Kokkola Santahaka,-1.2,3.8,21.0
2015-01-09,Toholampi Oravala,,1.4,34.0
2015-01-09,Kalajoki Pitkäsenkylä,,12.0,30.0
2015-01-09,Kalajoki Mehtäkylä,,1.4,27.0
2015-01-09,Toholampi Laitala,-1.6,,
2015-01-09,Ylivieska lentokenttä,-1.8,1.2,32.0
2015-01-09,Ylivieska Vähäkangas,,2.2,32.0
2015-01-09,Haapavesi Mustikkamäki,-2.3,2.2,29.0
2015-01-09,Kärsämäki Venetpalo,,1.3,33.0
2015-01-09,Pyhäjärvi Ojakylä,-2.6,0.3,39.0
2015-01-09,Pyhäjärvi Hiidenniemi,,1.2,37.0
2015-01-09,Kiuruvesi Korpijoki,,1.9,27.0
2015-01-09,Siikalatva Kestilä,,5.2,33.0
2015-01-09,Kajaani Saaresmäki,,4.6,51.0
2015-01-09,Kajaani lentoasema,-5.8,,
2015-01-09,Vieremä Kaarakkala,-4.9,4.9,55.0
2015-01-09,Kajaani Paltaniemi,,2.2,21.0
2015-01-09,Nurmes Valtimo,-6.2,4.5,31.0
2015-01-09,Sotkamo Saviaho,,4.1,47.0
2015-01-09,Ristijärvi Mustavaara,,2.5,65.0
2015-01-09,Sotkamo Kuolaniemi,-6.5,1.7,34.0
2015-01-09,Nurmes Mujejärvi,,2.8,51.0
2015-01-09,Kuhmo Apaja,,13.5,60.0
2015-01-09,Kuhmo Kalliojoki,-7.8,4.5,50.0
2015-01-09,Hailuoto Keskikylä,-3.8,1.0,31.0
2015-01-09,Kemi I majakka,-3.4,,
2015-01-09,Hailuoto Marjaniemi,-3.7,,
2015-01-09,Raahe Lapaluoto satama,-2.9,,
2015-01-09,Oulu lentoasema,-4.0,,
2015-01-09,Siikajoki Ruukki,-3.8,1.7,32.0
2015-01-09,Tyrnävä Temmes,,3.2,30.0
2015-01-09,Oulu Vihreäsaari satama,-3.8,,
2015-01-09,Oulu Oulunsalo Pellonpää,-4.0,1.3,37.0
2015-01-09,Vaala Pelso,-5.3,2.8,25.0
2015-01-09,Pudasjärvi lentokenttä,-5.6,0.8,47.0
2015-01-09,Utajärvi Särkijärvi,,1.3,44.0
2015-01-09,Pudasjärvi Jaurakkajärvi,,4.4,47.0
2015-01-09,Suomussalmi Näljänkä,,4.0,67.0
2015-01-09,Suomussalmi Pesiö,-7.2,2.8,58.0
2015-01-09,Puolanka Kotila,,2.8,59.0
2015-01-09,Puolanka Paljakka,-7.8,1.7,71.0
2015-01-09,Kemi Kemi-Tornio lentoasema,-4.2,,
2015-01-09,Kemi Ajos,-4.1,,
2015-01-09,Tornio Aapajärvi,,2.8,54.0
2015-01-09,Tornio Kaakkuri,-4.3,3.6,35.0
2015-01-09,Ranua lentokenttä,-5.9,1.6,57.0
2015-01-09,Pudasjärvi Sarakylä,,0.6,50.0
2015-01-09,Posio Raistakka,,1.8,56.0
2015-01-09,Taivalkoski Inkee,,0.8,59.0
2015-01-09,Taivalkoski kirkonkylä,-6.4,1.3,57.0
2015-01-09,Kuusamo lentoasema,-7.4,,
2015-01-09,Kuusamo Kiutaköngäs,-7.3,0.7,45.0
2015-01-09,Kuusamo Toranginaho,,2.6,55.0
2015-01-09,Kuusamo Rukatunturi,-9.0,,
2015-01-09,Kuusamo Teeriranta,,2.7,56.0
2015-01-09,Ylitornio Meltosjärvi,-5.3,1.6,40.0
2015-01-09,Pello Konttajärvi,,0.8,54.0
2015-01-09,Kolari Kattilamaa,,1.5,53.0
2015-01-09,Pello kirkonkylä,-4.8,1.3,45.0
2015-01-09,Kittilä Alakylä,,3.5,54.0
2015-01-09,Rovaniemi rautatieasema,-5.1,,
2015-01-09,Sodankylä Tähtelä,-7.6,0.6,53.0
2015-01-09,Rovaniemi Apukka,-5.6,0.3,38.0
2015-01-09,Pelkosenniemi kirkonkylä,,1.0,47.0
2015-01-09,Kemijärvi lentokenttä,-7.2,1.0,51.0
2015-01-09,Savukoski kirkonkylä,-8.2,1.7,50.0
2015-01-09,Salla Kelloselkä,,-1.0,38.0
2015-01-09,Pelkosenniemi Pyhätunturi,-9.4,,
2015-01-09,Salla kirkonkylä,-7.9,0.2,37.0
2015-01-09,Salla Naruska,-8.9,1.4,50.0
2015-01-09,Enontekiö Kaaresuvanto,,3.1,42.0
2015-01-09,Muonio Alamuonio,-7.3,,51.0
2015-01-09,Enontekiö Hetta,,2.2,55.0
2015-01-09,Kittilä Pulju,,1.6,55.0
2015-01-09,Kittilä Levitunturi,-9.5,,
2015-01-09,Muonio Laukukero,-10.8,,
2015-01-09,Muonio Sammaltunturi,-9.7,,
2015-01-09,Kittilä Matorova,-8.5,,
2015-01-09,Kittilä lentoasema,-7.0,,
2015-01-09,Kittilä Kenttärova,-8.5,2.1,56.0
2015-01-09,Kittilä Pakatti,-6.9,1.9,51.0
2015-01-09,Kittilä Pokka,-9.4,1.6,56.0
2015-01-09,Sodankylä Lokka,-10.0,2.2,48.0
2015-01-09,Sodankylä Vuotso,-10.5,2.5,52.0
2015-01-09,Inari Saariselkä matkailukeskus,-10.4,1.6,52.0
2015-01-09,Inari Saariselkä Kaunispää,-11.4,,
2015-01-09,Savukoski Ruuvaoja,,-1.0,52.0
2015-01-09,Inari Raja-Jooseppi Kontiojärvi,,2.3,30.0
2015-01-09,Inari Raja-Jooseppi,-11.0,,
2015-01-09,Salla Värriötunturi,-14.1,1.1,48.0
2015-01-09,Enontekiö Kilpisjärvi kyläkeskus,-6.7,3.6,56.0
2015-01-09,Enontekiö Kilpisjärvi Saana,-10.5,,
2015-01-09,Enontekiö Näkkälä,-8.1,0.3,48.0
2015-01-09,Inari Angeli,,1.2,60.0
2015-01-09,Inari Angeli Lintupuoliselkä,-9.2,1.0,46.0
2015-01-09,Inari Ivalo lentoasema,-9.3,,
2015-01-09,Utsjoki Kevo,-8.4,0.5,42.0
2015-01-09,Utsjoki Nuorgam,-7.7,0.7,37.0
2015-01-09,Utsjoki Leppälä,,0.3,46.0
2015-01-09,Inari Väylä,-9.2,,
2015-01-09,Inari kirkonkylä,,1.6,49.0
2015-01-09,Inari Kaamanen,-9.3,1.5,43.0
2015-01-09,Inari Nellim,-9.7,0.4,36.0
2015-01-09,Inari Kirakkajärvi,-10.1,0.3,43.0
2015-01-09,Muonio Oustajärvi,-7.2,1.5,52.0
2015-01-09,Kajaani Petäisenniska,-6.1,4.3,40.0
2015-01-09,Utsjoki Kevo Kevojärvi,-8.2,,
2015-01-09,Inari Seitalaassa,-9.2,,
2015-01-09,Rovaniemi lentoasema AWOS,-6.4,2.6,46.0
2015-01-09,Jyväskylä lentoasema AWOS,-0.3,2.5,29.0
2015-01-09,Puumala kirkonkylä,-0.2,1.2,12.0
2015-01-09,Helsinki Vuosaari satama,0.8,,
2015-01-09,Lumparland Långnäs satama,1.1,0.1,-1.0
2015-01-09,Tampere Tampella,0.4,,
2015-01-09,Kittilä Lompolonvuoma,-7.9,,
2015-01-09,Kuusamo Ruka Talvijärvi,-7.7,,
2015-01-09,Espoo Nuuksio,-0.1,0.7,11.0
2015-01-09,Mikkeli Lentoasema AWOS,-0.2,4.8,30.0
2015-01-09,Espoo Tapiola,1.0,0.1,-1.0
2015-01-10,Jomala Maarianhamina lentoasema,0.4,,
2015-01-10,Parainen Utö,1.2,12.9,-1.0
2015-01-10,Lemland Nyhamn,1.3,,
2015-01-10,Jomala Jomalaby,-0.2,20.8,-1.0
2015-01-10,Hammarland Märket,0.9,,
2015-01-10,Kökar Bogskär,1.6,,
2015-01-10,Parainen Fagerholm,0.8,7.6,
2015-01-10,Kumlinge kirkonkylä,0.6,,
2015-01-10,Hanko Russarö,0.9,,
2015-01-10,Kaarina Yltöinen,-0.3,5.0,2.0
2015-01-10,Kemiönsaari Vänö,1.0,,
2015-01-10,Hanko Tulliniemi,0.8,,
2015-01-10,Turku Rajakari,0.3,,
2015-01-10,Turku Artukainen,-0.3,5.2,-1.0
2015-01-10,Kemiönsaari Kemiö,0.0,5.7,2.0
2015-01-10,Hanko Tvärminne,0.6,1.8,-1.0
2015-01-10,Salo Kärkkä,-0.4,2.6,
2015-01-10,Lohja Leppäkorpi,,8.0,2.0
2015-01-10,Raasepori Jussarö,0.6,,
2015-01-10,Salo Kiikala lentokenttä,-2.0,5.2,5.0
2015-01-10,Vantaa Helsinki-Vantaan lentoasema,-1.7,5.0,0.0
2015-01-10,Inkoo Bågaskär,-0.1,,
2015-01-10,Helsinki Kaisaniemi,-0.5,11.5,-1.0
2015-01-10,Lohja Porla,-0.8,10.2,0.0
2015-01-10,Vihti Maasoja,-1.6,,
2015-01-10,Helsinki Harmaja,-0.2,,
2015-01-10,Kirkkonummi Mäkiluoto,0.6,,
2015-01-10,Helsinki Helsingin majakka,0.3,,
2015-01-10,Helsinki Kumpula,-0.8,11.2,-1.0
2015-01-10,Espoo Sepänkylä,-0.9,,
2015-01-10,Helsinki Rautatientori,-0.1,,
2015-01-10,Porvoo Kalbådagrund,-0.1,,
2015-01-10,Porvoo Emäsalo,-0.9,,
2015-01-10,Porvoo Harabacka,-1.4,5.1,2.0
2015-01-10,Kotka Rankki,-1.1,,
2015-01-10,Loviisa Orrengrund,-0.8,,
2015-01-10,Kotka Haapasaari,-0.6,,
2015-01-10,Pori lentoasema,-2.0,,
2015-01-10,Uusikaupunki Itätulli,,3.2,-1.0
2015-01-10,Laitila Haukka,,1.5,-1.0
2015-01-10,Kustavi Isokari,0.3,2.2,
2015-01-10,Rauma Kylmäpihlaja,-0.5,,
2015-01-10,Pori rautatieasema,-1.9,1.6,0.0
2015-01-10,Turku lentoasema,-0.7,,
2015-01-10,Kokemäki Rausenkulma,,4.0,4.0
2015-01-10,Lieto Tammentaka,,5.5,6.0
2015-01-10,Huittinen Sallila,,4.7,4.0
2015-01-10,Köyliö Yttilä,,6.0,5.0
2015-01-10,Oripää Teinikivi,,0.3,9.0
2015-01-10,Pöytyä Yläne,,4.4,6.0
2015-01-10,Kokemäki Tulkkila,-2.2,2.4,8.0
2015-01-10,Jokioinen Ilmala,-2.6,2.1,9.0
2015-01-10,Nokia Tottijärvi,,2.7,5.0
2015-01-10,Pirkkala Tampere-Pirkkala lentoasema,-3.2,,
2015-01-10,Tampere Härmälä,-2.9,2.5,9.0
2015-01-10,Somero Salkola,-2.9,3.3,13.0
2015-01-10,Hyvinkää Hyvinkäänkylä,-2.5,3.3,6.0
2015-01-10,Vihti Hiiskula,,6.2,2.0
2015-01-10,Hausjärvi Lavinto,,1.5,5.0
2015-01-10,Hämeenlinna Pirttikoski,,3.8,13.0
2015-01-10,Nurmijärvi Röykkä,-2.5,4.3,6.0
2015-01-10,Hämeenlinna Katinen,-2.6,2.3,
2015-01-10,Hattula Lepaa,-2.7,2.5,9.0
2015-01-10,Lahti Laune,-2.5,2.5,9.0
2015-01-10,Hämeenlinna Lammi Pappila,-3.0,4.0,8.0
2015-01-10,Mäntsälä Hirvihaara Kuntomajantie,,4.3,3.0
2015-01-10,Asikkala Urajärvi,,2.6,13.0
2015-01-10,Asikkala Pulkkilanharju,-2.5,,
2015-01-10,Hämeenlinna Lammi Evo,-3.1,,
2015-01-10,Kouvola Utti lentoasema,-2.8,2.8,19.0
2015-01-10,Kouvola Anjala,-2.1,4.4,7.0
2015-01-10,Heinola Asemantaus,-2.7,1.8,9.0
2015-01-10,Iitti Kausala,,2.6,10.0
2015-01-10,Kouvola Voikoski,,1.1,15.0
2015-01-10,Virolahti Koivuniemi,-1.5,3.7,4.0
2015-01-10,Lappeenranta lentoasema,-2.5,,
2015-01-10,Lappeenranta Konnunsuo,-2.4,,
2015-01-10,Lappeenranta Lepola,-2.4,6.8,9.0
2015-01-10,Ruokolahti Kotaniemi,,1.7,24.0
2015-01-10,Lappeenranta Hiekkapakka,-2.5,,
2015-01-10,Rautjärvi Simpele Kangaskoski,,0.8,19.0
2015-01-10,Parikkala Koitsanlahti,-4.3,,
2015-01-10,Kaskinen Sälgrund,-2.9,-1.0,
2015-01-10,Merikarvia Tuorila,,0.5,6.0
2015-01-10,Isojoki Kärjenkoski,,0.8,8.0
2015-01-10,Teuva Kauppilankylä,,0.1,14.0
2015-01-10,Pori Tahkoluoto satama,-1.6,,
2015-01-10,Karvia Alkkia,-4.7,0.1,19.0
2015-01-10,Pori Lavia,,1.3,5.0
2015-01-10,Ikaalinen Vehuvarpee,,2.6,10.0
2015-01-10,Kauhajoki kaupunki,,0.3,18.0
2015-01-10,Kurikka Hirvijärvi,,0.2,22.0
2015-01-10,Kauhajoki Kuja-Kokko,-4.4,-1.0,6.0
2015-01-10,Kankaanpää Niinisalo lentokenttä,-3.8,1.5,12.0
2015-01-10,Alavus Sulkavankylä,,0.3,17.0
2015-01-10,Virrat Äijänneva,-5.1,,
2015-01-10,Tampere Siilinkari,-3.0,,
2015-01-10,Jämsä Halli lentoasema,-3.8,2.3,17.0
2015-01-10,Juupajoki Hyytiälä,-3.9,0.7,28.0
2015-01-10,Sysmä Joutsjärvi,,1.0,10.0
2015-01-10,Luhanka Tammijärvi,,0.5,23.0
2015-01-10,Jyväskylä Muuratjärvi,,0.0,29.0
2015-01-10,Luhanka Judinsalo,-3.1,,
2015-01-10,Multia Pirttiperä,,0.9,40.0
2015-01-10,Joutsa Savenaho,-4.1,-1.0,30.0
2015-01-10,Kangasniemi kirkonkylä,,3.3,44.0
2015-01-10,Joutsa Pärnämäki,,0.3,30.0
2015-01-10,Mikkeli Pitkähiekka,,3.0,22.0
2015-01-10,Juva Partala,-4.2,,
2015-01-10,Joroinen Varkaus lentoasema,-6.4,,
2015-01-10,Varkaus Kosulanniemi,-6.8,0.4,33.0
2015-01-10,Savonlinna Laukansaari,,0.5,22.0
2015-01-10,Sulkava Halttula,,2.7,29.0
2015-01-10,Savonlinna lentoasema,-6.5,,
2015-01-10,Rantasalmi Rukkasluoto,-6.6,,
2015-01-10,Savonlinna Punkaharju Laukansaari,-6.2,0.6,26.0
2015-01-10,Enonkoski Simanala,,1.4,33.0
2015-01-10,Savonlinna Savonranta,,0.4,30.0
2015-01-10,Rääkkylä kirkonkylä,,0.5,37.0
2015-01-10,Tohmajärvi Kemie,-10.6,1.0,43.0
2015-01-10,Joensuu Huhtilampi,,0.5,54.0
2015-01-10,Vaasa lentoasema,-5.6,,
2015-01-10,Mustasaari Valassaaret,-4.5,,
2015-01-10,Närpiö Ylimarkku,,-1.0,3.0
2015-01-10,Mustasaari Riimala,,0.8,18.0
2015-01-10,Kurikka Pyörni,,1.4,25.0
2015-01-10,Korsnäs Bredskäret,-4.3,,
2015-01-10,Maalahti Strömmingsbådan,-3.5,,
2015-01-10,Vaasa Klemettilä,-5.4,-1.0,8.0
2015-01-10,Seinäjoki Pelmaa,-5.8,-1.0,18.0
2015-01-10,Kauhava lentokenttä,-6.9,-1.0,25.0
2015-01-10,Ähtäri Inha,-6.3,0.1,33.0
2015-01-10,Halsua Purola,-9.8,0.5,42.0
2015-01-10,Alajärvi Möksy,-8.6,2.2,35.0
2015-01-10,Multia Karhila,-7.0,0.1,30.0
2015-01-10,Viitasaari Haapaniemi,-9.5,-1.0,34.0
2015-01-10,Äänekoski Kalaniemi,,0.7,38.0
2015-01-10,Viitasaari Kärnä,,0.5,47.0
2015-01-10,Vesanto kirkonkylä,-9.1,0.7,
2015-01-10,Pielavesi Venetmäki,,0.5,57.0
2015-01-10,Siilinjärvi Kuopio lentoasema,-10.6,,
2015-01-10,Kuopio Maaninka,-10.6,-1.0,44.0
2015-01-10,Lapinlahti Lamminkäyrä,,0.1,38.0
2015-01-10,Suonenjoki Iisvesi,,3.2,52.0
2015-01-10,Kuopio Karttula,,0.4,48.0
2015-01-10,Kuopio Ritoniemi,-9.8,,
2015-01-10,Kuopio Savilahti,-9.6,0.8,41.0
2015-01-10,Heinävesi Palokki,,0.8,40.0
2015-01-10,Outokumpu Viuruniemi,,0.3,34.0
2015-01-10,Rautavaara Ala-Luosta,,1.0,34.0
2015-01-10,Rautavaara Ylä-Luosta,-13.8,2.6,48.0
2015-01-10,Liperi Joensuu lentoasema,-11.4,,
2015-01-10,Juuka Niemelä,-13.3,1.5,35.0
2015-01-10,Joensuu Pyhäselkä,,1.2,40.0
2015-01-10,Lieksa Koli,,2.3,44.0
2015-01-10,Liperi Tuiskavanluoto,-10.7,,
2015-01-10,Joensuu Linnunlahti,-10.8,0.2,39.0
2015-01-10,Lieksa Lampela,-14.0,0.3,31.0
2015-01-10,Ilomantsi Naarva,,0.3,61.0
2015-01-10,Ilomantsi Pötsönvaara,-15.5,0.1,62.0
2015-01-10,Ilomantsi Mekrijärvi,-14.6,3.3,
2015-01-10,Pietarsaari Kallan,-7.7,,
2015-01-10,Kokkola Tankar,-7.6,,
2015-01-10,Kruunupyy Kokkola-Pietarsaari lentoasema,-8.8,,
2015-01-10,Kaustinen Tastula,,0.0,39.0
2015-01-10,Kalajoki Ulkokalla,-8.5,,
2015-01-10,Kokkola Santahaka,-8.9,-1.0,24.0
2015-01-10,Toholampi Oravala,,1.2,34.0
2015-01-10,Kalajoki Pitkäsenkylä,,2.0,41.0
2015-01-10,Kalajoki Mehtäkylä,,0.4,29.0
2015-01-10,Toholampi Laitala,-10.2,,
2015-01-10,Ylivieska lentokenttä,-11.3,-1.0,35.0
2015-01-10,Ylivieska Vähäkangas,,0.3,34.0
2015-01-10,Haapavesi Mustikkamäki,-12.4,1.2,32.0
2015-01-10,Kärsämäki Venetpalo,,1.5,34.0
2015-01-10,Pyhäjärvi Ojakylä,-11.8,-1.0,40.0
2015-01-10,Pyhäjärvi Hiidenniemi,,0.6,38.0
2015-01-10,Kiuruvesi Korpijoki,,2.0,27.0
2015-01-10,Siikalatva Kestilä,,0.9,35.0
2015-01-10,Kajaani Saaresmäki,,1.2,53.0
2015-01-10,Kajaani lentoasema,-14.2,,
2015-01-10,Vieremä Kaarakkala,-13.8,0.8,58.0
2015-01-10,Kajaani Paltaniemi,,0.1,23.0
2015-01-10,Nurmes Valtimo,-14.1,1.5,34.0
2015-01-10,Sotkamo Saviaho,,2.0,50.0
2015-01-10,Ristijärvi Mustavaara,,0.3,66.0
2015-01-10,Sotkamo Kuolaniemi,-15.1,0.7,36.0
2015-01-10,Nurmes Mujejärvi,,1.7,53.0
2015-01-10,Kuhmo Apaja,,-1.0,64.0
2015-01-10,Kuhmo Kalliojoki,-16.9,0.6,53.0
2015-01-10,Hailuoto Keskikylä,-12.0,0.4,30.0
2015-01-10,Kemi I majakka,-10.2,,
2015-01-10,Hailuoto Marjaniemi,-11.9,,
2015-01-10,Raahe Lapaluoto satama,-11.8,,
2015-01-10,Oulu lentoasema,-12.1,,
2015-01-10,Siikajoki Ruukki,-12.3,0.2,39.0
2015-01-10,Tyrnävä Temmes,,0.6,35.0
2015-01-10,Oulu Vihreäsaari satama,-11.6,,
2015-01-10,Oulu Oulunsalo Pellonpää,-12.0,0.8,38.0
2015-01-10,Vaala Pelso,-13.5,0.1,28.0
2015-01-10,Pudasjärvi lentokenttä,-12.4,-1.0,42.0
2015-01-10,Utajärvi Särkijärvi,,0.3,45.0
2015-01-10,Pudasjärvi Jaurakkajärvi,,0.0,52.0
2015-01-10,Suomussalmi Näljänkä,,0.8,66.0
2015-01-10,Suomussalmi Pesiö,-15.3,0.2,60.0
2015-01-10,Puolanka Kotila,,0.6,63.0
2015-01-10,Puolanka Paljakka,-16.2,0.2,76.0
2015-01-10,Kemi Kemi-Tornio lentoasema,-12.0,,
2015-01-10,Kemi Ajos,-12.1,,
2015-01-10,Tornio Aapajärvi,,1.4,55.0
2015-01-10,Tornio Kaakkuri,-11.8,3.1,35.0
2015-01-10,Ranua lentokenttä,-12.5,-1.0,58.0
2015-01-10,Pudasjärvi Sarakylä,,0.2,50.0
2015-01-10,Posio Raistakka,,0.2,58.0
2015-01-10,Taivalkoski Inkee,,0.0,58.0
2015-01-10,Taivalkoski kirkonkylä,-12.8,-1.0,59.0
2015-01-10,Kuusamo lentoasema,-13.0,,
2015-01-10,Kuusamo Kiutaköngäs,-16.6,-1.0,47.0
2015-01-10,Kuusamo Toranginaho,,0.5,57.0
2015-01-10,Kuusamo Rukatunturi,-16.4,,
2015-01-10,Kuusamo Teeriranta,,1.4,57.0
2015-01-10,Ylitornio Meltosjärvi,-13.0,1.1,42.0
2015-01-10,Pello Konttajärvi,,1.1,54.0
2015-01-10,Kolari Kattilamaa,,0.5,53.0
2015-01-10,Pello kirkonkylä,-13.2,1.5,44.0
2015-01-10,Kittilä Alakylä,,-1.0,54.0
2015-01-10,Rovaniemi rautatieasema,-12.7,,
2015-01-10,Sodankylä Tähtelä,-17.5,-1.0,52.0
2015-01-10,Rovaniemi Apukka,-13.4,-1.0,39.0
2015-01-10,Pelkosenniemi kirkonkylä,,-1.0,48.0
2015-01-10,Kemijärvi lentokenttä,-15.5,-1.0,52.0
2015-01-10,Savukoski kirkonkylä,-17.2,-1.0,51.0
2015-01-10,Salla Kelloselkä,,-1.0,38.0
2015-01-10,Pelkosenniemi Pyhätunturi,-17.7,,
2015-01-10,Salla kirkonkylä,-15.3,-1.0,37.0
2015-01-10,Salla Naruska,-16.5,-1.0,51.0
2015-01-10,Enontekiö Kaaresuvanto,,0.2,45.0
2015-01-10,Muonio Alamuonio,-16.6,,51.0
2015-01-10,Enontekiö Hetta,,-1.0,59.0
2015-01-10,Kittilä Pulju,,-1.0,56.0
2015-01-10,Kittilä Levitunturi,-18.4,,
2015-01-10,Muonio Laukukero,-19.4,,
2015-01-10,Muonio Sammaltunturi,-19.5,,
2015-01-10,Kittilä Matorova,-19.3,,
2015-01-10,Kittilä lentoasema,-17.4,,
2015-01-10,Kittilä Kenttärova,-18.8,-1.0,59.0
2015-01-10,Kittilä Pakatti,-17.0,-1.0,52.0
2015-01-10,Kittilä Pokka,-21.5,-1.0,59.0
2015-01-10,Sodankylä Lokka,-17.5,0.3,49.0
2015-01-10,Sodankylä Vuotso,-18.6,-1.0,55.0
2015-01-10,Inari Saariselkä matkailukeskus,-20.4,-1.0,57.0
2015-01-10,Inari Saariselkä Kaunispää,-20.2,,
2015-01-10,Savukoski Ruuvaoja,,-1.0,52.0
2015-01-10,Inari Raja-Jooseppi Kontiojärvi,,-1.0,35.0
2015-01-10,Inari Raja-Jooseppi,-19.6,,
2015-01-10,Salla Värriötunturi,-20.5,-1.0,48.0
2015-01-10,Enontekiö Kilpisjärvi kyläkeskus,-15.3,1.3,60.0
2015-01-10,Enontekiö Kilpisjärvi Saana,-19.0,,
2015-01-10,Enontekiö Näkkälä,-16.9,-1.0,50.0
2015-01-10,Inari Angeli,,-1.0,61.0
2015-01-10,Inari Angeli Lintupuoliselkä,-21.5,-1.0,47.0
2015-01-10,Inari Ivalo lentoasema,-26.8,,
2015-01-10,Utsjoki Kevo,-28.8,-1.0,43.0
2015-01-10,Utsjoki Nuorgam,-27.9,-1.0,38.0
2015-01-10,Utsjoki Leppälä,,-1.0,45.0
2015-01-10,Inari Väylä,-28.0,,
2015-01-10,Inari kirkonkylä,,-1.0,51.0
2015-01-10,Inari Kaamanen,-27.5,-1.0,47.0
2015-01-10,Inari Nellim,-25.8,-1.0,39.0
2015-01-10,Inari Kirakkajärvi,-30.1,-1.0,43.0
2015-01-10,Muonio Oustajärvi,-16.4,-1.0,52.0
2015-01-10,Kajaani Petäisenniska,-14.5,0.4,46.0
2015-01-10,Utsjoki Kevo Kevojärvi,-31.3,,
2015-01-10,Inari Seitalaassa,-24.8,,
2015-01-10,Rovaniemi lentoasema AWOS,-14.1,0.1,48.0
2015-01-10,Jyväskylä lentoasema AWOS,-6.4,0.7,31.0
2015-01-10,Puumala kirkonkylä,-2.7,3.3,14.0
2015-01-10,Helsinki Vuosaari satama,-0.6,,
2015-01-10,Lumparland Långnäs satama,0.3,13.5,
2015-01-10,Tampere Tampella,-2.7,,
2015-01-10,Kittilä Lompolonvuoma,-21.2,,
2015-01-10,Kuusamo Ruka Talvijärvi,-15.0,,
2015-01-10,Espoo Nuuksio,-2.1,12.4,11.0
2015-01-10,Mikkeli Lentoasema AWOS,-2.8,1.1,35.0
2015-01-10,Espoo Tapiola,-0.5,10.6,-1.0
2015-01-11,Jomala Maarianhamina lentoasema,-1.3,,
2015-01-11,Parainen Utö,-1.4,0.5,-1.0
2015-01-11,Lemland Nyhamn,-0.4,,
2015-01-11,Jomala Jomalaby,-1.8,1.4,7.0
2015-01-11,Hammarland Märket,-0.1,,
2015-01-11,Kökar Bogskär,0.3,,
2015-01-11,Parainen Fagerholm,-3.2,0.6,
2015-01-11,Kumlinge kirkonkylä,-2.7,,
2015-01-11,Hanko Russarö,-3.3,,
2015-01-11,Kaarina Yltöinen,-5.2,0.4,7.0
2015-01-11,Kemiönsaari Vänö,-3.0,,
2015-01-11,Hanko Tulliniemi,-3.8,,
2015-01-11,Turku Rajakari,-4.1,,
2015-01-11,Turku Artukainen,-5.2,0.2,8.0
2015-01-11,Kemiönsaari Kemiö,-5.1,-1.0,12.0
2015-01-11,Hanko Tvärminne,-4.2,0.4,5.0
2015-01-11,Salo Kärkkä,-5.6,1.0,
2015-01-11,Lohja Leppäkorpi,,0.7,7.0
2015-01-11,Raasepori Jussarö,-4.6,,
2015-01-11,Salo Kiikala lentokenttä,-7.3,-1.0,13.0
2015-01-11,Vantaa Helsinki-Vantaan lentoasema,-7.1,1.6,10.0
2015-01-11,Inkoo Bågaskär,-4.7,,
2015-01-11,Helsinki Kaisaniemi,-6.2,0.4,13.0
2015-01-11,Lohja Porla,-6.4,0.6,13.0
2015-01-11,Vihti Maasoja,-7.1,,
2015-01-11,Helsinki Harmaja,-4.9,,
2015-01-11,Kirkkonummi Mäkiluoto,-4.5,,
2015-01-11,Helsinki Helsingin majakka,-4.9,,
2015-01-11,Helsinki Kumpula,-6.4,0.6,12.0
2015-01-11,Espoo Sepänkylä,-6.4,,
2015-01-11,Helsinki Rautatientori,-5.9,,
2015-01-11,Porvoo Kalbådagrund,-4.7,,
2015-01-11,Porvoo Emäsalo,-6.2,,
2015-01-11,Porvoo Harabacka,-6.9,3.1,10.0
2015-01-11,Kotka Rankki,-5.4,,
2015-01-11,Loviisa Orrengrund,-5.0,,
2015-01-11,Kotka Haapasaari,-4.4,,
2015-01-11,Pori lentoasema,-7.4,,
2015-01-11,Uusikaupunki Itätulli,,0.1,5.0
2015-01-11,Laitila Haukka,,0.1,4.0
2015-01-11,Kustavi Isokari,-3.6,0.2,
2015-01-11,Rauma Kylmäpihlaja,-4.8,,
2015-01-11,Pori rautatieasema,-7.2,-1.0,2.0
2015-01-11,Turku lentoasema,-5.8,,
2015-01-11,Kokemäki Rausenkulma,,0.0,6.0
2015-01-11,Lieto Tammentaka,,0.5,11.0
2015-01-11,Huittinen Sallila,,0.3,7.0
2015-01-11,Köyliö Yttilä,,-1.0,8.0
2015-01-11,Oripää Teinikivi,,-1.0,8.0
2015-01-11,Pöytyä Yläne,,0.0,10.0
2015-01-11,Kokemäki Tulkkila,-7.5,-1.0,8.0
2015-01-11,Jokioinen Ilmala,-8.0,0.3,12.0
2015-01-11,Nokia Tottijärvi,,1.4,8.0
2015-01-11,Pirkkala Tampere-Pirkkala lentoasema,-9.6,,
2015-01-11,Tampere Härmälä,-9.5,0.2,11.0
2015-01-11,Somero Salkola,-8.1,-1.0,17.0
2015-01-11,Hyvinkää Hyvinkäänkylä,-8.1,0.8,11.0
2015-01-11,Vihti Hiiskula,,0.3,14.0
2015-01-11,Hausjärvi Lavinto,,1.0,6.0
2015-01-11,Hämeenlinna Pirttikoski,,1.3,17.0
2015-01-11,Nurmijärvi Röykkä,-8.1,0.5,12.0
2015-01-11,Hämeenlinna Katinen,-8.9,0.6,
2015-01-11,Hattula Lepaa,-9.3,0.1,12.0
2015-01-11,Lahti Laune,-9.6,1.8,13.0
2015-01-11,Hämeenlinna Lammi Pappila,-10.1,1.4,12.0
2015-01-11,Mäntsälä Hirvihaara Kuntomajantie,,0.9,15.0
2015-01-11,Asikkala Urajärvi,,1.2,17.0
2015-01-11,Asikkala Pulkkilanharju,-10.6,,
2015-01-11,Hämeenlinna Lammi Evo,-10.8,,
2015-01-11,Kouvola Utti lentoasema,-9.9,2.0,25.0
2015-01-11,Kouvola Anjala,-8.1,0.7,12.0
2015-01-11,Heinola Asemantaus,-11.0,0.3,10.0
2015-01-11,Iitti Kausala,,2.1,12.0
2015-01-11,Kouvola Voikoski,,1.2,16.0
2015-01-11,Virolahti Koivuniemi,-6.5,7.3,9.0
2015-01-11,Lappeenranta lentoasema,-10.6,,
2015-01-11,Lappeenranta Konnunsuo,-9.6,,
2015-01-11,Lappeenranta Lepola,-10.5,3.5,15.0
2015-01-11,Ruokolahti Kotaniemi,,2.4,26.0
2015-01-11,Lappeenranta Hiekkapakka,-11.6,,
2015-01-11,Rautjärvi Simpele Kangaskoski,,3.1,19.0
2015-01-11,Parikkala Koitsanlahti,-13.0,,
2015-01-11,Kaskinen Sälgrund,-9.1,-1.0,
2015-01-11,Merikarvia Tuorila,,0.0,7.0
2015-01-11,Isojoki Kärjenkoski,,-1.0,8.0
2015-01-11,Teuva Kauppilankylä,,0.3,14.0
2015-01-11,Pori Tahkoluoto satama,-6.5,,
2015-01-11,Karvia Alkkia,-11.4,-1.0,19.0
2015-01-11,Pori Lavia,,0.1,5.0
2015-01-11,Ikaalinen Vehuvarpee,,0.0,13.0
2015-01-11,Kauhajoki kaupunki,,0.7,18.0
2015-01-11,Kurikka Hirvijärvi,,0.1,20.0
2015-01-11,Kauhajoki Kuja-Kokko,-11.2,0.1,5.0
2015-01-11,Kankaanpää Niinisalo lentokenttä,-9.9,-1.0,16.0
2015-01-11,Alavus Sulkavankylä,,0.1,17.0
2015-01-11,Virrat Äijänneva,-12.1,,
2015-01-11,Tampere Siilinkari,-9.7,,
2015-01-11,Jämsä Halli lentoasema,-12.2,1.0,19.0
2015-01-11,Juupajoki Hyytiälä,-11.8,0.5,27.0
2015-01-11,Sysmä Joutsjärvi,,1.1,11.0
2015-01-11,Luhanka Tammijärvi,,1.3,22.0
2015-01-11,Jyväskylä Muuratjärvi,,-1.0,29.0
2015-01-11,Luhanka Judinsalo,-12.0,,
2015-01-11,Multia Pirttiperä,,0.5,39.0
2015-01-11,Joutsa Savenaho,-13.6,0.3,30.0
2015-01-11,Kangasniemi kirkonkylä,,-1.0,46.0
2015-01-11,Joutsa Pärnämäki,,2.0,30.0
2015-01-11,Mikkeli Pitkähiekka,,0.3,25.0
2015-01-11,Juva Partala,-15.3,,
2015-01-11,Joroinen Varkaus lentoasema,-15.5,,
2015-01-11,Varkaus Kosulanniemi,-15.6,0.5,35.0
2015-01-11,Savonlinna Laukansaari,,3.0,22.0
2015-01-11,Sulkava Halttula,,2.3,33.0
2015-01-11,Savonlinna lentoasema,-15.6,,
2015-01-11,Rantasalmi Rukkasluoto,-15.6,,
2015-01-11,Savonlinna Punkaharju Laukansaari,-15.0,0.1,26.0
2015-01-11,Enonkoski Simanala,,3.2,34.0
2015-01-11,Savonlinna Savonranta,,2.7,29.0
2015-01-11,Rääkkylä kirkonkylä,,0.9,37.0
2015-01-11,Tohmajärvi Kemie,-16.9,2.0,46.0
2015-01-11,Joensuu Huhtilampi,,1.5,54.0
2015-01-11,Vaasa lentoasema,-11.3,,
2015-01-11,Mustasaari Valassaaret,-6.7,,
2015-01-11,Närpiö Ylimarkku,,0.0,3.0
2015-01-11,Mustasaari Riimala,,0.2,20.0
2015-01-11,Kurikka Pyörni,,0.3,25.0
2015-01-11,Korsnäs Bredskäret,-9.2,,
2015-01-11,Maalahti Strömmingsbådan,-6.5,,
2015-01-11,Vaasa Klemettilä,-10.9,-1.0,8.0
2015-01-11,Seinäjoki Pelmaa,-11.9,-1.0,18.0
2015-01-11,Kauhava lentokenttä,-12.9,-1.0,24.0
2015-01-11,Ähtäri Inha,-13.4,0.1,32.0
2015-01-11,Halsua Purola,-15.2,0.5,42.0
2015-01-11,Alajärvi Möksy,-14.7,2.0,35.0
2015-01-11,Multia Karhila,-14.6,0.2,31.0
2015-01-11,Viitasaari Haapaniemi,-15.6,-1.0,33.0
2015-01-11,Äänekoski Kalaniemi,,0.3,38.0
2015-01-11,Viitasaari Kärnä,,0.0,47.0
2015-01-11,Vesanto kirkonkylä,-15.8,0.6,43.0
2015-01-11,Pielavesi Venetmäki,,0.9,57.0
2015-01-11,Siilinjärvi Kuopio lentoasema,-16.6,,
2015-01-11,Kuopio Maaninka,-16.3,1.1,41.0
2015-01-11,Lapinlahti Lamminkäyrä,,1.1,35.0
2015-01-11,Suonenjoki Iisvesi,,1.0,55.0
2015-01-11,Kuopio Karttula,,1.3,45.0
2015-01-11,Kuopio Ritoniemi,-16.2,,
2015-01-11,Kuopio Savilahti,-16.2,1.0,40.0
2015-01-11,Heinävesi Palokki,,1.7,39.0
2015-01-11,Outokumpu Viuruniemi,,1.1,34.0
2015-01-11,Rautavaara Ala-Luosta,,1.2,34.0
2015-01-11,Rautavaara Ylä-Luosta,-18.7,2.5,49.0
2015-01-11,Liperi Joensuu lentoasema,-17.5,,
2015-01-11,Juuka Niemelä,-18.8,2.5,35.0
2015-01-11,Joensuu Pyhäselkä,,1.2,41.0
2015-01-11,Lieksa Koli,,2.0,45.0
2015-01-11,Liperi Tuiskavanluoto,-17.1,,
2015-01-11,Joensuu Linnunlahti,-17.3,1.5,38.0
2015-01-11,Lieksa Lampela,-19.3,0.7,32.0
2015-01-11,Ilomantsi Naarva,,2.1,59.0
2015-01-11,Ilomantsi Pötsönvaara,-20.5,1.3,60.0
2015-01-11,Ilomantsi Mekrijärvi,-19.8,1.1,42.0
2015-01-11,Pietarsaari Kallan,-11.5,,
2015-01-11,Kokkola Tankar,-10.5,,
2015-01-11,Kruunupyy Kokkola-Pietarsaari lentoasema,-13.7,,
2015-01-11,Kaustinen Tastula,,-1.0,39.0
2015-01-11,Kalajoki Ulkokalla,-10.6,,
2015-01-11,Kokkola Santahaka,-13.5,0.2,23.0
2015-01-11,Toholampi Oravala,,-1.0,35.0
2015-01-11,Kalajoki Pitkäsenkylä,,-1.0,42.0
2015-01-11,Kalajoki Mehtäkylä,,0.5,29.0
2015-01-11,Toholampi Laitala,-14.9,,
2015-01-11,Ylivieska lentokenttä,-15.4,-1.0,34.0
2015-01-11,Ylivieska Vähäkangas,,0.1,34.0
2015-01-11,Haapavesi Mustikkamäki,-16.2,0.0,34.0
2015-01-11,Kärsämäki Venetpalo,,0.1,36.0
2015-01-11,Pyhäjärvi Ojakylä,-16.6,-1.0,40.0
2015-01-11,Pyhäjärvi Hiidenniemi,,0.3,38.0
2015-01-11,Kiuruvesi Korpijoki,,0.4,27.0
2015-01-11,Siikalatva Kestilä,,-1.0,35.0
2015-01-11,Kajaani Saaresmäki,,-1.0,54.0
2015-01-11,Kajaani lentoasema,-18.1,,
2015-01-11,Vieremä Kaarakkala,-18.5,0.2,56.0
2015-01-11,Kajaani Paltaniemi,,0.1,23.0
2015-01-11,Nurmes Valtimo,-18.7,0.5,37.0
2015-01-11,Sotkamo Saviaho,,0.6,51.0
2015-01-11,Ristijärvi Mustavaara,,0.3,68.0
2015-01-11,Sotkamo Kuolaniemi,-19.4,-1.0,44.0
2015-01-11,Nurmes Mujejärvi,,0.8,54.0
2015-01-11,Kuhmo Apaja,,1.0,64.0
2015-01-11,Kuhmo Kalliojoki,-21.6,0.2,53.0
2015-01-11,Hailuoto Keskikylä,-14.4,-1.0,30.0
2015-01-11,Kemi I majakka,-14.0,,
2015-01-11,Hailuoto Marjaniemi,-14.1,,
2015-01-11,Raahe Lapaluoto satama,-14.2,,
2015-01-11,Oulu lentoasema,-14.5,,
2015-01-11,Siikajoki Ruukki,-15.0,-1.0,37.0
2015-01-11,Tyrnävä Temmes,,0.1,34.0
2015-01-11,Oulu Vihreäsaari satama,-14.5,,
2015-01-11,Oulu Oulunsalo Pellonpää,-14.5,-1.0,38.0
2015-01-11,Vaala Pelso,-16.2,-1.0,23.0
2015-01-11,Pudasjärvi lentokenttä,-16.1,-1.0,38.0
2015-01-11,Utajärvi Särkijärvi,,-1.0,45.0
2015-01-11,Pudasjärvi Jaurakkajärvi,,0.0,52.0
2015-01-11,Suomussalmi Näljänkä,,0.5,66.0
2015-01-11,Suomussalmi Pesiö,-18.0,0.1,60.0
2015-01-11,Puolanka Kotila,,0.3,62.0
2015-01-11,Puolanka Paljakka,-19.7,-1.0,74.0
2015-01-11,Kemi Kemi-Tornio lentoasema,-17.3,,
2015-01-11,Kemi Ajos,-17.3,,
2015-01-11,Tornio Aapajärvi,,-1.0,57.0
2015-01-11,Tornio Kaakkuri,-17.2,-1.0,35.0
2015-01-11,Ranua lentokenttä,-19.4,-1.0,57.0
2015-01-11,Pudasjärvi Sarakylä,,-1.0,49.0
2015-01-11,Posio Raistakka,,0.0,58.0
2015-01-11,Taivalkoski Inkee,,0.0,58.0
2015-01-11,Taivalkoski kirkonkylä,-17.2,-1.0,58.0
2015-01-11,Kuusamo lentoasema,-18.8,,
2015-01-11,Kuusamo Kiutaköngäs,-24.5,-1.0,46.0
2015-01-11,Kuusamo Toranginaho,,-1.0,57.0
2015-01-11,Kuusamo Rukatunturi,-21.3,,
2015-01-11,Kuusamo Teeriranta,,-1.0,57.0
2015-01-11,Ylitornio Meltosjärvi,-21.4,-1.0,43.0
2015-01-11,Pello Konttajärvi,,-1.0,55.0
2015-01-11,Kolari Kattilamaa,,-1.0,53.0
2015-01-11,Pello kirkonkylä,-20.5,-1.0,47.0
2015-01-11,Kittilä Alakylä,,-1.0,54.0
2015-01-11,Rovaniemi rautatieasema,-19.1,,
2015-01-11,Sodankylä Tähtelä,-28.4,-1.0,52.0
2015-01-11,Rovaniemi Apukka,-19.8,-1.0,39.0
2015-01-11,Pelkosenniemi kirkonkylä,,-1.0,48.0
2015-01-11,Kemijärvi lentokenttä,-21.3,-1.0,52.0
2015-01-11,Savukoski kirkonkylä,-24.4,-1.0,51.0
2015-01-11,Salla Kelloselkä,,-1.0,38.0
2015-01-11,Pelkosenniemi Pyhätunturi,-21.6,,
2015-01-11,Salla kirkonkylä,-22.6,-1.0,37.0
2015-01-11,Salla Naruska,-23.1,-1.0,51.0
2015-01-11,Enontekiö Kaaresuvanto,,-1.0,45.0
2015-01-11,Muonio Alamuonio,-23.2,,51.0
2015-01-11,Enontekiö Hetta,,1.2,59.0
2015-01-11,Kittilä Pulju,,-1.0,55.0
2015-01-11,Kittilä Levitunturi,-21.9,,
2015-01-11,Muonio Laukukero,-21.8,,
2015-01-11,Muonio Sammaltunturi,-22.4,,
2015-01-11,Kittilä Matorova,-23.9,,
2015-01-11,Kittilä lentoasema,-25.4,,
2015-01-11,Kittilä Kenttärova,-24.0,-1.0,60.0
2015-01-11,Kittilä Pakatti,-24.4,-1.0,52.0
2015-01-11,Kittilä Pokka,-28.7,-1.0,59.0
2015-01-11,Sodankylä Lokka,-26.1,-1.0,48.0
2015-01-11,Sodankylä Vuotso,-29.0,-1.0,54.0
2015-01-11,Inari Saariselkä matkailukeskus,-25.3,-1.0,56.0
2015-01-11,Inari Saariselkä Kaunispää,-24.1,,
2015-01-11,Savukoski Ruuvaoja,,-1.0,51.0
2015-01-11,Inari Raja-Jooseppi Kontiojärvi,,-1.0,35.0
2015-01-11,Inari Raja-Jooseppi,-28.1,,
2015-01-11,Salla Värriötunturi,-23.5,-1.0,47.0
2015-01-11,Enontekiö Kilpisjärvi kyläkeskus,-26.7,-1.0,61.0
2015-01-11,Enontekiö Kilpisjärvi Saana,-22.0,,
2015-01-11,Enontekiö Näkkälä,-24.0,-1.0,50.0
2015-01-11,Inari Angeli,,-1.0,61.0
2015-01-11,Inari Angeli Lintupuoliselkä,-27.2,-1.0,47.0
2015-01-11,Inari Ivalo lentoasema,-36.1,,
2015-01-11,Utsjoki Kevo,-37.2,0.0,42.0
2015-01-11,Utsjoki Nuorgam,-31.4,-1.0,38.0
2015-01-11,Utsjoki Leppälä,,-1.0,45.0
2015-01-11,Inari Väylä,-32.6,,
2015-01-11,Inari kirkonkylä,,-1.0,51.0
2015-01-11,Inari Kaamanen,-32.9,-1.0,47.0
2015-01-11,Inari Nellim,-35.5,-1.0,38.0
2015-01-11,Inari Kirakkajärvi,-35.8,-1.0,42.0
2015-01-11,Muonio Oustajärvi,-24.6,-1.0,53.0
2015-01-11,Kajaani Petäisenniska,-18.4,0.1,44.0
2015-01-11,Utsjoki Kevo Kevojärvi,-38.2,,
2015-01-11,Inari Seitalaassa,-32.0,,
2015-01-11,Rovaniemi lentoasema AWOS,-19.9,-1.0,47.0
2015-01-11,Jyväskylä lentoasema AWOS,-14.5,0.2,31.0
2015-01-11,Puumala kirkonkylä,-13.7,0.5,18.0
2015-01-11,Helsinki Vuosaari satama,-5.8,,
2015-01-11,Lumparland Långnäs satama,-1.5,1.5,3.0
2015-01-11,Tampere Tampella,-9.5,,
2015-01-11,Kittilä Lompolonvuoma,-26.0,,
2015-01-11,Kuusamo Ruka Talvijärvi,-19.7,,
2015-01-11,Espoo Nuuksio,-7.4,2.3,25.0
2015-01-11,Mikkeli Lentoasema AWOS,-13.9,0.7,34.0
2015-01-11,Espoo Tapiola,-6.2,0.2,13.0
2015-01-12,Jomala Maarianhamina lentoasema,-1.8,,
2015-01-12,Parainen Utö,-1.0,4.4,1.0
2015-01-12,Lemland Nyhamn,-0.6,,
2015-01-12,Jomala Jomalaby,-2.3,8.0,7.0
2015-01-12,Hammarland Märket,-1.4,,
2015-01-12,Kökar Bogskär,-0.1,,
2015-01-12,Parainen Fagerholm,-3.3,6.7,
2015-01-12,Kumlinge kirkonkylä,-1.8,,
2015-01-12,Hanko Russarö,-4.6,,
2015-01-12,Kaarina Yltöinen,-9.7,10.2,4.0
2015-01-12,Kemiönsaari Vänö,-3.1,,
2015-01-12,Hanko Tulliniemi,-5.0,,
2015-01-12,Turku Rajakari,-6.5,,
2015-01-12,Turku Artukainen,-8.6,10.8,7.0
2015-01-12,Kemiönsaari Kemiö,-9.0,8.9,12.0
2015-01-12,Hanko Tvärminne,-6.6,7.5,6.0
2015-01-12,Salo Kärkkä,-10.1,6.5,
2015-01-12,Lohja Leppäkorpi,,8.3,7.0
2015-01-12,Raasepori Jussarö,-7.4,,
2015-01-12,Salo Kiikala lentokenttä,-12.3,4.8,5.0
2015-01-12,Vantaa Helsinki-Vantaan lentoasema,-11.9,5.4,14.0
2015-01-12,Inkoo Bågaskär,-8.1,,
2015-01-12,Helsinki Kaisaniemi,-10.3,9.6,12.0
2015-01-12,Lohja Porla,-11.0,7.6,13.0
2015-01-12,Vihti Maasoja,-12.6,,
2015-01-12,Helsinki Harmaja,-8.1,,
2015-01-12,Kirkkonummi Mäkiluoto,-7.5,,
2015-01-12,Helsinki Helsingin majakka,-7.8,,
2015-01-12,Helsinki Kumpula,-10.6,8.8,10.0
2015-01-12,Espoo Sepänkylä,-10.9,,
2015-01-12,Helsinki Rautatientori,-9.7,,
2015-01-12,Porvoo Kalbådagrund,-7.9,,
2015-01-12,Porvoo Emäsalo,-10.0,,
2015-01-12,Porvoo Harabacka,-12.2,4.3,2.0
2015-01-12,Kotka Rankki,-10.7,,
2015-01-12,Loviisa Orrengrund,-9.6,,
2015-01-12,Kotka Haapasaari,-9.8,,
2015-01-12,Pori lentoasema,-11.0,,
2015-01-12,Uusikaupunki Itätulli,,9.0,7.0
2015-01-12,Laitila Haukka,,5.7,4.0
2015-01-12,Kustavi Isokari,-4.1,4.7,
2015-01-12,Rauma Kylmäpihlaja,-6.5,,
2015-01-12,Pori rautatieasema,-10.8,6.7,2.0
2015-01-12,Turku lentoasema,-9.8,,
2015-01-12,Kokemäki Rausenkulma,,8.6,6.0
2015-01-12,Lieto Tammentaka,,9.5,11.0
2015-01-12,Huittinen Sallila,,8.3,7.0
2015-01-12,Köyliö Yttilä,,6.5,8.0
2015-01-12,Oripää Teinikivi,,7.6,8.0
2015-01-12,Pöytyä Yläne,,9.5,10.0
2015-01-12,Kokemäki Tulkkila,-11.7,5.2,8.0
2015-01-12,Jokioinen Ilmala,-12.1,4.3,12.0
2015-01-12,Nokia Tottijärvi,,7.4,8.0
2015-01-12,Pirkkala Tampere-Pirkkala lentoasema,-12.7,,
2015-01-12,Tampere Härmälä,-12.5,5.7,13.0
2015-01-12,Somero Salkola,-12.1,8.2,17.0
2015-01-12,Hyvinkää Hyvinkäänkylä,-13.0,5.6,13.0
2015-01-12,Vihti Hiiskula,,18.5,14.0
2015-01-12,Hausjärvi Lavinto,,3.4,7.0
2015-01-12,Hämeenlinna Pirttikoski,,6.7,18.0
2015-01-12,Nurmijärvi Röykkä,-12.6,7.5,10.0
2015-01-12,Hämeenlinna Katinen,-12.6,5.1,
2015-01-12,Hattula Lepaa,-12.4,4.4,12.0
2015-01-12,Lahti Laune,-14.0,4.3,12.0
2015-01-12,Hämeenlinna Lammi Pappila,-13.6,6.3,14.0
2015-01-12,Mäntsälä Hirvihaara Kuntomajantie,,4.5,15.0
2015-01-12,Asikkala Urajärvi,,3.5,22.0
2015-01-12,Asikkala Pulkkilanharju,-12.9,,
2015-01-12,Hämeenlinna Lammi Evo,-14.7,,
2015-01-12,Kouvola Utti lentoasema,-14.6,4.5,28.0
2015-01-12,Kouvola Anjala,-13.6,4.3,12.0
2015-01-12,Heinola Asemantaus,-13.7,4.0,9.0
2015-01-12,Iitti Kausala,,4.1,15.0
2015-01-12,Kouvola Voikoski,,3.4,16.0
2015-01-12,Virolahti Koivuniemi,-14.1,7.1,17.0
2015-01-12,Lappeenranta lentoasema,-15.8,,
2015-01-12,Lappeenranta Konnunsuo,-16.6,,
2015-01-12,Lappeenranta Lepola,-15.0,5.1,14.0
2015-01-12,Ruokolahti Kotaniemi,,3.5,27.0
2015-01-12,Lappeenranta Hiekkapakka,-15.8,,
2015-01-12,Rautjärvi Simpele Kangaskoski,,2.2,24.0
2015-01-12,Parikkala Koitsanlahti,-14.9,,
2015-01-12,Kaskinen Sälgrund,-10.1,3.3,
2015-01-12,Merikarvia Tuorila,,9.5,7.0
2015-01-12,Isojoki Kärjenkoski,,7.0,8.0
2015-01-12,Teuva Kauppilankylä,,2.8,15.0
2015-01-12,Pori Tahkoluoto satama,-8.7,,
2015-01-12,Kristiinankaupunki Majakka,,,
2015-01-12,Karvia Alkkia,-14.2,2.1,19.0
2015-01-12,Pori Lavia,,7.5,5.0
2015-01-12,Ikaalinen Vehuvarpee,,9.6,13.0
2015-01-12,Kauhajoki kaupunki,,5.3,19.0
2015-01-12,Kurikka Hirvijärvi,,6.5,20.0
2015-01-12,Kauhajoki Kuja-Kokko,-13.4,3.1,6.0
2015-01-12,Kankaanpää Niinisalo lentokenttä,-13.0,9.7,16.0
2015-01-12,Alavus Sulkavankylä,,3.5,17.0
2015-01-12,Virrat Äijänneva,-14.2,,
2015-01-12,Tampere Siilinkari,-12.1,,
2015-01-12,Jämsä Halli lentoasema,-14.6,5.6,20.0
2015-01-12,Juupajoki Hyytiälä,-14.2,8.6,27.0
2015-01-12,Sysmä Joutsjärvi,,5.1,11.0
2015-01-12,Luhanka Tammijärvi,,7.0,23.0
2015-01-12,Jyväskylä Muuratjärvi,,7.1,28.0
2015-01-12,Luhanka Judinsalo,-13.7,,
2015-01-12,Multia Pirttiperä,,6.9,39.0
2015-01-12,Joutsa Savenaho,-15.1,7.4,30.0
2015-01-12,Kangasniemi kirkonkylä,,6.8,46.0
2015-01-12,Joutsa Pärnämäki,,7.4,30.0
2015-01-12,Mikkeli Pitkähiekka,,3.5,25.0
2015-01-12,Juva Partala,-15.2,,
2015-01-12,Joroinen Varkaus lentoasema,-16.6,,
2015-01-12,Varkaus Kosulanniemi,-17.3,1.6,33.0
2015-01-12,Savonlinna Laukansaari,,1.5,24.0
2015-01-12,Sulkava Halttula,,2.5,35.0
2015-01-12,Savonlinna lentoasema,-17.2,,
2015-01-12,Rantasalmi Rukkasluoto,-17.0,,
2015-01-12,Savonlinna Punkaharju Laukansaari,-16.5,0.7,23.0
2015-01-12,Enonkoski Simanala,,1.9,35.0
2015-01-12,Savonlinna Savonranta,,0.5,30.0
2015-01-12,Rääkkylä kirkonkylä,,0.4,38.0
2015-01-12,Tohmajärvi Kemie,-16.5,2.2,48.0
2015-01-12,Joensuu Huhtilampi,,0.4,54.0
2015-01-12,Vaasa lentoasema,-12.9,,
2015-01-12,Mustasaari Valassaaret,-9.4,,
2015-01-12,Närpiö Ylimarkku,,4.9,3.0
2015-01-12,Mustasaari Riimala,,4.6,20.0
2015-01-12,Kurikka Pyörni,,4.7,25.0
2015-01-12,Korsnäs Bredskäret,-10.8,,
2015-01-12,Maalahti Strömmingsbådan,-8.8,,
2015-01-12,Vaasa Klemettilä,-12.3,5.3,8.0
2015-01-12,Seinäjoki Pelmaa,-13.4,3.4,18.0
2015-01-12,Kauhava lentokenttä,-13.9,0.6,23.0
2015-01-12,Ähtäri Inha,-15.9,5.7,32.0
2015-01-12,Halsua Purola,-15.8,0.8,45.0
2015-01-12,Alajärvi Möksy,-15.6,6.9,35.0
2015-01-12,Multia Karhila,-16.4,3.4,31.0
2015-01-12,Viitasaari Haapaniemi,-14.8,0.7,32.0
2015-01-12,Äänekoski Kalaniemi,,2.5,38.0
2015-01-12,Viitasaari Kärnä,,1.9,46.0
2015-01-12,Vesanto kirkonkylä,-15.5,2.4,43.0
2015-01-12,Pielavesi Venetmäki,,1.7,57.0
2015-01-12,Siilinjärvi Kuopio lentoasema,-15.6,,
2015-01-12,Kuopio Maaninka,-14.9,0.4,45.0
2015-01-12,Lapinlahti Lamminkäyrä,,0.8,37.0
2015-01-12,Suonenjoki Iisvesi,,1.6,56.0
2015-01-12,Kuopio Karttula,,0.8,48.0
2015-01-12,Kuopio Ritoniemi,-16.5,,
2015-01-12,Kuopio Savilahti,-15.6,1.6,41.0
2015-01-12,Heinävesi Palokki,,1.2,40.0
2015-01-12,Outokumpu Viuruniemi,,0.5,35.0
2015-01-12,Rautavaara Ala-Luosta,,0.3,35.0
2015-01-12,Rautavaara Ylä-Luosta,-15.7,1.0,44.0
2015-01-12,Liperi Joensuu lentoasema,-16.0,,
2015-01-12,Juuka Niemelä,-15.6,0.6,37.0
2015-01-12,Joensuu Pyhäselkä,,0.9,42.0
2015-01-12,Lieksa Koli,,1.0,45.0
2015-01-12,Liperi Tuiskavanluoto,-16.2,,
2015-01-12,Joensuu Linnunlahti,-15.9,1.1,40.0
2015-01-12,Lieksa Lampela,-15.2,0.5,32.0
2015-01-12,Ilomantsi Naarva,,1.3,58.0
2015-01-12,Ilomantsi Pötsönvaara,-16.1,0.5,59.0
2015-01-12,Ilomantsi Mekrijärvi,-16.4,1.5,43.0
2015-01-12,Pietarsaari Kallan,-12.5,,
2015-01-12,Kokkola Tankar,-11.9,,
2015-01-12,Kruunupyy Kokkola-Pietarsaari lentoasema,-14.3,,
2015-01-12,Kaustinen Tastula,,1.2,39.0
2015-01-12,Kalajoki Ulkokalla,-12.2,,
2015-01-12,Kokkola Santahaka,-13.9,0.4,22.0
2015-01-12,Toholampi Oravala,,-1.0,35.0
2015-01-12,Kalajoki Pitkäsenkylä,,-1.0,42.0
2015-01-12,Kalajoki Mehtäkylä,,0.3,30.0
2015-01-12,Toholampi Laitala,-15.2,,
2015-01-12,Ylivieska lentokenttä,-16.0,-1.0,33.0
2015-01-12,Ylivieska Vähäkangas,,-1.0,34.0
2015-01-12,Haapavesi Mustikkamäki,-17.4,0.0,34.0
2015-01-12,Kärsämäki Venetpalo,,0.4,36.0
2015-01-12,Pyhäjärvi Ojakylä,-16.2,0.1,38.0
2015-01-12,Pyhäjärvi Hiidenniemi,,0.0,38.0
2015-01-12,Kiuruvesi Korpijoki,,0.0,27.0
2015-01-12,Siikalatva Kestilä,,0.4,35.0
2015-01-12,Kajaani Saaresmäki,,0.0,54.0
2015-01-12,Kajaani lentoasema,-15.2,,
2015-01-12,Vieremä Kaarakkala,-15.5,0.3,55.0
2015-01-12,Kajaani Paltaniemi,,0.4,23.0
2015-01-12,Nurmes Valtimo,-15.0,0.2,37.0
2015-01-12,Sotkamo Saviaho,,0.9,51.0
2015-01-12,Ristijärvi Mustavaara,,1.1,63.0
2015-01-12,Sotkamo Kuolaniemi,-15.4,0.7,43.0
2015-01-12,Nurmes Mujejärvi,,-1.0,54.0
2015-01-12,Kuhmo Apaja,,0.4,64.0
2015-01-12,Kuhmo Kalliojoki,-16.3,0.8,53.0
2015-01-12,Hailuoto Keskikylä,-19.3,-1.0,29.0
2015-01-12,Kemi I majakka,-16.5,,
2015-01-12,Hailuoto Marjaniemi,-18.9,,
2015-01-12,Raahe Lapaluoto satama,-18.1,,
2015-01-12,Oulu lentoasema,-19.4,,
2015-01-12,Siikajoki Ruukki,-19.5,-1.0,36.0
2015-01-12,Tyrnävä Temmes,,0.4,32.0
2015-01-12,Oulu Vihreäsaari satama,-19.0,,
2015-01-12,Oulu Oulunsalo Pellonpää,-19.4,-1.0,37.0
2015-01-12,Vaala Pelso,-16.7,0.2,23.0
2015-01-12,Pudasjärvi lentokenttä,-22.5,0.2,37.0
2015-01-12,Utajärvi Särkijärvi,,-1.0,45.0
2015-01-12,Pudasjärvi Jaurakkajärvi,,0.7,52.0
2015-01-12,Suomussalmi Näljänkä,,1.1,65.0
2015-01-12,Suomussalmi Pesiö,-18.0,0.8,60.0
2015-01-12,Puolanka Kotila,,0.7,60.0
2015-01-12,Puolanka Paljakka,-17.9,0.1,72.0
2015-01-12,Kemi Kemi-Tornio lentoasema,-23.9,,
2015-01-12,Kemi Ajos,-23.4,,
2015-01-12,Tornio Aapajärvi,,0.0,57.0
2015-01-12,Tornio Kaakkuri,-24.7,-1.0,34.0
2015-01-12,Ranua lentokenttä,-24.8,0.3,57.0
2015-01-12,Pudasjärvi Sarakylä,,0.4,49.0
2015-01-12,Posio Raistakka,,0.7,58.0
2015-01-12,Taivalkoski Inkee,,1.1,57.0
2015-01-12,Taivalkoski kirkonkylä,-22.2,0.9,58.0
2015-01-12,Kuusamo lentoasema,-24.5,,
2015-01-12,Kuusamo Kiutaköngäs,-34.0,0.4,46.0
2015-01-12,Kuusamo Toranginaho,,1.0,57.0
2015-01-12,Kuusamo Rukatunturi,-22.4,,
2015-01-12,Kuusamo Teeriranta,,1.8,57.0
2015-01-12,Ylitornio Meltosjärvi,-33.0,0.2,41.0
2015-01-12,Pello Konttajärvi,,0.2,55.0
2015-01-12,Kolari Kattilamaa,,0.5,53.0
2015-01-12,Pello kirkonkylä,-30.1,0.2,47.0
2015-01-12,Kittilä Alakylä,,-1.0,54.0
2015-01-12,Rovaniemi rautatieasema,-27.7,,
2015-01-12,Sodankylä Tähtelä,-35.3,0.4,52.0
2015-01-12,Rovaniemi Apukka,-31.4,0.5,38.0
2015-01-12,Pelkosenniemi kirkonkylä,,0.4,48.0
2015-01-12,Kemijärvi lentokenttä,-31.1,0.5,51.0
2015-01-12,Savukoski kirkonkylä,-31.3,0.1,51.0
2015-01-12,Salla Kelloselkä,,0.8,37.0
2015-01-12,Pelkosenniemi Pyhätunturi,-21.4,,
2015-01-12,Salla kirkonkylä,-33.8,0.3,37.0
2015-01-12,Salla Naruska,-32.2,0.1,50.0
2015-01-12,Enontekiö Kaaresuvanto,,0.2,45.0
2015-01-12,Muonio Alamuonio,-35.0,,50.0
2015-01-12,Enontekiö Hetta,,1.0,60.0
2015-01-12,Kittilä Pulju,,0.1,55.0
2015-01-12,Kittilä Levitunturi,-21.0,,
2015-01-12,Muonio Laukukero,-20.9,,
2015-01-12,Muonio Sammaltunturi,-21.3,,
2015-01-12,Kittilä Matorova,-27.3,,
2015-01-12,Kittilä lentoasema,-33.7,,
2015-01-12,Kittilä Kenttärova,-27.9,-1.0,60.0
2015-01-12,Kittilä Pakatti,-33.3,0.2,52.0
2015-01-12,Kittilä Pokka,-36.2,-1.0,59.0
2015-01-12,Sodankylä Lokka,-34.5,-1.0,48.0
2015-01-12,Sodankylä Vuotso,-36.2,-1.0,54.0
2015-01-12,Inari Saariselkä matkailukeskus,-30.3,-1.0,55.0
2015-01-12,Inari Saariselkä Kaunispää,-20.7,,
2015-01-12,Savukoski Ruuvaoja,,-1.0,50.0
2015-01-12,Inari Raja-Jooseppi Kontiojärvi,,-1.0,35.0
2015-01-12,Inari Raja-Jooseppi,-30.4,,
2015-01-12,Salla Värriötunturi,-24.6,-1.0,47.0
2015-01-12,Enontekiö Kilpisjärvi kyläkeskus,-35.3,0.7,58.0
2015-01-12,Enontekiö Kilpisjärvi Saana,-21.7,,
2015-01-12,Enontekiö Näkkälä,-32.2,-1.0,50.0
2015-01-12,Inari Angeli,,-1.0,61.0
2015-01-12,Inari Angeli Lintupuoliselkä,-32.9,-1.0,47.0
2015-01-12,Inari Ivalo lentoasema,-35.9,,
2015-01-12,Utsjoki Kevo,-36.1,0.0,42.0
2015-01-12,Utsjoki Nuorgam,-30.5,-1.0,38.0
2015-01-12,Utsjoki Leppälä,,-1.0,44.0
2015-01-12,Inari Väylä,-34.3,,
2015-01-12,Inari kirkonkylä,,-1.0,51.0
2015-01-12,Inari Kaamanen,-34.0,-1.0,46.0
2015-01-12,Inari Nellim,-33.6,-1.0,38.0
2015-01-12,Inari Kirakkajärvi,-34.5,-1.0,43.0
2015-01-12,Muonio Oustajärvi,-37.3,-1.0,52.0
2015-01-12,Kajaani Petäisenniska,-15.3,0.9,43.0
2015-01-12,Utsjoki Kevo Kevojärvi,-36.7,,
2015-01-12,Inari Seitalaassa,-32.1,,
2015-01-12,Rovaniemi lentoasema AWOS,-25.7,0.8,47.0
2015-01-12,Jyväskylä lentoasema AWOS,-14.7,5.1,30.0
2015-01-12,Puumala kirkonkylä,-14.9,3.1,16.0
2015-01-12,Helsinki Vuosaari satama,-9.7,,
2015-01-12,Lumparland Långnäs satama,-1.8,7.2,3.0
2015-01-12,Tampere Tampella,-12.0,,
2015-01-12,Kittilä Lompolonvuoma,-36.0,,
2015-01-12,Kuusamo Ruka Talvijärvi,-21.2,,
2015-01-12,Espoo Nuuksio,-12.2,8.6,25.0
2015-01-12,Mikkeli Lentoasema AWOS,-16.2,6.4,33.0
2015-01-12,Espoo Tapiola,-10.7,9.0,12.0
2015-01-13,Jomala Maarianhamina lentoasema,3.3,,
2015-01-13,Parainen Utö,4.0,0.9,-1.0
2015-01-13,Lemland Nyhamn,3.9,,
2015-01-13,Jomala Jomalaby,2.5,3.8,8.0
2015-01-13,Hammarland Märket,3.1,,
2015-01-13,Kökar Bogskär,4.2,,
2015-01-13,Parainen Fagerholm,3.3,1.1,
2015-01-13,Kumlinge kirkonkylä,2.8,,
2015-01-13,Hanko Russarö,3.3,,
2015-01-13,Kaarina Yltöinen,1.7,2.0,8.0
2015-01-13,Kemiönsaari Vänö,3.5,,
2015-01-13,Hanko Tulliniemi,3.2,,
2015-01-13,Turku Rajakari,2.7,,
2015-01-13,Turku Artukainen,2.1,2.6,10.0
2015-01-13,Kemiönsaari Kemiö,2.3,3.8,13.0
2015-01-13,Hanko Tvärminne,3.0,0.5,5.0
2015-01-13,Salo Kärkkä,1.4,2.2,
2015-01-13,Lohja Leppäkorpi,,3.9,13.0
2015-01-13,Raasepori Jussarö,2.8,,
2015-01-13,Salo Kiikala lentokenttä,0.2,2.9,16.0
2015-01-13,Vantaa Helsinki-Vantaan lentoasema,0.5,4.3,19.0
2015-01-13,Inkoo Bågaskär,2.4,,
2015-01-13,Helsinki Kaisaniemi,1.7,2.6,17.0
2015-01-13,Lohja Porla,1.1,2.0,16.0
2015-01-13,Vihti Maasoja,0.4,,
2015-01-13,Helsinki Harmaja,1.6,,
2015-01-13,Kirkkonummi Mäkiluoto,2.7,,
2015-01-13,Helsinki Helsingin majakka,2.5,,
2015-01-13,Helsinki Kumpula,1.2,3.5,18.0
2015-01-13,Espoo Sepänkylä,0.6,,
2015-01-13,Helsinki Rautatientori,1.3,,
2015-01-13,Porvoo Kalbådagrund,2.4,,
2015-01-13,Porvoo Emäsalo,1.1,,
2015-01-13,Porvoo Harabacka,0.1,4.3,9.0
2015-01-13,Kotka Rankki,-0.4,,
2015-01-13,Loviisa Orrengrund,0.9,,
2015-01-13,Kotka Haapasaari,0.0,,
2015-01-13,Pori lentoasema,-2.4,,
2015-01-13,Uusikaupunki Itätulli,,1.5,13.0
2015-01-13,Laitila Haukka,,2.5,8.0
2015-01-13,Kustavi Isokari,2.0,1.0,
2015-01-13,Rauma Kylmäpihlaja,0.9,,
2015-01-13,Pori rautatieasema,-2.5,3.1,12.0
2015-01-13,Turku lentoasema,1.6,,
2015-01-13,Kokemäki Rausenkulma,,1.9,13.0
2015-01-13,Lieto Tammentaka,,5.2,20.0
2015-01-13,Huittinen Sallila,,2.4,15.0
2015-01-13,Köyliö Yttilä,,3.5,12.0
2015-01-13,Oripää Teinikivi,,2.4,16.0
2015-01-13,Pöytyä Yläne,,3.4,20.0
2015-01-13,Kokemäki Tulkkila,-1.7,2.2,15.0
2015-01-13,Jokioinen Ilmala,-0.6,4.6,17.0
2015-01-13,Nokia Tottijärvi,,2.1,16.0
2015-01-13,Pirkkala Tampere-Pirkkala lentoasema,-4.6,,
2015-01-13,Tampere Härmälä,-5.0,1.7,18.0
2015-01-13,Somero Salkola,-1.3,4.4,26.0
2015-01-13,Hyvinkää Hyvinkäänkylä,-1.3,6.1,17.0
2015-01-13,Vihti Hiiskula,,5.5,22.0
2015-01-13,Hausjärvi Lavinto,,5.5,10.0
2015-01-13,Hämeenlinna Pirttikoski,,4.4,28.0
2015-01-13,Nurmijärvi Röykkä,-1.1,5.1,16.0
2015-01-13,Hämeenlinna Katinen,-2.6,5.3,
2015-01-13,Hattula Lepaa,-3.1,4.9,18.0
2015-01-13,Lahti Laune,-4.4,8.0,17.0
2015-01-13,Hämeenlinna Lammi Pappila,-4.0,7.0,20.0
2015-01-13,Mäntsälä Hirvihaara Kuntomajantie,,6.9,20.0
2015-01-13,Asikkala Urajärvi,,7.3,27.0
2015-01-13,Asikkala Pulkkilanharju,-6.6,,
2015-01-13,Hämeenlinna Lammi Evo,-6.6,,
2015-01-13,Kouvola Utti lentoasema,-7.0,8.3,32.0
2015-01-13,Kouvola Anjala,-4.1,6.7,16.0
2015-01-13,Heinola Asemantaus,-7.0,8.8,13.0
2015-01-13,Iitti Kausala,,7.4,20.0
2015-01-13,Kouvola Voikoski,,6.2,20.0
2015-01-13,Virolahti Koivuniemi,-3.1,8.6,20.0
2015-01-13,Lappeenranta lentoasema,-9.3,,
2015-01-13,Lappeenranta Konnunsuo,-10.0,,
2015-01-13,Lappeenranta Lepola,-9.4,6.6,19.0
2015-01-13,Ruokolahti Kotaniemi,,7.8,30.0
2015-01-13,Lappeenranta Hiekkapakka,-10.1,,
2015-01-13,Rautjärvi Simpele Kangaskoski,,5.7,26.0
2015-01-13,Parikkala Koitsanlahti,-9.0,,
2015-01-13,Kaskinen Sälgrund,-6.3,1.8,
2015-01-13,Merikarvia Tuorila,,2.8,17.0
2015-01-13,Isojoki Kärjenkoski,,2.5,15.0
2015-01-13,Teuva Kauppilankylä,,2.0,16.0
2015-01-13,Pori Tahkoluoto satama,-0.9,,
2015-01-13,Karvia Alkkia,-10.2,0.7,24.0
2015-01-13,Pori Lavia,,2.0,10.0
2015-01-13,Ikaalinen Vehuvarpee,,3.2,20.0
2015-01-13,Kauhajoki kaupunki,,0.8,25.0
2015-01-13,Kurikka Hirvijärvi,,1.8,19.0
2015-01-13,Kauhajoki Kuja-Kokko,-9.8,2.1,9.0
2015-01-13,Kankaanpää Niinisalo lentokenttä,-7.1,3.3,27.0
2015-01-13,Alavus Sulkavankylä,,1.9,20.0
2015-01-13,Virrat Äijänneva,-11.7,,
2015-01-13,Tampere Siilinkari,-5.4,,
2015-01-13,Jämsä Halli lentoasema,-10.9,4.4,26.0
2015-01-13,Juupajoki Hyytiälä,-10.5,3.8,36.0
2015-01-13,Sysmä Joutsjärvi,,7.9,16.0
2015-01-13,Luhanka Tammijärvi,,6.5,30.0
2015-01-13,Jyväskylä Muuratjärvi,,5.1,34.0
2015-01-13,Luhanka Judinsalo,-10.2,,
2015-01-13,Multia Pirttiperä,,3.2,42.0
2015-01-13,Joutsa Savenaho,-12.6,5.0,36.0
2015-01-13,Kangasniemi kirkonkylä,,4.9,52.0
2015-01-13,Joutsa Pärnämäki,,6.0,36.0
2015-01-13,Mikkeli Pitkähiekka,,5.6,28.0
2015-01-13,Juva Partala,-11.8,,
2015-01-13,Joroinen Varkaus lentoasema,-12.8,,
2015-01-13,Varkaus Kosulanniemi,-12.4,2.9,37.0
2015-01-13,Savonlinna Laukansaari,,4.6,24.0
2015-01-13,Sulkava Halttula,,1.1,37.0
2015-01-13,Savonlinna lentoasema,-11.3,,
2015-01-13,Rantasalmi Rukkasluoto,-11.3,,
2015-01-13,Savonlinna Punkaharju Laukansaari,-10.2,4.6,24.0
2015-01-13,Enonkoski Simanala,,3.7,38.0
2015-01-13,Savonlinna Savonranta,,3.2,30.0
2015-01-13,Rääkkylä kirkonkylä,,2.7,38.0
2015-01-13,Tohmajärvi Kemie,-12.3,1.8,50.0
2015-01-13,Joensuu Huhtilampi,,1.0,54.0
2015-01-13,Vaasa lentoasema,-11.0,,
2015-01-13,Mustasaari Valassaaret,-7.2,,
2015-01-13,Närpiö Ylimarkku,,2.7,4.0
2015-01-13,Mustasaari Riimala,,0.8,25.0
2015-01-13,Kurikka Pyörni,,1.0,28.0
2015-01-13,Korsnäs Bredskäret,-8.8,,
2015-01-13,Maalahti Strömmingsbådan,-6.0,,
2015-01-13,Vaasa Klemettilä,-10.6,1.2,15.0
2015-01-13,Seinäjoki Pelmaa,-12.2,3.1,22.0
2015-01-13,Kauhava lentokenttä,-12.9,1.9,27.0
2015-01-13,Ähtäri Inha,-13.9,3.0,37.0
2015-01-13,Halsua Purola,-14.5,1.5,45.0
2015-01-13,Alajärvi Möksy,-14.8,12.1,35.0
2015-01-13,Multia Karhila,-14.5,2.6,37.0
2015-01-13,Viitasaari Haapaniemi,-13.8,0.1,
2015-01-13,Äänekoski Kalaniemi,,1.6,40.0
2015-01-13,Viitasaari Kärnä,,1.1,46.0
2015-01-13,Vesanto kirkonkylä,-14.9,0.8,46.0
2015-01-13,Pielavesi Venetmäki,,1.8,59.0
2015-01-13,Siilinjärvi Kuopio lentoasema,-13.7,,
2015-01-13,Kuopio Maaninka,-14.1,1.2,44.0
2015-01-13,Lapinlahti Lamminkäyrä,,0.5,38.0
2015-01-13,Suonenjoki Iisvesi,,2.4,56.0
2015-01-13,Kuopio Karttula,,1.8,48.0
2015-01-13,Kuopio Ritoniemi,-13.5,,
2015-01-13,Kuopio Savilahti,-13.3,2.0,42.0
2015-01-13,Heinävesi Palokki,,1.9,40.0
2015-01-13,Outokumpu Viuruniemi,,1.8,35.0
2015-01-13,Rautavaara Ala-Luosta,,0.5,35.0
2015-01-13,Rautavaara Ylä-Luosta,-13.6,0.6,44.0
2015-01-13,Liperi Joensuu lentoasema,-13.4,,
2015-01-13,Juuka Niemelä,-13.6,1.5,37.0
2015-01-13,Joensuu Pyhäselkä,,2.8,42.0
2015-01-13,Lieksa Koli,,1.0,45.0
2015-01-13,Liperi Tuiskavanluoto,-12.9,,
2015-01-13,Joensuu Linnunlahti,-13.0,2.5,40.0
2015-01-13,Lieksa Lampela,-13.8,0.6,31.0
2015-01-13,Ilomantsi Naarva,,0.3,57.0
2015-01-13,Ilomantsi Pötsönvaara,-14.6,0.1,57.0
2015-01-13,Ilomantsi Mekrijärvi,-14.2,0.4,43.0
2015-01-13,Pietarsaari Kallan,-11.4,,
2015-01-13,Kokkola Tankar,-11.6,,
2015-01-13,Kruunupyy Kokkola-Pietarsaari lentoasema,-12.8,,
2015-01-13,Kaustinen Tastula,,3.3,39.0
2015-01-13,Kalajoki Ulkokalla,-10.4,,
2015-01-13,Kokkola Santahaka,-12.4,1.7,23.0
2015-01-13,Toholampi Oravala,,5.8,35.0
2015-01-13,Kalajoki Pitkäsenkylä,,0.9,42.0
2015-01-13,Kalajoki Mehtäkylä,,0.4,30.0
2015-01-13,Toholampi Laitala,-13.9,,
2015-01-13,Ylivieska lentokenttä,-13.1,0.4,32.0
2015-01-13,Ylivieska Vähäkangas,,0.9,34.0
2015-01-13,Haapavesi Mustikkamäki,-13.1,0.9,34.0
2015-01-13,Kärsämäki Venetpalo,,0.9,35.0
2015-01-13,Pyhäjärvi Ojakylä,-13.4,0.5,39.0
2015-01-13,Pyhäjärvi Hiidenniemi,,1.3,38.0
2015-01-13,Kiuruvesi Korpijoki,,2.4,27.0
2015-01-13,Siikalatva Kestilä,,0.9,35.0
2015-01-13,Kajaani Saaresmäki,,-1.0,54.0
2015-01-13,Kajaani lentoasema,-14.2,,
2015-01-13,Vieremä Kaarakkala,-13.9,0.8,55.0
2015-01-13,Kajaani Paltaniemi,,0.4,25.0
2015-01-13,Nurmes Valtimo,-13.4,0.5,35.0
2015-01-13,Sotkamo Saviaho,,0.6,50.0
2015-01-13,Ristijärvi Mustavaara,,0.4,65.0
2015-01-13,Sotkamo Kuolaniemi,-14.8,-1.0,43.0
2015-01-13,Nurmes Mujejärvi,,-1.0,53.0
2015-01-13,Kuhmo Apaja,,-1.0,64.0
2015-01-13,Kuhmo Kalliojoki,-16.3,0.6,52.0
2015-01-13,Raahe Nahkiainen,,,
2015-01-13,Hailuoto Keskikylä,-13.4,0.4,29.0
2015-01-13,Kemi I majakka,-11.6,,
2015-01-13,Hailuoto Marjaniemi,-13.2,,
2015-01-13,Raahe Lapaluoto satama,-12.2,,
2015-01-13,Oulu lentoasema,-13.3,,
2015-01-13,Siikajoki Ruukki,-13.2,0.6,36.0
2015-01-13,Tyrnävä Temmes,,0.6,32.0
2015-01-13,Oulu Vihreäsaari satama,-12.8,,
2015-01-13,Oulu Oulunsalo Pellonpää,-13.2,0.9,36.0
2015-01-13,Vaala Pelso,-13.9,-1.0,23.0
2015-01-13,Pudasjärvi lentokenttä,-14.2,-1.0,38.0
2015-01-13,Utajärvi Särkijärvi,,-1.0,45.0
2015-01-13,Pudasjärvi Jaurakkajärvi,,0.0,52.0
2015-01-13,Suomussalmi Näljänkä,,0.6,67.0
2015-01-13,Suomussalmi Pesiö,-15.3,0.5,61.0
2015-01-13,Puolanka Kotila,,-1.0,60.0
2015-01-13,Puolanka Paljakka,-16.4,-1.0,73.0
2015-01-13,Kemi Kemi-Tornio lentoasema,-14.3,,
2015-01-13,Kemi Ajos,-13.8,,
2015-01-13,Tornio Aapajärvi,,2.6,57.0
2015-01-13,Tornio Kaakkuri,-14.7,3.5,34.0
2015-01-13,Ranua lentokenttä,-14.5,0.4,58.0
2015-01-13,Pudasjärvi Sarakylä,,0.2,50.0
2015-01-13,Posio Raistakka,,0.5,59.0
2015-01-13,Taivalkoski Inkee,,0.4,58.0
2015-01-13,Taivalkoski kirkonkylä,-14.9,0.1,60.0
2015-01-13,Kuusamo lentoasema,-16.9,,
2015-01-13,Kuusamo Kiutaköngäs,-19.7,0.2,46.0
2015-01-13,Kuusamo Toranginaho,,0.9,59.0
2015-01-13,Kuusamo Rukatunturi,-19.0,,
2015-01-13,Kuusamo Teeriranta,,1.1,60.0
2015-01-13,Ylitornio Meltosjärvi,-16.6,0.9,43.0
2015-01-13,Pello Konttajärvi,,0.9,55.0
2015-01-13,Kolari Kattilamaa,,1.2,53.0
2015-01-13,Pello kirkonkylä,-19.6,1.3,47.0
2015-01-13,Kittilä Alakylä,,0.7,54.0
2015-01-13,Rovaniemi rautatieasema,-15.4,,
2015-01-13,Sodankylä Tähtelä,-21.7,1.1,52.0
2015-01-13,Rovaniemi Apukka,-15.7,0.6,41.0
2015-01-13,Pelkosenniemi kirkonkylä,,1.1,48.0
2015-01-13,Kemijärvi lentokenttä,-17.7,1.1,52.0
2015-01-13,Savukoski kirkonkylä,-20.0,1.1,51.0
2015-01-13,Salla Kelloselkä,,0.2,37.0
2015-01-13,Pelkosenniemi Pyhätunturi,-19.1,,
2015-01-13,Salla kirkonkylä,-18.1,0.5,37.0
2015-01-13,Salla Naruska,-19.5,-1.0,51.0
2015-01-13,Enontekiö Kaaresuvanto,,2.5,45.0
2015-01-13,Muonio Alamuonio,-22.0,,50.0
2015-01-13,Enontekiö Hetta,,2.4,61.0
2015-01-13,Kittilä Pulju,,2.2,55.0
2015-01-13,Kittilä Levitunturi,-19.7,,
2015-01-13,Muonio Laukukero,-20.8,,
2015-01-13,Muonio Sammaltunturi,-21.5,,
2015-01-13,Kittilä Matorova,-21.8,,
2015-01-13,Kittilä lentoasema,-21.5,,
2015-01-13,Kittilä Kenttärova,-21.8,1.2,59.0
2015-01-13,Kittilä Pakatti,-21.3,1.2,51.0
2015-01-13,Kittilä Pokka,-22.7,0.9,58.0
2015-01-13,Sodankylä Lokka,-20.6,0.7,48.0
2015-01-13,Sodankylä Vuotso,-21.1,0.6,54.0
2015-01-13,Inari Saariselkä matkailukeskus,-21.8,0.1,55.0
2015-01-13,Inari Saariselkä Kaunispää,-19.0,,
2015-01-13,Savukoski Ruuvaoja,,1.6,50.0
2015-01-13,Inari Raja-Jooseppi Kontiojärvi,,1.0,35.0
2015-01-13,Inari Raja-Jooseppi,-24.2,,
2015-01-13,Salla Värriötunturi,-24.4,0.1,46.0
2015-01-13,Enontekiö Kilpisjärvi kyläkeskus,-21.0,2.4,56.0
2015-01-13,Enontekiö Kilpisjärvi Saana,-23.3,,
2015-01-13,Enontekiö Näkkälä,-22.1,0.3,49.0
2015-01-13,Inari Angeli,,1.8,61.0
2015-01-13,Inari Angeli Lintupuoliselkä,-28.6,0.9,47.0
2015-01-13,Inari Ivalo lentoasema,-29.5,,
2015-01-13,Utsjoki Kevo,-33.7,2.0,42.0
2015-01-13,Utsjoki Nuorgam,-30.7,1.0,38.0
2015-01-13,Utsjoki Leppälä,,3.9,44.0
2015-01-13,Inari Väylä,-29.9,,
2015-01-13,Inari kirkonkylä,,1.2,51.0
2015-01-13,Inari Kaamanen,-30.4,1.9,46.0
2015-01-13,Inari Nellim,-27.3,0.7,38.0
2015-01-13,Inari Kirakkajärvi,-31.9,0.3,43.0
2015-01-13,Muonio Oustajärvi,-21.6,2.1,52.0
2015-01-13,Kajaani Petäisenniska,-14.4,0.5,44.0
2015-01-13,Utsjoki Kevo Kevojärvi,-34.0,,
2015-01-13,Inari Seitalaassa,-28.2,,
2015-01-13,Rovaniemi lentoasema AWOS,-16.6,1.2,50.0
2015-01-13,Jyväskylä lentoasema AWOS,-14.4,3.5,36.0
2015-01-13,Puumala kirkonkylä,-10.8,6.6,19.0
2015-01-13,Helsinki Vuosaari satama,1.5,,
2015-01-13,Lumparland Långnäs satama,2.9,3.0,3.0
2015-01-13,Tampere Tampella,-5.0,,
2015-01-13,Kittilä Lompolonvuoma,-22.7,,
2015-01-13,Kuusamo Ruka Talvijärvi,-17.5,,
2015-01-13,Espoo Nuuksio,-0.8,3.1,30.0
2015-01-13,Mikkeli Lentoasema AWOS,-12.5,4.7,40.0
2015-01-13,Espoo Tapiola,1.4,2.8,16.0
2015-01-14,Jomala Maarianhamina lentoasema,2.6,,
2015-01-14,Parainen Utö,3.4,-1.0,-1.0
2015-01-14,Lemland Nyhamn,3.1,,
2015-01-14,Jomala Jomalaby,1.8,-1.0,7.0
2015-01-14,Hammarland Märket,2.3,,
2015-01-14,Kökar Bogskär,3.5,,
2015-01-14,Parainen Fagerholm,2.7,-1.0,
2015-01-14,Kumlinge kirkonkylä,2.1,,
2015-01-14,Hanko Russarö,2.9,,
2015-01-14,Kaarina Yltöinen,1.4,0.1,7.0
2015-01-14,Kemiönsaari Vänö,3.1,,
2015-01-14,Hanko Tulliniemi,2.9,,
2015-01-14,Turku Rajakari,2.4,,
2015-01-14,Turku Artukainen,1.9,0.3,8.0
2015-01-14,Kemiönsaari Kemiö,2.1,-1.0,10.0
2015-01-14,Hanko Tvärminne,2.6,-1.0,4.0
2015-01-14,Salo Kärkkä,1.7,0.1,
2015-01-14,Lohja Leppäkorpi,,0.1,13.0
2015-01-14,Raasepori Jussarö,2.7,,
2015-01-14,Salo Kiikala lentokenttä,0.6,-1.0,15.0
2015-01-14,Vantaa Helsinki-Vantaan lentoasema,1.2,0.2,17.0
2015-01-14,Inkoo Bågaskär,2.1,,
2015-01-14,Helsinki Kaisaniemi,2.1,0.1,13.0
2015-01-14,Lohja Porla,1.4,0.7,13.0
2015-01-14,Vihti Maasoja,1.0,,
2015-01-14,Helsinki Harmaja,1.9,,
2015-01-14,Kirkkonummi Mäkiluoto,2.8,,
2015-01-14,Helsinki Helsingin majakka,2.8,,
2015-01-14,Helsinki Kumpula,1.6,0.0,15.0
2015-01-14,Espoo Sepänkylä,1.4,,
2015-01-14,Helsinki Rautatientori,1.6,,
2015-01-14,Porvoo Kalbådagrund,2.7,,
2015-01-14,Porvoo Emäsalo,1.4,,
2015-01-14,Porvoo Harabacka,1.2,1.1,10.0
2015-01-14,Kotka Rankki,1.1,,
2015-01-14,Loviisa Orrengrund,1.3,,
2015-01-14,Kotka Haapasaari,1.5,,
2015-01-14,Pori lentoasema,1.6,,
2015-01-14,Uusikaupunki Itätulli,,-1.0,10.0
2015-01-14,Laitila Haukka,,0.1,6.0
2015-01-14,Kustavi Isokari,1.9,-1.0,
2015-01-14,Rauma Kylmäpihlaja,1.9,,
2015-01-14,Pori rautatieasema,1.5,0.3,11.0
2015-01-14,Turku lentoasema,1.4,,
2015-01-14,Kokemäki Rausenkulma,,1.4,11.0
2015-01-14,Lieto Tammentaka,,-1.0,18.0
2015-01-14,Huittinen Sallila,,0.2,15.0
2015-01-14,Köyliö Yttilä,,-1.0,11.0
2015-01-14,Oripää Teinikivi,,-1.0,15.0
2015-01-14,Pöytyä Yläne,,0.3,21.0
2015-01-14,Kokemäki Tulkkila,0.8,1.9,14.0
2015-01-14,Jokioinen Ilmala,0.5,0.7,15.0
2015-01-14,Nokia Tottijärvi,,0.2,17.0
2015-01-14,Pirkkala Tampere-Pirkkala lentoasema,0.2,,
2015-01-14,Tampere Härmälä,0.4,-1.0,18.0
2015-01-14,Somero Salkola,-0.1,0.2,26.0
2015-01-14,Hyvinkää Hyvinkäänkylä,0.4,0.1,20.0
2015-01-14,Vihti Hiiskula,,-1.0,22.0
2015-01-14,Hausjärvi Lavinto,,0.2,15.0
2015-01-14,Hämeenlinna Pirttikoski,,1.1,33.0
2015-01-14,Nurmijärvi Röykkä,0.3,0.1,18.0
2015-01-14,Hämeenlinna Katinen,0.5,0.3,
2015-01-14,Hattula Lepaa,0.3,0.4,
2015-01-14,Lahti Laune,-0.5,-1.0,27.0
2015-01-14,Hämeenlinna Lammi Pappila,0.0,1.0,28.0
2015-01-14,Mäntsälä Hirvihaara Kuntomajantie,,0.1,25.0
2015-01-14,Asikkala Urajärvi,,0.0,35.0
2015-01-14,Asikkala Pulkkilanharju,-1.1,,
2015-01-14,Hämeenlinna Lammi Evo,-1.0,,
2015-01-14,Kouvola Utti lentoasema,-2.0,0.3,39.0
2015-01-14,Kouvola Anjala,-0.5,0.1,20.0
2015-01-14,Heinola Asemantaus,-1.5,0.2,23.0
2015-01-14,Iitti Kausala,,0.1,26.0
2015-01-14,Kouvola Voikoski,,-1.0,28.0
2015-01-14,Virolahti Koivuniemi,0.6,1.0,27.0
2015-01-14,Lappeenranta lentoasema,-3.4,,
2015-01-14,Lappeenranta Konnunsuo,-3.6,,
2015-01-14,Lappeenranta Lepola,-3.5,0.8,25.0
2015-01-14,Ruokolahti Kotaniemi,,2.6,41.0
2015-01-14,Lappeenranta Hiekkapakka,-3.9,,
2015-01-14,Rautjärvi Simpele Kangaskoski,,2.0,32.0
2015-01-14,Parikkala Koitsanlahti,-4.3,,
2015-01-14,Kaskinen Sälgrund,0.7,0.4,
2015-01-14,Merikarvia Tuorila,,0.6,19.0
2015-01-14,Isojoki Kärjenkoski,,0.8,15.0
2015-01-14,Teuva Kauppilankylä,,1.0,16.0
2015-01-14,Pori Tahkoluoto satama,2.0,,
2015-01-14,Karvia Alkkia,-0.8,0.2,25.0
2015-01-14,Pori Lavia,,0.8,10.0
2015-01-14,Ikaalinen Vehuvarpee,,2.4,23.0
2015-01-14,Kauhajoki kaupunki,,0.8,24.0
2015-01-14,Kurikka Hirvijärvi,,0.2,22.0
2015-01-14,Kauhajoki Kuja-Kokko,-0.1,0.9,10.0
2015-01-14,Kankaanpää Niinisalo lentokenttä,0.0,2.6,27.0
2015-01-14,Alavus Sulkavankylä,,1.5,22.0
2015-01-14,Virrat Äijänneva,-2.0,,
2015-01-14,Tampere Siilinkari,0.3,,
2015-01-14,Jämsä Halli lentoasema,-2.4,0.6,30.0
2015-01-14,Juupajoki Hyytiälä,-1.6,1.3,40.0
2015-01-14,Sysmä Joutsjärvi,,0.0,22.0
2015-01-14,Luhanka Tammijärvi,,1.7,37.0
2015-01-14,Jyväskylä Muuratjärvi,,0.0,39.0
2015-01-14,Luhanka Judinsalo,-2.1,,
2015-01-14,Multia Pirttiperä,,1.6,45.0
2015-01-14,Joutsa Savenaho,-4.5,1.6,40.0
2015-01-14,Kangasniemi kirkonkylä,,0.7,55.0
2015-01-14,Joutsa Pärnämäki,,0.8,42.0
2015-01-14,Mikkeli Pitkähiekka,,1.2,34.0
2015-01-14,Juva Partala,-5.4,,
2015-01-14,Joroinen Varkaus lentoasema,-6.1,,
2015-01-14,Varkaus Kosulanniemi,-6.3,1.0,39.0
2015-01-14,Savonlinna Laukansaari,,3.1,27.0
2015-01-14,Sulkava Halttula,,0.8,37.0
2015-01-14,Savonlinna lentoasema,-5.3,,
2015-01-14,Rantasalmi Rukkasluoto,-5.2,,
2015-01-14,Savonlinna Punkaharju Laukansaari,-5.2,0.9,29.0
2015-01-14,Enonkoski Simanala,,1.4,40.0
2015-01-14,Savonlinna Savonranta,,-1.0,36.0
2015-01-14,Rääkkylä kirkonkylä,,1.9,40.0
2015-01-14,Tohmajärvi Kemie,-6.8,-1.0,51.0
2015-01-14,Joensuu Huhtilampi,,4.0,54.0
2015-01-14,Vaasa lentoasema,-0.5,,
2015-01-14,Mustasaari Valassaaret,-1.5,,
2015-01-14,Närpiö Ylimarkku,,-1.0,5.0
2015-01-14,Mustasaari Riimala,,-1.0,27.0
2015-01-14,Kurikka Pyörni,,0.3,27.0
2015-01-14,Korsnäs Bredskäret,0.2,,
2015-01-14,Maalahti Strömmingsbådan,0.9,,
2015-01-14,Vaasa Klemettilä,-0.4,-1.0,13.0
2015-01-14,Seinäjoki Pelmaa,-1.2,0.1,25.0
2015-01-14,Kauhava lentokenttä,-1.6,-1.0,30.0
2015-01-14,Ähtäri Inha,-3.8,0.4,38.0
2015-01-14,Halsua Purola,-5.4,1.8,48.0
2015-01-14,Alajärvi Möksy,-4.8,5.3,37.0
2015-01-14,Multia Karhila,-4.4,1.4,38.0
2015-01-14,Viitasaari Haapaniemi,-7.2,0.4,34.0
2015-01-14,Äänekoski Kalaniemi,,2.0,42.0
2015-01-14,Viitasaari Kärnä,,2.5,47.0
2015-01-14,Vesanto kirkonkylä,-7.1,3.4,46.0
2015-01-14,Pielavesi Venetmäki,,2.8,59.0
2015-01-14,Siilinjärvi Kuopio lentoasema,-7.6,,
2015-01-14,Kuopio Maaninka,-7.8,2.1,44.0
2015-01-14,Lapinlahti Lamminkäyrä,,1.8,35.0
2015-01-14,Suonenjoki Iisvesi,,2.3,57.0
2015-01-14,Kuopio Karttula,,1.2,50.0
2015-01-14,Kuopio Ritoniemi,-6.5,,
2015-01-14,Kuopio Savilahti,-7.1,1.4,44.0
2015-01-14,Heinävesi Palokki,,1.6,42.0
2015-01-14,Outokumpu Viuruniemi,,2.0,38.0
2015-01-14,Rautavaara Ala-Luosta,,2.0,35.0
2015-01-14,Rautavaara Ylä-Luosta,-9.4,2.0,44.0
2015-01-14,Liperi Joensuu lentoasema,-8.0,,
2015-01-14,Juuka Niemelä,-10.0,2.5,37.0
2015-01-14,Joensuu Pyhäselkä,,2.1,43.0
2015-01-14,Lieksa Koli,,2.6,46.0
2015-01-14,Liperi Tuiskavanluoto,-7.4,,
2015-01-14,Joensuu Linnunlahti,-7.4,2.4,43.0
2015-01-14,Lieksa Lampela,-9.9,2.8,31.0
2015-01-14,Ilomantsi Naarva,,1.9,56.0
2015-01-14,Ilomantsi Pötsönvaara,-10.7,2.7,57.0
2015-01-14,Ilomantsi Mekrijärvi,-9.5,0.7,42.0
2015-01-14,Pietarsaari Kallan,-2.0,,
2015-01-14,Kokkola Tankar,-3.0,,
2015-01-14,Kruunupyy Kokkola-Pietarsaari lentoasema,-3.2,,
2015-01-14,Kaustinen Tastula,,0.2,40.0
2015-01-14,Kalajoki Ulkokalla,-4.2,,
2015-01-14,Kokkola Santahaka,-3.1,0.8,25.0
2015-01-14,Toholampi Oravala,,1.3,36.0
2015-01-14,Kalajoki Pitkäsenkylä,,3.5,44.0
2015-01-14,Kalajoki Mehtäkylä,,0.3,30.0
2015-01-14,Toholampi Laitala,-5.1,,
2015-01-14,Ylivieska lentokenttä,-6.6,1.0,32.0
2015-01-14,Ylivieska Vähäkangas,,2.3,35.0
2015-01-14,Haapavesi Mustikkamäki,-7.8,1.1,35.0
2015-01-14,Kärsämäki Venetpalo,,2.5,36.0
2015-01-14,Pyhäjärvi Ojakylä,-7.4,1.9,39.0
2015-01-14,Pyhäjärvi Hiidenniemi,,2.5,38.0
2015-01-14,Kiuruvesi Korpijoki,,1.9,30.0
2015-01-14,Siikalatva Kestilä,,1.0,36.0
2015-01-14,Kajaani Saaresmäki,,2.7,54.0
2015-01-14,Kajaani lentoasema,-10.3,,
2015-01-14,Vieremä Kaarakkala,-9.4,1.5,54.0
2015-01-14,Kajaani Paltaniemi,,1.0,25.0
2015-01-14,Nurmes Valtimo,-10.7,1.7,38.0
2015-01-14,Sotkamo Saviaho,,0.8,50.0
2015-01-14,Ristijärvi Mustavaara,,1.5,66.0
2015-01-14,Sotkamo Kuolaniemi,-11.6,0.9,42.0
2015-01-14,Nurmes Mujejärvi,,2.5,53.0
2015-01-14,Kuhmo Apaja,,1.1,64.0
2015-01-14,Kuhmo Kalliojoki,-13.0,1.1,54.0
2015-01-14,Raahe Nahkiainen,-4.7,,
2015-01-14,Hailuoto Keskikylä,-8.3,3.5,30.0
2015-01-14,Kemi I majakka,-8.2,,
2015-01-14,Hailuoto Marjaniemi,-7.6,,
2015-01-14,Raahe Lapaluoto satama,-5.7,,
2015-01-14,Oulu lentoasema,-8.3,,
2015-01-14,Siikajoki Ruukki,-7.8,2.0,35.0
2015-01-14,Tyrnävä Temmes,,1.8,33.0
2015-01-14,Oulu Vihreäsaari satama,-8.1,,
2015-01-14,Oulu Oulunsalo Pellonpää,-8.2,2.7,37.0
2015-01-14,Vaala Pelso,-9.1,0.3,23.0
2015-01-14,Pudasjärvi lentokenttä,-11.8,14.4,38.0
2015-01-14,Utajärvi Särkijärvi,,2.3,45.0
2015-01-14,Pudasjärvi Jaurakkajärvi,,5.5,52.0
2015-01-14,Suomussalmi Näljänkä,,6.3,67.0
2015-01-14,Suomussalmi Pesiö,-13.4,2.0,61.0
2015-01-14,Puolanka Kotila,,1.8,59.0
2015-01-14,Puolanka Paljakka,-13.1,1.2,72.0
2015-01-14,Kemi Kemi-Tornio lentoasema,-10.6,,
2015-01-14,Kemi Ajos,-10.2,,
2015-01-14,Tornio Aapajärvi,,2.3,57.0
2015-01-14,Tornio Kaakkuri,-10.6,3.9,38.0
2015-01-14,Ranua lentokenttä,-11.5,2.0,60.0
2015-01-14,Pudasjärvi Sarakylä,,2.7,50.0
2015-01-14,Posio Raistakka,,3.2,60.0
2015-01-14,Taivalkoski Inkee,,2.9,58.0
2015-01-14,Taivalkoski kirkonkylä,-13.6,5.9,59.0
2015-01-14,Kuusamo lentoasema,-15.2,,
2015-01-14,Kuusamo Kiutaköngäs,-15.6,1.0,48.0
2015-01-14,Kuusamo Toranginaho,,3.5,60.0
2015-01-14,Kuusamo Rukatunturi,-16.4,,
2015-01-14,Kuusamo Teeriranta,,5.5,62.0
2015-01-14,Ylitornio Meltosjärvi,-11.4,2.5,44.0
2015-01-14,Pello Konttajärvi,,3.5,56.0
2015-01-14,Kolari Kattilamaa,,1.7,54.0
2015-01-14,Pello kirkonkylä,-12.4,3.4,49.0
2015-01-14,Kittilä Alakylä,,1.4,58.0
2015-01-14,Rovaniemi rautatieasema,-10.9,,
2015-01-14,Sodankylä Tähtelä,-13.8,1.2,53.0
2015-01-14,Rovaniemi Apukka,-11.2,1.8,43.0
2015-01-14,Pelkosenniemi kirkonkylä,,0.2,48.0
2015-01-14,Kemijärvi lentokenttä,-13.6,0.1,58.0
2015-01-14,Savukoski kirkonkylä,-15.2,0.1,51.0
2015-01-14,Salla Kelloselkä,,-1.0,37.0
2015-01-14,Pelkosenniemi Pyhätunturi,-15.8,,
2015-01-14,Salla kirkonkylä,-14.0,0.2,37.0
2015-01-14,Salla Naruska,-15.7,0.2,51.0
2015-01-14,Enontekiö Kaaresuvanto,,-1.0,50.0
2015-01-14,Muonio Alamuonio,-13.1,,51.0
2015-01-14,Enontekiö Hetta,,0.4,57.0
2015-01-14,Kittilä Pulju,,0.9,60.0
2015-01-14,Kittilä Levitunturi,-15.5,,
2015-01-14,Muonio Laukukero,-16.2,,
2015-01-14,Muonio Sammaltunturi,-15.7,,
2015-01-14,Kittilä Matorova,-14.6,,
2015-01-14,Kittilä lentoasema,-13.5,,
2015-01-14,Kittilä Kenttärova,-14.6,1.3,62.0
2015-01-14,Kittilä Pakatti,-13.4,2.2,54.0
2015-01-14,Kittilä Pokka,-14.5,0.8,63.0
2015-01-14,Sodankylä Lokka,-15.0,0.5,50.0
2015-01-14,Sodankylä Vuotso,-14.7,0.6,56.0
2015-01-14,Inari Saariselkä matkailukeskus,-14.0,-1.0,56.0
2015-01-14,Inari Saariselkä Kaunispää,-15.0,,
2015-01-14,Savukoski Ruuvaoja,,0.3,51.0
2015-01-14,Inari Raja-Jooseppi Kontiojärvi,,0.3,38.0
2015-01-14,Inari Raja-Jooseppi,-14.7,,
2015-01-14,Salla Värriötunturi,-15.8,0.3,46.0
2015-01-14,Enontekiö Kilpisjärvi kyläkeskus,-12.7,0.2,56.0
2015-01-14,Enontekiö Kilpisjärvi Saana,-16.6,,
2015-01-14,Enontekiö Näkkälä,-14.2,-1.0,51.0
2015-01-14,Inari Angeli,,1.0,63.0
2015-01-14,Inari Angeli Lintupuoliselkä,-14.7,0.4,49.0
2015-01-14,Inari Ivalo lentoasema,-14.3,,
2015-01-14,Utsjoki Kevo,-15.7,0.7,43.0
2015-01-14,Utsjoki Nuorgam,-14.4,0.4,41.0
2015-01-14,Utsjoki Leppälä,,0.8,49.0
2015-01-14,Inari Väylä,-14.3,,
2015-01-14,Inari kirkonkylä,,0.2,53.0
2015-01-14,Inari Kaamanen,-15.1,1.2,50.0
2015-01-14,Inari Nellim,-13.9,0.1,39.0
2015-01-14,Inari Kirakkajärvi,-15.5,-1.0,43.0
2015-01-14,Muonio Oustajärvi,-12.8,0.5,54.0
2015-01-14,Kajaani Petäisenniska,-10.6,1.0,43.0
2015-01-14,Utsjoki Kevo Kevojärvi,-15.4,,
2015-01-14,Inari Seitalaassa,-14.1,,
2015-01-14,Rovaniemi lentoasema AWOS,-12.1,2.3,53.0
2015-01-14,Jyväskylä lentoasema AWOS,-5.6,1.2,40.0
2015-01-14,Puumala kirkonkylä,-4.4,1.8,26.0
2015-01-14,Helsinki Vuosaari satama,1.9,,
2015-01-14,Lumparland Långnäs satama,2.1,-1.0,3.0
2015-01-14,Tampere Tampella,0.6,,
2015-01-14,Kittilä Lompolonvuoma,-14.1,,
2015-01-14,Kuusamo Ruka Talvijärvi,-14.8,,
2015-01-14,Espoo Nuuksio,0.1,0.3,28.0
2015-01-14,Mikkeli Lentoasema AWOS,-5.0,0.5,44.0
2015-01-14,Espoo Tapiola,2.1,0.1,12.0
2015-01-15,Jomala Maarianhamina lentoasema,2.8,,
2015-01-15,Parainen Utö,3.3,8.6,-1.0
2015-01-15,Lemland Nyhamn,3.1,,
2015-01-15,Jomala Jomalaby,2.1,9.5,7.0
2015-01-15,Hammarland Märket,2.5,,
2015-01-15,Kökar Bogskär,3.3,,
2015-01-15,Parainen Fagerholm,2.9,7.4,
2015-01-15,Kumlinge kirkonkylä,2.4,,
2015-01-15,Hanko Russarö,2.8,,
2015-01-15,Kaarina Yltöinen,1.9,10.5,5.0
2015-01-15,Kemiönsaari Vänö,3.0,,
2015-01-15,Hanko Tulliniemi,2.8,,
2015-01-15,Turku Rajakari,2.6,,
2015-01-15,Turku Artukainen,2.4,14.2,7.0
2015-01-15,Kemiönsaari Kemiö,2.3,8.5,9.0
2015-01-15,Hanko Tvärminne,2.6,6.2,3.0
2015-01-15,Salo Kärkkä,2.1,3.6,
2015-01-15,Lohja Leppäkorpi,,9.5,13.0
2015-01-15,Raasepori Jussarö,2.5,,
2015-01-15,Salo Kiikala lentokenttä,0.8,3.0,14.0
2015-01-15,Vantaa Helsinki-Vantaan lentoasema,1.0,6.1,14.0
2015-01-15,Inkoo Bågaskär,1.9,,
2015-01-15,Helsinki Kaisaniemi,2.2,6.7,11.0
2015-01-15,Lohja Porla,1.3,11.0,12.0
2015-01-15,Vihti Maasoja,1.3,,
2015-01-15,Helsinki Harmaja,1.8,,
2015-01-15,Kirkkonummi Mäkiluoto,2.5,,
2015-01-15,Helsinki Helsingin majakka,2.5,,
2015-01-15,Helsinki Kumpula,1.7,9.5,13.0
2015-01-15,Espoo Sepänkylä,1.3,,
2015-01-15,Helsinki Rautatientori,1.7,,
2015-01-15,Porvoo Kalbådagrund,2.4,,
2015-01-15,Porvoo Emäsalo,1.3,,
2015-01-15,Porvoo Harabacka,1.0,5.8,8.0
2015-01-15,Kotka Rankki,1.0,,
2015-01-15,Loviisa Orrengrund,1.3,,
2015-01-15,Kotka Haapasaari,1.6,,
2015-01-15,Pori lentoasema,1.9,,
2015-01-15,Uusikaupunki Itätulli,,9.8,7.0
2015-01-15,Laitila Haukka,,7.7,6.0
2015-01-15,Kustavi Isokari,2.3,6.0,
2015-01-15,Rauma Kylmäpihlaja,1.9,,
2015-01-15,Pori rautatieasema,2.0,2.9,10.0
2015-01-15,Turku lentoasema,1.9,,
2015-01-15,Kokemäki Rausenkulma,,4.5,10.0
2015-01-15,Lieto Tammentaka,,5.0,17.0
2015-01-15,Huittinen Sallila,,7.0,14.0
2015-01-15,Köyliö Yttilä,,0.7,10.0
2015-01-15,Oripää Teinikivi,,6.8,15.0
2015-01-15,Pöytyä Yläne,,5.5,21.0
2015-01-15,Kokemäki Tulkkila,1.4,4.1,14.0
2015-01-15,Jokioinen Ilmala,1.2,6.6,15.0
2015-01-15,Nokia Tottijärvi,,6.2,16.0
2015-01-15,Pirkkala Tampere-Pirkkala lentoasema,0.4,,
2015-01-15,Tampere Härmälä,0.4,4.6,17.0
2015-01-15,Somero Salkola,-0.1,7.9,25.0
2015-01-15,Hyvinkää Hyvinkäänkylä,0.4,6.5,19.0
2015-01-15,Vihti Hiiskula,,8.7,21.0
2015-01-15,Hausjärvi Lavinto,,4.8,10.0
2015-01-15,Hämeenlinna Pirttikoski,,6.2,31.0
2015-01-15,Nurmijärvi Röykkä,0.3,10.0,17.0
2015-01-15,Hämeenlinna Katinen,0.7,4.0,
2015-01-15,Hattula Lepaa,0.3,3.1,19.0
2015-01-15,Lahti Laune,-0.6,3.4,25.0
2015-01-15,Hämeenlinna Lammi Pappila,-0.2,4.7,26.0
2015-01-15,Mäntsälä Hirvihaara Kuntomajantie,,7.3,23.0
2015-01-15,Asikkala Urajärvi,,3.6,35.0
2015-01-15,Asikkala Pulkkilanharju,0.0,,
2015-01-15,Hämeenlinna Lammi Evo,-1.0,,
2015-01-15,Kouvola Utti lentoasema,-0.8,3.0,36.0
2015-01-15,Kouvola Anjala,0.2,5.5,19.0
2015-01-15,Heinola Asemantaus,-0.2,3.0,21.0
2015-01-15,Iitti Kausala,,3.5,26.0
2015-01-15,Kouvola Voikoski,,2.1,28.0
2015-01-15,Virolahti Koivuniemi,0.9,1.1,19.0
2015-01-15,Lappeenranta lentoasema,-0.1,,
2015-01-15,Lappeenranta Konnunsuo,0.2,,
2015-01-15,Lappeenranta Lepola,-0.1,0.4,23.0
2015-01-15,Ruokolahti Kotaniemi,,0.1,36.0
2015-01-15,Lappeenranta Hiekkapakka,-0.3,,
2015-01-15,Rautjärvi Simpele Kangaskoski,,-1.0,32.0
2015-01-15,Parikkala Koitsanlahti,-0.5,,
2015-01-15,Kaskinen Sälgrund,1.1,0.6,
2015-01-15,Merikarvia Tuorila,,6.1,18.0
2015-01-15,Isojoki Kärjenkoski,,6.6,15.0
2015-01-15,Teuva Kauppilankylä,,4.0,18.0
2015-01-15,Pori Tahkoluoto satama,2.1,,
2015-01-15,Karvia Alkkia,-0.2,0.6,25.0
2015-01-15,Pori Lavia,,4.4,10.0
2015-01-15,Ikaalinen Vehuvarpee,,7.4,24.0
2015-01-15,Kauhajoki kaupunki,,3.9,26.0
2015-01-15,Kurikka Hirvijärvi,,3.5,22.0
2015-01-15,Kauhajoki Kuja-Kokko,0.4,0.9,9.0
2015-01-15,Kankaanpää Niinisalo lentokenttä,0.3,6.1,28.0
2015-01-15,Alavus Sulkavankylä,,2.0,22.0
2015-01-15,Virrat Äijänneva,-0.2,,
2015-01-15,Tampere Siilinkari,0.5,,
2015-01-15,Jämsä Halli lentoasema,-0.4,4.1,28.0
2015-01-15,Juupajoki Hyytiälä,-0.3,3.7,37.0
2015-01-15,Sysmä Joutsjärvi,,4.1,22.0
2015-01-15,Luhanka Tammijärvi,,3.5,35.0
2015-01-15,Jyväskylä Muuratjärvi,,4.4,37.0
2015-01-15,Luhanka Judinsalo,-0.5,,
2015-01-15,Multia Pirttiperä,,5.3,46.0
2015-01-15,Joutsa Savenaho,-1.0,3.5,38.0
2015-01-15,Kangasniemi kirkonkylä,,2.6,55.0
2015-01-15,Joutsa Pärnämäki,,3.1,42.0
2015-01-15,Mikkeli Pitkähiekka,,1.8,34.0
2015-01-15,Juva Partala,-0.7,,
2015-01-15,Joroinen Varkaus lentoasema,-0.6,,
2015-01-15,Varkaus Kosulanniemi,-0.7,0.1,37.0
2015-01-15,Savonlinna Laukansaari,,0.1,26.0
2015-01-15,Sulkava Halttula,,2.2,37.0
2015-01-15,Savonlinna lentoasema,-0.9,,
2015-01-15,Rantasalmi Rukkasluoto,-0.6,,
2015-01-15,Savonlinna Punkaharju Laukansaari,-1.7,-1.0,28.0
2015-01-15,Enonkoski Simanala,,-1.0,40.0
2015-01-15,Savonlinna Savonranta,,0.3,35.0
2015-01-15,Rääkkylä kirkonkylä,,-1.0,41.0
2015-01-15,Tohmajärvi Kemie,-1.6,-1.0,52.0
2015-01-15,Joensuu Huhtilampi,,-1.0,54.0
2015-01-15,Vaasa lentoasema,0.0,,
2015-01-15,Mustasaari Valassaaret,-1.2,,
2015-01-15,Närpiö Ylimarkku,,2.5,5.0
2015-01-15,Mustasaari Riimala,,1.7,27.0
2015-01-15,Kurikka Pyörni,,2.8,27.0
2015-01-15,Korsnäs Bredskäret,0.4,,
2015-01-15,Maalahti Strömmingsbådan,0.9,,
2015-01-15,Vaasa Klemettilä,0.2,1.5,14.0
2015-01-15,Seinäjoki Pelmaa,-0.1,1.9,24.0
2015-01-15,Kauhava lentokenttä,0.0,1.4,30.0
2015-01-15,Ähtäri Inha,-0.8,5.0,38.0
2015-01-15,Halsua Purola,-1.0,4.0,45.0
2015-01-15,Alajärvi Möksy,-1.1,3.4,36.0
2015-01-15,Multia Karhila,-1.3,4.4,37.0
2015-01-15,Viitasaari Haapaniemi,-1.3,-1.0,35.0
2015-01-15,Äänekoski Kalaniemi,,2.0,40.0
2015-01-15,Viitasaari Kärnä,,2.1,48.0
2015-01-15,Vesanto kirkonkylä,-1.1,1.6,46.0
2015-01-15,Pielavesi Venetmäki,,1.8,59.0
2015-01-15,Siilinjärvi Kuopio lentoasema,-0.7,,
2015-01-15,Kuopio Maaninka,-0.7,0.6,45.0
2015-01-15,Lapinlahti Lamminkäyrä,,1.6,37.0
2015-01-15,Suonenjoki Iisvesi,,0.7,57.0
2015-01-15,Kuopio Karttula,,1.4,48.0
2015-01-15,Kuopio Ritoniemi,-0.7,,
2015-01-15,Kuopio Savilahti,-0.5,0.4,43.0
2015-01-15,Heinävesi Palokki,,0.2,43.0
2015-01-15,Outokumpu Viuruniemi,,0.2,39.0
2015-01-15,Rautavaara Ala-Luosta,,1.0,35.0
2015-01-15,Rautavaara Ylä-Luosta,-1.7,0.4,44.0
2015-01-15,Liperi Joensuu lentoasema,-1.8,,
2015-01-15,Juuka Niemelä,-1.7,0.7,39.0
2015-01-15,Joensuu Pyhäselkä,,-1.0,44.0
2015-01-15,Lieksa Koli,,0.3,49.0
2015-01-15,Liperi Tuiskavanluoto,-2.0,,
2015-01-15,Joensuu Linnunlahti,-2.0,-1.0,41.0
2015-01-15,Lieksa Lampela,-1.4,-1.0,32.0
2015-01-15,Ilomantsi Naarva,,0.2,58.0
2015-01-15,Ilomantsi Pötsönvaara,-2.7,0.3,59.0
2015-01-15,Ilomantsi Mekrijärvi,-2.0,0.1,
2015-01-15,Pietarsaari Kallan,-0.2,,
2015-01-15,Kokkola Tankar,-1.0,,
2015-01-15,Kruunupyy Kokkola-Pietarsaari lentoasema,-0.8,,
2015-01-15,Kaustinen Tastula,,2.6,39.0
2015-01-15,Kalajoki Ulkokalla,-0.6,,
2015-01-15,Kokkola Santahaka,-0.5,1.8,25.0
2015-01-15,Toholampi Oravala,,5.4,36.0
2015-01-15,Kalajoki Pitkäsenkylä,,5.6,46.0
2015-01-15,Kalajoki Mehtäkylä,,1.2,30.0
2015-01-15,Toholampi Laitala,-0.7,,
2015-01-15,Ylivieska lentokenttä,-1.1,0.9,32.0
2015-01-15,Ylivieska Vähäkangas,,0.9,34.0
2015-01-15,Haapavesi Mustikkamäki,-1.7,2.2,34.0
2015-01-15,Kärsämäki Venetpalo,,2.5,37.0
2015-01-15,Pyhäjärvi Ojakylä,-1.4,2.9,39.0
2015-01-15,Pyhäjärvi Hiidenniemi,,1.1,39.0
2015-01-15,Kiuruvesi Korpijoki,,0.6,31.0
2015-01-15,Siikalatva Kestilä,,1.3,36.0
2015-01-15,Kajaani Saaresmäki,,1.9,55.0
2015-01-15,Kajaani lentoasema,-1.7,,
2015-01-15,Vieremä Kaarakkala,-2.0,1.1,54.0
2015-01-15,Kajaani Paltaniemi,,0.1,26.0
2015-01-15,Nurmes Valtimo,-1.9,-1.0,36.0
2015-01-15,Sotkamo Saviaho,,0.2,49.0
2015-01-15,Ristijärvi Mustavaara,,0.4,65.0
2015-01-15,Sotkamo Kuolaniemi,-2.5,0.3,41.0
2015-01-15,Nurmes Mujejärvi,,0.9,54.0
2015-01-15,Kuhmo Apaja,,0.2,60.0
2015-01-15,Kuhmo Kalliojoki,-3.1,0.3,54.0
2015-01-15,Raahe Nahkiainen,-1.2,,
2015-01-15,Hailuoto Keskikylä,-4.2,1.6,33.0
2015-01-15,Kemi I majakka,-5.4,,
2015-01-15,Hailuoto Marjaniemi,-3.9,,
2015-01-15,Raahe Lapaluoto satama,-1.9,,
2015-01-15,Oulu lentoasema,-3.9,,
2015-01-15,Siikajoki Ruukki,-2.9,1.5,36.0
2015-01-15,Tyrnävä Temmes,,2.0,34.0
2015-01-15,Oulu Vihreäsaari satama,-3.9,,
2015-01-15,Oulu Oulunsalo Pellonpää,-3.9,1.7,39.0
2015-01-15,Vaala Pelso,-2.0,0.2,23.0
2015-01-15,Pudasjärvi lentokenttä,-5.7,0.1,55.0
2015-01-15,Utajärvi Särkijärvi,,0.0,40.0
2015-01-15,Pudasjärvi Jaurakkajärvi,,0.0,54.0
2015-01-15,Suomussalmi Näljänkä,,0.4,70.0
2015-01-15,Suomussalmi Pesiö,-4.2,0.2,62.0
2015-01-15,Puolanka Kotila,,0.6,60.0
2015-01-15,Puolanka Paljakka,-4.0,0.7,72.0
2015-01-15,Kemi Kemi-Tornio lentoasema,-8.7,,
2015-01-15,Kemi Ajos,-8.9,,
2015-01-15,Tornio Aapajärvi,,3.7,57.0
2015-01-15,Tornio Kaakkuri,-8.8,3.6,38.0
2015-01-15,Ranua lentokenttä,-9.1,0.2,59.0
2015-01-15,Pudasjärvi Sarakylä,,0.2,53.0
2015-01-15,Posio Raistakka,,0.0,63.0
2015-01-15,Taivalkoski Inkee,,0.0,60.0
2015-01-15,Taivalkoski kirkonkylä,-7.4,-1.0,65.0
2015-01-15,Kuusamo lentoasema,-10.9,,
2015-01-15,Kuusamo Kiutaköngäs,-12.0,0.1,51.0
2015-01-15,Kuusamo Toranginaho,,0.3,65.0
2015-01-15,Kuusamo Rukatunturi,-11.4,,
2015-01-15,Kuusamo Teeriranta,,-1.0,65.0
2015-01-15,Ylitornio Meltosjärvi,-9.5,1.2,44.0
2015-01-15,Pello Konttajärvi,,0.5,58.0
2015-01-15,Kolari Kattilamaa,,1.4,54.0
2015-01-15,Pello kirkonkylä,-11.9,0.9,50.0
2015-01-15,Kittilä Alakylä,,0.6,57.0
2015-01-15,Rovaniemi rautatieasema,-9.2,,
2015-01-15,Sodankylä Tähtelä,-11.3,0.3,54.0
2015-01-15,Rovaniemi Apukka,-9.6,0.2,43.0
2015-01-15,Pelkosenniemi kirkonkylä,,0.1,48.0
2015-01-15,Kemijärvi lentokenttä,-11.0,0.3,57.0
2015-01-15,Savukoski kirkonkylä,-11.7,-1.0,51.0
2015-01-15,Salla Kelloselkä,,-1.0,37.0
2015-01-15,Pelkosenniemi Pyhätunturi,-13.0,,
2015-01-15,Salla kirkonkylä,-11.5,0.0,37.0
2015-01-15,Salla Naruska,-11.9,0.1,52.0
2015-01-15,Enontekiö Kaaresuvanto,,2.8,50.0
2015-01-15,Muonio Alamuonio,-12.6,,51.0
2015-01-15,Enontekiö Hetta,,-1.0,57.0
2015-01-15,Kittilä Pulju,,0.5,60.0
2015-01-15,Kittilä Levitunturi,-13.7,,
2015-01-15,Muonio Laukukero,-15.5,,
2015-01-15,Muonio Sammaltunturi,-14.3,,
2015-01-15,Kittilä Matorova,-13.4,,
2015-01-15,Kittilä lentoasema,-11.7,,
2015-01-15,Kittilä Kenttärova,-13.5,0.7,64.0
2015-01-15,Kittilä Pakatti,-11.4,0.6,56.0
2015-01-15,Kittilä Pokka,-12.1,0.1,63.0
2015-01-15,Sodankylä Lokka,-11.6,0.2,50.0
2015-01-15,Sodankylä Vuotso,-12.1,0.2,56.0
2015-01-15,Inari Saariselkä matkailukeskus,-12.0,0.1,54.0
2015-01-15,Inari Saariselkä Kaunispää,-13.1,,
2015-01-15,Savukoski Ruuvaoja,,0.2,51.0
2015-01-15,Inari Raja-Jooseppi Kontiojärvi,,0.3,38.0
2015-01-15,Inari Raja-Jooseppi,-12.0,,
2015-01-15,Salla Värriötunturi,-13.5,0.1,48.0
2015-01-15,Enontekiö Kilpisjärvi kyläkeskus,-16.1,0.9,56.0
2015-01-15,Enontekiö Kilpisjärvi Saana,-14.7,,
2015-01-15,Enontekiö Näkkälä,-13.7,0.5,51.0
2015-01-15,Inari Angeli,,0.5,64.0
2015-01-15,Inari Angeli Lintupuoliselkä,-12.4,0.1,48.0
2015-01-15,Inari Ivalo lentoasema,-11.5,,
2015-01-15,Utsjoki Kevo,-11.8,0.3,45.0
2015-01-15,Utsjoki Nuorgam,-10.8,-1.0,41.0
2015-01-15,Utsjoki Leppälä,,1.1,49.0
2015-01-15,Inari Väylä,-11.5,,
2015-01-15,Inari kirkonkylä,,-1.0,53.0
2015-01-15,Inari Kaamanen,-11.7,-1.0,50.0
2015-01-15,Inari Nellim,-10.9,-1.0,39.0
2015-01-15,Inari Kirakkajärvi,-11.3,0.1,45.0
2015-01-15,Muonio Oustajärvi,-12.3,0.9,54.0
2015-01-15,Kajaani Petäisenniska,-1.8,0.1,43.0
2015-01-15,Utsjoki Kevo Kevojärvi,-11.6,,
2015-01-15,Inari Seitalaassa,-10.9,,
2015-01-15,Rovaniemi lentoasema AWOS,-10.2,1.2,54.0
2015-01-15,Jyväskylä lentoasema AWOS,-0.6,3.1,38.0
2015-01-15,Puumala kirkonkylä,-0.6,-1.0,24.0
2015-01-15,Helsinki Vuosaari satama,1.9,,
2015-01-15,Lumparland Långnäs satama,2.3,8.6,2.0
2015-01-15,Tampere Tampella,0.7,,
2015-01-15,Kittilä Lompolonvuoma,-13.2,,
2015-01-15,Kuusamo Ruka Talvijärvi,-10.4,,
2015-01-15,Espoo Nuuksio,-0.1,13.5,27.0
2015-01-15,Mikkeli Lentoasema AWOS,-1.0,1.0,40.0
2015-01-15,Espoo Tapiola,1.9,6.3,11.0
2015-01-16,Jomala Maarianhamina lentoasema,4.6,,
2015-01-16,Parainen Utö,4.5,-1.0,-1.0
2015-01-16,Lemland Nyhamn,4.6,,
2015-01-16,Jomala Jomalaby,4.0,0.2,0.0
2015-01-16,Hammarland Märket,4.5,,
2015-01-16,Kökar Bogskär,4.9,,
2015-01-16,Parainen Fagerholm,4.1,0.2,
2015-01-16,Kumlinge kirkonkylä,4.3,,
2015-01-16,Hanko Russarö,3.5,,
2015-01-16,Kaarina Yltöinen,2.7,3.0,8.0
2015-01-16,Kemiönsaari Vänö,4.0,,
2015-01-16,Hanko Tulliniemi,3.5,,
2015-01-16,Turku Rajakari,3.6,,
2015-01-16,Turku Artukainen,3.4,1.0,9.0
2015-01-16,Kemiönsaari Kemiö,3.2,2.4,10.0
2015-01-16,Hanko Tvärminne,3.2,0.7,4.0
2015-01-16,Salo Kärkkä,3.2,1.9,
2015-01-16,Lohja Leppäkorpi,,1.6,23.0
2015-01-16,Raasepori Jussarö,3.1,,
2015-01-16,Salo Kiikala lentokenttä,2.0,1.4,32.0
2015-01-16,Vantaa Helsinki-Vantaan lentoasema,1.8,3.3,26.0
2015-01-16,Inkoo Bågaskär,2.8,,
2015-01-16,Helsinki Kaisaniemi,2.3,1.5,14.0
2015-01-16,Lohja Porla,2.5,1.1,21.0
2015-01-16,Vihti Maasoja,2.4,,
2015-01-16,Helsinki Harmaja,2.2,,
2015-01-16,Kirkkonummi Mäkiluoto,2.9,,
2015-01-16,Helsinki Helsingin majakka,2.7,,
2015-01-16,Helsinki Kumpula,2.0,1.8,20.0
2015-01-16,Espoo Sepänkylä,2.0,,
2015-01-16,Helsinki Rautatientori,2.1,,
2015-01-16,Porvoo Kalbådagrund,2.5,,
2015-01-16,Porvoo Emäsalo,1.7,,
2015-01-16,Porvoo Harabacka,1.8,3.6,14.0
2015-01-16,Kotka Rankki,1.4,,
2015-01-16,Loviisa Orrengrund,1.8,,
2015-01-16,Kotka Haapasaari,1.8,,
2015-01-16,Pori lentoasema,2.5,,
2015-01-16,Uusikaupunki Itätulli,,-1.0,4.0
2015-01-16,Laitila Haukka,,1.0,6.0
2015-01-16,Kustavi Isokari,3.0,-1.0,
2015-01-16,Rauma Kylmäpihlaja,2.2,,
2015-01-16,Pori rautatieasema,2.6,4.7,10.0
2015-01-16,Turku lentoasema,2.9,,
2015-01-16,Kokemäki Rausenkulma,,2.4,12.0
2015-01-16,Lieto Tammentaka,,1.5,18.0
2015-01-16,Huittinen Sallila,,3.9,17.0
2015-01-16,Köyliö Yttilä,,2.5,9.0
2015-01-16,Oripää Teinikivi,,3.3,19.0
2015-01-16,Pöytyä Yläne,,2.9,23.0
2015-01-16,Kokemäki Tulkkila,2.2,2.9,15.0
2015-01-16,Jokioinen Ilmala,2.1,5.1,22.0
2015-01-16,Nokia Tottijärvi,,2.6,20.0
2015-01-16,Pirkkala Tampere-Pirkkala lentoasema,1.5,,
2015-01-16,Tampere Härmälä,1.6,4.7,19.0
2015-01-16,Somero Salkola,0.7,2.2,33.0
2015-01-16,Hyvinkää Hyvinkäänkylä,1.7,3.0,25.0
2015-01-16,Vihti Hiiskula,,2.4,28.0
2015-01-16,Hausjärvi Lavinto,,0.7,14.0
2015-01-16,Hämeenlinna Pirttikoski,,7.8,37.0
2015-01-16,Nurmijärvi Röykkä,1.5,2.9,24.0
2015-01-16,Hämeenlinna Katinen,1.8,3.1,
2015-01-16,Hattula Lepaa,1.5,2.3,22.0
2015-01-16,Lahti Laune,1.4,2.2,28.0
2015-01-16,Hämeenlinna Lammi Pappila,1.2,3.1,30.0
2015-01-16,Mäntsälä Hirvihaara Kuntomajantie,,2.4,30.0
2015-01-16,Asikkala Urajärvi,,2.5,38.0
2015-01-16,Asikkala Pulkkilanharju,1.4,,
2015-01-16,Hämeenlinna Lammi Evo,0.5,,
2015-01-16,Kouvola Utti lentoasema,0.9,3.6,38.0
2015-01-16,Kouvola Anjala,1.5,4.5,23.0
2015-01-16,Heinola Asemantaus,1.2,2.9,23.0
2015-01-16,Iitti Kausala,,2.5,29.0
2015-01-16,Kouvola Voikoski,,3.9,29.0
2015-01-16,Virolahti Koivuniemi,1.3,5.5,20.0
2015-01-16,Lappeenranta lentoasema,0.7,,
2015-01-16,Lappeenranta Konnunsuo,0.9,,
2015-01-16,Lappeenranta Lepola,0.6,3.1,22.0
2015-01-16,Ruokolahti Kotaniemi,,4.6,35.0
2015-01-16,Lappeenranta Hiekkapakka,0.6,,
2015-01-16,Rautjärvi Simpele Kangaskoski,,3.8,30.0
2015-01-16,Parikkala Koitsanlahti,0.2,,
2015-01-16,Kaskinen Sälgrund,1.5,4.9,
2015-01-16,Merikarvia Tuorila,,3.0,19.0
2015-01-16,Isojoki Kärjenkoski,,6.7,20.0
2015-01-16,Teuva Kauppilankylä,,11.7,18.0
2015-01-16,Pori Tahkoluoto satama,2.2,,
2015-01-16,Karvia Alkkia,0.7,8.7,30.0
2015-01-16,Pori Lavia,,6.4,12.0
2015-01-16,Ikaalinen Vehuvarpee,,8.9,25.0
2015-01-16,Kauhajoki kaupunki,,9.8,29.0
2015-01-16,Kurikka Hirvijärvi,,5.8,24.0
2015-01-16,Kauhajoki Kuja-Kokko,1.5,9.5,11.0
2015-01-16,Kankaanpää Niinisalo lentokenttä,1.1,10.8,32.0
2015-01-16,Alavus Sulkavankylä,,2.5,23.0
2015-01-16,Virrat Äijänneva,0.9,,
2015-01-16,Tampere Siilinkari,1.7,,
2015-01-16,Jämsä Halli lentoasema,0.9,5.1,32.0
2015-01-16,Juupajoki Hyytiälä,0.8,4.2,41.0
2015-01-16,Sysmä Joutsjärvi,,2.0,24.0
2015-01-16,Luhanka Tammijärvi,,4.5,35.0
2015-01-16,Jyväskylä Muuratjärvi,,3.3,39.0
2015-01-16,Luhanka Judinsalo,1.1,,
2015-01-16,Multia Pirttiperä,,4.7,48.0
2015-01-16,Joutsa Savenaho,0.1,5.7,40.0
2015-01-16,Kangasniemi kirkonkylä,,7.0,54.0
2015-01-16,Joutsa Pärnämäki,,4.1,43.0
2015-01-16,Mikkeli Pitkähiekka,,3.7,32.0
2015-01-16,Juva Partala,0.4,,
2015-01-16,Joroinen Varkaus lentoasema,0.4,,
2015-01-16,Varkaus Kosulanniemi,0.3,5.6,36.0
2015-01-16,Savonlinna Laukansaari,,2.7,25.0
2015-01-16,Sulkava Halttula,,4.8,38.0
2015-01-16,Savonlinna lentoasema,0.3,,
2015-01-16,Rantasalmi Rukkasluoto,0.3,,
2015-01-16,Savonlinna Punkaharju Laukansaari,0.2,2.3,27.0
2015-01-16,Enonkoski Simanala,,4.5,39.0
2015-01-16,Savonlinna Savonranta,,5.4,33.0
2015-01-16,Rääkkylä kirkonkylä,,3.8,40.0
2015-01-16,Tohmajärvi Kemie,0.0,4.0,52.0
2015-01-16,Joensuu Huhtilampi,,6.1,54.0
2015-01-16,Vaasa lentoasema,1.6,,
2015-01-16,Mustasaari Valassaaret,1.2,,
2015-01-16,Närpiö Ylimarkku,,6.4,4.0
2015-01-16,Mustasaari Riimala,,4.6,21.0
2015-01-16,Kurikka Pyörni,,6.6,24.0
2015-01-16,Korsnäs Bredskäret,2.0,,
2015-01-16,Maalahti Strömmingsbådan,1.8,,
2015-01-16,Vaasa Klemettilä,1.7,2.9,13.0
2015-01-16,Seinäjoki Pelmaa,1.4,3.5,24.0
2015-01-16,Kauhava lentokenttä,1.1,5.0,34.0
2015-01-16,Ähtäri Inha,0.2,4.7,39.0
2015-01-16,Halsua Purola,0.1,4.5,45.0
2015-01-16,Alajärvi Möksy,-0.1,5.0,38.0
2015-01-16,Multia Karhila,-0.4,3.6,39.0
2015-01-16,Viitasaari Haapaniemi,-0.4,2.4,34.0
2015-01-16,Äänekoski Kalaniemi,,4.6,42.0
2015-01-16,Viitasaari Kärnä,,3.8,49.0
2015-01-16,Vesanto kirkonkylä,-0.2,4.5,46.0
2015-01-16,Pielavesi Venetmäki,,7.2,55.0
2015-01-16,Siilinjärvi Kuopio lentoasema,-0.1,,
2015-01-16,Kuopio Maaninka,-0.2,6.2,44.0
2015-01-16,Lapinlahti Lamminkäyrä,,6.7,38.0
2015-01-16,Suonenjoki Iisvesi,,4.4,56.0
2015-01-16,Kuopio Karttula,,2.8,47.0
2015-01-16,Kuopio Ritoniemi,0.1,,
2015-01-16,Kuopio Savilahti,-0.1,5.6,43.0
2015-01-16,Heinävesi Palokki,,5.4,42.0
2015-01-16,Outokumpu Viuruniemi,,5.2,39.0
2015-01-16,Rautavaara Ala-Luosta,,7.5,36.0
2015-01-16,Rautavaara Ylä-Luosta,-1.1,13.1,45.0
2015-01-16,Liperi Joensuu lentoasema,-0.5,,
2015-01-16,Juuka Niemelä,-0.8,8.3,38.0
2015-01-16,Joensuu Pyhäselkä,,3.6,43.0
2015-01-16,Lieksa Koli,,10.8,49.0
2015-01-16,Liperi Tuiskavanluoto,-0.1,,
2015-01-16,Joensuu Linnunlahti,-0.3,6.3,41.0
2015-01-16,Lieksa Lampela,-0.4,3.0,33.0
2015-01-16,Ilomantsi Naarva,,12.3,56.0
2015-01-16,Ilomantsi Pötsönvaara,-1.7,10.6,58.0
2015-01-16,Ilomantsi Mekrijärvi,-1.2,4.1,
2015-01-16,Pietarsaari Kallan,1.2,,
2015-01-16,Kokkola Tankar,0.7,,
2015-01-16,Kruunupyy Kokkola-Pietarsaari lentoasema,0.6,,
2015-01-16,Kaustinen Tastula,,2.8,40.0
2015-01-16,Kalajoki Ulkokalla,0.4,,
2015-01-16,Kokkola Santahaka,0.8,5.6,26.0
2015-01-16,Toholampi Oravala,,4.7,37.0
2015-01-16,Kalajoki Pitkäsenkylä,,4.8,50.0
2015-01-16,Kalajoki Mehtäkylä,,5.6,32.0
2015-01-16,Toholampi Laitala,0.4,,
2015-01-16,Ylivieska lentokenttä,-0.1,3.0,31.0
2015-01-16,Ylivieska Vähäkangas,,5.0,35.0
2015-01-16,Haapavesi Mustikkamäki,-0.6,4.8,36.0
2015-01-16,Kärsämäki Venetpalo,,5.1,37.0
2015-01-16,Pyhäjärvi Ojakylä,-0.5,4.5,
2015-01-16,Pyhäjärvi Hiidenniemi,,6.4,39.0
2015-01-16,Kiuruvesi Korpijoki,,3.6,31.0
2015-01-16,Siikalatva Kestilä,,6.3,37.0
2015-01-16,Kajaani Saaresmäki,,10.0,56.0
2015-01-16,Kajaani lentoasema,-0.8,,
2015-01-16,Vieremä Kaarakkala,-1.3,11.9,55.0
2015-01-16,Kajaani Paltaniemi,,7.5,26.0
2015-01-16,Nurmes Valtimo,-0.9,11.1,35.0
2015-01-16,Sotkamo Saviaho,,14.9,49.0
2015-01-16,Ristijärvi Mustavaara,,13.0,65.0
2015-01-16,Sotkamo Kuolaniemi,-1.2,8.0,39.0
2015-01-16,Nurmes Mujejärvi,,14.4,54.0
2015-01-16,Kuhmo Apaja,,11.2,60.0
2015-01-16,Kuhmo Kalliojoki,-1.6,8.5,52.0
2015-01-16,Raahe Nahkiainen,0.4,,
2015-01-16,Hailuoto Keskikylä,0.0,4.5,33.0
2015-01-16,Kemi I majakka,0.0,,
2015-01-16,Hailuoto Marjaniemi,0.1,,
2015-01-16,Raahe Lapaluoto satama,0.7,,
2015-01-16,Oulu lentoasema,-0.2,,
2015-01-16,Siikajoki Ruukki,-0.1,6.3,35.0
2015-01-16,Tyrnävä Temmes,,7.4,34.0
2015-01-16,Oulu Vihreäsaari satama,-0.2,,
2015-01-16,Oulu Oulunsalo Pellonpää,-0.2,6.3,39.0
2015-01-16,Vaala Pelso,-0.6,3.6,22.0
2015-01-16,Pudasjärvi lentokenttä,-1.3,6.1,54.0
2015-01-16,Utajärvi Särkijärvi,,13.6,40.0
2015-01-16,Pudasjärvi Jaurakkajärvi,,12.6,54.0
2015-01-16,Suomussalmi Näljänkä,,8.7,66.0
2015-01-16,Suomussalmi Pesiö,-2.3,10.8,62.0
2015-01-16,Puolanka Kotila,,14.6,59.0
2015-01-16,Puolanka Paljakka,-2.7,19.3,71.0
2015-01-16,Kemi Kemi-Tornio lentoasema,-0.6,,
2015-01-16,Kemi Ajos,-0.5,,
2015-01-16,Tornio Aapajärvi,,7.5,59.0
2015-01-16,Tornio Kaakkuri,-0.4,9.0,36.0
2015-01-16,Ranua lentokenttä,-2.0,8.0,59.0
2015-01-16,Pudasjärvi Sarakylä,,8.3,51.0
2015-01-16,Posio Raistakka,,7.0,62.0
2015-01-16,Taivalkoski Inkee,,6.8,60.0
2015-01-16,Taivalkoski kirkonkylä,-2.2,8.4,63.0
2015-01-16,Kuusamo lentoasema,-3.3,,
2015-01-16,Kuusamo Kiutaköngäs,-4.2,3.6,49.0
2015-01-16,Kuusamo Toranginaho,,6.1,64.0
2015-01-16,Kuusamo Rukatunturi,-4.8,,
2015-01-16,Kuusamo Teeriranta,,5.8,65.0
2015-01-16,Ylitornio Meltosjärvi,-1.7,1.8,44.0
2015-01-16,Pello Konttajärvi,,1.5,58.0
2015-01-16,Kolari Kattilamaa,,3.3,55.0
2015-01-16,Pello kirkonkylä,-1.8,1.6,50.0
2015-01-16,Kittilä Alakylä,,3.5,59.0
2015-01-16,Rovaniemi rautatieasema,-1.7,,
2015-01-16,Sodankylä Tähtelä,-4.0,2.4,52.0
2015-01-16,Rovaniemi Apukka,-2.1,3.9,43.0
2015-01-16,Pelkosenniemi kirkonkylä,,3.5,48.0
2015-01-16,Kemijärvi lentokenttä,-3.1,6.3,55.0
2015-01-16,Savukoski kirkonkylä,-5.0,5.9,51.0
2015-01-16,Salla Kelloselkä,,5.0,37.0
2015-01-16,Pelkosenniemi Pyhätunturi,-5.5,,
2015-01-16,Salla kirkonkylä,-4.1,6.1,37.0
2015-01-16,Salla Naruska,-5.8,5.8,52.0
2015-01-16,Enontekiö Kaaresuvanto,,3.8,52.0
2015-01-16,Muonio Alamuonio,-4.7,,52.0
2015-01-16,Enontekiö Hetta,,6.5,57.0
2015-01-16,Kittilä Pulju,,8.0,61.0
2015-01-16,Kittilä Levitunturi,-6.0,,
2015-01-16,Muonio Laukukero,-8.7,,
2015-01-16,Muonio Sammaltunturi,-6.4,,
2015-01-16,Kittilä Matorova,-5.9,,
2015-01-16,Kittilä lentoasema,-4.1,,
2015-01-16,Kittilä Kenttärova,-6.0,9.5,67.0
2015-01-16,Kittilä Pakatti,-3.9,3.9,59.0
2015-01-16,Kittilä Pokka,-5.5,5.8,64.0
2015-01-16,Sodankylä Lokka,-5.2,3.0,50.0
2015-01-16,Sodankylä Vuotso,-5.6,3.9,55.0
2015-01-16,Inari Saariselkä matkailukeskus,-5.9,1.9,55.0
2015-01-16,Inari Saariselkä Kaunispää,-7.0,,
2015-01-16,Savukoski Ruuvaoja,,2.3,51.0
2015-01-16,Inari Raja-Jooseppi Kontiojärvi,,1.4,38.0
2015-01-16,Inari Raja-Jooseppi,-6.5,,
2015-01-16,Salla Värriötunturi,-6.6,3.0,48.0
2015-01-16,Enontekiö Kilpisjärvi kyläkeskus,-9.7,2.6,56.0
2015-01-16,Enontekiö Kilpisjärvi Saana,-10.9,,
2015-01-16,Enontekiö Näkkälä,-6.5,2.4,56.0
2015-01-16,Inari Angeli,,2.0,65.0
2015-01-16,Inari Angeli Lintupuoliselkä,-7.0,3.9,50.0
2015-01-16,Inari Ivalo lentoasema,-5.9,,
2015-01-16,Utsjoki Kevo,-8.0,2.5,45.0
2015-01-16,Utsjoki Nuorgam,-6.9,2.5,40.0
2015-01-16,Utsjoki Leppälä,,2.1,50.0
2015-01-16,Inari Väylä,-6.9,,
2015-01-16,Inari kirkonkylä,,1.5,53.0
2015-01-16,Inari Kaamanen,-7.3,4.2,49.0
2015-01-16,Inari Nellim,-6.2,1.2,37.0
2015-01-16,Inari Kirakkajärvi,-7.1,2.4,42.0
2015-01-16,Muonio Oustajärvi,-3.8,7.3,58.0
2015-01-16,Kajaani Petäisenniska,-1.0,4.1,41.0
2015-01-16,Utsjoki Kevo Kevojärvi,-7.9,,
2015-01-16,Inari Seitalaassa,-6.5,,
2015-01-16,Rovaniemi lentoasema AWOS,-2.9,4.8,52.0
2015-01-16,Jyväskylä lentoasema AWOS,0.2,5.2,39.0
2015-01-16,Puumala kirkonkylä,0.5,2.6,23.0
2015-01-16,Helsinki Vuosaari satama,2.1,,
2015-01-16,Lumparland Långnäs satama,4.3,-1.0,-1.0
2015-01-16,Tampere Tampella,1.8,,
2015-01-16,Kittilä Lompolonvuoma,-5.9,,
2015-01-16,Kuusamo Ruka Talvijärvi,-3.4,,
2015-01-16,Espoo Nuuksio,1.2,2.6,41.0
2015-01-16,Mikkeli Lentoasema AWOS,0.4,6.1,40.0
2015-01-16,Espoo Tapiola,2.4,3.0,15.0
2015-01-17,Jomala Maarianhamina lentoasema,3.5,,
2015-01-17,Parainen Utö,3.9,0.1,-1.0
2015-01-17,Lemland Nyhamn,3.7,,
2015-01-17,Jomala Jomalaby,2.8,0.4,-1.0
2015-01-17,Hammarland Märket,3.2,,
2015-01-17,Kökar Bogskär,4.1,,
2015-01-17,Parainen Fagerholm,3.8,0.9,
2015-01-17,Kumlinge kirkonkylä,3.0,,
2015-01-17,Hanko Russarö,3.8,,
2015-01-17,Kaarina Yltöinen,3.0,0.4,3.0
2015-01-17,Kemiönsaari Vänö,3.9,,
2015-01-17,Hanko Tulliniemi,3.6,,
2015-01-17,Turku Rajakari,3.5,,
2015-01-17,Turku Artukainen,3.3,0.6,3.0
2015-01-17,Kemiönsaari Kemiö,3.4,1.9,2.0
2015-01-17,Hanko Tvärminne,3.4,1.8,-1.0
2015-01-17,Salo Kärkkä,3.3,0.6,
2015-01-17,Lohja Leppäkorpi,,1.6,9.0
2015-01-17,Raasepori Jussarö,3.5,,
2015-01-17,Salo Kiikala lentokenttä,2.2,0.7,14.0
2015-01-17,Vantaa Helsinki-Vantaan lentoasema,2.5,2.2,8.0
2015-01-17,Inkoo Bågaskär,2.9,,
2015-01-17,Helsinki Kaisaniemi,2.8,1.1,6.0
2015-01-17,Lohja Porla,3.0,2.0,12.0
2015-01-17,Vihti Maasoja,2.9,,
2015-01-17,Helsinki Harmaja,2.7,,
2015-01-17,Kirkkonummi Mäkiluoto,3.3,,
2015-01-17,Helsinki Helsingin majakka,3.2,,
2015-01-17,Helsinki Kumpula,2.5,1.7,10.0
2015-01-17,Espoo Sepänkylä,2.7,,
2015-01-17,Helsinki Rautatientori,2.6,,
2015-01-17,Porvoo Kalbådagrund,3.1,,
2015-01-17,Porvoo Emäsalo,2.3,,
2015-01-17,Porvoo Harabacka,2.8,1.5,5.0
2015-01-17,Kotka Rankki,2.2,,
2015-01-17,Loviisa Orrengrund,2.4,,
2015-01-17,Kotka Haapasaari,2.6,,
2015-01-17,Pori lentoasema,2.6,,
2015-01-17,Uusikaupunki Itätulli,,0.2,-1.0
2015-01-17,Laitila Haukka,,0.3,0.0
2015-01-17,Kustavi Isokari,2.6,-1.0,
2015-01-17,Rauma Kylmäpihlaja,2.5,,
2015-01-17,Pori rautatieasema,2.7,1.8,5.0
2015-01-17,Turku lentoasema,2.9,,
2015-01-17,Kokemäki Rausenkulma,,1.1,9.0
2015-01-17,Lieto Tammentaka,,0.5,11.0
2015-01-17,Huittinen Sallila,,0.8,10.0
2015-01-17,Köyliö Yttilä,,1.0,6.0
2015-01-17,Oripää Teinikivi,,-1.0,14.0
2015-01-17,Pöytyä Yläne,,0.6,15.0
2015-01-17,Kokemäki Tulkkila,2.1,0.8,11.0
2015-01-17,Jokioinen Ilmala,2.3,0.6,11.0
2015-01-17,Nokia Tottijärvi,,0.3,12.0
2015-01-17,Pirkkala Tampere-Pirkkala lentoasema,1.6,,
2015-01-17,Tampere Härmälä,1.8,0.3,14.0
2015-01-17,Somero Salkola,1.1,0.7,27.0
2015-01-17,Hyvinkää Hyvinkäänkylä,2.4,1.5,17.0
2015-01-17,Vihti Hiiskula,,1.4,19.0
2015-01-17,Hausjärvi Lavinto,,0.5,8.0
2015-01-17,Hämeenlinna Pirttikoski,,-1.0,34.0
2015-01-17,Nurmijärvi Röykkä,2.2,3.5,17.0
2015-01-17,Hämeenlinna Katinen,2.4,0.7,
2015-01-17,Hattula Lepaa,1.7,0.3,19.0
2015-01-17,Lahti Laune,2.0,0.3,20.0
2015-01-17,Hämeenlinna Lammi Pappila,1.7,1.1,21.0
2015-01-17,Mäntsälä Hirvihaara Kuntomajantie,,3.5,15.0
2015-01-17,Asikkala Urajärvi,,0.9,35.0
2015-01-17,Asikkala Pulkkilanharju,2.3,,
2015-01-17,Hämeenlinna Lammi Evo,1.1,,
2015-01-17,Kouvola Utti lentoasema,2.1,1.9,34.0
2015-01-17,Kouvola Anjala,2.9,0.9,14.0
2015-01-17,Heinola Asemantaus,2.2,1.4,18.0
2015-01-17,Iitti Kausala,,5.7,29.0
2015-01-17,Kouvola Voikoski,,1.6,20.0
2015-01-17,Virolahti Koivuniemi,2.4,1.9,14.0
2015-01-17,Lappeenranta lentoasema,2.2,,
2015-01-17,Lappeenranta Konnunsuo,2.3,,
2015-01-17,Lappeenranta Lepola,2.1,0.5,20.0
2015-01-17,Ruokolahti Kotaniemi,,3.0,25.0
2015-01-17,Lappeenranta Hiekkapakka,1.9,,
2015-01-17,Rautjärvi Simpele Kangaskoski,,2.2,24.0
2015-01-17,Parikkala Koitsanlahti,2.3,,
2015-01-17,Kaskinen Sälgrund,2.1,1.6,
2015-01-17,Merikarvia Tuorila,,1.2,12.0
2015-01-17,Isojoki Kärjenkoski,,2.3,12.0
2015-01-17,Teuva Kauppilankylä,,2.0,12.0
2015-01-17,Pori Tahkoluoto satama,2.6,,
2015-01-17,Karvia Alkkia,1.1,1.9,24.0
2015-01-17,Pori Lavia,,0.7,5.0
2015-01-17,Ikaalinen Vehuvarpee,,1.2,18.0
2015-01-17,Kauhajoki kaupunki,,1.1,15.0
2015-01-17,Kurikka Hirvijärvi,,0.9,15.0
2015-01-17,Kauhajoki Kuja-Kokko,1.9,1.2,5.0
2015-01-17,Kankaanpää Niinisalo lentokenttä,1.5,2.1,22.0
2015-01-17,Alavus Sulkavankylä,,0.4,18.0
2015-01-17,Virrat Äijänneva,1.6,,
2015-01-17,Tampere Siilinkari,2.0,,
2015-01-17,Jämsä Halli lentoasema,1.6,0.7,24.0
2015-01-17,Juupajoki Hyytiälä,1.3,0.3,34.0
2015-01-17,Sysmä Joutsjärvi,,0.3,19.0
2015-01-17,Luhanka Tammijärvi,,0.5,31.0
2015-01-17,Jyväskylä Muuratjärvi,,0.0,33.0
2015-01-17,Luhanka Judinsalo,2.0,,
2015-01-17,Multia Pirttiperä,,0.6,39.0
2015-01-17,Joutsa Savenaho,1.2,0.4,37.0
2015-01-17,Kangasniemi kirkonkylä,,0.6,45.0
2015-01-17,Joutsa Pärnämäki,,0.2,35.0
2015-01-17,Mikkeli Pitkähiekka,,-1.0,28.0
2015-01-17,Juva Partala,1.9,,
2015-01-17,Joroinen Varkaus lentoasema,2.2,,
2015-01-17,Varkaus Kosulanniemi,2.2,0.1,32.0
2015-01-17,Savonlinna Laukansaari,,0.8,17.0
2015-01-17,Sulkava Halttula,,-1.0,26.0
2015-01-17,Savonlinna lentoasema,2.3,,
2015-01-17,Rantasalmi Rukkasluoto,2.0,,
2015-01-17,Savonlinna Punkaharju Laukansaari,2.4,0.8,24.0
2015-01-17,Enonkoski Simanala,,0.4,33.0
2015-01-17,Savonlinna Savonranta,,0.2,22.0
2015-01-17,Rääkkylä kirkonkylä,,0.0,34.0
2015-01-17,Tohmajärvi Kemie,2.1,1.8,40.0
2015-01-17,Joensuu Huhtilampi,,0.1,50.0
2015-01-17,Vaasa lentoasema,2.2,,
2015-01-17,Mustasaari Valassaaret,1.8,,
2015-01-17,Närpiö Ylimarkku,,0.0,-1.0
2015-01-17,Mustasaari Riimala,,1.3,15.0
2015-01-17,Kurikka Pyörni,,1.0,20.0
2015-01-17,Korsnäs Bredskäret,1.9,,
2015-01-17,Maalahti Strömmingsbådan,2.4,,
2015-01-17,Vaasa Klemettilä,2.4,0.4,5.0
2015-01-17,Seinäjoki Pelmaa,2.1,0.2,20.0
2015-01-17,Kauhava lentokenttä,2.0,0.1,26.0
2015-01-17,Ähtäri Inha,1.1,1.1,34.0
2015-01-17,Halsua Purola,1.0,3.0,40.0
2015-01-17,Alajärvi Möksy,0.9,1.0,35.0
2015-01-17,Multia Karhila,0.5,0.5,37.0
2015-01-17,Viitasaari Haapaniemi,1.1,0.9,32.0
2015-01-17,Äänekoski Kalaniemi,,0.3,34.0
2015-01-17,Viitasaari Kärnä,,1.8,47.0
2015-01-17,Vesanto kirkonkylä,1.4,0.7,42.0
2015-01-17,Pielavesi Venetmäki,,1.6,55.0
2015-01-17,Siilinjärvi Kuopio lentoasema,1.7,,
2015-01-17,Kuopio Maaninka,1.5,-1.0,41.0
2015-01-17,Lapinlahti Lamminkäyrä,,0.5,32.0
2015-01-17,Suonenjoki Iisvesi,,0.9,53.0
2015-01-17,Kuopio Karttula,,0.3,41.0
2015-01-17,Kuopio Ritoniemi,1.8,,
2015-01-17,Kuopio Savilahti,1.5,-1.0,40.0
2015-01-17,Heinävesi Palokki,,0.1,38.0
2015-01-17,Outokumpu Viuruniemi,,0.1,33.0
2015-01-17,Rautavaara Ala-Luosta,,0.2,32.0
2015-01-17,Rautavaara Ylä-Luosta,0.8,0.1,49.0
2015-01-17,Liperi Joensuu lentoasema,1.7,,
2015-01-17,Juuka Niemelä,1.5,0.0,38.0
2015-01-17,Joensuu Pyhäselkä,,-1.0,35.0
2015-01-17,Lieksa Koli,,0.3,51.0
2015-01-17,Liperi Tuiskavanluoto,1.7,,
2015-01-17,Joensuu Linnunlahti,1.5,0.1,41.0
2015-01-17,Lieksa Lampela,1.8,-1.0,30.0
2015-01-17,Ilomantsi Naarva,,0.0,62.0
2015-01-17,Ilomantsi Pötsönvaara,0.6,0.3,65.0
2015-01-17,Ilomantsi Mekrijärvi,0.8,0.3,
2015-01-17,Pietarsaari Kallan,1.6,,
2015-01-17,Kokkola Tankar,1.6,,
2015-01-17,Kruunupyy Kokkola-Pietarsaari lentoasema,1.5,,
2015-01-17,Kaustinen Tastula,,0.9,33.0
2015-01-17,Kalajoki Ulkokalla,1.0,,
2015-01-17,Kokkola Santahaka,1.7,1.7,20.0
2015-01-17,Toholampi Oravala,,1.7,27.0
2015-01-17,Kalajoki Pitkäsenkylä,,1.2,40.0
2015-01-17,Kalajoki Mehtäkylä,,1.1,30.0
2015-01-17,Toholampi Laitala,1.3,,
2015-01-17,Ylivieska lentokenttä,1.3,0.4,30.0
2015-01-17,Ylivieska Vähäkangas,,1.1,30.0
2015-01-17,Haapavesi Mustikkamäki,0.7,1.6,32.0
2015-01-17,Kärsämäki Venetpalo,,1.7,31.0
2015-01-17,Pyhäjärvi Ojakylä,0.7,1.8,39.0
2015-01-17,Pyhäjärvi Hiidenniemi,,2.3,35.0
2015-01-17,Kiuruvesi Korpijoki,,1.8,30.0
2015-01-17,Siikalatva Kestilä,,4.1,35.0
2015-01-17,Kajaani Saaresmäki,,4.3,56.0
2015-01-17,Kajaani lentoasema,0.8,,
2015-01-17,Vieremä Kaarakkala,0.2,5.8,58.0
2015-01-17,Kajaani Paltaniemi,,3.9,23.0
2015-01-17,Nurmes Valtimo,1.2,0.1,33.0
2015-01-17,Sotkamo Saviaho,,1.8,52.0
2015-01-17,Ristijärvi Mustavaara,,3.9,77.0
2015-01-17,Sotkamo Kuolaniemi,0.6,2.3,39.0
2015-01-17,Nurmes Mujejärvi,,2.0,62.0
2015-01-17,Kuhmo Apaja,,1.9,64.0
2015-01-17,Kuhmo Kalliojoki,0.3,2.3,54.0
2015-01-17,Raahe Nahkiainen,0.8,,
2015-01-17,Hailuoto Keskikylä,0.8,0.5,31.0
2015-01-17,Kemi I majakka,0.4,,
2015-01-17,Hailuoto Marjaniemi,0.5,,
2015-01-17,Raahe Lapaluoto satama,0.9,,
2015-01-17,Oulu lentoasema,0.8,,
2015-01-17,Siikajoki Ruukki,0.8,6.7,35.0
2015-01-17,Tyrnävä Temmes,,5.4,33.0
2015-01-17,Oulu Vihreäsaari satama,0.7,,
2015-01-17,Oulu Oulunsalo Pellonpää,0.7,4.0,40.0
2015-01-17,Vaala Pelso,0.8,2.4,21.0
2015-01-17,Pudasjärvi lentokenttä,0.3,4.4,57.0
2015-01-17,Utajärvi Särkijärvi,,11.0,45.0
2015-01-17,Pudasjärvi Jaurakkajärvi,,7.7,55.0
2015-01-17,Suomussalmi Näljänkä,,10.9,70.0
2015-01-17,Suomussalmi Pesiö,-0.1,6.8,70.0
2015-01-17,Puolanka Kotila,,9.2,71.0
2015-01-17,Puolanka Paljakka,-0.9,11.9,86.0
2015-01-17,Kemi Kemi-Tornio lentoasema,-0.1,,
2015-01-17,Kemi Ajos,0.0,,
2015-01-17,Tornio Aapajärvi,,-1.0,62.0
2015-01-17,Tornio Kaakkuri,-0.4,-1.0,36.0
2015-01-17,Ranua lentokenttä,-0.2,3.3,65.0
2015-01-17,Pudasjärvi Sarakylä,,10.4,58.0
2015-01-17,Posio Raistakka,,8.5,66.0
2015-01-17,Taivalkoski Inkee,,7.5,64.0
2015-01-17,Taivalkoski kirkonkylä,0.1,7.6,68.0
2015-01-17,Kuusamo lentoasema,-0.6,,
2015-01-17,Kuusamo Kiutaköngäs,-1.1,4.7,50.0
2015-01-17,Kuusamo Toranginaho,,7.9,66.0
2015-01-17,Kuusamo Rukatunturi,-2.0,,
2015-01-17,Kuusamo Teeriranta,,8.5,68.0
2015-01-17,Ylitornio Meltosjärvi,-2.1,1.1,43.0
2015-01-17,Pello Konttajärvi,,1.7,69.0
2015-01-17,Kolari Kattilamaa,,2.0,56.0
2015-01-17,Pello kirkonkylä,-2.0,0.6,50.0
2015-01-17,Kittilä Alakylä,,2.3,60.0
2015-01-17,Rovaniemi rautatieasema,-1.2,,
2015-01-17,Sodankylä Tähtelä,-2.0,6.5,55.0
2015-01-17,Rovaniemi Apukka,-1.3,2.5,46.0
2015-01-17,Pelkosenniemi kirkonkylä,,3.0,56.0
2015-01-17,Kemijärvi lentokenttä,-1.8,4.1,59.0
2015-01-17,Savukoski kirkonkylä,-2.8,4.4,55.0
2015-01-17,Salla Kelloselkä,,4.2,42.0
2015-01-17,Pelkosenniemi Pyhätunturi,-3.3,,
2015-01-17,Salla kirkonkylä,-1.5,4.8,45.0
2015-01-17,Salla Naruska,-2.7,3.9,57.0
2015-01-17,Enontekiö Kaaresuvanto,,2.2,55.0
2015-01-17,Muonio Alamuonio,-3.3,,57.0
2015-01-17,Enontekiö Hetta,,5.5,60.0
2015-01-17,Kittilä Pulju,,8.3,69.0
2015-01-17,Kittilä Levitunturi,-4.0,,
2015-01-17,Muonio Laukukero,-6.1,,
2015-01-17,Muonio Sammaltunturi,-4.6,,
2015-01-17,Kittilä Matorova,-3.9,,
2015-01-17,Kittilä lentoasema,-2.1,,
2015-01-17,Kittilä Kenttärova,-3.9,8.6,72.0
2015-01-17,Kittilä Pakatti,-1.9,2.0,61.0
2015-01-17,Kittilä Pokka,-3.7,12.0,67.0
2015-01-17,Sodankylä Lokka,-2.9,4.2,52.0
2015-01-17,Sodankylä Vuotso,-3.6,4.4,58.0
2015-01-17,Inari Saariselkä matkailukeskus,-5.0,1.9,54.0
2015-01-17,Inari Saariselkä Kaunispää,-5.9,,
2015-01-17,Savukoski Ruuvaoja,,3.4,53.0
2015-01-17,Inari Raja-Jooseppi Kontiojärvi,,1.4,39.0
2015-01-17,Inari Raja-Jooseppi,-5.1,,
2015-01-17,Salla Värriötunturi,-4.7,0.4,49.0
2015-01-17,Enontekiö Kilpisjärvi kyläkeskus,-5.2,0.3,60.0
2015-01-17,Enontekiö Kilpisjärvi Saana,-8.3,,
2015-01-17,Enontekiö Näkkälä,-4.8,4.7,60.0
2015-01-17,Inari Angeli,,5.3,67.0
2015-01-17,Inari Angeli Lintupuoliselkä,-5.7,4.6,53.0
2015-01-17,Inari Ivalo lentoasema,-5.4,,
2015-01-17,Utsjoki Kevo,-7.5,0.4,48.0
2015-01-17,Utsjoki Nuorgam,-8.0,0.9,42.0
2015-01-17,Utsjoki Leppälä,,0.4,52.0
2015-01-17,Inari Väylä,-6.4,,
2015-01-17,Inari kirkonkylä,,1.7,55.0
2015-01-17,Inari Kaamanen,-6.3,0.7,52.0
2015-01-17,Inari Nellim,-6.8,0.2,40.0
2015-01-17,Inari Kirakkajärvi,-11.7,1.5,46.0
2015-01-17,Muonio Oustajärvi,-3.2,5.5,66.0
2015-01-17,Kajaani Petäisenniska,0.6,1.1,42.0
2015-01-17,Utsjoki Kevo Kevojärvi,-7.6,,
2015-01-17,Inari Seitalaassa,-6.7,,
2015-01-17,Rovaniemi lentoasema AWOS,-1.9,2.4,54.0
2015-01-17,Jyväskylä lentoasema AWOS,1.6,0.2,33.0
2015-01-17,Puumala kirkonkylä,2.2,1.6,15.0
2015-01-17,Helsinki Vuosaari satama,2.8,,
2015-01-17,Lumparland Långnäs satama,3.0,0.5,-1.0
2015-01-17,Tampere Tampella,2.1,,
2015-01-17,Kittilä Lompolonvuoma,-3.7,,
2015-01-17,Kuusamo Ruka Talvijärvi,-0.7,,
2015-01-17,Espoo Nuuksio,1.5,2.2,31.0
2015-01-17,Mikkeli Lentoasema AWOS,1.6,0.4,40.0
2015-01-17,Espoo Tapiola,3.1,2.6,7.0
2015-01-18,Jomala Maarianhamina lentoasema,2.4,,
2015-01-18,Parainen Utö,3.4,3.8,-1.0
2015-01-18,Lemland Nyhamn,3.1,,
2015-01-18,Jomala Jomalaby,1.4,-1.0,-1.0
2015-01-18,Hammarland Märket,1.9,,
2015-01-18,Kökar Bogskär,3.4,,
2015-01-18,Parainen Fagerholm,2.4,0.3,
2015-01-18,Kumlinge kirkonkylä,1.8,,
2015-01-18,Hanko Russarö,3.0,,
2015-01-18,Kaarina Yltöinen,1.6,-1.0,3.0
2015-01-18,Kemiönsaari Vänö,3.0,,
2015-01-18,Hanko Tulliniemi,2.8,,
2015-01-18,Turku Rajakari,2.0,,
2015-01-18,Turku Artukainen,1.8,-1.0,0.0
2015-01-18,Kemiönsaari Kemiö,2.1,-1.0,-1.0
2015-01-18,Hanko Tvärminne,2.8,1.1,-1.0
2015-01-18,Salo Kärkkä,1.5,-1.0,
2015-01-18,Lohja Leppäkorpi,,0.0,9.0
2015-01-18,Raasepori Jussarö,2.6,,
2015-01-18,Salo Kiikala lentokenttä,0.8,0.1,12.0
2015-01-18,Vantaa Helsinki-Vantaan lentoasema,1.5,0.1,5.0
2015-01-18,Inkoo Bågaskär,2.1,,
2015-01-18,Helsinki Kaisaniemi,2.3,-1.0,3.0
2015-01-18,Lohja Porla,1.6,-1.0,10.0
2015-01-18,Vihti Maasoja,1.5,,
2015-01-18,Helsinki Harmaja,1.9,,
2015-01-18,Kirkkonummi Mäkiluoto,2.5,,
2015-01-18,Helsinki Helsingin majakka,2.7,,
2015-01-18,Helsinki Kumpula,1.9,-1.0,6.0
2015-01-18,Espoo Sepänkylä,1.6,,
2015-01-18,Helsinki Rautatientori,2.1,,
2015-01-18,Porvoo Kalbådagrund,2.7,,
2015-01-18,Porvoo Emäsalo,1.7,,
2015-01-18,Porvoo Harabacka,1.6,-1.0,2.0
2015-01-18,Kotka Rankki,1.3,,
2015-01-18,Loviisa Orrengrund,1.7,,
2015-01-18,Kotka Haapasaari,1.8,,
2015-01-18,Pori lentoasema,0.9,,
2015-01-18,Uusikaupunki Itätulli,,-1.0,-1.0
2015-01-18,Laitila Haukka,,-1.0,0.0
2015-01-18,Kustavi Isokari,2.2,-1.0,
2015-01-18,Rauma Kylmäpihlaja,1.6,,
2015-01-18,Pori rautatieasema,1.0,0.6,5.0
2015-01-18,Turku lentoasema,1.0,,
2015-01-18,Kokemäki Rausenkulma,,0.8,8.0
2015-01-18,Lieto Tammentaka,,-1.0,9.0
2015-01-18,Huittinen Sallila,,0.5,9.0
2015-01-18,Köyliö Yttilä,,-1.0,5.0
2015-01-18,Oripää Teinikivi,,0.0,14.0
2015-01-18,Pöytyä Yläne,,0.0,14.0
2015-01-18,Kokemäki Tulkkila,1.0,0.2,11.0
2015-01-18,Jokioinen Ilmala,0.8,1.4,11.0
2015-01-18,Nokia Tottijärvi,,2.3,11.0
2015-01-18,Pirkkala Tampere-Pirkkala lentoasema,0.3,,
2015-01-18,Tampere Härmälä,0.5,2.8,14.0
2015-01-18,Somero Salkola,0.3,-1.0,26.0
2015-01-18,Hyvinkää Hyvinkäänkylä,1.0,-1.0,14.0
2015-01-18,Vihti Hiiskula,,0.2,15.0
2015-01-18,Hausjärvi Lavinto,,0.4,5.0
2015-01-18,Hämeenlinna Pirttikoski,,0.8,26.0
2015-01-18,Nurmijärvi Röykkä,0.6,0.1,16.0
2015-01-18,Hämeenlinna Katinen,1.0,1.7,
2015-01-18,Hattula Lepaa,0.8,3.0,19.0
2015-01-18,Lahti Laune,0.6,3.6,20.0
2015-01-18,Hämeenlinna Lammi Pappila,0.5,3.3,21.0
2015-01-18,Mäntsälä Hirvihaara Kuntomajantie,,-1.0,12.0
2015-01-18,Asikkala Urajärvi,,3.5,32.0
2015-01-18,Asikkala Pulkkilanharju,0.5,,
2015-01-18,Hämeenlinna Lammi Evo,0.1,,
2015-01-18,Kouvola Utti lentoasema,0.5,3.0,32.0
2015-01-18,Kouvola Anjala,1.2,0.7,11.0
2015-01-18,Heinola Asemantaus,0.6,2.3,18.0
2015-01-18,Iitti Kausala,,2.4,28.0
2015-01-18,Kouvola Voikoski,,2.8,19.0
2015-01-18,Virolahti Koivuniemi,1.3,1.1,9.0
2015-01-18,Lappeenranta lentoasema,0.4,,
2015-01-18,Lappeenranta Konnunsuo,0.6,,
2015-01-18,Lappeenranta Lepola,0.4,3.4,16.0
2015-01-18,Ruokolahti Kotaniemi,,2.5,22.0
2015-01-18,Lappeenranta Hiekkapakka,0.3,,
2015-01-18,Rautjärvi Simpele Kangaskoski,,0.6,20.0
2015-01-18,Parikkala Koitsanlahti,0.4,,
2015-01-18,Kaskinen Sälgrund,-0.6,1.2,
2015-01-18,Merikarvia Tuorila,,1.0,11.0
2015-01-18,Isojoki Kärjenkoski,,2.7,10.0
2015-01-18,Teuva Kauppilankylä,,1.2,11.0
2015-01-18,Pori Tahkoluoto satama,1.0,,
2015-01-18,Karvia Alkkia,-1.3,1.4,25.0
2015-01-18,Pori Lavia,,0.3,4.0
2015-01-18,Ikaalinen Vehuvarpee,,2.3,19.0
2015-01-18,Kauhajoki kaupunki,,1.0,16.0
2015-01-18,Kurikka Hirvijärvi,,0.3,15.0
2015-01-18,Kauhajoki Kuja-Kokko,-1.5,0.4,5.0
2015-01-18,Kankaanpää Niinisalo lentokenttä,-0.5,2.9,22.0
2015-01-18,Alavus Sulkavankylä,,0.3,18.0
2015-01-18,Virrat Äijänneva,-0.8,,
2015-01-18,Tampere Siilinkari,0.3,,
2015-01-18,Jämsä Halli lentoasema,-0.3,0.7,23.0
2015-01-18,Juupajoki Hyytiälä,-0.5,2.7,34.0
2015-01-18,Sysmä Joutsjärvi,,1.0,17.0
2015-01-18,Luhanka Tammijärvi,,1.0,31.0
2015-01-18,Jyväskylä Muuratjärvi,,0.5,30.0
2015-01-18,Luhanka Judinsalo,0.3,,
2015-01-18,Multia Pirttiperä,,1.1,39.0
2015-01-18,Joutsa Savenaho,-0.5,1.2,35.0
2015-01-18,Kangasniemi kirkonkylä,,1.2,45.0
2015-01-18,Joutsa Pärnämäki,,1.0,34.0
2015-01-18,Mikkeli Pitkähiekka,,0.7,25.0
2015-01-18,Juva Partala,-0.2,,
2015-01-18,Joroinen Varkaus lentoasema,-0.1,,
2015-01-18,Varkaus Kosulanniemi,-0.2,0.1,31.0
2015-01-18,Savonlinna Laukansaari,,0.5,15.0
2015-01-18,Sulkava Halttula,,-1.0,26.0
2015-01-18,Savonlinna lentoasema,0.1,,
2015-01-18,Rantasalmi Rukkasluoto,0.1,,
2015-01-18,Savonlinna Punkaharju Laukansaari,0.2,0.3,24.0
2015-01-18,Enonkoski Simanala,,0.6,31.0
2015-01-18,Savonlinna Savonranta,,2.7,21.0
2015-01-18,Rääkkylä kirkonkylä,,0.0,32.0
2015-01-18,Tohmajärvi Kemie,0.0,0.7,41.0
2015-01-18,Joensuu Huhtilampi,,1.0,50.0
2015-01-18,Vaasa lentoasema,-0.5,,
2015-01-18,Mustasaari Valassaaret,-1.0,,
2015-01-18,Närpiö Ylimarkku,,0.0,-1.0
2015-01-18,Mustasaari Riimala,,0.3,15.0
2015-01-18,Kurikka Pyörni,,0.5,20.0
2015-01-18,Korsnäs Bredskäret,-0.6,,
2015-01-18,Maalahti Strömmingsbådan,-0.4,,
2015-01-18,Vaasa Klemettilä,-0.5,0.1,5.0
2015-01-18,Seinäjoki Pelmaa,-0.6,0.1,18.0
2015-01-18,Kauhava lentokenttä,-0.8,-1.0,26.0
2015-01-18,Ähtäri Inha,-1.1,0.5,35.0
2015-01-18,Halsua Purola,-1.9,0.8,40.0
2015-01-18,Alajärvi Möksy,-1.7,1.3,34.0
2015-01-18,Multia Karhila,-1.5,0.6,35.0
2015-01-18,Viitasaari Haapaniemi,-1.4,0.2,32.0
2015-01-18,Äänekoski Kalaniemi,,0.5,32.0
2015-01-18,Viitasaari Kärnä,,0.3,50.0
2015-01-18,Vesanto kirkonkylä,-1.1,0.3,40.0
2015-01-18,Pielavesi Venetmäki,,0.7,56.0
2015-01-18,Siilinjärvi Kuopio lentoasema,-0.5,,
2015-01-18,Kuopio Maaninka,-0.9,0.1,40.0
2015-01-18,Lapinlahti Lamminkäyrä,,0.2,34.0
2015-01-18,Suonenjoki Iisvesi,,0.6,45.0
2015-01-18,Kuopio Karttula,,0.4,41.0
2015-01-18,Kuopio Ritoniemi,-0.7,,
2015-01-18,Kuopio Savilahti,-0.6,0.6,39.0
2015-01-18,Heinävesi Palokki,,0.5,38.0
2015-01-18,Outokumpu Viuruniemi,,0.8,32.0
2015-01-18,Rautavaara Ala-Luosta,,0.2,31.0
2015-01-18,Rautavaara Ylä-Luosta,-1.2,1.1,46.0
2015-01-18,Liperi Joensuu lentoasema,-0.5,,
2015-01-18,Juuka Niemelä,-0.6,0.0,35.0
2015-01-18,Joensuu Pyhäselkä,,0.9,35.0
2015-01-18,Lieksa Koli,,0.2,49.0
2015-01-18,Liperi Tuiskavanluoto,-0.4,,
2015-01-18,Joensuu Linnunlahti,-0.9,0.7,39.0
2015-01-18,Lieksa Lampela,-0.3,-1.0,28.0
2015-01-18,Ilomantsi Naarva,,1.0,60.0
2015-01-18,Ilomantsi Pötsönvaara,-1.3,0.7,63.0
2015-01-18,Ilomantsi Mekrijärvi,-0.7,0.3,38.0
2015-01-18,Pietarsaari Kallan,-0.9,,
2015-01-18,Kokkola Tankar,-1.0,,
2015-01-18,Kruunupyy Kokkola-Pietarsaari lentoasema,-1.5,,
2015-01-18,Kaustinen Tastula,,0.7,32.0
2015-01-18,Kalajoki Ulkokalla,-1.0,,
2015-01-18,Kokkola Santahaka,-1.2,0.1,20.0
2015-01-18,Toholampi Oravala,,-1.0,25.0
2015-01-18,Kalajoki Pitkäsenkylä,,1.5,38.0
2015-01-18,Kalajoki Mehtäkylä,,0.3,31.0
2015-01-18,Toholampi Laitala,-1.6,,
2015-01-18,Ylivieska lentokenttä,-1.7,0.3,30.0
2015-01-18,Ylivieska Vähäkangas,,1.0,30.0
2015-01-18,Haapavesi Mustikkamäki,-1.8,0.1,30.0
2015-01-18,Kärsämäki Venetpalo,,0.1,31.0
2015-01-18,Pyhäjärvi Ojakylä,-1.8,0.5,38.0
2015-01-18,Pyhäjärvi Hiidenniemi,,0.0,35.0
2015-01-18,Kiuruvesi Korpijoki,,0.0,24.0
2015-01-18,Siikalatva Kestilä,,0.4,32.0
2015-01-18,Kajaani Saaresmäki,,-1.0,60.0
2015-01-18,Kajaani lentoasema,-1.9,,
2015-01-18,Vieremä Kaarakkala,-2.2,0.9,61.0
2015-01-18,Kajaani Paltaniemi,,0.2,26.0
2015-01-18,Nurmes Valtimo,-0.8,0.1,31.0
2015-01-18,Sotkamo Saviaho,,0.7,52.0
2015-01-18,Ristijärvi Mustavaara,,2.1,80.0
2015-01-18,Sotkamo Kuolaniemi,-1.8,0.2,41.0
2015-01-18,Nurmes Mujejärvi,,1.2,60.0
2015-01-18,Kuhmo Apaja,,1.3,65.0
2015-01-18,Kuhmo Kalliojoki,-2.1,3.3,50.0
2015-01-18,Raahe Nahkiainen,-1.5,,
2015-01-18,Hailuoto Keskikylä,-2.4,-1.0,30.0
2015-01-18,Kemi I majakka,-3.5,,
2015-01-18,Hailuoto Marjaniemi,-2.2,,
2015-01-18,Raahe Lapaluoto satama,-1.7,,
2015-01-18,Oulu lentoasema,-2.3,,
2015-01-18,Siikajoki Ruukki,-2.1,0.3,35.0
2015-01-18,Tyrnävä Temmes,,0.6,32.0
2015-01-18,Oulu Vihreäsaari satama,-2.3,,
2015-01-18,Oulu Oulunsalo Pellonpää,-2.2,-1.0,39.0
2015-01-18,Vaala Pelso,-2.1,0.2,22.0
2015-01-18,Pudasjärvi lentokenttä,-3.2,0.8,59.0
2015-01-18,Utajärvi Särkijärvi,,-1.0,49.0
2015-01-18,Pudasjärvi Jaurakkajärvi,,2.8,58.0
2015-01-18,Suomussalmi Näljänkä,,7.1,81.0
2015-01-18,Suomussalmi Pesiö,-3.1,6.2,76.0
2015-01-18,Puolanka Kotila,,1.6,78.0
2015-01-18,Puolanka Paljakka,-3.5,1.6,92.0
2015-01-18,Kemi Kemi-Tornio lentoasema,-4.2,,
2015-01-18,Kemi Ajos,-4.3,,
2015-01-18,Tornio Aapajärvi,,-1.0,62.0
2015-01-18,Tornio Kaakkuri,-5.1,-1.0,34.0
2015-01-18,Ranua lentokenttä,-4.0,0.2,67.0
2015-01-18,Pudasjärvi Sarakylä,,1.7,67.0
2015-01-18,Posio Raistakka,,2.5,74.0
2015-01-18,Taivalkoski Inkee,,2.8,76.0
2015-01-18,Taivalkoski kirkonkylä,-3.6,3.4,75.0
2015-01-18,Kuusamo lentoasema,-4.4,,
2015-01-18,Kuusamo Kiutaköngäs,-6.2,0.9,55.0
2015-01-18,Kuusamo Toranginaho,,2.4,76.0
2015-01-18,Kuusamo Rukatunturi,-6.1,,
2015-01-18,Kuusamo Teeriranta,,5.3,75.0
2015-01-18,Ylitornio Meltosjärvi,-6.2,-1.0,45.0
2015-01-18,Pello Konttajärvi,,-1.0,69.0
2015-01-18,Kolari Kattilamaa,,0.1,58.0
2015-01-18,Pello kirkonkylä,-6.5,-1.0,51.0
2015-01-18,Kittilä Alakylä,,-1.0,52.0
2015-01-18,Rovaniemi rautatieasema,-5.0,,
2015-01-18,Sodankylä Tähtelä,-7.5,-1.0,60.0
2015-01-18,Rovaniemi Apukka,-5.2,-1.0,47.0
2015-01-18,Pelkosenniemi kirkonkylä,,-1.0,56.0
2015-01-18,Kemijärvi lentokenttä,-5.3,-1.0,64.0
2015-01-18,Savukoski kirkonkylä,-6.0,0.0,59.0
2015-01-18,Salla Kelloselkä,,-1.0,45.0
2015-01-18,Pelkosenniemi Pyhätunturi,-7.5,,
2015-01-18,Salla kirkonkylä,-5.1,0.0,46.0
2015-01-18,Salla Naruska,-5.4,-1.0,60.0
2015-01-18,Enontekiö Kaaresuvanto,,-1.0,60.0
2015-01-18,Muonio Alamuonio,-8.0,,62.0
2015-01-18,Enontekiö Hetta,,0.6,62.0
2015-01-18,Kittilä Pulju,,-1.0,71.0
2015-01-18,Kittilä Levitunturi,-9.1,,
2015-01-18,Muonio Laukukero,-9.9,,
2015-01-18,Muonio Sammaltunturi,-9.1,,
2015-01-18,Kittilä Matorova,-8.7,,
2015-01-18,Kittilä lentoasema,-7.1,,
2015-01-18,Kittilä Kenttärova,-8.7,0.1,74.0
2015-01-18,Kittilä Pakatti,-7.9,-1.0,61.0
2015-01-18,Kittilä Pokka,-8.9,-1.0,78.0
2015-01-18,Sodankylä Lokka,-7.9,0.5,58.0
2015-01-18,Sodankylä Vuotso,-7.8,-1.0,64.0
2015-01-18,Inari Saariselkä matkailukeskus,-9.4,-1.0,58.0
2015-01-18,Inari Saariselkä Kaunispää,-9.6,,
2015-01-18,Savukoski Ruuvaoja,,-1.0,59.0
2015-01-18,Inari Raja-Jooseppi Kontiojärvi,,-1.0,44.0
2015-01-18,Inari Raja-Jooseppi,-8.3,,
2015-01-18,Salla Värriötunturi,-6.9,0.1,52.0
2015-01-18,Enontekiö Kilpisjärvi kyläkeskus,-7.2,-1.0,58.0
2015-01-18,Enontekiö Kilpisjärvi Saana,-11.1,,
2015-01-18,Enontekiö Näkkälä,-9.7,-1.0,63.0
2015-01-18,Inari Angeli,,-1.0,72.0
2015-01-18,Inari Angeli Lintupuoliselkä,-9.1,-1.0,58.0
2015-01-18,Inari Ivalo lentoasema,-9.8,,
2015-01-18,Utsjoki Kevo,-7.0,0.0,48.0
2015-01-18,Utsjoki Nuorgam,-5.7,-1.0,43.0
2015-01-18,Utsjoki Leppälä,,-1.0,52.0
2015-01-18,Inari Väylä,-9.6,,
2015-01-18,Inari kirkonkylä,,-1.0,57.0
2015-01-18,Inari Kaamanen,-8.2,-1.0,52.0
2015-01-18,Inari Nellim,-11.7,-1.0,39.0
2015-01-18,Inari Kirakkajärvi,-6.5,-1.0,47.0
2015-01-18,Muonio Oustajärvi,-8.5,-1.0,69.0
2015-01-18,Kajaani Petäisenniska,-1.9,0.4,41.0
2015-01-18,Utsjoki Kevo Kevojärvi,-7.3,,
2015-01-18,Inari Seitalaassa,-8.7,,
2015-01-18,Rovaniemi lentoasema AWOS,-6.1,-1.0,56.0
2015-01-18,Jyväskylä lentoasema AWOS,-0.8,0.5,32.0
2015-01-18,Puumala kirkonkylä,0.1,0.3,14.0
2015-01-18,Helsinki Vuosaari satama,2.1,,
2015-01-18,Lumparland Långnäs satama,1.9,0.3,-1.0
2015-01-18,Tampere Tampella,0.6,,
2015-01-18,Kittilä Lompolonvuoma,-9.5,,
2015-01-18,Kuusamo Ruka Talvijärvi,-5.0,,
2015-01-18,Espoo Nuuksio,0.5,-1.0,28.0
2015-01-18,Mikkeli Lentoasema AWOS,-0.2,0.6,39.0
2015-01-18,Espoo Tapiola,2.3,-1.0,4.0
2015-01-19,Jomala Maarianhamina lentoasema,-0.9,,
2015-01-19,Parainen Utö,0.4,0.0,-1.0
2015-01-19,Lemland Nyhamn,0.0,,
2015-01-19,Jomala Jomalaby,-1.1,-1.0,-1.0
2015-01-19,Hammarland Märket,0.2,,
2015-01-19,Kökar Bogskär,1.1,,
2015-01-19,Parainen Fagerholm,-0.2,-1.0,
2015-01-19,Kumlinge kirkonkylä,-1.0,,
2015-01-19,Hanko Russarö,0.4,,
2015-01-19,Kaarina Yltöinen,-0.8,0.1,3.0
2015-01-19,Kemiönsaari Vänö,0.0,,
2015-01-19,Hanko Tulliniemi,0.2,,
2015-01-19,Turku Rajakari,-0.4,,
2015-01-19,Turku Artukainen,-0.8,-1.0,0.0
2015-01-19,Kemiönsaari Kemiö,-0.5,1.2,0.0
2015-01-19,Hanko Tvärminne,0.0,0.6,-1.0
2015-01-19,Salo Kärkkä,-0.5,0.6,
2015-01-19,Lohja Leppäkorpi,,0.7,6.0
2015-01-19,Raasepori Jussarö,0.3,,
2015-01-19,Salo Kiikala lentokenttä,-1.5,0.2,12.0
2015-01-19,Vantaa Helsinki-Vantaan lentoasema,-1.0,0.4,4.0
2015-01-19,Inkoo Bågaskär,0.0,,
2015-01-19,Helsinki Kaisaniemi,-0.4,1.1,2.0
2015-01-19,Lohja Porla,-0.4,1.2,
2015-01-19,Vihti Maasoja,-0.9,,
2015-01-19,Helsinki Harmaja,-0.1,,
2015-01-19,Kirkkonummi Mäkiluoto,0.7,,
2015-01-19,Helsinki Helsingin majakka,0.6,,
2015-01-19,Helsinki Kumpula,-0.6,0.7,5.0
2015-01-19,Espoo Sepänkylä,-0.8,,
2015-01-19,Helsinki Rautatientori,-0.2,,
2015-01-19,Porvoo Kalbådagrund,0.4,,
2015-01-19,Porvoo Emäsalo,-0.7,,
2015-01-19,Porvoo Harabacka,-0.9,0.1,2.0
2015-01-19,Kotka Rankki,-1.0,,
2015-01-19,Loviisa Orrengrund,-0.7,,
2015-01-19,Kotka Haapasaari,-0.8,,
2015-01-19,Pori lentoasema,-2.6,,
2015-01-19,Uusikaupunki Itätulli,,0.0,-1.0
2015-01-19,Laitila Haukka,,0.3,0.0
2015-01-19,Kustavi Isokari,-1.0,0.2,
2015-01-19,Rauma Kylmäpihlaja,-1.5,,
2015-01-19,Pori rautatieasema,-2.4,0.3,5.0
2015-01-19,Turku lentoasema,-1.4,,
2015-01-19,Kokemäki Rausenkulma,,0.1,7.0
2015-01-19,Lieto Tammentaka,,0.5,8.0
2015-01-19,Huittinen Sallila,,0.2,9.0
2015-01-19,Köyliö Yttilä,,-1.0,5.0
2015-01-19,Oripää Teinikivi,,-1.0,14.0
2015-01-19,Pöytyä Yläne,,0.1,14.0
2015-01-19,Kokemäki Tulkkila,-2.5,-1.0,11.0
2015-01-19,Jokioinen Ilmala,-2.2,0.5,11.0
2015-01-19,Nokia Tottijärvi,,-1.0,11.0
2015-01-19,Pirkkala Tampere-Pirkkala lentoasema,-3.8,,
2015-01-19,Tampere Härmälä,-3.6,0.2,17.0
2015-01-19,Somero Salkola,-2.1,0.4,25.0
2015-01-19,Hyvinkää Hyvinkäänkylä,-1.8,1.6,14.0
2015-01-19,Vihti Hiiskula,,0.8,15.0
2015-01-19,Hausjärvi Lavinto,,1.9,5.0
2015-01-19,Hämeenlinna Pirttikoski,,0.5,26.0
2015-01-19,Nurmijärvi Röykkä,-1.7,0.4,15.0
2015-01-19,Hämeenlinna Katinen,-2.7,0.9,
2015-01-19,Hattula Lepaa,-3.1,1.0,18.0
2015-01-19,Lahti Laune,-3.1,0.5,21.0
2015-01-19,Hämeenlinna Lammi Pappila,-3.6,-1.0,23.0
2015-01-19,Mäntsälä Hirvihaara Kuntomajantie,,1.3,13.0
2015-01-19,Asikkala Urajärvi,,1.0,30.0
2015-01-19,Asikkala Pulkkilanharju,-4.0,,
2015-01-19,Hämeenlinna Lammi Evo,-4.0,,
2015-01-19,Kouvola Utti lentoasema,-3.8,1.5,33.0
2015-01-19,Kouvola Anjala,-2.2,2.1,10.0
2015-01-19,Heinola Asemantaus,-4.2,1.6,19.0
2015-01-19,Iitti Kausala,,2.2,21.0
2015-01-19,Kouvola Voikoski,,0.5,21.0
2015-01-19,Virolahti Koivuniemi,-1.9,1.3,8.0
2015-01-19,Lappeenranta lentoasema,-5.3,,
2015-01-19,Lappeenranta Konnunsuo,-5.0,,
2015-01-19,Lappeenranta Lepola,-5.0,0.8,19.0
2015-01-19,Ruokolahti Kotaniemi,,0.1,27.0
2015-01-19,Lappeenranta Hiekkapakka,-6.3,,
2015-01-19,Rautjärvi Simpele Kangaskoski,,-1.0,20.0
2015-01-19,Parikkala Koitsanlahti,-7.0,,
2015-01-19,Kaskinen Sälgrund,-3.5,-1.0,
2015-01-19,Merikarvia Tuorila,,0.1,11.0
2015-01-19,Isojoki Kärjenkoski,,0.5,14.0
2015-01-19,Teuva Kauppilankylä,,0.1,12.0
2015-01-19,Pori Tahkoluoto satama,-2.2,,
2015-01-19,Karvia Alkkia,-5.3,0.1,26.0
2015-01-19,Pori Lavia,,0.0,4.0
2015-01-19,Ikaalinen Vehuvarpee,,0.4,23.0
2015-01-19,Kauhajoki kaupunki,,-1.0,17.0
2015-01-19,Kurikka Hirvijärvi,,0.0,16.0
2015-01-19,Kauhajoki Kuja-Kokko,-4.7,-1.0,5.0
2015-01-19,Kankaanpää Niinisalo lentokenttä,-4.4,0.1,26.0
2015-01-19,Alavus Sulkavankylä,,-1.0,18.0
2015-01-19,Virrat Äijänneva,-5.8,,
2015-01-19,Tampere Siilinkari,-3.9,,
2015-01-19,Jämsä Halli lentoasema,-5.3,0.2,25.0
2015-01-19,Juupajoki Hyytiälä,-5.1,0.4,36.0
2015-01-19,Sysmä Joutsjärvi,,0.0,19.0
2015-01-19,Luhanka Tammijärvi,,-1.0,32.0
2015-01-19,Jyväskylä Muuratjärvi,,0.0,30.0
2015-01-19,Luhanka Judinsalo,-4.9,,
2015-01-19,Multia Pirttiperä,,-1.0,40.0
2015-01-19,Joutsa Savenaho,-6.9,0.1,36.0
2015-01-19,Kangasniemi kirkonkylä,,-1.0,46.0
2015-01-19,Joutsa Pärnämäki,,0.0,34.0
2015-01-19,Mikkeli Pitkähiekka,,-1.0,25.0
2015-01-19,Juva Partala,-7.6,,
2015-01-19,Joroinen Varkaus lentoasema,-8.4,,
2015-01-19,Varkaus Kosulanniemi,-8.5,-1.0,30.0
2015-01-19,Savonlinna Laukansaari,,-1.0,15.0
2015-01-19,Sulkava Halttula,,-1.0,27.0
2015-01-19,Savonlinna lentoasema,-7.4,,
2015-01-19,Rantasalmi Rukkasluoto,-6.9,,
2015-01-19,Savonlinna Punkaharju Laukansaari,-7.1,-1.0,24.0
2015-01-19,Enonkoski Simanala,,-1.0,31.0
2015-01-19,Savonlinna Savonranta,,-1.0,22.0
2015-01-19,Rääkkylä kirkonkylä,,0.0,32.0
2015-01-19,Tohmajärvi Kemie,-10.7,-1.0,40.0
2015-01-19,Joensuu Huhtilampi,,-1.0,50.0
2015-01-19,Vaasa lentoasema,-5.9,,
2015-01-19,Mustasaari Valassaaret,-3.6,,
2015-01-19,Närpiö Ylimarkku,,-1.0,-1.0
2015-01-19,Mustasaari Riimala,,-1.0,15.0
2015-01-19,Kurikka Pyörni,,0.0,20.0
2015-01-19,Korsnäs Bredskäret,-4.6,,
2015-01-19,Maalahti Strömmingsbådan,-3.5,,
2015-01-19,Vaasa Klemettilä,-5.7,-1.0,4.0
2015-01-19,Seinäjoki Pelmaa,-6.3,-1.0,17.0
2015-01-19,Kauhava lentokenttä,-8.0,-1.0,25.0
2015-01-19,Ähtäri Inha,-7.6,0.1,35.0
2015-01-19,Halsua Purola,-11.2,-1.0,40.0
2015-01-19,Alajärvi Möksy,-8.4,-1.0,34.0
2015-01-19,Multia Karhila,-7.7,-1.0,35.0
2015-01-19,Viitasaari Haapaniemi,-9.0,-1.0,32.0
2015-01-19,Äänekoski Kalaniemi,,-1.0,33.0
2015-01-19,Viitasaari Kärnä,,-1.0,49.0
2015-01-19,Vesanto kirkonkylä,-8.7,-1.0,41.0
2015-01-19,Pielavesi Venetmäki,,-1.0,56.0
2015-01-19,Siilinjärvi Kuopio lentoasema,-8.2,,
2015-01-19,Kuopio Maaninka,-10.9,-1.0,39.0
2015-01-19,Lapinlahti Lamminkäyrä,,-1.0,34.0
2015-01-19,Suonenjoki Iisvesi,,-1.0,43.0
2015-01-19,Kuopio Karttula,,-1.0,42.0
2015-01-19,Kuopio Ritoniemi,-8.0,,
2015-01-19,Kuopio Savilahti,-8.5,-1.0,38.0
2015-01-19,Heinävesi Palokki,,0.0,38.0
2015-01-19,Outokumpu Viuruniemi,,-1.0,32.0
2015-01-19,Rautavaara Ala-Luosta,,-1.0,31.0
2015-01-19,Rautavaara Ylä-Luosta,-11.3,-1.0,47.0
2015-01-19,Liperi Joensuu lentoasema,-9.0,,
2015-01-19,Juuka Niemelä,-10.0,0.0,35.0
2015-01-19,Joensuu Pyhäselkä,,-1.0,34.0
2015-01-19,Lieksa Koli,,0.1,48.0
2015-01-19,Liperi Tuiskavanluoto,-9.8,,
2015-01-19,Joensuu Linnunlahti,-8.7,-1.0,39.0
2015-01-19,Lieksa Lampela,-10.0,-1.0,27.0
2015-01-19,Ilomantsi Naarva,,0.4,60.0
2015-01-19,Ilomantsi Pötsönvaara,-11.0,-1.0,62.0
2015-01-19,Ilomantsi Mekrijärvi,-10.6,-1.0,
2015-01-19,Pietarsaari Kallan,-7.2,,
2015-01-19,Kokkola Tankar,-6.1,,
2015-01-19,Kruunupyy Kokkola-Pietarsaari lentoasema,-10.1,,
2015-01-19,Kaustinen Tastula,,-1.0,32.0
2015-01-19,Kalajoki Ulkokalla,-5.8,,
2015-01-19,Kokkola Santahaka,-9.5,-1.0,19.0
2015-01-19,Toholampi Oravala,,-1.0,25.0
2015-01-19,Kalajoki Pitkäsenkylä,,-1.0,39.0
2015-01-19,Kalajoki Mehtäkylä,,-1.0,31.0
2015-01-19,Toholampi Laitala,-11.2,,
2015-01-19,Ylivieska lentokenttä,-13.3,-1.0,29.0
2015-01-19,Ylivieska Vähäkangas,,-1.0,30.0
2015-01-19,Haapavesi Mustikkamäki,-13.5,0.0,29.0
2015-01-19,Kärsämäki Venetpalo,,-1.0,31.0
2015-01-19,Pyhäjärvi Ojakylä,-14.5,-1.0,39.0
2015-01-19,Pyhäjärvi Hiidenniemi,,-1.0,35.0
2015-01-19,Kiuruvesi Korpijoki,,-1.0,24.0
2015-01-19,Siikalatva Kestilä,,-1.0,32.0
2015-01-19,Kajaani Saaresmäki,,-1.0,60.0
2015-01-19,Kajaani lentoasema,-14.9,,
2015-01-19,Vieremä Kaarakkala,-11.0,0.1,62.0
2015-01-19,Kajaani Paltaniemi,,-1.0,26.0
2015-01-19,Nurmes Valtimo,-11.4,-1.0,32.0
2015-01-19,Sotkamo Saviaho,,-1.0,52.0
2015-01-19,Ristijärvi Mustavaara,,-1.0,81.0
2015-01-19,Sotkamo Kuolaniemi,-13.7,-1.0,40.0
2015-01-19,Nurmes Mujejärvi,,-1.0,60.0
2015-01-19,Kuhmo Apaja,,0.0,65.0
2015-01-19,Kuhmo Kalliojoki,-16.4,-1.0,57.0
2015-01-19,Raahe Nahkiainen,-6.9,,
2015-01-19,Hailuoto Keskikylä,-13.1,-1.0,30.0
2015-01-19,Kemi I majakka,-7.6,,
2015-01-19,Hailuoto Marjaniemi,-10.8,,
2015-01-19,Raahe Lapaluoto satama,-11.2,,
2015-01-19,Oulu lentoasema,-13.4,,
2015-01-19,Siikajoki Ruukki,-14.8,-1.0,35.0
2015-01-19,Tyrnävä Temmes,,-1.0,32.0
2015-01-19,Oulu Vihreäsaari satama,-12.2,,
2015-01-19,Oulu Oulunsalo Pellonpää,-13.7,-1.0,38.0
2015-01-19,Vaala Pelso,-16.4,-1.0,22.0
2015-01-19,Pudasjärvi lentokenttä,-19.0,-1.0,62.0
2015-01-19,Utajärvi Särkijärvi,,-1.0,49.0
2015-01-19,Pudasjärvi Jaurakkajärvi,,-1.0,58.0
2015-01-19,Suomussalmi Näljänkä,,-1.0,88.0
2015-01-19,Suomussalmi Pesiö,-17.1,0.0,82.0
2015-01-19,Puolanka Kotila,,-1.0,78.0
2015-01-19,Puolanka Paljakka,-13.1,-1.0,91.0
2015-01-19,Kemi Kemi-Tornio lentoasema,-17.4,,
2015-01-19,Kemi Ajos,-15.1,,
2015-01-19,Tornio Aapajärvi,,-1.0,62.0
2015-01-19,Tornio Kaakkuri,-16.3,-1.0,34.0
2015-01-19,Ranua lentokenttä,-19.1,-1.0,66.0
2015-01-19,Pudasjärvi Sarakylä,,0.2,66.0
2015-01-19,Posio Raistakka,,0.0,73.0
2015-01-19,Taivalkoski Inkee,,-1.0,75.0
2015-01-19,Taivalkoski kirkonkylä,-22.6,-1.0,76.0
2015-01-19,Kuusamo lentoasema,-18.5,,
2015-01-19,Kuusamo Kiutaköngäs,-26.6,-1.0,55.0
2015-01-19,Kuusamo Toranginaho,,-1.0,76.0
2015-01-19,Kuusamo Rukatunturi,-10.8,,
2015-01-19,Kuusamo Teeriranta,,-1.0,80.0
2015-01-19,Ylitornio Meltosjärvi,-19.8,-1.0,43.0
2015-01-19,Pello Konttajärvi,,-1.0,62.0
2015-01-19,Kolari Kattilamaa,,0.0,58.0
2015-01-19,Pello kirkonkylä,-20.8,-1.0,49.0
2015-01-19,Kittilä Alakylä,,-1.0,60.0
2015-01-19,Rovaniemi rautatieasema,-16.6,,
2015-01-19,Sodankylä Tähtelä,-25.9,-1.0,58.0
2015-01-19,Rovaniemi Apukka,-20.4,-1.0,44.0
2015-01-19,Pelkosenniemi kirkonkylä,,-1.0,55.0
2015-01-19,Kemijärvi lentokenttä,-20.8,-1.0,63.0
2015-01-19,Savukoski kirkonkylä,-23.3,-1.0,59.0
2015-01-19,Salla Kelloselkä,,-1.0,45.0
2015-01-19,Pelkosenniemi Pyhätunturi,-11.0,,
2015-01-19,Salla kirkonkylä,-22.2,0.0,44.0
2015-01-19,Salla Naruska,-25.0,-1.0,59.0
2015-01-19,Enontekiö Kaaresuvanto,,-1.0,60.0
2015-01-19,Muonio Alamuonio,-25.1,,62.0
2015-01-19,Enontekiö Hetta,,-1.0,62.0
2015-01-19,Kittilä Pulju,,-1.0,71.0
2015-01-19,Kittilä Levitunturi,-12.4,,
2015-01-19,Muonio Laukukero,-12.8,,
2015-01-19,Muonio Sammaltunturi,-12.3,,
2015-01-19,Kittilä Matorova,-13.4,,
2015-01-19,Kittilä lentoasema,-22.9,,
2015-01-19,Kittilä Kenttärova,-15.0,-1.0,72.0
2015-01-19,Kittilä Pakatti,-24.2,-1.0,58.0
2015-01-19,Kittilä Pokka,-24.7,-1.0,76.0
2015-01-19,Sodankylä Lokka,-25.8,-1.0,56.0
2015-01-19,Sodankylä Vuotso,-25.7,-1.0,62.0
2015-01-19,Inari Saariselkä matkailukeskus,-20.4,-1.0,57.0
2015-01-19,Inari Saariselkä Kaunispää,-14.0,,
2015-01-19,Savukoski Ruuvaoja,,-1.0,58.0
2015-01-19,Inari Raja-Jooseppi Kontiojärvi,,-1.0,43.0
2015-01-19,Inari Raja-Jooseppi,-13.7,,
2015-01-19,Salla Värriötunturi,-13.4,-1.0,52.0
2015-01-19,Enontekiö Kilpisjärvi kyläkeskus,-28.4,-1.0,58.0
2015-01-19,Enontekiö Kilpisjärvi Saana,-13.4,,
2015-01-19,Enontekiö Näkkälä,-26.2,-1.0,62.0
2015-01-19,Inari Angeli,,-1.0,72.0
2015-01-19,Inari Angeli Lintupuoliselkä,-16.9,-1.0,56.0
2015-01-19,Inari Ivalo lentoasema,-17.6,,
2015-01-19,Utsjoki Kevo,-9.0,0.0,47.0
2015-01-19,Utsjoki Nuorgam,-5.9,-1.0,43.0
2015-01-19,Utsjoki Leppälä,,-1.0,51.0
2015-01-19,Inari Väylä,-12.4,,
2015-01-19,Inari kirkonkylä,,-1.0,57.0
2015-01-19,Inari Kaamanen,-14.8,-1.0,52.0
2015-01-19,Inari Nellim,-13.7,-1.0,39.0
2015-01-19,Inari Kirakkajärvi,-9.8,-1.0,46.0
2015-01-19,Muonio Oustajärvi,-27.9,-1.0,67.0
2015-01-19,Kajaani Petäisenniska,-12.6,-1.0,42.0
2015-01-19,Utsjoki Kevo Kevojärvi,-8.9,,
2015-01-19,Inari Seitalaassa,-12.9,,
2015-01-19,Rovaniemi lentoasema AWOS,-15.2,0.2,55.0
2015-01-19,Jyväskylä lentoasema AWOS,-7.8,-1.0,32.0
2015-01-19,Puumala kirkonkylä,-6.1,-1.0,14.0
2015-01-19,Helsinki Vuosaari satama,-0.5,,
2015-01-19,Lumparland Långnäs satama,-0.7,-1.0,-1.0
2015-01-19,Tampere Tampella,-3.4,,
2015-01-19,Kittilä Lompolonvuoma,-23.7,,
2015-01-19,Kuusamo Ruka Talvijärvi,-15.7,,
2015-01-19,Espoo Nuuksio,-1.2,1.5,26.0
2015-01-19,Mikkeli Lentoasema AWOS,-7.0,-1.0,38.0
2015-01-19,Espoo Tapiola,-0.6,0.9,4.0
2015-01-20,Jomala Maarianhamina lentoasema,0.3,,
2015-01-20,Parainen Utö,0.6,-1.0,-1.0
2015-01-20,Lemland Nyhamn,1.1,,
2015-01-20,Jomala Jomalaby,-0.2,0.2,-1.0
2015-01-20,Hammarland Märket,0.5,,
2015-01-20,Kökar Bogskär,0.9,,
2015-01-20,Parainen Fagerholm,-0.4,-1.0,
2015-01-20,Kumlinge kirkonkylä,-0.3,,
2015-01-20,Hanko Russarö,0.7,,
2015-01-20,Kaarina Yltöinen,-2.0,0.0,3.0
2015-01-20,Kemiönsaari Vänö,0.1,,
2015-01-20,Hanko Tulliniemi,0.4,,
2015-01-20,Turku Rajakari,-1.3,,
2015-01-20,Turku Artukainen,-1.8,0.1,0.0
2015-01-20,Kemiönsaari Kemiö,-1.7,0.1,2.0
2015-01-20,Hanko Tvärminne,-0.1,0.3,2.0
2015-01-20,Salo Kärkkä,-2.5,0.1,
2015-01-20,Lohja Leppäkorpi,,-1.0,6.0
2015-01-20,Raasepori Jussarö,0.4,,
2015-01-20,Salo Kiikala lentokenttä,-4.2,0.1,12.0
2015-01-20,Vantaa Helsinki-Vantaan lentoasema,-3.7,0.1,4.0
2015-01-20,Inkoo Bågaskär,-0.7,,
2015-01-20,Helsinki Kaisaniemi,-2.1,-1.0,3.0
2015-01-20,Lohja Porla,-2.7,-1.0,
2015-01-20,Vihti Maasoja,-4.1,,
2015-01-20,Helsinki Harmaja,-1.2,,
2015-01-20,Kirkkonummi Mäkiluoto,0.3,,
2015-01-20,Helsinki Helsingin majakka,0.4,,
2015-01-20,Helsinki Kumpula,-2.5,0.2,6.0
2015-01-20,Espoo Sepänkylä,-2.5,,
2015-01-20,Helsinki Rautatientori,-1.7,,
2015-01-20,Porvoo Kalbådagrund,-0.4,,
2015-01-20,Porvoo Emäsalo,-2.3,,
2015-01-20,Porvoo Harabacka,-3.8,-1.0,0.0
2015-01-20,Kotka Rankki,-2.8,,
2015-01-20,Loviisa Orrengrund,-2.0,,
2015-01-20,Kotka Haapasaari,-2.5,,
2015-01-20,Pori lentoasema,-4.6,,
2015-01-20,Uusikaupunki Itätulli,,-1.0,-1.0
2015-01-20,Laitila Haukka,,-1.0,0.0
2015-01-20,Kustavi Isokari,-1.3,-1.0,
2015-01-20,Rauma Kylmäpihlaja,-2.6,,
2015-01-20,Pori rautatieasema,-4.5,-1.0,6.0
2015-01-20,Turku lentoasema,-2.4,,
2015-01-20,Kokemäki Rausenkulma,,-1.0,7.0
2015-01-20,Lieto Tammentaka,,-1.0,8.0
2015-01-20,Huittinen Sallila,,-1.0,10.0
2015-01-20,Köyliö Yttilä,,-1.0,5.0
2015-01-20,Oripää Teinikivi,,-1.0,14.0
2015-01-20,Pöytyä Yläne,,0.1,14.0
2015-01-20,Kokemäki Tulkkila,-4.8,-1.0,11.0
2015-01-20,Jokioinen Ilmala,-4.9,-1.0,12.0
2015-01-20,Nokia Tottijärvi,,-1.0,11.0
2015-01-20,Pirkkala Tampere-Pirkkala lentoasema,-7.8,,
2015-01-20,Tampere Härmälä,-8.1,-1.0,17.0
2015-01-20,Somero Salkola,-4.8,-1.0,26.0
2015-01-20,Hyvinkää Hyvinkäänkylä,-5.3,-1.0,16.0
2015-01-20,Vihti Hiiskula,,0.3,16.0
2015-01-20,Hausjärvi Lavinto,,-1.0,7.0
2015-01-20,Hämeenlinna Pirttikoski,,-1.0,26.0
2015-01-20,Nurmijärvi Röykkä,-5.0,-1.0,15.0
2015-01-20,Hämeenlinna Katinen,-6.4,-1.0,
2015-01-20,Hattula Lepaa,-7.0,-1.0,20.0
2015-01-20,Lahti Laune,-7.2,-1.0,20.0
2015-01-20,Hämeenlinna Lammi Pappila,-7.8,-1.0,23.0
2015-01-20,Mäntsälä Hirvihaara Kuntomajantie,,-1.0,14.0
2015-01-20,Asikkala Urajärvi,,-1.0,31.0
2015-01-20,Asikkala Pulkkilanharju,-9.7,,
2015-01-20,Hämeenlinna Lammi Evo,-8.9,,
2015-01-20,Kouvola Utti lentoasema,-9.7,-1.0,36.0
2015-01-20,Kouvola Anjala,-7.5,-1.0,12.0
2015-01-20,Heinola Asemantaus,-11.8,-1.0,21.0
2015-01-20,Iitti Kausala,,-1.0,23.0
2015-01-20,Kouvola Voikoski,,0.0,22.0
2015-01-20,Virolahti Koivuniemi,-7.7,-1.0,9.0
2015-01-20,Lappeenranta lentoasema,-11.2,,
2015-01-20,Lappeenranta Konnunsuo,-20.0,,
2015-01-20,Lappeenranta Lepola,-10.4,-1.0,20.0
2015-01-20,Ruokolahti Kotaniemi,,-1.0,27.0
2015-01-20,Lappeenranta Hiekkapakka,-14.1,,
2015-01-20,Rautjärvi Simpele Kangaskoski,,-1.0,20.0
2015-01-20,Parikkala Koitsanlahti,-18.3,,
2015-01-20,Kaskinen Sälgrund,-4.6,0.1,
2015-01-20,Merikarvia Tuorila,,-1.0,11.0
2015-01-20,Isojoki Kärjenkoski,,-1.0,15.0
2015-01-20,Teuva Kauppilankylä,,-1.0,12.0
2015-01-20,Pori Tahkoluoto satama,-4.1,,
2015-01-20,Karvia Alkkia,-8.1,-1.0,27.0
2015-01-20,Pori Lavia,,-1.0,4.0
2015-01-20,Ikaalinen Vehuvarpee,,-1.0,23.0
2015-01-20,Kauhajoki kaupunki,,-1.0,17.0
2015-01-20,Kurikka Hirvijärvi,,-1.0,16.0
2015-01-20,Kauhajoki Kuja-Kokko,-7.0,-1.0,5.0
2015-01-20,Kankaanpää Niinisalo lentokenttä,-7.4,-1.0,26.0
2015-01-20,Alavus Sulkavankylä,,-1.0,18.0
2015-01-20,Virrat Äijänneva,-10.3,,
2015-01-20,Tampere Siilinkari,-8.2,,
2015-01-20,Jämsä Halli lentoasema,-12.5,-1.0,24.0
2015-01-20,Juupajoki Hyytiälä,-9.9,-1.0,35.0
2015-01-20,Sysmä Joutsjärvi,,-1.0,19.0
2015-01-20,Luhanka Tammijärvi,,-1.0,32.0
2015-01-20,Jyväskylä Muuratjärvi,,-1.0,30.0
2015-01-20,Luhanka Judinsalo,-11.5,,
2015-01-20,Multia Pirttiperä,,-1.0,40.0
2015-01-20,Joutsa Savenaho,-15.1,-1.0,35.0
2015-01-20,Kangasniemi kirkonkylä,,-1.0,46.0
2015-01-20,Joutsa Pärnämäki,,-1.0,34.0
2015-01-20,Mikkeli Pitkähiekka,,-1.0,25.0
2015-01-20,Juva Partala,-19.6,,
2015-01-20,Joroinen Varkaus lentoasema,-21.7,,
2015-01-20,Varkaus Kosulanniemi,-19.8,-1.0,30.0
2015-01-20,Savonlinna Laukansaari,,-1.0,15.0
2015-01-20,Sulkava Halttula,,-1.0,27.0
2015-01-20,Savonlinna lentoasema,-19.9,,
2015-01-20,Rantasalmi Rukkasluoto,-15.7,,
2015-01-20,Savonlinna Punkaharju Laukansaari,-17.7,-1.0,23.0
2015-01-20,Enonkoski Simanala,,-1.0,31.0
2015-01-20,Savonlinna Savonranta,,-1.0,22.0
2015-01-20,Rääkkylä kirkonkylä,,-1.0,31.0
2015-01-20,Tohmajärvi Kemie,-22.4,-1.0,40.0
2015-01-20,Joensuu Huhtilampi,,-1.0,50.0
2015-01-20,Vaasa lentoasema,-8.1,,
2015-01-20,Mustasaari Valassaaret,-6.4,,
2015-01-20,Närpiö Ylimarkku,,-1.0,-1.0
2015-01-20,Mustasaari Riimala,,-1.0,15.0
2015-01-20,Kurikka Pyörni,,-1.0,20.0
2015-01-20,Korsnäs Bredskäret,-7.0,,
2015-01-20,Maalahti Strömmingsbådan,-5.5,,
2015-01-20,Vaasa Klemettilä,-7.9,-1.0,5.0
2015-01-20,Seinäjoki Pelmaa,-8.8,-1.0,18.0
2015-01-20,Kauhava lentokenttä,-11.3,-1.0,25.0
2015-01-20,Ähtäri Inha,-13.2,-1.0,35.0
2015-01-20,Halsua Purola,-17.4,-1.0,40.0
2015-01-20,Alajärvi Möksy,-15.5,-1.0,34.0
2015-01-20,Multia Karhila,-13.1,-1.0,35.0
2015-01-20,Viitasaari Haapaniemi,-19.3,-1.0,32.0
2015-01-20,Äänekoski Kalaniemi,,-1.0,33.0
2015-01-20,Viitasaari Kärnä,,-1.0,49.0
2015-01-20,Vesanto kirkonkylä,-22.3,-1.0,41.0
2015-01-20,Pielavesi Venetmäki,,-1.0,56.0
2015-01-20,Siilinjärvi Kuopio lentoasema,-19.8,,
2015-01-20,Kuopio Maaninka,-23.4,-1.0,39.0
2015-01-20,Lapinlahti Lamminkäyrä,,0.1,34.0
2015-01-20,Suonenjoki Iisvesi,,-1.0,43.0
2015-01-20,Kuopio Karttula,,-1.0,42.0
2015-01-20,Kuopio Ritoniemi,-19.1,,
2015-01-20,Kuopio Savilahti,-20.1,-1.0,38.0
2015-01-20,Heinävesi Palokki,,0.0,38.0
2015-01-20,Outokumpu Viuruniemi,,-1.0,32.0
2015-01-20,Rautavaara Ala-Luosta,,-1.0,31.0
2015-01-20,Rautavaara Ylä-Luosta,-26.3,-1.0,46.0
2015-01-20,Liperi Joensuu lentoasema,-21.8,,
2015-01-20,Juuka Niemelä,-26.2,0.0,35.0
2015-01-20,Joensuu Pyhäselkä,,-1.0,34.0
2015-01-20,Lieksa Koli,,-1.0,48.0
2015-01-20,Liperi Tuiskavanluoto,-18.8,,
2015-01-20,Joensuu Linnunlahti,-20.0,-1.0,38.0
2015-01-20,Lieksa Lampela,-22.5,-1.0,27.0
2015-01-20,Ilomantsi Naarva,,0.1,61.0
2015-01-20,Ilomantsi Pötsönvaara,-19.9,-1.0,61.0
2015-01-20,Ilomantsi Mekrijärvi,-22.7,-1.0,38.0
2015-01-20,Pietarsaari Kallan,-8.9,,
2015-01-20,Kokkola Tankar,-9.6,,
2015-01-20,Kruunupyy Kokkola-Pietarsaari lentoasema,-13.5,,
2015-01-20,Kaustinen Tastula,,-1.0,32.0
2015-01-20,Kalajoki Ulkokalla,-7.6,,
2015-01-20,Kokkola Santahaka,-12.7,-1.0,19.0
2015-01-20,Toholampi Oravala,,-1.0,25.0
2015-01-20,Kalajoki Pitkäsenkylä,,-1.0,55.0
2015-01-20,Kalajoki Mehtäkylä,,-1.0,31.0
2015-01-20,Toholampi Laitala,-16.8,,
2015-01-20,Ylivieska lentokenttä,-21.2,-1.0,29.0
2015-01-20,Ylivieska Vähäkangas,,-1.0,30.0
2015-01-20,Haapavesi Mustikkamäki,-23.4,-1.0,29.0
2015-01-20,Kärsämäki Venetpalo,,-1.0,31.0
2015-01-20,Pyhäjärvi Ojakylä,-25.1,-1.0,38.0
2015-01-20,Pyhäjärvi Hiidenniemi,,-1.0,34.0
2015-01-20,Kiuruvesi Korpijoki,,-1.0,24.0
2015-01-20,Siikalatva Kestilä,,-1.0,32.0
2015-01-20,Kajaani Saaresmäki,,-1.0,60.0
2015-01-20,Kajaani lentoasema,-26.7,,
2015-01-20,Vieremä Kaarakkala,-17.4,-1.0,61.0
2015-01-20,Kajaani Paltaniemi,,-1.0,26.0
2015-01-20,Nurmes Valtimo,-26.1,-1.0,32.0
2015-01-20,Sotkamo Saviaho,,-1.0,51.0
2015-01-20,Ristijärvi Mustavaara,,-1.0,80.0
2015-01-20,Sotkamo Kuolaniemi,-26.3,-1.0,39.0
2015-01-20,Nurmes Mujejärvi,,-1.0,59.0
2015-01-20,Kuhmo Apaja,,0.0,65.0
2015-01-20,Kuhmo Kalliojoki,-24.7,-1.0,54.0
2015-01-20,Raahe Nahkiainen,-9.5,,
2015-01-20,Hailuoto Keskikylä,-19.6,-1.0,29.0
2015-01-20,Kemi I majakka,-10.4,,
2015-01-20,Hailuoto Marjaniemi,-16.1,,
2015-01-20,Raahe Lapaluoto satama,-13.9,,
2015-01-20,Oulu lentoasema,-20.4,,
2015-01-20,Siikajoki Ruukki,-22.1,-1.0,35.0
2015-01-20,Tyrnävä Temmes,,-1.0,32.0
2015-01-20,Oulu Vihreäsaari satama,-17.9,,
2015-01-20,Oulu Oulunsalo Pellonpää,-20.3,-1.0,38.0
2015-01-20,Vaala Pelso,-24.5,-1.0,22.0
2015-01-20,Pudasjärvi lentokenttä,-22.9,-1.0,61.0
2015-01-20,Utajärvi Särkijärvi,,0.0,49.0
2015-01-20,Pudasjärvi Jaurakkajärvi,,-1.0,58.0
2015-01-20,Suomussalmi Näljänkä,,0.1,87.0
2015-01-20,Suomussalmi Pesiö,-27.9,0.0,79.0
2015-01-20,Puolanka Kotila,,-1.0,77.0
2015-01-20,Puolanka Paljakka,-18.0,-1.0,89.0
2015-01-20,Kemi Kemi-Tornio lentoasema,-19.1,,
2015-01-20,Kemi Ajos,-17.8,,
2015-01-20,Tornio Aapajärvi,,0.0,62.0
2015-01-20,Tornio Kaakkuri,-18.0,-1.0,34.0
2015-01-20,Ranua lentokenttä,-22.6,-1.0,65.0
2015-01-20,Pudasjärvi Sarakylä,,0.2,65.0
2015-01-20,Posio Raistakka,,0.2,73.0
2015-01-20,Taivalkoski Inkee,,-1.0,74.0
2015-01-20,Taivalkoski kirkonkylä,-27.7,-1.0,74.0
2015-01-20,Kuusamo lentoasema,-23.4,,
2015-01-20,Kuusamo Kiutaköngäs,-26.6,-1.0,54.0
2015-01-20,Kuusamo Toranginaho,,-1.0,76.0
2015-01-20,Kuusamo Rukatunturi,-15.3,,
2015-01-20,Kuusamo Teeriranta,,-1.0,80.0
2015-01-20,Ylitornio Meltosjärvi,-23.6,-1.0,43.0
2015-01-20,Pello Konttajärvi,,-1.0,62.0
2015-01-20,Kolari Kattilamaa,,-1.0,58.0
2015-01-20,Pello kirkonkylä,-23.7,-1.0,48.0
2015-01-20,Kittilä Alakylä,,-1.0,50.0
2015-01-20,Rovaniemi rautatieasema,-19.8,,
2015-01-20,Sodankylä Tähtelä,-23.8,-1.0,58.0
2015-01-20,Rovaniemi Apukka,-24.5,0.3,45.0
2015-01-20,Pelkosenniemi kirkonkylä,,-1.0,55.0
2015-01-20,Kemijärvi lentokenttä,-19.0,-1.0,61.0
2015-01-20,Savukoski kirkonkylä,-25.1,-1.0,59.0
2015-01-20,Salla Kelloselkä,,-1.0,45.0
2015-01-20,Pelkosenniemi Pyhätunturi,-11.5,,
2015-01-20,Salla kirkonkylä,-23.2,0.0,44.0
2015-01-20,Salla Naruska,-24.1,-1.0,58.0
2015-01-20,Enontekiö Kaaresuvanto,,-1.0,60.0
2015-01-20,Muonio Alamuonio,-29.4,,62.0
2015-01-20,Enontekiö Hetta,,-1.0,62.0
2015-01-20,Kittilä Pulju,,-1.0,70.0
2015-01-20,Kittilä Levitunturi,-13.6,,
2015-01-20,Muonio Laukukero,-14.3,,
2015-01-20,Muonio Sammaltunturi,-15.8,,
2015-01-20,Kittilä Matorova,-14.3,,
2015-01-20,Kittilä lentoasema,-28.3,,
2015-01-20,Kittilä Kenttärova,-15.1,-1.0,70.0
2015-01-20,Kittilä Pakatti,-26.7,-1.0,58.0
2015-01-20,Kittilä Pokka,-25.6,-1.0,74.0
2015-01-20,Sodankylä Lokka,-25.4,-1.0,55.0
2015-01-20,Sodankylä Vuotso,-32.0,-1.0,61.0
2015-01-20,Inari Saariselkä matkailukeskus,-21.6,-1.0,56.0
2015-01-20,Inari Saariselkä Kaunispää,-20.9,,
2015-01-20,Savukoski Ruuvaoja,,-1.0,56.0
2015-01-20,Inari Raja-Jooseppi Kontiojärvi,,-1.0,43.0
2015-01-20,Inari Raja-Jooseppi,-18.3,,
2015-01-20,Salla Värriötunturi,-16.4,-1.0,50.0
2015-01-20,Enontekiö Kilpisjärvi kyläkeskus,-34.5,-1.0,58.0
2015-01-20,Enontekiö Kilpisjärvi Saana,-11.2,,
2015-01-20,Enontekiö Näkkälä,-27.9,-1.0,61.0
2015-01-20,Inari Angeli,,-1.0,72.0
2015-01-20,Inari Angeli Lintupuoliselkä,-22.0,-1.0,55.0
2015-01-20,Inari Ivalo lentoasema,-21.2,,
2015-01-20,Utsjoki Kevo,-20.0,-1.0,46.0
2015-01-20,Utsjoki Nuorgam,-6.8,-1.0,42.0
2015-01-20,Utsjoki Leppälä,,-1.0,50.0
2015-01-20,Inari Väylä,-25.5,,
2015-01-20,Inari kirkonkylä,,-1.0,57.0
2015-01-20,Inari Kaamanen,-20.5,-1.0,51.0
2015-01-20,Inari Nellim,-22.8,-1.0,39.0
2015-01-20,Inari Kirakkajärvi,-17.4,-1.0,45.0
2015-01-20,Muonio Oustajärvi,-32.9,-1.0,66.0
2015-01-20,Kajaani Petäisenniska,-24.5,-1.0,42.0
2015-01-20,Utsjoki Kevo Kevojärvi,-20.5,,
2015-01-20,Inari Seitalaassa,-20.5,,
2015-01-20,Rovaniemi lentoasema AWOS,-18.3,0.2,53.0
2015-01-20,Jyväskylä lentoasema AWOS,-20.3,-1.0,31.0
2015-01-20,Puumala kirkonkylä,-13.3,-1.0,15.0
2015-01-20,Helsinki Vuosaari satama,-2.2,,
2015-01-20,Lumparland Långnäs satama,0.3,0.8,
2015-01-20,Tampere Tampella,-7.5,,
2015-01-20,Kittilä Lompolonvuoma,-15.6,,
2015-01-20,Kuusamo Ruka Talvijärvi,-17.0,,
2015-01-20,Espoo Nuuksio,-3.9,0.3,26.0
2015-01-20,Mikkeli Lentoasema AWOS,-20.1,-1.0,38.0
2015-01-20,Espoo Tapiola,-2.1,0.1,4.0
2015-01-21,Jomala Maarianhamina lentoasema,0.0,,
2015-01-21,Parainen Utö,0.1,0.5,-1.0
2015-01-21,Lemland Nyhamn,0.8,,
2015-01-21,Jomala Jomalaby,-0.4,0.7,-1.0
2015-01-21,Hammarland Märket,0.2,,
2015-01-21,Kökar Bogskär,0.1,,
2015-01-21,Parainen Fagerholm,-1.0,1.1,
2015-01-21,Kumlinge kirkonkylä,-1.0,,
2015-01-21,Hanko Russarö,-0.8,,
2015-01-21,Kaarina Yltöinen,-2.6,0.2,3.0
2015-01-21,Kemiönsaari Vänö,-0.7,,
2015-01-21,Hanko Tulliniemi,-1.0,,
2015-01-21,Turku Rajakari,-1.9,,
2015-01-21,Turku Artukainen,-2.5,-1.0,0.0
2015-01-21,Kemiönsaari Kemiö,-2.1,-1.0,3.0
2015-01-21,Hanko Tvärminne,-1.3,-1.0,2.0
2015-01-21,Salo Kärkkä,-3.2,-1.0,
2015-01-21,Lohja Leppäkorpi,,-1.0,6.0
2015-01-21,Raasepori Jussarö,-1.5,,
2015-01-21,Salo Kiikala lentokenttä,-5.8,-1.0,12.0
2015-01-21,Vantaa Helsinki-Vantaan lentoasema,-6.8,0.1,4.0
2015-01-21,Inkoo Bågaskär,-2.0,,
2015-01-21,Helsinki Kaisaniemi,-3.6,-1.0,3.0
2015-01-21,Lohja Porla,-4.2,-1.0,
2015-01-21,Vihti Maasoja,-6.6,,
2015-01-21,Helsinki Harmaja,-2.7,,
2015-01-21,Kirkkonummi Mäkiluoto,-1.6,,
2015-01-21,Helsinki Helsingin majakka,-2.1,,
2015-01-21,Helsinki Kumpula,-4.0,-1.0,6.0
2015-01-21,Espoo Sepänkylä,-4.2,,
2015-01-21,Helsinki Rautatientori,-3.0,,
2015-01-21,Porvoo Kalbådagrund,-2.9,,
2015-01-21,Porvoo Emäsalo,-4.2,,
2015-01-21,Porvoo Harabacka,-7.8,-1.0,0.0
2015-01-21,Kotka Rankki,-4.6,,
2015-01-21,Loviisa Orrengrund,-3.7,,
2015-01-21,Kotka Haapasaari,-4.5,,
2015-01-21,Pori lentoasema,-7.0,,
2015-01-21,Uusikaupunki Itätulli,,-1.0,-1.0
2015-01-21,Laitila Haukka,,-1.0,0.0
2015-01-21,Kustavi Isokari,-2.2,-1.0,
2015-01-21,Rauma Kylmäpihlaja,-4.8,,
2015-01-21,Pori rautatieasema,-6.9,-1.0,5.0
2015-01-21,Turku lentoasema,-3.2,,
2015-01-21,Kokemäki Rausenkulma,,0.0,7.0
2015-01-21,Lieto Tammentaka,,-1.0,8.0
2015-01-21,Huittinen Sallila,,0.1,10.0
2015-01-21,Köyliö Yttilä,,-1.0,5.0
2015-01-21,Oripää Teinikivi,,-1.0,14.0
2015-01-21,Pöytyä Yläne,,0.0,14.0
2015-01-21,Kokemäki Tulkkila,-7.1,-1.0,11.0
2015-01-21,Jokioinen Ilmala,-7.3,-1.0,12.0
2015-01-21,Nokia Tottijärvi,,-1.0,11.0
2015-01-21,Pirkkala Tampere-Pirkkala lentoasema,-10.5,,
2015-01-21,Tampere Härmälä,-10.6,-1.0,16.0
2015-01-21,Somero Salkola,-7.3,-1.0,26.0
2015-01-21,Hyvinkää Hyvinkäänkylä,-9.3,-1.0,15.0
2015-01-21,Vihti Hiiskula,,-1.0,16.0
2015-01-21,Hausjärvi Lavinto,,-1.0,7.0
2015-01-21,Hämeenlinna Pirttikoski,,-1.0,26.0
2015-01-21,Nurmijärvi Röykkä,-8.4,-1.0,16.0
2015-01-21,Hämeenlinna Katinen,-9.6,-1.0,
2015-01-21,Hattula Lepaa,-10.4,-1.0,20.0
2015-01-21,Lahti Laune,-11.7,-1.0,20.0
2015-01-21,Hämeenlinna Lammi Pappila,-12.0,-1.0,23.0
2015-01-21,Mäntsälä Hirvihaara Kuntomajantie,,-1.0,13.0
2015-01-21,Asikkala Urajärvi,,-1.0,31.0
2015-01-21,Asikkala Pulkkilanharju,-13.4,,
2015-01-21,Hämeenlinna Lammi Evo,-13.1,,
2015-01-21,Kouvola Utti lentoasema,-13.3,0.1,35.0
2015-01-21,Kouvola Anjala,-11.8,-1.0,12.0
2015-01-21,Heinola Asemantaus,-14.6,-1.0,20.0
2015-01-21,Iitti Kausala,,-1.0,23.0
2015-01-21,Kouvola Voikoski,,0.0,22.0
2015-01-21,Virolahti Koivuniemi,-12.2,-1.0,9.0
2015-01-21,Lappeenranta lentoasema,-13.6,,
2015-01-21,Lappeenranta Konnunsuo,-22.2,,
2015-01-21,Lappeenranta Lepola,-12.8,-1.0,19.0
2015-01-21,Ruokolahti Kotaniemi,,0.0,26.0
2015-01-21,Lappeenranta Hiekkapakka,-15.7,,
2015-01-21,Rautjärvi Simpele Kangaskoski,,-1.0,20.0
2015-01-21,Parikkala Koitsanlahti,-14.5,,
2015-01-21,Kaskinen Sälgrund,-6.6,-1.0,
2015-01-21,Merikarvia Tuorila,,-1.0,11.0
2015-01-21,Isojoki Kärjenkoski,,-1.0,15.0
2015-01-21,Teuva Kauppilankylä,,-1.0,12.0
2015-01-21,Pori Tahkoluoto satama,-6.4,,
2015-01-21,Kristiinankaupunki Majakka,,,
2015-01-21,Karvia Alkkia,-11.6,-1.0,27.0
2015-01-21,Pori Lavia,,0.0,4.0
2015-01-21,Ikaalinen Vehuvarpee,,-1.0,23.0
2015-01-21,Kauhajoki kaupunki,,-1.0,17.0
2015-01-21,Kurikka Hirvijärvi,,-1.0,16.0
2015-01-21,Kauhajoki Kuja-Kokko,-10.2,-1.0,5.0
2015-01-21,Kankaanpää Niinisalo lentokenttä,-10.1,-1.0,25.0
2015-01-21,Alavus Sulkavankylä,,-1.0,18.0
2015-01-21,Virrat Äijänneva,-12.7,,
2015-01-21,Tampere Siilinkari,-10.8,,
2015-01-21,Jämsä Halli lentoasema,-14.6,-1.0,24.0
2015-01-21,Juupajoki Hyytiälä,-13.9,-1.0,34.0
2015-01-21,Sysmä Joutsjärvi,,-1.0,19.0
2015-01-21,Luhanka Tammijärvi,,-1.0,32.0
2015-01-21,Jyväskylä Muuratjärvi,,0.5,30.0
2015-01-21,Luhanka Judinsalo,-13.3,,
2015-01-21,Multia Pirttiperä,,-1.0,40.0
2015-01-21,Joutsa Savenaho,-17.9,-1.0,35.0
2015-01-21,Kangasniemi kirkonkylä,,-1.0,46.0
2015-01-21,Joutsa Pärnämäki,,-1.0,34.0
2015-01-21,Mikkeli Pitkähiekka,,0.0,24.0
2015-01-21,Juva Partala,-17.5,,
2015-01-21,Joroinen Varkaus lentoasema,-16.1,,
2015-01-21,Varkaus Kosulanniemi,-15.0,-1.0,30.0
2015-01-21,Savonlinna Laukansaari,,-1.0,15.0
2015-01-21,Sulkava Halttula,,-1.0,27.0
2015-01-21,Savonlinna lentoasema,-19.4,,
2015-01-21,Rantasalmi Rukkasluoto,-16.9,,
2015-01-21,Savonlinna Punkaharju Laukansaari,-17.6,-1.0,24.0
2015-01-21,Enonkoski Simanala,,-1.0,31.0
2015-01-21,Savonlinna Savonranta,,0.0,22.0
2015-01-21,Rääkkylä kirkonkylä,,0.0,30.0
2015-01-21,Tohmajärvi Kemie,-25.1,-1.0,40.0
2015-01-21,Joensuu Huhtilampi,,-1.0,50.0
2015-01-21,Vaasa lentoasema,-9.4,,
2015-01-21,Mustasaari Valassaaret,-6.6,,
2015-01-21,Närpiö Ylimarkku,,-1.0,-1.0
2015-01-21,Mustasaari Riimala,,-1.0,15.0
2015-01-21,Kurikka Pyörni,,-1.0,20.0
2015-01-21,Korsnäs Bredskäret,-8.0,,
2015-01-21,Maalahti Strömmingsbådan,-6.5,,
2015-01-21,Vaasa Klemettilä,-9.0,-1.0,5.0
2015-01-21,Seinäjoki Pelmaa,-10.4,-1.0,18.0
2015-01-21,Kauhava lentokenttä,-11.4,-1.0,25.0
2015-01-21,Ähtäri Inha,-14.9,0.0,35.0
2015-01-21,Halsua Purola,-17.5,-1.0,40.0
2015-01-21,Alajärvi Möksy,-17.1,-1.0,33.0
2015-01-21,Multia Karhila,-14.9,-1.0,35.0
2015-01-21,Viitasaari Haapaniemi,-17.7,-1.0,31.0
2015-01-21,Äänekoski Kalaniemi,,0.2,33.0
2015-01-21,Viitasaari Kärnä,,0.2,49.0
2015-01-21,Vesanto kirkonkylä,-16.3,-1.0,40.0
2015-01-21,Pielavesi Venetmäki,,0.5,56.0
2015-01-21,Siilinjärvi Kuopio lentoasema,-17.3,,
2015-01-21,Kuopio Maaninka,-20.2,-1.0,39.0
2015-01-21,Lapinlahti Lamminkäyrä,,0.3,34.0
2015-01-21,Suonenjoki Iisvesi,,0.1,43.0
2015-01-21,Kuopio Karttula,,-1.0,41.0
2015-01-21,Kuopio Ritoniemi,-15.9,,
2015-01-21,Kuopio Savilahti,-15.4,-1.0,38.0
2015-01-21,Heinävesi Palokki,,0.2,38.0
2015-01-21,Outokumpu Viuruniemi,,0.0,32.0
2015-01-21,Rautavaara Ala-Luosta,,0.2,31.0
2015-01-21,Rautavaara Ylä-Luosta,-23.1,-1.0,46.0
2015-01-21,Liperi Joensuu lentoasema,-23.4,,
2015-01-21,Juuka Niemelä,-25.2,0.0,35.0
2015-01-21,Joensuu Pyhäselkä,,-1.0,33.0
2015-01-21,Lieksa Koli,,-1.0,48.0
2015-01-21,Liperi Tuiskavanluoto,-21.6,,
2015-01-21,Joensuu Linnunlahti,-22.7,-1.0,38.0
2015-01-21,Lieksa Lampela,-24.6,-1.0,27.0
2015-01-21,Ilomantsi Naarva,,0.8,61.0
2015-01-21,Ilomantsi Pötsönvaara,-22.1,-1.0,61.0
2015-01-21,Ilomantsi Mekrijärvi,-28.6,-1.0,38.0
2015-01-21,Pietarsaari Kallan,-9.0,,
2015-01-21,Kokkola Tankar,-9.4,,
2015-01-21,Kruunupyy Kokkola-Pietarsaari lentoasema,-11.7,,
2015-01-21,Kaustinen Tastula,,-1.0,32.0
2015-01-21,Kalajoki Ulkokalla,-8.2,,
2015-01-21,Kokkola Santahaka,-11.0,-1.0,19.0
2015-01-21,Toholampi Oravala,,-1.0,25.0
2015-01-21,Kalajoki Pitkäsenkylä,,-1.0,39.0
2015-01-21,Kalajoki Mehtäkylä,,-1.0,31.0
2015-01-21,Toholampi Laitala,-16.0,,
2015-01-21,Ylivieska lentokenttä,-17.2,-1.0,29.0
2015-01-21,Ylivieska Vähäkangas,,-1.0,30.0
2015-01-21,Haapavesi Mustikkamäki,-19.6,0.0,29.0
2015-01-21,Kärsämäki Venetpalo,,-1.0,31.0
2015-01-21,Pyhäjärvi Ojakylä,-22.4,-1.0,38.0
2015-01-21,Pyhäjärvi Hiidenniemi,,-1.0,34.0
2015-01-21,Kiuruvesi Korpijoki,,-1.0,24.0
2015-01-21,Siikalatva Kestilä,,-1.0,32.0
2015-01-21,Kajaani Saaresmäki,,-1.0,60.0
2015-01-21,Kajaani lentoasema,-23.0,,
2015-01-21,Vieremä Kaarakkala,-20.9,-1.0,60.0
2015-01-21,Kajaani Paltaniemi,,0.1,26.0
2015-01-21,Nurmes Valtimo,-24.9,-1.0,32.0
2015-01-21,Sotkamo Saviaho,,0.0,51.0
2015-01-21,Ristijärvi Mustavaara,,-1.0,80.0
2015-01-21,Sotkamo Kuolaniemi,-27.0,-1.0,39.0
2015-01-21,Nurmes Mujejärvi,,0.0,59.0
2015-01-21,Kuhmo Apaja,,0.0,65.0
2015-01-21,Kuhmo Kalliojoki,-22.4,0.3,54.0
2015-01-21,Raahe Nahkiainen,-8.4,,
2015-01-21,Hailuoto Keskikylä,-10.1,-1.0,30.0
2015-01-21,Kemi I majakka,-7.8,,
2015-01-21,Hailuoto Marjaniemi,-7.9,,
2015-01-21,Raahe Lapaluoto satama,-10.1,,
2015-01-21,Oulu lentoasema,-12.9,,
2015-01-21,Siikajoki Ruukki,-12.6,-1.0,35.0
2015-01-21,Tyrnävä Temmes,,-1.0,32.0
2015-01-21,Oulu Vihreäsaari satama,-12.1,,
2015-01-21,Oulu Oulunsalo Pellonpää,-12.9,-1.0,38.0
2015-01-21,Vaala Pelso,-17.8,-1.0,23.0
2015-01-21,Pudasjärvi lentokenttä,-21.8,-1.0,60.0
2015-01-21,Utajärvi Särkijärvi,,0.0,47.0
2015-01-21,Pudasjärvi Jaurakkajärvi,,-1.0,58.0
2015-01-21,Suomussalmi Näljänkä,,0.0,86.0
2015-01-21,Suomussalmi Pesiö,-20.7,0.0,78.0
2015-01-21,Puolanka Kotila,,-1.0,76.0
2015-01-21,Puolanka Paljakka,-16.3,-1.0,88.0
2015-01-21,Kemi Kemi-Tornio lentoasema,-17.8,,
2015-01-21,Kemi Ajos,-15.1,,
2015-01-21,Tornio Aapajärvi,,0.4,62.0
2015-01-21,Tornio Kaakkuri,-17.4,0.1,34.0
2015-01-21,Ranua lentokenttä,-19.6,-1.0,65.0
2015-01-21,Pudasjärvi Sarakylä,,-1.0,65.0
2015-01-21,Posio Raistakka,,0.1,71.0
2015-01-21,Taivalkoski Inkee,,0.3,74.0
2015-01-21,Taivalkoski kirkonkylä,-22.0,-1.0,73.0
2015-01-21,Kuusamo lentoasema,-19.8,,
2015-01-21,Kuusamo Kiutaköngäs,-26.4,-1.0,54.0
2015-01-21,Kuusamo Toranginaho,,-1.0,74.0
2015-01-21,Kuusamo Rukatunturi,-15.3,,
2015-01-21,Kuusamo Teeriranta,,-1.0,80.0
2015-01-21,Ylitornio Meltosjärvi,-21.8,-1.0,43.0
2015-01-21,Pello Konttajärvi,,-1.0,62.0
2015-01-21,Kolari Kattilamaa,,-1.0,58.0
2015-01-21,Pello kirkonkylä,-23.6,-1.0,48.0
2015-01-21,Kittilä Alakylä,,-1.0,58.0
2015-01-21,Rovaniemi rautatieasema,-19.0,,
2015-01-21,Sodankylä Tähtelä,-28.3,-1.0,57.0
2015-01-21,Rovaniemi Apukka,-21.1,0.1,46.0
2015-01-21,Pelkosenniemi kirkonkylä,,-1.0,54.0
2015-01-21,Kemijärvi lentokenttä,-21.1,-1.0,60.0
2015-01-21,Savukoski kirkonkylä,-28.2,0.0,59.0
2015-01-21,Salla Kelloselkä,,-1.0,45.0
2015-01-21,Pelkosenniemi Pyhätunturi,-13.9,,
2015-01-21,Salla kirkonkylä,-23.7,0.0,44.0
2015-01-21,Salla Naruska,-26.7,-1.0,58.0
2015-01-21,Enontekiö Kaaresuvanto,,-1.0,60.0
2015-01-21,Muonio Alamuonio,-32.3,,62.0
2015-01-21,Enontekiö Hetta,,-1.0,62.0
2015-01-21,Kittilä Pulju,,-1.0,70.0
2015-01-21,Kittilä Levitunturi,-12.5,,
2015-01-21,Muonio Laukukero,-10.5,,
2015-01-21,Muonio Sammaltunturi,-12.7,,
2015-01-21,Kittilä Matorova,-22.7,,
2015-01-21,Kittilä lentoasema,-29.6,,
2015-01-21,Kittilä Kenttärova,-23.1,-1.0,69.0
2015-01-21,Kittilä Pakatti,-28.5,-1.0,58.0
2015-01-21,Kittilä Pokka,-27.2,-1.0,72.0
2015-01-21,Sodankylä Lokka,-28.2,-1.0,55.0
2015-01-21,Sodankylä Vuotso,-33.5,-1.0,61.0
2015-01-21,Inari Saariselkä matkailukeskus,-25.2,-1.0,56.0
2015-01-21,Inari Saariselkä Kaunispää,-19.3,,
2015-01-21,Savukoski Ruuvaoja,,-1.0,56.0
2015-01-21,Inari Raja-Jooseppi Kontiojärvi,,-1.0,42.0
2015-01-21,Inari Raja-Jooseppi,-19.8,,
2015-01-21,Salla Värriötunturi,-17.5,-1.0,50.0
2015-01-21,Enontekiö Kilpisjärvi kyläkeskus,-30.8,-1.0,56.0
2015-01-21,Enontekiö Kilpisjärvi Saana,-9.8,,
2015-01-21,Enontekiö Näkkälä,-32.1,-1.0,60.0
2015-01-21,Inari Angeli,,-1.0,72.0
2015-01-21,Inari Angeli Lintupuoliselkä,-22.5,-1.0,54.0
2015-01-21,Inari Ivalo lentoasema,-22.1,,
2015-01-21,Utsjoki Kevo,-25.5,-1.0,46.0
2015-01-21,Utsjoki Nuorgam,-15.4,-1.0,41.0
2015-01-21,Utsjoki Leppälä,,-1.0,50.0
2015-01-21,Inari Väylä,-29.7,,
2015-01-21,Inari kirkonkylä,,-1.0,55.0
2015-01-21,Inari Kaamanen,-23.8,-1.0,50.0
2015-01-21,Inari Nellim,-25.5,-1.0,38.0
2015-01-21,Inari Kirakkajärvi,-18.2,-1.0,45.0
2015-01-21,Muonio Oustajärvi,-33.8,-1.0,65.0
2015-01-21,Kajaani Petäisenniska,-23.0,-1.0,41.0
2015-01-21,Utsjoki Kevo Kevojärvi,-26.6,,
2015-01-21,Inari Seitalaassa,-24.1,,
2015-01-21,Rovaniemi lentoasema AWOS,-18.7,0.3,53.0
2015-01-21,Jyväskylä lentoasema AWOS,-19.1,0.3,31.0
2015-01-21,Puumala kirkonkylä,-14.2,-1.0,15.0
2015-01-21,Helsinki Vuosaari satama,-3.6,,
2015-01-21,Lumparland Långnäs satama,-0.2,0.4,-1.0
2015-01-21,Tampere Tampella,-10.2,,
2015-01-21,Kittilä Lompolonvuoma,-28.1,,
2015-01-21,Kuusamo Ruka Talvijärvi,-16.3,,
2015-01-21,Espoo Nuuksio,-6.0,-1.0,25.0
2015-01-21,Mikkeli Lentoasema AWOS,-18.7,-1.0,38.0
2015-01-21,Espoo Tapiola,-3.6,-1.0,5.0
2015-01-22,Jomala Maarianhamina lentoasema,-1.5,,
2015-01-22,Parainen Utö,-0.9,2.3,0.0
2015-01-22,Lemland Nyhamn,-0.7,,
2015-01-22,Jomala Jomalaby,-2.0,4.3,0.0
2015-01-22,Hammarland Märket,-1.2,,
2015-01-22,Kökar Bogskär,-0.1,,
2015-01-22,Parainen Fagerholm,-3.5,2.7,
2015-01-22,Kumlinge kirkonkylä,-3.1,,
2015-01-22,Hanko Russarö,-2.3,,
2015-01-22,Kaarina Yltöinen,-5.9,2.1,4.0
2015-01-22,Kemiönsaari Vänö,-2.6,,
2015-01-22,Hanko Tulliniemi,-2.7,,
2015-01-22,Turku Rajakari,-4.9,,
2015-01-22,Turku Artukainen,-5.9,1.0,0.0
2015-01-22,Kemiönsaari Kemiö,-5.3,1.2,3.0
2015-01-22,Hanko Tvärminne,-3.0,0.6,2.0
2015-01-22,Salo Kärkkä,-6.1,0.9,
2015-01-22,Lohja Leppäkorpi,,1.2,6.0
2015-01-22,Raasepori Jussarö,-3.0,,
2015-01-22,Salo Kiikala lentokenttä,-8.4,0.8,12.0
2015-01-22,Vantaa Helsinki-Vantaan lentoasema,-8.6,0.5,4.0
2015-01-22,Inkoo Bågaskär,-3.6,,
2015-01-22,Helsinki Kaisaniemi,-6.6,0.5,3.0
2015-01-22,Lohja Porla,-7.2,0.2,11.0
2015-01-22,Vihti Maasoja,-8.6,,
2015-01-22,Helsinki Harmaja,-5.0,,
2015-01-22,Kirkkonummi Mäkiluoto,-2.9,,
2015-01-22,Helsinki Helsingin majakka,-2.9,,
2015-01-22,Helsinki Kumpula,-7.3,0.6,6.0
2015-01-22,Espoo Sepänkylä,-7.3,,
2015-01-22,Helsinki Rautatientori,-6.4,,
2015-01-22,Porvoo Kalbådagrund,-3.6,,
2015-01-22,Porvoo Emäsalo,-6.3,,
2015-01-22,Porvoo Harabacka,-9.0,0.5,0.0
2015-01-22,Kotka Rankki,-6.7,,
2015-01-22,Loviisa Orrengrund,-5.1,,
2015-01-22,Kotka Haapasaari,-5.9,,
2015-01-22,Pori lentoasema,-10.6,,
2015-01-22,Uusikaupunki Itätulli,,0.8,-1.0
2015-01-22,Laitila Haukka,,0.7,0.0
2015-01-22,Kustavi Isokari,-5.3,0.8,
2015-01-22,Rauma Kylmäpihlaja,-7.8,,
2015-01-22,Pori rautatieasema,-10.5,1.0,5.0
2015-01-22,Turku lentoasema,-6.9,,
2015-01-22,Kokemäki Rausenkulma,,1.9,7.0
2015-01-22,Lieto Tammentaka,,2.5,8.0
2015-01-22,Huittinen Sallila,,1.8,10.0
2015-01-22,Köyliö Yttilä,,1.7,5.0
2015-01-22,Oripää Teinikivi,,0.2,14.0
2015-01-22,Pöytyä Yläne,,1.8,14.0
2015-01-22,Kokemäki Tulkkila,-10.9,0.9,11.0
2015-01-22,Jokioinen Ilmala,-10.0,0.7,13.0
2015-01-22,Nokia Tottijärvi,,1.6,11.0
2015-01-22,Pirkkala Tampere-Pirkkala lentoasema,-13.1,,
2015-01-22,Tampere Härmälä,-12.9,1.2,16.0
2015-01-22,Somero Salkola,-9.8,0.5,26.0
2015-01-22,Hyvinkää Hyvinkäänkylä,-10.1,0.3,16.0
2015-01-22,Vihti Hiiskula,,0.3,16.0
2015-01-22,Hausjärvi Lavinto,,1.8,7.0
2015-01-22,Hämeenlinna Pirttikoski,,0.3,26.0
2015-01-22,Nurmijärvi Röykkä,-9.5,0.5,16.0
2015-01-22,Hämeenlinna Katinen,-12.0,1.5,
2015-01-22,Hattula Lepaa,-12.6,1.7,20.0
2015-01-22,Lahti Laune,-12.3,1.5,20.0
2015-01-22,Hämeenlinna Lammi Pappila,-13.1,2.2,23.0
2015-01-22,Mäntsälä Hirvihaara Kuntomajantie,,1.1,13.0
2015-01-22,Asikkala Urajärvi,,1.8,31.0
2015-01-22,Asikkala Pulkkilanharju,-12.6,,
2015-01-22,Hämeenlinna Lammi Evo,-13.7,,
2015-01-22,Kouvola Utti lentoasema,-12.2,2.0,34.0
2015-01-22,Kouvola Anjala,-10.8,1.6,12.0
2015-01-22,Heinola Asemantaus,-13.9,1.8,20.0
2015-01-22,Iitti Kausala,,1.5,22.0
2015-01-22,Kouvola Voikoski,,1.1,22.0
2015-01-22,Virolahti Koivuniemi,-11.0,1.7,9.0
2015-01-22,Lappeenranta lentoasema,-11.8,,
2015-01-22,Lappeenranta Konnunsuo,-14.7,,
2015-01-22,Lappeenranta Lepola,-11.6,2.5,19.0
2015-01-22,Ruokolahti Kotaniemi,,1.9,26.0
2015-01-22,Lappeenranta Hiekkapakka,-13.9,,
2015-01-22,Rautjärvi Simpele Kangaskoski,,1.4,20.0
2015-01-22,Parikkala Koitsanlahti,-15.2,,
2015-01-22,Kaskinen Sälgrund,-10.5,1.3,
2015-01-22,Merikarvia Tuorila,,2.3,11.0
2015-01-22,Isojoki Kärjenkoski,,2.0,15.0
2015-01-22,Teuva Kauppilankylä,,2.5,12.0
2015-01-22,Pori Tahkoluoto satama,-10.1,,
2015-01-22,Karvia Alkkia,-14.8,1.4,26.0
2015-01-22,Pori Lavia,,2.0,4.0
2015-01-22,Ikaalinen Vehuvarpee,,1.4,23.0
2015-01-22,Kauhajoki kaupunki,,2.7,17.0
2015-01-22,Kurikka Hirvijärvi,,2.7,16.0
2015-01-22,Kauhajoki Kuja-Kokko,-13.5,2.2,5.0
2015-01-22,Kankaanpää Niinisalo lentokenttä,-13.1,1.8,25.0
2015-01-22,Alavus Sulkavankylä,,1.0,18.0
2015-01-22,Virrat Äijänneva,-15.0,,
2015-01-22,Tampere Siilinkari,-12.8,,
2015-01-22,Jämsä Halli lentoasema,-15.0,2.0,24.0
2015-01-22,Juupajoki Hyytiälä,-15.5,2.5,34.0
2015-01-22,Sysmä Joutsjärvi,,1.4,19.0
2015-01-22,Luhanka Tammijärvi,,1.5,32.0
2015-01-22,Jyväskylä Muuratjärvi,,1.0,31.0
2015-01-22,Luhanka Judinsalo,-14.0,,
2015-01-22,Multia Pirttiperä,,2.0,40.0
2015-01-22,Joutsa Savenaho,-15.5,1.3,35.0
2015-01-22,Kangasniemi kirkonkylä,,2.3,46.0
2015-01-22,Joutsa Pärnämäki,,1.5,34.0
2015-01-22,Mikkeli Pitkähiekka,,1.3,24.0
2015-01-22,Juva Partala,-18.9,,
2015-01-22,Joroinen Varkaus lentoasema,-20.2,,
2015-01-22,Varkaus Kosulanniemi,-21.7,0.4,30.0
2015-01-22,Savonlinna Laukansaari,,0.6,15.0
2015-01-22,Sulkava Halttula,,2.1,27.0
2015-01-22,Savonlinna lentoasema,-22.1,,
2015-01-22,Rantasalmi Rukkasluoto,-20.0,,
2015-01-22,Savonlinna Punkaharju Laukansaari,-20.5,0.9,23.0
2015-01-22,Enonkoski Simanala,,1.5,31.0
2015-01-22,Savonlinna Savonranta,,-1.0,22.0
2015-01-22,Rääkkylä kirkonkylä,,0.0,30.0
2015-01-22,Tohmajärvi Kemie,-27.4,-1.0,40.0
2015-01-22,Joensuu Huhtilampi,,-1.0,50.0
2015-01-22,Vaasa lentoasema,-13.9,,
2015-01-22,Mustasaari Valassaaret,-10.4,,
2015-01-22,Närpiö Ylimarkku,,2.3,-1.0
2015-01-22,Mustasaari Riimala,,1.7,14.0
2015-01-22,Kurikka Pyörni,,2.4,20.0
2015-01-22,Korsnäs Bredskäret,-12.2,,
2015-01-22,Maalahti Strömmingsbådan,-10.8,,
2015-01-22,Vaasa Klemettilä,-13.5,1.1,5.0
2015-01-22,Seinäjoki Pelmaa,-14.6,1.6,18.0
2015-01-22,Kauhava lentokenttä,-16.3,0.4,25.0
2015-01-22,Ähtäri Inha,-16.3,1.1,35.0
2015-01-22,Halsua Purola,-19.6,-1.0,40.0
2015-01-22,Alajärvi Möksy,-17.2,0.3,33.0
2015-01-22,Multia Karhila,-16.1,0.8,35.0
2015-01-22,Viitasaari Haapaniemi,-19.8,-1.0,31.0
2015-01-22,Äänekoski Kalaniemi,,0.1,33.0
2015-01-22,Viitasaari Kärnä,,-1.0,48.0
2015-01-22,Vesanto kirkonkylä,-19.3,-1.0,40.0
2015-01-22,Pielavesi Venetmäki,,-1.0,56.0
2015-01-22,Siilinjärvi Kuopio lentoasema,-21.3,,
2015-01-22,Kuopio Maaninka,-24.2,-1.0,39.0
2015-01-22,Lapinlahti Lamminkäyrä,,-1.0,35.0
2015-01-22,Suonenjoki Iisvesi,,-1.0,43.0
2015-01-22,Kuopio Karttula,,-1.0,40.0
2015-01-22,Kuopio Ritoniemi,-21.2,,
2015-01-22,Kuopio Savilahti,-20.1,-1.0,39.0
2015-01-22,Heinävesi Palokki,,-1.0,39.0
2015-01-22,Outokumpu Viuruniemi,,-1.0,32.0
2015-01-22,Rautavaara Ala-Luosta,,-1.0,31.0
2015-01-22,Rautavaara Ylä-Luosta,-22.2,-1.0,46.0
2015-01-22,Liperi Joensuu lentoasema,-22.8,,
2015-01-22,Juuka Niemelä,-21.2,0.0,35.0
2015-01-22,Joensuu Pyhäselkä,,-1.0,33.0
2015-01-22,Lieksa Koli,,-1.0,48.0
2015-01-22,Liperi Tuiskavanluoto,-22.9,,
2015-01-22,Joensuu Linnunlahti,-22.9,-1.0,37.0
2015-01-22,Lieksa Lampela,-20.5,-1.0,27.0
2015-01-22,Ilomantsi Naarva,,0.0,61.0
2015-01-22,Ilomantsi Pötsönvaara,-18.1,-1.0,61.0
2015-01-22,Ilomantsi Mekrijärvi,-23.5,-1.0,37.0
2015-01-22,Pietarsaari Kallan,-15.5,,
2015-01-22,Kokkola Tankar,-15.8,,
2015-01-22,Kruunupyy Kokkola-Pietarsaari lentoasema,-19.0,,
2015-01-22,Kaustinen Tastula,,-1.0,32.0
2015-01-22,Kalajoki Ulkokalla,-14.7,,
2015-01-22,Kokkola Santahaka,-18.4,-1.0,19.0
2015-01-22,Toholampi Oravala,,-1.0,25.0
2015-01-22,Kalajoki Pitkäsenkylä,,-1.0,39.0
2015-01-22,Kalajoki Mehtäkylä,,-1.0,31.0
2015-01-22,Toholampi Laitala,-20.7,,
2015-01-22,Ylivieska lentokenttä,-22.1,-1.0,29.0
2015-01-22,Ylivieska Vähäkangas,,-1.0,30.0
2015-01-22,Haapavesi Mustikkamäki,-22.4,-1.0,29.0
2015-01-22,Kärsämäki Venetpalo,,-1.0,31.0
2015-01-22,Pyhäjärvi Ojakylä,-22.0,-1.0,38.0
2015-01-22,Pyhäjärvi Hiidenniemi,,-1.0,34.0
2015-01-22,Kiuruvesi Korpijoki,,-1.0,24.0
2015-01-22,Siikalatva Kestilä,,-1.0,32.0
2015-01-22,Kajaani Saaresmäki,,-1.0,60.0
2015-01-22,Kajaani lentoasema,-21.1,,
2015-01-22,Vieremä Kaarakkala,-20.8,-1.0,60.0
2015-01-22,Kajaani Paltaniemi,,0.1,26.0
2015-01-22,Nurmes Valtimo,-20.5,-1.0,32.0
2015-01-22,Sotkamo Saviaho,,0.0,51.0
2015-01-22,Ristijärvi Mustavaara,,-1.0,80.0
2015-01-22,Sotkamo Kuolaniemi,-18.5,-1.0,39.0
2015-01-22,Nurmes Mujejärvi,,-1.0,59.0
2015-01-22,Kuhmo Apaja,,0.4,65.0
2015-01-22,Kuhmo Kalliojoki,-20.7,-1.0,55.0
2015-01-22,Raahe Nahkiainen,-14.7,,
2015-01-22,Hailuoto Keskikylä,-19.0,-1.0,29.0
2015-01-22,Kemi I majakka,-12.9,,
2015-01-22,Hailuoto Marjaniemi,-18.1,,
2015-01-22,Raahe Lapaluoto satama,-18.6,,
2015-01-22,Oulu lentoasema,-19.5,,
2015-01-22,Siikajoki Ruukki,-21.7,-1.0,35.0
2015-01-22,Tyrnävä Temmes,,-1.0,32.0
2015-01-22,Oulu Vihreäsaari satama,-17.2,,
2015-01-22,Oulu Oulunsalo Pellonpää,-19.5,-1.0,38.0
2015-01-22,Vaala Pelso,-19.5,-1.0,22.0
2015-01-22,Pudasjärvi lentokenttä,-22.1,-1.0,59.0
2015-01-22,Utajärvi Särkijärvi,,-1.0,47.0
2015-01-22,Pudasjärvi Jaurakkajärvi,,-1.0,58.0
2015-01-22,Suomussalmi Näljänkä,,0.0,85.0
2015-01-22,Suomussalmi Pesiö,-16.3,0.0,77.0
2015-01-22,Puolanka Kotila,,-1.0,75.0
2015-01-22,Puolanka Paljakka,-18.1,-1.0,86.0
2015-01-22,Kemi Kemi-Tornio lentoasema,-16.1,,
2015-01-22,Kemi Ajos,-16.6,,
2015-01-22,Tornio Aapajärvi,,0.0,62.0
2015-01-22,Tornio Kaakkuri,-15.8,-1.0,34.0
2015-01-22,Ranua lentokenttä,-18.1,-1.0,64.0
2015-01-22,Pudasjärvi Sarakylä,,-1.0,63.0
2015-01-22,Posio Raistakka,,0.0,69.0
2015-01-22,Taivalkoski Inkee,,0.0,74.0
2015-01-22,Taivalkoski kirkonkylä,-16.9,-1.0,71.0
2015-01-22,Kuusamo lentoasema,-16.8,,
2015-01-22,Kuusamo Kiutaköngäs,-23.4,-1.0,53.0
2015-01-22,Kuusamo Toranginaho,,-1.0,74.0
2015-01-22,Kuusamo Rukatunturi,-13.6,,
2015-01-22,Kuusamo Teeriranta,,-1.0,80.0
2015-01-22,Ylitornio Meltosjärvi,-16.2,-1.0,43.0
2015-01-22,Pello Konttajärvi,,0.5,62.0
2015-01-22,Kolari Kattilamaa,,0.3,50.0
2015-01-22,Pello kirkonkylä,-16.8,0.4,48.0
2015-01-22,Kittilä Alakylä,,-1.0,58.0
2015-01-22,Rovaniemi rautatieasema,-15.5,,
2015-01-22,Sodankylä Tähtelä,-21.2,-1.0,58.0
2015-01-22,Rovaniemi Apukka,-17.9,0.1,44.0
2015-01-22,Pelkosenniemi kirkonkylä,,0.1,54.0
2015-01-22,Kemijärvi lentokenttä,-20.3,-1.0,59.0
2015-01-22,Savukoski kirkonkylä,-24.2,0.4,59.0
2015-01-22,Salla Kelloselkä,,-1.0,45.0
2015-01-22,Pelkosenniemi Pyhätunturi,-12.4,,
2015-01-22,Salla kirkonkylä,-24.5,0.1,44.0
2015-01-22,Salla Naruska,-26.1,-1.0,58.0
2015-01-22,Enontekiö Kaaresuvanto,,-1.0,60.0
2015-01-22,Muonio Alamuonio,-26.1,,62.0
2015-01-22,Enontekiö Hetta,,-1.0,62.0
2015-01-22,Kittilä Pulju,,0.3,70.0
2015-01-22,Kittilä Levitunturi,-15.1,,
2015-01-22,Muonio Laukukero,-13.8,,
2015-01-22,Muonio Sammaltunturi,-15.3,,
2015-01-22,Kittilä Matorova,-19.0,,
2015-01-22,Kittilä lentoasema,-23.7,,
2015-01-22,Kittilä Kenttärova,-17.6,-1.0,68.0
2015-01-22,Kittilä Pakatti,-22.7,0.1,58.0
2015-01-22,Kittilä Pokka,-25.8,-1.0,71.0
2015-01-22,Sodankylä Lokka,-21.7,-1.0,54.0
2015-01-22,Sodankylä Vuotso,-23.6,-1.0,61.0
2015-01-22,Inari Saariselkä matkailukeskus,-21.0,-1.0,56.0
2015-01-22,Inari Saariselkä Kaunispää,-19.6,,
2015-01-22,Savukoski Ruuvaoja,,0.4,55.0
2015-01-22,Inari Raja-Jooseppi Kontiojärvi,,-1.0,42.0
2015-01-22,Inari Raja-Jooseppi,-19.3,,
2015-01-22,Salla Värriötunturi,-16.4,0.2,50.0
2015-01-22,Enontekiö Kilpisjärvi kyläkeskus,-28.8,-1.0,56.0
2015-01-22,Enontekiö Kilpisjärvi Saana,-11.4,,
2015-01-22,Enontekiö Näkkälä,-24.2,-1.0,60.0
2015-01-22,Inari Angeli,,-1.0,71.0
2015-01-22,Inari Angeli Lintupuoliselkä,-23.4,-1.0,54.0
2015-01-22,Inari Ivalo lentoasema,-22.0,,
2015-01-22,Utsjoki Kevo,-30.3,0.0,46.0
2015-01-22,Utsjoki Nuorgam,-23.4,-1.0,41.0
2015-01-22,Utsjoki Leppälä,,-1.0,49.0
2015-01-22,Inari Väylä,-32.4,,
2015-01-22,Inari kirkonkylä,,-1.0,55.0
2015-01-22,Inari Kaamanen,-26.9,-1.0,50.0
2015-01-22,Inari Nellim,-28.2,-1.0,38.0
2015-01-22,Inari Kirakkajärvi,-28.4,-1.0,45.0
2015-01-22,Muonio Oustajärvi,-25.9,0.5,65.0
2015-01-22,Kajaani Petäisenniska,-18.7,-1.0,41.0
2015-01-22,Utsjoki Kevo Kevojärvi,-32.3,,
2015-01-22,Inari Seitalaassa,-26.5,,
2015-01-22,Rovaniemi lentoasema AWOS,-16.0,0.3,54.0
2015-01-22,Jyväskylä lentoasema AWOS,-16.0,1.3,32.0
2015-01-22,Puumala kirkonkylä,-15.0,1.2,15.0
2015-01-22,Helsinki Vuosaari satama,-6.9,,
2015-01-22,Lumparland Långnäs satama,-1.6,3.7,0.0
2015-01-22,Tampere Tampella,-12.3,,
2015-01-22,Kittilä Lompolonvuoma,-24.1,,
2015-01-22,Kuusamo Ruka Talvijärvi,-15.7,,
2015-01-22,Espoo Nuuksio,-8.6,0.7,26.0
2015-01-22,Mikkeli Lentoasema AWOS,-15.7,1.1,37.0
2015-01-22,Espoo Tapiola,-6.8,0.5,5.0
2015-01-23,Jomala Maarianhamina lentoasema,-1.1,,
2015-01-23,Parainen Utö,0.5,0.6,1.0
2015-01-23,Lemland Nyhamn,-0.4,,
2015-01-23,Jomala Jomalaby,-1.4,0.7,7.0
2015-01-23,Hammarland Märket,-2.0,,
2015-01-23,Kökar Bogskär,-0.2,,
2015-01-23,Parainen Fagerholm,-1.5,2.8,
2015-01-23,Kumlinge kirkonkylä,-1.8,,
2015-01-23,Hanko Russarö,-0.3,,
2015-01-23,Kaarina Yltöinen,-4.4,2.2,6.0
2015-01-23,Kemiönsaari Vänö,-0.4,,
2015-01-23,Hanko Tulliniemi,-0.5,,
2015-01-23,Turku Rajakari,-3.3,,
2015-01-23,Turku Artukainen,-4.1,1.1,3.0
2015-01-23,Kemiönsaari Kemiö,-3.9,1.8,3.0
2015-01-23,Hanko Tvärminne,-1.3,0.6,2.0
2015-01-23,Salo Kärkkä,-4.3,2.2,
2015-01-23,Lohja Leppäkorpi,,4.0,7.0
2015-01-23,Raasepori Jussarö,-1.2,,
2015-01-23,Salo Kiikala lentokenttä,-6.0,2.0,14.0
2015-01-23,Vantaa Helsinki-Vantaan lentoasema,-4.8,1.1,5.0
2015-01-23,Inkoo Bågaskär,-1.6,,
2015-01-23,Helsinki Kaisaniemi,-3.3,1.4,3.0
2015-01-23,Lohja Porla,-4.5,2.2,11.0
2015-01-23,Vihti Maasoja,-5.8,,
2015-01-23,Helsinki Harmaja,-2.3,,
2015-01-23,Kirkkonummi Mäkiluoto,-1.4,,
2015-01-23,Helsinki Helsingin majakka,-1.4,,
2015-01-23,Helsinki Kumpula,-3.8,0.5,6.0
2015-01-23,Espoo Sepänkylä,-3.9,,
2015-01-23,Helsinki Rautatientori,-3.0,,
2015-01-23,Porvoo Kalbådagrund,-1.7,,
2015-01-23,Porvoo Emäsalo,-3.5,,
2015-01-23,Porvoo Harabacka,-4.9,0.7,3.0
2015-01-23,Kotka Rankki,-3.9,,
2015-01-23,Loviisa Orrengrund,-2.5,,
2015-01-23,Kotka Haapasaari,-2.4,,
2015-01-23,Pori lentoasema,-8.2,,
2015-01-23,Uusikaupunki Itätulli,,0.6,1.0
2015-01-23,Laitila Haukka,,0.6,1.0
2015-01-23,Kustavi Isokari,-3.6,0.7,
2015-01-23,Rauma Kylmäpihlaja,-5.7,,
2015-01-23,Pori rautatieasema,-7.9,0.9,7.0
2015-01-23,Turku lentoasema,-5.1,,
2015-01-23,Kokemäki Rausenkulma,,0.9,9.0
2015-01-23,Lieto Tammentaka,,1.6,10.0
2015-01-23,Huittinen Sallila,,0.8,14.0
2015-01-23,Köyliö Yttilä,,1.3,6.0
2015-01-23,Oripää Teinikivi,,0.2,15.0
2015-01-23,Pöytyä Yläne,,0.5,15.0
2015-01-23,Kokemäki Tulkkila,-7.6,1.0,13.0
2015-01-23,Jokioinen Ilmala,-6.9,2.8,14.0
2015-01-23,Nokia Tottijärvi,,1.0,13.0
2015-01-23,Pirkkala Tampere-Pirkkala lentoasema,-8.9,,
2015-01-23,Tampere Härmälä,-8.9,0.8,18.0
2015-01-23,Somero Salkola,-6.8,3.1,27.0
2015-01-23,Hyvinkää Hyvinkäänkylä,-6.5,2.3,16.0
2015-01-23,Vihti Hiiskula,,3.6,16.0
2015-01-23,Hausjärvi Lavinto,,3.7,9.0
2015-01-23,Hämeenlinna Pirttikoski,,9.7,26.0
2015-01-23,Nurmijärvi Röykkä,-6.1,3.0,17.0
2015-01-23,Hämeenlinna Katinen,-7.6,2.1,
2015-01-23,Hattula Lepaa,-7.9,3.4,24.0
2015-01-23,Lahti Laune,-7.5,3.8,21.0
2015-01-23,Hämeenlinna Lammi Pappila,-8.3,3.2,25.0
2015-01-23,Mäntsälä Hirvihaara Kuntomajantie,,4.0,13.0
2015-01-23,Asikkala Urajärvi,,3.5,33.0
2015-01-23,Asikkala Pulkkilanharju,-9.2,,
2015-01-23,Hämeenlinna Lammi Evo,-8.9,,
2015-01-23,Kouvola Utti lentoasema,-7.8,0.8,38.0
2015-01-23,Kouvola Anjala,-6.8,0.3,15.0
2015-01-23,Heinola Asemantaus,-9.1,2.7,24.0
2015-01-23,Iitti Kausala,,3.3,24.0
2015-01-23,Kouvola Voikoski,,2.5,23.0
2015-01-23,Virolahti Koivuniemi,-6.9,0.3,11.0
2015-01-23,Lappeenranta lentoasema,-8.4,,
2015-01-23,Lappeenranta Konnunsuo,-8.0,,
2015-01-23,Lappeenranta Lepola,-8.4,0.5,23.0
2015-01-23,Ruokolahti Kotaniemi,,0.7,32.0
2015-01-23,Lappeenranta Hiekkapakka,-9.1,,
2015-01-23,Rautjärvi Simpele Kangaskoski,,0.9,23.0
2015-01-23,Parikkala Koitsanlahti,-11.5,,
2015-01-23,Kaskinen Sälgrund,-8.8,0.8,
2015-01-23,Merikarvia Tuorila,,1.8,15.0
2015-01-23,Isojoki Kärjenkoski,,1.6,17.0
2015-01-23,Teuva Kauppilankylä,,2.0,14.0
2015-01-23,Pori Tahkoluoto satama,-7.6,,
2015-01-23,Karvia Alkkia,-11.2,0.5,29.0
2015-01-23,Pori Lavia,,1.0,6.0
2015-01-23,Ikaalinen Vehuvarpee,,1.9,23.0
2015-01-23,Kauhajoki kaupunki,,1.3,22.0
2015-01-23,Kurikka Hirvijärvi,,1.0,18.0
2015-01-23,Kauhajoki Kuja-Kokko,-11.0,0.7,9.0
2015-01-23,Kankaanpää Niinisalo lentokenttä,-10.0,0.9,28.0
2015-01-23,Alavus Sulkavankylä,,0.7,19.0
2015-01-23,Virrat Äijänneva,-12.0,,
2015-01-23,Tampere Siilinkari,-9.3,,
2015-01-23,Jämsä Halli lentoasema,-11.3,1.5,28.0
2015-01-23,Juupajoki Hyytiälä,-11.0,1.5,37.0
2015-01-23,Sysmä Joutsjärvi,,2.2,20.0
2015-01-23,Luhanka Tammijärvi,,1.8,34.0
2015-01-23,Jyväskylä Muuratjärvi,,2.0,32.0
2015-01-23,Luhanka Judinsalo,-11.3,,
2015-01-23,Multia Pirttiperä,,0.9,42.0
2015-01-23,Joutsa Savenaho,-13.7,1.8,37.0
2015-01-23,Kangasniemi kirkonkylä,,2.2,48.0
2015-01-23,Joutsa Pärnämäki,,2.6,35.0
2015-01-23,Mikkeli Pitkähiekka,,2.5,25.0
2015-01-23,Juva Partala,-15.0,,
2015-01-23,Joroinen Varkaus lentoasema,-15.9,,
2015-01-23,Varkaus Kosulanniemi,-16.2,2.8,31.0
2015-01-23,Savonlinna Laukansaari,,2.1,16.0
2015-01-23,Sulkava Halttula,,3.0,28.0
2015-01-23,Savonlinna lentoasema,-15.1,,
2015-01-23,Rantasalmi Rukkasluoto,-14.9,,
2015-01-23,Savonlinna Punkaharju Laukansaari,-13.7,1.4,25.0
2015-01-23,Enonkoski Simanala,,3.3,32.0
2015-01-23,Savonlinna Savonranta,,2.7,22.0
2015-01-23,Rääkkylä kirkonkylä,,6.7,30.0
2015-01-23,Tohmajärvi Kemie,-17.0,3.0,40.0
2015-01-23,Joensuu Huhtilampi,,4.0,50.0
2015-01-23,Vaasa lentoasema,-10.5,,
2015-01-23,Mustasaari Valassaaret,-9.6,,
2015-01-23,Närpiö Ylimarkku,,3.3,2.0
2015-01-23,Mustasaari Riimala,,0.9,16.0
2015-01-23,Kurikka Pyörni,,0.9,21.0
2015-01-23,Korsnäs Bredskäret,-9.5,,
2015-01-23,Maalahti Strömmingsbådan,-7.9,,
2015-01-23,Vaasa Klemettilä,-10.3,0.7,6.0
2015-01-23,Seinäjoki Pelmaa,-11.1,1.0,18.0
2015-01-23,Kauhava lentokenttä,-12.1,0.8,26.0
2015-01-23,Ähtäri Inha,-12.7,0.7,35.0
2015-01-23,Halsua Purola,-16.5,1.5,40.0
2015-01-23,Alajärvi Möksy,-15.1,0.9,35.0
2015-01-23,Multia Karhila,-14.0,0.2,37.0
2015-01-23,Viitasaari Haapaniemi,-17.5,0.5,31.0
2015-01-23,Äänekoski Kalaniemi,,0.8,33.0
2015-01-23,Viitasaari Kärnä,,0.8,48.0
2015-01-23,Vesanto kirkonkylä,-17.2,0.8,42.0
2015-01-23,Pielavesi Venetmäki,,0.9,56.0
2015-01-23,Siilinjärvi Kuopio lentoasema,-16.8,,
2015-01-23,Kuopio Maaninka,-19.2,0.4,39.0
2015-01-23,Lapinlahti Lamminkäyrä,,0.8,35.0
2015-01-23,Suonenjoki Iisvesi,,1.6,43.0
2015-01-23,Kuopio Karttula,,1.4,40.0
2015-01-23,Kuopio Ritoniemi,-16.6,,
2015-01-23,Kuopio Savilahti,-16.4,1.4,39.0
2015-01-23,Heinävesi Palokki,,2.9,39.0
2015-01-23,Outokumpu Viuruniemi,,2.1,32.0
2015-01-23,Rautavaara Ala-Luosta,,1.1,31.0
2015-01-23,Rautavaara Ylä-Luosta,-17.8,0.8,46.0
2015-01-23,Liperi Joensuu lentoasema,-16.3,,
2015-01-23,Juuka Niemelä,-19.6,0.8,35.0
2015-01-23,Joensuu Pyhäselkä,,2.8,32.0
2015-01-23,Lieksa Koli,,1.5,48.0
2015-01-23,Liperi Tuiskavanluoto,-15.8,,
2015-01-23,Joensuu Linnunlahti,-15.9,1.7,37.0
2015-01-23,Lieksa Lampela,-18.1,1.3,27.0
2015-01-23,Ilomantsi Naarva,,2.5,62.0
2015-01-23,Ilomantsi Pötsönvaara,-16.6,1.5,61.0
2015-01-23,Ilomantsi Mekrijärvi,-16.1,1.7,38.0
2015-01-23,Pietarsaari Kallan,-12.3,,
2015-01-23,Kokkola Tankar,-13.6,,
2015-01-23,Kruunupyy Kokkola-Pietarsaari lentoasema,-14.3,,
2015-01-23,Kaustinen Tastula,,1.7,32.0
2015-01-23,Kalajoki Ulkokalla,-12.9,,
2015-01-23,Kokkola Santahaka,-14.3,0.1,19.0
2015-01-23,Toholampi Oravala,,4.7,25.0
2015-01-23,Kalajoki Pitkäsenkylä,,1.8,39.0
2015-01-23,Kalajoki Mehtäkylä,,0.6,31.0
2015-01-23,Toholampi Laitala,-17.2,,
2015-01-23,Ylivieska lentokenttä,-18.9,0.5,29.0
2015-01-23,Ylivieska Vähäkangas,,1.8,30.0
2015-01-23,Haapavesi Mustikkamäki,-19.5,1.2,29.0
2015-01-23,Kärsämäki Venetpalo,,2.4,31.0
2015-01-23,Pyhäjärvi Ojakylä,-18.5,1.5,38.0
2015-01-23,Pyhäjärvi Hiidenniemi,,2.0,34.0
2015-01-23,Kiuruvesi Korpijoki,,1.8,24.0
2015-01-23,Siikalatva Kestilä,,0.9,32.0
2015-01-23,Kajaani Saaresmäki,,2.6,60.0
2015-01-23,Kajaani lentoasema,-20.5,,
2015-01-23,Vieremä Kaarakkala,-18.1,1.0,60.0
2015-01-23,Kajaani Paltaniemi,,0.9,26.0
2015-01-23,Nurmes Valtimo,-19.2,0.6,32.0
2015-01-23,Sotkamo Saviaho,,0.8,51.0
2015-01-23,Ristijärvi Mustavaara,,2.3,80.0
2015-01-23,Sotkamo Kuolaniemi,-20.3,0.5,40.0
2015-01-23,Nurmes Mujejärvi,,1.1,58.0
2015-01-23,Kuhmo Apaja,,1.0,65.0
2015-01-23,Kuhmo Kalliojoki,-23.4,1.0,55.0
2015-01-23,Raahe Nahkiainen,-13.3,,
2015-01-23,Hailuoto Keskikylä,-19.6,0.1,30.0
2015-01-23,Kemi I majakka,-15.7,,
2015-01-23,Hailuoto Marjaniemi,-19.3,,
2015-01-23,Raahe Lapaluoto satama,-17.7,,
2015-01-23,Oulu lentoasema,-19.6,,
2015-01-23,Siikajoki Ruukki,-20.3,0.4,35.0
2015-01-23,Tyrnävä Temmes,,1.0,32.0
2015-01-23,Oulu Vihreäsaari satama,-17.8,,
2015-01-23,Oulu Oulunsalo Pellonpää,-19.5,0.4,38.0
2015-01-23,Vaala Pelso,-19.1,0.4,22.0
2015-01-23,Pudasjärvi lentokenttä,-19.7,-1.0,59.0
2015-01-23,Utajärvi Särkijärvi,,0.9,47.0
2015-01-23,Pudasjärvi Jaurakkajärvi,,0.5,58.0
2015-01-23,Suomussalmi Näljänkä,,1.0,82.0
2015-01-23,Suomussalmi Pesiö,-20.8,1.3,75.0
2015-01-23,Puolanka Kotila,,1.3,73.0
2015-01-23,Puolanka Paljakka,-19.9,0.8,84.0
2015-01-23,Kemi Kemi-Tornio lentoasema,-21.1,,
2015-01-23,Kemi Ajos,-19.2,,
2015-01-23,Tornio Aapajärvi,,0.1,62.0
2015-01-23,Tornio Kaakkuri,-21.5,-1.0,32.0
2015-01-23,Ranua lentokenttä,-19.7,-1.0,64.0
2015-01-23,Pudasjärvi Sarakylä,,-1.0,63.0
2015-01-23,Posio Raistakka,,0.1,68.0
2015-01-23,Taivalkoski Inkee,,0.0,74.0
2015-01-23,Taivalkoski kirkonkylä,-20.6,0.3,70.0
2015-01-23,Kuusamo lentoasema,-20.7,,
2015-01-23,Kuusamo Kiutaköngäs,-23.8,-1.0,52.0
2015-01-23,Kuusamo Toranginaho,,0.5,70.0
2015-01-23,Kuusamo Rukatunturi,-14.5,,
2015-01-23,Kuusamo Teeriranta,,0.2,80.0
2015-01-23,Ylitornio Meltosjärvi,-23.6,-1.0,45.0
2015-01-23,Pello Konttajärvi,,-1.0,60.0
2015-01-23,Kolari Kattilamaa,,0.0,58.0
2015-01-23,Pello kirkonkylä,-22.0,-1.0,49.0
2015-01-23,Kittilä Alakylä,,0.4,59.0
2015-01-23,Rovaniemi rautatieasema,-18.9,,
2015-01-23,Sodankylä Tähtelä,-23.1,-1.0,57.0
2015-01-23,Rovaniemi Apukka,-19.6,0.1,46.0
2015-01-23,Pelkosenniemi kirkonkylä,,0.1,54.0
2015-01-23,Kemijärvi lentokenttä,-22.8,-1.0,59.0
2015-01-23,Savukoski kirkonkylä,-23.1,-1.0,58.0
2015-01-23,Salla Kelloselkä,,-1.0,44.0
2015-01-23,Pelkosenniemi Pyhätunturi,-16.9,,
2015-01-23,Salla kirkonkylä,-21.9,0.0,44.0
2015-01-23,Salla Naruska,-23.5,-1.0,57.0
2015-01-23,Enontekiö Kaaresuvanto,,-1.0,60.0
2015-01-23,Muonio Alamuonio,-18.7,,63.0
2015-01-23,Enontekiö Hetta,,-1.0,62.0
2015-01-23,Kittilä Pulju,,0.1,70.0
2015-01-23,Kittilä Levitunturi,-18.1,,
2015-01-23,Muonio Laukukero,-16.6,,
2015-01-23,Muonio Sammaltunturi,-17.0,,
2015-01-23,Kittilä Matorova,-17.0,,
2015-01-23,Kittilä lentoasema,-19.9,,
2015-01-23,Kittilä Kenttärova,-17.9,-1.0,69.0
2015-01-23,Kittilä Pakatti,-20.2,-1.0,57.0
2015-01-23,Kittilä Pokka,-19.9,-1.0,73.0
2015-01-23,Sodankylä Lokka,-22.2,-1.0,56.0
2015-01-23,Sodankylä Vuotso,-20.6,-1.0,61.0
2015-01-23,Inari Saariselkä matkailukeskus,-18.8,-1.0,57.0
2015-01-23,Inari Saariselkä Kaunispää,-18.0,,
2015-01-23,Savukoski Ruuvaoja,,-1.0,57.0
2015-01-23,Inari Raja-Jooseppi Kontiojärvi,,0.3,42.0
2015-01-23,Inari Raja-Jooseppi,-17.3,,
2015-01-23,Salla Värriötunturi,-17.2,-1.0,51.0
2015-01-23,Enontekiö Kilpisjärvi kyläkeskus,-21.2,0.0,56.0
2015-01-23,Enontekiö Kilpisjärvi Saana,-14.2,,
2015-01-23,Enontekiö Näkkälä,-18.7,-1.0,60.0
2015-01-23,Inari Angeli,,-1.0,70.0
2015-01-23,Inari Angeli Lintupuoliselkä,-18.1,-1.0,53.0
2015-01-23,Inari Ivalo lentoasema,-18.0,,
2015-01-23,Utsjoki Kevo,-22.4,0.0,44.0
2015-01-23,Utsjoki Nuorgam,-15.5,-1.0,41.0
2015-01-23,Utsjoki Leppälä,,-1.0,48.0
2015-01-23,Inari Väylä,-27.5,,
2015-01-23,Inari kirkonkylä,,-1.0,55.0
2015-01-23,Inari Kaamanen,-26.6,-1.0,49.0
2015-01-23,Inari Nellim,-20.1,-1.0,38.0
2015-01-23,Inari Kirakkajärvi,-20.4,-1.0,44.0
2015-01-23,Muonio Oustajärvi,-19.1,0.2,64.0
2015-01-23,Kajaani Petäisenniska,-19.4,0.9,42.0
2015-01-23,Utsjoki Kevo Kevojärvi,-23.4,,
2015-01-23,Inari Seitalaassa,-18.7,,
2015-01-23,Rovaniemi lentoasema AWOS,-18.9,0.2,54.0
2015-01-23,Jyväskylä lentoasema AWOS,-15.3,1.4,35.0
2015-01-23,Puumala kirkonkylä,-12.3,2.1,19.0
2015-01-23,Helsinki Vuosaari satama,-3.5,,
2015-01-23,Lumparland Långnäs satama,-1.0,0.2,4.0
2015-01-23,Tampere Tampella,-8.7,,
2015-01-23,Kittilä Lompolonvuoma,-18.7,,
2015-01-23,Kuusamo Ruka Talvijärvi,-18.2,,
2015-01-23,Espoo Nuuksio,-5.2,4.9,26.0
2015-01-23,Mikkeli Lentoasema AWOS,-13.3,3.5,39.0
2015-01-23,Espoo Tapiola,-3.5,0.9,5.0
2015-01-24,Jomala Maarianhamina lentoasema,0.7,,
2015-01-24,Parainen Utö,0.9,-1.0,0.0
2015-01-24,Lemland Nyhamn,1.5,,
2015-01-24,Jomala Jomalaby,0.1,0.1,7.0
2015-01-24,Hammarland Märket,-0.6,,
2015-01-24,Kökar Bogskär,1.0,,
2015-01-24,Parainen Fagerholm,0.6,-1.0,
2015-01-24,Kumlinge kirkonkylä,0.1,,
2015-01-24,Hanko Russarö,0.5,,
2015-01-24,Kaarina Yltöinen,-1.1,2.4,9.0
2015-01-24,Kemiönsaari Vänö,0.7,,
2015-01-24,Hanko Tulliniemi,0.6,,
2015-01-24,Turku Rajakari,0.4,,
2015-01-24,Turku Artukainen,-0.2,0.1,4.0
2015-01-24,Kemiönsaari Kemiö,-0.7,0.2,6.0
2015-01-24,Hanko Tvärminne,-0.1,-1.0,2.0
2015-01-24,Salo Kärkkä,-1.4,0.1,
2015-01-24,Lohja Leppäkorpi,,0.1,12.0
2015-01-24,Raasepori Jussarö,-0.2,,
2015-01-24,Salo Kiikala lentokenttä,-2.4,-1.0,16.0
2015-01-24,Vantaa Helsinki-Vantaan lentoasema,-1.9,-1.0,6.0
2015-01-24,Inkoo Bågaskär,-0.5,,
2015-01-24,Helsinki Kaisaniemi,-0.6,-1.0,3.0
2015-01-24,Lohja Porla,-1.6,-1.0,12.0
2015-01-24,Vihti Maasoja,-2.3,,
2015-01-24,Helsinki Harmaja,-0.6,,
2015-01-24,Kirkkonummi Mäkiluoto,-0.3,,
2015-01-24,Helsinki Helsingin majakka,-0.5,,
2015-01-24,Helsinki Kumpula,-1.2,-1.0,6.0
2015-01-24,Espoo Sepänkylä,-1.8,,
2015-01-24,Helsinki Rautatientori,-0.4,,
2015-01-24,Porvoo Kalbådagrund,-0.3,,
2015-01-24,Porvoo Emäsalo,-0.9,,
2015-01-24,Porvoo Harabacka,-1.7,-1.0,3.0
2015-01-24,Kotka Rankki,-1.0,,
2015-01-24,Loviisa Orrengrund,-0.9,,
2015-01-24,Kotka Haapasaari,-0.6,,
2015-01-24,Pori lentoasema,-1.2,,
2015-01-24,Uusikaupunki Itätulli,,2.5,2.0
2015-01-24,Laitila Haukka,,0.3,1.0
2015-01-24,Kustavi Isokari,0.2,0.1,
2015-01-24,Rauma Kylmäpihlaja,-0.1,,
2015-01-24,Pori rautatieasema,-1.2,0.6,7.0
2015-01-24,Turku lentoasema,-0.8,,
2015-01-24,Kokemäki Rausenkulma,,0.7,10.0
2015-01-24,Lieto Tammentaka,,-1.0,12.0
2015-01-24,Huittinen Sallila,,0.3,14.0
2015-01-24,Köyliö Yttilä,,0.2,7.0
2015-01-24,Oripää Teinikivi,,0.0,16.0
2015-01-24,Pöytyä Yläne,,0.3,16.0
2015-01-24,Kokemäki Tulkkila,-1.7,0.3,14.0
2015-01-24,Jokioinen Ilmala,-2.5,0.3,17.0
2015-01-24,Nokia Tottijärvi,,0.0,15.0
2015-01-24,Pirkkala Tampere-Pirkkala lentoasema,-3.1,,
2015-01-24,Tampere Härmälä,-3.0,0.1,18.0
2015-01-24,Somero Salkola,-2.9,-1.0,29.0
2015-01-24,Hyvinkää Hyvinkäänkylä,-2.6,-1.0,17.0
2015-01-24,Vihti Hiiskula,,-1.0,20.0
2015-01-24,Hausjärvi Lavinto,,-1.0,13.0
2015-01-24,Hämeenlinna Pirttikoski,,-1.0,34.0
2015-01-24,Nurmijärvi Röykkä,-2.8,-1.0,19.0
2015-01-24,Hämeenlinna Katinen,-2.7,-1.0,
2015-01-24,Hattula Lepaa,-3.1,-1.0,27.0
2015-01-24,Lahti Laune,-3.7,-1.0,28.0
2015-01-24,Hämeenlinna Lammi Pappila,-3.4,-1.0,29.0
2015-01-24,Mäntsälä Hirvihaara Kuntomajantie,,-1.0,15.0
2015-01-24,Asikkala Urajärvi,,-1.0,40.0
2015-01-24,Asikkala Pulkkilanharju,-3.9,,
2015-01-24,Hämeenlinna Lammi Evo,-4.2,,
2015-01-24,Kouvola Utti lentoasema,-2.9,-1.0,37.0
2015-01-24,Kouvola Anjala,-2.2,-1.0,13.0
2015-01-24,Heinola Asemantaus,-3.7,-1.0,27.0
2015-01-24,Iitti Kausala,,-1.0,29.0
2015-01-24,Kouvola Voikoski,,-1.0,26.0
2015-01-24,Virolahti Koivuniemi,-2.0,-1.0,11.0
2015-01-24,Lappeenranta lentoasema,-3.4,,
2015-01-24,Lappeenranta Konnunsuo,-3.0,,
2015-01-24,Lappeenranta Lepola,-3.3,-1.0,22.0
2015-01-24,Ruokolahti Kotaniemi,,-1.0,33.0
2015-01-24,Lappeenranta Hiekkapakka,-3.5,,
2015-01-24,Rautjärvi Simpele Kangaskoski,,-1.0,24.0
2015-01-24,Parikkala Koitsanlahti,-4.4,,
2015-01-24,Kaskinen Sälgrund,-0.8,1.9,
2015-01-24,Merikarvia Tuorila,,1.1,16.0
2015-01-24,Isojoki Kärjenkoski,,3.7,18.0
2015-01-24,Teuva Kauppilankylä,,6.3,15.0
2015-01-24,Pori Tahkoluoto satama,0.6,,
2015-01-24,Karvia Alkkia,-3.7,1.2,29.0
2015-01-24,Pori Lavia,,0.7,7.0
2015-01-24,Ikaalinen Vehuvarpee,,1.1,25.0
2015-01-24,Kauhajoki kaupunki,,2.3,23.0
2015-01-24,Kurikka Hirvijärvi,,0.3,20.0
2015-01-24,Kauhajoki Kuja-Kokko,-2.9,2.3,10.0
2015-01-24,Kankaanpää Niinisalo lentokenttä,-3.1,1.3,29.0
2015-01-24,Alavus Sulkavankylä,,0.1,20.0
2015-01-24,Virrat Äijänneva,-4.6,,
2015-01-24,Tampere Siilinkari,-3.0,,
2015-01-24,Jämsä Halli lentoasema,-5.0,-1.0,27.0
2015-01-24,Juupajoki Hyytiälä,-4.9,0.4,39.0
2015-01-24,Sysmä Joutsjärvi,,-1.0,23.0
2015-01-24,Luhanka Tammijärvi,,-1.0,37.0
2015-01-24,Jyväskylä Muuratjärvi,,0.0,35.0
2015-01-24,Luhanka Judinsalo,-5.2,,
2015-01-24,Multia Pirttiperä,,0.5,42.0
2015-01-24,Joutsa Savenaho,-6.7,0.1,38.0
2015-01-24,Kangasniemi kirkonkylä,,0.0,51.0
2015-01-24,Joutsa Pärnämäki,,0.0,38.0
2015-01-24,Mikkeli Pitkähiekka,,0.3,28.0
2015-01-24,Juva Partala,-5.8,,
2015-01-24,Joroinen Varkaus lentoasema,-6.8,,
2015-01-24,Varkaus Kosulanniemi,-7.6,-1.0,34.0
2015-01-24,Savonlinna Laukansaari,,-1.0,18.0
2015-01-24,Sulkava Halttula,,-1.0,33.0
2015-01-24,Savonlinna lentoasema,-5.3,,
2015-01-24,Rantasalmi Rukkasluoto,-5.7,,
2015-01-24,Savonlinna Punkaharju Laukansaari,-4.4,0.1,26.0
2015-01-24,Enonkoski Simanala,,0.0,37.0
2015-01-24,Savonlinna Savonranta,,-1.0,26.0
2015-01-24,Rääkkylä kirkonkylä,,1.0,35.0
2015-01-24,Tohmajärvi Kemie,-6.9,-1.0,45.0
2015-01-24,Joensuu Huhtilampi,,0.1,52.0
2015-01-24,Vaasa lentoasema,-2.5,,
2015-01-24,Mustasaari Valassaaret,-2.3,,
2015-01-24,Närpiö Ylimarkku,,3.7,3.0
2015-01-24,Mustasaari Riimala,,2.1,17.0
2015-01-24,Kurikka Pyörni,,4.5,22.0
2015-01-24,Korsnäs Bredskäret,-1.8,,
2015-01-24,Maalahti Strömmingsbådan,-0.5,,
2015-01-24,Vaasa Klemettilä,-2.4,3.0,7.0
2015-01-24,Seinäjoki Pelmaa,-3.2,1.3,21.0
2015-01-24,Kauhava lentokenttä,-3.8,0.7,27.0
2015-01-24,Ähtäri Inha,-5.8,0.2,35.0
2015-01-24,Halsua Purola,-5.7,3.0,42.0
2015-01-24,Alajärvi Möksy,-6.2,2.8,36.0
2015-01-24,Multia Karhila,-6.6,0.5,37.0
2015-01-24,Viitasaari Haapaniemi,-8.2,0.9,33.0
2015-01-24,Äänekoski Kalaniemi,,0.7,35.0
2015-01-24,Viitasaari Kärnä,,0.8,49.0
2015-01-24,Vesanto kirkonkylä,-8.3,1.0,42.0
2015-01-24,Pielavesi Venetmäki,,1.4,57.0
2015-01-24,Siilinjärvi Kuopio lentoasema,-8.8,,
2015-01-24,Kuopio Maaninka,-8.6,0.9,40.0
2015-01-24,Lapinlahti Lamminkäyrä,,1.0,37.0
2015-01-24,Suonenjoki Iisvesi,,0.6,44.0
2015-01-24,Kuopio Karttula,,1.5,42.0
2015-01-24,Kuopio Ritoniemi,-8.1,,
2015-01-24,Kuopio Savilahti,-8.5,0.5,41.0
2015-01-24,Heinävesi Palokki,,0.5,40.0
2015-01-24,Outokumpu Viuruniemi,,0.4,34.0
2015-01-24,Rautavaara Ala-Luosta,,1.1,32.0
2015-01-24,Rautavaara Ylä-Luosta,-9.6,0.8,46.0
2015-01-24,Liperi Joensuu lentoasema,-9.0,,
2015-01-24,Juuka Niemelä,-9.8,1.1,36.0
2015-01-24,Joensuu Pyhäselkä,,0.2,36.0
2015-01-24,Lieksa Koli,,0.5,50.0
2015-01-24,Liperi Tuiskavanluoto,-7.6,,
2015-01-24,Joensuu Linnunlahti,-8.1,0.2,41.0
2015-01-24,Lieksa Lampela,-9.9,0.5,29.0
2015-01-24,Ilomantsi Naarva,,0.4,65.0
2015-01-24,Ilomantsi Pötsönvaara,-9.6,0.3,64.0
2015-01-24,Ilomantsi Mekrijärvi,-8.2,-1.0,41.0
2015-01-24,Pietarsaari Kallan,-3.6,,
2015-01-24,Kokkola Tankar,-4.2,,
2015-01-24,Kruunupyy Kokkola-Pietarsaari lentoasema,-4.6,,
2015-01-24,Kaustinen Tastula,,1.9,33.0
2015-01-24,Kalajoki Ulkokalla,-4.0,,
2015-01-24,Kokkola Santahaka,-4.5,2.8,20.0
2015-01-24,Toholampi Oravala,,3.3,28.0
2015-01-24,Kalajoki Pitkäsenkylä,,4.8,40.0
2015-01-24,Kalajoki Mehtäkylä,,3.9,32.0
2015-01-24,Toholampi Laitala,-5.5,,
2015-01-24,Ylivieska lentokenttä,-7.0,3.6,29.0
2015-01-24,Ylivieska Vähäkangas,,3.1,32.0
2015-01-24,Haapavesi Mustikkamäki,-8.4,2.9,31.0
2015-01-24,Kärsämäki Venetpalo,,2.5,33.0
2015-01-24,Pyhäjärvi Ojakylä,-7.9,3.7,39.0
2015-01-24,Pyhäjärvi Hiidenniemi,,2.1,40.0
2015-01-24,Kiuruvesi Korpijoki,,1.9,26.0
2015-01-24,Siikalatva Kestilä,,3.1,33.0
2015-01-24,Kajaani Saaresmäki,,4.8,61.0
2015-01-24,Kajaani lentoasema,-9.6,,
2015-01-24,Vieremä Kaarakkala,-9.6,4.2,62.0
2015-01-24,Kajaani Paltaniemi,,3.1,28.0
2015-01-24,Nurmes Valtimo,-9.8,1.0,33.0
2015-01-24,Sotkamo Saviaho,,3.3,53.0
2015-01-24,Ristijärvi Mustavaara,,4.0,81.0
2015-01-24,Sotkamo Kuolaniemi,-10.2,2.6,41.0
2015-01-24,Nurmes Mujejärvi,,1.0,58.0
2015-01-24,Kuhmo Apaja,,2.0,65.0
2015-01-24,Kuhmo Kalliojoki,-11.2,1.9,58.0
2015-01-24,Raahe Nahkiainen,-5.1,,
2015-01-24,Hailuoto Keskikylä,-10.2,4.7,30.0
2015-01-24,Kemi I majakka,-7.5,,
2015-01-24,Hailuoto Marjaniemi,-9.3,,
2015-01-24,Raahe Lapaluoto satama,-6.7,,
2015-01-24,Oulu lentoasema,-10.1,,
2015-01-24,Siikajoki Ruukki,-8.7,4.4,35.0
2015-01-24,Tyrnävä Temmes,,3.3,33.0
2015-01-24,Oulu Vihreäsaari satama,-9.2,,
2015-01-24,Oulu Oulunsalo Pellonpää,-10.1,4.9,39.0
2015-01-24,Vaala Pelso,-9.6,0.7,24.0
2015-01-24,Pudasjärvi lentokenttä,-13.4,4.6,58.0
2015-01-24,Utajärvi Särkijärvi,,7.0,48.0
2015-01-24,Pudasjärvi Jaurakkajärvi,,4.6,59.0
2015-01-24,Suomussalmi Näljänkä,,3.2,83.0
2015-01-24,Suomussalmi Pesiö,-12.8,2.8,76.0
2015-01-24,Puolanka Kotila,,5.5,73.0
2015-01-24,Puolanka Paljakka,-12.0,5.6,85.0
2015-01-24,Kemi Kemi-Tornio lentoasema,-12.2,,
2015-01-24,Kemi Ajos,-11.3,,
2015-01-24,Tornio Aapajärvi,,2.7,62.0
2015-01-24,Tornio Kaakkuri,-12.2,5.3,34.0
2015-01-24,Ranua lentokenttä,-14.7,4.5,62.0
2015-01-24,Pudasjärvi Sarakylä,,3.3,62.0
2015-01-24,Posio Raistakka,,3.1,67.0
2015-01-24,Taivalkoski Inkee,,4.8,74.0
2015-01-24,Taivalkoski kirkonkylä,-16.6,6.2,71.0
2015-01-24,Kuusamo lentoasema,-18.7,,
2015-01-24,Kuusamo Kiutaköngäs,-22.9,1.3,53.0
2015-01-24,Kuusamo Toranginaho,,2.1,70.0
2015-01-24,Kuusamo Rukatunturi,-15.8,,
2015-01-24,Kuusamo Teeriranta,,2.9,80.0
2015-01-24,Ylitornio Meltosjärvi,-16.5,2.2,43.0
2015-01-24,Pello Konttajärvi,,3.4,58.0
2015-01-24,Kolari Kattilamaa,,3.5,58.0
2015-01-24,Pello kirkonkylä,-18.0,4.1,49.0
2015-01-24,Kittilä Alakylä,,2.8,59.0
2015-01-24,Rovaniemi rautatieasema,-14.6,,
2015-01-24,Sodankylä Tähtelä,-19.5,2.6,57.0
2015-01-24,Rovaniemi Apukka,-15.3,2.6,46.0
2015-01-24,Pelkosenniemi kirkonkylä,,2.8,55.0
2015-01-24,Kemijärvi lentokenttä,-19.3,2.4,58.0
2015-01-24,Savukoski kirkonkylä,-20.1,5.1,58.0
2015-01-24,Salla Kelloselkä,,2.5,44.0
2015-01-24,Pelkosenniemi Pyhätunturi,-16.9,,
2015-01-24,Salla kirkonkylä,-20.0,2.1,44.0
2015-01-24,Salla Naruska,-22.3,3.9,57.0
2015-01-24,Enontekiö Kaaresuvanto,,1.2,60.0
2015-01-24,Muonio Alamuonio,-17.2,,63.0
2015-01-24,Enontekiö Hetta,,-1.0,62.0
2015-01-24,Kittilä Pulju,,0.4,70.0
2015-01-24,Kittilä Levitunturi,-19.4,,
2015-01-24,Muonio Laukukero,-16.9,,
2015-01-24,Muonio Sammaltunturi,-17.4,,
2015-01-24,Kittilä Matorova,-17.9,,
2015-01-24,Kittilä lentoasema,-20.2,,
2015-01-24,Kittilä Kenttärova,-18.2,0.1,69.0
2015-01-24,Kittilä Pakatti,-20.7,1.8,58.0
2015-01-24,Kittilä Pokka,-20.0,0.4,69.0
2015-01-24,Sodankylä Lokka,-17.2,3.6,56.0
2015-01-24,Sodankylä Vuotso,-17.3,3.1,61.0
2015-01-24,Inari Saariselkä matkailukeskus,-16.7,1.0,57.0
2015-01-24,Inari Saariselkä Kaunispää,-17.3,,
2015-01-24,Savukoski Ruuvaoja,,3.0,55.0
2015-01-24,Inari Raja-Jooseppi Kontiojärvi,,-1.0,42.0
2015-01-24,Inari Raja-Jooseppi,-15.7,,
2015-01-24,Salla Värriötunturi,-17.3,1.2,50.0
2015-01-24,Enontekiö Kilpisjärvi kyläkeskus,-15.6,-1.0,56.0
2015-01-24,Enontekiö Kilpisjärvi Saana,-17.1,,
2015-01-24,Enontekiö Näkkälä,-18.1,-1.0,60.0
2015-01-24,Inari Angeli,,0.2,70.0
2015-01-24,Inari Angeli Lintupuoliselkä,-18.5,-1.0,53.0
2015-01-24,Inari Ivalo lentoasema,-17.0,,
2015-01-24,Utsjoki Kevo,-19.7,0.0,44.0
2015-01-24,Utsjoki Nuorgam,-18.7,-1.0,41.0
2015-01-24,Utsjoki Leppälä,,0.1,48.0
2015-01-24,Inari Väylä,-28.0,,
2015-01-24,Inari kirkonkylä,,-1.0,55.0
2015-01-24,Inari Kaamanen,-23.8,-1.0,50.0
2015-01-24,Inari Nellim,-18.8,0.3,38.0
2015-01-24,Inari Kirakkajärvi,-22.8,-1.0,45.0
2015-01-24,Muonio Oustajärvi,-17.1,0.7,64.0
2015-01-24,Kajaani Petäisenniska,-9.7,2.5,44.0
2015-01-24,Utsjoki Kevo Kevojärvi,-19.6,,
2015-01-24,Inari Seitalaassa,-20.2,,
2015-01-24,Rovaniemi lentoasema AWOS,-15.3,2.9,54.0
2015-01-24,Jyväskylä lentoasema AWOS,-7.9,0.3,36.0
2015-01-24,Puumala kirkonkylä,-3.8,-1.0,19.0
2015-01-24,Helsinki Vuosaari satama,-0.9,,
2015-01-24,Lumparland Långnäs satama,0.4,0.3,
2015-01-24,Tampere Tampella,-2.8,,
2015-01-24,Kittilä Lompolonvuoma,-17.5,,
2015-01-24,Kuusamo Ruka Talvijärvi,-15.1,,
2015-01-24,Espoo Nuuksio,-3.2,-1.0,32.0
2015-01-24,Mikkeli Lentoasema AWOS,-5.5,-1.0,44.0
2015-01-24,Espoo Tapiola,-1.1,-1.0,6.0
2015-01-25,Jomala Maarianhamina lentoasema,1.0,,
2015-01-25,Parainen Utö,1.9,0.9,0.0
2015-01-25,Lemland Nyhamn,1.3,,
2015-01-25,Jomala Jomalaby,0.5,-1.0,5.0
2015-01-25,Hammarland Märket,0.4,,
2015-01-25,Kökar Bogskär,1.7,,
2015-01-25,Parainen Fagerholm,1.5,1.6,
2015-01-25,Kumlinge kirkonkylä,0.8,,
2015-01-25,Hanko Russarö,0.6,,
2015-01-25,Kaarina Yltöinen,0.0,2.0,10.0
2015-01-25,Kemiönsaari Vänö,1.1,,
2015-01-25,Hanko Tulliniemi,0.7,,
2015-01-25,Turku Rajakari,1.0,,
2015-01-25,Turku Artukainen,0.7,2.7,4.0
2015-01-25,Kemiönsaari Kemiö,0.3,0.5,6.0
2015-01-25,Hanko Tvärminne,0.4,-1.0,2.0
2015-01-25,Salo Kärkkä,-0.2,0.9,
2015-01-25,Lohja Leppäkorpi,,0.8,12.0
2015-01-25,Raasepori Jussarö,0.1,,
2015-01-25,Salo Kiikala lentokenttä,-1.3,0.5,15.0
2015-01-25,Vantaa Helsinki-Vantaan lentoasema,-1.4,0.1,6.0
2015-01-25,Inkoo Bågaskär,-0.3,,
2015-01-25,Helsinki Kaisaniemi,-0.6,-1.0,4.0
2015-01-25,Lohja Porla,-0.8,0.2,13.0
2015-01-25,Vihti Maasoja,-1.2,,
2015-01-25,Helsinki Harmaja,-0.8,,
2015-01-25,Kirkkonummi Mäkiluoto,-0.6,,
2015-01-25,Helsinki Helsingin majakka,-1.1,,
2015-01-25,Helsinki Kumpula,-0.9,-1.0,7.0
2015-01-25,Espoo Sepänkylä,-1.1,,
2015-01-25,Helsinki Rautatientori,-0.4,,
2015-01-25,Porvoo Kalbådagrund,-1.4,,
2015-01-25,Porvoo Emäsalo,-1.2,,
2015-01-25,Porvoo Harabacka,-1.4,-1.0,3.0
2015-01-25,Kotka Rankki,-2.0,,
2015-01-25,Loviisa Orrengrund,-1.5,,
2015-01-25,Kotka Haapasaari,-1.9,,
2015-01-25,Pori lentoasema,0.3,,
2015-01-25,Uusikaupunki Itätulli,,1.0,2.0
2015-01-25,Laitila Haukka,,2.0,1.0
2015-01-25,Kustavi Isokari,0.8,0.8,
2015-01-25,Rauma Kylmäpihlaja,0.6,,
2015-01-25,Pori rautatieasema,0.4,1.1,9.0
2015-01-25,Turku lentoasema,0.4,,
2015-01-25,Kokemäki Rausenkulma,,2.3,10.0
2015-01-25,Lieto Tammentaka,,3.2,12.0
2015-01-25,Huittinen Sallila,,2.3,14.0
2015-01-25,Köyliö Yttilä,,2.6,7.0
2015-01-25,Oripää Teinikivi,,3.3,16.0
2015-01-25,Pöytyä Yläne,,1.7,16.0
2015-01-25,Kokemäki Tulkkila,0.3,2.8,12.0
2015-01-25,Jokioinen Ilmala,-1.0,1.6,17.0
2015-01-25,Nokia Tottijärvi,,2.3,15.0
2015-01-25,Pirkkala Tampere-Pirkkala lentoasema,-1.1,,
2015-01-25,Tampere Härmälä,-0.9,2.2,19.0
2015-01-25,Somero Salkola,-1.8,0.8,29.0
2015-01-25,Hyvinkää Hyvinkäänkylä,-1.9,-1.0,18.0
2015-01-25,Vihti Hiiskula,,0.3,20.0
2015-01-25,Hausjärvi Lavinto,,0.2,13.0
2015-01-25,Hämeenlinna Pirttikoski,,1.5,30.0
2015-01-25,Nurmijärvi Röykkä,-2.0,0.1,19.0
2015-01-25,Hämeenlinna Katinen,-1.4,0.5,
2015-01-25,Hattula Lepaa,-1.4,0.9,26.0
2015-01-25,Lahti Laune,-2.3,-1.0,26.0
2015-01-25,Hämeenlinna Lammi Pappila,-2.3,0.5,28.0
2015-01-25,Mäntsälä Hirvihaara Kuntomajantie,,0.1,14.0
2015-01-25,Asikkala Urajärvi,,0.8,40.0
2015-01-25,Asikkala Pulkkilanharju,-2.1,,
2015-01-25,Hämeenlinna Lammi Evo,-2.6,,
2015-01-25,Kouvola Utti lentoasema,-3.4,0.1,37.0
2015-01-25,Kouvola Anjala,-2.6,-1.0,15.0
2015-01-25,Heinola Asemantaus,-2.6,0.3,26.0
2015-01-25,Iitti Kausala,,-1.0,27.0
2015-01-25,Kouvola Voikoski,,0.4,26.0
2015-01-25,Virolahti Koivuniemi,-3.3,0.0,11.0
2015-01-25,Lappeenranta lentoasema,-4.2,,
2015-01-25,Lappeenranta Konnunsuo,-3.9,,
2015-01-25,Lappeenranta Lepola,-4.1,-1.0,22.0
2015-01-25,Ruokolahti Kotaniemi,,-1.0,32.0
2015-01-25,Lappeenranta Hiekkapakka,-4.0,,
2015-01-25,Rautjärvi Simpele Kangaskoski,,-1.0,24.0
2015-01-25,Parikkala Koitsanlahti,-4.3,,
2015-01-25,Kaskinen Sälgrund,0.2,0.4,
2015-01-25,Merikarvia Tuorila,,2.0,17.0
2015-01-25,Isojoki Kärjenkoski,,0.7,21.0
2015-01-25,Teuva Kauppilankylä,,1.0,18.0
2015-01-25,Pori Tahkoluoto satama,0.9,,
2015-01-25,Karvia Alkkia,-0.8,1.2,29.0
2015-01-25,Pori Lavia,,1.5,7.0
2015-01-25,Ikaalinen Vehuvarpee,,2.2,25.0
2015-01-25,Kauhajoki kaupunki,,0.3,25.0
2015-01-25,Kurikka Hirvijärvi,,0.3,18.0
2015-01-25,Kauhajoki Kuja-Kokko,-0.3,0.2,11.0
2015-01-25,Kankaanpää Niinisalo lentokenttä,-0.6,2.0,28.0
2015-01-25,Alavus Sulkavankylä,,0.9,20.0
2015-01-25,Virrat Äijänneva,-0.7,,
2015-01-25,Tampere Siilinkari,-0.9,,
2015-01-25,Jämsä Halli lentoasema,-2.0,2.4,29.0
2015-01-25,Juupajoki Hyytiälä,-1.7,2.3,38.0
2015-01-25,Sysmä Joutsjärvi,,0.8,23.0
2015-01-25,Luhanka Tammijärvi,,1.0,35.0
2015-01-25,Jyväskylä Muuratjärvi,,2.5,35.0
2015-01-25,Luhanka Judinsalo,-2.0,,
2015-01-25,Multia Pirttiperä,,2.2,42.0
2015-01-25,Joutsa Savenaho,-2.9,0.7,38.0
2015-01-25,Kangasniemi kirkonkylä,,1.1,50.0
2015-01-25,Joutsa Pärnämäki,,1.0,38.0
2015-01-25,Mikkeli Pitkähiekka,,0.6,27.0
2015-01-25,Juva Partala,-3.4,,
2015-01-25,Joroinen Varkaus lentoasema,-2.8,,
2015-01-25,Varkaus Kosulanniemi,-2.8,0.5,34.0
2015-01-25,Savonlinna Laukansaari,,0.6,18.0
2015-01-25,Sulkava Halttula,,0.5,33.0
2015-01-25,Savonlinna lentoasema,-3.6,,
2015-01-25,Rantasalmi Rukkasluoto,-3.3,,
2015-01-25,Savonlinna Punkaharju Laukansaari,-3.7,0.3,27.0
2015-01-25,Enonkoski Simanala,,0.7,37.0
2015-01-25,Savonlinna Savonranta,,-1.0,26.0
2015-01-25,Rääkkylä kirkonkylä,,0.5,37.0
2015-01-25,Tohmajärvi Kemie,-4.2,0.8,45.0
2015-01-25,Joensuu Huhtilampi,,0.9,53.0
2015-01-25,Vaasa lentoasema,0.1,,
2015-01-25,Mustasaari Valassaaret,-1.1,,
2015-01-25,Närpiö Ylimarkku,,0.2,5.0
2015-01-25,Mustasaari Riimala,,-1.0,21.0
2015-01-25,Kurikka Pyörni,,-1.0,26.0
2015-01-25,Korsnäs Bredskäret,0.3,,
2015-01-25,Maalahti Strömmingsbådan,0.6,,
2015-01-25,Vaasa Klemettilä,0.1,-1.0,9.0
2015-01-25,Seinäjoki Pelmaa,0.0,0.6,21.0
2015-01-25,Kauhava lentokenttä,0.0,0.9,28.0
2015-01-25,Ähtäri Inha,-1.2,1.8,35.0
2015-01-25,Halsua Purola,-0.8,0.5,45.0
2015-01-25,Alajärvi Möksy,-1.1,1.0,38.0
2015-01-25,Multia Karhila,-2.2,1.9,38.0
2015-01-25,Viitasaari Haapaniemi,-1.7,0.8,34.0
2015-01-25,Äänekoski Kalaniemi,,1.4,35.0
2015-01-25,Viitasaari Kärnä,,1.6,50.0
2015-01-25,Vesanto kirkonkylä,-2.2,2.4,43.0
2015-01-25,Pielavesi Venetmäki,,1.6,57.0
2015-01-25,Siilinjärvi Kuopio lentoasema,-2.5,,
2015-01-25,Kuopio Maaninka,-2.0,0.8,42.0
2015-01-25,Lapinlahti Lamminkäyrä,,0.9,38.0
2015-01-25,Suonenjoki Iisvesi,,0.2,44.0
2015-01-25,Kuopio Karttula,,1.2,43.0
2015-01-25,Kuopio Ritoniemi,-2.6,,
2015-01-25,Kuopio Savilahti,-2.3,0.3,41.0
2015-01-25,Heinävesi Palokki,,1.6,40.0
2015-01-25,Outokumpu Viuruniemi,,0.8,34.0
2015-01-25,Rautavaara Ala-Luosta,,0.9,33.0
2015-01-25,Rautavaara Ylä-Luosta,-3.1,1.5,48.0
2015-01-25,Liperi Joensuu lentoasema,-3.9,,
2015-01-25,Juuka Niemelä,-3.0,0.4,36.0
2015-01-25,Joensuu Pyhäselkä,,0.5,36.0
2015-01-25,Lieksa Koli,,1.1,51.0
2015-01-25,Liperi Tuiskavanluoto,-3.6,,
2015-01-25,Joensuu Linnunlahti,-3.7,0.9,40.0
2015-01-25,Lieksa Lampela,-3.1,0.7,30.0
2015-01-25,Ilomantsi Naarva,,0.6,65.0
2015-01-25,Ilomantsi Pötsönvaara,-4.8,0.6,63.0
2015-01-25,Ilomantsi Mekrijärvi,-4.5,0.2,42.0
2015-01-25,Pietarsaari Kallan,0.0,,
2015-01-25,Kokkola Tankar,-0.1,,
2015-01-25,Kruunupyy Kokkola-Pietarsaari lentoasema,0.0,,
2015-01-25,Kaustinen Tastula,,-1.0,35.0
2015-01-25,Kalajoki Ulkokalla,0.0,,
2015-01-25,Kokkola Santahaka,0.2,0.1,23.0
2015-01-25,Toholampi Oravala,,-1.0,30.0
2015-01-25,Kalajoki Pitkäsenkylä,,0.0,45.0
2015-01-25,Kalajoki Mehtäkylä,,-1.0,35.0
2015-01-25,Toholampi Laitala,-0.3,,
2015-01-25,Ylivieska lentokenttä,-0.5,0.5,34.0
2015-01-25,Ylivieska Vähäkangas,,0.1,35.0
2015-01-25,Haapavesi Mustikkamäki,-1.0,0.2,33.0
2015-01-25,Kärsämäki Venetpalo,,0.5,36.0
2015-01-25,Pyhäjärvi Ojakylä,-1.1,1.2,43.0
2015-01-25,Pyhäjärvi Hiidenniemi,,1.0,42.0
2015-01-25,Kiuruvesi Korpijoki,,0.5,27.0
2015-01-25,Siikalatva Kestilä,,2.5,34.0
2015-01-25,Kajaani Saaresmäki,,2.3,65.0
2015-01-25,Kajaani lentoasema,-1.6,,
2015-01-25,Vieremä Kaarakkala,-2.4,1.5,65.0
2015-01-25,Kajaani Paltaniemi,,-1.0,31.0
2015-01-25,Nurmes Valtimo,-2.3,0.2,34.0
2015-01-25,Sotkamo Saviaho,,0.6,56.0
2015-01-25,Ristijärvi Mustavaara,,2.0,85.0
2015-01-25,Sotkamo Kuolaniemi,-2.2,1.5,45.0
2015-01-25,Nurmes Mujejärvi,,2.0,59.0
2015-01-25,Kuhmo Apaja,,1.2,66.0
2015-01-25,Kuhmo Kalliojoki,-3.0,1.7,60.0
2015-01-25,Raahe Nahkiainen,-0.2,,
2015-01-25,Hailuoto Keskikylä,-0.5,0.2,34.0
2015-01-25,Kemi I majakka,-4.0,,
2015-01-25,Hailuoto Marjaniemi,-0.6,,
2015-01-25,Raahe Lapaluoto satama,-0.4,,
2015-01-25,Oulu lentoasema,-0.7,,
2015-01-25,Siikajoki Ruukki,-0.8,0.9,39.0
2015-01-25,Tyrnävä Temmes,,0.2,35.0
2015-01-25,Oulu Vihreäsaari satama,-0.5,,
2015-01-25,Oulu Oulunsalo Pellonpää,-0.7,0.8,43.0
2015-01-25,Vaala Pelso,-0.9,1.0,31.0
2015-01-25,Pudasjärvi lentokenttä,-1.6,0.4,62.0
2015-01-25,Utajärvi Särkijärvi,,1.0,52.0
2015-01-25,Pudasjärvi Jaurakkajärvi,,1.7,60.0
2015-01-25,Suomussalmi Näljänkä,,2.7,83.0
2015-01-25,Suomussalmi Pesiö,-2.5,2.4,79.0
2015-01-25,Puolanka Kotila,,3.5,75.0
2015-01-25,Puolanka Paljakka,-3.0,4.1,88.0
2015-01-25,Kemi Kemi-Tornio lentoasema,-9.0,,
2015-01-25,Kemi Ajos,-7.8,,
2015-01-25,Tornio Aapajärvi,,-1.0,63.0
2015-01-25,Tornio Kaakkuri,-10.0,0.3,37.0
2015-01-25,Ranua lentokenttä,-3.8,0.5,66.0
2015-01-25,Pudasjärvi Sarakylä,,1.4,65.0
2015-01-25,Posio Raistakka,,0.7,69.0
2015-01-25,Taivalkoski Inkee,,0.8,75.0
2015-01-25,Taivalkoski kirkonkylä,-2.0,1.4,74.0
2015-01-25,Kuusamo lentoasema,-3.2,,
2015-01-25,Kuusamo Kiutaköngäs,-4.4,0.8,54.0
2015-01-25,Kuusamo Toranginaho,,0.7,72.0
2015-01-25,Kuusamo Rukatunturi,-4.7,,
2015-01-25,Kuusamo Teeriranta,,0.0,75.0
2015-01-25,Ylitornio Meltosjärvi,-12.2,0.5,47.0
2015-01-25,Pello Konttajärvi,,-1.0,61.0
2015-01-25,Kolari Kattilamaa,,0.2,59.0
2015-01-25,Pello kirkonkylä,-13.7,0.2,53.0
2015-01-25,Kittilä Alakylä,,-1.0,62.0
2015-01-25,Rovaniemi rautatieasema,-8.5,,
2015-01-25,Sodankylä Tähtelä,-13.6,-1.0,59.0
2015-01-25,Rovaniemi Apukka,-10.1,0.3,48.0
2015-01-25,Pelkosenniemi kirkonkylä,,0.2,58.0
2015-01-25,Kemijärvi lentokenttä,-7.1,0.6,62.0
2015-01-25,Savukoski kirkonkylä,-9.9,-1.0,60.0
2015-01-25,Salla Kelloselkä,,0.1,46.0
2015-01-25,Pelkosenniemi Pyhätunturi,-6.3,,
2015-01-25,Salla kirkonkylä,-5.3,0.4,45.0
2015-01-25,Salla Naruska,-8.9,1.3,60.0
2015-01-25,Enontekiö Kaaresuvanto,,0.3,60.0
2015-01-25,Muonio Alamuonio,-17.2,,64.0
2015-01-25,Enontekiö Hetta,,1.0,62.0
2015-01-25,Kittilä Pulju,,-1.0,70.0
2015-01-25,Kittilä Levitunturi,-9.8,,
2015-01-25,Muonio Laukukero,-8.7,,
2015-01-25,Muonio Sammaltunturi,-10.3,,
2015-01-25,Kittilä Matorova,-9.7,,
2015-01-25,Kittilä lentoasema,-17.1,,
2015-01-25,Kittilä Kenttärova,-9.6,-1.0,69.0
2015-01-25,Kittilä Pakatti,-15.4,-1.0,62.0
2015-01-25,Kittilä Pokka,-15.3,-1.0,71.0
2015-01-25,Sodankylä Lokka,-11.7,0.3,59.0
2015-01-25,Sodankylä Vuotso,-14.6,-1.0,64.0
2015-01-25,Inari Saariselkä matkailukeskus,-14.6,-1.0,59.0
2015-01-25,Inari Saariselkä Kaunispää,-13.3,,
2015-01-25,Savukoski Ruuvaoja,,-1.0,57.0
2015-01-25,Inari Raja-Jooseppi Kontiojärvi,,-1.0,42.0
2015-01-25,Inari Raja-Jooseppi,-11.6,,
2015-01-25,Salla Värriötunturi,-8.4,0.5,51.0
2015-01-25,Enontekiö Kilpisjärvi kyläkeskus,-13.2,0.2,56.0
2015-01-25,Enontekiö Kilpisjärvi Saana,-6.1,,
2015-01-25,Enontekiö Näkkälä,-17.2,0.2,62.0
2015-01-25,Inari Angeli,,-1.0,70.0
2015-01-25,Inari Angeli Lintupuoliselkä,-14.2,-1.0,54.0
2015-01-25,Inari Ivalo lentoasema,-12.9,,
2015-01-25,Utsjoki Kevo,-17.1,0.0,44.0
2015-01-25,Utsjoki Nuorgam,-16.3,-1.0,41.0
2015-01-25,Utsjoki Leppälä,,0.0,48.0
2015-01-25,Inari Väylä,-15.9,,
2015-01-25,Inari kirkonkylä,,-1.0,55.0
2015-01-25,Inari Kaamanen,-14.8,-1.0,49.0
2015-01-25,Inari Nellim,-13.4,-1.0,38.0
2015-01-25,Inari Kirakkajärvi,-14.5,-1.0,44.0
2015-01-25,Muonio Oustajärvi,-18.7,0.2,67.0
2015-01-25,Kajaani Petäisenniska,-1.9,0.9,46.0
2015-01-25,Utsjoki Kevo Kevojärvi,-17.6,,
2015-01-25,Inari Seitalaassa,-13.7,,
2015-01-25,Rovaniemi lentoasema AWOS,-7.5,0.2,57.0
2015-01-25,Jyväskylä lentoasema AWOS,-2.2,1.3,36.0
2015-01-25,Puumala kirkonkylä,-3.7,0.1,19.0
2015-01-25,Helsinki Vuosaari satama,-0.8,,
2015-01-25,Lumparland Långnäs satama,0.8,0.2,3.0
2015-01-25,Tampere Tampella,-0.7,,
2015-01-25,Kittilä Lompolonvuoma,-12.5,,
2015-01-25,Kuusamo Ruka Talvijärvi,-3.6,,
2015-01-25,Espoo Nuuksio,-2.2,-1.0,31.0
2015-01-25,Mikkeli Lentoasema AWOS,-3.2,0.8,43.0
2015-01-25,Espoo Tapiola,-0.8,-1.0,6.0
2015-01-26,Jomala Maarianhamina lentoasema,1.2,,
2015-01-26,Parainen Utö,1.7,0.4,-1.0
2015-01-26,Lemland Nyhamn,1.6,,
2015-01-26,Jomala Jomalaby,0.7,6.4,5.0
2015-01-26,Hammarland Märket,0.1,,
2015-01-26,Kökar Bogskär,1.9,,
2015-01-26,Parainen Fagerholm,1.5,0.7,
2015-01-26,Kumlinge kirkonkylä,1.1,,
2015-01-26,Hanko Russarö,1.6,,
2015-01-26,Kaarina Yltöinen,0.3,0.3,12.0
2015-01-26,Kemiönsaari Vänö,1.8,,
2015-01-26,Hanko Tulliniemi,1.7,,
2015-01-26,Turku Rajakari,1.1,,
2015-01-26,Turku Artukainen,0.9,1.6,4.0
2015-01-26,Kemiönsaari Kemiö,0.8,0.7,6.0
2015-01-26,Hanko Tvärminne,1.1,0.1,2.0
2015-01-26,Salo Kärkkä,0.4,0.2,
2015-01-26,Lohja Leppäkorpi,,0.3,12.0
2015-01-26,Raasepori Jussarö,1.3,,
2015-01-26,Salo Kiikala lentokenttä,-0.6,0.2,15.0
2015-01-26,Vantaa Helsinki-Vantaan lentoasema,0.2,0.0,6.0
2015-01-26,Inkoo Bågaskär,1.1,,
2015-01-26,Helsinki Kaisaniemi,1.1,-1.0,4.0
2015-01-26,Lohja Porla,0.2,-1.0,13.0
2015-01-26,Vihti Maasoja,0.1,,
2015-01-26,Helsinki Harmaja,0.8,,
2015-01-26,Kirkkonummi Mäkiluoto,1.3,,
2015-01-26,Helsinki Helsingin majakka,0.7,,
2015-01-26,Helsinki Kumpula,0.8,-1.0,7.0
2015-01-26,Espoo Sepänkylä,0.4,,
2015-01-26,Helsinki Rautatientori,1.3,,
2015-01-26,Porvoo Kalbådagrund,0.2,,
2015-01-26,Porvoo Emäsalo,0.2,,
2015-01-26,Porvoo Harabacka,0.4,-1.0,3.0
2015-01-26,Kotka Rankki,-0.3,,
2015-01-26,Loviisa Orrengrund,0.0,,
2015-01-26,Kotka Haapasaari,-0.2,,
2015-01-26,Pori lentoasema,0.1,,
2015-01-26,Uusikaupunki Itätulli,,6.5,2.0
2015-01-26,Laitila Haukka,,3.9,2.0
2015-01-26,Kustavi Isokari,0.8,4.1,
2015-01-26,Rauma Kylmäpihlaja,0.5,,
2015-01-26,Pori rautatieasema,0.1,5.6,9.0
2015-01-26,Turku lentoasema,0.4,,
2015-01-26,Kokemäki Rausenkulma,,2.7,10.0
2015-01-26,Lieto Tammentaka,,0.5,15.0
2015-01-26,Huittinen Sallila,,2.1,16.0
2015-01-26,Köyliö Yttilä,,0.8,7.0
2015-01-26,Oripää Teinikivi,,0.3,18.0
2015-01-26,Pöytyä Yläne,,0.8,17.0
2015-01-26,Kokemäki Tulkkila,0.0,3.0,16.0
2015-01-26,Jokioinen Ilmala,-0.5,1.0,19.0
2015-01-26,Nokia Tottijärvi,,1.1,17.0
2015-01-26,Pirkkala Tampere-Pirkkala lentoasema,-0.6,,
2015-01-26,Tampere Härmälä,-0.6,0.4,22.0
2015-01-26,Somero Salkola,-1.0,-1.0,29.0
2015-01-26,Hyvinkää Hyvinkäänkylä,-0.4,-1.0,18.0
2015-01-26,Vihti Hiiskula,,0.2,20.0
2015-01-26,Hausjärvi Lavinto,,-1.0,13.0
2015-01-26,Hämeenlinna Pirttikoski,,-1.0,30.0
2015-01-26,Nurmijärvi Röykkä,-0.5,-1.0,19.0
2015-01-26,Hämeenlinna Katinen,-0.2,0.1,
2015-01-26,Hattula Lepaa,-0.5,0.1,26.0
2015-01-26,Lahti Laune,-0.7,-1.0,26.0
2015-01-26,Hämeenlinna Lammi Pappila,-0.9,-1.0,27.0
2015-01-26,Mäntsälä Hirvihaara Kuntomajantie,,0.0,15.0
2015-01-26,Asikkala Urajärvi,,-1.0,41.0
2015-01-26,Asikkala Pulkkilanharju,-0.6,,
2015-01-26,Hämeenlinna Lammi Evo,-1.3,,
2015-01-26,Kouvola Utti lentoasema,-1.4,-1.0,36.0
2015-01-26,Kouvola Anjala,-0.5,-1.0,14.0
2015-01-26,Heinola Asemantaus,-1.0,-1.0,26.0
2015-01-26,Iitti Kausala,,-1.0,25.0
2015-01-26,Kouvola Voikoski,,-1.0,26.0
2015-01-26,Virolahti Koivuniemi,-1.4,-1.0,11.0
2015-01-26,Lappeenranta lentoasema,-2.6,,
2015-01-26,Lappeenranta Konnunsuo,-2.5,,
2015-01-26,Lappeenranta Lepola,-2.6,-1.0,21.0
2015-01-26,Ruokolahti Kotaniemi,,-1.0,31.0
2015-01-26,Lappeenranta Hiekkapakka,-2.3,,
2015-01-26,Rautjärvi Simpele Kangaskoski,,-1.0,24.0
2015-01-26,Parikkala Koitsanlahti,-3.2,,
2015-01-26,Kaskinen Sälgrund,0.4,9.6,
2015-01-26,Merikarvia Tuorila,,13.1,17.0
2015-01-26,Isojoki Kärjenkoski,,10.0,21.0
2015-01-26,Teuva Kauppilankylä,,10.1,17.0
2015-01-26,Pori Tahkoluoto satama,0.5,,
2015-01-26,Karvia Alkkia,-1.3,5.8,29.0
2015-01-26,Pori Lavia,,4.5,7.0
2015-01-26,Ikaalinen Vehuvarpee,,6.9,25.0
2015-01-26,Kauhajoki kaupunki,,5.9,25.0
2015-01-26,Kurikka Hirvijärvi,,4.0,18.0
2015-01-26,Kauhajoki Kuja-Kokko,-0.8,3.2,11.0
2015-01-26,Kankaanpää Niinisalo lentokenttä,-1.2,5.7,29.0
2015-01-26,Alavus Sulkavankylä,,3.5,21.0
2015-01-26,Virrat Äijänneva,-1.2,,
2015-01-26,Tampere Siilinkari,-0.5,,
2015-01-26,Jämsä Halli lentoasema,-1.2,0.9,31.0
2015-01-26,Juupajoki Hyytiälä,-1.3,1.0,41.0
2015-01-26,Sysmä Joutsjärvi,,-1.0,23.0
2015-01-26,Luhanka Tammijärvi,,-1.0,35.0
2015-01-26,Jyväskylä Muuratjärvi,,2.1,38.0
2015-01-26,Luhanka Judinsalo,-0.8,,
2015-01-26,Multia Pirttiperä,,5.4,43.0
2015-01-26,Joutsa Savenaho,-1.8,-1.0,38.0
2015-01-26,Kangasniemi kirkonkylä,,-1.0,50.0
2015-01-26,Joutsa Pärnämäki,,-1.0,38.0
2015-01-26,Mikkeli Pitkähiekka,,-1.0,27.0
2015-01-26,Juva Partala,-2.1,,
2015-01-26,Joroinen Varkaus lentoasema,-1.7,,
2015-01-26,Varkaus Kosulanniemi,-1.7,-1.0,34.0
2015-01-26,Savonlinna Laukansaari,,-1.0,18.0
2015-01-26,Sulkava Halttula,,-1.0,33.0
2015-01-26,Savonlinna lentoasema,-2.4,,
2015-01-26,Rantasalmi Rukkasluoto,-2.1,,
2015-01-26,Savonlinna Punkaharju Laukansaari,-2.5,-1.0,27.0
2015-01-26,Enonkoski Simanala,,-1.0,37.0
2015-01-26,Savonlinna Savonranta,,-1.0,26.0
2015-01-26,Rääkkylä kirkonkylä,,0.4,37.0
2015-01-26,Tohmajärvi Kemie,-3.5,-1.0,47.0
2015-01-26,Joensuu Huhtilampi,,-1.0,54.0
2015-01-26,Vaasa lentoasema,0.1,,
2015-01-26,Mustasaari Valassaaret,-0.2,,
2015-01-26,Närpiö Ylimarkku,,8.8,5.0
2015-01-26,Mustasaari Riimala,,6.2,20.0
2015-01-26,Kurikka Pyörni,,4.1,26.0
2015-01-26,Korsnäs Bredskäret,0.3,,
2015-01-26,Maalahti Strömmingsbådan,0.7,,
2015-01-26,Vaasa Klemettilä,0.1,7.5,10.0
2015-01-26,Seinäjoki Pelmaa,-0.3,2.7,20.0
2015-01-26,Kauhava lentokenttä,-0.5,5.1,28.0
2015-01-26,Ähtäri Inha,-1.7,8.0,36.0
2015-01-26,Halsua Purola,-1.7,0.4,46.0
2015-01-26,Alajärvi Möksy,-1.9,9.2,38.0
2015-01-26,Multia Karhila,-2.3,6.1,38.0
2015-01-26,Viitasaari Haapaniemi,-1.7,4.4,34.0
2015-01-26,Äänekoski Kalaniemi,,4.8,36.0
2015-01-26,Viitasaari Kärnä,,8.2,51.0
2015-01-26,Vesanto kirkonkylä,-1.7,3.0,44.0
2015-01-26,Pielavesi Venetmäki,,4.0,58.0
2015-01-26,Siilinjärvi Kuopio lentoasema,-1.9,,
2015-01-26,Kuopio Maaninka,-1.7,1.6,42.0
2015-01-26,Lapinlahti Lamminkäyrä,,2.6,39.0
2015-01-26,Suonenjoki Iisvesi,,1.8,45.0
2015-01-26,Kuopio Karttula,,3.3,45.0
2015-01-26,Kuopio Ritoniemi,-1.7,,
2015-01-26,Kuopio Savilahti,-1.6,1.1,41.0
2015-01-26,Heinävesi Palokki,,-1.0,42.0
2015-01-26,Outokumpu Viuruniemi,,-1.0,35.0
2015-01-26,Rautavaara Ala-Luosta,,1.0,34.0
2015-01-26,Rautavaara Ylä-Luosta,-2.8,1.3,49.0
2015-01-26,Liperi Joensuu lentoasema,-3.1,,
2015-01-26,Juuka Niemelä,-2.4,0.7,36.0
2015-01-26,Joensuu Pyhäselkä,,-1.0,36.0
2015-01-26,Lieksa Koli,,0.2,51.0
2015-01-26,Liperi Tuiskavanluoto,-2.7,,
2015-01-26,Joensuu Linnunlahti,-2.8,-1.0,41.0
2015-01-26,Lieksa Lampela,-2.6,0.7,30.0
2015-01-26,Ilomantsi Naarva,,0.0,64.0
2015-01-26,Ilomantsi Pötsönvaara,-4.4,-1.0,63.0
2015-01-26,Ilomantsi Mekrijärvi,-4.0,-1.0,42.0
2015-01-26,Pietarsaari Kallan,-0.3,,
2015-01-26,Kokkola Tankar,-0.6,,
2015-01-26,Kruunupyy Kokkola-Pietarsaari lentoasema,-0.7,,
2015-01-26,Kaustinen Tastula,,6.6,35.0
2015-01-26,Kalajoki Ulkokalla,-0.4,,
2015-01-26,Kokkola Santahaka,-0.5,5.0,23.0
2015-01-26,Toholampi Oravala,,9.0,30.0
2015-01-26,Kalajoki Pitkäsenkylä,,8.0,45.0
2015-01-26,Kalajoki Mehtäkylä,,11.0,35.0
2015-01-26,Toholampi Laitala,-1.2,,
2015-01-26,Ylivieska lentokenttä,-1.4,6.1,33.0
2015-01-26,Ylivieska Vähäkangas,,7.5,34.0
2015-01-26,Haapavesi Mustikkamäki,-1.8,7.0,34.0
2015-01-26,Kärsämäki Venetpalo,,6.2,36.0
2015-01-26,Pyhäjärvi Ojakylä,-2.0,7.1,43.0
2015-01-26,Pyhäjärvi Hiidenniemi,,6.7,42.0
2015-01-26,Kiuruvesi Korpijoki,,4.8,27.0
2015-01-26,Siikalatva Kestilä,,2.8,39.0
2015-01-26,Kajaani Saaresmäki,,8.5,67.0
2015-01-26,Kajaani lentoasema,-2.2,,
2015-01-26,Vieremä Kaarakkala,-2.8,5.7,67.0
2015-01-26,Kajaani Paltaniemi,,4.7,31.0
2015-01-26,Nurmes Valtimo,-2.1,0.4,34.0
2015-01-26,Sotkamo Saviaho,,2.0,56.0
2015-01-26,Ristijärvi Mustavaara,,3.6,85.0
2015-01-26,Sotkamo Kuolaniemi,-2.4,1.5,45.0
2015-01-26,Nurmes Mujejärvi,,1.8,60.0
2015-01-26,Kuhmo Apaja,,1.1,66.0
2015-01-26,Kuhmo Kalliojoki,-3.2,2.3,61.0
2015-01-26,Raahe Nahkiainen,-0.6,,
2015-01-26,Hailuoto Keskikylä,-0.9,5.4,33.0
2015-01-26,Kemi I majakka,-0.8,,
2015-01-26,Hailuoto Marjaniemi,-0.9,,
2015-01-26,Raahe Lapaluoto satama,-0.7,,
2015-01-26,Oulu lentoasema,-1.2,,
2015-01-26,Siikajoki Ruukki,-1.3,7.7,40.0
2015-01-26,Tyrnävä Temmes,,8.1,34.0
2015-01-26,Oulu Vihreäsaari satama,-1.0,,
2015-01-26,Oulu Oulunsalo Pellonpää,-1.2,10.0,43.0
2015-01-26,Vaala Pelso,-1.9,5.8,31.0
2015-01-26,Pudasjärvi lentokenttä,-2.4,4.6,61.0
2015-01-26,Utajärvi Särkijärvi,,9.8,52.0
2015-01-26,Pudasjärvi Jaurakkajärvi,,6.7,60.0
2015-01-26,Suomussalmi Näljänkä,,4.8,85.0
2015-01-26,Suomussalmi Pesiö,-3.4,3.0,78.0
2015-01-26,Puolanka Kotila,,7.1,75.0
2015-01-26,Puolanka Paljakka,-4.1,7.9,87.0
2015-01-26,Kemi Kemi-Tornio lentoasema,-1.5,,
2015-01-26,Kemi Ajos,-1.3,,
2015-01-26,Tornio Aapajärvi,,7.4,63.0
2015-01-26,Tornio Kaakkuri,-2.2,5.5,37.0
2015-01-26,Ranua lentokenttä,-2.7,4.5,65.0
2015-01-26,Pudasjärvi Sarakylä,,6.7,63.0
2015-01-26,Posio Raistakka,,5.5,68.0
2015-01-26,Taivalkoski Inkee,,4.9,73.0
2015-01-26,Taivalkoski kirkonkylä,-3.1,4.6,72.0
2015-01-26,Kuusamo lentoasema,-4.0,,
2015-01-26,Kuusamo Kiutaköngäs,-3.2,2.6,52.0
2015-01-26,Kuusamo Toranginaho,,3.0,70.0
2015-01-26,Kuusamo Rukatunturi,-5.6,,
2015-01-26,Kuusamo Teeriranta,,4.3,75.0
2015-01-26,Ylitornio Meltosjärvi,-3.1,3.6,46.0
2015-01-26,Pello Konttajärvi,,3.8,59.0
2015-01-26,Kolari Kattilamaa,,5.0,59.0
2015-01-26,Pello kirkonkylä,-4.7,5.0,52.0
2015-01-26,Kittilä Alakylä,,4.4,62.0
2015-01-26,Rovaniemi rautatieasema,-2.9,,
2015-01-26,Sodankylä Tähtelä,-4.5,2.5,59.0
2015-01-26,Rovaniemi Apukka,-3.8,3.2,48.0
2015-01-26,Pelkosenniemi kirkonkylä,,1.3,54.0
2015-01-26,Kemijärvi lentokenttä,-3.4,1.1,60.0
2015-01-26,Savukoski kirkonkylä,-5.3,2.7,60.0
2015-01-26,Salla Kelloselkä,,0.4,46.0
2015-01-26,Pelkosenniemi Pyhätunturi,-5.6,,
2015-01-26,Salla kirkonkylä,-3.7,3.0,45.0
2015-01-26,Salla Naruska,-4.4,3.8,62.0
2015-01-26,Enontekiö Kaaresuvanto,,1.0,60.0
2015-01-26,Muonio Alamuonio,-7.2,,64.0
2015-01-26,Enontekiö Hetta,,1.1,63.0
2015-01-26,Kittilä Pulju,,1.8,70.0
2015-01-26,Kittilä Levitunturi,-7.4,,
2015-01-26,Muonio Laukukero,-7.2,,
2015-01-26,Muonio Sammaltunturi,-6.5,,
2015-01-26,Kittilä Matorova,-5.4,,
2015-01-26,Kittilä lentoasema,-6.6,,
2015-01-26,Kittilä Kenttärova,-5.7,6.8,69.0
2015-01-26,Kittilä Pakatti,-6.4,5.6,61.0
2015-01-26,Kittilä Pokka,-8.0,3.0,68.0
2015-01-26,Sodankylä Lokka,-6.9,4.3,59.0
2015-01-26,Sodankylä Vuotso,-7.1,4.0,63.0
2015-01-26,Inari Saariselkä matkailukeskus,-7.4,2.8,58.0
2015-01-26,Inari Saariselkä Kaunispää,-7.2,,
2015-01-26,Savukoski Ruuvaoja,,3.0,57.0
2015-01-26,Inari Raja-Jooseppi Kontiojärvi,,3.4,42.0
2015-01-26,Inari Raja-Jooseppi,-6.0,,
2015-01-26,Salla Värriötunturi,-5.8,1.7,50.0
2015-01-26,Enontekiö Kilpisjärvi kyläkeskus,-6.7,-1.0,55.0
2015-01-26,Enontekiö Kilpisjärvi Saana,-8.4,,
2015-01-26,Enontekiö Näkkälä,-8.1,1.8,62.0
2015-01-26,Inari Angeli,,-1.0,70.0
2015-01-26,Inari Angeli Lintupuoliselkä,-6.8,1.0,53.0
2015-01-26,Inari Ivalo lentoasema,-6.1,,
2015-01-26,Utsjoki Kevo,-9.6,2.6,43.0
2015-01-26,Utsjoki Nuorgam,-8.0,1.7,41.0
2015-01-26,Utsjoki Leppälä,,3.1,48.0
2015-01-26,Inari Väylä,-8.7,,
2015-01-26,Inari kirkonkylä,,0.5,55.0
2015-01-26,Inari Kaamanen,-7.2,3.2,48.0
2015-01-26,Inari Nellim,-6.5,1.2,37.0
2015-01-26,Inari Kirakkajärvi,-9.4,2.7,44.0
2015-01-26,Muonio Oustajärvi,-6.9,0.2,65.0
2015-01-26,Kajaani Petäisenniska,-2.4,2.6,46.0
2015-01-26,Utsjoki Kevo Kevojärvi,-9.5,,
2015-01-26,Inari Seitalaassa,-6.4,,
2015-01-26,Rovaniemi lentoasema AWOS,-3.4,4.2,56.0
2015-01-26,Jyväskylä lentoasema AWOS,-1.7,3.2,37.0
2015-01-26,Puumala kirkonkylä,-2.2,-1.0,19.0
2015-01-26,Helsinki Vuosaari satama,0.6,,
2015-01-26,Lumparland Långnäs satama,1.1,4.7,2.0
2015-01-26,Tampere Tampella,-0.2,,
2015-01-26,Kittilä Lompolonvuoma,-6.1,,
2015-01-26,Kuusamo Ruka Talvijärvi,-4.2,,
2015-01-26,Espoo Nuuksio,-0.5,0.1,30.0
2015-01-26,Mikkeli Lentoasema AWOS,-1.7,-1.0,43.0
2015-01-26,Espoo Tapiola,0.7,-1.0,6.0
2015-01-27,Jomala Maarianhamina lentoasema,1.1,,
2015-01-27,Parainen Utö,1.9,2.8,-1.0
2015-01-27,Lemland Nyhamn,1.6,,
2015-01-27,Jomala Jomalaby,0.8,0.5,-1.0
2015-01-27,Hammarland Märket,1.0,,
2015-01-27,Kökar Bogskär,1.8,,
2015-01-27,Parainen Fagerholm,1.5,3.5,
2015-01-27,Kumlinge kirkonkylä,1.1,,
2015-01-27,Hanko Russarö,1.1,,
2015-01-27,Kaarina Yltöinen,0.4,3.5,10.0
2015-01-27,Kemiönsaari Vänö,1.6,,
2015-01-27,Hanko Tulliniemi,1.1,,
2015-01-27,Turku Rajakari,1.0,,
2015-01-27,Turku Artukainen,0.9,3.8,4.0
2015-01-27,Kemiönsaari Kemiö,0.6,3.1,6.0
2015-01-27,Hanko Tvärminne,0.8,2.0,2.0
2015-01-27,Salo Kärkkä,0.4,2.8,
2015-01-27,Lohja Leppäkorpi,,3.5,11.0
2015-01-27,Raasepori Jussarö,0.8,,
2015-01-27,Salo Kiikala lentokenttä,-0.8,1.7,16.0
2015-01-27,Vantaa Helsinki-Vantaan lentoasema,-0.2,1.1,6.0
2015-01-27,Inkoo Bågaskär,0.6,,
2015-01-27,Helsinki Kaisaniemi,0.4,0.5,4.0
2015-01-27,Lohja Porla,0.2,1.0,13.0
2015-01-27,Vihti Maasoja,-0.1,,
2015-01-27,Helsinki Harmaja,0.3,,
2015-01-27,Kirkkonummi Mäkiluoto,0.6,,
2015-01-27,Helsinki Helsingin majakka,0.2,,
2015-01-27,Helsinki Kumpula,0.0,1.2,7.0
2015-01-27,Espoo Sepänkylä,0.0,,
2015-01-27,Helsinki Rautatientori,0.7,,
2015-01-27,Porvoo Kalbådagrund,-0.1,,
2015-01-27,Porvoo Emäsalo,-0.1,,
2015-01-27,Porvoo Harabacka,-0.1,0.7,3.0
2015-01-27,Kotka Rankki,-0.5,,
2015-01-27,Loviisa Orrengrund,-0.3,,
2015-01-27,Kotka Haapasaari,-0.5,,
2015-01-27,Pori lentoasema,0.4,,
2015-01-27,Uusikaupunki Itätulli,,3.8,1.0
2015-01-27,Laitila Haukka,,3.4,2.0
2015-01-27,Kustavi Isokari,1.1,1.0,
2015-01-27,Rauma Kylmäpihlaja,0.8,,
2015-01-27,Pori rautatieasema,0.4,1.1,10.0
2015-01-27,Turku lentoasema,0.6,,
2015-01-27,Kokemäki Rausenkulma,,3.9,12.0
2015-01-27,Lieto Tammentaka,,4.2,15.0
2015-01-27,Huittinen Sallila,,3.7,14.0
2015-01-27,Köyliö Yttilä,,2.5,7.0
2015-01-27,Oripää Teinikivi,,4.0,18.0
2015-01-27,Pöytyä Yläne,,1.6,17.0
2015-01-27,Kokemäki Tulkkila,0.4,3.3,16.0
2015-01-27,Jokioinen Ilmala,-0.4,4.0,19.0
2015-01-27,Nokia Tottijärvi,,1.5,18.0
2015-01-27,Pirkkala Tampere-Pirkkala lentoasema,-0.3,,
2015-01-27,Tampere Härmälä,-0.1,2.7,21.0
2015-01-27,Somero Salkola,-1.1,3.6,29.0
2015-01-27,Hyvinkää Hyvinkäänkylä,-0.7,1.4,18.0
2015-01-27,Vihti Hiiskula,,2.8,20.0
2015-01-27,Hausjärvi Lavinto,,0.8,12.0
2015-01-27,Hämeenlinna Pirttikoski,,5.5,30.0
2015-01-27,Nurmijärvi Röykkä,-0.8,1.9,19.0
2015-01-27,Hämeenlinna Katinen,-0.5,2.2,
2015-01-27,Hattula Lepaa,-0.6,2.7,25.0
2015-01-27,Lahti Laune,-1.0,3.0,25.0
2015-01-27,Hämeenlinna Lammi Pappila,-1.3,2.6,27.0
2015-01-27,Mäntsälä Hirvihaara Kuntomajantie,,1.6,15.0
2015-01-27,Asikkala Urajärvi,,2.9,41.0
2015-01-27,Asikkala Pulkkilanharju,-1.0,,
2015-01-27,Hämeenlinna Lammi Evo,-1.5,,
2015-01-27,Kouvola Utti lentoasema,-1.5,1.5,36.0
2015-01-27,Kouvola Anjala,-0.7,1.6,14.0
2015-01-27,Heinola Asemantaus,-1.2,2.0,25.0
2015-01-27,Iitti Kausala,,1.6,24.0
2015-01-27,Kouvola Voikoski,,2.1,26.0
2015-01-27,Virolahti Koivuniemi,-0.8,2.1,11.0
2015-01-27,Lappeenranta lentoasema,-2.4,,
2015-01-27,Lappeenranta Konnunsuo,-2.2,,
2015-01-27,Lappeenranta Lepola,-2.4,0.5,21.0
2015-01-27,Ruokolahti Kotaniemi,,1.8,31.0
2015-01-27,Lappeenranta Hiekkapakka,-2.4,,
2015-01-27,Rautjärvi Simpele Kangaskoski,,1.5,24.0
2015-01-27,Parikkala Koitsanlahti,-3.1,,
2015-01-27,Kaskinen Sälgrund,0.1,0.1,
2015-01-27,Merikarvia Tuorila,,0.6,26.0
2015-01-27,Isojoki Kärjenkoski,,0.5,28.0
2015-01-27,Teuva Kauppilankylä,,-1.0,25.0
2015-01-27,Pori Tahkoluoto satama,1.0,,
2015-01-27,Kristiinankaupunki Majakka,,,
2015-01-27,Karvia Alkkia,-0.6,1.0,34.0
2015-01-27,Pori Lavia,,1.7,12.0
2015-01-27,Ikaalinen Vehuvarpee,,2.0,30.0
2015-01-27,Kauhajoki kaupunki,,0.0,32.0
2015-01-27,Kurikka Hirvijärvi,,0.9,22.0
2015-01-27,Kauhajoki Kuja-Kokko,-0.2,1.0,13.0
2015-01-27,Kankaanpää Niinisalo lentokenttä,-0.2,5.2,35.0
2015-01-27,Alavus Sulkavankylä,,1.0,24.0
2015-01-27,Virrat Äijänneva,-0.6,,
2015-01-27,Tampere Siilinkari,-0.2,,
2015-01-27,Jämsä Halli lentoasema,-0.9,3.1,31.0
2015-01-27,Juupajoki Hyytiälä,-0.8,2.9,40.0
2015-01-27,Sysmä Joutsjärvi,,2.7,22.0
2015-01-27,Luhanka Tammijärvi,,4.5,34.0
2015-01-27,Jyväskylä Muuratjärvi,,3.1,39.0
2015-01-27,Luhanka Judinsalo,-1.0,,
2015-01-27,Multia Pirttiperä,,2.9,49.0
2015-01-27,Joutsa Savenaho,-1.6,3.8,37.0
2015-01-27,Kangasniemi kirkonkylä,,0.0,50.0
2015-01-27,Joutsa Pärnämäki,,3.3,38.0
2015-01-27,Mikkeli Pitkähiekka,,0.6,27.0
2015-01-27,Juva Partala,-2.0,,
2015-01-27,Joroinen Varkaus lentoasema,-1.5,,
2015-01-27,Varkaus Kosulanniemi,-1.4,2.6,34.0
2015-01-27,Savonlinna Laukansaari,,1.1,17.0
2015-01-27,Sulkava Halttula,,2.6,33.0
2015-01-27,Savonlinna lentoasema,-2.2,,
2015-01-27,Rantasalmi Rukkasluoto,-1.9,,
2015-01-27,Savonlinna Punkaharju Laukansaari,-2.6,1.0,27.0
2015-01-27,Enonkoski Simanala,,2.5,37.0
2015-01-27,Savonlinna Savonranta,,2.0,26.0
2015-01-27,Rääkkylä kirkonkylä,,2.5,38.0
2015-01-27,Tohmajärvi Kemie,-3.2,1.9,47.0
2015-01-27,Joensuu Huhtilampi,,2.0,54.0
2015-01-27,Vaasa lentoasema,-1.1,,
2015-01-27,Mustasaari Valassaaret,-1.2,,
2015-01-27,Närpiö Ylimarkku,,4.9,8.0
2015-01-27,Mustasaari Riimala,,-1.0,24.0
2015-01-27,Kurikka Pyörni,,-1.0,30.0
2015-01-27,Korsnäs Bredskäret,-1.3,,
2015-01-27,Maalahti Strömmingsbådan,0.9,,
2015-01-27,Vaasa Klemettilä,-0.8,-1.0,14.0
2015-01-27,Seinäjoki Pelmaa,-0.3,0.5,24.0
2015-01-27,Kauhava lentokenttä,-0.3,0.6,33.0
2015-01-27,Ähtäri Inha,-0.8,3.0,44.0
2015-01-27,Halsua Purola,-1.0,9.2,50.0
2015-01-27,Alajärvi Möksy,-1.1,2.1,46.0
2015-01-27,Multia Karhila,-1.4,3.6,43.0
2015-01-27,Viitasaari Haapaniemi,-0.9,1.7,39.0
2015-01-27,Äänekoski Kalaniemi,,2.4,44.0
2015-01-27,Viitasaari Kärnä,,3.1,59.0
2015-01-27,Vesanto kirkonkylä,-1.1,3.7,46.0
2015-01-27,Pielavesi Venetmäki,,3.6,59.0
2015-01-27,Siilinjärvi Kuopio lentoasema,-1.0,,
2015-01-27,Kuopio Maaninka,-1.0,1.9,43.0
2015-01-27,Lapinlahti Lamminkäyrä,,1.9,40.0
2015-01-27,Suonenjoki Iisvesi,,3.0,46.0
2015-01-27,Kuopio Karttula,,2.5,47.0
2015-01-27,Kuopio Ritoniemi,-1.3,,
2015-01-27,Kuopio Savilahti,-1.0,2.2,41.0
2015-01-27,Heinävesi Palokki,,2.8,41.0
2015-01-27,Outokumpu Viuruniemi,,4.0,35.0
2015-01-27,Rautavaara Ala-Luosta,,3.0,36.0
2015-01-27,Rautavaara Ylä-Luosta,-1.9,5.1,51.0
2015-01-27,Liperi Joensuu lentoasema,-2.6,,
2015-01-27,Juuka Niemelä,-1.6,2.8,37.0
2015-01-27,Joensuu Pyhäselkä,,2.3,36.0
2015-01-27,Lieksa Koli,,4.3,51.0
2015-01-27,Liperi Tuiskavanluoto,-2.5,,
2015-01-27,Joensuu Linnunlahti,-2.6,2.9,40.0
2015-01-27,Lieksa Lampela,-2.0,2.7,29.0
2015-01-27,Ilomantsi Naarva,,4.0,63.0
2015-01-27,Ilomantsi Pötsönvaara,-3.7,5.0,63.0
2015-01-27,Ilomantsi Mekrijärvi,-3.3,0.7,42.0
2015-01-27,Pietarsaari Kallan,-0.4,,
2015-01-27,Kokkola Tankar,-0.9,,
2015-01-27,Kruunupyy Kokkola-Pietarsaari lentoasema,-1.1,,
2015-01-27,Kaustinen Tastula,,-1.0,44.0
2015-01-27,Kalajoki Ulkokalla,-0.2,,
2015-01-27,Kokkola Santahaka,-0.9,-1.0,28.0
2015-01-27,Toholampi Oravala,,-1.0,37.0
2015-01-27,Kalajoki Pitkäsenkylä,,-1.0,55.0
2015-01-27,Kalajoki Mehtäkylä,,-1.0,45.0
2015-01-27,Toholampi Laitala,-1.0,,
2015-01-27,Ylivieska lentokenttä,-1.1,0.1,40.0
2015-01-27,Ylivieska Vähäkangas,,0.1,38.0
2015-01-27,Haapavesi Mustikkamäki,-1.3,1.7,41.0
2015-01-27,Kärsämäki Venetpalo,,0.6,43.0
2015-01-27,Pyhäjärvi Ojakylä,-1.2,1.4,48.0
2015-01-27,Pyhäjärvi Hiidenniemi,,2.7,45.0
2015-01-27,Kiuruvesi Korpijoki,,1.8,32.0
2015-01-27,Siikalatva Kestilä,,1.5,45.0
2015-01-27,Kajaani Saaresmäki,,2.2,73.0
2015-01-27,Kajaani lentoasema,-1.3,,
2015-01-27,Vieremä Kaarakkala,-1.9,4.2,70.0
2015-01-27,Kajaani Paltaniemi,,2.8,32.0
2015-01-27,Nurmes Valtimo,-1.6,1.6,33.0
2015-01-27,Sotkamo Saviaho,,1.7,57.0
2015-01-27,Ristijärvi Mustavaara,,4.1,86.0
2015-01-27,Sotkamo Kuolaniemi,-1.6,2.1,45.0
2015-01-27,Nurmes Mujejärvi,,5.7,61.0
2015-01-27,Kuhmo Apaja,,4.5,66.0
2015-01-27,Kuhmo Kalliojoki,-2.3,3.7,62.0
2015-01-27,Raahe Nahkiainen,-0.1,,
2015-01-27,Hailuoto Keskikylä,-1.1,0.1,40.0
2015-01-27,Kemi I majakka,-1.6,,
2015-01-27,Hailuoto Marjaniemi,-0.9,,
2015-01-27,Raahe Lapaluoto satama,-0.6,,
2015-01-27,Oulu lentoasema,-1.0,,
2015-01-27,Siikajoki Ruukki,-1.1,-1.0,47.0
2015-01-27,Tyrnävä Temmes,,0.0,41.0
2015-01-27,Oulu Vihreäsaari satama,-1.2,,
2015-01-27,Oulu Oulunsalo Pellonpää,-0.9,0.3,52.0
2015-01-27,Vaala Pelso,-1.3,0.5,38.0
2015-01-27,Pudasjärvi lentokenttä,-1.5,1.2,65.0
2015-01-27,Utajärvi Särkijärvi,,1.6,58.0
2015-01-27,Pudasjärvi Jaurakkajärvi,,1.7,64.0
2015-01-27,Suomussalmi Näljänkä,,2.7,85.0
2015-01-27,Suomussalmi Pesiö,-2.5,2.0,78.0
2015-01-27,Puolanka Kotila,,2.9,79.0
2015-01-27,Puolanka Paljakka,-3.0,2.9,90.0
2015-01-27,Kemi Kemi-Tornio lentoasema,-5.4,,
2015-01-27,Kemi Ajos,-5.0,,
2015-01-27,Tornio Aapajärvi,,2.2,65.0
2015-01-27,Tornio Kaakkuri,-5.6,1.3,41.0
2015-01-27,Ranua lentokenttä,-2.9,2.1,67.0
2015-01-27,Pudasjärvi Sarakylä,,2.3,66.0
2015-01-27,Posio Raistakka,,0.5,71.0
2015-01-27,Taivalkoski Inkee,,1.2,74.0
2015-01-27,Taivalkoski kirkonkylä,-2.0,0.8,73.0
2015-01-27,Kuusamo lentoasema,-2.7,,
2015-01-27,Kuusamo Kiutaköngäs,-2.1,0.1,55.0
2015-01-27,Kuusamo Toranginaho,,0.5,71.0
2015-01-27,Kuusamo Rukatunturi,-4.3,,
2015-01-27,Kuusamo Teeriranta,,-1.0,75.0
2015-01-27,Ylitornio Meltosjärvi,-6.2,1.8,47.0
2015-01-27,Pello Konttajärvi,,2.9,62.0
2015-01-27,Kolari Kattilamaa,,2.0,60.0
2015-01-27,Pello kirkonkylä,-7.6,2.3,53.0
2015-01-27,Kittilä Alakylä,,1.4,64.0
2015-01-27,Rovaniemi rautatieasema,-4.9,,
2015-01-27,Sodankylä Tähtelä,-4.8,0.8,59.0
2015-01-27,Rovaniemi Apukka,-6.4,2.2,50.0
2015-01-27,Pelkosenniemi kirkonkylä,,-1.0,55.0
2015-01-27,Kemijärvi lentokenttä,-3.7,0.8,60.0
2015-01-27,Savukoski kirkonkylä,-3.5,-1.0,62.0
2015-01-27,Salla Kelloselkä,,0.2,47.0
2015-01-27,Pelkosenniemi Pyhätunturi,-5.6,,
2015-01-27,Salla kirkonkylä,-2.8,0.3,46.0
2015-01-27,Salla Naruska,-3.2,0.5,64.0
2015-01-27,Enontekiö Kaaresuvanto,,-1.0,62.0
2015-01-27,Muonio Alamuonio,-8.6,,64.0
2015-01-27,Enontekiö Hetta,,-1.0,62.0
2015-01-27,Kittilä Pulju,,-1.0,68.0
2015-01-27,Kittilä Levitunturi,-6.9,,
2015-01-27,Muonio Laukukero,-7.8,,
2015-01-27,Muonio Sammaltunturi,-7.7,,
2015-01-27,Kittilä Matorova,-6.2,,
2015-01-27,Kittilä lentoasema,-7.6,,
2015-01-27,Kittilä Kenttärova,-6.9,-1.0,70.0
2015-01-27,Kittilä Pakatti,-6.9,0.1,62.0
2015-01-27,Kittilä Pokka,-7.1,-1.0,70.0
2015-01-27,Sodankylä Lokka,-4.4,-1.0,60.0
2015-01-27,Sodankylä Vuotso,-5.4,-1.0,65.0
2015-01-27,Inari Saariselkä matkailukeskus,-5.3,-1.0,57.0
2015-01-27,Inari Saariselkä Kaunispää,-6.1,,
2015-01-27,Savukoski Ruuvaoja,,-1.0,59.0
2015-01-27,Inari Raja-Jooseppi Kontiojärvi,,-1.0,40.0
2015-01-27,Inari Raja-Jooseppi,-4.7,,
2015-01-27,Salla Värriötunturi,-4.6,0.0,50.0
2015-01-27,Enontekiö Kilpisjärvi kyläkeskus,-4.9,-1.0,55.0
2015-01-27,Enontekiö Kilpisjärvi Saana,-6.9,,
2015-01-27,Enontekiö Näkkälä,-8.1,-1.0,61.0
2015-01-27,Inari Angeli,,0.4,70.0
2015-01-27,Inari Angeli Lintupuoliselkä,-7.1,-1.0,54.0
2015-01-27,Inari Ivalo lentoasema,-4.2,,
2015-01-27,Utsjoki Kevo,-13.3,0.0,46.0
2015-01-27,Utsjoki Nuorgam,-13.6,-1.0,42.0
2015-01-27,Utsjoki Leppälä,,0.5,51.0
2015-01-27,Inari Väylä,-6.7,,
2015-01-27,Inari kirkonkylä,,0.0,55.0
2015-01-27,Inari Kaamanen,-6.0,0.1,52.0
2015-01-27,Inari Nellim,-3.9,1.0,40.0
2015-01-27,Inari Kirakkajärvi,-6.1,-1.0,46.0
2015-01-27,Muonio Oustajärvi,-9.1,-1.0,65.0
2015-01-27,Kajaani Petäisenniska,-1.6,2.0,48.0
2015-01-27,Utsjoki Kevo Kevojärvi,-15.9,,
2015-01-27,Inari Seitalaassa,-6.9,,
2015-01-27,Rovaniemi lentoasema AWOS,-4.9,2.0,58.0
2015-01-27,Jyväskylä lentoasema AWOS,-1.2,2.9,39.0
2015-01-27,Puumala kirkonkylä,-2.2,1.0,19.0
2015-01-27,Helsinki Vuosaari satama,0.2,,
2015-01-27,Lumparland Långnäs satama,1.0,1.3,-1.0
2015-01-27,Tampere Tampella,0.1,,
2015-01-27,Kittilä Lompolonvuoma,-6.0,,
2015-01-27,Kuusamo Ruka Talvijärvi,-3.0,,
2015-01-27,Espoo Nuuksio,-0.7,1.6,29.0
2015-01-27,Mikkeli Lentoasema AWOS,-1.7,1.6,43.0
2015-01-27,Espoo Tapiola,0.2,1.1,6.0
2015-01-28,Jomala Maarianhamina lentoasema,1.7,,
2015-01-28,Parainen Utö,2.3,2.2,-1.0
2015-01-28,Lemland Nyhamn,2.1,,
2015-01-28,Jomala Jomalaby,1.3,5.1,-1.0
2015-01-28,Hammarland Märket,1.3,,
2015-01-28,Kökar Bogskär,2.3,,
2015-01-28,Parainen Fagerholm,2.1,2.1,
2015-01-28,Kumlinge kirkonkylä,1.5,,
2015-01-28,Hanko Russarö,1.8,,
2015-01-28,Kaarina Yltöinen,1.0,5.0,11.0
2015-01-28,Kemiönsaari Vänö,2.2,,
2015-01-28,Hanko Tulliniemi,1.9,,
2015-01-28,Turku Rajakari,1.7,,
2015-01-28,Turku Artukainen,1.5,4.7,4.0
2015-01-28,Kemiönsaari Kemiö,1.3,5.5,7.0
2015-01-28,Hanko Tvärminne,1.4,0.7,2.0
2015-01-28,Salo Kärkkä,1.2,3.6,
2015-01-28,Lohja Leppäkorpi,,4.7,14.0
2015-01-28,Raasepori Jussarö,1.2,,
2015-01-28,Salo Kiikala lentokenttä,-0.1,2.0,17.0
2015-01-28,Vantaa Helsinki-Vantaan lentoasema,0.2,0.3,7.0
2015-01-28,Inkoo Bågaskär,0.9,,
2015-01-28,Helsinki Kaisaniemi,1.0,-1.0,5.0
2015-01-28,Lohja Porla,0.4,1.3,14.0
2015-01-28,Vihti Maasoja,0.4,,
2015-01-28,Helsinki Harmaja,0.9,,
2015-01-28,Kirkkonummi Mäkiluoto,1.1,,
2015-01-28,Helsinki Helsingin majakka,1.1,,
2015-01-28,Helsinki Kumpula,0.6,0.0,9.0
2015-01-28,Espoo Sepänkylä,0.5,,
2015-01-28,Helsinki Rautatientori,1.2,,
2015-01-28,Porvoo Kalbådagrund,0.9,,
2015-01-28,Porvoo Emäsalo,0.5,,
2015-01-28,Porvoo Harabacka,0.4,0.1,4.0
2015-01-28,Kotka Rankki,0.2,,
2015-01-28,Loviisa Orrengrund,0.5,,
2015-01-28,Kotka Haapasaari,0.3,,
2015-01-28,Pori lentoasema,0.7,,
2015-01-28,Uusikaupunki Itätulli,,9.0,2.0
2015-01-28,Laitila Haukka,,8.9,3.0
2015-01-28,Kustavi Isokari,1.2,3.3,
2015-01-28,Rauma Kylmäpihlaja,0.7,,
2015-01-28,Pori rautatieasema,0.8,5.7,10.0
2015-01-28,Turku lentoasema,1.2,,
2015-01-28,Kokemäki Rausenkulma,,5.1,12.0
2015-01-28,Lieto Tammentaka,,6.5,15.0
2015-01-28,Huittinen Sallila,,5.3,16.0
2015-01-28,Köyliö Yttilä,,2.6,7.0
2015-01-28,Oripää Teinikivi,,5.9,20.0
2015-01-28,Pöytyä Yläne,,6.9,13.0
2015-01-28,Kokemäki Tulkkila,0.5,3.6,16.0
2015-01-28,Jokioinen Ilmala,0.1,4.8,22.0
2015-01-28,Nokia Tottijärvi,,1.9,18.0
2015-01-28,Pirkkala Tampere-Pirkkala lentoasema,-0.2,,
2015-01-28,Tampere Härmälä,-0.1,1.5,23.0
2015-01-28,Somero Salkola,-0.6,3.5,32.0
2015-01-28,Hyvinkää Hyvinkäänkylä,-0.2,1.9,20.0
2015-01-28,Vihti Hiiskula,,1.3,21.0
2015-01-28,Hausjärvi Lavinto,,0.4,13.0
2015-01-28,Hämeenlinna Pirttikoski,,2.1,36.0
2015-01-28,Nurmijärvi Röykkä,-0.4,1.8,21.0
2015-01-28,Hämeenlinna Katinen,-0.1,1.8,
2015-01-28,Hattula Lepaa,-0.2,1.5,27.0
2015-01-28,Lahti Laune,-0.6,1.3,28.0
2015-01-28,Hämeenlinna Lammi Pappila,-0.8,1.1,29.0
2015-01-28,Mäntsälä Hirvihaara Kuntomajantie,,1.3,15.0
2015-01-28,Asikkala Urajärvi,,1.9,45.0
2015-01-28,Asikkala Pulkkilanharju,-0.6,,
2015-01-28,Hämeenlinna Lammi Evo,-1.1,,
2015-01-28,Kouvola Utti lentoasema,-0.8,0.9,37.0
2015-01-28,Kouvola Anjala,0.2,0.2,16.0
2015-01-28,Heinola Asemantaus,-0.8,2.5,28.0
2015-01-28,Iitti Kausala,,0.7,26.0
2015-01-28,Kouvola Voikoski,,2.7,28.0
2015-01-28,Virolahti Koivuniemi,0.0,0.3,12.0
2015-01-28,Lappeenranta lentoasema,-1.1,,
2015-01-28,Lappeenranta Konnunsuo,-0.7,,
2015-01-28,Lappeenranta Lepola,-1.0,0.1,21.0
2015-01-28,Ruokolahti Kotaniemi,,1.2,32.0
2015-01-28,Lappeenranta Hiekkapakka,-0.9,,
2015-01-28,Rautjärvi Simpele Kangaskoski,,2.3,26.0
2015-01-28,Parikkala Koitsanlahti,-1.1,,
2015-01-28,Kaskinen Sälgrund,1.1,0.6,
2015-01-28,Merikarvia Tuorila,,11.0,26.0
2015-01-28,Isojoki Kärjenkoski,,9.6,27.0
2015-01-28,Teuva Kauppilankylä,,8.4,23.0
2015-01-28,Pori Tahkoluoto satama,1.3,,
2015-01-28,Karvia Alkkia,-0.8,2.8,34.0
2015-01-28,Pori Lavia,,3.1,12.0
2015-01-28,Ikaalinen Vehuvarpee,,5.4,30.0
2015-01-28,Kauhajoki kaupunki,,5.0,30.0
2015-01-28,Kurikka Hirvijärvi,,1.0,22.0
2015-01-28,Kauhajoki Kuja-Kokko,0.1,2.7,10.0
2015-01-28,Kankaanpää Niinisalo lentokenttä,-0.7,5.8,35.0
2015-01-28,Alavus Sulkavankylä,,0.4,25.0
2015-01-28,Virrat Äijänneva,-0.7,,
2015-01-28,Tampere Siilinkari,-0.1,,
2015-01-28,Jämsä Halli lentoasema,-0.8,2.9,33.0
2015-01-28,Juupajoki Hyytiälä,-0.8,2.4,45.0
2015-01-28,Sysmä Joutsjärvi,,3.1,25.0
2015-01-28,Luhanka Tammijärvi,,2.7,38.0
2015-01-28,Jyväskylä Muuratjärvi,,3.4,41.0
2015-01-28,Luhanka Judinsalo,-0.8,,
2015-01-28,Multia Pirttiperä,,5.6,52.0
2015-01-28,Joutsa Savenaho,-1.5,3.8,41.0
2015-01-28,Kangasniemi kirkonkylä,,7.2,50.0
2015-01-28,Joutsa Pärnämäki,,3.2,40.0
2015-01-28,Mikkeli Pitkähiekka,,1.3,28.0
2015-01-28,Juva Partala,-1.2,,
2015-01-28,Joroinen Varkaus lentoasema,-1.1,,
2015-01-28,Varkaus Kosulanniemi,-1.1,3.7,36.0
2015-01-28,Savonlinna Laukansaari,,1.4,19.0
2015-01-28,Sulkava Halttula,,4.8,35.0
2015-01-28,Savonlinna lentoasema,-1.1,,
2015-01-28,Rantasalmi Rukkasluoto,-1.1,,
2015-01-28,Savonlinna Punkaharju Laukansaari,-1.1,1.2,28.0
2015-01-28,Enonkoski Simanala,,1.8,38.0
2015-01-28,Savonlinna Savonranta,,3.9,32.0
2015-01-28,Rääkkylä kirkonkylä,,4.8,39.0
2015-01-28,Tohmajärvi Kemie,-1.5,4.0,48.0
2015-01-28,Joensuu Huhtilampi,,4.3,55.0
2015-01-28,Vaasa lentoasema,0.9,,
2015-01-28,Mustasaari Valassaaret,0.5,,
2015-01-28,Närpiö Ylimarkku,,0.5,3.0
2015-01-28,Mustasaari Riimala,,2.5,24.0
2015-01-28,Kurikka Pyörni,,3.1,30.0
2015-01-28,Korsnäs Bredskäret,1.3,,
2015-01-28,Maalahti Strömmingsbådan,1.5,,
2015-01-28,Vaasa Klemettilä,0.8,1.7,13.0
2015-01-28,Seinäjoki Pelmaa,0.4,3.0,23.0
2015-01-28,Kauhava lentokenttä,0.0,2.4,33.0
2015-01-28,Ähtäri Inha,-1.0,3.1,46.0
2015-01-28,Halsua Purola,-1.2,3.5,55.0
2015-01-28,Alajärvi Möksy,-1.4,4.5,47.0
2015-01-28,Multia Karhila,-1.6,4.2,46.0
2015-01-28,Viitasaari Haapaniemi,-1.3,4.5,42.0
2015-01-28,Äänekoski Kalaniemi,,2.7,45.0
2015-01-28,Viitasaari Kärnä,,3.7,61.0
2015-01-28,Vesanto kirkonkylä,-1.4,2.8,51.0
2015-01-28,Pielavesi Venetmäki,,5.9,63.0
2015-01-28,Siilinjärvi Kuopio lentoasema,-1.6,,
2015-01-28,Kuopio Maaninka,-1.4,4.0,46.0
2015-01-28,Lapinlahti Lamminkäyrä,,4.4,41.0
2015-01-28,Suonenjoki Iisvesi,,1.5,48.0
2015-01-28,Kuopio Karttula,,2.9,49.0
2015-01-28,Kuopio Ritoniemi,-1.4,,
2015-01-28,Kuopio Savilahti,-1.3,4.2,44.0
2015-01-28,Heinävesi Palokki,,5.2,44.0
2015-01-28,Outokumpu Viuruniemi,,6.9,38.0
2015-01-28,Rautavaara Ala-Luosta,,6.6,39.0
2015-01-28,Rautavaara Ylä-Luosta,-2.5,10.8,56.0
2015-01-28,Liperi Joensuu lentoasema,-1.7,,
2015-01-28,Juuka Niemelä,-1.9,7.1,40.0
2015-01-28,Joensuu Pyhäselkä,,5.3,38.0
2015-01-28,Lieksa Koli,,10.3,54.0
2015-01-28,Liperi Tuiskavanluoto,-1.4,,
2015-01-28,Joensuu Linnunlahti,-1.6,7.1,43.0
2015-01-28,Lieksa Lampela,-1.6,2.0,32.0
2015-01-28,Ilomantsi Naarva,,8.1,65.0
2015-01-28,Ilomantsi Pötsönvaara,-3.0,5.1,67.0
2015-01-28,Ilomantsi Mekrijärvi,-2.2,6.1,41.0
2015-01-28,Pietarsaari Kallan,0.4,,
2015-01-28,Kokkola Tankar,0.3,,
2015-01-28,Kruunupyy Kokkola-Pietarsaari lentoasema,-0.1,,
2015-01-28,Kaustinen Tastula,,1.6,44.0
2015-01-28,Kalajoki Ulkokalla,0.0,,
2015-01-28,Kokkola Santahaka,0.2,2.2,27.0
2015-01-28,Toholampi Oravala,,2.6,35.0
2015-01-28,Kalajoki Pitkäsenkylä,,5.1,55.0
2015-01-28,Kalajoki Mehtäkylä,,4.2,45.0
2015-01-28,Toholampi Laitala,-0.5,,
2015-01-28,Ylivieska lentokenttä,-0.7,2.6,40.0
2015-01-28,Ylivieska Vähäkangas,,3.0,38.0
2015-01-28,Haapavesi Mustikkamäki,-1.4,4.7,42.0
2015-01-28,Kärsämäki Venetpalo,,5.5,43.0
2015-01-28,Pyhäjärvi Ojakylä,-1.5,4.2,49.0
2015-01-28,Pyhäjärvi Hiidenniemi,,3.2,48.0
2015-01-28,Kiuruvesi Korpijoki,,4.4,34.0
2015-01-28,Siikalatva Kestilä,,5.2,45.0
2015-01-28,Kajaani Saaresmäki,,10.4,75.0
2015-01-28,Kajaani lentoasema,-1.9,,
2015-01-28,Vieremä Kaarakkala,-2.5,9.3,68.0
2015-01-28,Kajaani Paltaniemi,,9.4,33.0
2015-01-28,Nurmes Valtimo,-2.0,6.4,36.0
2015-01-28,Sotkamo Saviaho,,8.4,58.0
2015-01-28,Ristijärvi Mustavaara,,16.2,88.0
2015-01-28,Sotkamo Kuolaniemi,-2.3,7.3,46.0
2015-01-28,Nurmes Mujejärvi,,11.2,67.0
2015-01-28,Kuhmo Apaja,,12.2,68.0
2015-01-28,Kuhmo Kalliojoki,-3.0,10.2,63.0
2015-01-28,Raahe Nahkiainen,-0.1,,
2015-01-28,Hailuoto Keskikylä,-0.4,6.6,39.0
2015-01-28,Kemi I majakka,0.2,,
2015-01-28,Hailuoto Marjaniemi,-0.3,,
2015-01-28,Raahe Lapaluoto satama,-0.1,,
2015-01-28,Oulu lentoasema,-0.7,,
2015-01-28,Siikajoki Ruukki,-0.7,4.4,45.0
2015-01-28,Tyrnävä Temmes,,6.3,40.0
2015-01-28,Oulu Vihreäsaari satama,-0.6,,
2015-01-28,Oulu Oulunsalo Pellonpää,-0.7,10.7,50.0
2015-01-28,Vaala Pelso,-1.5,6.2,38.0
2015-01-28,Pudasjärvi lentokenttä,-2.1,12.4,65.0
2015-01-28,Utajärvi Särkijärvi,,13.3,60.0
2015-01-28,Pudasjärvi Jaurakkajärvi,,13.9,65.0
2015-01-28,Suomussalmi Näljänkä,,15.5,87.0
2015-01-28,Suomussalmi Pesiö,-3.2,10.0,78.0
2015-01-28,Puolanka Kotila,,16.7,79.0
2015-01-28,Puolanka Paljakka,-3.7,17.2,91.0
2015-01-28,Kemi Kemi-Tornio lentoasema,-0.9,,
2015-01-28,Kemi Ajos,-0.3,,
2015-01-28,Tornio Aapajärvi,,6.0,66.0
2015-01-28,Tornio Kaakkuri,-1.1,12.0,42.0
2015-01-28,Ranua lentokenttä,-2.1,10.7,70.0
2015-01-28,Pudasjärvi Sarakylä,,12.5,66.0
2015-01-28,Posio Raistakka,,11.3,71.0
2015-01-28,Taivalkoski Inkee,,12.3,74.0
2015-01-28,Taivalkoski kirkonkylä,-2.8,14.8,73.0
2015-01-28,Kuusamo lentoasema,-3.4,,
2015-01-28,Kuusamo Kiutaköngäs,-2.9,12.4,54.0
2015-01-28,Kuusamo Toranginaho,,8.3,71.0
2015-01-28,Kuusamo Rukatunturi,-5.0,,
2015-01-28,Kuusamo Teeriranta,,13.0,76.0
2015-01-28,Ylitornio Meltosjärvi,-3.7,7.5,49.0
2015-01-28,Pello Konttajärvi,,2.5,63.0
2015-01-28,Kolari Kattilamaa,,1.3,61.0
2015-01-28,Pello kirkonkylä,-6.6,3.8,55.0
2015-01-28,Kittilä Alakylä,,0.7,64.0
2015-01-28,Rovaniemi rautatieasema,-2.0,,
2015-01-28,Sodankylä Tähtelä,-5.1,4.4,59.0
2015-01-28,Rovaniemi Apukka,-2.8,10.5,52.0
2015-01-28,Pelkosenniemi kirkonkylä,,6.5,54.0
2015-01-28,Kemijärvi lentokenttä,-3.3,10.2,60.0
2015-01-28,Savukoski kirkonkylä,-4.2,7.0,62.0
2015-01-28,Salla Kelloselkä,,6.5,47.0
2015-01-28,Pelkosenniemi Pyhätunturi,-5.5,,
2015-01-28,Salla kirkonkylä,-3.4,8.8,46.0
2015-01-28,Salla Naruska,-3.9,10.3,63.0
2015-01-28,Enontekiö Kaaresuvanto,,0.5,62.0
2015-01-28,Muonio Alamuonio,-9.9,,64.0
2015-01-28,Enontekiö Hetta,,1.5,61.0
2015-01-28,Kittilä Pulju,,2.4,68.0
2015-01-28,Kittilä Levitunturi,-8.7,,
2015-01-28,Muonio Laukukero,-8.6,,
2015-01-28,Muonio Sammaltunturi,-9.6,,
2015-01-28,Kittilä Matorova,-10.3,,
2015-01-28,Kittilä lentoasema,-9.6,,
2015-01-28,Kittilä Kenttärova,-10.3,1.4,68.0
2015-01-28,Kittilä Pakatti,-9.9,2.7,62.0
2015-01-28,Kittilä Pokka,-10.1,1.8,70.0
2015-01-28,Sodankylä Lokka,-6.0,4.2,59.0
2015-01-28,Sodankylä Vuotso,-7.1,1.9,64.0
2015-01-28,Inari Saariselkä matkailukeskus,-7.6,2.5,56.0
2015-01-28,Inari Saariselkä Kaunispää,-8.5,,
2015-01-28,Savukoski Ruuvaoja,,8.0,59.0
2015-01-28,Inari Raja-Jooseppi Kontiojärvi,,1.2,39.0
2015-01-28,Inari Raja-Jooseppi,-7.6,,
2015-01-28,Salla Värriötunturi,-6.1,7.6,50.0
2015-01-28,Enontekiö Kilpisjärvi kyläkeskus,-9.4,1.6,54.0
2015-01-28,Enontekiö Kilpisjärvi Saana,-9.6,,
2015-01-28,Enontekiö Näkkälä,-12.0,0.3,61.0
2015-01-28,Inari Angeli,,-1.0,70.0
2015-01-28,Inari Angeli Lintupuoliselkä,-10.1,0.8,53.0
2015-01-28,Inari Ivalo lentoasema,-7.6,,
2015-01-28,Utsjoki Kevo,-14.1,1.8,46.0
2015-01-28,Utsjoki Nuorgam,-11.2,6.6,42.0
2015-01-28,Utsjoki Leppälä,,1.8,51.0
2015-01-28,Inari Väylä,-8.4,,
2015-01-28,Inari kirkonkylä,,2.1,55.0
2015-01-28,Inari Kaamanen,-8.5,1.0,51.0
2015-01-28,Inari Nellim,-7.3,1.9,41.0
2015-01-28,Inari Kirakkajärvi,-9.6,1.9,47.0
2015-01-28,Muonio Oustajärvi,-10.7,5.2,64.0
2015-01-28,Kajaani Petäisenniska,-2.2,5.8,48.0
2015-01-28,Utsjoki Kevo Kevojärvi,-14.1,,
2015-01-28,Inari Seitalaassa,-7.6,,
2015-01-28,Rovaniemi lentoasema AWOS,-2.9,10.9,60.0
2015-01-28,Jyväskylä lentoasema AWOS,-1.1,3.8,41.0
2015-01-28,Puumala kirkonkylä,-1.0,0.5,20.0
2015-01-28,Helsinki Vuosaari satama,0.7,,
2015-01-28,Lumparland Långnäs satama,1.5,5.7,-1.0
2015-01-28,Tampere Tampella,0.2,,
2015-01-28,Kittilä Lompolonvuoma,-10.2,,
2015-01-28,Kuusamo Ruka Talvijärvi,-3.7,,
2015-01-28,Espoo Nuuksio,-0.4,0.8,31.0
2015-01-28,Mikkeli Lentoasema AWOS,-1.1,3.3,41.0
2015-01-28,Espoo Tapiola,0.8,-1.0,7.0
2015-01-29,Jomala Maarianhamina lentoasema,3.1,,
2015-01-29,Parainen Utö,2.6,8.1,-1.0
2015-01-29,Lemland Nyhamn,3.1,,
2015-01-29,Jomala Jomalaby,2.6,4.3,-1.0
2015-01-29,Hammarland Märket,2.8,,
2015-01-29,Kökar Bogskär,3.0,,
2015-01-29,Parainen Fagerholm,2.1,7.6,
2015-01-29,Kumlinge kirkonkylä,2.3,,
2015-01-29,Hanko Russarö,1.5,,
2015-01-29,Kaarina Yltöinen,0.8,7.3,7.0
2015-01-29,Kemiönsaari Vänö,2.1,,
2015-01-29,Hanko Tulliniemi,1.4,,
2015-01-29,Turku Rajakari,1.6,,
2015-01-29,Turku Artukainen,1.3,9.9,0.0
2015-01-29,Kemiönsaari Kemiö,1.0,6.4,3.0
2015-01-29,Hanko Tvärminne,1.4,0.4,-1.0
2015-01-29,Salo Kärkkä,1.0,2.6,
2015-01-29,Lohja Leppäkorpi,,4.0,12.0
2015-01-29,Raasepori Jussarö,1.2,,
2015-01-29,Salo Kiikala lentokenttä,-0.2,1.7,16.0
2015-01-29,Vantaa Helsinki-Vantaan lentoasema,0.3,1.4,3.0
2015-01-29,Inkoo Bågaskär,1.0,,
2015-01-29,Helsinki Kaisaniemi,1.0,0.2,3.0
2015-01-29,Lohja Porla,0.4,2.3,12.0
2015-01-29,Vihti Maasoja,0.4,,
2015-01-29,Helsinki Harmaja,0.8,,
2015-01-29,Kirkkonummi Mäkiluoto,1.0,,
2015-01-29,Helsinki Helsingin majakka,0.8,,
2015-01-29,Helsinki Kumpula,0.6,0.2,7.0
2015-01-29,Espoo Sepänkylä,0.6,,
2015-01-29,Helsinki Rautatientori,1.2,,
2015-01-29,Porvoo Kalbådagrund,0.7,,
2015-01-29,Porvoo Emäsalo,0.2,,
2015-01-29,Porvoo Harabacka,0.1,3.0,3.0
2015-01-29,Kotka Rankki,0.0,,
2015-01-29,Loviisa Orrengrund,0.3,,
2015-01-29,Kotka Haapasaari,0.2,,
2015-01-29,Pori lentoasema,1.3,,
2015-01-29,Uusikaupunki Itätulli,,6.7,1.0
2015-01-29,Laitila Haukka,,6.6,0.0
2015-01-29,Kustavi Isokari,1.8,2.5,
2015-01-29,Rauma Kylmäpihlaja,1.3,,
2015-01-29,Pori rautatieasema,1.3,0.9,9.0
2015-01-29,Turku lentoasema,1.0,,
2015-01-29,Kokemäki Rausenkulma,,2.3,10.0
2015-01-29,Lieto Tammentaka,,5.6,14.0
2015-01-29,Huittinen Sallila,,3.3,15.0
2015-01-29,Köyliö Yttilä,,1.0,5.0
2015-01-29,Oripää Teinikivi,,3.7,16.0
2015-01-29,Pöytyä Yläne,,7.8,10.0
2015-01-29,Kokemäki Tulkkila,1.1,1.9,14.0
2015-01-29,Jokioinen Ilmala,0.1,2.2,18.0
2015-01-29,Nokia Tottijärvi,,1.1,16.0
2015-01-29,Pirkkala Tampere-Pirkkala lentoasema,0.2,,
2015-01-29,Tampere Härmälä,0.4,0.3,21.0
2015-01-29,Somero Salkola,-0.5,2.4,32.0
2015-01-29,Hyvinkää Hyvinkäänkylä,-0.3,2.0,19.0
2015-01-29,Vihti Hiiskula,,1.7,21.0
2015-01-29,Hausjärvi Lavinto,,1.1,13.0
2015-01-29,Hämeenlinna Pirttikoski,,2.1,35.0
2015-01-29,Nurmijärvi Röykkä,-0.4,2.0,21.0
2015-01-29,Hämeenlinna Katinen,0.0,1.0,
2015-01-29,Hattula Lepaa,0.1,0.2,26.0
2015-01-29,Lahti Laune,-0.3,1.2,28.0
2015-01-29,Hämeenlinna Lammi Pappila,-0.6,1.2,28.0
2015-01-29,Mäntsälä Hirvihaara Kuntomajantie,,4.0,14.0
2015-01-29,Asikkala Urajärvi,,1.1,47.0
2015-01-29,Asikkala Pulkkilanharju,-0.3,,
2015-01-29,Hämeenlinna Lammi Evo,-0.8,,
2015-01-29,Kouvola Utti lentoasema,-0.9,3.5,38.0
2015-01-29,Kouvola Anjala,-0.1,3.5,16.0
2015-01-29,Heinola Asemantaus,-0.5,0.8,30.0
2015-01-29,Iitti Kausala,,2.1,26.0
2015-01-29,Kouvola Voikoski,,0.4,30.0
2015-01-29,Virolahti Koivuniemi,-0.1,2.1,14.0
2015-01-29,Lappeenranta lentoasema,-1.4,,
2015-01-29,Lappeenranta Konnunsuo,-1.0,,
2015-01-29,Lappeenranta Lepola,-1.4,0.6,21.0
2015-01-29,Ruokolahti Kotaniemi,,0.7,33.0
2015-01-29,Lappeenranta Hiekkapakka,-1.4,,
2015-01-29,Rautjärvi Simpele Kangaskoski,,0.4,26.0
2015-01-29,Parikkala Koitsanlahti,-1.6,,
2015-01-29,Kaskinen Sälgrund,1.0,0.1,
2015-01-29,Merikarvia Tuorila,,1.7,24.0
2015-01-29,Isojoki Kärjenkoski,,2.7,20.0
2015-01-29,Teuva Kauppilankylä,,0.9,20.0
2015-01-29,Pori Tahkoluoto satama,1.2,,
2015-01-29,Karvia Alkkia,0.1,0.9,33.0
2015-01-29,Pori Lavia,,1.0,10.0
2015-01-29,Ikaalinen Vehuvarpee,,1.8,28.0
2015-01-29,Kauhajoki kaupunki,,1.3,26.0
2015-01-29,Kurikka Hirvijärvi,,0.7,19.0
2015-01-29,Kauhajoki Kuja-Kokko,0.8,0.5,12.0
2015-01-29,Kankaanpää Niinisalo lentokenttä,0.5,0.7,34.0
2015-01-29,Alavus Sulkavankylä,,0.4,24.0
2015-01-29,Virrat Äijänneva,0.1,,
2015-01-29,Tampere Siilinkari,0.4,,
2015-01-29,Jämsä Halli lentoasema,-0.5,0.9,32.0
2015-01-29,Juupajoki Hyytiälä,-0.5,0.9,42.0
2015-01-29,Sysmä Joutsjärvi,,0.3,26.0
2015-01-29,Luhanka Tammijärvi,,0.5,39.0
2015-01-29,Jyväskylä Muuratjärvi,,1.0,42.0
2015-01-29,Luhanka Judinsalo,-0.2,,
2015-01-29,Multia Pirttiperä,,1.0,53.0
2015-01-29,Joutsa Savenaho,-1.1,0.5,43.0
2015-01-29,Kangasniemi kirkonkylä,,0.9,56.0
2015-01-29,Joutsa Pärnämäki,,0.6,43.0
2015-01-29,Mikkeli Pitkähiekka,,0.7,30.0
2015-01-29,Juva Partala,-1.0,,
2015-01-29,Joroinen Varkaus lentoasema,-0.8,,
2015-01-29,Varkaus Kosulanniemi,-0.9,0.8,38.0
2015-01-29,Savonlinna Laukansaari,,0.6,21.0
2015-01-29,Sulkava Halttula,,-1.0,40.0
2015-01-29,Savonlinna lentoasema,-1.2,,
2015-01-29,Rantasalmi Rukkasluoto,-1.1,,
2015-01-29,Savonlinna Punkaharju Laukansaari,-1.3,0.3,29.0
2015-01-29,Enonkoski Simanala,,1.0,41.0
2015-01-29,Savonlinna Savonranta,,0.2,37.0
2015-01-29,Rääkkylä kirkonkylä,,2.0,40.0
2015-01-29,Tohmajärvi Kemie,-1.6,1.7,52.0
2015-01-29,Joensuu Huhtilampi,,1.1,57.0
2015-01-29,Vaasa lentoasema,1.3,,
2015-01-29,Mustasaari Valassaaret,0.8,,
2015-01-29,Närpiö Ylimarkku,,-1.0,3.0
2015-01-29,Mustasaari Riimala,,0.3,19.0
2015-01-29,Kurikka Pyörni,,0.3,23.0
2015-01-29,Korsnäs Bredskäret,1.6,,
2015-01-29,Maalahti Strömmingsbådan,1.1,,
2015-01-29,Vaasa Klemettilä,1.3,1.0,8.0
2015-01-29,Seinäjoki Pelmaa,1.1,0.7,20.0
2015-01-29,Kauhava lentokenttä,0.9,0.1,30.0
2015-01-29,Ähtäri Inha,-0.4,1.6,45.0
2015-01-29,Halsua Purola,-0.2,0.8,50.0
2015-01-29,Alajärvi Möksy,-0.3,0.7,47.0
2015-01-29,Multia Karhila,-1.1,0.6,48.0
2015-01-29,Viitasaari Haapaniemi,-0.5,-1.0,41.0
2015-01-29,Äänekoski Kalaniemi,,0.3,42.0
2015-01-29,Viitasaari Kärnä,,0.2,62.0
2015-01-29,Vesanto kirkonkylä,-0.6,0.3,52.0
2015-01-29,Pielavesi Venetmäki,,1.2,66.0
2015-01-29,Siilinjärvi Kuopio lentoasema,-0.8,,
2015-01-29,Kuopio Maaninka,-0.5,0.6,49.0
2015-01-29,Lapinlahti Lamminkäyrä,,1.2,45.0
2015-01-29,Suonenjoki Iisvesi,,0.6,48.0
2015-01-29,Kuopio Karttula,,0.2,51.0
2015-01-29,Kuopio Ritoniemi,-0.7,,
2015-01-29,Kuopio Savilahti,-0.6,0.7,47.0
2015-01-29,Heinävesi Palokki,,2.2,48.0
2015-01-29,Outokumpu Viuruniemi,,2.0,44.0
2015-01-29,Rautavaara Ala-Luosta,,3.3,46.0
2015-01-29,Rautavaara Ylä-Luosta,-1.5,1.7,65.0
2015-01-29,Liperi Joensuu lentoasema,-1.6,,
2015-01-29,Juuka Niemelä,-1.2,1.2,48.0
2015-01-29,Joensuu Pyhäselkä,,1.4,45.0
2015-01-29,Lieksa Koli,,1.3,61.0
2015-01-29,Liperi Tuiskavanluoto,-1.4,,
2015-01-29,Joensuu Linnunlahti,-1.5,1.4,50.0
2015-01-29,Lieksa Lampela,-1.1,0.5,32.0
2015-01-29,Ilomantsi Naarva,,1.1,69.0
2015-01-29,Ilomantsi Pötsönvaara,-2.7,0.9,70.0
2015-01-29,Ilomantsi Mekrijärvi,-2.1,1.1,46.0
2015-01-29,Pietarsaari Kallan,0.9,,
2015-01-29,Kokkola Tankar,0.7,,
2015-01-29,Kruunupyy Kokkola-Pietarsaari lentoasema,0.6,,
2015-01-29,Kaustinen Tastula,,0.4,40.0
2015-01-29,Kalajoki Ulkokalla,0.5,,
2015-01-29,Kokkola Santahaka,0.9,0.6,24.0
2015-01-29,Toholampi Oravala,,-1.0,35.0
2015-01-29,Kalajoki Pitkäsenkylä,,1.8,50.0
2015-01-29,Kalajoki Mehtäkylä,,2.3,46.0
2015-01-29,Toholampi Laitala,0.4,,
2015-01-29,Ylivieska lentokenttä,0.1,0.6,40.0
2015-01-29,Ylivieska Vähäkangas,,1.1,40.0
2015-01-29,Haapavesi Mustikkamäki,-0.4,1.0,42.0
2015-01-29,Kärsämäki Venetpalo,,1.0,44.0
2015-01-29,Pyhäjärvi Ojakylä,-0.5,0.3,51.0
2015-01-29,Pyhäjärvi Hiidenniemi,,0.8,48.0
2015-01-29,Kiuruvesi Korpijoki,,0.4,37.0
2015-01-29,Siikalatva Kestilä,,3.1,48.0
2015-01-29,Kajaani Saaresmäki,,3.6,82.0
2015-01-29,Kajaani lentoasema,-0.6,,
2015-01-29,Vieremä Kaarakkala,-1.3,3.6,75.0
2015-01-29,Kajaani Paltaniemi,,4.8,35.0
2015-01-29,Nurmes Valtimo,-1.0,2.0,41.0
2015-01-29,Sotkamo Saviaho,,2.9,65.0
2015-01-29,Ristijärvi Mustavaara,,5.6,105.0
2015-01-29,Sotkamo Kuolaniemi,-1.1,2.9,54.0
2015-01-29,Nurmes Mujejärvi,,3.6,72.0
2015-01-29,Kuhmo Apaja,,3.5,80.0
2015-01-29,Kuhmo Kalliojoki,-1.6,3.4,70.0
2015-01-29,Raahe Nahkiainen,0.3,,
2015-01-29,Hailuoto Keskikylä,0.1,8.4,41.0
2015-01-29,Kemi I majakka,-0.1,,
2015-01-29,Hailuoto Marjaniemi,0.1,,
2015-01-29,Raahe Lapaluoto satama,0.8,,
2015-01-29,Oulu lentoasema,0.0,,
2015-01-29,Siikajoki Ruukki,0.2,3.4,46.0
2015-01-29,Tyrnävä Temmes,,4.1,43.0
2015-01-29,Oulu Vihreäsaari satama,0.1,,
2015-01-29,Oulu Oulunsalo Pellonpää,0.0,6.6,58.0
2015-01-29,Vaala Pelso,-0.3,2.4,44.0
2015-01-29,Pudasjärvi lentokenttä,-1.3,8.6,78.0
2015-01-29,Utajärvi Särkijärvi,,5.4,70.0
2015-01-29,Pudasjärvi Jaurakkajärvi,,9.6,73.0
2015-01-29,Suomussalmi Näljänkä,,10.8,97.0
2015-01-29,Suomussalmi Pesiö,-1.4,7.5,86.0
2015-01-29,Puolanka Kotila,,7.8,89.0
2015-01-29,Puolanka Paljakka,-2.2,10.1,100.0
2015-01-29,Kemi Kemi-Tornio lentoasema,-1.1,,
2015-01-29,Kemi Ajos,-0.4,,
2015-01-29,Tornio Aapajärvi,,10.9,71.0
2015-01-29,Tornio Kaakkuri,-1.4,33.7,50.0
2015-01-29,Ranua lentokenttä,-3.9,13.7,81.0
2015-01-29,Pudasjärvi Sarakylä,,9.1,78.0
2015-01-29,Posio Raistakka,,10.8,82.0
2015-01-29,Taivalkoski Inkee,,7.8,80.0
2015-01-29,Taivalkoski kirkonkylä,-4.0,9.3,85.0
2015-01-29,Kuusamo lentoasema,-7.0,,
2015-01-29,Kuusamo Kiutaköngäs,-6.7,8.2,68.0
2015-01-29,Kuusamo Toranginaho,,8.7,79.0
2015-01-29,Kuusamo Rukatunturi,-8.5,,
2015-01-29,Kuusamo Teeriranta,,11.6,85.0
2015-01-29,Ylitornio Meltosjärvi,-6.0,11.7,58.0
2015-01-29,Pello Konttajärvi,,15.6,65.0
2015-01-29,Kolari Kattilamaa,,10.5,61.0
2015-01-29,Pello kirkonkylä,-6.6,13.6,58.0
2015-01-29,Kittilä Alakylä,,13.6,63.0
2015-01-29,Rovaniemi rautatieasema,-5.4,,
2015-01-29,Sodankylä Tähtelä,-8.5,7.7,64.0
2015-01-29,Rovaniemi Apukka,-6.0,6.2,62.0
2015-01-29,Pelkosenniemi kirkonkylä,,6.6,62.0
2015-01-29,Kemijärvi lentokenttä,-7.2,15.9,74.0
2015-01-29,Savukoski kirkonkylä,-8.3,6.0,66.0
2015-01-29,Salla Kelloselkä,,4.8,55.0
2015-01-29,Pelkosenniemi Pyhätunturi,-10.0,,
2015-01-29,Salla kirkonkylä,-7.4,9.8,58.0
2015-01-29,Salla Naruska,-8.3,4.4,72.0
2015-01-29,Enontekiö Kaaresuvanto,,5.2,62.0
2015-01-29,Muonio Alamuonio,-9.1,,66.0
2015-01-29,Enontekiö Hetta,,3.3,60.0
2015-01-29,Kittilä Pulju,,3.7,68.0
2015-01-29,Kittilä Levitunturi,-11.7,,
2015-01-29,Muonio Laukukero,-13.4,,
2015-01-29,Muonio Sammaltunturi,-11.8,,
2015-01-29,Kittilä Matorova,-10.3,,
2015-01-29,Kittilä lentoasema,-8.9,,
2015-01-29,Kittilä Kenttärova,-10.4,11.5,69.0
2015-01-29,Kittilä Pakatti,-8.9,8.4,65.0
2015-01-29,Kittilä Pokka,-10.5,2.1,73.0
2015-01-29,Sodankylä Lokka,-9.5,1.7,66.0
2015-01-29,Sodankylä Vuotso,-9.9,3.3,66.0
2015-01-29,Inari Saariselkä matkailukeskus,-11.1,1.5,58.0
2015-01-29,Inari Saariselkä Kaunispää,-12.2,,
2015-01-29,Savukoski Ruuvaoja,,4.0,68.0
2015-01-29,Inari Raja-Jooseppi Kontiojärvi,,0.2,37.0
2015-01-29,Inari Raja-Jooseppi,-11.2,,
2015-01-29,Salla Värriötunturi,-11.0,2.6,61.0
2015-01-29,Enontekiö Kilpisjärvi kyläkeskus,-9.7,1.5,51.0
2015-01-29,Enontekiö Kilpisjärvi Saana,-14.3,,
2015-01-29,Enontekiö Näkkälä,-10.3,0.8,59.0
2015-01-29,Inari Angeli,,1.1,70.0
2015-01-29,Inari Angeli Lintupuoliselkä,-10.1,0.3,53.0
2015-01-29,Inari Ivalo lentoasema,-10.8,,
2015-01-29,Utsjoki Kevo,-11.7,1.0,50.0
2015-01-29,Utsjoki Nuorgam,-15.1,0.1,49.0
2015-01-29,Utsjoki Leppälä,,-1.0,54.0
2015-01-29,Inari Väylä,-11.0,,
2015-01-29,Inari kirkonkylä,,0.2,57.0
2015-01-29,Inari Kaamanen,-10.0,-1.0,51.0
2015-01-29,Inari Nellim,-12.9,-1.0,44.0
2015-01-29,Inari Kirakkajärvi,-9.9,5.5,49.0
2015-01-29,Muonio Oustajärvi,-8.9,5.5,64.0
2015-01-29,Kajaani Petäisenniska,-0.9,3.7,54.0
2015-01-29,Utsjoki Kevo Kevojärvi,-11.8,,
2015-01-29,Inari Seitalaassa,-12.2,,
2015-01-29,Rovaniemi lentoasema AWOS,-6.7,11.2,72.0
2015-01-29,Jyväskylä lentoasema AWOS,-0.6,0.6,41.0
2015-01-29,Puumala kirkonkylä,-1.2,0.5,18.0
2015-01-29,Helsinki Vuosaari satama,0.5,,
2015-01-29,Lumparland Långnäs satama,2.5,2.7,-1.0
2015-01-29,Tampere Tampella,0.6,,
2015-01-29,Kittilä Lompolonvuoma,-9.5,,
2015-01-29,Kuusamo Ruka Talvijärvi,-7.1,,
2015-01-29,Espoo Nuuksio,-0.3,1.5,30.0
2015-01-29,Mikkeli Lentoasema AWOS,-0.9,1.3,47.0
2015-01-29,Espoo Tapiola,0.8,0.3,5.0
2015-01-30,Jomala Maarianhamina lentoasema,1.6,,
2015-01-30,Parainen Utö,1.7,3.4,0.0
2015-01-30,Lemland Nyhamn,1.9,,
2015-01-30,Jomala Jomalaby,1.0,4.0,-1.0
2015-01-30,Hammarland Märket,1.9,,
2015-01-30,Kökar Bogskär,2.0,,
2015-01-30,Parainen Fagerholm,1.2,1.0,
2015-01-30,Kumlinge kirkonkylä,1.4,,
2015-01-30,Hanko Russarö,1.4,,
2015-01-30,Kaarina Yltöinen,0.6,0.1,9.0
2015-01-30,Kemiönsaari Vänö,1.4,,
2015-01-30,Hanko Tulliniemi,1.3,,
2015-01-30,Turku Rajakari,1.1,,
2015-01-30,Turku Artukainen,0.7,0.2,3.0
2015-01-30,Kemiönsaari Kemiö,0.7,0.1,5.0
2015-01-30,Hanko Tvärminne,1.2,-1.0,-1.0
2015-01-30,Salo Kärkkä,0.7,-1.0,
2015-01-30,Lohja Leppäkorpi,,0.0,14.0
2015-01-30,Raasepori Jussarö,1.0,,
2015-01-30,Salo Kiikala lentokenttä,-0.8,-1.0,22.0
2015-01-30,Vantaa Helsinki-Vantaan lentoasema,0.0,0.1,4.0
2015-01-30,Inkoo Bågaskär,0.9,,
2015-01-30,Helsinki Kaisaniemi,1.0,-1.0,3.0
2015-01-30,Lohja Porla,-0.3,-1.0,13.0
2015-01-30,Vihti Maasoja,-0.4,,
2015-01-30,Helsinki Harmaja,0.9,,
2015-01-30,Kirkkonummi Mäkiluoto,1.0,,
2015-01-30,Helsinki Helsingin majakka,0.9,,
2015-01-30,Helsinki Kumpula,0.6,-1.0,7.0
2015-01-30,Espoo Sepänkylä,0.5,,
2015-01-30,Helsinki Rautatientori,1.3,,
2015-01-30,Porvoo Kalbådagrund,0.9,,
2015-01-30,Porvoo Emäsalo,0.3,,
2015-01-30,Porvoo Harabacka,-0.1,-1.0,6.0
2015-01-30,Kotka Rankki,0.1,,
2015-01-30,Loviisa Orrengrund,0.6,,
2015-01-30,Kotka Haapasaari,0.4,,
2015-01-30,Pori lentoasema,0.1,,
2015-01-30,Uusikaupunki Itätulli,,6.3,3.0
2015-01-30,Laitila Haukka,,5.9,4.0
2015-01-30,Kustavi Isokari,0.8,1.8,
2015-01-30,Rauma Kylmäpihlaja,0.1,,
2015-01-30,Pori rautatieasema,0.3,2.5,9.0
2015-01-30,Turku lentoasema,0.3,,
2015-01-30,Kokemäki Rausenkulma,,3.5,10.0
2015-01-30,Lieto Tammentaka,,-1.0,16.0
2015-01-30,Huittinen Sallila,,0.7,17.0
2015-01-30,Köyliö Yttilä,,-1.0,5.0
2015-01-30,Oripää Teinikivi,,-1.0,20.0
2015-01-30,Pöytyä Yläne,,0.7,13.0
2015-01-30,Kokemäki Tulkkila,0.2,0.8,14.0
2015-01-30,Jokioinen Ilmala,-0.4,0.1,20.0
2015-01-30,Nokia Tottijärvi,,0.0,16.0
2015-01-30,Pirkkala Tampere-Pirkkala lentoasema,-0.2,,
2015-01-30,Tampere Härmälä,-0.1,-1.0,21.0
2015-01-30,Somero Salkola,-1.3,-1.0,32.0
2015-01-30,Hyvinkää Hyvinkäänkylä,-0.9,-1.0,20.0
2015-01-30,Vihti Hiiskula,,-1.0,22.0
2015-01-30,Hausjärvi Lavinto,,-1.0,14.0
2015-01-30,Hämeenlinna Pirttikoski,,-1.0,34.0
2015-01-30,Nurmijärvi Röykkä,-0.8,0.1,22.0
2015-01-30,Hämeenlinna Katinen,-0.2,-1.0,
2015-01-30,Hattula Lepaa,-0.2,-1.0,25.0
2015-01-30,Lahti Laune,-0.6,-1.0,29.0
2015-01-30,Hämeenlinna Lammi Pappila,-0.9,-1.0,29.0
2015-01-30,Mäntsälä Hirvihaara Kuntomajantie,,-1.0,17.0
2015-01-30,Asikkala Urajärvi,,-1.0,48.0
2015-01-30,Asikkala Pulkkilanharju,-1.2,,
2015-01-30,Hämeenlinna Lammi Evo,-1.2,,
2015-01-30,Kouvola Utti lentoasema,-1.2,0.2,42.0
2015-01-30,Kouvola Anjala,-1.2,0.1,21.0
2015-01-30,Heinola Asemantaus,-0.6,-1.0,29.0
2015-01-30,Iitti Kausala,,-1.0,29.0
2015-01-30,Kouvola Voikoski,,-1.0,30.0
2015-01-30,Virolahti Koivuniemi,-0.4,-1.0,17.0
2015-01-30,Lappeenranta lentoasema,-1.6,,
2015-01-30,Lappeenranta Konnunsuo,-1.5,,
2015-01-30,Lappeenranta Lepola,-1.5,0.4,20.0
2015-01-30,Ruokolahti Kotaniemi,,0.2,34.0
2015-01-30,Lappeenranta Hiekkapakka,-1.3,,
2015-01-30,Rautjärvi Simpele Kangaskoski,,-1.0,26.0
2015-01-30,Parikkala Koitsanlahti,-0.9,,
2015-01-30,Kaskinen Sälgrund,0.4,-1.0,
2015-01-30,Merikarvia Tuorila,,2.7,25.0
2015-01-30,Isojoki Kärjenkoski,,1.6,20.0
2015-01-30,Teuva Kauppilankylä,,0.4,20.0
2015-01-30,Pori Tahkoluoto satama,0.3,,
2015-01-30,Karvia Alkkia,-0.8,0.9,33.0
2015-01-30,Pori Lavia,,1.1,10.0
2015-01-30,Ikaalinen Vehuvarpee,,1.3,29.0
2015-01-30,Kauhajoki kaupunki,,1.2,27.0
2015-01-30,Kurikka Hirvijärvi,,0.4,18.0
2015-01-30,Kauhajoki Kuja-Kokko,-0.3,0.9,11.0
2015-01-30,Kankaanpää Niinisalo lentokenttä,-0.6,2.5,31.0
2015-01-30,Alavus Sulkavankylä,,0.4,24.0
2015-01-30,Virrat Äijänneva,-0.6,,
2015-01-30,Tampere Siilinkari,0.0,,
2015-01-30,Jämsä Halli lentoasema,-0.8,-1.0,33.0
2015-01-30,Juupajoki Hyytiälä,-0.8,-1.0,40.0
2015-01-30,Sysmä Joutsjärvi,,-1.0,26.0
2015-01-30,Luhanka Tammijärvi,,-1.0,39.0
2015-01-30,Jyväskylä Muuratjärvi,,-1.0,41.0
2015-01-30,Luhanka Judinsalo,-0.4,,
2015-01-30,Multia Pirttiperä,,0.2,52.0
2015-01-30,Joutsa Savenaho,-1.7,-1.0,41.0
2015-01-30,Kangasniemi kirkonkylä,,-1.0,57.0
2015-01-30,Joutsa Pärnämäki,,-1.0,43.0
2015-01-30,Mikkeli Pitkähiekka,,0.1,30.0
2015-01-30,Juva Partala,-1.3,,
2015-01-30,Joroinen Varkaus lentoasema,-1.7,,
2015-01-30,Varkaus Kosulanniemi,-1.2,1.3,39.0
2015-01-30,Savonlinna Laukansaari,,0.2,22.0
2015-01-30,Sulkava Halttula,,0.9,40.0
2015-01-30,Savonlinna lentoasema,-1.6,,
2015-01-30,Rantasalmi Rukkasluoto,-2.1,,
2015-01-30,Savonlinna Punkaharju Laukansaari,-1.6,0.1,29.0
2015-01-30,Enonkoski Simanala,,0.2,42.0
2015-01-30,Savonlinna Savonranta,,-1.0,36.0
2015-01-30,Rääkkylä kirkonkylä,,2.5,42.0
2015-01-30,Tohmajärvi Kemie,-2.1,-1.0,54.0
2015-01-30,Joensuu Huhtilampi,,0.7,58.0
2015-01-30,Vaasa lentoasema,0.5,,
2015-01-30,Mustasaari Valassaaret,0.2,,
2015-01-30,Närpiö Ylimarkku,,2.0,4.0
2015-01-30,Mustasaari Riimala,,0.2,18.0
2015-01-30,Kurikka Pyörni,,-1.0,23.0
2015-01-30,Korsnäs Bredskäret,0.9,,
2015-01-30,Maalahti Strömmingsbådan,0.5,,
2015-01-30,Vaasa Klemettilä,0.7,-1.0,8.0
2015-01-30,Seinäjoki Pelmaa,0.3,0.2,21.0
2015-01-30,Kauhava lentokenttä,0.2,0.2,28.0
2015-01-30,Ähtäri Inha,-1.2,0.4,45.0
2015-01-30,Halsua Purola,-1.0,0.8,50.0
2015-01-30,Alajärvi Möksy,-1.2,0.4,46.0
2015-01-30,Multia Karhila,-2.0,0.1,47.0
2015-01-30,Viitasaari Haapaniemi,-1.5,0.3,40.0
2015-01-30,Äänekoski Kalaniemi,,0.2,42.0
2015-01-30,Viitasaari Kärnä,,0.3,61.0
2015-01-30,Vesanto kirkonkylä,-1.1,0.2,50.0
2015-01-30,Pielavesi Venetmäki,,1.1,65.0
2015-01-30,Siilinjärvi Kuopio lentoasema,-1.5,,
2015-01-30,Kuopio Maaninka,-1.6,0.3,48.0
2015-01-30,Lapinlahti Lamminkäyrä,,0.8,44.0
2015-01-30,Suonenjoki Iisvesi,,-1.0,48.0
2015-01-30,Kuopio Karttula,,-1.0,51.0
2015-01-30,Kuopio Ritoniemi,-1.3,,
2015-01-30,Kuopio Savilahti,-1.1,0.3,46.0
2015-01-30,Heinävesi Palokki,,1.5,50.0
2015-01-30,Outokumpu Viuruniemi,,1.5,45.0
2015-01-30,Rautavaara Ala-Luosta,,1.3,50.0
2015-01-30,Rautavaara Ylä-Luosta,-2.0,3.8,66.0
2015-01-30,Liperi Joensuu lentoasema,-2.0,,
2015-01-30,Juuka Niemelä,-1.5,2.4,49.0
2015-01-30,Joensuu Pyhäselkä,,1.3,46.0
2015-01-30,Lieksa Koli,,1.0,62.0
2015-01-30,Liperi Tuiskavanluoto,-2.8,,
2015-01-30,Joensuu Linnunlahti,-1.8,0.4,49.0
2015-01-30,Lieksa Lampela,-1.1,1.1,33.0
2015-01-30,Ilomantsi Naarva,,2.2,69.0
2015-01-30,Ilomantsi Pötsönvaara,-2.3,1.9,69.0
2015-01-30,Ilomantsi Mekrijärvi,-1.6,0.6,46.0
2015-01-30,Pietarsaari Kallan,0.4,,
2015-01-30,Kokkola Tankar,0.2,,
2015-01-30,Kruunupyy Kokkola-Pietarsaari lentoasema,0.0,,
2015-01-30,Kaustinen Tastula,,0.4,39.0
2015-01-30,Kalajoki Ulkokalla,0.1,,
2015-01-30,Kokkola Santahaka,0.3,-1.0,23.0
2015-01-30,Toholampi Oravala,,0.6,35.0
2015-01-30,Kalajoki Pitkäsenkylä,,0.0,40.0
2015-01-30,Kalajoki Mehtäkylä,,1.1,48.0
2015-01-30,Toholampi Laitala,-0.5,,
2015-01-30,Ylivieska lentokenttä,-0.9,1.2,39.0
2015-01-30,Ylivieska Vähäkangas,,1.9,39.0
2015-01-30,Haapavesi Mustikkamäki,-1.3,0.8,40.0
2015-01-30,Kärsämäki Venetpalo,,1.4,44.0
2015-01-30,Pyhäjärvi Ojakylä,-1.6,1.4,51.0
2015-01-30,Pyhäjärvi Hiidenniemi,,1.7,47.0
2015-01-30,Kiuruvesi Korpijoki,,0.1,37.0
2015-01-30,Siikalatva Kestilä,,1.1,46.0
2015-01-30,Kajaani Saaresmäki,,2.0,85.0
2015-01-30,Kajaani lentoasema,-2.1,,
2015-01-30,Vieremä Kaarakkala,-2.5,3.2,79.0
2015-01-30,Kajaani Paltaniemi,,2.3,41.0
2015-01-30,Nurmes Valtimo,-1.9,2.1,43.0
2015-01-30,Sotkamo Saviaho,,1.1,68.0
2015-01-30,Ristijärvi Mustavaara,,1.6,108.0
2015-01-30,Sotkamo Kuolaniemi,-2.5,1.0,56.0
2015-01-30,Nurmes Mujejärvi,,2.0,73.0
2015-01-30,Kuhmo Apaja,,1.9,80.0
2015-01-30,Kuhmo Kalliojoki,-2.5,3.1,74.0
2015-01-30,Raahe Nahkiainen,-0.1,,
2015-01-30,Hailuoto Keskikylä,-1.0,1.7,48.0
2015-01-30,Kemi I majakka,-1.1,,
2015-01-30,Hailuoto Marjaniemi,-1.0,,
2015-01-30,Raahe Lapaluoto satama,0.1,,
2015-01-30,Oulu lentoasema,-1.2,,
2015-01-30,Siikajoki Ruukki,-0.8,0.7,44.0
2015-01-30,Tyrnävä Temmes,,1.6,45.0
2015-01-30,Oulu Vihreäsaari satama,-0.8,,
2015-01-30,Oulu Oulunsalo Pellonpää,-1.2,1.1,61.0
2015-01-30,Vaala Pelso,-1.7,0.8,45.0
2015-01-30,Pudasjärvi lentokenttä,-3.4,2.0,91.0
2015-01-30,Utajärvi Särkijärvi,,3.0,75.0
2015-01-30,Pudasjärvi Jaurakkajärvi,,4.8,78.0
2015-01-30,Suomussalmi Näljänkä,,6.8,107.0
2015-01-30,Suomussalmi Pesiö,-3.1,3.0,90.0
2015-01-30,Puolanka Kotila,,3.0,95.0
2015-01-30,Puolanka Paljakka,-3.6,3.6,108.0
2015-01-30,Kemi Kemi-Tornio lentoasema,-3.5,,
2015-01-30,Kemi Ajos,-2.3,,
2015-01-30,Tornio Aapajärvi,,4.9,70.0
2015-01-30,Tornio Kaakkuri,-4.4,4.1,69.0
2015-01-30,Ranua lentokenttä,-6.1,4.7,89.0
2015-01-30,Pudasjärvi Sarakylä,,2.7,84.0
2015-01-30,Posio Raistakka,,6.7,90.0
2015-01-30,Taivalkoski Inkee,,4.0,85.0
2015-01-30,Taivalkoski kirkonkylä,-5.3,4.9,92.0
2015-01-30,Kuusamo lentoasema,-9.4,,
2015-01-30,Kuusamo Kiutaköngäs,-10.4,3.8,75.0
2015-01-30,Kuusamo Toranginaho,,3.0,85.0
2015-01-30,Kuusamo Rukatunturi,-11.1,,
2015-01-30,Kuusamo Teeriranta,,2.2,90.0
2015-01-30,Ylitornio Meltosjärvi,-8.5,2.7,68.0
2015-01-30,Pello Konttajärvi,,2.0,76.0
2015-01-30,Kolari Kattilamaa,,1.8,65.0
2015-01-30,Pello kirkonkylä,-9.0,3.0,69.0
2015-01-30,Kittilä Alakylä,,1.2,74.0
2015-01-30,Rovaniemi rautatieasema,-8.4,,
2015-01-30,Sodankylä Tähtelä,-11.1,4.2,70.0
2015-01-30,Rovaniemi Apukka,-9.0,3.9,60.0
2015-01-30,Pelkosenniemi kirkonkylä,,5.0,63.0
2015-01-30,Kemijärvi lentokenttä,-10.4,6.2,89.0
2015-01-30,Savukoski kirkonkylä,-10.9,4.4,72.0
2015-01-30,Salla Kelloselkä,,3.8,62.0
2015-01-30,Pelkosenniemi Pyhätunturi,-13.1,,
2015-01-30,Salla kirkonkylä,-10.7,4.7,66.0
2015-01-30,Salla Naruska,-11.2,3.1,78.0
2015-01-30,Enontekiö Kaaresuvanto,,2.0,65.0
2015-01-30,Muonio Alamuonio,-12.0,,72.0
2015-01-30,Enontekiö Hetta,,1.9,62.0
2015-01-30,Kittilä Pulju,,2.8,68.0
2015-01-30,Kittilä Levitunturi,-14.1,,
2015-01-30,Muonio Laukukero,-15.8,,
2015-01-30,Muonio Sammaltunturi,-14.3,,
2015-01-30,Kittilä Matorova,-13.2,,
2015-01-30,Kittilä lentoasema,-11.6,,
2015-01-30,Kittilä Kenttärova,-13.2,1.0,77.0
2015-01-30,Kittilä Pakatti,-11.4,2.2,73.0
2015-01-30,Kittilä Pokka,-12.7,1.9,75.0
2015-01-30,Sodankylä Lokka,-11.8,2.5,67.0
2015-01-30,Sodankylä Vuotso,-12.1,3.7,68.0
2015-01-30,Inari Saariselkä matkailukeskus,-13.9,4.1,59.0
2015-01-30,Inari Saariselkä Kaunispää,-14.9,,
2015-01-30,Savukoski Ruuvaoja,,5.1,76.0
2015-01-30,Inari Raja-Jooseppi Kontiojärvi,,2.9,38.0
2015-01-30,Inari Raja-Jooseppi,-13.8,,
2015-01-30,Salla Värriötunturi,-13.8,3.5,64.0
2015-01-30,Enontekiö Kilpisjärvi kyläkeskus,-12.6,2.2,48.0
2015-01-30,Enontekiö Kilpisjärvi Saana,-17.2,,
2015-01-30,Enontekiö Näkkälä,-13.2,0.5,63.0
2015-01-30,Inari Angeli,,3.0,71.0
2015-01-30,Inari Angeli Lintupuoliselkä,-13.2,2.8,53.0
2015-01-30,Inari Ivalo lentoasema,-12.7,,
2015-01-30,Utsjoki Kevo,-11.2,1.0,50.0
2015-01-30,Utsjoki Nuorgam,-14.2,1.3,47.0
2015-01-30,Utsjoki Leppälä,,0.7,53.0
2015-01-30,Inari Väylä,-12.1,,
2015-01-30,Inari kirkonkylä,,1.8,57.0
2015-01-30,Inari Kaamanen,-12.1,1.8,51.0
2015-01-30,Inari Nellim,-12.8,2.6,44.0
2015-01-30,Inari Kirakkajärvi,-13.4,0.4,59.0
2015-01-30,Muonio Oustajärvi,-11.9,-1.0,66.0
2015-01-30,Kajaani Petäisenniska,-2.2,1.5,59.0
2015-01-30,Utsjoki Kevo Kevojärvi,-10.9,,
2015-01-30,Inari Seitalaassa,-12.4,,
2015-01-30,Rovaniemi lentoasema AWOS,-9.8,5.1,86.0
2015-01-30,Jyväskylä lentoasema AWOS,-1.2,0.1,41.0
2015-01-30,Puumala kirkonkylä,-1.2,0.5,19.0
2015-01-30,Helsinki Vuosaari satama,0.7,,
2015-01-30,Lumparland Långnäs satama,1.5,10.0,
2015-01-30,Tampere Tampella,0.3,,
2015-01-30,Kittilä Lompolonvuoma,-12.5,,
2015-01-30,Kuusamo Ruka Talvijärvi,-9.5,,
2015-01-30,Espoo Nuuksio,-0.6,-1.0,30.0
2015-01-30,Mikkeli Lentoasema AWOS,-1.1,0.3,47.0
2015-01-30,Espoo Tapiola,0.8,-1.0,5.0
2015-01-31,Jomala Maarianhamina lentoasema,0.9,,
2015-01-31,Parainen Utö,1.8,11.4,-1.0
2015-01-31,Lemland Nyhamn,1.3,,
2015-01-31,Jomala Jomalaby,0.6,9.8,3.0
2015-01-31,Hammarland Märket,0.8,,
2015-01-31,Kökar Bogskär,1.8,,
2015-01-31,Parainen Fagerholm,0.9,8.7,
2015-01-31,Kumlinge kirkonkylä,0.6,,
2015-01-31,Hanko Russarö,1.4,,
2015-01-31,Kaarina Yltöinen,1.0,4.1,8.0
2015-01-31,Kemiönsaari Vänö,1.2,,
2015-01-31,Hanko Tulliniemi,1.3,,
2015-01-31,Turku Rajakari,0.9,,
2015-01-31,Turku Artukainen,0.7,4.9,3.0
2015-01-31,Kemiönsaari Kemiö,1.0,4.2,4.0
2015-01-31,Hanko Tvärminne,1.2,6.3,-1.0
2015-01-31,Salo Kärkkä,1.0,1.7,
2015-01-31,Lohja Leppäkorpi,,5.2,13.0
2015-01-31,Raasepori Jussarö,1.3,,
2015-01-31,Salo Kiikala lentokenttä,-0.2,4.0,21.0
2015-01-31,Vantaa Helsinki-Vantaan lentoasema,0.4,8.1,4.0
2015-01-31,Inkoo Bågaskär,0.9,,
2015-01-31,Helsinki Kaisaniemi,0.8,18.4,3.0
2015-01-31,Lohja Porla,0.6,8.8,13.0
2015-01-31,Vihti Maasoja,0.5,,
2015-01-31,Helsinki Harmaja,0.7,,
2015-01-31,Kirkkonummi Mäkiluoto,1.2,,
2015-01-31,Helsinki Helsingin majakka,1.1,,
2015-01-31,Helsinki Kumpula,0.6,18.1,7.0
2015-01-31,Espoo Sepänkylä,0.7,,
2015-01-31,Helsinki Rautatientori,1.2,,
2015-01-31,Porvoo Kalbådagrund,1.0,,
2015-01-31,Porvoo Emäsalo,0.4,,
2015-01-31,Porvoo Harabacka,0.4,11.1,5.0
2015-01-31,Kotka Rankki,0.1,,
2015-01-31,Loviisa Orrengrund,0.4,,
2015-01-31,Kotka Haapasaari,0.3,,
2015-01-31,Pori lentoasema,-0.4,,
2015-01-31,Uusikaupunki Itätulli,,6.0,5.0
2015-01-31,Laitila Haukka,,4.0,11.0
2015-01-31,Kustavi Isokari,0.2,4.5,
2015-01-31,Rauma Kylmäpihlaja,-0.2,,
2015-01-31,Pori rautatieasema,-0.3,10.5,12.0
2015-01-31,Turku lentoasema,0.4,,
2015-01-31,Kokemäki Rausenkulma,,9.0,13.0
2015-01-31,Lieto Tammentaka,,0.5,15.0
2015-01-31,Huittinen Sallila,,7.6,17.0
2015-01-31,Köyliö Yttilä,,9.9,5.0
2015-01-31,Oripää Teinikivi,,6.3,20.0
2015-01-31,Pöytyä Yläne,,6.2,13.0
2015-01-31,Kokemäki Tulkkila,-0.3,9.0,15.0
2015-01-31,Jokioinen Ilmala,-0.2,2.3,20.0
2015-01-31,Nokia Tottijärvi,,8.9,16.0
2015-01-31,Pirkkala Tampere-Pirkkala lentoasema,-0.8,,
2015-01-31,Tampere Härmälä,-0.7,5.6,21.0
2015-01-31,Somero Salkola,-0.6,3.4,32.0
2015-01-31,Hyvinkää Hyvinkäänkylä,-0.1,7.0,20.0
2015-01-31,Vihti Hiiskula,,11.6,22.0
2015-01-31,Hausjärvi Lavinto,,4.2,14.0
2015-01-31,Hämeenlinna Pirttikoski,,6.3,34.0
2015-01-31,Nurmijärvi Röykkä,-0.2,5.5,22.0
2015-01-31,Hämeenlinna Katinen,-0.2,3.7,
2015-01-31,Hattula Lepaa,-0.4,3.4,25.0
2015-01-31,Lahti Laune,-0.4,5.5,29.0
2015-01-31,Hämeenlinna Lammi Pappila,-0.9,6.1,28.0
2015-01-31,Mäntsälä Hirvihaara Kuntomajantie,,8.3,17.0
2015-01-31,Asikkala Urajärvi,,3.4,48.0
2015-01-31,Asikkala Pulkkilanharju,-0.6,,
2015-01-31,Hämeenlinna Lammi Evo,-1.1,,
2015-01-31,Kouvola Utti lentoasema,-0.9,4.3,40.0
2015-01-31,Kouvola Anjala,-0.1,7.6,17.0
2015-01-31,Heinola Asemantaus,-0.8,4.2,28.0
2015-01-31,Iitti Kausala,,5.6,27.0
2015-01-31,Kouvola Voikoski,,1.8,30.0
2015-01-31,Virolahti Koivuniemi,0.1,8.2,17.0
2015-01-31,Lappeenranta lentoasema,-1.1,,
2015-01-31,Lappeenranta Konnunsuo,-0.8,,
2015-01-31,Lappeenranta Lepola,-1.2,5.6,21.0
2015-01-31,Ruokolahti Kotaniemi,,1.0,33.0
2015-01-31,Lappeenranta Hiekkapakka,-0.9,,
2015-01-31,Rautjärvi Simpele Kangaskoski,,3.3,25.0
2015-01-31,Parikkala Koitsanlahti,-0.9,,
2015-01-31,Kaskinen Sälgrund,-0.6,7.8,
2015-01-31,Merikarvia Tuorila,,7.0,28.0
2015-01-31,Isojoki Kärjenkoski,,10.1,20.0
2015-01-31,Teuva Kauppilankylä,,5.0,20.0
2015-01-31,Pori Tahkoluoto satama,-0.3,,
2015-01-31,Karvia Alkkia,-1.7,9.7,34.0
2015-01-31,Pori Lavia,,7.6,10.0
2015-01-31,Ikaalinen Vehuvarpee,,16.6,30.0
2015-01-31,Kauhajoki kaupunki,,12.2,30.0
2015-01-31,Kurikka Hirvijärvi,,4.7,19.0
2015-01-31,Kauhajoki Kuja-Kokko,-1.3,5.2,13.0
2015-01-31,Kankaanpää Niinisalo lentokenttä,-1.2,12.5,
2015-01-31,Alavus Sulkavankylä,,10.3,24.0
2015-01-31,Virrat Äijänneva,-1.6,,
2015-01-31,Tampere Siilinkari,-0.9,,
2015-01-31,Jämsä Halli lentoasema,-1.4,9.7,32.0
2015-01-31,Juupajoki Hyytiälä,-1.5,8.2,40.0
2015-01-31,Sysmä Joutsjärvi,,5.3,25.0
2015-01-31,Luhanka Tammijärvi,,4.5,38.0
2015-01-31,Jyväskylä Muuratjärvi,,12.1,40.0
2015-01-31,Luhanka Judinsalo,-0.7,,
2015-01-31,Multia Pirttiperä,,11.5,52.0
2015-01-31,Joutsa Savenaho,-1.7,5.5,40.0
2015-01-31,Kangasniemi kirkonkylä,,5.7,57.0
2015-01-31,Joutsa Pärnämäki,,4.7,43.0
2015-01-31,Mikkeli Pitkähiekka,,7.7,29.0
2015-01-31,Juva Partala,-1.2,,
2015-01-31,Joroinen Varkaus lentoasema,-1.4,,
2015-01-31,Varkaus Kosulanniemi,-1.5,1.6,39.0
2015-01-31,Savonlinna Laukansaari,,1.1,23.0
2015-01-31,Sulkava Halttula,,2.2,40.0
2015-01-31,Savonlinna lentoasema,-1.6,,
2015-01-31,Rantasalmi Rukkasluoto,-1.4,,
2015-01-31,Savonlinna Punkaharju Laukansaari,-1.5,1.4,29.0
2015-01-31,Enonkoski Simanala,,2.2,42.0
2015-01-31,Savonlinna Savonranta,,3.9,36.0
2015-01-31,Rääkkylä kirkonkylä,,1.7,46.0
2015-01-31,Tohmajärvi Kemie,-3.3,2.0,54.0
2015-01-31,Joensuu Huhtilampi,,1.7,59.0
2015-01-31,Vaasa lentoasema,-1.1,,
2015-01-31,Mustasaari Valassaaret,-1.3,,
2015-01-31,Närpiö Ylimarkku,,5.0,5.0
2015-01-31,Mustasaari Riimala,,9.9,16.0
2015-01-31,Kurikka Pyörni,,11.6,23.0
2015-01-31,Korsnäs Bredskäret,-1.0,,
2015-01-31,Maalahti Strömmingsbådan,-0.9,,
2015-01-31,Vaasa Klemettilä,-1.1,9.1,8.0
2015-01-31,Seinäjoki Pelmaa,-1.2,10.4,21.0
2015-01-31,Kauhava lentokenttä,-1.4,9.6,29.0
2015-01-31,Ähtäri Inha,-2.0,14.0,45.0
2015-01-31,Halsua Purola,-2.8,4.8,50.0
2015-01-31,Alajärvi Möksy,-2.5,7.0,46.0
2015-01-31,Multia Karhila,-2.6,6.6,47.0
2015-01-31,Viitasaari Haapaniemi,-2.0,5.3,39.0
2015-01-31,Äänekoski Kalaniemi,,7.4,42.0
2015-01-31,Viitasaari Kärnä,,4.2,62.0
2015-01-31,Vesanto kirkonkylä,-1.9,5.6,50.0
2015-01-31,Pielavesi Venetmäki,,7.6,66.0
2015-01-31,Siilinjärvi Kuopio lentoasema,-2.0,,
2015-01-31,Kuopio Maaninka,-1.8,2.3,48.0
2015-01-31,Lapinlahti Lamminkäyrä,,2.7,44.0
2015-01-31,Suonenjoki Iisvesi,,3.0,48.0
2015-01-31,Kuopio Karttula,,5.6,51.0
2015-01-31,Kuopio Ritoniemi,-1.9,,
2015-01-31,Kuopio Savilahti,-1.7,2.9,46.0
2015-01-31,Heinävesi Palokki,,2.9,51.0
2015-01-31,Outokumpu Viuruniemi,,3.7,45.0
2015-01-31,Rautavaara Ala-Luosta,,0.5,51.0
2015-01-31,Rautavaara Ylä-Luosta,-3.2,1.8,69.0
2015-01-31,Liperi Joensuu lentoasema,-3.0,,
2015-01-31,Juuka Niemelä,-2.5,3.2,51.0
2015-01-31,Joensuu Pyhäselkä,,1.0,47.0
2015-01-31,Lieksa Koli,,3.0,62.0
2015-01-31,Liperi Tuiskavanluoto,-2.9,,
2015-01-31,Joensuu Linnunlahti,-2.5,1.8,49.0
2015-01-31,Lieksa Lampela,-2.3,0.7,34.0
2015-01-31,Ilomantsi Naarva,,2.3,70.0
2015-01-31,Ilomantsi Pötsönvaara,-3.4,1.3,70.0
2015-01-31,Ilomantsi Mekrijärvi,-2.5,1.8,46.0
2015-01-31,Pietarsaari Kallan,-1.6,,
2015-01-31,Kokkola Tankar,-1.7,,
2015-01-31,Kruunupyy Kokkola-Pietarsaari lentoasema,-2.2,,
2015-01-31,Kaustinen Tastula,,4.6,40.0
2015-01-31,Kalajoki Ulkokalla,-1.6,,
2015-01-31,Kokkola Santahaka,-2.1,4.1,23.0
2015-01-31,Toholampi Oravala,,7.8,35.0
2015-01-31,Kalajoki Pitkäsenkylä,,3.0,40.0
2015-01-31,Kalajoki Mehtäkylä,,3.2,49.0
2015-01-31,Toholampi Laitala,-2.9,,
2015-01-31,Ylivieska lentokenttä,-3.4,3.3,40.0
2015-01-31,Ylivieska Vähäkangas,,7.1,41.0
2015-01-31,Haapavesi Mustikkamäki,-4.0,4.2,41.0
2015-01-31,Kärsämäki Venetpalo,,3.2,46.0
2015-01-31,Pyhäjärvi Ojakylä,-2.9,2.4,52.0
2015-01-31,Pyhäjärvi Hiidenniemi,,4.5,51.0
2015-01-31,Kiuruvesi Korpijoki,,6.1,37.0
2015-01-31,Siikalatva Kestilä,,4.7,48.0
2015-01-31,Kajaani Saaresmäki,,3.8,87.0
2015-01-31,Kajaani lentoasema,-4.5,,
2015-01-31,Vieremä Kaarakkala,-3.7,2.9,83.0
2015-01-31,Kajaani Paltaniemi,,2.0,42.0
2015-01-31,Nurmes Valtimo,-2.9,2.4,45.0
2015-01-31,Sotkamo Saviaho,,4.2,68.0
2015-01-31,Ristijärvi Mustavaara,,2.7,109.0
2015-01-31,Sotkamo Kuolaniemi,-4.6,0.9,55.0
2015-01-31,Nurmes Mujejärvi,,2.0,74.0
2015-01-31,Kuhmo Apaja,,1.9,81.0
2015-01-31,Kuhmo Kalliojoki,-6.1,2.3,77.0
2015-01-31,Raahe Nahkiainen,-2.4,,
2015-01-31,Hailuoto Keskikylä,-3.9,2.0,46.0
2015-01-31,Kemi I majakka,-3.7,,
2015-01-31,Hailuoto Marjaniemi,-3.6,,
2015-01-31,Raahe Lapaluoto satama,-3.1,,
2015-01-31,Oulu lentoasema,-3.6,,
2015-01-31,Siikajoki Ruukki,-3.8,2.7,47.0
2015-01-31,Tyrnävä Temmes,,3.8,46.0
2015-01-31,Oulu Vihreäsaari satama,-3.3,,
2015-01-31,Oulu Oulunsalo Pellonpää,-3.6,2.0,62.0
2015-01-31,Vaala Pelso,-4.0,2.5,46.0
2015-01-31,Pudasjärvi lentokenttä,-4.0,0.1,87.0
2015-01-31,Utajärvi Särkijärvi,,1.0,75.0
2015-01-31,Pudasjärvi Jaurakkajärvi,,2.5,82.0
2015-01-31,Suomussalmi Näljänkä,,4.0,110.0
2015-01-31,Suomussalmi Pesiö,-4.9,2.7,92.0
2015-01-31,Puolanka Kotila,,2.5,96.0
2015-01-31,Puolanka Paljakka,-5.8,2.1,107.0
2015-01-31,Kemi Kemi-Tornio lentoasema,-4.0,,
2015-01-31,Kemi Ajos,-3.5,,
2015-01-31,Tornio Aapajärvi,,0.0,73.0
2015-01-31,Tornio Kaakkuri,-4.9,4.5,72.0
2015-01-31,Ranua lentokenttä,-3.8,0.6,
2015-01-31,Pudasjärvi Sarakylä,,0.3,85.0
2015-01-31,Posio Raistakka,,0.8,93.0
2015-01-31,Taivalkoski Inkee,,0.0,88.0
2015-01-31,Taivalkoski kirkonkylä,-4.1,0.7,94.0
2015-01-31,Kuusamo lentoasema,-5.4,,
2015-01-31,Kuusamo Kiutaköngäs,-7.5,0.3,77.0
2015-01-31,Kuusamo Toranginaho,,0.8,85.0
2015-01-31,Kuusamo Rukatunturi,-6.1,,
2015-01-31,Kuusamo Teeriranta,,2.6,90.0
2015-01-31,Ylitornio Meltosjärvi,-8.7,0.3,67.0
2015-01-31,Pello Konttajärvi,,-1.0,78.0
2015-01-31,Kolari Kattilamaa,,0.4,65.0
2015-01-31,Pello kirkonkylä,-10.6,1.0,70.0
2015-01-31,Kittilä Alakylä,,-1.0,76.0
2015-01-31,Rovaniemi rautatieasema,-7.2,,
2015-01-31,Sodankylä Tähtelä,-15.4,-1.0,72.0
2015-01-31,Rovaniemi Apukka,-8.0,0.1,64.0
2015-01-31,Pelkosenniemi kirkonkylä,,-1.0,70.0
2015-01-31,Kemijärvi lentokenttä,-9.6,0.3,89.0
2015-01-31,Savukoski kirkonkylä,-13.9,-1.0,74.0
2015-01-31,Salla Kelloselkä,,0.4,65.0
2015-01-31,Pelkosenniemi Pyhätunturi,-10.9,,
2015-01-31,Salla kirkonkylä,-9.6,0.2,68.0
2015-01-31,Salla Naruska,-12.1,-1.0,81.0
2015-01-31,Enontekiö Kaaresuvanto,,-1.0,62.0
2015-01-31,Muonio Alamuonio,-15.6,,72.0
2015-01-31,Enontekiö Hetta,,1.2,64.0
2015-01-31,Kittilä Pulju,,0.1,65.0
2015-01-31,Kittilä Levitunturi,-15.7,,
2015-01-31,Muonio Laukukero,-14.2,,
2015-01-31,Muonio Sammaltunturi,-15.8,,
2015-01-31,Kittilä Matorova,-16.0,,
2015-01-31,Kittilä lentoasema,-15.5,,
2015-01-31,Kittilä Kenttärova,-16.3,-1.0,78.0
2015-01-31,Kittilä Pakatti,-15.5,-1.0,74.0
2015-01-31,Kittilä Pokka,-20.7,-1.0,78.0
2015-01-31,Sodankylä Lokka,-21.3,-1.0,69.0
2015-01-31,Sodankylä Vuotso,-23.7,-1.0,70.0
2015-01-31,Inari Saariselkä matkailukeskus,-17.0,-1.0,64.0
2015-01-31,Inari Saariselkä Kaunispää,-15.1,,
2015-01-31,Savukoski Ruuvaoja,,-1.0,79.0
2015-01-31,Inari Raja-Jooseppi Kontiojärvi,,0.1,40.0
2015-01-31,Inari Raja-Jooseppi,-15.7,,
2015-01-31,Salla Värriötunturi,-16.0,-1.0,68.0
2015-01-31,Enontekiö Kilpisjärvi kyläkeskus,-13.3,0.8,48.0
2015-01-31,Enontekiö Kilpisjärvi Saana,-16.2,,
2015-01-31,Enontekiö Näkkälä,-15.8,-1.0,63.0
2015-01-31,Inari Angeli,,0.3,73.0
2015-01-31,Inari Angeli Lintupuoliselkä,-15.3,-1.0,54.0
2015-01-31,Inari Ivalo lentoasema,-19.2,,
2015-01-31,Utsjoki Kevo,-16.4,0.0,50.0
2015-01-31,Utsjoki Nuorgam,-17.5,-1.0,51.0
2015-01-31,Utsjoki Leppälä,,0.3,54.0
2015-01-31,Inari Väylä,-20.0,,
2015-01-31,Inari kirkonkylä,,-1.0,59.0
2015-01-31,Inari Kaamanen,-19.1,-1.0,53.0
2015-01-31,Inari Nellim,-19.7,-1.0,47.0
2015-01-31,Inari Kirakkajärvi,-17.9,0.1,57.0
2015-01-31,Muonio Oustajärvi,-16.2,1.0,65.0
2015-01-31,Kajaani Petäisenniska,-4.4,2.9,58.0
2015-01-31,Utsjoki Kevo Kevojärvi,-19.6,,
2015-01-31,Inari Seitalaassa,-18.3,,
2015-01-31,Rovaniemi lentoasema AWOS,-8.4,0.4,89.0
2015-01-31,Jyväskylä lentoasema AWOS,-1.7,7.0,41.0
2015-01-31,Puumala kirkonkylä,-1.0,-1.0,19.0
2015-01-31,Helsinki Vuosaari satama,0.6,,
2015-01-31,Lumparland Långnäs satama,0.9,12.2,5.0
2015-01-31,Tampere Tampella,-0.5,,
2015-01-31,Kittilä Lompolonvuoma,-17.5,,
2015-01-31,Kuusamo Ruka Talvijärvi,-4.9,,
2015-01-31,Espoo Nuuksio,0.1,14.9,29.0
2015-01-31,Mikkeli Lentoasema AWOS,-1.0,2.4,46.0
2015-01-31,Espoo Tapiola,0.9,12.7,5.0
2015-02-01,Jomala Maarianhamina lentoasema,0.4,,
2015-02-01,Parainen Utö,0.8,6.8,-1.0
2015-02-01,Lemland Nyhamn,0.7,,
2015-02-01,Jomala Jomalaby,0.1,5.9,5.0
2015-02-01,Hammarland Märket,0.6,,
2015-02-01,Kökar Bogskär,1.3,,
2015-02-01,Parainen Fagerholm,0.4,4.7,
2015-02-01,Kumlinge kirkonkylä,-0.1,,
2015-02-01,Hanko Russarö,0.7,,
2015-02-01,Kaarina Yltöinen,0.0,3.8,9.0
2015-02-01,Kemiönsaari Vänö,0.3,,
2015-02-01,Hanko Tulliniemi,0.5,,
2015-02-01,Turku Rajakari,0.0,,
2015-02-01,Turku Artukainen,0.0,3.5,4.0
2015-02-01,Kemiönsaari Kemiö,0.2,3.4,5.0
2015-02-01,Hanko Tvärminne,0.5,6.9,2.0
2015-02-01,Salo Kärkkä,0.2,3.5,
2015-02-01,Lohja Leppäkorpi,,5.5,18.0
2015-02-01,Raasepori Jussarö,0.8,,
2015-02-01,Salo Kiikala lentokenttä,-0.5,4.8,25.0
2015-02-01,Vantaa Helsinki-Vantaan lentoasema,0.2,7.5,15.0
2015-02-01,Inkoo Bågaskär,0.6,,
2015-02-01,Helsinki Kaisaniemi,0.6,6.4,9.0
2015-02-01,Lohja Porla,0.3,5.0,15.0
2015-02-01,Vihti Maasoja,0.3,,
2015-02-01,Helsinki Harmaja,0.5,,
2015-02-01,Kirkkonummi Mäkiluoto,0.9,,
2015-02-01,Helsinki Helsingin majakka,0.7,,
2015-02-01,Helsinki Kumpula,0.4,10.5,15.0
2015-02-01,Espoo Sepänkylä,0.5,,
2015-02-01,Helsinki Rautatientori,1.0,,
2015-02-01,Porvoo Kalbådagrund,0.7,,
2015-02-01,Porvoo Emäsalo,0.3,,
2015-02-01,Porvoo Harabacka,0.5,8.5,12.0
2015-02-01,Kotka Rankki,0.1,,
2015-02-01,Loviisa Orrengrund,0.2,,
2015-02-01,Kotka Haapasaari,0.2,,
2015-02-01,Pori lentoasema,-1.4,,
2015-02-01,Uusikaupunki Itätulli,,2.7,15.0
2015-02-01,Laitila Haukka,,2.5,15.0
2015-02-01,Kustavi Isokari,-0.5,3.7,
2015-02-01,Rauma Kylmäpihlaja,-0.9,,
2015-02-01,Pori rautatieasema,-1.2,4.4,23.0
2015-02-01,Turku lentoasema,-0.6,,
2015-02-01,Kokemäki Rausenkulma,,5.0,21.0
2015-02-01,Lieto Tammentaka,,7.5,15.0
2015-02-01,Huittinen Sallila,,4.7,20.0
2015-02-01,Köyliö Yttilä,,4.5,12.0
2015-02-01,Oripää Teinikivi,,3.4,23.0
2015-02-01,Pöytyä Yläne,,2.5,19.0
2015-02-01,Kokemäki Tulkkila,-1.2,4.3,25.0
2015-02-01,Jokioinen Ilmala,-1.0,6.9,22.0
2015-02-01,Nokia Tottijärvi,,8.5,25.0
2015-02-01,Pirkkala Tampere-Pirkkala lentoasema,-1.6,,
2015-02-01,Tampere Härmälä,-1.5,5.7,27.0
2015-02-01,Somero Salkola,-0.9,5.8,35.0
2015-02-01,Hyvinkää Hyvinkäänkylä,-0.1,6.5,26.0
2015-02-01,Vihti Hiiskula,,4.8,30.0
2015-02-01,Hausjärvi Lavinto,,5.7,17.0
2015-02-01,Hämeenlinna Pirttikoski,,7.9,40.0
2015-02-01,Nurmijärvi Röykkä,-0.1,7.2,26.0
2015-02-01,Hämeenlinna Katinen,-0.8,5.3,
2015-02-01,Hattula Lepaa,-1.1,6.1,25.0
2015-02-01,Lahti Laune,-0.3,7.3,35.0
2015-02-01,Hämeenlinna Lammi Pappila,-1.1,4.8,33.0
2015-02-01,Mäntsälä Hirvihaara Kuntomajantie,,7.8,20.0
2015-02-01,Asikkala Urajärvi,,6.6,52.0
2015-02-01,Asikkala Pulkkilanharju,-0.9,,
2015-02-01,Hämeenlinna Lammi Evo,-1.6,,
2015-02-01,Kouvola Utti lentoasema,-0.1,11.5,44.0
2015-02-01,Kouvola Anjala,0.4,11.8,24.0
2015-02-01,Heinola Asemantaus,-0.8,7.2,30.0
2015-02-01,Iitti Kausala,,10.0,34.0
2015-02-01,Kouvola Voikoski,,5.5,31.0
2015-02-01,Virolahti Koivuniemi,0.3,15.5,22.0
2015-02-01,Lappeenranta lentoasema,0.0,,
2015-02-01,Lappeenranta Konnunsuo,0.4,,
2015-02-01,Lappeenranta Lepola,0.1,6.3,24.0
2015-02-01,Ruokolahti Kotaniemi,,10.3,35.0
2015-02-01,Lappeenranta Hiekkapakka,0.0,,
2015-02-01,Rautjärvi Simpele Kangaskoski,,9.2,27.0
2015-02-01,Parikkala Koitsanlahti,-0.3,,
2015-02-01,Kaskinen Sälgrund,-1.8,2.9,
2015-02-01,Merikarvia Tuorila,,2.5,39.0
2015-02-01,Isojoki Kärjenkoski,,2.8,29.0
2015-02-01,Teuva Kauppilankylä,,4.4,26.0
2015-02-01,Pori Tahkoluoto satama,-1.3,,
2015-02-01,Karvia Alkkia,-3.0,5.4,44.0
2015-02-01,Pori Lavia,,3.4,20.0
2015-02-01,Ikaalinen Vehuvarpee,,6.3,45.0
2015-02-01,Kauhajoki kaupunki,,3.1,45.0
2015-02-01,Kurikka Hirvijärvi,,2.7,20.0
2015-02-01,Kauhajoki Kuja-Kokko,-2.5,2.6,16.0
2015-02-01,Kankaanpää Niinisalo lentokenttä,-2.4,5.1,49.0
2015-02-01,Alavus Sulkavankylä,,7.3,34.0
2015-02-01,Virrat Äijänneva,-2.9,,
2015-02-01,Tampere Siilinkari,-1.7,,
2015-02-01,Jämsä Halli lentoasema,-2.4,3.7,41.0
2015-02-01,Juupajoki Hyytiälä,-2.6,5.8,49.0
2015-02-01,Sysmä Joutsjärvi,,4.0,31.0
2015-02-01,Luhanka Tammijärvi,,3.5,43.0
2015-02-01,Jyväskylä Muuratjärvi,,3.3,51.0
2015-02-01,Luhanka Judinsalo,-1.6,,
2015-02-01,Multia Pirttiperä,,4.4,57.0
2015-02-01,Joutsa Savenaho,-2.5,3.7,44.0
2015-02-01,Kangasniemi kirkonkylä,,3.5,58.0
2015-02-01,Joutsa Pärnämäki,,4.4,46.0
2015-02-01,Mikkeli Pitkähiekka,,2.3,34.0
2015-02-01,Juva Partala,-1.6,,
2015-02-01,Joroinen Varkaus lentoasema,-1.8,,
2015-02-01,Varkaus Kosulanniemi,-2.1,1.3,43.0
2015-02-01,Savonlinna Laukansaari,,2.1,24.0
2015-02-01,Sulkava Halttula,,-1.0,41.0
2015-02-01,Savonlinna lentoasema,-1.1,,
2015-02-01,Rantasalmi Rukkasluoto,-1.4,,
2015-02-01,Savonlinna Punkaharju Laukansaari,-0.9,2.6,30.0
2015-02-01,Enonkoski Simanala,,1.7,42.0
2015-02-01,Savonlinna Savonranta,,1.4,36.0
2015-02-01,Rääkkylä kirkonkylä,,1.3,48.0
2015-02-01,Tohmajärvi Kemie,-1.3,3.0,54.0
2015-02-01,Joensuu Huhtilampi,,2.2,59.0
2015-02-01,Vaasa lentoasema,-2.2,,
2015-02-01,Mustasaari Valassaaret,-1.6,,
2015-02-01,Närpiö Ylimarkku,,3.4,8.0
2015-02-01,Mustasaari Riimala,,2.9,28.0
2015-02-01,Kurikka Pyörni,,1.4,33.0
2015-02-01,Korsnäs Bredskäret,-2.1,,
2015-02-01,Maalahti Strömmingsbådan,-1.4,,
2015-02-01,Vaasa Klemettilä,-2.3,5.4,17.0
2015-02-01,Seinäjoki Pelmaa,-2.3,4.1,31.0
2015-02-01,Kauhava lentokenttä,-2.4,1.6,44.0
2015-02-01,Ähtäri Inha,-3.3,6.0,58.0
2015-02-01,Halsua Purola,-3.4,5.2,52.0
2015-02-01,Alajärvi Möksy,-3.4,5.2,48.0
2015-02-01,Multia Karhila,-3.8,3.4,53.0
2015-02-01,Viitasaari Haapaniemi,-3.3,4.3,42.0
2015-02-01,Äänekoski Kalaniemi,,5.3,48.0
2015-02-01,Viitasaari Kärnä,,3.0,65.0
2015-02-01,Vesanto kirkonkylä,-3.1,2.7,55.0
2015-02-01,Pielavesi Venetmäki,,4.7,66.0
2015-02-01,Siilinjärvi Kuopio lentoasema,-2.8,,
2015-02-01,Kuopio Maaninka,-2.8,0.9,46.0
2015-02-01,Lapinlahti Lamminkäyrä,,1.4,45.0
2015-02-01,Suonenjoki Iisvesi,,2.6,50.0
2015-02-01,Kuopio Karttula,,2.0,58.0
2015-02-01,Kuopio Ritoniemi,-2.6,,
2015-02-01,Kuopio Savilahti,-2.7,1.9,46.0
2015-02-01,Heinävesi Palokki,,3.3,49.0
2015-02-01,Outokumpu Viuruniemi,,3.5,49.0
2015-02-01,Rautavaara Ala-Luosta,,1.4,51.0
2015-02-01,Rautavaara Ylä-Luosta,-3.6,5.2,66.0
2015-02-01,Liperi Joensuu lentoasema,-2.1,,
2015-02-01,Juuka Niemelä,-3.2,3.4,50.0
2015-02-01,Joensuu Pyhäselkä,,2.8,48.0
2015-02-01,Lieksa Koli,,3.2,57.0
2015-02-01,Liperi Tuiskavanluoto,-1.8,,
2015-02-01,Joensuu Linnunlahti,-1.8,1.9,50.0
2015-02-01,Lieksa Lampela,-2.9,1.6,34.0
2015-02-01,Ilomantsi Naarva,,4.4,69.0
2015-02-01,Ilomantsi Pötsönvaara,-3.3,3.1,67.0
2015-02-01,Ilomantsi Mekrijärvi,-2.1,1.9,47.0
2015-02-01,Pietarsaari Kallan,-2.6,,
2015-02-01,Kokkola Tankar,-2.3,,
2015-02-01,Kruunupyy Kokkola-Pietarsaari lentoasema,-3.1,,
2015-02-01,Kaustinen Tastula,,4.1,43.0
2015-02-01,Kalajoki Ulkokalla,-2.7,,
2015-02-01,Kokkola Santahaka,-3.0,6.3,29.0
2015-02-01,Toholampi Oravala,,4.6,39.0
2015-02-01,Kalajoki Pitkäsenkylä,,2.6,45.0
2015-02-01,Kalajoki Mehtäkylä,,0.4,52.0
2015-02-01,Toholampi Laitala,-3.5,,
2015-02-01,Ylivieska lentokenttä,-3.7,1.2,44.0
2015-02-01,Ylivieska Vähäkangas,,3.0,46.0
2015-02-01,Haapavesi Mustikkamäki,-4.2,7.0,45.0
2015-02-01,Kärsämäki Venetpalo,,5.6,50.0
2015-02-01,Pyhäjärvi Ojakylä,-3.8,2.4,54.0
2015-02-01,Pyhäjärvi Hiidenniemi,,3.1,53.0
2015-02-01,Kiuruvesi Korpijoki,,4.1,41.0
2015-02-01,Siikalatva Kestilä,,5.0,50.0
2015-02-01,Kajaani Saaresmäki,,2.2,95.0
2015-02-01,Kajaani lentoasema,-4.4,,
2015-02-01,Vieremä Kaarakkala,-4.5,2.4,83.0
2015-02-01,Kajaani Paltaniemi,,0.6,43.0
2015-02-01,Nurmes Valtimo,-3.4,2.8,46.0
2015-02-01,Sotkamo Saviaho,,5.5,69.0
2015-02-01,Ristijärvi Mustavaara,,3.9,109.0
2015-02-01,Sotkamo Kuolaniemi,-4.5,0.9,55.0
2015-02-01,Nurmes Mujejärvi,,10.8,76.0
2015-02-01,Kuhmo Apaja,,3.1,80.0
2015-02-01,Kuhmo Kalliojoki,-4.9,4.5,74.0
2015-02-01,Raahe Nahkiainen,-3.7,,
2015-02-01,Hailuoto Keskikylä,-5.2,2.9,41.0
2015-02-01,Kemi I majakka,-5.3,,
2015-02-01,Hailuoto Marjaniemi,-5.0,,
2015-02-01,Raahe Lapaluoto satama,-4.1,,
2015-02-01,Oulu lentoasema,-4.9,,
2015-02-01,Siikajoki Ruukki,-4.5,2.0,50.0
2015-02-01,Tyrnävä Temmes,,2.8,49.0
2015-02-01,Oulu Vihreäsaari satama,-4.9,,
2015-02-01,Oulu Oulunsalo Pellonpää,-4.8,2.2,62.0
2015-02-01,Vaala Pelso,-4.4,2.8,44.0
2015-02-01,Pudasjärvi lentokenttä,-6.7,1.2,79.0
2015-02-01,Utajärvi Särkijärvi,,1.0,77.0
2015-02-01,Pudasjärvi Jaurakkajärvi,,2.5,82.0
2015-02-01,Suomussalmi Näljänkä,,4.5,109.0
2015-02-01,Suomussalmi Pesiö,-6.3,2.2,93.0
2015-02-01,Puolanka Kotila,,4.2,95.0
2015-02-01,Puolanka Paljakka,-6.9,3.3,106.0
2015-02-01,Kemi Kemi-Tornio lentoasema,-6.0,,
2015-02-01,Kemi Ajos,-5.9,,
2015-02-01,Tornio Aapajärvi,,7.3,73.0
2015-02-01,Tornio Kaakkuri,-6.4,6.5,66.0
2015-02-01,Ranua lentokenttä,-7.9,3.6,88.0
2015-02-01,Pudasjärvi Sarakylä,,2.0,80.0
2015-02-01,Posio Raistakka,,2.4,92.0
2015-02-01,Taivalkoski Inkee,,2.3,88.0
2015-02-01,Taivalkoski kirkonkylä,-7.9,2.0,92.0
2015-02-01,Kuusamo lentoasema,-9.3,,
2015-02-01,Kuusamo Kiutaköngäs,-9.3,1.8,75.0
2015-02-01,Kuusamo Toranginaho,,2.4,85.0
2015-02-01,Kuusamo Rukatunturi,-11.7,,
2015-02-01,Kuusamo Teeriranta,,5.6,88.0
2015-02-01,Ylitornio Meltosjärvi,-8.5,5.8,66.0
2015-02-01,Pello Konttajärvi,,6.3,77.0
2015-02-01,Kolari Kattilamaa,,0.4,65.0
2015-02-01,Pello kirkonkylä,-9.0,7.5,70.0
2015-02-01,Kittilä Alakylä,,-1.0,76.0
2015-02-01,Rovaniemi rautatieasema,-7.7,,
2015-02-01,Sodankylä Tähtelä,-11.2,-1.0,70.0
2015-02-01,Rovaniemi Apukka,-8.2,0.7,65.0
2015-02-01,Pelkosenniemi kirkonkylä,,-1.0,70.0
2015-02-01,Kemijärvi lentokenttä,-9.7,1.4,88.0
2015-02-01,Savukoski kirkonkylä,-11.4,-1.0,74.0
2015-02-01,Salla Kelloselkä,,0.6,62.0
2015-02-01,Pelkosenniemi Pyhätunturi,-12.6,,
2015-02-01,Salla kirkonkylä,-9.2,1.0,61.0
2015-02-01,Salla Naruska,-10.7,-1.0,78.0
2015-02-01,Enontekiö Kaaresuvanto,,-1.0,62.0
2015-02-01,Muonio Alamuonio,-11.3,,73.0
2015-02-01,Enontekiö Hetta,,1.4,64.0
2015-02-01,Kittilä Pulju,,0.3,65.0
2015-02-01,Kittilä Levitunturi,-14.7,,
2015-02-01,Muonio Laukukero,-15.6,,
2015-02-01,Muonio Sammaltunturi,-14.6,,
2015-02-01,Kittilä Matorova,-13.5,,
2015-02-01,Kittilä lentoasema,-12.3,,
2015-02-01,Kittilä Kenttärova,-13.5,0.6,76.0
2015-02-01,Kittilä Pakatti,-12.4,-1.0,72.0
2015-02-01,Kittilä Pokka,-13.7,0.2,77.0
2015-02-01,Sodankylä Lokka,-12.7,0.1,68.0
2015-02-01,Sodankylä Vuotso,-16.2,-1.0,69.0
2015-02-01,Inari Saariselkä matkailukeskus,-14.1,-1.0,63.0
2015-02-01,Inari Saariselkä Kaunispää,-15.0,,
2015-02-01,Savukoski Ruuvaoja,,0.2,79.0
2015-02-01,Inari Raja-Jooseppi Kontiojärvi,,0.0,41.0
2015-02-01,Inari Raja-Jooseppi,-14.0,,
2015-02-01,Salla Värriötunturi,-15.4,0.2,68.0
2015-02-01,Enontekiö Kilpisjärvi kyläkeskus,-11.6,0.7,48.0
2015-02-01,Enontekiö Kilpisjärvi Saana,-16.2,,
2015-02-01,Enontekiö Näkkälä,-13.2,-1.0,63.0
2015-02-01,Inari Angeli,,-1.0,73.0
2015-02-01,Inari Angeli Lintupuoliselkä,-13.5,-1.0,55.0
2015-02-01,Inari Ivalo lentoasema,-15.6,,
2015-02-01,Utsjoki Kevo,-21.3,0.0,51.0
2015-02-01,Utsjoki Nuorgam,-24.4,1.0,50.0
2015-02-01,Utsjoki Leppälä,,0.0,53.0
2015-02-01,Inari Väylä,-15.7,,
2015-02-01,Inari kirkonkylä,,-1.0,56.0
2015-02-01,Inari Kaamanen,-14.1,-1.0,53.0
2015-02-01,Inari Nellim,-18.3,0.1,47.0
2015-02-01,Inari Kirakkajärvi,-17.8,-1.0,54.0
2015-02-01,Muonio Oustajärvi,-11.2,0.8,64.0
2015-02-01,Kajaani Petäisenniska,-4.4,1.7,61.0
2015-02-01,Utsjoki Kevo Kevojärvi,-24.3,,
2015-02-01,Inari Seitalaassa,-16.3,,
2015-02-01,Rovaniemi lentoasema AWOS,-9.0,2.3,85.0
2015-02-01,Jyväskylä lentoasema AWOS,-3.0,4.0,43.0
2015-02-01,Puumala kirkonkylä,-0.8,3.8,19.0
2015-02-01,Helsinki Vuosaari satama,0.5,,
2015-02-01,Lumparland Långnäs satama,0.2,5.8,4.0
2015-02-01,Tampere Tampella,-1.4,,
2015-02-01,Kittilä Lompolonvuoma,-13.0,,
2015-02-01,Kuusamo Ruka Talvijärvi,-10.1,,
2015-02-01,Espoo Nuuksio,0.0,7.7,38.0
2015-02-01,Mikkeli Lentoasema AWOS,-1.4,3.2,47.0
2015-02-01,Espoo Tapiola,0.6,8.9,9.0
