date,station,tday,rrday,snow
2023-08-01,Porvoo Kilpilahti satama,15.7,,
2023-08-01,Jomala Maarianhamina lentoasema,17.0,,
2023-08-01,Parainen Utö,17.1,9.3,-1.0
2023-08-01,Lemland Nyhamn,17.1,,
2023-08-01,Jomala Jomalaby,16.5,22.8,-1.0
2023-08-01,Hammarland Märket,17.0,,
2023-08-01,Kökar Bogskär,16.9,,
2023-08-01,Parainen Fagerholm,17.2,8.8,
2023-08-01,Kumlinge kirkonkylä,16.9,,
2023-08-01,Hanko Russarö,17.0,7.4,
2023-08-01,Kaarina Yltöinen,16.3,11.1,-1.0
2023-08-01,Kemiönsaari Vänö,17.3,,
2023-08-01,Hanko Tulliniemi,16.9,,
2023-08-01,Turku Rajakari,16.7,,
2023-08-01,Turku Artukainen,16.3,13.5,-1.0
2023-08-01,Kemiönsaari Kemiö,16.3,9.4,-1.0
2023-08-01,Hanko Tvärminne,16.5,8.4,-1.0
2023-08-01,Salo Kärkkä,16.2,11.6,
2023-08-01,Lohja Leppäkorpi,,10.3,-1.0
2023-08-01,Raasepori Jussarö,17.0,,
2023-08-01,Salo Kiikala lentokenttä,15.3,13.0,-1.0
2023-08-01,Vantaa Helsinki-Vantaan lentoasema,16.1,23.7,-1.0
2023-08-01,Inkoo Bågaskär,16.8,,
2023-08-01,Helsinki Kaisaniemi,16.6,19.9,-1.0
2023-08-01,Lohja Porla,16.0,18.0,-1.0
2023-08-01,Vihti Maasoja,15.5,,
2023-08-01,Helsinki Harmaja,16.4,,
2023-08-01,Kirkkonummi Mäkiluoto,16.7,,
2023-08-01,Helsinki Helsingin majakka,17.4,,
2023-08-01,Helsinki Kumpula,16.7,20.3,-1.0
2023-08-01,Helsinki Malmi lentokenttä,16.0,,
2023-08-01,Porvoo Kalbådagrund,17.7,,
2023-08-01,Porvoo Emäsalo,15.5,,
2023-08-01,Porvoo Harabacka,15.4,17.2,-1.0
2023-08-01,Kotka Rankki,18.1,1.3,-1.0
2023-08-01,Loviisa Orrengrund,17.1,,
2023-08-01,Kotka Haapasaari,18.8,,
2023-08-01,Pori lentoasema,15.5,,
2023-08-01,Uusikaupunki Itätulli,,5.4,-1.0
2023-08-01,Kustavi Isokari,17.4,6.1,
2023-08-01,Rauma Kylmäpihlaja,16.5,,
2023-08-01,Pori rautatieasema,15.9,7.5,-1.0
2023-08-01,Turku lentoasema,15.4,,
2023-08-01,Kokemäki Rausenkulma,,15.6,-1.0
2023-08-01,Huittinen Sallila,,13.3,-1.0
2023-08-01,Oripää Teinikivi,,11.4,-1.0
2023-08-01,Pöytyä Yläne,,11.1,-1.0
2023-08-01,Kokemäki Tulkkila,15.3,7.7,-1.0
2023-08-01,Jokioinen Ilmala,15.0,7.8,-1.0
2023-08-01,Nokia Tottijärvi,,18.8,-1.0
2023-08-01,Pirkkala Tampere-Pirkkala lentoasema,15.7,,
2023-08-01,Tampere Härmälä,16.2,6.4,-1.0
2023-08-01,Somero Salkola,14.9,7.6,-1.0
2023-08-01,Hyvinkää Hyvinkäänkylä,15.3,8.7,-1.0
2023-08-01,Vihti Hiiskula,,7.6,-1.0
2023-08-01,Hämeenlinna Pirttikoski,,6.1,-1.0
2023-08-01,Nurmijärvi Röykkä,15.4,13.8,-1.0
2023-08-01,Hämeenlinna Katinen,15.8,4.9,
2023-08-01,Hattula Lepaa,15.4,3.4,-1.0
2023-08-01,Hämeenlinna Lammi Pappila,15.3,11.0,-1.0
2023-08-01,Asikkala Pulkkilanharju,16.5,,
2023-08-01,Kouvola Utti lentoasema,17.6,0.5,-1.0
2023-08-01,Kouvola Anjala,18.1,4.3,-1.0
2023-08-01,Heinola Asemantaus,16.4,14.1,-1.0
2023-08-01,Kouvola Voikoski,,1.0,-1.0
2023-08-01,Virolahti Koivuniemi,18.4,-1.0,-1.0
2023-08-01,Lappeenranta lentoasema,19.1,,
2023-08-01,Lappeenranta Konnunsuo,18.1,,
2023-08-01,Lappeenranta Lepola,19.2,-1.0,-1.0
2023-08-01,Ruokolahti Kotaniemi,,-1.0,-1.0
2023-08-01,Lappeenranta Hiekkapakka,19.7,,
2023-08-01,Parikkala Koitsanlahti,17.8,-1.0,
2023-08-01,Kaskinen Sälgrund,17.0,5.7,
2023-08-01,Merikarvia Tuorila,,9.3,-1.0
2023-08-01,Isojoki Kärjenkoski,,9.1,-1.0
2023-08-01,Teuva Kauppilankylä,,10.5,-1.0
2023-08-01,Pori Tahkoluoto satama,16.7,,
2023-08-01,Kristiinankaupunki Majakka,16.4,,
2023-08-01,Karvia Alkkia,14.9,9.5,-1.0
2023-08-01,Kurikka Hirvijärvi,,12.8,-1.0
2023-08-01,Kauhajoki Kuja-Kokko,15.8,11.4,-1.0
2023-08-01,Kankaanpää Niinisalo lentokenttä,15.3,13.0,-1.0
2023-08-01,Alavus Sulkavankylä,,8.7,-1.0
2023-08-01,Virrat Äijänneva,15.4,,
2023-08-01,Tampere Siilinkari,16.4,,
2023-08-01,Jämsä Halli lentoasema,16.3,4.7,-1.0
2023-08-01,Juupajoki Hyytiälä,15.1,5.2,-1.0
2023-08-01,Sysmä Joutsjärvi,,10.5,-1.0
2023-08-01,Jyväskylä Muuratjärvi,,5.1,-1.0
2023-08-01,Luhanka Judinsalo,16.8,,
2023-08-01,Multia Pirttiperä,,4.1,-1.0
2023-08-01,Joutsa Savenaho,16.0,4.0,-1.0
2023-08-01,Kangasniemi kirkonkylä,,0.1,-1.0
2023-08-01,Joutsa Pärnämäki,,0.5,-1.0
2023-08-01,Juva Partala,18.1,,
2023-08-01,Varkaus Kosulanniemi,19.2,-1.0,-1.0
2023-08-01,Savonlinna Laukansaari,,-1.0,-1.0
2023-08-01,Sulkava Halttula,,0.0,-1.0
2023-08-01,Savonlinna lentoasema,18.7,,
2023-08-01,Rantasalmi Rukkasluoto,19.5,,
2023-08-01,Savonlinna Punkaharju Laukansaari,19.1,-1.0,-1.0
2023-08-01,Enonkoski Simanala,,-1.0,-1.0
2023-08-01,Savonlinna Savonranta,,-1.0,-1.0
2023-08-01,Rääkkylä kirkonkylä,,0.0,-1.0
2023-08-01,Tohmajärvi Kemie,17.4,-1.0,-1.0
2023-08-01,Joensuu Huhtilampi,,-1.0,-1.0
2023-08-01,Vaasa lentoasema,16.2,,
2023-08-01,Mustasaari Valassaaret,16.8,,
2023-08-01,Närpiö Ylimarkku,,1.8,-1.0
2023-08-01,Mustasaari Riimala,,4.7,-1.0
2023-08-01,Kurikka Pyörni,,6.4,-1.0
2023-08-01,Korsnäs Bredskäret,16.6,,
2023-08-01,Maalahti Strömmingsbådan,16.9,,
2023-08-01,Vaasa Klemettilä,16.7,6.5,-1.0
2023-08-01,Seinäjoki Pelmaa,16.4,8.2,-1.0
2023-08-01,Kauhava lentokenttä,16.3,6.2,-1.0
2023-08-01,Ähtäri Inha,16.0,4.0,-1.0
2023-08-01,Halsua Purola,16.0,2.7,-1.0
2023-08-01,Alajärvi Möksy,15.8,1.4,-1.0
2023-08-01,Multia Karhila,15.1,3.0,-1.0
2023-08-01,Viitasaari Haapaniemi,17.2,3.8,-1.0
2023-08-01,Äänekoski Kalaniemi,,4.6,-1.0
2023-08-01,Vesanto kirkonkylä,17.5,0.4,-1.0
2023-08-01,Pielavesi Venetmäki,,2.0,-1.0
2023-08-01,Siilinjärvi Kuopio lentoasema,19.3,,
2023-08-01,Kuopio Maaninka,18.7,1.2,-1.0
2023-08-01,Lapinlahti Lamminkäyrä,,0.1,-1.0
2023-08-01,Suonenjoki Iisvesi,,-1.0,-1.0
2023-08-01,Kuopio Karttula,,-1.0,-1.0
2023-08-01,Kuopio Ritoniemi,19.5,,
2023-08-01,Kuopio Savilahti,19.8,-1.0,-1.0
2023-08-01,Heinävesi Palokki,,-1.0,-1.0
2023-08-01,Outokumpu Viuruniemi,,0.0,-1.0
2023-08-01,Rautavaara Ala-Luosta,,-1.0,-1.0
2023-08-01,Rautavaara Ylä-Luosta,18.2,0.0,-1.0
2023-08-01,Liperi Joensuu lentoasema,18.5,,
2023-08-01,Juuka Niemelä,17.8,-1.0,-1.0
2023-08-01,Joensuu Pyhäselkä,,-1.0,-1.0
2023-08-01,Lieksa Koli,,-1.0,-1.0
2023-08-01,Liperi Tuiskavanluoto,19.7,,
2023-08-01,Joensuu Linnunlahti,18.9,-1.0,-1.0
2023-08-01,Lieksa Lampela,18.6,-1.0,-1.0
2023-08-01,Ilomantsi Pötsönvaara,18.3,-1.0,-1.0
2023-08-01,Ilomantsi Mekrijärvi,18.9,-1.0,-1.0
2023-08-01,Pietarsaari Kallan,17.0,,
2023-08-01,Kokkola Tankar,17.1,,
2023-08-01,Kruunupyy Kokkola-Pietarsaari lentoasema,17.2,,
2023-08-01,Kaustinen Tastula,,2.1,-1.0
2023-08-01,Kalajoki Ulkokalla,15.2,,
2023-08-01,Kokkola Santahaka,17.0,3.1,-1.0
2023-08-01,Toholampi Oravala,,2.1,-1.0
2023-08-01,Kalajoki Pitkäsenkylä,,2.5,-1.0
2023-08-01,Kalajoki Mehtäkylä,,4.1,-1.0
2023-08-01,Toholampi Laitala,16.7,2.1,-1.0
2023-08-01,Ylivieska lentokenttä,17.4,5.9,-1.0
2023-08-01,Ylivieska Vähäkangas,,5.7,-1.0
2023-08-01,Haapavesi Mustikkamäki,18.3,7.5,-1.0
2023-08-01,Pyhäjärvi Ojakylä,17.4,7.4,-1.0
2023-08-01,Pyhäjärvi Hiidenniemi,,4.3,-1.0
2023-08-01,Kiuruvesi Korpijoki,,0.1,-1.0
2023-08-01,Siikalatva Kestilä,,0.0,-1.0
2023-08-01,Kajaani lentoasema,19.2,,
2023-08-01,Vieremä Kaarakkala,17.4,3.2,-1.0
2023-08-01,Kajaani Paltaniemi,,0.0,-1.0
2023-08-01,Nurmes Valtimo,18.8,0.2,-1.0
2023-08-01,Ristijärvi Mustavaara,,-1.0,-1.0
2023-08-01,Sotkamo Kuolaniemi,18.1,1.8,-1.0
2023-08-01,Nurmes Mujejärvi,,-1.0,-1.0
2023-08-01,Kuhmo Apaja,,-1.0,-1.0
2023-08-01,Kuhmo Kalliojoki,18.8,-1.0,-1.0
2023-08-01,Raahe Nahkiainen,16.0,,
2023-08-01,Hailuoto Keskikylä,17.8,8.3,-1.0
2023-08-01,Kemi I majakka,16.6,,
2023-08-01,Hailuoto Marjaniemi,17.3,,
2023-08-01,Raahe Lapaluoto satama,17.7,,
2023-08-01,Oulu lentoasema,19.2,,
2023-08-01,Siikajoki Ruukki,18.5,6.3,-1.0
2023-08-01,Oulu Vihreäsaari satama,19.0,,
2023-08-01,Oulu Oulunsalo Pellonpää,18.9,8.7,-1.0
2023-08-01,Vaala Pelso,18.8,-1.0,-1.0
2023-08-01,Pudasjärvi lentokenttä,19.8,-1.0,-1.0
2023-08-01,Utajärvi Särkijärvi,,1.5,-1.0
2023-08-01,Pudasjärvi Jaurakkajärvi,,0.4,-1.0
2023-08-01,Suomussalmi Näljänkä,,3.2,-1.0
2023-08-01,Suomussalmi Pesiö,17.7,-1.0,-1.0
2023-08-01,Puolanka Kotila,,0.2,-1.0
2023-08-01,Puolanka Paljakka,17.2,-1.0,-1.0
2023-08-01,Kemi Kemi-Tornio lentoasema,17.8,,
2023-08-01,Kemi Ajos,17.7,,
2023-08-01,Tornio Kaakkuri,17.7,3.5,
2023-08-01,Ranua lentokenttä,16.9,4.1,-1.0
2023-08-01,Pudasjärvi Sarakylä,,0.5,-1.0
2023-08-01,Posio Raistakka,,3.1,-1.0
2023-08-01,Taivalkoski Inkee,,0.5,-1.0
2023-08-01,Taivalkoski kirkonkylä,17.5,0.3,-1.0
2023-08-01,Kuusamo lentoasema,16.5,3.5,-1.0
2023-08-01,Kuusamo Kiutaköngäs,17.0,2.9,-1.0
2023-08-01,Kuusamo Rukatunturi,15.5,,
2023-08-01,Kuusamo Teeriranta,,-1.0,-1.0
2023-08-01,Kuusamo Juuma,16.3,,
2023-08-01,Ylitornio Meltosjärvi,16.2,3.0,-1.0
2023-08-01,Kolari Kattilamaa,,7.5,-1.0
2023-08-01,Pello kirkonkylä,16.3,11.9,-1.0
2023-08-01,Rovaniemi rautatieasema,17.4,,
2023-08-01,Sodankylä Tähtelä,14.8,7.5,-1.0
2023-08-01,Rovaniemi Apukka,16.9,9.8,-1.0
2023-08-01,Pelkosenniemi kirkonkylä,,11.8,-1.0
2023-08-01,Kemijärvi lentokenttä,16.3,12.2,-1.0
2023-08-01,Savukoski kirkonkylä,15.9,6.3,-1.0
2023-08-01,Salla Kelloselkä,,11.4,-1.0
2023-08-01,Pelkosenniemi Pyhätunturi,13.5,,
2023-08-01,Salla kirkonkylä,15.5,4.5,-1.0
2023-08-01,Salla Naruska,15.1,6.4,-1.0
2023-08-01,Enontekiö Kaaresuvanto,,8.2,-1.0
2023-08-01,Enontekiö lentoasema,12.2,,
2023-08-01,Kittilä Pulju,,1.9,-1.0
2023-08-01,Muonio Laukukero,9.9,,
2023-08-01,Muonio Sammaltunturi,10.8,,
2023-08-01,Kittilä Matorova,12.2,,
2023-08-01,Kittilä lentoasema,13.9,,
2023-08-01,Kittilä Kenttärova,12.2,9.1,-1.0
2023-08-01,Kittilä Pakatti,13.8,18.1,-1.0
2023-08-01,Kittilä Pokka,12.4,0.3,-1.0
2023-08-01,Sodankylä Lokka,14.4,0.5,-1.0
2023-08-01,Sodankylä Vuotso,12.8,0.2,-1.0
2023-08-01,Inari Saariselkä matkailukeskus,11.8,1.2,-1.0
2023-08-01,Inari Saariselkä Kaunispää,11.2,,
2023-08-01,Inari Raja-Jooseppi,12.6,,
2023-08-01,Salla Värriötunturi,14.1,0.6,-1.0
2023-08-01,Enontekiö Kilpisjärvi kyläkeskus,12.3,6.8,-1.0
2023-08-01,Enontekiö Kilpisjärvi Saana,8.5,,
2023-08-01,Enontekiö Näkkälä,11.8,2.7,-1.0
2023-08-01,Inari Angeli Lintupuoliselkä,11.7,0.3,-1.0
2023-08-01,Inari Ivalo lentoasema,12.5,,
2023-08-01,Utsjoki Kevo,11.5,6.3,-1.0
2023-08-01,Utsjoki Nuorgam,11.6,10.4,-1.0
2023-08-01,Inari Väylä,11.7,,
2023-08-01,Inari kirkonkylä,,2.3,-1.0
2023-08-01,Inari Kaamanen,11.7,5.9,-1.0
2023-08-01,Inari Nellim,12.6,5.4,-1.0
2023-08-01,Inari Kirakkajärvi,11.3,5.7,-1.0
2023-08-01,Mäntsälä Hirvihaara,14.7,10.3,-1.0
2023-08-01,Lahti Sopenkorpi,15.8,12.5,-1.0
2023-08-01,Siuntio Sjundby,,12.7,-1.0
2023-08-01,Sipoo Itätoukki,17.2,,
2023-08-01,Rauma Pyynpää,15.7,5.7,-1.0
2023-08-01,Muonio Oustajärvi,13.7,12.6,-1.0
2023-08-01,Pyhtää lentokenttä,16.8,7.1,-1.0
2023-08-01,Sotkamo Tuhkakylä,18.6,-1.0,-1.0
2023-08-01,Tervola Loue,17.7,,
2023-08-01,Savukoski Tulppio,14.8,1.5,-1.0
2023-08-01,Mikkeli Pitkäaho,,0.0,-1.0
2023-08-01,Kajaani Petäisenniska,18.7,0.1,-1.0
2023-08-01,Utsjoki Kevo Kevojärvi,11.9,,
2023-08-01,Inari Seitalaassa,11.6,,
2023-08-01,Ilmajoki Seinäjoki lentoasema,15.6,,
2023-08-01,Rovaniemi lentoasema AWOS,16.5,18.3,-1.0
2023-08-01,Jyväskylä lentoasema AWOS,16.0,4.8,-1.0
2023-08-01,Puumala kirkonkylä,19.0,-1.0,-1.0
2023-08-01,Helsinki Vuosaari satama,15.6,,
2023-08-01,Maarianhamina Länsisatama,17.3,,
2023-08-01,Lumparland Långnäs satama,17.0,21.4,-1.0
2023-08-01,Kittilä Lompolonvuoma,12.8,8.7,
2023-08-01,Kuusamo Ruka Talvijärvi,16.9,,
2023-08-01,Espoo Nuuksio,15.5,12.6,-1.0
2023-08-01,Mikkeli Lentoasema AWOS,16.9,-1.0,-1.0
2023-08-01,Espoo Tapiola,15.9,20.8,-1.0
2023-08-02,Porvoo Kilpilahti satama,17.2,,
2023-08-02,Jomala Maarianhamina lentoasema,17.9,,
2023-08-02,Parainen Utö,18.3,1.6,-1.0
2023-08-02,Lemland Nyhamn,17.8,,
2023-08-02,Jomala Jomalaby,17.9,0.2,-1.0
2023-08-02,Hammarland Märket,17.5,,
2023-08-02,Kökar Bogskär,17.7,,
2023-08-02,Parainen Fagerholm,18.2,0.1,
2023-08-02,Kumlinge kirkonkylä,17.8,,
2023-08-02,Hanko Russarö,17.7,6.1,
2023-08-02,Kaarina Yltöinen,18.2,3.0,-1.0
2023-08-02,Kemiönsaari Vänö,18.2,,
2023-08-02,Hanko Tulliniemi,17.5,,
2023-08-02,Turku Rajakari,18.2,,
2023-08-02,Turku Artukainen,18.0,4.5,-1.0
2023-08-02,Kemiönsaari Kemiö,18.0,1.8,-1.0
2023-08-02,Hanko Tvärminne,17.5,1.9,-1.0
2023-08-02,Salo Kärkkä,18.0,1.5,
2023-08-02,Lohja Leppäkorpi,,5.9,-1.0
2023-08-02,Raasepori Jussarö,17.8,,
2023-08-02,Salo Kiikala lentokenttä,16.9,3.5,-1.0
2023-08-02,Vantaa Helsinki-Vantaan lentoasema,18.0,6.8,-1.0
2023-08-02,Inkoo Bågaskär,17.8,,
2023-08-02,Helsinki Kaisaniemi,17.8,12.6,-1.0
2023-08-02,Lohja Porla,17.5,2.5,-1.0
2023-08-02,Vihti Maasoja,17.6,,
2023-08-02,Helsinki Harmaja,17.2,,
2023-08-02,Kirkkonummi Mäkiluoto,17.5,,
2023-08-02,Helsinki Helsingin majakka,18.2,,
2023-08-02,Helsinki Kumpula,18.1,13.2,-1.0
2023-08-02,Helsinki Malmi lentokenttä,18.2,,
2023-08-02,Porvoo Kalbådagrund,18.3,,
2023-08-02,Porvoo Emäsalo,16.2,,
2023-08-02,Porvoo Harabacka,18.1,6.1,-1.0
2023-08-02,Kotka Rankki,18.3,2.6,-1.0
2023-08-02,Loviisa Orrengrund,17.5,,
2023-08-02,Kotka Haapasaari,19.0,,
2023-08-02,Pori lentoasema,18.1,,
2023-08-02,Uusikaupunki Itätulli,,0.6,-1.0
2023-08-02,Kustavi Isokari,18.1,8.3,
2023-08-02,Rauma Kylmäpihlaja,18.2,,
2023-08-02,Pori rautatieasema,18.2,0.1,-1.0
2023-08-02,Turku lentoasema,17.7,,
2023-08-02,Kokemäki Rausenkulma,,3.4,-1.0
2023-08-02,Huittinen Sallila,,4.8,-1.0
2023-08-02,Oripää Teinikivi,,4.3,-1.0
2023-08-02,Pöytyä Yläne,,3.0,-1.0
2023-08-02,Kokemäki Tulkkila,17.6,3.7,-1.0
2023-08-02,Jokioinen Ilmala,16.9,2.3,-1.0
2023-08-02,Nokia Tottijärvi,,2.6,-1.0
2023-08-02,Pirkkala Tampere-Pirkkala lentoasema,17.2,,
2023-08-02,Tampere Härmälä,17.4,1.8,-1.0
2023-08-02,Somero Salkola,16.3,5.3,-1.0
2023-08-02,Hyvinkää Hyvinkäänkylä,17.3,5.7,-1.0
2023-08-02,Vihti Hiiskula,,6.1,-1.0
2023-08-02,Hämeenlinna Pirttikoski,,5.6,-1.0
2023-08-02,Nurmijärvi Röykkä,17.0,5.4,-1.0
2023-08-02,Hämeenlinna Katinen,17.7,5.5,
2023-08-02,Hattula Lepaa,17.3,2.3,-1.0
2023-08-02,Hämeenlinna Lammi Pappila,17.4,3.1,-1.0
2023-08-02,Asikkala Pulkkilanharju,18.1,,
2023-08-02,Kouvola Utti lentoasema,18.5,1.4,-1.0
2023-08-02,Kouvola Anjala,18.4,1.8,-1.0
2023-08-02,Heinola Asemantaus,18.3,6.0,-1.0
2023-08-02,Kouvola Voikoski,,0.5,-1.0
2023-08-02,Virolahti Koivuniemi,19.1,6.1,-1.0
2023-08-02,Lappeenranta lentoasema,19.4,,
2023-08-02,Lappeenranta Konnunsuo,19.5,,
2023-08-02,Lappeenranta Lepola,19.3,3.0,-1.0
2023-08-02,Ruokolahti Kotaniemi,,4.6,-1.0
2023-08-02,Lappeenranta Hiekkapakka,20.2,,
2023-08-02,Parikkala Koitsanlahti,19.3,12.7,
2023-08-02,Kaskinen Sälgrund,17.9,1.7,
2023-08-02,Merikarvia Tuorila,,1.7,-1.0
2023-08-02,Isojoki Kärjenkoski,,2.0,-1.0
2023-08-02,Teuva Kauppilankylä,,1.2,-1.0
2023-08-02,Pori Tahkoluoto satama,18.2,,
2023-08-02,Kristiinankaupunki Majakka,17.8,,
2023-08-02,Karvia Alkkia,16.7,3.6,-1.0
2023-08-02,Kurikka Hirvijärvi,,1.7,-1.0
2023-08-02,Kauhajoki Kuja-Kokko,17.2,1.4,-1.0
2023-08-02,Kankaanpää Niinisalo lentokenttä,17.0,2.0,-1.0
2023-08-02,Alavus Sulkavankylä,,8.5,-1.0
2023-08-02,Virrat Äijänneva,16.9,,
2023-08-02,Tampere Siilinkari,17.7,,
2023-08-02,Jämsä Halli lentoasema,17.8,1.3,-1.0
2023-08-02,Juupajoki Hyytiälä,16.8,7.2,-1.0
2023-08-02,Sysmä Joutsjärvi,,3.0,-1.0
2023-08-02,Jyväskylä Muuratjärvi,,4.5,-1.0
2023-08-02,Luhanka Judinsalo,18.3,,
2023-08-02,Multia Pirttiperä,,0.7,-1.0
2023-08-02,Joutsa Savenaho,17.3,3.4,-1.0
2023-08-02,Kangasniemi kirkonkylä,,1.9,-1.0
2023-08-02,Joutsa Pärnämäki,,0.8,-1.0
2023-08-02,Juva Partala,19.6,,
2023-08-02,Varkaus Kosulanniemi,20.0,14.3,-1.0
2023-08-02,Savonlinna Laukansaari,,18.9,-1.0
2023-08-02,Sulkava Halttula,,16.0,-1.0
2023-08-02,Savonlinna lentoasema,19.9,,
2023-08-02,Rantasalmi Rukkasluoto,19.7,,
2023-08-02,Savonlinna Punkaharju Laukansaari,19.6,10.3,-1.0
2023-08-02,Enonkoski Simanala,,20.6,-1.0
2023-08-02,Savonlinna Savonranta,,7.7,-1.0
2023-08-02,Rääkkylä kirkonkylä,,8.6,-1.0
2023-08-02,Tohmajärvi Kemie,19.5,2.9,-1.0
2023-08-02,Joensuu Huhtilampi,,2.7,-1.0
2023-08-02,Vaasa lentoasema,17.4,,
2023-08-02,Mustasaari Valassaaret,17.1,,
2023-08-02,Närpiö Ylimarkku,,12.2,-1.0
2023-08-02,Mustasaari Riimala,,2.9,-1.0
2023-08-02,Kurikka Pyörni,,3.3,-1.0
2023-08-02,Korsnäs Bredskäret,17.7,,
2023-08-02,Maalahti Strömmingsbådan,17.6,,
2023-08-02,Vaasa Klemettilä,17.4,3.0,-1.0
2023-08-02,Seinäjoki Pelmaa,17.3,1.8,-1.0
2023-08-02,Kauhava lentokenttä,17.5,2.1,-1.0
2023-08-02,Ähtäri Inha,16.9,3.2,-1.0
2023-08-02,Halsua Purola,17.8,2.5,-1.0
2023-08-02,Alajärvi Möksy,17.3,3.6,-1.0
2023-08-02,Multia Karhila,16.5,3.6,-1.0
2023-08-02,Viitasaari Haapaniemi,18.8,5.6,-1.0
2023-08-02,Äänekoski Kalaniemi,,0.3,-1.0
2023-08-02,Vesanto kirkonkylä,19.2,6.7,-1.0
2023-08-02,Pielavesi Venetmäki,,4.8,-1.0
2023-08-02,Siilinjärvi Kuopio lentoasema,19.6,,
2023-08-02,Kuopio Maaninka,20.0,6.0,-1.0
2023-08-02,Lapinlahti Lamminkäyrä,,5.4,-1.0
2023-08-02,Suonenjoki Iisvesi,,4.2,-1.0
2023-08-02,Kuopio Karttula,,12.2,-1.0
2023-08-02,Kuopio Ritoniemi,19.8,,
2023-08-02,Kuopio Savilahti,20.0,7.1,-1.0
2023-08-02,Heinävesi Palokki,,19.9,-1.0
2023-08-02,Outokumpu Viuruniemi,,19.4,-1.0
2023-08-02,Rautavaara Ala-Luosta,,12.9,-1.0
2023-08-02,Rautavaara Ylä-Luosta,19.4,10.4,-1.0
2023-08-02,Liperi Joensuu lentoasema,20.7,,
2023-08-02,Juuka Niemelä,18.8,11.4,-1.0
2023-08-02,Joensuu Pyhäselkä,,9.2,-1.0
2023-08-02,Lieksa Koli,,8.0,-1.0
2023-08-02,Liperi Tuiskavanluoto,20.5,,
2023-08-02,Joensuu Linnunlahti,21.2,10.3,-1.0
2023-08-02,Lieksa Lampela,20.6,1.2,-1.0
2023-08-02,Ilomantsi Pötsönvaara,20.4,2.1,-1.0
2023-08-02,Ilomantsi Mekrijärvi,21.4,6.7,-1.0
2023-08-02,Pietarsaari Kallan,17.7,,
2023-08-02,Kokkola Tankar,17.7,,
2023-08-02,Kruunupyy Kokkola-Pietarsaari lentoasema,17.8,,
2023-08-02,Kaustinen Tastula,,2.3,-1.0
2023-08-02,Kalajoki Ulkokalla,15.4,,
2023-08-02,Kokkola Santahaka,17.8,4.0,-1.0
2023-08-02,Toholampi Oravala,,5.4,-1.0
2023-08-02,Kalajoki Pitkäsenkylä,,9.4,-1.0
2023-08-02,Kalajoki Mehtäkylä,,5.0,-1.0
2023-08-02,Toholampi Laitala,18.2,5.5,-1.0
2023-08-02,Ylivieska lentokenttä,18.8,2.1,-1.0
2023-08-02,Ylivieska Vähäkangas,,1.1,-1.0
2023-08-02,Haapavesi Mustikkamäki,18.7,11.7,-1.0
2023-08-02,Pyhäjärvi Ojakylä,18.1,6.7,-1.0
2023-08-02,Pyhäjärvi Hiidenniemi,,2.4,-1.0
2023-08-02,Kiuruvesi Korpijoki,,8.4,-1.0
2023-08-02,Siikalatva Kestilä,,10.0,-1.0
2023-08-02,Kajaani lentoasema,19.9,,
2023-08-02,Vieremä Kaarakkala,19.2,5.3,-1.0
2023-08-02,Kajaani Paltaniemi,,1.0,-1.0
2023-08-02,Nurmes Valtimo,19.3,8.3,-1.0
2023-08-02,Ristijärvi Mustavaara,,4.4,-1.0
2023-08-02,Sotkamo Kuolaniemi,18.8,3.4,-1.0
2023-08-02,Nurmes Mujejärvi,,3.6,-1.0
2023-08-02,Kuhmo Apaja,,13.8,-1.0
2023-08-02,Kuhmo Kalliojoki,20.7,2.2,-1.0
2023-08-02,Raahe Nahkiainen,17.8,,
2023-08-02,Hailuoto Keskikylä,18.6,8.4,-1.0
2023-08-02,Kemi I majakka,17.6,,
2023-08-02,Hailuoto Marjaniemi,18.9,,
2023-08-02,Raahe Lapaluoto satama,19.5,,
2023-08-02,Oulu lentoasema,19.6,,
2023-08-02,Siikajoki Ruukki,19.1,5.7,-1.0
2023-08-02,Oulu Vihreäsaari satama,19.8,,
2023-08-02,Oulu Oulunsalo Pellonpää,19.0,7.8,-1.0
2023-08-02,Vaala Pelso,19.9,2.7,-1.0
2023-08-02,Pudasjärvi lentokenttä,21.2,0.3,-1.0
2023-08-02,Utajärvi Särkijärvi,,0.5,-1.0
2023-08-02,Pudasjärvi Jaurakkajärvi,,0.6,-1.0
2023-08-02,Suomussalmi Näljänkä,,3.1,-1.0
2023-08-02,Suomussalmi Pesiö,19.2,7.0,-1.0
2023-08-02,Puolanka Kotila,,4.4,-1.0
2023-08-02,Puolanka Paljakka,18.7,4.3,-1.0
2023-08-02,Kemi Kemi-Tornio lentoasema,18.9,,
2023-08-02,Kemi Ajos,18.5,,
2023-08-02,Tornio Kaakkuri,19.1,18.4,
2023-08-02,Ranua lentokenttä,20.0,1.1,-1.0
2023-08-02,Pudasjärvi Sarakylä,,0.4,-1.0
2023-08-02,Posio Raistakka,,1.4,-1.0
2023-08-02,Taivalkoski Inkee,,3.3,-1.0
2023-08-02,Taivalkoski kirkonkylä,20.9,2.4,-1.0
2023-08-02,Kuusamo lentoasema,19.7,1.9,-1.0
2023-08-02,Kuusamo Kiutaköngäs,19.7,-1.0,-1.0
2023-08-02,Kuusamo Rukatunturi,18.5,,
2023-08-02,Kuusamo Teeriranta,,3.1,-1.0
2023-08-02,Kuusamo Juuma,19.3,,
2023-08-02,Ylitornio Meltosjärvi,18.6,4.9,-1.0
2023-08-02,Kolari Kattilamaa,,1.8,-1.0
2023-08-02,Pello kirkonkylä,18.3,8.1,-1.0
2023-08-02,Rovaniemi rautatieasema,20.0,,
2023-08-02,Sodankylä Tähtelä,19.5,-1.0,-1.0
2023-08-02,Rovaniemi Apukka,19.7,4.6,-1.0
2023-08-02,Pelkosenniemi kirkonkylä,,0.2,-1.0
2023-08-02,Kemijärvi lentokenttä,19.7,0.2,-1.0
2023-08-02,Savukoski kirkonkylä,19.7,2.5,-1.0
2023-08-02,Salla Kelloselkä,,0.1,-1.0
2023-08-02,Pelkosenniemi Pyhätunturi,17.7,,
2023-08-02,Salla kirkonkylä,19.5,-1.0,-1.0
2023-08-02,Salla Naruska,18.9,0.8,-1.0
2023-08-02,Enontekiö Kaaresuvanto,,5.2,-1.0
2023-08-02,Enontekiö lentoasema,16.2,,
2023-08-02,Kittilä Pulju,,7.0,-1.0
2023-08-02,Muonio Laukukero,13.3,,
2023-08-02,Muonio Sammaltunturi,14.7,,
2023-08-02,Kittilä Matorova,16.1,,
2023-08-02,Kittilä lentoasema,18.5,,
2023-08-02,Kittilä Kenttärova,15.9,4.4,-1.0
2023-08-02,Kittilä Pakatti,18.1,3.0,-1.0
2023-08-02,Kittilä Pokka,17.2,0.3,-1.0
2023-08-02,Sodankylä Lokka,19.5,-1.0,-1.0
2023-08-02,Sodankylä Vuotso,18.9,-1.0,-1.0
2023-08-02,Inari Saariselkä matkailukeskus,18.2,-1.0,-1.0
2023-08-02,Inari Saariselkä Kaunispää,18.5,,
2023-08-02,Inari Raja-Jooseppi,19.8,,
2023-08-02,Salla Värriötunturi,19.6,-1.0,-1.0
2023-08-02,Enontekiö Kilpisjärvi kyläkeskus,14.5,6.0,-1.0
2023-08-02,Enontekiö Kilpisjärvi Saana,10.5,,
2023-08-02,Enontekiö Näkkälä,16.1,4.3,-1.0
2023-08-02,Inari Angeli Lintupuoliselkä,16.9,-1.0,-1.0
2023-08-02,Inari Ivalo lentoasema,18.6,,
2023-08-02,Utsjoki Kevo,18.5,-1.0,-1.0
2023-08-02,Utsjoki Nuorgam,18.0,-1.0,-1.0
2023-08-02,Inari Väylä,17.7,,
2023-08-02,Inari kirkonkylä,,-1.0,-1.0
2023-08-02,Inari Kaamanen,18.2,-1.0,-1.0
2023-08-02,Inari Nellim,19.7,-1.0,-1.0
2023-08-02,Inari Kirakkajärvi,19.4,-1.0,-1.0
2023-08-02,Mäntsälä Hirvihaara,17.5,2.7,-1.0
2023-08-02,Lahti Sopenkorpi,17.7,4.5,-1.0
2023-08-02,Siuntio Sjundby,,1.4,-1.0
2023-08-02,Sipoo Itätoukki,18.1,,
2023-08-02,Rauma Pyynpää,18.0,0.8,-1.0
2023-08-02,Muonio Oustajärvi,17.4,3.1,-1.0
2023-08-02,Pyhtää lentokenttä,17.8,3.4,-1.0
2023-08-02,Sotkamo Tuhkakylä,19.4,6.4,-1.0
2023-08-02,Tervola Loue,19.1,,
2023-08-02,Savukoski Tulppio,20.3,-1.0,-1.0
2023-08-02,Mikkeli Pitkäaho,,8.2,-1.0
2023-08-02,Kajaani Petäisenniska,19.5,2.6,-1.0
2023-08-02,Utsjoki Kevo Kevojärvi,18.2,,
2023-08-02,Inari Seitalaassa,16.0,,
2023-08-02,Ilmajoki Seinäjoki lentoasema,17.2,,
2023-08-02,Rovaniemi lentoasema AWOS,18.6,4.5,-1.0
2023-08-02,Jyväskylä lentoasema AWOS,17.8,5.7,-1.0
2023-08-02,Puumala kirkonkylä,19.8,3.2,-1.0
2023-08-02,Helsinki Vuosaari satama,17.5,,
2023-08-02,Maarianhamina Länsisatama,17.9,,
2023-08-02,Lumparland Långnäs satama,18.0,2.2,-1.0
2023-08-02,Kittilä Lompolonvuoma,16.5,2.6,
2023-08-02,Kuusamo Ruka Talvijärvi,20.3,,
2023-08-02,Espoo Nuuksio,16.9,5.2,-1.0
2023-08-02,Mikkeli Lentoasema AWOS,18.4,12.3,-1.0
2023-08-02,Espoo Tapiola,17.5,1.4,-1.0
2023-08-03,Porvoo Kilpilahti satama,17.2,,
2023-08-03,Jomala Maarianhamina lentoasema,17.5,,
2023-08-03,Parainen Utö,17.5,2.7,-1.0
2023-08-03,Lemland Nyhamn,17.3,,
2023-08-03,Jomala Jomalaby,17.4,4.2,-1.0
2023-08-03,Hammarland Märket,17.3,,
2023-08-03,Kökar Bogskär,17.6,,
2023-08-03,Parainen Fagerholm,18.0,2.9,
2023-08-03,Kumlinge kirkonkylä,17.7,,
2023-08-03,Hanko Russarö,17.6,13.4,
2023-08-03,Kaarina Yltöinen,18.0,6.6,-1.0
2023-08-03,Kemiönsaari Vänö,17.8,,
2023-08-03,Hanko Tulliniemi,17.3,,
2023-08-03,Turku Rajakari,18.3,,
2023-08-03,Turku Artukainen,18.0,14.9,-1.0
2023-08-03,Kemiönsaari Kemiö,17.8,6.2,-1.0
2023-08-03,Hanko Tvärminne,17.2,15.6,-1.0
2023-08-03,Salo Kärkkä,17.9,16.2,
2023-08-03,Lohja Leppäkorpi,,7.0,-1.0
2023-08-03,Raasepori Jussarö,17.5,,
2023-08-03,Salo Kiikala lentokenttä,17.0,9.2,-1.0
2023-08-03,Vantaa Helsinki-Vantaan lentoasema,17.9,9.3,-1.0
2023-08-03,Inkoo Bågaskär,17.3,,
2023-08-03,Helsinki Kaisaniemi,17.3,9.7,-1.0
2023-08-03,Lohja Porla,17.4,14.2,-1.0
2023-08-03,Vihti Maasoja,17.6,,
2023-08-03,Helsinki Harmaja,16.8,,
2023-08-03,Kirkkonummi Mäkiluoto,17.1,,
2023-08-03,Helsinki Helsingin majakka,17.5,,
2023-08-03,Helsinki Kumpula,17.5,9.6,-1.0
2023-08-03,Helsinki Malmi lentokenttä,17.7,,
2023-08-03,Porvoo Kalbådagrund,17.4,,
2023-08-03,Porvoo Emäsalo,16.3,,
2023-08-03,Porvoo Harabacka,18.0,17.9,-1.0
2023-08-03,Kotka Rankki,17.8,4.0,-1.0
2023-08-03,Loviisa Orrengrund,17.6,,
2023-08-03,Kotka Haapasaari,18.5,,
2023-08-03,Pori lentoasema,17.4,,
2023-08-03,Uusikaupunki Itätulli,,5.2,-1.0
2023-08-03,Kustavi Isokari,17.5,19.1,
2023-08-03,Rauma Kylmäpihlaja,17.7,,
2023-08-03,Pori rautatieasema,17.6,9.1,-1.0
2023-08-03,Turku lentoasema,17.5,,
2023-08-03,Kokemäki Rausenkulma,,11.6,-1.0
2023-08-03,Huittinen Sallila,,6.0,-1.0
2023-08-03,Oripää Teinikivi,,6.2,-1.0
2023-08-03,Pöytyä Yläne,,6.9,-1.0
2023-08-03,Kokemäki Tulkkila,17.4,5.6,-1.0
2023-08-03,Jokioinen Ilmala,17.0,4.5,-1.0
2023-08-03,Nokia Tottijärvi,,10.4,-1.0
2023-08-03,Pirkkala Tampere-Pirkkala lentoasema,17.8,,
2023-08-03,Tampere Härmälä,18.2,4.1,-1.0
2023-08-03,Somero Salkola,16.3,3.6,-1.0
2023-08-03,Hyvinkää Hyvinkäänkylä,17.8,8.4,-1.0
2023-08-03,Vihti Hiiskula,,8.8,-1.0
2023-08-03,Hämeenlinna Pirttikoski,,7.4,-1.0
2023-08-03,Nurmijärvi Röykkä,17.4,7.2,-1.0
2023-08-03,Hämeenlinna Katinen,18.2,8.9,
2023-08-03,Hattula Lepaa,18.0,8.0,-1.0
2023-08-03,Hämeenlinna Lammi Pappila,17.8,25.3,-1.0
2023-08-03,Asikkala Pulkkilanharju,18.3,,
2023-08-03,Kouvola Utti lentoasema,18.6,4.8,-1.0
2023-08-03,Kouvola Anjala,18.5,14.3,-1.0
2023-08-03,Heinola Asemantaus,18.9,7.2,-1.0
2023-08-03,Kouvola Voikoski,,3.4,-1.0
2023-08-03,Virolahti Koivuniemi,18.8,1.4,-1.0
2023-08-03,Lappeenranta lentoasema,19.4,,
2023-08-03,Lappeenranta Konnunsuo,19.4,,
2023-08-03,Lappeenranta Lepola,19.3,0.2,-1.0
2023-08-03,Ruokolahti Kotaniemi,,2.4,-1.0
2023-08-03,Lappeenranta Hiekkapakka,19.3,,
2023-08-03,Parikkala Koitsanlahti,18.5,3.3,
2023-08-03,Kaskinen Sälgrund,18.0,3.5,
2023-08-03,Merikarvia Tuorila,,15.6,-1.0
2023-08-03,Isojoki Kärjenkoski,,6.7,-1.0
2023-08-03,Teuva Kauppilankylä,,7.9,-1.0
2023-08-03,Pori Tahkoluoto satama,17.7,,
2023-08-03,Kristiinankaupunki Majakka,17.3,,
2023-08-03,Karvia Alkkia,16.3,9.6,-1.0
2023-08-03,Kurikka Hirvijärvi,,4.3,-1.0
2023-08-03,Kauhajoki Kuja-Kokko,16.8,9.4,-1.0
2023-08-03,Kankaanpää Niinisalo lentokenttä,16.8,14.7,-1.0
2023-08-03,Alavus Sulkavankylä,,10.5,-1.0
2023-08-03,Virrat Äijänneva,17.8,,
2023-08-03,Tampere Siilinkari,18.0,,
2023-08-03,Jämsä Halli lentoasema,18.9,4.7,-1.0
2023-08-03,Juupajoki Hyytiälä,17.8,9.8,-1.0
2023-08-03,Sysmä Joutsjärvi,,7.8,-1.0
2023-08-03,Jyväskylä Muuratjärvi,,10.8,-1.0
2023-08-03,Luhanka Judinsalo,19.0,,
2023-08-03,Multia Pirttiperä,,8.5,-1.0
2023-08-03,Joutsa Savenaho,17.9,27.2,-1.0
2023-08-03,Kangasniemi kirkonkylä,,1.8,-1.0
2023-08-03,Joutsa Pärnämäki,,8.4,-1.0
2023-08-03,Juva Partala,19.0,,
2023-08-03,Varkaus Kosulanniemi,19.3,-1.0,-1.0
2023-08-03,Savonlinna Laukansaari,,8.8,-1.0
2023-08-03,Sulkava Halttula,,3.8,-1.0
2023-08-03,Savonlinna lentoasema,18.7,,
2023-08-03,Rantasalmi Rukkasluoto,18.9,,
2023-08-03,Savonlinna Punkaharju Laukansaari,18.8,3.7,-1.0
2023-08-03,Enonkoski Simanala,,27.4,-1.0
2023-08-03,Savonlinna Savonranta,,0.5,-1.0
2023-08-03,Rääkkylä kirkonkylä,,1.5,-1.0
2023-08-03,Tohmajärvi Kemie,18.5,4.4,-1.0
2023-08-03,Joensuu Huhtilampi,,2.1,-1.0
2023-08-03,Vaasa lentoasema,17.3,,
2023-08-03,Mustasaari Valassaaret,17.4,,
2023-08-03,Närpiö Ylimarkku,,14.2,-1.0
2023-08-03,Mustasaari Riimala,,11.7,-1.0
2023-08-03,Kurikka Pyörni,,7.6,-1.0
2023-08-03,Korsnäs Bredskäret,17.1,,
2023-08-03,Maalahti Strömmingsbådan,17.2,,
2023-08-03,Vaasa Klemettilä,17.0,13.6,-1.0
2023-08-03,Seinäjoki Pelmaa,17.7,21.2,-1.0
2023-08-03,Kauhava lentokenttä,18.1,3.0,-1.0
2023-08-03,Ähtäri Inha,18.0,9.7,-1.0
2023-08-03,Halsua Purola,17.8,7.2,-1.0
2023-08-03,Alajärvi Möksy,17.7,7.9,-1.0
2023-08-03,Multia Karhila,17.7,6.1,-1.0
2023-08-03,Viitasaari Haapaniemi,19.3,10.7,-1.0
2023-08-03,Äänekoski Kalaniemi,,19.9,-1.0
2023-08-03,Vesanto kirkonkylä,18.8,6.2,-1.0
2023-08-03,Pielavesi Venetmäki,,4.5,-1.0
2023-08-03,Siilinjärvi Kuopio lentoasema,18.8,,
2023-08-03,Kuopio Maaninka,19.4,1.1,-1.0
2023-08-03,Lapinlahti Lamminkäyrä,,0.5,-1.0
2023-08-03,Suonenjoki Iisvesi,,4.9,-1.0
2023-08-03,Kuopio Karttula,,3.6,-1.0
2023-08-03,Kuopio Ritoniemi,18.8,,
2023-08-03,Kuopio Savilahti,19.4,1.0,-1.0
2023-08-03,Heinävesi Palokki,,0.3,-1.0
2023-08-03,Outokumpu Viuruniemi,,24.5,-1.0
2023-08-03,Rautavaara Ala-Luosta,,10.0,-1.0
2023-08-03,Rautavaara Ylä-Luosta,18.1,10.9,-1.0
2023-08-03,Liperi Joensuu lentoasema,19.0,,
2023-08-03,Juuka Niemelä,18.5,16.7,-1.0
2023-08-03,Joensuu Pyhäselkä,,1.2,-1.0
2023-08-03,Lieksa Koli,,5.8,-1.0
2023-08-03,Liperi Tuiskavanluoto,19.2,,
2023-08-03,Joensuu Linnunlahti,19.4,5.7,-1.0
2023-08-03,Lieksa Lampela,19.2,9.0,-1.0
2023-08-03,Ilomantsi Pötsönvaara,18.5,18.3,-1.0
2023-08-03,Ilomantsi Mekrijärvi,18.9,7.6,-1.0
2023-08-03,Pietarsaari Kallan,16.9,,
2023-08-03,Kokkola Tankar,17.4,,
2023-08-03,Kruunupyy Kokkola-Pietarsaari lentoasema,18.5,,
2023-08-03,Kaustinen Tastula,,8.4,-1.0
2023-08-03,Kalajoki Ulkokalla,16.9,,
2023-08-03,Kokkola Santahaka,18.1,5.3,-1.0
2023-08-03,Toholampi Oravala,,7.5,-1.0
2023-08-03,Kalajoki Pitkäsenkylä,,2.8,-1.0
2023-08-03,Kalajoki Mehtäkylä,,8.4,-1.0
2023-08-03,Toholampi Laitala,17.7,7.6,-1.0
2023-08-03,Ylivieska lentokenttä,19.1,20.1,-1.0
2023-08-03,Ylivieska Vähäkangas,,11.4,-1.0
2023-08-03,Haapavesi Mustikkamäki,18.9,3.0,-1.0
2023-08-03,Pyhäjärvi Ojakylä,18.5,9.0,-1.0
2023-08-03,Pyhäjärvi Hiidenniemi,,6.4,-1.0
2023-08-03,Kiuruvesi Korpijoki,,6.6,-1.0
2023-08-03,Siikalatva Kestilä,,4.5,-1.0
2023-08-03,Kajaani lentoasema,18.8,,
2023-08-03,Vieremä Kaarakkala,18.1,3.6,-1.0
2023-08-03,Kajaani Paltaniemi,,7.7,-1.0
2023-08-03,Nurmes Valtimo,18.5,13.2,-1.0
2023-08-03,Ristijärvi Mustavaara,,52.2,-1.0
2023-08-03,Sotkamo Kuolaniemi,18.1,34.1,-1.0
2023-08-03,Nurmes Mujejärvi,,15.1,-1.0
2023-08-03,Kuhmo Apaja,,11.6,-1.0
2023-08-03,Kuhmo Kalliojoki,18.8,10.2,-1.0
2023-08-03,Raahe Nahkiainen,18.2,,
2023-08-03,Hailuoto Keskikylä,19.3,-1.0,-1.0
2023-08-03,Kemi I majakka,17.7,,
2023-08-03,Hailuoto Marjaniemi,18.9,,
2023-08-03,Raahe Lapaluoto satama,19.7,,
2023-08-03,Oulu lentoasema,20.0,,
2023-08-03,Siikajoki Ruukki,18.8,0.8,-1.0
2023-08-03,Oulu Vihreäsaari satama,19.6,,
2023-08-03,Oulu Oulunsalo Pellonpää,19.6,0.4,-1.0
2023-08-03,Vaala Pelso,18.8,7.5,-1.0
2023-08-03,Pudasjärvi lentokenttä,19.7,3.1,-1.0
2023-08-03,Utajärvi Särkijärvi,,9.0,-1.0
2023-08-03,Pudasjärvi Jaurakkajärvi,,8.6,-1.0
2023-08-03,Suomussalmi Näljänkä,,32.5,-1.0
2023-08-03,Suomussalmi Pesiö,17.5,18.3,-1.0
2023-08-03,Puolanka Kotila,,20.2,-1.0
2023-08-03,Puolanka Paljakka,17.4,16.8,-1.0
2023-08-03,Kemi Kemi-Tornio lentoasema,19.1,,
2023-08-03,Kemi Ajos,19.3,,
2023-08-03,Tornio Kaakkuri,19.1,0.2,
2023-08-03,Ranua lentokenttä,18.6,3.5,-1.0
2023-08-03,Pudasjärvi Sarakylä,,7.1,-1.0
2023-08-03,Posio Raistakka,,31.7,-1.0
2023-08-03,Taivalkoski Inkee,,24.7,-1.0
2023-08-03,Taivalkoski kirkonkylä,18.4,17.2,-1.0
2023-08-03,Kuusamo lentoasema,18.3,25.7,-1.0
2023-08-03,Kuusamo Kiutaköngäs,18.8,28.5,-1.0
2023-08-03,Kuusamo Rukatunturi,16.4,,
2023-08-03,Kuusamo Teeriranta,,35.5,-1.0
2023-08-03,Kuusamo Juuma,17.9,,
2023-08-03,Ylitornio Meltosjärvi,18.3,14.3,-1.0
2023-08-03,Kolari Kattilamaa,,5.5,-1.0
2023-08-03,Pello kirkonkylä,18.6,0.3,-1.0
2023-08-03,Rovaniemi rautatieasema,19.6,,
2023-08-03,Sodankylä Tähtelä,19.2,13.0,-1.0
2023-08-03,Rovaniemi Apukka,19.4,0.5,-1.0
2023-08-03,Pelkosenniemi kirkonkylä,,9.8,-1.0
2023-08-03,Kemijärvi lentokenttä,19.3,2.2,-1.0
2023-08-03,Savukoski kirkonkylä,18.2,20.7,-1.0
2023-08-03,Salla Kelloselkä,,16.7,-1.0
2023-08-03,Pelkosenniemi Pyhätunturi,16.5,,
2023-08-03,Salla kirkonkylä,19.0,16.8,-1.0
2023-08-03,Salla Naruska,18.3,33.1,-1.0
2023-08-03,Enontekiö Kaaresuvanto,,4.0,-1.0
2023-08-03,Enontekiö lentoasema,18.1,,
2023-08-03,Kittilä Pulju,,4.2,-1.0
2023-08-03,Muonio Laukukero,14.3,,
2023-08-03,Muonio Sammaltunturi,15.9,,
2023-08-03,Kittilä Matorova,17.6,,
2023-08-03,Kittilä lentoasema,18.5,,
2023-08-03,Kittilä Kenttärova,17.5,3.4,-1.0
2023-08-03,Kittilä Pakatti,18.5,7.8,-1.0
2023-08-03,Kittilä Pokka,18.4,11.2,-1.0
2023-08-03,Sodankylä Lokka,18.0,17.3,-1.0
2023-08-03,Sodankylä Vuotso,18.8,4.4,-1.0
2023-08-03,Inari Saariselkä matkailukeskus,18.3,14.0,
2023-08-03,Inari Saariselkä Kaunispää,17.4,,
2023-08-03,Inari Raja-Jooseppi,18.8,,
2023-08-03,Salla Värriötunturi,18.6,6.5,-1.0
2023-08-03,Enontekiö Kilpisjärvi kyläkeskus,16.4,-1.0,-1.0
2023-08-03,Enontekiö Kilpisjärvi Saana,12.1,,
2023-08-03,Enontekiö Näkkälä,17.3,0.2,-1.0
2023-08-03,Inari Angeli Lintupuoliselkä,18.5,2.0,-1.0
2023-08-03,Inari Ivalo lentoasema,19.3,,
2023-08-03,Utsjoki Kevo,20.2,7.3,-1.0
2023-08-03,Utsjoki Nuorgam,20.5,0.2,-1.0
2023-08-03,Inari Väylä,18.1,,
2023-08-03,Inari kirkonkylä,,7.7,-1.0
2023-08-03,Inari Kaamanen,18.5,10.3,-1.0
2023-08-03,Inari Nellim,19.8,3.2,-1.0
2023-08-03,Inari Kirakkajärvi,21.1,1.1,-1.0
2023-08-03,Mäntsälä Hirvihaara,18.0,19.3,-1.0
2023-08-03,Lahti Sopenkorpi,18.5,6.8,-1.0
2023-08-03,Siuntio Sjundby,,8.6,-1.0
2023-08-03,Sipoo Itätoukki,17.5,,
2023-08-03,Rauma Pyynpää,17.5,1.9,-1.0
2023-08-03,Muonio Oustajärvi,18.0,3.0,-1.0
2023-08-03,Pyhtää lentokenttä,18.1,12.5,-1.0
2023-08-03,Sotkamo Tuhkakylä,18.2,17.6,-1.0
2023-08-03,Tervola Loue,18.6,,
2023-08-03,Savukoski Tulppio,19.8,6.4,-1.0
2023-08-03,Mikkeli Pitkäaho,,4.3,-1.0
2023-08-03,Kajaani Petäisenniska,18.8,7.3,-1.0
2023-08-03,Utsjoki Kevo Kevojärvi,19.7,,
2023-08-03,Inari Seitalaassa,17.5,,
2023-08-03,Ilmajoki Seinäjoki lentoasema,17.1,,
2023-08-03,Rovaniemi lentoasema AWOS,18.3,0.4,-1.0
2023-08-03,Jyväskylä lentoasema AWOS,18.6,8.9,-1.0
2023-08-03,Puumala kirkonkylä,19.1,0.6,-1.0
2023-08-03,Helsinki Vuosaari satama,16.9,,
2023-08-03,Maarianhamina Länsisatama,17.6,,
2023-08-03,Lumparland Långnäs satama,17.6,1.6,-1.0
2023-08-03,Kittilä Lompolonvuoma,17.8,4.4,
2023-08-03,Kuusamo Ruka Talvijärvi,18.3,,
2023-08-03,Espoo Nuuksio,17.5,7.8,-1.0
2023-08-03,Mikkeli Lentoasema AWOS,18.7,2.1,-1.0
2023-08-03,Espoo Tapiola,17.4,8.1,-1.0
2023-08-04,Porvoo Kilpilahti satama,16.9,,
2023-08-04,Jomala Maarianhamina lentoasema,18.0,,
2023-08-04,Parainen Utö,17.9,0.4,-1.0
2023-08-04,Lemland Nyhamn,17.5,,
2023-08-04,Jomala Jomalaby,17.5,2.3,-1.0
2023-08-04,Hammarland Märket,17.1,,
2023-08-04,Kökar Bogskär,17.2,,
2023-08-04,Parainen Fagerholm,18.0,3.5,
2023-08-04,Kumlinge kirkonkylä,18.1,,
2023-08-04,Hanko Russarö,17.6,1.8,
2023-08-04,Kaarina Yltöinen,18.3,2.6,-1.0
2023-08-04,Kemiönsaari Vänö,17.8,,
2023-08-04,Hanko Tulliniemi,17.2,,
2023-08-04,Turku Rajakari,18.4,,
2023-08-04,Turku Artukainen,18.6,7.7,-1.0
2023-08-04,Kemiönsaari Kemiö,17.7,6.4,-1.0
2023-08-04,Hanko Tvärminne,17.3,7.0,-1.0
2023-08-04,Salo Kärkkä,18.1,6.8,
2023-08-04,Lohja Leppäkorpi,,9.4,-1.0
2023-08-04,Raasepori Jussarö,17.2,,
2023-08-04,Salo Kiikala lentokenttä,16.7,10.4,-1.0
2023-08-04,Vantaa Helsinki-Vantaan lentoasema,17.8,7.1,-1.0
2023-08-04,Inkoo Bågaskär,17.5,,
2023-08-04,Helsinki Kaisaniemi,17.8,2.2,-1.0
2023-08-04,Lohja Porla,17.1,1.3,-1.0
2023-08-04,Vihti Maasoja,17.5,,
2023-08-04,Helsinki Harmaja,17.1,,
2023-08-04,Kirkkonummi Mäkiluoto,18.0,,
2023-08-04,Helsinki Helsingin majakka,17.8,,
2023-08-04,Helsinki Kumpula,17.7,2.5,-1.0
2023-08-04,Helsinki Malmi lentokenttä,17.8,,
2023-08-04,Porvoo Kalbådagrund,17.9,,
2023-08-04,Porvoo Emäsalo,16.9,,
2023-08-04,Porvoo Harabacka,17.7,8.2,-1.0
2023-08-04,Kotka Rankki,18.3,2.4,-1.0
2023-08-04,Loviisa Orrengrund,17.5,,
2023-08-04,Kotka Haapasaari,18.4,,
2023-08-04,Pori lentoasema,17.8,,
2023-08-04,Uusikaupunki Itätulli,,3.2,-1.0
2023-08-04,Kustavi Isokari,18.4,0.2,
2023-08-04,Rauma Kylmäpihlaja,17.9,,
2023-08-04,Pori rautatieasema,18.0,6.0,-1.0
2023-08-04,Turku lentoasema,18.0,,
2023-08-04,Kokemäki Rausenkulma,,12.7,-1.0
2023-08-04,Huittinen Sallila,,5.0,-1.0
2023-08-04,Oripää Teinikivi,,5.5,-1.0
2023-08-04,Pöytyä Yläne,,4.7,-1.0
2023-08-04,Kokemäki Tulkkila,17.7,23.9,-1.0
2023-08-04,Jokioinen Ilmala,16.9,22.2,-1.0
2023-08-04,Nokia Tottijärvi,,15.3,-1.0
2023-08-04,Pirkkala Tampere-Pirkkala lentoasema,17.4,,
2023-08-04,Tampere Härmälä,17.6,6.7,-1.0
2023-08-04,Somero Salkola,16.5,10.7,-1.0
2023-08-04,Hyvinkää Hyvinkäänkylä,17.3,3.1,-1.0
2023-08-04,Vihti Hiiskula,,2.2,-1.0
2023-08-04,Hämeenlinna Pirttikoski,,7.8,-1.0
2023-08-04,Nurmijärvi Röykkä,16.8,3.0,-1.0
2023-08-04,Hämeenlinna Katinen,17.5,4.3,
2023-08-04,Hattula Lepaa,17.4,6.2,-1.0
2023-08-04,Hämeenlinna Lammi Pappila,17.2,9.5,-1.0
2023-08-04,Asikkala Pulkkilanharju,17.1,,
2023-08-04,Kouvola Utti lentoasema,17.6,0.3,-1.0
2023-08-04,Kouvola Anjala,17.9,0.7,-1.0
2023-08-04,Heinola Asemantaus,17.7,2.3,-1.0
2023-08-04,Kouvola Voikoski,,12.1,-1.0
2023-08-04,Virolahti Koivuniemi,18.1,2.4,-1.0
2023-08-04,Lappeenranta lentoasema,18.3,,
2023-08-04,Lappeenranta Konnunsuo,18.8,,
2023-08-04,Lappeenranta Lepola,18.3,5.5,-1.0
2023-08-04,Ruokolahti Kotaniemi,,1.5,-1.0
2023-08-04,Lappeenranta Hiekkapakka,18.5,,
2023-08-04,Parikkala Koitsanlahti,18.5,3.0,
2023-08-04,Kaskinen Sälgrund,18.0,2.4,
2023-08-04,Merikarvia Tuorila,,13.0,-1.0
2023-08-04,Isojoki Kärjenkoski,,24.4,-1.0
2023-08-04,Teuva Kauppilankylä,,2.9,-1.0
2023-08-04,Pori Tahkoluoto satama,18.2,,
2023-08-04,Kristiinankaupunki Majakka,17.3,,
2023-08-04,Karvia Alkkia,16.4,10.7,-1.0
2023-08-04,Kurikka Hirvijärvi,,1.3,-1.0
2023-08-04,Kauhajoki Kuja-Kokko,16.6,7.0,-1.0
2023-08-04,Kankaanpää Niinisalo lentokenttä,17.0,20.1,-1.0
2023-08-04,Alavus Sulkavankylä,,4.5,-1.0
2023-08-04,Virrat Äijänneva,16.7,,
2023-08-04,Tampere Siilinkari,17.7,,
2023-08-04,Jämsä Halli lentoasema,17.2,4.6,-1.0
2023-08-04,Juupajoki Hyytiälä,16.7,10.6,-1.0
2023-08-04,Sysmä Joutsjärvi,,10.5,-1.0
2023-08-04,Jyväskylä Muuratjärvi,,6.1,-1.0
2023-08-04,Luhanka Judinsalo,17.5,,
2023-08-04,Multia Pirttiperä,,5.0,-1.0
2023-08-04,Joutsa Savenaho,16.7,10.4,-1.0
2023-08-04,Kangasniemi kirkonkylä,,0.1,-1.0
2023-08-04,Joutsa Pärnämäki,,2.3,-1.0
2023-08-04,Juva Partala,18.6,,
2023-08-04,Varkaus Kosulanniemi,19.1,2.3,-1.0
2023-08-04,Savonlinna Laukansaari,,1.2,-1.0
2023-08-04,Sulkava Halttula,,2.1,-1.0
2023-08-04,Savonlinna lentoasema,18.9,,
2023-08-04,Rantasalmi Rukkasluoto,19.1,,
2023-08-04,Savonlinna Punkaharju Laukansaari,19.2,0.3,-1.0
2023-08-04,Enonkoski Simanala,,4.2,-1.0
2023-08-04,Savonlinna Savonranta,,2.9,-1.0
2023-08-04,Rääkkylä kirkonkylä,,1.0,-1.0
2023-08-04,Tohmajärvi Kemie,18.5,20.5,-1.0
2023-08-04,Joensuu Huhtilampi,,20.9,-1.0
2023-08-04,Vaasa lentoasema,17.1,,
2023-08-04,Mustasaari Valassaaret,16.7,,
2023-08-04,Närpiö Ylimarkku,,4.1,-1.0
2023-08-04,Mustasaari Riimala,,4.9,-1.0
2023-08-04,Kurikka Pyörni,,4.3,-1.0
2023-08-04,Korsnäs Bredskäret,17.2,,
2023-08-04,Maalahti Strömmingsbådan,17.6,,
2023-08-04,Vaasa Klemettilä,17.4,8.4,-1.0
2023-08-04,Seinäjoki Pelmaa,17.4,15.1,-1.0
2023-08-04,Kauhava lentokenttä,17.5,0.4,-1.0
2023-08-04,Ähtäri Inha,16.7,1.6,-1.0
2023-08-04,Halsua Purola,16.6,9.5,-1.0
2023-08-04,Alajärvi Möksy,17.0,4.8,-1.0
2023-08-04,Multia Karhila,16.6,1.9,-1.0
2023-08-04,Viitasaari Haapaniemi,17.4,6.5,-1.0
2023-08-04,Äänekoski Kalaniemi,,27.1,-1.0
2023-08-04,Vesanto kirkonkylä,17.8,4.3,-1.0
2023-08-04,Pielavesi Venetmäki,,11.4,-1.0
2023-08-04,Siilinjärvi Kuopio lentoasema,18.9,,
2023-08-04,Kuopio Maaninka,18.7,6.0,-1.0
2023-08-04,Lapinlahti Lamminkäyrä,,6.8,-1.0
2023-08-04,Suonenjoki Iisvesi,,0.0,-1.0
2023-08-04,Kuopio Karttula,,11.0,-1.0
2023-08-04,Kuopio Ritoniemi,19.0,,
2023-08-04,Kuopio Savilahti,19.2,1.0,-1.0
2023-08-04,Heinävesi Palokki,,3.5,-1.0
2023-08-04,Outokumpu Viuruniemi,,0.1,-1.0
2023-08-04,Rautavaara Ala-Luosta,,1.2,-1.0
2023-08-04,Rautavaara Ylä-Luosta,17.9,0.2,-1.0
2023-08-04,Liperi Joensuu lentoasema,19.1,,
2023-08-04,Juuka Niemelä,18.2,3.1,-1.0
2023-08-04,Joensuu Pyhäselkä,,2.1,-1.0
2023-08-04,Lieksa Koli,,0.6,-1.0
2023-08-04,Liperi Tuiskavanluoto,19.3,,
2023-08-04,Joensuu Linnunlahti,19.5,2.7,-1.0
2023-08-04,Lieksa Lampela,19.1,2.3,-1.0
2023-08-04,Ilomantsi Pötsönvaara,17.2,21.8,-1.0
2023-08-04,Ilomantsi Mekrijärvi,17.9,5.9,-1.0
2023-08-04,Pietarsaari Kallan,16.1,,
2023-08-04,Kokkola Tankar,16.0,,
2023-08-04,Kruunupyy Kokkola-Pietarsaari lentoasema,16.9,,
2023-08-04,Kaustinen Tastula,,7.9,-1.0
2023-08-04,Kalajoki Ulkokalla,15.8,,
2023-08-04,Kokkola Santahaka,16.2,2.2,-1.0
2023-08-04,Toholampi Oravala,,27.0,-1.0
2023-08-04,Kalajoki Pitkäsenkylä,,2.2,-1.0
2023-08-04,Kalajoki Mehtäkylä,,7.8,-1.0
2023-08-04,Toholampi Laitala,17.4,3.1,-1.0
2023-08-04,Ylivieska lentokenttä,16.9,1.7,-1.0
2023-08-04,Ylivieska Vähäkangas,,7.8,-1.0
2023-08-04,Haapavesi Mustikkamäki,16.9,0.2,-1.0
2023-08-04,Pyhäjärvi Ojakylä,17.6,1.1,-1.0
2023-08-04,Pyhäjärvi Hiidenniemi,,13.5,-1.0
2023-08-04,Kiuruvesi Korpijoki,,2.1,-1.0
2023-08-04,Siikalatva Kestilä,,1.4,-1.0
2023-08-04,Kajaani lentoasema,18.3,,
2023-08-04,Vieremä Kaarakkala,17.2,1.6,-1.0
2023-08-04,Kajaani Paltaniemi,,0.2,-1.0
2023-08-04,Nurmes Valtimo,18.6,0.6,-1.0
2023-08-04,Ristijärvi Mustavaara,,0.2,-1.0
2023-08-04,Sotkamo Kuolaniemi,17.8,2.6,-1.0
2023-08-04,Nurmes Mujejärvi,,6.3,-1.0
2023-08-04,Kuhmo Apaja,,13.2,-1.0
2023-08-04,Kuhmo Kalliojoki,17.6,5.3,-1.0
2023-08-04,Raahe Nahkiainen,16.3,,
2023-08-04,Hailuoto Keskikylä,17.0,52.7,-1.0
2023-08-04,Kemi I majakka,17.1,,
2023-08-04,Hailuoto Marjaniemi,17.2,,
2023-08-04,Raahe Lapaluoto satama,16.3,,
2023-08-04,Oulu lentoasema,17.3,,
2023-08-04,Siikajoki Ruukki,16.9,7.0,-1.0
2023-08-04,Oulu Vihreäsaari satama,17.6,,
2023-08-04,Oulu Oulunsalo Pellonpää,17.1,7.1,-1.0
2023-08-04,Vaala Pelso,17.8,11.7,-1.0
2023-08-04,Pudasjärvi lentokenttä,18.1,0.1,-1.0
2023-08-04,Utajärvi Särkijärvi,,0.5,-1.0
2023-08-04,Pudasjärvi Jaurakkajärvi,,0.2,-1.0
2023-08-04,Suomussalmi Näljänkä,,0.1,-1.0
2023-08-04,Suomussalmi Pesiö,17.4,0.2,-1.0
2023-08-04,Puolanka Kotila,,0.2,-1.0
2023-08-04,Puolanka Paljakka,16.7,0.1,-1.0
2023-08-04,Kemi Kemi-Tornio lentoasema,17.2,,
2023-08-04,Kemi Ajos,17.8,,
2023-08-04,Tornio Kaakkuri,17.2,5.2,
2023-08-04,Ranua lentokenttä,17.6,5.8,-1.0
2023-08-04,Pudasjärvi Sarakylä,,1.0,-1.0
2023-08-04,Posio Raistakka,,1.8,-1.0
2023-08-04,Taivalkoski Inkee,,0.0,-1.0
2023-08-04,Taivalkoski kirkonkylä,18.6,-1.0,-1.0
2023-08-04,Kuusamo lentoasema,17.9,1.7,-1.0
2023-08-04,Kuusamo Kiutaköngäs,17.5,5.4,-1.0
2023-08-04,Kuusamo Rukatunturi,15.9,,
2023-08-04,Kuusamo Teeriranta,,3.2,-1.0
2023-08-04,Kuusamo Juuma,16.9,,
2023-08-04,Ylitornio Meltosjärvi,16.4,13.3,-1.0
2023-08-04,Kolari Kattilamaa,,6.9,-1.0
2023-08-04,Pello kirkonkylä,16.3,8.9,-1.0
2023-08-04,Rovaniemi rautatieasema,18.2,,
2023-08-04,Sodankylä Tähtelä,17.4,6.6,-1.0
2023-08-04,Rovaniemi Apukka,17.6,19.2,-1.0
2023-08-04,Pelkosenniemi kirkonkylä,,1.0,-1.0
2023-08-04,Kemijärvi lentokenttä,18.3,4.8,-1.0
2023-08-04,Savukoski kirkonkylä,17.5,0.5,-1.0
2023-08-04,Salla Kelloselkä,,1.5,-1.0
2023-08-04,Pelkosenniemi Pyhätunturi,15.5,,
2023-08-04,Salla kirkonkylä,17.5,2.9,-1.0
2023-08-04,Salla Naruska,17.0,3.2,-1.0
2023-08-04,Enontekiö Kaaresuvanto,,0.4,-1.0
2023-08-04,Enontekiö lentoasema,16.1,,
2023-08-04,Kittilä Pulju,,14.4,-1.0
2023-08-04,Muonio Laukukero,13.7,,
2023-08-04,Muonio Sammaltunturi,15.0,,
2023-08-04,Kittilä Matorova,16.1,,
2023-08-04,Kittilä lentoasema,16.6,,
2023-08-04,Kittilä Kenttärova,15.8,17.9,-1.0
2023-08-04,Kittilä Pakatti,16.7,42.3,-1.0
2023-08-04,Kittilä Pokka,16.2,11.7,-1.0
2023-08-04,Sodankylä Lokka,16.8,5.5,-1.0
2023-08-04,Sodankylä Vuotso,16.3,10.2,-1.0
2023-08-04,Inari Saariselkä matkailukeskus,16.5,6.0,-1.0
2023-08-04,Inari Saariselkä Kaunispää,15.9,,
2023-08-04,Inari Raja-Jooseppi,17.0,,
2023-08-04,Salla Värriötunturi,16.3,7.7,-1.0
2023-08-04,Enontekiö Kilpisjärvi kyläkeskus,15.3,-1.0,-1.0
2023-08-04,Enontekiö Kilpisjärvi Saana,11.6,,
2023-08-04,Enontekiö Näkkälä,15.9,2.2,-1.0
2023-08-04,Inari Angeli Lintupuoliselkä,16.3,12.2,-1.0
2023-08-04,Inari Ivalo lentoasema,17.2,,
2023-08-04,Utsjoki Kevo,17.5,17.0,-1.0
2023-08-04,Utsjoki Nuorgam,18.2,47.0,-1.0
2023-08-04,Inari Väylä,17.0,,
2023-08-04,Inari kirkonkylä,,5.8,-1.0
2023-08-04,Inari Kaamanen,16.9,8.1,-1.0
2023-08-04,Inari Nellim,18.2,2.3,-1.0
2023-08-04,Inari Kirakkajärvi,18.7,7.7,-1.0
2023-08-04,Mäntsälä Hirvihaara,17.1,11.5,-1.0
2023-08-04,Lahti Sopenkorpi,16.9,5.9,-1.0
2023-08-04,Siuntio Sjundby,,4.9,-1.0
2023-08-04,Sipoo Itätoukki,17.6,,
2023-08-04,Rauma Pyynpää,18.0,5.9,-1.0
2023-08-04,Muonio Oustajärvi,16.7,5.1,-1.0
2023-08-04,Pyhtää lentokenttä,17.9,2.4,-1.0
2023-08-04,Sotkamo Tuhkakylä,17.6,1.4,-1.0
2023-08-04,Tervola Loue,17.5,,
2023-08-04,Savukoski Tulppio,17.1,4.1,-1.0
2023-08-04,Mikkeli Pitkäaho,,5.4,-1.0
2023-08-04,Kajaani Petäisenniska,18.2,-1.0,-1.0
2023-08-04,Utsjoki Kevo Kevojärvi,17.5,,
2023-08-04,Inari Seitalaassa,15.9,,
2023-08-04,Ilmajoki Seinäjoki lentoasema,17.2,,
2023-08-04,Rovaniemi lentoasema AWOS,17.1,12.0,-1.0
2023-08-04,Jyväskylä lentoasema AWOS,17.4,3.1,-1.0
2023-08-04,Puumala kirkonkylä,18.5,1.3,-1.0
2023-08-04,Helsinki Vuosaari satama,16.9,,
2023-08-04,Maarianhamina Länsisatama,18.0,,
2023-08-04,Lumparland Långnäs satama,18.0,16.7,-1.0
2023-08-04,Kittilä Lompolonvuoma,16.0,12.4,
2023-08-04,Kuusamo Ruka Talvijärvi,17.7,,
2023-08-04,Espoo Nuuksio,16.6,2.7,-1.0
2023-08-04,Mikkeli Lentoasema AWOS,18.1,4.3,-1.0
2023-08-04,Espoo Tapiola,17.5,3.1,-1.0
2023-08-05,Porvoo Kilpilahti satama,18.2,,
2023-08-05,Jomala Maarianhamina lentoasema,17.2,,
2023-08-05,Parainen Utö,18.4,0.0,-1.0
2023-08-05,Lemland Nyhamn,17.1,,
2023-08-05,Jomala Jomalaby,17.2,-1.0,-1.0
2023-08-05,Hammarland Märket,17.3,,
2023-08-05,Kökar Bogskär,17.1,,
2023-08-05,Parainen Fagerholm,17.9,-1.0,
2023-08-05,Kumlinge kirkonkylä,18.0,,
2023-08-05,Hanko Russarö,17.9,-1.0,
2023-08-05,Kaarina Yltöinen,18.0,-1.0,-1.0
2023-08-05,Kemiönsaari Vänö,17.8,,
2023-08-05,Hanko Tulliniemi,18.0,,
2023-08-05,Turku Rajakari,18.3,,
2023-08-05,Turku Artukainen,18.8,-1.0,-1.0
2023-08-05,Kemiönsaari Kemiö,17.8,-1.0,-1.0
2023-08-05,Hanko Tvärminne,17.9,-1.0,-1.0
2023-08-05,Salo Kärkkä,18.6,-1.0,
2023-08-05,Lohja Leppäkorpi,,-1.0,-1.0
2023-08-05,Raasepori Jussarö,17.5,,
2023-08-05,Salo Kiikala lentokenttä,17.6,-1.0,-1.0
2023-08-05,Vantaa Helsinki-Vantaan lentoasema,19.0,-1.0,-1.0
2023-08-05,Inkoo Bågaskär,18.2,,
2023-08-05,Helsinki Kaisaniemi,18.9,-1.0,-1.0
2023-08-05,Lohja Porla,18.2,-1.0,-1.0
2023-08-05,Vihti Maasoja,18.5,,
2023-08-05,Helsinki Harmaja,17.1,,
2023-08-05,Kirkkonummi Mäkiluoto,18.3,,
2023-08-05,Helsinki Helsingin majakka,17.6,,
2023-08-05,Helsinki Kumpula,19.2,-1.0,-1.0
2023-08-05,Helsinki Malmi lentokenttä,19.3,,
2023-08-05,Porvoo Kalbådagrund,17.9,,
2023-08-05,Porvoo Emäsalo,17.2,,
2023-08-05,Porvoo Harabacka,19.2,-1.0,-1.0
2023-08-05,Kotka Rankki,17.9,0.2,-1.0
2023-08-05,Loviisa Orrengrund,18.0,,
2023-08-05,Kotka Haapasaari,18.2,,
2023-08-05,Pori lentoasema,17.9,,
2023-08-05,Uusikaupunki Itätulli,,-1.0,-1.0
2023-08-05,Kustavi Isokari,18.3,-1.0,
2023-08-05,Rauma Kylmäpihlaja,18.3,,
2023-08-05,Pori rautatieasema,18.0,2.0,-1.0
2023-08-05,Turku lentoasema,18.0,,
2023-08-05,Kokemäki Rausenkulma,,0.2,-1.0
2023-08-05,Huittinen Sallila,,0.5,-1.0
2023-08-05,Oripää Teinikivi,,0.0,-1.0
2023-08-05,Pöytyä Yläne,,-1.0,-1.0
2023-08-05,Kokemäki Tulkkila,18.1,-1.0,-1.0
2023-08-05,Jokioinen Ilmala,17.6,-1.0,-1.0
2023-08-05,Nokia Tottijärvi,,1.1,-1.0
2023-08-05,Pirkkala Tampere-Pirkkala lentoasema,18.0,,
2023-08-05,Tampere Härmälä,17.9,0.3,-1.0
2023-08-05,Somero Salkola,17.0,-1.0,-1.0
2023-08-05,Hyvinkää Hyvinkäänkylä,18.4,-1.0,-1.0
2023-08-05,Vihti Hiiskula,,-1.0,-1.0
2023-08-05,Hämeenlinna Pirttikoski,,-1.0,-1.0
2023-08-05,Nurmijärvi Röykkä,18.2,-1.0,-1.0
2023-08-05,Hämeenlinna Katinen,18.6,-1.0,
2023-08-05,Hattula Lepaa,18.1,-1.0,-1.0
2023-08-05,Hämeenlinna Lammi Pappila,17.6,-1.0,-1.0
2023-08-05,Asikkala Pulkkilanharju,18.3,,
2023-08-05,Kouvola Utti lentoasema,18.8,-1.0,-1.0
2023-08-05,Kouvola Anjala,19.5,-1.0,-1.0
2023-08-05,Heinola Asemantaus,18.7,-1.0,-1.0
2023-08-05,Kouvola Voikoski,,-1.0,-1.0
2023-08-05,Virolahti Koivuniemi,18.1,0.7,-1.0
2023-08-05,Lappeenranta lentoasema,18.6,,
2023-08-05,Lappeenranta Konnunsuo,18.2,,
2023-08-05,Lappeenranta Lepola,18.7,-1.0,-1.0
2023-08-05,Ruokolahti Kotaniemi,,-1.0,-1.0
2023-08-05,Lappeenranta Hiekkapakka,19.0,,
2023-08-05,Parikkala Koitsanlahti,18.6,-1.0,
2023-08-05,Kaskinen Sälgrund,18.0,-1.0,
2023-08-05,Merikarvia Tuorila,,-1.0,-1.0
2023-08-05,Isojoki Kärjenkoski,,-1.0,-1.0
2023-08-05,Teuva Kauppilankylä,,-1.0,-1.0
2023-08-05,Pori Tahkoluoto satama,18.3,,
2023-08-05,Kristiinankaupunki Majakka,17.5,,
2023-08-05,Karvia Alkkia,16.7,0.6,-1.0
2023-08-05,Kurikka Hirvijärvi,,0.3,-1.0
2023-08-05,Kauhajoki Kuja-Kokko,17.2,-1.0,-1.0
2023-08-05,Kankaanpää Niinisalo lentokenttä,17.9,0.7,-1.0
2023-08-05,Alavus Sulkavankylä,,6.3,-1.0
2023-08-05,Virrat Äijänneva,16.4,,
2023-08-05,Tampere Siilinkari,18.0,,
2023-08-05,Jämsä Halli lentoasema,18.4,0.7,-1.0
2023-08-05,Juupajoki Hyytiälä,17.5,2.3,-1.0
2023-08-05,Sysmä Joutsjärvi,,0.7,-1.0
2023-08-05,Jyväskylä Muuratjärvi,,3.7,-1.0
2023-08-05,Luhanka Judinsalo,18.1,,
2023-08-05,Multia Pirttiperä,,3.2,-1.0
2023-08-05,Joutsa Savenaho,16.8,7.3,-1.0
2023-08-05,Kangasniemi kirkonkylä,,6.3,-1.0
2023-08-05,Joutsa Pärnämäki,,2.3,-1.0
2023-08-05,Juva Partala,17.9,,
2023-08-05,Varkaus Kosulanniemi,18.0,6.7,-1.0
2023-08-05,Savonlinna Laukansaari,,0.5,-1.0
2023-08-05,Sulkava Halttula,,0.2,-1.0
2023-08-05,Savonlinna lentoasema,18.4,,
2023-08-05,Rantasalmi Rukkasluoto,18.7,,
2023-08-05,Savonlinna Punkaharju Laukansaari,18.7,-1.0,-1.0
2023-08-05,Enonkoski Simanala,,1.0,-1.0
2023-08-05,Savonlinna Savonranta,,0.3,-1.0
2023-08-05,Rääkkylä kirkonkylä,,0.4,-1.0
2023-08-05,Tohmajärvi Kemie,17.6,1.9,-1.0
2023-08-05,Joensuu Huhtilampi,,2.0,-1.0
2023-08-05,Vaasa lentoasema,16.9,,
2023-08-05,Mustasaari Valassaaret,16.9,,
2023-08-05,Närpiö Ylimarkku,,-1.0,-1.0
2023-08-05,Mustasaari Riimala,,-1.0,-1.0
2023-08-05,Kurikka Pyörni,,0.2,-1.0
2023-08-05,Korsnäs Bredskäret,17.1,,
2023-08-05,Maalahti Strömmingsbådan,17.4,,
2023-08-05,Vaasa Klemettilä,17.3,-1.0,-1.0
2023-08-05,Seinäjoki Pelmaa,17.5,-1.0,-1.0
2023-08-05,Kauhava lentokenttä,17.1,-1.0,-1.0
2023-08-05,Ähtäri Inha,16.6,9.0,-1.0
2023-08-05,Halsua Purola,16.9,-1.0,-1.0
2023-08-05,Alajärvi Möksy,16.4,0.4,-1.0
2023-08-05,Multia Karhila,16.1,1.9,-1.0
2023-08-05,Viitasaari Haapaniemi,17.6,2.5,-1.0
2023-08-05,Äänekoski Kalaniemi,,5.3,-1.0
2023-08-05,Vesanto kirkonkylä,17.2,5.2,-1.0
2023-08-05,Pielavesi Venetmäki,,2.0,-1.0
2023-08-05,Siilinjärvi Kuopio lentoasema,18.4,,
2023-08-05,Kuopio Maaninka,18.3,0.6,-1.0
2023-08-05,Lapinlahti Lamminkäyrä,,0.7,-1.0
2023-08-05,Suonenjoki Iisvesi,,0.5,-1.0
2023-08-05,Kuopio Karttula,,10.1,-1.0
2023-08-05,Kuopio Ritoniemi,17.8,,
2023-08-05,Kuopio Savilahti,17.9,4.8,-1.0
2023-08-05,Heinävesi Palokki,,1.4,-1.0
2023-08-05,Outokumpu Viuruniemi,,0.4,-1.0
2023-08-05,Rautavaara Ala-Luosta,,3.0,-1.0
2023-08-05,Rautavaara Ylä-Luosta,16.8,39.9,-1.0
2023-08-05,Liperi Joensuu lentoasema,18.0,,
2023-08-05,Juuka Niemelä,17.6,5.6,-1.0
2023-08-05,Joensuu Pyhäselkä,,0.8,-1.0
2023-08-05,Lieksa Koli,,10.6,-1.0
2023-08-05,Liperi Tuiskavanluoto,18.7,,
2023-08-05,Joensuu Linnunlahti,18.7,0.1,-1.0
2023-08-05,Lieksa Lampela,17.9,2.8,-1.0
2023-08-05,Ilomantsi Pötsönvaara,16.4,2.8,-1.0
2023-08-05,Ilomantsi Mekrijärvi,18.0,0.6,-1.0
2023-08-05,Pietarsaari Kallan,16.5,,
2023-08-05,Kokkola Tankar,16.6,,
2023-08-05,Kruunupyy Kokkola-Pietarsaari lentoasema,16.6,,
2023-08-05,Kaustinen Tastula,,-1.0,-1.0
2023-08-05,Kalajoki Ulkokalla,15.6,,
2023-08-05,Kokkola Santahaka,16.3,-1.0,-1.0
2023-08-05,Toholampi Oravala,,-1.0,-1.0
2023-08-05,Kalajoki Pitkäsenkylä,,-1.0,-1.0
2023-08-05,Kalajoki Mehtäkylä,,-1.0,-1.0
2023-08-05,Toholampi Laitala,16.7,-1.0,-1.0
2023-08-05,Ylivieska lentokenttä,15.8,-1.0,-1.0
2023-08-05,Ylivieska Vähäkangas,,0.1,-1.0
2023-08-05,Haapavesi Mustikkamäki,16.8,0.0,-1.0
2023-08-05,Pyhäjärvi Ojakylä,16.2,5.6,-1.0
2023-08-05,Pyhäjärvi Hiidenniemi,,1.3,-1.0
2023-08-05,Kiuruvesi Korpijoki,,0.1,-1.0
2023-08-05,Siikalatva Kestilä,,0.5,-1.0
2023-08-05,Kajaani lentoasema,17.3,,
2023-08-05,Vieremä Kaarakkala,16.7,11.9,-1.0
2023-08-05,Kajaani Paltaniemi,,0.7,-1.0
2023-08-05,Nurmes Valtimo,17.5,5.7,-1.0
2023-08-05,Ristijärvi Mustavaara,,2.2,-1.0
2023-08-05,Sotkamo Kuolaniemi,16.4,3.6,-1.0
2023-08-05,Nurmes Mujejärvi,,4.2,-1.0
2023-08-05,Kuhmo Apaja,,3.0,-1.0
2023-08-05,Kuhmo Kalliojoki,16.4,13.2,-1.0
2023-08-05,Raahe Nahkiainen,16.2,,
2023-08-05,Hailuoto Keskikylä,16.5,-1.0,-1.0
2023-08-05,Kemi I majakka,16.7,,
2023-08-05,Hailuoto Marjaniemi,16.9,,
2023-08-05,Raahe Lapaluoto satama,16.4,,
2023-08-05,Oulu lentoasema,17.1,,
2023-08-05,Siikajoki Ruukki,16.1,-1.0,-1.0
2023-08-05,Oulu Vihreäsaari satama,16.8,,
2023-08-05,Oulu Oulunsalo Pellonpää,16.0,-1.0,-1.0
2023-08-05,Vaala Pelso,16.6,-1.0,-1.0
2023-08-05,Pudasjärvi lentokenttä,17.3,-1.0,-1.0
2023-08-05,Utajärvi Särkijärvi,,0.0,-1.0
2023-08-05,Pudasjärvi Jaurakkajärvi,,0.1,-1.0
2023-08-05,Suomussalmi Näljänkä,,1.2,-1.0
2023-08-05,Suomussalmi Pesiö,17.1,2.1,-1.0
2023-08-05,Puolanka Kotila,,0.4,-1.0
2023-08-05,Puolanka Paljakka,16.0,0.4,-1.0
2023-08-05,Kemi Kemi-Tornio lentoasema,17.0,,
2023-08-05,Kemi Ajos,17.7,,
2023-08-05,Tornio Kaakkuri,18.2,-1.0,
2023-08-05,Ranua lentokenttä,17.0,-1.0,-1.0
2023-08-05,Pudasjärvi Sarakylä,,0.1,-1.0
2023-08-05,Posio Raistakka,,1.5,-1.0
2023-08-05,Taivalkoski Inkee,,3.3,-1.0
2023-08-05,Taivalkoski kirkonkylä,17.0,-1.0,-1.0
2023-08-05,Kuusamo lentoasema,17.1,3.1,-1.0
2023-08-05,Kuusamo Kiutaköngäs,16.4,3.3,-1.0
2023-08-05,Kuusamo Rukatunturi,14.7,,
2023-08-05,Kuusamo Teeriranta,,1.9,-1.0
2023-08-05,Kuusamo Juuma,15.7,,
2023-08-05,Ylitornio Meltosjärvi,16.0,0.8,-1.0
2023-08-05,Kolari Kattilamaa,,-1.0,-1.0
2023-08-05,Pello kirkonkylä,16.3,1.1,-1.0
2023-08-05,Rovaniemi rautatieasema,17.1,,
2023-08-05,Sodankylä Tähtelä,15.2,4.2,-1.0
2023-08-05,Rovaniemi Apukka,16.4,0.4,-1.0
2023-08-05,Pelkosenniemi kirkonkylä,,2.4,-1.0
2023-08-05,Kemijärvi lentokenttä,15.8,0.8,-1.0
2023-08-05,Savukoski kirkonkylä,14.9,4.2,-1.0
2023-08-05,Salla Kelloselkä,,3.4,-1.0
2023-08-05,Pelkosenniemi Pyhätunturi,13.4,,
2023-08-05,Salla kirkonkylä,16.0,11.8,-1.0
2023-08-05,Salla Naruska,14.3,2.4,-1.0
2023-08-05,Enontekiö Kaaresuvanto,,0.5,-1.0
2023-08-05,Enontekiö lentoasema,14.1,,
2023-08-05,Kittilä Pulju,,0.0,-1.0
2023-08-05,Muonio Laukukero,10.9,,
2023-08-05,Muonio Sammaltunturi,12.6,,
2023-08-05,Kittilä Matorova,13.8,,
2023-08-05,Kittilä lentoasema,15.1,,
2023-08-05,Kittilä Kenttärova,13.6,0.3,-1.0
2023-08-05,Kittilä Pakatti,15.2,-1.0,-1.0
2023-08-05,Kittilä Pokka,13.9,5.7,-1.0
2023-08-05,Sodankylä Lokka,14.2,6.8,-1.0
2023-08-05,Sodankylä Vuotso,13.5,16.8,-1.0
2023-08-05,Inari Saariselkä matkailukeskus,13.0,38.5,
2023-08-05,Inari Saariselkä Kaunispää,12.1,,
2023-08-05,Inari Raja-Jooseppi,13.6,,
2023-08-05,Salla Värriötunturi,14.2,7.9,-1.0
2023-08-05,Enontekiö Kilpisjärvi kyläkeskus,12.6,-1.0,-1.0
2023-08-05,Enontekiö Kilpisjärvi Saana,8.5,,
2023-08-05,Enontekiö Näkkälä,13.2,0.1,-1.0
2023-08-05,Inari Angeli Lintupuoliselkä,12.5,0.8,-1.0
2023-08-05,Inari Ivalo lentoasema,13.7,,
2023-08-05,Utsjoki Kevo,13.0,4.1,-1.0
2023-08-05,Utsjoki Nuorgam,13.6,2.9,-1.0
2023-08-05,Inari Väylä,13.2,,
2023-08-05,Inari kirkonkylä,,0.0,-1.0
2023-08-05,Inari Kaamanen,13.6,0.4,-1.0
2023-08-05,Inari Nellim,14.0,30.7,-1.0
2023-08-05,Inari Kirakkajärvi,13.9,0.9,-1.0
2023-08-05,Mäntsälä Hirvihaara,18.1,-1.0,-1.0
2023-08-05,Lahti Sopenkorpi,18.6,-1.0,-1.0
2023-08-05,Siuntio Sjundby,,0.0,-1.0
2023-08-05,Sipoo Itätoukki,17.3,,
2023-08-05,Rauma Pyynpää,18.2,-1.0,-1.0
2023-08-05,Muonio Oustajärvi,15.0,-1.0,-1.0
2023-08-05,Pyhtää lentokenttä,18.8,-1.0,-1.0
2023-08-05,Sotkamo Tuhkakylä,17.1,1.9,-1.0
2023-08-05,Tervola Loue,17.0,,
2023-08-05,Savukoski Tulppio,14.9,8.5,-1.0
2023-08-05,Mikkeli Pitkäaho,,5.2,-1.0
2023-08-05,Kajaani Petäisenniska,17.7,0.2,-1.0
2023-08-05,Utsjoki Kevo Kevojärvi,13.2,,
2023-08-05,Inari Seitalaassa,13.7,,
2023-08-05,Ilmajoki Seinäjoki lentoasema,17.2,,
2023-08-05,Rovaniemi lentoasema AWOS,16.1,1.0,-1.0
2023-08-05,Jyväskylä lentoasema AWOS,17.0,3.5,-1.0
2023-08-05,Puumala kirkonkylä,19.1,-1.0,-1.0
2023-08-05,Helsinki Vuosaari satama,17.7,,
2023-08-05,Maarianhamina Länsisatama,17.4,,
2023-08-05,Lumparland Långnäs satama,17.9,-1.0,-1.0
2023-08-05,Kittilä Lompolonvuoma,13.9,0.2,
2023-08-05,Kuusamo Ruka Talvijärvi,16.4,,
2023-08-05,Espoo Nuuksio,17.9,-1.0,-1.0
2023-08-05,Mikkeli Lentoasema AWOS,17.9,0.2,-1.0
2023-08-05,Espoo Tapiola,18.8,-1.0,-1.0
2023-08-06,Porvoo Kilpilahti satama,19.2,,
2023-08-06,Jomala Maarianhamina lentoasema,17.8,,
2023-08-06,Parainen Utö,18.3,0.2,-1.0
2023-08-06,Lemland Nyhamn,18.1,,
2023-08-06,Jomala Jomalaby,17.1,10.3,-1.0
2023-08-06,Hammarland Märket,17.3,,
2023-08-06,Kökar Bogskär,17.8,,
2023-08-06,Parainen Fagerholm,19.6,-1.0,
2023-08-06,Kumlinge kirkonkylä,18.9,,
2023-08-06,Hanko Russarö,17.8,1.0,
2023-08-06,Kaarina Yltöinen,18.6,-1.0,-1.0
2023-08-06,Kemiönsaari Vänö,19.3,,
2023-08-06,Hanko Tulliniemi,18.5,,
2023-08-06,Turku Rajakari,19.3,,
2023-08-06,Turku Artukainen,19.1,-1.0,-1.0
2023-08-06,Kemiönsaari Kemiö,18.5,0.3,-1.0
2023-08-06,Hanko Tvärminne,18.6,0.6,-1.0
2023-08-06,Salo Kärkkä,19.0,-1.0,
2023-08-06,Lohja Leppäkorpi,,-1.0,-1.0
2023-08-06,Raasepori Jussarö,17.8,,
2023-08-06,Salo Kiikala lentokenttä,17.9,0.1,-1.0
2023-08-06,Vantaa Helsinki-Vantaan lentoasema,18.7,0.0,-1.0
2023-08-06,Inkoo Bågaskär,18.0,,
2023-08-06,Helsinki Kaisaniemi,19.5,-1.0,-1.0
2023-08-06,Lohja Porla,18.9,0.3,-1.0
2023-08-06,Vihti Maasoja,17.9,,
2023-08-06,Helsinki Harmaja,17.4,,
2023-08-06,Kirkkonummi Mäkiluoto,17.5,,
2023-08-06,Helsinki Helsingin majakka,18.2,,
2023-08-06,Helsinki Kumpula,19.8,-1.0,-1.0
2023-08-06,Helsinki Malmi lentokenttä,19.2,,
2023-08-06,Porvoo Kalbådagrund,18.3,,
2023-08-06,Porvoo Emäsalo,18.9,,
2023-08-06,Porvoo Harabacka,19.5,-1.0,-1.0
2023-08-06,Kotka Rankki,19.7,-1.0,-1.0
2023-08-06,Loviisa Orrengrund,19.1,,
2023-08-06,Kotka Haapasaari,19.6,,
2023-08-06,Pori lentoasema,17.1,,
2023-08-06,Uusikaupunki Itätulli,,3.0,-1.0
2023-08-06,Kustavi Isokari,18.4,0.7,
2023-08-06,Rauma Kylmäpihlaja,18.4,,
2023-08-06,Pori rautatieasema,17.5,-1.0,-1.0
2023-08-06,Turku lentoasema,18.0,,
2023-08-06,Kokemäki Rausenkulma,,-1.0,-1.0
2023-08-06,Huittinen Sallila,,0.0,-1.0
2023-08-06,Oripää Teinikivi,,-1.0,-1.0
2023-08-06,Pöytyä Yläne,,0.0,-1.0
2023-08-06,Kokemäki Tulkkila,16.9,0.7,-1.0
2023-08-06,Jokioinen Ilmala,17.7,-1.0,-1.0
2023-08-06,Nokia Tottijärvi,,-1.0,-1.0
2023-08-06,Pirkkala Tampere-Pirkkala lentoasema,17.4,,
2023-08-06,Tampere Härmälä,17.8,0.1,-1.0
2023-08-06,Somero Salkola,17.2,0.1,-1.0
2023-08-06,Hyvinkää Hyvinkäänkylä,17.9,1.1,-1.0
2023-08-06,Vihti Hiiskula,,0.8,-1.0
2023-08-06,Hämeenlinna Pirttikoski,,-1.0,-1.0
2023-08-06,Nurmijärvi Röykkä,18.2,0.9,-1.0
2023-08-06,Hämeenlinna Katinen,18.2,-1.0,
2023-08-06,Hattula Lepaa,17.9,0.9,-1.0
2023-08-06,Hämeenlinna Lammi Pappila,17.5,0.2,-1.0
2023-08-06,Asikkala Pulkkilanharju,18.0,,
2023-08-06,Kouvola Utti lentoasema,19.5,0.2,-1.0
2023-08-06,Kouvola Anjala,19.5,-1.0,-1.0
2023-08-06,Heinola Asemantaus,18.9,-1.0,-1.0
2023-08-06,Kouvola Voikoski,,0.3,-1.0
2023-08-06,Virolahti Koivuniemi,19.6,-1.0,-1.0
2023-08-06,Lappeenranta lentoasema,18.9,,
2023-08-06,Lappeenranta Konnunsuo,18.7,,
2023-08-06,Lappeenranta Lepola,18.8,-1.0,-1.0
2023-08-06,Ruokolahti Kotaniemi,,-1.0,-1.0
2023-08-06,Lappeenranta Hiekkapakka,19.4,,
2023-08-06,Parikkala Koitsanlahti,18.2,-1.0,
2023-08-06,Kaskinen Sälgrund,18.6,57.0,
2023-08-06,Merikarvia Tuorila,,2.0,-1.0
2023-08-06,Isojoki Kärjenkoski,,0.4,-1.0
2023-08-06,Teuva Kauppilankylä,,0.6,-1.0
2023-08-06,Pori Tahkoluoto satama,18.3,,
2023-08-06,Kristiinankaupunki Majakka,17.6,,
2023-08-06,Karvia Alkkia,16.5,3.5,-1.0
2023-08-06,Kurikka Hirvijärvi,,10.8,-1.0
2023-08-06,Kauhajoki Kuja-Kokko,17.0,0.8,-1.0
2023-08-06,Kankaanpää Niinisalo lentokenttä,17.4,0.3,-1.0
2023-08-06,Alavus Sulkavankylä,,14.5,-1.0
2023-08-06,Virrat Äijänneva,16.8,,
2023-08-06,Tampere Siilinkari,17.9,,
2023-08-06,Jämsä Halli lentoasema,18.0,-1.0,-1.0
2023-08-06,Juupajoki Hyytiälä,16.6,0.2,-1.0
2023-08-06,Sysmä Joutsjärvi,,0.1,-1.0
2023-08-06,Jyväskylä Muuratjärvi,,0.5,-1.0
2023-08-06,Luhanka Judinsalo,18.9,,
2023-08-06,Multia Pirttiperä,,0.8,-1.0
2023-08-06,Joutsa Savenaho,17.5,0.8,-1.0
2023-08-06,Kangasniemi kirkonkylä,,-1.0,-1.0
2023-08-06,Joutsa Pärnämäki,,0.4,-1.0
2023-08-06,Juva Partala,18.5,,
2023-08-06,Varkaus Kosulanniemi,19.2,-1.0,-1.0
2023-08-06,Savonlinna Laukansaari,,-1.0,-1.0
2023-08-06,Sulkava Halttula,,1.1,-1.0
2023-08-06,Savonlinna lentoasema,19.8,,
2023-08-06,Rantasalmi Rukkasluoto,19.9,,
2023-08-06,Savonlinna Punkaharju Laukansaari,19.2,0.7,-1.0
2023-08-06,Enonkoski Simanala,,4.6,-1.0
2023-08-06,Savonlinna Savonranta,,0.1,-1.0
2023-08-06,Rääkkylä kirkonkylä,,3.0,-1.0
2023-08-06,Tohmajärvi Kemie,18.0,-1.0,-1.0
2023-08-06,Joensuu Huhtilampi,,-1.0,-1.0
2023-08-06,Vaasa lentoasema,16.8,,
2023-08-06,Mustasaari Valassaaret,17.2,,
2023-08-06,Närpiö Ylimarkku,,12.0,-1.0
2023-08-06,Mustasaari Riimala,,11.4,-1.0
2023-08-06,Kurikka Pyörni,,5.3,-1.0
2023-08-06,Korsnäs Bredskäret,17.7,,
2023-08-06,Maalahti Strömmingsbådan,18.2,,
2023-08-06,Vaasa Klemettilä,17.4,17.3,-1.0
2023-08-06,Seinäjoki Pelmaa,17.1,2.4,-1.0
2023-08-06,Kauhava lentokenttä,16.9,0.9,-1.0
2023-08-06,Ähtäri Inha,16.5,3.3,-1.0
2023-08-06,Halsua Purola,17.0,9.8,-1.0
2023-08-06,Alajärvi Möksy,16.7,14.5,-1.0
2023-08-06,Multia Karhila,16.5,1.3,-1.0
2023-08-06,Viitasaari Haapaniemi,18.5,2.3,-1.0
2023-08-06,Äänekoski Kalaniemi,,5.8,-1.0
2023-08-06,Vesanto kirkonkylä,17.6,11.5,-1.0
2023-08-06,Pielavesi Venetmäki,,3.3,-1.0
2023-08-06,Siilinjärvi Kuopio lentoasema,19.3,,
2023-08-06,Kuopio Maaninka,18.8,0.1,-1.0
2023-08-06,Lapinlahti Lamminkäyrä,,0.7,-1.0
2023-08-06,Suonenjoki Iisvesi,,0.1,-1.0
2023-08-06,Kuopio Karttula,,-1.0,-1.0
2023-08-06,Kuopio Ritoniemi,19.2,,
2023-08-06,Kuopio Savilahti,19.5,1.3,-1.0
2023-08-06,Heinävesi Palokki,,0.1,-1.0
2023-08-06,Outokumpu Viuruniemi,,3.0,-1.0
2023-08-06,Rautavaara Ala-Luosta,,3.1,-1.0
2023-08-06,Rautavaara Ylä-Luosta,18.5,7.9,-1.0
2023-08-06,Liperi Joensuu lentoasema,18.8,,
2023-08-06,Juuka Niemelä,17.9,0.4,-1.0
2023-08-06,Joensuu Pyhäselkä,,-1.0,-1.0
2023-08-06,Lieksa Koli,,-1.0,-1.0
2023-08-06,Liperi Tuiskavanluoto,20.4,,
2023-08-06,Joensuu Linnunlahti,19.7,-1.0,-1.0
2023-08-06,Lieksa Lampela,18.5,-1.0,-1.0
2023-08-06,Ilomantsi Pötsönvaara,18.5,-1.0,-1.0
2023-08-06,Ilomantsi Mekrijärvi,19.3,0.6,-1.0
2023-08-06,Pietarsaari Kallan,16.8,,
2023-08-06,Kokkola Tankar,16.8,,
2023-08-06,Kruunupyy Kokkola-Pietarsaari lentoasema,16.4,,
2023-08-06,Kaustinen Tastula,,0.9,-1.0
2023-08-06,Kalajoki Ulkokalla,16.4,,
2023-08-06,Kokkola Santahaka,16.1,1.4,-1.0
2023-08-06,Toholampi Oravala,,8.8,-1.0
2023-08-06,Kalajoki Pitkäsenkylä,,-1.0,-1.0
2023-08-06,Kalajoki Mehtäkylä,,-1.0,-1.0
2023-08-06,Toholampi Laitala,16.8,2.3,-1.0
2023-08-06,Ylivieska lentokenttä,16.5,1.3,-1.0
2023-08-06,Ylivieska Vähäkangas,,1.0,-1.0
2023-08-06,Haapavesi Mustikkamäki,17.5,0.6,-1.0
2023-08-06,Pyhäjärvi Ojakylä,17.4,4.1,-1.0
2023-08-06,Pyhäjärvi Hiidenniemi,,4.5,-1.0
2023-08-06,Kiuruvesi Korpijoki,,4.8,-1.0
2023-08-06,Siikalatva Kestilä,,-1.0,-1.0
2023-08-06,Kajaani lentoasema,18.0,,
2023-08-06,Vieremä Kaarakkala,18.6,-1.0,-1.0
2023-08-06,Kajaani Paltaniemi,,-1.0,-1.0
2023-08-06,Nurmes Valtimo,18.9,0.1,-1.0
2023-08-06,Ristijärvi Mustavaara,,-1.0,-1.0
2023-08-06,Sotkamo Kuolaniemi,18.3,-1.0,-1.0
2023-08-06,Nurmes Mujejärvi,,-1.0,-1.0
2023-08-06,Kuhmo Apaja,,-1.0,-1.0
2023-08-06,Kuhmo Kalliojoki,18.5,-1.0,-1.0
2023-08-06,Raahe Nahkiainen,16.3,,
2023-08-06,Hailuoto Keskikylä,16.9,-1.0,-1.0
2023-08-06,Kemi I majakka,16.9,,
2023-08-06,Hailuoto Marjaniemi,17.4,,
2023-08-06,Raahe Lapaluoto satama,17.1,,
2023-08-06,Oulu lentoasema,17.2,,
2023-08-06,Siikajoki Ruukki,16.9,0.2,-1.0
2023-08-06,Oulu Vihreäsaari satama,17.4,,
2023-08-06,Oulu Oulunsalo Pellonpää,17.0,-1.0,-1.0
2023-08-06,Vaala Pelso,17.0,-1.0,-1.0
2023-08-06,Pudasjärvi lentokenttä,17.3,-1.0,-1.0
2023-08-06,Utajärvi Särkijärvi,,-1.0,-1.0
2023-08-06,Pudasjärvi Jaurakkajärvi,,-1.0,-1.0
2023-08-06,Suomussalmi Näljänkä,,-1.0,-1.0
2023-08-06,Suomussalmi Pesiö,16.0,-1.0,-1.0
2023-08-06,Puolanka Kotila,,-1.0,-1.0
2023-08-06,Puolanka Paljakka,16.1,-1.0,-1.0
2023-08-06,Kemi Kemi-Tornio lentoasema,15.6,,
2023-08-06,Kemi Ajos,18.0,,
2023-08-06,Tornio Kaakkuri,17.2,-1.0,
2023-08-06,Ranua lentokenttä,16.1,-1.0,-1.0
2023-08-06,Pudasjärvi Sarakylä,,0.0,-1.0
2023-08-06,Posio Raistakka,,-1.0,-1.0
2023-08-06,Taivalkoski Inkee,,0.0,-1.0
2023-08-06,Taivalkoski kirkonkylä,16.1,-1.0,-1.0
2023-08-06,Kuusamo lentoasema,16.8,-1.0,-1.0
2023-08-06,Kuusamo Kiutaköngäs,16.2,-1.0,-1.0
2023-08-06,Kuusamo Rukatunturi,15.4,,
2023-08-06,Kuusamo Teeriranta,,-1.0,-1.0
2023-08-06,Kuusamo Juuma,15.3,,
2023-08-06,Ylitornio Meltosjärvi,15.8,0.3,-1.0
2023-08-06,Kolari Kattilamaa,,1.8,-1.0
2023-08-06,Pello kirkonkylä,16.8,0.1,-1.0
2023-08-06,Rovaniemi rautatieasema,17.9,,
2023-08-06,Sodankylä Tähtelä,15.3,-1.0,-1.0
2023-08-06,Rovaniemi Apukka,15.9,-1.0,-1.0
2023-08-06,Pelkosenniemi kirkonkylä,,-1.0,-1.0
2023-08-06,Kemijärvi lentokenttä,15.9,-1.0,-1.0
2023-08-06,Savukoski kirkonkylä,14.9,0.0,-1.0
2023-08-06,Salla Kelloselkä,,0.0,-1.0
2023-08-06,Pelkosenniemi Pyhätunturi,14.6,,
2023-08-06,Salla kirkonkylä,14.6,-1.0,-1.0
2023-08-06,Salla Naruska,14.1,-1.0,-1.0
2023-08-06,Enontekiö Kaaresuvanto,,-1.0,-1.0
2023-08-06,Enontekiö lentoasema,13.4,,
2023-08-06,Kittilä Pulju,,0.1,-1.0
2023-08-06,Muonio Laukukero,12.3,,
2023-08-06,Muonio Sammaltunturi,14.0,,
2023-08-06,Kittilä Matorova,15.6,,
2023-08-06,Kittilä lentoasema,15.5,,
2023-08-06,Kittilä Kenttärova,14.8,0.5,-1.0
2023-08-06,Kittilä Pakatti,15.6,1.0,-1.0
2023-08-06,Kittilä Pokka,14.1,-1.0,-1.0
2023-08-06,Sodankylä Lokka,13.7,-1.0,-1.0
2023-08-06,Sodankylä Vuotso,13.0,-1.0,-1.0
2023-08-06,Inari Saariselkä matkailukeskus,13.6,-1.0,-1.0
2023-08-06,Inari Saariselkä Kaunispää,13.2,,
2023-08-06,Inari Raja-Jooseppi,13.8,,
2023-08-06,Salla Värriötunturi,13.1,-1.0,-1.0
2023-08-06,Enontekiö Kilpisjärvi kyläkeskus,11.5,-1.0,-1.0
2023-08-06,Enontekiö Kilpisjärvi Saana,9.2,,
2023-08-06,Enontekiö Näkkälä,12.9,-1.0,-1.0
2023-08-06,Inari Angeli Lintupuoliselkä,13.1,1.2,-1.0
2023-08-06,Inari Ivalo lentoasema,14.5,,
2023-08-06,Utsjoki Kevo,13.7,-1.0,-1.0
2023-08-06,Utsjoki Nuorgam,13.7,-1.0,-1.0
2023-08-06,Inari Väylä,12.8,,
2023-08-06,Inari kirkonkylä,,1.0,-1.0
2023-08-06,Inari Kaamanen,13.3,-1.0,-1.0
2023-08-06,Inari Nellim,13.9,-1.0,-1.0
2023-08-06,Inari Kirakkajärvi,14.8,-1.0,-1.0
2023-08-06,Mäntsälä Hirvihaara,18.0,0.7,-1.0
2023-08-06,Lahti Sopenkorpi,18.9,0.2,-1.0
2023-08-06,Siuntio Sjundby,,0.6,-1.0
2023-08-06,Sipoo Itätoukki,17.7,,
2023-08-06,Rauma Pyynpää,17.5,3.6,-1.0
2023-08-06,Muonio Oustajärvi,14.7,1.5,-1.0
2023-08-06,Pyhtää lentokenttä,19.6,-1.0,-1.0
2023-08-06,Sotkamo Tuhkakylä,18.5,-1.0,-1.0
2023-08-06,Tervola Loue,16.3,,
2023-08-06,Savukoski Tulppio,14.0,-1.0,-1.0
2023-08-06,Mikkeli Pitkäaho,,-1.0,-1.0
2023-08-06,Kajaani Petäisenniska,18.2,-1.0,-1.0
2023-08-06,Utsjoki Kevo Kevojärvi,13.5,,
2023-08-06,Inari Seitalaassa,14.4,,
2023-08-06,Ilmajoki Seinäjoki lentoasema,17.0,,
2023-08-06,Rovaniemi lentoasema AWOS,16.1,-1.0,-1.0
2023-08-06,Jyväskylä lentoasema AWOS,17.6,7.8,-1.0
2023-08-06,Puumala kirkonkylä,19.4,-1.0,-1.0
2023-08-06,Helsinki Vuosaari satama,18.9,,
2023-08-06,Maarianhamina Länsisatama,18.1,,
2023-08-06,Lumparland Långnäs satama,17.6,3.5,-1.0
2023-08-06,Kittilä Lompolonvuoma,14.4,-1.0,
2023-08-06,Kuusamo Ruka Talvijärvi,16.9,,
2023-08-06,Espoo Nuuksio,18.8,1.6,-1.0
2023-08-06,Mikkeli Lentoasema AWOS,17.9,-1.0,-1.0
2023-08-06,Espoo Tapiola,19.1,0.1,-1.0
2023-08-07,Porvoo Kilpilahti satama,23.9,,
2023-08-07,Jomala Maarianhamina lentoasema,22.2,,
2023-08-07,Parainen Utö,20.1,0.4,-1.0
2023-08-07,Lemland Nyhamn,19.4,,
2023-08-07,Jomala Jomalaby,21.8,5.3,-1.0
2023-08-07,Hammarland Märket,20.2,,
2023-08-07,Kökar Bogskär,19.2,,
2023-08-07,Parainen Fagerholm,24.1,8.7,
2023-08-07,Kumlinge kirkonkylä,22.8,,
2023-08-07,Hanko Russarö,19.7,1.9,
2023-08-07,Kaarina Yltöinen,25.9,1.9,-1.0
2023-08-07,Kemiönsaari Vänö,22.2,,
2023-08-07,Hanko Tulliniemi,20.9,,
2023-08-07,Turku Rajakari,25.1,,
2023-08-07,Turku Artukainen,26.1,2.6,-1.0
2023-08-07,Kemiönsaari Kemiö,25.2,5.1,-1.0
2023-08-07,Hanko Tvärminne,21.8,2.1,-1.0
2023-08-07,Salo Kärkkä,25.9,-1.0,
2023-08-07,Lohja Leppäkorpi,,-1.0,-1.0
2023-08-07,Raasepori Jussarö,20.3,,
2023-08-07,Salo Kiikala lentokenttä,25.2,-1.0,-1.0
2023-08-07,Vantaa Helsinki-Vantaan lentoasema,25.4,0.0,-1.0
2023-08-07,Inkoo Bågaskär,20.0,,
2023-08-07,Helsinki Kaisaniemi,23.5,-1.0,-1.0
2023-08-07,Lohja Porla,24.4,-1.0,-1.0
2023-08-07,Vihti Maasoja,25.4,,
2023-08-07,Helsinki Harmaja,20.8,,
2023-08-07,Kirkkonummi Mäkiluoto,19.3,,
2023-08-07,Helsinki Helsingin majakka,21.1,,
2023-08-07,Helsinki Kumpula,24.2,-1.0,-1.0
2023-08-07,Helsinki Malmi lentokenttä,24.8,,
2023-08-07,Porvoo Kalbådagrund,21.4,,
2023-08-07,Porvoo Emäsalo,21.6,,
2023-08-07,Porvoo Harabacka,25.7,-1.0,-1.0
2023-08-07,Kotka Rankki,21.9,-1.0,-1.0
2023-08-07,Loviisa Orrengrund,21.0,,
2023-08-07,Kotka Haapasaari,22.7,,
2023-08-07,Pori lentoasema,25.8,,
2023-08-07,Uusikaupunki Itätulli,,0.4,-1.0
2023-08-07,Kustavi Isokari,22.5,-1.0,
2023-08-07,Rauma Kylmäpihlaja,24.7,,
2023-08-07,Pori rautatieasema,26.1,-1.0,-1.0
2023-08-07,Turku lentoasema,25.3,,
2023-08-07,Kokemäki Rausenkulma,,-1.0,-1.0
2023-08-07,Huittinen Sallila,,-1.0,-1.0
2023-08-07,Oripää Teinikivi,,-1.0,-1.0
2023-08-07,Pöytyä Yläne,,-1.0,-1.0
2023-08-07,Kokemäki Tulkkila,25.6,-1.0,-1.0
2023-08-07,Jokioinen Ilmala,24.6,-1.0,-1.0
2023-08-07,Nokia Tottijärvi,,-1.0,-1.0
2023-08-07,Pirkkala Tampere-Pirkkala lentoasema,24.9,,
2023-08-07,Tampere Härmälä,25.3,0.2,-1.0
2023-08-07,Somero Salkola,24.5,-1.0,-1.0
2023-08-07,Hyvinkää Hyvinkäänkylä,25.1,-1.0,-1.0
2023-08-07,Vihti Hiiskula,,-1.0,-1.0
2023-08-07,Hämeenlinna Pirttikoski,,0.2,-1.0
2023-08-07,Nurmijärvi Röykkä,24.5,-1.0,-1.0
2023-08-07,Hämeenlinna Katinen,25.7,-1.0,
2023-08-07,Hattula Lepaa,25.2,-1.0,-1.0
2023-08-07,Hämeenlinna Lammi Pappila,24.9,-1.0,-1.0
2023-08-07,Asikkala Pulkkilanharju,23.6,,
2023-08-07,Kouvola Utti lentoasema,26.3,0.0,-1.0
2023-08-07,Kouvola Anjala,26.2,0.3,-1.0
2023-08-07,Heinola Asemantaus,25.7,0.1,-1.0
2023-08-07,Kouvola Voikoski,,-1.0,-1.0
2023-08-07,Virolahti Koivuniemi,26.2,0.1,-1.0
2023-08-07,Lappeenranta lentoasema,25.3,,
2023-08-07,Lappeenranta Konnunsuo,25.1,,
2023-08-07,Lappeenranta Lepola,25.1,-1.0,-1.0
2023-08-07,Ruokolahti Kotaniemi,,-1.0,-1.0
2023-08-07,Lappeenranta Hiekkapakka,24.1,,
2023-08-07,Parikkala Koitsanlahti,23.8,-1.0,
2023-08-07,Kaskinen Sälgrund,23.7,-1.0,
2023-08-07,Merikarvia Tuorila,,-1.0,-1.0
2023-08-07,Isojoki Kärjenkoski,,-1.0,-1.0
2023-08-07,Teuva Kauppilankylä,,-1.0,-1.0
2023-08-07,Pori Tahkoluoto satama,25.2,,
2023-08-07,Kristiinankaupunki Majakka,24.5,,
2023-08-07,Karvia Alkkia,23.7,-1.0,-1.0
2023-08-07,Kurikka Hirvijärvi,,0.0,-1.0
2023-08-07,Kauhajoki Kuja-Kokko,24.2,-1.0,-1.0
2023-08-07,Kankaanpää Niinisalo lentokenttä,24.6,-1.0,-1.0
2023-08-07,Alavus Sulkavankylä,,-1.0,-1.0
2023-08-07,Virrat Äijänneva,23.6,,
2023-08-07,Tampere Siilinkari,23.9,,
2023-08-07,Jämsä Halli lentoasema,24.3,-1.0,-1.0
2023-08-07,Juupajoki Hyytiälä,23.6,-1.0,-1.0
2023-08-07,Sysmä Joutsjärvi,,-1.0,-1.0
2023-08-07,Jyväskylä Muuratjärvi,,-1.0,-1.0
2023-08-07,Luhanka Judinsalo,25.0,,
2023-08-07,Multia Pirttiperä,,-1.0,-1.0
2023-08-07,Joutsa Savenaho,23.1,-1.0,-1.0
2023-08-07,Kangasniemi kirkonkylä,,-1.0,-1.0
2023-08-07,Joutsa Pärnämäki,,-1.0,-1.0
2023-08-07,Juva Partala,23.8,,
2023-08-07,Varkaus Kosulanniemi,24.1,-1.0,-1.0
2023-08-07,Savonlinna Laukansaari,,-1.0,-1.0
2023-08-07,Sulkava Halttula,,-1.0,-1.0
2023-08-07,Savonlinna lentoasema,24.2,,
2023-08-07,Rantasalmi Rukkasluoto,23.3,,
2023-08-07,Savonlinna Punkaharju Laukansaari,24.5,-1.0,-1.0
2023-08-07,Enonkoski Simanala,,-1.0,-1.0
2023-08-07,Savonlinna Savonranta,,-1.0,-1.0
2023-08-07,Rääkkylä kirkonkylä,,0.5,-1.0
2023-08-07,Tohmajärvi Kemie,23.8,-1.0,-1.0
2023-08-07,Joensuu Huhtilampi,,-1.0,-1.0
2023-08-07,Vaasa lentoasema,23.8,,
2023-08-07,Mustasaari Valassaaret,20.2,,
2023-08-07,Närpiö Ylimarkku,,-1.0,-1.0
2023-08-07,Mustasaari Riimala,,-1.0,-1.0
2023-08-07,Kurikka Pyörni,,0.1,-1.0
2023-08-07,Korsnäs Bredskäret,22.4,,
2023-08-07,Maalahti Strömmingsbådan,21.4,,
2023-08-07,Vaasa Klemettilä,23.9,-1.0,-1.0
2023-08-07,Seinäjoki Pelmaa,23.9,-1.0,-1.0
2023-08-07,Kauhava lentokenttä,23.7,-1.0,-1.0
2023-08-07,Ähtäri Inha,23.4,-1.0,-1.0
2023-08-07,Halsua Purola,22.2,-1.0,-1.0
2023-08-07,Alajärvi Möksy,22.4,-1.0,-1.0
2023-08-07,Multia Karhila,22.8,-1.0,-1.0
2023-08-07,Viitasaari Haapaniemi,22.8,-1.0,-1.0
2023-08-07,Äänekoski Kalaniemi,,0.2,-1.0
2023-08-07,Vesanto kirkonkylä,22.8,-1.0,-1.0
2023-08-07,Pielavesi Venetmäki,,-1.0,-1.0
2023-08-07,Siilinjärvi Kuopio lentoasema,23.1,,
2023-08-07,Kuopio Maaninka,23.5,-1.0,-1.0
2023-08-07,Lapinlahti Lamminkäyrä,,-1.0,-1.0
2023-08-07,Suonenjoki Iisvesi,,-1.0,-1.0
2023-08-07,Kuopio Karttula,,-1.0,-1.0
2023-08-07,Kuopio Ritoniemi,23.5,,
2023-08-07,Kuopio Savilahti,23.7,-1.0,-1.0
2023-08-07,Heinävesi Palokki,,-1.0,-1.0
2023-08-07,Outokumpu Viuruniemi,,-1.0,-1.0
2023-08-07,Rautavaara Ala-Luosta,,-1.0,-1.0
2023-08-07,Rautavaara Ylä-Luosta,22.6,0.0,-1.0
2023-08-07,Liperi Joensuu lentoasema,24.3,,
2023-08-07,Juuka Niemelä,22.9,0.1,-1.0
2023-08-07,Joensuu Pyhäselkä,,0.1,-1.0
2023-08-07,Lieksa Koli,,-1.0,-1.0
2023-08-07,Liperi Tuiskavanluoto,22.5,,
2023-08-07,Joensuu Linnunlahti,24.7,-1.0,-1.0
2023-08-07,Lieksa Lampela,23.6,0.2,-1.0
2023-08-07,Ilomantsi Pötsönvaara,22.6,-1.0,-1.0
2023-08-07,Ilomantsi Mekrijärvi,23.8,-1.0,-1.0
2023-08-07,Pietarsaari Kallan,22.9,,
2023-08-07,Kokkola Tankar,21.0,,
2023-08-07,Kruunupyy Kokkola-Pietarsaari lentoasema,23.4,,
2023-08-07,Kaustinen Tastula,,-1.0,-1.0
2023-08-07,Kalajoki Ulkokalla,18.8,,
2023-08-07,Kokkola Santahaka,23.8,-1.0,-1.0
2023-08-07,Toholampi Oravala,,-1.0,-1.0
2023-08-07,Kalajoki Pitkäsenkylä,,-1.0,-1.0
2023-08-07,Kalajoki Mehtäkylä,,-1.0,-1.0
2023-08-07,Toholampi Laitala,22.3,-1.0,-1.0
2023-08-07,Ylivieska lentokenttä,22.3,0.2,-1.0
2023-08-07,Ylivieska Vähäkangas,,0.2,-1.0
2023-08-07,Haapavesi Mustikkamäki,22.7,0.5,-1.0
2023-08-07,Pyhäjärvi Ojakylä,22.2,2.5,-1.0
2023-08-07,Pyhäjärvi Hiidenniemi,,17.1,-1.0
2023-08-07,Kiuruvesi Korpijoki,,0.0,-1.0
2023-08-07,Siikalatva Kestilä,,0.0,-1.0
2023-08-07,Kajaani lentoasema,22.5,,
2023-08-07,Vieremä Kaarakkala,22.4,-1.0,-1.0
2023-08-07,Kajaani Paltaniemi,,-1.0,-1.0
2023-08-07,Nurmes Valtimo,22.7,-1.0,-1.0
2023-08-07,Ristijärvi Mustavaara,,-1.0,-1.0
2023-08-07,Sotkamo Kuolaniemi,22.0,-1.0,-1.0
2023-08-07,Nurmes Mujejärvi,,1.9,-1.0
2023-08-07,Kuhmo Apaja,,-1.0,-1.0
2023-08-07,Kuhmo Kalliojoki,21.1,-1.0,-1.0
2023-08-07,Raahe Nahkiainen,21.7,,
2023-08-07,Hailuoto Keskikylä,22.2,0.3,-1.0
2023-08-07,Kemi I majakka,19.7,,
2023-08-07,Hailuoto Marjaniemi,23.0,,
2023-08-07,Raahe Lapaluoto satama,23.5,,
2023-08-07,Oulu lentoasema,22.7,,
2023-08-07,Siikajoki Ruukki,22.0,4.5,-1.0
2023-08-07,Oulu Vihreäsaari satama,22.7,,
2023-08-07,Oulu Oulunsalo Pellonpää,22.2,9.1,-1.0
2023-08-07,Vaala Pelso,22.2,0.2,-1.0
2023-08-07,Pudasjärvi lentokenttä,21.5,1.0,-1.0
2023-08-07,Utajärvi Särkijärvi,,-1.0,-1.0
2023-08-07,Pudasjärvi Jaurakkajärvi,,-1.0,-1.0
2023-08-07,Suomussalmi Näljänkä,,0.2,-1.0
2023-08-07,Suomussalmi Pesiö,19.7,1.0,-1.0
2023-08-07,Puolanka Kotila,,-1.0,-1.0
2023-08-07,Puolanka Paljakka,20.0,-1.0,-1.0
2023-08-07,Kemi Kemi-Tornio lentoasema,21.2,,
2023-08-07,Kemi Ajos,21.6,,
2023-08-07,Tornio Kaakkuri,20.9,-1.0,
2023-08-07,Ranua lentokenttä,19.0,3.1,-1.0
2023-08-07,Pudasjärvi Sarakylä,,0.0,-1.0
2023-08-07,Posio Raistakka,,-1.0,-1.0
2023-08-07,Taivalkoski Inkee,,0.0,-1.0
2023-08-07,Taivalkoski kirkonkylä,19.7,-1.0,-1.0
2023-08-07,Kuusamo lentoasema,17.7,-1.0,-1.0
2023-08-07,Kuusamo Kiutaköngäs,17.0,-1.0,-1.0
2023-08-07,Kuusamo Rukatunturi,15.1,,
2023-08-07,Kuusamo Teeriranta,,1.7,-1.0
2023-08-07,Kuusamo Juuma,16.4,,
2023-08-07,Ylitornio Meltosjärvi,17.5,3.0,-1.0
2023-08-07,Kolari Kattilamaa,,15.5,-1.0
2023-08-07,Pello kirkonkylä,17.2,0.5,-1.0
2023-08-07,Rovaniemi rautatieasema,19.4,,
2023-08-07,Sodankylä Tähtelä,16.1,1.6,-1.0
2023-08-07,Rovaniemi Apukka,18.6,1.4,-1.0
2023-08-07,Pelkosenniemi kirkonkylä,,3.5,-1.0
2023-08-07,Kemijärvi lentokenttä,17.5,1.5,-1.0
2023-08-07,Savukoski kirkonkylä,16.7,-1.0,-1.0
2023-08-07,Salla Kelloselkä,,0.0,-1.0
2023-08-07,Pelkosenniemi Pyhätunturi,15.2,,
2023-08-07,Salla kirkonkylä,17.0,-1.0,-1.0
2023-08-07,Salla Naruska,15.5,-1.0,-1.0
2023-08-07,Enontekiö Kaaresuvanto,,3.2,-1.0
2023-08-07,Enontekiö lentoasema,13.6,,
2023-08-07,Kittilä Pulju,,2.0,-1.0
2023-08-07,Muonio Laukukero,12.3,,
2023-08-07,Muonio Sammaltunturi,13.3,,
2023-08-07,Kittilä Matorova,13.9,,
2023-08-07,Kittilä lentoasema,14.7,,
2023-08-07,Kittilä Kenttärova,13.5,8.1,-1.0
2023-08-07,Kittilä Pakatti,14.4,1.1,-1.0
2023-08-07,Kittilä Pokka,13.5,3.1,-1.0
2023-08-07,Sodankylä Lokka,14.8,2.1,-1.0
2023-08-07,Sodankylä Vuotso,14.9,0.6,-1.0
2023-08-07,Inari Saariselkä matkailukeskus,15.5,-1.0,-1.0
2023-08-07,Inari Saariselkä Kaunispää,14.8,,
2023-08-07,Inari Raja-Jooseppi,15.7,,
2023-08-07,Salla Värriötunturi,15.0,-1.0,-1.0
2023-08-07,Enontekiö Kilpisjärvi kyläkeskus,13.1,4.1,-1.0
2023-08-07,Enontekiö Kilpisjärvi Saana,10.9,,
2023-08-07,Enontekiö Näkkälä,13.4,1.6,-1.0
2023-08-07,Inari Angeli Lintupuoliselkä,14.4,4.2,-1.0
2023-08-07,Inari Ivalo lentoasema,16.0,,
2023-08-07,Utsjoki Kevo,15.0,5.7,-1.0
2023-08-07,Utsjoki Nuorgam,15.7,0.5,-1.0
2023-08-07,Inari Väylä,14.3,,
2023-08-07,Inari kirkonkylä,,5.4,-1.0
2023-08-07,Inari Kaamanen,15.0,4.0,-1.0
2023-08-07,Inari Nellim,17.2,-1.0,-1.0
2023-08-07,Inari Kirakkajärvi,17.3,0.2,-1.0
2023-08-07,Mäntsälä Hirvihaara,25.5,-1.0,-1.0
2023-08-07,Lahti Sopenkorpi,26.0,0.2,-1.0
2023-08-07,Siuntio Sjundby,,-1.0,-1.0
2023-08-07,Sipoo Itätoukki,20.2,,
2023-08-07,Rauma Pyynpää,25.8,-1.0,-1.0
2023-08-07,Muonio Oustajärvi,14.1,0.4,-1.0
2023-08-07,Pyhtää lentokenttä,25.9,-1.0,-1.0
2023-08-07,Sotkamo Tuhkakylä,21.9,-1.0,-1.0
2023-08-07,Tervola Loue,19.3,,
2023-08-07,Savukoski Tulppio,16.1,0.4,-1.0
2023-08-07,Mikkeli Pitkäaho,,-1.0,-1.0
2023-08-07,Kajaani Petäisenniska,22.0,-1.0,-1.0
2023-08-07,Utsjoki Kevo Kevojärvi,15.0,,
2023-08-07,Inari Seitalaassa,15.6,,
2023-08-07,Ilmajoki Seinäjoki lentoasema,23.9,,
2023-08-07,Rovaniemi lentoasema AWOS,17.9,1.8,-1.0
2023-08-07,Jyväskylä lentoasema AWOS,23.4,-1.0,-1.0
2023-08-07,Puumala kirkonkylä,24.8,-1.0,-1.0
2023-08-07,Helsinki Vuosaari satama,21.7,,
2023-08-07,Maarianhamina Länsisatama,22.4,,
2023-08-07,Lumparland Långnäs satama,21.3,0.6,-1.0
2023-08-07,Kittilä Lompolonvuoma,12.7,5.2,
2023-08-07,Kuusamo Ruka Talvijärvi,17.1,,
2023-08-07,Espoo Nuuksio,24.9,-1.0,-1.0
2023-08-07,Mikkeli Lentoasema AWOS,24.5,-1.0,-1.0
2023-08-07,Espoo Tapiola,23.7,-1.0,-1.0
2023-08-08,Porvoo Kilpilahti satama,19.5,,
2023-08-08,Jomala Maarianhamina lentoasema,17.0,,
2023-08-08,Parainen Utö,17.3,2.5,-1.0
2023-08-08,Lemland Nyhamn,16.8,,
2023-08-08,Jomala Jomalaby,16.8,10.4,-1.0
2023-08-08,Hammarland Märket,16.7,,
2023-08-08,Kökar Bogskär,16.3,,
2023-08-08,Parainen Fagerholm,17.9,2.9,
2023-08-08,Kumlinge kirkonkylä,17.8,,
2023-08-08,Hanko Russarö,17.3,0.3,
2023-08-08,Kaarina Yltöinen,18.5,3.8,-1.0
2023-08-08,Kemiönsaari Vänö,17.6,,
2023-08-08,Hanko Tulliniemi,17.6,,
2023-08-08,Turku Rajakari,19.0,,
2023-08-08,Turku Artukainen,18.7,8.8,-1.0
2023-08-08,Kemiönsaari Kemiö,18.2,3.4,-1.0
2023-08-08,Hanko Tvärminne,17.9,2.4,-1.0
2023-08-08,Salo Kärkkä,19.3,1.5,
2023-08-08,Lohja Leppäkorpi,,-1.0,-1.0
2023-08-08,Raasepori Jussarö,17.8,,
2023-08-08,Salo Kiikala lentokenttä,17.9,5.6,-1.0
2023-08-08,Vantaa Helsinki-Vantaan lentoasema,19.8,0.0,-1.0
2023-08-08,Inkoo Bågaskär,17.8,,
2023-08-08,Helsinki Kaisaniemi,19.6,-1.0,-1.0
2023-08-08,Lohja Porla,18.0,3.2,-1.0
2023-08-08,Vihti Maasoja,19.0,,
2023-08-08,Helsinki Harmaja,18.7,,
2023-08-08,Kirkkonummi Mäkiluoto,18.0,,
2023-08-08,Helsinki Helsingin majakka,18.3,,
2023-08-08,Helsinki Kumpula,19.7,-1.0,-1.0
2023-08-08,Helsinki Malmi lentokenttä,19.9,,
2023-08-08,Porvoo Kalbådagrund,19.0,,
2023-08-08,Porvoo Emäsalo,19.1,,
2023-08-08,Porvoo Harabacka,20.2,-1.0,-1.0
2023-08-08,Kotka Rankki,20.0,-1.0,-1.0
2023-08-08,Loviisa Orrengrund,18.9,,
2023-08-08,Kotka Haapasaari,19.9,,
2023-08-08,Pori lentoasema,20.2,,
2023-08-08,Uusikaupunki Itätulli,,4.1,-1.0
2023-08-08,Kustavi Isokari,18.5,1.2,
2023-08-08,Rauma Kylmäpihlaja,20.1,,
2023-08-08,Pori rautatieasema,20.5,1.8,-1.0
2023-08-08,Turku lentoasema,18.3,,
2023-08-08,Kokemäki Rausenkulma,,2.3,-1.0
2023-08-08,Huittinen Sallila,,1.0,-1.0
2023-08-08,Oripää Teinikivi,,0.9,-1.0
2023-08-08,Pöytyä Yläne,,4.0,-1.0
2023-08-08,Kokemäki Tulkkila,19.6,7.7,-1.0
2023-08-08,Jokioinen Ilmala,18.3,4.2,-1.0
2023-08-08,Nokia Tottijärvi,,1.9,-1.0
2023-08-08,Pirkkala Tampere-Pirkkala lentoasema,19.4,,
2023-08-08,Tampere Härmälä,19.6,1.4,-1.0
2023-08-08,Somero Salkola,18.0,1.1,-1.0
2023-08-08,Hyvinkää Hyvinkäänkylä,18.5,0.9,-1.0
2023-08-08,Vihti Hiiskula,,8.5,-1.0
2023-08-08,Hämeenlinna Pirttikoski,,-1.0,-1.0
2023-08-08,Nurmijärvi Röykkä,18.4,5.2,-1.0
2023-08-08,Hämeenlinna Katinen,19.3,2.8,
2023-08-08,Hattula Lepaa,19.3,0.9,-1.0
2023-08-08,Hämeenlinna Lammi Pappila,19.2,-1.0,-1.0
2023-08-08,Asikkala Pulkkilanharju,19.9,,
2023-08-08,Kouvola Utti lentoasema,19.9,0.4,-1.0
2023-08-08,Kouvola Anjala,20.1,0.8,-1.0
2023-08-08,Heinola Asemantaus,20.0,0.2,-1.0
2023-08-08,Kouvola Voikoski,,-1.0,-1.0
2023-08-08,Virolahti Koivuniemi,19.9,0.1,-1.0
2023-08-08,Lappeenranta lentoasema,20.0,,
2023-08-08,Lappeenranta Konnunsuo,19.8,,
2023-08-08,Lappeenranta Lepola,19.9,5.5,-1.0
2023-08-08,Ruokolahti Kotaniemi,,1.4,-1.0
2023-08-08,Lappeenranta Hiekkapakka,20.7,,
2023-08-08,Parikkala Koitsanlahti,19.8,8.0,
2023-08-08,Kaskinen Sälgrund,21.3,-1.0,
2023-08-08,Merikarvia Tuorila,,2.1,-1.0
2023-08-08,Isojoki Kärjenkoski,,0.2,-1.0
2023-08-08,Teuva Kauppilankylä,,0.8,-1.0
2023-08-08,Pori Tahkoluoto satama,20.6,,
2023-08-08,Kristiinankaupunki Majakka,21.0,,
2023-08-08,Karvia Alkkia,19.9,0.9,-1.0
2023-08-08,Kurikka Hirvijärvi,,0.0,-1.0
2023-08-08,Kauhajoki Kuja-Kokko,20.5,0.3,-1.0
2023-08-08,Kankaanpää Niinisalo lentokenttä,19.8,-1.0,-1.0
2023-08-08,Alavus Sulkavankylä,,0.4,-1.0
2023-08-08,Virrat Äijänneva,20.1,,
2023-08-08,Tampere Siilinkari,19.6,,
2023-08-08,Jämsä Halli lentoasema,20.5,-1.0,-1.0
2023-08-08,Juupajoki Hyytiälä,19.7,0.0,-1.0
2023-08-08,Sysmä Joutsjärvi,,0.6,-1.0
2023-08-08,Jyväskylä Muuratjärvi,,1.5,-1.0
2023-08-08,Luhanka Judinsalo,20.9,,
2023-08-08,Multia Pirttiperä,,2.4,-1.0
2023-08-08,Joutsa Savenaho,19.3,4.3,-1.0
2023-08-08,Kangasniemi kirkonkylä,,6.9,-1.0
2023-08-08,Joutsa Pärnämäki,,6.1,-1.0
2023-08-08,Juva Partala,21.0,,
2023-08-08,Varkaus Kosulanniemi,22.0,-1.0,-1.0
2023-08-08,Savonlinna Laukansaari,,3.6,-1.0
2023-08-08,Sulkava Halttula,,1.1,-1.0
2023-08-08,Savonlinna lentoasema,21.5,,
2023-08-08,Rantasalmi Rukkasluoto,21.5,,
2023-08-08,Savonlinna Punkaharju Laukansaari,21.2,1.7,-1.0
2023-08-08,Enonkoski Simanala,,5.0,-1.0
2023-08-08,Savonlinna Savonranta,,2.0,-1.0
2023-08-08,Rääkkylä kirkonkylä,,2.8,-1.0
2023-08-08,Tohmajärvi Kemie,21.2,6.6,-1.0
2023-08-08,Joensuu Huhtilampi,,14.9,-1.0
2023-08-08,Vaasa lentoasema,21.9,,
2023-08-08,Mustasaari Valassaaret,20.6,,
2023-08-08,Närpiö Ylimarkku,,0.0,-1.0
2023-08-08,Mustasaari Riimala,,-1.0,-1.0
2023-08-08,Kurikka Pyörni,,1.4,-1.0
2023-08-08,Korsnäs Bredskäret,21.6,,
2023-08-08,Maalahti Strömmingsbådan,20.9,,
2023-08-08,Vaasa Klemettilä,22.5,0.2,-1.0
2023-08-08,Seinäjoki Pelmaa,21.9,2.0,-1.0
2023-08-08,Kauhava lentokenttä,22.1,0.5,-1.0
2023-08-08,Ähtäri Inha,20.6,0.3,-1.0
2023-08-08,Halsua Purola,21.4,0.0,-1.0
2023-08-08,Alajärvi Möksy,20.7,9.4,-1.0
2023-08-08,Multia Karhila,19.3,1.8,-1.0
2023-08-08,Viitasaari Haapaniemi,22.1,-1.0,-1.0
2023-08-08,Äänekoski Kalaniemi,,-1.0,-1.0
2023-08-08,Vesanto kirkonkylä,21.8,-1.0,-1.0
2023-08-08,Pielavesi Venetmäki,,0.1,-1.0
2023-08-08,Siilinjärvi Kuopio lentoasema,22.5,,
2023-08-08,Kuopio Maaninka,23.0,-1.0,-1.0
2023-08-08,Lapinlahti Lamminkäyrä,,0.4,-1.0
2023-08-08,Suonenjoki Iisvesi,,0.7,-1.0
2023-08-08,Kuopio Karttula,,-1.0,-1.0
2023-08-08,Kuopio Ritoniemi,22.5,,
2023-08-08,Kuopio Savilahti,22.9,-1.0,-1.0
2023-08-08,Heinävesi Palokki,,1.5,-1.0
2023-08-08,Outokumpu Viuruniemi,,0.5,-1.0
2023-08-08,Rautavaara Ala-Luosta,,1.9,-1.0
2023-08-08,Rautavaara Ylä-Luosta,22.0,5.1,-1.0
2023-08-08,Liperi Joensuu lentoasema,22.3,,
2023-08-08,Juuka Niemelä,22.0,6.3,-1.0
2023-08-08,Joensuu Pyhäselkä,,7.0,-1.0
2023-08-08,Lieksa Koli,,5.2,-1.0
2023-08-08,Liperi Tuiskavanluoto,21.6,,
2023-08-08,Joensuu Linnunlahti,22.2,5.2,-1.0
2023-08-08,Lieksa Lampela,23.3,11.6,-1.0
2023-08-08,Ilomantsi Pötsönvaara,22.4,33.6,-1.0
2023-08-08,Ilomantsi Mekrijärvi,22.8,7.6,-1.0
2023-08-08,Pietarsaari Kallan,22.2,,
2023-08-08,Kokkola Tankar,20.7,,
2023-08-08,Kruunupyy Kokkola-Pietarsaari lentoasema,22.7,,
2023-08-08,Kaustinen Tastula,,-1.0,-1.0
2023-08-08,Kalajoki Ulkokalla,19.5,,
2023-08-08,Kokkola Santahaka,22.6,7.9,-1.0
2023-08-08,Toholampi Oravala,,-1.0,-1.0
2023-08-08,Kalajoki Pitkäsenkylä,,-1.0,-1.0
2023-08-08,Kalajoki Mehtäkylä,,-1.0,-1.0
2023-08-08,Toholampi Laitala,22.1,-1.0,-1.0
2023-08-08,Ylivieska lentokenttä,23.0,-1.0,-1.0
2023-08-08,Ylivieska Vähäkangas,,-1.0,-1.0
2023-08-08,Haapavesi Mustikkamäki,23.0,0.1,-1.0
2023-08-08,Pyhäjärvi Ojakylä,21.7,2.5,-1.0
2023-08-08,Pyhäjärvi Hiidenniemi,,-1.0,-1.0
2023-08-08,Kiuruvesi Korpijoki,,0.3,-1.0
2023-08-08,Siikalatva Kestilä,,0.9,-1.0
2023-08-08,Kajaani lentoasema,23.2,,
2023-08-08,Vieremä Kaarakkala,22.0,1.6,-1.0
2023-08-08,Kajaani Paltaniemi,,1.2,-1.0
2023-08-08,Nurmes Valtimo,22.9,2.3,-1.0
2023-08-08,Ristijärvi Mustavaara,,10.9,-1.0
2023-08-08,Sotkamo Kuolaniemi,22.5,2.2,-1.0
2023-08-08,Nurmes Mujejärvi,,35.0,-1.0
2023-08-08,Kuhmo Apaja,,16.6,-1.0
2023-08-08,Kuhmo Kalliojoki,23.2,4.8,-1.0
2023-08-08,Raahe Nahkiainen,22.2,,
2023-08-08,Hailuoto Keskikylä,23.8,-1.0,-1.0
2023-08-08,Kemi I majakka,20.6,,
2023-08-08,Hailuoto Marjaniemi,24.3,,
2023-08-08,Raahe Lapaluoto satama,25.1,,
2023-08-08,Oulu lentoasema,24.4,,
2023-08-08,Siikajoki Ruukki,24.0,-1.0,-1.0
2023-08-08,Oulu Vihreäsaari satama,24.6,,
2023-08-08,Oulu Oulunsalo Pellonpää,24.1,3.1,-1.0
2023-08-08,Vaala Pelso,22.9,0.3,-1.0
2023-08-08,Pudasjärvi lentokenttä,23.1,10.1,-1.0
2023-08-08,Utajärvi Särkijärvi,,6.4,-1.0
2023-08-08,Pudasjärvi Jaurakkajärvi,,5.4,-1.0
2023-08-08,Suomussalmi Näljänkä,,3.9,-1.0
2023-08-08,Suomussalmi Pesiö,22.0,4.8,-1.0
2023-08-08,Puolanka Kotila,,13.4,-1.0
2023-08-08,Puolanka Paljakka,21.5,11.8,-1.0
2023-08-08,Kemi Kemi-Tornio lentoasema,24.2,,
2023-08-08,Kemi Ajos,24.1,,
2023-08-08,Tornio Kaakkuri,24.5,0.2,
2023-08-08,Ranua lentokenttä,23.1,3.2,-1.0
2023-08-08,Pudasjärvi Sarakylä,,7.0,-1.0
2023-08-08,Posio Raistakka,,0.4,-1.0
2023-08-08,Taivalkoski Inkee,,0.3,-1.0
2023-08-08,Taivalkoski kirkonkylä,22.5,2.4,-1.0
2023-08-08,Kuusamo lentoasema,20.0,0.3,-1.0
2023-08-08,Kuusamo Kiutaköngäs,20.2,-1.0,-1.0
2023-08-08,Kuusamo Rukatunturi,17.5,,
2023-08-08,Kuusamo Teeriranta,,-1.0,-1.0
2023-08-08,Kuusamo Juuma,19.0,,
2023-08-08,Ylitornio Meltosjärvi,23.1,3.7,-1.0
2023-08-08,Kolari Kattilamaa,,0.2,-1.0
2023-08-08,Pello kirkonkylä,23.5,1.9,-1.0
2023-08-08,Rovaniemi rautatieasema,23.5,,
2023-08-08,Sodankylä Tähtelä,21.1,-1.0,-1.0
2023-08-08,Rovaniemi Apukka,22.8,-1.0,-1.0
2023-08-08,Pelkosenniemi kirkonkylä,,-1.0,-1.0
2023-08-08,Kemijärvi lentokenttä,21.3,-1.0,-1.0
2023-08-08,Savukoski kirkonkylä,19.6,-1.0,-1.0
2023-08-08,Salla Kelloselkä,,-1.0,-1.0
2023-08-08,Pelkosenniemi Pyhätunturi,18.5,,
2023-08-08,Salla kirkonkylä,20.1,-1.0,-1.0
2023-08-08,Salla Naruska,18.8,-1.0,-1.0
2023-08-08,Enontekiö Kaaresuvanto,,-1.0,-1.0
2023-08-08,Enontekiö lentoasema,21.1,,
2023-08-08,Kittilä Pulju,,-1.0,-1.0
2023-08-08,Muonio Laukukero,17.0,,
2023-08-08,Muonio Sammaltunturi,18.2,,
2023-08-08,Kittilä Matorova,19.7,,
2023-08-08,Kittilä lentoasema,21.2,,
2023-08-08,Kittilä Kenttärova,19.5,-1.0,-1.0
2023-08-08,Kittilä Pakatti,21.1,-1.0,-1.0
2023-08-08,Kittilä Pokka,19.9,-1.0,-1.0
2023-08-08,Sodankylä Lokka,19.9,-1.0,-1.0
2023-08-08,Sodankylä Vuotso,19.5,-1.0,-1.0
2023-08-08,Inari Saariselkä matkailukeskus,20.4,-1.0,-1.0
2023-08-08,Inari Saariselkä Kaunispää,19.6,,
2023-08-08,Inari Raja-Jooseppi,19.9,,
2023-08-08,Salla Värriötunturi,18.0,-1.0,-1.0
2023-08-08,Enontekiö Kilpisjärvi kyläkeskus,19.1,0.1,-1.0
2023-08-08,Enontekiö Kilpisjärvi Saana,15.9,,
2023-08-08,Enontekiö Näkkälä,20.4,-1.0,-1.0
2023-08-08,Inari Angeli Lintupuoliselkä,20.8,-1.0,-1.0
2023-08-08,Inari Ivalo lentoasema,21.0,,
2023-08-08,Utsjoki Kevo,20.0,-1.0,-1.0
2023-08-08,Utsjoki Nuorgam,20.2,-1.0,-1.0
2023-08-08,Inari Väylä,19.2,,
2023-08-08,Inari kirkonkylä,,-1.0,-1.0
2023-08-08,Inari Kaamanen,19.7,-1.0,-1.0
2023-08-08,Inari Nellim,20.4,-1.0,-1.0
2023-08-08,Inari Kirakkajärvi,20.8,-1.0,-1.0
2023-08-08,Mäntsälä Hirvihaara,19.0,1.1,-1.0
2023-08-08,Lahti Sopenkorpi,19.8,1.4,-1.0
2023-08-08,Siuntio Sjundby,,0.2,-1.0
2023-08-08,Sipoo Itätoukki,18.8,,
2023-08-08,Rauma Pyynpää,19.9,2.0,-1.0
2023-08-08,Muonio Oustajärvi,21.5,-1.0,-1.0
2023-08-08,Pyhtää lentokenttä,20.2,-1.0,-1.0
2023-08-08,Sotkamo Tuhkakylä,22.2,0.4,-1.0
2023-08-08,Tervola Loue,23.5,,
2023-08-08,Savukoski Tulppio,20.1,-1.0,-1.0
2023-08-08,Mikkeli Pitkäaho,,2.2,-1.0
2023-08-08,Kajaani Petäisenniska,22.5,-1.0,-1.0
2023-08-08,Utsjoki Kevo Kevojärvi,19.1,,
2023-08-08,Inari Seitalaassa,17.7,,
2023-08-08,Ilmajoki Seinäjoki lentoasema,21.0,,
2023-08-08,Rovaniemi lentoasema AWOS,22.2,-1.0,-1.0
2023-08-08,Jyväskylä lentoasema AWOS,20.2,13.1,-1.0
2023-08-08,Puumala kirkonkylä,20.7,3.1,-1.0
2023-08-08,Helsinki Vuosaari satama,18.9,,
2023-08-08,Maarianhamina Länsisatama,17.0,,
2023-08-08,Lumparland Långnäs satama,17.0,9.2,-1.0
2023-08-08,Kittilä Lompolonvuoma,19.6,-1.0,
2023-08-08,Kuusamo Ruka Talvijärvi,19.6,,
2023-08-08,Espoo Nuuksio,18.1,3.3,-1.0
2023-08-08,Mikkeli Lentoasema AWOS,20.4,4.0,-1.0
2023-08-08,Espoo Tapiola,19.1,-1.0,-1.0
2023-08-09,Porvoo Kilpilahti satama,17.6,,
2023-08-09,Jomala Maarianhamina lentoasema,15.6,,
2023-08-09,Parainen Utö,16.8,4.8,-1.0
2023-08-09,Lemland Nyhamn,15.4,,
2023-08-09,Jomala Jomalaby,15.6,1.2,-1.0
2023-08-09,Hammarland Märket,15.2,,
2023-08-09,Kökar Bogskär,15.5,,
2023-08-09,Parainen Fagerholm,16.6,2.5,
2023-08-09,Kumlinge kirkonkylä,16.7,,
2023-08-09,Hanko Russarö,17.3,-1.0,
2023-08-09,Kaarina Yltöinen,16.6,2.0,-1.0
2023-08-09,Kemiönsaari Vänö,15.9,,
2023-08-09,Hanko Tulliniemi,17.2,,
2023-08-09,Turku Rajakari,16.2,,
2023-08-09,Turku Artukainen,16.7,0.8,-1.0
2023-08-09,Kemiönsaari Kemiö,16.3,2.0,-1.0
2023-08-09,Hanko Tvärminne,16.5,6.0,-1.0
2023-08-09,Salo Kärkkä,16.1,12.4,
2023-08-09,Lohja Leppäkorpi,,1.5,-1.0
2023-08-09,Raasepori Jussarö,17.0,,
2023-08-09,Salo Kiikala lentokenttä,15.8,1.1,-1.0
2023-08-09,Vantaa Helsinki-Vantaan lentoasema,17.1,-1.0,-1.0
2023-08-09,Inkoo Bågaskär,17.2,,
2023-08-09,Helsinki Kaisaniemi,17.8,-1.0,-1.0
2023-08-09,Lohja Porla,15.5,0.4,-1.0
2023-08-09,Vihti Maasoja,16.5,,
2023-08-09,Helsinki Harmaja,17.1,,
2023-08-09,Kirkkonummi Mäkiluoto,17.1,,
2023-08-09,Helsinki Helsingin majakka,17.0,,
2023-08-09,Helsinki Kumpula,17.8,-1.0,-1.0
2023-08-09,Helsinki Malmi lentokenttä,16.7,,
2023-08-09,Porvoo Kalbådagrund,16.9,,
2023-08-09,Porvoo Emäsalo,17.3,,
2023-08-09,Porvoo Harabacka,17.5,-1.0,-1.0
2023-08-09,Kotka Rankki,18.1,-1.0,-1.0
2023-08-09,Loviisa Orrengrund,17.7,,
2023-08-09,Kotka Haapasaari,18.6,,
2023-08-09,Pori lentoasema,15.9,,
2023-08-09,Uusikaupunki Itätulli,,4.7,-1.0
2023-08-09,Kustavi Isokari,16.4,0.2,
2023-08-09,Rauma Kylmäpihlaja,16.4,,
2023-08-09,Pori rautatieasema,16.5,0.2,-1.0
2023-08-09,Turku lentoasema,15.8,,
2023-08-09,Kokemäki Rausenkulma,,0.5,-1.0
2023-08-09,Huittinen Sallila,,1.0,-1.0
2023-08-09,Oripää Teinikivi,,0.9,-1.0
2023-08-09,Pöytyä Yläne,,3.1,-1.0
2023-08-09,Kokemäki Tulkkila,16.2,0.1,-1.0
2023-08-09,Jokioinen Ilmala,16.1,0.3,-1.0
2023-08-09,Nokia Tottijärvi,,-1.0,-1.0
2023-08-09,Pirkkala Tampere-Pirkkala lentoasema,16.3,,
2023-08-09,Tampere Härmälä,16.7,-1.0,-1.0
2023-08-09,Somero Salkola,15.1,0.6,-1.0
2023-08-09,Hyvinkää Hyvinkäänkylä,16.0,-1.0,-1.0
2023-08-09,Vihti Hiiskula,,2.5,-1.0
2023-08-09,Hämeenlinna Pirttikoski,,-1.0,-1.0
2023-08-09,Nurmijärvi Röykkä,16.4,-1.0,-1.0
2023-08-09,Hämeenlinna Katinen,16.7,-1.0,
2023-08-09,Hattula Lepaa,16.3,-1.0,-1.0
2023-08-09,Hämeenlinna Lammi Pappila,15.5,-1.0,-1.0
2023-08-09,Asikkala Pulkkilanharju,16.6,,
2023-08-09,Kouvola Utti lentoasema,17.0,0.0,-1.0
2023-08-09,Kouvola Anjala,16.8,-1.0,-1.0
2023-08-09,Heinola Asemantaus,16.4,-1.0,-1.0
2023-08-09,Kouvola Voikoski,,-1.0,-1.0
2023-08-09,Virolahti Koivuniemi,16.3,-1.0,-1.0
2023-08-09,Lappeenranta lentoasema,17.1,,
2023-08-09,Lappeenranta Konnunsuo,16.2,,
2023-08-09,Lappeenranta Lepola,17.5,-1.0,-1.0
2023-08-09,Ruokolahti Kotaniemi,,-1.0,-1.0
2023-08-09,Lappeenranta Hiekkapakka,19.0,,
2023-08-09,Parikkala Koitsanlahti,16.6,-1.0,
2023-08-09,Kaskinen Sälgrund,17.2,-1.0,
2023-08-09,Merikarvia Tuorila,,-1.0,-1.0
2023-08-09,Isojoki Kärjenkoski,,-1.0,-1.0
2023-08-09,Teuva Kauppilankylä,,-1.0,-1.0
2023-08-09,Pori Tahkoluoto satama,16.7,,
2023-08-09,Kristiinankaupunki Majakka,16.3,,
2023-08-09,Karvia Alkkia,15.5,-1.0,-1.0
2023-08-09,Kurikka Hirvijärvi,,-1.0,-1.0
2023-08-09,Kauhajoki Kuja-Kokko,16.1,-1.0,-1.0
2023-08-09,Kankaanpää Niinisalo lentokenttä,16.2,0.1,-1.0
2023-08-09,Alavus Sulkavankylä,,-1.0,-1.0
2023-08-09,Virrat Äijänneva,15.7,,
2023-08-09,Tampere Siilinkari,16.9,,
2023-08-09,Jämsä Halli lentoasema,17.0,-1.0,-1.0
2023-08-09,Juupajoki Hyytiälä,15.1,-1.0,-1.0
2023-08-09,Sysmä Joutsjärvi,,-1.0,-1.0
2023-08-09,Jyväskylä Muuratjärvi,,-1.0,-1.0
2023-08-09,Luhanka Judinsalo,17.3,,
2023-08-09,Multia Pirttiperä,,-1.0,-1.0
2023-08-09,Joutsa Savenaho,15.7,-1.0,-1.0
2023-08-09,Kangasniemi kirkonkylä,,1.3,-1.0
2023-08-09,Joutsa Pärnämäki,,0.0,-1.0
2023-08-09,Juva Partala,17.0,,
2023-08-09,Varkaus Kosulanniemi,18.3,2.3,-1.0
2023-08-09,Savonlinna Laukansaari,,1.1,-1.0
2023-08-09,Sulkava Halttula,,0.9,-1.0
2023-08-09,Savonlinna lentoasema,17.6,,
2023-08-09,Rantasalmi Rukkasluoto,19.4,,
2023-08-09,Savonlinna Punkaharju Laukansaari,18.2,0.7,-1.0
2023-08-09,Enonkoski Simanala,,3.0,-1.0
2023-08-09,Savonlinna Savonranta,,-1.0,-1.0
2023-08-09,Rääkkylä kirkonkylä,,6.5,-1.0
2023-08-09,Tohmajärvi Kemie,18.5,8.7,-1.0
2023-08-09,Joensuu Huhtilampi,,14.6,-1.0
2023-08-09,Vaasa lentoasema,17.0,,
2023-08-09,Mustasaari Valassaaret,17.5,,
2023-08-09,Närpiö Ylimarkku,,0.3,-1.0
2023-08-09,Mustasaari Riimala,,-1.0,-1.0
2023-08-09,Kurikka Pyörni,,-1.0,-1.0
2023-08-09,Korsnäs Bredskäret,17.2,,
2023-08-09,Maalahti Strömmingsbådan,17.3,,
2023-08-09,Vaasa Klemettilä,17.4,-1.0,-1.0
2023-08-09,Seinäjoki Pelmaa,16.7,-1.0,-1.0
2023-08-09,Kauhava lentokenttä,16.7,-1.0,-1.0
2023-08-09,Ähtäri Inha,16.6,-1.0,-1.0
2023-08-09,Halsua Purola,16.2,0.2,-1.0
2023-08-09,Alajärvi Möksy,16.1,-1.0,-1.0
2023-08-09,Multia Karhila,15.3,-1.0,-1.0
2023-08-09,Viitasaari Haapaniemi,17.4,0.6,-1.0
2023-08-09,Äänekoski Kalaniemi,,1.0,-1.0
2023-08-09,Vesanto kirkonkylä,16.2,1.0,-1.0
2023-08-09,Pielavesi Venetmäki,,6.0,-1.0
2023-08-09,Siilinjärvi Kuopio lentoasema,18.4,,
2023-08-09,Kuopio Maaninka,18.2,7.9,-1.0
2023-08-09,Lapinlahti Lamminkäyrä,,4.2,-1.0
2023-08-09,Suonenjoki Iisvesi,,2.7,-1.0
2023-08-09,Kuopio Karttula,,0.2,-1.0
2023-08-09,Kuopio Ritoniemi,18.6,,
2023-08-09,Kuopio Savilahti,18.1,9.4,-1.0
2023-08-09,Heinävesi Palokki,,2.0,-1.0
2023-08-09,Outokumpu Viuruniemi,,7.0,-1.0
2023-08-09,Rautavaara Ala-Luosta,,5.2,-1.0
2023-08-09,Rautavaara Ylä-Luosta,16.7,3.2,-1.0
2023-08-09,Liperi Joensuu lentoasema,18.2,,
2023-08-09,Juuka Niemelä,16.5,5.3,-1.0
2023-08-09,Joensuu Pyhäselkä,,8.6,-1.0
2023-08-09,Lieksa Koli,,9.9,-1.0
2023-08-09,Liperi Tuiskavanluoto,19.8,,
2023-08-09,Joensuu Linnunlahti,18.6,9.2,-1.0
2023-08-09,Lieksa Lampela,17.8,37.5,-1.0
2023-08-09,Ilomantsi Pötsönvaara,17.7,26.6,-1.0
2023-08-09,Ilomantsi Mekrijärvi,18.7,36.5,-1.0
2023-08-09,Pietarsaari Kallan,17.5,,
2023-08-09,Kokkola Tankar,16.8,,
2023-08-09,Kruunupyy Kokkola-Pietarsaari lentoasema,17.6,,
2023-08-09,Kaustinen Tastula,,-1.0,-1.0
2023-08-09,Kalajoki Ulkokalla,16.4,,
2023-08-09,Kokkola Santahaka,17.8,-1.0,-1.0
2023-08-09,Toholampi Oravala,,1.3,-1.0
2023-08-09,Kalajoki Pitkäsenkylä,,4.4,-1.0
2023-08-09,Kalajoki Mehtäkylä,,5.9,-1.0
2023-08-09,Toholampi Laitala,16.9,0.8,-1.0
2023-08-09,Ylivieska lentokenttä,16.6,2.2,-1.0
2023-08-09,Ylivieska Vähäkangas,,2.2,-1.0
2023-08-09,Haapavesi Mustikkamäki,16.9,1.1,-1.0
2023-08-09,Pyhäjärvi Ojakylä,15.9,2.0,-1.0
2023-08-09,Pyhäjärvi Hiidenniemi,,3.5,-1.0
2023-08-09,Kiuruvesi Korpijoki,,1.7,-1.0
2023-08-09,Siikalatva Kestilä,,1.0,-1.0
2023-08-09,Kajaani lentoasema,16.9,,
2023-08-09,Vieremä Kaarakkala,17.1,3.4,-1.0
2023-08-09,Kajaani Paltaniemi,,6.3,-1.0
2023-08-09,Nurmes Valtimo,17.2,9.9,-1.0
2023-08-09,Ristijärvi Mustavaara,,55.7,-1.0
2023-08-09,Sotkamo Kuolaniemi,16.3,9.8,-1.0
2023-08-09,Nurmes Mujejärvi,,49.9,-1.0
2023-08-09,Kuhmo Apaja,,49.1,-1.0
2023-08-09,Kuhmo Kalliojoki,18.1,4.7,-1.0
2023-08-09,Raahe Nahkiainen,17.0,,
2023-08-09,Hailuoto Keskikylä,17.7,0.6,-1.0
2023-08-09,Kemi I majakka,17.4,,
2023-08-09,Hailuoto Marjaniemi,18.0,,
2023-08-09,Raahe Lapaluoto satama,18.1,,
2023-08-09,Oulu lentoasema,18.5,,
2023-08-09,Siikajoki Ruukki,18.2,1.2,-1.0
2023-08-09,Oulu Vihreäsaari satama,18.2,,
2023-08-09,Oulu Oulunsalo Pellonpää,17.7,1.3,-1.0
2023-08-09,Vaala Pelso,16.5,1.9,-1.0
2023-08-09,Pudasjärvi lentokenttä,17.5,41.0,-1.0
2023-08-09,Utajärvi Särkijärvi,,14.1,-1.0
2023-08-09,Pudasjärvi Jaurakkajärvi,,13.7,-1.0
2023-08-09,Suomussalmi Näljänkä,,6.1,-1.0
2023-08-09,Suomussalmi Pesiö,17.5,5.2,-1.0
2023-08-09,Puolanka Kotila,,30.8,-1.0
2023-08-09,Puolanka Paljakka,15.2,34.8,-1.0
2023-08-09,Kemi Kemi-Tornio lentoasema,17.5,,
2023-08-09,Kemi Ajos,18.4,,
2023-08-09,Tornio Kaakkuri,18.2,2.4,
2023-08-09,Ranua lentokenttä,17.2,4.0,-1.0
2023-08-09,Pudasjärvi Sarakylä,,0.3,-1.0
2023-08-09,Posio Raistakka,,8.0,-1.0
2023-08-09,Taivalkoski Inkee,,10.3,-1.0
2023-08-09,Taivalkoski kirkonkylä,17.8,3.7,-1.0
2023-08-09,Kuusamo lentoasema,18.4,14.5,-1.0
2023-08-09,Kuusamo Kiutaköngäs,19.1,1.2,-1.0
2023-08-09,Kuusamo Rukatunturi,17.0,,
2023-08-09,Kuusamo Teeriranta,,26.6,-1.0
2023-08-09,Kuusamo Juuma,18.5,,
2023-08-09,Ylitornio Meltosjärvi,18.0,15.5,-1.0
2023-08-09,Kolari Kattilamaa,,1.2,-1.0
2023-08-09,Pello kirkonkylä,18.9,3.9,-1.0
2023-08-09,Rovaniemi rautatieasema,18.9,,
2023-08-09,Sodankylä Tähtelä,18.6,0.6,-1.0
2023-08-09,Rovaniemi Apukka,18.9,4.8,-1.0
2023-08-09,Pelkosenniemi kirkonkylä,,10.5,-1.0
2023-08-09,Kemijärvi lentokenttä,18.3,1.2,-1.0
2023-08-09,Savukoski kirkonkylä,18.7,5.8,-1.0
2023-08-09,Salla Kelloselkä,,1.6,-1.0
2023-08-09,Pelkosenniemi Pyhätunturi,16.2,,
2023-08-09,Salla kirkonkylä,19.1,4.1,-1.0
2023-08-09,Salla Naruska,18.9,2.2,-1.0
2023-08-09,Enontekiö Kaaresuvanto,,0.5,-1.0
2023-08-09,Enontekiö lentoasema,19.6,,
2023-08-09,Kittilä Pulju,,0.2,-1.0
2023-08-09,Muonio Laukukero,15.9,,
2023-08-09,Muonio Sammaltunturi,17.1,,
2023-08-09,Kittilä Matorova,18.8,,
2023-08-09,Kittilä lentoasema,19.5,,
2023-08-09,Kittilä Kenttärova,18.7,0.2,-1.0
2023-08-09,Kittilä Pakatti,19.4,1.7,-1.0
2023-08-09,Kittilä Pokka,18.3,0.6,-1.0
2023-08-09,Sodankylä Lokka,19.0,3.5,-1.0
2023-08-09,Sodankylä Vuotso,18.7,1.8,-1.0
2023-08-09,Inari Saariselkä matkailukeskus,19.9,-1.0,-1.0
2023-08-09,Inari Saariselkä Kaunispää,19.3,,
2023-08-09,Inari Raja-Jooseppi,21.4,,
2023-08-09,Salla Värriötunturi,20.3,-1.0,-1.0
2023-08-09,Enontekiö Kilpisjärvi kyläkeskus,18.5,-1.0,-1.0
2023-08-09,Enontekiö Kilpisjärvi Saana,14.8,,
2023-08-09,Enontekiö Näkkälä,18.9,-1.0,-1.0
2023-08-09,Inari Angeli Lintupuoliselkä,20.1,0.4,-1.0
2023-08-09,Inari Ivalo lentoasema,21.3,,
2023-08-09,Utsjoki Kevo,21.9,-1.0,-1.0
2023-08-09,Utsjoki Nuorgam,21.7,-1.0,-1.0
2023-08-09,Inari Väylä,20.6,,
2023-08-09,Inari kirkonkylä,,-1.0,-1.0
2023-08-09,Inari Kaamanen,21.1,-1.0,-1.0
2023-08-09,Inari Nellim,21.9,-1.0,-1.0
2023-08-09,Inari Kirakkajärvi,22.5,-1.0,-1.0
2023-08-09,Mäntsälä Hirvihaara,15.4,-1.0,-1.0
2023-08-09,Lahti Sopenkorpi,16.7,-1.0,-1.0
2023-08-09,Siuntio Sjundby,,1.0,-1.0
2023-08-09,Sipoo Itätoukki,17.4,,
2023-08-09,Rauma Pyynpää,15.1,7.9,-1.0
2023-08-09,Muonio Oustajärvi,19.5,-1.0,-1.0
2023-08-09,Pyhtää lentokenttä,15.9,-1.0,-1.0
2023-08-09,Sotkamo Tuhkakylä,16.9,6.5,-1.0
2023-08-09,Tervola Loue,18.2,,
2023-08-09,Savukoski Tulppio,21.5,-1.0,-1.0
2023-08-09,Mikkeli Pitkäaho,,-1.0,-1.0
2023-08-09,Kajaani Petäisenniska,17.1,6.6,-1.0
2023-08-09,Utsjoki Kevo Kevojärvi,20.8,,
2023-08-09,Inari Seitalaassa,20.1,,
2023-08-09,Ilmajoki Seinäjoki lentoasema,16.0,,
2023-08-09,Rovaniemi lentoasema AWOS,18.0,2.5,-1.0
2023-08-09,Jyväskylä lentoasema AWOS,15.4,-1.0,-1.0
2023-08-09,Puumala kirkonkylä,17.8,-1.0,-1.0
2023-08-09,Helsinki Vuosaari satama,16.8,,
2023-08-09,Maarianhamina Länsisatama,15.7,,
2023-08-09,Lumparland Långnäs satama,15.7,2.8,-1.0
2023-08-09,Kittilä Lompolonvuoma,19.4,0.1,
2023-08-09,Kuusamo Ruka Talvijärvi,18.5,,
2023-08-09,Espoo Nuuksio,16.0,3.0,-1.0
2023-08-09,Mikkeli Lentoasema AWOS,15.8,-1.0,-1.0
2023-08-09,Espoo Tapiola,16.8,-1.0,-1.0
2023-08-10,Porvoo Kilpilahti satama,16.1,,
2023-08-10,Jomala Maarianhamina lentoasema,14.1,,
2023-08-10,Parainen Utö,15.2,7.5,-1.0
2023-08-10,Lemland Nyhamn,14.5,,
2023-08-10,Jomala Jomalaby,14.1,3.1,-1.0
2023-08-10,Hammarland Märket,14.0,,
2023-08-10,Kökar Bogskär,14.6,,
2023-08-10,Parainen Fagerholm,15.6,3.6,
2023-08-10,Kumlinge kirkonkylä,15.0,,
2023-08-10,Hanko Russarö,16.5,1.7,
2023-08-10,Kaarina Yltöinen,14.8,5.6,-1.0
2023-08-10,Kemiönsaari Vänö,15.9,,
2023-08-10,Hanko Tulliniemi,16.6,,
2023-08-10,Turku Rajakari,15.6,,
2023-08-10,Turku Artukainen,15.3,9.6,-1.0
2023-08-10,Kemiönsaari Kemiö,14.9,8.3,-1.0
2023-08-10,Hanko Tvärminne,16.4,1.9,-1.0
2023-08-10,Salo Kärkkä,14.6,2.4,
2023-08-10,Lohja Leppäkorpi,,1.9,-1.0
2023-08-10,Raasepori Jussarö,16.2,,
2023-08-10,Salo Kiikala lentokenttä,14.5,2.4,-1.0
2023-08-10,Vantaa Helsinki-Vantaan lentoasema,14.7,4.7,-1.0
2023-08-10,Inkoo Bågaskär,16.8,,
2023-08-10,Helsinki Kaisaniemi,16.0,8.0,-1.0
2023-08-10,Lohja Porla,14.8,4.4,-1.0
2023-08-10,Vihti Maasoja,14.0,,
2023-08-10,Helsinki Harmaja,16.3,,
2023-08-10,Kirkkonummi Mäkiluoto,16.2,,
2023-08-10,Helsinki Helsingin majakka,16.0,,
2023-08-10,Helsinki Kumpula,15.8,6.8,-1.0
2023-08-10,Helsinki Malmi lentokenttä,14.9,,
2023-08-10,Porvoo Kalbådagrund,16.8,,
2023-08-10,Porvoo Emäsalo,16.6,,
2023-08-10,Porvoo Harabacka,15.5,1.5,-1.0
2023-08-10,Kotka Rankki,17.3,4.0,-1.0
2023-08-10,Loviisa Orrengrund,17.1,,
2023-08-10,Kotka Haapasaari,18.1,,
2023-08-10,Pori lentoasema,14.6,,
2023-08-10,Uusikaupunki Itätulli,,7.4,-1.0
2023-08-10,Kustavi Isokari,15.6,9.3,
2023-08-10,Rauma Kylmäpihlaja,15.5,,
2023-08-10,Pori rautatieasema,15.0,11.1,-1.0
2023-08-10,Turku lentoasema,14.6,,
2023-08-10,Kokemäki Rausenkulma,,3.4,-1.0
2023-08-10,Huittinen Sallila,,13.3,-1.0
2023-08-10,Oripää Teinikivi,,4.8,-1.0
2023-08-10,Pöytyä Yläne,,3.1,-1.0
2023-08-10,Kokemäki Tulkkila,14.0,8.2,-1.0
2023-08-10,Jokioinen Ilmala,14.7,3.2,-1.0
2023-08-10,Nokia Tottijärvi,,3.2,-1.0
2023-08-10,Pirkkala Tampere-Pirkkala lentoasema,14.9,,
2023-08-10,Tampere Härmälä,15.2,0.3,-1.0
2023-08-10,Somero Salkola,13.9,0.7,-1.0
2023-08-10,Hyvinkää Hyvinkäänkylä,13.9,8.6,-1.0
2023-08-10,Vihti Hiiskula,,2.9,-1.0
2023-08-10,Hämeenlinna Pirttikoski,,-1.0,-1.0
2023-08-10,Nurmijärvi Röykkä,14.3,5.8,-1.0
2023-08-10,Hämeenlinna Katinen,15.2,-1.0,
2023-08-10,Hattula Lepaa,15.0,-1.0,-1.0
2023-08-10,Hämeenlinna Lammi Pappila,14.8,0.8,-1.0
2023-08-10,Asikkala Pulkkilanharju,15.6,,
2023-08-10,Kouvola Utti lentoasema,16.0,0.2,-1.0
2023-08-10,Kouvola Anjala,15.8,1.3,-1.0
2023-08-10,Heinola Asemantaus,15.4,3.4,-1.0
2023-08-10,Kouvola Voikoski,,0.8,-1.0
2023-08-10,Virolahti Koivuniemi,16.1,0.0,-1.0
2023-08-10,Lappeenranta lentoasema,17.3,,
2023-08-10,Lappeenranta Konnunsuo,16.3,,
2023-08-10,Lappeenranta Lepola,17.0,0.6,-1.0
2023-08-10,Ruokolahti Kotaniemi,,0.1,-1.0
2023-08-10,Lappeenranta Hiekkapakka,18.3,,
2023-08-10,Parikkala Koitsanlahti,17.5,-1.0,
2023-08-10,Kaskinen Sälgrund,16.5,0.8,
2023-08-10,Merikarvia Tuorila,,8.7,-1.0
2023-08-10,Isojoki Kärjenkoski,,5.1,-1.0
2023-08-10,Teuva Kauppilankylä,,3.5,-1.0
2023-08-10,Pori Tahkoluoto satama,15.6,,
2023-08-10,Kristiinankaupunki Majakka,15.6,,
2023-08-10,Karvia Alkkia,13.9,0.3,-1.0
2023-08-10,Kurikka Hirvijärvi,,0.1,-1.0
2023-08-10,Kauhajoki Kuja-Kokko,14.5,-1.0,-1.0
2023-08-10,Kankaanpää Niinisalo lentokenttä,14.8,1.2,-1.0
2023-08-10,Alavus Sulkavankylä,,0.0,-1.0
2023-08-10,Virrat Äijänneva,14.5,,
2023-08-10,Tampere Siilinkari,16.0,,
2023-08-10,Jämsä Halli lentoasema,16.1,-1.0,-1.0
2023-08-10,Juupajoki Hyytiälä,14.4,-1.0,-1.0
2023-08-10,Sysmä Joutsjärvi,,9.0,-1.0
2023-08-10,Jyväskylä Muuratjärvi,,2.3,-1.0
2023-08-10,Luhanka Judinsalo,16.4,,
2023-08-10,Multia Pirttiperä,,1.0,-1.0
2023-08-10,Joutsa Savenaho,15.2,1.2,-1.0
2023-08-10,Kangasniemi kirkonkylä,,0.0,-1.0
2023-08-10,Joutsa Pärnämäki,,0.4,-1.0
2023-08-10,Juva Partala,17.6,,
2023-08-10,Varkaus Kosulanniemi,18.5,-1.0,-1.0
2023-08-10,Savonlinna Laukansaari,,0.1,-1.0
2023-08-10,Sulkava Halttula,,-1.0,-1.0
2023-08-10,Savonlinna lentoasema,18.3,,
2023-08-10,Rantasalmi Rukkasluoto,19.3,,
2023-08-10,Savonlinna Punkaharju Laukansaari,18.7,-1.0,-1.0
2023-08-10,Enonkoski Simanala,,-1.0,-1.0
2023-08-10,Savonlinna Savonranta,,-1.0,-1.0
2023-08-10,Rääkkylä kirkonkylä,,-1.0,-1.0
2023-08-10,Tohmajärvi Kemie,17.2,-1.0,-1.0
2023-08-10,Joensuu Huhtilampi,,-1.0,-1.0
2023-08-10,Vaasa lentoasema,16.0,,
2023-08-10,Mustasaari Valassaaret,16.7,,
2023-08-10,Närpiö Ylimarkku,,4.1,-1.0
2023-08-10,Mustasaari Riimala,,0.0,-1.0
2023-08-10,Kurikka Pyörni,,0.4,-1.0
2023-08-10,Korsnäs Bredskäret,16.2,,
2023-08-10,Maalahti Strömmingsbådan,17.2,,
2023-08-10,Vaasa Klemettilä,16.5,0.1,-1.0
2023-08-10,Seinäjoki Pelmaa,16.0,0.1,-1.0
2023-08-10,Kauhava lentokenttä,16.7,-1.0,-1.0
2023-08-10,Ähtäri Inha,16.2,-1.0,-1.0
2023-08-10,Halsua Purola,16.8,0.2,-1.0
2023-08-10,Alajärvi Möksy,16.1,0.1,-1.0
2023-08-10,Multia Karhila,15.2,0.5,-1.0
2023-08-10,Viitasaari Haapaniemi,18.1,1.8,-1.0
2023-08-10,Äänekoski Kalaniemi,,0.0,-1.0
2023-08-10,Vesanto kirkonkylä,17.4,0.5,-1.0
2023-08-10,Pielavesi Venetmäki,,-1.0,-1.0
2023-08-10,Siilinjärvi Kuopio lentoasema,18.6,,
2023-08-10,Kuopio Maaninka,18.6,-1.0,-1.0
2023-08-10,Lapinlahti Lamminkäyrä,,-1.0,-1.0
2023-08-10,Suonenjoki Iisvesi,,0.0,-1.0
2023-08-10,Kuopio Karttula,,-1.0,-1.0
2023-08-10,Kuopio Ritoniemi,18.9,,
2023-08-10,Kuopio Savilahti,19.2,0.1,-1.0
2023-08-10,Heinävesi Palokki,,-1.0,-1.0
2023-08-10,Outokumpu Viuruniemi,,0.2,-1.0
2023-08-10,Rautavaara Ala-Luosta,,0.1,-1.0
2023-08-10,Rautavaara Ylä-Luosta,17.1,-1.0,-1.0
2023-08-10,Liperi Joensuu lentoasema,18.1,,
2023-08-10,Juuka Niemelä,16.8,-1.0,-1.0
2023-08-10,Joensuu Pyhäselkä,,-1.0,-1.0
2023-08-10,Lieksa Koli,,-1.0,-1.0
2023-08-10,Liperi Tuiskavanluoto,19.4,,
2023-08-10,Joensuu Linnunlahti,18.7,-1.0,-1.0
2023-08-10,Lieksa Lampela,17.3,-1.0,-1.0
2023-08-10,Ilomantsi Pötsönvaara,17.0,-1.0,-1.0
2023-08-10,Ilomantsi Mekrijärvi,18.0,-1.0,-1.0
2023-08-10,Pietarsaari Kallan,17.3,,
2023-08-10,Kokkola Tankar,17.2,,
2023-08-10,Kruunupyy Kokkola-Pietarsaari lentoasema,17.7,,
2023-08-10,Kaustinen Tastula,,0.1,-1.0
2023-08-10,Kalajoki Ulkokalla,16.3,,
2023-08-10,Kokkola Santahaka,18.1,-1.0,-1.0
2023-08-10,Toholampi Oravala,,-1.0,-1.0
2023-08-10,Kalajoki Pitkäsenkylä,,1.5,-1.0
2023-08-10,Kalajoki Mehtäkylä,,0.5,-1.0
2023-08-10,Toholampi Laitala,16.3,0.8,-1.0
2023-08-10,Ylivieska lentokenttä,16.6,0.3,-1.0
2023-08-10,Ylivieska Vähäkangas,,0.2,-1.0
2023-08-10,Haapavesi Mustikkamäki,17.3,0.0,-1.0
2023-08-10,Pyhäjärvi Ojakylä,16.3,0.9,-1.0
2023-08-10,Pyhäjärvi Hiidenniemi,,1.8,-1.0
2023-08-10,Kiuruvesi Korpijoki,,0.2,-1.0
2023-08-10,Siikalatva Kestilä,,0.1,-1.0
2023-08-10,Kajaani lentoasema,16.8,,
2023-08-10,Vieremä Kaarakkala,16.7,-1.0,-1.0
2023-08-10,Kajaani Paltaniemi,,-1.0,-1.0
2023-08-10,Nurmes Valtimo,17.1,-1.0,-1.0
2023-08-10,Ristijärvi Mustavaara,,0.1,-1.0
2023-08-10,Sotkamo Kuolaniemi,16.8,-1.0,-1.0
2023-08-10,Nurmes Mujejärvi,,-1.0,-1.0
2023-08-10,Kuhmo Apaja,,-1.0,-1.0
2023-08-10,Kuhmo Kalliojoki,17.7,0.3,-1.0
2023-08-10,Raahe Nahkiainen,16.4,,
2023-08-10,Hailuoto Keskikylä,16.6,2.0,-1.0
2023-08-10,Kemi I majakka,17.2,,
2023-08-10,Hailuoto Marjaniemi,16.9,,
2023-08-10,Raahe Lapaluoto satama,17.1,,
2023-08-10,Oulu lentoasema,18.1,,
2023-08-10,Siikajoki Ruukki,17.7,0.2,-1.0
2023-08-10,Oulu Vihreäsaari satama,18.0,,
2023-08-10,Oulu Oulunsalo Pellonpää,17.0,0.5,-1.0
2023-08-10,Vaala Pelso,16.1,-1.0,-1.0
2023-08-10,Pudasjärvi lentokenttä,17.2,1.7,-1.0
2023-08-10,Utajärvi Särkijärvi,,0.4,-1.0
2023-08-10,Pudasjärvi Jaurakkajärvi,,9.6,-1.0
2023-08-10,Suomussalmi Näljänkä,,1.1,-1.0
2023-08-10,Suomussalmi Pesiö,16.9,0.3,-1.0
2023-08-10,Puolanka Kotila,,-1.0,-1.0
2023-08-10,Puolanka Paljakka,15.6,-1.0,-1.0
2023-08-10,Kemi Kemi-Tornio lentoasema,15.6,,
2023-08-10,Kemi Ajos,16.6,,
2023-08-10,Tornio Kaakkuri,15.7,0.8,
2023-08-10,Ranua lentokenttä,16.4,0.4,-1.0
2023-08-10,Pudasjärvi Sarakylä,,3.0,-1.0
2023-08-10,Posio Raistakka,,8.4,-1.0
2023-08-10,Taivalkoski Inkee,,13.0,-1.0
2023-08-10,Taivalkoski kirkonkylä,17.5,4.5,-1.0
2023-08-10,Kuusamo lentoasema,17.7,3.2,-1.0
2023-08-10,Kuusamo Kiutaköngäs,17.8,4.5,-1.0
2023-08-10,Kuusamo Rukatunturi,16.8,,
2023-08-10,Kuusamo Teeriranta,,8.7,-1.0
2023-08-10,Kuusamo Juuma,17.0,,
2023-08-10,Ylitornio Meltosjärvi,13.8,6.1,-1.0
2023-08-10,Kolari Kattilamaa,,5.5,-1.0
2023-08-10,Pello kirkonkylä,13.9,17.2,-1.0
2023-08-10,Rovaniemi rautatieasema,17.4,,
2023-08-10,Sodankylä Tähtelä,17.7,11.4,-1.0
2023-08-10,Rovaniemi Apukka,16.5,6.9,-1.0
2023-08-10,Pelkosenniemi kirkonkylä,,7.5,-1.0
2023-08-10,Kemijärvi lentokenttä,17.0,9.3,-1.0
2023-08-10,Savukoski kirkonkylä,18.4,5.5,-1.0
2023-08-10,Salla Kelloselkä,,1.7,-1.0
2023-08-10,Pelkosenniemi Pyhätunturi,15.5,,
2023-08-10,Salla kirkonkylä,18.2,2.2,-1.0
2023-08-10,Salla Naruska,18.0,5.5,-1.0
2023-08-10,Enontekiö Kaaresuvanto,,1.2,-1.0
2023-08-10,Enontekiö lentoasema,16.6,,
2023-08-10,Kittilä Pulju,,2.1,-1.0
2023-08-10,Muonio Laukukero,13.5,,
2023-08-10,Muonio Sammaltunturi,14.5,,
2023-08-10,Kittilä Matorova,15.9,,
2023-08-10,Kittilä lentoasema,16.0,,
2023-08-10,Kittilä Kenttärova,15.7,9.2,-1.0
2023-08-10,Kittilä Pakatti,16.0,16.7,-1.0
2023-08-10,Kittilä Pokka,17.3,4.1,-1.0
2023-08-10,Sodankylä Lokka,18.1,7.8,-1.0
2023-08-10,Sodankylä Vuotso,18.8,6.9,-1.0
2023-08-10,Inari Saariselkä matkailukeskus,19.9,1.6,-1.0
2023-08-10,Inari Saariselkä Kaunispää,19.0,,
2023-08-10,Inari Raja-Jooseppi,20.4,,
2023-08-10,Salla Värriötunturi,18.6,0.6,-1.0
2023-08-10,Enontekiö Kilpisjärvi kyläkeskus,14.9,1.5,-1.0
2023-08-10,Enontekiö Kilpisjärvi Saana,12.2,,
2023-08-10,Enontekiö Näkkälä,17.1,-1.0,-1.0
2023-08-10,Inari Angeli Lintupuoliselkä,19.0,0.9,-1.0
2023-08-10,Inari Ivalo lentoasema,20.7,,
2023-08-10,Utsjoki Kevo,21.3,-1.0,-1.0
2023-08-10,Utsjoki Nuorgam,21.4,-1.0,-1.0
2023-08-10,Inari Väylä,20.3,,
2023-08-10,Inari kirkonkylä,,-1.0,-1.0
2023-08-10,Inari Kaamanen,21.3,-1.0,-1.0
2023-08-10,Inari Nellim,21.2,-1.0,-1.0
2023-08-10,Inari Kirakkajärvi,22.3,-1.0,-1.0
2023-08-10,Mäntsälä Hirvihaara,13.9,1.0,-1.0
2023-08-10,Lahti Sopenkorpi,15.4,0.5,-1.0
2023-08-10,Siuntio Sjundby,,5.1,-1.0
2023-08-10,Sipoo Itätoukki,16.6,,
2023-08-10,Rauma Pyynpää,14.6,2.8,-1.0
2023-08-10,Muonio Oustajärvi,16.4,4.5,-1.0
2023-08-10,Pyhtää lentokenttä,14.2,1.8,-1.0
2023-08-10,Sotkamo Tuhkakylä,16.8,-1.0,-1.0
2023-08-10,Tervola Loue,14.5,,
2023-08-10,Savukoski Tulppio,19.8,0.2,-1.0
2023-08-10,Mikkeli Pitkäaho,,-1.0,-1.0
2023-08-10,Kajaani Petäisenniska,17.3,-1.0,-1.0
2023-08-10,Utsjoki Kevo Kevojärvi,20.7,,
2023-08-10,Inari Seitalaassa,19.5,,
2023-08-10,Ilmajoki Seinäjoki lentoasema,15.0,,
2023-08-10,Rovaniemi lentoasema AWOS,16.3,2.9,-1.0
2023-08-10,Jyväskylä lentoasema AWOS,16.1,-1.0,-1.0
2023-08-10,Puumala kirkonkylä,17.8,0.2,-1.0
2023-08-10,Helsinki Vuosaari satama,16.4,,
2023-08-10,Maarianhamina Länsisatama,14.2,,
2023-08-10,Lumparland Långnäs satama,14.9,6.9,-1.0
2023-08-10,Kittilä Lompolonvuoma,16.4,8.6,
2023-08-10,Kuusamo Ruka Talvijärvi,18.2,,
2023-08-10,Espoo Nuuksio,13.9,9.1,-1.0
2023-08-10,Mikkeli Lentoasema AWOS,16.6,-1.0,-1.0
2023-08-10,Espoo Tapiola,14.7,5.5,-1.0
2023-08-11,Porvoo Kilpilahti satama,17.5,,
2023-08-11,Jomala Maarianhamina lentoasema,14.8,,
2023-08-11,Parainen Utö,15.3,2.2,-1.0
2023-08-11,Lemland Nyhamn,14.7,,
2023-08-11,Jomala Jomalaby,14.5,-1.0,-1.0
2023-08-11,Hammarland Märket,14.5,,
2023-08-11,Kökar Bogskär,14.8,,
2023-08-11,Parainen Fagerholm,15.7,0.4,
2023-08-11,Kumlinge kirkonkylä,15.0,,
2023-08-11,Hanko Russarö,16.5,0.5,
2023-08-11,Kaarina Yltöinen,15.1,1.8,-1.0
2023-08-11,Kemiönsaari Vänö,15.4,,
2023-08-11,Hanko Tulliniemi,16.6,,
2023-08-11,Turku Rajakari,15.5,,
2023-08-11,Turku Artukainen,14.5,3.8,-1.0
2023-08-11,Kemiönsaari Kemiö,15.3,1.6,-1.0
2023-08-11,Hanko Tvärminne,16.9,0.1,-1.0
2023-08-11,Salo Kärkkä,15.7,0.2,
2023-08-11,Lohja Leppäkorpi,,-1.0,-1.0
2023-08-11,Raasepori Jussarö,17.1,,
2023-08-11,Salo Kiikala lentokenttä,14.9,-1.0,-1.0
2023-08-11,Vantaa Helsinki-Vantaan lentoasema,16.5,0.0,-1.0
2023-08-11,Inkoo Bågaskär,17.1,,
2023-08-11,Helsinki Kaisaniemi,17.0,-1.0,-1.0
2023-08-11,Lohja Porla,15.2,-1.0,-1.0
2023-08-11,Vihti Maasoja,14.5,,
2023-08-11,Helsinki Harmaja,17.2,,
2023-08-11,Kirkkonummi Mäkiluoto,17.1,,
2023-08-11,Helsinki Helsingin majakka,16.9,,
2023-08-11,Helsinki Kumpula,17.3,-1.0,-1.0
2023-08-11,Helsinki Malmi lentokenttä,16.2,,
2023-08-11,Porvoo Kalbådagrund,17.2,,
2023-08-11,Porvoo Emäsalo,17.6,,
2023-08-11,Porvoo Harabacka,17.1,-1.0,-1.0
2023-08-11,Kotka Rankki,18.9,0.1,-1.0
2023-08-11,Loviisa Orrengrund,18.4,,
2023-08-11,Kotka Haapasaari,19.1,,
2023-08-11,Pori lentoasema,14.0,,
2023-08-11,Uusikaupunki Itätulli,,1.8,-1.0
2023-08-11,Kustavi Isokari,14.9,4.1,
2023-08-11,Rauma Kylmäpihlaja,14.7,,
2023-08-11,Pori rautatieasema,14.3,1.8,-1.0
2023-08-11,Turku lentoasema,14.3,,
2023-08-11,Kokemäki Rausenkulma,,4.4,-1.0
2023-08-11,Huittinen Sallila,,0.9,-1.0
2023-08-11,Oripää Teinikivi,,-1.0,-1.0
2023-08-11,Pöytyä Yläne,,0.9,-1.0
2023-08-11,Kokemäki Tulkkila,14.6,0.2,-1.0
2023-08-11,Jokioinen Ilmala,15.3,-1.0,-1.0
2023-08-11,Nokia Tottijärvi,,-1.0,-1.0
2023-08-11,Pirkkala Tampere-Pirkkala lentoasema,15.9,,
2023-08-11,Tampere Härmälä,16.2,-1.0,-1.0
2023-08-11,Somero Salkola,14.6,-1.0,-1.0
2023-08-11,Hyvinkää Hyvinkäänkylä,14.9,-1.0,-1.0
2023-08-11,Vihti Hiiskula,,-1.0,-1.0
2023-08-11,Hämeenlinna Pirttikoski,,-1.0,-1.0
2023-08-11,Nurmijärvi Röykkä,15.5,-1.0,-1.0
2023-08-11,Hämeenlinna Katinen,16.3,-1.0,
2023-08-11,Hattula Lepaa,15.6,-1.0,-1.0
2023-08-11,Hämeenlinna Lammi Pappila,16.1,-1.0,-1.0
2023-08-11,Asikkala Pulkkilanharju,17.2,,
2023-08-11,Kouvola Utti lentoasema,18.2,-1.0,-1.0
2023-08-11,Kouvola Anjala,17.9,0.1,-1.0
2023-08-11,Heinola Asemantaus,17.4,-1.0,-1.0
2023-08-11,Kouvola Voikoski,,-1.0,-1.0
2023-08-11,Virolahti Koivuniemi,16.4,0.0,-1.0
2023-08-11,Lappeenranta lentoasema,17.6,,
2023-08-11,Lappeenranta Konnunsuo,17.8,,
2023-08-11,Lappeenranta Lepola,17.8,14.9,-1.0
2023-08-11,Ruokolahti Kotaniemi,,0.4,-1.0
2023-08-11,Lappeenranta Hiekkapakka,19.1,,
2023-08-11,Parikkala Koitsanlahti,18.0,-1.0,
2023-08-11,Kaskinen Sälgrund,15.7,3.1,
2023-08-11,Merikarvia Tuorila,,4.9,-1.0
2023-08-11,Isojoki Kärjenkoski,,5.0,-1.0
2023-08-11,Teuva Kauppilankylä,,0.9,-1.0
2023-08-11,Pori Tahkoluoto satama,15.3,,
2023-08-11,Kristiinankaupunki Majakka,15.1,,
2023-08-11,Karvia Alkkia,14.4,2.6,-1.0
2023-08-11,Kurikka Hirvijärvi,,0.0,-1.0
2023-08-11,Kauhajoki Kuja-Kokko,14.4,0.6,-1.0
2023-08-11,Kankaanpää Niinisalo lentokenttä,14.5,1.0,-1.0
2023-08-11,Alavus Sulkavankylä,,-1.0,-1.0
2023-08-11,Virrat Äijänneva,15.4,,
2023-08-11,Tampere Siilinkari,16.2,,
2023-08-11,Jämsä Halli lentoasema,16.4,-1.0,-1.0
2023-08-11,Juupajoki Hyytiälä,15.2,-1.0,-1.0
2023-08-11,Sysmä Joutsjärvi,,-1.0,-1.0
2023-08-11,Jyväskylä Muuratjärvi,,0.0,-1.0
2023-08-11,Luhanka Judinsalo,17.8,,
2023-08-11,Multia Pirttiperä,,-1.0,-1.0
2023-08-11,Joutsa Savenaho,16.4,-1.0,-1.0
2023-08-11,Kangasniemi kirkonkylä,,-1.0,-1.0
2023-08-11,Joutsa Pärnämäki,,-1.0,-1.0
2023-08-11,Juva Partala,16.7,,
2023-08-11,Varkaus Kosulanniemi,17.9,1.7,-1.0
2023-08-11,Savonlinna Laukansaari,,1.4,-1.0
2023-08-11,Sulkava Halttula,,7.5,-1.0
2023-08-11,Savonlinna lentoasema,18.0,,
2023-08-11,Rantasalmi Rukkasluoto,18.7,,
2023-08-11,Savonlinna Punkaharju Laukansaari,18.9,-1.0,-1.0
2023-08-11,Enonkoski Simanala,,-1.0,-1.0
2023-08-11,Savonlinna Savonranta,,-1.0,-1.0
2023-08-11,Rääkkylä kirkonkylä,,0.1,-1.0
2023-08-11,Tohmajärvi Kemie,17.1,2.9,-1.0
2023-08-11,Joensuu Huhtilampi,,0.4,-1.0
2023-08-11,Vaasa lentoasema,15.1,,
2023-08-11,Mustasaari Valassaaret,15.5,,
2023-08-11,Närpiö Ylimarkku,,0.4,-1.0
2023-08-11,Mustasaari Riimala,,0.9,-1.0
2023-08-11,Kurikka Pyörni,,1.4,-1.0
2023-08-11,Korsnäs Bredskäret,15.0,,
2023-08-11,Maalahti Strömmingsbådan,15.8,,
2023-08-11,Vaasa Klemettilä,15.4,0.5,-1.0
2023-08-11,Seinäjoki Pelmaa,15.3,1.4,-1.0
2023-08-11,Kauhava lentokenttä,16.5,0.3,-1.0
2023-08-11,Ähtäri Inha,15.3,3.0,-1.0
2023-08-11,Halsua Purola,15.5,-1.0,-1.0
2023-08-11,Alajärvi Möksy,14.7,2.1,-1.0
2023-08-11,Multia Karhila,15.0,-1.0,-1.0
2023-08-11,Viitasaari Haapaniemi,17.7,-1.0,-1.0
2023-08-11,Äänekoski Kalaniemi,,0.1,-1.0
2023-08-11,Vesanto kirkonkylä,17.2,7.1,-1.0
2023-08-11,Pielavesi Venetmäki,,6.4,-1.0
2023-08-11,Siilinjärvi Kuopio lentoasema,17.9,,
2023-08-11,Kuopio Maaninka,18.2,0.3,-1.0
2023-08-11,Lapinlahti Lamminkäyrä,,0.9,-1.0
2023-08-11,Suonenjoki Iisvesi,,4.0,-1.0
2023-08-11,Kuopio Karttula,,0.3,-1.0
2023-08-11,Kuopio Ritoniemi,18.4,,
2023-08-11,Kuopio Savilahti,18.6,4.7,-1.0
2023-08-11,Heinävesi Palokki,,-1.0,-1.0
2023-08-11,Outokumpu Viuruniemi,,0.0,-1.0
2023-08-11,Rautavaara Ala-Luosta,,2.4,-1.0
2023-08-11,Rautavaara Ylä-Luosta,17.1,1.4,-1.0
2023-08-11,Liperi Joensuu lentoasema,18.3,,
2023-08-11,Juuka Niemelä,16.4,-1.0,-1.0
2023-08-11,Joensuu Pyhäselkä,,-1.0,-1.0
2023-08-11,Lieksa Koli,,-1.0,-1.0
2023-08-11,Liperi Tuiskavanluoto,19.9,,
2023-08-11,Joensuu Linnunlahti,18.6,-1.0,-1.0
2023-08-11,Lieksa Lampela,17.7,-1.0,-1.0
2023-08-11,Ilomantsi Pötsönvaara,17.6,-1.0,-1.0
2023-08-11,Ilomantsi Mekrijärvi,18.3,-1.0,-1.0
2023-08-11,Pietarsaari Kallan,16.5,,
2023-08-11,Kokkola Tankar,16.1,,
2023-08-11,Kruunupyy Kokkola-Pietarsaari lentoasema,15.8,,
2023-08-11,Kaustinen Tastula,,1.6,-1.0
2023-08-11,Kalajoki Ulkokalla,16.2,,
2023-08-11,Kokkola Santahaka,15.5,2.2,-1.0
2023-08-11,Toholampi Oravala,,-1.0,-1.0
2023-08-11,Kalajoki Pitkäsenkylä,,0.6,-1.0
2023-08-11,Kalajoki Mehtäkylä,,0.3,-1.0
2023-08-11,Toholampi Laitala,15.0,9.5,-1.0
2023-08-11,Ylivieska lentokenttä,16.2,-1.0,-1.0
2023-08-11,Ylivieska Vähäkangas,,-1.0,-1.0
2023-08-11,Haapavesi Mustikkamäki,17.4,0.0,-1.0
2023-08-11,Pyhäjärvi Ojakylä,17.1,-1.0,-1.0
2023-08-11,Pyhäjärvi Hiidenniemi,,-1.0,-1.0
2023-08-11,Kiuruvesi Korpijoki,,0.0,-1.0
2023-08-11,Siikalatva Kestilä,,0.1,-1.0
2023-08-11,Kajaani lentoasema,17.1,,
2023-08-11,Vieremä Kaarakkala,16.1,16.8,-1.0
2023-08-11,Kajaani Paltaniemi,,4.8,-1.0
2023-08-11,Nurmes Valtimo,17.4,-1.0,-1.0
2023-08-11,Ristijärvi Mustavaara,,-1.0,-1.0
2023-08-11,Sotkamo Kuolaniemi,16.4,1.9,-1.0
2023-08-11,Nurmes Mujejärvi,,-1.0,-1.0
2023-08-11,Kuhmo Apaja,,-1.0,-1.0
2023-08-11,Kuhmo Kalliojoki,17.3,-1.0,-1.0
2023-08-11,Raahe Nahkiainen,17.0,,
2023-08-11,Hailuoto Keskikylä,17.8,-1.0,-1.0
2023-08-11,Kemi I majakka,17.4,,
2023-08-11,Hailuoto Marjaniemi,18.2,,
2023-08-11,Raahe Lapaluoto satama,18.3,,
2023-08-11,Oulu lentoasema,18.1,,
2023-08-11,Siikajoki Ruukki,17.6,-1.0,-1.0
2023-08-11,Oulu Vihreäsaari satama,18.7,,
2023-08-11,Oulu Oulunsalo Pellonpää,17.7,-1.0,-1.0
2023-08-11,Vaala Pelso,17.2,0.7,-1.0
2023-08-11,Pudasjärvi lentokenttä,17.6,3.7,-1.0
2023-08-11,Utajärvi Särkijärvi,,7.8,-1.0
2023-08-11,Pudasjärvi Jaurakkajärvi,,13.8,-1.0
2023-08-11,Suomussalmi Näljänkä,,-1.0,-1.0
2023-08-11,Suomussalmi Pesiö,16.3,-1.0,-1.0
2023-08-11,Puolanka Kotila,,3.2,-1.0
2023-08-11,Puolanka Paljakka,15.5,3.4,-1.0
2023-08-11,Kemi Kemi-Tornio lentoasema,17.2,,
2023-08-11,Kemi Ajos,18.4,,
2023-08-11,Tornio Kaakkuri,17.9,-1.0,
2023-08-11,Ranua lentokenttä,16.5,1.6,-1.0
2023-08-11,Pudasjärvi Sarakylä,,6.1,-1.0
2023-08-11,Posio Raistakka,,0.3,-1.0
2023-08-11,Taivalkoski Inkee,,0.0,-1.0
2023-08-11,Taivalkoski kirkonkylä,16.6,-1.0,-1.0
2023-08-11,Kuusamo lentoasema,17.6,-1.0,-1.0
2023-08-11,Kuusamo Kiutaköngäs,17.1,-1.0,-1.0
2023-08-11,Kuusamo Rukatunturi,17.0,,
2023-08-11,Kuusamo Teeriranta,,-1.0,-1.0
2023-08-11,Kuusamo Juuma,16.6,,
2023-08-11,Ylitornio Meltosjärvi,16.6,0.1,-1.0
2023-08-11,Kolari Kattilamaa,,0.1,-1.0
2023-08-11,Pello kirkonkylä,16.2,0.1,-1.0
2023-08-11,Rovaniemi rautatieasema,17.9,,
2023-08-11,Sodankylä Tähtelä,16.5,13.7,-1.0
2023-08-11,Rovaniemi Apukka,16.7,2.4,-1.0
2023-08-11,Pelkosenniemi kirkonkylä,,0.8,-1.0
2023-08-11,Kemijärvi lentokenttä,15.9,21.0,-1.0
2023-08-11,Savukoski kirkonkylä,16.9,0.6,-1.0
2023-08-11,Salla Kelloselkä,,1.6,-1.0
2023-08-11,Pelkosenniemi Pyhätunturi,15.3,,
2023-08-11,Salla kirkonkylä,16.5,-1.0,-1.0
2023-08-11,Salla Naruska,15.6,-1.0,-1.0
2023-08-11,Enontekiö Kaaresuvanto,,1.0,-1.0
2023-08-11,Enontekiö lentoasema,14.8,,
2023-08-11,Kittilä Pulju,,1.8,-1.0
2023-08-11,Muonio Laukukero,12.4,,
2023-08-11,Muonio Sammaltunturi,13.9,,
2023-08-11,Kittilä Matorova,14.5,,
2023-08-11,Kittilä lentoasema,14.9,,
2023-08-11,Kittilä Kenttärova,13.8,0.3,-1.0
2023-08-11,Kittilä Pakatti,15.1,1.6,-1.0
2023-08-11,Kittilä Pokka,14.6,4.4,-1.0
2023-08-11,Sodankylä Lokka,16.2,0.1,-1.0
2023-08-11,Sodankylä Vuotso,16.6,3.9,-1.0
2023-08-11,Inari Saariselkä matkailukeskus,16.8,0.4,-1.0
2023-08-11,Inari Saariselkä Kaunispää,16.2,,
2023-08-11,Inari Raja-Jooseppi,18.1,,
2023-08-11,Salla Värriötunturi,17.2,0.1,-1.0
2023-08-11,Enontekiö Kilpisjärvi kyläkeskus,13.7,3.3,-1.0
2023-08-11,Enontekiö Kilpisjärvi Saana,9.4,,
2023-08-11,Enontekiö Näkkälä,14.3,-1.0,-1.0
2023-08-11,Inari Angeli Lintupuoliselkä,16.3,1.0,-1.0
2023-08-11,Inari Ivalo lentoasema,17.7,,
2023-08-11,Utsjoki Kevo,17.8,0.2,-1.0
2023-08-11,Utsjoki Nuorgam,18.4,0.6,-1.0
2023-08-11,Inari Väylä,17.7,,
2023-08-11,Inari kirkonkylä,,1.2,-1.0
2023-08-11,Inari Kaamanen,18.2,3.6,-1.0
2023-08-11,Inari Nellim,18.4,-1.0,-1.0
2023-08-11,Inari Kirakkajärvi,19.5,-1.0,-1.0
2023-08-11,Mäntsälä Hirvihaara,15.2,-1.0,-1.0
2023-08-11,Lahti Sopenkorpi,17.1,-1.0,-1.0
2023-08-11,Siuntio Sjundby,,-1.0,-1.0
2023-08-11,Sipoo Itätoukki,17.3,,
2023-08-11,Rauma Pyynpää,14.0,4.8,-1.0
2023-08-11,Muonio Oustajärvi,14.4,-1.0,-1.0
2023-08-11,Pyhtää lentokenttä,16.7,0.3,-1.0
2023-08-11,Sotkamo Tuhkakylä,17.6,0.9,-1.0
2023-08-11,Tervola Loue,16.8,,
2023-08-11,Savukoski Tulppio,16.2,0.3,-1.0
2023-08-11,Mikkeli Pitkäaho,,0.5,-1.0
2023-08-11,Kajaani Petäisenniska,16.5,10.6,-1.0
2023-08-11,Utsjoki Kevo Kevojärvi,17.6,,
2023-08-11,Inari Seitalaassa,17.5,,
2023-08-11,Ilmajoki Seinäjoki lentoasema,15.3,,
2023-08-11,Rovaniemi lentoasema AWOS,16.4,2.1,-1.0
2023-08-11,Jyväskylä lentoasema AWOS,16.1,-1.0,-1.0
2023-08-11,Puumala kirkonkylä,17.9,7.5,-1.0
2023-08-11,Helsinki Vuosaari satama,17.2,,
2023-08-11,Maarianhamina Länsisatama,15.0,,
2023-08-11,Lumparland Långnäs satama,14.9,-1.0,-1.0
2023-08-11,Kittilä Lompolonvuoma,13.4,0.1,
2023-08-11,Kuusamo Ruka Talvijärvi,18.3,,
2023-08-11,Espoo Nuuksio,15.2,-1.0,-1.0
2023-08-11,Mikkeli Lentoasema AWOS,16.8,-1.0,-1.0
2023-08-11,Espoo Tapiola,15.8,-1.0,-1.0
2023-08-12,Porvoo Kilpilahti satama,16.5,,
2023-08-12,Jomala Maarianhamina lentoasema,15.4,,
2023-08-12,Parainen Utö,16.4,-1.0,-1.0
2023-08-12,Lemland Nyhamn,15.4,,
2023-08-12,Jomala Jomalaby,15.1,-1.0,-1.0
2023-08-12,Hammarland Märket,14.6,,
2023-08-12,Kökar Bogskär,15.3,,
2023-08-12,Parainen Fagerholm,16.5,-1.0,
2023-08-12,Kumlinge kirkonkylä,16.0,,
2023-08-12,Hanko Russarö,16.6,-1.0,
2023-08-12,Kaarina Yltöinen,14.7,-1.0,-1.0
2023-08-12,Kemiönsaari Vänö,16.6,,
2023-08-12,Hanko Tulliniemi,16.8,,
2023-08-12,Turku Rajakari,16.4,,
2023-08-12,Turku Artukainen,15.7,-1.0,-1.0
2023-08-12,Kemiönsaari Kemiö,14.7,-1.0,-1.0
2023-08-12,Hanko Tvärminne,17.0,-1.0,-1.0
2023-08-12,Salo Kärkkä,15.8,-1.0,
2023-08-12,Lohja Leppäkorpi,,-1.0,-1.0
2023-08-12,Raasepori Jussarö,17.0,,
2023-08-12,Salo Kiikala lentokenttä,14.8,-1.0,-1.0
2023-08-12,Vantaa Helsinki-Vantaan lentoasema,15.1,-1.0,-1.0
2023-08-12,Inkoo Bågaskär,17.1,,
2023-08-12,Helsinki Kaisaniemi,16.4,-1.0,-1.0
2023-08-12,Lohja Porla,15.2,-1.0,-1.0
2023-08-12,Vihti Maasoja,13.5,,
2023-08-12,Helsinki Harmaja,17.4,,
2023-08-12,Kirkkonummi Mäkiluoto,17.1,,
2023-08-12,Helsinki Helsingin majakka,17.5,,
2023-08-12,Helsinki Kumpula,16.6,-1.0,-1.0
2023-08-12,Helsinki Malmi lentokenttä,15.5,,
2023-08-12,Porvoo Kalbådagrund,17.1,,
2023-08-12,Porvoo Emäsalo,17.1,,
2023-08-12,Porvoo Harabacka,16.6,-1.0,-1.0
2023-08-12,Kotka Rankki,18.2,-1.0,-1.0
2023-08-12,Loviisa Orrengrund,18.1,,
2023-08-12,Kotka Haapasaari,18.3,,
2023-08-12,Pori lentoasema,15.7,,
2023-08-12,Uusikaupunki Itätulli,,-1.0,-1.0
2023-08-12,Kustavi Isokari,16.0,-1.0,
2023-08-12,Rauma Kylmäpihlaja,16.5,,
2023-08-12,Pori rautatieasema,15.9,-1.0,-1.0
2023-08-12,Turku lentoasema,14.7,,
2023-08-12,Kokemäki Rausenkulma,,-1.0,-1.0
2023-08-12,Huittinen Sallila,,-1.0,-1.0
2023-08-12,Oripää Teinikivi,,-1.0,-1.0
2023-08-12,Pöytyä Yläne,,-1.0,-1.0
2023-08-12,Kokemäki Tulkkila,15.7,-1.0,-1.0
2023-08-12,Jokioinen Ilmala,14.9,-1.0,-1.0
2023-08-12,Nokia Tottijärvi,,-1.0,-1.0
2023-08-12,Pirkkala Tampere-Pirkkala lentoasema,15.5,,
2023-08-12,Tampere Härmälä,15.5,-1.0,-1.0
2023-08-12,Somero Salkola,14.6,-1.0,-1.0
2023-08-12,Hyvinkää Hyvinkäänkylä,14.2,-1.0,-1.0
2023-08-12,Vihti Hiiskula,,-1.0,-1.0
2023-08-12,Hämeenlinna Pirttikoski,,-1.0,-1.0
2023-08-12,Nurmijärvi Röykkä,14.8,-1.0,-1.0
2023-08-12,Hämeenlinna Katinen,14.9,-1.0,
2023-08-12,Hattula Lepaa,14.7,-1.0,-1.0
2023-08-12,Hämeenlinna Lammi Pappila,14.2,-1.0,-1.0
2023-08-12,Asikkala Pulkkilanharju,16.0,,
2023-08-12,Kouvola Utti lentoasema,18.1,-1.0,-1.0
2023-08-12,Kouvola Anjala,17.0,-1.0,-1.0
2023-08-12,Heinola Asemantaus,16.4,-1.0,-1.0
2023-08-12,Kouvola Voikoski,,-1.0,-1.0
2023-08-12,Virolahti Koivuniemi,17.0,-1.0,-1.0
2023-08-12,Lappeenranta lentoasema,18.5,,
2023-08-12,Lappeenranta Konnunsuo,17.5,,
2023-08-12,Lappeenranta Lepola,18.3,-1.0,-1.0
2023-08-12,Ruokolahti Kotaniemi,,-1.0,-1.0
2023-08-12,Lappeenranta Hiekkapakka,19.4,,
2023-08-12,Parikkala Koitsanlahti,17.4,-1.0,
2023-08-12,Kaskinen Sälgrund,16.8,3.4,
2023-08-12,Merikarvia Tuorila,,-1.0,-1.0
2023-08-12,Isojoki Kärjenkoski,,-1.0,-1.0
2023-08-12,Teuva Kauppilankylä,,0.8,-1.0
2023-08-12,Pori Tahkoluoto satama,16.7,,
2023-08-12,Kristiinankaupunki Majakka,16.0,,
2023-08-12,Karvia Alkkia,14.7,-1.0,-1.0
2023-08-12,Kurikka Hirvijärvi,,-1.0,-1.0
2023-08-12,Kauhajoki Kuja-Kokko,15.2,-1.0,-1.0
2023-08-12,Kankaanpää Niinisalo lentokenttä,15.8,-1.0,-1.0
2023-08-12,Alavus Sulkavankylä,,-1.0,-1.0
2023-08-12,Virrat Äijänneva,14.9,,
2023-08-12,Tampere Siilinkari,16.3,,
2023-08-12,Jämsä Halli lentoasema,15.4,-1.0,-1.0
2023-08-12,Juupajoki Hyytiälä,13.8,-1.0,-1.0
2023-08-12,Sysmä Joutsjärvi,,-1.0,-1.0
2023-08-12,Jyväskylä Muuratjärvi,,-1.0,-1.0
2023-08-12,Luhanka Judinsalo,16.8,,
2023-08-12,Multia Pirttiperä,,-1.0,-1.0
2023-08-12,Joutsa Savenaho,15.4,-1.0,-1.0
2023-08-12,Kangasniemi kirkonkylä,,-1.0,-1.0
2023-08-12,Joutsa Pärnämäki,,-1.0,-1.0
2023-08-12,Juva Partala,16.9,,
2023-08-12,Varkaus Kosulanniemi,17.7,-1.0,-1.0
2023-08-12,Savonlinna Laukansaari,,-1.0,-1.0
2023-08-12,Sulkava Halttula,,-1.0,-1.0
2023-08-12,Savonlinna lentoasema,16.8,,
2023-08-12,Rantasalmi Rukkasluoto,18.8,,
2023-08-12,Savonlinna Punkaharju Laukansaari,17.6,-1.0,-1.0
2023-08-12,Enonkoski Simanala,,-1.0,-1.0
2023-08-12,Savonlinna Savonranta,,-1.0,-1.0
2023-08-12,Rääkkylä kirkonkylä,,0.3,-1.0
2023-08-12,Tohmajärvi Kemie,17.4,-1.0,-1.0
2023-08-12,Joensuu Huhtilampi,,-1.0,-1.0
2023-08-12,Vaasa lentoasema,15.6,,
2023-08-12,Mustasaari Valassaaret,16.5,,
2023-08-12,Närpiö Ylimarkku,,1.3,-1.0
2023-08-12,Mustasaari Riimala,,1.3,-1.0
2023-08-12,Kurikka Pyörni,,1.0,-1.0
2023-08-12,Korsnäs Bredskäret,15.9,,
2023-08-12,Maalahti Strömmingsbådan,16.4,,
2023-08-12,Vaasa Klemettilä,16.1,2.7,-1.0
2023-08-12,Seinäjoki Pelmaa,15.8,0.8,-1.0
2023-08-12,Kauhava lentokenttä,16.0,0.7,-1.0
2023-08-12,Ähtäri Inha,15.7,-1.0,-1.0
2023-08-12,Halsua Purola,13.6,-1.0,-1.0
2023-08-12,Alajärvi Möksy,14.0,-1.0,-1.0
2023-08-12,Multia Karhila,13.5,-1.0,-1.0
2023-08-12,Viitasaari Haapaniemi,16.4,-1.0,-1.0
2023-08-12,Äänekoski Kalaniemi,,-1.0,-1.0
2023-08-12,Vesanto kirkonkylä,15.8,-1.0,-1.0
2023-08-12,Pielavesi Venetmäki,,-1.0,-1.0
2023-08-12,Siilinjärvi Kuopio lentoasema,17.7,,
2023-08-12,Kuopio Maaninka,16.6,-1.0,-1.0
2023-08-12,Lapinlahti Lamminkäyrä,,-1.0,-1.0
2023-08-12,Suonenjoki Iisvesi,,-1.0,-1.0
2023-08-12,Kuopio Karttula,,-1.0,-1.0
2023-08-12,Kuopio Ritoniemi,17.5,,
2023-08-12,Kuopio Savilahti,17.4,-1.0,-1.0
2023-08-12,Heinävesi Palokki,,-1.0,-1.0
2023-08-12,Outokumpu Viuruniemi,,-1.0,-1.0
2023-08-12,Rautavaara Ala-Luosta,,0.2,-1.0
2023-08-12,Rautavaara Ylä-Luosta,15.6,0.4,-1.0
2023-08-12,Liperi Joensuu lentoasema,17.5,,
2023-08-12,Juuka Niemelä,16.1,-1.0,-1.0
2023-08-12,Joensuu Pyhäselkä,,-1.0,-1.0
2023-08-12,Lieksa Koli,,-1.0,-1.0
2023-08-12,Liperi Tuiskavanluoto,19.8,,
2023-08-12,Joensuu Linnunlahti,17.9,-1.0,-1.0
2023-08-12,Lieksa Lampela,17.5,-1.0,-1.0
2023-08-12,Ilomantsi Pötsönvaara,17.5,-1.0,-1.0
2023-08-12,Ilomantsi Mekrijärvi,18.5,-1.0,-1.0
2023-08-12,Pietarsaari Kallan,15.8,,
2023-08-12,Kokkola Tankar,16.1,,
2023-08-12,Kruunupyy Kokkola-Pietarsaari lentoasema,15.5,,
2023-08-12,Kaustinen Tastula,,5.5,-1.0
2023-08-12,Kalajoki Ulkokalla,15.6,,
2023-08-12,Kokkola Santahaka,15.6,1.2,-1.0
2023-08-12,Toholampi Oravala,,-1.0,-1.0
2023-08-12,Kalajoki Pitkäsenkylä,,8.0,-1.0
2023-08-12,Kalajoki Mehtäkylä,,2.4,-1.0
2023-08-12,Toholampi Laitala,14.9,5.4,-1.0
2023-08-12,Ylivieska lentokenttä,14.7,0.5,-1.0
2023-08-12,Ylivieska Vähäkangas,,0.4,-1.0
2023-08-12,Haapavesi Mustikkamäki,15.7,-1.0,-1.0
2023-08-12,Pyhäjärvi Ojakylä,15.0,-1.0,-1.0
2023-08-12,Pyhäjärvi Hiidenniemi,,-1.0,-1.0
2023-08-12,Kiuruvesi Korpijoki,,-1.0,-1.0
2023-08-12,Siikalatva Kestilä,,-1.0,-1.0
2023-08-12,Kajaani lentoasema,16.3,,
2023-08-12,Vieremä Kaarakkala,15.7,-1.0,-1.0
2023-08-12,Kajaani Paltaniemi,,-1.0,-1.0
2023-08-12,Nurmes Valtimo,16.6,-1.0,-1.0
2023-08-12,Ristijärvi Mustavaara,,-1.0,-1.0
2023-08-12,Sotkamo Kuolaniemi,15.9,-1.0,-1.0
2023-08-12,Nurmes Mujejärvi,,-1.0,-1.0
2023-08-12,Kuhmo Apaja,,-1.0,-1.0
2023-08-12,Kuhmo Kalliojoki,16.7,0.2,-1.0
2023-08-12,Raahe Nahkiainen,15.7,,
2023-08-12,Hailuoto Keskikylä,15.9,0.1,-1.0
2023-08-12,Kemi I majakka,16.4,,
2023-08-12,Hailuoto Marjaniemi,17.0,,
2023-08-12,Raahe Lapaluoto satama,16.9,,
2023-08-12,Oulu lentoasema,16.8,,
2023-08-12,Siikajoki Ruukki,16.3,0.1,-1.0
2023-08-12,Oulu Vihreäsaari satama,17.1,,
2023-08-12,Oulu Oulunsalo Pellonpää,16.1,-1.0,-1.0
2023-08-12,Vaala Pelso,15.3,-1.0,-1.0
2023-08-12,Pudasjärvi lentokenttä,16.6,-1.0,-1.0
2023-08-12,Utajärvi Särkijärvi,,-1.0,-1.0
2023-08-12,Pudasjärvi Jaurakkajärvi,,3.7,-1.0
2023-08-12,Suomussalmi Näljänkä,,0.0,-1.0
2023-08-12,Suomussalmi Pesiö,15.3,-1.0,-1.0
2023-08-12,Puolanka Kotila,,-1.0,-1.0
2023-08-12,Puolanka Paljakka,14.5,-1.0,-1.0
2023-08-12,Kemi Kemi-Tornio lentoasema,16.1,,
2023-08-12,Kemi Ajos,16.9,,
2023-08-12,Tornio Kaakkuri,16.4,1.5,
2023-08-12,Ranua lentokenttä,15.4,0.1,-1.0
2023-08-12,Pudasjärvi Sarakylä,,0.1,-1.0
2023-08-12,Posio Raistakka,,-1.0,-1.0
2023-08-12,Taivalkoski Inkee,,0.3,-1.0
2023-08-12,Taivalkoski kirkonkylä,15.5,-1.0,-1.0
2023-08-12,Kuusamo lentoasema,16.0,-1.0,-1.0
2023-08-12,Kuusamo Kiutaköngäs,15.9,-1.0,-1.0
2023-08-12,Kuusamo Rukatunturi,15.0,,
2023-08-12,Kuusamo Teeriranta,,-1.0,-1.0
2023-08-12,Kuusamo Juuma,14.8,,
2023-08-12,Ylitornio Meltosjärvi,15.6,1.2,-1.0
2023-08-12,Kolari Kattilamaa,,6.0,-1.0
2023-08-12,Pello kirkonkylä,14.9,0.8,-1.0
2023-08-12,Rovaniemi rautatieasema,16.4,,
2023-08-12,Sodankylä Tähtelä,15.1,2.4,-1.0
2023-08-12,Rovaniemi Apukka,15.9,0.7,-1.0
2023-08-12,Pelkosenniemi kirkonkylä,,9.5,-1.0
2023-08-12,Kemijärvi lentokenttä,15.1,1.0,-1.0
2023-08-12,Savukoski kirkonkylä,14.7,9.6,-1.0
2023-08-12,Salla Kelloselkä,,-1.0,-1.0
2023-08-12,Pelkosenniemi Pyhätunturi,13.3,,
2023-08-12,Salla kirkonkylä,14.7,4.0,-1.0
2023-08-12,Salla Naruska,13.9,7.6,-1.0
2023-08-12,Enontekiö Kaaresuvanto,,0.5,-1.0
2023-08-12,Enontekiö lentoasema,13.6,,
2023-08-12,Kittilä Pulju,,6.7,-1.0
2023-08-12,Muonio Laukukero,11.3,,
2023-08-12,Muonio Sammaltunturi,12.5,,
2023-08-12,Kittilä Matorova,14.0,,
2023-08-12,Kittilä lentoasema,15.0,,
2023-08-12,Kittilä Kenttärova,14.0,8.0,-1.0
2023-08-12,Kittilä Pakatti,15.1,1.3,-1.0
2023-08-12,Kittilä Pokka,13.7,17.8,-1.0
2023-08-12,Sodankylä Lokka,14.2,13.3,-1.0
2023-08-12,Sodankylä Vuotso,14.4,18.2,-1.0
2023-08-12,Inari Saariselkä matkailukeskus,14.2,18.0,-1.0
2023-08-12,Inari Saariselkä Kaunispää,13.5,,
2023-08-12,Inari Raja-Jooseppi,15.1,,
2023-08-12,Salla Värriötunturi,14.7,2.8,-1.0
2023-08-12,Enontekiö Kilpisjärvi kyläkeskus,12.0,3.6,-1.0
2023-08-12,Enontekiö Kilpisjärvi Saana,8.6,,
2023-08-12,Enontekiö Näkkälä,12.8,15.7,-1.0
2023-08-12,Inari Angeli Lintupuoliselkä,13.6,7.7,-1.0
2023-08-12,Inari Ivalo lentoasema,15.5,,
2023-08-12,Utsjoki Kevo,13.4,5.2,-1.0
2023-08-12,Utsjoki Nuorgam,14.1,4.0,-1.0
2023-08-12,Inari Väylä,15.1,,
2023-08-12,Inari kirkonkylä,,13.8,-1.0
2023-08-12,Inari Kaamanen,15.0,10.0,-1.0
2023-08-12,Inari Nellim,15.8,2.8,-1.0
2023-08-12,Inari Kirakkajärvi,15.7,4.0,-1.0
2023-08-12,Mäntsälä Hirvihaara,13.8,-1.0,-1.0
2023-08-12,Lahti Sopenkorpi,16.0,-1.0,-1.0
2023-08-12,Siuntio Sjundby,,-1.0,-1.0
2023-08-12,Sipoo Itätoukki,17.6,,
2023-08-12,Rauma Pyynpää,16.1,-1.0,-1.0
2023-08-12,Muonio Oustajärvi,14.6,3.0,-1.0
2023-08-12,Pyhtää lentokenttä,16.7,-1.0,-1.0
2023-08-12,Sotkamo Tuhkakylä,16.2,-1.0,-1.0
2023-08-12,Tervola Loue,15.5,,
2023-08-12,Savukoski Tulppio,14.2,3.3,-1.0
2023-08-12,Mikkeli Pitkäaho,,-1.0,-1.0
2023-08-12,Kajaani Petäisenniska,16.4,-1.0,-1.0
2023-08-12,Utsjoki Kevo Kevojärvi,13.7,,
2023-08-12,Inari Seitalaassa,15.8,,
2023-08-12,Ilmajoki Seinäjoki lentoasema,14.9,,
2023-08-12,Rovaniemi lentoasema AWOS,15.0,0.3,-1.0
2023-08-12,Jyväskylä lentoasema AWOS,15.3,-1.0,-1.0
2023-08-12,Puumala kirkonkylä,17.2,-1.0,-1.0
2023-08-12,Helsinki Vuosaari satama,16.5,,
2023-08-12,Maarianhamina Länsisatama,15.7,,
2023-08-12,Lumparland Långnäs satama,15.7,-1.0,-1.0
2023-08-12,Kittilä Lompolonvuoma,13.9,3.6,
2023-08-12,Kuusamo Ruka Talvijärvi,16.3,,
2023-08-12,Espoo Nuuksio,15.1,-1.0,-1.0
2023-08-12,Mikkeli Lentoasema AWOS,16.6,-1.0,-1.0
2023-08-12,Espoo Tapiola,15.0,-1.0,-1.0
2023-08-13,Porvoo Kilpilahti satama,18.0,,
2023-08-13,Jomala Maarianhamina lentoasema,16.4,,
2023-08-13,Parainen Utö,16.8,0.2,-1.0
2023-08-13,Lemland Nyhamn,15.9,,
2023-08-13,Jomala Jomalaby,16.3,0.4,-1.0
2023-08-13,Hammarland Märket,15.4,,
2023-08-13,Kökar Bogskär,16.3,,
2023-08-13,Parainen Fagerholm,17.1,-1.0,
2023-08-13,Kumlinge kirkonkylä,16.6,,
2023-08-13,Hanko Russarö,17.7,-1.0,
2023-08-13,Kaarina Yltöinen,16.2,-1.0,-1.0
2023-08-13,Kemiönsaari Vänö,17.3,,
2023-08-13,Hanko Tulliniemi,17.6,,
2023-08-13,Turku Rajakari,17.2,,
2023-08-13,Turku Artukainen,16.7,-1.0,-1.0
2023-08-13,Kemiönsaari Kemiö,15.4,0.2,-1.0
2023-08-13,Hanko Tvärminne,17.3,-1.0,-1.0
2023-08-13,Salo Kärkkä,16.3,0.2,
2023-08-13,Lohja Leppäkorpi,,-1.0,-1.0
2023-08-13,Raasepori Jussarö,18.2,,
2023-08-13,Salo Kiikala lentokenttä,16.2,-1.0,-1.0
2023-08-13,Vantaa Helsinki-Vantaan lentoasema,17.1,-1.0,-1.0
2023-08-13,Inkoo Bågaskär,18.5,,
2023-08-13,Helsinki Kaisaniemi,18.0,-1.0,-1.0
2023-08-13,Lohja Porla,17.1,-1.0,-1.0
2023-08-13,Vihti Maasoja,16.2,,
2023-08-13,Helsinki Harmaja,18.2,,
2023-08-13,Kirkkonummi Mäkiluoto,18.4,,
2023-08-13,Helsinki Helsingin majakka,18.1,,
2023-08-13,Helsinki Kumpula,18.0,-1.0,-1.0
2023-08-13,Helsinki Malmi lentokenttä,17.4,,
2023-08-13,Porvoo Kalbådagrund,18.5,,
2023-08-13,Porvoo Emäsalo,18.5,,
2023-08-13,Porvoo Harabacka,18.5,-1.0,-1.0
2023-08-13,Kotka Rankki,19.0,-1.0,-1.0
2023-08-13,Loviisa Orrengrund,19.1,,
2023-08-13,Kotka Haapasaari,19.2,,
2023-08-13,Pori lentoasema,16.7,,
2023-08-13,Uusikaupunki Itätulli,,-1.0,-1.0
2023-08-13,Kustavi Isokari,16.7,1.3,
2023-08-13,Rauma Kylmäpihlaja,16.8,,
2023-08-13,Pori rautatieasema,16.9,0.2,-1.0
2023-08-13,Turku lentoasema,15.9,,
2023-08-13,Kokemäki Rausenkulma,,0.2,-1.0
2023-08-13,Huittinen Sallila,,-1.0,-1.0
2023-08-13,Oripää Teinikivi,,0.0,-1.0
2023-08-13,Pöytyä Yläne,,0.0,-1.0
2023-08-13,Kokemäki Tulkkila,16.8,-1.0,-1.0
2023-08-13,Jokioinen Ilmala,16.1,0.1,-1.0
2023-08-13,Nokia Tottijärvi,,-1.0,-1.0
2023-08-13,Pirkkala Tampere-Pirkkala lentoasema,16.7,,
2023-08-13,Tampere Härmälä,17.0,-1.0,-1.0
2023-08-13,Somero Salkola,15.9,-1.0,-1.0
2023-08-13,Hyvinkää Hyvinkäänkylä,16.3,-1.0,-1.0
2023-08-13,Vihti Hiiskula,,-1.0,-1.0
2023-08-13,Hämeenlinna Pirttikoski,,-1.0,-1.0
2023-08-13,Nurmijärvi Röykkä,17.2,-1.0,-1.0
2023-08-13,Hämeenlinna Katinen,17.1,-1.0,
2023-08-13,Hattula Lepaa,16.6,-1.0,-1.0
2023-08-13,Hämeenlinna Lammi Pappila,16.3,-1.0,-1.0
2023-08-13,Asikkala Pulkkilanharju,17.1,,
2023-08-13,Kouvola Utti lentoasema,18.9,-1.0,-1.0
2023-08-13,Kouvola Anjala,17.4,-1.0,-1.0
2023-08-13,Heinola Asemantaus,17.8,-1.0,-1.0
2023-08-13,Kouvola Voikoski,,-1.0,-1.0
2023-08-13,Virolahti Koivuniemi,15.7,-1.0,-1.0
2023-08-13,Lappeenranta lentoasema,17.5,,
2023-08-13,Lappeenranta Konnunsuo,15.5,,
2023-08-13,Lappeenranta Lepola,17.8,0.4,-1.0
2023-08-13,Ruokolahti Kotaniemi,,0.2,-1.0
2023-08-13,Lappeenranta Hiekkapakka,18.5,,
2023-08-13,Parikkala Koitsanlahti,16.8,1.6,-1.0
2023-08-13,Kaskinen Sälgrund,17.0,0.5,
2023-08-13,Merikarvia Tuorila,,0.8,-1.0
2023-08-13,Isojoki Kärjenkoski,,0.1,-1.0
2023-08-13,Teuva Kauppilankylä,,0.4,-1.0
2023-08-13,Pori Tahkoluoto satama,17.1,,
2023-08-13,Kristiinankaupunki Majakka,16.8,,
2023-08-13,Karvia Alkkia,16.8,-1.0,-1.0
2023-08-13,Kurikka Hirvijärvi,,0.0,-1.0
2023-08-13,Kauhajoki Kuja-Kokko,16.9,0.1,-1.0
2023-08-13,Kankaanpää Niinisalo lentokenttä,17.0,-1.0,-1.0
2023-08-13,Alavus Sulkavankylä,,-1.0,-1.0
2023-08-13,Virrat Äijänneva,16.9,,
2023-08-13,Tampere Siilinkari,17.4,,
2023-08-13,Jämsä Halli lentoasema,17.4,-1.0,-1.0
2023-08-13,Juupajoki Hyytiälä,15.8,-1.0,-1.0
2023-08-13,Sysmä Joutsjärvi,,0.2,-1.0
2023-08-13,Jyväskylä Muuratjärvi,,-1.0,-1.0
2023-08-13,Luhanka Judinsalo,18.0,,
2023-08-13,Multia Pirttiperä,,-1.0,-1.0
2023-08-13,Joutsa Savenaho,16.8,-1.0,-1.0
2023-08-13,Kangasniemi kirkonkylä,,-1.0,-1.0
2023-08-13,Joutsa Pärnämäki,,-1.0,-1.0
2023-08-13,Juva Partala,16.1,,
2023-08-13,Varkaus Kosulanniemi,17.9,1.0,-1.0
2023-08-13,Savonlinna Laukansaari,,0.4,-1.0
2023-08-13,Sulkava Halttula,,-1.0,-1.0
2023-08-13,Savonlinna lentoasema,17.2,,
2023-08-13,Rantasalmi Rukkasluoto,18.9,,
2023-08-13,Savonlinna Punkaharju Laukansaari,17.6,0.2,-1.0
2023-08-13,Enonkoski Simanala,,0.9,-1.0
2023-08-13,Savonlinna Savonranta,,92.5,-1.0
2023-08-13,Rääkkylä kirkonkylä,,0.2,-1.0
2023-08-13,Tohmajärvi Kemie,17.3,1.3,-1.0
2023-08-13,Joensuu Huhtilampi,,1.3,-1.0
2023-08-13,Vaasa lentoasema,17.0,,
2023-08-13,Mustasaari Valassaaret,16.1,,
2023-08-13,Närpiö Ylimarkku,,0.0,-1.0
2023-08-13,Mustasaari Riimala,,0.4,-1.0
2023-08-13,Kurikka Pyörni,,0.1,-1.0
2023-08-13,Korsnäs Bredskäret,16.3,,
2023-08-13,Maalahti Strömmingsbådan,16.5,,
2023-08-13,Vaasa Klemettilä,17.0,0.3,-1.0
2023-08-13,Seinäjoki Pelmaa,17.3,-1.0,-1.0
2023-08-13,Kauhava lentokenttä,17.4,-1.0,-1.0
2023-08-13,Ähtäri Inha,17.2,-1.0,-1.0
2023-08-13,Halsua Purola,16.7,-1.0,-1.0
2023-08-13,Alajärvi Möksy,16.7,-1.0,-1.0
2023-08-13,Multia Karhila,15.8,-1.0,-1.0
2023-08-13,Viitasaari Haapaniemi,18.2,-1.0,-1.0
2023-08-13,Äänekoski Kalaniemi,,-1.0,-1.0
2023-08-13,Vesanto kirkonkylä,17.2,-1.0,-1.0
2023-08-13,Pielavesi Venetmäki,,0.2,-1.0
2023-08-13,Siilinjärvi Kuopio lentoasema,17.5,,
2023-08-13,Kuopio Maaninka,17.7,-1.0,-1.0
2023-08-13,Lapinlahti Lamminkäyrä,,-1.0,-1.0
2023-08-13,Suonenjoki Iisvesi,,-1.0,-1.0
2023-08-13,Kuopio Karttula,,-1.0,-1.0
2023-08-13,Kuopio Ritoniemi,18.2,,
2023-08-13,Kuopio Savilahti,18.0,3.9,-1.0
2023-08-13,Heinävesi Palokki,,16.6,-1.0
2023-08-13,Outokumpu Viuruniemi,,1.2,-1.0
2023-08-13,Rautavaara Ala-Luosta,,1.9,-1.0
2023-08-13,Rautavaara Ylä-Luosta,16.6,1.5,-1.0
2023-08-13,Liperi Joensuu lentoasema,17.7,,
2023-08-13,Juuka Niemelä,15.7,1.1,-1.0
2023-08-13,Joensuu Pyhäselkä,,1.4,-1.0
2023-08-13,Lieksa Koli,,2.6,-1.0
2023-08-13,Liperi Tuiskavanluoto,19.6,,
2023-08-13,Joensuu Linnunlahti,17.7,1.4,-1.0
2023-08-13,Lieksa Lampela,16.8,1.8,-1.0
2023-08-13,Ilomantsi Pötsönvaara,17.6,1.3,-1.0
2023-08-13,Ilomantsi Mekrijärvi,17.3,1.2,-1.0
2023-08-13,Pietarsaari Kallan,16.2,,
2023-08-13,Kokkola Tankar,15.8,,
2023-08-13,Kruunupyy Kokkola-Pietarsaari lentoasema,16.2,,
2023-08-13,Kaustinen Tastula,,-1.0,-1.0
2023-08-13,Kalajoki Ulkokalla,15.7,,
2023-08-13,Kokkola Santahaka,15.7,2.5,-1.0
2023-08-13,Toholampi Oravala,,-1.0,-1.0
2023-08-13,Kalajoki Pitkäsenkylä,,1.2,-1.0
2023-08-13,Kalajoki Mehtäkylä,,1.0,-1.0
2023-08-13,Toholampi Laitala,16.3,-1.0,-1.0
2023-08-13,Ylivieska lentokenttä,16.3,0.1,-1.0
2023-08-13,Ylivieska Vähäkangas,,0.2,-1.0
2023-08-13,Haapavesi Mustikkamäki,17.1,-1.0,-1.0
2023-08-13,Pyhäjärvi Ojakylä,17.2,-1.0,-1.0
2023-08-13,Pyhäjärvi Hiidenniemi,,-1.0,-1.0
2023-08-13,Kiuruvesi Korpijoki,,-1.0,-1.0
2023-08-13,Siikalatva Kestilä,,-1.0,-1.0
2023-08-13,Kajaani lentoasema,17.7,,
2023-08-13,Vieremä Kaarakkala,17.1,-1.0,-1.0
2023-08-13,Kajaani Paltaniemi,,-1.0,-1.0
2023-08-13,Nurmes Valtimo,16.3,3.1,-1.0
2023-08-13,Ristijärvi Mustavaara,,4.4,-1.0
2023-08-13,Sotkamo Kuolaniemi,16.8,3.0,-1.0
2023-08-13,Nurmes Mujejärvi,,1.5,-1.0
2023-08-13,Kuhmo Apaja,,4.0,-1.0
2023-08-13,Kuhmo Kalliojoki,16.8,3.5,-1.0
2023-08-13,Raahe Nahkiainen,16.1,,
2023-08-13,Hailuoto Keskikylä,15.7,0.4,-1.0
2023-08-13,Kemi I majakka,16.2,,
2023-08-13,Hailuoto Marjaniemi,16.2,,
2023-08-13,Raahe Lapaluoto satama,16.5,,
2023-08-13,Oulu lentoasema,15.8,,
2023-08-13,Siikajoki Ruukki,15.7,1.0,-1.0
2023-08-13,Oulu Vihreäsaari satama,16.3,,
2023-08-13,Oulu Oulunsalo Pellonpää,15.1,1.1,-1.0
2023-08-13,Vaala Pelso,16.7,-1.0,-1.0
2023-08-13,Pudasjärvi lentokenttä,16.7,-1.0,-1.0
2023-08-13,Utajärvi Särkijärvi,,-1.0,-1.0
2023-08-13,Pudasjärvi Jaurakkajärvi,,-1.0,-1.0
2023-08-13,Suomussalmi Näljänkä,,14.5,-1.0
2023-08-13,Suomussalmi Pesiö,15.8,10.9,-1.0
2023-08-13,Puolanka Kotila,,8.2,-1.0
2023-08-13,Puolanka Paljakka,15.6,6.9,-1.0
2023-08-13,Kemi Kemi-Tornio lentoasema,15.4,,
2023-08-13,Kemi Ajos,16.1,,
2023-08-13,Tornio Kaakkuri,15.7,3.5,
2023-08-13,Ranua lentokenttä,14.7,2.1,-1.0
2023-08-13,Pudasjärvi Sarakylä,,0.0,-1.0
2023-08-13,Posio Raistakka,,0.1,-1.0
2023-08-13,Taivalkoski Inkee,,2.9,-1.0
2023-08-13,Taivalkoski kirkonkylä,16.0,1.9,-1.0
2023-08-13,Kuusamo lentoasema,16.5,7.1,-1.0
2023-08-13,Kuusamo Kiutaköngäs,15.4,4.9,-1.0
2023-08-13,Kuusamo Rukatunturi,15.3,,
2023-08-13,Kuusamo Teeriranta,,9.1,-1.0
2023-08-13,Kuusamo Juuma,15.0,,
2023-08-13,Ylitornio Meltosjärvi,14.8,1.1,-1.0
2023-08-13,Kolari Kattilamaa,,6.4,-1.0
2023-08-13,Pello kirkonkylä,15.5,5.7,-1.0
2023-08-13,Rovaniemi rautatieasema,15.4,,
2023-08-13,Sodankylä Tähtelä,15.0,0.6,-1.0
2023-08-13,Rovaniemi Apukka,14.8,1.6,-1.0
2023-08-13,Pelkosenniemi kirkonkylä,,0.5,-1.0
2023-08-13,Kemijärvi lentokenttä,14.7,0.7,-1.0
2023-08-13,Savukoski kirkonkylä,15.2,0.8,-1.0
2023-08-13,Salla Kelloselkä,,0.4,-1.0
2023-08-13,Pelkosenniemi Pyhätunturi,12.4,,
2023-08-13,Salla kirkonkylä,15.1,0.1,-1.0
2023-08-13,Salla Naruska,14.6,0.6,-1.0
2023-08-13,Enontekiö Kaaresuvanto,,10.0,-1.0
2023-08-13,Enontekiö lentoasema,14.7,,
2023-08-13,Kittilä Pulju,,8.3,-1.0
2023-08-13,Muonio Laukukero,11.2,,
2023-08-13,Muonio Sammaltunturi,12.4,,
2023-08-13,Kittilä Matorova,14.1,,
2023-08-13,Kittilä lentoasema,14.4,,
2023-08-13,Kittilä Kenttärova,14.1,4.3,-1.0
2023-08-13,Kittilä Pakatti,14.5,5.6,-1.0
2023-08-13,Kittilä Pokka,13.6,3.3,-1.0
2023-08-13,Sodankylä Lokka,14.1,1.1,-1.0
2023-08-13,Sodankylä Vuotso,14.2,0.2,-1.0
2023-08-13,Inari Saariselkä matkailukeskus,13.5,4.5,-1.0
2023-08-13,Inari Saariselkä Kaunispää,12.5,,
2023-08-13,Inari Raja-Jooseppi,14.4,,
2023-08-13,Salla Värriötunturi,14.2,0.4,-1.0
2023-08-13,Enontekiö Kilpisjärvi kyläkeskus,13.8,0.4,-1.0
2023-08-13,Enontekiö Kilpisjärvi Saana,11.0,,
2023-08-13,Enontekiö Näkkälä,14.5,3.6,-1.0
2023-08-13,Inari Angeli Lintupuoliselkä,14.9,2.1,-1.0
2023-08-13,Inari Ivalo lentoasema,14.8,,
2023-08-13,Utsjoki Kevo,15.6,0.7,-1.0
2023-08-13,Utsjoki Nuorgam,15.9,0.1,-1.0
2023-08-13,Inari Väylä,16.2,,
2023-08-13,Inari kirkonkylä,,1.2,-1.0
2023-08-13,Inari Kaamanen,15.8,0.7,-1.0
2023-08-13,Inari Nellim,15.3,0.4,-1.0
2023-08-13,Inari Kirakkajärvi,16.4,0.3,-1.0
2023-08-13,Mäntsälä Hirvihaara,15.8,-1.0,-1.0
2023-08-13,Lahti Sopenkorpi,17.9,-1.0,-1.0
2023-08-13,Siuntio Sjundby,,-1.0,-1.0
2023-08-13,Sipoo Itätoukki,18.4,,
2023-08-13,Rauma Pyynpää,16.7,0.4,-1.0
2023-08-13,Muonio Oustajärvi,15.1,1.7,-1.0
2023-08-13,Pyhtää lentokenttä,17.2,-1.0,-1.0
2023-08-13,Sotkamo Tuhkakylä,17.2,10.7,-1.0
2023-08-13,Tervola Loue,14.9,,
2023-08-13,Savukoski Tulppio,14.4,1.1,-1.0
2023-08-13,Mikkeli Pitkäaho,,-1.0,-1.0
2023-08-13,Kajaani Petäisenniska,17.3,0.7,-1.0
2023-08-13,Utsjoki Kevo Kevojärvi,15.7,,
2023-08-13,Inari Seitalaassa,15.7,,
2023-08-13,Ilmajoki Seinäjoki lentoasema,17.4,,
2023-08-13,Rovaniemi lentoasema AWOS,14.2,0.7,-1.0
2023-08-13,Jyväskylä lentoasema AWOS,16.6,-1.0,-1.0
2023-08-13,Puumala kirkonkylä,17.4,0.7,-1.0
2023-08-13,Helsinki Vuosaari satama,17.5,,
2023-08-13,Maarianhamina Länsisatama,16.4,,
2023-08-13,Lumparland Långnäs satama,16.6,2.7,-1.0
2023-08-13,Kittilä Lompolonvuoma,14.8,3.5,
2023-08-13,Kuusamo Ruka Talvijärvi,16.9,,
2023-08-13,Espoo Nuuksio,17.2,-1.0,-1.0
2023-08-13,Mikkeli Lentoasema AWOS,16.5,-1.0,-1.0
2023-08-13,Espoo Tapiola,16.4,-1.0,-1.0
2023-08-14,Porvoo Kilpilahti satama,19.3,,
2023-08-14,Jomala Maarianhamina lentoasema,16.8,,
2023-08-14,Parainen Utö,17.8,-1.0,-1.0
2023-08-14,Lemland Nyhamn,15.8,,
2023-08-14,Jomala Jomalaby,17.3,-1.0,-1.0
2023-08-14,Hammarland Märket,16.1,,
2023-08-14,Kökar Bogskär,16.5,,
2023-08-14,Parainen Fagerholm,18.0,-1.0,
2023-08-14,Kumlinge kirkonkylä,17.9,,
2023-08-14,Hanko Russarö,18.4,-1.0,
2023-08-14,Kaarina Yltöinen,18.5,-1.0,-1.0
2023-08-14,Kemiönsaari Vänö,18.0,,
2023-08-14,Hanko Tulliniemi,18.3,,
2023-08-14,Turku Rajakari,18.3,,
2023-08-14,Turku Artukainen,18.7,-1.0,-1.0
2023-08-14,Kemiönsaari Kemiö,17.7,-1.0,-1.0
2023-08-14,Hanko Tvärminne,18.2,-1.0,-1.0
2023-08-14,Salo Kärkkä,18.5,-1.0,
2023-08-14,Lohja Leppäkorpi,,-1.0,-1.0
2023-08-14,Raasepori Jussarö,18.3,,
2023-08-14,Salo Kiikala lentokenttä,18.1,-1.0,-1.0
2023-08-14,Vantaa Helsinki-Vantaan lentoasema,19.0,-1.0,-1.0
2023-08-14,Inkoo Bågaskär,18.6,,
2023-08-14,Helsinki Kaisaniemi,19.2,-1.0,-1.0
2023-08-14,Lohja Porla,18.2,-1.0,-1.0
2023-08-14,Vihti Maasoja,18.3,,
2023-08-14,Helsinki Harmaja,18.1,,
2023-08-14,Kirkkonummi Mäkiluoto,18.5,,
2023-08-14,Helsinki Helsingin majakka,18.1,,
2023-08-14,Helsinki Kumpula,19.2,-1.0,-1.0
2023-08-14,Helsinki Malmi lentokenttä,19.4,,
2023-08-14,Porvoo Kalbådagrund,18.1,,
2023-08-14,Porvoo Emäsalo,18.8,,
2023-08-14,Porvoo Harabacka,19.8,-1.0,-1.0
2023-08-14,Kotka Rankki,19.3,-1.0,-1.0
2023-08-14,Loviisa Orrengrund,19.1,,
2023-08-14,Kotka Haapasaari,19.0,,
2023-08-14,Pori lentoasema,17.9,,
2023-08-14,Uusikaupunki Itätulli,,-1.0,-1.0
2023-08-14,Kustavi Isokari,17.6,-1.0,
2023-08-14,Rauma Kylmäpihlaja,17.5,,
2023-08-14,Pori rautatieasema,18.1,-1.0,-1.0
2023-08-14,Turku lentoasema,18.2,,
2023-08-14,Kokemäki Rausenkulma,,-1.0,-1.0
2023-08-14,Huittinen Sallila,,-1.0,-1.0
2023-08-14,Oripää Teinikivi,,-1.0,-1.0
2023-08-14,Pöytyä Yläne,,-1.0,-1.0
2023-08-14,Kokemäki Tulkkila,18.6,-1.0,-1.0
2023-08-14,Jokioinen Ilmala,18.5,-1.0,-1.0
2023-08-14,Nokia Tottijärvi,,-1.0,-1.0
2023-08-14,Pirkkala Tampere-Pirkkala lentoasema,18.9,,
2023-08-14,Tampere Härmälä,19.2,-1.0,-1.0
2023-08-14,Somero Salkola,17.6,-1.0,-1.0
2023-08-14,Hyvinkää Hyvinkäänkylä,18.2,-1.0,-1.0
2023-08-14,Vihti Hiiskula,,-1.0,-1.0
2023-08-14,Hämeenlinna Pirttikoski,,-1.0,-1.0
2023-08-14,Nurmijärvi Röykkä,18.5,-1.0,-1.0
2023-08-14,Hämeenlinna Katinen,19.8,-1.0,
2023-08-14,Hattula Lepaa,19.5,-1.0,-1.0
2023-08-14,Hämeenlinna Lammi Pappila,18.7,-1.0,-1.0
2023-08-14,Asikkala Pulkkilanharju,19.2,,
2023-08-14,Kouvola Utti lentoasema,20.4,-1.0,-1.0
2023-08-14,Kouvola Anjala,19.7,-1.0,-1.0
2023-08-14,Heinola Asemantaus,19.1,-1.0,-1.0
2023-08-14,Kouvola Voikoski,,-1.0,-1.0
2023-08-14,Virolahti Koivuniemi,18.0,-1.0,-1.0
2023-08-14,Lappeenranta lentoasema,18.6,,
2023-08-14,Lappeenranta Konnunsuo,17.4,,
2023-08-14,Lappeenranta Lepola,18.8,-1.0,-1.0
2023-08-14,Ruokolahti Kotaniemi,,-1.0,-1.0
2023-08-14,Lappeenranta Hiekkapakka,19.8,,
2023-08-14,Parikkala Koitsanlahti,18.1,-1.0,
2023-08-14,Kaskinen Sälgrund,17.7,-1.0,
2023-08-14,Merikarvia Tuorila,,-1.0,-1.0
2023-08-14,Isojoki Kärjenkoski,,-1.0,-1.0
2023-08-14,Teuva Kauppilankylä,,-1.0,-1.0
2023-08-14,Pori Tahkoluoto satama,17.0,,
2023-08-14,Kristiinankaupunki Majakka,16.3,,
2023-08-14,Karvia Alkkia,17.1,-1.0,-1.0
2023-08-14,Kurikka Hirvijärvi,,-1.0,-1.0
2023-08-14,Kauhajoki Kuja-Kokko,17.4,-1.0,-1.0
2023-08-14,Kankaanpää Niinisalo lentokenttä,17.7,-1.0,-1.0
2023-08-14,Alavus Sulkavankylä,,-1.0,-1.0
2023-08-14,Virrat Äijänneva,17.5,,
2023-08-14,Tampere Siilinkari,18.6,,
2023-08-14,Jämsä Halli lentoasema,19.1,-1.0,-1.0
2023-08-14,Juupajoki Hyytiälä,18.1,-1.0,-1.0
2023-08-14,Sysmä Joutsjärvi,,-1.0,-1.0
2023-08-14,Jyväskylä Muuratjärvi,,-1.0,-1.0
2023-08-14,Luhanka Judinsalo,19.5,,
2023-08-14,Multia Pirttiperä,,-1.0,-1.0
2023-08-14,Joutsa Savenaho,17.6,-1.0,-1.0
2023-08-14,Kangasniemi kirkonkylä,,-1.0,-1.0
2023-08-14,Joutsa Pärnämäki,,-1.0,-1.0
2023-08-14,Juva Partala,18.3,,
2023-08-14,Varkaus Kosulanniemi,19.0,-1.0,-1.0
2023-08-14,Savonlinna Laukansaari,,-1.0,-1.0
2023-08-14,Sulkava Halttula,,-1.0,-1.0
2023-08-14,Savonlinna lentoasema,18.3,,
2023-08-14,Rantasalmi Rukkasluoto,19.5,,
2023-08-14,Savonlinna Punkaharju Laukansaari,18.5,-1.0,-1.0
2023-08-14,Enonkoski Simanala,,-1.0,-1.0
2023-08-14,Savonlinna Savonranta,,-1.0,-1.0
2023-08-14,Rääkkylä kirkonkylä,,0.1,-1.0
2023-08-14,Tohmajärvi Kemie,18.2,-1.0,-1.0
2023-08-14,Joensuu Huhtilampi,,-1.0,-1.0
2023-08-14,Vaasa lentoasema,17.3,,
2023-08-14,Mustasaari Valassaaret,16.9,,
2023-08-14,Närpiö Ylimarkku,,-1.0,-1.0
2023-08-14,Mustasaari Riimala,,-1.0,-1.0
2023-08-14,Kurikka Pyörni,,-1.0,-1.0
2023-08-14,Korsnäs Bredskäret,16.8,,
2023-08-14,Maalahti Strömmingsbådan,16.9,,
2023-08-14,Vaasa Klemettilä,17.7,-1.0,-1.0
2023-08-14,Seinäjoki Pelmaa,18.0,-1.0,-1.0
2023-08-14,Kauhava lentokenttä,17.4,-1.0,-1.0
2023-08-14,Ähtäri Inha,17.9,-1.0,-1.0
2023-08-14,Halsua Purola,16.6,0.0,-1.0
2023-08-14,Alajärvi Möksy,15.8,-1.0,-1.0
2023-08-14,Multia Karhila,16.9,-1.0,-1.0
2023-08-14,Viitasaari Haapaniemi,17.9,-1.0,-1.0
2023-08-14,Äänekoski Kalaniemi,,-1.0,-1.0
2023-08-14,Vesanto kirkonkylä,17.1,-1.0,-1.0
2023-08-14,Pielavesi Venetmäki,,-1.0,-1.0
2023-08-14,Siilinjärvi Kuopio lentoasema,18.4,,
2023-08-14,Kuopio Maaninka,18.5,-1.0,-1.0
2023-08-14,Lapinlahti Lamminkäyrä,,-1.0,-1.0
2023-08-14,Suonenjoki Iisvesi,,-1.0,-1.0
2023-08-14,Kuopio Karttula,,-1.0,-1.0
2023-08-14,Kuopio Ritoniemi,18.7,,
2023-08-14,Kuopio Savilahti,18.5,-1.0,-1.0
2023-08-14,Heinävesi Palokki,,-1.0,-1.0
2023-08-14,Outokumpu Viuruniemi,,-1.0,-1.0
2023-08-14,Rautavaara Ala-Luosta,,-1.0,-1.0
2023-08-14,Rautavaara Ylä-Luosta,16.4,-1.0,-1.0
2023-08-14,Liperi Joensuu lentoasema,18.1,,
2023-08-14,Juuka Niemelä,17.0,-1.0,-1.0
2023-08-14,Joensuu Pyhäselkä,,-1.0,-1.0
2023-08-14,Lieksa Koli,,0.8,-1.0
2023-08-14,Liperi Tuiskavanluoto,19.6,,
2023-08-14,Joensuu Linnunlahti,18.2,-1.0,-1.0
2023-08-14,Lieksa Lampela,18.4,2.4,-1.0
2023-08-14,Ilomantsi Pötsönvaara,17.8,0.1,-1.0
2023-08-14,Ilomantsi Mekrijärvi,18.9,-1.0,-1.0
2023-08-14,Pietarsaari Kallan,16.8,,
2023-08-14,Kokkola Tankar,17.0,,
2023-08-14,Kruunupyy Kokkola-Pietarsaari lentoasema,17.0,,
2023-08-14,Kaustinen Tastula,,-1.0,-1.0
2023-08-14,Kalajoki Ulkokalla,16.3,,
2023-08-14,Kokkola Santahaka,17.0,-1.0,-1.0
2023-08-14,Toholampi Oravala,,-1.0,-1.0
2023-08-14,Kalajoki Pitkäsenkylä,,-1.0,-1.0
2023-08-14,Kalajoki Mehtäkylä,,0.2,-1.0
2023-08-14,Toholampi Laitala,16.7,0.1,-1.0
2023-08-14,Ylivieska lentokenttä,16.3,0.1,-1.0
2023-08-14,Ylivieska Vähäkangas,,0.1,-1.0
2023-08-14,Haapavesi Mustikkamäki,16.7,0.0,-1.0
2023-08-14,Pyhäjärvi Ojakylä,16.1,-1.0,-1.0
2023-08-14,Pyhäjärvi Hiidenniemi,,-1.0,-1.0
2023-08-14,Kiuruvesi Korpijoki,,-1.0,-1.0
2023-08-14,Siikalatva Kestilä,,0.0,-1.0
2023-08-14,Kajaani lentoasema,17.3,,
2023-08-14,Vieremä Kaarakkala,16.6,-1.0,-1.0
2023-08-14,Kajaani Paltaniemi,,-1.0,-1.0
2023-08-14,Nurmes Valtimo,17.0,-1.0,-1.0
2023-08-14,Ristijärvi Mustavaara,,0.2,-1.0
2023-08-14,Sotkamo Kuolaniemi,16.9,-1.0,-1.0
2023-08-14,Nurmes Mujejärvi,,0.0,-1.0
2023-08-14,Kuhmo Apaja,,-1.0,-1.0
2023-08-14,Kuhmo Kalliojoki,18.0,0.9,-1.0
2023-08-14,Raahe Nahkiainen,16.4,,
2023-08-14,Hailuoto Keskikylä,16.5,-1.0,-1.0
2023-08-14,Kemi I majakka,16.8,,
2023-08-14,Hailuoto Marjaniemi,16.9,,
2023-08-14,Raahe Lapaluoto satama,17.1,,
2023-08-14,Oulu lentoasema,16.5,,
2023-08-14,Siikajoki Ruukki,16.4,0.4,-1.0
2023-08-14,Oulu Vihreäsaari satama,16.9,,
2023-08-14,Oulu Oulunsalo Pellonpää,16.2,-1.0,-1.0
2023-08-14,Vaala Pelso,15.8,-1.0,-1.0
2023-08-14,Pudasjärvi lentokenttä,17.3,-1.0,-1.0
2023-08-14,Utajärvi Särkijärvi,,-1.0,-1.0
2023-08-14,Pudasjärvi Jaurakkajärvi,,-1.0,-1.0
2023-08-14,Suomussalmi Näljänkä,,-1.0,-1.0
2023-08-14,Suomussalmi Pesiö,17.3,-1.0,-1.0
2023-08-14,Puolanka Kotila,,0.2,-1.0
2023-08-14,Puolanka Paljakka,16.1,0.1,-1.0
2023-08-14,Kemi Kemi-Tornio lentoasema,16.7,,
2023-08-14,Kemi Ajos,17.3,,
2023-08-14,Tornio Kaakkuri,16.8,-1.0,
2023-08-14,Ranua lentokenttä,15.9,0.1,-1.0
2023-08-14,Pudasjärvi Sarakylä,,0.0,-1.0
2023-08-14,Posio Raistakka,,-1.0,-1.0
2023-08-14,Taivalkoski Inkee,,0.0,-1.0
2023-08-14,Taivalkoski kirkonkylä,17.4,-1.0,-1.0
2023-08-14,Kuusamo lentoasema,17.0,0.3,-1.0
2023-08-14,Kuusamo Kiutaköngäs,16.8,2.2,-1.0
2023-08-14,Kuusamo Rukatunturi,15.1,,
2023-08-14,Kuusamo Teeriranta,,0.2,-1.0
2023-08-14,Kuusamo Juuma,16.2,,
2023-08-14,Ylitornio Meltosjärvi,16.4,-1.0,-1.0
2023-08-14,Kolari Kattilamaa,,0.4,-1.0
2023-08-14,Pello kirkonkylä,16.6,-1.0,-1.0
2023-08-14,Rovaniemi rautatieasema,17.3,,
2023-08-14,Sodankylä Tähtelä,16.9,-1.0,-1.0
2023-08-14,Rovaniemi Apukka,16.9,0.1,-1.0
2023-08-14,Pelkosenniemi kirkonkylä,,0.0,-1.0
2023-08-14,Kemijärvi lentokenttä,16.1,-1.0,-1.0
2023-08-14,Savukoski kirkonkylä,15.9,0.4,-1.0
2023-08-14,Salla Kelloselkä,,-1.0,-1.0
2023-08-14,Pelkosenniemi Pyhätunturi,14.7,,
2023-08-14,Salla kirkonkylä,16.4,-1.0,-1.0
2023-08-14,Salla Naruska,15.4,-1.0,-1.0
2023-08-14,Enontekiö Kaaresuvanto,,-1.0,-1.0
2023-08-14,Enontekiö lentoasema,14.8,,
2023-08-14,Kittilä Pulju,,-1.0,-1.0
2023-08-14,Muonio Laukukero,12.1,,
2023-08-14,Muonio Sammaltunturi,13.4,,
2023-08-14,Kittilä Matorova,14.8,,
2023-08-14,Kittilä lentoasema,15.9,,
2023-08-14,Kittilä Kenttärova,14.6,0.6,-1.0
2023-08-14,Kittilä Pakatti,16.1,0.1,-1.0
2023-08-14,Kittilä Pokka,15.8,2.4,-1.0
2023-08-14,Sodankylä Lokka,16.1,0.6,-1.0
2023-08-14,Sodankylä Vuotso,16.2,4.1,-1.0
2023-08-14,Inari Saariselkä matkailukeskus,16.1,-1.0,-1.0
2023-08-14,Inari Saariselkä Kaunispää,15.4,,
2023-08-14,Inari Raja-Jooseppi,16.7,,
2023-08-14,Salla Värriötunturi,14.8,-1.0,-1.0
2023-08-14,Enontekiö Kilpisjärvi kyläkeskus,13.3,8.4,-1.0
2023-08-14,Enontekiö Kilpisjärvi Saana,9.7,,
2023-08-14,Enontekiö Näkkälä,14.6,0.4,-1.0
2023-08-14,Inari Angeli Lintupuoliselkä,15.8,6.1,-1.0
2023-08-14,Inari Ivalo lentoasema,17.4,,
2023-08-14,Utsjoki Kevo,16.7,14.8,-1.0
2023-08-14,Utsjoki Nuorgam,16.5,3.3,-1.0
2023-08-14,Inari Väylä,17.0,,
2023-08-14,Inari kirkonkylä,,1.5,-1.0
2023-08-14,Inari Kaamanen,16.8,5.7,-1.0
2023-08-14,Inari Nellim,17.4,-1.0,-1.0
2023-08-14,Inari Kirakkajärvi,17.6,0.1,-1.0
2023-08-14,Mäntsälä Hirvihaara,17.9,-1.0,-1.0
2023-08-14,Lahti Sopenkorpi,19.2,-1.0,-1.0
2023-08-14,Siuntio Sjundby,,-1.0,-1.0
2023-08-14,Sipoo Itätoukki,18.1,,
2023-08-14,Rauma Pyynpää,18.2,-1.0,-1.0
2023-08-14,Muonio Oustajärvi,15.6,0.1,-1.0
2023-08-14,Pyhtää lentokenttä,19.4,-1.0,-1.0
2023-08-14,Sotkamo Tuhkakylä,16.8,-1.0,-1.0
2023-08-14,Tervola Loue,16.6,,
2023-08-14,Savukoski Tulppio,14.9,0.7,-1.0
2023-08-14,Mikkeli Pitkäaho,,-1.0,-1.0
2023-08-14,Kajaani Petäisenniska,17.2,-1.0,-1.0
2023-08-14,Utsjoki Kevo Kevojärvi,16.6,,
2023-08-14,Inari Seitalaassa,17.5,,
2023-08-14,Ilmajoki Seinäjoki lentoasema,17.6,,
2023-08-14,Rovaniemi lentoasema AWOS,16.3,2.8,-1.0
2023-08-14,Jyväskylä lentoasema AWOS,17.6,-1.0,-1.0
2023-08-14,Puumala kirkonkylä,18.5,-1.0,-1.0
2023-08-14,Helsinki Vuosaari satama,18.9,,
2023-08-14,Maarianhamina Länsisatama,16.8,,
2023-08-14,Lumparland Långnäs satama,18.0,-1.0,-1.0
2023-08-14,Kittilä Lompolonvuoma,15.0,0.1,
2023-08-14,Kuusamo Ruka Talvijärvi,16.7,,
2023-08-14,Espoo Nuuksio,17.8,-1.0,-1.0
2023-08-14,Mikkeli Lentoasema AWOS,16.7,-1.0,-1.0
2023-08-14,Espoo Tapiola,18.9,-1.0,-1.0
2023-08-15,Porvoo Kilpilahti satama,19.0,,
2023-08-15,Jomala Maarianhamina lentoasema,18.4,,
2023-08-15,Parainen Utö,18.6,-1.0,-1.0
2023-08-15,Lemland Nyhamn,16.8,,
2023-08-15,Jomala Jomalaby,18.7,4.1,-1.0
2023-08-15,Hammarland Märket,16.5,,
2023-08-15,Kökar Bogskär,17.7,,
2023-08-15,Parainen Fagerholm,19.3,-1.0,
2023-08-15,Kumlinge kirkonkylä,18.4,,
2023-08-15,Hanko Russarö,19.3,0.2,
2023-08-15,Kaarina Yltöinen,20.5,-1.0,-1.0
2023-08-15,Kemiönsaari Vänö,19.5,,
2023-08-15,Hanko Tulliniemi,19.1,,
2023-08-15,Turku Rajakari,19.8,,
2023-08-15,Turku Artukainen,20.6,0.1,-1.0
2023-08-15,Kemiönsaari Kemiö,19.6,0.6,-1.0
2023-08-15,Hanko Tvärminne,19.0,0.4,-1.0
2023-08-15,Salo Kärkkä,20.3,-1.0,
2023-08-15,Lohja Leppäkorpi,,1.0,-1.0
2023-08-15,Raasepori Jussarö,19.2,,
2023-08-15,Salo Kiikala lentokenttä,19.5,1.3,-1.0
2023-08-15,Vantaa Helsinki-Vantaan lentoasema,19.9,2.0,-1.0
2023-08-15,Inkoo Bågaskär,19.0,,
2023-08-15,Helsinki Kaisaniemi,19.7,1.2,-1.0
2023-08-15,Lohja Porla,19.0,0.7,-1.0
2023-08-15,Vihti Maasoja,18.4,,
2023-08-15,Helsinki Harmaja,18.8,,
2023-08-15,Kirkkonummi Mäkiluoto,19.2,,
2023-08-15,Helsinki Helsingin majakka,18.9,,
2023-08-15,Helsinki Kumpula,20.1,0.9,-1.0
2023-08-15,Helsinki Malmi lentokenttä,19.4,,
2023-08-15,Porvoo Kalbådagrund,18.8,,
2023-08-15,Porvoo Emäsalo,19.2,,
2023-08-15,Porvoo Harabacka,19.8,4.9,-1.0
2023-08-15,Kotka Rankki,19.6,-1.0,-1.0
2023-08-15,Loviisa Orrengrund,19.6,,
2023-08-15,Kotka Haapasaari,19.5,,
2023-08-15,Pori lentoasema,19.5,,
2023-08-15,Uusikaupunki Itätulli,,-1.0,-1.0
2023-08-15,Kustavi Isokari,18.3,1.1,
2023-08-15,Rauma Kylmäpihlaja,19.2,,
2023-08-15,Pori rautatieasema,19.8,4.1,-1.0
2023-08-15,Turku lentoasema,20.3,,
2023-08-15,Kokemäki Rausenkulma,,2.6,-1.0
2023-08-15,Huittinen Sallila,,-1.0,-1.0
2023-08-15,Oripää Teinikivi,,0.0,-1.0
2023-08-15,Pöytyä Yläne,,-1.0,-1.0
2023-08-15,Kokemäki Tulkkila,19.8,1.9,-1.0
2023-08-15,Jokioinen Ilmala,19.4,1.3,-1.0
2023-08-15,Nokia Tottijärvi,,0.3,-1.0
2023-08-15,Pirkkala Tampere-Pirkkala lentoasema,20.0,,
2023-08-15,Tampere Härmälä,20.0,0.2,-1.0
2023-08-15,Somero Salkola,18.7,1.7,-1.0
2023-08-15,Hyvinkää Hyvinkäänkylä,18.6,5.4,-1.0
2023-08-15,Vihti Hiiskula,,2.7,-1.0
2023-08-15,Hämeenlinna Pirttikoski,,0.3,-1.0
2023-08-15,Nurmijärvi Röykkä,19.2,6.4,-1.0
2023-08-15,Hämeenlinna Katinen,20.4,0.1,
2023-08-15,Hattula Lepaa,19.6,0.4,-1.0
2023-08-15,Hämeenlinna Lammi Pappila,19.4,0.2,-1.0
2023-08-15,Asikkala Pulkkilanharju,19.0,,
2023-08-15,Kouvola Utti lentoasema,19.6,-1.0,-1.0
2023-08-15,Kouvola Anjala,19.2,0.1,-1.0
2023-08-15,Heinola Asemantaus,19.5,0.1,-1.0
2023-08-15,Kouvola Voikoski,,-1.0,-1.0
2023-08-15,Virolahti Koivuniemi,17.6,0.0,-1.0
2023-08-15,Lappeenranta lentoasema,19.3,,
2023-08-15,Lappeenranta Konnunsuo,17.3,,
2023-08-15,Lappeenranta Lepola,19.6,-1.0,-1.0
2023-08-15,Ruokolahti Kotaniemi,,-1.0,-1.0
2023-08-15,Lappeenranta Hiekkapakka,20.3,,
2023-08-15,Parikkala Koitsanlahti,17.4,-1.0,
2023-08-15,Kaskinen Sälgrund,18.3,6.4,
2023-08-15,Merikarvia Tuorila,,16.7,-1.0
2023-08-15,Isojoki Kärjenkoski,,10.5,-1.0
2023-08-15,Teuva Kauppilankylä,,7.8,-1.0
2023-08-15,Pori Tahkoluoto satama,18.5,,
2023-08-15,Kristiinankaupunki Majakka,17.8,,
2023-08-15,Karvia Alkkia,18.1,16.6,-1.0
2023-08-15,Kurikka Hirvijärvi,,8.7,-1.0
2023-08-15,Kauhajoki Kuja-Kokko,18.7,8.9,-1.0
2023-08-15,Kankaanpää Niinisalo lentokenttä,19.2,13.9,-1.0
2023-08-15,Alavus Sulkavankylä,,23.0,-1.0
2023-08-15,Virrat Äijänneva,18.4,,
2023-08-15,Tampere Siilinkari,19.9,,
2023-08-15,Jämsä Halli lentoasema,19.8,0.4,-1.0
2023-08-15,Juupajoki Hyytiälä,18.4,0.1,-1.0
2023-08-15,Sysmä Joutsjärvi,,-1.0,-1.0
2023-08-15,Jyväskylä Muuratjärvi,,0.0,-1.0
2023-08-15,Luhanka Judinsalo,19.5,,
2023-08-15,Multia Pirttiperä,,4.2,-1.0
2023-08-15,Joutsa Savenaho,18.3,-1.0,-1.0
2023-08-15,Kangasniemi kirkonkylä,,0.0,-1.0
2023-08-15,Joutsa Pärnämäki,,0.0,-1.0
2023-08-15,Juva Partala,18.1,,
2023-08-15,Varkaus Kosulanniemi,19.1,-1.0,-1.0
2023-08-15,Savonlinna Laukansaari,,-1.0,-1.0
2023-08-15,Sulkava Halttula,,-1.0,-1.0
2023-08-15,Savonlinna lentoasema,18.6,,
2023-08-15,Rantasalmi Rukkasluoto,20.3,,
2023-08-15,Savonlinna Punkaharju Laukansaari,18.8,-1.0,-1.0
2023-08-15,Enonkoski Simanala,,-1.0,-1.0
2023-08-15,Savonlinna Savonranta,,-1.0,-1.0
2023-08-15,Rääkkylä kirkonkylä,,0.2,-1.0
2023-08-15,Tohmajärvi Kemie,17.1,-1.0,-1.0
2023-08-15,Joensuu Huhtilampi,,-1.0,-1.0
2023-08-15,Vaasa lentoasema,18.6,,
2023-08-15,Mustasaari Valassaaret,18.2,,
2023-08-15,Närpiö Ylimarkku,,4.8,-1.0
2023-08-15,Mustasaari Riimala,,5.5,-1.0
2023-08-15,Kurikka Pyörni,,8.2,-1.0
2023-08-15,Korsnäs Bredskäret,18.0,,
2023-08-15,Maalahti Strömmingsbådan,17.9,,
2023-08-15,Vaasa Klemettilä,19.0,8.8,-1.0
2023-08-15,Seinäjoki Pelmaa,19.1,8.5,-1.0
2023-08-15,Kauhava lentokenttä,19.0,10.2,-1.0
2023-08-15,Ähtäri Inha,18.5,16.6,-1.0
2023-08-15,Halsua Purola,17.2,7.8,-1.0
2023-08-15,Alajärvi Möksy,17.5,14.8,-1.0
2023-08-15,Multia Karhila,17.3,5.9,-1.0
2023-08-15,Viitasaari Haapaniemi,18.7,1.5,-1.0
2023-08-15,Äänekoski Kalaniemi,,-1.0,-1.0
2023-08-15,Vesanto kirkonkylä,17.5,0.3,-1.0
2023-08-15,Pielavesi Venetmäki,,-1.0,-1.0
2023-08-15,Siilinjärvi Kuopio lentoasema,19.2,,
2023-08-15,Kuopio Maaninka,18.5,-1.0,-1.0
2023-08-15,Lapinlahti Lamminkäyrä,,-1.0,-1.0
2023-08-15,Suonenjoki Iisvesi,,-1.0,-1.0
2023-08-15,Kuopio Karttula,,-1.0,-1.0
2023-08-15,Kuopio Ritoniemi,19.6,,
2023-08-15,Kuopio Savilahti,18.8,-1.0,-1.0
2023-08-15,Heinävesi Palokki,,-1.0,-1.0
2023-08-15,Outokumpu Viuruniemi,,-1.0,-1.0
2023-08-15,Rautavaara Ala-Luosta,,-1.0,-1.0
2023-08-15,Rautavaara Ylä-Luosta,16.3,-1.0,-1.0
2023-08-15,Liperi Joensuu lentoasema,18.6,,
2023-08-15,Juuka Niemelä,16.9,-1.0,-1.0
2023-08-15,Joensuu Pyhäselkä,,-1.0,-1.0
2023-08-15,Lieksa Koli,,-1.0,-1.0
2023-08-15,Liperi Tuiskavanluoto,20.2,,
2023-08-15,Joensuu Linnunlahti,18.6,-1.0,-1.0
2023-08-15,Lieksa Lampela,16.9,-1.0,-1.0
2023-08-15,Ilomantsi Pötsönvaara,16.7,-1.0,-1.0
2023-08-15,Ilomantsi Mekrijärvi,18.3,-1.0,-1.0
2023-08-15,Pietarsaari Kallan,17.5,,
2023-08-15,Kokkola Tankar,17.9,,
2023-08-15,Kruunupyy Kokkola-Pietarsaari lentoasema,18.7,,
2023-08-15,Kaustinen Tastula,,4.8,-1.0
2023-08-15,Kalajoki Ulkokalla,16.9,,
2023-08-15,Kokkola Santahaka,18.3,8.1,-1.0
2023-08-15,Toholampi Oravala,,9.8,-1.0
2023-08-15,Kalajoki Pitkäsenkylä,,7.1,-1.0
2023-08-15,Kalajoki Mehtäkylä,,6.2,-1.0
2023-08-15,Toholampi Laitala,17.9,5.8,-1.0
2023-08-15,Ylivieska lentokenttä,16.8,3.2,-1.0
2023-08-15,Ylivieska Vähäkangas,,2.9,-1.0
2023-08-15,Haapavesi Mustikkamäki,17.4,1.9,-1.0
2023-08-15,Pyhäjärvi Ojakylä,16.6,4.3,-1.0
2023-08-15,Pyhäjärvi Hiidenniemi,,0.6,-1.0
2023-08-15,Kiuruvesi Korpijoki,,0.1,-1.0
2023-08-15,Siikalatva Kestilä,,0.1,-1.0
2023-08-15,Kajaani lentoasema,17.4,,
2023-08-15,Vieremä Kaarakkala,17.6,-1.0,-1.0
2023-08-15,Kajaani Paltaniemi,,-1.0,-1.0
2023-08-15,Nurmes Valtimo,17.5,-1.0,-1.0
2023-08-15,Ristijärvi Mustavaara,,0.1,-1.0
2023-08-15,Sotkamo Kuolaniemi,17.3,-1.0,-1.0
2023-08-15,Nurmes Mujejärvi,,-1.0,-1.0
2023-08-15,Kuhmo Apaja,,-1.0,-1.0
2023-08-15,Kuhmo Kalliojoki,16.8,-1.0,-1.0
2023-08-15,Raahe Nahkiainen,16.6,,
2023-08-15,Hailuoto Keskikylä,16.7,12.2,-1.0
2023-08-15,Kemi I majakka,16.6,,
2023-08-15,Hailuoto Marjaniemi,17.1,,
2023-08-15,Raahe Lapaluoto satama,17.1,,
2023-08-15,Oulu lentoasema,16.8,,
2023-08-15,Siikajoki Ruukki,16.8,5.0,-1.0
2023-08-15,Oulu Vihreäsaari satama,17.0,,
2023-08-15,Oulu Oulunsalo Pellonpää,15.9,7.1,-1.0
2023-08-15,Vaala Pelso,16.8,0.7,-1.0
2023-08-15,Pudasjärvi lentokenttä,17.1,5.9,-1.0
2023-08-15,Utajärvi Särkijärvi,,-1.0,-1.0
2023-08-15,Pudasjärvi Jaurakkajärvi,,-1.0,-1.0
2023-08-15,Suomussalmi Näljänkä,,0.0,-1.0
2023-08-15,Suomussalmi Pesiö,16.5,-1.0,-1.0
2023-08-15,Puolanka Kotila,,-1.0,-1.0
2023-08-15,Puolanka Paljakka,15.6,-1.0,-1.0
2023-08-15,Kemi Kemi-Tornio lentoasema,17.0,,
2023-08-15,Kemi Ajos,17.3,,
2023-08-15,Tornio Kaakkuri,17.8,11.9,
2023-08-15,Ranua lentokenttä,15.6,3.5,-1.0
2023-08-15,Pudasjärvi Sarakylä,,0.6,-1.0
2023-08-15,Posio Raistakka,,-1.0,-1.0
2023-08-15,Taivalkoski Inkee,,0.4,-1.0
2023-08-15,Taivalkoski kirkonkylä,16.4,1.0,-1.0
2023-08-15,Kuusamo lentoasema,15.6,-1.0,-1.0
2023-08-15,Kuusamo Kiutaköngäs,16.1,-1.0,-1.0
2023-08-15,Kuusamo Rukatunturi,14.2,,
2023-08-15,Kuusamo Teeriranta,,-1.0,-1.0
2023-08-15,Kuusamo Juuma,15.1,,
2023-08-15,Ylitornio Meltosjärvi,17.8,7.2,-1.0
2023-08-15,Kolari Kattilamaa,,4.1,-1.0
2023-08-15,Pello kirkonkylä,17.8,11.0,-1.0
2023-08-15,Rovaniemi rautatieasema,18.0,,
2023-08-15,Sodankylä Tähtelä,16.9,0.9,-1.0
2023-08-15,Rovaniemi Apukka,17.2,4.0,-1.0
2023-08-15,Pelkosenniemi kirkonkylä,,-1.0,-1.0
2023-08-15,Kemijärvi lentokenttä,17.1,1.5,-1.0
2023-08-15,Savukoski kirkonkylä,16.6,0.2,-1.0
2023-08-15,Salla Kelloselkä,,-1.0,-1.0
2023-08-15,Pelkosenniemi Pyhätunturi,14.6,,
2023-08-15,Salla kirkonkylä,15.5,0.3,-1.0
2023-08-15,Salla Naruska,15.7,-1.0,-1.0
2023-08-15,Enontekiö Kaaresuvanto,,4.0,-1.0
2023-08-15,Enontekiö lentoasema,13.9,,
2023-08-15,Kittilä Pulju,,1.3,-1.0
2023-08-15,Muonio Laukukero,12.3,,
2023-08-15,Muonio Sammaltunturi,13.6,,
2023-08-15,Kittilä Matorova,15.0,,
2023-08-15,Kittilä lentoasema,16.3,,
2023-08-15,Kittilä Kenttärova,14.8,2.6,-1.0
2023-08-15,Kittilä Pakatti,16.6,3.0,-1.0
2023-08-15,Kittilä Pokka,15.6,0.5,-1.0
2023-08-15,Sodankylä Lokka,15.5,0.1,-1.0
2023-08-15,Sodankylä Vuotso,16.0,-1.0,-1.0
2023-08-15,Inari Saariselkä matkailukeskus,15.9,0.7,-1.0
2023-08-15,Inari Saariselkä Kaunispää,15.3,,
2023-08-15,Inari Raja-Jooseppi,16.7,,
2023-08-15,Salla Värriötunturi,15.8,0.4,-1.0
2023-08-15,Enontekiö Kilpisjärvi kyläkeskus,13.5,0.2,-1.0
2023-08-15,Enontekiö Kilpisjärvi Saana,10.1,,
2023-08-15,Enontekiö Näkkälä,13.6,0.3,-1.0
2023-08-15,Inari Angeli Lintupuoliselkä,14.4,0.6,-1.0
2023-08-15,Inari Ivalo lentoasema,17.1,,
2023-08-15,Utsjoki Kevo,15.3,-1.0,-1.0
2023-08-15,Utsjoki Nuorgam,14.8,0.3,-1.0
2023-08-15,Inari Väylä,15.7,,
2023-08-15,Inari kirkonkylä,,2.3,-1.0
2023-08-15,Inari Kaamanen,15.8,0.4,-1.0
2023-08-15,Inari Nellim,16.6,2.4,-1.0
2023-08-15,Inari Kirakkajärvi,16.8,0.3,-1.0
2023-08-15,Mäntsälä Hirvihaara,18.2,1.4,-1.0
2023-08-15,Lahti Sopenkorpi,19.3,0.5,-1.0
2023-08-15,Siuntio Sjundby,,2.4,-1.0
2023-08-15,Sipoo Itätoukki,19.1,,
2023-08-15,Rauma Pyynpää,19.8,0.7,-1.0
2023-08-15,Muonio Oustajärvi,15.1,2.9,-1.0
2023-08-15,Pyhtää lentokenttä,18.2,-1.0,-1.0
2023-08-15,Sotkamo Tuhkakylä,17.4,-1.0,-1.0
2023-08-15,Tervola Loue,16.9,,
2023-08-15,Savukoski Tulppio,16.1,0.4,-1.0
2023-08-15,Mikkeli Pitkäaho,,-1.0,-1.0
2023-08-15,Kajaani Petäisenniska,17.8,-1.0,-1.0
2023-08-15,Utsjoki Kevo Kevojärvi,15.3,,
2023-08-15,Inari Seitalaassa,17.4,,
2023-08-15,Ilmajoki Seinäjoki lentoasema,18.9,,
2023-08-15,Rovaniemi lentoasema AWOS,16.7,5.1,-1.0
2023-08-15,Jyväskylä lentoasema AWOS,17.8,0.3,-1.0
2023-08-15,Puumala kirkonkylä,19.4,-1.0,-1.0
2023-08-15,Helsinki Vuosaari satama,18.7,,
2023-08-15,Maarianhamina Länsisatama,18.4,,
2023-08-15,Lumparland Långnäs satama,18.8,4.9,-1.0
2023-08-15,Kittilä Lompolonvuoma,15.1,2.5,
2023-08-15,Kuusamo Ruka Talvijärvi,15.7,,
2023-08-15,Espoo Nuuksio,18.6,1.6,-1.0
2023-08-15,Mikkeli Lentoasema AWOS,17.5,1.1,-1.0
2023-08-15,Espoo Tapiola,18.9,1.1,-1.0
2023-08-16,Porvoo Kilpilahti satama,21.0,,
2023-08-16,Jomala Maarianhamina lentoasema,17.1,,
2023-08-16,Parainen Utö,17.3,2.8,-1.0
2023-08-16,Lemland Nyhamn,16.0,,
2023-08-16,Jomala Jomalaby,17.7,-1.0,-1.0
2023-08-16,Hammarland Märket,17.1,,
2023-08-16,Kökar Bogskär,16.3,,
2023-08-16,Parainen Fagerholm,17.5,1.5,
2023-08-16,Kumlinge kirkonkylä,17.3,,
2023-08-16,Hanko Russarö,18.7,1.1,
2023-08-16,Kaarina Yltöinen,18.8,4.6,-1.0
2023-08-16,Kemiönsaari Vänö,17.7,,
2023-08-16,Hanko Tulliniemi,18.6,,
2023-08-16,Turku Rajakari,18.8,,
2023-08-16,Turku Artukainen,19.6,-1.0,-1.0
2023-08-16,Kemiönsaari Kemiö,19.0,0.3,-1.0
2023-08-16,Hanko Tvärminne,19.0,3.3,-1.0
2023-08-16,Salo Kärkkä,19.7,1.2,
2023-08-16,Lohja Leppäkorpi,,-1.0,-1.0
2023-08-16,Raasepori Jussarö,19.1,,
2023-08-16,Salo Kiikala lentokenttä,19.3,0.4,-1.0
2023-08-16,Vantaa Helsinki-Vantaan lentoasema,21.1,7.7,-1.0
2023-08-16,Inkoo Bågaskär,19.7,,
2023-08-16,Helsinki Kaisaniemi,20.3,3.3,-1.0
2023-08-16,Lohja Porla,20.0,1.5,-1.0
2023-08-16,Vihti Maasoja,20.4,,
2023-08-16,Helsinki Harmaja,19.2,,
2023-08-16,Kirkkonummi Mäkiluoto,19.5,,
2023-08-16,Helsinki Helsingin majakka,19.1,,
2023-08-16,Helsinki Kumpula,20.8,3.1,-1.0
2023-08-16,Helsinki Malmi lentokenttä,20.9,,
2023-08-16,Porvoo Kalbådagrund,19.4,,
2023-08-16,Porvoo Emäsalo,19.6,,
2023-08-16,Porvoo Harabacka,21.6,0.6,-1.0
2023-08-16,Kotka Rankki,20.5,2.1,-1.0
2023-08-16,Loviisa Orrengrund,20.6,,
2023-08-16,Kotka Haapasaari,20.3,,
2023-08-16,Pori lentoasema,18.2,,
2023-08-16,Uusikaupunki Itätulli,,-1.0,-1.0
2023-08-16,Kustavi Isokari,17.4,-1.0,
2023-08-16,Rauma Kylmäpihlaja,18.0,,
2023-08-16,Pori rautatieasema,18.3,-1.0,-1.0
2023-08-16,Turku lentoasema,19.3,,
2023-08-16,Kokemäki Rausenkulma,,0.0,-1.0
2023-08-16,Huittinen Sallila,,-1.0,-1.0
2023-08-16,Oripää Teinikivi,,-1.0,-1.0
2023-08-16,Pöytyä Yläne,,0.0,-1.0
2023-08-16,Kokemäki Tulkkila,19.6,-1.0,-1.0
2023-08-16,Jokioinen Ilmala,19.8,6.1,-1.0
2023-08-16,Nokia Tottijärvi,,-1.0,-1.0
2023-08-16,Pirkkala Tampere-Pirkkala lentoasema,20.0,,
2023-08-16,Tampere Härmälä,20.5,-1.0,-1.0
2023-08-16,Somero Salkola,19.1,0.5,-1.0
2023-08-16,Hyvinkää Hyvinkäänkylä,20.2,1.3,-1.0
2023-08-16,Vihti Hiiskula,,0.5,-1.0
2023-08-16,Hämeenlinna Pirttikoski,,8.8,-1.0
2023-08-16,Nurmijärvi Röykkä,19.9,2.2,-1.0
2023-08-16,Hämeenlinna Katinen,20.9,-1.0,
2023-08-16,Hattula Lepaa,20.0,2.1,-1.0
2023-08-16,Hämeenlinna Lammi Pappila,20.6,0.5,-1.0
2023-08-16,Asikkala Pulkkilanharju,20.7,,
2023-08-16,Kouvola Utti lentoasema,20.8,1.2,-1.0
2023-08-16,Kouvola Anjala,20.9,0.7,-1.0
2023-08-16,Heinola Asemantaus,21.0,0.8,-1.0
2023-08-16,Kouvola Voikoski,,3.3,-1.0
2023-08-16,Virolahti Koivuniemi,19.1,13.7,-1.0
2023-08-16,Lappeenranta lentoasema,20.0,,
2023-08-16,Lappeenranta Konnunsuo,18.5,,
2023-08-16,Lappeenranta Lepola,19.8,0.5,-1.0
2023-08-16,Ruokolahti Kotaniemi,,0.0,-1.0
2023-08-16,Lappeenranta Hiekkapakka,20.5,,
2023-08-16,Parikkala Koitsanlahti,18.2,3.4,-1.0
2023-08-16,Kaskinen Sälgrund,17.4,-1.0,
2023-08-16,Merikarvia Tuorila,,-1.0,-1.0
2023-08-16,Isojoki Kärjenkoski,,-1.0,-1.0
2023-08-16,Teuva Kauppilankylä,,0.1,-1.0
2023-08-16,Pori Tahkoluoto satama,17.6,,
2023-08-16,Kristiinankaupunki Majakka,16.9,,
2023-08-16,Karvia Alkkia,17.3,-1.0,-1.0
2023-08-16,Kurikka Hirvijärvi,,0.2,-1.0
2023-08-16,Kauhajoki Kuja-Kokko,17.2,-1.0,-1.0
2023-08-16,Kankaanpää Niinisalo lentokenttä,17.7,-1.0,-1.0
2023-08-16,Alavus Sulkavankylä,,-1.0,-1.0
2023-08-16,Virrat Äijänneva,17.9,,
2023-08-16,Tampere Siilinkari,19.9,,
2023-08-16,Jämsä Halli lentoasema,20.5,-1.0,-1.0
2023-08-16,Juupajoki Hyytiälä,19.6,-1.0,-1.0
2023-08-16,Sysmä Joutsjärvi,,0.1,-1.0
2023-08-16,Jyväskylä Muuratjärvi,,0.0,-1.0
2023-08-16,Luhanka Judinsalo,20.4,,
2023-08-16,Multia Pirttiperä,,-1.0,-1.0
2023-08-16,Joutsa Savenaho,19.4,-1.0,-1.0
2023-08-16,Kangasniemi kirkonkylä,,0.3,-1.0
2023-08-16,Joutsa Pärnämäki,,1.1,-1.0
2023-08-16,Juva Partala,19.5,,
2023-08-16,Varkaus Kosulanniemi,19.6,0.7,-1.0
2023-08-16,Savonlinna Laukansaari,,1.9,-1.0
2023-08-16,Sulkava Halttula,,0.5,-1.0
2023-08-16,Savonlinna lentoasema,19.6,,
2023-08-16,Rantasalmi Rukkasluoto,20.7,,
2023-08-16,Savonlinna Punkaharju Laukansaari,19.8,0.3,-1.0
2023-08-16,Enonkoski Simanala,,1.0,-1.0
2023-08-16,Savonlinna Savonranta,,0.3,-1.0
2023-08-16,Rääkkylä kirkonkylä,,1.0,-1.0
2023-08-16,Tohmajärvi Kemie,17.8,0.6,-1.0
2023-08-16,Joensuu Huhtilampi,,0.6,-1.0
2023-08-16,Vaasa lentoasema,17.6,,
2023-08-16,Mustasaari Valassaaret,17.1,,
2023-08-16,Närpiö Ylimarkku,,-1.0,-1.0
2023-08-16,Mustasaari Riimala,,0.0,-1.0
2023-08-16,Kurikka Pyörni,,-1.0,-1.0
2023-08-16,Korsnäs Bredskäret,17.5,,
2023-08-16,Maalahti Strömmingsbådan,17.4,,
2023-08-16,Vaasa Klemettilä,17.6,-1.0,-1.0
2023-08-16,Seinäjoki Pelmaa,17.8,-1.0,-1.0
2023-08-16,Kauhava lentokenttä,18.0,0.1,-1.0
2023-08-16,Ähtäri Inha,18.0,-1.0,-1.0
2023-08-16,Halsua Purola,17.0,1.3,-1.0
2023-08-16,Alajärvi Möksy,16.9,0.4,-1.0
2023-08-16,Multia Karhila,18.0,1.4,-1.0
2023-08-16,Viitasaari Haapaniemi,18.5,9.8,-1.0
2023-08-16,Äänekoski Kalaniemi,,9.5,-1.0
2023-08-16,Vesanto kirkonkylä,17.9,6.9,-1.0
2023-08-16,Pielavesi Venetmäki,,10.8,-1.0
2023-08-16,Siilinjärvi Kuopio lentoasema,19.3,,
2023-08-16,Kuopio Maaninka,18.9,3.9,-1.0
2023-08-16,Lapinlahti Lamminkäyrä,,12.5,-1.0
2023-08-16,Suonenjoki Iisvesi,,1.2,-1.0
2023-08-16,Kuopio Karttula,,1.4,-1.0
2023-08-16,Kuopio Ritoniemi,19.4,,
2023-08-16,Kuopio Savilahti,19.7,4.5,-1.0
2023-08-16,Heinävesi Palokki,,0.3,-1.0
2023-08-16,Outokumpu Viuruniemi,,0.3,-1.0
2023-08-16,Rautavaara Ala-Luosta,,1.4,-1.0
2023-08-16,Rautavaara Ylä-Luosta,17.2,1.3,-1.0
2023-08-16,Liperi Joensuu lentoasema,18.7,,
2023-08-16,Juuka Niemelä,17.2,-1.0,-1.0
2023-08-16,Joensuu Pyhäselkä,,0.0,-1.0
2023-08-16,Lieksa Koli,,1.2,-1.0
2023-08-16,Liperi Tuiskavanluoto,20.4,,
2023-08-16,Joensuu Linnunlahti,18.7,1.2,-1.0
2023-08-16,Lieksa Lampela,17.8,0.3,-1.0
2023-08-16,Ilomantsi Pötsönvaara,17.5,0.1,-1.0
2023-08-16,Ilomantsi Mekrijärvi,19.1,0.6,-1.0
2023-08-16,Pietarsaari Kallan,17.5,,
2023-08-16,Kokkola Tankar,17.5,,
2023-08-16,Kruunupyy Kokkola-Pietarsaari lentoasema,17.6,,
2023-08-16,Kaustinen Tastula,,2.5,-1.0
2023-08-16,Kalajoki Ulkokalla,16.9,,
2023-08-16,Kokkola Santahaka,17.5,1.8,-1.0
2023-08-16,Toholampi Oravala,,-1.0,-1.0
2023-08-16,Kalajoki Pitkäsenkylä,,2.5,-1.0
2023-08-16,Kalajoki Mehtäkylä,,4.6,-1.0
2023-08-16,Toholampi Laitala,17.3,1.4,-1.0
2023-08-16,Ylivieska lentokenttä,16.9,1.6,-1.0
2023-08-16,Ylivieska Vähäkangas,,1.4,-1.0
2023-08-16,Haapavesi Mustikkamäki,16.7,0.1,-1.0
2023-08-16,Pyhäjärvi Ojakylä,16.4,2.5,-1.0
2023-08-16,Pyhäjärvi Hiidenniemi,,7.0,-1.0
2023-08-16,Kiuruvesi Korpijoki,,4.4,-1.0
2023-08-16,Siikalatva Kestilä,,1.2,-1.0
2023-08-16,Kajaani lentoasema,17.5,,
2023-08-16,Vieremä Kaarakkala,16.8,2.9,-1.0
2023-08-16,Kajaani Paltaniemi,,1.4,-1.0
2023-08-16,Nurmes Valtimo,17.1,6.4,-1.0
2023-08-16,Ristijärvi Mustavaara,,0.7,-1.0
2023-08-16,Sotkamo Kuolaniemi,16.5,1.6,-1.0
2023-08-16,Nurmes Mujejärvi,,27.4,-1.0
2023-08-16,Kuhmo Apaja,,4.1,-1.0
2023-08-16,Kuhmo Kalliojoki,17.0,1.8,-1.0
2023-08-16,Raahe Nahkiainen,16.8,,
2023-08-16,Hailuoto Keskikylä,16.5,5.3,-1.0
2023-08-16,Kemi I majakka,16.7,,
2023-08-16,Hailuoto Marjaniemi,16.8,,
2023-08-16,Raahe Lapaluoto satama,17.2,,
2023-08-16,Oulu lentoasema,16.7,,
2023-08-16,Siikajoki Ruukki,16.5,1.7,-1.0
2023-08-16,Oulu Vihreäsaari satama,17.3,,
2023-08-16,Oulu Oulunsalo Pellonpää,16.1,1.8,-1.0
2023-08-16,Vaala Pelso,16.4,0.3,-1.0
2023-08-16,Pudasjärvi lentokenttä,16.1,8.6,-1.0
2023-08-16,Utajärvi Särkijärvi,,0.7,-1.0
2023-08-16,Pudasjärvi Jaurakkajärvi,,3.2,-1.0
2023-08-16,Suomussalmi Näljänkä,,1.2,-1.0
2023-08-16,Suomussalmi Pesiö,14.8,4.3,-1.0
2023-08-16,Puolanka Kotila,,4.5,-1.0
2023-08-16,Puolanka Paljakka,15.3,4.5,-1.0
2023-08-16,Kemi Kemi-Tornio lentoasema,16.5,,
2023-08-16,Kemi Ajos,17.2,,
2023-08-16,Tornio Kaakkuri,16.9,2.0,
2023-08-16,Ranua lentokenttä,14.9,9.3,-1.0
2023-08-16,Pudasjärvi Sarakylä,,9.0,-1.0
2023-08-16,Posio Raistakka,,19.8,-1.0
2023-08-16,Taivalkoski Inkee,,4.0,-1.0
2023-08-16,Taivalkoski kirkonkylä,15.0,2.5,-1.0
2023-08-16,Kuusamo lentoasema,15.0,5.2,-1.0
2023-08-16,Kuusamo Kiutaköngäs,14.6,12.6,-1.0
2023-08-16,Kuusamo Rukatunturi,14.5,,
2023-08-16,Kuusamo Teeriranta,,1.0,-1.0
2023-08-16,Kuusamo Juuma,14.4,,
2023-08-16,Ylitornio Meltosjärvi,15.9,17.4,-1.0
2023-08-16,Kolari Kattilamaa,,19.8,-1.0
2023-08-16,Pello kirkonkylä,15.7,24.5,-1.0
2023-08-16,Rovaniemi rautatieasema,15.9,,
2023-08-16,Sodankylä Tähtelä,14.5,25.4,-1.0
2023-08-16,Rovaniemi Apukka,15.7,12.6,-1.0
2023-08-16,Pelkosenniemi kirkonkylä,,20.2,-1.0
2023-08-16,Kemijärvi lentokenttä,14.4,18.0,-1.0
2023-08-16,Savukoski kirkonkylä,14.0,25.6,-1.0
2023-08-16,Salla Kelloselkä,,9.5,-1.0
2023-08-16,Pelkosenniemi Pyhätunturi,13.3,,
2023-08-16,Salla kirkonkylä,14.0,14.2,-1.0
2023-08-16,Salla Naruska,13.2,15.7,-1.0
2023-08-16,Enontekiö Kaaresuvanto,,22.0,-1.0
2023-08-16,Enontekiö lentoasema,11.6,,
2023-08-16,Kittilä Pulju,,29.2,-1.0
2023-08-16,Muonio Laukukero,11.3,,
2023-08-16,Muonio Sammaltunturi,12.3,,
2023-08-16,Kittilä Matorova,12.8,,
2023-08-16,Kittilä lentoasema,14.1,,
2023-08-16,Kittilä Kenttärova,12.6,24.8,-1.0
2023-08-16,Kittilä Pakatti,14.1,15.3,-1.0
2023-08-16,Kittilä Pokka,13.0,26.1,-1.0
2023-08-16,Sodankylä Lokka,13.3,27.0,-1.0
2023-08-16,Sodankylä Vuotso,13.6,22.2,-1.0
2023-08-16,Inari Saariselkä matkailukeskus,13.1,20.9,-1.0
2023-08-16,Inari Saariselkä Kaunispää,13.4,,
2023-08-16,Inari Raja-Jooseppi,14.4,,
2023-08-16,Salla Värriötunturi,14.3,13.0,-1.0
2023-08-16,Enontekiö Kilpisjärvi kyläkeskus,10.6,3.3,-1.0
2023-08-16,Enontekiö Kilpisjärvi Saana,7.7,,
2023-08-16,Enontekiö Näkkälä,11.2,10.8,-1.0
2023-08-16,Inari Angeli Lintupuoliselkä,12.0,23.0,-1.0
2023-08-16,Inari Ivalo lentoasema,13.9,,
2023-08-16,Utsjoki Kevo,12.6,25.9,-1.0
2023-08-16,Utsjoki Nuorgam,12.6,40.8,-1.0
2023-08-16,Inari Väylä,13.8,,
2023-08-16,Inari kirkonkylä,,22.5,-1.0
2023-08-16,Inari Kaamanen,13.8,25.3,-1.0
2023-08-16,Inari Nellim,13.7,25.9,-1.0
2023-08-16,Inari Kirakkajärvi,13.5,28.5,-1.0
2023-08-16,Mäntsälä Hirvihaara,20.6,6.7,-1.0
2023-08-16,Lahti Sopenkorpi,20.7,1.0,-1.0
2023-08-16,Siuntio Sjundby,,11.9,-1.0
2023-08-16,Sipoo Itätoukki,19.1,,
2023-08-16,Rauma Pyynpää,18.7,-1.0,-1.0
2023-08-16,Muonio Oustajärvi,12.9,19.4,-1.0
2023-08-16,Pyhtää lentokenttä,20.9,1.0,-1.0
2023-08-16,Sotkamo Tuhkakylä,17.0,2.8,-1.0
2023-08-16,Tervola Loue,15.8,,
2023-08-16,Savukoski Tulppio,14.0,21.4,-1.0
2023-08-16,Mikkeli Pitkäaho,,0.2,-1.0
2023-08-16,Kajaani Petäisenniska,17.0,1.0,-1.0
2023-08-16,Utsjoki Kevo Kevojärvi,12.9,,
2023-08-16,Inari Seitalaassa,14.9,,
2023-08-16,Ilmajoki Seinäjoki lentoasema,17.6,,
2023-08-16,Rovaniemi lentoasema AWOS,14.9,13.2,-1.0
2023-08-16,Jyväskylä lentoasema AWOS,19.1,0.2,-1.0
2023-08-16,Puumala kirkonkylä,20.2,3.2,-1.0
2023-08-16,Helsinki Vuosaari satama,19.9,,
2023-08-16,Maarianhamina Länsisatama,17.3,,
2023-08-16,Lumparland Långnäs satama,17.6,-1.0,-1.0
2023-08-16,Kittilä Lompolonvuoma,12.4,22.7,
2023-08-16,Kuusamo Ruka Talvijärvi,15.7,,
2023-08-16,Espoo Nuuksio,19.9,7.8,-1.0
2023-08-16,Mikkeli Lentoasema AWOS,19.4,-1.0,-1.0
2023-08-16,Espoo Tapiola,20.5,3.9,-1.0
2023-08-17,Porvoo Kilpilahti satama,19.9,,
2023-08-17,Jomala Maarianhamina lentoasema,16.8,,
2023-08-17,Parainen Utö,17.6,-1.0,-1.0
2023-08-17,Lemland Nyhamn,16.9,,
2023-08-17,Jomala Jomalaby,16.4,-1.0,-1.0
2023-08-17,Hammarland Märket,14.9,,
2023-08-17,Kökar Bogskär,16.2,,
2023-08-17,Parainen Fagerholm,18.1,-1.0,
2023-08-17,Kumlinge kirkonkylä,16.6,,
2023-08-17,Hanko Russarö,18.9,-1.0,
2023-08-17,Kaarina Yltöinen,19.0,-1.0,-1.0
2023-08-17,Kemiönsaari Vänö,18.1,,
2023-08-17,Hanko Tulliniemi,18.6,,
2023-08-17,Turku Rajakari,18.9,,
2023-08-17,Turku Artukainen,19.0,-1.0,-1.0
2023-08-17,Kemiönsaari Kemiö,18.7,-1.0,-1.0
2023-08-17,Hanko Tvärminne,18.9,-1.0,-1.0
2023-08-17,Salo Kärkkä,18.7,-1.0,
2023-08-17,Lohja Leppäkorpi,,-1.0,-1.0
2023-08-17,Raasepori Jussarö,18.5,,
2023-08-17,Salo Kiikala lentokenttä,18.2,-1.0,-1.0
2023-08-17,Vantaa Helsinki-Vantaan lentoasema,18.6,-1.0,-1.0
2023-08-17,Inkoo Bågaskär,18.9,,
2023-08-17,Helsinki Kaisaniemi,19.1,-1.0,-1.0
2023-08-17,Lohja Porla,19.0,-1.0,-1.0
2023-08-17,Vihti Maasoja,18.0,,
2023-08-17,Helsinki Harmaja,18.4,,
2023-08-17,Kirkkonummi Mäkiluoto,18.7,,
2023-08-17,Helsinki Helsingin majakka,18.2,,
2023-08-17,Helsinki Kumpula,19.1,-1.0,-1.0
2023-08-17,Helsinki Malmi lentokenttä,19.1,,
2023-08-17,Porvoo Kalbådagrund,18.3,,
2023-08-17,Porvoo Emäsalo,18.8,,
2023-08-17,Porvoo Harabacka,19.4,-1.0,-1.0
2023-08-17,Kotka Rankki,19.3,-1.0,-1.0
2023-08-17,Loviisa Orrengrund,19.4,,
2023-08-17,Kotka Haapasaari,19.2,,
2023-08-17,Pori lentoasema,16.9,,
2023-08-17,Uusikaupunki Itätulli,,-1.0,-1.0
2023-08-17,Kustavi Isokari,16.9,-1.0,
2023-08-17,Rauma Kylmäpihlaja,17.4,,
2023-08-17,Pori rautatieasema,17.4,-1.0,-1.0
2023-08-17,Turku lentoasema,18.2,,
2023-08-17,Kokemäki Rausenkulma,,-1.0,-1.0
2023-08-17,Huittinen Sallila,,-1.0,-1.0
2023-08-17,Oripää Teinikivi,,-1.0,-1.0
2023-08-17,Pöytyä Yläne,,-1.0,-1.0
2023-08-17,Kokemäki Tulkkila,17.8,-1.0,-1.0
2023-08-17,Jokioinen Ilmala,17.6,-1.0,-1.0
2023-08-17,Nokia Tottijärvi,,-1.0,-1.0
2023-08-17,Pirkkala Tampere-Pirkkala lentoasema,17.5,,
2023-08-17,Tampere Härmälä,17.5,-1.0,-1.0
2023-08-17,Somero Salkola,17.2,-1.0,-1.0
2023-08-17,Hyvinkää Hyvinkäänkylä,17.8,-1.0,-1.0
2023-08-17,Vihti Hiiskula,,-1.0,-1.0
2023-08-17,Hämeenlinna Pirttikoski,,-1.0,-1.0
2023-08-17,Nurmijärvi Röykkä,18.1,-1.0,-1.0
2023-08-17,Hämeenlinna Katinen,18.0,-1.0,
2023-08-17,Hattula Lepaa,17.9,-1.0,-1.0
2023-08-17,Hämeenlinna Lammi Pappila,17.0,-1.0,-1.0
2023-08-17,Asikkala Pulkkilanharju,17.8,,
2023-08-17,Kouvola Utti lentoasema,19.6,0.0,-1.0
2023-08-17,Kouvola Anjala,19.2,-1.0,-1.0
2023-08-17,Heinola Asemantaus,18.3,-1.0,-1.0
2023-08-17,Kouvola Voikoski,,-1.0,-1.0
2023-08-17,Virolahti Koivuniemi,19.3,-1.0,-1.0
2023-08-17,Lappeenranta lentoasema,19.5,,
2023-08-17,Lappeenranta Konnunsuo,19.0,,
2023-08-17,Lappeenranta Lepola,19.3,-1.0,-1.0
2023-08-17,Ruokolahti Kotaniemi,,-1.0,-1.0
2023-08-17,Lappeenranta Hiekkapakka,20.3,,
2023-08-17,Parikkala Koitsanlahti,18.9,-1.0,
2023-08-17,Kaskinen Sälgrund,17.6,-1.0,
2023-08-17,Merikarvia Tuorila,,-1.0,-1.0
2023-08-17,Isojoki Kärjenkoski,,-1.0,-1.0
2023-08-17,Teuva Kauppilankylä,,-1.0,-1.0
2023-08-17,Pori Tahkoluoto satama,17.4,,
2023-08-17,Kristiinankaupunki Majakka,17.4,,
2023-08-17,Karvia Alkkia,15.9,-1.0,-1.0
2023-08-17,Kurikka Hirvijärvi,,-1.0,-1.0
2023-08-17,Kauhajoki Kuja-Kokko,16.2,-1.0,-1.0
2023-08-17,Kankaanpää Niinisalo lentokenttä,17.8,-1.0,-1.0
2023-08-17,Alavus Sulkavankylä,,-1.0,-1.0
2023-08-17,Virrat Äijänneva,15.4,,
2023-08-17,Tampere Siilinkari,17.6,,
2023-08-17,Jämsä Halli lentoasema,17.1,-1.0,-1.0
2023-08-17,Juupajoki Hyytiälä,16.5,-1.0,-1.0
2023-08-17,Sysmä Joutsjärvi,,-1.0,-1.0
2023-08-17,Jyväskylä Muuratjärvi,,0.0,-1.0
2023-08-17,Luhanka Judinsalo,18.1,,
2023-08-17,Multia Pirttiperä,,-1.0,-1.0
2023-08-17,Joutsa Savenaho,16.5,-1.0,-1.0
2023-08-17,Kangasniemi kirkonkylä,,-1.0,-1.0
2023-08-17,Joutsa Pärnämäki,,-1.0,-1.0
2023-08-17,Juva Partala,18.0,,
2023-08-17,Varkaus Kosulanniemi,18.6,0.2,-1.0
2023-08-17,Savonlinna Laukansaari,,-1.0,-1.0
2023-08-17,Sulkava Halttula,,-1.0,-1.0
2023-08-17,Savonlinna lentoasema,18.9,,
2023-08-17,Rantasalmi Rukkasluoto,19.1,,
2023-08-17,Savonlinna Punkaharju Laukansaari,19.0,-1.0,-1.0
2023-08-17,Enonkoski Simanala,,-1.0,-1.0
2023-08-17,Savonlinna Savonranta,,-1.0,-1.0
2023-08-17,Rääkkylä kirkonkylä,,0.2,-1.0
2023-08-17,Tohmajärvi Kemie,19.2,-1.0,-1.0
2023-08-17,Joensuu Huhtilampi,,0.3,-1.0
2023-08-17,Vaasa lentoasema,16.8,,
2023-08-17,Mustasaari Valassaaret,16.7,,
2023-08-17,Närpiö Ylimarkku,,-1.0,-1.0
2023-08-17,Mustasaari Riimala,,-1.0,-1.0
2023-08-17,Kurikka Pyörni,,-1.0,-1.0
2023-08-17,Korsnäs Bredskäret,17.5,,
2023-08-17,Maalahti Strömmingsbådan,18.1,,
2023-08-17,Vaasa Klemettilä,17.2,-1.0,-1.0
2023-08-17,Seinäjoki Pelmaa,15.8,-1.0,-1.0
2023-08-17,Kauhava lentokenttä,15.6,0.2,-1.0
2023-08-17,Ähtäri Inha,15.4,-1.0,-1.0
2023-08-17,Halsua Purola,14.5,0.8,-1.0
2023-08-17,Alajärvi Möksy,14.0,1.2,-1.0
2023-08-17,Multia Karhila,15.0,0.2,-1.0
2023-08-17,Viitasaari Haapaniemi,15.8,0.8,-1.0
2023-08-17,Äänekoski Kalaniemi,,0.0,-1.0
2023-08-17,Vesanto kirkonkylä,15.8,0.6,-1.0
2023-08-17,Pielavesi Venetmäki,,0.5,-1.0
2023-08-17,Siilinjärvi Kuopio lentoasema,17.4,,
2023-08-17,Kuopio Maaninka,16.8,0.9,-1.0
2023-08-17,Lapinlahti Lamminkäyrä,,0.8,-1.0
2023-08-17,Suonenjoki Iisvesi,,-1.0,-1.0
2023-08-17,Kuopio Karttula,,-1.0,-1.0
2023-08-17,Kuopio Ritoniemi,17.7,,
2023-08-17,Kuopio Savilahti,17.6,-1.0,-1.0
2023-08-17,Heinävesi Palokki,,0.1,-1.0
2023-08-17,Outokumpu Viuruniemi,,0.1,-1.0
2023-08-17,Rautavaara Ala-Luosta,,0.3,-1.0
2023-08-17,Rautavaara Ylä-Luosta,16.7,2.4,-1.0
2023-08-17,Liperi Joensuu lentoasema,18.7,,
2023-08-17,Juuka Niemelä,17.8,0.4,-1.0
2023-08-17,Joensuu Pyhäselkä,,0.0,-1.0
2023-08-17,Lieksa Koli,,0.3,-1.0
2023-08-17,Liperi Tuiskavanluoto,19.4,,
2023-08-17,Joensuu Linnunlahti,19.2,-1.0,-1.0
2023-08-17,Lieksa Lampela,18.1,1.0,-1.0
2023-08-17,Ilomantsi Pötsönvaara,17.4,1.1,-1.0
2023-08-17,Ilomantsi Mekrijärvi,19.0,-1.0,-1.0
2023-08-17,Pietarsaari Kallan,16.6,,
2023-08-17,Kokkola Tankar,16.8,,
2023-08-17,Kruunupyy Kokkola-Pietarsaari lentoasema,15.4,,
2023-08-17,Kaustinen Tastula,,-1.0,-1.0
2023-08-17,Kalajoki Ulkokalla,16.8,,
2023-08-17,Kokkola Santahaka,15.3,-1.0,-1.0
2023-08-17,Toholampi Oravala,,-1.0,-1.0
2023-08-17,Kalajoki Pitkäsenkylä,,-1.0,-1.0
2023-08-17,Kalajoki Mehtäkylä,,-1.0,-1.0
2023-08-17,Toholampi Laitala,14.9,0.7,-1.0
2023-08-17,Ylivieska lentokenttä,14.2,0.7,-1.0
2023-08-17,Ylivieska Vähäkangas,,0.6,-1.0
2023-08-17,Haapavesi Mustikkamäki,14.4,0.8,-1.0
2023-08-17,Pyhäjärvi Ojakylä,14.1,0.4,-1.0
2023-08-17,Pyhäjärvi Hiidenniemi,,0.3,-1.0
2023-08-17,Kiuruvesi Korpijoki,,0.1,-1.0
2023-08-17,Siikalatva Kestilä,,0.1,-1.0
2023-08-17,Kajaani lentoasema,15.0,,
2023-08-17,Vieremä Kaarakkala,14.5,0.6,-1.0
2023-08-17,Kajaani Paltaniemi,,0.1,-1.0
2023-08-17,Nurmes Valtimo,16.6,0.5,-1.0
2023-08-17,Ristijärvi Mustavaara,,0.9,-1.0
2023-08-17,Sotkamo Kuolaniemi,15.1,1.7,-1.0
2023-08-17,Nurmes Mujejärvi,,3.5,-1.0
2023-08-17,Kuhmo Apaja,,1.6,-1.0
2023-08-17,Kuhmo Kalliojoki,16.3,0.7,-1.0
2023-08-17,Raahe Nahkiainen,16.3,,
2023-08-17,Hailuoto Keskikylä,15.4,-1.0,-1.0
2023-08-17,Kemi I majakka,16.0,,
2023-08-17,Hailuoto Marjaniemi,16.4,,
2023-08-17,Raahe Lapaluoto satama,16.3,,
2023-08-17,Oulu lentoasema,16.0,,
2023-08-17,Siikajoki Ruukki,14.6,-1.0,-1.0
2023-08-17,Oulu Vihreäsaari satama,16.2,,
2023-08-17,Oulu Oulunsalo Pellonpää,15.2,-1.0,-1.0
2023-08-17,Vaala Pelso,13.6,0.3,-1.0
2023-08-17,Pudasjärvi lentokenttä,14.1,0.1,-1.0
2023-08-17,Utajärvi Särkijärvi,,-1.0,-1.0
2023-08-17,Pudasjärvi Jaurakkajärvi,,0.0,-1.0
2023-08-17,Suomussalmi Näljänkä,,0.0,-1.0
2023-08-17,Suomussalmi Pesiö,13.8,2.5,-1.0
2023-08-17,Puolanka Kotila,,2.1,-1.0
2023-08-17,Puolanka Paljakka,13.1,2.7,-1.0
2023-08-17,Kemi Kemi-Tornio lentoasema,14.3,,
2023-08-17,Kemi Ajos,16.0,,
2023-08-17,Tornio Kaakkuri,14.8,-1.0,
2023-08-17,Ranua lentokenttä,12.8,-1.0,-1.0
2023-08-17,Pudasjärvi Sarakylä,,0.3,-1.0
2023-08-17,Posio Raistakka,,1.0,-1.0
2023-08-17,Taivalkoski Inkee,,1.4,-1.0
2023-08-17,Taivalkoski kirkonkylä,13.9,0.5,-1.0
2023-08-17,Kuusamo lentoasema,13.1,0.1,-1.0
2023-08-17,Kuusamo Kiutaköngäs,13.3,1.6,-1.0
2023-08-17,Kuusamo Rukatunturi,11.0,,
2023-08-17,Kuusamo Teeriranta,,1.0,-1.0
2023-08-17,Kuusamo Juuma,12.2,,
2023-08-17,Ylitornio Meltosjärvi,12.7,-1.0,-1.0
2023-08-17,Kolari Kattilamaa,,-1.0,-1.0
2023-08-17,Pello kirkonkylä,13.2,-1.0,-1.0
2023-08-17,Rovaniemi rautatieasema,13.5,,
2023-08-17,Sodankylä Tähtelä,11.8,0.5,-1.0
2023-08-17,Rovaniemi Apukka,12.7,-1.0,-1.0
2023-08-17,Pelkosenniemi kirkonkylä,,0.0,-1.0
2023-08-17,Kemijärvi lentokenttä,12.0,0.3,-1.0
2023-08-17,Savukoski kirkonkylä,12.3,1.0,-1.0
2023-08-17,Salla Kelloselkä,,2.0,-1.0
2023-08-17,Pelkosenniemi Pyhätunturi,10.0,,
2023-08-17,Salla kirkonkylä,12.2,0.5,-1.0
2023-08-17,Salla Naruska,12.2,0.1,-1.0
2023-08-17,Enontekiö Kaaresuvanto,,-1.0,-1.0
2023-08-17,Enontekiö lentoasema,10.8,,
2023-08-17,Kittilä Pulju,,-1.0,-1.0
2023-08-17,Muonio Laukukero,7.5,,
2023-08-17,Muonio Sammaltunturi,9.0,,
2023-08-17,Kittilä Matorova,10.5,,
2023-08-17,Kittilä lentoasema,11.3,,
2023-08-17,Kittilä Kenttärova,10.3,-1.0,-1.0
2023-08-17,Kittilä Pakatti,11.4,-1.0,-1.0
2023-08-17,Kittilä Pokka,10.0,-1.0,-1.0
2023-08-17,Sodankylä Lokka,11.8,0.1,-1.0
2023-08-17,Sodankylä Vuotso,10.6,0.1,-1.0
2023-08-17,Inari Saariselkä matkailukeskus,9.9,1.6,-1.0
2023-08-17,Inari Saariselkä Kaunispää,8.7,,
2023-08-17,Inari Raja-Jooseppi,10.0,,
2023-08-17,Salla Värriötunturi,10.4,7.6,-1.0
2023-08-17,Enontekiö Kilpisjärvi kyläkeskus,8.9,-1.0,-1.0
2023-08-17,Enontekiö Kilpisjärvi Saana,4.9,,
2023-08-17,Enontekiö Näkkälä,9.7,-1.0,-1.0
2023-08-17,Inari Angeli Lintupuoliselkä,9.3,-1.0,-1.0
2023-08-17,Inari Ivalo lentoasema,10.9,,
2023-08-17,Utsjoki Kevo,9.7,-1.0,-1.0
2023-08-17,Utsjoki Nuorgam,9.7,-1.0,-1.0
2023-08-17,Inari Väylä,9.9,,
2023-08-17,Inari kirkonkylä,,-1.0,-1.0
2023-08-17,Inari Kaamanen,10.0,-1.0,-1.0
2023-08-17,Inari Nellim,11.3,0.1,-1.0
2023-08-17,Inari Kirakkajärvi,10.6,-1.0,-1.0
2023-08-17,Mäntsälä Hirvihaara,17.3,-1.0,-1.0
2023-08-17,Lahti Sopenkorpi,18.4,-1.0,-1.0
2023-08-17,Siuntio Sjundby,,-1.0,-1.0
2023-08-17,Sipoo Itätoukki,18.3,,
2023-08-17,Rauma Pyynpää,17.4,-1.0,-1.0
2023-08-17,Muonio Oustajärvi,11.1,-1.0,-1.0
2023-08-17,Pyhtää lentokenttä,19.2,-1.0,-1.0
2023-08-17,Sotkamo Tuhkakylä,15.0,0.2,-1.0
2023-08-17,Tervola Loue,13.7,,
2023-08-17,Savukoski Tulppio,11.5,1.9,-1.0
2023-08-17,Mikkeli Pitkäaho,,0.0,-1.0
2023-08-17,Kajaani Petäisenniska,14.9,1.2,-1.0
2023-08-17,Utsjoki Kevo Kevojärvi,10.2,,
2023-08-17,Inari Seitalaassa,11.4,,
2023-08-17,Ilmajoki Seinäjoki lentoasema,15.5,,
2023-08-17,Rovaniemi lentoasema AWOS,12.6,-1.0,-1.0
2023-08-17,Jyväskylä lentoasema AWOS,15.8,0.4,-1.0
2023-08-17,Puumala kirkonkylä,19.2,-1.0,-1.0
2023-08-17,Helsinki Vuosaari satama,19.0,,
2023-08-17,Maarianhamina Länsisatama,17.3,,
2023-08-17,Lumparland Långnäs satama,17.3,-1.0,-1.0
2023-08-17,Kittilä Lompolonvuoma,10.9,-1.0,
2023-08-17,Kuusamo Ruka Talvijärvi,12.4,,
2023-08-17,Espoo Nuuksio,18.4,-1.0,-1.0
2023-08-17,Mikkeli Lentoasema AWOS,17.4,-1.0,-1.0
2023-08-17,Espoo Tapiola,18.9,-1.0,-1.0
2023-08-18,Porvoo Kilpilahti satama,17.5,,
2023-08-18,Jomala Maarianhamina lentoasema,16.7,,
2023-08-18,Parainen Utö,17.8,0.0,-1.0
2023-08-18,Lemland Nyhamn,17.5,,
2023-08-18,Jomala Jomalaby,16.7,-1.0,-1.0
2023-08-18,Hammarland Märket,16.4,,
2023-08-18,Kökar Bogskär,17.0,,
2023-08-18,Parainen Fagerholm,18.3,-1.0,
2023-08-18,Kumlinge kirkonkylä,17.5,,
2023-08-18,Hanko Russarö,17.9,0.4,
2023-08-18,Kaarina Yltöinen,17.7,0.1,-1.0
2023-08-18,Kemiönsaari Vänö,18.3,,
2023-08-18,Hanko Tulliniemi,17.5,,
2023-08-18,Turku Rajakari,18.2,,
2023-08-18,Turku Artukainen,18.2,-1.0,-1.0
2023-08-18,Kemiönsaari Kemiö,17.1,-1.0,-1.0
2023-08-18,Hanko Tvärminne,17.6,0.6,-1.0
2023-08-18,Salo Kärkkä,17.4,0.1,
2023-08-18,Lohja Leppäkorpi,,-1.0,-1.0
2023-08-18,Raasepori Jussarö,17.5,,
2023-08-18,Salo Kiikala lentokenttä,16.7,0.1,-1.0
2023-08-18,Vantaa Helsinki-Vantaan lentoasema,16.6,5.2,-1.0
2023-08-18,Inkoo Bågaskär,17.3,,
2023-08-18,Helsinki Kaisaniemi,17.6,3.8,-1.0
2023-08-18,Lohja Porla,16.8,0.4,-1.0
2023-08-18,Vihti Maasoja,15.6,,
2023-08-18,Helsinki Harmaja,17.4,,
2023-08-18,Kirkkonummi Mäkiluoto,17.6,,
2023-08-18,Helsinki Helsingin majakka,17.3,,
2023-08-18,Helsinki Kumpula,17.4,3.7,-1.0
2023-08-18,Helsinki Malmi lentokenttä,17.0,,
2023-08-18,Porvoo Kalbådagrund,17.4,,
2023-08-18,Porvoo Emäsalo,17.3,,
2023-08-18,Porvoo Harabacka,16.9,3.2,-1.0
2023-08-18,Kotka Rankki,17.7,2.5,-1.0
2023-08-18,Loviisa Orrengrund,17.7,,
2023-08-18,Kotka Haapasaari,17.8,,
2023-08-18,Pori lentoasema,16.6,,
2023-08-18,Uusikaupunki Itätulli,,-1.0,-1.0
2023-08-18,Kustavi Isokari,17.6,-1.0,
2023-08-18,Rauma Kylmäpihlaja,17.6,,
2023-08-18,Pori rautatieasema,17.0,-1.0,-1.0
2023-08-18,Turku lentoasema,16.9,,
2023-08-18,Kokemäki Rausenkulma,,-1.0,-1.0
2023-08-18,Huittinen Sallila,,-1.0,-1.0
2023-08-18,Oripää Teinikivi,,-1.0,-1.0
2023-08-18,Pöytyä Yläne,,-1.0,-1.0
2023-08-18,Kokemäki Tulkkila,16.1,-1.0,-1.0
2023-08-18,Jokioinen Ilmala,15.5,-1.0,-1.0
2023-08-18,Nokia Tottijärvi,,-1.0,-1.0
2023-08-18,Pirkkala Tampere-Pirkkala lentoasema,15.2,,
2023-08-18,Tampere Härmälä,15.6,-1.0,-1.0
2023-08-18,Somero Salkola,15.7,-1.0,-1.0
2023-08-18,Hyvinkää Hyvinkäänkylä,15.7,2.3,-1.0
2023-08-18,Vihti Hiiskula,,0.9,-1.0
2023-08-18,Hämeenlinna Pirttikoski,,-1.0,-1.0
2023-08-18,Nurmijärvi Röykkä,16.4,3.1,-1.0
2023-08-18,Hämeenlinna Katinen,15.9,-1.0,
2023-08-18,Hattula Lepaa,15.7,-1.0,-1.0
2023-08-18,Hämeenlinna Lammi Pappila,15.2,-1.0,-1.0
2023-08-18,Asikkala Pulkkilanharju,16.1,,
2023-08-18,Kouvola Utti lentoasema,15.6,1.0,-1.0
2023-08-18,Kouvola Anjala,16.2,1.6,-1.0
2023-08-18,Heinola Asemantaus,15.7,-1.0,-1.0
2023-08-18,Kouvola Voikoski,,-1.0,-1.0
2023-08-18,Virolahti Koivuniemi,15.3,0.7,-1.0
2023-08-18,Lappeenranta lentoasema,15.6,,
2023-08-18,Lappeenranta Konnunsuo,13.1,,
2023-08-18,Lappeenranta Lepola,15.7,0.3,-1.0
2023-08-18,Ruokolahti Kotaniemi,,-1.0,-1.0
2023-08-18,Lappeenranta Hiekkapakka,16.6,,
2023-08-18,Parikkala Koitsanlahti,14.8,-1.0,
2023-08-18,Kaskinen Sälgrund,16.9,-1.0,
2023-08-18,Merikarvia Tuorila,,-1.0,-1.0
2023-08-18,Isojoki Kärjenkoski,,-1.0,-1.0
2023-08-18,Teuva Kauppilankylä,,-1.0,-1.0
2023-08-18,Pori Tahkoluoto satama,17.3,,
2023-08-18,Kristiinankaupunki Majakka,16.6,,
2023-08-18,Karvia Alkkia,13.5,-1.0,-1.0
2023-08-18,Kurikka Hirvijärvi,,-1.0,-1.0
2023-08-18,Kauhajoki Kuja-Kokko,14.2,-1.0,-1.0
2023-08-18,Kankaanpää Niinisalo lentokenttä,15.3,-1.0,-1.0
2023-08-18,Alavus Sulkavankylä,,-1.0,-1.0
2023-08-18,Virrat Äijänneva,13.0,,
2023-08-18,Tampere Siilinkari,16.1,,
2023-08-18,Jämsä Halli lentoasema,14.3,-1.0,-1.0
2023-08-18,Juupajoki Hyytiälä,14.0,-1.0,-1.0
2023-08-18,Sysmä Joutsjärvi,,-1.0,-1.0
2023-08-18,Jyväskylä Muuratjärvi,,-1.0,-1.0
2023-08-18,Luhanka Judinsalo,15.9,,
2023-08-18,Multia Pirttiperä,,-1.0,-1.0
2023-08-18,Joutsa Savenaho,13.4,-1.0,-1.0
2023-08-18,Kangasniemi kirkonkylä,,-1.0,-1.0
2023-08-18,Joutsa Pärnämäki,,-1.0,-1.0
2023-08-18,Juva Partala,13.7,,
2023-08-18,Varkaus Kosulanniemi,14.7,-1.0,-1.0
2023-08-18,Savonlinna Laukansaari,,-1.0,-1.0
2023-08-18,Sulkava Halttula,,-1.0,-1.0
2023-08-18,Savonlinna lentoasema,15.2,,
2023-08-18,Rantasalmi Rukkasluoto,15.5,,
2023-08-18,Savonlinna Punkaharju Laukansaari,15.2,-1.0,-1.0
2023-08-18,Enonkoski Simanala,,-1.0,-1.0
2023-08-18,Savonlinna Savonranta,,-1.0,-1.0
2023-08-18,Rääkkylä kirkonkylä,,0.1,-1.0
2023-08-18,Tohmajärvi Kemie,13.5,-1.0,-1.0
2023-08-18,Joensuu Huhtilampi,,-1.0,-1.0
2023-08-18,Vaasa lentoasema,14.9,,
2023-08-18,Mustasaari Valassaaret,16.3,,
2023-08-18,Närpiö Ylimarkku,,-1.0,-1.0
2023-08-18,Mustasaari Riimala,,-1.0,-1.0
2023-08-18,Kurikka Pyörni,,0.1,-1.0
2023-08-18,Korsnäs Bredskäret,17.0,,
2023-08-18,Maalahti Strömmingsbådan,17.5,,
2023-08-18,Vaasa Klemettilä,16.1,-1.0,-1.0
2023-08-18,Seinäjoki Pelmaa,14.1,-1.0,-1.0
2023-08-18,Kauhava lentokenttä,13.3,-1.0,-1.0
2023-08-18,Ähtäri Inha,13.6,-1.0,-1.0
2023-08-18,Halsua Purola,11.3,-1.0,-1.0
2023-08-18,Alajärvi Möksy,11.2,-1.0,-1.0
2023-08-18,Multia Karhila,12.7,-1.0,-1.0
2023-08-18,Viitasaari Haapaniemi,14.1,-1.0,-1.0
2023-08-18,Äänekoski Kalaniemi,,-1.0,-1.0
2023-08-18,Vesanto kirkonkylä,12.6,-1.0,-1.0
2023-08-18,Pielavesi Venetmäki,,-1.0,-1.0
2023-08-18,Siilinjärvi Kuopio lentoasema,14.1,,
2023-08-18,Kuopio Maaninka,12.6,-1.0,-1.0
2023-08-18,Lapinlahti Lamminkäyrä,,-1.0,-1.0
2023-08-18,Suonenjoki Iisvesi,,-1.0,-1.0
2023-08-18,Kuopio Karttula,,-1.0,-1.0
2023-08-18,Kuopio Ritoniemi,14.4,,
2023-08-18,Kuopio Savilahti,14.0,-1.0,-1.0
2023-08-18,Heinävesi Palokki,,-1.0,-1.0
2023-08-18,Outokumpu Viuruniemi,,-1.0,-1.0
2023-08-18,Rautavaara Ala-Luosta,,-1.0,-1.0
2023-08-18,Rautavaara Ylä-Luosta,12.3,-1.0,-1.0
2023-08-18,Liperi Joensuu lentoasema,13.8,,
2023-08-18,Juuka Niemelä,12.3,-1.0,-1.0
2023-08-18,Joensuu Pyhäselkä,,-1.0,-1.0
2023-08-18,Lieksa Koli,,-1.0,-1.0
2023-08-18,Liperi Tuiskavanluoto,15.3,,
2023-08-18,Joensuu Linnunlahti,13.3,-1.0,-1.0
2023-08-18,Lieksa Lampela,13.0,-1.0,-1.0
2023-08-18,Ilomantsi Pötsönvaara,12.0,-1.0,-1.0
2023-08-18,Ilomantsi Mekrijärvi,12.8,-1.0,-1.0
2023-08-18,Pietarsaari Kallan,15.9,,
2023-08-18,Kokkola Tankar,16.0,,
2023-08-18,Kruunupyy Kokkola-Pietarsaari lentoasema,13.3,,
2023-08-18,Kaustinen Tastula,,-1.0,-1.0
2023-08-18,Kalajoki Ulkokalla,15.8,,
2023-08-18,Kokkola Santahaka,13.1,-1.0,-1.0
2023-08-18,Toholampi Oravala,,-1.0,-1.0
2023-08-18,Kalajoki Pitkäsenkylä,,-1.0,-1.0
2023-08-18,Kalajoki Mehtäkylä,,-1.0,-1.0
2023-08-18,Toholampi Laitala,12.6,-1.0,-1.0
2023-08-18,Ylivieska lentokenttä,11.2,-1.0,-1.0
2023-08-18,Ylivieska Vähäkangas,,0.1,-1.0
2023-08-18,Haapavesi Mustikkamäki,12.1,-1.0,-1.0
2023-08-18,Pyhäjärvi Ojakylä,11.1,-1.0,-1.0
2023-08-18,Pyhäjärvi Hiidenniemi,,-1.0,-1.0
2023-08-18,Kiuruvesi Korpijoki,,-1.0,-1.0
2023-08-18,Siikalatva Kestilä,,-1.0,-1.0
2023-08-18,Kajaani lentoasema,11.0,,
2023-08-18,Vieremä Kaarakkala,12.5,-1.0,-1.0
2023-08-18,Kajaani Paltaniemi,,-1.0,-1.0
2023-08-18,Nurmes Valtimo,12.8,-1.0,-1.0
2023-08-18,Ristijärvi Mustavaara,,-1.0,-1.0
2023-08-18,Sotkamo Kuolaniemi,12.4,-1.0,-1.0
2023-08-18,Nurmes Mujejärvi,,-1.0,-1.0
2023-08-18,Kuhmo Apaja,,-1.0,-1.0
2023-08-18,Kuhmo Kalliojoki,11.9,-1.0,-1.0
2023-08-18,Raahe Nahkiainen,15.1,,
2023-08-18,Hailuoto Keskikylä,11.8,-1.0,-1.0
2023-08-18,Kemi I majakka,14.9,,
2023-08-18,Hailuoto Marjaniemi,13.8,,
2023-08-18,Raahe Lapaluoto satama,14.0,,
2023-08-18,Oulu lentoasema,13.7,,
2023-08-18,Siikajoki Ruukki,11.7,-1.0,-1.0
2023-08-18,Oulu Vihreäsaari satama,14.2,,
2023-08-18,Oulu Oulunsalo Pellonpää,12.5,-1.0,-1.0
2023-08-18,Vaala Pelso,9.9,-1.0,-1.0
2023-08-18,Pudasjärvi lentokenttä,11.2,-1.0,-1.0
2023-08-18,Utajärvi Särkijärvi,,-1.0,-1.0
2023-08-18,Pudasjärvi Jaurakkajärvi,,-1.0,-1.0
2023-08-18,Suomussalmi Näljänkä,,0.0,-1.0
2023-08-18,Suomussalmi Pesiö,10.4,-1.0,-1.0
2023-08-18,Puolanka Kotila,,-1.0,-1.0
2023-08-18,Puolanka Paljakka,10.4,-1.0,-1.0
2023-08-18,Kemi Kemi-Tornio lentoasema,10.6,,
2023-08-18,Kemi Ajos,13.9,,
2023-08-18,Tornio Kaakkuri,12.3,-1.0,
2023-08-18,Ranua lentokenttä,10.3,-1.0,-1.0
2023-08-18,Pudasjärvi Sarakylä,,0.0,-1.0
2023-08-18,Posio Raistakka,,-1.0,-1.0
2023-08-18,Taivalkoski Inkee,,0.0,-1.0
2023-08-18,Taivalkoski kirkonkylä,10.0,-1.0,-1.0
2023-08-18,Kuusamo lentoasema,10.9,-1.0,-1.0
2023-08-18,Kuusamo Kiutaköngäs,10.7,-1.0,-1.0
2023-08-18,Kuusamo Rukatunturi,10.4,,
2023-08-18,Kuusamo Teeriranta,,-1.0,-1.0
2023-08-18,Kuusamo Juuma,9.7,,
2023-08-18,Ylitornio Meltosjärvi,11.6,-1.0,-1.0
2023-08-18,Kolari Kattilamaa,,-1.0,-1.0
2023-08-18,Pello kirkonkylä,12.9,-1.0,-1.0
2023-08-18,Rovaniemi rautatieasema,12.5,,
2023-08-18,Sodankylä Tähtelä,11.9,-1.0,-1.0
2023-08-18,Rovaniemi Apukka,10.5,-1.0,-1.0
2023-08-18,Pelkosenniemi kirkonkylä,,0.2,-1.0
2023-08-18,Kemijärvi lentokenttä,11.2,-1.0,-1.0
2023-08-18,Savukoski kirkonkylä,11.9,0.2,-1.0
2023-08-18,Salla Kelloselkä,,0.1,-1.0
2023-08-18,Pelkosenniemi Pyhätunturi,10.7,,
2023-08-18,Salla kirkonkylä,11.6,1.8,-1.0
2023-08-18,Salla Naruska,11.6,0.3,-1.0
2023-08-18,Enontekiö Kaaresuvanto,,-1.0,-1.0
2023-08-18,Enontekiö lentoasema,9.1,,
2023-08-18,Kittilä Pulju,,-1.0,-1.0
2023-08-18,Muonio Laukukero,8.0,,
2023-08-18,Muonio Sammaltunturi,9.8,,
2023-08-18,Kittilä Matorova,11.0,,
2023-08-18,Kittilä lentoasema,10.2,,
2023-08-18,Kittilä Kenttärova,10.2,-1.0,-1.0
2023-08-18,Kittilä Pakatti,10.2,-1.0,-1.0
2023-08-18,Kittilä Pokka,9.1,-1.0,-1.0
2023-08-18,Sodankylä Lokka,10.9,-1.0,-1.0
2023-08-18,Sodankylä Vuotso,9.3,-1.0,-1.0
2023-08-18,Inari Saariselkä matkailukeskus,9.3,-1.0,-1.0
2023-08-18,Inari Saariselkä Kaunispää,9.7,,
2023-08-18,Inari Raja-Jooseppi,10.9,,
2023-08-18,Salla Värriötunturi,10.3,-1.0,-1.0
2023-08-18,Enontekiö Kilpisjärvi kyläkeskus,8.9,-1.0,-1.0
2023-08-18,Enontekiö Kilpisjärvi Saana,5.2,,
2023-08-18,Enontekiö Näkkälä,9.2,-1.0,-1.0
2023-08-18,Inari Angeli Lintupuoliselkä,10.1,0.3,-1.0
2023-08-18,Inari Ivalo lentoasema,11.1,,
2023-08-18,Utsjoki Kevo,10.8,-1.0,-1.0
2023-08-18,Utsjoki Nuorgam,10.3,-1.0,-1.0
2023-08-18,Inari Väylä,11.1,,
2023-08-18,Inari kirkonkylä,,0.9,-1.0
2023-08-18,Inari Kaamanen,11.3,-1.0,-1.0
2023-08-18,Inari Nellim,12.2,0.1,-1.0
2023-08-18,Inari Kirakkajärvi,11.1,-1.0,-1.0
2023-08-18,Mäntsälä Hirvihaara,15.1,2.5,-1.0
2023-08-18,Lahti Sopenkorpi,16.7,-1.0,-1.0
2023-08-18,Siuntio Sjundby,,2.6,-1.0
2023-08-18,Sipoo Itätoukki,17.5,,
2023-08-18,Rauma Pyynpää,16.3,-1.0,-1.0
2023-08-18,Muonio Oustajärvi,9.5,-1.0,-1.0
2023-08-18,Pyhtää lentokenttä,16.1,1.6,-1.0
2023-08-18,Sotkamo Tuhkakylä,11.8,-1.0,-1.0
2023-08-18,Tervola Loue,10.6,,
2023-08-18,Savukoski Tulppio,10.8,-1.0,-1.0
2023-08-18,Mikkeli Pitkäaho,,-1.0,-1.0
2023-08-18,Kajaani Petäisenniska,12.1,-1.0,-1.0
2023-08-18,Utsjoki Kevo Kevojärvi,11.0,,
2023-08-18,Inari Seitalaassa,12.5,,
2023-08-18,Ilmajoki Seinäjoki lentoasema,13.5,,
2023-08-18,Rovaniemi lentoasema AWOS,11.7,-1.0,-1.0
2023-08-18,Jyväskylä lentoasema AWOS,13.5,-1.0,-1.0
2023-08-18,Puumala kirkonkylä,15.6,-1.0,-1.0
2023-08-18,Helsinki Vuosaari satama,17.2,,
2023-08-18,Maarianhamina Länsisatama,17.4,,
2023-08-18,Lumparland Långnäs satama,17.6,-1.0,-1.0
2023-08-18,Kittilä Lompolonvuoma,9.3,-1.0,
2023-08-18,Kuusamo Ruka Talvijärvi,11.2,,
2023-08-18,Espoo Nuuksio,16.7,4.0,-1.0
2023-08-18,Mikkeli Lentoasema AWOS,14.2,-1.0,-1.0
2023-08-18,Espoo Tapiola,16.9,9.3,-1.0
2023-08-19,Porvoo Kilpilahti satama,15.4,,
2023-08-19,Jomala Maarianhamina lentoasema,16.6,,
2023-08-19,Parainen Utö,17.0,-1.0,-1.0
2023-08-19,Lemland Nyhamn,17.1,,
2023-08-19,Jomala Jomalaby,16.7,-1.0,-1.0
2023-08-19,Hammarland Märket,16.5,,
2023-08-19,Kökar Bogskär,16.6,,
2023-08-19,Parainen Fagerholm,16.8,-1.0,
2023-08-19,Kumlinge kirkonkylä,16.7,,
2023-08-19,Hanko Russarö,16.7,-1.0,
2023-08-19,Kaarina Yltöinen,15.9,-1.0,-1.0
2023-08-19,Kemiönsaari Vänö,16.9,,
2023-08-19,Hanko Tulliniemi,16.5,,
2023-08-19,Turku Rajakari,17.0,,
2023-08-19,Turku Artukainen,16.6,-1.0,-1.0
2023-08-19,Kemiönsaari Kemiö,16.0,-1.0,-1.0
2023-08-19,Hanko Tvärminne,16.3,-1.0,-1.0
2023-08-19,Salo Kärkkä,16.5,-1.0,
2023-08-19,Lohja Leppäkorpi,,-1.0,-1.0
2023-08-19,Raasepori Jussarö,16.2,,
2023-08-19,Salo Kiikala lentokenttä,14.9,-1.0,-1.0
2023-08-19,Vantaa Helsinki-Vantaan lentoasema,14.3,0.9,-1.0
2023-08-19,Inkoo Bågaskär,15.8,,
2023-08-19,Helsinki Kaisaniemi,15.2,-1.0,-1.0
2023-08-19,Lohja Porla,15.1,0.7,-1.0
2023-08-19,Vihti Maasoja,14.8,,
2023-08-19,Helsinki Harmaja,16.0,,
2023-08-19,Kirkkonummi Mäkiluoto,16.0,,
2023-08-19,Helsinki Helsingin majakka,16.2,,
2023-08-19,Helsinki Kumpula,15.0,-1.0,-1.0
2023-08-19,Helsinki Malmi lentokenttä,14.7,,
2023-08-19,Porvoo Kalbådagrund,16.6,,
2023-08-19,Porvoo Emäsalo,15.3,,
2023-08-19,Porvoo Harabacka,15.0,-1.0,-1.0
2023-08-19,Kotka Rankki,16.0,0.1,-1.0
2023-08-19,Loviisa Orrengrund,16.4,,
2023-08-19,Kotka Haapasaari,16.8,,
2023-08-19,Pori lentoasema,16.3,,
2023-08-19,Uusikaupunki Itätulli,,-1.0,-1.0
2023-08-19,Kustavi Isokari,17.5,-1.0,
2023-08-19,Rauma Kylmäpihlaja,17.7,,
2023-08-19,Pori rautatieasema,16.9,-1.0,-1.0
2023-08-19,Turku lentoasema,15.5,,
2023-08-19,Kokemäki Rausenkulma,,-1.0,-1.0
2023-08-19,Huittinen Sallila,,-1.0,-1.0
2023-08-19,Oripää Teinikivi,,-1.0,-1.0
2023-08-19,Pöytyä Yläne,,-1.0,-1.0
2023-08-19,Kokemäki Tulkkila,15.9,-1.0,-1.0
2023-08-19,Jokioinen Ilmala,14.9,-1.0,-1.0
2023-08-19,Nokia Tottijärvi,,-1.0,-1.0
2023-08-19,Pirkkala Tampere-Pirkkala lentoasema,14.8,,
2023-08-19,Tampere Härmälä,15.1,-1.0,-1.0
2023-08-19,Somero Salkola,14.7,-1.0,-1.0
2023-08-19,Hyvinkää Hyvinkäänkylä,14.5,0.4,-1.0
2023-08-19,Vihti Hiiskula,,-1.0,-1.0
2023-08-19,Hämeenlinna Pirttikoski,,-1.0,-1.0
2023-08-19,Nurmijärvi Röykkä,14.7,0.2,-1.0
2023-08-19,Hämeenlinna Katinen,15.0,-1.0,
2023-08-19,Hattula Lepaa,14.7,-1.0,-1.0
2023-08-19,Hämeenlinna Lammi Pappila,14.3,-1.0,-1.0
2023-08-19,Asikkala Pulkkilanharju,15.2,,
2023-08-19,Kouvola Utti lentoasema,14.5,-1.0,-1.0
2023-08-19,Kouvola Anjala,15.1,-1.0,-1.0
2023-08-19,Heinola Asemantaus,14.5,-1.0,-1.0
2023-08-19,Kouvola Voikoski,,-1.0,-1.0
2023-08-19,Virolahti Koivuniemi,15.2,0.3,-1.0
2023-08-19,Lappeenranta lentoasema,14.2,,
2023-08-19,Lappeenranta Konnunsuo,14.0,,
2023-08-19,Lappeenranta Lepola,14.4,0.2,-1.0
2023-08-19,Ruokolahti Kotaniemi,,-1.0,-1.0
2023-08-19,Lappeenranta Hiekkapakka,15.6,,
2023-08-19,Parikkala Koitsanlahti,13.9,-1.0,-1.0
2023-08-19,Kaskinen Sälgrund,16.8,-1.0,
2023-08-19,Merikarvia Tuorila,,-1.0,-1.0
2023-08-19,Isojoki Kärjenkoski,,-1.0,-1.0
2023-08-19,Teuva Kauppilankylä,,-1.0,-1.0
2023-08-19,Pori Tahkoluoto satama,17.2,,
2023-08-19,Kristiinankaupunki Majakka,16.3,,
2023-08-19,Karvia Alkkia,13.3,-1.0,-1.0
2023-08-19,Kurikka Hirvijärvi,,-1.0,-1.0
2023-08-19,Kauhajoki Kuja-Kokko,13.5,-1.0,-1.0
2023-08-19,Kankaanpää Niinisalo lentokenttä,15.1,-1.0,-1.0
2023-08-19,Alavus Sulkavankylä,,-1.0,-1.0
2023-08-19,Virrat Äijänneva,12.3,,
2023-08-19,Tampere Siilinkari,16.0,,
2023-08-19,Jämsä Halli lentoasema,14.4,-1.0,-1.0
2023-08-19,Juupajoki Hyytiälä,13.8,-1.0,-1.0
2023-08-19,Sysmä Joutsjärvi,,-1.0,-1.0
2023-08-19,Jyväskylä Muuratjärvi,,-1.0,-1.0
2023-08-19,Luhanka Judinsalo,15.6,,
2023-08-19,Multia Pirttiperä,,-1.0,-1.0
2023-08-19,Joutsa Savenaho,13.7,-1.0,-1.0
2023-08-19,Kangasniemi kirkonkylä,,-1.0,-1.0
2023-08-19,Joutsa Pärnämäki,,-1.0,-1.0
2023-08-19,Juva Partala,12.5,,
2023-08-19,Varkaus Kosulanniemi,14.3,-1.0,-1.0
2023-08-19,Savonlinna Laukansaari,,-1.0,-1.0
2023-08-19,Sulkava Halttula,,-1.0,-1.0
2023-08-19,Savonlinna lentoasema,12.7,,
2023-08-19,Rantasalmi Rukkasluoto,15.1,,
2023-08-19,Savonlinna Punkaharju Laukansaari,13.8,-1.0,-1.0
2023-08-19,Enonkoski Simanala,,-1.0,-1.0
2023-08-19,Savonlinna Savonranta,,-1.0,-1.0
2023-08-19,Rääkkylä kirkonkylä,,-1.0,-1.0
2023-08-19,Tohmajärvi Kemie,10.9,-1.0,-1.0
2023-08-19,Joensuu Huhtilampi,,-1.0,-1.0
2023-08-19,Vaasa lentoasema,14.5,,
2023-08-19,Mustasaari Valassaaret,15.8,,
2023-08-19,Närpiö Ylimarkku,,-1.0,-1.0
2023-08-19,Mustasaari Riimala,,-1.0,-1.0
2023-08-19,Kurikka Pyörni,,-1.0,-1.0
2023-08-19,Korsnäs Bredskäret,16.7,,
2023-08-19,Maalahti Strömmingsbådan,17.6,,
2023-08-19,Vaasa Klemettilä,15.5,-1.0,-1.0
2023-08-19,Seinäjoki Pelmaa,13.9,-1.0,-1.0
2023-08-19,Kauhava lentokenttä,13.0,-1.0,-1.0
2023-08-19,Ähtäri Inha,13.7,-1.0,-1.0
2023-08-19,Halsua Purola,11.4,-1.0,-1.0
2023-08-19,Alajärvi Möksy,11.3,-1.0,-1.0
2023-08-19,Multia Karhila,12.2,-1.0,-1.0
2023-08-19,Viitasaari Haapaniemi,14.7,-1.0,-1.0
2023-08-19,Äänekoski Kalaniemi,,-1.0,-1.0
2023-08-19,Vesanto kirkonkylä,12.5,-1.0,-1.0
2023-08-19,Pielavesi Venetmäki,,-1.0,-1.0
2023-08-19,Siilinjärvi Kuopio lentoasema,14.8,,
2023-08-19,Kuopio Maaninka,12.8,-1.0,-1.0
2023-08-19,Lapinlahti Lamminkäyrä,,-1.0,-1.0
2023-08-19,Suonenjoki Iisvesi,,-1.0,-1.0
2023-08-19,Kuopio Karttula,,-1.0,-1.0
2023-08-19,Kuopio Ritoniemi,14.9,,
2023-08-19,Kuopio Savilahti,14.0,-1.0,-1.0
2023-08-19,Heinävesi Palokki,,-1.0,-1.0
2023-08-19,Outokumpu Viuruniemi,,-1.0,-1.0
2023-08-19,Rautavaara Ala-Luosta,,-1.0,-1.0
2023-08-19,Rautavaara Ylä-Luosta,12.6,-1.0,-1.0
2023-08-19,Liperi Joensuu lentoasema,12.4,,
2023-08-19,Juuka Niemelä,11.3,-1.0,-1.0
2023-08-19,Joensuu Pyhäselkä,,-1.0,-1.0
2023-08-19,Lieksa Koli,,-1.0,-1.0
2023-08-19,Liperi Tuiskavanluoto,15.6,,
2023-08-19,Joensuu Linnunlahti,12.5,-1.0,-1.0
2023-08-19,Lieksa Lampela,12.3,-1.0,-1.0
2023-08-19,Ilomantsi Pötsönvaara,12.8,-1.0,-1.0
2023-08-19,Ilomantsi Mekrijärvi,12.2,-1.0,-1.0
2023-08-19,Pietarsaari Kallan,15.8,,
2023-08-19,Kokkola Tankar,16.1,,
2023-08-19,Kruunupyy Kokkola-Pietarsaari lentoasema,13.9,,
2023-08-19,Kaustinen Tastula,,-1.0,-1.0
2023-08-19,Kalajoki Ulkokalla,16.3,,
2023-08-19,Kokkola Santahaka,13.6,-1.0,-1.0
2023-08-19,Toholampi Oravala,,-1.0,-1.0
2023-08-19,Kalajoki Pitkäsenkylä,,-1.0,-1.0
2023-08-19,Kalajoki Mehtäkylä,,-1.0,-1.0
2023-08-19,Toholampi Laitala,13.1,-1.0,-1.0
2023-08-19,Ylivieska lentokenttä,11.6,-1.0,-1.0
2023-08-19,Ylivieska Vähäkangas,,0.1,-1.0
2023-08-19,Haapavesi Mustikkamäki,12.8,-1.0,-1.0
2023-08-19,Pyhäjärvi Ojakylä,11.7,-1.0,-1.0
2023-08-19,Pyhäjärvi Hiidenniemi,,-1.0,-1.0
2023-08-19,Kiuruvesi Korpijoki,,-1.0,-1.0
2023-08-19,Siikalatva Kestilä,,-1.0,-1.0
2023-08-19,Kajaani lentoasema,12.3,,
2023-08-19,Vieremä Kaarakkala,13.9,-1.0,-1.0
2023-08-19,Kajaani Paltaniemi,,-1.0,-1.0
2023-08-19,Nurmes Valtimo,12.7,-1.0,-1.0
2023-08-19,Ristijärvi Mustavaara,,-1.0,-1.0
2023-08-19,Sotkamo Kuolaniemi,13.0,-1.0,-1.0
2023-08-19,Nurmes Mujejärvi,,-1.0,-1.0
2023-08-19,Kuhmo Apaja,,-1.0,-1.0
2023-08-19,Kuhmo Kalliojoki,12.5,-1.0,-1.0
2023-08-19,Raahe Nahkiainen,15.9,,
2023-08-19,Hailuoto Keskikylä,12.8,-1.0,-1.0
2023-08-19,Kemi I majakka,16.3,,
2023-08-19,Hailuoto Marjaniemi,15.3,,
2023-08-19,Raahe Lapaluoto satama,15.0,,
2023-08-19,Oulu lentoasema,14.0,,
2023-08-19,Siikajoki Ruukki,12.8,-1.0,-1.0
2023-08-19,Oulu Vihreäsaari satama,15.4,,
2023-08-19,Oulu Oulunsalo Pellonpää,12.7,-1.0,-1.0
2023-08-19,Vaala Pelso,11.1,-1.0,-1.0
2023-08-19,Pudasjärvi lentokenttä,13.5,-1.0,-1.0
2023-08-19,Utajärvi Särkijärvi,,-1.0,-1.0
2023-08-19,Pudasjärvi Jaurakkajärvi,,-1.0,-1.0
2023-08-19,Suomussalmi Näljänkä,,0.0,-1.0
2023-08-19,Suomussalmi Pesiö,12.5,-1.0,-1.0
2023-08-19,Puolanka Kotila,,-1.0,-1.0
2023-08-19,Puolanka Paljakka,12.4,-1.0,-1.0
2023-08-19,Kemi Kemi-Tornio lentoasema,13.1,,
2023-08-19,Kemi Ajos,16.9,,
2023-08-19,Tornio Kaakkuri,14.4,-1.0,
2023-08-19,Ranua lentokenttä,11.2,0.3,-1.0
2023-08-19,Pudasjärvi Sarakylä,,3.4,-1.0
2023-08-19,Posio Raistakka,,-1.0,-1.0
2023-08-19,Taivalkoski Inkee,,0.5,-1.0
2023-08-19,Taivalkoski kirkonkylä,11.0,-1.0,-1.0
2023-08-19,Kuusamo lentoasema,11.4,-1.0,-1.0
2023-08-19,Kuusamo Kiutaköngäs,10.6,-1.0,-1.0
2023-08-19,Kuusamo Rukatunturi,10.8,,
2023-08-19,Kuusamo Teeriranta,,0.4,-1.0
2023-08-19,Kuusamo Juuma,10.4,,
2023-08-19,Ylitornio Meltosjärvi,12.6,-1.0,-1.0
2023-08-19,Kolari Kattilamaa,,-1.0,-1.0
2023-08-19,Pello kirkonkylä,12.9,-1.0,-1.0
2023-08-19,Rovaniemi rautatieasema,13.4,,
2023-08-19,Sodankylä Tähtelä,11.4,-1.0,-1.0
2023-08-19,Rovaniemi Apukka,11.2,-1.0,-1.0
2023-08-19,Pelkosenniemi kirkonkylä,,-1.0,-1.0
2023-08-19,Kemijärvi lentokenttä,11.3,-1.0,-1.0
2023-08-19,Savukoski kirkonkylä,10.7,-1.0,-1.0
2023-08-19,Salla Kelloselkä,,0.8,-1.0
2023-08-19,Pelkosenniemi Pyhätunturi,11.3,,
2023-08-19,Salla kirkonkylä,10.2,0.1,-1.0
2023-08-19,Salla Naruska,9.4,0.3,-1.0
2023-08-19,Enontekiö Kaaresuvanto,,-1.0,-1.0
2023-08-19,Enontekiö lentoasema,9.7,,
2023-08-19,Kittilä Pulju,,-1.0,-1.0
2023-08-19,Muonio Laukukero,8.2,,
2023-08-19,Muonio Sammaltunturi,10.3,,
2023-08-19,Kittilä Matorova,10.9,,
2023-08-19,Kittilä lentoasema,10.9,,
2023-08-19,Kittilä Kenttärova,10.0,-1.0,-1.0
2023-08-19,Kittilä Pakatti,10.8,-1.0,-1.0
2023-08-19,Kittilä Pokka,9.8,-1.0,-1.0
2023-08-19,Sodankylä Lokka,10.3,-1.0,-1.0
2023-08-19,Sodankylä Vuotso,9.6,-1.0,-1.0
2023-08-19,Inari Saariselkä matkailukeskus,8.9,-1.0,-1.0
2023-08-19,Inari Saariselkä Kaunispää,8.7,,
2023-08-19,Inari Raja-Jooseppi,9.6,,
2023-08-19,Salla Värriötunturi,9.5,-1.0,-1.0
2023-08-19,Enontekiö Kilpisjärvi kyläkeskus,9.2,-1.0,-1.0
2023-08-19,Enontekiö Kilpisjärvi Saana,6.1,,
2023-08-19,Enontekiö Näkkälä,9.4,-1.0,-1.0
2023-08-19,Inari Angeli Lintupuoliselkä,9.8,-1.0,-1.0
2023-08-19,Inari Ivalo lentoasema,10.7,,
2023-08-19,Utsjoki Kevo,10.0,0.1,-1.0
2023-08-19,Utsjoki Nuorgam,8.7,1.3,-1.0
2023-08-19,Inari Väylä,10.6,,
2023-08-19,Inari kirkonkylä,,-1.0,-1.0
2023-08-19,Inari Kaamanen,10.4,-1.0,-1.0
2023-08-19,Inari Nellim,11.2,0.2,-1.0
2023-08-19,Inari Kirakkajärvi,9.5,-1.0,-1.0
2023-08-19,Mäntsälä Hirvihaara,14.5,-1.0,-1.0
2023-08-19,Lahti Sopenkorpi,15.3,-1.0,-1.0
2023-08-19,Siuntio Sjundby,,-1.0,-1.0
2023-08-19,Sipoo Itätoukki,16.1,,
2023-08-19,Rauma Pyynpää,16.4,-1.0,-1.0
2023-08-19,Muonio Oustajärvi,10.2,-1.0,-1.0
2023-08-19,Pyhtää lentokenttä,14.7,0.4,-1.0
2023-08-19,Sotkamo Tuhkakylä,12.4,-1.0,-1.0
2023-08-19,Tervola Loue,12.2,,
2023-08-19,Savukoski Tulppio,9.9,-1.0,-1.0
2023-08-19,Mikkeli Pitkäaho,,-1.0,-1.0
2023-08-19,Kajaani Petäisenniska,13.3,-1.0,-1.0
2023-08-19,Utsjoki Kevo Kevojärvi,10.3,,
2023-08-19,Inari Seitalaassa,11.3,,
2023-08-19,Ilmajoki Seinäjoki lentoasema,13.2,,
2023-08-19,Rovaniemi lentoasema AWOS,12.2,-1.0,-1.0
2023-08-19,Jyväskylä lentoasema AWOS,12.6,-1.0,-1.0
2023-08-19,Puumala kirkonkylä,14.0,-1.0,-1.0
2023-08-19,Helsinki Vuosaari satama,15.5,,
2023-08-19,Maarianhamina Länsisatama,17.1,,
2023-08-19,Lumparland Långnäs satama,17.1,-1.0,-1.0
2023-08-19,Kittilä Lompolonvuoma,9.7,-1.0,
2023-08-19,Kuusamo Ruka Talvijärvi,12.0,,
2023-08-19,Espoo Nuuksio,13.8,0.9,-1.0
2023-08-19,Mikkeli Lentoasema AWOS,13.3,-1.0,-1.0
2023-08-19,Espoo Tapiola,14.8,0.2,-1.0
2023-08-20,Porvoo Kilpilahti satama,16.6,,
2023-08-20,Jomala Maarianhamina lentoasema,15.8,,
2023-08-20,Parainen Utö,17.0,0.3,-1.0
2023-08-20,Lemland Nyhamn,16.6,,
2023-08-20,Jomala Jomalaby,16.2,3.3,-1.0
2023-08-20,Hammarland Märket,16.9,,
2023-08-20,Kökar Bogskär,16.5,,
2023-08-20,Parainen Fagerholm,17.0,3.1,
2023-08-20,Kumlinge kirkonkylä,16.3,,
2023-08-20,Hanko Russarö,17.1,-1.0,
2023-08-20,Kaarina Yltöinen,15.5,5.6,-1.0
2023-08-20,Kemiönsaari Vänö,17.0,,
2023-08-20,Hanko Tulliniemi,17.0,,
2023-08-20,Turku Rajakari,16.8,,
2023-08-20,Turku Artukainen,16.3,8.9,-1.0
2023-08-20,Kemiönsaari Kemiö,16.3,0.9,-1.0
2023-08-20,Hanko Tvärminne,16.9,-1.0,-1.0
2023-08-20,Salo Kärkkä,15.8,0.5,
2023-08-20,Lohja Leppäkorpi,,-1.0,-1.0
2023-08-20,Raasepori Jussarö,17.0,,
2023-08-20,Salo Kiikala lentokenttä,15.0,0.1,-1.0
2023-08-20,Vantaa Helsinki-Vantaan lentoasema,15.8,-1.0,-1.0
2023-08-20,Inkoo Bågaskär,16.7,,
2023-08-20,Helsinki Kaisaniemi,16.1,-1.0,-1.0
2023-08-20,Lohja Porla,15.8,-1.0,-1.0
2023-08-20,Vihti Maasoja,14.9,,
2023-08-20,Helsinki Harmaja,16.7,,
2023-08-20,Kirkkonummi Mäkiluoto,16.8,,
2023-08-20,Helsinki Helsingin majakka,16.7,,
2023-08-20,Helsinki Kumpula,16.3,-1.0,-1.0
2023-08-20,Helsinki Malmi lentokenttä,15.7,,
2023-08-20,Porvoo Kalbådagrund,16.8,,
2023-08-20,Porvoo Emäsalo,16.7,,
2023-08-20,Porvoo Harabacka,16.4,-1.0,-1.0
2023-08-20,Kotka Rankki,17.0,-1.0,-1.0
2023-08-20,Loviisa Orrengrund,17.1,,
2023-08-20,Kotka Haapasaari,17.5,,
2023-08-20,Pori lentoasema,15.4,,
2023-08-20,Uusikaupunki Itätulli,,3.4,-1.0
2023-08-20,Kustavi Isokari,17.3,3.3,
2023-08-20,Rauma Kylmäpihlaja,17.4,,
2023-08-20,Pori rautatieasema,16.1,0.1,-1.0
2023-08-20,Turku lentoasema,14.9,,
2023-08-20,Kokemäki Rausenkulma,,-1.0,-1.0
2023-08-20,Huittinen Sallila,,0.1,-1.0
2023-08-20,Oripää Teinikivi,,0.0,-1.0
2023-08-20,Pöytyä Yläne,,0.3,-1.0
2023-08-20,Kokemäki Tulkkila,15.0,-1.0,-1.0
2023-08-20,Jokioinen Ilmala,14.8,0.1,-1.0
2023-08-20,Nokia Tottijärvi,,-1.0,-1.0
2023-08-20,Pirkkala Tampere-Pirkkala lentoasema,13.6,,
2023-08-20,Tampere Härmälä,13.7,-1.0,-1.0
2023-08-20,Somero Salkola,14.9,-1.0,-1.0
2023-08-20,Hyvinkää Hyvinkäänkylä,15.3,-1.0,-1.0
2023-08-20,Vihti Hiiskula,,-1.0,-1.0
2023-08-20,Hämeenlinna Pirttikoski,,-1.0,-1.0
2023-08-20,Nurmijärvi Röykkä,15.7,-1.0,-1.0
2023-08-20,Hämeenlinna Katinen,14.6,-1.0,
2023-08-20,Hattula Lepaa,14.1,-1.0,-1.0
2023-08-20,Hämeenlinna Lammi Pappila,13.3,-1.0,-1.0
2023-08-20,Asikkala Pulkkilanharju,15.4,,
2023-08-20,Kouvola Utti lentoasema,16.2,-1.0,-1.0
2023-08-20,Kouvola Anjala,15.7,-1.0,-1.0
2023-08-20,Heinola Asemantaus,14.5,-1.0,-1.0
2023-08-20,Kouvola Voikoski,,-1.0,-1.0
2023-08-20,Virolahti Koivuniemi,15.6,-1.0,-1.0
2023-08-20,Lappeenranta lentoasema,14.8,,
2023-08-20,Lappeenranta Konnunsuo,13.4,,
2023-08-20,Lappeenranta Lepola,16.0,-1.0,-1.0
2023-08-20,Ruokolahti Kotaniemi,,-1.0,-1.0
2023-08-20,Lappeenranta Hiekkapakka,17.5,,
2023-08-20,Parikkala Koitsanlahti,13.3,-1.0,-1.0
2023-08-20,Kaskinen Sälgrund,16.8,0.4,
2023-08-20,Merikarvia Tuorila,,0.0,-1.0
2023-08-20,Isojoki Kärjenkoski,,0.2,-1.0
2023-08-20,Teuva Kauppilankylä,,-1.0,-1.0
2023-08-20,Pori Tahkoluoto satama,17.2,,
2023-08-20,Kristiinankaupunki Majakka,16.2,,
2023-08-20,Karvia Alkkia,12.8,-1.0,-1.0
2023-08-20,Kurikka Hirvijärvi,,-1.0,-1.0
2023-08-20,Kauhajoki Kuja-Kokko,13.8,-1.0,-1.0
2023-08-20,Kankaanpää Niinisalo lentokenttä,14.8,-1.0,-1.0
2023-08-20,Alavus Sulkavankylä,,-1.0,-1.0
2023-08-20,Virrat Äijänneva,12.2,,
2023-08-20,Tampere Siilinkari,16.0,,
2023-08-20,Jämsä Halli lentoasema,14.0,-1.0,-1.0
2023-08-20,Juupajoki Hyytiälä,12.9,-1.0,-1.0
2023-08-20,Sysmä Joutsjärvi,,-1.0,-1.0
2023-08-20,Jyväskylä Muuratjärvi,,-1.0,-1.0
2023-08-20,Luhanka Judinsalo,16.3,,
2023-08-20,Multia Pirttiperä,,-1.0,-1.0
2023-08-20,Joutsa Savenaho,13.4,-1.0,-1.0
2023-08-20,Kangasniemi kirkonkylä,,-1.0,-1.0
2023-08-20,Joutsa Pärnämäki,,-1.0,-1.0
2023-08-20,Juva Partala,13.5,,
2023-08-20,Varkaus Kosulanniemi,15.9,-1.0,-1.0
2023-08-20,Savonlinna Laukansaari,,-1.0,-1.0
2023-08-20,Sulkava Halttula,,-1.0,-1.0
2023-08-20,Savonlinna lentoasema,14.0,,
2023-08-20,Rantasalmi Rukkasluoto,18.0,,
2023-08-20,Savonlinna Punkaharju Laukansaari,14.6,-1.0,-1.0
2023-08-20,Enonkoski Simanala,,-1.0,-1.0
2023-08-20,Savonlinna Savonranta,,-1.0,-1.0
2023-08-20,Rääkkylä kirkonkylä,,0.2,-1.0
2023-08-20,Tohmajärvi Kemie,12.7,-1.0,-1.0
2023-08-20,Joensuu Huhtilampi,,-1.0,-1.0
2023-08-20,Vaasa lentoasema,14.4,,
2023-08-20,Mustasaari Valassaaret,16.3,,
2023-08-20,Närpiö Ylimarkku,,-1.0,-1.0
2023-08-20,Mustasaari Riimala,,-1.0,-1.0
2023-08-20,Kurikka Pyörni,,-1.0,-1.0
2023-08-20,Korsnäs Bredskäret,16.6,,
2023-08-20,Maalahti Strömmingsbådan,17.6,,
2023-08-20,Vaasa Klemettilä,15.5,-1.0,-1.0
2023-08-20,Seinäjoki Pelmaa,14.2,-1.0,-1.0
2023-08-20,Kauhava lentokenttä,13.7,-1.0,-1.0
2023-08-20,Ähtäri Inha,14.1,-1.0,-1.0
2023-08-20,Halsua Purola,12.8,-1.0,-1.0
2023-08-20,Alajärvi Möksy,12.3,-1.0,-1.0
2023-08-20,Multia Karhila,13.1,-1.0,-1.0
2023-08-20,Viitasaari Haapaniemi,16.1,-1.0,-1.0
2023-08-20,Äänekoski Kalaniemi,,-1.0,-1.0
2023-08-20,Vesanto kirkonkylä,14.2,-1.0,-1.0
2023-08-20,Pielavesi Venetmäki,,-1.0,-1.0
2023-08-20,Siilinjärvi Kuopio lentoasema,16.6,,
2023-08-20,Kuopio Maaninka,14.4,-1.0,-1.0
2023-08-20,Lapinlahti Lamminkäyrä,,-1.0,-1.0
2023-08-20,Suonenjoki Iisvesi,,-1.0,-1.0
2023-08-20,Kuopio Karttula,,-1.0,-1.0
2023-08-20,Kuopio Ritoniemi,17.1,,
2023-08-20,Kuopio Savilahti,16.1,-1.0,-1.0
2023-08-20,Heinävesi Palokki,,-1.0,-1.0
2023-08-20,Outokumpu Viuruniemi,,-1.0,-1.0
2023-08-20,Rautavaara Ala-Luosta,,-1.0,-1.0
2023-08-20,Rautavaara Ylä-Luosta,13.6,-1.0,-1.0
2023-08-20,Liperi Joensuu lentoasema,15.3,,
2023-08-20,Juuka Niemelä,12.6,-1.0,-1.0
2023-08-20,Joensuu Pyhäselkä,,-1.0,-1.0
2023-08-20,Lieksa Koli,,-1.0,-1.0
2023-08-20,Liperi Tuiskavanluoto,17.5,,
2023-08-20,Joensuu Linnunlahti,15.0,-1.0,-1.0
2023-08-20,Lieksa Lampela,13.8,-1.0,-1.0
2023-08-20,Ilomantsi Pötsönvaara,14.1,-1.0,-1.0
2023-08-20,Ilomantsi Mekrijärvi,14.7,-1.0,-1.0
2023-08-20,Pietarsaari Kallan,16.7,,
2023-08-20,Kokkola Tankar,16.8,,
2023-08-20,Kruunupyy Kokkola-Pietarsaari lentoasema,14.5,,
2023-08-20,Kaustinen Tastula,,-1.0,-1.0
2023-08-20,Kalajoki Ulkokalla,16.8,,
2023-08-20,Kokkola Santahaka,14.3,-1.0,-1.0
2023-08-20,Toholampi Oravala,,-1.0,-1.0
2023-08-20,Kalajoki Pitkäsenkylä,,-1.0,-1.0
2023-08-20,Kalajoki Mehtäkylä,,-1.0,-1.0
2023-08-20,Toholampi Laitala,13.7,-1.0,-1.0
2023-08-20,Ylivieska lentokenttä,12.9,-1.0,-1.0
2023-08-20,Ylivieska Vähäkangas,,-1.0,-1.0
2023-08-20,Haapavesi Mustikkamäki,14.0,-1.0,-1.0
2023-08-20,Pyhäjärvi Ojakylä,13.0,-1.0,-1.0
2023-08-20,Pyhäjärvi Hiidenniemi,,-1.0,-1.0
2023-08-20,Kiuruvesi Korpijoki,,-1.0,-1.0
2023-08-20,Siikalatva Kestilä,,-1.0,-1.0
2023-08-20,Kajaani lentoasema,13.2,,
2023-08-20,Vieremä Kaarakkala,16.1,-1.0,-1.0
2023-08-20,Kajaani Paltaniemi,,-1.0,-1.0
2023-08-20,Nurmes Valtimo,13.7,-1.0,-1.0
2023-08-20,Ristijärvi Mustavaara,,-1.0,-1.0
2023-08-20,Sotkamo Kuolaniemi,14.2,-1.0,-1.0
2023-08-20,Nurmes Mujejärvi,,-1.0,-1.0
2023-08-20,Kuhmo Apaja,,-1.0,-1.0
2023-08-20,Kuhmo Kalliojoki,14.4,-1.0,-1.0
2023-08-20,Raahe Nahkiainen,16.7,,
2023-08-20,Hailuoto Keskikylä,13.7,-1.0,-1.0
2023-08-20,Kemi I majakka,16.6,,
2023-08-20,Hailuoto Marjaniemi,15.8,,
2023-08-20,Raahe Lapaluoto satama,15.4,,
2023-08-20,Oulu lentoasema,14.9,,
2023-08-20,Siikajoki Ruukki,13.4,-1.0,-1.0
2023-08-20,Oulu Vihreäsaari satama,15.9,,
2023-08-20,Oulu Oulunsalo Pellonpää,13.2,-1.0,-1.0
2023-08-20,Vaala Pelso,11.9,-1.0,-1.0
2023-08-20,Pudasjärvi lentokenttä,14.2,-1.0,-1.0
2023-08-20,Utajärvi Särkijärvi,,-1.0,-1.0
2023-08-20,Pudasjärvi Jaurakkajärvi,,-1.0,-1.0
2023-08-20,Suomussalmi Näljänkä,,-1.0,-1.0
2023-08-20,Suomussalmi Pesiö,13.5,-1.0,-1.0
2023-08-20,Puolanka Kotila,,-1.0,-1.0
2023-08-20,Puolanka Paljakka,13.0,-1.0,-1.0
2023-08-20,Kemi Kemi-Tornio lentoasema,13.5,,
2023-08-20,Kemi Ajos,15.5,,
2023-08-20,Tornio Kaakkuri,14.3,-1.0,
2023-08-20,Ranua lentokenttä,12.5,-1.0,-1.0
2023-08-20,Pudasjärvi Sarakylä,,0.0,-1.0
2023-08-20,Posio Raistakka,,-1.0,-1.0
2023-08-20,Taivalkoski Inkee,,0.0,-1.0
2023-08-20,Taivalkoski kirkonkylä,11.5,-1.0,-1.0
2023-08-20,Kuusamo lentoasema,11.3,-1.0,-1.0
2023-08-20,Kuusamo Kiutaköngäs,10.5,1.2,-1.0
2023-08-20,Kuusamo Rukatunturi,12.2,,
2023-08-20,Kuusamo Teeriranta,,-1.0,-1.0
2023-08-20,Kuusamo Juuma,10.1,,
2023-08-20,Ylitornio Meltosjärvi,12.5,-1.0,-1.0
2023-08-20,Kolari Kattilamaa,,-1.0,-1.0
2023-08-20,Pello kirkonkylä,13.3,-1.0,-1.0
2023-08-20,Rovaniemi rautatieasema,13.9,,
2023-08-20,Sodankylä Tähtelä,11.8,-1.0,-1.0
2023-08-20,Rovaniemi Apukka,11.1,-1.0,-1.0
2023-08-20,Pelkosenniemi kirkonkylä,,-1.0,-1.0
2023-08-20,Kemijärvi lentokenttä,11.6,-1.0,-1.0
2023-08-20,Savukoski kirkonkylä,9.9,0.0,-1.0
2023-08-20,Salla Kelloselkä,,0.0,-1.0
2023-08-20,Pelkosenniemi Pyhätunturi,12.4,,
2023-08-20,Salla kirkonkylä,9.7,-1.0,-1.0
2023-08-20,Salla Naruska,8.6,-1.0,-1.0
2023-08-20,Enontekiö Kaaresuvanto,,-1.0,-1.0
2023-08-20,Enontekiö lentoasema,10.9,,
2023-08-20,Kittilä Pulju,,-1.0,-1.0
2023-08-20,Muonio Laukukero,9.7,,
2023-08-20,Muonio Sammaltunturi,10.8,,
2023-08-20,Kittilä Matorova,11.1,,
2023-08-20,Kittilä lentoasema,10.6,,
2023-08-20,Kittilä Kenttärova,10.6,-1.0,-1.0
2023-08-20,Kittilä Pakatti,10.2,-1.0,-1.0
2023-08-20,Kittilä Pokka,8.9,-1.0,-1.0
2023-08-20,Sodankylä Lokka,8.6,-1.0,-1.0
2023-08-20,Sodankylä Vuotso,8.7,-1.0,-1.0
2023-08-20,Inari Saariselkä matkailukeskus,8.1,-1.0,-1.0
2023-08-20,Inari Saariselkä Kaunispää,8.3,,
2023-08-20,Inari Raja-Jooseppi,8.9,,
2023-08-20,Salla Värriötunturi,8.9,-1.0,-1.0
2023-08-20,Enontekiö Kilpisjärvi kyläkeskus,10.5,-1.0,-1.0
2023-08-20,Enontekiö Kilpisjärvi Saana,7.9,,
2023-08-20,Enontekiö Näkkälä,10.3,-1.0,-1.0
2023-08-20,Inari Angeli Lintupuoliselkä,8.6,-1.0,-1.0
2023-08-20,Inari Ivalo lentoasema,9.5,,
2023-08-20,Utsjoki Kevo,8.6,-1.0,-1.0
2023-08-20,Utsjoki Nuorgam,8.1,-1.0,-1.0
2023-08-20,Inari Väylä,9.0,,
2023-08-20,Inari kirkonkylä,,-1.0,-1.0
2023-08-20,Inari Kaamanen,9.3,-1.0,-1.0
2023-08-20,Inari Nellim,9.5,-1.0,-1.0
2023-08-20,Inari Kirakkajärvi,8.2,-1.0,-1.0
2023-08-20,Mäntsälä Hirvihaara,14.5,-1.0,-1.0
2023-08-20,Lahti Sopenkorpi,15.6,-1.0,-1.0
2023-08-20,Siuntio Sjundby,,0.1,-1.0
2023-08-20,Sipoo Itätoukki,16.9,,
2023-08-20,Rauma Pyynpää,15.8,1.0,-1.0
2023-08-20,Muonio Oustajärvi,10.5,-1.0,-1.0
2023-08-20,Pyhtää lentokenttä,15.3,-1.0,-1.0
2023-08-20,Sotkamo Tuhkakylä,13.7,-1.0,-1.0
2023-08-20,Tervola Loue,12.6,,
2023-08-20,Savukoski Tulppio,8.4,-1.0,-1.0
2023-08-20,Mikkeli Pitkäaho,,-1.0,-1.0
2023-08-20,Kajaani Petäisenniska,14.3,-1.0,-1.0
2023-08-20,Utsjoki Kevo Kevojärvi,9.0,,
2023-08-20,Inari Seitalaassa,10.3,,
2023-08-20,Ilmajoki Seinäjoki lentoasema,13.1,,
2023-08-20,Rovaniemi lentoasema AWOS,12.9,-1.0,-1.0
2023-08-20,Jyväskylä lentoasema AWOS,13.5,-1.0,-1.0
2023-08-20,Puumala kirkonkylä,15.0,-1.0,-1.0
2023-08-20,Helsinki Vuosaari satama,16.3,,
2023-08-20,Maarianhamina Länsisatama,16.2,,
2023-08-20,Lumparland Långnäs satama,17.0,0.5,-1.0
2023-08-20,Kittilä Lompolonvuoma,9.6,-1.0,
2023-08-20,Kuusamo Ruka Talvijärvi,11.1,,
2023-08-20,Espoo Nuuksio,15.2,-1.0,-1.0
2023-08-20,Mikkeli Lentoasema AWOS,13.1,-1.0,-1.0
2023-08-20,Espoo Tapiola,15.6,-1.0,-1.0
2023-08-21,Porvoo Kilpilahti satama,16.8,,
2023-08-21,Jomala Maarianhamina lentoasema,17.4,,
2023-08-21,Parainen Utö,17.6,-1.0,-1.0
2023-08-21,Lemland Nyhamn,17.3,,
2023-08-21,Jomala Jomalaby,17.3,-1.0,-1.0
2023-08-21,Hammarland Märket,17.3,,
2023-08-21,Kökar Bogskär,16.7,,
2023-08-21,Parainen Fagerholm,17.5,-1.0,
2023-08-21,Kumlinge kirkonkylä,17.1,,
2023-08-21,Hanko Russarö,17.8,0.9,
2023-08-21,Kaarina Yltöinen,15.8,7.8,-1.0
2023-08-21,Kemiönsaari Vänö,17.7,,
2023-08-21,Hanko Tulliniemi,17.8,,
2023-08-21,Turku Rajakari,17.1,,
2023-08-21,Turku Artukainen,16.3,5.5,-1.0
2023-08-21,Kemiönsaari Kemiö,16.3,4.3,-1.0
2023-08-21,Hanko Tvärminne,17.4,2.7,-1.0
2023-08-21,Salo Kärkkä,16.0,0.9,
2023-08-21,Lohja Leppäkorpi,,0.8,-1.0
2023-08-21,Raasepori Jussarö,17.8,,
2023-08-21,Salo Kiikala lentokenttä,15.3,1.1,-1.0
2023-08-21,Vantaa Helsinki-Vantaan lentoasema,15.7,5.8,-1.0
2023-08-21,Inkoo Bågaskär,17.9,,
2023-08-21,Helsinki Kaisaniemi,17.1,-1.0,-1.0
2023-08-21,Lohja Porla,16.2,3.0,-1.0
2023-08-21,Vihti Maasoja,14.6,,
2023-08-21,Helsinki Harmaja,17.5,,
2023-08-21,Kirkkonummi Mäkiluoto,17.9,,
2023-08-21,Helsinki Helsingin majakka,17.9,,
2023-08-21,Helsinki Kumpula,16.9,0.2,-1.0
2023-08-21,Helsinki Malmi lentokenttä,15.9,,
2023-08-21,Porvoo Kalbådagrund,17.9,,
2023-08-21,Porvoo Emäsalo,17.5,,
2023-08-21,Porvoo Harabacka,15.7,3.0,-1.0
2023-08-21,Kotka Rankki,17.5,12.8,-1.0
2023-08-21,Loviisa Orrengrund,18.1,,
2023-08-21,Kotka Haapasaari,18.7,,
2023-08-21,Pori lentoasema,14.3,,
2023-08-21,Uusikaupunki Itätulli,,0.1,-1.0
2023-08-21,Kustavi Isokari,16.7,0.2,
2023-08-21,Rauma Kylmäpihlaja,16.0,,
2023-08-21,Pori rautatieasema,14.5,0.6,-1.0
2023-08-21,Turku lentoasema,15.4,,
2023-08-21,Kokemäki Rausenkulma,,1.8,-1.0
2023-08-21,Huittinen Sallila,,2.0,-1.0
2023-08-21,Oripää Teinikivi,,2.1,-1.0
2023-08-21,Pöytyä Yläne,,4.3,-1.0
2023-08-21,Kokemäki Tulkkila,14.4,1.8,-1.0
2023-08-21,Jokioinen Ilmala,14.3,7.2,-1.0
2023-08-21,Nokia Tottijärvi,,4.3,-1.0
2023-08-21,Pirkkala Tampere-Pirkkala lentoasema,14.2,,
2023-08-21,Tampere Härmälä,13.9,4.7,-1.0
2023-08-21,Somero Salkola,14.4,2.4,-1.0
2023-08-21,Hyvinkää Hyvinkäänkylä,14.8,2.9,-1.0
2023-08-21,Vihti Hiiskula,,4.0,-1.0
2023-08-21,Hämeenlinna Pirttikoski,,4.8,-1.0
2023-08-21,Nurmijärvi Röykkä,15.5,2.3,-1.0
2023-08-21,Hämeenlinna Katinen,14.1,5.5,
2023-08-21,Hattula Lepaa,13.5,3.6,-1.0
2023-08-21,Hämeenlinna Lammi Pappila,13.2,12.3,-1.0
2023-08-21,Asikkala Pulkkilanharju,15.2,,
2023-08-21,Kouvola Utti lentoasema,15.8,7.3,-1.0
2023-08-21,Kouvola Anjala,15.3,1.0,-1.0
2023-08-21,Heinola Asemantaus,14.3,15.5,-1.0
2023-08-21,Kouvola Voikoski,,14.1,-1.0
2023-08-21,Virolahti Koivuniemi,14.7,33.0,-1.0
2023-08-21,Lappeenranta lentoasema,15.5,,
2023-08-21,Lappeenranta Konnunsuo,13.6,,
2023-08-21,Lappeenranta Lepola,15.7,2.3,-1.0
2023-08-21,Ruokolahti Kotaniemi,,2.6,-1.0
2023-08-21,Lappeenranta Hiekkapakka,18.0,,
2023-08-21,Parikkala Koitsanlahti,14.3,0.2,
2023-08-21,Kaskinen Sälgrund,14.7,5.2,
2023-08-21,Merikarvia Tuorila,,6.0,-1.0
2023-08-21,Isojoki Kärjenkoski,,1.5,-1.0
2023-08-21,Teuva Kauppilankylä,,3.0,-1.0
2023-08-21,Pori Tahkoluoto satama,16.0,,
2023-08-21,Kristiinankaupunki Majakka,15.1,,
2023-08-21,Karvia Alkkia,11.5,2.4,-1.0
2023-08-21,Kurikka Hirvijärvi,,2.0,-1.0
2023-08-21,Kauhajoki Kuja-Kokko,12.1,0.3,-1.0
2023-08-21,Kankaanpää Niinisalo lentokenttä,12.8,6.2,-1.0
2023-08-21,Alavus Sulkavankylä,,2.8,-1.0
2023-08-21,Virrat Äijänneva,11.7,,
2023-08-21,Tampere Siilinkari,15.1,,
2023-08-21,Jämsä Halli lentoasema,13.7,9.4,-1.0
2023-08-21,Juupajoki Hyytiälä,12.1,10.8,-1.0
2023-08-21,Sysmä Joutsjärvi,,8.8,-1.0
2023-08-21,Jyväskylä Muuratjärvi,,4.3,-1.0
2023-08-21,Luhanka Judinsalo,15.3,,
2023-08-21,Multia Pirttiperä,,8.1,-1.0
2023-08-21,Joutsa Savenaho,13.9,2.1,-1.0
2023-08-21,Kangasniemi kirkonkylä,,0.0,-1.0
2023-08-21,Joutsa Pärnämäki,,2.2,-1.0
2023-08-21,Juva Partala,14.9,,
2023-08-21,Varkaus Kosulanniemi,16.8,-1.0,-1.0
2023-08-21,Savonlinna Laukansaari,,-1.0,-1.0
2023-08-21,Sulkava Halttula,,-1.0,-1.0
2023-08-21,Savonlinna lentoasema,15.6,,
2023-08-21,Rantasalmi Rukkasluoto,18.2,,
2023-08-21,Savonlinna Punkaharju Laukansaari,16.3,0.1,-1.0
2023-08-21,Enonkoski Simanala,,-1.0,-1.0
2023-08-21,Savonlinna Savonranta,,-1.0,-1.0
2023-08-21,Rääkkylä kirkonkylä,,0.3,-1.0
2023-08-21,Tohmajärvi Kemie,14.2,-1.0,-1.0
2023-08-21,Joensuu Huhtilampi,,-1.0,-1.0
2023-08-21,Vaasa lentoasema,12.5,,
2023-08-21,Mustasaari Valassaaret,15.0,,
2023-08-21,Närpiö Ylimarkku,,6.8,-1.0
2023-08-21,Mustasaari Riimala,,3.1,-1.0
2023-08-21,Kurikka Pyörni,,4.5,-1.0
2023-08-21,Korsnäs Bredskäret,14.8,,
2023-08-21,Maalahti Strömmingsbådan,16.2,,
2023-08-21,Vaasa Klemettilä,13.2,3.0,-1.0
2023-08-21,Seinäjoki Pelmaa,13.2,3.1,-1.0
2023-08-21,Kauhava lentokenttä,13.5,3.6,-1.0
2023-08-21,Ähtäri Inha,13.6,2.8,-1.0
2023-08-21,Halsua Purola,13.9,0.0,-1.0
2023-08-21,Alajärvi Möksy,13.9,1.7,-1.0
2023-08-21,Multia Karhila,13.3,8.9,-1.0
2023-08-21,Viitasaari Haapaniemi,16.5,-1.0,-1.0
2023-08-21,Äänekoski Kalaniemi,,-1.0,-1.0
2023-08-21,Vesanto kirkonkylä,14.4,-1.0,-1.0
2023-08-21,Pielavesi Venetmäki,,-1.0,-1.0
2023-08-21,Siilinjärvi Kuopio lentoasema,17.0,,
2023-08-21,Kuopio Maaninka,15.0,-1.0,-1.0
2023-08-21,Lapinlahti Lamminkäyrä,,-1.0,-1.0
2023-08-21,Suonenjoki Iisvesi,,-1.0,-1.0
2023-08-21,Kuopio Karttula,,-1.0,-1.0
2023-08-21,Kuopio Ritoniemi,16.9,,
2023-08-21,Kuopio Savilahti,16.4,-1.0,-1.0
2023-08-21,Heinävesi Palokki,,-1.0,-1.0
2023-08-21,Outokumpu Viuruniemi,,-1.0,-1.0
2023-08-21,Rautavaara Ala-Luosta,,-1.0,-1.0
2023-08-21,Rautavaara Ylä-Luosta,14.7,-1.0,-1.0
2023-08-21,Liperi Joensuu lentoasema,15.6,,
2023-08-21,Juuka Niemelä,12.8,-1.0,-1.0
2023-08-21,Joensuu Pyhäselkä,,-1.0,-1.0
2023-08-21,Lieksa Koli,,-1.0,-1.0
2023-08-21,Liperi Tuiskavanluoto,19.0,,
2023-08-21,Joensuu Linnunlahti,15.2,-1.0,-1.0
2023-08-21,Lieksa Lampela,13.9,-1.0,-1.0
2023-08-21,Ilomantsi Pötsönvaara,15.1,-1.0,-1.0
2023-08-21,Ilomantsi Mekrijärvi,15.6,-1.0,-1.0
2023-08-21,Pietarsaari Kallan,15.3,,
2023-08-21,Kokkola Tankar,15.7,,
2023-08-21,Kruunupyy Kokkola-Pietarsaari lentoasema,14.1,,
2023-08-21,Kaustinen Tastula,,0.2,-1.0
2023-08-21,Kalajoki Ulkokalla,16.7,,
2023-08-21,Kokkola Santahaka,14.2,1.3,-1.0
2023-08-21,Toholampi Oravala,,-1.0,-1.0
2023-08-21,Kalajoki Pitkäsenkylä,,-1.0,-1.0
2023-08-21,Kalajoki Mehtäkylä,,-1.0,-1.0
2023-08-21,Toholampi Laitala,14.3,-1.0,-1.0
2023-08-21,Ylivieska lentokenttä,12.8,-1.0,-1.0
2023-08-21,Ylivieska Vähäkangas,,-1.0,-1.0
2023-08-21,Haapavesi Mustikkamäki,13.7,-1.0,-1.0
2023-08-21,Pyhäjärvi Ojakylä,13.0,-1.0,-1.0
2023-08-21,Pyhäjärvi Hiidenniemi,,-1.0,-1.0
2023-08-21,Kiuruvesi Korpijoki,,-1.0,-1.0
2023-08-21,Siikalatva Kestilä,,-1.0,-1.0
2023-08-21,Kajaani lentoasema,14.4,,
2023-08-21,Vieremä Kaarakkala,15.9,-1.0,-1.0
2023-08-21,Kajaani Paltaniemi,,-1.0,-1.0
2023-08-21,Nurmes Valtimo,14.2,-1.0,-1.0
2023-08-21,Ristijärvi Mustavaara,,-1.0,-1.0
2023-08-21,Sotkamo Kuolaniemi,14.4,-1.0,-1.0
2023-08-21,Nurmes Mujejärvi,,-1.0,-1.0
2023-08-21,Kuhmo Apaja,,-1.0,-1.0
2023-08-21,Kuhmo Kalliojoki,14.0,0.1,-1.0
2023-08-21,Raahe Nahkiainen,16.7,,
2023-08-21,Hailuoto Keskikylä,14.1,-1.0,-1.0
2023-08-21,Kemi I majakka,17.2,,
2023-08-21,Hailuoto Marjaniemi,16.0,,
2023-08-21,Raahe Lapaluoto satama,16.4,,
2023-08-21,Oulu lentoasema,15.8,,
2023-08-21,Siikajoki Ruukki,14.4,-1.0,-1.0
2023-08-21,Oulu Vihreäsaari satama,16.6,,
2023-08-21,Oulu Oulunsalo Pellonpää,14.9,-1.0,-1.0
2023-08-21,Vaala Pelso,12.6,-1.0,-1.0
2023-08-21,Pudasjärvi lentokenttä,14.4,-1.0,-1.0
2023-08-21,Utajärvi Särkijärvi,,-1.0,-1.0
2023-08-21,Pudasjärvi Jaurakkajärvi,,1.1,-1.0
2023-08-21,Suomussalmi Näljänkä,,-1.0,-1.0
2023-08-21,Suomussalmi Pesiö,14.3,-1.0,-1.0
2023-08-21,Puolanka Kotila,,-1.0,-1.0
2023-08-21,Puolanka Paljakka,13.0,-1.0,-1.0
2023-08-21,Kemi Kemi-Tornio lentoasema,13.8,,
2023-08-21,Kemi Ajos,17.2,,
2023-08-21,Tornio Kaakkuri,15.2,-1.0,
2023-08-21,Ranua lentokenttä,12.9,-1.0,-1.0
2023-08-21,Pudasjärvi Sarakylä,,0.0,-1.0
2023-08-21,Posio Raistakka,,-1.0,-1.0
2023-08-21,Taivalkoski Inkee,,0.0,-1.0
2023-08-21,Taivalkoski kirkonkylä,13.6,-1.0,-1.0
2023-08-21,Kuusamo lentoasema,13.2,-1.0,-1.0
2023-08-21,Kuusamo Kiutaköngäs,11.5,-1.0,-1.0
2023-08-21,Kuusamo Rukatunturi,12.9,,
2023-08-21,Kuusamo Teeriranta,,-1.0,-1.0
2023-08-21,Kuusamo Juuma,11.4,,
2023-08-21,Ylitornio Meltosjärvi,14.3,-1.0,-1.0
2023-08-21,Kolari Kattilamaa,,-1.0,-1.0
2023-08-21,Pello kirkonkylä,14.7,-1.0,-1.0
2023-08-21,Rovaniemi rautatieasema,15.6,,
2023-08-21,Sodankylä Tähtelä,14.0,-1.0,-1.0
2023-08-21,Rovaniemi Apukka,13.2,-1.0,-1.0
2023-08-21,Pelkosenniemi kirkonkylä,,-1.0,-1.0
2023-08-21,Kemijärvi lentokenttä,14.1,-1.0,-1.0
2023-08-21,Savukoski kirkonkylä,11.1,0.8,-1.0
2023-08-21,Salla Kelloselkä,,0.0,-1.0
2023-08-21,Pelkosenniemi Pyhätunturi,13.3,,
2023-08-21,Salla kirkonkylä,11.6,-1.0,-1.0
2023-08-21,Salla Naruska,10.2,-1.0,-1.0
2023-08-21,Enontekiö Kaaresuvanto,,-1.0,-1.0
2023-08-21,Enontekiö lentoasema,12.7,,
2023-08-21,Kittilä Pulju,,-1.0,-1.0
2023-08-21,Muonio Laukukero,10.8,,
2023-08-21,Muonio Sammaltunturi,10.9,,
2023-08-21,Kittilä Matorova,12.0,,
2023-08-21,Kittilä lentoasema,13.3,,
2023-08-21,Kittilä Kenttärova,11.8,-1.0,-1.0
2023-08-21,Kittilä Pakatti,13.2,-1.0,-1.0
2023-08-21,Kittilä Pokka,10.9,-1.0,-1.0
2023-08-21,Sodankylä Lokka,11.0,-1.0,-1.0
2023-08-21,Sodankylä Vuotso,10.6,-1.0,-1.0
2023-08-21,Inari Saariselkä matkailukeskus,9.1,-1.0,-1.0
2023-08-21,Inari Saariselkä Kaunispää,7.9,,
2023-08-21,Inari Raja-Jooseppi,8.5,,
2023-08-21,Salla Värriötunturi,8.2,-1.0,-1.0
2023-08-21,Enontekiö Kilpisjärvi kyläkeskus,11.9,-1.0,-1.0
2023-08-21,Enontekiö Kilpisjärvi Saana,8.8,,
2023-08-21,Enontekiö Näkkälä,11.8,-1.0,-1.0
2023-08-21,Inari Angeli Lintupuoliselkä,8.0,-1.0,-1.0
2023-08-21,Inari Ivalo lentoasema,8.5,,
2023-08-21,Utsjoki Kevo,8.9,-1.0,-1.0
2023-08-21,Utsjoki Nuorgam,8.0,-1.0,-1.0
2023-08-21,Inari Väylä,6.6,,
2023-08-21,Inari kirkonkylä,,-1.0,-1.0
2023-08-21,Inari Kaamanen,7.5,-1.0,-1.0
2023-08-21,Inari Nellim,7.3,-1.0,-1.0
2023-08-21,Inari Kirakkajärvi,8.9,-1.0,-1.0
2023-08-21,Mäntsälä Hirvihaara,14.4,21.8,-1.0
2023-08-21,Lahti Sopenkorpi,14.7,17.2,-1.0
2023-08-21,Siuntio Sjundby,,1.0,-1.0
2023-08-21,Sipoo Itätoukki,18.0,,
2023-08-21,Rauma Pyynpää,15.0,1.4,-1.0
2023-08-21,Muonio Oustajärvi,13.2,-1.0,-1.0
2023-08-21,Pyhtää lentokenttä,14.6,8.0,-1.0
2023-08-21,Sotkamo Tuhkakylä,14.0,-1.0,-1.0
2023-08-21,Tervola Loue,12.6,,
2023-08-21,Savukoski Tulppio,7.3,-1.0,-1.0
2023-08-21,Mikkeli Pitkäaho,,0.5,-1.0
2023-08-21,Kajaani Petäisenniska,15.0,-1.0,-1.0
2023-08-21,Utsjoki Kevo Kevojärvi,8.5,,
2023-08-21,Inari Seitalaassa,9.3,,
2023-08-21,Ilmajoki Seinäjoki lentoasema,12.2,,
2023-08-21,Rovaniemi lentoasema AWOS,14.9,-1.0,-1.0
2023-08-21,Jyväskylä lentoasema AWOS,14.1,0.5,-1.0
2023-08-21,Puumala kirkonkylä,16.2,-1.0,-1.0
2023-08-21,Helsinki Vuosaari satama,16.9,,
2023-08-21,Maarianhamina Länsisatama,17.5,,
2023-08-21,Lumparland Långnäs satama,17.9,-1.0,-1.0
2023-08-21,Kittilä Lompolonvuoma,11.1,-1.0,
2023-08-21,Kuusamo Ruka Talvijärvi,13.8,,
2023-08-21,Espoo Nuuksio,15.6,1.8,-1.0
2023-08-21,Mikkeli Lentoasema AWOS,13.9,-1.0,-1.0
2023-08-21,Espoo Tapiola,16.4,0.9,-1.0
2023-08-22,Porvoo Kilpilahti satama,16.7,,
2023-08-22,Jomala Maarianhamina lentoasema,16.3,,
2023-08-22,Parainen Utö,17.1,0.2,-1.0
2023-08-22,Lemland Nyhamn,16.5,,
2023-08-22,Jomala Jomalaby,16.1,-1.0,-1.0
2023-08-22,Hammarland Märket,16.0,,
2023-08-22,Kökar Bogskär,16.3,,
2023-08-22,Parainen Fagerholm,17.1,0.1,
2023-08-22,Kumlinge kirkonkylä,16.6,,
2023-08-22,Hanko Russarö,17.5,0.1,
2023-08-22,Kaarina Yltöinen,15.8,2.2,-1.0
2023-08-22,Kemiönsaari Vänö,17.1,,
2023-08-22,Hanko Tulliniemi,17.5,,
2023-08-22,Turku Rajakari,17.7,,
2023-08-22,Turku Artukainen,16.8,0.9,-1.0
2023-08-22,Kemiönsaari Kemiö,16.0,0.1,-1.0
2023-08-22,Hanko Tvärminne,16.8,-1.0,-1.0
2023-08-22,Salo Kärkkä,16.4,5.2,
2023-08-22,Lohja Leppäkorpi,,2.5,-1.0
2023-08-22,Raasepori Jussarö,17.2,,
2023-08-22,Salo Kiikala lentokenttä,15.9,1.5,-1.0
2023-08-22,Vantaa Helsinki-Vantaan lentoasema,16.2,1.5,-1.0
2023-08-22,Inkoo Bågaskär,17.2,,
2023-08-22,Helsinki Kaisaniemi,17.2,0.8,-1.0
2023-08-22,Lohja Porla,16.5,15.4,-1.0
2023-08-22,Vihti Maasoja,16.2,,
2023-08-22,Helsinki Harmaja,17.2,,
2023-08-22,Kirkkonummi Mäkiluoto,17.8,,
2023-08-22,Helsinki Helsingin majakka,17.0,,
2023-08-22,Helsinki Kumpula,17.0,2.5,-1.0
2023-08-22,Helsinki Malmi lentokenttä,16.8,,
2023-08-22,Porvoo Kalbådagrund,17.1,,
2023-08-22,Porvoo Emäsalo,17.4,,
2023-08-22,Porvoo Harabacka,16.6,0.1,-1.0
2023-08-22,Kotka Rankki,17.4,-1.0,-1.0
2023-08-22,Loviisa Orrengrund,17.6,,
2023-08-22,Kotka Haapasaari,17.5,,
2023-08-22,Pori lentoasema,15.2,,
2023-08-22,Uusikaupunki Itätulli,,0.6,-1.0
2023-08-22,Kustavi Isokari,17.1,-1.0,
2023-08-22,Rauma Kylmäpihlaja,17.1,,
2023-08-22,Pori rautatieasema,15.2,6.3,-1.0
2023-08-22,Turku lentoasema,15.5,,
2023-08-22,Kokemäki Rausenkulma,,5.2,-1.0
2023-08-22,Huittinen Sallila,,3.1,-1.0
2023-08-22,Oripää Teinikivi,,2.6,-1.0
2023-08-22,Pöytyä Yläne,,16.0,-1.0
2023-08-22,Kokemäki Tulkkila,15.3,1.4,-1.0
2023-08-22,Jokioinen Ilmala,15.8,0.4,-1.0
2023-08-22,Nokia Tottijärvi,,0.4,-1.0
2023-08-22,Pirkkala Tampere-Pirkkala lentoasema,15.9,,
2023-08-22,Tampere Härmälä,16.2,-1.0,-1.0
2023-08-22,Somero Salkola,15.4,1.0,-1.0
2023-08-22,Hyvinkää Hyvinkäänkylä,16.0,8.0,-1.0
2023-08-22,Vihti Hiiskula,,2.0,-1.0
2023-08-22,Hämeenlinna Pirttikoski,,10.8,-1.0
2023-08-22,Nurmijärvi Röykkä,15.8,1.0,-1.0
2023-08-22,Hämeenlinna Katinen,15.9,26.5,
2023-08-22,Hattula Lepaa,15.6,3.8,-1.0
2023-08-22,Hämeenlinna Lammi Pappila,14.9,0.1,-1.0
2023-08-22,Asikkala Pulkkilanharju,15.8,,
2023-08-22,Kouvola Utti lentoasema,15.6,0.0,-1.0
2023-08-22,Kouvola Anjala,16.0,0.1,-1.0
2023-08-22,Heinola Asemantaus,15.9,0.1,-1.0
2023-08-22,Kouvola Voikoski,,0.2,-1.0
2023-08-22,Virolahti Koivuniemi,15.9,0.1,-1.0
2023-08-22,Lappeenranta lentoasema,14.9,,
2023-08-22,Lappeenranta Konnunsuo,14.3,,
2023-08-22,Lappeenranta Lepola,15.0,-1.0,-1.0
2023-08-22,Ruokolahti Kotaniemi,,0.0,-1.0
2023-08-22,Lappeenranta Hiekkapakka,16.3,,
2023-08-22,Parikkala Koitsanlahti,14.5,1.8,
2023-08-22,Kaskinen Sälgrund,14.9,1.0,
2023-08-22,Merikarvia Tuorila,,7.0,-1.0
2023-08-22,Isojoki Kärjenkoski,,0.5,-1.0
2023-08-22,Teuva Kauppilankylä,,2.1,-1.0
2023-08-22,Pori Tahkoluoto satama,16.2,,
2023-08-22,Kristiinankaupunki Majakka,14.9,,
2023-08-22,Karvia Alkkia,14.1,0.6,-1.0
2023-08-22,Kurikka Hirvijärvi,,1.6,-1.0
2023-08-22,Kauhajoki Kuja-Kokko,14.2,-1.0,-1.0
2023-08-22,Kankaanpää Niinisalo lentokenttä,15.3,3.7,-1.0
2023-08-22,Alavus Sulkavankylä,,14.8,-1.0
2023-08-22,Virrat Äijänneva,14.6,,
2023-08-22,Tampere Siilinkari,16.0,,
2023-08-22,Jämsä Halli lentoasema,15.8,-1.0,-1.0
2023-08-22,Juupajoki Hyytiälä,15.3,10.4,-1.0
2023-08-22,Sysmä Joutsjärvi,,-1.0,-1.0
2023-08-22,Jyväskylä Muuratjärvi,,0.8,-1.0
2023-08-22,Luhanka Judinsalo,16.4,,
2023-08-22,Multia Pirttiperä,,1.5,-1.0
2023-08-22,Joutsa Savenaho,14.6,0.1,-1.0
2023-08-22,Kangasniemi kirkonkylä,,0.0,-1.0
2023-08-22,Joutsa Pärnämäki,,0.0,-1.0
2023-08-22,Juva Partala,15.4,,
2023-08-22,Varkaus Kosulanniemi,16.6,-1.0,-1.0
2023-08-22,Savonlinna Laukansaari,,0.4,-1.0
2023-08-22,Sulkava Halttula,,-1.0,-1.0
2023-08-22,Savonlinna lentoasema,15.2,,
2023-08-22,Rantasalmi Rukkasluoto,17.5,,
2023-08-22,Savonlinna Punkaharju Laukansaari,15.5,-1.0,-1.0
2023-08-22,Enonkoski Simanala,,-1.0,-1.0
2023-08-22,Savonlinna Savonranta,,-1.0,-1.0
2023-08-22,Rääkkylä kirkonkylä,,2.2,-1.0
2023-08-22,Tohmajärvi Kemie,14.1,-1.0,-1.0
2023-08-22,Joensuu Huhtilampi,,3.2,-1.0
2023-08-22,Vaasa lentoasema,14.5,,
2023-08-22,Mustasaari Valassaaret,14.9,,
2023-08-22,Närpiö Ylimarkku,,1.5,-1.0
2023-08-22,Mustasaari Riimala,,2.7,-1.0
2023-08-22,Kurikka Pyörni,,1.1,-1.0
2023-08-22,Korsnäs Bredskäret,15.1,,
2023-08-22,Maalahti Strömmingsbådan,15.5,,
2023-08-22,Vaasa Klemettilä,14.7,2.3,-1.0
2023-08-22,Seinäjoki Pelmaa,14.7,1.5,-1.0
2023-08-22,Kauhava lentokenttä,15.2,5.9,-1.0
2023-08-22,Ähtäri Inha,14.7,1.9,-1.0
2023-08-22,Halsua Purola,13.4,2.0,-1.0
2023-08-22,Alajärvi Möksy,14.2,0.2,-1.0
2023-08-22,Multia Karhila,14.0,0.1,-1.0
2023-08-22,Viitasaari Haapaniemi,16.2,-1.0,-1.0
2023-08-22,Äänekoski Kalaniemi,,0.0,-1.0
2023-08-22,Vesanto kirkonkylä,15.8,-1.0,-1.0
2023-08-22,Pielavesi Venetmäki,,-1.0,-1.0
2023-08-22,Siilinjärvi Kuopio lentoasema,17.0,,
2023-08-22,Kuopio Maaninka,15.6,-1.0,-1.0
2023-08-22,Lapinlahti Lamminkäyrä,,-1.0,-1.0
2023-08-22,Suonenjoki Iisvesi,,-1.0,-1.0
2023-08-22,Kuopio Karttula,,-1.0,-1.0
2023-08-22,Kuopio Ritoniemi,16.9,,
2023-08-22,Kuopio Savilahti,16.9,-1.0,-1.0
2023-08-22,Heinävesi Palokki,,3.4,-1.0
2023-08-22,Outokumpu Viuruniemi,,0.5,-1.0
2023-08-22,Rautavaara Ala-Luosta,,3.6,-1.0
2023-08-22,Rautavaara Ylä-Luosta,14.8,9.0,-1.0
2023-08-22,Liperi Joensuu lentoasema,14.7,,
2023-08-22,Juuka Niemelä,13.2,2.1,-1.0
2023-08-22,Joensuu Pyhäselkä,,3.0,-1.0
2023-08-22,Lieksa Koli,,7.7,-1.0
2023-08-22,Liperi Tuiskavanluoto,17.2,,
2023-08-22,Joensuu Linnunlahti,14.9,11.7,-1.0
2023-08-22,Lieksa Lampela,14.2,1.4,-1.0
2023-08-22,Ilomantsi Pötsönvaara,13.6,-1.0,-1.0
2023-08-22,Ilomantsi Mekrijärvi,13.5,-1.0,-1.0
2023-08-22,Pietarsaari Kallan,16.0,,
2023-08-22,Kokkola Tankar,16.4,,
2023-08-22,Kruunupyy Kokkola-Pietarsaari lentoasema,15.0,,
2023-08-22,Kaustinen Tastula,,-1.0,-1.0
2023-08-22,Kalajoki Ulkokalla,17.0,,
2023-08-22,Kokkola Santahaka,15.3,1.0,-1.0
2023-08-22,Toholampi Oravala,,-1.0,-1.0
2023-08-22,Kalajoki Pitkäsenkylä,,-1.0,-1.0
2023-08-22,Kalajoki Mehtäkylä,,-1.0,-1.0
2023-08-22,Toholampi Laitala,14.0,1.0,-1.0
2023-08-22,Ylivieska lentokenttä,12.5,-1.0,-1.0
2023-08-22,Ylivieska Vähäkangas,,-1.0,-1.0
2023-08-22,Haapavesi Mustikkamäki,13.8,0.1,-1.0
2023-08-22,Pyhäjärvi Ojakylä,13.1,-1.0,-1.0
2023-08-22,Pyhäjärvi Hiidenniemi,,-1.0,-1.0
2023-08-22,Kiuruvesi Korpijoki,,-1.0,-1.0
2023-08-22,Siikalatva Kestilä,,-1.0,-1.0
2023-08-22,Kajaani lentoasema,15.0,,
2023-08-22,Vieremä Kaarakkala,15.9,-1.0,-1.0
2023-08-22,Kajaani Paltaniemi,,20.9,-1.0
2023-08-22,Nurmes Valtimo,14.6,7.6,-1.0
2023-08-22,Ristijärvi Mustavaara,,5.8,-1.0
2023-08-22,Sotkamo Kuolaniemi,14.8,4.1,-1.0
2023-08-22,Nurmes Mujejärvi,,5.2,-1.0
2023-08-22,Kuhmo Apaja,,0.8,-1.0
2023-08-22,Kuhmo Kalliojoki,13.8,-1.0,-1.0
2023-08-22,Raahe Nahkiainen,17.1,,
2023-08-22,Hailuoto Keskikylä,15.7,-1.0,-1.0
2023-08-22,Kemi I majakka,17.1,,
2023-08-22,Hailuoto Marjaniemi,16.8,,
2023-08-22,Raahe Lapaluoto satama,16.8,,
2023-08-22,Oulu lentoasema,16.1,,
2023-08-22,Siikajoki Ruukki,14.3,-1.0,-1.0
2023-08-22,Oulu Vihreäsaari satama,16.6,,
2023-08-22,Oulu Oulunsalo Pellonpää,15.7,-1.0,-1.0
2023-08-22,Vaala Pelso,14.0,6.9,-1.0
2023-08-22,Pudasjärvi lentokenttä,14.5,2.5,-1.0
2023-08-22,Utajärvi Särkijärvi,,4.3,-1.0
2023-08-22,Pudasjärvi Jaurakkajärvi,,-1.0,-1.0
2023-08-22,Suomussalmi Näljänkä,,0.3,-1.0
2023-08-22,Suomussalmi Pesiö,13.8,0.2,-1.0
2023-08-22,Puolanka Kotila,,5.4,-1.0
2023-08-22,Puolanka Paljakka,12.9,6.3,-1.0
2023-08-22,Kemi Kemi-Tornio lentoasema,14.3,,
2023-08-22,Kemi Ajos,16.4,,
2023-08-22,Tornio Kaakkuri,15.3,-1.0,
2023-08-22,Ranua lentokenttä,14.0,-1.0,-1.0
2023-08-22,Pudasjärvi Sarakylä,,0.0,-1.0
2023-08-22,Posio Raistakka,,-1.0,-1.0
2023-08-22,Taivalkoski Inkee,,0.0,-1.0
2023-08-22,Taivalkoski kirkonkylä,12.9,0.1,-1.0
2023-08-22,Kuusamo lentoasema,12.3,-1.0,-1.0
2023-08-22,Kuusamo Kiutaköngäs,11.5,-1.0,-1.0
2023-08-22,Kuusamo Rukatunturi,9.9,,
2023-08-22,Kuusamo Teeriranta,,-1.0,-1.0
2023-08-22,Kuusamo Juuma,11.0,,
2023-08-22,Ylitornio Meltosjärvi,13.2,-1.0,-1.0
2023-08-22,Kolari Kattilamaa,,-1.0,-1.0
2023-08-22,Pello kirkonkylä,13.4,-1.0,-1.0
2023-08-22,Rovaniemi rautatieasema,15.6,,
2023-08-22,Sodankylä Tähtelä,12.7,-1.0,-1.0
2023-08-22,Rovaniemi Apukka,13.7,-1.0,-1.0
2023-08-22,Pelkosenniemi kirkonkylä,,-1.0,-1.0
2023-08-22,Kemijärvi lentokenttä,12.8,-1.0,-1.0
2023-08-22,Savukoski kirkonkylä,11.1,-1.0,-1.0
2023-08-22,Salla Kelloselkä,,0.0,-1.0
2023-08-22,Pelkosenniemi Pyhätunturi,11.4,,
2023-08-22,Salla kirkonkylä,11.9,-1.0,-1.0
2023-08-22,Salla Naruska,10.2,-1.0,
2023-08-22,Enontekiö Kaaresuvanto,,0.5,-1.0
2023-08-22,Enontekiö lentoasema,13.7,,
2023-08-22,Kittilä Pulju,,0.3,-1.0
2023-08-22,Muonio Laukukero,11.3,,
2023-08-22,Muonio Sammaltunturi,12.2,,
2023-08-22,Kittilä Matorova,13.0,,
2023-08-22,Kittilä lentoasema,13.6,,
2023-08-22,Kittilä Kenttärova,12.8,0.1,-1.0
2023-08-22,Kittilä Pakatti,13.3,-1.0,-1.0
2023-08-22,Kittilä Pokka,11.9,0.4,-1.0
2023-08-22,Sodankylä Lokka,11.1,0.3,-1.0
2023-08-22,Sodankylä Vuotso,11.4,1.3,-1.0
2023-08-22,Inari Saariselkä matkailukeskus,10.7,0.6,-1.0
2023-08-22,Inari Saariselkä Kaunispää,10.6,,
2023-08-22,Inari Raja-Jooseppi,9.3,,
2023-08-22,Salla Värriötunturi,8.5,-1.0,-1.0
2023-08-22,Enontekiö Kilpisjärvi kyläkeskus,12.6,-1.0,-1.0
2023-08-22,Enontekiö Kilpisjärvi Saana,9.9,,
2023-08-22,Enontekiö Näkkälä,13.3,2.5,-1.0
2023-08-22,Inari Angeli Lintupuoliselkä,10.5,6.4,-1.0
2023-08-22,Inari Ivalo lentoasema,10.0,,
2023-08-22,Utsjoki Kevo,8.6,-1.0,-1.0
2023-08-22,Utsjoki Nuorgam,8.7,-1.0,-1.0
2023-08-22,Inari Väylä,8.7,,
2023-08-22,Inari kirkonkylä,,-1.0,-1.0
2023-08-22,Inari Kaamanen,9.0,-1.0,-1.0
2023-08-22,Inari Nellim,9.4,-1.0,-1.0
2023-08-22,Inari Kirakkajärvi,9.0,-1.0,-1.0
2023-08-22,Mäntsälä Hirvihaara,15.3,-1.0,-1.0
2023-08-22,Lahti Sopenkorpi,15.7,-1.0,-1.0
2023-08-22,Siuntio Sjundby,,5.0,-1.0
2023-08-22,Sipoo Itätoukki,17.3,,
2023-08-22,Rauma Pyynpää,15.6,1.0,-1.0
2023-08-22,Muonio Oustajärvi,13.7,-1.0,-1.0
2023-08-22,Pyhtää lentokenttä,16.5,-1.0,-1.0
2023-08-22,Sotkamo Tuhkakylä,14.0,10.4,-1.0
2023-08-22,Tervola Loue,13.4,,
2023-08-22,Savukoski Tulppio,7.9,-1.0,-1.0
2023-08-22,Mikkeli Pitkäaho,,-1.0,-1.0
2023-08-22,Kajaani Petäisenniska,14.7,12.3,-1.0
2023-08-22,Utsjoki Kevo Kevojärvi,8.4,,
2023-08-22,Inari Seitalaassa,10.2,,
2023-08-22,Ilmajoki Seinäjoki lentoasema,14.4,,
2023-08-22,Rovaniemi lentoasema AWOS,14.0,-1.0,-1.0
2023-08-22,Jyväskylä lentoasema AWOS,14.3,0.6,-1.0
2023-08-22,Puumala kirkonkylä,16.4,-1.0,-1.0
2023-08-22,Helsinki Vuosaari satama,17.1,,
2023-08-22,Maarianhamina Länsisatama,17.0,,
2023-08-22,Lumparland Långnäs satama,17.0,-1.0,-1.0
2023-08-22,Kittilä Lompolonvuoma,12.6,0.1,
2023-08-22,Kuusamo Ruka Talvijärvi,12.1,,
2023-08-22,Espoo Nuuksio,15.8,1.8,-1.0
2023-08-22,Mikkeli Lentoasema AWOS,15.4,-1.0,-1.0
2023-08-22,Espoo Tapiola,16.7,3.7,-1.0
2023-08-23,Porvoo Kilpilahti satama,16.1,,
2023-08-23,Jomala Maarianhamina lentoasema,16.2,,
2023-08-23,Parainen Utö,17.4,-1.0,-1.0
2023-08-23,Lemland Nyhamn,16.8,,
2023-08-23,Jomala Jomalaby,16.6,-1.0,-1.0
2023-08-23,Hammarland Märket,16.7,,
2023-08-23,Kökar Bogskär,16.2,,
2023-08-23,Parainen Fagerholm,17.5,-1.0,
2023-08-23,Kumlinge kirkonkylä,17.2,,
2023-08-23,Hanko Russarö,17.7,-1.0,
2023-08-23,Kaarina Yltöinen,16.9,1.5,-1.0
2023-08-23,Kemiönsaari Vänö,17.4,,
2023-08-23,Hanko Tulliniemi,17.5,,
2023-08-23,Turku Rajakari,18.0,,
2023-08-23,Turku Artukainen,17.5,-1.0,-1.0
2023-08-23,Kemiönsaari Kemiö,16.9,1.5,-1.0
2023-08-23,Hanko Tvärminne,17.3,-1.0,-1.0
2023-08-23,Salo Kärkkä,17.2,-1.0,
2023-08-23,Lohja Leppäkorpi,,9.4,-1.0
2023-08-23,Raasepori Jussarö,17.3,,
2023-08-23,Salo Kiikala lentokenttä,16.2,1.9,-1.0
2023-08-23,Vantaa Helsinki-Vantaan lentoasema,16.2,1.8,-1.0
2023-08-23,Inkoo Bågaskär,17.0,,
2023-08-23,Helsinki Kaisaniemi,17.0,0.3,-1.0
2023-08-23,Lohja Porla,16.9,-1.0,-1.0
2023-08-23,Vihti Maasoja,16.1,,
2023-08-23,Helsinki Harmaja,17.1,,
2023-08-23,Kirkkonummi Mäkiluoto,17.7,,
2023-08-23,Helsinki Helsingin majakka,16.8,,
2023-08-23,Helsinki Kumpula,16.5,0.7,-1.0
2023-08-23,Helsinki Malmi lentokenttä,16.4,,
2023-08-23,Porvoo Kalbådagrund,16.8,,
2023-08-23,Porvoo Emäsalo,16.7,,
2023-08-23,Porvoo Harabacka,16.0,2.4,-1.0
2023-08-23,Kotka Rankki,17.3,1.5,-1.0
2023-08-23,Loviisa Orrengrund,17.5,,
2023-08-23,Kotka Haapasaari,17.9,,
2023-08-23,Pori lentoasema,15.6,,
2023-08-23,Uusikaupunki Itätulli,,2.1,-1.0
2023-08-23,Kustavi Isokari,17.4,-1.0,
2023-08-23,Rauma Kylmäpihlaja,17.2,,
2023-08-23,Pori rautatieasema,15.9,-1.0,-1.0
2023-08-23,Turku lentoasema,16.5,,
2023-08-23,Kokemäki Rausenkulma,,0.0,-1.0
2023-08-23,Huittinen Sallila,,0.3,-1.0
2023-08-23,Oripää Teinikivi,,0.0,-1.0
2023-08-23,Pöytyä Yläne,,0.6,-1.0
2023-08-23,Kokemäki Tulkkila,16.0,0.5,-1.0
2023-08-23,Jokioinen Ilmala,15.7,-1.0,-1.0
2023-08-23,Nokia Tottijärvi,,2.9,-1.0
2023-08-23,Pirkkala Tampere-Pirkkala lentoasema,15.9,,
2023-08-23,Tampere Härmälä,16.2,0.1,-1.0
2023-08-23,Somero Salkola,15.4,2.9,-1.0
2023-08-23,Hyvinkää Hyvinkäänkylä,15.6,3.0,-1.0
2023-08-23,Vihti Hiiskula,,5.5,-1.0
2023-08-23,Hämeenlinna Pirttikoski,,11.0,-1.0
2023-08-23,Nurmijärvi Röykkä,16.0,7.3,-1.0
2023-08-23,Hämeenlinna Katinen,16.1,3.8,
2023-08-23,Hattula Lepaa,15.8,13.2,-1.0
2023-08-23,Hämeenlinna Lammi Pappila,14.7,0.8,-1.0
2023-08-23,Asikkala Pulkkilanharju,15.9,,
2023-08-23,Kouvola Utti lentoasema,15.4,6.0,-1.0
2023-08-23,Kouvola Anjala,16.4,11.6,-1.0
2023-08-23,Heinola Asemantaus,16.6,1.6,-1.0
2023-08-23,Kouvola Voikoski,,2.0,-1.0
2023-08-23,Virolahti Koivuniemi,16.3,9.6,-1.0
2023-08-23,Lappeenranta lentoasema,15.4,,
2023-08-23,Lappeenranta Konnunsuo,15.1,,
2023-08-23,Lappeenranta Lepola,15.5,1.6,-1.0
2023-08-23,Ruokolahti Kotaniemi,,4.8,-1.0
2023-08-23,Lappeenranta Hiekkapakka,16.5,,
2023-08-23,Parikkala Koitsanlahti,14.1,0.5,
2023-08-23,Kaskinen Sälgrund,16.8,9.9,
2023-08-23,Merikarvia Tuorila,,1.1,-1.0
2023-08-23,Isojoki Kärjenkoski,,1.1,-1.0
2023-08-23,Teuva Kauppilankylä,,5.0,-1.0
2023-08-23,Pori Tahkoluoto satama,16.9,,
2023-08-23,Kristiinankaupunki Majakka,16.4,,
2023-08-23,Karvia Alkkia,14.2,7.2,-1.0
2023-08-23,Kurikka Hirvijärvi,,7.0,-1.0
2023-08-23,Kauhajoki Kuja-Kokko,15.4,7.1,-1.0
2023-08-23,Kankaanpää Niinisalo lentokenttä,15.3,3.4,-1.0
2023-08-23,Alavus Sulkavankylä,,9.3,-1.0
2023-08-23,Virrat Äijänneva,14.9,,
2023-08-23,Tampere Siilinkari,16.1,,
2023-08-23,Jämsä Halli lentoasema,14.6,1.3,-1.0
2023-08-23,Juupajoki Hyytiälä,14.8,3.0,-1.0
2023-08-23,Sysmä Joutsjärvi,,-1.0,-1.0
2023-08-23,Jyväskylä Muuratjärvi,,0.0,-1.0
2023-08-23,Luhanka Judinsalo,16.3,,
2023-08-23,Multia Pirttiperä,,8.2,-1.0
2023-08-23,Joutsa Savenaho,15.3,2.1,-1.0
2023-08-23,Kangasniemi kirkonkylä,,17.9,-1.0
2023-08-23,Joutsa Pärnämäki,,10.8,-1.0
2023-08-23,Juva Partala,14.8,,
2023-08-23,Varkaus Kosulanniemi,15.3,5.7,-1.0
2023-08-23,Savonlinna Laukansaari,,9.0,-1.0
2023-08-23,Sulkava Halttula,,3.8,-1.0
2023-08-23,Savonlinna lentoasema,15.7,,
2023-08-23,Rantasalmi Rukkasluoto,16.9,,
2023-08-23,Savonlinna Punkaharju Laukansaari,15.6,3.4,-1.0
2023-08-23,Enonkoski Simanala,,14.5,-1.0
2023-08-23,Savonlinna Savonranta,,8.5,-1.0
2023-08-23,Rääkkylä kirkonkylä,,5.5,-1.0
2023-08-23,Tohmajärvi Kemie,12.8,2.8,-1.0
2023-08-23,Joensuu Huhtilampi,,2.2,-1.0
2023-08-23,Vaasa lentoasema,15.3,,
2023-08-23,Mustasaari Valassaaret,16.2,,
2023-08-23,Närpiö Ylimarkku,,14.1,-1.0
2023-08-23,Mustasaari Riimala,,47.2,-1.0
2023-08-23,Kurikka Pyörni,,4.9,-1.0
2023-08-23,Korsnäs Bredskäret,16.6,,
2023-08-23,Maalahti Strömmingsbådan,16.3,,
2023-08-23,Vaasa Klemettilä,15.4,4.9,-1.0
2023-08-23,Seinäjoki Pelmaa,15.2,22.9,-1.0
2023-08-23,Kauhava lentokenttä,15.5,-1.0,-1.0
2023-08-23,Ähtäri Inha,14.9,1.5,-1.0
2023-08-23,Halsua Purola,14.7,13.6,-1.0
2023-08-23,Alajärvi Möksy,13.9,7.2,-1.0
2023-08-23,Multia Karhila,14.4,1.2,-1.0
2023-08-23,Viitasaari Haapaniemi,16.3,13.0,-1.0
2023-08-23,Äänekoski Kalaniemi,,23.4,-1.0
2023-08-23,Vesanto kirkonkylä,15.9,-1.0,-1.0
2023-08-23,Pielavesi Venetmäki,,0.1,-1.0
2023-08-23,Siilinjärvi Kuopio lentoasema,14.4,,
2023-08-23,Kuopio Maaninka,14.2,4.8,-1.0
2023-08-23,Lapinlahti Lamminkäyrä,,1.9,-1.0
2023-08-23,Suonenjoki Iisvesi,,7.0,-1.0
2023-08-23,Kuopio Karttula,,7.5,-1.0
2023-08-23,Kuopio Ritoniemi,14.9,,
2023-08-23,Kuopio Savilahti,15.0,0.6,-1.0
2023-08-23,Heinävesi Palokki,,13.8,-1.0
2023-08-23,Outokumpu Viuruniemi,,4.6,-1.0
2023-08-23,Rautavaara Ala-Luosta,,5.1,-1.0
2023-08-23,Rautavaara Ylä-Luosta,12.0,7.4,-1.0
2023-08-23,Liperi Joensuu lentoasema,12.5,,
2023-08-23,Juuka Niemelä,11.7,1.5,-1.0
2023-08-23,Joensuu Pyhäselkä,,1.8,-1.0
2023-08-23,Lieksa Koli,,0.7,-1.0
2023-08-23,Liperi Tuiskavanluoto,14.7,,
2023-08-23,Joensuu Linnunlahti,13.0,3.4,-1.0
2023-08-23,Lieksa Lampela,11.7,1.0,-1.0
2023-08-23,Ilomantsi Pötsönvaara,11.2,-1.0,-1.0
2023-08-23,Ilomantsi Mekrijärvi,12.1,0.1,-1.0
2023-08-23,Pietarsaari Kallan,16.1,,
2023-08-23,Kokkola Tankar,16.6,,
2023-08-23,Kruunupyy Kokkola-Pietarsaari lentoasema,15.6,,
2023-08-23,Kaustinen Tastula,,12.4,-1.0
2023-08-23,Kalajoki Ulkokalla,16.8,,
2023-08-23,Kokkola Santahaka,15.7,13.8,-1.0
2023-08-23,Toholampi Oravala,,14.1,-1.0
2023-08-23,Kalajoki Pitkäsenkylä,,-1.0,-1.0
2023-08-23,Kalajoki Mehtäkylä,,-1.0,-1.0
2023-08-23,Toholampi Laitala,15.6,21.5,-1.0
2023-08-23,Ylivieska lentokenttä,14.3,0.5,-1.0
2023-08-23,Ylivieska Vähäkangas,,0.6,-1.0
2023-08-23,Haapavesi Mustikkamäki,14.4,1.3,-1.0
2023-08-23,Pyhäjärvi Ojakylä,13.6,6.1,-1.0
2023-08-23,Pyhäjärvi Hiidenniemi,,17.5,-1.0
2023-08-23,Kiuruvesi Korpijoki,,0.2,-1.0
2023-08-23,Siikalatva Kestilä,,-1.0,-1.0
2023-08-23,Kajaani lentoasema,13.2,,
2023-08-23,Vieremä Kaarakkala,12.6,0.0,-1.0
2023-08-23,Kajaani Paltaniemi,,-1.0,-1.0
2023-08-23,Nurmes Valtimo,12.2,1.3,-1.0
2023-08-23,Ristijärvi Mustavaara,,0.3,-1.0
2023-08-23,Sotkamo Kuolaniemi,12.1,0.2,-1.0
2023-08-23,Nurmes Mujejärvi,,0.5,-1.0
2023-08-23,Kuhmo Apaja,,-1.0,-1.0
2023-08-23,Kuhmo Kalliojoki,12.0,-1.0,
2023-08-23,Raahe Nahkiainen,16.4,,
2023-08-23,Hailuoto Keskikylä,15.4,-1.0,-1.0
2023-08-23,Kemi I majakka,15.9,,
2023-08-23,Hailuoto Marjaniemi,15.8,,
2023-08-23,Raahe Lapaluoto satama,15.3,,
2023-08-23,Oulu lentoasema,15.0,,
2023-08-23,Siikajoki Ruukki,14.4,2.7,-1.0
2023-08-23,Oulu Vihreäsaari satama,15.5,,
2023-08-23,Oulu Oulunsalo Pellonpää,14.7,-1.0,-1.0
2023-08-23,Vaala Pelso,14.2,-1.0,-1.0
2023-08-23,Pudasjärvi lentokenttä,13.4,-1.0,-1.0
2023-08-23,Utajärvi Särkijärvi,,-1.0,-1.0
2023-08-23,Pudasjärvi Jaurakkajärvi,,-1.0,-1.0
2023-08-23,Suomussalmi Näljänkä,,-1.0,-1.0
2023-08-23,Suomussalmi Pesiö,12.3,-1.0,-1.0
2023-08-23,Puolanka Kotila,,-1.0,-1.0
2023-08-23,Puolanka Paljakka,11.4,-1.0,-1.0
2023-08-23,Kemi Kemi-Tornio lentoasema,14.7,,
2023-08-23,Kemi Ajos,15.8,,
2023-08-23,Tornio Kaakkuri,14.9,-1.0,
2023-08-23,Ranua lentokenttä,12.5,-1.0,-1.0
2023-08-23,Pudasjärvi Sarakylä,,0.0,-1.0
2023-08-23,Posio Raistakka,,-1.0,-1.0
2023-08-23,Taivalkoski Inkee,,0.0,-1.0
2023-08-23,Taivalkoski kirkonkylä,12.3,-1.0,-1.0
2023-08-23,Kuusamo lentoasema,11.2,-1.0,-1.0
2023-08-23,Kuusamo Kiutaköngäs,10.5,-1.0,-1.0
2023-08-23,Kuusamo Rukatunturi,9.5,,
2023-08-23,Kuusamo Teeriranta,,-1.0,-1.0
2023-08-23,Kuusamo Juuma,10.2,,
2023-08-23,Ylitornio Meltosjärvi,13.1,-1.0,-1.0
2023-08-23,Kolari Kattilamaa,,8.0,-1.0
2023-08-23,Pello kirkonkylä,13.5,0.1,-1.0
2023-08-23,Rovaniemi rautatieasema,14.5,,
2023-08-23,Sodankylä Tähtelä,10.9,8.5,-1.0
2023-08-23,Rovaniemi Apukka,13.2,-1.0,-1.0
2023-08-23,Pelkosenniemi kirkonkylä,,5.8,-1.0
2023-08-23,Kemijärvi lentokenttä,12.1,0.6,-1.0
2023-08-23,Savukoski kirkonkylä,10.8,4.2,-1.0
2023-08-23,Salla Kelloselkä,,-1.0,-1.0
2023-08-23,Pelkosenniemi Pyhätunturi,10.2,,
2023-08-23,Salla kirkonkylä,11.6,1.8,-1.0
2023-08-23,Salla Naruska,10.8,0.3,-1.0
2023-08-23,Enontekiö Kaaresuvanto,,1.0,-1.0
2023-08-23,Enontekiö lentoasema,11.8,,
2023-08-23,Kittilä Pulju,,10.8,-1.0
2023-08-23,Muonio Laukukero,9.7,,
2023-08-23,Muonio Sammaltunturi,11.3,,
2023-08-23,Kittilä Matorova,12.2,,
2023-08-23,Kittilä lentoasema,12.5,,
2023-08-23,Kittilä Kenttärova,11.9,43.2,-1.0
2023-08-23,Kittilä Pakatti,12.5,10.9,-1.0
2023-08-23,Kittilä Pokka,10.7,23.1,-1.0
2023-08-23,Sodankylä Lokka,9.4,6.1,-1.0
2023-08-23,Sodankylä Vuotso,9.7,12.8,-1.0
2023-08-23,Inari Saariselkä matkailukeskus,9.1,2.8,-1.0
2023-08-23,Inari Saariselkä Kaunispää,8.6,,
2023-08-23,Inari Raja-Jooseppi,9.6,,
2023-08-23,Salla Värriötunturi,10.2,0.5,-1.0
2023-08-23,Enontekiö Kilpisjärvi kyläkeskus,11.1,3.1,-1.0
2023-08-23,Enontekiö Kilpisjärvi Saana,7.6,,
2023-08-23,Enontekiö Näkkälä,11.3,3.0,-1.0
2023-08-23,Inari Angeli Lintupuoliselkä,9.2,14.8,-1.0
2023-08-23,Inari Ivalo lentoasema,10.1,,
2023-08-23,Utsjoki Kevo,9.8,-1.0,-1.0
2023-08-23,Utsjoki Nuorgam,9.9,-1.0,-1.0
2023-08-23,Inari Väylä,11.0,,
2023-08-23,Inari kirkonkylä,,0.3,-1.0
2023-08-23,Inari Kaamanen,10.6,1.8,-1.0
2023-08-23,Inari Nellim,10.5,0.6,-1.0
2023-08-23,Inari Kirakkajärvi,10.4,-1.0,-1.0
2023-08-23,Mäntsälä Hirvihaara,14.7,1.0,-1.0
2023-08-23,Lahti Sopenkorpi,15.9,0.4,-1.0
2023-08-23,Siuntio Sjundby,,14.2,-1.0
2023-08-23,Sipoo Itätoukki,17.1,,
2023-08-23,Rauma Pyynpää,16.1,-1.0,-1.0
2023-08-23,Muonio Oustajärvi,12.3,16.1,-1.0
2023-08-23,Pyhtää lentokenttä,16.3,3.9,-1.0
2023-08-23,Sotkamo Tuhkakylä,11.6,0.2,-1.0
2023-08-23,Tervola Loue,13.6,,
2023-08-23,Savukoski Tulppio,10.9,0.9,-1.0
2023-08-23,Mikkeli Pitkäaho,,29.0,-1.0
2023-08-23,Kajaani Petäisenniska,12.8,-1.0,-1.0
2023-08-23,Utsjoki Kevo Kevojärvi,9.7,,
2023-08-23,Inari Seitalaassa,11.2,,
2023-08-23,Ilmajoki Seinäjoki lentoasema,15.0,,
2023-08-23,Rovaniemi lentoasema AWOS,13.0,-1.0,-1.0
2023-08-23,Jyväskylä lentoasema AWOS,15.2,4.4,-1.0
2023-08-23,Puumala kirkonkylä,16.3,3.2,-1.0
2023-08-23,Helsinki Vuosaari satama,16.7,,
2023-08-23,Maarianhamina Länsisatama,16.7,,
2023-08-23,Lumparland Långnäs satama,17.4,-1.0,-1.0
2023-08-23,Kittilä Lompolonvuoma,12.0,23.8,
2023-08-23,Kuusamo Ruka Talvijärvi,11.2,,
2023-08-23,Espoo Nuuksio,15.9,0.7,-1.0
2023-08-23,Mikkeli Lentoasema AWOS,15.0,5.5,-1.0
2023-08-23,Espoo Tapiola,16.6,0.1,-1.0
2023-08-24,Porvoo Kilpilahti satama,16.4,,
2023-08-24,Jomala Maarianhamina lentoasema,15.1,,
2023-08-24,Parainen Utö,17.7,0.2,-1.0
2023-08-24,Lemland Nyhamn,17.1,,
2023-08-24,Jomala Jomalaby,15.5,9.4,-1.0
2023-08-24,Hammarland Märket,16.7,,
2023-08-24,Kökar Bogskär,16.7,,
2023-08-24,Parainen Fagerholm,17.5,-1.0,
2023-08-24,Kumlinge kirkonkylä,17.2,,
2023-08-24,Hanko Russarö,17.5,1.1,
2023-08-24,Kaarina Yltöinen,14.9,11.0,-1.0
2023-08-24,Kemiönsaari Vänö,17.7,,
2023-08-24,Hanko Tulliniemi,17.8,,
2023-08-24,Turku Rajakari,17.3,,
2023-08-24,Turku Artukainen,16.2,2.6,-1.0
2023-08-24,Kemiönsaari Kemiö,15.3,4.8,-1.0
2023-08-24,Hanko Tvärminne,16.9,14.0,-1.0
2023-08-24,Salo Kärkkä,15.7,10.2,
2023-08-24,Lohja Leppäkorpi,,5.7,-1.0
2023-08-24,Raasepori Jussarö,17.5,,
2023-08-24,Salo Kiikala lentokenttä,14.1,10.2,-1.0
2023-08-24,Vantaa Helsinki-Vantaan lentoasema,15.6,19.5,-1.0
2023-08-24,Inkoo Bågaskär,17.4,,
2023-08-24,Helsinki Kaisaniemi,16.7,0.7,-1.0
2023-08-24,Lohja Porla,15.4,17.3,-1.0
2023-08-24,Vihti Maasoja,15.0,,
2023-08-24,Helsinki Harmaja,17.2,,
2023-08-24,Kirkkonummi Mäkiluoto,17.9,,
2023-08-24,Helsinki Helsingin majakka,17.5,,
2023-08-24,Helsinki Kumpula,16.7,0.1,-1.0
2023-08-24,Helsinki Malmi lentokenttä,16.0,,
2023-08-24,Porvoo Kalbådagrund,17.2,,
2023-08-24,Porvoo Emäsalo,17.5,,
2023-08-24,Porvoo Harabacka,15.5,1.5,-1.0
2023-08-24,Kotka Rankki,17.0,-1.0,-1.0
2023-08-24,Loviisa Orrengrund,17.9,,
2023-08-24,Kotka Haapasaari,17.3,,
2023-08-24,Pori lentoasema,14.5,,
2023-08-24,Uusikaupunki Itätulli,,0.6,-1.0
2023-08-24,Kustavi Isokari,17.6,-1.0,
2023-08-24,Rauma Kylmäpihlaja,17.5,,
2023-08-24,Pori rautatieasema,15.1,-1.0,-1.0
2023-08-24,Turku lentoasema,15.1,,
2023-08-24,Kokemäki Rausenkulma,,12.8,-1.0
2023-08-24,Huittinen Sallila,,8.6,-1.0
2023-08-24,Oripää Teinikivi,,14.1,-1.0
2023-08-24,Pöytyä Yläne,,4.8,-1.0
2023-08-24,Kokemäki Tulkkila,14.5,3.9,-1.0
2023-08-24,Jokioinen Ilmala,14.1,6.3,-1.0
2023-08-24,Nokia Tottijärvi,,0.1,-1.0
2023-08-24,Pirkkala Tampere-Pirkkala lentoasema,14.1,,
2023-08-24,Tampere Härmälä,14.6,0.5,-1.0
2023-08-24,Somero Salkola,13.9,1.2,-1.0
2023-08-24,Hyvinkää Hyvinkäänkylä,14.4,0.8,-1.0
2023-08-24,Vihti Hiiskula,,0.5,-1.0
2023-08-24,Hämeenlinna Pirttikoski,,-1.0,-1.0
2023-08-24,Nurmijärvi Röykkä,15.2,-1.0,-1.0
2023-08-24,Hämeenlinna Katinen,13.9,0.1,
2023-08-24,Hattula Lepaa,13.8,-1.0,-1.0
2023-08-24,Hämeenlinna Lammi Pappila,13.9,2.0,-1.0
2023-08-24,Asikkala Pulkkilanharju,15.2,,
2023-08-24,Kouvola Utti lentoasema,15.5,4.8,-1.0
2023-08-24,Kouvola Anjala,15.5,0.1,-1.0
2023-08-24,Heinola Asemantaus,15.8,-1.0,-1.0
2023-08-24,Kouvola Voikoski,,-1.0,-1.0
2023-08-24,Virolahti Koivuniemi,15.6,-1.0,-1.0
2023-08-24,Lappeenranta lentoasema,14.9,,
2023-08-24,Lappeenranta Konnunsuo,14.2,,
2023-08-24,Lappeenranta Lepola,14.6,12.8,-1.0
2023-08-24,Ruokolahti Kotaniemi,,15.9,-1.0
2023-08-24,Lappeenranta Hiekkapakka,16.0,,
2023-08-24,Parikkala Koitsanlahti,13.3,21.2,-1.0
2023-08-24,Kaskinen Sälgrund,17.3,-1.0,
2023-08-24,Merikarvia Tuorila,,-1.0,-1.0
2023-08-24,Isojoki Kärjenkoski,,6.9,-1.0
2023-08-24,Teuva Kauppilankylä,,2.6,-1.0
2023-08-24,Pori Tahkoluoto satama,16.7,,
2023-08-24,Kristiinankaupunki Majakka,16.9,,
2023-08-24,Karvia Alkkia,14.5,1.5,-1.0
2023-08-24,Kurikka Hirvijärvi,,18.0,-1.0
2023-08-24,Kauhajoki Kuja-Kokko,15.3,7.3,-1.0
2023-08-24,Kankaanpää Niinisalo lentokenttä,15.0,0.6,-1.0
2023-08-24,Alavus Sulkavankylä,,3.9,-1.0
2023-08-24,Virrat Äijänneva,13.9,,
2023-08-24,Tampere Siilinkari,15.6,,
2023-08-24,Jämsä Halli lentoasema,14.8,5.4,-1.0
2023-08-24,Juupajoki Hyytiälä,14.4,9.6,-1.0
2023-08-24,Sysmä Joutsjärvi,,-1.0,-1.0
2023-08-24,Jyväskylä Muuratjärvi,,2.3,-1.0
2023-08-24,Luhanka Judinsalo,16.0,,
2023-08-24,Multia Pirttiperä,,15.0,-1.0
2023-08-24,Joutsa Savenaho,15.2,2.1,-1.0
2023-08-24,Kangasniemi kirkonkylä,,12.6,-1.0
2023-08-24,Joutsa Pärnämäki,,5.1,-1.0
2023-08-24,Juva Partala,14.3,,
2023-08-24,Varkaus Kosulanniemi,13.8,3.0,-1.0
2023-08-24,Savonlinna Laukansaari,,24.2,-1.0
2023-08-24,Sulkava Halttula,,4.8,-1.0
2023-08-24,Savonlinna lentoasema,13.4,,
2023-08-24,Rantasalmi Rukkasluoto,14.5,,
2023-08-24,Savonlinna Punkaharju Laukansaari,13.3,11.1,-1.0
2023-08-24,Enonkoski Simanala,,12.8,-1.0
2023-08-24,Savonlinna Savonranta,,14.6,-1.0
2023-08-24,Rääkkylä kirkonkylä,,4.6,-1.0
2023-08-24,Tohmajärvi Kemie,11.9,10.8,-1.0
2023-08-24,Joensuu Huhtilampi,,0.6,-1.0
2023-08-24,Vaasa lentoasema,16.2,,
2023-08-24,Mustasaari Valassaaret,16.7,,
2023-08-24,Närpiö Ylimarkku,,6.8,-1.0
2023-08-24,Mustasaari Riimala,,12.5,-1.0
2023-08-24,Kurikka Pyörni,,24.8,-1.0
2023-08-24,Korsnäs Bredskäret,17.0,,
2023-08-24,Maalahti Strömmingsbådan,17.3,,
2023-08-24,Vaasa Klemettilä,16.2,7.4,-1.0
2023-08-24,Seinäjoki Pelmaa,16.0,0.1,-1.0
2023-08-24,Kauhava lentokenttä,15.5,-1.0,-1.0
2023-08-24,Ähtäri Inha,14.5,11.7,-1.0
2023-08-24,Halsua Purola,13.6,0.3,-1.0
2023-08-24,Alajärvi Möksy,14.0,0.6,-1.0
2023-08-24,Multia Karhila,14.3,4.2,-1.0
2023-08-24,Viitasaari Haapaniemi,14.1,-1.0,-1.0
2023-08-24,Äänekoski Kalaniemi,,2.7,-1.0
2023-08-24,Vesanto kirkonkylä,14.0,-1.0,-1.0
2023-08-24,Pielavesi Venetmäki,,0.1,-1.0
2023-08-24,Siilinjärvi Kuopio lentoasema,13.3,,
2023-08-24,Kuopio Maaninka,13.4,-1.0,-1.0
2023-08-24,Lapinlahti Lamminkäyrä,,0.0,-1.0
2023-08-24,Suonenjoki Iisvesi,,0.1,-1.0
2023-08-24,Kuopio Karttula,,-1.0,-1.0
2023-08-24,Kuopio Ritoniemi,13.3,,
2023-08-24,Kuopio Savilahti,13.6,0.7,-1.0
2023-08-24,Heinävesi Palokki,,4.9,-1.0
2023-08-24,Outokumpu Viuruniemi,,3.7,-1.0
2023-08-24,Rautavaara Ala-Luosta,,-1.0,-1.0
2023-08-24,Rautavaara Ylä-Luosta,12.8,-1.0,-1.0
2023-08-24,Liperi Joensuu lentoasema,12.3,,
2023-08-24,Juuka Niemelä,13.0,-1.0,-1.0
2023-08-24,Joensuu Pyhäselkä,,2.8,-1.0
2023-08-24,Lieksa Koli,,-1.0,-1.0
2023-08-24,Liperi Tuiskavanluoto,13.9,,
2023-08-24,Joensuu Linnunlahti,12.6,4.2,-1.0
2023-08-24,Lieksa Lampela,11.6,-1.0,-1.0
2023-08-24,Ilomantsi Pötsönvaara,11.3,-1.0,-1.0
2023-08-24,Ilomantsi Mekrijärvi,11.7,-1.0,-1.0
2023-08-24,Pietarsaari Kallan,15.8,,
2023-08-24,Kokkola Tankar,15.9,,
2023-08-24,Kruunupyy Kokkola-Pietarsaari lentoasema,15.3,,
2023-08-24,Kaustinen Tastula,,-1.0,-1.0
2023-08-24,Kalajoki Ulkokalla,15.9,,
2023-08-24,Kokkola Santahaka,15.3,0.5,-1.0
2023-08-24,Toholampi Oravala,,-1.0,-1.0
2023-08-24,Kalajoki Pitkäsenkylä,,-1.0,-1.0
2023-08-24,Kalajoki Mehtäkylä,,-1.0,-1.0
2023-08-24,Toholampi Laitala,13.8,-1.0,-1.0
2023-08-24,Ylivieska lentokenttä,13.2,-1.0,-1.0
2023-08-24,Ylivieska Vähäkangas,,0.1,-1.0
2023-08-24,Haapavesi Mustikkamäki,13.6,-1.0,-1.0
2023-08-24,Pyhäjärvi Ojakylä,13.2,-1.0,-1.0
2023-08-24,Pyhäjärvi Hiidenniemi,,-1.0,-1.0
2023-08-24,Kiuruvesi Korpijoki,,0.0,-1.0
2023-08-24,Siikalatva Kestilä,,-1.0,-1.0
2023-08-24,Kajaani lentoasema,13.0,,
2023-08-24,Vieremä Kaarakkala,12.1,0.1,-1.0
2023-08-24,Kajaani Paltaniemi,,-1.0,-1.0
2023-08-24,Nurmes Valtimo,12.4,-1.0,-1.0
2023-08-24,Ristijärvi Mustavaara,,0.1,-1.0
2023-08-24,Sotkamo Kuolaniemi,12.5,-1.0,-1.0
2023-08-24,Nurmes Mujejärvi,,-1.0,-1.0
2023-08-24,Kuhmo Apaja,,-1.0,-1.0
2023-08-24,Kuhmo Kalliojoki,11.4,-1.0,-1.0
2023-08-24,Raahe Nahkiainen,15.6,,
2023-08-24,Hailuoto Keskikylä,14.8,-1.0,-1.0
2023-08-24,Kemi I majakka,15.5,,
2023-08-24,Hailuoto Marjaniemi,15.0,,
2023-08-24,Raahe Lapaluoto satama,15.1,,
2023-08-24,Oulu lentoasema,15.1,,
2023-08-24,Siikajoki Ruukki,14.1,-1.0,-1.0
2023-08-24,Oulu Vihreäsaari satama,15.7,,
2023-08-24,Oulu Oulunsalo Pellonpää,14.4,-1.0,-1.0
2023-08-24,Vaala Pelso,12.7,-1.0,-1.0
2023-08-24,Pudasjärvi lentokenttä,12.9,-1.0,-1.0
2023-08-24,Utajärvi Särkijärvi,,0.2,-1.0
2023-08-24,Pudasjärvi Jaurakkajärvi,,-1.0,-1.0
2023-08-24,Suomussalmi Näljänkä,,-1.0,-1.0
2023-08-24,Suomussalmi Pesiö,11.5,0.1,-1.0
2023-08-24,Puolanka Kotila,,-1.0,-1.0
2023-08-24,Puolanka Paljakka,11.2,-1.0,-1.0
2023-08-24,Kemi Kemi-Tornio lentoasema,14.2,,
2023-08-24,Kemi Ajos,15.0,,
2023-08-24,Tornio Kaakkuri,14.8,0.2,
2023-08-24,Ranua lentokenttä,12.6,-1.0,-1.0
2023-08-24,Pudasjärvi Sarakylä,,0.0,-1.0
2023-08-24,Posio Raistakka,,-1.0,-1.0
2023-08-24,Taivalkoski Inkee,,0.0,-1.0
2023-08-24,Taivalkoski kirkonkylä,10.6,-1.0,-1.0
2023-08-24,Kuusamo lentoasema,11.4,-1.0,-1.0
2023-08-24,Kuusamo Kiutaköngäs,12.5,0.1,-1.0
2023-08-24,Kuusamo Rukatunturi,11.4,,
2023-08-24,Kuusamo Teeriranta,,-1.0,-1.0
2023-08-24,Kuusamo Juuma,11.3,,
2023-08-24,Ylitornio Meltosjärvi,14.1,0.8,
2023-08-24,Kolari Kattilamaa,,6.9,-1.0
2023-08-24,Pello kirkonkylä,13.7,5.4,-1.0
2023-08-24,Rovaniemi rautatieasema,14.4,,
2023-08-24,Sodankylä Tähtelä,12.6,0.1,-1.0
2023-08-24,Rovaniemi Apukka,12.7,-1.0,-1.0
2023-08-24,Pelkosenniemi kirkonkylä,,-1.0,-1.0
2023-08-24,Kemijärvi lentokenttä,12.6,-1.0,-1.0
2023-08-24,Savukoski kirkonkylä,12.2,2.8,-1.0
2023-08-24,Salla Kelloselkä,,1.4,-1.0
2023-08-24,Pelkosenniemi Pyhätunturi,10.7,,
2023-08-24,Salla kirkonkylä,12.3,-1.0,-1.0
2023-08-24,Salla Naruska,11.8,1.7,-1.0
2023-08-24,Enontekiö Kaaresuvanto,,5.5,-1.0
2023-08-24,Enontekiö lentoasema,11.7,,
2023-08-24,Kittilä Pulju,,0.2,-1.0
2023-08-24,Muonio Laukukero,8.1,,
2023-08-24,Muonio Sammaltunturi,9.3,,
2023-08-24,Kittilä Matorova,10.9,,
2023-08-24,Kittilä lentoasema,11.5,,
2023-08-24,Kittilä Kenttärova,10.7,5.1,-1.0
2023-08-24,Kittilä Pakatti,11.5,14.0,-1.0
2023-08-24,Kittilä Pokka,11.3,1.0,-1.0
2023-08-24,Sodankylä Lokka,11.6,0.2,-1.0
2023-08-24,Sodankylä Vuotso,11.4,1.3,-1.0
2023-08-24,Inari Saariselkä matkailukeskus,11.1,0.1,-1.0
2023-08-24,Inari Saariselkä Kaunispää,10.5,,
2023-08-24,Inari Raja-Jooseppi,11.6,,
2023-08-24,Salla Värriötunturi,10.4,2.8,-1.0
2023-08-24,Enontekiö Kilpisjärvi kyläkeskus,10.7,0.6,-1.0
2023-08-24,Enontekiö Kilpisjärvi Saana,7.5,,
2023-08-24,Enontekiö Näkkälä,10.8,19.1,-1.0
2023-08-24,Inari Angeli Lintupuoliselkä,10.9,0.8,-1.0
2023-08-24,Inari Ivalo lentoasema,12.3,,
2023-08-24,Utsjoki Kevo,10.7,2.8,-1.0
2023-08-24,Utsjoki Nuorgam,11.3,0.9,-1.0
2023-08-24,Inari Väylä,12.6,,
2023-08-24,Inari kirkonkylä,,1.4,-1.0
2023-08-24,Inari Kaamanen,12.7,-1.0,-1.0
2023-08-24,Inari Nellim,12.4,6.5,-1.0
2023-08-24,Inari Kirakkajärvi,12.8,0.3,-1.0
2023-08-24,Mäntsälä Hirvihaara,13.6,15.0,-1.0
2023-08-24,Lahti Sopenkorpi,14.9,-1.0,-1.0
2023-08-24,Siuntio Sjundby,,1.9,-1.0
2023-08-24,Sipoo Itätoukki,17.6,,
2023-08-24,Rauma Pyynpää,15.5,-1.0,-1.0
2023-08-24,Muonio Oustajärvi,11.4,5.6,-1.0
2023-08-24,Pyhtää lentokenttä,14.8,0.8,-1.0
2023-08-24,Sotkamo Tuhkakylä,12.2,-1.0,-1.0
2023-08-24,Tervola Loue,13.4,,
2023-08-24,Savukoski Tulppio,11.4,0.2,-1.0
2023-08-24,Mikkeli Pitkäaho,,3.8,-1.0
2023-08-24,Kajaani Petäisenniska,13.0,-1.0,-1.0
2023-08-24,Utsjoki Kevo Kevojärvi,10.8,,
2023-08-24,Inari Seitalaassa,13.4,,
2023-08-24,Ilmajoki Seinäjoki lentoasema,15.1,,
2023-08-24,Rovaniemi lentoasema AWOS,12.7,-1.0,-1.0
2023-08-24,Jyväskylä lentoasema AWOS,14.9,4.5,-1.0
2023-08-24,Puumala kirkonkylä,15.1,8.6,-1.0
2023-08-24,Helsinki Vuosaari satama,17.0,,
2023-08-24,Maarianhamina Länsisatama,16.7,,
2023-08-24,Lumparland Långnäs satama,17.0,-1.0,-1.0
2023-08-24,Kittilä Lompolonvuoma,11.4,3.3,
2023-08-24,Kuusamo Ruka Talvijärvi,12.5,,
2023-08-24,Espoo Nuuksio,15.3,2.7,-1.0
2023-08-24,Mikkeli Lentoasema AWOS,15.4,-1.0,-1.0
2023-08-24,Espoo Tapiola,16.2,1.1,-1.0
2023-08-25,Porvoo Kilpilahti satama,16.9,,
2023-08-25,Jomala Maarianhamina lentoasema,15.1,,
2023-08-25,Parainen Utö,17.1,1.9,-1.0
2023-08-25,Lemland Nyhamn,16.7,,
2023-08-25,Jomala Jomalaby,14.9,0.5,-1.0
2023-08-25,Hammarland Märket,16.9,,
2023-08-25,Kökar Bogskär,16.8,,
2023-08-25,Parainen Fagerholm,16.7,0.1,
2023-08-25,Kumlinge kirkonkylä,16.6,,
2023-08-25,Hanko Russarö,17.6,-1.0,
2023-08-25,Kaarina Yltöinen,14.3,-1.0,-1.0
2023-08-25,Kemiönsaari Vänö,16.9,,
2023-08-25,Hanko Tulliniemi,17.5,,
2023-08-25,Turku Rajakari,15.7,,
2023-08-25,Turku Artukainen,15.2,0.1,-1.0
2023-08-25,Kemiönsaari Kemiö,15.0,-1.0,-1.0
2023-08-25,Hanko Tvärminne,16.3,-1.0,-1.0
2023-08-25,Salo Kärkkä,15.7,-1.0,
2023-08-25,Lohja Leppäkorpi,,0.2,-1.0
2023-08-25,Raasepori Jussarö,17.2,,
2023-08-25,Salo Kiikala lentokenttä,14.8,-1.0,-1.0
2023-08-25,Vantaa Helsinki-Vantaan lentoasema,15.3,0.0,-1.0
2023-08-25,Inkoo Bågaskär,17.2,,
2023-08-25,Helsinki Kaisaniemi,17.0,-1.0,-1.0
2023-08-25,Lohja Porla,15.2,-1.0,-1.0
2023-08-25,Vihti Maasoja,14.7,,
2023-08-25,Helsinki Harmaja,17.9,,
2023-08-25,Kirkkonummi Mäkiluoto,17.7,,
2023-08-25,Helsinki Helsingin majakka,17.7,,
2023-08-25,Helsinki Kumpula,17.0,-1.0,-1.0
2023-08-25,Helsinki Malmi lentokenttä,15.6,,
2023-08-25,Porvoo Kalbådagrund,17.7,,
2023-08-25,Porvoo Emäsalo,17.7,,
2023-08-25,Porvoo Harabacka,16.0,0.7,-1.0
2023-08-25,Kotka Rankki,17.8,-1.0,-1.0
2023-08-25,Loviisa Orrengrund,18.2,,
2023-08-25,Kotka Haapasaari,18.5,,
2023-08-25,Pori lentoasema,14.8,,
2023-08-25,Uusikaupunki Itätulli,,-1.0,-1.0
2023-08-25,Kustavi Isokari,17.4,-1.0,
2023-08-25,Rauma Kylmäpihlaja,17.3,,
2023-08-25,Pori rautatieasema,15.2,0.4,-1.0
2023-08-25,Turku lentoasema,14.2,,
2023-08-25,Kokemäki Rausenkulma,,0.1,-1.0
2023-08-25,Huittinen Sallila,,-1.0,-1.0
2023-08-25,Oripää Teinikivi,,-1.0,-1.0
2023-08-25,Pöytyä Yläne,,-1.0,-1.0
2023-08-25,Kokemäki Tulkkila,14.9,-1.0,-1.0
2023-08-25,Jokioinen Ilmala,15.0,-1.0,-1.0
2023-08-25,Nokia Tottijärvi,,-1.0,-1.0
2023-08-25,Pirkkala Tampere-Pirkkala lentoasema,14.3,,
2023-08-25,Tampere Härmälä,14.4,-1.0,-1.0
2023-08-25,Somero Salkola,14.3,-1.0,-1.0
2023-08-25,Hyvinkää Hyvinkäänkylä,14.3,-1.0,-1.0
2023-08-25,Vihti Hiiskula,,1.4,-1.0
2023-08-25,Hämeenlinna Pirttikoski,,-1.0,-1.0
2023-08-25,Nurmijärvi Röykkä,15.1,-1.0,-1.0
2023-08-25,Hämeenlinna Katinen,15.4,-1.0,
2023-08-25,Hattula Lepaa,15.1,-1.0,-1.0
2023-08-25,Hämeenlinna Lammi Pappila,14.3,-1.0,-1.0
2023-08-25,Asikkala Pulkkilanharju,15.4,,
2023-08-25,Kouvola Utti lentoasema,15.4,0.6,-1.0
2023-08-25,Kouvola Anjala,16.1,0.1,-1.0
2023-08-25,Heinola Asemantaus,15.0,1.1,-1.0
2023-08-25,Kouvola Voikoski,,0.1,-1.0
2023-08-25,Virolahti Koivuniemi,14.8,-1.0,-1.0
2023-08-25,Lappeenranta lentoasema,15.0,,
2023-08-25,Lappeenranta Konnunsuo,14.4,,
2023-08-25,Lappeenranta Lepola,15.0,0.4,-1.0
2023-08-25,Ruokolahti Kotaniemi,,1.1,-1.0
2023-08-25,Lappeenranta Hiekkapakka,16.5,,
2023-08-25,Parikkala Koitsanlahti,14.8,-1.0,-1.0
2023-08-25,Kaskinen Sälgrund,15.3,1.3,
2023-08-25,Merikarvia Tuorila,,0.4,-1.0
2023-08-25,Isojoki Kärjenkoski,,-1.0,-1.0
2023-08-25,Teuva Kauppilankylä,,0.0,-1.0
2023-08-25,Pori Tahkoluoto satama,17.6,,
2023-08-25,Kristiinankaupunki Majakka,15.7,,
2023-08-25,Karvia Alkkia,13.6,-1.0,-1.0
2023-08-25,Kurikka Hirvijärvi,,0.4,-1.0
2023-08-25,Kauhajoki Kuja-Kokko,15.5,-1.0,-1.0
2023-08-25,Kankaanpää Niinisalo lentokenttä,14.4,1.3,-1.0
2023-08-25,Alavus Sulkavankylä,,0.1,-1.0
2023-08-25,Virrat Äijänneva,14.6,,
2023-08-25,Tampere Siilinkari,15.4,,
2023-08-25,Jämsä Halli lentoasema,15.1,6.8,-1.0
2023-08-25,Juupajoki Hyytiälä,13.4,0.2,-1.0
2023-08-25,Sysmä Joutsjärvi,,-1.0,-1.0
2023-08-25,Jyväskylä Muuratjärvi,,9.2,-1.0
2023-08-25,Luhanka Judinsalo,16.3,,
2023-08-25,Multia Pirttiperä,,8.8,-1.0
2023-08-25,Joutsa Savenaho,14.7,2.1,-1.0
2023-08-25,Kangasniemi kirkonkylä,,5.5,-1.0
2023-08-25,Joutsa Pärnämäki,,0.7,-1.0
2023-08-25,Juva Partala,15.4,,
2023-08-25,Varkaus Kosulanniemi,14.2,-1.0,-1.0
2023-08-25,Savonlinna Laukansaari,,-1.0,-1.0
2023-08-25,Sulkava Halttula,,0.2,-1.0
2023-08-25,Savonlinna lentoasema,14.8,,
2023-08-25,Rantasalmi Rukkasluoto,15.2,,
2023-08-25,Savonlinna Punkaharju Laukansaari,14.9,0.2,-1.0
2023-08-25,Enonkoski Simanala,,-1.0,-1.0
2023-08-25,Savonlinna Savonranta,,-1.0,-1.0
2023-08-25,Rääkkylä kirkonkylä,,4.8,-1.0
2023-08-25,Tohmajärvi Kemie,11.7,3.3,-1.0
2023-08-25,Joensuu Huhtilampi,,0.9,-1.0
2023-08-25,Vaasa lentoasema,15.1,,
2023-08-25,Mustasaari Valassaaret,15.7,,
2023-08-25,Närpiö Ylimarkku,,6.0,-1.0
2023-08-25,Mustasaari Riimala,,12.5,-1.0
2023-08-25,Kurikka Pyörni,,0.2,-1.0
2023-08-25,Korsnäs Bredskäret,16.0,,
2023-08-25,Maalahti Strömmingsbådan,16.3,,
2023-08-25,Vaasa Klemettilä,15.3,0.7,-1.0
2023-08-25,Seinäjoki Pelmaa,15.2,0.8,-1.0
2023-08-25,Kauhava lentokenttä,15.1,-1.0,-1.0
2023-08-25,Ähtäri Inha,15.0,1.2,-1.0
2023-08-25,Halsua Purola,13.4,0.0,-1.0
2023-08-25,Alajärvi Möksy,14.0,-1.0,-1.0
2023-08-25,Multia Karhila,14.4,4.6,-1.0
2023-08-25,Viitasaari Haapaniemi,14.0,-1.0,-1.0
2023-08-25,Äänekoski Kalaniemi,,0.3,-1.0
2023-08-25,Vesanto kirkonkylä,13.9,-1.0,-1.0
2023-08-25,Pielavesi Venetmäki,,-1.0,-1.0
2023-08-25,Siilinjärvi Kuopio lentoasema,13.8,,
2023-08-25,Kuopio Maaninka,13.9,-1.0,-1.0
2023-08-25,Lapinlahti Lamminkäyrä,,-1.0,-1.0
2023-08-25,Suonenjoki Iisvesi,,-1.0,-1.0
2023-08-25,Kuopio Karttula,,-1.0,-1.0
2023-08-25,Kuopio Ritoniemi,13.6,,
2023-08-25,Kuopio Savilahti,14.0,-1.0,-1.0
2023-08-25,Heinävesi Palokki,,-1.0,-1.0
2023-08-25,Outokumpu Viuruniemi,,0.2,-1.0
2023-08-25,Rautavaara Ala-Luosta,,-1.0,-1.0
2023-08-25,Rautavaara Ylä-Luosta,12.6,-1.0,-1.0
2023-08-25,Liperi Joensuu lentoasema,12.3,,
2023-08-25,Juuka Niemelä,11.6,-1.0,-1.0
2023-08-25,Joensuu Pyhäselkä,,0.6,-1.0
2023-08-25,Lieksa Koli,,-1.0,-1.0
2023-08-25,Liperi Tuiskavanluoto,13.9,,
2023-08-25,Joensuu Linnunlahti,12.3,0.5,-1.0
2023-08-25,Lieksa Lampela,11.9,-1.0,-1.0
2023-08-25,Ilomantsi Pötsönvaara,11.8,-1.0,-1.0
2023-08-25,Ilomantsi Mekrijärvi,12.4,-1.0,-1.0
2023-08-25,Pietarsaari Kallan,14.8,,
2023-08-25,Kokkola Tankar,15.0,,
2023-08-25,Kruunupyy Kokkola-Pietarsaari lentoasema,13.4,,
2023-08-25,Kaustinen Tastula,,0.5,-1.0
2023-08-25,Kalajoki Ulkokalla,16.2,,
2023-08-25,Kokkola Santahaka,13.4,0.8,-1.0
2023-08-25,Toholampi Oravala,,-1.0,-1.0
2023-08-25,Kalajoki Pitkäsenkylä,,-1.0,-1.0
2023-08-25,Kalajoki Mehtäkylä,,-1.0,-1.0
2023-08-25,Toholampi Laitala,13.3,-1.0,-1.0
2023-08-25,Ylivieska lentokenttä,12.0,-1.0,-1.0
2023-08-25,Ylivieska Vähäkangas,,-1.0,-1.0
2023-08-25,Haapavesi Mustikkamäki,12.9,-1.0,-1.0
2023-08-25,Pyhäjärvi Ojakylä,13.3,-1.0,-1.0
2023-08-25,Pyhäjärvi Hiidenniemi,,-1.0,-1.0
2023-08-25,Kiuruvesi Korpijoki,,-1.0,-1.0
2023-08-25,Siikalatva Kestilä,,-1.0,-1.0
2023-08-25,Kajaani lentoasema,12.0,,
2023-08-25,Vieremä Kaarakkala,12.5,-1.0,-1.0
2023-08-25,Kajaani Paltaniemi,,-1.0,-1.0
2023-08-25,Nurmes Valtimo,11.8,-1.0,-1.0
2023-08-25,Ristijärvi Mustavaara,,-1.0,-1.0
2023-08-25,Sotkamo Kuolaniemi,12.1,-1.0,-1.0
2023-08-25,Nurmes Mujejärvi,,-1.0,-1.0
2023-08-25,Kuhmo Apaja,,-1.0,-1.0
2023-08-25,Kuhmo Kalliojoki,11.7,-1.0,-1.0
2023-08-25,Raahe Nahkiainen,16.0,,
2023-08-25,Hailuoto Keskikylä,13.8,-1.0,-1.0
2023-08-25,Kemi I majakka,16.2,,
2023-08-25,Hailuoto Marjaniemi,15.3,,
2023-08-25,Raahe Lapaluoto satama,15.0,,
2023-08-25,Oulu lentoasema,14.9,,
2023-08-25,Siikajoki Ruukki,13.5,-1.0,-1.0
2023-08-25,Oulu Vihreäsaari satama,15.8,,
2023-08-25,Oulu Oulunsalo Pellonpää,13.6,-1.0,-1.0
2023-08-25,Vaala Pelso,13.1,-1.0,-1.0
2023-08-25,Pudasjärvi lentokenttä,13.0,-1.0,-1.0
2023-08-25,Utajärvi Särkijärvi,,-1.0,-1.0
2023-08-25,Pudasjärvi Jaurakkajärvi,,-1.0,-1.0
2023-08-25,Suomussalmi Näljänkä,,0.0,-1.0
2023-08-25,Suomussalmi Pesiö,11.0,-1.0,-1.0
2023-08-25,Puolanka Kotila,,-1.0,-1.0
2023-08-25,Puolanka Paljakka,11.0,-1.0,-1.0
2023-08-25,Kemi Kemi-Tornio lentoasema,13.4,,
2023-08-25,Kemi Ajos,15.0,,
2023-08-25,Tornio Kaakkuri,14.0,0.5,
2023-08-25,Ranua lentokenttä,11.9,-1.0,-1.0
2023-08-25,Pudasjärvi Sarakylä,,0.0,-1.0
2023-08-25,Posio Raistakka,,-1.0,-1.0
2023-08-25,Taivalkoski Inkee,,0.3,-1.0
2023-08-25,Taivalkoski kirkonkylä,9.2,-1.0,-1.0
2023-08-25,Kuusamo lentoasema,11.1,-1.0,-1.0
2023-08-25,Kuusamo Kiutaköngäs,12.2,-1.0,-1.0
2023-08-25,Kuusamo Rukatunturi,11.9,,
2023-08-25,Kuusamo Teeriranta,,-1.0,-1.0
2023-08-25,Kuusamo Juuma,11.3,,
2023-08-25,Ylitornio Meltosjärvi,13.5,-1.0,
2023-08-25,Kolari Kattilamaa,,-1.0,-1.0
2023-08-25,Pello kirkonkylä,14.1,-1.0,-1.0
2023-08-25,Rovaniemi rautatieasema,14.9,,
2023-08-25,Sodankylä Tähtelä,13.2,-1.0,-1.0
2023-08-25,Rovaniemi Apukka,13.3,-1.0,-1.0
2023-08-25,Pelkosenniemi kirkonkylä,,-1.0,-1.0
2023-08-25,Kemijärvi lentokenttä,13.1,-1.0,-1.0
2023-08-25,Savukoski kirkonkylä,12.9,0.2,-1.0
2023-08-25,Salla Kelloselkä,,-1.0,-1.0
2023-08-25,Pelkosenniemi Pyhätunturi,12.8,,
2023-08-25,Salla kirkonkylä,13.1,-1.0,-1.0
2023-08-25,Salla Naruska,12.2,0.3,-1.0
2023-08-25,Enontekiö Kaaresuvanto,,-1.0,-1.0
2023-08-25,Enontekiö lentoasema,11.9,,
2023-08-25,Kittilä Pulju,,0.0,-1.0
2023-08-25,Muonio Laukukero,9.0,,
2023-08-25,Muonio Sammaltunturi,10.4,,
2023-08-25,Kittilä Matorova,11.4,,
2023-08-25,Kittilä lentoasema,12.3,,
2023-08-25,Kittilä Kenttärova,11.3,0.1,-1.0
2023-08-25,Kittilä Pakatti,12.5,-1.0,-1.0
2023-08-25,Kittilä Pokka,11.5,1.1,-1.0
2023-08-25,Sodankylä Lokka,12.2,-1.0,-1.0
2023-08-25,Sodankylä Vuotso,12.3,-1.0,-1.0
2023-08-25,Inari Saariselkä matkailukeskus,11.5,0.8,-1.0
2023-08-25,Inari Saariselkä Kaunispää,11.0,,
2023-08-25,Inari Raja-Jooseppi,11.7,,
2023-08-25,Salla Värriötunturi,11.5,2.2,-1.0
2023-08-25,Enontekiö Kilpisjärvi kyläkeskus,9.3,-1.0,-1.0
2023-08-25,Enontekiö Kilpisjärvi Saana,8.8,,
2023-08-25,Enontekiö Näkkälä,11.3,0.3,-1.0
2023-08-25,Inari Angeli Lintupuoliselkä,11.7,0.3,-1.0
2023-08-25,Inari Ivalo lentoasema,12.6,,
2023-08-25,Utsjoki Kevo,11.1,-1.0,-1.0
2023-08-25,Utsjoki Nuorgam,10.5,-1.0,-1.0
2023-08-25,Inari Väylä,11.7,,
2023-08-25,Inari kirkonkylä,,1.5,-1.0
2023-08-25,Inari Kaamanen,11.4,1.1,-1.0
2023-08-25,Inari Nellim,12.1,0.2,-1.0
2023-08-25,Inari Kirakkajärvi,11.4,-1.0,-1.0
2023-08-25,Mäntsälä Hirvihaara,13.8,10.0,-1.0
2023-08-25,Lahti Sopenkorpi,16.1,-1.0,-1.0
2023-08-25,Siuntio Sjundby,,0.0,-1.0
2023-08-25,Sipoo Itätoukki,18.0,,
2023-08-25,Rauma Pyynpää,15.4,-1.0,-1.0
2023-08-25,Muonio Oustajärvi,12.2,-1.0,-1.0
2023-08-25,Pyhtää lentokenttä,15.3,-1.0,-1.0
2023-08-25,Sotkamo Tuhkakylä,11.1,-1.0,-1.0
2023-08-25,Tervola Loue,12.9,,
2023-08-25,Savukoski Tulppio,10.8,5.0,-1.0
2023-08-25,Mikkeli Pitkäaho,,5.0,-1.0
2023-08-25,Kajaani Petäisenniska,12.5,-1.0,-1.0
2023-08-25,Utsjoki Kevo Kevojärvi,11.2,,
2023-08-25,Inari Seitalaassa,13.1,,
2023-08-25,Ilmajoki Seinäjoki lentoasema,15.3,,
2023-08-25,Rovaniemi lentoasema AWOS,13.7,-1.0,-1.0
2023-08-25,Jyväskylä lentoasema AWOS,14.8,8.1,-1.0
2023-08-25,Puumala kirkonkylä,16.3,-1.0,-1.0
2023-08-25,Helsinki Vuosaari satama,17.1,,
2023-08-25,Maarianhamina Länsisatama,15.9,,
2023-08-25,Lumparland Långnäs satama,16.5,0.4,-1.0
2023-08-25,Kittilä Lompolonvuoma,11.5,-1.0,
2023-08-25,Kuusamo Ruka Talvijärvi,11.8,,
2023-08-25,Espoo Nuuksio,15.5,-1.0,-1.0
2023-08-25,Mikkeli Lentoasema AWOS,15.6,28.4,-1.0
2023-08-25,Espoo Tapiola,15.8,1.5,-1.0
2023-08-26,Porvoo Kilpilahti satama,17.6,,
2023-08-26,Jomala Maarianhamina lentoasema,17.8,,
2023-08-26,Parainen Utö,18.2,0.5,-1.0
2023-08-26,Lemland Nyhamn,17.9,,
2023-08-26,Jomala Jomalaby,17.9,1.5,-1.0
2023-08-26,Hammarland Märket,17.8,,
2023-08-26,Kökar Bogskär,17.8,,
2023-08-26,Parainen Fagerholm,18.4,5.2,
2023-08-26,Kumlinge kirkonkylä,18.1,,
2023-08-26,Hanko Russarö,18.5,46.3,
2023-08-26,Kaarina Yltöinen,18.0,17.9,-1.0
2023-08-26,Kemiönsaari Vänö,18.7,,
2023-08-26,Hanko Tulliniemi,18.2,,
2023-08-26,Turku Rajakari,18.2,,
2023-08-26,Turku Artukainen,18.2,23.1,-1.0
2023-08-26,Kemiönsaari Kemiö,17.2,21.8,-1.0
2023-08-26,Hanko Tvärminne,18.3,65.9,-1.0
2023-08-26,Salo Kärkkä,17.7,12.3,
2023-08-26,Lohja Leppäkorpi,,8.7,-1.0
2023-08-26,Raasepori Jussarö,18.7,,
2023-08-26,Salo Kiikala lentokenttä,16.6,11.3,-1.0
2023-08-26,Vantaa Helsinki-Vantaan lentoasema,16.8,3.9,-1.0
2023-08-26,Inkoo Bågaskär,18.2,,
2023-08-26,Helsinki Kaisaniemi,18.1,1.7,-1.0
2023-08-26,Lohja Porla,17.1,18.6,-1.0
2023-08-26,Vihti Maasoja,16.4,,
2023-08-26,Helsinki Harmaja,18.3,,
2023-08-26,Kirkkonummi Mäkiluoto,18.8,,
2023-08-26,Helsinki Helsingin majakka,18.4,,
2023-08-26,Helsinki Kumpula,18.0,2.0,-1.0
2023-08-26,Helsinki Malmi lentokenttä,17.5,,
2023-08-26,Porvoo Kalbådagrund,18.5,,
2023-08-26,Porvoo Emäsalo,17.7,,
2023-08-26,Porvoo Harabacka,16.8,0.6,-1.0
2023-08-26,Kotka Rankki,18.4,-1.0,-1.0
2023-08-26,Loviisa Orrengrund,18.6,,
2023-08-26,Kotka Haapasaari,18.6,,
2023-08-26,Pori lentoasema,17.0,,
2023-08-26,Uusikaupunki Itätulli,,7.3,-1.0
2023-08-26,Kustavi Isokari,18.4,12.3,
2023-08-26,Rauma Kylmäpihlaja,18.2,,
2023-08-26,Pori rautatieasema,17.4,9.9,-1.0
2023-08-26,Turku lentoasema,16.9,,
2023-08-26,Kokemäki Rausenkulma,,9.1,-1.0
2023-08-26,Huittinen Sallila,,14.5,-1.0
2023-08-26,Oripää Teinikivi,,17.7,-1.0
2023-08-26,Pöytyä Yläne,,19.6,-1.0
2023-08-26,Kokemäki Tulkkila,16.9,11.2,-1.0
2023-08-26,Jokioinen Ilmala,16.1,6.0,-1.0
2023-08-26,Nokia Tottijärvi,,2.5,-1.0
2023-08-26,Pirkkala Tampere-Pirkkala lentoasema,16.0,,
2023-08-26,Tampere Härmälä,16.0,0.9,-1.0
2023-08-26,Somero Salkola,15.4,11.0,-1.0
2023-08-26,Hyvinkää Hyvinkäänkylä,15.7,3.4,-1.0
2023-08-26,Vihti Hiiskula,,13.5,-1.0
2023-08-26,Hämeenlinna Pirttikoski,,-1.0,-1.0
2023-08-26,Nurmijärvi Röykkä,16.5,8.9,-1.0
2023-08-26,Hämeenlinna Katinen,16.1,0.3,
2023-08-26,Hattula Lepaa,15.9,0.2,-1.0
2023-08-26,Hämeenlinna Lammi Pappila,15.8,-1.0,-1.0
2023-08-26,Asikkala Pulkkilanharju,16.7,,
2023-08-26,Kouvola Utti lentoasema,16.5,-1.0,-1.0
2023-08-26,Kouvola Anjala,16.7,-1.0,-1.0
2023-08-26,Heinola Asemantaus,16.4,-1.0,-1.0
2023-08-26,Kouvola Voikoski,,-1.0,-1.0
2023-08-26,Virolahti Koivuniemi,16.6,-1.0,-1.0
2023-08-26,Lappeenranta lentoasema,15.6,,
2023-08-26,Lappeenranta Konnunsuo,14.7,,
2023-08-26,Lappeenranta Lepola,15.7,-1.0,-1.0
2023-08-26,Ruokolahti Kotaniemi,,-1.0,-1.0
2023-08-26,Lappeenranta Hiekkapakka,16.6,,
2023-08-26,Parikkala Koitsanlahti,12.9,-1.0,-1.0
2023-08-26,Kaskinen Sälgrund,17.0,0.4,
2023-08-26,Merikarvia Tuorila,,0.6,-1.0
2023-08-26,Isojoki Kärjenkoski,,0.0,-1.0
2023-08-26,Teuva Kauppilankylä,,-1.0,-1.0
2023-08-26,Pori Tahkoluoto satama,17.6,,
2023-08-26,Kristiinankaupunki Majakka,17.0,,
2023-08-26,Karvia Alkkia,15.0,-1.0,-1.0
2023-08-26,Kurikka Hirvijärvi,,-1.0,-1.0
2023-08-26,Kauhajoki Kuja-Kokko,15.5,-1.0,-1.0
2023-08-26,Kankaanpää Niinisalo lentokenttä,15.9,1.3,-1.0
2023-08-26,Alavus Sulkavankylä,,-1.0,-1.0
2023-08-26,Virrat Äijänneva,14.7,,
2023-08-26,Tampere Siilinkari,16.8,,
2023-08-26,Jämsä Halli lentoasema,15.5,0.3,-1.0
2023-08-26,Juupajoki Hyytiälä,15.0,-1.0,-1.0
2023-08-26,Sysmä Joutsjärvi,,-1.0,-1.0
2023-08-26,Jyväskylä Muuratjärvi,,0.0,-1.0
2023-08-26,Luhanka Judinsalo,16.3,,
2023-08-26,Multia Pirttiperä,,-1.0,-1.0
2023-08-26,Joutsa Savenaho,14.3,-1.0,-1.0
2023-08-26,Kangasniemi kirkonkylä,,-1.0,-1.0
2023-08-26,Joutsa Pärnämäki,,-1.0,-1.0
2023-08-26,Juva Partala,14.3,,
2023-08-26,Varkaus Kosulanniemi,14.8,-1.0,-1.0
2023-08-26,Savonlinna Laukansaari,,-1.0,-1.0
2023-08-26,Sulkava Halttula,,-1.0,-1.0
2023-08-26,Savonlinna lentoasema,13.7,,
2023-08-26,Rantasalmi Rukkasluoto,16.0,,
2023-08-26,Savonlinna Punkaharju Laukansaari,14.2,-1.0,-1.0
2023-08-26,Enonkoski Simanala,,-1.0,-1.0
2023-08-26,Savonlinna Savonranta,,-1.0,-1.0
2023-08-26,Rääkkylä kirkonkylä,,0.0,-1.0
2023-08-26,Tohmajärvi Kemie,12.0,-1.0,-1.0
2023-08-26,Joensuu Huhtilampi,,-1.0,-1.0
2023-08-26,Vaasa lentoasema,15.8,,
2023-08-26,Mustasaari Valassaaret,15.8,,
2023-08-26,Närpiö Ylimarkku,,-1.0,-1.0
2023-08-26,Mustasaari Riimala,,-1.0,-1.0
2023-08-26,Kurikka Pyörni,,-1.0,-1.0
2023-08-26,Korsnäs Bredskäret,16.7,,
2023-08-26,Maalahti Strömmingsbådan,16.8,,
2023-08-26,Vaasa Klemettilä,15.9,-1.0,-1.0
2023-08-26,Seinäjoki Pelmaa,15.4,-1.0,-1.0
2023-08-26,Kauhava lentokenttä,14.9,-1.0,-1.0
2023-08-26,Ähtäri Inha,14.8,-1.0,-1.0
2023-08-26,Halsua Purola,13.1,-1.0,-1.0
2023-08-26,Alajärvi Möksy,13.6,-1.0,-1.0
2023-08-26,Multia Karhila,13.3,-1.0,-1.0
2023-08-26,Viitasaari Haapaniemi,14.8,-1.0,-1.0
2023-08-26,Äänekoski Kalaniemi,,-1.0,-1.0
2023-08-26,Vesanto kirkonkylä,13.7,-1.0,-1.0
2023-08-26,Pielavesi Venetmäki,,-1.0,-1.0
2023-08-26,Siilinjärvi Kuopio lentoasema,14.4,,
2023-08-26,Kuopio Maaninka,13.4,0.1,-1.0
2023-08-26,Lapinlahti Lamminkäyrä,,-1.0,-1.0
2023-08-26,Suonenjoki Iisvesi,,-1.0,-1.0
2023-08-26,Kuopio Karttula,,-1.0,-1.0
2023-08-26,Kuopio Ritoniemi,14.8,,
2023-08-26,Kuopio Savilahti,14.5,-1.0,-1.0
2023-08-26,Heinävesi Palokki,,-1.0,-1.0
2023-08-26,Outokumpu Viuruniemi,,-1.0,-1.0
2023-08-26,Rautavaara Ala-Luosta,,-1.0,-1.0
2023-08-26,Rautavaara Ylä-Luosta,12.1,-1.0,-1.0
2023-08-26,Liperi Joensuu lentoasema,13.3,,
2023-08-26,Juuka Niemelä,10.6,-1.0,-1.0
2023-08-26,Joensuu Pyhäselkä,,-1.0,-1.0
2023-08-26,Lieksa Koli,,-1.0,-1.0
2023-08-26,Liperi Tuiskavanluoto,15.7,,
2023-08-26,Joensuu Linnunlahti,13.2,-1.0,-1.0
2023-08-26,Lieksa Lampela,11.7,-1.0,-1.0
2023-08-26,Ilomantsi Pötsönvaara,13.0,-1.0,-1.0
2023-08-26,Ilomantsi Mekrijärvi,13.2,-1.0,-1.0
2023-08-26,Pietarsaari Kallan,16.1,,
2023-08-26,Kokkola Tankar,15.9,,
2023-08-26,Kruunupyy Kokkola-Pietarsaari lentoasema,14.9,,
2023-08-26,Kaustinen Tastula,,-1.0,-1.0
2023-08-26,Kalajoki Ulkokalla,16.1,,
2023-08-26,Kokkola Santahaka,14.7,-1.0,-1.0
2023-08-26,Toholampi Oravala,,-1.0,-1.0
2023-08-26,Kalajoki Pitkäsenkylä,,-1.0,-1.0
2023-08-26,Kalajoki Mehtäkylä,,-1.0,-1.0
2023-08-26,Toholampi Laitala,13.7,-1.0,-1.0
2023-08-26,Ylivieska lentokenttä,11.6,-1.0,-1.0
2023-08-26,Ylivieska Vähäkangas,,-1.0,-1.0
2023-08-26,Haapavesi Mustikkamäki,12.6,-1.0,-1.0
2023-08-26,Pyhäjärvi Ojakylä,11.8,-1.0,-1.0
2023-08-26,Pyhäjärvi Hiidenniemi,,-1.0,-1.0
2023-08-26,Kiuruvesi Korpijoki,,-1.0,-1.0
2023-08-26,Siikalatva Kestilä,,-1.0,-1.0
2023-08-26,Kajaani lentoasema,11.5,,
2023-08-26,Vieremä Kaarakkala,13.8,-1.0,-1.0
2023-08-26,Kajaani Paltaniemi,,-1.0,-1.0
2023-08-26,Nurmes Valtimo,12.3,-1.0,-1.0
2023-08-26,Ristijärvi Mustavaara,,-1.0,-1.0
2023-08-26,Sotkamo Kuolaniemi,12.4,-1.0,-1.0
2023-08-26,Nurmes Mujejärvi,,-1.0,-1.0
2023-08-26,Kuhmo Apaja,,-1.0,-1.0
2023-08-26,Kuhmo Kalliojoki,10.9,-1.0,-1.0
2023-08-26,Raahe Nahkiainen,15.8,,
2023-08-26,Hailuoto Keskikylä,12.8,-1.0,-1.0
2023-08-26,Kemi I majakka,16.4,,
2023-08-26,Hailuoto Marjaniemi,15.2,,
2023-08-26,Raahe Lapaluoto satama,15.0,,
2023-08-26,Oulu lentoasema,14.2,,
2023-08-26,Siikajoki Ruukki,12.4,-1.0,-1.0
2023-08-26,Oulu Vihreäsaari satama,14.7,,
2023-08-26,Oulu Oulunsalo Pellonpää,12.7,-1.0,-1.0
2023-08-26,Vaala Pelso,11.4,-1.0,-1.0
2023-08-26,Pudasjärvi lentokenttä,12.1,-1.0,-1.0
2023-08-26,Utajärvi Särkijärvi,,-1.0,-1.0
2023-08-26,Pudasjärvi Jaurakkajärvi,,-1.0,-1.0
2023-08-26,Suomussalmi Näljänkä,,-1.0,-1.0
2023-08-26,Suomussalmi Pesiö,11.3,-1.0,-1.0
2023-08-26,Puolanka Kotila,,-1.0,-1.0
2023-08-26,Puolanka Paljakka,11.3,-1.0,-1.0
2023-08-26,Kemi Kemi-Tornio lentoasema,11.8,,
2023-08-26,Kemi Ajos,15.2,,
2023-08-26,Tornio Kaakkuri,13.4,-1.0,
2023-08-26,Ranua lentokenttä,11.8,-1.0,-1.0
2023-08-26,Pudasjärvi Sarakylä,,0.0,-1.0
2023-08-26,Posio Raistakka,,-1.0,-1.0
2023-08-26,Taivalkoski Inkee,,0.0,-1.0
2023-08-26,Taivalkoski kirkonkylä,10.8,-1.0,-1.0
2023-08-26,Kuusamo lentoasema,12.7,-1.0,-1.0
2023-08-26,Kuusamo Kiutaköngäs,12.6,-1.0,-1.0
2023-08-26,Kuusamo Rukatunturi,12.7,,
2023-08-26,Kuusamo Teeriranta,,-1.0,-1.0
2023-08-26,Kuusamo Juuma,12.1,,
2023-08-26,Ylitornio Meltosjärvi,12.4,-1.0,-1.0
2023-08-26,Kolari Kattilamaa,,-1.0,-1.0
2023-08-26,Pello kirkonkylä,14.9,-1.0,-1.0
2023-08-26,Rovaniemi rautatieasema,14.5,,
2023-08-26,Sodankylä Tähtelä,13.7,-1.0,-1.0
2023-08-26,Rovaniemi Apukka,13.6,-1.0,-1.0
2023-08-26,Pelkosenniemi kirkonkylä,,-1.0,-1.0
2023-08-26,Kemijärvi lentokenttä,13.5,-1.0,-1.0
2023-08-26,Savukoski kirkonkylä,12.5,-1.0,-1.0
2023-08-26,Salla Kelloselkä,,0.0,-1.0
2023-08-26,Pelkosenniemi Pyhätunturi,13.5,,
2023-08-26,Salla kirkonkylä,12.3,-1.0,-1.0
2023-08-26,Salla Naruska,10.4,-1.0,-1.0
2023-08-26,Enontekiö Kaaresuvanto,,-1.0,-1.0
2023-08-26,Enontekiö lentoasema,12.0,,
2023-08-26,Kittilä Pulju,,-1.0,-1.0
2023-08-26,Muonio Laukukero,11.1,,
2023-08-26,Muonio Sammaltunturi,12.7,,
2023-08-26,Kittilä Matorova,13.7,,
2023-08-26,Kittilä lentoasema,13.1,,
2023-08-26,Kittilä Kenttärova,12.9,-1.0,-1.0
2023-08-26,Kittilä Pakatti,12.7,-1.0,-1.0
2023-08-26,Kittilä Pokka,12.1,-1.0,-1.0
2023-08-26,Sodankylä Lokka,11.5,-1.0,-1.0
2023-08-26,Sodankylä Vuotso,11.7,-1.0,-1.0
2023-08-26,Inari Saariselkä matkailukeskus,11.2,-1.0,-1.0
2023-08-26,Inari Saariselkä Kaunispää,12.1,,
2023-08-26,Inari Raja-Jooseppi,11.4,,
2023-08-26,Salla Värriötunturi,10.9,-1.0,-1.0
2023-08-26,Enontekiö Kilpisjärvi kyläkeskus,10.8,-1.0,-1.0
2023-08-26,Enontekiö Kilpisjärvi Saana,9.7,,
2023-08-26,Enontekiö Näkkälä,11.4,-1.0,-1.0
2023-08-26,Inari Angeli Lintupuoliselkä,11.0,-1.0,-1.0
2023-08-26,Inari Ivalo lentoasema,11.5,,
2023-08-26,Utsjoki Kevo,10.7,-1.0,-1.0
2023-08-26,Utsjoki Nuorgam,9.4,-1.0,-1.0
2023-08-26,Inari Väylä,10.9,,
2023-08-26,Inari kirkonkylä,,-1.0,-1.0
2023-08-26,Inari Kaamanen,11.2,0.2,-1.0
2023-08-26,Inari Nellim,10.4,-1.0,-1.0
2023-08-26,Inari Kirakkajärvi,11.6,-1.0,-1.0
2023-08-26,Mäntsälä Hirvihaara,15.1,0.4,-1.0
2023-08-26,Lahti Sopenkorpi,16.4,-1.0,-1.0
2023-08-26,Siuntio Sjundby,,33.0,-1.0
2023-08-26,Sipoo Itätoukki,18.6,,
2023-08-26,Rauma Pyynpää,17.3,12.1,-1.0
2023-08-26,Muonio Oustajärvi,12.8,-1.0,-1.0
2023-08-26,Pyhtää lentokenttä,16.7,-1.0,-1.0
2023-08-26,Sotkamo Tuhkakylä,11.5,-1.0,-1.0
2023-08-26,Tervola Loue,11.3,,
2023-08-26,Savukoski Tulppio,9.3,-1.0,-1.0
2023-08-26,Mikkeli Pitkäaho,,-1.0,-1.0
2023-08-26,Kajaani Petäisenniska,12.3,-1.0,-1.0
2023-08-26,Utsjoki Kevo Kevojärvi,10.6,,
2023-08-26,Inari Seitalaassa,12.9,,
2023-08-26,Ilmajoki Seinäjoki lentoasema,14.8,,
2023-08-26,Rovaniemi lentoasema AWOS,14.3,-1.0,-1.0
2023-08-26,Jyväskylä lentoasema AWOS,13.9,-1.0,-1.0
2023-08-26,Puumala kirkonkylä,15.2,-1.0,-1.0
2023-08-26,Helsinki Vuosaari satama,17.8,,
2023-08-26,Maarianhamina Länsisatama,17.9,,
2023-08-26,Lumparland Långnäs satama,18.1,3.3,-1.0
2023-08-26,Kittilä Lompolonvuoma,12.8,-1.0,
2023-08-26,Kuusamo Ruka Talvijärvi,13.0,,
2023-08-26,Espoo Nuuksio,16.7,9.3,-1.0
2023-08-26,Mikkeli Lentoasema AWOS,15.0,-1.0,-1.0
2023-08-26,Espoo Tapiola,17.4,3.8,-1.0
2023-08-27,Porvoo Kilpilahti satama,17.5,,
2023-08-27,Jomala Maarianhamina lentoasema,17.2,,
2023-08-27,Parainen Utö,18.1,0.2,-1.0
2023-08-27,Lemland Nyhamn,16.9,,
2023-08-27,Jomala Jomalaby,17.1,0.2,-1.0
2023-08-27,Hammarland Märket,17.1,,
2023-08-27,Kökar Bogskär,16.7,,
2023-08-27,Parainen Fagerholm,18.0,0.1,
2023-08-27,Kumlinge kirkonkylä,17.7,,
2023-08-27,Hanko Russarö,17.8,1.4,
2023-08-27,Kaarina Yltöinen,17.5,0.1,-1.0
2023-08-27,Kemiönsaari Vänö,17.8,,
2023-08-27,Hanko Tulliniemi,17.8,,
2023-08-27,Turku Rajakari,17.9,,
2023-08-27,Turku Artukainen,17.5,-1.0,-1.0
2023-08-27,Kemiönsaari Kemiö,17.1,-1.0,-1.0
2023-08-27,Hanko Tvärminne,17.2,6.1,-1.0
2023-08-27,Salo Kärkkä,17.4,2.7,
2023-08-27,Lohja Leppäkorpi,,7.0,-1.0
2023-08-27,Raasepori Jussarö,17.5,,
2023-08-27,Salo Kiikala lentokenttä,15.9,1.5,-1.0
2023-08-27,Vantaa Helsinki-Vantaan lentoasema,15.9,18.8,-1.0
2023-08-27,Inkoo Bågaskär,17.3,,
2023-08-27,Helsinki Kaisaniemi,17.2,25.9,-1.0
2023-08-27,Lohja Porla,16.7,8.2,-1.0
2023-08-27,Vihti Maasoja,15.8,,
2023-08-27,Helsinki Harmaja,17.8,,
2023-08-27,Kirkkonummi Mäkiluoto,17.8,,
2023-08-27,Helsinki Helsingin majakka,17.9,,
2023-08-27,Helsinki Kumpula,17.1,24.2,-1.0
2023-08-27,Helsinki Malmi lentokenttä,16.6,,
2023-08-27,Porvoo Kalbådagrund,17.7,,
2023-08-27,Porvoo Emäsalo,17.7,,
2023-08-27,Porvoo Harabacka,16.3,2.8,-1.0
2023-08-27,Kotka Rankki,18.2,0.1,-1.0
2023-08-27,Loviisa Orrengrund,18.3,,
2023-08-27,Kotka Haapasaari,18.5,,
2023-08-27,Pori lentoasema,15.6,,
2023-08-27,Uusikaupunki Itätulli,,-1.0,-1.0
2023-08-27,Kustavi Isokari,17.7,-1.0,
2023-08-27,Rauma Kylmäpihlaja,17.0,,
2023-08-27,Pori rautatieasema,15.8,1.5,-1.0
2023-08-27,Turku lentoasema,17.1,,
2023-08-27,Kokemäki Rausenkulma,,7.3,-1.0
2023-08-27,Huittinen Sallila,,0.3,-1.0
2023-08-27,Oripää Teinikivi,,0.3,-1.0
2023-08-27,Pöytyä Yläne,,0.0,-1.0
2023-08-27,Kokemäki Tulkkila,15.9,8.6,-1.0
2023-08-27,Jokioinen Ilmala,15.7,1.2,-1.0
2023-08-27,Nokia Tottijärvi,,0.9,-1.0
2023-08-27,Pirkkala Tampere-Pirkkala lentoasema,15.1,,
2023-08-27,Tampere Härmälä,15.1,0.1,-1.0
2023-08-27,Somero Salkola,15.4,1.7,-1.0
2023-08-27,Hyvinkää Hyvinkäänkylä,15.2,7.9,-1.0
2023-08-27,Vihti Hiiskula,,7.7,-1.0
2023-08-27,Hämeenlinna Pirttikoski,,3.4,-1.0
2023-08-27,Nurmijärvi Röykkä,15.4,6.2,-1.0
2023-08-27,Hämeenlinna Katinen,15.5,1.4,
2023-08-27,Hattula Lepaa,15.0,2.1,-1.0
2023-08-27,Hämeenlinna Lammi Pappila,14.8,0.7,-1.0
2023-08-27,Asikkala Pulkkilanharju,15.7,,
2023-08-27,Kouvola Utti lentoasema,15.3,1.5,-1.0
2023-08-27,Kouvola Anjala,15.3,0.2,-1.0
2023-08-27,Heinola Asemantaus,15.0,0.1,-1.0
2023-08-27,Kouvola Voikoski,,-1.0,-1.0
2023-08-27,Virolahti Koivuniemi,16.0,-1.0,-1.0
2023-08-27,Lappeenranta lentoasema,15.6,,
2023-08-27,Lappeenranta Konnunsuo,13.6,,
2023-08-27,Lappeenranta Lepola,15.8,-1.0,-1.0
2023-08-27,Ruokolahti Kotaniemi,,-1.0,-1.0
2023-08-27,Lappeenranta Hiekkapakka,17.4,,
2023-08-27,Parikkala Koitsanlahti,12.6,-1.0,
2023-08-27,Kaskinen Sälgrund,15.0,5.9,
2023-08-27,Merikarvia Tuorila,,4.3,-1.0
2023-08-27,Isojoki Kärjenkoski,,5.8,-1.0
2023-08-27,Teuva Kauppilankylä,,10.6,-1.0
2023-08-27,Pori Tahkoluoto satama,16.3,,
2023-08-27,Kristiinankaupunki Majakka,15.4,,
2023-08-27,Karvia Alkkia,12.9,6.8,-1.0
2023-08-27,Kurikka Hirvijärvi,,8.0,-1.0
2023-08-27,Kauhajoki Kuja-Kokko,13.3,10.0,-1.0
2023-08-27,Kankaanpää Niinisalo lentokenttä,14.0,8.4,-1.0
2023-08-27,Alavus Sulkavankylä,,3.2,-1.0
2023-08-27,Virrat Äijänneva,13.1,,
2023-08-27,Tampere Siilinkari,15.2,,
2023-08-27,Jämsä Halli lentoasema,14.5,0.4,-1.0
2023-08-27,Juupajoki Hyytiälä,13.5,1.1,-1.0
2023-08-27,Sysmä Joutsjärvi,,0.0,-1.0
2023-08-27,Jyväskylä Muuratjärvi,,-1.0,-1.0
2023-08-27,Luhanka Judinsalo,15.9,,
2023-08-27,Multia Pirttiperä,,0.6,-1.0
2023-08-27,Joutsa Savenaho,13.3,-1.0,-1.0
2023-08-27,Kangasniemi kirkonkylä,,-1.0,-1.0
2023-08-27,Joutsa Pärnämäki,,-1.0,-1.0
2023-08-27,Juva Partala,12.8,,
2023-08-27,Varkaus Kosulanniemi,14.4,-1.0,-1.0
2023-08-27,Savonlinna Laukansaari,,-1.0,-1.0
2023-08-27,Sulkava Halttula,,-1.0,-1.0
2023-08-27,Savonlinna lentoasema,12.9,,
2023-08-27,Rantasalmi Rukkasluoto,17.3,,
2023-08-27,Savonlinna Punkaharju Laukansaari,13.9,-1.0,-1.0
2023-08-27,Enonkoski Simanala,,-1.0,-1.0
2023-08-27,Savonlinna Savonranta,,-1.0,-1.0
2023-08-27,Rääkkylä kirkonkylä,,0.0,-1.0
2023-08-27,Tohmajärvi Kemie,11.5,-1.0,-1.0
2023-08-27,Joensuu Huhtilampi,,-1.0,-1.0
2023-08-27,Vaasa lentoasema,13.3,,
2023-08-27,Mustasaari Valassaaret,14.4,,
2023-08-27,Närpiö Ylimarkku,,10.0,-1.0
2023-08-27,Mustasaari Riimala,,2.8,-1.0
2023-08-27,Kurikka Pyörni,,5.2,-1.0
2023-08-27,Korsnäs Bredskäret,14.4,,
2023-08-27,Maalahti Strömmingsbådan,15.4,,
2023-08-27,Vaasa Klemettilä,13.5,2.1,-1.0
2023-08-27,Seinäjoki Pelmaa,13.1,1.4,-1.0
2023-08-27,Kauhava lentokenttä,13.4,1.2,-1.0
2023-08-27,Ähtäri Inha,13.2,0.4,-1.0
2023-08-27,Halsua Purola,12.3,0.3,-1.0
2023-08-27,Alajärvi Möksy,12.3,0.8,-1.0
2023-08-27,Multia Karhila,13.2,0.4,-1.0
2023-08-27,Viitasaari Haapaniemi,14.7,0.1,-1.0
2023-08-27,Äänekoski Kalaniemi,,-1.0,-1.0
2023-08-27,Vesanto kirkonkylä,13.4,-1.0,-1.0
2023-08-27,Pielavesi Venetmäki,,-1.0,-1.0
2023-08-27,Siilinjärvi Kuopio lentoasema,14.7,,
2023-08-27,Kuopio Maaninka,12.9,-1.0,-1.0
2023-08-27,Lapinlahti Lamminkäyrä,,-1.0,-1.0
2023-08-27,Suonenjoki Iisvesi,,-1.0,-1.0
2023-08-27,Kuopio Karttula,,-1.0,-1.0
2023-08-27,Kuopio Ritoniemi,15.1,,
2023-08-27,Kuopio Savilahti,14.8,-1.0,-1.0
2023-08-27,Heinävesi Palokki,,-1.0,-1.0
2023-08-27,Outokumpu Viuruniemi,,-1.0,-1.0
2023-08-27,Rautavaara Ala-Luosta,,-1.0,-1.0
2023-08-27,Rautavaara Ylä-Luosta,12.3,-1.0,-1.0
2023-08-27,Liperi Joensuu lentoasema,13.7,,
2023-08-27,Juuka Niemelä,11.2,-1.0,-1.0
2023-08-27,Joensuu Pyhäselkä,,-1.0,-1.0
2023-08-27,Lieksa Koli,,-1.0,-1.0
2023-08-27,Liperi Tuiskavanluoto,16.4,,
2023-08-27,Joensuu Linnunlahti,13.0,-1.0,-1.0
2023-08-27,Lieksa Lampela,12.7,-1.0,-1.0
2023-08-27,Ilomantsi Pötsönvaara,13.2,-1.0,-1.0
2023-08-27,Ilomantsi Mekrijärvi,13.3,-1.0,-1.0
2023-08-27,Pietarsaari Kallan,15.8,,
2023-08-27,Kokkola Tankar,15.7,,
2023-08-27,Kruunupyy Kokkola-Pietarsaari lentoasema,14.1,,
2023-08-27,Kaustinen Tastula,,-1.0,-1.0
2023-08-27,Kalajoki Ulkokalla,16.3,,
2023-08-27,Kokkola Santahaka,14.4,0.9,-1.0
2023-08-27,Toholampi Oravala,,0.4,-1.0
2023-08-27,Kalajoki Pitkäsenkylä,,0.7,-1.0
2023-08-27,Kalajoki Mehtäkylä,,-1.0,-1.0
2023-08-27,Toholampi Laitala,13.0,0.3,-1.0
2023-08-27,Ylivieska lentokenttä,10.9,-1.0,-1.0
2023-08-27,Ylivieska Vähäkangas,,-1.0,-1.0
2023-08-27,Haapavesi Mustikkamäki,11.9,-1.0,-1.0
2023-08-27,Pyhäjärvi Ojakylä,11.4,-1.0,-1.0
2023-08-27,Pyhäjärvi Hiidenniemi,,-1.0,-1.0
2023-08-27,Kiuruvesi Korpijoki,,-1.0,-1.0
2023-08-27,Siikalatva Kestilä,,-1.0,-1.0
2023-08-27,Kajaani lentoasema,12.9,,
2023-08-27,Vieremä Kaarakkala,14.8,-1.0,-1.0
2023-08-27,Kajaani Paltaniemi,,-1.0,-1.0
2023-08-27,Nurmes Valtimo,12.7,-1.0,-1.0
2023-08-27,Ristijärvi Mustavaara,,-1.0,-1.0
2023-08-27,Sotkamo Kuolaniemi,13.2,-1.0,-1.0
2023-08-27,Nurmes Mujejärvi,,-1.0,-1.0
2023-08-27,Kuhmo Apaja,,-1.0,-1.0
2023-08-27,Kuhmo Kalliojoki,12.6,-1.0,-1.0
2023-08-27,Raahe Nahkiainen,16.1,,
2023-08-27,Hailuoto Keskikylä,13.0,-1.0,-1.0
2023-08-27,Kemi I majakka,17.0,,
2023-08-27,Hailuoto Marjaniemi,15.3,,
2023-08-27,Raahe Lapaluoto satama,16.0,,
2023-08-27,Oulu lentoasema,14.8,,
2023-08-27,Siikajoki Ruukki,12.6,-1.0,-1.0
2023-08-27,Oulu Vihreäsaari satama,15.4,,
2023-08-27,Oulu Oulunsalo Pellonpää,13.4,-1.0,-1.0
2023-08-27,Vaala Pelso,11.9,-1.0,-1.0
2023-08-27,Pudasjärvi lentokenttä,13.0,-1.0,-1.0
2023-08-27,Utajärvi Särkijärvi,,-1.0,-1.0
2023-08-27,Pudasjärvi Jaurakkajärvi,,-1.0,-1.0
2023-08-27,Suomussalmi Näljänkä,,0.0,-1.0
2023-08-27,Suomussalmi Pesiö,12.7,-1.0,-1.0
2023-08-27,Puolanka Kotila,,-1.0,-1.0
2023-08-27,Puolanka Paljakka,13.5,-1.0,-1.0
2023-08-27,Kemi Kemi-Tornio lentoasema,11.9,,
2023-08-27,Kemi Ajos,15.3,,
2023-08-27,Tornio Kaakkuri,13.3,-1.0,
2023-08-27,Ranua lentokenttä,11.9,-1.0,-1.0
2023-08-27,Pudasjärvi Sarakylä,,0.0,-1.0
2023-08-27,Posio Raistakka,,-1.0,-1.0
2023-08-27,Taivalkoski Inkee,,0.0,-1.0
2023-08-27,Taivalkoski kirkonkylä,11.4,-1.0,-1.0
2023-08-27,Kuusamo lentoasema,12.6,-1.0,-1.0
2023-08-27,Kuusamo Kiutaköngäs,11.6,-1.0,-1.0
2023-08-27,Kuusamo Rukatunturi,12.9,,
2023-08-27,Kuusamo Teeriranta,,-1.0,-1.0
2023-08-27,Kuusamo Juuma,11.8,,
2023-08-27,Ylitornio Meltosjärvi,11.6,-1.0,-1.0
2023-08-27,Kolari Kattilamaa,,-1.0,-1.0
2023-08-27,Pello kirkonkylä,12.6,-1.0,-1.0
2023-08-27,Rovaniemi rautatieasema,14.3,,
2023-08-27,Sodankylä Tähtelä,12.3,-1.0,-1.0
2023-08-27,Rovaniemi Apukka,12.1,-1.0,-1.0
2023-08-27,Pelkosenniemi kirkonkylä,,-1.0,-1.0
2023-08-27,Kemijärvi lentokenttä,13.2,-1.0,-1.0
2023-08-27,Savukoski kirkonkylä,9.6,-1.0,-1.0
2023-08-27,Salla Kelloselkä,,-1.0,-1.0
2023-08-27,Pelkosenniemi Pyhätunturi,13.8,,
2023-08-27,Salla kirkonkylä,9.8,-1.0,-1.0
2023-08-27,Salla Naruska,9.1,-1.0,-1.0
2023-08-27,Enontekiö Kaaresuvanto,,-1.0,-1.0
2023-08-27,Enontekiö lentoasema,11.9,,
2023-08-27,Kittilä Pulju,,-1.0,-1.0
2023-08-27,Muonio Laukukero,12.1,,
2023-08-27,Muonio Sammaltunturi,13.6,,
2023-08-27,Kittilä Matorova,13.3,,
2023-08-27,Kittilä lentoasema,12.5,,
2023-08-27,Kittilä Kenttärova,12.7,-1.0,-1.0
2023-08-27,Kittilä Pakatti,11.9,-1.0,-1.0
2023-08-27,Kittilä Pokka,8.7,-1.0,-1.0
2023-08-27,Sodankylä Lokka,8.4,-1.0,-1.0
2023-08-27,Sodankylä Vuotso,8.1,-1.0,-1.0
2023-08-27,Inari Saariselkä matkailukeskus,8.0,-1.0,-1.0
2023-08-27,Inari Saariselkä Kaunispää,8.2,,
2023-08-27,Inari Raja-Jooseppi,8.7,,
2023-08-27,Salla Värriötunturi,8.4,-1.0,-1.0
2023-08-27,Enontekiö Kilpisjärvi kyläkeskus,11.7,-1.0,-1.0
2023-08-27,Enontekiö Kilpisjärvi Saana,10.3,,
2023-08-27,Enontekiö Näkkälä,12.1,-1.0,-1.0
2023-08-27,Inari Angeli Lintupuoliselkä,7.8,-1.0,-1.0
2023-08-27,Inari Ivalo lentoasema,8.7,,
2023-08-27,Utsjoki Kevo,9.3,-1.0,-1.0
2023-08-27,Utsjoki Nuorgam,9.2,-1.0,-1.0
2023-08-27,Inari Väylä,7.9,,
2023-08-27,Inari kirkonkylä,,-1.0,-1.0
2023-08-27,Inari Kaamanen,8.5,-1.0,-1.0
2023-08-27,Inari Nellim,8.0,-1.0,-1.0
2023-08-27,Inari Kirakkajärvi,8.4,-1.0,-1.0
2023-08-27,Mäntsälä Hirvihaara,15.0,12.0,-1.0
2023-08-27,Lahti Sopenkorpi,15.1,1.8,-1.0
2023-08-27,Siuntio Sjundby,,1.6,-1.0
2023-08-27,Sipoo Itätoukki,17.8,,
2023-08-27,Rauma Pyynpää,16.2,-1.0,-1.0
2023-08-27,Muonio Oustajärvi,11.5,-1.0,-1.0
2023-08-27,Pyhtää lentokenttä,15.4,1.3,-1.0
2023-08-27,Sotkamo Tuhkakylä,12.9,-1.0,-1.0
2023-08-27,Tervola Loue,11.3,,
2023-08-27,Savukoski Tulppio,7.3,-1.0,-1.0
2023-08-27,Mikkeli Pitkäaho,,-1.0,-1.0
2023-08-27,Kajaani Petäisenniska,13.9,-1.0,-1.0
2023-08-27,Utsjoki Kevo Kevojärvi,8.9,,
2023-08-27,Inari Seitalaassa,9.6,,
2023-08-27,Ilmajoki Seinäjoki lentoasema,12.9,,
2023-08-27,Rovaniemi lentoasema AWOS,14.2,-1.0,-1.0
2023-08-27,Jyväskylä lentoasema AWOS,13.0,-1.0,-1.0
2023-08-27,Puumala kirkonkylä,15.2,-1.0,-1.0
2023-08-27,Helsinki Vuosaari satama,17.8,,
2023-08-27,Maarianhamina Länsisatama,17.2,,
2023-08-27,Lumparland Långnäs satama,17.4,0.8,-1.0
2023-08-27,Kittilä Lompolonvuoma,11.3,-1.0,
2023-08-27,Kuusamo Ruka Talvijärvi,13.8,,
2023-08-27,Espoo Nuuksio,15.7,15.8,-1.0
2023-08-27,Mikkeli Lentoasema AWOS,13.4,-1.0,-1.0
2023-08-27,Espoo Tapiola,16.8,14.4,-1.0
2023-08-28,Porvoo Kilpilahti satama,16.3,,
2023-08-28,Jomala Maarianhamina lentoasema,14.3,,
2023-08-28,Parainen Utö,15.6,18.7,-1.0
2023-08-28,Lemland Nyhamn,15.5,,
2023-08-28,Jomala Jomalaby,13.6,8.4,-1.0
2023-08-28,Hammarland Märket,15.4,,
2023-08-28,Kökar Bogskär,15.6,,
2023-08-28,Parainen Fagerholm,15.6,16.3,
2023-08-28,Kumlinge kirkonkylä,14.8,,
2023-08-28,Hanko Russarö,15.8,36.6,
2023-08-28,Kaarina Yltöinen,13.4,32.7,-1.0
2023-08-28,Kemiönsaari Vänö,15.5,,
2023-08-28,Hanko Tulliniemi,16.1,,
2023-08-28,Turku Rajakari,15.2,,
2023-08-28,Turku Artukainen,13.9,30.1,-1.0
2023-08-28,Kemiönsaari Kemiö,13.4,35.2,-1.0
2023-08-28,Hanko Tvärminne,15.1,57.2,-1.0
2023-08-28,Salo Kärkkä,13.5,50.3,
2023-08-28,Lohja Leppäkorpi,,40.2,-1.0
2023-08-28,Raasepori Jussarö,15.9,,
2023-08-28,Salo Kiikala lentokenttä,13.3,49.7,-1.0
2023-08-28,Vantaa Helsinki-Vantaan lentoasema,14.9,38.7,-1.0
2023-08-28,Inkoo Bågaskär,15.6,,
2023-08-28,Helsinki Kaisaniemi,15.7,37.8,-1.0
2023-08-28,Lohja Porla,14.7,46.2,-1.0
2023-08-28,Vihti Maasoja,14.9,,
2023-08-28,Helsinki Harmaja,17.0,,
2023-08-28,Kirkkonummi Mäkiluoto,16.1,,
2023-08-28,Helsinki Helsingin majakka,17.1,,
2023-08-28,Helsinki Kumpula,15.4,41.7,-1.0
2023-08-28,Helsinki Malmi lentokenttä,14.8,,
2023-08-28,Porvoo Kalbådagrund,17.5,,
2023-08-28,Porvoo Emäsalo,16.7,,
2023-08-28,Porvoo Harabacka,15.6,20.9,-1.0
2023-08-28,Kotka Rankki,17.7,4.7,-1.0
2023-08-28,Loviisa Orrengrund,17.7,,
2023-08-28,Kotka Haapasaari,18.1,,
2023-08-28,Pori lentoasema,13.3,,
2023-08-28,Uusikaupunki Itätulli,,21.1,-1.0
2023-08-28,Kustavi Isokari,15.3,15.7,
2023-08-28,Rauma Kylmäpihlaja,14.7,,
2023-08-28,Pori rautatieasema,13.4,29.3,-1.0
2023-08-28,Turku lentoasema,13.0,,
2023-08-28,Kokemäki Rausenkulma,,42.7,-1.0
2023-08-28,Huittinen Sallila,,58.1,-1.0
2023-08-28,Oripää Teinikivi,,61.7,-1.0
2023-08-28,Pöytyä Yläne,,37.5,-1.0
2023-08-28,Kokemäki Tulkkila,13.0,59.6,-1.0
2023-08-28,Jokioinen Ilmala,13.1,51.5,-1.0
2023-08-28,Nokia Tottijärvi,,53.0,-1.0
2023-08-28,Pirkkala Tampere-Pirkkala lentoasema,14.4,,
2023-08-28,Tampere Härmälä,14.7,65.8,-1.0
2023-08-28,Somero Salkola,13.2,39.4,-1.0
2023-08-28,Hyvinkää Hyvinkäänkylä,14.6,43.4,-1.0
2023-08-28,Vihti Hiiskula,,42.9,-1.0
2023-08-28,Hämeenlinna Pirttikoski,,58.3,-1.0
2023-08-28,Nurmijärvi Röykkä,14.6,44.6,-1.0
2023-08-28,Hämeenlinna Katinen,14.5,43.4,
2023-08-28,Hattula Lepaa,14.3,48.0,-1.0
2023-08-28,Hämeenlinna Lammi Pappila,14.2,50.2,-1.0
2023-08-28,Asikkala Pulkkilanharju,15.4,,
2023-08-28,Kouvola Utti lentoasema,14.9,8.0,-1.0
2023-08-28,Kouvola Anjala,15.4,9.8,-1.0
2023-08-28,Heinola Asemantaus,14.8,11.0,-1.0
2023-08-28,Kouvola Voikoski,,3.0,-1.0
2023-08-28,Virolahti Koivuniemi,17.0,6.7,-1.0
2023-08-28,Lappeenranta lentoasema,15.2,,
2023-08-28,Lappeenranta Konnunsuo,14.5,,
2023-08-28,Lappeenranta Lepola,15.1,2.9,-1.0
2023-08-28,Ruokolahti Kotaniemi,,2.2,-1.0
2023-08-28,Lappeenranta Hiekkapakka,16.3,,
2023-08-28,Parikkala Koitsanlahti,13.2,2.8,-1.0
2023-08-28,Kaskinen Sälgrund,14.7,25.4,
2023-08-28,Merikarvia Tuorila,,28.5,-1.0
2023-08-28,Isojoki Kärjenkoski,,40.2,-1.0
2023-08-28,Teuva Kauppilankylä,,29.9,-1.0
2023-08-28,Pori Tahkoluoto satama,14.8,,
2023-08-28,Kristiinankaupunki Majakka,14.9,,
2023-08-28,Karvia Alkkia,14.0,42.1,-1.0
2023-08-28,Kurikka Hirvijärvi,,37.7,-1.0
2023-08-28,Kauhajoki Kuja-Kokko,14.4,35.5,-1.0
2023-08-28,Kankaanpää Niinisalo lentokenttä,13.9,50.1,-1.0
2023-08-28,Alavus Sulkavankylä,,33.9,-1.0
2023-08-28,Virrat Äijänneva,14.2,,
2023-08-28,Tampere Siilinkari,15.1,,
2023-08-28,Jämsä Halli lentoasema,13.8,46.3,-1.0
2023-08-28,Juupajoki Hyytiälä,13.6,62.4,-1.0
2023-08-28,Sysmä Joutsjärvi,,14.4,-1.0
2023-08-28,Jyväskylä Muuratjärvi,,46.5,-1.0
2023-08-28,Luhanka Judinsalo,15.2,,
2023-08-28,Multia Pirttiperä,,65.5,-1.0
2023-08-28,Joutsa Savenaho,13.6,15.6,-1.0
2023-08-28,Kangasniemi kirkonkylä,,9.5,-1.0
2023-08-28,Joutsa Pärnämäki,,12.1,-1.0
2023-08-28,Juva Partala,14.5,,
2023-08-28,Varkaus Kosulanniemi,15.0,5.8,-1.0
2023-08-28,Savonlinna Laukansaari,,2.8,-1.0
2023-08-28,Sulkava Halttula,,4.0,-1.0
2023-08-28,Savonlinna lentoasema,14.0,,
2023-08-28,Rantasalmi Rukkasluoto,16.3,,
2023-08-28,Savonlinna Punkaharju Laukansaari,14.6,2.3,-1.0
2023-08-28,Enonkoski Simanala,,2.0,-1.0
2023-08-28,Savonlinna Savonranta,,2.5,-1.0
2023-08-28,Rääkkylä kirkonkylä,,1.7,-1.0
2023-08-28,Tohmajärvi Kemie,12.3,0.7,-1.0
2023-08-28,Joensuu Huhtilampi,,0.9,-1.0
2023-08-28,Vaasa lentoasema,14.6,,
2023-08-28,Mustasaari Valassaaret,14.6,,
2023-08-28,Närpiö Ylimarkku,,22.5,-1.0
2023-08-28,Mustasaari Riimala,,27.7,-1.0
2023-08-28,Kurikka Pyörni,,31.5,-1.0
2023-08-28,Korsnäs Bredskäret,14.9,,
2023-08-28,Maalahti Strömmingsbådan,15.5,,
2023-08-28,Vaasa Klemettilä,14.7,20.4,-1.0
2023-08-28,Seinäjoki Pelmaa,14.4,32.1,-1.0
2023-08-28,Kauhava lentokenttä,14.5,29.3,-1.0
2023-08-28,Ähtäri Inha,13.7,57.2,-1.0
2023-08-28,Halsua Purola,14.2,24.1,-1.0
2023-08-28,Alajärvi Möksy,13.4,48.7,-1.0
2023-08-28,Multia Karhila,12.9,58.8,-1.0
2023-08-28,Viitasaari Haapaniemi,15.2,14.4,-1.0
2023-08-28,Äänekoski Kalaniemi,,21.8,-1.0
2023-08-28,Vesanto kirkonkylä,14.5,19.5,-1.0
2023-08-28,Pielavesi Venetmäki,,15.7,-1.0
2023-08-28,Siilinjärvi Kuopio lentoasema,15.0,,
2023-08-28,Kuopio Maaninka,13.7,9.5,-1.0
2023-08-28,Lapinlahti Lamminkäyrä,,6.5,-1.0
2023-08-28,Suonenjoki Iisvesi,,7.7,-1.0
2023-08-28,Kuopio Karttula,,6.4,-1.0
2023-08-28,Kuopio Ritoniemi,15.1,,
2023-08-28,Kuopio Savilahti,15.1,5.1,-1.0
2023-08-28,Heinävesi Palokki,,2.7,-1.0
2023-08-28,Outokumpu Viuruniemi,,2.6,-1.0
2023-08-28,Rautavaara Ala-Luosta,,7.7,-1.0
2023-08-28,Rautavaara Ylä-Luosta,13.0,4.4,-1.0
2023-08-28,Liperi Joensuu lentoasema,13.4,,
2023-08-28,Juuka Niemelä,11.9,2.3,-1.0
2023-08-28,Joensuu Pyhäselkä,,1.0,-1.0
2023-08-28,Lieksa Koli,,3.9,-1.0
2023-08-28,Liperi Tuiskavanluoto,15.3,,
2023-08-28,Joensuu Linnunlahti,13.5,1.4,-1.0
2023-08-28,Lieksa Lampela,13.0,1.9,-1.0
2023-08-28,Ilomantsi Pötsönvaara,12.0,1.9,-1.0
2023-08-28,Ilomantsi Mekrijärvi,12.8,1.8,-1.0
2023-08-28,Pietarsaari Kallan,15.0,,
2023-08-28,Kokkola Tankar,15.3,,
2023-08-28,Kruunupyy Kokkola-Pietarsaari lentoasema,14.7,,
2023-08-28,Kaustinen Tastula,,32.1,-1.0
2023-08-28,Kalajoki Ulkokalla,16.1,,
2023-08-28,Kokkola Santahaka,14.7,26.9,-1.0
2023-08-28,Toholampi Oravala,,23.1,-1.0
2023-08-28,Kalajoki Pitkäsenkylä,,-1.0,-1.0
2023-08-28,Kalajoki Mehtäkylä,,12.0,-1.0
2023-08-28,Toholampi Laitala,14.8,22.4,-1.0
2023-08-28,Ylivieska lentokenttä,14.5,18.1,-1.0
2023-08-28,Ylivieska Vähäkangas,,16.6,-1.0
2023-08-28,Haapavesi Mustikkamäki,13.1,16.6,-1.0
2023-08-28,Pyhäjärvi Ojakylä,12.9,13.6,-1.0
2023-08-28,Pyhäjärvi Hiidenniemi,,12.8,-1.0
2023-08-28,Kiuruvesi Korpijoki,,13.6,-1.0
2023-08-28,Siikalatva Kestilä,,16.0,-1.0
2023-08-28,Kajaani lentoasema,13.4,,
2023-08-28,Vieremä Kaarakkala,13.7,12.4,-1.0
2023-08-28,Kajaani Paltaniemi,,4.9,-1.0
2023-08-28,Nurmes Valtimo,12.5,4.0,-1.0
2023-08-28,Ristijärvi Mustavaara,,4.7,-1.0
2023-08-28,Sotkamo Kuolaniemi,13.1,3.7,-1.0
2023-08-28,Nurmes Mujejärvi,,3.4,-1.0
2023-08-28,Kuhmo Apaja,,1.6,-1.0
2023-08-28,Kuhmo Kalliojoki,12.5,2.6,-1.0
2023-08-28,Raahe Nahkiainen,16.1,,
2023-08-28,Hailuoto Keskikylä,14.0,10.8,-1.0
2023-08-28,Kemi I majakka,16.9,,
2023-08-28,Hailuoto Marjaniemi,15.1,,
2023-08-28,Raahe Lapaluoto satama,15.2,,
2023-08-28,Oulu lentoasema,14.8,,
2023-08-28,Siikajoki Ruukki,13.3,13.5,-1.0
2023-08-28,Oulu Vihreäsaari satama,16.0,,
2023-08-28,Oulu Oulunsalo Pellonpää,13.9,12.1,-1.0
2023-08-28,Vaala Pelso,12.8,12.4,-1.0
2023-08-28,Pudasjärvi lentokenttä,14.1,12.4,-1.0
2023-08-28,Utajärvi Särkijärvi,,9.8,-1.0
2023-08-28,Pudasjärvi Jaurakkajärvi,,4.6,-1.0
2023-08-28,Suomussalmi Näljänkä,,3.3,-1.0
2023-08-28,Suomussalmi Pesiö,12.6,2.9,-1.0
2023-08-28,Puolanka Kotila,,9.7,-1.0
2023-08-28,Puolanka Paljakka,12.6,11.9,-1.0
2023-08-28,Kemi Kemi-Tornio lentoasema,14.1,,
2023-08-28,Kemi Ajos,15.3,,
2023-08-28,Tornio Kaakkuri,13.7,1.5,
2023-08-28,Ranua lentokenttä,14.1,11.2,-1.0
2023-08-28,Pudasjärvi Sarakylä,,3.2,-1.0
2023-08-28,Posio Raistakka,,2.5,-1.0
2023-08-28,Taivalkoski Inkee,,2.5,-1.0
2023-08-28,Taivalkoski kirkonkylä,12.1,5.4,-1.0
2023-08-28,Kuusamo lentoasema,13.1,1.8,-1.0
2023-08-28,Kuusamo Kiutaköngäs,11.7,0.6,-1.0
2023-08-28,Kuusamo Rukatunturi,12.2,,
2023-08-28,Kuusamo Teeriranta,,2.5,-1.0
2023-08-28,Kuusamo Juuma,12.1,,
2023-08-28,Ylitornio Meltosjärvi,12.3,3.8,-1.0
2023-08-28,Kolari Kattilamaa,,4.8,-1.0
2023-08-28,Pello kirkonkylä,12.1,4.5,-1.0
2023-08-28,Rovaniemi rautatieasema,14.8,,
2023-08-28,Sodankylä Tähtelä,12.3,-1.0,-1.0
2023-08-28,Rovaniemi Apukka,13.4,5.2,-1.0
2023-08-28,Pelkosenniemi kirkonkylä,,0.6,-1.0
2023-08-28,Kemijärvi lentokenttä,12.6,2.7,-1.0
2023-08-28,Savukoski kirkonkylä,10.8,-1.0,-1.0
2023-08-28,Salla Kelloselkä,,-1.0,-1.0
2023-08-28,Pelkosenniemi Pyhätunturi,13.3,,
2023-08-28,Salla kirkonkylä,11.0,-1.0,-1.0
2023-08-28,Salla Naruska,10.4,-1.0,-1.0
2023-08-28,Enontekiö Kaaresuvanto,,4.2,-1.0
2023-08-28,Enontekiö lentoasema,12.3,,
2023-08-28,Kittilä Pulju,,0.6,-1.0
2023-08-28,Muonio Laukukero,11.4,,
2023-08-28,Muonio Sammaltunturi,12.8,,
2023-08-28,Kittilä Matorova,12.1,,
2023-08-28,Kittilä lentoasema,12.0,,
2023-08-28,Kittilä Kenttärova,11.7,2.4,-1.0
2023-08-28,Kittilä Pakatti,11.4,2.4,-1.0
2023-08-28,Kittilä Pokka,10.7,-1.0,-1.0
2023-08-28,Sodankylä Lokka,11.1,-1.0,-1.0
2023-08-28,Sodankylä Vuotso,10.9,-1.0,-1.0
2023-08-28,Inari Saariselkä matkailukeskus,10.8,-1.0,
2023-08-28,Inari Saariselkä Kaunispää,12.8,,
2023-08-28,Inari Raja-Jooseppi,10.7,,
2023-08-28,Salla Värriötunturi,11.9,-1.0,-1.0
2023-08-28,Enontekiö Kilpisjärvi kyläkeskus,12.3,3.3,-1.0
2023-08-28,Enontekiö Kilpisjärvi Saana,8.2,,
2023-08-28,Enontekiö Näkkälä,12.8,1.3,-1.0
2023-08-28,Inari Angeli Lintupuoliselkä,10.6,-1.0,-1.0
2023-08-28,Inari Ivalo lentoasema,10.6,,
2023-08-28,Utsjoki Kevo,10.2,-1.0,-1.0
2023-08-28,Utsjoki Nuorgam,9.7,-1.0,-1.0
2023-08-28,Inari Väylä,9.6,,
2023-08-28,Inari kirkonkylä,,-1.0,-1.0
2023-08-28,Inari Kaamanen,10.0,-1.0,-1.0
2023-08-28,Inari Nellim,10.0,-1.0,-1.0
2023-08-28,Inari Kirakkajärvi,9.5,-1.0,-1.0
2023-08-28,Mäntsälä Hirvihaara,14.5,31.7,-1.0
2023-08-28,Lahti Sopenkorpi,14.5,13.3,-1.0
2023-08-28,Siuntio Sjundby,,52.7,-1.0
2023-08-28,Sipoo Itätoukki,17.3,,
2023-08-28,Rauma Pyynpää,13.3,29.8,-1.0
2023-08-28,Muonio Oustajärvi,12.4,2.5,-1.0
2023-08-28,Pyhtää lentokenttä,15.9,13.0,-1.0
2023-08-28,Sotkamo Tuhkakylä,12.7,5.2,-1.0
2023-08-28,Tervola Loue,13.0,,
2023-08-28,Savukoski Tulppio,9.6,-1.0,-1.0
2023-08-28,Mikkeli Pitkäaho,,7.8,-1.0
2023-08-28,Kajaani Petäisenniska,13.8,4.4,-1.0
2023-08-28,Utsjoki Kevo Kevojärvi,9.9,,
2023-08-28,Inari Seitalaassa,11.9,,
2023-08-28,Ilmajoki Seinäjoki lentoasema,14.2,,
2023-08-28,Rovaniemi lentoasema AWOS,13.8,6.7,-1.0
2023-08-28,Jyväskylä lentoasema AWOS,13.6,29.2,-1.0
2023-08-28,Puumala kirkonkylä,14.9,2.5,-1.0
2023-08-28,Helsinki Vuosaari satama,16.6,,
2023-08-28,Maarianhamina Länsisatama,14.9,,
2023-08-28,Lumparland Långnäs satama,14.6,22.0,-1.0
2023-08-28,Kittilä Lompolonvuoma,10.7,2.1,
2023-08-28,Kuusamo Ruka Talvijärvi,13.9,,
2023-08-28,Espoo Nuuksio,14.6,53.5,-1.0
2023-08-28,Mikkeli Lentoasema AWOS,14.4,7.5,-1.0
2023-08-28,Espoo Tapiola,15.1,46.0,-1.0
2023-08-29,Porvoo Kilpilahti satama,17.1,,
2023-08-29,Jomala Maarianhamina lentoasema,15.9,,
2023-08-29,Parainen Utö,17.5,2.1,-1.0
2023-08-29,Lemland Nyhamn,16.2,,
2023-08-29,Jomala Jomalaby,15.4,2.4,-1.0
2023-08-29,Hammarland Märket,15.8,,
2023-08-29,Kökar Bogskär,16.5,,
2023-08-29,Parainen Fagerholm,17.2,2.2,
2023-08-29,Kumlinge kirkonkylä,16.7,,
2023-08-29,Hanko Russarö,17.5,1.1,
2023-08-29,Kaarina Yltöinen,16.2,2.2,-1.0
2023-08-29,Kemiönsaari Vänö,17.1,,
2023-08-29,Hanko Tulliniemi,17.7,,
2023-08-29,Turku Rajakari,17.3,,
2023-08-29,Turku Artukainen,16.8,1.3,-1.0
2023-08-29,Kemiönsaari Kemiö,15.6,1.7,-1.0
2023-08-29,Hanko Tvärminne,16.7,0.3,-1.0
2023-08-29,Salo Kärkkä,15.9,2.4,
2023-08-29,Lohja Leppäkorpi,,1.3,-1.0
2023-08-29,Raasepori Jussarö,17.2,,
2023-08-29,Salo Kiikala lentokenttä,15.2,2.1,-1.0
2023-08-29,Vantaa Helsinki-Vantaan lentoasema,16.2,0.6,-1.0
2023-08-29,Inkoo Bågaskär,17.5,,
2023-08-29,Helsinki Kaisaniemi,17.4,0.5,-1.0
2023-08-29,Lohja Porla,15.7,0.5,-1.0
2023-08-29,Vihti Maasoja,15.3,,
2023-08-29,Helsinki Harmaja,17.7,,
2023-08-29,Kirkkonummi Mäkiluoto,17.9,,
2023-08-29,Helsinki Helsingin majakka,17.5,,
2023-08-29,Helsinki Kumpula,17.0,1.2,-1.0
2023-08-29,Helsinki Malmi lentokenttä,16.0,,
2023-08-29,Porvoo Kalbådagrund,17.2,,
2023-08-29,Porvoo Emäsalo,17.6,,
2023-08-29,Porvoo Harabacka,16.6,-1.0,-1.0
2023-08-29,Kotka Rankki,17.6,-1.0,-1.0
2023-08-29,Loviisa Orrengrund,17.9,,
2023-08-29,Kotka Haapasaari,17.7,,
2023-08-29,Pori lentoasema,15.2,,
2023-08-29,Uusikaupunki Itätulli,,0.9,-1.0
2023-08-29,Kustavi Isokari,16.6,1.0,
2023-08-29,Rauma Kylmäpihlaja,15.8,,
2023-08-29,Pori rautatieasema,15.3,-1.0,-1.0
2023-08-29,Turku lentoasema,16.3,,
2023-08-29,Kokemäki Rausenkulma,,-1.0,-1.0
2023-08-29,Huittinen Sallila,,0.3,-1.0
2023-08-29,Oripää Teinikivi,,-1.0,-1.0
2023-08-29,Pöytyä Yläne,,0.2,-1.0
2023-08-29,Kokemäki Tulkkila,15.7,0.2,-1.0
2023-08-29,Jokioinen Ilmala,15.4,0.7,-1.0
2023-08-29,Nokia Tottijärvi,,-1.0,-1.0
2023-08-29,Pirkkala Tampere-Pirkkala lentoasema,15.7,,
2023-08-29,Tampere Härmälä,15.8,0.1,-1.0
2023-08-29,Somero Salkola,14.9,1.6,-1.0
2023-08-29,Hyvinkää Hyvinkäänkylä,16.0,0.6,-1.0
2023-08-29,Vihti Hiiskula,,-1.0,-1.0
2023-08-29,Hämeenlinna Pirttikoski,,-1.0,-1.0
2023-08-29,Nurmijärvi Röykkä,15.3,0.6,-1.0
2023-08-29,Hämeenlinna Katinen,16.2,-1.0,
2023-08-29,Hattula Lepaa,15.4,0.1,-1.0
2023-08-29,Hämeenlinna Lammi Pappila,15.4,-1.0,-1.0
2023-08-29,Asikkala Pulkkilanharju,15.9,,
2023-08-29,Kouvola Utti lentoasema,15.0,0.2,-1.0
2023-08-29,Kouvola Anjala,15.9,-1.0,-1.0
2023-08-29,Heinola Asemantaus,15.8,-1.0,-1.0
2023-08-29,Kouvola Voikoski,,-1.0,-1.0
2023-08-29,Virolahti Koivuniemi,16.2,0.0,-1.0
2023-08-29,Lappeenranta lentoasema,15.3,,
2023-08-29,Lappeenranta Konnunsuo,15.3,,
2023-08-29,Lappeenranta Lepola,15.6,-1.0,-1.0
2023-08-29,Ruokolahti Kotaniemi,,-1.0,-1.0
2023-08-29,Lappeenranta Hiekkapakka,16.7,,
2023-08-29,Parikkala Koitsanlahti,15.0,-1.0,-1.0
2023-08-29,Kaskinen Sälgrund,16.7,-1.0,
2023-08-29,Merikarvia Tuorila,,0.2,-1.0
2023-08-29,Isojoki Kärjenkoski,,-1.0,-1.0
2023-08-29,Teuva Kauppilankylä,,-1.0,-1.0
2023-08-29,Pori Tahkoluoto satama,16.1,,
2023-08-29,Kristiinankaupunki Majakka,16.0,,
2023-08-29,Karvia Alkkia,14.4,-1.0,-1.0
2023-08-29,Kurikka Hirvijärvi,,0.2,-1.0
2023-08-29,Kauhajoki Kuja-Kokko,15.5,-1.0,-1.0
2023-08-29,Kankaanpää Niinisalo lentokenttä,14.7,-1.0,-1.0
2023-08-29,Alavus Sulkavankylä,,-1.0,-1.0
2023-08-29,Virrat Äijänneva,14.8,,
2023-08-29,Tampere Siilinkari,16.3,,
2023-08-29,Jämsä Halli lentoasema,15.3,-1.0,-1.0
2023-08-29,Juupajoki Hyytiälä,14.8,-1.0,-1.0
2023-08-29,Sysmä Joutsjärvi,,-1.0,-1.0
2023-08-29,Jyväskylä Muuratjärvi,,-1.0,-1.0
2023-08-29,Luhanka Judinsalo,16.5,,
2023-08-29,Multia Pirttiperä,,-1.0,-1.0
2023-08-29,Joutsa Savenaho,14.9,-1.0,-1.0
2023-08-29,Kangasniemi kirkonkylä,,-1.0,-1.0
2023-08-29,Joutsa Pärnämäki,,-1.0,-1.0
2023-08-29,Juva Partala,15.3,,
2023-08-29,Varkaus Kosulanniemi,15.5,-1.0,-1.0
2023-08-29,Savonlinna Laukansaari,,-1.0,-1.0
2023-08-29,Sulkava Halttula,,-1.0,-1.0
2023-08-29,Savonlinna lentoasema,15.2,,
2023-08-29,Rantasalmi Rukkasluoto,16.8,,
2023-08-29,Savonlinna Punkaharju Laukansaari,15.6,-1.0,-1.0
2023-08-29,Enonkoski Simanala,,-1.0,-1.0
2023-08-29,Savonlinna Savonranta,,-1.0,-1.0
2023-08-29,Rääkkylä kirkonkylä,,-1.0,-1.0
2023-08-29,Tohmajärvi Kemie,14.8,-1.0,-1.0
2023-08-29,Joensuu Huhtilampi,,-1.0,-1.0
2023-08-29,Vaasa lentoasema,15.2,,
2023-08-29,Mustasaari Valassaaret,15.2,,
2023-08-29,Närpiö Ylimarkku,,-1.0,-1.0
2023-08-29,Mustasaari Riimala,,-1.0,-1.0
2023-08-29,Kurikka Pyörni,,0.1,-1.0
2023-08-29,Korsnäs Bredskäret,16.2,,
2023-08-29,Maalahti Strömmingsbådan,16.4,,
2023-08-29,Vaasa Klemettilä,15.6,-1.0,-1.0
2023-08-29,Seinäjoki Pelmaa,15.6,-1.0,-1.0
2023-08-29,Kauhava lentokenttä,14.6,-1.0,-1.0
2023-08-29,Ähtäri Inha,14.4,0.2,-1.0
2023-08-29,Halsua Purola,13.2,0.0,-1.0
2023-08-29,Alajärvi Möksy,13.8,-1.0,-1.0
2023-08-29,Multia Karhila,13.8,-1.0,-1.0
2023-08-29,Viitasaari Haapaniemi,14.9,-1.0,-1.0
2023-08-29,Äänekoski Kalaniemi,,0.2,-1.0
2023-08-29,Vesanto kirkonkylä,14.7,-1.0,-1.0
2023-08-29,Pielavesi Venetmäki,,0.3,-1.0
2023-08-29,Siilinjärvi Kuopio lentoasema,15.5,,
2023-08-29,Kuopio Maaninka,15.4,0.1,-1.0
2023-08-29,Lapinlahti Lamminkäyrä,,0.0,-1.0
2023-08-29,Suonenjoki Iisvesi,,-1.0,-1.0
2023-08-29,Kuopio Karttula,,-1.0,-1.0
2023-08-29,Kuopio Ritoniemi,16.3,,
2023-08-29,Kuopio Savilahti,15.4,1.7,-1.0
2023-08-29,Heinävesi Palokki,,0.0,-1.0
2023-08-29,Outokumpu Viuruniemi,,-1.0,-1.0
2023-08-29,Rautavaara Ala-Luosta,,-1.0,-1.0
2023-08-29,Rautavaara Ylä-Luosta,13.6,0.1,-1.0
2023-08-29,Liperi Joensuu lentoasema,15.5,,
2023-08-29,Juuka Niemelä,14.8,-1.0,-1.0
2023-08-29,Joensuu Pyhäselkä,,0.1,-1.0
2023-08-29,Lieksa Koli,,-1.0,-1.0
2023-08-29,Liperi Tuiskavanluoto,16.7,,
2023-08-29,Joensuu Linnunlahti,15.9,0.2,-1.0
2023-08-29,Lieksa Lampela,15.1,0.6,-1.0
2023-08-29,Ilomantsi Pötsönvaara,13.3,0.9,-1.0
2023-08-29,Ilomantsi Mekrijärvi,14.4,0.1,-1.0
2023-08-29,Pietarsaari Kallan,15.3,,
2023-08-29,Kokkola Tankar,15.1,,
2023-08-29,Kruunupyy Kokkola-Pietarsaari lentoasema,14.3,,
2023-08-29,Kaustinen Tastula,,0.0,-1.0
2023-08-29,Kalajoki Ulkokalla,15.3,,
2023-08-29,Kokkola Santahaka,14.4,0.6,-1.0
2023-08-29,Toholampi Oravala,,-1.0,-1.0
2023-08-29,Kalajoki Pitkäsenkylä,,-1.0,-1.0
2023-08-29,Kalajoki Mehtäkylä,,1.1,-1.0
2023-08-29,Toholampi Laitala,13.7,0.2,-1.0
2023-08-29,Ylivieska lentokenttä,13.1,-1.0,-1.0
2023-08-29,Ylivieska Vähäkangas,,0.2,-1.0
2023-08-29,Haapavesi Mustikkamäki,13.3,0.6,-1.0
2023-08-29,Pyhäjärvi Ojakylä,12.7,-1.0,-1.0
2023-08-29,Pyhäjärvi Hiidenniemi,,0.3,-1.0
2023-08-29,Kiuruvesi Korpijoki,,0.3,-1.0
2023-08-29,Siikalatva Kestilä,,1.8,-1.0
2023-08-29,Kajaani lentoasema,13.2,,
2023-08-29,Vieremä Kaarakkala,12.9,1.1,-1.0
2023-08-29,Kajaani Paltaniemi,,0.2,-1.0
2023-08-29,Nurmes Valtimo,13.9,0.3,-1.0
2023-08-29,Ristijärvi Mustavaara,,2.0,-1.0
2023-08-29,Sotkamo Kuolaniemi,13.0,1.2,-1.0
2023-08-29,Nurmes Mujejärvi,,3.3,-1.0
2023-08-29,Kuhmo Apaja,,3.6,-1.0
2023-08-29,Kuhmo Kalliojoki,12.4,4.9,-1.0
2023-08-29,Raahe Nahkiainen,14.7,,
2023-08-29,Hailuoto Keskikylä,13.6,0.4,-1.0
2023-08-29,Kemi I majakka,14.5,,
2023-08-29,Hailuoto Marjaniemi,14.0,,
2023-08-29,Raahe Lapaluoto satama,13.7,,
2023-08-29,Oulu lentoasema,13.7,,
2023-08-29,Siikajoki Ruukki,12.9,0.3,-1.0
2023-08-29,Oulu Vihreäsaari satama,13.7,,
2023-08-29,Oulu Oulunsalo Pellonpää,13.5,0.2,-1.0
2023-08-29,Vaala Pelso,11.9,0.3,-1.0
2023-08-29,Pudasjärvi lentokenttä,11.8,2.4,-1.0
2023-08-29,Utajärvi Särkijärvi,,1.6,-1.0
2023-08-29,Pudasjärvi Jaurakkajärvi,,8.2,-1.0
2023-08-29,Suomussalmi Näljänkä,,4.5,-1.0
2023-08-29,Suomussalmi Pesiö,11.6,3.5,-1.0
2023-08-29,Puolanka Kotila,,3.2,-1.0
2023-08-29,Puolanka Paljakka,10.6,2.1,-1.0
2023-08-29,Kemi Kemi-Tornio lentoasema,12.1,,
2023-08-29,Kemi Ajos,13.9,,
2023-08-29,Tornio Kaakkuri,13.0,-1.0,
2023-08-29,Ranua lentokenttä,10.4,5.1,-1.0
2023-08-29,Pudasjärvi Sarakylä,,9.5,-1.0
2023-08-29,Posio Raistakka,,10.0,-1.0
2023-08-29,Taivalkoski Inkee,,8.2,-1.0
2023-08-29,Taivalkoski kirkonkylä,11.1,3.0,-1.0
2023-08-29,Kuusamo lentoasema,10.5,5.6,-1.0
2023-08-29,Kuusamo Kiutaköngäs,11.1,10.2,-1.0
2023-08-29,Kuusamo Rukatunturi,8.6,,
2023-08-29,Kuusamo Teeriranta,,5.3,-1.0
2023-08-29,Kuusamo Juuma,10.0,,
2023-08-29,Ylitornio Meltosjärvi,11.1,1.8,-1.0
2023-08-29,Kolari Kattilamaa,,3.6,-1.0
2023-08-29,Pello kirkonkylä,11.6,1.3,-1.0
2023-08-29,Rovaniemi rautatieasema,11.1,,
2023-08-29,Sodankylä Tähtelä,10.5,6.3,-1.0
2023-08-29,Rovaniemi Apukka,10.6,8.1,-1.0
2023-08-29,Pelkosenniemi kirkonkylä,,10.2,-1.0
2023-08-29,Kemijärvi lentokenttä,10.4,12.7,-1.0
2023-08-29,Savukoski kirkonkylä,11.0,7.1,-1.0
2023-08-29,Salla Kelloselkä,,4.4,-1.0
2023-08-29,Pelkosenniemi Pyhätunturi,8.5,,
2023-08-29,Salla kirkonkylä,10.8,8.2,-1.0
2023-08-29,Salla Naruska,10.8,5.5,-1.0
2023-08-29,Enontekiö Kaaresuvanto,,0.5,-1.0
2023-08-29,Enontekiö lentoasema,9.9,,
2023-08-29,Kittilä Pulju,,0.9,-1.0
2023-08-29,Muonio Laukukero,7.5,,
2023-08-29,Muonio Sammaltunturi,8.5,,
2023-08-29,Kittilä Matorova,9.8,,
2023-08-29,Kittilä lentoasema,10.5,,
2023-08-29,Kittilä Kenttärova,9.7,1.4,-1.0
2023-08-29,Kittilä Pakatti,10.4,1.2,-1.0
2023-08-29,Kittilä Pokka,9.6,3.6,-1.0
2023-08-29,Sodankylä Lokka,10.2,4.5,-1.0
2023-08-29,Sodankylä Vuotso,9.9,5.9,-1.0
2023-08-29,Inari Saariselkä matkailukeskus,9.5,3.2,-1.0
2023-08-29,Inari Saariselkä Kaunispää,8.5,,
2023-08-29,Inari Raja-Jooseppi,9.5,,
2023-08-29,Salla Värriötunturi,8.9,6.3,-1.0
2023-08-29,Enontekiö Kilpisjärvi kyläkeskus,10.0,14.8,-1.0
2023-08-29,Enontekiö Kilpisjärvi Saana,6.8,,
2023-08-29,Enontekiö Näkkälä,10.0,3.5,-1.0
2023-08-29,Inari Angeli Lintupuoliselkä,10.2,-1.0,-1.0
2023-08-29,Inari Ivalo lentoasema,10.2,,
2023-08-29,Utsjoki Kevo,10.7,-1.0,-1.0
2023-08-29,Utsjoki Nuorgam,10.2,-1.0,-1.0
2023-08-29,Inari Väylä,10.8,,
2023-08-29,Inari kirkonkylä,,-1.0,-1.0
2023-08-29,Inari Kaamanen,10.8,0.1,-1.0
2023-08-29,Inari Nellim,10.6,1.3,-1.0
2023-08-29,Inari Kirakkajärvi,10.8,0.1,-1.0
2023-08-29,Mäntsälä Hirvihaara,15.4,0.3,-1.0
2023-08-29,Lahti Sopenkorpi,16.0,-1.0,-1.0
2023-08-29,Siuntio Sjundby,,0.4,-1.0
2023-08-29,Sipoo Itätoukki,17.8,,
2023-08-29,Rauma Pyynpää,15.8,0.8,-1.0
2023-08-29,Muonio Oustajärvi,10.6,3.0,-1.0
2023-08-29,Pyhtää lentokenttä,16.3,-1.0,-1.0
2023-08-29,Sotkamo Tuhkakylä,13.2,3.2,-1.0
2023-08-29,Tervola Loue,11.3,,
2023-08-29,Savukoski Tulppio,9.9,6.3,-1.0
2023-08-29,Mikkeli Pitkäaho,,0.0,-1.0
2023-08-29,Inkoo Jakobramsjö,,,
2023-08-29,Kajaani Petäisenniska,13.0,1.1,-1.0
2023-08-29,Utsjoki Kevo Kevojärvi,10.9,,
2023-08-29,Inari Seitalaassa,11.9,,
2023-08-29,Ilmajoki Seinäjoki lentoasema,15.2,,
2023-08-29,Rovaniemi lentoasema AWOS,10.2,9.5,-1.0
2023-08-29,Jyväskylä lentoasema AWOS,14.5,-1.0,-1.0
2023-08-29,Puumala kirkonkylä,16.3,-1.0,-1.0
2023-08-29,Helsinki Vuosaari satama,17.5,,
2023-08-29,Maarianhamina Länsisatama,16.3,,
2023-08-29,Lumparland Långnäs satama,16.6,2.8,-1.0
2023-08-29,Kittilä Lompolonvuoma,10.3,1.4,
2023-08-29,Kuusamo Ruka Talvijärvi,10.2,,
2023-08-29,Espoo Nuuksio,15.0,0.2,-1.0
2023-08-29,Mikkeli Lentoasema AWOS,14.7,-1.0,-1.0
2023-08-29,Espoo Tapiola,16.4,0.6,-1.0
2023-08-30,Porvoo Kilpilahti satama,16.9,,
2023-08-30,Jomala Maarianhamina lentoasema,15.1,,
2023-08-30,Parainen Utö,16.2,1.2,-1.0
2023-08-30,Lemland Nyhamn,15.7,,
2023-08-30,Jomala Jomalaby,14.6,4.3,-1.0
2023-08-30,Hammarland Märket,15.3,,
2023-08-30,Kökar Bogskär,15.5,,
2023-08-30,Parainen Fagerholm,15.9,1.6,
2023-08-30,Kumlinge kirkonkylä,14.8,,
2023-08-30,Hanko Russarö,17.4,4.0,
2023-08-30,Kaarina Yltöinen,15.2,3.8,-1.0
2023-08-30,Kemiönsaari Vänö,16.5,,
2023-08-30,Hanko Tulliniemi,17.4,,
2023-08-30,Turku Rajakari,15.8,,
2023-08-30,Turku Artukainen,14.9,4.3,-1.0
2023-08-30,Kemiönsaari Kemiö,15.3,6.0,-1.0
2023-08-30,Hanko Tvärminne,17.5,7.9,-1.0
2023-08-30,Salo Kärkkä,15.1,4.8,
2023-08-30,Lohja Leppäkorpi,,4.0,-1.0
2023-08-30,Raasepori Jussarö,17.3,,
2023-08-30,Salo Kiikala lentokenttä,14.8,5.7,-1.0
2023-08-30,Vantaa Helsinki-Vantaan lentoasema,15.5,24.3,-1.0
2023-08-30,Inkoo Bågaskär,17.4,,
2023-08-30,Helsinki Kaisaniemi,16.6,34.7,-1.0
2023-08-30,Lohja Porla,15.8,3.9,-1.0
2023-08-30,Vihti Maasoja,14.8,,
2023-08-30,Helsinki Harmaja,17.7,,
2023-08-30,Kirkkonummi Mäkiluoto,17.8,,
2023-08-30,Helsinki Helsingin majakka,17.5,,
2023-08-30,Helsinki Kumpula,16.4,28.0,-1.0
2023-08-30,Helsinki Malmi lentokenttä,15.6,,
2023-08-30,Porvoo Kalbådagrund,17.4,,
2023-08-30,Porvoo Emäsalo,17.3,,
2023-08-30,Porvoo Harabacka,15.4,21.7,-1.0
2023-08-30,Kotka Rankki,17.4,20.7,-1.0
2023-08-30,Loviisa Orrengrund,17.5,,
2023-08-30,Kotka Haapasaari,17.7,,
2023-08-30,Pori lentoasema,13.9,,
2023-08-30,Uusikaupunki Itätulli,,10.7,-1.0
2023-08-30,Kustavi Isokari,15.4,3.7,
2023-08-30,Rauma Kylmäpihlaja,15.0,,
2023-08-30,Pori rautatieasema,14.0,7.3,-1.0
2023-08-30,Turku lentoasema,14.1,,
2023-08-30,Kokemäki Rausenkulma,,9.8,-1.0
2023-08-30,Huittinen Sallila,,8.8,-1.0
2023-08-30,Oripää Teinikivi,,6.8,-1.0
2023-08-30,Pöytyä Yläne,,6.9,-1.0
2023-08-30,Kokemäki Tulkkila,13.6,13.8,-1.0
2023-08-30,Jokioinen Ilmala,14.0,4.0,-1.0
2023-08-30,Nokia Tottijärvi,,6.8,-1.0
2023-08-30,Pirkkala Tampere-Pirkkala lentoasema,13.8,,
2023-08-30,Tampere Härmälä,13.7,3.6,-1.0
2023-08-30,Somero Salkola,14.2,5.8,-1.0
2023-08-30,Hyvinkää Hyvinkäänkylä,14.5,13.2,-1.0
2023-08-30,Vihti Hiiskula,,8.2,-1.0
2023-08-30,Hämeenlinna Pirttikoski,,6.7,-1.0
2023-08-30,Nurmijärvi Röykkä,15.2,9.6,-1.0
2023-08-30,Hämeenlinna Katinen,14.8,3.5,
2023-08-30,Hattula Lepaa,14.1,6.6,-1.0
2023-08-30,Hämeenlinna Lammi Pappila,14.3,6.3,-1.0
2023-08-30,Asikkala Pulkkilanharju,15.3,,
2023-08-30,Kouvola Utti lentoasema,14.6,24.3,-1.0
2023-08-30,Kouvola Anjala,15.2,24.0,-1.0
2023-08-30,Heinola Asemantaus,14.7,20.5,-1.0
2023-08-30,Kouvola Voikoski,,16.8,-1.0
2023-08-30,Virolahti Koivuniemi,15.7,34.3,-1.0
2023-08-30,Lappeenranta lentoasema,14.4,,
2023-08-30,Lappeenranta Konnunsuo,14.3,,
2023-08-30,Lappeenranta Lepola,14.6,12.5,-1.0
2023-08-30,Ruokolahti Kotaniemi,,9.9,-1.0
2023-08-30,Lappeenranta Hiekkapakka,16.1,,
2023-08-30,Parikkala Koitsanlahti,14.0,4.0,-1.0
2023-08-30,Kaskinen Sälgrund,15.1,2.0,
2023-08-30,Merikarvia Tuorila,,3.0,-1.0
2023-08-30,Isojoki Kärjenkoski,,2.2,-1.0
2023-08-30,Teuva Kauppilankylä,,0.5,-1.0
2023-08-30,Pori Tahkoluoto satama,14.9,,
2023-08-30,Kristiinankaupunki Majakka,15.1,,
2023-08-30,Karvia Alkkia,13.1,3.1,-1.0
2023-08-30,Kurikka Hirvijärvi,,4.2,-1.0
2023-08-30,Kauhajoki Kuja-Kokko,13.8,1.6,-1.0
2023-08-30,Kankaanpää Niinisalo lentokenttä,13.1,4.6,-1.0
2023-08-30,Alavus Sulkavankylä,,2.7,-1.0
2023-08-30,Virrat Äijänneva,13.1,,
2023-08-30,Tampere Siilinkari,14.8,,
2023-08-30,Jämsä Halli lentoasema,14.3,4.9,-1.0
2023-08-30,Juupajoki Hyytiälä,12.9,4.9,-1.0
2023-08-30,Sysmä Joutsjärvi,,8.2,-1.0
2023-08-30,Jyväskylä Muuratjärvi,,2.3,-1.0
2023-08-30,Luhanka Judinsalo,15.9,,
2023-08-30,Multia Pirttiperä,,4.3,-1.0
2023-08-30,Joutsa Savenaho,14.6,10.7,-1.0
2023-08-30,Kangasniemi kirkonkylä,,14.1,-1.0
2023-08-30,Joutsa Pärnämäki,,13.0,-1.0
2023-08-30,Juva Partala,15.0,,
2023-08-30,Varkaus Kosulanniemi,15.8,8.5,-1.0
2023-08-30,Savonlinna Laukansaari,,6.9,-1.0
2023-08-30,Sulkava Halttula,,10.2,-1.0
2023-08-30,Savonlinna lentoasema,15.9,,
2023-08-30,Rantasalmi Rukkasluoto,16.8,,
2023-08-30,Savonlinna Punkaharju Laukansaari,15.7,5.4,-1.0
2023-08-30,Enonkoski Simanala,,13.0,-1.0
2023-08-30,Savonlinna Savonranta,,7.8,-1.0
2023-08-30,Rääkkylä kirkonkylä,,10.4,-1.0
2023-08-30,Tohmajärvi Kemie,13.9,4.2,-1.0
2023-08-30,Joensuu Huhtilampi,,4.2,-1.0
2023-08-30,Vaasa lentoasema,14.3,,
2023-08-30,Mustasaari Valassaaret,15.4,,
2023-08-30,Närpiö Ylimarkku,,0.2,-1.0
2023-08-30,Mustasaari Riimala,,1.1,-1.0
2023-08-30,Kurikka Pyörni,,0.6,-1.0
2023-08-30,Korsnäs Bredskäret,15.2,,
2023-08-30,Maalahti Strömmingsbådan,16.1,,
2023-08-30,Vaasa Klemettilä,14.8,1.2,-1.0
2023-08-30,Seinäjoki Pelmaa,14.1,0.8,-1.0
2023-08-30,Kauhava lentokenttä,13.8,0.7,-1.0
2023-08-30,Ähtäri Inha,13.3,1.8,-1.0
2023-08-30,Halsua Purola,13.7,0.7,-1.0
2023-08-30,Alajärvi Möksy,13.0,1.1,-1.0
2023-08-30,Multia Karhila,13.0,2.1,-1.0
2023-08-30,Viitasaari Haapaniemi,14.7,0.9,-1.0
2023-08-30,Äänekoski Kalaniemi,,3.2,-1.0
2023-08-30,Vesanto kirkonkylä,14.0,5.6,-1.0
2023-08-30,Pielavesi Venetmäki,,5.4,-1.0
2023-08-30,Siilinjärvi Kuopio lentoasema,15.7,,
2023-08-30,Kuopio Maaninka,15.3,8.2,-1.0
2023-08-30,Lapinlahti Lamminkäyrä,,8.2,-1.0
2023-08-30,Suonenjoki Iisvesi,,12.2,-1.0
2023-08-30,Kuopio Karttula,,14.0,-1.0
2023-08-30,Kuopio Ritoniemi,15.5,,
2023-08-30,Kuopio Savilahti,15.6,10.9,-1.0
2023-08-30,Heinävesi Palokki,,9.8,-1.0
2023-08-30,Outokumpu Viuruniemi,,6.8,-1.0
2023-08-30,Rautavaara Ala-Luosta,,10.2,-1.0
2023-08-30,Rautavaara Ylä-Luosta,14.0,10.8,-1.0
2023-08-30,Liperi Joensuu lentoasema,14.8,,
2023-08-30,Juuka Niemelä,14.3,8.0,-1.0
2023-08-30,Joensuu Pyhäselkä,,14.5,-1.0
2023-08-30,Lieksa Koli,,8.9,-1.0
2023-08-30,Liperi Tuiskavanluoto,16.8,,
2023-08-30,Joensuu Linnunlahti,15.8,15.1,-1.0
2023-08-30,Lieksa Lampela,14.9,8.3,-1.0
2023-08-30,Ilomantsi Pötsönvaara,14.2,8.6,-1.0
2023-08-30,Ilomantsi Mekrijärvi,15.1,5.1,-1.0
2023-08-30,Pietarsaari Kallan,15.2,,
2023-08-30,Kokkola Tankar,15.6,,
2023-08-30,Kruunupyy Kokkola-Pietarsaari lentoasema,14.2,,
2023-08-30,Kaustinen Tastula,,1.3,-1.0
2023-08-30,Kalajoki Ulkokalla,15.5,,
2023-08-30,Kokkola Santahaka,14.5,-1.0,-1.0
2023-08-30,Toholampi Oravala,,4.5,-1.0
2023-08-30,Kalajoki Pitkäsenkylä,,-1.0,-1.0
2023-08-30,Kalajoki Mehtäkylä,,0.4,-1.0
2023-08-30,Toholampi Laitala,14.3,1.1,-1.0
2023-08-30,Ylivieska lentokenttä,13.8,3.2,-1.0
2023-08-30,Ylivieska Vähäkangas,,3.1,-1.0
2023-08-30,Haapavesi Mustikkamäki,14.1,2.9,-1.0
2023-08-30,Pyhäjärvi Ojakylä,13.4,5.4,-1.0
2023-08-30,Pyhäjärvi Hiidenniemi,,1.5,-1.0
2023-08-30,Kiuruvesi Korpijoki,,2.0,-1.0
2023-08-30,Siikalatva Kestilä,,1.1,-1.0
2023-08-30,Kajaani lentoasema,14.4,,
2023-08-30,Vieremä Kaarakkala,14.3,4.4,-1.0
2023-08-30,Kajaani Paltaniemi,,2.3,-1.0
2023-08-30,Nurmes Valtimo,14.6,6.8,-1.0
2023-08-30,Ristijärvi Mustavaara,,5.1,-1.0
2023-08-30,Sotkamo Kuolaniemi,14.9,7.6,-1.0
2023-08-30,Nurmes Mujejärvi,,8.2,-1.0
2023-08-30,Kuhmo Apaja,,6.3,-1.0
2023-08-30,Kuhmo Kalliojoki,14.5,4.3,-1.0
2023-08-30,Raahe Nahkiainen,15.4,,
2023-08-30,Hailuoto Keskikylä,14.7,0.1,-1.0
2023-08-30,Kemi I majakka,16.2,,
2023-08-30,Hailuoto Marjaniemi,15.3,,
2023-08-30,Raahe Lapaluoto satama,15.0,,
2023-08-30,Oulu lentoasema,14.8,,
2023-08-30,Siikajoki Ruukki,14.2,3.8,-1.0
2023-08-30,Oulu Vihreäsaari satama,15.0,,
2023-08-30,Oulu Oulunsalo Pellonpää,14.6,3.9,-1.0
2023-08-30,Vaala Pelso,13.1,1.9,-1.0
2023-08-30,Pudasjärvi lentokenttä,14.3,1.4,-1.0
2023-08-30,Utajärvi Särkijärvi,,2.2,-1.0
2023-08-30,Pudasjärvi Jaurakkajärvi,,0.7,-1.0
2023-08-30,Suomussalmi Näljänkä,,0.6,-1.0
2023-08-30,Suomussalmi Pesiö,13.7,3.0,-1.0
2023-08-30,Puolanka Kotila,,3.8,-1.0
2023-08-30,Puolanka Paljakka,13.4,2.9,-1.0
2023-08-30,Kemi Kemi-Tornio lentoasema,13.3,,
2023-08-30,Kemi Ajos,16.1,,
2023-08-30,Tornio Kaakkuri,14.4,0.3,
2023-08-30,Ranua lentokenttä,13.6,1.7,-1.0
2023-08-30,Pudasjärvi Sarakylä,,5.0,-1.0
2023-08-30,Posio Raistakka,,4.1,-1.0
2023-08-30,Taivalkoski Inkee,,1.2,-1.0
2023-08-30,Taivalkoski kirkonkylä,14.4,0.9,-1.0
2023-08-30,Kuusamo lentoasema,13.8,0.4,-1.0
2023-08-30,Kuusamo Kiutaköngäs,13.1,2.1,-1.0
2023-08-30,Kuusamo Rukatunturi,12.6,,
2023-08-30,Kuusamo Teeriranta,,1.5,-1.0
2023-08-30,Kuusamo Juuma,12.5,,
2023-08-30,Ylitornio Meltosjärvi,12.8,-1.0,-1.0
2023-08-30,Kolari Kattilamaa,,-1.0,-1.0
2023-08-30,Pello kirkonkylä,13.5,-1.0,-1.0
2023-08-30,Rovaniemi rautatieasema,14.4,,
2023-08-30,Sodankylä Tähtelä,12.4,-1.0,-1.0
2023-08-30,Rovaniemi Apukka,13.2,-1.0,-1.0
2023-08-30,Pelkosenniemi kirkonkylä,,-1.0,-1.0
2023-08-30,Kemijärvi lentokenttä,12.6,1.7,-1.0
2023-08-30,Savukoski kirkonkylä,12.7,-1.0,-1.0
2023-08-30,Salla Kelloselkä,,-1.0,-1.0
2023-08-30,Pelkosenniemi Pyhätunturi,12.0,,
2023-08-30,Salla kirkonkylä,12.5,0.9,-1.0
2023-08-30,Salla Naruska,11.4,-1.0,-1.0
2023-08-30,Enontekiö Kaaresuvanto,,1.2,-1.0
2023-08-30,Enontekiö lentoasema,11.5,,
2023-08-30,Kittilä Pulju,,-1.0,-1.0
2023-08-30,Muonio Laukukero,10.3,,
2023-08-30,Muonio Sammaltunturi,11.0,,
2023-08-30,Kittilä Matorova,13.0,,
2023-08-30,Kittilä lentoasema,10.9,,
2023-08-30,Kittilä Kenttärova,11.6,-1.0,-1.0
2023-08-30,Kittilä Pakatti,10.6,-1.0,
2023-08-30,Kittilä Pokka,10.1,-1.0,-1.0
2023-08-30,Sodankylä Lokka,11.5,-1.0,-1.0
2023-08-30,Sodankylä Vuotso,9.8,-1.0,-1.0
2023-08-30,Inari Saariselkä matkailukeskus,10.4,-1.0,-1.0
2023-08-30,Inari Saariselkä Kaunispää,10.7,,
2023-08-30,Inari Raja-Jooseppi,11.8,,
2023-08-30,Salla Värriötunturi,11.8,0.3,-1.0
2023-08-30,Enontekiö Kilpisjärvi kyläkeskus,11.1,0.1,-1.0
2023-08-30,Enontekiö Kilpisjärvi Saana,8.0,,
2023-08-30,Enontekiö Näkkälä,10.8,2.3,-1.0
2023-08-30,Inari Angeli Lintupuoliselkä,11.9,0.4,-1.0
2023-08-30,Inari Ivalo lentoasema,12.0,,
2023-08-30,Utsjoki Kevo,13.3,-1.0,-1.0
2023-08-30,Utsjoki Nuorgam,11.3,1.2,-1.0
2023-08-30,Inari Väylä,12.1,,
2023-08-30,Inari kirkonkylä,,0.3,-1.0
2023-08-30,Inari Kaamanen,12.4,-1.0,-1.0
2023-08-30,Inari Nellim,12.3,-1.0,-1.0
2023-08-30,Inari Kirakkajärvi,12.7,-1.0,-1.0
2023-08-30,Mäntsälä Hirvihaara,14.3,11.5,-1.0
2023-08-30,Lahti Sopenkorpi,14.8,18.5,-1.0
2023-08-30,Siuntio Sjundby,,3.7,-1.0
2023-08-30,Sipoo Itätoukki,17.7,,
2023-08-30,Rauma Pyynpää,13.7,8.0,-1.0
2023-08-30,Muonio Oustajärvi,11.2,-1.0,-1.0
2023-08-30,Pyhtää lentokenttä,15.1,37.9,-1.0
2023-08-30,Sotkamo Tuhkakylä,14.7,10.3,-1.0
2023-08-30,Tervola Loue,13.0,,
2023-08-30,Savukoski Tulppio,12.5,0.4,-1.0
2023-08-30,Mikkeli Pitkäaho,,12.1,-1.0
2023-08-30,Inkoo Jakobramsjö,17.4,,
2023-08-30,Kajaani Petäisenniska,14.6,3.9,-1.0
2023-08-30,Utsjoki Kevo Kevojärvi,13.0,,
2023-08-30,Inari Seitalaassa,13.1,,
2023-08-30,Ilmajoki Seinäjoki lentoasema,13.3,,
2023-08-30,Rovaniemi lentoasema AWOS,13.3,0.6,-1.0
2023-08-30,Jyväskylä lentoasema AWOS,12.9,5.0,-1.0
2023-08-30,Puumala kirkonkylä,15.8,17.2,-1.0
2023-08-30,Helsinki Vuosaari satama,17.3,,
2023-08-30,Maarianhamina Länsisatama,15.2,,
2023-08-30,Lumparland Långnäs satama,15.3,5.3,-1.0
2023-08-30,Kittilä Lompolonvuoma,11.3,-1.0,
2023-08-30,Kuusamo Ruka Talvijärvi,13.2,,
2023-08-30,Espoo Nuuksio,15.4,12.9,-1.0
2023-08-30,Mikkeli Lentoasema AWOS,14.5,16.7,-1.0
2023-08-30,Espoo Tapiola,15.8,20.0,-1.0
2023-08-31,Porvoo Kilpilahti satama,18.6,,
2023-08-31,Jomala Maarianhamina lentoasema,16.0,,
2023-08-31,Parainen Utö,16.6,0.0,-1.0
2023-08-31,Lemland Nyhamn,16.1,,
2023-08-31,Jomala Jomalaby,15.7,0.8,-1.0
2023-08-31,Hammarland Märket,15.3,,
2023-08-31,Kökar Bogskär,16.0,,
2023-08-31,Parainen Fagerholm,16.4,1.0,
2023-08-31,Kumlinge kirkonkylä,16.1,,
2023-08-31,Hanko Russarö,17.0,3.6,
2023-08-31,Kaarina Yltöinen,16.7,2.6,-1.0
2023-08-31,Kemiönsaari Vänö,16.4,,
2023-08-31,Hanko Tulliniemi,17.2,,
2023-08-31,Turku Rajakari,16.4,,
2023-08-31,Turku Artukainen,16.1,3.0,-1.0
2023-08-31,Kemiönsaari Kemiö,16.6,3.4,-1.0
2023-08-31,Hanko Tvärminne,16.9,8.0,-1.0
2023-08-31,Salo Kärkkä,16.9,11.3,
2023-08-31,Lohja Leppäkorpi,,19.5,-1.0
2023-08-31,Raasepori Jussarö,17.2,,
2023-08-31,Salo Kiikala lentokenttä,16.7,24.7,-1.0
2023-08-31,Vantaa Helsinki-Vantaan lentoasema,17.9,8.1,-1.0
2023-08-31,Inkoo Bågaskär,17.5,,
2023-08-31,Helsinki Kaisaniemi,18.1,9.4,-1.0
2023-08-31,Lohja Porla,17.2,30.2,-1.0
2023-08-31,Vihti Maasoja,17.7,,
2023-08-31,Helsinki Harmaja,18.1,,
2023-08-31,Kirkkonummi Mäkiluoto,17.8,,
2023-08-31,Helsinki Helsingin majakka,17.9,,
2023-08-31,Helsinki Kumpula,18.0,9.1,-1.0
2023-08-31,Helsinki Malmi lentokenttä,18.1,,
2023-08-31,Porvoo Kalbådagrund,18.0,,
2023-08-31,Porvoo Emäsalo,18.2,,
2023-08-31,Porvoo Harabacka,18.3,2.5,-1.0
2023-08-31,Kotka Rankki,18.6,1.1,-1.0
2023-08-31,Loviisa Orrengrund,18.6,,
2023-08-31,Kotka Haapasaari,18.8,,
2023-08-31,Pori lentoasema,16.1,,
2023-08-31,Uusikaupunki Itätulli,,4.7,-1.0
2023-08-31,Kustavi Isokari,16.2,0.9,
2023-08-31,Rauma Kylmäpihlaja,16.1,,
2023-08-31,Pori rautatieasema,16.1,10.1,-1.0
2023-08-31,Turku lentoasema,15.9,,
2023-08-31,Kokemäki Rausenkulma,,9.5,-1.0
2023-08-31,Huittinen Sallila,,16.0,-1.0
2023-08-31,Oripää Teinikivi,,6.0,-1.0
2023-08-31,Pöytyä Yläne,,4.3,-1.0
2023-08-31,Kokemäki Tulkkila,16.6,13.0,-1.0
2023-08-31,Jokioinen Ilmala,16.9,20.4,-1.0
2023-08-31,Nokia Tottijärvi,,24.6,-1.0
2023-08-31,Pirkkala Tampere-Pirkkala lentoasema,17.1,,
2023-08-31,Tampere Härmälä,17.3,19.6,-1.0
2023-08-31,Somero Salkola,16.7,16.5,-1.0
2023-08-31,Hyvinkää Hyvinkäänkylä,17.3,9.3,-1.0
2023-08-31,Vihti Hiiskula,,11.7,-1.0
2023-08-31,Hämeenlinna Pirttikoski,,15.3,-1.0
2023-08-31,Nurmijärvi Röykkä,17.2,11.2,-1.0
2023-08-31,Hämeenlinna Katinen,17.6,9.0,
2023-08-31,Hattula Lepaa,17.3,7.3,-1.0
2023-08-31,Hämeenlinna Lammi Pappila,17.4,4.9,-1.0
2023-08-31,Asikkala Pulkkilanharju,17.4,,
2023-08-31,Kouvola Utti lentoasema,17.9,2.9,-1.0
2023-08-31,Kouvola Anjala,18.2,2.9,-1.0
2023-08-31,Heinola Asemantaus,17.7,3.7,-1.0
2023-08-31,Kouvola Voikoski,,2.5,-1.0
2023-08-31,Virolahti Koivuniemi,18.9,0.6,-1.0
2023-08-31,Lappeenranta lentoasema,18.6,,
2023-08-31,Lappeenranta Konnunsuo,18.8,,
2023-08-31,Lappeenranta Lepola,18.3,2.6,-1.0
2023-08-31,Ruokolahti Kotaniemi,,-1.0,-1.0
2023-08-31,Lappeenranta Hiekkapakka,18.8,,
2023-08-31,Parikkala Koitsanlahti,18.8,-1.0,-1.0
2023-08-31,Kaskinen Sälgrund,15.3,3.6,
2023-08-31,Merikarvia Tuorila,,12.3,-1.0
2023-08-31,Isojoki Kärjenkoski,,9.0,-1.0
2023-08-31,Teuva Kauppilankylä,,9.1,-1.0
2023-08-31,Pori Tahkoluoto satama,15.9,,
2023-08-31,Kristiinankaupunki Majakka,15.6,,
2023-08-31,Karvia Alkkia,15.4,16.9,-1.0
2023-08-31,Kurikka Hirvijärvi,,22.5,-1.0
2023-08-31,Kauhajoki Kuja-Kokko,15.1,13.4,-1.0
2023-08-31,Kankaanpää Niinisalo lentokenttä,15.9,19.1,-1.0
2023-08-31,Alavus Sulkavankylä,,15.0,-1.0
2023-08-31,Virrat Äijänneva,16.2,,
2023-08-31,Tampere Siilinkari,17.2,,
2023-08-31,Jämsä Halli lentoasema,17.2,7.9,-1.0
2023-08-31,Juupajoki Hyytiälä,16.7,19.0,-1.0
2023-08-31,Sysmä Joutsjärvi,,6.2,-1.0
2023-08-31,Jyväskylä Muuratjärvi,,17.5,-1.0
2023-08-31,Luhanka Judinsalo,17.9,,
2023-08-31,Multia Pirttiperä,,15.5,-1.0
2023-08-31,Joutsa Savenaho,17.1,4.5,-1.0
2023-08-31,Kangasniemi kirkonkylä,,10.9,-1.0
2023-08-31,Joutsa Pärnämäki,,6.0,-1.0
2023-08-31,Juva Partala,18.3,,
2023-08-31,Varkaus Kosulanniemi,18.4,1.0,-1.0
2023-08-31,Savonlinna Laukansaari,,0.3,-1.0
2023-08-31,Sulkava Halttula,,1.8,-1.0
2023-08-31,Savonlinna lentoasema,18.8,,
2023-08-31,Rantasalmi Rukkasluoto,18.7,,
2023-08-31,Savonlinna Punkaharju Laukansaari,18.7,-1.0,-1.0
2023-08-31,Enonkoski Simanala,,0.9,-1.0
2023-08-31,Savonlinna Savonranta,,0.2,-1.0
2023-08-31,Rääkkylä kirkonkylä,,-1.0,-1.0
2023-08-31,Tohmajärvi Kemie,18.1,-1.0,-1.0
2023-08-31,Joensuu Huhtilampi,,-1.0,-1.0
2023-08-31,Vaasa lentoasema,15.1,,
2023-08-31,Mustasaari Valassaaret,15.2,,
2023-08-31,Närpiö Ylimarkku,,7.5,-1.0
2023-08-31,Mustasaari Riimala,,15.2,-1.0
2023-08-31,Kurikka Pyörni,,10.7,-1.0
2023-08-31,Korsnäs Bredskäret,15.5,,
2023-08-31,Maalahti Strömmingsbådan,15.7,,
2023-08-31,Vaasa Klemettilä,15.0,14.9,-1.0
2023-08-31,Seinäjoki Pelmaa,15.2,14.0,-1.0
2023-08-31,Kauhava lentokenttä,15.5,17.8,-1.0
2023-08-31,Ähtäri Inha,16.3,35.6,-1.0
2023-08-31,Halsua Purola,15.6,8.2,-1.0
2023-08-31,Alajärvi Möksy,15.8,22.9,-1.0
2023-08-31,Multia Karhila,16.3,15.3,-1.0
2023-08-31,Viitasaari Haapaniemi,16.8,18.7,-1.0
2023-08-31,Äänekoski Kalaniemi,,21.1,-1.0
2023-08-31,Vesanto kirkonkylä,17.0,20.0,-1.0
2023-08-31,Pielavesi Venetmäki,,37.0,-1.0
2023-08-31,Siilinjärvi Kuopio lentoasema,17.7,,
2023-08-31,Kuopio Maaninka,17.5,10.1,-1.0
2023-08-31,Lapinlahti Lamminkäyrä,,9.6,-1.0
2023-08-31,Suonenjoki Iisvesi,,9.1,-1.0
2023-08-31,Kuopio Karttula,,7.3,-1.0
2023-08-31,Kuopio Ritoniemi,18.0,,
2023-08-31,Kuopio Savilahti,17.9,1.7,-1.0
2023-08-31,Heinävesi Palokki,,1.7,-1.0
2023-08-31,Outokumpu Viuruniemi,,4.5,-1.0
2023-08-31,Rautavaara Ala-Luosta,,3.3,-1.0
2023-08-31,Rautavaara Ylä-Luosta,16.9,5.2,-1.0
2023-08-31,Liperi Joensuu lentoasema,18.1,,
2023-08-31,Juuka Niemelä,17.0,3.4,-1.0
2023-08-31,Joensuu Pyhäselkä,,0.5,-1.0
2023-08-31,Lieksa Koli,,9.5,-1.0
2023-08-31,Liperi Tuiskavanluoto,18.2,,
2023-08-31,Joensuu Linnunlahti,18.4,0.4,-1.0
2023-08-31,Lieksa Lampela,17.5,7.1,-1.0
2023-08-31,Ilomantsi Pötsönvaara,16.6,-1.0,-1.0
2023-08-31,Ilomantsi Mekrijärvi,17.6,0.1,-1.0
2023-08-31,Pietarsaari Kallan,15.0,,
2023-08-31,Kokkola Tankar,15.4,,
2023-08-31,Kruunupyy Kokkola-Pietarsaari lentoasema,15.3,,
2023-08-31,Kaustinen Tastula,,17.2,-1.0
2023-08-31,Kalajoki Ulkokalla,15.6,,
2023-08-31,Kokkola Santahaka,15.1,16.3,-1.0
2023-08-31,Toholampi Oravala,,12.0,-1.0
2023-08-31,Kalajoki Pitkäsenkylä,,17.5,-1.0
2023-08-31,Kalajoki Mehtäkylä,,12.5,-1.0
2023-08-31,Toholampi Laitala,15.2,9.9,-1.0
2023-08-31,Ylivieska lentokenttä,15.3,12.5,-1.0
2023-08-31,Ylivieska Vähäkangas,,10.9,-1.0
2023-08-31,Haapavesi Mustikkamäki,15.6,27.4,-1.0
2023-08-31,Pyhäjärvi Ojakylä,15.9,14.0,-1.0
2023-08-31,Pyhäjärvi Hiidenniemi,,32.8,-1.0
2023-08-31,Kiuruvesi Korpijoki,,20.3,-1.0
2023-08-31,Siikalatva Kestilä,,13.0,-1.0
2023-08-31,Kajaani lentoasema,16.0,,
2023-08-31,Vieremä Kaarakkala,15.8,27.8,-1.0
2023-08-31,Kajaani Paltaniemi,,13.5,-1.0
2023-08-31,Nurmes Valtimo,16.7,6.6,-1.0
2023-08-31,Ristijärvi Mustavaara,,12.9,-1.0
2023-08-31,Sotkamo Kuolaniemi,16.0,9.6,-1.0
2023-08-31,Nurmes Mujejärvi,,12.7,-1.0
2023-08-31,Kuhmo Apaja,,5.1,-1.0
2023-08-31,Kuhmo Kalliojoki,15.6,14.5,-1.0
2023-08-31,Raahe Nahkiainen,15.2,,
2023-08-31,Hailuoto Keskikylä,15.0,35.5,-1.0
2023-08-31,Kemi I majakka,15.6,,
2023-08-31,Hailuoto Marjaniemi,15.1,,
2023-08-31,Raahe Lapaluoto satama,15.1,,
2023-08-31,Oulu lentoasema,15.3,,
2023-08-31,Siikajoki Ruukki,15.1,15.0,-1.0
2023-08-31,Oulu Vihreäsaari satama,15.4,,
2023-08-31,Oulu Oulunsalo Pellonpää,15.2,13.9,-1.0
2023-08-31,Vaala Pelso,15.7,12.3,-1.0
2023-08-31,Pudasjärvi lentokenttä,14.7,21.4,-1.0
2023-08-31,Utajärvi Särkijärvi,,25.0,-1.0
2023-08-31,Pudasjärvi Jaurakkajärvi,,19.1,-1.0
2023-08-31,Suomussalmi Näljänkä,,13.2,-1.0
2023-08-31,Suomussalmi Pesiö,14.6,10.5,-1.0
2023-08-31,Puolanka Kotila,,13.6,-1.0
2023-08-31,Puolanka Paljakka,14.3,16.2,-1.0
2023-08-31,Kemi Kemi-Tornio lentoasema,14.0,,
2023-08-31,Kemi Ajos,14.8,,
2023-08-31,Tornio Kaakkuri,13.7,17.3,
2023-08-31,Ranua lentokenttä,13.3,21.7,-1.0
2023-08-31,Pudasjärvi Sarakylä,,29.4,-1.0
2023-08-31,Posio Raistakka,,25.8,-1.0
2023-08-31,Taivalkoski Inkee,,15.8,-1.0
2023-08-31,Taivalkoski kirkonkylä,14.1,11.7,-1.0
2023-08-31,Kuusamo lentoasema,13.7,22.1,-1.0
2023-08-31,Kuusamo Kiutaköngäs,12.8,19.4,-1.0
2023-08-31,Kuusamo Rukatunturi,12.2,,
2023-08-31,Kuusamo Teeriranta,,11.4,-1.0
2023-08-31,Kuusamo Juuma,12.7,,
2023-08-31,Ylitornio Meltosjärvi,12.3,17.1,-1.0
2023-08-31,Kolari Kattilamaa,,9.0,-1.0
2023-08-31,Pello kirkonkylä,13.2,14.6,
2023-08-31,Rovaniemi rautatieasema,13.5,,
2023-08-31,Sodankylä Tähtelä,12.5,27.1,-1.0
2023-08-31,Rovaniemi Apukka,12.5,19.8,-1.0
2023-08-31,Pelkosenniemi kirkonkylä,,20.9,-1.0
2023-08-31,Kemijärvi lentokenttä,11.6,21.9,-1.0
2023-08-31,Savukoski kirkonkylä,11.6,15.5,-1.0
2023-08-31,Salla Kelloselkä,,7.5,-1.0
2023-08-31,Pelkosenniemi Pyhätunturi,11.2,,
2023-08-31,Salla kirkonkylä,11.6,20.6,-1.0
2023-08-31,Salla Naruska,11.5,20.6,-1.0
2023-08-31,Enontekiö Kaaresuvanto,,-1.0,-1.0
2023-08-31,Enontekiö lentoasema,12.5,,
2023-08-31,Kittilä Pulju,,8.8,-1.0
2023-08-31,Muonio Laukukero,10.3,,
2023-08-31,Muonio Sammaltunturi,11.7,,
2023-08-31,Kittilä Matorova,11.9,,
2023-08-31,Kittilä lentoasema,12.5,,
2023-08-31,Kittilä Kenttärova,11.9,8.3,-1.0
2023-08-31,Kittilä Pakatti,12.4,11.8,
2023-08-31,Kittilä Pokka,11.3,6.5,-1.0
2023-08-31,Sodankylä Lokka,12.3,24.3,-1.0
2023-08-31,Sodankylä Vuotso,13.0,16.1,-1.0
2023-08-31,Inari Saariselkä matkailukeskus,13.0,13.2,
2023-08-31,Inari Saariselkä Kaunispää,13.0,,
2023-08-31,Inari Raja-Jooseppi,13.1,,
2023-08-31,Salla Värriötunturi,11.6,20.5,-1.0
2023-08-31,Enontekiö Kilpisjärvi kyläkeskus,11.8,4.3,-1.0
2023-08-31,Enontekiö Kilpisjärvi Saana,9.0,,
2023-08-31,Enontekiö Näkkälä,12.3,-1.0,-1.0
2023-08-31,Inari Angeli Lintupuoliselkä,11.9,2.7,-1.0
2023-08-31,Inari Ivalo lentoasema,12.8,,
2023-08-31,Utsjoki Kevo,12.6,0.5,-1.0
2023-08-31,Utsjoki Nuorgam,10.8,3.6,-1.0
2023-08-31,Inari Väylä,12.9,,
2023-08-31,Inari kirkonkylä,,7.7,-1.0
2023-08-31,Inari Kaamanen,13.8,4.7,-1.0
2023-08-31,Inari Nellim,13.0,8.1,-1.0
2023-08-31,Inari Kirakkajärvi,13.0,0.8,-1.0
2023-08-31,Mäntsälä Hirvihaara,17.4,4.7,-1.0
2023-08-31,Lahti Sopenkorpi,17.8,3.0,-1.0
2023-08-31,Siuntio Sjundby,,9.9,-1.0
2023-08-31,Sipoo Itätoukki,18.1,,
2023-08-31,Rauma Pyynpää,15.6,3.2,-1.0
2023-08-31,Muonio Oustajärvi,11.7,2.5,-1.0
2023-08-31,Pyhtää lentokenttä,18.3,2.0,-1.0
2023-08-31,Sotkamo Tuhkakylä,15.7,13.0,-1.0
2023-08-31,Tervola Loue,13.3,,
2023-08-31,Savukoski Tulppio,11.6,21.4,-1.0
2023-08-31,Mikkeli Pitkäaho,,3.4,-1.0
2023-08-31,Inkoo Jakobramsjö,17.6,,
2023-08-31,Kajaani Petäisenniska,15.7,9.8,-1.0
2023-08-31,Utsjoki Kevo Kevojärvi,12.6,,
2023-08-31,Inari Seitalaassa,13.8,,
2023-08-31,Ilmajoki Seinäjoki lentoasema,15.2,,
2023-08-31,Rovaniemi lentoasema AWOS,12.5,16.6,-1.0
2023-08-31,Jyväskylä lentoasema AWOS,16.9,10.2,-1.0
2023-08-31,Puumala kirkonkylä,18.8,6.6,-1.0
2023-08-31,Helsinki Vuosaari satama,18.3,,
2023-08-31,Maarianhamina Länsisatama,16.1,,
2023-08-31,Lumparland Långnäs satama,15.8,1.2,-1.0
2023-08-31,Kittilä Lompolonvuoma,11.7,6.3,
2023-08-31,Kuusamo Ruka Talvijärvi,13.5,,
2023-08-31,Espoo Nuuksio,17.0,10.1,-1.0
2023-08-31,Mikkeli Lentoasema AWOS,18.1,2.2,-1.0
2023-08-31,Espoo Tapiola,17.8,6.4,-1.0
2023-09-01,Porvoo Kilpilahti satama,17.1,,
2023-09-01,Jomala Maarianhamina lentoasema,15.2,,
2023-09-01,Parainen Utö,17.0,0.7,-1.0
2023-09-01,Lemland Nyhamn,16.2,,
2023-09-01,Jomala Jomalaby,15.2,7.5,-1.0
2023-09-01,Hammarland Märket,15.6,,
2023-09-01,Kökar Bogskär,16.1,,
2023-09-01,Parainen Fagerholm,16.4,2.8,
2023-09-01,Kumlinge kirkonkylä,15.8,,
2023-09-01,Hanko Russarö,17.0,1.2,
2023-09-01,Kaarina Yltöinen,15.9,0.9,-1.0
2023-09-01,Kemiönsaari Vänö,16.6,,
2023-09-01,Hanko Tulliniemi,17.3,,
2023-09-01,Turku Rajakari,16.6,,
2023-09-01,Turku Artukainen,16.2,0.1,-1.0
2023-09-01,Kemiönsaari Kemiö,15.8,-1.0,-1.0
2023-09-01,Hanko Tvärminne,16.7,0.2,-1.0
2023-09-01,Salo Kärkkä,16.1,-1.0,
2023-09-01,Lohja Leppäkorpi,,0.5,-1.0
2023-09-01,Raasepori Jussarö,17.0,,
2023-09-01,Salo Kiikala lentokenttä,15.2,-1.0,-1.0
2023-09-01,Vantaa Helsinki-Vantaan lentoasema,16.3,1.2,-1.0
2023-09-01,Inkoo Bågaskär,17.3,,
2023-09-01,Helsinki Kaisaniemi,17.3,0.5,-1.0
2023-09-01,Lohja Porla,15.4,2.7,-1.0
2023-09-01,Vihti Maasoja,14.6,,
2023-09-01,Helsinki Harmaja,17.6,,
2023-09-01,Kirkkonummi Mäkiluoto,17.5,,
2023-09-01,Helsinki Helsingin majakka,17.4,,
2023-09-01,Helsinki Kumpula,17.1,0.5,-1.0
2023-09-01,Helsinki Malmi lentokenttä,16.4,,
2023-09-01,Porvoo Kalbådagrund,17.4,,
2023-09-01,Porvoo Emäsalo,17.8,,
2023-09-01,Porvoo Harabacka,16.6,1.0,-1.0
2023-09-01,Kotka Rankki,17.8,0.1,-1.0
2023-09-01,Loviisa Orrengrund,17.8,,
2023-09-01,Kotka Haapasaari,18.2,,
2023-09-01,Pori lentoasema,15.7,,
2023-09-01,Uusikaupunki Itätulli,,9.1,-1.0
2023-09-01,Kustavi Isokari,16.3,1.8,
2023-09-01,Rauma Kylmäpihlaja,16.4,,
2023-09-01,Pori rautatieasema,15.8,2.0,-1.0
2023-09-01,Turku lentoasema,15.5,,
2023-09-01,Kokemäki Rausenkulma,,0.9,-1.0
2023-09-01,Huittinen Sallila,,1.2,-1.0
2023-09-01,Oripää Teinikivi,,2.3,-1.0
2023-09-01,Pöytyä Yläne,,0.0,-1.0
2023-09-01,Kokemäki Tulkkila,16.1,0.8,-1.0
2023-09-01,Jokioinen Ilmala,15.7,0.8,-1.0
2023-09-01,Nokia Tottijärvi,,0.6,-1.0
2023-09-01,Pirkkala Tampere-Pirkkala lentoasema,15.9,,
2023-09-01,Tampere Härmälä,15.9,0.1,-1.0
2023-09-01,Somero Salkola,14.6,0.7,-1.0
2023-09-01,Hyvinkää Hyvinkäänkylä,15.2,2.1,-1.0
2023-09-01,Vihti Hiiskula,,1.1,-1.0
2023-09-01,Hämeenlinna Pirttikoski,,-1.0,-1.0
2023-09-01,Nurmijärvi Röykkä,14.9,1.6,-1.0
2023-09-01,Hämeenlinna Katinen,16.1,0.1,
2023-09-01,Hattula Lepaa,15.9,-1.0,-1.0
2023-09-01,Hämeenlinna Lammi Pappila,15.2,5.1,-1.0
2023-09-01,Asikkala Pulkkilanharju,16.1,,
2023-09-01,Kouvola Utti lentoasema,15.4,0.6,-1.0
2023-09-01,Kouvola Anjala,16.2,0.5,-1.0
2023-09-01,Heinola Asemantaus,15.9,0.5,-1.0
2023-09-01,Kouvola Voikoski,,0.4,-1.0
2023-09-01,Virolahti Koivuniemi,16.9,0.0,-1.0
2023-09-01,Lappeenranta lentoasema,16.1,,
2023-09-01,Lappeenranta Konnunsuo,15.9,,
2023-09-01,Lappeenranta Lepola,16.1,0.5,-1.0
2023-09-01,Ruokolahti Kotaniemi,,2.3,-1.0
2023-09-01,Lappeenranta Hiekkapakka,17.4,,
2023-09-01,Parikkala Koitsanlahti,16.5,2.3,
2023-09-01,Kaskinen Sälgrund,15.8,22.3,
2023-09-01,Merikarvia Tuorila,,13.9,-1.0
2023-09-01,Isojoki Kärjenkoski,,4.6,-1.0
2023-09-01,Teuva Kauppilankylä,,15.1,-1.0
2023-09-01,Pori Tahkoluoto satama,16.5,,
2023-09-01,Kristiinankaupunki Majakka,16.0,,
2023-09-01,Karvia Alkkia,15.2,1.5,-1.0
2023-09-01,Kurikka Hirvijärvi,,1.4,-1.0
2023-09-01,Kauhajoki Kuja-Kokko,15.5,4.5,-1.0
2023-09-01,Kankaanpää Niinisalo lentokenttä,15.8,0.3,-1.0
2023-09-01,Alavus Sulkavankylä,,3.6,-1.0
2023-09-01,Virrat Äijänneva,15.7,,
2023-09-01,Tampere Siilinkari,16.4,,
2023-09-01,Jämsä Halli lentoasema,15.9,2.1,-1.0
2023-09-01,Juupajoki Hyytiälä,15.6,0.3,-1.0
2023-09-01,Sysmä Joutsjärvi,,0.2,-1.0
2023-09-01,Jyväskylä Muuratjärvi,,1.5,-1.0
2023-09-01,Luhanka Judinsalo,16.7,,
2023-09-01,Multia Pirttiperä,,0.3,-1.0
2023-09-01,Joutsa Savenaho,15.8,2.9,-1.0
2023-09-01,Kangasniemi kirkonkylä,,0.8,-1.0
2023-09-01,Joutsa Pärnämäki,,0.3,-1.0
2023-09-01,Juva Partala,16.7,,
2023-09-01,Varkaus Kosulanniemi,17.4,1.7,-1.0
2023-09-01,Savonlinna Laukansaari,,4.3,-1.0
2023-09-01,Sulkava Halttula,,4.1,-1.0
2023-09-01,Savonlinna lentoasema,16.8,,
2023-09-01,Rantasalmi Rukkasluoto,17.7,,
2023-09-01,Savonlinna Punkaharju Laukansaari,17.1,3.7,-1.0
2023-09-01,Enonkoski Simanala,,2.7,-1.0
2023-09-01,Savonlinna Savonranta,,1.0,-1.0
2023-09-01,Rääkkylä kirkonkylä,,8.5,-1.0
2023-09-01,Tohmajärvi Kemie,17.2,3.1,-1.0
2023-09-01,Joensuu Huhtilampi,,7.0,-1.0
2023-09-01,Vaasa lentoasema,15.7,,
2023-09-01,Mustasaari Valassaaret,15.0,,
2023-09-01,Närpiö Ylimarkku,,7.9,-1.0
2023-09-01,Mustasaari Riimala,,2.2,-1.0
2023-09-01,Kurikka Pyörni,,7.8,-1.0
2023-09-01,Korsnäs Bredskäret,15.5,,
2023-09-01,Maalahti Strömmingsbådan,15.4,,
2023-09-01,Vaasa Klemettilä,15.4,1.5,-1.0
2023-09-01,Seinäjoki Pelmaa,15.9,3.5,-1.0
2023-09-01,Kauhava lentokenttä,16.2,4.8,-1.0
2023-09-01,Ähtäri Inha,16.2,-1.0,-1.0
2023-09-01,Halsua Purola,15.9,2.8,-1.0
2023-09-01,Alajärvi Möksy,15.8,0.3,-1.0
2023-09-01,Multia Karhila,15.5,0.2,-1.0
2023-09-01,Viitasaari Haapaniemi,17.0,0.1,-1.0
2023-09-01,Äänekoski Kalaniemi,,2.0,-1.0
2023-09-01,Vesanto kirkonkylä,17.0,-1.0,-1.0
2023-09-01,Pielavesi Venetmäki,,0.2,-1.0
2023-09-01,Siilinjärvi Kuopio lentoasema,17.5,,
2023-09-01,Kuopio Maaninka,17.2,0.8,-1.0
2023-09-01,Lapinlahti Lamminkäyrä,,0.0,-1.0
2023-09-01,Suonenjoki Iisvesi,,0.3,-1.0
2023-09-01,Kuopio Karttula,,-1.0,-1.0
2023-09-01,Kuopio Ritoniemi,17.3,,
2023-09-01,Kuopio Savilahti,17.8,-1.0,-1.0
2023-09-01,Heinävesi Palokki,,0.0,-1.0
2023-09-01,Outokumpu Viuruniemi,,2.5,-1.0
2023-09-01,Rautavaara Ala-Luosta,,0.1,-1.0
2023-09-01,Rautavaara Ylä-Luosta,16.6,-1.0,-1.0
2023-09-01,Liperi Joensuu lentoasema,17.6,,
2023-09-01,Juuka Niemelä,17.2,-1.0,-1.0
2023-09-01,Joensuu Pyhäselkä,,8.0,-1.0
2023-09-01,Lieksa Koli,,-1.0,-1.0
2023-09-01,Liperi Tuiskavanluoto,17.8,,
2023-09-01,Joensuu Linnunlahti,17.7,10.5,-1.0
2023-09-01,Lieksa Lampela,18.0,-1.0,-1.0
2023-09-01,Ilomantsi Pötsönvaara,16.8,1.4,-1.0
2023-09-01,Ilomantsi Mekrijärvi,17.4,0.6,-1.0
2023-09-01,Pietarsaari Kallan,14.9,,
2023-09-01,Kokkola Tankar,15.5,,
2023-09-01,Kruunupyy Kokkola-Pietarsaari lentoasema,15.7,,
2023-09-01,Kaustinen Tastula,,2.8,-1.0
2023-09-01,Kalajoki Ulkokalla,15.8,,
2023-09-01,Kokkola Santahaka,15.4,1.5,-1.0
2023-09-01,Toholampi Oravala,,4.9,-1.0
2023-09-01,Kalajoki Pitkäsenkylä,,0.2,-1.0
2023-09-01,Kalajoki Mehtäkylä,,0.6,-1.0
2023-09-01,Toholampi Laitala,16.0,2.5,-1.0
2023-09-01,Ylivieska lentokenttä,16.0,2.9,-1.0
2023-09-01,Ylivieska Vähäkangas,,3.3,-1.0
2023-09-01,Haapavesi Mustikkamäki,16.1,3.6,-1.0
2023-09-01,Pyhäjärvi Ojakylä,16.5,0.3,-1.0
2023-09-01,Pyhäjärvi Hiidenniemi,,0.7,-1.0
2023-09-01,Kiuruvesi Korpijoki,,0.2,-1.0
2023-09-01,Siikalatva Kestilä,,0.5,-1.0
2023-09-01,Kajaani lentoasema,17.4,,
2023-09-01,Vieremä Kaarakkala,16.3,-1.0,-1.0
2023-09-01,Kajaani Paltaniemi,,0.0,-1.0
2023-09-01,Nurmes Valtimo,17.3,0.2,-1.0
2023-09-01,Ristijärvi Mustavaara,,0.3,-1.0
2023-09-01,Sotkamo Kuolaniemi,16.6,-1.0,-1.0
2023-09-01,Nurmes Mujejärvi,,-1.0,-1.0
2023-09-01,Kuhmo Apaja,,0.2,-1.0
2023-09-01,Kuhmo Kalliojoki,17.4,-1.0,-1.0
2023-09-01,Raahe Nahkiainen,15.6,,
2023-09-01,Hailuoto Keskikylä,15.3,-1.0,-1.0
2023-09-01,Kemi I majakka,15.7,,
2023-09-01,Hailuoto Marjaniemi,15.5,,
2023-09-01,Raahe Lapaluoto satama,15.5,,
2023-09-01,Oulu lentoasema,16.1,,
2023-09-01,Siikajoki Ruukki,16.0,-1.0,-1.0
2023-09-01,Oulu Vihreäsaari satama,16.1,,
2023-09-01,Oulu Oulunsalo Pellonpää,16.0,0.2,-1.0
2023-09-01,Vaala Pelso,16.8,0.3,-1.0
2023-09-01,Pudasjärvi lentokenttä,16.8,0.7,-1.0
2023-09-01,Utajärvi Särkijärvi,,6.8,-1.0
2023-09-01,Pudasjärvi Jaurakkajärvi,,3.2,-1.0
2023-09-01,Suomussalmi Näljänkä,,1.0,-1.0
2023-09-01,Suomussalmi Pesiö,15.5,0.2,-1.0
2023-09-01,Puolanka Kotila,,0.7,-1.0
2023-09-01,Puolanka Paljakka,15.4,0.8,-1.0
2023-09-01,Kemi Kemi-Tornio lentoasema,14.7,,
2023-09-01,Kemi Ajos,15.4,,
2023-09-01,Tornio Kaakkuri,14.8,1.2,
2023-09-01,Ranua lentokenttä,15.3,0.3,-1.0
2023-09-01,Pudasjärvi Sarakylä,,0.5,-1.0
2023-09-01,Posio Raistakka,,10.5,-1.0
2023-09-01,Taivalkoski Inkee,,5.3,-1.0
2023-09-01,Taivalkoski kirkonkylä,16.5,4.3,-1.0
2023-09-01,Kuusamo lentoasema,16.4,0.1,-1.0
2023-09-01,Kuusamo Kiutaköngäs,16.9,0.4,-1.0
2023-09-01,Kuusamo Rukatunturi,14.5,,
2023-09-01,Kuusamo Teeriranta,,-1.0,-1.0
2023-09-01,Kuusamo Juuma,15.9,,
2023-09-01,Ylitornio Meltosjärvi,13.6,11.3,
2023-09-01,Kolari Kattilamaa,,31.0,-1.0
2023-09-01,Pello kirkonkylä,13.3,13.7,-1.0
2023-09-01,Rovaniemi rautatieasema,14.3,,
2023-09-01,Sodankylä Tähtelä,13.7,8.7,-1.0
2023-09-01,Rovaniemi Apukka,14.5,3.3,-1.0
2023-09-01,Pelkosenniemi kirkonkylä,,1.7,-1.0
2023-09-01,Kemijärvi lentokenttä,14.6,1.7,-1.0
2023-09-01,Savukoski kirkonkylä,15.4,3.8,-1.0
2023-09-01,Salla Kelloselkä,,1.3,-1.0
2023-09-01,Pelkosenniemi Pyhätunturi,12.5,,
2023-09-01,Salla kirkonkylä,16.0,3.5,-1.0
2023-09-01,Salla Naruska,15.6,2.8,-1.0
2023-09-01,Enontekiö Kaaresuvanto,,25.0,-1.0
2023-09-01,Enontekiö lentoasema,11.8,,
2023-09-01,Kittilä Pulju,,12.4,-1.0
2023-09-01,Muonio Laukukero,9.0,,
2023-09-01,Muonio Sammaltunturi,10.1,,
2023-09-01,Kittilä Matorova,11.4,,
2023-09-01,Kittilä lentoasema,12.6,,
2023-09-01,Kittilä Kenttärova,11.4,20.6,-1.0
2023-09-01,Kittilä Pakatti,12.7,31.4,
2023-09-01,Kittilä Pokka,12.2,15.5,-1.0
2023-09-01,Sodankylä Lokka,13.8,6.0,-1.0
2023-09-01,Sodankylä Vuotso,13.0,11.0,-1.0
2023-09-01,Inari Saariselkä matkailukeskus,12.3,13.5,-1.0
2023-09-01,Inari Saariselkä Kaunispää,11.4,,
2023-09-01,Inari Raja-Jooseppi,12.6,,
2023-09-01,Salla Värriötunturi,14.1,6.3,-1.0
2023-09-01,Enontekiö Kilpisjärvi kyläkeskus,10.8,16.0,-1.0
2023-09-01,Enontekiö Kilpisjärvi Saana,8.1,,
2023-09-01,Enontekiö Näkkälä,11.3,21.3,-1.0
2023-09-01,Inari Angeli Lintupuoliselkä,11.3,16.8,-1.0
2023-09-01,Inari Ivalo lentoasema,12.8,,
2023-09-01,Utsjoki Kevo,11.7,8.7,-1.0
2023-09-01,Utsjoki Nuorgam,11.9,19.0,-1.0
2023-09-01,Inari Väylä,12.0,,
2023-09-01,Inari kirkonkylä,,10.6,-1.0
2023-09-01,Inari Kaamanen,11.9,13.5,-1.0
2023-09-01,Inari Nellim,12.7,16.8,-1.0
2023-09-01,Inari Kirakkajärvi,11.5,12.9,-1.0
2023-09-01,Mäntsälä Hirvihaara,14.5,0.7,-1.0
2023-09-01,Lahti Sopenkorpi,15.7,0.8,-1.0
2023-09-01,Siuntio Sjundby,,1.1,-1.0
2023-09-01,Sipoo Itätoukki,17.7,,
2023-09-01,Rauma Pyynpää,15.7,7.1,-1.0
2023-09-01,Muonio Oustajärvi,12.2,25.3,-1.0
2023-09-01,Pyhtää lentokenttä,16.1,-1.0,-1.0
2023-09-01,Sotkamo Tuhkakylä,16.4,-1.0,-1.0
2023-09-01,Tervola Loue,14.3,,
2023-09-01,Savukoski Tulppio,14.9,5.3,-1.0
2023-09-01,Mikkeli Pitkäaho,,3.0,-1.0
2023-09-01,Inkoo Jakobramsjö,17.3,,
2023-09-01,Kajaani Petäisenniska,16.8,-1.0,-1.0
2023-09-01,Utsjoki Kevo Kevojärvi,12.1,,
2023-09-01,Inari Seitalaassa,12.7,,
2023-09-01,Ilmajoki Seinäjoki lentoasema,15.8,,
2023-09-01,Rovaniemi lentoasema AWOS,13.7,3.4,-1.0
2023-09-01,Jyväskylä lentoasema AWOS,16.2,5.2,-1.0
2023-09-01,Puumala kirkonkylä,16.8,3.2,-1.0
2023-09-01,Helsinki Vuosaari satama,17.6,,
2023-09-01,Maarianhamina Länsisatama,15.6,,
2023-09-01,Lumparland Långnäs satama,16.1,1.0,-1.0
2023-09-01,Kittilä Lompolonvuoma,12.1,22.1,
2023-09-01,Kuusamo Ruka Talvijärvi,16.1,,
2023-09-01,Espoo Nuuksio,14.9,0.6,-1.0
2023-09-01,Mikkeli Lentoasema AWOS,15.9,3.8,-1.0
2023-09-01,Espoo Tapiola,16.1,1.5,-1.0
