date,station,tday,rrday,snow
2019-07-01,Porvoo Kilpilahti satama,17.0,,
2019-07-01,Jomala Maarianhamina lentoasema,17.7,,
2019-07-01,Parainen Utö,16.8,0.8,-1.0
2019-07-01,Lemland Nyhamn,15.8,,
2019-07-01,Jomala Jomalaby,18.0,1.7,-1.0
2019-07-01,Hammarland Märket,15.7,,
2019-07-01,Kökar Bogskär,15.9,,
2019-07-01,Parainen Fagerholm,17.5,-1.0,
2019-07-01,Kumlinge kirkonkylä,17.0,,
2019-07-01,Hanko Russarö,17.0,-1.0,
2019-07-01,Kaarina Yltöinen,18.7,0.1,-1.0
2019-07-01,Kemiönsaari Vänö,17.0,,
2019-07-01,Hanko Tulliniemi,16.3,,
2019-07-01,Turku Rajakari,17.9,,
2019-07-01,Turku Artukainen,19.1,4.8,-1.0
2019-07-01,Kemiönsaari Kemiö,18.6,0.5,-1.0
2019-07-01,Hanko Tvärminne,17.3,-1.0,-1.0
2019-07-01,Salo Kärkkä,19.4,0.4,
2019-07-01,Lohja Leppäkorpi,,0.3,-1.0
2019-07-01,Raasepori Jussarö,16.0,,
2019-07-01,Salo Kiikala lentokenttä,18.5,0.1,-1.0
2019-07-01,Vantaa Helsinki-Vantaan lentoasema,20.3,0.1,-1.0
2019-07-01,Inkoo Bågaskär,16.6,,
2019-07-01,Helsinki Kaisaniemi,17.9,0.1,-1.0
2019-07-01,Lohja Porla,19.0,-1.0,-1.0
2019-07-01,Vihti Maasoja,18.2,,
2019-07-01,Helsinki Harmaja,14.9,,
2019-07-01,Kirkkonummi Mäkiluoto,16.7,,
2019-07-01,Helsinki Helsingin majakka,15.9,,
2019-07-01,Helsinki Kumpula,18.8,-1.0,-1.0
2019-07-01,Helsinki Malmi lentokenttä,19.4,,
2019-07-01,Porvoo Emäsalo,15.4,,
2019-07-01,Porvoo Harabacka,19.3,-1.0,-1.0
2019-07-01,Kotka Rankki,16.2,0.6,-1.0
2019-07-01,Loviisa Orrengrund,16.2,,
2019-07-01,Kotka Haapasaari,16.2,,
2019-07-01,Pori lentoasema,17.1,,
2019-07-01,Uusikaupunki Itätulli,,0.4,-1.0
2019-07-01,Laitila Haukka,,0.4,-1.0
2019-07-01,Kustavi Isokari,16.1,-1.0,
2019-07-01,Rauma Kylmäpihlaja,16.0,,
2019-07-01,Pori rautatieasema,17.2,0.9,-1.0
2019-07-01,Turku lentoasema,18.7,,
2019-07-01,Kokemäki Rausenkulma,,6.5,-1.0
2019-07-01,Huittinen Sallila,,12.4,-1.0
2019-07-01,Oripää Teinikivi,,1.6,-1.0
2019-07-01,Pöytyä Yläne,,3.2,-1.0
2019-07-01,Kokemäki Tulkkila,17.4,4.8,-1.0
2019-07-01,Jokioinen Ilmala,18.1,3.8,-1.0
2019-07-01,Nokia Tottijärvi,,-1.0,-1.0
2019-07-01,Pirkkala Tampere-Pirkkala lentoasema,18.2,,
2019-07-01,Tampere Härmälä,18.8,-1.0,-1.0
2019-07-01,Somero Salkola,17.8,1.3,-1.0
2019-07-01,Hyvinkää Hyvinkäänkylä,19.0,1.9,-1.0
2019-07-01,Vihti Hiiskula,,3.6,-1.0
2019-07-01,Hämeenlinna Pirttikoski,,1.2,-1.0
2019-07-01,Nurmijärvi Röykkä,18.9,4.8,-1.0
2019-07-01,Hattula Lepaa,18.9,0.1,-1.0
2019-07-01,Hämeenlinna Lammi Pappila,18.8,0.9,-1.0
2019-07-01,Mäntsälä Hirvihaara Kuntomajantie,,-1.0,-1.0
2019-07-01,Asikkala Pulkkilanharju,19.0,,
2019-07-01,Hämeenlinna Lammi Evo,18.8,,
2019-07-01,Kouvola Utti lentoasema,19.7,5.7,-1.0
2019-07-01,Kouvola Anjala,20.0,-1.0,-1.0
2019-07-01,Heinola Asemantaus,20.0,0.3,-1.0
2019-07-01,Kouvola Voikoski,,10.3,-1.0
2019-07-01,Virolahti Koivuniemi,17.4,-1.0,-1.0
2019-07-01,Lappeenranta lentoasema,18.3,,
2019-07-01,Lappeenranta Konnunsuo,17.3,,
2019-07-01,Lappeenranta Lepola,18.1,33.2,-1.0
2019-07-01,Ruokolahti Kotaniemi,,2.0,-1.0
2019-07-01,Lappeenranta Hiekkapakka,17.9,,
2019-07-01,Parikkala Koitsanlahti,17.1,17.2,-1.0
2019-07-01,Kaskinen Sälgrund,16.0,0.8,
2019-07-01,Merikarvia Tuorila,,1.8,-1.0
2019-07-01,Isojoki Kärjenkoski,,2.5,-1.0
2019-07-01,Teuva Kauppilankylä,,4.1,-1.0
2019-07-01,Pori Tahkoluoto satama,15.3,,
2019-07-01,Kristiinankaupunki Majakka,14.2,,
2019-07-01,Karvia Alkkia,17.1,0.2,-1.0
2019-07-01,Ikaalinen Vehuvarpee,,2.0,-1.0
2019-07-01,Kurikka Hirvijärvi,,0.0,-1.0
2019-07-01,Kauhajoki Kuja-Kokko,16.4,1.4,-1.0
2019-07-01,Kankaanpää Niinisalo lentokenttä,18.0,-1.0,-1.0
2019-07-01,Alavus Sulkavankylä,,1.9,-1.0
2019-07-01,Virrat Äijänneva,16.7,,
2019-07-01,Tampere Siilinkari,17.9,,
2019-07-01,Jämsä Halli lentoasema,18.5,-1.0,-1.0
2019-07-01,Juupajoki Hyytiälä,17.3,-1.0,-1.0
2019-07-01,Sysmä Joutsjärvi,,-1.0,-1.0
2019-07-01,Luhanka Tammijärvi,,-1.0,-1.0
2019-07-01,Jyväskylä Muuratjärvi,,-1.0,-1.0
2019-07-01,Luhanka Judinsalo,18.2,,
2019-07-01,Multia Pirttiperä,,0.0,-1.0
2019-07-01,Joutsa Savenaho,17.6,-1.0,-1.0
2019-07-01,Kangasniemi kirkonkylä,,-1.0,-1.0
2019-07-01,Joutsa Pärnämäki,,3.2,-1.0
2019-07-01,Mikkeli Pitkähiekka,,0.6,-1.0
2019-07-01,Juva Partala,18.9,,
2019-07-01,Varkaus Kosulanniemi,18.5,0.1,-1.0
2019-07-01,Savonlinna Laukansaari,,6.0,-1.0
2019-07-01,Sulkava Halttula,,0.9,-1.0
2019-07-01,Savonlinna lentoasema,18.1,,
2019-07-01,Rantasalmi Rukkasluoto,18.0,,
2019-07-01,Savonlinna Punkaharju Laukansaari,18.6,5.2,-1.0
2019-07-01,Enonkoski Simanala,,1.9,-1.0
2019-07-01,Savonlinna Savonranta,,0.0,-1.0
2019-07-01,Rääkkylä kirkonkylä,,0.7,-1.0
2019-07-01,Tohmajärvi Kemie,16.5,-1.0,-1.0
2019-07-01,Joensuu Huhtilampi,,3.1,-1.0
2019-07-01,Vaasa lentoasema,16.0,,
2019-07-01,Mustasaari Valassaaret,15.0,,
2019-07-01,Närpiö Ylimarkku,,5.2,-1.0
2019-07-01,Mustasaari Riimala,,3.2,-1.0
2019-07-01,Kurikka Pyörni,,7.8,-1.0
2019-07-01,Korsnäs Bredskäret,15.0,,
2019-07-01,Maalahti Strömmingsbådan,13.9,,
2019-07-01,Vaasa Klemettilä,16.4,5.0,-1.0
2019-07-01,Seinäjoki Pelmaa,17.4,6.3,-1.0
2019-07-01,Kauhava lentokenttä,16.5,10.6,-1.0
2019-07-01,Ähtäri Inha,17.2,2.0,-1.0
2019-07-01,Halsua Purola,15.8,0.4,-1.0
2019-07-01,Alajärvi Möksy,16.1,1.9,-1.0
2019-07-01,Multia Karhila,15.8,-1.0,-1.0
2019-07-01,Viitasaari Haapaniemi,17.2,-1.0,-1.0
2019-07-01,Äänekoski Kalaniemi,,-1.0,-1.0
2019-07-01,Viitasaari Kärnä,,-1.0,-1.0
2019-07-01,Vesanto kirkonkylä,17.1,-1.0,-1.0
2019-07-01,Pielavesi Venetmäki,,0.0,-1.0
2019-07-01,Siilinjärvi Kuopio lentoasema,16.6,,
2019-07-01,Kuopio Maaninka,16.8,-1.0,-1.0
2019-07-01,Lapinlahti Lamminkäyrä,,3.4,-1.0
2019-07-01,Suonenjoki Iisvesi,,-1.0,-1.0
2019-07-01,Kuopio Karttula,,-1.0,-1.0
2019-07-01,Kuopio Ritoniemi,17.4,,
2019-07-01,Kuopio Savilahti,17.2,0.4,-1.0
2019-07-01,Heinävesi Palokki,,0.0,-1.0
2019-07-01,Outokumpu Viuruniemi,,1.6,-1.0
2019-07-01,Rautavaara Ala-Luosta,,2.6,-1.0
2019-07-01,Rautavaara Ylä-Luosta,14.0,6.0,-1.0
2019-07-01,Liperi Joensuu lentoasema,15.2,,
2019-07-01,Juuka Niemelä,14.1,8.4,-1.0
2019-07-01,Joensuu Pyhäselkä,,1.4,-1.0
2019-07-01,Lieksa Koli,,18.6,-1.0
2019-07-01,Liperi Tuiskavanluoto,16.2,,
2019-07-01,Joensuu Linnunlahti,15.6,2.5,-1.0
2019-07-01,Lieksa Lampela,14.0,2.0,-1.0
2019-07-01,Ilomantsi Naarva,,21.2,-1.0
2019-07-01,Ilomantsi Pötsönvaara,11.7,14.6,-1.0
2019-07-01,Ilomantsi Mekrijärvi,13.6,14.3,-1.0
2019-07-01,Pietarsaari Kallan,13.4,,
2019-07-01,Kokkola Tankar,13.9,,
2019-07-01,Kruunupyy Kokkola-Pietarsaari lentoasema,15.7,,
2019-07-01,Kaustinen Tastula,,-1.0,-1.0
2019-07-01,Kalajoki Ulkokalla,11.8,,
2019-07-01,Toholampi Oravala,,-1.0,-1.0
2019-07-01,Kalajoki Pitkäsenkylä,,-1.0,-1.0
2019-07-01,Kalajoki Mehtäkylä,,-1.0,-1.0
2019-07-01,Toholampi Laitala,15.1,0.1,-1.0
2019-07-01,Ylivieska lentokenttä,15.0,0.9,-1.0
2019-07-01,Ylivieska Vähäkangas,,0.4,-1.0
2019-07-01,Haapavesi Mustikkamäki,14.2,2.8,-1.0
2019-07-01,Pyhäjärvi Ojakylä,14.8,3.2,-1.0
2019-07-01,Pyhäjärvi Hiidenniemi,,4.4,-1.0
2019-07-01,Kiuruvesi Korpijoki,,1.6,-1.0
2019-07-01,Siikalatva Kestilä,,5.6,-1.0
2019-07-01,Kajaani lentoasema,13.2,,
2019-07-01,Vieremä Kaarakkala,13.9,1.6,-1.0
2019-07-01,Kajaani Paltaniemi,,4.8,-1.0
2019-07-01,Nurmes Valtimo,14.1,1.0,-1.0
2019-07-01,Ristijärvi Mustavaara,,3.8,-1.0
2019-07-01,Sotkamo Kuolaniemi,13.5,4.4,-1.0
2019-07-01,Nurmes Mujejärvi,,0.8,-1.0
2019-07-01,Kuhmo Apaja,,0.0,-1.0
2019-07-01,Kuhmo Kalliojoki,11.7,1.6,-1.0
2019-07-01,Raahe Nahkiainen,12.7,,
2019-07-01,Hailuoto Keskikylä,12.8,-1.0,-1.0
2019-07-01,Kemi I majakka,11.6,,
2019-07-01,Hailuoto Marjaniemi,12.5,,
2019-07-01,Raahe Lapaluoto satama,13.0,,
2019-07-01,Oulu lentoasema,13.9,,
2019-07-01,Siikajoki Ruukki,13.7,-1.0,-1.0
2019-07-01,Oulu Vihreäsaari satama,14.0,,
2019-07-01,Oulu Oulunsalo Pellonpää,13.7,-1.0,-1.0
2019-07-01,Vaala Pelso,13.2,4.8,-1.0
2019-07-01,Pudasjärvi lentokenttä,11.8,1.7,-1.0
2019-07-01,Utajärvi Särkijärvi,,5.3,-1.0
2019-07-01,Pudasjärvi Jaurakkajärvi,,4.6,-1.0
2019-07-01,Suomussalmi Näljänkä,,5.6,-1.0
2019-07-01,Suomussalmi Pesiö,10.6,10.4,-1.0
2019-07-01,Puolanka Kotila,,10.5,-1.0
2019-07-01,Puolanka Paljakka,10.5,9.7,-1.0
2019-07-01,Kemi Kemi-Tornio lentoasema,12.1,,
2019-07-01,Kemi Ajos,12.6,,
2019-07-01,Tornio Kaakkuri,12.5,-1.0,-1.0
2019-07-01,Ranua lentokenttä,10.6,3.0,-1.0
2019-07-01,Pudasjärvi Sarakylä,,1.4,-1.0
2019-07-01,Posio Raistakka,,7.4,-1.0
2019-07-01,Taivalkoski Inkee,,5.3,-1.0
2019-07-01,Taivalkoski kirkonkylä,10.4,4.4,-1.0
2019-07-01,Kuusamo lentoasema,9.7,,
2019-07-01,Kuusamo Kiutaköngäs,8.9,15.4,-1.0
2019-07-01,Kuusamo Rukatunturi,7.6,,
2019-07-01,Kuusamo Teeriranta,,6.3,-1.0
2019-07-01,Kuusamo Juuma,8.4,,
2019-07-01,Ylitornio Meltosjärvi,10.3,1.4,-1.0
2019-07-01,Kolari Kattilamaa,,1.2,-1.0
2019-07-01,Pello kirkonkylä,10.3,1.5,-1.0
2019-07-01,Kittilä Alakylä,,5.0,-1.0
2019-07-01,Rovaniemi rautatieasema,10.9,,
2019-07-01,Sodankylä Tähtelä,9.2,6.8,-1.0
2019-07-01,Rovaniemi Apukka,10.4,4.3,-1.0
2019-07-01,Pelkosenniemi kirkonkylä,,5.0,-1.0
2019-07-01,Kemijärvi lentokenttä,9.4,10.3,-1.0
2019-07-01,Savukoski kirkonkylä,8.6,7.7,-1.0
2019-07-01,Salla Kelloselkä,,3.4,-1.0
2019-07-01,Pelkosenniemi Pyhätunturi,7.2,,
2019-07-01,Salla kirkonkylä,9.0,3.9,-1.0
2019-07-01,Salla Naruska,8.2,4.9,-1.0
2019-07-01,Enontekiö Kaaresuvanto,,6.5,-1.0
2019-07-01,Kittilä Pulju,,7.4,-1.0
2019-07-01,Muonio Laukukero,4.8,,
2019-07-01,Muonio Sammaltunturi,6.2,,
2019-07-01,Kittilä Matorova,7.4,,
2019-07-01,Kittilä lentoasema,8.6,,
2019-07-01,Kittilä Kenttärova,7.3,6.0,-1.0
2019-07-01,Kittilä Pakatti,8.6,7.6,-1.0
2019-07-01,Kittilä Pokka,7.9,7.3,-1.0
2019-07-01,Sodankylä Lokka,8.5,2.9,-1.0
2019-07-01,Sodankylä Vuotso,9.1,9.5,-1.0
2019-07-01,Inari Saariselkä matkailukeskus,9.4,2.3,-1.0
2019-07-01,Inari Saariselkä Kaunispää,8.5,,
2019-07-01,Inari Raja-Jooseppi Kontiojärvi,,1.8,-1.0
2019-07-01,Inari Raja-Jooseppi,9.9,,
2019-07-01,Salla Värriötunturi,8.9,3.7,-1.0
2019-07-01,Enontekiö Kilpisjärvi kyläkeskus,7.2,8.6,-1.0
2019-07-01,Enontekiö Kilpisjärvi Saana,3.0,,
2019-07-01,Enontekiö Näkkälä,7.7,2.0,-1.0
2019-07-01,Inari Angeli Lintupuoliselkä,8.8,3.2,-1.0
2019-07-01,Inari Ivalo lentoasema,10.3,,
2019-07-01,Utsjoki Kevo,11.5,1.7,-1.0
2019-07-01,Utsjoki Nuorgam,12.6,0.7,-1.0
2019-07-01,Inari Väylä,9.9,,
2019-07-01,Inari kirkonkylä,,2.8,-1.0
2019-07-01,Inari Kaamanen,10.4,4.3,-1.0
2019-07-01,Inari Nellim,10.7,1.4,-1.0
2019-07-01,Inari Kirakkajärvi,12.0,1.1,-1.0
2019-07-01,Mäntsälä Hirvihaara,19.5,0.1,-1.0
2019-07-01,Lahti Sopenkorpi,19.7,1.9,-1.0
2019-07-01,Siuntio Sjundby,,0.0,-1.0
2019-07-01,Sipoo Itätoukki,15.1,,
2019-07-01,Rauma Pyynpää,16.7,0.3,-1.0
2019-07-01,Muonio Oustajärvi,8.8,3.0,-1.0
2019-07-01,Kajaani Petäisenniska,13.0,3.9,-1.0
2019-07-01,Utsjoki Kevo Kevojärvi,11.4,,
2019-07-01,Inari Seitalaassa,10.4,,
2019-07-01,Rovaniemi lentoasema AWOS,9.7,6.6,-1.0
2019-07-01,Jyväskylä lentoasema AWOS,17.6,-1.0,-1.0
2019-07-01,Puumala kirkonkylä,19.4,1.1,-1.0
2019-07-01,Helsinki Vuosaari satama,16.0,,
2019-07-01,Maarianhamina Länsisatama,16.9,,
2019-07-01,Lumparland Långnäs satama,18.7,0.8,-1.0
2019-07-01,Tampere Tampella,19.4,,
2019-07-01,Kittilä Lompolonvuoma,7.5,,
2019-07-01,Kuusamo Ruka Talvijärvi,9.3,,
2019-07-01,Espoo Nuuksio,19.3,-1.0,-1.0
2019-07-01,Mikkeli Lentoasema AWOS,19.1,3.5,-1.0
2019-07-01,Espoo Tapiola,19.1,0.1,-1.0
2019-07-02,Porvoo Kilpilahti satama,15.8,,
2019-07-02,Jomala Maarianhamina lentoasema,13.3,,
2019-07-02,Parainen Utö,14.9,-1.0,-1.0
2019-07-02,Lemland Nyhamn,13.8,,
2019-07-02,Jomala Jomalaby,13.1,-1.0,-1.0
2019-07-02,Hammarland Märket,12.3,,
2019-07-02,Kökar Bogskär,13.6,,
2019-07-02,Parainen Fagerholm,15.2,-1.0,
2019-07-02,Kumlinge kirkonkylä,13.6,,
2019-07-02,Hanko Russarö,16.2,-1.0,
2019-07-02,Kaarina Yltöinen,15.9,-1.0,-1.0
2019-07-02,Kemiönsaari Vänö,15.4,,
2019-07-02,Hanko Tulliniemi,15.9,,
2019-07-02,Turku Rajakari,15.4,,
2019-07-02,Turku Artukainen,16.0,-1.0,-1.0
2019-07-02,Kemiönsaari Kemiö,16.0,-1.0,-1.0
2019-07-02,Hanko Tvärminne,16.5,-1.0,-1.0
2019-07-02,Salo Kärkkä,16.0,0.2,
2019-07-02,Lohja Leppäkorpi,,-1.0,-1.0
2019-07-02,Raasepori Jussarö,15.2,,
2019-07-02,Salo Kiikala lentokenttä,14.3,3.2,-1.0
2019-07-02,Vantaa Helsinki-Vantaan lentoasema,15.6,6.3,-1.0
2019-07-02,Inkoo Bågaskär,15.0,,
2019-07-02,Helsinki Kaisaniemi,15.5,22.5,-1.0
2019-07-02,Lohja Porla,15.9,2.0,-1.0
2019-07-02,Vihti Maasoja,13.8,,
2019-07-02,Helsinki Harmaja,13.0,,
2019-07-02,Kirkkonummi Mäkiluoto,15.6,,
2019-07-02,Helsinki Helsingin majakka,14.5,,
2019-07-02,Helsinki Kumpula,15.3,10.0,-1.0
2019-07-02,Helsinki Malmi lentokenttä,15.5,,
2019-07-02,Porvoo Emäsalo,14.4,,
2019-07-02,Porvoo Harabacka,16.5,23.0,-1.0
2019-07-02,Kotka Rankki,14.2,3.9,-1.0
2019-07-02,Loviisa Orrengrund,14.3,,
2019-07-02,Kotka Haapasaari,14.5,,
2019-07-02,Pori lentoasema,13.6,,
2019-07-02,Uusikaupunki Itätulli,,-1.0,-1.0
2019-07-02,Laitila Haukka,,-1.0,-1.0
2019-07-02,Kustavi Isokari,13.6,-1.0,
2019-07-02,Rauma Kylmäpihlaja,13.7,,
2019-07-02,Pori rautatieasema,13.8,2.7,-1.0
2019-07-02,Turku lentoasema,15.3,,
2019-07-02,Kokemäki Rausenkulma,,1.6,-1.0
2019-07-02,Huittinen Sallila,,2.3,-1.0
2019-07-02,Oripää Teinikivi,,-1.0,-1.0
2019-07-02,Pöytyä Yläne,,-1.0,-1.0
2019-07-02,Kokemäki Tulkkila,13.7,0.8,-1.0
2019-07-02,Jokioinen Ilmala,13.8,3.7,-1.0
2019-07-02,Nokia Tottijärvi,,-1.0,-1.0
2019-07-02,Pirkkala Tampere-Pirkkala lentoasema,13.7,,
2019-07-02,Tampere Härmälä,14.1,4.4,-1.0
2019-07-02,Somero Salkola,13.2,8.5,-1.0
2019-07-02,Hyvinkää Hyvinkäänkylä,14.2,16.6,-1.0
2019-07-02,Vihti Hiiskula,,6.3,-1.0
2019-07-02,Hämeenlinna Pirttikoski,,5.9,-1.0
2019-07-02,Nurmijärvi Röykkä,13.7,6.7,-1.0
2019-07-02,Hattula Lepaa,14.8,0.7,-1.0
2019-07-02,Hämeenlinna Lammi Pappila,14.6,13.0,-1.0
2019-07-02,Mäntsälä Hirvihaara Kuntomajantie,,1.2,-1.0
2019-07-02,Asikkala Pulkkilanharju,15.5,,
2019-07-02,Hämeenlinna Lammi Evo,13.8,,
2019-07-02,Kouvola Utti lentoasema,15.3,3.9,-1.0
2019-07-02,Kouvola Anjala,15.5,11.5,-1.0
2019-07-02,Heinola Asemantaus,15.8,4.0,-1.0
2019-07-02,Kouvola Voikoski,,9.7,-1.0
2019-07-02,Virolahti Koivuniemi,16.0,4.3,-1.0
2019-07-02,Lappeenranta lentoasema,15.2,,
2019-07-02,Lappeenranta Konnunsuo,15.5,,
2019-07-02,Lappeenranta Lepola,15.4,43.4,-1.0
2019-07-02,Ruokolahti Kotaniemi,,2.7,-1.0
2019-07-02,Lappeenranta Hiekkapakka,16.5,,
2019-07-02,Parikkala Koitsanlahti,15.2,3.8,-1.0
2019-07-02,Kaskinen Sälgrund,13.8,-1.0,
2019-07-02,Merikarvia Tuorila,,0.0,-1.0
2019-07-02,Isojoki Kärjenkoski,,2.0,-1.0
2019-07-02,Teuva Kauppilankylä,,0.3,-1.0
2019-07-02,Pori Tahkoluoto satama,13.3,,
2019-07-02,Kristiinankaupunki Majakka,12.9,,
2019-07-02,Karvia Alkkia,12.7,6.8,-1.0
2019-07-02,Ikaalinen Vehuvarpee,,3.3,-1.0
2019-07-02,Kurikka Hirvijärvi,,0.0,-1.0
2019-07-02,Kauhajoki Kuja-Kokko,12.9,0.8,-1.0
2019-07-02,Kankaanpää Niinisalo lentokenttä,13.8,1.8,-1.0
2019-07-02,Alavus Sulkavankylä,,1.8,-1.0
2019-07-02,Virrat Äijänneva,12.1,,
2019-07-02,Tampere Siilinkari,14.4,,
2019-07-02,Jämsä Halli lentoasema,14.5,6.8,-1.0
2019-07-02,Juupajoki Hyytiälä,11.9,11.9,-1.0
2019-07-02,Sysmä Joutsjärvi,,12.8,-1.0
2019-07-02,Luhanka Tammijärvi,,5.0,-1.0
2019-07-02,Jyväskylä Muuratjärvi,,12.3,-1.0
2019-07-02,Luhanka Judinsalo,15.5,,
2019-07-02,Multia Pirttiperä,,9.9,-1.0
2019-07-02,Joutsa Savenaho,13.8,5.7,-1.0
2019-07-02,Kangasniemi kirkonkylä,,5.9,-1.0
2019-07-02,Joutsa Pärnämäki,,4.4,-1.0
2019-07-02,Mikkeli Pitkähiekka,,12.9,-1.0
2019-07-02,Juva Partala,15.6,,
2019-07-02,Varkaus Kosulanniemi,16.6,25.4,-1.0
2019-07-02,Savonlinna Laukansaari,,1.1,-1.0
2019-07-02,Sulkava Halttula,,8.9,-1.0
2019-07-02,Savonlinna lentoasema,16.4,,
2019-07-02,Rantasalmi Rukkasluoto,17.9,,
2019-07-02,Savonlinna Punkaharju Laukansaari,17.0,1.0,-1.0
2019-07-02,Enonkoski Simanala,,1.0,-1.0
2019-07-02,Savonlinna Savonranta,,2.4,-1.0
2019-07-02,Rääkkylä kirkonkylä,,-1.0,-1.0
2019-07-02,Tohmajärvi Kemie,16.7,-1.0,-1.0
2019-07-02,Joensuu Huhtilampi,,2.6,-1.0
2019-07-02,Vaasa lentoasema,13.2,,
2019-07-02,Mustasaari Valassaaret,14.2,,
2019-07-02,Närpiö Ylimarkku,,-1.0,-1.0
2019-07-02,Mustasaari Riimala,,-1.0,-1.0
2019-07-02,Kurikka Pyörni,,-1.0,-1.0
2019-07-02,Korsnäs Bredskäret,13.8,,
2019-07-02,Maalahti Strömmingsbådan,13.3,,
2019-07-02,Vaasa Klemettilä,13.8,-1.0,-1.0
2019-07-02,Seinäjoki Pelmaa,13.1,0.9,-1.0
2019-07-02,Kauhava lentokenttä,12.5,0.5,-1.0
2019-07-02,Ähtäri Inha,12.9,0.7,-1.0
2019-07-02,Halsua Purola,11.6,0.5,-1.0
2019-07-02,Alajärvi Möksy,11.9,-1.0,-1.0
2019-07-02,Multia Karhila,13.6,4.3,-1.0
2019-07-02,Viitasaari Haapaniemi,14.5,3.9,-1.0
2019-07-02,Äänekoski Kalaniemi,,9.5,-1.0
2019-07-02,Viitasaari Kärnä,,1.0,-1.0
2019-07-02,Vesanto kirkonkylä,14.3,15.6,-1.0
2019-07-02,Pielavesi Venetmäki,,3.9,-1.0
2019-07-02,Siilinjärvi Kuopio lentoasema,15.9,,
2019-07-02,Kuopio Maaninka,15.0,1.5,-1.0
2019-07-02,Lapinlahti Lamminkäyrä,,0.4,-1.0
2019-07-02,Suonenjoki Iisvesi,,4.8,-1.0
2019-07-02,Kuopio Karttula,,15.8,-1.0
2019-07-02,Kuopio Ritoniemi,16.6,,
2019-07-02,Kuopio Savilahti,16.4,2.4,-1.0
2019-07-02,Heinävesi Palokki,,-1.0,-1.0
2019-07-02,Outokumpu Viuruniemi,,4.3,-1.0
2019-07-02,Rautavaara Ala-Luosta,,25.4,-1.0
2019-07-02,Rautavaara Ylä-Luosta,14.6,1.3,-1.0
2019-07-02,Liperi Joensuu lentoasema,17.1,,
2019-07-02,Juuka Niemelä,16.0,0.4,-1.0
2019-07-02,Joensuu Pyhäselkä,,0.1,-1.0
2019-07-02,Lieksa Koli,,-1.0,-1.0
2019-07-02,Liperi Tuiskavanluoto,18.1,,
2019-07-02,Joensuu Linnunlahti,17.2,-1.0,-1.0
2019-07-02,Lieksa Lampela,16.0,0.5,-1.0
2019-07-02,Ilomantsi Naarva,,0.0,-1.0
2019-07-02,Ilomantsi Pötsönvaara,15.9,-1.0,-1.0
2019-07-02,Ilomantsi Mekrijärvi,17.1,-1.0,-1.0
2019-07-02,Pietarsaari Kallan,12.2,,
2019-07-02,Kokkola Tankar,12.8,,
2019-07-02,Kruunupyy Kokkola-Pietarsaari lentoasema,12.5,,
2019-07-02,Kaustinen Tastula,,-1.0,-1.0
2019-07-02,Kalajoki Ulkokalla,11.7,,
2019-07-02,Toholampi Oravala,,0.0,-1.0
2019-07-02,Kalajoki Pitkäsenkylä,,-1.0,-1.0
2019-07-02,Kalajoki Mehtäkylä,,-1.0,-1.0
2019-07-02,Toholampi Laitala,11.4,-1.0,-1.0
2019-07-02,Ylivieska lentokenttä,11.6,-1.0,-1.0
2019-07-02,Ylivieska Vähäkangas,,0.1,-1.0
2019-07-02,Haapavesi Mustikkamäki,13.6,-1.0,-1.0
2019-07-02,Pyhäjärvi Ojakylä,12.8,0.3,-1.0
2019-07-02,Pyhäjärvi Hiidenniemi,,3.8,-1.0
2019-07-02,Kiuruvesi Korpijoki,,-1.0,-1.0
2019-07-02,Siikalatva Kestilä,,-1.0,-1.0
2019-07-02,Kajaani lentoasema,15.0,,
2019-07-02,Vieremä Kaarakkala,14.2,2.7,-1.0
2019-07-02,Kajaani Paltaniemi,,0.3,-1.0
2019-07-02,Nurmes Valtimo,15.9,0.3,-1.0
2019-07-02,Ristijärvi Mustavaara,,-1.0,-1.0
2019-07-02,Sotkamo Kuolaniemi,15.9,0.1,-1.0
2019-07-02,Nurmes Mujejärvi,,-1.0,-1.0
2019-07-02,Kuhmo Apaja,,0.0,-1.0
2019-07-02,Kuhmo Kalliojoki,14.8,-1.0,-1.0
2019-07-02,Hailuoto Keskikylä,12.6,-1.0,-1.0
2019-07-02,Kemi I majakka,12.4,,
2019-07-02,Hailuoto Marjaniemi,13.0,,
2019-07-02,Raahe Lapaluoto satama,12.5,,
2019-07-02,Oulu lentoasema,14.1,,
2019-07-02,Siikajoki Ruukki,13.2,-1.0,-1.0
2019-07-02,Oulu Vihreäsaari satama,13.9,,
2019-07-02,Oulu Oulunsalo Pellonpää,14.1,-1.0,-1.0
2019-07-02,Vaala Pelso,13.4,-1.0,-1.0
2019-07-02,Pudasjärvi lentokenttä,15.2,-1.0,-1.0
2019-07-02,Utajärvi Särkijärvi,,0.0,-1.0
2019-07-02,Pudasjärvi Jaurakkajärvi,,-1.0,-1.0
2019-07-02,Suomussalmi Näljänkä,,-1.0,-1.0
2019-07-02,Suomussalmi Pesiö,14.4,0.0,-1.0
2019-07-02,Puolanka Kotila,,-1.0,-1.0
2019-07-02,Puolanka Paljakka,13.6,-1.0,-1.0
2019-07-02,Kemi Kemi-Tornio lentoasema,13.5,,
2019-07-02,Kemi Ajos,14.5,,
2019-07-02,Tornio Kaakkuri,13.6,-1.0,-1.0
2019-07-02,Ranua lentokenttä,13.6,-1.0,-1.0
2019-07-02,Pudasjärvi Sarakylä,,-1.0,-1.0
2019-07-02,Posio Raistakka,,0.0,-1.0
2019-07-02,Taivalkoski Inkee,,-1.0,-1.0
2019-07-02,Taivalkoski kirkonkylä,14.3,-1.0,-1.0
2019-07-02,Kuusamo lentoasema,14.1,,
2019-07-02,Kuusamo Kiutaköngäs,14.1,-1.0,-1.0
2019-07-02,Kuusamo Rukatunturi,12.5,,
2019-07-02,Kuusamo Teeriranta,,-1.0,-1.0
2019-07-02,Kuusamo Juuma,13.0,,
2019-07-02,Ylitornio Meltosjärvi,12.5,-1.0,-1.0
2019-07-02,Kolari Kattilamaa,,-1.0,-1.0
2019-07-02,Pello kirkonkylä,11.9,-1.0,-1.0
2019-07-02,Kittilä Alakylä,,-1.0,-1.0
2019-07-02,Rovaniemi rautatieasema,13.9,,
2019-07-02,Sodankylä Tähtelä,13.1,0.2,-1.0
2019-07-02,Rovaniemi Apukka,13.1,-1.0,-1.0
2019-07-02,Pelkosenniemi kirkonkylä,,-1.0,-1.0
2019-07-02,Kemijärvi lentokenttä,13.3,-1.0,-1.0
2019-07-02,Savukoski kirkonkylä,13.9,-1.0,-1.0
2019-07-02,Salla Kelloselkä,,-1.0,-1.0
2019-07-02,Pelkosenniemi Pyhätunturi,10.9,,
2019-07-02,Salla kirkonkylä,13.9,-1.0,-1.0
2019-07-02,Salla Naruska,12.9,-1.0,-1.0
2019-07-02,Enontekiö Kaaresuvanto,,0.2,-1.0
2019-07-02,Kittilä Pulju,,0.1,-1.0
2019-07-02,Muonio Laukukero,5.6,,
2019-07-02,Muonio Sammaltunturi,7.3,,
2019-07-02,Kittilä Matorova,9.2,,
2019-07-02,Kittilä lentoasema,11.3,,
2019-07-02,Kittilä Kenttärova,9.2,0.4,-1.0
2019-07-02,Kittilä Pakatti,11.2,0.8,-1.0
2019-07-02,Kittilä Pokka,11.0,2.8,-1.0
2019-07-02,Sodankylä Lokka,13.5,-1.0,-1.0
2019-07-02,Sodankylä Vuotso,12.7,1.4,-1.0
2019-07-02,Inari Saariselkä matkailukeskus,11.8,3.0,-1.0
2019-07-02,Inari Saariselkä Kaunispää,10.7,,
2019-07-02,Inari Raja-Jooseppi Kontiojärvi,,0.1,-1.0
2019-07-02,Inari Raja-Jooseppi,11.9,,
2019-07-02,Salla Värriötunturi,11.0,1.4,-1.0
2019-07-02,Enontekiö Kilpisjärvi kyläkeskus,6.4,0.1,-1.0
2019-07-02,Enontekiö Kilpisjärvi Saana,2.2,,
2019-07-02,Enontekiö Näkkälä,7.9,0.3,-1.0
2019-07-02,Inari Angeli Lintupuoliselkä,9.4,4.6,-1.0
2019-07-02,Inari Ivalo lentoasema,12.3,,
2019-07-02,Utsjoki Kevo,10.1,4.9,-1.0
2019-07-02,Utsjoki Nuorgam,10.5,6.4,-1.0
2019-07-02,Inari Väylä,12.2,,
2019-07-02,Inari kirkonkylä,,6.5,-1.0
2019-07-02,Inari Kaamanen,11.2,7.0,-1.0
2019-07-02,Inari Nellim,12.0,4.1,-1.0
2019-07-02,Inari Kirakkajärvi,12.7,3.8,-1.0
2019-07-02,Mäntsälä Hirvihaara,15.1,8.2,-1.0
2019-07-02,Lahti Sopenkorpi,15.3,4.9,-1.0
2019-07-02,Siuntio Sjundby,,3.6,-1.0
2019-07-02,Sipoo Itätoukki,13.2,,
2019-07-02,Rauma Pyynpää,14.0,0.1,-1.0
2019-07-02,Muonio Oustajärvi,9.9,0.1,-1.0
2019-07-02,Kajaani Petäisenniska,15.2,0.4,-1.0
2019-07-02,Utsjoki Kevo Kevojärvi,10.2,,
2019-07-02,Inari Seitalaassa,10.3,,
2019-07-02,Rovaniemi lentoasema AWOS,13.0,-1.0,-1.0
2019-07-02,Jyväskylä lentoasema AWOS,13.6,3.6,-1.0
2019-07-02,Puumala kirkonkylä,16.1,4.3,-1.0
2019-07-02,Helsinki Vuosaari satama,15.0,,
2019-07-02,Maarianhamina Länsisatama,13.4,,
2019-07-02,Lumparland Långnäs satama,13.8,-1.0,-1.0
2019-07-02,Tampere Tampella,15.1,,
2019-07-02,Kittilä Lompolonvuoma,9.9,,
2019-07-02,Kuusamo Ruka Talvijärvi,13.8,,
2019-07-02,Espoo Nuuksio,14.1,11.3,-1.0
2019-07-02,Mikkeli Lentoasema AWOS,14.5,17.3,-1.0
2019-07-02,Espoo Tapiola,15.0,20.0,-1.0
2019-07-03,Porvoo Kilpilahti satama,14.9,,
2019-07-03,Jomala Maarianhamina lentoasema,12.6,,
2019-07-03,Parainen Utö,14.5,-1.0,-1.0
2019-07-03,Lemland Nyhamn,13.4,,
2019-07-03,Jomala Jomalaby,12.6,-1.0,-1.0
2019-07-03,Hammarland Märket,12.1,,
2019-07-03,Kökar Bogskär,13.0,,
2019-07-03,Parainen Fagerholm,14.4,-1.0,
2019-07-03,Kumlinge kirkonkylä,13.2,,
2019-07-03,Hanko Russarö,14.8,-1.0,
2019-07-03,Kaarina Yltöinen,14.2,-1.0,-1.0
2019-07-03,Kemiönsaari Vänö,14.7,,
2019-07-03,Hanko Tulliniemi,14.8,,
2019-07-03,Turku Rajakari,14.2,,
2019-07-03,Turku Artukainen,14.1,-1.0,-1.0
2019-07-03,Kemiönsaari Kemiö,14.4,-1.0,-1.0
2019-07-03,Hanko Tvärminne,15.0,-1.0,-1.0
2019-07-03,Salo Kärkkä,13.9,-1.0,
2019-07-03,Lohja Leppäkorpi,,7.6,-1.0
2019-07-03,Raasepori Jussarö,14.8,,
2019-07-03,Salo Kiikala lentokenttä,12.4,-1.0,-1.0
2019-07-03,Vantaa Helsinki-Vantaan lentoasema,14.5,-1.0,-1.0
2019-07-03,Inkoo Bågaskär,14.4,,
2019-07-03,Helsinki Kaisaniemi,15.2,-1.0,-1.0
2019-07-03,Lohja Porla,14.5,-1.0,-1.0
2019-07-03,Vihti Maasoja,13.5,,
2019-07-03,Helsinki Harmaja,13.6,,
2019-07-03,Kirkkonummi Mäkiluoto,14.7,,
2019-07-03,Helsinki Helsingin majakka,14.1,,
2019-07-03,Helsinki Kumpula,15.1,-1.0,-1.0
2019-07-03,Helsinki Malmi lentokenttä,14.7,,
2019-07-03,Porvoo Emäsalo,14.2,,
2019-07-03,Porvoo Harabacka,14.6,-1.0,-1.0
2019-07-03,Kotka Rankki,13.0,2.2,-1.0
2019-07-03,Loviisa Orrengrund,12.6,,
2019-07-03,Kotka Haapasaari,13.2,,
2019-07-03,Pori lentoasema,12.7,,
2019-07-03,Uusikaupunki Itätulli,,-1.0,-1.0
2019-07-03,Laitila Haukka,,-1.0,-1.0
2019-07-03,Kustavi Isokari,12.9,-1.0,
2019-07-03,Rauma Kylmäpihlaja,13.0,,
2019-07-03,Pori rautatieasema,12.8,-1.0,-1.0
2019-07-03,Turku lentoasema,12.9,,
2019-07-03,Kokemäki Rausenkulma,,0.0,-1.0
2019-07-03,Huittinen Sallila,,-1.0,-1.0
2019-07-03,Oripää Teinikivi,,-1.0,-1.0
2019-07-03,Pöytyä Yläne,,-1.0,-1.0
2019-07-03,Kokemäki Tulkkila,12.0,-1.0,-1.0
2019-07-03,Jokioinen Ilmala,12.5,-1.0,-1.0
2019-07-03,Nokia Tottijärvi,,-1.0,-1.0
2019-07-03,Pirkkala Tampere-Pirkkala lentoasema,13.1,,
2019-07-03,Tampere Härmälä,13.8,-1.0,-1.0
2019-07-03,Somero Salkola,11.8,-1.0,-1.0
2019-07-03,Hyvinkää Hyvinkäänkylä,13.8,-1.0,-1.0
2019-07-03,Vihti Hiiskula,,-1.0,-1.0
2019-07-03,Hämeenlinna Pirttikoski,,-1.0,-1.0
2019-07-03,Nurmijärvi Röykkä,13.6,-1.0,-1.0
2019-07-03,Hattula Lepaa,14.6,-1.0,-1.0
2019-07-03,Hämeenlinna Lammi Pappila,13.6,-1.0,-1.0
2019-07-03,Mäntsälä Hirvihaara Kuntomajantie,,-1.0,-1.0
2019-07-03,Asikkala Pulkkilanharju,14.4,,
2019-07-03,Hämeenlinna Lammi Evo,12.9,,
2019-07-03,Kouvola Utti lentoasema,12.3,1.2,-1.0
2019-07-03,Kouvola Anjala,12.7,1.1,-1.0
2019-07-03,Heinola Asemantaus,13.5,-1.0,-1.0
2019-07-03,Kouvola Voikoski,,3.5,-1.0
2019-07-03,Virolahti Koivuniemi,12.7,6.5,-1.0
2019-07-03,Lappeenranta lentoasema,13.4,,
2019-07-03,Lappeenranta Konnunsuo,13.3,,
2019-07-03,Lappeenranta Lepola,13.5,1.1,-1.0
2019-07-03,Ruokolahti Kotaniemi,,11.6,-1.0
2019-07-03,Lappeenranta Hiekkapakka,14.5,,
2019-07-03,Parikkala Koitsanlahti,14.1,4.6,-1.0
2019-07-03,Kaskinen Sälgrund,12.6,-1.0,
2019-07-03,Merikarvia Tuorila,,-1.0,-1.0
2019-07-03,Isojoki Kärjenkoski,,-1.0,-1.0
2019-07-03,Teuva Kauppilankylä,,-1.0,-1.0
2019-07-03,Pori Tahkoluoto satama,12.4,,
2019-07-03,Kristiinankaupunki Majakka,11.3,,
2019-07-03,Karvia Alkkia,12.1,-1.0,-1.0
2019-07-03,Ikaalinen Vehuvarpee,,-1.0,-1.0
2019-07-03,Kurikka Hirvijärvi,,-1.0,-1.0
2019-07-03,Kauhajoki Kuja-Kokko,11.0,-1.0,-1.0
2019-07-03,Kankaanpää Niinisalo lentokenttä,12.5,-1.0,-1.0
2019-07-03,Alavus Sulkavankylä,,-1.0,-1.0
2019-07-03,Virrat Äijänneva,11.4,,
2019-07-03,Tampere Siilinkari,13.2,,
2019-07-03,Jämsä Halli lentoasema,13.7,-1.0,-1.0
2019-07-03,Juupajoki Hyytiälä,12.9,-1.0,-1.0
2019-07-03,Sysmä Joutsjärvi,,-1.0,-1.0
2019-07-03,Luhanka Tammijärvi,,-1.0,-1.0
2019-07-03,Jyväskylä Muuratjärvi,,-1.0,-1.0
2019-07-03,Luhanka Judinsalo,14.2,,
2019-07-03,Multia Pirttiperä,,-1.0,-1.0
2019-07-03,Joutsa Savenaho,10.8,1.7,-1.0
2019-07-03,Kangasniemi kirkonkylä,,5.0,-1.0
2019-07-03,Joutsa Pärnämäki,,8.2,-1.0
2019-07-03,Mikkeli Pitkähiekka,,3.6,-1.0
2019-07-03,Juva Partala,13.3,,
2019-07-03,Varkaus Kosulanniemi,14.2,3.0,-1.0
2019-07-03,Savonlinna Laukansaari,,5.9,-1.0
2019-07-03,Sulkava Halttula,,0.2,-1.0
2019-07-03,Savonlinna lentoasema,15.1,,
2019-07-03,Rantasalmi Rukkasluoto,15.2,,
2019-07-03,Savonlinna Punkaharju Laukansaari,14.4,24.9,-1.0
2019-07-03,Enonkoski Simanala,,1.0,-1.0
2019-07-03,Savonlinna Savonranta,,9.5,-1.0
2019-07-03,Rääkkylä kirkonkylä,,0.0,-1.0
2019-07-03,Tohmajärvi Kemie,15.1,0.9,-1.0
2019-07-03,Joensuu Huhtilampi,,1.8,-1.0
2019-07-03,Vaasa lentoasema,12.8,,
2019-07-03,Mustasaari Valassaaret,13.5,,
2019-07-03,Närpiö Ylimarkku,,-1.0,-1.0
2019-07-03,Mustasaari Riimala,,-1.0,-1.0
2019-07-03,Kurikka Pyörni,,-1.0,-1.0
2019-07-03,Korsnäs Bredskäret,12.8,,
2019-07-03,Maalahti Strömmingsbådan,12.0,,
2019-07-03,Vaasa Klemettilä,13.4,-1.0,-1.0
2019-07-03,Seinäjoki Pelmaa,11.9,-1.0,-1.0
2019-07-03,Kauhava lentokenttä,12.2,-1.0,-1.0
2019-07-03,Ähtäri Inha,12.5,-1.0,-1.0
2019-07-03,Halsua Purola,11.0,-1.0,-1.0
2019-07-03,Alajärvi Möksy,10.7,-1.0,-1.0
2019-07-03,Multia Karhila,12.3,-1.0,-1.0
2019-07-03,Viitasaari Haapaniemi,12.6,5.9,-1.0
2019-07-03,Äänekoski Kalaniemi,,2.0,-1.0
2019-07-03,Viitasaari Kärnä,,9.0,-1.0
2019-07-03,Vesanto kirkonkylä,11.2,2.4,-1.0
2019-07-03,Pielavesi Venetmäki,,1.8,-1.0
2019-07-03,Siilinjärvi Kuopio lentoasema,13.9,,
2019-07-03,Kuopio Maaninka,13.2,1.4,-1.0
2019-07-03,Lapinlahti Lamminkäyrä,,1.1,-1.0
2019-07-03,Suonenjoki Iisvesi,,3.9,-1.0
2019-07-03,Kuopio Karttula,,-1.0,-1.0
2019-07-03,Kuopio Ritoniemi,14.6,,
2019-07-03,Kuopio Savilahti,13.6,-1.0,-1.0
2019-07-03,Heinävesi Palokki,,-1.0,-1.0
2019-07-03,Outokumpu Viuruniemi,,0.1,-1.0
2019-07-03,Rautavaara Ala-Luosta,,0.0,-1.0
2019-07-03,Rautavaara Ylä-Luosta,14.5,-1.0,-1.0
2019-07-03,Liperi Joensuu lentoasema,15.9,,
2019-07-03,Juuka Niemelä,15.7,-1.0,-1.0
2019-07-03,Joensuu Pyhäselkä,,0.2,-1.0
2019-07-03,Lieksa Koli,,-1.0,-1.0
2019-07-03,Liperi Tuiskavanluoto,17.2,,
2019-07-03,Joensuu Linnunlahti,16.8,0.1,-1.0
2019-07-03,Lieksa Lampela,15.7,4.0,-1.0
2019-07-03,Ilomantsi Naarva,,0.3,-1.0
2019-07-03,Ilomantsi Pötsönvaara,15.2,0.4,-1.0
2019-07-03,Ilomantsi Mekrijärvi,14.9,10.9,-1.0
2019-07-03,Pietarsaari Kallan,11.9,,
2019-07-03,Kokkola Tankar,13.1,,
2019-07-03,Kruunupyy Kokkola-Pietarsaari lentoasema,12.1,,
2019-07-03,Kaustinen Tastula,,-1.0,-1.0
2019-07-03,Kalajoki Ulkokalla,12.1,,
2019-07-03,Toholampi Oravala,,-1.0,-1.0
2019-07-03,Kalajoki Pitkäsenkylä,,-1.0,-1.0
2019-07-03,Kalajoki Mehtäkylä,,-1.0,-1.0
2019-07-03,Toholampi Laitala,10.9,-1.0,-1.0
2019-07-03,Ylivieska lentokenttä,11.2,-1.0,-1.0
2019-07-03,Ylivieska Vähäkangas,,-1.0,-1.0
2019-07-03,Haapavesi Mustikkamäki,13.3,-1.0,-1.0
2019-07-03,Pyhäjärvi Ojakylä,12.6,-1.0,-1.0
2019-07-03,Pyhäjärvi Hiidenniemi,,-1.0,-1.0
2019-07-03,Kiuruvesi Korpijoki,,-1.0,-1.0
2019-07-03,Siikalatva Kestilä,,-1.0,-1.0
2019-07-03,Kajaani lentoasema,14.9,,
2019-07-03,Vieremä Kaarakkala,12.9,0.4,-1.0
2019-07-03,Kajaani Paltaniemi,,-1.0,-1.0
2019-07-03,Nurmes Valtimo,14.9,0.1,-1.0
2019-07-03,Ristijärvi Mustavaara,,-1.0,-1.0
2019-07-03,Sotkamo Kuolaniemi,15.1,-1.0,-1.0
2019-07-03,Nurmes Mujejärvi,,0.0,-1.0
2019-07-03,Kuhmo Apaja,,1.4,-1.0
2019-07-03,Kuhmo Kalliojoki,15.3,0.1,-1.0
2019-07-03,Hailuoto Keskikylä,14.5,-1.0,-1.0
2019-07-03,Kemi I majakka,13.1,,
2019-07-03,Hailuoto Marjaniemi,13.8,,
2019-07-03,Raahe Lapaluoto satama,14.1,,
2019-07-03,Oulu lentoasema,14.8,,
2019-07-03,Siikajoki Ruukki,13.6,-1.0,-1.0
2019-07-03,Oulu Vihreäsaari satama,14.9,,
2019-07-03,Oulu Oulunsalo Pellonpää,14.7,-1.0,-1.0
2019-07-03,Vaala Pelso,13.3,-1.0,-1.0
2019-07-03,Pudasjärvi lentokenttä,14.7,-1.0,-1.0
2019-07-03,Utajärvi Särkijärvi,,0.0,-1.0
2019-07-03,Pudasjärvi Jaurakkajärvi,,-1.0,-1.0
2019-07-03,Suomussalmi Näljänkä,,-1.0,-1.0
2019-07-03,Suomussalmi Pesiö,15.1,0.0,-1.0
2019-07-03,Puolanka Kotila,,-1.0,-1.0
2019-07-03,Puolanka Paljakka,13.9,-1.0,-1.0
2019-07-03,Kemi Kemi-Tornio lentoasema,13.7,,
2019-07-03,Kemi Ajos,14.6,,
2019-07-03,Tornio Kaakkuri,14.2,-1.0,-1.0
2019-07-03,Ranua lentokenttä,13.2,-1.0,-1.0
2019-07-03,Pudasjärvi Sarakylä,,-1.0,-1.0
2019-07-03,Posio Raistakka,,0.4,-1.0
2019-07-03,Taivalkoski Inkee,,0.0,-1.0
2019-07-03,Taivalkoski kirkonkylä,14.5,-1.0,-1.0
2019-07-03,Kuusamo lentoasema,12.0,,
2019-07-03,Kuusamo Kiutaköngäs,12.1,14.9,-1.0
2019-07-03,Kuusamo Rukatunturi,10.5,,
2019-07-03,Kuusamo Teeriranta,,-1.0,-1.0
2019-07-03,Kuusamo Juuma,11.4,,
2019-07-03,Ylitornio Meltosjärvi,11.4,0.2,-1.0
2019-07-03,Kolari Kattilamaa,,8.5,-1.0
2019-07-03,Pello kirkonkylä,11.2,1.1,-1.0
2019-07-03,Kittilä Alakylä,,5.3,-1.0
2019-07-03,Rovaniemi rautatieasema,12.5,,
2019-07-03,Sodankylä Tähtelä,10.7,5.7,-1.0
2019-07-03,Rovaniemi Apukka,11.7,-1.0,-1.0
2019-07-03,Pelkosenniemi kirkonkylä,,9.3,-1.0
2019-07-03,Kemijärvi lentokenttä,11.1,4.5,-1.0
2019-07-03,Savukoski kirkonkylä,12.0,12.7,-1.0
2019-07-03,Salla Kelloselkä,,13.9,-1.0
2019-07-03,Pelkosenniemi Pyhätunturi,8.6,,
2019-07-03,Salla kirkonkylä,11.6,12.4,-1.0
2019-07-03,Salla Naruska,12.3,14.8,-1.0
2019-07-03,Enontekiö Kaaresuvanto,,2.1,-1.0
2019-07-03,Kittilä Pulju,,7.2,-1.0
2019-07-03,Muonio Laukukero,4.9,,
2019-07-03,Muonio Sammaltunturi,6.1,,
2019-07-03,Kittilä Matorova,7.8,,
2019-07-03,Kittilä lentoasema,9.4,,
2019-07-03,Kittilä Kenttärova,7.9,7.3,-1.0
2019-07-03,Kittilä Pakatti,9.6,5.3,-1.0
2019-07-03,Kittilä Pokka,8.9,5.1,-1.0
2019-07-03,Sodankylä Lokka,12.0,13.8,-1.0
2019-07-03,Sodankylä Vuotso,10.6,7.4,-1.0
2019-07-03,Inari Saariselkä matkailukeskus,9.4,9.4,-1.0
2019-07-03,Inari Saariselkä Kaunispää,8.3,,
2019-07-03,Inari Raja-Jooseppi Kontiojärvi,,8.4,-1.0
2019-07-03,Inari Raja-Jooseppi,10.8,,
2019-07-03,Salla Värriötunturi,10.9,5.5,-1.0
2019-07-03,Enontekiö Kilpisjärvi kyläkeskus,6.8,3.4,-1.0
2019-07-03,Enontekiö Kilpisjärvi Saana,3.2,,
2019-07-03,Enontekiö Näkkälä,6.8,4.9,-1.0
2019-07-03,Inari Angeli Lintupuoliselkä,8.0,2.9,-1.0
2019-07-03,Inari Ivalo lentoasema,10.0,,
2019-07-03,Utsjoki Kevo,8.9,1.6,-1.0
2019-07-03,Utsjoki Nuorgam,9.8,3.4,-1.0
2019-07-03,Inari Väylä,10.3,,
2019-07-03,Inari kirkonkylä,,7.5,-1.0
2019-07-03,Inari Kaamanen,10.2,4.3,-1.0
2019-07-03,Inari Nellim,10.8,4.9,-1.0
2019-07-03,Inari Kirakkajärvi,9.1,2.3,-1.0
2019-07-03,Mäntsälä Hirvihaara,13.9,-1.0,-1.0
2019-07-03,Lahti Sopenkorpi,14.1,-1.0,-1.0
2019-07-03,Siuntio Sjundby,,-1.0,-1.0
2019-07-03,Sipoo Itätoukki,13.4,,
2019-07-03,Rauma Pyynpää,13.1,-1.0,-1.0
2019-07-03,Muonio Oustajärvi,8.9,6.1,-1.0
2019-07-03,Kajaani Petäisenniska,14.7,-1.0,-1.0
2019-07-03,Utsjoki Kevo Kevojärvi,9.3,,
2019-07-03,Inari Seitalaassa,9.3,,
2019-07-03,Rovaniemi lentoasema AWOS,11.4,0.4,-1.0
2019-07-03,Jyväskylä lentoasema AWOS,12.7,-1.0,-1.0
2019-07-03,Puumala kirkonkylä,13.9,-1.0,-1.0
2019-07-03,Helsinki Vuosaari satama,15.0,,
2019-07-03,Maarianhamina Länsisatama,13.4,,
2019-07-03,Lumparland Långnäs satama,13.5,-1.0,-1.0
2019-07-03,Tampere Tampella,14.6,,
2019-07-03,Kittilä Lompolonvuoma,8.4,,
2019-07-03,Kuusamo Ruka Talvijärvi,11.8,,
2019-07-03,Espoo Nuuksio,13.3,-1.0,-1.0
2019-07-03,Mikkeli Lentoasema AWOS,12.2,5.5,-1.0
2019-07-03,Espoo Tapiola,14.7,-1.0,-1.0
2019-07-04,Porvoo Kilpilahti satama,13.5,,
2019-07-04,Jomala Maarianhamina lentoasema,11.1,,
2019-07-04,Parainen Utö,14.7,9.3,-1.0
2019-07-04,Lemland Nyhamn,12.8,,
2019-07-04,Jomala Jomalaby,11.5,18.2,-1.0
2019-07-04,Hammarland Märket,11.5,,
2019-07-04,Kökar Bogskär,13.2,,
2019-07-04,Parainen Fagerholm,13.9,11.6,
2019-07-04,Kumlinge kirkonkylä,13.5,,
2019-07-04,Hanko Russarö,14.1,7.7,
2019-07-04,Kaarina Yltöinen,12.4,11.8,-1.0
2019-07-04,Kemiönsaari Vänö,14.2,,
2019-07-04,Hanko Tulliniemi,14.2,,
2019-07-04,Turku Rajakari,13.9,,
2019-07-04,Turku Artukainen,13.5,11.6,-1.0
2019-07-04,Kemiönsaari Kemiö,12.8,14.6,-1.0
2019-07-04,Hanko Tvärminne,13.7,6.5,-1.0
2019-07-04,Salo Kärkkä,13.0,20.9,
2019-07-04,Lohja Leppäkorpi,,8.2,-1.0
2019-07-04,Raasepori Jussarö,12.6,,
2019-07-04,Salo Kiikala lentokenttä,12.1,6.6,-1.0
2019-07-04,Vantaa Helsinki-Vantaan lentoasema,13.4,13.0,-1.0
2019-07-04,Inkoo Bågaskär,13.4,,
2019-07-04,Helsinki Kaisaniemi,13.9,13.7,-1.0
2019-07-04,Lohja Porla,12.9,20.7,-1.0
2019-07-04,Vihti Maasoja,12.8,,
2019-07-04,Helsinki Harmaja,12.4,,
2019-07-04,Kirkkonummi Mäkiluoto,13.7,,
2019-07-04,Helsinki Helsingin majakka,12.9,,
2019-07-04,Helsinki Kumpula,14.2,15.2,-1.0
2019-07-04,Helsinki Malmi lentokenttä,13.7,,
2019-07-04,Porvoo Emäsalo,12.7,,
2019-07-04,Porvoo Harabacka,13.7,9.7,-1.0
2019-07-04,Kotka Rankki,12.8,1.1,-1.0
2019-07-04,Loviisa Orrengrund,12.9,,
2019-07-04,Kotka Haapasaari,12.8,,
2019-07-04,Pori lentoasema,12.0,,
2019-07-04,Uusikaupunki Itätulli,,13.3,-1.0
2019-07-04,Laitila Haukka,,19.1,-1.0
2019-07-04,Kustavi Isokari,13.4,12.8,
2019-07-04,Rauma Kylmäpihlaja,13.2,,
2019-07-04,Pori rautatieasema,12.9,6.6,-1.0
2019-07-04,Turku lentoasema,12.3,,
2019-07-04,Kokemäki Rausenkulma,,10.9,-1.0
2019-07-04,Huittinen Sallila,,18.3,-1.0
2019-07-04,Oripää Teinikivi,,17.0,-1.0
2019-07-04,Pöytyä Yläne,,14.2,-1.0
2019-07-04,Kokemäki Tulkkila,11.6,17.2,-1.0
2019-07-04,Jokioinen Ilmala,11.8,9.8,-1.0
2019-07-04,Nokia Tottijärvi,,2.6,-1.0
2019-07-04,Pirkkala Tampere-Pirkkala lentoasema,12.2,,
2019-07-04,Tampere Härmälä,12.7,3.2,-1.0
2019-07-04,Somero Salkola,11.6,15.7,-1.0
2019-07-04,Hyvinkää Hyvinkäänkylä,12.9,10.3,-1.0
2019-07-04,Vihti Hiiskula,,10.5,-1.0
2019-07-04,Hämeenlinna Pirttikoski,,6.5,-1.0
2019-07-04,Nurmijärvi Röykkä,12.8,15.2,-1.0
2019-07-04,Hattula Lepaa,12.9,6.0,-1.0
2019-07-04,Hämeenlinna Lammi Pappila,12.1,0.4,-1.0
2019-07-04,Mäntsälä Hirvihaara Kuntomajantie,,5.8,-1.0
2019-07-04,Asikkala Pulkkilanharju,13.7,,
2019-07-04,Hämeenlinna Lammi Evo,12.2,,
2019-07-04,Kouvola Utti lentoasema,14.0,-1.0,-1.0
2019-07-04,Kouvola Anjala,13.7,0.7,-1.0
2019-07-04,Heinola Asemantaus,14.1,0.8,-1.0
2019-07-04,Kouvola Voikoski,,-1.0,-1.0
2019-07-04,Virolahti Koivuniemi,13.0,-1.0,-1.0
2019-07-04,Lappeenranta lentoasema,14.3,,
2019-07-04,Lappeenranta Konnunsuo,14.2,,
2019-07-04,Lappeenranta Lepola,14.9,-1.0,-1.0
2019-07-04,Ruokolahti Kotaniemi,,0.4,-1.0
2019-07-04,Lappeenranta Hiekkapakka,15.6,,
2019-07-04,Parikkala Koitsanlahti,14.4,-1.0,-1.0
2019-07-04,Kaskinen Sälgrund,13.0,-1.0,
2019-07-04,Merikarvia Tuorila,,-1.0,-1.0
2019-07-04,Isojoki Kärjenkoski,,-1.0,-1.0
2019-07-04,Teuva Kauppilankylä,,-1.0,-1.0
2019-07-04,Pori Tahkoluoto satama,13.0,,
2019-07-04,Kristiinankaupunki Majakka,11.5,,
2019-07-04,Karvia Alkkia,11.4,-1.0,-1.0
2019-07-04,Ikaalinen Vehuvarpee,,0.7,-1.0
2019-07-04,Kurikka Hirvijärvi,,0.0,-1.0
2019-07-04,Kauhajoki Kuja-Kokko,11.4,-1.0,-1.0
2019-07-04,Kankaanpää Niinisalo lentokenttä,12.0,0.6,-1.0
2019-07-04,Alavus Sulkavankylä,,-1.0,-1.0
2019-07-04,Virrat Äijänneva,11.8,,
2019-07-04,Tampere Siilinkari,12.7,,
2019-07-04,Jämsä Halli lentoasema,13.1,-1.0,-1.0
2019-07-04,Juupajoki Hyytiälä,12.2,-1.0,-1.0
2019-07-04,Sysmä Joutsjärvi,,-1.0,-1.0
2019-07-04,Luhanka Tammijärvi,,-1.0,-1.0
2019-07-04,Jyväskylä Muuratjärvi,,-1.0,-1.0
2019-07-04,Luhanka Judinsalo,13.8,,
2019-07-04,Multia Pirttiperä,,-1.0,-1.0
2019-07-04,Joutsa Savenaho,12.3,-1.0,-1.0
2019-07-04,Kangasniemi kirkonkylä,,-1.0,-1.0
2019-07-04,Joutsa Pärnämäki,,-1.0,-1.0
2019-07-04,Mikkeli Pitkähiekka,,-1.0,-1.0
2019-07-04,Juva Partala,13.8,,
2019-07-04,Varkaus Kosulanniemi,14.9,-1.0,-1.0
2019-07-04,Savonlinna Laukansaari,,-1.0,-1.0
2019-07-04,Sulkava Halttula,,-1.0,-1.0
2019-07-04,Savonlinna lentoasema,14.8,,
2019-07-04,Rantasalmi Rukkasluoto,15.3,,
2019-07-04,Savonlinna Punkaharju Laukansaari,14.9,-1.0,-1.0
2019-07-04,Enonkoski Simanala,,-1.0,-1.0
2019-07-04,Savonlinna Savonranta,,-1.0,-1.0
2019-07-04,Rääkkylä kirkonkylä,,-1.0,-1.0
2019-07-04,Tohmajärvi Kemie,15.0,-1.0,-1.0
2019-07-04,Joensuu Huhtilampi,,-1.0,-1.0
2019-07-04,Vaasa lentoasema,13.0,,
2019-07-04,Mustasaari Valassaaret,12.8,,
2019-07-04,Närpiö Ylimarkku,,-1.0,-1.0
2019-07-04,Mustasaari Riimala,,-1.0,-1.0
2019-07-04,Kurikka Pyörni,,0.0,-1.0
2019-07-04,Korsnäs Bredskäret,12.4,,
2019-07-04,Maalahti Strömmingsbådan,11.9,,
2019-07-04,Vaasa Klemettilä,13.5,-1.0,-1.0
2019-07-04,Seinäjoki Pelmaa,13.2,-1.0,-1.0
2019-07-04,Kauhava lentokenttä,12.6,-1.0,-1.0
2019-07-04,Ähtäri Inha,13.0,-1.0,-1.0
2019-07-04,Halsua Purola,12.2,0.0,-1.0
2019-07-04,Alajärvi Möksy,12.5,-1.0,-1.0
2019-07-04,Multia Karhila,11.7,-1.0,-1.0
2019-07-04,Viitasaari Haapaniemi,14.3,-1.0,-1.0
2019-07-04,Äänekoski Kalaniemi,,-1.0,-1.0
2019-07-04,Viitasaari Kärnä,,-1.0,-1.0
2019-07-04,Vesanto kirkonkylä,12.7,-1.0,-1.0
2019-07-04,Pielavesi Venetmäki,,-1.0,-1.0
2019-07-04,Siilinjärvi Kuopio lentoasema,15.0,,
2019-07-04,Kuopio Maaninka,13.8,-1.0,-1.0
2019-07-04,Lapinlahti Lamminkäyrä,,2.0,-1.0
2019-07-04,Suonenjoki Iisvesi,,-1.0,-1.0
2019-07-04,Kuopio Karttula,,-1.0,-1.0
2019-07-04,Kuopio Ritoniemi,15.0,,
2019-07-04,Kuopio Savilahti,14.7,-1.0,-1.0
2019-07-04,Heinävesi Palokki,,-1.0,-1.0
2019-07-04,Outokumpu Viuruniemi,,-1.0,-1.0
2019-07-04,Rautavaara Ala-Luosta,,-1.0,-1.0
2019-07-04,Rautavaara Ylä-Luosta,13.5,-1.0,-1.0
2019-07-04,Liperi Joensuu lentoasema,15.2,,
2019-07-04,Juuka Niemelä,14.5,-1.0,-1.0
2019-07-04,Joensuu Pyhäselkä,,-1.0,-1.0
2019-07-04,Lieksa Koli,,-1.0,-1.0
2019-07-04,Liperi Tuiskavanluoto,16.0,,
2019-07-04,Joensuu Linnunlahti,15.3,-1.0,-1.0
2019-07-04,Lieksa Lampela,14.5,-1.0,-1.0
2019-07-04,Ilomantsi Naarva,,0.0,-1.0
2019-07-04,Ilomantsi Pötsönvaara,13.7,-1.0,-1.0
2019-07-04,Ilomantsi Mekrijärvi,14.9,-1.0,-1.0
2019-07-04,Pietarsaari Kallan,11.6,,
2019-07-04,Kokkola Tankar,12.4,,
2019-07-04,Kruunupyy Kokkola-Pietarsaari lentoasema,12.6,,
2019-07-04,Kaustinen Tastula,,-1.0,-1.0
2019-07-04,Kalajoki Ulkokalla,11.5,,
2019-07-04,Toholampi Oravala,,-1.0,-1.0
2019-07-04,Kalajoki Pitkäsenkylä,,-1.0,-1.0
2019-07-04,Kalajoki Mehtäkylä,,-1.0,-1.0
2019-07-04,Toholampi Laitala,12.3,-1.0,-1.0
2019-07-04,Ylivieska lentokenttä,12.6,-1.0,-1.0
2019-07-04,Ylivieska Vähäkangas,,-1.0,-1.0
2019-07-04,Haapavesi Mustikkamäki,13.4,-1.0,-1.0
2019-07-04,Pyhäjärvi Ojakylä,12.4,-1.0,-1.0
2019-07-04,Pyhäjärvi Hiidenniemi,,-1.0,-1.0
2019-07-04,Kiuruvesi Korpijoki,,-1.0,-1.0
2019-07-04,Siikalatva Kestilä,,-1.0,-1.0
2019-07-04,Kajaani lentoasema,14.3,,
2019-07-04,Vieremä Kaarakkala,13.2,-1.0,-1.0
2019-07-04,Kajaani Paltaniemi,,-1.0,-1.0
2019-07-04,Nurmes Valtimo,14.3,-1.0,-1.0
2019-07-04,Ristijärvi Mustavaara,,-1.0,-1.0
2019-07-04,Sotkamo Kuolaniemi,14.0,-1.0,-1.0
2019-07-04,Nurmes Mujejärvi,,-1.0,-1.0
2019-07-04,Kuhmo Apaja,,-1.0,-1.0
2019-07-04,Kuhmo Kalliojoki,13.5,-1.0,-1.0
2019-07-04,Hailuoto Keskikylä,11.9,-1.0,-1.0
2019-07-04,Kemi I majakka,12.0,,
2019-07-04,Hailuoto Marjaniemi,12.8,,
2019-07-04,Raahe Lapaluoto satama,13.3,,
2019-07-04,Oulu lentoasema,13.3,,
2019-07-04,Siikajoki Ruukki,12.0,-1.0,-1.0
2019-07-04,Oulu Vihreäsaari satama,13.4,,
2019-07-04,Oulu Oulunsalo Pellonpää,13.0,-1.0,-1.0
2019-07-04,Vaala Pelso,12.4,-1.0,-1.0
2019-07-04,Pudasjärvi lentokenttä,12.0,0.4,-1.0
2019-07-04,Utajärvi Särkijärvi,,0.0,-1.0
2019-07-04,Pudasjärvi Jaurakkajärvi,,-1.0,-1.0
2019-07-04,Suomussalmi Näljänkä,,0.9,-1.0
2019-07-04,Suomussalmi Pesiö,12.7,0.0,-1.0
2019-07-04,Puolanka Kotila,,-1.0,-1.0
2019-07-04,Puolanka Paljakka,11.8,-1.0,-1.0
2019-07-04,Kemi Kemi-Tornio lentoasema,11.8,,
2019-07-04,Kemi Ajos,12.7,,
2019-07-04,Tornio Kaakkuri,11.6,0.7,-1.0
2019-07-04,Ranua lentokenttä,11.4,4.6,-1.0
2019-07-04,Pudasjärvi Sarakylä,,13.1,-1.0
2019-07-04,Posio Raistakka,,8.2,-1.0
2019-07-04,Taivalkoski Inkee,,5.3,-1.0
2019-07-04,Taivalkoski kirkonkylä,11.4,0.5,-1.0
2019-07-04,Kuusamo lentoasema,10.9,,
2019-07-04,Kuusamo Kiutaköngäs,11.1,7.7,-1.0
2019-07-04,Kuusamo Rukatunturi,8.9,,
2019-07-04,Kuusamo Teeriranta,,6.5,-1.0
2019-07-04,Kuusamo Juuma,10.2,,
2019-07-04,Ylitornio Meltosjärvi,11.0,0.8,-1.0
2019-07-04,Kolari Kattilamaa,,-1.0,-1.0
2019-07-04,Pello kirkonkylä,10.9,2.2,-1.0
2019-07-04,Kittilä Alakylä,,0.2,-1.0
2019-07-04,Rovaniemi rautatieasema,11.6,,
2019-07-04,Sodankylä Tähtelä,10.9,-1.0,-1.0
2019-07-04,Rovaniemi Apukka,11.4,0.7,-1.0
2019-07-04,Pelkosenniemi kirkonkylä,,0.4,-1.0
2019-07-04,Kemijärvi lentokenttä,10.6,1.4,-1.0
2019-07-04,Savukoski kirkonkylä,11.0,0.2,-1.0
2019-07-04,Salla Kelloselkä,,3.0,-1.0
2019-07-04,Pelkosenniemi Pyhätunturi,8.6,,
2019-07-04,Salla kirkonkylä,10.5,3.2,-1.0
2019-07-04,Salla Naruska,11.0,-1.0,-1.0
2019-07-04,Enontekiö Kaaresuvanto,,-1.0,-1.0
2019-07-04,Kittilä Pulju,,-1.0,-1.0
2019-07-04,Muonio Laukukero,6.0,,
2019-07-04,Muonio Sammaltunturi,7.4,,
2019-07-04,Kittilä Matorova,9.2,,
2019-07-04,Kittilä lentoasema,10.8,,
2019-07-04,Kittilä Kenttärova,9.2,0.4,-1.0
2019-07-04,Kittilä Pakatti,11.0,0.5,-1.0
2019-07-04,Kittilä Pokka,9.5,-1.0,-1.0
2019-07-04,Sodankylä Lokka,10.1,-1.0,-1.0
2019-07-04,Sodankylä Vuotso,9.6,-1.0,-1.0
2019-07-04,Inari Saariselkä matkailukeskus,8.4,0.2,-1.0
2019-07-04,Inari Saariselkä Kaunispää,7.1,,
2019-07-04,Inari Raja-Jooseppi Kontiojärvi,,0.6,-1.0
2019-07-04,Inari Raja-Jooseppi,8.7,,
2019-07-04,Salla Värriötunturi,9.2,0.1,-1.0
2019-07-04,Enontekiö Kilpisjärvi kyläkeskus,6.8,-1.0,-1.0
2019-07-04,Enontekiö Kilpisjärvi Saana,3.2,,
2019-07-04,Enontekiö Näkkälä,8.8,-1.0,-1.0
2019-07-04,Inari Angeli Lintupuoliselkä,8.0,0.6,-1.0
2019-07-04,Inari Ivalo lentoasema,9.1,,
2019-07-04,Utsjoki Kevo,8.5,0.3,-1.0
2019-07-04,Utsjoki Nuorgam,8.4,0.6,-1.0
2019-07-04,Inari Väylä,8.9,,
2019-07-04,Inari kirkonkylä,,2.0,-1.0
2019-07-04,Inari Kaamanen,8.6,3.8,-1.0
2019-07-04,Inari Nellim,8.8,0.8,-1.0
2019-07-04,Inari Kirakkajärvi,8.6,2.2,-1.0
2019-07-04,Mäntsälä Hirvihaara,12.8,11.0,-1.0
2019-07-04,Lahti Sopenkorpi,13.8,2.8,-1.0
2019-07-04,Siuntio Sjundby,,13.7,-1.0
2019-07-04,Sipoo Itätoukki,12.2,,
2019-07-04,Rauma Pyynpää,13.0,13.8,-1.0
2019-07-04,Muonio Oustajärvi,10.3,-1.0,-1.0
2019-07-04,Kajaani Petäisenniska,14.2,-1.0,-1.0
2019-07-04,Utsjoki Kevo Kevojärvi,8.8,,
2019-07-04,Inari Seitalaassa,8.5,,
2019-07-04,Rovaniemi lentoasema AWOS,10.7,0.2,-1.0
2019-07-04,Jyväskylä lentoasema AWOS,13.7,-1.0,-1.0
2019-07-04,Puumala kirkonkylä,14.8,-1.0,-1.0
2019-07-04,Helsinki Vuosaari satama,13.0,,
2019-07-04,Maarianhamina Länsisatama,12.5,,
2019-07-04,Lumparland Långnäs satama,13.5,11.7,-1.0
2019-07-04,Tampere Tampella,13.8,,
2019-07-04,Kittilä Lompolonvuoma,9.9,,
2019-07-04,Kuusamo Ruka Talvijärvi,10.2,,
2019-07-04,Espoo Nuuksio,12.6,14.7,-1.0
2019-07-04,Mikkeli Lentoasema AWOS,13.9,-1.0,-1.0
2019-07-04,Espoo Tapiola,13.9,13.9,-1.0
2019-07-05,Porvoo Kilpilahti satama,11.7,,
2019-07-05,Jomala Maarianhamina lentoasema,11.1,,
2019-07-05,Parainen Utö,12.0,8.3,-1.0
2019-07-05,Lemland Nyhamn,11.4,,
2019-07-05,Jomala Jomalaby,11.1,3.5,-1.0
2019-07-05,Hammarland Märket,10.7,,
2019-07-05,Kökar Bogskär,11.6,,
2019-07-05,Parainen Fagerholm,12.4,7.2,
2019-07-05,Kumlinge kirkonkylä,11.8,,
2019-07-05,Hanko Russarö,12.3,1.5,
2019-07-05,Kaarina Yltöinen,12.9,4.9,-1.0
2019-07-05,Kemiönsaari Vänö,12.1,,
2019-07-05,Hanko Tulliniemi,12.4,,
2019-07-05,Turku Rajakari,13.0,,
2019-07-05,Turku Artukainen,12.9,0.2,-1.0
2019-07-05,Kemiönsaari Kemiö,11.4,12.8,-1.0
2019-07-05,Hanko Tvärminne,11.6,4.9,-1.0
2019-07-05,Salo Kärkkä,12.7,8.3,
2019-07-05,Lohja Leppäkorpi,,8.5,-1.0
2019-07-05,Raasepori Jussarö,11.9,,
2019-07-05,Salo Kiikala lentokenttä,11.8,7.0,-1.0
2019-07-05,Vantaa Helsinki-Vantaan lentoasema,12.8,15.6,-1.0
2019-07-05,Inkoo Bågaskär,12.3,,
2019-07-05,Helsinki Kaisaniemi,12.9,11.7,-1.0
2019-07-05,Lohja Porla,12.7,3.9,-1.0
2019-07-05,Vihti Maasoja,12.7,,
2019-07-05,Helsinki Harmaja,11.9,,
2019-07-05,Kirkkonummi Mäkiluoto,12.3,,
2019-07-05,Helsinki Helsingin majakka,12.2,,
2019-07-05,Helsinki Kumpula,12.9,12.4,-1.0
2019-07-05,Helsinki Malmi lentokenttä,12.9,,
2019-07-05,Porvoo Emäsalo,12.1,,
2019-07-05,Porvoo Harabacka,12.2,19.2,-1.0
2019-07-05,Kotka Rankki,11.7,35.4,-1.0
2019-07-05,Loviisa Orrengrund,11.8,,
2019-07-05,Kotka Haapasaari,12.0,,
2019-07-05,Pori lentoasema,11.5,,
2019-07-05,Uusikaupunki Itätulli,,0.2,-1.0
2019-07-05,Laitila Haukka,,0.1,-1.0
2019-07-05,Kustavi Isokari,12.1,0.2,
2019-07-05,Rauma Kylmäpihlaja,11.6,,
2019-07-05,Pori rautatieasema,11.8,3.6,-1.0
2019-07-05,Turku lentoasema,11.9,,
2019-07-05,Kokemäki Rausenkulma,,3.2,-1.0
2019-07-05,Huittinen Sallila,,0.0,-1.0
2019-07-05,Oripää Teinikivi,,-1.0,-1.0
2019-07-05,Pöytyä Yläne,,0.5,-1.0
2019-07-05,Kokemäki Tulkkila,11.1,1.3,-1.0
2019-07-05,Jokioinen Ilmala,11.1,29.7,-1.0
2019-07-05,Nokia Tottijärvi,,22.9,-1.0
2019-07-05,Pirkkala Tampere-Pirkkala lentoasema,10.9,,
2019-07-05,Tampere Härmälä,11.7,8.2,-1.0
2019-07-05,Somero Salkola,10.5,6.6,-1.0
2019-07-05,Hyvinkää Hyvinkäänkylä,12.0,13.3,-1.0
2019-07-05,Vihti Hiiskula,,6.8,-1.0
2019-07-05,Hämeenlinna Pirttikoski,,2.2,-1.0
2019-07-05,Nurmijärvi Röykkä,11.9,6.1,-1.0
2019-07-05,Hattula Lepaa,10.9,6.1,-1.0
2019-07-05,Hämeenlinna Lammi Pappila,10.7,12.2,-1.0
2019-07-05,Mäntsälä Hirvihaara Kuntomajantie,,8.2,-1.0
2019-07-05,Asikkala Pulkkilanharju,12.7,,
2019-07-05,Hämeenlinna Lammi Evo,10.1,,
2019-07-05,Kouvola Utti lentoasema,11.6,8.0,-1.0
2019-07-05,Kouvola Anjala,11.7,39.4,-1.0
2019-07-05,Heinola Asemantaus,11.7,4.6,-1.0
2019-07-05,Kouvola Voikoski,,1.8,-1.0
2019-07-05,Virolahti Koivuniemi,11.0,39.5,-1.0
2019-07-05,Lappeenranta lentoasema,12.7,,
2019-07-05,Lappeenranta Konnunsuo,12.4,,
2019-07-05,Lappeenranta Lepola,12.9,6.7,-1.0
2019-07-05,Ruokolahti Kotaniemi,,5.3,-1.0
2019-07-05,Lappeenranta Hiekkapakka,14.1,,
2019-07-05,Parikkala Koitsanlahti,13.0,7.7,-1.0
2019-07-05,Kaskinen Sälgrund,13.2,0.1,
2019-07-05,Merikarvia Tuorila,,3.4,-1.0
2019-07-05,Isojoki Kärjenkoski,,2.2,-1.0
2019-07-05,Teuva Kauppilankylä,,-1.0,-1.0
2019-07-05,Pori Tahkoluoto satama,11.4,,
2019-07-05,Kristiinankaupunki Majakka,12.5,,
2019-07-05,Karvia Alkkia,11.0,2.5,-1.0
2019-07-05,Ikaalinen Vehuvarpee,,4.6,-1.0
2019-07-05,Kurikka Hirvijärvi,,-1.0,-1.0
2019-07-05,Kauhajoki Kuja-Kokko,12.3,-1.0,-1.0
2019-07-05,Kankaanpää Niinisalo lentokenttä,10.8,3.8,-1.0
2019-07-05,Alavus Sulkavankylä,,1.0,-1.0
2019-07-05,Virrat Äijänneva,12.2,,
2019-07-05,Tampere Siilinkari,12.1,,
2019-07-05,Jämsä Halli lentoasema,11.6,3.3,-1.0
2019-07-05,Juupajoki Hyytiälä,10.2,10.9,-1.0
2019-07-05,Sysmä Joutsjärvi,,3.5,-1.0
2019-07-05,Luhanka Tammijärvi,,2.4,-1.0
2019-07-05,Jyväskylä Muuratjärvi,,8.3,-1.0
2019-07-05,Luhanka Judinsalo,12.8,,
2019-07-05,Multia Pirttiperä,,-1.0,-1.0
2019-07-05,Joutsa Savenaho,12.0,0.4,-1.0
2019-07-05,Kangasniemi kirkonkylä,,-1.0,-1.0
2019-07-05,Joutsa Pärnämäki,,0.9,-1.0
2019-07-05,Mikkeli Pitkähiekka,,0.2,-1.0
2019-07-05,Juva Partala,13.6,,
2019-07-05,Varkaus Kosulanniemi,15.0,-1.0,-1.0
2019-07-05,Savonlinna Laukansaari,,0.4,-1.0
2019-07-05,Sulkava Halttula,,-1.0,-1.0
2019-07-05,Savonlinna lentoasema,14.2,,
2019-07-05,Rantasalmi Rukkasluoto,15.4,,
2019-07-05,Savonlinna Punkaharju Laukansaari,14.4,1.2,-1.0
2019-07-05,Enonkoski Simanala,,0.1,-1.0
2019-07-05,Savonlinna Savonranta,,-1.0,-1.0
2019-07-05,Rääkkylä kirkonkylä,,-1.0,-1.0
2019-07-05,Tohmajärvi Kemie,13.5,-1.0,-1.0
2019-07-05,Joensuu Huhtilampi,,-1.0,-1.0
2019-07-05,Vaasa lentoasema,13.5,,
2019-07-05,Mustasaari Valassaaret,13.5,,
2019-07-05,Närpiö Ylimarkku,,-1.0,-1.0
2019-07-05,Mustasaari Riimala,,-1.0,-1.0
2019-07-05,Kurikka Pyörni,,-1.0,-1.0
2019-07-05,Korsnäs Bredskäret,14.2,,
2019-07-05,Maalahti Strömmingsbådan,13.1,,
2019-07-05,Vaasa Klemettilä,14.1,0.2,-1.0
2019-07-05,Seinäjoki Pelmaa,13.9,-1.0,-1.0
2019-07-05,Kauhava lentokenttä,13.9,0.1,-1.0
2019-07-05,Ähtäri Inha,13.8,-1.0,-1.0
2019-07-05,Halsua Purola,12.6,0.0,-1.0
2019-07-05,Alajärvi Möksy,13.2,-1.0,-1.0
2019-07-05,Multia Karhila,13.3,-1.0,-1.0
2019-07-05,Viitasaari Haapaniemi,14.6,-1.0,-1.0
2019-07-05,Äänekoski Kalaniemi,,-1.0,-1.0
2019-07-05,Viitasaari Kärnä,,-1.0,-1.0
2019-07-05,Vesanto kirkonkylä,13.5,-1.0,-1.0
2019-07-05,Pielavesi Venetmäki,,-1.0,-1.0
2019-07-05,Siilinjärvi Kuopio lentoasema,15.6,,
2019-07-05,Kuopio Maaninka,14.6,-1.0,-1.0
2019-07-05,Lapinlahti Lamminkäyrä,,5.5,-1.0
2019-07-05,Suonenjoki Iisvesi,,-1.0,-1.0
2019-07-05,Kuopio Karttula,,-1.0,-1.0
2019-07-05,Kuopio Ritoniemi,16.0,,
2019-07-05,Kuopio Savilahti,15.0,-1.0,-1.0
2019-07-05,Heinävesi Palokki,,-1.0,-1.0
2019-07-05,Outokumpu Viuruniemi,,-1.0,-1.0
2019-07-05,Rautavaara Ala-Luosta,,-1.0,-1.0
2019-07-05,Rautavaara Ylä-Luosta,14.6,-1.0,-1.0
2019-07-05,Liperi Joensuu lentoasema,15.1,,
2019-07-05,Juuka Niemelä,14.1,-1.0,-1.0
2019-07-05,Joensuu Pyhäselkä,,-1.0,-1.0
2019-07-05,Lieksa Koli,,-1.0,-1.0
2019-07-05,Liperi Tuiskavanluoto,16.7,,
2019-07-05,Joensuu Linnunlahti,14.7,-1.0,-1.0
2019-07-05,Lieksa Lampela,14.4,-1.0,-1.0
2019-07-05,Ilomantsi Naarva,,0.0,-1.0
2019-07-05,Ilomantsi Pötsönvaara,14.5,0.6,-1.0
2019-07-05,Ilomantsi Mekrijärvi,15.4,-1.0,-1.0
2019-07-05,Pietarsaari Kallan,12.5,,
2019-07-05,Kokkola Tankar,12.7,,
2019-07-05,Kruunupyy Kokkola-Pietarsaari lentoasema,13.0,,
2019-07-05,Kaustinen Tastula,,0.0,-1.0
2019-07-05,Kalajoki Ulkokalla,12.8,,
2019-07-05,Toholampi Oravala,,0.6,-1.0
2019-07-05,Kalajoki Pitkäsenkylä,,-1.0,-1.0
2019-07-05,Kalajoki Mehtäkylä,,-1.0,-1.0
2019-07-05,Toholampi Laitala,12.9,-1.0,-1.0
2019-07-05,Ylivieska lentokenttä,12.4,-1.0,-1.0
2019-07-05,Ylivieska Vähäkangas,,0.1,-1.0
2019-07-05,Haapavesi Mustikkamäki,13.3,-1.0,-1.0
2019-07-05,Pyhäjärvi Ojakylä,13.4,-1.0,-1.0
2019-07-05,Pyhäjärvi Hiidenniemi,,-1.0,-1.0
2019-07-05,Kiuruvesi Korpijoki,,-1.0,-1.0
2019-07-05,Siikalatva Kestilä,,2.2,-1.0
2019-07-05,Kajaani lentoasema,13.4,,
2019-07-05,Vieremä Kaarakkala,14.0,-1.0,-1.0
2019-07-05,Kajaani Paltaniemi,,0.0,-1.0
2019-07-05,Nurmes Valtimo,14.3,-1.0,-1.0
2019-07-05,Ristijärvi Mustavaara,,1.6,-1.0
2019-07-05,Sotkamo Kuolaniemi,13.3,-1.0,-1.0
2019-07-05,Nurmes Mujejärvi,,-1.0,-1.0
2019-07-05,Kuhmo Apaja,,0.0,-1.0
2019-07-05,Kuhmo Kalliojoki,11.7,0.4,-1.0
2019-07-05,Hailuoto Keskikylä,13.3,0.8,-1.0
2019-07-05,Kemi I majakka,13.1,,
2019-07-05,Hailuoto Marjaniemi,13.6,,
2019-07-05,Raahe Lapaluoto satama,13.3,,
2019-07-05,Oulu lentoasema,13.1,,
2019-07-05,Siikajoki Ruukki,12.6,-1.0,-1.0
2019-07-05,Oulu Vihreäsaari satama,13.6,,
2019-07-05,Oulu Oulunsalo Pellonpää,13.1,0.9,-1.0
2019-07-05,Vaala Pelso,11.9,1.5,-1.0
2019-07-05,Pudasjärvi lentokenttä,12.7,0.8,-1.0
2019-07-05,Utajärvi Särkijärvi,,0.3,-1.0
2019-07-05,Pudasjärvi Jaurakkajärvi,,0.2,-1.0
2019-07-05,Suomussalmi Näljänkä,,0.2,-1.0
2019-07-05,Suomussalmi Pesiö,12.5,0.4,-1.0
2019-07-05,Puolanka Kotila,,0.3,-1.0
2019-07-05,Puolanka Paljakka,11.3,-1.0,-1.0
2019-07-05,Kemi Kemi-Tornio lentoasema,13.3,,
2019-07-05,Kemi Ajos,13.7,,
2019-07-05,Tornio Kaakkuri,13.2,5.9,-1.0
2019-07-05,Ranua lentokenttä,11.5,7.7,-1.0
2019-07-05,Pudasjärvi Sarakylä,,6.8,-1.0
2019-07-05,Posio Raistakka,,7.8,-1.0
2019-07-05,Taivalkoski Inkee,,5.8,-1.0
2019-07-05,Taivalkoski kirkonkylä,11.8,3.4,-1.0
2019-07-05,Kuusamo lentoasema,10.9,,
2019-07-05,Kuusamo Kiutaköngäs,11.1,13.8,-1.0
2019-07-05,Kuusamo Rukatunturi,8.7,,
2019-07-05,Kuusamo Teeriranta,,4.2,-1.0
2019-07-05,Kuusamo Juuma,10.2,,
2019-07-05,Ylitornio Meltosjärvi,12.8,3.1,-1.0
2019-07-05,Kolari Kattilamaa,,3.4,-1.0
2019-07-05,Pello kirkonkylä,13.0,4.0,-1.0
2019-07-05,Kittilä Alakylä,,4.1,-1.0
2019-07-05,Rovaniemi rautatieasema,12.8,,
2019-07-05,Sodankylä Tähtelä,11.1,3.4,-1.0
2019-07-05,Rovaniemi Apukka,12.3,3.5,-1.0
2019-07-05,Pelkosenniemi kirkonkylä,,4.5,-1.0
2019-07-05,Kemijärvi lentokenttä,11.4,6.4,-1.0
2019-07-05,Savukoski kirkonkylä,11.2,4.8,-1.0
2019-07-05,Salla Kelloselkä,,5.0,-1.0
2019-07-05,Pelkosenniemi Pyhätunturi,8.9,,
2019-07-05,Salla kirkonkylä,11.0,5.4,-1.0
2019-07-05,Salla Naruska,11.0,7.1,-1.0
2019-07-05,Enontekiö Kaaresuvanto,,12.2,-1.0
2019-07-05,Kittilä Pulju,,4.4,-1.0
2019-07-05,Muonio Laukukero,7.4,,
2019-07-05,Muonio Sammaltunturi,9.2,,
2019-07-05,Kittilä Matorova,11.0,,
2019-07-05,Kittilä lentoasema,12.1,,
2019-07-05,Kittilä Kenttärova,11.1,3.8,-1.0
2019-07-05,Kittilä Pakatti,12.2,3.6,-1.0
2019-07-05,Kittilä Pokka,10.9,3.8,-1.0
2019-07-05,Sodankylä Lokka,10.3,4.0,-1.0
2019-07-05,Sodankylä Vuotso,9.6,7.8,-1.0
2019-07-05,Inari Saariselkä matkailukeskus,8.6,5.6,-1.0
2019-07-05,Inari Saariselkä Kaunispää,7.3,,
2019-07-05,Inari Raja-Jooseppi Kontiojärvi,,9.7,-1.0
2019-07-05,Inari Raja-Jooseppi,8.6,,
2019-07-05,Salla Värriötunturi,8.8,3.1,-1.0
2019-07-05,Enontekiö Kilpisjärvi kyläkeskus,9.3,3.5,-1.0
2019-07-05,Enontekiö Kilpisjärvi Saana,4.7,,
2019-07-05,Enontekiö Näkkälä,10.1,3.6,-1.0
2019-07-05,Inari Angeli Lintupuoliselkä,9.7,4.9,-1.0
2019-07-05,Inari Ivalo lentoasema,9.3,,
2019-07-05,Utsjoki Kevo,9.6,0.1,-1.0
2019-07-05,Utsjoki Nuorgam,9.4,1.5,-1.0
2019-07-05,Inari Väylä,9.6,,
2019-07-05,Inari kirkonkylä,,6.4,-1.0
2019-07-05,Inari Kaamanen,9.2,1.0,-1.0
2019-07-05,Inari Nellim,9.4,4.3,-1.0
2019-07-05,Inari Kirakkajärvi,9.3,0.1,-1.0
2019-07-05,Mäntsälä Hirvihaara,11.6,8.4,-1.0
2019-07-05,Lahti Sopenkorpi,11.4,17.4,-1.0
2019-07-05,Siuntio Sjundby,,7.2,-1.0
2019-07-05,Sipoo Itätoukki,12.0,,
2019-07-05,Rauma Pyynpää,11.2,1.3,-1.0
2019-07-05,Muonio Oustajärvi,12.5,2.8,
2019-07-05,Kajaani Petäisenniska,13.7,2.0,-1.0
2019-07-05,Utsjoki Kevo Kevojärvi,9.8,,
2019-07-05,Inari Seitalaassa,9.1,,
2019-07-05,Rovaniemi lentoasema AWOS,12.0,4.4,-1.0
2019-07-05,Jyväskylä lentoasema AWOS,13.4,-1.0,-1.0
2019-07-05,Puumala kirkonkylä,14.5,0.5,-1.0
2019-07-05,Helsinki Vuosaari satama,11.9,,
2019-07-05,Maarianhamina Länsisatama,11.2,,
2019-07-05,Lumparland Långnäs satama,12.1,7.3,-1.0
2019-07-05,Tampere Tampella,12.5,,
2019-07-05,Kittilä Lompolonvuoma,11.5,,
2019-07-05,Kuusamo Ruka Talvijärvi,10.4,,
2019-07-05,Espoo Nuuksio,12.2,9.0,-1.0
2019-07-05,Mikkeli Lentoasema AWOS,13.7,-1.0,-1.0
2019-07-05,Espoo Tapiola,12.8,12.9,-1.0
2019-07-06,Porvoo Kilpilahti satama,12.9,,
2019-07-06,Jomala Maarianhamina lentoasema,13.7,,
2019-07-06,Parainen Utö,14.9,0.0,-1.0
2019-07-06,Lemland Nyhamn,12.5,,
2019-07-06,Jomala Jomalaby,14.1,-1.0,-1.0
2019-07-06,Hammarland Märket,11.7,,
2019-07-06,Kökar Bogskär,12.7,,
2019-07-06,Parainen Fagerholm,14.9,-1.0,
2019-07-06,Kumlinge kirkonkylä,13.8,,
2019-07-06,Hanko Russarö,15.2,-1.0,
2019-07-06,Kaarina Yltöinen,15.0,-1.0,-1.0
2019-07-06,Kemiönsaari Vänö,15.3,,
2019-07-06,Hanko Tulliniemi,15.5,,
2019-07-06,Turku Rajakari,15.3,,
2019-07-06,Turku Artukainen,15.6,-1.0,-1.0
2019-07-06,Kemiönsaari Kemiö,15.2,-1.0,
2019-07-06,Hanko Tvärminne,14.5,-1.0,-1.0
2019-07-06,Salo Kärkkä,14.1,-1.0,
2019-07-06,Lohja Leppäkorpi,,0.0,-1.0
2019-07-06,Raasepori Jussarö,13.6,,
2019-07-06,Salo Kiikala lentokenttä,13.3,-1.0,-1.0
2019-07-06,Vantaa Helsinki-Vantaan lentoasema,13.5,4.8,-1.0
2019-07-06,Inkoo Bågaskär,12.8,,
2019-07-06,Helsinki Kaisaniemi,13.3,7.4,-1.0
2019-07-06,Lohja Porla,13.6,5.4,-1.0
2019-07-06,Vihti Maasoja,13.9,,
2019-07-06,Helsinki Harmaja,12.7,,
2019-07-06,Kirkkonummi Mäkiluoto,13.1,,
2019-07-06,Helsinki Helsingin majakka,13.5,,
2019-07-06,Helsinki Kumpula,13.6,4.7,-1.0
2019-07-06,Helsinki Malmi lentokenttä,13.6,,
2019-07-06,Porvoo Emäsalo,12.0,,
2019-07-06,Porvoo Harabacka,14.0,4.8,-1.0
2019-07-06,Kotka Rankki,11.6,2.1,-1.0
2019-07-06,Loviisa Orrengrund,11.5,,
2019-07-06,Kotka Haapasaari,12.0,,
2019-07-06,Pori lentoasema,14.6,,
2019-07-06,Uusikaupunki Itätulli,,-1.0,-1.0
2019-07-06,Laitila Haukka,,-1.0,-1.0
2019-07-06,Kustavi Isokari,13.5,-1.0,
2019-07-06,Rauma Kylmäpihlaja,12.8,,
2019-07-06,Pori rautatieasema,14.7,-1.0,-1.0
2019-07-06,Turku lentoasema,14.3,,
2019-07-06,Kokemäki Rausenkulma,,0.0,-1.0
2019-07-06,Huittinen Sallila,,0.2,-1.0
2019-07-06,Oripää Teinikivi,,14.4,-1.0
2019-07-06,Pöytyä Yläne,,0.0,-1.0
2019-07-06,Kokemäki Tulkkila,14.9,-1.0,-1.0
2019-07-06,Jokioinen Ilmala,13.2,3.1,-1.0
2019-07-06,Nokia Tottijärvi,,-1.0,-1.0
2019-07-06,Pirkkala Tampere-Pirkkala lentoasema,15.5,,
2019-07-06,Tampere Härmälä,15.9,-1.0,-1.0
2019-07-06,Somero Salkola,13.8,-1.0,-1.0
2019-07-06,Hyvinkää Hyvinkäänkylä,13.0,-1.0,-1.0
2019-07-06,Vihti Hiiskula,,1.7,-1.0
2019-07-06,Hämeenlinna Pirttikoski,,-1.0,-1.0
2019-07-06,Nurmijärvi Röykkä,12.4,4.1,-1.0
2019-07-06,Hattula Lepaa,15.7,-1.0,-1.0
2019-07-06,Hämeenlinna Lammi Pappila,13.4,2.0,-1.0
2019-07-06,Mäntsälä Hirvihaara Kuntomajantie,,4.2,-1.0
2019-07-06,Asikkala Pulkkilanharju,15.0,,
2019-07-06,Hämeenlinna Lammi Evo,12.4,,
2019-07-06,Kouvola Utti lentoasema,12.3,0.5,-1.0
2019-07-06,Kouvola Anjala,12.1,1.9,-1.0
2019-07-06,Heinola Asemantaus,14.0,0.2,-1.0
2019-07-06,Kouvola Voikoski,,0.2,-1.0
2019-07-06,Virolahti Koivuniemi,11.5,0.1,-1.0
2019-07-06,Lappeenranta lentoasema,12.4,,
2019-07-06,Lappeenranta Konnunsuo,12.3,,
2019-07-06,Lappeenranta Lepola,12.2,0.3,-1.0
2019-07-06,Ruokolahti Kotaniemi,,1.9,-1.0
2019-07-06,Lappeenranta Hiekkapakka,13.1,,
2019-07-06,Parikkala Koitsanlahti,12.6,0.1,-1.0
2019-07-06,Kaskinen Sälgrund,13.2,0.2,
2019-07-06,Merikarvia Tuorila,,3.2,-1.0
2019-07-06,Isojoki Kärjenkoski,,6.6,-1.0
2019-07-06,Teuva Kauppilankylä,,-1.0,-1.0
2019-07-06,Pori Tahkoluoto satama,12.3,,
2019-07-06,Kristiinankaupunki Majakka,12.0,,
2019-07-06,Karvia Alkkia,13.1,-1.0,-1.0
2019-07-06,Ikaalinen Vehuvarpee,,0.0,-1.0
2019-07-06,Kurikka Hirvijärvi,,1.5,-1.0
2019-07-06,Kauhajoki Kuja-Kokko,12.8,5.0,-1.0
2019-07-06,Kankaanpää Niinisalo lentokenttä,15.1,-1.0,-1.0
2019-07-06,Alavus Sulkavankylä,,-1.0,-1.0
2019-07-06,Virrat Äijänneva,12.5,,
2019-07-06,Tampere Siilinkari,15.2,,
2019-07-06,Jämsä Halli lentoasema,14.8,-1.0,-1.0
2019-07-06,Juupajoki Hyytiälä,14.5,-1.0,-1.0
2019-07-06,Sysmä Joutsjärvi,,7.6,-1.0
2019-07-06,Luhanka Tammijärvi,,10.6,-1.0
2019-07-06,Jyväskylä Muuratjärvi,,-1.0,-1.0
2019-07-06,Luhanka Judinsalo,14.3,,
2019-07-06,Multia Pirttiperä,,13.4,-1.0
2019-07-06,Joutsa Savenaho,12.5,17.1,-1.0
2019-07-06,Kangasniemi kirkonkylä,,16.5,-1.0
2019-07-06,Joutsa Pärnämäki,,2.9,-1.0
2019-07-06,Mikkeli Pitkähiekka,,0.5,-1.0
2019-07-06,Juva Partala,14.5,,
2019-07-06,Varkaus Kosulanniemi,15.4,0.3,-1.0
2019-07-06,Savonlinna Laukansaari,,0.4,-1.0
2019-07-06,Sulkava Halttula,,-1.0,-1.0
2019-07-06,Savonlinna lentoasema,14.5,,
2019-07-06,Rantasalmi Rukkasluoto,16.2,,
2019-07-06,Savonlinna Punkaharju Laukansaari,13.7,1.5,-1.0
2019-07-06,Enonkoski Simanala,,1.7,-1.0
2019-07-06,Savonlinna Savonranta,,-1.0,-1.0
2019-07-06,Rääkkylä kirkonkylä,,1.4,-1.0
2019-07-06,Tohmajärvi Kemie,14.2,0.2,-1.0
2019-07-06,Joensuu Huhtilampi,,1.5,-1.0
2019-07-06,Vaasa lentoasema,12.3,,
2019-07-06,Mustasaari Valassaaret,13.2,,
2019-07-06,Närpiö Ylimarkku,,0.5,-1.0
2019-07-06,Mustasaari Riimala,,-1.0,-1.0
2019-07-06,Kurikka Pyörni,,-1.0,-1.0
2019-07-06,Korsnäs Bredskäret,13.1,,
2019-07-06,Maalahti Strömmingsbådan,12.4,,
2019-07-06,Vaasa Klemettilä,13.1,0.1,-1.0
2019-07-06,Seinäjoki Pelmaa,13.5,0.1,-1.0
2019-07-06,Kauhava lentokenttä,13.2,-1.0,-1.0
2019-07-06,Ähtäri Inha,13.5,1.1,-1.0
2019-07-06,Halsua Purola,13.3,-1.0,-1.0
2019-07-06,Alajärvi Möksy,13.7,-1.0,-1.0
2019-07-06,Multia Karhila,12.6,11.4,-1.0
2019-07-06,Viitasaari Haapaniemi,13.9,4.3,-1.0
2019-07-06,Äänekoski Kalaniemi,,2.3,-1.0
2019-07-06,Viitasaari Kärnä,,3.8,-1.0
2019-07-06,Vesanto kirkonkylä,14.3,1.6,-1.0
2019-07-06,Pielavesi Venetmäki,,1.0,-1.0
2019-07-06,Siilinjärvi Kuopio lentoasema,15.0,,
2019-07-06,Kuopio Maaninka,14.7,1.9,-1.0
2019-07-06,Lapinlahti Lamminkäyrä,,-1.0,-1.0
2019-07-06,Suonenjoki Iisvesi,,2.8,-1.0
2019-07-06,Kuopio Karttula,,-1.0,-1.0
2019-07-06,Kuopio Ritoniemi,15.7,,
2019-07-06,Kuopio Savilahti,15.0,0.4,-1.0
2019-07-06,Heinävesi Palokki,,0.0,-1.0
2019-07-06,Outokumpu Viuruniemi,,1.2,-1.0
2019-07-06,Rautavaara Ala-Luosta,,2.2,-1.0
2019-07-06,Rautavaara Ylä-Luosta,15.3,-1.0,-1.0
2019-07-06,Liperi Joensuu lentoasema,15.1,,
2019-07-06,Juuka Niemelä,14.2,0.1,-1.0
2019-07-06,Joensuu Pyhäselkä,,2.4,-1.0
2019-07-06,Lieksa Koli,,0.9,-1.0
2019-07-06,Liperi Tuiskavanluoto,15.9,,
2019-07-06,Joensuu Linnunlahti,15.4,-1.0,-1.0
2019-07-06,Lieksa Lampela,14.8,2.9,-1.0
2019-07-06,Ilomantsi Naarva,,0.2,-1.0
2019-07-06,Ilomantsi Pötsönvaara,14.4,1.7,-1.0
2019-07-06,Ilomantsi Mekrijärvi,14.7,-1.0,-1.0
2019-07-06,Pietarsaari Kallan,11.7,,
2019-07-06,Kokkola Tankar,12.3,,
2019-07-06,Kruunupyy Kokkola-Pietarsaari lentoasema,12.4,,
2019-07-06,Kaustinen Tastula,,0.8,-1.0
2019-07-06,Kalajoki Ulkokalla,12.0,,
2019-07-06,Toholampi Oravala,,1.4,-1.0
2019-07-06,Kalajoki Pitkäsenkylä,,0.5,-1.0
2019-07-06,Kalajoki Mehtäkylä,,0.2,-1.0
2019-07-06,Toholampi Laitala,12.3,1.7,-1.0
2019-07-06,Ylivieska lentokenttä,12.9,-1.0,-1.0
2019-07-06,Ylivieska Vähäkangas,,-1.0,-1.0
2019-07-06,Haapavesi Mustikkamäki,13.4,-1.0,-1.0
2019-07-06,Pyhäjärvi Ojakylä,13.6,1.6,-1.0
2019-07-06,Pyhäjärvi Hiidenniemi,,3.0,-1.0
2019-07-06,Kiuruvesi Korpijoki,,3.6,-1.0
2019-07-06,Siikalatva Kestilä,,0.3,-1.0
2019-07-06,Kajaani lentoasema,14.1,,
2019-07-06,Vieremä Kaarakkala,14.4,0.2,-1.0
2019-07-06,Kajaani Paltaniemi,,0.1,-1.0
2019-07-06,Nurmes Valtimo,15.3,1.1,-1.0
2019-07-06,Ristijärvi Mustavaara,,1.4,-1.0
2019-07-06,Sotkamo Kuolaniemi,14.4,6.5,-1.0
2019-07-06,Nurmes Mujejärvi,,2.2,-1.0
2019-07-06,Kuhmo Apaja,,2.3,-1.0
2019-07-06,Kuhmo Kalliojoki,14.1,0.6,-1.0
2019-07-06,Raahe Nahkiainen,11.4,,
2019-07-06,Hailuoto Keskikylä,12.2,-1.0,-1.0
2019-07-06,Kemi I majakka,11.9,,
2019-07-06,Hailuoto Marjaniemi,12.7,,
2019-07-06,Raahe Lapaluoto satama,13.0,,
2019-07-06,Oulu lentoasema,13.3,,
2019-07-06,Siikajoki Ruukki,12.6,-1.0,-1.0
2019-07-06,Oulu Vihreäsaari satama,13.1,,
2019-07-06,Oulu Oulunsalo Pellonpää,12.8,-1.0,-1.0
2019-07-06,Vaala Pelso,13.3,-1.0,-1.0
2019-07-06,Pudasjärvi lentokenttä,13.0,-1.0,-1.0
2019-07-06,Utajärvi Särkijärvi,,0.2,-1.0
2019-07-06,Pudasjärvi Jaurakkajärvi,,0.0,-1.0
2019-07-06,Suomussalmi Näljänkä,,0.2,-1.0
2019-07-06,Suomussalmi Pesiö,12.9,0.9,-1.0
2019-07-06,Puolanka Kotila,,2.3,-1.0
2019-07-06,Puolanka Paljakka,12.3,3.7,-1.0
2019-07-06,Kemi Kemi-Tornio lentoasema,11.5,,
2019-07-06,Kemi Ajos,12.0,,
2019-07-06,Tornio Kaakkuri,11.3,-1.0,-1.0
2019-07-06,Ranua lentokenttä,10.6,-1.0,-1.0
2019-07-06,Pudasjärvi Sarakylä,,0.2,-1.0
2019-07-06,Posio Raistakka,,0.4,-1.0
2019-07-06,Taivalkoski Inkee,,-1.0,-1.0
2019-07-06,Taivalkoski kirkonkylä,11.9,-1.0,-1.0
2019-07-06,Kuusamo lentoasema,10.5,,
2019-07-06,Kuusamo Kiutaköngäs,10.6,1.8,-1.0
2019-07-06,Kuusamo Rukatunturi,8.0,,
2019-07-06,Kuusamo Teeriranta,,-1.0,-1.0
2019-07-06,Kuusamo Juuma,9.6,,
2019-07-06,Ylitornio Meltosjärvi,10.3,0.6,-1.0
2019-07-06,Kolari Kattilamaa,,7.2,-1.0
2019-07-06,Pello kirkonkylä,9.9,1.5,-1.0
2019-07-06,Kittilä Alakylä,,6.2,-1.0
2019-07-06,Rovaniemi rautatieasema,10.6,,
2019-07-06,Sodankylä Tähtelä,9.1,2.8,-1.0
2019-07-06,Rovaniemi Apukka,10.2,0.7,-1.0
2019-07-06,Pelkosenniemi kirkonkylä,,6.7,-1.0
2019-07-06,Kemijärvi lentokenttä,9.4,2.0,-1.0
2019-07-06,Savukoski kirkonkylä,9.1,7.7,-1.0
2019-07-06,Salla Kelloselkä,,5.5,-1.0
2019-07-06,Pelkosenniemi Pyhätunturi,7.3,,
2019-07-06,Salla kirkonkylä,9.6,3.4,-1.0
2019-07-06,Salla Naruska,9.4,12.9,-1.0
2019-07-06,Enontekiö Kaaresuvanto,,3.8,-1.0
2019-07-06,Kittilä Pulju,,10.1,-1.0
2019-07-06,Muonio Laukukero,4.6,,
2019-07-06,Muonio Sammaltunturi,5.9,,
2019-07-06,Kittilä Matorova,7.2,,
2019-07-06,Kittilä lentoasema,8.5,,
2019-07-06,Kittilä Kenttärova,7.2,4.3,-1.0
2019-07-06,Kittilä Pakatti,8.4,3.3,-1.0
2019-07-06,Kittilä Pokka,7.5,12.7,-1.0
2019-07-06,Sodankylä Lokka,8.9,6.5,-1.0
2019-07-06,Sodankylä Vuotso,8.0,13.7,-1.0
2019-07-06,Inari Saariselkä matkailukeskus,7.3,2.7,-1.0
2019-07-06,Inari Saariselkä Kaunispää,6.2,,
2019-07-06,Inari Raja-Jooseppi Kontiojärvi,,4.7,-1.0
2019-07-06,Inari Raja-Jooseppi,7.4,,
2019-07-06,Salla Värriötunturi,7.5,1.3,-1.0
2019-07-06,Enontekiö Kilpisjärvi kyläkeskus,6.5,2.7,-1.0
2019-07-06,Enontekiö Kilpisjärvi Saana,3.5,,
2019-07-06,Enontekiö Näkkälä,7.1,4.5,-1.0
2019-07-06,Inari Angeli Lintupuoliselkä,7.1,5.7,-1.0
2019-07-06,Inari Ivalo lentoasema,8.0,,
2019-07-06,Utsjoki Kevo,8.4,0.1,-1.0
2019-07-06,Utsjoki Nuorgam,8.7,-1.0,-1.0
2019-07-06,Inari Väylä,7.7,,
2019-07-06,Inari kirkonkylä,,8.2,-1.0
2019-07-06,Inari Kaamanen,7.6,8.0,-1.0
2019-07-06,Inari Nellim,8.2,4.4,-1.0
2019-07-06,Inari Kirakkajärvi,7.5,0.3,-1.0
2019-07-06,Mäntsälä Hirvihaara,12.6,8.1,-1.0
2019-07-06,Lahti Sopenkorpi,14.8,1.4,-1.0
2019-07-06,Siuntio Sjundby,,9.0,-1.0
2019-07-06,Sipoo Itätoukki,12.5,,
2019-07-06,Rauma Pyynpää,13.6,-1.0,-1.0
2019-07-06,Muonio Oustajärvi,8.6,4.3,-1.0
2019-07-06,Kajaani Petäisenniska,14.4,-1.0,-1.0
2019-07-06,Utsjoki Kevo Kevojärvi,8.7,,
2019-07-06,Inari Seitalaassa,7.9,,
2019-07-06,Rovaniemi lentoasema AWOS,9.5,0.6,-1.0
2019-07-06,Jyväskylä lentoasema AWOS,14.2,1.5,-1.0
2019-07-06,Puumala kirkonkylä,13.9,1.3,-1.0
2019-07-06,Helsinki Vuosaari satama,12.6,,
2019-07-06,Maarianhamina Länsisatama,13.9,,
2019-07-06,Lumparland Långnäs satama,14.5,-1.0,-1.0
2019-07-06,Tampere Tampella,16.4,,
2019-07-06,Kittilä Lompolonvuoma,7.9,,
2019-07-06,Kuusamo Ruka Talvijärvi,9.6,,
2019-07-06,Espoo Nuuksio,12.3,8.4,-1.0
2019-07-06,Mikkeli Lentoasema AWOS,13.7,0.5,-1.0
2019-07-06,Espoo Tapiola,13.3,0.8,-1.0
2019-07-07,Porvoo Kilpilahti satama,13.6,,
2019-07-07,Jomala Maarianhamina lentoasema,13.5,,
2019-07-07,Parainen Utö,14.9,13.8,-1.0
2019-07-07,Lemland Nyhamn,14.1,,
2019-07-07,Jomala Jomalaby,13.5,3.0,-1.0
2019-07-07,Hammarland Märket,12.0,,
2019-07-07,Kökar Bogskär,13.6,,
2019-07-07,Parainen Fagerholm,15.0,17.8,
2019-07-07,Kumlinge kirkonkylä,14.1,,
2019-07-07,Hanko Russarö,14.0,11.0,
2019-07-07,Kaarina Yltöinen,14.3,3.7,-1.0
2019-07-07,Kemiönsaari Vänö,14.0,,
2019-07-07,Hanko Tulliniemi,14.5,,
2019-07-07,Turku Rajakari,15.3,,
2019-07-07,Turku Artukainen,15.2,5.0,-1.0
2019-07-07,Kemiönsaari Kemiö,13.4,9.4,
2019-07-07,Hanko Tvärminne,13.7,6.4,-1.0
2019-07-07,Salo Kärkkä,13.6,5.3,
2019-07-07,Lohja Leppäkorpi,,7.3,-1.0
2019-07-07,Raasepori Jussarö,13.5,,
2019-07-07,Salo Kiikala lentokenttä,12.8,6.0,-1.0
2019-07-07,Vantaa Helsinki-Vantaan lentoasema,14.1,14.1,-1.0
2019-07-07,Inkoo Bågaskär,13.6,,
2019-07-07,Helsinki Kaisaniemi,14.6,2.1,-1.0
2019-07-07,Lohja Porla,14.4,3.2,-1.0
2019-07-07,Vihti Maasoja,12.4,,
2019-07-07,Helsinki Harmaja,13.3,,
2019-07-07,Kirkkonummi Mäkiluoto,13.5,,
2019-07-07,Helsinki Helsingin majakka,13.8,,
2019-07-07,Helsinki Kumpula,14.5,1.2,-1.0
2019-07-07,Helsinki Malmi lentokenttä,13.8,,
2019-07-07,Porvoo Emäsalo,14.0,,
2019-07-07,Porvoo Harabacka,13.9,10.0,-1.0
2019-07-07,Kotka Rankki,14.1,-1.0,-1.0
2019-07-07,Loviisa Orrengrund,14.6,,
2019-07-07,Kotka Haapasaari,14.2,,
2019-07-07,Pori lentoasema,16.0,,
2019-07-07,Uusikaupunki Itätulli,,6.5,-1.0
2019-07-07,Laitila Haukka,,16.0,-1.0
2019-07-07,Kustavi Isokari,13.8,3.0,
2019-07-07,Rauma Kylmäpihlaja,13.0,,
2019-07-07,Pori rautatieasema,16.0,16.1,-1.0
2019-07-07,Turku lentoasema,13.7,,
2019-07-07,Kokemäki Rausenkulma,,17.6,-1.0
2019-07-07,Huittinen Sallila,,11.0,-1.0
2019-07-07,Oripää Teinikivi,,8.1,-1.0
2019-07-07,Pöytyä Yläne,,9.5,-1.0
2019-07-07,Kokemäki Tulkkila,14.7,7.9,-1.0
2019-07-07,Jokioinen Ilmala,12.5,8.6,-1.0
2019-07-07,Nokia Tottijärvi,,8.5,-1.0
2019-07-07,Pirkkala Tampere-Pirkkala lentoasema,14.3,,
2019-07-07,Tampere Härmälä,14.7,9.6,-1.0
2019-07-07,Somero Salkola,12.3,9.1,-1.0
2019-07-07,Hyvinkää Hyvinkäänkylä,12.9,0.8,-1.0
2019-07-07,Vihti Hiiskula,,1.7,-1.0
2019-07-07,Hämeenlinna Pirttikoski,,9.0,-1.0
2019-07-07,Nurmijärvi Röykkä,13.2,3.0,-1.0
2019-07-07,Hattula Lepaa,13.4,7.1,-1.0
2019-07-07,Hämeenlinna Lammi Pappila,12.8,9.8,-1.0
2019-07-07,Mäntsälä Hirvihaara Kuntomajantie,,3.8,-1.0
2019-07-07,Asikkala Pulkkilanharju,14.1,,
2019-07-07,Hämeenlinna Lammi Evo,11.8,,
2019-07-07,Kouvola Utti lentoasema,14.6,2.0,-1.0
2019-07-07,Kouvola Anjala,14.7,5.5,-1.0
2019-07-07,Heinola Asemantaus,13.3,6.8,-1.0
2019-07-07,Kouvola Voikoski,,1.7,-1.0
2019-07-07,Virolahti Koivuniemi,12.6,0.0,-1.0
2019-07-07,Lappeenranta lentoasema,12.7,,
2019-07-07,Lappeenranta Konnunsuo,11.6,,
2019-07-07,Lappeenranta Lepola,12.8,3.7,-1.0
2019-07-07,Ruokolahti Kotaniemi,,1.2,-1.0
2019-07-07,Lappeenranta Hiekkapakka,14.3,,
2019-07-07,Parikkala Koitsanlahti,12.5,1.6,-1.0
2019-07-07,Kaskinen Sälgrund,14.5,-1.0,
2019-07-07,Merikarvia Tuorila,,0.0,-1.0
2019-07-07,Isojoki Kärjenkoski,,1.1,-1.0
2019-07-07,Teuva Kauppilankylä,,0.9,-1.0
2019-07-07,Pori Tahkoluoto satama,12.4,,
2019-07-07,Kristiinankaupunki Majakka,12.3,,
2019-07-07,Karvia Alkkia,14.4,3.0,-1.0
2019-07-07,Ikaalinen Vehuvarpee,,10.9,-1.0
2019-07-07,Kurikka Hirvijärvi,,5.0,-1.0
2019-07-07,Kauhajoki Kuja-Kokko,13.8,0.1,-1.0
2019-07-07,Kankaanpää Niinisalo lentokenttä,15.5,1.1,-1.0
2019-07-07,Alavus Sulkavankylä,,8.9,-1.0
2019-07-07,Virrat Äijänneva,13.9,,
2019-07-07,Tampere Siilinkari,14.9,,
2019-07-07,Jämsä Halli lentoasema,14.8,1.6,-1.0
2019-07-07,Juupajoki Hyytiälä,14.6,5.9,-1.0
2019-07-07,Sysmä Joutsjärvi,,10.7,-1.0
2019-07-07,Luhanka Tammijärvi,,8.5,-1.0
2019-07-07,Jyväskylä Muuratjärvi,,3.6,-1.0
2019-07-07,Luhanka Judinsalo,14.3,,
2019-07-07,Multia Pirttiperä,,12.8,-1.0
2019-07-07,Joutsa Savenaho,14.1,5.3,-1.0
2019-07-07,Kangasniemi kirkonkylä,,4.4,-1.0
2019-07-07,Joutsa Pärnämäki,,13.2,-1.0
2019-07-07,Mikkeli Pitkähiekka,,12.0,-1.0
2019-07-07,Juva Partala,14.5,,
2019-07-07,Varkaus Kosulanniemi,15.4,2.5,-1.0
2019-07-07,Savonlinna Laukansaari,,32.4,-1.0
2019-07-07,Sulkava Halttula,,20.3,-1.0
2019-07-07,Savonlinna lentoasema,14.5,,
2019-07-07,Rantasalmi Rukkasluoto,16.2,,
2019-07-07,Savonlinna Punkaharju Laukansaari,13.8,23.1,-1.0
2019-07-07,Enonkoski Simanala,,11.4,-1.0
2019-07-07,Savonlinna Savonranta,,8.0,-1.0
2019-07-07,Rääkkylä kirkonkylä,,1.0,-1.0
2019-07-07,Tohmajärvi Kemie,14.5,4.4,-1.0
2019-07-07,Joensuu Huhtilampi,,0.9,-1.0
2019-07-07,Vaasa lentoasema,13.7,,
2019-07-07,Mustasaari Valassaaret,14.0,,
2019-07-07,Närpiö Ylimarkku,,0.0,-1.0
2019-07-07,Mustasaari Riimala,,-1.0,-1.0
2019-07-07,Kurikka Pyörni,,0.7,-1.0
2019-07-07,Korsnäs Bredskäret,13.9,,
2019-07-07,Maalahti Strömmingsbådan,12.3,,
2019-07-07,Vaasa Klemettilä,14.1,0.6,-1.0
2019-07-07,Seinäjoki Pelmaa,14.2,9.8,-1.0
2019-07-07,Kauhava lentokenttä,15.3,1.3,-1.0
2019-07-07,Ähtäri Inha,14.8,3.6,-1.0
2019-07-07,Halsua Purola,13.9,5.7,-1.0
2019-07-07,Alajärvi Möksy,14.1,3.6,-1.0
2019-07-07,Multia Karhila,13.7,7.9,-1.0
2019-07-07,Viitasaari Haapaniemi,14.7,2.7,-1.0
2019-07-07,Äänekoski Kalaniemi,,0.3,-1.0
2019-07-07,Viitasaari Kärnä,,5.8,-1.0
2019-07-07,Vesanto kirkonkylä,14.9,0.5,-1.0
2019-07-07,Pielavesi Venetmäki,,2.8,-1.0
2019-07-07,Siilinjärvi Kuopio lentoasema,15.9,,
2019-07-07,Kuopio Maaninka,15.5,2.6,-1.0
2019-07-07,Lapinlahti Lamminkäyrä,,-1.0,-1.0
2019-07-07,Suonenjoki Iisvesi,,1.8,-1.0
2019-07-07,Kuopio Karttula,,4.5,-1.0
2019-07-07,Kuopio Ritoniemi,16.1,,
2019-07-07,Kuopio Savilahti,16.0,1.2,-1.0
2019-07-07,Heinävesi Palokki,,5.2,-1.0
2019-07-07,Outokumpu Viuruniemi,,15.0,-1.0
2019-07-07,Rautavaara Ala-Luosta,,-1.0,-1.0
2019-07-07,Rautavaara Ylä-Luosta,14.6,0.3,-1.0
2019-07-07,Liperi Joensuu lentoasema,15.4,,
2019-07-07,Juuka Niemelä,14.9,-1.0,-1.0
2019-07-07,Joensuu Pyhäselkä,,7.2,-1.0
2019-07-07,Lieksa Koli,,-1.0,-1.0
2019-07-07,Liperi Tuiskavanluoto,16.0,,
2019-07-07,Joensuu Linnunlahti,15.4,2.3,-1.0
2019-07-07,Lieksa Lampela,15.4,-1.0,-1.0
2019-07-07,Ilomantsi Naarva,,0.0,-1.0
2019-07-07,Ilomantsi Pötsönvaara,14.1,-1.0,-1.0
2019-07-07,Ilomantsi Mekrijärvi,14.8,1.1,-1.0
2019-07-07,Pietarsaari Kallan,12.5,,
2019-07-07,Kokkola Tankar,13.3,,
2019-07-07,Kruunupyy Kokkola-Pietarsaari lentoasema,14.5,,
2019-07-07,Kaustinen Tastula,,20.1,-1.0
2019-07-07,Kalajoki Ulkokalla,13.2,,
2019-07-07,Toholampi Oravala,,3.4,-1.0
2019-07-07,Kalajoki Pitkäsenkylä,,0.0,-1.0
2019-07-07,Kalajoki Mehtäkylä,,0.6,-1.0
2019-07-07,Toholampi Laitala,14.0,5.5,-1.0
2019-07-07,Ylivieska lentokenttä,14.2,0.6,-1.0
2019-07-07,Ylivieska Vähäkangas,,0.1,-1.0
2019-07-07,Haapavesi Mustikkamäki,14.5,0.4,-1.0
2019-07-07,Pyhäjärvi Ojakylä,14.4,8.1,-1.0
2019-07-07,Pyhäjärvi Hiidenniemi,,1.1,-1.0
2019-07-07,Kiuruvesi Korpijoki,,1.0,-1.0
2019-07-07,Siikalatva Kestilä,,0.1,-1.0
2019-07-07,Kajaani lentoasema,13.8,,
2019-07-07,Vieremä Kaarakkala,14.0,1.9,-1.0
2019-07-07,Kajaani Paltaniemi,,0.9,-1.0
2019-07-07,Nurmes Valtimo,14.6,0.4,-1.0
2019-07-07,Ristijärvi Mustavaara,,2.6,-1.0
2019-07-07,Sotkamo Kuolaniemi,13.2,4.4,-1.0
2019-07-07,Nurmes Mujejärvi,,3.2,-1.0
2019-07-07,Kuhmo Apaja,,3.3,-1.0
2019-07-07,Kuhmo Kalliojoki,12.5,4.7,-1.0
2019-07-07,Raahe Nahkiainen,13.0,,
2019-07-07,Hailuoto Keskikylä,14.0,7.4,-1.0
2019-07-07,Kemi I majakka,13.6,,
2019-07-07,Hailuoto Marjaniemi,14.1,,
2019-07-07,Raahe Lapaluoto satama,14.7,,
2019-07-07,Oulu lentoasema,14.4,,
2019-07-07,Siikajoki Ruukki,13.7,2.3,-1.0
2019-07-07,Oulu Vihreäsaari satama,14.3,,
2019-07-07,Oulu Oulunsalo Pellonpää,14.2,5.3,-1.0
2019-07-07,Vaala Pelso,13.5,2.2,-1.0
2019-07-07,Pudasjärvi lentokenttä,12.7,4.6,-1.0
2019-07-07,Utajärvi Särkijärvi,,6.8,-1.0
2019-07-07,Pudasjärvi Jaurakkajärvi,,4.8,-1.0
2019-07-07,Suomussalmi Näljänkä,,5.8,-1.0
2019-07-07,Suomussalmi Pesiö,11.7,5.5,-1.0
2019-07-07,Puolanka Kotila,,4.0,-1.0
2019-07-07,Puolanka Paljakka,11.3,3.4,-1.0
2019-07-07,Kemi Kemi-Tornio lentoasema,13.5,,
2019-07-07,Kemi Ajos,14.1,,
2019-07-07,Tornio Kaakkuri,13.5,0.1,-1.0
2019-07-07,Ranua lentokenttä,11.8,2.5,-1.0
2019-07-07,Pudasjärvi Sarakylä,,1.4,-1.0
2019-07-07,Posio Raistakka,,4.3,-1.0
2019-07-07,Taivalkoski Inkee,,4.1,-1.0
2019-07-07,Taivalkoski kirkonkylä,11.3,4.0,-1.0
2019-07-07,Kuusamo lentoasema,11.2,,
2019-07-07,Kuusamo Kiutaköngäs,12.1,2.8,-1.0
2019-07-07,Kuusamo Rukatunturi,9.4,,
2019-07-07,Kuusamo Teeriranta,,4.9,-1.0
2019-07-07,Kuusamo Juuma,10.7,,
2019-07-07,Ylitornio Meltosjärvi,12.6,1.5,-1.0
2019-07-07,Kolari Kattilamaa,,0.2,-1.0
2019-07-07,Pello kirkonkylä,12.3,1.3,-1.0
2019-07-07,Kittilä Alakylä,,-1.0,-1.0
2019-07-07,Rovaniemi rautatieasema,12.9,,
2019-07-07,Sodankylä Tähtelä,11.9,1.6,-1.0
2019-07-07,Rovaniemi Apukka,13.0,1.8,-1.0
2019-07-07,Pelkosenniemi kirkonkylä,,2.5,-1.0
2019-07-07,Kemijärvi lentokenttä,12.2,1.8,-1.0
2019-07-07,Savukoski kirkonkylä,12.5,1.5,-1.0
2019-07-07,Salla Kelloselkä,,4.5,-1.0
2019-07-07,Pelkosenniemi Pyhätunturi,10.0,,
2019-07-07,Salla kirkonkylä,12.3,1.8,-1.0
2019-07-07,Salla Naruska,12.7,1.7,-1.0
2019-07-07,Enontekiö Kaaresuvanto,,-1.0,-1.0
2019-07-07,Kittilä Pulju,,-1.0,-1.0
2019-07-07,Muonio Laukukero,6.3,,
2019-07-07,Muonio Sammaltunturi,7.8,,
2019-07-07,Kittilä Matorova,9.2,,
2019-07-07,Kittilä lentoasema,11.0,,
2019-07-07,Kittilä Kenttärova,9.1,0.1,-1.0
2019-07-07,Kittilä Pakatti,11.0,0.2,-1.0
2019-07-07,Kittilä Pokka,9.9,-1.0,-1.0
2019-07-07,Sodankylä Lokka,11.1,-1.0,-1.0
2019-07-07,Sodankylä Vuotso,10.6,-1.0,-1.0
2019-07-07,Inari Saariselkä matkailukeskus,9.7,-1.0,-1.0
2019-07-07,Inari Saariselkä Kaunispää,8.5,,
2019-07-07,Inari Raja-Jooseppi Kontiojärvi,,0.0,-1.0
2019-07-07,Inari Raja-Jooseppi,9.6,,
2019-07-07,Salla Värriötunturi,10.2,0.0,-1.0
2019-07-07,Enontekiö Kilpisjärvi kyläkeskus,11.4,-1.0,-1.0
2019-07-07,Enontekiö Kilpisjärvi Saana,7.0,,
2019-07-07,Enontekiö Näkkälä,9.3,-1.0,-1.0
2019-07-07,Inari Angeli Lintupuoliselkä,9.3,-1.0,-1.0
2019-07-07,Inari Ivalo lentoasema,10.3,,
2019-07-07,Utsjoki Kevo,11.1,-1.0,-1.0
2019-07-07,Utsjoki Nuorgam,9.3,-1.0,-1.0
2019-07-07,Inari Väylä,10.1,,
2019-07-07,Inari kirkonkylä,,-1.0,-1.0
2019-07-07,Inari Kaamanen,9.6,-1.0,-1.0
2019-07-07,Inari Nellim,10.7,-1.0,-1.0
2019-07-07,Inari Kirakkajärvi,7.9,-1.0,-1.0
2019-07-07,Mäntsälä Hirvihaara,12.7,2.0,-1.0
2019-07-07,Lahti Sopenkorpi,13.5,2.4,-1.0
2019-07-07,Siuntio Sjundby,,2.2,-1.0
2019-07-07,Sipoo Itätoukki,13.6,,
2019-07-07,Rauma Pyynpää,13.8,7.8,-1.0
2019-07-07,Muonio Oustajärvi,10.8,-1.0,-1.0
2019-07-07,Kajaani Petäisenniska,13.6,2.2,-1.0
2019-07-07,Utsjoki Kevo Kevojärvi,10.7,,
2019-07-07,Inari Seitalaassa,9.1,,
2019-07-07,Rovaniemi lentoasema AWOS,12.2,1.9,-1.0
2019-07-07,Jyväskylä lentoasema AWOS,14.3,2.3,-1.0
2019-07-07,Puumala kirkonkylä,14.4,12.9,-1.0
2019-07-07,Helsinki Vuosaari satama,13.4,,
2019-07-07,Maarianhamina Länsisatama,14.0,,
2019-07-07,Lumparland Långnäs satama,14.5,6.9,-1.0
2019-07-07,Tampere Tampella,15.8,,
2019-07-07,Kittilä Lompolonvuoma,10.1,,
2019-07-07,Kuusamo Ruka Talvijärvi,11.0,,
2019-07-07,Espoo Nuuksio,12.9,4.3,-1.0
2019-07-07,Mikkeli Lentoasema AWOS,13.6,9.4,-1.0
2019-07-07,Espoo Tapiola,13.9,2.3,-1.0
2019-07-08,Porvoo Kilpilahti satama,14.9,,
2019-07-08,Jomala Maarianhamina lentoasema,14.0,,
2019-07-08,Parainen Utö,14.7,0.9,-1.0
2019-07-08,Lemland Nyhamn,13.8,,
2019-07-08,Jomala Jomalaby,13.8,2.2,-1.0
2019-07-08,Hammarland Märket,12.0,,
2019-07-08,Kökar Bogskär,13.5,,
2019-07-08,Parainen Fagerholm,14.8,5.4,
2019-07-08,Kumlinge kirkonkylä,13.9,,
2019-07-08,Hanko Russarö,14.5,3.0,
2019-07-08,Kaarina Yltöinen,14.7,5.5,-1.0
2019-07-08,Kemiönsaari Vänö,14.9,,
2019-07-08,Hanko Tulliniemi,14.8,,
2019-07-08,Turku Rajakari,15.2,,
2019-07-08,Turku Artukainen,15.0,8.2,-1.0
2019-07-08,Kemiönsaari Kemiö,14.4,3.8,
2019-07-08,Hanko Tvärminne,14.4,6.4,-1.0
2019-07-08,Salo Kärkkä,14.6,2.3,
2019-07-08,Lohja Leppäkorpi,,1.8,-1.0
2019-07-08,Raasepori Jussarö,14.0,,
2019-07-08,Salo Kiikala lentokenttä,13.5,2.6,-1.0
2019-07-08,Vantaa Helsinki-Vantaan lentoasema,15.1,3.0,-1.0
2019-07-08,Inkoo Bågaskär,14.2,,
2019-07-08,Helsinki Kaisaniemi,15.2,10.3,-1.0
2019-07-08,Lohja Porla,15.1,2.6,-1.0
2019-07-08,Vihti Maasoja,14.3,,
2019-07-08,Helsinki Harmaja,14.1,,
2019-07-08,Kirkkonummi Mäkiluoto,14.2,,
2019-07-08,Helsinki Helsingin majakka,14.0,,
2019-07-08,Helsinki Kumpula,15.3,10.4,-1.0
2019-07-08,Helsinki Malmi lentokenttä,15.2,,
2019-07-08,Porvoo Emäsalo,15.0,,
2019-07-08,Porvoo Harabacka,15.3,0.5,-1.0
2019-07-08,Kotka Rankki,14.9,-1.0,-1.0
2019-07-08,Loviisa Orrengrund,14.7,,
2019-07-08,Kotka Haapasaari,15.6,,
2019-07-08,Pori lentoasema,14.5,,
2019-07-08,Uusikaupunki Itätulli,,4.8,-1.0
2019-07-08,Laitila Haukka,,14.2,-1.0
2019-07-08,Kustavi Isokari,13.9,6.4,
2019-07-08,Rauma Kylmäpihlaja,12.6,,
2019-07-08,Pori rautatieasema,14.9,10.1,-1.0
2019-07-08,Turku lentoasema,14.3,,
2019-07-08,Kokemäki Rausenkulma,,9.3,-1.0
2019-07-08,Huittinen Sallila,,0.9,-1.0
2019-07-08,Oripää Teinikivi,,5.7,-1.0
2019-07-08,Pöytyä Yläne,,0.7,-1.0
2019-07-08,Kokemäki Tulkkila,14.9,1.8,-1.0
2019-07-08,Jokioinen Ilmala,14.0,1.8,-1.0
2019-07-08,Nokia Tottijärvi,,6.3,-1.0
2019-07-08,Pirkkala Tampere-Pirkkala lentoasema,13.0,,
2019-07-08,Tampere Härmälä,13.1,5.9,-1.0
2019-07-08,Somero Salkola,13.0,7.9,-1.0
2019-07-08,Hyvinkää Hyvinkäänkylä,14.3,2.6,-1.0
2019-07-08,Vihti Hiiskula,,2.3,-1.0
2019-07-08,Hämeenlinna Pirttikoski,,4.5,-1.0
2019-07-08,Nurmijärvi Röykkä,14.2,2.4,-1.0
2019-07-08,Hattula Lepaa,13.8,1.0,-1.0
2019-07-08,Hämeenlinna Lammi Pappila,13.1,1.9,-1.0
2019-07-08,Mäntsälä Hirvihaara Kuntomajantie,,1.4,-1.0
2019-07-08,Asikkala Pulkkilanharju,13.5,,
2019-07-08,Hämeenlinna Lammi Evo,12.0,,
2019-07-08,Kouvola Utti lentoasema,14.0,0.2,-1.0
2019-07-08,Kouvola Anjala,14.1,1.6,-1.0
2019-07-08,Heinola Asemantaus,13.1,0.7,-1.0
2019-07-08,Kouvola Voikoski,,0.9,-1.0
2019-07-08,Virolahti Koivuniemi,14.0,0.0,-1.0
2019-07-08,Lappeenranta lentoasema,13.1,,
2019-07-08,Lappeenranta Konnunsuo,12.2,,
2019-07-08,Lappeenranta Lepola,13.2,0.9,-1.0
2019-07-08,Ruokolahti Kotaniemi,,0.7,-1.0
2019-07-08,Lappeenranta Hiekkapakka,13.4,,
2019-07-08,Parikkala Koitsanlahti,11.2,2.8,-1.0
2019-07-08,Kaskinen Sälgrund,14.4,-1.0,
2019-07-08,Merikarvia Tuorila,,0.7,-1.0
2019-07-08,Isojoki Kärjenkoski,,1.4,-1.0
2019-07-08,Teuva Kauppilankylä,,1.9,-1.0
2019-07-08,Pori Tahkoluoto satama,12.4,,
2019-07-08,Kristiinankaupunki Majakka,12.6,,
2019-07-08,Karvia Alkkia,13.0,0.3,-1.0
2019-07-08,Ikaalinen Vehuvarpee,,0.3,-1.0
2019-07-08,Kurikka Hirvijärvi,,0.2,-1.0
2019-07-08,Kauhajoki Kuja-Kokko,13.3,-1.0,-1.0
2019-07-08,Kankaanpää Niinisalo lentokenttä,14.4,0.5,-1.0
2019-07-08,Alavus Sulkavankylä,,0.3,-1.0
2019-07-08,Virrat Äijänneva,12.5,,
2019-07-08,Tampere Siilinkari,13.3,,
2019-07-08,Jämsä Halli lentoasema,12.6,0.3,-1.0
2019-07-08,Juupajoki Hyytiälä,12.4,-1.0,-1.0
2019-07-08,Sysmä Joutsjärvi,,4.6,-1.0
2019-07-08,Luhanka Tammijärvi,,-1.0,-1.0
2019-07-08,Jyväskylä Muuratjärvi,,0.0,-1.0
2019-07-08,Luhanka Judinsalo,12.8,,
2019-07-08,Multia Pirttiperä,,0.0,-1.0
2019-07-08,Joutsa Savenaho,11.7,0.2,-1.0
2019-07-08,Kangasniemi kirkonkylä,,-1.0,-1.0
2019-07-08,Joutsa Pärnämäki,,1.7,-1.0
2019-07-08,Mikkeli Pitkähiekka,,0.5,-1.0
2019-07-08,Juva Partala,11.5,,
2019-07-08,Varkaus Kosulanniemi,12.0,-1.0,-1.0
2019-07-08,Savonlinna Laukansaari,,4.0,-1.0
2019-07-08,Sulkava Halttula,,3.9,-1.0
2019-07-08,Savonlinna lentoasema,11.4,,
2019-07-08,Rantasalmi Rukkasluoto,12.5,,
2019-07-08,Savonlinna Punkaharju Laukansaari,11.4,12.8,-1.0
2019-07-08,Enonkoski Simanala,,2.7,-1.0
2019-07-08,Savonlinna Savonranta,,3.2,-1.0
2019-07-08,Rääkkylä kirkonkylä,,1.2,-1.0
2019-07-08,Tohmajärvi Kemie,10.9,3.5,-1.0
2019-07-08,Joensuu Huhtilampi,,2.6,-1.0
2019-07-08,Vaasa lentoasema,13.1,,
2019-07-08,Mustasaari Valassaaret,12.6,,
2019-07-08,Närpiö Ylimarkku,,0.0,-1.0
2019-07-08,Mustasaari Riimala,,0.0,-1.0
2019-07-08,Kurikka Pyörni,,-1.0,-1.0
2019-07-08,Korsnäs Bredskäret,13.6,,
2019-07-08,Maalahti Strömmingsbådan,10.8,,
2019-07-08,Vaasa Klemettilä,13.4,0.1,-1.0
2019-07-08,Seinäjoki Pelmaa,12.9,0.1,-1.0
2019-07-08,Kauhava lentokenttä,12.4,1.5,-1.0
2019-07-08,Ähtäri Inha,12.3,0.9,-1.0
2019-07-08,Halsua Purola,11.0,0.0,-1.0
2019-07-08,Alajärvi Möksy,11.5,-1.0,-1.0
2019-07-08,Multia Karhila,10.7,0.4,-1.0
2019-07-08,Viitasaari Haapaniemi,10.9,0.1,-1.0
2019-07-08,Äänekoski Kalaniemi,,0.1,-1.0
2019-07-08,Viitasaari Kärnä,,0.0,-1.0
2019-07-08,Vesanto kirkonkylä,11.1,-1.0,-1.0
2019-07-08,Pielavesi Venetmäki,,0.6,-1.0
2019-07-08,Siilinjärvi Kuopio lentoasema,10.8,,
2019-07-08,Kuopio Maaninka,10.6,0.4,-1.0
2019-07-08,Lapinlahti Lamminkäyrä,,1.5,-1.0
2019-07-08,Suonenjoki Iisvesi,,-1.0,-1.0
2019-07-08,Kuopio Karttula,,-1.0,-1.0
2019-07-08,Kuopio Ritoniemi,11.5,,
2019-07-08,Kuopio Savilahti,11.3,-1.0,-1.0
2019-07-08,Heinävesi Palokki,,0.0,-1.0
2019-07-08,Outokumpu Viuruniemi,,0.1,-1.0
2019-07-08,Rautavaara Ala-Luosta,,0.2,-1.0
2019-07-08,Rautavaara Ylä-Luosta,9.2,3.2,-1.0
2019-07-08,Liperi Joensuu lentoasema,10.4,,
2019-07-08,Juuka Niemelä,9.9,1.6,-1.0
2019-07-08,Joensuu Pyhäselkä,,0.8,-1.0
2019-07-08,Lieksa Koli,,0.7,-1.0
2019-07-08,Liperi Tuiskavanluoto,11.7,,
2019-07-08,Joensuu Linnunlahti,10.5,2.6,-1.0
2019-07-08,Lieksa Lampela,9.9,2.5,-1.0
2019-07-08,Ilomantsi Naarva,,0.0,-1.0
2019-07-08,Ilomantsi Pötsönvaara,8.1,0.9,-1.0
2019-07-08,Ilomantsi Mekrijärvi,9.3,2.2,-1.0
2019-07-08,Pietarsaari Kallan,12.4,,
2019-07-08,Kokkola Tankar,12.7,,
2019-07-08,Kruunupyy Kokkola-Pietarsaari lentoasema,12.0,,
2019-07-08,Kaustinen Tastula,,-1.0,-1.0
2019-07-08,Kalajoki Ulkokalla,12.1,,
2019-07-08,Toholampi Oravala,,0.0,-1.0
2019-07-08,Kalajoki Pitkäsenkylä,,-1.0,-1.0
2019-07-08,Kalajoki Mehtäkylä,,-1.0,-1.0
2019-07-08,Toholampi Laitala,11.1,0.1,-1.0
2019-07-08,Ylivieska lentokenttä,10.8,-1.0,-1.0
2019-07-08,Ylivieska Vähäkangas,,-1.0,-1.0
2019-07-08,Haapavesi Mustikkamäki,10.5,-1.0,-1.0
2019-07-08,Pyhäjärvi Ojakylä,10.0,0.1,-1.0
2019-07-08,Pyhäjärvi Hiidenniemi,,0.2,-1.0
2019-07-08,Kiuruvesi Korpijoki,,0.9,-1.0
2019-07-08,Siikalatva Kestilä,,-1.0,-1.0
2019-07-08,Kajaani lentoasema,9.9,,
2019-07-08,Vieremä Kaarakkala,8.8,1.5,-1.0
2019-07-08,Kajaani Paltaniemi,,-1.0,-1.0
2019-07-08,Nurmes Valtimo,9.4,3.0,-1.0
2019-07-08,Ristijärvi Mustavaara,,-1.0,-1.0
2019-07-08,Sotkamo Kuolaniemi,9.2,0.2,-1.0
2019-07-08,Nurmes Mujejärvi,,0.8,-1.0
2019-07-08,Kuhmo Apaja,,0.9,-1.0
2019-07-08,Kuhmo Kalliojoki,8.3,-1.0,-1.0
2019-07-08,Raahe Nahkiainen,12.0,,
2019-07-08,Hailuoto Keskikylä,12.6,-1.0,-1.0
2019-07-08,Kemi I majakka,13.6,,
2019-07-08,Hailuoto Marjaniemi,12.8,,
2019-07-08,Raahe Lapaluoto satama,12.4,,
2019-07-08,Oulu lentoasema,12.2,,
2019-07-08,Siikajoki Ruukki,11.3,-1.0,-1.0
2019-07-08,Oulu Vihreäsaari satama,12.5,,
2019-07-08,Oulu Oulunsalo Pellonpää,12.3,-1.0,-1.0
2019-07-08,Vaala Pelso,10.3,-1.0,-1.0
2019-07-08,Pudasjärvi lentokenttä,11.1,-1.0,-1.0
2019-07-08,Utajärvi Särkijärvi,,0.0,-1.0
2019-07-08,Pudasjärvi Jaurakkajärvi,,-1.0,-1.0
2019-07-08,Suomussalmi Näljänkä,,-1.0,-1.0
2019-07-08,Suomussalmi Pesiö,8.4,0.0,-1.0
2019-07-08,Puolanka Kotila,,0.3,-1.0
2019-07-08,Puolanka Paljakka,7.7,-1.0,-1.0
2019-07-08,Kemi Kemi-Tornio lentoasema,14.9,,
2019-07-08,Kemi Ajos,15.0,,
2019-07-08,Tornio Kaakkuri,14.9,-1.0,-1.0
2019-07-08,Ranua lentokenttä,13.4,-1.0,-1.0
2019-07-08,Pudasjärvi Sarakylä,,-1.0,-1.0
2019-07-08,Posio Raistakka,,-1.0,-1.0
2019-07-08,Taivalkoski Inkee,,-1.0,-1.0
2019-07-08,Taivalkoski kirkonkylä,9.6,-1.0,-1.0
2019-07-08,Kuusamo lentoasema,9.5,,
2019-07-08,Kuusamo Kiutaköngäs,11.9,-1.0,-1.0
2019-07-08,Kuusamo Rukatunturi,8.2,,
2019-07-08,Kuusamo Teeriranta,,-1.0,-1.0
2019-07-08,Kuusamo Juuma,10.4,,
2019-07-08,Ylitornio Meltosjärvi,14.7,-1.0,-1.0
2019-07-08,Kolari Kattilamaa,,-1.0,-1.0
2019-07-08,Pello kirkonkylä,15.2,-1.0,-1.0
2019-07-08,Kittilä Alakylä,,-1.0,-1.0
2019-07-08,Rovaniemi rautatieasema,15.2,,
2019-07-08,Sodankylä Tähtelä,13.7,-1.0,-1.0
2019-07-08,Rovaniemi Apukka,14.3,-1.0,-1.0
2019-07-08,Pelkosenniemi kirkonkylä,,-1.0,-1.0
2019-07-08,Kemijärvi lentokenttä,13.4,-1.0,-1.0
2019-07-08,Savukoski kirkonkylä,13.2,-1.0,-1.0
2019-07-08,Salla Kelloselkä,,0.0,-1.0
2019-07-08,Pelkosenniemi Pyhätunturi,11.0,,
2019-07-08,Salla kirkonkylä,12.7,-1.0,-1.0
2019-07-08,Salla Naruska,12.9,-1.0,-1.0
2019-07-08,Enontekiö Kaaresuvanto,,-1.0,-1.0
2019-07-08,Kittilä Pulju,,-1.0,-1.0
2019-07-08,Muonio Laukukero,8.4,,
2019-07-08,Muonio Sammaltunturi,10.6,,
2019-07-08,Kittilä Matorova,12.2,,
2019-07-08,Kittilä lentoasema,13.3,,
2019-07-08,Kittilä Kenttärova,12.0,-1.0,-1.0
2019-07-08,Kittilä Pakatti,13.5,-1.0,-1.0
2019-07-08,Kittilä Pokka,12.1,-1.0,-1.0
2019-07-08,Sodankylä Lokka,12.4,-1.0,-1.0
2019-07-08,Sodankylä Vuotso,12.4,-1.0,-1.0
2019-07-08,Inari Saariselkä matkailukeskus,11.6,-1.0,-1.0
2019-07-08,Inari Saariselkä Kaunispää,10.2,,
2019-07-08,Inari Raja-Jooseppi Kontiojärvi,,0.0,-1.0
2019-07-08,Inari Raja-Jooseppi,11.7,,
2019-07-08,Salla Värriötunturi,10.9,-1.0,-1.0
2019-07-08,Enontekiö Kilpisjärvi kyläkeskus,13.0,-1.0,-1.0
2019-07-08,Enontekiö Kilpisjärvi Saana,8.4,,
2019-07-08,Enontekiö Näkkälä,12.3,-1.0,-1.0
2019-07-08,Inari Angeli Lintupuoliselkä,12.2,-1.0,-1.0
2019-07-08,Inari Ivalo lentoasema,11.9,,
2019-07-08,Utsjoki Kevo,13.6,-1.0,-1.0
2019-07-08,Utsjoki Nuorgam,12.1,-1.0,-1.0
2019-07-08,Inari Väylä,11.6,,
2019-07-08,Inari kirkonkylä,,-1.0,-1.0
2019-07-08,Inari Kaamanen,12.1,-1.0,-1.0
2019-07-08,Inari Nellim,12.1,-1.0,-1.0
2019-07-08,Inari Kirakkajärvi,10.9,-1.0,-1.0
2019-07-08,Mäntsälä Hirvihaara,14.2,3.2,-1.0
2019-07-08,Lahti Sopenkorpi,14.0,0.9,-1.0
2019-07-08,Siuntio Sjundby,,8.6,-1.0
2019-07-08,Sipoo Itätoukki,14.5,,
2019-07-08,Rauma Pyynpää,14.5,12.3,-1.0
2019-07-08,Muonio Oustajärvi,13.8,-1.0,-1.0
2019-07-08,Kajaani Petäisenniska,9.6,-1.0,-1.0
2019-07-08,Utsjoki Kevo Kevojärvi,12.8,,
2019-07-08,Inari Seitalaassa,9.5,,
2019-07-08,Rovaniemi lentoasema AWOS,13.8,-1.0,-1.0
2019-07-08,Jyväskylä lentoasema AWOS,11.6,0.1,-1.0
2019-07-08,Puumala kirkonkylä,11.8,2.2,-1.0
2019-07-08,Helsinki Vuosaari satama,14.6,,
2019-07-08,Maarianhamina Länsisatama,14.0,,
2019-07-08,Lumparland Långnäs satama,14.2,8.4,-1.0
2019-07-08,Tampere Tampella,13.7,,
2019-07-08,Kittilä Lompolonvuoma,12.2,,
2019-07-08,Kuusamo Ruka Talvijärvi,10.4,,
2019-07-08,Espoo Nuuksio,14.6,4.9,-1.0
2019-07-08,Mikkeli Lentoasema AWOS,11.9,0.9,-1.0
2019-07-08,Espoo Tapiola,14.9,10.4,-1.0
2019-07-09,Porvoo Kilpilahti satama,13.0,,
2019-07-09,Jomala Maarianhamina lentoasema,12.5,,
2019-07-09,Parainen Utö,13.8,-1.0,-1.0
2019-07-09,Lemland Nyhamn,12.7,,
2019-07-09,Jomala Jomalaby,12.3,-1.0,-1.0
2019-07-09,Hammarland Märket,11.4,,
2019-07-09,Kökar Bogskär,13.0,,
2019-07-09,Parainen Fagerholm,13.7,-1.0,
2019-07-09,Kumlinge kirkonkylä,12.9,,
2019-07-09,Hanko Russarö,13.6,-1.0,
2019-07-09,Kaarina Yltöinen,13.0,-1.0,-1.0
2019-07-09,Kemiönsaari Vänö,13.6,,
2019-07-09,Hanko Tulliniemi,13.3,,
2019-07-09,Turku Rajakari,13.6,,
2019-07-09,Turku Artukainen,13.4,-1.0,-1.0
2019-07-09,Kemiönsaari Kemiö,13.3,-1.0,
2019-07-09,Hanko Tvärminne,13.4,-1.0,-1.0
2019-07-09,Salo Kärkkä,13.4,-1.0,
2019-07-09,Lohja Leppäkorpi,,-1.0,-1.0
2019-07-09,Raasepori Jussarö,13.0,,
2019-07-09,Salo Kiikala lentokenttä,11.7,-1.0,-1.0
2019-07-09,Vantaa Helsinki-Vantaan lentoasema,12.5,0.1,-1.0
2019-07-09,Inkoo Bågaskär,12.7,,
2019-07-09,Helsinki Kaisaniemi,13.0,-1.0,-1.0
2019-07-09,Lohja Porla,12.6,-1.0,-1.0
2019-07-09,Vihti Maasoja,12.1,,
2019-07-09,Helsinki Harmaja,12.7,,
2019-07-09,Kirkkonummi Mäkiluoto,13.0,,
2019-07-09,Helsinki Helsingin majakka,12.7,,
2019-07-09,Helsinki Kumpula,12.8,-1.0,-1.0
2019-07-09,Helsinki Malmi lentokenttä,12.5,,
2019-07-09,Porvoo Emäsalo,12.9,,
2019-07-09,Porvoo Harabacka,12.8,-1.0,-1.0
2019-07-09,Kotka Rankki,13.3,0.1,-1.0
2019-07-09,Loviisa Orrengrund,12.9,,
2019-07-09,Kotka Haapasaari,13.2,,
2019-07-09,Pori lentoasema,13.1,,
2019-07-09,Uusikaupunki Itätulli,,-1.0,-1.0
2019-07-09,Laitila Haukka,,-1.0,-1.0
2019-07-09,Kustavi Isokari,12.6,-1.0,
2019-07-09,Rauma Kylmäpihlaja,11.5,,
2019-07-09,Pori rautatieasema,13.4,-1.0,-1.0
2019-07-09,Turku lentoasema,12.6,,
2019-07-09,Kokemäki Rausenkulma,,0.0,-1.0
2019-07-09,Huittinen Sallila,,-1.0,-1.0
2019-07-09,Oripää Teinikivi,,-1.0,-1.0
2019-07-09,Pöytyä Yläne,,-1.0,-1.0
2019-07-09,Kokemäki Tulkkila,12.6,-1.0,-1.0
2019-07-09,Jokioinen Ilmala,11.8,-1.0,-1.0
2019-07-09,Nokia Tottijärvi,,-1.0,-1.0
2019-07-09,Pirkkala Tampere-Pirkkala lentoasema,11.7,,
2019-07-09,Tampere Härmälä,12.1,-1.0,-1.0
2019-07-09,Somero Salkola,11.2,-1.0,-1.0
2019-07-09,Hyvinkää Hyvinkäänkylä,11.6,-1.0,-1.0
2019-07-09,Vihti Hiiskula,,-1.0,-1.0
2019-07-09,Hämeenlinna Pirttikoski,,-1.0,-1.0
2019-07-09,Nurmijärvi Röykkä,11.7,-1.0,-1.0
2019-07-09,Hattula Lepaa,11.6,-1.0,-1.0
2019-07-09,Hämeenlinna Lammi Pappila,11.0,0.2,-1.0
2019-07-09,Mäntsälä Hirvihaara Kuntomajantie,,-1.0,-1.0
2019-07-09,Asikkala Pulkkilanharju,11.9,,
2019-07-09,Hämeenlinna Lammi Evo,10.4,,
2019-07-09,Kouvola Utti lentoasema,11.9,0.3,-1.0
2019-07-09,Kouvola Anjala,12.5,0.6,-1.0
2019-07-09,Heinola Asemantaus,11.7,0.1,-1.0
2019-07-09,Kouvola Voikoski,,0.1,-1.0
2019-07-09,Virolahti Koivuniemi,12.7,0.9,-1.0
2019-07-09,Lappeenranta lentoasema,11.3,,
2019-07-09,Lappeenranta Konnunsuo,11.4,,
2019-07-09,Lappeenranta Lepola,11.5,1.0,-1.0
2019-07-09,Ruokolahti Kotaniemi,,1.2,-1.0
2019-07-09,Lappeenranta Hiekkapakka,11.8,,
2019-07-09,Parikkala Koitsanlahti,10.7,3.2,-1.0
2019-07-09,Kaskinen Sälgrund,13.2,-1.0,
2019-07-09,Merikarvia Tuorila,,-1.0,-1.0
2019-07-09,Isojoki Kärjenkoski,,-1.0,-1.0
2019-07-09,Teuva Kauppilankylä,,-1.0,-1.0
2019-07-09,Pori Tahkoluoto satama,12.0,,
2019-07-09,Kristiinankaupunki Majakka,11.5,,
2019-07-09,Karvia Alkkia,11.2,-1.0,-1.0
2019-07-09,Ikaalinen Vehuvarpee,,-1.0,-1.0
2019-07-09,Kurikka Hirvijärvi,,-1.0,-1.0
2019-07-09,Kauhajoki Kuja-Kokko,11.9,-1.0,-1.0
2019-07-09,Kankaanpää Niinisalo lentokenttä,12.2,-1.0,-1.0
2019-07-09,Alavus Sulkavankylä,,-1.0,-1.0
2019-07-09,Virrat Äijänneva,10.8,,
2019-07-09,Tampere Siilinkari,11.9,,
2019-07-09,Jämsä Halli lentoasema,10.9,-1.0,-1.0
2019-07-09,Juupajoki Hyytiälä,10.9,-1.0,-1.0
2019-07-09,Sysmä Joutsjärvi,,0.0,-1.0
2019-07-09,Luhanka Tammijärvi,,-1.0,-1.0
2019-07-09,Jyväskylä Muuratjärvi,,-1.0,-1.0
2019-07-09,Luhanka Judinsalo,11.9,,
2019-07-09,Multia Pirttiperä,,-1.0,-1.0
2019-07-09,Joutsa Savenaho,10.5,-1.0,-1.0
2019-07-09,Kangasniemi kirkonkylä,,-1.0,-1.0
2019-07-09,Joutsa Pärnämäki,,0.0,-1.0
2019-07-09,Mikkeli Pitkähiekka,,0.1,-1.0
2019-07-09,Juva Partala,11.2,,
2019-07-09,Varkaus Kosulanniemi,12.4,0.1,-1.0
2019-07-09,Savonlinna Laukansaari,,1.4,-1.0
2019-07-09,Sulkava Halttula,,0.5,-1.0
2019-07-09,Savonlinna lentoasema,11.4,,
2019-07-09,Rantasalmi Rukkasluoto,12.5,,
2019-07-09,Savonlinna Punkaharju Laukansaari,10.8,2.4,-1.0
2019-07-09,Enonkoski Simanala,,1.8,-1.0
2019-07-09,Savonlinna Savonranta,,1.9,-1.0
2019-07-09,Rääkkylä kirkonkylä,,0.4,-1.0
2019-07-09,Tohmajärvi Kemie,10.7,0.9,-1.0
2019-07-09,Joensuu Huhtilampi,,0.3,-1.0
2019-07-09,Vaasa lentoasema,12.0,,
2019-07-09,Mustasaari Valassaaret,12.6,,
2019-07-09,Närpiö Ylimarkku,,-1.0,-1.0
2019-07-09,Mustasaari Riimala,,-1.0,-1.0
2019-07-09,Kurikka Pyörni,,-1.0,-1.0
2019-07-09,Korsnäs Bredskäret,12.6,,
2019-07-09,Maalahti Strömmingsbådan,10.4,,
2019-07-09,Vaasa Klemettilä,12.5,-1.0,-1.0
2019-07-09,Seinäjoki Pelmaa,12.7,-1.0,-1.0
2019-07-09,Kauhava lentokenttä,12.2,-1.0,-1.0
2019-07-09,Ähtäri Inha,11.2,-1.0,-1.0
2019-07-09,Halsua Purola,11.2,-1.0,-1.0
2019-07-09,Alajärvi Möksy,11.1,-1.0,-1.0
2019-07-09,Multia Karhila,10.2,-1.0,-1.0
2019-07-09,Viitasaari Haapaniemi,11.7,-1.0,-1.0
2019-07-09,Äänekoski Kalaniemi,,-1.0,-1.0
2019-07-09,Viitasaari Kärnä,,0.0,-1.0
2019-07-09,Vesanto kirkonkylä,11.4,-1.0,-1.0
2019-07-09,Pielavesi Venetmäki,,-1.0,-1.0
2019-07-09,Siilinjärvi Kuopio lentoasema,12.3,,
2019-07-09,Kuopio Maaninka,11.7,-1.0,-1.0
2019-07-09,Lapinlahti Lamminkäyrä,,-1.0,-1.0
2019-07-09,Suonenjoki Iisvesi,,-1.0,-1.0
2019-07-09,Kuopio Karttula,,-1.0,-1.0
2019-07-09,Kuopio Ritoniemi,12.3,,
2019-07-09,Kuopio Savilahti,12.5,-1.0,-1.0
2019-07-09,Heinävesi Palokki,,0.0,-1.0
2019-07-09,Outokumpu Viuruniemi,,-1.0,-1.0
2019-07-09,Rautavaara Ala-Luosta,,-1.0,-1.0
2019-07-09,Rautavaara Ylä-Luosta,11.4,-1.0,-1.0
2019-07-09,Liperi Joensuu lentoasema,11.9,,
2019-07-09,Juuka Niemelä,12.0,-1.0,-1.0
2019-07-09,Joensuu Pyhäselkä,,0.4,-1.0
2019-07-09,Lieksa Koli,,-1.0,-1.0
2019-07-09,Liperi Tuiskavanluoto,12.6,,
2019-07-09,Joensuu Linnunlahti,12.0,-1.0,-1.0
2019-07-09,Lieksa Lampela,12.0,-1.0,-1.0
2019-07-09,Ilomantsi Naarva,,0.0,-1.0
2019-07-09,Ilomantsi Pötsönvaara,10.1,-1.0,-1.0
2019-07-09,Ilomantsi Mekrijärvi,10.6,-1.0,-1.0
2019-07-09,Pietarsaari Kallan,10.6,,
2019-07-09,Kokkola Tankar,12.2,,
2019-07-09,Kruunupyy Kokkola-Pietarsaari lentoasema,12.0,,
2019-07-09,Kaustinen Tastula,,-1.0,-1.0
2019-07-09,Kalajoki Ulkokalla,12.3,,
2019-07-09,Toholampi Oravala,,-1.0,-1.0
2019-07-09,Kalajoki Pitkäsenkylä,,-1.0,-1.0
2019-07-09,Kalajoki Mehtäkylä,,-1.0,-1.0
2019-07-09,Toholampi Laitala,12.5,-1.0,-1.0
2019-07-09,Ylivieska lentokenttä,13.0,-1.0,-1.0
2019-07-09,Ylivieska Vähäkangas,,-1.0,-1.0
2019-07-09,Haapavesi Mustikkamäki,12.5,-1.0,-1.0
2019-07-09,Pyhäjärvi Ojakylä,11.1,-1.0,-1.0
2019-07-09,Pyhäjärvi Hiidenniemi,,-1.0,-1.0
2019-07-09,Kiuruvesi Korpijoki,,-1.0,-1.0
2019-07-09,Siikalatva Kestilä,,-1.0,-1.0
2019-07-09,Kajaani lentoasema,11.9,,
2019-07-09,Vieremä Kaarakkala,11.2,-1.0,-1.0
2019-07-09,Kajaani Paltaniemi,,-1.0,-1.0
2019-07-09,Nurmes Valtimo,11.6,-1.0,-1.0
2019-07-09,Ristijärvi Mustavaara,,-1.0,-1.0
2019-07-09,Sotkamo Kuolaniemi,11.8,-1.0,-1.0
2019-07-09,Nurmes Mujejärvi,,-1.0,-1.0
2019-07-09,Kuhmo Apaja,,-1.0,-1.0
2019-07-09,Kuhmo Kalliojoki,10.1,-1.0,-1.0
2019-07-09,Raahe Nahkiainen,12.0,,
2019-07-09,Hailuoto Keskikylä,13.9,-1.0,-1.0
2019-07-09,Kemi I majakka,14.5,,
2019-07-09,Hailuoto Marjaniemi,13.5,,
2019-07-09,Raahe Lapaluoto satama,13.0,,
2019-07-09,Oulu lentoasema,14.3,,
2019-07-09,Siikajoki Ruukki,12.9,-1.0,-1.0
2019-07-09,Oulu Vihreäsaari satama,13.7,,
2019-07-09,Oulu Oulunsalo Pellonpää,13.7,-1.0,-1.0
2019-07-09,Vaala Pelso,12.6,-1.0,-1.0
2019-07-09,Pudasjärvi lentokenttä,13.8,-1.0,-1.0
2019-07-09,Utajärvi Särkijärvi,,0.0,-1.0
2019-07-09,Pudasjärvi Jaurakkajärvi,,-1.0,-1.0
2019-07-09,Suomussalmi Näljänkä,,-1.0,-1.0
2019-07-09,Suomussalmi Pesiö,11.6,0.0,-1.0
2019-07-09,Puolanka Kotila,,-1.0,-1.0
2019-07-09,Puolanka Paljakka,10.8,-1.0,-1.0
2019-07-09,Kemi Kemi-Tornio lentoasema,14.7,,
2019-07-09,Kemi Ajos,15.6,,
2019-07-09,Tornio Kaakkuri,15.1,-1.0,-1.0
2019-07-09,Ranua lentokenttä,13.1,-1.0,-1.0
2019-07-09,Pudasjärvi Sarakylä,,-1.0,-1.0
2019-07-09,Posio Raistakka,,-1.0,-1.0
2019-07-09,Taivalkoski Inkee,,0.0,-1.0
2019-07-09,Taivalkoski kirkonkylä,11.5,-1.0,-1.0
2019-07-09,Kuusamo lentoasema,12.4,,
2019-07-09,Kuusamo Kiutaköngäs,13.3,-1.0,-1.0
2019-07-09,Kuusamo Rukatunturi,10.8,,
2019-07-09,Kuusamo Teeriranta,,0.1,-1.0
2019-07-09,Kuusamo Juuma,12.4,,
2019-07-09,Ylitornio Meltosjärvi,15.4,-1.0,-1.0
2019-07-09,Kolari Kattilamaa,,0.0,-1.0
2019-07-09,Pello kirkonkylä,15.9,-1.0,-1.0
2019-07-09,Kittilä Alakylä,,-1.0,-1.0
2019-07-09,Rovaniemi rautatieasema,16.0,,
2019-07-09,Sodankylä Tähtelä,14.3,-1.0,-1.0
2019-07-09,Rovaniemi Apukka,15.0,-1.0,-1.0
2019-07-09,Pelkosenniemi kirkonkylä,,-1.0,-1.0
2019-07-09,Kemijärvi lentokenttä,14.6,-1.0,-1.0
2019-07-09,Savukoski kirkonkylä,13.6,0.0,-1.0
2019-07-09,Salla Kelloselkä,,-1.0,-1.0
2019-07-09,Pelkosenniemi Pyhätunturi,12.1,,
2019-07-09,Salla kirkonkylä,13.9,-1.0,-1.0
2019-07-09,Salla Naruska,13.5,-1.0,-1.0
2019-07-09,Enontekiö Kaaresuvanto,,-1.0,-1.0
2019-07-09,Kittilä Pulju,,-1.0,-1.0
2019-07-09,Muonio Laukukero,11.3,,
2019-07-09,Muonio Sammaltunturi,13.4,,
2019-07-09,Kittilä Matorova,14.6,,
2019-07-09,Kittilä lentoasema,15.3,,
2019-07-09,Kittilä Kenttärova,14.7,-1.0,-1.0
2019-07-09,Kittilä Pakatti,15.3,-1.0,-1.0
2019-07-09,Kittilä Pokka,13.9,0.5,-1.0
2019-07-09,Sodankylä Lokka,13.0,-1.0,-1.0
2019-07-09,Sodankylä Vuotso,13.5,0.1,-1.0
2019-07-09,Inari Saariselkä matkailukeskus,11.8,0.1,-1.0
2019-07-09,Inari Saariselkä Kaunispää,10.4,,
2019-07-09,Inari Raja-Jooseppi Kontiojärvi,,0.0,-1.0
2019-07-09,Inari Raja-Jooseppi,11.9,,
2019-07-09,Salla Värriötunturi,11.0,0.1,-1.0
2019-07-09,Enontekiö Kilpisjärvi kyläkeskus,12.9,-1.0,-1.0
2019-07-09,Enontekiö Kilpisjärvi Saana,10.9,,
2019-07-09,Enontekiö Näkkälä,14.1,-1.0,-1.0
2019-07-09,Inari Angeli Lintupuoliselkä,13.7,-1.0,-1.0
2019-07-09,Inari Ivalo lentoasema,12.7,,
2019-07-09,Utsjoki Kevo,12.4,-1.0,-1.0
2019-07-09,Utsjoki Nuorgam,11.4,-1.0,-1.0
2019-07-09,Inari Väylä,12.0,,
2019-07-09,Inari kirkonkylä,,-1.0,-1.0
2019-07-09,Inari Kaamanen,12.5,-1.0,-1.0
2019-07-09,Inari Nellim,11.3,-1.0,-1.0
2019-07-09,Inari Kirakkajärvi,10.0,-1.0,-1.0
2019-07-09,Mäntsälä Hirvihaara,11.5,-1.0,-1.0
2019-07-09,Lahti Sopenkorpi,11.6,-1.0,-1.0
2019-07-09,Siuntio Sjundby,,-1.0,-1.0
2019-07-09,Sipoo Itätoukki,12.9,,
2019-07-09,Rauma Pyynpää,12.5,-1.0,-1.0
2019-07-09,Muonio Oustajärvi,16.2,-1.0,-1.0
2019-07-09,Kajaani Petäisenniska,11.9,-1.0,-1.0
2019-07-09,Utsjoki Kevo Kevojärvi,12.2,,
2019-07-09,Inari Seitalaassa,10.4,,
2019-07-09,Rovaniemi lentoasema AWOS,14.7,-1.0,-1.0
2019-07-09,Jyväskylä lentoasema AWOS,11.0,-1.0,-1.0
2019-07-09,Puumala kirkonkylä,11.2,0.1,-1.0
2019-07-09,Helsinki Vuosaari satama,12.7,,
2019-07-09,Maarianhamina Länsisatama,12.6,,
2019-07-09,Lumparland Långnäs satama,12.8,-1.0,-1.0
2019-07-09,Tampere Tampella,12.6,,
2019-07-09,Kittilä Lompolonvuoma,14.3,,
2019-07-09,Kuusamo Ruka Talvijärvi,12.5,,
2019-07-09,Espoo Nuuksio,11.8,-1.0,-1.0
2019-07-09,Mikkeli Lentoasema AWOS,11.2,0.2,-1.0
2019-07-09,Espoo Tapiola,12.7,-1.0,-1.0
2019-07-10,Porvoo Kilpilahti satama,16.6,,
2019-07-10,Jomala Maarianhamina lentoasema,15.6,,
2019-07-10,Parainen Utö,15.7,-1.0,-1.0
2019-07-10,Lemland Nyhamn,15.6,,
2019-07-10,Jomala Jomalaby,15.5,-1.0,-1.0
2019-07-10,Hammarland Märket,12.3,,
2019-07-10,Kökar Bogskär,14.3,,
2019-07-10,Parainen Fagerholm,16.6,-1.0,
2019-07-10,Kumlinge kirkonkylä,14.6,,
2019-07-10,Hanko Russarö,16.7,-1.0,
2019-07-10,Kaarina Yltöinen,16.4,-1.0,-1.0
2019-07-10,Kemiönsaari Vänö,17.0,,
2019-07-10,Hanko Tulliniemi,17.0,,
2019-07-10,Turku Rajakari,16.9,,
2019-07-10,Turku Artukainen,17.6,-1.0,-1.0
2019-07-10,Kemiönsaari Kemiö,16.8,-1.0,
2019-07-10,Hanko Tvärminne,16.0,-1.0,-1.0
2019-07-10,Salo Kärkkä,16.8,0.1,
2019-07-10,Lohja Leppäkorpi,,0.0,-1.0
2019-07-10,Raasepori Jussarö,15.5,,
2019-07-10,Salo Kiikala lentokenttä,15.8,-1.0,-1.0
2019-07-10,Vantaa Helsinki-Vantaan lentoasema,16.5,-1.0,-1.0
2019-07-10,Inkoo Bågaskär,15.3,,
2019-07-10,Helsinki Kaisaniemi,16.8,-1.0,-1.0
2019-07-10,Lohja Porla,16.1,-1.0,-1.0
2019-07-10,Vihti Maasoja,15.4,,
2019-07-10,Helsinki Harmaja,15.2,,
2019-07-10,Kirkkonummi Mäkiluoto,15.4,,
2019-07-10,Helsinki Helsingin majakka,14.7,,
2019-07-10,Helsinki Kumpula,16.8,-1.0,-1.0
2019-07-10,Helsinki Malmi lentokenttä,16.3,,
2019-07-10,Porvoo Emäsalo,15.9,,
2019-07-10,Porvoo Harabacka,16.5,-1.0,-1.0
2019-07-10,Kotka Rankki,16.0,-1.0,-1.0
2019-07-10,Loviisa Orrengrund,15.4,,
2019-07-10,Kotka Haapasaari,15.7,,
2019-07-10,Pori lentoasema,16.6,,
2019-07-10,Uusikaupunki Itätulli,,-1.0,-1.0
2019-07-10,Laitila Haukka,,0.1,-1.0
2019-07-10,Kustavi Isokari,14.1,-1.0,
2019-07-10,Rauma Kylmäpihlaja,11.8,,
2019-07-10,Pori rautatieasema,16.4,-1.0,-1.0
2019-07-10,Turku lentoasema,16.4,,
2019-07-10,Kokemäki Rausenkulma,,-1.0,-1.0
2019-07-10,Huittinen Sallila,,0.1,-1.0
2019-07-10,Oripää Teinikivi,,-1.0,-1.0
2019-07-10,Pöytyä Yläne,,-1.0,-1.0
2019-07-10,Kokemäki Tulkkila,16.9,-1.0,-1.0
2019-07-10,Jokioinen Ilmala,15.7,-1.0,-1.0
2019-07-10,Nokia Tottijärvi,,0.0,-1.0
2019-07-10,Pirkkala Tampere-Pirkkala lentoasema,15.7,,
2019-07-10,Tampere Härmälä,16.1,0.2,-1.0
2019-07-10,Somero Salkola,15.0,0.1,-1.0
2019-07-10,Hyvinkää Hyvinkäänkylä,15.5,-1.0,-1.0
2019-07-10,Vihti Hiiskula,,-1.0,-1.0
2019-07-10,Hämeenlinna Pirttikoski,,-1.0,-1.0
2019-07-10,Nurmijärvi Röykkä,15.3,-1.0,-1.0
2019-07-10,Hattula Lepaa,15.6,-1.0,-1.0
2019-07-10,Hämeenlinna Lammi Pappila,14.6,-1.0,-1.0
2019-07-10,Mäntsälä Hirvihaara Kuntomajantie,,-1.0,-1.0
2019-07-10,Asikkala Pulkkilanharju,14.8,,
2019-07-10,Hämeenlinna Lammi Evo,13.5,,
2019-07-10,Kouvola Utti lentoasema,15.8,-1.0,-1.0
2019-07-10,Kouvola Anjala,15.9,-1.0,-1.0
2019-07-10,Heinola Asemantaus,15.2,-1.0,-1.0
2019-07-10,Kouvola Voikoski,,-1.0,-1.0
2019-07-10,Virolahti Koivuniemi,15.3,-1.0,-1.0
2019-07-10,Lappeenranta lentoasema,14.3,,
2019-07-10,Lappeenranta Konnunsuo,13.9,,
2019-07-10,Lappeenranta Lepola,14.4,-1.0,-1.0
2019-07-10,Ruokolahti Kotaniemi,,0.4,-1.0
2019-07-10,Lappeenranta Hiekkapakka,14.0,,
2019-07-10,Parikkala Koitsanlahti,12.0,-1.0,-1.0
2019-07-10,Kaskinen Sälgrund,13.3,-1.0,
2019-07-10,Merikarvia Tuorila,,-1.0,-1.0
2019-07-10,Isojoki Kärjenkoski,,-1.0,-1.0
2019-07-10,Teuva Kauppilankylä,,-1.0,-1.0
2019-07-10,Pori Tahkoluoto satama,11.6,,
2019-07-10,Kristiinankaupunki Majakka,12.0,,
2019-07-10,Karvia Alkkia,14.9,-1.0,-1.0
2019-07-10,Ikaalinen Vehuvarpee,,-1.0,-1.0
2019-07-10,Kurikka Hirvijärvi,,-1.0,-1.0
2019-07-10,Kauhajoki Kuja-Kokko,14.0,-1.0,-1.0
2019-07-10,Kankaanpää Niinisalo lentokenttä,16.4,-1.0,-1.0
2019-07-10,Alavus Sulkavankylä,,-1.0,-1.0
2019-07-10,Virrat Äijänneva,15.0,,
2019-07-10,Tampere Siilinkari,15.4,,
2019-07-10,Jämsä Halli lentoasema,15.0,-1.0,-1.0
2019-07-10,Juupajoki Hyytiälä,14.2,-1.0,-1.0
2019-07-10,Sysmä Joutsjärvi,,-1.0,-1.0
2019-07-10,Luhanka Tammijärvi,,-1.0,-1.0
2019-07-10,Jyväskylä Muuratjärvi,,-1.0,-1.0
2019-07-10,Luhanka Judinsalo,14.5,,
2019-07-10,Multia Pirttiperä,,-1.0,-1.0
2019-07-10,Joutsa Savenaho,13.2,-1.0,-1.0
2019-07-10,Kangasniemi kirkonkylä,,-1.0,-1.0
2019-07-10,Joutsa Pärnämäki,,-1.0,-1.0
2019-07-10,Mikkeli Pitkähiekka,,-1.0,-1.0
2019-07-10,Juva Partala,13.3,,
2019-07-10,Varkaus Kosulanniemi,13.9,-1.0,-1.0
2019-07-10,Savonlinna Laukansaari,,-1.0,-1.0
2019-07-10,Sulkava Halttula,,-1.0,-1.0
2019-07-10,Savonlinna lentoasema,13.0,,
2019-07-10,Rantasalmi Rukkasluoto,13.7,,
2019-07-10,Savonlinna Punkaharju Laukansaari,13.1,-1.0,-1.0
2019-07-10,Enonkoski Simanala,,-1.0,-1.0
2019-07-10,Savonlinna Savonranta,,-1.0,-1.0
2019-07-10,Rääkkylä kirkonkylä,,-1.0,-1.0
2019-07-10,Tohmajärvi Kemie,11.9,-1.0,-1.0
2019-07-10,Joensuu Huhtilampi,,-1.0,-1.0
2019-07-10,Vaasa lentoasema,13.6,,
2019-07-10,Mustasaari Valassaaret,13.4,,
2019-07-10,Närpiö Ylimarkku,,-1.0,-1.0
2019-07-10,Mustasaari Riimala,,-1.0,-1.0
2019-07-10,Kurikka Pyörni,,-1.0,-1.0
2019-07-10,Korsnäs Bredskäret,13.7,,
2019-07-10,Maalahti Strömmingsbådan,11.1,,
2019-07-10,Vaasa Klemettilä,14.1,-1.0,-1.0
2019-07-10,Seinäjoki Pelmaa,14.0,-1.0,-1.0
2019-07-10,Kauhava lentokenttä,14.2,-1.0,-1.0
2019-07-10,Ähtäri Inha,14.9,-1.0,-1.0
2019-07-10,Halsua Purola,14.1,-1.0,-1.0
2019-07-10,Alajärvi Möksy,14.2,-1.0,-1.0
2019-07-10,Multia Karhila,13.7,-1.0,-1.0
2019-07-10,Viitasaari Haapaniemi,13.4,-1.0,-1.0
2019-07-10,Äänekoski Kalaniemi,,-1.0,-1.0
2019-07-10,Viitasaari Kärnä,,-1.0,-1.0
2019-07-10,Vesanto kirkonkylä,13.1,-1.0,-1.0
2019-07-10,Pielavesi Venetmäki,,-1.0,-1.0
2019-07-10,Siilinjärvi Kuopio lentoasema,13.1,,
2019-07-10,Kuopio Maaninka,12.4,-1.0,-1.0
2019-07-10,Lapinlahti Lamminkäyrä,,0.0,-1.0
2019-07-10,Suonenjoki Iisvesi,,-1.0,-1.0
2019-07-10,Kuopio Karttula,,-1.0,-1.0
2019-07-10,Kuopio Ritoniemi,13.2,,
2019-07-10,Kuopio Savilahti,13.5,-1.0,-1.0
2019-07-10,Heinävesi Palokki,,-1.0,-1.0
2019-07-10,Outokumpu Viuruniemi,,-1.0,-1.0
2019-07-10,Rautavaara Ala-Luosta,,-1.0,-1.0
2019-07-10,Rautavaara Ylä-Luosta,11.1,-1.0,-1.0
2019-07-10,Liperi Joensuu lentoasema,12.0,,
2019-07-10,Juuka Niemelä,11.5,-1.0,-1.0
2019-07-10,Joensuu Pyhäselkä,,-1.0,-1.0
2019-07-10,Lieksa Koli,,-1.0,-1.0
2019-07-10,Liperi Tuiskavanluoto,12.7,,
2019-07-10,Joensuu Linnunlahti,12.1,-1.0,-1.0
2019-07-10,Lieksa Lampela,10.8,-1.0,-1.0
2019-07-10,Ilomantsi Naarva,,0.0,-1.0
2019-07-10,Ilomantsi Pötsönvaara,9.2,-1.0,-1.0
2019-07-10,Ilomantsi Mekrijärvi,9.8,-1.0,-1.0
2019-07-10,Pietarsaari Kallan,11.3,,
2019-07-10,Kokkola Tankar,13.1,,
2019-07-10,Kruunupyy Kokkola-Pietarsaari lentoasema,13.4,,
2019-07-10,Kaustinen Tastula,,-1.0,-1.0
2019-07-10,Kalajoki Ulkokalla,13.0,,
2019-07-10,Toholampi Oravala,,-1.0,-1.0
2019-07-10,Kalajoki Pitkäsenkylä,,-1.0,-1.0
2019-07-10,Kalajoki Mehtäkylä,,-1.0,-1.0
2019-07-10,Toholampi Laitala,14.5,-1.0,-1.0
2019-07-10,Ylivieska lentokenttä,14.4,-1.0,-1.0
2019-07-10,Ylivieska Vähäkangas,,-1.0,-1.0
2019-07-10,Haapavesi Mustikkamäki,13.8,-1.0,-1.0
2019-07-10,Pyhäjärvi Ojakylä,12.4,-1.0,-1.0
2019-07-10,Pyhäjärvi Hiidenniemi,,-1.0,-1.0
2019-07-10,Kiuruvesi Korpijoki,,-1.0,-1.0
2019-07-10,Siikalatva Kestilä,,-1.0,-1.0
2019-07-10,Kajaani lentoasema,10.9,,
2019-07-10,Vieremä Kaarakkala,11.4,-1.0,-1.0
2019-07-10,Kajaani Paltaniemi,,-1.0,-1.0
2019-07-10,Nurmes Valtimo,10.1,-1.0,-1.0
2019-07-10,Ristijärvi Mustavaara,,-1.0,-1.0
2019-07-10,Sotkamo Kuolaniemi,11.2,-1.0,-1.0
2019-07-10,Nurmes Mujejärvi,,0.0,-1.0
2019-07-10,Kuhmo Apaja,,0.0,-1.0
2019-07-10,Kuhmo Kalliojoki,8.7,0.0,-1.0
2019-07-10,Raahe Nahkiainen,12.9,,
2019-07-10,Hailuoto Keskikylä,13.6,-1.0,-1.0
2019-07-10,Kemi I majakka,12.5,,
2019-07-10,Hailuoto Marjaniemi,13.7,,
2019-07-10,Raahe Lapaluoto satama,14.5,,
2019-07-10,Oulu lentoasema,14.0,,
2019-07-10,Siikajoki Ruukki,13.0,-1.0,-1.0
2019-07-10,Oulu Vihreäsaari satama,13.5,,
2019-07-10,Oulu Oulunsalo Pellonpää,14.0,-1.0,-1.0
2019-07-10,Vaala Pelso,12.3,-1.0,-1.0
2019-07-10,Pudasjärvi lentokenttä,11.1,-1.0,-1.0
2019-07-10,Utajärvi Särkijärvi,,0.0,-1.0
2019-07-10,Pudasjärvi Jaurakkajärvi,,-1.0,-1.0
2019-07-10,Suomussalmi Näljänkä,,-1.0,-1.0
2019-07-10,Suomussalmi Pesiö,9.2,0.0,-1.0
2019-07-10,Puolanka Kotila,,-1.0,-1.0
2019-07-10,Puolanka Paljakka,9.5,-1.0,-1.0
2019-07-10,Kemi Kemi-Tornio lentoasema,11.2,,
2019-07-10,Kemi Ajos,12.4,,
2019-07-10,Tornio Kaakkuri,11.9,-1.0,-1.0
2019-07-10,Ranua lentokenttä,10.0,-1.0,-1.0
2019-07-10,Pudasjärvi Sarakylä,,-1.0,-1.0
2019-07-10,Posio Raistakka,,0.3,-1.0
2019-07-10,Taivalkoski Inkee,,0.0,-1.0
2019-07-10,Taivalkoski kirkonkylä,9.7,-1.0,-1.0
2019-07-10,Kuusamo lentoasema,9.8,,
2019-07-10,Kuusamo Kiutaköngäs,9.6,-1.0,-1.0
2019-07-10,Kuusamo Rukatunturi,7.0,,
2019-07-10,Kuusamo Teeriranta,,-1.0,-1.0
2019-07-10,Kuusamo Juuma,8.7,,
2019-07-10,Ylitornio Meltosjärvi,11.4,-1.0,-1.0
2019-07-10,Kolari Kattilamaa,,-1.0,-1.0
2019-07-10,Pello kirkonkylä,12.7,-1.0,-1.0
2019-07-10,Kittilä Alakylä,,-1.0,-1.0
2019-07-10,Rovaniemi rautatieasema,11.5,,
2019-07-10,Sodankylä Tähtelä,9.6,-1.0,-1.0
2019-07-10,Rovaniemi Apukka,10.4,-1.0,-1.0
2019-07-10,Pelkosenniemi kirkonkylä,,-1.0,-1.0
2019-07-10,Kemijärvi lentokenttä,9.2,-1.0,-1.0
2019-07-10,Savukoski kirkonkylä,8.9,-1.0,-1.0
2019-07-10,Salla Kelloselkä,,-1.0,-1.0
2019-07-10,Pelkosenniemi Pyhätunturi,6.9,,
2019-07-10,Salla kirkonkylä,8.8,-1.0,-1.0
2019-07-10,Salla Naruska,8.9,-1.0,-1.0
2019-07-10,Enontekiö Kaaresuvanto,,-1.0,-1.0
2019-07-10,Kittilä Pulju,,-1.0,-1.0
2019-07-10,Muonio Laukukero,6.0,,
2019-07-10,Muonio Sammaltunturi,8.2,,
2019-07-10,Kittilä Matorova,10.0,,
2019-07-10,Kittilä lentoasema,11.0,,
2019-07-10,Kittilä Kenttärova,9.8,-1.0,-1.0
2019-07-10,Kittilä Pakatti,11.0,-1.0,-1.0
2019-07-10,Kittilä Pokka,8.9,-1.0,-1.0
2019-07-10,Sodankylä Lokka,8.2,-1.0,-1.0
2019-07-10,Sodankylä Vuotso,8.1,-1.0,-1.0
2019-07-10,Inari Saariselkä matkailukeskus,7.0,-1.0,-1.0
2019-07-10,Inari Saariselkä Kaunispää,5.6,,
2019-07-10,Inari Raja-Jooseppi Kontiojärvi,,0.0,-1.0
2019-07-10,Inari Raja-Jooseppi,7.1,,
2019-07-10,Salla Värriötunturi,6.4,-1.0,-1.0
2019-07-10,Enontekiö Kilpisjärvi kyläkeskus,10.8,0.0,-1.0
2019-07-10,Enontekiö Kilpisjärvi Saana,8.3,,
2019-07-10,Enontekiö Näkkälä,10.3,-1.0,-1.0
2019-07-10,Inari Angeli Lintupuoliselkä,8.7,-1.0,-1.0
2019-07-10,Inari Ivalo lentoasema,8.0,,
2019-07-10,Utsjoki Kevo,10.2,-1.0,-1.0
2019-07-10,Utsjoki Nuorgam,8.9,-1.0,-1.0
2019-07-10,Inari Väylä,8.4,,
2019-07-10,Inari kirkonkylä,,-1.0,-1.0
2019-07-10,Inari Kaamanen,8.7,-1.0,-1.0
2019-07-10,Inari Nellim,8.2,-1.0,-1.0
2019-07-10,Inari Kirakkajärvi,7.3,-1.0,-1.0
2019-07-10,Mäntsälä Hirvihaara,14.9,-1.0,-1.0
2019-07-10,Lahti Sopenkorpi,15.7,-1.0,-1.0
2019-07-10,Siuntio Sjundby,,0.1,-1.0
2019-07-10,Sipoo Itätoukki,15.4,,
2019-07-10,Rauma Pyynpää,15.2,0.1,-1.0
2019-07-10,Muonio Oustajärvi,11.3,-1.0,-1.0
2019-07-10,Kajaani Petäisenniska,11.7,-1.0,-1.0
2019-07-10,Utsjoki Kevo Kevojärvi,9.8,,
2019-07-10,Inari Seitalaassa,7.7,,
2019-07-10,Rovaniemi lentoasema AWOS,10.3,-1.0,-1.0
2019-07-10,Jyväskylä lentoasema AWOS,13.9,-1.0,-1.0
2019-07-10,Puumala kirkonkylä,13.8,-1.0,-1.0
2019-07-10,Helsinki Vuosaari satama,15.8,,
2019-07-10,Maarianhamina Länsisatama,15.9,,
2019-07-10,Lumparland Långnäs satama,15.5,-1.0,-1.0
2019-07-10,Tampere Tampella,16.9,,
2019-07-10,Kittilä Lompolonvuoma,10.3,,
2019-07-10,Kuusamo Ruka Talvijärvi,8.8,,
2019-07-10,Espoo Nuuksio,16.1,-1.0,-1.0
2019-07-10,Mikkeli Lentoasema AWOS,13.9,-1.0,-1.0
2019-07-10,Espoo Tapiola,16.3,-1.0,-1.0
2019-07-11,Porvoo Kilpilahti satama,12.3,,
2019-07-11,Jomala Maarianhamina lentoasema,14.1,,
2019-07-11,Parainen Utö,15.3,-1.0,-1.0
2019-07-11,Lemland Nyhamn,14.6,,
2019-07-11,Jomala Jomalaby,13.9,-1.0,-1.0
2019-07-11,Hammarland Märket,11.8,,
2019-07-11,Kökar Bogskär,13.7,,
2019-07-11,Parainen Fagerholm,15.2,-1.0,
2019-07-11,Kumlinge kirkonkylä,14.1,,
2019-07-11,Hanko Russarö,14.3,0.3,
2019-07-11,Kaarina Yltöinen,13.7,-1.0,-1.0
2019-07-11,Kemiönsaari Vänö,14.9,,
2019-07-11,Hanko Tulliniemi,14.1,,
2019-07-11,Turku Rajakari,15.1,,
2019-07-11,Turku Artukainen,14.9,-1.0,-1.0
2019-07-11,Kemiönsaari Kemiö,14.2,1.0,-1.0
2019-07-11,Hanko Tvärminne,13.4,1.2,-1.0
2019-07-11,Salo Kärkkä,14.2,0.3,
2019-07-11,Lohja Leppäkorpi,,0.0,-1.0
2019-07-11,Raasepori Jussarö,14.2,,
2019-07-11,Salo Kiikala lentokenttä,12.8,1.0,-1.0
2019-07-11,Vantaa Helsinki-Vantaan lentoasema,12.5,1.5,-1.0
2019-07-11,Inkoo Bågaskär,13.5,,
2019-07-11,Helsinki Kaisaniemi,13.0,0.2,-1.0
2019-07-11,Lohja Porla,13.0,0.4,-1.0
2019-07-11,Vihti Maasoja,12.1,,
2019-07-11,Helsinki Harmaja,13.2,,
2019-07-11,Kirkkonummi Mäkiluoto,13.7,,
2019-07-11,Helsinki Helsingin majakka,13.2,,
2019-07-11,Helsinki Kumpula,12.9,0.7,-1.0
2019-07-11,Helsinki Malmi lentokenttä,12.2,,
2019-07-11,Porvoo Emäsalo,12.6,,
2019-07-11,Porvoo Harabacka,12.1,-1.0,-1.0
2019-07-11,Kotka Rankki,12.7,-1.0,-1.0
2019-07-11,Loviisa Orrengrund,12.7,,
2019-07-11,Kotka Haapasaari,12.7,,
2019-07-11,Pori lentoasema,15.2,,
2019-07-11,Uusikaupunki Itätulli,,-1.0,-1.0
2019-07-11,Laitila Haukka,,-1.0,-1.0
2019-07-11,Kustavi Isokari,13.7,-1.0,
2019-07-11,Rauma Kylmäpihlaja,11.9,,
2019-07-11,Pori rautatieasema,15.5,-1.0,-1.0
2019-07-11,Turku lentoasema,13.5,,
2019-07-11,Kokemäki Rausenkulma,,-1.0,-1.0
2019-07-11,Huittinen Sallila,,-1.0,-1.0
2019-07-11,Oripää Teinikivi,,-1.0,-1.0
2019-07-11,Pöytyä Yläne,,0.0,-1.0
2019-07-11,Kokemäki Tulkkila,15.0,-1.0,-1.0
2019-07-11,Jokioinen Ilmala,12.9,0.1,-1.0
2019-07-11,Nokia Tottijärvi,,-1.0,-1.0
2019-07-11,Pirkkala Tampere-Pirkkala lentoasema,13.8,,
2019-07-11,Tampere Härmälä,13.9,-1.0,-1.0
2019-07-11,Somero Salkola,12.7,-1.0,-1.0
2019-07-11,Hyvinkää Hyvinkäänkylä,12.5,-1.0,-1.0
2019-07-11,Vihti Hiiskula,,0.9,-1.0
2019-07-11,Hämeenlinna Pirttikoski,,-1.0,-1.0
2019-07-11,Nurmijärvi Röykkä,12.5,1.2,-1.0
2019-07-11,Hattula Lepaa,12.7,-1.0,-1.0
2019-07-11,Hämeenlinna Lammi Pappila,11.9,-1.0,-1.0
2019-07-11,Mäntsälä Hirvihaara Kuntomajantie,,-1.0,-1.0
2019-07-11,Asikkala Pulkkilanharju,12.3,,
2019-07-11,Hämeenlinna Lammi Evo,11.1,,
2019-07-11,Kouvola Utti lentoasema,11.5,-1.0,-1.0
2019-07-11,Kouvola Anjala,11.9,-1.0,-1.0
2019-07-11,Heinola Asemantaus,12.2,-1.0,-1.0
2019-07-11,Kouvola Voikoski,,-1.0,-1.0
2019-07-11,Virolahti Koivuniemi,11.0,-1.0,-1.0
2019-07-11,Lappeenranta lentoasema,11.0,,
2019-07-11,Lappeenranta Konnunsuo,10.6,,
2019-07-11,Lappeenranta Lepola,11.2,-1.0,-1.0
2019-07-11,Ruokolahti Kotaniemi,,0.4,-1.0
2019-07-11,Lappeenranta Hiekkapakka,11.5,,
2019-07-11,Parikkala Koitsanlahti,10.2,-1.0,-1.0
2019-07-11,Kaskinen Sälgrund,12.7,-1.0,
2019-07-11,Merikarvia Tuorila,,-1.0,-1.0
2019-07-11,Isojoki Kärjenkoski,,-1.0,-1.0
2019-07-11,Teuva Kauppilankylä,,-1.0,-1.0
2019-07-11,Pori Tahkoluoto satama,12.2,,
2019-07-11,Kristiinankaupunki Majakka,11.6,,
2019-07-11,Karvia Alkkia,13.0,-1.0,-1.0
2019-07-11,Ikaalinen Vehuvarpee,,-1.0,-1.0
2019-07-11,Kurikka Hirvijärvi,,-1.0,-1.0
2019-07-11,Kauhajoki Kuja-Kokko,13.1,-1.0,-1.0
2019-07-11,Kankaanpää Niinisalo lentokenttä,14.6,-1.0,-1.0
2019-07-11,Alavus Sulkavankylä,,-1.0,-1.0
2019-07-11,Virrat Äijänneva,13.2,,
2019-07-11,Tampere Siilinkari,13.8,,
2019-07-11,Jämsä Halli lentoasema,12.7,-1.0,-1.0
2019-07-11,Juupajoki Hyytiälä,11.9,-1.0,-1.0
2019-07-11,Sysmä Joutsjärvi,,0.3,-1.0
2019-07-11,Luhanka Tammijärvi,,-1.0,-1.0
2019-07-11,Jyväskylä Muuratjärvi,,-1.0,-1.0
2019-07-11,Luhanka Judinsalo,12.3,,
2019-07-11,Multia Pirttiperä,,-1.0,-1.0
2019-07-11,Joutsa Savenaho,11.1,0.5,-1.0
2019-07-11,Kangasniemi kirkonkylä,,-1.0,-1.0
2019-07-11,Joutsa Pärnämäki,,0.0,-1.0
2019-07-11,Mikkeli Pitkähiekka,,0.6,-1.0
2019-07-11,Juva Partala,10.2,,
2019-07-11,Varkaus Kosulanniemi,11.3,0.7,-1.0
2019-07-11,Savonlinna Laukansaari,,0.2,-1.0
2019-07-11,Sulkava Halttula,,1.8,-1.0
2019-07-11,Savonlinna lentoasema,10.5,,
2019-07-11,Rantasalmi Rukkasluoto,11.3,,
2019-07-11,Savonlinna Punkaharju Laukansaari,10.2,0.3,-1.0
2019-07-11,Enonkoski Simanala,,1.7,-1.0
2019-07-11,Savonlinna Savonranta,,0.4,-1.0
2019-07-11,Rääkkylä kirkonkylä,,0.3,-1.0
2019-07-11,Tohmajärvi Kemie,8.6,2.9,-1.0
2019-07-11,Joensuu Huhtilampi,,1.4,-1.0
2019-07-11,Vaasa lentoasema,13.1,,
2019-07-11,Mustasaari Valassaaret,13.5,,
2019-07-11,Närpiö Ylimarkku,,-1.0,-1.0
2019-07-11,Mustasaari Riimala,,-1.0,-1.0
2019-07-11,Kurikka Pyörni,,-1.0,-1.0
2019-07-11,Korsnäs Bredskäret,13.3,,
2019-07-11,Maalahti Strömmingsbådan,10.9,,
2019-07-11,Vaasa Klemettilä,13.4,-1.0,-1.0
2019-07-11,Seinäjoki Pelmaa,13.4,-1.0,-1.0
2019-07-11,Kauhava lentokenttä,13.2,-1.0,-1.0
2019-07-11,Ähtäri Inha,12.5,-1.0,-1.0
2019-07-11,Halsua Purola,11.8,-1.0,-1.0
2019-07-11,Alajärvi Möksy,12.1,-1.0,-1.0
2019-07-11,Multia Karhila,11.2,-1.0,-1.0
2019-07-11,Viitasaari Haapaniemi,12.2,-1.0,-1.0
2019-07-11,Äänekoski Kalaniemi,,0.3,-1.0
2019-07-11,Viitasaari Kärnä,,-1.0,-1.0
2019-07-11,Vesanto kirkonkylä,11.0,1.6,-1.0
2019-07-11,Pielavesi Venetmäki,,7.5,-1.0
2019-07-11,Siilinjärvi Kuopio lentoasema,10.9,,
2019-07-11,Kuopio Maaninka,11.0,0.8,-1.0
2019-07-11,Lapinlahti Lamminkäyrä,,0.0,-1.0
2019-07-11,Suonenjoki Iisvesi,,0.5,-1.0
2019-07-11,Kuopio Karttula,,2.8,-1.0
2019-07-11,Kuopio Ritoniemi,11.2,,
2019-07-11,Kuopio Savilahti,11.0,2.5,-1.0
2019-07-11,Heinävesi Palokki,,0.4,-1.0
2019-07-11,Outokumpu Viuruniemi,,2.8,-1.0
2019-07-11,Rautavaara Ala-Luosta,,2.1,-1.0
2019-07-11,Rautavaara Ylä-Luosta,9.2,4.2,-1.0
2019-07-11,Liperi Joensuu lentoasema,9.9,,
2019-07-11,Juuka Niemelä,10.2,1.3,-1.0
2019-07-11,Joensuu Pyhäselkä,,1.0,-1.0
2019-07-11,Lieksa Koli,,0.6,-1.0
2019-07-11,Liperi Tuiskavanluoto,11.2,,
2019-07-11,Joensuu Linnunlahti,10.2,0.1,-1.0
2019-07-11,Lieksa Lampela,9.1,2.4,-1.0
2019-07-11,Ilomantsi Naarva,,2.3,-1.0
2019-07-11,Ilomantsi Pötsönvaara,7.7,1.8,-1.0
2019-07-11,Ilomantsi Mekrijärvi,8.0,1.8,-1.0
2019-07-11,Pietarsaari Kallan,10.9,,
2019-07-11,Kokkola Tankar,12.5,,
2019-07-11,Kruunupyy Kokkola-Pietarsaari lentoasema,12.4,,
2019-07-11,Kaustinen Tastula,,-1.0,-1.0
2019-07-11,Kalajoki Ulkokalla,12.5,,
2019-07-11,Toholampi Oravala,,-1.0,-1.0
2019-07-11,Kalajoki Pitkäsenkylä,,-1.0,-1.0
2019-07-11,Kalajoki Mehtäkylä,,-1.0,-1.0
2019-07-11,Toholampi Laitala,12.1,-1.0,-1.0
2019-07-11,Ylivieska lentokenttä,12.4,-1.0,-1.0
2019-07-11,Ylivieska Vähäkangas,,-1.0,-1.0
2019-07-11,Haapavesi Mustikkamäki,12.2,-1.0,-1.0
2019-07-11,Pyhäjärvi Ojakylä,11.4,-1.0,-1.0
2019-07-11,Pyhäjärvi Hiidenniemi,,-1.0,-1.0
2019-07-11,Kiuruvesi Korpijoki,,-1.0,-1.0
2019-07-11,Siikalatva Kestilä,,-1.0,-1.0
2019-07-11,Kajaani lentoasema,10.8,,
2019-07-11,Vieremä Kaarakkala,11.2,0.2,-1.0
2019-07-11,Kajaani Paltaniemi,,0.0,-1.0
2019-07-11,Nurmes Valtimo,10.0,-1.0,-1.0
2019-07-11,Ristijärvi Mustavaara,,-1.0,-1.0
2019-07-11,Sotkamo Kuolaniemi,10.7,-1.0,-1.0
2019-07-11,Nurmes Mujejärvi,,0.0,-1.0
2019-07-11,Kuhmo Apaja,,0.0,-1.0
2019-07-11,Kuhmo Kalliojoki,8.1,0.3,-1.0
2019-07-11,Raahe Nahkiainen,11.9,,
2019-07-11,Hailuoto Keskikylä,11.7,-1.0,-1.0
2019-07-11,Kemi I majakka,12.1,,
2019-07-11,Hailuoto Marjaniemi,12.9,,
2019-07-11,Raahe Lapaluoto satama,12.7,,
2019-07-11,Oulu lentoasema,12.6,,
2019-07-11,Siikajoki Ruukki,11.5,-1.0,-1.0
2019-07-11,Oulu Vihreäsaari satama,12.6,,
2019-07-11,Oulu Oulunsalo Pellonpää,12.0,-1.0,-1.0
2019-07-11,Vaala Pelso,10.9,-1.0,-1.0
2019-07-11,Pudasjärvi lentokenttä,11.0,-1.0,-1.0
2019-07-11,Utajärvi Särkijärvi,,-1.0,-1.0
2019-07-11,Pudasjärvi Jaurakkajärvi,,-1.0,-1.0
2019-07-11,Suomussalmi Näljänkä,,0.0,-1.0
2019-07-11,Suomussalmi Pesiö,9.7,0.0,-1.0
2019-07-11,Puolanka Kotila,,-1.0,-1.0
2019-07-11,Puolanka Paljakka,9.6,-1.0,-1.0
2019-07-11,Kemi Kemi-Tornio lentoasema,11.4,,
2019-07-11,Kemi Ajos,13.2,,
2019-07-11,Tornio Kaakkuri,11.8,-1.0,-1.0
2019-07-11,Ranua lentokenttä,9.7,-1.0,-1.0
2019-07-11,Pudasjärvi Sarakylä,,-1.0,-1.0
2019-07-11,Posio Raistakka,,-1.0,-1.0
2019-07-11,Taivalkoski Inkee,,0.0,-1.0
2019-07-11,Taivalkoski kirkonkylä,9.8,-1.0,-1.0
2019-07-11,Kuusamo lentoasema,9.1,,
2019-07-11,Kuusamo Kiutaköngäs,9.2,0.3,-1.0
2019-07-11,Kuusamo Rukatunturi,6.9,,
2019-07-11,Kuusamo Teeriranta,,0.0,-1.0
2019-07-11,Kuusamo Juuma,9.0,,
2019-07-11,Ylitornio Meltosjärvi,11.9,-1.0,-1.0
2019-07-11,Kolari Kattilamaa,,-1.0,-1.0
2019-07-11,Pello kirkonkylä,12.7,-1.0,-1.0
2019-07-11,Kittilä Alakylä,,-1.0,-1.0
2019-07-11,Rovaniemi rautatieasema,12.4,,
2019-07-11,Sodankylä Tähtelä,10.1,-1.0,-1.0
2019-07-11,Rovaniemi Apukka,11.1,-1.0,-1.0
2019-07-11,Pelkosenniemi kirkonkylä,,0.0,-1.0
2019-07-11,Kemijärvi lentokenttä,10.1,-1.0,-1.0
2019-07-11,Savukoski kirkonkylä,9.6,-1.0,-1.0
2019-07-11,Salla Kelloselkä,,0.0,-1.0
2019-07-11,Pelkosenniemi Pyhätunturi,8.4,,
2019-07-11,Salla kirkonkylä,8.8,-1.0,-1.0
2019-07-11,Salla Naruska,9.6,-1.0,-1.0
2019-07-11,Enontekiö Kaaresuvanto,,-1.0,-1.0
2019-07-11,Kittilä Pulju,,-1.0,-1.0
2019-07-11,Muonio Laukukero,8.7,,
2019-07-11,Muonio Sammaltunturi,10.6,,
2019-07-11,Kittilä Matorova,11.4,,
2019-07-11,Kittilä lentoasema,11.7,,
2019-07-11,Kittilä Kenttärova,11.2,-1.0,-1.0
2019-07-11,Kittilä Pakatti,11.9,-1.0,-1.0
2019-07-11,Kittilä Pokka,10.8,-1.0,-1.0
2019-07-11,Sodankylä Lokka,8.9,-1.0,-1.0
2019-07-11,Sodankylä Vuotso,9.2,-1.0,-1.0
2019-07-11,Inari Saariselkä matkailukeskus,8.5,-1.0,-1.0
2019-07-11,Inari Saariselkä Kaunispää,7.2,,
2019-07-11,Inari Raja-Jooseppi Kontiojärvi,,-1.0,-1.0
2019-07-11,Inari Raja-Jooseppi,8.6,,
2019-07-11,Salla Värriötunturi,7.3,-1.0,-1.0
2019-07-11,Enontekiö Kilpisjärvi kyläkeskus,11.8,-1.0,-1.0
2019-07-11,Enontekiö Kilpisjärvi Saana,9.4,,
2019-07-11,Enontekiö Näkkälä,12.5,-1.0,-1.0
2019-07-11,Inari Angeli Lintupuoliselkä,11.1,-1.0,-1.0
2019-07-11,Inari Ivalo lentoasema,9.4,,
2019-07-11,Utsjoki Kevo,11.3,-1.0,-1.0
2019-07-11,Utsjoki Nuorgam,9.7,-1.0,-1.0
2019-07-11,Inari Väylä,9.3,,
2019-07-11,Inari kirkonkylä,,-1.0,-1.0
2019-07-11,Inari Kaamanen,9.8,-1.0,-1.0
2019-07-11,Inari Nellim,9.4,-1.0,-1.0
2019-07-11,Inari Kirakkajärvi,8.4,-1.0,-1.0
2019-07-11,Mäntsälä Hirvihaara,11.1,-1.0,-1.0
2019-07-11,Lahti Sopenkorpi,12.2,-1.0,-1.0
2019-07-11,Siuntio Sjundby,,1.1,-1.0
2019-07-11,Sipoo Itätoukki,13.2,,
2019-07-11,Rauma Pyynpää,14.2,-1.0,-1.0
2019-07-11,Muonio Oustajärvi,13.0,-1.0,-1.0
2019-07-11,Kajaani Petäisenniska,11.4,-1.0,-1.0
2019-07-11,Utsjoki Kevo Kevojärvi,11.0,,
2019-07-11,Inari Seitalaassa,8.5,,
2019-07-11,Rovaniemi lentoasema AWOS,11.1,-1.0,-1.0
2019-07-11,Jyväskylä lentoasema AWOS,11.5,-1.0,-1.0
2019-07-11,Puumala kirkonkylä,11.3,-1.0,-1.0
2019-07-11,Helsinki Vuosaari satama,12.6,,
2019-07-11,Maarianhamina Länsisatama,14.4,,
2019-07-11,Lumparland Långnäs satama,14.1,0.1,-1.0
2019-07-11,Tampere Tampella,14.7,,
2019-07-11,Kittilä Lompolonvuoma,11.2,-1.0,
2019-07-11,Kuusamo Ruka Talvijärvi,8.5,,
2019-07-11,Espoo Nuuksio,12.2,0.1,-1.0
2019-07-11,Mikkeli Lentoasema AWOS,11.4,0.1,-1.0
2019-07-11,Espoo Tapiola,12.7,0.1,-1.0
2019-07-12,Porvoo Kilpilahti satama,14.9,,
2019-07-12,Jomala Maarianhamina lentoasema,14.0,,
2019-07-12,Parainen Utö,15.3,-1.0,-1.0
2019-07-12,Lemland Nyhamn,14.3,,
2019-07-12,Jomala Jomalaby,13.6,-1.0,-1.0
2019-07-12,Hammarland Märket,12.1,,
2019-07-12,Kökar Bogskär,13.8,,
2019-07-12,Parainen Fagerholm,15.3,-1.0,
2019-07-12,Kumlinge kirkonkylä,13.9,,
2019-07-12,Hanko Russarö,14.7,-1.0,
2019-07-12,Kaarina Yltöinen,15.8,-1.0,-1.0
2019-07-12,Kemiönsaari Vänö,15.5,,
2019-07-12,Hanko Tulliniemi,15.1,,
2019-07-12,Turku Rajakari,15.7,,
2019-07-12,Turku Artukainen,15.5,-1.0,-1.0
2019-07-12,Kemiönsaari Kemiö,15.9,0.7,-1.0
2019-07-12,Hanko Tvärminne,14.2,1.4,-1.0
2019-07-12,Salo Kärkkä,15.9,-1.0,
2019-07-12,Lohja Leppäkorpi,,0.0,-1.0
2019-07-12,Raasepori Jussarö,14.4,,
2019-07-12,Salo Kiikala lentokenttä,14.4,-1.0,-1.0
2019-07-12,Vantaa Helsinki-Vantaan lentoasema,14.6,-1.0,-1.0
2019-07-12,Inkoo Bågaskär,14.1,,
2019-07-12,Helsinki Kaisaniemi,14.4,-1.0,-1.0
2019-07-12,Lohja Porla,14.8,-1.0,-1.0
2019-07-12,Vihti Maasoja,12.8,,
2019-07-12,Helsinki Harmaja,14.2,,
2019-07-12,Kirkkonummi Mäkiluoto,14.4,,
2019-07-12,Helsinki Helsingin majakka,14.2,,
2019-07-12,Helsinki Kumpula,14.5,-1.0,-1.0
2019-07-12,Helsinki Malmi lentokenttä,13.8,,
2019-07-12,Porvoo Emäsalo,14.1,,
2019-07-12,Porvoo Harabacka,14.3,-1.0,-1.0
2019-07-12,Kotka Rankki,14.7,-1.0,-1.0
2019-07-12,Loviisa Orrengrund,14.4,,
2019-07-12,Kotka Haapasaari,14.5,,
2019-07-12,Pori lentoasema,14.1,,
2019-07-12,Uusikaupunki Itätulli,,-1.0,-1.0
2019-07-12,Laitila Haukka,,-1.0,-1.0
2019-07-12,Kustavi Isokari,13.2,-1.0,
2019-07-12,Rauma Kylmäpihlaja,10.9,,
2019-07-12,Pori rautatieasema,14.0,-1.0,-1.0
2019-07-12,Turku lentoasema,14.9,,
2019-07-12,Kokemäki Rausenkulma,,-1.0,-1.0
2019-07-12,Huittinen Sallila,,-1.0,-1.0
2019-07-12,Oripää Teinikivi,,-1.0,-1.0
2019-07-12,Pöytyä Yläne,,-1.0,-1.0
2019-07-12,Kokemäki Tulkkila,13.8,-1.0,-1.0
2019-07-12,Jokioinen Ilmala,14.7,-1.0,-1.0
2019-07-12,Nokia Tottijärvi,,-1.0,-1.0
2019-07-12,Pirkkala Tampere-Pirkkala lentoasema,15.1,,
2019-07-12,Tampere Härmälä,14.8,-1.0,-1.0
2019-07-12,Somero Salkola,14.1,-1.0,-1.0
2019-07-12,Hyvinkää Hyvinkäänkylä,13.7,-1.0,-1.0
2019-07-12,Vihti Hiiskula,,-1.0,-1.0
2019-07-12,Hämeenlinna Pirttikoski,,-1.0,-1.0
2019-07-12,Nurmijärvi Röykkä,14.0,-1.0,-1.0
2019-07-12,Hattula Lepaa,13.9,-1.0,-1.0
2019-07-12,Hämeenlinna Lammi Pappila,12.6,-1.0,-1.0
2019-07-12,Mäntsälä Hirvihaara Kuntomajantie,,-1.0,-1.0
2019-07-12,Asikkala Pulkkilanharju,14.4,,
2019-07-12,Hämeenlinna Lammi Evo,12.3,,
2019-07-12,Kouvola Utti lentoasema,14.6,-1.0,-1.0
2019-07-12,Kouvola Anjala,14.0,-1.0,-1.0
2019-07-12,Heinola Asemantaus,14.5,-1.0,-1.0
2019-07-12,Kouvola Voikoski,,-1.0,-1.0
2019-07-12,Virolahti Koivuniemi,13.0,-1.0,-1.0
2019-07-12,Lappeenranta lentoasema,12.9,,
2019-07-12,Lappeenranta Konnunsuo,11.5,,
2019-07-12,Lappeenranta Lepola,13.3,-1.0,-1.0
2019-07-12,Ruokolahti Kotaniemi,,0.6,-1.0
2019-07-12,Lappeenranta Hiekkapakka,13.6,,
2019-07-12,Parikkala Koitsanlahti,10.9,0.6,-1.0
2019-07-12,Kaskinen Sälgrund,11.4,-1.0,
2019-07-12,Merikarvia Tuorila,,-1.0,-1.0
2019-07-12,Isojoki Kärjenkoski,,-1.0,-1.0
2019-07-12,Teuva Kauppilankylä,,-1.0,-1.0
2019-07-12,Pori Tahkoluoto satama,10.3,,
2019-07-12,Kristiinankaupunki Majakka,10.7,,
2019-07-12,Karvia Alkkia,13.0,-1.0,-1.0
2019-07-12,Ikaalinen Vehuvarpee,,-1.0,-1.0
2019-07-12,Kurikka Hirvijärvi,,-1.0,-1.0
2019-07-12,Kauhajoki Kuja-Kokko,12.0,-1.0,-1.0
2019-07-12,Kankaanpää Niinisalo lentokenttä,14.8,-1.0,-1.0
2019-07-12,Alavus Sulkavankylä,,-1.0,-1.0
2019-07-12,Virrat Äijänneva,12.2,,
2019-07-12,Tampere Siilinkari,14.9,,
2019-07-12,Jämsä Halli lentoasema,13.9,-1.0,-1.0
2019-07-12,Juupajoki Hyytiälä,13.0,-1.0,-1.0
2019-07-12,Sysmä Joutsjärvi,,0.0,-1.0
2019-07-12,Luhanka Tammijärvi,,-1.0,-1.0
2019-07-12,Jyväskylä Muuratjärvi,,-1.0,-1.0
2019-07-12,Luhanka Judinsalo,14.0,,
2019-07-12,Multia Pirttiperä,,-1.0,-1.0
2019-07-12,Joutsa Savenaho,12.3,-1.0,-1.0
2019-07-12,Kangasniemi kirkonkylä,,-1.0,-1.0
2019-07-12,Joutsa Pärnämäki,,0.0,-1.0
2019-07-12,Mikkeli Pitkähiekka,,0.0,-1.0
2019-07-12,Juva Partala,11.6,,
2019-07-12,Varkaus Kosulanniemi,12.3,-1.0,-1.0
2019-07-12,Savonlinna Laukansaari,,2.1,-1.0
2019-07-12,Sulkava Halttula,,0.5,-1.0
2019-07-12,Savonlinna lentoasema,10.7,,
2019-07-12,Rantasalmi Rukkasluoto,12.2,,
2019-07-12,Savonlinna Punkaharju Laukansaari,10.8,0.8,-1.0
2019-07-12,Enonkoski Simanala,,1.3,-1.0
2019-07-12,Savonlinna Savonranta,,2.0,-1.0
2019-07-12,Rääkkylä kirkonkylä,,2.1,-1.0
2019-07-12,Tohmajärvi Kemie,8.5,3.7,-1.0
2019-07-12,Joensuu Huhtilampi,,5.4,-1.0
2019-07-12,Vaasa lentoasema,12.6,,
2019-07-12,Mustasaari Valassaaret,14.3,,
2019-07-12,Närpiö Ylimarkku,,-1.0,-1.0
2019-07-12,Mustasaari Riimala,,-1.0,-1.0
2019-07-12,Kurikka Pyörni,,-1.0,-1.0
2019-07-12,Korsnäs Bredskäret,13.5,,
2019-07-12,Maalahti Strömmingsbådan,12.1,,
2019-07-12,Vaasa Klemettilä,14.1,-1.0,-1.0
2019-07-12,Seinäjoki Pelmaa,12.0,-1.0,-1.0
2019-07-12,Kauhava lentokenttä,12.6,-1.0,-1.0
2019-07-12,Ähtäri Inha,12.9,-1.0,-1.0
2019-07-12,Halsua Purola,11.4,-1.0,-1.0
2019-07-12,Alajärvi Möksy,11.3,-1.0,-1.0
2019-07-12,Multia Karhila,12.4,-1.0,-1.0
2019-07-12,Viitasaari Haapaniemi,13.6,-1.0,-1.0
2019-07-12,Äänekoski Kalaniemi,,-1.0,-1.0
2019-07-12,Viitasaari Kärnä,,-1.0,-1.0
2019-07-12,Vesanto kirkonkylä,12.1,-1.0,-1.0
2019-07-12,Pielavesi Venetmäki,,0.2,-1.0
2019-07-12,Siilinjärvi Kuopio lentoasema,12.2,,
2019-07-12,Kuopio Maaninka,12.3,0.1,-1.0
2019-07-12,Lapinlahti Lamminkäyrä,,0.5,-1.0
2019-07-12,Suonenjoki Iisvesi,,-1.0,-1.0
2019-07-12,Kuopio Karttula,,-1.0,-1.0
2019-07-12,Kuopio Ritoniemi,12.4,,
2019-07-12,Kuopio Savilahti,12.7,0.4,-1.0
2019-07-12,Heinävesi Palokki,,1.4,-1.0
2019-07-12,Outokumpu Viuruniemi,,2.6,-1.0
2019-07-12,Rautavaara Ala-Luosta,,1.2,-1.0
2019-07-12,Rautavaara Ylä-Luosta,9.5,0.4,-1.0
2019-07-12,Liperi Joensuu lentoasema,9.1,,
2019-07-12,Juuka Niemelä,8.8,2.8,-1.0
2019-07-12,Joensuu Pyhäselkä,,5.0,-1.0
2019-07-12,Lieksa Koli,,2.3,-1.0
2019-07-12,Liperi Tuiskavanluoto,11.0,,
2019-07-12,Joensuu Linnunlahti,9.7,1.4,-1.0
2019-07-12,Lieksa Lampela,8.7,2.4,-1.0
2019-07-12,Ilomantsi Naarva,,4.3,-1.0
2019-07-12,Ilomantsi Pötsönvaara,7.1,4.7,-1.0
2019-07-12,Ilomantsi Mekrijärvi,7.7,4.3,-1.0
2019-07-12,Pietarsaari Kallan,11.5,,
2019-07-12,Kokkola Tankar,13.6,,
2019-07-12,Kruunupyy Kokkola-Pietarsaari lentoasema,12.5,,
2019-07-12,Kaustinen Tastula,,-1.0,-1.0
2019-07-12,Kalajoki Ulkokalla,13.3,,
2019-07-12,Toholampi Oravala,,-1.0,-1.0
2019-07-12,Kalajoki Pitkäsenkylä,,-1.0,-1.0
2019-07-12,Kalajoki Mehtäkylä,,-1.0,-1.0
2019-07-12,Toholampi Laitala,11.6,-1.0,-1.0
2019-07-12,Ylivieska lentokenttä,12.3,-1.0,-1.0
2019-07-12,Ylivieska Vähäkangas,,-1.0,-1.0
2019-07-12,Haapavesi Mustikkamäki,13.0,-1.0,-1.0
2019-07-12,Pyhäjärvi Ojakylä,11.8,-1.0,-1.0
2019-07-12,Pyhäjärvi Hiidenniemi,,-1.0,-1.0
2019-07-12,Kiuruvesi Korpijoki,,0.0,-1.0
2019-07-12,Siikalatva Kestilä,,-1.0,-1.0
2019-07-12,Kajaani lentoasema,11.0,,
2019-07-12,Vieremä Kaarakkala,11.0,0.0,-1.0
2019-07-12,Kajaani Paltaniemi,,0.0,-1.0
2019-07-12,Nurmes Valtimo,9.8,1.5,-1.0
2019-07-12,Ristijärvi Mustavaara,,1.0,-1.0
2019-07-12,Sotkamo Kuolaniemi,10.5,0.2,-1.0
2019-07-12,Nurmes Mujejärvi,,3.9,-1.0
2019-07-12,Kuhmo Apaja,,2.6,-1.0
2019-07-12,Kuhmo Kalliojoki,7.9,3.0,-1.0
2019-07-12,Raahe Nahkiainen,13.0,,
2019-07-12,Hailuoto Keskikylä,13.1,-1.0,-1.0
2019-07-12,Kemi I majakka,14.5,,
2019-07-12,Hailuoto Marjaniemi,14.9,,
2019-07-12,Raahe Lapaluoto satama,14.1,,
2019-07-12,Oulu lentoasema,14.4,,
2019-07-12,Siikajoki Ruukki,12.8,-1.0,-1.0
2019-07-12,Oulu Vihreäsaari satama,14.3,,
2019-07-12,Oulu Oulunsalo Pellonpää,13.1,-1.0,-1.0
2019-07-12,Vaala Pelso,11.3,-1.0,-1.0
2019-07-12,Pudasjärvi lentokenttä,11.6,-1.0,-1.0
2019-07-12,Utajärvi Särkijärvi,,-1.0,-1.0
2019-07-12,Pudasjärvi Jaurakkajärvi,,-1.0,-1.0
2019-07-12,Suomussalmi Näljänkä,,0.0,-1.0
2019-07-12,Suomussalmi Pesiö,9.1,0.9,-1.0
2019-07-12,Puolanka Kotila,,0.3,-1.0
2019-07-12,Puolanka Paljakka,9.2,0.2,-1.0
2019-07-12,Kemi Kemi-Tornio lentoasema,13.2,,
2019-07-12,Kemi Ajos,14.8,,
2019-07-12,Tornio Kaakkuri,13.9,-1.0,-1.0
2019-07-12,Ranua lentokenttä,12.2,-1.0,-1.0
2019-07-12,Pudasjärvi Sarakylä,,-1.0,-1.0
2019-07-12,Posio Raistakka,,0.0,-1.0
2019-07-12,Taivalkoski Inkee,,0.0,-1.0
2019-07-12,Taivalkoski kirkonkylä,9.6,0.1,-1.0
2019-07-12,Kuusamo lentoasema,9.1,,
2019-07-12,Kuusamo Kiutaköngäs,9.8,0.3,-1.0
2019-07-12,Kuusamo Rukatunturi,6.8,,
2019-07-12,Kuusamo Teeriranta,,0.3,-1.0
2019-07-12,Kuusamo Juuma,8.7,,
2019-07-12,Ylitornio Meltosjärvi,13.0,-1.0,-1.0
2019-07-12,Kolari Kattilamaa,,-1.0,-1.0
2019-07-12,Pello kirkonkylä,13.8,-1.0,-1.0
2019-07-12,Kittilä Alakylä,,-1.0,-1.0
2019-07-12,Rovaniemi rautatieasema,14.1,,
2019-07-12,Sodankylä Tähtelä,11.9,-1.0,-1.0
2019-07-12,Rovaniemi Apukka,13.1,-1.0,-1.0
2019-07-12,Pelkosenniemi kirkonkylä,,0.3,-1.0
2019-07-12,Kemijärvi lentokenttä,12.3,0.1,-1.0
2019-07-12,Savukoski kirkonkylä,11.2,0.0,-1.0
2019-07-12,Salla Kelloselkä,,-1.0,-1.0
2019-07-12,Pelkosenniemi Pyhätunturi,10.1,,
2019-07-12,Salla kirkonkylä,10.0,-1.0,-1.0
2019-07-12,Salla Naruska,10.4,-1.0,-1.0
2019-07-12,Enontekiö Kaaresuvanto,,-1.0,-1.0
2019-07-12,Kittilä Pulju,,-1.0,-1.0
2019-07-12,Muonio Laukukero,9.3,,
2019-07-12,Muonio Sammaltunturi,11.2,,
2019-07-12,Kittilä Matorova,12.1,,
2019-07-12,Kittilä lentoasema,12.7,,
2019-07-12,Kittilä Kenttärova,12.1,-1.0,-1.0
2019-07-12,Kittilä Pakatti,12.5,-1.0,
2019-07-12,Kittilä Pokka,11.0,-1.0,-1.0
2019-07-12,Sodankylä Lokka,11.0,-1.0,-1.0
2019-07-12,Sodankylä Vuotso,10.5,-1.0,-1.0
2019-07-12,Inari Saariselkä matkailukeskus,9.7,0.1,-1.0
2019-07-12,Inari Saariselkä Kaunispää,8.1,,
2019-07-12,Inari Raja-Jooseppi Kontiojärvi,,-1.0,-1.0
2019-07-12,Inari Raja-Jooseppi,9.8,,
2019-07-12,Salla Värriötunturi,8.4,0.9,-1.0
2019-07-12,Enontekiö Kilpisjärvi kyläkeskus,12.1,-1.0,-1.0
2019-07-12,Enontekiö Kilpisjärvi Saana,9.6,,
2019-07-12,Enontekiö Näkkälä,12.5,-1.0,-1.0
2019-07-12,Inari Angeli Lintupuoliselkä,11.5,-1.0,-1.0
2019-07-12,Inari Ivalo lentoasema,10.4,,
2019-07-12,Utsjoki Kevo,11.3,-1.0,-1.0
2019-07-12,Utsjoki Nuorgam,10.2,-1.0,-1.0
2019-07-12,Inari Väylä,10.0,,
2019-07-12,Inari kirkonkylä,,-1.0,-1.0
2019-07-12,Inari Kaamanen,10.8,-1.0,-1.0
2019-07-12,Inari Nellim,10.4,0.2,-1.0
2019-07-12,Inari Kirakkajärvi,9.1,0.2,-1.0
2019-07-12,Mäntsälä Hirvihaara,12.3,-1.0,-1.0
2019-07-12,Lahti Sopenkorpi,14.9,-1.0,-1.0
2019-07-12,Siuntio Sjundby,,-1.0,-1.0
2019-07-12,Sipoo Itätoukki,14.4,,
2019-07-12,Rauma Pyynpää,13.3,-1.0,-1.0
2019-07-12,Muonio Oustajärvi,13.5,-1.0,-1.0
2019-07-12,Kajaani Petäisenniska,10.8,-1.0,-1.0
2019-07-12,Utsjoki Kevo Kevojärvi,10.9,,
2019-07-12,Inari Seitalaassa,9.3,,
2019-07-12,Rovaniemi lentoasema AWOS,13.1,-1.0,-1.0
2019-07-12,Jyväskylä lentoasema AWOS,12.9,-1.0,-1.0
2019-07-12,Puumala kirkonkylä,12.1,0.2,-1.0
2019-07-12,Helsinki Vuosaari satama,15.0,,
2019-07-12,Maarianhamina Länsisatama,14.3,,
2019-07-12,Lumparland Långnäs satama,14.3,-1.0,-1.0
2019-07-12,Tampere Tampella,16.3,,
2019-07-12,Kittilä Lompolonvuoma,11.7,-1.0,
2019-07-12,Kuusamo Ruka Talvijärvi,8.8,,
2019-07-12,Espoo Nuuksio,13.6,-1.0,-1.0
2019-07-12,Mikkeli Lentoasema AWOS,12.4,-1.0,-1.0
2019-07-12,Espoo Tapiola,13.8,-1.0,-1.0
2019-07-13,Porvoo Kilpilahti satama,16.0,,
2019-07-13,Jomala Maarianhamina lentoasema,14.2,,
2019-07-13,Parainen Utö,15.7,-1.0,-1.0
2019-07-13,Lemland Nyhamn,15.1,,
2019-07-13,Jomala Jomalaby,14.3,-1.0,-1.0
2019-07-13,Hammarland Märket,13.9,,
2019-07-13,Kökar Bogskär,14.6,,
2019-07-13,Parainen Fagerholm,15.7,-1.0,
2019-07-13,Kumlinge kirkonkylä,14.7,,
2019-07-13,Hanko Russarö,16.9,-1.0,
2019-07-13,Kaarina Yltöinen,15.5,-1.0,-1.0
2019-07-13,Kemiönsaari Vänö,16.0,,
2019-07-13,Hanko Tulliniemi,16.6,,
2019-07-13,Turku Rajakari,15.8,,
2019-07-13,Turku Artukainen,16.0,-1.0,-1.0
2019-07-13,Kemiönsaari Kemiö,16.4,-1.0,-1.0
2019-07-13,Hanko Tvärminne,16.7,-1.0,-1.0
2019-07-13,Salo Kärkkä,16.4,-1.0,
2019-07-13,Lohja Leppäkorpi,,0.0,-1.0
2019-07-13,Raasepori Jussarö,15.9,,
2019-07-13,Salo Kiikala lentokenttä,15.3,-1.0,-1.0
2019-07-13,Vantaa Helsinki-Vantaan lentoasema,16.5,-1.0,-1.0
2019-07-13,Inkoo Bågaskär,16.1,,
2019-07-13,Helsinki Kaisaniemi,16.5,-1.0,-1.0
2019-07-13,Lohja Porla,15.9,-1.0,-1.0
2019-07-13,Vihti Maasoja,14.7,,
2019-07-13,Helsinki Harmaja,15.6,,
2019-07-13,Kirkkonummi Mäkiluoto,16.1,,
2019-07-13,Helsinki Helsingin majakka,15.2,,
2019-07-13,Helsinki Kumpula,16.4,-1.0,-1.0
2019-07-13,Helsinki Malmi lentokenttä,15.6,,
2019-07-13,Porvoo Emäsalo,15.9,,
2019-07-13,Porvoo Harabacka,15.8,-1.0,-1.0
2019-07-13,Kotka Rankki,15.0,-1.0,-1.0
2019-07-13,Loviisa Orrengrund,15.6,,
2019-07-13,Kotka Haapasaari,15.3,,
2019-07-13,Pori lentoasema,14.0,,
2019-07-13,Uusikaupunki Itätulli,,-1.0,-1.0
2019-07-13,Laitila Haukka,,-1.0,-1.0
2019-07-13,Kustavi Isokari,14.2,-1.0,
2019-07-13,Rauma Kylmäpihlaja,12.5,,
2019-07-13,Pori rautatieasema,14.7,-1.0,-1.0
2019-07-13,Turku lentoasema,14.9,,
2019-07-13,Kokemäki Rausenkulma,,-1.0,-1.0
2019-07-13,Huittinen Sallila,,-1.0,-1.0
2019-07-13,Oripää Teinikivi,,-1.0,-1.0
2019-07-13,Pöytyä Yläne,,-1.0,-1.0
2019-07-13,Kokemäki Tulkkila,14.6,-1.0,-1.0
2019-07-13,Jokioinen Ilmala,14.8,-1.0,-1.0
2019-07-13,Nokia Tottijärvi,,-1.0,-1.0
2019-07-13,Pirkkala Tampere-Pirkkala lentoasema,14.3,,
2019-07-13,Tampere Härmälä,14.1,-1.0,-1.0
2019-07-13,Somero Salkola,14.3,-1.0,-1.0
2019-07-13,Hyvinkää Hyvinkäänkylä,15.4,-1.0,-1.0
2019-07-13,Vihti Hiiskula,,-1.0,-1.0
2019-07-13,Hämeenlinna Pirttikoski,,-1.0,-1.0
2019-07-13,Nurmijärvi Röykkä,15.5,-1.0,-1.0
2019-07-13,Hattula Lepaa,14.6,-1.0,-1.0
2019-07-13,Hämeenlinna Lammi Pappila,13.1,-1.0,-1.0
2019-07-13,Mäntsälä Hirvihaara Kuntomajantie,,-1.0,-1.0
2019-07-13,Asikkala Pulkkilanharju,13.3,,
2019-07-13,Hämeenlinna Lammi Evo,12.1,,
2019-07-13,Kouvola Utti lentoasema,13.8,-1.0,-1.0
2019-07-13,Kouvola Anjala,14.2,-1.0,-1.0
2019-07-13,Heinola Asemantaus,12.8,-1.0,-1.0
2019-07-13,Kouvola Voikoski,,-1.0,-1.0
2019-07-13,Virolahti Koivuniemi,12.8,2.2,-1.0
2019-07-13,Lappeenranta lentoasema,12.2,,
2019-07-13,Lappeenranta Konnunsuo,9.6,,
2019-07-13,Lappeenranta Lepola,12.4,-1.0,-1.0
2019-07-13,Ruokolahti Kotaniemi,,-1.0,-1.0
2019-07-13,Lappeenranta Hiekkapakka,12.5,,
2019-07-13,Parikkala Koitsanlahti,11.1,-1.0,-1.0
2019-07-13,Kaskinen Sälgrund,12.5,0.6,
2019-07-13,Merikarvia Tuorila,,-1.0,-1.0
2019-07-13,Isojoki Kärjenkoski,,-1.0,-1.0
2019-07-13,Teuva Kauppilankylä,,-1.0,-1.0
2019-07-13,Pori Tahkoluoto satama,12.0,,
2019-07-13,Kristiinankaupunki Majakka,12.9,,
2019-07-13,Karvia Alkkia,12.2,-1.0,-1.0
2019-07-13,Ikaalinen Vehuvarpee,,-1.0,-1.0
2019-07-13,Kurikka Hirvijärvi,,-1.0,-1.0
2019-07-13,Kauhajoki Kuja-Kokko,12.7,-1.0,-1.0
2019-07-13,Kankaanpää Niinisalo lentokenttä,14.6,-1.0,-1.0
2019-07-13,Alavus Sulkavankylä,,-1.0,-1.0
2019-07-13,Virrat Äijänneva,11.5,,
2019-07-13,Tampere Siilinkari,14.5,,
2019-07-13,Jämsä Halli lentoasema,11.8,-1.0,-1.0
2019-07-13,Juupajoki Hyytiälä,11.8,-1.0,-1.0
2019-07-13,Sysmä Joutsjärvi,,-1.0,-1.0
2019-07-13,Luhanka Tammijärvi,,-1.0,-1.0
2019-07-13,Jyväskylä Muuratjärvi,,-1.0,-1.0
2019-07-13,Luhanka Judinsalo,12.5,,
2019-07-13,Multia Pirttiperä,,-1.0,-1.0
2019-07-13,Joutsa Savenaho,10.6,1.2,-1.0
2019-07-13,Kangasniemi kirkonkylä,,-1.0,-1.0
2019-07-13,Joutsa Pärnämäki,,0.8,-1.0
2019-07-13,Mikkeli Pitkähiekka,,-1.0,-1.0
2019-07-13,Juva Partala,10.3,,
2019-07-13,Varkaus Kosulanniemi,11.7,0.1,-1.0
2019-07-13,Savonlinna Laukansaari,,-1.0,-1.0
2019-07-13,Sulkava Halttula,,-1.0,-1.0
2019-07-13,Savonlinna lentoasema,10.8,,
2019-07-13,Rantasalmi Rukkasluoto,11.7,,
2019-07-13,Savonlinna Punkaharju Laukansaari,11.2,0.8,-1.0
2019-07-13,Enonkoski Simanala,,-1.0,-1.0
2019-07-13,Savonlinna Savonranta,,-1.0,-1.0
2019-07-13,Rääkkylä kirkonkylä,,0.0,-1.0
2019-07-13,Tohmajärvi Kemie,9.9,1.7,-1.0
2019-07-13,Joensuu Huhtilampi,,0.8,-1.0
2019-07-13,Vaasa lentoasema,12.8,,
2019-07-13,Mustasaari Valassaaret,14.1,,
2019-07-13,Närpiö Ylimarkku,,-1.0,-1.0
2019-07-13,Mustasaari Riimala,,-1.0,-1.0
2019-07-13,Kurikka Pyörni,,-1.0,-1.0
2019-07-13,Korsnäs Bredskäret,14.4,,
2019-07-13,Maalahti Strömmingsbådan,12.6,,
2019-07-13,Vaasa Klemettilä,14.4,-1.0,-1.0
2019-07-13,Seinäjoki Pelmaa,13.0,-1.0,-1.0
2019-07-13,Kauhava lentokenttä,12.6,-1.0,-1.0
2019-07-13,Ähtäri Inha,11.4,-1.0,-1.0
2019-07-13,Halsua Purola,9.6,-1.0,-1.0
2019-07-13,Alajärvi Möksy,9.3,-1.0,-1.0
2019-07-13,Multia Karhila,9.8,-1.0,-1.0
2019-07-13,Viitasaari Haapaniemi,11.4,-1.0,-1.0
2019-07-13,Äänekoski Kalaniemi,,-1.0,-1.0
2019-07-13,Viitasaari Kärnä,,-1.0,-1.0
2019-07-13,Vesanto kirkonkylä,10.7,-1.0,-1.0
2019-07-13,Pielavesi Venetmäki,,-1.0,-1.0
2019-07-13,Siilinjärvi Kuopio lentoasema,11.2,,
2019-07-13,Kuopio Maaninka,11.1,-1.0,-1.0
2019-07-13,Lapinlahti Lamminkäyrä,,-1.0,-1.0
2019-07-13,Suonenjoki Iisvesi,,-1.0,-1.0
2019-07-13,Kuopio Karttula,,-1.0,-1.0
2019-07-13,Kuopio Ritoniemi,11.1,,
2019-07-13,Kuopio Savilahti,11.1,-1.0,-1.0
2019-07-13,Heinävesi Palokki,,0.6,-1.0
2019-07-13,Outokumpu Viuruniemi,,0.6,-1.0
2019-07-13,Rautavaara Ala-Luosta,,0.5,-1.0
2019-07-13,Rautavaara Ylä-Luosta,9.5,0.5,-1.0
2019-07-13,Liperi Joensuu lentoasema,10.6,,
2019-07-13,Juuka Niemelä,10.0,0.9,-1.0
2019-07-13,Joensuu Pyhäselkä,,0.5,-1.0
2019-07-13,Lieksa Koli,,1.2,-1.0
2019-07-13,Liperi Tuiskavanluoto,11.7,,
2019-07-13,Joensuu Linnunlahti,11.1,-1.0,-1.0
2019-07-13,Lieksa Lampela,9.8,3.7,-1.0
2019-07-13,Ilomantsi Naarva,,4.3,-1.0
2019-07-13,Ilomantsi Pötsönvaara,8.7,6.0,-1.0
2019-07-13,Ilomantsi Mekrijärvi,9.1,4.0,-1.0
2019-07-13,Pietarsaari Kallan,11.9,,
2019-07-13,Kokkola Tankar,13.1,,
2019-07-13,Kruunupyy Kokkola-Pietarsaari lentoasema,11.9,,
2019-07-13,Kaustinen Tastula,,-1.0,-1.0
2019-07-13,Kalajoki Ulkokalla,12.5,,
2019-07-13,Toholampi Oravala,,-1.0,-1.0
2019-07-13,Kalajoki Pitkäsenkylä,,-1.0,-1.0
2019-07-13,Kalajoki Mehtäkylä,,-1.0,-1.0
2019-07-13,Toholampi Laitala,11.2,-1.0,-1.0
2019-07-13,Ylivieska lentokenttä,10.9,-1.0,-1.0
2019-07-13,Ylivieska Vähäkangas,,-1.0,-1.0
2019-07-13,Haapavesi Mustikkamäki,11.0,-1.0,-1.0
2019-07-13,Pyhäjärvi Ojakylä,9.9,0.1,-1.0
2019-07-13,Pyhäjärvi Hiidenniemi,,0.0,-1.0
2019-07-13,Kiuruvesi Korpijoki,,-1.0,-1.0
2019-07-13,Siikalatva Kestilä,,-1.0,-1.0
2019-07-13,Kajaani lentoasema,10.9,,
2019-07-13,Vieremä Kaarakkala,10.1,-1.0,-1.0
2019-07-13,Kajaani Paltaniemi,,0.0,-1.0
2019-07-13,Nurmes Valtimo,10.1,0.9,-1.0
2019-07-13,Ristijärvi Mustavaara,,0.3,-1.0
2019-07-13,Sotkamo Kuolaniemi,10.6,0.5,-1.0
2019-07-13,Nurmes Mujejärvi,,4.4,-1.0
2019-07-13,Kuhmo Apaja,,1.2,-1.0
2019-07-13,Kuhmo Kalliojoki,9.7,5.0,-1.0
2019-07-13,Raahe Nahkiainen,12.0,,
2019-07-13,Hailuoto Keskikylä,12.2,-1.0,-1.0
2019-07-13,Kemi I majakka,12.2,,
2019-07-13,Hailuoto Marjaniemi,12.4,,
2019-07-13,Raahe Lapaluoto satama,12.4,,
2019-07-13,Oulu lentoasema,12.6,,
2019-07-13,Siikajoki Ruukki,11.9,-1.0,-1.0
2019-07-13,Oulu Vihreäsaari satama,12.5,,
2019-07-13,Oulu Oulunsalo Pellonpää,12.5,-1.0,-1.0
2019-07-13,Vaala Pelso,9.6,-1.0,-1.0
2019-07-13,Pudasjärvi lentokenttä,10.4,-1.0,-1.0
2019-07-13,Utajärvi Särkijärvi,,-1.0,-1.0
2019-07-13,Pudasjärvi Jaurakkajärvi,,-1.0,-1.0
2019-07-13,Suomussalmi Näljänkä,,-1.0,-1.0
2019-07-13,Suomussalmi Pesiö,9.6,0.6,-1.0
2019-07-13,Puolanka Kotila,,0.2,-1.0
2019-07-13,Puolanka Paljakka,9.3,-1.0,-1.0
2019-07-13,Kemi Kemi-Tornio lentoasema,10.1,,
2019-07-13,Kemi Ajos,12.1,,
2019-07-13,Tornio Kaakkuri,11.0,-1.0,-1.0
2019-07-13,Ranua lentokenttä,10.3,-1.0,-1.0
2019-07-13,Pudasjärvi Sarakylä,,-1.0,-1.0
2019-07-13,Posio Raistakka,,0.0,-1.0
2019-07-13,Taivalkoski Inkee,,-1.0,-1.0
2019-07-13,Taivalkoski kirkonkylä,10.1,-1.0,-1.0
2019-07-13,Kuusamo lentoasema,9.5,,
2019-07-13,Kuusamo Kiutaköngäs,9.5,-1.0,-1.0
2019-07-13,Kuusamo Rukatunturi,6.9,,
2019-07-13,Kuusamo Teeriranta,,0.7,-1.0
2019-07-13,Kuusamo Juuma,8.7,,
2019-07-13,Ylitornio Meltosjärvi,11.0,-1.0,-1.0
2019-07-13,Kolari Kattilamaa,,-1.0,-1.0
2019-07-13,Pello kirkonkylä,12.8,-1.0,-1.0
2019-07-13,Kittilä Alakylä,,-1.0,-1.0
2019-07-13,Rovaniemi rautatieasema,11.0,,
2019-07-13,Sodankylä Tähtelä,9.1,-1.0,-1.0
2019-07-13,Rovaniemi Apukka,9.8,0.1,-1.0
2019-07-13,Pelkosenniemi kirkonkylä,,1.0,-1.0
2019-07-13,Kemijärvi lentokenttä,8.4,0.1,-1.0
2019-07-13,Savukoski kirkonkylä,8.0,0.0,-1.0
2019-07-13,Salla Kelloselkä,,-1.0,-1.0
2019-07-13,Pelkosenniemi Pyhätunturi,6.0,,
2019-07-13,Salla kirkonkylä,9.0,-1.0,-1.0
2019-07-13,Salla Naruska,8.8,-1.0,-1.0
2019-07-13,Enontekiö Kaaresuvanto,,-1.0,-1.0
2019-07-13,Kittilä Pulju,,1.3,-1.0
2019-07-13,Muonio Laukukero,8.3,,
2019-07-13,Muonio Sammaltunturi,10.4,,
2019-07-13,Kittilä Matorova,11.3,,
2019-07-13,Kittilä lentoasema,11.0,,
2019-07-13,Kittilä Kenttärova,11.1,0.2,-1.0
2019-07-13,Kittilä Pakatti,11.0,0.5,-1.0
2019-07-13,Kittilä Pokka,8.6,0.3,-1.0
2019-07-13,Sodankylä Lokka,7.9,-1.0,-1.0
2019-07-13,Sodankylä Vuotso,7.7,-1.0,-1.0
2019-07-13,Inari Saariselkä matkailukeskus,7.4,-1.0,-1.0
2019-07-13,Inari Saariselkä Kaunispää,5.9,,
2019-07-13,Inari Raja-Jooseppi Kontiojärvi,,0.1,-1.0
2019-07-13,Inari Raja-Jooseppi,6.8,,
2019-07-13,Salla Värriötunturi,5.9,3.1,-1.0
2019-07-13,Enontekiö Kilpisjärvi kyläkeskus,10.8,-1.0,-1.0
2019-07-13,Enontekiö Kilpisjärvi Saana,8.9,,
2019-07-13,Enontekiö Näkkälä,11.9,-1.0,-1.0
2019-07-13,Inari Angeli Lintupuoliselkä,10.3,-1.0,-1.0
2019-07-13,Inari Ivalo lentoasema,8.8,,
2019-07-13,Utsjoki Kevo,10.5,-1.0,-1.0
2019-07-13,Utsjoki Nuorgam,9.4,-1.0,-1.0
2019-07-13,Inari Väylä,8.9,,
2019-07-13,Inari kirkonkylä,,-1.0,-1.0
2019-07-13,Inari Kaamanen,9.4,-1.0,-1.0
2019-07-13,Inari Nellim,8.7,-1.0,-1.0
2019-07-13,Inari Kirakkajärvi,8.0,0.1,-1.0
2019-07-13,Mäntsälä Hirvihaara,14.2,-1.0,-1.0
2019-07-13,Lahti Sopenkorpi,14.5,-1.0,-1.0
2019-07-13,Siuntio Sjundby,,-1.0,-1.0
2019-07-13,Sipoo Itätoukki,15.8,,
2019-07-13,Rauma Pyynpää,13.8,-1.0,-1.0
2019-07-13,Muonio Oustajärvi,12.7,-1.0,-1.0
2019-07-13,Kajaani Petäisenniska,10.7,0.1,-1.0
2019-07-13,Utsjoki Kevo Kevojärvi,10.2,,
2019-07-13,Inari Seitalaassa,8.2,,
2019-07-13,Rovaniemi lentoasema AWOS,9.6,-1.0,-1.0
2019-07-13,Jyväskylä lentoasema AWOS,10.9,-1.0,-1.0
2019-07-13,Puumala kirkonkylä,11.1,-1.0,-1.0
2019-07-13,Helsinki Vuosaari satama,16.1,,
2019-07-13,Maarianhamina Länsisatama,15.4,,
2019-07-13,Lumparland Långnäs satama,15.6,-1.0,-1.0
2019-07-13,Tampere Tampella,15.7,,
2019-07-13,Kittilä Lompolonvuoma,10.8,0.3,
2019-07-13,Kuusamo Ruka Talvijärvi,8.7,,
2019-07-13,Espoo Nuuksio,15.5,-1.0,-1.0
2019-07-13,Mikkeli Lentoasema AWOS,10.9,-1.0,-1.0
2019-07-13,Espoo Tapiola,15.7,-1.0,-1.0
2019-07-14,Porvoo Kilpilahti satama,13.8,,
2019-07-14,Jomala Maarianhamina lentoasema,15.2,,
2019-07-14,Parainen Utö,16.4,-1.0,-1.0
2019-07-14,Lemland Nyhamn,15.5,,
2019-07-14,Jomala Jomalaby,15.5,-1.0,-1.0
2019-07-14,Hammarland Märket,13.9,,
2019-07-14,Kökar Bogskär,14.9,,
2019-07-14,Parainen Fagerholm,16.2,-1.0,
2019-07-14,Kumlinge kirkonkylä,14.9,,
2019-07-14,Hanko Russarö,16.2,-1.0,
2019-07-14,Kaarina Yltöinen,15.4,-1.0,-1.0
2019-07-14,Kemiönsaari Vänö,16.4,,
2019-07-14,Hanko Tulliniemi,16.3,,
2019-07-14,Turku Rajakari,16.2,,
2019-07-14,Turku Artukainen,16.4,-1.0,-1.0
2019-07-14,Kemiönsaari Kemiö,15.6,-1.0,-1.0
2019-07-14,Hanko Tvärminne,15.4,-1.0,-1.0
2019-07-14,Salo Kärkkä,15.6,-1.0,
2019-07-14,Lohja Leppäkorpi,,0.0,-1.0
2019-07-14,Raasepori Jussarö,15.3,,
2019-07-14,Salo Kiikala lentokenttä,14.3,-1.0,-1.0
2019-07-14,Vantaa Helsinki-Vantaan lentoasema,15.0,-1.0,-1.0
2019-07-14,Inkoo Bågaskär,15.2,,
2019-07-14,Helsinki Kaisaniemi,15.4,-1.0,-1.0
2019-07-14,Lohja Porla,14.6,-1.0,-1.0
2019-07-14,Vihti Maasoja,13.1,,
2019-07-14,Helsinki Harmaja,14.9,,
2019-07-14,Kirkkonummi Mäkiluoto,15.3,,
2019-07-14,Helsinki Helsingin majakka,14.3,,
2019-07-14,Helsinki Kumpula,15.2,-1.0,-1.0
2019-07-14,Helsinki Malmi lentokenttä,14.3,,
2019-07-14,Porvoo Emäsalo,14.5,,
2019-07-14,Porvoo Harabacka,13.6,-1.0,-1.0
2019-07-14,Kotka Rankki,14.1,-1.0,-1.0
2019-07-14,Loviisa Orrengrund,14.7,,
2019-07-14,Kotka Haapasaari,14.9,,
2019-07-14,Pori lentoasema,14.3,,
2019-07-14,Uusikaupunki Itätulli,,0.0,-1.0
2019-07-14,Laitila Haukka,,-1.0,-1.0
2019-07-14,Kustavi Isokari,13.7,0.4,
2019-07-14,Rauma Kylmäpihlaja,11.6,,
2019-07-14,Pori rautatieasema,14.5,-1.0,-1.0
2019-07-14,Turku lentoasema,15.1,,
2019-07-14,Kokemäki Rausenkulma,,-1.0,-1.0
2019-07-14,Huittinen Sallila,,-1.0,-1.0
2019-07-14,Oripää Teinikivi,,-1.0,-1.0
2019-07-14,Pöytyä Yläne,,-1.0,-1.0
2019-07-14,Kokemäki Tulkkila,14.5,-1.0,-1.0
2019-07-14,Jokioinen Ilmala,14.0,-1.0,-1.0
2019-07-14,Nokia Tottijärvi,,-1.0,-1.0
2019-07-14,Pirkkala Tampere-Pirkkala lentoasema,13.4,,
2019-07-14,Tampere Härmälä,13.5,-1.0,-1.0
2019-07-14,Somero Salkola,13.8,-1.0,-1.0
2019-07-14,Hyvinkää Hyvinkäänkylä,13.2,-1.0,-1.0
2019-07-14,Vihti Hiiskula,,-1.0,-1.0
2019-07-14,Hämeenlinna Pirttikoski,,-1.0,-1.0
2019-07-14,Nurmijärvi Röykkä,13.7,-1.0,-1.0
2019-07-14,Hattula Lepaa,13.3,-1.0,-1.0
2019-07-14,Hämeenlinna Lammi Pappila,12.2,-1.0,-1.0
2019-07-14,Mäntsälä Hirvihaara Kuntomajantie,,-1.0,-1.0
2019-07-14,Asikkala Pulkkilanharju,13.2,,
2019-07-14,Hämeenlinna Lammi Evo,11.1,,
2019-07-14,Kouvola Utti lentoasema,14.0,-1.0,-1.0
2019-07-14,Kouvola Anjala,12.4,0.1,-1.0
2019-07-14,Heinola Asemantaus,12.6,-1.0,-1.0
2019-07-14,Kouvola Voikoski,,-1.0,-1.0
2019-07-14,Virolahti Koivuniemi,11.6,1.8,-1.0
2019-07-14,Lappeenranta lentoasema,13.1,,
2019-07-14,Lappeenranta Konnunsuo,11.5,,
2019-07-14,Lappeenranta Lepola,13.7,-1.0,-1.0
2019-07-14,Ruokolahti Kotaniemi,,-1.0,-1.0
2019-07-14,Lappeenranta Hiekkapakka,14.2,,
2019-07-14,Parikkala Koitsanlahti,11.4,0.3,-1.0
2019-07-14,Kaskinen Sälgrund,10.9,0.8,
2019-07-14,Merikarvia Tuorila,,2.0,-1.0
2019-07-14,Isojoki Kärjenkoski,,0.5,-1.0
2019-07-14,Teuva Kauppilankylä,,-1.0,-1.0
2019-07-14,Pori Tahkoluoto satama,11.0,,
2019-07-14,Kristiinankaupunki Majakka,10.9,,
2019-07-14,Karvia Alkkia,12.9,-1.0,-1.0
2019-07-14,Ikaalinen Vehuvarpee,,-1.0,-1.0
2019-07-14,Kurikka Hirvijärvi,,-1.0,-1.0
2019-07-14,Kauhajoki Kuja-Kokko,12.9,-1.0,-1.0
2019-07-14,Kankaanpää Niinisalo lentokenttä,14.8,-1.0,-1.0
2019-07-14,Alavus Sulkavankylä,,-1.0,-1.0
2019-07-14,Virrat Äijänneva,12.5,,
2019-07-14,Tampere Siilinkari,14.4,,
2019-07-14,Jämsä Halli lentoasema,12.5,-1.0,-1.0
2019-07-14,Juupajoki Hyytiälä,12.0,-1.0,-1.0
2019-07-14,Sysmä Joutsjärvi,,-1.0,-1.0
2019-07-14,Luhanka Tammijärvi,,-1.0,-1.0
2019-07-14,Jyväskylä Muuratjärvi,,-1.0,-1.0
2019-07-14,Luhanka Judinsalo,13.0,,
2019-07-14,Multia Pirttiperä,,-1.0,-1.0
2019-07-14,Joutsa Savenaho,10.6,-1.0,-1.0
2019-07-14,Kangasniemi kirkonkylä,,-1.0,-1.0
2019-07-14,Joutsa Pärnämäki,,-1.0,-1.0
2019-07-14,Mikkeli Pitkähiekka,,0.7,-1.0
2019-07-14,Juva Partala,11.3,,
2019-07-14,Varkaus Kosulanniemi,13.3,-1.0,-1.0
2019-07-14,Savonlinna Laukansaari,,0.0,-1.0
2019-07-14,Sulkava Halttula,,0.9,-1.0
2019-07-14,Savonlinna lentoasema,11.5,,
2019-07-14,Rantasalmi Rukkasluoto,12.9,,
2019-07-14,Savonlinna Punkaharju Laukansaari,11.2,2.4,-1.0
2019-07-14,Enonkoski Simanala,,1.3,-1.0
2019-07-14,Savonlinna Savonranta,,0.8,-1.0
2019-07-14,Rääkkylä kirkonkylä,,1.1,-1.0
2019-07-14,Tohmajärvi Kemie,10.5,5.8,-1.0
2019-07-14,Joensuu Huhtilampi,,1.3,-1.0
2019-07-14,Vaasa lentoasema,12.6,,
2019-07-14,Mustasaari Valassaaret,14.2,,
2019-07-14,Närpiö Ylimarkku,,0.1,-1.0
2019-07-14,Mustasaari Riimala,,-1.0,-1.0
2019-07-14,Kurikka Pyörni,,-1.0,-1.0
2019-07-14,Korsnäs Bredskäret,13.7,,
2019-07-14,Maalahti Strömmingsbådan,12.6,,
2019-07-14,Vaasa Klemettilä,13.4,0.2,-1.0
2019-07-14,Seinäjoki Pelmaa,13.1,-1.0,-1.0
2019-07-14,Kauhava lentokenttä,13.2,-1.0,-1.0
2019-07-14,Ähtäri Inha,12.7,-1.0,-1.0
2019-07-14,Halsua Purola,11.9,-1.0,-1.0
2019-07-14,Alajärvi Möksy,11.9,-1.0,-1.0
2019-07-14,Multia Karhila,11.1,-1.0,-1.0
2019-07-14,Viitasaari Haapaniemi,12.8,-1.0,-1.0
2019-07-14,Äänekoski Kalaniemi,,-1.0,-1.0
2019-07-14,Viitasaari Kärnä,,-1.0,-1.0
2019-07-14,Vesanto kirkonkylä,11.6,0.2,-1.0
2019-07-14,Pielavesi Venetmäki,,0.0,-1.0
2019-07-14,Siilinjärvi Kuopio lentoasema,12.2,,
2019-07-14,Kuopio Maaninka,11.8,0.2,-1.0
2019-07-14,Lapinlahti Lamminkäyrä,,-1.0,-1.0
2019-07-14,Suonenjoki Iisvesi,,-1.0,-1.0
2019-07-14,Kuopio Karttula,,1.0,-1.0
2019-07-14,Kuopio Ritoniemi,13.2,,
2019-07-14,Kuopio Savilahti,12.5,1.3,-1.0
2019-07-14,Heinävesi Palokki,,1.1,-1.0
2019-07-14,Outokumpu Viuruniemi,,0.5,-1.0
2019-07-14,Rautavaara Ala-Luosta,,0.8,-1.0
2019-07-14,Rautavaara Ylä-Luosta,11.3,0.4,-1.0
2019-07-14,Liperi Joensuu lentoasema,11.8,,
2019-07-14,Juuka Niemelä,11.0,0.1,-1.0
2019-07-14,Joensuu Pyhäselkä,,1.3,-1.0
2019-07-14,Lieksa Koli,,3.7,-1.0
2019-07-14,Liperi Tuiskavanluoto,12.5,,
2019-07-14,Joensuu Linnunlahti,11.8,1.0,-1.0
2019-07-14,Lieksa Lampela,10.2,7.0,-1.0
2019-07-14,Ilomantsi Naarva,,6.5,-1.0
2019-07-14,Ilomantsi Pötsönvaara,9.6,2.6,-1.0
2019-07-14,Ilomantsi Mekrijärvi,9.8,2.4,-1.0
2019-07-14,Pietarsaari Kallan,11.5,,
2019-07-14,Kokkola Tankar,12.9,,
2019-07-14,Kruunupyy Kokkola-Pietarsaari lentoasema,12.2,,
2019-07-14,Kaustinen Tastula,,-1.0,-1.0
2019-07-14,Kalajoki Ulkokalla,13.1,,
2019-07-14,Toholampi Oravala,,0.0,-1.0
2019-07-14,Kalajoki Pitkäsenkylä,,-1.0,-1.0
2019-07-14,Kalajoki Mehtäkylä,,0.3,-1.0
2019-07-14,Toholampi Laitala,12.1,-1.0,-1.0
2019-07-14,Ylivieska lentokenttä,12.7,-1.0,-1.0
2019-07-14,Ylivieska Vähäkangas,,-1.0,-1.0
2019-07-14,Haapavesi Mustikkamäki,12.8,-1.0,-1.0
2019-07-14,Pyhäjärvi Ojakylä,10.9,-1.0,-1.0
2019-07-14,Pyhäjärvi Hiidenniemi,,-1.0,-1.0
2019-07-14,Kiuruvesi Korpijoki,,0.1,-1.0
2019-07-14,Siikalatva Kestilä,,0.3,-1.0
2019-07-14,Kajaani lentoasema,11.4,,
2019-07-14,Vieremä Kaarakkala,11.3,0.4,-1.0
2019-07-14,Kajaani Paltaniemi,,0.0,-1.0
2019-07-14,Nurmes Valtimo,11.4,1.0,-1.0
2019-07-14,Ristijärvi Mustavaara,,-1.0,-1.0
2019-07-14,Sotkamo Kuolaniemi,11.1,1.4,-1.0
2019-07-14,Nurmes Mujejärvi,,2.8,-1.0
2019-07-14,Kuhmo Apaja,,3.1,-1.0
2019-07-14,Kuhmo Kalliojoki,10.3,3.7,-1.0
2019-07-14,Raahe Nahkiainen,12.5,,
2019-07-14,Hailuoto Keskikylä,13.3,-1.0,-1.0
2019-07-14,Kemi I majakka,12.5,,
2019-07-14,Hailuoto Marjaniemi,13.3,,
2019-07-14,Raahe Lapaluoto satama,13.3,,
2019-07-14,Oulu lentoasema,13.6,,
2019-07-14,Siikajoki Ruukki,12.9,-1.0,-1.0
2019-07-14,Oulu Vihreäsaari satama,13.1,,
2019-07-14,Oulu Oulunsalo Pellonpää,13.2,-1.0,-1.0
2019-07-14,Vaala Pelso,11.4,2.1,-1.0
2019-07-14,Pudasjärvi lentokenttä,11.4,1.1,-1.0
2019-07-14,Utajärvi Särkijärvi,,0.4,-1.0
2019-07-14,Pudasjärvi Jaurakkajärvi,,0.7,-1.0
2019-07-14,Suomussalmi Näljänkä,,0.1,-1.0
2019-07-14,Suomussalmi Pesiö,10.5,0.0,-1.0
2019-07-14,Puolanka Kotila,,-1.0,-1.0
2019-07-14,Puolanka Paljakka,10.2,-1.0,-1.0
2019-07-14,Kemi Kemi-Tornio lentoasema,12.1,,
2019-07-14,Kemi Ajos,13.2,,
2019-07-14,Tornio Kaakkuri,12.6,0.3,-1.0
2019-07-14,Ranua lentokenttä,11.3,-1.0,-1.0
2019-07-14,Pudasjärvi Sarakylä,,0.1,-1.0
2019-07-14,Posio Raistakka,,0.3,-1.0
2019-07-14,Taivalkoski Inkee,,0.8,-1.0
2019-07-14,Taivalkoski kirkonkylä,10.6,0.3,-1.0
2019-07-14,Kuusamo lentoasema,9.2,,
2019-07-14,Kuusamo Kiutaköngäs,9.4,1.3,-1.0
2019-07-14,Kuusamo Rukatunturi,7.2,,
2019-07-14,Kuusamo Teeriranta,,0.0,-1.0
2019-07-14,Kuusamo Juuma,8.8,,
2019-07-14,Ylitornio Meltosjärvi,10.8,2.2,-1.0
2019-07-14,Kolari Kattilamaa,,4.0,-1.0
2019-07-14,Pello kirkonkylä,12.1,0.6,-1.0
2019-07-14,Kittilä Alakylä,,0.4,-1.0
2019-07-14,Rovaniemi rautatieasema,12.7,,
2019-07-14,Sodankylä Tähtelä,10.3,-1.0,-1.0
2019-07-14,Rovaniemi Apukka,12.0,-1.0,-1.0
2019-07-14,Pelkosenniemi kirkonkylä,,-1.0,-1.0
2019-07-14,Kemijärvi lentokenttä,10.6,-1.0,-1.0
2019-07-14,Savukoski kirkonkylä,10.1,0.0,-1.0
2019-07-14,Salla Kelloselkä,,-1.0,-1.0
2019-07-14,Pelkosenniemi Pyhätunturi,8.4,,
2019-07-14,Salla kirkonkylä,9.7,-1.0,-1.0
2019-07-14,Salla Naruska,9.7,-1.0,-1.0
2019-07-14,Enontekiö Kaaresuvanto,,0.7,-1.0
2019-07-14,Kittilä Pulju,,1.1,-1.0
2019-07-14,Muonio Laukukero,6.7,,
2019-07-14,Muonio Sammaltunturi,8.3,,
2019-07-14,Kittilä Matorova,10.1,,
2019-07-14,Kittilä lentoasema,10.0,,
2019-07-14,Kittilä Kenttärova,9.9,0.6,-1.0
2019-07-14,Kittilä Pakatti,9.7,0.6,-1.0
2019-07-14,Kittilä Pokka,8.8,-1.0,-1.0
2019-07-14,Sodankylä Lokka,8.8,-1.0,-1.0
2019-07-14,Sodankylä Vuotso,8.8,-1.0,-1.0
2019-07-14,Inari Saariselkä matkailukeskus,8.3,-1.0,-1.0
2019-07-14,Inari Saariselkä Kaunispää,6.6,,
2019-07-14,Inari Raja-Jooseppi Kontiojärvi,,-1.0,-1.0
2019-07-14,Inari Raja-Jooseppi,8.0,,
2019-07-14,Salla Värriötunturi,6.7,-1.0,-1.0
2019-07-14,Enontekiö Kilpisjärvi kyläkeskus,8.0,-1.0,-1.0
2019-07-14,Enontekiö Kilpisjärvi Saana,5.5,,
2019-07-14,Enontekiö Näkkälä,10.7,0.5,-1.0
2019-07-14,Inari Angeli Lintupuoliselkä,8.9,0.3,-1.0
2019-07-14,Inari Ivalo lentoasema,9.2,,
2019-07-14,Utsjoki Kevo,9.1,0.1,-1.0
2019-07-14,Utsjoki Nuorgam,8.8,0.1,-1.0
2019-07-14,Inari Väylä,9.1,,
2019-07-14,Inari kirkonkylä,,0.0,-1.0
2019-07-14,Inari Kaamanen,9.1,0.4,-1.0
2019-07-14,Inari Nellim,8.4,0.1,-1.0
2019-07-14,Inari Kirakkajärvi,8.5,0.1,-1.0
2019-07-14,Mäntsälä Hirvihaara,12.4,-1.0,-1.0
2019-07-14,Lahti Sopenkorpi,13.6,-1.0,-1.0
2019-07-14,Siuntio Sjundby,,-1.0,-1.0
2019-07-14,Sipoo Itätoukki,14.9,,
2019-07-14,Rauma Pyynpää,13.7,-1.0,-1.0
2019-07-14,Muonio Oustajärvi,11.3,3.9,-1.0
2019-07-14,Kajaani Petäisenniska,11.9,0.1,-1.0
2019-07-14,Utsjoki Kevo Kevojärvi,9.0,,
2019-07-14,Inari Seitalaassa,8.8,,
2019-07-14,Rovaniemi lentoasema AWOS,11.6,-1.0,-1.0
2019-07-14,Jyväskylä lentoasema AWOS,11.5,-1.0,-1.0
2019-07-14,Puumala kirkonkylä,12.1,1.7,-1.0
2019-07-14,Helsinki Vuosaari satama,14.2,,
2019-07-14,Maarianhamina Länsisatama,15.5,,
2019-07-14,Lumparland Långnäs satama,15.9,-1.0,-1.0
2019-07-14,Tampere Tampella,15.5,,
2019-07-14,Kittilä Lompolonvuoma,9.9,0.6,
2019-07-14,Kuusamo Ruka Talvijärvi,9.0,,
2019-07-14,Espoo Nuuksio,14.0,-1.0,-1.0
2019-07-14,Mikkeli Lentoasema AWOS,12.0,-1.0,-1.0
2019-07-14,Espoo Tapiola,14.4,-1.0,-1.0
2019-07-15,Porvoo Kilpilahti satama,15.5,,
2019-07-15,Jomala Maarianhamina lentoasema,13.9,,
2019-07-15,Parainen Utö,15.7,18.6,-1.0
2019-07-15,Lemland Nyhamn,14.9,,
2019-07-15,Jomala Jomalaby,13.4,11.5,-1.0
2019-07-15,Hammarland Märket,12.6,,
2019-07-15,Kökar Bogskär,14.7,,
2019-07-15,Parainen Fagerholm,15.4,13.5,
2019-07-15,Kumlinge kirkonkylä,13.7,,
2019-07-15,Hanko Russarö,16.4,4.3,
2019-07-15,Kaarina Yltöinen,15.1,7.6,-1.0
2019-07-15,Kemiönsaari Vänö,16.2,,
2019-07-15,Hanko Tulliniemi,16.3,,
2019-07-15,Turku Rajakari,15.3,,
2019-07-15,Turku Artukainen,15.7,27.0,-1.0
2019-07-15,Kemiönsaari Kemiö,15.1,11.0,-1.0
2019-07-15,Hanko Tvärminne,16.1,9.6,-1.0
2019-07-15,Salo Kärkkä,15.3,7.6,
2019-07-15,Lohja Leppäkorpi,,8.6,-1.0
2019-07-15,Raasepori Jussarö,15.7,,
2019-07-15,Salo Kiikala lentokenttä,14.7,13.7,-1.0
2019-07-15,Vantaa Helsinki-Vantaan lentoasema,16.8,0.3,-1.0
2019-07-15,Inkoo Bågaskär,16.3,,
2019-07-15,Helsinki Kaisaniemi,16.5,0.5,-1.0
2019-07-15,Lohja Porla,15.7,8.3,-1.0
2019-07-15,Vihti Maasoja,14.9,,
2019-07-15,Helsinki Harmaja,16.2,,
2019-07-15,Kirkkonummi Mäkiluoto,16.3,,
2019-07-15,Helsinki Helsingin majakka,16.0,,
2019-07-15,Helsinki Kumpula,16.6,0.7,-1.0
2019-07-15,Helsinki Malmi lentokenttä,16.1,,
2019-07-15,Porvoo Emäsalo,16.5,,
2019-07-15,Porvoo Harabacka,16.2,0.1,-1.0
2019-07-15,Kotka Rankki,16.1,0.6,-1.0
2019-07-15,Loviisa Orrengrund,16.1,,
2019-07-15,Kotka Haapasaari,16.3,,
2019-07-15,Pori lentoasema,12.7,,
2019-07-15,Uusikaupunki Itätulli,,14.9,-1.0
2019-07-15,Laitila Haukka,,8.3,-1.0
2019-07-15,Kustavi Isokari,12.9,12.2,
2019-07-15,Rauma Kylmäpihlaja,11.0,,
2019-07-15,Pori rautatieasema,12.9,14.0,-1.0
2019-07-15,Turku lentoasema,15.0,,
2019-07-15,Kokemäki Rausenkulma,,10.9,-1.0
2019-07-15,Huittinen Sallila,,7.2,-1.0
2019-07-15,Oripää Teinikivi,,10.3,-1.0
2019-07-15,Pöytyä Yläne,,16.1,-1.0
2019-07-15,Kokemäki Tulkkila,13.4,11.6,-1.0
2019-07-15,Jokioinen Ilmala,14.5,7.3,-1.0
2019-07-15,Nokia Tottijärvi,,5.2,-1.0
2019-07-15,Pirkkala Tampere-Pirkkala lentoasema,15.2,,
2019-07-15,Tampere Härmälä,15.8,8.8,-1.0
2019-07-15,Somero Salkola,14.5,6.6,-1.0
2019-07-15,Hyvinkää Hyvinkäänkylä,15.6,0.3,-1.0
2019-07-15,Vihti Hiiskula,,2.9,-1.0
2019-07-15,Hämeenlinna Pirttikoski,,9.1,-1.0
2019-07-15,Nurmijärvi Röykkä,15.4,2.0,-1.0
2019-07-15,Hattula Lepaa,15.6,1.9,-1.0
2019-07-15,Hämeenlinna Lammi Pappila,15.2,-1.0,-1.0
2019-07-15,Mäntsälä Hirvihaara Kuntomajantie,,-1.0,-1.0
2019-07-15,Asikkala Pulkkilanharju,15.9,,
2019-07-15,Hämeenlinna Lammi Evo,14.7,,
2019-07-15,Kouvola Utti lentoasema,15.1,-1.0,-1.0
2019-07-15,Kouvola Anjala,14.7,2.1,-1.0
2019-07-15,Heinola Asemantaus,15.2,0.2,-1.0
2019-07-15,Kouvola Voikoski,,-1.0,-1.0
2019-07-15,Virolahti Koivuniemi,14.0,-1.0,-1.0
2019-07-15,Lappeenranta lentoasema,14.9,,
2019-07-15,Lappeenranta Konnunsuo,13.8,,
2019-07-15,Lappeenranta Lepola,15.0,0.4,-1.0
2019-07-15,Ruokolahti Kotaniemi,,0.0,-1.0
2019-07-15,Lappeenranta Hiekkapakka,15.6,,
2019-07-15,Parikkala Koitsanlahti,11.9,2.9,-1.0
2019-07-15,Kaskinen Sälgrund,11.5,7.6,
2019-07-15,Merikarvia Tuorila,,11.3,-1.0
2019-07-15,Isojoki Kärjenkoski,,7.5,-1.0
2019-07-15,Teuva Kauppilankylä,,2.7,-1.0
2019-07-15,Pori Tahkoluoto satama,11.2,,
2019-07-15,Kristiinankaupunki Majakka,11.5,,
2019-07-15,Karvia Alkkia,13.0,3.7,-1.0
2019-07-15,Ikaalinen Vehuvarpee,,2.4,-1.0
2019-07-15,Kurikka Hirvijärvi,,1.1,-1.0
2019-07-15,Kauhajoki Kuja-Kokko,12.1,3.5,-1.0
2019-07-15,Kankaanpää Niinisalo lentokenttä,14.0,5.6,-1.0
2019-07-15,Alavus Sulkavankylä,,0.6,-1.0
2019-07-15,Virrat Äijänneva,12.4,,
2019-07-15,Tampere Siilinkari,16.3,,
2019-07-15,Jämsä Halli lentoasema,15.8,-1.0,-1.0
2019-07-15,Juupajoki Hyytiälä,14.6,0.5,-1.0
2019-07-15,Sysmä Joutsjärvi,,-1.0,-1.0
2019-07-15,Luhanka Tammijärvi,,-1.0,-1.0
2019-07-15,Jyväskylä Muuratjärvi,,-1.0,-1.0
2019-07-15,Luhanka Judinsalo,15.8,,
2019-07-15,Multia Pirttiperä,,0.0,-1.0
2019-07-15,Joutsa Savenaho,13.4,-1.0,-1.0
2019-07-15,Kangasniemi kirkonkylä,,-1.0,-1.0
2019-07-15,Joutsa Pärnämäki,,-1.0,-1.0
2019-07-15,Mikkeli Pitkähiekka,,-1.0,-1.0
2019-07-15,Juva Partala,14.4,,
2019-07-15,Varkaus Kosulanniemi,15.0,0.1,-1.0
2019-07-15,Savonlinna Laukansaari,,1.3,-1.0
2019-07-15,Sulkava Halttula,,-1.0,-1.0
2019-07-15,Savonlinna lentoasema,14.0,,
2019-07-15,Rantasalmi Rukkasluoto,14.8,,
2019-07-15,Savonlinna Punkaharju Laukansaari,13.5,2.5,-1.0
2019-07-15,Enonkoski Simanala,,0.3,-1.0
2019-07-15,Savonlinna Savonranta,,8.8,-1.0
2019-07-15,Rääkkylä kirkonkylä,,0.8,-1.0
2019-07-15,Tohmajärvi Kemie,11.2,12.5,-1.0
2019-07-15,Joensuu Huhtilampi,,11.0,-1.0
2019-07-15,Vaasa lentoasema,12.3,,
2019-07-15,Mustasaari Valassaaret,13.7,,
2019-07-15,Närpiö Ylimarkku,,3.7,-1.0
2019-07-15,Mustasaari Riimala,,3.4,-1.0
2019-07-15,Kurikka Pyörni,,6.0,-1.0
2019-07-15,Korsnäs Bredskäret,13.0,,
2019-07-15,Maalahti Strömmingsbådan,11.8,,
2019-07-15,Vaasa Klemettilä,12.9,3.1,-1.0
2019-07-15,Seinäjoki Pelmaa,12.6,0.9,-1.0
2019-07-15,Kauhava lentokenttä,13.6,0.1,-1.0
2019-07-15,Ähtäri Inha,14.8,-1.0,-1.0
2019-07-15,Halsua Purola,11.5,-1.0,-1.0
2019-07-15,Alajärvi Möksy,12.7,-1.0,-1.0
2019-07-15,Multia Karhila,14.1,-1.0,-1.0
2019-07-15,Viitasaari Haapaniemi,14.0,-1.0,-1.0
2019-07-15,Äänekoski Kalaniemi,,-1.0,-1.0
2019-07-15,Viitasaari Kärnä,,0.0,-1.0
2019-07-15,Vesanto kirkonkylä,13.2,-1.0,-1.0
2019-07-15,Pielavesi Venetmäki,,0.0,-1.0
2019-07-15,Siilinjärvi Kuopio lentoasema,13.9,,
2019-07-15,Kuopio Maaninka,13.3,-1.0,-1.0
2019-07-15,Lapinlahti Lamminkäyrä,,-1.0,-1.0
2019-07-15,Suonenjoki Iisvesi,,-1.0,-1.0
2019-07-15,Kuopio Karttula,,-1.0,-1.0
2019-07-15,Kuopio Ritoniemi,14.7,,
2019-07-15,Kuopio Savilahti,14.5,-1.0,-1.0
2019-07-15,Heinävesi Palokki,,0.5,-1.0
2019-07-15,Outokumpu Viuruniemi,,0.5,-1.0
2019-07-15,Rautavaara Ala-Luosta,,0.2,-1.0
2019-07-15,Rautavaara Ylä-Luosta,11.5,0.1,-1.0
2019-07-15,Liperi Joensuu lentoasema,12.5,,
2019-07-15,Juuka Niemelä,11.6,1.0,-1.0
2019-07-15,Joensuu Pyhäselkä,,10.5,-1.0
2019-07-15,Lieksa Koli,,-1.0,-1.0
2019-07-15,Liperi Tuiskavanluoto,14.1,,
2019-07-15,Joensuu Linnunlahti,13.1,-1.0,-1.0
2019-07-15,Lieksa Lampela,10.9,0.5,-1.0
2019-07-15,Ilomantsi Naarva,,2.9,-1.0
2019-07-15,Ilomantsi Pötsönvaara,10.5,1.0,-1.0
2019-07-15,Ilomantsi Mekrijärvi,11.1,0.6,-1.0
2019-07-15,Pietarsaari Kallan,13.1,,
2019-07-15,Kokkola Tankar,13.2,,
2019-07-15,Kruunupyy Kokkola-Pietarsaari lentoasema,13.5,,
2019-07-15,Kaustinen Tastula,,0.0,-1.0
2019-07-15,Kalajoki Ulkokalla,13.0,,
2019-07-15,Toholampi Oravala,,0.0,-1.0
2019-07-15,Kalajoki Pitkäsenkylä,,0.0,-1.0
2019-07-15,Kalajoki Mehtäkylä,,-1.0,-1.0
2019-07-15,Toholampi Laitala,11.2,-1.0,-1.0
2019-07-15,Ylivieska lentokenttä,11.1,0.3,-1.0
2019-07-15,Ylivieska Vähäkangas,,-1.0,-1.0
2019-07-15,Haapavesi Mustikkamäki,11.7,1.2,-1.0
2019-07-15,Pyhäjärvi Ojakylä,11.1,0.2,-1.0
2019-07-15,Pyhäjärvi Hiidenniemi,,1.0,-1.0
2019-07-15,Kiuruvesi Korpijoki,,0.8,-1.0
2019-07-15,Siikalatva Kestilä,,0.5,-1.0
2019-07-15,Kajaani lentoasema,10.8,,
2019-07-15,Vieremä Kaarakkala,11.4,0.9,-1.0
2019-07-15,Kajaani Paltaniemi,,0.4,-1.0
2019-07-15,Nurmes Valtimo,11.4,5.4,-1.0
2019-07-15,Ristijärvi Mustavaara,,1.7,-1.0
2019-07-15,Sotkamo Kuolaniemi,11.7,1.2,-1.0
2019-07-15,Nurmes Mujejärvi,,0.0,-1.0
2019-07-15,Kuhmo Apaja,,0.0,-1.0
2019-07-15,Kuhmo Kalliojoki,10.7,0.5,-1.0
2019-07-15,Raahe Nahkiainen,13.1,,
2019-07-15,Hailuoto Keskikylä,12.9,-1.0,-1.0
2019-07-15,Kemi I majakka,13.4,,
2019-07-15,Hailuoto Marjaniemi,13.6,,
2019-07-15,Raahe Lapaluoto satama,13.1,,
2019-07-15,Oulu lentoasema,13.1,,
2019-07-15,Siikajoki Ruukki,12.2,-1.0,-1.0
2019-07-15,Oulu Vihreäsaari satama,13.6,,
2019-07-15,Oulu Oulunsalo Pellonpää,12.6,-1.0,-1.0
2019-07-15,Vaala Pelso,10.8,4.3,-1.0
2019-07-15,Pudasjärvi lentokenttä,11.6,-1.0,-1.0
2019-07-15,Utajärvi Särkijärvi,,0.9,-1.0
2019-07-15,Pudasjärvi Jaurakkajärvi,,-1.0,-1.0
2019-07-15,Suomussalmi Näljänkä,,-1.0,-1.0
2019-07-15,Suomussalmi Pesiö,10.8,0.0,-1.0
2019-07-15,Puolanka Kotila,,0.0,-1.0
2019-07-15,Puolanka Paljakka,9.8,0.1,-1.0
2019-07-15,Kemi Kemi-Tornio lentoasema,13.0,,
2019-07-15,Kemi Ajos,13.9,,
2019-07-15,Tornio Kaakkuri,12.9,-1.0,-1.0
2019-07-15,Ranua lentokenttä,11.9,0.4,-1.0
2019-07-15,Pudasjärvi Sarakylä,,0.2,-1.0
2019-07-15,Posio Raistakka,,0.2,-1.0
2019-07-15,Taivalkoski Inkee,,2.2,-1.0
2019-07-15,Taivalkoski kirkonkylä,10.8,0.2,-1.0
2019-07-15,Kuusamo lentoasema,10.1,,
2019-07-15,Kuusamo Kiutaköngäs,10.0,1.0,-1.0
2019-07-15,Kuusamo Rukatunturi,7.8,,
2019-07-15,Kuusamo Teeriranta,,0.6,-1.0
2019-07-15,Kuusamo Juuma,9.2,,
2019-07-15,Ylitornio Meltosjärvi,12.1,-1.0,-1.0
2019-07-15,Kolari Kattilamaa,,-1.0,-1.0
2019-07-15,Pello kirkonkylä,12.6,-1.0,-1.0
2019-07-15,Kittilä Alakylä,,-1.0,-1.0
2019-07-15,Rovaniemi rautatieasema,12.4,,
2019-07-15,Sodankylä Tähtelä,10.5,1.4,-1.0
2019-07-15,Rovaniemi Apukka,11.2,-1.0,-1.0
2019-07-15,Pelkosenniemi kirkonkylä,,-1.0,-1.0
2019-07-15,Kemijärvi lentokenttä,10.5,-1.0,-1.0
2019-07-15,Savukoski kirkonkylä,10.4,0.0,-1.0
2019-07-15,Salla Kelloselkä,,1.4,-1.0
2019-07-15,Pelkosenniemi Pyhätunturi,8.2,,
2019-07-15,Salla kirkonkylä,9.6,0.8,-1.0
2019-07-15,Salla Naruska,10.2,1.4,-1.0
2019-07-15,Enontekiö Kaaresuvanto,,-1.0,-1.0
2019-07-15,Kittilä Pulju,,0.2,-1.0
2019-07-15,Muonio Laukukero,5.7,,
2019-07-15,Muonio Sammaltunturi,8.0,,
2019-07-15,Kittilä Matorova,9.6,,
2019-07-15,Kittilä lentoasema,10.8,,
2019-07-15,Kittilä Kenttärova,9.5,0.6,-1.0
2019-07-15,Kittilä Pakatti,10.7,-1.0,-1.0
2019-07-15,Kittilä Pokka,9.9,-1.0,-1.0
2019-07-15,Sodankylä Lokka,9.1,0.1,-1.0
2019-07-15,Sodankylä Vuotso,9.2,-1.0,-1.0
2019-07-15,Inari Saariselkä matkailukeskus,8.9,-1.0,-1.0
2019-07-15,Inari Saariselkä Kaunispää,8.1,,
2019-07-15,Inari Raja-Jooseppi Kontiojärvi,,-1.0,-1.0
2019-07-15,Inari Raja-Jooseppi,9.3,,
2019-07-15,Salla Värriötunturi,8.5,0.0,-1.0
2019-07-15,Enontekiö Kilpisjärvi kyläkeskus,7.3,1.3,-1.0
2019-07-15,Enontekiö Kilpisjärvi Saana,4.1,,
2019-07-15,Enontekiö Näkkälä,8.4,1.3,-1.0
2019-07-15,Inari Angeli Lintupuoliselkä,8.5,0.4,-1.0
2019-07-15,Inari Ivalo lentoasema,10.2,,
2019-07-15,Utsjoki Kevo,10.0,0.5,-1.0
2019-07-15,Utsjoki Nuorgam,9.5,0.2,-1.0
2019-07-15,Inari Väylä,9.5,,
2019-07-15,Inari kirkonkylä,,0.0,-1.0
2019-07-15,Inari Kaamanen,9.4,0.2,-1.0
2019-07-15,Inari Nellim,9.3,1.1,-1.0
2019-07-15,Inari Kirakkajärvi,9.0,-1.0,-1.0
2019-07-15,Mäntsälä Hirvihaara,15.3,-1.0,-1.0
2019-07-15,Lahti Sopenkorpi,15.8,-1.0,-1.0
2019-07-15,Siuntio Sjundby,,7.4,-1.0
2019-07-15,Sipoo Itätoukki,16.3,,
2019-07-15,Rauma Pyynpää,12.6,9.3,-1.0
2019-07-15,Muonio Oustajärvi,10.6,1.1,-1.0
2019-07-15,Kajaani Petäisenniska,11.8,0.2,-1.0
2019-07-15,Utsjoki Kevo Kevojärvi,9.8,,
2019-07-15,Inari Seitalaassa,9.4,,
2019-07-15,Rovaniemi lentoasema AWOS,11.0,-1.0,-1.0
2019-07-15,Jyväskylä lentoasema AWOS,14.4,-1.0,-1.0
2019-07-15,Puumala kirkonkylä,15.2,-1.0,-1.0
2019-07-15,Helsinki Vuosaari satama,15.5,,
2019-07-15,Maarianhamina Länsisatama,14.1,,
2019-07-15,Lumparland Långnäs satama,14.4,7.9,-1.0
2019-07-15,Tampere Tampella,17.5,,
2019-07-15,Kittilä Lompolonvuoma,9.9,0.4,
2019-07-15,Kuusamo Ruka Talvijärvi,9.7,,
2019-07-15,Espoo Nuuksio,15.4,3.0,-1.0
2019-07-15,Mikkeli Lentoasema AWOS,14.0,-1.0,-1.0
2019-07-15,Espoo Tapiola,15.2,2.5,-1.0
2019-07-16,Porvoo Kilpilahti satama,16.6,,
2019-07-16,Jomala Maarianhamina lentoasema,12.8,,
2019-07-16,Parainen Utö,13.8,0.7,-1.0
2019-07-16,Lemland Nyhamn,13.4,,
2019-07-16,Jomala Jomalaby,12.5,2.1,-1.0
2019-07-16,Hammarland Märket,12.4,,
2019-07-16,Kökar Bogskär,12.9,,
2019-07-16,Parainen Fagerholm,13.5,9.9,
2019-07-16,Kumlinge kirkonkylä,12.6,,
2019-07-16,Hanko Russarö,14.6,1.4,
2019-07-16,Kaarina Yltöinen,14.6,5.2,-1.0
2019-07-16,Kemiönsaari Vänö,13.6,,
2019-07-16,Hanko Tulliniemi,14.5,,
2019-07-16,Turku Rajakari,14.5,,
2019-07-16,Turku Artukainen,14.5,0.6,-1.0
2019-07-16,Kemiönsaari Kemiö,14.2,4.7,-1.0
2019-07-16,Hanko Tvärminne,14.9,2.3,-1.0
2019-07-16,Salo Kärkkä,14.8,4.1,
2019-07-16,Lohja Leppäkorpi,,4.1,-1.0
2019-07-16,Raasepori Jussarö,14.8,,
2019-07-16,Salo Kiikala lentokenttä,14.8,2.6,-1.0
2019-07-16,Vantaa Helsinki-Vantaan lentoasema,15.7,7.0,-1.0
2019-07-16,Inkoo Bågaskär,14.8,,
2019-07-16,Helsinki Kaisaniemi,15.9,3.5,-1.0
2019-07-16,Lohja Porla,15.0,4.5,-1.0
2019-07-16,Vihti Maasoja,15.3,,
2019-07-16,Helsinki Harmaja,15.6,,
2019-07-16,Kirkkonummi Mäkiluoto,15.7,,
2019-07-16,Helsinki Helsingin majakka,16.0,,
2019-07-16,Helsinki Kumpula,16.0,8.0,-1.0
2019-07-16,Helsinki Malmi lentokenttä,15.4,,
2019-07-16,Porvoo Emäsalo,16.4,,
2019-07-16,Porvoo Harabacka,17.1,-1.0,-1.0
2019-07-16,Kotka Rankki,17.1,-1.0,-1.0
2019-07-16,Loviisa Orrengrund,17.1,,
2019-07-16,Kotka Haapasaari,17.9,,
2019-07-16,Pori lentoasema,14.3,,
2019-07-16,Uusikaupunki Itätulli,,0.5,-1.0
2019-07-16,Laitila Haukka,,1.0,-1.0
2019-07-16,Kustavi Isokari,13.4,0.5,
2019-07-16,Rauma Kylmäpihlaja,12.8,,
2019-07-16,Pori rautatieasema,14.5,8.8,-1.0
2019-07-16,Turku lentoasema,14.4,,
2019-07-16,Kokemäki Rausenkulma,,3.5,-1.0
2019-07-16,Huittinen Sallila,,1.6,-1.0
2019-07-16,Oripää Teinikivi,,0.6,-1.0
2019-07-16,Pöytyä Yläne,,13.0,-1.0
2019-07-16,Kokemäki Tulkkila,14.0,7.0,-1.0
2019-07-16,Jokioinen Ilmala,14.7,1.7,-1.0
2019-07-16,Nokia Tottijärvi,,31.4,-1.0
2019-07-16,Pirkkala Tampere-Pirkkala lentoasema,14.3,,
2019-07-16,Tampere Härmälä,14.7,12.5,-1.0
2019-07-16,Somero Salkola,13.9,4.2,-1.0
2019-07-16,Hyvinkää Hyvinkäänkylä,14.8,6.1,-1.0
2019-07-16,Vihti Hiiskula,,0.3,-1.0
2019-07-16,Hämeenlinna Pirttikoski,,2.9,-1.0
2019-07-16,Nurmijärvi Röykkä,15.0,2.7,-1.0
2019-07-16,Hattula Lepaa,14.9,3.9,-1.0
2019-07-16,Hämeenlinna Lammi Pappila,15.9,1.2,-1.0
2019-07-16,Mäntsälä Hirvihaara Kuntomajantie,,-1.0,-1.0
2019-07-16,Asikkala Pulkkilanharju,17.0,,
2019-07-16,Hämeenlinna Lammi Evo,15.1,,
2019-07-16,Kouvola Utti lentoasema,17.3,-1.0,-1.0
2019-07-16,Kouvola Anjala,17.4,-1.0,-1.0
2019-07-16,Heinola Asemantaus,17.1,1.3,-1.0
2019-07-16,Kouvola Voikoski,,1.8,-1.0
2019-07-16,Virolahti Koivuniemi,16.1,-1.0,-1.0
2019-07-16,Lappeenranta lentoasema,16.4,,
2019-07-16,Lappeenranta Konnunsuo,14.6,,
2019-07-16,Lappeenranta Lepola,16.2,-1.0,-1.0
2019-07-16,Ruokolahti Kotaniemi,,-1.0,-1.0
2019-07-16,Lappeenranta Hiekkapakka,16.7,,
2019-07-16,Parikkala Koitsanlahti,14.0,-1.0,-1.0
2019-07-16,Kaskinen Sälgrund,14.8,3.5,
2019-07-16,Merikarvia Tuorila,,10.7,-1.0
2019-07-16,Isojoki Kärjenkoski,,1.0,-1.0
2019-07-16,Teuva Kauppilankylä,,1.8,-1.0
2019-07-16,Pori Tahkoluoto satama,14.0,,
2019-07-16,Kristiinankaupunki Majakka,14.6,,
2019-07-16,Karvia Alkkia,13.9,6.3,-1.0
2019-07-16,Ikaalinen Vehuvarpee,,5.0,-1.0
2019-07-16,Kurikka Hirvijärvi,,1.0,-1.0
2019-07-16,Kauhajoki Kuja-Kokko,14.3,3.2,-1.0
2019-07-16,Kankaanpää Niinisalo lentokenttä,14.6,2.2,-1.0
2019-07-16,Alavus Sulkavankylä,,19.3,-1.0
2019-07-16,Virrat Äijänneva,13.5,,
2019-07-16,Tampere Siilinkari,14.9,,
2019-07-16,Jämsä Halli lentoasema,14.7,26.0,-1.0
2019-07-16,Juupajoki Hyytiälä,13.6,9.2,-1.0
2019-07-16,Sysmä Joutsjärvi,,-1.0,-1.0
2019-07-16,Luhanka Tammijärvi,,-1.0,-1.0
2019-07-16,Jyväskylä Muuratjärvi,,8.8,-1.0
2019-07-16,Luhanka Judinsalo,16.6,,
2019-07-16,Multia Pirttiperä,,5.2,-1.0
2019-07-16,Joutsa Savenaho,15.1,0.4,-1.0
2019-07-16,Kangasniemi kirkonkylä,,2.5,-1.0
2019-07-16,Joutsa Pärnämäki,,4.1,-1.0
2019-07-16,Mikkeli Pitkähiekka,,-1.0,-1.0
2019-07-16,Juva Partala,15.4,,
2019-07-16,Varkaus Kosulanniemi,16.5,-1.0,-1.0
2019-07-16,Savonlinna Laukansaari,,-1.0,-1.0
2019-07-16,Sulkava Halttula,,-1.0,-1.0
2019-07-16,Savonlinna lentoasema,15.2,,
2019-07-16,Rantasalmi Rukkasluoto,16.1,,
2019-07-16,Savonlinna Punkaharju Laukansaari,14.9,-1.0,-1.0
2019-07-16,Enonkoski Simanala,,-1.0,-1.0
2019-07-16,Savonlinna Savonranta,,-1.0,-1.0
2019-07-16,Rääkkylä kirkonkylä,,-1.0,-1.0
2019-07-16,Tohmajärvi Kemie,12.9,-1.0,-1.0
2019-07-16,Joensuu Huhtilampi,,-1.0,-1.0
2019-07-16,Vaasa lentoasema,15.0,,
2019-07-16,Mustasaari Valassaaret,14.3,,
2019-07-16,Närpiö Ylimarkku,,0.5,-1.0
2019-07-16,Mustasaari Riimala,,8.2,-1.0
2019-07-16,Kurikka Pyörni,,5.1,-1.0
2019-07-16,Korsnäs Bredskäret,14.8,,
2019-07-16,Maalahti Strömmingsbådan,11.6,,
2019-07-16,Vaasa Klemettilä,15.2,15.4,-1.0
2019-07-16,Seinäjoki Pelmaa,14.9,8.1,-1.0
2019-07-16,Kauhava lentokenttä,14.6,9.5,-1.0
2019-07-16,Ähtäri Inha,14.6,8.5,-1.0
2019-07-16,Halsua Purola,14.0,10.0,-1.0
2019-07-16,Alajärvi Möksy,14.6,30.0,-1.0
2019-07-16,Multia Karhila,13.6,12.4,-1.0
2019-07-16,Viitasaari Haapaniemi,15.4,-1.0,-1.0
2019-07-16,Äänekoski Kalaniemi,,-1.0,-1.0
2019-07-16,Viitasaari Kärnä,,-1.0,-1.0
2019-07-16,Vesanto kirkonkylä,15.0,-1.0,-1.0
2019-07-16,Pielavesi Venetmäki,,-1.0,-1.0
2019-07-16,Siilinjärvi Kuopio lentoasema,15.0,,
2019-07-16,Kuopio Maaninka,14.3,-1.0,-1.0
2019-07-16,Lapinlahti Lamminkäyrä,,-1.0,-1.0
2019-07-16,Suonenjoki Iisvesi,,-1.0,-1.0
2019-07-16,Kuopio Karttula,,-1.0,-1.0
2019-07-16,Kuopio Ritoniemi,15.4,,
2019-07-16,Kuopio Savilahti,15.3,-1.0,-1.0
2019-07-16,Heinävesi Palokki,,0.0,-1.0
2019-07-16,Outokumpu Viuruniemi,,-1.0,-1.0
2019-07-16,Rautavaara Ala-Luosta,,-1.0,-1.0
2019-07-16,Rautavaara Ylä-Luosta,13.2,-1.0,-1.0
2019-07-16,Liperi Joensuu lentoasema,13.7,,
2019-07-16,Juuka Niemelä,11.8,-1.0,-1.0
2019-07-16,Joensuu Pyhäselkä,,-1.0,-1.0
2019-07-16,Lieksa Koli,,0.0,-1.0
2019-07-16,Liperi Tuiskavanluoto,15.5,,
2019-07-16,Joensuu Linnunlahti,14.3,-1.0,-1.0
2019-07-16,Lieksa Lampela,13.1,-1.0,-1.0
2019-07-16,Ilomantsi Naarva,,0.0,-1.0
2019-07-16,Ilomantsi Pötsönvaara,13.1,-1.0,-1.0
2019-07-16,Ilomantsi Mekrijärvi,13.2,-1.0,-1.0
2019-07-16,Pietarsaari Kallan,12.6,,
2019-07-16,Kokkola Tankar,13.5,,
2019-07-16,Kruunupyy Kokkola-Pietarsaari lentoasema,15.2,,
2019-07-16,Kaustinen Tastula,,28.4,-1.0
2019-07-16,Kalajoki Ulkokalla,13.6,,
2019-07-16,Toholampi Oravala,,10.5,-1.0
2019-07-16,Kalajoki Pitkäsenkylä,,-1.0,-1.0
2019-07-16,Kalajoki Mehtäkylä,,0.3,-1.0
2019-07-16,Toholampi Laitala,14.7,11.1,-1.0
2019-07-16,Ylivieska lentokenttä,14.2,10.9,-1.0
2019-07-16,Ylivieska Vähäkangas,,12.5,-1.0
2019-07-16,Haapavesi Mustikkamäki,14.0,2.8,-1.0
2019-07-16,Pyhäjärvi Ojakylä,13.4,14.0,-1.0
2019-07-16,Pyhäjärvi Hiidenniemi,,8.2,-1.0
2019-07-16,Kiuruvesi Korpijoki,,4.0,-1.0
2019-07-16,Siikalatva Kestilä,,0.2,-1.0
2019-07-16,Kajaani lentoasema,13.0,,
2019-07-16,Vieremä Kaarakkala,13.4,0.1,-1.0
2019-07-16,Kajaani Paltaniemi,,-1.0,-1.0
2019-07-16,Nurmes Valtimo,13.0,-1.0,-1.0
2019-07-16,Ristijärvi Mustavaara,,-1.0,-1.0
2019-07-16,Sotkamo Kuolaniemi,12.9,-1.0,-1.0
2019-07-16,Nurmes Mujejärvi,,-1.0,-1.0
2019-07-16,Kuhmo Apaja,,-1.0,-1.0
2019-07-16,Kuhmo Kalliojoki,11.3,-1.0,-1.0
2019-07-16,Raahe Nahkiainen,13.7,,
2019-07-16,Hailuoto Keskikylä,13.9,-1.0,-1.0
2019-07-16,Kemi I majakka,13.9,,
2019-07-16,Hailuoto Marjaniemi,14.6,,
2019-07-16,Raahe Lapaluoto satama,14.5,,
2019-07-16,Oulu lentoasema,14.8,,
2019-07-16,Siikajoki Ruukki,14.1,-1.0,-1.0
2019-07-16,Oulu Vihreäsaari satama,15.0,,
2019-07-16,Oulu Oulunsalo Pellonpää,14.1,-1.0,-1.0
2019-07-16,Vaala Pelso,13.0,-1.0,-1.0
2019-07-16,Pudasjärvi lentokenttä,13.0,-1.0,-1.0
2019-07-16,Utajärvi Särkijärvi,,0.3,-1.0
2019-07-16,Pudasjärvi Jaurakkajärvi,,0.2,-1.0
2019-07-16,Suomussalmi Näljänkä,,1.1,-1.0
2019-07-16,Suomussalmi Pesiö,10.1,6.0,-1.0
2019-07-16,Puolanka Kotila,,-1.0,-1.0
2019-07-16,Puolanka Paljakka,10.5,-1.0,-1.0
2019-07-16,Kemi Kemi-Tornio lentoasema,12.6,,
2019-07-16,Kemi Ajos,14.0,,
2019-07-16,Tornio Kaakkuri,13.0,0.6,-1.0
2019-07-16,Ranua lentokenttä,12.2,0.8,-1.0
2019-07-16,Pudasjärvi Sarakylä,,1.5,-1.0
2019-07-16,Posio Raistakka,,0.1,-1.0
2019-07-16,Taivalkoski Inkee,,0.5,-1.0
2019-07-16,Taivalkoski kirkonkylä,10.0,8.2,-1.0
2019-07-16,Kuusamo lentoasema,10.9,,
2019-07-16,Kuusamo Kiutaköngäs,11.2,0.9,-1.0
2019-07-16,Kuusamo Rukatunturi,9.2,,
2019-07-16,Kuusamo Teeriranta,,5.5,-1.0
2019-07-16,Kuusamo Juuma,10.1,,
2019-07-16,Ylitornio Meltosjärvi,12.8,-1.0,-1.0
2019-07-16,Kolari Kattilamaa,,-1.0,-1.0
2019-07-16,Pello kirkonkylä,12.3,-1.0,-1.0
2019-07-16,Kittilä Alakylä,,-1.0,-1.0
2019-07-16,Rovaniemi rautatieasema,14.0,,
2019-07-16,Sodankylä Tähtelä,11.6,-1.0,-1.0
2019-07-16,Rovaniemi Apukka,12.3,0.5,-1.0
2019-07-16,Pelkosenniemi kirkonkylä,,-1.0,-1.0
2019-07-16,Kemijärvi lentokenttä,11.2,0.7,-1.0
2019-07-16,Savukoski kirkonkylä,11.2,0.0,-1.0
2019-07-16,Salla Kelloselkä,,1.5,-1.0
2019-07-16,Pelkosenniemi Pyhätunturi,9.8,,
2019-07-16,Salla kirkonkylä,10.2,3.2,-1.0
2019-07-16,Salla Naruska,10.2,-1.0,-1.0
2019-07-16,Enontekiö Kaaresuvanto,,-1.0,-1.0
2019-07-16,Kittilä Pulju,,-1.0,-1.0
2019-07-16,Muonio Laukukero,6.8,,
2019-07-16,Muonio Sammaltunturi,8.9,,
2019-07-16,Kittilä Matorova,10.0,,
2019-07-16,Kittilä lentoasema,10.9,,
2019-07-16,Kittilä Kenttärova,9.9,1.1,-1.0
2019-07-16,Kittilä Pakatti,11.3,-1.0,-1.0
2019-07-16,Kittilä Pokka,9.9,0.4,-1.0
2019-07-16,Sodankylä Lokka,9.9,-1.0,-1.0
2019-07-16,Sodankylä Vuotso,9.0,0.1,-1.0
2019-07-16,Inari Saariselkä matkailukeskus,8.0,0.3,-1.0
2019-07-16,Inari Saariselkä Kaunispää,6.7,,
2019-07-16,Inari Raja-Jooseppi Kontiojärvi,,-1.0,-1.0
2019-07-16,Inari Raja-Jooseppi,8.5,,
2019-07-16,Salla Värriötunturi,8.7,0.6,-1.0
2019-07-16,Enontekiö Kilpisjärvi kyläkeskus,8.1,2.3,-1.0
2019-07-16,Enontekiö Kilpisjärvi Saana,4.6,,
2019-07-16,Enontekiö Näkkälä,9.7,-1.0,-1.0
2019-07-16,Inari Angeli Lintupuoliselkä,9.7,-1.0,-1.0
2019-07-16,Inari Ivalo lentoasema,8.4,,
2019-07-16,Utsjoki Kevo,10.4,1.7,-1.0
2019-07-16,Utsjoki Nuorgam,9.1,3.8,-1.0
2019-07-16,Inari Väylä,9.2,,
2019-07-16,Inari kirkonkylä,,0.5,-1.0
2019-07-16,Inari Kaamanen,9.0,0.8,-1.0
2019-07-16,Inari Nellim,9.1,1.3,-1.0
2019-07-16,Inari Kirakkajärvi,7.8,4.5,-1.0
2019-07-16,Mäntsälä Hirvihaara,15.4,0.1,-1.0
2019-07-16,Lahti Sopenkorpi,17.7,-1.0,-1.0
2019-07-16,Siuntio Sjundby,,0.8,-1.0
2019-07-16,Sipoo Itätoukki,15.8,,
2019-07-16,Rauma Pyynpää,14.3,0.7,-1.0
2019-07-16,Muonio Oustajärvi,11.0,-1.0,-1.0
2019-07-16,Kajaani Petäisenniska,13.5,-1.0,-1.0
2019-07-16,Utsjoki Kevo Kevojärvi,9.9,,
2019-07-16,Inari Seitalaassa,8.7,,
2019-07-16,Rovaniemi lentoasema AWOS,12.4,-1.0,-1.0
2019-07-16,Jyväskylä lentoasema AWOS,15.3,0.3,-1.0
2019-07-16,Puumala kirkonkylä,15.7,-1.0,-1.0
2019-07-16,Helsinki Vuosaari satama,15.7,,
2019-07-16,Maarianhamina Länsisatama,13.0,,
2019-07-16,Lumparland Långnäs satama,12.8,1.5,-1.0
2019-07-16,Tampere Tampella,15.7,,
2019-07-16,Kittilä Lompolonvuoma,10.1,-1.0,
2019-07-16,Kuusamo Ruka Talvijärvi,10.9,,
2019-07-16,Espoo Nuuksio,15.2,0.1,-1.0
2019-07-16,Mikkeli Lentoasema AWOS,14.2,0.8,-1.0
2019-07-16,Espoo Tapiola,15.6,2.2,-1.0
2019-07-17,Porvoo Kilpilahti satama,17.6,,
2019-07-17,Jomala Maarianhamina lentoasema,14.4,,
2019-07-17,Parainen Utö,16.6,-1.0,-1.0
2019-07-17,Lemland Nyhamn,15.6,,
2019-07-17,Jomala Jomalaby,14.5,-1.0,-1.0
2019-07-17,Hammarland Märket,12.7,,
2019-07-17,Kökar Bogskär,15.0,,
2019-07-17,Parainen Fagerholm,17.4,-1.0,
2019-07-17,Kumlinge kirkonkylä,14.8,,
2019-07-17,Hanko Russarö,17.3,-1.0,
2019-07-17,Kaarina Yltöinen,16.7,-1.0,-1.0
2019-07-17,Kemiönsaari Vänö,17.1,,
2019-07-17,Hanko Tulliniemi,17.5,,
2019-07-17,Turku Rajakari,17.0,,
2019-07-17,Turku Artukainen,16.7,1.9,-1.0
2019-07-17,Kemiönsaari Kemiö,16.4,-1.0,-1.0
2019-07-17,Hanko Tvärminne,16.6,-1.0,-1.0
2019-07-17,Salo Kärkkä,16.7,4.7,
2019-07-17,Lohja Leppäkorpi,,0.7,-1.0
2019-07-17,Raasepori Jussarö,17.0,,
2019-07-17,Salo Kiikala lentokenttä,16.9,-1.0,-1.0
2019-07-17,Vantaa Helsinki-Vantaan lentoasema,17.1,0.3,-1.0
2019-07-17,Inkoo Bågaskär,16.8,,
2019-07-17,Helsinki Kaisaniemi,17.8,-1.0,-1.0
2019-07-17,Lohja Porla,15.9,1.0,-1.0
2019-07-17,Vihti Maasoja,15.4,,
2019-07-17,Helsinki Harmaja,16.8,,
2019-07-17,Kirkkonummi Mäkiluoto,17.0,,
2019-07-17,Helsinki Helsingin majakka,16.5,,
2019-07-17,Helsinki Kumpula,17.7,-1.0,-1.0
2019-07-17,Helsinki Malmi lentokenttä,17.2,,
2019-07-17,Porvoo Emäsalo,17.3,,
2019-07-17,Porvoo Harabacka,17.5,-1.0,-1.0
2019-07-17,Kotka Rankki,17.4,-1.0,-1.0
2019-07-17,Loviisa Orrengrund,17.3,,
2019-07-17,Kotka Haapasaari,18.2,,
2019-07-17,Pori lentoasema,15.6,,
2019-07-17,Uusikaupunki Itätulli,,2.3,-1.0
2019-07-17,Laitila Haukka,,0.2,-1.0
2019-07-17,Kustavi Isokari,14.3,-1.0,
2019-07-17,Rauma Kylmäpihlaja,12.6,,
2019-07-17,Pori rautatieasema,16.3,5.3,-1.0
2019-07-17,Turku lentoasema,15.7,,
2019-07-17,Kokemäki Rausenkulma,,0.3,-1.0
2019-07-17,Huittinen Sallila,,0.8,-1.0
2019-07-17,Oripää Teinikivi,,-1.0,-1.0
2019-07-17,Pöytyä Yläne,,0.0,-1.0
2019-07-17,Kokemäki Tulkkila,15.7,0.6,-1.0
2019-07-17,Jokioinen Ilmala,16.2,-1.0,-1.0
2019-07-17,Nokia Tottijärvi,,-1.0,-1.0
2019-07-17,Pirkkala Tampere-Pirkkala lentoasema,16.0,,
2019-07-17,Tampere Härmälä,15.7,-1.0,-1.0
2019-07-17,Somero Salkola,15.4,2.4,-1.0
2019-07-17,Hyvinkää Hyvinkäänkylä,15.6,1.0,-1.0
2019-07-17,Vihti Hiiskula,,0.6,-1.0
2019-07-17,Hämeenlinna Pirttikoski,,-1.0,-1.0
2019-07-17,Nurmijärvi Röykkä,15.5,0.6,-1.0
2019-07-17,Hattula Lepaa,16.7,0.2,-1.0
2019-07-17,Hämeenlinna Lammi Pappila,15.3,0.4,-1.0
2019-07-17,Mäntsälä Hirvihaara Kuntomajantie,,-1.0,-1.0
2019-07-17,Asikkala Pulkkilanharju,16.5,,
2019-07-17,Hämeenlinna Lammi Evo,15.1,,
2019-07-17,Kouvola Utti lentoasema,17.2,0.0,-1.0
2019-07-17,Kouvola Anjala,16.5,1.1,-1.0
2019-07-17,Heinola Asemantaus,16.5,0.5,-1.0
2019-07-17,Kouvola Voikoski,,-1.0,-1.0
2019-07-17,Virolahti Koivuniemi,16.4,0.1,-1.0
2019-07-17,Lappeenranta lentoasema,17.6,,
2019-07-17,Lappeenranta Konnunsuo,15.9,,
2019-07-17,Lappeenranta Lepola,18.0,-1.0,-1.0
2019-07-17,Ruokolahti Kotaniemi,,-1.0,-1.0
2019-07-17,Lappeenranta Hiekkapakka,17.2,,
2019-07-17,Parikkala Koitsanlahti,15.8,-1.0,-1.0
2019-07-17,Kaskinen Sälgrund,13.1,1.9,
2019-07-17,Merikarvia Tuorila,,-1.0,-1.0
2019-07-17,Isojoki Kärjenkoski,,0.0,-1.0
2019-07-17,Teuva Kauppilankylä,,0.1,-1.0
2019-07-17,Pori Tahkoluoto satama,12.1,,
2019-07-17,Kristiinankaupunki Majakka,12.8,,
2019-07-17,Karvia Alkkia,13.4,0.8,-1.0
2019-07-17,Ikaalinen Vehuvarpee,,1.3,-1.0
2019-07-17,Kurikka Hirvijärvi,,2.6,-1.0
2019-07-17,Kauhajoki Kuja-Kokko,13.9,1.1,-1.0
2019-07-17,Kankaanpää Niinisalo lentokenttä,15.1,5.2,-1.0
2019-07-17,Alavus Sulkavankylä,,2.7,-1.0
2019-07-17,Virrat Äijänneva,14.1,,
2019-07-17,Tampere Siilinkari,15.6,,
2019-07-17,Jämsä Halli lentoasema,15.5,-1.0,-1.0
2019-07-17,Juupajoki Hyytiälä,14.8,0.2,-1.0
2019-07-17,Sysmä Joutsjärvi,,0.0,-1.0
2019-07-17,Luhanka Tammijärvi,,5.0,-1.0
2019-07-17,Jyväskylä Muuratjärvi,,-1.0,-1.0
2019-07-17,Luhanka Judinsalo,17.1,,
2019-07-17,Multia Pirttiperä,,-1.0,-1.0
2019-07-17,Joutsa Savenaho,15.0,3.1,-1.0
2019-07-17,Kangasniemi kirkonkylä,,1.8,-1.0
2019-07-17,Joutsa Pärnämäki,,-1.0,-1.0
2019-07-17,Mikkeli Pitkähiekka,,-1.0,-1.0
2019-07-17,Juva Partala,15.8,,
2019-07-17,Varkaus Kosulanniemi,18.1,-1.0,-1.0
2019-07-17,Savonlinna Laukansaari,,-1.0,-1.0
2019-07-17,Sulkava Halttula,,-1.0,-1.0
2019-07-17,Savonlinna lentoasema,17.0,,
2019-07-17,Rantasalmi Rukkasluoto,18.1,,
2019-07-17,Savonlinna Punkaharju Laukansaari,16.8,-1.0,-1.0
2019-07-17,Enonkoski Simanala,,-1.0,-1.0
2019-07-17,Savonlinna Savonranta,,-1.0,-1.0
2019-07-17,Rääkkylä kirkonkylä,,0.0,-1.0
2019-07-17,Tohmajärvi Kemie,15.3,0.7,-1.0
2019-07-17,Joensuu Huhtilampi,,2.4,-1.0
2019-07-17,Vaasa lentoasema,14.6,,
2019-07-17,Mustasaari Valassaaret,14.9,,
2019-07-17,Närpiö Ylimarkku,,2.0,-1.0
2019-07-17,Mustasaari Riimala,,0.0,-1.0
2019-07-17,Kurikka Pyörni,,-1.0,-1.0
2019-07-17,Korsnäs Bredskäret,14.6,,
2019-07-17,Maalahti Strömmingsbådan,13.4,,
2019-07-17,Vaasa Klemettilä,15.3,-1.0,-1.0
2019-07-17,Seinäjoki Pelmaa,14.8,0.9,-1.0
2019-07-17,Kauhava lentokenttä,14.2,3.2,-1.0
2019-07-17,Ähtäri Inha,14.0,2.2,-1.0
2019-07-17,Halsua Purola,12.2,2.5,-1.0
2019-07-17,Alajärvi Möksy,13.1,1.5,-1.0
2019-07-17,Multia Karhila,13.4,0.2,-1.0
2019-07-17,Viitasaari Haapaniemi,14.6,0.1,-1.0
2019-07-17,Äänekoski Kalaniemi,,-1.0,-1.0
2019-07-17,Viitasaari Kärnä,,0.6,-1.0
2019-07-17,Vesanto kirkonkylä,15.7,1.5,-1.0
2019-07-17,Pielavesi Venetmäki,,5.0,-1.0
2019-07-17,Siilinjärvi Kuopio lentoasema,16.9,,
2019-07-17,Kuopio Maaninka,14.8,1.4,-1.0
2019-07-17,Lapinlahti Lamminkäyrä,,2.6,-1.0
2019-07-17,Suonenjoki Iisvesi,,4.7,-1.0
2019-07-17,Kuopio Karttula,,1.4,-1.0
2019-07-17,Kuopio Ritoniemi,17.5,,
2019-07-17,Kuopio Savilahti,16.9,7.9,-1.0
2019-07-17,Heinävesi Palokki,,-1.0,-1.0
2019-07-17,Outokumpu Viuruniemi,,-1.0,-1.0
2019-07-17,Rautavaara Ala-Luosta,,-1.0,-1.0
2019-07-17,Rautavaara Ylä-Luosta,15.8,-1.0,-1.0
2019-07-17,Liperi Joensuu lentoasema,17.2,,
2019-07-17,Juuka Niemelä,15.2,0.6,-1.0
2019-07-17,Joensuu Pyhäselkä,,2.1,-1.0
2019-07-17,Lieksa Koli,,3.9,-1.0
2019-07-17,Liperi Tuiskavanluoto,18.2,,
2019-07-17,Joensuu Linnunlahti,16.9,5.9,-1.0
2019-07-17,Lieksa Lampela,15.5,1.0,-1.0
2019-07-17,Ilomantsi Naarva,,1.1,-1.0
2019-07-17,Ilomantsi Pötsönvaara,16.0,0.4,-1.0
2019-07-17,Ilomantsi Mekrijärvi,15.7,0.9,-1.0
2019-07-17,Pietarsaari Kallan,12.6,,
2019-07-17,Kokkola Tankar,14.0,,
2019-07-17,Kruunupyy Kokkola-Pietarsaari lentoasema,13.8,,
2019-07-17,Kaustinen Tastula,,1.1,-1.0
2019-07-17,Kalajoki Ulkokalla,13.5,,
2019-07-17,Toholampi Oravala,,3.2,-1.0
2019-07-17,Kalajoki Pitkäsenkylä,,0.8,-1.0
2019-07-17,Kalajoki Mehtäkylä,,2.1,-1.0
2019-07-17,Toholampi Laitala,12.6,0.7,-1.0
2019-07-17,Ylivieska lentokenttä,12.8,2.2,-1.0
2019-07-17,Ylivieska Vähäkangas,,2.7,-1.0
2019-07-17,Haapavesi Mustikkamäki,12.1,3.5,-1.0
2019-07-17,Pyhäjärvi Ojakylä,11.9,12.2,-1.0
2019-07-17,Pyhäjärvi Hiidenniemi,,17.7,-1.0
2019-07-17,Kiuruvesi Korpijoki,,10.9,-1.0
2019-07-17,Siikalatva Kestilä,,5.5,-1.0
2019-07-17,Kajaani lentoasema,11.5,,
2019-07-17,Vieremä Kaarakkala,12.5,6.1,-1.0
2019-07-17,Kajaani Paltaniemi,,9.2,-1.0
2019-07-17,Nurmes Valtimo,14.8,0.6,-1.0
2019-07-17,Ristijärvi Mustavaara,,23.5,-1.0
2019-07-17,Sotkamo Kuolaniemi,12.4,6.4,-1.0
2019-07-17,Nurmes Mujejärvi,,2.8,-1.0
2019-07-17,Kuhmo Apaja,,0.2,-1.0
2019-07-17,Kuhmo Kalliojoki,13.4,4.8,-1.0
2019-07-17,Raahe Nahkiainen,13.8,,
2019-07-17,Hailuoto Keskikylä,13.3,1.0,-1.0
2019-07-17,Kemi I majakka,15.0,,
2019-07-17,Hailuoto Marjaniemi,14.5,,
2019-07-17,Raahe Lapaluoto satama,13.4,,
2019-07-17,Oulu lentoasema,13.6,,
2019-07-17,Siikajoki Ruukki,12.2,-1.0,-1.0
2019-07-17,Oulu Vihreäsaari satama,14.5,,
2019-07-17,Oulu Oulunsalo Pellonpää,13.2,0.7,-1.0
2019-07-17,Vaala Pelso,11.2,2.9,-1.0
2019-07-17,Pudasjärvi lentokenttä,13.2,1.9,-1.0
2019-07-17,Utajärvi Särkijärvi,,0.8,-1.0
2019-07-17,Pudasjärvi Jaurakkajärvi,,0.4,-1.0
2019-07-17,Suomussalmi Näljänkä,,5.0,-1.0
2019-07-17,Suomussalmi Pesiö,10.7,23.9,-1.0
2019-07-17,Puolanka Kotila,,10.1,-1.0
2019-07-17,Puolanka Paljakka,10.2,9.7,-1.0
2019-07-17,Kemi Kemi-Tornio lentoasema,13.3,,
2019-07-17,Kemi Ajos,15.1,,
2019-07-17,Tornio Kaakkuri,13.4,-1.0,-1.0
2019-07-17,Ranua lentokenttä,12.8,-1.0,-1.0
2019-07-17,Pudasjärvi Sarakylä,,-1.0,-1.0
2019-07-17,Posio Raistakka,,0.2,-1.0
2019-07-17,Taivalkoski Inkee,,1.5,-1.0
2019-07-17,Taivalkoski kirkonkylä,12.3,0.3,-1.0
2019-07-17,Kuusamo lentoasema,10.9,,
2019-07-17,Kuusamo Kiutaköngäs,11.5,0.4,-1.0
2019-07-17,Kuusamo Rukatunturi,10.2,,
2019-07-17,Kuusamo Teeriranta,,15.0,-1.0
2019-07-17,Kuusamo Juuma,10.7,,
2019-07-17,Ylitornio Meltosjärvi,12.2,-1.0,-1.0
2019-07-17,Kolari Kattilamaa,,-1.0,-1.0
2019-07-17,Pello kirkonkylä,12.7,-1.0,-1.0
2019-07-17,Kittilä Alakylä,,0.2,-1.0
2019-07-17,Rovaniemi rautatieasema,13.4,,
2019-07-17,Sodankylä Tähtelä,10.7,-1.0,-1.0
2019-07-17,Rovaniemi Apukka,11.9,-1.0,-1.0
2019-07-17,Pelkosenniemi kirkonkylä,,-1.0,-1.0
2019-07-17,Kemijärvi lentokenttä,9.4,-1.0,-1.0
2019-07-17,Savukoski kirkonkylä,10.1,0.0,-1.0
2019-07-17,Salla Kelloselkä,,0.0,-1.0
2019-07-17,Pelkosenniemi Pyhätunturi,8.6,,
2019-07-17,Salla kirkonkylä,10.0,-1.0,-1.0
2019-07-17,Salla Naruska,9.7,-1.0,-1.0
2019-07-17,Enontekiö Kaaresuvanto,,-1.0,-1.0
2019-07-17,Kittilä Pulju,,-1.0,-1.0
2019-07-17,Muonio Laukukero,6.6,,
2019-07-17,Muonio Sammaltunturi,8.8,,
2019-07-17,Kittilä Matorova,9.9,,
2019-07-17,Kittilä lentoasema,10.2,,
2019-07-17,Kittilä Kenttärova,9.7,-1.0,-1.0
2019-07-17,Kittilä Pakatti,10.2,-1.0,-1.0
2019-07-17,Kittilä Pokka,10.1,-1.0,-1.0
2019-07-17,Sodankylä Lokka,9.4,-1.0,-1.0
2019-07-17,Sodankylä Vuotso,9.8,-1.0,-1.0
2019-07-17,Inari Saariselkä matkailukeskus,8.9,-1.0,-1.0
2019-07-17,Inari Saariselkä Kaunispää,7.8,,
2019-07-17,Inari Raja-Jooseppi Kontiojärvi,,-1.0,-1.0
2019-07-17,Inari Raja-Jooseppi,9.1,,
2019-07-17,Salla Värriötunturi,8.5,-1.0,-1.0
2019-07-17,Enontekiö Kilpisjärvi kyläkeskus,9.0,0.0,-1.0
2019-07-17,Enontekiö Kilpisjärvi Saana,5.8,,
2019-07-17,Enontekiö Näkkälä,9.3,4.5,-1.0
2019-07-17,Inari Angeli Lintupuoliselkä,9.7,0.5,-1.0
2019-07-17,Inari Ivalo lentoasema,10.3,,
2019-07-17,Utsjoki Kevo,8.6,1.6,-1.0
2019-07-17,Utsjoki Nuorgam,8.0,3.2,-1.0
2019-07-17,Inari Väylä,9.4,,
2019-07-17,Inari kirkonkylä,,0.2,-1.0
2019-07-17,Inari Kaamanen,9.4,1.9,-1.0
2019-07-17,Inari Nellim,9.7,0.2,-1.0
2019-07-17,Inari Kirakkajärvi,8.1,2.9,-1.0
2019-07-17,Mäntsälä Hirvihaara,14.9,0.7,-1.0
2019-07-17,Lahti Sopenkorpi,17.4,1.3,-1.0
2019-07-17,Siuntio Sjundby,,-1.0,-1.0
2019-07-17,Sipoo Itätoukki,16.7,,
2019-07-17,Rauma Pyynpää,16.4,-1.0,-1.0
2019-07-17,Muonio Oustajärvi,10.4,-1.0,-1.0
2019-07-17,Kajaani Petäisenniska,11.9,12.6,-1.0
2019-07-17,Utsjoki Kevo Kevojärvi,8.8,,
2019-07-17,Inari Seitalaassa,9.5,,
2019-07-17,Rovaniemi lentoasema AWOS,11.6,-1.0,-1.0
2019-07-17,Jyväskylä lentoasema AWOS,16.0,0.6,-1.0
2019-07-17,Puumala kirkonkylä,17.2,-1.0,-1.0
2019-07-17,Helsinki Vuosaari satama,16.6,,
2019-07-17,Maarianhamina Länsisatama,15.5,,
2019-07-17,Lumparland Långnäs satama,15.3,-1.0,-1.0
2019-07-17,Tampere Tampella,16.7,,
2019-07-17,Kittilä Lompolonvuoma,9.3,-1.0,
2019-07-17,Kuusamo Ruka Talvijärvi,11.3,,
2019-07-17,Espoo Nuuksio,16.5,4.9,-1.0
2019-07-17,Mikkeli Lentoasema AWOS,15.7,0.9,-1.0
2019-07-17,Espoo Tapiola,17.0,-1.0,-1.0
2019-07-18,Porvoo Kilpilahti satama,19.6,,
2019-07-18,Jomala Maarianhamina lentoasema,16.6,,
2019-07-18,Parainen Utö,17.3,-1.0,-1.0
2019-07-18,Lemland Nyhamn,16.1,,
2019-07-18,Jomala Jomalaby,16.7,-1.0,-1.0
2019-07-18,Hammarland Märket,13.5,,
2019-07-18,Kökar Bogskär,15.6,,
2019-07-18,Parainen Fagerholm,17.8,-1.0,
2019-07-18,Kumlinge kirkonkylä,15.5,,
2019-07-18,Hanko Russarö,18.7,-1.0,
2019-07-18,Kaarina Yltöinen,17.7,-1.0,-1.0
2019-07-18,Kemiönsaari Vänö,17.7,,
2019-07-18,Hanko Tulliniemi,18.4,,
2019-07-18,Turku Rajakari,17.9,,
2019-07-18,Turku Artukainen,18.0,-1.0,-1.0
2019-07-18,Kemiönsaari Kemiö,17.2,-1.0,-1.0
2019-07-18,Hanko Tvärminne,19.0,-1.0,-1.0
2019-07-18,Salo Kärkkä,17.6,-1.0,
2019-07-18,Lohja Leppäkorpi,,0.0,-1.0
2019-07-18,Raasepori Jussarö,18.7,,
2019-07-18,Salo Kiikala lentokenttä,17.2,-1.0,-1.0
2019-07-18,Vantaa Helsinki-Vantaan lentoasema,18.7,-1.0,-1.0
2019-07-18,Inkoo Bågaskär,18.6,,
2019-07-18,Helsinki Kaisaniemi,19.7,-1.0,-1.0
2019-07-18,Lohja Porla,17.7,-1.0,-1.0
2019-07-18,Vihti Maasoja,16.3,,
2019-07-18,Helsinki Harmaja,18.5,,
2019-07-18,Kirkkonummi Mäkiluoto,18.6,,
2019-07-18,Helsinki Helsingin majakka,18.3,,
2019-07-18,Helsinki Kumpula,19.3,-1.0,-1.0
2019-07-18,Helsinki Malmi lentokenttä,17.9,,
2019-07-18,Porvoo Emäsalo,19.7,,
2019-07-18,Porvoo Harabacka,18.5,-1.0,-1.0
2019-07-18,Kotka Rankki,18.5,1.0,-1.0
2019-07-18,Loviisa Orrengrund,18.3,,
2019-07-18,Kotka Haapasaari,18.7,,
2019-07-18,Pori lentoasema,16.6,,
2019-07-18,Uusikaupunki Itätulli,,-1.0,-1.0
2019-07-18,Laitila Haukka,,-1.0,-1.0
2019-07-18,Kustavi Isokari,14.7,-1.0,
2019-07-18,Rauma Kylmäpihlaja,12.9,,
2019-07-18,Pori rautatieasema,16.7,-1.0,-1.0
2019-07-18,Turku lentoasema,17.2,,
2019-07-18,Kokemäki Rausenkulma,,0.1,-1.0
2019-07-18,Huittinen Sallila,,-1.0,-1.0
2019-07-18,Oripää Teinikivi,,-1.0,-1.0
2019-07-18,Pöytyä Yläne,,-1.0,-1.0
2019-07-18,Kokemäki Tulkkila,17.0,-1.0,-1.0
2019-07-18,Jokioinen Ilmala,16.6,-1.0,-1.0
2019-07-18,Nokia Tottijärvi,,-1.0,-1.0
2019-07-18,Pirkkala Tampere-Pirkkala lentoasema,16.5,,
2019-07-18,Tampere Härmälä,16.6,-1.0,-1.0
2019-07-18,Somero Salkola,16.5,-1.0,-1.0
2019-07-18,Hyvinkää Hyvinkäänkylä,16.6,-1.0,-1.0
2019-07-18,Vihti Hiiskula,,-1.0,-1.0
2019-07-18,Hämeenlinna Pirttikoski,,-1.0,-1.0
2019-07-18,Nurmijärvi Röykkä,17.2,-1.0,-1.0
2019-07-18,Hattula Lepaa,17.4,-1.0,-1.0
2019-07-18,Hämeenlinna Lammi Pappila,16.6,-1.0,-1.0
2019-07-18,Mäntsälä Hirvihaara Kuntomajantie,,-1.0,-1.0
2019-07-18,Asikkala Pulkkilanharju,17.5,,
2019-07-18,Hämeenlinna Lammi Evo,15.5,,
2019-07-18,Kouvola Utti lentoasema,18.3,-1.0,-1.0
2019-07-18,Kouvola Anjala,17.8,-1.0,-1.0
2019-07-18,Heinola Asemantaus,18.0,-1.0,-1.0
2019-07-18,Kouvola Voikoski,,-1.0,-1.0
2019-07-18,Virolahti Koivuniemi,17.6,0.0,-1.0
2019-07-18,Lappeenranta lentoasema,17.3,,
2019-07-18,Lappeenranta Konnunsuo,16.4,,
2019-07-18,Lappeenranta Lepola,17.8,-1.0,-1.0
2019-07-18,Ruokolahti Kotaniemi,,0.0,-1.0
2019-07-18,Lappeenranta Hiekkapakka,16.9,,
2019-07-18,Parikkala Koitsanlahti,15.3,1.9,-1.0
2019-07-18,Kaskinen Sälgrund,14.0,-1.0,
2019-07-18,Merikarvia Tuorila,,0.3,-1.0
2019-07-18,Isojoki Kärjenkoski,,-1.0,-1.0
2019-07-18,Teuva Kauppilankylä,,-1.0,-1.0
2019-07-18,Pori Tahkoluoto satama,12.7,,
2019-07-18,Kristiinankaupunki Majakka,13.9,,
2019-07-18,Karvia Alkkia,15.6,-1.0,-1.0
2019-07-18,Ikaalinen Vehuvarpee,,-1.0,-1.0
2019-07-18,Kurikka Hirvijärvi,,-1.0,-1.0
2019-07-18,Kauhajoki Kuja-Kokko,14.9,-1.0,-1.0
2019-07-18,Kankaanpää Niinisalo lentokenttä,17.2,-1.0,-1.0
2019-07-18,Alavus Sulkavankylä,,-1.0,-1.0
2019-07-18,Virrat Äijänneva,15.5,,
2019-07-18,Tampere Siilinkari,16.9,,
2019-07-18,Jämsä Halli lentoasema,16.9,-1.0,-1.0
2019-07-18,Juupajoki Hyytiälä,15.8,-1.0,-1.0
2019-07-18,Sysmä Joutsjärvi,,-1.0,-1.0
2019-07-18,Luhanka Tammijärvi,,-1.0,-1.0
2019-07-18,Jyväskylä Muuratjärvi,,-1.0,-1.0
2019-07-18,Luhanka Judinsalo,17.0,,
2019-07-18,Multia Pirttiperä,,-1.0,-1.0
2019-07-18,Joutsa Savenaho,15.4,-1.0,-1.0
2019-07-18,Kangasniemi kirkonkylä,,-1.0,-1.0
2019-07-18,Joutsa Pärnämäki,,-1.0,-1.0
2019-07-18,Mikkeli Pitkähiekka,,-1.0,-1.0
2019-07-18,Juva Partala,16.7,,
2019-07-18,Varkaus Kosulanniemi,18.0,-1.0,-1.0
2019-07-18,Savonlinna Laukansaari,,0.8,-1.0
2019-07-18,Sulkava Halttula,,0.1,-1.0
2019-07-18,Savonlinna lentoasema,16.1,,
2019-07-18,Rantasalmi Rukkasluoto,17.0,,
2019-07-18,Savonlinna Punkaharju Laukansaari,15.8,2.8,-1.0
2019-07-18,Enonkoski Simanala,,3.0,-1.0
2019-07-18,Savonlinna Savonranta,,3.2,-1.0
2019-07-18,Rääkkylä kirkonkylä,,9.6,-1.0
2019-07-18,Tohmajärvi Kemie,15.4,9.2,-1.0
2019-07-18,Joensuu Huhtilampi,,11.3,-1.0
2019-07-18,Vaasa lentoasema,15.2,,
2019-07-18,Mustasaari Valassaaret,15.3,,
2019-07-18,Närpiö Ylimarkku,,-1.0,-1.0
2019-07-18,Mustasaari Riimala,,-1.0,-1.0
2019-07-18,Kurikka Pyörni,,-1.0,-1.0
2019-07-18,Korsnäs Bredskäret,15.5,,
2019-07-18,Maalahti Strömmingsbådan,14.2,,
2019-07-18,Vaasa Klemettilä,15.9,-1.0,-1.0
2019-07-18,Seinäjoki Pelmaa,15.7,-1.0,-1.0
2019-07-18,Kauhava lentokenttä,14.9,-1.0,-1.0
2019-07-18,Ähtäri Inha,15.4,-1.0,-1.0
2019-07-18,Halsua Purola,12.8,-1.0,-1.0
2019-07-18,Alajärvi Möksy,13.6,-1.0,-1.0
2019-07-18,Multia Karhila,14.1,-1.0,-1.0
2019-07-18,Viitasaari Haapaniemi,16.0,-1.0,-1.0
2019-07-18,Äänekoski Kalaniemi,,-1.0,-1.0
2019-07-18,Viitasaari Kärnä,,-1.0,-1.0
2019-07-18,Vesanto kirkonkylä,16.5,-1.0,-1.0
2019-07-18,Pielavesi Venetmäki,,0.2,-1.0
2019-07-18,Siilinjärvi Kuopio lentoasema,16.7,,
2019-07-18,Kuopio Maaninka,16.4,-1.0,-1.0
2019-07-18,Lapinlahti Lamminkäyrä,,0.2,-1.0
2019-07-18,Suonenjoki Iisvesi,,-1.0,-1.0
2019-07-18,Kuopio Karttula,,-1.0,-1.0
2019-07-18,Kuopio Ritoniemi,17.3,,
2019-07-18,Kuopio Savilahti,16.7,-1.0,-1.0
2019-07-18,Heinävesi Palokki,,2.1,-1.0
2019-07-18,Outokumpu Viuruniemi,,2.5,-1.0
2019-07-18,Rautavaara Ala-Luosta,,0.4,-1.0
2019-07-18,Rautavaara Ylä-Luosta,14.9,0.2,-1.0
2019-07-18,Liperi Joensuu lentoasema,15.8,,
2019-07-18,Juuka Niemelä,14.9,0.3,-1.0
2019-07-18,Joensuu Pyhäselkä,,6.2,-1.0
2019-07-18,Lieksa Koli,,2.4,-1.0
2019-07-18,Liperi Tuiskavanluoto,16.2,,
2019-07-18,Joensuu Linnunlahti,15.8,5.4,-1.0
2019-07-18,Lieksa Lampela,15.1,5.4,-1.0
2019-07-18,Ilomantsi Naarva,,13.8,-1.0
2019-07-18,Ilomantsi Pötsönvaara,14.4,12.2,-1.0
2019-07-18,Ilomantsi Mekrijärvi,14.8,9.5,-1.0
2019-07-18,Pietarsaari Kallan,13.0,,
2019-07-18,Kokkola Tankar,14.7,,
2019-07-18,Kruunupyy Kokkola-Pietarsaari lentoasema,14.0,,
2019-07-18,Kaustinen Tastula,,-1.0,-1.0
2019-07-18,Kalajoki Ulkokalla,14.8,,
2019-07-18,Toholampi Oravala,,-1.0,-1.0
2019-07-18,Kalajoki Pitkäsenkylä,,-1.0,-1.0
2019-07-18,Kalajoki Mehtäkylä,,-1.0,-1.0
2019-07-18,Toholampi Laitala,13.7,-1.0,-1.0
2019-07-18,Ylivieska lentokenttä,13.8,-1.0,-1.0
2019-07-18,Ylivieska Vähäkangas,,0.1,-1.0
2019-07-18,Haapavesi Mustikkamäki,13.8,-1.0,-1.0
2019-07-18,Pyhäjärvi Ojakylä,13.3,-1.0,-1.0
2019-07-18,Pyhäjärvi Hiidenniemi,,-1.0,-1.0
2019-07-18,Kiuruvesi Korpijoki,,-1.0,-1.0
2019-07-18,Siikalatva Kestilä,,-1.0,-1.0
2019-07-18,Kajaani lentoasema,13.7,,
2019-07-18,Vieremä Kaarakkala,14.2,0.3,-1.0
2019-07-18,Kajaani Paltaniemi,,3.3,-1.0
2019-07-18,Nurmes Valtimo,15.1,-1.0,-1.0
2019-07-18,Ristijärvi Mustavaara,,-1.0,-1.0
2019-07-18,Sotkamo Kuolaniemi,14.7,-1.0,-1.0
2019-07-18,Nurmes Mujejärvi,,0.6,-1.0
2019-07-18,Kuhmo Apaja,,4.6,-1.0
2019-07-18,Kuhmo Kalliojoki,13.2,1.3,-1.0
2019-07-18,Raahe Nahkiainen,14.7,,
2019-07-18,Hailuoto Keskikylä,13.9,-1.0,-1.0
2019-07-18,Kemi I majakka,15.4,,
2019-07-18,Hailuoto Marjaniemi,15.2,,
2019-07-18,Raahe Lapaluoto satama,14.4,,
2019-07-18,Oulu lentoasema,14.9,,
2019-07-18,Siikajoki Ruukki,13.0,-1.0,-1.0
2019-07-18,Oulu Vihreäsaari satama,15.2,,
2019-07-18,Oulu Oulunsalo Pellonpää,14.0,-1.0,-1.0
2019-07-18,Vaala Pelso,13.5,-1.0,-1.0
2019-07-18,Pudasjärvi lentokenttä,12.3,0.9,-1.0
2019-07-18,Utajärvi Särkijärvi,,0.3,-1.0
2019-07-18,Pudasjärvi Jaurakkajärvi,,0.6,-1.0
2019-07-18,Suomussalmi Näljänkä,,11.5,-1.0
2019-07-18,Suomussalmi Pesiö,12.1,15.5,-1.0
2019-07-18,Puolanka Kotila,,0.6,-1.0
2019-07-18,Puolanka Paljakka,12.3,0.3,-1.0
2019-07-18,Kemi Kemi-Tornio lentoasema,13.7,,
2019-07-18,Kemi Ajos,15.3,,
2019-07-18,Tornio Kaakkuri,15.1,-1.0,-1.0
2019-07-18,Ranua lentokenttä,11.6,2.0,-1.0
2019-07-18,Pudasjärvi Sarakylä,,6.7,-1.0
2019-07-18,Posio Raistakka,,11.3,-1.0
2019-07-18,Taivalkoski Inkee,,12.9,-1.0
2019-07-18,Taivalkoski kirkonkylä,12.0,4.8,-1.0
2019-07-18,Kuusamo lentoasema,11.7,,
2019-07-18,Kuusamo Kiutaköngäs,12.1,11.0,-1.0
2019-07-18,Kuusamo Rukatunturi,9.6,,
2019-07-18,Kuusamo Teeriranta,,7.8,-1.0
2019-07-18,Kuusamo Juuma,11.1,,
2019-07-18,Ylitornio Meltosjärvi,12.9,0.3,-1.0
2019-07-18,Kolari Kattilamaa,,4.3,-1.0
2019-07-18,Pello kirkonkylä,14.4,-1.0,-1.0
2019-07-18,Kittilä Alakylä,,-1.0,-1.0
2019-07-18,Rovaniemi rautatieasema,13.5,,
2019-07-18,Sodankylä Tähtelä,11.8,6.2,-1.0
2019-07-18,Rovaniemi Apukka,12.0,0.4,
2019-07-18,Pelkosenniemi kirkonkylä,,6.0,-1.0
2019-07-18,Kemijärvi lentokenttä,10.5,10.3,-1.0
2019-07-18,Savukoski kirkonkylä,11.5,5.4,-1.0
2019-07-18,Salla Kelloselkä,,8.7,-1.0
2019-07-18,Pelkosenniemi Pyhätunturi,9.9,,
2019-07-18,Salla kirkonkylä,10.1,4.5,-1.0
2019-07-18,Salla Naruska,10.6,20.2,-1.0
2019-07-18,Enontekiö Kaaresuvanto,,-1.0,-1.0
2019-07-18,Kittilä Pulju,,2.4,-1.0
2019-07-18,Muonio Laukukero,10.1,,
2019-07-18,Muonio Sammaltunturi,12.1,,
2019-07-18,Kittilä Matorova,13.7,,
2019-07-18,Kittilä lentoasema,13.3,,
2019-07-18,Kittilä Kenttärova,13.3,3.3,-1.0
2019-07-18,Kittilä Pakatti,13.0,6.0,-1.0
2019-07-18,Kittilä Pokka,13.1,1.7,-1.0
2019-07-18,Sodankylä Lokka,11.1,5.7,-1.0
2019-07-18,Sodankylä Vuotso,12.2,2.9,-1.0
2019-07-18,Inari Saariselkä matkailukeskus,12.8,2.2,-1.0
2019-07-18,Inari Saariselkä Kaunispää,11.8,,
2019-07-18,Inari Raja-Jooseppi Kontiojärvi,,2.8,-1.0
2019-07-18,Inari Raja-Jooseppi,13.1,,
2019-07-18,Salla Värriötunturi,10.7,12.9,-1.0
2019-07-18,Enontekiö Kilpisjärvi kyläkeskus,11.5,-1.0,-1.0
2019-07-18,Enontekiö Kilpisjärvi Saana,8.1,,
2019-07-18,Enontekiö Näkkälä,13.1,-1.0,-1.0
2019-07-18,Inari Angeli Lintupuoliselkä,14.0,0.6,-1.0
2019-07-18,Inari Ivalo lentoasema,14.2,,
2019-07-18,Utsjoki Kevo,14.0,0.1,-1.0
2019-07-18,Utsjoki Nuorgam,12.4,1.9,-1.0
2019-07-18,Inari Väylä,14.1,,
2019-07-18,Inari kirkonkylä,,1.5,-1.0
2019-07-18,Inari Kaamanen,14.0,1.9,-1.0
2019-07-18,Inari Nellim,13.9,2.0,-1.0
2019-07-18,Inari Kirakkajärvi,13.8,2.9,-1.0
2019-07-18,Mäntsälä Hirvihaara,16.5,-1.0,-1.0
2019-07-18,Lahti Sopenkorpi,18.5,-1.0,-1.0
2019-07-18,Siuntio Sjundby,,-1.0,-1.0
2019-07-18,Sipoo Itätoukki,18.7,,
2019-07-18,Rauma Pyynpää,15.8,-1.0,-1.0
2019-07-18,Muonio Oustajärvi,13.6,-1.0,-1.0
2019-07-18,Kajaani Petäisenniska,14.3,0.1,-1.0
2019-07-18,Utsjoki Kevo Kevojärvi,13.4,,
2019-07-18,Inari Seitalaassa,12.7,,
2019-07-18,Rovaniemi lentoasema AWOS,12.4,0.2,-1.0
2019-07-18,Jyväskylä lentoasema AWOS,16.1,-1.0,-1.0
2019-07-18,Puumala kirkonkylä,17.1,-1.0,-1.0
2019-07-18,Helsinki Vuosaari satama,19.3,,
2019-07-18,Maarianhamina Länsisatama,16.5,,
2019-07-18,Lumparland Långnäs satama,16.6,-1.0,-1.0
2019-07-18,Tampere Tampella,18.6,,
2019-07-18,Kittilä Lompolonvuoma,13.6,2.8,
2019-07-18,Kuusamo Ruka Talvijärvi,11.3,,
2019-07-18,Espoo Nuuksio,17.6,-1.0,-1.0
2019-07-18,Mikkeli Lentoasema AWOS,16.8,-1.0,-1.0
2019-07-18,Espoo Tapiola,18.7,-1.0,-1.0
2019-07-19,Porvoo Kilpilahti satama,18.8,,
2019-07-19,Jomala Maarianhamina lentoasema,17.2,,
2019-07-19,Parainen Utö,18.1,-1.0,-1.0
2019-07-19,Lemland Nyhamn,17.8,,
2019-07-19,Jomala Jomalaby,17.0,-1.0,-1.0
2019-07-19,Hammarland Märket,16.2,,
2019-07-19,Kökar Bogskär,17.1,,
2019-07-19,Parainen Fagerholm,18.5,-1.0,
2019-07-19,Kumlinge kirkonkylä,16.9,,
2019-07-19,Hanko Russarö,19.1,-1.0,
2019-07-19,Kaarina Yltöinen,18.4,-1.0,-1.0
2019-07-19,Kemiönsaari Vänö,18.7,,
2019-07-19,Hanko Tulliniemi,19.2,,
2019-07-19,Turku Rajakari,18.7,,
2019-07-19,Turku Artukainen,19.1,-1.0,-1.0
2019-07-19,Kemiönsaari Kemiö,18.3,-1.0,-1.0
2019-07-19,Hanko Tvärminne,19.9,-1.0,-1.0
2019-07-19,Salo Kärkkä,18.2,-1.0,
2019-07-19,Lohja Leppäkorpi,,0.0,-1.0
2019-07-19,Raasepori Jussarö,20.1,,
2019-07-19,Salo Kiikala lentokenttä,17.6,-1.0,-1.0
2019-07-19,Vantaa Helsinki-Vantaan lentoasema,20.0,-1.0,-1.0
2019-07-19,Inkoo Bågaskär,19.4,,
2019-07-19,Helsinki Kaisaniemi,19.8,-1.0,-1.0
2019-07-19,Lohja Porla,18.5,-1.0,-1.0
2019-07-19,Vihti Maasoja,16.5,,
2019-07-19,Helsinki Harmaja,18.9,,
2019-07-19,Kirkkonummi Mäkiluoto,19.3,,
2019-07-19,Helsinki Helsingin majakka,18.7,,
2019-07-19,Helsinki Kumpula,19.8,-1.0,-1.0
2019-07-19,Helsinki Malmi lentokenttä,18.7,,
2019-07-19,Porvoo Emäsalo,18.8,,
2019-07-19,Porvoo Harabacka,18.5,-1.0,-1.0
2019-07-19,Kotka Rankki,17.7,0.7,-1.0
2019-07-19,Loviisa Orrengrund,17.6,,
2019-07-19,Kotka Haapasaari,17.5,,
2019-07-19,Pori lentoasema,17.0,,
2019-07-19,Uusikaupunki Itätulli,,-1.0,-1.0
2019-07-19,Laitila Haukka,,-1.0,-1.0
2019-07-19,Kustavi Isokari,15.7,-1.0,
2019-07-19,Rauma Kylmäpihlaja,13.7,,
2019-07-19,Pori rautatieasema,17.3,-1.0,-1.0
2019-07-19,Turku lentoasema,18.0,,
2019-07-19,Kokemäki Rausenkulma,,-1.0,-1.0
2019-07-19,Huittinen Sallila,,-1.0,-1.0
2019-07-19,Oripää Teinikivi,,-1.0,-1.0
2019-07-19,Pöytyä Yläne,,-1.0,-1.0
2019-07-19,Kokemäki Tulkkila,17.1,-1.0,-1.0
2019-07-19,Jokioinen Ilmala,17.5,-1.0,-1.0
2019-07-19,Nokia Tottijärvi,,-1.0,-1.0
2019-07-19,Pirkkala Tampere-Pirkkala lentoasema,17.1,,
2019-07-19,Tampere Härmälä,17.6,-1.0,-1.0
2019-07-19,Somero Salkola,17.6,-1.0,-1.0
2019-07-19,Hyvinkää Hyvinkäänkylä,17.6,-1.0,-1.0
2019-07-19,Vihti Hiiskula,,-1.0,-1.0
2019-07-19,Hämeenlinna Pirttikoski,,-1.0,-1.0
2019-07-19,Nurmijärvi Röykkä,18.1,-1.0,-1.0
2019-07-19,Hattula Lepaa,18.3,-1.0,-1.0
2019-07-19,Hämeenlinna Lammi Pappila,17.6,-1.0,-1.0
2019-07-19,Mäntsälä Hirvihaara Kuntomajantie,,-1.0,-1.0
2019-07-19,Asikkala Pulkkilanharju,18.1,,
2019-07-19,Hämeenlinna Lammi Evo,16.4,,
2019-07-19,Kouvola Utti lentoasema,16.9,-1.0,-1.0
2019-07-19,Kouvola Anjala,17.5,-1.0,-1.0
2019-07-19,Heinola Asemantaus,17.7,-1.0,-1.0
2019-07-19,Kouvola Voikoski,,-1.0,-1.0
2019-07-19,Virolahti Koivuniemi,17.0,0.0,-1.0
2019-07-19,Lappeenranta lentoasema,16.1,,
2019-07-19,Lappeenranta Konnunsuo,15.7,,
2019-07-19,Lappeenranta Lepola,16.1,0.9,-1.0
2019-07-19,Ruokolahti Kotaniemi,,1.7,-1.0
2019-07-19,Lappeenranta Hiekkapakka,16.0,,
2019-07-19,Parikkala Koitsanlahti,15.2,7.2,-1.0
2019-07-19,Kaskinen Sälgrund,13.3,-1.0,
2019-07-19,Merikarvia Tuorila,,-1.0,-1.0
2019-07-19,Isojoki Kärjenkoski,,-1.0,-1.0
2019-07-19,Teuva Kauppilankylä,,-1.0,-1.0
2019-07-19,Pori Tahkoluoto satama,13.4,,
2019-07-19,Kristiinankaupunki Majakka,13.6,,
2019-07-19,Karvia Alkkia,16.7,-1.0,-1.0
2019-07-19,Ikaalinen Vehuvarpee,,-1.0,-1.0
2019-07-19,Kurikka Hirvijärvi,,-1.0,-1.0
2019-07-19,Kauhajoki Kuja-Kokko,15.5,-1.0,-1.0
2019-07-19,Kankaanpää Niinisalo lentokenttä,18.4,-1.0,-1.0
2019-07-19,Alavus Sulkavankylä,,-1.0,-1.0
2019-07-19,Virrat Äijänneva,16.4,,
2019-07-19,Tampere Siilinkari,17.9,,
2019-07-19,Jämsä Halli lentoasema,17.5,-1.0,-1.0
2019-07-19,Juupajoki Hyytiälä,16.7,-1.0,-1.0
2019-07-19,Sysmä Joutsjärvi,,-1.0,-1.0
2019-07-19,Luhanka Tammijärvi,,-1.0,-1.0
2019-07-19,Jyväskylä Muuratjärvi,,-1.0,-1.0
2019-07-19,Luhanka Judinsalo,17.9,,
2019-07-19,Multia Pirttiperä,,-1.0,-1.0
2019-07-19,Joutsa Savenaho,16.1,-1.0,-1.0
2019-07-19,Kangasniemi kirkonkylä,,-1.0,-1.0
2019-07-19,Joutsa Pärnämäki,,0.0,-1.0
2019-07-19,Mikkeli Pitkähiekka,,0.0,-1.0
2019-07-19,Juva Partala,15.5,,
2019-07-19,Varkaus Kosulanniemi,16.9,0.2,-1.0
2019-07-19,Savonlinna Laukansaari,,3.4,-1.0
2019-07-19,Sulkava Halttula,,3.9,-1.0
2019-07-19,Savonlinna lentoasema,15.1,,
2019-07-19,Rantasalmi Rukkasluoto,15.9,,
2019-07-19,Savonlinna Punkaharju Laukansaari,15.1,5.6,-1.0
2019-07-19,Enonkoski Simanala,,5.4,-1.0
2019-07-19,Savonlinna Savonranta,,9.3,-1.0
2019-07-19,Rääkkylä kirkonkylä,,-1.0,-1.0
2019-07-19,Tohmajärvi Kemie,14.9,5.0,-1.0
2019-07-19,Joensuu Huhtilampi,,1.1,-1.0
2019-07-19,Vaasa lentoasema,15.9,,
2019-07-19,Mustasaari Valassaaret,16.4,,
2019-07-19,Närpiö Ylimarkku,,-1.0,-1.0
2019-07-19,Mustasaari Riimala,,-1.0,-1.0
2019-07-19,Kurikka Pyörni,,-1.0,-1.0
2019-07-19,Korsnäs Bredskäret,16.3,,
2019-07-19,Maalahti Strömmingsbådan,15.0,,
2019-07-19,Vaasa Klemettilä,16.6,-1.0,-1.0
2019-07-19,Seinäjoki Pelmaa,15.6,-1.0,-1.0
2019-07-19,Kauhava lentokenttä,16.1,-1.0,-1.0
2019-07-19,Ähtäri Inha,16.7,-1.0,-1.0
2019-07-19,Halsua Purola,14.4,-1.0,-1.0
2019-07-19,Alajärvi Möksy,15.1,-1.0,-1.0
2019-07-19,Multia Karhila,16.1,-1.0,-1.0
2019-07-19,Viitasaari Haapaniemi,16.8,-1.0,-1.0
2019-07-19,Äänekoski Kalaniemi,,-1.0,-1.0
2019-07-19,Viitasaari Kärnä,,-1.0,-1.0
2019-07-19,Vesanto kirkonkylä,15.8,-1.0,-1.0
2019-07-19,Pielavesi Venetmäki,,-1.0,-1.0
2019-07-19,Siilinjärvi Kuopio lentoasema,16.9,,
2019-07-19,Kuopio Maaninka,16.1,-1.0,-1.0
2019-07-19,Lapinlahti Lamminkäyrä,,-1.0,-1.0
2019-07-19,Suonenjoki Iisvesi,,0.0,-1.0
2019-07-19,Kuopio Karttula,,-1.0,-1.0
2019-07-19,Kuopio Ritoniemi,17.1,,
2019-07-19,Kuopio Savilahti,16.7,0.3,-1.0
2019-07-19,Heinävesi Palokki,,5.3,-1.0
2019-07-19,Outokumpu Viuruniemi,,6.4,-1.0
2019-07-19,Rautavaara Ala-Luosta,,1.5,-1.0
2019-07-19,Rautavaara Ylä-Luosta,16.4,1.8,-1.0
2019-07-19,Liperi Joensuu lentoasema,14.9,,
2019-07-19,Juuka Niemelä,15.6,0.8,-1.0
2019-07-19,Joensuu Pyhäselkä,,9.4,-1.0
2019-07-19,Lieksa Koli,,5.3,-1.0
2019-07-19,Liperi Tuiskavanluoto,15.6,,
2019-07-19,Joensuu Linnunlahti,14.7,11.6,-1.0
2019-07-19,Lieksa Lampela,15.5,3.7,-1.0
2019-07-19,Ilomantsi Naarva,,6.1,-1.0
2019-07-19,Ilomantsi Pötsönvaara,14.0,4.6,-1.0
2019-07-19,Ilomantsi Mekrijärvi,14.5,3.5,-1.0
2019-07-19,Pietarsaari Kallan,13.8,,
2019-07-19,Kokkola Tankar,15.0,,
2019-07-19,Kruunupyy Kokkola-Pietarsaari lentoasema,15.2,,
2019-07-19,Kaustinen Tastula,,-1.0,-1.0
2019-07-19,Kalajoki Ulkokalla,15.7,,
2019-07-19,Toholampi Oravala,,-1.0,-1.0
2019-07-19,Kalajoki Pitkäsenkylä,,-1.0,-1.0
2019-07-19,Kalajoki Mehtäkylä,,-1.0,-1.0
2019-07-19,Toholampi Laitala,14.7,-1.0,-1.0
2019-07-19,Ylivieska lentokenttä,14.8,-1.0,-1.0
2019-07-19,Ylivieska Vähäkangas,,-1.0,-1.0
2019-07-19,Haapavesi Mustikkamäki,16.0,-1.0,-1.0
2019-07-19,Pyhäjärvi Ojakylä,14.3,-1.0,-1.0
2019-07-19,Pyhäjärvi Hiidenniemi,,-1.0,-1.0
2019-07-19,Kiuruvesi Korpijoki,,-1.0,-1.0
2019-07-19,Siikalatva Kestilä,,-1.0,-1.0
2019-07-19,Kajaani lentoasema,15.1,,
2019-07-19,Vieremä Kaarakkala,14.4,-1.0,-1.0
2019-07-19,Kajaani Paltaniemi,,-1.0,-1.0
2019-07-19,Nurmes Valtimo,16.7,4.1,-1.0
2019-07-19,Ristijärvi Mustavaara,,-1.0,-1.0
2019-07-19,Sotkamo Kuolaniemi,16.1,-1.0,-1.0
2019-07-19,Nurmes Mujejärvi,,3.4,-1.0
2019-07-19,Kuhmo Apaja,,0.1,-1.0
2019-07-19,Kuhmo Kalliojoki,14.7,0.2,-1.0
2019-07-19,Raahe Nahkiainen,15.0,,
2019-07-19,Hailuoto Keskikylä,14.5,-1.0,-1.0
2019-07-19,Kemi I majakka,15.2,,
2019-07-19,Hailuoto Marjaniemi,15.5,,
2019-07-19,Raahe Lapaluoto satama,14.9,,
2019-07-19,Oulu lentoasema,15.9,,
2019-07-19,Siikajoki Ruukki,14.6,-1.0,-1.0
2019-07-19,Oulu Vihreäsaari satama,15.0,,
2019-07-19,Oulu Oulunsalo Pellonpää,15.0,-1.0,-1.0
2019-07-19,Vaala Pelso,13.7,-1.0,-1.0
2019-07-19,Pudasjärvi lentokenttä,14.1,-1.0,-1.0
2019-07-19,Utajärvi Särkijärvi,,0.0,-1.0
2019-07-19,Pudasjärvi Jaurakkajärvi,,0.0,-1.0
2019-07-19,Suomussalmi Näljänkä,,-1.0,-1.0
2019-07-19,Suomussalmi Pesiö,13.5,0.2,-1.0
2019-07-19,Puolanka Kotila,,-1.0,-1.0
2019-07-19,Puolanka Paljakka,13.8,-1.0,-1.0
2019-07-19,Kemi Kemi-Tornio lentoasema,14.7,,
2019-07-19,Kemi Ajos,16.2,,
2019-07-19,Tornio Kaakkuri,15.6,-1.0,-1.0
2019-07-19,Ranua lentokenttä,13.6,-1.0,-1.0
2019-07-19,Pudasjärvi Sarakylä,,-1.0,-1.0
2019-07-19,Posio Raistakka,,0.3,-1.0
2019-07-19,Taivalkoski Inkee,,0.3,-1.0
2019-07-19,Taivalkoski kirkonkylä,13.1,-1.0,-1.0
2019-07-19,Kuusamo lentoasema,12.4,,
2019-07-19,Kuusamo Kiutaköngäs,12.6,0.1,-1.0
2019-07-19,Kuusamo Rukatunturi,10.2,,
2019-07-19,Kuusamo Teeriranta,,-1.0,-1.0
2019-07-19,Kuusamo Juuma,11.6,,
2019-07-19,Ylitornio Meltosjärvi,14.5,-1.0,-1.0
2019-07-19,Kolari Kattilamaa,,-1.0,-1.0
2019-07-19,Pello kirkonkylä,15.4,-1.0,-1.0
2019-07-19,Kittilä Alakylä,,-1.0,-1.0
2019-07-19,Rovaniemi rautatieasema,15.4,,
2019-07-19,Sodankylä Tähtelä,13.4,-1.0,-1.0
2019-07-19,Rovaniemi Apukka,14.4,-1.0,
2019-07-19,Pelkosenniemi kirkonkylä,,-1.0,-1.0
2019-07-19,Kemijärvi lentokenttä,12.4,-1.0,-1.0
2019-07-19,Savukoski kirkonkylä,12.6,0.2,-1.0
2019-07-19,Salla Kelloselkä,,1.4,-1.0
2019-07-19,Pelkosenniemi Pyhätunturi,10.3,,
2019-07-19,Salla kirkonkylä,12.3,-1.0,-1.0
2019-07-19,Salla Naruska,11.6,0.3,-1.0
2019-07-19,Enontekiö Kaaresuvanto,,-1.0,-1.0
2019-07-19,Kittilä Pulju,,-1.0,-1.0
2019-07-19,Muonio Laukukero,10.1,,
2019-07-19,Muonio Sammaltunturi,12.6,,
2019-07-19,Kittilä Matorova,13.4,,
2019-07-19,Kittilä lentoasema,14.1,,
2019-07-19,Kittilä Kenttärova,13.2,-1.0,-1.0
2019-07-19,Kittilä Pakatti,14.1,-1.0,-1.0
2019-07-19,Kittilä Pokka,13.3,0.9,-1.0
2019-07-19,Sodankylä Lokka,11.9,-1.0,-1.0
2019-07-19,Sodankylä Vuotso,12.5,0.1,-1.0
2019-07-19,Inari Saariselkä matkailukeskus,12.1,-1.0,-1.0
2019-07-19,Inari Saariselkä Kaunispää,11.3,,
2019-07-19,Inari Raja-Jooseppi Kontiojärvi,,0.0,-1.0
2019-07-19,Inari Raja-Jooseppi,11.8,,
2019-07-19,Salla Värriötunturi,10.6,2.5,-1.0
2019-07-19,Enontekiö Kilpisjärvi kyläkeskus,13.6,-1.0,-1.0
2019-07-19,Enontekiö Kilpisjärvi Saana,11.0,,
2019-07-19,Enontekiö Näkkälä,13.3,-1.0,-1.0
2019-07-19,Inari Angeli Lintupuoliselkä,13.3,-1.0,-1.0
2019-07-19,Inari Ivalo lentoasema,13.3,,
2019-07-19,Utsjoki Kevo,13.1,-1.0,-1.0
2019-07-19,Utsjoki Nuorgam,11.3,0.4,-1.0
2019-07-19,Inari Väylä,12.1,,
2019-07-19,Inari kirkonkylä,,0.5,-1.0
2019-07-19,Inari Kaamanen,12.1,0.1,-1.0
2019-07-19,Inari Nellim,12.4,0.2,-1.0
2019-07-19,Inari Kirakkajärvi,11.7,1.2,-1.0
2019-07-19,Mäntsälä Hirvihaara,17.3,-1.0,-1.0
2019-07-19,Lahti Sopenkorpi,19.1,-1.0,-1.0
2019-07-19,Siuntio Sjundby,,-1.0,-1.0
2019-07-19,Sipoo Itätoukki,18.6,,
2019-07-19,Rauma Pyynpää,16.1,-1.0,-1.0
2019-07-19,Muonio Oustajärvi,14.8,-1.0,-1.0
2019-07-19,Kajaani Petäisenniska,15.0,0.9,-1.0
2019-07-19,Utsjoki Kevo Kevojärvi,12.9,,
2019-07-19,Inari Seitalaassa,11.6,,
2019-07-19,Rovaniemi lentoasema AWOS,14.2,-1.0,-1.0
2019-07-19,Jyväskylä lentoasema AWOS,16.8,-1.0,-1.0
2019-07-19,Puumala kirkonkylä,15.9,1.4,-1.0
2019-07-19,Helsinki Vuosaari satama,19.2,,
2019-07-19,Maarianhamina Länsisatama,17.8,,
2019-07-19,Lumparland Långnäs satama,18.0,-1.0,-1.0
2019-07-19,Tampere Tampella,19.6,,
2019-07-19,Kittilä Lompolonvuoma,13.1,-1.0,
2019-07-19,Kuusamo Ruka Talvijärvi,11.9,,
2019-07-19,Espoo Nuuksio,18.6,-1.0,-1.0
2019-07-19,Mikkeli Lentoasema AWOS,16.0,0.1,-1.0
2019-07-19,Espoo Tapiola,19.0,-1.0,-1.0
2019-07-20,Porvoo Kilpilahti satama,19.6,,
2019-07-20,Jomala Maarianhamina lentoasema,17.4,,
2019-07-20,Parainen Utö,18.9,-1.0,-1.0
2019-07-20,Lemland Nyhamn,18.8,,
2019-07-20,Jomala Jomalaby,18.2,-1.0,-1.0
2019-07-20,Hammarland Märket,18.0,,
2019-07-20,Kökar Bogskär,18.5,,
2019-07-20,Parainen Fagerholm,19.8,-1.0,
2019-07-20,Kumlinge kirkonkylä,19.2,,
2019-07-20,Hanko Russarö,19.3,-1.0,
2019-07-20,Kaarina Yltöinen,18.7,-1.0,-1.0
2019-07-20,Kemiönsaari Vänö,19.4,,
2019-07-20,Hanko Tulliniemi,18.7,,
2019-07-20,Turku Rajakari,19.5,,
2019-07-20,Turku Artukainen,20.1,-1.0,-1.0
2019-07-20,Kemiönsaari Kemiö,19.3,-1.0,-1.0
2019-07-20,Hanko Tvärminne,20.5,-1.0,-1.0
2019-07-20,Salo Kärkkä,19.3,-1.0,
2019-07-20,Lohja Leppäkorpi,,0.0,-1.0
2019-07-20,Raasepori Jussarö,18.4,,
2019-07-20,Salo Kiikala lentokenttä,19.2,-1.0,-1.0
2019-07-20,Vantaa Helsinki-Vantaan lentoasema,20.3,-1.0,-1.0
2019-07-20,Inkoo Bågaskär,19.4,,
2019-07-20,Helsinki Kaisaniemi,19.7,-1.0,-1.0
2019-07-20,Lohja Porla,19.5,-1.0,-1.0
2019-07-20,Vihti Maasoja,17.6,,
2019-07-20,Helsinki Harmaja,18.6,,
2019-07-20,Kirkkonummi Mäkiluoto,18.7,,
2019-07-20,Helsinki Helsingin majakka,18.4,,
2019-07-20,Helsinki Kumpula,19.8,-1.0,-1.0
2019-07-20,Helsinki Malmi lentokenttä,18.7,,
2019-07-20,Porvoo Emäsalo,18.8,,
2019-07-20,Porvoo Harabacka,19.7,-1.0,-1.0
2019-07-20,Kotka Rankki,18.6,-1.0,-1.0
2019-07-20,Loviisa Orrengrund,18.7,,
2019-07-20,Kotka Haapasaari,18.6,,
2019-07-20,Pori lentoasema,17.7,,
2019-07-20,Uusikaupunki Itätulli,,-1.0,-1.0
2019-07-20,Laitila Haukka,,-1.0,-1.0
2019-07-20,Kustavi Isokari,17.7,-1.0,
2019-07-20,Rauma Kylmäpihlaja,15.6,,
2019-07-20,Pori rautatieasema,18.3,-1.0,-1.0
2019-07-20,Turku lentoasema,18.9,,
2019-07-20,Kokemäki Rausenkulma,,-1.0,-1.0
2019-07-20,Huittinen Sallila,,-1.0,-1.0
2019-07-20,Oripää Teinikivi,,-1.0,-1.0
2019-07-20,Pöytyä Yläne,,-1.0,-1.0
2019-07-20,Kokemäki Tulkkila,18.1,-1.0,-1.0
2019-07-20,Jokioinen Ilmala,19.0,-1.0,-1.0
2019-07-20,Nokia Tottijärvi,,-1.0,-1.0
2019-07-20,Pirkkala Tampere-Pirkkala lentoasema,18.3,,
2019-07-20,Tampere Härmälä,18.2,-1.0,-1.0
2019-07-20,Somero Salkola,19.0,-1.0,-1.0
2019-07-20,Hyvinkää Hyvinkäänkylä,18.0,-1.0,-1.0
2019-07-20,Vihti Hiiskula,,-1.0,-1.0
2019-07-20,Hämeenlinna Pirttikoski,,-1.0,-1.0
2019-07-20,Nurmijärvi Röykkä,18.9,-1.0,-1.0
2019-07-20,Hattula Lepaa,18.6,-1.0,-1.0
2019-07-20,Hämeenlinna Lammi Pappila,17.3,-1.0,-1.0
2019-07-20,Mäntsälä Hirvihaara Kuntomajantie,,-1.0,-1.0
2019-07-20,Asikkala Pulkkilanharju,19.0,,
2019-07-20,Hämeenlinna Lammi Evo,16.5,,
2019-07-20,Kouvola Utti lentoasema,19.1,-1.0,-1.0
2019-07-20,Kouvola Anjala,18.7,-1.0,-1.0
2019-07-20,Heinola Asemantaus,18.9,-1.0,-1.0
2019-07-20,Kouvola Voikoski,,-1.0,-1.0
2019-07-20,Virolahti Koivuniemi,17.6,-1.0,-1.0
2019-07-20,Lappeenranta lentoasema,17.1,,
2019-07-20,Lappeenranta Konnunsuo,16.6,,
2019-07-20,Lappeenranta Lepola,17.4,-1.0,-1.0
2019-07-20,Ruokolahti Kotaniemi,,-1.0,-1.0
2019-07-20,Lappeenranta Hiekkapakka,17.0,,
2019-07-20,Parikkala Koitsanlahti,16.4,-1.0,-1.0
2019-07-20,Kaskinen Sälgrund,15.6,-1.0,
2019-07-20,Merikarvia Tuorila,,-1.0,-1.0
2019-07-20,Isojoki Kärjenkoski,,-1.0,-1.0
2019-07-20,Teuva Kauppilankylä,,-1.0,-1.0
2019-07-20,Pori Tahkoluoto satama,14.8,,
2019-07-20,Kristiinankaupunki Majakka,16.1,,
2019-07-20,Karvia Alkkia,17.5,-1.0,-1.0
2019-07-20,Ikaalinen Vehuvarpee,,-1.0,-1.0
2019-07-20,Kurikka Hirvijärvi,,-1.0,-1.0
2019-07-20,Kauhajoki Kuja-Kokko,16.7,-1.0,-1.0
2019-07-20,Kankaanpää Niinisalo lentokenttä,20.1,-1.0,-1.0
2019-07-20,Alavus Sulkavankylä,,-1.0,-1.0
2019-07-20,Virrat Äijänneva,16.8,,
2019-07-20,Tampere Siilinkari,19.4,,
2019-07-20,Jämsä Halli lentoasema,18.4,-1.0,-1.0
2019-07-20,Juupajoki Hyytiälä,17.3,-1.0,-1.0
2019-07-20,Sysmä Joutsjärvi,,-1.0,-1.0
2019-07-20,Luhanka Tammijärvi,,-1.0,-1.0
2019-07-20,Jyväskylä Muuratjärvi,,-1.0,-1.0
2019-07-20,Luhanka Judinsalo,18.9,,
2019-07-20,Multia Pirttiperä,,-1.0,-1.0
2019-07-20,Joutsa Savenaho,17.6,-1.0,-1.0
2019-07-20,Kangasniemi kirkonkylä,,-1.0,-1.0
2019-07-20,Joutsa Pärnämäki,,-1.0,-1.0
2019-07-20,Mikkeli Pitkähiekka,,-1.0,-1.0
2019-07-20,Juva Partala,16.9,,
2019-07-20,Varkaus Kosulanniemi,18.2,-1.0,-1.0
2019-07-20,Savonlinna Laukansaari,,-1.0,-1.0
2019-07-20,Sulkava Halttula,,-1.0,-1.0
2019-07-20,Savonlinna lentoasema,16.1,,
2019-07-20,Rantasalmi Rukkasluoto,16.9,,
2019-07-20,Savonlinna Punkaharju Laukansaari,16.5,-1.0,-1.0
2019-07-20,Enonkoski Simanala,,0.0,-1.0
2019-07-20,Savonlinna Savonranta,,-1.0,-1.0
2019-07-20,Rääkkylä kirkonkylä,,-1.0,-1.0
2019-07-20,Tohmajärvi Kemie,16.2,-1.0,-1.0
2019-07-20,Joensuu Huhtilampi,,0.0,-1.0
2019-07-20,Vaasa lentoasema,17.2,,
2019-07-20,Mustasaari Valassaaret,17.7,,
2019-07-20,Närpiö Ylimarkku,,-1.0,-1.0
2019-07-20,Mustasaari Riimala,,-1.0,-1.0
2019-07-20,Kurikka Pyörni,,-1.0,-1.0
2019-07-20,Korsnäs Bredskäret,16.3,,
2019-07-20,Maalahti Strömmingsbådan,16.6,,
2019-07-20,Vaasa Klemettilä,17.5,-1.0,-1.0
2019-07-20,Seinäjoki Pelmaa,17.0,-1.0,-1.0
2019-07-20,Kauhava lentokenttä,17.4,-1.0,-1.0
2019-07-20,Ähtäri Inha,17.3,-1.0,-1.0
2019-07-20,Halsua Purola,15.4,-1.0,-1.0
2019-07-20,Alajärvi Möksy,15.9,-1.0,-1.0
2019-07-20,Multia Karhila,16.7,-1.0,-1.0
2019-07-20,Viitasaari Haapaniemi,18.4,-1.0,-1.0
2019-07-20,Äänekoski Kalaniemi,,-1.0,-1.0
2019-07-20,Viitasaari Kärnä,,-1.0,-1.0
2019-07-20,Vesanto kirkonkylä,17.1,-1.0,-1.0
2019-07-20,Pielavesi Venetmäki,,-1.0,-1.0
2019-07-20,Siilinjärvi Kuopio lentoasema,17.9,,
2019-07-20,Kuopio Maaninka,18.0,-1.0,-1.0
2019-07-20,Lapinlahti Lamminkäyrä,,-1.0,-1.0
2019-07-20,Suonenjoki Iisvesi,,-1.0,-1.0
2019-07-20,Kuopio Karttula,,-1.0,-1.0
2019-07-20,Kuopio Ritoniemi,17.9,,
2019-07-20,Kuopio Savilahti,18.0,-1.0,-1.0
2019-07-20,Heinävesi Palokki,,-1.0,-1.0
2019-07-20,Outokumpu Viuruniemi,,-1.0,-1.0
2019-07-20,Rautavaara Ala-Luosta,,-1.0,-1.0
2019-07-20,Rautavaara Ylä-Luosta,16.4,-1.0,-1.0
2019-07-20,Liperi Joensuu lentoasema,16.7,,
2019-07-20,Juuka Niemelä,16.3,-1.0,-1.0
2019-07-20,Joensuu Pyhäselkä,,0.1,-1.0
2019-07-20,Lieksa Koli,,-1.0,-1.0
2019-07-20,Liperi Tuiskavanluoto,16.8,,
2019-07-20,Joensuu Linnunlahti,16.4,-1.0,-1.0
2019-07-20,Lieksa Lampela,16.7,-1.0,-1.0
2019-07-20,Ilomantsi Naarva,,0.0,-1.0
2019-07-20,Ilomantsi Pötsönvaara,15.4,-1.0,-1.0
2019-07-20,Ilomantsi Mekrijärvi,16.3,-1.0,-1.0
2019-07-20,Pietarsaari Kallan,15.5,,
2019-07-20,Kokkola Tankar,16.6,,
2019-07-20,Kruunupyy Kokkola-Pietarsaari lentoasema,16.8,,
2019-07-20,Kaustinen Tastula,,-1.0,-1.0
2019-07-20,Kalajoki Ulkokalla,16.8,,
2019-07-20,Toholampi Oravala,,-1.0,-1.0
2019-07-20,Kalajoki Pitkäsenkylä,,-1.0,-1.0
2019-07-20,Kalajoki Mehtäkylä,,-1.0,-1.0
2019-07-20,Toholampi Laitala,15.7,-1.0,-1.0
2019-07-20,Ylivieska lentokenttä,15.7,-1.0,-1.0
2019-07-20,Ylivieska Vähäkangas,,-1.0,-1.0
2019-07-20,Haapavesi Mustikkamäki,17.0,-1.0,-1.0
2019-07-20,Pyhäjärvi Ojakylä,15.5,-1.0,-1.0
2019-07-20,Pyhäjärvi Hiidenniemi,,-1.0,-1.0
2019-07-20,Kiuruvesi Korpijoki,,-1.0,-1.0
2019-07-20,Siikalatva Kestilä,,-1.0,-1.0
2019-07-20,Kajaani lentoasema,15.8,,
2019-07-20,Vieremä Kaarakkala,17.3,-1.0,-1.0
2019-07-20,Kajaani Paltaniemi,,-1.0,-1.0
2019-07-20,Nurmes Valtimo,17.0,-1.0,-1.0
2019-07-20,Ristijärvi Mustavaara,,-1.0,-1.0
2019-07-20,Sotkamo Kuolaniemi,16.2,-1.0,-1.0
2019-07-20,Nurmes Mujejärvi,,-1.0,-1.0
2019-07-20,Kuhmo Apaja,,-1.0,-1.0
2019-07-20,Kuhmo Kalliojoki,16.0,-1.0,-1.0
2019-07-20,Raahe Nahkiainen,16.6,,
2019-07-20,Hailuoto Keskikylä,16.1,-1.0,-1.0
2019-07-20,Kemi I majakka,17.2,,
2019-07-20,Hailuoto Marjaniemi,16.5,,
2019-07-20,Raahe Lapaluoto satama,16.2,,
2019-07-20,Oulu lentoasema,17.5,,
2019-07-20,Siikajoki Ruukki,15.7,-1.0,-1.0
2019-07-20,Oulu Vihreäsaari satama,16.7,,
2019-07-20,Oulu Oulunsalo Pellonpää,16.5,-1.0,-1.0
2019-07-20,Vaala Pelso,15.7,-1.0,-1.0
2019-07-20,Pudasjärvi lentokenttä,16.9,-1.0,-1.0
2019-07-20,Utajärvi Särkijärvi,,0.0,-1.0
2019-07-20,Pudasjärvi Jaurakkajärvi,,-1.0,-1.0
2019-07-20,Suomussalmi Näljänkä,,-1.0,-1.0
2019-07-20,Suomussalmi Pesiö,15.1,0.8,-1.0
2019-07-20,Puolanka Kotila,,-1.0,-1.0
2019-07-20,Puolanka Paljakka,14.9,-1.0,-1.0
2019-07-20,Kemi Kemi-Tornio lentoasema,15.6,,
2019-07-20,Kemi Ajos,16.9,,
2019-07-20,Tornio Kaakkuri,16.9,-1.0,-1.0
2019-07-20,Ranua lentokenttä,15.8,-1.0,-1.0
2019-07-20,Pudasjärvi Sarakylä,,-1.0,-1.0
2019-07-20,Posio Raistakka,,-1.0,-1.0
2019-07-20,Taivalkoski Inkee,,-1.0,-1.0
2019-07-20,Taivalkoski kirkonkylä,15.5,-1.0,-1.0
2019-07-20,Kuusamo lentoasema,15.8,,
2019-07-20,Kuusamo Kiutaköngäs,16.3,-1.0,-1.0
2019-07-20,Kuusamo Rukatunturi,14.9,,
2019-07-20,Kuusamo Teeriranta,,-1.0,-1.0
2019-07-20,Kuusamo Juuma,15.3,,
2019-07-20,Ylitornio Meltosjärvi,17.0,-1.0,-1.0
2019-07-20,Kolari Kattilamaa,,-1.0,-1.0
2019-07-20,Pello kirkonkylä,18.4,-1.0,-1.0
2019-07-20,Kittilä Alakylä,,-1.0,-1.0
2019-07-20,Rovaniemi rautatieasema,17.9,,
2019-07-20,Sodankylä Tähtelä,16.1,-1.0,-1.0
2019-07-20,Rovaniemi Apukka,16.1,-1.0,
2019-07-20,Pelkosenniemi kirkonkylä,,-1.0,-1.0
2019-07-20,Kemijärvi lentokenttä,15.5,-1.0,-1.0
2019-07-20,Savukoski kirkonkylä,15.6,-1.0,-1.0
2019-07-20,Salla Kelloselkä,,-1.0,-1.0
2019-07-20,Pelkosenniemi Pyhätunturi,14.9,,
2019-07-20,Salla kirkonkylä,15.1,-1.0,-1.0
2019-07-20,Salla Naruska,14.7,-1.0,-1.0
2019-07-20,Enontekiö Kaaresuvanto,,-1.0,-1.0
2019-07-20,Kittilä Pulju,,-1.0,-1.0
2019-07-20,Muonio Laukukero,14.5,,
2019-07-20,Muonio Sammaltunturi,16.0,,
2019-07-20,Kittilä Matorova,17.5,,
2019-07-20,Kittilä lentoasema,16.4,,
2019-07-20,Kittilä Kenttärova,16.8,-1.0,-1.0
2019-07-20,Kittilä Pakatti,16.7,-1.0,-1.0
2019-07-20,Kittilä Pokka,16.0,-1.0,-1.0
2019-07-20,Sodankylä Lokka,13.9,-1.0,-1.0
2019-07-20,Sodankylä Vuotso,14.9,-1.0,-1.0
2019-07-20,Inari Saariselkä matkailukeskus,14.6,-1.0,-1.0
2019-07-20,Inari Saariselkä Kaunispää,15.6,,
2019-07-20,Inari Raja-Jooseppi Kontiojärvi,,-1.0,-1.0
2019-07-20,Inari Raja-Jooseppi,17.0,,
2019-07-20,Salla Värriötunturi,14.6,-1.0,-1.0
2019-07-20,Enontekiö Kilpisjärvi kyläkeskus,16.5,-1.0,-1.0
2019-07-20,Enontekiö Kilpisjärvi Saana,13.5,,
2019-07-20,Enontekiö Näkkälä,17.4,-1.0,-1.0
2019-07-20,Inari Angeli Lintupuoliselkä,17.8,-1.0,-1.0
2019-07-20,Inari Ivalo lentoasema,17.1,,
2019-07-20,Utsjoki Kevo,17.8,-1.0,-1.0
2019-07-20,Utsjoki Nuorgam,16.5,-1.0,-1.0
2019-07-20,Inari Väylä,15.9,,
2019-07-20,Inari kirkonkylä,,-1.0,-1.0
2019-07-20,Inari Kaamanen,17.1,-1.0,-1.0
2019-07-20,Inari Nellim,16.6,-1.0,-1.0
2019-07-20,Inari Kirakkajärvi,17.3,-1.0,-1.0
2019-07-20,Mäntsälä Hirvihaara,17.1,-1.0,-1.0
2019-07-20,Lahti Sopenkorpi,19.7,-1.0,-1.0
2019-07-20,Siuntio Sjundby,,-1.0,-1.0
2019-07-20,Sipoo Itätoukki,18.6,,
2019-07-20,Rauma Pyynpää,18.1,-1.0,-1.0
2019-07-20,Muonio Oustajärvi,17.2,-1.0,
2019-07-20,Kajaani Petäisenniska,16.6,-1.0,-1.0
2019-07-20,Utsjoki Kevo Kevojärvi,16.9,,
2019-07-20,Inari Seitalaassa,15.7,,
2019-07-20,Rovaniemi lentoasema AWOS,16.6,-1.0,-1.0
2019-07-20,Jyväskylä lentoasema AWOS,17.8,-1.0,-1.0
2019-07-20,Puumala kirkonkylä,16.8,-1.0,-1.0
2019-07-20,Helsinki Vuosaari satama,18.7,,
2019-07-20,Maarianhamina Länsisatama,17.9,,
2019-07-20,Lumparland Långnäs satama,19.2,-1.0,-1.0
2019-07-20,Tampere Tampella,20.6,,
2019-07-20,Kittilä Lompolonvuoma,16.3,-1.0,
2019-07-20,Kuusamo Ruka Talvijärvi,15.8,,
2019-07-20,Espoo Nuuksio,19.8,-1.0,-1.0
2019-07-20,Mikkeli Lentoasema AWOS,17.7,-1.0,-1.0
2019-07-20,Espoo Tapiola,18.5,-1.0,-1.0
2019-07-21,Porvoo Kilpilahti satama,19.1,,
2019-07-21,Jomala Maarianhamina lentoasema,18.6,,
2019-07-21,Parainen Utö,19.7,-1.0,-1.0
2019-07-21,Lemland Nyhamn,19.1,,
2019-07-21,Jomala Jomalaby,18.9,0.1,-1.0
2019-07-21,Hammarland Märket,17.6,,
2019-07-21,Kökar Bogskär,19.0,,
2019-07-21,Parainen Fagerholm,20.2,-1.0,
2019-07-21,Kumlinge kirkonkylä,20.2,,
2019-07-21,Hanko Russarö,19.9,-1.0,
2019-07-21,Kaarina Yltöinen,19.4,-1.0,-1.0
2019-07-21,Kemiönsaari Vänö,20.4,,
2019-07-21,Hanko Tulliniemi,20.1,,
2019-07-21,Turku Rajakari,19.6,,
2019-07-21,Turku Artukainen,21.0,-1.0,-1.0
2019-07-21,Kemiönsaari Kemiö,20.0,-1.0,-1.0
2019-07-21,Hanko Tvärminne,20.1,-1.0,-1.0
2019-07-21,Salo Kärkkä,20.3,-1.0,
2019-07-21,Lohja Leppäkorpi,,0.0,-1.0
2019-07-21,Raasepori Jussarö,19.5,,
2019-07-21,Salo Kiikala lentokenttä,21.0,-1.0,-1.0
2019-07-21,Vantaa Helsinki-Vantaan lentoasema,21.7,-1.0,-1.0
2019-07-21,Inkoo Bågaskär,19.9,,
2019-07-21,Helsinki Kaisaniemi,20.5,-1.0,-1.0
2019-07-21,Lohja Porla,20.5,-1.0,-1.0
2019-07-21,Vihti Maasoja,18.2,,
2019-07-21,Helsinki Harmaja,19.5,,
2019-07-21,Kirkkonummi Mäkiluoto,19.8,,
2019-07-21,Helsinki Helsingin majakka,19.6,,
2019-07-21,Helsinki Kumpula,21.1,-1.0,-1.0
2019-07-21,Helsinki Malmi lentokenttä,20.0,,
2019-07-21,Porvoo Emäsalo,19.8,,
2019-07-21,Porvoo Harabacka,20.2,-1.0,-1.0
2019-07-21,Kotka Rankki,19.1,-1.0,-1.0
2019-07-21,Loviisa Orrengrund,18.7,,
2019-07-21,Kotka Haapasaari,19.3,,
2019-07-21,Pori lentoasema,19.8,,
2019-07-21,Uusikaupunki Itätulli,,-1.0,-1.0
2019-07-21,Laitila Haukka,,-1.0,-1.0
2019-07-21,Kustavi Isokari,19.2,-1.0,
2019-07-21,Rauma Kylmäpihlaja,18.9,,
2019-07-21,Pori rautatieasema,20.4,-1.0,-1.0
2019-07-21,Turku lentoasema,19.5,,
2019-07-21,Kokemäki Rausenkulma,,-1.0,-1.0
2019-07-21,Huittinen Sallila,,-1.0,-1.0
2019-07-21,Oripää Teinikivi,,-1.0,-1.0
2019-07-21,Pöytyä Yläne,,-1.0,-1.0
2019-07-21,Kokemäki Tulkkila,19.9,-1.0,-1.0
2019-07-21,Jokioinen Ilmala,20.0,-1.0,-1.0
2019-07-21,Nokia Tottijärvi,,-1.0,-1.0
2019-07-21,Pirkkala Tampere-Pirkkala lentoasema,20.5,,
2019-07-21,Tampere Härmälä,20.9,-1.0,-1.0
2019-07-21,Somero Salkola,20.3,-1.0,-1.0
2019-07-21,Hyvinkää Hyvinkäänkylä,19.8,-1.0,-1.0
2019-07-21,Vihti Hiiskula,,-1.0,-1.0
2019-07-21,Hämeenlinna Pirttikoski,,-1.0,-1.0
2019-07-21,Nurmijärvi Röykkä,20.7,-1.0,-1.0
2019-07-21,Hattula Lepaa,20.6,-1.0,-1.0
2019-07-21,Hämeenlinna Lammi Pappila,19.8,-1.0,-1.0
2019-07-21,Mäntsälä Hirvihaara Kuntomajantie,,-1.0,-1.0
2019-07-21,Asikkala Pulkkilanharju,20.5,,
2019-07-21,Hämeenlinna Lammi Evo,18.4,,
2019-07-21,Kouvola Utti lentoasema,20.2,-1.0,-1.0
2019-07-21,Kouvola Anjala,18.8,-1.0,-1.0
2019-07-21,Heinola Asemantaus,20.3,-1.0,-1.0
2019-07-21,Kouvola Voikoski,,-1.0,-1.0
2019-07-21,Virolahti Koivuniemi,17.4,-1.0,-1.0
2019-07-21,Lappeenranta lentoasema,19.1,,
2019-07-21,Lappeenranta Konnunsuo,17.2,,
2019-07-21,Lappeenranta Lepola,19.8,-1.0,-1.0
2019-07-21,Ruokolahti Kotaniemi,,-1.0,-1.0
2019-07-21,Lappeenranta Hiekkapakka,19.9,,
2019-07-21,Parikkala Koitsanlahti,17.2,-1.0,-1.0
2019-07-21,Kaskinen Sälgrund,17.7,-1.0,
2019-07-21,Merikarvia Tuorila,,-1.0,-1.0
2019-07-21,Isojoki Kärjenkoski,,-1.0,-1.0
2019-07-21,Teuva Kauppilankylä,,-1.0,-1.0
2019-07-21,Pori Tahkoluoto satama,18.5,,
2019-07-21,Kristiinankaupunki Majakka,18.1,,
2019-07-21,Karvia Alkkia,19.7,-1.0,-1.0
2019-07-21,Ikaalinen Vehuvarpee,,-1.0,-1.0
2019-07-21,Kurikka Hirvijärvi,,-1.0,-1.0
2019-07-21,Kauhajoki Kuja-Kokko,19.0,-1.0,-1.0
2019-07-21,Kankaanpää Niinisalo lentokenttä,21.0,-1.0,-1.0
2019-07-21,Alavus Sulkavankylä,,-1.0,-1.0
2019-07-21,Virrat Äijänneva,18.6,,
2019-07-21,Tampere Siilinkari,21.6,,
2019-07-21,Jämsä Halli lentoasema,20.7,-1.0,-1.0
2019-07-21,Juupajoki Hyytiälä,18.4,-1.0,-1.0
2019-07-21,Sysmä Joutsjärvi,,-1.0,-1.0
2019-07-21,Luhanka Tammijärvi,,-1.0,-1.0
2019-07-21,Jyväskylä Muuratjärvi,,-1.0,-1.0
2019-07-21,Luhanka Judinsalo,20.6,,
2019-07-21,Multia Pirttiperä,,-1.0,-1.0
2019-07-21,Joutsa Savenaho,18.4,-1.0,-1.0
2019-07-21,Kangasniemi kirkonkylä,,-1.0,-1.0
2019-07-21,Joutsa Pärnämäki,,-1.0,-1.0
2019-07-21,Mikkeli Pitkähiekka,,-1.0,-1.0
2019-07-21,Juva Partala,18.1,,
2019-07-21,Varkaus Kosulanniemi,19.7,-1.0,-1.0
2019-07-21,Savonlinna Laukansaari,,-1.0,-1.0
2019-07-21,Sulkava Halttula,,-1.0,-1.0
2019-07-21,Savonlinna lentoasema,17.7,,
2019-07-21,Rantasalmi Rukkasluoto,20.3,,
2019-07-21,Savonlinna Punkaharju Laukansaari,17.1,-1.0,-1.0
2019-07-21,Enonkoski Simanala,,-1.0,-1.0
2019-07-21,Savonlinna Savonranta,,-1.0,-1.0
2019-07-21,Rääkkylä kirkonkylä,,-1.0,-1.0
2019-07-21,Tohmajärvi Kemie,15.5,-1.0,-1.0
2019-07-21,Joensuu Huhtilampi,,-1.0,-1.0
2019-07-21,Vaasa lentoasema,19.1,,
2019-07-21,Mustasaari Valassaaret,19.8,,
2019-07-21,Närpiö Ylimarkku,,-1.0,-1.0
2019-07-21,Mustasaari Riimala,,-1.0,-1.0
2019-07-21,Kurikka Pyörni,,-1.0,-1.0
2019-07-21,Korsnäs Bredskäret,18.4,,
2019-07-21,Maalahti Strömmingsbådan,17.9,,
2019-07-21,Vaasa Klemettilä,19.6,-1.0,-1.0
2019-07-21,Seinäjoki Pelmaa,19.1,-1.0,-1.0
2019-07-21,Kauhava lentokenttä,19.6,-1.0,-1.0
2019-07-21,Ähtäri Inha,19.7,-1.0,-1.0
2019-07-21,Halsua Purola,17.4,-1.0,-1.0
2019-07-21,Alajärvi Möksy,18.7,-1.0,-1.0
2019-07-21,Multia Karhila,18.3,-1.0,-1.0
2019-07-21,Viitasaari Haapaniemi,20.1,-1.0,-1.0
2019-07-21,Äänekoski Kalaniemi,,-1.0,-1.0
2019-07-21,Viitasaari Kärnä,,-1.0,-1.0
2019-07-21,Vesanto kirkonkylä,18.6,-1.0,-1.0
2019-07-21,Pielavesi Venetmäki,,-1.0,-1.0
2019-07-21,Siilinjärvi Kuopio lentoasema,19.9,,
2019-07-21,Kuopio Maaninka,18.6,-1.0,-1.0
2019-07-21,Lapinlahti Lamminkäyrä,,0.0,-1.0
2019-07-21,Suonenjoki Iisvesi,,-1.0,-1.0
2019-07-21,Kuopio Karttula,,-1.0,-1.0
2019-07-21,Kuopio Ritoniemi,19.5,,
2019-07-21,Kuopio Savilahti,19.3,-1.0,-1.0
2019-07-21,Heinävesi Palokki,,-1.0,-1.0
2019-07-21,Outokumpu Viuruniemi,,-1.0,-1.0
2019-07-21,Rautavaara Ala-Luosta,,-1.0,-1.0
2019-07-21,Rautavaara Ylä-Luosta,17.5,-1.0,-1.0
2019-07-21,Liperi Joensuu lentoasema,18.3,,
2019-07-21,Juuka Niemelä,17.1,-1.0,-1.0
2019-07-21,Joensuu Pyhäselkä,,-1.0,-1.0
2019-07-21,Lieksa Koli,,-1.0,-1.0
2019-07-21,Liperi Tuiskavanluoto,19.1,,
2019-07-21,Joensuu Linnunlahti,17.5,-1.0,-1.0
2019-07-21,Lieksa Lampela,16.9,-1.0,-1.0
2019-07-21,Ilomantsi Naarva,,0.0,-1.0
2019-07-21,Ilomantsi Pötsönvaara,18.1,-1.0,-1.0
2019-07-21,Ilomantsi Mekrijärvi,16.8,-1.0,-1.0
2019-07-21,Pietarsaari Kallan,18.6,,
2019-07-21,Kokkola Tankar,18.7,,
2019-07-21,Kruunupyy Kokkola-Pietarsaari lentoasema,19.7,,
2019-07-21,Kaustinen Tastula,,-1.0,-1.0
2019-07-21,Kalajoki Ulkokalla,17.6,,
2019-07-21,Toholampi Oravala,,-1.0,-1.0
2019-07-21,Kalajoki Pitkäsenkylä,,-1.0,-1.0
2019-07-21,Kalajoki Mehtäkylä,,-1.0,-1.0
2019-07-21,Toholampi Laitala,18.7,-1.0,-1.0
2019-07-21,Ylivieska lentokenttä,18.3,-1.0,-1.0
2019-07-21,Ylivieska Vähäkangas,,-1.0,-1.0
2019-07-21,Haapavesi Mustikkamäki,18.9,-1.0,-1.0
2019-07-21,Pyhäjärvi Ojakylä,17.9,-1.0,-1.0
2019-07-21,Pyhäjärvi Hiidenniemi,,-1.0,-1.0
2019-07-21,Kiuruvesi Korpijoki,,-1.0,-1.0
2019-07-21,Siikalatva Kestilä,,-1.0,-1.0
2019-07-21,Kajaani lentoasema,17.7,,
2019-07-21,Vieremä Kaarakkala,19.7,-1.0,-1.0
2019-07-21,Kajaani Paltaniemi,,-1.0,-1.0
2019-07-21,Nurmes Valtimo,18.1,-1.0,-1.0
2019-07-21,Ristijärvi Mustavaara,,-1.0,-1.0
2019-07-21,Sotkamo Kuolaniemi,18.0,-1.0,-1.0
2019-07-21,Nurmes Mujejärvi,,-1.0,-1.0
2019-07-21,Kuhmo Apaja,,0.0,-1.0
2019-07-21,Kuhmo Kalliojoki,17.2,-1.0,-1.0
2019-07-21,Raahe Nahkiainen,18.5,,
2019-07-21,Hailuoto Keskikylä,17.5,-1.0,-1.0
2019-07-21,Kemi I majakka,18.1,,
2019-07-21,Hailuoto Marjaniemi,18.5,,
2019-07-21,Raahe Lapaluoto satama,19.0,,
2019-07-21,Oulu lentoasema,19.0,,
2019-07-21,Siikajoki Ruukki,17.9,-1.0,-1.0
2019-07-21,Oulu Vihreäsaari satama,18.9,,
2019-07-21,Oulu Oulunsalo Pellonpää,18.3,-1.0,-1.0
2019-07-21,Vaala Pelso,17.4,-1.0,-1.0
2019-07-21,Pudasjärvi lentokenttä,19.1,-1.0,-1.0
2019-07-21,Utajärvi Särkijärvi,,-1.0,-1.0
2019-07-21,Pudasjärvi Jaurakkajärvi,,-1.0,-1.0
2019-07-21,Suomussalmi Näljänkä,,-1.0,-1.0
2019-07-21,Suomussalmi Pesiö,17.0,0.0,-1.0
2019-07-21,Puolanka Kotila,,-1.0,-1.0
2019-07-21,Puolanka Paljakka,16.9,-1.0,-1.0
2019-07-21,Kemi Kemi-Tornio lentoasema,16.7,,
2019-07-21,Kemi Ajos,18.6,,
2019-07-21,Tornio Kaakkuri,18.1,-1.0,-1.0
2019-07-21,Ranua lentokenttä,17.5,-1.0,-1.0
2019-07-21,Pudasjärvi Sarakylä,,-1.0,-1.0
2019-07-21,Posio Raistakka,,-1.0,-1.0
2019-07-21,Taivalkoski Inkee,,-1.0,-1.0
2019-07-21,Taivalkoski kirkonkylä,16.8,-1.0,-1.0
2019-07-21,Kuusamo lentoasema,17.7,,
2019-07-21,Kuusamo Kiutaköngäs,17.6,-1.0,-1.0
2019-07-21,Kuusamo Rukatunturi,18.2,,
2019-07-21,Kuusamo Teeriranta,,-1.0,-1.0
2019-07-21,Kuusamo Juuma,17.4,,
2019-07-21,Ylitornio Meltosjärvi,18.7,-1.0,-1.0
2019-07-21,Kolari Kattilamaa,,0.6,-1.0
2019-07-21,Pello kirkonkylä,20.1,-1.0,-1.0
2019-07-21,Kittilä Alakylä,,-1.0,-1.0
2019-07-21,Rovaniemi rautatieasema,19.5,,
2019-07-21,Sodankylä Tähtelä,18.6,-1.0,-1.0
2019-07-21,Rovaniemi Apukka,18.0,-1.0,
2019-07-21,Pelkosenniemi kirkonkylä,,-1.0,-1.0
2019-07-21,Kemijärvi lentokenttä,18.3,-1.0,-1.0
2019-07-21,Savukoski kirkonkylä,17.9,-1.0,-1.0
2019-07-21,Salla Kelloselkä,,-1.0,-1.0
2019-07-21,Pelkosenniemi Pyhätunturi,18.4,,
2019-07-21,Salla kirkonkylä,17.0,-1.0,-1.0
2019-07-21,Salla Naruska,16.2,-1.0,-1.0
2019-07-21,Enontekiö Kaaresuvanto,,-1.0,-1.0
2019-07-21,Kittilä Pulju,,-1.0,-1.0
2019-07-21,Muonio Laukukero,15.5,,
2019-07-21,Muonio Sammaltunturi,16.8,,
2019-07-21,Kittilä Matorova,17.3,,
2019-07-21,Kittilä lentoasema,18.6,,
2019-07-21,Kittilä Kenttärova,17.3,5.2,-1.0
2019-07-21,Kittilä Pakatti,18.7,0.3,-1.0
2019-07-21,Kittilä Pokka,18.2,-1.0,-1.0
2019-07-21,Sodankylä Lokka,17.2,-1.0,-1.0
2019-07-21,Sodankylä Vuotso,17.8,-1.0,-1.0
2019-07-21,Inari Saariselkä matkailukeskus,17.9,-1.0,-1.0
2019-07-21,Inari Saariselkä Kaunispää,18.4,,
2019-07-21,Inari Raja-Jooseppi Kontiojärvi,,0.0,-1.0
2019-07-21,Inari Raja-Jooseppi,20.1,,
2019-07-21,Salla Värriötunturi,19.1,-1.0,-1.0
2019-07-21,Enontekiö Kilpisjärvi kyläkeskus,17.1,-1.0,-1.0
2019-07-21,Enontekiö Kilpisjärvi Saana,14.5,,
2019-07-21,Enontekiö Näkkälä,17.8,0.9,-1.0
2019-07-21,Inari Angeli Lintupuoliselkä,19.8,-1.0,-1.0
2019-07-21,Inari Ivalo lentoasema,19.1,,
2019-07-21,Utsjoki Kevo,16.8,6.8,-1.0
2019-07-21,Utsjoki Nuorgam,15.9,0.8,-1.0
2019-07-21,Inari Väylä,17.9,,
2019-07-21,Inari kirkonkylä,,-1.0,-1.0
2019-07-21,Inari Kaamanen,18.8,0.2,-1.0
2019-07-21,Inari Nellim,19.7,-1.0,-1.0
2019-07-21,Inari Kirakkajärvi,17.1,-1.0,-1.0
2019-07-21,Mäntsälä Hirvihaara,19.3,-1.0,-1.0
2019-07-21,Lahti Sopenkorpi,21.4,-1.0,-1.0
2019-07-21,Siuntio Sjundby,,-1.0,-1.0
2019-07-21,Sipoo Itätoukki,19.7,,
2019-07-21,Rauma Pyynpää,19.5,-1.0,-1.0
2019-07-21,Muonio Oustajärvi,18.7,2.7,
2019-07-21,Kajaani Petäisenniska,18.9,-1.0,-1.0
2019-07-21,Utsjoki Kevo Kevojärvi,16.1,,
2019-07-21,Inari Seitalaassa,17.6,,
2019-07-21,Rovaniemi lentoasema AWOS,18.7,-1.0,-1.0
2019-07-21,Jyväskylä lentoasema AWOS,19.2,-1.0,-1.0
2019-07-21,Puumala kirkonkylä,18.9,-1.0,-1.0
2019-07-21,Helsinki Vuosaari satama,19.0,,
2019-07-21,Maarianhamina Länsisatama,19.5,,
2019-07-21,Lumparland Långnäs satama,19.7,0.1,-1.0
2019-07-21,Tampere Tampella,23.3,,
2019-07-21,Kittilä Lompolonvuoma,17.6,13.8,
2019-07-21,Kuusamo Ruka Talvijärvi,18.4,,
2019-07-21,Espoo Nuuksio,21.4,-1.0,-1.0
2019-07-21,Mikkeli Lentoasema AWOS,18.4,-1.0,-1.0
2019-07-21,Espoo Tapiola,19.4,-1.0,-1.0
2019-07-22,Porvoo Kilpilahti satama,20.2,,
2019-07-22,Jomala Maarianhamina lentoasema,17.9,,
2019-07-22,Parainen Utö,18.8,-1.0,-1.0
2019-07-22,Lemland Nyhamn,17.9,,
2019-07-22,Jomala Jomalaby,18.2,2.1,-1.0
2019-07-22,Hammarland Märket,16.2,,
2019-07-22,Kökar Bogskär,17.7,,
2019-07-22,Parainen Fagerholm,18.8,0.1,
2019-07-22,Kumlinge kirkonkylä,18.5,,
2019-07-22,Hanko Russarö,19.0,-1.0,
2019-07-22,Kaarina Yltöinen,18.9,-1.0,-1.0
2019-07-22,Kemiönsaari Vänö,18.3,,
2019-07-22,Hanko Tulliniemi,19.1,,
2019-07-22,Turku Rajakari,18.6,,
2019-07-22,Turku Artukainen,19.0,-1.0,-1.0
2019-07-22,Kemiönsaari Kemiö,19.0,0.1,-1.0
2019-07-22,Hanko Tvärminne,19.2,0.2,-1.0
2019-07-22,Salo Kärkkä,19.6,-1.0,
2019-07-22,Lohja Leppäkorpi,,0.0,-1.0
2019-07-22,Raasepori Jussarö,18.5,,
2019-07-22,Salo Kiikala lentokenttä,19.3,-1.0,-1.0
2019-07-22,Vantaa Helsinki-Vantaan lentoasema,20.1,0.0,-1.0
2019-07-22,Inkoo Bågaskär,18.4,,
2019-07-22,Helsinki Kaisaniemi,20.0,0.2,-1.0
2019-07-22,Lohja Porla,19.1,-1.0,-1.0
2019-07-22,Vihti Maasoja,17.7,,
2019-07-22,Helsinki Harmaja,19.4,,
2019-07-22,Kirkkonummi Mäkiluoto,18.6,,
2019-07-22,Helsinki Helsingin majakka,19.1,,
2019-07-22,Helsinki Kumpula,20.2,-1.0,-1.0
2019-07-22,Helsinki Malmi lentokenttä,19.4,,
2019-07-22,Porvoo Emäsalo,20.1,,
2019-07-22,Porvoo Harabacka,20.4,-1.0,-1.0
2019-07-22,Kotka Rankki,19.5,-1.0,-1.0
2019-07-22,Loviisa Orrengrund,20.1,,
2019-07-22,Kotka Haapasaari,20.5,,
2019-07-22,Pori lentoasema,19.9,,
2019-07-22,Uusikaupunki Itätulli,,-1.0,-1.0
2019-07-22,Laitila Haukka,,-1.0,-1.0
2019-07-22,Kustavi Isokari,17.7,-1.0,
2019-07-22,Rauma Kylmäpihlaja,19.1,,
2019-07-22,Pori rautatieasema,20.5,-1.0,-1.0
2019-07-22,Turku lentoasema,18.2,,
2019-07-22,Kokemäki Rausenkulma,,-1.0,-1.0
2019-07-22,Huittinen Sallila,,0.0,-1.0
2019-07-22,Oripää Teinikivi,,-1.0,-1.0
2019-07-22,Pöytyä Yläne,,-1.0,-1.0
2019-07-22,Kokemäki Tulkkila,19.9,-1.0,-1.0
2019-07-22,Jokioinen Ilmala,18.7,0.6,-1.0
2019-07-22,Nokia Tottijärvi,,0.9,-1.0
2019-07-22,Pirkkala Tampere-Pirkkala lentoasema,20.0,,
2019-07-22,Tampere Härmälä,20.2,-1.0,-1.0
2019-07-22,Somero Salkola,18.1,0.1,-1.0
2019-07-22,Hyvinkää Hyvinkäänkylä,19.3,-1.0,-1.0
2019-07-22,Vihti Hiiskula,,-1.0,-1.0
2019-07-22,Hämeenlinna Pirttikoski,,1.0,-1.0
2019-07-22,Nurmijärvi Röykkä,19.5,0.1,-1.0
2019-07-22,Hattula Lepaa,20.3,-1.0,-1.0
2019-07-22,Hämeenlinna Lammi Pappila,17.8,9.6,-1.0
2019-07-22,Mäntsälä Hirvihaara Kuntomajantie,,-1.0,-1.0
2019-07-22,Asikkala Pulkkilanharju,20.5,,
2019-07-22,Hämeenlinna Lammi Evo,18.4,,
2019-07-22,Kouvola Utti lentoasema,20.8,-1.0,-1.0
2019-07-22,Kouvola Anjala,19.9,-1.0,-1.0
2019-07-22,Heinola Asemantaus,20.8,-1.0,-1.0
2019-07-22,Kouvola Voikoski,,-1.0,-1.0
2019-07-22,Virolahti Koivuniemi,18.1,-1.0,-1.0
2019-07-22,Lappeenranta lentoasema,19.7,,
2019-07-22,Lappeenranta Konnunsuo,17.4,,
2019-07-22,Lappeenranta Lepola,20.1,-1.0,-1.0
2019-07-22,Ruokolahti Kotaniemi,,-1.0,-1.0
2019-07-22,Lappeenranta Hiekkapakka,20.6,,
2019-07-22,Parikkala Koitsanlahti,17.5,-1.0,-1.0
2019-07-22,Kaskinen Sälgrund,19.0,-1.0,
2019-07-22,Merikarvia Tuorila,,3.0,-1.0
2019-07-22,Isojoki Kärjenkoski,,0.3,-1.0
2019-07-22,Teuva Kauppilankylä,,-1.0,-1.0
2019-07-22,Pori Tahkoluoto satama,19.3,,
2019-07-22,Kristiinankaupunki Majakka,19.3,,
2019-07-22,Karvia Alkkia,19.4,-1.0,-1.0
2019-07-22,Ikaalinen Vehuvarpee,,2.2,-1.0
2019-07-22,Kurikka Hirvijärvi,,-1.0,-1.0
2019-07-22,Kauhajoki Kuja-Kokko,19.4,-1.0,-1.0
2019-07-22,Kankaanpää Niinisalo lentokenttä,20.3,0.1,-1.0
2019-07-22,Alavus Sulkavankylä,,-1.0,-1.0
2019-07-22,Virrat Äijänneva,18.6,,
2019-07-22,Tampere Siilinkari,21.1,,
2019-07-22,Jämsä Halli lentoasema,20.7,-1.0,-1.0
2019-07-22,Juupajoki Hyytiälä,18.7,-1.0,-1.0
2019-07-22,Sysmä Joutsjärvi,,-1.0,-1.0
2019-07-22,Luhanka Tammijärvi,,-1.0,-1.0
2019-07-22,Jyväskylä Muuratjärvi,,-1.0,-1.0
2019-07-22,Luhanka Judinsalo,21.4,,
2019-07-22,Multia Pirttiperä,,-1.0,-1.0
2019-07-22,Joutsa Savenaho,19.7,-1.0,-1.0
2019-07-22,Kangasniemi kirkonkylä,,-1.0,-1.0
2019-07-22,Joutsa Pärnämäki,,-1.0,-1.0
2019-07-22,Mikkeli Pitkähiekka,,-1.0,-1.0
2019-07-22,Juva Partala,19.0,,
2019-07-22,Varkaus Kosulanniemi,20.8,-1.0,-1.0
2019-07-22,Savonlinna Laukansaari,,-1.0,-1.0
2019-07-22,Sulkava Halttula,,-1.0,-1.0
2019-07-22,Savonlinna lentoasema,18.7,,
2019-07-22,Rantasalmi Rukkasluoto,21.0,,
2019-07-22,Savonlinna Punkaharju Laukansaari,18.4,-1.0,-1.0
2019-07-22,Enonkoski Simanala,,-1.0,-1.0
2019-07-22,Savonlinna Savonranta,,-1.0,-1.0
2019-07-22,Rääkkylä kirkonkylä,,-1.0,-1.0
2019-07-22,Tohmajärvi Kemie,16.5,-1.0,-1.0
2019-07-22,Joensuu Huhtilampi,,0.5,-1.0
2019-07-22,Vaasa lentoasema,20.7,,
2019-07-22,Mustasaari Valassaaret,20.4,,
2019-07-22,Närpiö Ylimarkku,,-1.0,-1.0
2019-07-22,Mustasaari Riimala,,-1.0,-1.0
2019-07-22,Kurikka Pyörni,,-1.0,-1.0
2019-07-22,Korsnäs Bredskäret,20.2,,
2019-07-22,Maalahti Strömmingsbådan,18.9,,
2019-07-22,Vaasa Klemettilä,21.6,-1.0,-1.0
2019-07-22,Seinäjoki Pelmaa,20.7,-1.0,-1.0
2019-07-22,Kauhava lentokenttä,20.4,-1.0,-1.0
2019-07-22,Ähtäri Inha,20.8,-1.0,-1.0
2019-07-22,Halsua Purola,19.6,-1.0,-1.0
2019-07-22,Alajärvi Möksy,20.5,-1.0,-1.0
2019-07-22,Multia Karhila,19.6,-1.0,-1.0
2019-07-22,Viitasaari Haapaniemi,21.7,-1.0,-1.0
2019-07-22,Äänekoski Kalaniemi,,-1.0,-1.0
2019-07-22,Viitasaari Kärnä,,-1.0,-1.0
2019-07-22,Vesanto kirkonkylä,19.7,-1.0,-1.0
2019-07-22,Pielavesi Venetmäki,,-1.0,-1.0
2019-07-22,Siilinjärvi Kuopio lentoasema,20.1,,
2019-07-22,Kuopio Maaninka,19.1,-1.0,-1.0
2019-07-22,Lapinlahti Lamminkäyrä,,0.0,-1.0
2019-07-22,Suonenjoki Iisvesi,,-1.0,-1.0
2019-07-22,Kuopio Karttula,,-1.0,-1.0
2019-07-22,Kuopio Ritoniemi,20.6,,
2019-07-22,Kuopio Savilahti,21.3,-1.0,-1.0
2019-07-22,Heinävesi Palokki,,0.0,-1.0
2019-07-22,Outokumpu Viuruniemi,,3.8,-1.0
2019-07-22,Rautavaara Ala-Luosta,,0.0,-1.0
2019-07-22,Rautavaara Ylä-Luosta,17.9,-1.0,-1.0
2019-07-22,Liperi Joensuu lentoasema,18.8,,
2019-07-22,Juuka Niemelä,17.0,-1.0,-1.0
2019-07-22,Joensuu Pyhäselkä,,0.2,-1.0
2019-07-22,Lieksa Koli,,-1.0,-1.0
2019-07-22,Liperi Tuiskavanluoto,20.2,,
2019-07-22,Joensuu Linnunlahti,18.2,0.2,-1.0
2019-07-22,Lieksa Lampela,17.2,-1.0,-1.0
2019-07-22,Ilomantsi Naarva,,8.1,-1.0
2019-07-22,Ilomantsi Pötsönvaara,17.9,1.6,-1.0
2019-07-22,Ilomantsi Mekrijärvi,17.5,-1.0,-1.0
2019-07-22,Pietarsaari Kallan,19.3,,
2019-07-22,Kokkola Tankar,19.8,,
2019-07-22,Kruunupyy Kokkola-Pietarsaari lentoasema,23.0,,
2019-07-22,Kaustinen Tastula,,-1.0,-1.0
2019-07-22,Kalajoki Ulkokalla,19.3,,
2019-07-22,Toholampi Oravala,,-1.0,-1.0
2019-07-22,Kalajoki Pitkäsenkylä,,-1.0,-1.0
2019-07-22,Kalajoki Mehtäkylä,,-1.0,-1.0
2019-07-22,Toholampi Laitala,20.4,-1.0,-1.0
2019-07-22,Ylivieska lentokenttä,19.1,-1.0,-1.0
2019-07-22,Ylivieska Vähäkangas,,-1.0,-1.0
2019-07-22,Haapavesi Mustikkamäki,20.3,-1.0,-1.0
2019-07-22,Pyhäjärvi Ojakylä,19.1,-1.0,-1.0
2019-07-22,Pyhäjärvi Hiidenniemi,,-1.0,-1.0
2019-07-22,Kiuruvesi Korpijoki,,-1.0,-1.0
2019-07-22,Siikalatva Kestilä,,-1.0,-1.0
2019-07-22,Kajaani lentoasema,19.6,,
2019-07-22,Vieremä Kaarakkala,20.9,1.3,-1.0
2019-07-22,Kajaani Paltaniemi,,-1.0,-1.0
2019-07-22,Nurmes Valtimo,18.3,-1.0,-1.0
2019-07-22,Ristijärvi Mustavaara,,-1.0,-1.0
2019-07-22,Sotkamo Kuolaniemi,19.0,-1.0,-1.0
2019-07-22,Nurmes Mujejärvi,,0.3,-1.0
2019-07-22,Kuhmo Apaja,,-1.0,-1.0
2019-07-22,Kuhmo Kalliojoki,18.9,-1.0,-1.0
2019-07-22,Hailuoto Keskikylä,20.5,-1.0,-1.0
2019-07-22,Kemi I majakka,20.7,,
2019-07-22,Hailuoto Marjaniemi,22.3,,
2019-07-22,Raahe Lapaluoto satama,21.8,,
2019-07-22,Oulu lentoasema,22.3,,
2019-07-22,Siikajoki Ruukki,20.3,-1.0,-1.0
2019-07-22,Oulu Vihreäsaari satama,22.7,,
2019-07-22,Oulu Oulunsalo Pellonpää,21.8,-1.0,-1.0
2019-07-22,Vaala Pelso,19.0,-1.0,-1.0
2019-07-22,Pudasjärvi lentokenttä,21.0,-1.0,-1.0
2019-07-22,Utajärvi Särkijärvi,,-1.0,-1.0
2019-07-22,Pudasjärvi Jaurakkajärvi,,-1.0,-1.0
2019-07-22,Suomussalmi Näljänkä,,-1.0,-1.0
2019-07-22,Suomussalmi Pesiö,18.0,0.0,-1.0
2019-07-22,Puolanka Kotila,,-1.0,-1.0
2019-07-22,Puolanka Paljakka,18.7,-1.0,-1.0
2019-07-22,Kemi Kemi-Tornio lentoasema,20.4,,
2019-07-22,Kemi Ajos,22.3,,
2019-07-22,Tornio Kaakkuri,20.3,-1.0,-1.0
2019-07-22,Ranua lentokenttä,19.8,-1.0,-1.0
2019-07-22,Pudasjärvi Sarakylä,,-1.0,-1.0
2019-07-22,Posio Raistakka,,-1.0,-1.0
2019-07-22,Taivalkoski Inkee,,-1.0,-1.0
2019-07-22,Taivalkoski kirkonkylä,18.9,-1.0,-1.0
2019-07-22,Kuusamo lentoasema,19.4,,
2019-07-22,Kuusamo Kiutaköngäs,18.9,-1.0,-1.0
2019-07-22,Kuusamo Rukatunturi,20.3,,
2019-07-22,Kuusamo Teeriranta,,-1.0,-1.0
2019-07-22,Kuusamo Juuma,19.0,,
2019-07-22,Ylitornio Meltosjärvi,19.3,3.4,-1.0
2019-07-22,Kolari Kattilamaa,,-1.0,-1.0
2019-07-22,Pello kirkonkylä,21.7,-1.0,-1.0
2019-07-22,Kittilä Alakylä,,-1.0,-1.0
2019-07-22,Rovaniemi rautatieasema,21.6,,
2019-07-22,Sodankylä Tähtelä,21.1,-1.0,-1.0
2019-07-22,Rovaniemi Apukka,20.0,-1.0,
2019-07-22,Pelkosenniemi kirkonkylä,,-1.0,-1.0
2019-07-22,Kemijärvi lentokenttä,19.8,-1.0,-1.0
2019-07-22,Savukoski kirkonkylä,19.7,-1.0,-1.0
2019-07-22,Salla Kelloselkä,,-1.0,-1.0
2019-07-22,Pelkosenniemi Pyhätunturi,20.5,,
2019-07-22,Salla kirkonkylä,19.5,-1.0,-1.0
2019-07-22,Salla Naruska,18.1,-1.0,-1.0
2019-07-22,Enontekiö Kaaresuvanto,,-1.0,-1.0
2019-07-22,Kittilä Pulju,,-1.0,-1.0
2019-07-22,Muonio Laukukero,17.2,,
2019-07-22,Muonio Sammaltunturi,18.7,,
2019-07-22,Kittilä Matorova,20.0,,
2019-07-22,Kittilä lentoasema,19.9,,
2019-07-22,Kittilä Kenttärova,19.5,-1.0,-1.0
2019-07-22,Kittilä Pakatti,20.3,1.1,-1.0
2019-07-22,Kittilä Pokka,20.4,-1.0,-1.0
2019-07-22,Sodankylä Lokka,19.3,-1.0,-1.0
2019-07-22,Sodankylä Vuotso,20.5,-1.0,-1.0
2019-07-22,Inari Saariselkä matkailukeskus,20.2,-1.0,-1.0
2019-07-22,Inari Saariselkä Kaunispää,20.2,,
2019-07-22,Inari Raja-Jooseppi Kontiojärvi,,0.0,-1.0
2019-07-22,Inari Raja-Jooseppi,22.4,,
2019-07-22,Salla Värriötunturi,21.3,-1.0,-1.0
2019-07-22,Enontekiö Kilpisjärvi kyläkeskus,18.1,-1.0,-1.0
2019-07-22,Enontekiö Kilpisjärvi Saana,15.2,,
2019-07-22,Enontekiö Näkkälä,19.8,-1.0,-1.0
2019-07-22,Inari Angeli Lintupuoliselkä,21.8,-1.0,-1.0
2019-07-22,Inari Ivalo lentoasema,21.9,,
2019-07-22,Utsjoki Kevo,20.4,-1.0,-1.0
2019-07-22,Utsjoki Nuorgam,19.5,-1.0,-1.0
2019-07-22,Inari Väylä,20.9,,
2019-07-22,Inari kirkonkylä,,-1.0,-1.0
2019-07-22,Inari Kaamanen,21.4,-1.0,-1.0
2019-07-22,Inari Nellim,22.7,-1.0,-1.0
2019-07-22,Inari Kirakkajärvi,20.9,-1.0,-1.0
2019-07-22,Mäntsälä Hirvihaara,18.8,-1.0,-1.0
2019-07-22,Lahti Sopenkorpi,21.4,-1.0,-1.0
2019-07-22,Siuntio Sjundby,,0.3,-1.0
2019-07-22,Sipoo Itätoukki,19.7,,
2019-07-22,Rauma Pyynpää,19.9,-1.0,-1.0
2019-07-22,Muonio Oustajärvi,20.3,-1.0,
2019-07-22,Kajaani Petäisenniska,20.4,-1.0,-1.0
2019-07-22,Utsjoki Kevo Kevojärvi,19.5,,
2019-07-22,Inari Seitalaassa,18.5,,
2019-07-22,Rovaniemi lentoasema AWOS,21.2,-1.0,-1.0
2019-07-22,Jyväskylä lentoasema AWOS,20.2,-1.0,-1.0
2019-07-22,Puumala kirkonkylä,19.6,-1.0,-1.0
2019-07-22,Helsinki Vuosaari satama,19.4,,
2019-07-22,Maarianhamina Länsisatama,18.2,,
2019-07-22,Lumparland Långnäs satama,18.7,-1.0,-1.0
2019-07-22,Tampere Tampella,22.5,,
2019-07-22,Kittilä Lompolonvuoma,19.7,-1.0,
2019-07-22,Kuusamo Ruka Talvijärvi,20.6,,
2019-07-22,Espoo Nuuksio,18.6,0.5,-1.0
2019-07-22,Mikkeli Lentoasema AWOS,19.1,-1.0,-1.0
2019-07-22,Espoo Tapiola,18.2,0.4,-1.0
2019-07-23,Porvoo Kilpilahti satama,21.5,,
2019-07-23,Jomala Maarianhamina lentoasema,17.9,,
2019-07-23,Parainen Utö,18.9,-1.0,-1.0
2019-07-23,Lemland Nyhamn,18.0,,
2019-07-23,Jomala Jomalaby,18.2,-1.0,-1.0
2019-07-23,Hammarland Märket,17.6,,
2019-07-23,Kökar Bogskär,17.7,,
2019-07-23,Parainen Fagerholm,19.6,-1.0,
2019-07-23,Kumlinge kirkonkylä,19.4,,
2019-07-23,Hanko Russarö,19.4,-1.0,
2019-07-23,Kaarina Yltöinen,19.6,-1.0,-1.0
2019-07-23,Kemiönsaari Vänö,18.7,,
2019-07-23,Hanko Tulliniemi,19.3,,
2019-07-23,Turku Rajakari,19.5,,
2019-07-23,Turku Artukainen,20.3,-1.0,-1.0
2019-07-23,Kemiönsaari Kemiö,20.0,-1.0,-1.0
2019-07-23,Hanko Tvärminne,20.3,-1.0,-1.0
2019-07-23,Salo Kärkkä,19.9,0.6,
2019-07-23,Lohja Leppäkorpi,,0.0,-1.0
2019-07-23,Raasepori Jussarö,19.5,,
2019-07-23,Salo Kiikala lentokenttä,18.7,-1.0,-1.0
2019-07-23,Vantaa Helsinki-Vantaan lentoasema,21.5,0.0,-1.0
2019-07-23,Inkoo Bågaskär,20.3,,
2019-07-23,Helsinki Kaisaniemi,21.8,-1.0,-1.0
2019-07-23,Lohja Porla,19.1,2.0,-1.0
2019-07-23,Vihti Maasoja,19.0,,
2019-07-23,Helsinki Harmaja,20.9,,
2019-07-23,Kirkkonummi Mäkiluoto,20.1,,
2019-07-23,Helsinki Helsingin majakka,20.0,,
2019-07-23,Helsinki Kumpula,21.4,-1.0,-1.0
2019-07-23,Helsinki Malmi lentokenttä,21.1,,
2019-07-23,Porvoo Emäsalo,21.2,,
2019-07-23,Porvoo Harabacka,20.7,0.5,-1.0
2019-07-23,Kotka Rankki,20.4,-1.0,-1.0
2019-07-23,Loviisa Orrengrund,21.2,,
2019-07-23,Kotka Haapasaari,20.9,,
2019-07-23,Pori lentoasema,18.8,,
2019-07-23,Uusikaupunki Itätulli,,-1.0,-1.0
2019-07-23,Laitila Haukka,,-1.0,-1.0
2019-07-23,Kustavi Isokari,18.1,-1.0,
2019-07-23,Rauma Kylmäpihlaja,17.1,,
2019-07-23,Pori rautatieasema,19.3,-1.0,-1.0
2019-07-23,Turku lentoasema,19.0,,
2019-07-23,Kokemäki Rausenkulma,,-1.0,-1.0
2019-07-23,Huittinen Sallila,,-1.0,-1.0
2019-07-23,Oripää Teinikivi,,-1.0,-1.0
2019-07-23,Pöytyä Yläne,,0.0,-1.0
2019-07-23,Kokemäki Tulkkila,19.1,-1.0,-1.0
2019-07-23,Jokioinen Ilmala,18.5,2.5,-1.0
2019-07-23,Nokia Tottijärvi,,1.2,-1.0
2019-07-23,Pirkkala Tampere-Pirkkala lentoasema,19.7,,
2019-07-23,Tampere Härmälä,19.9,-1.0,-1.0
2019-07-23,Somero Salkola,19.1,-1.0,-1.0
2019-07-23,Hyvinkää Hyvinkäänkylä,20.0,-1.0,-1.0
2019-07-23,Vihti Hiiskula,,0.2,-1.0
2019-07-23,Hämeenlinna Pirttikoski,,0.1,-1.0
2019-07-23,Nurmijärvi Röykkä,20.2,-1.0,-1.0
2019-07-23,Hattula Lepaa,20.5,-1.0,-1.0
2019-07-23,Hämeenlinna Lammi Pappila,18.9,0.2,-1.0
2019-07-23,Mäntsälä Hirvihaara Kuntomajantie,,-1.0,-1.0
2019-07-23,Asikkala Pulkkilanharju,20.2,,
2019-07-23,Hämeenlinna Lammi Evo,16.9,,
2019-07-23,Kouvola Utti lentoasema,21.6,-1.0,-1.0
2019-07-23,Kouvola Anjala,19.9,-1.0,-1.0
2019-07-23,Heinola Asemantaus,20.9,-1.0,-1.0
2019-07-23,Kouvola Voikoski,,-1.0,-1.0
2019-07-23,Virolahti Koivuniemi,18.7,-1.0,-1.0
2019-07-23,Lappeenranta lentoasema,20.3,,
2019-07-23,Lappeenranta Konnunsuo,18.4,,
2019-07-23,Lappeenranta Lepola,21.2,-1.0,-1.0
2019-07-23,Ruokolahti Kotaniemi,,-1.0,-1.0
2019-07-23,Lappeenranta Hiekkapakka,20.9,,
2019-07-23,Parikkala Koitsanlahti,19.0,1.5,-1.0
2019-07-23,Kaskinen Sälgrund,16.9,-1.0,
2019-07-23,Merikarvia Tuorila,,-1.0,-1.0
2019-07-23,Isojoki Kärjenkoski,,-1.0,-1.0
2019-07-23,Teuva Kauppilankylä,,4.9,-1.0
2019-07-23,Pori Tahkoluoto satama,17.3,,
2019-07-23,Kristiinankaupunki Majakka,16.2,,
2019-07-23,Karvia Alkkia,17.8,5.3,-1.0
2019-07-23,Ikaalinen Vehuvarpee,,2.4,-1.0
2019-07-23,Kurikka Hirvijärvi,,0.0,-1.0
2019-07-23,Kauhajoki Kuja-Kokko,18.2,2.1,-1.0
2019-07-23,Kankaanpää Niinisalo lentokenttä,19.8,-1.0,-1.0
2019-07-23,Alavus Sulkavankylä,,-1.0,-1.0
2019-07-23,Virrat Äijänneva,17.2,,
2019-07-23,Tampere Siilinkari,19.9,,
2019-07-23,Jämsä Halli lentoasema,19.2,-1.0,-1.0
2019-07-23,Juupajoki Hyytiälä,16.9,29.6,-1.0
2019-07-23,Sysmä Joutsjärvi,,-1.0,-1.0
2019-07-23,Luhanka Tammijärvi,,-1.0,-1.0
2019-07-23,Jyväskylä Muuratjärvi,,-1.0,-1.0
2019-07-23,Luhanka Judinsalo,20.6,,
2019-07-23,Multia Pirttiperä,,-1.0,-1.0
2019-07-23,Joutsa Savenaho,19.3,-1.0,-1.0
2019-07-23,Kangasniemi kirkonkylä,,-1.0,-1.0
2019-07-23,Joutsa Pärnämäki,,-1.0,-1.0
2019-07-23,Mikkeli Pitkähiekka,,-1.0,-1.0
2019-07-23,Juva Partala,19.0,,
2019-07-23,Varkaus Kosulanniemi,21.0,-1.0,-1.0
2019-07-23,Savonlinna Laukansaari,,0.0,-1.0
2019-07-23,Sulkava Halttula,,-1.0,-1.0
2019-07-23,Savonlinna lentoasema,19.9,,
2019-07-23,Rantasalmi Rukkasluoto,20.9,,
2019-07-23,Savonlinna Punkaharju Laukansaari,19.5,0.6,-1.0
2019-07-23,Enonkoski Simanala,,0.0,-1.0
2019-07-23,Savonlinna Savonranta,,0.4,-1.0
2019-07-23,Rääkkylä kirkonkylä,,7.5,-1.0
2019-07-23,Tohmajärvi Kemie,17.4,2.3,-1.0
2019-07-23,Joensuu Huhtilampi,,1.3,-1.0
2019-07-23,Vaasa lentoasema,18.8,,
2019-07-23,Mustasaari Valassaaret,19.3,,
2019-07-23,Närpiö Ylimarkku,,-1.0,-1.0
2019-07-23,Mustasaari Riimala,,0.3,-1.0
2019-07-23,Kurikka Pyörni,,0.5,-1.0
2019-07-23,Korsnäs Bredskäret,16.9,,
2019-07-23,Maalahti Strömmingsbådan,16.9,,
2019-07-23,Vaasa Klemettilä,19.5,-1.0,-1.0
2019-07-23,Seinäjoki Pelmaa,19.7,-1.0,-1.0
2019-07-23,Kauhava lentokenttä,18.3,1.0,-1.0
2019-07-23,Ähtäri Inha,19.1,-1.0,-1.0
2019-07-23,Halsua Purola,18.8,-1.0,-1.0
2019-07-23,Alajärvi Möksy,18.2,-1.0,-1.0
2019-07-23,Multia Karhila,18.7,-1.0,-1.0
2019-07-23,Viitasaari Haapaniemi,21.6,-1.0,-1.0
2019-07-23,Äänekoski Kalaniemi,,-1.0,-1.0
2019-07-23,Viitasaari Kärnä,,-1.0,-1.0
2019-07-23,Vesanto kirkonkylä,20.0,-1.0,-1.0
2019-07-23,Pielavesi Venetmäki,,-1.0,-1.0
2019-07-23,Siilinjärvi Kuopio lentoasema,21.5,,
2019-07-23,Kuopio Maaninka,19.8,-1.0,-1.0
2019-07-23,Lapinlahti Lamminkäyrä,,-1.0,-1.0
2019-07-23,Suonenjoki Iisvesi,,-1.0,-1.0
2019-07-23,Kuopio Karttula,,-1.0,-1.0
2019-07-23,Kuopio Ritoniemi,21.0,,
2019-07-23,Kuopio Savilahti,20.9,-1.0,-1.0
2019-07-23,Heinävesi Palokki,,-1.0,-1.0
2019-07-23,Outokumpu Viuruniemi,,-1.0,-1.0
2019-07-23,Rautavaara Ala-Luosta,,0.0,-1.0
2019-07-23,Rautavaara Ylä-Luosta,19.1,-1.0,-1.0
2019-07-23,Liperi Joensuu lentoasema,19.1,,
2019-07-23,Juuka Niemelä,18.6,-1.0,-1.0
2019-07-23,Joensuu Pyhäselkä,,4.5,-1.0
2019-07-23,Lieksa Koli,,0.2,-1.0
2019-07-23,Liperi Tuiskavanluoto,19.7,,
2019-07-23,Joensuu Linnunlahti,18.7,0.5,-1.0
2019-07-23,Lieksa Lampela,18.8,0.2,-1.0
2019-07-23,Ilomantsi Naarva,,1.7,-1.0
2019-07-23,Ilomantsi Pötsönvaara,18.4,0.7,-1.0
2019-07-23,Ilomantsi Mekrijärvi,17.7,2.0,-1.0
2019-07-23,Pietarsaari Kallan,18.3,,
2019-07-23,Kokkola Tankar,18.7,,
2019-07-23,Kruunupyy Kokkola-Pietarsaari lentoasema,18.3,,
2019-07-23,Kaustinen Tastula,,0.0,-1.0
2019-07-23,Kalajoki Ulkokalla,18.2,,
2019-07-23,Toholampi Oravala,,-1.0,-1.0
2019-07-23,Kalajoki Pitkäsenkylä,,-1.0,-1.0
2019-07-23,Kalajoki Mehtäkylä,,-1.0,-1.0
2019-07-23,Toholampi Laitala,19.1,-1.0,-1.0
2019-07-23,Ylivieska lentokenttä,20.0,-1.0,-1.0
2019-07-23,Ylivieska Vähäkangas,,-1.0,-1.0
2019-07-23,Haapavesi Mustikkamäki,20.5,-1.0,-1.0
2019-07-23,Pyhäjärvi Ojakylä,18.7,-1.0,-1.0
2019-07-23,Pyhäjärvi Hiidenniemi,,-1.0,-1.0
2019-07-23,Kiuruvesi Korpijoki,,-1.0,-1.0
2019-07-23,Siikalatva Kestilä,,-1.0,-1.0
2019-07-23,Kajaani lentoasema,18.7,,
2019-07-23,Vieremä Kaarakkala,20.8,-1.0,-1.0
2019-07-23,Kajaani Paltaniemi,,-1.0,-1.0
2019-07-23,Nurmes Valtimo,19.7,-1.0,-1.0
2019-07-23,Ristijärvi Mustavaara,,-1.0,-1.0
2019-07-23,Sotkamo Kuolaniemi,20.0,-1.0,-1.0
2019-07-23,Nurmes Mujejärvi,,-1.0,-1.0
2019-07-23,Kuhmo Apaja,,-1.0,-1.0
2019-07-23,Kuhmo Kalliojoki,18.7,-1.0,-1.0
2019-07-23,Raahe Nahkiainen,18.5,,
2019-07-23,Hailuoto Keskikylä,19.5,-1.0,-1.0
2019-07-23,Kemi I majakka,19.7,,
2019-07-23,Hailuoto Marjaniemi,19.6,,
2019-07-23,Raahe Lapaluoto satama,19.4,,
2019-07-23,Oulu lentoasema,20.8,,
2019-07-23,Siikajoki Ruukki,20.1,-1.0,-1.0
2019-07-23,Oulu Vihreäsaari satama,20.6,,
2019-07-23,Oulu Oulunsalo Pellonpää,20.7,-1.0,-1.0
2019-07-23,Vaala Pelso,19.3,-1.0,-1.0
2019-07-23,Pudasjärvi lentokenttä,21.8,-1.0,-1.0
2019-07-23,Utajärvi Särkijärvi,,-1.0,-1.0
2019-07-23,Pudasjärvi Jaurakkajärvi,,-1.0,-1.0
2019-07-23,Suomussalmi Näljänkä,,-1.0,-1.0
2019-07-23,Suomussalmi Pesiö,18.3,0.0,-1.0
2019-07-23,Puolanka Kotila,,-1.0,-1.0
2019-07-23,Puolanka Paljakka,19.7,0.5,-1.0
2019-07-23,Kemi Kemi-Tornio lentoasema,19.6,,
2019-07-23,Kemi Ajos,20.5,,
2019-07-23,Tornio Kaakkuri,19.7,-1.0,-1.0
2019-07-23,Ranua lentokenttä,20.8,-1.0,-1.0
2019-07-23,Pudasjärvi Sarakylä,,-1.0,-1.0
2019-07-23,Posio Raistakka,,-1.0,-1.0
2019-07-23,Taivalkoski Inkee,,-1.0,-1.0
2019-07-23,Taivalkoski kirkonkylä,19.1,-1.0,-1.0
2019-07-23,Kuusamo lentoasema,20.4,,
2019-07-23,Kuusamo Kiutaköngäs,20.2,-1.0,-1.0
2019-07-23,Kuusamo Rukatunturi,20.9,,
2019-07-23,Kuusamo Teeriranta,,-1.0,-1.0
2019-07-23,Kuusamo Juuma,19.7,,
2019-07-23,Ylitornio Meltosjärvi,21.0,-1.0,-1.0
2019-07-23,Kolari Kattilamaa,,-1.0,-1.0
2019-07-23,Pello kirkonkylä,21.3,-1.0,-1.0
2019-07-23,Kittilä Alakylä,,-1.0,-1.0
2019-07-23,Rovaniemi rautatieasema,22.4,,
2019-07-23,Sodankylä Tähtelä,21.6,-1.0,-1.0
2019-07-23,Rovaniemi Apukka,21.0,-1.0,
2019-07-23,Pelkosenniemi kirkonkylä,,-1.0,-1.0
2019-07-23,Kemijärvi lentokenttä,20.9,-1.0,-1.0
2019-07-23,Savukoski kirkonkylä,20.5,-1.0,-1.0
2019-07-23,Salla Kelloselkä,,-1.0,-1.0
2019-07-23,Pelkosenniemi Pyhätunturi,22.2,,
2019-07-23,Salla kirkonkylä,20.8,-1.0,-1.0
2019-07-23,Salla Naruska,19.2,-1.0,-1.0
2019-07-23,Enontekiö Kaaresuvanto,,3.5,-1.0
2019-07-23,Kittilä Pulju,,-1.0,-1.0
2019-07-23,Muonio Laukukero,19.0,,
2019-07-23,Muonio Sammaltunturi,20.2,,
2019-07-23,Kittilä Matorova,21.4,,
2019-07-23,Kittilä lentoasema,20.6,,
2019-07-23,Kittilä Kenttärova,20.4,-1.0,-1.0
2019-07-23,Kittilä Pakatti,20.8,-1.0,-1.0
2019-07-23,Kittilä Pokka,21.1,-1.0,-1.0
2019-07-23,Sodankylä Lokka,18.9,-1.0,-1.0
2019-07-23,Sodankylä Vuotso,20.7,-1.0,-1.0
2019-07-23,Inari Saariselkä matkailukeskus,20.6,-1.0,-1.0
2019-07-23,Inari Saariselkä Kaunispää,22.3,,
2019-07-23,Inari Raja-Jooseppi Kontiojärvi,,-1.0,-1.0
2019-07-23,Inari Raja-Jooseppi,23.6,,
2019-07-23,Salla Värriötunturi,22.3,-1.0,-1.0
2019-07-23,Enontekiö Kilpisjärvi kyläkeskus,17.7,-1.0,-1.0
2019-07-23,Enontekiö Kilpisjärvi Saana,16.3,,
2019-07-23,Enontekiö Näkkälä,21.0,-1.0,-1.0
2019-07-23,Inari Angeli Lintupuoliselkä,22.2,-1.0,-1.0
2019-07-23,Inari Ivalo lentoasema,21.9,,
2019-07-23,Utsjoki Kevo,21.6,-1.0,-1.0
2019-07-23,Utsjoki Nuorgam,19.8,-1.0,-1.0
2019-07-23,Inari Väylä,21.5,,
2019-07-23,Inari kirkonkylä,,0.0,-1.0
2019-07-23,Inari Kaamanen,22.5,-1.0,-1.0
2019-07-23,Inari Nellim,22.2,-1.0,-1.0
2019-07-23,Inari Kirakkajärvi,22.7,-1.0,-1.0
2019-07-23,Mäntsälä Hirvihaara,20.1,-1.0,-1.0
2019-07-23,Lahti Sopenkorpi,21.6,-1.0,-1.0
2019-07-23,Siuntio Sjundby,,-1.0,-1.0
2019-07-23,Sipoo Itätoukki,21.1,,
2019-07-23,Rauma Pyynpää,18.4,-1.0,-1.0
2019-07-23,Muonio Oustajärvi,20.9,-1.0,
2019-07-23,Kajaani Petäisenniska,20.4,-1.0,-1.0
2019-07-23,Utsjoki Kevo Kevojärvi,20.3,,
2019-07-23,Inari Seitalaassa,20.8,,
2019-07-23,Rovaniemi lentoasema AWOS,22.2,-1.0,-1.0
2019-07-23,Jyväskylä lentoasema AWOS,20.3,-1.0,-1.0
2019-07-23,Puumala kirkonkylä,20.4,-1.0,-1.0
2019-07-23,Helsinki Vuosaari satama,21.2,,
2019-07-23,Maarianhamina Länsisatama,18.2,,
2019-07-23,Lumparland Långnäs satama,19.3,-1.0,-1.0
2019-07-23,Tampere Tampella,21.4,,
2019-07-23,Kittilä Lompolonvuoma,20.4,-1.0,
2019-07-23,Kuusamo Ruka Talvijärvi,21.6,,
2019-07-23,Espoo Nuuksio,20.6,-1.0,-1.0
2019-07-23,Mikkeli Lentoasema AWOS,19.1,-1.0,-1.0
2019-07-23,Espoo Tapiola,20.4,-1.0,-1.0
2019-07-24,Porvoo Kilpilahti satama,23.8,,
2019-07-24,Jomala Maarianhamina lentoasema,19.2,,
2019-07-24,Parainen Utö,20.1,-1.0,-1.0
2019-07-24,Lemland Nyhamn,19.4,,
2019-07-24,Jomala Jomalaby,19.6,-1.0,-1.0
2019-07-24,Hammarland Märket,19.2,,
2019-07-24,Kökar Bogskär,18.9,,
2019-07-24,Parainen Fagerholm,20.5,-1.0,
2019-07-24,Kumlinge kirkonkylä,19.7,,
2019-07-24,Hanko Russarö,20.9,-1.0,
2019-07-24,Kaarina Yltöinen,21.2,-1.0,-1.0
2019-07-24,Kemiönsaari Vänö,20.2,,
2019-07-24,Hanko Tulliniemi,20.7,,
2019-07-24,Turku Rajakari,20.5,,
2019-07-24,Turku Artukainen,21.4,-1.0,-1.0
2019-07-24,Kemiönsaari Kemiö,21.0,-1.0,-1.0
2019-07-24,Hanko Tvärminne,22.1,-1.0,-1.0
2019-07-24,Salo Kärkkä,21.1,-1.0,
2019-07-24,Lohja Leppäkorpi,,0.0,-1.0
2019-07-24,Raasepori Jussarö,21.5,,
2019-07-24,Salo Kiikala lentokenttä,20.8,-1.0,-1.0
2019-07-24,Vantaa Helsinki-Vantaan lentoasema,22.8,-1.0,-1.0
2019-07-24,Inkoo Bågaskär,22.1,,
2019-07-24,Helsinki Kaisaniemi,23.3,-1.0,-1.0
2019-07-24,Lohja Porla,21.5,-1.0,-1.0
2019-07-24,Vihti Maasoja,19.7,,
2019-07-24,Helsinki Harmaja,21.9,,
2019-07-24,Kirkkonummi Mäkiluoto,21.1,,
2019-07-24,Helsinki Helsingin majakka,20.6,,
2019-07-24,Helsinki Kumpula,23.2,-1.0,-1.0
2019-07-24,Helsinki Malmi lentokenttä,22.5,,
2019-07-24,Porvoo Emäsalo,22.4,,
2019-07-24,Porvoo Harabacka,23.1,-1.0,-1.0
2019-07-24,Kotka Rankki,21.1,0.9,-1.0
2019-07-24,Loviisa Orrengrund,21.7,,
2019-07-24,Kotka Haapasaari,20.7,,
2019-07-24,Pori lentoasema,18.8,,
2019-07-24,Uusikaupunki Itätulli,,-1.0,-1.0
2019-07-24,Laitila Haukka,,-1.0,-1.0
2019-07-24,Kustavi Isokari,18.7,-1.0,
2019-07-24,Rauma Kylmäpihlaja,18.3,,
2019-07-24,Pori rautatieasema,19.0,-1.0,-1.0
2019-07-24,Turku lentoasema,20.2,,
2019-07-24,Kokemäki Rausenkulma,,-1.0,-1.0
2019-07-24,Huittinen Sallila,,-1.0,-1.0
2019-07-24,Oripää Teinikivi,,-1.0,-1.0
2019-07-24,Pöytyä Yläne,,-1.0,-1.0
2019-07-24,Kokemäki Tulkkila,19.6,-1.0,-1.0
2019-07-24,Jokioinen Ilmala,20.5,-1.0,-1.0
2019-07-24,Nokia Tottijärvi,,-1.0,-1.0
2019-07-24,Pirkkala Tampere-Pirkkala lentoasema,21.2,,
2019-07-24,Tampere Härmälä,21.0,-1.0,-1.0
2019-07-24,Somero Salkola,20.4,-1.0,-1.0
2019-07-24,Hyvinkää Hyvinkäänkylä,21.0,-1.0,-1.0
2019-07-24,Vihti Hiiskula,,-1.0,-1.0
2019-07-24,Hämeenlinna Pirttikoski,,-1.0,-1.0
2019-07-24,Nurmijärvi Röykkä,21.3,-1.0,-1.0
2019-07-24,Hattula Lepaa,21.9,-1.0,-1.0
2019-07-24,Hämeenlinna Lammi Pappila,20.4,-1.0,-1.0
2019-07-24,Mäntsälä Hirvihaara Kuntomajantie,,-1.0,-1.0
2019-07-24,Asikkala Pulkkilanharju,21.9,,
2019-07-24,Hämeenlinna Lammi Evo,18.9,,
2019-07-24,Kouvola Utti lentoasema,21.6,-1.0,-1.0
2019-07-24,Kouvola Anjala,20.5,-1.0,-1.0
2019-07-24,Heinola Asemantaus,22.0,-1.0,-1.0
2019-07-24,Kouvola Voikoski,,-1.0,-1.0
2019-07-24,Virolahti Koivuniemi,19.2,0.0,-1.0
2019-07-24,Lappeenranta lentoasema,19.4,,
2019-07-24,Lappeenranta Konnunsuo,17.4,,
2019-07-24,Lappeenranta Lepola,19.7,-1.0,-1.0
2019-07-24,Ruokolahti Kotaniemi,,0.0,-1.0
2019-07-24,Lappeenranta Hiekkapakka,19.1,,
2019-07-24,Parikkala Koitsanlahti,16.8,-1.0,-1.0
2019-07-24,Kaskinen Sälgrund,17.5,-1.0,
2019-07-24,Merikarvia Tuorila,,-1.0,-1.0
2019-07-24,Isojoki Kärjenkoski,,-1.0,-1.0
2019-07-24,Teuva Kauppilankylä,,-1.0,-1.0
2019-07-24,Pori Tahkoluoto satama,17.8,,
2019-07-24,Kristiinankaupunki Majakka,16.3,,
2019-07-24,Karvia Alkkia,19.5,-1.0,-1.0
2019-07-24,Ikaalinen Vehuvarpee,,-1.0,-1.0
2019-07-24,Kurikka Hirvijärvi,,-1.0,-1.0
2019-07-24,Kauhajoki Kuja-Kokko,19.0,-1.0,-1.0
2019-07-24,Kankaanpää Niinisalo lentokenttä,21.2,-1.0,-1.0
2019-07-24,Alavus Sulkavankylä,,-1.0,-1.0
2019-07-24,Virrat Äijänneva,19.3,,
2019-07-24,Tampere Siilinkari,21.2,,
2019-07-24,Jämsä Halli lentoasema,21.3,-1.0,-1.0
2019-07-24,Juupajoki Hyytiälä,19.9,-1.0,-1.0
2019-07-24,Sysmä Joutsjärvi,,-1.0,-1.0
2019-07-24,Luhanka Tammijärvi,,-1.0,-1.0
2019-07-24,Jyväskylä Muuratjärvi,,-1.0,-1.0
2019-07-24,Luhanka Judinsalo,22.1,,
2019-07-24,Multia Pirttiperä,,-1.0,-1.0
2019-07-24,Joutsa Savenaho,20.5,-1.0,-1.0
2019-07-24,Kangasniemi kirkonkylä,,-1.0,-1.0
2019-07-24,Joutsa Pärnämäki,,-1.0,-1.0
2019-07-24,Mikkeli Pitkähiekka,,-1.0,-1.0
2019-07-24,Juva Partala,19.2,,
2019-07-24,Varkaus Kosulanniemi,20.5,-1.0,-1.0
2019-07-24,Savonlinna Laukansaari,,0.1,-1.0
2019-07-24,Sulkava Halttula,,-1.0,-1.0
2019-07-24,Savonlinna lentoasema,18.3,,
2019-07-24,Rantasalmi Rukkasluoto,19.8,,
2019-07-24,Savonlinna Punkaharju Laukansaari,17.0,-1.0,-1.0
2019-07-24,Enonkoski Simanala,,0.2,-1.0
2019-07-24,Savonlinna Savonranta,,0.8,-1.0
2019-07-24,Rääkkylä kirkonkylä,,0.0,-1.0
2019-07-24,Tohmajärvi Kemie,16.4,-1.0,-1.0
2019-07-24,Joensuu Huhtilampi,,-1.0,-1.0
2019-07-24,Vaasa lentoasema,19.0,,
2019-07-24,Mustasaari Valassaaret,18.2,,
2019-07-24,Närpiö Ylimarkku,,-1.0,-1.0
2019-07-24,Mustasaari Riimala,,-1.0,-1.0
2019-07-24,Kurikka Pyörni,,-1.0,-1.0
2019-07-24,Korsnäs Bredskäret,16.9,,
2019-07-24,Maalahti Strömmingsbådan,17.0,,
2019-07-24,Vaasa Klemettilä,19.6,-1.0,-1.0
2019-07-24,Seinäjoki Pelmaa,20.3,-1.0,-1.0
2019-07-24,Kauhava lentokenttä,19.5,-1.0,-1.0
2019-07-24,Ähtäri Inha,20.1,-1.0,-1.0
2019-07-24,Halsua Purola,19.1,-1.0,-1.0
2019-07-24,Alajärvi Möksy,19.0,-1.0,-1.0
2019-07-24,Multia Karhila,20.4,-1.0,-1.0
2019-07-24,Viitasaari Haapaniemi,22.3,-1.0,-1.0
2019-07-24,Äänekoski Kalaniemi,,-1.0,-1.0
2019-07-24,Viitasaari Kärnä,,-1.0,-1.0
2019-07-24,Vesanto kirkonkylä,21.3,-1.0,-1.0
2019-07-24,Pielavesi Venetmäki,,-1.0,-1.0
2019-07-24,Siilinjärvi Kuopio lentoasema,20.3,,
2019-07-24,Kuopio Maaninka,20.6,-1.0,-1.0
2019-07-24,Lapinlahti Lamminkäyrä,,-1.0,-1.0
2019-07-24,Suonenjoki Iisvesi,,-1.0,-1.0
2019-07-24,Kuopio Karttula,,-1.0,-1.0
2019-07-24,Kuopio Ritoniemi,20.6,,
2019-07-24,Kuopio Savilahti,20.7,0.2,-1.0
2019-07-24,Heinävesi Palokki,,0.0,-1.0
2019-07-24,Outokumpu Viuruniemi,,-1.0,-1.0
2019-07-24,Rautavaara Ala-Luosta,,-1.0,-1.0
2019-07-24,Rautavaara Ylä-Luosta,18.1,-1.0,-1.0
2019-07-24,Liperi Joensuu lentoasema,16.9,,
2019-07-24,Juuka Niemelä,17.0,-1.0,-1.0
2019-07-24,Joensuu Pyhäselkä,,0.2,-1.0
2019-07-24,Lieksa Koli,,0.1,-1.0
2019-07-24,Liperi Tuiskavanluoto,17.7,,
2019-07-24,Joensuu Linnunlahti,17.2,0.4,-1.0
2019-07-24,Lieksa Lampela,16.7,0.3,-1.0
2019-07-24,Ilomantsi Naarva,,0.0,-1.0
2019-07-24,Ilomantsi Pötsönvaara,15.9,-1.0,-1.0
2019-07-24,Ilomantsi Mekrijärvi,16.1,-1.0,-1.0
2019-07-24,Pietarsaari Kallan,17.3,,
2019-07-24,Kokkola Tankar,18.4,,
2019-07-24,Kruunupyy Kokkola-Pietarsaari lentoasema,18.7,,
2019-07-24,Kaustinen Tastula,,-1.0,-1.0
2019-07-24,Kalajoki Ulkokalla,17.6,,
2019-07-24,Toholampi Oravala,,-1.0,-1.0
2019-07-24,Kalajoki Pitkäsenkylä,,-1.0,-1.0
2019-07-24,Kalajoki Mehtäkylä,,-1.0,-1.0
2019-07-24,Toholampi Laitala,18.9,-1.0,-1.0
2019-07-24,Ylivieska lentokenttä,19.4,-1.0,-1.0
2019-07-24,Ylivieska Vähäkangas,,-1.0,-1.0
2019-07-24,Haapavesi Mustikkamäki,21.1,-1.0,-1.0
2019-07-24,Pyhäjärvi Ojakylä,19.3,-1.0,-1.0
2019-07-24,Pyhäjärvi Hiidenniemi,,-1.0,-1.0
2019-07-24,Kiuruvesi Korpijoki,,-1.0,-1.0
2019-07-24,Siikalatva Kestilä,,-1.0,-1.0
2019-07-24,Kajaani lentoasema,21.2,,
2019-07-24,Vieremä Kaarakkala,21.3,-1.0,-1.0
2019-07-24,Kajaani Paltaniemi,,-1.0,-1.0
2019-07-24,Nurmes Valtimo,18.5,-1.0,-1.0
2019-07-24,Ristijärvi Mustavaara,,-1.0,-1.0
2019-07-24,Sotkamo Kuolaniemi,19.5,-1.0,-1.0
2019-07-24,Nurmes Mujejärvi,,0.0,-1.0
2019-07-24,Kuhmo Apaja,,-1.0,-1.0
2019-07-24,Kuhmo Kalliojoki,16.7,-1.0,-1.0
2019-07-24,Hailuoto Keskikylä,17.7,-1.0,-1.0
2019-07-24,Kemi I majakka,18.4,,
2019-07-24,Hailuoto Marjaniemi,18.5,,
2019-07-24,Raahe Lapaluoto satama,17.9,,
2019-07-24,Oulu lentoasema,20.1,,
2019-07-24,Siikajoki Ruukki,19.3,-1.0,-1.0
2019-07-24,Oulu Vihreäsaari satama,19.6,,
2019-07-24,Oulu Oulunsalo Pellonpää,19.4,-1.0,-1.0
2019-07-24,Vaala Pelso,19.9,-1.0,-1.0
2019-07-24,Pudasjärvi lentokenttä,22.1,-1.0,-1.0
2019-07-24,Utajärvi Särkijärvi,,-1.0,-1.0
2019-07-24,Pudasjärvi Jaurakkajärvi,,-1.0,-1.0
2019-07-24,Suomussalmi Näljänkä,,-1.0,-1.0
2019-07-24,Suomussalmi Pesiö,18.6,0.0,-1.0
2019-07-24,Puolanka Kotila,,-1.0,-1.0
2019-07-24,Puolanka Paljakka,20.7,0.3,-1.0
2019-07-24,Kemi Kemi-Tornio lentoasema,18.4,,
2019-07-24,Kemi Ajos,19.9,,
2019-07-24,Tornio Kaakkuri,19.5,-1.0,-1.0
2019-07-24,Ranua lentokenttä,21.0,-1.0,-1.0
2019-07-24,Pudasjärvi Sarakylä,,-1.0,-1.0
2019-07-24,Posio Raistakka,,-1.0,-1.0
2019-07-24,Taivalkoski Inkee,,-1.0,-1.0
2019-07-24,Taivalkoski kirkonkylä,21.0,-1.0,-1.0
2019-07-24,Kuusamo lentoasema,20.7,,
2019-07-24,Kuusamo Kiutaköngäs,20.0,-1.0,-1.0
2019-07-24,Kuusamo Rukatunturi,20.8,,
2019-07-24,Kuusamo Teeriranta,,-1.0,-1.0
2019-07-24,Kuusamo Juuma,20.1,,
2019-07-24,Ylitornio Meltosjärvi,20.2,-1.0,-1.0
2019-07-24,Kolari Kattilamaa,,-1.0,-1.0
2019-07-24,Pello kirkonkylä,21.9,-1.0,-1.0
2019-07-24,Kittilä Alakylä,,-1.0,-1.0
2019-07-24,Rovaniemi rautatieasema,22.2,,
2019-07-24,Sodankylä Tähtelä,22.0,-1.0,-1.0
2019-07-24,Rovaniemi Apukka,21.1,-1.0,
2019-07-24,Pelkosenniemi kirkonkylä,,-1.0,-1.0
2019-07-24,Kemijärvi lentokenttä,22.9,-1.0,-1.0
2019-07-24,Savukoski kirkonkylä,21.2,-1.0,-1.0
2019-07-24,Salla Kelloselkä,,-1.0,-1.0
2019-07-24,Pelkosenniemi Pyhätunturi,22.3,,
2019-07-24,Salla kirkonkylä,20.5,-1.0,-1.0
2019-07-24,Salla Naruska,19.4,-1.0,-1.0
2019-07-24,Enontekiö Kaaresuvanto,,-1.0,-1.0
2019-07-24,Kittilä Pulju,,-1.0,-1.0
2019-07-24,Muonio Laukukero,18.3,,
2019-07-24,Muonio Sammaltunturi,20.0,,
2019-07-24,Kittilä Matorova,21.3,,
2019-07-24,Kittilä lentoasema,20.5,,
2019-07-24,Kittilä Kenttärova,20.8,-1.0,-1.0
2019-07-24,Kittilä Pakatti,20.5,-1.0,-1.0
2019-07-24,Kittilä Pokka,20.3,-1.0,-1.0
2019-07-24,Sodankylä Lokka,19.5,-1.0,-1.0
2019-07-24,Sodankylä Vuotso,20.8,-1.0,-1.0
2019-07-24,Inari Saariselkä matkailukeskus,20.7,-1.0,-1.0
2019-07-24,Inari Saariselkä Kaunispää,21.7,,
2019-07-24,Inari Raja-Jooseppi Kontiojärvi,,-1.0,-1.0
2019-07-24,Inari Raja-Jooseppi,22.4,,
2019-07-24,Salla Värriötunturi,22.2,-1.0,-1.0
2019-07-24,Enontekiö Kilpisjärvi kyläkeskus,17.2,-1.0,-1.0
2019-07-24,Enontekiö Kilpisjärvi Saana,13.3,,
2019-07-24,Enontekiö Näkkälä,19.4,-1.0,-1.0
2019-07-24,Inari Angeli Lintupuoliselkä,21.1,0.1,-1.0
2019-07-24,Inari Ivalo lentoasema,22.1,,
2019-07-24,Utsjoki Kevo,19.1,0.3,-1.0
2019-07-24,Utsjoki Nuorgam,18.4,0.4,-1.0
2019-07-24,Inari Väylä,21.1,,
2019-07-24,Inari kirkonkylä,,0.0,-1.0
2019-07-24,Inari Kaamanen,21.2,-1.0,-1.0
2019-07-24,Inari Nellim,21.9,1.9,-1.0
2019-07-24,Inari Kirakkajärvi,21.6,-1.0,-1.0
2019-07-24,Mäntsälä Hirvihaara,20.5,-1.0,-1.0
2019-07-24,Lahti Sopenkorpi,23.5,-1.0,-1.0
2019-07-24,Siuntio Sjundby,,-1.0,-1.0
2019-07-24,Sipoo Itätoukki,21.3,,
2019-07-24,Rauma Pyynpää,18.6,-1.0,-1.0
2019-07-24,Muonio Oustajärvi,20.3,-1.0,
2019-07-24,Kajaani Petäisenniska,21.1,-1.0,-1.0
2019-07-24,Utsjoki Kevo Kevojärvi,18.7,,
2019-07-24,Inari Seitalaassa,21.0,,
2019-07-24,Rovaniemi lentoasema AWOS,22.0,-1.0,-1.0
2019-07-24,Jyväskylä lentoasema AWOS,21.9,-1.0,-1.0
2019-07-24,Puumala kirkonkylä,19.5,-1.0,-1.0
2019-07-24,Helsinki Vuosaari satama,23.9,,
2019-07-24,Maarianhamina Länsisatama,19.1,,
2019-07-24,Lumparland Långnäs satama,19.8,-1.0,-1.0
2019-07-24,Tampere Tampella,22.7,,
2019-07-24,Kittilä Lompolonvuoma,20.2,-1.0,
2019-07-24,Kuusamo Ruka Talvijärvi,21.6,,
2019-07-24,Espoo Nuuksio,21.6,-1.0,-1.0
2019-07-24,Mikkeli Lentoasema AWOS,20.4,-1.0,-1.0
2019-07-24,Espoo Tapiola,22.8,-1.0,-1.0
2019-07-25,Porvoo Kilpilahti satama,20.6,,
2019-07-25,Jomala Maarianhamina lentoasema,21.9,,
2019-07-25,Parainen Utö,21.7,-1.0,0.0
2019-07-25,Lemland Nyhamn,22.0,,
2019-07-25,Jomala Jomalaby,21.8,-1.0,-1.0
2019-07-25,Hammarland Märket,21.9,,
2019-07-25,Kökar Bogskär,20.7,,
2019-07-25,Parainen Fagerholm,21.6,-1.0,
2019-07-25,Kumlinge kirkonkylä,21.8,,
2019-07-25,Hanko Russarö,20.6,-1.0,
2019-07-25,Kaarina Yltöinen,21.9,-1.0,-1.0
2019-07-25,Kemiönsaari Vänö,21.0,,
2019-07-25,Hanko Tulliniemi,20.5,,
2019-07-25,Turku Rajakari,21.5,,
2019-07-25,Turku Artukainen,23.0,-1.0,-1.0
2019-07-25,Kemiönsaari Kemiö,21.0,-1.0,-1.0
2019-07-25,Hanko Tvärminne,19.8,-1.0,-1.0
2019-07-25,Salo Kärkkä,22.2,-1.0,
2019-07-25,Lohja Leppäkorpi,,0.0,-1.0
2019-07-25,Raasepori Jussarö,20.4,,
2019-07-25,Salo Kiikala lentokenttä,21.4,-1.0,-1.0
2019-07-25,Vantaa Helsinki-Vantaan lentoasema,21.9,-1.0,-1.0
2019-07-25,Inkoo Bågaskär,20.4,,
2019-07-25,Helsinki Kaisaniemi,20.9,-1.0,-1.0
2019-07-25,Lohja Porla,20.9,-1.0,-1.0
2019-07-25,Vihti Maasoja,19.9,,
2019-07-25,Helsinki Harmaja,20.4,,
2019-07-25,Kirkkonummi Mäkiluoto,20.0,,
2019-07-25,Helsinki Helsingin majakka,19.7,,
2019-07-25,Helsinki Kumpula,21.2,-1.0,-1.0
2019-07-25,Helsinki Malmi lentokenttä,20.6,,
2019-07-25,Porvoo Emäsalo,20.8,,
2019-07-25,Porvoo Harabacka,21.4,-1.0,-1.0
2019-07-25,Kotka Rankki,20.8,-1.0,-1.0
2019-07-25,Loviisa Orrengrund,20.8,,
2019-07-25,Kotka Haapasaari,21.0,,
2019-07-25,Pori lentoasema,21.2,,
2019-07-25,Uusikaupunki Itätulli,,-1.0,-1.0
2019-07-25,Laitila Haukka,,-1.0,-1.0
2019-07-25,Kustavi Isokari,20.8,-1.0,
2019-07-25,Rauma Kylmäpihlaja,19.9,,
2019-07-25,Pori rautatieasema,21.8,-1.0,-1.0
2019-07-25,Turku lentoasema,22.2,,
2019-07-25,Kokemäki Rausenkulma,,-1.0,-1.0
2019-07-25,Huittinen Sallila,,-1.0,-1.0
2019-07-25,Oripää Teinikivi,,-1.0,-1.0
2019-07-25,Pöytyä Yläne,,-1.0,-1.0
2019-07-25,Kokemäki Tulkkila,21.8,-1.0,-1.0
2019-07-25,Jokioinen Ilmala,21.8,-1.0,-1.0
2019-07-25,Nokia Tottijärvi,,-1.0,-1.0
2019-07-25,Pirkkala Tampere-Pirkkala lentoasema,22.2,,
2019-07-25,Tampere Härmälä,22.9,-1.0,-1.0
2019-07-25,Somero Salkola,21.4,-1.0,-1.0
2019-07-25,Hyvinkää Hyvinkäänkylä,21.3,-1.0,-1.0
2019-07-25,Vihti Hiiskula,,-1.0,-1.0
2019-07-25,Hämeenlinna Pirttikoski,,-1.0,-1.0
2019-07-25,Nurmijärvi Röykkä,21.7,-1.0,-1.0
2019-07-25,Hattula Lepaa,22.3,-1.0,-1.0
2019-07-25,Hämeenlinna Lammi Pappila,20.5,-1.0,-1.0
2019-07-25,Mäntsälä Hirvihaara Kuntomajantie,,-1.0,-1.0
2019-07-25,Asikkala Pulkkilanharju,21.9,,
2019-07-25,Hämeenlinna Lammi Evo,19.2,,
2019-07-25,Kouvola Utti lentoasema,21.8,-1.0,-1.0
2019-07-25,Kouvola Anjala,21.6,-1.0,-1.0
2019-07-25,Heinola Asemantaus,21.3,-1.0,-1.0
2019-07-25,Kouvola Voikoski,,-1.0,-1.0
2019-07-25,Virolahti Koivuniemi,19.8,-1.0,-1.0
2019-07-25,Lappeenranta lentoasema,20.3,,
2019-07-25,Lappeenranta Konnunsuo,18.1,,
2019-07-25,Lappeenranta Lepola,20.4,-1.0,-1.0
2019-07-25,Ruokolahti Kotaniemi,,-1.0,-1.0
2019-07-25,Lappeenranta Hiekkapakka,19.5,,
2019-07-25,Parikkala Koitsanlahti,18.2,-1.0,-1.0
2019-07-25,Kaskinen Sälgrund,19.9,-1.0,
2019-07-25,Merikarvia Tuorila,,-1.0,-1.0
2019-07-25,Isojoki Kärjenkoski,,-1.0,-1.0
2019-07-25,Teuva Kauppilankylä,,-1.0,-1.0
2019-07-25,Pori Tahkoluoto satama,19.5,,
2019-07-25,Kristiinankaupunki Majakka,19.5,,
2019-07-25,Karvia Alkkia,21.5,-1.0,-1.0
2019-07-25,Ikaalinen Vehuvarpee,,-1.0,-1.0
2019-07-25,Kurikka Hirvijärvi,,-1.0,-1.0
2019-07-25,Kauhajoki Kuja-Kokko,21.6,-1.0,-1.0
2019-07-25,Kankaanpää Niinisalo lentokenttä,23.1,-1.0,-1.0
2019-07-25,Alavus Sulkavankylä,,-1.0,-1.0
2019-07-25,Virrat Äijänneva,21.8,,
2019-07-25,Tampere Siilinkari,22.3,,
2019-07-25,Jämsä Halli lentoasema,22.2,-1.0,-1.0
2019-07-25,Juupajoki Hyytiälä,20.9,-1.0,-1.0
2019-07-25,Sysmä Joutsjärvi,,-1.0,-1.0
2019-07-25,Luhanka Tammijärvi,,-1.0,-1.0
2019-07-25,Jyväskylä Muuratjärvi,,-1.0,-1.0
2019-07-25,Luhanka Judinsalo,21.5,,
2019-07-25,Multia Pirttiperä,,-1.0,-1.0
2019-07-25,Joutsa Savenaho,19.8,-1.0,-1.0
2019-07-25,Kangasniemi kirkonkylä,,-1.0,-1.0
2019-07-25,Joutsa Pärnämäki,,-1.0,-1.0
2019-07-25,Mikkeli Pitkähiekka,,-1.0,-1.0
2019-07-25,Juva Partala,19.1,,
2019-07-25,Varkaus Kosulanniemi,21.1,-1.0,-1.0
2019-07-25,Savonlinna Laukansaari,,-1.0,-1.0
2019-07-25,Sulkava Halttula,,-1.0,-1.0
2019-07-25,Savonlinna lentoasema,19.6,,
2019-07-25,Rantasalmi Rukkasluoto,20.2,,
2019-07-25,Savonlinna Punkaharju Laukansaari,18.8,-1.0,-1.0
2019-07-25,Enonkoski Simanala,,-1.0,-1.0
2019-07-25,Savonlinna Savonranta,,0.0,-1.0
2019-07-25,Rääkkylä kirkonkylä,,-1.0,-1.0
2019-07-25,Tohmajärvi Kemie,17.6,-1.0,-1.0
2019-07-25,Joensuu Huhtilampi,,-1.0,-1.0
2019-07-25,Vaasa lentoasema,22.4,,
2019-07-25,Mustasaari Valassaaret,21.4,,
2019-07-25,Närpiö Ylimarkku,,-1.0,-1.0
2019-07-25,Mustasaari Riimala,,-1.0,-1.0
2019-07-25,Kurikka Pyörni,,-1.0,-1.0
2019-07-25,Korsnäs Bredskäret,20.2,,
2019-07-25,Maalahti Strömmingsbådan,20.2,,
2019-07-25,Vaasa Klemettilä,22.3,-1.0,-1.0
2019-07-25,Seinäjoki Pelmaa,22.5,-1.0,-1.0
2019-07-25,Kauhava lentokenttä,21.9,-1.0,-1.0
2019-07-25,Ähtäri Inha,22.3,-1.0,-1.0
2019-07-25,Halsua Purola,20.5,-1.0,-1.0
2019-07-25,Alajärvi Möksy,21.0,-1.0,-1.0
2019-07-25,Multia Karhila,21.0,-1.0,-1.0
2019-07-25,Viitasaari Haapaniemi,22.2,-1.0,-1.0
2019-07-25,Äänekoski Kalaniemi,,-1.0,-1.0
2019-07-25,Viitasaari Kärnä,,-1.0,-1.0
2019-07-25,Vesanto kirkonkylä,20.1,-1.0,-1.0
2019-07-25,Pielavesi Venetmäki,,-1.0,-1.0
2019-07-25,Siilinjärvi Kuopio lentoasema,20.9,,
2019-07-25,Kuopio Maaninka,19.9,-1.0,-1.0
2019-07-25,Lapinlahti Lamminkäyrä,,-1.0,-1.0
2019-07-25,Suonenjoki Iisvesi,,-1.0,-1.0
2019-07-25,Kuopio Karttula,,-1.0,-1.0
2019-07-25,Kuopio Ritoniemi,20.8,,
2019-07-25,Kuopio Savilahti,20.8,-1.0,-1.0
2019-07-25,Heinävesi Palokki,,-1.0,-1.0
2019-07-25,Outokumpu Viuruniemi,,-1.0,-1.0
2019-07-25,Rautavaara Ala-Luosta,,-1.0,-1.0
2019-07-25,Rautavaara Ylä-Luosta,18.9,-1.0,-1.0
2019-07-25,Liperi Joensuu lentoasema,19.1,,
2019-07-25,Juuka Niemelä,17.5,-1.0,-1.0
2019-07-25,Joensuu Pyhäselkä,,-1.0,-1.0
2019-07-25,Lieksa Koli,,-1.0,-1.0
2019-07-25,Liperi Tuiskavanluoto,19.8,,
2019-07-25,Joensuu Linnunlahti,19.2,-1.0,-1.0
2019-07-25,Lieksa Lampela,18.8,-1.0,-1.0
2019-07-25,Ilomantsi Naarva,,0.0,-1.0
2019-07-25,Ilomantsi Pötsönvaara,18.8,-1.0,-1.0
2019-07-25,Ilomantsi Mekrijärvi,18.4,-1.0,-1.0
2019-07-25,Pietarsaari Kallan,19.7,,
2019-07-25,Kokkola Tankar,20.2,,
2019-07-25,Kruunupyy Kokkola-Pietarsaari lentoasema,22.4,,
2019-07-25,Kaustinen Tastula,,-1.0,-1.0
2019-07-25,Kalajoki Ulkokalla,19.7,,
2019-07-25,Toholampi Oravala,,-1.0,-1.0
2019-07-25,Kalajoki Pitkäsenkylä,,-1.0,-1.0
2019-07-25,Kalajoki Mehtäkylä,,-1.0,-1.0
2019-07-25,Toholampi Laitala,21.4,-1.0,-1.0
2019-07-25,Ylivieska lentokenttä,20.9,-1.0,-1.0
2019-07-25,Ylivieska Vähäkangas,,-1.0,-1.0
2019-07-25,Haapavesi Mustikkamäki,21.5,-1.0,-1.0
2019-07-25,Pyhäjärvi Ojakylä,20.7,-1.0,-1.0
2019-07-25,Pyhäjärvi Hiidenniemi,,-1.0,-1.0
2019-07-25,Kiuruvesi Korpijoki,,-1.0,-1.0
2019-07-25,Siikalatva Kestilä,,-1.0,-1.0
2019-07-25,Kajaani lentoasema,20.8,,
2019-07-25,Vieremä Kaarakkala,21.3,-1.0,-1.0
2019-07-25,Kajaani Paltaniemi,,-1.0,-1.0
2019-07-25,Nurmes Valtimo,19.5,-1.0,-1.0
2019-07-25,Ristijärvi Mustavaara,,-1.0,-1.0
2019-07-25,Sotkamo Kuolaniemi,19.8,-1.0,-1.0
2019-07-25,Nurmes Mujejärvi,,-1.0,-1.0
2019-07-25,Kuhmo Apaja,,-1.0,-1.0
2019-07-25,Kuhmo Kalliojoki,18.8,-1.0,-1.0
2019-07-25,Hailuoto Keskikylä,20.8,-1.0,-1.0
2019-07-25,Kemi I majakka,20.0,,
2019-07-25,Hailuoto Marjaniemi,20.7,,
2019-07-25,Raahe Lapaluoto satama,21.0,,
2019-07-25,Oulu lentoasema,21.9,,
2019-07-25,Siikajoki Ruukki,21.4,-1.0,-1.0
2019-07-25,Oulu Vihreäsaari satama,21.3,,
2019-07-25,Oulu Oulunsalo Pellonpää,21.4,-1.0,-1.0
2019-07-25,Vaala Pelso,20.3,-1.0,-1.0
2019-07-25,Pudasjärvi lentokenttä,21.9,-1.0,-1.0
2019-07-25,Utajärvi Särkijärvi,,-1.0,-1.0
2019-07-25,Pudasjärvi Jaurakkajärvi,,-1.0,-1.0
2019-07-25,Suomussalmi Näljänkä,,-1.0,-1.0
2019-07-25,Suomussalmi Pesiö,19.3,0.0,-1.0
2019-07-25,Puolanka Kotila,,-1.0,-1.0
2019-07-25,Puolanka Paljakka,20.2,-1.0,-1.0
2019-07-25,Kemi Kemi-Tornio lentoasema,20.6,,
2019-07-25,Kemi Ajos,20.8,,
2019-07-25,Tornio Kaakkuri,20.8,-1.0,-1.0
2019-07-25,Ranua lentokenttä,20.3,-1.0,-1.0
2019-07-25,Pudasjärvi Sarakylä,,-1.0,-1.0
2019-07-25,Posio Raistakka,,-1.0,-1.0
2019-07-25,Taivalkoski Inkee,,-1.0,-1.0
2019-07-25,Taivalkoski kirkonkylä,20.5,-1.0,-1.0
2019-07-25,Kuusamo lentoasema,21.4,,
2019-07-25,Kuusamo Kiutaköngäs,21.1,-1.0,-1.0
2019-07-25,Kuusamo Rukatunturi,20.9,,
2019-07-25,Kuusamo Teeriranta,,-1.0,-1.0
2019-07-25,Kuusamo Juuma,20.7,,
2019-07-25,Ylitornio Meltosjärvi,22.1,-1.0,-1.0
2019-07-25,Kolari Kattilamaa,,-1.0,-1.0
2019-07-25,Pello kirkonkylä,23.2,-1.0,-1.0
2019-07-25,Kittilä Alakylä,,-1.0,-1.0
2019-07-25,Rovaniemi rautatieasema,21.8,,
2019-07-25,Sodankylä Tähtelä,22.4,-1.0,-1.0
2019-07-25,Rovaniemi Apukka,20.5,-1.0,-1.0
2019-07-25,Pelkosenniemi kirkonkylä,,-1.0,-1.0
2019-07-25,Kemijärvi lentokenttä,21.8,-1.0,-1.0
2019-07-25,Savukoski kirkonkylä,21.0,-1.0,-1.0
2019-07-25,Salla Kelloselkä,,-1.0,-1.0
2019-07-25,Pelkosenniemi Pyhätunturi,21.5,,
2019-07-25,Salla kirkonkylä,21.2,-1.0,-1.0
2019-07-25,Salla Naruska,19.6,-1.0,-1.0
2019-07-25,Enontekiö Kaaresuvanto,,-1.0,-1.0
2019-07-25,Kittilä Pulju,,-1.0,-1.0
2019-07-25,Muonio Laukukero,18.1,,
2019-07-25,Muonio Sammaltunturi,19.8,,
2019-07-25,Kittilä Matorova,21.0,,
2019-07-25,Kittilä lentoasema,21.9,,
2019-07-25,Kittilä Kenttärova,20.7,-1.0,-1.0
2019-07-25,Kittilä Pakatti,22.0,-1.0,-1.0
2019-07-25,Kittilä Pokka,20.6,-1.0,-1.0
2019-07-25,Sodankylä Lokka,20.3,-1.0,-1.0
2019-07-25,Sodankylä Vuotso,20.7,-1.0,-1.0
2019-07-25,Inari Saariselkä matkailukeskus,19.4,-1.0,-1.0
2019-07-25,Inari Saariselkä Kaunispää,18.8,,
2019-07-25,Inari Raja-Jooseppi Kontiojärvi,,-1.0,-1.0
2019-07-25,Inari Raja-Jooseppi,19.7,,
2019-07-25,Salla Värriötunturi,20.3,-1.0,-1.0
2019-07-25,Enontekiö Kilpisjärvi kyläkeskus,18.2,-1.0,-1.0
2019-07-25,Enontekiö Kilpisjärvi Saana,15.3,,
2019-07-25,Enontekiö Näkkälä,19.6,-1.0,-1.0
2019-07-25,Inari Angeli Lintupuoliselkä,19.3,-1.0,-1.0
2019-07-25,Inari Ivalo lentoasema,19.9,,
2019-07-25,Utsjoki Kevo,19.0,1.2,-1.0
2019-07-25,Utsjoki Nuorgam,16.3,5.0,-1.0
2019-07-25,Inari Väylä,18.7,,
2019-07-25,Inari kirkonkylä,,-1.0,-1.0
2019-07-25,Inari Kaamanen,18.9,-1.0,-1.0
2019-07-25,Inari Nellim,19.0,-1.0,-1.0
2019-07-25,Inari Kirakkajärvi,17.9,0.2,-1.0
2019-07-25,Mäntsälä Hirvihaara,20.9,-1.0,-1.0
2019-07-25,Lahti Sopenkorpi,22.6,-1.0,-1.0
2019-07-25,Siuntio Sjundby,,-1.0,-1.0
2019-07-25,Sipoo Itätoukki,20.4,,
2019-07-25,Rauma Pyynpää,21.4,-1.0,-1.0
2019-07-25,Muonio Oustajärvi,21.9,-1.0,
2019-07-25,Kajaani Petäisenniska,20.7,-1.0,-1.0
2019-07-25,Utsjoki Kevo Kevojärvi,18.4,,
2019-07-25,Inari Seitalaassa,18.5,,
2019-07-25,Rovaniemi lentoasema AWOS,20.8,-1.0,-1.0
2019-07-25,Jyväskylä lentoasema AWOS,21.0,-1.0,-1.0
2019-07-25,Puumala kirkonkylä,20.2,-1.0,-1.0
2019-07-25,Helsinki Vuosaari satama,20.1,,
2019-07-25,Maarianhamina Länsisatama,21.9,,
2019-07-25,Lumparland Långnäs satama,22.4,-1.0,-1.0
2019-07-25,Tampere Tampella,24.1,,
2019-07-25,Kittilä Lompolonvuoma,20.4,-1.0,
2019-07-25,Kuusamo Ruka Talvijärvi,21.9,,
2019-07-25,Espoo Nuuksio,20.6,-1.0,-1.0
2019-07-25,Mikkeli Lentoasema AWOS,19.7,-1.0,-1.0
2019-07-25,Espoo Tapiola,20.0,-1.0,
2019-07-26,Porvoo Kilpilahti satama,22.0,,
2019-07-26,Jomala Maarianhamina lentoasema,20.9,,
2019-07-26,Parainen Utö,21.4,-1.0,-1.0
2019-07-26,Lemland Nyhamn,21.7,,
2019-07-26,Jomala Jomalaby,21.5,-1.0,-1.0
2019-07-26,Hammarland Märket,21.6,,
2019-07-26,Kökar Bogskär,21.1,,
2019-07-26,Parainen Fagerholm,21.4,-1.0,
2019-07-26,Kumlinge kirkonkylä,22.0,,
2019-07-26,Hanko Russarö,20.7,-1.0,
2019-07-26,Kaarina Yltöinen,21.6,-1.0,-1.0
2019-07-26,Kemiönsaari Vänö,21.3,,
2019-07-26,Hanko Tulliniemi,20.8,,
2019-07-26,Turku Rajakari,22.1,,
2019-07-26,Turku Artukainen,23.0,-1.0,-1.0
2019-07-26,Kemiönsaari Kemiö,21.2,-1.0,-1.0
2019-07-26,Hanko Tvärminne,20.6,-1.0,-1.0
2019-07-26,Salo Kärkkä,21.7,-1.0,
2019-07-26,Lohja Leppäkorpi,,0.0,-1.0
2019-07-26,Raasepori Jussarö,20.8,,
2019-07-26,Salo Kiikala lentokenttä,22.0,-1.0,-1.0
2019-07-26,Vantaa Helsinki-Vantaan lentoasema,22.9,-1.0,-1.0
2019-07-26,Inkoo Bågaskär,20.7,,
2019-07-26,Helsinki Kaisaniemi,22.2,-1.0,-1.0
2019-07-26,Lohja Porla,21.5,-1.0,-1.0
2019-07-26,Vihti Maasoja,20.2,,
2019-07-26,Helsinki Harmaja,20.8,,
2019-07-26,Kirkkonummi Mäkiluoto,20.5,,
2019-07-26,Helsinki Helsingin majakka,20.7,,
2019-07-26,Helsinki Kumpula,22.5,-1.0,-1.0
2019-07-26,Helsinki Malmi lentokenttä,21.4,,
2019-07-26,Porvoo Emäsalo,22.5,,
2019-07-26,Porvoo Harabacka,21.9,-1.0,-1.0
2019-07-26,Kotka Rankki,22.6,-1.0,-1.0
2019-07-26,Loviisa Orrengrund,22.4,,
2019-07-26,Kotka Haapasaari,22.7,,
2019-07-26,Pori lentoasema,22.8,,
2019-07-26,Uusikaupunki Itätulli,,-1.0,-1.0
2019-07-26,Laitila Haukka,,-1.0,-1.0
2019-07-26,Kustavi Isokari,21.6,-1.0,
2019-07-26,Rauma Kylmäpihlaja,20.6,,
2019-07-26,Pori rautatieasema,23.5,-1.0,-1.0
2019-07-26,Turku lentoasema,21.9,,
2019-07-26,Kokemäki Rausenkulma,,-1.0,-1.0
2019-07-26,Huittinen Sallila,,-1.0,-1.0
2019-07-26,Oripää Teinikivi,,-1.0,-1.0
2019-07-26,Pöytyä Yläne,,-1.0,-1.0
2019-07-26,Kokemäki Tulkkila,22.5,-1.0,-1.0
2019-07-26,Jokioinen Ilmala,21.1,-1.0,-1.0
2019-07-26,Nokia Tottijärvi,,-1.0,-1.0
2019-07-26,Pirkkala Tampere-Pirkkala lentoasema,21.9,,
2019-07-26,Tampere Härmälä,22.1,-1.0,-1.0
2019-07-26,Somero Salkola,21.7,-1.0,-1.0
2019-07-26,Hyvinkää Hyvinkäänkylä,21.4,-1.0,-1.0
2019-07-26,Vihti Hiiskula,,-1.0,-1.0
2019-07-26,Hämeenlinna Pirttikoski,,-1.0,-1.0
2019-07-26,Nurmijärvi Röykkä,22.1,-1.0,-1.0
2019-07-26,Hattula Lepaa,22.0,-1.0,-1.0
2019-07-26,Hämeenlinna Lammi Pappila,21.1,-1.0,-1.0
2019-07-26,Mäntsälä Hirvihaara Kuntomajantie,,-1.0,-1.0
2019-07-26,Asikkala Pulkkilanharju,23.0,,
2019-07-26,Hämeenlinna Lammi Evo,20.8,,
2019-07-26,Kouvola Utti lentoasema,23.7,-1.0,-1.0
2019-07-26,Kouvola Anjala,22.4,-1.0,-1.0
2019-07-26,Heinola Asemantaus,23.0,-1.0,-1.0
2019-07-26,Kouvola Voikoski,,-1.0,-1.0
2019-07-26,Virolahti Koivuniemi,22.3,-1.0,-1.0
2019-07-26,Lappeenranta lentoasema,22.9,,
2019-07-26,Lappeenranta Konnunsuo,21.0,,
2019-07-26,Lappeenranta Lepola,23.2,-1.0,-1.0
2019-07-26,Ruokolahti Kotaniemi,,-1.0,-1.0
2019-07-26,Lappeenranta Hiekkapakka,22.2,,
2019-07-26,Parikkala Koitsanlahti,22.3,-1.0,-1.0
2019-07-26,Kaskinen Sälgrund,21.5,-1.0,
2019-07-26,Merikarvia Tuorila,,-1.0,-1.0
2019-07-26,Isojoki Kärjenkoski,,-1.0,-1.0
2019-07-26,Teuva Kauppilankylä,,-1.0,-1.0
2019-07-26,Pori Tahkoluoto satama,21.6,,
2019-07-26,Kristiinankaupunki Majakka,21.4,,
2019-07-26,Karvia Alkkia,21.9,-1.0,-1.0
2019-07-26,Ikaalinen Vehuvarpee,,-1.0,-1.0
2019-07-26,Kurikka Hirvijärvi,,-1.0,-1.0
2019-07-26,Kauhajoki Kuja-Kokko,22.9,-1.0,-1.0
2019-07-26,Kankaanpää Niinisalo lentokenttä,23.5,-1.0,-1.0
2019-07-26,Alavus Sulkavankylä,,-1.0,-1.0
2019-07-26,Virrat Äijänneva,20.9,,
2019-07-26,Tampere Siilinkari,23.1,,
2019-07-26,Jämsä Halli lentoasema,22.2,-1.0,-1.0
2019-07-26,Juupajoki Hyytiälä,20.6,-1.0,-1.0
2019-07-26,Sysmä Joutsjärvi,,-1.0,-1.0
2019-07-26,Luhanka Tammijärvi,,-1.0,-1.0
2019-07-26,Jyväskylä Muuratjärvi,,-1.0,-1.0
2019-07-26,Luhanka Judinsalo,23.1,,
2019-07-26,Multia Pirttiperä,,-1.0,-1.0
2019-07-26,Joutsa Savenaho,21.4,-1.0,-1.0
2019-07-26,Kangasniemi kirkonkylä,,-1.0,-1.0
2019-07-26,Joutsa Pärnämäki,,-1.0,-1.0
2019-07-26,Mikkeli Pitkähiekka,,-1.0,-1.0
2019-07-26,Juva Partala,21.7,,
2019-07-26,Varkaus Kosulanniemi,23.3,-1.0,-1.0
2019-07-26,Savonlinna Laukansaari,,-1.0,-1.0
2019-07-26,Sulkava Halttula,,-1.0,-1.0
2019-07-26,Savonlinna lentoasema,22.5,,
2019-07-26,Rantasalmi Rukkasluoto,22.9,,
2019-07-26,Savonlinna Punkaharju Laukansaari,21.7,-1.0,-1.0
2019-07-26,Enonkoski Simanala,,-1.0,-1.0
2019-07-26,Savonlinna Savonranta,,-1.0,-1.0
2019-07-26,Rääkkylä kirkonkylä,,-1.0,-1.0
2019-07-26,Tohmajärvi Kemie,20.8,-1.0,-1.0
2019-07-26,Joensuu Huhtilampi,,-1.0,-1.0
2019-07-26,Vaasa lentoasema,22.9,,
2019-07-26,Mustasaari Valassaaret,23.6,,
2019-07-26,Närpiö Ylimarkku,,-1.0,-1.0
2019-07-26,Mustasaari Riimala,,-1.0,-1.0
2019-07-26,Kurikka Pyörni,,-1.0,-1.0
2019-07-26,Korsnäs Bredskäret,21.9,,
2019-07-26,Maalahti Strömmingsbådan,21.5,,
2019-07-26,Vaasa Klemettilä,23.9,-1.0,-1.0
2019-07-26,Seinäjoki Pelmaa,23.6,-1.0,-1.0
2019-07-26,Kauhava lentokenttä,23.2,-1.0,-1.0
2019-07-26,Ähtäri Inha,22.5,-1.0,-1.0
2019-07-26,Halsua Purola,21.5,-1.0,-1.0
2019-07-26,Alajärvi Möksy,21.7,-1.0,-1.0
2019-07-26,Multia Karhila,20.9,-1.0,-1.0
2019-07-26,Viitasaari Haapaniemi,22.9,-1.0,-1.0
2019-07-26,Äänekoski Kalaniemi,,-1.0,-1.0
2019-07-26,Viitasaari Kärnä,,-1.0,-1.0
2019-07-26,Vesanto kirkonkylä,21.2,-1.0,-1.0
2019-07-26,Pielavesi Venetmäki,,-1.0,-1.0
2019-07-26,Siilinjärvi Kuopio lentoasema,23.4,,
2019-07-26,Kuopio Maaninka,21.9,-1.0,-1.0
2019-07-26,Lapinlahti Lamminkäyrä,,-1.0,-1.0
2019-07-26,Suonenjoki Iisvesi,,-1.0,-1.0
2019-07-26,Kuopio Karttula,,-1.0,-1.0
2019-07-26,Kuopio Ritoniemi,23.2,,
2019-07-26,Kuopio Savilahti,22.9,-1.0,-1.0
2019-07-26,Heinävesi Palokki,,-1.0,-1.0
2019-07-26,Outokumpu Viuruniemi,,-1.0,-1.0
2019-07-26,Rautavaara Ala-Luosta,,-1.0,-1.0
2019-07-26,Rautavaara Ylä-Luosta,21.4,-1.0,-1.0
2019-07-26,Liperi Joensuu lentoasema,21.3,,
2019-07-26,Juuka Niemelä,21.2,-1.0,-1.0
2019-07-26,Joensuu Pyhäselkä,,-1.0,-1.0
2019-07-26,Lieksa Koli,,-1.0,-1.0
2019-07-26,Liperi Tuiskavanluoto,22.5,,
2019-07-26,Joensuu Linnunlahti,21.3,-1.0,-1.0
2019-07-26,Lieksa Lampela,21.1,-1.0,-1.0
2019-07-26,Ilomantsi Naarva,,0.0,-1.0
2019-07-26,Ilomantsi Pötsönvaara,21.9,-1.0,-1.0
2019-07-26,Ilomantsi Mekrijärvi,22.0,-1.0,-1.0
2019-07-26,Pietarsaari Kallan,22.9,,
2019-07-26,Kokkola Tankar,22.5,,
2019-07-26,Kruunupyy Kokkola-Pietarsaari lentoasema,24.0,,
2019-07-26,Kaustinen Tastula,,-1.0,-1.0
2019-07-26,Kalajoki Ulkokalla,21.5,,
2019-07-26,Toholampi Oravala,,-1.0,-1.0
2019-07-26,Kalajoki Pitkäsenkylä,,-1.0,-1.0
2019-07-26,Kalajoki Mehtäkylä,,-1.0,-1.0
2019-07-26,Toholampi Laitala,22.9,-1.0,-1.0
2019-07-26,Ylivieska lentokenttä,22.5,-1.0,-1.0
2019-07-26,Ylivieska Vähäkangas,,-1.0,-1.0
2019-07-26,Haapavesi Mustikkamäki,23.1,-1.0,-1.0
2019-07-26,Pyhäjärvi Ojakylä,21.6,-1.0,-1.0
2019-07-26,Pyhäjärvi Hiidenniemi,,-1.0,-1.0
2019-07-26,Kiuruvesi Korpijoki,,-1.0,-1.0
2019-07-26,Siikalatva Kestilä,,-1.0,-1.0
2019-07-26,Kajaani lentoasema,21.7,,
2019-07-26,Vieremä Kaarakkala,23.4,-1.0,-1.0
2019-07-26,Kajaani Paltaniemi,,-1.0,-1.0
2019-07-26,Nurmes Valtimo,21.9,-1.0,-1.0
2019-07-26,Ristijärvi Mustavaara,,-1.0,-1.0
2019-07-26,Sotkamo Kuolaniemi,21.8,-1.0,-1.0
2019-07-26,Nurmes Mujejärvi,,-1.0,-1.0
2019-07-26,Kuhmo Apaja,,-1.0,-1.0
2019-07-26,Kuhmo Kalliojoki,21.2,-1.0,-1.0
2019-07-26,Raahe Nahkiainen,21.8,,
2019-07-26,Hailuoto Keskikylä,21.8,-1.0,-1.0
2019-07-26,Kemi I majakka,21.7,,
2019-07-26,Hailuoto Marjaniemi,22.2,,
2019-07-26,Raahe Lapaluoto satama,22.8,,
2019-07-26,Oulu lentoasema,23.6,,
2019-07-26,Siikajoki Ruukki,22.8,-1.0,-1.0
2019-07-26,Oulu Vihreäsaari satama,22.8,,
2019-07-26,Oulu Oulunsalo Pellonpää,22.9,-1.0,-1.0
2019-07-26,Vaala Pelso,21.9,-1.0,-1.0
2019-07-26,Pudasjärvi lentokenttä,23.9,-1.0,-1.0
2019-07-26,Utajärvi Särkijärvi,,-1.0,-1.0
2019-07-26,Pudasjärvi Jaurakkajärvi,,-1.0,-1.0
2019-07-26,Suomussalmi Näljänkä,,-1.0,-1.0
2019-07-26,Suomussalmi Pesiö,21.7,0.0,-1.0
2019-07-26,Puolanka Kotila,,-1.0,-1.0
2019-07-26,Puolanka Paljakka,21.8,-1.0,-1.0
2019-07-26,Kemi Kemi-Tornio lentoasema,21.0,,
2019-07-26,Kemi Ajos,23.0,,
2019-07-26,Tornio Kaakkuri,22.2,-1.0,-1.0
2019-07-26,Ranua lentokenttä,22.5,-1.0,-1.0
2019-07-26,Pudasjärvi Sarakylä,,-1.0,-1.0
2019-07-26,Posio Raistakka,,-1.0,-1.0
2019-07-26,Taivalkoski Inkee,,-1.0,-1.0
2019-07-26,Taivalkoski kirkonkylä,23.1,-1.0,-1.0
2019-07-26,Kuusamo lentoasema,23.4,,
2019-07-26,Kuusamo Kiutaköngäs,23.2,-1.0,-1.0
2019-07-26,Kuusamo Rukatunturi,22.4,,
2019-07-26,Kuusamo Teeriranta,,-1.0,-1.0
2019-07-26,Kuusamo Juuma,22.9,,
2019-07-26,Ylitornio Meltosjärvi,24.7,-1.0,-1.0
2019-07-26,Kolari Kattilamaa,,-1.0,-1.0
2019-07-26,Pello kirkonkylä,24.9,-1.0,-1.0
2019-07-26,Kittilä Alakylä,,-1.0,-1.0
2019-07-26,Rovaniemi rautatieasema,24.9,,
2019-07-26,Sodankylä Tähtelä,24.1,-1.0,-1.0
2019-07-26,Rovaniemi Apukka,23.5,-1.0,-1.0
2019-07-26,Pelkosenniemi kirkonkylä,,-1.0,-1.0
2019-07-26,Kemijärvi lentokenttä,24.2,-1.0,-1.0
2019-07-26,Savukoski kirkonkylä,22.7,-1.0,-1.0
2019-07-26,Salla Kelloselkä,,-1.0,-1.0
2019-07-26,Pelkosenniemi Pyhätunturi,23.5,,
2019-07-26,Salla kirkonkylä,22.9,-1.0,-1.0
2019-07-26,Salla Naruska,21.6,-1.0,-1.0
2019-07-26,Enontekiö Kaaresuvanto,,-1.0,-1.0
2019-07-26,Kittilä Pulju,,-1.0,-1.0
2019-07-26,Muonio Laukukero,20.3,,
2019-07-26,Muonio Sammaltunturi,21.7,,
2019-07-26,Kittilä Matorova,23.2,,
2019-07-26,Kittilä lentoasema,23.2,,
2019-07-26,Kittilä Kenttärova,23.3,-1.0,-1.0
2019-07-26,Kittilä Pakatti,23.7,-1.0,-1.0
2019-07-26,Kittilä Pokka,22.4,-1.0,-1.0
2019-07-26,Sodankylä Lokka,21.0,-1.0,-1.0
2019-07-26,Sodankylä Vuotso,22.3,-1.0,-1.0
2019-07-26,Inari Saariselkä matkailukeskus,21.2,-1.0,-1.0
2019-07-26,Inari Saariselkä Kaunispää,20.6,,
2019-07-26,Inari Raja-Jooseppi Kontiojärvi,,-1.0,-1.0
2019-07-26,Inari Raja-Jooseppi,22.1,,
2019-07-26,Salla Värriötunturi,22.4,-1.0,-1.0
2019-07-26,Enontekiö Kilpisjärvi kyläkeskus,18.8,-1.0,-1.0
2019-07-26,Enontekiö Kilpisjärvi Saana,16.2,,
2019-07-26,Enontekiö Näkkälä,21.8,-1.0,-1.0
2019-07-26,Inari Angeli Lintupuoliselkä,21.5,-1.0,-1.0
2019-07-26,Inari Ivalo lentoasema,22.2,,
2019-07-26,Utsjoki Kevo,17.1,-1.0,-1.0
2019-07-26,Utsjoki Nuorgam,14.5,-1.0,-1.0
2019-07-26,Inari Väylä,20.1,,
2019-07-26,Inari kirkonkylä,,-1.0,-1.0
2019-07-26,Inari Kaamanen,19.6,-1.0,-1.0
2019-07-26,Inari Nellim,21.1,-1.0,-1.0
2019-07-26,Inari Kirakkajärvi,16.6,0.1,-1.0
2019-07-26,Mäntsälä Hirvihaara,20.4,-1.0,-1.0
2019-07-26,Lahti Sopenkorpi,23.8,-1.0,-1.0
2019-07-26,Siuntio Sjundby,,-1.0,-1.0
2019-07-26,Sipoo Itätoukki,21.2,,
2019-07-26,Rauma Pyynpää,23.0,-1.0,-1.0
2019-07-26,Muonio Oustajärvi,23.8,-1.0,
2019-07-26,Kajaani Petäisenniska,22.7,-1.0,-1.0
2019-07-26,Utsjoki Kevo Kevojärvi,16.9,,
2019-07-26,Inari Seitalaassa,19.0,,
2019-07-26,Rovaniemi lentoasema AWOS,24.0,0.2,-1.0
2019-07-26,Jyväskylä lentoasema AWOS,21.7,-1.0,-1.0
2019-07-26,Puumala kirkonkylä,23.1,-1.0,-1.0
2019-07-26,Helsinki Vuosaari satama,20.8,,
2019-07-26,Maarianhamina Länsisatama,21.5,,
2019-07-26,Lumparland Långnäs satama,22.1,-1.0,-1.0
2019-07-26,Tampere Tampella,24.6,,
2019-07-26,Kittilä Lompolonvuoma,22.9,-1.0,
2019-07-26,Kuusamo Ruka Talvijärvi,23.4,,
2019-07-26,Espoo Nuuksio,22.0,-1.0,-1.0
2019-07-26,Mikkeli Lentoasema AWOS,21.5,-1.0,-1.0
2019-07-26,Espoo Tapiola,20.9,-1.0,-1.0
2019-07-27,Porvoo Kilpilahti satama,24.2,,
2019-07-27,Jomala Maarianhamina lentoasema,22.3,,
2019-07-27,Parainen Utö,23.7,-1.0,-1.0
2019-07-27,Lemland Nyhamn,23.4,,
2019-07-27,Jomala Jomalaby,22.8,-1.0,-1.0
2019-07-27,Hammarland Märket,21.5,,
2019-07-27,Kökar Bogskär,22.1,,
2019-07-27,Parainen Fagerholm,24.5,-1.0,
2019-07-27,Kumlinge kirkonkylä,23.5,,
2019-07-27,Hanko Russarö,23.2,-1.0,
2019-07-27,Kaarina Yltöinen,23.9,-1.0,-1.0
2019-07-27,Kemiönsaari Vänö,24.2,,
2019-07-27,Hanko Tulliniemi,23.9,,
2019-07-27,Turku Rajakari,24.6,,
2019-07-27,Turku Artukainen,25.8,-1.0,-1.0
2019-07-27,Kemiönsaari Kemiö,23.6,-1.0,-1.0
2019-07-27,Hanko Tvärminne,23.7,-1.0,-1.0
2019-07-27,Salo Kärkkä,24.3,-1.0,
2019-07-27,Lohja Leppäkorpi,,0.0,-1.0
2019-07-27,Raasepori Jussarö,23.9,,
2019-07-27,Salo Kiikala lentokenttä,25.0,-1.0,-1.0
2019-07-27,Vantaa Helsinki-Vantaan lentoasema,25.6,-1.0,-1.0
2019-07-27,Inkoo Bågaskär,23.8,,
2019-07-27,Helsinki Kaisaniemi,24.9,-1.0,-1.0
2019-07-27,Lohja Porla,23.9,-1.0,-1.0
2019-07-27,Vihti Maasoja,23.0,,
2019-07-27,Helsinki Harmaja,23.2,,
2019-07-27,Kirkkonummi Mäkiluoto,23.4,,
2019-07-27,Helsinki Helsingin majakka,23.4,,
2019-07-27,Helsinki Kumpula,25.5,-1.0,-1.0
2019-07-27,Helsinki Malmi lentokenttä,24.2,,
2019-07-27,Porvoo Emäsalo,24.3,,
2019-07-27,Porvoo Harabacka,24.6,-1.0,-1.0
2019-07-27,Kotka Rankki,23.8,-1.0,-1.0
2019-07-27,Loviisa Orrengrund,24.5,,
2019-07-27,Kotka Haapasaari,23.8,,
2019-07-27,Pori lentoasema,23.5,,
2019-07-27,Uusikaupunki Itätulli,,-1.0,-1.0
2019-07-27,Laitila Haukka,,-1.0,-1.0
2019-07-27,Kustavi Isokari,21.9,-1.0,
2019-07-27,Rauma Kylmäpihlaja,20.9,,
2019-07-27,Pori rautatieasema,24.1,-1.0,-1.0
2019-07-27,Turku lentoasema,24.3,,
2019-07-27,Kokemäki Rausenkulma,,-1.0,-1.0
2019-07-27,Huittinen Sallila,,-1.0,-1.0
2019-07-27,Oripää Teinikivi,,-1.0,-1.0
2019-07-27,Pöytyä Yläne,,-1.0,-1.0
2019-07-27,Kokemäki Tulkkila,23.8,-1.0,-1.0
2019-07-27,Jokioinen Ilmala,23.4,-1.0,-1.0
2019-07-27,Nokia Tottijärvi,,-1.0,-1.0
2019-07-27,Pirkkala Tampere-Pirkkala lentoasema,24.2,,
2019-07-27,Tampere Härmälä,24.1,-1.0,-1.0
2019-07-27,Somero Salkola,24.0,-1.0,-1.0
2019-07-27,Hyvinkää Hyvinkäänkylä,24.0,-1.0,-1.0
2019-07-27,Vihti Hiiskula,,-1.0,-1.0
2019-07-27,Hämeenlinna Pirttikoski,,-1.0,-1.0
2019-07-27,Nurmijärvi Röykkä,24.6,-1.0,-1.0
2019-07-27,Hattula Lepaa,24.2,-1.0,-1.0
2019-07-27,Hämeenlinna Lammi Pappila,23.1,-1.0,-1.0
2019-07-27,Mäntsälä Hirvihaara Kuntomajantie,,-1.0,-1.0
2019-07-27,Asikkala Pulkkilanharju,24.4,,
2019-07-27,Hämeenlinna Lammi Evo,22.6,,
2019-07-27,Kouvola Utti lentoasema,26.0,-1.0,-1.0
2019-07-27,Kouvola Anjala,24.6,-1.0,-1.0
2019-07-27,Heinola Asemantaus,25.1,-1.0,-1.0
2019-07-27,Kouvola Voikoski,,-1.0,-1.0
2019-07-27,Virolahti Koivuniemi,23.1,-1.0,-1.0
2019-07-27,Lappeenranta lentoasema,24.6,,
2019-07-27,Lappeenranta Konnunsuo,21.8,,
2019-07-27,Lappeenranta Lepola,25.4,-1.0,-1.0
2019-07-27,Ruokolahti Kotaniemi,,-1.0,-1.0
2019-07-27,Lappeenranta Hiekkapakka,25.2,,
2019-07-27,Parikkala Koitsanlahti,22.8,-1.0,-1.0
2019-07-27,Kaskinen Sälgrund,22.0,-1.0,
2019-07-27,Merikarvia Tuorila,,-1.0,-1.0
2019-07-27,Isojoki Kärjenkoski,,-1.0,-1.0
2019-07-27,Teuva Kauppilankylä,,-1.0,-1.0
2019-07-27,Pori Tahkoluoto satama,21.5,,
2019-07-27,Kristiinankaupunki Majakka,21.3,,
2019-07-27,Karvia Alkkia,24.1,-1.0,-1.0
2019-07-27,Ikaalinen Vehuvarpee,,-1.0,-1.0
2019-07-27,Kurikka Hirvijärvi,,-1.0,-1.0
2019-07-27,Kauhajoki Kuja-Kokko,23.5,-1.0,-1.0
2019-07-27,Kankaanpää Niinisalo lentokenttä,25.2,-1.0,-1.0
2019-07-27,Alavus Sulkavankylä,,-1.0,-1.0
2019-07-27,Virrat Äijänneva,23.3,,
2019-07-27,Tampere Siilinkari,24.4,,
2019-07-27,Jämsä Halli lentoasema,24.9,-1.0,-1.0
2019-07-27,Juupajoki Hyytiälä,22.8,-1.0,-1.0
2019-07-27,Sysmä Joutsjärvi,,-1.0,-1.0
2019-07-27,Luhanka Tammijärvi,,-1.0,-1.0
2019-07-27,Jyväskylä Muuratjärvi,,-1.0,-1.0
2019-07-27,Luhanka Judinsalo,24.6,,
2019-07-27,Multia Pirttiperä,,-1.0,-1.0
2019-07-27,Joutsa Savenaho,23.5,-1.0,-1.0
2019-07-27,Kangasniemi kirkonkylä,,-1.0,-1.0
2019-07-27,Joutsa Pärnämäki,,-1.0,-1.0
2019-07-27,Mikkeli Pitkähiekka,,-1.0,-1.0
2019-07-27,Juva Partala,23.8,,
2019-07-27,Varkaus Kosulanniemi,25.6,-1.0,-1.0
2019-07-27,Savonlinna Laukansaari,,-1.0,-1.0
2019-07-27,Sulkava Halttula,,-1.0,-1.0
2019-07-27,Savonlinna lentoasema,23.6,,
2019-07-27,Rantasalmi Rukkasluoto,25.5,,
2019-07-27,Savonlinna Punkaharju Laukansaari,23.5,-1.0,-1.0
2019-07-27,Enonkoski Simanala,,-1.0,-1.0
2019-07-27,Savonlinna Savonranta,,-1.0,-1.0
2019-07-27,Rääkkylä kirkonkylä,,-1.0,-1.0
2019-07-27,Tohmajärvi Kemie,22.3,-1.0,-1.0
2019-07-27,Joensuu Huhtilampi,,-1.0,-1.0
2019-07-27,Vaasa lentoasema,23.4,,
2019-07-27,Mustasaari Valassaaret,24.1,,
2019-07-27,Närpiö Ylimarkku,,-1.0,-1.0
2019-07-27,Mustasaari Riimala,,-1.0,-1.0
2019-07-27,Kurikka Pyörni,,-1.0,-1.0
2019-07-27,Korsnäs Bredskäret,23.1,,
2019-07-27,Maalahti Strömmingsbådan,22.7,,
2019-07-27,Vaasa Klemettilä,24.5,-1.0,-1.0
2019-07-27,Seinäjoki Pelmaa,23.8,-1.0,-1.0
2019-07-27,Kauhava lentokenttä,23.7,-1.0,-1.0
2019-07-27,Ähtäri Inha,24.0,-1.0,-1.0
2019-07-27,Halsua Purola,22.7,-1.0,-1.0
2019-07-27,Alajärvi Möksy,23.4,-1.0,-1.0
2019-07-27,Multia Karhila,24.1,-1.0,-1.0
2019-07-27,Viitasaari Haapaniemi,25.7,-1.0,-1.0
2019-07-27,Äänekoski Kalaniemi,,-1.0,-1.0
2019-07-27,Viitasaari Kärnä,,-1.0,-1.0
2019-07-27,Vesanto kirkonkylä,24.6,-1.0,-1.0
2019-07-27,Pielavesi Venetmäki,,-1.0,-1.0
2019-07-27,Siilinjärvi Kuopio lentoasema,26.1,,
2019-07-27,Kuopio Maaninka,24.8,-1.0,-1.0
2019-07-27,Lapinlahti Lamminkäyrä,,-1.0,-1.0
2019-07-27,Suonenjoki Iisvesi,,-1.0,-1.0
2019-07-27,Kuopio Karttula,,-1.0,-1.0
2019-07-27,Kuopio Ritoniemi,25.7,,
2019-07-27,Kuopio Savilahti,25.2,-1.0,-1.0
2019-07-27,Heinävesi Palokki,,-1.0,-1.0
2019-07-27,Outokumpu Viuruniemi,,-1.0,-1.0
2019-07-27,Rautavaara Ala-Luosta,,-1.0,-1.0
2019-07-27,Rautavaara Ylä-Luosta,23.3,-1.0,-1.0
2019-07-27,Liperi Joensuu lentoasema,23.9,,
2019-07-27,Juuka Niemelä,22.9,-1.0,-1.0
2019-07-27,Joensuu Pyhäselkä,,-1.0,-1.0
2019-07-27,Lieksa Koli,,-1.0,-1.0
2019-07-27,Liperi Tuiskavanluoto,24.4,,
2019-07-27,Joensuu Linnunlahti,23.8,-1.0,-1.0
2019-07-27,Lieksa Lampela,22.8,-1.0,-1.0
2019-07-27,Ilomantsi Naarva,,0.0,-1.0
2019-07-27,Ilomantsi Pötsönvaara,22.0,-1.0,-1.0
2019-07-27,Ilomantsi Mekrijärvi,23.4,-1.0,-1.0
2019-07-27,Pietarsaari Kallan,22.8,,
2019-07-27,Kokkola Tankar,23.1,,
2019-07-27,Kruunupyy Kokkola-Pietarsaari lentoasema,23.9,,
2019-07-27,Kaustinen Tastula,,-1.0,-1.0
2019-07-27,Kalajoki Ulkokalla,22.0,,
2019-07-27,Toholampi Oravala,,-1.0,-1.0
2019-07-27,Kalajoki Pitkäsenkylä,,-1.0,-1.0
2019-07-27,Kalajoki Mehtäkylä,,-1.0,-1.0
2019-07-27,Toholampi Laitala,22.8,-1.0,-1.0
2019-07-27,Ylivieska lentokenttä,22.9,-1.0,-1.0
2019-07-27,Ylivieska Vähäkangas,,-1.0,-1.0
2019-07-27,Haapavesi Mustikkamäki,24.4,-1.0,-1.0
2019-07-27,Pyhäjärvi Ojakylä,23.3,-1.0,-1.0
2019-07-27,Pyhäjärvi Hiidenniemi,,-1.0,-1.0
2019-07-27,Kiuruvesi Korpijoki,,-1.0,-1.0
2019-07-27,Siikalatva Kestilä,,-1.0,-1.0
2019-07-27,Kajaani lentoasema,23.4,,
2019-07-27,Vieremä Kaarakkala,25.4,-1.0,-1.0
2019-07-27,Kajaani Paltaniemi,,-1.0,-1.0
2019-07-27,Nurmes Valtimo,23.8,-1.0,-1.0
2019-07-27,Ristijärvi Mustavaara,,-1.0,-1.0
2019-07-27,Sotkamo Kuolaniemi,24.5,-1.0,-1.0
2019-07-27,Nurmes Mujejärvi,,-1.0,-1.0
2019-07-27,Kuhmo Apaja,,-1.0,-1.0
2019-07-27,Kuhmo Kalliojoki,22.3,-1.0,-1.0
2019-07-27,Raahe Nahkiainen,22.1,,
2019-07-27,Hailuoto Keskikylä,22.9,-1.0,-1.0
2019-07-27,Kemi I majakka,22.9,,
2019-07-27,Hailuoto Marjaniemi,23.2,,
2019-07-27,Raahe Lapaluoto satama,23.2,,
2019-07-27,Oulu lentoasema,24.3,,
2019-07-27,Siikajoki Ruukki,23.1,-1.0,-1.0
2019-07-27,Oulu Vihreäsaari satama,23.2,,
2019-07-27,Oulu Oulunsalo Pellonpää,23.5,-1.0,-1.0
2019-07-27,Vaala Pelso,23.2,-1.0,-1.0
2019-07-27,Pudasjärvi lentokenttä,24.5,-1.0,-1.0
2019-07-27,Utajärvi Särkijärvi,,-1.0,-1.0
2019-07-27,Pudasjärvi Jaurakkajärvi,,-1.0,-1.0
2019-07-27,Suomussalmi Näljänkä,,-1.0,-1.0
2019-07-27,Suomussalmi Pesiö,23.1,0.0,-1.0
2019-07-27,Puolanka Kotila,,-1.0,-1.0
2019-07-27,Puolanka Paljakka,24.3,-1.0,-1.0
2019-07-27,Kemi Kemi-Tornio lentoasema,24.4,,
2019-07-27,Kemi Ajos,24.9,,
2019-07-27,Tornio Kaakkuri,24.3,-1.0,-1.0
2019-07-27,Ranua lentokenttä,23.8,-1.0,-1.0
2019-07-27,Pudasjärvi Sarakylä,,-1.0,-1.0
2019-07-27,Posio Raistakka,,-1.0,-1.0
2019-07-27,Taivalkoski Inkee,,-1.0,-1.0
2019-07-27,Taivalkoski kirkonkylä,22.9,-1.0,-1.0
2019-07-27,Kuusamo lentoasema,22.0,,
2019-07-27,Kuusamo Kiutaköngäs,21.3,-1.0,-1.0
2019-07-27,Kuusamo Rukatunturi,19.8,,
2019-07-27,Kuusamo Teeriranta,,-1.0,-1.0
2019-07-27,Kuusamo Juuma,20.5,,
2019-07-27,Ylitornio Meltosjärvi,24.1,-1.0,-1.0
2019-07-27,Kolari Kattilamaa,,-1.0,-1.0
2019-07-27,Pello kirkonkylä,23.8,-1.0,-1.0
2019-07-27,Kittilä Alakylä,,-1.0,-1.0
2019-07-27,Rovaniemi rautatieasema,24.7,,
2019-07-27,Sodankylä Tähtelä,20.7,-1.0,-1.0
2019-07-27,Rovaniemi Apukka,23.3,-1.0,-1.0
2019-07-27,Pelkosenniemi kirkonkylä,,-1.0,-1.0
2019-07-27,Kemijärvi lentokenttä,21.7,-1.0,-1.0
2019-07-27,Savukoski kirkonkylä,19.6,-1.0,-1.0
2019-07-27,Salla Kelloselkä,,-1.0,-1.0
2019-07-27,Pelkosenniemi Pyhätunturi,19.5,,
2019-07-27,Salla kirkonkylä,19.7,-1.0,-1.0
2019-07-27,Salla Naruska,19.1,-1.0,-1.0
2019-07-27,Enontekiö Kaaresuvanto,,-1.0,-1.0
2019-07-27,Kittilä Pulju,,-1.0,-1.0
2019-07-27,Muonio Laukukero,16.9,,
2019-07-27,Muonio Sammaltunturi,18.4,,
2019-07-27,Kittilä Matorova,19.4,,
2019-07-27,Kittilä lentoasema,20.6,,
2019-07-27,Kittilä Kenttärova,19.3,-1.0,-1.0
2019-07-27,Kittilä Pakatti,20.5,-1.0,-1.0
2019-07-27,Kittilä Pokka,18.0,-1.0,-1.0
2019-07-27,Sodankylä Lokka,17.8,-1.0,-1.0
2019-07-27,Sodankylä Vuotso,17.3,-1.0,-1.0
2019-07-27,Inari Saariselkä matkailukeskus,16.0,-1.0,-1.0
2019-07-27,Inari Saariselkä Kaunispää,15.3,,
2019-07-27,Inari Raja-Jooseppi Kontiojärvi,,-1.0,-1.0
2019-07-27,Inari Raja-Jooseppi,15.6,,
2019-07-27,Salla Värriötunturi,17.2,-1.0,-1.0
2019-07-27,Enontekiö Kilpisjärvi kyläkeskus,14.5,-1.0,-1.0
2019-07-27,Enontekiö Kilpisjärvi Saana,14.1,,
2019-07-27,Enontekiö Näkkälä,18.0,-1.0,-1.0
2019-07-27,Inari Angeli Lintupuoliselkä,16.1,-1.0,-1.0
2019-07-27,Inari Ivalo lentoasema,16.7,,
2019-07-27,Utsjoki Kevo,11.7,-1.0,-1.0
2019-07-27,Utsjoki Nuorgam,11.6,-1.0,-1.0
2019-07-27,Inari Väylä,14.1,,
2019-07-27,Inari kirkonkylä,,-1.0,-1.0
2019-07-27,Inari Kaamanen,14.3,-1.0,-1.0
2019-07-27,Inari Nellim,14.5,0.1,-1.0
2019-07-27,Inari Kirakkajärvi,12.2,-1.0,-1.0
2019-07-27,Mäntsälä Hirvihaara,23.5,-1.0,-1.0
2019-07-27,Lahti Sopenkorpi,25.7,-1.0,-1.0
2019-07-27,Siuntio Sjundby,,-1.0,-1.0
2019-07-27,Sipoo Itätoukki,23.2,,
2019-07-27,Rauma Pyynpää,23.8,-1.0,
2019-07-27,Muonio Oustajärvi,20.2,-1.0,
2019-07-27,Kajaani Petäisenniska,24.8,-1.0,-1.0
2019-07-27,Utsjoki Kevo Kevojärvi,11.7,,
2019-07-27,Inari Seitalaassa,15.1,,
2019-07-27,Rovaniemi lentoasema AWOS,23.3,-1.0,-1.0
2019-07-27,Jyväskylä lentoasema AWOS,25.0,-1.0,-1.0
2019-07-27,Puumala kirkonkylä,24.8,-1.0,-1.0
2019-07-27,Helsinki Vuosaari satama,23.9,,
2019-07-27,Maarianhamina Länsisatama,23.8,,
2019-07-27,Lumparland Långnäs satama,23.8,-1.0,-1.0
2019-07-27,Tampere Tampella,26.5,,
2019-07-27,Kittilä Lompolonvuoma,18.5,-1.0,
2019-07-27,Kuusamo Ruka Talvijärvi,21.4,,
2019-07-27,Espoo Nuuksio,25.0,-1.0,-1.0
2019-07-27,Mikkeli Lentoasema AWOS,24.0,-1.0,-1.0
2019-07-27,Espoo Tapiola,23.1,-1.0,-1.0
2019-07-28,Porvoo Kilpilahti satama,24.6,,
2019-07-28,Jomala Maarianhamina lentoasema,25.0,,
2019-07-28,Parainen Utö,24.6,-1.0,-1.0
2019-07-28,Lemland Nyhamn,24.8,,
2019-07-28,Jomala Jomalaby,25.0,-1.0,-1.0
2019-07-28,Hammarland Märket,21.5,,
2019-07-28,Kökar Bogskär,23.0,,
2019-07-28,Parainen Fagerholm,25.0,-1.0,
2019-07-28,Kumlinge kirkonkylä,23.5,,
2019-07-28,Hanko Russarö,24.9,-1.0,
2019-07-28,Kaarina Yltöinen,25.7,-1.0,-1.0
2019-07-28,Kemiönsaari Vänö,24.9,,
2019-07-28,Hanko Tulliniemi,24.6,,
2019-07-28,Turku Rajakari,25.7,,
2019-07-28,Turku Artukainen,27.2,-1.0,-1.0
2019-07-28,Kemiönsaari Kemiö,25.6,-1.0,-1.0
2019-07-28,Hanko Tvärminne,24.9,0.4,-1.0
2019-07-28,Salo Kärkkä,25.4,-1.0,
2019-07-28,Lohja Leppäkorpi,,0.0,-1.0
2019-07-28,Raasepori Jussarö,23.8,,
2019-07-28,Salo Kiikala lentokenttä,25.3,-1.0,-1.0
2019-07-28,Vantaa Helsinki-Vantaan lentoasema,25.5,-1.0,-1.0
2019-07-28,Inkoo Bågaskär,24.2,,
2019-07-28,Helsinki Kaisaniemi,25.3,-1.0,-1.0
2019-07-28,Lohja Porla,24.0,-1.0,-1.0
2019-07-28,Vihti Maasoja,23.5,,
2019-07-28,Helsinki Harmaja,23.6,,
2019-07-28,Kirkkonummi Mäkiluoto,23.6,,
2019-07-28,Helsinki Helsingin majakka,23.5,,
2019-07-28,Helsinki Kumpula,25.2,-1.0,-1.0
2019-07-28,Helsinki Malmi lentokenttä,23.8,,
2019-07-28,Porvoo Emäsalo,24.7,,
2019-07-28,Porvoo Harabacka,24.0,-1.0,-1.0
2019-07-28,Kotka Rankki,23.8,-1.0,-1.0
2019-07-28,Loviisa Orrengrund,23.4,,
2019-07-28,Kotka Haapasaari,22.9,,
2019-07-28,Pori lentoasema,25.7,,
2019-07-28,Uusikaupunki Itätulli,,-1.0,-1.0
2019-07-28,Laitila Haukka,,-1.0,-1.0
2019-07-28,Kustavi Isokari,22.2,-1.0,
2019-07-28,Rauma Kylmäpihlaja,20.1,,
2019-07-28,Pori rautatieasema,26.2,-1.0,-1.0
2019-07-28,Turku lentoasema,25.7,,
2019-07-28,Kokemäki Rausenkulma,,-1.0,-1.0
2019-07-28,Huittinen Sallila,,-1.0,-1.0
2019-07-28,Oripää Teinikivi,,-1.0,-1.0
2019-07-28,Pöytyä Yläne,,-1.0,-1.0
2019-07-28,Kokemäki Tulkkila,25.1,-1.0,-1.0
2019-07-28,Jokioinen Ilmala,24.5,-1.0,-1.0
2019-07-28,Nokia Tottijärvi,,-1.0,-1.0
2019-07-28,Pirkkala Tampere-Pirkkala lentoasema,24.3,,
2019-07-28,Tampere Härmälä,24.2,-1.0,-1.0
2019-07-28,Somero Salkola,25.1,-1.0,-1.0
2019-07-28,Hyvinkää Hyvinkäänkylä,23.5,-1.0,-1.0
2019-07-28,Vihti Hiiskula,,-1.0,-1.0
2019-07-28,Hämeenlinna Pirttikoski,,-1.0,-1.0
2019-07-28,Nurmijärvi Röykkä,24.3,-1.0,-1.0
2019-07-28,Hattula Lepaa,24.0,-1.0,-1.0
2019-07-28,Hämeenlinna Lammi Pappila,22.8,-1.0,-1.0
2019-07-28,Mäntsälä Hirvihaara Kuntomajantie,,-1.0,-1.0
2019-07-28,Asikkala Pulkkilanharju,23.3,,
2019-07-28,Hämeenlinna Lammi Evo,21.8,,
2019-07-28,Kouvola Utti lentoasema,23.6,-1.0,-1.0
2019-07-28,Kouvola Anjala,23.0,-1.0,-1.0
2019-07-28,Heinola Asemantaus,23.3,-1.0,-1.0
2019-07-28,Kouvola Voikoski,,-1.0,-1.0
2019-07-28,Virolahti Koivuniemi,21.5,-1.0,-1.0
2019-07-28,Lappeenranta lentoasema,20.8,,
2019-07-28,Lappeenranta Konnunsuo,17.8,,
2019-07-28,Lappeenranta Lepola,21.1,-1.0,-1.0
2019-07-28,Ruokolahti Kotaniemi,,-1.0,-1.0
2019-07-28,Lappeenranta Hiekkapakka,20.5,,
2019-07-28,Parikkala Koitsanlahti,16.7,-1.0,-1.0
2019-07-28,Kaskinen Sälgrund,23.1,-1.0,
2019-07-28,Merikarvia Tuorila,,-1.0,-1.0
2019-07-28,Isojoki Kärjenkoski,,-1.0,-1.0
2019-07-28,Teuva Kauppilankylä,,-1.0,-1.0
2019-07-28,Pori Tahkoluoto satama,22.1,,
2019-07-28,Kristiinankaupunki Majakka,21.6,,
2019-07-28,Karvia Alkkia,22.8,-1.0,-1.0
2019-07-28,Ikaalinen Vehuvarpee,,-1.0,-1.0
2019-07-28,Kurikka Hirvijärvi,,-1.0,-1.0
2019-07-28,Kauhajoki Kuja-Kokko,20.6,-1.0,-1.0
2019-07-28,Kankaanpää Niinisalo lentokenttä,25.2,-1.0,-1.0
2019-07-28,Alavus Sulkavankylä,,-1.0,-1.0
2019-07-28,Virrat Äijänneva,21.7,,
2019-07-28,Tampere Siilinkari,24.1,,
2019-07-28,Jämsä Halli lentoasema,22.5,-1.0,-1.0
2019-07-28,Juupajoki Hyytiälä,22.0,-1.0,-1.0
2019-07-28,Sysmä Joutsjärvi,,-1.0,-1.0
2019-07-28,Luhanka Tammijärvi,,-1.0,-1.0
2019-07-28,Jyväskylä Muuratjärvi,,-1.0,-1.0
2019-07-28,Luhanka Judinsalo,22.4,,
2019-07-28,Multia Pirttiperä,,-1.0,-1.0
2019-07-28,Joutsa Savenaho,20.7,-1.0,-1.0
2019-07-28,Kangasniemi kirkonkylä,,-1.0,-1.0
2019-07-28,Joutsa Pärnämäki,,-1.0,-1.0
2019-07-28,Mikkeli Pitkähiekka,,-1.0,-1.0
2019-07-28,Juva Partala,18.9,,
2019-07-28,Varkaus Kosulanniemi,20.1,-1.0,-1.0
2019-07-28,Savonlinna Laukansaari,,-1.0,-1.0
2019-07-28,Sulkava Halttula,,-1.0,-1.0
2019-07-28,Savonlinna lentoasema,17.9,,
2019-07-28,Rantasalmi Rukkasluoto,19.4,,
2019-07-28,Savonlinna Punkaharju Laukansaari,17.6,-1.0,-1.0
2019-07-28,Enonkoski Simanala,,-1.0,-1.0
2019-07-28,Savonlinna Savonranta,,-1.0,-1.0
2019-07-28,Rääkkylä kirkonkylä,,-1.0,-1.0
2019-07-28,Tohmajärvi Kemie,14.7,-1.0,-1.0
2019-07-28,Joensuu Huhtilampi,,-1.0,-1.0
2019-07-28,Vaasa lentoasema,19.2,,
2019-07-28,Mustasaari Valassaaret,19.4,,
2019-07-28,Närpiö Ylimarkku,,-1.0,-1.0
2019-07-28,Mustasaari Riimala,,-1.0,-1.0
2019-07-28,Kurikka Pyörni,,-1.0,-1.0
2019-07-28,Korsnäs Bredskäret,20.0,,
2019-07-28,Maalahti Strömmingsbådan,18.2,,
2019-07-28,Vaasa Klemettilä,19.5,-1.0,-1.0
2019-07-28,Seinäjoki Pelmaa,19.9,-1.0,-1.0
2019-07-28,Kauhava lentokenttä,20.1,-1.0,-1.0
2019-07-28,Ähtäri Inha,21.6,-1.0,-1.0
2019-07-28,Halsua Purola,17.6,-1.0,-1.0
2019-07-28,Alajärvi Möksy,19.1,-1.0,-1.0
2019-07-28,Multia Karhila,20.7,-1.0,-1.0
2019-07-28,Viitasaari Haapaniemi,20.2,-1.0,-1.0
2019-07-28,Äänekoski Kalaniemi,,-1.0,-1.0
2019-07-28,Viitasaari Kärnä,,-1.0,-1.0
2019-07-28,Vesanto kirkonkylä,19.2,-1.0,-1.0
2019-07-28,Pielavesi Venetmäki,,-1.0,-1.0
2019-07-28,Siilinjärvi Kuopio lentoasema,18.9,,
2019-07-28,Kuopio Maaninka,18.8,-1.0,-1.0
2019-07-28,Lapinlahti Lamminkäyrä,,-1.0,-1.0
2019-07-28,Suonenjoki Iisvesi,,-1.0,-1.0
2019-07-28,Kuopio Karttula,,-1.0,-1.0
2019-07-28,Kuopio Ritoniemi,19.4,,
2019-07-28,Kuopio Savilahti,19.6,-1.0,-1.0
2019-07-28,Heinävesi Palokki,,-1.0,-1.0
2019-07-28,Outokumpu Viuruniemi,,-1.0,-1.0
2019-07-28,Rautavaara Ala-Luosta,,-1.0,-1.0
2019-07-28,Rautavaara Ylä-Luosta,15.8,-1.0,-1.0
2019-07-28,Liperi Joensuu lentoasema,16.8,,
2019-07-28,Juuka Niemelä,15.4,-1.0,-1.0
2019-07-28,Joensuu Pyhäselkä,,-1.0,-1.0
2019-07-28,Lieksa Koli,,-1.0,-1.0
2019-07-28,Liperi Tuiskavanluoto,18.0,,
2019-07-28,Joensuu Linnunlahti,16.8,-1.0,-1.0
2019-07-28,Lieksa Lampela,15.6,0.1,-1.0
2019-07-28,Ilomantsi Naarva,,0.0,-1.0
2019-07-28,Ilomantsi Pötsönvaara,13.5,-1.0,-1.0
2019-07-28,Ilomantsi Mekrijärvi,14.9,0.2,-1.0
2019-07-28,Pietarsaari Kallan,18.1,,
2019-07-28,Kokkola Tankar,18.3,,
2019-07-28,Kruunupyy Kokkola-Pietarsaari lentoasema,18.1,,
2019-07-28,Kaustinen Tastula,,-1.0,-1.0
2019-07-28,Kalajoki Ulkokalla,18.2,,
2019-07-28,Toholampi Oravala,,-1.0,-1.0
2019-07-28,Kalajoki Pitkäsenkylä,,-1.0,-1.0
2019-07-28,Kalajoki Mehtäkylä,,-1.0,-1.0
2019-07-28,Toholampi Laitala,18.0,-1.0,-1.0
2019-07-28,Ylivieska lentokenttä,17.6,-1.0,-1.0
2019-07-28,Ylivieska Vähäkangas,,-1.0,-1.0
2019-07-28,Haapavesi Mustikkamäki,17.5,-1.0,-1.0
2019-07-28,Pyhäjärvi Ojakylä,16.9,-1.0,-1.0
2019-07-28,Pyhäjärvi Hiidenniemi,,-1.0,-1.0
2019-07-28,Kiuruvesi Korpijoki,,-1.0,-1.0
2019-07-28,Siikalatva Kestilä,,-1.0,-1.0
2019-07-28,Kajaani lentoasema,15.7,,
2019-07-28,Vieremä Kaarakkala,16.5,0.0,-1.0
2019-07-28,Kajaani Paltaniemi,,-1.0,-1.0
2019-07-28,Nurmes Valtimo,16.1,-1.0,-1.0
2019-07-28,Ristijärvi Mustavaara,,-1.0,-1.0
2019-07-28,Sotkamo Kuolaniemi,15.8,-1.0,-1.0
2019-07-28,Nurmes Mujejärvi,,0.0,-1.0
2019-07-28,Kuhmo Apaja,,-1.0,-1.0
2019-07-28,Kuhmo Kalliojoki,14.0,-1.0,-1.0
2019-07-28,Raahe Nahkiainen,17.4,,
2019-07-28,Hailuoto Keskikylä,16.9,-1.0,-1.0
2019-07-28,Kemi I majakka,16.4,,
2019-07-28,Hailuoto Marjaniemi,17.5,,
2019-07-28,Raahe Lapaluoto satama,18.6,,
2019-07-28,Oulu lentoasema,17.9,,
2019-07-28,Siikajoki Ruukki,17.1,-1.0,-1.0
2019-07-28,Oulu Vihreäsaari satama,17.5,,
2019-07-28,Oulu Oulunsalo Pellonpää,17.9,-1.0,-1.0
2019-07-28,Vaala Pelso,15.9,-1.0,-1.0
2019-07-28,Pudasjärvi lentokenttä,14.9,-1.0,-1.0
2019-07-28,Utajärvi Särkijärvi,,-1.0,-1.0
2019-07-28,Pudasjärvi Jaurakkajärvi,,-1.0,-1.0
2019-07-28,Suomussalmi Näljänkä,,-1.0,-1.0
2019-07-28,Suomussalmi Pesiö,13.4,0.0,-1.0
2019-07-28,Puolanka Kotila,,-1.0,-1.0
2019-07-28,Puolanka Paljakka,13.8,-1.0,-1.0
2019-07-28,Kemi Kemi-Tornio lentoasema,15.2,,
2019-07-28,Kemi Ajos,16.7,,
2019-07-28,Tornio Kaakkuri,15.9,-1.0,-1.0
2019-07-28,Ranua lentokenttä,12.6,-1.0,-1.0
2019-07-28,Pudasjärvi Sarakylä,,-1.0,-1.0
2019-07-28,Posio Raistakka,,-1.0,-1.0
2019-07-28,Taivalkoski Inkee,,-1.0,-1.0
2019-07-28,Taivalkoski kirkonkylä,12.7,-1.0,-1.0
2019-07-28,Kuusamo lentoasema,11.3,,
2019-07-28,Kuusamo Kiutaköngäs,11.6,-1.0,-1.0
2019-07-28,Kuusamo Rukatunturi,8.3,,
2019-07-28,Kuusamo Teeriranta,,-1.0,-1.0
2019-07-28,Kuusamo Juuma,10.4,,
2019-07-28,Ylitornio Meltosjärvi,14.2,-1.0,-1.0
2019-07-28,Kolari Kattilamaa,,-1.0,-1.0
2019-07-28,Pello kirkonkylä,14.8,-1.0,-1.0
2019-07-28,Kittilä Alakylä,,-1.0,-1.0
2019-07-28,Rovaniemi rautatieasema,14.2,,
2019-07-28,Sodankylä Tähtelä,11.4,-1.0,-1.0
2019-07-28,Rovaniemi Apukka,12.4,-1.0,-1.0
2019-07-28,Pelkosenniemi kirkonkylä,,-1.0,-1.0
2019-07-28,Kemijärvi lentokenttä,11.2,-1.0,-1.0
2019-07-28,Savukoski kirkonkylä,10.6,0.0,-1.0
2019-07-28,Salla Kelloselkä,,-1.0,-1.0
2019-07-28,Pelkosenniemi Pyhätunturi,9.3,,
2019-07-28,Salla kirkonkylä,10.7,-1.0,-1.0
2019-07-28,Salla Naruska,9.8,0.1,-1.0
2019-07-28,Enontekiö Kaaresuvanto,,-1.0,-1.0
2019-07-28,Kittilä Pulju,,-1.0,-1.0
2019-07-28,Muonio Laukukero,7.7,,
2019-07-28,Muonio Sammaltunturi,9.7,,
2019-07-28,Kittilä Matorova,11.0,,
2019-07-28,Kittilä lentoasema,12.0,,
2019-07-28,Kittilä Kenttärova,11.0,-1.0,-1.0
2019-07-28,Kittilä Pakatti,12.5,-1.0,-1.0
2019-07-28,Kittilä Pokka,10.6,-1.0,-1.0
2019-07-28,Sodankylä Lokka,9.9,0.1,-1.0
2019-07-28,Sodankylä Vuotso,9.7,-1.0,-1.0
2019-07-28,Inari Saariselkä matkailukeskus,8.6,2.5,-1.0
2019-07-28,Inari Saariselkä Kaunispää,7.2,,
2019-07-28,Inari Raja-Jooseppi Kontiojärvi,,-1.0,-1.0
2019-07-28,Inari Raja-Jooseppi,8.2,,
2019-07-28,Salla Värriötunturi,7.7,0.5,-1.0
2019-07-28,Enontekiö Kilpisjärvi kyläkeskus,12.6,-1.0,-1.0
2019-07-28,Enontekiö Kilpisjärvi Saana,8.5,,
2019-07-28,Enontekiö Näkkälä,11.0,-1.0,-1.0
2019-07-28,Inari Angeli Lintupuoliselkä,9.7,0.3,-1.0
2019-07-28,Inari Ivalo lentoasema,9.8,,
2019-07-28,Utsjoki Kevo,9.6,-1.0,-1.0
2019-07-28,Utsjoki Nuorgam,8.9,0.2,-1.0
2019-07-28,Inari Väylä,9.9,,
2019-07-28,Inari kirkonkylä,,0.0,-1.0
2019-07-28,Inari Kaamanen,9.2,0.2,-1.0
2019-07-28,Inari Nellim,9.5,0.3,-1.0
2019-07-28,Inari Kirakkajärvi,8.6,0.3,-1.0
2019-07-28,Mäntsälä Hirvihaara,23.3,-1.0,-1.0
2019-07-28,Lahti Sopenkorpi,24.5,-1.0,-1.0
2019-07-28,Siuntio Sjundby,,-1.0,-1.0
2019-07-28,Sipoo Itätoukki,22.9,,
2019-07-28,Rauma Pyynpää,25.6,-1.0,
2019-07-28,Muonio Oustajärvi,12.7,-1.0,-1.0
2019-07-28,Kajaani Petäisenniska,16.1,-1.0,-1.0
2019-07-28,Utsjoki Kevo Kevojärvi,9.7,,
2019-07-28,Inari Seitalaassa,9.7,,
2019-07-28,Rovaniemi lentoasema AWOS,12.8,-1.0,-1.0
2019-07-28,Jyväskylä lentoasema AWOS,21.6,-1.0,-1.0
2019-07-28,Puumala kirkonkylä,19.9,-1.0,-1.0
2019-07-28,Helsinki Vuosaari satama,24.8,,
2019-07-28,Maarianhamina Länsisatama,25.1,,
2019-07-28,Lumparland Långnäs satama,24.8,-1.0,-1.0
2019-07-28,Tampere Tampella,25.9,,
2019-07-28,Kittilä Lompolonvuoma,11.6,-1.0,
2019-07-28,Kuusamo Ruka Talvijärvi,10.7,,
2019-07-28,Espoo Nuuksio,25.3,-1.0,-1.0
2019-07-28,Mikkeli Lentoasema AWOS,20.4,-1.0,-1.0
2019-07-28,Espoo Tapiola,24.5,-1.0,-1.0
2019-07-29,Porvoo Kilpilahti satama,17.5,,
2019-07-29,Jomala Maarianhamina lentoasema,19.6,,
2019-07-29,Parainen Utö,19.5,0.0,-1.0
2019-07-29,Lemland Nyhamn,19.7,,
2019-07-29,Jomala Jomalaby,19.6,0.3,-1.0
2019-07-29,Hammarland Märket,19.0,,
2019-07-29,Kökar Bogskär,19.2,,
2019-07-29,Parainen Fagerholm,19.8,-1.0,
2019-07-29,Kumlinge kirkonkylä,19.5,,
2019-07-29,Hanko Russarö,19.3,-1.0,
2019-07-29,Kaarina Yltöinen,20.1,-1.0,-1.0
2019-07-29,Kemiönsaari Vänö,19.6,,
2019-07-29,Hanko Tulliniemi,19.3,,
2019-07-29,Turku Rajakari,20.2,,
2019-07-29,Turku Artukainen,21.0,-1.0,-1.0
2019-07-29,Kemiönsaari Kemiö,19.6,-1.0,-1.0
2019-07-29,Hanko Tvärminne,19.0,-1.0,-1.0
2019-07-29,Salo Kärkkä,20.1,-1.0,
2019-07-29,Lohja Leppäkorpi,,0.0,-1.0
2019-07-29,Raasepori Jussarö,18.8,,
2019-07-29,Salo Kiikala lentokenttä,18.6,-1.0,-1.0
2019-07-29,Vantaa Helsinki-Vantaan lentoasema,17.2,0.8,-1.0
2019-07-29,Inkoo Bågaskär,18.2,,
2019-07-29,Helsinki Kaisaniemi,17.6,-1.0,-1.0
2019-07-29,Lohja Porla,17.6,1.1,-1.0
2019-07-29,Vihti Maasoja,16.9,,
2019-07-29,Helsinki Harmaja,17.7,,
2019-07-29,Kirkkonummi Mäkiluoto,17.8,,
2019-07-29,Helsinki Helsingin majakka,16.8,,
2019-07-29,Helsinki Kumpula,17.8,-1.0,-1.0
2019-07-29,Helsinki Malmi lentokenttä,17.1,,
2019-07-29,Porvoo Emäsalo,17.6,,
2019-07-29,Porvoo Harabacka,16.8,-1.0,-1.0
2019-07-29,Kotka Rankki,16.6,-1.0,-1.0
2019-07-29,Loviisa Orrengrund,17.4,,
2019-07-29,Kotka Haapasaari,16.6,,
2019-07-29,Pori lentoasema,18.9,,
2019-07-29,Uusikaupunki Itätulli,,-1.0,-1.0
2019-07-29,Laitila Haukka,,-1.0,-1.0
2019-07-29,Kustavi Isokari,18.8,-1.0,
2019-07-29,Rauma Kylmäpihlaja,17.4,,
2019-07-29,Pori rautatieasema,19.4,-1.0,-1.0
2019-07-29,Turku lentoasema,19.8,,
2019-07-29,Kokemäki Rausenkulma,,-1.0,-1.0
2019-07-29,Huittinen Sallila,,-1.0,-1.0
2019-07-29,Oripää Teinikivi,,-1.0,-1.0
2019-07-29,Pöytyä Yläne,,-1.0,-1.0
2019-07-29,Kokemäki Tulkkila,19.5,-1.0,-1.0
2019-07-29,Jokioinen Ilmala,18.7,-1.0,-1.0
2019-07-29,Nokia Tottijärvi,,-1.0,-1.0
2019-07-29,Pirkkala Tampere-Pirkkala lentoasema,17.0,,
2019-07-29,Tampere Härmälä,17.4,-1.0,-1.0
2019-07-29,Somero Salkola,18.1,-1.0,-1.0
2019-07-29,Hyvinkää Hyvinkäänkylä,17.2,-1.0,-1.0
2019-07-29,Vihti Hiiskula,,-1.0,-1.0
2019-07-29,Hämeenlinna Pirttikoski,,-1.0,-1.0
2019-07-29,Nurmijärvi Röykkä,17.6,-1.0,-1.0
2019-07-29,Hattula Lepaa,17.1,-1.0,-1.0
2019-07-29,Hämeenlinna Lammi Pappila,15.9,-1.0,-1.0
2019-07-29,Mäntsälä Hirvihaara Kuntomajantie,,-1.0,-1.0
2019-07-29,Asikkala Pulkkilanharju,16.4,,
2019-07-29,Hämeenlinna Lammi Evo,14.8,,
2019-07-29,Kouvola Utti lentoasema,15.4,-1.0,-1.0
2019-07-29,Kouvola Anjala,15.4,-1.0,-1.0
2019-07-29,Heinola Asemantaus,15.5,-1.0,-1.0
2019-07-29,Kouvola Voikoski,,-1.0,-1.0
2019-07-29,Virolahti Koivuniemi,13.8,-1.0,-1.0
2019-07-29,Lappeenranta lentoasema,13.5,,
2019-07-29,Lappeenranta Konnunsuo,11.1,,
2019-07-29,Lappeenranta Lepola,14.0,-1.0,-1.0
2019-07-29,Ruokolahti Kotaniemi,,0.0,-1.0
2019-07-29,Lappeenranta Hiekkapakka,14.5,,
2019-07-29,Parikkala Koitsanlahti,10.8,0.1,-1.0
2019-07-29,Kaskinen Sälgrund,15.8,-1.0,
2019-07-29,Merikarvia Tuorila,,-1.0,-1.0
2019-07-29,Isojoki Kärjenkoski,,-1.0,-1.0
2019-07-29,Teuva Kauppilankylä,,-1.0,-1.0
2019-07-29,Pori Tahkoluoto satama,16.0,,
2019-07-29,Kristiinankaupunki Majakka,14.3,,
2019-07-29,Karvia Alkkia,14.8,-1.0,-1.0
2019-07-29,Ikaalinen Vehuvarpee,,-1.0,-1.0
2019-07-29,Kurikka Hirvijärvi,,-1.0,-1.0
2019-07-29,Kauhajoki Kuja-Kokko,14.0,-1.0,-1.0
2019-07-29,Kankaanpää Niinisalo lentokenttä,17.3,-1.0,-1.0
2019-07-29,Alavus Sulkavankylä,,-1.0,-1.0
2019-07-29,Virrat Äijänneva,14.5,,
2019-07-29,Tampere Siilinkari,17.4,,
2019-07-29,Jämsä Halli lentoasema,15.3,-1.0,-1.0
2019-07-29,Juupajoki Hyytiälä,14.6,-1.0,-1.0
2019-07-29,Sysmä Joutsjärvi,,-1.0,-1.0
2019-07-29,Luhanka Tammijärvi,,-1.0,-1.0
2019-07-29,Jyväskylä Muuratjärvi,,-1.0,-1.0
2019-07-29,Luhanka Judinsalo,15.4,,
2019-07-29,Multia Pirttiperä,,-1.0,-1.0
2019-07-29,Joutsa Savenaho,13.1,-1.0,-1.0
2019-07-29,Kangasniemi kirkonkylä,,-1.0,-1.0
2019-07-29,Joutsa Pärnämäki,,-1.0,-1.0
2019-07-29,Mikkeli Pitkähiekka,,-1.0,-1.0
2019-07-29,Juva Partala,11.6,,
2019-07-29,Varkaus Kosulanniemi,13.5,-1.0,-1.0
2019-07-29,Savonlinna Laukansaari,,-1.0,-1.0
2019-07-29,Sulkava Halttula,,-1.0,-1.0
2019-07-29,Savonlinna lentoasema,11.6,,
2019-07-29,Rantasalmi Rukkasluoto,14.0,,
2019-07-29,Savonlinna Punkaharju Laukansaari,12.1,0.9,-1.0
2019-07-29,Enonkoski Simanala,,0.0,-1.0
2019-07-29,Savonlinna Savonranta,,0.3,-1.0
2019-07-29,Rääkkylä kirkonkylä,,0.0,-1.0
2019-07-29,Tohmajärvi Kemie,10.1,0.2,-1.0
2019-07-29,Joensuu Huhtilampi,,0.4,-1.0
2019-07-29,Vaasa lentoasema,13.6,,
2019-07-29,Mustasaari Valassaaret,15.2,,
2019-07-29,Närpiö Ylimarkku,,-1.0,-1.0
2019-07-29,Mustasaari Riimala,,-1.0,-1.0
2019-07-29,Kurikka Pyörni,,-1.0,-1.0
2019-07-29,Korsnäs Bredskäret,14.8,,
2019-07-29,Maalahti Strömmingsbådan,12.3,,
2019-07-29,Vaasa Klemettilä,14.0,-1.0,-1.0
2019-07-29,Seinäjoki Pelmaa,14.2,-1.0,-1.0
2019-07-29,Kauhava lentokenttä,13.4,-1.0,-1.0
2019-07-29,Ähtäri Inha,14.5,-1.0,-1.0
2019-07-29,Halsua Purola,10.8,-1.0,-1.0
2019-07-29,Alajärvi Möksy,11.5,-1.0,-1.0
2019-07-29,Multia Karhila,12.4,-1.0,-1.0
2019-07-29,Viitasaari Haapaniemi,13.1,-1.0,-1.0
2019-07-29,Äänekoski Kalaniemi,,-1.0,-1.0
2019-07-29,Viitasaari Kärnä,,-1.0,-1.0
2019-07-29,Vesanto kirkonkylä,12.2,-1.0,-1.0
2019-07-29,Pielavesi Venetmäki,,-1.0,-1.0
2019-07-29,Siilinjärvi Kuopio lentoasema,12.2,,
2019-07-29,Kuopio Maaninka,11.4,-1.0,-1.0
2019-07-29,Lapinlahti Lamminkäyrä,,0.0,-1.0
2019-07-29,Suonenjoki Iisvesi,,-1.0,-1.0
2019-07-29,Kuopio Karttula,,-1.0,-1.0
2019-07-29,Kuopio Ritoniemi,12.9,,
2019-07-29,Kuopio Savilahti,12.6,-1.0,-1.0
2019-07-29,Heinävesi Palokki,,0.0,-1.0
2019-07-29,Outokumpu Viuruniemi,,0.0,-1.0
2019-07-29,Rautavaara Ala-Luosta,,0.0,-1.0
2019-07-29,Rautavaara Ylä-Luosta,9.9,-1.0,-1.0
2019-07-29,Liperi Joensuu lentoasema,11.7,,
2019-07-29,Juuka Niemelä,10.5,1.8,-1.0
2019-07-29,Joensuu Pyhäselkä,,0.0,-1.0
2019-07-29,Lieksa Koli,,0.1,-1.0
2019-07-29,Liperi Tuiskavanluoto,12.8,,
2019-07-29,Joensuu Linnunlahti,11.9,-1.0,-1.0
2019-07-29,Lieksa Lampela,10.6,0.1,-1.0
2019-07-29,Ilomantsi Naarva,,0.3,-1.0
2019-07-29,Ilomantsi Pötsönvaara,8.9,0.5,-1.0
2019-07-29,Ilomantsi Mekrijärvi,9.6,0.8,-1.0
2019-07-29,Pietarsaari Kallan,12.3,,
2019-07-29,Kokkola Tankar,13.0,,
2019-07-29,Kruunupyy Kokkola-Pietarsaari lentoasema,12.1,,
2019-07-29,Kaustinen Tastula,,-1.0,-1.0
2019-07-29,Kalajoki Ulkokalla,13.1,,
2019-07-29,Toholampi Oravala,,0.0,-1.0
2019-07-29,Kalajoki Pitkäsenkylä,,-1.0,-1.0
2019-07-29,Kalajoki Mehtäkylä,,-1.0,-1.0
2019-07-29,Toholampi Laitala,11.0,-1.0,-1.0
2019-07-29,Ylivieska lentokenttä,10.1,-1.0,-1.0
2019-07-29,Ylivieska Vähäkangas,,-1.0,-1.0
2019-07-29,Haapavesi Mustikkamäki,10.6,-1.0,-1.0
2019-07-29,Pyhäjärvi Ojakylä,9.5,-1.0,-1.0
2019-07-29,Pyhäjärvi Hiidenniemi,,-1.0,-1.0
2019-07-29,Kiuruvesi Korpijoki,,0.0,-1.0
2019-07-29,Siikalatva Kestilä,,0.0,-1.0
2019-07-29,Kajaani lentoasema,10.1,,
2019-07-29,Vieremä Kaarakkala,9.5,0.1,-1.0
2019-07-29,Kajaani Paltaniemi,,0.0,-1.0
2019-07-29,Nurmes Valtimo,9.8,0.1,-1.0
2019-07-29,Ristijärvi Mustavaara,,1.1,-1.0
2019-07-29,Sotkamo Kuolaniemi,10.4,-1.0,-1.0
2019-07-29,Nurmes Mujejärvi,,1.8,-1.0
2019-07-29,Kuhmo Apaja,,0.4,-1.0
2019-07-29,Kuhmo Kalliojoki,9.4,0.6,-1.0
2019-07-29,Raahe Nahkiainen,12.5,,
2019-07-29,Hailuoto Keskikylä,11.4,-1.0,-1.0
2019-07-29,Kemi I majakka,12.0,,
2019-07-29,Hailuoto Marjaniemi,12.4,,
2019-07-29,Raahe Lapaluoto satama,12.6,,
2019-07-29,Oulu lentoasema,12.2,,
2019-07-29,Siikajoki Ruukki,10.0,-1.0,-1.0
2019-07-29,Oulu Vihreäsaari satama,12.1,,
2019-07-29,Oulu Oulunsalo Pellonpää,11.8,-1.0,-1.0
2019-07-29,Vaala Pelso,9.1,0.1,-1.0
2019-07-29,Pudasjärvi lentokenttä,9.9,-1.0,-1.0
2019-07-29,Utajärvi Särkijärvi,,-1.0,-1.0
2019-07-29,Pudasjärvi Jaurakkajärvi,,0.0,-1.0
2019-07-29,Suomussalmi Näljänkä,,0.2,-1.0
2019-07-29,Suomussalmi Pesiö,8.7,0.4,-1.0
2019-07-29,Puolanka Kotila,,1.2,-1.0
2019-07-29,Puolanka Paljakka,8.5,1.6,-1.0
2019-07-29,Kemi Kemi-Tornio lentoasema,10.1,,
2019-07-29,Kemi Ajos,12.0,,
2019-07-29,Tornio Kaakkuri,10.7,-1.0,-1.0
2019-07-29,Ranua lentokenttä,9.3,0.3,-1.0
2019-07-29,Pudasjärvi Sarakylä,,-1.0,-1.0
2019-07-29,Posio Raistakka,,-1.0,-1.0
2019-07-29,Taivalkoski Inkee,,0.4,-1.0
2019-07-29,Taivalkoski kirkonkylä,8.6,0.1,-1.0
2019-07-29,Kuusamo lentoasema,7.1,,
2019-07-29,Kuusamo Kiutaköngäs,7.9,0.3,-1.0
2019-07-29,Kuusamo Rukatunturi,4.7,,
2019-07-29,Kuusamo Teeriranta,,0.4,-1.0
2019-07-29,Kuusamo Juuma,6.5,,
2019-07-29,Ylitornio Meltosjärvi,9.7,0.3,-1.0
2019-07-29,Kolari Kattilamaa,,0.0,-1.0
2019-07-29,Pello kirkonkylä,10.4,-1.0,-1.0
2019-07-29,Kittilä Alakylä,,-1.0,-1.0
2019-07-29,Rovaniemi rautatieasema,10.8,,
2019-07-29,Sodankylä Tähtelä,8.1,0.1,-1.0
2019-07-29,Rovaniemi Apukka,9.5,0.1,-1.0
2019-07-29,Pelkosenniemi kirkonkylä,,0.0,-1.0
2019-07-29,Kemijärvi lentokenttä,7.9,0.7,-1.0
2019-07-29,Savukoski kirkonkylä,7.2,0.0,-1.0
2019-07-29,Salla Kelloselkä,,0.2,-1.0
2019-07-29,Pelkosenniemi Pyhätunturi,5.9,,
2019-07-29,Salla kirkonkylä,6.8,0.4,-1.0
2019-07-29,Salla Naruska,7.0,-1.0,-1.0
2019-07-29,Enontekiö Kaaresuvanto,,-1.0,-1.0
2019-07-29,Kittilä Pulju,,-1.0,-1.0
2019-07-29,Muonio Laukukero,3.8,,
2019-07-29,Muonio Sammaltunturi,5.7,,
2019-07-29,Kittilä Matorova,7.6,,
2019-07-29,Kittilä lentoasema,8.4,,
2019-07-29,Kittilä Kenttärova,7.6,-1.0,-1.0
2019-07-29,Kittilä Pakatti,8.8,0.1,-1.0
2019-07-29,Kittilä Pokka,7.7,0.3,-1.0
2019-07-29,Sodankylä Lokka,7.5,0.3,-1.0
2019-07-29,Sodankylä Vuotso,6.6,0.2,-1.0
2019-07-29,Inari Saariselkä matkailukeskus,5.6,2.4,-1.0
2019-07-29,Inari Saariselkä Kaunispää,4.2,,
2019-07-29,Inari Raja-Jooseppi Kontiojärvi,,-1.0,-1.0
2019-07-29,Inari Raja-Jooseppi,6.1,,
2019-07-29,Salla Värriötunturi,5.4,0.4,-1.0
2019-07-29,Enontekiö Kilpisjärvi kyläkeskus,8.1,-1.0,-1.0
2019-07-29,Enontekiö Kilpisjärvi Saana,3.9,,
2019-07-29,Enontekiö Näkkälä,7.0,-1.0,-1.0
2019-07-29,Inari Angeli Lintupuoliselkä,6.6,0.2,-1.0
2019-07-29,Inari Ivalo lentoasema,7.1,,
2019-07-29,Utsjoki Kevo,7.4,0.1,-1.0
2019-07-29,Utsjoki Nuorgam,7.3,0.1,-1.0
2019-07-29,Inari Väylä,7.2,,
2019-07-29,Inari kirkonkylä,,0.7,-1.0
2019-07-29,Inari Kaamanen,7.2,0.3,-1.0
2019-07-29,Inari Nellim,7.6,0.6,-1.0
2019-07-29,Inari Kirakkajärvi,6.7,0.8,-1.0
2019-07-29,Mäntsälä Hirvihaara,15.7,-1.0,-1.0
2019-07-29,Lahti Sopenkorpi,16.7,-1.0,-1.0
2019-07-29,Siuntio Sjundby,,1.5,-1.0
2019-07-29,Sipoo Itätoukki,17.6,,
2019-07-29,Rauma Pyynpää,19.3,-1.0,-1.0
2019-07-29,Muonio Oustajärvi,9.1,-1.0,-1.0
2019-07-29,Kajaani Petäisenniska,10.5,-1.0,-1.0
2019-07-29,Utsjoki Kevo Kevojärvi,7.6,,
2019-07-29,Inari Seitalaassa,7.4,,
2019-07-29,Rovaniemi lentoasema AWOS,9.1,-1.0,-1.0
2019-07-29,Jyväskylä lentoasema AWOS,13.3,-1.0,-1.0
2019-07-29,Puumala kirkonkylä,13.0,-1.0,-1.0
2019-07-29,Helsinki Vuosaari satama,17.3,,
2019-07-29,Maarianhamina Länsisatama,20.0,,
2019-07-29,Lumparland Långnäs satama,20.2,0.6,-1.0
2019-07-29,Tampere Tampella,18.6,,
2019-07-29,Kittilä Lompolonvuoma,8.2,-1.0,
2019-07-29,Kuusamo Ruka Talvijärvi,7.0,,
2019-07-29,Espoo Nuuksio,17.3,0.4,-1.0
2019-07-29,Mikkeli Lentoasema AWOS,12.6,-1.0,-1.0
2019-07-29,Espoo Tapiola,17.5,0.7,-1.0
2019-07-30,Porvoo Kilpilahti satama,13.7,,
2019-07-30,Jomala Maarianhamina lentoasema,14.2,,
2019-07-30,Parainen Utö,16.5,0.0,-1.0
2019-07-30,Lemland Nyhamn,15.1,,
2019-07-30,Jomala Jomalaby,14.7,-1.0,-1.0
2019-07-30,Hammarland Märket,13.4,,
2019-07-30,Kökar Bogskär,15.0,,
2019-07-30,Parainen Fagerholm,15.7,0.3,
2019-07-30,Kumlinge kirkonkylä,14.2,,
2019-07-30,Hanko Russarö,16.3,0.4,
2019-07-30,Kaarina Yltöinen,14.5,1.3,-1.0
2019-07-30,Kemiönsaari Vänö,16.2,,
2019-07-30,Hanko Tulliniemi,15.6,,
2019-07-30,Turku Rajakari,15.1,,
2019-07-30,Turku Artukainen,14.9,0.9,-1.0
2019-07-30,Kemiönsaari Kemiö,15.0,0.6,-1.0
2019-07-30,Hanko Tvärminne,15.4,0.2,-1.0
2019-07-30,Salo Kärkkä,14.9,0.5,
2019-07-30,Lohja Leppäkorpi,,0.3,-1.0
2019-07-30,Raasepori Jussarö,15.5,,
2019-07-30,Salo Kiikala lentokenttä,13.3,0.8,-1.0
2019-07-30,Vantaa Helsinki-Vantaan lentoasema,13.4,0.0,-1.0
2019-07-30,Inkoo Bågaskär,15.1,,
2019-07-30,Helsinki Kaisaniemi,14.5,-1.0,-1.0
2019-07-30,Lohja Porla,13.8,-1.0,-1.0
2019-07-30,Vihti Maasoja,13.4,,
2019-07-30,Helsinki Harmaja,14.7,,
2019-07-30,Kirkkonummi Mäkiluoto,15.2,,
2019-07-30,Helsinki Helsingin majakka,14.2,,
2019-07-30,Helsinki Kumpula,14.0,-1.0,-1.0
2019-07-30,Helsinki Malmi lentokenttä,13.4,,
2019-07-30,Porvoo Emäsalo,13.8,,
2019-07-30,Porvoo Harabacka,13.3,-1.0,-1.0
2019-07-30,Kotka Rankki,13.7,0.1,-1.0
2019-07-30,Loviisa Orrengrund,13.5,,
2019-07-30,Kotka Haapasaari,13.6,,
2019-07-30,Pori lentoasema,12.8,,
2019-07-30,Uusikaupunki Itätulli,,-1.0,-1.0
2019-07-30,Laitila Haukka,,0.3,-1.0
2019-07-30,Kustavi Isokari,12.8,-1.0,
2019-07-30,Rauma Kylmäpihlaja,10.9,,
2019-07-30,Pori rautatieasema,13.3,-1.0,-1.0
2019-07-30,Turku lentoasema,13.6,,
2019-07-30,Kokemäki Rausenkulma,,0.0,-1.0
2019-07-30,Huittinen Sallila,,1.1,-1.0
2019-07-30,Oripää Teinikivi,,0.8,-1.0
2019-07-30,Pöytyä Yläne,,0.5,-1.0
2019-07-30,Kokemäki Tulkkila,13.1,0.1,-1.0
2019-07-30,Jokioinen Ilmala,13.0,0.3,-1.0
2019-07-30,Nokia Tottijärvi,,-1.0,-1.0
2019-07-30,Pirkkala Tampere-Pirkkala lentoasema,12.0,,
2019-07-30,Tampere Härmälä,12.4,0.1,-1.0
2019-07-30,Somero Salkola,12.5,0.2,-1.0
2019-07-30,Hyvinkää Hyvinkäänkylä,12.5,-1.0,-1.0
2019-07-30,Vihti Hiiskula,,-1.0,-1.0
2019-07-30,Hämeenlinna Pirttikoski,,1.2,-1.0
2019-07-30,Nurmijärvi Röykkä,13.1,-1.0,-1.0
2019-07-30,Hattula Lepaa,12.7,0.2,-1.0
2019-07-30,Hämeenlinna Lammi Pappila,11.5,0.2,-1.0
2019-07-30,Mäntsälä Hirvihaara Kuntomajantie,,-1.0,-1.0
2019-07-30,Asikkala Pulkkilanharju,12.0,,
2019-07-30,Hämeenlinna Lammi Evo,11.0,,
2019-07-30,Kouvola Utti lentoasema,11.2,0.0,-1.0
2019-07-30,Kouvola Anjala,11.7,0.2,-1.0
2019-07-30,Heinola Asemantaus,11.2,0.1,-1.0
2019-07-30,Kouvola Voikoski,,0.1,-1.0
2019-07-30,Virolahti Koivuniemi,10.5,0.0,-1.0
2019-07-30,Lappeenranta lentoasema,10.9,,
2019-07-30,Lappeenranta Konnunsuo,8.5,,
2019-07-30,Lappeenranta Lepola,10.8,0.3,-1.0
2019-07-30,Ruokolahti Kotaniemi,,4.4,-1.0
2019-07-30,Lappeenranta Hiekkapakka,11.2,,
2019-07-30,Parikkala Koitsanlahti,9.1,4.2,-1.0
2019-07-30,Kaskinen Sälgrund,11.9,-1.0,
2019-07-30,Merikarvia Tuorila,,-1.0,-1.0
2019-07-30,Isojoki Kärjenkoski,,-1.0,-1.0
2019-07-30,Teuva Kauppilankylä,,-1.0,-1.0
2019-07-30,Pori Tahkoluoto satama,10.7,,
2019-07-30,Kristiinankaupunki Majakka,9.9,,
2019-07-30,Karvia Alkkia,10.2,-1.0,-1.0
2019-07-30,Ikaalinen Vehuvarpee,,-1.0,-1.0
2019-07-30,Kurikka Hirvijärvi,,-1.0,-1.0
2019-07-30,Kauhajoki Kuja-Kokko,9.9,-1.0,-1.0
2019-07-30,Kankaanpää Niinisalo lentokenttä,11.5,-1.0,-1.0
2019-07-30,Alavus Sulkavankylä,,0.0,-1.0
2019-07-30,Virrat Äijänneva,9.9,,
2019-07-30,Tampere Siilinkari,12.3,,
2019-07-30,Jämsä Halli lentoasema,10.5,-1.0,-1.0
2019-07-30,Juupajoki Hyytiälä,10.1,0.0,-1.0
2019-07-30,Sysmä Joutsjärvi,,0.4,-1.0
2019-07-30,Luhanka Tammijärvi,,-1.0,-1.0
2019-07-30,Jyväskylä Muuratjärvi,,0.0,-1.0
2019-07-30,Luhanka Judinsalo,11.3,,
2019-07-30,Multia Pirttiperä,,0.0,-1.0
2019-07-30,Joutsa Savenaho,9.2,1.3,-1.0
2019-07-30,Kangasniemi kirkonkylä,,1.9,-1.0
2019-07-30,Joutsa Pärnämäki,,1.6,-1.0
2019-07-30,Mikkeli Pitkähiekka,,1.1,-1.0
2019-07-30,Juva Partala,8.5,,
2019-07-30,Varkaus Kosulanniemi,10.0,4.6,-1.0
2019-07-30,Savonlinna Laukansaari,,2.3,-1.0
2019-07-30,Sulkava Halttula,,2.9,-1.0
2019-07-30,Savonlinna lentoasema,9.0,,
2019-07-30,Rantasalmi Rukkasluoto,10.4,,
2019-07-30,Savonlinna Punkaharju Laukansaari,9.0,4.6,-1.0
2019-07-30,Enonkoski Simanala,,4.8,-1.0
2019-07-30,Savonlinna Savonranta,,5.1,-1.0
2019-07-30,Rääkkylä kirkonkylä,,6.8,-1.0
2019-07-30,Tohmajärvi Kemie,8.5,3.6,-1.0
2019-07-30,Joensuu Huhtilampi,,6.3,-1.0
2019-07-30,Vaasa lentoasema,11.1,,
2019-07-30,Mustasaari Valassaaret,12.7,,
2019-07-30,Närpiö Ylimarkku,,-1.0,-1.0
2019-07-30,Mustasaari Riimala,,-1.0,-1.0
2019-07-30,Kurikka Pyörni,,-1.0,-1.0
2019-07-30,Korsnäs Bredskäret,12.5,,
2019-07-30,Maalahti Strömmingsbådan,10.4,,
2019-07-30,Vaasa Klemettilä,11.6,-1.0,-1.0
2019-07-30,Seinäjoki Pelmaa,10.4,-1.0,-1.0
2019-07-30,Kauhava lentokenttä,10.0,-1.0,-1.0
2019-07-30,Ähtäri Inha,10.5,-1.0,-1.0
2019-07-30,Halsua Purola,8.8,0.0,-1.0
2019-07-30,Alajärvi Möksy,9.1,-1.0,-1.0
2019-07-30,Multia Karhila,8.9,0.1,-1.0
2019-07-30,Viitasaari Haapaniemi,9.8,0.3,-1.0
2019-07-30,Äänekoski Kalaniemi,,0.7,-1.0
2019-07-30,Viitasaari Kärnä,,0.0,-1.0
2019-07-30,Vesanto kirkonkylä,8.9,1.4,-1.0
2019-07-30,Pielavesi Venetmäki,,1.7,-1.0
2019-07-30,Siilinjärvi Kuopio lentoasema,9.2,,
2019-07-30,Kuopio Maaninka,9.2,3.9,-1.0
2019-07-30,Lapinlahti Lamminkäyrä,,2.9,-1.0
2019-07-30,Suonenjoki Iisvesi,,2.9,-1.0
2019-07-30,Kuopio Karttula,,6.6,-1.0
2019-07-30,Kuopio Ritoniemi,9.8,,
2019-07-30,Kuopio Savilahti,9.6,5.0,-1.0
2019-07-30,Heinävesi Palokki,,9.2,-1.0
2019-07-30,Outokumpu Viuruniemi,,7.6,-1.0
2019-07-30,Rautavaara Ala-Luosta,,6.4,-1.0
2019-07-30,Rautavaara Ylä-Luosta,8.4,7.3,-1.0
2019-07-30,Liperi Joensuu lentoasema,8.7,,
2019-07-30,Juuka Niemelä,8.3,11.3,-1.0
2019-07-30,Joensuu Pyhäselkä,,8.6,-1.0
2019-07-30,Lieksa Koli,,8.5,-1.0
2019-07-30,Liperi Tuiskavanluoto,10.4,,
2019-07-30,Joensuu Linnunlahti,9.1,11.2,-1.0
2019-07-30,Lieksa Lampela,8.3,6.8,-1.0
2019-07-30,Ilomantsi Naarva,,10.7,-1.0
2019-07-30,Ilomantsi Pötsönvaara,6.5,11.9,-1.0
2019-07-30,Ilomantsi Mekrijärvi,7.6,5.3,-1.0
2019-07-30,Pietarsaari Kallan,9.7,,
2019-07-30,Kokkola Tankar,10.7,,
2019-07-30,Kruunupyy Kokkola-Pietarsaari lentoasema,10.4,,
2019-07-30,Kaustinen Tastula,,0.0,-1.0
2019-07-30,Kalajoki Ulkokalla,10.4,,
2019-07-30,Toholampi Oravala,,0.0,-1.0
2019-07-30,Kalajoki Pitkäsenkylä,,0.0,-1.0
2019-07-30,Kalajoki Mehtäkylä,,-1.0,-1.0
2019-07-30,Toholampi Laitala,9.4,-1.0,-1.0
2019-07-30,Ylivieska lentokenttä,9.7,-1.0,-1.0
2019-07-30,Ylivieska Vähäkangas,,-1.0,-1.0
2019-07-30,Haapavesi Mustikkamäki,9.5,-1.0,-1.0
2019-07-30,Pyhäjärvi Ojakylä,8.3,0.1,-1.0
2019-07-30,Pyhäjärvi Hiidenniemi,,0.0,-1.0
2019-07-30,Kiuruvesi Korpijoki,,0.6,-1.0
2019-07-30,Siikalatva Kestilä,,0.2,-1.0
2019-07-30,Kajaani lentoasema,9.4,,
2019-07-30,Vieremä Kaarakkala,8.0,1.1,-1.0
2019-07-30,Kajaani Paltaniemi,,1.5,-1.0
2019-07-30,Nurmes Valtimo,8.5,4.4,-1.0
2019-07-30,Ristijärvi Mustavaara,,4.2,-1.0
2019-07-30,Sotkamo Kuolaniemi,8.7,3.6,-1.0
2019-07-30,Nurmes Mujejärvi,,7.4,-1.0
2019-07-30,Kuhmo Apaja,,5.4,-1.0
2019-07-30,Kuhmo Kalliojoki,7.5,9.2,-1.0
2019-07-30,Raahe Nahkiainen,10.3,,
2019-07-30,Hailuoto Keskikylä,11.2,-1.0,-1.0
2019-07-30,Kemi I majakka,11.1,,
2019-07-30,Hailuoto Marjaniemi,11.4,,
2019-07-30,Raahe Lapaluoto satama,11.3,,
2019-07-30,Oulu lentoasema,11.1,,
2019-07-30,Siikajoki Ruukki,10.3,-1.0,-1.0
2019-07-30,Oulu Vihreäsaari satama,11.1,,
2019-07-30,Oulu Oulunsalo Pellonpää,11.1,-1.0,-1.0
2019-07-30,Vaala Pelso,9.4,0.1,-1.0
2019-07-30,Pudasjärvi lentokenttä,9.8,-1.0,-1.0
2019-07-30,Utajärvi Särkijärvi,,-1.0,-1.0
2019-07-30,Pudasjärvi Jaurakkajärvi,,0.0,-1.0
2019-07-30,Suomussalmi Näljänkä,,0.4,-1.0
2019-07-30,Suomussalmi Pesiö,8.3,1.8,-1.0
2019-07-30,Puolanka Kotila,,1.4,-1.0
2019-07-30,Puolanka Paljakka,7.3,0.9,-1.0
2019-07-30,Kemi Kemi-Tornio lentoasema,10.7,,
2019-07-30,Kemi Ajos,11.2,,
2019-07-30,Tornio Kaakkuri,10.4,-1.0,-1.0
2019-07-30,Ranua lentokenttä,9.4,-1.0,-1.0
2019-07-30,Pudasjärvi Sarakylä,,-1.0,-1.0
2019-07-30,Posio Raistakka,,0.0,-1.0
2019-07-30,Taivalkoski Inkee,,0.0,-1.0
2019-07-30,Taivalkoski kirkonkylä,9.0,-1.0,-1.0
2019-07-30,Kuusamo lentoasema,7.9,,
2019-07-30,Kuusamo Kiutaköngäs,8.6,-1.0,-1.0
2019-07-30,Kuusamo Rukatunturi,5.3,,
2019-07-30,Kuusamo Teeriranta,,1.2,-1.0
2019-07-30,Kuusamo Juuma,7.3,,
2019-07-30,Ylitornio Meltosjärvi,10.0,-1.0,-1.0
2019-07-30,Kolari Kattilamaa,,-1.0,-1.0
2019-07-30,Pello kirkonkylä,10.2,-1.0,-1.0
2019-07-30,Kittilä Alakylä,,-1.0,-1.0
2019-07-30,Rovaniemi rautatieasema,10.3,,
2019-07-30,Sodankylä Tähtelä,8.6,-1.0,-1.0
2019-07-30,Rovaniemi Apukka,9.4,-1.0,-1.0
2019-07-30,Pelkosenniemi kirkonkylä,,-1.0,-1.0
2019-07-30,Kemijärvi lentokenttä,8.5,-1.0,-1.0
2019-07-30,Savukoski kirkonkylä,8.1,0.0,-1.0
2019-07-30,Salla Kelloselkä,,-1.0,-1.0
2019-07-30,Pelkosenniemi Pyhätunturi,5.9,,
2019-07-30,Salla kirkonkylä,8.0,-1.0,-1.0
2019-07-30,Salla Naruska,7.8,-1.0,-1.0
2019-07-30,Enontekiö Kaaresuvanto,,-1.0,-1.0
2019-07-30,Kittilä Pulju,,-1.0,-1.0
2019-07-30,Muonio Laukukero,4.1,,
2019-07-30,Muonio Sammaltunturi,6.1,,
2019-07-30,Kittilä Matorova,7.7,,
2019-07-30,Kittilä lentoasema,8.7,,
2019-07-30,Kittilä Kenttärova,7.6,-1.0,-1.0
2019-07-30,Kittilä Pakatti,9.1,-1.0,-1.0
2019-07-30,Kittilä Pokka,7.0,-1.0,-1.0
2019-07-30,Sodankylä Lokka,7.7,-1.0,-1.0
2019-07-30,Sodankylä Vuotso,7.2,-1.0,-1.0
2019-07-30,Inari Saariselkä matkailukeskus,6.1,0.2,-1.0
2019-07-30,Inari Saariselkä Kaunispää,4.7,,
2019-07-30,Inari Raja-Jooseppi Kontiojärvi,,0.0,-1.0
2019-07-30,Inari Raja-Jooseppi,6.7,,
2019-07-30,Salla Värriötunturi,5.7,0.0,-1.0
2019-07-30,Enontekiö Kilpisjärvi kyläkeskus,8.6,-1.0,-1.0
2019-07-30,Enontekiö Kilpisjärvi Saana,4.5,,
2019-07-30,Enontekiö Näkkälä,6.8,-1.0,-1.0
2019-07-30,Inari Angeli Lintupuoliselkä,7.0,-1.0,-1.0
2019-07-30,Inari Ivalo lentoasema,7.3,,
2019-07-30,Utsjoki Kevo,7.5,-1.0,-1.0
2019-07-30,Utsjoki Nuorgam,7.4,0.1,-1.0
2019-07-30,Inari Väylä,7.7,,
2019-07-30,Inari kirkonkylä,,-1.0,-1.0
2019-07-30,Inari Kaamanen,7.2,-1.0,-1.0
2019-07-30,Inari Nellim,7.7,-1.0,-1.0
2019-07-30,Inari Kirakkajärvi,7.1,-1.0,-1.0
2019-07-30,Mäntsälä Hirvihaara,12.2,-1.0,-1.0
2019-07-30,Lahti Sopenkorpi,12.1,-1.0,-1.0
2019-07-30,Siuntio Sjundby,,-1.0,-1.0
2019-07-30,Sipoo Itätoukki,14.7,,
2019-07-30,Rauma Pyynpää,13.2,-1.0,-1.0
2019-07-30,Muonio Oustajärvi,9.0,-1.0,-1.0
2019-07-30,Kajaani Petäisenniska,8.9,2.2,-1.0
2019-07-30,Utsjoki Kevo Kevojärvi,7.7,,
2019-07-30,Inari Seitalaassa,7.6,,
2019-07-30,Rovaniemi lentoasema AWOS,8.9,-1.0,-1.0
2019-07-30,Jyväskylä lentoasema AWOS,9.5,0.4,-1.0
2019-07-30,Puumala kirkonkylä,9.4,0.6,-1.0
2019-07-30,Helsinki Vuosaari satama,13.9,,
2019-07-30,Maarianhamina Länsisatama,14.6,,
2019-07-30,Lumparland Långnäs satama,14.8,0.2,-1.0
2019-07-30,Tampere Tampella,12.9,,
2019-07-30,Kittilä Lompolonvuoma,8.4,-1.0,
2019-07-30,Kuusamo Ruka Talvijärvi,7.3,,
2019-07-30,Espoo Nuuksio,13.1,-1.0,-1.0
2019-07-30,Mikkeli Lentoasema AWOS,9.0,1.1,-1.0
2019-07-30,Espoo Tapiola,13.8,-1.0,-1.0
2019-07-31,Porvoo Kilpilahti satama,15.4,,
2019-07-31,Jomala Maarianhamina lentoasema,13.1,,
2019-07-31,Parainen Utö,14.2,0.0,-1.0
2019-07-31,Lemland Nyhamn,13.8,,
2019-07-31,Jomala Jomalaby,13.2,-1.0,-1.0
2019-07-31,Hammarland Märket,13.1,,
2019-07-31,Kökar Bogskär,13.7,,
2019-07-31,Parainen Fagerholm,14.4,-1.0,
2019-07-31,Kumlinge kirkonkylä,12.3,,
2019-07-31,Hanko Russarö,16.3,-1.0,
2019-07-31,Kaarina Yltöinen,14.9,-1.0,-1.0
2019-07-31,Kemiönsaari Vänö,14.8,,
2019-07-31,Hanko Tulliniemi,16.0,,
2019-07-31,Turku Rajakari,15.0,,
2019-07-31,Turku Artukainen,14.8,-1.0,-1.0
2019-07-31,Kemiönsaari Kemiö,14.9,-1.0,-1.0
2019-07-31,Hanko Tvärminne,15.9,-1.0,-1.0
2019-07-31,Salo Kärkkä,15.4,-1.0,
2019-07-31,Lohja Leppäkorpi,,0.0,-1.0
2019-07-31,Raasepori Jussarö,15.2,,
2019-07-31,Salo Kiikala lentokenttä,14.6,-1.0,-1.0
2019-07-31,Vantaa Helsinki-Vantaan lentoasema,15.5,-1.0,-1.0
2019-07-31,Inkoo Bågaskär,16.5,,
2019-07-31,Helsinki Kaisaniemi,16.0,-1.0,-1.0
2019-07-31,Lohja Porla,15.8,-1.0,-1.0
2019-07-31,Vihti Maasoja,14.6,,
2019-07-31,Helsinki Harmaja,15.7,,
2019-07-31,Kirkkonummi Mäkiluoto,15.9,,
2019-07-31,Helsinki Helsingin majakka,14.6,,
2019-07-31,Helsinki Kumpula,15.8,-1.0,-1.0
2019-07-31,Helsinki Malmi lentokenttä,14.9,,
2019-07-31,Porvoo Emäsalo,15.0,,
2019-07-31,Porvoo Harabacka,15.2,-1.0,-1.0
2019-07-31,Kotka Rankki,14.1,-1.0,-1.0
2019-07-31,Loviisa Orrengrund,14.6,,
2019-07-31,Kotka Haapasaari,13.5,,
2019-07-31,Pori lentoasema,14.6,,
2019-07-31,Uusikaupunki Itätulli,,0.1,-1.0
2019-07-31,Laitila Haukka,,0.9,-1.0
2019-07-31,Kustavi Isokari,11.0,-1.0,
2019-07-31,Rauma Kylmäpihlaja,9.4,,
2019-07-31,Pori rautatieasema,14.8,-1.0,-1.0
2019-07-31,Turku lentoasema,13.8,,
2019-07-31,Kokemäki Rausenkulma,,-1.0,-1.0
2019-07-31,Huittinen Sallila,,0.0,-1.0
2019-07-31,Oripää Teinikivi,,-1.0,-1.0
2019-07-31,Pöytyä Yläne,,0.3,-1.0
2019-07-31,Kokemäki Tulkkila,14.8,-1.0,-1.0
2019-07-31,Jokioinen Ilmala,14.0,-1.0,-1.0
2019-07-31,Nokia Tottijärvi,,-1.0,-1.0
2019-07-31,Pirkkala Tampere-Pirkkala lentoasema,14.3,,
2019-07-31,Tampere Härmälä,14.9,-1.0,-1.0
2019-07-31,Somero Salkola,14.2,-1.0,-1.0
2019-07-31,Hyvinkää Hyvinkäänkylä,14.6,-1.0,-1.0
2019-07-31,Vihti Hiiskula,,-1.0,-1.0
2019-07-31,Hämeenlinna Pirttikoski,,-1.0,-1.0
2019-07-31,Nurmijärvi Röykkä,15.0,-1.0,-1.0
2019-07-31,Hattula Lepaa,15.2,-1.0,-1.0
2019-07-31,Hämeenlinna Lammi Pappila,13.6,-1.0,-1.0
2019-07-31,Mäntsälä Hirvihaara Kuntomajantie,,-1.0,-1.0
2019-07-31,Asikkala Pulkkilanharju,13.9,,
2019-07-31,Hämeenlinna Lammi Evo,12.8,,
2019-07-31,Kouvola Utti lentoasema,13.1,-1.0,-1.0
2019-07-31,Kouvola Anjala,13.1,-1.0,-1.0
2019-07-31,Heinola Asemantaus,13.1,-1.0,-1.0
2019-07-31,Kouvola Voikoski,,-1.0,-1.0
2019-07-31,Virolahti Koivuniemi,11.9,-1.0,-1.0
2019-07-31,Lappeenranta lentoasema,11.4,,
2019-07-31,Lappeenranta Konnunsuo,11.0,,
2019-07-31,Lappeenranta Lepola,11.5,-1.0,-1.0
2019-07-31,Ruokolahti Kotaniemi,,-1.0,-1.0
2019-07-31,Lappeenranta Hiekkapakka,12.0,,
2019-07-31,Parikkala Koitsanlahti,10.6,-1.0,-1.0
2019-07-31,Kaskinen Sälgrund,12.3,-1.0,
2019-07-31,Merikarvia Tuorila,,-1.0,-1.0
2019-07-31,Isojoki Kärjenkoski,,-1.0,-1.0
2019-07-31,Teuva Kauppilankylä,,-1.0,-1.0
2019-07-31,Pori Tahkoluoto satama,9.1,,
2019-07-31,Kristiinankaupunki Majakka,10.2,,
2019-07-31,Karvia Alkkia,11.9,-1.0,-1.0
2019-07-31,Ikaalinen Vehuvarpee,,-1.0,-1.0
2019-07-31,Kurikka Hirvijärvi,,-1.0,-1.0
2019-07-31,Kauhajoki Kuja-Kokko,11.4,-1.0,-1.0
2019-07-31,Kankaanpää Niinisalo lentokenttä,13.1,-1.0,-1.0
2019-07-31,Alavus Sulkavankylä,,-1.0,-1.0
2019-07-31,Virrat Äijänneva,12.1,,
2019-07-31,Tampere Siilinkari,14.5,,
2019-07-31,Jämsä Halli lentoasema,13.4,-1.0,-1.0
2019-07-31,Juupajoki Hyytiälä,12.8,-1.0,-1.0
2019-07-31,Sysmä Joutsjärvi,,-1.0,-1.0
2019-07-31,Luhanka Tammijärvi,,-1.0,-1.0
2019-07-31,Jyväskylä Muuratjärvi,,-1.0,-1.0
2019-07-31,Luhanka Judinsalo,13.1,,
2019-07-31,Multia Pirttiperä,,-1.0,-1.0
2019-07-31,Joutsa Savenaho,11.4,-1.0,-1.0
2019-07-31,Kangasniemi kirkonkylä,,-1.0,-1.0
2019-07-31,Joutsa Pärnämäki,,-1.0,-1.0
2019-07-31,Mikkeli Pitkähiekka,,-1.0,-1.0
2019-07-31,Juva Partala,10.3,,
2019-07-31,Varkaus Kosulanniemi,10.9,-1.0,-1.0
2019-07-31,Savonlinna Laukansaari,,-1.0,-1.0
2019-07-31,Sulkava Halttula,,-1.0,-1.0
2019-07-31,Savonlinna lentoasema,10.6,,
2019-07-31,Rantasalmi Rukkasluoto,11.6,,
2019-07-31,Savonlinna Punkaharju Laukansaari,10.8,-1.0,-1.0
2019-07-31,Enonkoski Simanala,,-1.0,-1.0
2019-07-31,Savonlinna Savonranta,,-1.0,-1.0
2019-07-31,Rääkkylä kirkonkylä,,0.0,-1.0
2019-07-31,Tohmajärvi Kemie,10.0,-1.0,-1.0
2019-07-31,Joensuu Huhtilampi,,-1.0,-1.0
2019-07-31,Vaasa lentoasema,10.3,,
2019-07-31,Mustasaari Valassaaret,12.4,,
2019-07-31,Närpiö Ylimarkku,,-1.0,-1.0
2019-07-31,Mustasaari Riimala,,-1.0,-1.0
2019-07-31,Kurikka Pyörni,,-1.0,-1.0
2019-07-31,Korsnäs Bredskäret,11.6,,
2019-07-31,Maalahti Strömmingsbådan,9.3,,
2019-07-31,Vaasa Klemettilä,10.9,-1.0,-1.0
2019-07-31,Seinäjoki Pelmaa,10.7,-1.0,-1.0
2019-07-31,Kauhava lentokenttä,10.5,-1.0,-1.0
2019-07-31,Ähtäri Inha,12.6,-1.0,-1.0
2019-07-31,Halsua Purola,10.3,-1.0,-1.0
2019-07-31,Alajärvi Möksy,10.6,-1.0,-1.0
2019-07-31,Multia Karhila,11.0,-1.0,-1.0
2019-07-31,Viitasaari Haapaniemi,11.8,-1.0,-1.0
2019-07-31,Äänekoski Kalaniemi,,-1.0,-1.0
2019-07-31,Viitasaari Kärnä,,-1.0,-1.0
2019-07-31,Vesanto kirkonkylä,11.0,-1.0,-1.0
2019-07-31,Pielavesi Venetmäki,,-1.0,-1.0
2019-07-31,Siilinjärvi Kuopio lentoasema,10.3,,
2019-07-31,Kuopio Maaninka,10.5,-1.0,-1.0
2019-07-31,Lapinlahti Lamminkäyrä,,0.0,-1.0
2019-07-31,Suonenjoki Iisvesi,,-1.0,-1.0
2019-07-31,Kuopio Karttula,,-1.0,-1.0
2019-07-31,Kuopio Ritoniemi,10.7,,
2019-07-31,Kuopio Savilahti,10.4,-1.0,-1.0
2019-07-31,Heinävesi Palokki,,-1.0,-1.0
2019-07-31,Outokumpu Viuruniemi,,-1.0,-1.0
2019-07-31,Rautavaara Ala-Luosta,,-1.0,-1.0
2019-07-31,Rautavaara Ylä-Luosta,9.3,-1.0,-1.0
2019-07-31,Liperi Joensuu lentoasema,10.4,,
2019-07-31,Juuka Niemelä,10.0,-1.0,-1.0
2019-07-31,Joensuu Pyhäselkä,,-1.0,-1.0
2019-07-31,Lieksa Koli,,-1.0,-1.0
2019-07-31,Liperi Tuiskavanluoto,11.3,,
2019-07-31,Joensuu Linnunlahti,10.4,-1.0,-1.0
2019-07-31,Lieksa Lampela,10.2,-1.0,-1.0
2019-07-31,Ilomantsi Naarva,,0.0,-1.0
2019-07-31,Ilomantsi Pötsönvaara,8.5,-1.0,-1.0
2019-07-31,Ilomantsi Mekrijärvi,9.3,-1.0,-1.0
2019-07-31,Pietarsaari Kallan,9.0,,
2019-07-31,Kokkola Tankar,9.7,,
2019-07-31,Kruunupyy Kokkola-Pietarsaari lentoasema,10.0,,
2019-07-31,Kaustinen Tastula,,-1.0,-1.0
2019-07-31,Kalajoki Ulkokalla,9.0,,
2019-07-31,Toholampi Oravala,,-1.0,-1.0
2019-07-31,Kalajoki Pitkäsenkylä,,-1.0,-1.0
2019-07-31,Kalajoki Mehtäkylä,,-1.0,-1.0
2019-07-31,Toholampi Laitala,9.8,-1.0,-1.0
2019-07-31,Ylivieska lentokenttä,10.2,-1.0,-1.0
2019-07-31,Ylivieska Vähäkangas,,-1.0,-1.0
2019-07-31,Haapavesi Mustikkamäki,9.5,-1.0,-1.0
2019-07-31,Pyhäjärvi Ojakylä,9.4,-1.0,-1.0
2019-07-31,Pyhäjärvi Hiidenniemi,,-1.0,-1.0
2019-07-31,Kiuruvesi Korpijoki,,-1.0,-1.0
2019-07-31,Siikalatva Kestilä,,-1.0,-1.0
2019-07-31,Kajaani lentoasema,9.9,,
2019-07-31,Vieremä Kaarakkala,8.9,-1.0,-1.0
2019-07-31,Kajaani Paltaniemi,,-1.0,-1.0
2019-07-31,Nurmes Valtimo,9.7,-1.0,-1.0
2019-07-31,Ristijärvi Mustavaara,,-1.0,-1.0
2019-07-31,Sotkamo Kuolaniemi,9.5,-1.0,-1.0
2019-07-31,Nurmes Mujejärvi,,-1.0,-1.0
2019-07-31,Kuhmo Apaja,,-1.0,-1.0
2019-07-31,Kuhmo Kalliojoki,9.0,-1.0,-1.0
2019-07-31,Hailuoto Keskikylä,10.2,-1.0,-1.0
2019-07-31,Kemi I majakka,10.6,,
2019-07-31,Hailuoto Marjaniemi,10.6,,
2019-07-31,Raahe Lapaluoto satama,10.4,,
2019-07-31,Oulu lentoasema,10.5,,
2019-07-31,Siikajoki Ruukki,9.5,-1.0,-1.0
2019-07-31,Oulu Vihreäsaari satama,10.7,,
2019-07-31,Oulu Oulunsalo Pellonpää,10.3,-1.0,-1.0
2019-07-31,Vaala Pelso,9.0,-1.0,-1.0
2019-07-31,Pudasjärvi lentokenttä,9.6,-1.0,-1.0
2019-07-31,Utajärvi Särkijärvi,,-1.0,-1.0
2019-07-31,Pudasjärvi Jaurakkajärvi,,-1.0,-1.0
2019-07-31,Suomussalmi Näljänkä,,-1.0,-1.0
2019-07-31,Suomussalmi Pesiö,8.7,0.0,-1.0
2019-07-31,Puolanka Kotila,,-1.0,-1.0
2019-07-31,Puolanka Paljakka,7.7,-1.0,-1.0
2019-07-31,Kemi Kemi-Tornio lentoasema,10.0,,
2019-07-31,Kemi Ajos,10.8,,
2019-07-31,Tornio Kaakkuri,10.5,-1.0,-1.0
2019-07-31,Ranua lentokenttä,9.0,-1.0,-1.0
2019-07-31,Pudasjärvi Sarakylä,,-1.0,-1.0
2019-07-31,Posio Raistakka,,0.0,-1.0
2019-07-31,Taivalkoski Inkee,,0.0,-1.0
2019-07-31,Taivalkoski kirkonkylä,9.0,-1.0,-1.0
2019-07-31,Kuusamo lentoasema,8.5,,
2019-07-31,Kuusamo Kiutaköngäs,8.4,-1.0,-1.0
2019-07-31,Kuusamo Rukatunturi,6.0,,
2019-07-31,Kuusamo Teeriranta,,-1.0,-1.0
2019-07-31,Kuusamo Juuma,7.3,,
2019-07-31,Ylitornio Meltosjärvi,10.2,-1.0,-1.0
2019-07-31,Kolari Kattilamaa,,-1.0,-1.0
2019-07-31,Pello kirkonkylä,11.1,-1.0,-1.0
2019-07-31,Kittilä Alakylä,,-1.0,-1.0
2019-07-31,Rovaniemi rautatieasema,10.9,,
2019-07-31,Sodankylä Tähtelä,9.7,-1.0,-1.0
2019-07-31,Rovaniemi Apukka,9.8,-1.0,-1.0
2019-07-31,Pelkosenniemi kirkonkylä,,-1.0,-1.0
2019-07-31,Kemijärvi lentokenttä,9.2,-1.0,-1.0
2019-07-31,Savukoski kirkonkylä,9.4,-1.0,-1.0
2019-07-31,Salla Kelloselkä,,-1.0,-1.0
2019-07-31,Pelkosenniemi Pyhätunturi,7.6,,
2019-07-31,Salla kirkonkylä,8.5,-1.0,-1.0
2019-07-31,Salla Naruska,8.2,-1.0,-1.0
2019-07-31,Enontekiö Kaaresuvanto,,-1.0,-1.0
2019-07-31,Kittilä Pulju,,-1.0,-1.0
2019-07-31,Muonio Laukukero,6.5,,
2019-07-31,Muonio Sammaltunturi,8.4,,
2019-07-31,Kittilä Matorova,9.9,,
2019-07-31,Kittilä lentoasema,10.0,,
2019-07-31,Kittilä Kenttärova,9.7,-1.0,-1.0
2019-07-31,Kittilä Pakatti,10.4,-1.0,-1.0
2019-07-31,Kittilä Pokka,9.9,-1.0,-1.0
2019-07-31,Sodankylä Lokka,9.1,-1.0,-1.0
2019-07-31,Sodankylä Vuotso,9.1,-1.0,-1.0
2019-07-31,Inari Saariselkä matkailukeskus,8.4,-1.0,-1.0
2019-07-31,Inari Saariselkä Kaunispää,7.8,,
2019-07-31,Inari Raja-Jooseppi Kontiojärvi,,0.0,-1.0
2019-07-31,Inari Raja-Jooseppi,9.5,,
2019-07-31,Salla Värriötunturi,7.0,-1.0,-1.0
2019-07-31,Enontekiö Kilpisjärvi kyläkeskus,10.1,-1.0,-1.0
2019-07-31,Enontekiö Kilpisjärvi Saana,6.8,,
2019-07-31,Enontekiö Näkkälä,9.7,0.6,-1.0
2019-07-31,Inari Angeli Lintupuoliselkä,10.0,0.3,-1.0
2019-07-31,Inari Ivalo lentoasema,10.3,,
2019-07-31,Utsjoki Kevo,11.3,5.4,-1.0
2019-07-31,Utsjoki Nuorgam,10.9,0.8,-1.0
2019-07-31,Inari Väylä,10.9,,
2019-07-31,Inari kirkonkylä,,0.9,-1.0
2019-07-31,Inari Kaamanen,10.8,4.6,-1.0
2019-07-31,Inari Nellim,10.5,1.9,-1.0
2019-07-31,Inari Kirakkajärvi,11.0,-1.0,-1.0
2019-07-31,Mäntsälä Hirvihaara,13.6,-1.0,-1.0
2019-07-31,Lahti Sopenkorpi,14.3,-1.0,-1.0
2019-07-31,Siuntio Sjundby,,-1.0,-1.0
2019-07-31,Sipoo Itätoukki,15.5,,
2019-07-31,Rauma Pyynpää,12.8,-1.0,-1.0
2019-07-31,Muonio Oustajärvi,10.6,-1.0,-1.0
2019-07-31,Kajaani Petäisenniska,9.6,-1.0,-1.0
2019-07-31,Utsjoki Kevo Kevojärvi,11.1,,
2019-07-31,Inari Seitalaassa,10.9,,
2019-07-31,Rovaniemi lentoasema AWOS,9.7,-1.0,-1.0
2019-07-31,Jyväskylä lentoasema AWOS,12.3,-1.0,-1.0
2019-07-31,Puumala kirkonkylä,11.0,-1.0,-1.0
2019-07-31,Helsinki Vuosaari satama,15.3,,
2019-07-31,Maarianhamina Länsisatama,13.2,,
2019-07-31,Lumparland Långnäs satama,13.4,0.2,-1.0
2019-07-31,Tampere Tampella,15.4,,
2019-07-31,Kittilä Lompolonvuoma,10.3,-1.0,
2019-07-31,Kuusamo Ruka Talvijärvi,7.7,,
2019-07-31,Espoo Nuuksio,15.2,-1.0,-1.0
2019-07-31,Mikkeli Lentoasema AWOS,11.0,-1.0,-1.0
2019-07-31,Espoo Tapiola,15.6,-1.0,-1.0
2019-08-01,Porvoo Kilpilahti satama,14.2,,
2019-08-01,Jomala Maarianhamina lentoasema,12.8,,
2019-08-01,Parainen Utö,15.9,-1.0,-1.0
2019-08-01,Lemland Nyhamn,14.3,,
2019-08-01,Jomala Jomalaby,12.8,-1.0,-1.0
2019-08-01,Hammarland Märket,12.4,,
2019-08-01,Kökar Bogskär,14.0,,
2019-08-01,Parainen Fagerholm,15.6,-1.0,
2019-08-01,Kumlinge kirkonkylä,12.5,,
2019-08-01,Hanko Russarö,16.8,-1.0,
2019-08-01,Kaarina Yltöinen,13.6,-1.0,-1.0
2019-08-01,Kemiönsaari Vänö,16.4,,
2019-08-01,Hanko Tulliniemi,16.7,,
2019-08-01,Turku Rajakari,15.5,,
2019-08-01,Turku Artukainen,15.1,-1.0,-1.0
2019-08-01,Kemiönsaari Kemiö,14.0,-1.0,-1.0
2019-08-01,Hanko Tvärminne,16.0,-1.0,-1.0
2019-08-01,Salo Kärkkä,14.0,-1.0,
2019-08-01,Lohja Leppäkorpi,,-1.0,-1.0
2019-08-01,Raasepori Jussarö,16.3,,
2019-08-01,Salo Kiikala lentokenttä,13.2,-1.0,-1.0
2019-08-01,Vantaa Helsinki-Vantaan lentoasema,14.1,-1.0,-1.0
2019-08-01,Inkoo Bågaskär,16.1,,
2019-08-01,Helsinki Kaisaniemi,15.1,-1.0,-1.0
2019-08-01,Lohja Porla,14.3,-1.0,-1.0
2019-08-01,Vihti Maasoja,12.0,,
2019-08-01,Helsinki Harmaja,15.5,,
2019-08-01,Kirkkonummi Mäkiluoto,15.6,,
2019-08-01,Helsinki Helsingin majakka,14.5,,
2019-08-01,Helsinki Kumpula,14.7,-1.0,-1.0
2019-08-01,Helsinki Malmi lentokenttä,13.6,,
2019-08-01,Porvoo Emäsalo,14.4,,
2019-08-01,Porvoo Harabacka,13.2,-1.0,-1.0
2019-08-01,Kotka Rankki,14.1,-1.0,-1.0
2019-08-01,Loviisa Orrengrund,14.4,,
2019-08-01,Kotka Haapasaari,14.5,,
2019-08-01,Pori lentoasema,12.0,,
2019-08-01,Uusikaupunki Itätulli,,-1.0,-1.0
2019-08-01,Laitila Haukka,,-1.0,-1.0
2019-08-01,Kustavi Isokari,10.4,-1.0,
2019-08-01,Rauma Kylmäpihlaja,9.2,,
2019-08-01,Pori rautatieasema,12.3,-1.0,-1.0
2019-08-01,Turku lentoasema,13.6,,
2019-08-01,Kokemäki Rausenkulma,,-1.0,-1.0
2019-08-01,Huittinen Sallila,,-1.0,-1.0
2019-08-01,Oripää Teinikivi,,-1.0,-1.0
2019-08-01,Pöytyä Yläne,,-1.0,-1.0
2019-08-01,Kokemäki Tulkkila,13.1,-1.0,-1.0
2019-08-01,Jokioinen Ilmala,12.3,-1.0,-1.0
2019-08-01,Nokia Tottijärvi,,-1.0,-1.0
2019-08-01,Pirkkala Tampere-Pirkkala lentoasema,11.4,,
2019-08-01,Tampere Härmälä,11.9,-1.0,-1.0
2019-08-01,Somero Salkola,12.2,-1.0,-1.0
2019-08-01,Hyvinkää Hyvinkäänkylä,11.8,-1.0,-1.0
2019-08-01,Vihti Hiiskula,,-1.0,-1.0
2019-08-01,Hämeenlinna Pirttikoski,,-1.0,-1.0
2019-08-01,Nurmijärvi Röykkä,12.9,-1.0,-1.0
2019-08-01,Hattula Lepaa,11.3,-1.0,-1.0
2019-08-01,Hämeenlinna Lammi Pappila,9.8,-1.0,-1.0
2019-08-01,Mäntsälä Hirvihaara Kuntomajantie,,-1.0,-1.0
2019-08-01,Asikkala Pulkkilanharju,12.9,,
2019-08-01,Hämeenlinna Lammi Evo,9.0,,
2019-08-01,Kouvola Utti lentoasema,12.0,-1.0,-1.0
2019-08-01,Kouvola Anjala,12.1,-1.0,-1.0
2019-08-01,Heinola Asemantaus,11.5,-1.0,-1.0
2019-08-01,Kouvola Voikoski,,-1.0,-1.0
2019-08-01,Virolahti Koivuniemi,12.8,-1.0,-1.0
2019-08-01,Lappeenranta lentoasema,12.6,,
2019-08-01,Lappeenranta Konnunsuo,12.1,,
2019-08-01,Lappeenranta Lepola,12.7,-1.0,-1.0
2019-08-01,Ruokolahti Kotaniemi,,0.1,-1.0
2019-08-01,Lappeenranta Hiekkapakka,13.0,,
2019-08-01,Parikkala Koitsanlahti,11.7,-1.0,-1.0
2019-08-01,Kaskinen Sälgrund,10.1,-1.0,
2019-08-01,Merikarvia Tuorila,,-1.0,-1.0
2019-08-01,Isojoki Kärjenkoski,,-1.0,-1.0
2019-08-01,Teuva Kauppilankylä,,-1.0,-1.0
2019-08-01,Pori Tahkoluoto satama,9.2,,
2019-08-01,Kristiinankaupunki Majakka,9.5,,
2019-08-01,Karvia Alkkia,11.0,-1.0,-1.0
2019-08-01,Ikaalinen Vehuvarpee,,-1.0,-1.0
2019-08-01,Kurikka Hirvijärvi,,-1.0,-1.0
2019-08-01,Kauhajoki Kuja-Kokko,11.6,-1.0,-1.0
2019-08-01,Kankaanpää Niinisalo lentokenttä,12.1,-1.0,-1.0
2019-08-01,Alavus Sulkavankylä,,-1.0,-1.0
2019-08-01,Virrat Äijänneva,10.8,,
2019-08-01,Tampere Siilinkari,13.1,,
2019-08-01,Jämsä Halli lentoasema,11.4,-1.0,-1.0
2019-08-01,Juupajoki Hyytiälä,11.0,-1.0,-1.0
2019-08-01,Sysmä Joutsjärvi,,-1.0,-1.0
2019-08-01,Luhanka Tammijärvi,,-1.0,-1.0
2019-08-01,Jyväskylä Muuratjärvi,,-1.0,-1.0
2019-08-01,Luhanka Judinsalo,12.8,,
2019-08-01,Multia Pirttiperä,,-1.0,-1.0
2019-08-01,Joutsa Savenaho,11.2,-1.0,-1.0
2019-08-01,Kangasniemi kirkonkylä,,-1.0,-1.0
2019-08-01,Joutsa Pärnämäki,,-1.0,-1.0
2019-08-01,Mikkeli Pitkähiekka,,-1.0,-1.0
2019-08-01,Juva Partala,11.1,,
2019-08-01,Varkaus Kosulanniemi,12.9,-1.0,-1.0
2019-08-01,Savonlinna Laukansaari,,0.2,-1.0
2019-08-01,Sulkava Halttula,,-1.0,-1.0
2019-08-01,Savonlinna lentoasema,11.0,,
2019-08-01,Rantasalmi Rukkasluoto,13.0,,
2019-08-01,Savonlinna Punkaharju Laukansaari,11.7,0.1,-1.0
2019-08-01,Enonkoski Simanala,,0.0,-1.0
2019-08-01,Savonlinna Savonranta,,-1.0,-1.0
2019-08-01,Rääkkylä kirkonkylä,,0.0,-1.0
2019-08-01,Tohmajärvi Kemie,11.4,0.7,-1.0
2019-08-01,Joensuu Huhtilampi,,-1.0,-1.0
2019-08-01,Vaasa lentoasema,11.8,,
2019-08-01,Mustasaari Valassaaret,14.3,,
2019-08-01,Närpiö Ylimarkku,,-1.0,-1.0
2019-08-01,Mustasaari Riimala,,-1.0,-1.0
2019-08-01,Kurikka Pyörni,,-1.0,-1.0
2019-08-01,Korsnäs Bredskäret,12.2,,
2019-08-01,Maalahti Strömmingsbådan,10.7,,
2019-08-01,Vaasa Klemettilä,12.3,-1.0,-1.0
2019-08-01,Seinäjoki Pelmaa,12.5,-1.0,-1.0
2019-08-01,Kauhava lentokenttä,12.8,-1.0,-1.0
2019-08-01,Ähtäri Inha,12.5,-1.0,-1.0
2019-08-01,Halsua Purola,12.9,-1.0,-1.0
2019-08-01,Alajärvi Möksy,12.6,-1.0,-1.0
2019-08-01,Multia Karhila,11.0,-1.0,-1.0
2019-08-01,Viitasaari Haapaniemi,14.0,-1.0,-1.0
2019-08-01,Äänekoski Kalaniemi,,-1.0,-1.0
2019-08-01,Viitasaari Kärnä,,-1.0,-1.0
2019-08-01,Vesanto kirkonkylä,13.3,-1.0,-1.0
2019-08-01,Pielavesi Venetmäki,,-1.0,-1.0
2019-08-01,Siilinjärvi Kuopio lentoasema,13.4,,
2019-08-01,Kuopio Maaninka,13.7,-1.0,-1.0
2019-08-01,Lapinlahti Lamminkäyrä,,-1.0,-1.0
2019-08-01,Suonenjoki Iisvesi,,-1.0,-1.0
2019-08-01,Kuopio Karttula,,-1.0,-1.0
2019-08-01,Kuopio Ritoniemi,13.5,,
2019-08-01,Kuopio Savilahti,13.4,-1.0,-1.0
2019-08-01,Heinävesi Palokki,,0.3,-1.0
2019-08-01,Outokumpu Viuruniemi,,0.3,-1.0
2019-08-01,Rautavaara Ala-Luosta,,0.0,-1.0
2019-08-01,Rautavaara Ylä-Luosta,12.1,0.2,-1.0
2019-08-01,Liperi Joensuu lentoasema,12.5,,
2019-08-01,Juuka Niemelä,12.2,0.7,-1.0
2019-08-01,Joensuu Pyhäselkä,,0.0,-1.0
2019-08-01,Lieksa Koli,,1.0,-1.0
2019-08-01,Liperi Tuiskavanluoto,13.0,,
2019-08-01,Joensuu Linnunlahti,12.3,0.9,-1.0
2019-08-01,Lieksa Lampela,12.4,0.4,-1.0
2019-08-01,Ilomantsi Naarva,,0.7,-1.0
2019-08-01,Ilomantsi Pötsönvaara,11.1,1.6,-1.0
2019-08-01,Ilomantsi Mekrijärvi,11.8,0.2,-1.0
2019-08-01,Pietarsaari Kallan,10.7,,
2019-08-01,Kokkola Tankar,11.7,,
2019-08-01,Kruunupyy Kokkola-Pietarsaari lentoasema,12.6,,
2019-08-01,Kaustinen Tastula,,-1.0,-1.0
2019-08-01,Kalajoki Ulkokalla,9.9,,
2019-08-01,Toholampi Oravala,,-1.0,-1.0
2019-08-01,Kalajoki Pitkäsenkylä,,-1.0,-1.0
2019-08-01,Kalajoki Mehtäkylä,,-1.0,-1.0
2019-08-01,Toholampi Laitala,12.7,-1.0,-1.0
2019-08-01,Ylivieska lentokenttä,12.2,-1.0,-1.0
2019-08-01,Ylivieska Vähäkangas,,-1.0,-1.0
2019-08-01,Haapavesi Mustikkamäki,13.3,-1.0,-1.0
2019-08-01,Pyhäjärvi Ojakylä,13.1,-1.0,-1.0
2019-08-01,Pyhäjärvi Hiidenniemi,,-1.0,-1.0
2019-08-01,Kiuruvesi Korpijoki,,-1.0,-1.0
2019-08-01,Siikalatva Kestilä,,-1.0,-1.0
2019-08-01,Kajaani lentoasema,13.7,,
2019-08-01,Vieremä Kaarakkala,13.2,-1.0,-1.0
2019-08-01,Kajaani Paltaniemi,,0.0,-1.0
2019-08-01,Nurmes Valtimo,12.8,-1.0,-1.0
2019-08-01,Ristijärvi Mustavaara,,0.4,-1.0
2019-08-01,Sotkamo Kuolaniemi,13.1,0.2,-1.0
2019-08-01,Nurmes Mujejärvi,,0.4,-1.0
2019-08-01,Kuhmo Apaja,,0.5,-1.0
2019-08-01,Kuhmo Kalliojoki,11.9,1.3,-1.0
2019-08-01,Raahe Nahkiainen,12.6,,
2019-08-01,Hailuoto Keskikylä,13.4,-1.0,-1.0
2019-08-01,Kemi I majakka,13.3,,
2019-08-01,Hailuoto Marjaniemi,13.8,,
2019-08-01,Raahe Lapaluoto satama,12.7,,
2019-08-01,Oulu lentoasema,14.1,,
2019-08-01,Siikajoki Ruukki,12.4,-1.0,-1.0
2019-08-01,Oulu Vihreäsaari satama,14.0,,
2019-08-01,Oulu Oulunsalo Pellonpää,13.5,-1.0,-1.0
2019-08-01,Vaala Pelso,13.2,-1.0,-1.0
2019-08-01,Pudasjärvi lentokenttä,11.8,-1.0,-1.0
2019-08-01,Utajärvi Särkijärvi,,-1.0,-1.0
2019-08-01,Pudasjärvi Jaurakkajärvi,,-1.0,-1.0
2019-08-01,Suomussalmi Näljänkä,,0.2,-1.0
2019-08-01,Suomussalmi Pesiö,11.8,0.3,-1.0
2019-08-01,Puolanka Kotila,,0.2,-1.0
2019-08-01,Puolanka Paljakka,11.6,0.1,-1.0
2019-08-01,Kemi Kemi-Tornio lentoasema,12.6,,
2019-08-01,Kemi Ajos,14.6,,
2019-08-01,Tornio Kaakkuri,14.0,-1.0,-1.0
2019-08-01,Ranua lentokenttä,10.2,-1.0,-1.0
2019-08-01,Pudasjärvi Sarakylä,,0.2,-1.0
2019-08-01,Posio Raistakka,,1.2,-1.0
2019-08-01,Taivalkoski Inkee,,0.4,-1.0
2019-08-01,Taivalkoski kirkonkylä,10.4,-1.0,-1.0
2019-08-01,Kuusamo lentoasema,9.9,,
2019-08-01,Kuusamo Kiutaköngäs,9.4,0.3,-1.0
2019-08-01,Kuusamo Rukatunturi,8.3,,
2019-08-01,Kuusamo Teeriranta,,0.4,-1.0
2019-08-01,Kuusamo Juuma,8.9,,
2019-08-01,Ylitornio Meltosjärvi,11.7,-1.0,-1.0
2019-08-01,Kolari Kattilamaa,,-1.0,-1.0
2019-08-01,Pello kirkonkylä,12.7,0.1,-1.0
2019-08-01,Kittilä Alakylä,,-1.0,-1.0
2019-08-01,Rovaniemi rautatieasema,12.1,,
2019-08-01,Sodankylä Tähtelä,9.1,0.4,-1.0
2019-08-01,Rovaniemi Apukka,10.5,-1.0,-1.0
2019-08-01,Pelkosenniemi kirkonkylä,,1.5,-1.0
2019-08-01,Kemijärvi lentokenttä,9.2,0.7,-1.0
2019-08-01,Savukoski kirkonkylä,8.1,0.7,-1.0
2019-08-01,Salla Kelloselkä,,1.4,-1.0
2019-08-01,Pelkosenniemi Pyhätunturi,8.4,,
2019-08-01,Salla kirkonkylä,7.9,0.7,-1.0
2019-08-01,Salla Naruska,8.1,1.3,-1.0
2019-08-01,Enontekiö Kaaresuvanto,,-1.0,-1.0
2019-08-01,Kittilä Pulju,,-1.0,-1.0
2019-08-01,Muonio Laukukero,7.9,,
2019-08-01,Muonio Sammaltunturi,9.7,,
2019-08-01,Kittilä Matorova,11.0,,
2019-08-01,Kittilä lentoasema,11.5,,
2019-08-01,Kittilä Kenttärova,10.8,0.3,-1.0
2019-08-01,Kittilä Pakatti,11.3,0.1,-1.0
2019-08-01,Kittilä Pokka,9.4,0.2,-1.0
2019-08-01,Sodankylä Lokka,8.3,3.7,-1.0
2019-08-01,Sodankylä Vuotso,7.8,1.4,-1.0
2019-08-01,Inari Saariselkä matkailukeskus,7.3,4.3,-1.0
2019-08-01,Inari Saariselkä Kaunispää,6.6,,
2019-08-01,Inari Raja-Jooseppi Kontiojärvi,,3.9,-1.0
2019-08-01,Inari Raja-Jooseppi,8.1,,
2019-08-01,Salla Värriötunturi,7.8,1.2,-1.0
2019-08-01,Enontekiö Kilpisjärvi kyläkeskus,10.7,-1.0,-1.0
2019-08-01,Enontekiö Kilpisjärvi Saana,7.5,,
2019-08-01,Enontekiö Näkkälä,10.0,0.1,-1.0
2019-08-01,Inari Angeli Lintupuoliselkä,8.8,-1.0,-1.0
2019-08-01,Inari Ivalo lentoasema,8.4,,
2019-08-01,Utsjoki Kevo,8.8,0.5,-1.0
2019-08-01,Utsjoki Nuorgam,8.8,0.2,-1.0
2019-08-01,Inari Väylä,8.5,,
2019-08-01,Inari kirkonkylä,,2.0,-1.0
2019-08-01,Inari Kaamanen,8.5,1.9,-1.0
2019-08-01,Inari Nellim,9.1,0.9,-1.0
2019-08-01,Inari Kirakkajärvi,8.7,0.8,-1.0
2019-08-01,Mäntsälä Hirvihaara,10.9,-1.0,-1.0
2019-08-01,Lahti Sopenkorpi,12.6,-1.0,-1.0
2019-08-01,Siuntio Sjundby,,-1.0,-1.0
2019-08-01,Sipoo Itätoukki,15.2,,
2019-08-01,Rauma Pyynpää,12.2,-1.0,-1.0
2019-08-01,Muonio Oustajärvi,11.1,-1.0,-1.0
2019-08-01,Kajaani Petäisenniska,13.5,-1.0,-1.0
2019-08-01,Utsjoki Kevo Kevojärvi,9.1,,
2019-08-01,Inari Seitalaassa,9.0,,
2019-08-01,Rovaniemi lentoasema AWOS,11.2,-1.0,-1.0
2019-08-01,Jyväskylä lentoasema AWOS,13.2,-1.0,-1.0
2019-08-01,Puumala kirkonkylä,11.7,-1.0,-1.0
2019-08-01,Helsinki Vuosaari satama,14.5,,
2019-08-01,Maarianhamina Länsisatama,13.3,,
2019-08-01,Lumparland Långnäs satama,13.6,-1.0,-1.0
2019-08-01,Tampere Tampella,13.6,,
2019-08-01,Kittilä Lompolonvuoma,10.9,0.3,
2019-08-01,Kuusamo Ruka Talvijärvi,9.1,,
2019-08-01,Espoo Nuuksio,13.6,-1.0,-1.0
2019-08-01,Mikkeli Lentoasema AWOS,11.2,-1.0,-1.0
2019-08-01,Espoo Tapiola,14.3,-1.0,-1.0
