date,station,tday,rrday,snow
2021-12-01,Porvoo Kilpilahti satama,-6.8,,
2021-12-01,Jomala Maarianhamina lentoasema,-3.2,,
2021-12-01,Parainen Utö,-1.0,-1.0,1.0
2021-12-01,Lemland Nyhamn,-1.2,,
2021-12-01,Jomala Jomalaby,-3.3,-1.0,-1.0
2021-12-01,Hammarland Märket,-1.5,,
2021-12-01,Kökar Bogskär,-0.2,,
2021-12-01,Parainen Fagerholm,-1.8,-1.0,
2021-12-01,Kumlinge kirkonkylä,-1.4,,
2021-12-01,Hanko Russarö,-3.6,-1.0,
2021-12-01,Kaarina Yltöinen,-7.0,-1.0,-1.0
2021-12-01,Kemiönsaari Vänö,-2.1,,
2021-12-01,Hanko Tulliniemi,-3.9,,
2021-12-01,Turku Rajakari,-3.0,,
2021-12-01,Turku Artukainen,-6.0,-1.0,3.0
2021-12-01,Kemiönsaari Kemiö,-7.6,-1.0,2.0
2021-12-01,Hanko Tvärminne,-5.6,-1.0,-1.0
2021-12-01,Salo Kärkkä,-7.8,-1.0,
2021-12-01,Lohja Leppäkorpi,,0.0,-1.0
2021-12-01,Raasepori Jussarö,-5.4,,
2021-12-01,Salo Kiikala lentokenttä,-8.8,-1.0,3.0
2021-12-01,Vantaa Helsinki-Vantaan lentoasema,-8.4,0.1,1.0
2021-12-01,Inkoo Bågaskär,-6.6,,
2021-12-01,Helsinki Kaisaniemi,-6.7,-1.0,-1.0
2021-12-01,Lohja Porla,-6.4,-1.0,2.0
2021-12-01,Vihti Maasoja,-8.7,,
2021-12-01,Helsinki Harmaja,-5.2,,
2021-12-01,Kirkkonummi Mäkiluoto,-5.0,,
2021-12-01,Helsinki Helsingin majakka,-4.9,,
2021-12-01,Helsinki Kumpula,-7.2,0.0,1.0
2021-12-01,Helsinki Malmi lentokenttä,-7.8,,
2021-12-01,Porvoo Kalbådagrund,-5.1,,
2021-12-01,Porvoo Emäsalo,-6.0,,
2021-12-01,Porvoo Harabacka,-7.4,-1.0,2.0
2021-12-01,Kotka Rankki,-6.3,-1.0,10.0
2021-12-01,Loviisa Orrengrund,-4.9,,
2021-12-01,Kotka Haapasaari,-4.9,,
2021-12-01,Pori lentoasema,-6.3,,
2021-12-01,Uusikaupunki Itätulli,,-1.0,0.0
2021-12-01,Kustavi Isokari,-1.3,-1.0,
2021-12-01,Rauma Kylmäpihlaja,-2.1,,
2021-12-01,Pori rautatieasema,-6.2,-1.0,2.0
2021-12-01,Turku lentoasema,-6.9,,
2021-12-01,Kokemäki Rausenkulma,,-1.0,-1.0
2021-12-01,Huittinen Sallila,,-1.0,-1.0
2021-12-01,Oripää Teinikivi,,-1.0,1.0
2021-12-01,Pöytyä Yläne,,-1.0,0.0
2021-12-01,Kokemäki Tulkkila,-6.9,-1.0,-1.0
2021-12-01,Jokioinen Ilmala,-8.4,-1.0,3.0
2021-12-01,Nokia Tottijärvi,,0.1,1.0
2021-12-01,Pirkkala Tampere-Pirkkala lentoasema,-9.1,,
2021-12-01,Tampere Härmälä,-8.1,-1.0,2.0
2021-12-01,Somero Salkola,-8.6,-1.0,5.0
2021-12-01,Hyvinkää Hyvinkäänkylä,-8.3,-1.0,4.0
2021-12-01,Vihti Hiiskula,,-1.0,1.0
2021-12-01,Hämeenlinna Pirttikoski,,-1.0,-1.0
2021-12-01,Nurmijärvi Röykkä,-8.6,-1.0,2.0
2021-12-01,Hämeenlinna Katinen,-7.9,-1.0,
2021-12-01,Hattula Lepaa,-7.6,-1.0,5.0
2021-12-01,Hämeenlinna Lammi Pappila,-8.3,-1.0,7.0
2021-12-01,Asikkala Pulkkilanharju,-6.8,,
2021-12-01,Kouvola Utti lentoasema,-8.4,0.0,8.0
2021-12-01,Kouvola Anjala,-7.9,-1.0,6.0
2021-12-01,Heinola Asemantaus,-7.3,-1.0,9.0
2021-12-01,Kouvola Voikoski,,-1.0,15.0
2021-12-01,Virolahti Koivuniemi,-7.7,-1.0,6.0
2021-12-01,Lappeenranta lentoasema,-9.1,,
2021-12-01,Lappeenranta Konnunsuo,-7.4,,
2021-12-01,Lappeenranta Lepola,-8.0,-1.0,17.0
2021-12-01,Ruokolahti Kotaniemi,,0.5,23.0
2021-12-01,Lappeenranta Hiekkapakka,-6.1,,
2021-12-01,Parikkala Koitsanlahti,-7.8,0.3,29.0
2021-12-01,Kaskinen Sälgrund,-5.1,0.2,
2021-12-01,Merikarvia Tuorila,,-1.0,1.0
2021-12-01,Isojoki Kärjenkoski,,0.7,1.0
2021-12-01,Teuva Kauppilankylä,,0.2,8.0
2021-12-01,Pori Tahkoluoto satama,-2.9,,
2021-12-01,Kristiinankaupunki Majakka,-3.7,,
2021-12-01,Karvia Alkkia,-9.9,-1.0,11.0
2021-12-01,Kurikka Hirvijärvi,,0.1,3.0
2021-12-01,Kauhajoki Kuja-Kokko,-9.8,-1.0,9.0
2021-12-01,Kankaanpää Niinisalo lentokenttä,-9.1,-1.0,8.0
2021-12-01,Alavus Sulkavankylä,,0.2,6.0
2021-12-01,Virrat Äijänneva,-8.9,,
2021-12-01,Tampere Siilinkari,-6.4,,
2021-12-01,Jämsä Halli lentoasema,-9.0,0.2,8.0
2021-12-01,Juupajoki Hyytiälä,-9.1,0.3,9.0
2021-12-01,Sysmä Joutsjärvi,,0.0,7.0
2021-12-01,Jyväskylä Muuratjärvi,,0.8,14.0
2021-12-01,Luhanka Judinsalo,-7.3,,
2021-12-01,Multia Pirttiperä,,0.5,15.0
2021-12-01,Joutsa Savenaho,-9.2,-1.0,13.0
2021-12-01,Kangasniemi kirkonkylä,,0.0,24.0
2021-12-01,Joutsa Pärnämäki,,0.1,20.0
2021-12-01,Mikkeli Pitkähiekka,,0.2,25.0
2021-12-01,Juva Partala,-9.2,,
2021-12-01,Varkaus Kosulanniemi,-9.0,1.1,28.0
2021-12-01,Savonlinna Laukansaari,,0.9,18.0
2021-12-01,Sulkava Halttula,,0.9,33.0
2021-12-01,Savonlinna lentoasema,-8.0,,
2021-12-01,Rantasalmi Rukkasluoto,-7.1,,
2021-12-01,Savonlinna Punkaharju Laukansaari,-8.6,0.3,21.0
2021-12-01,Enonkoski Simanala,,0.2,19.0
2021-12-01,Savonlinna Savonranta,,0.7,24.0
2021-12-01,Rääkkylä kirkonkylä,,0.7,27.0
2021-12-01,Tohmajärvi Kemie,-8.2,0.1,29.0
2021-12-01,Joensuu Huhtilampi,,0.5,34.0
2021-12-01,Vaasa lentoasema,-9.1,,
2021-12-01,Mustasaari Valassaaret,-6.9,,
2021-12-01,Närpiö Ylimarkku,,0.0,10.0
2021-12-01,Mustasaari Riimala,,0.1,18.0
2021-12-01,Kurikka Pyörni,,0.2,15.0
2021-12-01,Korsnäs Bredskäret,-5.5,,
2021-12-01,Maalahti Strömmingsbådan,-4.9,,
2021-12-01,Vaasa Klemettilä,-8.0,-1.0,16.0
2021-12-01,Seinäjoki Pelmaa,-9.0,0.4,13.0
2021-12-01,Kauhava lentokenttä,-8.6,-1.0,
2021-12-01,Ähtäri Inha,-9.3,-1.0,15.0
2021-12-01,Halsua Purola,-9.2,0.8,24.0
2021-12-01,Alajärvi Möksy,-9.2,0.2,14.0
2021-12-01,Multia Karhila,-9.6,0.1,14.0
2021-12-01,Viitasaari Haapaniemi,-9.1,0.3,24.0
2021-12-01,Äänekoski Kalaniemi,,0.3,28.0
2021-12-01,Vesanto kirkonkylä,-9.6,0.9,34.0
2021-12-01,Pielavesi Venetmäki,,1.5,38.0
2021-12-01,Siilinjärvi Kuopio lentoasema,-9.4,,
2021-12-01,Kuopio Maaninka,-9.9,1.1,30.0
2021-12-01,Lapinlahti Lamminkäyrä,,2.2,35.0
2021-12-01,Suonenjoki Iisvesi,,0.9,21.0
2021-12-01,Kuopio Karttula,,1.7,39.0
2021-12-01,Kuopio Ritoniemi,-7.8,,
2021-12-01,Kuopio Savilahti,-9.3,1.9,28.0
2021-12-01,Heinävesi Palokki,,0.9,24.0
2021-12-01,Outokumpu Viuruniemi,,0.5,25.0
2021-12-01,Rautavaara Ala-Luosta,,0.6,25.0
2021-12-01,Rautavaara Ylä-Luosta,-10.9,0.5,35.0
2021-12-01,Liperi Joensuu lentoasema,-9.3,,
2021-12-01,Juuka Niemelä,-9.0,-1.0,31.0
2021-12-01,Joensuu Pyhäselkä,,-1.0,37.0
2021-12-01,Lieksa Koli,,0.7,29.0
2021-12-01,Liperi Tuiskavanluoto,-9.6,,
2021-12-01,Joensuu Linnunlahti,-8.6,0.3,29.0
2021-12-01,Lieksa Lampela,-8.0,0.1,26.0
2021-12-01,Ilomantsi Naarva,,1.2,25.0
2021-12-01,Ilomantsi Pötsönvaara,-8.9,1.4,14.0
2021-12-01,Ilomantsi Mekrijärvi,-8.6,1.1,25.0
2021-12-01,Pietarsaari Kallan,-5.1,,
2021-12-01,Kokkola Tankar,-5.0,,
2021-12-01,Kruunupyy Kokkola-Pietarsaari lentoasema,-6.0,,
2021-12-01,Kaustinen Tastula,,0.8,15.0
2021-12-01,Kalajoki Ulkokalla,-5.2,,
2021-12-01,Kokkola Santahaka,-5.6,-1.0,9.0
2021-12-01,Toholampi Oravala,,1.0,18.0
2021-12-01,Kalajoki Pitkäsenkylä,,2.6,12.0
2021-12-01,Kalajoki Mehtäkylä,,3.8,10.0
2021-12-01,Toholampi Laitala,-8.4,0.5,17.0
2021-12-01,Ylivieska lentokenttä,-8.9,1.1,18.0
2021-12-01,Ylivieska Vähäkangas,,1.8,18.0
2021-12-01,Haapavesi Mustikkamäki,-9.5,0.9,19.0
2021-12-01,Pyhäjärvi Ojakylä,-10.5,0.3,19.0
2021-12-01,Pyhäjärvi Hiidenniemi,,1.0,19.0
2021-12-01,Kiuruvesi Korpijoki,,0.9,32.0
2021-12-01,Siikalatva Kestilä,,1.3,21.0
2021-12-01,Kajaani lentoasema,-10.7,,
2021-12-01,Vieremä Kaarakkala,-11.2,1.4,44.0
2021-12-01,Kajaani Paltaniemi,,1.4,45.0
2021-12-01,Nurmes Valtimo,-9.5,-1.0,33.0
2021-12-01,Ristijärvi Mustavaara,,4.9,21.0
2021-12-01,Sotkamo Kuolaniemi,-10.0,0.1,31.0
2021-12-01,Nurmes Mujejärvi,,1.4,33.0
2021-12-01,Kuhmo Apaja,,3.6,33.0
2021-12-01,Kuhmo Kalliojoki,-9.4,3.3,27.0
2021-12-01,Raahe Nahkiainen,-6.3,,
2021-12-01,Hailuoto Keskikylä,-8.6,0.2,10.0
2021-12-01,Kemi I majakka,-9.4,,
2021-12-01,Hailuoto Marjaniemi,-7.5,,
2021-12-01,Raahe Lapaluoto satama,-6.6,,
2021-12-01,Oulu lentoasema,-10.1,,
2021-12-01,Siikajoki Ruukki,-9.5,0.1,14.0
2021-12-01,Oulu Vihreäsaari satama,-9.8,,
2021-12-01,Oulu Oulunsalo Pellonpää,-10.7,0.5,14.0
2021-12-01,Vaala Pelso,-11.6,0.1,29.0
2021-12-01,Pudasjärvi lentokenttä,-10.3,3.7,31.0
2021-12-01,Utajärvi Särkijärvi,,3.0,35.0
2021-12-01,Pudasjärvi Jaurakkajärvi,,5.4,32.0
2021-12-01,Suomussalmi Näljänkä,,4.1,37.0
2021-12-01,Suomussalmi Pesiö,-10.2,3.7,34.0
2021-12-01,Puolanka Kotila,,3.0,42.0
2021-12-01,Puolanka Paljakka,-11.4,2.9,45.0
2021-12-01,Kemi Kemi-Tornio lentoasema,-12.7,,
2021-12-01,Kemi Ajos,-12.0,,
2021-12-01,Tornio Kaakkuri,-13.6,2.9,14.0
2021-12-01,Ranua lentokenttä,-10.6,4.9,15.0
2021-12-01,Pudasjärvi Sarakylä,,4.2,11.0
2021-12-01,Posio Raistakka,,4.7,19.0
2021-12-01,Taivalkoski Inkee,,4.3,18.0
2021-12-01,Taivalkoski kirkonkylä,-10.0,4.8,23.0
2021-12-01,Kuusamo lentoasema,-8.5,6.2,27.0
2021-12-01,Kuusamo Kiutaköngäs,-7.7,5.4,18.0
2021-12-01,Kuusamo Rukatunturi,-10.2,,
2021-12-01,Kuusamo Teeriranta,,5.4,30.0
2021-12-01,Kuusamo Juuma,-8.6,,
2021-12-01,Ylitornio Meltosjärvi,-12.0,5.2,13.0
2021-12-01,Kolari Kattilamaa,,14.5,12.0
2021-12-01,Pello kirkonkylä,-13.5,5.4,14.0
2021-12-01,Rovaniemi rautatieasema,-9.8,,
2021-12-01,Sodankylä Tähtelä,-8.4,10.2,24.0
2021-12-01,Rovaniemi Apukka,-8.6,5.3,15.0
2021-12-01,Pelkosenniemi kirkonkylä,,7.6,14.0
2021-12-01,Kemijärvi lentokenttä,-8.4,7.6,13.0
2021-12-01,Savukoski kirkonkylä,-7.5,7.4,19.0
2021-12-01,Salla Kelloselkä,,8.2,22.0
2021-12-01,Pelkosenniemi Pyhätunturi,-10.4,,
2021-12-01,Salla kirkonkylä,-8.2,7.6,20.0
2021-12-01,Salla Naruska,-7.3,7.2,27.0
2021-12-01,Enontekiö Kaaresuvanto,,17.5,40.0
2021-12-01,Enontekiö lentoasema,-10.8,,
2021-12-01,Kittilä Pulju,,14.7,25.0
2021-12-01,Muonio Laukukero,-11.5,,
2021-12-01,Muonio Sammaltunturi,-11.1,,
2021-12-01,Kittilä Matorova,-9.9,,
2021-12-01,Kittilä lentoasema,-8.8,,
2021-12-01,Kittilä Kenttärova,-10.0,13.0,55.0
2021-12-01,Kittilä Pakatti,-9.0,10.3,18.0
2021-12-01,Kittilä Pokka,-8.5,8.7,47.0
2021-12-01,Sodankylä Lokka,-7.2,6.0,24.0
2021-12-01,Sodankylä Vuotso,-7.8,4.0,27.0
2021-12-01,Inari Saariselkä matkailukeskus,-8.0,7.6,36.0
2021-12-01,Inari Saariselkä Kaunispää,-9.1,,
2021-12-01,Inari Raja-Jooseppi Kontiojärvi,,3.0,19.0
2021-12-01,Inari Raja-Jooseppi,-7.8,,
2021-12-01,Salla Värriötunturi,-7.9,15.8,32.0
2021-12-01,Enontekiö Kilpisjärvi kyläkeskus,-11.5,7.5,36.0
2021-12-01,Enontekiö Kilpisjärvi Saana,-12.8,,
2021-12-01,Enontekiö Näkkälä,-10.5,6.6,38.0
2021-12-01,Inari Angeli Lintupuoliselkä,-7.9,2.8,25.0
2021-12-01,Inari Ivalo lentoasema,-6.8,,
2021-12-01,Utsjoki Kevo,-7.2,3.2,21.0
2021-12-01,Utsjoki Nuorgam,-6.2,5.7,19.0
2021-12-01,Inari Väylä,-5.8,,
2021-12-01,Inari kirkonkylä,,0.3,17.0
2021-12-01,Inari Kaamanen,-5.7,0.6,18.0
2021-12-01,Inari Nellim,-6.2,0.5,13.0
2021-12-01,Inari Kirakkajärvi,-4.7,1.4,20.0
2021-12-01,Mäntsälä Hirvihaara,-8.6,-1.0,-1.0
2021-12-01,Lahti Sopenkorpi,-8.0,-1.0,8.0
2021-12-01,Siuntio Sjundby,,-1.0,0.0
2021-12-01,Sipoo Itätoukki,-5.1,,
2021-12-01,Rauma Pyynpää,-5.1,-1.0,2.0
2021-12-01,Muonio Oustajärvi,-11.0,13.2,23.0
2021-12-01,Pyhtää lentokenttä,-8.1,-1.0,4.0
2021-12-01,Sotkamo Tuhkakylä,-10.7,-1.0,42.0
2021-12-01,Tervola Loue,-11.5,,
2021-12-01,Kajaani Petäisenniska,-10.6,0.8,33.0
2021-12-01,Utsjoki Kevo Kevojärvi,-6.9,,
2021-12-01,Inari Seitalaassa,-4.6,,
2021-12-01,Ilmajoki Seinäjoki lentoasema,-9.0,,
2021-12-01,Rovaniemi lentoasema AWOS,-9.9,5.2,10.0
2021-12-01,Jyväskylä lentoasema AWOS,-9.1,-1.0,10.0
2021-12-01,Puumala kirkonkylä,-8.1,0.2,18.0
2021-12-01,Helsinki Vuosaari satama,-6.5,,
2021-12-01,Maarianhamina Länsisatama,-2.6,,
2021-12-01,Lumparland Långnäs satama,-2.5,-1.0,-1.0
2021-12-01,Tampere Tampella,-6.8,,
2021-12-01,Kittilä Lompolonvuoma,-9.1,11.9,
2021-12-01,Kuusamo Ruka Talvijärvi,-8.9,,
2021-12-01,Espoo Nuuksio,-8.6,-1.0,4.0
2021-12-01,Mikkeli Lentoasema AWOS,-8.6,-1.0,25.0
2021-12-01,Espoo Tapiola,-7.4,-1.0,2.0
2021-12-02,Porvoo Kilpilahti satama,-8.9,,
2021-12-02,Jomala Maarianhamina lentoasema,-3.8,,
2021-12-02,Parainen Utö,-1.7,-1.0,1.0
2021-12-02,Lemland Nyhamn,-1.4,,
2021-12-02,Jomala Jomalaby,-3.3,-1.0,-1.0
2021-12-02,Hammarland Märket,-1.0,,
2021-12-02,Kökar Bogskär,-0.1,,
2021-12-02,Parainen Fagerholm,-3.9,-1.0,
2021-12-02,Kumlinge kirkonkylä,-3.7,,
2021-12-02,Hanko Russarö,-3.6,-1.0,
2021-12-02,Kaarina Yltöinen,-7.4,-1.0,-1.0
2021-12-02,Kemiönsaari Vänö,-3.7,,
2021-12-02,Hanko Tulliniemi,-4.5,,
2021-12-02,Turku Rajakari,-5.2,,
2021-12-02,Turku Artukainen,-6.7,-1.0,3.0
2021-12-02,Kemiönsaari Kemiö,-7.3,-1.0,-1.0
2021-12-02,Hanko Tvärminne,-4.7,-1.0,-1.0
2021-12-02,Salo Kärkkä,-8.0,-1.0,
2021-12-02,Lohja Leppäkorpi,,-1.0,-1.0
2021-12-02,Raasepori Jussarö,-4.3,,
2021-12-02,Salo Kiikala lentokenttä,-8.5,-1.0,3.0
2021-12-02,Vantaa Helsinki-Vantaan lentoasema,-9.8,0.0,1.0
2021-12-02,Inkoo Bågaskär,-4.9,,
2021-12-02,Helsinki Kaisaniemi,-7.7,-1.0,-1.0
2021-12-02,Lohja Porla,-7.5,-1.0,2.0
2021-12-02,Vihti Maasoja,-9.5,,
2021-12-02,Helsinki Harmaja,-5.5,,
2021-12-02,Kirkkonummi Mäkiluoto,-4.4,,
2021-12-02,Helsinki Helsingin majakka,-4.2,,
2021-12-02,Helsinki Kumpula,-8.4,-1.0,1.0
2021-12-02,Helsinki Malmi lentokenttä,-9.5,,
2021-12-02,Porvoo Kalbådagrund,-3.9,,
2021-12-02,Porvoo Emäsalo,-8.3,,
2021-12-02,Porvoo Harabacka,-11.7,-1.0,2.0
2021-12-02,Kotka Rankki,-7.9,-1.0,10.0
2021-12-02,Loviisa Orrengrund,-6.2,,
2021-12-02,Kotka Haapasaari,-6.0,,
2021-12-02,Pori lentoasema,-5.6,,
2021-12-02,Uusikaupunki Itätulli,,-1.0,0.0
2021-12-02,Kustavi Isokari,-3.3,-1.0,
2021-12-02,Rauma Kylmäpihlaja,-3.9,,
2021-12-02,Pori rautatieasema,-5.3,-1.0,2.0
2021-12-02,Turku lentoasema,-7.4,,
2021-12-02,Kokemäki Rausenkulma,,-1.0,-1.0
2021-12-02,Huittinen Sallila,,-1.0,-1.0
2021-12-02,Oripää Teinikivi,,-1.0,1.0
2021-12-02,Pöytyä Yläne,,-1.0,0.0
2021-12-02,Kokemäki Tulkkila,-5.6,-1.0,-1.0
2021-12-02,Jokioinen Ilmala,-7.4,-1.0,2.0
2021-12-02,Nokia Tottijärvi,,-1.0,1.0
2021-12-02,Pirkkala Tampere-Pirkkala lentoasema,-7.1,,
2021-12-02,Tampere Härmälä,-6.5,-1.0,2.0
2021-12-02,Somero Salkola,-8.7,-1.0,5.0
2021-12-02,Hyvinkää Hyvinkäänkylä,-10.0,-1.0,5.0
2021-12-02,Vihti Hiiskula,,-1.0,1.0
2021-12-02,Hämeenlinna Pirttikoski,,-1.0,-1.0
2021-12-02,Nurmijärvi Röykkä,-9.4,-1.0,3.0
2021-12-02,Hämeenlinna Katinen,-8.5,-1.0,
2021-12-02,Hattula Lepaa,-7.8,-1.0,5.0
2021-12-02,Hämeenlinna Lammi Pappila,-9.2,-1.0,7.0
2021-12-02,Asikkala Pulkkilanharju,-7.6,,
2021-12-02,Kouvola Utti lentoasema,-13.7,1.2,8.0
2021-12-02,Kouvola Anjala,-14.0,-1.0,6.0
2021-12-02,Heinola Asemantaus,-10.0,-1.0,10.0
2021-12-02,Kouvola Voikoski,,-1.0,15.0
2021-12-02,Virolahti Koivuniemi,-15.0,0.2,6.0
2021-12-02,Lappeenranta lentoasema,-13.3,,
2021-12-02,Lappeenranta Konnunsuo,-14.8,,
2021-12-02,Lappeenranta Lepola,-11.3,-1.0,14.0
2021-12-02,Ruokolahti Kotaniemi,,0.0,23.0
2021-12-02,Lappeenranta Hiekkapakka,-9.2,,
2021-12-02,Parikkala Koitsanlahti,-12.9,-1.0,28.0
2021-12-02,Kaskinen Sälgrund,-5.2,1.2,
2021-12-02,Merikarvia Tuorila,,-1.0,1.0
2021-12-02,Isojoki Kärjenkoski,,-1.0,2.0
2021-12-02,Teuva Kauppilankylä,,0.2,8.0
2021-12-02,Pori Tahkoluoto satama,-3.6,,
2021-12-02,Kristiinankaupunki Majakka,-4.3,,
2021-12-02,Karvia Alkkia,-9.1,-1.0,11.0
2021-12-02,Kurikka Hirvijärvi,,0.2,3.0
2021-12-02,Kauhajoki Kuja-Kokko,-9.2,-1.0,9.0
2021-12-02,Kankaanpää Niinisalo lentokenttä,-7.5,-1.0,7.0
2021-12-02,Alavus Sulkavankylä,,-1.0,6.0
2021-12-02,Virrat Äijänneva,-9.3,,
2021-12-02,Tampere Siilinkari,-5.9,,
2021-12-02,Jämsä Halli lentoasema,-9.1,-1.0,9.0
2021-12-02,Juupajoki Hyytiälä,-8.5,0.0,9.0
2021-12-02,Sysmä Joutsjärvi,,-1.0,7.0
2021-12-02,Jyväskylä Muuratjärvi,,0.0,15.0
2021-12-02,Luhanka Judinsalo,-7.8,,
2021-12-02,Multia Pirttiperä,,-1.0,15.0
2021-12-02,Joutsa Savenaho,-11.5,-1.0,12.0
2021-12-02,Kangasniemi kirkonkylä,,-1.0,23.0
2021-12-02,Joutsa Pärnämäki,,0.0,20.0
2021-12-02,Mikkeli Pitkähiekka,,0.0,23.0
2021-12-02,Juva Partala,-18.4,,
2021-12-02,Varkaus Kosulanniemi,-14.7,-1.0,28.0
2021-12-02,Savonlinna Laukansaari,,0.1,20.0
2021-12-02,Sulkava Halttula,,-1.0,33.0
2021-12-02,Savonlinna lentoasema,-15.0,,
2021-12-02,Rantasalmi Rukkasluoto,-10.3,,
2021-12-02,Savonlinna Punkaharju Laukansaari,-13.7,-1.0,23.0
2021-12-02,Enonkoski Simanala,,-1.0,20.0
2021-12-02,Savonlinna Savonranta,,-1.0,25.0
2021-12-02,Rääkkylä kirkonkylä,,0.3,28.0
2021-12-02,Tohmajärvi Kemie,-14.3,0.1,29.0
2021-12-02,Joensuu Huhtilampi,,0.2,33.0
2021-12-02,Vaasa lentoasema,-11.6,,
2021-12-02,Mustasaari Valassaaret,-6.6,,
2021-12-02,Närpiö Ylimarkku,,2.0,10.0
2021-12-02,Mustasaari Riimala,,-1.0,17.0
2021-12-02,Kurikka Pyörni,,-1.0,15.0
2021-12-02,Korsnäs Bredskäret,-8.6,,
2021-12-02,Maalahti Strömmingsbådan,-5.2,,
2021-12-02,Vaasa Klemettilä,-10.5,-1.0,15.0
2021-12-02,Seinäjoki Pelmaa,-11.5,-1.0,13.0
2021-12-02,Kauhava lentokenttä,-16.6,-1.0,
2021-12-02,Ähtäri Inha,-10.0,-1.0,17.0
2021-12-02,Halsua Purola,-18.0,0.2,24.0
2021-12-02,Alajärvi Möksy,-14.1,-1.0,16.0
2021-12-02,Multia Karhila,-11.1,-1.0,14.0
2021-12-02,Viitasaari Haapaniemi,-16.6,-1.0,23.0
2021-12-02,Äänekoski Kalaniemi,,0.3,28.0
2021-12-02,Vesanto kirkonkylä,-19.0,-1.0,31.0
2021-12-02,Pielavesi Venetmäki,,0.8,38.0
2021-12-02,Siilinjärvi Kuopio lentoasema,-13.6,,
2021-12-02,Kuopio Maaninka,-15.5,0.2,30.0
2021-12-02,Lapinlahti Lamminkäyrä,,0.2,38.0
2021-12-02,Suonenjoki Iisvesi,,0.2,22.0
2021-12-02,Kuopio Karttula,,0.3,39.0
2021-12-02,Kuopio Ritoniemi,-11.2,,
2021-12-02,Kuopio Savilahti,-14.3,0.1,30.0
2021-12-02,Heinävesi Palokki,,0.1,25.0
2021-12-02,Outokumpu Viuruniemi,,-1.0,26.0
2021-12-02,Rautavaara Ala-Luosta,,0.4,25.0
2021-12-02,Rautavaara Ylä-Luosta,-18.0,0.5,34.0
2021-12-02,Liperi Joensuu lentoasema,-15.9,,
2021-12-02,Juuka Niemelä,-17.5,0.4,29.0
2021-12-02,Joensuu Pyhäselkä,,0.1,37.0
2021-12-02,Lieksa Koli,,0.2,30.0
2021-12-02,Liperi Tuiskavanluoto,-17.3,,
2021-12-02,Joensuu Linnunlahti,-18.5,-1.0,29.0
2021-12-02,Lieksa Lampela,-18.9,0.2,25.0
2021-12-02,Ilomantsi Naarva,,0.3,28.0
2021-12-02,Ilomantsi Pötsönvaara,-14.1,-1.0,17.0
2021-12-02,Ilomantsi Mekrijärvi,-14.4,-1.0,25.0
2021-12-02,Pietarsaari Kallan,-7.2,,
2021-12-02,Kokkola Tankar,-7.7,,
2021-12-02,Kruunupyy Kokkola-Pietarsaari lentoasema,-15.7,,
2021-12-02,Kaustinen Tastula,,0.1,17.0
2021-12-02,Kalajoki Ulkokalla,-5.6,,
2021-12-02,Kokkola Santahaka,-14.1,-1.0,10.0
2021-12-02,Toholampi Oravala,,-1.0,18.0
2021-12-02,Kalajoki Pitkäsenkylä,,-1.0,15.0
2021-12-02,Kalajoki Mehtäkylä,,0.2,20.0
2021-12-02,Toholampi Laitala,-16.0,-1.0,21.0
2021-12-02,Ylivieska lentokenttä,-15.7,-1.0,20.0
2021-12-02,Ylivieska Vähäkangas,,0.3,21.0
2021-12-02,Haapavesi Mustikkamäki,-13.1,0.5,21.0
2021-12-02,Pyhäjärvi Ojakylä,-14.0,-1.0,19.0
2021-12-02,Pyhäjärvi Hiidenniemi,,0.0,24.0
2021-12-02,Kiuruvesi Korpijoki,,0.3,32.0
2021-12-02,Siikalatva Kestilä,,0.5,32.0
2021-12-02,Kajaani lentoasema,-14.8,,
2021-12-02,Vieremä Kaarakkala,-13.0,0.5,45.0
2021-12-02,Kajaani Paltaniemi,,1.1,46.0
2021-12-02,Nurmes Valtimo,-17.8,0.1,30.0
2021-12-02,Ristijärvi Mustavaara,,1.1,25.0
2021-12-02,Sotkamo Kuolaniemi,-12.8,0.2,30.0
2021-12-02,Nurmes Mujejärvi,,0.5,34.0
2021-12-02,Kuhmo Apaja,,1.0,36.0
2021-12-02,Kuhmo Kalliojoki,-9.2,0.9,30.0
2021-12-02,Raahe Nahkiainen,-6.5,,
2021-12-02,Hailuoto Keskikylä,-12.3,1.1,11.0
2021-12-02,Kemi I majakka,-5.0,,
2021-12-02,Hailuoto Marjaniemi,-10.2,,
2021-12-02,Raahe Lapaluoto satama,-12.5,,
2021-12-02,Oulu lentoasema,-13.3,,
2021-12-02,Siikajoki Ruukki,-15.4,-1.0,15.0
2021-12-02,Oulu Vihreäsaari satama,-11.5,,
2021-12-02,Oulu Oulunsalo Pellonpää,-13.5,0.8,14.0
2021-12-02,Vaala Pelso,-16.5,0.5,29.0
2021-12-02,Pudasjärvi lentokenttä,-7.2,1.8,34.0
2021-12-02,Utajärvi Särkijärvi,,1.6,26.0
2021-12-02,Pudasjärvi Jaurakkajärvi,,2.6,36.0
2021-12-02,Suomussalmi Näljänkä,,2.9,42.0
2021-12-02,Suomussalmi Pesiö,-8.2,2.6,35.0
2021-12-02,Puolanka Kotila,,1.3,42.0
2021-12-02,Puolanka Paljakka,-9.8,0.7,45.0
2021-12-02,Kemi Kemi-Tornio lentoasema,-5.9,,
2021-12-02,Kemi Ajos,-6.1,,
2021-12-02,Tornio Kaakkuri,-5.9,4.2,15.0
2021-12-02,Ranua lentokenttä,-6.3,2.9,21.0
2021-12-02,Pudasjärvi Sarakylä,,2.3,14.0
2021-12-02,Posio Raistakka,,3.2,24.0
2021-12-02,Taivalkoski Inkee,,2.8,25.0
2021-12-02,Taivalkoski kirkonkylä,-7.0,2.7,26.0
2021-12-02,Kuusamo lentoasema,-7.1,1.3,34.0
2021-12-02,Kuusamo Kiutaköngäs,-6.5,1.3,26.0
2021-12-02,Kuusamo Rukatunturi,-8.2,,
2021-12-02,Kuusamo Teeriranta,,3.1,35.0
2021-12-02,Kuusamo Juuma,-7.1,,
2021-12-02,Ylitornio Meltosjärvi,-5.3,2.6,16.0
2021-12-02,Kolari Kattilamaa,,1.3,30.0
2021-12-02,Pello kirkonkylä,-4.9,1.5,19.0
2021-12-02,Rovaniemi rautatieasema,-4.8,,
2021-12-02,Sodankylä Tähtelä,-6.4,0.7,33.0
2021-12-02,Rovaniemi Apukka,-5.0,0.6,19.0
2021-12-02,Pelkosenniemi kirkonkylä,,0.7,25.0
2021-12-02,Kemijärvi lentokenttä,-6.0,1.1,19.0
2021-12-02,Savukoski kirkonkylä,-6.8,0.2,28.0
2021-12-02,Salla Kelloselkä,,-1.0,35.0
2021-12-02,Pelkosenniemi Pyhätunturi,-7.7,,
2021-12-02,Salla kirkonkylä,-7.2,0.4,31.0
2021-12-02,Salla Naruska,-7.3,0.1,35.0
2021-12-02,Enontekiö Kaaresuvanto,,-1.0,45.0
2021-12-02,Enontekiö lentoasema,-5.7,,
2021-12-02,Kittilä Pulju,,0.3,26.0
2021-12-02,Muonio Laukukero,-8.6,,
2021-12-02,Muonio Sammaltunturi,-7.6,,
2021-12-02,Kittilä Matorova,-6.5,,
2021-12-02,Kittilä lentoasema,-5.4,,
2021-12-02,Kittilä Kenttärova,-6.5,-1.0,64.0
2021-12-02,Kittilä Pakatti,-6.1,0.4,28.0
2021-12-02,Kittilä Pokka,-5.9,0.9,51.0
2021-12-02,Sodankylä Lokka,-6.5,-1.0,25.0
2021-12-02,Sodankylä Vuotso,-5.5,-1.0,26.0
2021-12-02,Inari Saariselkä matkailukeskus,-5.9,1.4,41.0
2021-12-02,Inari Saariselkä Kaunispää,-7.0,,
2021-12-02,Inari Raja-Jooseppi Kontiojärvi,,0.5,19.0
2021-12-02,Inari Raja-Jooseppi,-4.9,,
2021-12-02,Salla Värriötunturi,-7.5,-1.0,44.0
2021-12-02,Enontekiö Kilpisjärvi kyläkeskus,-5.0,0.1,40.0
2021-12-02,Enontekiö Kilpisjärvi Saana,-9.6,,
2021-12-02,Enontekiö Näkkälä,-6.4,0.2,48.0
2021-12-02,Inari Angeli Lintupuoliselkä,-5.8,-1.0,26.0
2021-12-02,Inari Ivalo lentoasema,-4.7,,
2021-12-02,Utsjoki Kevo,-5.6,0.3,24.0
2021-12-02,Utsjoki Nuorgam,-5.5,-1.0,22.0
2021-12-02,Inari Väylä,-5.5,,
2021-12-02,Inari kirkonkylä,,0.4,17.0
2021-12-02,Inari Kaamanen,-5.7,-1.0,17.0
2021-12-02,Inari Nellim,-6.2,0.2,13.0
2021-12-02,Inari Kirakkajärvi,-4.9,4.4,23.0
2021-12-02,Mäntsälä Hirvihaara,-10.8,-1.0,2.0
2021-12-02,Lahti Sopenkorpi,-10.3,-1.0,6.0
2021-12-02,Siuntio Sjundby,,-1.0,0.0
2021-12-02,Sipoo Itätoukki,-5.0,,
2021-12-02,Rauma Pyynpää,-5.8,-1.0,3.0
2021-12-02,Muonio Oustajärvi,-5.2,-1.0,34.0
2021-12-02,Pyhtää lentokenttä,-14.0,-1.0,4.0
2021-12-02,Sotkamo Tuhkakylä,-14.1,0.7,39.0
2021-12-02,Tervola Loue,-4.6,,
2021-12-02,Kajaani Petäisenniska,-13.3,0.9,32.0
2021-12-02,Utsjoki Kevo Kevojärvi,-7.0,,
2021-12-02,Inari Seitalaassa,-4.6,,
2021-12-02,Ilmajoki Seinäjoki lentoasema,-9.5,,
2021-12-02,Rovaniemi lentoasema AWOS,-5.7,0.4,15.0
2021-12-02,Jyväskylä lentoasema AWOS,-12.4,-1.0,10.0
2021-12-02,Puumala kirkonkylä,-11.8,-1.0,17.0
2021-12-02,Helsinki Vuosaari satama,-7.9,,
2021-12-02,Maarianhamina Länsisatama,-2.8,,
2021-12-02,Lumparland Långnäs satama,-2.0,-1.0,-1.0
2021-12-02,Tampere Tampella,-6.1,,
2021-12-02,Kittilä Lompolonvuoma,-6.0,-1.0,
2021-12-02,Kuusamo Ruka Talvijärvi,-7.1,,
2021-12-02,Espoo Nuuksio,-9.1,-1.0,4.0
2021-12-02,Mikkeli Lentoasema AWOS,-16.2,-1.0,23.0
2021-12-02,Espoo Tapiola,-8.5,-1.0,2.0
2021-12-03,Porvoo Kilpilahti satama,-9.6,,
2021-12-03,Jomala Maarianhamina lentoasema,-6.4,,
2021-12-03,Parainen Utö,-4.1,-1.0,1.0
2021-12-03,Lemland Nyhamn,-3.4,,
2021-12-03,Jomala Jomalaby,-5.8,-1.0,-1.0
2021-12-03,Hammarland Märket,-1.4,,
2021-12-03,Kökar Bogskär,-2.1,,
2021-12-03,Parainen Fagerholm,-6.3,-1.0,
2021-12-03,Kumlinge kirkonkylä,-6.2,,
2021-12-03,Hanko Russarö,-6.5,-1.0,
2021-12-03,Kaarina Yltöinen,-9.3,-1.0,-1.0
2021-12-03,Kemiönsaari Vänö,-6.4,,
2021-12-03,Hanko Tulliniemi,-6.9,,
2021-12-03,Turku Rajakari,-7.3,,
2021-12-03,Turku Artukainen,-9.3,-1.0,2.0
2021-12-03,Kemiönsaari Kemiö,-8.8,-1.0,-1.0
2021-12-03,Hanko Tvärminne,-7.1,-1.0,-1.0
2021-12-03,Salo Kärkkä,-8.6,-1.0,
2021-12-03,Lohja Leppäkorpi,,0.3,-1.0
2021-12-03,Raasepori Jussarö,-7.0,,
2021-12-03,Salo Kiikala lentokenttä,-9.4,0.1,3.0
2021-12-03,Vantaa Helsinki-Vantaan lentoasema,-10.1,0.6,1.0
2021-12-03,Inkoo Bågaskär,-6.8,,
2021-12-03,Helsinki Kaisaniemi,-9.1,-1.0,-1.0
2021-12-03,Lohja Porla,-8.3,0.1,2.0
2021-12-03,Vihti Maasoja,-9.0,,
2021-12-03,Helsinki Harmaja,-7.6,,
2021-12-03,Kirkkonummi Mäkiluoto,-7.4,,
2021-12-03,Helsinki Helsingin majakka,-6.4,,
2021-12-03,Helsinki Kumpula,-9.6,0.3,1.0
2021-12-03,Helsinki Malmi lentokenttä,-9.8,,
2021-12-03,Porvoo Kalbådagrund,-5.9,,
2021-12-03,Porvoo Emäsalo,-9.6,,
2021-12-03,Porvoo Harabacka,-10.5,0.1,2.0
2021-12-03,Kotka Rankki,-6.8,-1.0,9.0
2021-12-03,Loviisa Orrengrund,-7.0,,
2021-12-03,Kotka Haapasaari,-5.7,,
2021-12-03,Pori lentoasema,-8.9,,
2021-12-03,Uusikaupunki Itätulli,,-1.0,0.0
2021-12-03,Kustavi Isokari,-6.1,-1.0,
2021-12-03,Rauma Kylmäpihlaja,-7.2,,
2021-12-03,Pori rautatieasema,-8.6,-1.0,2.0
2021-12-03,Turku lentoasema,-9.9,,
2021-12-03,Kokemäki Rausenkulma,,0.0,-1.0
2021-12-03,Huittinen Sallila,,0.1,-1.0
2021-12-03,Oripää Teinikivi,,0.0,1.0
2021-12-03,Pöytyä Yläne,,0.0,0.0
2021-12-03,Kokemäki Tulkkila,-8.8,-1.0,-1.0
2021-12-03,Jokioinen Ilmala,-9.8,-1.0,2.0
2021-12-03,Nokia Tottijärvi,,0.4,1.0
2021-12-03,Pirkkala Tampere-Pirkkala lentoasema,-9.3,,
2021-12-03,Tampere Härmälä,-9.3,-1.0,-1.0
2021-12-03,Somero Salkola,-9.5,-1.0,6.0
2021-12-03,Hyvinkää Hyvinkäänkylä,-9.7,0.8,4.0
2021-12-03,Vihti Hiiskula,,0.5,1.0
2021-12-03,Hämeenlinna Pirttikoski,,-1.0,-1.0
2021-12-03,Nurmijärvi Röykkä,-9.9,0.1,3.0
2021-12-03,Hämeenlinna Katinen,-8.8,-1.0,
2021-12-03,Hattula Lepaa,-8.8,-1.0,5.0
2021-12-03,Hämeenlinna Lammi Pappila,-9.6,0.7,7.0
2021-12-03,Asikkala Pulkkilanharju,-9.5,,
2021-12-03,Kouvola Utti lentoasema,-11.0,1.0,7.0
2021-12-03,Kouvola Anjala,-10.0,-1.0,5.0
2021-12-03,Heinola Asemantaus,-10.6,0.3,10.0
2021-12-03,Kouvola Voikoski,,0.4,15.0
2021-12-03,Virolahti Koivuniemi,-8.7,0.0,6.0
2021-12-03,Lappeenranta lentoasema,-8.1,,
2021-12-03,Lappeenranta Konnunsuo,-8.5,,
2021-12-03,Lappeenranta Lepola,-7.8,0.1,15.0
2021-12-03,Ruokolahti Kotaniemi,,0.4,22.0
2021-12-03,Lappeenranta Hiekkapakka,-7.7,,
2021-12-03,Parikkala Koitsanlahti,-8.9,-1.0,28.0
2021-12-03,Kaskinen Sälgrund,-9.5,-1.0,
2021-12-03,Merikarvia Tuorila,,-1.0,1.0
2021-12-03,Isojoki Kärjenkoski,,0.0,2.0
2021-12-03,Teuva Kauppilankylä,,0.1,8.0
2021-12-03,Pori Tahkoluoto satama,-8.3,,
2021-12-03,Kristiinankaupunki Majakka,-7.8,,
2021-12-03,Karvia Alkkia,-11.2,-1.0,11.0
2021-12-03,Kurikka Hirvijärvi,,0.3,3.0
2021-12-03,Kauhajoki Kuja-Kokko,-11.6,-1.0,10.0
2021-12-03,Kankaanpää Niinisalo lentokenttä,-10.0,-1.0,8.0
2021-12-03,Alavus Sulkavankylä,,0.2,6.0
2021-12-03,Virrat Äijänneva,-11.0,,
2021-12-03,Tampere Siilinkari,-8.7,,
2021-12-03,Jämsä Halli lentoasema,-11.3,0.2,9.0
2021-12-03,Juupajoki Hyytiälä,-10.9,0.7,9.0
2021-12-03,Sysmä Joutsjärvi,,0.7,7.0
2021-12-03,Jyväskylä Muuratjärvi,,0.7,15.0
2021-12-03,Luhanka Judinsalo,-8.8,,
2021-12-03,Multia Pirttiperä,,0.8,15.0
2021-12-03,Joutsa Savenaho,-10.8,1.0,11.0
2021-12-03,Kangasniemi kirkonkylä,,1.4,22.0
2021-12-03,Joutsa Pärnämäki,,1.2,20.0
2021-12-03,Mikkeli Pitkähiekka,,0.9,21.0
2021-12-03,Juva Partala,-9.9,,
2021-12-03,Varkaus Kosulanniemi,-8.9,0.5,26.0
2021-12-03,Savonlinna Laukansaari,,0.5,20.0
2021-12-03,Sulkava Halttula,,0.8,33.0
2021-12-03,Savonlinna lentoasema,-9.0,,
2021-12-03,Rantasalmi Rukkasluoto,-7.4,,
2021-12-03,Savonlinna Punkaharju Laukansaari,-9.0,0.1,21.0
2021-12-03,Enonkoski Simanala,,2.5,19.0
2021-12-03,Savonlinna Savonranta,,1.2,25.0
2021-12-03,Rääkkylä kirkonkylä,,0.3,29.0
2021-12-03,Tohmajärvi Kemie,-9.1,0.4,27.0
2021-12-03,Joensuu Huhtilampi,,0.5,32.0
2021-12-03,Vaasa lentoasema,-11.3,,
2021-12-03,Mustasaari Valassaaret,-4.2,,
2021-12-03,Närpiö Ylimarkku,,-1.0,12.0
2021-12-03,Mustasaari Riimala,,0.4,17.0
2021-12-03,Kurikka Pyörni,,0.2,15.0
2021-12-03,Korsnäs Bredskäret,-9.6,,
2021-12-03,Maalahti Strömmingsbådan,-5.7,,
2021-12-03,Vaasa Klemettilä,-10.5,0.2,15.0
2021-12-03,Seinäjoki Pelmaa,-11.8,0.6,13.0
2021-12-03,Kauhava lentokenttä,-10.5,-1.0,14.0
2021-12-03,Ähtäri Inha,-10.3,0.1,17.0
2021-12-03,Halsua Purola,-9.9,0.2,24.0
2021-12-03,Alajärvi Möksy,-10.0,-1.0,16.0
2021-12-03,Multia Karhila,-10.3,0.2,14.0
2021-12-03,Viitasaari Haapaniemi,-9.4,0.2,21.0
2021-12-03,Äänekoski Kalaniemi,,0.4,28.0
2021-12-03,Vesanto kirkonkylä,-9.3,0.3,29.0
2021-12-03,Pielavesi Venetmäki,,0.3,38.0
2021-12-03,Siilinjärvi Kuopio lentoasema,-8.4,,
2021-12-03,Kuopio Maaninka,-8.8,0.2,28.0
2021-12-03,Lapinlahti Lamminkäyrä,,0.1,37.0
2021-12-03,Suonenjoki Iisvesi,,0.4,22.0
2021-12-03,Kuopio Karttula,,0.3,35.0
2021-12-03,Kuopio Ritoniemi,-7.7,,
2021-12-03,Kuopio Savilahti,-8.5,-1.0,27.0
2021-12-03,Heinävesi Palokki,,0.4,25.0
2021-12-03,Outokumpu Viuruniemi,,1.1,25.0
2021-12-03,Rautavaara Ala-Luosta,,-1.0,23.0
2021-12-03,Rautavaara Ylä-Luosta,-8.1,0.4,32.0
2021-12-03,Liperi Joensuu lentoasema,-7.8,,
2021-12-03,Juuka Niemelä,-8.1,-1.0,30.0
2021-12-03,Joensuu Pyhäselkä,,0.3,36.0
2021-12-03,Lieksa Koli,,0.0,29.0
2021-12-03,Liperi Tuiskavanluoto,-7.5,,
2021-12-03,Joensuu Linnunlahti,-8.0,0.1,27.0
2021-12-03,Lieksa Lampela,-8.4,-1.0,23.0
2021-12-03,Ilomantsi Naarva,,0.5,27.0
2021-12-03,Ilomantsi Pötsönvaara,-8.0,-1.0,16.0
2021-12-03,Ilomantsi Mekrijärvi,-8.4,0.3,19.0
2021-12-03,Pietarsaari Kallan,-7.3,,
2021-12-03,Kokkola Tankar,-5.4,,
2021-12-03,Kruunupyy Kokkola-Pietarsaari lentoasema,-10.2,,
2021-12-03,Kaustinen Tastula,,-1.0,15.0
2021-12-03,Kalajoki Ulkokalla,-4.1,,
2021-12-03,Kokkola Santahaka,-9.2,-1.0,10.0
2021-12-03,Toholampi Oravala,,-1.0,18.0
2021-12-03,Kalajoki Pitkäsenkylä,,-1.0,15.0
2021-12-03,Kalajoki Mehtäkylä,,0.3,20.0
2021-12-03,Toholampi Laitala,-9.8,-1.0,21.0
2021-12-03,Ylivieska lentokenttä,-9.2,-1.0,19.0
2021-12-03,Ylivieska Vähäkangas,,0.2,20.0
2021-12-03,Haapavesi Mustikkamäki,-8.2,0.2,21.0
2021-12-03,Pyhäjärvi Ojakylä,-9.2,0.1,16.0
2021-12-03,Pyhäjärvi Hiidenniemi,,0.6,22.0
2021-12-03,Kiuruvesi Korpijoki,,0.0,31.0
2021-12-03,Siikalatva Kestilä,,0.4,32.0
2021-12-03,Kajaani lentoasema,-9.1,,
2021-12-03,Vieremä Kaarakkala,-8.7,0.2,46.0
2021-12-03,Kajaani Paltaniemi,,0.0,46.0
2021-12-03,Nurmes Valtimo,-7.9,-1.0,30.0
2021-12-03,Ristijärvi Mustavaara,,-1.0,27.0
2021-12-03,Sotkamo Kuolaniemi,-8.1,0.1,30.0
2021-12-03,Nurmes Mujejärvi,,0.1,34.0
2021-12-03,Kuhmo Apaja,,0.3,36.0
2021-12-03,Kuhmo Kalliojoki,-9.6,-1.0,29.0
2021-12-03,Raahe Nahkiainen,-5.3,,
2021-12-03,Hailuoto Keskikylä,-7.9,-1.0,13.0
2021-12-03,Kemi I majakka,-4.4,,
2021-12-03,Hailuoto Marjaniemi,-7.3,,
2021-12-03,Raahe Lapaluoto satama,-8.2,,
2021-12-03,Oulu lentoasema,-8.0,,
2021-12-03,Siikajoki Ruukki,-8.5,-1.0,15.0
2021-12-03,Oulu Vihreäsaari satama,-7.6,,
2021-12-03,Oulu Oulunsalo Pellonpää,-8.7,-1.0,15.0
2021-12-03,Vaala Pelso,-8.4,-1.0,28.0
2021-12-03,Pudasjärvi lentokenttä,-9.0,-1.0,33.0
2021-12-03,Utajärvi Särkijärvi,,0.0,26.0
2021-12-03,Pudasjärvi Jaurakkajärvi,,0.0,35.0
2021-12-03,Suomussalmi Näljänkä,,0.4,44.0
2021-12-03,Suomussalmi Pesiö,-8.3,0.4,37.0
2021-12-03,Puolanka Kotila,,-1.0,41.0
2021-12-03,Puolanka Paljakka,-9.4,-1.0,43.0
2021-12-03,Kemi Kemi-Tornio lentoasema,-8.1,,
2021-12-03,Kemi Ajos,-8.5,,
2021-12-03,Tornio Kaakkuri,-8.0,-1.0,19.0
2021-12-03,Ranua lentokenttä,-9.1,-1.0,20.0
2021-12-03,Pudasjärvi Sarakylä,,-1.0,15.0
2021-12-03,Posio Raistakka,,0.2,28.0
2021-12-03,Taivalkoski Inkee,,0.3,31.0
2021-12-03,Taivalkoski kirkonkylä,-9.3,-1.0,29.0
2021-12-03,Kuusamo lentoasema,-8.8,-1.0,35.0
2021-12-03,Kuusamo Kiutaköngäs,-12.3,0.2,24.0
2021-12-03,Kuusamo Rukatunturi,-10.4,,
2021-12-03,Kuusamo Teeriranta,,-1.0,41.0
2021-12-03,Kuusamo Juuma,-10.1,,
2021-12-03,Ylitornio Meltosjärvi,-10.7,-1.0,18.0
2021-12-03,Kolari Kattilamaa,,0.2,30.0
2021-12-03,Pello kirkonkylä,-10.7,-1.0,18.0
2021-12-03,Rovaniemi rautatieasema,-8.5,,
2021-12-03,Sodankylä Tähtelä,-17.7,-1.0,30.0
2021-12-03,Rovaniemi Apukka,-9.2,-1.0,18.0
2021-12-03,Pelkosenniemi kirkonkylä,,-1.0,24.0
2021-12-03,Kemijärvi lentokenttä,-10.7,-1.0,19.0
2021-12-03,Savukoski kirkonkylä,-14.5,-1.0,25.0
2021-12-03,Salla Kelloselkä,,0.0,35.0
2021-12-03,Pelkosenniemi Pyhätunturi,-11.0,,
2021-12-03,Salla kirkonkylä,-16.6,-1.0,28.0
2021-12-03,Salla Naruska,-18.2,-1.0,33.0
2021-12-03,Enontekiö Kaaresuvanto,,0.2,45.0
2021-12-03,Enontekiö lentoasema,-11.3,,
2021-12-03,Kittilä Pulju,,-1.0,24.0
2021-12-03,Muonio Laukukero,-11.1,,
2021-12-03,Muonio Sammaltunturi,-11.1,,
2021-12-03,Kittilä Matorova,-10.6,,
2021-12-03,Kittilä lentoasema,-11.5,,
2021-12-03,Kittilä Kenttärova,-10.5,-1.0,61.0
2021-12-03,Kittilä Pakatti,-10.7,-1.0,23.0
2021-12-03,Kittilä Pokka,-10.4,-1.0,51.0
2021-12-03,Sodankylä Lokka,-14.5,-1.0,24.0
2021-12-03,Sodankylä Vuotso,-14.6,-1.0,26.0
2021-12-03,Inari Saariselkä matkailukeskus,-10.3,0.1,43.0
2021-12-03,Inari Saariselkä Kaunispää,-10.8,,
2021-12-03,Inari Raja-Jooseppi Kontiojärvi,,-1.0,19.0
2021-12-03,Inari Raja-Jooseppi,-10.2,,
2021-12-03,Salla Värriötunturi,-12.0,-1.0,44.0
2021-12-03,Enontekiö Kilpisjärvi kyläkeskus,-10.6,-1.0,37.0
2021-12-03,Enontekiö Kilpisjärvi Saana,-12.6,,
2021-12-03,Enontekiö Näkkälä,-11.4,-1.0,46.0
2021-12-03,Inari Angeli Lintupuoliselkä,-10.8,-1.0,26.0
2021-12-03,Inari Ivalo lentoasema,-9.5,,
2021-12-03,Utsjoki Kevo,-20.9,-1.0,26.0
2021-12-03,Utsjoki Nuorgam,-18.7,-1.0,22.0
2021-12-03,Inari Väylä,-11.6,,
2021-12-03,Inari kirkonkylä,,0.2,17.0
2021-12-03,Inari Kaamanen,-10.7,-1.0,17.0
2021-12-03,Inari Nellim,-12.8,-1.0,13.0
2021-12-03,Inari Kirakkajärvi,-13.6,0.2,33.0
2021-12-03,Mäntsälä Hirvihaara,-10.7,0.9,2.0
2021-12-03,Lahti Sopenkorpi,-10.3,0.3,6.0
2021-12-03,Siuntio Sjundby,,0.2,0.0
2021-12-03,Sipoo Itätoukki,-7.1,,
2021-12-03,Rauma Pyynpää,-8.9,-1.0,2.0
2021-12-03,Muonio Oustajärvi,-12.0,-1.0,32.0
2021-12-03,Pyhtää lentokenttä,-10.4,-1.0,4.0
2021-12-03,Sotkamo Tuhkakylä,-8.9,0.2,42.0
2021-12-03,Tervola Loue,-8.1,,
2021-12-03,Kajaani Petäisenniska,-8.7,-1.0,32.0
2021-12-03,Utsjoki Kevo Kevojärvi,-23.1,,
2021-12-03,Inari Seitalaassa,-10.0,,
2021-12-03,Ilmajoki Seinäjoki lentoasema,-12.0,,
2021-12-03,Rovaniemi lentoasema AWOS,-9.4,-1.0,13.0
2021-12-03,Jyväskylä lentoasema AWOS,-10.0,-1.0,12.0
2021-12-03,Puumala kirkonkylä,-9.5,0.1,17.0
2021-12-03,Helsinki Vuosaari satama,-9.0,,
2021-12-03,Maarianhamina Länsisatama,-5.1,,
2021-12-03,Lumparland Långnäs satama,-3.9,-1.0,-1.0
2021-12-03,Tampere Tampella,-8.8,,
2021-12-03,Kittilä Lompolonvuoma,-9.8,-1.0,
2021-12-03,Kuusamo Ruka Talvijärvi,-9.3,,
2021-12-03,Espoo Nuuksio,-9.8,0.2,4.0
2021-12-03,Mikkeli Lentoasema AWOS,-10.5,-1.0,21.0
2021-12-03,Espoo Tapiola,-9.2,-1.0,2.0
2021-12-04,Porvoo Kilpilahti satama,-7.9,,
2021-12-04,Jomala Maarianhamina lentoasema,-5.4,,
2021-12-04,Parainen Utö,-3.9,-1.0,1.0
2021-12-04,Lemland Nyhamn,-3.2,,
2021-12-04,Jomala Jomalaby,-6.1,-1.0,-1.0
2021-12-04,Hammarland Märket,-2.8,,
2021-12-04,Kökar Bogskär,-1.9,,
2021-12-04,Parainen Fagerholm,-6.3,-1.0,
2021-12-04,Kumlinge kirkonkylä,-6.1,,
2021-12-04,Hanko Russarö,-5.9,-1.0,
2021-12-04,Kaarina Yltöinen,-8.8,-1.0,-1.0
2021-12-04,Kemiönsaari Vänö,-6.0,,
2021-12-04,Hanko Tulliniemi,-6.3,,
2021-12-04,Turku Rajakari,-7.1,,
2021-12-04,Turku Artukainen,-8.7,-1.0,2.0
2021-12-04,Kemiönsaari Kemiö,-8.8,-1.0,-1.0
2021-12-04,Hanko Tvärminne,-6.5,-1.0,-1.0
2021-12-04,Salo Kärkkä,-8.6,-1.0,
2021-12-04,Lohja Leppäkorpi,,0.1,1.0
2021-12-04,Raasepori Jussarö,-6.3,,
2021-12-04,Salo Kiikala lentokenttä,-9.7,-1.0,4.0
2021-12-04,Vantaa Helsinki-Vantaan lentoasema,-9.1,0.1,2.0
2021-12-04,Inkoo Bågaskär,-6.4,,
2021-12-04,Helsinki Kaisaniemi,-7.8,-1.0,-1.0
2021-12-04,Lohja Porla,-8.4,-1.0,2.0
2021-12-04,Vihti Maasoja,-9.2,,
2021-12-04,Helsinki Harmaja,-6.7,,
2021-12-04,Kirkkonummi Mäkiluoto,-6.3,,
2021-12-04,Helsinki Helsingin majakka,-5.4,,
2021-12-04,Helsinki Kumpula,-8.3,-1.0,1.0
2021-12-04,Helsinki Malmi lentokenttä,-8.5,,
2021-12-04,Porvoo Kalbådagrund,-5.3,,
2021-12-04,Porvoo Emäsalo,-8.0,,
2021-12-04,Porvoo Harabacka,-8.9,-1.0,3.0
2021-12-04,Kotka Rankki,-7.2,-1.0,9.0
2021-12-04,Loviisa Orrengrund,-6.5,,
2021-12-04,Kotka Haapasaari,-6.9,,
2021-12-04,Pori lentoasema,-10.0,,
2021-12-04,Uusikaupunki Itätulli,,-1.0,0.0
2021-12-04,Kustavi Isokari,-6.4,-1.0,
2021-12-04,Rauma Kylmäpihlaja,-7.7,,
2021-12-04,Pori rautatieasema,-9.7,-1.0,-1.0
2021-12-04,Turku lentoasema,-9.1,,
2021-12-04,Kokemäki Rausenkulma,,-1.0,0.0
2021-12-04,Huittinen Sallila,,-1.0,1.0
2021-12-04,Oripää Teinikivi,,-1.0,1.0
2021-12-04,Pöytyä Yläne,,-1.0,0.0
2021-12-04,Kokemäki Tulkkila,-9.9,-1.0,2.0
2021-12-04,Jokioinen Ilmala,-9.9,-1.0,-1.0
2021-12-04,Nokia Tottijärvi,,0.2,2.0
2021-12-04,Pirkkala Tampere-Pirkkala lentoasema,-11.3,,
2021-12-04,Tampere Härmälä,-11.0,-1.0,3.0
2021-12-04,Somero Salkola,-10.1,-1.0,6.0
2021-12-04,Hyvinkää Hyvinkäänkylä,-9.6,-1.0,7.0
2021-12-04,Vihti Hiiskula,,0.0,2.0
2021-12-04,Hämeenlinna Pirttikoski,,-1.0,-1.0
2021-12-04,Nurmijärvi Röykkä,-9.8,-1.0,2.0
2021-12-04,Hämeenlinna Katinen,-10.4,-1.0,
2021-12-04,Hattula Lepaa,-10.6,0.1,5.0
2021-12-04,Hämeenlinna Lammi Pappila,-11.2,-1.0,8.0
2021-12-04,Asikkala Pulkkilanharju,-10.5,,
2021-12-04,Kouvola Utti lentoasema,-11.4,-1.0,7.0
2021-12-04,Kouvola Anjala,-9.7,-1.0,6.0
2021-12-04,Heinola Asemantaus,-12.0,-1.0,
2021-12-04,Kouvola Voikoski,,-1.0,15.0
2021-12-04,Virolahti Koivuniemi,-9.6,0.0,6.0
2021-12-04,Lappeenranta lentoasema,-11.2,,
2021-12-04,Lappeenranta Konnunsuo,-11.3,,
2021-12-04,Lappeenranta Lepola,-11.0,-1.0,14.0
2021-12-04,Ruokolahti Kotaniemi,,-1.0,23.0
2021-12-04,Lappeenranta Hiekkapakka,-10.5,,
2021-12-04,Parikkala Koitsanlahti,-14.5,-1.0,27.0
2021-12-04,Kaskinen Sälgrund,-11.0,-1.0,
2021-12-04,Merikarvia Tuorila,,-1.0,1.0
2021-12-04,Isojoki Kärjenkoski,,-1.0,2.0
2021-12-04,Teuva Kauppilankylä,,-1.0,8.0
2021-12-04,Pori Tahkoluoto satama,-9.4,,
2021-12-04,Kristiinankaupunki Majakka,-9.9,,
2021-12-04,Karvia Alkkia,-13.8,-1.0,11.0
2021-12-04,Kurikka Hirvijärvi,,-1.0,3.0
2021-12-04,Kauhajoki Kuja-Kokko,-14.2,-1.0,8.0
2021-12-04,Kankaanpää Niinisalo lentokenttä,-11.9,-1.0,8.0
2021-12-04,Alavus Sulkavankylä,,-1.0,6.0
2021-12-04,Virrat Äijänneva,-12.9,,
2021-12-04,Tampere Siilinkari,-10.2,,
2021-12-04,Jämsä Halli lentoasema,-13.2,-1.0,10.0
2021-12-04,Juupajoki Hyytiälä,-13.2,-1.0,10.0
2021-12-04,Sysmä Joutsjärvi,,-1.0,9.0
2021-12-04,Jyväskylä Muuratjärvi,,-1.0,16.0
2021-12-04,Luhanka Judinsalo,-11.6,,
2021-12-04,Multia Pirttiperä,,-1.0,16.0
2021-12-04,Joutsa Savenaho,-14.2,-1.0,14.0
2021-12-04,Kangasniemi kirkonkylä,,-1.0,23.0
2021-12-04,Joutsa Pärnämäki,,-1.0,20.0
2021-12-04,Mikkeli Pitkähiekka,,-1.0,20.0
2021-12-04,Juva Partala,-14.2,,
2021-12-04,Varkaus Kosulanniemi,-14.2,-1.0,27.0
2021-12-04,Savonlinna Laukansaari,,-1.0,21.0
2021-12-04,Sulkava Halttula,,0.0,34.0
2021-12-04,Savonlinna lentoasema,-12.7,,
2021-12-04,Rantasalmi Rukkasluoto,-11.5,,
2021-12-04,Savonlinna Punkaharju Laukansaari,-12.8,-1.0,24.0
2021-12-04,Enonkoski Simanala,,-1.0,23.0
2021-12-04,Savonlinna Savonranta,,-1.0,26.0
2021-12-04,Rääkkylä kirkonkylä,,-1.0,29.0
2021-12-04,Tohmajärvi Kemie,-14.7,-1.0,29.0
2021-12-04,Joensuu Huhtilampi,,-1.0,31.0
2021-12-04,Vaasa lentoasema,-12.7,,
2021-12-04,Mustasaari Valassaaret,-6.9,,
2021-12-04,Närpiö Ylimarkku,,-1.0,12.0
2021-12-04,Mustasaari Riimala,,-1.0,16.0
2021-12-04,Kurikka Pyörni,,-1.0,15.0
2021-12-04,Korsnäs Bredskäret,-11.5,,
2021-12-04,Maalahti Strömmingsbådan,-8.4,,
2021-12-04,Vaasa Klemettilä,-12.5,-1.0,15.0
2021-12-04,Seinäjoki Pelmaa,-13.4,-1.0,14.0
2021-12-04,Kauhava lentokenttä,-14.7,-1.0,13.0
2021-12-04,Ähtäri Inha,-14.2,-1.0,16.0
2021-12-04,Halsua Purola,-14.7,-1.0,24.0
2021-12-04,Alajärvi Möksy,-14.4,-1.0,17.0
2021-12-04,Multia Karhila,-14.8,-1.0,15.0
2021-12-04,Viitasaari Haapaniemi,-14.9,-1.0,22.0
2021-12-04,Äänekoski Kalaniemi,,-1.0,27.0
2021-12-04,Vesanto kirkonkylä,-15.3,-1.0,26.0
2021-12-04,Pielavesi Venetmäki,,-1.0,36.0
2021-12-04,Siilinjärvi Kuopio lentoasema,-14.2,,
2021-12-04,Kuopio Maaninka,-16.0,-1.0,29.0
2021-12-04,Lapinlahti Lamminkäyrä,,-1.0,37.0
2021-12-04,Suonenjoki Iisvesi,,2.0,22.0
2021-12-04,Kuopio Karttula,,0.2,32.0
2021-12-04,Kuopio Ritoniemi,-13.6,,
2021-12-04,Kuopio Savilahti,-13.3,-1.0,27.0
2021-12-04,Heinävesi Palokki,,-1.0,24.0
2021-12-04,Outokumpu Viuruniemi,,-1.0,26.0
2021-12-04,Rautavaara Ala-Luosta,,-1.0,23.0
2021-12-04,Rautavaara Ylä-Luosta,-15.1,-1.0,32.0
2021-12-04,Liperi Joensuu lentoasema,-13.0,,
2021-12-04,Juuka Niemelä,-15.5,-1.0,29.0
2021-12-04,Joensuu Pyhäselkä,,-1.0,36.0
2021-12-04,Lieksa Koli,,-1.0,28.0
2021-12-04,Liperi Tuiskavanluoto,-13.4,,
2021-12-04,Joensuu Linnunlahti,-14.0,-1.0,26.0
2021-12-04,Lieksa Lampela,-15.1,-1.0,23.0
2021-12-04,Ilomantsi Naarva,,-1.0,28.0
2021-12-04,Ilomantsi Pötsönvaara,-14.7,-1.0,17.0
2021-12-04,Ilomantsi Mekrijärvi,-14.9,-1.0,24.0
2021-12-04,Pietarsaari Kallan,-10.3,,
2021-12-04,Kokkola Tankar,-8.1,,
2021-12-04,Kruunupyy Kokkola-Pietarsaari lentoasema,-13.2,,
2021-12-04,Kaustinen Tastula,,-1.0,15.0
2021-12-04,Kalajoki Ulkokalla,-6.5,,
2021-12-04,Kokkola Santahaka,-12.7,-1.0,10.0
2021-12-04,Toholampi Oravala,,-1.0,18.0
2021-12-04,Kalajoki Pitkäsenkylä,,-1.0,15.0
2021-12-04,Kalajoki Mehtäkylä,,-1.0,20.0
2021-12-04,Toholampi Laitala,-14.2,-1.0,20.0
2021-12-04,Ylivieska lentokenttä,-18.7,-1.0,17.0
2021-12-04,Ylivieska Vähäkangas,,-1.0,20.0
2021-12-04,Haapavesi Mustikkamäki,-13.5,-1.0,22.0
2021-12-04,Pyhäjärvi Ojakylä,-16.9,-1.0,17.0
2021-12-04,Pyhäjärvi Hiidenniemi,,-1.0,22.0
2021-12-04,Kiuruvesi Korpijoki,,-1.0,31.0
2021-12-04,Siikalatva Kestilä,,-1.0,32.0
2021-12-04,Kajaani lentoasema,-16.6,,
2021-12-04,Vieremä Kaarakkala,-14.8,0.0,44.0
2021-12-04,Kajaani Paltaniemi,,-1.0,46.0
2021-12-04,Nurmes Valtimo,-16.9,-1.0,28.0
2021-12-04,Ristijärvi Mustavaara,,-1.0,26.0
2021-12-04,Sotkamo Kuolaniemi,-15.9,-1.0,28.0
2021-12-04,Nurmes Mujejärvi,,-1.0,34.0
2021-12-04,Kuhmo Apaja,,-1.0,35.0
2021-12-04,Kuhmo Kalliojoki,-18.6,-1.0,23.0
2021-12-04,Raahe Nahkiainen,-7.5,,
2021-12-04,Hailuoto Keskikylä,-13.2,-1.0,12.0
2021-12-04,Kemi I majakka,-7.2,,
2021-12-04,Hailuoto Marjaniemi,-11.5,,
2021-12-04,Raahe Lapaluoto satama,-13.1,,
2021-12-04,Oulu lentoasema,-13.1,,
2021-12-04,Siikajoki Ruukki,-15.1,-1.0,14.0
2021-12-04,Oulu Vihreäsaari satama,-12.0,,
2021-12-04,Oulu Oulunsalo Pellonpää,-14.8,-1.0,14.0
2021-12-04,Vaala Pelso,-16.3,-1.0,25.0
2021-12-04,Pudasjärvi lentokenttä,-16.4,-1.0,31.0
2021-12-04,Utajärvi Särkijärvi,,0.0,26.0
2021-12-04,Pudasjärvi Jaurakkajärvi,,-1.0,33.0
2021-12-04,Suomussalmi Näljänkä,,0.3,43.0
2021-12-04,Suomussalmi Pesiö,-12.7,0.2,35.0
2021-12-04,Puolanka Kotila,,0.3,40.0
2021-12-04,Puolanka Paljakka,-12.7,0.1,39.0
2021-12-04,Kemi Kemi-Tornio lentoasema,-14.4,,
2021-12-04,Kemi Ajos,-13.4,,
2021-12-04,Tornio Kaakkuri,-14.0,-1.0,17.0
2021-12-04,Ranua lentokenttä,-16.5,-1.0,19.0
2021-12-04,Pudasjärvi Sarakylä,,-1.0,15.0
2021-12-04,Posio Raistakka,,0.0,25.0
2021-12-04,Taivalkoski Inkee,,0.0,31.0
2021-12-04,Taivalkoski kirkonkylä,-14.8,-1.0,26.0
2021-12-04,Kuusamo lentoasema,-14.3,-1.0,31.0
2021-12-04,Kuusamo Kiutaköngäs,-22.0,-1.0,24.0
2021-12-04,Kuusamo Rukatunturi,-13.8,,
2021-12-04,Kuusamo Teeriranta,,-1.0,41.0
2021-12-04,Kuusamo Juuma,-14.8,,
2021-12-04,Ylitornio Meltosjärvi,-18.2,-1.0,17.0
2021-12-04,Kolari Kattilamaa,,0.1,30.0
2021-12-04,Pello kirkonkylä,-17.1,-1.0,17.0
2021-12-04,Rovaniemi rautatieasema,-16.9,,
2021-12-04,Sodankylä Tähtelä,-29.2,-1.0,29.0
2021-12-04,Rovaniemi Apukka,-21.8,-1.0,17.0
2021-12-04,Pelkosenniemi kirkonkylä,,-1.0,25.0
2021-12-04,Kemijärvi lentokenttä,-24.1,-1.0,18.0
2021-12-04,Savukoski kirkonkylä,-23.7,-1.0,24.0
2021-12-04,Salla Kelloselkä,,-1.0,35.0
2021-12-04,Pelkosenniemi Pyhätunturi,-13.7,,
2021-12-04,Salla kirkonkylä,-30.4,-1.0,27.0
2021-12-04,Salla Naruska,-27.4,-1.0,32.0
2021-12-04,Enontekiö Kaaresuvanto,,-1.0,45.0
2021-12-04,Enontekiö lentoasema,-21.6,,
2021-12-04,Kittilä Pulju,,-1.0,24.0
2021-12-04,Muonio Laukukero,-14.1,,
2021-12-04,Muonio Sammaltunturi,-14.6,,
2021-12-04,Kittilä Matorova,-18.6,,
2021-12-04,Kittilä lentoasema,-28.9,,
2021-12-04,Kittilä Kenttärova,-19.7,-1.0,61.0
2021-12-04,Kittilä Pakatti,-26.4,-1.0,23.0
2021-12-04,Kittilä Pokka,-27.7,-1.0,51.0
2021-12-04,Sodankylä Lokka,-28.2,-1.0,23.0
2021-12-04,Sodankylä Vuotso,-29.9,-1.0,25.0
2021-12-04,Inari Saariselkä matkailukeskus,-23.9,-1.0,42.0
2021-12-04,Inari Saariselkä Kaunispää,-14.0,,
2021-12-04,Inari Raja-Jooseppi Kontiojärvi,,-1.0,19.0
2021-12-04,Inari Raja-Jooseppi,-20.6,,
2021-12-04,Salla Värriötunturi,-16.3,-1.0,44.0
2021-12-04,Enontekiö Kilpisjärvi kyläkeskus,-17.8,-1.0,37.0
2021-12-04,Enontekiö Kilpisjärvi Saana,-15.4,,
2021-12-04,Enontekiö Näkkälä,-24.3,-1.0,44.0
2021-12-04,Inari Angeli Lintupuoliselkä,-22.4,-1.0,25.0
2021-12-04,Inari Ivalo lentoasema,-23.0,,
2021-12-04,Utsjoki Kevo,-27.0,-1.0,24.0
2021-12-04,Utsjoki Nuorgam,-24.9,-1.0,22.0
2021-12-04,Inari Väylä,-20.4,,
2021-12-04,Inari kirkonkylä,,-1.0,17.0
2021-12-04,Inari Kaamanen,-23.3,-1.0,17.0
2021-12-04,Inari Nellim,-26.2,-1.0,14.0
2021-12-04,Inari Kirakkajärvi,-26.8,-1.0,28.0
2021-12-04,Mäntsälä Hirvihaara,-9.9,-1.0,4.0
2021-12-04,Lahti Sopenkorpi,-10.8,-1.0,8.0
2021-12-04,Siuntio Sjundby,,-1.0,1.0
2021-12-04,Sipoo Itätoukki,-6.1,,
2021-12-04,Rauma Pyynpää,-9.3,-1.0,2.0
2021-12-04,Muonio Oustajärvi,-26.9,-1.0,31.0
2021-12-04,Pyhtää lentokenttä,-9.2,-1.0,4.0
2021-12-04,Sotkamo Tuhkakylä,-15.5,-1.0,36.0
2021-12-04,Tervola Loue,-16.8,,
2021-12-04,Kajaani Petäisenniska,-13.9,-1.0,28.0
2021-12-04,Utsjoki Kevo Kevojärvi,-26.9,,
2021-12-04,Inari Seitalaassa,-17.3,,
2021-12-04,Ilmajoki Seinäjoki lentoasema,-14.7,,
2021-12-04,Rovaniemi lentoasema AWOS,-15.6,-1.0,12.0
2021-12-04,Jyväskylä lentoasema AWOS,-14.2,-1.0,13.0
2021-12-04,Puumala kirkonkylä,-11.6,-1.0,19.0
2021-12-04,Helsinki Vuosaari satama,-7.3,,
2021-12-04,Maarianhamina Länsisatama,-4.6,,
2021-12-04,Lumparland Långnäs satama,-4.1,-1.0,-1.0
2021-12-04,Tampere Tampella,-10.4,,
2021-12-04,Kittilä Lompolonvuoma,-23.8,-1.0,
2021-12-04,Kuusamo Ruka Talvijärvi,-15.0,,
2021-12-04,Espoo Nuuksio,-9.4,-1.0,3.0
2021-12-04,Mikkeli Lentoasema AWOS,-13.5,-1.0,18.0
2021-12-04,Espoo Tapiola,-8.2,-1.0,2.0
2021-12-05,Porvoo Kilpilahti satama,-14.3,,
2021-12-05,Jomala Maarianhamina lentoasema,-9.1,,
2021-12-05,Parainen Utö,-7.7,0.0,1.0
2021-12-05,Lemland Nyhamn,-7.6,,
2021-12-05,Jomala Jomalaby,-9.2,-1.0,-1.0
2021-12-05,Hammarland Märket,-6.2,,
2021-12-05,Kökar Bogskär,-5.1,,
2021-12-05,Parainen Fagerholm,-11.7,-1.0,
2021-12-05,Kumlinge kirkonkylä,-10.7,,
2021-12-05,Hanko Russarö,-10.8,-1.0,
2021-12-05,Kaarina Yltöinen,-15.3,-1.0,-1.0
2021-12-05,Kemiönsaari Vänö,-10.9,,
2021-12-05,Hanko Tulliniemi,-11.9,,
2021-12-05,Turku Rajakari,-13.2,,
2021-12-05,Turku Artukainen,-15.1,-1.0,3.0
2021-12-05,Kemiönsaari Kemiö,-14.8,-1.0,-1.0
2021-12-05,Hanko Tvärminne,-12.2,-1.0,-1.0
2021-12-05,Salo Kärkkä,-15.2,-1.0,
2021-12-05,Lohja Leppäkorpi,,0.0,-1.0
2021-12-05,Raasepori Jussarö,-11.7,,
2021-12-05,Salo Kiikala lentokenttä,-17.0,-1.0,4.0
2021-12-05,Vantaa Helsinki-Vantaan lentoasema,-16.0,0.1,2.0
2021-12-05,Inkoo Bågaskär,-11.9,,
2021-12-05,Helsinki Kaisaniemi,-14.3,-1.0,-1.0
2021-12-05,Lohja Porla,-15.1,-1.0,3.0
2021-12-05,Vihti Maasoja,-16.2,,
2021-12-05,Helsinki Harmaja,-11.9,,
2021-12-05,Kirkkonummi Mäkiluoto,-11.9,,
2021-12-05,Helsinki Helsingin majakka,-9.4,,
2021-12-05,Helsinki Kumpula,-15.0,-1.0,1.0
2021-12-05,Helsinki Malmi lentokenttä,-15.5,,
2021-12-05,Porvoo Kalbådagrund,-9.0,,
2021-12-05,Porvoo Emäsalo,-13.9,,
2021-12-05,Porvoo Harabacka,-16.3,-1.0,4.0
2021-12-05,Kotka Rankki,-11.2,0.3,9.0
2021-12-05,Loviisa Orrengrund,-10.5,,
2021-12-05,Kotka Haapasaari,-10.4,,
2021-12-05,Pori lentoasema,-16.9,,
2021-12-05,Uusikaupunki Itätulli,,-1.0,0.0
2021-12-05,Kustavi Isokari,-12.2,-1.0,
2021-12-05,Rauma Kylmäpihlaja,-13.6,,
2021-12-05,Pori rautatieasema,-16.5,-1.0,2.0
2021-12-05,Turku lentoasema,-15.7,,
2021-12-05,Kokemäki Rausenkulma,,-1.0,0.0
2021-12-05,Huittinen Sallila,,-1.0,1.0
2021-12-05,Oripää Teinikivi,,-1.0,1.0
2021-12-05,Pöytyä Yläne,,-1.0,0.0
2021-12-05,Kokemäki Tulkkila,-16.8,-1.0,2.0
2021-12-05,Jokioinen Ilmala,-17.2,-1.0,3.0
2021-12-05,Nokia Tottijärvi,,0.1,2.0
2021-12-05,Pirkkala Tampere-Pirkkala lentoasema,-17.8,,
2021-12-05,Tampere Härmälä,-18.5,-1.0,4.0
2021-12-05,Somero Salkola,-17.3,-1.0,6.0
2021-12-05,Hyvinkää Hyvinkäänkylä,-16.7,-1.0,7.0
2021-12-05,Vihti Hiiskula,,-1.0,2.0
2021-12-05,Hämeenlinna Pirttikoski,,0.6,-1.0
2021-12-05,Nurmijärvi Röykkä,-17.1,-1.0,2.0
2021-12-05,Hämeenlinna Katinen,-17.2,-1.0,
2021-12-05,Hattula Lepaa,-17.5,-1.0,5.0
2021-12-05,Hämeenlinna Lammi Pappila,-17.9,-1.0,9.0
2021-12-05,Asikkala Pulkkilanharju,-16.1,,
2021-12-05,Kouvola Utti lentoasema,-17.7,-1.0,7.0
2021-12-05,Kouvola Anjala,-15.7,-1.0,6.0
2021-12-05,Heinola Asemantaus,-18.4,0.1,
2021-12-05,Kouvola Voikoski,,0.0,15.0
2021-12-05,Virolahti Koivuniemi,-15.3,0.2,6.0
2021-12-05,Lappeenranta lentoasema,-15.5,,
2021-12-05,Lappeenranta Konnunsuo,-16.2,,
2021-12-05,Lappeenranta Lepola,-15.2,-1.0,15.0
2021-12-05,Ruokolahti Kotaniemi,,0.5,22.0
2021-12-05,Lappeenranta Hiekkapakka,-14.8,,
2021-12-05,Parikkala Koitsanlahti,-18.7,1.4,26.0
2021-12-05,Kaskinen Sälgrund,-16.1,-1.0,
2021-12-05,Merikarvia Tuorila,,-1.0,1.0
2021-12-05,Isojoki Kärjenkoski,,-1.0,2.0
2021-12-05,Teuva Kauppilankylä,,-1.0,8.0
2021-12-05,Pori Tahkoluoto satama,-16.0,,
2021-12-05,Kristiinankaupunki Majakka,-15.0,,
2021-12-05,Karvia Alkkia,-21.8,-1.0,11.0
2021-12-05,Kurikka Hirvijärvi,,-1.0,3.0
2021-12-05,Kauhajoki Kuja-Kokko,-22.5,-1.0,9.0
2021-12-05,Kankaanpää Niinisalo lentokenttä,-19.1,-1.0,8.0
2021-12-05,Alavus Sulkavankylä,,0.0,6.0
2021-12-05,Virrat Äijänneva,-19.8,,
2021-12-05,Tampere Siilinkari,-15.7,,
2021-12-05,Jämsä Halli lentoasema,-20.0,-1.0,10.0
2021-12-05,Juupajoki Hyytiälä,-20.2,0.0,10.0
2021-12-05,Sysmä Joutsjärvi,,0.0,9.0
2021-12-05,Jyväskylä Muuratjärvi,,-1.0,16.0
2021-12-05,Luhanka Judinsalo,-16.8,,
2021-12-05,Multia Pirttiperä,,-1.0,16.0
2021-12-05,Joutsa Savenaho,-19.7,-1.0,14.0
2021-12-05,Kangasniemi kirkonkylä,,-1.0,20.0
2021-12-05,Joutsa Pärnämäki,,0.0,20.0
2021-12-05,Mikkeli Pitkähiekka,,-1.0,20.0
2021-12-05,Juva Partala,-21.4,,
2021-12-05,Varkaus Kosulanniemi,-18.5,-1.0,25.0
2021-12-05,Savonlinna Laukansaari,,0.5,21.0
2021-12-05,Sulkava Halttula,,0.0,34.0
2021-12-05,Savonlinna lentoasema,-17.4,,
2021-12-05,Rantasalmi Rukkasluoto,-14.7,,
2021-12-05,Savonlinna Punkaharju Laukansaari,-17.7,0.3,22.0
2021-12-05,Enonkoski Simanala,,0.2,23.0
2021-12-05,Savonlinna Savonranta,,-1.0,26.0
2021-12-05,Rääkkylä kirkonkylä,,-1.0,29.0
2021-12-05,Tohmajärvi Kemie,-21.7,-1.0,27.0
2021-12-05,Joensuu Huhtilampi,,-1.0,31.0
2021-12-05,Vaasa lentoasema,-20.6,,
2021-12-05,Mustasaari Valassaaret,-9.7,,
2021-12-05,Närpiö Ylimarkku,,-1.0,12.0
2021-12-05,Mustasaari Riimala,,-1.0,16.0
2021-12-05,Kurikka Pyörni,,-1.0,15.0
2021-12-05,Korsnäs Bredskäret,-16.1,,
2021-12-05,Maalahti Strömmingsbådan,-12.1,,
2021-12-05,Vaasa Klemettilä,-17.5,-1.0,14.0
2021-12-05,Seinäjoki Pelmaa,-22.9,-1.0,13.0
2021-12-05,Kauhava lentokenttä,-19.9,-1.0,13.0
2021-12-05,Ähtäri Inha,-20.0,-1.0,17.0
2021-12-05,Halsua Purola,-22.0,-1.0,24.0
2021-12-05,Alajärvi Möksy,-22.9,-1.0,16.0
2021-12-05,Multia Karhila,-19.7,-1.0,14.0
2021-12-05,Viitasaari Haapaniemi,-19.4,-1.0,21.0
2021-12-05,Äänekoski Kalaniemi,,-1.0,27.0
2021-12-05,Vesanto kirkonkylä,-19.3,-1.0,25.0
2021-12-05,Pielavesi Venetmäki,,0.1,36.0
2021-12-05,Siilinjärvi Kuopio lentoasema,-17.5,,
2021-12-05,Kuopio Maaninka,-20.4,-1.0,29.0
2021-12-05,Lapinlahti Lamminkäyrä,,-1.0,37.0
2021-12-05,Suonenjoki Iisvesi,,0.2,21.0
2021-12-05,Kuopio Karttula,,-1.0,30.0
2021-12-05,Kuopio Ritoniemi,-15.4,,
2021-12-05,Kuopio Savilahti,-21.0,-1.0,25.0
2021-12-05,Heinävesi Palokki,,-1.0,23.0
2021-12-05,Outokumpu Viuruniemi,,-1.0,26.0
2021-12-05,Rautavaara Ala-Luosta,,-1.0,22.0
2021-12-05,Rautavaara Ylä-Luosta,-16.4,-1.0,32.0
2021-12-05,Liperi Joensuu lentoasema,-13.1,,
2021-12-05,Juuka Niemelä,-23.7,-1.0,26.0
2021-12-05,Joensuu Pyhäselkä,,-1.0,36.0
2021-12-05,Lieksa Koli,,0.0,28.0
2021-12-05,Liperi Tuiskavanluoto,-13.7,,
2021-12-05,Joensuu Linnunlahti,-14.9,-1.0,25.0
2021-12-05,Lieksa Lampela,-19.6,-1.0,22.0
2021-12-05,Ilomantsi Naarva,,0.0,27.0
2021-12-05,Ilomantsi Pötsönvaara,-14.7,0.1,16.0
2021-12-05,Ilomantsi Mekrijärvi,-15.8,-1.0,22.0
2021-12-05,Pietarsaari Kallan,-12.9,,
2021-12-05,Kokkola Tankar,-11.2,,
2021-12-05,Kruunupyy Kokkola-Pietarsaari lentoasema,-22.0,,
2021-12-05,Kaustinen Tastula,,-1.0,15.0
2021-12-05,Kalajoki Ulkokalla,-9.1,,
2021-12-05,Kokkola Santahaka,-21.2,-1.0,9.0
2021-12-05,Toholampi Oravala,,-1.0,18.0
2021-12-05,Kalajoki Pitkäsenkylä,,-1.0,15.0
2021-12-05,Kalajoki Mehtäkylä,,-1.0,20.0
2021-12-05,Toholampi Laitala,-23.9,-1.0,19.0
2021-12-05,Ylivieska lentokenttä,-25.8,-1.0,18.0
2021-12-05,Ylivieska Vähäkangas,,0.1,20.0
2021-12-05,Haapavesi Mustikkamäki,-22.9,0.3,22.0
2021-12-05,Pyhäjärvi Ojakylä,-22.8,-1.0,20.0
2021-12-05,Pyhäjärvi Hiidenniemi,,-1.0,22.0
2021-12-05,Kiuruvesi Korpijoki,,0.0,30.0
2021-12-05,Siikalatva Kestilä,,-1.0,32.0
2021-12-05,Kajaani lentoasema,-20.9,,
2021-12-05,Vieremä Kaarakkala,-16.1,-1.0,42.0
2021-12-05,Kajaani Paltaniemi,,-1.0,46.0
2021-12-05,Nurmes Valtimo,-21.1,-1.0,27.0
2021-12-05,Ristijärvi Mustavaara,,-1.0,24.0
2021-12-05,Sotkamo Kuolaniemi,-17.4,-1.0,26.0
2021-12-05,Nurmes Mujejärvi,,-1.0,33.0
2021-12-05,Kuhmo Apaja,,-1.0,35.0
2021-12-05,Kuhmo Kalliojoki,-16.9,-1.0,27.0
2021-12-05,Raahe Nahkiainen,-10.3,,
2021-12-05,Hailuoto Keskikylä,-20.7,-1.0,12.0
2021-12-05,Kemi I majakka,-9.8,,
2021-12-05,Hailuoto Marjaniemi,-17.9,,
2021-12-05,Raahe Lapaluoto satama,-17.6,,
2021-12-05,Oulu lentoasema,-21.9,,
2021-12-05,Siikajoki Ruukki,-23.4,-1.0,14.0
2021-12-05,Oulu Vihreäsaari satama,-18.7,,
2021-12-05,Oulu Oulunsalo Pellonpää,-22.7,-1.0,14.0
2021-12-05,Vaala Pelso,-24.0,-1.0,24.0
2021-12-05,Pudasjärvi lentokenttä,-24.3,-1.0,30.0
2021-12-05,Utajärvi Särkijärvi,,-1.0,26.0
2021-12-05,Pudasjärvi Jaurakkajärvi,,-1.0,33.0
2021-12-05,Suomussalmi Näljänkä,,-1.0,43.0
2021-12-05,Suomussalmi Pesiö,-17.3,-1.0,30.0
2021-12-05,Puolanka Kotila,,-1.0,36.0
2021-12-05,Puolanka Paljakka,-15.0,-1.0,37.0
2021-12-05,Kemi Kemi-Tornio lentoasema,-25.5,,
2021-12-05,Kemi Ajos,-21.3,,
2021-12-05,Tornio Kaakkuri,-25.5,-1.0,17.0
2021-12-05,Ranua lentokenttä,-23.9,-1.0,19.0
2021-12-05,Pudasjärvi Sarakylä,,-1.0,15.0
2021-12-05,Posio Raistakka,,0.0,24.0
2021-12-05,Taivalkoski Inkee,,-1.0,30.0
2021-12-05,Taivalkoski kirkonkylä,-23.0,-1.0,25.0
2021-12-05,Kuusamo lentoasema,-23.6,-1.0,28.0
2021-12-05,Kuusamo Kiutaköngäs,-30.1,-1.0,21.0
2021-12-05,Kuusamo Rukatunturi,-13.6,,
2021-12-05,Kuusamo Teeriranta,,-1.0,41.0
2021-12-05,Kuusamo Juuma,-20.7,,
2021-12-05,Ylitornio Meltosjärvi,-29.4,-1.0,17.0
2021-12-05,Kolari Kattilamaa,,0.1,30.0
2021-12-05,Pello kirkonkylä,-25.2,-1.0,16.0
2021-12-05,Rovaniemi rautatieasema,-25.7,,
2021-12-05,Sodankylä Tähtelä,-28.9,-1.0,28.0
2021-12-05,Rovaniemi Apukka,-30.1,-1.0,18.0
2021-12-05,Pelkosenniemi kirkonkylä,,-1.0,25.0
2021-12-05,Kemijärvi lentokenttä,-31.1,-1.0,18.0
2021-12-05,Savukoski kirkonkylä,-29.3,-1.0,24.0
2021-12-05,Salla Kelloselkä,,-1.0,35.0
2021-12-05,Pelkosenniemi Pyhätunturi,-14.1,,
2021-12-05,Salla kirkonkylä,-30.8,-1.0,26.0
2021-12-05,Salla Naruska,-30.5,-1.0,32.0
2021-12-05,Enontekiö Kaaresuvanto,,-1.0,45.0
2021-12-05,Enontekiö lentoasema,-23.4,,
2021-12-05,Kittilä Pulju,,-1.0,23.0
2021-12-05,Muonio Laukukero,-16.9,,
2021-12-05,Muonio Sammaltunturi,-17.8,,
2021-12-05,Kittilä Matorova,-17.8,,
2021-12-05,Kittilä lentoasema,-29.0,,
2021-12-05,Kittilä Kenttärova,-18.7,-1.0,60.0
2021-12-05,Kittilä Pakatti,-25.3,-1.0,23.0
2021-12-05,Kittilä Pokka,-27.8,-1.0,51.0
2021-12-05,Sodankylä Lokka,-28.3,0.1,24.0
2021-12-05,Sodankylä Vuotso,-28.4,-1.0,25.0
2021-12-05,Inari Saariselkä matkailukeskus,-24.5,-1.0,41.0
2021-12-05,Inari Saariselkä Kaunispää,-19.3,,
2021-12-05,Inari Raja-Jooseppi Kontiojärvi,,-1.0,19.0
2021-12-05,Inari Raja-Jooseppi,-18.8,,
2021-12-05,Salla Värriötunturi,-16.5,0.1,44.0
2021-12-05,Enontekiö Kilpisjärvi kyläkeskus,-22.4,-1.0,37.0
2021-12-05,Enontekiö Kilpisjärvi Saana,-17.2,,
2021-12-05,Enontekiö Näkkälä,-21.4,-1.0,46.0
2021-12-05,Inari Angeli Lintupuoliselkä,-22.0,-1.0,25.0
2021-12-05,Inari Ivalo lentoasema,-22.1,,
2021-12-05,Utsjoki Kevo,-25.4,-1.0,24.0
2021-12-05,Utsjoki Nuorgam,-17.5,-1.0,21.0
2021-12-05,Inari Väylä,-26.8,,
2021-12-05,Inari kirkonkylä,,-1.0,15.0
2021-12-05,Inari Kaamanen,-24.4,-1.0,17.0
2021-12-05,Inari Nellim,-23.3,-1.0,14.0
2021-12-05,Inari Kirakkajärvi,-26.1,0.1,28.0
2021-12-05,Mäntsälä Hirvihaara,-17.3,-1.0,4.0
2021-12-05,Lahti Sopenkorpi,-17.2,-1.0,7.0
2021-12-05,Siuntio Sjundby,,-1.0,1.0
2021-12-05,Sipoo Itätoukki,-10.6,,
2021-12-05,Rauma Pyynpää,-16.4,-1.0,3.0
2021-12-05,Muonio Oustajärvi,-26.9,-1.0,31.0
2021-12-05,Pyhtää lentokenttä,-15.6,-1.0,4.0
2021-12-05,Sotkamo Tuhkakylä,-18.3,-1.0,35.0
2021-12-05,Tervola Loue,-26.5,,
2021-12-05,Kajaani Petäisenniska,-17.4,-1.0,28.0
2021-12-05,Utsjoki Kevo Kevojärvi,-29.5,,
2021-12-05,Inari Seitalaassa,-20.4,,
2021-12-05,Ilmajoki Seinäjoki lentoasema,-22.4,,
2021-12-05,Rovaniemi lentoasema AWOS,-22.7,-1.0,12.0
2021-12-05,Jyväskylä lentoasema AWOS,-19.7,-1.0,12.0
2021-12-05,Puumala kirkonkylä,-15.9,0.1,18.0
2021-12-05,Helsinki Vuosaari satama,-13.6,,
2021-12-05,Maarianhamina Länsisatama,-8.6,,
2021-12-05,Lumparland Långnäs satama,-8.4,-1.0,-1.0
2021-12-05,Tampere Tampella,-16.3,,
2021-12-05,Kittilä Lompolonvuoma,-25.8,-1.0,
2021-12-05,Kuusamo Ruka Talvijärvi,-19.5,,
2021-12-05,Espoo Nuuksio,-16.4,-1.0,4.0
2021-12-05,Mikkeli Lentoasema AWOS,-21.0,-1.0,19.0
2021-12-05,Espoo Tapiola,-14.8,-1.0,2.0
2021-12-06,Porvoo Kilpilahti satama,-12.0,,
2021-12-06,Jomala Maarianhamina lentoasema,-13.3,,
2021-12-06,Parainen Utö,-7.4,0.1,1.0
2021-12-06,Lemland Nyhamn,-8.5,,
2021-12-06,Jomala Jomalaby,-13.4,-1.0,-1.0
2021-12-06,Hammarland Märket,-7.1,,
2021-12-06,Kökar Bogskär,-5.9,,
2021-12-06,Parainen Fagerholm,-11.9,-1.0,
2021-12-06,Kumlinge kirkonkylä,-11.0,,
2021-12-06,Hanko Russarö,-10.1,-1.0,
2021-12-06,Kaarina Yltöinen,-16.0,-1.0,-1.0
2021-12-06,Kemiönsaari Vänö,-10.1,,
2021-12-06,Hanko Tulliniemi,-10.9,,
2021-12-06,Turku Rajakari,-12.8,,
2021-12-06,Turku Artukainen,-16.2,-1.0,3.0
2021-12-06,Kemiönsaari Kemiö,-15.7,-1.0,-1.0
2021-12-06,Hanko Tvärminne,-10.8,-1.0,-1.0
2021-12-06,Salo Kärkkä,-15.7,-1.0,
2021-12-06,Lohja Leppäkorpi,,-1.0,-1.0
2021-12-06,Raasepori Jussarö,-9.8,,
2021-12-06,Salo Kiikala lentokenttä,-15.9,-1.0,4.0
2021-12-06,Vantaa Helsinki-Vantaan lentoasema,-14.3,0.1,2.0
2021-12-06,Inkoo Bågaskär,-10.0,,
2021-12-06,Helsinki Kaisaniemi,-12.2,-1.0,-1.0
2021-12-06,Lohja Porla,-14.1,-1.0,3.0
2021-12-06,Vihti Maasoja,-15.4,,
2021-12-06,Helsinki Harmaja,-10.0,,
2021-12-06,Kirkkonummi Mäkiluoto,-9.6,,
2021-12-06,Helsinki Helsingin majakka,-7.6,,
2021-12-06,Helsinki Kumpula,-13.0,0.0,1.0
2021-12-06,Helsinki Malmi lentokenttä,-13.5,,
2021-12-06,Porvoo Kalbådagrund,-7.7,,
2021-12-06,Porvoo Emäsalo,-11.6,,
2021-12-06,Porvoo Harabacka,-13.6,-1.0,4.0
2021-12-06,Kotka Rankki,-9.9,0.4,12.0
2021-12-06,Loviisa Orrengrund,-9.1,,
2021-12-06,Kotka Haapasaari,-9.3,,
2021-12-06,Pori lentoasema,-16.4,,
2021-12-06,Uusikaupunki Itätulli,,-1.0,0.0
2021-12-06,Kustavi Isokari,-11.1,-1.0,
2021-12-06,Rauma Kylmäpihlaja,-13.0,,
2021-12-06,Pori rautatieasema,-15.8,-1.0,2.0
2021-12-06,Turku lentoasema,-17.1,,
2021-12-06,Kokemäki Rausenkulma,,0.0,0.0
2021-12-06,Huittinen Sallila,,0.3,1.0
2021-12-06,Oripää Teinikivi,,-1.0,1.0
2021-12-06,Pöytyä Yläne,,-1.0,0.0
2021-12-06,Kokemäki Tulkkila,-17.3,-1.0,2.0
2021-12-06,Jokioinen Ilmala,-15.8,-1.0,3.0
2021-12-06,Nokia Tottijärvi,,0.5,2.0
2021-12-06,Pirkkala Tampere-Pirkkala lentoasema,-14.7,,
2021-12-06,Tampere Härmälä,-15.4,0.1,2.0
2021-12-06,Somero Salkola,-16.0,-1.0,6.0
2021-12-06,Hyvinkää Hyvinkäänkylä,-15.6,0.1,6.0
2021-12-06,Vihti Hiiskula,,0.0,2.0
2021-12-06,Hämeenlinna Pirttikoski,,-1.0,1.0
2021-12-06,Nurmijärvi Röykkä,-15.7,0.1,2.0
2021-12-06,Hämeenlinna Katinen,-15.2,0.1,
2021-12-06,Hattula Lepaa,-14.9,0.1,4.0
2021-12-06,Hämeenlinna Lammi Pappila,-14.5,0.2,9.0
2021-12-06,Asikkala Pulkkilanharju,-12.3,,
2021-12-06,Kouvola Utti lentoasema,-14.8,0.7,8.0
2021-12-06,Kouvola Anjala,-14.8,0.1,6.0
2021-12-06,Heinola Asemantaus,-14.0,0.1,
2021-12-06,Kouvola Voikoski,,1.1,15.0
2021-12-06,Virolahti Koivuniemi,-14.4,0.3,7.0
2021-12-06,Lappeenranta lentoasema,-12.4,,
2021-12-06,Lappeenranta Konnunsuo,-14.5,,
2021-12-06,Lappeenranta Lepola,-11.8,0.5,14.0
2021-12-06,Ruokolahti Kotaniemi,,1.6,25.0
2021-12-06,Lappeenranta Hiekkapakka,-11.5,,
2021-12-06,Parikkala Koitsanlahti,-9.6,1.5,31.0
2021-12-06,Kaskinen Sälgrund,-14.0,-1.0,
2021-12-06,Merikarvia Tuorila,,0.1,1.0
2021-12-06,Isojoki Kärjenkoski,,-1.0,2.0
2021-12-06,Teuva Kauppilankylä,,0.2,8.0
2021-12-06,Pori Tahkoluoto satama,-14.5,,
2021-12-06,Kristiinankaupunki Majakka,-12.3,,
2021-12-06,Karvia Alkkia,-18.5,0.3,11.0
2021-12-06,Kurikka Hirvijärvi,,0.4,3.0
2021-12-06,Kauhajoki Kuja-Kokko,-19.4,-1.0,9.0
2021-12-06,Kankaanpää Niinisalo lentokenttä,-16.2,0.1,9.0
2021-12-06,Alavus Sulkavankylä,,0.4,6.0
2021-12-06,Virrat Äijänneva,-16.3,,
2021-12-06,Tampere Siilinkari,-12.1,,
2021-12-06,Jämsä Halli lentoasema,-14.5,0.6,9.0
2021-12-06,Juupajoki Hyytiälä,-14.9,0.8,10.0
2021-12-06,Sysmä Joutsjärvi,,0.8,9.0
2021-12-06,Jyväskylä Muuratjärvi,,1.0,16.0
2021-12-06,Luhanka Judinsalo,-11.1,,
2021-12-06,Multia Pirttiperä,,0.8,16.0
2021-12-06,Joutsa Savenaho,-12.8,0.8,14.0
2021-12-06,Kangasniemi kirkonkylä,,1.0,20.0
2021-12-06,Joutsa Pärnämäki,,1.2,20.0
2021-12-06,Mikkeli Pitkähiekka,,0.9,19.0
2021-12-06,Juva Partala,-11.3,,
2021-12-06,Varkaus Kosulanniemi,-10.3,0.2,24.0
2021-12-06,Savonlinna Laukansaari,,2.2,22.0
2021-12-06,Sulkava Halttula,,3.9,34.0
2021-12-06,Savonlinna lentoasema,-9.7,,
2021-12-06,Rantasalmi Rukkasluoto,-8.7,,
2021-12-06,Savonlinna Punkaharju Laukansaari,-9.9,1.0,21.0
2021-12-06,Enonkoski Simanala,,1.6,21.0
2021-12-06,Savonlinna Savonranta,,1.6,27.0
2021-12-06,Rääkkylä kirkonkylä,,0.7,28.0
2021-12-06,Tohmajärvi Kemie,-9.3,0.7,26.0
2021-12-06,Joensuu Huhtilampi,,1.3,30.0
2021-12-06,Vaasa lentoasema,-19.3,,
2021-12-06,Mustasaari Valassaaret,-11.2,,
2021-12-06,Närpiö Ylimarkku,,-1.0,12.0
2021-12-06,Mustasaari Riimala,,0.2,16.0
2021-12-06,Kurikka Pyörni,,0.2,15.0
2021-12-06,Korsnäs Bredskäret,-15.1,,
2021-12-06,Maalahti Strömmingsbådan,-11.6,,
2021-12-06,Vaasa Klemettilä,-16.8,-1.0,15.0
2021-12-06,Seinäjoki Pelmaa,-19.5,-1.0,14.0
2021-12-06,Kauhava lentokenttä,-15.6,-1.0,13.0
2021-12-06,Ähtäri Inha,-12.3,-1.0,17.0
2021-12-06,Halsua Purola,-14.9,0.2,24.0
2021-12-06,Alajärvi Möksy,-12.7,-1.0,17.0
2021-12-06,Multia Karhila,-12.5,-1.0,14.0
2021-12-06,Viitasaari Haapaniemi,-11.1,0.5,19.0
2021-12-06,Äänekoski Kalaniemi,,0.4,25.0
2021-12-06,Vesanto kirkonkylä,-10.2,0.2,25.0
2021-12-06,Pielavesi Venetmäki,,0.7,34.0
2021-12-06,Siilinjärvi Kuopio lentoasema,-9.0,,
2021-12-06,Kuopio Maaninka,-10.8,-1.0,28.0
2021-12-06,Lapinlahti Lamminkäyrä,,0.5,37.0
2021-12-06,Suonenjoki Iisvesi,,0.5,20.0
2021-12-06,Kuopio Karttula,,1.5,30.0
2021-12-06,Kuopio Ritoniemi,-8.3,,
2021-12-06,Kuopio Savilahti,-9.5,0.4,25.0
2021-12-06,Heinävesi Palokki,,1.2,22.0
2021-12-06,Outokumpu Viuruniemi,,1.6,26.0
2021-12-06,Rautavaara Ala-Luosta,,0.3,22.0
2021-12-06,Rautavaara Ylä-Luosta,-10.4,0.4,31.0
2021-12-06,Liperi Joensuu lentoasema,-8.2,,
2021-12-06,Juuka Niemelä,-12.6,0.6,26.0
2021-12-06,Joensuu Pyhäselkä,,1.2,35.0
2021-12-06,Lieksa Koli,,0.6,27.0
2021-12-06,Liperi Tuiskavanluoto,-7.8,,
2021-12-06,Joensuu Linnunlahti,-8.2,0.9,24.0
2021-12-06,Lieksa Lampela,-10.7,-1.0,21.0
2021-12-06,Ilomantsi Naarva,,0.0,27.0
2021-12-06,Ilomantsi Pötsönvaara,-9.0,0.1,16.0
2021-12-06,Ilomantsi Mekrijärvi,-9.3,0.9,21.0
2021-12-06,Pietarsaari Kallan,-10.8,,
2021-12-06,Kokkola Tankar,-10.1,,
2021-12-06,Kruunupyy Kokkola-Pietarsaari lentoasema,-16.3,,
2021-12-06,Kaustinen Tastula,,-1.0,14.0
2021-12-06,Kalajoki Ulkokalla,-8.0,,
2021-12-06,Kokkola Santahaka,-15.1,-1.0,10.0
2021-12-06,Toholampi Oravala,,-1.0,18.0
2021-12-06,Kalajoki Pitkäsenkylä,,-1.0,15.0
2021-12-06,Kalajoki Mehtäkylä,,-1.0,20.0
2021-12-06,Toholampi Laitala,-16.1,-1.0,19.0
2021-12-06,Ylivieska lentokenttä,-17.2,-1.0,16.0
2021-12-06,Ylivieska Vähäkangas,,0.1,20.0
2021-12-06,Haapavesi Mustikkamäki,-15.2,0.0,21.0
2021-12-06,Pyhäjärvi Ojakylä,-13.2,-1.0,18.0
2021-12-06,Pyhäjärvi Hiidenniemi,,0.0,22.0
2021-12-06,Kiuruvesi Korpijoki,,0.0,30.0
2021-12-06,Siikalatva Kestilä,,-1.0,32.0
2021-12-06,Kajaani lentoasema,-17.7,,
2021-12-06,Vieremä Kaarakkala,-11.2,-1.0,40.0
2021-12-06,Kajaani Paltaniemi,,-1.0,46.0
2021-12-06,Nurmes Valtimo,-16.3,-1.0,27.0
2021-12-06,Ristijärvi Mustavaara,,-1.0,23.0
2021-12-06,Sotkamo Kuolaniemi,-16.4,-1.0,24.0
2021-12-06,Nurmes Mujejärvi,,0.4,33.0
2021-12-06,Kuhmo Apaja,,-1.0,32.0
2021-12-06,Kuhmo Kalliojoki,-16.8,-1.0,26.0
2021-12-06,Raahe Nahkiainen,-8.6,,
2021-12-06,Hailuoto Keskikylä,-17.0,-1.0,12.0
2021-12-06,Kemi I majakka,-8.4,,
2021-12-06,Hailuoto Marjaniemi,-14.8,,
2021-12-06,Raahe Lapaluoto satama,-13.6,,
2021-12-06,Oulu lentoasema,-16.0,,
2021-12-06,Siikajoki Ruukki,-18.0,-1.0,14.0
2021-12-06,Oulu Vihreäsaari satama,-12.8,,
2021-12-06,Oulu Oulunsalo Pellonpää,-17.5,-1.0,14.0
2021-12-06,Vaala Pelso,-14.5,-1.0,23.0
2021-12-06,Pudasjärvi lentokenttä,-18.3,-1.0,28.0
2021-12-06,Utajärvi Särkijärvi,,-1.0,26.0
2021-12-06,Pudasjärvi Jaurakkajärvi,,-1.0,33.0
2021-12-06,Suomussalmi Näljänkä,,-1.0,39.0
2021-12-06,Suomussalmi Pesiö,-17.5,-1.0,29.0
2021-12-06,Puolanka Kotila,,-1.0,34.0
2021-12-06,Puolanka Paljakka,-12.6,-1.0,36.0
2021-12-06,Kemi Kemi-Tornio lentoasema,-21.3,,
2021-12-06,Kemi Ajos,-17.5,,
2021-12-06,Tornio Kaakkuri,-22.2,-1.0,16.0
2021-12-06,Ranua lentokenttä,-21.7,-1.0,19.0
2021-12-06,Pudasjärvi Sarakylä,,-1.0,14.0
2021-12-06,Posio Raistakka,,0.0,24.0
2021-12-06,Taivalkoski Inkee,,-1.0,28.0
2021-12-06,Taivalkoski kirkonkylä,-19.9,-1.0,24.0
2021-12-06,Kuusamo lentoasema,-23.1,-1.0,26.0
2021-12-06,Kuusamo Kiutaköngäs,-26.9,-1.0,21.0
2021-12-06,Kuusamo Rukatunturi,-12.3,,
2021-12-06,Kuusamo Teeriranta,,-1.0,41.0
2021-12-06,Kuusamo Juuma,-18.1,,
2021-12-06,Ylitornio Meltosjärvi,-22.5,-1.0,16.0
2021-12-06,Kolari Kattilamaa,,0.3,30.0
2021-12-06,Pello kirkonkylä,-17.9,-1.0,17.0
2021-12-06,Rovaniemi rautatieasema,-23.4,,
2021-12-06,Sodankylä Tähtelä,-21.9,-1.0,28.0
2021-12-06,Rovaniemi Apukka,-25.0,-1.0,18.0
2021-12-06,Pelkosenniemi kirkonkylä,,0.2,25.0
2021-12-06,Kemijärvi lentokenttä,-27.6,-1.0,18.0
2021-12-06,Savukoski kirkonkylä,-24.7,0.0,23.0
2021-12-06,Salla Kelloselkä,,0.0,35.0
2021-12-06,Pelkosenniemi Pyhätunturi,-12.7,,
2021-12-06,Salla kirkonkylä,-25.4,-1.0,25.0
2021-12-06,Salla Naruska,-24.8,-1.0,31.0
2021-12-06,Enontekiö Kaaresuvanto,,-1.0,45.0
2021-12-06,Enontekiö lentoasema,-22.9,,
2021-12-06,Kittilä Pulju,,0.3,23.0
2021-12-06,Muonio Laukukero,-18.5,,
2021-12-06,Muonio Sammaltunturi,-18.5,,
2021-12-06,Kittilä Matorova,-16.1,,
2021-12-06,Kittilä lentoasema,-23.1,,
2021-12-06,Kittilä Kenttärova,-16.7,-1.0,60.0
2021-12-06,Kittilä Pakatti,-20.2,0.2,23.0
2021-12-06,Kittilä Pokka,-20.2,-1.0,50.0
2021-12-06,Sodankylä Lokka,-18.7,-1.0,24.0
2021-12-06,Sodankylä Vuotso,-23.8,-1.0,25.0
2021-12-06,Inari Saariselkä matkailukeskus,-18.9,-1.0,41.0
2021-12-06,Inari Saariselkä Kaunispää,-18.8,,
2021-12-06,Inari Raja-Jooseppi Kontiojärvi,,0.5,19.0
2021-12-06,Inari Raja-Jooseppi,-17.0,,
2021-12-06,Salla Värriötunturi,-16.3,0.9,42.0
2021-12-06,Enontekiö Kilpisjärvi kyläkeskus,-26.9,-1.0,36.0
2021-12-06,Enontekiö Kilpisjärvi Saana,-17.1,,
2021-12-06,Enontekiö Näkkälä,-26.4,-1.0,45.0
2021-12-06,Inari Angeli Lintupuoliselkä,-20.4,-1.0,25.0
2021-12-06,Inari Ivalo lentoasema,-17.5,,
2021-12-06,Utsjoki Kevo,-19.4,-1.0,23.0
2021-12-06,Utsjoki Nuorgam,-13.8,-1.0,21.0
2021-12-06,Inari Väylä,-18.0,,
2021-12-06,Inari kirkonkylä,,-1.0,15.0
2021-12-06,Inari Kaamanen,-19.5,-1.0,17.0
2021-12-06,Inari Nellim,-15.3,-1.0,14.0
2021-12-06,Inari Kirakkajärvi,-16.2,-1.0,27.0
2021-12-06,Mäntsälä Hirvihaara,-14.9,-1.0,4.0
2021-12-06,Lahti Sopenkorpi,-13.6,-1.0,7.0
2021-12-06,Siuntio Sjundby,,-1.0,1.0
2021-12-06,Sipoo Itätoukki,-8.7,,
2021-12-06,Rauma Pyynpää,-16.6,-1.0,3.0
2021-12-06,Muonio Oustajärvi,-31.6,-1.0,30.0
2021-12-06,Pyhtää lentokenttä,-14.0,-1.0,4.0
2021-12-06,Sotkamo Tuhkakylä,-16.6,-1.0,33.0
2021-12-06,Tervola Loue,-23.2,,
2021-12-06,Kajaani Petäisenniska,-14.0,-1.0,26.0
2021-12-06,Utsjoki Kevo Kevojärvi,-21.2,,
2021-12-06,Inari Seitalaassa,-16.2,,
2021-12-06,Ilmajoki Seinäjoki lentoasema,-18.9,,
2021-12-06,Rovaniemi lentoasema AWOS,-21.2,-1.0,12.0
2021-12-06,Jyväskylä lentoasema AWOS,-12.1,-1.0,12.0
2021-12-06,Puumala kirkonkylä,-9.8,0.7,18.0
2021-12-06,Helsinki Vuosaari satama,-11.2,,
2021-12-06,Maarianhamina Länsisatama,-11.2,,
2021-12-06,Lumparland Långnäs satama,-8.9,0.1,-1.0
2021-12-06,Tampere Tampella,-12.8,,
2021-12-06,Kittilä Lompolonvuoma,-14.8,-1.0,
2021-12-06,Kuusamo Ruka Talvijärvi,-11.9,,
2021-12-06,Espoo Nuuksio,-15.0,-1.0,4.0
2021-12-06,Mikkeli Lentoasema AWOS,-10.9,0.2,20.0
2021-12-06,Espoo Tapiola,-13.1,-1.0,2.0
2021-12-07,Porvoo Kilpilahti satama,-12.7,,
2021-12-07,Jomala Maarianhamina lentoasema,-14.6,,
2021-12-07,Parainen Utö,-7.5,-1.0,1.0
2021-12-07,Lemland Nyhamn,-6.8,,
2021-12-07,Jomala Jomalaby,-13.6,-1.0,-1.0
2021-12-07,Hammarland Märket,-5.2,,
2021-12-07,Kökar Bogskär,-4.8,,
2021-12-07,Parainen Fagerholm,-10.5,-1.0,
2021-12-07,Kumlinge kirkonkylä,-10.4,,
2021-12-07,Hanko Russarö,-9.3,-1.0,
2021-12-07,Kaarina Yltöinen,-18.7,-1.0,-1.0
2021-12-07,Kemiönsaari Vänö,-8.9,,
2021-12-07,Hanko Tulliniemi,-9.9,,
2021-12-07,Turku Rajakari,-13.4,,
2021-12-07,Turku Artukainen,-18.3,-1.0,3.0
2021-12-07,Kemiönsaari Kemiö,-18.6,-1.0,2.0
2021-12-07,Hanko Tvärminne,-11.6,-1.0,-1.0
2021-12-07,Salo Kärkkä,-19.1,-1.0,
2021-12-07,Lohja Leppäkorpi,,-1.0,-1.0
2021-12-07,Raasepori Jussarö,-9.9,,
2021-12-07,Salo Kiikala lentokenttä,-18.6,-1.0,4.0
2021-12-07,Vantaa Helsinki-Vantaan lentoasema,-16.8,0.0,2.0
2021-12-07,Inkoo Bågaskär,-10.2,,
2021-12-07,Helsinki Kaisaniemi,-13.1,-1.0,-1.0
2021-12-07,Lohja Porla,-16.3,-1.0,2.0
2021-12-07,Vihti Maasoja,-19.8,,
2021-12-07,Helsinki Harmaja,-10.4,,
2021-12-07,Kirkkonummi Mäkiluoto,-9.7,,
2021-12-07,Helsinki Helsingin majakka,-7.4,,
2021-12-07,Helsinki Kumpula,-14.2,-1.0,1.0
2021-12-07,Helsinki Malmi lentokenttä,-16.8,,
2021-12-07,Porvoo Kalbådagrund,-7.8,,
2021-12-07,Porvoo Emäsalo,-12.4,,
2021-12-07,Porvoo Harabacka,-14.9,-1.0,5.0
2021-12-07,Kotka Rankki,-11.6,-1.0,15.0
2021-12-07,Loviisa Orrengrund,-10.2,,
2021-12-07,Kotka Haapasaari,-9.6,,
2021-12-07,Pori lentoasema,-18.1,,
2021-12-07,Uusikaupunki Itätulli,,-1.0,0.0
2021-12-07,Kustavi Isokari,-11.0,-1.0,
2021-12-07,Rauma Kylmäpihlaja,-12.0,,
2021-12-07,Pori rautatieasema,-17.4,-1.0,2.0
2021-12-07,Turku lentoasema,-20.0,,
2021-12-07,Kokemäki Rausenkulma,,-1.0,0.0
2021-12-07,Huittinen Sallila,,-1.0,1.0
2021-12-07,Oripää Teinikivi,,-1.0,1.0
2021-12-07,Pöytyä Yläne,,-1.0,0.0
2021-12-07,Kokemäki Tulkkila,-19.9,-1.0,-1.0
2021-12-07,Jokioinen Ilmala,-20.1,-1.0,5.0
2021-12-07,Nokia Tottijärvi,,0.0,3.0
2021-12-07,Pirkkala Tampere-Pirkkala lentoasema,-18.0,,
2021-12-07,Tampere Härmälä,-18.3,-1.0,4.0
2021-12-07,Somero Salkola,-17.9,-1.0,6.0
2021-12-07,Hyvinkää Hyvinkäänkylä,-20.0,-1.0,6.0
2021-12-07,Vihti Hiiskula,,-1.0,2.0
2021-12-07,Hämeenlinna Pirttikoski,,-1.0,1.0
2021-12-07,Nurmijärvi Röykkä,-17.3,-1.0,3.0
2021-12-07,Hämeenlinna Katinen,-18.2,-1.0,
2021-12-07,Hattula Lepaa,-19.2,-1.0,7.0
2021-12-07,Hämeenlinna Lammi Pappila,-15.5,-1.0,10.0
2021-12-07,Asikkala Pulkkilanharju,-14.9,,
2021-12-07,Kouvola Utti lentoasema,-14.2,0.0,11.0
2021-12-07,Kouvola Anjala,-13.8,0.1,6.0
2021-12-07,Heinola Asemantaus,-15.9,0.1,
2021-12-07,Kouvola Voikoski,,0.8,17.0
2021-12-07,Virolahti Koivuniemi,-14.8,0.1,8.0
2021-12-07,Lappeenranta lentoasema,-13.1,,
2021-12-07,Lappeenranta Konnunsuo,-13.2,,
2021-12-07,Lappeenranta Lepola,-12.8,0.2,18.0
2021-12-07,Ruokolahti Kotaniemi,,0.9,30.0
2021-12-07,Lappeenranta Hiekkapakka,-13.1,,
2021-12-07,Parikkala Koitsanlahti,-12.3,1.1,43.0
2021-12-07,Kaskinen Sälgrund,-13.8,-1.0,
2021-12-07,Merikarvia Tuorila,,-1.0,1.0
2021-12-07,Isojoki Kärjenkoski,,-1.0,2.0
2021-12-07,Teuva Kauppilankylä,,-1.0,8.0
2021-12-07,Pori Tahkoluoto satama,-13.5,,
2021-12-07,Kristiinankaupunki Majakka,-10.8,,
2021-12-07,Karvia Alkkia,-18.5,-1.0,14.0
2021-12-07,Kurikka Hirvijärvi,,-1.0,4.0
2021-12-07,Kauhajoki Kuja-Kokko,-20.1,-1.0,9.0
2021-12-07,Kankaanpää Niinisalo lentokenttä,-17.6,-1.0,9.0
2021-12-07,Alavus Sulkavankylä,,-1.0,7.0
2021-12-07,Virrat Äijänneva,-18.9,,
2021-12-07,Tampere Siilinkari,-12.7,,
2021-12-07,Jämsä Halli lentoasema,-17.9,-1.0,12.0
2021-12-07,Juupajoki Hyytiälä,-17.8,-1.0,10.0
2021-12-07,Sysmä Joutsjärvi,,0.1,11.0
2021-12-07,Jyväskylä Muuratjärvi,,-1.0,17.0
2021-12-07,Luhanka Judinsalo,-12.4,,
2021-12-07,Multia Pirttiperä,,-1.0,16.0
2021-12-07,Joutsa Savenaho,-17.0,-1.0,17.0
2021-12-07,Kangasniemi kirkonkylä,,-1.0,21.0
2021-12-07,Joutsa Pärnämäki,,0.0,21.0
2021-12-07,Mikkeli Pitkähiekka,,0.0,20.0
2021-12-07,Juva Partala,-13.9,,
2021-12-07,Varkaus Kosulanniemi,-14.9,-1.0,26.0
2021-12-07,Savonlinna Laukansaari,,0.7,24.0
2021-12-07,Sulkava Halttula,,0.0,40.0
2021-12-07,Savonlinna lentoasema,-12.5,,
2021-12-07,Rantasalmi Rukkasluoto,-12.4,,
2021-12-07,Savonlinna Punkaharju Laukansaari,-12.4,0.4,22.0
2021-12-07,Enonkoski Simanala,,0.3,25.0
2021-12-07,Savonlinna Savonranta,,0.0,27.0
2021-12-07,Rääkkylä kirkonkylä,,0.8,30.0
2021-12-07,Tohmajärvi Kemie,-11.6,0.7,25.0
2021-12-07,Joensuu Huhtilampi,,1.4,32.0
2021-12-07,Vaasa lentoasema,-20.8,,
2021-12-07,Mustasaari Valassaaret,-9.6,,
2021-12-07,Närpiö Ylimarkku,,-1.0,12.0
2021-12-07,Mustasaari Riimala,,-1.0,16.0
2021-12-07,Kurikka Pyörni,,-1.0,15.0
2021-12-07,Korsnäs Bredskäret,-16.2,,
2021-12-07,Maalahti Strömmingsbådan,-10.7,,
2021-12-07,Vaasa Klemettilä,-17.9,-1.0,14.0
2021-12-07,Seinäjoki Pelmaa,-22.8,-1.0,13.0
2021-12-07,Kauhava lentokenttä,-20.2,-1.0,13.0
2021-12-07,Ähtäri Inha,-19.2,-1.0,18.0
2021-12-07,Halsua Purola,-19.1,-1.0,23.0
2021-12-07,Alajärvi Möksy,-19.1,-1.0,18.0
2021-12-07,Multia Karhila,-17.3,-1.0,15.0
2021-12-07,Viitasaari Haapaniemi,-15.0,-1.0,24.0
2021-12-07,Äänekoski Kalaniemi,,0.3,26.0
2021-12-07,Vesanto kirkonkylä,-14.7,-1.0,28.0
2021-12-07,Pielavesi Venetmäki,,0.4,34.0
2021-12-07,Siilinjärvi Kuopio lentoasema,-12.2,,
2021-12-07,Kuopio Maaninka,-14.0,-1.0,28.0
2021-12-07,Lapinlahti Lamminkäyrä,,-1.0,37.0
2021-12-07,Suonenjoki Iisvesi,,0.7,20.0
2021-12-07,Kuopio Karttula,,0.3,31.0
2021-12-07,Kuopio Ritoniemi,-13.1,,
2021-12-07,Kuopio Savilahti,-13.3,-1.0,25.0
2021-12-07,Heinävesi Palokki,,0.0,23.0
2021-12-07,Outokumpu Viuruniemi,,0.6,27.0
2021-12-07,Rautavaara Ala-Luosta,,0.2,23.0
2021-12-07,Rautavaara Ylä-Luosta,-12.8,0.7,32.0
2021-12-07,Liperi Joensuu lentoasema,-10.5,,
2021-12-07,Juuka Niemelä,-11.4,1.0,29.0
2021-12-07,Joensuu Pyhäselkä,,1.0,36.0
2021-12-07,Lieksa Koli,,2.1,27.0
2021-12-07,Liperi Tuiskavanluoto,-10.8,,
2021-12-07,Joensuu Linnunlahti,-10.6,1.0,26.0
2021-12-07,Lieksa Lampela,-10.6,1.1,22.0
2021-12-07,Ilomantsi Naarva,,2.6,28.0
2021-12-07,Ilomantsi Pötsönvaara,-11.3,1.6,17.0
2021-12-07,Ilomantsi Mekrijärvi,-10.8,1.1,25.0
2021-12-07,Pietarsaari Kallan,-10.3,,
2021-12-07,Kokkola Tankar,-10.4,,
2021-12-07,Kruunupyy Kokkola-Pietarsaari lentoasema,-17.3,,
2021-12-07,Kaustinen Tastula,,-1.0,14.0
2021-12-07,Kalajoki Ulkokalla,-8.6,,
2021-12-07,Kokkola Santahaka,-15.6,-1.0,9.0
2021-12-07,Toholampi Oravala,,-1.0,18.0
2021-12-07,Kalajoki Pitkäsenkylä,,0.5,15.0
2021-12-07,Kalajoki Mehtäkylä,,-1.0,20.0
2021-12-07,Toholampi Laitala,-19.1,-1.0,18.0
2021-12-07,Ylivieska lentokenttä,-19.0,-1.0,17.0
2021-12-07,Ylivieska Vähäkangas,,-1.0,19.0
2021-12-07,Haapavesi Mustikkamäki,-16.9,-1.0,21.0
2021-12-07,Pyhäjärvi Ojakylä,-17.7,-1.0,19.0
2021-12-07,Pyhäjärvi Hiidenniemi,,-1.0,22.0
2021-12-07,Kiuruvesi Korpijoki,,0.0,30.0
2021-12-07,Siikalatva Kestilä,,0.1,32.0
2021-12-07,Kajaani lentoasema,-15.1,,
2021-12-07,Vieremä Kaarakkala,-13.9,0.4,40.0
2021-12-07,Kajaani Paltaniemi,,1.2,36.0
2021-12-07,Nurmes Valtimo,-12.8,0.6,27.0
2021-12-07,Ristijärvi Mustavaara,,2.7,22.0
2021-12-07,Sotkamo Kuolaniemi,-13.4,0.5,25.0
2021-12-07,Nurmes Mujejärvi,,2.0,33.0
2021-12-07,Kuhmo Apaja,,1.9,31.0
2021-12-07,Kuhmo Kalliojoki,-12.8,2.2,24.0
2021-12-07,Raahe Nahkiainen,-10.0,,
2021-12-07,Hailuoto Keskikylä,-14.9,-1.0,11.0
2021-12-07,Kemi I majakka,-8.9,,
2021-12-07,Hailuoto Marjaniemi,-13.0,,
2021-12-07,Raahe Lapaluoto satama,-14.7,,
2021-12-07,Oulu lentoasema,-14.4,,
2021-12-07,Siikajoki Ruukki,-16.3,-1.0,14.0
2021-12-07,Oulu Vihreäsaari satama,-12.7,,
2021-12-07,Oulu Oulunsalo Pellonpää,-15.4,-1.0,14.0
2021-12-07,Vaala Pelso,-15.5,-1.0,24.0
2021-12-07,Pudasjärvi lentokenttä,-13.0,0.8,29.0
2021-12-07,Utajärvi Särkijärvi,,1.2,26.0
2021-12-07,Pudasjärvi Jaurakkajärvi,,1.3,33.0
2021-12-07,Suomussalmi Näljänkä,,2.9,39.0
2021-12-07,Suomussalmi Pesiö,-12.9,2.0,29.0
2021-12-07,Puolanka Kotila,,2.3,33.0
2021-12-07,Puolanka Paljakka,-14.0,1.7,35.0
2021-12-07,Kemi Kemi-Tornio lentoasema,-16.8,,
2021-12-07,Kemi Ajos,-13.8,,
2021-12-07,Tornio Kaakkuri,-18.4,-1.0,16.0
2021-12-07,Ranua lentokenttä,-14.7,0.1,18.0
2021-12-07,Pudasjärvi Sarakylä,,0.6,14.0
2021-12-07,Posio Raistakka,,0.8,23.0
2021-12-07,Taivalkoski Inkee,,0.5,27.0
2021-12-07,Taivalkoski kirkonkylä,-15.7,0.4,23.0
2021-12-07,Kuusamo lentoasema,-16.4,0.3,25.0
2021-12-07,Kuusamo Kiutaköngäs,-31.3,-1.0,21.0
2021-12-07,Kuusamo Rukatunturi,-13.6,,
2021-12-07,Kuusamo Teeriranta,,3.0,41.0
2021-12-07,Kuusamo Juuma,-17.3,,
2021-12-07,Ylitornio Meltosjärvi,-22.1,-1.0,16.0
2021-12-07,Kolari Kattilamaa,,-1.0,25.0
2021-12-07,Pello kirkonkylä,-18.4,-1.0,16.0
2021-12-07,Rovaniemi rautatieasema,-20.2,,
2021-12-07,Sodankylä Tähtelä,-28.1,-1.0,27.0
2021-12-07,Rovaniemi Apukka,-25.7,-1.0,18.0
2021-12-07,Pelkosenniemi kirkonkylä,,-1.0,24.0
2021-12-07,Kemijärvi lentokenttä,-27.5,0.3,18.0
2021-12-07,Savukoski kirkonkylä,-27.2,-1.0,23.0
2021-12-07,Salla Kelloselkä,,-1.0,35.0
2021-12-07,Pelkosenniemi Pyhätunturi,-13.6,,
2021-12-07,Salla kirkonkylä,-30.5,-1.0,25.0
2021-12-07,Salla Naruska,-29.3,-1.0,31.0
2021-12-07,Enontekiö Kaaresuvanto,,-1.0,45.0
2021-12-07,Enontekiö lentoasema,-19.2,,
2021-12-07,Kittilä Pulju,,-1.0,23.0
2021-12-07,Muonio Laukukero,-15.9,,
2021-12-07,Muonio Sammaltunturi,-14.4,,
2021-12-07,Kittilä Matorova,-17.4,,
2021-12-07,Kittilä lentoasema,-17.7,,
2021-12-07,Kittilä Kenttärova,-17.5,-1.0,59.0
2021-12-07,Kittilä Pakatti,-17.4,-1.0,23.0
2021-12-07,Kittilä Pokka,-18.3,-1.0,50.0
2021-12-07,Sodankylä Lokka,-22.7,-1.0,24.0
2021-12-07,Sodankylä Vuotso,-18.0,-1.0,25.0
2021-12-07,Inari Saariselkä matkailukeskus,-19.0,-1.0,40.0
2021-12-07,Inari Saariselkä Kaunispää,-15.7,,
2021-12-07,Inari Raja-Jooseppi Kontiojärvi,,-1.0,20.0
2021-12-07,Inari Raja-Jooseppi,-16.6,,
2021-12-07,Salla Värriötunturi,-16.6,-1.0,42.0
2021-12-07,Enontekiö Kilpisjärvi kyläkeskus,-16.1,-1.0,36.0
2021-12-07,Enontekiö Kilpisjärvi Saana,-18.0,,
2021-12-07,Enontekiö Näkkälä,-19.2,-1.0,45.0
2021-12-07,Inari Angeli Lintupuoliselkä,-18.9,-1.0,25.0
2021-12-07,Inari Ivalo lentoasema,-17.8,,
2021-12-07,Utsjoki Kevo,-21.8,-1.0,23.0
2021-12-07,Utsjoki Nuorgam,-15.9,-1.0,22.0
2021-12-07,Inari Väylä,-25.3,,
2021-12-07,Inari kirkonkylä,,-1.0,15.0
2021-12-07,Inari Kaamanen,-21.2,-1.0,16.0
2021-12-07,Inari Nellim,-21.5,-1.0,14.0
2021-12-07,Inari Kirakkajärvi,-21.0,-1.0,27.0
2021-12-07,Mäntsälä Hirvihaara,-16.9,-1.0,4.0
2021-12-07,Lahti Sopenkorpi,-14.8,-1.0,8.0
2021-12-07,Siuntio Sjundby,,-1.0,1.0
2021-12-07,Sipoo Itätoukki,-9.4,,
2021-12-07,Rauma Pyynpää,-17.3,-1.0,2.0
2021-12-07,Muonio Oustajärvi,-17.1,-1.0,30.0
2021-12-07,Pyhtää lentokenttä,-15.4,-1.0,4.0
2021-12-07,Sotkamo Tuhkakylä,-15.8,0.1,33.0
2021-12-07,Tervola Loue,-17.0,,
2021-12-07,Kajaani Petäisenniska,-13.6,0.8,25.0
2021-12-07,Utsjoki Kevo Kevojärvi,-24.0,,
2021-12-07,Inari Seitalaassa,-17.4,,
2021-12-07,Ilmajoki Seinäjoki lentoasema,-21.9,,
2021-12-07,Rovaniemi lentoasema AWOS,-18.2,-1.0,12.0
2021-12-07,Jyväskylä lentoasema AWOS,-17.2,-1.0,12.0
2021-12-07,Puumala kirkonkylä,-12.0,0.6,22.0
2021-12-07,Helsinki Vuosaari satama,-12.5,,
2021-12-07,Maarianhamina Länsisatama,-11.1,,
2021-12-07,Lumparland Långnäs satama,-8.6,-1.0,-1.0
2021-12-07,Tampere Tampella,-13.2,,
2021-12-07,Kittilä Lompolonvuoma,-17.2,-1.0,
2021-12-07,Kuusamo Ruka Talvijärvi,-12.7,,
2021-12-07,Espoo Nuuksio,-16.0,-1.0,4.0
2021-12-07,Mikkeli Lentoasema AWOS,-14.2,-1.0,22.0
2021-12-07,Espoo Tapiola,-15.6,-1.0,2.0
2021-12-08,Porvoo Kilpilahti satama,-16.1,,
2021-12-08,Jomala Maarianhamina lentoasema,-7.1,,
2021-12-08,Parainen Utö,-3.4,-1.0,1.0
2021-12-08,Lemland Nyhamn,-1.8,,
2021-12-08,Jomala Jomalaby,-6.8,0.4,2.0
2021-12-08,Hammarland Märket,-2.1,,
2021-12-08,Kökar Bogskär,-1.3,,
2021-12-08,Parainen Fagerholm,-6.9,-1.0,
2021-12-08,Kumlinge kirkonkylä,-5.4,,
2021-12-08,Hanko Russarö,-6.1,-1.0,
2021-12-08,Kaarina Yltöinen,-15.6,-1.0,-1.0
2021-12-08,Kemiönsaari Vänö,-5.7,,
2021-12-08,Hanko Tulliniemi,-7.3,,
2021-12-08,Turku Rajakari,-11.5,,
2021-12-08,Turku Artukainen,-15.1,-1.0,3.0
2021-12-08,Kemiönsaari Kemiö,-15.3,-1.0,-1.0
2021-12-08,Hanko Tvärminne,-9.2,-1.0,-1.0
2021-12-08,Salo Kärkkä,-16.6,-1.0,
2021-12-08,Lohja Leppäkorpi,,-1.0,-1.0
2021-12-08,Raasepori Jussarö,-7.3,,
2021-12-08,Salo Kiikala lentokenttä,-17.1,-1.0,4.0
2021-12-08,Vantaa Helsinki-Vantaan lentoasema,-17.6,0.1,2.0
2021-12-08,Inkoo Bågaskär,-9.0,,
2021-12-08,Helsinki Kaisaniemi,-13.8,-1.0,-1.0
2021-12-08,Lohja Porla,-15.8,-1.0,-1.0
2021-12-08,Vihti Maasoja,-19.1,,
2021-12-08,Helsinki Harmaja,-10.5,,
2021-12-08,Kirkkonummi Mäkiluoto,-8.1,,
2021-12-08,Helsinki Helsingin majakka,-6.8,,
2021-12-08,Helsinki Kumpula,-15.4,-1.0,1.0
2021-12-08,Helsinki Malmi lentokenttä,-17.1,,
2021-12-08,Porvoo Kalbådagrund,-7.1,,
2021-12-08,Porvoo Emäsalo,-14.1,,
2021-12-08,Porvoo Harabacka,-18.8,-1.0,5.0
2021-12-08,Kotka Rankki,-13.2,-1.0,14.0
2021-12-08,Loviisa Orrengrund,-11.0,,
2021-12-08,Kotka Haapasaari,-9.8,,
2021-12-08,Pori lentoasema,-17.6,,
2021-12-08,Uusikaupunki Itätulli,,-1.0,0.0
2021-12-08,Kustavi Isokari,-7.7,-1.0,
2021-12-08,Rauma Kylmäpihlaja,-11.7,,
2021-12-08,Pori rautatieasema,-17.2,-1.0,3.0
2021-12-08,Turku lentoasema,-16.3,,
2021-12-08,Kokemäki Rausenkulma,,-1.0,0.0
2021-12-08,Huittinen Sallila,,-1.0,1.0
2021-12-08,Oripää Teinikivi,,-1.0,1.0
2021-12-08,Pöytyä Yläne,,-1.0,0.0
2021-12-08,Kokemäki Tulkkila,-18.3,-1.0,2.0
2021-12-08,Jokioinen Ilmala,-18.6,-1.0,4.0
2021-12-08,Nokia Tottijärvi,,-1.0,3.0
2021-12-08,Pirkkala Tampere-Pirkkala lentoasema,-20.7,,
2021-12-08,Tampere Härmälä,-19.8,-1.0,2.0
2021-12-08,Somero Salkola,-17.3,-1.0,7.0
2021-12-08,Hyvinkää Hyvinkäänkylä,-19.4,-1.0,7.0
2021-12-08,Vihti Hiiskula,,-1.0,2.0
2021-12-08,Hämeenlinna Pirttikoski,,-1.0,1.0
2021-12-08,Nurmijärvi Röykkä,-17.8,-1.0,3.0
2021-12-08,Hämeenlinna Katinen,-19.7,-1.0,
2021-12-08,Hattula Lepaa,-20.1,-1.0,6.0
2021-12-08,Hämeenlinna Lammi Pappila,-20.2,-1.0,9.0
2021-12-08,Asikkala Pulkkilanharju,-19.4,,
2021-12-08,Kouvola Utti lentoasema,-20.6,-1.0,12.0
2021-12-08,Kouvola Anjala,-20.2,-1.0,8.0
2021-12-08,Heinola Asemantaus,-19.6,-1.0,
2021-12-08,Kouvola Voikoski,,-1.0,18.0
2021-12-08,Virolahti Koivuniemi,-20.8,-1.0,9.0
2021-12-08,Lappeenranta lentoasema,-19.3,,
2021-12-08,Lappeenranta Konnunsuo,-23.2,,
2021-12-08,Lappeenranta Lepola,-18.5,-1.0,16.0
2021-12-08,Ruokolahti Kotaniemi,,-1.0,28.0
2021-12-08,Lappeenranta Hiekkapakka,-20.0,,
2021-12-08,Parikkala Koitsanlahti,-21.3,-1.0,37.0
2021-12-08,Kaskinen Sälgrund,-13.8,-1.0,
2021-12-08,Merikarvia Tuorila,,-1.0,1.0
2021-12-08,Isojoki Kärjenkoski,,-1.0,2.0
2021-12-08,Teuva Kauppilankylä,,-1.0,8.0
2021-12-08,Pori Tahkoluoto satama,-14.5,,
2021-12-08,Kristiinankaupunki Majakka,-11.8,,
2021-12-08,Karvia Alkkia,-22.0,-1.0,13.0
2021-12-08,Kurikka Hirvijärvi,,-1.0,4.0
2021-12-08,Kauhajoki Kuja-Kokko,-21.0,-1.0,10.0
2021-12-08,Kankaanpää Niinisalo lentokenttä,-20.4,-1.0,10.0
2021-12-08,Alavus Sulkavankylä,,0.2,7.0
2021-12-08,Virrat Äijänneva,-20.8,,
2021-12-08,Tampere Siilinkari,-16.5,,
2021-12-08,Jämsä Halli lentoasema,-21.3,-1.0,12.0
2021-12-08,Juupajoki Hyytiälä,-21.4,0.0,10.0
2021-12-08,Sysmä Joutsjärvi,,0.0,11.0
2021-12-08,Jyväskylä Muuratjärvi,,-1.0,17.0
2021-12-08,Luhanka Judinsalo,-15.2,,
2021-12-08,Multia Pirttiperä,,0.3,16.0
2021-12-08,Joutsa Savenaho,-20.3,-1.0,16.0
2021-12-08,Kangasniemi kirkonkylä,,-1.0,21.0
2021-12-08,Joutsa Pärnämäki,,-1.0,21.0
2021-12-08,Mikkeli Pitkähiekka,,-1.0,19.0
2021-12-08,Juva Partala,-21.1,,
2021-12-08,Varkaus Kosulanniemi,-17.6,-1.0,25.0
2021-12-08,Savonlinna Laukansaari,,-1.0,25.0
2021-12-08,Sulkava Halttula,,-1.0,40.0
2021-12-08,Savonlinna lentoasema,-18.6,,
2021-12-08,Rantasalmi Rukkasluoto,-18.3,,
2021-12-08,Savonlinna Punkaharju Laukansaari,-18.8,-1.0,24.0
2021-12-08,Enonkoski Simanala,,-1.0,25.0
2021-12-08,Savonlinna Savonranta,,-1.0,26.0
2021-12-08,Rääkkylä kirkonkylä,,0.0,29.0
2021-12-08,Tohmajärvi Kemie,-17.0,-1.0,29.0
2021-12-08,Joensuu Huhtilampi,,0.1,33.0
2021-12-08,Vaasa lentoasema,-19.9,,
2021-12-08,Mustasaari Valassaaret,-9.8,,
2021-12-08,Närpiö Ylimarkku,,-1.0,12.0
2021-12-08,Mustasaari Riimala,,-1.0,16.0
2021-12-08,Kurikka Pyörni,,-1.0,15.0
2021-12-08,Korsnäs Bredskäret,-15.8,,
2021-12-08,Maalahti Strömmingsbådan,-9.3,,
2021-12-08,Vaasa Klemettilä,-17.5,-1.0,14.0
2021-12-08,Seinäjoki Pelmaa,-20.4,-1.0,14.0
2021-12-08,Kauhava lentokenttä,-18.7,-1.0,14.0
2021-12-08,Ähtäri Inha,-18.4,-1.0,17.0
2021-12-08,Halsua Purola,-19.1,0.1,23.0
2021-12-08,Alajärvi Möksy,-18.0,-1.0,18.0
2021-12-08,Multia Karhila,-19.9,-1.0,15.0
2021-12-08,Viitasaari Haapaniemi,-19.9,-1.0,23.0
2021-12-08,Äänekoski Kalaniemi,,0.2,27.0
2021-12-08,Vesanto kirkonkylä,-21.5,-1.0,28.0
2021-12-08,Pielavesi Venetmäki,,0.1,34.0
2021-12-08,Siilinjärvi Kuopio lentoasema,-18.9,,
2021-12-08,Kuopio Maaninka,-20.8,-1.0,27.0
2021-12-08,Lapinlahti Lamminkäyrä,,-1.0,37.0
2021-12-08,Suonenjoki Iisvesi,,0.2,21.0
2021-12-08,Kuopio Karttula,,0.2,31.0
2021-12-08,Kuopio Ritoniemi,-19.5,,
2021-12-08,Kuopio Savilahti,-18.9,-1.0,25.0
2021-12-08,Heinävesi Palokki,,-1.0,23.0
2021-12-08,Outokumpu Viuruniemi,,0.0,27.0
2021-12-08,Rautavaara Ala-Luosta,,0.2,23.0
2021-12-08,Rautavaara Ylä-Luosta,-19.5,-1.0,32.0
2021-12-08,Liperi Joensuu lentoasema,-18.5,,
2021-12-08,Juuka Niemelä,-19.8,-1.0,31.0
2021-12-08,Joensuu Pyhäselkä,,0.0,37.0
2021-12-08,Lieksa Koli,,0.1,30.0
2021-12-08,Liperi Tuiskavanluoto,-19.6,,
2021-12-08,Joensuu Linnunlahti,-19.7,-1.0,27.0
2021-12-08,Lieksa Lampela,-19.6,-1.0,21.0
2021-12-08,Ilomantsi Naarva,,0.0,30.0
2021-12-08,Ilomantsi Pötsönvaara,-17.7,-1.0,20.0
2021-12-08,Ilomantsi Mekrijärvi,-20.6,-1.0,26.0
2021-12-08,Pietarsaari Kallan,-9.2,,
2021-12-08,Kokkola Tankar,-10.2,,
2021-12-08,Kruunupyy Kokkola-Pietarsaari lentoasema,-13.9,,
2021-12-08,Kaustinen Tastula,,0.1,14.0
2021-12-08,Kalajoki Ulkokalla,-7.7,,
2021-12-08,Kokkola Santahaka,-12.7,-1.0,9.0
2021-12-08,Toholampi Oravala,,0.4,18.0
2021-12-08,Kalajoki Pitkäsenkylä,,0.4,15.0
2021-12-08,Kalajoki Mehtäkylä,,0.4,20.0
2021-12-08,Toholampi Laitala,-18.9,-1.0,18.0
2021-12-08,Ylivieska lentokenttä,-23.1,-1.0,17.0
2021-12-08,Ylivieska Vähäkangas,,0.2,19.0
2021-12-08,Haapavesi Mustikkamäki,-22.5,0.1,20.0
2021-12-08,Pyhäjärvi Ojakylä,-22.7,-1.0,19.0
2021-12-08,Pyhäjärvi Hiidenniemi,,0.3,22.0
2021-12-08,Kiuruvesi Korpijoki,,-1.0,30.0
2021-12-08,Siikalatva Kestilä,,-1.0,32.0
2021-12-08,Kajaani lentoasema,-17.3,,
2021-12-08,Vieremä Kaarakkala,-18.6,0.0,38.0
2021-12-08,Kajaani Paltaniemi,,0.1,37.0
2021-12-08,Nurmes Valtimo,-17.9,-1.0,29.0
2021-12-08,Ristijärvi Mustavaara,,0.8,27.0
2021-12-08,Sotkamo Kuolaniemi,-14.4,-1.0,26.0
2021-12-08,Nurmes Mujejärvi,,0.2,35.0
2021-12-08,Kuhmo Apaja,,0.5,33.0
2021-12-08,Kuhmo Kalliojoki,-12.2,0.4,29.0
2021-12-08,Raahe Nahkiainen,-9.6,,
2021-12-08,Hailuoto Keskikylä,-19.6,-1.0,12.0
2021-12-08,Kemi I majakka,-10.9,,
2021-12-08,Hailuoto Marjaniemi,-11.8,,
2021-12-08,Raahe Lapaluoto satama,-16.0,,
2021-12-08,Oulu lentoasema,-18.7,,
2021-12-08,Siikajoki Ruukki,-21.7,-1.0,14.0
2021-12-08,Oulu Vihreäsaari satama,-15.0,,
2021-12-08,Oulu Oulunsalo Pellonpää,-19.1,-1.0,14.0
2021-12-08,Vaala Pelso,-19.8,-1.0,23.0
2021-12-08,Pudasjärvi lentokenttä,-12.0,0.1,28.0
2021-12-08,Utajärvi Särkijärvi,,0.5,27.0
2021-12-08,Pudasjärvi Jaurakkajärvi,,0.8,32.0
2021-12-08,Suomussalmi Näljänkä,,1.0,40.0
2021-12-08,Suomussalmi Pesiö,-11.7,1.0,32.0
2021-12-08,Puolanka Kotila,,0.8,38.0
2021-12-08,Puolanka Paljakka,-11.8,0.4,41.0
2021-12-08,Kemi Kemi-Tornio lentoasema,-16.5,,
2021-12-08,Kemi Ajos,-14.9,,
2021-12-08,Tornio Kaakkuri,-16.7,0.1,15.0
2021-12-08,Ranua lentokenttä,-14.8,1.0,20.0
2021-12-08,Pudasjärvi Sarakylä,,0.2,14.0
2021-12-08,Posio Raistakka,,0.2,22.0
2021-12-08,Taivalkoski Inkee,,0.4,28.0
2021-12-08,Taivalkoski kirkonkylä,-10.8,0.1,23.0
2021-12-08,Kuusamo lentoasema,-11.9,0.2,25.0
2021-12-08,Kuusamo Kiutaköngäs,-19.2,-1.0,22.0
2021-12-08,Kuusamo Rukatunturi,-13.5,,
2021-12-08,Kuusamo Teeriranta,,-1.0,35.0
2021-12-08,Kuusamo Juuma,-13.3,,
2021-12-08,Ylitornio Meltosjärvi,-15.4,0.2,15.0
2021-12-08,Kolari Kattilamaa,,0.2,25.0
2021-12-08,Pello kirkonkylä,-16.4,-1.0,12.0
2021-12-08,Rovaniemi rautatieasema,-13.7,,
2021-12-08,Sodankylä Tähtelä,-22.5,-1.0,28.0
2021-12-08,Rovaniemi Apukka,-14.6,0.6,19.0
2021-12-08,Pelkosenniemi kirkonkylä,,0.3,24.0
2021-12-08,Kemijärvi lentokenttä,-15.5,0.5,18.0
2021-12-08,Savukoski kirkonkylä,-20.5,-1.0,23.0
2021-12-08,Salla Kelloselkä,,-1.0,35.0
2021-12-08,Pelkosenniemi Pyhätunturi,-13.9,,
2021-12-08,Salla kirkonkylä,-25.0,-1.0,24.0
2021-12-08,Salla Naruska,-18.8,-1.0,31.0
2021-12-08,Enontekiö Kaaresuvanto,,-1.0,45.0
2021-12-08,Enontekiö lentoasema,-18.9,,
2021-12-08,Kittilä Pulju,,-1.0,23.0
2021-12-08,Muonio Laukukero,-14.4,,
2021-12-08,Muonio Sammaltunturi,-14.6,,
2021-12-08,Kittilä Matorova,-18.8,,
2021-12-08,Kittilä lentoasema,-23.4,,
2021-12-08,Kittilä Kenttärova,-19.8,-1.0,58.0
2021-12-08,Kittilä Pakatti,-20.7,0.1,23.0
2021-12-08,Kittilä Pokka,-29.8,-1.0,51.0
2021-12-08,Sodankylä Lokka,-26.7,-1.0,23.0
2021-12-08,Sodankylä Vuotso,-26.2,-1.0,25.0
2021-12-08,Inari Saariselkä matkailukeskus,-25.5,-1.0,42.0
2021-12-08,Inari Saariselkä Kaunispää,-14.0,,
2021-12-08,Inari Raja-Jooseppi Kontiojärvi,,-1.0,20.0
2021-12-08,Inari Raja-Jooseppi,-22.8,,
2021-12-08,Salla Värriötunturi,-17.4,-1.0,42.0
2021-12-08,Enontekiö Kilpisjärvi kyläkeskus,-13.2,-1.0,37.0
2021-12-08,Enontekiö Kilpisjärvi Saana,-16.7,,
2021-12-08,Enontekiö Näkkälä,-17.2,-1.0,45.0
2021-12-08,Inari Angeli Lintupuoliselkä,-26.5,-1.0,25.0
2021-12-08,Inari Ivalo lentoasema,-30.3,,
2021-12-08,Utsjoki Kevo,-31.6,-1.0,22.0
2021-12-08,Utsjoki Nuorgam,-29.2,-1.0,22.0
2021-12-08,Inari Väylä,-30.4,,
2021-12-08,Inari kirkonkylä,,-1.0,15.0
2021-12-08,Inari Kaamanen,-31.3,-1.0,17.0
2021-12-08,Inari Nellim,-30.2,-1.0,14.0
2021-12-08,Inari Kirakkajärvi,-32.1,-1.0,26.0
2021-12-08,Mäntsälä Hirvihaara,-20.4,-1.0,5.0
2021-12-08,Lahti Sopenkorpi,-19.3,-1.0,8.0
2021-12-08,Siuntio Sjundby,,-1.0,1.0
2021-12-08,Sipoo Itätoukki,-8.9,,
2021-12-08,Rauma Pyynpää,-15.1,-1.0,2.0
2021-12-08,Muonio Oustajärvi,-19.3,-1.0,30.0
2021-12-08,Pyhtää lentokenttä,-20.1,-1.0,4.0
2021-12-08,Sotkamo Tuhkakylä,-15.9,-1.0,36.0
2021-12-08,Tervola Loue,-14.2,,
2021-12-08,Kajaani Petäisenniska,-16.5,-1.0,28.0
2021-12-08,Utsjoki Kevo Kevojärvi,-33.6,,
2021-12-08,Inari Seitalaassa,-25.2,,
2021-12-08,Ilmajoki Seinäjoki lentoasema,-20.4,,
2021-12-08,Rovaniemi lentoasema AWOS,-13.8,0.1,12.0
2021-12-08,Jyväskylä lentoasema AWOS,-20.1,-1.0,13.0
2021-12-08,Puumala kirkonkylä,-17.8,-1.0,20.0
2021-12-08,Helsinki Vuosaari satama,-14.4,,
2021-12-08,Maarianhamina Länsisatama,-5.4,,
2021-12-08,Lumparland Långnäs satama,-3.5,-1.0,-1.0
2021-12-08,Tampere Tampella,-16.8,,
2021-12-08,Kittilä Lompolonvuoma,-24.5,-1.0,
2021-12-08,Kuusamo Ruka Talvijärvi,-12.5,,
2021-12-08,Espoo Nuuksio,-16.2,-1.0,5.0
2021-12-08,Mikkeli Lentoasema AWOS,-21.1,-1.0,20.0
2021-12-08,Espoo Tapiola,-15.4,-1.0,2.0
2021-12-09,Porvoo Kilpilahti satama,-7.1,,
2021-12-09,Jomala Maarianhamina lentoasema,-0.2,,
2021-12-09,Parainen Utö,-1.2,1.6,1.0
2021-12-09,Lemland Nyhamn,0.7,,
2021-12-09,Jomala Jomalaby,-0.4,0.8,2.0
2021-12-09,Hammarland Märket,1.1,,
2021-12-09,Kökar Bogskär,-0.4,,
2021-12-09,Parainen Fagerholm,-1.4,0.2,
2021-12-09,Kumlinge kirkonkylä,-1.1,,
2021-12-09,Hanko Russarö,-2.6,-1.0,
2021-12-09,Kaarina Yltöinen,-7.3,-1.0,-1.0
2021-12-09,Kemiönsaari Vänö,-1.9,,
2021-12-09,Hanko Tulliniemi,-2.4,,
2021-12-09,Turku Rajakari,-5.0,,
2021-12-09,Turku Artukainen,-6.8,-1.0,3.0
2021-12-09,Kemiönsaari Kemiö,-6.7,-1.0,-1.0
2021-12-09,Hanko Tvärminne,-3.1,-1.0,-1.0
2021-12-09,Salo Kärkkä,-8.2,-1.0,
2021-12-09,Lohja Leppäkorpi,,-1.0,-1.0
2021-12-09,Raasepori Jussarö,-3.3,,
2021-12-09,Salo Kiikala lentokenttä,-7.8,-1.0,4.0
2021-12-09,Vantaa Helsinki-Vantaan lentoasema,-8.5,0.0,2.0
2021-12-09,Inkoo Bågaskär,-4.5,,
2021-12-09,Helsinki Kaisaniemi,-6.3,-1.0,2.0
2021-12-09,Lohja Porla,-7.8,-1.0,2.0
2021-12-09,Vihti Maasoja,-8.3,,
2021-12-09,Helsinki Harmaja,-5.1,,
2021-12-09,Kirkkonummi Mäkiluoto,-4.2,,
2021-12-09,Helsinki Helsingin majakka,-4.3,,
2021-12-09,Helsinki Kumpula,-7.2,0.0,1.0
2021-12-09,Helsinki Malmi lentokenttä,-7.8,,
2021-12-09,Porvoo Kalbådagrund,-4.1,,
2021-12-09,Porvoo Emäsalo,-6.0,,
2021-12-09,Porvoo Harabacka,-8.5,-1.0,5.0
2021-12-09,Kotka Rankki,-8.1,-1.0,13.0
2021-12-09,Loviisa Orrengrund,-5.5,,
2021-12-09,Kotka Haapasaari,-6.0,,
2021-12-09,Pori lentoasema,-7.7,,
2021-12-09,Uusikaupunki Itätulli,,0.9,0.0
2021-12-09,Kustavi Isokari,-3.4,-1.0,
2021-12-09,Rauma Kylmäpihlaja,-5.9,,
2021-12-09,Pori rautatieasema,-7.5,-1.0,2.0
2021-12-09,Turku lentoasema,-7.4,,
2021-12-09,Kokemäki Rausenkulma,,-1.0,0.0
2021-12-09,Huittinen Sallila,,-1.0,1.0
2021-12-09,Oripää Teinikivi,,-1.0,1.0
2021-12-09,Pöytyä Yläne,,-1.0,0.0
2021-12-09,Kokemäki Tulkkila,-7.2,-1.0,3.0
2021-12-09,Jokioinen Ilmala,-7.1,-1.0,4.0
2021-12-09,Nokia Tottijärvi,,-1.0,3.0
2021-12-09,Pirkkala Tampere-Pirkkala lentoasema,-9.6,,
2021-12-09,Tampere Härmälä,-10.3,-1.0,2.0
2021-12-09,Somero Salkola,-7.8,-1.0,7.0
2021-12-09,Hyvinkää Hyvinkäänkylä,-8.3,-1.0,6.0
2021-12-09,Vihti Hiiskula,,0.3,2.0
2021-12-09,Hämeenlinna Pirttikoski,,-1.0,1.0
2021-12-09,Nurmijärvi Röykkä,-8.5,-1.0,4.0
2021-12-09,Hämeenlinna Katinen,-10.1,-1.0,
2021-12-09,Hattula Lepaa,-10.4,-1.0,6.0
2021-12-09,Hämeenlinna Lammi Pappila,-11.1,-1.0,9.0
2021-12-09,Asikkala Pulkkilanharju,-14.2,,
2021-12-09,Kouvola Utti lentoasema,-18.0,-1.0,11.0
2021-12-09,Kouvola Anjala,-14.4,-1.0,8.0
2021-12-09,Heinola Asemantaus,-16.0,-1.0,
2021-12-09,Kouvola Voikoski,,-1.0,18.0
2021-12-09,Virolahti Koivuniemi,-17.3,-1.0,9.0
2021-12-09,Lappeenranta lentoasema,-21.9,,
2021-12-09,Lappeenranta Konnunsuo,-27.3,,
2021-12-09,Lappeenranta Lepola,-20.8,-1.0,16.0
2021-12-09,Ruokolahti Kotaniemi,,-1.0,27.0
2021-12-09,Lappeenranta Hiekkapakka,-21.3,,
2021-12-09,Parikkala Koitsanlahti,-25.1,-1.0,34.0
2021-12-09,Kaskinen Sälgrund,-7.0,-1.0,
2021-12-09,Merikarvia Tuorila,,-1.0,1.0
2021-12-09,Isojoki Kärjenkoski,,-1.0,2.0
2021-12-09,Teuva Kauppilankylä,,-1.0,8.0
2021-12-09,Pori Tahkoluoto satama,-6.3,,
2021-12-09,Kristiinankaupunki Majakka,-6.7,,
2021-12-09,Karvia Alkkia,-11.1,0.2,13.0
2021-12-09,Kurikka Hirvijärvi,,-1.0,4.0
2021-12-09,Kauhajoki Kuja-Kokko,-10.8,-1.0,10.0
2021-12-09,Kankaanpää Niinisalo lentokenttä,-9.3,0.1,10.0
2021-12-09,Alavus Sulkavankylä,,0.3,8.0
2021-12-09,Virrat Äijänneva,-14.7,,
2021-12-09,Tampere Siilinkari,-10.2,,
2021-12-09,Jämsä Halli lentoasema,-15.5,-1.0,12.0
2021-12-09,Juupajoki Hyytiälä,-15.0,0.0,10.0
2021-12-09,Sysmä Joutsjärvi,,-1.0,11.0
2021-12-09,Jyväskylä Muuratjärvi,,-1.0,17.0
2021-12-09,Luhanka Judinsalo,-13.4,,
2021-12-09,Multia Pirttiperä,,-1.0,16.0
2021-12-09,Joutsa Savenaho,-18.4,-1.0,16.0
2021-12-09,Kangasniemi kirkonkylä,,-1.0,21.0
2021-12-09,Joutsa Pärnämäki,,-1.0,21.0
2021-12-09,Mikkeli Pitkähiekka,,-1.0,19.0
2021-12-09,Juva Partala,-20.2,,
2021-12-09,Varkaus Kosulanniemi,-16.7,0.1,24.0
2021-12-09,Savonlinna Laukansaari,,-1.0,24.0
2021-12-09,Sulkava Halttula,,-1.0,40.0
2021-12-09,Savonlinna lentoasema,-19.9,,
2021-12-09,Rantasalmi Rukkasluoto,-18.2,,
2021-12-09,Savonlinna Punkaharju Laukansaari,-19.6,-1.0,24.0
2021-12-09,Enonkoski Simanala,,0.0,25.0
2021-12-09,Savonlinna Savonranta,,-1.0,26.0
2021-12-09,Rääkkylä kirkonkylä,,0.0,30.0
2021-12-09,Tohmajärvi Kemie,-20.4,-1.0,29.0
2021-12-09,Joensuu Huhtilampi,,0.0,33.0
2021-12-09,Vaasa lentoasema,-12.8,,
2021-12-09,Mustasaari Valassaaret,-9.6,,
2021-12-09,Närpiö Ylimarkku,,-1.0,12.0
2021-12-09,Mustasaari Riimala,,-1.0,16.0
2021-12-09,Kurikka Pyörni,,-1.0,15.0
2021-12-09,Korsnäs Bredskäret,-9.7,,
2021-12-09,Maalahti Strömmingsbådan,-6.7,,
2021-12-09,Vaasa Klemettilä,-11.7,-1.0,14.0
2021-12-09,Seinäjoki Pelmaa,-13.4,-1.0,14.0
2021-12-09,Kauhava lentokenttä,-13.9,0.2,16.0
2021-12-09,Ähtäri Inha,-15.5,-1.0,17.0
2021-12-09,Halsua Purola,-13.7,0.0,23.0
2021-12-09,Alajärvi Möksy,-14.6,-1.0,16.0
2021-12-09,Multia Karhila,-15.1,0.4,15.0
2021-12-09,Viitasaari Haapaniemi,-16.0,0.1,23.0
2021-12-09,Äänekoski Kalaniemi,,-1.0,27.0
2021-12-09,Vesanto kirkonkylä,-16.2,-1.0,29.0
2021-12-09,Pielavesi Venetmäki,,0.2,33.0
2021-12-09,Siilinjärvi Kuopio lentoasema,-17.0,,
2021-12-09,Kuopio Maaninka,-16.4,-1.0,27.0
2021-12-09,Lapinlahti Lamminkäyrä,,0.0,37.0
2021-12-09,Suonenjoki Iisvesi,,0.1,22.0
2021-12-09,Kuopio Karttula,,-1.0,31.0
2021-12-09,Kuopio Ritoniemi,-15.8,,
2021-12-09,Kuopio Savilahti,-15.6,-1.0,25.0
2021-12-09,Heinävesi Palokki,,0.0,23.0
2021-12-09,Outokumpu Viuruniemi,,0.1,27.0
2021-12-09,Rautavaara Ala-Luosta,,0.0,23.0
2021-12-09,Rautavaara Ylä-Luosta,-17.8,0.2,31.0
2021-12-09,Liperi Joensuu lentoasema,-17.3,,
2021-12-09,Juuka Niemelä,-16.0,-1.0,29.0
2021-12-09,Joensuu Pyhäselkä,,0.1,37.0
2021-12-09,Lieksa Koli,,0.1,30.0
2021-12-09,Liperi Tuiskavanluoto,-18.0,,
2021-12-09,Joensuu Linnunlahti,-17.5,-1.0,25.0
2021-12-09,Lieksa Lampela,-15.1,-1.0,22.0
2021-12-09,Ilomantsi Naarva,,0.2,30.0
2021-12-09,Ilomantsi Pötsönvaara,-15.3,-1.0,16.0
2021-12-09,Ilomantsi Mekrijärvi,-15.6,-1.0,26.0
2021-12-09,Pietarsaari Kallan,-10.1,,
2021-12-09,Kokkola Tankar,-10.6,,
2021-12-09,Kruunupyy Kokkola-Pietarsaari lentoasema,-12.2,,
2021-12-09,Kaustinen Tastula,,-1.0,14.0
2021-12-09,Kalajoki Ulkokalla,-6.6,,
2021-12-09,Kokkola Santahaka,-11.9,-1.0,11.0
2021-12-09,Toholampi Oravala,,-1.0,18.0
2021-12-09,Kalajoki Pitkäsenkylä,,-1.0,16.0
2021-12-09,Kalajoki Mehtäkylä,,0.6,20.0
2021-12-09,Toholampi Laitala,-13.6,-1.0,19.0
2021-12-09,Ylivieska lentokenttä,-13.6,-1.0,18.0
2021-12-09,Ylivieska Vähäkangas,,0.1,19.0
2021-12-09,Haapavesi Mustikkamäki,-15.3,-1.0,20.0
2021-12-09,Pyhäjärvi Ojakylä,-16.1,-1.0,19.0
2021-12-09,Pyhäjärvi Hiidenniemi,,0.0,22.0
2021-12-09,Kiuruvesi Korpijoki,,0.0,29.0
2021-12-09,Siikalatva Kestilä,,-1.0,32.0
2021-12-09,Kajaani lentoasema,-14.4,,
2021-12-09,Vieremä Kaarakkala,-16.7,0.2,38.0
2021-12-09,Kajaani Paltaniemi,,0.1,37.0
2021-12-09,Nurmes Valtimo,-15.7,-1.0,28.0
2021-12-09,Ristijärvi Mustavaara,,-1.0,29.0
2021-12-09,Sotkamo Kuolaniemi,-14.3,-1.0,26.0
2021-12-09,Nurmes Mujejärvi,,0.1,34.0
2021-12-09,Kuhmo Apaja,,0.1,32.0
2021-12-09,Kuhmo Kalliojoki,-12.1,-1.0,28.0
2021-12-09,Raahe Nahkiainen,-7.7,,
2021-12-09,Hailuoto Keskikylä,-12.9,-1.0,12.0
2021-12-09,Kemi I majakka,-7.0,,
2021-12-09,Hailuoto Marjaniemi,-10.9,,
2021-12-09,Raahe Lapaluoto satama,-10.4,,
2021-12-09,Oulu lentoasema,-12.7,,
2021-12-09,Siikajoki Ruukki,-13.1,-1.0,15.0
2021-12-09,Oulu Vihreäsaari satama,-12.1,,
2021-12-09,Oulu Oulunsalo Pellonpää,-12.8,-1.0,13.0
2021-12-09,Vaala Pelso,-14.3,-1.0,25.0
2021-12-09,Pudasjärvi lentokenttä,-12.9,-1.0,29.0
2021-12-09,Utajärvi Särkijärvi,,0.0,27.0
2021-12-09,Pudasjärvi Jaurakkajärvi,,0.0,30.0
2021-12-09,Suomussalmi Näljänkä,,-1.0,39.0
2021-12-09,Suomussalmi Pesiö,-11.9,0.1,32.0
2021-12-09,Puolanka Kotila,,0.5,38.0
2021-12-09,Puolanka Paljakka,-13.6,-1.0,39.0
2021-12-09,Kemi Kemi-Tornio lentoasema,-13.4,,
2021-12-09,Kemi Ajos,-11.1,,
2021-12-09,Tornio Kaakkuri,-14.1,-1.0,16.0
2021-12-09,Ranua lentokenttä,-14.9,-1.0,22.0
2021-12-09,Pudasjärvi Sarakylä,,-1.0,14.0
2021-12-09,Posio Raistakka,,0.1,22.0
2021-12-09,Taivalkoski Inkee,,0.0,28.0
2021-12-09,Taivalkoski kirkonkylä,-11.9,-1.0,23.0
2021-12-09,Kuusamo lentoasema,-13.9,-1.0,24.0
2021-12-09,Kuusamo Kiutaköngäs,-15.2,-1.0,22.0
2021-12-09,Kuusamo Rukatunturi,-13.0,,
2021-12-09,Kuusamo Teeriranta,,-1.0,35.0
2021-12-09,Kuusamo Juuma,-13.6,,
2021-12-09,Ylitornio Meltosjärvi,-14.1,0.1,17.0
2021-12-09,Kolari Kattilamaa,,1.3,25.0
2021-12-09,Pello kirkonkylä,-12.9,0.2,16.0
2021-12-09,Rovaniemi rautatieasema,-15.1,,
2021-12-09,Sodankylä Tähtelä,-15.8,0.2,27.0
2021-12-09,Rovaniemi Apukka,-14.2,-1.0,21.0
2021-12-09,Pelkosenniemi kirkonkylä,,-1.0,23.0
2021-12-09,Kemijärvi lentokenttä,-14.3,-1.0,18.0
2021-12-09,Savukoski kirkonkylä,-17.5,-1.0,23.0
2021-12-09,Salla Kelloselkä,,-1.0,35.0
2021-12-09,Pelkosenniemi Pyhätunturi,-12.8,,
2021-12-09,Salla kirkonkylä,-15.7,-1.0,24.0
2021-12-09,Salla Naruska,-15.8,-1.0,31.0
2021-12-09,Enontekiö Kaaresuvanto,,2.5,45.0
2021-12-09,Enontekiö lentoasema,-12.6,,
2021-12-09,Kittilä Pulju,,1.5,23.0
2021-12-09,Muonio Laukukero,-13.3,,
2021-12-09,Muonio Sammaltunturi,-12.6,,
2021-12-09,Kittilä Matorova,-11.9,,
2021-12-09,Kittilä lentoasema,-15.5,,
2021-12-09,Kittilä Kenttärova,-12.1,0.8,58.0
2021-12-09,Kittilä Pakatti,-15.6,1.7,23.0
2021-12-09,Kittilä Pokka,-18.3,0.9,50.0
2021-12-09,Sodankylä Lokka,-16.7,0.5,24.0
2021-12-09,Sodankylä Vuotso,-17.1,0.4,25.0
2021-12-09,Inari Saariselkä matkailukeskus,-15.7,1.1,41.0
2021-12-09,Inari Saariselkä Kaunispää,-13.8,,
2021-12-09,Inari Raja-Jooseppi Kontiojärvi,,0.2,20.0
2021-12-09,Inari Raja-Jooseppi,-14.7,,
2021-12-09,Salla Värriötunturi,-12.6,0.0,42.0
2021-12-09,Enontekiö Kilpisjärvi kyläkeskus,-21.6,-1.0,39.0
2021-12-09,Enontekiö Kilpisjärvi Saana,-17.8,,
2021-12-09,Enontekiö Näkkälä,-12.7,0.8,44.0
2021-12-09,Inari Angeli Lintupuoliselkä,-15.6,0.2,25.0
2021-12-09,Inari Ivalo lentoasema,-17.0,,
2021-12-09,Utsjoki Kevo,-23.6,-1.0,22.0
2021-12-09,Utsjoki Nuorgam,-21.4,-1.0,22.0
2021-12-09,Inari Väylä,-19.7,,
2021-12-09,Inari kirkonkylä,,1.3,15.0
2021-12-09,Inari Kaamanen,-19.6,0.2,16.0
2021-12-09,Inari Nellim,-17.1,0.1,14.0
2021-12-09,Inari Kirakkajärvi,-23.0,-1.0,26.0
2021-12-09,Mäntsälä Hirvihaara,-9.2,-1.0,5.0
2021-12-09,Lahti Sopenkorpi,-11.6,-1.0,8.0
2021-12-09,Siuntio Sjundby,,1.8,1.0
2021-12-09,Sipoo Itätoukki,-3.9,,
2021-12-09,Rauma Pyynpää,-6.7,-1.0,2.0
2021-12-09,Muonio Oustajärvi,-12.7,0.9,30.0
2021-12-09,Pyhtää lentokenttä,-11.1,-1.0,5.0
2021-12-09,Sotkamo Tuhkakylä,-15.5,-1.0,33.0
2021-12-09,Tervola Loue,-14.1,,
2021-12-09,Kajaani Petäisenniska,-14.6,-1.0,27.0
2021-12-09,Utsjoki Kevo Kevojärvi,-24.6,,
2021-12-09,Inari Seitalaassa,-16.0,,
2021-12-09,Ilmajoki Seinäjoki lentoasema,-13.6,,
2021-12-09,Rovaniemi lentoasema AWOS,-14.6,-1.0,13.0
2021-12-09,Jyväskylä lentoasema AWOS,-16.4,-1.0,13.0
2021-12-09,Puumala kirkonkylä,-20.1,-1.0,21.0
2021-12-09,Helsinki Vuosaari satama,-6.4,,
2021-12-09,Maarianhamina Länsisatama,-0.4,,
2021-12-09,Lumparland Långnäs satama,-0.4,0.3,-1.0
2021-12-09,Tampere Tampella,-10.1,,
2021-12-09,Kittilä Lompolonvuoma,-12.3,0.3,
2021-12-09,Kuusamo Ruka Talvijärvi,-12.9,,
2021-12-09,Espoo Nuuksio,-8.3,-1.0,5.0
2021-12-09,Mikkeli Lentoasema AWOS,-20.4,-1.0,21.0
2021-12-09,Espoo Tapiola,-7.0,-1.0,2.0
2021-12-10,Porvoo Kilpilahti satama,-1.9,,
2021-12-10,Jomala Maarianhamina lentoasema,0.4,,
2021-12-10,Parainen Utö,-0.3,4.3,1.0
2021-12-10,Lemland Nyhamn,1.2,,
2021-12-10,Jomala Jomalaby,0.2,1.3,-1.0
2021-12-10,Hammarland Märket,1.8,,
2021-12-10,Kökar Bogskär,1.8,,
2021-12-10,Parainen Fagerholm,-0.6,1.3,
2021-12-10,Kumlinge kirkonkylä,-0.1,,
2021-12-10,Hanko Russarö,-1.1,4.7,
2021-12-10,Kaarina Yltöinen,-2.0,0.9,-1.0
2021-12-10,Kemiönsaari Vänö,-1.0,,
2021-12-10,Hanko Tulliniemi,-1.3,,
2021-12-10,Turku Rajakari,-1.5,,
2021-12-10,Turku Artukainen,-2.2,1.1,3.0
2021-12-10,Kemiönsaari Kemiö,-2.0,1.4,2.0
2021-12-10,Hanko Tvärminne,-1.2,2.1,-1.0
2021-12-10,Salo Kärkkä,-2.1,0.2,
2021-12-10,Lohja Leppäkorpi,,1.0,-1.0
2021-12-10,Raasepori Jussarö,-1.5,,
2021-12-10,Salo Kiikala lentokenttä,-3.0,0.9,4.0
2021-12-10,Vantaa Helsinki-Vantaan lentoasema,-2.5,2.6,1.0
2021-12-10,Inkoo Bågaskär,-1.5,,
2021-12-10,Helsinki Kaisaniemi,-1.9,2.9,2.0
2021-12-10,Lohja Porla,-2.7,2.1,2.0
2021-12-10,Vihti Maasoja,-2.5,,
2021-12-10,Helsinki Harmaja,-1.5,,
2021-12-10,Kirkkonummi Mäkiluoto,-1.4,,
2021-12-10,Helsinki Helsingin majakka,-2.4,,
2021-12-10,Helsinki Kumpula,-2.2,3.2,1.0
2021-12-10,Helsinki Malmi lentokenttä,-2.1,,
2021-12-10,Porvoo Kalbådagrund,-2.6,,
2021-12-10,Porvoo Emäsalo,-2.0,,
2021-12-10,Porvoo Harabacka,-2.9,3.0,6.0
2021-12-10,Kotka Rankki,-3.2,1.0,13.0
2021-12-10,Loviisa Orrengrund,-2.5,,
2021-12-10,Kotka Haapasaari,-3.2,,
2021-12-10,Pori lentoasema,-2.2,,
2021-12-10,Uusikaupunki Itätulli,,0.2,1.0
2021-12-10,Kustavi Isokari,-1.3,0.3,
2021-12-10,Rauma Kylmäpihlaja,-1.7,,
2021-12-10,Pori rautatieasema,-2.2,0.7,3.0
2021-12-10,Turku lentoasema,-2.4,,
2021-12-10,Kokemäki Rausenkulma,,0.2,0.0
2021-12-10,Huittinen Sallila,,0.1,1.0
2021-12-10,Oripää Teinikivi,,-1.0,1.0
2021-12-10,Pöytyä Yläne,,0.2,0.0
2021-12-10,Kokemäki Tulkkila,-2.4,0.1,2.0
2021-12-10,Jokioinen Ilmala,-2.8,0.2,4.0
2021-12-10,Nokia Tottijärvi,,0.5,3.0
2021-12-10,Pirkkala Tampere-Pirkkala lentoasema,-4.4,,
2021-12-10,Tampere Härmälä,-4.6,0.4,2.0
2021-12-10,Somero Salkola,-3.1,0.4,7.0
2021-12-10,Hyvinkää Hyvinkäänkylä,-3.1,0.8,7.0
2021-12-10,Vihti Hiiskula,,1.6,2.0
2021-12-10,Hämeenlinna Pirttikoski,,-1.0,1.0
2021-12-10,Nurmijärvi Röykkä,-3.2,1.9,2.0
2021-12-10,Hämeenlinna Katinen,-3.8,0.2,
2021-12-10,Hattula Lepaa,-3.9,0.2,7.0
2021-12-10,Hämeenlinna Lammi Pappila,-5.2,0.9,10.0
2021-12-10,Asikkala Pulkkilanharju,-7.2,,
2021-12-10,Kouvola Utti lentoasema,-10.2,0.4,11.0
2021-12-10,Kouvola Anjala,-7.8,0.5,8.0
2021-12-10,Heinola Asemantaus,-8.5,0.3,11.0
2021-12-10,Kouvola Voikoski,,0.3,18.0
2021-12-10,Virolahti Koivuniemi,-7.9,2.1,9.0
2021-12-10,Lappeenranta lentoasema,-13.7,,
2021-12-10,Lappeenranta Konnunsuo,-14.7,,
2021-12-10,Lappeenranta Lepola,-13.8,0.2,
2021-12-10,Ruokolahti Kotaniemi,,0.1,25.0
2021-12-10,Lappeenranta Hiekkapakka,-13.3,,
2021-12-10,Parikkala Koitsanlahti,-13.9,-1.0,32.0
2021-12-10,Kaskinen Sälgrund,-2.3,3.0,
2021-12-10,Merikarvia Tuorila,,2.5,1.0
2021-12-10,Isojoki Kärjenkoski,,4.2,2.0
2021-12-10,Teuva Kauppilankylä,,3.9,8.0
2021-12-10,Pori Tahkoluoto satama,-1.7,,
2021-12-10,Kristiinankaupunki Majakka,-2.0,,
2021-12-10,Karvia Alkkia,-5.5,1.5,13.0
2021-12-10,Kurikka Hirvijärvi,,1.2,4.0
2021-12-10,Kauhajoki Kuja-Kokko,-4.4,1.4,9.0
2021-12-10,Kankaanpää Niinisalo lentokenttä,-4.1,1.5,10.0
2021-12-10,Alavus Sulkavankylä,,0.0,8.0
2021-12-10,Virrat Äijänneva,-7.4,,
2021-12-10,Tampere Siilinkari,-4.9,,
2021-12-10,Jämsä Halli lentoasema,-8.5,-1.0,11.0
2021-12-10,Juupajoki Hyytiälä,-7.3,0.2,10.0
2021-12-10,Sysmä Joutsjärvi,,0.0,11.0
2021-12-10,Jyväskylä Muuratjärvi,,0.5,17.0
2021-12-10,Luhanka Judinsalo,-8.9,,
2021-12-10,Multia Pirttiperä,,1.1,16.0
2021-12-10,Joutsa Savenaho,-11.5,-1.0,15.0
2021-12-10,Kangasniemi kirkonkylä,,-1.0,21.0
2021-12-10,Joutsa Pärnämäki,,0.0,21.0
2021-12-10,Mikkeli Pitkähiekka,,-1.0,18.0
2021-12-10,Juva Partala,-12.8,,
2021-12-10,Varkaus Kosulanniemi,-10.7,-1.0,24.0
2021-12-10,Savonlinna Laukansaari,,-1.0,23.0
2021-12-10,Sulkava Halttula,,-1.0,40.0
2021-12-10,Savonlinna lentoasema,-11.5,,
2021-12-10,Rantasalmi Rukkasluoto,-10.6,,
2021-12-10,Savonlinna Punkaharju Laukansaari,-10.7,-1.0,23.0
2021-12-10,Enonkoski Simanala,,-1.0,25.0
2021-12-10,Savonlinna Savonranta,,0.5,26.0
2021-12-10,Rääkkylä kirkonkylä,,0.0,30.0
2021-12-10,Tohmajärvi Kemie,-12.4,-1.0,28.0
2021-12-10,Joensuu Huhtilampi,,-1.0,33.0
2021-12-10,Vaasa lentoasema,-5.2,,
2021-12-10,Mustasaari Valassaaret,-4.8,,
2021-12-10,Närpiö Ylimarkku,,4.5,12.0
2021-12-10,Mustasaari Riimala,,4.7,16.0
2021-12-10,Kurikka Pyörni,,3.4,14.0
2021-12-10,Korsnäs Bredskäret,-4.1,,
2021-12-10,Maalahti Strömmingsbådan,-3.2,,
2021-12-10,Vaasa Klemettilä,-5.2,4.6,14.0
2021-12-10,Seinäjoki Pelmaa,-5.9,2.5,14.0
2021-12-10,Kauhava lentokenttä,-6.0,1.0,15.0
2021-12-10,Ähtäri Inha,-8.3,0.2,18.0
2021-12-10,Halsua Purola,-9.1,1.5,20.0
2021-12-10,Alajärvi Möksy,-9.0,0.6,18.0
2021-12-10,Multia Karhila,-9.2,0.7,15.0
2021-12-10,Viitasaari Haapaniemi,-9.9,0.2,22.0
2021-12-10,Äänekoski Kalaniemi,,-1.0,26.0
2021-12-10,Vesanto kirkonkylä,-10.4,-1.0,22.0
2021-12-10,Pielavesi Venetmäki,,0.2,32.0
2021-12-10,Siilinjärvi Kuopio lentoasema,-11.3,,
2021-12-10,Kuopio Maaninka,-10.4,-1.0,26.0
2021-12-10,Lapinlahti Lamminkäyrä,,-1.0,36.0
2021-12-10,Suonenjoki Iisvesi,,-1.0,22.0
2021-12-10,Kuopio Karttula,,-1.0,29.0
2021-12-10,Kuopio Ritoniemi,-10.7,,
2021-12-10,Kuopio Savilahti,-10.5,0.3,24.0
2021-12-10,Heinävesi Palokki,,-1.0,22.0
2021-12-10,Outokumpu Viuruniemi,,0.0,27.0
2021-12-10,Rautavaara Ala-Luosta,,0.0,23.0
2021-12-10,Rautavaara Ylä-Luosta,-11.3,-1.0,30.0
2021-12-10,Liperi Joensuu lentoasema,-11.0,,
2021-12-10,Juuka Niemelä,-11.1,-1.0,29.0
2021-12-10,Joensuu Pyhäselkä,,-1.0,37.0
2021-12-10,Lieksa Koli,,-1.0,30.0
2021-12-10,Liperi Tuiskavanluoto,-10.4,,
2021-12-10,Joensuu Linnunlahti,-10.3,-1.0,25.0
2021-12-10,Lieksa Lampela,-12.0,-1.0,23.0
2021-12-10,Ilomantsi Naarva,,0.0,31.0
2021-12-10,Ilomantsi Pötsönvaara,-12.4,0.1,20.0
2021-12-10,Ilomantsi Mekrijärvi,-12.3,-1.0,27.0
2021-12-10,Pietarsaari Kallan,-5.3,,
2021-12-10,Kokkola Tankar,-5.7,,
2021-12-10,Kruunupyy Kokkola-Pietarsaari lentoasema,-6.6,,
2021-12-10,Kaustinen Tastula,,1.7,14.0
2021-12-10,Kalajoki Ulkokalla,-5.3,,
2021-12-10,Kokkola Santahaka,-6.3,3.1,11.0
2021-12-10,Toholampi Oravala,,2.4,18.0
2021-12-10,Kalajoki Pitkäsenkylä,,3.3,16.0
2021-12-10,Kalajoki Mehtäkylä,,0.9,17.0
2021-12-10,Toholampi Laitala,-8.3,0.7,19.0
2021-12-10,Ylivieska lentokenttä,-8.5,1.8,18.0
2021-12-10,Ylivieska Vähäkangas,,1.9,19.0
2021-12-10,Haapavesi Mustikkamäki,-9.2,0.7,20.0
2021-12-10,Pyhäjärvi Ojakylä,-9.6,0.5,19.0
2021-12-10,Pyhäjärvi Hiidenniemi,,-1.0,22.0
2021-12-10,Kiuruvesi Korpijoki,,0.2,29.0
2021-12-10,Siikalatva Kestilä,,-1.0,32.0
2021-12-10,Kajaani lentoasema,-10.2,,
2021-12-10,Vieremä Kaarakkala,-11.0,0.1,38.0
2021-12-10,Kajaani Paltaniemi,,-1.0,37.0
2021-12-10,Nurmes Valtimo,-11.7,-1.0,28.0
2021-12-10,Ristijärvi Mustavaara,,-1.0,29.0
2021-12-10,Sotkamo Kuolaniemi,-12.1,0.5,25.0
2021-12-10,Nurmes Mujejärvi,,0.3,33.0
2021-12-10,Kuhmo Apaja,,0.1,32.0
2021-12-10,Kuhmo Kalliojoki,-13.1,-1.0,29.0
2021-12-10,Raahe Nahkiainen,-5.9,,
2021-12-10,Hailuoto Keskikylä,-8.6,0.4,12.0
2021-12-10,Kemi I majakka,-5.4,,
2021-12-10,Hailuoto Marjaniemi,-8.3,,
2021-12-10,Raahe Lapaluoto satama,-6.6,,
2021-12-10,Oulu lentoasema,-8.7,,
2021-12-10,Siikajoki Ruukki,-8.7,0.5,15.0
2021-12-10,Oulu Vihreäsaari satama,-8.2,,
2021-12-10,Oulu Oulunsalo Pellonpää,-9.1,0.3,14.0
2021-12-10,Vaala Pelso,-10.0,0.5,25.0
2021-12-10,Pudasjärvi lentokenttä,-10.3,0.6,30.0
2021-12-10,Utajärvi Särkijärvi,,0.0,27.0
2021-12-10,Pudasjärvi Jaurakkajärvi,,0.6,30.0
2021-12-10,Suomussalmi Näljänkä,,0.1,38.0
2021-12-10,Suomussalmi Pesiö,-12.2,-1.0,32.0
2021-12-10,Puolanka Kotila,,0.8,36.0
2021-12-10,Puolanka Paljakka,-12.1,0.4,38.0
2021-12-10,Kemi Kemi-Tornio lentoasema,-8.8,,
2021-12-10,Kemi Ajos,-7.7,,
2021-12-10,Tornio Kaakkuri,-7.7,2.7,13.0
2021-12-10,Ranua lentokenttä,-10.6,1.3,21.0
2021-12-10,Pudasjärvi Sarakylä,,1.2,14.0
2021-12-10,Posio Raistakka,,1.2,21.0
2021-12-10,Taivalkoski Inkee,,0.7,28.0
2021-12-10,Taivalkoski kirkonkylä,-11.8,1.0,22.0
2021-12-10,Kuusamo lentoasema,-13.7,-1.0,23.0
2021-12-10,Kuusamo Kiutaköngäs,-13.2,1.0,21.0
2021-12-10,Kuusamo Rukatunturi,-12.4,,
2021-12-10,Kuusamo Teeriranta,,-1.0,35.0
2021-12-10,Kuusamo Juuma,-13.5,,
2021-12-10,Ylitornio Meltosjärvi,-9.4,1.5,16.0
2021-12-10,Kolari Kattilamaa,,3.1,26.0
2021-12-10,Pello kirkonkylä,-8.7,2.1,18.0
2021-12-10,Rovaniemi rautatieasema,-9.5,,
2021-12-10,Sodankylä Tähtelä,-9.9,2.2,28.0
2021-12-10,Rovaniemi Apukka,-10.1,2.3,19.0
2021-12-10,Pelkosenniemi kirkonkylä,,2.8,23.0
2021-12-10,Kemijärvi lentokenttä,-10.7,3.3,18.0
2021-12-10,Savukoski kirkonkylä,-11.9,2.7,23.0
2021-12-10,Salla Kelloselkä,,2.1,35.0
2021-12-10,Pelkosenniemi Pyhätunturi,-12.1,,
2021-12-10,Salla kirkonkylä,-11.4,2.0,24.0
2021-12-10,Salla Naruska,-16.1,3.0,30.0
2021-12-10,Enontekiö Kaaresuvanto,,2.0,45.0
2021-12-10,Enontekiö lentoasema,-8.1,,
2021-12-10,Kittilä Pulju,,0.8,28.0
2021-12-10,Muonio Laukukero,-11.1,,
2021-12-10,Muonio Sammaltunturi,-10.3,,
2021-12-10,Kittilä Matorova,-9.1,,
2021-12-10,Kittilä lentoasema,-9.5,,
2021-12-10,Kittilä Kenttärova,-9.2,1.4,61.0
2021-12-10,Kittilä Pakatti,-9.4,1.6,26.0
2021-12-10,Kittilä Pokka,-9.3,0.6,53.0
2021-12-10,Sodankylä Lokka,-10.3,1.7,26.0
2021-12-10,Sodankylä Vuotso,-9.9,1.2,26.0
2021-12-10,Inari Saariselkä matkailukeskus,-10.1,1.1,44.0
2021-12-10,Inari Saariselkä Kaunispää,-11.1,,
2021-12-10,Inari Raja-Jooseppi Kontiojärvi,,0.7,20.0
2021-12-10,Inari Raja-Jooseppi,-9.1,,
2021-12-10,Salla Värriötunturi,-9.8,0.9,39.0
2021-12-10,Enontekiö Kilpisjärvi kyläkeskus,-11.0,0.1,39.0
2021-12-10,Enontekiö Kilpisjärvi Saana,-11.5,,
2021-12-10,Enontekiö Näkkälä,-8.5,1.6,49.0
2021-12-10,Inari Angeli Lintupuoliselkä,-9.0,0.1,26.0
2021-12-10,Inari Ivalo lentoasema,-8.5,,
2021-12-10,Utsjoki Kevo,-10.4,0.3,23.0
2021-12-10,Utsjoki Nuorgam,-7.6,0.5,21.0
2021-12-10,Inari Väylä,-8.4,,
2021-12-10,Inari kirkonkylä,,0.2,18.0
2021-12-10,Inari Kaamanen,-8.4,0.8,19.0
2021-12-10,Inari Nellim,-8.0,0.3,15.0
2021-12-10,Inari Kirakkajärvi,-8.2,0.6,22.0
2021-12-10,Mäntsälä Hirvihaara,-3.7,2.4,5.0
2021-12-10,Lahti Sopenkorpi,-6.2,0.3,9.0
2021-12-10,Siuntio Sjundby,,2.1,2.0
2021-12-10,Sipoo Itätoukki,-1.3,,
2021-12-10,Rauma Pyynpää,-1.9,0.5,2.0
2021-12-10,Muonio Oustajärvi,-8.1,1.1,33.0
2021-12-10,Pyhtää lentokenttä,-3.7,2.1,5.0
2021-12-10,Sotkamo Tuhkakylä,-10.4,-1.0,34.0
2021-12-10,Tervola Loue,-9.2,,
2021-12-10,Kajaani Petäisenniska,-10.3,-1.0,27.0
2021-12-10,Utsjoki Kevo Kevojärvi,-10.9,,
2021-12-10,Inari Seitalaassa,-8.2,,
2021-12-10,Ilmajoki Seinäjoki lentoasema,-6.4,,
2021-12-10,Rovaniemi lentoasema AWOS,-10.6,2.6,13.0
2021-12-10,Jyväskylä lentoasema AWOS,-10.6,-1.0,12.0
2021-12-10,Puumala kirkonkylä,-12.8,0.2,19.0
2021-12-10,Helsinki Vuosaari satama,-1.4,,
2021-12-10,Maarianhamina Länsisatama,0.3,,
2021-12-10,Lumparland Långnäs satama,0.1,1.7,-1.0
2021-12-10,Tampere Tampella,-4.6,,
2021-12-10,Kittilä Lompolonvuoma,-8.6,0.9,
2021-12-10,Kuusamo Ruka Talvijärvi,-11.6,,
2021-12-10,Espoo Nuuksio,-2.9,3.2,5.0
2021-12-10,Mikkeli Lentoasema AWOS,-12.5,0.2,21.0
2021-12-10,Espoo Tapiola,-2.0,4.6,2.0
2021-12-11,Porvoo Kilpilahti satama,0.4,,
2021-12-11,Jomala Maarianhamina lentoasema,1.9,,
2021-12-11,Parainen Utö,2.7,2.0,0.0
2021-12-11,Lemland Nyhamn,3.5,,
2021-12-11,Jomala Jomalaby,2.0,1.0,-1.0
2021-12-11,Hammarland Märket,2.9,,
2021-12-11,Kökar Bogskär,4.1,,
2021-12-11,Parainen Fagerholm,1.5,2.0,
2021-12-11,Kumlinge kirkonkylä,2.0,,
2021-12-11,Hanko Russarö,1.6,5.1,
2021-12-11,Kaarina Yltöinen,0.3,1.8,2.0
2021-12-11,Kemiönsaari Vänö,1.6,,
2021-12-11,Hanko Tulliniemi,1.4,,
2021-12-11,Turku Rajakari,0.6,,
2021-12-11,Turku Artukainen,0.2,1.2,4.0
2021-12-11,Kemiönsaari Kemiö,0.2,2.1,3.0
2021-12-11,Hanko Tvärminne,1.1,6.0,4.0
2021-12-11,Salo Kärkkä,0.2,1.5,
2021-12-11,Lohja Leppäkorpi,,3.8,1.0
2021-12-11,Raasepori Jussarö,1.1,,
2021-12-11,Salo Kiikala lentokenttä,-0.7,3.2,5.0
2021-12-11,Vantaa Helsinki-Vantaan lentoasema,-0.2,3.5,1.0
2021-12-11,Inkoo Bågaskär,0.8,,
2021-12-11,Helsinki Kaisaniemi,0.4,4.1,2.0
2021-12-11,Lohja Porla,-0.2,4.2,5.0
2021-12-11,Vihti Maasoja,-0.1,,
2021-12-11,Helsinki Harmaja,0.7,,
2021-12-11,Kirkkonummi Mäkiluoto,1.0,,
2021-12-11,Helsinki Helsingin majakka,0.7,,
2021-12-11,Helsinki Kumpula,0.1,4.8,1.0
2021-12-11,Helsinki Malmi lentokenttä,0.2,,
2021-12-11,Porvoo Kalbådagrund,0.5,,
2021-12-11,Porvoo Emäsalo,0.4,,
2021-12-11,Porvoo Harabacka,-0.1,2.9,5.0
2021-12-11,Kotka Rankki,-0.4,3.0,13.0
2021-12-11,Loviisa Orrengrund,0.4,,
2021-12-11,Kotka Haapasaari,-0.3,,
2021-12-11,Pori lentoasema,-0.6,,
2021-12-11,Uusikaupunki Itätulli,,1.8,1.0
2021-12-11,Kustavi Isokari,0.4,0.6,
2021-12-11,Rauma Kylmäpihlaja,-0.1,,
2021-12-11,Pori rautatieasema,-0.5,2.8,2.0
2021-12-11,Turku lentoasema,-0.2,,
2021-12-11,Kokemäki Rausenkulma,,2.8,0.0
2021-12-11,Huittinen Sallila,,3.7,1.0
2021-12-11,Oripää Teinikivi,,6.1,1.0
2021-12-11,Pöytyä Yläne,,3.6,0.0
2021-12-11,Kokemäki Tulkkila,-0.8,1.7,3.0
2021-12-11,Jokioinen Ilmala,-0.8,2.5,4.0
2021-12-11,Nokia Tottijärvi,,3.5,3.0
2021-12-11,Pirkkala Tampere-Pirkkala lentoasema,-2.7,,
2021-12-11,Tampere Härmälä,-2.7,3.5,3.0
2021-12-11,Somero Salkola,-0.8,3.6,7.0
2021-12-11,Hyvinkää Hyvinkäänkylä,-0.3,1.6,8.0
2021-12-11,Vihti Hiiskula,,2.9,3.0
2021-12-11,Hämeenlinna Pirttikoski,,2.2,1.0
2021-12-11,Nurmijärvi Röykkä,-0.7,2.4,6.0
2021-12-11,Hämeenlinna Katinen,-1.9,2.3,
2021-12-11,Hattula Lepaa,-2.3,2.2,6.0
2021-12-11,Hämeenlinna Lammi Pappila,-3.2,1.5,10.0
2021-12-11,Asikkala Pulkkilanharju,-4.2,,
2021-12-11,Kouvola Utti lentoasema,-5.0,0.3,11.0
2021-12-11,Kouvola Anjala,-2.8,1.0,8.0
2021-12-11,Heinola Asemantaus,-4.7,0.2,10.0
2021-12-11,Kouvola Voikoski,,-1.0,17.0
2021-12-11,Virolahti Koivuniemi,-2.4,2.8,7.0
2021-12-11,Lappeenranta lentoasema,-6.1,,
2021-12-11,Lappeenranta Konnunsuo,-6.1,,
2021-12-11,Lappeenranta Lepola,-6.2,0.3,16.0
2021-12-11,Ruokolahti Kotaniemi,,1.1,23.0
2021-12-11,Lappeenranta Hiekkapakka,-6.2,,
2021-12-11,Parikkala Koitsanlahti,-4.2,-1.0,40.0
2021-12-11,Kaskinen Sälgrund,-1.8,2.8,
2021-12-11,Merikarvia Tuorila,,4.4,2.0
2021-12-11,Isojoki Kärjenkoski,,3.8,3.0
2021-12-11,Teuva Kauppilankylä,,2.9,10.0
2021-12-11,Pori Tahkoluoto satama,-0.5,,
2021-12-11,Kristiinankaupunki Majakka,-1.7,,
2021-12-11,Karvia Alkkia,-4.0,3.1,13.0
2021-12-11,Kurikka Hirvijärvi,,2.7,4.0
2021-12-11,Kauhajoki Kuja-Kokko,-3.2,2.2,11.0
2021-12-11,Kankaanpää Niinisalo lentokenttä,-3.5,4.7,10.0
2021-12-11,Alavus Sulkavankylä,,1.5,8.0
2021-12-11,Virrat Äijänneva,-5.1,,
2021-12-11,Tampere Siilinkari,-2.9,,
2021-12-11,Jämsä Halli lentoasema,-5.3,3.5,11.0
2021-12-11,Juupajoki Hyytiälä,-4.8,4.6,9.0
2021-12-11,Sysmä Joutsjärvi,,2.0,8.0
2021-12-11,Jyväskylä Muuratjärvi,,3.0,16.0
2021-12-11,Luhanka Judinsalo,-5.2,,
2021-12-11,Multia Pirttiperä,,2.2,15.0
2021-12-11,Joutsa Savenaho,-6.0,4.0,15.0
2021-12-11,Kangasniemi kirkonkylä,,5.0,21.0
2021-12-11,Joutsa Pärnämäki,,5.5,21.0
2021-12-11,Mikkeli Pitkähiekka,,2.2,18.0
2021-12-11,Juva Partala,-4.4,,
2021-12-11,Varkaus Kosulanniemi,-3.2,0.7,24.0
2021-12-11,Savonlinna Laukansaari,,-1.0,22.0
2021-12-11,Sulkava Halttula,,1.2,39.0
2021-12-11,Savonlinna lentoasema,-3.4,,
2021-12-11,Rantasalmi Rukkasluoto,-3.0,,
2021-12-11,Savonlinna Punkaharju Laukansaari,-3.3,0.4,23.0
2021-12-11,Enonkoski Simanala,,0.2,24.0
2021-12-11,Savonlinna Savonranta,,0.3,26.0
2021-12-11,Rääkkylä kirkonkylä,,-1.0,29.0
2021-12-11,Tohmajärvi Kemie,-8.2,0.4,25.0
2021-12-11,Joensuu Huhtilampi,,1.2,33.0
2021-12-11,Vaasa lentoasema,-3.6,,
2021-12-11,Mustasaari Valassaaret,-3.2,,
2021-12-11,Närpiö Ylimarkku,,2.5,14.0
2021-12-11,Mustasaari Riimala,,1.9,17.0
2021-12-11,Kurikka Pyörni,,2.1,16.0
2021-12-11,Korsnäs Bredskäret,-3.2,,
2021-12-11,Maalahti Strömmingsbådan,-2.3,,
2021-12-11,Vaasa Klemettilä,-3.6,1.6,18.0
2021-12-11,Seinäjoki Pelmaa,-4.0,1.2,15.0
2021-12-11,Kauhava lentokenttä,-3.8,0.8,15.0
2021-12-11,Ähtäri Inha,-5.2,1.5,18.0
2021-12-11,Halsua Purola,-4.2,0.7,20.0
2021-12-11,Alajärvi Möksy,-5.0,0.6,17.0
2021-12-11,Multia Karhila,-5.7,1.0,15.0
2021-12-11,Viitasaari Haapaniemi,-3.7,0.6,22.0
2021-12-11,Äänekoski Kalaniemi,,1.4,24.0
2021-12-11,Vesanto kirkonkylä,-3.6,0.6,26.0
2021-12-11,Pielavesi Venetmäki,,0.7,31.0
2021-12-11,Siilinjärvi Kuopio lentoasema,-4.9,,
2021-12-11,Kuopio Maaninka,-4.4,-1.0,27.0
2021-12-11,Lapinlahti Lamminkäyrä,,0.5,36.0
2021-12-11,Suonenjoki Iisvesi,,1.9,22.0
2021-12-11,Kuopio Karttula,,1.2,29.0
2021-12-11,Kuopio Ritoniemi,-3.9,,
2021-12-11,Kuopio Savilahti,-3.6,1.3,24.0
2021-12-11,Heinävesi Palokki,,0.2,21.0
2021-12-11,Outokumpu Viuruniemi,,0.1,26.0
2021-12-11,Rautavaara Ala-Luosta,,0.6,23.0
2021-12-11,Rautavaara Ylä-Luosta,-6.5,1.1,30.0
2021-12-11,Liperi Joensuu lentoasema,-6.8,,
2021-12-11,Juuka Niemelä,-7.1,0.8,29.0
2021-12-11,Joensuu Pyhäselkä,,0.6,36.0
2021-12-11,Lieksa Koli,,1.9,29.0
2021-12-11,Liperi Tuiskavanluoto,-6.5,,
2021-12-11,Joensuu Linnunlahti,-6.6,0.4,25.0
2021-12-11,Lieksa Lampela,-8.5,0.5,23.0
2021-12-11,Ilomantsi Naarva,,0.6,31.0
2021-12-11,Ilomantsi Pötsönvaara,-10.8,0.4,20.0
2021-12-11,Ilomantsi Mekrijärvi,-10.5,0.5,26.0
2021-12-11,Pietarsaari Kallan,-3.3,,
2021-12-11,Kokkola Tankar,-3.2,,
2021-12-11,Kruunupyy Kokkola-Pietarsaari lentoasema,-3.6,,
2021-12-11,Kaustinen Tastula,,1.4,12.0
2021-12-11,Kalajoki Ulkokalla,-2.2,,
2021-12-11,Kokkola Santahaka,-3.4,1.4,13.0
2021-12-11,Toholampi Oravala,,-1.0,19.0
2021-12-11,Kalajoki Pitkäsenkylä,,2.7,18.0
2021-12-11,Kalajoki Mehtäkylä,,2.6,18.0
2021-12-11,Toholampi Laitala,-3.3,0.7,19.0
2021-12-11,Ylivieska lentokenttä,-2.9,2.0,19.0
2021-12-11,Ylivieska Vähäkangas,,2.4,18.0
2021-12-11,Haapavesi Mustikkamäki,-3.3,1.4,20.0
2021-12-11,Pyhäjärvi Ojakylä,-3.5,1.1,19.0
2021-12-11,Pyhäjärvi Hiidenniemi,,1.5,22.0
2021-12-11,Kiuruvesi Korpijoki,,0.0,28.0
2021-12-11,Siikalatva Kestilä,,3.5,32.0
2021-12-11,Kajaani lentoasema,-6.7,,
2021-12-11,Vieremä Kaarakkala,-5.5,0.3,34.0
2021-12-11,Kajaani Paltaniemi,,0.0,35.0
2021-12-11,Nurmes Valtimo,-8.0,0.5,28.0
2021-12-11,Ristijärvi Mustavaara,,-1.0,27.0
2021-12-11,Sotkamo Kuolaniemi,-7.6,0.1,24.0
2021-12-11,Nurmes Mujejärvi,,-1.0,32.0
2021-12-11,Kuhmo Apaja,,0.2,31.0
2021-12-11,Kuhmo Kalliojoki,-8.7,0.2,28.0
2021-12-11,Raahe Nahkiainen,-2.0,,
2021-12-11,Hailuoto Keskikylä,-2.9,2.9,13.0
2021-12-11,Kemi I majakka,-2.2,,
2021-12-11,Hailuoto Marjaniemi,-2.9,,
2021-12-11,Raahe Lapaluoto satama,-1.9,,
2021-12-11,Oulu lentoasema,-3.0,,
2021-12-11,Siikajoki Ruukki,-3.0,2.5,15.0
2021-12-11,Oulu Vihreäsaari satama,-2.8,,
2021-12-11,Oulu Oulunsalo Pellonpää,-3.1,2.7,15.0
2021-12-11,Vaala Pelso,-4.1,0.9,24.0
2021-12-11,Pudasjärvi lentokenttä,-4.5,0.8,30.0
2021-12-11,Utajärvi Särkijärvi,,3.3,26.0
2021-12-11,Pudasjärvi Jaurakkajärvi,,1.4,30.0
2021-12-11,Suomussalmi Näljänkä,,2.1,38.0
2021-12-11,Suomussalmi Pesiö,-7.6,1.7,30.0
2021-12-11,Puolanka Kotila,,0.8,34.0
2021-12-11,Puolanka Paljakka,-8.0,1.1,36.0
2021-12-11,Kemi Kemi-Tornio lentoasema,-3.7,,
2021-12-11,Kemi Ajos,-3.4,,
2021-12-11,Tornio Kaakkuri,-3.4,3.7,10.0
2021-12-11,Ranua lentokenttä,-4.8,2.3,22.0
2021-12-11,Pudasjärvi Sarakylä,,1.7,14.0
2021-12-11,Posio Raistakka,,2.2,21.0
2021-12-11,Taivalkoski Inkee,,1.3,27.0
2021-12-11,Taivalkoski kirkonkylä,-5.9,1.1,22.0
2021-12-11,Kuusamo lentoasema,-7.2,1.3,23.0
2021-12-11,Kuusamo Kiutaköngäs,-7.5,1.0,22.0
2021-12-11,Kuusamo Rukatunturi,-7.4,,
2021-12-11,Kuusamo Teeriranta,,0.2,35.0
2021-12-11,Kuusamo Juuma,-7.9,,
2021-12-11,Ylitornio Meltosjärvi,-5.0,1.9,17.0
2021-12-11,Kolari Kattilamaa,,2.0,29.0
2021-12-11,Pello kirkonkylä,-5.3,2.8,20.0
2021-12-11,Rovaniemi rautatieasema,-4.7,,
2021-12-11,Sodankylä Tähtelä,-6.1,1.5,30.0
2021-12-11,Rovaniemi Apukka,-4.8,1.6,23.0
2021-12-11,Pelkosenniemi kirkonkylä,,3.9,25.0
2021-12-11,Kemijärvi lentokenttä,-5.6,1.2,22.0
2021-12-11,Savukoski kirkonkylä,-7.0,3.6,24.0
2021-12-11,Salla Kelloselkä,,1.6,40.0
2021-12-11,Pelkosenniemi Pyhätunturi,-7.9,,
2021-12-11,Salla kirkonkylä,-6.9,1.0,26.0
2021-12-11,Salla Naruska,-7.8,0.6,34.0
2021-12-11,Enontekiö Kaaresuvanto,,3.0,45.0
2021-12-11,Enontekiö lentoasema,-9.6,,
2021-12-11,Kittilä Pulju,,2.2,26.0
2021-12-11,Muonio Laukukero,-10.6,,
2021-12-11,Muonio Sammaltunturi,-8.8,,
2021-12-11,Kittilä Matorova,-7.7,,
2021-12-11,Kittilä lentoasema,-6.9,,
2021-12-11,Kittilä Kenttärova,-7.9,2.3,62.0
2021-12-11,Kittilä Pakatti,-6.7,1.9,28.0
2021-12-11,Kittilä Pokka,-7.5,1.3,53.0
2021-12-11,Sodankylä Lokka,-6.5,1.4,27.0
2021-12-11,Sodankylä Vuotso,-6.8,0.6,28.0
2021-12-11,Inari Saariselkä matkailukeskus,-7.5,0.2,45.0
2021-12-11,Inari Saariselkä Kaunispää,-8.5,,
2021-12-11,Inari Raja-Jooseppi Kontiojärvi,,0.8,21.0
2021-12-11,Inari Raja-Jooseppi,-6.8,,
2021-12-11,Salla Värriötunturi,-7.5,2.0,39.0
2021-12-11,Enontekiö Kilpisjärvi kyläkeskus,-17.1,3.6,39.0
2021-12-11,Enontekiö Kilpisjärvi Saana,-9.2,,
2021-12-11,Enontekiö Näkkälä,-9.6,2.2,49.0
2021-12-11,Inari Angeli Lintupuoliselkä,-8.9,3.4,27.0
2021-12-11,Inari Ivalo lentoasema,-6.5,,
2021-12-11,Utsjoki Kevo,-15.8,1.0,22.0
2021-12-11,Utsjoki Nuorgam,-10.9,0.4,22.0
2021-12-11,Inari Väylä,-8.3,,
2021-12-11,Inari kirkonkylä,,0.3,18.0
2021-12-11,Inari Kaamanen,-8.9,2.3,21.0
2021-12-11,Inari Nellim,-6.7,0.9,15.0
2021-12-11,Inari Kirakkajärvi,-10.8,1.1,26.0
2021-12-11,Mäntsälä Hirvihaara,-0.8,0.9,6.0
2021-12-11,Lahti Sopenkorpi,-3.7,0.6,9.0
2021-12-11,Siuntio Sjundby,,4.7,2.0
2021-12-11,Sipoo Itätoukki,0.9,,
2021-12-11,Rauma Pyynpää,-0.2,2.6,3.0
2021-12-11,Muonio Oustajärvi,-7.7,2.1,33.0
2021-12-11,Pyhtää lentokenttä,-0.8,3.8,6.0
2021-12-11,Sotkamo Tuhkakylä,-6.5,0.1,35.0
2021-12-11,Tervola Loue,-4.3,,
2021-12-11,Kajaani Petäisenniska,-7.0,0.1,26.0
2021-12-11,Utsjoki Kevo Kevojärvi,-16.6,,
2021-12-11,Inari Seitalaassa,-7.0,,
2021-12-11,Ilmajoki Seinäjoki lentoasema,-4.5,,
2021-12-11,Rovaniemi lentoasema AWOS,-5.4,2.3,16.0
2021-12-11,Jyväskylä lentoasema AWOS,-5.4,1.4,12.0
2021-12-11,Puumala kirkonkylä,-5.3,2.0,20.0
2021-12-11,Helsinki Vuosaari satama,0.7,,
2021-12-11,Maarianhamina Länsisatama,2.0,,
2021-12-11,Lumparland Långnäs satama,2.1,1.1,-1.0
2021-12-11,Tampere Tampella,-2.7,,
2021-12-11,Kittilä Lompolonvuoma,-7.1,2.3,
2021-12-11,Kuusamo Ruka Talvijärvi,-6.7,,
2021-12-11,Espoo Nuuksio,-0.5,3.2,7.0
2021-12-11,Mikkeli Lentoasema AWOS,-5.5,1.7,19.0
2021-12-11,Espoo Tapiola,0.3,4.6,2.0
2021-12-12,Porvoo Kilpilahti satama,1.1,,
2021-12-12,Jomala Maarianhamina lentoasema,-1.7,,
2021-12-12,Parainen Utö,2.9,-1.0,-1.0
2021-12-12,Lemland Nyhamn,3.7,,
2021-12-12,Jomala Jomalaby,-1.4,-1.0,-1.0
2021-12-12,Hammarland Märket,2.9,,
2021-12-12,Kökar Bogskär,4.3,,
2021-12-12,Parainen Fagerholm,1.3,-1.0,
2021-12-12,Kumlinge kirkonkylä,1.7,,
2021-12-12,Hanko Russarö,2.2,0.1,
2021-12-12,Kaarina Yltöinen,0.5,-1.0,2.0
2021-12-12,Kemiönsaari Vänö,2.0,,
2021-12-12,Hanko Tulliniemi,2.3,,
2021-12-12,Turku Rajakari,1.1,,
2021-12-12,Turku Artukainen,0.5,-1.0,4.0
2021-12-12,Kemiönsaari Kemiö,0.4,-1.0,4.0
2021-12-12,Hanko Tvärminne,0.7,0.5,2.0
2021-12-12,Salo Kärkkä,0.4,0.1,
2021-12-12,Lohja Leppäkorpi,,0.4,9.0
2021-12-12,Raasepori Jussarö,2.1,,
2021-12-12,Salo Kiikala lentokenttä,-0.2,0.1,8.0
2021-12-12,Vantaa Helsinki-Vantaan lentoasema,0.4,0.2,3.0
2021-12-12,Inkoo Bågaskär,1.2,,
2021-12-12,Helsinki Kaisaniemi,1.4,0.2,2.0
2021-12-12,Lohja Porla,0.2,-1.0,6.0
2021-12-12,Vihti Maasoja,0.0,,
2021-12-12,Helsinki Harmaja,1.8,,
2021-12-12,Kirkkonummi Mäkiluoto,1.7,,
2021-12-12,Helsinki Helsingin majakka,2.4,,
2021-12-12,Helsinki Kumpula,1.2,0.1,1.0
2021-12-12,Helsinki Malmi lentokenttä,0.6,,
2021-12-12,Porvoo Kalbådagrund,2.2,,
2021-12-12,Porvoo Emäsalo,1.4,,
2021-12-12,Porvoo Harabacka,0.4,0.8,5.0
2021-12-12,Kotka Rankki,0.9,2.8,12.0
2021-12-12,Loviisa Orrengrund,1.5,,
2021-12-12,Kotka Haapasaari,1.6,,
2021-12-12,Pori lentoasema,-0.1,,
2021-12-12,Uusikaupunki Itätulli,,-1.0,4.0
2021-12-12,Kustavi Isokari,0.4,-1.0,
2021-12-12,Rauma Kylmäpihlaja,-0.4,,
2021-12-12,Pori rautatieasema,0.0,0.2,5.0
2021-12-12,Turku lentoasema,0.1,,
2021-12-12,Kokemäki Rausenkulma,,0.4,3.0
2021-12-12,Huittinen Sallila,,-1.0,5.0
2021-12-12,Oripää Teinikivi,,-1.0,3.0
2021-12-12,Pöytyä Yläne,,-1.0,3.0
2021-12-12,Kokemäki Tulkkila,-0.4,0.4,5.0
2021-12-12,Jokioinen Ilmala,-0.5,0.1,7.0
2021-12-12,Nokia Tottijärvi,,0.3,8.0
2021-12-12,Pirkkala Tampere-Pirkkala lentoasema,-0.9,,
2021-12-12,Tampere Härmälä,-0.7,0.4,5.0
2021-12-12,Somero Salkola,-0.1,0.2,10.0
2021-12-12,Hyvinkää Hyvinkäänkylä,0.4,-1.0,8.0
2021-12-12,Vihti Hiiskula,,-1.0,5.0
2021-12-12,Hämeenlinna Pirttikoski,,-1.0,3.0
2021-12-12,Nurmijärvi Röykkä,0.1,-1.0,7.0
2021-12-12,Hämeenlinna Katinen,-0.1,0.4,
2021-12-12,Hattula Lepaa,-0.6,-1.0,7.0
2021-12-12,Hämeenlinna Lammi Pappila,-0.4,0.6,10.0
2021-12-12,Asikkala Pulkkilanharju,-1.2,,
2021-12-12,Kouvola Utti lentoasema,-1.3,4.0,10.0
2021-12-12,Kouvola Anjala,0.0,2.8,8.0
2021-12-12,Heinola Asemantaus,-1.6,0.9,12.0
2021-12-12,Kouvola Voikoski,,2.3,17.0
2021-12-12,Virolahti Koivuniemi,0.0,6.0,6.0
2021-12-12,Lappeenranta lentoasema,-3.3,,
2021-12-12,Lappeenranta Konnunsuo,-3.4,,
2021-12-12,Lappeenranta Lepola,-3.4,3.6,15.0
2021-12-12,Ruokolahti Kotaniemi,,8.4,22.0
2021-12-12,Lappeenranta Hiekkapakka,-3.7,,
2021-12-12,Parikkala Koitsanlahti,-3.7,3.3,41.0
2021-12-12,Kaskinen Sälgrund,0.0,0.3,
2021-12-12,Merikarvia Tuorila,,0.0,4.0
2021-12-12,Isojoki Kärjenkoski,,0.4,4.0
2021-12-12,Teuva Kauppilankylä,,0.6,12.0
2021-12-12,Pori Tahkoluoto satama,0.4,,
2021-12-12,Kristiinankaupunki Majakka,0.3,,
2021-12-12,Karvia Alkkia,-1.5,-1.0,16.0
2021-12-12,Kurikka Hirvijärvi,,1.2,7.0
2021-12-12,Kauhajoki Kuja-Kokko,-1.0,0.3,14.0
2021-12-12,Kankaanpää Niinisalo lentokenttä,-0.9,0.1,15.0
2021-12-12,Alavus Sulkavankylä,,-1.0,11.0
2021-12-12,Virrat Äijänneva,-2.2,,
2021-12-12,Tampere Siilinkari,-0.7,,
2021-12-12,Jämsä Halli lentoasema,-2.4,-1.0,14.0
2021-12-12,Juupajoki Hyytiälä,-1.9,-1.0,13.0
2021-12-12,Sysmä Joutsjärvi,,-1.0,9.0
2021-12-12,Jyväskylä Muuratjärvi,,-1.0,18.0
2021-12-12,Luhanka Judinsalo,-2.0,,
2021-12-12,Multia Pirttiperä,,-1.0,16.0
2021-12-12,Joutsa Savenaho,-3.3,-1.0,16.0
2021-12-12,Kangasniemi kirkonkylä,,1.7,22.0
2021-12-12,Joutsa Pärnämäki,,1.6,20.0
2021-12-12,Mikkeli Pitkähiekka,,2.4,18.0
2021-12-12,Juva Partala,-3.6,,
2021-12-12,Varkaus Kosulanniemi,-3.2,2.9,23.0
2021-12-12,Savonlinna Laukansaari,,6.9,21.0
2021-12-12,Sulkava Halttula,,5.8,33.0
2021-12-12,Savonlinna lentoasema,-3.0,,
2021-12-12,Rantasalmi Rukkasluoto,-2.9,,
2021-12-12,Savonlinna Punkaharju Laukansaari,-2.7,4.6,22.0
2021-12-12,Enonkoski Simanala,,6.6,20.0
2021-12-12,Savonlinna Savonranta,,6.0,26.0
2021-12-12,Rääkkylä kirkonkylä,,3.6,28.0
2021-12-12,Tohmajärvi Kemie,-5.7,4.0,26.0
2021-12-12,Joensuu Huhtilampi,,6.8,32.0
2021-12-12,Vaasa lentoasema,-0.8,,
2021-12-12,Mustasaari Valassaaret,0.0,,
2021-12-12,Närpiö Ylimarkku,,4.6,12.0
2021-12-12,Mustasaari Riimala,,0.1,19.0
2021-12-12,Kurikka Pyörni,,0.2,17.0
2021-12-12,Korsnäs Bredskäret,-0.2,,
2021-12-12,Maalahti Strömmingsbådan,0.7,,
2021-12-12,Vaasa Klemettilä,-0.7,0.1,20.0
2021-12-12,Seinäjoki Pelmaa,-1.2,0.2,15.0
2021-12-12,Kauhava lentokenttä,-1.5,0.1,15.0
2021-12-12,Ähtäri Inha,-2.5,-1.0,19.0
2021-12-12,Halsua Purola,-2.8,-1.0,20.0
2021-12-12,Alajärvi Möksy,-2.8,-1.0,17.0
2021-12-12,Multia Karhila,-3.4,-1.0,16.0
2021-12-12,Viitasaari Haapaniemi,-3.3,-1.0,21.0
2021-12-12,Äänekoski Kalaniemi,,-1.0,23.0
2021-12-12,Vesanto kirkonkylä,-3.5,-1.0,26.0
2021-12-12,Pielavesi Venetmäki,,0.2,30.0
2021-12-12,Siilinjärvi Kuopio lentoasema,-3.5,,
2021-12-12,Kuopio Maaninka,-3.5,0.8,26.0
2021-12-12,Lapinlahti Lamminkäyrä,,0.5,33.0
2021-12-12,Suonenjoki Iisvesi,,1.4,21.0
2021-12-12,Kuopio Karttula,,1.4,29.0
2021-12-12,Kuopio Ritoniemi,-3.1,,
2021-12-12,Kuopio Savilahti,-3.1,1.4,24.0
2021-12-12,Heinävesi Palokki,,4.3,20.0
2021-12-12,Outokumpu Viuruniemi,,5.6,26.0
2021-12-12,Rautavaara Ala-Luosta,,2.5,22.0
2021-12-12,Rautavaara Ylä-Luosta,-4.2,2.8,30.0
2021-12-12,Liperi Joensuu lentoasema,-4.2,,
2021-12-12,Juuka Niemelä,-4.1,2.3,28.0
2021-12-12,Joensuu Pyhäselkä,,4.2,33.0
2021-12-12,Lieksa Koli,,3.7,28.0
2021-12-12,Liperi Tuiskavanluoto,-4.1,,
2021-12-12,Joensuu Linnunlahti,-4.1,4.6,24.0
2021-12-12,Lieksa Lampela,-5.1,2.9,23.0
2021-12-12,Ilomantsi Naarva,,3.7,31.0
2021-12-12,Ilomantsi Pötsönvaara,-6.8,4.0,19.0
2021-12-12,Ilomantsi Mekrijärvi,-6.7,5.4,25.0
2021-12-12,Pietarsaari Kallan,-1.0,,
2021-12-12,Kokkola Tankar,-1.4,,
2021-12-12,Kruunupyy Kokkola-Pietarsaari lentoasema,-1.6,,
2021-12-12,Kaustinen Tastula,,0.1,11.0
2021-12-12,Kalajoki Ulkokalla,-0.6,,
2021-12-12,Kokkola Santahaka,-1.5,0.1,15.0
2021-12-12,Toholampi Oravala,,-1.0,19.0
2021-12-12,Kalajoki Pitkäsenkylä,,-1.0,20.0
2021-12-12,Kalajoki Mehtäkylä,,-1.0,20.0
2021-12-12,Toholampi Laitala,-2.3,-1.0,19.0
2021-12-12,Ylivieska lentokenttä,-2.6,0.1,20.0
2021-12-12,Ylivieska Vähäkangas,,0.2,20.0
2021-12-12,Haapavesi Mustikkamäki,-3.2,0.1,20.0
2021-12-12,Pyhäjärvi Ojakylä,-3.3,-1.0,20.0
2021-12-12,Pyhäjärvi Hiidenniemi,,0.0,21.0
2021-12-12,Kiuruvesi Korpijoki,,0.0,27.0
2021-12-12,Siikalatva Kestilä,,-1.0,28.0
2021-12-12,Kajaani lentoasema,-4.4,,
2021-12-12,Vieremä Kaarakkala,-4.5,0.2,34.0
2021-12-12,Kajaani Paltaniemi,,0.2,33.0
2021-12-12,Nurmes Valtimo,-5.0,1.4,27.0
2021-12-12,Ristijärvi Mustavaara,,1.5,26.0
2021-12-12,Sotkamo Kuolaniemi,-5.5,0.2,23.0
2021-12-12,Nurmes Mujejärvi,,2.4,32.0
2021-12-12,Kuhmo Apaja,,1.5,30.0
2021-12-12,Kuhmo Kalliojoki,-5.8,1.7,26.0
2021-12-12,Raahe Nahkiainen,-1.0,,
2021-12-12,Hailuoto Keskikylä,-2.4,-1.0,15.0
2021-12-12,Kemi I majakka,-0.6,,
2021-12-12,Hailuoto Marjaniemi,-1.8,,
2021-12-12,Raahe Lapaluoto satama,-1.6,,
2021-12-12,Oulu lentoasema,-2.9,,
2021-12-12,Siikajoki Ruukki,-2.8,-1.0,17.0
2021-12-12,Oulu Vihreäsaari satama,-2.8,,
2021-12-12,Oulu Oulunsalo Pellonpää,-3.1,0.2,17.0
2021-12-12,Vaala Pelso,-3.6,0.1,25.0
2021-12-12,Pudasjärvi lentokenttä,-4.6,0.1,30.0
2021-12-12,Utajärvi Särkijärvi,,0.2,25.0
2021-12-12,Pudasjärvi Jaurakkajärvi,,-1.0,31.0
2021-12-12,Suomussalmi Näljänkä,,0.6,38.0
2021-12-12,Suomussalmi Pesiö,-5.9,0.1,31.0
2021-12-12,Puolanka Kotila,,0.9,33.0
2021-12-12,Puolanka Paljakka,-6.2,0.2,36.0
2021-12-12,Kemi Kemi-Tornio lentoasema,-2.8,,
2021-12-12,Kemi Ajos,-2.1,,
2021-12-12,Tornio Kaakkuri,-2.0,0.6,11.0
2021-12-12,Ranua lentokenttä,-4.9,0.2,22.0
2021-12-12,Pudasjärvi Sarakylä,,0.2,14.0
2021-12-12,Posio Raistakka,,0.5,22.0
2021-12-12,Taivalkoski Inkee,,0.3,27.0
2021-12-12,Taivalkoski kirkonkylä,-5.6,-1.0,22.0
2021-12-12,Kuusamo lentoasema,-6.4,0.5,24.0
2021-12-12,Kuusamo Kiutaköngäs,-6.2,0.5,22.0
2021-12-12,Kuusamo Rukatunturi,-7.7,,
2021-12-12,Kuusamo Teeriranta,,2.3,36.0
2021-12-12,Kuusamo Juuma,-6.7,,
2021-12-12,Ylitornio Meltosjärvi,-3.4,0.1,19.0
2021-12-12,Kolari Kattilamaa,,1.0,30.0
2021-12-12,Pello kirkonkylä,-3.0,0.4,22.0
2021-12-12,Rovaniemi rautatieasema,-3.7,,
2021-12-12,Sodankylä Tähtelä,-4.4,0.7,31.0
2021-12-12,Rovaniemi Apukka,-4.2,0.7,23.0
2021-12-12,Pelkosenniemi kirkonkylä,,0.5,28.0
2021-12-12,Kemijärvi lentokenttä,-5.1,0.6,22.0
2021-12-12,Savukoski kirkonkylä,-5.3,0.3,27.0
2021-12-12,Salla Kelloselkä,,0.4,30.0
2021-12-12,Pelkosenniemi Pyhätunturi,-6.4,,
2021-12-12,Salla kirkonkylä,-5.6,0.6,26.0
2021-12-12,Salla Naruska,-6.2,0.8,33.0
2021-12-12,Enontekiö Kaaresuvanto,,-1.0,45.0
2021-12-12,Enontekiö lentoasema,-5.2,,
2021-12-12,Kittilä Pulju,,0.7,28.0
2021-12-12,Muonio Laukukero,-7.7,,
2021-12-12,Muonio Sammaltunturi,-6.2,,
2021-12-12,Kittilä Matorova,-5.0,,
2021-12-12,Kittilä lentoasema,-4.0,,
2021-12-12,Kittilä Kenttärova,-5.1,0.8,63.0
2021-12-12,Kittilä Pakatti,-3.9,0.7,28.0
2021-12-12,Kittilä Pokka,-4.6,0.4,53.0
2021-12-12,Sodankylä Lokka,-5.2,1.0,29.0
2021-12-12,Sodankylä Vuotso,-4.8,0.8,29.0
2021-12-12,Inari Saariselkä matkailukeskus,-5.1,0.6,44.0
2021-12-12,Inari Saariselkä Kaunispää,-6.0,,
2021-12-12,Inari Raja-Jooseppi Kontiojärvi,,-1.0,22.0
2021-12-12,Inari Raja-Jooseppi,-4.7,,
2021-12-12,Salla Värriötunturi,-6.3,0.7,39.0
2021-12-12,Enontekiö Kilpisjärvi kyläkeskus,-6.5,1.0,43.0
2021-12-12,Enontekiö Kilpisjärvi Saana,-9.0,,
2021-12-12,Enontekiö Näkkälä,-5.6,0.6,50.0
2021-12-12,Inari Angeli Lintupuoliselkä,-5.2,0.7,31.0
2021-12-12,Inari Ivalo lentoasema,-4.0,,
2021-12-12,Utsjoki Kevo,-10.9,2.3,24.0
2021-12-12,Utsjoki Nuorgam,-9.2,2.7,22.0
2021-12-12,Inari Väylä,-4.7,,
2021-12-12,Inari kirkonkylä,,3.4,18.0
2021-12-12,Inari Kaamanen,-5.2,1.7,23.0
2021-12-12,Inari Nellim,-4.0,1.3,16.0
2021-12-12,Inari Kirakkajärvi,-8.0,2.1,28.0
2021-12-12,Mäntsälä Hirvihaara,0.1,0.7,6.0
2021-12-12,Lahti Sopenkorpi,-0.1,0.1,9.0
2021-12-12,Siuntio Sjundby,,0.4,3.0
2021-12-12,Sipoo Itätoukki,2.0,,
2021-12-12,Rauma Pyynpää,-0.5,-1.0,6.0
2021-12-12,Muonio Oustajärvi,-4.1,1.0,34.0
2021-12-12,Pyhtää lentokenttä,0.5,1.8,7.0
2021-12-12,Sotkamo Tuhkakylä,-4.5,0.2,34.0
2021-12-12,Tervola Loue,-3.3,,
2021-12-12,Kajaani Petäisenniska,-4.6,0.2,26.0
2021-12-12,Utsjoki Kevo Kevojärvi,-10.5,,
2021-12-12,Inari Seitalaassa,-4.1,,
2021-12-12,Ilmajoki Seinäjoki lentoasema,-1.6,,
2021-12-12,Rovaniemi lentoasema AWOS,-4.6,1.0,16.0
2021-12-12,Jyväskylä lentoasema AWOS,-3.4,-1.0,14.0
2021-12-12,Puumala kirkonkylä,-3.5,6.0,20.0
2021-12-12,Helsinki Vuosaari satama,1.0,,
2021-12-12,Maarianhamina Länsisatama,0.2,,
2021-12-12,Lumparland Långnäs satama,0.6,-1.0,-1.0
2021-12-12,Tampere Tampella,-0.4,,
2021-12-12,Kittilä Lompolonvuoma,-4.6,0.6,
2021-12-12,Kuusamo Ruka Talvijärvi,-6.3,,
2021-12-12,Espoo Nuuksio,0.1,0.4,8.0
2021-12-12,Mikkeli Lentoasema AWOS,-3.1,3.0,20.0
2021-12-12,Espoo Tapiola,0.9,0.9,2.0
2021-12-13,Porvoo Kilpilahti satama,1.2,,
2021-12-13,Jomala Maarianhamina lentoasema,1.4,,
2021-12-13,Parainen Utö,3.1,2.7,-1.0
2021-12-13,Lemland Nyhamn,3.2,,
2021-12-13,Jomala Jomalaby,1.0,3.8,-1.0
2021-12-13,Hammarland Märket,1.6,,
2021-12-13,Kökar Bogskär,3.8,,
2021-12-13,Parainen Fagerholm,2.0,2.8,
2021-12-13,Kumlinge kirkonkylä,1.7,,
2021-12-13,Hanko Russarö,3.0,0.8,
2021-12-13,Kaarina Yltöinen,0.3,3.2,-1.0
2021-12-13,Kemiönsaari Vänö,2.8,,
2021-12-13,Hanko Tulliniemi,2.9,,
2021-12-13,Turku Rajakari,1.8,,
2021-12-13,Turku Artukainen,0.8,4.0,4.0
2021-12-13,Kemiönsaari Kemiö,0.5,3.0,3.0
2021-12-13,Hanko Tvärminne,2.4,0.9,-1.0
2021-12-13,Salo Kärkkä,0.5,1.3,
2021-12-13,Lohja Leppäkorpi,,1.4,8.0
2021-12-13,Raasepori Jussarö,2.7,,
2021-12-13,Salo Kiikala lentokenttä,0.0,0.3,8.0
2021-12-13,Vantaa Helsinki-Vantaan lentoasema,0.8,0.8,3.0
2021-12-13,Inkoo Bågaskär,2.0,,
2021-12-13,Helsinki Kaisaniemi,1.7,0.9,2.0
2021-12-13,Lohja Porla,0.6,0.1,6.0
2021-12-13,Vihti Maasoja,0.5,,
2021-12-13,Helsinki Harmaja,1.9,,
2021-12-13,Kirkkonummi Mäkiluoto,2.2,,
2021-12-13,Helsinki Helsingin majakka,2.2,,
2021-12-13,Helsinki Kumpula,1.2,2.1,1.0
2021-12-13,Helsinki Malmi lentokenttä,1.3,,
2021-12-13,Porvoo Kalbådagrund,2.1,,
2021-12-13,Porvoo Emäsalo,1.4,,
2021-12-13,Porvoo Harabacka,0.9,0.7,5.0
2021-12-13,Kotka Rankki,0.7,0.1,11.0
2021-12-13,Loviisa Orrengrund,1.2,,
2021-12-13,Kotka Haapasaari,1.4,,
2021-12-13,Pori lentoasema,0.3,,
2021-12-13,Uusikaupunki Itätulli,,9.7,4.0
2021-12-13,Kustavi Isokari,1.8,5.3,
2021-12-13,Rauma Kylmäpihlaja,1.2,,
2021-12-13,Pori rautatieasema,0.3,1.0,6.0
2021-12-13,Turku lentoasema,0.3,,
2021-12-13,Kokemäki Rausenkulma,,1.2,2.0
2021-12-13,Huittinen Sallila,,4.6,5.0
2021-12-13,Oripää Teinikivi,,-1.0,1.0
2021-12-13,Pöytyä Yläne,,5.6,3.0
2021-12-13,Kokemäki Tulkkila,-0.6,0.9,5.0
2021-12-13,Jokioinen Ilmala,-0.8,1.9,7.0
2021-12-13,Nokia Tottijärvi,,1.8,8.0
2021-12-13,Pirkkala Tampere-Pirkkala lentoasema,-1.6,,
2021-12-13,Tampere Härmälä,-1.1,1.9,4.0
2021-12-13,Somero Salkola,-0.4,1.3,11.0
2021-12-13,Hyvinkää Hyvinkäänkylä,0.5,1.0,8.0
2021-12-13,Vihti Hiiskula,,2.0,5.0
2021-12-13,Hämeenlinna Pirttikoski,,0.9,2.0
2021-12-13,Nurmijärvi Röykkä,0.0,1.4,7.0
2021-12-13,Hämeenlinna Katinen,-0.2,1.4,
2021-12-13,Hattula Lepaa,-0.7,2.3,8.0
2021-12-13,Hämeenlinna Lammi Pappila,-0.5,3.1,11.0
2021-12-13,Asikkala Pulkkilanharju,-0.4,,
2021-12-13,Kouvola Utti lentoasema,-0.6,1.7,13.0
2021-12-13,Kouvola Anjala,0.3,0.8,10.0
2021-12-13,Heinola Asemantaus,-0.3,1.3,12.0
2021-12-13,Kouvola Voikoski,,1.2,19.0
2021-12-13,Virolahti Koivuniemi,0.4,1.0,10.0
2021-12-13,Lappeenranta lentoasema,-1.8,,
2021-12-13,Lappeenranta Konnunsuo,-1.9,,
2021-12-13,Lappeenranta Lepola,-1.6,0.3,19.0
2021-12-13,Ruokolahti Kotaniemi,,1.9,30.0
2021-12-13,Lappeenranta Hiekkapakka,-2.2,,
2021-12-13,Parikkala Koitsanlahti,-3.2,0.2,42.0
2021-12-13,Kaskinen Sälgrund,1.0,2.2,
2021-12-13,Merikarvia Tuorila,,5.3,4.0
2021-12-13,Isojoki Kärjenkoski,,3.8,4.0
2021-12-13,Teuva Kauppilankylä,,3.0,13.0
2021-12-13,Pori Tahkoluoto satama,2.2,,
2021-12-13,Kristiinankaupunki Majakka,2.4,,
2021-12-13,Karvia Alkkia,-0.7,3.3,16.0
2021-12-13,Kurikka Hirvijärvi,,2.4,8.0
2021-12-13,Kauhajoki Kuja-Kokko,0.5,1.3,13.0
2021-12-13,Kankaanpää Niinisalo lentokenttä,-0.6,3.4,14.0
2021-12-13,Alavus Sulkavankylä,,2.1,11.0
2021-12-13,Virrat Äijänneva,-0.9,,
2021-12-13,Tampere Siilinkari,-0.9,,
2021-12-13,Jämsä Halli lentoasema,-1.3,2.4,14.0
2021-12-13,Juupajoki Hyytiälä,-1.1,2.4,13.0
2021-12-13,Sysmä Joutsjärvi,,3.4,9.0
2021-12-13,Jyväskylä Muuratjärvi,,4.3,18.0
2021-12-13,Luhanka Judinsalo,-0.7,,
2021-12-13,Multia Pirttiperä,,4.5,16.0
2021-12-13,Joutsa Savenaho,-1.5,4.4,15.0
2021-12-13,Kangasniemi kirkonkylä,,4.3,21.0
2021-12-13,Joutsa Pärnämäki,,4.1,21.0
2021-12-13,Mikkeli Pitkähiekka,,2.7,19.0
2021-12-13,Juva Partala,-2.0,,
2021-12-13,Varkaus Kosulanniemi,-1.7,3.2,25.0
2021-12-13,Savonlinna Laukansaari,,1.7,26.0
2021-12-13,Sulkava Halttula,,5.5,36.0
2021-12-13,Savonlinna lentoasema,-2.3,,
2021-12-13,Rantasalmi Rukkasluoto,-2.0,,
2021-12-13,Savonlinna Punkaharju Laukansaari,-2.5,1.3,25.0
2021-12-13,Enonkoski Simanala,,3.0,25.0
2021-12-13,Savonlinna Savonranta,,3.1,28.0
2021-12-13,Rääkkylä kirkonkylä,,1.6,30.0
2021-12-13,Tohmajärvi Kemie,-5.0,1.0,29.0
2021-12-13,Joensuu Huhtilampi,,1.3,35.0
2021-12-13,Vaasa lentoasema,1.1,,
2021-12-13,Mustasaari Valassaaret,1.3,,
2021-12-13,Närpiö Ylimarkku,,-1.0,10.0
2021-12-13,Mustasaari Riimala,,1.5,17.0
2021-12-13,Kurikka Pyörni,,0.8,16.0
2021-12-13,Korsnäs Bredskäret,1.3,,
2021-12-13,Maalahti Strömmingsbådan,2.1,,
2021-12-13,Vaasa Klemettilä,1.1,1.5,19.0
2021-12-13,Seinäjoki Pelmaa,0.4,1.7,14.0
2021-12-13,Kauhava lentokenttä,0.3,1.8,11.0
2021-12-13,Ähtäri Inha,-1.2,3.6,19.0
2021-12-13,Halsua Purola,-0.8,2.2,20.0
2021-12-13,Alajärvi Möksy,-0.9,3.1,17.0
2021-12-13,Multia Karhila,-1.7,2.6,15.0
2021-12-13,Viitasaari Haapaniemi,-1.6,1.8,20.0
2021-12-13,Äänekoski Kalaniemi,,2.4,23.0
2021-12-13,Vesanto kirkonkylä,-2.0,4.2,25.0
2021-12-13,Pielavesi Venetmäki,,2.4,30.0
2021-12-13,Siilinjärvi Kuopio lentoasema,-2.1,,
2021-12-13,Kuopio Maaninka,-2.0,1.8,26.0
2021-12-13,Lapinlahti Lamminkäyrä,,2.0,32.0
2021-12-13,Suonenjoki Iisvesi,,1.9,22.0
2021-12-13,Kuopio Karttula,,3.0,29.0
2021-12-13,Kuopio Ritoniemi,-1.9,,
2021-12-13,Kuopio Savilahti,-1.5,1.6,25.0
2021-12-13,Heinävesi Palokki,,1.8,22.0
2021-12-13,Outokumpu Viuruniemi,,0.8,27.0
2021-12-13,Rautavaara Ala-Luosta,,1.2,23.0
2021-12-13,Rautavaara Ylä-Luosta,-3.1,1.9,32.0
2021-12-13,Liperi Joensuu lentoasema,-4.7,,
2021-12-13,Juuka Niemelä,-2.7,0.8,30.0
2021-12-13,Joensuu Pyhäselkä,,1.2,36.0
2021-12-13,Lieksa Koli,,1.0,31.0
2021-12-13,Liperi Tuiskavanluoto,-4.2,,
2021-12-13,Joensuu Linnunlahti,-4.4,0.9,27.0
2021-12-13,Lieksa Lampela,-4.1,0.6,24.0
2021-12-13,Ilomantsi Naarva,,2.5,34.0
2021-12-13,Ilomantsi Pötsönvaara,-6.1,1.2,23.0
2021-12-13,Ilomantsi Mekrijärvi,-6.0,0.7,32.0
2021-12-13,Pietarsaari Kallan,0.8,,
2021-12-13,Kokkola Tankar,0.5,,
2021-12-13,Kruunupyy Kokkola-Pietarsaari lentoasema,0.1,,
2021-12-13,Kaustinen Tastula,,1.8,11.0
2021-12-13,Kalajoki Ulkokalla,0.8,,
2021-12-13,Kokkola Santahaka,0.4,1.3,14.0
2021-12-13,Toholampi Oravala,,2.0,19.0
2021-12-13,Kalajoki Pitkäsenkylä,,-1.0,19.0
2021-12-13,Kalajoki Mehtäkylä,,1.5,20.0
2021-12-13,Toholampi Laitala,-0.3,0.7,19.0
2021-12-13,Ylivieska lentokenttä,-0.8,1.4,19.0
2021-12-13,Ylivieska Vähäkangas,,1.2,20.0
2021-12-13,Haapavesi Mustikkamäki,-1.3,0.8,20.0
2021-12-13,Pyhäjärvi Ojakylä,-1.7,1.5,20.0
2021-12-13,Pyhäjärvi Hiidenniemi,,1.5,21.0
2021-12-13,Kiuruvesi Korpijoki,,4.2,26.0
2021-12-13,Siikalatva Kestilä,,1.7,28.0
2021-12-13,Kajaani lentoasema,-2.2,,
2021-12-13,Vieremä Kaarakkala,-2.9,3.4,34.0
2021-12-13,Kajaani Paltaniemi,,2.0,30.0
2021-12-13,Nurmes Valtimo,-2.9,1.0,27.0
2021-12-13,Ristijärvi Mustavaara,,1.2,26.0
2021-12-13,Sotkamo Kuolaniemi,-2.8,1.4,23.0
2021-12-13,Nurmes Mujejärvi,,1.2,33.0
2021-12-13,Kuhmo Apaja,,0.1,31.0
2021-12-13,Kuhmo Kalliojoki,-3.6,0.3,27.0
2021-12-13,Raahe Nahkiainen,0.4,,
2021-12-13,Hailuoto Keskikylä,-0.5,1.6,15.0
2021-12-13,Kemi I majakka,0.2,,
2021-12-13,Hailuoto Marjaniemi,-0.3,,
2021-12-13,Raahe Lapaluoto satama,0.1,,
2021-12-13,Oulu lentoasema,-0.8,,
2021-12-13,Siikajoki Ruukki,-0.7,0.9,17.0
2021-12-13,Oulu Vihreäsaari satama,-0.8,,
2021-12-13,Oulu Oulunsalo Pellonpää,-1.0,2.7,16.0
2021-12-13,Vaala Pelso,-1.6,0.7,24.0
2021-12-13,Pudasjärvi lentokenttä,-2.0,0.9,30.0
2021-12-13,Utajärvi Särkijärvi,,1.6,25.0
2021-12-13,Pudasjärvi Jaurakkajärvi,,0.8,31.0
2021-12-13,Suomussalmi Näljänkä,,1.9,38.0
2021-12-13,Suomussalmi Pesiö,-3.3,1.6,31.0
2021-12-13,Puolanka Kotila,,1.2,33.0
2021-12-13,Puolanka Paljakka,-3.5,0.9,35.0
2021-12-13,Kemi Kemi-Tornio lentoasema,-0.9,,
2021-12-13,Kemi Ajos,-0.8,,
2021-12-13,Tornio Kaakkuri,-0.8,1.6,11.0
2021-12-13,Ranua lentokenttä,-2.3,1.0,21.0
2021-12-13,Pudasjärvi Sarakylä,,1.3,14.0
2021-12-13,Posio Raistakka,,1.2,22.0
2021-12-13,Taivalkoski Inkee,,1.4,26.0
2021-12-13,Taivalkoski kirkonkylä,-2.6,0.7,22.0
2021-12-13,Kuusamo lentoasema,-3.6,0.7,23.0
2021-12-13,Kuusamo Kiutaköngäs,-3.9,1.0,22.0
2021-12-13,Kuusamo Rukatunturi,-4.9,,
2021-12-13,Kuusamo Teeriranta,,1.0,33.0
2021-12-13,Kuusamo Juuma,-3.9,,
2021-12-13,Ylitornio Meltosjärvi,-1.9,0.4,19.0
2021-12-13,Kolari Kattilamaa,,0.8,30.0
2021-12-13,Pello kirkonkylä,-2.1,-1.0,22.0
2021-12-13,Rovaniemi rautatieasema,-1.7,,
2021-12-13,Sodankylä Tähtelä,-2.8,0.7,31.0
2021-12-13,Rovaniemi Apukka,-2.1,2.0,23.0
2021-12-13,Pelkosenniemi kirkonkylä,,1.6,27.0
2021-12-13,Kemijärvi lentokenttä,-3.1,1.9,22.0
2021-12-13,Savukoski kirkonkylä,-3.2,1.8,27.0
2021-12-13,Salla Kelloselkä,,1.8,30.0
2021-12-13,Pelkosenniemi Pyhätunturi,-4.5,,
2021-12-13,Salla kirkonkylä,-3.4,1.5,26.0
2021-12-13,Salla Naruska,-4.2,1.7,33.0
2021-12-13,Enontekiö Kaaresuvanto,,-1.0,45.0
2021-12-13,Enontekiö lentoasema,-3.7,,
2021-12-13,Kittilä Pulju,,-1.0,28.0
2021-12-13,Muonio Laukukero,-6.0,,
2021-12-13,Muonio Sammaltunturi,-4.7,,
2021-12-13,Kittilä Matorova,-3.5,,
2021-12-13,Kittilä lentoasema,-3.4,,
2021-12-13,Kittilä Kenttärova,-3.7,-1.0,63.0
2021-12-13,Kittilä Pakatti,-3.1,0.1,28.0
2021-12-13,Kittilä Pokka,-3.2,-1.0,52.0
2021-12-13,Sodankylä Lokka,-3.4,1.6,29.0
2021-12-13,Sodankylä Vuotso,-3.3,0.2,28.0
2021-12-13,Inari Saariselkä matkailukeskus,-3.5,0.3,44.0
2021-12-13,Inari Saariselkä Kaunispää,-4.3,,
2021-12-13,Inari Raja-Jooseppi Kontiojärvi,,1.1,22.0
2021-12-13,Inari Raja-Jooseppi,-3.3,,
2021-12-13,Salla Värriötunturi,-4.1,0.7,38.0
2021-12-13,Enontekiö Kilpisjärvi kyläkeskus,-6.4,0.1,43.0
2021-12-13,Enontekiö Kilpisjärvi Saana,-6.2,,
2021-12-13,Enontekiö Näkkälä,-4.1,-1.0,49.0
2021-12-13,Inari Angeli Lintupuoliselkä,-2.9,0.3,31.0
2021-12-13,Inari Ivalo lentoasema,-2.4,,
2021-12-13,Utsjoki Kevo,-2.3,-1.0,26.0
2021-12-13,Utsjoki Nuorgam,-1.7,0.6,25.0
2021-12-13,Inari Väylä,-2.1,,
2021-12-13,Inari kirkonkylä,,0.3,21.0
2021-12-13,Inari Kaamanen,-2.2,0.3,24.0
2021-12-13,Inari Nellim,-1.9,0.1,18.0
2021-12-13,Inari Kirakkajärvi,-2.2,0.7,30.0
2021-12-13,Mäntsälä Hirvihaara,0.0,1.1,5.0
2021-12-13,Lahti Sopenkorpi,-0.2,1.8,9.0
2021-12-13,Siuntio Sjundby,,1.0,3.0
2021-12-13,Sipoo Itätoukki,2.0,,
2021-12-13,Rauma Pyynpää,0.4,4.5,6.0
2021-12-13,Muonio Oustajärvi,-3.5,-1.0,33.0
2021-12-13,Pyhtää lentokenttä,0.5,0.2,6.0
2021-12-13,Sotkamo Tuhkakylä,-2.7,2.0,33.0
2021-12-13,Tervola Loue,-1.2,,
2021-12-13,Kajaani Petäisenniska,-2.5,1.2,25.0
2021-12-13,Utsjoki Kevo Kevojärvi,-2.3,,
2021-12-13,Inari Seitalaassa,-2.2,,
2021-12-13,Ilmajoki Seinäjoki lentoasema,-0.1,,
2021-12-13,Rovaniemi lentoasema AWOS,-2.8,2.6,17.0
2021-12-13,Jyväskylä lentoasema AWOS,-1.7,3.3,13.0
2021-12-13,Puumala kirkonkylä,-1.7,0.7,25.0
2021-12-13,Helsinki Vuosaari satama,1.5,,
2021-12-13,Maarianhamina Länsisatama,2.2,,
2021-12-13,Lumparland Långnäs satama,1.5,2.3,-1.0
2021-12-13,Tampere Tampella,-0.7,,
2021-12-13,Kittilä Lompolonvuoma,-3.5,-1.0,
2021-12-13,Kuusamo Ruka Talvijärvi,-3.6,,
2021-12-13,Espoo Nuuksio,0.3,1.8,8.0
2021-12-13,Mikkeli Lentoasema AWOS,-1.3,2.4,22.0
2021-12-13,Espoo Tapiola,1.4,0.9,2.0
2021-12-14,Porvoo Kilpilahti satama,2.5,,
2021-12-14,Jomala Maarianhamina lentoasema,2.8,,
2021-12-14,Parainen Utö,3.9,2.3,-1.0
2021-12-14,Lemland Nyhamn,3.5,,
2021-12-14,Jomala Jomalaby,2.5,0.6,-1.0
2021-12-14,Hammarland Märket,2.3,,
2021-12-14,Kökar Bogskär,4.2,,
2021-12-14,Parainen Fagerholm,3.2,3.0,
2021-12-14,Kumlinge kirkonkylä,2.6,,
2021-12-14,Hanko Russarö,3.3,2.3,
2021-12-14,Kaarina Yltöinen,2.4,4.4,-1.0
2021-12-14,Kemiönsaari Vänö,3.7,,
2021-12-14,Hanko Tulliniemi,3.1,,
2021-12-14,Turku Rajakari,3.1,,
2021-12-14,Turku Artukainen,3.2,4.9,-1.0
2021-12-14,Kemiönsaari Kemiö,2.9,6.8,2.0
2021-12-14,Hanko Tvärminne,3.0,4.5,-1.0
2021-12-14,Salo Kärkkä,2.9,3.9,
2021-12-14,Lohja Leppäkorpi,,4.3,3.0
2021-12-14,Raasepori Jussarö,2.9,,
2021-12-14,Salo Kiikala lentokenttä,1.8,3.7,5.0
2021-12-14,Vantaa Helsinki-Vantaan lentoasema,2.2,6.7,2.0
2021-12-14,Inkoo Bågaskär,2.8,,
2021-12-14,Helsinki Kaisaniemi,2.8,4.5,-1.0
2021-12-14,Lohja Porla,2.1,5.5,5.0
2021-12-14,Vihti Maasoja,2.2,,
2021-12-14,Helsinki Harmaja,2.7,,
2021-12-14,Kirkkonummi Mäkiluoto,2.9,,
2021-12-14,Helsinki Helsingin majakka,2.9,,
2021-12-14,Helsinki Kumpula,2.4,7.0,1.0
2021-12-14,Helsinki Malmi lentokenttä,2.5,,
2021-12-14,Porvoo Kalbådagrund,2.7,,
2021-12-14,Porvoo Emäsalo,2.2,,
2021-12-14,Porvoo Harabacka,2.3,6.5,4.0
2021-12-14,Kotka Rankki,1.7,7.3,9.0
2021-12-14,Loviisa Orrengrund,2.1,,
2021-12-14,Kotka Haapasaari,2.3,,
2021-12-14,Pori lentoasema,2.1,,
2021-12-14,Uusikaupunki Itätulli,,1.1,-1.0
2021-12-14,Kustavi Isokari,2.7,0.5,
2021-12-14,Rauma Kylmäpihlaja,2.3,,
2021-12-14,Pori rautatieasema,2.4,0.7,3.0
2021-12-14,Turku lentoasema,2.9,,
2021-12-14,Kokemäki Rausenkulma,,0.6,0.0
2021-12-14,Huittinen Sallila,,4.3,1.0
2021-12-14,Oripää Teinikivi,,-1.0,0.0
2021-12-14,Pöytyä Yläne,,0.9,-1.0
2021-12-14,Kokemäki Tulkkila,2.3,0.5,2.0
2021-12-14,Jokioinen Ilmala,2.1,4.9,4.0
2021-12-14,Nokia Tottijärvi,,3.2,5.0
2021-12-14,Pirkkala Tampere-Pirkkala lentoasema,1.7,,
2021-12-14,Tampere Härmälä,2.0,3.9,5.0
2021-12-14,Somero Salkola,1.3,4.3,9.0
2021-12-14,Hyvinkää Hyvinkäänkylä,2.0,6.0,7.0
2021-12-14,Vihti Hiiskula,,7.2,4.0
2021-12-14,Hämeenlinna Pirttikoski,,-1.0,2.0
2021-12-14,Nurmijärvi Röykkä,1.5,6.4,5.0
2021-12-14,Hämeenlinna Katinen,1.6,5.7,
2021-12-14,Hattula Lepaa,1.5,4.3,8.0
2021-12-14,Hämeenlinna Lammi Pappila,1.1,8.6,11.0
2021-12-14,Asikkala Pulkkilanharju,0.9,,
2021-12-14,Kouvola Utti lentoasema,0.6,11.8,12.0
2021-12-14,Kouvola Anjala,1.2,12.2,8.0
2021-12-14,Heinola Asemantaus,0.8,13.4,11.0
2021-12-14,Kouvola Voikoski,,13.9,15.0
2021-12-14,Virolahti Koivuniemi,1.4,10.7,7.0
2021-12-14,Lappeenranta lentoasema,0.4,,
2021-12-14,Lappeenranta Konnunsuo,0.7,,
2021-12-14,Lappeenranta Lepola,0.5,1.1,15.0
2021-12-14,Ruokolahti Kotaniemi,,9.4,28.0
2021-12-14,Lappeenranta Hiekkapakka,0.3,,
2021-12-14,Parikkala Koitsanlahti,0.3,5.5,40.0
2021-12-14,Kaskinen Sälgrund,1.5,-1.0,
2021-12-14,Merikarvia Tuorila,,0.0,2.0
2021-12-14,Isojoki Kärjenkoski,,-1.0,3.0
2021-12-14,Teuva Kauppilankylä,,-1.0,9.0
2021-12-14,Pori Tahkoluoto satama,2.7,,
2021-12-14,Kristiinankaupunki Majakka,2.7,,
2021-12-14,Karvia Alkkia,0.5,0.2,17.0
2021-12-14,Kurikka Hirvijärvi,,0.0,6.0
2021-12-14,Kauhajoki Kuja-Kokko,1.1,0.1,11.0
2021-12-14,Kankaanpää Niinisalo lentokenttä,1.2,0.6,14.0
2021-12-14,Alavus Sulkavankylä,,0.3,11.0
2021-12-14,Virrat Äijänneva,0.6,,
2021-12-14,Tampere Siilinkari,1.9,,
2021-12-14,Jämsä Halli lentoasema,0.5,3.8,15.0
2021-12-14,Juupajoki Hyytiälä,0.7,4.4,14.0
2021-12-14,Sysmä Joutsjärvi,,15.0,8.0
2021-12-14,Jyväskylä Muuratjärvi,,5.1,18.0
2021-12-14,Luhanka Judinsalo,0.3,,
2021-12-14,Multia Pirttiperä,,2.5,18.0
2021-12-14,Joutsa Savenaho,0.0,10.3,18.0
2021-12-14,Kangasniemi kirkonkylä,,11.8,23.0
2021-12-14,Joutsa Pärnämäki,,15.7,23.0
2021-12-14,Mikkeli Pitkähiekka,,7.1,20.0
2021-12-14,Juva Partala,0.2,,
2021-12-14,Varkaus Kosulanniemi,0.2,15.1,25.0
2021-12-14,Savonlinna Laukansaari,,9.8,25.0
2021-12-14,Sulkava Halttula,,11.5,38.0
2021-12-14,Savonlinna lentoasema,0.2,,
2021-12-14,Rantasalmi Rukkasluoto,0.2,,
2021-12-14,Savonlinna Punkaharju Laukansaari,0.2,9.8,24.0
2021-12-14,Enonkoski Simanala,,15.8,25.0
2021-12-14,Savonlinna Savonranta,,10.3,28.0
2021-12-14,Rääkkylä kirkonkylä,,9.3,28.0
2021-12-14,Tohmajärvi Kemie,0.1,10.4,29.0
2021-12-14,Joensuu Huhtilampi,,12.0,35.0
2021-12-14,Vaasa lentoasema,-0.3,,
2021-12-14,Mustasaari Valassaaret,0.3,,
2021-12-14,Närpiö Ylimarkku,,-1.0,8.0
2021-12-14,Mustasaari Riimala,,-1.0,14.0
2021-12-14,Kurikka Pyörni,,-1.0,12.0
2021-12-14,Korsnäs Bredskäret,0.1,,
2021-12-14,Maalahti Strömmingsbådan,1.9,,
2021-12-14,Vaasa Klemettilä,0.0,-1.0,17.0
2021-12-14,Seinäjoki Pelmaa,0.6,-1.0,15.0
2021-12-14,Kauhava lentokenttä,0.5,0.2,15.0
2021-12-14,Ähtäri Inha,0.2,0.3,22.0
2021-12-14,Halsua Purola,-0.2,0.4,21.0
2021-12-14,Alajärvi Möksy,0.1,0.3,19.0
2021-12-14,Multia Karhila,-0.1,0.8,17.0
2021-12-14,Viitasaari Haapaniemi,0.1,0.1,21.0
2021-12-14,Äänekoski Kalaniemi,,0.3,24.0
2021-12-14,Vesanto kirkonkylä,0.0,0.5,28.0
2021-12-14,Pielavesi Venetmäki,,-1.0,32.0
2021-12-14,Siilinjärvi Kuopio lentoasema,0.2,,
2021-12-14,Kuopio Maaninka,0.3,0.6,28.0
2021-12-14,Lapinlahti Lamminkäyrä,,0.2,30.0
2021-12-14,Suonenjoki Iisvesi,,2.4,23.0
2021-12-14,Kuopio Karttula,,2.9,30.0
2021-12-14,Kuopio Ritoniemi,0.3,,
2021-12-14,Kuopio Savilahti,0.5,3.1,25.0
2021-12-14,Heinävesi Palokki,,11.1,24.0
2021-12-14,Outokumpu Viuruniemi,,11.6,27.0
2021-12-14,Rautavaara Ala-Luosta,,1.3,24.0
2021-12-14,Rautavaara Ylä-Luosta,-0.4,2.4,32.0
2021-12-14,Liperi Joensuu lentoasema,-0.2,,
2021-12-14,Juuka Niemelä,0.1,2.2,29.0
2021-12-14,Joensuu Pyhäselkä,,10.5,34.0
2021-12-14,Lieksa Koli,,8.0,30.0
2021-12-14,Liperi Tuiskavanluoto,0.0,,
2021-12-14,Joensuu Linnunlahti,0.0,9.7,26.0
2021-12-14,Lieksa Lampela,0.0,4.4,24.0
2021-12-14,Ilomantsi Naarva,,11.5,34.0
2021-12-14,Ilomantsi Pötsönvaara,-1.1,11.1,23.0
2021-12-14,Ilomantsi Mekrijärvi,-0.6,4.1,30.0
2021-12-14,Pietarsaari Kallan,0.5,,
2021-12-14,Kokkola Tankar,0.0,,
2021-12-14,Kruunupyy Kokkola-Pietarsaari lentoasema,-0.1,,
2021-12-14,Kaustinen Tastula,,0.0,10.0
2021-12-14,Kalajoki Ulkokalla,0.6,,
2021-12-14,Kokkola Santahaka,0.0,0.1,13.0
2021-12-14,Toholampi Oravala,,-1.0,15.0
2021-12-14,Kalajoki Pitkäsenkylä,,0.4,18.0
2021-12-14,Kalajoki Mehtäkylä,,-1.0,17.0
2021-12-14,Toholampi Laitala,-0.1,0.1,18.0
2021-12-14,Ylivieska lentokenttä,-0.2,0.1,21.0
2021-12-14,Ylivieska Vähäkangas,,0.1,20.0
2021-12-14,Haapavesi Mustikkamäki,-0.5,-1.0,20.0
2021-12-14,Pyhäjärvi Ojakylä,-0.2,0.2,21.0
2021-12-14,Pyhäjärvi Hiidenniemi,,0.4,22.0
2021-12-14,Kiuruvesi Korpijoki,,0.1,25.0
2021-12-14,Siikalatva Kestilä,,0.4,28.0
2021-12-14,Kajaani lentoasema,-0.4,,
2021-12-14,Vieremä Kaarakkala,-0.7,1.0,33.0
2021-12-14,Kajaani Paltaniemi,,0.7,32.0
2021-12-14,Nurmes Valtimo,-0.1,0.6,28.0
2021-12-14,Ristijärvi Mustavaara,,2.0,27.0
2021-12-14,Sotkamo Kuolaniemi,-0.5,0.7,25.0
2021-12-14,Nurmes Mujejärvi,,1.4,33.0
2021-12-14,Kuhmo Apaja,,2.1,30.0
2021-12-14,Kuhmo Kalliojoki,-1.1,1.9,27.0
2021-12-14,Raahe Nahkiainen,0.2,,
2021-12-14,Hailuoto Keskikylä,0.0,1.0,16.0
2021-12-14,Kemi I majakka,-0.3,,
2021-12-14,Hailuoto Marjaniemi,0.1,,
2021-12-14,Raahe Lapaluoto satama,0.2,,
2021-12-14,Oulu lentoasema,-0.2,,
2021-12-14,Siikajoki Ruukki,-0.3,0.5,17.0
2021-12-14,Oulu Vihreäsaari satama,-0.1,,
2021-12-14,Oulu Oulunsalo Pellonpää,-0.3,1.2,18.0
2021-12-14,Vaala Pelso,-0.5,1.0,24.0
2021-12-14,Pudasjärvi lentokenttä,-1.2,2.4,30.0
2021-12-14,Utajärvi Särkijärvi,,2.1,27.0
2021-12-14,Pudasjärvi Jaurakkajärvi,,1.9,31.0
2021-12-14,Suomussalmi Näljänkä,,3.0,40.0
2021-12-14,Suomussalmi Pesiö,-1.7,0.1,33.0
2021-12-14,Puolanka Kotila,,2.3,33.0
2021-12-14,Puolanka Paljakka,-1.9,2.2,35.0
2021-12-14,Kemi Kemi-Tornio lentoasema,-1.7,,
2021-12-14,Kemi Ajos,-1.2,,
2021-12-14,Tornio Kaakkuri,-2.3,2.7,13.0
2021-12-14,Ranua lentokenttä,-2.7,3.4,21.0
2021-12-14,Pudasjärvi Sarakylä,,3.3,15.0
2021-12-14,Posio Raistakka,,3.2,23.0
2021-12-14,Taivalkoski Inkee,,2.3,25.0
2021-12-14,Taivalkoski kirkonkylä,-2.0,2.1,22.0
2021-12-14,Kuusamo lentoasema,-4.3,1.9,23.0
2021-12-14,Kuusamo Kiutaköngäs,-4.3,1.5,23.0
2021-12-14,Kuusamo Rukatunturi,-4.9,,
2021-12-14,Kuusamo Teeriranta,,2.5,33.0
2021-12-14,Kuusamo Juuma,-4.7,,
2021-12-14,Ylitornio Meltosjärvi,-3.8,1.6,20.0
2021-12-14,Kolari Kattilamaa,,2.5,30.0
2021-12-14,Pello kirkonkylä,-4.0,2.3,22.0
2021-12-14,Rovaniemi rautatieasema,-3.2,,
2021-12-14,Sodankylä Tähtelä,-4.5,0.7,30.0
2021-12-14,Rovaniemi Apukka,-3.6,0.9,25.0
2021-12-14,Pelkosenniemi kirkonkylä,,0.7,28.0
2021-12-14,Kemijärvi lentokenttä,-4.8,0.9,24.0
2021-12-14,Savukoski kirkonkylä,-4.7,0.4,28.0
2021-12-14,Salla Kelloselkä,,0.8,31.0
2021-12-14,Pelkosenniemi Pyhätunturi,-6.0,,
2021-12-14,Salla kirkonkylä,-4.8,0.1,28.0
2021-12-14,Salla Naruska,-6.7,0.2,34.0
2021-12-14,Enontekiö Kaaresuvanto,,-1.0,45.0
2021-12-14,Enontekiö lentoasema,-5.8,,
2021-12-14,Kittilä Pulju,,1.1,28.0
2021-12-14,Muonio Laukukero,-6.2,,
2021-12-14,Muonio Sammaltunturi,-5.9,,
2021-12-14,Kittilä Matorova,-5.8,,
2021-12-14,Kittilä lentoasema,-4.7,,
2021-12-14,Kittilä Kenttärova,-6.1,1.1,62.0
2021-12-14,Kittilä Pakatti,-4.6,2.1,27.0
2021-12-14,Kittilä Pokka,-5.2,1.1,51.0
2021-12-14,Sodankylä Lokka,-4.6,0.9,30.0
2021-12-14,Sodankylä Vuotso,-4.6,0.8,28.0
2021-12-14,Inari Saariselkä matkailukeskus,-4.8,-1.0,45.0
2021-12-14,Inari Saariselkä Kaunispää,-5.6,,
2021-12-14,Inari Raja-Jooseppi Kontiojärvi,,0.1,22.0
2021-12-14,Inari Raja-Jooseppi,-4.5,,
2021-12-14,Salla Värriötunturi,-5.6,0.0,38.0
2021-12-14,Enontekiö Kilpisjärvi kyläkeskus,-5.9,0.3,42.0
2021-12-14,Enontekiö Kilpisjärvi Saana,-7.3,,
2021-12-14,Enontekiö Näkkälä,-6.4,0.1,48.0
2021-12-14,Inari Angeli Lintupuoliselkä,-4.4,0.1,31.0
2021-12-14,Inari Ivalo lentoasema,-3.7,,
2021-12-14,Utsjoki Kevo,-4.3,-1.0,25.0
2021-12-14,Utsjoki Nuorgam,-4.8,0.3,25.0
2021-12-14,Inari Väylä,-4.0,,
2021-12-14,Inari kirkonkylä,,0.2,21.0
2021-12-14,Inari Kaamanen,-3.6,-1.0,24.0
2021-12-14,Inari Nellim,-3.6,-1.0,17.0
2021-12-14,Inari Kirakkajärvi,-3.8,-1.0,29.0
2021-12-14,Mäntsälä Hirvihaara,1.4,7.1,5.0
2021-12-14,Lahti Sopenkorpi,0.9,11.9,8.0
2021-12-14,Siuntio Sjundby,,6.2,2.0
2021-12-14,Sipoo Itätoukki,2.9,,
2021-12-14,Rauma Pyynpää,2.5,1.0,-1.0
2021-12-14,Muonio Oustajärvi,-5.4,1.0,33.0
2021-12-14,Pyhtää lentokenttä,1.6,8.4,6.0
2021-12-14,Sotkamo Tuhkakylä,-0.6,0.7,34.0
2021-12-14,Tervola Loue,-2.7,,
2021-12-14,Kajaani Petäisenniska,-0.4,0.3,26.0
2021-12-14,Utsjoki Kevo Kevojärvi,-4.5,,
2021-12-14,Inari Seitalaassa,-3.4,,
2021-12-14,Ilmajoki Seinäjoki lentoasema,0.7,,
2021-12-14,Rovaniemi lentoasema AWOS,-4.2,1.6,19.0
2021-12-14,Jyväskylä lentoasema AWOS,0.1,2.6,16.0
2021-12-14,Puumala kirkonkylä,0.4,9.5,24.0
2021-12-14,Helsinki Vuosaari satama,2.6,,
2021-12-14,Maarianhamina Länsisatama,2.8,,
2021-12-14,Lumparland Långnäs satama,2.7,0.5,-1.0
2021-12-14,Tampere Tampella,2.2,,
2021-12-14,Kittilä Lompolonvuoma,-6.8,0.6,
2021-12-14,Kuusamo Ruka Talvijärvi,-3.9,,
2021-12-14,Espoo Nuuksio,1.4,6.8,6.0
2021-12-14,Mikkeli Lentoasema AWOS,0.4,16.3,21.0
2021-12-14,Espoo Tapiola,2.6,6.8,-1.0
2021-12-15,Porvoo Kilpilahti satama,2.9,,
2021-12-15,Jomala Maarianhamina lentoasema,4.5,,
2021-12-15,Parainen Utö,4.8,0.6,-1.0
2021-12-15,Lemland Nyhamn,4.8,,
2021-12-15,Jomala Jomalaby,4.2,0.3,-1.0
2021-12-15,Hammarland Märket,4.8,,
2021-12-15,Kökar Bogskär,5.5,,
2021-12-15,Parainen Fagerholm,4.0,1.1,
2021-12-15,Kumlinge kirkonkylä,3.8,,
2021-12-15,Hanko Russarö,4.0,2.9,
2021-12-15,Kaarina Yltöinen,3.1,1.0,-1.0
2021-12-15,Kemiönsaari Vänö,4.5,,
2021-12-15,Hanko Tulliniemi,3.8,,
2021-12-15,Turku Rajakari,3.5,,
2021-12-15,Turku Artukainen,3.3,1.1,-1.0
2021-12-15,Kemiönsaari Kemiö,3.6,4.0,-1.0
2021-12-15,Hanko Tvärminne,3.8,4.0,-1.0
2021-12-15,Salo Kärkkä,3.3,1.1,
2021-12-15,Lohja Leppäkorpi,,1.5,-1.0
2021-12-15,Raasepori Jussarö,3.6,,
2021-12-15,Salo Kiikala lentokenttä,2.3,1.1,-1.0
2021-12-15,Vantaa Helsinki-Vantaan lentoasema,2.7,0.7,1.0
2021-12-15,Inkoo Bågaskär,3.0,,
2021-12-15,Helsinki Kaisaniemi,3.2,0.3,-1.0
2021-12-15,Lohja Porla,2.9,0.4,4.0
2021-12-15,Vihti Maasoja,2.7,,
2021-12-15,Helsinki Harmaja,2.8,,
2021-12-15,Kirkkonummi Mäkiluoto,3.3,,
2021-12-15,Helsinki Helsingin majakka,3.5,,
2021-12-15,Helsinki Kumpula,2.7,0.5,-1.0
2021-12-15,Helsinki Malmi lentokenttä,3.0,,
2021-12-15,Porvoo Kalbådagrund,3.4,,
2021-12-15,Porvoo Emäsalo,2.5,,
2021-12-15,Porvoo Harabacka,2.6,0.6,-1.0
2021-12-15,Kotka Rankki,2.0,1.7,5.0
2021-12-15,Loviisa Orrengrund,2.4,,
2021-12-15,Kotka Haapasaari,2.8,,
2021-12-15,Pori lentoasema,1.9,,
2021-12-15,Uusikaupunki Itätulli,,0.5,-1.0
2021-12-15,Kustavi Isokari,3.2,0.3,
2021-12-15,Rauma Kylmäpihlaja,2.4,,
2021-12-15,Pori rautatieasema,1.9,0.9,2.0
2021-12-15,Turku lentoasema,3.1,,
2021-12-15,Kokemäki Rausenkulma,,1.2,-1.0
2021-12-15,Huittinen Sallila,,0.6,-1.0
2021-12-15,Oripää Teinikivi,,10.2,-1.0
2021-12-15,Pöytyä Yläne,,0.7,-1.0
2021-12-15,Kokemäki Tulkkila,2.1,1.1,-1.0
2021-12-15,Jokioinen Ilmala,2.0,1.0,-1.0
2021-12-15,Nokia Tottijärvi,,0.5,2.0
2021-12-15,Pirkkala Tampere-Pirkkala lentoasema,1.3,,
2021-12-15,Tampere Härmälä,1.6,0.1,3.0
2021-12-15,Somero Salkola,1.7,0.8,8.0
2021-12-15,Hyvinkää Hyvinkäänkylä,2.4,0.5,5.0
2021-12-15,Vihti Hiiskula,,1.1,2.0
2021-12-15,Hämeenlinna Pirttikoski,,3.8,2.0
2021-12-15,Nurmijärvi Röykkä,1.8,0.6,2.0
2021-12-15,Hämeenlinna Katinen,1.8,0.3,
2021-12-15,Hattula Lepaa,1.5,0.3,6.0
2021-12-15,Hämeenlinna Lammi Pappila,1.2,0.8,11.0
2021-12-15,Asikkala Pulkkilanharju,1.2,,
2021-12-15,Kouvola Utti lentoasema,1.0,2.7,16.0
2021-12-15,Kouvola Anjala,1.8,2.4,8.0
2021-12-15,Heinola Asemantaus,1.2,0.9,15.0
2021-12-15,Kouvola Voikoski,,1.1,20.0
2021-12-15,Virolahti Koivuniemi,2.0,4.3,5.0
2021-12-15,Lappeenranta lentoasema,0.7,,
2021-12-15,Lappeenranta Konnunsuo,1.0,,
2021-12-15,Lappeenranta Lepola,0.8,1.5,16.0
2021-12-15,Ruokolahti Kotaniemi,,4.0,31.0
2021-12-15,Lappeenranta Hiekkapakka,0.4,,
2021-12-15,Parikkala Koitsanlahti,0.1,2.3,40.0
2021-12-15,Kaskinen Sälgrund,1.5,-1.0,
2021-12-15,Merikarvia Tuorila,,-1.0,1.0
2021-12-15,Isojoki Kärjenkoski,,-1.0,2.0
2021-12-15,Teuva Kauppilankylä,,-1.0,7.0
2021-12-15,Pori Tahkoluoto satama,2.8,,
2021-12-15,Kristiinankaupunki Majakka,3.6,,
2021-12-15,Karvia Alkkia,0.5,0.4,15.0
2021-12-15,Kurikka Hirvijärvi,,0.0,4.0
2021-12-15,Kauhajoki Kuja-Kokko,1.3,0.1,10.0
2021-12-15,Kankaanpää Niinisalo lentokenttä,1.0,1.0,11.0
2021-12-15,Alavus Sulkavankylä,,0.3,10.0
2021-12-15,Virrat Äijänneva,0.7,,
2021-12-15,Tampere Siilinkari,1.4,,
2021-12-15,Jämsä Halli lentoasema,0.4,1.3,14.0
2021-12-15,Juupajoki Hyytiälä,0.7,0.8,13.0
2021-12-15,Sysmä Joutsjärvi,,1.1,13.0
2021-12-15,Jyväskylä Muuratjärvi,,1.5,18.0
2021-12-15,Luhanka Judinsalo,0.6,,
2021-12-15,Multia Pirttiperä,,1.9,17.0
2021-12-15,Joutsa Savenaho,-0.2,1.9,22.0
2021-12-15,Kangasniemi kirkonkylä,,1.3,29.0
2021-12-15,Joutsa Pärnämäki,,1.2,30.0
2021-12-15,Mikkeli Pitkähiekka,,0.7,23.0
2021-12-15,Juva Partala,-0.4,,
2021-12-15,Varkaus Kosulanniemi,-0.2,2.3,30.0
2021-12-15,Savonlinna Laukansaari,,2.3,27.0
2021-12-15,Sulkava Halttula,,2.1,41.0
2021-12-15,Savonlinna lentoasema,-0.5,,
2021-12-15,Rantasalmi Rukkasluoto,-0.5,,
2021-12-15,Savonlinna Punkaharju Laukansaari,-0.3,3.0,28.0
2021-12-15,Enonkoski Simanala,,6.8,38.0
2021-12-15,Savonlinna Savonranta,,0.4,30.0
2021-12-15,Rääkkylä kirkonkylä,,1.9,33.0
2021-12-15,Tohmajärvi Kemie,-0.8,2.4,34.0
2021-12-15,Joensuu Huhtilampi,,4.1,42.0
2021-12-15,Vaasa lentoasema,2.0,,
2021-12-15,Mustasaari Valassaaret,1.6,,
2021-12-15,Närpiö Ylimarkku,,-1.0,5.0
2021-12-15,Mustasaari Riimala,,0.1,13.0
2021-12-15,Kurikka Pyörni,,0.2,11.0
2021-12-15,Korsnäs Bredskäret,1.6,,
2021-12-15,Maalahti Strömmingsbådan,3.3,,
2021-12-15,Vaasa Klemettilä,1.9,-1.0,16.0
2021-12-15,Seinäjoki Pelmaa,1.4,0.1,14.0
2021-12-15,Kauhava lentokenttä,1.0,0.2,14.0
2021-12-15,Ähtäri Inha,0.1,0.5,19.0
2021-12-15,Halsua Purola,-0.1,0.3,20.0
2021-12-15,Alajärvi Möksy,0.0,0.1,18.0
2021-12-15,Multia Karhila,-0.5,0.8,17.0
2021-12-15,Viitasaari Haapaniemi,-0.4,0.1,20.0
2021-12-15,Äänekoski Kalaniemi,,0.1,24.0
2021-12-15,Vesanto kirkonkylä,-0.5,0.1,26.0
2021-12-15,Pielavesi Venetmäki,,1.4,31.0
2021-12-15,Siilinjärvi Kuopio lentoasema,-0.6,,
2021-12-15,Kuopio Maaninka,-0.4,0.3,27.0
2021-12-15,Lapinlahti Lamminkäyrä,,0.4,27.0
2021-12-15,Suonenjoki Iisvesi,,0.6,23.0
2021-12-15,Kuopio Karttula,,0.5,29.0
2021-12-15,Kuopio Ritoniemi,-0.5,,
2021-12-15,Kuopio Savilahti,-0.4,0.4,24.0
2021-12-15,Heinävesi Palokki,,2.3,26.0
2021-12-15,Outokumpu Viuruniemi,,1.7,30.0
2021-12-15,Rautavaara Ala-Luosta,,1.4,23.0
2021-12-15,Rautavaara Ylä-Luosta,-1.5,1.0,31.0
2021-12-15,Liperi Joensuu lentoasema,-1.1,,
2021-12-15,Juuka Niemelä,-1.3,1.0,30.0
2021-12-15,Joensuu Pyhäselkä,,3.3,38.0
2021-12-15,Lieksa Koli,,1.2,37.0
2021-12-15,Liperi Tuiskavanluoto,-1.0,,
2021-12-15,Joensuu Linnunlahti,-0.9,1.7,32.0
2021-12-15,Lieksa Lampela,-1.1,1.0,26.0
2021-12-15,Ilomantsi Naarva,,4.6,44.0
2021-12-15,Ilomantsi Pötsönvaara,-2.4,3.8,32.0
2021-12-15,Ilomantsi Mekrijärvi,-1.9,0.9,33.0
2021-12-15,Pietarsaari Kallan,1.7,,
2021-12-15,Kokkola Tankar,1.2,,
2021-12-15,Kruunupyy Kokkola-Pietarsaari lentoasema,0.9,,
2021-12-15,Kaustinen Tastula,,-1.0,10.0
2021-12-15,Kalajoki Ulkokalla,1.5,,
2021-12-15,Kokkola Santahaka,1.2,-1.0,13.0
2021-12-15,Toholampi Oravala,,0.7,14.0
2021-12-15,Kalajoki Pitkäsenkylä,,0.0,16.0
2021-12-15,Kalajoki Mehtäkylä,,-1.0,15.0
2021-12-15,Toholampi Laitala,0.5,-1.0,18.0
2021-12-15,Ylivieska lentokenttä,0.3,0.1,21.0
2021-12-15,Ylivieska Vähäkangas,,-1.0,19.0
2021-12-15,Haapavesi Mustikkamäki,-0.5,0.5,19.0
2021-12-15,Pyhäjärvi Ojakylä,-0.6,0.2,21.0
2021-12-15,Pyhäjärvi Hiidenniemi,,-1.0,20.0
2021-12-15,Kiuruvesi Korpijoki,,0.2,22.0
2021-12-15,Siikalatva Kestilä,,0.5,28.0
2021-12-15,Kajaani lentoasema,-1.0,,
2021-12-15,Vieremä Kaarakkala,-1.4,0.7,32.0
2021-12-15,Kajaani Paltaniemi,,0.1,32.0
2021-12-15,Nurmes Valtimo,-1.2,0.1,27.0
2021-12-15,Ristijärvi Mustavaara,,1.8,27.0
2021-12-15,Sotkamo Kuolaniemi,-1.3,0.6,24.0
2021-12-15,Nurmes Mujejärvi,,1.6,33.0
2021-12-15,Kuhmo Apaja,,1.4,31.0
2021-12-15,Kuhmo Kalliojoki,-2.6,1.7,28.0
2021-12-15,Raahe Nahkiainen,1.5,,
2021-12-15,Hailuoto Keskikylä,0.7,0.1,16.0
2021-12-15,Kemi I majakka,1.8,,
2021-12-15,Hailuoto Marjaniemi,0.7,,
2021-12-15,Raahe Lapaluoto satama,0.6,,
2021-12-15,Oulu lentoasema,0.4,,
2021-12-15,Siikajoki Ruukki,0.3,1.0,17.0
2021-12-15,Oulu Vihreäsaari satama,0.4,,
2021-12-15,Oulu Oulunsalo Pellonpää,-0.1,0.4,19.0
2021-12-15,Vaala Pelso,-0.6,-1.0,25.0
2021-12-15,Pudasjärvi lentokenttä,-1.1,0.6,33.0
2021-12-15,Utajärvi Särkijärvi,,1.0,29.0
2021-12-15,Pudasjärvi Jaurakkajärvi,,1.1,30.0
2021-12-15,Suomussalmi Näljänkä,,2.0,41.0
2021-12-15,Suomussalmi Pesiö,-2.3,0.3,32.0
2021-12-15,Puolanka Kotila,,2.0,33.0
2021-12-15,Puolanka Paljakka,-2.6,1.9,36.0
2021-12-15,Kemi Kemi-Tornio lentoasema,-0.2,,
2021-12-15,Kemi Ajos,-0.1,,
2021-12-15,Tornio Kaakkuri,-0.7,0.7,15.0
2021-12-15,Ranua lentokenttä,-1.1,2.1,25.0
2021-12-15,Pudasjärvi Sarakylä,,3.1,18.0
2021-12-15,Posio Raistakka,,3.1,26.0
2021-12-15,Taivalkoski Inkee,,4.6,28.0
2021-12-15,Taivalkoski kirkonkylä,-1.8,0.7,24.0
2021-12-15,Kuusamo lentoasema,-2.9,0.9,24.0
2021-12-15,Kuusamo Kiutaköngäs,-2.6,0.9,22.0
2021-12-15,Kuusamo Rukatunturi,-4.1,,
2021-12-15,Kuusamo Teeriranta,,1.5,33.0
2021-12-15,Kuusamo Juuma,-3.4,,
2021-12-15,Ylitornio Meltosjärvi,-1.8,1.1,22.0
2021-12-15,Kolari Kattilamaa,,1.0,31.0
2021-12-15,Pello kirkonkylä,-2.7,0.5,23.0
2021-12-15,Rovaniemi rautatieasema,-0.6,,
2021-12-15,Sodankylä Tähtelä,-2.2,2.0,31.0
2021-12-15,Rovaniemi Apukka,-0.9,0.4,25.0
2021-12-15,Pelkosenniemi kirkonkylä,,2.0,3.0
2021-12-15,Kemijärvi lentokenttä,-2.0,0.3,26.0
2021-12-15,Savukoski kirkonkylä,-2.5,0.7,27.0
2021-12-15,Salla Kelloselkä,,0.5,33.0
2021-12-15,Pelkosenniemi Pyhätunturi,-3.7,,
2021-12-15,Salla kirkonkylä,-2.7,0.9,27.0
2021-12-15,Salla Naruska,-3.3,1.8,35.0
2021-12-15,Enontekiö Kaaresuvanto,,-1.0,45.0
2021-12-15,Enontekiö lentoasema,-4.9,,
2021-12-15,Kittilä Pulju,,1.0,29.0
2021-12-15,Muonio Laukukero,-6.9,,
2021-12-15,Muonio Sammaltunturi,-5.8,,
2021-12-15,Kittilä Matorova,-4.5,,
2021-12-15,Kittilä lentoasema,-2.9,,
2021-12-15,Kittilä Kenttärova,-4.5,1.1,62.0
2021-12-15,Kittilä Pakatti,-2.7,1.6,29.0
2021-12-15,Kittilä Pokka,-3.4,2.1,52.0
2021-12-15,Sodankylä Lokka,-2.9,1.0,31.0
2021-12-15,Sodankylä Vuotso,-3.1,1.1,29.0
2021-12-15,Inari Saariselkä matkailukeskus,-3.6,1.2,44.0
2021-12-15,Inari Saariselkä Kaunispää,-4.6,,
2021-12-15,Inari Raja-Jooseppi Kontiojärvi,,0.9,22.0
2021-12-15,Inari Raja-Jooseppi,-3.1,,
2021-12-15,Salla Värriötunturi,-4.2,1.7,38.0
2021-12-15,Enontekiö Kilpisjärvi kyläkeskus,-8.4,-1.0,42.0
2021-12-15,Enontekiö Kilpisjärvi Saana,-8.7,,
2021-12-15,Enontekiö Näkkälä,-5.3,0.9,48.0
2021-12-15,Inari Angeli Lintupuoliselkä,-4.1,0.7,31.0
2021-12-15,Inari Ivalo lentoasema,-2.2,,
2021-12-15,Utsjoki Kevo,-3.1,0.1,25.0
2021-12-15,Utsjoki Nuorgam,-2.5,-1.0,26.0
2021-12-15,Inari Väylä,-2.8,,
2021-12-15,Inari kirkonkylä,,1.5,22.0
2021-12-15,Inari Kaamanen,-3.2,1.4,23.0
2021-12-15,Inari Nellim,-2.5,1.2,17.0
2021-12-15,Inari Kirakkajärvi,-3.4,0.5,29.0
2021-12-15,Mäntsälä Hirvihaara,1.7,0.5,4.0
2021-12-15,Lahti Sopenkorpi,1.4,1.3,10.0
2021-12-15,Siuntio Sjundby,,0.7,0.0
2021-12-15,Sipoo Itätoukki,3.2,,
2021-12-15,Rauma Pyynpää,2.4,0.9,-1.0
2021-12-15,Muonio Oustajärvi,-4.0,0.4,34.0
2021-12-15,Pyhtää lentokenttä,1.9,2.0,6.0
2021-12-15,Sotkamo Tuhkakylä,-1.5,0.9,33.0
2021-12-15,Tervola Loue,-0.9,,
2021-12-15,Kajaani Petäisenniska,-1.2,0.1,25.0
2021-12-15,Utsjoki Kevo Kevojärvi,-2.8,,
2021-12-15,Inari Seitalaassa,-2.7,,
2021-12-15,Ilmajoki Seinäjoki lentoasema,1.1,,
2021-12-15,Rovaniemi lentoasema AWOS,-1.6,0.5,20.0
2021-12-15,Jyväskylä lentoasema AWOS,-0.1,0.9,15.0
2021-12-15,Puumala kirkonkylä,0.1,1.8,26.0
2021-12-15,Helsinki Vuosaari satama,2.9,,
2021-12-15,Maarianhamina Länsisatama,4.4,,
2021-12-15,Lumparland Långnäs satama,4.5,0.9,-1.0
2021-12-15,Tampere Tampella,1.8,,
2021-12-15,Kittilä Lompolonvuoma,-3.8,0.7,
2021-12-15,Kuusamo Ruka Talvijärvi,-2.8,,
2021-12-15,Espoo Nuuksio,1.8,0.4,5.0
2021-12-15,Mikkeli Lentoasema AWOS,0.1,1.7,27.0
2021-12-15,Espoo Tapiola,3.2,0.6,-1.0
2021-12-16,Porvoo Kilpilahti satama,3.1,,
2021-12-16,Jomala Maarianhamina lentoasema,5.4,,
2021-12-16,Parainen Utö,4.8,-1.0,-1.0
2021-12-16,Lemland Nyhamn,5.3,,
2021-12-16,Jomala Jomalaby,4.9,-1.0,-1.0
2021-12-16,Hammarland Märket,5.4,,
2021-12-16,Kökar Bogskär,5.7,,
2021-12-16,Parainen Fagerholm,4.6,-1.0,
2021-12-16,Kumlinge kirkonkylä,4.6,,
2021-12-16,Hanko Russarö,3.8,-1.0,
2021-12-16,Kaarina Yltöinen,3.0,-1.0,-1.0
2021-12-16,Kemiönsaari Vänö,4.4,,
2021-12-16,Hanko Tulliniemi,4.0,,
2021-12-16,Turku Rajakari,4.2,,
2021-12-16,Turku Artukainen,3.9,-1.0,-1.0
2021-12-16,Kemiönsaari Kemiö,3.7,-1.0,-1.0
2021-12-16,Hanko Tvärminne,3.7,-1.0,-1.0
2021-12-16,Salo Kärkkä,3.2,-1.0,
2021-12-16,Lohja Leppäkorpi,,-1.0,-1.0
2021-12-16,Raasepori Jussarö,3.3,,
2021-12-16,Salo Kiikala lentokenttä,2.1,-1.0,-1.0
2021-12-16,Vantaa Helsinki-Vantaan lentoasema,2.7,0.0,-1.0
2021-12-16,Inkoo Bågaskär,3.3,,
2021-12-16,Helsinki Kaisaniemi,3.3,-1.0,-1.0
2021-12-16,Lohja Porla,2.7,-1.0,-1.0
2021-12-16,Vihti Maasoja,2.8,,
2021-12-16,Helsinki Harmaja,2.8,,
2021-12-16,Kirkkonummi Mäkiluoto,3.2,,
2021-12-16,Helsinki Helsingin majakka,3.5,,
2021-12-16,Helsinki Kumpula,3.0,-1.0,-1.0
2021-12-16,Helsinki Malmi lentokenttä,3.1,,
2021-12-16,Porvoo Kalbådagrund,3.5,,
2021-12-16,Porvoo Emäsalo,2.7,,
2021-12-16,Porvoo Harabacka,2.6,-1.0,-1.0
2021-12-16,Kotka Rankki,2.0,-1.0,-1.0
2021-12-16,Loviisa Orrengrund,2.4,,
2021-12-16,Kotka Haapasaari,2.4,,
2021-12-16,Pori lentoasema,3.5,,
2021-12-16,Uusikaupunki Itätulli,,-1.0,-1.0
2021-12-16,Kustavi Isokari,4.5,0.1,
2021-12-16,Rauma Kylmäpihlaja,3.8,,
2021-12-16,Pori rautatieasema,3.5,-1.0,-1.0
2021-12-16,Turku lentoasema,3.5,,
2021-12-16,Kokemäki Rausenkulma,,-1.0,-1.0
2021-12-16,Huittinen Sallila,,-1.0,-1.0
2021-12-16,Oripää Teinikivi,,-1.0,-1.0
2021-12-16,Pöytyä Yläne,,-1.0,-1.0
2021-12-16,Kokemäki Tulkkila,2.9,-1.0,-1.0
2021-12-16,Jokioinen Ilmala,2.2,-1.0,-1.0
2021-12-16,Nokia Tottijärvi,,-1.0,-1.0
2021-12-16,Pirkkala Tampere-Pirkkala lentoasema,1.4,,
2021-12-16,Tampere Härmälä,1.7,-1.0,2.0
2021-12-16,Somero Salkola,1.6,-1.0,5.0
2021-12-16,Hyvinkää Hyvinkäänkylä,2.6,-1.0,-1.0
2021-12-16,Vihti Hiiskula,,-1.0,-1.0
2021-12-16,Hämeenlinna Pirttikoski,,-1.0,-1.0
2021-12-16,Nurmijärvi Röykkä,1.9,-1.0,-1.0
2021-12-16,Hämeenlinna Katinen,2.0,-1.0,
2021-12-16,Hattula Lepaa,1.6,-1.0,4.0
2021-12-16,Hämeenlinna Lammi Pappila,1.4,-1.0,10.0
2021-12-16,Asikkala Pulkkilanharju,1.5,,
2021-12-16,Kouvola Utti lentoasema,1.1,0.0,11.0
2021-12-16,Kouvola Anjala,1.7,0.2,6.0
2021-12-16,Heinola Asemantaus,1.3,0.1,11.0
2021-12-16,Kouvola Voikoski,,-1.0,17.0
2021-12-16,Virolahti Koivuniemi,1.6,-1.0,3.0
2021-12-16,Lappeenranta lentoasema,0.8,,
2021-12-16,Lappeenranta Konnunsuo,1.1,,
2021-12-16,Lappeenranta Lepola,0.9,-1.0,14.0
2021-12-16,Ruokolahti Kotaniemi,,-1.0,25.0
2021-12-16,Lappeenranta Hiekkapakka,0.6,,
2021-12-16,Parikkala Koitsanlahti,0.8,-1.0,34.0
2021-12-16,Kaskinen Sälgrund,2.7,-1.0,
2021-12-16,Merikarvia Tuorila,,-1.0,0.0
2021-12-16,Isojoki Kärjenkoski,,-1.0,1.0
2021-12-16,Teuva Kauppilankylä,,-1.0,4.0
2021-12-16,Pori Tahkoluoto satama,4.0,,
2021-12-16,Kristiinankaupunki Majakka,4.5,,
2021-12-16,Karvia Alkkia,0.3,-1.0,13.0
2021-12-16,Kurikka Hirvijärvi,,-1.0,3.0
2021-12-16,Kauhajoki Kuja-Kokko,1.5,-1.0,10.0
2021-12-16,Kankaanpää Niinisalo lentokenttä,0.9,0.1,10.0
2021-12-16,Alavus Sulkavankylä,,-1.0,9.0
2021-12-16,Virrat Äijänneva,0.6,,
2021-12-16,Tampere Siilinkari,1.7,,
2021-12-16,Jämsä Halli lentoasema,0.3,-1.0,12.0
2021-12-16,Juupajoki Hyytiälä,0.6,-1.0,12.0
2021-12-16,Sysmä Joutsjärvi,,-1.0,11.0
2021-12-16,Jyväskylä Muuratjärvi,,-1.0,17.0
2021-12-16,Luhanka Judinsalo,1.2,,
2021-12-16,Multia Pirttiperä,,-1.0,17.0
2021-12-16,Joutsa Savenaho,0.0,-1.0,20.0
2021-12-16,Kangasniemi kirkonkylä,,-1.0,29.0
2021-12-16,Joutsa Pärnämäki,,-1.0,25.0
2021-12-16,Mikkeli Pitkähiekka,,-1.0,20.0
2021-12-16,Juva Partala,0.5,,
2021-12-16,Varkaus Kosulanniemi,0.5,-1.0,31.0
2021-12-16,Savonlinna Laukansaari,,0.0,23.0
2021-12-16,Sulkava Halttula,,-1.0,38.0
2021-12-16,Savonlinna lentoasema,0.6,,
2021-12-16,Rantasalmi Rukkasluoto,0.5,,
2021-12-16,Savonlinna Punkaharju Laukansaari,0.7,0.2,26.0
2021-12-16,Enonkoski Simanala,,-1.0,38.0
2021-12-16,Savonlinna Savonranta,,0.0,28.0
2021-12-16,Rääkkylä kirkonkylä,,0.0,30.0
2021-12-16,Tohmajärvi Kemie,0.4,0.6,31.0
2021-12-16,Joensuu Huhtilampi,,1.0,44.0
2021-12-16,Vaasa lentoasema,2.4,,
2021-12-16,Mustasaari Valassaaret,2.2,,
2021-12-16,Närpiö Ylimarkku,,-1.0,3.0
2021-12-16,Mustasaari Riimala,,-1.0,12.0
2021-12-16,Kurikka Pyörni,,-1.0,11.0
2021-12-16,Korsnäs Bredskäret,1.7,,
2021-12-16,Maalahti Strömmingsbådan,4.0,,
2021-12-16,Vaasa Klemettilä,2.8,-1.0,16.0
2021-12-16,Seinäjoki Pelmaa,0.6,-1.0,13.0
2021-12-16,Kauhava lentokenttä,1.2,-1.0,14.0
2021-12-16,Ähtäri Inha,0.2,-1.0,19.0
2021-12-16,Halsua Purola,-1.1,0.2,19.0
2021-12-16,Alajärvi Möksy,-0.6,-1.0,18.0
2021-12-16,Multia Karhila,-0.3,-1.0,17.0
2021-12-16,Viitasaari Haapaniemi,-0.3,-1.0,19.0
2021-12-16,Äänekoski Kalaniemi,,-1.0,23.0
2021-12-16,Vesanto kirkonkylä,-0.9,-1.0,26.0
2021-12-16,Pielavesi Venetmäki,,-1.0,32.0
2021-12-16,Siilinjärvi Kuopio lentoasema,0.1,,
2021-12-16,Kuopio Maaninka,-0.3,-1.0,27.0
2021-12-16,Lapinlahti Lamminkäyrä,,0.0,27.0
2021-12-16,Suonenjoki Iisvesi,,-1.0,21.0
2021-12-16,Kuopio Karttula,,-1.0,28.0
2021-12-16,Kuopio Ritoniemi,0.1,,
2021-12-16,Kuopio Savilahti,0.4,-1.0,24.0
2021-12-16,Heinävesi Palokki,,-1.0,27.0
2021-12-16,Outokumpu Viuruniemi,,-1.0,30.0
2021-12-16,Rautavaara Ala-Luosta,,-1.0,23.0
2021-12-16,Rautavaara Ylä-Luosta,-0.2,-1.0,31.0
2021-12-16,Liperi Joensuu lentoasema,0.4,,
2021-12-16,Juuka Niemelä,0.6,-1.0,31.0
2021-12-16,Joensuu Pyhäselkä,,0.0,38.0
2021-12-16,Lieksa Koli,,0.2,36.0
2021-12-16,Liperi Tuiskavanluoto,0.6,,
2021-12-16,Joensuu Linnunlahti,0.6,-1.0,33.0
2021-12-16,Lieksa Lampela,0.6,0.5,26.0
2021-12-16,Ilomantsi Naarva,,1.4,45.0
2021-12-16,Ilomantsi Pötsönvaara,-0.6,1.3,33.0
2021-12-16,Ilomantsi Mekrijärvi,-0.1,1.3,33.0
2021-12-16,Pietarsaari Kallan,2.9,,
2021-12-16,Kokkola Tankar,2.1,,
2021-12-16,Kruunupyy Kokkola-Pietarsaari lentoasema,1.5,,
2021-12-16,Kaustinen Tastula,,-1.0,10.0
2021-12-16,Kalajoki Ulkokalla,2.5,,
2021-12-16,Kokkola Santahaka,2.1,-1.0,11.0
2021-12-16,Toholampi Oravala,,-1.0,12.0
2021-12-16,Kalajoki Pitkäsenkylä,,-1.0,15.0
2021-12-16,Kalajoki Mehtäkylä,,-1.0,15.0
2021-12-16,Toholampi Laitala,-0.3,-1.0,19.0
2021-12-16,Ylivieska lentokenttä,-0.7,-1.0,20.0
2021-12-16,Ylivieska Vähäkangas,,-1.0,18.0
2021-12-16,Haapavesi Mustikkamäki,-1.1,-1.0,19.0
2021-12-16,Pyhäjärvi Ojakylä,-1.1,-1.0,20.0
2021-12-16,Pyhäjärvi Hiidenniemi,,-1.0,20.0
2021-12-16,Kiuruvesi Korpijoki,,0.0,21.0
2021-12-16,Siikalatva Kestilä,,-1.0,25.0
2021-12-16,Kajaani lentoasema,-0.5,,
2021-12-16,Vieremä Kaarakkala,-1.0,0.0,32.0
2021-12-16,Kajaani Paltaniemi,,-1.0,28.0
2021-12-16,Nurmes Valtimo,0.5,-1.0,26.0
2021-12-16,Ristijärvi Mustavaara,,-1.0,28.0
2021-12-16,Sotkamo Kuolaniemi,-0.3,-1.0,24.0
2021-12-16,Nurmes Mujejärvi,,0.4,33.0
2021-12-16,Kuhmo Apaja,,0.0,32.0
2021-12-16,Kuhmo Kalliojoki,-0.3,0.7,29.0
2021-12-16,Raahe Nahkiainen,2.8,,
2021-12-16,Hailuoto Keskikylä,1.3,-1.0,15.0
2021-12-16,Kemi I majakka,1.5,,
2021-12-16,Hailuoto Marjaniemi,1.3,,
2021-12-16,Raahe Lapaluoto satama,1.6,,
2021-12-16,Oulu lentoasema,-0.3,,
2021-12-16,Siikajoki Ruukki,-0.4,-1.0,17.0
2021-12-16,Oulu Vihreäsaari satama,-0.8,,
2021-12-16,Oulu Oulunsalo Pellonpää,-0.5,-1.0,19.0
2021-12-16,Vaala Pelso,-1.8,-1.0,25.0
2021-12-16,Pudasjärvi lentokenttä,-3.9,-1.0,33.0
2021-12-16,Utajärvi Särkijärvi,,0.0,27.0
2021-12-16,Pudasjärvi Jaurakkajärvi,,-1.0,29.0
2021-12-16,Suomussalmi Näljänkä,,0.1,39.0
2021-12-16,Suomussalmi Pesiö,-1.0,-1.0,32.0
2021-12-16,Puolanka Kotila,,-1.0,33.0
2021-12-16,Puolanka Paljakka,-1.7,-1.0,36.0
2021-12-16,Kemi Kemi-Tornio lentoasema,-7.1,,
2021-12-16,Kemi Ajos,-6.1,,
2021-12-16,Tornio Kaakkuri,-4.8,-1.0,15.0
2021-12-16,Ranua lentokenttä,-5.5,-1.0,28.0
2021-12-16,Pudasjärvi Sarakylä,,-1.0,20.0
2021-12-16,Posio Raistakka,,0.5,28.0
2021-12-16,Taivalkoski Inkee,,0.5,31.0
2021-12-16,Taivalkoski kirkonkylä,-1.8,-1.0,25.0
2021-12-16,Kuusamo lentoasema,-2.6,-1.0,26.0
2021-12-16,Kuusamo Kiutaköngäs,-2.6,0.3,26.0
2021-12-16,Kuusamo Rukatunturi,-3.6,,
2021-12-16,Kuusamo Teeriranta,,0.8,35.0
2021-12-16,Kuusamo Juuma,-3.2,,
2021-12-16,Ylitornio Meltosjärvi,-11.7,-1.0,21.0
2021-12-16,Kolari Kattilamaa,,0.4,10.0
2021-12-16,Pello kirkonkylä,-11.4,-1.0,22.0
2021-12-16,Rovaniemi rautatieasema,-6.4,,
2021-12-16,Sodankylä Tähtelä,-8.4,-1.0,33.0
2021-12-16,Rovaniemi Apukka,-8.5,-1.0,23.0
2021-12-16,Pelkosenniemi kirkonkylä,,0.0,31.0
2021-12-16,Kemijärvi lentokenttä,-6.4,-1.0,28.0
2021-12-16,Savukoski kirkonkylä,-4.4,0.3,27.0
2021-12-16,Salla Kelloselkä,,0.9,34.0
2021-12-16,Pelkosenniemi Pyhätunturi,-4.8,,
2021-12-16,Salla kirkonkylä,-3.6,0.6,26.0
2021-12-16,Salla Naruska,-4.0,0.3,34.0
2021-12-16,Enontekiö Kaaresuvanto,,-1.0,45.0
2021-12-16,Enontekiö lentoasema,-9.5,,
2021-12-16,Kittilä Pulju,,0.3,30.0
2021-12-16,Muonio Laukukero,-4.3,,
2021-12-16,Muonio Sammaltunturi,-4.5,,
2021-12-16,Kittilä Matorova,-3.7,,
2021-12-16,Kittilä lentoasema,-7.7,,
2021-12-16,Kittilä Kenttärova,-4.1,0.3,63.0
2021-12-16,Kittilä Pakatti,-9.8,-1.0,30.0
2021-12-16,Kittilä Pokka,-10.8,-1.0,55.0
2021-12-16,Sodankylä Lokka,-6.7,-1.0,31.0
2021-12-16,Sodankylä Vuotso,-9.5,-1.0,31.0
2021-12-16,Inari Saariselkä matkailukeskus,-8.5,-1.0,46.0
2021-12-16,Inari Saariselkä Kaunispää,-6.1,,
2021-12-16,Inari Raja-Jooseppi Kontiojärvi,,1.1,23.0
2021-12-16,Inari Raja-Jooseppi,-5.7,,
2021-12-16,Salla Värriötunturi,-5.1,1.9,39.0
2021-12-16,Enontekiö Kilpisjärvi kyläkeskus,-6.0,0.1,42.0
2021-12-16,Enontekiö Kilpisjärvi Saana,-3.8,,
2021-12-16,Enontekiö Näkkälä,-10.9,0.7,48.0
2021-12-16,Inari Angeli Lintupuoliselkä,-7.7,-1.0,32.0
2021-12-16,Inari Ivalo lentoasema,-6.9,,
2021-12-16,Utsjoki Kevo,-7.7,-1.0,25.0
2021-12-16,Utsjoki Nuorgam,-5.2,0.2,26.0
2021-12-16,Inari Väylä,-6.6,,
2021-12-16,Inari kirkonkylä,,-1.0,24.0
2021-12-16,Inari Kaamanen,-6.8,-1.0,25.0
2021-12-16,Inari Nellim,-7.1,0.2,19.0
2021-12-16,Inari Kirakkajärvi,-4.8,0.4,30.0
2021-12-16,Mäntsälä Hirvihaara,1.9,-1.0,5.0
2021-12-16,Lahti Sopenkorpi,1.5,0.1,8.0
2021-12-16,Siuntio Sjundby,,-1.0,-1.0
2021-12-16,Sipoo Itätoukki,3.2,,
2021-12-16,Rauma Pyynpää,4.0,-1.0,-1.0
2021-12-16,Muonio Oustajärvi,-11.2,1.8,34.0
2021-12-16,Pyhtää lentokenttä,2.0,-1.0,2.0
2021-12-16,Sotkamo Tuhkakylä,-0.5,-1.0,33.0
2021-12-16,Tervola Loue,-9.1,,
2021-12-16,Kajaani Petäisenniska,-0.6,-1.0,25.0
2021-12-16,Utsjoki Kevo Kevojärvi,-8.1,,
2021-12-16,Inari Seitalaassa,-6.3,,
2021-12-16,Ilmajoki Seinäjoki lentoasema,1.3,,
2021-12-16,Rovaniemi lentoasema AWOS,-3.9,-1.0,20.0
2021-12-16,Jyväskylä lentoasema AWOS,0.3,-1.0,15.0
2021-12-16,Puumala kirkonkylä,0.8,-1.0,23.0
2021-12-16,Helsinki Vuosaari satama,3.4,,
2021-12-16,Maarianhamina Länsisatama,5.1,,
2021-12-16,Lumparland Långnäs satama,4.9,0.1,-1.0
2021-12-16,Tampere Tampella,1.9,,
2021-12-16,Kittilä Lompolonvuoma,-3.9,0.2,
2021-12-16,Kuusamo Ruka Talvijärvi,-3.0,,
2021-12-16,Espoo Nuuksio,1.7,-1.0,4.0
2021-12-16,Mikkeli Lentoasema AWOS,0.6,-1.0,24.0
2021-12-16,Espoo Tapiola,3.4,-1.0,-1.0
2021-12-17,Porvoo Kilpilahti satama,1.3,,
2021-12-17,Jomala Maarianhamina lentoasema,3.9,,
2021-12-17,Parainen Utö,3.9,0.2,-1.0
2021-12-17,Lemland Nyhamn,4.6,,
2021-12-17,Jomala Jomalaby,3.4,0.2,-1.0
2021-12-17,Hammarland Märket,4.6,,
2021-12-17,Kökar Bogskär,4.8,,
2021-12-17,Parainen Fagerholm,3.3,-1.0,
2021-12-17,Kumlinge kirkonkylä,3.4,,
2021-12-17,Hanko Russarö,2.7,1.2,
2021-12-17,Kaarina Yltöinen,1.7,0.2,-1.0
2021-12-17,Kemiönsaari Vänö,3.4,,
2021-12-17,Hanko Tulliniemi,2.8,,
2021-12-17,Turku Rajakari,3.3,,
2021-12-17,Turku Artukainen,2.2,0.2,-1.0
2021-12-17,Kemiönsaari Kemiö,2.2,0.3,-1.0
2021-12-17,Hanko Tvärminne,2.1,1.0,-1.0
2021-12-17,Salo Kärkkä,1.1,0.5,
2021-12-17,Lohja Leppäkorpi,,0.9,-1.0
2021-12-17,Raasepori Jussarö,1.7,,
2021-12-17,Salo Kiikala lentokenttä,-0.4,0.4,-1.0
2021-12-17,Vantaa Helsinki-Vantaan lentoasema,0.6,1.5,-1.0
2021-12-17,Inkoo Bågaskär,1.2,,
2021-12-17,Helsinki Kaisaniemi,1.1,1.1,-1.0
2021-12-17,Lohja Porla,0.4,1.0,-1.0
2021-12-17,Vihti Maasoja,-0.2,,
2021-12-17,Helsinki Harmaja,1.4,,
2021-12-17,Kirkkonummi Mäkiluoto,1.6,,
2021-12-17,Helsinki Helsingin majakka,1.9,,
2021-12-17,Helsinki Kumpula,0.8,1.1,-1.0
2021-12-17,Helsinki Malmi lentokenttä,0.9,,
2021-12-17,Porvoo Kalbådagrund,1.8,,
2021-12-17,Porvoo Emäsalo,1.2,,
2021-12-17,Porvoo Harabacka,1.0,0.8,-1.0
2021-12-17,Kotka Rankki,0.9,0.1,-1.0
2021-12-17,Loviisa Orrengrund,1.4,,
2021-12-17,Kotka Haapasaari,1.2,,
2021-12-17,Pori lentoasema,2.2,,
2021-12-17,Uusikaupunki Itätulli,,-1.0,-1.0
2021-12-17,Kustavi Isokari,4.0,0.2,
2021-12-17,Rauma Kylmäpihlaja,3.5,,
2021-12-17,Pori rautatieasema,2.2,-1.0,-1.0
2021-12-17,Turku lentoasema,1.7,,
2021-12-17,Kokemäki Rausenkulma,,-1.0,-1.0
2021-12-17,Huittinen Sallila,,0.9,-1.0
2021-12-17,Oripää Teinikivi,,-1.0,-1.0
2021-12-17,Pöytyä Yläne,,0.0,-1.0
2021-12-17,Kokemäki Tulkkila,1.3,0.1,-1.0
2021-12-17,Jokioinen Ilmala,0.2,0.5,-1.0
2021-12-17,Nokia Tottijärvi,,0.8,-1.0
2021-12-17,Pirkkala Tampere-Pirkkala lentoasema,-0.5,,
2021-12-17,Tampere Härmälä,0.4,0.7,2.0
2021-12-17,Somero Salkola,-0.5,0.8,4.0
2021-12-17,Hyvinkää Hyvinkäänkylä,0.6,0.7,-1.0
2021-12-17,Vihti Hiiskula,,1.3,-1.0
2021-12-17,Hämeenlinna Pirttikoski,,-1.0,-1.0
2021-12-17,Nurmijärvi Röykkä,-0.1,0.9,-1.0
2021-12-17,Hämeenlinna Katinen,0.0,0.8,
2021-12-17,Hattula Lepaa,-0.6,0.8,2.0
2021-12-17,Hämeenlinna Lammi Pappila,-0.2,0.3,9.0
2021-12-17,Asikkala Pulkkilanharju,0.2,,
2021-12-17,Kouvola Utti lentoasema,-0.1,0.6,10.0
2021-12-17,Kouvola Anjala,0.8,0.4,3.0
2021-12-17,Heinola Asemantaus,0.3,0.4,11.0
2021-12-17,Kouvola Voikoski,,0.6,17.0
2021-12-17,Virolahti Koivuniemi,0.6,0.0,3.0
2021-12-17,Lappeenranta lentoasema,-0.4,,
2021-12-17,Lappeenranta Konnunsuo,-0.4,,
2021-12-17,Lappeenranta Lepola,-0.3,-1.0,14.0
2021-12-17,Ruokolahti Kotaniemi,,1.1,24.0
2021-12-17,Lappeenranta Hiekkapakka,-0.9,,
2021-12-17,Parikkala Koitsanlahti,-1.2,0.2,32.0
2021-12-17,Kaskinen Sälgrund,1.8,-1.0,
2021-12-17,Merikarvia Tuorila,,-1.0,-1.0
2021-12-17,Isojoki Kärjenkoski,,-1.0,0.0
2021-12-17,Teuva Kauppilankylä,,0.1,4.0
2021-12-17,Pori Tahkoluoto satama,3.5,,
2021-12-17,Kristiinankaupunki Majakka,3.6,,
2021-12-17,Karvia Alkkia,-0.9,0.5,13.0
2021-12-17,Kurikka Hirvijärvi,,0.6,3.0
2021-12-17,Kauhajoki Kuja-Kokko,-0.1,0.2,9.0
2021-12-17,Kankaanpää Niinisalo lentokenttä,-0.5,0.2,10.0
2021-12-17,Alavus Sulkavankylä,,0.7,9.0
2021-12-17,Virrat Äijänneva,-1.0,,
2021-12-17,Tampere Siilinkari,0.4,,
2021-12-17,Jämsä Halli lentoasema,-0.6,-1.0,12.0
2021-12-17,Juupajoki Hyytiälä,-0.5,0.4,12.0
2021-12-17,Sysmä Joutsjärvi,,-1.0,11.0
2021-12-17,Jyväskylä Muuratjärvi,,0.0,17.0
2021-12-17,Luhanka Judinsalo,0.0,,
2021-12-17,Multia Pirttiperä,,0.7,17.0
2021-12-17,Joutsa Savenaho,-1.3,0.4,18.0
2021-12-17,Kangasniemi kirkonkylä,,1.5,29.0
2021-12-17,Joutsa Pärnämäki,,0.7,24.0
2021-12-17,Mikkeli Pitkähiekka,,0.2,19.0
2021-12-17,Juva Partala,-1.0,,
2021-12-17,Varkaus Kosulanniemi,-1.3,1.0,30.0
2021-12-17,Savonlinna Laukansaari,,0.3,23.0
2021-12-17,Sulkava Halttula,,1.9,36.0
2021-12-17,Savonlinna lentoasema,-1.6,,
2021-12-17,Rantasalmi Rukkasluoto,-1.6,,
2021-12-17,Savonlinna Punkaharju Laukansaari,-1.4,0.3,24.0
2021-12-17,Enonkoski Simanala,,0.6,37.0
2021-12-17,Savonlinna Savonranta,,1.3,25.0
2021-12-17,Rääkkylä kirkonkylä,,0.4,29.0
2021-12-17,Tohmajärvi Kemie,-1.8,0.2,29.0
2021-12-17,Joensuu Huhtilampi,,0.8,42.0
2021-12-17,Vaasa lentoasema,1.8,,
2021-12-17,Mustasaari Valassaaret,2.2,,
2021-12-17,Närpiö Ylimarkku,,-1.0,2.0
2021-12-17,Mustasaari Riimala,,0.2,12.0
2021-12-17,Kurikka Pyörni,,-1.0,11.0
2021-12-17,Korsnäs Bredskäret,1.6,,
2021-12-17,Maalahti Strömmingsbådan,3.6,,
2021-12-17,Vaasa Klemettilä,2.3,0.3,16.0
2021-12-17,Seinäjoki Pelmaa,-0.6,0.7,13.0
2021-12-17,Kauhava lentokenttä,0.2,1.0,13.0
2021-12-17,Ähtäri Inha,-0.8,0.4,19.0
2021-12-17,Halsua Purola,-1.1,-1.0,19.0
2021-12-17,Alajärvi Möksy,-1.5,-1.0,17.0
2021-12-17,Multia Karhila,-1.5,-1.0,17.0
2021-12-17,Viitasaari Haapaniemi,-1.8,0.5,18.0
2021-12-17,Äänekoski Kalaniemi,,0.8,23.0
2021-12-17,Vesanto kirkonkylä,-2.5,0.7,26.0
2021-12-17,Pielavesi Venetmäki,,1.4,32.0
2021-12-17,Siilinjärvi Kuopio lentoasema,-2.3,,
2021-12-17,Kuopio Maaninka,-2.2,0.8,26.0
2021-12-17,Lapinlahti Lamminkäyrä,,1.2,27.0
2021-12-17,Suonenjoki Iisvesi,,1.5,21.0
2021-12-17,Kuopio Karttula,,2.0,28.0
2021-12-17,Kuopio Ritoniemi,-2.0,,
2021-12-17,Kuopio Savilahti,-1.7,1.2,23.0
2021-12-17,Heinävesi Palokki,,1.2,26.0
2021-12-17,Outokumpu Viuruniemi,,0.9,30.0
2021-12-17,Rautavaara Ala-Luosta,,0.4,23.0
2021-12-17,Rautavaara Ylä-Luosta,-3.5,0.6,31.0
2021-12-17,Liperi Joensuu lentoasema,-2.3,,
2021-12-17,Juuka Niemelä,-2.7,0.5,30.0
2021-12-17,Joensuu Pyhäselkä,,0.8,36.0
2021-12-17,Lieksa Koli,,0.8,36.0
2021-12-17,Liperi Tuiskavanluoto,-1.9,,
2021-12-17,Joensuu Linnunlahti,-1.8,0.6,31.0
2021-12-17,Lieksa Lampela,-2.4,0.5,24.0
2021-12-17,Ilomantsi Naarva,,0.3,45.0
2021-12-17,Ilomantsi Pötsönvaara,-3.5,0.3,34.0
2021-12-17,Ilomantsi Mekrijärvi,-2.9,0.1,32.0
2021-12-17,Pietarsaari Kallan,2.7,,
2021-12-17,Kokkola Tankar,2.0,,
2021-12-17,Kruunupyy Kokkola-Pietarsaari lentoasema,1.6,,
2021-12-17,Kaustinen Tastula,,-1.0,8.0
2021-12-17,Kalajoki Ulkokalla,1.7,,
2021-12-17,Kokkola Santahaka,1.5,-1.0,12.0
2021-12-17,Toholampi Oravala,,-1.0,12.0
2021-12-17,Kalajoki Pitkäsenkylä,,-1.0,16.0
2021-12-17,Kalajoki Mehtäkylä,,-1.0,15.0
2021-12-17,Toholampi Laitala,-0.1,-1.0,19.0
2021-12-17,Ylivieska lentokenttä,-1.7,-1.0,20.0
2021-12-17,Ylivieska Vähäkangas,,0.3,17.0
2021-12-17,Haapavesi Mustikkamäki,-2.9,0.0,19.0
2021-12-17,Pyhäjärvi Ojakylä,-2.6,0.4,20.0
2021-12-17,Pyhäjärvi Hiidenniemi,,-1.0,20.0
2021-12-17,Kiuruvesi Korpijoki,,0.0,21.0
2021-12-17,Siikalatva Kestilä,,0.4,25.0
2021-12-17,Kajaani lentoasema,-5.4,,
2021-12-17,Vieremä Kaarakkala,-4.2,0.8,32.0
2021-12-17,Kajaani Paltaniemi,,0.9,27.0
2021-12-17,Nurmes Valtimo,-3.4,0.5,26.0
2021-12-17,Ristijärvi Mustavaara,,1.5,28.0
2021-12-17,Sotkamo Kuolaniemi,-4.8,0.5,23.0
2021-12-17,Nurmes Mujejärvi,,1.7,33.0
2021-12-17,Kuhmo Apaja,,1.1,31.0
2021-12-17,Kuhmo Kalliojoki,-4.2,1.3,28.0
2021-12-17,Raahe Nahkiainen,1.0,,
2021-12-17,Hailuoto Keskikylä,-1.7,-1.0,14.0
2021-12-17,Kemi I majakka,-1.1,,
2021-12-17,Hailuoto Marjaniemi,-1.2,,
2021-12-17,Raahe Lapaluoto satama,-0.4,,
2021-12-17,Oulu lentoasema,-3.5,,
2021-12-17,Siikajoki Ruukki,-2.2,0.1,16.0
2021-12-17,Oulu Vihreäsaari satama,-3.7,,
2021-12-17,Oulu Oulunsalo Pellonpää,-3.3,0.1,18.0
2021-12-17,Vaala Pelso,-4.1,0.3,25.0
2021-12-17,Pudasjärvi lentokenttä,-7.6,0.2,32.0
2021-12-17,Utajärvi Särkijärvi,,0.0,27.0
2021-12-17,Pudasjärvi Jaurakkajärvi,,1.2,28.0
2021-12-17,Suomussalmi Näljänkä,,1.8,39.0
2021-12-17,Suomussalmi Pesiö,-6.3,1.1,32.0
2021-12-17,Puolanka Kotila,,1.2,33.0
2021-12-17,Puolanka Paljakka,-6.7,0.8,35.0
2021-12-17,Kemi Kemi-Tornio lentoasema,-5.5,,
2021-12-17,Kemi Ajos,-4.3,,
2021-12-17,Tornio Kaakkuri,-3.4,-1.0,15.0
2021-12-17,Ranua lentokenttä,-6.5,0.8,27.0
2021-12-17,Pudasjärvi Sarakylä,,1.9,20.0
2021-12-17,Posio Raistakka,,1.8,28.0
2021-12-17,Taivalkoski Inkee,,2.3,31.0
2021-12-17,Taivalkoski kirkonkylä,-7.8,1.4,25.0
2021-12-17,Kuusamo lentoasema,-6.0,2.5,26.0
2021-12-17,Kuusamo Kiutaköngäs,-5.6,3.0,26.0
2021-12-17,Kuusamo Rukatunturi,-7.2,,
2021-12-17,Kuusamo Teeriranta,,2.3,34.0
2021-12-17,Kuusamo Juuma,-6.2,,
2021-12-17,Ylitornio Meltosjärvi,-4.9,-1.0,21.0
2021-12-17,Kolari Kattilamaa,,0.7,32.0
2021-12-17,Pello kirkonkylä,-6.2,-1.0,22.0
2021-12-17,Rovaniemi rautatieasema,-5.1,,
2021-12-17,Sodankylä Tähtelä,-7.4,0.2,33.0
2021-12-17,Rovaniemi Apukka,-5.8,0.3,24.0
2021-12-17,Pelkosenniemi kirkonkylä,,2.0,29.0
2021-12-17,Kemijärvi lentokenttä,-7.0,0.7,27.0
2021-12-17,Savukoski kirkonkylä,-6.5,4.7,27.0
2021-12-17,Salla Kelloselkä,,4.0,35.0
2021-12-17,Pelkosenniemi Pyhätunturi,-6.9,,
2021-12-17,Salla kirkonkylä,-6.0,3.7,29.0
2021-12-17,Salla Naruska,-5.6,3.7,37.0
2021-12-17,Enontekiö Kaaresuvanto,,0.5,45.0
2021-12-17,Enontekiö lentoasema,-5.1,,
2021-12-17,Kittilä Pulju,,1.6,30.0
2021-12-17,Muonio Laukukero,-5.0,,
2021-12-17,Muonio Sammaltunturi,-5.1,,
2021-12-17,Kittilä Matorova,-4.2,,
2021-12-17,Kittilä lentoasema,-4.5,,
2021-12-17,Kittilä Kenttärova,-4.5,1.3,62.0
2021-12-17,Kittilä Pakatti,-5.4,0.9,30.0
2021-12-17,Kittilä Pokka,-7.1,0.7,55.0
2021-12-17,Sodankylä Lokka,-7.5,2.7,31.0
2021-12-17,Sodankylä Vuotso,-8.3,2.9,31.0
2021-12-17,Inari Saariselkä matkailukeskus,-6.7,1.4,46.0
2021-12-17,Inari Saariselkä Kaunispää,-6.1,,
2021-12-17,Inari Raja-Jooseppi Kontiojärvi,,2.8,23.0
2021-12-17,Inari Raja-Jooseppi,-5.2,,
2021-12-17,Salla Värriötunturi,-5.7,2.2,40.0
2021-12-17,Enontekiö Kilpisjärvi kyläkeskus,-0.9,8.1,42.0
2021-12-17,Enontekiö Kilpisjärvi Saana,-3.3,,
2021-12-17,Enontekiö Näkkälä,-5.1,1.1,48.0
2021-12-17,Inari Angeli Lintupuoliselkä,-5.9,0.3,31.0
2021-12-17,Inari Ivalo lentoasema,-5.6,,
2021-12-17,Utsjoki Kevo,-4.4,3.0,25.0
2021-12-17,Utsjoki Nuorgam,-5.6,4.2,26.0
2021-12-17,Inari Väylä,-6.5,,
2021-12-17,Inari kirkonkylä,,2.3,24.0
2021-12-17,Inari Kaamanen,-6.4,2.1,25.0
2021-12-17,Inari Nellim,-5.2,4.3,19.0
2021-12-17,Inari Kirakkajärvi,-4.4,4.3,30.0
2021-12-17,Mäntsälä Hirvihaara,0.3,0.5,4.0
2021-12-17,Lahti Sopenkorpi,0.4,0.7,7.0
2021-12-17,Siuntio Sjundby,,1.6,-1.0
2021-12-17,Sipoo Itätoukki,1.7,,
2021-12-17,Rauma Pyynpää,3.2,0.2,-1.0
2021-12-17,Muonio Oustajärvi,-7.5,0.8,36.0
2021-12-17,Pyhtää lentokenttä,1.0,0.1,-1.0
2021-12-17,Sotkamo Tuhkakylä,-5.0,0.3,33.0
2021-12-17,Tervola Loue,-5.8,,
2021-12-17,Kajaani Petäisenniska,-5.3,0.2,24.0
2021-12-17,Utsjoki Kevo Kevojärvi,-4.4,,
2021-12-17,Inari Seitalaassa,-5.1,,
2021-12-17,Ilmajoki Seinäjoki lentoasema,-1.0,,
2021-12-17,Rovaniemi lentoasema AWOS,-5.0,0.3,20.0
2021-12-17,Jyväskylä lentoasema AWOS,-0.7,0.3,15.0
2021-12-17,Puumala kirkonkylä,-0.7,0.9,22.0
2021-12-17,Helsinki Vuosaari satama,1.5,,
2021-12-17,Maarianhamina Länsisatama,3.9,,
2021-12-17,Lumparland Långnäs satama,3.8,0.1,-1.0
2021-12-17,Tampere Tampella,0.7,,
2021-12-17,Kittilä Lompolonvuoma,-5.0,1.0,
2021-12-17,Kuusamo Ruka Talvijärvi,-6.3,,
2021-12-17,Espoo Nuuksio,-0.3,1.1,3.0
2021-12-17,Mikkeli Lentoasema AWOS,-1.2,0.9,24.0
2021-12-17,Espoo Tapiola,1.1,1.2,-1.0
2021-12-18,Porvoo Kilpilahti satama,2.3,,
2021-12-18,Jomala Maarianhamina lentoasema,7.7,,
2021-12-18,Parainen Utö,5.0,-1.0,-1.0
2021-12-18,Lemland Nyhamn,5.9,,
2021-12-18,Jomala Jomalaby,7.2,-1.0,-1.0
2021-12-18,Hammarland Märket,6.4,,
2021-12-18,Kökar Bogskär,6.4,,
2021-12-18,Parainen Fagerholm,5.6,-1.0,
2021-12-18,Kumlinge kirkonkylä,5.7,,
2021-12-18,Hanko Russarö,3.8,-1.0,
2021-12-18,Kaarina Yltöinen,4.0,-1.0,-1.0
2021-12-18,Kemiönsaari Vänö,4.7,,
2021-12-18,Hanko Tulliniemi,3.9,,
2021-12-18,Turku Rajakari,4.7,,
2021-12-18,Turku Artukainen,4.6,0.1,-1.0
2021-12-18,Kemiönsaari Kemiö,4.2,-1.0,-1.0
2021-12-18,Hanko Tvärminne,3.9,0.1,-1.0
2021-12-18,Salo Kärkkä,3.5,-1.0,
2021-12-18,Lohja Leppäkorpi,,1.5,-1.0
2021-12-18,Raasepori Jussarö,3.3,,
2021-12-18,Salo Kiikala lentokenttä,2.4,2.1,-1.0
2021-12-18,Vantaa Helsinki-Vantaan lentoasema,2.2,0.4,-1.0
2021-12-18,Inkoo Bågaskär,3.0,,
2021-12-18,Helsinki Kaisaniemi,2.5,1.0,-1.0
2021-12-18,Lohja Porla,2.5,0.6,-1.0
2021-12-18,Vihti Maasoja,2.3,,
2021-12-18,Helsinki Harmaja,2.1,,
2021-12-18,Kirkkonummi Mäkiluoto,2.7,,
2021-12-18,Helsinki Helsingin majakka,3.0,,
2021-12-18,Helsinki Kumpula,2.2,0.7,-1.0
2021-12-18,Helsinki Malmi lentokenttä,2.4,,
2021-12-18,Porvoo Kalbådagrund,2.8,,
2021-12-18,Porvoo Emäsalo,2.0,,
2021-12-18,Porvoo Harabacka,1.9,0.1,-1.0
2021-12-18,Kotka Rankki,1.3,0.1,-1.0
2021-12-18,Loviisa Orrengrund,1.7,,
2021-12-18,Kotka Haapasaari,1.6,,
2021-12-18,Pori lentoasema,4.1,,
2021-12-18,Uusikaupunki Itätulli,,-1.0,-1.0
2021-12-18,Kustavi Isokari,5.3,0.2,
2021-12-18,Rauma Kylmäpihlaja,4.6,,
2021-12-18,Pori rautatieasema,4.1,0.1,-1.0
2021-12-18,Turku lentoasema,3.9,,
2021-12-18,Kokemäki Rausenkulma,,0.3,-1.0
2021-12-18,Huittinen Sallila,,0.3,-1.0
2021-12-18,Oripää Teinikivi,,-1.0,-1.0
2021-12-18,Pöytyä Yläne,,0.3,-1.0
2021-12-18,Kokemäki Tulkkila,3.2,0.5,-1.0
2021-12-18,Jokioinen Ilmala,2.7,1.7,-1.0
2021-12-18,Nokia Tottijärvi,,1.3,-1.0
2021-12-18,Pirkkala Tampere-Pirkkala lentoasema,2.0,,
2021-12-18,Tampere Härmälä,2.2,-1.0,-1.0
2021-12-18,Somero Salkola,2.0,2.2,4.0
2021-12-18,Hyvinkää Hyvinkäänkylä,2.2,0.1,2.0
2021-12-18,Vihti Hiiskula,,0.0,-1.0
2021-12-18,Hämeenlinna Pirttikoski,,0.6,-1.0
2021-12-18,Nurmijärvi Röykkä,1.7,0.2,-1.0
2021-12-18,Hämeenlinna Katinen,2.1,-1.0,
2021-12-18,Hattula Lepaa,2.0,0.2,4.0
2021-12-18,Hämeenlinna Lammi Pappila,1.3,0.3,9.0
2021-12-18,Asikkala Pulkkilanharju,1.5,,
2021-12-18,Kouvola Utti lentoasema,0.6,0.1,10.0
2021-12-18,Kouvola Anjala,1.1,0.6,3.0
2021-12-18,Heinola Asemantaus,1.1,-1.0,11.0
2021-12-18,Kouvola Voikoski,,0.1,16.0
2021-12-18,Virolahti Koivuniemi,0.9,0.2,3.0
2021-12-18,Lappeenranta lentoasema,0.1,,
2021-12-18,Lappeenranta Konnunsuo,0.1,,
2021-12-18,Lappeenranta Lepola,0.2,-1.0,13.0
2021-12-18,Ruokolahti Kotaniemi,,1.0,24.0
2021-12-18,Lappeenranta Hiekkapakka,-0.2,,
2021-12-18,Parikkala Koitsanlahti,-1.0,0.5,32.0
2021-12-18,Kaskinen Sälgrund,2.9,0.5,
2021-12-18,Merikarvia Tuorila,,0.9,-1.0
2021-12-18,Isojoki Kärjenkoski,,1.9,0.0
2021-12-18,Teuva Kauppilankylä,,2.6,4.0
2021-12-18,Pori Tahkoluoto satama,4.2,,
2021-12-18,Kristiinankaupunki Majakka,4.7,,
2021-12-18,Karvia Alkkia,1.6,1.1,14.0
2021-12-18,Kurikka Hirvijärvi,,0.0,3.0
2021-12-18,Kauhajoki Kuja-Kokko,2.4,1.3,10.0
2021-12-18,Kankaanpää Niinisalo lentokenttä,1.6,1.8,10.0
2021-12-18,Alavus Sulkavankylä,,0.2,9.0
2021-12-18,Virrat Äijänneva,1.4,,
2021-12-18,Tampere Siilinkari,2.0,,
2021-12-18,Jämsä Halli lentoasema,1.2,-1.0,12.0
2021-12-18,Juupajoki Hyytiälä,1.2,-1.0,11.0
2021-12-18,Sysmä Joutsjärvi,,1.1,11.0
2021-12-18,Jyväskylä Muuratjärvi,,0.5,17.0
2021-12-18,Luhanka Judinsalo,1.4,,
2021-12-18,Multia Pirttiperä,,0.1,17.0
2021-12-18,Joutsa Savenaho,0.2,0.5,18.0
2021-12-18,Kangasniemi kirkonkylä,,0.4,29.0
2021-12-18,Joutsa Pärnämäki,,0.5,24.0
2021-12-18,Mikkeli Pitkähiekka,,0.0,19.0
2021-12-18,Juva Partala,0.0,,
2021-12-18,Varkaus Kosulanniemi,0.2,0.2,30.0
2021-12-18,Savonlinna Laukansaari,,2.0,22.0
2021-12-18,Sulkava Halttula,,1.4,39.0
2021-12-18,Savonlinna lentoasema,-0.7,,
2021-12-18,Rantasalmi Rukkasluoto,-0.4,,
2021-12-18,Savonlinna Punkaharju Laukansaari,-0.9,0.4,24.0
2021-12-18,Enonkoski Simanala,,1.7,36.0
2021-12-18,Savonlinna Savonranta,,3.4,25.0
2021-12-18,Rääkkylä kirkonkylä,,2.7,29.0
2021-12-18,Tohmajärvi Kemie,-2.1,5.4,29.0
2021-12-18,Joensuu Huhtilampi,,6.1,42.0
2021-12-18,Vaasa lentoasema,3.0,,
2021-12-18,Mustasaari Valassaaret,2.7,,
2021-12-18,Närpiö Ylimarkku,,1.6,0.0
2021-12-18,Mustasaari Riimala,,1.0,12.0
2021-12-18,Kurikka Pyörni,,2.0,11.0
2021-12-18,Korsnäs Bredskäret,2.1,,
2021-12-18,Maalahti Strömmingsbådan,4.3,,
2021-12-18,Vaasa Klemettilä,3.5,0.4,16.0
2021-12-18,Seinäjoki Pelmaa,1.6,0.6,13.0
2021-12-18,Kauhava lentokenttä,1.6,0.4,13.0
2021-12-18,Ähtäri Inha,0.8,-1.0,19.0
2021-12-18,Halsua Purola,0.6,0.5,19.0
2021-12-18,Alajärvi Möksy,0.7,0.1,18.0
2021-12-18,Multia Karhila,0.4,-1.0,17.0
2021-12-18,Viitasaari Haapaniemi,0.9,-1.0,18.0
2021-12-18,Äänekoski Kalaniemi,,-1.0,21.0
2021-12-18,Vesanto kirkonkylä,0.1,-1.0,26.0
2021-12-18,Pielavesi Venetmäki,,0.3,32.0
2021-12-18,Siilinjärvi Kuopio lentoasema,-0.2,,
2021-12-18,Kuopio Maaninka,0.1,0.1,27.0
2021-12-18,Lapinlahti Lamminkäyrä,,0.5,27.0
2021-12-18,Suonenjoki Iisvesi,,-1.0,21.0
2021-12-18,Kuopio Karttula,,0.8,28.0
2021-12-18,Kuopio Ritoniemi,-0.1,,
2021-12-18,Kuopio Savilahti,0.1,0.4,23.0
2021-12-18,Heinävesi Palokki,,1.1,22.0
2021-12-18,Outokumpu Viuruniemi,,1.5,29.0
2021-12-18,Rautavaara Ala-Luosta,,2.4,23.0
2021-12-18,Rautavaara Ylä-Luosta,-2.0,2.4,31.0
2021-12-18,Liperi Joensuu lentoasema,-1.8,,
2021-12-18,Juuka Niemelä,-1.7,3.4,29.0
2021-12-18,Joensuu Pyhäselkä,,3.6,37.0
2021-12-18,Lieksa Koli,,4.7,36.0
2021-12-18,Liperi Tuiskavanluoto,-1.6,,
2021-12-18,Joensuu Linnunlahti,-1.8,3.9,31.0
2021-12-18,Lieksa Lampela,-2.6,4.8,26.0
2021-12-18,Ilomantsi Naarva,,11.0,45.0
2021-12-18,Ilomantsi Pötsönvaara,-4.3,10.5,33.0
2021-12-18,Ilomantsi Mekrijärvi,-3.7,8.6,33.0
2021-12-18,Pietarsaari Kallan,3.4,,
2021-12-18,Kokkola Tankar,2.7,,
2021-12-18,Kruunupyy Kokkola-Pietarsaari lentoasema,3.1,,
2021-12-18,Kaustinen Tastula,,1.1,7.0
2021-12-18,Kalajoki Ulkokalla,3.0,,
2021-12-18,Kokkola Santahaka,3.3,0.1,12.0
2021-12-18,Toholampi Oravala,,1.0,12.0
2021-12-18,Kalajoki Pitkäsenkylä,,-1.0,15.0
2021-12-18,Kalajoki Mehtäkylä,,-1.0,15.0
2021-12-18,Toholampi Laitala,1.8,0.5,19.0
2021-12-18,Ylivieska lentokenttä,1.4,-1.0,20.0
2021-12-18,Ylivieska Vähäkangas,,-1.0,17.0
2021-12-18,Haapavesi Mustikkamäki,0.4,-1.0,18.0
2021-12-18,Pyhäjärvi Ojakylä,0.4,-1.0,20.0
2021-12-18,Pyhäjärvi Hiidenniemi,,-1.0,20.0
2021-12-18,Kiuruvesi Korpijoki,,0.0,21.0
2021-12-18,Siikalatva Kestilä,,0.2,25.0
2021-12-18,Kajaani lentoasema,-1.4,,
2021-12-18,Vieremä Kaarakkala,-1.5,0.3,32.0
2021-12-18,Kajaani Paltaniemi,,1.7,28.0
2021-12-18,Nurmes Valtimo,-1.7,2.5,25.0
2021-12-18,Ristijärvi Mustavaara,,6.2,28.0
2021-12-18,Sotkamo Kuolaniemi,-1.7,2.4,24.0
2021-12-18,Nurmes Mujejärvi,,6.5,34.0
2021-12-18,Kuhmo Apaja,,4.9,32.0
2021-12-18,Kuhmo Kalliojoki,-4.2,6.8,31.0
2021-12-18,Raahe Nahkiainen,3.5,,
2021-12-18,Hailuoto Keskikylä,1.5,-1.0,14.0
2021-12-18,Kemi I majakka,1.7,,
2021-12-18,Hailuoto Marjaniemi,1.3,,
2021-12-18,Raahe Lapaluoto satama,1.5,,
2021-12-18,Oulu lentoasema,-0.2,,
2021-12-18,Siikajoki Ruukki,0.7,-1.0,16.0
2021-12-18,Oulu Vihreäsaari satama,-0.9,,
2021-12-18,Oulu Oulunsalo Pellonpää,-0.5,-1.0,18.0
2021-12-18,Vaala Pelso,-1.0,-1.0,25.0
2021-12-18,Pudasjärvi lentokenttä,-3.1,-1.0,32.0
2021-12-18,Utajärvi Särkijärvi,,3.0,27.0
2021-12-18,Pudasjärvi Jaurakkajärvi,,1.8,30.0
2021-12-18,Suomussalmi Näljänkä,,1.6,41.0
2021-12-18,Suomussalmi Pesiö,-3.7,4.3,31.0
2021-12-18,Puolanka Kotila,,3.7,33.0
2021-12-18,Puolanka Paljakka,-3.4,3.9,35.0
2021-12-18,Kemi Kemi-Tornio lentoasema,-3.6,,
2021-12-18,Kemi Ajos,-3.1,,
2021-12-18,Tornio Kaakkuri,-2.2,-1.0,14.0
2021-12-18,Ranua lentokenttä,-4.9,0.4,20.0
2021-12-18,Pudasjärvi Sarakylä,,0.2,21.0
2021-12-18,Posio Raistakka,,1.3,29.0
2021-12-18,Taivalkoski Inkee,,1.6,32.0
2021-12-18,Taivalkoski kirkonkylä,-4.1,0.5,26.0
2021-12-18,Kuusamo lentoasema,-5.4,0.5,30.0
2021-12-18,Kuusamo Kiutaköngäs,-5.0,0.7,30.0
2021-12-18,Kuusamo Rukatunturi,-6.9,,
2021-12-18,Kuusamo Teeriranta,,1.3,36.0
2021-12-18,Kuusamo Juuma,-5.8,,
2021-12-18,Ylitornio Meltosjärvi,-4.6,-1.0,21.0
2021-12-18,Kolari Kattilamaa,,-1.0,30.0
2021-12-18,Pello kirkonkylä,-6.0,-1.0,21.0
2021-12-18,Rovaniemi rautatieasema,-5.6,,
2021-12-18,Sodankylä Tähtelä,-7.1,0.4,32.0
2021-12-18,Rovaniemi Apukka,-7.5,-1.0,26.0
2021-12-18,Pelkosenniemi kirkonkylä,,0.2,32.0
2021-12-18,Kemijärvi lentokenttä,-5.5,-1.0,27.0
2021-12-18,Savukoski kirkonkylä,-5.2,0.4,31.0
2021-12-18,Salla Kelloselkä,,0.5,36.0
2021-12-18,Pelkosenniemi Pyhätunturi,-4.6,,
2021-12-18,Salla kirkonkylä,-5.0,0.1,33.0
2021-12-18,Salla Naruska,-5.5,1.8,41.0
2021-12-18,Enontekiö Kaaresuvanto,,4.0,45.0
2021-12-18,Enontekiö lentoasema,-8.2,,
2021-12-18,Kittilä Pulju,,0.0,32.0
2021-12-18,Muonio Laukukero,-3.8,,
2021-12-18,Muonio Sammaltunturi,-3.7,,
2021-12-18,Kittilä Matorova,-2.9,,
2021-12-18,Kittilä lentoasema,-6.5,,
2021-12-18,Kittilä Kenttärova,-3.3,-1.0,63.0
2021-12-18,Kittilä Pakatti,-5.8,0.2,30.0
2021-12-18,Kittilä Pokka,-6.4,0.3,53.0
2021-12-18,Sodankylä Lokka,-5.4,1.9,33.0
2021-12-18,Sodankylä Vuotso,-5.6,0.9,33.0
2021-12-18,Inari Saariselkä matkailukeskus,-5.3,3.1,47.0
2021-12-18,Inari Saariselkä Kaunispää,-5.1,,
2021-12-18,Inari Raja-Jooseppi Kontiojärvi,,1.9,27.0
2021-12-18,Inari Raja-Jooseppi,-4.7,,
2021-12-18,Salla Värriötunturi,-6.4,2.2,41.0
2021-12-18,Enontekiö Kilpisjärvi kyläkeskus,-2.4,2.2,51.0
2021-12-18,Enontekiö Kilpisjärvi Saana,-4.3,,
2021-12-18,Enontekiö Näkkälä,-9.9,-1.0,48.0
2021-12-18,Inari Angeli Lintupuoliselkä,-4.8,0.9,30.0
2021-12-18,Inari Ivalo lentoasema,-4.4,,
2021-12-18,Utsjoki Kevo,-5.2,0.3,28.0
2021-12-18,Utsjoki Nuorgam,-5.3,-1.0,30.0
2021-12-18,Inari Väylä,-5.4,,
2021-12-18,Inari kirkonkylä,,2.3,27.0
2021-12-18,Inari Kaamanen,-5.1,0.2,27.0
2021-12-18,Inari Nellim,-5.0,5.2,24.0
2021-12-18,Inari Kirakkajärvi,-5.0,0.7,34.0
2021-12-18,Mäntsälä Hirvihaara,1.6,0.1,4.0
2021-12-18,Lahti Sopenkorpi,1.4,0.2,8.0
2021-12-18,Siuntio Sjundby,,0.6,-1.0
2021-12-18,Sipoo Itätoukki,2.6,,
2021-12-18,Rauma Pyynpää,4.8,0.6,-1.0
2021-12-18,Muonio Oustajärvi,-11.2,-1.0,36.0
2021-12-18,Pyhtää lentokenttä,1.2,0.1,-1.0
2021-12-18,Sotkamo Tuhkakylä,-1.8,2.1,33.0
2021-12-18,Tervola Loue,-4.9,,
2021-12-18,Kajaani Petäisenniska,-1.6,2.3,24.0
2021-12-18,Utsjoki Kevo Kevojärvi,-5.7,,
2021-12-18,Inari Seitalaassa,-4.8,,
2021-12-18,Ilmajoki Seinäjoki lentoasema,2.1,,
2021-12-18,Rovaniemi lentoasema AWOS,-4.1,-1.0,20.0
2021-12-18,Jyväskylä lentoasema AWOS,0.9,-1.0,15.0
2021-12-18,Puumala kirkonkylä,0.1,0.4,23.0
2021-12-18,Helsinki Vuosaari satama,2.5,,
2021-12-18,Maarianhamina Länsisatama,7.4,,
2021-12-18,Lumparland Långnäs satama,6.7,-1.0,-1.0
2021-12-18,Tampere Tampella,2.3,,
2021-12-18,Kittilä Lompolonvuoma,-3.7,-1.0,
2021-12-18,Kuusamo Ruka Talvijärvi,-5.6,,
2021-12-18,Espoo Nuuksio,1.5,1.4,4.0
2021-12-18,Mikkeli Lentoasema AWOS,0.3,0.4,25.0
2021-12-18,Espoo Tapiola,2.7,1.1,-1.0
2021-12-19,Porvoo Kilpilahti satama,0.2,,
2021-12-19,Jomala Maarianhamina lentoasema,2.8,,
2021-12-19,Parainen Utö,2.8,0.0,-1.0
2021-12-19,Lemland Nyhamn,3.3,,
2021-12-19,Jomala Jomalaby,2.6,0.8,-1.0
2021-12-19,Hammarland Märket,3.5,,
2021-12-19,Kökar Bogskär,3.6,,
2021-12-19,Parainen Fagerholm,2.3,0.1,
2021-12-19,Kumlinge kirkonkylä,2.3,,
2021-12-19,Hanko Russarö,1.7,0.2,
2021-12-19,Kaarina Yltöinen,1.1,-1.0,-1.0
2021-12-19,Kemiönsaari Vänö,2.1,,
2021-12-19,Hanko Tulliniemi,1.6,,
2021-12-19,Turku Rajakari,2.0,,
2021-12-19,Turku Artukainen,1.4,0.1,-1.0
2021-12-19,Kemiönsaari Kemiö,1.1,-1.0,-1.0
2021-12-19,Hanko Tvärminne,1.2,0.3,-1.0
2021-12-19,Salo Kärkkä,0.8,0.1,
2021-12-19,Lohja Leppäkorpi,,0.1,-1.0
2021-12-19,Raasepori Jussarö,0.7,,
2021-12-19,Salo Kiikala lentokenttä,-0.6,0.1,-1.0
2021-12-19,Vantaa Helsinki-Vantaan lentoasema,-0.1,0.1,-1.0
2021-12-19,Inkoo Bågaskär,0.6,,
2021-12-19,Helsinki Kaisaniemi,0.3,0.1,-1.0
2021-12-19,Lohja Porla,0.2,0.2,-1.0
2021-12-19,Vihti Maasoja,-0.1,,
2021-12-19,Helsinki Harmaja,0.6,,
2021-12-19,Kirkkonummi Mäkiluoto,0.7,,
2021-12-19,Helsinki Helsingin majakka,0.7,,
2021-12-19,Helsinki Kumpula,0.1,0.1,-1.0
2021-12-19,Helsinki Malmi lentokenttä,0.1,,
2021-12-19,Porvoo Kalbådagrund,0.6,,
2021-12-19,Porvoo Emäsalo,-0.1,,
2021-12-19,Porvoo Harabacka,-0.3,0.2,-1.0
2021-12-19,Kotka Rankki,-0.6,0.5,-1.0
2021-12-19,Loviisa Orrengrund,0.1,,
2021-12-19,Kotka Haapasaari,-0.3,,
2021-12-19,Pori lentoasema,0.4,,
2021-12-19,Uusikaupunki Itätulli,,0.3,-1.0
2021-12-19,Kustavi Isokari,2.3,0.4,
2021-12-19,Rauma Kylmäpihlaja,1.8,,
2021-12-19,Pori rautatieasema,0.5,0.1,-1.0
2021-12-19,Turku lentoasema,0.9,,
2021-12-19,Kokemäki Rausenkulma,,0.0,-1.0
2021-12-19,Huittinen Sallila,,0.1,-1.0
2021-12-19,Oripää Teinikivi,,-1.0,-1.0
2021-12-19,Pöytyä Yläne,,0.0,-1.0
2021-12-19,Kokemäki Tulkkila,-0.1,-1.0,-1.0
2021-12-19,Jokioinen Ilmala,-0.8,0.1,-1.0
2021-12-19,Nokia Tottijärvi,,0.6,-1.0
2021-12-19,Pirkkala Tampere-Pirkkala lentoasema,-1.4,,
2021-12-19,Tampere Härmälä,-1.2,0.1,-1.0
2021-12-19,Somero Salkola,-1.0,0.2,3.0
2021-12-19,Hyvinkää Hyvinkäänkylä,-0.1,0.3,-1.0
2021-12-19,Vihti Hiiskula,,0.1,-1.0
2021-12-19,Hämeenlinna Pirttikoski,,0.6,-1.0
2021-12-19,Nurmijärvi Röykkä,-0.6,0.1,-1.0
2021-12-19,Hämeenlinna Katinen,-0.8,0.2,
2021-12-19,Hattula Lepaa,-0.9,0.3,3.0
2021-12-19,Hämeenlinna Lammi Pappila,-1.3,0.4,7.0
2021-12-19,Asikkala Pulkkilanharju,-1.2,,
2021-12-19,Kouvola Utti lentoasema,-1.7,0.9,9.0
2021-12-19,Kouvola Anjala,-1.0,1.0,2.0
2021-12-19,Heinola Asemantaus,-1.5,0.9,9.0
2021-12-19,Kouvola Voikoski,,0.9,16.0
2021-12-19,Virolahti Koivuniemi,-1.2,0.9,2.0
2021-12-19,Lappeenranta lentoasema,-2.5,,
2021-12-19,Lappeenranta Konnunsuo,-2.4,,
2021-12-19,Lappeenranta Lepola,-2.4,0.3,14.0
2021-12-19,Ruokolahti Kotaniemi,,1.0,24.0
2021-12-19,Lappeenranta Hiekkapakka,-2.9,,
2021-12-19,Parikkala Koitsanlahti,-3.6,0.1,31.0
2021-12-19,Kaskinen Sälgrund,-0.1,0.1,
2021-12-19,Merikarvia Tuorila,,-1.0,-1.0
2021-12-19,Isojoki Kärjenkoski,,0.0,0.0
2021-12-19,Teuva Kauppilankylä,,0.4,2.0
2021-12-19,Pori Tahkoluoto satama,1.4,,
2021-12-19,Kristiinankaupunki Majakka,0.6,,
2021-12-19,Karvia Alkkia,-2.5,0.7,13.0
2021-12-19,Kurikka Hirvijärvi,,0.2,3.0
2021-12-19,Kauhajoki Kuja-Kokko,-1.7,0.3,9.0
2021-12-19,Kankaanpää Niinisalo lentokenttä,-2.0,0.4,9.0
2021-12-19,Alavus Sulkavankylä,,0.4,8.0
2021-12-19,Virrat Äijänneva,-2.5,,
2021-12-19,Tampere Siilinkari,-1.3,,
2021-12-19,Jämsä Halli lentoasema,-2.1,0.2,11.0
2021-12-19,Juupajoki Hyytiälä,-2.0,0.2,11.0
2021-12-19,Sysmä Joutsjärvi,,0.3,10.0
2021-12-19,Jyväskylä Muuratjärvi,,0.0,16.0
2021-12-19,Luhanka Judinsalo,-1.6,,
2021-12-19,Multia Pirttiperä,,0.5,17.0
2021-12-19,Joutsa Savenaho,-2.7,0.6,16.0
2021-12-19,Kangasniemi kirkonkylä,,0.9,30.0
2021-12-19,Joutsa Pärnämäki,,0.7,23.0
2021-12-19,Mikkeli Pitkähiekka,,1.1,18.0
2021-12-19,Juva Partala,-3.2,,
2021-12-19,Varkaus Kosulanniemi,-3.4,0.6,28.0
2021-12-19,Savonlinna Laukansaari,,0.8,21.0
2021-12-19,Sulkava Halttula,,0.6,38.0
2021-12-19,Savonlinna lentoasema,-3.9,,
2021-12-19,Rantasalmi Rukkasluoto,-3.6,,
2021-12-19,Savonlinna Punkaharju Laukansaari,-3.8,0.7,23.0
2021-12-19,Enonkoski Simanala,,0.8,36.0
2021-12-19,Savonlinna Savonranta,,0.2,28.0
2021-12-19,Rääkkylä kirkonkylä,,0.5,30.0
2021-12-19,Tohmajärvi Kemie,-5.4,0.2,32.0
2021-12-19,Joensuu Huhtilampi,,0.4,47.0
2021-12-19,Vaasa lentoasema,-0.8,,
2021-12-19,Mustasaari Valassaaret,0.4,,
2021-12-19,Närpiö Ylimarkku,,0.0,0.0
2021-12-19,Mustasaari Riimala,,0.8,12.0
2021-12-19,Kurikka Pyörni,,0.3,8.0
2021-12-19,Korsnäs Bredskäret,-0.3,,
2021-12-19,Maalahti Strömmingsbådan,1.0,,
2021-12-19,Vaasa Klemettilä,-0.5,0.7,15.0
2021-12-19,Seinäjoki Pelmaa,-2.2,0.2,13.0
2021-12-19,Kauhava lentokenttä,-2.2,0.1,13.0
2021-12-19,Ähtäri Inha,-3.0,0.1,19.0
2021-12-19,Halsua Purola,-4.1,0.0,19.0
2021-12-19,Alajärvi Möksy,-3.9,-1.0,18.0
2021-12-19,Multia Karhila,-3.2,0.1,17.0
2021-12-19,Viitasaari Haapaniemi,-3.6,0.1,17.0
2021-12-19,Äänekoski Kalaniemi,,0.1,20.0
2021-12-19,Vesanto kirkonkylä,-3.9,0.3,26.0
2021-12-19,Pielavesi Venetmäki,,0.3,31.0
2021-12-19,Siilinjärvi Kuopio lentoasema,-4.5,,
2021-12-19,Kuopio Maaninka,-4.3,0.1,26.0
2021-12-19,Lapinlahti Lamminkäyrä,,0.0,27.0
2021-12-19,Suonenjoki Iisvesi,,0.2,19.0
2021-12-19,Kuopio Karttula,,0.2,28.0
2021-12-19,Kuopio Ritoniemi,-4.0,,
2021-12-19,Kuopio Savilahti,-4.0,0.4,22.0
2021-12-19,Heinävesi Palokki,,0.7,26.0
2021-12-19,Outokumpu Viuruniemi,,1.1,30.0
2021-12-19,Rautavaara Ala-Luosta,,0.1,25.0
2021-12-19,Rautavaara Ylä-Luosta,-6.0,0.5,33.0
2021-12-19,Liperi Joensuu lentoasema,-5.4,,
2021-12-19,Juuka Niemelä,-5.6,0.1,33.0
2021-12-19,Joensuu Pyhäselkä,,1.0,38.0
2021-12-19,Lieksa Koli,,0.6,40.0
2021-12-19,Liperi Tuiskavanluoto,-5.3,,
2021-12-19,Joensuu Linnunlahti,-5.1,0.6,34.0
2021-12-19,Lieksa Lampela,-6.6,0.2,31.0
2021-12-19,Ilomantsi Naarva,,0.8,52.0
2021-12-19,Ilomantsi Pötsönvaara,-7.9,0.3,42.0
2021-12-19,Ilomantsi Mekrijärvi,-7.3,0.2,42.0
2021-12-19,Pietarsaari Kallan,-0.5,,
2021-12-19,Kokkola Tankar,-0.6,,
2021-12-19,Kruunupyy Kokkola-Pietarsaari lentoasema,-1.7,,
2021-12-19,Kaustinen Tastula,,-1.0,7.0
2021-12-19,Kalajoki Ulkokalla,-1.0,,
2021-12-19,Kokkola Santahaka,-1.4,0.1,10.0
2021-12-19,Toholampi Oravala,,-1.0,12.0
2021-12-19,Kalajoki Pitkäsenkylä,,-1.0,15.0
2021-12-19,Kalajoki Mehtäkylä,,-1.0,13.0
2021-12-19,Toholampi Laitala,-3.7,-1.0,19.0
2021-12-19,Ylivieska lentokenttä,-4.7,-1.0,19.0
2021-12-19,Ylivieska Vähäkangas,,-1.0,17.0
2021-12-19,Haapavesi Mustikkamäki,-5.3,-1.0,18.0
2021-12-19,Pyhäjärvi Ojakylä,-5.2,-1.0,20.0
2021-12-19,Pyhäjärvi Hiidenniemi,,-1.0,19.0
2021-12-19,Kiuruvesi Korpijoki,,0.0,20.0
2021-12-19,Siikalatva Kestilä,,-1.0,25.0
2021-12-19,Kajaani lentoasema,-6.7,,
2021-12-19,Vieremä Kaarakkala,-6.5,0.2,32.0
2021-12-19,Kajaani Paltaniemi,,0.2,30.0
2021-12-19,Nurmes Valtimo,-6.1,-1.0,27.0
2021-12-19,Ristijärvi Mustavaara,,1.8,37.0
2021-12-19,Sotkamo Kuolaniemi,-6.6,-1.0,27.0
2021-12-19,Nurmes Mujejärvi,,0.3,39.0
2021-12-19,Kuhmo Apaja,,0.7,37.0
2021-12-19,Kuhmo Kalliojoki,-8.4,0.1,38.0
2021-12-19,Raahe Nahkiainen,-2.3,,
2021-12-19,Hailuoto Keskikylä,-4.9,-1.0,14.0
2021-12-19,Kemi I majakka,-3.8,,
2021-12-19,Hailuoto Marjaniemi,-4.1,,
2021-12-19,Raahe Lapaluoto satama,-3.6,,
2021-12-19,Oulu lentoasema,-6.1,,
2021-12-19,Siikajoki Ruukki,-5.7,-1.0,17.0
2021-12-19,Oulu Vihreäsaari satama,-6.7,,
2021-12-19,Oulu Oulunsalo Pellonpää,-6.5,-1.0,18.0
2021-12-19,Vaala Pelso,-6.5,-1.0,25.0
2021-12-19,Pudasjärvi lentokenttä,-8.0,-1.0,32.0
2021-12-19,Utajärvi Särkijärvi,,0.0,29.0
2021-12-19,Pudasjärvi Jaurakkajärvi,,-1.0,31.0
2021-12-19,Suomussalmi Näljänkä,,0.3,42.0
2021-12-19,Suomussalmi Pesiö,-8.8,0.2,42.0
2021-12-19,Puolanka Kotila,,0.4,37.0
2021-12-19,Puolanka Paljakka,-8.7,-1.0,39.0
2021-12-19,Kemi Kemi-Tornio lentoasema,-8.5,,
2021-12-19,Kemi Ajos,-7.6,,
2021-12-19,Tornio Kaakkuri,-6.5,-1.0,14.0
2021-12-19,Ranua lentokenttä,-8.3,-1.0,26.0
2021-12-19,Pudasjärvi Sarakylä,,-1.0,21.0
2021-12-19,Posio Raistakka,,0.1,30.0
2021-12-19,Taivalkoski Inkee,,0.3,34.0
2021-12-19,Taivalkoski kirkonkylä,-8.5,-1.0,26.0
2021-12-19,Kuusamo lentoasema,-10.2,-1.0,29.0
2021-12-19,Kuusamo Kiutaköngäs,-10.3,-1.0,29.0
2021-12-19,Kuusamo Rukatunturi,-11.1,,
2021-12-19,Kuusamo Teeriranta,,-1.0,37.0
2021-12-19,Kuusamo Juuma,-10.6,,
2021-12-19,Ylitornio Meltosjärvi,-7.4,-1.0,20.0
2021-12-19,Kolari Kattilamaa,,0.3,30.0
2021-12-19,Pello kirkonkylä,-6.2,-1.0,20.0
2021-12-19,Rovaniemi rautatieasema,-7.1,,
2021-12-19,Sodankylä Tähtelä,-8.4,-1.0,32.0
2021-12-19,Rovaniemi Apukka,-8.3,-1.0,26.0
2021-12-19,Pelkosenniemi kirkonkylä,,-1.0,32.0
2021-12-19,Kemijärvi lentokenttä,-8.9,-1.0,26.0
2021-12-19,Savukoski kirkonkylä,-10.8,0.1,31.0
2021-12-19,Salla Kelloselkä,,-1.0,36.0
2021-12-19,Pelkosenniemi Pyhätunturi,-9.7,,
2021-12-19,Salla kirkonkylä,-11.3,0.1,31.0
2021-12-19,Salla Naruska,-14.2,-1.0,42.0
2021-12-19,Enontekiö Kaaresuvanto,,-1.0,50.0
2021-12-19,Enontekiö lentoasema,-7.8,,
2021-12-19,Kittilä Pulju,,-1.0,32.0
2021-12-19,Muonio Laukukero,-8.4,,
2021-12-19,Muonio Sammaltunturi,-7.6,,
2021-12-19,Kittilä Matorova,-6.8,,
2021-12-19,Kittilä lentoasema,-6.8,,
2021-12-19,Kittilä Kenttärova,-6.8,0.4,62.0
2021-12-19,Kittilä Pakatti,-6.6,0.2,30.0
2021-12-19,Kittilä Pokka,-8.1,0.4,56.0
2021-12-19,Sodankylä Lokka,-10.7,-1.0,35.0
2021-12-19,Sodankylä Vuotso,-9.6,-1.0,33.0
2021-12-19,Inari Saariselkä matkailukeskus,-9.4,-1.0,49.0
2021-12-19,Inari Saariselkä Kaunispää,-8.7,,
2021-12-19,Inari Raja-Jooseppi Kontiojärvi,,0.1,29.0
2021-12-19,Inari Raja-Jooseppi,-9.6,,
2021-12-19,Salla Värriötunturi,-11.8,0.5,44.0
2021-12-19,Enontekiö Kilpisjärvi kyläkeskus,-7.2,0.8,51.0
2021-12-19,Enontekiö Kilpisjärvi Saana,-7.6,,
2021-12-19,Enontekiö Näkkälä,-7.9,-1.0,48.0
2021-12-19,Inari Angeli Lintupuoliselkä,-8.1,0.1,32.0
2021-12-19,Inari Ivalo lentoasema,-9.0,,
2021-12-19,Utsjoki Kevo,-9.6,-1.0,28.0
2021-12-19,Utsjoki Nuorgam,-9.1,0.1,29.0
2021-12-19,Inari Väylä,-9.6,,
2021-12-19,Inari kirkonkylä,,0.3,29.0
2021-12-19,Inari Kaamanen,-9.0,0.1,27.0
2021-12-19,Inari Nellim,-11.7,-1.0,28.0
2021-12-19,Inari Kirakkajärvi,-12.1,-1.0,33.0
2021-12-19,Mäntsälä Hirvihaara,-0.7,0.2,-1.0
2021-12-19,Lahti Sopenkorpi,-1.1,0.3,7.0
2021-12-19,Siuntio Sjundby,,-1.0,-1.0
2021-12-19,Sipoo Itätoukki,0.8,,
2021-12-19,Rauma Pyynpää,1.4,0.1,-1.0
2021-12-19,Muonio Oustajärvi,-8.9,0.2,37.0
2021-12-19,Pyhtää lentokenttä,-0.7,0.3,-1.0
2021-12-19,Sotkamo Tuhkakylä,-6.8,0.1,35.0
2021-12-19,Tervola Loue,-7.7,,
2021-12-19,Kajaani Petäisenniska,-6.6,-1.0,26.0
2021-12-19,Utsjoki Kevo Kevojärvi,-9.9,,
2021-12-19,Inari Seitalaassa,-10.3,,
2021-12-19,Ilmajoki Seinäjoki lentoasema,-2.3,,
2021-12-19,Rovaniemi lentoasema AWOS,-7.7,-1.0,19.0
2021-12-19,Jyväskylä lentoasema AWOS,-2.8,-1.0,15.0
2021-12-19,Puumala kirkonkylä,-2.8,0.3,22.0
2021-12-19,Helsinki Vuosaari satama,0.4,,
2021-12-19,Maarianhamina Länsisatama,2.8,,
2021-12-19,Lumparland Långnäs satama,2.8,1.6,-1.0
2021-12-19,Tampere Tampella,-1.2,,
2021-12-19,Kittilä Lompolonvuoma,-7.8,0.2,
2021-12-19,Kuusamo Ruka Talvijärvi,-10.2,,
2021-12-19,Espoo Nuuksio,-0.6,0.4,2.0
2021-12-19,Mikkeli Lentoasema AWOS,-2.7,0.5,24.0
2021-12-19,Espoo Tapiola,0.4,0.1,-1.0
2021-12-20,Porvoo Kilpilahti satama,-8.4,,
2021-12-20,Jomala Maarianhamina lentoasema,-4.9,,
2021-12-20,Parainen Utö,-4.3,0.6,-1.0
2021-12-20,Lemland Nyhamn,-2.8,,
2021-12-20,Jomala Jomalaby,-4.5,1.6,-1.0
2021-12-20,Hammarland Märket,-1.3,,
2021-12-20,Kökar Bogskär,-2.9,,
2021-12-20,Parainen Fagerholm,-5.1,-1.0,
2021-12-20,Kumlinge kirkonkylä,-4.6,,
2021-12-20,Hanko Russarö,-5.8,0.3,
2021-12-20,Kaarina Yltöinen,-7.5,-1.0,-1.0
2021-12-20,Kemiönsaari Vänö,-5.2,,
2021-12-20,Hanko Tulliniemi,-6.3,,
2021-12-20,Turku Rajakari,-5.7,,
2021-12-20,Turku Artukainen,-7.5,-1.0,-1.0
2021-12-20,Kemiönsaari Kemiö,-7.3,0.1,-1.0
2021-12-20,Hanko Tvärminne,-7.1,-1.0,-1.0
2021-12-20,Salo Kärkkä,-7.8,-1.0,
2021-12-20,Lohja Leppäkorpi,,-1.0,-1.0
2021-12-20,Raasepori Jussarö,-7.3,,
2021-12-20,Salo Kiikala lentokenttä,-9.4,0.4,-1.0
2021-12-20,Vantaa Helsinki-Vantaan lentoasema,-8.9,0.1,0.0
2021-12-20,Inkoo Bågaskär,-7.0,,
2021-12-20,Helsinki Kaisaniemi,-7.9,-1.0,-1.0
2021-12-20,Lohja Porla,-8.2,-1.0,-1.0
2021-12-20,Vihti Maasoja,-8.8,,
2021-12-20,Helsinki Harmaja,-6.8,,
2021-12-20,Kirkkonummi Mäkiluoto,-6.9,,
2021-12-20,Helsinki Helsingin majakka,-7.1,,
2021-12-20,Helsinki Kumpula,-8.2,0.0,
2021-12-20,Helsinki Malmi lentokenttä,-8.5,,
2021-12-20,Porvoo Kalbådagrund,-7.4,,
2021-12-20,Porvoo Emäsalo,-8.5,,
2021-12-20,Porvoo Harabacka,-9.0,-1.0,-1.0
2021-12-20,Kotka Rankki,-8.8,0.1,2.0
2021-12-20,Loviisa Orrengrund,-7.6,,
2021-12-20,Kotka Haapasaari,-8.3,,
2021-12-20,Pori lentoasema,-8.8,,
2021-12-20,Uusikaupunki Itätulli,,0.5,0.0
2021-12-20,Kustavi Isokari,-4.6,0.9,
2021-12-20,Rauma Kylmäpihlaja,-4.7,,
2021-12-20,Pori rautatieasema,-8.7,-1.0,-1.0
2021-12-20,Turku lentoasema,-8.0,,
2021-12-20,Kokemäki Rausenkulma,,-1.0,0.0
2021-12-20,Huittinen Sallila,,0.1,-1.0
2021-12-20,Oripää Teinikivi,,-1.0,-1.0
2021-12-20,Pöytyä Yläne,,-1.0,-1.0
2021-12-20,Kokemäki Tulkkila,-8.9,-1.0,-1.0
2021-12-20,Jokioinen Ilmala,-9.6,0.4,-1.0
2021-12-20,Nokia Tottijärvi,,0.0,0.0
2021-12-20,Pirkkala Tampere-Pirkkala lentoasema,-10.0,,
2021-12-20,Tampere Härmälä,-9.6,-1.0,-1.0
2021-12-20,Somero Salkola,-9.7,-1.0,2.0
2021-12-20,Hyvinkää Hyvinkäänkylä,-9.0,-1.0,-1.0
2021-12-20,Vihti Hiiskula,,0.0,-1.0
2021-12-20,Hämeenlinna Pirttikoski,,-1.0,1.0
2021-12-20,Nurmijärvi Röykkä,-9.3,-1.0,-1.0
2021-12-20,Hämeenlinna Katinen,-9.6,-1.0,
2021-12-20,Hattula Lepaa,-9.7,-1.0,2.0
2021-12-20,Hämeenlinna Lammi Pappila,-10.3,-1.0,7.0
2021-12-20,Asikkala Pulkkilanharju,-9.9,,
2021-12-20,Kouvola Utti lentoasema,-11.4,0.5,10.0
2021-12-20,Kouvola Anjala,-10.2,0.2,3.0
2021-12-20,Heinola Asemantaus,-10.7,-1.0,10.0
2021-12-20,Kouvola Voikoski,,0.4,17.0
2021-12-20,Virolahti Koivuniemi,-10.9,-1.0,2.0
2021-12-20,Lappeenranta lentoasema,-12.2,,
2021-12-20,Lappeenranta Konnunsuo,-12.3,,
2021-12-20,Lappeenranta Lepola,-12.0,-1.0,14.0
2021-12-20,Ruokolahti Kotaniemi,,0.4,25.0
2021-12-20,Lappeenranta Hiekkapakka,-12.0,,
2021-12-20,Parikkala Koitsanlahti,-13.3,-1.0,31.0
2021-12-20,Kaskinen Sälgrund,-7.0,-1.0,
2021-12-20,Merikarvia Tuorila,,-1.0,-1.0
2021-12-20,Isojoki Kärjenkoski,,0.2,0.0
2021-12-20,Teuva Kauppilankylä,,0.8,2.0
2021-12-20,Pori Tahkoluoto satama,-5.2,,
2021-12-20,Kristiinankaupunki Majakka,-5.8,,
2021-12-20,Karvia Alkkia,-11.5,-1.0,14.0
2021-12-20,Kurikka Hirvijärvi,,0.0,3.0
2021-12-20,Kauhajoki Kuja-Kokko,-11.9,0.2,9.0
2021-12-20,Kankaanpää Niinisalo lentokenttä,-11.5,0.1,10.0
2021-12-20,Alavus Sulkavankylä,,0.2,9.0
2021-12-20,Virrat Äijänneva,-12.4,,
2021-12-20,Tampere Siilinkari,-9.6,,
2021-12-20,Jämsä Halli lentoasema,-11.9,-1.0,11.0
2021-12-20,Juupajoki Hyytiälä,-11.9,0.3,11.0
2021-12-20,Sysmä Joutsjärvi,,0.5,10.0
2021-12-20,Jyväskylä Muuratjärvi,,0.5,16.0
2021-12-20,Luhanka Judinsalo,-10.5,,
2021-12-20,Multia Pirttiperä,,0.4,17.0
2021-12-20,Joutsa Savenaho,-12.4,0.7,16.0
2021-12-20,Kangasniemi kirkonkylä,,0.5,30.0
2021-12-20,Joutsa Pärnämäki,,0.5,24.0
2021-12-20,Mikkeli Pitkähiekka,,0.4,19.0
2021-12-20,Juva Partala,-13.4,,
2021-12-20,Varkaus Kosulanniemi,-13.2,0.5,28.0
2021-12-20,Savonlinna Laukansaari,,0.2,22.0
2021-12-20,Sulkava Halttula,,-1.0,38.0
2021-12-20,Savonlinna lentoasema,-13.6,,
2021-12-20,Rantasalmi Rukkasluoto,-13.2,,
2021-12-20,Savonlinna Punkaharju Laukansaari,-13.4,0.2,22.0
2021-12-20,Enonkoski Simanala,,0.4,36.0
2021-12-20,Savonlinna Savonranta,,-1.0,26.0
2021-12-20,Rääkkylä kirkonkylä,,-1.0,30.0
2021-12-20,Tohmajärvi Kemie,-14.6,-1.0,32.0
2021-12-20,Joensuu Huhtilampi,,0.3,46.0
2021-12-20,Vaasa lentoasema,-8.2,,
2021-12-20,Mustasaari Valassaaret,-3.9,,
2021-12-20,Närpiö Ylimarkku,,0.5,0.0
2021-12-20,Mustasaari Riimala,,1.0,12.0
2021-12-20,Kurikka Pyörni,,1.5,8.0
2021-12-20,Korsnäs Bredskäret,-5.8,,
2021-12-20,Maalahti Strömmingsbådan,-3.1,,
2021-12-20,Vaasa Klemettilä,-6.8,1.9,15.0
2021-12-20,Seinäjoki Pelmaa,-11.2,0.6,13.0
2021-12-20,Kauhava lentokenttä,-12.7,0.3,14.0
2021-12-20,Ähtäri Inha,-13.2,0.5,19.0
2021-12-20,Halsua Purola,-14.4,0.2,19.0
2021-12-20,Alajärvi Möksy,-15.4,0.3,18.0
2021-12-20,Multia Karhila,-13.3,-1.0,17.0
2021-12-20,Viitasaari Haapaniemi,-13.7,0.3,17.0
2021-12-20,Äänekoski Kalaniemi,,0.5,20.0
2021-12-20,Vesanto kirkonkylä,-13.9,0.3,25.0
2021-12-20,Pielavesi Venetmäki,,0.2,31.0
2021-12-20,Siilinjärvi Kuopio lentoasema,-14.6,,
2021-12-20,Kuopio Maaninka,-14.8,0.1,26.0
2021-12-20,Lapinlahti Lamminkäyrä,,0.2,27.0
2021-12-20,Suonenjoki Iisvesi,,0.6,19.0
2021-12-20,Kuopio Karttula,,1.1,28.0
2021-12-20,Kuopio Ritoniemi,-13.9,,
2021-12-20,Kuopio Savilahti,-14.2,0.7,21.0
2021-12-20,Heinävesi Palokki,,0.2,26.0
2021-12-20,Outokumpu Viuruniemi,,0.4,31.0
2021-12-20,Rautavaara Ala-Luosta,,0.4,24.0
2021-12-20,Rautavaara Ylä-Luosta,-16.4,0.4,33.0
2021-12-20,Liperi Joensuu lentoasema,-14.8,,
2021-12-20,Juuka Niemelä,-14.0,0.2,32.0
2021-12-20,Joensuu Pyhäselkä,,0.3,39.0
2021-12-20,Lieksa Koli,,0.5,40.0
2021-12-20,Liperi Tuiskavanluoto,-15.0,,
2021-12-20,Joensuu Linnunlahti,-13.8,-1.0,35.0
2021-12-20,Lieksa Lampela,-14.9,-1.0,31.0
2021-12-20,Ilomantsi Naarva,,0.1,54.0
2021-12-20,Ilomantsi Pötsönvaara,-15.8,-1.0,41.0
2021-12-20,Ilomantsi Mekrijärvi,-15.4,-1.0,40.0
2021-12-20,Pietarsaari Kallan,-5.3,,
2021-12-20,Kokkola Tankar,-4.4,,
2021-12-20,Kruunupyy Kokkola-Pietarsaari lentoasema,-9.6,,
2021-12-20,Kaustinen Tastula,,-1.0,7.0
2021-12-20,Kalajoki Ulkokalla,-4.9,,
2021-12-20,Kokkola Santahaka,-7.9,0.2,10.0
2021-12-20,Toholampi Oravala,,-1.0,12.0
2021-12-20,Kalajoki Pitkäsenkylä,,-1.0,15.0
2021-12-20,Kalajoki Mehtäkylä,,0.2,13.0
2021-12-20,Toholampi Laitala,-14.8,-1.0,18.0
2021-12-20,Ylivieska lentokenttä,-15.4,-1.0,19.0
2021-12-20,Ylivieska Vähäkangas,,0.4,17.0
2021-12-20,Haapavesi Mustikkamäki,-13.8,0.3,18.0
2021-12-20,Pyhäjärvi Ojakylä,-14.5,0.2,20.0
2021-12-20,Pyhäjärvi Hiidenniemi,,0.0,19.0
2021-12-20,Kiuruvesi Korpijoki,,1.2,20.0
2021-12-20,Siikalatva Kestilä,,-1.0,25.0
2021-12-20,Kajaani lentoasema,-19.0,,
2021-12-20,Vieremä Kaarakkala,-16.0,0.1,34.0
2021-12-20,Kajaani Paltaniemi,,-1.0,30.0
2021-12-20,Nurmes Valtimo,-15.7,0.1,28.0
2021-12-20,Ristijärvi Mustavaara,,-1.0,38.0
2021-12-20,Sotkamo Kuolaniemi,-16.1,-1.0,25.0
2021-12-20,Nurmes Mujejärvi,,-1.0,39.0
2021-12-20,Kuhmo Apaja,,0.3,37.0
2021-12-20,Kuhmo Kalliojoki,-16.7,-1.0,36.0
2021-12-20,Raahe Nahkiainen,-6.2,,
2021-12-20,Hailuoto Keskikylä,-10.5,-1.0,14.0
2021-12-20,Kemi I majakka,-8.1,,
2021-12-20,Hailuoto Marjaniemi,-8.6,,
2021-12-20,Raahe Lapaluoto satama,-8.6,,
2021-12-20,Oulu lentoasema,-13.2,,
2021-12-20,Siikajoki Ruukki,-13.5,-1.0,17.0
2021-12-20,Oulu Vihreäsaari satama,-13.5,,
2021-12-20,Oulu Oulunsalo Pellonpää,-13.6,-1.0,18.0
2021-12-20,Vaala Pelso,-17.0,-1.0,24.0
2021-12-20,Pudasjärvi lentokenttä,-15.8,-1.0,31.0
2021-12-20,Utajärvi Särkijärvi,,0.0,29.0
2021-12-20,Pudasjärvi Jaurakkajärvi,,0.1,31.0
2021-12-20,Suomussalmi Näljänkä,,0.1,42.0
2021-12-20,Suomussalmi Pesiö,-15.4,-1.0,41.0
2021-12-20,Puolanka Kotila,,-1.0,36.0
2021-12-20,Puolanka Paljakka,-14.1,-1.0,38.0
2021-12-20,Kemi Kemi-Tornio lentoasema,-15.2,,
2021-12-20,Kemi Ajos,-13.8,,
2021-12-20,Tornio Kaakkuri,-13.4,-1.0,13.0
2021-12-20,Ranua lentokenttä,-15.2,-1.0,25.0
2021-12-20,Pudasjärvi Sarakylä,,0.2,21.0
2021-12-20,Posio Raistakka,,0.3,30.0
2021-12-20,Taivalkoski Inkee,,0.2,34.0
2021-12-20,Taivalkoski kirkonkylä,-14.8,-1.0,27.0
2021-12-20,Kuusamo lentoasema,-14.9,-1.0,28.0
2021-12-20,Kuusamo Kiutaköngäs,-18.5,0.1,28.0
2021-12-20,Kuusamo Rukatunturi,-14.6,,
2021-12-20,Kuusamo Teeriranta,,-1.0,37.0
2021-12-20,Kuusamo Juuma,-14.5,,
2021-12-20,Ylitornio Meltosjärvi,-15.3,-1.0,20.0
2021-12-20,Kolari Kattilamaa,,0.3,30.0
2021-12-20,Pello kirkonkylä,-13.5,-1.0,20.0
2021-12-20,Rovaniemi rautatieasema,-12.8,,
2021-12-20,Sodankylä Tähtelä,-14.7,0.1,32.0
2021-12-20,Rovaniemi Apukka,-13.4,-1.0,25.0
2021-12-20,Pelkosenniemi kirkonkylä,,-1.0,31.0
2021-12-20,Kemijärvi lentokenttä,-12.9,-1.0,26.0
2021-12-20,Savukoski kirkonkylä,-14.5,0.0,30.0
2021-12-20,Salla Kelloselkä,,-1.0,36.0
2021-12-20,Pelkosenniemi Pyhätunturi,-13.6,,
2021-12-20,Salla kirkonkylä,-22.3,-1.0,31.0
2021-12-20,Salla Naruska,-14.1,0.3,41.0
2021-12-20,Enontekiö Kaaresuvanto,,-1.0,50.0
2021-12-20,Enontekiö lentoasema,-11.6,,
2021-12-20,Kittilä Pulju,,-1.0,32.0
2021-12-20,Muonio Laukukero,-11.4,,
2021-12-20,Muonio Sammaltunturi,-10.8,,
2021-12-20,Kittilä Matorova,-10.7,,
2021-12-20,Kittilä lentoasema,-12.2,,
2021-12-20,Kittilä Kenttärova,-11.2,-1.0,63.0
2021-12-20,Kittilä Pakatti,-11.4,-1.0,29.0
2021-12-20,Kittilä Pokka,-13.4,-1.0,56.0
2021-12-20,Sodankylä Lokka,-14.3,-1.0,34.0
2021-12-20,Sodankylä Vuotso,-13.8,-1.0,32.0
2021-12-20,Inari Saariselkä matkailukeskus,-11.1,0.1,49.0
2021-12-20,Inari Saariselkä Kaunispää,-10.9,,
2021-12-20,Inari Raja-Jooseppi Kontiojärvi,,0.2,29.0
2021-12-20,Inari Raja-Jooseppi,-11.3,,
2021-12-20,Salla Värriötunturi,-11.4,-1.0,46.0
2021-12-20,Enontekiö Kilpisjärvi kyläkeskus,-20.8,-1.0,52.0
2021-12-20,Enontekiö Kilpisjärvi Saana,-11.3,,
2021-12-20,Enontekiö Näkkälä,-10.9,-1.0,48.0
2021-12-20,Inari Angeli Lintupuoliselkä,-11.4,-1.0,31.0
2021-12-20,Inari Ivalo lentoasema,-15.3,,
2021-12-20,Utsjoki Kevo,-16.6,-1.0,26.0
2021-12-20,Utsjoki Nuorgam,-11.0,-1.0,28.0
2021-12-20,Inari Väylä,-10.1,,
2021-12-20,Inari kirkonkylä,,-1.0,27.0
2021-12-20,Inari Kaamanen,-9.9,-1.0,27.0
2021-12-20,Inari Nellim,-17.3,0.2,26.0
2021-12-20,Inari Kirakkajärvi,-9.1,1.1,32.0
2021-12-20,Mäntsälä Hirvihaara,-9.6,0.1,-1.0
2021-12-20,Lahti Sopenkorpi,-10.0,0.3,7.0
2021-12-20,Siuntio Sjundby,,0.1,0.0
2021-12-20,Sipoo Itätoukki,-7.0,,
2021-12-20,Rauma Pyynpää,-8.3,0.1,-1.0
2021-12-20,Muonio Oustajärvi,-14.9,-1.0,36.0
2021-12-20,Pyhtää lentokenttä,-9.9,0.2,3.0
2021-12-20,Sotkamo Tuhkakylä,-17.1,-1.0,35.0
2021-12-20,Tervola Loue,-14.8,,
2021-12-20,Kajaani Petäisenniska,-17.0,-1.0,26.0
2021-12-20,Utsjoki Kevo Kevojärvi,-18.0,,
2021-12-20,Inari Seitalaassa,-10.3,,
2021-12-20,Ilmajoki Seinäjoki lentoasema,-11.7,,
2021-12-20,Rovaniemi lentoasema AWOS,-13.5,-1.0,19.0
2021-12-20,Jyväskylä lentoasema AWOS,-12.4,-1.0,15.0
2021-12-20,Puumala kirkonkylä,-13.1,-1.0,21.0
2021-12-20,Helsinki Vuosaari satama,-7.7,,
2021-12-20,Maarianhamina Länsisatama,-4.1,,
2021-12-20,Lumparland Långnäs satama,-3.7,2.6,-1.0
2021-12-20,Tampere Tampella,-9.4,,
2021-12-20,Kittilä Lompolonvuoma,-13.3,-1.0,
2021-12-20,Kuusamo Ruka Talvijärvi,-14.5,,
2021-12-20,Espoo Nuuksio,-9.1,-1.0,2.0
2021-12-20,Mikkeli Lentoasema AWOS,-12.6,0.4,26.0
2021-12-20,Espoo Tapiola,-8.2,-1.0,-1.0
2021-12-21,Porvoo Kilpilahti satama,-11.8,,
2021-12-21,Jomala Maarianhamina lentoasema,-7.9,,
2021-12-21,Parainen Utö,-6.5,-1.0,1.0
2021-12-21,Lemland Nyhamn,-4.5,,
2021-12-21,Jomala Jomalaby,-6.9,-1.0,3.0
2021-12-21,Hammarland Märket,-2.2,,
2021-12-21,Kökar Bogskär,-4.0,,
2021-12-21,Parainen Fagerholm,-7.9,-1.0,
2021-12-21,Kumlinge kirkonkylä,-7.4,,
2021-12-21,Hanko Russarö,-9.0,-1.0,
2021-12-21,Kaarina Yltöinen,-11.4,-1.0,-1.0
2021-12-21,Kemiönsaari Vänö,-7.9,,
2021-12-21,Hanko Tulliniemi,-9.4,,
2021-12-21,Turku Rajakari,-9.0,,
2021-12-21,Turku Artukainen,-11.4,-1.0,-1.0
2021-12-21,Kemiönsaari Kemiö,-11.5,-1.0,-1.0
2021-12-21,Hanko Tvärminne,-10.5,-1.0,-1.0
2021-12-21,Salo Kärkkä,-11.9,-1.0,
2021-12-21,Lohja Leppäkorpi,,-1.0,-1.0
2021-12-21,Raasepori Jussarö,-10.6,,
2021-12-21,Salo Kiikala lentokenttä,-13.8,-1.0,-1.0
2021-12-21,Vantaa Helsinki-Vantaan lentoasema,-12.5,-1.0,0.0
2021-12-21,Inkoo Bågaskär,-10.1,,
2021-12-21,Helsinki Kaisaniemi,-11.2,-1.0,-1.0
2021-12-21,Lohja Porla,-11.8,-1.0,-1.0
2021-12-21,Vihti Maasoja,-12.8,,
2021-12-21,Helsinki Harmaja,-9.4,,
2021-12-21,Kirkkonummi Mäkiluoto,-9.9,,
2021-12-21,Helsinki Helsingin majakka,-9.2,,
2021-12-21,Helsinki Kumpula,-11.7,0.0,-1.0
2021-12-21,Helsinki Malmi lentokenttä,-12.2,,
2021-12-21,Porvoo Kalbådagrund,-9.4,,
2021-12-21,Porvoo Emäsalo,-11.5,,
2021-12-21,Porvoo Harabacka,-12.4,-1.0,-1.0
2021-12-21,Kotka Rankki,-11.7,-1.0,3.0
2021-12-21,Loviisa Orrengrund,-10.5,,
2021-12-21,Kotka Haapasaari,-10.9,,
2021-12-21,Pori lentoasema,-12.1,,
2021-12-21,Uusikaupunki Itätulli,,-1.0,1.0
2021-12-21,Kustavi Isokari,-7.1,-1.0,
2021-12-21,Rauma Kylmäpihlaja,-7.9,,
2021-12-21,Pori rautatieasema,-11.9,-1.0,-1.0
2021-12-21,Turku lentoasema,-12.0,,
2021-12-21,Kokemäki Rausenkulma,,-1.0,0.0
2021-12-21,Huittinen Sallila,,-1.0,-1.0
2021-12-21,Oripää Teinikivi,,-1.0,-1.0
2021-12-21,Pöytyä Yläne,,-1.0,-1.0
2021-12-21,Kokemäki Tulkkila,-12.8,-1.0,-1.0
2021-12-21,Jokioinen Ilmala,-13.5,-1.0,-1.0
2021-12-21,Nokia Tottijärvi,,-1.0,0.0
2021-12-21,Pirkkala Tampere-Pirkkala lentoasema,-13.7,,
2021-12-21,Tampere Härmälä,-12.6,-1.0,2.0
2021-12-21,Somero Salkola,-13.3,-1.0,3.0
2021-12-21,Hyvinkää Hyvinkäänkylä,-12.7,-1.0,2.0
2021-12-21,Vihti Hiiskula,,-1.0,-1.0
2021-12-21,Hämeenlinna Pirttikoski,,-1.0,1.0
2021-12-21,Nurmijärvi Röykkä,-12.9,-1.0,-1.0
2021-12-21,Hämeenlinna Katinen,-13.2,-1.0,
2021-12-21,Hattula Lepaa,-13.0,-1.0,3.0
2021-12-21,Hämeenlinna Lammi Pappila,-14.1,-1.0,8.0
2021-12-21,Asikkala Pulkkilanharju,-12.6,,
2021-12-21,Kouvola Utti lentoasema,-15.1,-1.0,10.0
2021-12-21,Kouvola Anjala,-13.9,-1.0,3.0
2021-12-21,Heinola Asemantaus,-14.0,-1.0,11.0
2021-12-21,Kouvola Voikoski,,-1.0,17.0
2021-12-21,Virolahti Koivuniemi,-14.4,0.0,2.0
2021-12-21,Lappeenranta lentoasema,-14.7,,
2021-12-21,Lappeenranta Konnunsuo,-14.4,,
2021-12-21,Lappeenranta Lepola,-14.4,-1.0,14.0
2021-12-21,Ruokolahti Kotaniemi,,0.2,25.0
2021-12-21,Lappeenranta Hiekkapakka,-13.7,,
2021-12-21,Parikkala Koitsanlahti,-14.6,-1.0,30.0
2021-12-21,Kaskinen Sälgrund,-10.7,-1.0,
2021-12-21,Merikarvia Tuorila,,-1.0,-1.0
2021-12-21,Isojoki Kärjenkoski,,0.0,0.0
2021-12-21,Teuva Kauppilankylä,,-1.0,5.0
2021-12-21,Pori Tahkoluoto satama,-8.7,,
2021-12-21,Kristiinankaupunki Majakka,-8.8,,
2021-12-21,Karvia Alkkia,-15.3,-1.0,14.0
2021-12-21,Kurikka Hirvijärvi,,0.2,3.0
2021-12-21,Kauhajoki Kuja-Kokko,-16.0,-1.0,9.0
2021-12-21,Kankaanpää Niinisalo lentokenttä,-14.7,-1.0,10.0
2021-12-21,Alavus Sulkavankylä,,0.1,9.0
2021-12-21,Virrat Äijänneva,-16.8,,
2021-12-21,Tampere Siilinkari,-12.4,,
2021-12-21,Jämsä Halli lentoasema,-16.0,-1.0,12.0
2021-12-21,Juupajoki Hyytiälä,-15.8,-1.0,11.0
2021-12-21,Sysmä Joutsjärvi,,-1.0,12.0
2021-12-21,Jyväskylä Muuratjärvi,,-1.0,17.0
2021-12-21,Luhanka Judinsalo,-13.3,,
2021-12-21,Multia Pirttiperä,,-1.0,17.0
2021-12-21,Joutsa Savenaho,-16.2,-1.0,19.0
2021-12-21,Kangasniemi kirkonkylä,,0.1,31.0
2021-12-21,Joutsa Pärnämäki,,0.0,24.0
2021-12-21,Mikkeli Pitkähiekka,,0.0,19.0
2021-12-21,Juva Partala,-15.9,,
2021-12-21,Varkaus Kosulanniemi,-16.0,-1.0,28.0
2021-12-21,Savonlinna Laukansaari,,0.7,22.0
2021-12-21,Sulkava Halttula,,-1.0,38.0
2021-12-21,Savonlinna lentoasema,-15.2,,
2021-12-21,Rantasalmi Rukkasluoto,-14.9,,
2021-12-21,Savonlinna Punkaharju Laukansaari,-14.4,0.3,22.0
2021-12-21,Enonkoski Simanala,,0.5,36.0
2021-12-21,Savonlinna Savonranta,,0.2,26.0
2021-12-21,Rääkkylä kirkonkylä,,-1.0,30.0
2021-12-21,Tohmajärvi Kemie,-14.8,0.2,31.0
2021-12-21,Joensuu Huhtilampi,,0.3,46.0
2021-12-21,Vaasa lentoasema,-15.2,,
2021-12-21,Mustasaari Valassaaret,-5.1,,
2021-12-21,Närpiö Ylimarkku,,-1.0,0.0
2021-12-21,Mustasaari Riimala,,-1.0,14.0
2021-12-21,Kurikka Pyörni,,-1.0,12.0
2021-12-21,Korsnäs Bredskäret,-15.9,,
2021-12-21,Maalahti Strömmingsbådan,-5.3,,
2021-12-21,Vaasa Klemettilä,-13.5,-1.0,17.0
2021-12-21,Seinäjoki Pelmaa,-17.1,0.2,14.0
2021-12-21,Kauhava lentokenttä,-17.2,-1.0,14.0
2021-12-21,Ähtäri Inha,-18.4,0.1,20.0
2021-12-21,Halsua Purola,-18.2,0.0,19.0
2021-12-21,Alajärvi Möksy,-19.9,-1.0,18.0
2021-12-21,Multia Karhila,-15.7,-1.0,18.0
2021-12-21,Viitasaari Haapaniemi,-16.7,-1.0,18.0
2021-12-21,Äänekoski Kalaniemi,,0.0,22.0
2021-12-21,Vesanto kirkonkylä,-17.1,-1.0,26.0
2021-12-21,Pielavesi Venetmäki,,0.0,31.0
2021-12-21,Siilinjärvi Kuopio lentoasema,-17.3,,
2021-12-21,Kuopio Maaninka,-17.6,-1.0,26.0
2021-12-21,Lapinlahti Lamminkäyrä,,0.0,28.0
2021-12-21,Suonenjoki Iisvesi,,0.1,20.0
2021-12-21,Kuopio Karttula,,-1.0,29.0
2021-12-21,Kuopio Ritoniemi,-16.2,,
2021-12-21,Kuopio Savilahti,-16.8,-1.0,23.0
2021-12-21,Heinävesi Palokki,,-1.0,27.0
2021-12-21,Outokumpu Viuruniemi,,0.1,31.0
2021-12-21,Rautavaara Ala-Luosta,,0.0,24.0
2021-12-21,Rautavaara Ylä-Luosta,-17.8,-1.0,33.0
2021-12-21,Liperi Joensuu lentoasema,-14.4,,
2021-12-21,Juuka Niemelä,-15.0,-1.0,31.0
2021-12-21,Joensuu Pyhäselkä,,1.1,39.0
2021-12-21,Lieksa Koli,,0.5,40.0
2021-12-21,Liperi Tuiskavanluoto,-14.7,,
2021-12-21,Joensuu Linnunlahti,-14.2,0.3,35.0
2021-12-21,Lieksa Lampela,-14.7,-1.0,30.0
2021-12-21,Ilomantsi Naarva,,0.2,53.0
2021-12-21,Ilomantsi Pötsönvaara,-13.8,-1.0,40.0
2021-12-21,Ilomantsi Mekrijärvi,-14.5,-1.0,38.0
2021-12-21,Pietarsaari Kallan,-7.0,,
2021-12-21,Kokkola Tankar,-5.4,,
2021-12-21,Kruunupyy Kokkola-Pietarsaari lentoasema,-15.8,,
2021-12-21,Kaustinen Tastula,,-1.0,7.0
2021-12-21,Kalajoki Ulkokalla,-5.3,,
2021-12-21,Kokkola Santahaka,-12.9,0.4,10.0
2021-12-21,Toholampi Oravala,,-1.0,12.0
2021-12-21,Kalajoki Pitkäsenkylä,,-1.0,15.0
2021-12-21,Kalajoki Mehtäkylä,,-1.0,13.0
2021-12-21,Toholampi Laitala,-16.0,-1.0,19.0
2021-12-21,Ylivieska lentokenttä,-19.5,-1.0,19.0
2021-12-21,Ylivieska Vähäkangas,,0.1,18.0
2021-12-21,Haapavesi Mustikkamäki,-16.8,0.0,19.0
2021-12-21,Pyhäjärvi Ojakylä,-19.2,-1.0,19.0
2021-12-21,Pyhäjärvi Hiidenniemi,,-1.0,19.0
2021-12-21,Kiuruvesi Korpijoki,,0.2,21.0
2021-12-21,Siikalatva Kestilä,,1.3,25.0
2021-12-21,Kajaani lentoasema,-23.9,,
2021-12-21,Vieremä Kaarakkala,-16.8,0.0,34.0
2021-12-21,Kajaani Paltaniemi,,-1.0,29.0
2021-12-21,Nurmes Valtimo,-17.3,-1.0,28.0
2021-12-21,Ristijärvi Mustavaara,,-1.0,38.0
2021-12-21,Sotkamo Kuolaniemi,-16.6,-1.0,25.0
2021-12-21,Nurmes Mujejärvi,,-1.0,39.0
2021-12-21,Kuhmo Apaja,,-1.0,37.0
2021-12-21,Kuhmo Kalliojoki,-14.9,-1.0,35.0
2021-12-21,Raahe Nahkiainen,-7.2,,
2021-12-21,Hailuoto Keskikylä,-12.1,-1.0,14.0
2021-12-21,Kemi I majakka,-9.7,,
2021-12-21,Hailuoto Marjaniemi,-9.8,,
2021-12-21,Raahe Lapaluoto satama,-11.1,,
2021-12-21,Oulu lentoasema,-14.7,,
2021-12-21,Siikajoki Ruukki,-15.6,-1.0,16.0
2021-12-21,Oulu Vihreäsaari satama,-13.9,,
2021-12-21,Oulu Oulunsalo Pellonpää,-15.0,-1.0,18.0
2021-12-21,Vaala Pelso,-19.9,-1.0,24.0
2021-12-21,Pudasjärvi lentokenttä,-13.2,-1.0,31.0
2021-12-21,Utajärvi Särkijärvi,,0.1,29.0
2021-12-21,Pudasjärvi Jaurakkajärvi,,-1.0,31.0
2021-12-21,Suomussalmi Näljänkä,,0.0,42.0
2021-12-21,Suomussalmi Pesiö,-19.0,-1.0,40.0
2021-12-21,Puolanka Kotila,,-1.0,35.0
2021-12-21,Puolanka Paljakka,-12.4,-1.0,37.0
2021-12-21,Kemi Kemi-Tornio lentoasema,-17.2,,
2021-12-21,Kemi Ajos,-15.4,,
2021-12-21,Tornio Kaakkuri,-16.8,-1.0,13.0
2021-12-21,Ranua lentokenttä,-11.6,-1.0,24.0
2021-12-21,Pudasjärvi Sarakylä,,0.1,21.0
2021-12-21,Posio Raistakka,,0.1,29.0
2021-12-21,Taivalkoski Inkee,,0.0,33.0
2021-12-21,Taivalkoski kirkonkylä,-19.2,-1.0,26.0
2021-12-21,Kuusamo lentoasema,-13.7,-1.0,28.0
2021-12-21,Kuusamo Kiutaköngäs,-17.2,-1.0,28.0
2021-12-21,Kuusamo Rukatunturi,-12.3,,
2021-12-21,Kuusamo Teeriranta,,-1.0,37.0
2021-12-21,Kuusamo Juuma,-12.3,,
2021-12-21,Ylitornio Meltosjärvi,-22.6,-1.0,20.0
2021-12-21,Kolari Kattilamaa,,-1.0,30.0
2021-12-21,Pello kirkonkylä,-18.5,-1.0,21.0
2021-12-21,Rovaniemi rautatieasema,-14.4,,
2021-12-21,Sodankylä Tähtelä,-16.1,-1.0,31.0
2021-12-21,Rovaniemi Apukka,-14.7,-1.0,25.0
2021-12-21,Pelkosenniemi kirkonkylä,,-1.0,31.0
2021-12-21,Kemijärvi lentokenttä,-11.5,-1.0,26.0
2021-12-21,Savukoski kirkonkylä,-11.0,0.0,29.0
2021-12-21,Salla Kelloselkä,,0.3,36.0
2021-12-21,Pelkosenniemi Pyhätunturi,-11.8,,
2021-12-21,Salla kirkonkylä,-11.2,-1.0,30.0
2021-12-21,Salla Naruska,-9.2,-1.0,40.0
2021-12-21,Enontekiö Kaaresuvanto,,-1.0,50.0
2021-12-21,Enontekiö lentoasema,-24.9,,
2021-12-21,Kittilä Pulju,,-1.0,31.0
2021-12-21,Muonio Laukukero,-13.2,,
2021-12-21,Muonio Sammaltunturi,-12.4,,
2021-12-21,Kittilä Matorova,-13.7,,
2021-12-21,Kittilä lentoasema,-19.5,,
2021-12-21,Kittilä Kenttärova,-15.1,-1.0,61.0
2021-12-21,Kittilä Pakatti,-17.1,-1.0,29.0
2021-12-21,Kittilä Pokka,-17.6,-1.0,55.0
2021-12-21,Sodankylä Lokka,-12.1,-1.0,34.0
2021-12-21,Sodankylä Vuotso,-11.3,0.1,32.0
2021-12-21,Inari Saariselkä matkailukeskus,-11.1,-1.0,47.0
2021-12-21,Inari Saariselkä Kaunispää,-10.3,,
2021-12-21,Inari Raja-Jooseppi Kontiojärvi,,-1.0,29.0
2021-12-21,Inari Raja-Jooseppi,-10.1,,
2021-12-21,Salla Värriötunturi,-9.2,-1.0,46.0
2021-12-21,Enontekiö Kilpisjärvi kyläkeskus,-20.7,-1.0,51.0
2021-12-21,Enontekiö Kilpisjärvi Saana,-13.0,,
2021-12-21,Enontekiö Näkkälä,-18.6,-1.0,47.0
2021-12-21,Inari Angeli Lintupuoliselkä,-12.6,-1.0,31.0
2021-12-21,Inari Ivalo lentoasema,-12.3,,
2021-12-21,Utsjoki Kevo,-13.5,-1.0,25.0
2021-12-21,Utsjoki Nuorgam,-11.7,-1.0,28.0
2021-12-21,Inari Väylä,-9.9,,
2021-12-21,Inari kirkonkylä,,-1.0,27.0
2021-12-21,Inari Kaamanen,-9.8,-1.0,26.0
2021-12-21,Inari Nellim,-12.2,-1.0,26.0
2021-12-21,Inari Kirakkajärvi,-11.6,-1.0,35.0
2021-12-21,Mäntsälä Hirvihaara,-13.4,-1.0,-1.0
2021-12-21,Lahti Sopenkorpi,-13.2,-1.0,7.0
2021-12-21,Siuntio Sjundby,,-1.0,0.0
2021-12-21,Sipoo Itätoukki,-9.5,,
2021-12-21,Rauma Pyynpää,-11.8,-1.0,-1.0
2021-12-21,Muonio Oustajärvi,-28.4,-1.0,36.0
2021-12-21,Pyhtää lentokenttä,-13.6,-1.0,3.0
2021-12-21,Sotkamo Tuhkakylä,-19.8,-1.0,35.0
2021-12-21,Tervola Loue,-21.2,,
2021-12-21,Kajaani Petäisenniska,-19.6,-1.0,26.0
2021-12-21,Utsjoki Kevo Kevojärvi,-14.1,,
2021-12-21,Inari Seitalaassa,-9.5,,
2021-12-21,Ilmajoki Seinäjoki lentoasema,-16.2,,
2021-12-21,Rovaniemi lentoasema AWOS,-13.9,-1.0,19.0
2021-12-21,Jyväskylä lentoasema AWOS,-16.2,-1.0,16.0
2021-12-21,Puumala kirkonkylä,-15.3,-1.0,22.0
2021-12-21,Helsinki Vuosaari satama,-10.9,,
2021-12-21,Maarianhamina Länsisatama,-6.4,,
2021-12-21,Lumparland Långnäs satama,-5.1,-1.0,4.0
2021-12-21,Tampere Tampella,-12.3,,
2021-12-21,Kittilä Lompolonvuoma,-25.8,-1.0,
2021-12-21,Kuusamo Ruka Talvijärvi,-11.5,,
2021-12-21,Espoo Nuuksio,-12.8,-1.0,2.0
2021-12-21,Mikkeli Lentoasema AWOS,-16.2,-1.0,25.0
2021-12-21,Espoo Tapiola,-11.5,-1.0,-1.0
2021-12-22,Porvoo Kilpilahti satama,-11.4,,
2021-12-22,Jomala Maarianhamina lentoasema,-10.3,,
2021-12-22,Parainen Utö,-4.0,0.0,1.0
2021-12-22,Lemland Nyhamn,-3.6,,
2021-12-22,Jomala Jomalaby,-9.4,-1.0,3.0
2021-12-22,Hammarland Märket,-3.2,,
2021-12-22,Kökar Bogskär,-3.0,,
2021-12-22,Parainen Fagerholm,-6.3,-1.0,
2021-12-22,Kumlinge kirkonkylä,-5.3,,
2021-12-22,Hanko Russarö,-6.8,0.6,
2021-12-22,Kaarina Yltöinen,-13.9,-1.0,-1.0
2021-12-22,Kemiönsaari Vänö,-5.7,,
2021-12-22,Hanko Tulliniemi,-7.1,,
2021-12-22,Turku Rajakari,-7.8,,
2021-12-22,Turku Artukainen,-13.2,-1.0,-1.0
2021-12-22,Kemiönsaari Kemiö,-13.2,-1.0,-1.0
2021-12-22,Hanko Tvärminne,-10.2,1.1,-1.0
2021-12-22,Salo Kärkkä,-13.8,-1.0,
2021-12-22,Lohja Leppäkorpi,,0.5,-1.0
2021-12-22,Raasepori Jussarö,-8.9,,
2021-12-22,Salo Kiikala lentokenttä,-14.0,0.3,-1.0
2021-12-22,Vantaa Helsinki-Vantaan lentoasema,-12.5,0.7,0.0
2021-12-22,Inkoo Bågaskär,-9.5,,
2021-12-22,Helsinki Kaisaniemi,-10.7,0.3,-1.0
2021-12-22,Lohja Porla,-11.2,0.4,-1.0
2021-12-22,Vihti Maasoja,-13.1,,
2021-12-22,Helsinki Harmaja,-8.4,,
2021-12-22,Kirkkonummi Mäkiluoto,-7.9,,
2021-12-22,Helsinki Helsingin majakka,-6.7,,
2021-12-22,Helsinki Kumpula,-11.5,0.6,
2021-12-22,Helsinki Malmi lentokenttä,-12.6,,
2021-12-22,Porvoo Kalbådagrund,-6.9,,
2021-12-22,Porvoo Emäsalo,-10.0,,
2021-12-22,Porvoo Harabacka,-12.1,0.6,3.0
2021-12-22,Kotka Rankki,-10.3,1.1,3.0
2021-12-22,Loviisa Orrengrund,-9.1,,
2021-12-22,Kotka Haapasaari,-8.6,,
2021-12-22,Pori lentoasema,-11.6,,
2021-12-22,Uusikaupunki Itätulli,,0.0,1.0
2021-12-22,Kustavi Isokari,-5.1,-1.0,
2021-12-22,Rauma Kylmäpihlaja,-6.8,,
2021-12-22,Pori rautatieasema,-11.3,2.8,-1.0
2021-12-22,Turku lentoasema,-13.7,,
2021-12-22,Kokemäki Rausenkulma,,2.8,0.0
2021-12-22,Huittinen Sallila,,0.5,-1.0
2021-12-22,Oripää Teinikivi,,-1.0,-1.0
2021-12-22,Pöytyä Yläne,,0.9,-1.0
2021-12-22,Kokemäki Tulkkila,-13.4,1.9,-1.0
2021-12-22,Jokioinen Ilmala,-12.8,0.3,2.0
2021-12-22,Nokia Tottijärvi,,1.4,0.0
2021-12-22,Pirkkala Tampere-Pirkkala lentoasema,-11.9,,
2021-12-22,Tampere Härmälä,-10.6,0.1,2.0
2021-12-22,Somero Salkola,-12.6,0.5,3.0
2021-12-22,Hyvinkää Hyvinkäänkylä,-11.5,0.6,2.0
2021-12-22,Vihti Hiiskula,,1.3,-1.0
2021-12-22,Hämeenlinna Pirttikoski,,0.3,1.0
2021-12-22,Nurmijärvi Röykkä,-12.4,1.0,-1.0
2021-12-22,Hämeenlinna Katinen,-10.7,-1.0,
2021-12-22,Hattula Lepaa,-10.3,-1.0,3.0
2021-12-22,Hämeenlinna Lammi Pappila,-11.6,0.1,8.0
2021-12-22,Asikkala Pulkkilanharju,-11.2,,
2021-12-22,Kouvola Utti lentoasema,-13.6,0.4,10.0
2021-12-22,Kouvola Anjala,-12.6,0.4,3.0
2021-12-22,Heinola Asemantaus,-11.8,0.3,9.0
2021-12-22,Kouvola Voikoski,,0.7,17.0
2021-12-22,Virolahti Koivuniemi,-13.1,2.1,2.0
2021-12-22,Lappeenranta lentoasema,-13.8,,
2021-12-22,Lappeenranta Konnunsuo,-14.4,,
2021-12-22,Lappeenranta Lepola,-12.9,0.2,13.0
2021-12-22,Ruokolahti Kotaniemi,,0.9,26.0
2021-12-22,Lappeenranta Hiekkapakka,-12.0,,
2021-12-22,Parikkala Koitsanlahti,-13.3,0.4,30.0
2021-12-22,Kaskinen Sälgrund,-7.8,0.8,
2021-12-22,Merikarvia Tuorila,,1.9,-1.0
2021-12-22,Isojoki Kärjenkoski,,1.5,0.0
2021-12-22,Teuva Kauppilankylä,,0.7,5.0
2021-12-22,Pori Tahkoluoto satama,-7.0,,
2021-12-22,Kristiinankaupunki Majakka,-5.8,,
2021-12-22,Karvia Alkkia,-12.9,1.1,14.0
2021-12-22,Kurikka Hirvijärvi,,0.2,3.0
2021-12-22,Kauhajoki Kuja-Kokko,-10.5,0.2,9.0
2021-12-22,Kankaanpää Niinisalo lentokenttä,-13.4,1.7,10.0
2021-12-22,Alavus Sulkavankylä,,0.4,9.0
2021-12-22,Virrat Äijänneva,-11.6,,
2021-12-22,Tampere Siilinkari,-10.0,,
2021-12-22,Jämsä Halli lentoasema,-12.2,0.1,12.0
2021-12-22,Juupajoki Hyytiälä,-11.1,0.3,11.0
2021-12-22,Sysmä Joutsjärvi,,0.7,12.0
2021-12-22,Jyväskylä Muuratjärvi,,0.7,17.0
2021-12-22,Luhanka Judinsalo,-11.6,,
2021-12-22,Multia Pirttiperä,,1.0,17.0
2021-12-22,Joutsa Savenaho,-15.0,0.6,18.0
2021-12-22,Kangasniemi kirkonkylä,,0.4,31.0
2021-12-22,Joutsa Pärnämäki,,0.9,24.0
2021-12-22,Mikkeli Pitkähiekka,,0.1,19.0
2021-12-22,Juva Partala,-14.1,,
2021-12-22,Varkaus Kosulanniemi,-14.5,0.3,27.0
2021-12-22,Savonlinna Laukansaari,,-1.0,23.0
2021-12-22,Sulkava Halttula,,1.4,38.0
2021-12-22,Savonlinna lentoasema,-14.3,,
2021-12-22,Rantasalmi Rukkasluoto,-13.7,,
2021-12-22,Savonlinna Punkaharju Laukansaari,-13.7,0.1,23.0
2021-12-22,Enonkoski Simanala,,0.4,37.0
2021-12-22,Savonlinna Savonranta,,2.7,27.0
2021-12-22,Rääkkylä kirkonkylä,,0.5,30.0
2021-12-22,Tohmajärvi Kemie,-13.1,0.4,32.0
2021-12-22,Joensuu Huhtilampi,,0.9,46.0
2021-12-22,Vaasa lentoasema,-12.1,,
2021-12-22,Mustasaari Valassaaret,-6.0,,
2021-12-22,Närpiö Ylimarkku,,0.5,0.0
2021-12-22,Mustasaari Riimala,,0.0,14.0
2021-12-22,Kurikka Pyörni,,0.3,12.0
2021-12-22,Korsnäs Bredskäret,-9.5,,
2021-12-22,Maalahti Strömmingsbådan,-3.8,,
2021-12-22,Vaasa Klemettilä,-11.1,-1.0,17.0
2021-12-22,Seinäjoki Pelmaa,-11.4,-1.0,15.0
2021-12-22,Kauhava lentokenttä,-12.4,-1.0,14.0
2021-12-22,Ähtäri Inha,-12.8,0.5,20.0
2021-12-22,Halsua Purola,-11.7,0.5,19.0
2021-12-22,Alajärvi Möksy,-12.5,0.7,18.0
2021-12-22,Multia Karhila,-13.9,0.9,17.0
2021-12-22,Viitasaari Haapaniemi,-12.7,-1.0,18.0
2021-12-22,Äänekoski Kalaniemi,,0.2,22.0
2021-12-22,Vesanto kirkonkylä,-15.4,0.2,28.0
2021-12-22,Pielavesi Venetmäki,,0.4,30.0
2021-12-22,Siilinjärvi Kuopio lentoasema,-14.2,,
2021-12-22,Kuopio Maaninka,-15.2,0.2,26.0
2021-12-22,Lapinlahti Lamminkäyrä,,0.2,28.0
2021-12-22,Suonenjoki Iisvesi,,0.2,20.0
2021-12-22,Kuopio Karttula,,0.5,29.0
2021-12-22,Kuopio Ritoniemi,-14.1,,
2021-12-22,Kuopio Savilahti,-14.1,0.3,23.0
2021-12-22,Heinävesi Palokki,,0.5,27.0
2021-12-22,Outokumpu Viuruniemi,,1.1,31.0
2021-12-22,Rautavaara Ala-Luosta,,0.8,24.0
2021-12-22,Rautavaara Ylä-Luosta,-16.5,0.9,32.0
2021-12-22,Liperi Joensuu lentoasema,-14.3,,
2021-12-22,Juuka Niemelä,-12.6,0.3,31.0
2021-12-22,Joensuu Pyhäselkä,,0.7,40.0
2021-12-22,Lieksa Koli,,5.0,40.0
2021-12-22,Liperi Tuiskavanluoto,-13.5,,
2021-12-22,Joensuu Linnunlahti,-13.3,0.8,35.0
2021-12-22,Lieksa Lampela,-12.8,0.1,30.0
2021-12-22,Ilomantsi Naarva,,0.5,53.0
2021-12-22,Ilomantsi Pötsönvaara,-12.7,0.6,38.0
2021-12-22,Ilomantsi Mekrijärvi,-12.4,0.1,37.0
2021-12-22,Pietarsaari Kallan,-5.1,,
2021-12-22,Kokkola Tankar,-4.9,,
2021-12-22,Kruunupyy Kokkola-Pietarsaari lentoasema,-11.1,,
2021-12-22,Kaustinen Tastula,,0.5,7.0
2021-12-22,Kalajoki Ulkokalla,-4.0,,
2021-12-22,Kokkola Santahaka,-11.4,0.8,11.0
2021-12-22,Toholampi Oravala,,-1.0,12.0
2021-12-22,Kalajoki Pitkäsenkylä,,3.3,15.0
2021-12-22,Kalajoki Mehtäkylä,,3.7,13.0
2021-12-22,Toholampi Laitala,-11.9,-1.0,18.0
2021-12-22,Ylivieska lentokenttä,-14.5,-1.0,20.0
2021-12-22,Ylivieska Vähäkangas,,0.1,18.0
2021-12-22,Haapavesi Mustikkamäki,-13.5,0.0,19.0
2021-12-22,Pyhäjärvi Ojakylä,-13.7,-1.0,21.0
2021-12-22,Pyhäjärvi Hiidenniemi,,0.0,19.0
2021-12-22,Kiuruvesi Korpijoki,,0.3,21.0
2021-12-22,Siikalatva Kestilä,,-1.0,26.0
2021-12-22,Kajaani lentoasema,-14.9,,
2021-12-22,Vieremä Kaarakkala,-14.1,0.2,35.0
2021-12-22,Kajaani Paltaniemi,,0.4,29.0
2021-12-22,Nurmes Valtimo,-13.2,-1.0,27.0
2021-12-22,Ristijärvi Mustavaara,,1.4,38.0
2021-12-22,Sotkamo Kuolaniemi,-13.1,-1.0,25.0
2021-12-22,Nurmes Mujejärvi,,0.8,38.0
2021-12-22,Kuhmo Apaja,,0.4,37.0
2021-12-22,Kuhmo Kalliojoki,-13.4,0.3,33.0
2021-12-22,Raahe Nahkiainen,-5.0,,
2021-12-22,Hailuoto Keskikylä,-10.4,0.6,13.0
2021-12-22,Kemi I majakka,-7.8,,
2021-12-22,Hailuoto Marjaniemi,-6.6,,
2021-12-22,Raahe Lapaluoto satama,-6.6,,
2021-12-22,Oulu lentoasema,-12.3,,
2021-12-22,Siikajoki Ruukki,-11.8,-1.0,16.0
2021-12-22,Oulu Vihreäsaari satama,-10.1,,
2021-12-22,Oulu Oulunsalo Pellonpää,-12.9,-1.0,18.0
2021-12-22,Vaala Pelso,-14.4,-1.0,24.0
2021-12-22,Pudasjärvi lentokenttä,-12.9,1.8,31.0
2021-12-22,Utajärvi Särkijärvi,,0.3,29.0
2021-12-22,Pudasjärvi Jaurakkajärvi,,0.8,31.0
2021-12-22,Suomussalmi Näljänkä,,1.8,42.0
2021-12-22,Suomussalmi Pesiö,-13.4,0.7,39.0
2021-12-22,Puolanka Kotila,,0.5,34.0
2021-12-22,Puolanka Paljakka,-12.6,0.2,36.0
2021-12-22,Kemi Kemi-Tornio lentoasema,-22.2,,
2021-12-22,Kemi Ajos,-17.8,,
2021-12-22,Tornio Kaakkuri,-20.9,3.6,13.0
2021-12-22,Ranua lentokenttä,-16.2,2.3,23.0
2021-12-22,Pudasjärvi Sarakylä,,2.4,21.0
2021-12-22,Posio Raistakka,,2.4,29.0
2021-12-22,Taivalkoski Inkee,,2.0,33.0
2021-12-22,Taivalkoski kirkonkylä,-12.8,1.7,26.0
2021-12-22,Kuusamo lentoasema,-12.1,2.6,28.0
2021-12-22,Kuusamo Kiutaköngäs,-13.1,1.0,27.0
2021-12-22,Kuusamo Rukatunturi,-13.0,,
2021-12-22,Kuusamo Teeriranta,,2.8,37.0
2021-12-22,Kuusamo Juuma,-12.9,,
2021-12-22,Ylitornio Meltosjärvi,-27.3,2.4,20.0
2021-12-22,Kolari Kattilamaa,,2.0,30.0
2021-12-22,Pello kirkonkylä,-26.7,4.2,21.0
2021-12-22,Rovaniemi rautatieasema,-19.3,,
2021-12-22,Sodankylä Tähtelä,-20.6,1.0,31.0
2021-12-22,Rovaniemi Apukka,-20.0,2.2,25.0
2021-12-22,Pelkosenniemi kirkonkylä,,1.5,31.0
2021-12-22,Kemijärvi lentokenttä,-16.2,1.3,25.0
2021-12-22,Savukoski kirkonkylä,-16.0,1.8,29.0
2021-12-22,Salla Kelloselkä,,1.7,36.0
2021-12-22,Pelkosenniemi Pyhätunturi,-13.7,,
2021-12-22,Salla kirkonkylä,-16.2,1.5,29.0
2021-12-22,Salla Naruska,-16.0,1.4,40.0
2021-12-22,Enontekiö Kaaresuvanto,,5.0,50.0
2021-12-22,Enontekiö lentoasema,-27.0,,
2021-12-22,Kittilä Pulju,,0.5,31.0
2021-12-22,Muonio Laukukero,-13.5,,
2021-12-22,Muonio Sammaltunturi,-14.5,,
2021-12-22,Kittilä Matorova,-12.0,,
2021-12-22,Kittilä lentoasema,-26.4,,
2021-12-22,Kittilä Kenttärova,-13.1,0.3,61.0
2021-12-22,Kittilä Pakatti,-25.3,0.2,29.0
2021-12-22,Kittilä Pokka,-22.2,0.3,55.0
2021-12-22,Sodankylä Lokka,-19.0,1.4,33.0
2021-12-22,Sodankylä Vuotso,-19.8,0.2,32.0
2021-12-22,Inari Saariselkä matkailukeskus,-18.0,1.6,47.0
2021-12-22,Inari Saariselkä Kaunispää,-15.5,,
2021-12-22,Inari Raja-Jooseppi Kontiojärvi,,1.9,29.0
2021-12-22,Inari Raja-Jooseppi,-14.0,,
2021-12-22,Salla Värriötunturi,-14.3,0.2,47.0
2021-12-22,Enontekiö Kilpisjärvi kyläkeskus,-21.7,3.7,49.0
2021-12-22,Enontekiö Kilpisjärvi Saana,-12.0,,
2021-12-22,Enontekiö Näkkälä,-23.6,0.4,47.0
2021-12-22,Inari Angeli Lintupuoliselkä,-14.7,0.4,31.0
2021-12-22,Inari Ivalo lentoasema,-15.8,,
2021-12-22,Utsjoki Kevo,-10.7,3.7,26.0
2021-12-22,Utsjoki Nuorgam,-7.1,2.0,28.0
2021-12-22,Inari Väylä,-13.2,,
2021-12-22,Inari kirkonkylä,,1.0,27.0
2021-12-22,Inari Kaamanen,-13.9,1.6,26.0
2021-12-22,Inari Nellim,-14.0,2.5,25.0
2021-12-22,Inari Kirakkajärvi,-10.3,4.2,34.0
2021-12-22,Mäntsälä Hirvihaara,-12.3,0.3,3.0
2021-12-22,Lahti Sopenkorpi,-11.7,0.5,8.0
2021-12-22,Siuntio Sjundby,,0.4,0.0
2021-12-22,Sipoo Itätoukki,-8.2,,
2021-12-22,Rauma Pyynpää,-10.8,1.3,-1.0
2021-12-22,Muonio Oustajärvi,-28.5,1.3,36.0
2021-12-22,Pyhtää lentokenttä,-13.1,0.6,3.0
2021-12-22,Sotkamo Tuhkakylä,-15.3,-1.0,35.0
2021-12-22,Tervola Loue,-26.3,,
2021-12-22,Kajaani Petäisenniska,-13.9,-1.0,26.0
2021-12-22,Utsjoki Kevo Kevojärvi,-11.1,,
2021-12-22,Inari Seitalaassa,-13.2,,
2021-12-22,Ilmajoki Seinäjoki lentoasema,-11.9,,
2021-12-22,Rovaniemi lentoasema AWOS,-17.8,2.2,19.0
2021-12-22,Jyväskylä lentoasema AWOS,-15.2,0.3,15.0
2021-12-22,Puumala kirkonkylä,-13.4,0.1,23.0
2021-12-22,Helsinki Vuosaari satama,-10.5,,
2021-12-22,Maarianhamina Länsisatama,-6.7,,
2021-12-22,Lumparland Långnäs satama,-6.3,-1.0,2.0
2021-12-22,Tampere Tampella,-9.9,,
2021-12-22,Kittilä Lompolonvuoma,-15.1,0.3,
2021-12-22,Kuusamo Ruka Talvijärvi,-12.7,,
2021-12-22,Espoo Nuuksio,-12.8,0.9,3.0
2021-12-22,Mikkeli Lentoasema AWOS,-15.1,0.2,24.0
2021-12-22,Espoo Tapiola,-11.3,0.8,-1.0
2021-12-23,Porvoo Kilpilahti satama,-1.6,,
2021-12-23,Jomala Maarianhamina lentoasema,-1.6,,
2021-12-23,Parainen Utö,0.3,0.9,1.0
2021-12-23,Lemland Nyhamn,-0.8,,
2021-12-23,Jomala Jomalaby,-1.9,4.5,3.0
2021-12-23,Hammarland Märket,-2.0,,
2021-12-23,Kökar Bogskär,0.0,,
2021-12-23,Parainen Fagerholm,-0.5,0.6,
2021-12-23,Kumlinge kirkonkylä,-1.7,,
2021-12-23,Hanko Russarö,0.3,2.2,
2021-12-23,Kaarina Yltöinen,-1.7,2.1,-1.0
2021-12-23,Kemiönsaari Vänö,0.0,,
2021-12-23,Hanko Tulliniemi,0.3,,
2021-12-23,Turku Rajakari,-1.1,,
2021-12-23,Turku Artukainen,-1.6,1.6,-1.0
2021-12-23,Kemiönsaari Kemiö,-1.3,2.6,-1.0
2021-12-23,Hanko Tvärminne,-0.2,2.3,2.0
2021-12-23,Salo Kärkkä,-1.9,2.2,
2021-12-23,Lohja Leppäkorpi,,3.2,1.0
2021-12-23,Raasepori Jussarö,0.2,,
2021-12-23,Salo Kiikala lentokenttä,-3.0,2.5,2.0
2021-12-23,Vantaa Helsinki-Vantaan lentoasema,-2.4,4.7,4.0
2021-12-23,Inkoo Bågaskär,-0.5,,
2021-12-23,Helsinki Kaisaniemi,-1.2,2.0,2.0
2021-12-23,Lohja Porla,-1.9,3.2,2.0
2021-12-23,Vihti Maasoja,-2.3,,
2021-12-23,Helsinki Harmaja,-0.4,,
2021-12-23,Kirkkonummi Mäkiluoto,0.2,,
2021-12-23,Helsinki Helsingin majakka,0.2,,
2021-12-23,Helsinki Kumpula,-1.7,3.6,4.0
2021-12-23,Helsinki Malmi lentokenttä,-1.7,,
2021-12-23,Porvoo Kalbådagrund,0.1,,
2021-12-23,Porvoo Emäsalo,-0.8,,
2021-12-23,Porvoo Harabacka,-2.4,2.6,4.0
2021-12-23,Kotka Rankki,-1.2,3.4,4.0
2021-12-23,Loviisa Orrengrund,-0.9,,
2021-12-23,Kotka Haapasaari,-0.7,,
2021-12-23,Pori lentoasema,-1.4,,
2021-12-23,Uusikaupunki Itätulli,,4.5,1.0
2021-12-23,Kustavi Isokari,-0.5,1.5,
2021-12-23,Rauma Kylmäpihlaja,-0.6,,
2021-12-23,Pori rautatieasema,-1.4,2.6,6.0
2021-12-23,Turku lentoasema,-2.2,,
2021-12-23,Kokemäki Rausenkulma,,2.0,3.0
2021-12-23,Huittinen Sallila,,5.2,1.0
2021-12-23,Oripää Teinikivi,,6.5,-1.0
2021-12-23,Pöytyä Yläne,,5.6,0.0
2021-12-23,Kokemäki Tulkkila,-1.9,2.3,3.0
2021-12-23,Jokioinen Ilmala,-2.9,3.3,3.0
2021-12-23,Nokia Tottijärvi,,3.0,2.0
2021-12-23,Pirkkala Tampere-Pirkkala lentoasema,-3.2,,
2021-12-23,Tampere Härmälä,-3.2,2.6,2.0
2021-12-23,Somero Salkola,-3.2,1.6,2.0
2021-12-23,Hyvinkää Hyvinkäänkylä,-2.5,1.8,4.0
2021-12-23,Vihti Hiiskula,,2.8,2.0
2021-12-23,Hämeenlinna Pirttikoski,,4.8,1.0
2021-12-23,Nurmijärvi Röykkä,-3.2,2.5,2.0
2021-12-23,Hämeenlinna Katinen,-3.0,2.9,
2021-12-23,Hattula Lepaa,-3.1,4.1,3.0
2021-12-23,Hämeenlinna Lammi Pappila,-3.2,3.2,9.0
2021-12-23,Asikkala Pulkkilanharju,-3.3,,
2021-12-23,Kouvola Utti lentoasema,-4.2,2.8,12.0
2021-12-23,Kouvola Anjala,-3.3,1.7,2.0
2021-12-23,Heinola Asemantaus,-3.4,2.3,11.0
2021-12-23,Kouvola Voikoski,,2.2,18.0
2021-12-23,Virolahti Koivuniemi,-3.1,5.6,4.0
2021-12-23,Lappeenranta lentoasema,-4.9,,
2021-12-23,Lappeenranta Konnunsuo,-4.4,,
2021-12-23,Lappeenranta Lepola,-4.6,0.7,14.0
2021-12-23,Ruokolahti Kotaniemi,,2.8,28.0
2021-12-23,Lappeenranta Hiekkapakka,-4.5,,
2021-12-23,Parikkala Koitsanlahti,-5.6,2.2,31.0
2021-12-23,Kaskinen Sälgrund,-3.2,2.0,
2021-12-23,Merikarvia Tuorila,,3.6,2.0
2021-12-23,Isojoki Kärjenkoski,,2.3,2.0
2021-12-23,Teuva Kauppilankylä,,1.5,6.0
2021-12-23,Pori Tahkoluoto satama,-0.8,,
2021-12-23,Kristiinankaupunki Majakka,-2.4,,
2021-12-23,Karvia Alkkia,-5.3,2.9,16.0
2021-12-23,Kurikka Hirvijärvi,,3.2,3.0
2021-12-23,Kauhajoki Kuja-Kokko,-4.9,1.9,11.0
2021-12-23,Kankaanpää Niinisalo lentokenttä,-4.2,4.1,13.0
2021-12-23,Alavus Sulkavankylä,,2.6,10.0
2021-12-23,Virrat Äijänneva,-6.0,,
2021-12-23,Tampere Siilinkari,-3.3,,
2021-12-23,Jämsä Halli lentoasema,-4.9,2.9,12.0
2021-12-23,Juupajoki Hyytiälä,-4.8,3.9,12.0
2021-12-23,Sysmä Joutsjärvi,,3.5,12.0
2021-12-23,Jyväskylä Muuratjärvi,,2.4,18.0
2021-12-23,Luhanka Judinsalo,-4.0,,
2021-12-23,Multia Pirttiperä,,2.9,18.0
2021-12-23,Joutsa Savenaho,-5.3,2.6,20.0
2021-12-23,Kangasniemi kirkonkylä,,1.8,31.0
2021-12-23,Joutsa Pärnämäki,,2.4,26.0
2021-12-23,Mikkeli Pitkähiekka,,0.6,19.0
2021-12-23,Juva Partala,-5.8,,
2021-12-23,Varkaus Kosulanniemi,-6.3,1.5,27.0
2021-12-23,Savonlinna Laukansaari,,2.1,23.0
2021-12-23,Sulkava Halttula,,1.2,39.0
2021-12-23,Savonlinna lentoasema,-6.1,,
2021-12-23,Rantasalmi Rukkasluoto,-5.9,,
2021-12-23,Savonlinna Punkaharju Laukansaari,-5.9,2.6,23.0
2021-12-23,Enonkoski Simanala,,4.9,37.0
2021-12-23,Savonlinna Savonranta,,3.2,29.0
2021-12-23,Rääkkylä kirkonkylä,,3.9,30.0
2021-12-23,Tohmajärvi Kemie,-7.2,3.2,33.0
2021-12-23,Joensuu Huhtilampi,,2.2,45.0
2021-12-23,Vaasa lentoasema,-5.6,,
2021-12-23,Mustasaari Valassaaret,-4.8,,
2021-12-23,Närpiö Ylimarkku,,2.5,1.0
2021-12-23,Mustasaari Riimala,,5.5,14.0
2021-12-23,Kurikka Pyörni,,6.6,13.0
2021-12-23,Korsnäs Bredskäret,-4.9,,
2021-12-23,Maalahti Strömmingsbådan,-3.4,,
2021-12-23,Vaasa Klemettilä,-5.2,4.0,17.0
2021-12-23,Seinäjoki Pelmaa,-6.1,3.3,15.0
2021-12-23,Kauhava lentokenttä,-6.7,4.0,15.0
2021-12-23,Ähtäri Inha,-6.7,2.9,22.0
2021-12-23,Halsua Purola,-9.0,2.7,19.0
2021-12-23,Alajärvi Möksy,-8.4,3.5,20.0
2021-12-23,Multia Karhila,-7.0,1.7,19.0
2021-12-23,Viitasaari Haapaniemi,-7.8,1.1,18.0
2021-12-23,Äänekoski Kalaniemi,,1.5,22.0
2021-12-23,Vesanto kirkonkylä,-7.7,1.9,26.0
2021-12-23,Pielavesi Venetmäki,,0.9,30.0
2021-12-23,Siilinjärvi Kuopio lentoasema,-7.5,,
2021-12-23,Kuopio Maaninka,-8.1,0.9,26.0
2021-12-23,Lapinlahti Lamminkäyrä,,1.5,28.0
2021-12-23,Suonenjoki Iisvesi,,2.5,21.0
2021-12-23,Kuopio Karttula,,1.4,30.0
2021-12-23,Kuopio Ritoniemi,-7.2,,
2021-12-23,Kuopio Savilahti,-7.1,1.5,24.0
2021-12-23,Heinävesi Palokki,,1.5,29.0
2021-12-23,Outokumpu Viuruniemi,,1.6,36.0
2021-12-23,Rautavaara Ala-Luosta,,1.6,26.0
2021-12-23,Rautavaara Ylä-Luosta,-9.6,2.4,33.0
2021-12-23,Liperi Joensuu lentoasema,-8.0,,
2021-12-23,Juuka Niemelä,-8.3,1.1,33.0
2021-12-23,Joensuu Pyhäselkä,,1.8,40.0
2021-12-23,Lieksa Koli,,1.3,40.0
2021-12-23,Liperi Tuiskavanluoto,-7.4,,
2021-12-23,Joensuu Linnunlahti,-7.6,1.5,36.0
2021-12-23,Lieksa Lampela,-8.9,1.0,31.0
2021-12-23,Ilomantsi Naarva,,1.4,50.0
2021-12-23,Ilomantsi Pötsönvaara,-9.8,1.9,39.0
2021-12-23,Ilomantsi Mekrijärvi,-8.9,0.7,36.0
2021-12-23,Pietarsaari Kallan,-4.6,,
2021-12-23,Kokkola Tankar,-4.6,,
2021-12-23,Kruunupyy Kokkola-Pietarsaari lentoasema,-6.8,,
2021-12-23,Kaustinen Tastula,,3.8,9.0
2021-12-23,Kalajoki Ulkokalla,-4.9,,
2021-12-23,Kokkola Santahaka,-6.0,4.5,12.0
2021-12-23,Toholampi Oravala,,3.5,12.0
2021-12-23,Kalajoki Pitkäsenkylä,,1.2,18.0
2021-12-23,Kalajoki Mehtäkylä,,3.9,15.0
2021-12-23,Toholampi Laitala,-8.6,0.8,19.0
2021-12-23,Ylivieska lentokenttä,-10.2,1.4,21.0
2021-12-23,Ylivieska Vähäkangas,,2.2,18.0
2021-12-23,Haapavesi Mustikkamäki,-10.2,2.8,19.0
2021-12-23,Pyhäjärvi Ojakylä,-9.4,1.0,22.0
2021-12-23,Pyhäjärvi Hiidenniemi,,3.0,19.0
2021-12-23,Kiuruvesi Korpijoki,,1.1,21.0
2021-12-23,Siikalatva Kestilä,,3.4,26.0
2021-12-23,Kajaani lentoasema,-10.3,,
2021-12-23,Vieremä Kaarakkala,-10.4,1.6,36.0
2021-12-23,Kajaani Paltaniemi,,2.7,30.0
2021-12-23,Nurmes Valtimo,-9.6,1.4,27.0
2021-12-23,Ristijärvi Mustavaara,,4.5,36.0
2021-12-23,Sotkamo Kuolaniemi,-10.1,1.1,25.0
2021-12-23,Nurmes Mujejärvi,,3.2,37.0
2021-12-23,Kuhmo Apaja,,2.0,38.0
2021-12-23,Kuhmo Kalliojoki,-10.1,5.2,35.0
2021-12-23,Raahe Nahkiainen,-5.8,,
2021-12-23,Hailuoto Keskikylä,-8.5,3.3,13.0
2021-12-23,Kemi I majakka,-8.2,,
2021-12-23,Hailuoto Marjaniemi,-7.8,,
2021-12-23,Raahe Lapaluoto satama,-7.4,,
2021-12-23,Oulu lentoasema,-9.6,,
2021-12-23,Siikajoki Ruukki,-10.2,2.8,17.0
2021-12-23,Oulu Vihreäsaari satama,-9.4,,
2021-12-23,Oulu Oulunsalo Pellonpää,-9.8,3.1,19.0
2021-12-23,Vaala Pelso,-11.1,3.0,25.0
2021-12-23,Pudasjärvi lentokenttä,-11.7,1.7,34.0
2021-12-23,Utajärvi Särkijärvi,,1.3,29.0
2021-12-23,Pudasjärvi Jaurakkajärvi,,3.2,32.0
2021-12-23,Suomussalmi Näljänkä,,3.1,45.0
2021-12-23,Suomussalmi Pesiö,-10.9,4.0,40.0
2021-12-23,Puolanka Kotila,,4.7,34.0
2021-12-23,Puolanka Paljakka,-11.8,4.6,38.0
2021-12-23,Kemi Kemi-Tornio lentoasema,-13.5,,
2021-12-23,Kemi Ajos,-12.9,,
2021-12-23,Tornio Kaakkuri,-12.9,0.9,20.0
2021-12-23,Ranua lentokenttä,-13.4,0.9,26.0
2021-12-23,Pudasjärvi Sarakylä,,1.2,23.0
2021-12-23,Posio Raistakka,,2.9,32.0
2021-12-23,Taivalkoski Inkee,,1.8,35.0
2021-12-23,Taivalkoski kirkonkylä,-12.7,0.7,30.0
2021-12-23,Kuusamo lentoasema,-14.2,0.8,33.0
2021-12-23,Kuusamo Kiutaköngäs,-14.3,1.5,30.0
2021-12-23,Kuusamo Rukatunturi,-14.7,,
2021-12-23,Kuusamo Teeriranta,,2.6,37.0
2021-12-23,Kuusamo Juuma,-14.6,,
2021-12-23,Ylitornio Meltosjärvi,-14.8,1.1,21.0
2021-12-23,Kolari Kattilamaa,,0.4,32.0
2021-12-23,Pello kirkonkylä,-13.7,0.8,30.0
2021-12-23,Rovaniemi rautatieasema,-13.5,,
2021-12-23,Sodankylä Tähtelä,-11.7,0.8,34.0
2021-12-23,Rovaniemi Apukka,-13.0,2.3,29.0
2021-12-23,Pelkosenniemi kirkonkylä,,2.7,32.0
2021-12-23,Kemijärvi lentokenttä,-12.6,1.4,28.0
2021-12-23,Savukoski kirkonkylä,-11.9,3.6,30.0
2021-12-23,Salla Kelloselkä,,2.7,39.0
2021-12-23,Pelkosenniemi Pyhätunturi,-12.7,,
2021-12-23,Salla kirkonkylä,-14.1,3.6,33.0
2021-12-23,Salla Naruska,-13.5,2.4,42.0
2021-12-23,Enontekiö Kaaresuvanto,,-1.0,55.0
2021-12-23,Enontekiö lentoasema,-12.7,,
2021-12-23,Kittilä Pulju,,0.3,31.0
2021-12-23,Muonio Laukukero,-14.4,,
2021-12-23,Muonio Sammaltunturi,-13.1,,
2021-12-23,Kittilä Matorova,-12.6,,
2021-12-23,Kittilä lentoasema,-11.5,,
2021-12-23,Kittilä Kenttärova,-12.8,-1.0,62.0
2021-12-23,Kittilä Pakatti,-12.9,-1.0,29.0
2021-12-23,Kittilä Pokka,-12.9,-1.0,55.0
2021-12-23,Sodankylä Lokka,-11.6,0.4,36.0
2021-12-23,Sodankylä Vuotso,-11.2,0.3,34.0
2021-12-23,Inari Saariselkä matkailukeskus,-11.3,1.1,51.0
2021-12-23,Inari Saariselkä Kaunispää,-11.8,,
2021-12-23,Inari Raja-Jooseppi Kontiojärvi,,0.8,30.0
2021-12-23,Inari Raja-Jooseppi,-10.2,,
2021-12-23,Salla Värriötunturi,-11.6,1.4,48.0
2021-12-23,Enontekiö Kilpisjärvi kyläkeskus,-10.9,1.0,57.0
2021-12-23,Enontekiö Kilpisjärvi Saana,-15.1,,
2021-12-23,Enontekiö Näkkälä,-14.0,-1.0,49.0
2021-12-23,Inari Angeli Lintupuoliselkä,-12.4,0.2,32.0
2021-12-23,Inari Ivalo lentoasema,-9.2,,
2021-12-23,Utsjoki Kevo,-11.1,1.2,34.0
2021-12-23,Utsjoki Nuorgam,-9.9,1.6,33.0
2021-12-23,Inari Väylä,-10.4,,
2021-12-23,Inari kirkonkylä,,0.2,28.0
2021-12-23,Inari Kaamanen,-10.3,4.9,28.0
2021-12-23,Inari Nellim,-12.3,0.4,31.0
2021-12-23,Inari Kirakkajärvi,-10.4,15.0,39.0
2021-12-23,Mäntsälä Hirvihaara,-3.3,1.2,2.0
2021-12-23,Lahti Sopenkorpi,-3.5,2.6,9.0
2021-12-23,Siuntio Sjundby,,2.8,1.0
2021-12-23,Sipoo Itätoukki,0.1,,
2021-12-23,Rauma Pyynpää,-1.1,4.2,4.0
2021-12-23,Muonio Oustajärvi,-16.8,-1.0,37.0
2021-12-23,Pyhtää lentokenttä,-2.9,3.1,4.0
2021-12-23,Sotkamo Tuhkakylä,-10.5,1.5,36.0
2021-12-23,Tervola Loue,-14.6,,
2021-12-23,Kajaani Petäisenniska,-10.4,2.3,26.0
2021-12-23,Utsjoki Kevo Kevojärvi,-12.7,,
2021-12-23,Inari Seitalaassa,-10.1,,
2021-12-23,Ilmajoki Seinäjoki lentoasema,-5.9,,
2021-12-23,Rovaniemi lentoasema AWOS,-13.8,1.4,23.0
2021-12-23,Jyväskylä lentoasema AWOS,-6.2,1.5,17.0
2021-12-23,Puumala kirkonkylä,-5.0,2.7,23.0
2021-12-23,Helsinki Vuosaari satama,-1.1,,
2021-12-23,Maarianhamina Länsisatama,-1.4,,
2021-12-23,Lumparland Långnäs satama,-1.6,2.9,3.0
2021-12-23,Tampere Tampella,-3.1,,
2021-12-23,Kittilä Lompolonvuoma,-11.9,-1.0,
2021-12-23,Kuusamo Ruka Talvijärvi,-14.1,,
2021-12-23,Espoo Nuuksio,-2.9,4.6,5.0
2021-12-23,Mikkeli Lentoasema AWOS,-5.0,2.2,27.0
2021-12-23,Espoo Tapiola,-1.5,1.8,3.0
2021-12-24,Porvoo Kilpilahti satama,-10.3,,
2021-12-24,Jomala Maarianhamina lentoasema,-4.6,,
2021-12-24,Parainen Utö,-4.5,2.2,1.0
2021-12-24,Lemland Nyhamn,-3.4,,
2021-12-24,Jomala Jomalaby,-5.0,15.4,11.0
2021-12-24,Hammarland Märket,-2.8,,
2021-12-24,Kökar Bogskär,-3.3,,
2021-12-24,Parainen Fagerholm,-5.8,0.2,
2021-12-24,Kumlinge kirkonkylä,-5.0,,
2021-12-24,Hanko Russarö,-6.6,-1.0,
2021-12-24,Kaarina Yltöinen,-12.0,-1.0,5.0
2021-12-24,Kemiönsaari Vänö,-5.6,,
2021-12-24,Hanko Tulliniemi,-6.8,,
2021-12-24,Turku Rajakari,-7.0,,
2021-12-24,Turku Artukainen,-10.9,-1.0,4.0
2021-12-24,Kemiönsaari Kemiö,-10.3,-1.0,5.0
2021-12-24,Hanko Tvärminne,-8.6,-1.0,7.0
2021-12-24,Salo Kärkkä,-12.9,-1.0,
2021-12-24,Lohja Leppäkorpi,,-1.0,11.0
2021-12-24,Raasepori Jussarö,-8.0,,
2021-12-24,Salo Kiikala lentokenttä,-12.9,-1.0,8.0
2021-12-24,Vantaa Helsinki-Vantaan lentoasema,-12.0,0.1,8.0
2021-12-24,Inkoo Bågaskär,-8.9,,
2021-12-24,Helsinki Kaisaniemi,-10.1,-1.0,4.0
2021-12-24,Lohja Porla,-11.5,-1.0,8.0
2021-12-24,Vihti Maasoja,-13.7,,
2021-12-24,Helsinki Harmaja,-8.0,,
2021-12-24,Kirkkonummi Mäkiluoto,-7.6,,
2021-12-24,Helsinki Helsingin majakka,-7.6,,
2021-12-24,Helsinki Kumpula,-10.7,-1.0,7.0
2021-12-24,Helsinki Malmi lentokenttä,-11.1,,
2021-12-24,Porvoo Kalbådagrund,-7.7,,
2021-12-24,Porvoo Emäsalo,-9.6,,
2021-12-24,Porvoo Harabacka,-11.1,-1.0,10.0
2021-12-24,Kotka Rankki,-9.6,-1.0,9.0
2021-12-24,Loviisa Orrengrund,-8.4,,
2021-12-24,Kotka Haapasaari,-8.3,,
2021-12-24,Pori lentoasema,-8.7,,
2021-12-24,Uusikaupunki Itätulli,,4.0,12.0
2021-12-24,Kustavi Isokari,-5.0,8.7,
2021-12-24,Rauma Kylmäpihlaja,-5.8,,
2021-12-24,Pori rautatieasema,-9.4,-1.0,9.0
2021-12-24,Turku lentoasema,-11.7,,
2021-12-24,Kokemäki Rausenkulma,,0.0,5.0
2021-12-24,Huittinen Sallila,,-1.0,7.0
2021-12-24,Oripää Teinikivi,,-1.0,6.0
2021-12-24,Pöytyä Yläne,,0.0,6.0
2021-12-24,Kokemäki Tulkkila,-12.5,-1.0,6.0
2021-12-24,Jokioinen Ilmala,-12.7,-1.0,8.0
2021-12-24,Nokia Tottijärvi,,0.3,7.0
2021-12-24,Pirkkala Tampere-Pirkkala lentoasema,-12.2,,
2021-12-24,Tampere Härmälä,-11.9,-1.0,6.0
2021-12-24,Somero Salkola,-12.2,-1.0,7.0
2021-12-24,Hyvinkää Hyvinkäänkylä,-11.5,-1.0,6.0
2021-12-24,Vihti Hiiskula,,0.0,5.0
2021-12-24,Hämeenlinna Pirttikoski,,-1.0,6.0
2021-12-24,Nurmijärvi Röykkä,-12.0,-1.0,6.0
2021-12-24,Hämeenlinna Katinen,-11.7,0.1,
2021-12-24,Hattula Lepaa,-12.6,-1.0,9.0
2021-12-24,Hämeenlinna Lammi Pappila,-12.7,-1.0,14.0
2021-12-24,Asikkala Pulkkilanharju,-12.9,,
2021-12-24,Kouvola Utti lentoasema,-13.4,0.1,13.0
2021-12-24,Kouvola Anjala,-12.2,-1.0,6.0
2021-12-24,Heinola Asemantaus,-12.7,-1.0,15.0
2021-12-24,Kouvola Voikoski,,0.1,20.0
2021-12-24,Virolahti Koivuniemi,-12.1,-1.0,10.0
2021-12-24,Lappeenranta lentoasema,-13.2,,
2021-12-24,Lappeenranta Konnunsuo,-14.9,,
2021-12-24,Lappeenranta Lepola,-12.4,-1.0,15.0
2021-12-24,Ruokolahti Kotaniemi,,0.0,32.0
2021-12-24,Lappeenranta Hiekkapakka,-12.5,,
2021-12-24,Parikkala Koitsanlahti,-15.7,-1.0,35.0
2021-12-24,Kaskinen Sälgrund,-6.8,2.5,
2021-12-24,Merikarvia Tuorila,,0.4,9.0
2021-12-24,Isojoki Kärjenkoski,,1.2,5.0
2021-12-24,Teuva Kauppilankylä,,3.8,9.0
2021-12-24,Pori Tahkoluoto satama,-5.3,,
2021-12-24,Kristiinankaupunki Majakka,-5.5,,
2021-12-24,Karvia Alkkia,-12.0,0.6,20.0
2021-12-24,Kurikka Hirvijärvi,,0.7,11.0
2021-12-24,Kauhajoki Kuja-Kokko,-10.4,1.1,15.0
2021-12-24,Kankaanpää Niinisalo lentokenttä,-12.6,-1.0,17.0
2021-12-24,Alavus Sulkavankylä,,0.4,13.0
2021-12-24,Virrat Äijänneva,-12.9,,
2021-12-24,Tampere Siilinkari,-11.5,,
2021-12-24,Jämsä Halli lentoasema,-13.9,0.2,15.0
2021-12-24,Juupajoki Hyytiälä,-13.4,0.1,16.0
2021-12-24,Sysmä Joutsjärvi,,0.5,16.0
2021-12-24,Jyväskylä Muuratjärvi,,0.5,22.0
2021-12-24,Luhanka Judinsalo,-13.8,,
2021-12-24,Multia Pirttiperä,,0.6,21.0
2021-12-24,Joutsa Savenaho,-15.7,0.1,21.0
2021-12-24,Kangasniemi kirkonkylä,,0.3,33.0
2021-12-24,Joutsa Pärnämäki,,0.3,29.0
2021-12-24,Mikkeli Pitkähiekka,,0.2,20.0
2021-12-24,Juva Partala,-15.8,,
2021-12-24,Varkaus Kosulanniemi,-15.7,-1.0,29.0
2021-12-24,Savonlinna Laukansaari,,0.0,25.0
2021-12-24,Sulkava Halttula,,-1.0,40.0
2021-12-24,Savonlinna lentoasema,-16.9,,
2021-12-24,Rantasalmi Rukkasluoto,-15.5,,
2021-12-24,Savonlinna Punkaharju Laukansaari,-16.4,-1.0,27.0
2021-12-24,Enonkoski Simanala,,0.0,40.0
2021-12-24,Savonlinna Savonranta,,-1.0,31.0
2021-12-24,Rääkkylä kirkonkylä,,0.0,31.0
2021-12-24,Tohmajärvi Kemie,-17.8,-1.0,36.0
2021-12-24,Joensuu Huhtilampi,,0.0,46.0
2021-12-24,Vaasa lentoasema,-7.2,,
2021-12-24,Mustasaari Valassaaret,-5.2,,
2021-12-24,Närpiö Ylimarkku,,3.0,5.0
2021-12-24,Mustasaari Riimala,,3.6,25.0
2021-12-24,Kurikka Pyörni,,4.1,24.0
2021-12-24,Korsnäs Bredskäret,-6.4,,
2021-12-24,Maalahti Strömmingsbådan,-4.6,,
2021-12-24,Vaasa Klemettilä,-6.8,24.9,25.0
2021-12-24,Seinäjoki Pelmaa,-10.7,1.3,23.0
2021-12-24,Kauhava lentokenttä,-11.4,0.1,22.0
2021-12-24,Ähtäri Inha,-14.1,-1.0,25.0
2021-12-24,Halsua Purola,-13.7,0.4,23.0
2021-12-24,Alajärvi Möksy,-14.8,-1.0,23.0
2021-12-24,Multia Karhila,-14.9,0.1,20.0
2021-12-24,Viitasaari Haapaniemi,-13.8,0.1,20.0
2021-12-24,Äänekoski Kalaniemi,,0.5,24.0
2021-12-24,Vesanto kirkonkylä,-17.6,-1.0,29.0
2021-12-24,Pielavesi Venetmäki,,1.0,31.0
2021-12-24,Siilinjärvi Kuopio lentoasema,-16.6,,
2021-12-24,Kuopio Maaninka,-17.9,0.1,27.0
2021-12-24,Lapinlahti Lamminkäyrä,,0.5,31.0
2021-12-24,Suonenjoki Iisvesi,,0.5,23.0
2021-12-24,Kuopio Karttula,,-1.0,31.0
2021-12-24,Kuopio Ritoniemi,-17.1,,
2021-12-24,Kuopio Savilahti,-16.5,-1.0,25.0
2021-12-24,Heinävesi Palokki,,0.7,31.0
2021-12-24,Outokumpu Viuruniemi,,-1.0,37.0
2021-12-24,Rautavaara Ala-Luosta,,0.5,26.0
2021-12-24,Rautavaara Ylä-Luosta,-18.8,0.9,35.0
2021-12-24,Liperi Joensuu lentoasema,-15.8,,
2021-12-24,Juuka Niemelä,-18.3,0.1,34.0
2021-12-24,Joensuu Pyhäselkä,,0.2,41.0
2021-12-24,Lieksa Koli,,0.4,41.0
2021-12-24,Liperi Tuiskavanluoto,-16.7,,
2021-12-24,Joensuu Linnunlahti,-16.7,-1.0,36.0
2021-12-24,Lieksa Lampela,-17.3,0.3,32.0
2021-12-24,Ilomantsi Naarva,,0.7,53.0
2021-12-24,Ilomantsi Pötsönvaara,-16.1,0.3,42.0
2021-12-24,Ilomantsi Mekrijärvi,-16.3,0.3,37.0
2021-12-24,Pietarsaari Kallan,-4.9,,
2021-12-24,Kokkola Tankar,-4.5,,
2021-12-24,Kruunupyy Kokkola-Pietarsaari lentoasema,-9.6,,
2021-12-24,Kaustinen Tastula,,1.5,38.0
2021-12-24,Kalajoki Ulkokalla,-5.2,,
2021-12-24,Kokkola Santahaka,-7.8,4.5,19.0
2021-12-24,Toholampi Oravala,,-1.0,20.0
2021-12-24,Kalajoki Pitkäsenkylä,,0.6,23.0
2021-12-24,Kalajoki Mehtäkylä,,2.6,21.0
2021-12-24,Toholampi Laitala,-12.3,-1.0,19.0
2021-12-24,Ylivieska lentokenttä,-13.0,0.1,23.0
2021-12-24,Ylivieska Vähäkangas,,1.3,21.0
2021-12-24,Haapavesi Mustikkamäki,-12.8,2.0,23.0
2021-12-24,Pyhäjärvi Ojakylä,-13.9,0.1,23.0
2021-12-24,Pyhäjärvi Hiidenniemi,,0.8,22.0
2021-12-24,Kiuruvesi Korpijoki,,0.2,22.0
2021-12-24,Siikalatva Kestilä,,1.4,29.0
2021-12-24,Kajaani lentoasema,-14.8,,
2021-12-24,Vieremä Kaarakkala,-15.7,0.9,37.0
2021-12-24,Kajaani Paltaniemi,,0.7,33.0
2021-12-24,Nurmes Valtimo,-16.8,-1.0,32.0
2021-12-24,Ristijärvi Mustavaara,,1.8,40.0
2021-12-24,Sotkamo Kuolaniemi,-15.0,0.1,28.0
2021-12-24,Nurmes Mujejärvi,,1.3,39.0
2021-12-24,Kuhmo Apaja,,1.3,39.0
2021-12-24,Kuhmo Kalliojoki,-16.4,0.9,42.0
2021-12-24,Raahe Nahkiainen,-6.7,,
2021-12-24,Hailuoto Keskikylä,-9.1,0.1,22.0
2021-12-24,Kemi I majakka,-7.1,,
2021-12-24,Hailuoto Marjaniemi,-8.3,,
2021-12-24,Raahe Lapaluoto satama,-8.7,,
2021-12-24,Oulu lentoasema,-10.6,,
2021-12-24,Siikajoki Ruukki,-10.8,1.1,24.0
2021-12-24,Oulu Vihreäsaari satama,-11.3,,
2021-12-24,Oulu Oulunsalo Pellonpää,-10.8,0.3,23.0
2021-12-24,Vaala Pelso,-14.0,0.9,30.0
2021-12-24,Pudasjärvi lentokenttä,-13.0,-1.0,37.0
2021-12-24,Utajärvi Särkijärvi,,0.0,30.0
2021-12-24,Pudasjärvi Jaurakkajärvi,,0.9,36.0
2021-12-24,Suomussalmi Näljänkä,,1.0,48.0
2021-12-24,Suomussalmi Pesiö,-14.2,0.9,46.0
2021-12-24,Puolanka Kotila,,2.4,42.0
2021-12-24,Puolanka Paljakka,-14.8,1.3,45.0
2021-12-24,Kemi Kemi-Tornio lentoasema,-9.5,,
2021-12-24,Kemi Ajos,-9.7,,
2021-12-24,Tornio Kaakkuri,-9.4,-1.0,19.0
2021-12-24,Ranua lentokenttä,-11.2,0.4,31.0
2021-12-24,Pudasjärvi Sarakylä,,0.4,24.0
2021-12-24,Posio Raistakka,,0.5,37.0
2021-12-24,Taivalkoski Inkee,,0.8,36.0
2021-12-24,Taivalkoski kirkonkylä,-13.1,-1.0,33.0
2021-12-24,Kuusamo lentoasema,-13.1,0.5,34.0
2021-12-24,Kuusamo Kiutaköngäs,-14.1,0.2,32.0
2021-12-24,Kuusamo Rukatunturi,-14.7,,
2021-12-24,Kuusamo Teeriranta,,2.0,40.0
2021-12-24,Kuusamo Juuma,-13.2,,
2021-12-24,Ylitornio Meltosjärvi,-9.6,0.1,25.0
2021-12-24,Kolari Kattilamaa,,0.2,33.0
2021-12-24,Pello kirkonkylä,-11.8,-1.0,30.0
2021-12-24,Rovaniemi rautatieasema,-9.2,,
2021-12-24,Sodankylä Tähtelä,-9.4,0.7,34.0
2021-12-24,Rovaniemi Apukka,-9.1,0.1,39.0
2021-12-24,Pelkosenniemi kirkonkylä,,1.0,40.0
2021-12-24,Kemijärvi lentokenttä,-10.3,0.3,34.0
2021-12-24,Savukoski kirkonkylä,-10.5,0.7,39.0
2021-12-24,Salla Kelloselkä,,1.0,40.0
2021-12-24,Pelkosenniemi Pyhätunturi,-11.7,,
2021-12-24,Salla kirkonkylä,-13.0,1.1,40.0
2021-12-24,Salla Naruska,-12.1,0.3,45.0
2021-12-24,Enontekiö Kaaresuvanto,,-1.0,55.0
2021-12-24,Enontekiö lentoasema,-11.5,,
2021-12-24,Kittilä Pulju,,-1.0,29.0
2021-12-24,Muonio Laukukero,-12.0,,
2021-12-24,Muonio Sammaltunturi,-11.5,,
2021-12-24,Kittilä Matorova,-11.4,,
2021-12-24,Kittilä lentoasema,-10.1,,
2021-12-24,Kittilä Kenttärova,-11.9,-1.0,62.0
2021-12-24,Kittilä Pakatti,-11.0,-1.0,30.0
2021-12-24,Kittilä Pokka,-11.6,0.1,54.0
2021-12-24,Sodankylä Lokka,-10.9,-1.0,32.0
2021-12-24,Sodankylä Vuotso,-9.1,0.3,33.0
2021-12-24,Inari Saariselkä matkailukeskus,-9.8,0.7,52.0
2021-12-24,Inari Saariselkä Kaunispää,-10.9,,
2021-12-24,Inari Raja-Jooseppi Kontiojärvi,,0.2,31.0
2021-12-24,Inari Raja-Jooseppi,-9.8,,
2021-12-24,Salla Värriötunturi,-11.9,1.4,58.0
2021-12-24,Enontekiö Kilpisjärvi kyläkeskus,-8.8,4.8,56.0
2021-12-24,Enontekiö Kilpisjärvi Saana,-11.8,,
2021-12-24,Enontekiö Näkkälä,-12.2,0.6,49.0
2021-12-24,Inari Angeli Lintupuoliselkä,-11.0,-1.0,32.0
2021-12-24,Inari Ivalo lentoasema,-9.4,,
2021-12-24,Utsjoki Kevo,-14.3,-1.0,34.0
2021-12-24,Utsjoki Nuorgam,-13.9,-1.0,34.0
2021-12-24,Inari Väylä,-10.6,,
2021-12-24,Inari kirkonkylä,,0.3,28.0
2021-12-24,Inari Kaamanen,-11.0,0.2,34.0
2021-12-24,Inari Nellim,-17.1,0.2,29.0
2021-12-24,Inari Kirakkajärvi,-8.3,10.7,57.0
2021-12-24,Mäntsälä Hirvihaara,-12.3,0.1,6.0
2021-12-24,Lahti Sopenkorpi,-12.1,-1.0,11.0
2021-12-24,Siuntio Sjundby,,-1.0,3.0
2021-12-24,Sipoo Itätoukki,-8.2,,
2021-12-24,Rauma Pyynpää,-10.1,1.7,10.0
2021-12-24,Muonio Oustajärvi,-11.6,-1.0,38.0
2021-12-24,Pyhtää lentokenttä,-11.9,-1.0,10.0
2021-12-24,Sotkamo Tuhkakylä,-16.5,0.4,38.0
2021-12-24,Tervola Loue,-8.8,,
2021-12-24,Kajaani Petäisenniska,-14.7,0.2,30.0
2021-12-24,Utsjoki Kevo Kevojärvi,-16.3,,
2021-12-24,Inari Seitalaassa,-10.8,,
2021-12-24,Ilmajoki Seinäjoki lentoasema,-11.2,,
2021-12-24,Rovaniemi lentoasema AWOS,-9.5,0.4,30.0
2021-12-24,Jyväskylä lentoasema AWOS,-14.5,0.6,19.0
2021-12-24,Puumala kirkonkylä,-14.2,-1.0,26.0
2021-12-24,Helsinki Vuosaari satama,-9.5,,
2021-12-24,Maarianhamina Länsisatama,-4.8,,
2021-12-24,Lumparland Långnäs satama,-4.7,15.3,6.0
2021-12-24,Tampere Tampella,-11.2,,
2021-12-24,Kittilä Lompolonvuoma,-13.5,-1.0,
2021-12-24,Kuusamo Ruka Talvijärvi,-13.7,,
2021-12-24,Espoo Nuuksio,-12.0,-1.0,11.0
2021-12-24,Mikkeli Lentoasema AWOS,-15.4,-1.0,28.0
2021-12-24,Espoo Tapiola,-10.3,-1.0,6.0
2021-12-25,Porvoo Kilpilahti satama,-11.3,,
2021-12-25,Jomala Maarianhamina lentoasema,-3.1,,
2021-12-25,Parainen Utö,-2.8,2.3,4.0
2021-12-25,Lemland Nyhamn,-1.9,,
2021-12-25,Jomala Jomalaby,-3.3,4.8,26.0
2021-12-25,Hammarland Märket,-1.9,,
2021-12-25,Kökar Bogskär,-2.2,,
2021-12-25,Parainen Fagerholm,-4.0,3.0,
2021-12-25,Kumlinge kirkonkylä,-2.7,,
2021-12-25,Hanko Russarö,-5.0,2.1,
2021-12-25,Kaarina Yltöinen,-10.3,4.4,4.0
2021-12-25,Kemiönsaari Vänö,-4.2,,
2021-12-25,Hanko Tulliniemi,-5.2,,
2021-12-25,Turku Rajakari,-5.1,,
2021-12-25,Turku Artukainen,-9.1,13.1,3.0
2021-12-25,Kemiönsaari Kemiö,-8.7,10.0,3.0
2021-12-25,Hanko Tvärminne,-8.0,5.1,6.0
2021-12-25,Salo Kärkkä,-12.1,-1.0,
2021-12-25,Lohja Leppäkorpi,,-1.0,10.0
2021-12-25,Raasepori Jussarö,-7.2,,
2021-12-25,Salo Kiikala lentokenttä,-12.5,0.3,6.0
2021-12-25,Vantaa Helsinki-Vantaan lentoasema,-13.0,0.6,8.0
2021-12-25,Inkoo Bågaskär,-9.3,,
2021-12-25,Helsinki Kaisaniemi,-11.3,-1.0,3.0
2021-12-25,Lohja Porla,-11.7,0.1,6.0
2021-12-25,Vihti Maasoja,-15.0,,
2021-12-25,Helsinki Harmaja,-8.9,,
2021-12-25,Kirkkonummi Mäkiluoto,-7.4,,
2021-12-25,Helsinki Helsingin majakka,-7.7,,
2021-12-25,Helsinki Kumpula,-12.0,-1.0,5.0
2021-12-25,Helsinki Malmi lentokenttä,-12.6,,
2021-12-25,Porvoo Kalbådagrund,-7.8,,
2021-12-25,Porvoo Emäsalo,-10.2,,
2021-12-25,Porvoo Harabacka,-12.7,0.3,8.0
2021-12-25,Kotka Rankki,-11.3,0.5,8.0
2021-12-25,Loviisa Orrengrund,-9.6,,
2021-12-25,Kotka Haapasaari,-9.9,,
2021-12-25,Pori lentoasema,-9.5,,
2021-12-25,Uusikaupunki Itätulli,,4.8,18.0
2021-12-25,Kustavi Isokari,-3.0,1.2,
2021-12-25,Rauma Kylmäpihlaja,-3.7,,
2021-12-25,Pori rautatieasema,-9.9,0.1,15.0
2021-12-25,Turku lentoasema,-9.8,,
2021-12-25,Kokemäki Rausenkulma,,-1.0,5.0
2021-12-25,Huittinen Sallila,,0.1,6.0
2021-12-25,Oripää Teinikivi,,-1.0,6.0
2021-12-25,Pöytyä Yläne,,0.4,6.0
2021-12-25,Kokemäki Tulkkila,-11.8,-1.0,4.0
2021-12-25,Jokioinen Ilmala,-11.4,0.6,7.0
2021-12-25,Nokia Tottijärvi,,0.1,7.0
2021-12-25,Pirkkala Tampere-Pirkkala lentoasema,-11.2,,
2021-12-25,Tampere Härmälä,-11.6,0.1,4.0
2021-12-25,Somero Salkola,-11.7,0.2,7.0
2021-12-25,Hyvinkää Hyvinkäänkylä,-12.0,0.4,6.0
2021-12-25,Vihti Hiiskula,,-1.0,5.0
2021-12-25,Hämeenlinna Pirttikoski,,2.2,6.0
2021-12-25,Nurmijärvi Röykkä,-12.5,0.4,4.0
2021-12-25,Hämeenlinna Katinen,-11.9,0.5,
2021-12-25,Hattula Lepaa,-11.4,0.2,8.0
2021-12-25,Hämeenlinna Lammi Pappila,-12.2,0.8,13.0
2021-12-25,Asikkala Pulkkilanharju,-12.3,,
2021-12-25,Kouvola Utti lentoasema,-16.5,0.9,13.0
2021-12-25,Kouvola Anjala,-14.8,0.9,6.0
2021-12-25,Heinola Asemantaus,-13.3,1.8,15.0
2021-12-25,Kouvola Voikoski,,0.9,20.0
2021-12-25,Virolahti Koivuniemi,-16.7,1.1,10.0
2021-12-25,Lappeenranta lentoasema,-18.9,,
2021-12-25,Lappeenranta Konnunsuo,-21.9,,
2021-12-25,Lappeenranta Lepola,-18.3,-1.0,12.0
2021-12-25,Ruokolahti Kotaniemi,,0.5,32.0
2021-12-25,Lappeenranta Hiekkapakka,-18.3,,
2021-12-25,Parikkala Koitsanlahti,-25.8,-1.0,34.0
2021-12-25,Kaskinen Sälgrund,-6.2,0.1,
2021-12-25,Merikarvia Tuorila,,0.1,9.0
2021-12-25,Isojoki Kärjenkoski,,0.0,6.0
2021-12-25,Teuva Kauppilankylä,,0.7,14.0
2021-12-25,Pori Tahkoluoto satama,-3.6,,
2021-12-25,Kristiinankaupunki Majakka,-4.7,,
2021-12-25,Karvia Alkkia,-11.1,0.7,20.0
2021-12-25,Kurikka Hirvijärvi,,2.5,12.0
2021-12-25,Kauhajoki Kuja-Kokko,-10.9,0.5,16.0
2021-12-25,Kankaanpää Niinisalo lentokenttä,-11.5,0.3,16.0
2021-12-25,Alavus Sulkavankylä,,1.1,13.0
2021-12-25,Virrat Äijänneva,-11.7,,
2021-12-25,Tampere Siilinkari,-10.0,,
2021-12-25,Jämsä Halli lentoasema,-12.8,1.1,17.0
2021-12-25,Juupajoki Hyytiälä,-11.9,2.0,15.0
2021-12-25,Sysmä Joutsjärvi,,1.8,17.0
2021-12-25,Jyväskylä Muuratjärvi,,1.4,23.0
2021-12-25,Luhanka Judinsalo,-13.8,,
2021-12-25,Multia Pirttiperä,,2.0,22.0
2021-12-25,Joutsa Savenaho,-17.0,0.9,22.0
2021-12-25,Kangasniemi kirkonkylä,,0.9,33.0
2021-12-25,Joutsa Pärnämäki,,1.1,29.0
2021-12-25,Mikkeli Pitkähiekka,,0.4,20.0
2021-12-25,Juva Partala,-21.9,,
2021-12-25,Varkaus Kosulanniemi,-20.0,0.1,29.0
2021-12-25,Savonlinna Laukansaari,,0.1,25.0
2021-12-25,Sulkava Halttula,,-1.0,40.0
2021-12-25,Savonlinna lentoasema,-23.6,,
2021-12-25,Rantasalmi Rukkasluoto,-20.7,,
2021-12-25,Savonlinna Punkaharju Laukansaari,-22.9,-1.0,27.0
2021-12-25,Enonkoski Simanala,,0.0,40.0
2021-12-25,Savonlinna Savonranta,,-1.0,31.0
2021-12-25,Rääkkylä kirkonkylä,,0.8,31.0
2021-12-25,Tohmajärvi Kemie,-29.2,0.1,36.0
2021-12-25,Joensuu Huhtilampi,,0.6,46.0
2021-12-25,Vaasa lentoasema,-8.4,,
2021-12-25,Mustasaari Valassaaret,-5.3,,
2021-12-25,Närpiö Ylimarkku,,0.6,20.0
2021-12-25,Mustasaari Riimala,,2.4,32.0
2021-12-25,Kurikka Pyörni,,2.0,35.0
2021-12-25,Korsnäs Bredskäret,-8.0,,
2021-12-25,Maalahti Strömmingsbådan,-4.5,,
2021-12-25,Vaasa Klemettilä,-8.3,2.8,55.0
2021-12-25,Seinäjoki Pelmaa,-10.6,3.4,23.0
2021-12-25,Kauhava lentokenttä,-11.6,1.1,20.0
2021-12-25,Ähtäri Inha,-13.0,5.2,26.0
2021-12-25,Halsua Purola,-16.8,0.8,23.0
2021-12-25,Alajärvi Möksy,-14.8,0.4,23.0
2021-12-25,Multia Karhila,-14.2,1.8,21.0
2021-12-25,Viitasaari Haapaniemi,-15.8,0.8,21.0
2021-12-25,Äänekoski Kalaniemi,,0.8,25.0
2021-12-25,Vesanto kirkonkylä,-20.3,0.5,29.0
2021-12-25,Pielavesi Venetmäki,,0.7,32.0
2021-12-25,Siilinjärvi Kuopio lentoasema,-21.1,,
2021-12-25,Kuopio Maaninka,-19.8,0.2,28.0
2021-12-25,Lapinlahti Lamminkäyrä,,0.2,31.0
2021-12-25,Suonenjoki Iisvesi,,0.8,24.0
2021-12-25,Kuopio Karttula,,0.1,31.0
2021-12-25,Kuopio Ritoniemi,-22.1,,
2021-12-25,Kuopio Savilahti,-21.2,0.1,25.0
2021-12-25,Heinävesi Palokki,,0.2,32.0
2021-12-25,Outokumpu Viuruniemi,,-1.0,37.0
2021-12-25,Rautavaara Ala-Luosta,,0.2,26.0
2021-12-25,Rautavaara Ylä-Luosta,-24.9,0.4,36.0
2021-12-25,Liperi Joensuu lentoasema,-23.1,,
2021-12-25,Juuka Niemelä,-24.6,-1.0,35.0
2021-12-25,Joensuu Pyhäselkä,,0.2,41.0
2021-12-25,Lieksa Koli,,0.8,42.0
2021-12-25,Liperi Tuiskavanluoto,-23.5,,
2021-12-25,Joensuu Linnunlahti,-23.8,-1.0,36.0
2021-12-25,Lieksa Lampela,-24.9,-1.0,33.0
2021-12-25,Ilomantsi Naarva,,0.9,53.0
2021-12-25,Ilomantsi Pötsönvaara,-23.7,0.7,42.0
2021-12-25,Ilomantsi Mekrijärvi,-28.3,0.8,38.0
2021-12-25,Pietarsaari Kallan,-6.6,,
2021-12-25,Kokkola Tankar,-6.1,,
2021-12-25,Kruunupyy Kokkola-Pietarsaari lentoasema,-10.4,,
2021-12-25,Kaustinen Tastula,,0.2,16.0
2021-12-25,Kalajoki Ulkokalla,-6.8,,
2021-12-25,Kokkola Santahaka,-9.4,4.8,27.0
2021-12-25,Toholampi Oravala,,-1.0,20.0
2021-12-25,Kalajoki Pitkäsenkylä,,0.3,25.0
2021-12-25,Kalajoki Mehtäkylä,,0.2,25.0
2021-12-25,Toholampi Laitala,-17.0,-1.0,20.0
2021-12-25,Ylivieska lentokenttä,-15.9,-1.0,23.0
2021-12-25,Ylivieska Vähäkangas,,0.1,23.0
2021-12-25,Haapavesi Mustikkamäki,-15.3,-1.0,27.0
2021-12-25,Pyhäjärvi Ojakylä,-16.1,0.5,26.0
2021-12-25,Pyhäjärvi Hiidenniemi,,1.4,24.0
2021-12-25,Kiuruvesi Korpijoki,,0.0,22.0
2021-12-25,Siikalatva Kestilä,,0.8,30.0
2021-12-25,Kajaani lentoasema,-20.9,,
2021-12-25,Vieremä Kaarakkala,-18.6,0.3,38.0
2021-12-25,Kajaani Paltaniemi,,0.8,34.0
2021-12-25,Nurmes Valtimo,-21.8,-1.0,32.0
2021-12-25,Ristijärvi Mustavaara,,1.2,41.0
2021-12-25,Sotkamo Kuolaniemi,-19.5,-1.0,28.0
2021-12-25,Nurmes Mujejärvi,,-1.0,39.0
2021-12-25,Kuhmo Apaja,,0.6,39.0
2021-12-25,Kuhmo Kalliojoki,-21.8,0.2,43.0
2021-12-25,Raahe Nahkiainen,-9.0,,
2021-12-25,Hailuoto Keskikylä,-11.7,0.4,21.0
2021-12-25,Kemi I majakka,-9.7,,
2021-12-25,Hailuoto Marjaniemi,-10.7,,
2021-12-25,Raahe Lapaluoto satama,-11.1,,
2021-12-25,Oulu lentoasema,-13.6,,
2021-12-25,Siikajoki Ruukki,-13.6,0.6,25.0
2021-12-25,Oulu Vihreäsaari satama,-13.8,,
2021-12-25,Oulu Oulunsalo Pellonpää,-13.7,0.2,23.0
2021-12-25,Vaala Pelso,-17.3,-1.0,31.0
2021-12-25,Pudasjärvi lentokenttä,-15.3,0.1,39.0
2021-12-25,Utajärvi Särkijärvi,,0.8,30.0
2021-12-25,Pudasjärvi Jaurakkajärvi,,0.9,37.0
2021-12-25,Suomussalmi Näljänkä,,1.8,48.0
2021-12-25,Suomussalmi Pesiö,-17.5,0.7,46.0
2021-12-25,Puolanka Kotila,,1.3,43.0
2021-12-25,Puolanka Paljakka,-17.0,0.9,45.0
2021-12-25,Kemi Kemi-Tornio lentoasema,-13.4,,
2021-12-25,Kemi Ajos,-13.8,,
2021-12-25,Tornio Kaakkuri,-13.1,-1.0,20.0
2021-12-25,Ranua lentokenttä,-13.9,0.4,30.0
2021-12-25,Pudasjärvi Sarakylä,,0.6,24.0
2021-12-25,Posio Raistakka,,0.6,34.0
2021-12-25,Taivalkoski Inkee,,0.7,36.0
2021-12-25,Taivalkoski kirkonkylä,-15.7,0.2,31.0
2021-12-25,Kuusamo lentoasema,-14.8,0.2,33.0
2021-12-25,Kuusamo Kiutaköngäs,-17.9,-1.0,32.0
2021-12-25,Kuusamo Rukatunturi,-16.1,,
2021-12-25,Kuusamo Teeriranta,,1.0,42.0
2021-12-25,Kuusamo Juuma,-15.1,,
2021-12-25,Ylitornio Meltosjärvi,-14.3,-1.0,26.0
2021-12-25,Kolari Kattilamaa,,0.2,33.0
2021-12-25,Pello kirkonkylä,-13.6,0.4,28.0
2021-12-25,Rovaniemi rautatieasema,-12.9,,
2021-12-25,Sodankylä Tähtelä,-12.4,0.2,34.0
2021-12-25,Rovaniemi Apukka,-13.7,-1.0,38.0
2021-12-25,Pelkosenniemi kirkonkylä,,0.2,41.0
2021-12-25,Kemijärvi lentokenttä,-13.2,0.1,32.0
2021-12-25,Savukoski kirkonkylä,-13.6,0.2,37.0
2021-12-25,Salla Kelloselkä,,0.5,42.0
2021-12-25,Pelkosenniemi Pyhätunturi,-14.9,,
2021-12-25,Salla kirkonkylä,-16.0,-1.0,41.0
2021-12-25,Salla Naruska,-14.3,0.2,44.0
2021-12-25,Enontekiö Kaaresuvanto,,-1.0,55.0
2021-12-25,Enontekiö lentoasema,-12.3,,
2021-12-25,Kittilä Pulju,,0.6,29.0
2021-12-25,Muonio Laukukero,-13.3,,
2021-12-25,Muonio Sammaltunturi,-12.8,,
2021-12-25,Kittilä Matorova,-12.1,,
2021-12-25,Kittilä lentoasema,-11.2,,
2021-12-25,Kittilä Kenttärova,-12.1,0.2,61.0
2021-12-25,Kittilä Pakatti,-11.7,0.3,30.0
2021-12-25,Kittilä Pokka,-12.4,0.2,56.0
2021-12-25,Sodankylä Lokka,-14.0,-1.0,32.0
2021-12-25,Sodankylä Vuotso,-12.7,-1.0,34.0
2021-12-25,Inari Saariselkä matkailukeskus,-13.1,0.4,53.0
2021-12-25,Inari Saariselkä Kaunispää,-14.1,,
2021-12-25,Inari Raja-Jooseppi Kontiojärvi,,1.1,31.0
2021-12-25,Inari Raja-Jooseppi,-13.1,,
2021-12-25,Salla Värriötunturi,-16.1,0.5,54.0
2021-12-25,Enontekiö Kilpisjärvi kyläkeskus,-9.3,-1.0,65.0
2021-12-25,Enontekiö Kilpisjärvi Saana,-12.6,,
2021-12-25,Enontekiö Näkkälä,-11.8,0.2,49.0
2021-12-25,Inari Angeli Lintupuoliselkä,-12.1,0.2,32.0
2021-12-25,Inari Ivalo lentoasema,-12.3,,
2021-12-25,Utsjoki Kevo,-14.1,0.9,32.0
2021-12-25,Utsjoki Nuorgam,-13.8,3.0,33.0
2021-12-25,Inari Väylä,-12.0,,
2021-12-25,Inari kirkonkylä,,2.2,29.0
2021-12-25,Inari Kaamanen,-10.7,1.1,32.0
2021-12-25,Inari Nellim,-16.2,0.4,28.0
2021-12-25,Inari Kirakkajärvi,-10.1,4.2,72.0
2021-12-25,Mäntsälä Hirvihaara,-13.0,0.5,6.0
2021-12-25,Lahti Sopenkorpi,-12.5,0.9,12.0
2021-12-25,Siuntio Sjundby,,0.5,3.0
2021-12-25,Sipoo Itätoukki,-8.3,,
2021-12-25,Rauma Pyynpää,-7.6,4.8,11.0
2021-12-25,Muonio Oustajärvi,-14.4,0.1,37.0
2021-12-25,Pyhtää lentokenttä,-14.2,0.5,8.0
2021-12-25,Sotkamo Tuhkakylä,-22.2,-1.0,39.0
2021-12-25,Tervola Loue,-12.7,,
2021-12-25,Kajaani Petäisenniska,-18.6,0.4,30.0
2021-12-25,Utsjoki Kevo Kevojärvi,-16.8,,
2021-12-25,Inari Seitalaassa,-12.2,,
2021-12-25,Ilmajoki Seinäjoki lentoasema,-10.5,,
2021-12-25,Rovaniemi lentoasema AWOS,-13.6,0.1,29.0
2021-12-25,Jyväskylä lentoasema AWOS,-17.2,1.4,19.0
2021-12-25,Puumala kirkonkylä,-20.3,-1.0,25.0
2021-12-25,Helsinki Vuosaari satama,-10.9,,
2021-12-25,Maarianhamina Länsisatama,-3.3,,
2021-12-25,Lumparland Långnäs satama,-3.2,4.1,19.0
2021-12-25,Tampere Tampella,-10.2,,
2021-12-25,Kittilä Lompolonvuoma,-11.5,-1.0,
2021-12-25,Kuusamo Ruka Talvijärvi,-15.3,,
2021-12-25,Espoo Nuuksio,-12.8,0.1,9.0
2021-12-25,Mikkeli Lentoasema AWOS,-19.4,0.3,31.0
2021-12-25,Espoo Tapiola,-11.3,-1.0,4.0
2021-12-26,Porvoo Kilpilahti satama,-13.5,,
2021-12-26,Jomala Maarianhamina lentoasema,-4.6,,
2021-12-26,Parainen Utö,-4.4,0.3,3.0
2021-12-26,Lemland Nyhamn,-2.5,,
2021-12-26,Jomala Jomalaby,-4.4,-1.0,22.0
2021-12-26,Hammarland Märket,-2.1,,
2021-12-26,Kökar Bogskär,-2.3,,
2021-12-26,Parainen Fagerholm,-6.0,-1.0,
2021-12-26,Kumlinge kirkonkylä,-4.4,,
2021-12-26,Hanko Russarö,-7.2,-1.0,
2021-12-26,Kaarina Yltöinen,-14.0,0.2,9.0
2021-12-26,Kemiönsaari Vänö,-6.1,,
2021-12-26,Hanko Tulliniemi,-7.5,,
2021-12-26,Turku Rajakari,-8.1,,
2021-12-26,Turku Artukainen,-13.5,0.2,21.0
2021-12-26,Kemiönsaari Kemiö,-13.4,-1.0,15.0
2021-12-26,Hanko Tvärminne,-11.1,-1.0,13.0
2021-12-26,Salo Kärkkä,-14.7,0.1,
2021-12-26,Lohja Leppäkorpi,,0.4,10.0
2021-12-26,Raasepori Jussarö,-10.6,,
2021-12-26,Salo Kiikala lentokenttä,-15.3,-1.0,7.0
2021-12-26,Vantaa Helsinki-Vantaan lentoasema,-14.8,0.1,6.0
2021-12-26,Inkoo Bågaskär,-11.8,,
2021-12-26,Helsinki Kaisaniemi,-13.2,-1.0,3.0
2021-12-26,Lohja Porla,-14.0,-1.0,7.0
2021-12-26,Vihti Maasoja,-16.9,,
2021-12-26,Helsinki Harmaja,-10.8,,
2021-12-26,Kirkkonummi Mäkiluoto,-10.0,,
2021-12-26,Helsinki Helsingin majakka,-9.8,,
2021-12-26,Helsinki Kumpula,-13.9,-1.0,5.0
2021-12-26,Helsinki Malmi lentokenttä,-14.6,,
2021-12-26,Porvoo Kalbådagrund,-10.1,,
2021-12-26,Porvoo Emäsalo,-12.5,,
2021-12-26,Porvoo Harabacka,-14.8,-1.0,9.0
2021-12-26,Kotka Rankki,-14.2,-1.0,8.0
2021-12-26,Loviisa Orrengrund,-12.1,,
2021-12-26,Kotka Haapasaari,-12.9,,
2021-12-26,Pori lentoasema,-12.6,,
2021-12-26,Uusikaupunki Itätulli,,2.3,20.0
2021-12-26,Kustavi Isokari,-5.1,1.5,
2021-12-26,Rauma Kylmäpihlaja,-7.0,,
2021-12-26,Pori rautatieasema,-12.8,-1.0,7.0
2021-12-26,Turku lentoasema,-13.3,,
2021-12-26,Kokemäki Rausenkulma,,0.0,5.0
2021-12-26,Huittinen Sallila,,0.1,6.0
2021-12-26,Oripää Teinikivi,,-1.0,6.0
2021-12-26,Pöytyä Yläne,,1.0,7.0
2021-12-26,Kokemäki Tulkkila,-14.7,-1.0,5.0
2021-12-26,Jokioinen Ilmala,-15.6,-1.0,7.0
2021-12-26,Nokia Tottijärvi,,-1.0,7.0
2021-12-26,Pirkkala Tampere-Pirkkala lentoasema,-14.4,,
2021-12-26,Tampere Härmälä,-14.4,-1.0,6.0
2021-12-26,Somero Salkola,-14.3,-1.0,7.0
2021-12-26,Hyvinkää Hyvinkäänkylä,-14.2,-1.0,6.0
2021-12-26,Vihti Hiiskula,,-1.0,5.0
2021-12-26,Hämeenlinna Pirttikoski,,-1.0,8.0
2021-12-26,Nurmijärvi Röykkä,-14.6,-1.0,4.0
2021-12-26,Hämeenlinna Katinen,-14.6,-1.0,
2021-12-26,Hattula Lepaa,-15.0,-1.0,8.0
2021-12-26,Hämeenlinna Lammi Pappila,-15.4,-1.0,15.0
2021-12-26,Asikkala Pulkkilanharju,-15.2,,
2021-12-26,Kouvola Utti lentoasema,-17.4,-1.0,14.0
2021-12-26,Kouvola Anjala,-17.1,-1.0,4.0
2021-12-26,Heinola Asemantaus,-16.3,-1.0,18.0
2021-12-26,Kouvola Voikoski,,-1.0,21.0
2021-12-26,Virolahti Koivuniemi,-17.2,-1.0,10.0
2021-12-26,Lappeenranta lentoasema,-18.4,,
2021-12-26,Lappeenranta Konnunsuo,-18.5,,
2021-12-26,Lappeenranta Lepola,-18.2,-1.0,15.0
2021-12-26,Ruokolahti Kotaniemi,,0.3,32.0
2021-12-26,Lappeenranta Hiekkapakka,-18.4,,
2021-12-26,Parikkala Koitsanlahti,-19.0,-1.0,34.0
2021-12-26,Kaskinen Sälgrund,-8.8,-1.0,
2021-12-26,Merikarvia Tuorila,,0.0,8.0
2021-12-26,Isojoki Kärjenkoski,,-1.0,6.0
2021-12-26,Teuva Kauppilankylä,,0.1,14.0
2021-12-26,Pori Tahkoluoto satama,-6.8,,
2021-12-26,Kristiinankaupunki Majakka,-6.9,,
2021-12-26,Karvia Alkkia,-14.1,-1.0,23.0
2021-12-26,Kurikka Hirvijärvi,,0.8,14.0
2021-12-26,Kauhajoki Kuja-Kokko,-14.4,-1.0,17.0
2021-12-26,Kankaanpää Niinisalo lentokenttä,-15.1,-1.0,17.0
2021-12-26,Alavus Sulkavankylä,,0.3,15.0
2021-12-26,Virrat Äijänneva,-14.1,,
2021-12-26,Tampere Siilinkari,-13.1,,
2021-12-26,Jämsä Halli lentoasema,-15.9,-1.0,19.0
2021-12-26,Juupajoki Hyytiälä,-15.3,0.1,18.0
2021-12-26,Sysmä Joutsjärvi,,0.3,18.0
2021-12-26,Jyväskylä Muuratjärvi,,0.0,25.0
2021-12-26,Luhanka Judinsalo,-16.5,,
2021-12-26,Multia Pirttiperä,,0.3,24.0
2021-12-26,Joutsa Savenaho,-19.1,-1.0,24.0
2021-12-26,Kangasniemi kirkonkylä,,0.3,34.0
2021-12-26,Joutsa Pärnämäki,,0.0,30.0
2021-12-26,Mikkeli Pitkähiekka,,-1.0,20.0
2021-12-26,Juva Partala,-18.6,,
2021-12-26,Varkaus Kosulanniemi,-17.7,0.2,29.0
2021-12-26,Savonlinna Laukansaari,,1.1,25.0
2021-12-26,Sulkava Halttula,,1.0,40.0
2021-12-26,Savonlinna lentoasema,-18.7,,
2021-12-26,Rantasalmi Rukkasluoto,-17.8,,
2021-12-26,Savonlinna Punkaharju Laukansaari,-18.4,0.1,27.0
2021-12-26,Enonkoski Simanala,,1.2,40.0
2021-12-26,Savonlinna Savonranta,,1.1,31.0
2021-12-26,Rääkkylä kirkonkylä,,0.0,31.0
2021-12-26,Tohmajärvi Kemie,-18.8,0.3,36.0
2021-12-26,Joensuu Huhtilampi,,0.7,46.0
2021-12-26,Vaasa lentoasema,-11.7,,
2021-12-26,Mustasaari Valassaaret,-7.5,,
2021-12-26,Närpiö Ylimarkku,,0.0,19.0
2021-12-26,Mustasaari Riimala,,0.7,35.0
2021-12-26,Kurikka Pyörni,,0.2,40.0
2021-12-26,Korsnäs Bredskäret,-9.3,,
2021-12-26,Maalahti Strömmingsbådan,-6.1,,
2021-12-26,Vaasa Klemettilä,-10.9,1.2,52.0
2021-12-26,Seinäjoki Pelmaa,-13.3,0.2,29.0
2021-12-26,Kauhava lentokenttä,-16.4,0.2,23.0
2021-12-26,Ähtäri Inha,-15.9,-1.0,35.0
2021-12-26,Halsua Purola,-18.4,1.2,23.0
2021-12-26,Alajärvi Möksy,-17.3,0.3,24.0
2021-12-26,Multia Karhila,-17.2,-1.0,24.0
2021-12-26,Viitasaari Haapaniemi,-17.6,0.3,22.0
2021-12-26,Äänekoski Kalaniemi,,0.4,26.0
2021-12-26,Vesanto kirkonkylä,-19.6,-1.0,30.0
2021-12-26,Pielavesi Venetmäki,,0.4,32.0
2021-12-26,Siilinjärvi Kuopio lentoasema,-17.5,,
2021-12-26,Kuopio Maaninka,-18.0,-1.0,28.0
2021-12-26,Lapinlahti Lamminkäyrä,,0.5,31.0
2021-12-26,Suonenjoki Iisvesi,,0.4,24.0
2021-12-26,Kuopio Karttula,,0.3,31.0
2021-12-26,Kuopio Ritoniemi,-17.4,,
2021-12-26,Kuopio Savilahti,-17.6,0.4,27.0
2021-12-26,Heinävesi Palokki,,0.5,32.0
2021-12-26,Outokumpu Viuruniemi,,0.0,37.0
2021-12-26,Rautavaara Ala-Luosta,,0.2,26.0
2021-12-26,Rautavaara Ylä-Luosta,-20.2,0.3,36.0
2021-12-26,Liperi Joensuu lentoasema,-18.7,,
2021-12-26,Juuka Niemelä,-17.2,0.1,35.0
2021-12-26,Joensuu Pyhäselkä,,0.8,41.0
2021-12-26,Lieksa Koli,,0.5,42.0
2021-12-26,Liperi Tuiskavanluoto,-17.6,,
2021-12-26,Joensuu Linnunlahti,-17.7,0.1,37.0
2021-12-26,Lieksa Lampela,-17.0,-1.0,33.0
2021-12-26,Ilomantsi Naarva,,0.3,53.0
2021-12-26,Ilomantsi Pötsönvaara,-17.5,0.1,41.0
2021-12-26,Ilomantsi Mekrijärvi,-17.2,0.2,39.0
2021-12-26,Pietarsaari Kallan,-5.9,,
2021-12-26,Kokkola Tankar,-4.9,,
2021-12-26,Kruunupyy Kokkola-Pietarsaari lentoasema,-11.8,,
2021-12-26,Kaustinen Tastula,,1.5,16.0
2021-12-26,Kalajoki Ulkokalla,-6.0,,
2021-12-26,Kokkola Santahaka,-9.4,1.6,34.0
2021-12-26,Toholampi Oravala,,-1.0,20.0
2021-12-26,Kalajoki Pitkäsenkylä,,0.7,25.0
2021-12-26,Kalajoki Mehtäkylä,,0.7,25.0
2021-12-26,Toholampi Laitala,-17.0,-1.0,20.0
2021-12-26,Ylivieska lentokenttä,-18.8,0.3,24.0
2021-12-26,Ylivieska Vähäkangas,,0.7,23.0
2021-12-26,Haapavesi Mustikkamäki,-17.0,0.3,27.0
2021-12-26,Pyhäjärvi Ojakylä,-19.8,-1.0,26.0
2021-12-26,Pyhäjärvi Hiidenniemi,,0.4,26.0
2021-12-26,Kiuruvesi Korpijoki,,-1.0,22.0
2021-12-26,Siikalatva Kestilä,,0.3,30.0
2021-12-26,Kajaani lentoasema,-16.8,,
2021-12-26,Vieremä Kaarakkala,-17.3,0.2,38.0
2021-12-26,Kajaani Paltaniemi,,0.0,35.0
2021-12-26,Nurmes Valtimo,-17.0,-1.0,32.0
2021-12-26,Ristijärvi Mustavaara,,-1.0,40.0
2021-12-26,Sotkamo Kuolaniemi,-16.0,-1.0,28.0
2021-12-26,Nurmes Mujejärvi,,0.0,39.0
2021-12-26,Kuhmo Apaja,,0.0,39.0
2021-12-26,Kuhmo Kalliojoki,-16.3,0.1,43.0
2021-12-26,Raahe Nahkiainen,-7.9,,
2021-12-26,Hailuoto Keskikylä,-13.0,-1.0,21.0
2021-12-26,Kemi I majakka,-10.2,,
2021-12-26,Hailuoto Marjaniemi,-11.0,,
2021-12-26,Raahe Lapaluoto satama,-10.5,,
2021-12-26,Oulu lentoasema,-15.3,,
2021-12-26,Siikajoki Ruukki,-16.0,-1.0,27.0
2021-12-26,Oulu Vihreäsaari satama,-15.8,,
2021-12-26,Oulu Oulunsalo Pellonpää,-15.7,-1.0,23.0
2021-12-26,Vaala Pelso,-18.0,0.2,33.0
2021-12-26,Pudasjärvi lentokenttä,-16.3,-1.0,39.0
2021-12-26,Utajärvi Särkijärvi,,0.2,31.0
2021-12-26,Pudasjärvi Jaurakkajärvi,,0.1,38.0
2021-12-26,Suomussalmi Näljänkä,,0.3,48.0
2021-12-26,Suomussalmi Pesiö,-16.4,0.1,45.0
2021-12-26,Puolanka Kotila,,0.3,43.0
2021-12-26,Puolanka Paljakka,-16.4,0.2,45.0
2021-12-26,Kemi Kemi-Tornio lentoasema,-20.0,,
2021-12-26,Kemi Ajos,-17.1,,
2021-12-26,Tornio Kaakkuri,-16.4,-1.0,19.0
2021-12-26,Ranua lentokenttä,-16.9,-1.0,30.0
2021-12-26,Pudasjärvi Sarakylä,,0.1,24.0
2021-12-26,Posio Raistakka,,0.1,34.0
2021-12-26,Taivalkoski Inkee,,0.0,36.0
2021-12-26,Taivalkoski kirkonkylä,-16.9,-1.0,31.0
2021-12-26,Kuusamo lentoasema,-15.0,-1.0,33.0
2021-12-26,Kuusamo Kiutaköngäs,-19.0,-1.0,31.0
2021-12-26,Kuusamo Rukatunturi,-15.4,,
2021-12-26,Kuusamo Teeriranta,,-1.0,42.0
2021-12-26,Kuusamo Juuma,-15.4,,
2021-12-26,Ylitornio Meltosjärvi,-19.6,-1.0,25.0
2021-12-26,Kolari Kattilamaa,,-1.0,33.0
2021-12-26,Pello kirkonkylä,-17.2,-1.0,28.0
2021-12-26,Rovaniemi rautatieasema,-16.6,,
2021-12-26,Sodankylä Tähtelä,-15.1,-1.0,35.0
2021-12-26,Rovaniemi Apukka,-17.1,-1.0,35.0
2021-12-26,Pelkosenniemi kirkonkylä,,-1.0,41.0
2021-12-26,Kemijärvi lentokenttä,-14.2,-1.0,31.0
2021-12-26,Savukoski kirkonkylä,-14.0,0.1,37.0
2021-12-26,Salla Kelloselkä,,0.1,42.0
2021-12-26,Pelkosenniemi Pyhätunturi,-14.4,,
2021-12-26,Salla kirkonkylä,-18.4,0.3,38.0
2021-12-26,Salla Naruska,-14.6,-1.0,44.0
2021-12-26,Enontekiö Kaaresuvanto,,-1.0,55.0
2021-12-26,Enontekiö lentoasema,-11.4,,
2021-12-26,Kittilä Pulju,,-1.0,29.0
2021-12-26,Muonio Laukukero,-11.9,,
2021-12-26,Muonio Sammaltunturi,-11.2,,
2021-12-26,Kittilä Matorova,-11.2,,
2021-12-26,Kittilä lentoasema,-11.2,,
2021-12-26,Kittilä Kenttärova,-11.5,-1.0,62.0
2021-12-26,Kittilä Pakatti,-11.9,0.1,31.0
2021-12-26,Kittilä Pokka,-11.7,-1.0,56.0
2021-12-26,Sodankylä Lokka,-14.5,-1.0,32.0
2021-12-26,Sodankylä Vuotso,-10.5,0.1,34.0
2021-12-26,Inari Saariselkä matkailukeskus,-9.5,0.4,52.0
2021-12-26,Inari Saariselkä Kaunispää,-10.3,,
2021-12-26,Inari Raja-Jooseppi Kontiojärvi,,-1.0,33.0
2021-12-26,Inari Raja-Jooseppi,-10.9,,
2021-12-26,Salla Värriötunturi,-12.8,0.4,52.0
2021-12-26,Enontekiö Kilpisjärvi kyläkeskus,-10.3,-1.0,62.0
2021-12-26,Enontekiö Kilpisjärvi Saana,-12.3,,
2021-12-26,Enontekiö Näkkälä,-11.6,0.2,51.0
2021-12-26,Inari Angeli Lintupuoliselkä,-9.7,0.1,33.0
2021-12-26,Inari Ivalo lentoasema,-11.7,,
2021-12-26,Utsjoki Kevo,-9.1,0.2,34.0
2021-12-26,Utsjoki Nuorgam,-7.1,-1.0,37.0
2021-12-26,Inari Väylä,-9.1,,
2021-12-26,Inari kirkonkylä,,0.5,30.0
2021-12-26,Inari Kaamanen,-8.8,0.4,33.0
2021-12-26,Inari Nellim,-15.8,-1.0,29.0
2021-12-26,Inari Kirakkajärvi,-7.0,8.5,72.0
2021-12-26,Mäntsälä Hirvihaara,-14.5,-1.0,7.0
2021-12-26,Lahti Sopenkorpi,-14.7,-1.0,14.0
2021-12-26,Siuntio Sjundby,,0.1,3.0
2021-12-26,Sipoo Itätoukki,-10.7,,
2021-12-26,Rauma Pyynpää,-11.8,1.0,15.0
2021-12-26,Muonio Oustajärvi,-14.0,0.2,37.0
2021-12-26,Pyhtää lentokenttä,-15.9,-1.0,9.0
2021-12-26,Sotkamo Tuhkakylä,-17.5,0.3,40.0
2021-12-26,Tervola Loue,-17.7,,
2021-12-26,Kajaani Petäisenniska,-17.3,0.1,30.0
2021-12-26,Utsjoki Kevo Kevojärvi,-12.4,,
2021-12-26,Inari Seitalaassa,-8.5,,
2021-12-26,Ilmajoki Seinäjoki lentoasema,-13.3,,
2021-12-26,Rovaniemi lentoasema AWOS,-15.4,-1.0,26.0
2021-12-26,Jyväskylä lentoasema AWOS,-17.2,-1.0,22.0
2021-12-26,Puumala kirkonkylä,-18.6,-1.0,26.0
2021-12-26,Helsinki Vuosaari satama,-13.0,,
2021-12-26,Maarianhamina Länsisatama,-4.0,,
2021-12-26,Lumparland Långnäs satama,-4.1,0.1,19.0
2021-12-26,Tampere Tampella,-12.9,,
2021-12-26,Kittilä Lompolonvuoma,-12.3,-1.0,
2021-12-26,Kuusamo Ruka Talvijärvi,-14.9,,
2021-12-26,Espoo Nuuksio,-14.8,-1.0,8.0
2021-12-26,Mikkeli Lentoasema AWOS,-18.8,-1.0,31.0
2021-12-26,Espoo Tapiola,-13.6,-1.0,5.0
2021-12-27,Porvoo Kilpilahti satama,-12.3,,
2021-12-27,Jomala Maarianhamina lentoasema,-9.7,,
2021-12-27,Parainen Utö,-0.9,-1.0,2.0
2021-12-27,Lemland Nyhamn,-1.3,,
2021-12-27,Jomala Jomalaby,-7.8,-1.0,21.0
2021-12-27,Hammarland Märket,-3.4,,
2021-12-27,Kökar Bogskär,-1.0,,
2021-12-27,Parainen Fagerholm,-1.6,-1.0,
2021-12-27,Kumlinge kirkonkylä,-1.2,,
2021-12-27,Hanko Russarö,-2.1,0.1,
2021-12-27,Kaarina Yltöinen,-9.8,-1.0,7.0
2021-12-27,Kemiönsaari Vänö,-1.4,,
2021-12-27,Hanko Tulliniemi,-2.2,,
2021-12-27,Turku Rajakari,-3.6,,
2021-12-27,Turku Artukainen,-8.3,-1.0,16.0
2021-12-27,Kemiönsaari Kemiö,-9.1,-1.0,13.0
2021-12-27,Hanko Tvärminne,-5.1,-1.0,11.0
2021-12-27,Salo Kärkkä,-13.0,-1.0,
2021-12-27,Lohja Leppäkorpi,,-1.0,10.0
2021-12-27,Raasepori Jussarö,-4.3,,
2021-12-27,Salo Kiikala lentokenttä,-14.9,-1.0,6.0
2021-12-27,Vantaa Helsinki-Vantaan lentoasema,-15.5,0.1,7.0
2021-12-27,Inkoo Bågaskär,-6.7,,
2021-12-27,Helsinki Kaisaniemi,-12.5,-1.0,3.0
2021-12-27,Lohja Porla,-14.7,-1.0,7.0
2021-12-27,Vihti Maasoja,-20.4,,
2021-12-27,Helsinki Harmaja,-8.4,,
2021-12-27,Kirkkonummi Mäkiluoto,-5.8,,
2021-12-27,Helsinki Helsingin majakka,-5.5,,
2021-12-27,Helsinki Kumpula,-13.2,0.0,5.0
2021-12-27,Helsinki Malmi lentokenttä,-16.8,,
2021-12-27,Porvoo Kalbådagrund,-6.6,,
2021-12-27,Porvoo Emäsalo,-10.7,,
2021-12-27,Porvoo Harabacka,-14.8,-1.0,9.0
2021-12-27,Kotka Rankki,-11.7,-1.0,8.0
2021-12-27,Loviisa Orrengrund,-9.9,,
2021-12-27,Kotka Haapasaari,-9.9,,
2021-12-27,Pori lentoasema,-12.3,,
2021-12-27,Uusikaupunki Itätulli,,-1.0,25.0
2021-12-27,Kustavi Isokari,-1.3,-1.0,
2021-12-27,Rauma Kylmäpihlaja,-4.5,,
2021-12-27,Pori rautatieasema,-11.8,0.1,6.0
2021-12-27,Turku lentoasema,-9.4,,
2021-12-27,Kokemäki Rausenkulma,,-1.0,5.0
2021-12-27,Huittinen Sallila,,-1.0,6.0
2021-12-27,Oripää Teinikivi,,-1.0,6.0
2021-12-27,Pöytyä Yläne,,-1.0,8.0
2021-12-27,Kokemäki Tulkkila,-14.9,-1.0,4.0
2021-12-27,Jokioinen Ilmala,-16.8,-1.0,6.0
2021-12-27,Nokia Tottijärvi,,-1.0,7.0
2021-12-27,Pirkkala Tampere-Pirkkala lentoasema,-10.4,,
2021-12-27,Tampere Härmälä,-10.0,-1.0,5.0
2021-12-27,Somero Salkola,-14.0,-1.0,7.0
2021-12-27,Hyvinkää Hyvinkäänkylä,-14.5,-1.0,5.0
2021-12-27,Vihti Hiiskula,,-1.0,5.0
2021-12-27,Hämeenlinna Pirttikoski,,-1.0,8.0
2021-12-27,Nurmijärvi Röykkä,-13.9,-1.0,4.0
2021-12-27,Hämeenlinna Katinen,-11.3,-1.0,
2021-12-27,Hattula Lepaa,-10.6,-1.0,8.0
2021-12-27,Hämeenlinna Lammi Pappila,-12.3,-1.0,14.0
2021-12-27,Asikkala Pulkkilanharju,-14.8,,
2021-12-27,Kouvola Utti lentoasema,-14.9,0.1,15.0
2021-12-27,Kouvola Anjala,-17.6,-1.0,7.0
2021-12-27,Heinola Asemantaus,-15.2,-1.0,18.0
2021-12-27,Kouvola Voikoski,,-1.0,21.0
2021-12-27,Virolahti Koivuniemi,-17.4,-1.0,10.0
2021-12-27,Lappeenranta lentoasema,-14.1,,
2021-12-27,Lappeenranta Konnunsuo,-16.2,,
2021-12-27,Lappeenranta Lepola,-12.5,-1.0,16.0
2021-12-27,Ruokolahti Kotaniemi,,0.1,32.0
2021-12-27,Lappeenranta Hiekkapakka,-13.0,,
2021-12-27,Parikkala Koitsanlahti,-13.4,-1.0,35.0
2021-12-27,Kaskinen Sälgrund,-7.3,-1.0,
2021-12-27,Merikarvia Tuorila,,-1.0,8.0
2021-12-27,Isojoki Kärjenkoski,,0.1,6.0
2021-12-27,Teuva Kauppilankylä,,0.1,11.0
2021-12-27,Pori Tahkoluoto satama,-6.3,,
2021-12-27,Kristiinankaupunki Majakka,-5.4,,
2021-12-27,Karvia Alkkia,-11.2,-1.0,21.0
2021-12-27,Kurikka Hirvijärvi,,-1.0,15.0
2021-12-27,Kauhajoki Kuja-Kokko,-10.9,-1.0,16.0
2021-12-27,Kankaanpää Niinisalo lentokenttä,-11.9,-1.0,16.0
2021-12-27,Alavus Sulkavankylä,,-1.0,16.0
2021-12-27,Virrat Äijänneva,-11.2,,
2021-12-27,Tampere Siilinkari,-10.1,,
2021-12-27,Jämsä Halli lentoasema,-12.0,-1.0,18.0
2021-12-27,Juupajoki Hyytiälä,-11.7,0.0,17.0
2021-12-27,Sysmä Joutsjärvi,,0.0,18.0
2021-12-27,Jyväskylä Muuratjärvi,,0.0,24.0
2021-12-27,Luhanka Judinsalo,-12.7,,
2021-12-27,Multia Pirttiperä,,-1.0,24.0
2021-12-27,Joutsa Savenaho,-13.6,-1.0,23.0
2021-12-27,Kangasniemi kirkonkylä,,0.1,34.0
2021-12-27,Joutsa Pärnämäki,,0.0,30.0
2021-12-27,Mikkeli Pitkähiekka,,0.0,20.0
2021-12-27,Juva Partala,-12.8,,
2021-12-27,Varkaus Kosulanniemi,-10.5,-1.0,30.0
2021-12-27,Savonlinna Laukansaari,,0.2,26.0
2021-12-27,Sulkava Halttula,,-1.0,41.0
2021-12-27,Savonlinna lentoasema,-11.6,,
2021-12-27,Rantasalmi Rukkasluoto,-11.3,,
2021-12-27,Savonlinna Punkaharju Laukansaari,-12.4,-1.0,28.0
2021-12-27,Enonkoski Simanala,,-1.0,40.0
2021-12-27,Savonlinna Savonranta,,0.2,33.0
2021-12-27,Rääkkylä kirkonkylä,,0.8,31.0
2021-12-27,Tohmajärvi Kemie,-16.0,-1.0,37.0
2021-12-27,Joensuu Huhtilampi,,0.1,45.0
2021-12-27,Vaasa lentoasema,-16.2,,
2021-12-27,Mustasaari Valassaaret,-5.4,,
2021-12-27,Närpiö Ylimarkku,,-1.0,20.0
2021-12-27,Mustasaari Riimala,,-1.0,35.0
2021-12-27,Kurikka Pyörni,,0.1,40.0
2021-12-27,Korsnäs Bredskäret,-13.4,,
2021-12-27,Maalahti Strömmingsbådan,-3.1,,
2021-12-27,Vaasa Klemettilä,-15.5,-1.0,50.0
2021-12-27,Seinäjoki Pelmaa,-11.8,-1.0,27.0
2021-12-27,Kauhava lentokenttä,-12.2,-1.0,23.0
2021-12-27,Ähtäri Inha,-10.2,-1.0,33.0
2021-12-27,Halsua Purola,-8.6,0.0,24.0
2021-12-27,Alajärvi Möksy,-9.4,-1.0,26.0
2021-12-27,Multia Karhila,-10.4,-1.0,23.0
2021-12-27,Viitasaari Haapaniemi,-9.1,-1.0,22.0
2021-12-27,Äänekoski Kalaniemi,,-1.0,28.0
2021-12-27,Vesanto kirkonkylä,-10.8,-1.0,30.0
2021-12-27,Pielavesi Venetmäki,,0.1,33.0
2021-12-27,Siilinjärvi Kuopio lentoasema,-10.5,,
2021-12-27,Kuopio Maaninka,-10.0,-1.0,29.0
2021-12-27,Lapinlahti Lamminkäyrä,,0.2,32.0
2021-12-27,Suonenjoki Iisvesi,,0.1,25.0
2021-12-27,Kuopio Karttula,,0.2,32.0
2021-12-27,Kuopio Ritoniemi,-10.4,,
2021-12-27,Kuopio Savilahti,-10.1,-1.0,28.0
2021-12-27,Heinävesi Palokki,,0.1,33.0
2021-12-27,Outokumpu Viuruniemi,,1.4,37.0
2021-12-27,Rautavaara Ala-Luosta,,0.3,26.0
2021-12-27,Rautavaara Ylä-Luosta,-17.7,0.2,36.0
2021-12-27,Liperi Joensuu lentoasema,-15.9,,
2021-12-27,Juuka Niemelä,-18.5,-1.0,35.0
2021-12-27,Joensuu Pyhäselkä,,0.1,42.0
2021-12-27,Lieksa Koli,,0.1,42.0
2021-12-27,Liperi Tuiskavanluoto,-16.1,,
2021-12-27,Joensuu Linnunlahti,-16.6,-1.0,37.0
2021-12-27,Lieksa Lampela,-18.8,0.1,32.0
2021-12-27,Ilomantsi Naarva,,0.5,50.0
2021-12-27,Ilomantsi Pötsönvaara,-18.9,0.3,40.0
2021-12-27,Ilomantsi Mekrijärvi,-18.2,0.2,38.0
2021-12-27,Pietarsaari Kallan,-5.7,,
2021-12-27,Kokkola Tankar,-6.1,,
2021-12-27,Kruunupyy Kokkola-Pietarsaari lentoasema,-9.8,,
2021-12-27,Kaustinen Tastula,,-1.0,18.0
2021-12-27,Kalajoki Ulkokalla,-4.5,,
2021-12-27,Kokkola Santahaka,-8.0,-1.0,33.0
2021-12-27,Toholampi Oravala,,-1.0,20.0
2021-12-27,Kalajoki Pitkäsenkylä,,-1.0,25.0
2021-12-27,Kalajoki Mehtäkylä,,-1.0,26.0
2021-12-27,Toholampi Laitala,-7.9,-1.0,22.0
2021-12-27,Ylivieska lentokenttä,-7.9,-1.0,23.0
2021-12-27,Ylivieska Vähäkangas,,-1.0,24.0
2021-12-27,Haapavesi Mustikkamäki,-9.0,-1.0,27.0
2021-12-27,Pyhäjärvi Ojakylä,-9.2,-1.0,25.0
2021-12-27,Pyhäjärvi Hiidenniemi,,0.2,26.0
2021-12-27,Kiuruvesi Korpijoki,,0.0,22.0
2021-12-27,Siikalatva Kestilä,,0.2,30.0
2021-12-27,Kajaani lentoasema,-12.7,,
2021-12-27,Vieremä Kaarakkala,-12.1,0.5,40.0
2021-12-27,Kajaani Paltaniemi,,0.3,35.0
2021-12-27,Nurmes Valtimo,-19.5,0.1,31.0
2021-12-27,Ristijärvi Mustavaara,,0.4,40.0
2021-12-27,Sotkamo Kuolaniemi,-13.3,-1.0,27.0
2021-12-27,Nurmes Mujejärvi,,0.8,37.0
2021-12-27,Kuhmo Apaja,,0.2,38.0
2021-12-27,Kuhmo Kalliojoki,-19.5,0.2,40.0
2021-12-27,Raahe Nahkiainen,-4.6,,
2021-12-27,Hailuoto Keskikylä,-12.1,-1.0,20.0
2021-12-27,Kemi I majakka,-5.9,,
2021-12-27,Hailuoto Marjaniemi,-6.6,,
2021-12-27,Raahe Lapaluoto satama,-6.4,,
2021-12-27,Oulu lentoasema,-14.1,,
2021-12-27,Siikajoki Ruukki,-11.2,-1.0,26.0
2021-12-27,Oulu Vihreäsaari satama,-12.5,,
2021-12-27,Oulu Oulunsalo Pellonpää,-15.7,-1.0,22.0
2021-12-27,Vaala Pelso,-13.9,0.3,31.0
2021-12-27,Pudasjärvi lentokenttä,-13.8,-1.0,38.0
2021-12-27,Utajärvi Särkijärvi,,0.1,30.0
2021-12-27,Pudasjärvi Jaurakkajärvi,,0.3,38.0
2021-12-27,Suomussalmi Näljänkä,,1.0,48.0
2021-12-27,Suomussalmi Pesiö,-14.7,0.4,41.0
2021-12-27,Puolanka Kotila,,0.4,43.0
2021-12-27,Puolanka Paljakka,-15.0,0.2,45.0
2021-12-27,Kemi Kemi-Tornio lentoasema,-22.4,,
2021-12-27,Kemi Ajos,-16.1,,
2021-12-27,Tornio Kaakkuri,-18.9,-1.0,20.0
2021-12-27,Ranua lentokenttä,-19.2,-1.0,27.0
2021-12-27,Pudasjärvi Sarakylä,,0.4,24.0
2021-12-27,Posio Raistakka,,0.1,34.0
2021-12-27,Taivalkoski Inkee,,0.0,35.0
2021-12-27,Taivalkoski kirkonkylä,-18.9,0.2,31.0
2021-12-27,Kuusamo lentoasema,-13.9,-1.0,33.0
2021-12-27,Kuusamo Kiutaköngäs,-15.0,-1.0,31.0
2021-12-27,Kuusamo Rukatunturi,-14.5,,
2021-12-27,Kuusamo Teeriranta,,-1.0,42.0
2021-12-27,Kuusamo Juuma,-14.2,,
2021-12-27,Ylitornio Meltosjärvi,-22.9,-1.0,25.0
2021-12-27,Kolari Kattilamaa,,-1.0,33.0
2021-12-27,Pello kirkonkylä,-19.4,-1.0,27.0
2021-12-27,Rovaniemi rautatieasema,-16.3,,
2021-12-27,Sodankylä Tähtelä,-20.8,-1.0,34.0
2021-12-27,Rovaniemi Apukka,-17.4,-1.0,33.0
2021-12-27,Pelkosenniemi kirkonkylä,,0.1,32.0
2021-12-27,Kemijärvi lentokenttä,-16.3,-1.0,30.0
2021-12-27,Savukoski kirkonkylä,-14.4,0.2,36.0
2021-12-27,Salla Kelloselkä,,0.2,42.0
2021-12-27,Pelkosenniemi Pyhätunturi,-12.4,,
2021-12-27,Salla kirkonkylä,-12.9,-1.0,38.0
2021-12-27,Salla Naruska,-12.5,-1.0,43.0
2021-12-27,Enontekiö Kaaresuvanto,,-1.0,55.0
2021-12-27,Enontekiö lentoasema,-15.3,,
2021-12-27,Kittilä Pulju,,-1.0,29.0
2021-12-27,Muonio Laukukero,-10.6,,
2021-12-27,Muonio Sammaltunturi,-10.1,,
2021-12-27,Kittilä Matorova,-9.7,,
2021-12-27,Kittilä lentoasema,-19.3,,
2021-12-27,Kittilä Kenttärova,-11.1,-1.0,62.0
2021-12-27,Kittilä Pakatti,-18.4,-1.0,31.0
2021-12-27,Kittilä Pokka,-22.2,-1.0,56.0
2021-12-27,Sodankylä Lokka,-14.3,-1.0,32.0
2021-12-27,Sodankylä Vuotso,-19.1,-1.0,32.0
2021-12-27,Inari Saariselkä matkailukeskus,-18.9,-1.0,51.0
2021-12-27,Inari Saariselkä Kaunispää,-12.4,,
2021-12-27,Inari Raja-Jooseppi Kontiojärvi,,-1.0,33.0
2021-12-27,Inari Raja-Jooseppi,-14.4,,
2021-12-27,Salla Värriötunturi,-13.3,0.6,52.0
2021-12-27,Enontekiö Kilpisjärvi kyläkeskus,-15.7,-1.0,59.0
2021-12-27,Enontekiö Kilpisjärvi Saana,-10.9,,
2021-12-27,Enontekiö Näkkälä,-15.5,-1.0,51.0
2021-12-27,Inari Angeli Lintupuoliselkä,-13.6,-1.0,33.0
2021-12-27,Inari Ivalo lentoasema,-18.2,,
2021-12-27,Utsjoki Kevo,-24.9,-1.0,33.0
2021-12-27,Utsjoki Nuorgam,-19.8,-1.0,36.0
2021-12-27,Inari Väylä,-20.5,,
2021-12-27,Inari kirkonkylä,,-1.0,29.0
2021-12-27,Inari Kaamanen,-20.5,-1.0,33.0
2021-12-27,Inari Nellim,-22.4,-1.0,28.0
2021-12-27,Inari Kirakkajärvi,-22.8,-1.0,76.0
2021-12-27,Mäntsälä Hirvihaara,-13.7,-1.0,8.0
2021-12-27,Lahti Sopenkorpi,-15.6,-1.0,12.0
2021-12-27,Siuntio Sjundby,,-1.0,3.0
2021-12-27,Sipoo Itätoukki,-8.4,,
2021-12-27,Rauma Pyynpää,-8.3,-1.0,14.0
2021-12-27,Muonio Oustajärvi,-17.8,-1.0,37.0
2021-12-27,Pyhtää lentokenttä,-17.2,-1.0,8.0
2021-12-27,Sotkamo Tuhkakylä,-15.3,0.1,38.0
2021-12-27,Tervola Loue,-23.6,,
2021-12-27,Kajaani Petäisenniska,-12.6,-1.0,29.0
2021-12-27,Utsjoki Kevo Kevojärvi,-27.1,,
2021-12-27,Inari Seitalaassa,-18.8,,
2021-12-27,Ilmajoki Seinäjoki lentoasema,-10.8,,
2021-12-27,Rovaniemi lentoasema AWOS,-15.0,-1.0,25.0
2021-12-27,Jyväskylä lentoasema AWOS,-10.9,-1.0,22.0
2021-12-27,Puumala kirkonkylä,-12.8,-1.0,25.0
2021-12-27,Helsinki Vuosaari satama,-12.0,,
2021-12-27,Maarianhamina Länsisatama,-4.8,,
2021-12-27,Lumparland Långnäs satama,-3.3,-1.0,17.0
2021-12-27,Tampere Tampella,-9.8,,
2021-12-27,Kittilä Lompolonvuoma,-16.0,-1.0,
2021-12-27,Kuusamo Ruka Talvijärvi,-13.6,,
2021-12-27,Espoo Nuuksio,-14.0,-1.0,9.0
2021-12-27,Mikkeli Lentoasema AWOS,-14.3,-1.0,31.0
2021-12-27,Espoo Tapiola,-14.7,-1.0,5.0
2021-12-28,Porvoo Kilpilahti satama,-6.6,,
2021-12-28,Jomala Maarianhamina lentoasema,0.0,,
2021-12-28,Parainen Utö,0.7,0.5,2.0
2021-12-28,Lemland Nyhamn,1.4,,
2021-12-28,Jomala Jomalaby,-0.9,1.7,19.0
2021-12-28,Hammarland Märket,0.9,,
2021-12-28,Kökar Bogskär,1.6,,
2021-12-28,Parainen Fagerholm,0.4,1.2,
2021-12-28,Kumlinge kirkonkylä,-0.1,,
2021-12-28,Hanko Russarö,-0.4,-1.0,
2021-12-28,Kaarina Yltöinen,-5.2,0.9,7.0
2021-12-28,Kemiönsaari Vänö,0.0,,
2021-12-28,Hanko Tulliniemi,-0.4,,
2021-12-28,Turku Rajakari,-1.3,,
2021-12-28,Turku Artukainen,-3.6,1.5,14.0
2021-12-28,Kemiönsaari Kemiö,-3.5,0.1,10.0
2021-12-28,Hanko Tvärminne,-2.0,-1.0,10.0
2021-12-28,Salo Kärkkä,-5.9,0.4,
2021-12-28,Lohja Leppäkorpi,,0.6,10.0
2021-12-28,Raasepori Jussarö,-1.5,,
2021-12-28,Salo Kiikala lentokenttä,-6.7,0.2,5.0
2021-12-28,Vantaa Helsinki-Vantaan lentoasema,-7.8,0.0,7.0
2021-12-28,Inkoo Bågaskär,-2.3,,
2021-12-28,Helsinki Kaisaniemi,-5.4,-1.0,3.0
2021-12-28,Lohja Porla,-6.7,-1.0,6.0
2021-12-28,Vihti Maasoja,-8.2,,
2021-12-28,Helsinki Harmaja,-3.3,,
2021-12-28,Kirkkonummi Mäkiluoto,-1.9,,
2021-12-28,Helsinki Helsingin majakka,-2.4,,
2021-12-28,Helsinki Kumpula,-6.3,0.0,5.0
2021-12-28,Helsinki Malmi lentokenttä,-6.8,,
2021-12-28,Porvoo Kalbådagrund,-3.0,,
2021-12-28,Porvoo Emäsalo,-5.0,,
2021-12-28,Porvoo Harabacka,-8.8,0.1,9.0
2021-12-28,Kotka Rankki,-5.2,-1.0,8.0
2021-12-28,Loviisa Orrengrund,-4.3,,
2021-12-28,Kotka Haapasaari,-4.6,,
2021-12-28,Pori lentoasema,-4.5,,
2021-12-28,Uusikaupunki Itätulli,,5.5,23.0
2021-12-28,Kustavi Isokari,-0.4,2.5,
2021-12-28,Rauma Kylmäpihlaja,-2.7,,
2021-12-28,Pori rautatieasema,-4.5,2.0,6.0
2021-12-28,Turku lentoasema,-3.9,,
2021-12-28,Kokemäki Rausenkulma,,4.1,5.0
2021-12-28,Huittinen Sallila,,4.9,6.0
2021-12-28,Oripää Teinikivi,,3.8,6.0
2021-12-28,Pöytyä Yläne,,3.5,8.0
2021-12-28,Kokemäki Tulkkila,-5.1,3.2,4.0
2021-12-28,Jokioinen Ilmala,-6.4,2.2,7.0
2021-12-28,Nokia Tottijärvi,,2.7,7.0
2021-12-28,Pirkkala Tampere-Pirkkala lentoasema,-6.5,,
2021-12-28,Tampere Härmälä,-6.3,1.4,6.0
2021-12-28,Somero Salkola,-6.1,0.9,7.0
2021-12-28,Hyvinkää Hyvinkäänkylä,-8.3,-1.0,6.0
2021-12-28,Vihti Hiiskula,,1.2,5.0
2021-12-28,Hämeenlinna Pirttikoski,,2.8,8.0
2021-12-28,Nurmijärvi Röykkä,-8.1,-1.0,4.0
2021-12-28,Hämeenlinna Katinen,-7.5,0.3,
2021-12-28,Hattula Lepaa,-7.2,1.0,8.0
2021-12-28,Hämeenlinna Lammi Pappila,-9.2,-1.0,14.0
2021-12-28,Asikkala Pulkkilanharju,-9.7,,
2021-12-28,Kouvola Utti lentoasema,-12.5,-1.0,14.0
2021-12-28,Kouvola Anjala,-13.1,0.1,7.0
2021-12-28,Heinola Asemantaus,-11.3,-1.0,17.0
2021-12-28,Kouvola Voikoski,,-1.0,21.0
2021-12-28,Virolahti Koivuniemi,-13.6,-1.0,10.0
2021-12-28,Lappeenranta lentoasema,-13.4,,
2021-12-28,Lappeenranta Konnunsuo,-16.6,,
2021-12-28,Lappeenranta Lepola,-13.8,0.2,15.0
2021-12-28,Ruokolahti Kotaniemi,,0.0,32.0
2021-12-28,Lappeenranta Hiekkapakka,-12.5,,
2021-12-28,Parikkala Koitsanlahti,-17.2,-1.0,34.0
2021-12-28,Kaskinen Sälgrund,-1.8,0.2,
2021-12-28,Merikarvia Tuorila,,3.4,8.0
2021-12-28,Isojoki Kärjenkoski,,1.9,6.0
2021-12-28,Teuva Kauppilankylä,,1.2,10.0
2021-12-28,Pori Tahkoluoto satama,-1.9,,
2021-12-28,Kristiinankaupunki Majakka,-1.7,,
2021-12-28,Karvia Alkkia,-5.6,0.7,20.0
2021-12-28,Kurikka Hirvijärvi,,1.7,15.0
2021-12-28,Kauhajoki Kuja-Kokko,-4.2,0.9,16.0
2021-12-28,Kankaanpää Niinisalo lentokenttä,-5.5,1.5,16.0
2021-12-28,Alavus Sulkavankylä,,0.6,15.0
2021-12-28,Virrat Äijänneva,-6.1,,
2021-12-28,Tampere Siilinkari,-5.9,,
2021-12-28,Jämsä Halli lentoasema,-7.4,1.9,18.0
2021-12-28,Juupajoki Hyytiälä,-7.1,1.9,17.0
2021-12-28,Sysmä Joutsjärvi,,0.2,19.0
2021-12-28,Jyväskylä Muuratjärvi,,1.2,24.0
2021-12-28,Luhanka Judinsalo,-8.3,,
2021-12-28,Multia Pirttiperä,,1.1,24.0
2021-12-28,Joutsa Savenaho,-8.7,0.1,23.0
2021-12-28,Kangasniemi kirkonkylä,,0.0,35.0
2021-12-28,Joutsa Pärnämäki,,-1.0,30.0
2021-12-28,Mikkeli Pitkähiekka,,0.5,20.0
2021-12-28,Juva Partala,-11.6,,
2021-12-28,Varkaus Kosulanniemi,-9.8,-1.0,32.0
2021-12-28,Savonlinna Laukansaari,,-1.0,26.0
2021-12-28,Sulkava Halttula,,0.0,41.0
2021-12-28,Savonlinna lentoasema,-12.9,,
2021-12-28,Rantasalmi Rukkasluoto,-11.7,,
2021-12-28,Savonlinna Punkaharju Laukansaari,-12.6,-1.0,28.0
2021-12-28,Enonkoski Simanala,,-1.0,40.0
2021-12-28,Savonlinna Savonranta,,-1.0,34.0
2021-12-28,Rääkkylä kirkonkylä,,0.9,32.0
2021-12-28,Tohmajärvi Kemie,-12.1,-1.0,40.0
2021-12-28,Joensuu Huhtilampi,,-1.0,46.0
2021-12-28,Vaasa lentoasema,-3.3,,
2021-12-28,Mustasaari Valassaaret,-1.3,,
2021-12-28,Närpiö Ylimarkku,,0.8,20.0
2021-12-28,Mustasaari Riimala,,1.5,35.0
2021-12-28,Kurikka Pyörni,,0.5,30.0
2021-12-28,Korsnäs Bredskäret,-2.3,,
2021-12-28,Maalahti Strömmingsbådan,0.0,,
2021-12-28,Vaasa Klemettilä,-3.3,1.7,45.0
2021-12-28,Seinäjoki Pelmaa,-4.5,0.5,25.0
2021-12-28,Kauhava lentokenttä,-5.5,0.3,22.0
2021-12-28,Ähtäri Inha,-6.7,0.9,32.0
2021-12-28,Halsua Purola,-6.5,0.7,24.0
2021-12-28,Alajärvi Möksy,-6.6,0.2,25.0
2021-12-28,Multia Karhila,-7.9,0.8,23.0
2021-12-28,Viitasaari Haapaniemi,-7.8,-1.0,22.0
2021-12-28,Äänekoski Kalaniemi,,0.3,28.0
2021-12-28,Vesanto kirkonkylä,-7.9,0.3,30.0
2021-12-28,Pielavesi Venetmäki,,-1.0,33.0
2021-12-28,Siilinjärvi Kuopio lentoasema,-7.8,,
2021-12-28,Kuopio Maaninka,-7.4,-1.0,29.0
2021-12-28,Lapinlahti Lamminkäyrä,,0.3,32.0
2021-12-28,Suonenjoki Iisvesi,,-1.0,25.0
2021-12-28,Kuopio Karttula,,-1.0,32.0
2021-12-28,Kuopio Ritoniemi,-8.1,,
2021-12-28,Kuopio Savilahti,-7.3,-1.0,28.0
2021-12-28,Heinävesi Palokki,,0.0,33.0
2021-12-28,Outokumpu Viuruniemi,,-1.0,38.0
2021-12-28,Rautavaara Ala-Luosta,,0.0,27.0
2021-12-28,Rautavaara Ylä-Luosta,-8.9,0.1,36.0
2021-12-28,Liperi Joensuu lentoasema,-11.0,,
2021-12-28,Juuka Niemelä,-8.5,-1.0,35.0
2021-12-28,Joensuu Pyhäselkä,,0.0,42.0
2021-12-28,Lieksa Koli,,0.0,41.0
2021-12-28,Liperi Tuiskavanluoto,-10.7,,
2021-12-28,Joensuu Linnunlahti,-10.9,-1.0,37.0
2021-12-28,Lieksa Lampela,-9.8,0.2,32.0
2021-12-28,Ilomantsi Naarva,,-1.0,53.0
2021-12-28,Ilomantsi Pötsönvaara,-11.6,0.1,38.0
2021-12-28,Ilomantsi Mekrijärvi,-11.3,-1.0,38.0
2021-12-28,Pietarsaari Kallan,-3.8,,
2021-12-28,Kokkola Tankar,-4.6,,
2021-12-28,Kruunupyy Kokkola-Pietarsaari lentoasema,-5.5,,
2021-12-28,Kaustinen Tastula,,0.4,19.0
2021-12-28,Kalajoki Ulkokalla,-3.8,,
2021-12-28,Kokkola Santahaka,-5.5,0.5,28.0
2021-12-28,Toholampi Oravala,,-1.0,20.0
2021-12-28,Kalajoki Pitkäsenkylä,,-1.0,25.0
2021-12-28,Kalajoki Mehtäkylä,,-1.0,26.0
2021-12-28,Toholampi Laitala,-5.8,0.2,21.0
2021-12-28,Ylivieska lentokenttä,-6.1,0.6,25.0
2021-12-28,Ylivieska Vähäkangas,,0.7,23.0
2021-12-28,Haapavesi Mustikkamäki,-6.5,-1.0,27.0
2021-12-28,Pyhäjärvi Ojakylä,-7.0,0.4,26.0
2021-12-28,Pyhäjärvi Hiidenniemi,,-1.0,26.0
2021-12-28,Kiuruvesi Korpijoki,,0.0,22.0
2021-12-28,Siikalatva Kestilä,,-1.0,30.0
2021-12-28,Kajaani lentoasema,-7.4,,
2021-12-28,Vieremä Kaarakkala,-8.4,0.0,40.0
2021-12-28,Kajaani Paltaniemi,,0.0,35.0
2021-12-28,Nurmes Valtimo,-8.4,-1.0,31.0
2021-12-28,Ristijärvi Mustavaara,,0.7,40.0
2021-12-28,Sotkamo Kuolaniemi,-8.0,0.1,28.0
2021-12-28,Nurmes Mujejärvi,,0.5,37.0
2021-12-28,Kuhmo Apaja,,0.3,38.0
2021-12-28,Kuhmo Kalliojoki,-9.0,0.3,42.0
2021-12-28,Raahe Nahkiainen,-3.8,,
2021-12-28,Hailuoto Keskikylä,-5.7,-1.0,20.0
2021-12-28,Kemi I majakka,-2.2,,
2021-12-28,Hailuoto Marjaniemi,-4.9,,
2021-12-28,Raahe Lapaluoto satama,-4.8,,
2021-12-28,Oulu lentoasema,-7.2,,
2021-12-28,Siikajoki Ruukki,-6.6,0.1,25.0
2021-12-28,Oulu Vihreäsaari satama,-6.7,,
2021-12-28,Oulu Oulunsalo Pellonpää,-8.1,-1.0,22.0
2021-12-28,Vaala Pelso,-6.7,-1.0,33.0
2021-12-28,Pudasjärvi lentokenttä,-7.8,0.7,38.0
2021-12-28,Utajärvi Särkijärvi,,0.4,30.0
2021-12-28,Pudasjärvi Jaurakkajärvi,,0.5,38.0
2021-12-28,Suomussalmi Näljänkä,,1.0,49.0
2021-12-28,Suomussalmi Pesiö,-8.1,0.5,44.0
2021-12-28,Puolanka Kotila,,0.8,43.0
2021-12-28,Puolanka Paljakka,-8.5,0.7,45.0
2021-12-28,Kemi Kemi-Tornio lentoasema,-12.4,,
2021-12-28,Kemi Ajos,-10.3,,
2021-12-28,Tornio Kaakkuri,-13.8,5.4,19.0
2021-12-28,Ranua lentokenttä,-10.3,2.2,27.0
2021-12-28,Pudasjärvi Sarakylä,,1.7,25.0
2021-12-28,Posio Raistakka,,1.9,33.0
2021-12-28,Taivalkoski Inkee,,1.4,35.0
2021-12-28,Taivalkoski kirkonkylä,-8.8,1.0,31.0
2021-12-28,Kuusamo lentoasema,-16.0,1.3,32.0
2021-12-28,Kuusamo Kiutaköngäs,-14.5,1.7,30.0
2021-12-28,Kuusamo Rukatunturi,-13.0,,
2021-12-28,Kuusamo Teeriranta,,-1.0,42.0
2021-12-28,Kuusamo Juuma,-14.7,,
2021-12-28,Ylitornio Meltosjärvi,-14.9,3.7,24.0
2021-12-28,Kolari Kattilamaa,,3.4,33.0
2021-12-28,Pello kirkonkylä,-18.6,3.8,28.0
2021-12-28,Rovaniemi rautatieasema,-15.3,,
2021-12-28,Sodankylä Tähtelä,-21.0,3.4,34.0
2021-12-28,Rovaniemi Apukka,-18.7,4.8,32.0
2021-12-28,Pelkosenniemi kirkonkylä,,2.9,33.0
2021-12-28,Kemijärvi lentokenttä,-21.4,3.0,30.0
2021-12-28,Savukoski kirkonkylä,-15.2,2.8,35.0
2021-12-28,Salla Kelloselkä,,3.0,42.0
2021-12-28,Pelkosenniemi Pyhätunturi,-10.6,,
2021-12-28,Salla kirkonkylä,-14.0,2.0,38.0
2021-12-28,Salla Naruska,-15.2,1.8,43.0
2021-12-28,Enontekiö Kaaresuvanto,,-1.0,55.0
2021-12-28,Enontekiö lentoasema,-22.2,,
2021-12-28,Kittilä Pulju,,0.4,29.0
2021-12-28,Muonio Laukukero,-11.1,,
2021-12-28,Muonio Sammaltunturi,-10.9,,
2021-12-28,Kittilä Matorova,-18.5,,
2021-12-28,Kittilä lentoasema,-21.9,,
2021-12-28,Kittilä Kenttärova,-18.8,-1.0,61.0
2021-12-28,Kittilä Pakatti,-21.8,2.1,31.0
2021-12-28,Kittilä Pokka,-23.9,-1.0,56.0
2021-12-28,Sodankylä Lokka,-18.8,1.3,31.0
2021-12-28,Sodankylä Vuotso,-23.0,0.3,34.0
2021-12-28,Inari Saariselkä matkailukeskus,-20.9,0.5,47.0
2021-12-28,Inari Saariselkä Kaunispää,-14.0,,
2021-12-28,Inari Raja-Jooseppi Kontiojärvi,,0.5,33.0
2021-12-28,Inari Raja-Jooseppi,-17.8,,
2021-12-28,Salla Värriötunturi,-16.7,0.4,48.0
2021-12-28,Enontekiö Kilpisjärvi kyläkeskus,-19.0,-1.0,58.0
2021-12-28,Enontekiö Kilpisjärvi Saana,-12.3,,
2021-12-28,Enontekiö Näkkälä,-21.4,-1.0,51.0
2021-12-28,Inari Angeli Lintupuoliselkä,-19.6,0.1,33.0
2021-12-28,Inari Ivalo lentoasema,-22.5,,
2021-12-28,Utsjoki Kevo,-29.0,-1.0,30.0
2021-12-28,Utsjoki Nuorgam,-24.6,0.2,35.0
2021-12-28,Inari Väylä,-27.3,,
2021-12-28,Inari kirkonkylä,,1.0,29.0
2021-12-28,Inari Kaamanen,-25.4,-1.0,32.0
2021-12-28,Inari Nellim,-27.8,-1.0,28.0
2021-12-28,Inari Kirakkajärvi,-29.2,0.1,72.0
2021-12-28,Mäntsälä Hirvihaara,-9.3,-1.0,7.0
2021-12-28,Lahti Sopenkorpi,-11.1,-1.0,13.0
2021-12-28,Siuntio Sjundby,,0.8,3.0
2021-12-28,Sipoo Itätoukki,-3.2,,
2021-12-28,Rauma Pyynpää,-3.7,2.9,13.0
2021-12-28,Muonio Oustajärvi,-21.4,-1.0,38.0
2021-12-28,Pyhtää lentokenttä,-11.0,-1.0,9.0
2021-12-28,Sotkamo Tuhkakylä,-8.4,-1.0,40.0
2021-12-28,Tervola Loue,-12.8,,
2021-12-28,Kajaani Petäisenniska,-7.7,-1.0,30.0
2021-12-28,Utsjoki Kevo Kevojärvi,-30.2,,
2021-12-28,Inari Seitalaassa,-24.8,,
2021-12-28,Ilmajoki Seinäjoki lentoasema,-5.2,,
2021-12-28,Rovaniemi lentoasema AWOS,-15.7,4.7,25.0
2021-12-28,Jyväskylä lentoasema AWOS,-8.1,0.4,21.0
2021-12-28,Puumala kirkonkylä,-12.7,-1.0,26.0
2021-12-28,Helsinki Vuosaari satama,-5.6,,
2021-12-28,Maarianhamina Länsisatama,0.6,,
2021-12-28,Lumparland Långnäs satama,-0.5,1.1,15.0
2021-12-28,Tampere Tampella,-5.7,,
2021-12-28,Kittilä Lompolonvuoma,-23.8,-1.0,
2021-12-28,Kuusamo Ruka Talvijärvi,-12.6,,
2021-12-28,Espoo Nuuksio,-7.3,-1.0,9.0
2021-12-28,Mikkeli Lentoasema AWOS,-13.0,-1.0,30.0
2021-12-28,Espoo Tapiola,-6.6,-1.0,5.0
2021-12-29,Porvoo Kilpilahti satama,-3.6,,
2021-12-29,Jomala Maarianhamina lentoasema,1.7,,
2021-12-29,Parainen Utö,0.9,5.2,1.0
2021-12-29,Lemland Nyhamn,2.4,,
2021-12-29,Jomala Jomalaby,1.3,2.1,17.0
2021-12-29,Hammarland Märket,1.1,,
2021-12-29,Kökar Bogskär,2.1,,
2021-12-29,Parainen Fagerholm,0.4,2.6,
2021-12-29,Kumlinge kirkonkylä,0.9,,
2021-12-29,Hanko Russarö,-2.0,0.2,
2021-12-29,Kaarina Yltöinen,-2.3,1.3,8.0
2021-12-29,Kemiönsaari Vänö,-1.0,,
2021-12-29,Hanko Tulliniemi,-1.8,,
2021-12-29,Turku Rajakari,-0.7,,
2021-12-29,Turku Artukainen,-1.6,2.3,14.0
2021-12-29,Kemiönsaari Kemiö,-2.3,1.6,12.0
2021-12-29,Hanko Tvärminne,-2.2,0.5,9.0
2021-12-29,Salo Kärkkä,-2.6,2.7,
2021-12-29,Lohja Leppäkorpi,,2.4,10.0
2021-12-29,Raasepori Jussarö,-2.4,,
2021-12-29,Salo Kiikala lentokenttä,-4.1,1.8,6.0
2021-12-29,Vantaa Helsinki-Vantaan lentoasema,-4.1,3.1,6.0
2021-12-29,Inkoo Bågaskär,-2.9,,
2021-12-29,Helsinki Kaisaniemi,-3.3,2.1,3.0
2021-12-29,Lohja Porla,-3.6,2.6,6.0
2021-12-29,Vihti Maasoja,-4.1,,
2021-12-29,Helsinki Harmaja,-3.4,,
2021-12-29,Kirkkonummi Mäkiluoto,-3.4,,
2021-12-29,Helsinki Helsingin majakka,-4.1,,
2021-12-29,Helsinki Kumpula,-3.8,4.0,5.0
2021-12-29,Helsinki Malmi lentokenttä,-3.8,,
2021-12-29,Porvoo Kalbådagrund,-4.3,,
2021-12-29,Porvoo Emäsalo,-3.7,,
2021-12-29,Porvoo Harabacka,-4.2,2.5,9.0
2021-12-29,Kotka Rankki,-3.7,0.6,8.0
2021-12-29,Loviisa Orrengrund,-3.5,,
2021-12-29,Kotka Haapasaari,-3.6,,
2021-12-29,Pori lentoasema,-1.7,,
2021-12-29,Uusikaupunki Itätulli,,1.2,26.0
2021-12-29,Kustavi Isokari,0.2,0.5,
2021-12-29,Rauma Kylmäpihlaja,-0.9,,
2021-12-29,Pori rautatieasema,-1.7,0.4,9.0
2021-12-29,Turku lentoasema,-2.1,,
2021-12-29,Kokemäki Rausenkulma,,0.8,9.0
2021-12-29,Huittinen Sallila,,0.2,10.0
2021-12-29,Oripää Teinikivi,,-1.0,9.0
2021-12-29,Pöytyä Yläne,,0.7,11.0
2021-12-29,Kokemäki Tulkkila,-2.2,0.1,9.0
2021-12-29,Jokioinen Ilmala,-3.8,0.4,9.0
2021-12-29,Nokia Tottijärvi,,0.5,11.0
2021-12-29,Pirkkala Tampere-Pirkkala lentoasema,-4.0,,
2021-12-29,Tampere Härmälä,-3.8,0.1,7.0
2021-12-29,Somero Salkola,-4.3,2.3,8.0
2021-12-29,Hyvinkää Hyvinkäänkylä,-4.3,0.9,6.0
2021-12-29,Vihti Hiiskula,,1.1,6.0
2021-12-29,Hämeenlinna Pirttikoski,,0.8,9.0
2021-12-29,Nurmijärvi Röykkä,-4.8,1.0,5.0
2021-12-29,Hämeenlinna Katinen,-4.4,2.0,
2021-12-29,Hattula Lepaa,-4.3,1.6,9.0
2021-12-29,Hämeenlinna Lammi Pappila,-5.0,1.7,14.0
2021-12-29,Asikkala Pulkkilanharju,-4.7,,
2021-12-29,Kouvola Utti lentoasema,-5.4,0.8,14.0
2021-12-29,Kouvola Anjala,-4.6,1.3,7.0
2021-12-29,Heinola Asemantaus,-5.1,0.6,17.0
2021-12-29,Kouvola Voikoski,,-1.0,21.0
2021-12-29,Virolahti Koivuniemi,-4.1,3.6,8.0
2021-12-29,Lappeenranta lentoasema,-5.3,,
2021-12-29,Lappeenranta Konnunsuo,-5.0,,
2021-12-29,Lappeenranta Lepola,-5.2,0.2,14.0
2021-12-29,Ruokolahti Kotaniemi,,0.8,32.0
2021-12-29,Lappeenranta Hiekkapakka,-5.2,,
2021-12-29,Parikkala Koitsanlahti,-5.7,0.7,36.0
2021-12-29,Kaskinen Sälgrund,-1.0,5.1,
2021-12-29,Merikarvia Tuorila,,6.9,12.0
2021-12-29,Isojoki Kärjenkoski,,4.7,7.0
2021-12-29,Teuva Kauppilankylä,,1.4,11.0
2021-12-29,Pori Tahkoluoto satama,-0.8,,
2021-12-29,Kristiinankaupunki Majakka,-0.7,,
2021-12-29,Karvia Alkkia,-3.5,1.4,21.0
2021-12-29,Kurikka Hirvijärvi,,1.2,14.0
2021-12-29,Kauhajoki Kuja-Kokko,-2.4,0.4,17.0
2021-12-29,Kankaanpää Niinisalo lentokenttä,-3.1,1.4,17.0
2021-12-29,Alavus Sulkavankylä,,0.5,16.0
2021-12-29,Virrat Äijänneva,-3.8,,
2021-12-29,Tampere Siilinkari,-3.7,,
2021-12-29,Jämsä Halli lentoasema,-5.1,0.5,20.0
2021-12-29,Juupajoki Hyytiälä,-4.8,1.2,19.0
2021-12-29,Sysmä Joutsjärvi,,0.7,19.0
2021-12-29,Jyväskylä Muuratjärvi,,1.4,25.0
2021-12-29,Luhanka Judinsalo,-4.8,,
2021-12-29,Multia Pirttiperä,,2.2,25.0
2021-12-29,Joutsa Savenaho,-5.7,2.0,23.0
2021-12-29,Kangasniemi kirkonkylä,,2.4,35.0
2021-12-29,Joutsa Pärnämäki,,2.5,30.0
2021-12-29,Mikkeli Pitkähiekka,,1.4,21.0
2021-12-29,Juva Partala,-5.3,,
2021-12-29,Varkaus Kosulanniemi,-5.0,1.8,30.0
2021-12-29,Savonlinna Laukansaari,,0.2,26.0
2021-12-29,Sulkava Halttula,,0.9,41.0
2021-12-29,Savonlinna lentoasema,-5.2,,
2021-12-29,Rantasalmi Rukkasluoto,-5.0,,
2021-12-29,Savonlinna Punkaharju Laukansaari,-5.4,0.4,27.0
2021-12-29,Enonkoski Simanala,,0.9,39.0
2021-12-29,Savonlinna Savonranta,,0.3,34.0
2021-12-29,Rääkkylä kirkonkylä,,2.0,32.0
2021-12-29,Tohmajärvi Kemie,-5.9,1.0,37.0
2021-12-29,Joensuu Huhtilampi,,1.6,46.0
2021-12-29,Vaasa lentoasema,-2.5,,
2021-12-29,Mustasaari Valassaaret,-2.0,,
2021-12-29,Närpiö Ylimarkku,,2.6,19.0
2021-12-29,Mustasaari Riimala,,1.1,32.0
2021-12-29,Kurikka Pyörni,,0.5,31.0
2021-12-29,Korsnäs Bredskäret,-1.8,,
2021-12-29,Maalahti Strömmingsbådan,-0.7,,
2021-12-29,Vaasa Klemettilä,-2.6,1.1,43.0
2021-12-29,Seinäjoki Pelmaa,-2.6,0.7,24.0
2021-12-29,Kauhava lentokenttä,-2.9,0.5,21.0
2021-12-29,Ähtäri Inha,-4.5,0.5,31.0
2021-12-29,Halsua Purola,-4.5,0.6,25.0
2021-12-29,Alajärvi Möksy,-4.4,0.7,25.0
2021-12-29,Multia Karhila,-5.4,1.0,23.0
2021-12-29,Viitasaari Haapaniemi,-5.2,0.5,22.0
2021-12-29,Äänekoski Kalaniemi,,1.0,28.0
2021-12-29,Vesanto kirkonkylä,-5.3,0.9,30.0
2021-12-29,Pielavesi Venetmäki,,1.2,33.0
2021-12-29,Siilinjärvi Kuopio lentoasema,-5.1,,
2021-12-29,Kuopio Maaninka,-5.0,0.7,29.0
2021-12-29,Lapinlahti Lamminkäyrä,,0.7,33.0
2021-12-29,Suonenjoki Iisvesi,,0.9,25.0
2021-12-29,Kuopio Karttula,,1.5,32.0
2021-12-29,Kuopio Ritoniemi,-5.1,,
2021-12-29,Kuopio Savilahti,-4.8,1.1,27.0
2021-12-29,Heinävesi Palokki,,1.9,33.0
2021-12-29,Outokumpu Viuruniemi,,1.3,37.0
2021-12-29,Rautavaara Ala-Luosta,,1.0,27.0
2021-12-29,Rautavaara Ylä-Luosta,-6.1,1.1,36.0
2021-12-29,Liperi Joensuu lentoasema,-6.0,,
2021-12-29,Juuka Niemelä,-5.6,0.8,34.0
2021-12-29,Joensuu Pyhäselkä,,1.8,42.0
2021-12-29,Lieksa Koli,,2.3,40.0
2021-12-29,Liperi Tuiskavanluoto,-5.5,,
2021-12-29,Joensuu Linnunlahti,-5.6,1.3,36.0
2021-12-29,Lieksa Lampela,-5.9,0.8,33.0
2021-12-29,Ilomantsi Naarva,,2.5,52.0
2021-12-29,Ilomantsi Pötsönvaara,-7.3,1.7,39.0
2021-12-29,Ilomantsi Mekrijärvi,-6.7,0.4,36.0
2021-12-29,Pietarsaari Kallan,-2.4,,
2021-12-29,Kokkola Tankar,-2.8,,
2021-12-29,Kruunupyy Kokkola-Pietarsaari lentoasema,-3.2,,
2021-12-29,Kaustinen Tastula,,0.3,20.0
2021-12-29,Kalajoki Ulkokalla,-2.7,,
2021-12-29,Kokkola Santahaka,-3.1,-1.0,26.0
2021-12-29,Toholampi Oravala,,-1.0,20.0
2021-12-29,Kalajoki Pitkäsenkylä,,0.7,25.0
2021-12-29,Kalajoki Mehtäkylä,,1.1,26.0
2021-12-29,Toholampi Laitala,-3.8,-1.0,21.0
2021-12-29,Ylivieska lentokenttä,-4.5,0.3,25.0
2021-12-29,Ylivieska Vähäkangas,,0.5,24.0
2021-12-29,Haapavesi Mustikkamäki,-5.1,0.4,27.0
2021-12-29,Pyhäjärvi Ojakylä,-5.2,0.4,26.0
2021-12-29,Pyhäjärvi Hiidenniemi,,0.9,26.0
2021-12-29,Kiuruvesi Korpijoki,,2.9,22.0
2021-12-29,Siikalatva Kestilä,,1.9,30.0
2021-12-29,Kajaani lentoasema,-5.6,,
2021-12-29,Vieremä Kaarakkala,-6.2,1.5,40.0
2021-12-29,Kajaani Paltaniemi,,1.2,35.0
2021-12-29,Nurmes Valtimo,-5.7,0.8,31.0
2021-12-29,Ristijärvi Mustavaara,,0.8,39.0
2021-12-29,Sotkamo Kuolaniemi,-5.9,0.8,27.0
2021-12-29,Nurmes Mujejärvi,,1.7,37.0
2021-12-29,Kuhmo Apaja,,0.7,38.0
2021-12-29,Kuhmo Kalliojoki,-6.9,0.1,41.0
2021-12-29,Raahe Nahkiainen,-3.0,,
2021-12-29,Hailuoto Keskikylä,-4.3,-1.0,19.0
2021-12-29,Kemi I majakka,-2.8,,
2021-12-29,Hailuoto Marjaniemi,-4.0,,
2021-12-29,Raahe Lapaluoto satama,-3.5,,
2021-12-29,Oulu lentoasema,-4.7,,
2021-12-29,Siikajoki Ruukki,-4.7,0.3,25.0
2021-12-29,Oulu Vihreäsaari satama,-4.4,,
2021-12-29,Oulu Oulunsalo Pellonpää,-4.9,0.1,22.0
2021-12-29,Vaala Pelso,-5.4,0.5,32.0
2021-12-29,Pudasjärvi lentokenttä,-5.9,1.0,38.0
2021-12-29,Utajärvi Särkijärvi,,0.7,31.0
2021-12-29,Pudasjärvi Jaurakkajärvi,,0.7,38.0
2021-12-29,Suomussalmi Näljänkä,,1.6,49.0
2021-12-29,Suomussalmi Pesiö,-6.8,0.7,44.0
2021-12-29,Puolanka Kotila,,0.8,43.0
2021-12-29,Puolanka Paljakka,-7.4,0.6,45.0
2021-12-29,Kemi Kemi-Tornio lentoasema,-4.8,,
2021-12-29,Kemi Ajos,-4.4,,
2021-12-29,Tornio Kaakkuri,-4.4,1.1,19.0
2021-12-29,Ranua lentokenttä,-6.5,0.7,33.0
2021-12-29,Pudasjärvi Sarakylä,,1.7,25.0
2021-12-29,Posio Raistakka,,1.7,34.0
2021-12-29,Taivalkoski Inkee,,0.8,36.0
2021-12-29,Taivalkoski kirkonkylä,-6.7,0.6,31.0
2021-12-29,Kuusamo lentoasema,-7.8,1.2,34.0
2021-12-29,Kuusamo Kiutaköngäs,-10.5,1.5,33.0
2021-12-29,Kuusamo Rukatunturi,-9.0,,
2021-12-29,Kuusamo Teeriranta,,2.1,42.0
2021-12-29,Kuusamo Juuma,-9.3,,
2021-12-29,Ylitornio Meltosjärvi,-5.8,2.9,29.0
2021-12-29,Kolari Kattilamaa,,0.9,35.0
2021-12-29,Pello kirkonkylä,-6.3,0.7,30.0
2021-12-29,Rovaniemi rautatieasema,-6.0,,
2021-12-29,Sodankylä Tähtelä,-8.7,1.5,38.0
2021-12-29,Rovaniemi Apukka,-6.4,2.6,38.0
2021-12-29,Pelkosenniemi kirkonkylä,,1.2,37.0
2021-12-29,Kemijärvi lentokenttä,-8.2,1.3,33.0
2021-12-29,Savukoski kirkonkylä,-11.1,2.3,37.0
2021-12-29,Salla Kelloselkä,,3.0,44.0
2021-12-29,Pelkosenniemi Pyhätunturi,-9.4,,
2021-12-29,Salla kirkonkylä,-9.8,1.2,40.0
2021-12-29,Salla Naruska,-15.1,2.2,45.0
2021-12-29,Enontekiö Kaaresuvanto,,2.5,55.0
2021-12-29,Enontekiö lentoasema,-14.2,,
2021-12-29,Kittilä Pulju,,1.7,29.0
2021-12-29,Muonio Laukukero,-11.6,,
2021-12-29,Muonio Sammaltunturi,-10.3,,
2021-12-29,Kittilä Matorova,-11.9,,
2021-12-29,Kittilä lentoasema,-11.8,,
2021-12-29,Kittilä Kenttärova,-11.9,1.1,63.0
2021-12-29,Kittilä Pakatti,-11.5,0.9,33.0
2021-12-29,Kittilä Pokka,-10.0,1.9,56.0
2021-12-29,Sodankylä Lokka,-10.2,2.3,36.0
2021-12-29,Sodankylä Vuotso,-10.3,3.1,35.0
2021-12-29,Inari Saariselkä matkailukeskus,-9.5,2.9,52.0
2021-12-29,Inari Saariselkä Kaunispää,-10.5,,
2021-12-29,Inari Raja-Jooseppi Kontiojärvi,,1.2,34.0
2021-12-29,Inari Raja-Jooseppi,-10.2,,
2021-12-29,Salla Värriötunturi,-11.4,1.7,49.0
2021-12-29,Enontekiö Kilpisjärvi kyläkeskus,-19.4,-1.0,56.0
2021-12-29,Enontekiö Kilpisjärvi Saana,-13.8,,
2021-12-29,Enontekiö Näkkälä,-13.7,1.2,53.0
2021-12-29,Inari Angeli Lintupuoliselkä,-13.9,3.0,33.0
2021-12-29,Inari Ivalo lentoasema,-11.5,,
2021-12-29,Utsjoki Kevo,-16.6,1.7,33.0
2021-12-29,Utsjoki Nuorgam,-15.7,1.4,35.0
2021-12-29,Inari Väylä,-15.0,,
2021-12-29,Inari kirkonkylä,,3.4,30.0
2021-12-29,Inari Kaamanen,-15.1,2.6,33.0
2021-12-29,Inari Nellim,-11.3,1.9,27.0
2021-12-29,Inari Kirakkajärvi,-16.4,3.4,64.0
2021-12-29,Mäntsälä Hirvihaara,-4.9,0.9,7.0
2021-12-29,Lahti Sopenkorpi,-5.0,1.3,13.0
2021-12-29,Siuntio Sjundby,,2.7,4.0
2021-12-29,Sipoo Itätoukki,-3.4,,
2021-12-29,Rauma Pyynpää,-1.3,0.7,15.0
2021-12-29,Muonio Oustajärvi,-13.1,0.7,39.0
2021-12-29,Pyhtää lentokenttä,-4.4,4.6,8.0
2021-12-29,Sotkamo Tuhkakylä,-6.2,0.7,40.0
2021-12-29,Tervola Loue,-5.5,,
2021-12-29,Kajaani Petäisenniska,-5.8,0.8,30.0
2021-12-29,Utsjoki Kevo Kevojärvi,-16.4,,
2021-12-29,Inari Seitalaassa,-13.7,,
2021-12-29,Ilmajoki Seinäjoki lentoasema,-3.0,,
2021-12-29,Rovaniemi lentoasema AWOS,-6.8,2.8,29.0
2021-12-29,Jyväskylä lentoasema AWOS,-5.3,0.6,21.0
2021-12-29,Puumala kirkonkylä,-5.1,-1.0,26.0
2021-12-29,Helsinki Vuosaari satama,-3.7,,
2021-12-29,Maarianhamina Länsisatama,1.8,,
2021-12-29,Lumparland Långnäs satama,1.0,1.9,13.0
2021-12-29,Tampere Tampella,-3.5,,
2021-12-29,Kittilä Lompolonvuoma,-12.3,0.8,
2021-12-29,Kuusamo Ruka Talvijärvi,-7.8,,
2021-12-29,Espoo Nuuksio,-4.7,2.6,9.0
2021-12-29,Mikkeli Lentoasema AWOS,-5.2,1.1,28.0
2021-12-29,Espoo Tapiola,-3.6,3.7,5.0
2021-12-30,Porvoo Kilpilahti satama,-2.7,,
2021-12-30,Jomala Maarianhamina lentoasema,2.9,,
2021-12-30,Parainen Utö,3.2,2.0,0.0
2021-12-30,Lemland Nyhamn,3.4,,
2021-12-30,Jomala Jomalaby,2.5,2.1,12.0
2021-12-30,Hammarland Märket,2.4,,
2021-12-30,Kökar Bogskär,3.6,,
2021-12-30,Parainen Fagerholm,2.3,2.9,
2021-12-30,Kumlinge kirkonkylä,2.4,,
2021-12-30,Hanko Russarö,0.3,2.4,
2021-12-30,Kaarina Yltöinen,-0.4,5.9,9.0
2021-12-30,Kemiönsaari Vänö,1.5,,
2021-12-30,Hanko Tulliniemi,0.4,,
2021-12-30,Turku Rajakari,1.1,,
2021-12-30,Turku Artukainen,0.7,7.2,16.0
2021-12-30,Kemiönsaari Kemiö,-0.1,4.2,16.0
2021-12-30,Hanko Tvärminne,-0.1,3.5,9.0
2021-12-30,Salo Kärkkä,-0.7,2.9,
2021-12-30,Lohja Leppäkorpi,,-1.0,10.0
2021-12-30,Raasepori Jussarö,-0.9,,
2021-12-30,Salo Kiikala lentokenttä,-2.3,1.3,9.0
2021-12-30,Vantaa Helsinki-Vantaan lentoasema,-2.9,3.2,10.0
2021-12-30,Inkoo Bågaskär,-1.5,,
2021-12-30,Helsinki Kaisaniemi,-2.1,2.6,6.0
2021-12-30,Lohja Porla,-2.1,2.6,8.0
2021-12-30,Vihti Maasoja,-2.7,,
2021-12-30,Helsinki Harmaja,-2.3,,
2021-12-30,Kirkkonummi Mäkiluoto,-2.1,,
2021-12-30,Helsinki Helsingin majakka,-3.0,,
2021-12-30,Helsinki Kumpula,-2.5,5.3,8.0
2021-12-30,Helsinki Malmi lentokenttä,-2.7,,
2021-12-30,Porvoo Kalbådagrund,-3.6,,
2021-12-30,Porvoo Emäsalo,-2.9,,
2021-12-30,Porvoo Harabacka,-3.3,2.8,11.0
2021-12-30,Kotka Rankki,-3.3,5.2,9.0
2021-12-30,Loviisa Orrengrund,-3.1,,
2021-12-30,Kotka Haapasaari,-3.2,,
2021-12-30,Pori lentoasema,0.3,,
2021-12-30,Uusikaupunki Itätulli,,4.9,21.0
2021-12-30,Kustavi Isokari,1.4,2.5,
2021-12-30,Rauma Kylmäpihlaja,1.0,,
2021-12-30,Pori rautatieasema,0.3,5.9,9.0
2021-12-30,Turku lentoasema,0.2,,
2021-12-30,Kokemäki Rausenkulma,,5.1,9.0
2021-12-30,Huittinen Sallila,,4.5,10.0
2021-12-30,Oripää Teinikivi,,-1.0,9.0
2021-12-30,Pöytyä Yläne,,4.9,12.0
2021-12-30,Kokemäki Tulkkila,-0.3,4.3,9.0
2021-12-30,Jokioinen Ilmala,-2.0,1.8,10.0
2021-12-30,Nokia Tottijärvi,,1.9,10.0
2021-12-30,Pirkkala Tampere-Pirkkala lentoasema,-2.2,,
2021-12-30,Tampere Härmälä,-2.0,2.1,8.0
2021-12-30,Somero Salkola,-2.6,2.6,11.0
2021-12-30,Hyvinkää Hyvinkäänkylä,-2.9,1.9,7.0
2021-12-30,Vihti Hiiskula,,2.2,6.0
2021-12-30,Hämeenlinna Pirttikoski,,1.2,10.0
2021-12-30,Nurmijärvi Röykkä,-3.4,1.9,7.0
2021-12-30,Hämeenlinna Katinen,-3.1,1.8,
2021-12-30,Hattula Lepaa,-2.9,1.9,12.0
2021-12-30,Hämeenlinna Lammi Pappila,-3.9,2.0,15.0
2021-12-30,Asikkala Pulkkilanharju,-4.0,,
2021-12-30,Kouvola Utti lentoasema,-4.7,3.5,16.0
2021-12-30,Kouvola Anjala,-4.0,4.2,7.0
2021-12-30,Heinola Asemantaus,-4.5,3.3,18.0
2021-12-30,Kouvola Voikoski,,5.3,21.0
2021-12-30,Virolahti Koivuniemi,-4.0,8.0,10.0
2021-12-30,Lappeenranta lentoasema,-5.3,,
2021-12-30,Lappeenranta Konnunsuo,-5.6,,
2021-12-30,Lappeenranta Lepola,-5.2,1.2,16.0
2021-12-30,Ruokolahti Kotaniemi,,2.9,32.0
2021-12-30,Lappeenranta Hiekkapakka,-5.6,,
2021-12-30,Parikkala Koitsanlahti,-6.8,2.2,36.0
2021-12-30,Kaskinen Sälgrund,0.2,6.9,
2021-12-30,Merikarvia Tuorila,,9.7,15.0
2021-12-30,Isojoki Kärjenkoski,,12.7,7.0
2021-12-30,Teuva Kauppilankylä,,9.7,12.0
2021-12-30,Pori Tahkoluoto satama,0.6,,
2021-12-30,Kristiinankaupunki Majakka,0.5,,
2021-12-30,Karvia Alkkia,-1.5,6.4,21.0
2021-12-30,Kurikka Hirvijärvi,,5.9,14.0
2021-12-30,Kauhajoki Kuja-Kokko,-0.4,4.1,17.0
2021-12-30,Kankaanpää Niinisalo lentokenttä,-1.3,5.4,17.0
2021-12-30,Alavus Sulkavankylä,,3.3,16.0
2021-12-30,Virrat Äijänneva,-2.3,,
2021-12-30,Tampere Siilinkari,-2.0,,
2021-12-30,Jämsä Halli lentoasema,-3.7,3.4,20.0
2021-12-30,Juupajoki Hyytiälä,-3.4,3.3,20.0
2021-12-30,Sysmä Joutsjärvi,,4.3,19.0
2021-12-30,Jyväskylä Muuratjärvi,,5.1,25.0
2021-12-30,Luhanka Judinsalo,-4.0,,
2021-12-30,Multia Pirttiperä,,7.4,26.0
2021-12-30,Joutsa Savenaho,-4.8,4.9,24.0
2021-12-30,Kangasniemi kirkonkylä,,6.3,35.0
2021-12-30,Joutsa Pärnämäki,,5.4,31.0
2021-12-30,Mikkeli Pitkähiekka,,5.0,23.0
2021-12-30,Juva Partala,-5.0,,
2021-12-30,Varkaus Kosulanniemi,-4.6,5.1,32.0
2021-12-30,Savonlinna Laukansaari,,4.1,26.0
2021-12-30,Sulkava Halttula,,5.4,41.0
2021-12-30,Savonlinna lentoasema,-5.5,,
2021-12-30,Rantasalmi Rukkasluoto,-5.0,,
2021-12-30,Savonlinna Punkaharju Laukansaari,-6.0,4.0,29.0
2021-12-30,Enonkoski Simanala,,4.5,39.0
2021-12-30,Savonlinna Savonranta,,6.0,36.0
2021-12-30,Rääkkylä kirkonkylä,,6.8,35.0
2021-12-30,Tohmajärvi Kemie,-6.1,5.6,39.0
2021-12-30,Joensuu Huhtilampi,,5.8,45.0
2021-12-30,Vaasa lentoasema,-0.1,,
2021-12-30,Mustasaari Valassaaret,0.0,,
2021-12-30,Närpiö Ylimarkku,,7.6,19.0
2021-12-30,Mustasaari Riimala,,2.1,31.0
2021-12-30,Kurikka Pyörni,,2.5,27.0
2021-12-30,Korsnäs Bredskäret,0.3,,
2021-12-30,Maalahti Strömmingsbådan,0.7,,
2021-12-30,Vaasa Klemettilä,-0.1,2.1,41.0
2021-12-30,Seinäjoki Pelmaa,-0.4,3.0,24.0
2021-12-30,Kauhava lentokenttä,-0.8,3.2,21.0
2021-12-30,Ähtäri Inha,-2.8,4.6,30.0
2021-12-30,Halsua Purola,-2.5,11.6,25.0
2021-12-30,Alajärvi Möksy,-2.5,5.4,25.0
2021-12-30,Multia Karhila,-4.1,5.8,24.0
2021-12-30,Viitasaari Haapaniemi,-3.9,5.6,22.0
2021-12-30,Äänekoski Kalaniemi,,7.1,29.0
2021-12-30,Vesanto kirkonkylä,-4.2,7.7,31.0
2021-12-30,Pielavesi Venetmäki,,12.3,34.0
2021-12-30,Siilinjärvi Kuopio lentoasema,-4.5,,
2021-12-30,Kuopio Maaninka,-4.1,7.7,30.0
2021-12-30,Lapinlahti Lamminkäyrä,,10.5,34.0
2021-12-30,Suonenjoki Iisvesi,,4.4,25.0
2021-12-30,Kuopio Karttula,,5.8,32.0
2021-12-30,Kuopio Ritoniemi,-4.5,,
2021-12-30,Kuopio Savilahti,-4.2,5.0,28.0
2021-12-30,Heinävesi Palokki,,4.8,34.0
2021-12-30,Outokumpu Viuruniemi,,5.1,38.0
2021-12-30,Rautavaara Ala-Luosta,,7.3,28.0
2021-12-30,Rautavaara Ylä-Luosta,-5.3,6.8,37.0
2021-12-30,Liperi Joensuu lentoasema,-6.0,,
2021-12-30,Juuka Niemelä,-5.0,4.5,35.0
2021-12-30,Joensuu Pyhäselkä,,8.0,43.0
2021-12-30,Lieksa Koli,,7.2,41.0
2021-12-30,Liperi Tuiskavanluoto,-5.6,,
2021-12-30,Joensuu Linnunlahti,-5.7,7.3,38.0
2021-12-30,Lieksa Lampela,-5.3,4.1,34.0
2021-12-30,Ilomantsi Naarva,,1.7,50.0
2021-12-30,Ilomantsi Pötsönvaara,-6.4,2.6,41.0
2021-12-30,Ilomantsi Mekrijärvi,-6.2,1.1,40.0
2021-12-30,Pietarsaari Kallan,-0.7,,
2021-12-30,Kokkola Tankar,-0.8,,
2021-12-30,Kruunupyy Kokkola-Pietarsaari lentoasema,-1.0,,
2021-12-30,Kaustinen Tastula,,7.5,20.0
2021-12-30,Kalajoki Ulkokalla,-1.0,,
2021-12-30,Kokkola Santahaka,-1.0,8.1,25.0
2021-12-30,Toholampi Oravala,,12.1,20.0
2021-12-30,Kalajoki Pitkäsenkylä,,5.0,26.0
2021-12-30,Kalajoki Mehtäkylä,,5.6,27.0
2021-12-30,Toholampi Laitala,-1.7,2.6,21.0
2021-12-30,Ylivieska lentokenttä,-2.2,9.1,25.0
2021-12-30,Ylivieska Vähäkangas,,7.5,24.0
2021-12-30,Haapavesi Mustikkamäki,-2.7,6.2,27.0
2021-12-30,Pyhäjärvi Ojakylä,-3.3,11.7,26.0
2021-12-30,Pyhäjärvi Hiidenniemi,,10.9,26.0
2021-12-30,Kiuruvesi Korpijoki,,7.2,25.0
2021-12-30,Siikalatva Kestilä,,5.9,32.0
2021-12-30,Kajaani lentoasema,-4.0,,
2021-12-30,Vieremä Kaarakkala,-4.7,10.3,40.0
2021-12-30,Kajaani Paltaniemi,,3.6,35.0
2021-12-30,Nurmes Valtimo,-4.7,7.6,31.0
2021-12-30,Ristijärvi Mustavaara,,5.2,40.0
2021-12-30,Sotkamo Kuolaniemi,-4.5,2.2,28.0
2021-12-30,Nurmes Mujejärvi,,6.4,38.0
2021-12-30,Kuhmo Apaja,,4.1,39.0
2021-12-30,Kuhmo Kalliojoki,-5.5,2.7,40.0
2021-12-30,Raahe Nahkiainen,-1.2,,
2021-12-30,Hailuoto Keskikylä,-1.5,5.2,19.0
2021-12-30,Kemi I majakka,-0.8,,
2021-12-30,Hailuoto Marjaniemi,-1.3,,
2021-12-30,Raahe Lapaluoto satama,-1.2,,
2021-12-30,Oulu lentoasema,-2.0,,
2021-12-30,Siikajoki Ruukki,-2.1,3.6,25.0
2021-12-30,Oulu Vihreäsaari satama,-1.8,,
2021-12-30,Oulu Oulunsalo Pellonpää,-2.2,7.1,22.0
2021-12-30,Vaala Pelso,-3.1,3.3,32.0
2021-12-30,Pudasjärvi lentokenttä,-3.2,6.2,40.0
2021-12-30,Utajärvi Särkijärvi,,1.4,31.0
2021-12-30,Pudasjärvi Jaurakkajärvi,,4.7,38.0
2021-12-30,Suomussalmi Näljänkä,,7.5,50.0
2021-12-30,Suomussalmi Pesiö,-4.8,5.1,45.0
2021-12-30,Puolanka Kotila,,4.8,43.0
2021-12-30,Puolanka Paljakka,-5.4,5.5,45.0
2021-12-30,Kemi Kemi-Tornio lentoasema,-1.3,,
2021-12-30,Kemi Ajos,-1.2,,
2021-12-30,Tornio Kaakkuri,-1.2,8.8,20.0
2021-12-30,Ranua lentokenttä,-3.3,8.0,33.0
2021-12-30,Pudasjärvi Sarakylä,,6.6,26.0
2021-12-30,Posio Raistakka,,9.5,35.0
2021-12-30,Taivalkoski Inkee,,7.9,36.0
2021-12-30,Taivalkoski kirkonkylä,-3.8,7.2,32.0
2021-12-30,Kuusamo lentoasema,-4.5,7.7,36.0
2021-12-30,Kuusamo Kiutaköngäs,-4.5,9.2,33.0
2021-12-30,Kuusamo Rukatunturi,-6.2,,
2021-12-30,Kuusamo Teeriranta,,6.2,42.0
2021-12-30,Kuusamo Juuma,-4.8,,
2021-12-30,Ylitornio Meltosjärvi,-2.5,7.6,33.0
2021-12-30,Kolari Kattilamaa,,6.1,35.0
2021-12-30,Pello kirkonkylä,-4.0,9.5,31.0
2021-12-30,Rovaniemi rautatieasema,-2.2,,
2021-12-30,Sodankylä Tähtelä,-4.3,6.9,39.0
2021-12-30,Rovaniemi Apukka,-2.6,11.3,37.0
2021-12-30,Pelkosenniemi kirkonkylä,,8.5,39.0
2021-12-30,Kemijärvi lentokenttä,-3.7,8.8,34.0
2021-12-30,Savukoski kirkonkylä,-5.0,8.2,38.0
2021-12-30,Salla Kelloselkä,,3.5,45.0
2021-12-30,Pelkosenniemi Pyhätunturi,-5.7,,
2021-12-30,Salla kirkonkylä,-4.4,11.4,39.0
2021-12-30,Salla Naruska,-6.2,11.7,47.0
2021-12-30,Enontekiö Kaaresuvanto,,-1.0,58.0
2021-12-30,Enontekiö lentoasema,-9.9,,
2021-12-30,Kittilä Pulju,,0.4,31.0
2021-12-30,Muonio Laukukero,-10.6,,
2021-12-30,Muonio Sammaltunturi,-10.2,,
2021-12-30,Kittilä Matorova,-8.7,,
2021-12-30,Kittilä lentoasema,-6.6,,
2021-12-30,Kittilä Kenttärova,-8.7,2.9,64.0
2021-12-30,Kittilä Pakatti,-6.3,5.6,34.0
2021-12-30,Kittilä Pokka,-7.1,1.1,58.0
2021-12-30,Sodankylä Lokka,-5.8,2.2,41.0
2021-12-30,Sodankylä Vuotso,-6.2,2.6,40.0
2021-12-30,Inari Saariselkä matkailukeskus,-7.6,2.3,56.0
2021-12-30,Inari Saariselkä Kaunispää,-8.7,,
2021-12-30,Inari Raja-Jooseppi Kontiojärvi,,3.3,35.0
2021-12-30,Inari Raja-Jooseppi,-7.2,,
2021-12-30,Salla Värriötunturi,-7.3,3.9,50.0
2021-12-30,Enontekiö Kilpisjärvi kyläkeskus,-12.4,0.2,56.0
2021-12-30,Enontekiö Kilpisjärvi Saana,-11.9,,
2021-12-30,Enontekiö Näkkälä,-11.3,-1.0,54.0
2021-12-30,Inari Angeli Lintupuoliselkä,-9.6,-1.0,39.0
2021-12-30,Inari Ivalo lentoasema,-7.8,,
2021-12-30,Utsjoki Kevo,-12.4,0.6,37.0
2021-12-30,Utsjoki Nuorgam,-9.3,2.0,39.0
2021-12-30,Inari Väylä,-10.2,,
2021-12-30,Inari kirkonkylä,,0.6,35.0
2021-12-30,Inari Kaamanen,-10.7,0.8,38.0
2021-12-30,Inari Nellim,-9.2,1.4,34.0
2021-12-30,Inari Kirakkajärvi,-10.8,2.4,68.0
2021-12-30,Mäntsälä Hirvihaara,-3.8,1.4,8.0
2021-12-30,Lahti Sopenkorpi,-4.4,2.6,13.0
2021-12-30,Siuntio Sjundby,,4.8,9.0
2021-12-30,Sipoo Itätoukki,-2.6,,
2021-12-30,Rauma Pyynpää,0.8,5.3,14.0
2021-12-30,Muonio Oustajärvi,-8.2,2.4,39.0
2021-12-30,Pyhtää lentokenttä,-3.9,4.5,14.0
2021-12-30,Sotkamo Tuhkakylä,-4.9,4.4,40.0
2021-12-30,Tervola Loue,-1.6,,
2021-12-30,Kajaani Petäisenniska,-4.2,1.7,31.0
2021-12-30,Utsjoki Kevo Kevojärvi,-12.9,,
2021-12-30,Inari Seitalaassa,-10.5,,
2021-12-30,Ilmajoki Seinäjoki lentoasema,-0.9,,
2021-12-30,Rovaniemi lentoasema AWOS,-3.1,12.3,31.0
2021-12-30,Jyväskylä lentoasema AWOS,-4.3,6.0,22.0
2021-12-30,Puumala kirkonkylä,-5.0,2.4,26.0
2021-12-30,Helsinki Vuosaari satama,-2.6,,
2021-12-30,Maarianhamina Länsisatama,2.9,,
2021-12-30,Lumparland Långnäs satama,2.4,1.9,10.0
2021-12-30,Tampere Tampella,-1.8,,
2021-12-30,Kittilä Lompolonvuoma,-8.3,3.0,
2021-12-30,Kuusamo Ruka Talvijärvi,-4.6,,
2021-12-30,Espoo Nuuksio,-3.3,3.6,12.0
2021-12-30,Mikkeli Lentoasema AWOS,-4.8,3.8,31.0
2021-12-30,Espoo Tapiola,-2.3,4.0,9.0
2021-12-31,Porvoo Kilpilahti satama,0.1,,
2021-12-31,Jomala Maarianhamina lentoasema,0.7,,
2021-12-31,Parainen Utö,2.4,1.3,-1.0
2021-12-31,Lemland Nyhamn,2.7,,
2021-12-31,Jomala Jomalaby,0.4,0.4,6.0
2021-12-31,Hammarland Märket,1.5,,
2021-12-31,Kökar Bogskär,3.4,,
2021-12-31,Parainen Fagerholm,1.1,1.6,
2021-12-31,Kumlinge kirkonkylä,1.0,,
2021-12-31,Hanko Russarö,1.1,2.6,
2021-12-31,Kaarina Yltöinen,-0.4,1.0,6.0
2021-12-31,Kemiönsaari Vänö,1.3,,
2021-12-31,Hanko Tulliniemi,1.2,,
2021-12-31,Turku Rajakari,0.7,,
2021-12-31,Turku Artukainen,-0.5,0.6,10.0
2021-12-31,Kemiönsaari Kemiö,0.0,2.8,12.0
2021-12-31,Hanko Tvärminne,0.5,1.9,7.0
2021-12-31,Salo Kärkkä,-0.5,0.9,
2021-12-31,Lohja Leppäkorpi,,2.6,10.0
2021-12-31,Raasepori Jussarö,0.6,,
2021-12-31,Salo Kiikala lentokenttä,-0.9,1.1,9.0
2021-12-31,Vantaa Helsinki-Vantaan lentoasema,-0.5,0.1,11.0
2021-12-31,Inkoo Bågaskär,0.2,,
2021-12-31,Helsinki Kaisaniemi,0.2,0.3,7.0
2021-12-31,Lohja Porla,-0.4,1.8,9.0
2021-12-31,Vihti Maasoja,-0.3,,
2021-12-31,Helsinki Harmaja,0.0,,
2021-12-31,Kirkkonummi Mäkiluoto,0.2,,
2021-12-31,Helsinki Helsingin majakka,0.4,,
2021-12-31,Helsinki Kumpula,0.0,0.3,9.0
2021-12-31,Helsinki Malmi lentokenttä,0.0,,
2021-12-31,Porvoo Kalbådagrund,0.3,,
2021-12-31,Porvoo Emäsalo,-0.2,,
2021-12-31,Porvoo Harabacka,-0.3,0.1,12.0
2021-12-31,Kotka Rankki,-0.5,-1.0,14.0
2021-12-31,Loviisa Orrengrund,-0.2,,
2021-12-31,Kotka Haapasaari,-0.1,,
2021-12-31,Pori lentoasema,-0.5,,
2021-12-31,Uusikaupunki Itätulli,,-1.0,10.0
2021-12-31,Kustavi Isokari,0.8,-1.0,
2021-12-31,Rauma Kylmäpihlaja,0.2,,
2021-12-31,Pori rautatieasema,-0.3,-1.0,9.0
2021-12-31,Turku lentoasema,-0.9,,
2021-12-31,Kokemäki Rausenkulma,,-1.0,6.0
2021-12-31,Huittinen Sallila,,-1.0,9.0
2021-12-31,Oripää Teinikivi,,-1.0,7.0
2021-12-31,Pöytyä Yläne,,0.8,5.0
2021-12-31,Kokemäki Tulkkila,-0.6,-1.0,6.0
2021-12-31,Jokioinen Ilmala,-0.7,0.2,9.0
2021-12-31,Nokia Tottijärvi,,-1.0,10.0
2021-12-31,Pirkkala Tampere-Pirkkala lentoasema,-1.1,,
2021-12-31,Tampere Härmälä,-0.8,-1.0,8.0
2021-12-31,Somero Salkola,-1.1,0.3,12.0
2021-12-31,Hyvinkää Hyvinkäänkylä,-0.4,-1.0,8.0
2021-12-31,Vihti Hiiskula,,-1.0,8.0
2021-12-31,Hämeenlinna Pirttikoski,,-1.0,10.0
2021-12-31,Nurmijärvi Röykkä,-0.9,0.1,8.0
2021-12-31,Hämeenlinna Katinen,-0.6,-1.0,
2021-12-31,Hattula Lepaa,-0.9,-1.0,12.0
2021-12-31,Hämeenlinna Lammi Pappila,-1.3,-1.0,17.0
2021-12-31,Asikkala Pulkkilanharju,-1.1,,
2021-12-31,Kouvola Utti lentoasema,-1.4,-1.0,18.0
2021-12-31,Kouvola Anjala,-0.8,-1.0,12.0
2021-12-31,Heinola Asemantaus,-1.3,-1.0,23.0
2021-12-31,Kouvola Voikoski,,0.2,23.0
2021-12-31,Virolahti Koivuniemi,-0.7,0.0,14.0
2021-12-31,Lappeenranta lentoasema,-2.2,,
2021-12-31,Lappeenranta Konnunsuo,-2.1,,
2021-12-31,Lappeenranta Lepola,-2.1,0.1,
2021-12-31,Ruokolahti Kotaniemi,,0.1,34.0
2021-12-31,Lappeenranta Hiekkapakka,-2.7,,
2021-12-31,Parikkala Koitsanlahti,-3.8,0.2,39.0
2021-12-31,Kaskinen Sälgrund,-2.3,-1.0,
2021-12-31,Merikarvia Tuorila,,-1.0,15.0
2021-12-31,Isojoki Kärjenkoski,,-1.0,13.0
2021-12-31,Teuva Kauppilankylä,,0.0,17.0
2021-12-31,Pori Tahkoluoto satama,0.2,,
2021-12-31,Kristiinankaupunki Majakka,-1.3,,
2021-12-31,Karvia Alkkia,-3.1,-1.0,25.0
2021-12-31,Kurikka Hirvijärvi,,-1.0,16.0
2021-12-31,Kauhajoki Kuja-Kokko,-3.2,-1.0,18.0
2021-12-31,Kankaanpää Niinisalo lentokenttä,-2.3,-1.0,19.0
2021-12-31,Alavus Sulkavankylä,,0.0,20.0
2021-12-31,Virrat Äijänneva,-2.9,,
2021-12-31,Tampere Siilinkari,-1.0,,
2021-12-31,Jämsä Halli lentoasema,-2.3,-1.0,22.0
2021-12-31,Juupajoki Hyytiälä,-2.3,0.4,23.0
2021-12-31,Sysmä Joutsjärvi,,-1.0,19.0
2021-12-31,Jyväskylä Muuratjärvi,,-1.0,28.0
2021-12-31,Luhanka Judinsalo,-1.8,,
2021-12-31,Multia Pirttiperä,,0.3,29.0
2021-12-31,Joutsa Savenaho,-2.8,0.2,27.0
2021-12-31,Kangasniemi kirkonkylä,,0.2,38.0
2021-12-31,Joutsa Pärnämäki,,0.1,35.0
2021-12-31,Mikkeli Pitkähiekka,,0.1,28.0
2021-12-31,Juva Partala,-2.8,,
2021-12-31,Varkaus Kosulanniemi,-2.9,0.3,35.0
2021-12-31,Savonlinna Laukansaari,,0.1,29.0
2021-12-31,Sulkava Halttula,,-1.0,45.0
2021-12-31,Savonlinna lentoasema,-3.5,,
2021-12-31,Rantasalmi Rukkasluoto,-3.1,,
2021-12-31,Savonlinna Punkaharju Laukansaari,-3.8,0.1,34.0
2021-12-31,Enonkoski Simanala,,0.2,45.0
2021-12-31,Savonlinna Savonranta,,-1.0,36.0
2021-12-31,Rääkkylä kirkonkylä,,0.2,42.0
2021-12-31,Tohmajärvi Kemie,-3.7,0.9,45.0
2021-12-31,Joensuu Huhtilampi,,1.0,47.0
2021-12-31,Vaasa lentoasema,-4.1,,
2021-12-31,Mustasaari Valassaaret,-3.5,,
2021-12-31,Närpiö Ylimarkku,,-1.0,21.0
2021-12-31,Mustasaari Riimala,,-1.0,30.0
2021-12-31,Kurikka Pyörni,,0.1,28.0
2021-12-31,Korsnäs Bredskäret,-4.1,,
2021-12-31,Maalahti Strömmingsbådan,-2.2,,
2021-12-31,Vaasa Klemettilä,-3.7,-1.0,41.0
2021-12-31,Seinäjoki Pelmaa,-3.6,-1.0,27.0
2021-12-31,Kauhava lentokenttä,-2.8,-1.0,23.0
2021-12-31,Ähtäri Inha,-3.1,0.3,33.0
2021-12-31,Halsua Purola,-3.3,0.4,36.0
2021-12-31,Alajärvi Möksy,-3.0,0.3,30.0
2021-12-31,Multia Karhila,-3.5,0.1,28.0
2021-12-31,Viitasaari Haapaniemi,-3.0,-1.0,29.0
2021-12-31,Äänekoski Kalaniemi,,0.2,34.0
2021-12-31,Vesanto kirkonkylä,-3.0,-1.0,37.0
2021-12-31,Pielavesi Venetmäki,,0.3,40.0
2021-12-31,Siilinjärvi Kuopio lentoasema,-3.4,,
2021-12-31,Kuopio Maaninka,-3.3,-1.0,38.0
2021-12-31,Lapinlahti Lamminkäyrä,,0.2,43.0
2021-12-31,Suonenjoki Iisvesi,,-1.0,30.0
2021-12-31,Kuopio Karttula,,-1.0,38.0
2021-12-31,Kuopio Ritoniemi,-3.3,,
2021-12-31,Kuopio Savilahti,-3.1,-1.0,33.0
2021-12-31,Heinävesi Palokki,,0.6,36.0
2021-12-31,Outokumpu Viuruniemi,,0.5,40.0
2021-12-31,Rautavaara Ala-Luosta,,0.1,34.0
2021-12-31,Rautavaara Ylä-Luosta,-5.4,1.2,43.0
2021-12-31,Liperi Joensuu lentoasema,-4.5,,
2021-12-31,Juuka Niemelä,-4.9,0.2,40.0
2021-12-31,Joensuu Pyhäselkä,,1.0,48.0
2021-12-31,Lieksa Koli,,1.5,46.0
2021-12-31,Liperi Tuiskavanluoto,-4.1,,
2021-12-31,Joensuu Linnunlahti,-4.2,0.9,43.0
2021-12-31,Lieksa Lampela,-4.6,0.4,38.0
2021-12-31,Ilomantsi Naarva,,1.0,52.0
2021-12-31,Ilomantsi Pötsönvaara,-5.8,1.1,41.0
2021-12-31,Ilomantsi Mekrijärvi,-5.0,-1.0,41.0
2021-12-31,Pietarsaari Kallan,-2.1,,
2021-12-31,Kokkola Tankar,-1.9,,
2021-12-31,Kruunupyy Kokkola-Pietarsaari lentoasema,-2.5,,
2021-12-31,Kaustinen Tastula,,0.4,35.0
2021-12-31,Kalajoki Ulkokalla,-2.0,,
2021-12-31,Kokkola Santahaka,-2.3,-1.0,31.0
2021-12-31,Toholampi Oravala,,-1.0,28.0
2021-12-31,Kalajoki Pitkäsenkylä,,0.5,29.0
2021-12-31,Kalajoki Mehtäkylä,,0.5,29.0
2021-12-31,Toholampi Laitala,-3.0,-1.0,21.0
2021-12-31,Ylivieska lentokenttä,-4.0,0.2,35.0
2021-12-31,Ylivieska Vähäkangas,,0.7,32.0
2021-12-31,Haapavesi Mustikkamäki,-4.0,0.2,29.0
2021-12-31,Pyhäjärvi Ojakylä,-3.7,0.1,38.0
2021-12-31,Pyhäjärvi Hiidenniemi,,0.5,36.0
2021-12-31,Kiuruvesi Korpijoki,,1.3,33.0
2021-12-31,Siikalatva Kestilä,,0.5,37.0
2021-12-31,Kajaani lentoasema,-5.0,,
2021-12-31,Vieremä Kaarakkala,-5.1,0.5,45.0
2021-12-31,Kajaani Paltaniemi,,0.8,35.0
2021-12-31,Nurmes Valtimo,-5.3,0.3,36.0
2021-12-31,Ristijärvi Mustavaara,,1.6,42.0
2021-12-31,Sotkamo Kuolaniemi,-5.6,1.0,32.0
2021-12-31,Nurmes Mujejärvi,,1.0,43.0
2021-12-31,Kuhmo Apaja,,1.0,42.0
2021-12-31,Kuhmo Kalliojoki,-6.1,0.8,43.0
2021-12-31,Raahe Nahkiainen,-2.5,,
2021-12-31,Hailuoto Keskikylä,-4.7,0.1,27.0
2021-12-31,Kemi I majakka,-4.7,,
2021-12-31,Hailuoto Marjaniemi,-4.7,,
2021-12-31,Raahe Lapaluoto satama,-3.7,,
2021-12-31,Oulu lentoasema,-5.4,,
2021-12-31,Siikajoki Ruukki,-4.8,0.1,27.0
2021-12-31,Oulu Vihreäsaari satama,-7.3,,
2021-12-31,Oulu Oulunsalo Pellonpää,-5.5,0.6,30.0
2021-12-31,Vaala Pelso,-5.1,3.8,32.0
2021-12-31,Pudasjärvi lentokenttä,-5.7,1.3,45.0
2021-12-31,Utajärvi Särkijärvi,,0.5,35.0
2021-12-31,Pudasjärvi Jaurakkajärvi,,1.9,40.0
2021-12-31,Suomussalmi Näljänkä,,2.7,54.0
2021-12-31,Suomussalmi Pesiö,-7.1,1.5,48.0
2021-12-31,Puolanka Kotila,,1.4,46.0
2021-12-31,Puolanka Paljakka,-7.0,1.0,47.0
2021-12-31,Kemi Kemi-Tornio lentoasema,-5.4,,
2021-12-31,Kemi Ajos,-6.2,,
2021-12-31,Tornio Kaakkuri,-5.9,0.7,27.0
2021-12-31,Ranua lentokenttä,-6.0,2.2,41.0
2021-12-31,Pudasjärvi Sarakylä,,2.4,32.0
2021-12-31,Posio Raistakka,,2.8,44.0
2021-12-31,Taivalkoski Inkee,,3.1,44.0
2021-12-31,Taivalkoski kirkonkylä,-6.3,1.8,38.0
2021-12-31,Kuusamo lentoasema,-6.7,4.0,43.0
2021-12-31,Kuusamo Kiutaköngäs,-5.9,4.6,43.0
2021-12-31,Kuusamo Rukatunturi,-7.9,,
2021-12-31,Kuusamo Teeriranta,,5.3,45.0
2021-12-31,Kuusamo Juuma,-6.8,,
2021-12-31,Ylitornio Meltosjärvi,-6.6,0.6,40.0
2021-12-31,Kolari Kattilamaa,,0.2,40.0
2021-12-31,Pello kirkonkylä,-7.6,0.8,40.0
2021-12-31,Rovaniemi rautatieasema,-5.5,,
2021-12-31,Sodankylä Tähtelä,-7.3,1.1,45.0
2021-12-31,Rovaniemi Apukka,-5.6,0.7,47.0
2021-12-31,Pelkosenniemi kirkonkylä,,2.0,47.0
2021-12-31,Kemijärvi lentokenttä,-6.1,2.4,43.0
2021-12-31,Savukoski kirkonkylä,-6.3,2.5,45.0
2021-12-31,Salla Kelloselkä,,3.8,55.0
2021-12-31,Pelkosenniemi Pyhätunturi,-7.6,,
2021-12-31,Salla kirkonkylä,-5.8,6.0,50.0
2021-12-31,Salla Naruska,-6.2,6.2,56.0
2021-12-31,Enontekiö Kaaresuvanto,,-1.0,58.0
2021-12-31,Enontekiö lentoasema,-13.3,,
2021-12-31,Kittilä Pulju,,-1.0,30.0
2021-12-31,Muonio Laukukero,-11.6,,
2021-12-31,Muonio Sammaltunturi,-10.6,,
2021-12-31,Kittilä Matorova,-10.3,,
2021-12-31,Kittilä lentoasema,-8.7,,
2021-12-31,Kittilä Kenttärova,-10.3,0.4,66.0
2021-12-31,Kittilä Pakatti,-8.9,0.3,37.0
2021-12-31,Kittilä Pokka,-10.5,0.1,59.0
2021-12-31,Sodankylä Lokka,-8.9,0.1,41.0
2021-12-31,Sodankylä Vuotso,-9.8,0.1,41.0
2021-12-31,Inari Saariselkä matkailukeskus,-11.3,-1.0,56.0
2021-12-31,Inari Saariselkä Kaunispää,-11.2,,
2021-12-31,Inari Raja-Jooseppi Kontiojärvi,,-1.0,37.0
2021-12-31,Inari Raja-Jooseppi,-9.5,,
2021-12-31,Salla Värriötunturi,-8.2,3.9,51.0
2021-12-31,Enontekiö Kilpisjärvi kyläkeskus,-12.8,0.2,55.0
2021-12-31,Enontekiö Kilpisjärvi Saana,-12.8,,
2021-12-31,Enontekiö Näkkälä,-13.3,-1.0,53.0
2021-12-31,Inari Angeli Lintupuoliselkä,-11.5,-1.0,37.0
2021-12-31,Inari Ivalo lentoasema,-10.2,,
2021-12-31,Utsjoki Kevo,-20.0,-1.0,37.0
2021-12-31,Utsjoki Nuorgam,-21.0,0.2,39.0
2021-12-31,Inari Väylä,-12.0,,
2021-12-31,Inari kirkonkylä,,-1.0,36.0
2021-12-31,Inari Kaamanen,-11.1,-1.0,34.0
2021-12-31,Inari Nellim,-14.3,-1.0,35.0
2021-12-31,Inari Kirakkajärvi,-13.3,-1.0,63.0
2021-12-31,Mäntsälä Hirvihaara,-1.0,-1.0,9.0
2021-12-31,Lahti Sopenkorpi,-1.4,-1.0,14.0
2021-12-31,Siuntio Sjundby,,1.7,7.0
2021-12-31,Sipoo Itätoukki,0.1,,
2021-12-31,Rauma Pyynpää,-0.1,-1.0,12.0
2021-12-31,Muonio Oustajärvi,-13.2,0.4,41.0
2021-12-31,Pyhtää lentokenttä,-0.8,-1.0,16.0
2021-12-31,Sotkamo Tuhkakylä,-5.7,0.8,44.0
2021-12-31,Tervola Loue,-5.1,,
2021-12-31,Kajaani Petäisenniska,-5.1,0.5,32.0
2021-12-31,Utsjoki Kevo Kevojärvi,-23.0,,
2021-12-31,Inari Seitalaassa,-12.5,,
2021-12-31,Ilmajoki Seinäjoki lentoasema,-3.4,,
2021-12-31,Rovaniemi lentoasema AWOS,-6.4,0.6,39.0
2021-12-31,Jyväskylä lentoasema AWOS,-2.8,0.4,27.0
2021-12-31,Puumala kirkonkylä,-2.6,-1.0,28.0
2021-12-31,Helsinki Vuosaari satama,0.2,,
2021-12-31,Maarianhamina Länsisatama,1.4,,
2021-12-31,Lumparland Långnäs satama,0.7,0.7,5.0
2021-12-31,Tampere Tampella,-0.8,,
2021-12-31,Kittilä Lompolonvuoma,-11.5,0.3,
2021-12-31,Kuusamo Ruka Talvijärvi,-6.8,,
2021-12-31,Espoo Nuuksio,-0.9,0.7,12.0
2021-12-31,Mikkeli Lentoasema AWOS,-2.2,-1.0,34.0
2021-12-31,Espoo Tapiola,0.2,0.4,9.0
2022-01-01,Porvoo Kilpilahti satama,-4.6,,
2022-01-01,Jomala Maarianhamina lentoasema,-0.8,,
2022-01-01,Parainen Utö,-1.2,6.5,-1.0
2022-01-01,Lemland Nyhamn,0.1,,
2022-01-01,Jomala Jomalaby,-1.2,5.2,5.0
2022-01-01,Hammarland Märket,-0.2,,
2022-01-01,Kökar Bogskär,0.2,,
2022-01-01,Parainen Fagerholm,-2.1,3.6,
2022-01-01,Kumlinge kirkonkylä,-1.7,,
2022-01-01,Hanko Russarö,-2.9,0.5,
2022-01-01,Kaarina Yltöinen,-6.3,1.5,7.0
2022-01-01,Kemiönsaari Vänö,-2.1,,
2022-01-01,Hanko Tulliniemi,-3.0,,
2022-01-01,Turku Rajakari,-2.9,,
2022-01-01,Turku Artukainen,-6.0,2.4,10.0
2022-01-01,Kemiönsaari Kemiö,-6.3,1.8,12.0
2022-01-01,Hanko Tvärminne,-4.2,1.7,8.0
2022-01-01,Salo Kärkkä,-7.1,1.4,
2022-01-01,Lohja Leppäkorpi,,0.4,10.0
2022-01-01,Raasepori Jussarö,-4.3,,
2022-01-01,Salo Kiikala lentokenttä,-7.1,0.3,10.0
2022-01-01,Vantaa Helsinki-Vantaan lentoasema,-6.0,0.0,10.0
2022-01-01,Inkoo Bågaskär,-4.7,,
2022-01-01,Helsinki Kaisaniemi,-4.7,-1.0,6.0
2022-01-01,Lohja Porla,-6.4,0.3,10.0
2022-01-01,Vihti Maasoja,-6.9,,
2022-01-01,Helsinki Harmaja,-3.8,,
2022-01-01,Kirkkonummi Mäkiluoto,-4.0,,
2022-01-01,Helsinki Helsingin majakka,-3.5,,
2022-01-01,Helsinki Kumpula,-5.2,-1.0,9.0
2022-01-01,Helsinki Malmi lentokenttä,-5.3,,
2022-01-01,Porvoo Kalbådagrund,-3.3,,
2022-01-01,Porvoo Emäsalo,-4.4,,
2022-01-01,Porvoo Harabacka,-5.5,-1.0,11.0
2022-01-01,Kotka Rankki,-5.1,-1.0,13.0
2022-01-01,Loviisa Orrengrund,-4.2,,
2022-01-01,Kotka Haapasaari,-4.1,,
2022-01-01,Pori lentoasema,-7.1,,
2022-01-01,Uusikaupunki Itätulli,,3.9,10.0
2022-01-01,Kustavi Isokari,-1.6,2.1,
2022-01-01,Rauma Kylmäpihlaja,-2.4,,
2022-01-01,Pori rautatieasema,-6.8,1.6,8.0
2022-01-01,Turku lentoasema,-6.3,,
2022-01-01,Kokemäki Rausenkulma,,1.1,5.0
2022-01-01,Huittinen Sallila,,1.1,9.0
2022-01-01,Oripää Teinikivi,,6.8,7.0
2022-01-01,Pöytyä Yläne,,1.6,6.0
2022-01-01,Kokemäki Tulkkila,-8.0,0.6,6.0
2022-01-01,Jokioinen Ilmala,-7.3,0.1,8.0
2022-01-01,Nokia Tottijärvi,,0.4,10.0
2022-01-01,Pirkkala Tampere-Pirkkala lentoasema,-8.0,,
2022-01-01,Tampere Härmälä,-7.9,0.3,8.0
2022-01-01,Somero Salkola,-6.8,-1.0,11.0
2022-01-01,Hyvinkää Hyvinkäänkylä,-5.8,-1.0,8.0
2022-01-01,Vihti Hiiskula,,0.4,8.0
2022-01-01,Hämeenlinna Pirttikoski,,-1.0,10.0
2022-01-01,Nurmijärvi Röykkä,-6.2,-1.0,8.0
2022-01-01,Hämeenlinna Katinen,-6.3,-1.0,
2022-01-01,Hattula Lepaa,-6.7,-1.0,11.0
2022-01-01,Hämeenlinna Lammi Pappila,-6.5,-1.0,16.0
2022-01-01,Asikkala Pulkkilanharju,-7.0,,
2022-01-01,Kouvola Utti lentoasema,-6.6,-1.0,17.0
2022-01-01,Kouvola Anjala,-6.1,-1.0,12.0
2022-01-01,Heinola Asemantaus,-6.2,-1.0,22.0
2022-01-01,Kouvola Voikoski,,-1.0,23.0
2022-01-01,Virolahti Koivuniemi,-5.6,-1.0,13.0
2022-01-01,Lappeenranta lentoasema,-6.3,,
2022-01-01,Lappeenranta Konnunsuo,-6.0,,
2022-01-01,Lappeenranta Lepola,-6.3,-1.0,17.0
2022-01-01,Ruokolahti Kotaniemi,,-1.0,34.0
2022-01-01,Lappeenranta Hiekkapakka,-6.8,,
2022-01-01,Parikkala Koitsanlahti,-6.8,-1.0,38.0
2022-01-01,Kaskinen Sälgrund,-5.1,0.4,
2022-01-01,Merikarvia Tuorila,,1.9,15.0
2022-01-01,Isojoki Kärjenkoski,,1.3,13.0
2022-01-01,Teuva Kauppilankylä,,1.4,16.0
2022-01-01,Pori Tahkoluoto satama,-3.2,,
2022-01-01,Kristiinankaupunki Majakka,-2.9,,
2022-01-01,Karvia Alkkia,-9.5,1.0,25.0
2022-01-01,Kurikka Hirvijärvi,,-1.0,16.0
2022-01-01,Kauhajoki Kuja-Kokko,-11.2,0.3,18.0
2022-01-01,Kankaanpää Niinisalo lentokenttä,-9.1,0.6,18.0
2022-01-01,Alavus Sulkavankylä,,-1.0,20.0
2022-01-01,Virrat Äijänneva,-9.0,,
2022-01-01,Tampere Siilinkari,-7.0,,
2022-01-01,Jämsä Halli lentoasema,-6.5,-1.0,22.0
2022-01-01,Juupajoki Hyytiälä,-7.1,-1.0,23.0
2022-01-01,Sysmä Joutsjärvi,,0.0,19.0
2022-01-01,Jyväskylä Muuratjärvi,,-1.0,28.0
2022-01-01,Luhanka Judinsalo,-6.6,,
2022-01-01,Multia Pirttiperä,,-1.0,29.0
2022-01-01,Joutsa Savenaho,-7.5,-1.0,26.0
2022-01-01,Kangasniemi kirkonkylä,,3.9,38.0
2022-01-01,Joutsa Pärnämäki,,-1.0,35.0
2022-01-01,Mikkeli Pitkähiekka,,-1.0,27.0
2022-01-01,Juva Partala,-7.1,,
2022-01-01,Varkaus Kosulanniemi,-7.5,-1.0,35.0
2022-01-01,Savonlinna Laukansaari,,-1.0,29.0
2022-01-01,Sulkava Halttula,,-1.0,45.0
2022-01-01,Savonlinna lentoasema,-7.6,,
2022-01-01,Rantasalmi Rukkasluoto,-7.5,,
2022-01-01,Savonlinna Punkaharju Laukansaari,-7.4,-1.0,32.0
2022-01-01,Enonkoski Simanala,,-1.0,44.0
2022-01-01,Savonlinna Savonranta,,-1.0,36.0
2022-01-01,Rääkkylä kirkonkylä,,0.0,43.0
2022-01-01,Tohmajärvi Kemie,-8.6,-1.0,44.0
2022-01-01,Joensuu Huhtilampi,,0.3,47.0
2022-01-01,Vaasa lentoasema,-10.2,,
2022-01-01,Mustasaari Valassaaret,-5.0,,
2022-01-01,Närpiö Ylimarkku,,2.0,21.0
2022-01-01,Mustasaari Riimala,,1.1,30.0
2022-01-01,Kurikka Pyörni,,1.2,28.0
2022-01-01,Korsnäs Bredskäret,-7.1,,
2022-01-01,Maalahti Strömmingsbådan,-2.9,,
2022-01-01,Vaasa Klemettilä,-8.5,1.0,39.0
2022-01-01,Seinäjoki Pelmaa,-10.8,0.2,25.0
2022-01-01,Kauhava lentokenttä,-9.9,-1.0,23.0
2022-01-01,Ähtäri Inha,-7.7,-1.0,33.0
2022-01-01,Halsua Purola,-8.4,-1.0,36.0
2022-01-01,Alajärvi Möksy,-8.1,-1.0,30.0
2022-01-01,Multia Karhila,-7.1,-1.0,28.0
2022-01-01,Viitasaari Haapaniemi,-7.7,-1.0,28.0
2022-01-01,Äänekoski Kalaniemi,,-1.0,33.0
2022-01-01,Vesanto kirkonkylä,-8.0,-1.0,36.0
2022-01-01,Pielavesi Venetmäki,,-1.0,39.0
2022-01-01,Siilinjärvi Kuopio lentoasema,-9.2,,
2022-01-01,Kuopio Maaninka,-9.8,-1.0,37.0
2022-01-01,Lapinlahti Lamminkäyrä,,-1.0,43.0
2022-01-01,Suonenjoki Iisvesi,,0.0,29.0
2022-01-01,Kuopio Karttula,,-1.0,38.0
2022-01-01,Kuopio Ritoniemi,-8.9,,
2022-01-01,Kuopio Savilahti,-9.2,-1.0,32.0
2022-01-01,Heinävesi Palokki,,-1.0,36.0
2022-01-01,Outokumpu Viuruniemi,,-1.0,40.0
2022-01-01,Rautavaara Ala-Luosta,,-1.0,33.0
2022-01-01,Rautavaara Ylä-Luosta,-10.9,-1.0,44.0
2022-01-01,Liperi Joensuu lentoasema,-9.5,,
2022-01-01,Juuka Niemelä,-9.1,-1.0,39.0
2022-01-01,Joensuu Pyhäselkä,,-1.0,49.0
2022-01-01,Lieksa Koli,,-1.0,45.0
2022-01-01,Liperi Tuiskavanluoto,-8.9,,
2022-01-01,Joensuu Linnunlahti,-9.0,-1.0,42.0
2022-01-01,Lieksa Lampela,-9.0,-1.0,37.0
2022-01-01,Ilomantsi Naarva,,0.4,53.0
2022-01-01,Ilomantsi Pötsönvaara,-9.5,-1.0,41.0
2022-01-01,Ilomantsi Mekrijärvi,-9.0,-1.0,40.0
2022-01-01,Pietarsaari Kallan,-2.7,,
2022-01-01,Kokkola Tankar,-2.7,,
2022-01-01,Kruunupyy Kokkola-Pietarsaari lentoasema,-7.6,,
2022-01-01,Kaustinen Tastula,,-1.0,35.0
2022-01-01,Kalajoki Ulkokalla,-2.8,,
2022-01-01,Kokkola Santahaka,-6.5,-1.0,31.0
2022-01-01,Toholampi Oravala,,-1.0,28.0
2022-01-01,Kalajoki Pitkäsenkylä,,0.3,29.0
2022-01-01,Kalajoki Mehtäkylä,,-1.0,29.0
2022-01-01,Toholampi Laitala,-8.7,-1.0,20.0
2022-01-01,Ylivieska lentokenttä,-10.6,-1.0,35.0
2022-01-01,Ylivieska Vähäkangas,,0.2,32.0
2022-01-01,Haapavesi Mustikkamäki,-10.5,-1.0,29.0
2022-01-01,Pyhäjärvi Ojakylä,-10.8,-1.0,37.0
2022-01-01,Pyhäjärvi Hiidenniemi,,-1.0,36.0
2022-01-01,Kiuruvesi Korpijoki,,0.0,35.0
2022-01-01,Siikalatva Kestilä,,-1.0,37.0
2022-01-01,Kajaani lentoasema,-12.2,,
2022-01-01,Vieremä Kaarakkala,-11.8,0.0,49.0
2022-01-01,Kajaani Paltaniemi,,-1.0,35.0
2022-01-01,Nurmes Valtimo,-10.4,-1.0,35.0
2022-01-01,Ristijärvi Mustavaara,,-1.0,43.0
2022-01-01,Sotkamo Kuolaniemi,-11.2,-1.0,31.0
2022-01-01,Nurmes Mujejärvi,,-1.0,43.0
2022-01-01,Kuhmo Apaja,,-1.0,41.0
2022-01-01,Kuhmo Kalliojoki,-9.5,-1.0,43.0
2022-01-01,Raahe Nahkiainen,-3.3,,
2022-01-01,Hailuoto Keskikylä,-8.4,-1.0,26.0
2022-01-01,Kemi I majakka,-6.2,,
2022-01-01,Hailuoto Marjaniemi,-7.6,,
2022-01-01,Raahe Lapaluoto satama,-6.9,,
2022-01-01,Oulu lentoasema,-10.4,,
2022-01-01,Siikajoki Ruukki,-11.1,-1.0,28.0
2022-01-01,Oulu Vihreäsaari satama,-13.6,,
2022-01-01,Oulu Oulunsalo Pellonpää,-11.0,-1.0,30.0
2022-01-01,Vaala Pelso,-12.2,-1.0,32.0
2022-01-01,Pudasjärvi lentokenttä,-13.3,-1.0,49.0
2022-01-01,Utajärvi Särkijärvi,,-1.0,35.0
2022-01-01,Pudasjärvi Jaurakkajärvi,,-1.0,41.0
2022-01-01,Suomussalmi Näljänkä,,0.1,56.0
2022-01-01,Suomussalmi Pesiö,-11.6,-1.0,45.0
2022-01-01,Puolanka Kotila,,-1.0,45.0
2022-01-01,Puolanka Paljakka,-12.5,-1.0,48.0
2022-01-01,Kemi Kemi-Tornio lentoasema,-15.4,,
2022-01-01,Kemi Ajos,-13.9,,
2022-01-01,Tornio Kaakkuri,-12.7,-1.0,27.0
2022-01-01,Ranua lentokenttä,-12.7,-1.0,40.0
2022-01-01,Pudasjärvi Sarakylä,,0.0,33.0
2022-01-01,Posio Raistakka,,0.1,46.0
2022-01-01,Taivalkoski Inkee,,0.3,45.0
2022-01-01,Taivalkoski kirkonkylä,-10.7,0.1,40.0
2022-01-01,Kuusamo lentoasema,-10.0,-1.0,46.0
2022-01-01,Kuusamo Kiutaköngäs,-10.0,-1.0,47.0
2022-01-01,Kuusamo Rukatunturi,-11.4,,
2022-01-01,Kuusamo Teeriranta,,-1.0,51.0
2022-01-01,Kuusamo Juuma,-10.4,,
2022-01-01,Ylitornio Meltosjärvi,-14.5,-1.0,39.0
2022-01-01,Kolari Kattilamaa,,-1.0,40.0
2022-01-01,Pello kirkonkylä,-18.8,-1.0,39.0
2022-01-01,Rovaniemi rautatieasema,-13.6,,
2022-01-01,Sodankylä Tähtelä,-11.3,-1.0,45.0
2022-01-01,Rovaniemi Apukka,-12.2,-1.0,46.0
2022-01-01,Pelkosenniemi kirkonkylä,,-1.0,48.0
2022-01-01,Kemijärvi lentokenttä,-10.4,-1.0,43.0
2022-01-01,Savukoski kirkonkylä,-10.1,0.0,44.0
2022-01-01,Salla Kelloselkä,,-1.0,56.0
2022-01-01,Pelkosenniemi Pyhätunturi,-10.9,,
2022-01-01,Salla kirkonkylä,-12.4,-1.0,53.0
2022-01-01,Salla Naruska,-8.5,0.2,58.0
2022-01-01,Enontekiö Kaaresuvanto,,-1.0,58.0
2022-01-01,Enontekiö lentoasema,-15.0,,
2022-01-01,Kittilä Pulju,,-1.0,30.0
2022-01-01,Muonio Laukukero,-11.0,,
2022-01-01,Muonio Sammaltunturi,-10.6,,
2022-01-01,Kittilä Matorova,-9.1,,
2022-01-01,Kittilä lentoasema,-10.5,,
2022-01-01,Kittilä Kenttärova,-10.2,-1.0,66.0
2022-01-01,Kittilä Pakatti,-11.1,-1.0,37.0
2022-01-01,Kittilä Pokka,-10.5,-1.0,59.0
2022-01-01,Sodankylä Lokka,-12.6,-1.0,38.0
2022-01-01,Sodankylä Vuotso,-13.7,-1.0,39.0
2022-01-01,Inari Saariselkä matkailukeskus,-10.8,0.6,56.0
2022-01-01,Inari Saariselkä Kaunispää,-9.7,,
2022-01-01,Inari Raja-Jooseppi Kontiojärvi,,1.0,37.0
2022-01-01,Inari Raja-Jooseppi,-8.7,,
2022-01-01,Salla Värriötunturi,-10.0,0.5,53.0
2022-01-01,Enontekiö Kilpisjärvi kyläkeskus,-14.0,-1.0,55.0
2022-01-01,Enontekiö Kilpisjärvi Saana,-11.7,,
2022-01-01,Enontekiö Näkkälä,-14.4,-1.0,53.0
2022-01-01,Inari Angeli Lintupuoliselkä,-10.0,0.3,37.0
2022-01-01,Inari Ivalo lentoasema,-9.8,,
2022-01-01,Utsjoki Kevo,-13.3,0.4,36.0
2022-01-01,Utsjoki Nuorgam,-12.7,1.7,39.0
2022-01-01,Inari Väylä,-9.0,,
2022-01-01,Inari kirkonkylä,,-1.0,35.0
2022-01-01,Inari Kaamanen,-8.1,0.8,35.0
2022-01-01,Inari Nellim,-13.0,0.7,33.0
2022-01-01,Inari Kirakkajärvi,-9.2,3.5,63.0
2022-01-01,Mäntsälä Hirvihaara,-6.3,-1.0,9.0
2022-01-01,Lahti Sopenkorpi,-6.4,-1.0,15.0
2022-01-01,Siuntio Sjundby,,1.1,9.0
2022-01-01,Sipoo Itätoukki,-3.7,,
2022-01-01,Rauma Pyynpää,-6.2,2.7,11.0
2022-01-01,Muonio Oustajärvi,-25.2,-1.0,41.0
2022-01-01,Pyhtää lentokenttä,-6.0,-1.0,15.0
2022-01-01,Sotkamo Tuhkakylä,-11.7,-1.0,43.0
2022-01-01,Tervola Loue,-13.0,,
2022-01-01,Kajaani Petäisenniska,-12.2,-1.0,32.0
2022-01-01,Utsjoki Kevo Kevojärvi,-14.7,,
2022-01-01,Inari Seitalaassa,-9.4,,
2022-01-01,Ilmajoki Seinäjoki lentoasema,-9.4,,
2022-01-01,Rovaniemi lentoasema AWOS,-11.7,-1.0,37.0
2022-01-01,Jyväskylä lentoasema AWOS,-6.9,-1.0,25.0
2022-01-01,Puumala kirkonkylä,-6.6,-1.0,27.0
2022-01-01,Helsinki Vuosaari satama,-4.4,,
2022-01-01,Maarianhamina Länsisatama,-0.8,,
2022-01-01,Lumparland Långnäs satama,-1.3,3.6,4.0
2022-01-01,Tampere Tampella,-6.4,,
2022-01-01,Kittilä Lompolonvuoma,-11.7,-1.0,
2022-01-01,Kuusamo Ruka Talvijärvi,-10.3,,
2022-01-01,Espoo Nuuksio,-6.3,-1.0,13.0
2022-01-01,Mikkeli Lentoasema AWOS,-7.0,-1.0,34.0
2022-01-01,Espoo Tapiola,-4.9,-1.0,11.0
