date,station,tday,rrday,snow
2019-06-01,Porvoo Kilpilahti satama,12.4,,
2019-06-01,Jomala Maarianhamina lentoasema,8.9,,
2019-06-01,Parainen Utö,10.0,3.1,-1.0
2019-06-01,Lemland Nyhamn,9.1,,
2019-06-01,Jomala Jomalaby,9.7,10.4,-1.0
2019-06-01,Hammarland Märket,9.5,,
2019-06-01,Kökar Bogskär,10.0,,
2019-06-01,Parainen Fagerholm,10.0,10.3,
2019-06-01,Kumlinge kirkonkylä,11.0,,
2019-06-01,Hanko Russarö,10.0,,
2019-06-01,Kaarina Yltöinen,11.0,10.7,-1.0
2019-06-01,Kemiönsaari Vänö,9.9,,
2019-06-01,Hanko Tulliniemi,9.8,,
2019-06-01,Turku Rajakari,10.9,,
2019-06-01,Turku Artukainen,11.4,10.7,-1.0
2019-06-01,Kemiönsaari Kemiö,10.7,9.9,-1.0
2019-06-01,Hanko Tvärminne,10.6,4.3,-1.0
2019-06-01,Salo Kärkkä,11.7,7.0,
2019-06-01,Lohja Leppäkorpi,,6.8,-1.0
2019-06-01,Raasepori Jussarö,10.1,,
2019-06-01,Salo Kiikala lentokenttä,11.1,6.3,-1.0
2019-06-01,Vantaa Helsinki-Vantaan lentoasema,12.4,1.6,-1.0
2019-06-01,Inkoo Bågaskär,10.7,,
2019-06-01,Helsinki Kaisaniemi,12.3,2.3,-1.0
2019-06-01,Lohja Porla,12.0,1.9,-1.0
2019-06-01,Vihti Maasoja,11.2,,
2019-06-01,Helsinki Harmaja,10.2,,
2019-06-01,Kirkkonummi Mäkiluoto,10.8,,
2019-06-01,Helsinki Helsingin majakka,10.1,,
2019-06-01,Helsinki Kumpula,12.4,3.0,-1.0
2019-06-01,Helsinki Malmi lentokenttä,12.4,,
2019-06-01,Porvoo Emäsalo,11.0,,
2019-06-01,Porvoo Harabacka,12.9,2.2,-1.0
2019-06-01,Kotka Rankki,11.2,4.6,-1.0
2019-06-01,Loviisa Orrengrund,10.8,,
2019-06-01,Kotka Haapasaari,10.9,,
2019-06-01,Pori lentoasema,11.1,,
2019-06-01,Uusikaupunki Itätulli,,14.4,-1.0
2019-06-01,Laitila Haukka,,12.8,-1.0
2019-06-01,Kustavi Isokari,10.2,12.0,
2019-06-01,Rauma Kylmäpihlaja,10.7,,
2019-06-01,Pori rautatieasema,11.3,4.0,-1.0
2019-06-01,Turku lentoasema,11.1,,
2019-06-01,Kokemäki Rausenkulma,,6.1,-1.0
2019-06-01,Huittinen Sallila,,9.1,-1.0
2019-06-01,Oripää Teinikivi,,7.0,-1.0
2019-06-01,Pöytyä Yläne,,7.5,-1.0
2019-06-01,Kokemäki Tulkkila,11.1,6.3,-1.0
2019-06-01,Jokioinen Ilmala,11.0,6.8,-1.0
2019-06-01,Nokia Tottijärvi,,4.9,-1.0
2019-06-01,Pirkkala Tampere-Pirkkala lentoasema,10.8,,
2019-06-01,Tampere Härmälä,11.6,4.1,-1.0
2019-06-01,Somero Salkola,10.6,6.0,-1.0
2019-06-01,Hyvinkää Hyvinkäänkylä,11.6,3.4,-1.0
2019-06-01,Vihti Hiiskula,,4.7,-1.0
2019-06-01,Hämeenlinna Pirttikoski,,9.9,-1.0
2019-06-01,Nurmijärvi Röykkä,11.3,3.4,-1.0
2019-06-01,Hämeenlinna Katinen,12.3,,
2019-06-01,Hattula Lepaa,11.8,3.0,-1.0
2019-06-01,Hämeenlinna Lammi Pappila,11.6,3.0,-1.0
2019-06-01,Mäntsälä Hirvihaara Kuntomajantie,,-1.0,-1.0
2019-06-01,Asikkala Pulkkilanharju,12.1,,
2019-06-01,Hämeenlinna Lammi Evo,11.5,,
2019-06-01,Kouvola Utti lentoasema,12.5,1.5,-1.0
2019-06-01,Kouvola Anjala,12.8,1.9,-1.0
2019-06-01,Heinola Asemantaus,12.7,1.4,-1.0
2019-06-01,Kouvola Voikoski,,1.9,-1.0
2019-06-01,Virolahti Koivuniemi,11.2,6.2,-1.0
2019-06-01,Lappeenranta lentoasema,12.3,,
2019-06-01,Lappeenranta Konnunsuo,12.2,,
2019-06-01,Lappeenranta Lepola,12.6,2.7,-1.0
2019-06-01,Ruokolahti Kotaniemi,,7.3,-1.0
2019-06-01,Lappeenranta Hiekkapakka,12.0,,
2019-06-01,Parikkala Koitsanlahti,11.8,3.9,-1.0
2019-06-01,Kaskinen Sälgrund,8.3,3.0,
2019-06-01,Merikarvia Tuorila,,3.3,-1.0
2019-06-01,Isojoki Kärjenkoski,,2.4,-1.0
2019-06-01,Teuva Kauppilankylä,,3.1,-1.0
2019-06-01,Pori Tahkoluoto satama,9.6,,
2019-06-01,Kristiinankaupunki Majakka,7.3,,
2019-06-01,Karvia Alkkia,9.3,2.0,-1.0
2019-06-01,Ikaalinen Vehuvarpee,,-1.0,-1.0
2019-06-01,Kurikka Hirvijärvi,,3.0,-1.0
2019-06-01,Kauhajoki Kuja-Kokko,9.0,1.3,-1.0
2019-06-01,Kankaanpää Niinisalo lentokenttä,9.8,4.1,-1.0
2019-06-01,Alavus Sulkavankylä,,4.7,-1.0
2019-06-01,Virrat Äijänneva,9.4,,
2019-06-01,Tampere Siilinkari,10.7,,
2019-06-01,Jämsä Halli lentoasema,11.1,4.9,-1.0
2019-06-01,Juupajoki Hyytiälä,10.2,5.2,-1.0
2019-06-01,Sysmä Joutsjärvi,,5.5,-1.0
2019-06-01,Luhanka Tammijärvi,,6.0,-1.0
2019-06-01,Jyväskylä Muuratjärvi,,4.4,-1.0
2019-06-01,Luhanka Judinsalo,10.8,,
2019-06-01,Multia Pirttiperä,,5.4,-1.0
2019-06-01,Joutsa Savenaho,10.6,6.3,-1.0
2019-06-01,Kangasniemi kirkonkylä,,4.9,-1.0
2019-06-01,Joutsa Pärnämäki,,4.0,-1.0
2019-06-01,Mikkeli Pitkähiekka,,2.4,-1.0
2019-06-01,Juva Partala,11.8,,
2019-06-01,Varkaus Kosulanniemi,12.0,4.3,-1.0
2019-06-01,Savonlinna Laukansaari,,3.0,-1.0
2019-06-01,Sulkava Halttula,,2.1,-1.0
2019-06-01,Savonlinna lentoasema,12.3,,
2019-06-01,Rantasalmi Rukkasluoto,11.5,,
2019-06-01,Savonlinna Punkaharju Laukansaari,12.4,5.2,-1.0
2019-06-01,Enonkoski Simanala,,3.5,-1.0
2019-06-01,Savonlinna Savonranta,,4.0,-1.0
2019-06-01,Rääkkylä kirkonkylä,,8.3,-1.0
2019-06-01,Tohmajärvi Kemie,12.1,5.1,-1.0
2019-06-01,Joensuu Huhtilampi,,5.1,-1.0
2019-06-01,Vaasa lentoasema,9.7,,
2019-06-01,Mustasaari Valassaaret,9.0,,
2019-06-01,Närpiö Ylimarkku,,4.6,-1.0
2019-06-01,Mustasaari Riimala,,4.7,-1.0
2019-06-01,Kurikka Pyörni,,3.9,-1.0
2019-06-01,Korsnäs Bredskäret,8.5,,
2019-06-01,Maalahti Strömmingsbådan,7.3,,
2019-06-01,Vaasa Klemettilä,9.7,2.8,-1.0
2019-06-01,Seinäjoki Pelmaa,9.8,4.8,-1.0
2019-06-01,Kauhava lentokenttä,10.0,4.4,-1.0
2019-06-01,Ähtäri Inha,9.5,7.5,-1.0
2019-06-01,Halsua Purola,9.4,2.3,-1.0
2019-06-01,Alajärvi Möksy,9.6,6.0,-1.0
2019-06-01,Multia Karhila,8.8,8.8,-1.0
2019-06-01,Viitasaari Haapaniemi,10.1,5.6,-1.0
2019-06-01,Äänekoski Kalaniemi,,10.9,-1.0
2019-06-01,Viitasaari Kärnä,,5.8,-1.0
2019-06-01,Vesanto kirkonkylä,10.4,6.6,-1.0
2019-06-01,Pielavesi Venetmäki,,5.9,-1.0
2019-06-01,Siilinjärvi Kuopio lentoasema,10.9,,
2019-06-01,Kuopio Maaninka,10.5,5.9,-1.0
2019-06-01,Lapinlahti Lamminkäyrä,,6.6,-1.0
2019-06-01,Suonenjoki Iisvesi,,8.1,-1.0
2019-06-01,Kuopio Karttula,,6.5,-1.0
2019-06-01,Kuopio Ritoniemi,10.1,,
2019-06-01,Kuopio Savilahti,11.2,6.5,-1.0
2019-06-01,Heinävesi Palokki,,4.3,-1.0
2019-06-01,Outokumpu Viuruniemi,,4.3,-1.0
2019-06-01,Rautavaara Ala-Luosta,,6.9,-1.0
2019-06-01,Rautavaara Ylä-Luosta,9.6,6.8,-1.0
2019-06-01,Liperi Joensuu lentoasema,11.2,,
2019-06-01,Juuka Niemelä,10.8,7.4,-1.0
2019-06-01,Joensuu Pyhäselkä,,3.0,-1.0
2019-06-01,Lieksa Koli,,5.8,-1.0
2019-06-01,Liperi Tuiskavanluoto,11.5,,
2019-06-01,Joensuu Linnunlahti,11.7,3.3,-1.0
2019-06-01,Lieksa Lampela,11.0,7.8,-1.0
2019-06-01,Ilomantsi Naarva,,2.4,-1.0
2019-06-01,Ilomantsi Pötsönvaara,10.1,7.2,-1.0
2019-06-01,Ilomantsi Mekrijärvi,11.0,1.6,-1.0
2019-06-01,Pietarsaari Kallan,7.4,,
2019-06-01,Kokkola Tankar,7.8,,
2019-06-01,Kruunupyy Kokkola-Pietarsaari lentoasema,9.6,,
2019-06-01,Kaustinen Tastula,,0.6,-1.0
2019-06-01,Kalajoki Ulkokalla,5.3,,
2019-06-01,Toholampi Oravala,,0.0,-1.0
2019-06-01,Kalajoki Pitkäsenkylä,,-1.0,-1.0
2019-06-01,Kalajoki Mehtäkylä,,-1.0,-1.0
2019-06-01,Toholampi Laitala,9.2,-1.0,-1.0
2019-06-01,Ylivieska lentokenttä,9.9,-1.0,-1.0
2019-06-01,Ylivieska Vähäkangas,,-1.0,-1.0
2019-06-01,Haapavesi Mustikkamäki,9.9,0.0,-1.0
2019-06-01,Pyhäjärvi Ojakylä,9.2,0.7,-1.0
2019-06-01,Pyhäjärvi Hiidenniemi,,0.8,-1.0
2019-06-01,Kiuruvesi Korpijoki,,0.9,-1.0
2019-06-01,Siikalatva Kestilä,,-1.0,-1.0
2019-06-01,Kajaani lentoasema,9.7,,
2019-06-01,Vieremä Kaarakkala,8.7,0.8,-1.0
2019-06-01,Kajaani Paltaniemi,,-1.0,-1.0
2019-06-01,Nurmes Valtimo,10.3,4.6,-1.0
2019-06-01,Ristijärvi Mustavaara,,0.0,-1.0
2019-06-01,Sotkamo Kuolaniemi,9.7,-1.0,-1.0
2019-06-01,Nurmes Mujejärvi,,3.6,-1.0
2019-06-01,Kuhmo Apaja,,0.5,-1.0
2019-06-01,Kuhmo Kalliojoki,9.8,0.5,-1.0
2019-06-01,Raahe Nahkiainen,5.5,,
2019-06-01,Hailuoto Keskikylä,7.5,-1.0,-1.0
2019-06-01,Kemi I majakka,5.8,,
2019-06-01,Hailuoto Marjaniemi,6.8,,
2019-06-01,Raahe Lapaluoto satama,7.3,,
2019-06-01,Oulu lentoasema,9.5,,
2019-06-01,Siikajoki Ruukki,9.2,-1.0,-1.0
2019-06-01,Oulu Vihreäsaari satama,8.9,,
2019-06-01,Oulu Oulunsalo Pellonpää,9.6,-1.0,-1.0
2019-06-01,Vaala Pelso,9.0,-1.0,-1.0
2019-06-01,Pudasjärvi lentokenttä,8.9,-1.0,-1.0
2019-06-01,Utajärvi Särkijärvi,,0.0,-1.0
2019-06-01,Pudasjärvi Jaurakkajärvi,,-1.0,-1.0
2019-06-01,Suomussalmi Näljänkä,,-1.0,-1.0
2019-06-01,Suomussalmi Pesiö,8.1,-1.0,-1.0
2019-06-01,Puolanka Kotila,,0.0,-1.0
2019-06-01,Puolanka Paljakka,7.6,-1.0,-1.0
2019-06-01,Kemi Kemi-Tornio lentoasema,8.9,,
2019-06-01,Kemi Ajos,8.0,,
2019-06-01,Tornio Kaakkuri,9.8,-1.0,-1.0
2019-06-01,Ranua lentokenttä,7.9,0.2,-1.0
2019-06-01,Pudasjärvi Sarakylä,,-1.0,-1.0
2019-06-01,Posio Raistakka,,1.1,-1.0
2019-06-01,Taivalkoski Inkee,,0.0,-1.0
2019-06-01,Taivalkoski kirkonkylä,8.1,0.1,-1.0
2019-06-01,Kuusamo lentoasema,7.6,,
2019-06-01,Kuusamo Kiutaköngäs,8.7,0.6,-1.0
2019-06-01,Kuusamo Rukatunturi,5.6,,
2019-06-01,Kuusamo Teeriranta,,-1.0,-1.0
2019-06-01,Kuusamo Juuma,7.2,,
2019-06-01,Ylitornio Meltosjärvi,9.0,-1.0,-1.0
2019-06-01,Kolari Kattilamaa,,0.7,-1.0
2019-06-01,Pello kirkonkylä,9.3,0.3,-1.0
2019-06-01,Kittilä Alakylä,,1.4,-1.0
2019-06-01,Rovaniemi rautatieasema,8.8,,
2019-06-01,Sodankylä Tähtelä,7.0,1.5,-1.0
2019-06-01,Rovaniemi Apukka,8.7,0.1,-1.0
2019-06-01,Pelkosenniemi kirkonkylä,,0.7,-1.0
2019-06-01,Kemijärvi lentokenttä,7.6,0.2,-1.0
2019-06-01,Savukoski kirkonkylä,6.4,2.9,-1.0
2019-06-01,Salla Kelloselkä,,0.1,-1.0
2019-06-01,Pelkosenniemi Pyhätunturi,4.7,,
2019-06-01,Salla kirkonkylä,7.0,1.5,-1.0
2019-06-01,Salla Naruska,5.5,2.7,-1.0
2019-06-01,Enontekiö Kaaresuvanto,,0.4,-1.0
2019-06-01,Kittilä Pulju,,0.6,-1.0
2019-06-01,Muonio Laukukero,1.3,,
2019-06-01,Muonio Sammaltunturi,3.3,,
2019-06-01,Kittilä Matorova,5.6,,
2019-06-01,Kittilä lentoasema,7.1,,
2019-06-01,Kittilä Kenttärova,5.3,1.1,-1.0
2019-06-01,Kittilä Pakatti,7.4,0.8,-1.0
2019-06-01,Kittilä Pokka,5.6,1.0,-1.0
2019-06-01,Sodankylä Lokka,5.5,1.9,-1.0
2019-06-01,Sodankylä Vuotso,5.6,1.7,-1.0
2019-06-01,Inari Saariselkä matkailukeskus,4.3,6.8,-1.0
2019-06-01,Inari Saariselkä Kaunispää,3.3,,
2019-06-01,Inari Raja-Jooseppi Kontiojärvi,,3.5,-1.0
2019-06-01,Inari Raja-Jooseppi,4.8,,
2019-06-01,Salla Värriötunturi,4.9,1.2,-1.0
2019-06-01,Enontekiö Kilpisjärvi kyläkeskus,3.0,-1.0,-1.0
2019-06-01,Enontekiö Kilpisjärvi Saana,-1.3,,
2019-06-01,Enontekiö Näkkälä,5.0,0.1,-1.0
2019-06-01,Inari Angeli Lintupuoliselkä,5.0,0.3,-1.0
2019-06-01,Inari Ivalo lentoasema,6.4,,
2019-06-01,Utsjoki Kevo,6.0,0.6,-1.0
2019-06-01,Utsjoki Nuorgam,5.9,0.4,-1.0
2019-06-01,Inari Väylä,6.2,,
2019-06-01,Inari kirkonkylä,,1.5,-1.0
2019-06-01,Inari Kaamanen,5.6,1.6,-1.0
2019-06-01,Inari Nellim,6.0,2.0,-1.0
2019-06-01,Inari Kirakkajärvi,5.9,1.7,-1.0
2019-06-01,Mäntsälä Hirvihaara,11.9,1.9,-1.0
2019-06-01,Lahti Sopenkorpi,12.0,2.5,-1.0
2019-06-01,Siuntio Sjundby,,2.6,-1.0
2019-06-01,Sipoo Itätoukki,10.1,,
2019-06-01,Rauma Pyynpää,11.3,8.7,-1.0
2019-06-01,Muonio Oustajärvi,7.1,0.1,-1.0
2019-06-01,Kajaani Petäisenniska,9.8,-1.0,-1.0
2019-06-01,Utsjoki Kevo Kevojärvi,6.2,,
2019-06-01,Inari Seitalaassa,5.1,,
2019-06-01,Rovaniemi lentoasema AWOS,7.9,0.1,-1.0
2019-06-01,Jyväskylä lentoasema AWOS,10.6,5.0,-1.0
2019-06-01,Puumala kirkonkylä,12.4,1.7,-1.0
2019-06-01,Helsinki Vuosaari satama,11.7,,
2019-06-01,Maarianhamina Länsisatama,9.9,,
2019-06-01,Lumparland Långnäs satama,10.6,10.7,-1.0
2019-06-01,Tampere Tampella,12.1,,
2019-06-01,Kittilä Lompolonvuoma,6.2,,
2019-06-01,Kuusamo Ruka Talvijärvi,7.4,,
2019-06-01,Espoo Nuuksio,11.4,2.3,-1.0
2019-06-01,Mikkeli Lentoasema AWOS,12.1,3.6,-1.0
2019-06-01,Espoo Tapiola,12.5,3.6,-1.0
2019-06-02,Porvoo Kilpilahti satama,13.3,,
2019-06-02,Jomala Maarianhamina lentoasema,11.8,,
2019-06-02,Parainen Utö,10.4,-1.0,-1.0
2019-06-02,Lemland Nyhamn,9.5,,
2019-06-02,Jomala Jomalaby,11.5,-1.0,-1.0
2019-06-02,Hammarland Märket,8.5,,
2019-06-02,Kökar Bogskär,9.3,,
2019-06-02,Parainen Fagerholm,10.8,-1.0,
2019-06-02,Kumlinge kirkonkylä,9.9,,
2019-06-02,Hanko Russarö,11.0,,
2019-06-02,Kaarina Yltöinen,12.0,-1.0,-1.0
2019-06-02,Kemiönsaari Vänö,10.8,,
2019-06-02,Hanko Tulliniemi,10.8,,
2019-06-02,Turku Rajakari,11.5,,
2019-06-02,Turku Artukainen,11.9,-1.0,-1.0
2019-06-02,Kemiönsaari Kemiö,11.9,-1.0,-1.0
2019-06-02,Hanko Tvärminne,11.7,-1.0,-1.0
2019-06-02,Salo Kärkkä,12.2,-1.0,
2019-06-02,Lohja Leppäkorpi,,0.0,-1.0
2019-06-02,Raasepori Jussarö,11.0,,
2019-06-02,Salo Kiikala lentokenttä,11.6,-1.0,-1.0
2019-06-02,Vantaa Helsinki-Vantaan lentoasema,12.9,0.4,-1.0
2019-06-02,Inkoo Bågaskär,12.1,,
2019-06-02,Helsinki Kaisaniemi,13.4,-1.0,-1.0
2019-06-02,Lohja Porla,12.8,-1.0,-1.0
2019-06-02,Vihti Maasoja,12.4,,
2019-06-02,Helsinki Harmaja,11.2,,
2019-06-02,Kirkkonummi Mäkiluoto,11.4,,
2019-06-02,Helsinki Helsingin majakka,10.6,,
2019-06-02,Helsinki Kumpula,13.2,-1.0,-1.0
2019-06-02,Helsinki Malmi lentokenttä,13.2,,
2019-06-02,Porvoo Emäsalo,11.6,,
2019-06-02,Porvoo Harabacka,12.9,0.4,-1.0
2019-06-02,Kotka Rankki,11.1,0.3,-1.0
2019-06-02,Loviisa Orrengrund,11.0,,
2019-06-02,Kotka Haapasaari,10.8,,
2019-06-02,Pori lentoasema,10.3,,
2019-06-02,Uusikaupunki Itätulli,,-1.0,-1.0
2019-06-02,Laitila Haukka,,-1.0,-1.0
2019-06-02,Kustavi Isokari,8.8,-1.0,
2019-06-02,Rauma Kylmäpihlaja,8.9,,
2019-06-02,Pori rautatieasema,10.3,-1.0,-1.0
2019-06-02,Turku lentoasema,11.3,,
2019-06-02,Kokemäki Rausenkulma,,-1.0,-1.0
2019-06-02,Huittinen Sallila,,-1.0,-1.0
2019-06-02,Oripää Teinikivi,,-1.0,-1.0
2019-06-02,Pöytyä Yläne,,-1.0,-1.0
2019-06-02,Kokemäki Tulkkila,11.2,-1.0,-1.0
2019-06-02,Jokioinen Ilmala,11.6,-1.0,-1.0
2019-06-02,Nokia Tottijärvi,,-1.0,-1.0
2019-06-02,Pirkkala Tampere-Pirkkala lentoasema,11.2,,
2019-06-02,Tampere Härmälä,11.2,-1.0,-1.0
2019-06-02,Somero Salkola,11.1,-1.0,-1.0
2019-06-02,Hyvinkää Hyvinkäänkylä,12.2,0.2,-1.0
2019-06-02,Vihti Hiiskula,,0.4,-1.0
2019-06-02,Hämeenlinna Pirttikoski,,-1.0,-1.0
2019-06-02,Nurmijärvi Röykkä,11.8,0.2,-1.0
2019-06-02,Hämeenlinna Katinen,12.0,,
2019-06-02,Hattula Lepaa,11.7,0.1,-1.0
2019-06-02,Hämeenlinna Lammi Pappila,11.6,0.2,-1.0
2019-06-02,Mäntsälä Hirvihaara Kuntomajantie,,0.8,-1.0
2019-06-02,Asikkala Pulkkilanharju,10.9,,
2019-06-02,Hämeenlinna Lammi Evo,10.7,,
2019-06-02,Kouvola Utti lentoasema,11.7,0.7,-1.0
2019-06-02,Kouvola Anjala,12.6,0.4,-1.0
2019-06-02,Heinola Asemantaus,11.9,1.0,-1.0
2019-06-02,Kouvola Voikoski,,1.1,-1.0
2019-06-02,Virolahti Koivuniemi,11.8,0.0,-1.0
2019-06-02,Lappeenranta lentoasema,11.6,,
2019-06-02,Lappeenranta Konnunsuo,11.6,,
2019-06-02,Lappeenranta Lepola,11.7,0.5,-1.0
2019-06-02,Ruokolahti Kotaniemi,,1.3,-1.0
2019-06-02,Lappeenranta Hiekkapakka,11.2,,
2019-06-02,Parikkala Koitsanlahti,11.3,1.1,-1.0
2019-06-02,Kaskinen Sälgrund,8.9,-1.0,
2019-06-02,Merikarvia Tuorila,,-1.0,-1.0
2019-06-02,Isojoki Kärjenkoski,,-1.0,-1.0
2019-06-02,Teuva Kauppilankylä,,-1.0,-1.0
2019-06-02,Pori Tahkoluoto satama,8.8,,
2019-06-02,Kristiinankaupunki Majakka,7.1,,
2019-06-02,Karvia Alkkia,10.0,-1.0,-1.0
2019-06-02,Ikaalinen Vehuvarpee,,-1.0,-1.0
2019-06-02,Kurikka Hirvijärvi,,-1.0,-1.0
2019-06-02,Kauhajoki Kuja-Kokko,9.7,-1.0,-1.0
2019-06-02,Kankaanpää Niinisalo lentokenttä,11.3,-1.0,-1.0
2019-06-02,Alavus Sulkavankylä,,0.3,-1.0
2019-06-02,Virrat Äijänneva,9.4,,
2019-06-02,Tampere Siilinkari,10.6,,
2019-06-02,Jämsä Halli lentoasema,11.0,-1.0,-1.0
2019-06-02,Juupajoki Hyytiälä,10.2,-1.0,-1.0
2019-06-02,Sysmä Joutsjärvi,,0.3,-1.0
2019-06-02,Luhanka Tammijärvi,,-1.0,-1.0
2019-06-02,Jyväskylä Muuratjärvi,,-1.0,-1.0
2019-06-02,Luhanka Judinsalo,10.9,,
2019-06-02,Multia Pirttiperä,,-1.0,-1.0
2019-06-02,Joutsa Savenaho,10.5,-1.0,-1.0
2019-06-02,Kangasniemi kirkonkylä,,-1.0,-1.0
2019-06-02,Joutsa Pärnämäki,,0.5,-1.0
2019-06-02,Mikkeli Pitkähiekka,,0.4,-1.0
2019-06-02,Juva Partala,11.2,,
2019-06-02,Varkaus Kosulanniemi,11.2,0.2,-1.0
2019-06-02,Savonlinna Laukansaari,,2.3,-1.0
2019-06-02,Sulkava Halttula,,-1.0,-1.0
2019-06-02,Savonlinna lentoasema,11.2,,
2019-06-02,Rantasalmi Rukkasluoto,10.9,,
2019-06-02,Savonlinna Punkaharju Laukansaari,11.4,1.9,-1.0
2019-06-02,Enonkoski Simanala,,0.7,-1.0
2019-06-02,Savonlinna Savonranta,,1.9,-1.0
2019-06-02,Rääkkylä kirkonkylä,,0.5,-1.0
2019-06-02,Tohmajärvi Kemie,10.7,1.0,-1.0
2019-06-02,Joensuu Huhtilampi,,1.1,-1.0
2019-06-02,Vaasa lentoasema,10.1,,
2019-06-02,Mustasaari Valassaaret,9.5,,
2019-06-02,Närpiö Ylimarkku,,-1.0,-1.0
2019-06-02,Mustasaari Riimala,,-1.0,-1.0
2019-06-02,Kurikka Pyörni,,0.1,-1.0
2019-06-02,Korsnäs Bredskäret,8.8,,
2019-06-02,Maalahti Strömmingsbådan,7.8,,
2019-06-02,Vaasa Klemettilä,10.6,-1.0,-1.0
2019-06-02,Seinäjoki Pelmaa,10.7,-1.0,-1.0
2019-06-02,Kauhava lentokenttä,10.4,-1.0,-1.0
2019-06-02,Ähtäri Inha,9.8,-1.0,-1.0
2019-06-02,Halsua Purola,9.2,-1.0,-1.0
2019-06-02,Alajärvi Möksy,9.7,-1.0,-1.0
2019-06-02,Multia Karhila,9.1,-1.0,-1.0
2019-06-02,Viitasaari Haapaniemi,10.5,-1.0,-1.0
2019-06-02,Äänekoski Kalaniemi,,-1.0,-1.0
2019-06-02,Viitasaari Kärnä,,-1.0,-1.0
2019-06-02,Vesanto kirkonkylä,10.1,-1.0,-1.0
2019-06-02,Pielavesi Venetmäki,,-1.0,-1.0
2019-06-02,Siilinjärvi Kuopio lentoasema,10.9,,
2019-06-02,Kuopio Maaninka,10.6,-1.0,-1.0
2019-06-02,Lapinlahti Lamminkäyrä,,0.0,-1.0
2019-06-02,Suonenjoki Iisvesi,,0.0,-1.0
2019-06-02,Kuopio Karttula,,-1.0,-1.0
2019-06-02,Kuopio Ritoniemi,10.3,,
2019-06-02,Kuopio Savilahti,10.8,-1.0,-1.0
2019-06-02,Heinävesi Palokki,,0.8,-1.0
2019-06-02,Outokumpu Viuruniemi,,-1.0,-1.0
2019-06-02,Rautavaara Ala-Luosta,,0.0,-1.0
2019-06-02,Rautavaara Ylä-Luosta,9.7,-1.0,-1.0
2019-06-02,Liperi Joensuu lentoasema,10.6,,
2019-06-02,Juuka Niemelä,9.8,0.3,-1.0
2019-06-02,Joensuu Pyhäselkä,,0.6,-1.0
2019-06-02,Lieksa Koli,,2.2,-1.0
2019-06-02,Liperi Tuiskavanluoto,11.2,,
2019-06-02,Joensuu Linnunlahti,11.1,0.4,-1.0
2019-06-02,Lieksa Lampela,10.3,0.2,-1.0
2019-06-02,Ilomantsi Naarva,,2.8,-1.0
2019-06-02,Ilomantsi Pötsönvaara,9.1,3.5,-1.0
2019-06-02,Ilomantsi Mekrijärvi,10.5,1.6,-1.0
2019-06-02,Pietarsaari Kallan,6.6,,
2019-06-02,Kokkola Tankar,7.6,,
2019-06-02,Kruunupyy Kokkola-Pietarsaari lentoasema,10.0,,
2019-06-02,Kaustinen Tastula,,-1.0,-1.0
2019-06-02,Kalajoki Ulkokalla,5.2,,
2019-06-02,Toholampi Oravala,,-1.0,-1.0
2019-06-02,Kalajoki Pitkäsenkylä,,-1.0,-1.0
2019-06-02,Kalajoki Mehtäkylä,,-1.0,-1.0
2019-06-02,Toholampi Laitala,9.4,-1.0,-1.0
2019-06-02,Ylivieska lentokenttä,9.7,-1.0,-1.0
2019-06-02,Ylivieska Vähäkangas,,-1.0,-1.0
2019-06-02,Haapavesi Mustikkamäki,9.9,-1.0,-1.0
2019-06-02,Pyhäjärvi Ojakylä,9.0,-1.0,-1.0
2019-06-02,Pyhäjärvi Hiidenniemi,,-1.0,-1.0
2019-06-02,Kiuruvesi Korpijoki,,-1.0,-1.0
2019-06-02,Siikalatva Kestilä,,-1.0,-1.0
2019-06-02,Kajaani lentoasema,10.0,,
2019-06-02,Vieremä Kaarakkala,9.5,0.0,-1.0
2019-06-02,Kajaani Paltaniemi,,-1.0,-1.0
2019-06-02,Nurmes Valtimo,10.3,0.8,-1.0
2019-06-02,Ristijärvi Mustavaara,,0.0,-1.0
2019-06-02,Sotkamo Kuolaniemi,10.0,-1.0,-1.0
2019-06-02,Nurmes Mujejärvi,,-1.0,-1.0
2019-06-02,Kuhmo Apaja,,-1.0,-1.0
2019-06-02,Kuhmo Kalliojoki,9.8,1.4,-1.0
2019-06-02,Raahe Nahkiainen,5.7,,
2019-06-02,Hailuoto Keskikylä,8.0,-1.0,-1.0
2019-06-02,Kemi I majakka,7.3,,
2019-06-02,Hailuoto Marjaniemi,7.1,,
2019-06-02,Raahe Lapaluoto satama,7.0,,
2019-06-02,Oulu lentoasema,8.7,,
2019-06-02,Siikajoki Ruukki,8.4,-1.0,-1.0
2019-06-02,Oulu Vihreäsaari satama,9.0,,
2019-06-02,Oulu Oulunsalo Pellonpää,8.8,-1.0,-1.0
2019-06-02,Vaala Pelso,9.1,-1.0,-1.0
2019-06-02,Pudasjärvi lentokenttä,9.0,0.4,-1.0
2019-06-02,Utajärvi Särkijärvi,,0.0,-1.0
2019-06-02,Pudasjärvi Jaurakkajärvi,,0.2,-1.0
2019-06-02,Suomussalmi Näljänkä,,1.1,-1.0
2019-06-02,Suomussalmi Pesiö,8.5,0.6,-1.0
2019-06-02,Puolanka Kotila,,-1.0,-1.0
2019-06-02,Puolanka Paljakka,8.4,-1.0,-1.0
2019-06-02,Kemi Kemi-Tornio lentoasema,8.6,,
2019-06-02,Kemi Ajos,9.5,,
2019-06-02,Tornio Kaakkuri,9.1,1.0,-1.0
2019-06-02,Ranua lentokenttä,8.5,1.9,-1.0
2019-06-02,Pudasjärvi Sarakylä,,3.2,-1.0
2019-06-02,Posio Raistakka,,0.9,-1.0
2019-06-02,Taivalkoski Inkee,,1.5,-1.0
2019-06-02,Taivalkoski kirkonkylä,7.9,1.9,-1.0
2019-06-02,Kuusamo lentoasema,8.7,,
2019-06-02,Kuusamo Kiutaköngäs,8.6,0.8,-1.0
2019-06-02,Kuusamo Rukatunturi,6.1,,
2019-06-02,Kuusamo Teeriranta,,0.7,-1.0
2019-06-02,Kuusamo Juuma,7.3,,
2019-06-02,Ylitornio Meltosjärvi,7.8,0.2,-1.0
2019-06-02,Kolari Kattilamaa,,0.0,-1.0
2019-06-02,Pello kirkonkylä,8.0,0.1,-1.0
2019-06-02,Kittilä Alakylä,,0.0,-1.0
2019-06-02,Rovaniemi rautatieasema,8.5,,
2019-06-02,Sodankylä Tähtelä,6.9,-1.0,-1.0
2019-06-02,Rovaniemi Apukka,8.0,1.0,-1.0
2019-06-02,Pelkosenniemi kirkonkylä,,0.1,-1.0
2019-06-02,Kemijärvi lentokenttä,7.7,0.6,-1.0
2019-06-02,Savukoski kirkonkylä,6.8,0.3,-1.0
2019-06-02,Salla Kelloselkä,,0.3,-1.0
2019-06-02,Pelkosenniemi Pyhätunturi,5.5,,
2019-06-02,Salla kirkonkylä,7.8,0.6,-1.0
2019-06-02,Salla Naruska,6.3,0.3,-1.0
2019-06-02,Enontekiö Kaaresuvanto,,0.2,-1.0
2019-06-02,Kittilä Pulju,,0.3,-1.0
2019-06-02,Muonio Laukukero,1.1,,
2019-06-02,Muonio Sammaltunturi,3.1,,
2019-06-02,Kittilä Matorova,5.2,,
2019-06-02,Kittilä lentoasema,6.7,,
2019-06-02,Kittilä Kenttärova,5.2,0.8,-1.0
2019-06-02,Kittilä Pakatti,7.0,-1.0,-1.0
2019-06-02,Kittilä Pokka,5.7,0.3,-1.0
2019-06-02,Sodankylä Lokka,6.2,1.0,-1.0
2019-06-02,Sodankylä Vuotso,5.9,-1.0,-1.0
2019-06-02,Inari Saariselkä matkailukeskus,4.4,1.8,-1.0
2019-06-02,Inari Saariselkä Kaunispää,3.0,,
2019-06-02,Inari Raja-Jooseppi Kontiojärvi,,-1.0,-1.0
2019-06-02,Inari Raja-Jooseppi,4.7,,
2019-06-02,Salla Värriötunturi,5.4,0.5,-1.0
2019-06-02,Enontekiö Kilpisjärvi kyläkeskus,3.6,-1.0,-1.0
2019-06-02,Enontekiö Kilpisjärvi Saana,-1.0,,
2019-06-02,Enontekiö Näkkälä,4.4,0.1,-1.0
2019-06-02,Inari Angeli Lintupuoliselkä,4.6,0.6,-1.0
2019-06-02,Inari Ivalo lentoasema,5.6,,
2019-06-02,Utsjoki Kevo,4.8,0.5,-1.0
2019-06-02,Utsjoki Nuorgam,5.1,0.1,-1.0
2019-06-02,Inari Väylä,5.7,,
2019-06-02,Inari kirkonkylä,,0.0,-1.0
2019-06-02,Inari Kaamanen,5.1,0.3,-1.0
2019-06-02,Inari Nellim,5.4,0.3,-1.0
2019-06-02,Inari Kirakkajärvi,4.9,0.4,-1.0
2019-06-02,Mäntsälä Hirvihaara,11.8,0.3,-1.0
2019-06-02,Lahti Sopenkorpi,12.2,1.0,-1.0
2019-06-02,Siuntio Sjundby,,-1.0,-1.0
2019-06-02,Sipoo Itätoukki,10.7,,
2019-06-02,Rauma Pyynpää,9.7,-1.0,-1.0
2019-06-02,Muonio Oustajärvi,6.8,0.5,-1.0
2019-06-02,Kajaani Petäisenniska,10.0,-1.0,-1.0
2019-06-02,Utsjoki Kevo Kevojärvi,4.8,,
2019-06-02,Inari Seitalaassa,4.5,,
2019-06-02,Rovaniemi lentoasema AWOS,8.2,-1.0,-1.0
2019-06-02,Jyväskylä lentoasema AWOS,10.9,-1.0,-1.0
2019-06-02,Puumala kirkonkylä,11.0,1.2,-1.0
2019-06-02,Helsinki Vuosaari satama,13.1,,
2019-06-02,Maarianhamina Länsisatama,11.9,,
2019-06-02,Lumparland Långnäs satama,11.6,-1.0,-1.0
2019-06-02,Tampere Tampella,11.9,,
2019-06-02,Kittilä Lompolonvuoma,5.5,,
2019-06-02,Kuusamo Ruka Talvijärvi,7.6,,
2019-06-02,Espoo Nuuksio,12.1,0.5,-1.0
2019-06-02,Mikkeli Lentoasema AWOS,11.5,0.6,-1.0
2019-06-02,Espoo Tapiola,13.4,-1.0,-1.0
2019-06-03,Porvoo Kilpilahti satama,11.9,,
2019-06-03,Jomala Maarianhamina lentoasema,11.9,,
2019-06-03,Parainen Utö,11.1,2.1,-1.0
2019-06-03,Lemland Nyhamn,10.0,,
2019-06-03,Jomala Jomalaby,12.5,0.2,-1.0
2019-06-03,Hammarland Märket,9.5,,
2019-06-03,Kökar Bogskär,10.7,,
2019-06-03,Parainen Fagerholm,12.0,0.1,
2019-06-03,Kumlinge kirkonkylä,12.1,,
2019-06-03,Hanko Russarö,12.1,,
2019-06-03,Kaarina Yltöinen,12.8,1.3,-1.0
2019-06-03,Kemiönsaari Vänö,12.2,,
2019-06-03,Hanko Tulliniemi,11.9,,
2019-06-03,Turku Rajakari,13.1,,
2019-06-03,Turku Artukainen,13.7,1.0,-1.0
2019-06-03,Kemiönsaari Kemiö,12.4,1.4,-1.0
2019-06-03,Hanko Tvärminne,11.7,9.9,-1.0
2019-06-03,Salo Kärkkä,13.5,0.1,
2019-06-03,Lohja Leppäkorpi,,0.0,-1.0
2019-06-03,Raasepori Jussarö,11.7,,
2019-06-03,Salo Kiikala lentokenttä,12.7,0.2,-1.0
2019-06-03,Vantaa Helsinki-Vantaan lentoasema,12.7,3.8,-1.0
2019-06-03,Inkoo Bågaskär,11.5,,
2019-06-03,Helsinki Kaisaniemi,13.0,5.6,-1.0
2019-06-03,Lohja Porla,13.4,2.3,-1.0
2019-06-03,Vihti Maasoja,12.3,,
2019-06-03,Helsinki Harmaja,11.0,,
2019-06-03,Kirkkonummi Mäkiluoto,11.6,,
2019-06-03,Helsinki Helsingin majakka,11.5,,
2019-06-03,Helsinki Kumpula,13.0,9.7,-1.0
2019-06-03,Helsinki Malmi lentokenttä,12.5,,
2019-06-03,Porvoo Emäsalo,11.6,,
2019-06-03,Porvoo Harabacka,13.0,4.5,-1.0
2019-06-03,Kotka Rankki,12.4,7.4,-1.0
2019-06-03,Loviisa Orrengrund,11.6,,
2019-06-03,Kotka Haapasaari,12.0,,
2019-06-03,Pori lentoasema,12.8,,
2019-06-03,Uusikaupunki Itätulli,,0.6,-1.0
2019-06-03,Laitila Haukka,,0.0,-1.0
2019-06-03,Kustavi Isokari,11.6,3.0,
2019-06-03,Rauma Kylmäpihlaja,12.9,,
2019-06-03,Pori rautatieasema,13.1,0.3,-1.0
2019-06-03,Turku lentoasema,13.0,,
2019-06-03,Kokemäki Rausenkulma,,0.3,-1.0
2019-06-03,Huittinen Sallila,,0.1,-1.0
2019-06-03,Oripää Teinikivi,,0.0,-1.0
2019-06-03,Pöytyä Yläne,,0.0,-1.0
2019-06-03,Kokemäki Tulkkila,12.7,0.4,-1.0
2019-06-03,Jokioinen Ilmala,12.7,0.3,-1.0
2019-06-03,Nokia Tottijärvi,,0.4,-1.0
2019-06-03,Pirkkala Tampere-Pirkkala lentoasema,12.3,,
2019-06-03,Tampere Härmälä,12.4,0.2,-1.0
2019-06-03,Somero Salkola,12.2,-1.0,-1.0
2019-06-03,Hyvinkää Hyvinkäänkylä,12.5,1.8,-1.0
2019-06-03,Vihti Hiiskula,,1.5,-1.0
2019-06-03,Hämeenlinna Pirttikoski,,-1.0,-1.0
2019-06-03,Nurmijärvi Röykkä,12.7,1.6,-1.0
2019-06-03,Hämeenlinna Katinen,13.5,,
2019-06-03,Hattula Lepaa,12.9,-1.0,-1.0
2019-06-03,Hämeenlinna Lammi Pappila,12.4,0.1,-1.0
2019-06-03,Mäntsälä Hirvihaara Kuntomajantie,,-1.0,-1.0
2019-06-03,Asikkala Pulkkilanharju,12.0,,
2019-06-03,Hämeenlinna Lammi Evo,12.0,,
2019-06-03,Kouvola Utti lentoasema,13.2,-1.0,-1.0
2019-06-03,Kouvola Anjala,12.8,0.1,-1.0
2019-06-03,Heinola Asemantaus,13.1,0.7,-1.0
2019-06-03,Kouvola Voikoski,,0.9,-1.0
2019-06-03,Virolahti Koivuniemi,12.5,0.0,-1.0
2019-06-03,Lappeenranta lentoasema,12.8,,
2019-06-03,Lappeenranta Konnunsuo,12.1,,
2019-06-03,Lappeenranta Lepola,13.2,0.7,-1.0
2019-06-03,Ruokolahti Kotaniemi,,3.2,-1.0
2019-06-03,Lappeenranta Hiekkapakka,12.8,,
2019-06-03,Parikkala Koitsanlahti,12.7,0.4,-1.0
2019-06-03,Kaskinen Sälgrund,10.3,2.5,
2019-06-03,Merikarvia Tuorila,,1.5,-1.0
2019-06-03,Isojoki Kärjenkoski,,3.0,-1.0
2019-06-03,Teuva Kauppilankylä,,1.9,-1.0
2019-06-03,Pori Tahkoluoto satama,12.0,,
2019-06-03,Kristiinankaupunki Majakka,10.3,,
2019-06-03,Karvia Alkkia,11.4,0.4,-1.0
2019-06-03,Ikaalinen Vehuvarpee,,1.0,-1.0
2019-06-03,Kurikka Hirvijärvi,,1.4,-1.0
2019-06-03,Kauhajoki Kuja-Kokko,10.8,1.0,-1.0
2019-06-03,Kankaanpää Niinisalo lentokenttä,12.2,0.1,-1.0
2019-06-03,Alavus Sulkavankylä,,0.9,-1.0
2019-06-03,Virrat Äijänneva,10.8,,
2019-06-03,Tampere Siilinkari,12.9,,
2019-06-03,Jämsä Halli lentoasema,12.6,-1.0,-1.0
2019-06-03,Juupajoki Hyytiälä,11.4,0.1,-1.0
2019-06-03,Sysmä Joutsjärvi,,0.4,-1.0
2019-06-03,Luhanka Tammijärvi,,-1.0,-1.0
2019-06-03,Jyväskylä Muuratjärvi,,-1.0,-1.0
2019-06-03,Luhanka Judinsalo,11.3,,
2019-06-03,Multia Pirttiperä,,0.4,-1.0
2019-06-03,Joutsa Savenaho,11.9,0.1,-1.0
2019-06-03,Kangasniemi kirkonkylä,,0.0,-1.0
2019-06-03,Joutsa Pärnämäki,,0.3,-1.0
2019-06-03,Mikkeli Pitkähiekka,,0.1,-1.0
2019-06-03,Juva Partala,12.8,,
2019-06-03,Varkaus Kosulanniemi,13.0,1.2,-1.0
2019-06-03,Savonlinna Laukansaari,,0.3,-1.0
2019-06-03,Sulkava Halttula,,-1.0,-1.0
2019-06-03,Savonlinna lentoasema,13.1,,
2019-06-03,Rantasalmi Rukkasluoto,12.9,,
2019-06-03,Savonlinna Punkaharju Laukansaari,13.3,1.5,-1.0
2019-06-03,Enonkoski Simanala,,0.9,-1.0
2019-06-03,Savonlinna Savonranta,,1.3,-1.0
2019-06-03,Rääkkylä kirkonkylä,,1.9,-1.0
2019-06-03,Tohmajärvi Kemie,12.5,2.3,-1.0
2019-06-03,Joensuu Huhtilampi,,3.0,-1.0
2019-06-03,Vaasa lentoasema,10.6,,
2019-06-03,Mustasaari Valassaaret,10.5,,
2019-06-03,Närpiö Ylimarkku,,1.4,-1.0
2019-06-03,Mustasaari Riimala,,1.8,-1.0
2019-06-03,Kurikka Pyörni,,0.5,-1.0
2019-06-03,Korsnäs Bredskäret,11.0,,
2019-06-03,Maalahti Strömmingsbådan,8.6,,
2019-06-03,Vaasa Klemettilä,10.6,4.5,-1.0
2019-06-03,Seinäjoki Pelmaa,11.0,2.5,-1.0
2019-06-03,Kauhava lentokenttä,10.8,3.3,-1.0
2019-06-03,Ähtäri Inha,11.2,1.5,-1.0
2019-06-03,Halsua Purola,9.7,4.7,-1.0
2019-06-03,Alajärvi Möksy,10.4,3.2,-1.0
2019-06-03,Multia Karhila,10.6,1.2,-1.0
2019-06-03,Viitasaari Haapaniemi,11.3,1.9,-1.0
2019-06-03,Äänekoski Kalaniemi,,0.8,-1.0
2019-06-03,Viitasaari Kärnä,,3.0,-1.0
2019-06-03,Vesanto kirkonkylä,10.2,2.9,-1.0
2019-06-03,Pielavesi Venetmäki,,6.6,-1.0
2019-06-03,Siilinjärvi Kuopio lentoasema,12.0,,
2019-06-03,Kuopio Maaninka,11.8,2.6,-1.0
2019-06-03,Lapinlahti Lamminkäyrä,,4.4,-1.0
2019-06-03,Suonenjoki Iisvesi,,0.5,-1.0
2019-06-03,Kuopio Karttula,,2.6,-1.0
2019-06-03,Kuopio Ritoniemi,12.2,,
2019-06-03,Kuopio Savilahti,12.7,1.9,-1.0
2019-06-03,Heinävesi Palokki,,1.4,-1.0
2019-06-03,Outokumpu Viuruniemi,,1.8,-1.0
2019-06-03,Rautavaara Ala-Luosta,,5.1,-1.0
2019-06-03,Rautavaara Ylä-Luosta,10.3,7.0,-1.0
2019-06-03,Liperi Joensuu lentoasema,12.8,,
2019-06-03,Juuka Niemelä,11.5,5.7,-1.0
2019-06-03,Joensuu Pyhäselkä,,2.5,-1.0
2019-06-03,Lieksa Koli,,5.9,-1.0
2019-06-03,Liperi Tuiskavanluoto,12.9,,
2019-06-03,Joensuu Linnunlahti,12.9,2.5,-1.0
2019-06-03,Lieksa Lampela,11.4,6.8,-1.0
2019-06-03,Ilomantsi Naarva,,4.5,-1.0
2019-06-03,Ilomantsi Pötsönvaara,10.9,5.7,-1.0
2019-06-03,Ilomantsi Mekrijärvi,12.0,2.9,-1.0
2019-06-03,Pietarsaari Kallan,10.0,,
2019-06-03,Kokkola Tankar,10.1,,
2019-06-03,Kruunupyy Kokkola-Pietarsaari lentoasema,10.4,,
2019-06-03,Kaustinen Tastula,,4.8,-1.0
2019-06-03,Kalajoki Ulkokalla,7.1,,
2019-06-03,Toholampi Oravala,,5.7,-1.0
2019-06-03,Kalajoki Pitkäsenkylä,,4.6,-1.0
2019-06-03,Kalajoki Mehtäkylä,,10.9,-1.0
2019-06-03,Toholampi Laitala,10.2,5.9,-1.0
2019-06-03,Ylivieska lentokenttä,9.2,8.7,-1.0
2019-06-03,Ylivieska Vähäkangas,,8.8,-1.0
2019-06-03,Haapavesi Mustikkamäki,9.5,10.7,-1.0
2019-06-03,Pyhäjärvi Ojakylä,9.2,10.7,-1.0
2019-06-03,Pyhäjärvi Hiidenniemi,,8.1,-1.0
2019-06-03,Kiuruvesi Korpijoki,,9.1,-1.0
2019-06-03,Siikalatva Kestilä,,15.8,-1.0
2019-06-03,Kajaani lentoasema,10.3,,
2019-06-03,Vieremä Kaarakkala,9.7,10.7,-1.0
2019-06-03,Kajaani Paltaniemi,,13.9,-1.0
2019-06-03,Nurmes Valtimo,11.5,4.7,-1.0
2019-06-03,Ristijärvi Mustavaara,,13.7,-1.0
2019-06-03,Sotkamo Kuolaniemi,10.5,10.1,-1.0
2019-06-03,Nurmes Mujejärvi,,8.8,-1.0
2019-06-03,Kuhmo Apaja,,7.8,-1.0
2019-06-03,Kuhmo Kalliojoki,10.0,6.6,-1.0
2019-06-03,Raahe Nahkiainen,8.7,,
2019-06-03,Hailuoto Keskikylä,9.2,27.2,-1.0
2019-06-03,Kemi I majakka,7.9,,
2019-06-03,Hailuoto Marjaniemi,8.9,,
2019-06-03,Raahe Lapaluoto satama,9.4,,
2019-06-03,Oulu lentoasema,10.8,,
2019-06-03,Siikajoki Ruukki,10.0,18.6,-1.0
2019-06-03,Oulu Vihreäsaari satama,11.0,,
2019-06-03,Oulu Oulunsalo Pellonpää,10.4,29.0,-1.0
2019-06-03,Vaala Pelso,9.8,17.6,-1.0
2019-06-03,Pudasjärvi lentokenttä,9.4,26.4,-1.0
2019-06-03,Utajärvi Särkijärvi,,16.1,-1.0
2019-06-03,Pudasjärvi Jaurakkajärvi,,14.3,-1.0
2019-06-03,Suomussalmi Näljänkä,,11.0,-1.0
2019-06-03,Suomussalmi Pesiö,9.0,10.8,-1.0
2019-06-03,Puolanka Kotila,,16.7,-1.0
2019-06-03,Puolanka Paljakka,8.5,17.9,-1.0
2019-06-03,Kemi Kemi-Tornio lentoasema,8.4,,
2019-06-03,Kemi Ajos,9.1,,
2019-06-03,Tornio Kaakkuri,8.5,18.8,-1.0
2019-06-03,Ranua lentokenttä,8.7,14.9,-1.0
2019-06-03,Pudasjärvi Sarakylä,,14.2,-1.0
2019-06-03,Posio Raistakka,,11.5,-1.0
2019-06-03,Taivalkoski Inkee,,9.4,-1.0
2019-06-03,Taivalkoski kirkonkylä,8.6,12.6,-1.0
2019-06-03,Kuusamo lentoasema,8.6,,
2019-06-03,Kuusamo Kiutaköngäs,8.2,8.1,-1.0
2019-06-03,Kuusamo Rukatunturi,6.5,,
2019-06-03,Kuusamo Teeriranta,,8.7,-1.0
2019-06-03,Kuusamo Juuma,7.6,,
2019-06-03,Ylitornio Meltosjärvi,8.4,5.1,-1.0
2019-06-03,Kolari Kattilamaa,,2.0,-1.0
2019-06-03,Pello kirkonkylä,8.6,3.7,-1.0
2019-06-03,Kittilä Alakylä,,2.9,-1.0
2019-06-03,Rovaniemi rautatieasema,9.5,,
2019-06-03,Sodankylä Tähtelä,8.2,5.4,-1.0
2019-06-03,Rovaniemi Apukka,8.8,6.6,-1.0
2019-06-03,Pelkosenniemi kirkonkylä,,4.0,-1.0
2019-06-03,Kemijärvi lentokenttä,8.2,6.6,-1.0
2019-06-03,Savukoski kirkonkylä,7.7,4.6,-1.0
2019-06-03,Salla Kelloselkä,,2.0,-1.0
2019-06-03,Pelkosenniemi Pyhätunturi,5.9,,
2019-06-03,Salla kirkonkylä,7.6,4.6,-1.0
2019-06-03,Salla Naruska,7.2,3.3,-1.0
2019-06-03,Enontekiö Kaaresuvanto,,0.5,-1.0
2019-06-03,Kittilä Pulju,,0.7,-1.0
2019-06-03,Muonio Laukukero,2.9,,
2019-06-03,Muonio Sammaltunturi,5.2,,
2019-06-03,Kittilä Matorova,7.2,,
2019-06-03,Kittilä lentoasema,8.0,,
2019-06-03,Kittilä Kenttärova,7.1,0.5,-1.0
2019-06-03,Kittilä Pakatti,8.1,1.9,-1.0
2019-06-03,Kittilä Pokka,6.8,0.4,-1.0
2019-06-03,Sodankylä Lokka,6.7,0.9,-1.0
2019-06-03,Sodankylä Vuotso,6.7,0.4,-1.0
2019-06-03,Inari Saariselkä matkailukeskus,5.7,-1.0,-1.0
2019-06-03,Inari Saariselkä Kaunispää,4.3,,
2019-06-03,Inari Raja-Jooseppi Kontiojärvi,,-1.0,-1.0
2019-06-03,Inari Raja-Jooseppi,6.2,,
2019-06-03,Salla Värriötunturi,5.7,0.1,-1.0
2019-06-03,Enontekiö Kilpisjärvi kyläkeskus,5.3,1.4,-1.0
2019-06-03,Enontekiö Kilpisjärvi Saana,1.4,,
2019-06-03,Enontekiö Näkkälä,6.4,0.4,-1.0
2019-06-03,Inari Angeli Lintupuoliselkä,5.8,-1.0,-1.0
2019-06-03,Inari Ivalo lentoasema,7.1,,
2019-06-03,Utsjoki Kevo,6.2,-1.0,-1.0
2019-06-03,Utsjoki Nuorgam,5.7,-1.0,-1.0
2019-06-03,Inari Väylä,5.8,,
2019-06-03,Inari kirkonkylä,,-1.0,-1.0
2019-06-03,Inari Kaamanen,5.5,-1.0,-1.0
2019-06-03,Inari Nellim,5.9,-1.0,-1.0
2019-06-03,Inari Kirakkajärvi,5.2,-1.0,-1.0
2019-06-03,Mäntsälä Hirvihaara,12.3,1.5,-1.0
2019-06-03,Lahti Sopenkorpi,13.7,-1.0,-1.0
2019-06-03,Siuntio Sjundby,,3.1,-1.0
2019-06-03,Sipoo Itätoukki,10.9,,
2019-06-03,Rauma Pyynpää,12.9,0.7,-1.0
2019-06-03,Muonio Oustajärvi,8.2,0.1,-1.0
2019-06-03,Kajaani Petäisenniska,10.6,12.9,-1.0
2019-06-03,Utsjoki Kevo Kevojärvi,5.9,,
2019-06-03,Inari Seitalaassa,4.6,,
2019-06-03,Rovaniemi lentoasema AWOS,9.0,7.2,-1.0
2019-06-03,Jyväskylä lentoasema AWOS,12.3,0.3,-1.0
2019-06-03,Puumala kirkonkylä,13.0,0.5,-1.0
2019-06-03,Helsinki Vuosaari satama,10.9,,
2019-06-03,Maarianhamina Länsisatama,12.3,,
2019-06-03,Lumparland Långnäs satama,12.5,0.5,-1.0
2019-06-03,Tampere Tampella,13.9,,
2019-06-03,Kittilä Lompolonvuoma,7.6,,
2019-06-03,Kuusamo Ruka Talvijärvi,7.9,,
2019-06-03,Espoo Nuuksio,12.3,3.2,-1.0
2019-06-03,Mikkeli Lentoasema AWOS,12.6,0.6,-1.0
2019-06-03,Espoo Tapiola,11.9,8.4,-1.0
2019-06-04,Porvoo Kilpilahti satama,16.8,,
2019-06-04,Jomala Maarianhamina lentoasema,12.6,,
2019-06-04,Parainen Utö,11.7,0.2,-1.0
2019-06-04,Lemland Nyhamn,10.3,,
2019-06-04,Jomala Jomalaby,14.1,-1.0,-1.0
2019-06-04,Hammarland Märket,11.5,,
2019-06-04,Kökar Bogskär,12.2,,
2019-06-04,Parainen Fagerholm,12.4,0.1,
2019-06-04,Kumlinge kirkonkylä,13.9,,
2019-06-04,Hanko Russarö,12.6,,
2019-06-04,Kaarina Yltöinen,15.0,-1.0,-1.0
2019-06-04,Kemiönsaari Vänö,12.7,,
2019-06-04,Hanko Tulliniemi,12.7,,
2019-06-04,Turku Rajakari,13.7,,
2019-06-04,Turku Artukainen,16.0,-1.0,-1.0
2019-06-04,Kemiönsaari Kemiö,15.9,0.3,-1.0
2019-06-04,Hanko Tvärminne,13.4,0.9,-1.0
2019-06-04,Salo Kärkkä,17.6,0.2,
2019-06-04,Lohja Leppäkorpi,,-1.0,-1.0
2019-06-04,Raasepori Jussarö,12.3,,
2019-06-04,Salo Kiikala lentokenttä,17.3,-1.0,-1.0
2019-06-04,Vantaa Helsinki-Vantaan lentoasema,17.7,0.3,-1.0
2019-06-04,Inkoo Bågaskär,14.1,,
2019-06-04,Helsinki Kaisaniemi,17.2,-1.0,-1.0
2019-06-04,Lohja Porla,16.9,0.9,-1.0
2019-06-04,Vihti Maasoja,17.6,,
2019-06-04,Helsinki Harmaja,12.7,,
2019-06-04,Kirkkonummi Mäkiluoto,14.4,,
2019-06-04,Helsinki Helsingin majakka,14.8,,
2019-06-04,Helsinki Kumpula,17.5,0.0,-1.0
2019-06-04,Helsinki Malmi lentokenttä,17.5,,
2019-06-04,Porvoo Emäsalo,13.7,,
2019-06-04,Porvoo Harabacka,18.3,-1.0,-1.0
2019-06-04,Kotka Rankki,14.0,-1.0,-1.0
2019-06-04,Loviisa Orrengrund,12.8,,
2019-06-04,Kotka Haapasaari,14.2,,
2019-06-04,Pori lentoasema,15.8,,
2019-06-04,Uusikaupunki Itätulli,,-1.0,-1.0
2019-06-04,Laitila Haukka,,-1.0,-1.0
2019-06-04,Kustavi Isokari,12.3,-1.0,
2019-06-04,Rauma Kylmäpihlaja,13.9,,
2019-06-04,Pori rautatieasema,15.9,-1.0,-1.0
2019-06-04,Turku lentoasema,15.9,,
2019-06-04,Kokemäki Rausenkulma,,0.0,-1.0
2019-06-04,Huittinen Sallila,,-1.0,-1.0
2019-06-04,Oripää Teinikivi,,-1.0,-1.0
2019-06-04,Pöytyä Yläne,,0.0,-1.0
2019-06-04,Kokemäki Tulkkila,17.0,-1.0,-1.0
2019-06-04,Jokioinen Ilmala,17.3,-1.0,-1.0
2019-06-04,Nokia Tottijärvi,,-1.0,-1.0
2019-06-04,Pirkkala Tampere-Pirkkala lentoasema,17.3,,
2019-06-04,Tampere Härmälä,17.6,-1.0,-1.0
2019-06-04,Somero Salkola,17.3,-1.0,-1.0
2019-06-04,Hyvinkää Hyvinkäänkylä,17.8,-1.0,-1.0
2019-06-04,Vihti Hiiskula,,-1.0,-1.0
2019-06-04,Hämeenlinna Pirttikoski,,-1.0,-1.0
2019-06-04,Nurmijärvi Röykkä,17.6,0.1,-1.0
2019-06-04,Hämeenlinna Katinen,18.8,,
2019-06-04,Hattula Lepaa,18.1,0.6,-1.0
2019-06-04,Hämeenlinna Lammi Pappila,17.9,1.3,-1.0
2019-06-04,Mäntsälä Hirvihaara Kuntomajantie,,-1.0,-1.0
2019-06-04,Asikkala Pulkkilanharju,18.0,,
2019-06-04,Hämeenlinna Lammi Evo,17.9,,
2019-06-04,Kouvola Utti lentoasema,18.2,1.0,-1.0
2019-06-04,Kouvola Anjala,18.4,2.5,-1.0
2019-06-04,Heinola Asemantaus,18.2,-1.0,-1.0
2019-06-04,Kouvola Voikoski,,-1.0,-1.0
2019-06-04,Virolahti Koivuniemi,16.6,-1.0,-1.0
2019-06-04,Lappeenranta lentoasema,18.1,,
2019-06-04,Lappeenranta Konnunsuo,18.3,,
2019-06-04,Lappeenranta Lepola,18.1,-1.0,-1.0
2019-06-04,Ruokolahti Kotaniemi,,0.0,-1.0
2019-06-04,Lappeenranta Hiekkapakka,15.0,,
2019-06-04,Parikkala Koitsanlahti,18.1,-1.0,-1.0
2019-06-04,Kaskinen Sälgrund,11.1,-1.0,
2019-06-04,Merikarvia Tuorila,,0.4,-1.0
2019-06-04,Isojoki Kärjenkoski,,-1.0,-1.0
2019-06-04,Teuva Kauppilankylä,,-1.0,-1.0
2019-06-04,Pori Tahkoluoto satama,11.9,,
2019-06-04,Kristiinankaupunki Majakka,9.6,,
2019-06-04,Karvia Alkkia,15.1,0.1,-1.0
2019-06-04,Ikaalinen Vehuvarpee,,-1.0,-1.0
2019-06-04,Kurikka Hirvijärvi,,0.0,-1.0
2019-06-04,Kauhajoki Kuja-Kokko,14.7,-1.0,-1.0
2019-06-04,Kankaanpää Niinisalo lentokenttä,15.6,-1.0,-1.0
2019-06-04,Alavus Sulkavankylä,,0.2,-1.0
2019-06-04,Virrat Äijänneva,15.2,,
2019-06-04,Tampere Siilinkari,16.4,,
2019-06-04,Jämsä Halli lentoasema,17.2,-1.0,-1.0
2019-06-04,Juupajoki Hyytiälä,16.5,-1.0,-1.0
2019-06-04,Sysmä Joutsjärvi,,-1.0,-1.0
2019-06-04,Luhanka Tammijärvi,,-1.0,-1.0
2019-06-04,Jyväskylä Muuratjärvi,,-1.0,-1.0
2019-06-04,Luhanka Judinsalo,15.4,,
2019-06-04,Multia Pirttiperä,,-1.0,-1.0
2019-06-04,Joutsa Savenaho,16.8,-1.0,-1.0
2019-06-04,Kangasniemi kirkonkylä,,0.0,-1.0
2019-06-04,Joutsa Pärnämäki,,-1.0,-1.0
2019-06-04,Mikkeli Pitkähiekka,,0.0,-1.0
2019-06-04,Juva Partala,18.1,,
2019-06-04,Varkaus Kosulanniemi,17.6,0.7,-1.0
2019-06-04,Savonlinna Laukansaari,,0.2,-1.0
2019-06-04,Sulkava Halttula,,3.1,-1.0
2019-06-04,Savonlinna lentoasema,17.8,,
2019-06-04,Rantasalmi Rukkasluoto,17.1,,
2019-06-04,Savonlinna Punkaharju Laukansaari,17.6,-1.0,-1.0
2019-06-04,Enonkoski Simanala,,2.6,-1.0
2019-06-04,Savonlinna Savonranta,,7.4,-1.0
2019-06-04,Rääkkylä kirkonkylä,,4.1,-1.0
2019-06-04,Tohmajärvi Kemie,16.5,2.6,-1.0
2019-06-04,Joensuu Huhtilampi,,5.9,-1.0
2019-06-04,Vaasa lentoasema,15.2,,
2019-06-04,Mustasaari Valassaaret,12.0,,
2019-06-04,Närpiö Ylimarkku,,-1.0,-1.0
2019-06-04,Mustasaari Riimala,,-1.0,-1.0
2019-06-04,Kurikka Pyörni,,-1.0,-1.0
2019-06-04,Korsnäs Bredskäret,12.5,,
2019-06-04,Maalahti Strömmingsbådan,8.7,,
2019-06-04,Vaasa Klemettilä,15.3,-1.0,-1.0
2019-06-04,Seinäjoki Pelmaa,15.9,-1.0,-1.0
2019-06-04,Kauhava lentokenttä,15.9,-1.0,-1.0
2019-06-04,Ähtäri Inha,15.7,0.1,-1.0
2019-06-04,Halsua Purola,15.0,0.0,-1.0
2019-06-04,Alajärvi Möksy,15.6,0.1,-1.0
2019-06-04,Multia Karhila,15.4,-1.0,-1.0
2019-06-04,Viitasaari Haapaniemi,15.8,0.1,-1.0
2019-06-04,Äänekoski Kalaniemi,,-1.0,-1.0
2019-06-04,Viitasaari Kärnä,,0.0,-1.0
2019-06-04,Vesanto kirkonkylä,15.6,-1.0,-1.0
2019-06-04,Pielavesi Venetmäki,,0.3,-1.0
2019-06-04,Siilinjärvi Kuopio lentoasema,16.2,,
2019-06-04,Kuopio Maaninka,16.0,0.6,-1.0
2019-06-04,Lapinlahti Lamminkäyrä,,0.1,-1.0
2019-06-04,Suonenjoki Iisvesi,,-1.0,-1.0
2019-06-04,Kuopio Karttula,,-1.0,-1.0
2019-06-04,Kuopio Ritoniemi,15.7,,
2019-06-04,Kuopio Savilahti,17.1,-1.0,-1.0
2019-06-04,Heinävesi Palokki,,0.0,-1.0
2019-06-04,Outokumpu Viuruniemi,,-1.0,-1.0
2019-06-04,Rautavaara Ala-Luosta,,0.0,-1.0
2019-06-04,Rautavaara Ylä-Luosta,14.4,0.2,-1.0
2019-06-04,Liperi Joensuu lentoasema,16.0,,
2019-06-04,Juuka Niemelä,15.5,-1.0,-1.0
2019-06-04,Joensuu Pyhäselkä,,0.6,-1.0
2019-06-04,Lieksa Koli,,-1.0,-1.0
2019-06-04,Liperi Tuiskavanluoto,13.6,,
2019-06-04,Joensuu Linnunlahti,14.6,0.4,-1.0
2019-06-04,Lieksa Lampela,14.8,-1.0,-1.0
2019-06-04,Ilomantsi Naarva,,0.0,-1.0
2019-06-04,Ilomantsi Pötsönvaara,13.4,-1.0,-1.0
2019-06-04,Ilomantsi Mekrijärvi,14.6,0.4,-1.0
2019-06-04,Pietarsaari Kallan,11.0,,
2019-06-04,Kokkola Tankar,13.1,,
2019-06-04,Kruunupyy Kokkola-Pietarsaari lentoasema,15.8,,
2019-06-04,Kaustinen Tastula,,-1.0,-1.0
2019-06-04,Kalajoki Ulkokalla,7.5,,
2019-06-04,Toholampi Oravala,,-1.0,-1.0
2019-06-04,Kalajoki Pitkäsenkylä,,-1.0,-1.0
2019-06-04,Kalajoki Mehtäkylä,,-1.0,-1.0
2019-06-04,Toholampi Laitala,15.3,-1.0,-1.0
2019-06-04,Ylivieska lentokenttä,15.5,-1.0,-1.0
2019-06-04,Ylivieska Vähäkangas,,-1.0,-1.0
2019-06-04,Haapavesi Mustikkamäki,15.4,-1.0,-1.0
2019-06-04,Pyhäjärvi Ojakylä,15.1,-1.0,-1.0
2019-06-04,Pyhäjärvi Hiidenniemi,,1.0,-1.0
2019-06-04,Kiuruvesi Korpijoki,,0.3,-1.0
2019-06-04,Siikalatva Kestilä,,-1.0,-1.0
2019-06-04,Kajaani lentoasema,14.1,,
2019-06-04,Vieremä Kaarakkala,14.3,0.9,-1.0
2019-06-04,Kajaani Paltaniemi,,0.1,-1.0
2019-06-04,Nurmes Valtimo,14.7,1.9,-1.0
2019-06-04,Ristijärvi Mustavaara,,0.0,-1.0
2019-06-04,Sotkamo Kuolaniemi,13.8,0.6,
2019-06-04,Nurmes Mujejärvi,,1.6,-1.0
2019-06-04,Kuhmo Apaja,,2.1,-1.0
2019-06-04,Kuhmo Kalliojoki,13.0,1.5,-1.0
2019-06-04,Raahe Nahkiainen,8.6,,
2019-06-04,Hailuoto Keskikylä,10.0,-1.0,-1.0
2019-06-04,Kemi I majakka,6.4,,
2019-06-04,Hailuoto Marjaniemi,9.1,,
2019-06-04,Raahe Lapaluoto satama,11.0,,
2019-06-04,Oulu lentoasema,11.6,,
2019-06-04,Siikajoki Ruukki,13.3,-1.0,-1.0
2019-06-04,Oulu Vihreäsaari satama,10.9,,
2019-06-04,Oulu Oulunsalo Pellonpää,11.6,-1.0,-1.0
2019-06-04,Vaala Pelso,14.3,-1.0,-1.0
2019-06-04,Pudasjärvi lentokenttä,12.0,1.9,-1.0
2019-06-04,Utajärvi Särkijärvi,,2.9,-1.0
2019-06-04,Pudasjärvi Jaurakkajärvi,,7.5,-1.0
2019-06-04,Suomussalmi Näljänkä,,8.4,-1.0
2019-06-04,Suomussalmi Pesiö,12.7,4.7,-1.0
2019-06-04,Puolanka Kotila,,1.9,-1.0
2019-06-04,Puolanka Paljakka,12.2,0.5,-1.0
2019-06-04,Kemi Kemi-Tornio lentoasema,8.7,,
2019-06-04,Kemi Ajos,8.3,,
2019-06-04,Tornio Kaakkuri,8.7,-1.0,-1.0
2019-06-04,Ranua lentokenttä,9.6,3.1,-1.0
2019-06-04,Pudasjärvi Sarakylä,,6.9,-1.0
2019-06-04,Posio Raistakka,,8.6,-1.0
2019-06-04,Taivalkoski Inkee,,6.8,-1.0
2019-06-04,Taivalkoski kirkonkylä,11.8,6.3,-1.0
2019-06-04,Kuusamo lentoasema,10.6,,
2019-06-04,Kuusamo Kiutaköngäs,10.3,1.0,-1.0
2019-06-04,Kuusamo Rukatunturi,8.2,,
2019-06-04,Kuusamo Teeriranta,,8.3,-1.0
2019-06-04,Kuusamo Juuma,9.5,,
2019-06-04,Ylitornio Meltosjärvi,9.6,0.2,-1.0
2019-06-04,Kolari Kattilamaa,,1.5,-1.0
2019-06-04,Pello kirkonkylä,9.5,0.3,-1.0
2019-06-04,Kittilä Alakylä,,0.0,-1.0
2019-06-04,Rovaniemi rautatieasema,10.0,,
2019-06-04,Sodankylä Tähtelä,9.1,1.5,-1.0
2019-06-04,Rovaniemi Apukka,10.0,0.8,-1.0
2019-06-04,Pelkosenniemi kirkonkylä,,1.8,-1.0
2019-06-04,Kemijärvi lentokenttä,9.6,1.7,-1.0
2019-06-04,Savukoski kirkonkylä,9.0,2.9,-1.0
2019-06-04,Salla Kelloselkä,,3.3,-1.0
2019-06-04,Pelkosenniemi Pyhätunturi,7.3,,
2019-06-04,Salla kirkonkylä,9.5,4.5,-1.0
2019-06-04,Salla Naruska,9.1,4.8,-1.0
2019-06-04,Enontekiö Kaaresuvanto,,-1.0,-1.0
2019-06-04,Kittilä Pulju,,0.4,-1.0
2019-06-04,Muonio Laukukero,4.5,,
2019-06-04,Muonio Sammaltunturi,6.0,,
2019-06-04,Kittilä Matorova,7.6,,
2019-06-04,Kittilä lentoasema,9.0,,
2019-06-04,Kittilä Kenttärova,7.6,0.8,-1.0
2019-06-04,Kittilä Pakatti,9.1,0.9,-1.0
2019-06-04,Kittilä Pokka,7.7,0.1,-1.0
2019-06-04,Sodankylä Lokka,7.8,2.9,-1.0
2019-06-04,Sodankylä Vuotso,7.9,2.1,-1.0
2019-06-04,Inari Saariselkä matkailukeskus,7.4,2.6,-1.0
2019-06-04,Inari Saariselkä Kaunispää,6.1,,
2019-06-04,Inari Raja-Jooseppi Kontiojärvi,,3.3,-1.0
2019-06-04,Inari Raja-Jooseppi,7.5,,
2019-06-04,Salla Värriötunturi,7.5,7.7,-1.0
2019-06-04,Enontekiö Kilpisjärvi kyläkeskus,6.6,2.3,-1.0
2019-06-04,Enontekiö Kilpisjärvi Saana,2.6,,
2019-06-04,Enontekiö Näkkälä,7.7,0.9,-1.0
2019-06-04,Inari Angeli Lintupuoliselkä,7.5,1.7,-1.0
2019-06-04,Inari Ivalo lentoasema,8.7,,
2019-06-04,Utsjoki Kevo,9.9,0.2,-1.0
2019-06-04,Utsjoki Nuorgam,10.2,0.1,-1.0
2019-06-04,Inari Väylä,8.5,,
2019-06-04,Inari kirkonkylä,,1.5,-1.0
2019-06-04,Inari Kaamanen,8.6,0.4,-1.0
2019-06-04,Inari Nellim,8.5,2.3,-1.0
2019-06-04,Inari Kirakkajärvi,9.2,-1.0,-1.0
2019-06-04,Mäntsälä Hirvihaara,17.5,-1.0,-1.0
2019-06-04,Lahti Sopenkorpi,18.0,-1.0,-1.0
2019-06-04,Siuntio Sjundby,,3.7,-1.0
2019-06-04,Sipoo Itätoukki,12.5,,
2019-06-04,Rauma Pyynpää,15.9,-1.0,-1.0
2019-06-04,Muonio Oustajärvi,9.1,-1.0,-1.0
2019-06-04,Kajaani Petäisenniska,14.5,0.1,-1.0
2019-06-04,Utsjoki Kevo Kevojärvi,9.4,,
2019-06-04,Inari Seitalaassa,5.9,,
2019-06-04,Rovaniemi lentoasema AWOS,9.3,0.2,-1.0
2019-06-04,Jyväskylä lentoasema AWOS,17.1,-1.0,-1.0
2019-06-04,Puumala kirkonkylä,17.8,-1.0,-1.0
2019-06-04,Helsinki Vuosaari satama,14.6,,
2019-06-04,Maarianhamina Länsisatama,12.6,,
2019-06-04,Lumparland Långnäs satama,13.5,-1.0,-1.0
2019-06-04,Tampere Tampella,18.2,,
2019-06-04,Kittilä Lompolonvuoma,8.2,,
2019-06-04,Kuusamo Ruka Talvijärvi,9.9,,
2019-06-04,Espoo Nuuksio,17.2,0.9,-1.0
2019-06-04,Mikkeli Lentoasema AWOS,18.4,2.6,-1.0
2019-06-04,Espoo Tapiola,17.0,-1.0,-1.0
2019-06-05,Porvoo Kilpilahti satama,16.2,,
2019-06-05,Jomala Maarianhamina lentoasema,15.8,,
2019-06-05,Parainen Utö,13.3,-1.0,-1.0
2019-06-05,Lemland Nyhamn,11.1,,
2019-06-05,Jomala Jomalaby,16.1,-1.0,-1.0
2019-06-05,Hammarland Märket,11.5,,
2019-06-05,Kökar Bogskär,12.3,,
2019-06-05,Parainen Fagerholm,15.1,-1.0,
2019-06-05,Kumlinge kirkonkylä,14.8,,
2019-06-05,Hanko Russarö,14.1,,
2019-06-05,Kaarina Yltöinen,18.2,-1.0,-1.0
2019-06-05,Kemiönsaari Vänö,15.4,,
2019-06-05,Hanko Tulliniemi,14.4,,
2019-06-05,Turku Rajakari,15.7,,
2019-06-05,Turku Artukainen,19.4,-1.0,-1.0
2019-06-05,Kemiönsaari Kemiö,18.8,-1.0,-1.0
2019-06-05,Hanko Tvärminne,15.5,-1.0,-1.0
2019-06-05,Salo Kärkkä,20.1,-1.0,
2019-06-05,Lohja Leppäkorpi,,-1.0,-1.0
2019-06-05,Raasepori Jussarö,15.2,,
2019-06-05,Salo Kiikala lentokenttä,20.3,-1.0,-1.0
2019-06-05,Vantaa Helsinki-Vantaan lentoasema,20.6,-1.0,-1.0
2019-06-05,Inkoo Bågaskär,15.6,,
2019-06-05,Helsinki Kaisaniemi,18.7,-1.0,-1.0
2019-06-05,Lohja Porla,19.7,-1.0,-1.0
2019-06-05,Vihti Maasoja,19.6,,
2019-06-05,Helsinki Harmaja,14.6,,
2019-06-05,Kirkkonummi Mäkiluoto,15.5,,
2019-06-05,Helsinki Helsingin majakka,16.4,,
2019-06-05,Helsinki Kumpula,19.6,0.1,-1.0
2019-06-05,Helsinki Malmi lentokenttä,18.9,,
2019-06-05,Porvoo Emäsalo,16.9,,
2019-06-05,Porvoo Harabacka,19.7,-1.0,-1.0
2019-06-05,Kotka Rankki,16.5,-1.0,-1.0
2019-06-05,Loviisa Orrengrund,15.4,,
2019-06-05,Kotka Haapasaari,16.4,,
2019-06-05,Pori lentoasema,19.3,,
2019-06-05,Uusikaupunki Itätulli,,-1.0,-1.0
2019-06-05,Laitila Haukka,,-1.0,-1.0
2019-06-05,Kustavi Isokari,14.0,-1.0,
2019-06-05,Rauma Kylmäpihlaja,16.1,,
2019-06-05,Pori rautatieasema,19.4,-1.0,-1.0
2019-06-05,Turku lentoasema,19.1,,
2019-06-05,Kokemäki Rausenkulma,,-1.0,-1.0
2019-06-05,Huittinen Sallila,,-1.0,-1.0
2019-06-05,Oripää Teinikivi,,-1.0,-1.0
2019-06-05,Pöytyä Yläne,,0.0,-1.0
2019-06-05,Kokemäki Tulkkila,19.6,-1.0,-1.0
2019-06-05,Jokioinen Ilmala,19.9,-1.0,-1.0
2019-06-05,Nokia Tottijärvi,,-1.0,-1.0
2019-06-05,Pirkkala Tampere-Pirkkala lentoasema,19.1,,
2019-06-05,Tampere Härmälä,18.7,-1.0,-1.0
2019-06-05,Somero Salkola,19.7,-1.0,-1.0
2019-06-05,Hyvinkää Hyvinkäänkylä,20.4,-1.0,-1.0
2019-06-05,Vihti Hiiskula,,-1.0,-1.0
2019-06-05,Hämeenlinna Pirttikoski,,-1.0,-1.0
2019-06-05,Nurmijärvi Röykkä,20.0,-1.0,-1.0
2019-06-05,Hämeenlinna Katinen,20.6,,
2019-06-05,Hattula Lepaa,19.4,-1.0,-1.0
2019-06-05,Hämeenlinna Lammi Pappila,19.5,-1.0,-1.0
2019-06-05,Mäntsälä Hirvihaara Kuntomajantie,,-1.0,-1.0
2019-06-05,Asikkala Pulkkilanharju,17.8,,
2019-06-05,Hämeenlinna Lammi Evo,19.2,,
2019-06-05,Kouvola Utti lentoasema,20.2,-1.0,-1.0
2019-06-05,Kouvola Anjala,19.9,-1.0,-1.0
2019-06-05,Heinola Asemantaus,20.7,-1.0,-1.0
2019-06-05,Kouvola Voikoski,,-1.0,-1.0
2019-06-05,Virolahti Koivuniemi,17.3,-1.0,-1.0
2019-06-05,Lappeenranta lentoasema,20.7,,
2019-06-05,Lappeenranta Konnunsuo,19.6,,
2019-06-05,Lappeenranta Lepola,20.8,-1.0,-1.0
2019-06-05,Ruokolahti Kotaniemi,,-1.0,-1.0
2019-06-05,Lappeenranta Hiekkapakka,17.6,,
2019-06-05,Parikkala Koitsanlahti,19.9,-1.0,-1.0
2019-06-05,Kaskinen Sälgrund,13.9,-1.0,
2019-06-05,Merikarvia Tuorila,,-1.0,-1.0
2019-06-05,Isojoki Kärjenkoski,,-1.0,-1.0
2019-06-05,Teuva Kauppilankylä,,-1.0,-1.0
2019-06-05,Pori Tahkoluoto satama,14.5,,
2019-06-05,Kristiinankaupunki Majakka,13.6,,
2019-06-05,Karvia Alkkia,18.1,-1.0,-1.0
2019-06-05,Ikaalinen Vehuvarpee,,-1.0,-1.0
2019-06-05,Kurikka Hirvijärvi,,-1.0,-1.0
2019-06-05,Kauhajoki Kuja-Kokko,17.3,-1.0,-1.0
2019-06-05,Kankaanpää Niinisalo lentokenttä,19.2,-1.0,-1.0
2019-06-05,Alavus Sulkavankylä,,-1.0,-1.0
2019-06-05,Virrat Äijänneva,17.0,,
2019-06-05,Tampere Siilinkari,18.4,,
2019-06-05,Jämsä Halli lentoasema,19.0,-1.0,-1.0
2019-06-05,Juupajoki Hyytiälä,18.1,-1.0,-1.0
2019-06-05,Sysmä Joutsjärvi,,-1.0,-1.0
2019-06-05,Luhanka Tammijärvi,,-1.0,-1.0
2019-06-05,Jyväskylä Muuratjärvi,,-1.0,-1.0
2019-06-05,Luhanka Judinsalo,16.8,,
2019-06-05,Multia Pirttiperä,,-1.0,-1.0
2019-06-05,Joutsa Savenaho,18.8,-1.0,-1.0
2019-06-05,Kangasniemi kirkonkylä,,-1.0,-1.0
2019-06-05,Joutsa Pärnämäki,,0.0,-1.0
2019-06-05,Mikkeli Pitkähiekka,,-1.0,-1.0
2019-06-05,Juva Partala,19.2,,
2019-06-05,Varkaus Kosulanniemi,18.9,-1.0,-1.0
2019-06-05,Savonlinna Laukansaari,,-1.0,-1.0
2019-06-05,Sulkava Halttula,,-1.0,-1.0
2019-06-05,Savonlinna lentoasema,19.4,,
2019-06-05,Rantasalmi Rukkasluoto,18.1,,
2019-06-05,Savonlinna Punkaharju Laukansaari,19.7,-1.0,-1.0
2019-06-05,Enonkoski Simanala,,-1.0,-1.0
2019-06-05,Savonlinna Savonranta,,-1.0,-1.0
2019-06-05,Rääkkylä kirkonkylä,,-1.0,-1.0
2019-06-05,Tohmajärvi Kemie,18.2,-1.0,-1.0
2019-06-05,Joensuu Huhtilampi,,-1.0,-1.0
2019-06-05,Vaasa lentoasema,16.9,,
2019-06-05,Mustasaari Valassaaret,11.9,,
2019-06-05,Närpiö Ylimarkku,,-1.0,-1.0
2019-06-05,Mustasaari Riimala,,-1.0,-1.0
2019-06-05,Kurikka Pyörni,,-1.0,-1.0
2019-06-05,Korsnäs Bredskäret,12.6,,
2019-06-05,Maalahti Strömmingsbådan,9.7,,
2019-06-05,Vaasa Klemettilä,16.6,-1.0,-1.0
2019-06-05,Seinäjoki Pelmaa,18.0,-1.0,-1.0
2019-06-05,Kauhava lentokenttä,18.4,-1.0,-1.0
2019-06-05,Ähtäri Inha,17.6,-1.0,-1.0
2019-06-05,Halsua Purola,17.4,-1.0,-1.0
2019-06-05,Alajärvi Möksy,18.3,-1.0,-1.0
2019-06-05,Multia Karhila,17.0,-1.0,-1.0
2019-06-05,Viitasaari Haapaniemi,18.1,-1.0,-1.0
2019-06-05,Äänekoski Kalaniemi,,-1.0,-1.0
2019-06-05,Viitasaari Kärnä,,-1.0,-1.0
2019-06-05,Vesanto kirkonkylä,16.9,-1.0,-1.0
2019-06-05,Pielavesi Venetmäki,,-1.0,-1.0
2019-06-05,Siilinjärvi Kuopio lentoasema,18.0,,
2019-06-05,Kuopio Maaninka,17.5,-1.0,-1.0
2019-06-05,Lapinlahti Lamminkäyrä,,-1.0,-1.0
2019-06-05,Suonenjoki Iisvesi,,-1.0,-1.0
2019-06-05,Kuopio Karttula,,-1.0,-1.0
2019-06-05,Kuopio Ritoniemi,17.7,,
2019-06-05,Kuopio Savilahti,18.7,-1.0,-1.0
2019-06-05,Heinävesi Palokki,,-1.0,-1.0
2019-06-05,Outokumpu Viuruniemi,,-1.0,-1.0
2019-06-05,Rautavaara Ala-Luosta,,-1.0,-1.0
2019-06-05,Rautavaara Ylä-Luosta,15.8,0.0,-1.0
2019-06-05,Liperi Joensuu lentoasema,18.6,,
2019-06-05,Juuka Niemelä,16.3,-1.0,-1.0
2019-06-05,Joensuu Pyhäselkä,,-1.0,-1.0
2019-06-05,Lieksa Koli,,-1.0,-1.0
2019-06-05,Liperi Tuiskavanluoto,16.0,,
2019-06-05,Joensuu Linnunlahti,17.6,-1.0,-1.0
2019-06-05,Lieksa Lampela,16.9,-1.0,-1.0
2019-06-05,Ilomantsi Naarva,,-1.0,-1.0
2019-06-05,Ilomantsi Pötsönvaara,17.2,-1.0,-1.0
2019-06-05,Ilomantsi Mekrijärvi,18.1,-1.0,-1.0
2019-06-05,Pietarsaari Kallan,12.5,,
2019-06-05,Kokkola Tankar,10.6,,
2019-06-05,Kruunupyy Kokkola-Pietarsaari lentoasema,16.0,,
2019-06-05,Kaustinen Tastula,,-1.0,-1.0
2019-06-05,Kalajoki Ulkokalla,8.4,,
2019-06-05,Toholampi Oravala,,-1.0,-1.0
2019-06-05,Kalajoki Pitkäsenkylä,,-1.0,-1.0
2019-06-05,Kalajoki Mehtäkylä,,-1.0,-1.0
2019-06-05,Toholampi Laitala,16.9,-1.0,-1.0
2019-06-05,Ylivieska lentokenttä,15.9,-1.0,-1.0
2019-06-05,Ylivieska Vähäkangas,,-1.0,-1.0
2019-06-05,Haapavesi Mustikkamäki,16.5,-1.0,-1.0
2019-06-05,Pyhäjärvi Ojakylä,17.1,-1.0,-1.0
2019-06-05,Pyhäjärvi Hiidenniemi,,-1.0,-1.0
2019-06-05,Kiuruvesi Korpijoki,,-1.0,-1.0
2019-06-05,Siikalatva Kestilä,,-1.0,-1.0
2019-06-05,Kajaani lentoasema,15.3,,
2019-06-05,Vieremä Kaarakkala,17.1,-1.0,-1.0
2019-06-05,Kajaani Paltaniemi,,-1.0,-1.0
2019-06-05,Nurmes Valtimo,16.8,0.4,-1.0
2019-06-05,Ristijärvi Mustavaara,,0.0,-1.0
2019-06-05,Sotkamo Kuolaniemi,16.0,-1.0,-1.0
2019-06-05,Nurmes Mujejärvi,,-1.0,-1.0
2019-06-05,Kuhmo Apaja,,-1.0,-1.0
2019-06-05,Kuhmo Kalliojoki,15.4,-1.0,-1.0
2019-06-05,Raahe Nahkiainen,11.2,,
2019-06-05,Hailuoto Keskikylä,13.7,-1.0,-1.0
2019-06-05,Kemi I majakka,9.4,,
2019-06-05,Hailuoto Marjaniemi,11.4,,
2019-06-05,Raahe Lapaluoto satama,13.2,,
2019-06-05,Oulu lentoasema,14.9,,
2019-06-05,Siikajoki Ruukki,14.8,-1.0,-1.0
2019-06-05,Oulu Vihreäsaari satama,14.1,,
2019-06-05,Oulu Oulunsalo Pellonpää,14.7,-1.0,-1.0
2019-06-05,Vaala Pelso,14.9,-1.0,-1.0
2019-06-05,Pudasjärvi lentokenttä,14.6,-1.0,-1.0
2019-06-05,Utajärvi Särkijärvi,,0.0,-1.0
2019-06-05,Pudasjärvi Jaurakkajärvi,,-1.0,-1.0
2019-06-05,Suomussalmi Näljänkä,,-1.0,-1.0
2019-06-05,Suomussalmi Pesiö,13.9,-1.0,-1.0
2019-06-05,Puolanka Kotila,,-1.0,-1.0
2019-06-05,Puolanka Paljakka,14.4,-1.0,-1.0
2019-06-05,Kemi Kemi-Tornio lentoasema,12.7,,
2019-06-05,Kemi Ajos,11.2,,
2019-06-05,Tornio Kaakkuri,12.8,-1.0,-1.0
2019-06-05,Ranua lentokenttä,13.6,-1.0,-1.0
2019-06-05,Pudasjärvi Sarakylä,,-1.0,-1.0
2019-06-05,Posio Raistakka,,0.0,-1.0
2019-06-05,Taivalkoski Inkee,,0.0,-1.0
2019-06-05,Taivalkoski kirkonkylä,14.1,-1.0,-1.0
2019-06-05,Kuusamo lentoasema,12.6,,
2019-06-05,Kuusamo Kiutaköngäs,13.1,0.5,-1.0
2019-06-05,Kuusamo Rukatunturi,10.4,,
2019-06-05,Kuusamo Teeriranta,,-1.0,-1.0
2019-06-05,Kuusamo Juuma,12.1,,
2019-06-05,Ylitornio Meltosjärvi,13.9,-1.0,-1.0
2019-06-05,Kolari Kattilamaa,,-1.0,-1.0
2019-06-05,Pello kirkonkylä,14.1,-1.0,-1.0
2019-06-05,Kittilä Alakylä,,0.0,-1.0
2019-06-05,Rovaniemi rautatieasema,14.4,,
2019-06-05,Sodankylä Tähtelä,13.5,-1.0,-1.0
2019-06-05,Rovaniemi Apukka,13.7,-1.0,-1.0
2019-06-05,Pelkosenniemi kirkonkylä,,0.0,-1.0
2019-06-05,Kemijärvi lentokenttä,13.2,0.1,-1.0
2019-06-05,Savukoski kirkonkylä,12.4,0.0,-1.0
2019-06-05,Salla Kelloselkä,,-1.0,-1.0
2019-06-05,Pelkosenniemi Pyhätunturi,11.0,,
2019-06-05,Salla kirkonkylä,12.2,0.3,-1.0
2019-06-05,Salla Naruska,11.6,0.3,-1.0
2019-06-05,Enontekiö Kaaresuvanto,,-1.0,-1.0
2019-06-05,Kittilä Pulju,,-1.0,-1.0
2019-06-05,Muonio Laukukero,8.9,,
2019-06-05,Muonio Sammaltunturi,11.4,,
2019-06-05,Kittilä Matorova,12.5,,
2019-06-05,Kittilä lentoasema,13.5,,
2019-06-05,Kittilä Kenttärova,12.2,-1.0,-1.0
2019-06-05,Kittilä Pakatti,13.8,-1.0,-1.0
2019-06-05,Kittilä Pokka,12.4,-1.0,-1.0
2019-06-05,Sodankylä Lokka,11.3,-1.0,-1.0
2019-06-05,Sodankylä Vuotso,12.1,-1.0,-1.0
2019-06-05,Inari Saariselkä matkailukeskus,11.0,0.1,-1.0
2019-06-05,Inari Saariselkä Kaunispää,10.4,,
2019-06-05,Inari Raja-Jooseppi Kontiojärvi,,0.1,-1.0
2019-06-05,Inari Raja-Jooseppi,12.0,,
2019-06-05,Salla Värriötunturi,11.9,0.0,-1.0
2019-06-05,Enontekiö Kilpisjärvi kyläkeskus,9.1,3.1,-1.0
2019-06-05,Enontekiö Kilpisjärvi Saana,5.9,,
2019-06-05,Enontekiö Näkkälä,11.7,-1.0,-1.0
2019-06-05,Inari Angeli Lintupuoliselkä,12.1,-1.0,-1.0
2019-06-05,Inari Ivalo lentoasema,12.7,,
2019-06-05,Utsjoki Kevo,11.3,0.3,-1.0
2019-06-05,Utsjoki Nuorgam,9.4,0.3,-1.0
2019-06-05,Inari Väylä,11.5,,
2019-06-05,Inari kirkonkylä,,0.0,-1.0
2019-06-05,Inari Kaamanen,11.9,0.1,-1.0
2019-06-05,Inari Nellim,11.5,-1.0,-1.0
2019-06-05,Inari Kirakkajärvi,10.1,0.1,-1.0
2019-06-05,Mäntsälä Hirvihaara,19.7,-1.0,-1.0
2019-06-05,Lahti Sopenkorpi,21.0,-1.0,-1.0
2019-06-05,Siuntio Sjundby,,-1.0,-1.0
2019-06-05,Sipoo Itätoukki,14.6,,
2019-06-05,Rauma Pyynpää,19.3,-1.0,-1.0
2019-06-05,Muonio Oustajärvi,13.5,-1.0,-1.0
2019-06-05,Kajaani Petäisenniska,15.9,-1.0,-1.0
2019-06-05,Utsjoki Kevo Kevojärvi,10.9,,
2019-06-05,Inari Seitalaassa,9.5,,
2019-06-05,Rovaniemi lentoasema AWOS,13.4,-1.0,-1.0
2019-06-05,Jyväskylä lentoasema AWOS,18.1,-1.0,-1.0
2019-06-05,Puumala kirkonkylä,20.0,-1.0,-1.0
2019-06-05,Helsinki Vuosaari satama,15.6,,
2019-06-05,Maarianhamina Länsisatama,15.5,,
2019-06-05,Lumparland Långnäs satama,14.6,-1.0,-1.0
2019-06-05,Tampere Tampella,20.4,,
2019-06-05,Kittilä Lompolonvuoma,11.7,,
2019-06-05,Kuusamo Ruka Talvijärvi,12.1,,
2019-06-05,Espoo Nuuksio,19.5,-1.0,-1.0
2019-06-05,Mikkeli Lentoasema AWOS,19.9,-1.0,-1.0
2019-06-05,Espoo Tapiola,17.6,-1.0,-1.0
2019-06-06,Porvoo Kilpilahti satama,20.5,,
2019-06-06,Jomala Maarianhamina lentoasema,20.4,,
2019-06-06,Parainen Utö,15.1,-1.0,-1.0
2019-06-06,Lemland Nyhamn,13.8,,
2019-06-06,Jomala Jomalaby,19.6,-1.0,-1.0
2019-06-06,Hammarland Märket,12.5,,
2019-06-06,Kökar Bogskär,16.7,,
2019-06-06,Parainen Fagerholm,19.7,-1.0,
2019-06-06,Kumlinge kirkonkylä,18.8,,
2019-06-06,Hanko Russarö,16.2,,
2019-06-06,Kaarina Yltöinen,22.6,-1.0,-1.0
2019-06-06,Kemiönsaari Vänö,18.5,,
2019-06-06,Hanko Tulliniemi,17.4,,
2019-06-06,Turku Rajakari,19.6,,
2019-06-06,Turku Artukainen,24.1,-1.0,-1.0
2019-06-06,Kemiönsaari Kemiö,22.8,-1.0,-1.0
2019-06-06,Hanko Tvärminne,19.1,-1.0,-1.0
2019-06-06,Salo Kärkkä,23.3,-1.0,
2019-06-06,Lohja Leppäkorpi,,-1.0,-1.0
2019-06-06,Raasepori Jussarö,16.4,,
2019-06-06,Salo Kiikala lentokenttä,23.4,-1.0,-1.0
2019-06-06,Vantaa Helsinki-Vantaan lentoasema,23.6,-1.0,-1.0
2019-06-06,Inkoo Bågaskär,17.8,,
2019-06-06,Helsinki Kaisaniemi,21.6,-1.0,-1.0
2019-06-06,Lohja Porla,22.4,-1.0,-1.0
2019-06-06,Vihti Maasoja,21.6,,
2019-06-06,Helsinki Harmaja,15.9,,
2019-06-06,Kirkkonummi Mäkiluoto,16.5,,
2019-06-06,Helsinki Helsingin majakka,17.6,,
2019-06-06,Helsinki Kumpula,22.0,-1.0,-1.0
2019-06-06,Helsinki Malmi lentokenttä,21.7,,
2019-06-06,Porvoo Emäsalo,19.5,,
2019-06-06,Porvoo Harabacka,22.4,-1.0,-1.0
2019-06-06,Kotka Rankki,19.2,-1.0,-1.0
2019-06-06,Loviisa Orrengrund,18.3,,
2019-06-06,Kotka Haapasaari,19.7,,
2019-06-06,Pori lentoasema,23.0,,
2019-06-06,Uusikaupunki Itätulli,,-1.0,-1.0
2019-06-06,Laitila Haukka,,-1.0,-1.0
2019-06-06,Kustavi Isokari,17.7,-1.0,
2019-06-06,Rauma Kylmäpihlaja,19.4,,
2019-06-06,Pori rautatieasema,23.3,-1.0,-1.0
2019-06-06,Turku lentoasema,23.6,,
2019-06-06,Kokemäki Rausenkulma,,-1.0,-1.0
2019-06-06,Huittinen Sallila,,-1.0,-1.0
2019-06-06,Oripää Teinikivi,,-1.0,-1.0
2019-06-06,Pöytyä Yläne,,-1.0,-1.0
2019-06-06,Kokemäki Tulkkila,23.7,-1.0,-1.0
2019-06-06,Jokioinen Ilmala,23.7,-1.0,-1.0
2019-06-06,Nokia Tottijärvi,,-1.0,-1.0
2019-06-06,Pirkkala Tampere-Pirkkala lentoasema,24.0,,
2019-06-06,Tampere Härmälä,24.1,-1.0,-1.0
2019-06-06,Somero Salkola,22.9,-1.0,-1.0
2019-06-06,Hyvinkää Hyvinkäänkylä,22.3,-1.0,-1.0
2019-06-06,Vihti Hiiskula,,-1.0,-1.0
2019-06-06,Hämeenlinna Pirttikoski,,-1.0,-1.0
2019-06-06,Nurmijärvi Röykkä,22.7,-1.0,-1.0
2019-06-06,Hämeenlinna Katinen,23.9,,
2019-06-06,Hattula Lepaa,23.4,-1.0,-1.0
2019-06-06,Hämeenlinna Lammi Pappila,22.5,-1.0,-1.0
2019-06-06,Mäntsälä Hirvihaara Kuntomajantie,,-1.0,-1.0
2019-06-06,Asikkala Pulkkilanharju,20.9,,
2019-06-06,Hämeenlinna Lammi Evo,22.3,,
2019-06-06,Kouvola Utti lentoasema,23.2,-1.0,-1.0
2019-06-06,Kouvola Anjala,22.2,-1.0,-1.0
2019-06-06,Heinola Asemantaus,23.3,-1.0,-1.0
2019-06-06,Kouvola Voikoski,,-1.0,-1.0
2019-06-06,Virolahti Koivuniemi,20.6,-1.0,-1.0
2019-06-06,Lappeenranta lentoasema,22.9,,
2019-06-06,Lappeenranta Konnunsuo,22.3,,
2019-06-06,Lappeenranta Lepola,23.3,-1.0,-1.0
2019-06-06,Ruokolahti Kotaniemi,,-1.0,-1.0
2019-06-06,Lappeenranta Hiekkapakka,22.1,,
2019-06-06,Parikkala Koitsanlahti,20.6,-1.0,-1.0
2019-06-06,Kaskinen Sälgrund,17.6,-1.0,
2019-06-06,Merikarvia Tuorila,,-1.0,-1.0
2019-06-06,Isojoki Kärjenkoski,,-1.0,-1.0
2019-06-06,Teuva Kauppilankylä,,-1.0,-1.0
2019-06-06,Pori Tahkoluoto satama,19.7,,
2019-06-06,Kristiinankaupunki Majakka,17.4,,
2019-06-06,Karvia Alkkia,22.8,-1.0,-1.0
2019-06-06,Ikaalinen Vehuvarpee,,-1.0,-1.0
2019-06-06,Kurikka Hirvijärvi,,-1.0,-1.0
2019-06-06,Kauhajoki Kuja-Kokko,21.5,-1.0,-1.0
2019-06-06,Kankaanpää Niinisalo lentokenttä,23.8,-1.0,-1.0
2019-06-06,Alavus Sulkavankylä,,-1.0,-1.0
2019-06-06,Virrat Äijänneva,21.9,,
2019-06-06,Tampere Siilinkari,23.0,,
2019-06-06,Jämsä Halli lentoasema,23.3,-1.0,-1.0
2019-06-06,Juupajoki Hyytiälä,22.3,-1.0,-1.0
2019-06-06,Sysmä Joutsjärvi,,-1.0,-1.0
2019-06-06,Luhanka Tammijärvi,,-1.0,-1.0
2019-06-06,Jyväskylä Muuratjärvi,,-1.0,-1.0
2019-06-06,Luhanka Judinsalo,21.1,,
2019-06-06,Multia Pirttiperä,,-1.0,-1.0
2019-06-06,Joutsa Savenaho,22.6,-1.0,-1.0
2019-06-06,Kangasniemi kirkonkylä,,-1.0,-1.0
2019-06-06,Joutsa Pärnämäki,,-1.0,-1.0
2019-06-06,Mikkeli Pitkähiekka,,-1.0,-1.0
2019-06-06,Juva Partala,22.7,,
2019-06-06,Varkaus Kosulanniemi,22.3,-1.0,-1.0
2019-06-06,Savonlinna Laukansaari,,-1.0,-1.0
2019-06-06,Sulkava Halttula,,-1.0,-1.0
2019-06-06,Savonlinna lentoasema,22.4,,
2019-06-06,Rantasalmi Rukkasluoto,19.8,,
2019-06-06,Savonlinna Punkaharju Laukansaari,21.5,-1.0,-1.0
2019-06-06,Enonkoski Simanala,,-1.0,-1.0
2019-06-06,Savonlinna Savonranta,,-1.0,-1.0
2019-06-06,Rääkkylä kirkonkylä,,-1.0,-1.0
2019-06-06,Tohmajärvi Kemie,20.5,-1.0,-1.0
2019-06-06,Joensuu Huhtilampi,,-1.0,-1.0
2019-06-06,Vaasa lentoasema,21.2,,
2019-06-06,Mustasaari Valassaaret,14.7,,
2019-06-06,Närpiö Ylimarkku,,-1.0,-1.0
2019-06-06,Mustasaari Riimala,,-1.0,-1.0
2019-06-06,Kurikka Pyörni,,-1.0,-1.0
2019-06-06,Korsnäs Bredskäret,14.4,,
2019-06-06,Maalahti Strömmingsbådan,10.9,,
2019-06-06,Vaasa Klemettilä,20.5,-1.0,-1.0
2019-06-06,Seinäjoki Pelmaa,23.0,-1.0,-1.0
2019-06-06,Kauhava lentokenttä,23.1,-1.0,-1.0
2019-06-06,Ähtäri Inha,22.8,-1.0,-1.0
2019-06-06,Halsua Purola,23.0,10.0,-1.0
2019-06-06,Alajärvi Möksy,23.8,-1.0,-1.0
2019-06-06,Multia Karhila,22.4,-1.0,-1.0
2019-06-06,Viitasaari Haapaniemi,22.8,-1.0,-1.0
2019-06-06,Äänekoski Kalaniemi,,-1.0,-1.0
2019-06-06,Viitasaari Kärnä,,-1.0,-1.0
2019-06-06,Vesanto kirkonkylä,22.5,-1.0,-1.0
2019-06-06,Pielavesi Venetmäki,,-1.0,-1.0
2019-06-06,Siilinjärvi Kuopio lentoasema,22.0,,
2019-06-06,Kuopio Maaninka,22.5,-1.0,-1.0
2019-06-06,Lapinlahti Lamminkäyrä,,-1.0,-1.0
2019-06-06,Suonenjoki Iisvesi,,-1.0,-1.0
2019-06-06,Kuopio Karttula,,-1.0,-1.0
2019-06-06,Kuopio Ritoniemi,21.7,,
2019-06-06,Kuopio Savilahti,23.1,-1.0,-1.0
2019-06-06,Heinävesi Palokki,,-1.0,-1.0
2019-06-06,Outokumpu Viuruniemi,,-1.0,-1.0
2019-06-06,Rautavaara Ala-Luosta,,-1.0,-1.0
2019-06-06,Rautavaara Ylä-Luosta,20.9,-1.0,-1.0
2019-06-06,Liperi Joensuu lentoasema,21.4,,
2019-06-06,Juuka Niemelä,20.7,-1.0,-1.0
2019-06-06,Joensuu Pyhäselkä,,-1.0,-1.0
2019-06-06,Lieksa Koli,,-1.0,-1.0
2019-06-06,Liperi Tuiskavanluoto,18.8,,
2019-06-06,Joensuu Linnunlahti,21.3,-1.0,-1.0
2019-06-06,Lieksa Lampela,19.9,-1.0,-1.0
2019-06-06,Ilomantsi Naarva,,-1.0,-1.0
2019-06-06,Ilomantsi Pötsönvaara,20.3,-1.0,
2019-06-06,Ilomantsi Mekrijärvi,20.1,-1.0,-1.0
2019-06-06,Pietarsaari Kallan,14.4,,
2019-06-06,Kokkola Tankar,14.8,,
2019-06-06,Kruunupyy Kokkola-Pietarsaari lentoasema,21.5,,
2019-06-06,Kaustinen Tastula,,-1.0,-1.0
2019-06-06,Kalajoki Ulkokalla,10.9,,
2019-06-06,Toholampi Oravala,,0.5,-1.0
2019-06-06,Kalajoki Pitkäsenkylä,,-1.0,-1.0
2019-06-06,Kalajoki Mehtäkylä,,-1.0,-1.0
2019-06-06,Toholampi Laitala,21.9,-1.0,-1.0
2019-06-06,Ylivieska lentokenttä,22.1,-1.0,-1.0
2019-06-06,Ylivieska Vähäkangas,,-1.0,-1.0
2019-06-06,Haapavesi Mustikkamäki,22.5,0.0,-1.0
2019-06-06,Pyhäjärvi Ojakylä,22.7,-1.0,-1.0
2019-06-06,Pyhäjärvi Hiidenniemi,,-1.0,-1.0
2019-06-06,Kiuruvesi Korpijoki,,-1.0,-1.0
2019-06-06,Siikalatva Kestilä,,-1.0,-1.0
2019-06-06,Kajaani lentoasema,21.9,,
2019-06-06,Vieremä Kaarakkala,22.4,-1.0,-1.0
2019-06-06,Kajaani Paltaniemi,,3.9,-1.0
2019-06-06,Nurmes Valtimo,21.1,-1.0,-1.0
2019-06-06,Ristijärvi Mustavaara,,0.0,-1.0
2019-06-06,Sotkamo Kuolaniemi,21.0,-1.0,-1.0
2019-06-06,Nurmes Mujejärvi,,-1.0,-1.0
2019-06-06,Kuhmo Apaja,,-1.0,-1.0
2019-06-06,Kuhmo Kalliojoki,20.8,-1.0,-1.0
2019-06-06,Raahe Nahkiainen,14.3,,
2019-06-06,Hailuoto Keskikylä,15.6,-1.0,-1.0
2019-06-06,Kemi I majakka,11.0,,
2019-06-06,Hailuoto Marjaniemi,13.8,,
2019-06-06,Raahe Lapaluoto satama,16.1,,
2019-06-06,Oulu lentoasema,18.4,,
2019-06-06,Siikajoki Ruukki,20.3,-1.0,-1.0
2019-06-06,Oulu Vihreäsaari satama,16.2,,
2019-06-06,Oulu Oulunsalo Pellonpää,18.3,-1.0,-1.0
2019-06-06,Vaala Pelso,21.3,-1.0,-1.0
2019-06-06,Pudasjärvi lentokenttä,20.2,-1.0,-1.0
2019-06-06,Utajärvi Särkijärvi,,0.0,-1.0
2019-06-06,Pudasjärvi Jaurakkajärvi,,-1.0,-1.0
2019-06-06,Suomussalmi Näljänkä,,1.4,-1.0
2019-06-06,Suomussalmi Pesiö,19.9,1.6,-1.0
2019-06-06,Puolanka Kotila,,-1.0,-1.0
2019-06-06,Puolanka Paljakka,20.5,-1.0,-1.0
2019-06-06,Kemi Kemi-Tornio lentoasema,15.4,,
2019-06-06,Kemi Ajos,13.7,,
2019-06-06,Tornio Kaakkuri,15.2,-1.0,-1.0
2019-06-06,Ranua lentokenttä,18.8,-1.0,-1.0
2019-06-06,Pudasjärvi Sarakylä,,-1.0,-1.0
2019-06-06,Posio Raistakka,,-1.0,-1.0
2019-06-06,Taivalkoski Inkee,,0.0,-1.0
2019-06-06,Taivalkoski kirkonkylä,19.4,-1.0,-1.0
2019-06-06,Kuusamo lentoasema,18.0,,
2019-06-06,Kuusamo Kiutaköngäs,15.3,3.1,-1.0
2019-06-06,Kuusamo Rukatunturi,15.6,,
2019-06-06,Kuusamo Teeriranta,,-1.0,-1.0
2019-06-06,Kuusamo Juuma,15.6,,
2019-06-06,Ylitornio Meltosjärvi,18.2,-1.0,-1.0
2019-06-06,Kolari Kattilamaa,,-1.0,-1.0
2019-06-06,Pello kirkonkylä,18.7,-1.0,-1.0
2019-06-06,Kittilä Alakylä,,0.0,-1.0
2019-06-06,Rovaniemi rautatieasema,18.7,,
2019-06-06,Sodankylä Tähtelä,17.9,4.1,-1.0
2019-06-06,Rovaniemi Apukka,17.6,0.4,-1.0
2019-06-06,Pelkosenniemi kirkonkylä,,0.1,-1.0
2019-06-06,Kemijärvi lentokenttä,16.8,3.3,-1.0
2019-06-06,Savukoski kirkonkylä,16.4,-1.0,-1.0
2019-06-06,Salla Kelloselkä,,0.4,-1.0
2019-06-06,Pelkosenniemi Pyhätunturi,15.7,,
2019-06-06,Salla kirkonkylä,16.1,0.9,-1.0
2019-06-06,Salla Naruska,14.8,0.2,-1.0
2019-06-06,Enontekiö Kaaresuvanto,,-1.0,-1.0
2019-06-06,Kittilä Pulju,,-1.0,-1.0
2019-06-06,Muonio Laukukero,13.1,,
2019-06-06,Muonio Sammaltunturi,14.9,,
2019-06-06,Kittilä Matorova,16.6,,
2019-06-06,Kittilä lentoasema,17.2,,
2019-06-06,Kittilä Kenttärova,16.4,-1.0,-1.0
2019-06-06,Kittilä Pakatti,17.2,-1.0,-1.0
2019-06-06,Kittilä Pokka,15.9,-1.0,-1.0
2019-06-06,Sodankylä Lokka,14.6,-1.0,-1.0
2019-06-06,Sodankylä Vuotso,16.0,-1.0,-1.0
2019-06-06,Inari Saariselkä matkailukeskus,15.7,-1.0,-1.0
2019-06-06,Inari Saariselkä Kaunispää,14.6,,
2019-06-06,Inari Raja-Jooseppi Kontiojärvi,,-1.0,-1.0
2019-06-06,Inari Raja-Jooseppi,15.9,,
2019-06-06,Salla Värriötunturi,15.1,0.0,-1.0
2019-06-06,Enontekiö Kilpisjärvi kyläkeskus,12.1,-1.0,-1.0
2019-06-06,Enontekiö Kilpisjärvi Saana,8.4,,
2019-06-06,Enontekiö Näkkälä,15.4,-1.0,-1.0
2019-06-06,Inari Angeli Lintupuoliselkä,15.7,-1.0,-1.0
2019-06-06,Inari Ivalo lentoasema,16.4,,
2019-06-06,Utsjoki Kevo,12.2,0.3,-1.0
2019-06-06,Utsjoki Nuorgam,10.6,0.3,-1.0
2019-06-06,Inari Väylä,15.7,,
2019-06-06,Inari kirkonkylä,,-1.0,-1.0
2019-06-06,Inari Kaamanen,15.3,-1.0,-1.0
2019-06-06,Inari Nellim,16.6,-1.0,-1.0
2019-06-06,Inari Kirakkajärvi,13.4,0.3,-1.0
2019-06-06,Mäntsälä Hirvihaara,21.8,-1.0,-1.0
2019-06-06,Lahti Sopenkorpi,23.5,-1.0,-1.0
2019-06-06,Siuntio Sjundby,,-1.0,-1.0
2019-06-06,Sipoo Itätoukki,15.5,,
2019-06-06,Rauma Pyynpää,22.9,-1.0,-1.0
2019-06-06,Muonio Oustajärvi,17.5,-1.0,-1.0
2019-06-06,Kajaani Petäisenniska,21.8,0.2,-1.0
2019-06-06,Utsjoki Kevo Kevojärvi,11.9,,
2019-06-06,Inari Seitalaassa,11.2,,
2019-06-06,Rovaniemi lentoasema AWOS,17.8,1.0,-1.0
2019-06-06,Jyväskylä lentoasema AWOS,22.7,-1.0,-1.0
2019-06-06,Puumala kirkonkylä,22.5,-1.0,-1.0
2019-06-06,Helsinki Vuosaari satama,18.4,,
2019-06-06,Maarianhamina Länsisatama,20.1,,
2019-06-06,Lumparland Långnäs satama,18.9,-1.0,-1.0
2019-06-06,Tampere Tampella,25.4,,
2019-06-06,Kittilä Lompolonvuoma,15.7,,
2019-06-06,Kuusamo Ruka Talvijärvi,17.1,,
2019-06-06,Espoo Nuuksio,23.4,-1.0,-1.0
2019-06-06,Mikkeli Lentoasema AWOS,22.1,-1.0,-1.0
2019-06-06,Espoo Tapiola,20.9,-1.0,-1.0
2019-06-07,Porvoo Kilpilahti satama,20.6,,
2019-06-07,Jomala Maarianhamina lentoasema,19.6,,
2019-06-07,Parainen Utö,16.1,-1.0,-1.0
2019-06-07,Lemland Nyhamn,14.1,,
2019-06-07,Jomala Jomalaby,19.6,-1.0,-1.0
2019-06-07,Hammarland Märket,12.9,,
2019-06-07,Kökar Bogskär,17.0,,
2019-06-07,Parainen Fagerholm,19.9,1.3,
2019-06-07,Kumlinge kirkonkylä,19.0,,
2019-06-07,Hanko Russarö,16.6,,
2019-06-07,Kaarina Yltöinen,23.3,-1.0,-1.0
2019-06-07,Kemiönsaari Vänö,19.1,,
2019-06-07,Hanko Tulliniemi,17.1,,
2019-06-07,Turku Rajakari,20.3,,
2019-06-07,Turku Artukainen,24.3,-1.0,-1.0
2019-06-07,Kemiönsaari Kemiö,22.9,-1.0,-1.0
2019-06-07,Hanko Tvärminne,18.7,-1.0,-1.0
2019-06-07,Salo Kärkkä,24.5,-1.0,
2019-06-07,Lohja Leppäkorpi,,-1.0,-1.0
2019-06-07,Raasepori Jussarö,17.0,,
2019-06-07,Salo Kiikala lentokenttä,23.6,-1.0,-1.0
2019-06-07,Vantaa Helsinki-Vantaan lentoasema,23.4,-1.0,-1.0
2019-06-07,Inkoo Bågaskär,17.6,,
2019-06-07,Helsinki Kaisaniemi,21.9,-1.0,-1.0
2019-06-07,Lohja Porla,22.9,-1.0,-1.0
2019-06-07,Vihti Maasoja,22.6,,
2019-06-07,Helsinki Harmaja,16.3,,
2019-06-07,Kirkkonummi Mäkiluoto,17.0,,
2019-06-07,Helsinki Helsingin majakka,19.7,,
2019-06-07,Helsinki Kumpula,22.5,-1.0,-1.0
2019-06-07,Helsinki Malmi lentokenttä,22.4,,
2019-06-07,Porvoo Emäsalo,20.1,,
2019-06-07,Porvoo Harabacka,22.3,-1.0,-1.0
2019-06-07,Kotka Rankki,19.6,-1.0,-1.0
2019-06-07,Loviisa Orrengrund,18.4,,
2019-06-07,Kotka Haapasaari,19.6,,
2019-06-07,Pori lentoasema,23.8,,
2019-06-07,Uusikaupunki Itätulli,,1.6,-1.0
2019-06-07,Laitila Haukka,,0.5,-1.0
2019-06-07,Kustavi Isokari,17.8,1.1,
2019-06-07,Rauma Kylmäpihlaja,20.8,,
2019-06-07,Pori rautatieasema,24.3,2.3,-1.0
2019-06-07,Turku lentoasema,23.8,,
2019-06-07,Kokemäki Rausenkulma,,-1.0,-1.0
2019-06-07,Huittinen Sallila,,-1.0,-1.0
2019-06-07,Oripää Teinikivi,,-1.0,-1.0
2019-06-07,Pöytyä Yläne,,-1.0,-1.0
2019-06-07,Kokemäki Tulkkila,23.5,-1.0,-1.0
2019-06-07,Jokioinen Ilmala,23.7,-1.0,-1.0
2019-06-07,Nokia Tottijärvi,,-1.0,-1.0
2019-06-07,Pirkkala Tampere-Pirkkala lentoasema,24.0,,
2019-06-07,Tampere Härmälä,24.0,-1.0,-1.0
2019-06-07,Somero Salkola,23.1,-1.0,-1.0
2019-06-07,Hyvinkää Hyvinkäänkylä,22.3,-1.0,-1.0
2019-06-07,Vihti Hiiskula,,-1.0,-1.0
2019-06-07,Hämeenlinna Pirttikoski,,-1.0,-1.0
2019-06-07,Nurmijärvi Röykkä,23.0,-1.0,-1.0
2019-06-07,Hattula Lepaa,22.8,-1.0,-1.0
2019-06-07,Hämeenlinna Lammi Pappila,22.4,0.0,-1.0
2019-06-07,Mäntsälä Hirvihaara Kuntomajantie,,-1.0,-1.0
2019-06-07,Asikkala Pulkkilanharju,20.3,,
2019-06-07,Hämeenlinna Lammi Evo,22.5,,
2019-06-07,Kouvola Utti lentoasema,24.2,-1.0,-1.0
2019-06-07,Kouvola Anjala,22.9,-1.0,-1.0
2019-06-07,Heinola Asemantaus,23.6,-1.0,-1.0
2019-06-07,Kouvola Voikoski,,-1.0,-1.0
2019-06-07,Virolahti Koivuniemi,21.4,-1.0,-1.0
2019-06-07,Lappeenranta lentoasema,24.3,,
2019-06-07,Lappeenranta Konnunsuo,22.8,,
2019-06-07,Lappeenranta Lepola,23.9,-1.0,-1.0
2019-06-07,Ruokolahti Kotaniemi,,0.0,-1.0
2019-06-07,Lappeenranta Hiekkapakka,21.9,,
2019-06-07,Parikkala Koitsanlahti,21.0,-1.0,-1.0
2019-06-07,Kaskinen Sälgrund,20.3,0.3,
2019-06-07,Merikarvia Tuorila,,0.7,-1.0
2019-06-07,Isojoki Kärjenkoski,,3.7,-1.0
2019-06-07,Teuva Kauppilankylä,,8.9,-1.0
2019-06-07,Pori Tahkoluoto satama,20.6,,
2019-06-07,Kristiinankaupunki Majakka,19.9,,
2019-06-07,Karvia Alkkia,21.6,-1.0,-1.0
2019-06-07,Ikaalinen Vehuvarpee,,-1.0,-1.0
2019-06-07,Kurikka Hirvijärvi,,0.0,-1.0
2019-06-07,Kauhajoki Kuja-Kokko,20.6,13.6,-1.0
2019-06-07,Kankaanpää Niinisalo lentokenttä,23.5,-1.0,-1.0
2019-06-07,Alavus Sulkavankylä,,-1.0,-1.0
2019-06-07,Virrat Äijänneva,21.6,,
2019-06-07,Tampere Siilinkari,23.4,,
2019-06-07,Jämsä Halli lentoasema,23.2,-1.0,-1.0
2019-06-07,Juupajoki Hyytiälä,22.4,-1.0,-1.0
2019-06-07,Sysmä Joutsjärvi,,-1.0,-1.0
2019-06-07,Luhanka Tammijärvi,,-1.0,-1.0
2019-06-07,Jyväskylä Muuratjärvi,,-1.0,-1.0
2019-06-07,Luhanka Judinsalo,20.2,,
2019-06-07,Multia Pirttiperä,,-1.0,-1.0
2019-06-07,Joutsa Savenaho,23.1,-1.0,-1.0
2019-06-07,Kangasniemi kirkonkylä,,-1.0,-1.0
2019-06-07,Joutsa Pärnämäki,,-1.0,-1.0
2019-06-07,Mikkeli Pitkähiekka,,-1.0,-1.0
2019-06-07,Juva Partala,23.4,,
2019-06-07,Varkaus Kosulanniemi,22.4,1.5,-1.0
2019-06-07,Savonlinna Laukansaari,,0.3,-1.0
2019-06-07,Sulkava Halttula,,-1.0,-1.0
2019-06-07,Savonlinna lentoasema,22.8,,
2019-06-07,Rantasalmi Rukkasluoto,19.7,,
2019-06-07,Savonlinna Punkaharju Laukansaari,22.2,-1.0,-1.0
2019-06-07,Enonkoski Simanala,,-1.0,-1.0
2019-06-07,Savonlinna Savonranta,,-1.0,-1.0
2019-06-07,Rääkkylä kirkonkylä,,-1.0,-1.0
2019-06-07,Tohmajärvi Kemie,22.3,-1.0,-1.0
2019-06-07,Joensuu Huhtilampi,,-1.0,-1.0
2019-06-07,Vaasa lentoasema,21.2,,
2019-06-07,Mustasaari Valassaaret,18.3,,
2019-06-07,Närpiö Ylimarkku,,14.3,-1.0
2019-06-07,Mustasaari Riimala,,16.2,-1.0
2019-06-07,Kurikka Pyörni,,0.7,-1.0
2019-06-07,Korsnäs Bredskäret,17.7,,
2019-06-07,Maalahti Strömmingsbådan,14.9,,
2019-06-07,Vaasa Klemettilä,21.5,8.8,-1.0
2019-06-07,Seinäjoki Pelmaa,21.8,0.1,-1.0
2019-06-07,Kauhava lentokenttä,20.7,4.9,-1.0
2019-06-07,Ähtäri Inha,22.8,0.7,-1.0
2019-06-07,Halsua Purola,21.8,15.2,-1.0
2019-06-07,Alajärvi Möksy,23.1,-1.0,-1.0
2019-06-07,Multia Karhila,23.0,0.3,-1.0
2019-06-07,Viitasaari Haapaniemi,23.2,-1.0,-1.0
2019-06-07,Äänekoski Kalaniemi,,0.2,-1.0
2019-06-07,Viitasaari Kärnä,,-1.0,-1.0
2019-06-07,Vesanto kirkonkylä,23.5,-1.0,-1.0
2019-06-07,Pielavesi Venetmäki,,-1.0,-1.0
2019-06-07,Siilinjärvi Kuopio lentoasema,23.7,,
2019-06-07,Kuopio Maaninka,23.4,2.6,-1.0
2019-06-07,Lapinlahti Lamminkäyrä,,-1.0,-1.0
2019-06-07,Suonenjoki Iisvesi,,0.0,-1.0
2019-06-07,Kuopio Karttula,,1.0,-1.0
2019-06-07,Kuopio Ritoniemi,23.5,,
2019-06-07,Kuopio Savilahti,24.4,-1.0,-1.0
2019-06-07,Heinävesi Palokki,,-1.0,-1.0
2019-06-07,Outokumpu Viuruniemi,,-1.0,-1.0
2019-06-07,Rautavaara Ala-Luosta,,-1.0,-1.0
2019-06-07,Rautavaara Ylä-Luosta,22.9,-1.0,-1.0
2019-06-07,Liperi Joensuu lentoasema,23.3,,
2019-06-07,Juuka Niemelä,23.4,-1.0,-1.0
2019-06-07,Joensuu Pyhäselkä,,-1.0,-1.0
2019-06-07,Lieksa Koli,,-1.0,-1.0
2019-06-07,Liperi Tuiskavanluoto,21.5,,
2019-06-07,Joensuu Linnunlahti,22.9,-1.0,-1.0
2019-06-07,Lieksa Lampela,22.7,-1.0,-1.0
2019-06-07,Ilomantsi Naarva,,-1.0,-1.0
2019-06-07,Ilomantsi Pötsönvaara,23.1,-1.0,
2019-06-07,Ilomantsi Mekrijärvi,23.3,-1.0,-1.0
2019-06-07,Pietarsaari Kallan,19.6,,
2019-06-07,Kokkola Tankar,16.7,,
2019-06-07,Kruunupyy Kokkola-Pietarsaari lentoasema,21.9,,
2019-06-07,Kaustinen Tastula,,1.6,-1.0
2019-06-07,Kalajoki Ulkokalla,14.8,,
2019-06-07,Toholampi Oravala,,4.3,-1.0
2019-06-07,Kalajoki Pitkäsenkylä,,0.0,-1.0
2019-06-07,Kalajoki Mehtäkylä,,-1.0,-1.0
2019-06-07,Toholampi Laitala,21.8,-1.0,-1.0
2019-06-07,Ylivieska lentokenttä,22.2,-1.0,-1.0
2019-06-07,Ylivieska Vähäkangas,,16.4,-1.0
2019-06-07,Haapavesi Mustikkamäki,23.6,-1.0,-1.0
2019-06-07,Pyhäjärvi Ojakylä,23.0,-1.0,-1.0
2019-06-07,Pyhäjärvi Hiidenniemi,,-1.0,-1.0
2019-06-07,Kiuruvesi Korpijoki,,-1.0,-1.0
2019-06-07,Siikalatva Kestilä,,-1.0,-1.0
2019-06-07,Kajaani lentoasema,23.8,,
2019-06-07,Vieremä Kaarakkala,23.8,-1.0,-1.0
2019-06-07,Kajaani Paltaniemi,,-1.0,-1.0
2019-06-07,Nurmes Valtimo,23.2,-1.0,-1.0
2019-06-07,Ristijärvi Mustavaara,,0.0,-1.0
2019-06-07,Sotkamo Kuolaniemi,23.3,-1.0,-1.0
2019-06-07,Nurmes Mujejärvi,,-1.0,-1.0
2019-06-07,Kuhmo Apaja,,-1.0,-1.0
2019-06-07,Kuhmo Kalliojoki,23.7,-1.0,-1.0
2019-06-07,Hailuoto Keskikylä,21.6,-1.0,-1.0
2019-06-07,Kemi I majakka,16.7,,
2019-06-07,Hailuoto Marjaniemi,20.2,,
2019-06-07,Raahe Lapaluoto satama,20.9,,
2019-06-07,Oulu lentoasema,23.2,,
2019-06-07,Siikajoki Ruukki,22.8,-1.0,-1.0
2019-06-07,Oulu Vihreäsaari satama,21.5,,
2019-06-07,Oulu Oulunsalo Pellonpää,22.8,-1.0,-1.0
2019-06-07,Vaala Pelso,22.5,-1.0,-1.0
2019-06-07,Pudasjärvi lentokenttä,23.4,-1.0,-1.0
2019-06-07,Utajärvi Särkijärvi,,-1.0,-1.0
2019-06-07,Pudasjärvi Jaurakkajärvi,,-1.0,-1.0
2019-06-07,Suomussalmi Näljänkä,,-1.0,-1.0
2019-06-07,Suomussalmi Pesiö,22.5,-1.0,-1.0
2019-06-07,Puolanka Kotila,,-1.0,-1.0
2019-06-07,Puolanka Paljakka,23.1,-1.0,-1.0
2019-06-07,Kemi Kemi-Tornio lentoasema,20.9,,
2019-06-07,Kemi Ajos,19.3,,
2019-06-07,Tornio Kaakkuri,19.8,0.3,-1.0
2019-06-07,Ranua lentokenttä,22.1,-1.0,-1.0
2019-06-07,Pudasjärvi Sarakylä,,0.8,-1.0
2019-06-07,Posio Raistakka,,0.0,-1.0
2019-06-07,Taivalkoski Inkee,,1.2,-1.0
2019-06-07,Taivalkoski kirkonkylä,22.6,-1.0,-1.0
2019-06-07,Kuusamo lentoasema,21.0,,
2019-06-07,Kuusamo Kiutaköngäs,18.5,2.5,-1.0
2019-06-07,Kuusamo Rukatunturi,21.2,,
2019-06-07,Kuusamo Teeriranta,,1.0,-1.0
2019-06-07,Kuusamo Juuma,19.4,,
2019-06-07,Ylitornio Meltosjärvi,22.1,0.1,-1.0
2019-06-07,Kolari Kattilamaa,,-1.0,-1.0
2019-06-07,Pello kirkonkylä,21.9,0.6,-1.0
2019-06-07,Kittilä Alakylä,,0.0,-1.0
2019-06-07,Rovaniemi rautatieasema,23.2,,
2019-06-07,Sodankylä Tähtelä,20.3,-1.0,-1.0
2019-06-07,Rovaniemi Apukka,21.8,-1.0,-1.0
2019-06-07,Pelkosenniemi kirkonkylä,,-1.0,-1.0
2019-06-07,Kemijärvi lentokenttä,21.3,-1.0,-1.0
2019-06-07,Savukoski kirkonkylä,20.1,0.0,-1.0
2019-06-07,Salla Kelloselkä,,4.9,-1.0
2019-06-07,Pelkosenniemi Pyhätunturi,20.7,,
2019-06-07,Salla kirkonkylä,19.9,1.1,-1.0
2019-06-07,Salla Naruska,19.0,-1.0,-1.0
2019-06-07,Enontekiö Kaaresuvanto,,15.0,-1.0
2019-06-07,Kittilä Pulju,,-1.0,-1.0
2019-06-07,Muonio Laukukero,17.6,,
2019-06-07,Muonio Sammaltunturi,19.0,,
2019-06-07,Kittilä Matorova,20.4,,
2019-06-07,Kittilä lentoasema,20.8,,
2019-06-07,Kittilä Kenttärova,20.1,-1.0,-1.0
2019-06-07,Kittilä Pakatti,20.6,-1.0,-1.0
2019-06-07,Kittilä Pokka,19.4,-1.0,-1.0
2019-06-07,Sodankylä Lokka,19.3,-1.0,-1.0
2019-06-07,Sodankylä Vuotso,19.1,5.9,-1.0
2019-06-07,Inari Saariselkä matkailukeskus,18.4,1.3,-1.0
2019-06-07,Inari Saariselkä Kaunispää,17.4,,
2019-06-07,Inari Raja-Jooseppi Kontiojärvi,,-1.0,-1.0
2019-06-07,Inari Raja-Jooseppi,18.7,,
2019-06-07,Salla Värriötunturi,19.9,0.0,-1.0
2019-06-07,Enontekiö Kilpisjärvi kyläkeskus,13.0,0.3,-1.0
2019-06-07,Enontekiö Kilpisjärvi Saana,12.0,,
2019-06-07,Enontekiö Näkkälä,17.5,9.1,-1.0
2019-06-07,Inari Angeli Lintupuoliselkä,15.9,10.8,-1.0
2019-06-07,Inari Ivalo lentoasema,17.3,,
2019-06-07,Utsjoki Kevo,10.0,14.2,-1.0
2019-06-07,Utsjoki Nuorgam,7.6,3.1,-1.0
2019-06-07,Inari Väylä,13.5,,
2019-06-07,Inari kirkonkylä,,11.5,-1.0
2019-06-07,Inari Kaamanen,14.0,15.5,-1.0
2019-06-07,Inari Nellim,15.9,5.9,-1.0
2019-06-07,Inari Kirakkajärvi,9.6,10.6,-1.0
2019-06-07,Mäntsälä Hirvihaara,21.9,-1.0,-1.0
2019-06-07,Lahti Sopenkorpi,24.4,-1.0,-1.0
2019-06-07,Siuntio Sjundby,,-1.0,-1.0
2019-06-07,Sipoo Itätoukki,16.4,,
2019-06-07,Rauma Pyynpää,24.4,-1.0,
2019-06-07,Muonio Oustajärvi,20.8,2.0,-1.0
2019-06-07,Kajaani Petäisenniska,23.9,-1.0,-1.0
2019-06-07,Utsjoki Kevo Kevojärvi,9.9,,
2019-06-07,Inari Seitalaassa,8.1,,
2019-06-07,Rovaniemi lentoasema AWOS,22.4,-1.0,-1.0
2019-06-07,Jyväskylä lentoasema AWOS,23.7,-1.0,-1.0
2019-06-07,Puumala kirkonkylä,23.2,-1.0,-1.0
2019-06-07,Helsinki Vuosaari satama,18.6,,
2019-06-07,Maarianhamina Länsisatama,19.1,,
2019-06-07,Lumparland Långnäs satama,18.7,-1.0,-1.0
2019-06-07,Tampere Tampella,26.0,,
2019-06-07,Kittilä Lompolonvuoma,19.9,,
2019-06-07,Kuusamo Ruka Talvijärvi,21.9,,
2019-06-07,Espoo Nuuksio,23.1,-1.0,-1.0
2019-06-07,Mikkeli Lentoasema AWOS,21.7,-1.0,-1.0
2019-06-07,Espoo Tapiola,21.0,-1.0,-1.0
2019-06-08,Porvoo Kilpilahti satama,20.9,,
2019-06-08,Jomala Maarianhamina lentoasema,18.1,,
2019-06-08,Parainen Utö,16.9,1.0,-1.0
2019-06-08,Lemland Nyhamn,14.4,,
2019-06-08,Jomala Jomalaby,18.9,0.1,-1.0
2019-06-08,Hammarland Märket,12.5,,
2019-06-08,Kökar Bogskär,16.0,,
2019-06-08,Parainen Fagerholm,18.2,0.7,
2019-06-08,Kumlinge kirkonkylä,17.5,,
2019-06-08,Hanko Russarö,17.7,,
2019-06-08,Kaarina Yltöinen,22.0,0.6,-1.0
2019-06-08,Kemiönsaari Vänö,18.8,,
2019-06-08,Hanko Tulliniemi,17.5,,
2019-06-08,Turku Rajakari,19.0,,
2019-06-08,Turku Artukainen,22.7,0.2,-1.0
2019-06-08,Kemiönsaari Kemiö,21.8,3.2,-1.0
2019-06-08,Hanko Tvärminne,18.7,0.2,-1.0
2019-06-08,Salo Kärkkä,23.4,1.2,
2019-06-08,Lohja Leppäkorpi,,2.0,-1.0
2019-06-08,Raasepori Jussarö,17.9,,
2019-06-08,Salo Kiikala lentokenttä,22.7,5.3,-1.0
2019-06-08,Vantaa Helsinki-Vantaan lentoasema,23.7,0.2,-1.0
2019-06-08,Inkoo Bågaskär,18.8,,
2019-06-08,Helsinki Kaisaniemi,22.1,2.5,-1.0
2019-06-08,Lohja Porla,22.5,0.4,-1.0
2019-06-08,Vihti Maasoja,22.5,,
2019-06-08,Helsinki Harmaja,16.8,,
2019-06-08,Kirkkonummi Mäkiluoto,17.7,,
2019-06-08,Helsinki Helsingin majakka,19.8,,
2019-06-08,Helsinki Kumpula,22.9,1.8,-1.0
2019-06-08,Helsinki Malmi lentokenttä,22.5,,
2019-06-08,Porvoo Emäsalo,19.3,,
2019-06-08,Porvoo Harabacka,23.1,8.7,-1.0
2019-06-08,Kotka Rankki,20.2,0.4,-1.0
2019-06-08,Loviisa Orrengrund,18.7,,
2019-06-08,Kotka Haapasaari,19.6,,
2019-06-08,Pori lentoasema,22.4,,
2019-06-08,Uusikaupunki Itätulli,,0.2,-1.0
2019-06-08,Laitila Haukka,,0.3,-1.0
2019-06-08,Kustavi Isokari,17.1,0.7,
2019-06-08,Rauma Kylmäpihlaja,19.4,,
2019-06-08,Pori rautatieasema,22.9,0.9,-1.0
2019-06-08,Turku lentoasema,22.8,,
2019-06-08,Kokemäki Rausenkulma,,0.4,-1.0
2019-06-08,Huittinen Sallila,,1.7,-1.0
2019-06-08,Oripää Teinikivi,,0.6,-1.0
2019-06-08,Pöytyä Yläne,,0.2,-1.0
2019-06-08,Kokemäki Tulkkila,23.2,0.6,-1.0
2019-06-08,Jokioinen Ilmala,23.2,16.8,-1.0
2019-06-08,Nokia Tottijärvi,,2.1,-1.0
2019-06-08,Pirkkala Tampere-Pirkkala lentoasema,22.9,,
2019-06-08,Tampere Härmälä,22.3,19.4,-1.0
2019-06-08,Somero Salkola,22.4,12.2,-1.0
2019-06-08,Hyvinkää Hyvinkäänkylä,22.8,0.3,-1.0
2019-06-08,Vihti Hiiskula,,-1.0,-1.0
2019-06-08,Hämeenlinna Pirttikoski,,8.3,-1.0
2019-06-08,Nurmijärvi Röykkä,23.1,0.8,-1.0
2019-06-08,Hattula Lepaa,22.9,14.7,-1.0
2019-06-08,Hämeenlinna Lammi Pappila,23.1,2.7,-1.0
2019-06-08,Mäntsälä Hirvihaara Kuntomajantie,,2.2,-1.0
2019-06-08,Asikkala Pulkkilanharju,20.6,,
2019-06-08,Hämeenlinna Lammi Evo,23.1,,
2019-06-08,Kouvola Utti lentoasema,24.0,-1.0,-1.0
2019-06-08,Kouvola Anjala,23.1,2.0,-1.0
2019-06-08,Heinola Asemantaus,24.2,1.2,-1.0
2019-06-08,Kouvola Voikoski,,1.0,-1.0
2019-06-08,Virolahti Koivuniemi,20.8,-1.0,-1.0
2019-06-08,Lappeenranta lentoasema,24.2,,
2019-06-08,Lappeenranta Konnunsuo,23.2,,
2019-06-08,Lappeenranta Lepola,24.1,-1.0,-1.0
2019-06-08,Ruokolahti Kotaniemi,,-1.0,-1.0
2019-06-08,Lappeenranta Hiekkapakka,20.8,,
2019-06-08,Parikkala Koitsanlahti,22.9,-1.0,-1.0
2019-06-08,Kaskinen Sälgrund,17.4,-1.0,
2019-06-08,Merikarvia Tuorila,,-1.0,-1.0
2019-06-08,Isojoki Kärjenkoski,,-1.0,-1.0
2019-06-08,Teuva Kauppilankylä,,-1.0,-1.0
2019-06-08,Pori Tahkoluoto satama,19.7,,
2019-06-08,Kristiinankaupunki Majakka,17.8,,
2019-06-08,Karvia Alkkia,20.9,5.5,-1.0
2019-06-08,Ikaalinen Vehuvarpee,,11.3,-1.0
2019-06-08,Kurikka Hirvijärvi,,6.0,-1.0
2019-06-08,Kauhajoki Kuja-Kokko,21.4,16.8,-1.0
2019-06-08,Kankaanpää Niinisalo lentokenttä,21.9,11.9,-1.0
2019-06-08,Alavus Sulkavankylä,,13.6,-1.0
2019-06-08,Virrat Äijänneva,21.1,,
2019-06-08,Tampere Siilinkari,21.2,,
2019-06-08,Jämsä Halli lentoasema,21.9,12.1,-1.0
2019-06-08,Juupajoki Hyytiälä,20.1,12.8,-1.0
2019-06-08,Sysmä Joutsjärvi,,0.5,-1.0
2019-06-08,Luhanka Tammijärvi,,1.0,-1.0
2019-06-08,Jyväskylä Muuratjärvi,,8.3,-1.0
2019-06-08,Luhanka Judinsalo,21.2,,
2019-06-08,Multia Pirttiperä,,15.0,-1.0
2019-06-08,Joutsa Savenaho,23.1,-1.0,-1.0
2019-06-08,Kangasniemi kirkonkylä,,3.0,-1.0
2019-06-08,Joutsa Pärnämäki,,0.4,-1.0
2019-06-08,Mikkeli Pitkähiekka,,0.5,-1.0
2019-06-08,Juva Partala,23.3,,
2019-06-08,Varkaus Kosulanniemi,22.0,0.8,-1.0
2019-06-08,Savonlinna Laukansaari,,-1.0,-1.0
2019-06-08,Sulkava Halttula,,5.1,-1.0
2019-06-08,Savonlinna lentoasema,23.4,,
2019-06-08,Rantasalmi Rukkasluoto,20.1,,
2019-06-08,Savonlinna Punkaharju Laukansaari,21.8,2.2,-1.0
2019-06-08,Enonkoski Simanala,,-1.0,-1.0
2019-06-08,Savonlinna Savonranta,,1.4,-1.0
2019-06-08,Rääkkylä kirkonkylä,,-1.0,-1.0
2019-06-08,Tohmajärvi Kemie,21.7,-1.0,-1.0
2019-06-08,Joensuu Huhtilampi,,-1.0,-1.0
2019-06-08,Vaasa lentoasema,21.6,,
2019-06-08,Mustasaari Valassaaret,18.3,,
2019-06-08,Närpiö Ylimarkku,,-1.0,-1.0
2019-06-08,Mustasaari Riimala,,1.3,-1.0
2019-06-08,Kurikka Pyörni,,2.1,-1.0
2019-06-08,Korsnäs Bredskäret,17.2,,
2019-06-08,Maalahti Strömmingsbådan,12.9,,
2019-06-08,Vaasa Klemettilä,21.4,0.1,-1.0
2019-06-08,Seinäjoki Pelmaa,21.9,11.3,-1.0
2019-06-08,Kauhava lentokenttä,21.4,15.7,-1.0
2019-06-08,Ähtäri Inha,21.4,9.5,-1.0
2019-06-08,Halsua Purola,20.5,-1.0,-1.0
2019-06-08,Alajärvi Möksy,21.0,4.9,-1.0
2019-06-08,Multia Karhila,21.8,6.2,-1.0
2019-06-08,Viitasaari Haapaniemi,22.0,2.2,-1.0
2019-06-08,Äänekoski Kalaniemi,,0.2,-1.0
2019-06-08,Viitasaari Kärnä,,2.9,-1.0
2019-06-08,Vesanto kirkonkylä,22.9,0.2,-1.0
2019-06-08,Pielavesi Venetmäki,,0.9,-1.0
2019-06-08,Siilinjärvi Kuopio lentoasema,22.7,,
2019-06-08,Kuopio Maaninka,22.8,0.4,-1.0
2019-06-08,Lapinlahti Lamminkäyrä,,5.0,-1.0
2019-06-08,Suonenjoki Iisvesi,,7.9,-1.0
2019-06-08,Kuopio Karttula,,-1.0,-1.0
2019-06-08,Kuopio Ritoniemi,23.2,,
2019-06-08,Kuopio Savilahti,23.5,0.1,-1.0
2019-06-08,Heinävesi Palokki,,0.0,-1.0
2019-06-08,Outokumpu Viuruniemi,,0.3,-1.0
2019-06-08,Rautavaara Ala-Luosta,,-1.0,-1.0
2019-06-08,Rautavaara Ylä-Luosta,22.2,-1.0,-1.0
2019-06-08,Liperi Joensuu lentoasema,22.2,,
2019-06-08,Juuka Niemelä,23.1,-1.0,-1.0
2019-06-08,Joensuu Pyhäselkä,,0.0,-1.0
2019-06-08,Lieksa Koli,,1.5,-1.0
2019-06-08,Liperi Tuiskavanluoto,21.4,,
2019-06-08,Joensuu Linnunlahti,22.5,0.5,-1.0
2019-06-08,Lieksa Lampela,22.4,-1.0,-1.0
2019-06-08,Ilomantsi Naarva,,0.0,-1.0
2019-06-08,Ilomantsi Pötsönvaara,22.9,-1.0,-1.0
2019-06-08,Ilomantsi Mekrijärvi,23.0,1.1,-1.0
2019-06-08,Pietarsaari Kallan,17.7,,
2019-06-08,Kokkola Tankar,17.1,,
2019-06-08,Kruunupyy Kokkola-Pietarsaari lentoasema,21.8,,
2019-06-08,Kaustinen Tastula,,16.1,-1.0
2019-06-08,Kalajoki Ulkokalla,12.9,,
2019-06-08,Toholampi Oravala,,-1.0,-1.0
2019-06-08,Kalajoki Pitkäsenkylä,,-1.0,-1.0
2019-06-08,Kalajoki Mehtäkylä,,0.9,-1.0
2019-06-08,Toholampi Laitala,21.7,9.3,-1.0
2019-06-08,Ylivieska lentokenttä,21.9,20.4,-1.0
2019-06-08,Ylivieska Vähäkangas,,-1.0,-1.0
2019-06-08,Haapavesi Mustikkamäki,21.2,-1.0,-1.0
2019-06-08,Pyhäjärvi Ojakylä,19.7,17.7,-1.0
2019-06-08,Pyhäjärvi Hiidenniemi,,11.0,-1.0
2019-06-08,Kiuruvesi Korpijoki,,1.3,-1.0
2019-06-08,Siikalatva Kestilä,,-1.0,-1.0
2019-06-08,Kajaani lentoasema,22.8,,
2019-06-08,Vieremä Kaarakkala,21.9,4.8,-1.0
2019-06-08,Kajaani Paltaniemi,,0.1,-1.0
2019-06-08,Nurmes Valtimo,23.1,-1.0,-1.0
2019-06-08,Ristijärvi Mustavaara,,0.0,-1.0
2019-06-08,Sotkamo Kuolaniemi,22.0,5.9,-1.0
2019-06-08,Nurmes Mujejärvi,,-1.0,-1.0
2019-06-08,Kuhmo Apaja,,0.4,-1.0
2019-06-08,Kuhmo Kalliojoki,22.2,10.2,-1.0
2019-06-08,Hailuoto Keskikylä,20.2,-1.0,-1.0
2019-06-08,Kemi I majakka,13.1,,
2019-06-08,Hailuoto Marjaniemi,17.7,,
2019-06-08,Raahe Lapaluoto satama,19.7,,
2019-06-08,Oulu lentoasema,21.7,,
2019-06-08,Siikajoki Ruukki,22.0,-1.0,-1.0
2019-06-08,Oulu Vihreäsaari satama,20.1,,
2019-06-08,Oulu Oulunsalo Pellonpää,21.6,7.6,-1.0
2019-06-08,Vaala Pelso,21.1,3.8,-1.0
2019-06-08,Pudasjärvi lentokenttä,22.2,15.6,-1.0
2019-06-08,Utajärvi Särkijärvi,,2.3,-1.0
2019-06-08,Pudasjärvi Jaurakkajärvi,,0.0,-1.0
2019-06-08,Suomussalmi Näljänkä,,1.4,-1.0
2019-06-08,Suomussalmi Pesiö,20.2,1.5,-1.0
2019-06-08,Puolanka Kotila,,0.9,-1.0
2019-06-08,Puolanka Paljakka,21.5,0.9,-1.0
2019-06-08,Kemi Kemi-Tornio lentoasema,18.4,,
2019-06-08,Kemi Ajos,17.1,,
2019-06-08,Tornio Kaakkuri,17.5,-1.0,-1.0
2019-06-08,Ranua lentokenttä,20.4,0.3,-1.0
2019-06-08,Pudasjärvi Sarakylä,,16.4,-1.0
2019-06-08,Posio Raistakka,,2.2,-1.0
2019-06-08,Taivalkoski Inkee,,0.5,-1.0
2019-06-08,Taivalkoski kirkonkylä,21.1,0.7,-1.0
2019-06-08,Kuusamo lentoasema,20.7,,
2019-06-08,Kuusamo Kiutaköngäs,20.2,0.5,-1.0
2019-06-08,Kuusamo Rukatunturi,20.1,,
2019-06-08,Kuusamo Teeriranta,,7.6,-1.0
2019-06-08,Kuusamo Juuma,20.1,,
2019-06-08,Ylitornio Meltosjärvi,21.5,-1.0,-1.0
2019-06-08,Kolari Kattilamaa,,-1.0,-1.0
2019-06-08,Pello kirkonkylä,21.5,-1.0,-1.0
2019-06-08,Kittilä Alakylä,,0.0,-1.0
2019-06-08,Rovaniemi rautatieasema,22.5,,
2019-06-08,Sodankylä Tähtelä,23.3,-1.0,-1.0
2019-06-08,Rovaniemi Apukka,22.0,-1.0,-1.0
2019-06-08,Pelkosenniemi kirkonkylä,,-1.0,-1.0
2019-06-08,Kemijärvi lentokenttä,22.5,-1.0,-1.0
2019-06-08,Savukoski kirkonkylä,22.1,-1.0,-1.0
2019-06-08,Salla Kelloselkä,,-1.0,-1.0
2019-06-08,Pelkosenniemi Pyhätunturi,21.0,,
2019-06-08,Salla kirkonkylä,21.7,-1.0,-1.0
2019-06-08,Salla Naruska,20.9,-1.0,-1.0
2019-06-08,Enontekiö Kaaresuvanto,,-1.0,-1.0
2019-06-08,Kittilä Pulju,,5.3,-1.0
2019-06-08,Muonio Laukukero,17.4,,
2019-06-08,Muonio Sammaltunturi,18.5,,
2019-06-08,Kittilä Matorova,19.9,,
2019-06-08,Kittilä lentoasema,21.4,,
2019-06-08,Kittilä Kenttärova,19.6,16.9,-1.0
2019-06-08,Kittilä Pakatti,21.1,9.3,-1.0
2019-06-08,Kittilä Pokka,19.4,8.0,-1.0
2019-06-08,Sodankylä Lokka,20.8,8.9,-1.0
2019-06-08,Sodankylä Vuotso,21.1,26.1,-1.0
2019-06-08,Inari Saariselkä matkailukeskus,19.4,1.8,-1.0
2019-06-08,Inari Saariselkä Kaunispää,19.0,,
2019-06-08,Inari Raja-Jooseppi Kontiojärvi,,5.6,-1.0
2019-06-08,Inari Raja-Jooseppi,20.6,,
2019-06-08,Salla Värriötunturi,22.7,2.3,-1.0
2019-06-08,Enontekiö Kilpisjärvi kyläkeskus,11.5,0.2,-1.0
2019-06-08,Enontekiö Kilpisjärvi Saana,10.5,,
2019-06-08,Enontekiö Näkkälä,18.1,3.0,-1.0
2019-06-08,Inari Angeli Lintupuoliselkä,18.5,3.3,-1.0
2019-06-08,Inari Ivalo lentoasema,19.5,,
2019-06-08,Utsjoki Kevo,11.1,0.4,-1.0
2019-06-08,Utsjoki Nuorgam,8.5,-1.0,-1.0
2019-06-08,Inari Väylä,16.4,,
2019-06-08,Inari kirkonkylä,,7.3,-1.0
2019-06-08,Inari Kaamanen,17.3,6.0,-1.0
2019-06-08,Inari Nellim,18.6,11.8,-1.0
2019-06-08,Inari Kirakkajärvi,11.1,14.0,-1.0
2019-06-08,Mäntsälä Hirvihaara,22.5,3.3,-1.0
2019-06-08,Lahti Sopenkorpi,24.3,3.0,-1.0
2019-06-08,Siuntio Sjundby,,0.9,-1.0
2019-06-08,Sipoo Itätoukki,17.1,,
2019-06-08,Rauma Pyynpää,22.4,0.2,-1.0
2019-06-08,Muonio Oustajärvi,20.1,13.7,
2019-06-08,Kajaani Petäisenniska,23.4,0.4,-1.0
2019-06-08,Utsjoki Kevo Kevojärvi,11.0,,
2019-06-08,Inari Seitalaassa,10.7,,
2019-06-08,Rovaniemi lentoasema AWOS,22.1,-1.0,-1.0
2019-06-08,Jyväskylä lentoasema AWOS,22.1,15.7,-1.0
2019-06-08,Puumala kirkonkylä,23.2,-1.0,-1.0
2019-06-08,Helsinki Vuosaari satama,19.0,,
2019-06-08,Maarianhamina Länsisatama,17.2,,
2019-06-08,Lumparland Långnäs satama,18.2,-1.0,-1.0
2019-06-08,Tampere Tampella,23.2,,
2019-06-08,Kittilä Lompolonvuoma,19.9,,
2019-06-08,Kuusamo Ruka Talvijärvi,21.3,,
2019-06-08,Espoo Nuuksio,22.7,0.2,-1.0
2019-06-08,Mikkeli Lentoasema AWOS,22.6,4.1,-1.0
2019-06-08,Espoo Tapiola,21.2,0.5,-1.0
2019-06-09,Porvoo Kilpilahti satama,18.1,,
2019-06-09,Jomala Maarianhamina lentoasema,14.7,,
2019-06-09,Parainen Utö,15.0,-1.0,-1.0
2019-06-09,Lemland Nyhamn,12.8,,
2019-06-09,Jomala Jomalaby,15.7,-1.0,-1.0
2019-06-09,Hammarland Märket,13.2,,
2019-06-09,Kökar Bogskär,13.4,,
2019-06-09,Parainen Fagerholm,15.4,-1.0,
2019-06-09,Kumlinge kirkonkylä,16.2,,
2019-06-09,Hanko Russarö,15.4,,
2019-06-09,Kaarina Yltöinen,17.6,-1.0,-1.0
2019-06-09,Kemiönsaari Vänö,15.0,,
2019-06-09,Hanko Tulliniemi,14.9,,
2019-06-09,Turku Rajakari,16.1,,
2019-06-09,Turku Artukainen,17.7,-1.0,-1.0
2019-06-09,Kemiönsaari Kemiö,17.0,-1.0,-1.0
2019-06-09,Hanko Tvärminne,16.4,-1.0,-1.0
2019-06-09,Salo Kärkkä,18.1,-1.0,
2019-06-09,Lohja Leppäkorpi,,-1.0,-1.0
2019-06-09,Raasepori Jussarö,15.3,,
2019-06-09,Salo Kiikala lentokenttä,17.0,-1.0,-1.0
2019-06-09,Vantaa Helsinki-Vantaan lentoasema,19.2,-1.0,-1.0
2019-06-09,Inkoo Bågaskär,16.2,,
2019-06-09,Helsinki Kaisaniemi,18.3,-1.0,-1.0
2019-06-09,Lohja Porla,18.0,-1.0,-1.0
2019-06-09,Vihti Maasoja,18.2,,
2019-06-09,Helsinki Harmaja,15.2,,
2019-06-09,Kirkkonummi Mäkiluoto,16.0,,
2019-06-09,Helsinki Helsingin majakka,14.8,,
2019-06-09,Helsinki Kumpula,18.6,-1.0,-1.0
2019-06-09,Helsinki Malmi lentokenttä,18.9,,
2019-06-09,Porvoo Emäsalo,15.8,,
2019-06-09,Porvoo Harabacka,19.3,-1.0,-1.0
2019-06-09,Kotka Rankki,16.5,-1.0,-1.0
2019-06-09,Loviisa Orrengrund,15.9,,
2019-06-09,Kotka Haapasaari,16.2,,
2019-06-09,Pori lentoasema,17.6,,
2019-06-09,Uusikaupunki Itätulli,,-1.0,-1.0
2019-06-09,Laitila Haukka,,-1.0,-1.0
2019-06-09,Kustavi Isokari,15.5,-1.0,
2019-06-09,Rauma Kylmäpihlaja,16.0,,
2019-06-09,Pori rautatieasema,17.7,-1.0,-1.0
2019-06-09,Turku lentoasema,17.3,,
2019-06-09,Kokemäki Rausenkulma,,0.0,-1.0
2019-06-09,Huittinen Sallila,,-1.0,-1.0
2019-06-09,Oripää Teinikivi,,-1.0,-1.0
2019-06-09,Pöytyä Yläne,,-1.0,-1.0
2019-06-09,Kokemäki Tulkkila,18.3,-1.0,-1.0
2019-06-09,Jokioinen Ilmala,17.5,-1.0,-1.0
2019-06-09,Nokia Tottijärvi,,-1.0,-1.0
2019-06-09,Pirkkala Tampere-Pirkkala lentoasema,17.9,,
2019-06-09,Tampere Härmälä,18.1,-1.0,-1.0
2019-06-09,Somero Salkola,16.8,-1.0,-1.0
2019-06-09,Hyvinkää Hyvinkäänkylä,18.4,-1.0,-1.0
2019-06-09,Vihti Hiiskula,,-1.0,-1.0
2019-06-09,Hämeenlinna Pirttikoski,,-1.0,-1.0
2019-06-09,Nurmijärvi Röykkä,18.3,-1.0,-1.0
2019-06-09,Hattula Lepaa,18.3,-1.0,-1.0
2019-06-09,Hämeenlinna Lammi Pappila,18.0,1.0,-1.0
2019-06-09,Mäntsälä Hirvihaara Kuntomajantie,,-1.0,-1.0
2019-06-09,Asikkala Pulkkilanharju,18.7,,
2019-06-09,Hämeenlinna Lammi Evo,17.5,,
2019-06-09,Kouvola Utti lentoasema,19.9,0.0,-1.0
2019-06-09,Kouvola Anjala,19.6,-1.0,-1.0
2019-06-09,Heinola Asemantaus,19.3,7.0,-1.0
2019-06-09,Kouvola Voikoski,,2.0,-1.0
2019-06-09,Virolahti Koivuniemi,17.5,0.3,-1.0
2019-06-09,Lappeenranta lentoasema,20.2,,
2019-06-09,Lappeenranta Konnunsuo,20.1,,
2019-06-09,Lappeenranta Lepola,20.4,0.1,-1.0
2019-06-09,Ruokolahti Kotaniemi,,0.7,-1.0
2019-06-09,Lappeenranta Hiekkapakka,19.2,,
2019-06-09,Parikkala Koitsanlahti,20.5,4.9,-1.0
2019-06-09,Kaskinen Sälgrund,13.4,-1.0,
2019-06-09,Merikarvia Tuorila,,-1.0,-1.0
2019-06-09,Isojoki Kärjenkoski,,-1.0,-1.0
2019-06-09,Teuva Kauppilankylä,,-1.0,-1.0
2019-06-09,Pori Tahkoluoto satama,14.7,,
2019-06-09,Kristiinankaupunki Majakka,11.7,,
2019-06-09,Karvia Alkkia,17.1,-1.0,-1.0
2019-06-09,Ikaalinen Vehuvarpee,,0.2,-1.0
2019-06-09,Kurikka Hirvijärvi,,-1.0,-1.0
2019-06-09,Kauhajoki Kuja-Kokko,16.5,-1.0,-1.0
2019-06-09,Kankaanpää Niinisalo lentokenttä,17.4,-1.0,-1.0
2019-06-09,Alavus Sulkavankylä,,1.7,-1.0
2019-06-09,Virrat Äijänneva,16.8,,
2019-06-09,Tampere Siilinkari,17.3,,
2019-06-09,Jämsä Halli lentoasema,18.3,1.1,-1.0
2019-06-09,Juupajoki Hyytiälä,17.2,1.7,-1.0
2019-06-09,Sysmä Joutsjärvi,,-1.0,-1.0
2019-06-09,Luhanka Tammijärvi,,3.0,-1.0
2019-06-09,Jyväskylä Muuratjärvi,,3.0,-1.0
2019-06-09,Luhanka Judinsalo,18.0,,
2019-06-09,Multia Pirttiperä,,0.8,-1.0
2019-06-09,Joutsa Savenaho,18.4,2.1,-1.0
2019-06-09,Kangasniemi kirkonkylä,,4.0,-1.0
2019-06-09,Joutsa Pärnämäki,,7.9,-1.0
2019-06-09,Mikkeli Pitkähiekka,,4.1,-1.0
2019-06-09,Juva Partala,20.7,,
2019-06-09,Varkaus Kosulanniemi,21.1,-1.0,-1.0
2019-06-09,Savonlinna Laukansaari,,0.2,-1.0
2019-06-09,Sulkava Halttula,,-1.0,-1.0
2019-06-09,Savonlinna lentoasema,21.5,,
2019-06-09,Rantasalmi Rukkasluoto,19.3,,
2019-06-09,Savonlinna Punkaharju Laukansaari,21.2,-1.0,-1.0
2019-06-09,Enonkoski Simanala,,0.0,-1.0
2019-06-09,Savonlinna Savonranta,,0.7,-1.0
2019-06-09,Rääkkylä kirkonkylä,,0.5,-1.0
2019-06-09,Tohmajärvi Kemie,19.4,11.1,-1.0
2019-06-09,Joensuu Huhtilampi,,0.1,-1.0
2019-06-09,Vaasa lentoasema,16.7,,
2019-06-09,Mustasaari Valassaaret,14.8,,
2019-06-09,Närpiö Ylimarkku,,-1.0,-1.0
2019-06-09,Mustasaari Riimala,,-1.0,-1.0
2019-06-09,Kurikka Pyörni,,-1.0,-1.0
2019-06-09,Korsnäs Bredskäret,14.8,,
2019-06-09,Maalahti Strömmingsbådan,11.1,,
2019-06-09,Vaasa Klemettilä,17.1,-1.0,-1.0
2019-06-09,Seinäjoki Pelmaa,17.5,-1.0,-1.0
2019-06-09,Kauhava lentokenttä,17.4,0.5,-1.0
2019-06-09,Ähtäri Inha,17.9,-1.0,-1.0
2019-06-09,Halsua Purola,17.8,0.0,-1.0
2019-06-09,Alajärvi Möksy,17.8,-1.0,-1.0
2019-06-09,Multia Karhila,17.1,0.6,-1.0
2019-06-09,Viitasaari Haapaniemi,18.6,7.1,-1.0
2019-06-09,Äänekoski Kalaniemi,,1.6,-1.0
2019-06-09,Viitasaari Kärnä,,5.1,-1.0
2019-06-09,Vesanto kirkonkylä,19.0,10.7,-1.0
2019-06-09,Pielavesi Venetmäki,,2.9,-1.0
2019-06-09,Siilinjärvi Kuopio lentoasema,20.2,,
2019-06-09,Kuopio Maaninka,19.8,2.1,-1.0
2019-06-09,Lapinlahti Lamminkäyrä,,1.3,-1.0
2019-06-09,Suonenjoki Iisvesi,,-1.0,-1.0
2019-06-09,Kuopio Karttula,,0.5,-1.0
2019-06-09,Kuopio Ritoniemi,20.2,,
2019-06-09,Kuopio Savilahti,20.6,0.4,-1.0
2019-06-09,Heinävesi Palokki,,0.1,-1.0
2019-06-09,Outokumpu Viuruniemi,,1.7,-1.0
2019-06-09,Rautavaara Ala-Luosta,,0.0,-1.0
2019-06-09,Rautavaara Ylä-Luosta,19.0,1.7,-1.0
2019-06-09,Liperi Joensuu lentoasema,21.4,,
2019-06-09,Juuka Niemelä,20.6,2.7,-1.0
2019-06-09,Joensuu Pyhäselkä,,9.4,-1.0
2019-06-09,Lieksa Koli,,0.4,-1.0
2019-06-09,Liperi Tuiskavanluoto,20.3,,
2019-06-09,Joensuu Linnunlahti,20.8,1.9,-1.0
2019-06-09,Lieksa Lampela,20.6,2.4,-1.0
2019-06-09,Ilomantsi Naarva,,1.3,-1.0
2019-06-09,Ilomantsi Pötsönvaara,19.5,4.7,-1.0
2019-06-09,Ilomantsi Mekrijärvi,20.8,0.9,-1.0
2019-06-09,Pietarsaari Kallan,16.1,,
2019-06-09,Kokkola Tankar,15.9,,
2019-06-09,Kruunupyy Kokkola-Pietarsaari lentoasema,17.7,,
2019-06-09,Kaustinen Tastula,,14.0,-1.0
2019-06-09,Kalajoki Ulkokalla,11.8,,
2019-06-09,Toholampi Oravala,,6.3,-1.0
2019-06-09,Kalajoki Pitkäsenkylä,,1.9,-1.0
2019-06-09,Kalajoki Mehtäkylä,,2.7,-1.0
2019-06-09,Toholampi Laitala,17.6,0.9,-1.0
2019-06-09,Ylivieska lentokenttä,18.2,0.2,-1.0
2019-06-09,Ylivieska Vähäkangas,,3.7,-1.0
2019-06-09,Haapavesi Mustikkamäki,17.9,3.0,-1.0
2019-06-09,Pyhäjärvi Ojakylä,17.9,8.6,-1.0
2019-06-09,Pyhäjärvi Hiidenniemi,,17.0,-1.0
2019-06-09,Kiuruvesi Korpijoki,,6.0,-1.0
2019-06-09,Siikalatva Kestilä,,7.0,-1.0
2019-06-09,Kajaani lentoasema,18.8,,
2019-06-09,Vieremä Kaarakkala,17.9,5.0,-1.0
2019-06-09,Kajaani Paltaniemi,,2.0,-1.0
2019-06-09,Nurmes Valtimo,20.0,1.8,-1.0
2019-06-09,Ristijärvi Mustavaara,,9.6,-1.0
2019-06-09,Sotkamo Kuolaniemi,18.6,3.5,-1.0
2019-06-09,Nurmes Mujejärvi,,8.3,-1.0
2019-06-09,Kuhmo Apaja,,3.2,-1.0
2019-06-09,Kuhmo Kalliojoki,18.5,5.5,-1.0
2019-06-09,Hailuoto Keskikylä,15.7,9.1,-1.0
2019-06-09,Kemi I majakka,10.9,,
2019-06-09,Hailuoto Marjaniemi,14.9,,
2019-06-09,Raahe Lapaluoto satama,16.1,,
2019-06-09,Oulu lentoasema,18.0,,
2019-06-09,Siikajoki Ruukki,17.9,5.7,-1.0
2019-06-09,Oulu Vihreäsaari satama,17.7,,
2019-06-09,Oulu Oulunsalo Pellonpää,17.4,8.4,-1.0
2019-06-09,Vaala Pelso,17.5,10.4,-1.0
2019-06-09,Pudasjärvi lentokenttä,17.5,3.7,-1.0
2019-06-09,Utajärvi Särkijärvi,,3.8,-1.0
2019-06-09,Pudasjärvi Jaurakkajärvi,,1.2,-1.0
2019-06-09,Suomussalmi Näljänkä,,1.7,-1.0
2019-06-09,Suomussalmi Pesiö,18.2,2.4,-1.0
2019-06-09,Puolanka Kotila,,17.2,-1.0
2019-06-09,Puolanka Paljakka,17.4,12.2,-1.0
2019-06-09,Kemi Kemi-Tornio lentoasema,14.9,,
2019-06-09,Kemi Ajos,14.1,,
2019-06-09,Tornio Kaakkuri,14.5,31.8,-1.0
2019-06-09,Ranua lentokenttä,16.1,9.7,-1.0
2019-06-09,Pudasjärvi Sarakylä,,3.9,-1.0
2019-06-09,Posio Raistakka,,7.6,-1.0
2019-06-09,Taivalkoski Inkee,,10.2,-1.0
2019-06-09,Taivalkoski kirkonkylä,17.5,2.4,-1.0
2019-06-09,Kuusamo lentoasema,17.1,,
2019-06-09,Kuusamo Kiutaköngäs,17.8,3.8,-1.0
2019-06-09,Kuusamo Rukatunturi,15.4,,
2019-06-09,Kuusamo Teeriranta,,0.9,-1.0
2019-06-09,Kuusamo Juuma,17.2,,
2019-06-09,Ylitornio Meltosjärvi,16.6,5.4,-1.0
2019-06-09,Kolari Kattilamaa,,0.0,-1.0
2019-06-09,Pello kirkonkylä,17.0,0.3,-1.0
2019-06-09,Kittilä Alakylä,,12.0,-1.0
2019-06-09,Rovaniemi rautatieasema,17.7,,
2019-06-09,Sodankylä Tähtelä,15.0,15.4,-1.0
2019-06-09,Rovaniemi Apukka,17.5,18.3,-1.0
2019-06-09,Pelkosenniemi kirkonkylä,,34.1,-1.0
2019-06-09,Kemijärvi lentokenttä,17.9,3.8,-1.0
2019-06-09,Savukoski kirkonkylä,15.8,22.7,-1.0
2019-06-09,Salla Kelloselkä,,65.7,-1.0
2019-06-09,Pelkosenniemi Pyhätunturi,15.5,,
2019-06-09,Salla kirkonkylä,17.8,17.7,-1.0
2019-06-09,Salla Naruska,17.0,35.7,-1.0
2019-06-09,Enontekiö Kaaresuvanto,,14.0,-1.0
2019-06-09,Kittilä Pulju,,16.0,-1.0
2019-06-09,Muonio Laukukero,6.6,,
2019-06-09,Muonio Sammaltunturi,7.4,,
2019-06-09,Kittilä Matorova,8.7,,
2019-06-09,Kittilä lentoasema,11.0,,
2019-06-09,Kittilä Kenttärova,8.8,8.7,-1.0
2019-06-09,Kittilä Pakatti,11.4,10.9,-1.0
2019-06-09,Kittilä Pokka,8.1,21.6,-1.0
2019-06-09,Sodankylä Lokka,11.3,4.5,-1.0
2019-06-09,Sodankylä Vuotso,8.7,41.1,-1.0
2019-06-09,Inari Saariselkä matkailukeskus,7.0,21.4,-1.0
2019-06-09,Inari Saariselkä Kaunispää,5.8,,
2019-06-09,Inari Raja-Jooseppi Kontiojärvi,,16.7,-1.0
2019-06-09,Inari Raja-Jooseppi,6.9,,
2019-06-09,Salla Värriötunturi,10.4,8.4,-1.0
2019-06-09,Enontekiö Kilpisjärvi kyläkeskus,6.8,22.5,-1.0
2019-06-09,Enontekiö Kilpisjärvi Saana,3.8,,
2019-06-09,Enontekiö Näkkälä,7.8,14.5,-1.0
2019-06-09,Inari Angeli Lintupuoliselkä,6.5,25.8,-1.0
2019-06-09,Inari Ivalo lentoasema,7.6,,
2019-06-09,Utsjoki Kevo,6.2,17.3,-1.0
2019-06-09,Utsjoki Nuorgam,5.8,10.7,-1.0
2019-06-09,Inari Väylä,6.8,,
2019-06-09,Inari kirkonkylä,,24.9,-1.0
2019-06-09,Inari Kaamanen,6.6,18.3,-1.0
2019-06-09,Inari Nellim,7.5,18.3,-1.0
2019-06-09,Inari Kirakkajärvi,5.2,13.6,-1.0
2019-06-09,Mäntsälä Hirvihaara,18.5,-1.0,-1.0
2019-06-09,Lahti Sopenkorpi,19.0,1.4,-1.0
2019-06-09,Siuntio Sjundby,,-1.0,-1.0
2019-06-09,Sipoo Itätoukki,14.6,,
2019-06-09,Rauma Pyynpää,17.4,-1.0,-1.0
2019-06-09,Muonio Oustajärvi,10.6,8.9,-1.0
2019-06-09,Kajaani Petäisenniska,19.7,-1.0,-1.0
2019-06-09,Utsjoki Kevo Kevojärvi,6.3,,
2019-06-09,Inari Seitalaassa,5.2,,
2019-06-09,Rovaniemi lentoasema AWOS,16.7,5.4,-1.0
2019-06-09,Jyväskylä lentoasema AWOS,18.3,4.9,-1.0
2019-06-09,Puumala kirkonkylä,20.7,-1.0,-1.0
2019-06-09,Helsinki Vuosaari satama,17.3,,
2019-06-09,Maarianhamina Länsisatama,14.4,,
2019-06-09,Lumparland Långnäs satama,16.0,-1.0,-1.0
2019-06-09,Tampere Tampella,18.9,,
2019-06-09,Kittilä Lompolonvuoma,9.1,,
2019-06-09,Kuusamo Ruka Talvijärvi,17.1,,
2019-06-09,Espoo Nuuksio,18.5,-1.0,-1.0
2019-06-09,Mikkeli Lentoasema AWOS,19.8,0.4,-1.0
2019-06-09,Espoo Tapiola,18.6,-1.0,-1.0
2019-06-10,Porvoo Kilpilahti satama,15.8,,
2019-06-10,Jomala Maarianhamina lentoasema,14.0,,
2019-06-10,Parainen Utö,13.8,-1.0,-1.0
2019-06-10,Lemland Nyhamn,11.9,,
2019-06-10,Jomala Jomalaby,14.7,-1.0,-1.0
2019-06-10,Hammarland Märket,13.8,,
2019-06-10,Kökar Bogskär,12.7,,
2019-06-10,Parainen Fagerholm,14.4,-1.0,
2019-06-10,Kumlinge kirkonkylä,15.2,,
2019-06-10,Hanko Russarö,14.1,,
2019-06-10,Kaarina Yltöinen,15.7,-1.0,-1.0
2019-06-10,Kemiönsaari Vänö,14.0,,
2019-06-10,Hanko Tulliniemi,14.1,,
2019-06-10,Turku Rajakari,15.1,,
2019-06-10,Turku Artukainen,16.1,-1.0,-1.0
2019-06-10,Kemiönsaari Kemiö,14.8,-1.0,-1.0
2019-06-10,Hanko Tvärminne,14.4,-1.0,-1.0
2019-06-10,Salo Kärkkä,15.7,-1.0,
2019-06-10,Lohja Leppäkorpi,,-1.0,-1.0
2019-06-10,Raasepori Jussarö,13.6,,
2019-06-10,Salo Kiikala lentokenttä,15.1,-1.0,-1.0
2019-06-10,Vantaa Helsinki-Vantaan lentoasema,16.6,-1.0,-1.0
2019-06-10,Inkoo Bågaskär,14.6,,
2019-06-10,Helsinki Kaisaniemi,16.4,-1.0,-1.0
2019-06-10,Lohja Porla,15.6,-1.0,-1.0
2019-06-10,Vihti Maasoja,15.5,,
2019-06-10,Helsinki Harmaja,13.6,,
2019-06-10,Kirkkonummi Mäkiluoto,14.4,,
2019-06-10,Helsinki Helsingin majakka,13.4,,
2019-06-10,Helsinki Kumpula,16.6,-1.0,-1.0
2019-06-10,Helsinki Malmi lentokenttä,16.5,,
2019-06-10,Porvoo Emäsalo,14.0,,
2019-06-10,Porvoo Harabacka,16.6,-1.0,-1.0
2019-06-10,Kotka Rankki,14.1,-1.0,-1.0
2019-06-10,Loviisa Orrengrund,14.0,,
2019-06-10,Kotka Haapasaari,13.8,,
2019-06-10,Pori lentoasema,14.7,,
2019-06-10,Uusikaupunki Itätulli,,-1.0,-1.0
2019-06-10,Laitila Haukka,,-1.0,-1.0
2019-06-10,Kustavi Isokari,14.3,-1.0,
2019-06-10,Rauma Kylmäpihlaja,14.1,,
2019-06-10,Pori rautatieasema,15.1,-1.0,-1.0
2019-06-10,Turku lentoasema,15.5,,
2019-06-10,Kokemäki Rausenkulma,,-1.0,-1.0
2019-06-10,Huittinen Sallila,,-1.0,-1.0
2019-06-10,Oripää Teinikivi,,-1.0,-1.0
2019-06-10,Pöytyä Yläne,,-1.0,-1.0
2019-06-10,Kokemäki Tulkkila,15.5,-1.0,-1.0
2019-06-10,Jokioinen Ilmala,15.2,-1.0,-1.0
2019-06-10,Nokia Tottijärvi,,-1.0,-1.0
2019-06-10,Pirkkala Tampere-Pirkkala lentoasema,15.3,,
2019-06-10,Tampere Härmälä,15.5,-1.0,-1.0
2019-06-10,Somero Salkola,14.6,-1.0,-1.0
2019-06-10,Hyvinkää Hyvinkäänkylä,15.5,-1.0,-1.0
2019-06-10,Vihti Hiiskula,,-1.0,-1.0
2019-06-10,Hämeenlinna Pirttikoski,,-1.0,-1.0
2019-06-10,Nurmijärvi Röykkä,15.3,-1.0,-1.0
2019-06-10,Hattula Lepaa,15.7,-1.0,-1.0
2019-06-10,Hämeenlinna Lammi Pappila,15.1,-1.0,-1.0
2019-06-10,Mäntsälä Hirvihaara Kuntomajantie,,-1.0,-1.0
2019-06-10,Asikkala Pulkkilanharju,15.9,,
2019-06-10,Hämeenlinna Lammi Evo,15.1,,
2019-06-10,Kouvola Utti lentoasema,16.3,-1.0,-1.0
2019-06-10,Kouvola Anjala,16.6,-1.0,-1.0
2019-06-10,Heinola Asemantaus,16.3,-1.0,-1.0
2019-06-10,Kouvola Voikoski,,-1.0,-1.0
2019-06-10,Virolahti Koivuniemi,15.0,-1.0,-1.0
2019-06-10,Lappeenranta lentoasema,16.4,,
2019-06-10,Lappeenranta Konnunsuo,16.2,,
2019-06-10,Lappeenranta Lepola,16.7,-1.0,-1.0
2019-06-10,Ruokolahti Kotaniemi,,-1.0,-1.0
2019-06-10,Lappeenranta Hiekkapakka,15.8,,
2019-06-10,Parikkala Koitsanlahti,16.5,-1.0,-1.0
2019-06-10,Kaskinen Sälgrund,12.3,-1.0,
2019-06-10,Merikarvia Tuorila,,-1.0,-1.0
2019-06-10,Isojoki Kärjenkoski,,-1.0,-1.0
2019-06-10,Teuva Kauppilankylä,,-1.0,-1.0
2019-06-10,Pori Tahkoluoto satama,12.7,,
2019-06-10,Kristiinankaupunki Majakka,9.7,,
2019-06-10,Karvia Alkkia,13.7,-1.0,-1.0
2019-06-10,Ikaalinen Vehuvarpee,,-1.0,-1.0
2019-06-10,Kurikka Hirvijärvi,,-1.0,-1.0
2019-06-10,Kauhajoki Kuja-Kokko,13.6,-1.0,-1.0
2019-06-10,Kankaanpää Niinisalo lentokenttä,14.0,-1.0,-1.0
2019-06-10,Alavus Sulkavankylä,,-1.0,-1.0
2019-06-10,Virrat Äijänneva,13.9,,
2019-06-10,Tampere Siilinkari,14.3,,
2019-06-10,Jämsä Halli lentoasema,15.2,-1.0,-1.0
2019-06-10,Juupajoki Hyytiälä,14.5,-1.0,-1.0
2019-06-10,Sysmä Joutsjärvi,,-1.0,-1.0
2019-06-10,Luhanka Tammijärvi,,-1.0,-1.0
2019-06-10,Jyväskylä Muuratjärvi,,-1.0,-1.0
2019-06-10,Luhanka Judinsalo,15.4,,
2019-06-10,Multia Pirttiperä,,-1.0,-1.0
2019-06-10,Joutsa Savenaho,14.8,-1.0,-1.0
2019-06-10,Kangasniemi kirkonkylä,,-1.0,-1.0
2019-06-10,Joutsa Pärnämäki,,-1.0,-1.0
2019-06-10,Mikkeli Pitkähiekka,,-1.0,-1.0
2019-06-10,Juva Partala,16.3,,
2019-06-10,Varkaus Kosulanniemi,16.5,-1.0,-1.0
2019-06-10,Savonlinna Laukansaari,,-1.0,-1.0
2019-06-10,Sulkava Halttula,,-1.0,-1.0
2019-06-10,Savonlinna lentoasema,16.7,,
2019-06-10,Rantasalmi Rukkasluoto,16.3,,
2019-06-10,Savonlinna Punkaharju Laukansaari,16.8,-1.0,-1.0
2019-06-10,Enonkoski Simanala,,-1.0,-1.0
2019-06-10,Savonlinna Savonranta,,-1.0,-1.0
2019-06-10,Rääkkylä kirkonkylä,,-1.0,-1.0
2019-06-10,Tohmajärvi Kemie,16.2,-1.0,-1.0
2019-06-10,Joensuu Huhtilampi,,-1.0,-1.0
2019-06-10,Vaasa lentoasema,14.5,,
2019-06-10,Mustasaari Valassaaret,13.4,,
2019-06-10,Närpiö Ylimarkku,,-1.0,-1.0
2019-06-10,Mustasaari Riimala,,-1.0,-1.0
2019-06-10,Kurikka Pyörni,,-1.0,-1.0
2019-06-10,Korsnäs Bredskäret,12.2,,
2019-06-10,Maalahti Strömmingsbådan,10.4,,
2019-06-10,Vaasa Klemettilä,14.8,-1.0,-1.0
2019-06-10,Seinäjoki Pelmaa,15.2,-1.0,-1.0
2019-06-10,Kauhava lentokenttä,15.3,-1.0,-1.0
2019-06-10,Ähtäri Inha,14.6,-1.0,-1.0
2019-06-10,Halsua Purola,15.1,-1.0,-1.0
2019-06-10,Alajärvi Möksy,14.9,-1.0,-1.0
2019-06-10,Multia Karhila,13.6,-1.0,-1.0
2019-06-10,Viitasaari Haapaniemi,15.3,-1.0,-1.0
2019-06-10,Äänekoski Kalaniemi,,-1.0,-1.0
2019-06-10,Viitasaari Kärnä,,-1.0,-1.0
2019-06-10,Vesanto kirkonkylä,15.3,-1.0,-1.0
2019-06-10,Pielavesi Venetmäki,,-1.0,-1.0
2019-06-10,Siilinjärvi Kuopio lentoasema,15.9,,
2019-06-10,Kuopio Maaninka,16.0,-1.0,-1.0
2019-06-10,Lapinlahti Lamminkäyrä,,-1.0,-1.0
2019-06-10,Suonenjoki Iisvesi,,-1.0,-1.0
2019-06-10,Kuopio Karttula,,-1.0,-1.0
2019-06-10,Kuopio Ritoniemi,15.9,,
2019-06-10,Kuopio Savilahti,16.0,-1.0,-1.0
2019-06-10,Heinävesi Palokki,,-1.0,-1.0
2019-06-10,Outokumpu Viuruniemi,,-1.0,-1.0
2019-06-10,Rautavaara Ala-Luosta,,-1.0,-1.0
2019-06-10,Rautavaara Ylä-Luosta,14.9,0.3,-1.0
2019-06-10,Liperi Joensuu lentoasema,16.1,,
2019-06-10,Juuka Niemelä,15.5,-1.0,-1.0
2019-06-10,Joensuu Pyhäselkä,,-1.0,-1.0
2019-06-10,Lieksa Koli,,-1.0,-1.0
2019-06-10,Liperi Tuiskavanluoto,16.4,,
2019-06-10,Joensuu Linnunlahti,16.5,-1.0,-1.0
2019-06-10,Lieksa Lampela,16.2,0.1,-1.0
2019-06-10,Ilomantsi Naarva,,-1.0,-1.0
2019-06-10,Ilomantsi Pötsönvaara,14.8,-1.0,-1.0
2019-06-10,Ilomantsi Mekrijärvi,16.2,-1.0,-1.0
2019-06-10,Pietarsaari Kallan,13.5,,
2019-06-10,Kokkola Tankar,13.1,,
2019-06-10,Kruunupyy Kokkola-Pietarsaari lentoasema,15.8,,
2019-06-10,Kaustinen Tastula,,-1.0,-1.0
2019-06-10,Kalajoki Ulkokalla,8.1,,
2019-06-10,Toholampi Oravala,,-1.0,-1.0
2019-06-10,Kalajoki Pitkäsenkylä,,-1.0,-1.0
2019-06-10,Kalajoki Mehtäkylä,,-1.0,-1.0
2019-06-10,Toholampi Laitala,15.3,-1.0,-1.0
2019-06-10,Ylivieska lentokenttä,15.7,-1.0,-1.0
2019-06-10,Ylivieska Vähäkangas,,-1.0,-1.0
2019-06-10,Haapavesi Mustikkamäki,15.3,1.8,-1.0
2019-06-10,Pyhäjärvi Ojakylä,14.6,2.0,-1.0
2019-06-10,Pyhäjärvi Hiidenniemi,,0.7,-1.0
2019-06-10,Kiuruvesi Korpijoki,,2.2,-1.0
2019-06-10,Siikalatva Kestilä,,2.6,-1.0
2019-06-10,Kajaani lentoasema,14.6,,
2019-06-10,Vieremä Kaarakkala,14.4,0.0,-1.0
2019-06-10,Kajaani Paltaniemi,,5.5,-1.0
2019-06-10,Nurmes Valtimo,15.4,0.8,-1.0
2019-06-10,Ristijärvi Mustavaara,,4.5,-1.0
2019-06-10,Sotkamo Kuolaniemi,14.7,2.9,-1.0
2019-06-10,Nurmes Mujejärvi,,-1.0,-1.0
2019-06-10,Kuhmo Apaja,,3.7,-1.0
2019-06-10,Kuhmo Kalliojoki,14.9,2.6,-1.0
2019-06-10,Raahe Nahkiainen,8.5,,
2019-06-10,Hailuoto Keskikylä,11.1,-1.0,-1.0
2019-06-10,Kemi I majakka,7.9,,
2019-06-10,Hailuoto Marjaniemi,10.2,,
2019-06-10,Raahe Lapaluoto satama,12.5,,
2019-06-10,Oulu lentoasema,14.5,,
2019-06-10,Siikajoki Ruukki,14.5,-1.0,-1.0
2019-06-10,Oulu Vihreäsaari satama,14.1,,
2019-06-10,Oulu Oulunsalo Pellonpää,14.6,-1.0,-1.0
2019-06-10,Vaala Pelso,14.3,2.2,-1.0
2019-06-10,Pudasjärvi lentokenttä,13.6,1.2,-1.0
2019-06-10,Utajärvi Särkijärvi,,1.3,-1.0
2019-06-10,Pudasjärvi Jaurakkajärvi,,-1.0,-1.0
2019-06-10,Suomussalmi Näljänkä,,2.5,-1.0
2019-06-10,Suomussalmi Pesiö,13.6,8.6,-1.0
2019-06-10,Puolanka Kotila,,10.1,-1.0
2019-06-10,Puolanka Paljakka,12.8,10.0,-1.0
2019-06-10,Kemi Kemi-Tornio lentoasema,10.9,,
2019-06-10,Kemi Ajos,10.7,,
2019-06-10,Tornio Kaakkuri,11.5,0.1,-1.0
2019-06-10,Ranua lentokenttä,11.7,0.7,-1.0
2019-06-10,Pudasjärvi Sarakylä,,0.5,-1.0
2019-06-10,Posio Raistakka,,2.6,-1.0
2019-06-10,Taivalkoski Inkee,,1.2,-1.0
2019-06-10,Taivalkoski kirkonkylä,13.9,-1.0,-1.0
2019-06-10,Kuusamo lentoasema,12.7,,
2019-06-10,Kuusamo Kiutaköngäs,12.8,2.6,-1.0
2019-06-10,Kuusamo Rukatunturi,10.4,,
2019-06-10,Kuusamo Teeriranta,,1.0,-1.0
2019-06-10,Kuusamo Juuma,11.8,,
2019-06-10,Ylitornio Meltosjärvi,10.3,3.0,-1.0
2019-06-10,Kolari Kattilamaa,,13.9,-1.0
2019-06-10,Pello kirkonkylä,10.4,1.8,-1.0
2019-06-10,Kittilä Alakylä,,1.5,-1.0
2019-06-10,Rovaniemi rautatieasema,11.0,,
2019-06-10,Sodankylä Tähtelä,9.6,9.1,-1.0
2019-06-10,Rovaniemi Apukka,10.7,2.7,-1.0
2019-06-10,Pelkosenniemi kirkonkylä,,8.2,-1.0
2019-06-10,Kemijärvi lentokenttä,10.5,11.7,-1.0
2019-06-10,Savukoski kirkonkylä,10.3,10.9,-1.0
2019-06-10,Salla Kelloselkä,,7.7,-1.0
2019-06-10,Pelkosenniemi Pyhätunturi,7.7,,
2019-06-10,Salla kirkonkylä,11.8,7.0,-1.0
2019-06-10,Salla Naruska,10.8,2.6,-1.0
2019-06-10,Enontekiö Kaaresuvanto,,1.0,-1.0
2019-06-10,Kittilä Pulju,,2.1,-1.0
2019-06-10,Muonio Laukukero,2.3,,
2019-06-10,Muonio Sammaltunturi,3.1,,
2019-06-10,Kittilä Matorova,4.7,,
2019-06-10,Kittilä lentoasema,7.1,,
2019-06-10,Kittilä Kenttärova,4.8,1.6,-1.0
2019-06-10,Kittilä Pakatti,7.7,1.7,-1.0
2019-06-10,Kittilä Pokka,5.1,4.8,-1.0
2019-06-10,Sodankylä Lokka,8.9,5.1,-1.0
2019-06-10,Sodankylä Vuotso,7.5,2.1,-1.0
2019-06-10,Inari Saariselkä matkailukeskus,3.8,12.0,-1.0
2019-06-10,Inari Saariselkä Kaunispää,2.8,,
2019-06-10,Inari Raja-Jooseppi Kontiojärvi,,9.1,-1.0
2019-06-10,Inari Raja-Jooseppi,4.8,,
2019-06-10,Salla Värriötunturi,9.0,9.3,-1.0
2019-06-10,Enontekiö Kilpisjärvi kyläkeskus,2.3,1.7,-1.0
2019-06-10,Enontekiö Kilpisjärvi Saana,-2.2,,
2019-06-10,Enontekiö Näkkälä,2.7,1.8,-1.0
2019-06-10,Inari Angeli Lintupuoliselkä,2.1,5.1,-1.0
2019-06-10,Inari Ivalo lentoasema,4.1,,
2019-06-10,Utsjoki Kevo,2.0,6.9,-1.0
2019-06-10,Utsjoki Nuorgam,2.4,5.9,-1.0
2019-06-10,Inari Väylä,3.1,,
2019-06-10,Inari kirkonkylä,,11.8,-1.0
2019-06-10,Inari Kaamanen,2.9,11.1,-1.0
2019-06-10,Inari Nellim,4.3,10.7,-1.0
2019-06-10,Inari Kirakkajärvi,2.7,8.4,-1.0
2019-06-10,Mäntsälä Hirvihaara,15.4,-1.0,-1.0
2019-06-10,Lahti Sopenkorpi,15.9,-1.0,-1.0
2019-06-10,Siuntio Sjundby,,-1.0,-1.0
2019-06-10,Sipoo Itätoukki,13.0,,
2019-06-10,Rauma Pyynpää,15.5,-1.0,-1.0
2019-06-10,Muonio Oustajärvi,6.2,1.3,-1.0
2019-06-10,Kajaani Petäisenniska,15.0,7.3,-1.0
2019-06-10,Utsjoki Kevo Kevojärvi,2.5,,
2019-06-10,Inari Seitalaassa,3.3,,
2019-06-10,Rovaniemi lentoasema AWOS,10.2,2.8,-1.0
2019-06-10,Jyväskylä lentoasema AWOS,15.2,-1.0,-1.0
2019-06-10,Puumala kirkonkylä,16.9,-1.0,-1.0
2019-06-10,Helsinki Vuosaari satama,14.9,,
2019-06-10,Maarianhamina Länsisatama,13.7,,
2019-06-10,Lumparland Långnäs satama,15.5,-1.0,-1.0
2019-06-10,Tampere Tampella,16.1,,
2019-06-10,Kittilä Lompolonvuoma,5.3,,
2019-06-10,Kuusamo Ruka Talvijärvi,12.1,,
2019-06-10,Espoo Nuuksio,15.7,-1.0,-1.0
2019-06-10,Mikkeli Lentoasema AWOS,15.9,-1.0,-1.0
2019-06-10,Espoo Tapiola,16.4,-1.0,-1.0
2019-06-11,Porvoo Kilpilahti satama,15.6,,
2019-06-11,Jomala Maarianhamina lentoasema,14.3,,
2019-06-11,Parainen Utö,14.8,-1.0,-1.0
2019-06-11,Lemland Nyhamn,14.3,,
2019-06-11,Jomala Jomalaby,14.4,-1.0,-1.0
2019-06-11,Hammarland Märket,11.5,,
2019-06-11,Kökar Bogskär,13.4,,
2019-06-11,Parainen Fagerholm,16.2,-1.0,
2019-06-11,Kumlinge kirkonkylä,14.8,,
2019-06-11,Hanko Russarö,15.5,,
2019-06-11,Kaarina Yltöinen,17.7,-1.0,-1.0
2019-06-11,Kemiönsaari Vänö,16.2,,
2019-06-11,Hanko Tulliniemi,16.0,,
2019-06-11,Turku Rajakari,17.2,,
2019-06-11,Turku Artukainen,18.5,-1.0,-1.0
2019-06-11,Kemiönsaari Kemiö,16.5,-1.0,-1.0
2019-06-11,Hanko Tvärminne,15.8,-1.0,-1.0
2019-06-11,Salo Kärkkä,17.5,-1.0,
2019-06-11,Lohja Leppäkorpi,,-1.0,-1.0
2019-06-11,Raasepori Jussarö,15.3,,
2019-06-11,Salo Kiikala lentokenttä,17.2,-1.0,-1.0
2019-06-11,Vantaa Helsinki-Vantaan lentoasema,17.9,-1.0,-1.0
2019-06-11,Inkoo Bågaskär,15.3,,
2019-06-11,Helsinki Kaisaniemi,17.0,-1.0,-1.0
2019-06-11,Lohja Porla,17.1,-1.0,-1.0
2019-06-11,Vihti Maasoja,16.6,,
2019-06-11,Helsinki Harmaja,14.2,,
2019-06-11,Kirkkonummi Mäkiluoto,15.4,,
2019-06-11,Helsinki Helsingin majakka,14.6,,
2019-06-11,Helsinki Kumpula,17.6,-1.0,-1.0
2019-06-11,Helsinki Malmi lentokenttä,16.9,,
2019-06-11,Porvoo Emäsalo,15.2,,
2019-06-11,Porvoo Harabacka,17.6,-1.0,-1.0
2019-06-11,Kotka Rankki,14.7,-1.0,-1.0
2019-06-11,Loviisa Orrengrund,14.5,,
2019-06-11,Kotka Haapasaari,14.6,,
2019-06-11,Pori lentoasema,15.9,,
2019-06-11,Uusikaupunki Itätulli,,-1.0,-1.0
2019-06-11,Laitila Haukka,,-1.0,-1.0
2019-06-11,Kustavi Isokari,13.7,-1.0,
2019-06-11,Rauma Kylmäpihlaja,13.8,,
2019-06-11,Pori rautatieasema,16.3,-1.0,-1.0
2019-06-11,Turku lentoasema,17.4,,
2019-06-11,Kokemäki Rausenkulma,,-1.0,-1.0
2019-06-11,Huittinen Sallila,,-1.0,-1.0
2019-06-11,Oripää Teinikivi,,-1.0,-1.0
2019-06-11,Pöytyä Yläne,,-1.0,-1.0
2019-06-11,Kokemäki Tulkkila,16.6,-1.0,-1.0
2019-06-11,Jokioinen Ilmala,17.0,-1.0,-1.0
2019-06-11,Nokia Tottijärvi,,-1.0,-1.0
2019-06-11,Pirkkala Tampere-Pirkkala lentoasema,15.8,,
2019-06-11,Tampere Härmälä,16.0,-1.0,-1.0
2019-06-11,Somero Salkola,16.6,-1.0,-1.0
2019-06-11,Hyvinkää Hyvinkäänkylä,17.0,-1.0,-1.0
2019-06-11,Vihti Hiiskula,,-1.0,-1.0
2019-06-11,Hämeenlinna Pirttikoski,,-1.0,-1.0
2019-06-11,Nurmijärvi Röykkä,16.9,-1.0,-1.0
2019-06-11,Hattula Lepaa,16.7,-1.0,-1.0
2019-06-11,Hämeenlinna Lammi Pappila,16.2,-1.0,-1.0
2019-06-11,Mäntsälä Hirvihaara Kuntomajantie,,-1.0,-1.0
2019-06-11,Asikkala Pulkkilanharju,15.6,,
2019-06-11,Hämeenlinna Lammi Evo,15.2,,
2019-06-11,Kouvola Utti lentoasema,17.7,-1.0,-1.0
2019-06-11,Kouvola Anjala,17.8,-1.0,-1.0
2019-06-11,Heinola Asemantaus,16.9,-1.0,-1.0
2019-06-11,Kouvola Voikoski,,-1.0,-1.0
2019-06-11,Virolahti Koivuniemi,16.4,-1.0,-1.0
2019-06-11,Lappeenranta lentoasema,16.7,,
2019-06-11,Lappeenranta Konnunsuo,16.7,,
2019-06-11,Lappeenranta Lepola,17.2,-1.0,-1.0
2019-06-11,Ruokolahti Kotaniemi,,-1.0,-1.0
2019-06-11,Lappeenranta Hiekkapakka,16.6,,
2019-06-11,Parikkala Koitsanlahti,15.7,-1.0,-1.0
2019-06-11,Kaskinen Sälgrund,14.1,-1.0,
2019-06-11,Merikarvia Tuorila,,-1.0,-1.0
2019-06-11,Isojoki Kärjenkoski,,-1.0,-1.0
2019-06-11,Teuva Kauppilankylä,,-1.0,-1.0
2019-06-11,Pori Tahkoluoto satama,13.6,,
2019-06-11,Kristiinankaupunki Majakka,11.9,,
2019-06-11,Karvia Alkkia,12.7,-1.0,-1.0
2019-06-11,Ikaalinen Vehuvarpee,,-1.0,-1.0
2019-06-11,Kurikka Hirvijärvi,,-1.0,-1.0
2019-06-11,Kauhajoki Kuja-Kokko,11.9,-1.0,-1.0
2019-06-11,Kankaanpää Niinisalo lentokenttä,15.1,-1.0,-1.0
2019-06-11,Alavus Sulkavankylä,,-1.0,-1.0
2019-06-11,Virrat Äijänneva,12.7,,
2019-06-11,Tampere Siilinkari,14.4,,
2019-06-11,Jämsä Halli lentoasema,14.7,-1.0,-1.0
2019-06-11,Juupajoki Hyytiälä,14.7,-1.0,-1.0
2019-06-11,Sysmä Joutsjärvi,,-1.0,-1.0
2019-06-11,Luhanka Tammijärvi,,-1.0,-1.0
2019-06-11,Jyväskylä Muuratjärvi,,-1.0,-1.0
2019-06-11,Luhanka Judinsalo,14.9,,
2019-06-11,Multia Pirttiperä,,-1.0,-1.0
2019-06-11,Joutsa Savenaho,14.2,-1.0,-1.0
2019-06-11,Kangasniemi kirkonkylä,,-1.0,-1.0
2019-06-11,Joutsa Pärnämäki,,-1.0,-1.0
2019-06-11,Mikkeli Pitkähiekka,,-1.0,-1.0
2019-06-11,Juva Partala,15.1,,
2019-06-11,Varkaus Kosulanniemi,14.6,-1.0,-1.0
2019-06-11,Savonlinna Laukansaari,,-1.0,-1.0
2019-06-11,Sulkava Halttula,,-1.0,-1.0
2019-06-11,Savonlinna lentoasema,15.4,,
2019-06-11,Rantasalmi Rukkasluoto,15.1,,
2019-06-11,Savonlinna Punkaharju Laukansaari,16.2,-1.0,-1.0
2019-06-11,Enonkoski Simanala,,-1.0,-1.0
2019-06-11,Savonlinna Savonranta,,-1.0,-1.0
2019-06-11,Rääkkylä kirkonkylä,,-1.0,-1.0
2019-06-11,Tohmajärvi Kemie,14.3,-1.0,-1.0
2019-06-11,Joensuu Huhtilampi,,-1.0,-1.0
2019-06-11,Vaasa lentoasema,10.8,,
2019-06-11,Mustasaari Valassaaret,8.8,,
2019-06-11,Närpiö Ylimarkku,,-1.0,-1.0
2019-06-11,Mustasaari Riimala,,-1.0,-1.0
2019-06-11,Kurikka Pyörni,,-1.0,-1.0
2019-06-11,Korsnäs Bredskäret,11.3,,
2019-06-11,Maalahti Strömmingsbådan,9.8,,
2019-06-11,Vaasa Klemettilä,11.3,-1.0,-1.0
2019-06-11,Seinäjoki Pelmaa,11.6,-1.0,-1.0
2019-06-11,Kauhava lentokenttä,10.6,-1.0,-1.0
2019-06-11,Ähtäri Inha,12.6,-1.0,-1.0
2019-06-11,Halsua Purola,9.5,-1.0,-1.0
2019-06-11,Alajärvi Möksy,10.5,-1.0,-1.0
2019-06-11,Multia Karhila,11.7,-1.0,-1.0
2019-06-11,Viitasaari Haapaniemi,12.0,-1.0,-1.0
2019-06-11,Äänekoski Kalaniemi,,-1.0,-1.0
2019-06-11,Viitasaari Kärnä,,-1.0,-1.0
2019-06-11,Vesanto kirkonkylä,13.0,-1.0,-1.0
2019-06-11,Pielavesi Venetmäki,,-1.0,-1.0
2019-06-11,Siilinjärvi Kuopio lentoasema,12.8,,
2019-06-11,Kuopio Maaninka,12.1,-1.0,-1.0
2019-06-11,Lapinlahti Lamminkäyrä,,-1.0,-1.0
2019-06-11,Suonenjoki Iisvesi,,-1.0,-1.0
2019-06-11,Kuopio Karttula,,-1.0,-1.0
2019-06-11,Kuopio Ritoniemi,13.5,,
2019-06-11,Kuopio Savilahti,13.1,-1.0,-1.0
2019-06-11,Heinävesi Palokki,,-1.0,-1.0
2019-06-11,Outokumpu Viuruniemi,,-1.0,-1.0
2019-06-11,Rautavaara Ala-Luosta,,-1.0,-1.0
2019-06-11,Rautavaara Ylä-Luosta,11.3,-1.0,-1.0
2019-06-11,Liperi Joensuu lentoasema,14.1,,
2019-06-11,Juuka Niemelä,12.3,-1.0,-1.0
2019-06-11,Joensuu Pyhäselkä,,-1.0,-1.0
2019-06-11,Lieksa Koli,,-1.0,-1.0
2019-06-11,Liperi Tuiskavanluoto,15.0,,
2019-06-11,Joensuu Linnunlahti,14.6,-1.0,-1.0
2019-06-11,Lieksa Lampela,12.5,-1.0,-1.0
2019-06-11,Ilomantsi Naarva,,-1.0,-1.0
2019-06-11,Ilomantsi Pötsönvaara,12.1,-1.0,-1.0
2019-06-11,Ilomantsi Mekrijärvi,13.7,-1.0,-1.0
2019-06-11,Pietarsaari Kallan,7.1,,
2019-06-11,Kokkola Tankar,7.2,,
2019-06-11,Kruunupyy Kokkola-Pietarsaari lentoasema,8.4,,
2019-06-11,Kaustinen Tastula,,-1.0,-1.0
2019-06-11,Kalajoki Ulkokalla,6.2,,
2019-06-11,Toholampi Oravala,,-1.0,-1.0
2019-06-11,Kalajoki Pitkäsenkylä,,-1.0,-1.0
2019-06-11,Kalajoki Mehtäkylä,,-1.0,-1.0
2019-06-11,Toholampi Laitala,8.6,-1.0,-1.0
2019-06-11,Ylivieska lentokenttä,8.6,-1.0,-1.0
2019-06-11,Ylivieska Vähäkangas,,-1.0,-1.0
2019-06-11,Haapavesi Mustikkamäki,8.3,-1.0,-1.0
2019-06-11,Pyhäjärvi Ojakylä,9.3,-1.0,-1.0
2019-06-11,Pyhäjärvi Hiidenniemi,,-1.0,-1.0
2019-06-11,Kiuruvesi Korpijoki,,-1.0,-1.0
2019-06-11,Siikalatva Kestilä,,-1.0,-1.0
2019-06-11,Kajaani lentoasema,8.7,,
2019-06-11,Vieremä Kaarakkala,8.8,-1.0,-1.0
2019-06-11,Kajaani Paltaniemi,,-1.0,-1.0
2019-06-11,Nurmes Valtimo,10.8,-1.0,-1.0
2019-06-11,Ristijärvi Mustavaara,,0.0,-1.0
2019-06-11,Sotkamo Kuolaniemi,8.8,-1.0,-1.0
2019-06-11,Nurmes Mujejärvi,,-1.0,-1.0
2019-06-11,Kuhmo Apaja,,-1.0,-1.0
2019-06-11,Kuhmo Kalliojoki,8.5,-1.0,-1.0
2019-06-11,Raahe Nahkiainen,6.8,,
2019-06-11,Hailuoto Keskikylä,7.1,-1.0,-1.0
2019-06-11,Kemi I majakka,6.7,,
2019-06-11,Hailuoto Marjaniemi,7.6,,
2019-06-11,Raahe Lapaluoto satama,8.0,,
2019-06-11,Oulu lentoasema,7.9,,
2019-06-11,Siikajoki Ruukki,7.2,-1.0,-1.0
2019-06-11,Oulu Vihreäsaari satama,7.9,,
2019-06-11,Oulu Oulunsalo Pellonpää,8.0,-1.0,-1.0
2019-06-11,Vaala Pelso,7.5,-1.0,-1.0
2019-06-11,Pudasjärvi lentokenttä,6.6,-1.0,-1.0
2019-06-11,Utajärvi Särkijärvi,,0.0,-1.0
2019-06-11,Pudasjärvi Jaurakkajärvi,,-1.0,-1.0
2019-06-11,Suomussalmi Näljänkä,,-1.0,-1.0
2019-06-11,Suomussalmi Pesiö,6.6,-1.0,-1.0
2019-06-11,Puolanka Kotila,,-1.0,-1.0
2019-06-11,Puolanka Paljakka,5.9,-1.0,-1.0
2019-06-11,Kemi Kemi-Tornio lentoasema,5.9,,
2019-06-11,Kemi Ajos,7.3,,
2019-06-11,Tornio Kaakkuri,6.4,-1.0,-1.0
2019-06-11,Ranua lentokenttä,5.1,-1.0,-1.0
2019-06-11,Pudasjärvi Sarakylä,,-1.0,-1.0
2019-06-11,Posio Raistakka,,0.4,-1.0
2019-06-11,Taivalkoski Inkee,,1.2,-1.0
2019-06-11,Taivalkoski kirkonkylä,5.8,0.3,-1.0
2019-06-11,Kuusamo lentoasema,4.7,,
2019-06-11,Kuusamo Kiutaköngäs,5.1,0.4,-1.0
2019-06-11,Kuusamo Rukatunturi,2.1,,
2019-06-11,Kuusamo Teeriranta,,0.0,-1.0
2019-06-11,Kuusamo Juuma,3.9,,
2019-06-11,Ylitornio Meltosjärvi,5.8,-1.0,-1.0
2019-06-11,Kolari Kattilamaa,,9.8,-1.0
2019-06-11,Pello kirkonkylä,5.7,-1.0,-1.0
2019-06-11,Kittilä Alakylä,,0.0,-1.0
2019-06-11,Rovaniemi rautatieasema,6.2,,
2019-06-11,Sodankylä Tähtelä,4.9,-1.0,-1.0
2019-06-11,Rovaniemi Apukka,5.7,-1.0,-1.0
2019-06-11,Pelkosenniemi kirkonkylä,,0.2,-1.0
2019-06-11,Kemijärvi lentokenttä,4.7,-1.0,-1.0
2019-06-11,Savukoski kirkonkylä,4.6,0.1,-1.0
2019-06-11,Salla Kelloselkä,,1.1,-1.0
2019-06-11,Pelkosenniemi Pyhätunturi,2.3,,
2019-06-11,Salla kirkonkylä,4.8,-1.0,-1.0
2019-06-11,Salla Naruska,4.8,0.6,-1.0
2019-06-11,Enontekiö Kaaresuvanto,,-1.0,-1.0
2019-06-11,Kittilä Pulju,,0.1,-1.0
2019-06-11,Muonio Laukukero,-0.4,,
2019-06-11,Muonio Sammaltunturi,1.3,,
2019-06-11,Kittilä Matorova,3.6,,
2019-06-11,Kittilä lentoasema,5.0,,
2019-06-11,Kittilä Kenttärova,3.6,-1.0,-1.0
2019-06-11,Kittilä Pakatti,5.2,-1.0,-1.0
2019-06-11,Kittilä Pokka,3.7,0.2,-1.0
2019-06-11,Sodankylä Lokka,4.3,0.1,-1.0
2019-06-11,Sodankylä Vuotso,3.6,0.1,-1.0
2019-06-11,Inari Saariselkä matkailukeskus,2.3,0.5,-1.0
2019-06-11,Inari Saariselkä Kaunispää,1.0,,
2019-06-11,Inari Raja-Jooseppi Kontiojärvi,,0.2,-1.0
2019-06-11,Inari Raja-Jooseppi,2.7,,
2019-06-11,Salla Värriötunturi,2.4,1.7,0.0
2019-06-11,Enontekiö Kilpisjärvi kyläkeskus,3.5,-1.0,-1.0
2019-06-11,Enontekiö Kilpisjärvi Saana,-1.9,,
2019-06-11,Enontekiö Näkkälä,3.3,0.2,-1.0
2019-06-11,Inari Angeli Lintupuoliselkä,2.6,-1.0,-1.0
2019-06-11,Inari Ivalo lentoasema,3.6,,
2019-06-11,Utsjoki Kevo,3.7,0.2,-1.0
2019-06-11,Utsjoki Nuorgam,4.6,-1.0,-1.0
2019-06-11,Inari Väylä,3.8,,
2019-06-11,Inari kirkonkylä,,0.0,-1.0
2019-06-11,Inari Kaamanen,3.4,-1.0,-1.0
2019-06-11,Inari Nellim,3.6,1.0,-1.0
2019-06-11,Inari Kirakkajärvi,3.6,0.5,-1.0
2019-06-11,Mäntsälä Hirvihaara,16.9,-1.0,-1.0
2019-06-11,Lahti Sopenkorpi,17.0,-1.0,-1.0
2019-06-11,Siuntio Sjundby,,-1.0,-1.0
2019-06-11,Sipoo Itätoukki,14.1,,
2019-06-11,Rauma Pyynpää,16.0,-1.0,-1.0
2019-06-11,Muonio Oustajärvi,4.5,-1.0,-1.0
2019-06-11,Kajaani Petäisenniska,8.6,-1.0,-1.0
2019-06-11,Utsjoki Kevo Kevojärvi,4.1,,
2019-06-11,Inari Seitalaassa,3.6,,
2019-06-11,Rovaniemi lentoasema AWOS,5.2,-1.0,-1.0
2019-06-11,Jyväskylä lentoasema AWOS,13.8,-1.0,-1.0
2019-06-11,Puumala kirkonkylä,16.5,-1.0,-1.0
2019-06-11,Helsinki Vuosaari satama,14.1,,
2019-06-11,Maarianhamina Länsisatama,14.7,,
2019-06-11,Lumparland Långnäs satama,14.4,-1.0,-1.0
2019-06-11,Tampere Tampella,16.5,,
2019-06-11,Kittilä Lompolonvuoma,4.1,,
2019-06-11,Kuusamo Ruka Talvijärvi,3.9,,
2019-06-11,Espoo Nuuksio,17.0,-1.0,-1.0
2019-06-11,Mikkeli Lentoasema AWOS,15.3,-1.0,-1.0
2019-06-11,Espoo Tapiola,16.0,-1.0,-1.0
2019-06-12,Porvoo Kilpilahti satama,14.8,,
2019-06-12,Jomala Maarianhamina lentoasema,13.9,,
2019-06-12,Parainen Utö,14.3,-1.0,-1.0
2019-06-12,Lemland Nyhamn,13.6,,
2019-06-12,Jomala Jomalaby,13.7,4.1,-1.0
2019-06-12,Hammarland Märket,9.6,,
2019-06-12,Kökar Bogskär,13.1,,
2019-06-12,Parainen Fagerholm,15.3,0.2,
2019-06-12,Kumlinge kirkonkylä,14.4,,
2019-06-12,Hanko Russarö,14.2,,
2019-06-12,Kaarina Yltöinen,15.5,-1.0,-1.0
2019-06-12,Kemiönsaari Vänö,15.5,,
2019-06-12,Hanko Tulliniemi,14.5,,
2019-06-12,Turku Rajakari,15.2,,
2019-06-12,Turku Artukainen,15.6,-1.0,-1.0
2019-06-12,Kemiönsaari Kemiö,15.4,-1.0,-1.0
2019-06-12,Hanko Tvärminne,14.7,2.2,-1.0
2019-06-12,Salo Kärkkä,15.8,-1.0,
2019-06-12,Lohja Leppäkorpi,,-1.0,-1.0
2019-06-12,Raasepori Jussarö,14.3,,
2019-06-12,Salo Kiikala lentokenttä,14.5,-1.0,-1.0
2019-06-12,Vantaa Helsinki-Vantaan lentoasema,15.4,-1.0,-1.0
2019-06-12,Inkoo Bågaskär,14.1,,
2019-06-12,Helsinki Kaisaniemi,15.0,-1.0,-1.0
2019-06-12,Lohja Porla,15.1,-1.0,-1.0
2019-06-12,Vihti Maasoja,14.9,,
2019-06-12,Helsinki Harmaja,13.3,,
2019-06-12,Kirkkonummi Mäkiluoto,14.0,,
2019-06-12,Helsinki Helsingin majakka,12.9,,
2019-06-12,Helsinki Kumpula,15.0,-1.0,-1.0
2019-06-12,Helsinki Malmi lentokenttä,14.7,,
2019-06-12,Porvoo Emäsalo,14.3,,
2019-06-12,Porvoo Harabacka,15.0,-1.0,-1.0
2019-06-12,Kotka Rankki,14.7,-1.0,-1.0
2019-06-12,Loviisa Orrengrund,14.3,,
2019-06-12,Kotka Haapasaari,14.5,,
2019-06-12,Pori lentoasema,12.8,,
2019-06-12,Uusikaupunki Itätulli,,0.7,-1.0
2019-06-12,Laitila Haukka,,0.6,-1.0
2019-06-12,Kustavi Isokari,13.6,0.8,
2019-06-12,Rauma Kylmäpihlaja,13.8,,
2019-06-12,Pori rautatieasema,13.2,-1.0,-1.0
2019-06-12,Turku lentoasema,14.4,,
2019-06-12,Kokemäki Rausenkulma,,-1.0,-1.0
2019-06-12,Huittinen Sallila,,-1.0,-1.0
2019-06-12,Oripää Teinikivi,,-1.0,-1.0
2019-06-12,Pöytyä Yläne,,0.0,-1.0
2019-06-12,Kokemäki Tulkkila,13.1,0.1,-1.0
2019-06-12,Jokioinen Ilmala,13.9,-1.0,-1.0
2019-06-12,Nokia Tottijärvi,,-1.0,-1.0
2019-06-12,Pirkkala Tampere-Pirkkala lentoasema,12.4,,
2019-06-12,Tampere Härmälä,13.0,-1.0,-1.0
2019-06-12,Somero Salkola,13.8,-1.0,-1.0
2019-06-12,Hyvinkää Hyvinkäänkylä,14.5,-1.0,-1.0
2019-06-12,Vihti Hiiskula,,-1.0,-1.0
2019-06-12,Hämeenlinna Pirttikoski,,-1.0,-1.0
2019-06-12,Nurmijärvi Röykkä,14.5,-1.0,-1.0
2019-06-12,Hattula Lepaa,13.7,-1.0,-1.0
2019-06-12,Hämeenlinna Lammi Pappila,13.3,-1.0,-1.0
2019-06-12,Mäntsälä Hirvihaara Kuntomajantie,,-1.0,-1.0
2019-06-12,Asikkala Pulkkilanharju,13.1,,
2019-06-12,Hämeenlinna Lammi Evo,12.8,,
2019-06-12,Kouvola Utti lentoasema,14.4,-1.0,-1.0
2019-06-12,Kouvola Anjala,15.0,-1.0,-1.0
2019-06-12,Heinola Asemantaus,13.8,-1.0,-1.0
2019-06-12,Kouvola Voikoski,,-1.0,-1.0
2019-06-12,Virolahti Koivuniemi,14.4,-1.0,-1.0
2019-06-12,Lappeenranta lentoasema,13.1,,
2019-06-12,Lappeenranta Konnunsuo,12.7,,
2019-06-12,Lappeenranta Lepola,13.2,-1.0,-1.0
2019-06-12,Ruokolahti Kotaniemi,,-1.0,-1.0
2019-06-12,Lappeenranta Hiekkapakka,12.9,,
2019-06-12,Parikkala Koitsanlahti,10.8,-1.0,-1.0
2019-06-12,Kaskinen Sälgrund,12.6,-1.0,
2019-06-12,Merikarvia Tuorila,,0.6,-1.0
2019-06-12,Isojoki Kärjenkoski,,0.9,-1.0
2019-06-12,Teuva Kauppilankylä,,-1.0,-1.0
2019-06-12,Pori Tahkoluoto satama,13.1,,
2019-06-12,Kristiinankaupunki Majakka,11.6,,
2019-06-12,Karvia Alkkia,10.9,0.3,-1.0
2019-06-12,Ikaalinen Vehuvarpee,,-1.0,-1.0
2019-06-12,Kurikka Hirvijärvi,,0.0,-1.0
2019-06-12,Kauhajoki Kuja-Kokko,11.3,0.1,-1.0
2019-06-12,Kankaanpää Niinisalo lentokenttä,11.9,0.3,-1.0
2019-06-12,Alavus Sulkavankylä,,-1.0,-1.0
2019-06-12,Virrat Äijänneva,11.0,,
2019-06-12,Tampere Siilinkari,12.1,,
2019-06-12,Jämsä Halli lentoasema,12.0,-1.0,-1.0
2019-06-12,Juupajoki Hyytiälä,11.5,-1.0,-1.0
2019-06-12,Sysmä Joutsjärvi,,-1.0,-1.0
2019-06-12,Luhanka Tammijärvi,,-1.0,-1.0
2019-06-12,Jyväskylä Muuratjärvi,,-1.0,-1.0
2019-06-12,Luhanka Judinsalo,12.4,,
2019-06-12,Multia Pirttiperä,,-1.0,-1.0
2019-06-12,Joutsa Savenaho,11.0,-1.0,-1.0
2019-06-12,Kangasniemi kirkonkylä,,-1.0,-1.0
2019-06-12,Joutsa Pärnämäki,,-1.0,-1.0
2019-06-12,Mikkeli Pitkähiekka,,-1.0,-1.0
2019-06-12,Juva Partala,11.2,,
2019-06-12,Varkaus Kosulanniemi,11.7,-1.0,-1.0
2019-06-12,Savonlinna Laukansaari,,-1.0,-1.0
2019-06-12,Sulkava Halttula,,-1.0,-1.0
2019-06-12,Savonlinna lentoasema,11.0,,
2019-06-12,Rantasalmi Rukkasluoto,11.9,,
2019-06-12,Savonlinna Punkaharju Laukansaari,11.4,-1.0,-1.0
2019-06-12,Enonkoski Simanala,,-1.0,-1.0
2019-06-12,Savonlinna Savonranta,,-1.0,-1.0
2019-06-12,Rääkkylä kirkonkylä,,-1.0,-1.0
2019-06-12,Tohmajärvi Kemie,9.6,-1.0,-1.0
2019-06-12,Joensuu Huhtilampi,,-1.0,-1.0
2019-06-12,Vaasa lentoasema,11.5,,
2019-06-12,Mustasaari Valassaaret,8.7,,
2019-06-12,Närpiö Ylimarkku,,-1.0,-1.0
2019-06-12,Mustasaari Riimala,,-1.0,-1.0
2019-06-12,Kurikka Pyörni,,-1.0,-1.0
2019-06-12,Korsnäs Bredskäret,11.1,,
2019-06-12,Maalahti Strömmingsbådan,9.8,,
2019-06-12,Vaasa Klemettilä,11.1,-1.0,-1.0
2019-06-12,Seinäjoki Pelmaa,11.8,-1.0,-1.0
2019-06-12,Kauhava lentokenttä,10.9,-1.0,-1.0
2019-06-12,Ähtäri Inha,11.1,-1.0,-1.0
2019-06-12,Halsua Purola,8.9,-1.0,-1.0
2019-06-12,Alajärvi Möksy,10.0,-1.0,-1.0
2019-06-12,Multia Karhila,9.9,-1.0,-1.0
2019-06-12,Viitasaari Haapaniemi,11.1,-1.0,-1.0
2019-06-12,Äänekoski Kalaniemi,,-1.0,-1.0
2019-06-12,Viitasaari Kärnä,,0.0,-1.0
2019-06-12,Vesanto kirkonkylä,10.4,-1.0,-1.0
2019-06-12,Pielavesi Venetmäki,,-1.0,-1.0
2019-06-12,Siilinjärvi Kuopio lentoasema,11.0,,
2019-06-12,Kuopio Maaninka,10.9,-1.0,-1.0
2019-06-12,Lapinlahti Lamminkäyrä,,-1.0,-1.0
2019-06-12,Suonenjoki Iisvesi,,-1.0,-1.0
2019-06-12,Kuopio Karttula,,-1.0,-1.0
2019-06-12,Kuopio Ritoniemi,11.2,,
2019-06-12,Kuopio Savilahti,11.4,-1.0,-1.0
2019-06-12,Heinävesi Palokki,,-1.0,-1.0
2019-06-12,Outokumpu Viuruniemi,,-1.0,-1.0
2019-06-12,Rautavaara Ala-Luosta,,-1.0,-1.0
2019-06-12,Rautavaara Ylä-Luosta,9.4,-1.0,-1.0
2019-06-12,Liperi Joensuu lentoasema,11.0,,
2019-06-12,Juuka Niemelä,9.7,-1.0,-1.0
2019-06-12,Joensuu Pyhäselkä,,-1.0,-1.0
2019-06-12,Lieksa Koli,,-1.0,-1.0
2019-06-12,Liperi Tuiskavanluoto,12.0,,
2019-06-12,Joensuu Linnunlahti,11.1,-1.0,-1.0
2019-06-12,Lieksa Lampela,10.1,-1.0,-1.0
2019-06-12,Ilomantsi Naarva,,-1.0,-1.0
2019-06-12,Ilomantsi Pötsönvaara,8.8,-1.0,-1.0
2019-06-12,Ilomantsi Mekrijärvi,9.9,-1.0,-1.0
2019-06-12,Pietarsaari Kallan,8.7,,
2019-06-12,Kokkola Tankar,8.6,,
2019-06-12,Kruunupyy Kokkola-Pietarsaari lentoasema,9.9,,
2019-06-12,Kaustinen Tastula,,-1.0,-1.0
2019-06-12,Kalajoki Ulkokalla,7.6,,
2019-06-12,Toholampi Oravala,,-1.0,-1.0
2019-06-12,Kalajoki Pitkäsenkylä,,-1.0,-1.0
2019-06-12,Kalajoki Mehtäkylä,,-1.0,-1.0
2019-06-12,Toholampi Laitala,9.8,-1.0,-1.0
2019-06-12,Ylivieska lentokenttä,10.1,-1.0,-1.0
2019-06-12,Ylivieska Vähäkangas,,-1.0,-1.0
2019-06-12,Haapavesi Mustikkamäki,9.9,-1.0,-1.0
2019-06-12,Pyhäjärvi Ojakylä,9.4,-1.0,-1.0
2019-06-12,Pyhäjärvi Hiidenniemi,,-1.0,-1.0
2019-06-12,Kiuruvesi Korpijoki,,-1.0,-1.0
2019-06-12,Siikalatva Kestilä,,-1.0,-1.0
2019-06-12,Kajaani lentoasema,9.2,,
2019-06-12,Vieremä Kaarakkala,9.3,-1.0,-1.0
2019-06-12,Kajaani Paltaniemi,,-1.0,-1.0
2019-06-12,Nurmes Valtimo,10.0,-1.0,-1.0
2019-06-12,Ristijärvi Mustavaara,,0.0,-1.0
2019-06-12,Sotkamo Kuolaniemi,9.0,-1.0,-1.0
2019-06-12,Nurmes Mujejärvi,,-1.0,-1.0
2019-06-12,Kuhmo Apaja,,-1.0,-1.0
2019-06-12,Kuhmo Kalliojoki,7.9,-1.0,-1.0
2019-06-12,Hailuoto Keskikylä,9.1,-1.0,-1.0
2019-06-12,Kemi I majakka,8.8,,
2019-06-12,Hailuoto Marjaniemi,9.8,,
2019-06-12,Raahe Lapaluoto satama,9.6,,
2019-06-12,Oulu lentoasema,10.4,,
2019-06-12,Siikajoki Ruukki,8.9,-1.0,-1.0
2019-06-12,Oulu Vihreäsaari satama,10.1,,
2019-06-12,Oulu Oulunsalo Pellonpää,9.7,-1.0,-1.0
2019-06-12,Vaala Pelso,8.6,-1.0,-1.0
2019-06-12,Pudasjärvi lentokenttä,8.7,-1.0,-1.0
2019-06-12,Utajärvi Särkijärvi,,0.0,-1.0
2019-06-12,Pudasjärvi Jaurakkajärvi,,-1.0,-1.0
2019-06-12,Suomussalmi Näljänkä,,-1.0,-1.0
2019-06-12,Suomussalmi Pesiö,7.5,-1.0,-1.0
2019-06-12,Puolanka Kotila,,-1.0,-1.0
2019-06-12,Puolanka Paljakka,7.5,-1.0,-1.0
2019-06-12,Kemi Kemi-Tornio lentoasema,8.2,,
2019-06-12,Kemi Ajos,9.9,,
2019-06-12,Tornio Kaakkuri,9.2,-1.0,-1.0
2019-06-12,Ranua lentokenttä,7.8,-1.0,-1.0
2019-06-12,Pudasjärvi Sarakylä,,-1.0,-1.0
2019-06-12,Posio Raistakka,,0.2,-1.0
2019-06-12,Taivalkoski Inkee,,0.0,-1.0
2019-06-12,Taivalkoski kirkonkylä,6.8,-1.0,-1.0
2019-06-12,Kuusamo lentoasema,7.0,,
2019-06-12,Kuusamo Kiutaköngäs,7.5,-1.0,-1.0
2019-06-12,Kuusamo Rukatunturi,5.5,,
2019-06-12,Kuusamo Teeriranta,,-1.0,-1.0
2019-06-12,Kuusamo Juuma,6.3,,
2019-06-12,Ylitornio Meltosjärvi,9.6,-1.0,-1.0
2019-06-12,Kolari Kattilamaa,,-1.0,-1.0
2019-06-12,Pello kirkonkylä,9.9,-1.0,-1.0
2019-06-12,Kittilä Alakylä,,0.0,-1.0
2019-06-12,Rovaniemi rautatieasema,10.4,,
2019-06-12,Sodankylä Tähtelä,8.7,-1.0,-1.0
2019-06-12,Rovaniemi Apukka,9.1,-1.0,-1.0
2019-06-12,Pelkosenniemi kirkonkylä,,-1.0,-1.0
2019-06-12,Kemijärvi lentokenttä,8.0,-1.0,-1.0
2019-06-12,Savukoski kirkonkylä,8.0,-1.0,-1.0
2019-06-12,Salla Kelloselkä,,0.0,-1.0
2019-06-12,Pelkosenniemi Pyhätunturi,6.4,,
2019-06-12,Salla kirkonkylä,7.3,-1.0,-1.0
2019-06-12,Salla Naruska,7.6,-1.0,-1.0
2019-06-12,Enontekiö Kaaresuvanto,,-1.0,-1.0
2019-06-12,Kittilä Pulju,,-1.0,-1.0
2019-06-12,Muonio Laukukero,5.1,,
2019-06-12,Muonio Sammaltunturi,7.3,,
2019-06-12,Kittilä Matorova,8.6,,
2019-06-12,Kittilä lentoasema,8.8,,
2019-06-12,Kittilä Kenttärova,8.3,-1.0,-1.0
2019-06-12,Kittilä Pakatti,9.4,-1.0,-1.0
2019-06-12,Kittilä Pokka,7.8,-1.0,-1.0
2019-06-12,Sodankylä Lokka,7.4,-1.0,-1.0
2019-06-12,Sodankylä Vuotso,7.8,-1.0,-1.0
2019-06-12,Inari Saariselkä matkailukeskus,6.8,-1.0,-1.0
2019-06-12,Inari Saariselkä Kaunispää,5.6,,
2019-06-12,Inari Raja-Jooseppi Kontiojärvi,,0.0,-1.0
2019-06-12,Inari Raja-Jooseppi,7.3,,
2019-06-12,Salla Värriötunturi,6.8,-1.0,-1.0
2019-06-12,Enontekiö Kilpisjärvi kyläkeskus,6.7,-1.0,-1.0
2019-06-12,Enontekiö Kilpisjärvi Saana,3.3,,
2019-06-12,Enontekiö Näkkälä,7.8,-1.0,-1.0
2019-06-12,Inari Angeli Lintupuoliselkä,7.5,-1.0,-1.0
2019-06-12,Inari Ivalo lentoasema,7.9,,
2019-06-12,Utsjoki Kevo,7.4,0.2,-1.0
2019-06-12,Utsjoki Nuorgam,7.0,0.1,-1.0
2019-06-12,Inari Väylä,7.4,,
2019-06-12,Inari kirkonkylä,,-1.0,-1.0
2019-06-12,Inari Kaamanen,7.5,-1.0,-1.0
2019-06-12,Inari Nellim,7.3,-1.0,-1.0
2019-06-12,Inari Kirakkajärvi,7.0,-1.0,-1.0
2019-06-12,Mäntsälä Hirvihaara,14.4,-1.0,-1.0
2019-06-12,Lahti Sopenkorpi,14.2,-1.0,-1.0
2019-06-12,Siuntio Sjundby,,-1.0,-1.0
2019-06-12,Sipoo Itätoukki,13.5,,
2019-06-12,Rauma Pyynpää,13.4,-1.0,-1.0
2019-06-12,Muonio Oustajärvi,9.7,-1.0,-1.0
2019-06-12,Kajaani Petäisenniska,9.1,-1.0,-1.0
2019-06-12,Utsjoki Kevo Kevojärvi,7.1,,
2019-06-12,Inari Seitalaassa,7.2,,
2019-06-12,Rovaniemi lentoasema AWOS,9.0,-1.0,-1.0
2019-06-12,Jyväskylä lentoasema AWOS,11.0,-1.0,-1.0
2019-06-12,Puumala kirkonkylä,12.3,-1.0,-1.0
2019-06-12,Helsinki Vuosaari satama,13.9,,
2019-06-12,Maarianhamina Länsisatama,14.1,,
2019-06-12,Lumparland Långnäs satama,14.1,4.7,-1.0
2019-06-12,Tampere Tampella,13.8,,
2019-06-12,Kittilä Lompolonvuoma,8.0,,
2019-06-12,Kuusamo Ruka Talvijärvi,7.0,,
2019-06-12,Espoo Nuuksio,14.6,-1.0,-1.0
2019-06-12,Mikkeli Lentoasema AWOS,12.0,-1.0,-1.0
2019-06-12,Espoo Tapiola,14.8,-1.0,-1.0
2019-06-13,Porvoo Kilpilahti satama,14.4,,
2019-06-13,Jomala Maarianhamina lentoasema,14.3,,
2019-06-13,Parainen Utö,12.5,2.0,-1.0
2019-06-13,Lemland Nyhamn,12.2,,
2019-06-13,Jomala Jomalaby,13.8,7.3,-1.0
2019-06-13,Hammarland Märket,11.6,,
2019-06-13,Kökar Bogskär,12.3,,
2019-06-13,Parainen Fagerholm,15.1,1.4,
2019-06-13,Kumlinge kirkonkylä,14.2,,
2019-06-13,Hanko Russarö,12.6,,
2019-06-13,Kaarina Yltöinen,15.4,-1.0,-1.0
2019-06-13,Kemiönsaari Vänö,14.0,,
2019-06-13,Hanko Tulliniemi,13.4,,
2019-06-13,Turku Rajakari,15.3,,
2019-06-13,Turku Artukainen,16.1,0.5,-1.0
2019-06-13,Kemiönsaari Kemiö,14.5,4.5,-1.0
2019-06-13,Hanko Tvärminne,13.3,0.2,-1.0
2019-06-13,Salo Kärkkä,14.6,3.7,
2019-06-13,Lohja Leppäkorpi,,6.7,-1.0
2019-06-13,Raasepori Jussarö,12.5,,
2019-06-13,Salo Kiikala lentokenttä,13.6,12.5,-1.0
2019-06-13,Vantaa Helsinki-Vantaan lentoasema,14.7,1.4,-1.0
2019-06-13,Inkoo Bågaskär,12.6,,
2019-06-13,Helsinki Kaisaniemi,14.0,1.1,-1.0
2019-06-13,Lohja Porla,14.0,3.4,-1.0
2019-06-13,Vihti Maasoja,14.1,,
2019-06-13,Helsinki Harmaja,12.3,,
2019-06-13,Kirkkonummi Mäkiluoto,12.7,,
2019-06-13,Helsinki Helsingin majakka,12.7,,
2019-06-13,Helsinki Kumpula,14.2,0.6,-1.0
2019-06-13,Helsinki Malmi lentokenttä,14.4,,
2019-06-13,Porvoo Emäsalo,13.2,,
2019-06-13,Porvoo Harabacka,14.4,0.1,-1.0
2019-06-13,Kotka Rankki,13.2,3.8,-1.0
2019-06-13,Loviisa Orrengrund,12.8,,
2019-06-13,Kotka Haapasaari,13.5,,
2019-06-13,Pori lentoasema,16.4,,
2019-06-13,Uusikaupunki Itätulli,,0.4,-1.0
2019-06-13,Laitila Haukka,,0.7,-1.0
2019-06-13,Kustavi Isokari,14.8,1.4,
2019-06-13,Rauma Kylmäpihlaja,16.7,,
2019-06-13,Pori rautatieasema,16.8,4.8,-1.0
2019-06-13,Turku lentoasema,15.5,,
2019-06-13,Kokemäki Rausenkulma,,1.3,-1.0
2019-06-13,Huittinen Sallila,,-1.0,-1.0
2019-06-13,Oripää Teinikivi,,-1.0,-1.0
2019-06-13,Pöytyä Yläne,,0.0,-1.0
2019-06-13,Kokemäki Tulkkila,16.1,0.1,-1.0
2019-06-13,Jokioinen Ilmala,14.6,-1.0,-1.0
2019-06-13,Nokia Tottijärvi,,0.4,-1.0
2019-06-13,Pirkkala Tampere-Pirkkala lentoasema,14.9,,
2019-06-13,Tampere Härmälä,15.1,0.1,-1.0
2019-06-13,Somero Salkola,13.5,9.5,-1.0
2019-06-13,Hyvinkää Hyvinkäänkylä,13.8,2.6,-1.0
2019-06-13,Vihti Hiiskula,,1.5,-1.0
2019-06-13,Hämeenlinna Pirttikoski,,-1.0,-1.0
2019-06-13,Nurmijärvi Röykkä,13.7,3.1,-1.0
2019-06-13,Hattula Lepaa,14.5,-1.0,-1.0
2019-06-13,Hämeenlinna Lammi Pappila,14.2,0.1,-1.0
2019-06-13,Mäntsälä Hirvihaara Kuntomajantie,,-1.0,-1.0
2019-06-13,Asikkala Pulkkilanharju,14.4,,
2019-06-13,Hämeenlinna Lammi Evo,14.1,,
2019-06-13,Kouvola Utti lentoasema,14.8,0.0,-1.0
2019-06-13,Kouvola Anjala,15.4,-1.0,-1.0
2019-06-13,Heinola Asemantaus,15.3,-1.0,-1.0
2019-06-13,Kouvola Voikoski,,-1.0,-1.0
2019-06-13,Virolahti Koivuniemi,15.0,0.8,-1.0
2019-06-13,Lappeenranta lentoasema,13.7,,
2019-06-13,Lappeenranta Konnunsuo,13.7,,
2019-06-13,Lappeenranta Lepola,13.6,-1.0,-1.0
2019-06-13,Ruokolahti Kotaniemi,,0.3,-1.0
2019-06-13,Lappeenranta Hiekkapakka,13.3,,
2019-06-13,Parikkala Koitsanlahti,11.3,0.6,-1.0
2019-06-13,Kaskinen Sälgrund,14.5,0.1,
2019-06-13,Merikarvia Tuorila,,0.1,-1.0
2019-06-13,Isojoki Kärjenkoski,,0.2,-1.0
2019-06-13,Teuva Kauppilankylä,,-1.0,-1.0
2019-06-13,Pori Tahkoluoto satama,16.1,,
2019-06-13,Kristiinankaupunki Majakka,14.7,,
2019-06-13,Karvia Alkkia,14.0,-1.0,-1.0
2019-06-13,Ikaalinen Vehuvarpee,,-1.0,-1.0
2019-06-13,Kurikka Hirvijärvi,,-1.0,-1.0
2019-06-13,Kauhajoki Kuja-Kokko,14.0,-1.0,-1.0
2019-06-13,Kankaanpää Niinisalo lentokenttä,14.6,-1.0,-1.0
2019-06-13,Alavus Sulkavankylä,,0.0,-1.0
2019-06-13,Virrat Äijänneva,13.7,,
2019-06-13,Tampere Siilinkari,14.1,,
2019-06-13,Jämsä Halli lentoasema,14.3,-1.0,-1.0
2019-06-13,Juupajoki Hyytiälä,13.9,-1.0,-1.0
2019-06-13,Sysmä Joutsjärvi,,4.3,-1.0
2019-06-13,Luhanka Tammijärvi,,-1.0,-1.0
2019-06-13,Jyväskylä Muuratjärvi,,-1.0,-1.0
2019-06-13,Luhanka Judinsalo,14.8,,
2019-06-13,Multia Pirttiperä,,-1.0,-1.0
2019-06-13,Joutsa Savenaho,12.8,0.1,-1.0
2019-06-13,Kangasniemi kirkonkylä,,1.1,-1.0
2019-06-13,Joutsa Pärnämäki,,0.4,-1.0
2019-06-13,Mikkeli Pitkähiekka,,0.5,-1.0
2019-06-13,Juva Partala,11.9,,
2019-06-13,Varkaus Kosulanniemi,12.1,-1.0,-1.0
2019-06-13,Savonlinna Laukansaari,,3.6,-1.0
2019-06-13,Sulkava Halttula,,-1.0,-1.0
2019-06-13,Savonlinna lentoasema,12.0,,
2019-06-13,Rantasalmi Rukkasluoto,12.6,,
2019-06-13,Savonlinna Punkaharju Laukansaari,12.2,3.8,-1.0
2019-06-13,Enonkoski Simanala,,1.8,-1.0
2019-06-13,Savonlinna Savonranta,,0.3,-1.0
2019-06-13,Rääkkylä kirkonkylä,,-1.0,-1.0
2019-06-13,Tohmajärvi Kemie,9.9,-1.0,-1.0
2019-06-13,Joensuu Huhtilampi,,0.0,-1.0
2019-06-13,Vaasa lentoasema,12.8,,
2019-06-13,Mustasaari Valassaaret,11.5,,
2019-06-13,Närpiö Ylimarkku,,-1.0,-1.0
2019-06-13,Mustasaari Riimala,,-1.0,-1.0
2019-06-13,Kurikka Pyörni,,-1.0,-1.0
2019-06-13,Korsnäs Bredskäret,13.3,,
2019-06-13,Maalahti Strömmingsbådan,12.2,,
2019-06-13,Vaasa Klemettilä,13.0,-1.0,-1.0
2019-06-13,Seinäjoki Pelmaa,12.6,-1.0,-1.0
2019-06-13,Kauhava lentokenttä,12.0,-1.0,-1.0
2019-06-13,Ähtäri Inha,12.4,-1.0,-1.0
2019-06-13,Halsua Purola,10.2,-1.0,-1.0
2019-06-13,Alajärvi Möksy,10.7,-1.0,-1.0
2019-06-13,Multia Karhila,11.3,-1.0,-1.0
2019-06-13,Viitasaari Haapaniemi,11.4,0.1,-1.0
2019-06-13,Äänekoski Kalaniemi,,0.0,-1.0
2019-06-13,Viitasaari Kärnä,,-1.0,-1.0
2019-06-13,Vesanto kirkonkylä,10.7,0.3,-1.0
2019-06-13,Pielavesi Venetmäki,,0.1,-1.0
2019-06-13,Siilinjärvi Kuopio lentoasema,11.6,,
2019-06-13,Kuopio Maaninka,11.4,-1.0,-1.0
2019-06-13,Lapinlahti Lamminkäyrä,,-1.0,-1.0
2019-06-13,Suonenjoki Iisvesi,,-1.0,-1.0
2019-06-13,Kuopio Karttula,,-1.0,-1.0
2019-06-13,Kuopio Ritoniemi,11.7,,
2019-06-13,Kuopio Savilahti,12.2,-1.0,-1.0
2019-06-13,Heinävesi Palokki,,-1.0,-1.0
2019-06-13,Outokumpu Viuruniemi,,0.0,-1.0
2019-06-13,Rautavaara Ala-Luosta,,-1.0,-1.0
2019-06-13,Rautavaara Ylä-Luosta,11.1,-1.0,-1.0
2019-06-13,Liperi Joensuu lentoasema,11.2,,
2019-06-13,Juuka Niemelä,10.3,-1.0,-1.0
2019-06-13,Joensuu Pyhäselkä,,-1.0,-1.0
2019-06-13,Lieksa Koli,,-1.0,-1.0
2019-06-13,Liperi Tuiskavanluoto,12.3,,
2019-06-13,Joensuu Linnunlahti,11.7,-1.0,-1.0
2019-06-13,Lieksa Lampela,10.8,-1.0,-1.0
2019-06-13,Ilomantsi Naarva,,0.0,-1.0
2019-06-13,Ilomantsi Pötsönvaara,10.8,-1.0,-1.0
2019-06-13,Ilomantsi Mekrijärvi,11.1,-1.0,-1.0
2019-06-13,Pietarsaari Kallan,12.4,,
2019-06-13,Kokkola Tankar,12.8,,
2019-06-13,Kruunupyy Kokkola-Pietarsaari lentoasema,12.5,,
2019-06-13,Kaustinen Tastula,,-1.0,-1.0
2019-06-13,Kalajoki Ulkokalla,11.1,,
2019-06-13,Toholampi Oravala,,-1.0,-1.0
2019-06-13,Kalajoki Pitkäsenkylä,,-1.0,-1.0
2019-06-13,Kalajoki Mehtäkylä,,-1.0,-1.0
2019-06-13,Toholampi Laitala,11.6,-1.0,-1.0
2019-06-13,Ylivieska lentokenttä,11.8,-1.0,-1.0
2019-06-13,Ylivieska Vähäkangas,,-1.0,-1.0
2019-06-13,Haapavesi Mustikkamäki,12.4,-1.0,-1.0
2019-06-13,Pyhäjärvi Ojakylä,10.5,-1.0,-1.0
2019-06-13,Pyhäjärvi Hiidenniemi,,-1.0,-1.0
2019-06-13,Kiuruvesi Korpijoki,,-1.0,-1.0
2019-06-13,Siikalatva Kestilä,,-1.0,-1.0
2019-06-13,Kajaani lentoasema,12.7,,
2019-06-13,Vieremä Kaarakkala,11.0,-1.0,-1.0
2019-06-13,Kajaani Paltaniemi,,-1.0,-1.0
2019-06-13,Nurmes Valtimo,11.4,-1.0,-1.0
2019-06-13,Ristijärvi Mustavaara,,0.0,-1.0
2019-06-13,Sotkamo Kuolaniemi,11.2,-1.0,-1.0
2019-06-13,Nurmes Mujejärvi,,-1.0,-1.0
2019-06-13,Kuhmo Apaja,,-1.0,-1.0
2019-06-13,Kuhmo Kalliojoki,11.8,-1.0,-1.0
2019-06-13,Hailuoto Keskikylä,13.5,-1.0,-1.0
2019-06-13,Kemi I majakka,11.8,,
2019-06-13,Hailuoto Marjaniemi,14.1,,
2019-06-13,Raahe Lapaluoto satama,14.7,,
2019-06-13,Oulu lentoasema,14.0,,
2019-06-13,Siikajoki Ruukki,13.2,-1.0,-1.0
2019-06-13,Oulu Vihreäsaari satama,14.7,,
2019-06-13,Oulu Oulunsalo Pellonpää,13.9,-1.0,-1.0
2019-06-13,Vaala Pelso,11.8,-1.0,-1.0
2019-06-13,Pudasjärvi lentokenttä,13.2,-1.0,-1.0
2019-06-13,Utajärvi Särkijärvi,,0.0,-1.0
2019-06-13,Pudasjärvi Jaurakkajärvi,,-1.0,-1.0
2019-06-13,Suomussalmi Näljänkä,,-1.0,-1.0
2019-06-13,Suomussalmi Pesiö,11.5,-1.0,-1.0
2019-06-13,Puolanka Kotila,,-1.0,-1.0
2019-06-13,Puolanka Paljakka,11.2,-1.0,-1.0
2019-06-13,Kemi Kemi-Tornio lentoasema,12.6,,
2019-06-13,Kemi Ajos,13.4,,
2019-06-13,Tornio Kaakkuri,12.6,-1.0,-1.0
2019-06-13,Ranua lentokenttä,12.2,-1.0,-1.0
2019-06-13,Pudasjärvi Sarakylä,,-1.0,-1.0
2019-06-13,Posio Raistakka,,-1.0,-1.0
2019-06-13,Taivalkoski Inkee,,-1.0,-1.0
2019-06-13,Taivalkoski kirkonkylä,11.3,-1.0,-1.0
2019-06-13,Kuusamo lentoasema,11.0,,
2019-06-13,Kuusamo Kiutaköngäs,10.6,-1.0,-1.0
2019-06-13,Kuusamo Rukatunturi,10.4,,
2019-06-13,Kuusamo Teeriranta,,-1.0,-1.0
2019-06-13,Kuusamo Juuma,10.0,,
2019-06-13,Ylitornio Meltosjärvi,12.2,-1.0,-1.0
2019-06-13,Kolari Kattilamaa,,-1.0,-1.0
2019-06-13,Pello kirkonkylä,12.6,-1.0,-1.0
2019-06-13,Kittilä Alakylä,,0.0,-1.0
2019-06-13,Rovaniemi rautatieasema,13.0,,
2019-06-13,Sodankylä Tähtelä,12.3,-1.0,-1.0
2019-06-13,Rovaniemi Apukka,11.3,-1.0,-1.0
2019-06-13,Pelkosenniemi kirkonkylä,,-1.0,-1.0
2019-06-13,Kemijärvi lentokenttä,10.4,-1.0,-1.0
2019-06-13,Savukoski kirkonkylä,10.9,-1.0,-1.0
2019-06-13,Salla Kelloselkä,,-1.0,-1.0
2019-06-13,Pelkosenniemi Pyhätunturi,10.4,,
2019-06-13,Salla kirkonkylä,10.4,-1.0,-1.0
2019-06-13,Salla Naruska,10.0,-1.0,-1.0
2019-06-13,Enontekiö Kaaresuvanto,,-1.0,-1.0
2019-06-13,Kittilä Pulju,,-1.0,-1.0
2019-06-13,Muonio Laukukero,8.6,,
2019-06-13,Muonio Sammaltunturi,10.3,,
2019-06-13,Kittilä Matorova,11.9,,
2019-06-13,Kittilä lentoasema,12.1,,
2019-06-13,Kittilä Kenttärova,11.6,-1.0,-1.0
2019-06-13,Kittilä Pakatti,12.6,-1.0,-1.0
2019-06-13,Kittilä Pokka,11.3,-1.0,-1.0
2019-06-13,Sodankylä Lokka,10.1,-1.0,-1.0
2019-06-13,Sodankylä Vuotso,10.8,-1.0,-1.0
2019-06-13,Inari Saariselkä matkailukeskus,11.3,-1.0,-1.0
2019-06-13,Inari Saariselkä Kaunispää,11.0,,
2019-06-13,Inari Raja-Jooseppi Kontiojärvi,,-1.0,-1.0
2019-06-13,Inari Raja-Jooseppi,12.1,,
2019-06-13,Salla Värriötunturi,11.4,-1.0,-1.0
2019-06-13,Enontekiö Kilpisjärvi kyläkeskus,10.6,-1.0,-1.0
2019-06-13,Enontekiö Kilpisjärvi Saana,8.4,,
2019-06-13,Enontekiö Näkkälä,12.9,-1.0,-1.0
2019-06-13,Inari Angeli Lintupuoliselkä,12.9,-1.0,-1.0
2019-06-13,Inari Ivalo lentoasema,12.9,,
2019-06-13,Utsjoki Kevo,11.2,-1.0,-1.0
2019-06-13,Utsjoki Nuorgam,9.8,-1.0,-1.0
2019-06-13,Inari Väylä,11.9,,
2019-06-13,Inari kirkonkylä,,-1.0,-1.0
2019-06-13,Inari Kaamanen,12.3,-1.0,-1.0
2019-06-13,Inari Nellim,12.7,-1.0,-1.0
2019-06-13,Inari Kirakkajärvi,9.2,0.2,-1.0
2019-06-13,Mäntsälä Hirvihaara,14.3,-1.0,-1.0
2019-06-13,Lahti Sopenkorpi,15.0,-1.0,-1.0
2019-06-13,Siuntio Sjundby,,7.4,-1.0
2019-06-13,Sipoo Itätoukki,12.6,,
2019-06-13,Rauma Pyynpää,16.6,0.5,-1.0
2019-06-13,Muonio Oustajärvi,12.8,-1.0,-1.0
2019-06-13,Kajaani Petäisenniska,12.3,-1.0,-1.0
2019-06-13,Utsjoki Kevo Kevojärvi,10.8,,
2019-06-13,Inari Seitalaassa,9.3,,
2019-06-13,Rovaniemi lentoasema AWOS,11.4,-1.0,-1.0
2019-06-13,Jyväskylä lentoasema AWOS,12.7,-1.0,-1.0
2019-06-13,Puumala kirkonkylä,13.4,0.7,-1.0
2019-06-13,Helsinki Vuosaari satama,13.8,,
2019-06-13,Maarianhamina Länsisatama,14.1,,
2019-06-13,Lumparland Långnäs satama,13.6,4.6,-1.0
2019-06-13,Tampere Tampella,15.7,,
2019-06-13,Kittilä Lompolonvuoma,12.0,,
2019-06-13,Kuusamo Ruka Talvijärvi,10.8,,
2019-06-13,Espoo Nuuksio,13.8,3.3,-1.0
2019-06-13,Mikkeli Lentoasema AWOS,13.1,1.1,-1.0
2019-06-13,Espoo Tapiola,14.1,7.0,-1.0
2019-06-14,Porvoo Kilpilahti satama,14.4,,
2019-06-14,Jomala Maarianhamina lentoasema,12.7,,
2019-06-14,Parainen Utö,12.2,-1.0,-1.0
2019-06-14,Lemland Nyhamn,10.9,,
2019-06-14,Jomala Jomalaby,12.7,-1.0,-1.0
2019-06-14,Hammarland Märket,9.7,,
2019-06-14,Kökar Bogskär,11.4,,
2019-06-14,Parainen Fagerholm,12.8,-1.0,
2019-06-14,Kumlinge kirkonkylä,12.4,,
2019-06-14,Hanko Russarö,12.4,,
2019-06-14,Kaarina Yltöinen,14.7,-1.0,-1.0
2019-06-14,Kemiönsaari Vänö,12.3,,
2019-06-14,Hanko Tulliniemi,12.3,,
2019-06-14,Turku Rajakari,14.0,,
2019-06-14,Turku Artukainen,14.9,0.1,-1.0
2019-06-14,Kemiönsaari Kemiö,14.1,-1.0,-1.0
2019-06-14,Hanko Tvärminne,13.4,-1.0,-1.0
2019-06-14,Salo Kärkkä,15.3,-1.0,
2019-06-14,Lohja Leppäkorpi,,-1.0,-1.0
2019-06-14,Raasepori Jussarö,12.2,,
2019-06-14,Salo Kiikala lentokenttä,14.8,-1.0,-1.0
2019-06-14,Vantaa Helsinki-Vantaan lentoasema,15.0,0.1,-1.0
2019-06-14,Inkoo Bågaskär,12.9,,
2019-06-14,Helsinki Kaisaniemi,14.4,-1.0,-1.0
2019-06-14,Lohja Porla,15.7,-1.0,-1.0
2019-06-14,Vihti Maasoja,15.4,,
2019-06-14,Helsinki Harmaja,12.3,,
2019-06-14,Kirkkonummi Mäkiluoto,12.5,,
2019-06-14,Helsinki Helsingin majakka,12.6,,
2019-06-14,Helsinki Kumpula,14.5,-1.0,-1.0
2019-06-14,Helsinki Malmi lentokenttä,14.8,,
2019-06-14,Porvoo Emäsalo,13.3,,
2019-06-14,Porvoo Harabacka,14.9,0.1,-1.0
2019-06-14,Kotka Rankki,13.6,0.1,-1.0
2019-06-14,Loviisa Orrengrund,12.9,,
2019-06-14,Kotka Haapasaari,13.4,,
2019-06-14,Pori lentoasema,13.9,,
2019-06-14,Uusikaupunki Itätulli,,0.1,-1.0
2019-06-14,Laitila Haukka,,0.1,-1.0
2019-06-14,Kustavi Isokari,12.6,0.1,
2019-06-14,Rauma Kylmäpihlaja,13.2,,
2019-06-14,Pori rautatieasema,14.1,0.6,-1.0
2019-06-14,Turku lentoasema,14.4,,
2019-06-14,Kokemäki Rausenkulma,,0.6,-1.0
2019-06-14,Huittinen Sallila,,0.4,-1.0
2019-06-14,Oripää Teinikivi,,0.0,-1.0
2019-06-14,Pöytyä Yläne,,0.2,-1.0
2019-06-14,Kokemäki Tulkkila,14.6,1.1,-1.0
2019-06-14,Jokioinen Ilmala,14.9,0.3,-1.0
2019-06-14,Nokia Tottijärvi,,0.3,-1.0
2019-06-14,Pirkkala Tampere-Pirkkala lentoasema,14.6,,
2019-06-14,Tampere Härmälä,15.3,0.2,-1.0
2019-06-14,Somero Salkola,14.5,0.1,-1.0
2019-06-14,Hyvinkää Hyvinkäänkylä,15.0,0.2,-1.0
2019-06-14,Vihti Hiiskula,,0.5,-1.0
2019-06-14,Hämeenlinna Pirttikoski,,2.2,-1.0
2019-06-14,Nurmijärvi Röykkä,14.7,0.3,-1.0
2019-06-14,Hattula Lepaa,15.5,0.2,-1.0
2019-06-14,Hämeenlinna Lammi Pappila,15.3,-1.0,-1.0
2019-06-14,Mäntsälä Hirvihaara Kuntomajantie,,0.2,-1.0
2019-06-14,Asikkala Pulkkilanharju,14.5,,
2019-06-14,Hämeenlinna Lammi Evo,14.9,,
2019-06-14,Kouvola Utti lentoasema,15.2,-1.0,-1.0
2019-06-14,Kouvola Anjala,15.3,-1.0,-1.0
2019-06-14,Heinola Asemantaus,15.3,0.5,-1.0
2019-06-14,Kouvola Voikoski,,0.0,-1.0
2019-06-14,Virolahti Koivuniemi,14.4,0.0,-1.0
2019-06-14,Lappeenranta lentoasema,13.6,,
2019-06-14,Lappeenranta Konnunsuo,13.3,,
2019-06-14,Lappeenranta Lepola,13.5,0.4,-1.0
2019-06-14,Ruokolahti Kotaniemi,,1.2,-1.0
2019-06-14,Lappeenranta Hiekkapakka,12.8,,
2019-06-14,Parikkala Koitsanlahti,12.8,4.5,-1.0
2019-06-14,Kaskinen Sälgrund,12.8,4.8,
2019-06-14,Merikarvia Tuorila,,1.0,-1.0
2019-06-14,Isojoki Kärjenkoski,,0.7,-1.0
2019-06-14,Teuva Kauppilankylä,,4.1,-1.0
2019-06-14,Pori Tahkoluoto satama,13.5,,
2019-06-14,Kristiinankaupunki Majakka,12.2,,
2019-06-14,Karvia Alkkia,13.9,1.0,-1.0
2019-06-14,Ikaalinen Vehuvarpee,,0.2,-1.0
2019-06-14,Kurikka Hirvijärvi,,1.4,-1.0
2019-06-14,Kauhajoki Kuja-Kokko,14.0,2.7,-1.0
2019-06-14,Kankaanpää Niinisalo lentokenttä,14.5,0.2,-1.0
2019-06-14,Alavus Sulkavankylä,,1.5,-1.0
2019-06-14,Virrat Äijänneva,13.8,,
2019-06-14,Tampere Siilinkari,14.3,,
2019-06-14,Jämsä Halli lentoasema,13.5,0.6,-1.0
2019-06-14,Juupajoki Hyytiälä,13.9,0.1,-1.0
2019-06-14,Sysmä Joutsjärvi,,0.4,-1.0
2019-06-14,Luhanka Tammijärvi,,1.0,-1.0
2019-06-14,Jyväskylä Muuratjärvi,,-1.0,-1.0
2019-06-14,Luhanka Judinsalo,13.8,,
2019-06-14,Multia Pirttiperä,,1.3,-1.0
2019-06-14,Joutsa Savenaho,12.5,1.0,-1.0
2019-06-14,Kangasniemi kirkonkylä,,2.3,-1.0
2019-06-14,Joutsa Pärnämäki,,1.4,-1.0
2019-06-14,Mikkeli Pitkähiekka,,1.3,-1.0
2019-06-14,Juva Partala,13.5,,
2019-06-14,Varkaus Kosulanniemi,14.9,8.2,-1.0
2019-06-14,Savonlinna Laukansaari,,3.2,-1.0
2019-06-14,Sulkava Halttula,,5.6,-1.0
2019-06-14,Savonlinna lentoasema,14.1,,
2019-06-14,Rantasalmi Rukkasluoto,13.7,,
2019-06-14,Savonlinna Punkaharju Laukansaari,14.0,2.9,-1.0
2019-06-14,Enonkoski Simanala,,7.7,-1.0
2019-06-14,Savonlinna Savonranta,,10.8,-1.0
2019-06-14,Rääkkylä kirkonkylä,,2.2,-1.0
2019-06-14,Tohmajärvi Kemie,14.6,0.3,-1.0
2019-06-14,Joensuu Huhtilampi,,2.9,-1.0
2019-06-14,Vaasa lentoasema,14.1,,
2019-06-14,Mustasaari Valassaaret,9.8,,
2019-06-14,Närpiö Ylimarkku,,3.5,-1.0
2019-06-14,Mustasaari Riimala,,12.3,-1.0
2019-06-14,Kurikka Pyörni,,5.9,-1.0
2019-06-14,Korsnäs Bredskäret,13.3,,
2019-06-14,Maalahti Strömmingsbådan,11.3,,
2019-06-14,Vaasa Klemettilä,14.1,18.1,-1.0
2019-06-14,Seinäjoki Pelmaa,14.1,4.1,-1.0
2019-06-14,Kauhava lentokenttä,14.1,6.1,-1.0
2019-06-14,Ähtäri Inha,13.5,1.9,-1.0
2019-06-14,Halsua Purola,14.6,9.0,-1.0
2019-06-14,Alajärvi Möksy,13.8,4.9,-1.0
2019-06-14,Multia Karhila,12.7,1.8,-1.0
2019-06-14,Viitasaari Haapaniemi,14.5,21.9,-1.0
2019-06-14,Äänekoski Kalaniemi,,10.4,-1.0
2019-06-14,Viitasaari Kärnä,,10.9,-1.0
2019-06-14,Vesanto kirkonkylä,14.5,20.7,-1.0
2019-06-14,Pielavesi Venetmäki,,0.8,-1.0
2019-06-14,Siilinjärvi Kuopio lentoasema,15.9,,
2019-06-14,Kuopio Maaninka,16.0,4.8,-1.0
2019-06-14,Lapinlahti Lamminkäyrä,,-1.0,-1.0
2019-06-14,Suonenjoki Iisvesi,,21.1,-1.0
2019-06-14,Kuopio Karttula,,7.6,-1.0
2019-06-14,Kuopio Ritoniemi,15.3,,
2019-06-14,Kuopio Savilahti,15.8,5.7,-1.0
2019-06-14,Heinävesi Palokki,,9.3,-1.0
2019-06-14,Outokumpu Viuruniemi,,2.4,-1.0
2019-06-14,Rautavaara Ala-Luosta,,-1.0,-1.0
2019-06-14,Rautavaara Ylä-Luosta,16.0,-1.0,-1.0
2019-06-14,Liperi Joensuu lentoasema,15.6,,
2019-06-14,Juuka Niemelä,15.8,-1.0,-1.0
2019-06-14,Joensuu Pyhäselkä,,0.8,-1.0
2019-06-14,Lieksa Koli,,-1.0,-1.0
2019-06-14,Liperi Tuiskavanluoto,15.4,,
2019-06-14,Joensuu Linnunlahti,15.6,2.5,-1.0
2019-06-14,Lieksa Lampela,16.4,-1.0,-1.0
2019-06-14,Ilomantsi Naarva,,0.0,-1.0
2019-06-14,Ilomantsi Pötsönvaara,16.2,-1.0,-1.0
2019-06-14,Ilomantsi Mekrijärvi,16.0,-1.0,-1.0
2019-06-14,Pietarsaari Kallan,11.4,,
2019-06-14,Kokkola Tankar,11.5,,
2019-06-14,Kruunupyy Kokkola-Pietarsaari lentoasema,15.6,,
2019-06-14,Kaustinen Tastula,,12.0,-1.0
2019-06-14,Kalajoki Ulkokalla,10.6,,
2019-06-14,Toholampi Oravala,,0.5,-1.0
2019-06-14,Kalajoki Pitkäsenkylä,,-1.0,-1.0
2019-06-14,Kalajoki Mehtäkylä,,-1.0,-1.0
2019-06-14,Toholampi Laitala,16.6,-1.0,-1.0
2019-06-14,Ylivieska lentokenttä,17.4,-1.0,-1.0
2019-06-14,Ylivieska Vähäkangas,,-1.0,-1.0
2019-06-14,Haapavesi Mustikkamäki,16.8,-1.0,-1.0
2019-06-14,Pyhäjärvi Ojakylä,15.8,-1.0,-1.0
2019-06-14,Pyhäjärvi Hiidenniemi,,1.0,-1.0
2019-06-14,Kiuruvesi Korpijoki,,-1.0,-1.0
2019-06-14,Siikalatva Kestilä,,-1.0,-1.0
2019-06-14,Kajaani lentoasema,16.1,,
2019-06-14,Vieremä Kaarakkala,16.0,-1.0,-1.0
2019-06-14,Kajaani Paltaniemi,,-1.0,-1.0
2019-06-14,Nurmes Valtimo,16.5,-1.0,-1.0
2019-06-14,Ristijärvi Mustavaara,,0.0,-1.0
2019-06-14,Sotkamo Kuolaniemi,16.4,-1.0,-1.0
2019-06-14,Nurmes Mujejärvi,,-1.0,-1.0
2019-06-14,Kuhmo Apaja,,-1.0,-1.0
2019-06-14,Kuhmo Kalliojoki,15.5,-1.0,-1.0
2019-06-14,Hailuoto Keskikylä,15.3,-1.0,-1.0
2019-06-14,Kemi I majakka,14.1,,
2019-06-14,Hailuoto Marjaniemi,13.7,,
2019-06-14,Raahe Lapaluoto satama,15.3,,
2019-06-14,Oulu lentoasema,16.8,,
2019-06-14,Siikajoki Ruukki,16.0,-1.0,-1.0
2019-06-14,Oulu Vihreäsaari satama,15.6,,
2019-06-14,Oulu Oulunsalo Pellonpää,16.2,-1.0,-1.0
2019-06-14,Vaala Pelso,15.8,-1.0,-1.0
2019-06-14,Pudasjärvi lentokenttä,16.6,-1.0,-1.0
2019-06-14,Utajärvi Särkijärvi,,-1.0,-1.0
2019-06-14,Pudasjärvi Jaurakkajärvi,,-1.0,-1.0
2019-06-14,Suomussalmi Näljänkä,,-1.0,-1.0
2019-06-14,Suomussalmi Pesiö,15.5,-1.0,-1.0
2019-06-14,Puolanka Kotila,,-1.0,-1.0
2019-06-14,Puolanka Paljakka,14.5,-1.0,-1.0
2019-06-14,Kemi Kemi-Tornio lentoasema,14.9,,
2019-06-14,Kemi Ajos,15.1,,
2019-06-14,Tornio Kaakkuri,15.6,-1.0,-1.0
2019-06-14,Ranua lentokenttä,16.3,-1.0,-1.0
2019-06-14,Pudasjärvi Sarakylä,,-1.0,-1.0
2019-06-14,Posio Raistakka,,-1.0,-1.0
2019-06-14,Taivalkoski Inkee,,-1.0,-1.0
2019-06-14,Taivalkoski kirkonkylä,15.3,-1.0,-1.0
2019-06-14,Kuusamo lentoasema,14.6,,
2019-06-14,Kuusamo Kiutaköngäs,14.5,-1.0,-1.0
2019-06-14,Kuusamo Rukatunturi,14.6,,
2019-06-14,Kuusamo Teeriranta,,-1.0,-1.0
2019-06-14,Kuusamo Juuma,14.3,,
2019-06-14,Ylitornio Meltosjärvi,15.6,-1.0,-1.0
2019-06-14,Kolari Kattilamaa,,-1.0,-1.0
2019-06-14,Pello kirkonkylä,15.8,-1.0,-1.0
2019-06-14,Kittilä Alakylä,,0.0,-1.0
2019-06-14,Rovaniemi rautatieasema,16.6,,
2019-06-14,Sodankylä Tähtelä,15.9,-1.0,-1.0
2019-06-14,Rovaniemi Apukka,15.1,-1.0,-1.0
2019-06-14,Pelkosenniemi kirkonkylä,,-1.0,-1.0
2019-06-14,Kemijärvi lentokenttä,15.4,-1.0,-1.0
2019-06-14,Savukoski kirkonkylä,14.6,-1.0,-1.0
2019-06-14,Salla Kelloselkä,,-1.0,-1.0
2019-06-14,Pelkosenniemi Pyhätunturi,14.9,,
2019-06-14,Salla kirkonkylä,14.4,-1.0,-1.0
2019-06-14,Salla Naruska,13.9,-1.0,-1.0
2019-06-14,Enontekiö Kaaresuvanto,,-1.0,-1.0
2019-06-14,Kittilä Pulju,,-1.0,-1.0
2019-06-14,Muonio Laukukero,11.5,,
2019-06-14,Muonio Sammaltunturi,13.3,,
2019-06-14,Kittilä Matorova,15.4,,
2019-06-14,Kittilä lentoasema,15.7,,
2019-06-14,Kittilä Kenttärova,15.1,-1.0,-1.0
2019-06-14,Kittilä Pakatti,15.4,-1.0,-1.0
2019-06-14,Kittilä Pokka,13.9,-1.0,-1.0
2019-06-14,Sodankylä Lokka,13.1,-1.0,-1.0
2019-06-14,Sodankylä Vuotso,13.4,-1.0,-1.0
2019-06-14,Inari Saariselkä matkailukeskus,11.9,-1.0,-1.0
2019-06-14,Inari Saariselkä Kaunispää,10.8,,
2019-06-14,Inari Raja-Jooseppi Kontiojärvi,,-1.0,-1.0
2019-06-14,Inari Raja-Jooseppi,12.5,,
2019-06-14,Salla Värriötunturi,13.3,-1.0,-1.0
2019-06-14,Enontekiö Kilpisjärvi kyläkeskus,8.8,-1.0,-1.0
2019-06-14,Enontekiö Kilpisjärvi Saana,7.4,,
2019-06-14,Enontekiö Näkkälä,13.3,-1.0,-1.0
2019-06-14,Inari Angeli Lintupuoliselkä,12.1,-1.0,-1.0
2019-06-14,Inari Ivalo lentoasema,12.2,,
2019-06-14,Utsjoki Kevo,9.2,-1.0,-1.0
2019-06-14,Utsjoki Nuorgam,7.1,-1.0,-1.0
2019-06-14,Inari Väylä,11.0,,
2019-06-14,Inari kirkonkylä,,-1.0,-1.0
2019-06-14,Inari Kaamanen,11.3,-1.0,-1.0
2019-06-14,Inari Nellim,10.5,-1.0,-1.0
2019-06-14,Inari Kirakkajärvi,8.1,-1.0,-1.0
2019-06-14,Mäntsälä Hirvihaara,15.2,0.3,-1.0
2019-06-14,Lahti Sopenkorpi,15.8,0.2,-1.0
2019-06-14,Siuntio Sjundby,,-1.0,-1.0
2019-06-14,Sipoo Itätoukki,12.4,,
2019-06-14,Rauma Pyynpää,13.5,0.3,-1.0
2019-06-14,Muonio Oustajärvi,15.2,-1.0,-1.0
2019-06-14,Kajaani Petäisenniska,16.7,-1.0,-1.0
2019-06-14,Utsjoki Kevo Kevojärvi,8.7,,
2019-06-14,Inari Seitalaassa,8.6,,
2019-06-14,Rovaniemi lentoasema AWOS,16.2,-1.0,-1.0
2019-06-14,Jyväskylä lentoasema AWOS,13.6,1.9,-1.0
2019-06-14,Puumala kirkonkylä,12.9,1.1,-1.0
2019-06-14,Helsinki Vuosaari satama,13.8,,
2019-06-14,Maarianhamina Länsisatama,12.5,,
2019-06-14,Lumparland Långnäs satama,13.2,-1.0,-1.0
2019-06-14,Tampere Tampella,15.9,,
2019-06-14,Kittilä Lompolonvuoma,15.4,,
2019-06-14,Kuusamo Ruka Talvijärvi,14.5,,
2019-06-14,Espoo Nuuksio,14.8,-1.0,-1.0
2019-06-14,Mikkeli Lentoasema AWOS,12.9,1.1,-1.0
2019-06-14,Espoo Tapiola,14.8,-1.0,-1.0
2019-06-15,Porvoo Kilpilahti satama,16.2,,
2019-06-15,Jomala Maarianhamina lentoasema,15.6,,
2019-06-15,Parainen Utö,14.1,-1.0,-1.0
2019-06-15,Lemland Nyhamn,13.2,,
2019-06-15,Jomala Jomalaby,16.6,-1.0,-1.0
2019-06-15,Hammarland Märket,12.5,,
2019-06-15,Kökar Bogskär,14.6,,
2019-06-15,Parainen Fagerholm,15.3,-1.0,
2019-06-15,Kumlinge kirkonkylä,14.8,,
2019-06-15,Hanko Russarö,13.6,,
2019-06-15,Kaarina Yltöinen,16.1,-1.0,-1.0
2019-06-15,Kemiönsaari Vänö,14.4,,
2019-06-15,Hanko Tulliniemi,13.6,,
2019-06-15,Turku Rajakari,15.3,,
2019-06-15,Turku Artukainen,16.6,-1.0,-1.0
2019-06-15,Kemiönsaari Kemiö,16.1,-1.0,-1.0
2019-06-15,Hanko Tvärminne,15.3,-1.0,-1.0
2019-06-15,Salo Kärkkä,17.0,-1.0,
2019-06-15,Lohja Leppäkorpi,,-1.0,-1.0
2019-06-15,Raasepori Jussarö,13.2,,
2019-06-15,Salo Kiikala lentokenttä,15.6,-1.0,-1.0
2019-06-15,Vantaa Helsinki-Vantaan lentoasema,17.5,-1.0,-1.0
2019-06-15,Inkoo Bågaskär,14.4,,
2019-06-15,Helsinki Kaisaniemi,16.9,-1.0,-1.0
2019-06-15,Lohja Porla,16.3,0.7,-1.0
2019-06-15,Vihti Maasoja,16.2,,
2019-06-15,Helsinki Harmaja,13.1,,
2019-06-15,Kirkkonummi Mäkiluoto,13.5,,
2019-06-15,Helsinki Helsingin majakka,12.6,,
2019-06-15,Helsinki Kumpula,17.3,-1.0,-1.0
2019-06-15,Helsinki Malmi lentokenttä,17.1,,
2019-06-15,Porvoo Emäsalo,14.4,,
2019-06-15,Porvoo Harabacka,17.3,-1.0,-1.0
2019-06-15,Kotka Rankki,14.6,-1.0,-1.0
2019-06-15,Loviisa Orrengrund,14.3,,
2019-06-15,Kotka Haapasaari,13.4,,
2019-06-15,Pori lentoasema,12.5,,
2019-06-15,Uusikaupunki Itätulli,,-1.0,-1.0
2019-06-15,Laitila Haukka,,-1.0,-1.0
2019-06-15,Kustavi Isokari,12.1,-1.0,
2019-06-15,Rauma Kylmäpihlaja,12.1,,
2019-06-15,Pori rautatieasema,12.8,-1.0,-1.0
2019-06-15,Turku lentoasema,16.1,,
2019-06-15,Kokemäki Rausenkulma,,-1.0,-1.0
2019-06-15,Huittinen Sallila,,-1.0,-1.0
2019-06-15,Oripää Teinikivi,,-1.0,-1.0
2019-06-15,Pöytyä Yläne,,-1.0,-1.0
2019-06-15,Kokemäki Tulkkila,13.8,-1.0,-1.0
2019-06-15,Jokioinen Ilmala,14.8,-1.0,-1.0
2019-06-15,Nokia Tottijärvi,,-1.0,-1.0
2019-06-15,Pirkkala Tampere-Pirkkala lentoasema,12.8,,
2019-06-15,Tampere Härmälä,13.1,-1.0,-1.0
2019-06-15,Somero Salkola,14.8,-1.0,-1.0
2019-06-15,Hyvinkää Hyvinkäänkylä,15.4,-1.0,-1.0
2019-06-15,Vihti Hiiskula,,-1.0,-1.0
2019-06-15,Hämeenlinna Pirttikoski,,-1.0,-1.0
2019-06-15,Nurmijärvi Röykkä,16.0,-1.0,-1.0
2019-06-15,Hattula Lepaa,13.7,-1.0,-1.0
2019-06-15,Hämeenlinna Lammi Pappila,13.1,-1.0,-1.0
2019-06-15,Mäntsälä Hirvihaara Kuntomajantie,,-1.0,-1.0
2019-06-15,Asikkala Pulkkilanharju,13.6,,
2019-06-15,Hämeenlinna Lammi Evo,12.8,,
2019-06-15,Kouvola Utti lentoasema,14.6,-1.0,-1.0
2019-06-15,Kouvola Anjala,15.2,-1.0,-1.0
2019-06-15,Heinola Asemantaus,14.1,-1.0,-1.0
2019-06-15,Kouvola Voikoski,,-1.0,-1.0
2019-06-15,Virolahti Koivuniemi,15.1,0.0,-1.0
2019-06-15,Lappeenranta lentoasema,13.9,,
2019-06-15,Lappeenranta Konnunsuo,13.9,,
2019-06-15,Lappeenranta Lepola,14.0,-1.0,-1.0
2019-06-15,Ruokolahti Kotaniemi,,0.8,-1.0
2019-06-15,Lappeenranta Hiekkapakka,13.3,,
2019-06-15,Parikkala Koitsanlahti,12.5,0.5,-1.0
2019-06-15,Kaskinen Sälgrund,11.0,0.8,
2019-06-15,Merikarvia Tuorila,,0.1,-1.0
2019-06-15,Isojoki Kärjenkoski,,0.1,-1.0
2019-06-15,Teuva Kauppilankylä,,-1.0,-1.0
2019-06-15,Pori Tahkoluoto satama,10.8,,
2019-06-15,Kristiinankaupunki Majakka,9.3,,
2019-06-15,Karvia Alkkia,11.9,-1.0,-1.0
2019-06-15,Ikaalinen Vehuvarpee,,-1.0,-1.0
2019-06-15,Kurikka Hirvijärvi,,0.2,-1.0
2019-06-15,Kauhajoki Kuja-Kokko,11.9,0.1,-1.0
2019-06-15,Kankaanpää Niinisalo lentokenttä,12.5,-1.0,-1.0
2019-06-15,Alavus Sulkavankylä,,0.2,-1.0
2019-06-15,Virrat Äijänneva,12.4,,
2019-06-15,Tampere Siilinkari,12.6,,
2019-06-15,Jämsä Halli lentoasema,13.1,-1.0,-1.0
2019-06-15,Juupajoki Hyytiälä,12.7,-1.0,-1.0
2019-06-15,Sysmä Joutsjärvi,,-1.0,-1.0
2019-06-15,Luhanka Tammijärvi,,-1.0,-1.0
2019-06-15,Jyväskylä Muuratjärvi,,-1.0,-1.0
2019-06-15,Luhanka Judinsalo,13.3,,
2019-06-15,Multia Pirttiperä,,0.0,-1.0
2019-06-15,Joutsa Savenaho,12.4,0.1,-1.0
2019-06-15,Kangasniemi kirkonkylä,,0.3,-1.0
2019-06-15,Joutsa Pärnämäki,,0.0,-1.0
2019-06-15,Mikkeli Pitkähiekka,,0.2,-1.0
2019-06-15,Juva Partala,13.9,,
2019-06-15,Varkaus Kosulanniemi,14.5,-1.0,-1.0
2019-06-15,Savonlinna Laukansaari,,1.1,-1.0
2019-06-15,Sulkava Halttula,,0.4,-1.0
2019-06-15,Savonlinna lentoasema,13.5,,
2019-06-15,Rantasalmi Rukkasluoto,14.2,,
2019-06-15,Savonlinna Punkaharju Laukansaari,12.9,1.3,-1.0
2019-06-15,Enonkoski Simanala,,1.0,-1.0
2019-06-15,Savonlinna Savonranta,,0.4,-1.0
2019-06-15,Rääkkylä kirkonkylä,,0.0,-1.0
2019-06-15,Tohmajärvi Kemie,14.6,0.1,-1.0
2019-06-15,Joensuu Huhtilampi,,0.0,-1.0
2019-06-15,Vaasa lentoasema,12.7,,
2019-06-15,Mustasaari Valassaaret,12.1,,
2019-06-15,Närpiö Ylimarkku,,0.4,-1.0
2019-06-15,Mustasaari Riimala,,0.6,-1.0
2019-06-15,Kurikka Pyörni,,-1.0,-1.0
2019-06-15,Korsnäs Bredskäret,12.1,,
2019-06-15,Maalahti Strömmingsbådan,10.9,,
2019-06-15,Vaasa Klemettilä,12.9,1.8,-1.0
2019-06-15,Seinäjoki Pelmaa,13.6,0.1,-1.0
2019-06-15,Kauhava lentokenttä,13.9,1.1,-1.0
2019-06-15,Ähtäri Inha,13.7,-1.0,-1.0
2019-06-15,Halsua Purola,14.9,0.0,-1.0
2019-06-15,Alajärvi Möksy,14.9,-1.0,-1.0
2019-06-15,Multia Karhila,13.4,-1.0,-1.0
2019-06-15,Viitasaari Haapaniemi,16.2,-1.0,-1.0
2019-06-15,Äänekoski Kalaniemi,,-1.0,-1.0
2019-06-15,Viitasaari Kärnä,,-1.0,-1.0
2019-06-15,Vesanto kirkonkylä,15.3,-1.0,-1.0
2019-06-15,Pielavesi Venetmäki,,-1.0,-1.0
2019-06-15,Siilinjärvi Kuopio lentoasema,16.5,,
2019-06-15,Kuopio Maaninka,16.7,-1.0,-1.0
2019-06-15,Lapinlahti Lamminkäyrä,,-1.0,-1.0
2019-06-15,Suonenjoki Iisvesi,,-1.0,-1.0
2019-06-15,Kuopio Karttula,,0.7,-1.0
2019-06-15,Kuopio Ritoniemi,15.1,,
2019-06-15,Kuopio Savilahti,16.3,-1.0,-1.0
2019-06-15,Heinävesi Palokki,,0.2,-1.0
2019-06-15,Outokumpu Viuruniemi,,-1.0,-1.0
2019-06-15,Rautavaara Ala-Luosta,,-1.0,-1.0
2019-06-15,Rautavaara Ylä-Luosta,16.6,-1.0,-1.0
2019-06-15,Liperi Joensuu lentoasema,16.3,,
2019-06-15,Juuka Niemelä,17.4,-1.0,-1.0
2019-06-15,Joensuu Pyhäselkä,,0.1,-1.0
2019-06-15,Lieksa Koli,,-1.0,-1.0
2019-06-15,Liperi Tuiskavanluoto,15.3,,
2019-06-15,Joensuu Linnunlahti,15.2,-1.0,-1.0
2019-06-15,Lieksa Lampela,16.6,-1.0,-1.0
2019-06-15,Ilomantsi Naarva,,0.0,-1.0
2019-06-15,Ilomantsi Pötsönvaara,16.4,-1.0,-1.0
2019-06-15,Ilomantsi Mekrijärvi,17.2,-1.0,-1.0
2019-06-15,Pietarsaari Kallan,9.8,,
2019-06-15,Kokkola Tankar,11.0,,
2019-06-15,Kruunupyy Kokkola-Pietarsaari lentoasema,13.3,,
2019-06-15,Kaustinen Tastula,,-1.0,-1.0
2019-06-15,Kalajoki Ulkokalla,9.5,,
2019-06-15,Toholampi Oravala,,-1.0,-1.0
2019-06-15,Kalajoki Pitkäsenkylä,,-1.0,-1.0
2019-06-15,Kalajoki Mehtäkylä,,-1.0,-1.0
2019-06-15,Toholampi Laitala,15.2,-1.0,-1.0
2019-06-15,Ylivieska lentokenttä,16.4,-1.0,-1.0
2019-06-15,Ylivieska Vähäkangas,,-1.0,-1.0
2019-06-15,Haapavesi Mustikkamäki,17.7,-1.0,-1.0
2019-06-15,Pyhäjärvi Ojakylä,16.5,-1.0,-1.0
2019-06-15,Pyhäjärvi Hiidenniemi,,-1.0,-1.0
2019-06-15,Kiuruvesi Korpijoki,,-1.0,-1.0
2019-06-15,Siikalatva Kestilä,,-1.0,-1.0
2019-06-15,Kajaani lentoasema,17.7,,
2019-06-15,Vieremä Kaarakkala,17.4,-1.0,-1.0
2019-06-15,Kajaani Paltaniemi,,-1.0,-1.0
2019-06-15,Nurmes Valtimo,17.8,-1.0,-1.0
2019-06-15,Ristijärvi Mustavaara,,0.0,-1.0
2019-06-15,Sotkamo Kuolaniemi,18.3,-1.0,-1.0
2019-06-15,Nurmes Mujejärvi,,-1.0,-1.0
2019-06-15,Kuhmo Apaja,,-1.0,-1.0
2019-06-15,Kuhmo Kalliojoki,17.4,-1.0,-1.0
2019-06-15,Hailuoto Keskikylä,15.3,-1.0,-1.0
2019-06-15,Kemi I majakka,14.5,,
2019-06-15,Hailuoto Marjaniemi,13.6,,
2019-06-15,Raahe Lapaluoto satama,13.1,,
2019-06-15,Oulu lentoasema,16.7,,
2019-06-15,Siikajoki Ruukki,15.4,-1.0,-1.0
2019-06-15,Oulu Vihreäsaari satama,15.6,,
2019-06-15,Oulu Oulunsalo Pellonpää,16.3,-1.0,-1.0
2019-06-15,Vaala Pelso,15.9,-1.0,-1.0
2019-06-15,Pudasjärvi lentokenttä,17.7,-1.0,-1.0
2019-06-15,Utajärvi Särkijärvi,,-1.0,-1.0
2019-06-15,Pudasjärvi Jaurakkajärvi,,-1.0,-1.0
2019-06-15,Suomussalmi Näljänkä,,-1.0,-1.0
2019-06-15,Suomussalmi Pesiö,16.7,-1.0,-1.0
2019-06-15,Puolanka Kotila,,-1.0,-1.0
2019-06-15,Puolanka Paljakka,17.0,-1.0,-1.0
2019-06-15,Kemi Kemi-Tornio lentoasema,15.8,,
2019-06-15,Kemi Ajos,16.4,,
2019-06-15,Tornio Kaakkuri,16.3,-1.0,-1.0
2019-06-15,Ranua lentokenttä,16.1,-1.0,-1.0
2019-06-15,Pudasjärvi Sarakylä,,-1.0,-1.0
2019-06-15,Posio Raistakka,,-1.0,-1.0
2019-06-15,Taivalkoski Inkee,,-1.0,-1.0
2019-06-15,Taivalkoski kirkonkylä,15.4,-1.0,-1.0
2019-06-15,Kuusamo lentoasema,15.0,,
2019-06-15,Kuusamo Kiutaköngäs,14.7,-1.0,-1.0
2019-06-15,Kuusamo Rukatunturi,13.0,,
2019-06-15,Kuusamo Teeriranta,,-1.0,-1.0
2019-06-15,Kuusamo Juuma,14.0,,
2019-06-15,Ylitornio Meltosjärvi,16.4,-1.0,-1.0
2019-06-15,Kolari Kattilamaa,,-1.0,-1.0
2019-06-15,Pello kirkonkylä,16.8,-1.0,-1.0
2019-06-15,Kittilä Alakylä,,0.0,-1.0
2019-06-15,Rovaniemi rautatieasema,16.9,,
2019-06-15,Sodankylä Tähtelä,14.3,-1.0,-1.0
2019-06-15,Rovaniemi Apukka,15.5,-1.0,-1.0
2019-06-15,Pelkosenniemi kirkonkylä,,0.0,-1.0
2019-06-15,Kemijärvi lentokenttä,14.6,-1.0,-1.0
2019-06-15,Savukoski kirkonkylä,13.4,-1.0,-1.0
2019-06-15,Salla Kelloselkä,,-1.0,-1.0
2019-06-15,Pelkosenniemi Pyhätunturi,13.0,,
2019-06-15,Salla kirkonkylä,14.1,-1.0,-1.0
2019-06-15,Salla Naruska,13.0,-1.0,-1.0
2019-06-15,Enontekiö Kaaresuvanto,,-1.0,-1.0
2019-06-15,Kittilä Pulju,,-1.0,-1.0
2019-06-15,Muonio Laukukero,10.8,,
2019-06-15,Muonio Sammaltunturi,12.6,,
2019-06-15,Kittilä Matorova,13.7,,
2019-06-15,Kittilä lentoasema,14.4,,
2019-06-15,Kittilä Kenttärova,13.5,-1.0,-1.0
2019-06-15,Kittilä Pakatti,14.4,-1.0,-1.0
2019-06-15,Kittilä Pokka,13.1,-1.0,-1.0
2019-06-15,Sodankylä Lokka,12.4,-1.0,-1.0
2019-06-15,Sodankylä Vuotso,12.7,-1.0,-1.0
2019-06-15,Inari Saariselkä matkailukeskus,12.3,-1.0,-1.0
2019-06-15,Inari Saariselkä Kaunispää,11.0,,
2019-06-15,Inari Raja-Jooseppi Kontiojärvi,,-1.0,-1.0
2019-06-15,Inari Raja-Jooseppi,12.6,,
2019-06-15,Salla Värriötunturi,12.0,-1.0,-1.0
2019-06-15,Enontekiö Kilpisjärvi kyläkeskus,10.4,-1.0,-1.0
2019-06-15,Enontekiö Kilpisjärvi Saana,8.7,,
2019-06-15,Enontekiö Näkkälä,13.2,-1.0,-1.0
2019-06-15,Inari Angeli Lintupuoliselkä,12.4,-1.0,-1.0
2019-06-15,Inari Ivalo lentoasema,13.2,,
2019-06-15,Utsjoki Kevo,12.1,-1.0,-1.0
2019-06-15,Utsjoki Nuorgam,10.2,-1.0,-1.0
2019-06-15,Inari Väylä,12.3,,
2019-06-15,Inari kirkonkylä,,0.0,-1.0
2019-06-15,Inari Kaamanen,12.8,-1.0,-1.0
2019-06-15,Inari Nellim,11.3,-1.0,-1.0
2019-06-15,Inari Kirakkajärvi,11.2,-1.0,-1.0
2019-06-15,Mäntsälä Hirvihaara,15.0,-1.0,-1.0
2019-06-15,Lahti Sopenkorpi,14.2,-1.0,-1.0
2019-06-15,Siuntio Sjundby,,-1.0,-1.0
2019-06-15,Sipoo Itätoukki,12.9,,
2019-06-15,Rauma Pyynpää,14.0,-1.0,-1.0
2019-06-15,Muonio Oustajärvi,14.9,-1.0,-1.0
2019-06-15,Kajaani Petäisenniska,18.5,-1.0,-1.0
2019-06-15,Utsjoki Kevo Kevojärvi,11.3,,
2019-06-15,Inari Seitalaassa,10.2,,
2019-06-15,Rovaniemi lentoasema AWOS,15.7,-1.0,-1.0
2019-06-15,Jyväskylä lentoasema AWOS,14.6,0.1,-1.0
2019-06-15,Puumala kirkonkylä,13.4,0.5,-1.0
2019-06-15,Helsinki Vuosaari satama,15.3,,
2019-06-15,Maarianhamina Länsisatama,14.6,,
2019-06-15,Lumparland Långnäs satama,16.6,-1.0,-1.0
2019-06-15,Tampere Tampella,13.8,,
2019-06-15,Kittilä Lompolonvuoma,13.3,,
2019-06-15,Kuusamo Ruka Talvijärvi,14.6,,
2019-06-15,Espoo Nuuksio,16.6,-1.0,-1.0
2019-06-15,Mikkeli Lentoasema AWOS,13.0,0.2,-1.0
2019-06-15,Espoo Tapiola,17.5,-1.0,-1.0
2019-06-16,Porvoo Kilpilahti satama,16.3,,
2019-06-16,Jomala Maarianhamina lentoasema,16.8,,
2019-06-16,Parainen Utö,15.6,-1.0,-1.0
2019-06-16,Lemland Nyhamn,14.4,,
2019-06-16,Jomala Jomalaby,17.9,-1.0,-1.0
2019-06-16,Hammarland Märket,12.6,,
2019-06-16,Kökar Bogskär,16.2,,
2019-06-16,Parainen Fagerholm,16.5,-1.0,
2019-06-16,Kumlinge kirkonkylä,16.8,,
2019-06-16,Hanko Russarö,15.5,,
2019-06-16,Kaarina Yltöinen,17.8,-1.0,-1.0
2019-06-16,Kemiönsaari Vänö,16.2,,
2019-06-16,Hanko Tulliniemi,15.3,,
2019-06-16,Turku Rajakari,17.8,,
2019-06-16,Turku Artukainen,18.9,-1.0,-1.0
2019-06-16,Kemiönsaari Kemiö,18.1,-1.0,-1.0
2019-06-16,Hanko Tvärminne,16.6,-1.0,-1.0
2019-06-16,Salo Kärkkä,18.8,-1.0,
2019-06-16,Lohja Leppäkorpi,,-1.0,-1.0
2019-06-16,Raasepori Jussarö,14.8,,
2019-06-16,Salo Kiikala lentokenttä,18.1,-1.0,-1.0
2019-06-16,Vantaa Helsinki-Vantaan lentoasema,19.3,-1.0,-1.0
2019-06-16,Inkoo Bågaskär,15.8,,
2019-06-16,Helsinki Kaisaniemi,18.4,-1.0,-1.0
2019-06-16,Lohja Porla,18.9,-1.0,-1.0
2019-06-16,Vihti Maasoja,17.2,,
2019-06-16,Helsinki Harmaja,14.7,,
2019-06-16,Kirkkonummi Mäkiluoto,15.1,,
2019-06-16,Helsinki Helsingin majakka,14.6,,
2019-06-16,Helsinki Kumpula,18.8,0.0,-1.0
2019-06-16,Helsinki Malmi lentokenttä,18.4,,
2019-06-16,Porvoo Emäsalo,16.1,,
2019-06-16,Porvoo Harabacka,18.1,-1.0,-1.0
2019-06-16,Kotka Rankki,15.0,-1.0,-1.0
2019-06-16,Loviisa Orrengrund,15.1,,
2019-06-16,Kotka Haapasaari,15.0,,
2019-06-16,Pori lentoasema,14.3,,
2019-06-16,Uusikaupunki Itätulli,,-1.0,-1.0
2019-06-16,Laitila Haukka,,-1.0,-1.0
2019-06-16,Kustavi Isokari,13.8,-1.0,
2019-06-16,Rauma Kylmäpihlaja,12.7,,
2019-06-16,Pori rautatieasema,14.6,-1.0,-1.0
2019-06-16,Turku lentoasema,18.3,,
2019-06-16,Kokemäki Rausenkulma,,-1.0,-1.0
2019-06-16,Huittinen Sallila,,-1.0,-1.0
2019-06-16,Oripää Teinikivi,,-1.0,-1.0
2019-06-16,Pöytyä Yläne,,-1.0,-1.0
2019-06-16,Kokemäki Tulkkila,16.3,-1.0,-1.0
2019-06-16,Jokioinen Ilmala,17.8,-1.0,-1.0
2019-06-16,Nokia Tottijärvi,,-1.0,-1.0
2019-06-16,Pirkkala Tampere-Pirkkala lentoasema,16.8,,
2019-06-16,Tampere Härmälä,16.4,-1.0,-1.0
2019-06-16,Somero Salkola,17.8,-1.0,-1.0
2019-06-16,Hyvinkää Hyvinkäänkylä,17.8,-1.0,-1.0
2019-06-16,Vihti Hiiskula,,-1.0,-1.0
2019-06-16,Hämeenlinna Pirttikoski,,-1.0,-1.0
2019-06-16,Nurmijärvi Röykkä,18.3,-1.0,-1.0
2019-06-16,Hattula Lepaa,17.3,-1.0,-1.0
2019-06-16,Hämeenlinna Lammi Pappila,17.0,-1.0,-1.0
2019-06-16,Mäntsälä Hirvihaara Kuntomajantie,,-1.0,-1.0
2019-06-16,Asikkala Pulkkilanharju,16.9,,
2019-06-16,Hämeenlinna Lammi Evo,16.1,,
2019-06-16,Kouvola Utti lentoasema,18.3,-1.0,-1.0
2019-06-16,Kouvola Anjala,17.9,-1.0,-1.0
2019-06-16,Heinola Asemantaus,18.3,-1.0,-1.0
2019-06-16,Kouvola Voikoski,,-1.0,-1.0
2019-06-16,Virolahti Koivuniemi,14.7,-1.0,-1.0
2019-06-16,Lappeenranta lentoasema,17.9,,
2019-06-16,Lappeenranta Konnunsuo,17.0,,
2019-06-16,Lappeenranta Lepola,18.3,-1.0,-1.0
2019-06-16,Ruokolahti Kotaniemi,,-1.0,-1.0
2019-06-16,Lappeenranta Hiekkapakka,17.6,,
2019-06-16,Parikkala Koitsanlahti,17.7,-1.0,-1.0
2019-06-16,Kaskinen Sälgrund,12.5,-1.0,
2019-06-16,Merikarvia Tuorila,,-1.0,-1.0
2019-06-16,Isojoki Kärjenkoski,,-1.0,-1.0
2019-06-16,Teuva Kauppilankylä,,-1.0,-1.0
2019-06-16,Pori Tahkoluoto satama,11.7,,
2019-06-16,Kristiinankaupunki Majakka,10.4,,
2019-06-16,Karvia Alkkia,15.3,-1.0,-1.0
2019-06-16,Ikaalinen Vehuvarpee,,-1.0,-1.0
2019-06-16,Kurikka Hirvijärvi,,-1.0,-1.0
2019-06-16,Kauhajoki Kuja-Kokko,15.4,-1.0,-1.0
2019-06-16,Kankaanpää Niinisalo lentokenttä,16.3,-1.0,-1.0
2019-06-16,Alavus Sulkavankylä,,-1.0,-1.0
2019-06-16,Virrat Äijänneva,16.1,,
2019-06-16,Tampere Siilinkari,16.1,,
2019-06-16,Jämsä Halli lentoasema,17.7,-1.0,-1.0
2019-06-16,Juupajoki Hyytiälä,15.9,-1.0,-1.0
2019-06-16,Sysmä Joutsjärvi,,-1.0,-1.0
2019-06-16,Luhanka Tammijärvi,,-1.0,-1.0
2019-06-16,Jyväskylä Muuratjärvi,,-1.0,-1.0
2019-06-16,Luhanka Judinsalo,16.3,,
2019-06-16,Multia Pirttiperä,,-1.0,-1.0
2019-06-16,Joutsa Savenaho,16.9,-1.0,-1.0
2019-06-16,Kangasniemi kirkonkylä,,-1.0,-1.0
2019-06-16,Joutsa Pärnämäki,,-1.0,-1.0
2019-06-16,Mikkeli Pitkähiekka,,-1.0,-1.0
2019-06-16,Juva Partala,17.9,,
2019-06-16,Varkaus Kosulanniemi,19.0,-1.0,-1.0
2019-06-16,Savonlinna Laukansaari,,-1.0,-1.0
2019-06-16,Sulkava Halttula,,-1.0,-1.0
2019-06-16,Savonlinna lentoasema,17.3,,
2019-06-16,Rantasalmi Rukkasluoto,18.1,,
2019-06-16,Savonlinna Punkaharju Laukansaari,17.4,-1.0,-1.0
2019-06-16,Enonkoski Simanala,,-1.0,-1.0
2019-06-16,Savonlinna Savonranta,,-1.0,-1.0
2019-06-16,Rääkkylä kirkonkylä,,-1.0,-1.0
2019-06-16,Tohmajärvi Kemie,18.0,-1.0,-1.0
2019-06-16,Joensuu Huhtilampi,,-1.0,-1.0
2019-06-16,Vaasa lentoasema,14.6,,
2019-06-16,Mustasaari Valassaaret,13.2,,
2019-06-16,Närpiö Ylimarkku,,-1.0,-1.0
2019-06-16,Mustasaari Riimala,,-1.0,-1.0
2019-06-16,Kurikka Pyörni,,-1.0,-1.0
2019-06-16,Korsnäs Bredskäret,12.7,,
2019-06-16,Maalahti Strömmingsbådan,11.2,,
2019-06-16,Vaasa Klemettilä,15.4,-1.0,-1.0
2019-06-16,Seinäjoki Pelmaa,16.4,-1.0,-1.0
2019-06-16,Kauhava lentokenttä,16.5,-1.0,-1.0
2019-06-16,Ähtäri Inha,16.9,-1.0,-1.0
2019-06-16,Halsua Purola,16.4,-1.0,-1.0
2019-06-16,Alajärvi Möksy,16.7,-1.0,-1.0
2019-06-16,Multia Karhila,16.6,-1.0,-1.0
2019-06-16,Viitasaari Haapaniemi,18.6,-1.0,-1.0
2019-06-16,Äänekoski Kalaniemi,,-1.0,-1.0
2019-06-16,Viitasaari Kärnä,,-1.0,-1.0
2019-06-16,Vesanto kirkonkylä,17.6,-1.0,-1.0
2019-06-16,Pielavesi Venetmäki,,-1.0,-1.0
2019-06-16,Siilinjärvi Kuopio lentoasema,19.2,,
2019-06-16,Kuopio Maaninka,18.8,-1.0,-1.0
2019-06-16,Lapinlahti Lamminkäyrä,,-1.0,-1.0
2019-06-16,Suonenjoki Iisvesi,,-1.0,-1.0
2019-06-16,Kuopio Karttula,,-1.0,-1.0
2019-06-16,Kuopio Ritoniemi,18.9,,
2019-06-16,Kuopio Savilahti,19.2,-1.0,-1.0
2019-06-16,Heinävesi Palokki,,-1.0,-1.0
2019-06-16,Outokumpu Viuruniemi,,-1.0,-1.0
2019-06-16,Rautavaara Ala-Luosta,,-1.0,-1.0
2019-06-16,Rautavaara Ylä-Luosta,17.8,-1.0,-1.0
2019-06-16,Liperi Joensuu lentoasema,19.5,,
2019-06-16,Juuka Niemelä,19.6,-1.0,-1.0
2019-06-16,Joensuu Pyhäselkä,,-1.0,-1.0
2019-06-16,Lieksa Koli,,-1.0,-1.0
2019-06-16,Liperi Tuiskavanluoto,18.9,,
2019-06-16,Joensuu Linnunlahti,18.3,-1.0,-1.0
2019-06-16,Lieksa Lampela,19.0,-1.0,-1.0
2019-06-16,Ilomantsi Naarva,,0.0,-1.0
2019-06-16,Ilomantsi Pötsönvaara,18.2,-1.0,-1.0
2019-06-16,Ilomantsi Mekrijärvi,19.2,-1.0,-1.0
2019-06-16,Pietarsaari Kallan,11.8,,
2019-06-16,Kokkola Tankar,13.8,,
2019-06-16,Kruunupyy Kokkola-Pietarsaari lentoasema,16.4,,
2019-06-16,Kaustinen Tastula,,-1.0,-1.0
2019-06-16,Kalajoki Ulkokalla,10.1,,
2019-06-16,Toholampi Oravala,,0.5,-1.0
2019-06-16,Kalajoki Pitkäsenkylä,,-1.0,-1.0
2019-06-16,Kalajoki Mehtäkylä,,-1.0,-1.0
2019-06-16,Toholampi Laitala,17.3,0.1,-1.0
2019-06-16,Ylivieska lentokenttä,16.7,0.3,-1.0
2019-06-16,Ylivieska Vähäkangas,,0.3,-1.0
2019-06-16,Haapavesi Mustikkamäki,17.6,-1.0,-1.0
2019-06-16,Pyhäjärvi Ojakylä,16.9,-1.0,-1.0
2019-06-16,Pyhäjärvi Hiidenniemi,,-1.0,-1.0
2019-06-16,Kiuruvesi Korpijoki,,-1.0,-1.0
2019-06-16,Siikalatva Kestilä,,-1.0,-1.0
2019-06-16,Kajaani lentoasema,18.0,,
2019-06-16,Vieremä Kaarakkala,18.0,-1.0,-1.0
2019-06-16,Kajaani Paltaniemi,,-1.0,-1.0
2019-06-16,Nurmes Valtimo,19.6,-1.0,-1.0
2019-06-16,Ristijärvi Mustavaara,,0.0,-1.0
2019-06-16,Sotkamo Kuolaniemi,19.0,-1.0,-1.0
2019-06-16,Nurmes Mujejärvi,,-1.0,-1.0
2019-06-16,Kuhmo Apaja,,-1.0,-1.0
2019-06-16,Kuhmo Kalliojoki,19.0,-1.0,-1.0
2019-06-16,Hailuoto Keskikylä,12.8,-1.0,-1.0
2019-06-16,Kemi I majakka,12.9,,
2019-06-16,Hailuoto Marjaniemi,12.0,,
2019-06-16,Raahe Lapaluoto satama,13.7,,
2019-06-16,Oulu lentoasema,16.4,,
2019-06-16,Siikajoki Ruukki,15.7,-1.0,-1.0
2019-06-16,Oulu Vihreäsaari satama,15.3,,
2019-06-16,Oulu Oulunsalo Pellonpää,16.0,-1.0,-1.0
2019-06-16,Vaala Pelso,16.3,0.3,-1.0
2019-06-16,Pudasjärvi lentokenttä,18.1,-1.0,-1.0
2019-06-16,Utajärvi Särkijärvi,,-1.0,-1.0
2019-06-16,Pudasjärvi Jaurakkajärvi,,-1.0,-1.0
2019-06-16,Suomussalmi Näljänkä,,-1.0,-1.0
2019-06-16,Suomussalmi Pesiö,18.5,-1.0,-1.0
2019-06-16,Puolanka Kotila,,-1.0,-1.0
2019-06-16,Puolanka Paljakka,17.4,-1.0,-1.0
2019-06-16,Kemi Kemi-Tornio lentoasema,17.1,,
2019-06-16,Kemi Ajos,16.5,,
2019-06-16,Tornio Kaakkuri,17.8,-1.0,-1.0
2019-06-16,Ranua lentokenttä,17.8,0.3,-1.0
2019-06-16,Pudasjärvi Sarakylä,,-1.0,-1.0
2019-06-16,Posio Raistakka,,-1.0,-1.0
2019-06-16,Taivalkoski Inkee,,-1.0,-1.0
2019-06-16,Taivalkoski kirkonkylä,17.4,-1.0,-1.0
2019-06-16,Kuusamo lentoasema,17.2,,
2019-06-16,Kuusamo Kiutaköngäs,16.5,-1.0,-1.0
2019-06-16,Kuusamo Rukatunturi,15.9,,
2019-06-16,Kuusamo Teeriranta,,-1.0,-1.0
2019-06-16,Kuusamo Juuma,15.9,,
2019-06-16,Ylitornio Meltosjärvi,18.8,0.6,-1.0
2019-06-16,Kolari Kattilamaa,,-1.0,-1.0
2019-06-16,Pello kirkonkylä,18.3,-1.0,-1.0
2019-06-16,Kittilä Alakylä,,0.0,-1.0
2019-06-16,Rovaniemi rautatieasema,18.6,,
2019-06-16,Sodankylä Tähtelä,16.1,-1.0,-1.0
2019-06-16,Rovaniemi Apukka,17.2,-1.0,-1.0
2019-06-16,Pelkosenniemi kirkonkylä,,-1.0,-1.0
2019-06-16,Kemijärvi lentokenttä,17.1,-1.0,-1.0
2019-06-16,Savukoski kirkonkylä,15.3,-1.0,-1.0
2019-06-16,Salla Kelloselkä,,-1.0,-1.0
2019-06-16,Pelkosenniemi Pyhätunturi,15.5,,
2019-06-16,Salla kirkonkylä,15.1,-1.0,-1.0
2019-06-16,Salla Naruska,14.3,-1.0,-1.0
2019-06-16,Enontekiö Kaaresuvanto,,-1.0,-1.0
2019-06-16,Kittilä Pulju,,-1.0,-1.0
2019-06-16,Muonio Laukukero,11.1,,
2019-06-16,Muonio Sammaltunturi,13.6,,
2019-06-16,Kittilä Matorova,14.5,,
2019-06-16,Kittilä lentoasema,15.3,,
2019-06-16,Kittilä Kenttärova,14.1,-1.0,-1.0
2019-06-16,Kittilä Pakatti,15.5,-1.0,-1.0
2019-06-16,Kittilä Pokka,13.2,-1.0,-1.0
2019-06-16,Sodankylä Lokka,14.2,-1.0,-1.0
2019-06-16,Sodankylä Vuotso,13.7,-1.0,-1.0
2019-06-16,Inari Saariselkä matkailukeskus,12.0,-1.0,-1.0
2019-06-16,Inari Saariselkä Kaunispää,10.6,,
2019-06-16,Inari Raja-Jooseppi Kontiojärvi,,-1.0,-1.0
2019-06-16,Inari Raja-Jooseppi,11.7,,
2019-06-16,Salla Värriötunturi,12.9,-1.0,-1.0
2019-06-16,Enontekiö Kilpisjärvi kyläkeskus,9.9,-1.0,-1.0
2019-06-16,Enontekiö Kilpisjärvi Saana,6.4,,
2019-06-16,Enontekiö Näkkälä,12.4,-1.0,-1.0
2019-06-16,Inari Angeli Lintupuoliselkä,11.6,-1.0,-1.0
2019-06-16,Inari Ivalo lentoasema,12.8,,
2019-06-16,Utsjoki Kevo,10.4,-1.0,-1.0
2019-06-16,Utsjoki Nuorgam,9.2,-1.0,-1.0
2019-06-16,Inari Väylä,12.1,,
2019-06-16,Inari kirkonkylä,,-1.0,-1.0
2019-06-16,Inari Kaamanen,12.1,-1.0,-1.0
2019-06-16,Inari Nellim,11.1,-1.0,-1.0
2019-06-16,Inari Kirakkajärvi,9.7,-1.0,-1.0
2019-06-16,Mäntsälä Hirvihaara,17.2,-1.0,-1.0
2019-06-16,Lahti Sopenkorpi,18.7,-1.0,-1.0
2019-06-16,Siuntio Sjundby,,-1.0,-1.0
2019-06-16,Sipoo Itätoukki,14.7,,
2019-06-16,Rauma Pyynpää,14.5,-1.0,-1.0
2019-06-16,Muonio Oustajärvi,15.1,-1.0,-1.0
2019-06-16,Kajaani Petäisenniska,18.8,-1.0,-1.0
2019-06-16,Utsjoki Kevo Kevojärvi,10.3,,
2019-06-16,Inari Seitalaassa,9.7,,
2019-06-16,Rovaniemi lentoasema AWOS,17.5,-1.0,-1.0
2019-06-16,Jyväskylä lentoasema AWOS,17.9,-1.0,-1.0
2019-06-16,Puumala kirkonkylä,17.9,-1.0,-1.0
2019-06-16,Helsinki Vuosaari satama,16.5,,
2019-06-16,Maarianhamina Länsisatama,16.6,,
2019-06-16,Lumparland Långnäs satama,16.8,-1.0,-1.0
2019-06-16,Tampere Tampella,18.1,,
2019-06-16,Kittilä Lompolonvuoma,13.6,,
2019-06-16,Kuusamo Ruka Talvijärvi,16.7,,
2019-06-16,Espoo Nuuksio,18.4,-1.0,-1.0
2019-06-16,Mikkeli Lentoasema AWOS,17.4,-1.0,-1.0
2019-06-16,Espoo Tapiola,18.2,-1.0,-1.0
2019-06-17,Porvoo Kilpilahti satama,17.0,,
2019-06-17,Jomala Maarianhamina lentoasema,17.8,,
2019-06-17,Parainen Utö,15.6,-1.0,-1.0
2019-06-17,Lemland Nyhamn,14.1,,
2019-06-17,Jomala Jomalaby,18.7,-1.0,-1.0
2019-06-17,Hammarland Märket,16.2,,
2019-06-17,Kökar Bogskär,15.2,,
2019-06-17,Parainen Fagerholm,17.4,-1.0,
2019-06-17,Kumlinge kirkonkylä,18.9,,
2019-06-17,Hanko Russarö,15.7,,
2019-06-17,Kaarina Yltöinen,18.4,-1.0,-1.0
2019-06-17,Kemiönsaari Vänö,16.4,,
2019-06-17,Hanko Tulliniemi,15.2,,
2019-06-17,Turku Rajakari,18.9,,
2019-06-17,Turku Artukainen,19.9,-1.0,-1.0
2019-06-17,Kemiönsaari Kemiö,17.4,-1.0,-1.0
2019-06-17,Hanko Tvärminne,16.3,-1.0,-1.0
2019-06-17,Salo Kärkkä,18.9,-1.0,
2019-06-17,Lohja Leppäkorpi,,0.4,-1.0
2019-06-17,Raasepori Jussarö,15.0,,
2019-06-17,Salo Kiikala lentokenttä,18.4,1.3,-1.0
2019-06-17,Vantaa Helsinki-Vantaan lentoasema,20.3,2.7,-1.0
2019-06-17,Inkoo Bågaskär,15.9,,
2019-06-17,Helsinki Kaisaniemi,18.5,-1.0,-1.0
2019-06-17,Lohja Porla,19.0,-1.0,-1.0
2019-06-17,Vihti Maasoja,17.4,,
2019-06-17,Helsinki Harmaja,14.5,,
2019-06-17,Kirkkonummi Mäkiluoto,15.4,,
2019-06-17,Helsinki Helsingin majakka,14.7,,
2019-06-17,Helsinki Kumpula,19.8,-1.0,-1.0
2019-06-17,Helsinki Malmi lentokenttä,18.9,,
2019-06-17,Porvoo Emäsalo,16.0,,
2019-06-17,Porvoo Harabacka,18.7,2.1,-1.0
2019-06-17,Kotka Rankki,16.8,0.1,-1.0
2019-06-17,Loviisa Orrengrund,16.1,,
2019-06-17,Kotka Haapasaari,15.6,,
2019-06-17,Pori lentoasema,17.0,,
2019-06-17,Uusikaupunki Itätulli,,-1.0,-1.0
2019-06-17,Laitila Haukka,,-1.0,-1.0
2019-06-17,Kustavi Isokari,17.0,-1.0,
2019-06-17,Rauma Kylmäpihlaja,16.2,,
2019-06-17,Pori rautatieasema,17.4,-1.0,-1.0
2019-06-17,Turku lentoasema,19.6,,
2019-06-17,Kokemäki Rausenkulma,,-1.0,-1.0
2019-06-17,Huittinen Sallila,,-1.0,-1.0
2019-06-17,Oripää Teinikivi,,-1.0,-1.0
2019-06-17,Pöytyä Yläne,,-1.0,-1.0
2019-06-17,Kokemäki Tulkkila,18.3,-1.0,-1.0
2019-06-17,Jokioinen Ilmala,18.2,1.5,-1.0
2019-06-17,Nokia Tottijärvi,,-1.0,-1.0
2019-06-17,Pirkkala Tampere-Pirkkala lentoasema,18.4,,
2019-06-17,Tampere Härmälä,18.6,-1.0,-1.0
2019-06-17,Somero Salkola,18.1,0.1,-1.0
2019-06-17,Hyvinkää Hyvinkäänkylä,18.6,-1.0,-1.0
2019-06-17,Vihti Hiiskula,,-1.0,-1.0
2019-06-17,Hämeenlinna Pirttikoski,,3.2,-1.0
2019-06-17,Nurmijärvi Röykkä,18.3,0.8,-1.0
2019-06-17,Hattula Lepaa,18.6,1.5,-1.0
2019-06-17,Hämeenlinna Lammi Pappila,19.0,1.6,-1.0
2019-06-17,Mäntsälä Hirvihaara Kuntomajantie,,0.8,-1.0
2019-06-17,Asikkala Pulkkilanharju,18.1,,
2019-06-17,Hämeenlinna Lammi Evo,18.2,,
2019-06-17,Kouvola Utti lentoasema,20.6,0.2,-1.0
2019-06-17,Kouvola Anjala,19.6,-1.0,-1.0
2019-06-17,Heinola Asemantaus,19.6,0.3,-1.0
2019-06-17,Kouvola Voikoski,,-1.0,-1.0
2019-06-17,Virolahti Koivuniemi,17.7,0.0,-1.0
2019-06-17,Lappeenranta lentoasema,20.5,,
2019-06-17,Lappeenranta Konnunsuo,20.2,,
2019-06-17,Lappeenranta Lepola,20.7,-1.0,-1.0
2019-06-17,Ruokolahti Kotaniemi,,-1.0,-1.0
2019-06-17,Lappeenranta Hiekkapakka,19.7,,
2019-06-17,Parikkala Koitsanlahti,19.8,-1.0,-1.0
2019-06-17,Kaskinen Sälgrund,14.6,-1.0,
2019-06-17,Merikarvia Tuorila,,-1.0,-1.0
2019-06-17,Isojoki Kärjenkoski,,-1.0,-1.0
2019-06-17,Teuva Kauppilankylä,,-1.0,-1.0
2019-06-17,Pori Tahkoluoto satama,14.9,,
2019-06-17,Kristiinankaupunki Majakka,13.1,,
2019-06-17,Karvia Alkkia,17.2,-1.0,-1.0
2019-06-17,Ikaalinen Vehuvarpee,,-1.0,-1.0
2019-06-17,Kurikka Hirvijärvi,,0.0,-1.0
2019-06-17,Kauhajoki Kuja-Kokko,16.9,-1.0,-1.0
2019-06-17,Kankaanpää Niinisalo lentokenttä,18.3,-1.0,-1.0
2019-06-17,Alavus Sulkavankylä,,0.9,-1.0
2019-06-17,Virrat Äijänneva,17.4,,
2019-06-17,Tampere Siilinkari,18.6,,
2019-06-17,Jämsä Halli lentoasema,19.2,1.3,-1.0
2019-06-17,Juupajoki Hyytiälä,18.2,0.0,-1.0
2019-06-17,Sysmä Joutsjärvi,,0.2,-1.0
2019-06-17,Luhanka Tammijärvi,,4.1,-1.0
2019-06-17,Jyväskylä Muuratjärvi,,0.0,-1.0
2019-06-17,Luhanka Judinsalo,17.7,,
2019-06-17,Multia Pirttiperä,,0.8,-1.0
2019-06-17,Joutsa Savenaho,17.6,1.1,-1.0
2019-06-17,Kangasniemi kirkonkylä,,0.0,-1.0
2019-06-17,Joutsa Pärnämäki,,3.0,-1.0
2019-06-17,Mikkeli Pitkähiekka,,3.6,-1.0
2019-06-17,Juva Partala,19.8,,
2019-06-17,Varkaus Kosulanniemi,20.5,-1.0,-1.0
2019-06-17,Savonlinna Laukansaari,,-1.0,-1.0
2019-06-17,Sulkava Halttula,,-1.0,-1.0
2019-06-17,Savonlinna lentoasema,19.9,,
2019-06-17,Rantasalmi Rukkasluoto,20.6,,
2019-06-17,Savonlinna Punkaharju Laukansaari,20.0,-1.0,-1.0
2019-06-17,Enonkoski Simanala,,-1.0,-1.0
2019-06-17,Savonlinna Savonranta,,-1.0,-1.0
2019-06-17,Rääkkylä kirkonkylä,,-1.0,-1.0
2019-06-17,Tohmajärvi Kemie,19.5,-1.0,-1.0
2019-06-17,Joensuu Huhtilampi,,-1.0,-1.0
2019-06-17,Vaasa lentoasema,17.1,,
2019-06-17,Mustasaari Valassaaret,14.7,,
2019-06-17,Närpiö Ylimarkku,,-1.0,-1.0
2019-06-17,Mustasaari Riimala,,0.0,-1.0
2019-06-17,Kurikka Pyörni,,-1.0,-1.0
2019-06-17,Korsnäs Bredskäret,15.6,,
2019-06-17,Maalahti Strömmingsbådan,12.7,,
2019-06-17,Vaasa Klemettilä,17.6,-1.0,-1.0
2019-06-17,Seinäjoki Pelmaa,17.8,-1.0,-1.0
2019-06-17,Kauhava lentokenttä,18.3,-1.0,-1.0
2019-06-17,Ähtäri Inha,17.6,3.9,-1.0
2019-06-17,Halsua Purola,16.8,3.5,-1.0
2019-06-17,Alajärvi Möksy,18.2,-1.0,-1.0
2019-06-17,Multia Karhila,17.0,0.1,-1.0
2019-06-17,Viitasaari Haapaniemi,19.1,4.4,-1.0
2019-06-17,Äänekoski Kalaniemi,,0.9,-1.0
2019-06-17,Viitasaari Kärnä,,2.3,-1.0
2019-06-17,Vesanto kirkonkylä,17.6,4.7,-1.0
2019-06-17,Pielavesi Venetmäki,,2.3,-1.0
2019-06-17,Siilinjärvi Kuopio lentoasema,20.5,,
2019-06-17,Kuopio Maaninka,19.9,1.2,-1.0
2019-06-17,Lapinlahti Lamminkäyrä,,1.4,-1.0
2019-06-17,Suonenjoki Iisvesi,,0.0,-1.0
2019-06-17,Kuopio Karttula,,-1.0,-1.0
2019-06-17,Kuopio Ritoniemi,20.4,,
2019-06-17,Kuopio Savilahti,20.6,0.2,-1.0
2019-06-17,Heinävesi Palokki,,-1.0,-1.0
2019-06-17,Outokumpu Viuruniemi,,-1.0,-1.0
2019-06-17,Rautavaara Ala-Luosta,,-1.0,-1.0
2019-06-17,Rautavaara Ylä-Luosta,18.8,0.4,-1.0
2019-06-17,Liperi Joensuu lentoasema,21.1,,
2019-06-17,Juuka Niemelä,20.1,-1.0,-1.0
2019-06-17,Joensuu Pyhäselkä,,-1.0,-1.0
2019-06-17,Lieksa Koli,,-1.0,-1.0
2019-06-17,Liperi Tuiskavanluoto,20.3,,
2019-06-17,Joensuu Linnunlahti,19.7,-1.0,-1.0
2019-06-17,Lieksa Lampela,18.9,-1.0,-1.0
2019-06-17,Ilomantsi Naarva,,0.0,-1.0
2019-06-17,Ilomantsi Pötsönvaara,18.9,0.1,-1.0
2019-06-17,Ilomantsi Mekrijärvi,19.9,-1.0,-1.0
2019-06-17,Pietarsaari Kallan,14.0,,
2019-06-17,Kokkola Tankar,16.0,,
2019-06-17,Kruunupyy Kokkola-Pietarsaari lentoasema,19.0,,
2019-06-17,Kaustinen Tastula,,-1.0,-1.0
2019-06-17,Kalajoki Ulkokalla,10.4,,
2019-06-17,Toholampi Oravala,,0.0,-1.0
2019-06-17,Kalajoki Pitkäsenkylä,,-1.0,-1.0
2019-06-17,Kalajoki Mehtäkylä,,-1.0,-1.0
2019-06-17,Toholampi Laitala,19.3,-1.0,-1.0
2019-06-17,Ylivieska lentokenttä,18.6,-1.0,-1.0
2019-06-17,Ylivieska Vähäkangas,,0.1,-1.0
2019-06-17,Haapavesi Mustikkamäki,18.7,18.7,-1.0
2019-06-17,Pyhäjärvi Ojakylä,17.7,0.1,-1.0
2019-06-17,Pyhäjärvi Hiidenniemi,,2.0,-1.0
2019-06-17,Kiuruvesi Korpijoki,,0.0,-1.0
2019-06-17,Siikalatva Kestilä,,4.0,-1.0
2019-06-17,Kajaani lentoasema,17.3,,
2019-06-17,Vieremä Kaarakkala,17.5,11.3,-1.0
2019-06-17,Kajaani Paltaniemi,,5.3,-1.0
2019-06-17,Nurmes Valtimo,19.3,1.3,-1.0
2019-06-17,Ristijärvi Mustavaara,,5.3,-1.0
2019-06-17,Sotkamo Kuolaniemi,18.6,3.2,-1.0
2019-06-17,Nurmes Mujejärvi,,1.5,-1.0
2019-06-17,Kuhmo Apaja,,0.6,-1.0
2019-06-17,Kuhmo Kalliojoki,18.3,-1.0,-1.0
2019-06-17,Hailuoto Keskikylä,14.5,7.3,-1.0
2019-06-17,Kemi I majakka,11.6,,
2019-06-17,Hailuoto Marjaniemi,12.9,,
2019-06-17,Raahe Lapaluoto satama,15.3,,
2019-06-17,Oulu lentoasema,17.0,,
2019-06-17,Siikajoki Ruukki,17.7,-1.0,-1.0
2019-06-17,Oulu Vihreäsaari satama,16.6,,
2019-06-17,Oulu Oulunsalo Pellonpää,16.8,0.3,-1.0
2019-06-17,Vaala Pelso,16.4,14.2,-1.0
2019-06-17,Pudasjärvi lentokenttä,17.7,4.2,-1.0
2019-06-17,Utajärvi Särkijärvi,,0.4,-1.0
2019-06-17,Pudasjärvi Jaurakkajärvi,,0.0,-1.0
2019-06-17,Suomussalmi Näljänkä,,0.6,-1.0
2019-06-17,Suomussalmi Pesiö,17.7,-1.0,-1.0
2019-06-17,Puolanka Kotila,,9.5,-1.0
2019-06-17,Puolanka Paljakka,15.6,8.1,-1.0
2019-06-17,Kemi Kemi-Tornio lentoasema,14.5,,
2019-06-17,Kemi Ajos,13.5,,
2019-06-17,Tornio Kaakkuri,14.3,1.1,-1.0
2019-06-17,Ranua lentokenttä,15.7,2.2,-1.0
2019-06-17,Pudasjärvi Sarakylä,,1.4,-1.0
2019-06-17,Posio Raistakka,,0.7,-1.0
2019-06-17,Taivalkoski Inkee,,3.5,-1.0
2019-06-17,Taivalkoski kirkonkylä,16.5,3.8,-1.0
2019-06-17,Kuusamo lentoasema,15.8,,
2019-06-17,Kuusamo Kiutaköngäs,15.6,0.9,-1.0
2019-06-17,Kuusamo Rukatunturi,15.1,,
2019-06-17,Kuusamo Teeriranta,,5.3,-1.0
2019-06-17,Kuusamo Juuma,15.3,,
2019-06-17,Ylitornio Meltosjärvi,17.5,-1.0,-1.0
2019-06-17,Kolari Kattilamaa,,0.5,-1.0
2019-06-17,Pello kirkonkylä,18.5,-1.0,-1.0
2019-06-17,Kittilä Alakylä,,0.0,-1.0
2019-06-17,Rovaniemi rautatieasema,18.1,,
2019-06-17,Sodankylä Tähtelä,14.5,-1.0,-1.0
2019-06-17,Rovaniemi Apukka,16.6,5.2,-1.0
2019-06-17,Pelkosenniemi kirkonkylä,,-1.0,-1.0
2019-06-17,Kemijärvi lentokenttä,15.5,-1.0,-1.0
2019-06-17,Savukoski kirkonkylä,13.7,-1.0,-1.0
2019-06-17,Salla Kelloselkä,,0.0,-1.0
2019-06-17,Pelkosenniemi Pyhätunturi,13.9,,
2019-06-17,Salla kirkonkylä,14.9,-1.0,-1.0
2019-06-17,Salla Naruska,13.6,0.1,-1.0
2019-06-17,Enontekiö Kaaresuvanto,,-1.0,-1.0
2019-06-17,Kittilä Pulju,,-1.0,-1.0
2019-06-17,Muonio Laukukero,10.6,,
2019-06-17,Muonio Sammaltunturi,12.7,,
2019-06-17,Kittilä Matorova,13.5,,
2019-06-17,Kittilä lentoasema,14.7,,
2019-06-17,Kittilä Kenttärova,13.3,-1.0,-1.0
2019-06-17,Kittilä Pakatti,14.2,0.4,-1.0
2019-06-17,Kittilä Pokka,13.8,-1.0,-1.0
2019-06-17,Sodankylä Lokka,13.2,-1.0,-1.0
2019-06-17,Sodankylä Vuotso,13.6,-1.0,-1.0
2019-06-17,Inari Saariselkä matkailukeskus,12.3,-1.0,-1.0
2019-06-17,Inari Saariselkä Kaunispää,11.7,,
2019-06-17,Inari Raja-Jooseppi Kontiojärvi,,-1.0,-1.0
2019-06-17,Inari Raja-Jooseppi,12.8,,
2019-06-17,Salla Värriötunturi,13.5,-1.0,-1.0
2019-06-17,Enontekiö Kilpisjärvi kyläkeskus,10.3,-1.0,-1.0
2019-06-17,Enontekiö Kilpisjärvi Saana,8.0,,
2019-06-17,Enontekiö Näkkälä,13.3,-1.0,-1.0
2019-06-17,Inari Angeli Lintupuoliselkä,12.4,-1.0,-1.0
2019-06-17,Inari Ivalo lentoasema,12.7,,
2019-06-17,Utsjoki Kevo,10.2,-1.0,-1.0
2019-06-17,Utsjoki Nuorgam,8.6,-1.0,-1.0
2019-06-17,Inari Väylä,11.0,,
2019-06-17,Inari kirkonkylä,,-1.0,-1.0
2019-06-17,Inari Kaamanen,12.2,-1.0,-1.0
2019-06-17,Inari Nellim,11.4,-1.0,-1.0
2019-06-17,Inari Kirakkajärvi,9.4,-1.0,-1.0
2019-06-17,Mäntsälä Hirvihaara,18.7,1.0,-1.0
2019-06-17,Lahti Sopenkorpi,20.1,0.3,-1.0
2019-06-17,Siuntio Sjundby,,-1.0,-1.0
2019-06-17,Sipoo Itätoukki,14.2,,
2019-06-17,Rauma Pyynpää,17.7,-1.0,-1.0
2019-06-17,Muonio Oustajärvi,14.6,0.1,-1.0
2019-06-17,Kajaani Petäisenniska,18.5,3.9,-1.0
2019-06-17,Utsjoki Kevo Kevojärvi,9.5,,
2019-06-17,Inari Seitalaassa,10.3,,
2019-06-17,Rovaniemi lentoasema AWOS,16.9,-1.0,-1.0
2019-06-17,Jyväskylä lentoasema AWOS,18.7,0.1,-1.0
2019-06-17,Puumala kirkonkylä,20.5,-1.0,-1.0
2019-06-17,Helsinki Vuosaari satama,16.6,,
2019-06-17,Maarianhamina Länsisatama,16.8,,
2019-06-17,Lumparland Långnäs satama,19.5,-1.0,-1.0
2019-06-17,Tampere Tampella,20.3,,
2019-06-17,Kittilä Lompolonvuoma,13.1,,
2019-06-17,Kuusamo Ruka Talvijärvi,15.4,,
2019-06-17,Espoo Nuuksio,19.3,0.3,-1.0
2019-06-17,Mikkeli Lentoasema AWOS,18.9,4.4,-1.0
2019-06-17,Espoo Tapiola,19.5,-1.0,-1.0
2019-06-18,Porvoo Kilpilahti satama,17.8,,
2019-06-18,Jomala Maarianhamina lentoasema,17.1,,
2019-06-18,Parainen Utö,15.5,-1.0,-1.0
2019-06-18,Lemland Nyhamn,14.3,,
2019-06-18,Jomala Jomalaby,18.2,0.5,-1.0
2019-06-18,Hammarland Märket,15.7,,
2019-06-18,Kökar Bogskär,14.6,,
2019-06-18,Parainen Fagerholm,16.9,-1.0,
2019-06-18,Kumlinge kirkonkylä,18.3,,
2019-06-18,Hanko Russarö,15.7,,
2019-06-18,Kaarina Yltöinen,18.6,1.0,-1.0
2019-06-18,Kemiönsaari Vänö,15.9,,
2019-06-18,Hanko Tulliniemi,15.2,,
2019-06-18,Turku Rajakari,18.5,,
2019-06-18,Turku Artukainen,20.0,2.4,-1.0
2019-06-18,Kemiönsaari Kemiö,17.9,-1.0,-1.0
2019-06-18,Hanko Tvärminne,16.2,-1.0,-1.0
2019-06-18,Salo Kärkkä,19.4,-1.0,
2019-06-18,Lohja Leppäkorpi,,-1.0,-1.0
2019-06-18,Raasepori Jussarö,14.5,,
2019-06-18,Salo Kiikala lentokenttä,18.8,-1.0,-1.0
2019-06-18,Vantaa Helsinki-Vantaan lentoasema,20.0,-1.0,-1.0
2019-06-18,Inkoo Bågaskär,15.4,,
2019-06-18,Helsinki Kaisaniemi,18.2,-1.0,-1.0
2019-06-18,Lohja Porla,19.1,-1.0,-1.0
2019-06-18,Vihti Maasoja,19.0,,
2019-06-18,Helsinki Harmaja,14.1,,
2019-06-18,Kirkkonummi Mäkiluoto,15.0,,
2019-06-18,Helsinki Helsingin majakka,13.8,,
2019-06-18,Helsinki Kumpula,18.9,-1.0,-1.0
2019-06-18,Helsinki Malmi lentokenttä,19.4,,
2019-06-18,Porvoo Emäsalo,15.0,,
2019-06-18,Porvoo Harabacka,19.2,-1.0,-1.0
2019-06-18,Kotka Rankki,14.8,-1.0,-1.0
2019-06-18,Loviisa Orrengrund,14.9,,
2019-06-18,Kotka Haapasaari,14.7,,
2019-06-18,Pori lentoasema,17.7,,
2019-06-18,Uusikaupunki Itätulli,,1.2,-1.0
2019-06-18,Laitila Haukka,,1.7,-1.0
2019-06-18,Kustavi Isokari,16.4,-1.0,
2019-06-18,Rauma Kylmäpihlaja,15.7,,
2019-06-18,Pori rautatieasema,17.6,-1.0,-1.0
2019-06-18,Turku lentoasema,19.1,,
2019-06-18,Kokemäki Rausenkulma,,-1.0,-1.0
2019-06-18,Huittinen Sallila,,0.0,-1.0
2019-06-18,Oripää Teinikivi,,-1.0,-1.0
2019-06-18,Pöytyä Yläne,,-1.0,-1.0
2019-06-18,Kokemäki Tulkkila,18.9,2.1,-1.0
2019-06-18,Jokioinen Ilmala,19.2,-1.0,-1.0
2019-06-18,Nokia Tottijärvi,,0.0,-1.0
2019-06-18,Pirkkala Tampere-Pirkkala lentoasema,19.0,,
2019-06-18,Tampere Härmälä,19.7,-1.0,-1.0
2019-06-18,Somero Salkola,18.4,-1.0,-1.0
2019-06-18,Hyvinkää Hyvinkäänkylä,19.3,-1.0,-1.0
2019-06-18,Vihti Hiiskula,,-1.0,-1.0
2019-06-18,Hämeenlinna Pirttikoski,,-1.0,-1.0
2019-06-18,Nurmijärvi Röykkä,19.3,-1.0,-1.0
2019-06-18,Hattula Lepaa,19.9,-1.0,-1.0
2019-06-18,Hämeenlinna Lammi Pappila,19.3,-1.0,-1.0
2019-06-18,Mäntsälä Hirvihaara Kuntomajantie,,-1.0,-1.0
2019-06-18,Asikkala Pulkkilanharju,20.0,,
2019-06-18,Hämeenlinna Lammi Evo,18.6,,
2019-06-18,Kouvola Utti lentoasema,20.7,-1.0,-1.0
2019-06-18,Kouvola Anjala,20.2,-1.0,-1.0
2019-06-18,Heinola Asemantaus,20.5,-1.0,-1.0
2019-06-18,Kouvola Voikoski,,-1.0,-1.0
2019-06-18,Virolahti Koivuniemi,17.8,-1.0,-1.0
2019-06-18,Lappeenranta lentoasema,21.2,,
2019-06-18,Lappeenranta Konnunsuo,20.2,,
2019-06-18,Lappeenranta Lepola,21.9,-1.0,-1.0
2019-06-18,Ruokolahti Kotaniemi,,-1.0,-1.0
2019-06-18,Lappeenranta Hiekkapakka,20.5,,
2019-06-18,Parikkala Koitsanlahti,20.6,-1.0,-1.0
2019-06-18,Kaskinen Sälgrund,14.1,-1.0,
2019-06-18,Merikarvia Tuorila,,-1.0,-1.0
2019-06-18,Isojoki Kärjenkoski,,-1.0,-1.0
2019-06-18,Teuva Kauppilankylä,,-1.0,-1.0
2019-06-18,Pori Tahkoluoto satama,14.7,,
2019-06-18,Kristiinankaupunki Majakka,12.5,,
2019-06-18,Karvia Alkkia,18.0,-1.0,-1.0
2019-06-18,Ikaalinen Vehuvarpee,,-1.0,-1.0
2019-06-18,Kurikka Hirvijärvi,,-1.0,-1.0
2019-06-18,Kauhajoki Kuja-Kokko,17.3,-1.0,-1.0
2019-06-18,Kankaanpää Niinisalo lentokenttä,18.1,-1.0,-1.0
2019-06-18,Alavus Sulkavankylä,,0.1,-1.0
2019-06-18,Virrat Äijänneva,18.6,,
2019-06-18,Tampere Siilinkari,18.2,,
2019-06-18,Jämsä Halli lentoasema,19.7,1.6,-1.0
2019-06-18,Juupajoki Hyytiälä,18.6,4.6,-1.0
2019-06-18,Sysmä Joutsjärvi,,-1.0,-1.0
2019-06-18,Luhanka Tammijärvi,,-1.0,-1.0
2019-06-18,Jyväskylä Muuratjärvi,,-1.0,-1.0
2019-06-18,Luhanka Judinsalo,19.3,,
2019-06-18,Multia Pirttiperä,,-1.0,-1.0
2019-06-18,Joutsa Savenaho,18.5,0.1,-1.0
2019-06-18,Kangasniemi kirkonkylä,,-1.0,-1.0
2019-06-18,Joutsa Pärnämäki,,-1.0,-1.0
2019-06-18,Mikkeli Pitkähiekka,,-1.0,-1.0
2019-06-18,Juva Partala,20.7,,
2019-06-18,Varkaus Kosulanniemi,21.3,-1.0,-1.0
2019-06-18,Savonlinna Laukansaari,,-1.0,-1.0
2019-06-18,Sulkava Halttula,,-1.0,-1.0
2019-06-18,Savonlinna lentoasema,21.2,,
2019-06-18,Rantasalmi Rukkasluoto,20.0,,
2019-06-18,Savonlinna Punkaharju Laukansaari,21.4,-1.0,-1.0
2019-06-18,Enonkoski Simanala,,-1.0,-1.0
2019-06-18,Savonlinna Savonranta,,-1.0,-1.0
2019-06-18,Rääkkylä kirkonkylä,,-1.0,-1.0
2019-06-18,Tohmajärvi Kemie,20.3,-1.0,-1.0
2019-06-18,Joensuu Huhtilampi,,-1.0,-1.0
2019-06-18,Vaasa lentoasema,17.1,,
2019-06-18,Mustasaari Valassaaret,15.2,,
2019-06-18,Närpiö Ylimarkku,,-1.0,-1.0
2019-06-18,Mustasaari Riimala,,-1.0,-1.0
2019-06-18,Kurikka Pyörni,,-1.0,-1.0
2019-06-18,Korsnäs Bredskäret,14.8,,
2019-06-18,Maalahti Strömmingsbådan,13.2,,
2019-06-18,Vaasa Klemettilä,18.1,-1.0,-1.0
2019-06-18,Seinäjoki Pelmaa,18.6,-1.0,-1.0
2019-06-18,Kauhava lentokenttä,18.4,-1.0,-1.0
2019-06-18,Ähtäri Inha,19.2,-1.0,-1.0
2019-06-18,Halsua Purola,18.2,-1.0,-1.0
2019-06-18,Alajärvi Möksy,18.9,-1.0,-1.0
2019-06-18,Multia Karhila,18.4,-1.0,-1.0
2019-06-18,Viitasaari Haapaniemi,19.3,-1.0,-1.0
2019-06-18,Äänekoski Kalaniemi,,-1.0,-1.0
2019-06-18,Viitasaari Kärnä,,-1.0,-1.0
2019-06-18,Vesanto kirkonkylä,19.1,-1.0,-1.0
2019-06-18,Pielavesi Venetmäki,,-1.0,-1.0
2019-06-18,Siilinjärvi Kuopio lentoasema,20.6,,
2019-06-18,Kuopio Maaninka,19.6,-1.0,-1.0
2019-06-18,Lapinlahti Lamminkäyrä,,-1.0,-1.0
2019-06-18,Suonenjoki Iisvesi,,-1.0,-1.0
2019-06-18,Kuopio Karttula,,-1.0,-1.0
2019-06-18,Kuopio Ritoniemi,20.3,,
2019-06-18,Kuopio Savilahti,20.8,-1.0,-1.0
2019-06-18,Heinävesi Palokki,,-1.0,-1.0
2019-06-18,Outokumpu Viuruniemi,,-1.0,-1.0
2019-06-18,Rautavaara Ala-Luosta,,-1.0,-1.0
2019-06-18,Rautavaara Ylä-Luosta,18.9,-1.0,-1.0
2019-06-18,Liperi Joensuu lentoasema,21.1,,
2019-06-18,Juuka Niemelä,20.6,-1.0,-1.0
2019-06-18,Joensuu Pyhäselkä,,-1.0,-1.0
2019-06-18,Lieksa Koli,,-1.0,-1.0
2019-06-18,Liperi Tuiskavanluoto,20.2,,
2019-06-18,Joensuu Linnunlahti,20.2,-1.0,-1.0
2019-06-18,Lieksa Lampela,19.4,-1.0,-1.0
2019-06-18,Ilomantsi Naarva,,0.0,-1.0
2019-06-18,Ilomantsi Pötsönvaara,19.0,-1.0,-1.0
2019-06-18,Ilomantsi Mekrijärvi,20.3,-1.0,-1.0
2019-06-18,Pietarsaari Kallan,13.1,,
2019-06-18,Kokkola Tankar,15.1,,
2019-06-18,Kruunupyy Kokkola-Pietarsaari lentoasema,18.7,,
2019-06-18,Kaustinen Tastula,,-1.0,-1.0
2019-06-18,Kalajoki Ulkokalla,10.0,,
2019-06-18,Toholampi Oravala,,-1.0,-1.0
2019-06-18,Kalajoki Pitkäsenkylä,,-1.0,-1.0
2019-06-18,Kalajoki Mehtäkylä,,-1.0,-1.0
2019-06-18,Toholampi Laitala,18.9,-1.0,-1.0
2019-06-18,Ylivieska lentokenttä,19.5,-1.0,-1.0
2019-06-18,Ylivieska Vähäkangas,,-1.0,-1.0
2019-06-18,Haapavesi Mustikkamäki,19.1,-1.0,-1.0
2019-06-18,Pyhäjärvi Ojakylä,18.6,-1.0,-1.0
2019-06-18,Pyhäjärvi Hiidenniemi,,-1.0,-1.0
2019-06-18,Kiuruvesi Korpijoki,,-1.0,-1.0
2019-06-18,Siikalatva Kestilä,,-1.0,-1.0
2019-06-18,Kajaani lentoasema,18.6,,
2019-06-18,Vieremä Kaarakkala,18.5,-1.0,-1.0
2019-06-18,Kajaani Paltaniemi,,-1.0,-1.0
2019-06-18,Nurmes Valtimo,19.5,-1.0,-1.0
2019-06-18,Ristijärvi Mustavaara,,0.0,-1.0
2019-06-18,Sotkamo Kuolaniemi,18.4,-1.0,-1.0
2019-06-18,Nurmes Mujejärvi,,-1.0,-1.0
2019-06-18,Kuhmo Apaja,,-1.0,-1.0
2019-06-18,Kuhmo Kalliojoki,17.6,0.2,-1.0
2019-06-18,Hailuoto Keskikylä,14.6,-1.0,-1.0
2019-06-18,Kemi I majakka,12.5,,
2019-06-18,Hailuoto Marjaniemi,13.2,,
2019-06-18,Raahe Lapaluoto satama,14.7,,
2019-06-18,Oulu lentoasema,17.8,,
2019-06-18,Siikajoki Ruukki,18.0,-1.0,-1.0
2019-06-18,Oulu Vihreäsaari satama,17.1,,
2019-06-18,Oulu Oulunsalo Pellonpää,18.0,0.2,-1.0
2019-06-18,Vaala Pelso,18.6,-1.0,-1.0
2019-06-18,Pudasjärvi lentokenttä,17.2,-1.0,-1.0
2019-06-18,Utajärvi Särkijärvi,,0.0,-1.0
2019-06-18,Pudasjärvi Jaurakkajärvi,,-1.0,-1.0
2019-06-18,Suomussalmi Näljänkä,,6.4,-1.0
2019-06-18,Suomussalmi Pesiö,16.9,5.8,-1.0
2019-06-18,Puolanka Kotila,,-1.0,-1.0
2019-06-18,Puolanka Paljakka,16.6,-1.0,-1.0
2019-06-18,Kemi Kemi-Tornio lentoasema,15.4,,
2019-06-18,Kemi Ajos,15.2,,
2019-06-18,Tornio Kaakkuri,16.0,-1.0,-1.0
2019-06-18,Ranua lentokenttä,16.0,2.4,-1.0
2019-06-18,Pudasjärvi Sarakylä,,0.5,-1.0
2019-06-18,Posio Raistakka,,3.1,-1.0
2019-06-18,Taivalkoski Inkee,,10.5,-1.0
2019-06-18,Taivalkoski kirkonkylä,16.3,1.1,-1.0
2019-06-18,Kuusamo lentoasema,14.6,,
2019-06-18,Kuusamo Kiutaköngäs,15.6,2.5,-1.0
2019-06-18,Kuusamo Rukatunturi,13.2,,
2019-06-18,Kuusamo Teeriranta,,2.7,-1.0
2019-06-18,Kuusamo Juuma,14.7,,
2019-06-18,Ylitornio Meltosjärvi,16.7,2.7,-1.0
2019-06-18,Kolari Kattilamaa,,9.6,-1.0
2019-06-18,Pello kirkonkylä,15.4,19.0,-1.0
2019-06-18,Kittilä Alakylä,,12.5,-1.0
2019-06-18,Rovaniemi rautatieasema,17.7,,
2019-06-18,Sodankylä Tähtelä,15.3,2.8,-1.0
2019-06-18,Rovaniemi Apukka,16.2,5.1,-1.0
2019-06-18,Pelkosenniemi kirkonkylä,,5.3,-1.0
2019-06-18,Kemijärvi lentokenttä,15.3,1.9,-1.0
2019-06-18,Savukoski kirkonkylä,14.9,3.9,-1.0
2019-06-18,Salla Kelloselkä,,3.0,-1.0
2019-06-18,Pelkosenniemi Pyhätunturi,13.9,,
2019-06-18,Salla kirkonkylä,15.3,4.5,-1.0
2019-06-18,Salla Naruska,15.5,10.3,-1.0
2019-06-18,Enontekiö Kaaresuvanto,,15.1,-1.0
2019-06-18,Kittilä Pulju,,1.8,-1.0
2019-06-18,Muonio Laukukero,7.9,,
2019-06-18,Muonio Sammaltunturi,9.7,,
2019-06-18,Kittilä Matorova,10.9,,
2019-06-18,Kittilä lentoasema,13.2,,
2019-06-18,Kittilä Kenttärova,10.9,3.3,-1.0
2019-06-18,Kittilä Pakatti,13.5,1.7,-1.0
2019-06-18,Kittilä Pokka,11.3,1.6,-1.0
2019-06-18,Sodankylä Lokka,13.0,1.0,-1.0
2019-06-18,Sodankylä Vuotso,12.4,1.0,-1.0
2019-06-18,Inari Saariselkä matkailukeskus,10.3,6.8,-1.0
2019-06-18,Inari Saariselkä Kaunispää,9.0,,
2019-06-18,Inari Raja-Jooseppi Kontiojärvi,,12.0,-1.0
2019-06-18,Inari Raja-Jooseppi,10.9,,
2019-06-18,Salla Värriötunturi,11.9,1.7,-1.0
2019-06-18,Enontekiö Kilpisjärvi kyläkeskus,8.6,0.5,-1.0
2019-06-18,Enontekiö Kilpisjärvi Saana,5.6,,
2019-06-18,Enontekiö Näkkälä,9.5,11.9,-1.0
2019-06-18,Inari Angeli Lintupuoliselkä,10.7,10.3,-1.0
2019-06-18,Inari Ivalo lentoasema,10.8,,
2019-06-18,Utsjoki Kevo,11.1,-1.0,-1.0
2019-06-18,Utsjoki Nuorgam,8.5,-1.0,-1.0
2019-06-18,Inari Väylä,9.6,,
2019-06-18,Inari kirkonkylä,,4.6,-1.0
2019-06-18,Inari Kaamanen,10.1,4.5,-1.0
2019-06-18,Inari Nellim,10.3,10.3,-1.0
2019-06-18,Inari Kirakkajärvi,8.9,-1.0,-1.0
2019-06-18,Mäntsälä Hirvihaara,19.5,-1.0,-1.0
2019-06-18,Lahti Sopenkorpi,20.2,-1.0,-1.0
2019-06-18,Siuntio Sjundby,,-1.0,-1.0
2019-06-18,Sipoo Itätoukki,13.7,,
2019-06-18,Rauma Pyynpää,17.9,0.9,-1.0
2019-06-18,Muonio Oustajärvi,12.3,2.4,-1.0
2019-06-18,Kajaani Petäisenniska,18.8,-1.0,-1.0
2019-06-18,Utsjoki Kevo Kevojärvi,10.3,,
2019-06-18,Inari Seitalaassa,9.2,,
2019-06-18,Rovaniemi lentoasema AWOS,15.9,13.3,-1.0
2019-06-18,Jyväskylä lentoasema AWOS,19.7,-1.0,-1.0
2019-06-18,Puumala kirkonkylä,20.9,-1.0,-1.0
2019-06-18,Helsinki Vuosaari satama,16.8,,
2019-06-18,Maarianhamina Länsisatama,16.2,,
2019-06-18,Lumparland Långnäs satama,18.7,-1.0,-1.0
2019-06-18,Tampere Tampella,20.0,,
2019-06-18,Kittilä Lompolonvuoma,11.5,,
2019-06-18,Kuusamo Ruka Talvijärvi,15.2,,
2019-06-18,Espoo Nuuksio,18.7,-1.0,-1.0
2019-06-18,Mikkeli Lentoasema AWOS,19.4,-1.0,-1.0
2019-06-18,Espoo Tapiola,19.1,-1.0,-1.0
2019-06-19,Porvoo Kilpilahti satama,18.3,,
2019-06-19,Jomala Maarianhamina lentoasema,16.1,,
2019-06-19,Parainen Utö,15.9,-1.0,-1.0
2019-06-19,Lemland Nyhamn,14.0,,
2019-06-19,Jomala Jomalaby,17.9,-1.0,-1.0
2019-06-19,Hammarland Märket,15.5,,
2019-06-19,Kökar Bogskär,15.1,,
2019-06-19,Parainen Fagerholm,16.4,-1.0,
2019-06-19,Kumlinge kirkonkylä,17.9,,
2019-06-19,Hanko Russarö,16.3,,
2019-06-19,Kaarina Yltöinen,18.1,-1.0,-1.0
2019-06-19,Kemiönsaari Vänö,16.2,,
2019-06-19,Hanko Tulliniemi,16.0,,
2019-06-19,Turku Rajakari,17.4,,
2019-06-19,Turku Artukainen,18.7,-1.0,-1.0
2019-06-19,Kemiönsaari Kemiö,18.2,-1.0,-1.0
2019-06-19,Hanko Tvärminne,16.5,-1.0,-1.0
2019-06-19,Salo Kärkkä,19.5,-1.0,
2019-06-19,Lohja Leppäkorpi,,-1.0,-1.0
2019-06-19,Raasepori Jussarö,15.2,,
2019-06-19,Salo Kiikala lentokenttä,18.5,-1.0,-1.0
2019-06-19,Vantaa Helsinki-Vantaan lentoasema,19.6,-1.0,-1.0
2019-06-19,Inkoo Bågaskär,16.2,,
2019-06-19,Helsinki Kaisaniemi,18.8,-1.0,-1.0
2019-06-19,Lohja Porla,18.8,-1.0,-1.0
2019-06-19,Vihti Maasoja,18.7,,
2019-06-19,Helsinki Harmaja,14.9,,
2019-06-19,Kirkkonummi Mäkiluoto,15.8,,
2019-06-19,Helsinki Helsingin majakka,16.0,,
2019-06-19,Helsinki Kumpula,18.9,-1.0,-1.0
2019-06-19,Helsinki Malmi lentokenttä,19.1,,
2019-06-19,Porvoo Emäsalo,16.6,,
2019-06-19,Porvoo Harabacka,19.8,-1.0,-1.0
2019-06-19,Kotka Rankki,15.7,-1.0,-1.0
2019-06-19,Loviisa Orrengrund,16.2,,
2019-06-19,Kotka Haapasaari,15.9,,
2019-06-19,Pori lentoasema,18.9,,
2019-06-19,Uusikaupunki Itätulli,,-1.0,-1.0
2019-06-19,Laitila Haukka,,-1.0,-1.0
2019-06-19,Kustavi Isokari,16.0,-1.0,
2019-06-19,Rauma Kylmäpihlaja,17.4,,
2019-06-19,Pori rautatieasema,19.1,-1.0,-1.0
2019-06-19,Turku lentoasema,19.0,,
2019-06-19,Kokemäki Rausenkulma,,0.8,-1.0
2019-06-19,Huittinen Sallila,,0.9,-1.0
2019-06-19,Oripää Teinikivi,,-1.0,-1.0
2019-06-19,Pöytyä Yläne,,0.9,-1.0
2019-06-19,Kokemäki Tulkkila,19.4,-1.0,-1.0
2019-06-19,Jokioinen Ilmala,18.8,-1.0,-1.0
2019-06-19,Nokia Tottijärvi,,5.3,-1.0
2019-06-19,Pirkkala Tampere-Pirkkala lentoasema,19.1,,
2019-06-19,Tampere Härmälä,19.4,3.1,-1.0
2019-06-19,Somero Salkola,18.2,-1.0,-1.0
2019-06-19,Hyvinkää Hyvinkäänkylä,19.3,-1.0,-1.0
2019-06-19,Vihti Hiiskula,,-1.0,-1.0
2019-06-19,Hämeenlinna Pirttikoski,,-1.0,-1.0
2019-06-19,Nurmijärvi Röykkä,19.2,-1.0,-1.0
2019-06-19,Hattula Lepaa,19.9,-1.0,-1.0
2019-06-19,Hämeenlinna Lammi Pappila,19.2,0.0,-1.0
2019-06-19,Mäntsälä Hirvihaara Kuntomajantie,,-1.0,-1.0
2019-06-19,Asikkala Pulkkilanharju,19.3,,
2019-06-19,Hämeenlinna Lammi Evo,18.9,,
2019-06-19,Kouvola Utti lentoasema,20.1,-1.0,-1.0
2019-06-19,Kouvola Anjala,20.1,-1.0,-1.0
2019-06-19,Heinola Asemantaus,20.3,-1.0,-1.0
2019-06-19,Kouvola Voikoski,,-1.0,-1.0
2019-06-19,Virolahti Koivuniemi,17.0,-1.0,-1.0
2019-06-19,Lappeenranta lentoasema,19.7,,
2019-06-19,Lappeenranta Konnunsuo,18.1,,
2019-06-19,Lappeenranta Lepola,20.4,-1.0,-1.0
2019-06-19,Ruokolahti Kotaniemi,,6.6,-1.0
2019-06-19,Lappeenranta Hiekkapakka,18.7,,
2019-06-19,Parikkala Koitsanlahti,18.1,5.4,-1.0
2019-06-19,Kaskinen Sälgrund,14.5,0.4,
2019-06-19,Merikarvia Tuorila,,-1.0,-1.0
2019-06-19,Isojoki Kärjenkoski,,-1.0,-1.0
2019-06-19,Teuva Kauppilankylä,,-1.0,-1.0
2019-06-19,Pori Tahkoluoto satama,15.3,,
2019-06-19,Kristiinankaupunki Majakka,12.7,,
2019-06-19,Karvia Alkkia,17.7,-1.0,-1.0
2019-06-19,Ikaalinen Vehuvarpee,,3.3,-1.0
2019-06-19,Kurikka Hirvijärvi,,-1.0,-1.0
2019-06-19,Kauhajoki Kuja-Kokko,17.0,-1.0,-1.0
2019-06-19,Kankaanpää Niinisalo lentokenttä,18.7,1.0,-1.0
2019-06-19,Alavus Sulkavankylä,,-1.0,-1.0
2019-06-19,Virrat Äijänneva,18.2,,
2019-06-19,Tampere Siilinkari,18.3,,
2019-06-19,Jämsä Halli lentoasema,19.2,1.8,-1.0
2019-06-19,Juupajoki Hyytiälä,18.8,3.5,-1.0
2019-06-19,Sysmä Joutsjärvi,,3.4,-1.0
2019-06-19,Luhanka Tammijärvi,,1.4,-1.0
2019-06-19,Jyväskylä Muuratjärvi,,10.8,-1.0
2019-06-19,Luhanka Judinsalo,18.1,,
2019-06-19,Multia Pirttiperä,,-1.0,-1.0
2019-06-19,Joutsa Savenaho,18.1,0.5,-1.0
2019-06-19,Kangasniemi kirkonkylä,,5.3,-1.0
2019-06-19,Joutsa Pärnämäki,,4.6,-1.0
2019-06-19,Mikkeli Pitkähiekka,,2.6,-1.0
2019-06-19,Juva Partala,19.0,,
2019-06-19,Varkaus Kosulanniemi,20.4,-1.0,-1.0
2019-06-19,Savonlinna Laukansaari,,3.4,-1.0
2019-06-19,Sulkava Halttula,,8.4,-1.0
2019-06-19,Savonlinna lentoasema,19.1,,
2019-06-19,Rantasalmi Rukkasluoto,18.6,,
2019-06-19,Savonlinna Punkaharju Laukansaari,19.9,0.9,-1.0
2019-06-19,Enonkoski Simanala,,2.1,-1.0
2019-06-19,Savonlinna Savonranta,,-1.0,-1.0
2019-06-19,Rääkkylä kirkonkylä,,2.2,-1.0
2019-06-19,Tohmajärvi Kemie,18.6,1.8,-1.0
2019-06-19,Joensuu Huhtilampi,,1.5,-1.0
2019-06-19,Vaasa lentoasema,16.9,,
2019-06-19,Mustasaari Valassaaret,14.9,,
2019-06-19,Närpiö Ylimarkku,,-1.0,-1.0
2019-06-19,Mustasaari Riimala,,-1.0,-1.0
2019-06-19,Kurikka Pyörni,,-1.0,-1.0
2019-06-19,Korsnäs Bredskäret,14.6,,
2019-06-19,Maalahti Strömmingsbådan,12.8,,
2019-06-19,Vaasa Klemettilä,17.6,-1.0,-1.0
2019-06-19,Seinäjoki Pelmaa,18.5,-1.0,-1.0
2019-06-19,Kauhava lentokenttä,18.2,-1.0,-1.0
2019-06-19,Ähtäri Inha,18.6,-1.0,-1.0
2019-06-19,Halsua Purola,17.4,-1.0,-1.0
2019-06-19,Alajärvi Möksy,18.1,-1.0,-1.0
2019-06-19,Multia Karhila,17.9,-1.0,-1.0
2019-06-19,Viitasaari Haapaniemi,19.3,-1.0,-1.0
2019-06-19,Äänekoski Kalaniemi,,-1.0,-1.0
2019-06-19,Viitasaari Kärnä,,-1.0,-1.0
2019-06-19,Vesanto kirkonkylä,19.3,-1.0,-1.0
2019-06-19,Pielavesi Venetmäki,,-1.0,-1.0
2019-06-19,Siilinjärvi Kuopio lentoasema,20.3,,
2019-06-19,Kuopio Maaninka,19.7,-1.0,-1.0
2019-06-19,Lapinlahti Lamminkäyrä,,-1.0,-1.0
2019-06-19,Suonenjoki Iisvesi,,3.3,-1.0
2019-06-19,Kuopio Karttula,,0.2,-1.0
2019-06-19,Kuopio Ritoniemi,19.8,,
2019-06-19,Kuopio Savilahti,20.0,3.1,-1.0
2019-06-19,Heinävesi Palokki,,1.7,-1.0
2019-06-19,Outokumpu Viuruniemi,,6.7,-1.0
2019-06-19,Rautavaara Ala-Luosta,,-1.0,-1.0
2019-06-19,Rautavaara Ylä-Luosta,17.6,-1.0,-1.0
2019-06-19,Liperi Joensuu lentoasema,19.2,,
2019-06-19,Juuka Niemelä,17.0,11.2,-1.0
2019-06-19,Joensuu Pyhäselkä,,9.2,-1.0
2019-06-19,Lieksa Koli,,1.2,-1.0
2019-06-19,Liperi Tuiskavanluoto,18.3,,
2019-06-19,Joensuu Linnunlahti,18.1,7.5,-1.0
2019-06-19,Lieksa Lampela,17.9,0.8,-1.0
2019-06-19,Ilomantsi Naarva,,3.6,-1.0
2019-06-19,Ilomantsi Pötsönvaara,17.0,10.3,-1.0
2019-06-19,Ilomantsi Mekrijärvi,18.6,0.4,-1.0
2019-06-19,Pietarsaari Kallan,12.9,,
2019-06-19,Kokkola Tankar,13.5,,
2019-06-19,Kruunupyy Kokkola-Pietarsaari lentoasema,17.4,,
2019-06-19,Kaustinen Tastula,,-1.0,-1.0
2019-06-19,Kalajoki Ulkokalla,9.7,,
2019-06-19,Toholampi Oravala,,-1.0,-1.0
2019-06-19,Kalajoki Pitkäsenkylä,,-1.0,-1.0
2019-06-19,Kalajoki Mehtäkylä,,4.0,-1.0
2019-06-19,Toholampi Laitala,17.1,0.7,-1.0
2019-06-19,Ylivieska lentokenttä,16.1,3.6,-1.0
2019-06-19,Ylivieska Vähäkangas,,4.1,-1.0
2019-06-19,Haapavesi Mustikkamäki,15.9,10.9,-1.0
2019-06-19,Pyhäjärvi Ojakylä,18.2,-1.0,-1.0
2019-06-19,Pyhäjärvi Hiidenniemi,,-1.0,-1.0
2019-06-19,Kiuruvesi Korpijoki,,0.1,-1.0
2019-06-19,Siikalatva Kestilä,,6.5,-1.0
2019-06-19,Kajaani lentoasema,16.8,,
2019-06-19,Vieremä Kaarakkala,17.0,2.9,-1.0
2019-06-19,Kajaani Paltaniemi,,5.8,-1.0
2019-06-19,Nurmes Valtimo,17.7,-1.0,-1.0
2019-06-19,Ristijärvi Mustavaara,,4.1,-1.0
2019-06-19,Sotkamo Kuolaniemi,16.5,0.3,-1.0
2019-06-19,Nurmes Mujejärvi,,-1.0,-1.0
2019-06-19,Kuhmo Apaja,,5.4,-1.0
2019-06-19,Kuhmo Kalliojoki,16.6,3.8,-1.0
2019-06-19,Hailuoto Keskikylä,14.1,4.6,-1.0
2019-06-19,Kemi I majakka,13.3,,
2019-06-19,Hailuoto Marjaniemi,13.1,,
2019-06-19,Raahe Lapaluoto satama,13.3,,
2019-06-19,Oulu lentoasema,15.1,,
2019-06-19,Siikajoki Ruukki,14.9,1.9,-1.0
2019-06-19,Oulu Vihreäsaari satama,15.0,,
2019-06-19,Oulu Oulunsalo Pellonpää,14.9,1.0,-1.0
2019-06-19,Vaala Pelso,14.6,4.9,-1.0
2019-06-19,Pudasjärvi lentokenttä,16.4,-1.0,-1.0
2019-06-19,Utajärvi Särkijärvi,,5.5,-1.0
2019-06-19,Pudasjärvi Jaurakkajärvi,,0.9,-1.0
2019-06-19,Suomussalmi Näljänkä,,0.0,-1.0
2019-06-19,Suomussalmi Pesiö,16.3,3.3,-1.0
2019-06-19,Puolanka Kotila,,5.9,-1.0
2019-06-19,Puolanka Paljakka,14.6,5.8,-1.0
2019-06-19,Kemi Kemi-Tornio lentoasema,14.1,,
2019-06-19,Kemi Ajos,15.3,,
2019-06-19,Tornio Kaakkuri,14.9,2.7,-1.0
2019-06-19,Ranua lentokenttä,14.0,-1.0,-1.0
2019-06-19,Pudasjärvi Sarakylä,,-1.0,-1.0
2019-06-19,Posio Raistakka,,-1.0,-1.0
2019-06-19,Taivalkoski Inkee,,-1.0,-1.0
2019-06-19,Taivalkoski kirkonkylä,15.6,-1.0,-1.0
2019-06-19,Kuusamo lentoasema,14.3,,
2019-06-19,Kuusamo Kiutaköngäs,13.6,-1.0,-1.0
2019-06-19,Kuusamo Rukatunturi,11.9,,
2019-06-19,Kuusamo Teeriranta,,-1.0,-1.0
2019-06-19,Kuusamo Juuma,12.9,,
2019-06-19,Ylitornio Meltosjärvi,14.0,-1.0,-1.0
2019-06-19,Kolari Kattilamaa,,0.2,-1.0
2019-06-19,Pello kirkonkylä,13.6,-1.0,-1.0
2019-06-19,Kittilä Alakylä,,0.0,-1.0
2019-06-19,Rovaniemi rautatieasema,14.8,,
2019-06-19,Sodankylä Tähtelä,12.1,1.2,-1.0
2019-06-19,Rovaniemi Apukka,13.5,-1.0,-1.0
2019-06-19,Pelkosenniemi kirkonkylä,,-1.0,-1.0
2019-06-19,Kemijärvi lentokenttä,12.8,0.5,-1.0
2019-06-19,Savukoski kirkonkylä,11.0,0.6,-1.0
2019-06-19,Salla Kelloselkä,,-1.0,-1.0
2019-06-19,Pelkosenniemi Pyhätunturi,10.3,,
2019-06-19,Salla kirkonkylä,11.7,0.2,-1.0
2019-06-19,Salla Naruska,11.2,-1.0,-1.0
2019-06-19,Enontekiö Kaaresuvanto,,-1.0,-1.0
2019-06-19,Kittilä Pulju,,0.2,-1.0
2019-06-19,Muonio Laukukero,7.6,,
2019-06-19,Muonio Sammaltunturi,9.1,,
2019-06-19,Kittilä Matorova,10.9,,
2019-06-19,Kittilä lentoasema,12.0,,
2019-06-19,Kittilä Kenttärova,10.7,0.4,-1.0
2019-06-19,Kittilä Pakatti,12.3,0.6,-1.0
2019-06-19,Kittilä Pokka,9.8,0.6,-1.0
2019-06-19,Sodankylä Lokka,10.2,-1.0,-1.0
2019-06-19,Sodankylä Vuotso,9.5,0.2,-1.0
2019-06-19,Inari Saariselkä matkailukeskus,8.3,0.2,-1.0
2019-06-19,Inari Saariselkä Kaunispää,7.1,,
2019-06-19,Inari Raja-Jooseppi Kontiojärvi,,1.2,-1.0
2019-06-19,Inari Raja-Jooseppi,8.2,,
2019-06-19,Salla Värriötunturi,8.9,0.0,-1.0
2019-06-19,Enontekiö Kilpisjärvi kyläkeskus,8.5,-1.0,-1.0
2019-06-19,Enontekiö Kilpisjärvi Saana,4.3,,
2019-06-19,Enontekiö Näkkälä,9.7,-1.0,-1.0
2019-06-19,Inari Angeli Lintupuoliselkä,8.6,0.2,-1.0
2019-06-19,Inari Ivalo lentoasema,9.0,,
2019-06-19,Utsjoki Kevo,7.8,-1.0,-1.0
2019-06-19,Utsjoki Nuorgam,7.3,0.1,-1.0
2019-06-19,Inari Väylä,8.2,,
2019-06-19,Inari kirkonkylä,,1.7,-1.0
2019-06-19,Inari Kaamanen,7.9,2.3,-1.0
2019-06-19,Inari Nellim,8.8,1.0,-1.0
2019-06-19,Inari Kirakkajärvi,7.8,-1.0,-1.0
2019-06-19,Mäntsälä Hirvihaara,19.0,-1.0,-1.0
2019-06-19,Lahti Sopenkorpi,20.3,-1.0,-1.0
2019-06-19,Siuntio Sjundby,,-1.0,-1.0
2019-06-19,Sipoo Itätoukki,14.5,,
2019-06-19,Rauma Pyynpää,19.6,-1.0,-1.0
2019-06-19,Muonio Oustajärvi,12.5,-1.0,-1.0
2019-06-19,Kajaani Petäisenniska,16.9,5.8,-1.0
2019-06-19,Utsjoki Kevo Kevojärvi,7.9,,
2019-06-19,Inari Seitalaassa,8.0,,
2019-06-19,Rovaniemi lentoasema AWOS,12.9,-1.0,-1.0
2019-06-19,Jyväskylä lentoasema AWOS,19.6,1.2,-1.0
2019-06-19,Puumala kirkonkylä,18.3,7.8,-1.0
2019-06-19,Helsinki Vuosaari satama,17.0,,
2019-06-19,Maarianhamina Länsisatama,15.9,,
2019-06-19,Lumparland Långnäs satama,16.9,-1.0,-1.0
2019-06-19,Tampere Tampella,20.0,,
2019-06-19,Kittilä Lompolonvuoma,11.1,,
2019-06-19,Kuusamo Ruka Talvijärvi,13.2,,
2019-06-19,Espoo Nuuksio,18.6,-1.0,-1.0
2019-06-19,Mikkeli Lentoasema AWOS,18.4,3.4,-1.0
2019-06-19,Espoo Tapiola,18.5,-1.0,-1.0
2019-06-20,Porvoo Kilpilahti satama,18.8,,
2019-06-20,Jomala Maarianhamina lentoasema,18.3,,
2019-06-20,Parainen Utö,16.7,-1.0,-1.0
2019-06-20,Lemland Nyhamn,14.8,,
2019-06-20,Jomala Jomalaby,19.1,1.6,-1.0
2019-06-20,Hammarland Märket,14.7,,
2019-06-20,Kökar Bogskär,16.2,,
2019-06-20,Parainen Fagerholm,18.5,-1.0,
2019-06-20,Kumlinge kirkonkylä,18.4,,
2019-06-20,Hanko Russarö,17.1,,
2019-06-20,Kaarina Yltöinen,21.1,-1.0,-1.0
2019-06-20,Kemiönsaari Vänö,18.5,,
2019-06-20,Hanko Tulliniemi,16.7,,
2019-06-20,Turku Rajakari,20.0,,
2019-06-20,Turku Artukainen,22.0,-1.0,-1.0
2019-06-20,Kemiönsaari Kemiö,20.9,-1.0,-1.0
2019-06-20,Hanko Tvärminne,17.5,-1.0,-1.0
2019-06-20,Salo Kärkkä,21.7,-1.0,
2019-06-20,Lohja Leppäkorpi,,-1.0,-1.0
2019-06-20,Raasepori Jussarö,17.3,,
2019-06-20,Salo Kiikala lentokenttä,20.8,-1.0,-1.0
2019-06-20,Vantaa Helsinki-Vantaan lentoasema,21.6,-1.0,-1.0
2019-06-20,Inkoo Bågaskär,16.8,,
2019-06-20,Helsinki Kaisaniemi,20.0,-1.0,-1.0
2019-06-20,Lohja Porla,20.4,-1.0,-1.0
2019-06-20,Vihti Maasoja,20.1,,
2019-06-20,Helsinki Harmaja,15.7,,
2019-06-20,Kirkkonummi Mäkiluoto,16.8,,
2019-06-20,Helsinki Helsingin majakka,18.0,,
2019-06-20,Helsinki Kumpula,20.8,-1.0,-1.0
2019-06-20,Helsinki Malmi lentokenttä,20.4,,
2019-06-20,Porvoo Emäsalo,17.7,,
2019-06-20,Porvoo Harabacka,21.1,-1.0,-1.0
2019-06-20,Kotka Rankki,18.1,-1.0,-1.0
2019-06-20,Loviisa Orrengrund,17.4,,
2019-06-20,Kotka Haapasaari,19.1,,
2019-06-20,Pori lentoasema,20.9,,
2019-06-20,Uusikaupunki Itätulli,,-1.0,-1.0
2019-06-20,Laitila Haukka,,-1.0,-1.0
2019-06-20,Kustavi Isokari,17.5,-1.0,
2019-06-20,Rauma Kylmäpihlaja,19.8,,
2019-06-20,Pori rautatieasema,21.5,-1.0,-1.0
2019-06-20,Turku lentoasema,21.7,,
2019-06-20,Kokemäki Rausenkulma,,-1.0,-1.0
2019-06-20,Huittinen Sallila,,-1.0,-1.0
2019-06-20,Oripää Teinikivi,,-1.0,-1.0
2019-06-20,Pöytyä Yläne,,-1.0,-1.0
2019-06-20,Kokemäki Tulkkila,21.0,-1.0,-1.0
2019-06-20,Jokioinen Ilmala,21.2,-1.0,-1.0
2019-06-20,Nokia Tottijärvi,,0.1,-1.0
2019-06-20,Pirkkala Tampere-Pirkkala lentoasema,20.3,,
2019-06-20,Tampere Härmälä,20.6,-1.0,-1.0
2019-06-20,Somero Salkola,20.1,-1.0,-1.0
2019-06-20,Hyvinkää Hyvinkäänkylä,20.4,-1.0,-1.0
2019-06-20,Vihti Hiiskula,,-1.0,-1.0
2019-06-20,Hämeenlinna Pirttikoski,,-1.0,-1.0
2019-06-20,Nurmijärvi Röykkä,20.9,-1.0,-1.0
2019-06-20,Hattula Lepaa,21.2,-1.0,-1.0
2019-06-20,Hämeenlinna Lammi Pappila,20.8,-1.0,-1.0
2019-06-20,Mäntsälä Hirvihaara Kuntomajantie,,-1.0,-1.0
2019-06-20,Asikkala Pulkkilanharju,19.0,,
2019-06-20,Hämeenlinna Lammi Evo,20.5,,
2019-06-20,Kouvola Utti lentoasema,21.5,-1.0,-1.0
2019-06-20,Kouvola Anjala,21.4,-1.0,-1.0
2019-06-20,Heinola Asemantaus,21.6,-1.0,-1.0
2019-06-20,Kouvola Voikoski,,-1.0,-1.0
2019-06-20,Virolahti Koivuniemi,19.4,0.0,-1.0
2019-06-20,Lappeenranta lentoasema,21.2,,
2019-06-20,Lappeenranta Konnunsuo,19.2,,
2019-06-20,Lappeenranta Lepola,21.2,-1.0,-1.0
2019-06-20,Ruokolahti Kotaniemi,,0.0,-1.0
2019-06-20,Lappeenranta Hiekkapakka,20.6,,
2019-06-20,Parikkala Koitsanlahti,19.2,-1.0,-1.0
2019-06-20,Kaskinen Sälgrund,17.0,3.2,
2019-06-20,Merikarvia Tuorila,,-1.0,-1.0
2019-06-20,Isojoki Kärjenkoski,,0.0,-1.0
2019-06-20,Teuva Kauppilankylä,,3.1,-1.0
2019-06-20,Pori Tahkoluoto satama,18.9,,
2019-06-20,Kristiinankaupunki Majakka,17.9,,
2019-06-20,Karvia Alkkia,18.7,-1.0,-1.0
2019-06-20,Ikaalinen Vehuvarpee,,-1.0,-1.0
2019-06-20,Kurikka Hirvijärvi,,-1.0,-1.0
2019-06-20,Kauhajoki Kuja-Kokko,19.1,-1.0,-1.0
2019-06-20,Kankaanpää Niinisalo lentokenttä,20.6,-1.0,-1.0
2019-06-20,Alavus Sulkavankylä,,0.2,-1.0
2019-06-20,Virrat Äijänneva,17.4,,
2019-06-20,Tampere Siilinkari,20.2,,
2019-06-20,Jämsä Halli lentoasema,20.1,-1.0,-1.0
2019-06-20,Juupajoki Hyytiälä,18.9,-1.0,-1.0
2019-06-20,Sysmä Joutsjärvi,,-1.0,-1.0
2019-06-20,Luhanka Tammijärvi,,-1.0,-1.0
2019-06-20,Jyväskylä Muuratjärvi,,-1.0,-1.0
2019-06-20,Luhanka Judinsalo,19.4,,
2019-06-20,Multia Pirttiperä,,-1.0,-1.0
2019-06-20,Joutsa Savenaho,19.4,-1.0,-1.0
2019-06-20,Kangasniemi kirkonkylä,,-1.0,-1.0
2019-06-20,Joutsa Pärnämäki,,-1.0,-1.0
2019-06-20,Mikkeli Pitkähiekka,,-1.0,-1.0
2019-06-20,Juva Partala,20.5,,
2019-06-20,Varkaus Kosulanniemi,20.6,0.1,-1.0
2019-06-20,Savonlinna Laukansaari,,-1.0,-1.0
2019-06-20,Sulkava Halttula,,-1.0,-1.0
2019-06-20,Savonlinna lentoasema,19.9,,
2019-06-20,Rantasalmi Rukkasluoto,19.5,,
2019-06-20,Savonlinna Punkaharju Laukansaari,20.3,-1.0,-1.0
2019-06-20,Enonkoski Simanala,,-1.0,-1.0
2019-06-20,Savonlinna Savonranta,,-1.0,-1.0
2019-06-20,Rääkkylä kirkonkylä,,-1.0,-1.0
2019-06-20,Tohmajärvi Kemie,19.7,-1.0,-1.0
2019-06-20,Joensuu Huhtilampi,,-1.0,-1.0
2019-06-20,Vaasa lentoasema,18.1,,
2019-06-20,Mustasaari Valassaaret,15.3,,
2019-06-20,Närpiö Ylimarkku,,-1.0,-1.0
2019-06-20,Mustasaari Riimala,,4.4,-1.0
2019-06-20,Kurikka Pyörni,,1.6,-1.0
2019-06-20,Korsnäs Bredskäret,17.5,,
2019-06-20,Maalahti Strömmingsbådan,14.5,,
2019-06-20,Vaasa Klemettilä,18.4,21.7,-1.0
2019-06-20,Seinäjoki Pelmaa,18.0,1.5,-1.0
2019-06-20,Kauhava lentokenttä,18.2,0.2,-1.0
2019-06-20,Ähtäri Inha,18.8,-1.0,-1.0
2019-06-20,Halsua Purola,16.3,0.0,-1.0
2019-06-20,Alajärvi Möksy,17.1,1.1,-1.0
2019-06-20,Multia Karhila,18.2,-1.0,-1.0
2019-06-20,Viitasaari Haapaniemi,18.6,-1.0,-1.0
2019-06-20,Äänekoski Kalaniemi,,-1.0,-1.0
2019-06-20,Viitasaari Kärnä,,-1.0,-1.0
2019-06-20,Vesanto kirkonkylä,18.7,-1.0,-1.0
2019-06-20,Pielavesi Venetmäki,,0.1,-1.0
2019-06-20,Siilinjärvi Kuopio lentoasema,19.7,,
2019-06-20,Kuopio Maaninka,19.4,-1.0,-1.0
2019-06-20,Lapinlahti Lamminkäyrä,,-1.0,-1.0
2019-06-20,Suonenjoki Iisvesi,,0.0,-1.0
2019-06-20,Kuopio Karttula,,-1.0,-1.0
2019-06-20,Kuopio Ritoniemi,20.1,,
2019-06-20,Kuopio Savilahti,20.1,-1.0,-1.0
2019-06-20,Heinävesi Palokki,,-1.0,-1.0
2019-06-20,Outokumpu Viuruniemi,,-1.0,-1.0
2019-06-20,Rautavaara Ala-Luosta,,-1.0,-1.0
2019-06-20,Rautavaara Ylä-Luosta,17.2,-1.0,-1.0
2019-06-20,Liperi Joensuu lentoasema,20.5,,
2019-06-20,Juuka Niemelä,18.1,1.6,-1.0
2019-06-20,Joensuu Pyhäselkä,,-1.0,-1.0
2019-06-20,Lieksa Koli,,-1.0,-1.0
2019-06-20,Liperi Tuiskavanluoto,19.4,,
2019-06-20,Joensuu Linnunlahti,20.1,-1.0,-1.0
2019-06-20,Lieksa Lampela,18.0,2.5,-1.0
2019-06-20,Ilomantsi Naarva,,0.0,-1.0
2019-06-20,Ilomantsi Pötsönvaara,18.0,-1.0,-1.0
2019-06-20,Ilomantsi Mekrijärvi,19.6,-1.0,-1.0
2019-06-20,Pietarsaari Kallan,17.6,,
2019-06-20,Kokkola Tankar,15.3,,
2019-06-20,Kruunupyy Kokkola-Pietarsaari lentoasema,18.1,,
2019-06-20,Kaustinen Tastula,,0.0,-1.0
2019-06-20,Kalajoki Ulkokalla,13.6,,
2019-06-20,Toholampi Oravala,,0.0,-1.0
2019-06-20,Kalajoki Pitkäsenkylä,,1.9,-1.0
2019-06-20,Kalajoki Mehtäkylä,,1.0,-1.0
2019-06-20,Toholampi Laitala,16.7,-1.0,-1.0
2019-06-20,Ylivieska lentokenttä,16.0,0.4,-1.0
2019-06-20,Ylivieska Vähäkangas,,1.0,-1.0
2019-06-20,Haapavesi Mustikkamäki,16.4,-1.0,-1.0
2019-06-20,Pyhäjärvi Ojakylä,16.3,-1.0,-1.0
2019-06-20,Pyhäjärvi Hiidenniemi,,-1.0,-1.0
2019-06-20,Kiuruvesi Korpijoki,,1.2,-1.0
2019-06-20,Siikalatva Kestilä,,-1.0,-1.0
2019-06-20,Kajaani lentoasema,15.9,,
2019-06-20,Vieremä Kaarakkala,16.6,0.0,-1.0
2019-06-20,Kajaani Paltaniemi,,2.0,-1.0
2019-06-20,Nurmes Valtimo,17.6,-1.0,-1.0
2019-06-20,Ristijärvi Mustavaara,,5.6,-1.0
2019-06-20,Sotkamo Kuolaniemi,16.5,0.8,-1.0
2019-06-20,Nurmes Mujejärvi,,0.0,-1.0
2019-06-20,Kuhmo Apaja,,0.0,-1.0
2019-06-20,Kuhmo Kalliojoki,16.6,0.6,-1.0
2019-06-20,Hailuoto Keskikylä,15.8,21.2,-1.0
2019-06-20,Kemi I majakka,13.6,,
2019-06-20,Hailuoto Marjaniemi,15.5,,
2019-06-20,Raahe Lapaluoto satama,17.1,,
2019-06-20,Oulu lentoasema,17.2,,
2019-06-20,Siikajoki Ruukki,15.8,0.3,-1.0
2019-06-20,Oulu Vihreäsaari satama,17.8,,
2019-06-20,Oulu Oulunsalo Pellonpää,17.1,1.4,-1.0
2019-06-20,Vaala Pelso,15.6,1.1,-1.0
2019-06-20,Pudasjärvi lentokenttä,16.9,12.8,-1.0
2019-06-20,Utajärvi Särkijärvi,,0.0,-1.0
2019-06-20,Pudasjärvi Jaurakkajärvi,,1.0,-1.0
2019-06-20,Suomussalmi Näljänkä,,0.6,-1.0
2019-06-20,Suomussalmi Pesiö,16.1,3.2,-1.0
2019-06-20,Puolanka Kotila,,1.4,-1.0
2019-06-20,Puolanka Paljakka,14.5,2.0,-1.0
2019-06-20,Kemi Kemi-Tornio lentoasema,15.1,,
2019-06-20,Kemi Ajos,16.1,,
2019-06-20,Tornio Kaakkuri,15.3,8.6,-1.0
2019-06-20,Ranua lentokenttä,15.6,8.7,-1.0
2019-06-20,Pudasjärvi Sarakylä,,12.3,-1.0
2019-06-20,Posio Raistakka,,4.7,-1.0
2019-06-20,Taivalkoski Inkee,,2.7,-1.0
2019-06-20,Taivalkoski kirkonkylä,16.4,3.5,-1.0
2019-06-20,Kuusamo lentoasema,14.7,,
2019-06-20,Kuusamo Kiutaköngäs,13.8,5.7,-1.0
2019-06-20,Kuusamo Rukatunturi,12.7,,
2019-06-20,Kuusamo Teeriranta,,0.2,-1.0
2019-06-20,Kuusamo Juuma,13.2,,
2019-06-20,Ylitornio Meltosjärvi,14.7,11.8,-1.0
2019-06-20,Kolari Kattilamaa,,7.0,-1.0
2019-06-20,Pello kirkonkylä,14.1,8.0,-1.0
2019-06-20,Kittilä Alakylä,,11.6,-1.0
2019-06-20,Rovaniemi rautatieasema,15.4,,
2019-06-20,Sodankylä Tähtelä,13.3,5.0,-1.0
2019-06-20,Rovaniemi Apukka,14.7,16.7,-1.0
2019-06-20,Pelkosenniemi kirkonkylä,,4.8,-1.0
2019-06-20,Kemijärvi lentokenttä,13.0,11.9,-1.0
2019-06-20,Savukoski kirkonkylä,12.4,3.8,-1.0
2019-06-20,Salla Kelloselkä,,0.3,-1.0
2019-06-20,Pelkosenniemi Pyhätunturi,11.9,,
2019-06-20,Salla kirkonkylä,13.3,0.5,-1.0
2019-06-20,Salla Naruska,11.5,1.7,-1.0
2019-06-20,Enontekiö Kaaresuvanto,,1.0,-1.0
2019-06-20,Kittilä Pulju,,4.0,-1.0
2019-06-20,Muonio Laukukero,9.5,,
2019-06-20,Muonio Sammaltunturi,11.0,,
2019-06-20,Kittilä Matorova,12.4,,
2019-06-20,Kittilä lentoasema,13.7,,
2019-06-20,Kittilä Kenttärova,12.4,4.4,-1.0
2019-06-20,Kittilä Pakatti,13.6,3.7,-1.0
2019-06-20,Kittilä Pokka,11.7,2.0,-1.0
2019-06-20,Sodankylä Lokka,11.7,4.6,-1.0
2019-06-20,Sodankylä Vuotso,11.6,1.0,-1.0
2019-06-20,Inari Saariselkä matkailukeskus,10.3,0.4,-1.0
2019-06-20,Inari Saariselkä Kaunispää,9.6,,
2019-06-20,Inari Raja-Jooseppi Kontiojärvi,,-1.0,-1.0
2019-06-20,Inari Raja-Jooseppi,10.8,,
2019-06-20,Salla Värriötunturi,11.5,1.4,-1.0
2019-06-20,Enontekiö Kilpisjärvi kyläkeskus,11.4,1.4,-1.0
2019-06-20,Enontekiö Kilpisjärvi Saana,7.7,,
2019-06-20,Enontekiö Näkkälä,11.5,0.1,-1.0
2019-06-20,Inari Angeli Lintupuoliselkä,10.8,-1.0,-1.0
2019-06-20,Inari Ivalo lentoasema,11.1,,
2019-06-20,Utsjoki Kevo,11.3,-1.0,-1.0
2019-06-20,Utsjoki Nuorgam,9.6,-1.0,-1.0
2019-06-20,Inari Väylä,11.5,,
2019-06-20,Inari kirkonkylä,,-1.0,-1.0
2019-06-20,Inari Kaamanen,11.3,-1.0,-1.0
2019-06-20,Inari Nellim,11.0,-1.0,-1.0
2019-06-20,Inari Kirakkajärvi,9.9,-1.0,-1.0
2019-06-20,Mäntsälä Hirvihaara,20.0,-1.0,-1.0
2019-06-20,Lahti Sopenkorpi,21.7,0.3,-1.0
2019-06-20,Siuntio Sjundby,,-1.0,-1.0
2019-06-20,Sipoo Itätoukki,16.0,,
2019-06-20,Rauma Pyynpää,21.9,-1.0,-1.0
2019-06-20,Muonio Oustajärvi,13.4,4.8,-1.0
2019-06-20,Kajaani Petäisenniska,16.9,1.4,-1.0
2019-06-20,Utsjoki Kevo Kevojärvi,10.7,,
2019-06-20,Inari Seitalaassa,10.7,,
2019-06-20,Rovaniemi lentoasema AWOS,14.6,16.0,-1.0
2019-06-20,Jyväskylä lentoasema AWOS,19.0,-1.0,-1.0
2019-06-20,Puumala kirkonkylä,20.8,-1.0,-1.0
2019-06-20,Helsinki Vuosaari satama,17.0,,
2019-06-20,Maarianhamina Länsisatama,18.4,,
2019-06-20,Lumparland Långnäs satama,18.5,0.8,-1.0
2019-06-20,Tampere Tampella,21.8,,
2019-06-20,Kittilä Lompolonvuoma,12.5,,
2019-06-20,Kuusamo Ruka Talvijärvi,14.3,,
2019-06-20,Espoo Nuuksio,20.3,-1.0,-1.0
2019-06-20,Mikkeli Lentoasema AWOS,20.0,0.1,-1.0
2019-06-20,Espoo Tapiola,19.4,-1.0,-1.0
2019-06-21,Porvoo Kilpilahti satama,18.6,,
2019-06-21,Jomala Maarianhamina lentoasema,17.4,,
2019-06-21,Parainen Utö,16.6,1.2,-1.0
2019-06-21,Lemland Nyhamn,15.1,,
2019-06-21,Jomala Jomalaby,18.2,-1.0,-1.0
2019-06-21,Hammarland Märket,16.6,,
2019-06-21,Kökar Bogskär,15.6,,
2019-06-21,Parainen Fagerholm,17.5,1.0,
2019-06-21,Kumlinge kirkonkylä,18.4,,
2019-06-21,Hanko Russarö,17.4,1.6,
2019-06-21,Kaarina Yltöinen,19.4,1.0,-1.0
2019-06-21,Kemiönsaari Vänö,17.2,,
2019-06-21,Hanko Tulliniemi,17.0,,
2019-06-21,Turku Rajakari,18.7,,
2019-06-21,Turku Artukainen,20.3,1.0,-1.0
2019-06-21,Kemiönsaari Kemiö,19.4,1.4,-1.0
2019-06-21,Hanko Tvärminne,18.1,0.7,-1.0
2019-06-21,Salo Kärkkä,20.3,1.0,
2019-06-21,Lohja Leppäkorpi,,0.4,-1.0
2019-06-21,Raasepori Jussarö,16.5,,
2019-06-21,Salo Kiikala lentokenttä,20.2,0.9,-1.0
2019-06-21,Vantaa Helsinki-Vantaan lentoasema,21.7,-1.0,-1.0
2019-06-21,Inkoo Bågaskär,17.2,,
2019-06-21,Helsinki Kaisaniemi,20.0,-1.0,-1.0
2019-06-21,Lohja Porla,20.3,1.8,-1.0
2019-06-21,Vihti Maasoja,19.9,,
2019-06-21,Helsinki Harmaja,16.2,,
2019-06-21,Kirkkonummi Mäkiluoto,17.4,,
2019-06-21,Helsinki Helsingin majakka,17.0,,
2019-06-21,Helsinki Kumpula,20.7,-1.0,-1.0
2019-06-21,Helsinki Malmi lentokenttä,20.7,,
2019-06-21,Porvoo Emäsalo,17.6,,
2019-06-21,Porvoo Harabacka,21.4,-1.0,-1.0
2019-06-21,Kotka Rankki,19.0,-1.0,-1.0
2019-06-21,Loviisa Orrengrund,17.9,,
2019-06-21,Kotka Haapasaari,18.7,,
2019-06-21,Pori lentoasema,18.9,,
2019-06-21,Uusikaupunki Itätulli,,-1.0,-1.0
2019-06-21,Laitila Haukka,,0.5,-1.0
2019-06-21,Kustavi Isokari,17.4,-1.0,
2019-06-21,Rauma Kylmäpihlaja,17.5,,
2019-06-21,Pori rautatieasema,19.2,-1.0,-1.0
2019-06-21,Turku lentoasema,19.9,,
2019-06-21,Kokemäki Rausenkulma,,-1.0,-1.0
2019-06-21,Huittinen Sallila,,1.3,-1.0
2019-06-21,Oripää Teinikivi,,0.3,-1.0
2019-06-21,Pöytyä Yläne,,1.0,-1.0
2019-06-21,Kokemäki Tulkkila,20.2,-1.0,-1.0
2019-06-21,Jokioinen Ilmala,20.5,0.6,-1.0
2019-06-21,Nokia Tottijärvi,,0.2,-1.0
2019-06-21,Pirkkala Tampere-Pirkkala lentoasema,20.5,,
2019-06-21,Tampere Härmälä,20.8,0.3,-1.0
2019-06-21,Somero Salkola,19.9,1.6,-1.0
2019-06-21,Hyvinkää Hyvinkäänkylä,20.9,0.9,-1.0
2019-06-21,Vihti Hiiskula,,1.2,-1.0
2019-06-21,Hämeenlinna Pirttikoski,,0.8,-1.0
2019-06-21,Nurmijärvi Röykkä,20.9,0.6,-1.0
2019-06-21,Hattula Lepaa,21.3,0.3,-1.0
2019-06-21,Hämeenlinna Lammi Pappila,20.9,6.7,-1.0
2019-06-21,Mäntsälä Hirvihaara Kuntomajantie,,-1.0,-1.0
2019-06-21,Asikkala Pulkkilanharju,20.8,,
2019-06-21,Hämeenlinna Lammi Evo,20.2,,
2019-06-21,Kouvola Utti lentoasema,22.8,-1.0,-1.0
2019-06-21,Kouvola Anjala,22.4,-1.0,-1.0
2019-06-21,Heinola Asemantaus,22.5,-1.0,-1.0
2019-06-21,Kouvola Voikoski,,9.5,-1.0
2019-06-21,Virolahti Koivuniemi,19.4,-1.0,-1.0
2019-06-21,Lappeenranta lentoasema,22.6,,
2019-06-21,Lappeenranta Konnunsuo,21.5,,
2019-06-21,Lappeenranta Lepola,22.3,-1.0,-1.0
2019-06-21,Ruokolahti Kotaniemi,,0.2,-1.0
2019-06-21,Lappeenranta Hiekkapakka,21.2,,
2019-06-21,Parikkala Koitsanlahti,20.5,0.2,-1.0
2019-06-21,Kaskinen Sälgrund,15.6,-1.0,
2019-06-21,Merikarvia Tuorila,,-1.0,-1.0
2019-06-21,Isojoki Kärjenkoski,,-1.0,-1.0
2019-06-21,Teuva Kauppilankylä,,-1.0,-1.0
2019-06-21,Pori Tahkoluoto satama,16.1,,
2019-06-21,Kristiinankaupunki Majakka,14.1,,
2019-06-21,Karvia Alkkia,19.6,-1.0,-1.0
2019-06-21,Ikaalinen Vehuvarpee,,-1.0,-1.0
2019-06-21,Kurikka Hirvijärvi,,0.0,-1.0
2019-06-21,Kauhajoki Kuja-Kokko,18.9,-1.0,-1.0
2019-06-21,Kankaanpää Niinisalo lentokenttä,19.6,-1.0,-1.0
2019-06-21,Alavus Sulkavankylä,,-1.0,-1.0
2019-06-21,Virrat Äijänneva,19.7,,
2019-06-21,Tampere Siilinkari,20.1,,
2019-06-21,Jämsä Halli lentoasema,21.1,3.4,-1.0
2019-06-21,Juupajoki Hyytiälä,19.9,0.0,-1.0
2019-06-21,Sysmä Joutsjärvi,,0.1,-1.0
2019-06-21,Luhanka Tammijärvi,,4.8,-1.0
2019-06-21,Jyväskylä Muuratjärvi,,0.5,-1.0
2019-06-21,Luhanka Judinsalo,20.1,,
2019-06-21,Multia Pirttiperä,,0.7,-1.0
2019-06-21,Joutsa Savenaho,20.3,-1.0,-1.0
2019-06-21,Kangasniemi kirkonkylä,,-1.0,-1.0
2019-06-21,Joutsa Pärnämäki,,-1.0,-1.0
2019-06-21,Mikkeli Pitkähiekka,,-1.0,-1.0
2019-06-21,Juva Partala,22.6,,
2019-06-21,Varkaus Kosulanniemi,22.8,0.6,-1.0
2019-06-21,Savonlinna Laukansaari,,-1.0,-1.0
2019-06-21,Sulkava Halttula,,0.4,-1.0
2019-06-21,Savonlinna lentoasema,22.7,,
2019-06-21,Rantasalmi Rukkasluoto,21.3,,
2019-06-21,Savonlinna Punkaharju Laukansaari,22.3,-1.0,-1.0
2019-06-21,Enonkoski Simanala,,-1.0,-1.0
2019-06-21,Savonlinna Savonranta,,-1.0,-1.0
2019-06-21,Rääkkylä kirkonkylä,,0.2,-1.0
2019-06-21,Tohmajärvi Kemie,20.1,-1.0,-1.0
2019-06-21,Joensuu Huhtilampi,,-1.0,-1.0
2019-06-21,Vaasa lentoasema,18.0,,
2019-06-21,Mustasaari Valassaaret,15.8,,
2019-06-21,Närpiö Ylimarkku,,-1.0,-1.0
2019-06-21,Mustasaari Riimala,,1.0,-1.0
2019-06-21,Kurikka Pyörni,,-1.0,-1.0
2019-06-21,Korsnäs Bredskäret,16.1,,
2019-06-21,Maalahti Strömmingsbådan,13.4,,
2019-06-21,Vaasa Klemettilä,18.1,4.7,-1.0
2019-06-21,Seinäjoki Pelmaa,19.4,-1.0,-1.0
2019-06-21,Kauhava lentokenttä,20.1,-1.0,-1.0
2019-06-21,Ähtäri Inha,20.8,-1.0,-1.0
2019-06-21,Halsua Purola,20.4,0.0,-1.0
2019-06-21,Alajärvi Möksy,20.8,-1.0,-1.0
2019-06-21,Multia Karhila,19.2,0.4,-1.0
2019-06-21,Viitasaari Haapaniemi,21.0,0.2,-1.0
2019-06-21,Äänekoski Kalaniemi,,0.5,-1.0
2019-06-21,Viitasaari Kärnä,,6.9,-1.0
2019-06-21,Vesanto kirkonkylä,21.6,0.2,-1.0
2019-06-21,Pielavesi Venetmäki,,8.2,-1.0
2019-06-21,Siilinjärvi Kuopio lentoasema,22.7,,
2019-06-21,Kuopio Maaninka,21.9,0.6,-1.0
2019-06-21,Lapinlahti Lamminkäyrä,,-1.0,-1.0
2019-06-21,Suonenjoki Iisvesi,,0.2,-1.0
2019-06-21,Kuopio Karttula,,1.2,-1.0
2019-06-21,Kuopio Ritoniemi,22.2,,
2019-06-21,Kuopio Savilahti,22.6,1.0,-1.0
2019-06-21,Heinävesi Palokki,,5.1,-1.0
2019-06-21,Outokumpu Viuruniemi,,0.0,-1.0
2019-06-21,Rautavaara Ala-Luosta,,0.0,-1.0
2019-06-21,Rautavaara Ylä-Luosta,21.3,0.0,-1.0
2019-06-21,Liperi Joensuu lentoasema,21.0,,
2019-06-21,Juuka Niemelä,21.2,-1.0,-1.0
2019-06-21,Joensuu Pyhäselkä,,8.9,-1.0
2019-06-21,Lieksa Koli,,0.4,-1.0
2019-06-21,Liperi Tuiskavanluoto,19.9,,
2019-06-21,Joensuu Linnunlahti,20.3,58.3,-1.0
2019-06-21,Lieksa Lampela,20.2,2.4,-1.0
2019-06-21,Ilomantsi Naarva,,6.2,-1.0
2019-06-21,Ilomantsi Pötsönvaara,20.3,2.3,-1.0
2019-06-21,Ilomantsi Mekrijärvi,21.4,5.0,-1.0
2019-06-21,Pietarsaari Kallan,15.8,,
2019-06-21,Kokkola Tankar,16.7,,
2019-06-21,Kruunupyy Kokkola-Pietarsaari lentoasema,19.6,,
2019-06-21,Kaustinen Tastula,,-1.0,-1.0
2019-06-21,Kalajoki Ulkokalla,12.9,,
2019-06-21,Toholampi Oravala,,0.3,-1.0
2019-06-21,Kalajoki Pitkäsenkylä,,-1.0,-1.0
2019-06-21,Kalajoki Mehtäkylä,,0.4,-1.0
2019-06-21,Toholampi Laitala,20.0,0.4,-1.0
2019-06-21,Ylivieska lentokenttä,19.8,1.2,-1.0
2019-06-21,Ylivieska Vähäkangas,,-1.0,-1.0
2019-06-21,Haapavesi Mustikkamäki,19.8,0.4,-1.0
2019-06-21,Pyhäjärvi Ojakylä,20.5,5.3,-1.0
2019-06-21,Pyhäjärvi Hiidenniemi,,2.9,-1.0
2019-06-21,Kiuruvesi Korpijoki,,0.0,-1.0
2019-06-21,Siikalatva Kestilä,,10.6,-1.0
2019-06-21,Kajaani lentoasema,18.1,,
2019-06-21,Vieremä Kaarakkala,19.3,9.4,-1.0
2019-06-21,Kajaani Paltaniemi,,33.3,-1.0
2019-06-21,Nurmes Valtimo,20.1,7.3,-1.0
2019-06-21,Ristijärvi Mustavaara,,12.0,-1.0
2019-06-21,Sotkamo Kuolaniemi,18.5,5.4,-1.0
2019-06-21,Nurmes Mujejärvi,,15.4,-1.0
2019-06-21,Kuhmo Apaja,,28.9,-1.0
2019-06-21,Kuhmo Kalliojoki,18.0,10.3,-1.0
2019-06-21,Raahe Nahkiainen,14.8,,
2019-06-21,Hailuoto Keskikylä,16.0,-1.0,-1.0
2019-06-21,Kemi I majakka,12.6,,
2019-06-21,Hailuoto Marjaniemi,14.9,,
2019-06-21,Raahe Lapaluoto satama,16.9,,
2019-06-21,Oulu lentoasema,18.5,,
2019-06-21,Siikajoki Ruukki,18.0,2.6,-1.0
2019-06-21,Oulu Vihreäsaari satama,18.0,,
2019-06-21,Oulu Oulunsalo Pellonpää,18.2,-1.0,-1.0
2019-06-21,Vaala Pelso,18.7,18.0,-1.0
2019-06-21,Pudasjärvi lentokenttä,16.7,3.0,-1.0
2019-06-21,Utajärvi Särkijärvi,,29.5,-1.0
2019-06-21,Pudasjärvi Jaurakkajärvi,,10.3,-1.0
2019-06-21,Suomussalmi Näljänkä,,16.6,-1.0
2019-06-21,Suomussalmi Pesiö,17.0,8.9,-1.0
2019-06-21,Puolanka Kotila,,6.0,-1.0
2019-06-21,Puolanka Paljakka,16.5,6.0,-1.0
2019-06-21,Kemi Kemi-Tornio lentoasema,14.5,,
2019-06-21,Kemi Ajos,14.3,,
2019-06-21,Tornio Kaakkuri,14.3,-1.0,-1.0
2019-06-21,Ranua lentokenttä,16.0,2.8,-1.0
2019-06-21,Pudasjärvi Sarakylä,,10.5,-1.0
2019-06-21,Posio Raistakka,,20.8,-1.0
2019-06-21,Taivalkoski Inkee,,14.3,-1.0
2019-06-21,Taivalkoski kirkonkylä,15.6,10.3,-1.0
2019-06-21,Kuusamo lentoasema,14.9,,
2019-06-21,Kuusamo Kiutaköngäs,13.8,9.2,-1.0
2019-06-21,Kuusamo Rukatunturi,12.7,,
2019-06-21,Kuusamo Teeriranta,,17.6,-1.0
2019-06-21,Kuusamo Juuma,13.1,,
2019-06-21,Ylitornio Meltosjärvi,15.2,-1.0,-1.0
2019-06-21,Kolari Kattilamaa,,1.0,-1.0
2019-06-21,Pello kirkonkylä,15.6,-1.0,-1.0
2019-06-21,Kittilä Alakylä,,2.2,-1.0
2019-06-21,Rovaniemi rautatieasema,15.8,,
2019-06-21,Sodankylä Tähtelä,12.7,9.3,-1.0
2019-06-21,Rovaniemi Apukka,15.6,0.2,-1.0
2019-06-21,Pelkosenniemi kirkonkylä,,8.0,-1.0
2019-06-21,Kemijärvi lentokenttä,14.7,3.8,-1.0
2019-06-21,Savukoski kirkonkylä,11.8,7.1,-1.0
2019-06-21,Salla Kelloselkä,,3.0,-1.0
2019-06-21,Pelkosenniemi Pyhätunturi,11.9,,
2019-06-21,Salla kirkonkylä,13.7,4.9,-1.0
2019-06-21,Salla Naruska,11.2,4.0,-1.0
2019-06-21,Enontekiö Kaaresuvanto,,10.5,-1.0
2019-06-21,Kittilä Pulju,,8.8,-1.0
2019-06-21,Muonio Laukukero,8.0,,
2019-06-21,Muonio Sammaltunturi,9.3,,
2019-06-21,Kittilä Matorova,10.4,,
2019-06-21,Kittilä lentoasema,12.3,,
2019-06-21,Kittilä Kenttärova,10.4,6.1,-1.0
2019-06-21,Kittilä Pakatti,12.4,4.2,-1.0
2019-06-21,Kittilä Pokka,10.2,5.5,-1.0
2019-06-21,Sodankylä Lokka,10.9,11.9,-1.0
2019-06-21,Sodankylä Vuotso,10.3,17.4,-1.0
2019-06-21,Inari Saariselkä matkailukeskus,9.3,4.5,-1.0
2019-06-21,Inari Saariselkä Kaunispää,8.0,,
2019-06-21,Inari Raja-Jooseppi Kontiojärvi,,2.5,-1.0
2019-06-21,Inari Raja-Jooseppi,9.4,,
2019-06-21,Salla Värriötunturi,9.1,17.8,-1.0
2019-06-21,Enontekiö Kilpisjärvi kyläkeskus,9.7,9.0,-1.0
2019-06-21,Enontekiö Kilpisjärvi Saana,5.7,,
2019-06-21,Enontekiö Näkkälä,10.0,6.6,-1.0
2019-06-21,Inari Angeli Lintupuoliselkä,9.2,2.2,-1.0
2019-06-21,Inari Ivalo lentoasema,10.8,,
2019-06-21,Utsjoki Kevo,12.1,0.3,-1.0
2019-06-21,Utsjoki Nuorgam,9.1,1.1,-1.0
2019-06-21,Inari Väylä,10.5,,
2019-06-21,Inari kirkonkylä,,4.0,-1.0
2019-06-21,Inari Kaamanen,10.5,1.0,-1.0
2019-06-21,Inari Nellim,11.5,0.4,-1.0
2019-06-21,Inari Kirakkajärvi,9.8,0.2,-1.0
2019-06-21,Mäntsälä Hirvihaara,20.8,-1.0,-1.0
2019-06-21,Lahti Sopenkorpi,22.3,-1.0,-1.0
2019-06-21,Siuntio Sjundby,,2.6,-1.0
2019-06-21,Sipoo Itätoukki,16.1,,
2019-06-21,Rauma Pyynpää,19.0,-1.0,-1.0
2019-06-21,Muonio Oustajärvi,11.9,5.5,-1.0
2019-06-21,Kajaani Petäisenniska,18.5,19.2,-1.0
2019-06-21,Utsjoki Kevo Kevojärvi,11.5,,
2019-06-21,Inari Seitalaassa,8.7,,
2019-06-21,Rovaniemi lentoasema AWOS,14.8,0.2,-1.0
2019-06-21,Jyväskylä lentoasema AWOS,21.5,-1.0,-1.0
2019-06-21,Puumala kirkonkylä,22.5,-1.0,-1.0
2019-06-21,Helsinki Vuosaari satama,17.6,,
2019-06-21,Maarianhamina Länsisatama,16.9,,
2019-06-21,Lumparland Långnäs satama,18.7,0.7,-1.0
2019-06-21,Tampere Tampella,21.8,,
2019-06-21,Kittilä Lompolonvuoma,11.0,,
2019-06-21,Kuusamo Ruka Talvijärvi,14.4,,
2019-06-21,Espoo Nuuksio,20.4,0.8,-1.0
2019-06-21,Mikkeli Lentoasema AWOS,22.6,-1.0,-1.0
2019-06-21,Espoo Tapiola,20.0,-1.0,-1.0
2019-06-22,Porvoo Kilpilahti satama,16.7,,
2019-06-22,Jomala Maarianhamina lentoasema,16.1,,
2019-06-22,Parainen Utö,15.1,-1.0,-1.0
2019-06-22,Lemland Nyhamn,15.1,,
2019-06-22,Jomala Jomalaby,15.4,-1.0,-1.0
2019-06-22,Hammarland Märket,14.2,,
2019-06-22,Kökar Bogskär,14.2,,
2019-06-22,Parainen Fagerholm,15.0,-1.0,
2019-06-22,Kumlinge kirkonkylä,15.3,,
2019-06-22,Hanko Russarö,15.8,-1.0,
2019-06-22,Kaarina Yltöinen,15.6,0.7,-1.0
2019-06-22,Kemiönsaari Vänö,15.1,,
2019-06-22,Hanko Tulliniemi,15.4,,
2019-06-22,Turku Rajakari,15.7,,
2019-06-22,Turku Artukainen,16.0,0.8,-1.0
2019-06-22,Kemiönsaari Kemiö,15.8,-1.0,-1.0
2019-06-22,Hanko Tvärminne,15.9,-1.0,-1.0
2019-06-22,Salo Kärkkä,16.1,0.9,
2019-06-22,Lohja Leppäkorpi,,-1.0,-1.0
2019-06-22,Raasepori Jussarö,14.8,,
2019-06-22,Salo Kiikala lentokenttä,14.7,0.6,-1.0
2019-06-22,Vantaa Helsinki-Vantaan lentoasema,16.9,1.4,-1.0
2019-06-22,Inkoo Bågaskär,15.0,,
2019-06-22,Helsinki Kaisaniemi,17.3,0.7,-1.0
2019-06-22,Lohja Porla,15.6,0.7,-1.0
2019-06-22,Vihti Maasoja,14.5,,
2019-06-22,Helsinki Harmaja,14.8,,
2019-06-22,Kirkkonummi Mäkiluoto,15.0,,
2019-06-22,Helsinki Helsingin majakka,14.7,,
2019-06-22,Helsinki Kumpula,17.2,0.5,-1.0
2019-06-22,Helsinki Malmi lentokenttä,17.1,,
2019-06-22,Porvoo Emäsalo,15.3,,
2019-06-22,Porvoo Harabacka,17.1,0.1,-1.0
2019-06-22,Kotka Rankki,15.4,-1.0,-1.0
2019-06-22,Loviisa Orrengrund,15.2,,
2019-06-22,Kotka Haapasaari,15.1,,
2019-06-22,Pori lentoasema,14.5,,
2019-06-22,Uusikaupunki Itätulli,,-1.0,-1.0
2019-06-22,Laitila Haukka,,-1.0,-1.0
2019-06-22,Kustavi Isokari,15.1,-1.0,
2019-06-22,Rauma Kylmäpihlaja,14.6,,
2019-06-22,Pori rautatieasema,14.8,0.6,-1.0
2019-06-22,Turku lentoasema,15.3,,
2019-06-22,Kokemäki Rausenkulma,,-1.0,-1.0
2019-06-22,Huittinen Sallila,,-1.0,-1.0
2019-06-22,Oripää Teinikivi,,-1.0,-1.0
2019-06-22,Pöytyä Yläne,,-1.0,-1.0
2019-06-22,Kokemäki Tulkkila,14.9,-1.0,-1.0
2019-06-22,Jokioinen Ilmala,15.1,-1.0,-1.0
2019-06-22,Nokia Tottijärvi,,-1.0,-1.0
2019-06-22,Pirkkala Tampere-Pirkkala lentoasema,15.0,,
2019-06-22,Tampere Härmälä,15.1,-1.0,-1.0
2019-06-22,Somero Salkola,14.1,0.8,-1.0
2019-06-22,Hyvinkää Hyvinkäänkylä,15.3,0.3,-1.0
2019-06-22,Vihti Hiiskula,,-1.0,-1.0
2019-06-22,Hämeenlinna Pirttikoski,,-1.0,-1.0
2019-06-22,Nurmijärvi Röykkä,14.5,0.3,-1.0
2019-06-22,Hattula Lepaa,15.1,-1.0,-1.0
2019-06-22,Hämeenlinna Lammi Pappila,14.7,1.8,-1.0
2019-06-22,Mäntsälä Hirvihaara Kuntomajantie,,-1.0,-1.0
2019-06-22,Asikkala Pulkkilanharju,16.0,,
2019-06-22,Hämeenlinna Lammi Evo,14.0,,
2019-06-22,Kouvola Utti lentoasema,16.8,-1.0,-1.0
2019-06-22,Kouvola Anjala,17.0,0.6,-1.0
2019-06-22,Heinola Asemantaus,17.0,0.5,-1.0
2019-06-22,Kouvola Voikoski,,-1.0,-1.0
2019-06-22,Virolahti Koivuniemi,16.0,-1.0,-1.0
2019-06-22,Lappeenranta lentoasema,16.6,,
2019-06-22,Lappeenranta Konnunsuo,17.1,,
2019-06-22,Lappeenranta Lepola,17.3,2.5,-1.0
2019-06-22,Ruokolahti Kotaniemi,,0.6,-1.0
2019-06-22,Lappeenranta Hiekkapakka,18.0,,
2019-06-22,Parikkala Koitsanlahti,18.0,1.5,-1.0
2019-06-22,Kaskinen Sälgrund,13.6,0.4,
2019-06-22,Merikarvia Tuorila,,0.1,-1.0
2019-06-22,Isojoki Kärjenkoski,,1.3,-1.0
2019-06-22,Teuva Kauppilankylä,,3.6,-1.0
2019-06-22,Pori Tahkoluoto satama,13.9,,
2019-06-22,Kristiinankaupunki Majakka,12.1,,
2019-06-22,Karvia Alkkia,13.0,1.8,-1.0
2019-06-22,Ikaalinen Vehuvarpee,,-1.0,-1.0
2019-06-22,Kurikka Hirvijärvi,,3.3,-1.0
2019-06-22,Kauhajoki Kuja-Kokko,13.2,2.9,-1.0
2019-06-22,Kankaanpää Niinisalo lentokenttä,13.7,0.7,-1.0
2019-06-22,Alavus Sulkavankylä,,1.5,-1.0
2019-06-22,Virrat Äijänneva,12.9,,
2019-06-22,Tampere Siilinkari,14.8,,
2019-06-22,Jämsä Halli lentoasema,15.1,0.1,-1.0
2019-06-22,Juupajoki Hyytiälä,14.4,0.0,-1.0
2019-06-22,Sysmä Joutsjärvi,,0.0,-1.0
2019-06-22,Luhanka Tammijärvi,,-1.0,-1.0
2019-06-22,Jyväskylä Muuratjärvi,,1.6,-1.0
2019-06-22,Luhanka Judinsalo,16.0,,
2019-06-22,Multia Pirttiperä,,0.9,-1.0
2019-06-22,Joutsa Savenaho,14.9,0.1,-1.0
2019-06-22,Kangasniemi kirkonkylä,,-1.0,-1.0
2019-06-22,Joutsa Pärnämäki,,0.0,-1.0
2019-06-22,Mikkeli Pitkähiekka,,0.0,-1.0
2019-06-22,Juva Partala,16.9,,
2019-06-22,Varkaus Kosulanniemi,17.3,-1.0,-1.0
2019-06-22,Savonlinna Laukansaari,,0.0,-1.0
2019-06-22,Sulkava Halttula,,0.0,-1.0
2019-06-22,Savonlinna lentoasema,18.0,,
2019-06-22,Rantasalmi Rukkasluoto,17.5,,
2019-06-22,Savonlinna Punkaharju Laukansaari,18.5,0.1,-1.0
2019-06-22,Enonkoski Simanala,,0.4,-1.0
2019-06-22,Savonlinna Savonranta,,0.4,-1.0
2019-06-22,Rääkkylä kirkonkylä,,0.6,-1.0
2019-06-22,Tohmajärvi Kemie,18.1,-1.0,-1.0
2019-06-22,Joensuu Huhtilampi,,0.1,-1.0
2019-06-22,Vaasa lentoasema,14.2,,
2019-06-22,Mustasaari Valassaaret,14.4,,
2019-06-22,Närpiö Ylimarkku,,1.1,-1.0
2019-06-22,Mustasaari Riimala,,2.2,-1.0
2019-06-22,Kurikka Pyörni,,1.7,-1.0
2019-06-22,Korsnäs Bredskäret,13.9,,
2019-06-22,Maalahti Strömmingsbådan,12.9,,
2019-06-22,Vaasa Klemettilä,14.4,1.5,-1.0
2019-06-22,Seinäjoki Pelmaa,14.8,2.3,-1.0
2019-06-22,Kauhava lentokenttä,14.1,3.4,-1.0
2019-06-22,Ähtäri Inha,14.3,2.0,-1.0
2019-06-22,Halsua Purola,14.1,0.4,-1.0
2019-06-22,Alajärvi Möksy,14.1,2.6,-1.0
2019-06-22,Multia Karhila,13.8,1.7,-1.0
2019-06-22,Viitasaari Haapaniemi,15.4,2.0,-1.0
2019-06-22,Äänekoski Kalaniemi,,1.2,-1.0
2019-06-22,Viitasaari Kärnä,,1.9,-1.0
2019-06-22,Vesanto kirkonkylä,14.7,1.8,-1.0
2019-06-22,Pielavesi Venetmäki,,2.3,-1.0
2019-06-22,Siilinjärvi Kuopio lentoasema,16.5,,
2019-06-22,Kuopio Maaninka,16.0,1.8,-1.0
2019-06-22,Lapinlahti Lamminkäyrä,,2.1,-1.0
2019-06-22,Suonenjoki Iisvesi,,0.8,-1.0
2019-06-22,Kuopio Karttula,,0.3,-1.0
2019-06-22,Kuopio Ritoniemi,16.9,,
2019-06-22,Kuopio Savilahti,16.2,0.5,-1.0
2019-06-22,Heinävesi Palokki,,1.2,-1.0
2019-06-22,Outokumpu Viuruniemi,,-1.0,-1.0
2019-06-22,Rautavaara Ala-Luosta,,0.4,-1.0
2019-06-22,Rautavaara Ylä-Luosta,15.9,4.9,-1.0
2019-06-22,Liperi Joensuu lentoasema,17.4,,
2019-06-22,Juuka Niemelä,16.9,2.3,-1.0
2019-06-22,Joensuu Pyhäselkä,,0.4,-1.0
2019-06-22,Lieksa Koli,,0.3,-1.0
2019-06-22,Liperi Tuiskavanluoto,17.6,,
2019-06-22,Joensuu Linnunlahti,17.0,0.8,-1.0
2019-06-22,Lieksa Lampela,16.8,4.3,-1.0
2019-06-22,Ilomantsi Naarva,,0.4,-1.0
2019-06-22,Ilomantsi Pötsönvaara,15.6,3.7,-1.0
2019-06-22,Ilomantsi Mekrijärvi,17.5,0.2,-1.0
2019-06-22,Pietarsaari Kallan,12.8,,
2019-06-22,Kokkola Tankar,13.0,,
2019-06-22,Kruunupyy Kokkola-Pietarsaari lentoasema,13.7,,
2019-06-22,Kaustinen Tastula,,2.4,-1.0
2019-06-22,Kalajoki Ulkokalla,10.7,,
2019-06-22,Toholampi Oravala,,3.7,-1.0
2019-06-22,Kalajoki Pitkäsenkylä,,15.2,-1.0
2019-06-22,Kalajoki Mehtäkylä,,9.2,-1.0
2019-06-22,Toholampi Laitala,13.7,5.5,-1.0
2019-06-22,Ylivieska lentokenttä,12.8,6.3,-1.0
2019-06-22,Ylivieska Vähäkangas,,6.6,-1.0
2019-06-22,Haapavesi Mustikkamäki,13.0,12.2,-1.0
2019-06-22,Pyhäjärvi Ojakylä,13.6,4.5,-1.0
2019-06-22,Pyhäjärvi Hiidenniemi,,1.4,-1.0
2019-06-22,Kiuruvesi Korpijoki,,2.2,-1.0
2019-06-22,Siikalatva Kestilä,,2.8,-1.0
2019-06-22,Kajaani lentoasema,14.7,,
2019-06-22,Vieremä Kaarakkala,13.7,2.6,-1.0
2019-06-22,Kajaani Paltaniemi,,4.2,-1.0
2019-06-22,Nurmes Valtimo,16.2,1.9,-1.0
2019-06-22,Ristijärvi Mustavaara,,3.1,-1.0
2019-06-22,Sotkamo Kuolaniemi,15.0,0.9,-1.0
2019-06-22,Nurmes Mujejärvi,,0.6,-1.0
2019-06-22,Kuhmo Apaja,,0.8,-1.0
2019-06-22,Kuhmo Kalliojoki,15.8,2.7,-1.0
2019-06-22,Raahe Nahkiainen,12.8,,
2019-06-22,Hailuoto Keskikylä,13.1,8.5,-1.0
2019-06-22,Kemi I majakka,11.0,,
2019-06-22,Hailuoto Marjaniemi,12.9,,
2019-06-22,Raahe Lapaluoto satama,13.7,,
2019-06-22,Oulu lentoasema,14.0,,
2019-06-22,Siikajoki Ruukki,13.1,18.3,-1.0
2019-06-22,Oulu Vihreäsaari satama,14.5,,
2019-06-22,Oulu Oulunsalo Pellonpää,14.0,9.4,-1.0
2019-06-22,Vaala Pelso,12.8,8.3,-1.0
2019-06-22,Pudasjärvi lentokenttä,14.3,12.3,-1.0
2019-06-22,Utajärvi Särkijärvi,,9.6,-1.0
2019-06-22,Pudasjärvi Jaurakkajärvi,,16.9,-1.0
2019-06-22,Suomussalmi Näljänkä,,12.5,-1.0
2019-06-22,Suomussalmi Pesiö,14.5,9.5,-1.0
2019-06-22,Puolanka Kotila,,4.3,-1.0
2019-06-22,Puolanka Paljakka,12.7,5.4,-1.0
2019-06-22,Kemi Kemi-Tornio lentoasema,13.1,,
2019-06-22,Kemi Ajos,13.3,,
2019-06-22,Tornio Kaakkuri,13.3,9.8,-1.0
2019-06-22,Ranua lentokenttä,14.2,8.2,-1.0
2019-06-22,Pudasjärvi Sarakylä,,13.0,-1.0
2019-06-22,Posio Raistakka,,2.3,-1.0
2019-06-22,Taivalkoski Inkee,,3.8,-1.0
2019-06-22,Taivalkoski kirkonkylä,14.4,9.7,-1.0
2019-06-22,Kuusamo lentoasema,14.6,,
2019-06-22,Kuusamo Kiutaköngäs,16.0,0.5,-1.0
2019-06-22,Kuusamo Rukatunturi,12.4,,
2019-06-22,Kuusamo Teeriranta,,2.1,-1.0
2019-06-22,Kuusamo Juuma,14.7,,
2019-06-22,Ylitornio Meltosjärvi,15.6,10.1,-1.0
2019-06-22,Kolari Kattilamaa,,28.0,-1.0
2019-06-22,Pello kirkonkylä,14.6,10.1,-1.0
2019-06-22,Kittilä Alakylä,,13.7,-1.0
2019-06-22,Rovaniemi rautatieasema,15.9,,
2019-06-22,Sodankylä Tähtelä,15.6,5.5,-1.0
2019-06-22,Rovaniemi Apukka,15.4,2.7,-1.0
2019-06-22,Pelkosenniemi kirkonkylä,,3.6,-1.0
2019-06-22,Kemijärvi lentokenttä,15.3,5.1,-1.0
2019-06-22,Savukoski kirkonkylä,15.1,0.5,-1.0
2019-06-22,Salla Kelloselkä,,0.2,-1.0
2019-06-22,Pelkosenniemi Pyhätunturi,13.1,,
2019-06-22,Salla kirkonkylä,15.7,2.8,-1.0
2019-06-22,Salla Naruska,14.0,4.0,-1.0
2019-06-22,Enontekiö Kaaresuvanto,,30.2,-1.0
2019-06-22,Kittilä Pulju,,11.8,-1.0
2019-06-22,Muonio Laukukero,6.5,,
2019-06-22,Muonio Sammaltunturi,7.8,,
2019-06-22,Kittilä Matorova,8.9,,
2019-06-22,Kittilä lentoasema,11.2,,
2019-06-22,Kittilä Kenttärova,9.0,19.7,-1.0
2019-06-22,Kittilä Pakatti,11.7,12.3,-1.0
2019-06-22,Kittilä Pokka,9.3,20.7,-1.0
2019-06-22,Sodankylä Lokka,13.0,9.2,-1.0
2019-06-22,Sodankylä Vuotso,10.9,15.6,-1.0
2019-06-22,Inari Saariselkä matkailukeskus,8.8,16.1,-1.0
2019-06-22,Inari Saariselkä Kaunispää,7.9,,
2019-06-22,Inari Raja-Jooseppi Kontiojärvi,,20.5,-1.0
2019-06-22,Inari Raja-Jooseppi,8.6,,
2019-06-22,Salla Värriötunturi,11.5,23.5,-1.0
2019-06-22,Enontekiö Kilpisjärvi kyläkeskus,8.3,13.0,-1.0
2019-06-22,Enontekiö Kilpisjärvi Saana,4.9,,
2019-06-22,Enontekiö Näkkälä,7.5,6.7,-1.0
2019-06-22,Inari Angeli Lintupuoliselkä,6.6,5.8,-1.0
2019-06-22,Inari Ivalo lentoasema,8.3,,
2019-06-22,Utsjoki Kevo,5.7,9.0,-1.0
2019-06-22,Utsjoki Nuorgam,5.8,0.4,-1.0
2019-06-22,Inari Väylä,7.0,,
2019-06-22,Inari kirkonkylä,,19.8,-1.0
2019-06-22,Inari Kaamanen,6.4,16.7,-1.0
2019-06-22,Inari Nellim,7.9,12.1,-1.0
2019-06-22,Inari Kirakkajärvi,5.6,5.3,-1.0
2019-06-22,Mäntsälä Hirvihaara,15.0,0.9,-1.0
2019-06-22,Lahti Sopenkorpi,16.2,0.6,-1.0
2019-06-22,Siuntio Sjundby,,-1.0,-1.0
2019-06-22,Sipoo Itätoukki,14.0,,
2019-06-22,Rauma Pyynpää,15.3,-1.0,-1.0
2019-06-22,Muonio Oustajärvi,10.3,22.6,-1.0
2019-06-22,Kajaani Petäisenniska,14.5,1.7,-1.0
2019-06-22,Utsjoki Kevo Kevojärvi,6.1,,
2019-06-22,Inari Seitalaassa,6.8,,
2019-06-22,Rovaniemi lentoasema AWOS,15.1,3.6,-1.0
2019-06-22,Jyväskylä lentoasema AWOS,15.4,0.2,-1.0
2019-06-22,Puumala kirkonkylä,17.8,-1.0,-1.0
2019-06-22,Helsinki Vuosaari satama,16.3,,
2019-06-22,Maarianhamina Länsisatama,15.9,,
2019-06-22,Lumparland Långnäs satama,16.0,-1.0,-1.0
2019-06-22,Tampere Tampella,16.2,,
2019-06-22,Kittilä Lompolonvuoma,9.5,,
2019-06-22,Kuusamo Ruka Talvijärvi,14.3,,
2019-06-22,Espoo Nuuksio,15.0,1.4,-1.0
2019-06-22,Mikkeli Lentoasema AWOS,16.6,-1.0,-1.0
2019-06-22,Espoo Tapiola,17.0,1.3,-1.0
2019-06-23,Porvoo Kilpilahti satama,16.3,,
2019-06-23,Jomala Maarianhamina lentoasema,14.5,,
2019-06-23,Parainen Utö,15.6,-1.0,-1.0
2019-06-23,Lemland Nyhamn,15.0,,
2019-06-23,Jomala Jomalaby,15.3,-1.0,-1.0
2019-06-23,Hammarland Märket,15.2,,
2019-06-23,Kökar Bogskär,14.8,,
2019-06-23,Parainen Fagerholm,16.3,-1.0,
2019-06-23,Kumlinge kirkonkylä,16.5,,
2019-06-23,Hanko Russarö,15.8,-1.0,
2019-06-23,Kaarina Yltöinen,16.2,-1.0,-1.0
2019-06-23,Kemiönsaari Vänö,16.1,,
2019-06-23,Hanko Tulliniemi,15.9,,
2019-06-23,Turku Rajakari,17.1,,
2019-06-23,Turku Artukainen,17.3,-1.0,-1.0
2019-06-23,Kemiönsaari Kemiö,16.3,-1.0,-1.0
2019-06-23,Hanko Tvärminne,16.0,0.1,-1.0
2019-06-23,Salo Kärkkä,16.7,-1.0,
2019-06-23,Lohja Leppäkorpi,,0.3,-1.0
2019-06-23,Raasepori Jussarö,15.0,,
2019-06-23,Salo Kiikala lentokenttä,16.2,-1.0,-1.0
2019-06-23,Vantaa Helsinki-Vantaan lentoasema,17.2,-1.0,-1.0
2019-06-23,Inkoo Bågaskär,15.4,,
2019-06-23,Helsinki Kaisaniemi,17.3,-1.0,-1.0
2019-06-23,Lohja Porla,16.8,-1.0,-1.0
2019-06-23,Vihti Maasoja,14.6,,
2019-06-23,Helsinki Harmaja,14.4,,
2019-06-23,Kirkkonummi Mäkiluoto,15.4,,
2019-06-23,Helsinki Helsingin majakka,14.6,,
2019-06-23,Helsinki Kumpula,17.7,-1.0,-1.0
2019-06-23,Helsinki Malmi lentokenttä,17.2,,
2019-06-23,Porvoo Emäsalo,15.3,,
2019-06-23,Porvoo Harabacka,16.9,-1.0,-1.0
2019-06-23,Kotka Rankki,15.5,-1.0,-1.0
2019-06-23,Loviisa Orrengrund,15.0,,
2019-06-23,Kotka Haapasaari,14.9,,
2019-06-23,Pori lentoasema,15.3,,
2019-06-23,Uusikaupunki Itätulli,,-1.0,-1.0
2019-06-23,Laitila Haukka,,-1.0,-1.0
2019-06-23,Kustavi Isokari,16.3,0.1,
2019-06-23,Rauma Kylmäpihlaja,15.6,,
2019-06-23,Pori rautatieasema,15.5,-1.0,-1.0
2019-06-23,Turku lentoasema,16.2,,
2019-06-23,Kokemäki Rausenkulma,,-1.0,-1.0
2019-06-23,Huittinen Sallila,,-1.0,-1.0
2019-06-23,Oripää Teinikivi,,-1.0,-1.0
2019-06-23,Pöytyä Yläne,,0.0,-1.0
2019-06-23,Kokemäki Tulkkila,15.9,-1.0,-1.0
2019-06-23,Jokioinen Ilmala,15.1,-1.0,-1.0
2019-06-23,Nokia Tottijärvi,,-1.0,-1.0
2019-06-23,Pirkkala Tampere-Pirkkala lentoasema,15.7,,
2019-06-23,Tampere Härmälä,16.2,-1.0,-1.0
2019-06-23,Somero Salkola,15.3,-1.0,-1.0
2019-06-23,Hyvinkää Hyvinkäänkylä,15.1,0.4,-1.0
2019-06-23,Vihti Hiiskula,,0.5,-1.0
2019-06-23,Hämeenlinna Pirttikoski,,-1.0,-1.0
2019-06-23,Nurmijärvi Röykkä,15.9,0.2,-1.0
2019-06-23,Hattula Lepaa,16.3,-1.0,-1.0
2019-06-23,Hämeenlinna Lammi Pappila,15.2,0.2,-1.0
2019-06-23,Mäntsälä Hirvihaara Kuntomajantie,,-1.0,-1.0
2019-06-23,Asikkala Pulkkilanharju,16.1,,
2019-06-23,Hämeenlinna Lammi Evo,14.7,,
2019-06-23,Kouvola Utti lentoasema,17.2,-1.0,-1.0
2019-06-23,Kouvola Anjala,17.0,-1.0,-1.0
2019-06-23,Heinola Asemantaus,16.8,0.1,-1.0
2019-06-23,Kouvola Voikoski,,-1.0,-1.0
2019-06-23,Virolahti Koivuniemi,16.0,0.4,-1.0
2019-06-23,Lappeenranta lentoasema,16.4,,
2019-06-23,Lappeenranta Konnunsuo,15.8,,
2019-06-23,Lappeenranta Lepola,16.8,-1.0,-1.0
2019-06-23,Ruokolahti Kotaniemi,,-1.0,-1.0
2019-06-23,Lappeenranta Hiekkapakka,16.9,,
2019-06-23,Parikkala Koitsanlahti,16.1,-1.0,-1.0
2019-06-23,Kaskinen Sälgrund,14.0,-1.0,
2019-06-23,Merikarvia Tuorila,,-1.0,-1.0
2019-06-23,Isojoki Kärjenkoski,,-1.0,-1.0
2019-06-23,Teuva Kauppilankylä,,-1.0,-1.0
2019-06-23,Pori Tahkoluoto satama,15.0,,
2019-06-23,Kristiinankaupunki Majakka,12.4,,
2019-06-23,Karvia Alkkia,14.0,-1.0,-1.0
2019-06-23,Ikaalinen Vehuvarpee,,-1.0,-1.0
2019-06-23,Kurikka Hirvijärvi,,-1.0,-1.0
2019-06-23,Kauhajoki Kuja-Kokko,13.9,-1.0,-1.0
2019-06-23,Kankaanpää Niinisalo lentokenttä,15.5,-1.0,-1.0
2019-06-23,Alavus Sulkavankylä,,-1.0,-1.0
2019-06-23,Virrat Äijänneva,14.2,,
2019-06-23,Tampere Siilinkari,15.7,,
2019-06-23,Jämsä Halli lentoasema,15.6,-1.0,-1.0
2019-06-23,Juupajoki Hyytiälä,14.8,-1.0,-1.0
2019-06-23,Sysmä Joutsjärvi,,-1.0,-1.0
2019-06-23,Luhanka Tammijärvi,,-1.0,-1.0
2019-06-23,Jyväskylä Muuratjärvi,,-1.0,-1.0
2019-06-23,Luhanka Judinsalo,15.9,,
2019-06-23,Multia Pirttiperä,,-1.0,-1.0
2019-06-23,Joutsa Savenaho,14.7,-1.0,-1.0
2019-06-23,Kangasniemi kirkonkylä,,-1.0,-1.0
2019-06-23,Joutsa Pärnämäki,,-1.0,-1.0
2019-06-23,Mikkeli Pitkähiekka,,-1.0,-1.0
2019-06-23,Juva Partala,15.7,,
2019-06-23,Varkaus Kosulanniemi,16.3,-1.0,-1.0
2019-06-23,Savonlinna Laukansaari,,-1.0,-1.0
2019-06-23,Sulkava Halttula,,-1.0,-1.0
2019-06-23,Savonlinna lentoasema,15.7,,
2019-06-23,Rantasalmi Rukkasluoto,16.2,,
2019-06-23,Savonlinna Punkaharju Laukansaari,16.2,-1.0,-1.0
2019-06-23,Enonkoski Simanala,,-1.0,-1.0
2019-06-23,Savonlinna Savonranta,,-1.0,-1.0
2019-06-23,Rääkkylä kirkonkylä,,-1.0,-1.0
2019-06-23,Tohmajärvi Kemie,15.3,-1.0,-1.0
2019-06-23,Joensuu Huhtilampi,,-1.0,-1.0
2019-06-23,Vaasa lentoasema,14.0,,
2019-06-23,Mustasaari Valassaaret,14.1,,
2019-06-23,Närpiö Ylimarkku,,-1.0,-1.0
2019-06-23,Mustasaari Riimala,,-1.0,-1.0
2019-06-23,Kurikka Pyörni,,-1.0,-1.0
2019-06-23,Korsnäs Bredskäret,13.4,,
2019-06-23,Maalahti Strömmingsbådan,12.7,,
2019-06-23,Vaasa Klemettilä,14.5,-1.0,-1.0
2019-06-23,Seinäjoki Pelmaa,14.3,-1.0,-1.0
2019-06-23,Kauhava lentokenttä,14.0,-1.0,-1.0
2019-06-23,Ähtäri Inha,14.4,-1.0,-1.0
2019-06-23,Halsua Purola,13.7,-1.0,-1.0
2019-06-23,Alajärvi Möksy,13.6,-1.0,-1.0
2019-06-23,Multia Karhila,13.5,-1.0,-1.0
2019-06-23,Viitasaari Haapaniemi,14.8,-1.0,-1.0
2019-06-23,Äänekoski Kalaniemi,,-1.0,-1.0
2019-06-23,Viitasaari Kärnä,,-1.0,-1.0
2019-06-23,Vesanto kirkonkylä,14.4,-1.0,-1.0
2019-06-23,Pielavesi Venetmäki,,-1.0,-1.0
2019-06-23,Siilinjärvi Kuopio lentoasema,15.3,,
2019-06-23,Kuopio Maaninka,14.8,-1.0,-1.0
2019-06-23,Lapinlahti Lamminkäyrä,,-1.0,-1.0
2019-06-23,Suonenjoki Iisvesi,,-1.0,-1.0
2019-06-23,Kuopio Karttula,,-1.0,-1.0
2019-06-23,Kuopio Ritoniemi,15.7,,
2019-06-23,Kuopio Savilahti,15.6,-1.0,-1.0
2019-06-23,Heinävesi Palokki,,-1.0,-1.0
2019-06-23,Outokumpu Viuruniemi,,-1.0,-1.0
2019-06-23,Rautavaara Ala-Luosta,,-1.0,-1.0
2019-06-23,Rautavaara Ylä-Luosta,13.0,-1.0,-1.0
2019-06-23,Liperi Joensuu lentoasema,15.1,,
2019-06-23,Juuka Niemelä,14.0,-1.0,-1.0
2019-06-23,Joensuu Pyhäselkä,,-1.0,-1.0
2019-06-23,Lieksa Koli,,-1.0,-1.0
2019-06-23,Liperi Tuiskavanluoto,16.1,,
2019-06-23,Joensuu Linnunlahti,15.5,-1.0,-1.0
2019-06-23,Lieksa Lampela,14.4,-1.0,-1.0
2019-06-23,Ilomantsi Naarva,,0.0,-1.0
2019-06-23,Ilomantsi Pötsönvaara,13.1,-1.0,-1.0
2019-06-23,Ilomantsi Mekrijärvi,14.8,-1.0,-1.0
2019-06-23,Pietarsaari Kallan,11.3,,
2019-06-23,Kokkola Tankar,11.9,,
2019-06-23,Kruunupyy Kokkola-Pietarsaari lentoasema,13.6,,
2019-06-23,Kaustinen Tastula,,-1.0,-1.0
2019-06-23,Kalajoki Ulkokalla,9.4,,
2019-06-23,Toholampi Oravala,,-1.0,-1.0
2019-06-23,Kalajoki Pitkäsenkylä,,-1.0,-1.0
2019-06-23,Kalajoki Mehtäkylä,,-1.0,-1.0
2019-06-23,Toholampi Laitala,13.0,-1.0,-1.0
2019-06-23,Ylivieska lentokenttä,13.2,-1.0,-1.0
2019-06-23,Ylivieska Vähäkangas,,-1.0,-1.0
2019-06-23,Haapavesi Mustikkamäki,12.4,-1.0,-1.0
2019-06-23,Pyhäjärvi Ojakylä,13.0,-1.0,-1.0
2019-06-23,Pyhäjärvi Hiidenniemi,,-1.0,-1.0
2019-06-23,Kiuruvesi Korpijoki,,-1.0,-1.0
2019-06-23,Siikalatva Kestilä,,-1.0,-1.0
2019-06-23,Kajaani lentoasema,12.3,,
2019-06-23,Vieremä Kaarakkala,12.4,0.0,-1.0
2019-06-23,Kajaani Paltaniemi,,-1.0,-1.0
2019-06-23,Nurmes Valtimo,13.4,-1.0,-1.0
2019-06-23,Ristijärvi Mustavaara,,1.4,-1.0
2019-06-23,Sotkamo Kuolaniemi,12.3,0.3,-1.0
2019-06-23,Nurmes Mujejärvi,,-1.0,-1.0
2019-06-23,Kuhmo Apaja,,0.0,-1.0
2019-06-23,Kuhmo Kalliojoki,10.4,3.1,-1.0
2019-06-23,Raahe Nahkiainen,8.9,,
2019-06-23,Hailuoto Keskikylä,11.2,-1.0,-1.0
2019-06-23,Kemi I majakka,10.7,,
2019-06-23,Hailuoto Marjaniemi,11.0,,
2019-06-23,Raahe Lapaluoto satama,11.7,,
2019-06-23,Oulu lentoasema,11.9,,
2019-06-23,Siikajoki Ruukki,12.0,-1.0,-1.0
2019-06-23,Oulu Vihreäsaari satama,12.4,,
2019-06-23,Oulu Oulunsalo Pellonpää,11.7,-1.0,-1.0
2019-06-23,Vaala Pelso,11.5,-1.0,-1.0
2019-06-23,Pudasjärvi lentokenttä,9.6,1.6,-1.0
2019-06-23,Utajärvi Särkijärvi,,2.8,-1.0
2019-06-23,Pudasjärvi Jaurakkajärvi,,5.1,-1.0
2019-06-23,Suomussalmi Näljänkä,,8.2,-1.0
2019-06-23,Suomussalmi Pesiö,8.4,8.0,-1.0
2019-06-23,Puolanka Kotila,,2.4,-1.0
2019-06-23,Puolanka Paljakka,8.6,1.4,-1.0
2019-06-23,Kemi Kemi-Tornio lentoasema,9.5,,
2019-06-23,Kemi Ajos,11.1,,
2019-06-23,Tornio Kaakkuri,9.5,5.7,-1.0
2019-06-23,Ranua lentokenttä,8.5,2.6,-1.0
2019-06-23,Pudasjärvi Sarakylä,,5.0,-1.0
2019-06-23,Posio Raistakka,,11.0,-1.0
2019-06-23,Taivalkoski Inkee,,10.1,-1.0
2019-06-23,Taivalkoski kirkonkylä,8.2,5.4,-1.0
2019-06-23,Kuusamo lentoasema,8.3,,
2019-06-23,Kuusamo Kiutaköngäs,8.9,11.7,-1.0
2019-06-23,Kuusamo Rukatunturi,6.4,,
2019-06-23,Kuusamo Teeriranta,,6.2,-1.0
2019-06-23,Kuusamo Juuma,8.0,,
2019-06-23,Ylitornio Meltosjärvi,8.1,4.7,-1.0
2019-06-23,Kolari Kattilamaa,,5.0,-1.0
2019-06-23,Pello kirkonkylä,7.9,4.6,-1.0
2019-06-23,Kittilä Alakylä,,3.7,-1.0
2019-06-23,Rovaniemi rautatieasema,8.7,,
2019-06-23,Sodankylä Tähtelä,8.3,1.9,-1.0
2019-06-23,Rovaniemi Apukka,8.7,4.0,-1.0
2019-06-23,Pelkosenniemi kirkonkylä,,2.1,-1.0
2019-06-23,Kemijärvi lentokenttä,8.0,5.0,-1.0
2019-06-23,Savukoski kirkonkylä,8.4,0.8,-1.0
2019-06-23,Salla Kelloselkä,,8.6,-1.0
2019-06-23,Pelkosenniemi Pyhätunturi,6.1,,
2019-06-23,Salla kirkonkylä,8.0,7.3,-1.0
2019-06-23,Salla Naruska,7.8,3.8,-1.0
2019-06-23,Enontekiö Kaaresuvanto,,3.5,-1.0
2019-06-23,Kittilä Pulju,,3.3,-1.0
2019-06-23,Muonio Laukukero,3.2,,
2019-06-23,Muonio Sammaltunturi,4.4,,
2019-06-23,Kittilä Matorova,6.1,,
2019-06-23,Kittilä lentoasema,7.3,,
2019-06-23,Kittilä Kenttärova,5.9,4.9,-1.0
2019-06-23,Kittilä Pakatti,7.3,3.5,-1.0
2019-06-23,Kittilä Pokka,6.6,0.8,-1.0
2019-06-23,Sodankylä Lokka,8.0,0.8,-1.0
2019-06-23,Sodankylä Vuotso,7.1,0.6,-1.0
2019-06-23,Inari Saariselkä matkailukeskus,6.5,0.1,-1.0
2019-06-23,Inari Saariselkä Kaunispää,5.5,,
2019-06-23,Inari Raja-Jooseppi Kontiojärvi,,0.4,-1.0
2019-06-23,Inari Raja-Jooseppi,7.3,,
2019-06-23,Salla Värriötunturi,5.5,1.9,-1.0
2019-06-23,Enontekiö Kilpisjärvi kyläkeskus,6.9,11.6,-1.0
2019-06-23,Enontekiö Kilpisjärvi Saana,2.9,,
2019-06-23,Enontekiö Näkkälä,7.1,3.4,-1.0
2019-06-23,Inari Angeli Lintupuoliselkä,7.4,1.2,-1.0
2019-06-23,Inari Ivalo lentoasema,7.6,,
2019-06-23,Utsjoki Kevo,10.2,-1.0,-1.0
2019-06-23,Utsjoki Nuorgam,9.8,-1.0,-1.0
2019-06-23,Inari Väylä,7.4,,
2019-06-23,Inari kirkonkylä,,0.0,-1.0
2019-06-23,Inari Kaamanen,7.8,-1.0,-1.0
2019-06-23,Inari Nellim,7.6,-1.0,-1.0
2019-06-23,Inari Kirakkajärvi,7.0,-1.0,-1.0
2019-06-23,Mäntsälä Hirvihaara,15.4,0.4,-1.0
2019-06-23,Lahti Sopenkorpi,16.4,1.5,-1.0
2019-06-23,Siuntio Sjundby,,-1.0,-1.0
2019-06-23,Sipoo Itätoukki,13.9,,
2019-06-23,Rauma Pyynpää,16.5,-1.0,-1.0
2019-06-23,Muonio Oustajärvi,7.3,6.5,-1.0
2019-06-23,Kajaani Petäisenniska,12.6,-1.0,-1.0
2019-06-23,Utsjoki Kevo Kevojärvi,9.6,,
2019-06-23,Inari Seitalaassa,7.3,,
2019-06-23,Rovaniemi lentoasema AWOS,7.9,6.8,-1.0
2019-06-23,Jyväskylä lentoasema AWOS,14.8,-1.0,-1.0
2019-06-23,Puumala kirkonkylä,16.6,-1.0,-1.0
2019-06-23,Helsinki Vuosaari satama,15.7,,
2019-06-23,Maarianhamina Länsisatama,15.0,,
2019-06-23,Lumparland Långnäs satama,16.2,-1.0,-1.0
2019-06-23,Tampere Tampella,17.1,,
2019-06-23,Kittilä Lompolonvuoma,6.7,,
2019-06-23,Kuusamo Ruka Talvijärvi,8.1,,
2019-06-23,Espoo Nuuksio,16.4,-1.0,-1.0
2019-06-23,Mikkeli Lentoasema AWOS,15.7,-1.0,-1.0
2019-06-23,Espoo Tapiola,17.1,-1.0,-1.0
2019-06-24,Porvoo Kilpilahti satama,19.1,,
2019-06-24,Jomala Maarianhamina lentoasema,15.0,,
2019-06-24,Parainen Utö,15.9,-1.0,-1.0
2019-06-24,Lemland Nyhamn,15.7,,
2019-06-24,Jomala Jomalaby,14.9,-1.0,-1.0
2019-06-24,Hammarland Märket,13.9,,
2019-06-24,Kökar Bogskär,14.9,,
2019-06-24,Parainen Fagerholm,16.2,-1.0,
2019-06-24,Kumlinge kirkonkylä,14.5,,
2019-06-24,Hanko Russarö,17.2,-1.0,
2019-06-24,Kaarina Yltöinen,16.8,-1.0,-1.0
2019-06-24,Kemiönsaari Vänö,16.5,,
2019-06-24,Hanko Tulliniemi,17.1,,
2019-06-24,Turku Rajakari,17.0,,
2019-06-24,Turku Artukainen,17.2,-1.0,-1.0
2019-06-24,Kemiönsaari Kemiö,17.1,-1.0,-1.0
2019-06-24,Hanko Tvärminne,18.0,-1.0,-1.0
2019-06-24,Salo Kärkkä,17.2,-1.0,
2019-06-24,Lohja Leppäkorpi,,-1.0,-1.0
2019-06-24,Raasepori Jussarö,16.7,,
2019-06-24,Salo Kiikala lentokenttä,16.3,-1.0,-1.0
2019-06-24,Vantaa Helsinki-Vantaan lentoasema,18.6,-1.0,-1.0
2019-06-24,Inkoo Bågaskär,17.8,,
2019-06-24,Helsinki Kaisaniemi,19.5,-1.0,-1.0
2019-06-24,Lohja Porla,18.0,-1.0,-1.0
2019-06-24,Vihti Maasoja,16.0,,
2019-06-24,Helsinki Harmaja,16.5,,
2019-06-24,Kirkkonummi Mäkiluoto,16.5,,
2019-06-24,Helsinki Helsingin majakka,16.0,,
2019-06-24,Helsinki Kumpula,19.3,-1.0,-1.0
2019-06-24,Helsinki Malmi lentokenttä,18.5,,
2019-06-24,Porvoo Emäsalo,16.9,,
2019-06-24,Porvoo Harabacka,18.1,-1.0,-1.0
2019-06-24,Kotka Rankki,16.4,-1.0,-1.0
2019-06-24,Loviisa Orrengrund,16.7,,
2019-06-24,Kotka Haapasaari,15.7,,
2019-06-24,Pori lentoasema,13.6,,
2019-06-24,Uusikaupunki Itätulli,,-1.0,-1.0
2019-06-24,Laitila Haukka,,-1.0,-1.0
2019-06-24,Kustavi Isokari,14.1,-1.0,
2019-06-24,Rauma Kylmäpihlaja,14.3,,
2019-06-24,Pori rautatieasema,14.1,-1.0,-1.0
2019-06-24,Turku lentoasema,16.0,,
2019-06-24,Kokemäki Rausenkulma,,-1.0,-1.0
2019-06-24,Huittinen Sallila,,-1.0,-1.0
2019-06-24,Oripää Teinikivi,,-1.0,-1.0
2019-06-24,Pöytyä Yläne,,-1.0,-1.0
2019-06-24,Kokemäki Tulkkila,14.1,-1.0,-1.0
2019-06-24,Jokioinen Ilmala,16.0,-1.0,-1.0
2019-06-24,Nokia Tottijärvi,,-1.0,-1.0
2019-06-24,Pirkkala Tampere-Pirkkala lentoasema,16.1,,
2019-06-24,Tampere Härmälä,15.7,-1.0,-1.0
2019-06-24,Somero Salkola,15.8,-1.0,-1.0
2019-06-24,Hyvinkää Hyvinkäänkylä,16.6,-1.0,-1.0
2019-06-24,Vihti Hiiskula,,-1.0,-1.0
2019-06-24,Hämeenlinna Pirttikoski,,-1.0,-1.0
2019-06-24,Nurmijärvi Röykkä,17.3,-1.0,-1.0
2019-06-24,Hattula Lepaa,17.2,-1.0,-1.0
2019-06-24,Hämeenlinna Lammi Pappila,16.2,-1.0,-1.0
2019-06-24,Mäntsälä Hirvihaara Kuntomajantie,,0.5,-1.0
2019-06-24,Asikkala Pulkkilanharju,16.4,,
2019-06-24,Hämeenlinna Lammi Evo,14.7,,
2019-06-24,Kouvola Utti lentoasema,17.7,-1.0,-1.0
2019-06-24,Kouvola Anjala,17.5,-1.0,-1.0
2019-06-24,Heinola Asemantaus,17.0,-1.0,-1.0
2019-06-24,Kouvola Voikoski,,-1.0,-1.0
2019-06-24,Virolahti Koivuniemi,16.6,0.0,-1.0
2019-06-24,Lappeenranta lentoasema,16.7,,
2019-06-24,Lappeenranta Konnunsuo,15.9,,
2019-06-24,Lappeenranta Lepola,17.4,-1.0,-1.0
2019-06-24,Ruokolahti Kotaniemi,,-1.0,-1.0
2019-06-24,Lappeenranta Hiekkapakka,17.4,,
2019-06-24,Parikkala Koitsanlahti,15.1,-1.0,-1.0
2019-06-24,Kaskinen Sälgrund,14.4,-1.0,
2019-06-24,Merikarvia Tuorila,,-1.0,-1.0
2019-06-24,Isojoki Kärjenkoski,,-1.0,-1.0
2019-06-24,Teuva Kauppilankylä,,-1.0,-1.0
2019-06-24,Pori Tahkoluoto satama,14.3,,
2019-06-24,Kristiinankaupunki Majakka,12.7,,
2019-06-24,Karvia Alkkia,13.6,-1.0,-1.0
2019-06-24,Ikaalinen Vehuvarpee,,-1.0,-1.0
2019-06-24,Kurikka Hirvijärvi,,-1.0,-1.0
2019-06-24,Kauhajoki Kuja-Kokko,12.9,-1.0,-1.0
2019-06-24,Kankaanpää Niinisalo lentokenttä,14.8,-1.0,-1.0
2019-06-24,Alavus Sulkavankylä,,-1.0,-1.0
2019-06-24,Virrat Äijänneva,13.8,,
2019-06-24,Tampere Siilinkari,15.7,,
2019-06-24,Jämsä Halli lentoasema,15.6,-1.0,-1.0
2019-06-24,Juupajoki Hyytiälä,14.5,-1.0,-1.0
2019-06-24,Sysmä Joutsjärvi,,0.0,-1.0
2019-06-24,Luhanka Tammijärvi,,-1.0,-1.0
2019-06-24,Jyväskylä Muuratjärvi,,0.0,-1.0
2019-06-24,Luhanka Judinsalo,16.3,,
2019-06-24,Multia Pirttiperä,,-1.0,-1.0
2019-06-24,Joutsa Savenaho,14.2,-1.0,-1.0
2019-06-24,Kangasniemi kirkonkylä,,0.1,-1.0
2019-06-24,Joutsa Pärnämäki,,0.0,-1.0
2019-06-24,Mikkeli Pitkähiekka,,-1.0,-1.0
2019-06-24,Juva Partala,14.4,,
2019-06-24,Varkaus Kosulanniemi,15.5,1.0,-1.0
2019-06-24,Savonlinna Laukansaari,,-1.0,-1.0
2019-06-24,Sulkava Halttula,,-1.0,-1.0
2019-06-24,Savonlinna lentoasema,14.3,,
2019-06-24,Rantasalmi Rukkasluoto,16.3,,
2019-06-24,Savonlinna Punkaharju Laukansaari,15.5,-1.0,-1.0
2019-06-24,Enonkoski Simanala,,0.5,-1.0
2019-06-24,Savonlinna Savonranta,,-1.0,-1.0
2019-06-24,Rääkkylä kirkonkylä,,0.0,-1.0
2019-06-24,Tohmajärvi Kemie,14.4,-1.0,-1.0
2019-06-24,Joensuu Huhtilampi,,-1.0,-1.0
2019-06-24,Vaasa lentoasema,13.9,,
2019-06-24,Mustasaari Valassaaret,14.3,,
2019-06-24,Närpiö Ylimarkku,,-1.0,-1.0
2019-06-24,Mustasaari Riimala,,-1.0,-1.0
2019-06-24,Kurikka Pyörni,,-1.0,-1.0
2019-06-24,Korsnäs Bredskäret,13.9,,
2019-06-24,Maalahti Strömmingsbådan,13.2,,
2019-06-24,Vaasa Klemettilä,14.8,0.4,-1.0
2019-06-24,Seinäjoki Pelmaa,14.2,-1.0,-1.0
2019-06-24,Kauhava lentokenttä,13.9,-1.0,-1.0
2019-06-24,Ähtäri Inha,14.2,-1.0,-1.0
2019-06-24,Halsua Purola,12.8,-1.0,-1.0
2019-06-24,Alajärvi Möksy,13.0,-1.0,-1.0
2019-06-24,Multia Karhila,13.2,-1.0,-1.0
2019-06-24,Viitasaari Haapaniemi,14.0,5.6,-1.0
2019-06-24,Äänekoski Kalaniemi,,-1.0,-1.0
2019-06-24,Viitasaari Kärnä,,0.2,-1.0
2019-06-24,Vesanto kirkonkylä,13.5,-1.0,-1.0
2019-06-24,Pielavesi Venetmäki,,-1.0,-1.0
2019-06-24,Siilinjärvi Kuopio lentoasema,15.1,,
2019-06-24,Kuopio Maaninka,14.4,-1.0,-1.0
2019-06-24,Lapinlahti Lamminkäyrä,,-1.0,-1.0
2019-06-24,Suonenjoki Iisvesi,,-1.0,-1.0
2019-06-24,Kuopio Karttula,,-1.0,-1.0
2019-06-24,Kuopio Ritoniemi,15.4,,
2019-06-24,Kuopio Savilahti,15.0,-1.0,-1.0
2019-06-24,Heinävesi Palokki,,0.0,-1.0
2019-06-24,Outokumpu Viuruniemi,,-1.0,-1.0
2019-06-24,Rautavaara Ala-Luosta,,-1.0,-1.0
2019-06-24,Rautavaara Ylä-Luosta,11.5,-1.0,-1.0
2019-06-24,Liperi Joensuu lentoasema,14.8,,
2019-06-24,Juuka Niemelä,12.5,-1.0,-1.0
2019-06-24,Joensuu Pyhäselkä,,-1.0,-1.0
2019-06-24,Lieksa Koli,,-1.0,-1.0
2019-06-24,Liperi Tuiskavanluoto,15.8,,
2019-06-24,Joensuu Linnunlahti,14.9,-1.0,-1.0
2019-06-24,Lieksa Lampela,12.8,-1.0,-1.0
2019-06-24,Ilomantsi Naarva,,0.0,-1.0
2019-06-24,Ilomantsi Pötsönvaara,11.1,-1.0,-1.0
2019-06-24,Ilomantsi Mekrijärvi,13.1,-1.0,-1.0
2019-06-24,Pietarsaari Kallan,11.6,,
2019-06-24,Kokkola Tankar,12.6,,
2019-06-24,Kruunupyy Kokkola-Pietarsaari lentoasema,14.2,,
2019-06-24,Kaustinen Tastula,,0.4,-1.0
2019-06-24,Kalajoki Ulkokalla,10.5,,
2019-06-24,Toholampi Oravala,,-1.0,-1.0
2019-06-24,Kalajoki Pitkäsenkylä,,-1.0,-1.0
2019-06-24,Kalajoki Mehtäkylä,,-1.0,-1.0
2019-06-24,Toholampi Laitala,13.1,-1.0,-1.0
2019-06-24,Ylivieska lentokenttä,12.9,-1.0,-1.0
2019-06-24,Ylivieska Vähäkangas,,-1.0,-1.0
2019-06-24,Haapavesi Mustikkamäki,12.9,-1.0,-1.0
2019-06-24,Pyhäjärvi Ojakylä,12.7,-1.0,-1.0
2019-06-24,Pyhäjärvi Hiidenniemi,,-1.0,-1.0
2019-06-24,Kiuruvesi Korpijoki,,-1.0,-1.0
2019-06-24,Siikalatva Kestilä,,-1.0,-1.0
2019-06-24,Kajaani lentoasema,12.2,,
2019-06-24,Vieremä Kaarakkala,12.2,-1.0,-1.0
2019-06-24,Kajaani Paltaniemi,,-1.0,-1.0
2019-06-24,Nurmes Valtimo,13.0,-1.0,-1.0
2019-06-24,Ristijärvi Mustavaara,,0.0,-1.0
2019-06-24,Sotkamo Kuolaniemi,11.9,-1.0,-1.0
2019-06-24,Nurmes Mujejärvi,,0.0,-1.0
2019-06-24,Kuhmo Apaja,,0.1,-1.0
2019-06-24,Kuhmo Kalliojoki,10.0,1.9,-1.0
2019-06-24,Hailuoto Keskikylä,11.3,-1.0,-1.0
2019-06-24,Kemi I majakka,10.4,,
2019-06-24,Hailuoto Marjaniemi,11.4,,
2019-06-24,Raahe Lapaluoto satama,12.1,,
2019-06-24,Oulu lentoasema,12.3,,
2019-06-24,Siikajoki Ruukki,11.7,-1.0,-1.0
2019-06-24,Oulu Vihreäsaari satama,12.2,,
2019-06-24,Oulu Oulunsalo Pellonpää,12.1,-1.0,-1.0
2019-06-24,Vaala Pelso,11.8,-1.0,-1.0
2019-06-24,Pudasjärvi lentokenttä,11.3,-1.0,-1.0
2019-06-24,Utajärvi Särkijärvi,,0.0,-1.0
2019-06-24,Pudasjärvi Jaurakkajärvi,,-1.0,-1.0
2019-06-24,Suomussalmi Näljänkä,,-1.0,-1.0
2019-06-24,Suomussalmi Pesiö,9.9,0.2,-1.0
2019-06-24,Puolanka Kotila,,0.2,-1.0
2019-06-24,Puolanka Paljakka,9.5,-1.0,-1.0
2019-06-24,Kemi Kemi-Tornio lentoasema,11.7,,
2019-06-24,Kemi Ajos,12.1,,
2019-06-24,Tornio Kaakkuri,12.4,0.2,-1.0
2019-06-24,Ranua lentokenttä,11.0,1.1,-1.0
2019-06-24,Pudasjärvi Sarakylä,,-1.0,-1.0
2019-06-24,Posio Raistakka,,0.4,-1.0
2019-06-24,Taivalkoski Inkee,,0.0,-1.0
2019-06-24,Taivalkoski kirkonkylä,10.7,-1.0,-1.0
2019-06-24,Kuusamo lentoasema,10.2,,
2019-06-24,Kuusamo Kiutaköngäs,11.1,-1.0,-1.0
2019-06-24,Kuusamo Rukatunturi,8.2,,
2019-06-24,Kuusamo Teeriranta,,0.0,-1.0
2019-06-24,Kuusamo Juuma,9.6,,
2019-06-24,Ylitornio Meltosjärvi,11.8,4.1,-1.0
2019-06-24,Kolari Kattilamaa,,3.2,-1.0
2019-06-24,Pello kirkonkylä,11.3,1.0,-1.0
2019-06-24,Kittilä Alakylä,,2.0,-1.0
2019-06-24,Rovaniemi rautatieasema,12.4,,
2019-06-24,Sodankylä Tähtelä,11.5,1.8,-1.0
2019-06-24,Rovaniemi Apukka,11.5,4.4,-1.0
2019-06-24,Pelkosenniemi kirkonkylä,,0.0,-1.0
2019-06-24,Kemijärvi lentokenttä,10.7,1.2,-1.0
2019-06-24,Savukoski kirkonkylä,10.5,-1.0,-1.0
2019-06-24,Salla Kelloselkä,,0.8,-1.0
2019-06-24,Pelkosenniemi Pyhätunturi,9.2,,
2019-06-24,Salla kirkonkylä,10.5,-1.0,-1.0
2019-06-24,Salla Naruska,9.8,-1.0,-1.0
2019-06-24,Enontekiö Kaaresuvanto,,-1.0,-1.0
2019-06-24,Kittilä Pulju,,0.8,-1.0
2019-06-24,Muonio Laukukero,7.3,,
2019-06-24,Muonio Sammaltunturi,8.4,,
2019-06-24,Kittilä Matorova,9.9,,
2019-06-24,Kittilä lentoasema,11.1,,
2019-06-24,Kittilä Kenttärova,9.2,5.7,-1.0
2019-06-24,Kittilä Pakatti,11.1,0.8,-1.0
2019-06-24,Kittilä Pokka,9.5,5.3,-1.0
2019-06-24,Sodankylä Lokka,9.8,0.3,-1.0
2019-06-24,Sodankylä Vuotso,11.0,0.2,-1.0
2019-06-24,Inari Saariselkä matkailukeskus,10.1,0.7,-1.0
2019-06-24,Inari Saariselkä Kaunispää,9.6,,
2019-06-24,Inari Raja-Jooseppi Kontiojärvi,,0.2,-1.0
2019-06-24,Inari Raja-Jooseppi,11.0,,
2019-06-24,Salla Värriötunturi,10.0,0.0,-1.0
2019-06-24,Enontekiö Kilpisjärvi kyläkeskus,9.1,-1.0,-1.0
2019-06-24,Enontekiö Kilpisjärvi Saana,5.0,,
2019-06-24,Enontekiö Näkkälä,10.5,0.8,-1.0
2019-06-24,Inari Angeli Lintupuoliselkä,10.4,5.3,-1.0
2019-06-24,Inari Ivalo lentoasema,11.3,,
2019-06-24,Utsjoki Kevo,10.8,1.4,-1.0
2019-06-24,Utsjoki Nuorgam,11.4,-1.0,-1.0
2019-06-24,Inari Väylä,11.1,,
2019-06-24,Inari kirkonkylä,,9.4,-1.0
2019-06-24,Inari Kaamanen,11.2,11.0,-1.0
2019-06-24,Inari Nellim,11.2,0.3,-1.0
2019-06-24,Inari Kirakkajärvi,11.5,4.9,-1.0
2019-06-24,Mäntsälä Hirvihaara,15.6,-1.0,-1.0
2019-06-24,Lahti Sopenkorpi,17.4,-1.0,-1.0
2019-06-24,Siuntio Sjundby,,-1.0,-1.0
2019-06-24,Sipoo Itätoukki,15.4,,
2019-06-24,Rauma Pyynpää,13.7,-1.0,-1.0
2019-06-24,Muonio Oustajärvi,11.4,0.5,-1.0
2019-06-24,Kajaani Petäisenniska,12.2,-1.0,-1.0
2019-06-24,Utsjoki Kevo Kevojärvi,10.7,,
2019-06-24,Inari Seitalaassa,12.0,,
2019-06-24,Rovaniemi lentoasema AWOS,11.4,5.0,-1.0
2019-06-24,Jyväskylä lentoasema AWOS,15.1,-1.0,-1.0
2019-06-24,Puumala kirkonkylä,16.4,-1.0,-1.0
2019-06-24,Helsinki Vuosaari satama,19.4,,
2019-06-24,Maarianhamina Länsisatama,15.7,,
2019-06-24,Lumparland Långnäs satama,15.2,-1.0,-1.0
2019-06-24,Tampere Tampella,17.1,,
2019-06-24,Kittilä Lompolonvuoma,10.5,,
2019-06-24,Kuusamo Ruka Talvijärvi,10.1,,
2019-06-24,Espoo Nuuksio,17.5,-1.0,-1.0
2019-06-24,Mikkeli Lentoasema AWOS,15.3,-1.0,-1.0
2019-06-24,Espoo Tapiola,18.1,-1.0,-1.0
2019-06-25,Porvoo Kilpilahti satama,16.5,,
2019-06-25,Jomala Maarianhamina lentoasema,14.7,,
2019-06-25,Parainen Utö,15.4,2.6,-1.0
2019-06-25,Lemland Nyhamn,15.0,,
2019-06-25,Jomala Jomalaby,14.7,0.9,-1.0
2019-06-25,Hammarland Märket,14.7,,
2019-06-25,Kökar Bogskär,15.3,,
2019-06-25,Parainen Fagerholm,15.6,1.6,
2019-06-25,Kumlinge kirkonkylä,15.3,,
2019-06-25,Hanko Russarö,15.7,0.8,
2019-06-25,Kaarina Yltöinen,14.9,0.4,-1.0
2019-06-25,Kemiönsaari Vänö,15.8,,
2019-06-25,Hanko Tulliniemi,15.9,,
2019-06-25,Turku Rajakari,16.0,,
2019-06-25,Turku Artukainen,16.1,0.2,-1.0
2019-06-25,Kemiönsaari Kemiö,15.1,0.6,-1.0
2019-06-25,Hanko Tvärminne,15.7,0.8,-1.0
2019-06-25,Salo Kärkkä,15.3,0.2,
2019-06-25,Lohja Leppäkorpi,,1.1,-1.0
2019-06-25,Raasepori Jussarö,14.7,,
2019-06-25,Salo Kiikala lentokenttä,14.8,0.9,-1.0
2019-06-25,Vantaa Helsinki-Vantaan lentoasema,17.5,0.6,-1.0
2019-06-25,Inkoo Bågaskär,15.7,,
2019-06-25,Helsinki Kaisaniemi,17.0,0.7,-1.0
2019-06-25,Lohja Porla,16.5,0.6,-1.0
2019-06-25,Vihti Maasoja,14.7,,
2019-06-25,Helsinki Harmaja,15.2,,
2019-06-25,Kirkkonummi Mäkiluoto,15.5,,
2019-06-25,Helsinki Helsingin majakka,14.7,,
2019-06-25,Helsinki Kumpula,17.0,1.1,-1.0
2019-06-25,Helsinki Malmi lentokenttä,16.9,,
2019-06-25,Porvoo Emäsalo,15.8,,
2019-06-25,Porvoo Harabacka,17.4,0.2,-1.0
2019-06-25,Kotka Rankki,15.8,0.3,-1.0
2019-06-25,Loviisa Orrengrund,16.2,,
2019-06-25,Kotka Haapasaari,15.3,,
2019-06-25,Pori lentoasema,13.8,,
2019-06-25,Uusikaupunki Itätulli,,1.0,-1.0
2019-06-25,Laitila Haukka,,1.6,-1.0
2019-06-25,Kustavi Isokari,15.2,0.5,
2019-06-25,Rauma Kylmäpihlaja,15.0,,
2019-06-25,Pori rautatieasema,14.1,2.3,-1.0
2019-06-25,Turku lentoasema,14.7,,
2019-06-25,Kokemäki Rausenkulma,,2.3,-1.0
2019-06-25,Huittinen Sallila,,2.9,-1.0
2019-06-25,Oripää Teinikivi,,1.8,-1.0
2019-06-25,Pöytyä Yläne,,2.0,-1.0
2019-06-25,Kokemäki Tulkkila,14.2,2.2,-1.0
2019-06-25,Jokioinen Ilmala,14.3,1.4,-1.0
2019-06-25,Nokia Tottijärvi,,2.4,-1.0
2019-06-25,Pirkkala Tampere-Pirkkala lentoasema,15.4,,
2019-06-25,Tampere Härmälä,15.6,2.3,-1.0
2019-06-25,Somero Salkola,14.6,1.1,-1.0
2019-06-25,Hyvinkää Hyvinkäänkylä,15.8,0.5,-1.0
2019-06-25,Vihti Hiiskula,,1.0,-1.0
2019-06-25,Hämeenlinna Pirttikoski,,3.5,-1.0
2019-06-25,Nurmijärvi Röykkä,16.2,0.9,-1.0
2019-06-25,Hattula Lepaa,16.5,2.6,-1.0
2019-06-25,Hämeenlinna Lammi Pappila,15.4,1.7,-1.0
2019-06-25,Mäntsälä Hirvihaara Kuntomajantie,,1.2,-1.0
2019-06-25,Asikkala Pulkkilanharju,16.5,,
2019-06-25,Hämeenlinna Lammi Evo,15.0,,
2019-06-25,Kouvola Utti lentoasema,18.3,0.0,-1.0
2019-06-25,Kouvola Anjala,17.0,0.1,-1.0
2019-06-25,Heinola Asemantaus,17.1,0.9,-1.0
2019-06-25,Kouvola Voikoski,,0.5,-1.0
2019-06-25,Virolahti Koivuniemi,15.4,0.0,-1.0
2019-06-25,Lappeenranta lentoasema,17.9,,
2019-06-25,Lappeenranta Konnunsuo,15.5,,
2019-06-25,Lappeenranta Lepola,18.1,-1.0,-1.0
2019-06-25,Ruokolahti Kotaniemi,,-1.0,-1.0
2019-06-25,Lappeenranta Hiekkapakka,17.9,,
2019-06-25,Parikkala Koitsanlahti,15.6,0.2,-1.0
2019-06-25,Kaskinen Sälgrund,14.7,1.7,
2019-06-25,Merikarvia Tuorila,,2.0,-1.0
2019-06-25,Isojoki Kärjenkoski,,2.5,-1.0
2019-06-25,Teuva Kauppilankylä,,2.8,-1.0
2019-06-25,Pori Tahkoluoto satama,14.6,,
2019-06-25,Kristiinankaupunki Majakka,13.2,,
2019-06-25,Karvia Alkkia,14.2,1.9,-1.0
2019-06-25,Ikaalinen Vehuvarpee,,3.0,-1.0
2019-06-25,Kurikka Hirvijärvi,,3.5,-1.0
2019-06-25,Kauhajoki Kuja-Kokko,13.6,2.0,-1.0
2019-06-25,Kankaanpää Niinisalo lentokenttä,14.8,3.2,-1.0
2019-06-25,Alavus Sulkavankylä,,2.8,-1.0
2019-06-25,Virrat Äijänneva,13.7,,
2019-06-25,Tampere Siilinkari,15.5,,
2019-06-25,Jämsä Halli lentoasema,16.3,1.2,-1.0
2019-06-25,Juupajoki Hyytiälä,14.1,1.5,-1.0
2019-06-25,Sysmä Joutsjärvi,,0.6,-1.0
2019-06-25,Luhanka Tammijärvi,,1.2,-1.0
2019-06-25,Jyväskylä Muuratjärvi,,0.0,-1.0
2019-06-25,Luhanka Judinsalo,16.6,,
2019-06-25,Multia Pirttiperä,,0.6,-1.0
2019-06-25,Joutsa Savenaho,14.7,0.5,-1.0
2019-06-25,Kangasniemi kirkonkylä,,1.0,-1.0
2019-06-25,Joutsa Pärnämäki,,0.0,-1.0
2019-06-25,Mikkeli Pitkähiekka,,1.8,-1.0
2019-06-25,Juva Partala,14.9,,
2019-06-25,Varkaus Kosulanniemi,15.1,3.7,-1.0
2019-06-25,Savonlinna Laukansaari,,1.9,-1.0
2019-06-25,Sulkava Halttula,,1.4,-1.0
2019-06-25,Savonlinna lentoasema,15.0,,
2019-06-25,Rantasalmi Rukkasluoto,15.8,,
2019-06-25,Savonlinna Punkaharju Laukansaari,15.4,2.2,-1.0
2019-06-25,Enonkoski Simanala,,0.6,-1.0
2019-06-25,Savonlinna Savonranta,,1.1,-1.0
2019-06-25,Rääkkylä kirkonkylä,,0.4,-1.0
2019-06-25,Tohmajärvi Kemie,13.4,-1.0,-1.0
2019-06-25,Joensuu Huhtilampi,,1.4,-1.0
2019-06-25,Vaasa lentoasema,13.5,,
2019-06-25,Mustasaari Valassaaret,14.1,,
2019-06-25,Närpiö Ylimarkku,,4.8,-1.0
2019-06-25,Mustasaari Riimala,,1.5,-1.0
2019-06-25,Kurikka Pyörni,,4.5,-1.0
2019-06-25,Korsnäs Bredskäret,14.1,,
2019-06-25,Maalahti Strömmingsbådan,13.7,,
2019-06-25,Vaasa Klemettilä,14.3,1.4,-1.0
2019-06-25,Seinäjoki Pelmaa,14.5,1.1,-1.0
2019-06-25,Kauhava lentokenttä,13.3,0.5,-1.0
2019-06-25,Ähtäri Inha,14.5,2.5,-1.0
2019-06-25,Halsua Purola,11.9,3.4,-1.0
2019-06-25,Alajärvi Möksy,12.2,1.5,-1.0
2019-06-25,Multia Karhila,13.2,1.9,-1.0
2019-06-25,Viitasaari Haapaniemi,12.5,2.3,-1.0
2019-06-25,Äänekoski Kalaniemi,,0.3,-1.0
2019-06-25,Viitasaari Kärnä,,7.0,-1.0
2019-06-25,Vesanto kirkonkylä,12.0,0.4,-1.0
2019-06-25,Pielavesi Venetmäki,,2.4,-1.0
2019-06-25,Siilinjärvi Kuopio lentoasema,13.5,,
2019-06-25,Kuopio Maaninka,13.1,3.1,-1.0
2019-06-25,Lapinlahti Lamminkäyrä,,3.6,-1.0
2019-06-25,Suonenjoki Iisvesi,,2.5,-1.0
2019-06-25,Kuopio Karttula,,0.5,-1.0
2019-06-25,Kuopio Ritoniemi,14.7,,
2019-06-25,Kuopio Savilahti,13.5,2.3,-1.0
2019-06-25,Heinävesi Palokki,,1.0,-1.0
2019-06-25,Outokumpu Viuruniemi,,0.1,-1.0
2019-06-25,Rautavaara Ala-Luosta,,2.2,-1.0
2019-06-25,Rautavaara Ylä-Luosta,11.4,1.0,-1.0
2019-06-25,Liperi Joensuu lentoasema,13.3,,
2019-06-25,Juuka Niemelä,12.6,1.1,-1.0
2019-06-25,Joensuu Pyhäselkä,,0.1,-1.0
2019-06-25,Lieksa Koli,,0.9,-1.0
2019-06-25,Liperi Tuiskavanluoto,15.2,,
2019-06-25,Joensuu Linnunlahti,13.7,1.2,-1.0
2019-06-25,Lieksa Lampela,12.6,0.3,-1.0
2019-06-25,Ilomantsi Naarva,,1.7,-1.0
2019-06-25,Ilomantsi Pötsönvaara,12.0,0.7,-1.0
2019-06-25,Ilomantsi Mekrijärvi,13.1,1.0,-1.0
2019-06-25,Pietarsaari Kallan,12.6,,
2019-06-25,Kokkola Tankar,13.1,,
2019-06-25,Kruunupyy Kokkola-Pietarsaari lentoasema,13.2,,
2019-06-25,Kaustinen Tastula,,4.4,-1.0
2019-06-25,Kalajoki Ulkokalla,11.1,,
2019-06-25,Toholampi Oravala,,-1.0,-1.0
2019-06-25,Kalajoki Pitkäsenkylä,,-1.0,-1.0
2019-06-25,Kalajoki Mehtäkylä,,-1.0,-1.0
2019-06-25,Toholampi Laitala,12.9,-1.0,-1.0
2019-06-25,Ylivieska lentokenttä,12.8,-1.0,-1.0
2019-06-25,Ylivieska Vähäkangas,,-1.0,-1.0
2019-06-25,Haapavesi Mustikkamäki,13.0,-1.0,-1.0
2019-06-25,Pyhäjärvi Ojakylä,11.9,5.7,-1.0
2019-06-25,Pyhäjärvi Hiidenniemi,,-1.0,-1.0
2019-06-25,Kiuruvesi Korpijoki,,0.0,-1.0
2019-06-25,Siikalatva Kestilä,,-1.0,-1.0
2019-06-25,Kajaani lentoasema,12.7,,
2019-06-25,Vieremä Kaarakkala,12.8,0.5,-1.0
2019-06-25,Kajaani Paltaniemi,,-1.0,-1.0
2019-06-25,Nurmes Valtimo,13.2,-1.0,-1.0
2019-06-25,Ristijärvi Mustavaara,,0.0,-1.0
2019-06-25,Sotkamo Kuolaniemi,13.4,-1.0,-1.0
2019-06-25,Nurmes Mujejärvi,,0.0,-1.0
2019-06-25,Kuhmo Apaja,,-1.0,-1.0
2019-06-25,Kuhmo Kalliojoki,12.6,0.3,-1.0
2019-06-25,Raahe Nahkiainen,10.6,,
2019-06-25,Hailuoto Keskikylä,12.3,-1.0,-1.0
2019-06-25,Kemi I majakka,11.9,,
2019-06-25,Hailuoto Marjaniemi,12.5,,
2019-06-25,Raahe Lapaluoto satama,12.4,,
2019-06-25,Oulu lentoasema,12.9,,
2019-06-25,Siikajoki Ruukki,12.2,-1.0,-1.0
2019-06-25,Oulu Vihreäsaari satama,13.4,,
2019-06-25,Oulu Oulunsalo Pellonpää,12.6,-1.0,-1.0
2019-06-25,Vaala Pelso,12.0,-1.0,-1.0
2019-06-25,Pudasjärvi lentokenttä,10.8,6.5,-1.0
2019-06-25,Utajärvi Särkijärvi,,0.0,-1.0
2019-06-25,Pudasjärvi Jaurakkajärvi,,5.2,-1.0
2019-06-25,Suomussalmi Näljänkä,,0.5,-1.0
2019-06-25,Suomussalmi Pesiö,11.6,-1.0,-1.0
2019-06-25,Puolanka Kotila,,-1.0,-1.0
2019-06-25,Puolanka Paljakka,11.2,0.3,-1.0
2019-06-25,Kemi Kemi-Tornio lentoasema,12.7,,
2019-06-25,Kemi Ajos,14.2,,
2019-06-25,Tornio Kaakkuri,13.8,-1.0,-1.0
2019-06-25,Ranua lentokenttä,11.9,2.6,-1.0
2019-06-25,Pudasjärvi Sarakylä,,5.9,-1.0
2019-06-25,Posio Raistakka,,8.0,-1.0
2019-06-25,Taivalkoski Inkee,,7.2,-1.0
2019-06-25,Taivalkoski kirkonkylä,10.8,3.6,-1.0
2019-06-25,Kuusamo lentoasema,11.4,,
2019-06-25,Kuusamo Kiutaköngäs,11.7,3.2,-1.0
2019-06-25,Kuusamo Rukatunturi,9.3,,
2019-06-25,Kuusamo Teeriranta,,0.9,-1.0
2019-06-25,Kuusamo Juuma,10.1,,
2019-06-25,Ylitornio Meltosjärvi,13.1,-1.0,-1.0
2019-06-25,Kolari Kattilamaa,,-1.0,-1.0
2019-06-25,Pello kirkonkylä,13.5,-1.0,-1.0
2019-06-25,Kittilä Alakylä,,0.0,-1.0
2019-06-25,Rovaniemi rautatieasema,12.8,,
2019-06-25,Sodankylä Tähtelä,12.8,0.5,-1.0
2019-06-25,Rovaniemi Apukka,11.5,0.1,-1.0
2019-06-25,Pelkosenniemi kirkonkylä,,1.5,-1.0
2019-06-25,Kemijärvi lentokenttä,11.5,1.3,-1.0
2019-06-25,Savukoski kirkonkylä,11.6,2.2,-1.0
2019-06-25,Salla Kelloselkä,,0.3,-1.0
2019-06-25,Pelkosenniemi Pyhätunturi,10.4,,
2019-06-25,Salla kirkonkylä,10.6,1.6,-1.0
2019-06-25,Salla Naruska,11.1,6.8,-1.0
2019-06-25,Enontekiö Kaaresuvanto,,-1.0,-1.0
2019-06-25,Kittilä Pulju,,-1.0,-1.0
2019-06-25,Muonio Laukukero,8.0,,
2019-06-25,Muonio Sammaltunturi,9.8,,
2019-06-25,Kittilä Matorova,11.8,,
2019-06-25,Kittilä lentoasema,12.6,,
2019-06-25,Kittilä Kenttärova,11.4,-1.0,-1.0
2019-06-25,Kittilä Pakatti,12.8,-1.0,-1.0
2019-06-25,Kittilä Pokka,11.6,-1.0,-1.0
2019-06-25,Sodankylä Lokka,11.8,-1.0,-1.0
2019-06-25,Sodankylä Vuotso,12.2,-1.0,-1.0
2019-06-25,Inari Saariselkä matkailukeskus,11.1,0.1,-1.0
2019-06-25,Inari Saariselkä Kaunispää,10.3,,
2019-06-25,Inari Raja-Jooseppi Kontiojärvi,,-1.0,-1.0
2019-06-25,Inari Raja-Jooseppi,12.2,,
2019-06-25,Salla Värriötunturi,12.3,0.0,-1.0
2019-06-25,Enontekiö Kilpisjärvi kyläkeskus,8.4,-1.0,-1.0
2019-06-25,Enontekiö Kilpisjärvi Saana,4.2,,
2019-06-25,Enontekiö Näkkälä,10.2,-1.0,-1.0
2019-06-25,Inari Angeli Lintupuoliselkä,11.1,-1.0,-1.0
2019-06-25,Inari Ivalo lentoasema,12.5,,
2019-06-25,Utsjoki Kevo,11.6,0.1,-1.0
2019-06-25,Utsjoki Nuorgam,11.6,0.1,-1.0
2019-06-25,Inari Väylä,11.9,,
2019-06-25,Inari kirkonkylä,,0.9,-1.0
2019-06-25,Inari Kaamanen,11.8,0.6,-1.0
2019-06-25,Inari Nellim,12.7,-1.0,-1.0
2019-06-25,Inari Kirakkajärvi,11.3,1.2,-1.0
2019-06-25,Mäntsälä Hirvihaara,15.9,0.4,-1.0
2019-06-25,Lahti Sopenkorpi,17.5,1.2,-1.0
2019-06-25,Siuntio Sjundby,,0.6,-1.0
2019-06-25,Sipoo Itätoukki,14.6,,
2019-06-25,Rauma Pyynpää,14.4,1.5,-1.0
2019-06-25,Muonio Oustajärvi,12.3,-1.0,-1.0
2019-06-25,Kajaani Petäisenniska,13.6,-1.0,-1.0
2019-06-25,Utsjoki Kevo Kevojärvi,11.6,,
2019-06-25,Inari Seitalaassa,11.1,,
2019-06-25,Rovaniemi lentoasema AWOS,12.0,0.2,-1.0
2019-06-25,Jyväskylä lentoasema AWOS,14.3,5.2,-1.0
2019-06-25,Puumala kirkonkylä,16.6,0.4,-1.0
2019-06-25,Helsinki Vuosaari satama,16.0,,
2019-06-25,Maarianhamina Länsisatama,15.4,,
2019-06-25,Lumparland Långnäs satama,15.2,1.6,-1.0
2019-06-25,Tampere Tampella,17.0,,
2019-06-25,Kittilä Lompolonvuoma,12.1,,
2019-06-25,Kuusamo Ruka Talvijärvi,10.5,,
2019-06-25,Espoo Nuuksio,16.6,1.5,-1.0
2019-06-25,Mikkeli Lentoasema AWOS,15.7,0.3,-1.0
2019-06-25,Espoo Tapiola,16.6,0.8,-1.0
2019-06-26,Porvoo Kilpilahti satama,14.6,,
2019-06-26,Jomala Maarianhamina lentoasema,15.1,,
2019-06-26,Parainen Utö,14.6,5.1,-1.0
2019-06-26,Lemland Nyhamn,14.6,,
2019-06-26,Jomala Jomalaby,14.6,0.9,-1.0
2019-06-26,Hammarland Märket,14.4,,
2019-06-26,Kökar Bogskär,14.7,,
2019-06-26,Parainen Fagerholm,14.9,2.8,
2019-06-26,Kumlinge kirkonkylä,14.8,,
2019-06-26,Hanko Russarö,14.9,3.0,
2019-06-26,Kaarina Yltöinen,14.9,1.5,-1.0
2019-06-26,Kemiönsaari Vänö,15.1,,
2019-06-26,Hanko Tulliniemi,14.8,,
2019-06-26,Turku Rajakari,15.2,,
2019-06-26,Turku Artukainen,15.2,1.4,-1.0
2019-06-26,Kemiönsaari Kemiö,14.7,3.8,-1.0
2019-06-26,Hanko Tvärminne,14.8,3.7,-1.0
2019-06-26,Salo Kärkkä,14.7,2.1,
2019-06-26,Lohja Leppäkorpi,,3.5,-1.0
2019-06-26,Raasepori Jussarö,14.8,,
2019-06-26,Salo Kiikala lentokenttä,14.0,3.8,-1.0
2019-06-26,Vantaa Helsinki-Vantaan lentoasema,15.5,2.0,-1.0
2019-06-26,Inkoo Bågaskär,14.8,,
2019-06-26,Helsinki Kaisaniemi,15.1,2.0,-1.0
2019-06-26,Lohja Porla,15.0,3.8,-1.0
2019-06-26,Vihti Maasoja,14.7,,
2019-06-26,Helsinki Harmaja,14.4,,
2019-06-26,Kirkkonummi Mäkiluoto,15.1,,
2019-06-26,Helsinki Helsingin majakka,14.2,,
2019-06-26,Helsinki Kumpula,15.3,2.6,-1.0
2019-06-26,Helsinki Malmi lentokenttä,15.2,,
2019-06-26,Porvoo Emäsalo,14.9,,
2019-06-26,Porvoo Harabacka,15.7,2.1,-1.0
2019-06-26,Kotka Rankki,15.8,0.6,-1.0
2019-06-26,Loviisa Orrengrund,15.3,,
2019-06-26,Kotka Haapasaari,16.0,,
2019-06-26,Pori lentoasema,14.0,,
2019-06-26,Uusikaupunki Itätulli,,1.5,-1.0
2019-06-26,Laitila Haukka,,2.4,-1.0
2019-06-26,Kustavi Isokari,14.8,3.8,
2019-06-26,Rauma Kylmäpihlaja,14.1,,
2019-06-26,Pori rautatieasema,14.3,1.0,-1.0
2019-06-26,Turku lentoasema,14.3,,
2019-06-26,Kokemäki Rausenkulma,,4.6,-1.0
2019-06-26,Huittinen Sallila,,5.2,-1.0
2019-06-26,Oripää Teinikivi,,2.4,-1.0
2019-06-26,Pöytyä Yläne,,2.7,-1.0
2019-06-26,Kokemäki Tulkkila,14.1,4.7,-1.0
2019-06-26,Jokioinen Ilmala,14.2,3.4,-1.0
2019-06-26,Nokia Tottijärvi,,4.9,-1.0
2019-06-26,Pirkkala Tampere-Pirkkala lentoasema,14.0,,
2019-06-26,Tampere Härmälä,14.5,5.3,-1.0
2019-06-26,Somero Salkola,14.0,5.2,-1.0
2019-06-26,Hyvinkää Hyvinkäänkylä,15.3,2.5,-1.0
2019-06-26,Vihti Hiiskula,,2.8,-1.0
2019-06-26,Hämeenlinna Pirttikoski,,4.9,-1.0
2019-06-26,Nurmijärvi Röykkä,15.0,6.2,-1.0
2019-06-26,Hattula Lepaa,14.9,6.6,-1.0
2019-06-26,Hämeenlinna Lammi Pappila,14.3,6.3,-1.0
2019-06-26,Mäntsälä Hirvihaara Kuntomajantie,,2.2,-1.0
2019-06-26,Asikkala Pulkkilanharju,14.9,,
2019-06-26,Hämeenlinna Lammi Evo,14.5,,
2019-06-26,Kouvola Utti lentoasema,16.0,0.0,-1.0
2019-06-26,Kouvola Anjala,16.2,3.8,-1.0
2019-06-26,Heinola Asemantaus,15.6,4.9,-1.0
2019-06-26,Kouvola Voikoski,,6.0,-1.0
2019-06-26,Virolahti Koivuniemi,15.4,0.1,-1.0
2019-06-26,Lappeenranta lentoasema,15.7,,
2019-06-26,Lappeenranta Konnunsuo,15.1,,
2019-06-26,Lappeenranta Lepola,16.0,-1.0,-1.0
2019-06-26,Ruokolahti Kotaniemi,,0.8,-1.0
2019-06-26,Lappeenranta Hiekkapakka,16.5,,
2019-06-26,Parikkala Koitsanlahti,14.7,0.4,-1.0
2019-06-26,Kaskinen Sälgrund,14.2,0.3,
2019-06-26,Merikarvia Tuorila,,2.3,-1.0
2019-06-26,Isojoki Kärjenkoski,,1.0,-1.0
2019-06-26,Teuva Kauppilankylä,,0.9,-1.0
2019-06-26,Pori Tahkoluoto satama,14.2,,
2019-06-26,Kristiinankaupunki Majakka,13.2,,
2019-06-26,Karvia Alkkia,13.2,1.9,-1.0
2019-06-26,Ikaalinen Vehuvarpee,,5.8,-1.0
2019-06-26,Kurikka Hirvijärvi,,1.3,-1.0
2019-06-26,Kauhajoki Kuja-Kokko,13.5,1.5,-1.0
2019-06-26,Kankaanpää Niinisalo lentokenttä,13.9,2.2,-1.0
2019-06-26,Alavus Sulkavankylä,,3.9,-1.0
2019-06-26,Virrat Äijänneva,13.2,,
2019-06-26,Tampere Siilinkari,14.0,,
2019-06-26,Jämsä Halli lentoasema,14.2,4.1,-1.0
2019-06-26,Juupajoki Hyytiälä,13.9,4.7,-1.0
2019-06-26,Sysmä Joutsjärvi,,0.9,-1.0
2019-06-26,Luhanka Tammijärvi,,3.3,-1.0
2019-06-26,Jyväskylä Muuratjärvi,,2.0,-1.0
2019-06-26,Luhanka Judinsalo,15.1,,
2019-06-26,Multia Pirttiperä,,5.2,-1.0
2019-06-26,Joutsa Savenaho,13.9,2.3,-1.0
2019-06-26,Kangasniemi kirkonkylä,,2.2,-1.0
2019-06-26,Joutsa Pärnämäki,,1.5,-1.0
2019-06-26,Mikkeli Pitkähiekka,,0.7,-1.0
2019-06-26,Juva Partala,14.8,,
2019-06-26,Varkaus Kosulanniemi,15.9,0.6,-1.0
2019-06-26,Savonlinna Laukansaari,,0.2,-1.0
2019-06-26,Sulkava Halttula,,-1.0,-1.0
2019-06-26,Savonlinna lentoasema,15.1,,
2019-06-26,Rantasalmi Rukkasluoto,15.9,,
2019-06-26,Savonlinna Punkaharju Laukansaari,15.5,-1.0,-1.0
2019-06-26,Enonkoski Simanala,,-1.0,-1.0
2019-06-26,Savonlinna Savonranta,,1.0,-1.0
2019-06-26,Rääkkylä kirkonkylä,,2.1,-1.0
2019-06-26,Tohmajärvi Kemie,14.7,0.3,-1.0
2019-06-26,Joensuu Huhtilampi,,0.8,-1.0
2019-06-26,Vaasa lentoasema,13.8,,
2019-06-26,Mustasaari Valassaaret,14.6,,
2019-06-26,Närpiö Ylimarkku,,0.1,-1.0
2019-06-26,Mustasaari Riimala,,0.6,-1.0
2019-06-26,Kurikka Pyörni,,0.4,-1.0
2019-06-26,Korsnäs Bredskäret,13.7,,
2019-06-26,Maalahti Strömmingsbådan,12.9,,
2019-06-26,Vaasa Klemettilä,13.9,2.0,-1.0
2019-06-26,Seinäjoki Pelmaa,13.5,6.5,-1.0
2019-06-26,Kauhava lentokenttä,13.1,1.7,-1.0
2019-06-26,Ähtäri Inha,13.6,3.8,-1.0
2019-06-26,Halsua Purola,11.5,4.1,-1.0
2019-06-26,Alajärvi Möksy,11.9,5.1,-1.0
2019-06-26,Multia Karhila,13.0,4.4,-1.0
2019-06-26,Viitasaari Haapaniemi,14.0,10.4,-1.0
2019-06-26,Äänekoski Kalaniemi,,3.1,-1.0
2019-06-26,Viitasaari Kärnä,,14.6,-1.0
2019-06-26,Vesanto kirkonkylä,13.8,8.9,-1.0
2019-06-26,Pielavesi Venetmäki,,19.9,-1.0
2019-06-26,Siilinjärvi Kuopio lentoasema,15.4,,
2019-06-26,Kuopio Maaninka,14.6,11.2,-1.0
2019-06-26,Lapinlahti Lamminkäyrä,,15.1,-1.0
2019-06-26,Suonenjoki Iisvesi,,5.1,-1.0
2019-06-26,Kuopio Karttula,,4.5,-1.0
2019-06-26,Kuopio Ritoniemi,16.0,,
2019-06-26,Kuopio Savilahti,15.4,3.7,-1.0
2019-06-26,Heinävesi Palokki,,0.0,-1.0
2019-06-26,Outokumpu Viuruniemi,,0.1,-1.0
2019-06-26,Rautavaara Ala-Luosta,,3.0,-1.0
2019-06-26,Rautavaara Ylä-Luosta,14.3,6.2,-1.0
2019-06-26,Liperi Joensuu lentoasema,14.7,,
2019-06-26,Juuka Niemelä,14.2,0.9,-1.0
2019-06-26,Joensuu Pyhäselkä,,0.0,-1.0
2019-06-26,Lieksa Koli,,0.8,-1.0
2019-06-26,Liperi Tuiskavanluoto,16.2,,
2019-06-26,Joensuu Linnunlahti,15.4,15.8,-1.0
2019-06-26,Lieksa Lampela,14.7,9.7,-1.0
2019-06-26,Ilomantsi Naarva,,0.3,-1.0
2019-06-26,Ilomantsi Pötsönvaara,14.3,0.4,-1.0
2019-06-26,Ilomantsi Mekrijärvi,15.2,4.8,-1.0
2019-06-26,Pietarsaari Kallan,13.5,,
2019-06-26,Kokkola Tankar,14.0,,
2019-06-26,Kruunupyy Kokkola-Pietarsaari lentoasema,13.0,,
2019-06-26,Kaustinen Tastula,,6.0,-1.0
2019-06-26,Kalajoki Ulkokalla,11.8,,
2019-06-26,Toholampi Oravala,,3.2,-1.0
2019-06-26,Kalajoki Pitkäsenkylä,,-1.0,-1.0
2019-06-26,Kalajoki Mehtäkylä,,-1.0,-1.0
2019-06-26,Toholampi Laitala,11.9,2.8,-1.0
2019-06-26,Ylivieska lentokenttä,12.6,-1.0,-1.0
2019-06-26,Ylivieska Vähäkangas,,-1.0,-1.0
2019-06-26,Haapavesi Mustikkamäki,13.4,0.1,-1.0
2019-06-26,Pyhäjärvi Ojakylä,12.0,3.9,-1.0
2019-06-26,Pyhäjärvi Hiidenniemi,,5.8,-1.0
2019-06-26,Kiuruvesi Korpijoki,,6.0,-1.0
2019-06-26,Siikalatva Kestilä,,0.4,-1.0
2019-06-26,Kajaani lentoasema,13.9,,
2019-06-26,Vieremä Kaarakkala,14.0,3.8,-1.0
2019-06-26,Kajaani Paltaniemi,,3.3,-1.0
2019-06-26,Nurmes Valtimo,14.9,6.6,-1.0
2019-06-26,Ristijärvi Mustavaara,,2.7,-1.0
2019-06-26,Sotkamo Kuolaniemi,14.6,4.6,-1.0
2019-06-26,Nurmes Mujejärvi,,3.7,-1.0
2019-06-26,Kuhmo Apaja,,0.8,-1.0
2019-06-26,Kuhmo Kalliojoki,14.2,1.2,-1.0
2019-06-26,Hailuoto Keskikylä,12.6,-1.0,-1.0
2019-06-26,Kemi I majakka,11.2,,
2019-06-26,Hailuoto Marjaniemi,13.3,,
2019-06-26,Raahe Lapaluoto satama,13.8,,
2019-06-26,Oulu lentoasema,13.7,,
2019-06-26,Siikajoki Ruukki,13.8,-1.0,-1.0
2019-06-26,Oulu Vihreäsaari satama,14.4,,
2019-06-26,Oulu Oulunsalo Pellonpää,13.8,-1.0,-1.0
2019-06-26,Vaala Pelso,13.2,-1.0,-1.0
2019-06-26,Pudasjärvi lentokenttä,14.5,-1.0,-1.0
2019-06-26,Utajärvi Särkijärvi,,0.0,-1.0
2019-06-26,Pudasjärvi Jaurakkajärvi,,0.0,-1.0
2019-06-26,Suomussalmi Näljänkä,,-1.0,-1.0
2019-06-26,Suomussalmi Pesiö,14.0,-1.0,-1.0
2019-06-26,Puolanka Kotila,,1.0,-1.0
2019-06-26,Puolanka Paljakka,13.4,1.0,-1.0
2019-06-26,Kemi Kemi-Tornio lentoasema,12.6,,
2019-06-26,Kemi Ajos,13.1,,
2019-06-26,Tornio Kaakkuri,12.8,-1.0,-1.0
2019-06-26,Ranua lentokenttä,13.6,-1.0,-1.0
2019-06-26,Pudasjärvi Sarakylä,,-1.0,-1.0
2019-06-26,Posio Raistakka,,0.4,-1.0
2019-06-26,Taivalkoski Inkee,,0.0,-1.0
2019-06-26,Taivalkoski kirkonkylä,13.8,-1.0,-1.0
2019-06-26,Kuusamo lentoasema,13.8,,
2019-06-26,Kuusamo Kiutaköngäs,13.8,-1.0,-1.0
2019-06-26,Kuusamo Rukatunturi,12.3,,
2019-06-26,Kuusamo Teeriranta,,-1.0,-1.0
2019-06-26,Kuusamo Juuma,13.1,,
2019-06-26,Ylitornio Meltosjärvi,14.7,-1.0,-1.0
2019-06-26,Kolari Kattilamaa,,-1.0,-1.0
2019-06-26,Pello kirkonkylä,14.4,0.3,-1.0
2019-06-26,Kittilä Alakylä,,1.4,-1.0
2019-06-26,Rovaniemi rautatieasema,14.6,,
2019-06-26,Sodankylä Tähtelä,13.7,1.5,-1.0
2019-06-26,Rovaniemi Apukka,13.9,-1.0,-1.0
2019-06-26,Pelkosenniemi kirkonkylä,,1.0,-1.0
2019-06-26,Kemijärvi lentokenttä,14.2,-1.0,-1.0
2019-06-26,Savukoski kirkonkylä,12.4,1.4,-1.0
2019-06-26,Salla Kelloselkä,,-1.0,-1.0
2019-06-26,Pelkosenniemi Pyhätunturi,12.2,,
2019-06-26,Salla kirkonkylä,13.4,-1.0,-1.0
2019-06-26,Salla Naruska,10.9,4.3,-1.0
2019-06-26,Enontekiö Kaaresuvanto,,-1.0,-1.0
2019-06-26,Kittilä Pulju,,-1.0,-1.0
2019-06-26,Muonio Laukukero,8.3,,
2019-06-26,Muonio Sammaltunturi,9.9,,
2019-06-26,Kittilä Matorova,12.0,,
2019-06-26,Kittilä lentoasema,13.7,,
2019-06-26,Kittilä Kenttärova,11.9,-1.0,-1.0
2019-06-26,Kittilä Pakatti,13.9,-1.0,-1.0
2019-06-26,Kittilä Pokka,12.5,-1.0,-1.0
2019-06-26,Sodankylä Lokka,13.1,2.9,-1.0
2019-06-26,Sodankylä Vuotso,13.3,-1.0,-1.0
2019-06-26,Inari Saariselkä matkailukeskus,12.1,-1.0,-1.0
2019-06-26,Inari Saariselkä Kaunispää,11.4,,
2019-06-26,Inari Raja-Jooseppi Kontiojärvi,,-1.0,-1.0
2019-06-26,Inari Raja-Jooseppi,13.5,,
2019-06-26,Salla Värriötunturi,13.1,-1.0,-1.0
2019-06-26,Enontekiö Kilpisjärvi kyläkeskus,8.9,0.0,-1.0
2019-06-26,Enontekiö Kilpisjärvi Saana,4.4,,
2019-06-26,Enontekiö Näkkälä,11.0,-1.0,-1.0
2019-06-26,Inari Angeli Lintupuoliselkä,11.9,-1.0,-1.0
2019-06-26,Inari Ivalo lentoasema,13.8,,
2019-06-26,Utsjoki Kevo,12.5,-1.0,-1.0
2019-06-26,Utsjoki Nuorgam,11.8,-1.0,-1.0
2019-06-26,Inari Väylä,13.0,,
2019-06-26,Inari kirkonkylä,,-1.0,-1.0
2019-06-26,Inari Kaamanen,12.6,-1.0,-1.0
2019-06-26,Inari Nellim,12.8,-1.0,-1.0
2019-06-26,Inari Kirakkajärvi,12.5,-1.0,-1.0
2019-06-26,Mäntsälä Hirvihaara,15.4,2.6,-1.0
2019-06-26,Lahti Sopenkorpi,15.4,3.3,-1.0
2019-06-26,Siuntio Sjundby,,3.5,-1.0
2019-06-26,Sipoo Itätoukki,14.5,,
2019-06-26,Rauma Pyynpää,13.8,3.6,-1.0
2019-06-26,Muonio Oustajärvi,12.5,-1.0,-1.0
2019-06-26,Kajaani Petäisenniska,14.5,3.4,-1.0
2019-06-26,Utsjoki Kevo Kevojärvi,12.0,,
2019-06-26,Inari Seitalaassa,12.3,,
2019-06-26,Rovaniemi lentoasema AWOS,13.9,-1.0,-1.0
2019-06-26,Jyväskylä lentoasema AWOS,14.3,3.8,-1.0
2019-06-26,Puumala kirkonkylä,15.0,6.9,-1.0
2019-06-26,Helsinki Vuosaari satama,14.1,,
2019-06-26,Maarianhamina Länsisatama,14.7,,
2019-06-26,Lumparland Långnäs satama,15.0,0.7,-1.0
2019-06-26,Tampere Tampella,15.0,,
2019-06-26,Kittilä Lompolonvuoma,12.1,,
2019-06-26,Kuusamo Ruka Talvijärvi,13.6,,
2019-06-26,Espoo Nuuksio,14.5,2.2,-1.0
2019-06-26,Mikkeli Lentoasema AWOS,15.3,0.3,-1.0
2019-06-26,Espoo Tapiola,14.5,2.2,-1.0
2019-06-27,Porvoo Kilpilahti satama,15.0,,
2019-06-27,Jomala Maarianhamina lentoasema,14.5,,
2019-06-27,Parainen Utö,14.5,-1.0,-1.0
2019-06-27,Lemland Nyhamn,14.4,,
2019-06-27,Jomala Jomalaby,14.2,-1.0,-1.0
2019-06-27,Hammarland Märket,13.4,,
2019-06-27,Kökar Bogskär,14.2,,
2019-06-27,Parainen Fagerholm,15.0,-1.0,
2019-06-27,Kumlinge kirkonkylä,13.9,,
2019-06-27,Hanko Russarö,15.8,-1.0,
2019-06-27,Kaarina Yltöinen,15.5,-1.0,-1.0
2019-06-27,Kemiönsaari Vänö,15.3,,
2019-06-27,Hanko Tulliniemi,16.0,,
2019-06-27,Turku Rajakari,15.4,,
2019-06-27,Turku Artukainen,15.4,-1.0,-1.0
2019-06-27,Kemiönsaari Kemiö,15.7,0.2,-1.0
2019-06-27,Hanko Tvärminne,16.2,-1.0,-1.0
2019-06-27,Salo Kärkkä,16.0,-1.0,
2019-06-27,Lohja Leppäkorpi,,0.0,-1.0
2019-06-27,Raasepori Jussarö,15.9,,
2019-06-27,Salo Kiikala lentokenttä,14.4,-1.0,-1.0
2019-06-27,Vantaa Helsinki-Vantaan lentoasema,15.5,1.4,-1.0
2019-06-27,Inkoo Bågaskär,15.9,,
2019-06-27,Helsinki Kaisaniemi,15.8,0.7,-1.0
2019-06-27,Lohja Porla,15.9,-1.0,-1.0
2019-06-27,Vihti Maasoja,15.0,,
2019-06-27,Helsinki Harmaja,15.1,,
2019-06-27,Kirkkonummi Mäkiluoto,16.2,,
2019-06-27,Helsinki Helsingin majakka,14.8,,
2019-06-27,Helsinki Kumpula,15.6,0.4,-1.0
2019-06-27,Helsinki Malmi lentokenttä,15.5,,
2019-06-27,Porvoo Emäsalo,14.7,,
2019-06-27,Porvoo Harabacka,14.9,1.6,-1.0
2019-06-27,Kotka Rankki,15.6,1.2,-1.0
2019-06-27,Loviisa Orrengrund,14.9,,
2019-06-27,Kotka Haapasaari,15.8,,
2019-06-27,Pori lentoasema,14.4,,
2019-06-27,Uusikaupunki Itätulli,,-1.0,-1.0
2019-06-27,Laitila Haukka,,-1.0,-1.0
2019-06-27,Kustavi Isokari,13.6,-1.0,
2019-06-27,Rauma Kylmäpihlaja,14.0,,
2019-06-27,Pori rautatieasema,14.6,-1.0,-1.0
2019-06-27,Turku lentoasema,14.6,,
2019-06-27,Kokemäki Rausenkulma,,-1.0,-1.0
2019-06-27,Huittinen Sallila,,-1.0,-1.0
2019-06-27,Oripää Teinikivi,,-1.0,-1.0
2019-06-27,Pöytyä Yläne,,-1.0,-1.0
2019-06-27,Kokemäki Tulkkila,14.7,-1.0,-1.0
2019-06-27,Jokioinen Ilmala,14.5,-1.0,-1.0
2019-06-27,Nokia Tottijärvi,,-1.0,-1.0
2019-06-27,Pirkkala Tampere-Pirkkala lentoasema,14.4,,
2019-06-27,Tampere Härmälä,14.9,-1.0,-1.0
2019-06-27,Somero Salkola,14.1,0.1,-1.0
2019-06-27,Hyvinkää Hyvinkäänkylä,14.7,1.6,-1.0
2019-06-27,Vihti Hiiskula,,0.0,-1.0
2019-06-27,Hämeenlinna Pirttikoski,,0.2,-1.0
2019-06-27,Nurmijärvi Röykkä,14.8,0.1,-1.0
2019-06-27,Hattula Lepaa,14.9,1.5,-1.0
2019-06-27,Hämeenlinna Lammi Pappila,14.2,0.3,-1.0
2019-06-27,Mäntsälä Hirvihaara Kuntomajantie,,-1.0,-1.0
2019-06-27,Asikkala Pulkkilanharju,14.8,,
2019-06-27,Hämeenlinna Lammi Evo,13.2,,
2019-06-27,Kouvola Utti lentoasema,14.1,4.4,-1.0
2019-06-27,Kouvola Anjala,14.4,6.5,-1.0
2019-06-27,Heinola Asemantaus,14.5,1.3,-1.0
2019-06-27,Kouvola Voikoski,,5.7,-1.0
2019-06-27,Virolahti Koivuniemi,14.3,6.2,-1.0
2019-06-27,Lappeenranta lentoasema,13.9,,
2019-06-27,Lappeenranta Konnunsuo,14.0,,
2019-06-27,Lappeenranta Lepola,14.3,1.2,-1.0
2019-06-27,Ruokolahti Kotaniemi,,3.1,-1.0
2019-06-27,Lappeenranta Hiekkapakka,15.0,,
2019-06-27,Parikkala Koitsanlahti,13.9,2.4,-1.0
2019-06-27,Kaskinen Sälgrund,14.3,-1.0,
2019-06-27,Merikarvia Tuorila,,-1.0,-1.0
2019-06-27,Isojoki Kärjenkoski,,-1.0,-1.0
2019-06-27,Teuva Kauppilankylä,,-1.0,-1.0
2019-06-27,Pori Tahkoluoto satama,14.0,,
2019-06-27,Kristiinankaupunki Majakka,13.2,,
2019-06-27,Karvia Alkkia,13.5,-1.0,-1.0
2019-06-27,Ikaalinen Vehuvarpee,,-1.0,-1.0
2019-06-27,Kurikka Hirvijärvi,,-1.0,-1.0
2019-06-27,Kauhajoki Kuja-Kokko,13.5,-1.0,-1.0
2019-06-27,Kankaanpää Niinisalo lentokenttä,14.5,-1.0,-1.0
2019-06-27,Alavus Sulkavankylä,,0.3,-1.0
2019-06-27,Virrat Äijänneva,13.3,,
2019-06-27,Tampere Siilinkari,14.4,,
2019-06-27,Jämsä Halli lentoasema,14.1,-1.0,-1.0
2019-06-27,Juupajoki Hyytiälä,13.5,-1.0,-1.0
2019-06-27,Sysmä Joutsjärvi,,1.1,-1.0
2019-06-27,Luhanka Tammijärvi,,1.5,-1.0
2019-06-27,Jyväskylä Muuratjärvi,,4.0,-1.0
2019-06-27,Luhanka Judinsalo,14.7,,
2019-06-27,Multia Pirttiperä,,-1.0,-1.0
2019-06-27,Joutsa Savenaho,12.9,1.2,-1.0
2019-06-27,Kangasniemi kirkonkylä,,2.3,-1.0
2019-06-27,Joutsa Pärnämäki,,0.7,-1.0
2019-06-27,Mikkeli Pitkähiekka,,3.0,-1.0
2019-06-27,Juva Partala,13.8,,
2019-06-27,Varkaus Kosulanniemi,14.7,1.0,-1.0
2019-06-27,Savonlinna Laukansaari,,3.4,-1.0
2019-06-27,Sulkava Halttula,,0.3,-1.0
2019-06-27,Savonlinna lentoasema,13.9,,
2019-06-27,Rantasalmi Rukkasluoto,15.0,,
2019-06-27,Savonlinna Punkaharju Laukansaari,14.5,6.0,-1.0
2019-06-27,Enonkoski Simanala,,2.5,-1.0
2019-06-27,Savonlinna Savonranta,,12.1,-1.0
2019-06-27,Rääkkylä kirkonkylä,,5.9,-1.0
2019-06-27,Tohmajärvi Kemie,13.7,4.8,-1.0
2019-06-27,Joensuu Huhtilampi,,16.0,-1.0
2019-06-27,Vaasa lentoasema,14.4,,
2019-06-27,Mustasaari Valassaaret,14.5,,
2019-06-27,Närpiö Ylimarkku,,-1.0,-1.0
2019-06-27,Mustasaari Riimala,,-1.0,-1.0
2019-06-27,Kurikka Pyörni,,-1.0,-1.0
2019-06-27,Korsnäs Bredskäret,14.5,,
2019-06-27,Maalahti Strömmingsbådan,14.0,,
2019-06-27,Vaasa Klemettilä,15.0,-1.0,-1.0
2019-06-27,Seinäjoki Pelmaa,13.9,-1.0,-1.0
2019-06-27,Kauhava lentokenttä,13.5,-1.0,-1.0
2019-06-27,Ähtäri Inha,13.1,-1.0,-1.0
2019-06-27,Halsua Purola,12.9,-1.0,-1.0
2019-06-27,Alajärvi Möksy,12.7,-1.0,-1.0
2019-06-27,Multia Karhila,12.8,-1.0,-1.0
2019-06-27,Viitasaari Haapaniemi,13.9,-1.0,-1.0
2019-06-27,Äänekoski Kalaniemi,,-1.0,-1.0
2019-06-27,Viitasaari Kärnä,,-1.0,-1.0
2019-06-27,Vesanto kirkonkylä,13.6,0.1,-1.0
2019-06-27,Pielavesi Venetmäki,,1.6,-1.0
2019-06-27,Siilinjärvi Kuopio lentoasema,14.5,,
2019-06-27,Kuopio Maaninka,14.1,0.6,-1.0
2019-06-27,Lapinlahti Lamminkäyrä,,0.5,-1.0
2019-06-27,Suonenjoki Iisvesi,,1.1,-1.0
2019-06-27,Kuopio Karttula,,3.6,-1.0
2019-06-27,Kuopio Ritoniemi,14.8,,
2019-06-27,Kuopio Savilahti,14.4,1.9,-1.0
2019-06-27,Heinävesi Palokki,,5.8,-1.0
2019-06-27,Outokumpu Viuruniemi,,9.2,-1.0
2019-06-27,Rautavaara Ala-Luosta,,10.3,-1.0
2019-06-27,Rautavaara Ylä-Luosta,12.9,8.7,-1.0
2019-06-27,Liperi Joensuu lentoasema,13.6,,
2019-06-27,Juuka Niemelä,13.6,4.7,-1.0
2019-06-27,Joensuu Pyhäselkä,,9.9,-1.0
2019-06-27,Lieksa Koli,,15.3,-1.0
2019-06-27,Liperi Tuiskavanluoto,14.4,,
2019-06-27,Joensuu Linnunlahti,13.9,3.6,-1.0
2019-06-27,Lieksa Lampela,13.5,8.1,-1.0
2019-06-27,Ilomantsi Naarva,,6.7,-1.0
2019-06-27,Ilomantsi Pötsönvaara,11.9,10.1,-1.0
2019-06-27,Ilomantsi Mekrijärvi,13.1,7.0,-1.0
2019-06-27,Pietarsaari Kallan,12.5,,
2019-06-27,Kokkola Tankar,13.2,,
2019-06-27,Kruunupyy Kokkola-Pietarsaari lentoasema,14.1,,
2019-06-27,Kaustinen Tastula,,-1.0,-1.0
2019-06-27,Kalajoki Ulkokalla,11.7,,
2019-06-27,Toholampi Oravala,,-1.0,-1.0
2019-06-27,Kalajoki Pitkäsenkylä,,-1.0,-1.0
2019-06-27,Kalajoki Mehtäkylä,,-1.0,-1.0
2019-06-27,Toholampi Laitala,13.3,-1.0,-1.0
2019-06-27,Ylivieska lentokenttä,13.9,-1.0,-1.0
2019-06-27,Ylivieska Vähäkangas,,-1.0,-1.0
2019-06-27,Haapavesi Mustikkamäki,14.2,-1.0,-1.0
2019-06-27,Pyhäjärvi Ojakylä,13.5,-1.0,-1.0
2019-06-27,Pyhäjärvi Hiidenniemi,,-1.0,-1.0
2019-06-27,Kiuruvesi Korpijoki,,0.0,-1.0
2019-06-27,Siikalatva Kestilä,,-1.0,-1.0
2019-06-27,Kajaani lentoasema,13.3,,
2019-06-27,Vieremä Kaarakkala,12.3,0.0,-1.0
2019-06-27,Kajaani Paltaniemi,,0.0,-1.0
2019-06-27,Nurmes Valtimo,13.4,3.0,-1.0
2019-06-27,Ristijärvi Mustavaara,,8.0,-1.0
2019-06-27,Sotkamo Kuolaniemi,13.1,0.2,-1.0
2019-06-27,Nurmes Mujejärvi,,4.0,-1.0
2019-06-27,Kuhmo Apaja,,3.9,-1.0
2019-06-27,Kuhmo Kalliojoki,12.5,3.5,-1.0
2019-06-27,Raahe Nahkiainen,11.6,,
2019-06-27,Hailuoto Keskikylä,14.2,-1.0,-1.0
2019-06-27,Kemi I majakka,13.0,,
2019-06-27,Hailuoto Marjaniemi,13.5,,
2019-06-27,Raahe Lapaluoto satama,13.2,,
2019-06-27,Oulu lentoasema,14.6,,
2019-06-27,Siikajoki Ruukki,14.0,-1.0,-1.0
2019-06-27,Oulu Vihreäsaari satama,14.6,,
2019-06-27,Oulu Oulunsalo Pellonpää,14.3,-1.0,-1.0
2019-06-27,Vaala Pelso,12.9,-1.0,-1.0
2019-06-27,Pudasjärvi lentokenttä,13.4,-1.0,-1.0
2019-06-27,Utajärvi Särkijärvi,,0.0,-1.0
2019-06-27,Pudasjärvi Jaurakkajärvi,,2.4,-1.0
2019-06-27,Suomussalmi Näljänkä,,0.2,-1.0
2019-06-27,Suomussalmi Pesiö,12.6,0.4,-1.0
2019-06-27,Puolanka Kotila,,1.7,-1.0
2019-06-27,Puolanka Paljakka,11.6,0.9,-1.0
2019-06-27,Kemi Kemi-Tornio lentoasema,13.7,,
2019-06-27,Kemi Ajos,14.5,,
2019-06-27,Tornio Kaakkuri,14.0,-1.0,-1.0
2019-06-27,Ranua lentokenttä,11.6,0.8,-1.0
2019-06-27,Pudasjärvi Sarakylä,,1.0,-1.0
2019-06-27,Posio Raistakka,,2.0,-1.0
2019-06-27,Taivalkoski Inkee,,4.2,-1.0
2019-06-27,Taivalkoski kirkonkylä,10.8,5.5,-1.0
2019-06-27,Kuusamo lentoasema,11.3,,
2019-06-27,Kuusamo Kiutaköngäs,11.3,9.3,-1.0
2019-06-27,Kuusamo Rukatunturi,9.2,,
2019-06-27,Kuusamo Teeriranta,,7.0,-1.0
2019-06-27,Kuusamo Juuma,10.0,,
2019-06-27,Ylitornio Meltosjärvi,12.9,-1.0,-1.0
2019-06-27,Kolari Kattilamaa,,0.1,-1.0
2019-06-27,Pello kirkonkylä,12.6,0.1,-1.0
2019-06-27,Kittilä Alakylä,,0.0,-1.0
2019-06-27,Rovaniemi rautatieasema,13.6,,
2019-06-27,Sodankylä Tähtelä,11.9,-1.0,-1.0
2019-06-27,Rovaniemi Apukka,12.8,0.6,-1.0
2019-06-27,Pelkosenniemi kirkonkylä,,0.1,-1.0
2019-06-27,Kemijärvi lentokenttä,11.7,0.4,-1.0
2019-06-27,Savukoski kirkonkylä,11.6,0.5,-1.0
2019-06-27,Salla Kelloselkä,,-1.0,-1.0
2019-06-27,Pelkosenniemi Pyhätunturi,10.1,,
2019-06-27,Salla kirkonkylä,11.3,1.7,-1.0
2019-06-27,Salla Naruska,10.0,1.6,-1.0
2019-06-27,Enontekiö Kaaresuvanto,,-1.0,-1.0
2019-06-27,Kittilä Pulju,,2.5,-1.0
2019-06-27,Muonio Laukukero,5.4,,
2019-06-27,Muonio Sammaltunturi,7.1,,
2019-06-27,Kittilä Matorova,9.0,,
2019-06-27,Kittilä lentoasema,11.0,,
2019-06-27,Kittilä Kenttärova,9.1,0.5,-1.0
2019-06-27,Kittilä Pakatti,11.3,0.6,-1.0
2019-06-27,Kittilä Pokka,10.0,0.3,-1.0
2019-06-27,Sodankylä Lokka,11.0,-1.0,-1.0
2019-06-27,Sodankylä Vuotso,10.9,0.1,-1.0
2019-06-27,Inari Saariselkä matkailukeskus,9.4,3.5,-1.0
2019-06-27,Inari Saariselkä Kaunispää,8.3,,
2019-06-27,Inari Raja-Jooseppi Kontiojärvi,,0.2,-1.0
2019-06-27,Inari Raja-Jooseppi,10.6,,
2019-06-27,Salla Värriötunturi,10.2,1.6,-1.0
2019-06-27,Enontekiö Kilpisjärvi kyläkeskus,5.6,0.7,-1.0
2019-06-27,Enontekiö Kilpisjärvi Saana,1.0,,
2019-06-27,Enontekiö Näkkälä,8.7,-1.0,-1.0
2019-06-27,Inari Angeli Lintupuoliselkä,8.9,-1.0,-1.0
2019-06-27,Inari Ivalo lentoasema,11.1,,
2019-06-27,Utsjoki Kevo,8.8,0.2,-1.0
2019-06-27,Utsjoki Nuorgam,8.7,-1.0,-1.0
2019-06-27,Inari Väylä,10.1,,
2019-06-27,Inari kirkonkylä,,0.0,-1.0
2019-06-27,Inari Kaamanen,9.4,0.1,-1.0
2019-06-27,Inari Nellim,11.0,0.4,-1.0
2019-06-27,Inari Kirakkajärvi,9.0,1.5,-1.0
2019-06-27,Mäntsälä Hirvihaara,14.4,0.4,-1.0
2019-06-27,Lahti Sopenkorpi,14.7,3.7,-1.0
2019-06-27,Siuntio Sjundby,,-1.0,-1.0
2019-06-27,Sipoo Itätoukki,14.7,,
2019-06-27,Rauma Pyynpää,14.2,-1.0,-1.0
2019-06-27,Muonio Oustajärvi,10.8,-1.0,-1.0
2019-06-27,Kajaani Petäisenniska,13.0,-1.0,-1.0
2019-06-27,Utsjoki Kevo Kevojärvi,8.9,,
2019-06-27,Inari Seitalaassa,9.8,,
2019-06-27,Rovaniemi lentoasema AWOS,12.2,0.2,-1.0
2019-06-27,Jyväskylä lentoasema AWOS,13.8,0.1,-1.0
2019-06-27,Puumala kirkonkylä,13.6,2.6,-1.0
2019-06-27,Helsinki Vuosaari satama,15.3,,
2019-06-27,Maarianhamina Länsisatama,14.9,,
2019-06-27,Lumparland Långnäs satama,14.8,-1.0,-1.0
2019-06-27,Tampere Tampella,15.5,,
2019-06-27,Kittilä Lompolonvuoma,9.8,,
2019-06-27,Kuusamo Ruka Talvijärvi,10.8,,
2019-06-27,Espoo Nuuksio,15.0,0.2,-1.0
2019-06-27,Mikkeli Lentoasema AWOS,13.6,2.6,-1.0
2019-06-27,Espoo Tapiola,15.6,2.4,-1.0
2019-06-28,Porvoo Kilpilahti satama,16.7,,
2019-06-28,Jomala Maarianhamina lentoasema,14.1,,
2019-06-28,Parainen Utö,14.6,-1.0,-1.0
2019-06-28,Lemland Nyhamn,13.3,,
2019-06-28,Jomala Jomalaby,14.3,0.1,-1.0
2019-06-28,Hammarland Märket,12.4,,
2019-06-28,Kökar Bogskär,13.1,,
2019-06-28,Parainen Fagerholm,15.0,-1.0,
2019-06-28,Kumlinge kirkonkylä,13.5,,
2019-06-28,Hanko Russarö,15.8,-1.0,
2019-06-28,Kaarina Yltöinen,14.6,-1.0,-1.0
2019-06-28,Kemiönsaari Vänö,15.4,,
2019-06-28,Hanko Tulliniemi,15.6,,
2019-06-28,Turku Rajakari,14.9,,
2019-06-28,Turku Artukainen,14.8,-1.0,-1.0
2019-06-28,Kemiönsaari Kemiö,15.1,-1.0,-1.0
2019-06-28,Hanko Tvärminne,16.3,-1.0,-1.0
2019-06-28,Salo Kärkkä,15.0,-1.0,
2019-06-28,Lohja Leppäkorpi,,0.0,-1.0
2019-06-28,Raasepori Jussarö,16.7,,
2019-06-28,Salo Kiikala lentokenttä,13.8,-1.0,-1.0
2019-06-28,Vantaa Helsinki-Vantaan lentoasema,16.2,-1.0,-1.0
2019-06-28,Inkoo Bågaskär,16.3,,
2019-06-28,Helsinki Kaisaniemi,16.9,-1.0,-1.0
2019-06-28,Lohja Porla,15.8,-1.0,-1.0
2019-06-28,Vihti Maasoja,14.2,,
2019-06-28,Helsinki Harmaja,15.7,,
2019-06-28,Kirkkonummi Mäkiluoto,16.5,,
2019-06-28,Helsinki Helsingin majakka,15.5,,
2019-06-28,Helsinki Kumpula,16.6,-1.0,-1.0
2019-06-28,Helsinki Malmi lentokenttä,16.1,,
2019-06-28,Porvoo Emäsalo,16.8,,
2019-06-28,Porvoo Harabacka,16.3,-1.0,-1.0
2019-06-28,Kotka Rankki,16.7,-1.0,-1.0
2019-06-28,Loviisa Orrengrund,15.7,,
2019-06-28,Kotka Haapasaari,16.4,,
2019-06-28,Pori lentoasema,13.2,,
2019-06-28,Uusikaupunki Itätulli,,-1.0,-1.0
2019-06-28,Laitila Haukka,,-1.0,-1.0
2019-06-28,Kustavi Isokari,13.2,-1.0,
2019-06-28,Rauma Kylmäpihlaja,13.8,,
2019-06-28,Pori rautatieasema,13.3,-1.0,-1.0
2019-06-28,Turku lentoasema,13.7,,
2019-06-28,Kokemäki Rausenkulma,,-1.0,-1.0
2019-06-28,Huittinen Sallila,,-1.0,-1.0
2019-06-28,Oripää Teinikivi,,-1.0,-1.0
2019-06-28,Pöytyä Yläne,,0.0,-1.0
2019-06-28,Kokemäki Tulkkila,13.0,-1.0,-1.0
2019-06-28,Jokioinen Ilmala,14.1,-1.0,-1.0
2019-06-28,Nokia Tottijärvi,,-1.0,-1.0
2019-06-28,Pirkkala Tampere-Pirkkala lentoasema,14.4,,
2019-06-28,Tampere Härmälä,14.9,-1.0,-1.0
2019-06-28,Somero Salkola,13.4,-1.0,-1.0
2019-06-28,Hyvinkää Hyvinkäänkylä,15.0,-1.0,-1.0
2019-06-28,Vihti Hiiskula,,-1.0,-1.0
2019-06-28,Hämeenlinna Pirttikoski,,-1.0,-1.0
2019-06-28,Nurmijärvi Röykkä,14.8,-1.0,-1.0
2019-06-28,Hattula Lepaa,15.1,-1.0,-1.0
2019-06-28,Hämeenlinna Lammi Pappila,14.2,-1.0,-1.0
2019-06-28,Mäntsälä Hirvihaara Kuntomajantie,,-1.0,-1.0
2019-06-28,Asikkala Pulkkilanharju,15.2,,
2019-06-28,Hämeenlinna Lammi Evo,13.3,,
2019-06-28,Kouvola Utti lentoasema,15.3,-1.0,-1.0
2019-06-28,Kouvola Anjala,15.4,-1.0,-1.0
2019-06-28,Heinola Asemantaus,15.4,-1.0,-1.0
2019-06-28,Kouvola Voikoski,,-1.0,-1.0
2019-06-28,Virolahti Koivuniemi,14.5,-1.0,-1.0
2019-06-28,Lappeenranta lentoasema,15.2,,
2019-06-28,Lappeenranta Konnunsuo,13.9,,
2019-06-28,Lappeenranta Lepola,15.2,-1.0,-1.0
2019-06-28,Ruokolahti Kotaniemi,,-1.0,-1.0
2019-06-28,Lappeenranta Hiekkapakka,15.2,,
2019-06-28,Parikkala Koitsanlahti,14.3,-1.0,-1.0
2019-06-28,Kaskinen Sälgrund,13.7,0.1,
2019-06-28,Merikarvia Tuorila,,-1.0,-1.0
2019-06-28,Isojoki Kärjenkoski,,-1.0,-1.0
2019-06-28,Teuva Kauppilankylä,,-1.0,-1.0
2019-06-28,Pori Tahkoluoto satama,13.6,,
2019-06-28,Kristiinankaupunki Majakka,12.7,,
2019-06-28,Karvia Alkkia,12.8,-1.0,-1.0
2019-06-28,Ikaalinen Vehuvarpee,,-1.0,-1.0
2019-06-28,Kurikka Hirvijärvi,,-1.0,-1.0
2019-06-28,Kauhajoki Kuja-Kokko,12.3,-1.0,-1.0
2019-06-28,Kankaanpää Niinisalo lentokenttä,13.3,-1.0,-1.0
2019-06-28,Alavus Sulkavankylä,,-1.0,-1.0
2019-06-28,Virrat Äijänneva,12.4,,
2019-06-28,Tampere Siilinkari,14.3,,
2019-06-28,Jämsä Halli lentoasema,14.0,-1.0,-1.0
2019-06-28,Juupajoki Hyytiälä,12.8,0.0,-1.0
2019-06-28,Sysmä Joutsjärvi,,-1.0,-1.0
2019-06-28,Luhanka Tammijärvi,,-1.0,-1.0
2019-06-28,Jyväskylä Muuratjärvi,,-1.0,-1.0
2019-06-28,Luhanka Judinsalo,14.5,,
2019-06-28,Multia Pirttiperä,,-1.0,-1.0
2019-06-28,Joutsa Savenaho,12.8,-1.0,-1.0
2019-06-28,Kangasniemi kirkonkylä,,-1.0,-1.0
2019-06-28,Joutsa Pärnämäki,,-1.0,-1.0
2019-06-28,Mikkeli Pitkähiekka,,-1.0,-1.0
2019-06-28,Juva Partala,13.4,,
2019-06-28,Varkaus Kosulanniemi,14.2,-1.0,-1.0
2019-06-28,Savonlinna Laukansaari,,-1.0,-1.0
2019-06-28,Sulkava Halttula,,-1.0,-1.0
2019-06-28,Savonlinna lentoasema,13.3,,
2019-06-28,Rantasalmi Rukkasluoto,14.9,,
2019-06-28,Savonlinna Punkaharju Laukansaari,13.7,-1.0,-1.0
2019-06-28,Enonkoski Simanala,,-1.0,-1.0
2019-06-28,Savonlinna Savonranta,,0.9,-1.0
2019-06-28,Rääkkylä kirkonkylä,,-1.0,-1.0
2019-06-28,Tohmajärvi Kemie,13.1,-1.0,-1.0
2019-06-28,Joensuu Huhtilampi,,-1.0,-1.0
2019-06-28,Vaasa lentoasema,12.6,,
2019-06-28,Mustasaari Valassaaret,14.0,,
2019-06-28,Närpiö Ylimarkku,,-1.0,-1.0
2019-06-28,Mustasaari Riimala,,-1.0,-1.0
2019-06-28,Kurikka Pyörni,,-1.0,-1.0
2019-06-28,Korsnäs Bredskäret,13.7,,
2019-06-28,Maalahti Strömmingsbådan,13.4,,
2019-06-28,Vaasa Klemettilä,14.1,-1.0,-1.0
2019-06-28,Seinäjoki Pelmaa,12.9,-1.0,-1.0
2019-06-28,Kauhava lentokenttä,13.0,-1.0,-1.0
2019-06-28,Ähtäri Inha,12.4,-1.0,-1.0
2019-06-28,Halsua Purola,11.1,-1.0,-1.0
2019-06-28,Alajärvi Möksy,11.3,-1.0,-1.0
2019-06-28,Multia Karhila,11.4,-1.0,-1.0
2019-06-28,Viitasaari Haapaniemi,12.8,-1.0,-1.0
2019-06-28,Äänekoski Kalaniemi,,-1.0,-1.0
2019-06-28,Viitasaari Kärnä,,-1.0,-1.0
2019-06-28,Vesanto kirkonkylä,12.4,-1.0,-1.0
2019-06-28,Pielavesi Venetmäki,,-1.0,-1.0
2019-06-28,Siilinjärvi Kuopio lentoasema,13.3,,
2019-06-28,Kuopio Maaninka,12.9,-1.0,-1.0
2019-06-28,Lapinlahti Lamminkäyrä,,0.0,-1.0
2019-06-28,Suonenjoki Iisvesi,,-1.0,-1.0
2019-06-28,Kuopio Karttula,,-1.0,-1.0
2019-06-28,Kuopio Ritoniemi,14.1,,
2019-06-28,Kuopio Savilahti,13.3,-1.0,-1.0
2019-06-28,Heinävesi Palokki,,-1.0,-1.0
2019-06-28,Outokumpu Viuruniemi,,-1.0,-1.0
2019-06-28,Rautavaara Ala-Luosta,,-1.0,-1.0
2019-06-28,Rautavaara Ylä-Luosta,11.9,-1.0,-1.0
2019-06-28,Liperi Joensuu lentoasema,13.2,,
2019-06-28,Juuka Niemelä,12.1,-1.0,-1.0
2019-06-28,Joensuu Pyhäselkä,,-1.0,-1.0
2019-06-28,Lieksa Koli,,-1.0,-1.0
2019-06-28,Liperi Tuiskavanluoto,14.4,,
2019-06-28,Joensuu Linnunlahti,13.4,-1.0,-1.0
2019-06-28,Lieksa Lampela,12.7,-1.0,-1.0
2019-06-28,Ilomantsi Naarva,,0.0,-1.0
2019-06-28,Ilomantsi Pötsönvaara,11.4,-1.0,-1.0
2019-06-28,Ilomantsi Mekrijärvi,12.6,-1.0,-1.0
2019-06-28,Pietarsaari Kallan,12.3,,
2019-06-28,Kokkola Tankar,12.7,,
2019-06-28,Kruunupyy Kokkola-Pietarsaari lentoasema,13.2,,
2019-06-28,Kaustinen Tastula,,-1.0,-1.0
2019-06-28,Kalajoki Ulkokalla,11.1,,
2019-06-28,Toholampi Oravala,,-1.0,-1.0
2019-06-28,Kalajoki Pitkäsenkylä,,-1.0,-1.0
2019-06-28,Kalajoki Mehtäkylä,,-1.0,-1.0
2019-06-28,Toholampi Laitala,11.7,-1.0,-1.0
2019-06-28,Ylivieska lentokenttä,11.5,0.2,-1.0
2019-06-28,Ylivieska Vähäkangas,,-1.0,-1.0
2019-06-28,Haapavesi Mustikkamäki,12.0,-1.0,-1.0
2019-06-28,Pyhäjärvi Ojakylä,11.0,-1.0,-1.0
2019-06-28,Pyhäjärvi Hiidenniemi,,-1.0,-1.0
2019-06-28,Kiuruvesi Korpijoki,,-1.0,-1.0
2019-06-28,Siikalatva Kestilä,,-1.0,-1.0
2019-06-28,Kajaani lentoasema,11.8,,
2019-06-28,Vieremä Kaarakkala,11.2,-1.0,-1.0
2019-06-28,Kajaani Paltaniemi,,-1.0,-1.0
2019-06-28,Nurmes Valtimo,12.1,-1.0,-1.0
2019-06-28,Ristijärvi Mustavaara,,0.0,-1.0
2019-06-28,Sotkamo Kuolaniemi,11.9,-1.0,-1.0
2019-06-28,Nurmes Mujejärvi,,-1.0,-1.0
2019-06-28,Kuhmo Apaja,,-1.0,-1.0
2019-06-28,Kuhmo Kalliojoki,11.1,-1.0,-1.0
2019-06-28,Hailuoto Keskikylä,12.1,-1.0,-1.0
2019-06-28,Kemi I majakka,11.2,,
2019-06-28,Hailuoto Marjaniemi,12.1,,
2019-06-28,Raahe Lapaluoto satama,12.5,,
2019-06-28,Oulu lentoasema,12.9,,
2019-06-28,Siikajoki Ruukki,12.4,-1.0,-1.0
2019-06-28,Oulu Vihreäsaari satama,12.8,,
2019-06-28,Oulu Oulunsalo Pellonpää,12.7,-1.0,-1.0
2019-06-28,Vaala Pelso,10.3,-1.0,-1.0
2019-06-28,Pudasjärvi lentokenttä,11.4,-1.0,-1.0
2019-06-28,Utajärvi Särkijärvi,,-1.0,-1.0
2019-06-28,Pudasjärvi Jaurakkajärvi,,0.1,-1.0
2019-06-28,Suomussalmi Näljänkä,,-1.0,-1.0
2019-06-28,Suomussalmi Pesiö,10.3,-1.0,-1.0
2019-06-28,Puolanka Kotila,,-1.0,-1.0
2019-06-28,Puolanka Paljakka,10.0,-1.0,-1.0
2019-06-28,Kemi Kemi-Tornio lentoasema,11.6,,
2019-06-28,Kemi Ajos,12.5,,
2019-06-28,Tornio Kaakkuri,12.1,-1.0,-1.0
2019-06-28,Ranua lentokenttä,10.1,0.9,-1.0
2019-06-28,Pudasjärvi Sarakylä,,-1.0,-1.0
2019-06-28,Posio Raistakka,,0.1,-1.0
2019-06-28,Taivalkoski Inkee,,-1.0,-1.0
2019-06-28,Taivalkoski kirkonkylä,9.9,-1.0,-1.0
2019-06-28,Kuusamo lentoasema,10.1,,
2019-06-28,Kuusamo Kiutaköngäs,9.4,-1.0,-1.0
2019-06-28,Kuusamo Rukatunturi,7.9,,
2019-06-28,Kuusamo Teeriranta,,-1.0,-1.0
2019-06-28,Kuusamo Juuma,8.8,,
2019-06-28,Ylitornio Meltosjärvi,11.6,-1.0,-1.0
2019-06-28,Kolari Kattilamaa,,0.1,-1.0
2019-06-28,Pello kirkonkylä,11.7,0.2,-1.0
2019-06-28,Kittilä Alakylä,,0.0,-1.0
2019-06-28,Rovaniemi rautatieasema,12.0,,
2019-06-28,Sodankylä Tähtelä,10.1,-1.0,-1.0
2019-06-28,Rovaniemi Apukka,11.1,-1.0,-1.0
2019-06-28,Pelkosenniemi kirkonkylä,,-1.0,-1.0
2019-06-28,Kemijärvi lentokenttä,10.1,3.3,-1.0
2019-06-28,Savukoski kirkonkylä,9.2,2.4,-1.0
2019-06-28,Salla Kelloselkä,,-1.0,-1.0
2019-06-28,Pelkosenniemi Pyhätunturi,7.9,,
2019-06-28,Salla kirkonkylä,9.8,-1.0,-1.0
2019-06-28,Salla Naruska,8.6,-1.0,-1.0
2019-06-28,Enontekiö Kaaresuvanto,,-1.0,-1.0
2019-06-28,Kittilä Pulju,,0.0,-1.0
2019-06-28,Muonio Laukukero,4.3,,
2019-06-28,Muonio Sammaltunturi,5.9,,
2019-06-28,Kittilä Matorova,7.9,,
2019-06-28,Kittilä lentoasema,9.2,,
2019-06-28,Kittilä Kenttärova,7.9,-1.0,-1.0
2019-06-28,Kittilä Pakatti,9.3,-1.0,-1.0
2019-06-28,Kittilä Pokka,7.0,0.2,-1.0
2019-06-28,Sodankylä Lokka,8.4,1.4,-1.0
2019-06-28,Sodankylä Vuotso,7.8,-1.0,-1.0
2019-06-28,Inari Saariselkä matkailukeskus,6.5,-1.0,-1.0
2019-06-28,Inari Saariselkä Kaunispää,5.9,,
2019-06-28,Inari Raja-Jooseppi Kontiojärvi,,0.2,-1.0
2019-06-28,Inari Raja-Jooseppi,7.3,,
2019-06-28,Salla Värriötunturi,7.6,0.0,-1.0
2019-06-28,Enontekiö Kilpisjärvi kyläkeskus,5.1,2.0,-1.0
2019-06-28,Enontekiö Kilpisjärvi Saana,0.5,,
2019-06-28,Enontekiö Näkkälä,6.9,0.1,-1.0
2019-06-28,Inari Angeli Lintupuoliselkä,6.7,0.4,-1.0
2019-06-28,Inari Ivalo lentoasema,8.1,,
2019-06-28,Utsjoki Kevo,8.4,-1.0,-1.0
2019-06-28,Utsjoki Nuorgam,7.5,1.1,-1.0
2019-06-28,Inari Väylä,8.4,,
2019-06-28,Inari kirkonkylä,,-1.0,-1.0
2019-06-28,Inari Kaamanen,8.1,-1.0,-1.0
2019-06-28,Inari Nellim,8.3,-1.0,-1.0
2019-06-28,Inari Kirakkajärvi,8.2,-1.0,-1.0
2019-06-28,Mäntsälä Hirvihaara,15.1,-1.0,-1.0
2019-06-28,Lahti Sopenkorpi,15.7,-1.0,-1.0
2019-06-28,Siuntio Sjundby,,-1.0,-1.0
2019-06-28,Sipoo Itätoukki,15.7,,
2019-06-28,Rauma Pyynpää,14.1,-1.0,-1.0
2019-06-28,Muonio Oustajärvi,8.8,-1.0,-1.0
2019-06-28,Kajaani Petäisenniska,12.1,-1.0,-1.0
2019-06-28,Utsjoki Kevo Kevojärvi,8.4,,
2019-06-28,Inari Seitalaassa,8.4,,
2019-06-28,Rovaniemi lentoasema AWOS,10.9,-1.0,-1.0
2019-06-28,Jyväskylä lentoasema AWOS,13.2,-1.0,-1.0
2019-06-28,Puumala kirkonkylä,14.2,-1.0,-1.0
2019-06-28,Helsinki Vuosaari satama,16.7,,
2019-06-28,Maarianhamina Länsisatama,14.3,,
2019-06-28,Lumparland Långnäs satama,14.8,0.1,-1.0
2019-06-28,Tampere Tampella,15.7,,
2019-06-28,Kittilä Lompolonvuoma,7.8,,
2019-06-28,Kuusamo Ruka Talvijärvi,9.5,,
2019-06-28,Espoo Nuuksio,15.2,-1.0,-1.0
2019-06-28,Mikkeli Lentoasema AWOS,14.0,-1.0,-1.0
2019-06-28,Espoo Tapiola,16.4,-1.0,-1.0
2019-06-29,Porvoo Kilpilahti satama,15.2,,
2019-06-29,Jomala Maarianhamina lentoasema,17.1,,
2019-06-29,Parainen Utö,15.6,0.0,-1.0
2019-06-29,Lemland Nyhamn,14.8,,
2019-06-29,Jomala Jomalaby,17.0,0.1,-1.0
2019-06-29,Hammarland Märket,14.8,,
2019-06-29,Kökar Bogskär,15.3,,
2019-06-29,Parainen Fagerholm,16.8,-1.0,
2019-06-29,Kumlinge kirkonkylä,16.6,,
2019-06-29,Hanko Russarö,15.3,-1.0,
2019-06-29,Kaarina Yltöinen,16.8,-1.0,-1.0
2019-06-29,Kemiönsaari Vänö,16.3,,
2019-06-29,Hanko Tulliniemi,15.8,,
2019-06-29,Turku Rajakari,16.5,,
2019-06-29,Turku Artukainen,17.0,-1.0,-1.0
2019-06-29,Kemiönsaari Kemiö,16.2,-1.0,-1.0
2019-06-29,Hanko Tvärminne,16.0,-1.0,-1.0
2019-06-29,Salo Kärkkä,16.7,-1.0,
2019-06-29,Lohja Leppäkorpi,,0.0,-1.0
2019-06-29,Raasepori Jussarö,15.1,,
2019-06-29,Salo Kiikala lentokenttä,15.0,-1.0,-1.0
2019-06-29,Vantaa Helsinki-Vantaan lentoasema,16.2,-1.0,-1.0
2019-06-29,Inkoo Bågaskär,16.2,,
2019-06-29,Helsinki Kaisaniemi,15.7,-1.0,-1.0
2019-06-29,Lohja Porla,16.5,-1.0,-1.0
2019-06-29,Vihti Maasoja,14.5,,
2019-06-29,Helsinki Harmaja,14.5,,
2019-06-29,Kirkkonummi Mäkiluoto,15.5,,
2019-06-29,Helsinki Helsingin majakka,14.7,,
2019-06-29,Helsinki Kumpula,16.0,-1.0,-1.0
2019-06-29,Helsinki Malmi lentokenttä,15.9,,
2019-06-29,Porvoo Emäsalo,14.7,,
2019-06-29,Porvoo Harabacka,15.7,-1.0,-1.0
2019-06-29,Kotka Rankki,14.9,-1.0,-1.0
2019-06-29,Loviisa Orrengrund,15.2,,
2019-06-29,Kotka Haapasaari,15.1,,
2019-06-29,Pori lentoasema,15.6,,
2019-06-29,Uusikaupunki Itätulli,,-1.0,-1.0
2019-06-29,Laitila Haukka,,-1.0,-1.0
2019-06-29,Kustavi Isokari,15.0,-1.0,
2019-06-29,Rauma Kylmäpihlaja,15.1,,
2019-06-29,Pori rautatieasema,15.7,-1.0,-1.0
2019-06-29,Turku lentoasema,16.2,,
2019-06-29,Kokemäki Rausenkulma,,-1.0,-1.0
2019-06-29,Huittinen Sallila,,-1.0,-1.0
2019-06-29,Oripää Teinikivi,,-1.0,-1.0
2019-06-29,Pöytyä Yläne,,-1.0,-1.0
2019-06-29,Kokemäki Tulkkila,15.2,-1.0,-1.0
2019-06-29,Jokioinen Ilmala,14.8,-1.0,-1.0
2019-06-29,Nokia Tottijärvi,,-1.0,-1.0
2019-06-29,Pirkkala Tampere-Pirkkala lentoasema,14.8,,
2019-06-29,Tampere Härmälä,15.3,-1.0,-1.0
2019-06-29,Somero Salkola,14.4,-1.0,-1.0
2019-06-29,Hyvinkää Hyvinkäänkylä,15.1,-1.0,-1.0
2019-06-29,Vihti Hiiskula,,-1.0,-1.0
2019-06-29,Hämeenlinna Pirttikoski,,-1.0,-1.0
2019-06-29,Nurmijärvi Röykkä,15.1,-1.0,-1.0
2019-06-29,Hattula Lepaa,15.1,-1.0,-1.0
2019-06-29,Hämeenlinna Lammi Pappila,13.9,-1.0,-1.0
2019-06-29,Mäntsälä Hirvihaara Kuntomajantie,,-1.0,-1.0
2019-06-29,Asikkala Pulkkilanharju,15.5,,
2019-06-29,Hämeenlinna Lammi Evo,13.8,,
2019-06-29,Kouvola Utti lentoasema,16.0,-1.0,-1.0
2019-06-29,Kouvola Anjala,15.5,-1.0,-1.0
2019-06-29,Heinola Asemantaus,15.7,-1.0,-1.0
2019-06-29,Kouvola Voikoski,,-1.0,-1.0
2019-06-29,Virolahti Koivuniemi,14.3,-1.0,-1.0
2019-06-29,Lappeenranta lentoasema,15.5,,
2019-06-29,Lappeenranta Konnunsuo,13.2,,
2019-06-29,Lappeenranta Lepola,16.1,-1.0,-1.0
2019-06-29,Ruokolahti Kotaniemi,,0.7,-1.0
2019-06-29,Lappeenranta Hiekkapakka,15.5,,
2019-06-29,Parikkala Koitsanlahti,14.0,-1.0,-1.0
2019-06-29,Kaskinen Sälgrund,15.1,-1.0,
2019-06-29,Merikarvia Tuorila,,-1.0,-1.0
2019-06-29,Isojoki Kärjenkoski,,-1.0,-1.0
2019-06-29,Teuva Kauppilankylä,,-1.0,-1.0
2019-06-29,Pori Tahkoluoto satama,14.8,,
2019-06-29,Kristiinankaupunki Majakka,13.6,,
2019-06-29,Karvia Alkkia,13.6,-1.0,-1.0
2019-06-29,Ikaalinen Vehuvarpee,,-1.0,-1.0
2019-06-29,Kurikka Hirvijärvi,,-1.0,-1.0
2019-06-29,Kauhajoki Kuja-Kokko,14.1,-1.0,-1.0
2019-06-29,Kankaanpää Niinisalo lentokenttä,14.6,-1.0,-1.0
2019-06-29,Alavus Sulkavankylä,,-1.0,-1.0
2019-06-29,Virrat Äijänneva,13.5,,
2019-06-29,Tampere Siilinkari,14.7,,
2019-06-29,Jämsä Halli lentoasema,14.3,-1.0,-1.0
2019-06-29,Juupajoki Hyytiälä,14.1,-1.0,-1.0
2019-06-29,Sysmä Joutsjärvi,,-1.0,-1.0
2019-06-29,Luhanka Tammijärvi,,-1.0,-1.0
2019-06-29,Jyväskylä Muuratjärvi,,-1.0,-1.0
2019-06-29,Luhanka Judinsalo,14.9,,
2019-06-29,Multia Pirttiperä,,-1.0,-1.0
2019-06-29,Joutsa Savenaho,13.3,-1.0,-1.0
2019-06-29,Kangasniemi kirkonkylä,,-1.0,-1.0
2019-06-29,Joutsa Pärnämäki,,-1.0,-1.0
2019-06-29,Mikkeli Pitkähiekka,,-1.0,-1.0
2019-06-29,Juva Partala,13.8,,
2019-06-29,Varkaus Kosulanniemi,14.2,-1.0,-1.0
2019-06-29,Savonlinna Laukansaari,,0.0,-1.0
2019-06-29,Sulkava Halttula,,-1.0,-1.0
2019-06-29,Savonlinna lentoasema,13.6,,
2019-06-29,Rantasalmi Rukkasluoto,15.1,,
2019-06-29,Savonlinna Punkaharju Laukansaari,14.3,0.6,-1.0
2019-06-29,Enonkoski Simanala,,0.2,-1.0
2019-06-29,Savonlinna Savonranta,,-1.0,-1.0
2019-06-29,Rääkkylä kirkonkylä,,1.1,-1.0
2019-06-29,Tohmajärvi Kemie,13.3,0.5,-1.0
2019-06-29,Joensuu Huhtilampi,,0.5,-1.0
2019-06-29,Vaasa lentoasema,15.7,,
2019-06-29,Mustasaari Valassaaret,14.5,,
2019-06-29,Närpiö Ylimarkku,,-1.0,-1.0
2019-06-29,Mustasaari Riimala,,-1.0,-1.0
2019-06-29,Kurikka Pyörni,,-1.0,-1.0
2019-06-29,Korsnäs Bredskäret,15.1,,
2019-06-29,Maalahti Strömmingsbådan,14.4,,
2019-06-29,Vaasa Klemettilä,15.8,-1.0,-1.0
2019-06-29,Seinäjoki Pelmaa,14.6,-1.0,-1.0
2019-06-29,Kauhava lentokenttä,14.0,-1.0,-1.0
2019-06-29,Ähtäri Inha,13.6,-1.0,-1.0
2019-06-29,Halsua Purola,13.1,0.0,-1.0
2019-06-29,Alajärvi Möksy,13.2,-1.0,-1.0
2019-06-29,Multia Karhila,12.2,-1.0,-1.0
2019-06-29,Viitasaari Haapaniemi,13.4,0.1,-1.0
2019-06-29,Äänekoski Kalaniemi,,-1.0,-1.0
2019-06-29,Viitasaari Kärnä,,-1.0,-1.0
2019-06-29,Vesanto kirkonkylä,11.9,0.2,-1.0
2019-06-29,Pielavesi Venetmäki,,0.9,-1.0
2019-06-29,Siilinjärvi Kuopio lentoasema,13.4,,
2019-06-29,Kuopio Maaninka,12.7,1.8,-1.0
2019-06-29,Lapinlahti Lamminkäyrä,,3.7,-1.0
2019-06-29,Suonenjoki Iisvesi,,0.0,-1.0
2019-06-29,Kuopio Karttula,,0.5,-1.0
2019-06-29,Kuopio Ritoniemi,13.7,,
2019-06-29,Kuopio Savilahti,13.2,0.3,-1.0
2019-06-29,Heinävesi Palokki,,2.4,-1.0
2019-06-29,Outokumpu Viuruniemi,,0.7,-1.0
2019-06-29,Rautavaara Ala-Luosta,,2.4,-1.0
2019-06-29,Rautavaara Ylä-Luosta,11.1,1.1,-1.0
2019-06-29,Liperi Joensuu lentoasema,13.1,,
2019-06-29,Juuka Niemelä,11.9,0.5,-1.0
2019-06-29,Joensuu Pyhäselkä,,0.8,-1.0
2019-06-29,Lieksa Koli,,0.6,-1.0
2019-06-29,Liperi Tuiskavanluoto,14.4,,
2019-06-29,Joensuu Linnunlahti,13.9,0.4,-1.0
2019-06-29,Lieksa Lampela,12.6,0.7,-1.0
2019-06-29,Ilomantsi Naarva,,1.8,-1.0
2019-06-29,Ilomantsi Pötsönvaara,12.6,2.5,-1.0
2019-06-29,Ilomantsi Mekrijärvi,13.0,0.4,-1.0
2019-06-29,Pietarsaari Kallan,13.0,,
2019-06-29,Kokkola Tankar,13.7,,
2019-06-29,Kruunupyy Kokkola-Pietarsaari lentoasema,14.3,,
2019-06-29,Kaustinen Tastula,,0.8,-1.0
2019-06-29,Kalajoki Ulkokalla,11.8,,
2019-06-29,Toholampi Oravala,,-1.0,-1.0
2019-06-29,Kalajoki Pitkäsenkylä,,-1.0,-1.0
2019-06-29,Kalajoki Mehtäkylä,,-1.0,-1.0
2019-06-29,Toholampi Laitala,13.7,-1.0,-1.0
2019-06-29,Ylivieska lentokenttä,13.8,0.1,-1.0
2019-06-29,Ylivieska Vähäkangas,,-1.0,-1.0
2019-06-29,Haapavesi Mustikkamäki,13.8,-1.0,-1.0
2019-06-29,Pyhäjärvi Ojakylä,12.3,0.2,-1.0
2019-06-29,Pyhäjärvi Hiidenniemi,,1.1,-1.0
2019-06-29,Kiuruvesi Korpijoki,,1.0,-1.0
2019-06-29,Siikalatva Kestilä,,0.2,-1.0
2019-06-29,Kajaani lentoasema,11.7,,
2019-06-29,Vieremä Kaarakkala,11.5,2.7,-1.0
2019-06-29,Kajaani Paltaniemi,,1.8,-1.0
2019-06-29,Nurmes Valtimo,11.8,2.6,-1.0
2019-06-29,Ristijärvi Mustavaara,,2.0,-1.0
2019-06-29,Sotkamo Kuolaniemi,11.5,1.5,-1.0
2019-06-29,Nurmes Mujejärvi,,5.1,-1.0
2019-06-29,Kuhmo Apaja,,1.2,-1.0
2019-06-29,Kuhmo Kalliojoki,11.6,0.3,-1.0
2019-06-29,Hailuoto Keskikylä,13.4,-1.0,-1.0
2019-06-29,Kemi I majakka,12.6,,
2019-06-29,Hailuoto Marjaniemi,13.4,,
2019-06-29,Raahe Lapaluoto satama,13.8,,
2019-06-29,Oulu lentoasema,14.7,,
2019-06-29,Siikajoki Ruukki,14.1,-1.0,-1.0
2019-06-29,Oulu Vihreäsaari satama,14.5,,
2019-06-29,Oulu Oulunsalo Pellonpää,14.7,-1.0,-1.0
2019-06-29,Vaala Pelso,12.4,0.1,-1.0
2019-06-29,Pudasjärvi lentokenttä,12.0,1.1,-1.0
2019-06-29,Utajärvi Särkijärvi,,0.9,-1.0
2019-06-29,Pudasjärvi Jaurakkajärvi,,1.6,-1.0
2019-06-29,Suomussalmi Näljänkä,,5.1,-1.0
2019-06-29,Suomussalmi Pesiö,10.5,0.9,-1.0
2019-06-29,Puolanka Kotila,,3.7,-1.0
2019-06-29,Puolanka Paljakka,9.9,2.7,-1.0
2019-06-29,Kemi Kemi-Tornio lentoasema,14.3,,
2019-06-29,Kemi Ajos,14.2,,
2019-06-29,Tornio Kaakkuri,14.2,-1.0,-1.0
2019-06-29,Ranua lentokenttä,10.7,5.0,-1.0
2019-06-29,Pudasjärvi Sarakylä,,4.9,-1.0
2019-06-29,Posio Raistakka,,6.1,-1.0
2019-06-29,Taivalkoski Inkee,,5.4,-1.0
2019-06-29,Taivalkoski kirkonkylä,10.1,2.1,-1.0
2019-06-29,Kuusamo lentoasema,10.2,,
2019-06-29,Kuusamo Kiutaköngäs,9.3,8.2,-1.0
2019-06-29,Kuusamo Rukatunturi,7.9,,
2019-06-29,Kuusamo Teeriranta,,2.1,-1.0
2019-06-29,Kuusamo Juuma,8.6,,
2019-06-29,Ylitornio Meltosjärvi,11.9,3.4,-1.0
2019-06-29,Kolari Kattilamaa,,3.2,-1.0
2019-06-29,Pello kirkonkylä,12.7,0.9,-1.0
2019-06-29,Kittilä Alakylä,,1.9,-1.0
2019-06-29,Rovaniemi rautatieasema,11.1,,
2019-06-29,Sodankylä Tähtelä,9.4,4.8,-1.0
2019-06-29,Rovaniemi Apukka,11.4,3.1,-1.0
2019-06-29,Pelkosenniemi kirkonkylä,,6.5,-1.0
2019-06-29,Kemijärvi lentokenttä,9.8,4.6,-1.0
2019-06-29,Savukoski kirkonkylä,8.6,9.0,-1.0
2019-06-29,Salla Kelloselkä,,10.0,-1.0
2019-06-29,Pelkosenniemi Pyhätunturi,8.0,,
2019-06-29,Salla kirkonkylä,9.2,5.3,-1.0
2019-06-29,Salla Naruska,8.3,12.5,-1.0
2019-06-29,Enontekiö Kaaresuvanto,,-1.0,-1.0
2019-06-29,Kittilä Pulju,,-1.0,-1.0
2019-06-29,Muonio Laukukero,4.8,,
2019-06-29,Muonio Sammaltunturi,6.7,,
2019-06-29,Kittilä Matorova,8.7,,
2019-06-29,Kittilä lentoasema,9.5,,
2019-06-29,Kittilä Kenttärova,8.5,3.5,-1.0
2019-06-29,Kittilä Pakatti,9.4,4.6,-1.0
2019-06-29,Kittilä Pokka,8.0,3.3,-1.0
2019-06-29,Sodankylä Lokka,8.8,9.9,-1.0
2019-06-29,Sodankylä Vuotso,8.3,6.2,-1.0
2019-06-29,Inari Saariselkä matkailukeskus,7.8,6.5,-1.0
2019-06-29,Inari Saariselkä Kaunispää,7.1,,
2019-06-29,Inari Raja-Jooseppi Kontiojärvi,,7.8,-1.0
2019-06-29,Inari Raja-Jooseppi,8.5,,
2019-06-29,Salla Värriötunturi,8.1,10.8,-1.0
2019-06-29,Enontekiö Kilpisjärvi kyläkeskus,4.7,2.4,-1.0
2019-06-29,Enontekiö Kilpisjärvi Saana,0.0,,
2019-06-29,Enontekiö Näkkälä,7.5,1.3,-1.0
2019-06-29,Inari Angeli Lintupuoliselkä,7.6,3.5,-1.0
2019-06-29,Inari Ivalo lentoasema,8.7,,
2019-06-29,Utsjoki Kevo,7.8,5.6,-1.0
2019-06-29,Utsjoki Nuorgam,7.4,7.7,-1.0
2019-06-29,Inari Väylä,8.8,,
2019-06-29,Inari kirkonkylä,,4.9,-1.0
2019-06-29,Inari Kaamanen,8.4,5.3,-1.0
2019-06-29,Inari Nellim,9.1,7.8,-1.0
2019-06-29,Inari Kirakkajärvi,8.3,7.0,-1.0
2019-06-29,Mäntsälä Hirvihaara,15.0,-1.0,-1.0
2019-06-29,Lahti Sopenkorpi,15.6,-1.0,-1.0
2019-06-29,Siuntio Sjundby,,-1.0,-1.0
2019-06-29,Sipoo Itätoukki,14.4,,
2019-06-29,Rauma Pyynpää,15.6,-1.0,-1.0
2019-06-29,Muonio Oustajärvi,9.3,2.1,-1.0
2019-06-29,Kajaani Petäisenniska,12.0,1.4,-1.0
2019-06-29,Utsjoki Kevo Kevojärvi,7.7,,
2019-06-29,Inari Seitalaassa,8.8,,
2019-06-29,Rovaniemi lentoasema AWOS,10.4,4.6,-1.0
2019-06-29,Jyväskylä lentoasema AWOS,12.9,-1.0,-1.0
2019-06-29,Puumala kirkonkylä,14.1,0.5,-1.0
2019-06-29,Helsinki Vuosaari satama,15.1,,
2019-06-29,Maarianhamina Länsisatama,16.6,,
2019-06-29,Lumparland Långnäs satama,17.5,-1.0,-1.0
2019-06-29,Tampere Tampella,15.8,,
2019-06-29,Kittilä Lompolonvuoma,9.0,,
2019-06-29,Kuusamo Ruka Talvijärvi,9.7,,
2019-06-29,Espoo Nuuksio,15.3,-1.0,-1.0
2019-06-29,Mikkeli Lentoasema AWOS,13.8,-1.0,-1.0
2019-06-29,Espoo Tapiola,16.2,-1.0,-1.0
2019-06-30,Porvoo Kilpilahti satama,17.8,,
2019-06-30,Jomala Maarianhamina lentoasema,17.1,,
2019-06-30,Parainen Utö,16.7,-1.0,-1.0
2019-06-30,Lemland Nyhamn,16.0,,
2019-06-30,Jomala Jomalaby,17.6,-1.0,-1.0
2019-06-30,Hammarland Märket,15.0,,
2019-06-30,Kökar Bogskär,16.3,,
2019-06-30,Parainen Fagerholm,17.4,-1.0,
2019-06-30,Kumlinge kirkonkylä,17.0,,
2019-06-30,Hanko Russarö,17.6,-1.0,
2019-06-30,Kaarina Yltöinen,18.5,-1.0,-1.0
2019-06-30,Kemiönsaari Vänö,17.9,,
2019-06-30,Hanko Tulliniemi,17.9,,
2019-06-30,Turku Rajakari,17.3,,
2019-06-30,Turku Artukainen,18.8,-1.0,-1.0
2019-06-30,Kemiönsaari Kemiö,18.7,-1.0,-1.0
2019-06-30,Hanko Tvärminne,17.7,-1.0,-1.0
2019-06-30,Salo Kärkkä,19.0,-1.0,
2019-06-30,Lohja Leppäkorpi,,0.0,-1.0
2019-06-30,Raasepori Jussarö,16.5,,
2019-06-30,Salo Kiikala lentokenttä,17.7,-1.0,-1.0
2019-06-30,Vantaa Helsinki-Vantaan lentoasema,18.3,-1.0,-1.0
2019-06-30,Inkoo Bågaskär,17.2,,
2019-06-30,Helsinki Kaisaniemi,17.6,-1.0,-1.0
2019-06-30,Lohja Porla,18.4,-1.0,-1.0
2019-06-30,Vihti Maasoja,17.7,,
2019-06-30,Helsinki Harmaja,15.4,,
2019-06-30,Kirkkonummi Mäkiluoto,17.1,,
2019-06-30,Helsinki Helsingin majakka,16.4,,
2019-06-30,Helsinki Kumpula,17.9,-1.0,-1.0
2019-06-30,Helsinki Malmi lentokenttä,18.1,,
2019-06-30,Porvoo Emäsalo,15.9,,
2019-06-30,Porvoo Harabacka,18.5,-1.0,-1.0
2019-06-30,Kotka Rankki,16.5,-1.0,-1.0
2019-06-30,Loviisa Orrengrund,16.5,,
2019-06-30,Kotka Haapasaari,16.2,,
2019-06-30,Pori lentoasema,16.9,,
2019-06-30,Uusikaupunki Itätulli,,-1.0,-1.0
2019-06-30,Laitila Haukka,,-1.0,-1.0
2019-06-30,Kustavi Isokari,16.2,0.2,
2019-06-30,Rauma Kylmäpihlaja,15.8,,
2019-06-30,Pori rautatieasema,17.1,-1.0,-1.0
2019-06-30,Turku lentoasema,18.4,,
2019-06-30,Kokemäki Rausenkulma,,-1.0,-1.0
2019-06-30,Huittinen Sallila,,-1.0,-1.0
2019-06-30,Oripää Teinikivi,,0.6,-1.0
2019-06-30,Pöytyä Yläne,,0.0,-1.0
2019-06-30,Kokemäki Tulkkila,17.3,-1.0,-1.0
2019-06-30,Jokioinen Ilmala,17.5,-1.0,-1.0
2019-06-30,Nokia Tottijärvi,,-1.0,-1.0
2019-06-30,Pirkkala Tampere-Pirkkala lentoasema,17.2,,
2019-06-30,Tampere Härmälä,17.4,-1.0,-1.0
2019-06-30,Somero Salkola,16.8,-1.0,-1.0
2019-06-30,Hyvinkää Hyvinkäänkylä,17.7,-1.0,-1.0
2019-06-30,Vihti Hiiskula,,-1.0,-1.0
2019-06-30,Hämeenlinna Pirttikoski,,-1.0,-1.0
2019-06-30,Nurmijärvi Röykkä,18.0,-1.0,-1.0
2019-06-30,Hattula Lepaa,17.5,-1.0,-1.0
2019-06-30,Hämeenlinna Lammi Pappila,17.0,-1.0,-1.0
2019-06-30,Mäntsälä Hirvihaara Kuntomajantie,,-1.0,-1.0
2019-06-30,Asikkala Pulkkilanharju,16.4,,
2019-06-30,Hämeenlinna Lammi Evo,16.4,,
2019-06-30,Kouvola Utti lentoasema,18.0,-1.0,-1.0
2019-06-30,Kouvola Anjala,18.1,-1.0,-1.0
2019-06-30,Heinola Asemantaus,17.4,-1.0,-1.0
2019-06-30,Kouvola Voikoski,,-1.0,-1.0
2019-06-30,Virolahti Koivuniemi,17.2,-1.0,-1.0
2019-06-30,Lappeenranta lentoasema,17.5,,
2019-06-30,Lappeenranta Konnunsuo,16.4,,
2019-06-30,Lappeenranta Lepola,17.5,-1.0,-1.0
2019-06-30,Ruokolahti Kotaniemi,,-1.0,-1.0
2019-06-30,Lappeenranta Hiekkapakka,16.9,,
2019-06-30,Parikkala Koitsanlahti,15.8,-1.0,-1.0
2019-06-30,Kaskinen Sälgrund,15.0,-1.0,
2019-06-30,Merikarvia Tuorila,,-1.0,-1.0
2019-06-30,Isojoki Kärjenkoski,,-1.0,-1.0
2019-06-30,Teuva Kauppilankylä,,-1.0,-1.0
2019-06-30,Pori Tahkoluoto satama,15.0,,
2019-06-30,Kristiinankaupunki Majakka,14.3,,
2019-06-30,Karvia Alkkia,15.6,-1.0,-1.0
2019-06-30,Ikaalinen Vehuvarpee,,-1.0,-1.0
2019-06-30,Kurikka Hirvijärvi,,0.0,-1.0
2019-06-30,Kauhajoki Kuja-Kokko,14.5,0.1,-1.0
2019-06-30,Kankaanpää Niinisalo lentokenttä,16.5,-1.0,-1.0
2019-06-30,Alavus Sulkavankylä,,0.0,-1.0
2019-06-30,Virrat Äijänneva,14.6,,
2019-06-30,Tampere Siilinkari,16.2,,
2019-06-30,Jämsä Halli lentoasema,15.9,-1.0,-1.0
2019-06-30,Juupajoki Hyytiälä,14.9,0.0,-1.0
2019-06-30,Sysmä Joutsjärvi,,0.4,-1.0
2019-06-30,Luhanka Tammijärvi,,-1.0,-1.0
2019-06-30,Jyväskylä Muuratjärvi,,-1.0,-1.0
2019-06-30,Luhanka Judinsalo,16.0,,
2019-06-30,Multia Pirttiperä,,0.0,-1.0
2019-06-30,Joutsa Savenaho,14.6,-1.0,-1.0
2019-06-30,Kangasniemi kirkonkylä,,-1.0,-1.0
2019-06-30,Joutsa Pärnämäki,,-1.0,-1.0
2019-06-30,Mikkeli Pitkähiekka,,-1.0,-1.0
2019-06-30,Juva Partala,15.7,,
2019-06-30,Varkaus Kosulanniemi,15.8,0.2,-1.0
2019-06-30,Savonlinna Laukansaari,,0.1,-1.0
2019-06-30,Sulkava Halttula,,-1.0,-1.0
2019-06-30,Savonlinna lentoasema,16.1,,
2019-06-30,Rantasalmi Rukkasluoto,15.9,,
2019-06-30,Savonlinna Punkaharju Laukansaari,16.1,-1.0,-1.0
2019-06-30,Enonkoski Simanala,,-1.0,-1.0
2019-06-30,Savonlinna Savonranta,,-1.0,-1.0
2019-06-30,Rääkkylä kirkonkylä,,-1.0,-1.0
2019-06-30,Tohmajärvi Kemie,14.4,-1.0,-1.0
2019-06-30,Joensuu Huhtilampi,,0.2,-1.0
2019-06-30,Vaasa lentoasema,13.1,,
2019-06-30,Mustasaari Valassaaret,13.1,,
2019-06-30,Närpiö Ylimarkku,,0.3,-1.0
2019-06-30,Mustasaari Riimala,,-1.0,-1.0
2019-06-30,Kurikka Pyörni,,-1.0,-1.0
2019-06-30,Korsnäs Bredskäret,13.8,,
2019-06-30,Maalahti Strömmingsbådan,13.8,,
2019-06-30,Vaasa Klemettilä,13.3,-1.0,-1.0
2019-06-30,Seinäjoki Pelmaa,14.0,0.1,-1.0
2019-06-30,Kauhava lentokenttä,13.9,-1.0,-1.0
2019-06-30,Ähtäri Inha,14.3,-1.0,-1.0
2019-06-30,Halsua Purola,12.2,0.9,-1.0
2019-06-30,Alajärvi Möksy,12.6,-1.0,-1.0
2019-06-30,Multia Karhila,13.4,-1.0,-1.0
2019-06-30,Viitasaari Haapaniemi,14.4,-1.0,-1.0
2019-06-30,Äänekoski Kalaniemi,,-1.0,-1.0
2019-06-30,Viitasaari Kärnä,,-1.0,-1.0
2019-06-30,Vesanto kirkonkylä,14.2,0.1,-1.0
2019-06-30,Pielavesi Venetmäki,,-1.0,-1.0
2019-06-30,Siilinjärvi Kuopio lentoasema,14.4,,
2019-06-30,Kuopio Maaninka,14.0,0.1,-1.0
2019-06-30,Lapinlahti Lamminkäyrä,,0.0,-1.0
2019-06-30,Suonenjoki Iisvesi,,-1.0,-1.0
2019-06-30,Kuopio Karttula,,-1.0,-1.0
2019-06-30,Kuopio Ritoniemi,15.0,,
2019-06-30,Kuopio Savilahti,14.8,0.1,-1.0
2019-06-30,Heinävesi Palokki,,0.5,-1.0
2019-06-30,Outokumpu Viuruniemi,,0.9,-1.0
2019-06-30,Rautavaara Ala-Luosta,,0.2,-1.0
2019-06-30,Rautavaara Ylä-Luosta,12.6,0.3,-1.0
2019-06-30,Liperi Joensuu lentoasema,14.8,,
2019-06-30,Juuka Niemelä,13.5,0.5,-1.0
2019-06-30,Joensuu Pyhäselkä,,0.7,-1.0
2019-06-30,Lieksa Koli,,0.6,-1.0
2019-06-30,Liperi Tuiskavanluoto,15.5,,
2019-06-30,Joensuu Linnunlahti,14.7,1.1,-1.0
2019-06-30,Lieksa Lampela,13.5,0.2,-1.0
2019-06-30,Ilomantsi Naarva,,1.2,-1.0
2019-06-30,Ilomantsi Pötsönvaara,12.9,1.8,-1.0
2019-06-30,Ilomantsi Mekrijärvi,14.1,1.8,-1.0
2019-06-30,Pietarsaari Kallan,11.7,,
2019-06-30,Kokkola Tankar,12.1,,
2019-06-30,Kruunupyy Kokkola-Pietarsaari lentoasema,12.6,,
2019-06-30,Kaustinen Tastula,,0.5,-1.0
2019-06-30,Kalajoki Ulkokalla,11.1,,
2019-06-30,Toholampi Oravala,,0.8,-1.0
2019-06-30,Kalajoki Pitkäsenkylä,,5.2,-1.0
2019-06-30,Kalajoki Mehtäkylä,,5.6,-1.0
2019-06-30,Toholampi Laitala,12.4,2.4,-1.0
2019-06-30,Ylivieska lentokenttä,12.2,2.4,-1.0
2019-06-30,Ylivieska Vähäkangas,,1.3,-1.0
2019-06-30,Haapavesi Mustikkamäki,13.0,0.9,-1.0
2019-06-30,Pyhäjärvi Ojakylä,12.6,7.1,-1.0
2019-06-30,Pyhäjärvi Hiidenniemi,,0.5,-1.0
2019-06-30,Kiuruvesi Korpijoki,,1.1,-1.0
2019-06-30,Siikalatva Kestilä,,-1.0,-1.0
2019-06-30,Kajaani lentoasema,12.8,,
2019-06-30,Vieremä Kaarakkala,12.1,0.1,-1.0
2019-06-30,Kajaani Paltaniemi,,0.7,-1.0
2019-06-30,Nurmes Valtimo,13.4,0.3,-1.0
2019-06-30,Ristijärvi Mustavaara,,0.7,-1.0
2019-06-30,Sotkamo Kuolaniemi,12.5,0.1,-1.0
2019-06-30,Nurmes Mujejärvi,,0.3,-1.0
2019-06-30,Kuhmo Apaja,,-1.0,-1.0
2019-06-30,Kuhmo Kalliojoki,11.9,-1.0,-1.0
2019-06-30,Hailuoto Keskikylä,11.9,10.5,-1.0
2019-06-30,Kemi I majakka,10.3,,
2019-06-30,Hailuoto Marjaniemi,11.8,,
2019-06-30,Raahe Lapaluoto satama,12.2,,
2019-06-30,Oulu lentoasema,12.4,,
2019-06-30,Siikajoki Ruukki,12.2,7.2,-1.0
2019-06-30,Oulu Vihreäsaari satama,12.4,,
2019-06-30,Oulu Oulunsalo Pellonpää,12.7,8.0,-1.0
2019-06-30,Vaala Pelso,12.4,0.7,-1.0
2019-06-30,Pudasjärvi lentokenttä,11.5,4.4,-1.0
2019-06-30,Utajärvi Särkijärvi,,1.3,-1.0
2019-06-30,Pudasjärvi Jaurakkajärvi,,2.8,-1.0
2019-06-30,Suomussalmi Näljänkä,,1.5,-1.0
2019-06-30,Suomussalmi Pesiö,10.6,0.7,-1.0
2019-06-30,Puolanka Kotila,,0.8,-1.0
2019-06-30,Puolanka Paljakka,10.4,0.4,-1.0
2019-06-30,Kemi Kemi-Tornio lentoasema,10.7,,
2019-06-30,Kemi Ajos,11.4,,
2019-06-30,Tornio Kaakkuri,11.2,2.5,-1.0
2019-06-30,Ranua lentokenttä,10.4,1.5,-1.0
2019-06-30,Pudasjärvi Sarakylä,,5.2,-1.0
2019-06-30,Posio Raistakka,,0.8,-1.0
2019-06-30,Taivalkoski Inkee,,1.2,-1.0
2019-06-30,Taivalkoski kirkonkylä,10.7,3.8,-1.0
2019-06-30,Kuusamo lentoasema,9.5,,
2019-06-30,Kuusamo Kiutaköngäs,9.6,-1.0,-1.0
2019-06-30,Kuusamo Rukatunturi,7.9,,
2019-06-30,Kuusamo Teeriranta,,0.1,-1.0
2019-06-30,Kuusamo Juuma,8.2,,
2019-06-30,Ylitornio Meltosjärvi,10.3,0.9,-1.0
2019-06-30,Kolari Kattilamaa,,2.6,-1.0
2019-06-30,Pello kirkonkylä,10.9,2.1,-1.0
2019-06-30,Kittilä Alakylä,,3.0,-1.0
2019-06-30,Rovaniemi rautatieasema,11.6,,
2019-06-30,Sodankylä Tähtelä,10.1,-1.0,-1.0
2019-06-30,Rovaniemi Apukka,10.0,-1.0,-1.0
2019-06-30,Pelkosenniemi kirkonkylä,,-1.0,-1.0
2019-06-30,Kemijärvi lentokenttä,9.3,-1.0,-1.0
2019-06-30,Savukoski kirkonkylä,8.7,-1.0,-1.0
2019-06-30,Salla Kelloselkä,,0.1,-1.0
2019-06-30,Pelkosenniemi Pyhätunturi,7.7,,
2019-06-30,Salla kirkonkylä,8.5,-1.0,-1.0
2019-06-30,Salla Naruska,8.2,-1.0,-1.0
2019-06-30,Enontekiö Kaaresuvanto,,-1.0,-1.0
2019-06-30,Kittilä Pulju,,-1.0,-1.0
2019-06-30,Muonio Laukukero,4.8,,
2019-06-30,Muonio Sammaltunturi,6.5,,
2019-06-30,Kittilä Matorova,8.6,,
2019-06-30,Kittilä lentoasema,9.6,,
2019-06-30,Kittilä Kenttärova,8.4,0.2,-1.0
2019-06-30,Kittilä Pakatti,9.9,1.3,-1.0
2019-06-30,Kittilä Pokka,7.6,-1.0,-1.0
2019-06-30,Sodankylä Lokka,8.9,-1.0,-1.0
2019-06-30,Sodankylä Vuotso,8.2,-1.0,-1.0
2019-06-30,Inari Saariselkä matkailukeskus,7.5,-1.0,-1.0
2019-06-30,Inari Saariselkä Kaunispää,7.3,,
2019-06-30,Inari Raja-Jooseppi Kontiojärvi,,0.0,-1.0
2019-06-30,Inari Raja-Jooseppi,8.4,,
2019-06-30,Salla Värriötunturi,8.3,-1.0,-1.0
2019-06-30,Enontekiö Kilpisjärvi kyläkeskus,6.9,-1.0,-1.0
2019-06-30,Enontekiö Kilpisjärvi Saana,2.5,,
2019-06-30,Enontekiö Näkkälä,8.2,-1.0,-1.0
2019-06-30,Inari Angeli Lintupuoliselkä,8.6,-1.0,-1.0
2019-06-30,Inari Ivalo lentoasema,9.3,,
2019-06-30,Utsjoki Kevo,9.2,-1.0,-1.0
2019-06-30,Utsjoki Nuorgam,8.2,-1.0,-1.0
2019-06-30,Inari Väylä,8.8,,
2019-06-30,Inari kirkonkylä,,-1.0,-1.0
2019-06-30,Inari Kaamanen,9.0,-1.0,-1.0
2019-06-30,Inari Nellim,8.9,-1.0,-1.0
2019-06-30,Inari Kirakkajärvi,9.1,-1.0,-1.0
2019-06-30,Mäntsälä Hirvihaara,17.9,-1.0,-1.0
2019-06-30,Lahti Sopenkorpi,17.9,-1.0,-1.0
2019-06-30,Siuntio Sjundby,,-1.0,-1.0
2019-06-30,Sipoo Itätoukki,15.2,,
2019-06-30,Rauma Pyynpää,17.3,-1.0,-1.0
2019-06-30,Muonio Oustajärvi,9.8,0.6,-1.0
2019-06-30,Kajaani Petäisenniska,12.6,1.6,-1.0
2019-06-30,Utsjoki Kevo Kevojärvi,9.2,,
2019-06-30,Inari Seitalaassa,9.1,,
2019-06-30,Rovaniemi lentoasema AWOS,10.2,0.3,-1.0
2019-06-30,Jyväskylä lentoasema AWOS,15.1,0.1,-1.0
2019-06-30,Puumala kirkonkylä,16.5,0.1,-1.0
2019-06-30,Helsinki Vuosaari satama,16.7,,
2019-06-30,Maarianhamina Länsisatama,17.6,,
2019-06-30,Lumparland Långnäs satama,17.5,-1.0,-1.0
2019-06-30,Tampere Tampella,17.6,,
2019-06-30,Kittilä Lompolonvuoma,8.7,,
2019-06-30,Kuusamo Ruka Talvijärvi,9.5,,
2019-06-30,Espoo Nuuksio,17.5,-1.0,-1.0
2019-06-30,Mikkeli Lentoasema AWOS,16.3,0.4,-1.0
2019-06-30,Espoo Tapiola,17.6,-1.0,-1.0
2019-07-01,Porvoo Kilpilahti satama,17.0,,
2019-07-01,Jomala Maarianhamina lentoasema,17.7,,
2019-07-01,Parainen Utö,16.8,0.8,-1.0
2019-07-01,Lemland Nyhamn,15.8,,
2019-07-01,Jomala Jomalaby,18.0,1.7,-1.0
2019-07-01,Hammarland Märket,15.7,,
2019-07-01,Kökar Bogskär,15.9,,
2019-07-01,Parainen Fagerholm,17.5,-1.0,
2019-07-01,Kumlinge kirkonkylä,17.0,,
2019-07-01,Hanko Russarö,17.0,-1.0,
2019-07-01,Kaarina Yltöinen,18.7,0.1,-1.0
2019-07-01,Kemiönsaari Vänö,17.0,,
2019-07-01,Hanko Tulliniemi,16.3,,
2019-07-01,Turku Rajakari,17.9,,
2019-07-01,Turku Artukainen,19.1,4.8,-1.0
2019-07-01,Kemiönsaari Kemiö,18.6,0.5,-1.0
2019-07-01,Hanko Tvärminne,17.3,-1.0,-1.0
2019-07-01,Salo Kärkkä,19.4,0.4,
2019-07-01,Lohja Leppäkorpi,,0.3,-1.0
2019-07-01,Raasepori Jussarö,16.0,,
2019-07-01,Salo Kiikala lentokenttä,18.5,0.1,-1.0
2019-07-01,Vantaa Helsinki-Vantaan lentoasema,20.3,0.1,-1.0
2019-07-01,Inkoo Bågaskär,16.6,,
2019-07-01,Helsinki Kaisaniemi,17.9,0.1,-1.0
2019-07-01,Lohja Porla,19.0,-1.0,-1.0
2019-07-01,Vihti Maasoja,18.2,,
2019-07-01,Helsinki Harmaja,14.9,,
2019-07-01,Kirkkonummi Mäkiluoto,16.7,,
2019-07-01,Helsinki Helsingin majakka,15.9,,
2019-07-01,Helsinki Kumpula,18.8,-1.0,-1.0
2019-07-01,Helsinki Malmi lentokenttä,19.4,,
2019-07-01,Porvoo Emäsalo,15.4,,
2019-07-01,Porvoo Harabacka,19.3,-1.0,-1.0
2019-07-01,Kotka Rankki,16.2,0.6,-1.0
2019-07-01,Loviisa Orrengrund,16.2,,
2019-07-01,Kotka Haapasaari,16.2,,
2019-07-01,Pori lentoasema,17.1,,
2019-07-01,Uusikaupunki Itätulli,,0.4,-1.0
2019-07-01,Laitila Haukka,,0.4,-1.0
2019-07-01,Kustavi Isokari,16.1,-1.0,
2019-07-01,Rauma Kylmäpihlaja,16.0,,
2019-07-01,Pori rautatieasema,17.2,0.9,-1.0
2019-07-01,Turku lentoasema,18.7,,
2019-07-01,Kokemäki Rausenkulma,,6.5,-1.0
2019-07-01,Huittinen Sallila,,12.4,-1.0
2019-07-01,Oripää Teinikivi,,1.6,-1.0
2019-07-01,Pöytyä Yläne,,3.2,-1.0
2019-07-01,Kokemäki Tulkkila,17.4,4.8,-1.0
2019-07-01,Jokioinen Ilmala,18.1,3.8,-1.0
2019-07-01,Nokia Tottijärvi,,-1.0,-1.0
2019-07-01,Pirkkala Tampere-Pirkkala lentoasema,18.2,,
2019-07-01,Tampere Härmälä,18.8,-1.0,-1.0
2019-07-01,Somero Salkola,17.8,1.3,-1.0
2019-07-01,Hyvinkää Hyvinkäänkylä,19.0,1.9,-1.0
2019-07-01,Vihti Hiiskula,,3.6,-1.0
2019-07-01,Hämeenlinna Pirttikoski,,1.2,-1.0
2019-07-01,Nurmijärvi Röykkä,18.9,4.8,-1.0
2019-07-01,Hattula Lepaa,18.9,0.1,-1.0
2019-07-01,Hämeenlinna Lammi Pappila,18.8,0.9,-1.0
2019-07-01,Mäntsälä Hirvihaara Kuntomajantie,,-1.0,-1.0
2019-07-01,Asikkala Pulkkilanharju,19.0,,
2019-07-01,Hämeenlinna Lammi Evo,18.8,,
2019-07-01,Kouvola Utti lentoasema,19.7,5.7,-1.0
2019-07-01,Kouvola Anjala,20.0,-1.0,-1.0
2019-07-01,Heinola Asemantaus,20.0,0.3,-1.0
2019-07-01,Kouvola Voikoski,,10.3,-1.0
2019-07-01,Virolahti Koivuniemi,17.4,-1.0,-1.0
2019-07-01,Lappeenranta lentoasema,18.3,,
2019-07-01,Lappeenranta Konnunsuo,17.3,,
2019-07-01,Lappeenranta Lepola,18.1,33.2,-1.0
2019-07-01,Ruokolahti Kotaniemi,,2.0,-1.0
2019-07-01,Lappeenranta Hiekkapakka,17.9,,
2019-07-01,Parikkala Koitsanlahti,17.1,17.2,-1.0
2019-07-01,Kaskinen Sälgrund,16.0,0.8,
2019-07-01,Merikarvia Tuorila,,1.8,-1.0
2019-07-01,Isojoki Kärjenkoski,,2.5,-1.0
2019-07-01,Teuva Kauppilankylä,,4.1,-1.0
2019-07-01,Pori Tahkoluoto satama,15.3,,
2019-07-01,Kristiinankaupunki Majakka,14.2,,
2019-07-01,Karvia Alkkia,17.1,0.2,-1.0
2019-07-01,Ikaalinen Vehuvarpee,,2.0,-1.0
2019-07-01,Kurikka Hirvijärvi,,0.0,-1.0
2019-07-01,Kauhajoki Kuja-Kokko,16.4,1.4,-1.0
2019-07-01,Kankaanpää Niinisalo lentokenttä,18.0,-1.0,-1.0
2019-07-01,Alavus Sulkavankylä,,1.9,-1.0
2019-07-01,Virrat Äijänneva,16.7,,
2019-07-01,Tampere Siilinkari,17.9,,
2019-07-01,Jämsä Halli lentoasema,18.5,-1.0,-1.0
2019-07-01,Juupajoki Hyytiälä,17.3,-1.0,-1.0
2019-07-01,Sysmä Joutsjärvi,,-1.0,-1.0
2019-07-01,Luhanka Tammijärvi,,-1.0,-1.0
2019-07-01,Jyväskylä Muuratjärvi,,-1.0,-1.0
2019-07-01,Luhanka Judinsalo,18.2,,
2019-07-01,Multia Pirttiperä,,0.0,-1.0
2019-07-01,Joutsa Savenaho,17.6,-1.0,-1.0
2019-07-01,Kangasniemi kirkonkylä,,-1.0,-1.0
2019-07-01,Joutsa Pärnämäki,,3.2,-1.0
2019-07-01,Mikkeli Pitkähiekka,,0.6,-1.0
2019-07-01,Juva Partala,18.9,,
2019-07-01,Varkaus Kosulanniemi,18.5,0.1,-1.0
2019-07-01,Savonlinna Laukansaari,,6.0,-1.0
2019-07-01,Sulkava Halttula,,0.9,-1.0
2019-07-01,Savonlinna lentoasema,18.1,,
2019-07-01,Rantasalmi Rukkasluoto,18.0,,
2019-07-01,Savonlinna Punkaharju Laukansaari,18.6,5.2,-1.0
2019-07-01,Enonkoski Simanala,,1.9,-1.0
2019-07-01,Savonlinna Savonranta,,0.0,-1.0
2019-07-01,Rääkkylä kirkonkylä,,0.7,-1.0
2019-07-01,Tohmajärvi Kemie,16.5,-1.0,-1.0
2019-07-01,Joensuu Huhtilampi,,3.1,-1.0
2019-07-01,Vaasa lentoasema,16.0,,
2019-07-01,Mustasaari Valassaaret,15.0,,
2019-07-01,Närpiö Ylimarkku,,5.2,-1.0
2019-07-01,Mustasaari Riimala,,3.2,-1.0
2019-07-01,Kurikka Pyörni,,7.8,-1.0
2019-07-01,Korsnäs Bredskäret,15.0,,
2019-07-01,Maalahti Strömmingsbådan,13.9,,
2019-07-01,Vaasa Klemettilä,16.4,5.0,-1.0
2019-07-01,Seinäjoki Pelmaa,17.4,6.3,-1.0
2019-07-01,Kauhava lentokenttä,16.5,10.6,-1.0
2019-07-01,Ähtäri Inha,17.2,2.0,-1.0
2019-07-01,Halsua Purola,15.8,0.4,-1.0
2019-07-01,Alajärvi Möksy,16.1,1.9,-1.0
2019-07-01,Multia Karhila,15.8,-1.0,-1.0
2019-07-01,Viitasaari Haapaniemi,17.2,-1.0,-1.0
2019-07-01,Äänekoski Kalaniemi,,-1.0,-1.0
2019-07-01,Viitasaari Kärnä,,-1.0,-1.0
2019-07-01,Vesanto kirkonkylä,17.1,-1.0,-1.0
2019-07-01,Pielavesi Venetmäki,,0.0,-1.0
2019-07-01,Siilinjärvi Kuopio lentoasema,16.6,,
2019-07-01,Kuopio Maaninka,16.8,-1.0,-1.0
2019-07-01,Lapinlahti Lamminkäyrä,,3.4,-1.0
2019-07-01,Suonenjoki Iisvesi,,-1.0,-1.0
2019-07-01,Kuopio Karttula,,-1.0,-1.0
2019-07-01,Kuopio Ritoniemi,17.4,,
2019-07-01,Kuopio Savilahti,17.2,0.4,-1.0
2019-07-01,Heinävesi Palokki,,0.0,-1.0
2019-07-01,Outokumpu Viuruniemi,,1.6,-1.0
2019-07-01,Rautavaara Ala-Luosta,,2.6,-1.0
2019-07-01,Rautavaara Ylä-Luosta,14.0,6.0,-1.0
2019-07-01,Liperi Joensuu lentoasema,15.2,,
2019-07-01,Juuka Niemelä,14.1,8.4,-1.0
2019-07-01,Joensuu Pyhäselkä,,1.4,-1.0
2019-07-01,Lieksa Koli,,18.6,-1.0
2019-07-01,Liperi Tuiskavanluoto,16.2,,
2019-07-01,Joensuu Linnunlahti,15.6,2.5,-1.0
2019-07-01,Lieksa Lampela,14.0,2.0,-1.0
2019-07-01,Ilomantsi Naarva,,21.2,-1.0
2019-07-01,Ilomantsi Pötsönvaara,11.7,14.6,-1.0
2019-07-01,Ilomantsi Mekrijärvi,13.6,14.3,-1.0
2019-07-01,Pietarsaari Kallan,13.4,,
2019-07-01,Kokkola Tankar,13.9,,
2019-07-01,Kruunupyy Kokkola-Pietarsaari lentoasema,15.7,,
2019-07-01,Kaustinen Tastula,,-1.0,-1.0
2019-07-01,Kalajoki Ulkokalla,11.8,,
2019-07-01,Toholampi Oravala,,-1.0,-1.0
2019-07-01,Kalajoki Pitkäsenkylä,,-1.0,-1.0
2019-07-01,Kalajoki Mehtäkylä,,-1.0,-1.0
2019-07-01,Toholampi Laitala,15.1,0.1,-1.0
2019-07-01,Ylivieska lentokenttä,15.0,0.9,-1.0
2019-07-01,Ylivieska Vähäkangas,,0.4,-1.0
2019-07-01,Haapavesi Mustikkamäki,14.2,2.8,-1.0
2019-07-01,Pyhäjärvi Ojakylä,14.8,3.2,-1.0
2019-07-01,Pyhäjärvi Hiidenniemi,,4.4,-1.0
2019-07-01,Kiuruvesi Korpijoki,,1.6,-1.0
2019-07-01,Siikalatva Kestilä,,5.6,-1.0
2019-07-01,Kajaani lentoasema,13.2,,
2019-07-01,Vieremä Kaarakkala,13.9,1.6,-1.0
2019-07-01,Kajaani Paltaniemi,,4.8,-1.0
2019-07-01,Nurmes Valtimo,14.1,1.0,-1.0
2019-07-01,Ristijärvi Mustavaara,,3.8,-1.0
2019-07-01,Sotkamo Kuolaniemi,13.5,4.4,-1.0
2019-07-01,Nurmes Mujejärvi,,0.8,-1.0
2019-07-01,Kuhmo Apaja,,0.0,-1.0
2019-07-01,Kuhmo Kalliojoki,11.7,1.6,-1.0
2019-07-01,Raahe Nahkiainen,12.7,,
2019-07-01,Hailuoto Keskikylä,12.8,-1.0,-1.0
2019-07-01,Kemi I majakka,11.6,,
2019-07-01,Hailuoto Marjaniemi,12.5,,
2019-07-01,Raahe Lapaluoto satama,13.0,,
2019-07-01,Oulu lentoasema,13.9,,
2019-07-01,Siikajoki Ruukki,13.7,-1.0,-1.0
2019-07-01,Oulu Vihreäsaari satama,14.0,,
2019-07-01,Oulu Oulunsalo Pellonpää,13.7,-1.0,-1.0
2019-07-01,Vaala Pelso,13.2,4.8,-1.0
2019-07-01,Pudasjärvi lentokenttä,11.8,1.7,-1.0
2019-07-01,Utajärvi Särkijärvi,,5.3,-1.0
2019-07-01,Pudasjärvi Jaurakkajärvi,,4.6,-1.0
2019-07-01,Suomussalmi Näljänkä,,5.6,-1.0
2019-07-01,Suomussalmi Pesiö,10.6,10.4,-1.0
2019-07-01,Puolanka Kotila,,10.5,-1.0
2019-07-01,Puolanka Paljakka,10.5,9.7,-1.0
2019-07-01,Kemi Kemi-Tornio lentoasema,12.1,,
2019-07-01,Kemi Ajos,12.6,,
2019-07-01,Tornio Kaakkuri,12.5,-1.0,-1.0
2019-07-01,Ranua lentokenttä,10.6,3.0,-1.0
2019-07-01,Pudasjärvi Sarakylä,,1.4,-1.0
2019-07-01,Posio Raistakka,,7.4,-1.0
2019-07-01,Taivalkoski Inkee,,5.3,-1.0
2019-07-01,Taivalkoski kirkonkylä,10.4,4.4,-1.0
2019-07-01,Kuusamo lentoasema,9.7,,
2019-07-01,Kuusamo Kiutaköngäs,8.9,15.4,-1.0
2019-07-01,Kuusamo Rukatunturi,7.6,,
2019-07-01,Kuusamo Teeriranta,,6.3,-1.0
2019-07-01,Kuusamo Juuma,8.4,,
2019-07-01,Ylitornio Meltosjärvi,10.3,1.4,-1.0
2019-07-01,Kolari Kattilamaa,,1.2,-1.0
2019-07-01,Pello kirkonkylä,10.3,1.5,-1.0
2019-07-01,Kittilä Alakylä,,5.0,-1.0
2019-07-01,Rovaniemi rautatieasema,10.9,,
2019-07-01,Sodankylä Tähtelä,9.2,6.8,-1.0
2019-07-01,Rovaniemi Apukka,10.4,4.3,-1.0
2019-07-01,Pelkosenniemi kirkonkylä,,5.0,-1.0
2019-07-01,Kemijärvi lentokenttä,9.4,10.3,-1.0
2019-07-01,Savukoski kirkonkylä,8.6,7.7,-1.0
2019-07-01,Salla Kelloselkä,,3.4,-1.0
2019-07-01,Pelkosenniemi Pyhätunturi,7.2,,
2019-07-01,Salla kirkonkylä,9.0,3.9,-1.0
2019-07-01,Salla Naruska,8.2,4.9,-1.0
2019-07-01,Enontekiö Kaaresuvanto,,6.5,-1.0
2019-07-01,Kittilä Pulju,,7.4,-1.0
2019-07-01,Muonio Laukukero,4.8,,
2019-07-01,Muonio Sammaltunturi,6.2,,
2019-07-01,Kittilä Matorova,7.4,,
2019-07-01,Kittilä lentoasema,8.6,,
2019-07-01,Kittilä Kenttärova,7.3,6.0,-1.0
2019-07-01,Kittilä Pakatti,8.6,7.6,-1.0
2019-07-01,Kittilä Pokka,7.9,7.3,-1.0
2019-07-01,Sodankylä Lokka,8.5,2.9,-1.0
2019-07-01,Sodankylä Vuotso,9.1,9.5,-1.0
2019-07-01,Inari Saariselkä matkailukeskus,9.4,2.3,-1.0
2019-07-01,Inari Saariselkä Kaunispää,8.5,,
2019-07-01,Inari Raja-Jooseppi Kontiojärvi,,1.8,-1.0
2019-07-01,Inari Raja-Jooseppi,9.9,,
2019-07-01,Salla Värriötunturi,8.9,3.7,-1.0
2019-07-01,Enontekiö Kilpisjärvi kyläkeskus,7.2,8.6,-1.0
2019-07-01,Enontekiö Kilpisjärvi Saana,3.0,,
2019-07-01,Enontekiö Näkkälä,7.7,2.0,-1.0
2019-07-01,Inari Angeli Lintupuoliselkä,8.8,3.2,-1.0
2019-07-01,Inari Ivalo lentoasema,10.3,,
2019-07-01,Utsjoki Kevo,11.5,1.7,-1.0
2019-07-01,Utsjoki Nuorgam,12.6,0.7,-1.0
2019-07-01,Inari Väylä,9.9,,
2019-07-01,Inari kirkonkylä,,2.8,-1.0
2019-07-01,Inari Kaamanen,10.4,4.3,-1.0
2019-07-01,Inari Nellim,10.7,1.4,-1.0
2019-07-01,Inari Kirakkajärvi,12.0,1.1,-1.0
2019-07-01,Mäntsälä Hirvihaara,19.5,0.1,-1.0
2019-07-01,Lahti Sopenkorpi,19.7,1.9,-1.0
2019-07-01,Siuntio Sjundby,,0.0,-1.0
2019-07-01,Sipoo Itätoukki,15.1,,
2019-07-01,Rauma Pyynpää,16.7,0.3,-1.0
2019-07-01,Muonio Oustajärvi,8.8,3.0,-1.0
2019-07-01,Kajaani Petäisenniska,13.0,3.9,-1.0
2019-07-01,Utsjoki Kevo Kevojärvi,11.4,,
2019-07-01,Inari Seitalaassa,10.4,,
2019-07-01,Rovaniemi lentoasema AWOS,9.7,6.6,-1.0
2019-07-01,Jyväskylä lentoasema AWOS,17.6,-1.0,-1.0
2019-07-01,Puumala kirkonkylä,19.4,1.1,-1.0
2019-07-01,Helsinki Vuosaari satama,16.0,,
2019-07-01,Maarianhamina Länsisatama,16.9,,
2019-07-01,Lumparland Långnäs satama,18.7,0.8,-1.0
2019-07-01,Tampere Tampella,19.4,,
2019-07-01,Kittilä Lompolonvuoma,7.5,,
2019-07-01,Kuusamo Ruka Talvijärvi,9.3,,
2019-07-01,Espoo Nuuksio,19.3,-1.0,-1.0
2019-07-01,Mikkeli Lentoasema AWOS,19.1,3.5,-1.0
2019-07-01,Espoo Tapiola,19.1,0.1,-1.0
