FID,id,geom,vvonn,kkonn,kello,vakav,onntyyppi,lkmhapa,lkmlaka,lkmjk,lkmpp,lkmmo,lkmmp,lkmmuukulk,x,y
tieliikenne_2021.1,1,POINT (387566.0982 6676007.5611),2021,1,04.00-04.59,2,1,2,0,0,0,0,0,0,387566.0982,6676007.5611
tieliikenne_2021.2,2,POINT (384637.3841 6671075.5539),2021,1,09.00-09.59,2,4,1,0,0,0,0,0,1,384637.3841,6671075.5539
tieliikenne_2021.3,3,POINT (386716.2581 6674375.1088),2021,1,00.00-00.59,2,3,2,0,0,0,0,0,0,386716.2581,6674375.1088
tieliikenne_2021.4,4,POINT (384035.5389 6677327.1385),2021,1,18.00-18.59,2,0,3,0,0,0,0,0,0,384035.5389,6677327.1385
tieliikenne_2021.5,5,POINT (387986.86 6673928.5195),2021,1,11.00-11.59,2,0,1,1,0,0,0,0,0,387986.86,6673928.5195
tieliikenne_2021.6,6,POINT (386825.5822 6674736.2993),2021,1,23.00-23.59,2,8,2,0,0,0,0,0,0,386825.5822,6674736.2993
tieliikenne_2021.7,7,POINT (394470.761 6676140.8082),2021,1,22.00-22.59,2,5,2,0,0,0,0,0,0,394470.761,6676140.8082
tieliikenne_2021.8,8,POINT (386147.0502 6676219.1399),2021,1,14.00-14.59,2,4,1,0,0,0,0,0,1,386147.0502,6676219.1399
tieliikenne_2021.9,9,POINT (381720.113 6679440.154),2021,1,13.00-13.59,2,8,2,0,0,0,0,0,0,381720.113,6679440.154
tieliikenne_2021.10,10,POINT (384139.9962 6674540.4944),2021,1,06.00-06.59,2,1,2,0,0,0,0,0,0,384139.9962,6674540.4944
tieliikenne_2021.11,11,POINT (393910.7634 6679205.2483),2021,1,06.00-06.59,2,5,2,0,0,0,0,0,0,393910.7634,6679205.2483
tieliikenne_2021.12,12,POINT (390787.5422 6681395.9081),2021,1,11.00-11.59,2,7,1,0,1,0,0,0,0,390787.5422,6681395.9081
tieliikenne_2021.13,13,POINT (392305.89 6676480.293),2021,1,15.00-15.59,2,4,2,0,0,0,0,0,0,392305.89,6676480.293
tieliikenne_2021.14,14,POINT (385319.1758 6679620.6456),2021,1,17.00-17.59,2,6,1,0,1,0,0,0,0,385319.1758,6679620.6456
tieliikenne_2021.15,15,POINT (387436.7864 6675376.3085),2021,1,10.00-10.59,2,9,1,0,1,0,0,0,0,387436.7864,6675376.3085
tieliikenne_2021.16,16,POINT (386275.3797 6676497.267),2021,1,08.00-08.59,2,0,2,0,0,0,0,0,0,386275.3797,6676497.267
tieliikenne_2021.17,17,POINT (393537.1847 6676445.6214),2021,1,22.00-22.59,2,6,1,0,2,0,0,0,0,393537.1847,6676445.6214
tieliikenne_2021.18,18,POINT (385432.4095 6671313.6949),2021,1,02.00-02.59,2,4,2,0,0,0,0,0,0,385432.4095,6671313.6949
tieliikenne_2021.19,19,POINT (393508.9727 6681126.1652),2021,2,16.00-16.59,2,8,1,0,0,0,0,0,0,393508.9727,6681126.1652
tieliikenne_2021.20,20,POINT (383069.3213 6679688.8402),2021,2,16.00-16.59,2,0,2,0,0,0,0,0,0,383069.3213,6679688.8402
tieliikenne_2021.21,21,POINT (382591.0715 6676812.0757),2021,2,15.00-15.59,2,0,2,0,0,0,0,0,0,382591.0715,6676812.0757
tieliikenne_2021.22,22,POINT (383998.6414 6674739.5852),2021,2,12.00-12.59,2,0,2,0,0,0,0,0,0,383998.6414,6674739.5852
tieliikenne_2021.23,23,POINT (381051.4361 6680069.5735),2021,2,13.00-13.59,2,1,2,0,0,0,0,0,0,381051.4361,6680069.5735
tieliikenne_2021.24,24,POINT (390405.6554 6680154.6612),2021,2,08.00-08.59,2,2,2,0,0,0,0,0,0,390405.6554,6680154.6612
tieliikenne_2021.25,25,POINT (386282.5526 6672762.0083),2021,2,12.00-12.59,2,6,1,0,1,0,0,0,0,386282.5526,6672762.0083
tieliikenne_2021.26,26,POINT (384831.3776 6681301.5455),2021,2,15.00-15.59,2,6,1,0,1,0,0,0,0,384831.3776,6681301.5455
tieliikenne_2021.27,27,POINT (386220.615 6673951.742),2021,2,08.00-08.59,2,5,1,1,0,0,0,0,0,386220.615,6673951.742
tieliikenne_2021.28,28,POINT (380742.2135 6679026.987),2021,2,16.00-16.59,2,7,0,1,1,0,0,0,0,380742.2135,6679026.987
tieliikenne_2021.29,29,POINT (389682.2616 6680777.7622),2021,2,11.00-11.59,2,5,3,0,0,0,0,0,0,389682.2616,6680777.7622
tieliikenne_2021.30,30,POINT (385296.1925 6679832.0457),2021,2,10.00-10.59,2,6,1,0,1,0,0,0,0,385296.1925,6679832.0457
tieliikenne_2021.31,31,POINT (381418.2102 6679612.68),2021,2,18.00-18.59,3,0,3,0,0,0,0,0,0,381418.2102,6679612.68
tieliikenne_2021.32,32,POINT (385978.0914 6670808.0837),2021,2,12.00-12.59,2,6,1,0,2,0,0,0,0,385978.0914,6670808.0837
tieliikenne_2021.33,33,POINT (391104.555 6674522.0317),2021,2,09.00-09.59,2,1,2,0,0,0,0,0,0,391104.555,6674522.0317
tieliikenne_2021.34,34,POINT (383638.3176 6679640.4743),2021,2,15.00-15.59,2,0,2,0,0,0,0,0,0,383638.3176,6679640.4743
tieliikenne_2021.35,35,POINT (386810.8944 6674903.1858),2021,3,18.00-18.59,2,6,1,0,1,0,0,0,0,386810.8944,6674903.1858
tieliikenne_2021.36,36,POINT (385498.441 6677780.6763),2021,3,18.00-18.59,2,3,2,0,0,0,0,0,0,385498.441,6677780.6763
tieliikenne_2021.37,37,POINT (389351.1349 6679972.4545),2021,3,13.00-13.59,2,0,5,3,0,0,0,0,0,389351.1349,6679972.4545
tieliikenne_2021.38,38,POINT (387206.1145 6682103.7966),2021,3,14.00-14.59,2,0,5,0,0,0,0,0,0,387206.1145,6682103.7966
tieliikenne_2021.39,39,POINT (387089.9583 6681952.8688),2021,3,13.00-13.59,2,0,10,1,0,0,0,0,0,387089.9583,6681952.8688
tieliikenne_2021.40,40,POINT (381902.548 6679447.272),2021,3,15.00-15.59,2,0,2,0,0,0,0,0,0,381902.548,6679447.272
tieliikenne_2021.41,41,POINT (386629.6903 6672128.2417),2021,3,13.00-13.59,2,7,1,0,1,0,0,0,0,386629.6903,6672128.2417
tieliikenne_2021.42,42,POINT (397220.1922 6675923.6981),2021,3,12.00-12.59,2,7,3,0,1,0,0,0,0,397220.1922,6675923.6981
tieliikenne_2021.43,43,POINT (390539.1455 6683071.5351),2021,3,18.00-18.59,3,6,1,0,1,0,0,0,0,390539.1455,6683071.5351
tieliikenne_2021.44,44,POINT (387543.8278 6682355.6835),2021,6,09.00-09.59,2,8,1,0,0,0,0,0,0,387543.8278,6682355.6835
tieliikenne_2021.45,45,POINT (386063.755 6676831.8989),2021,3,07.00-07.59,2,8,1,0,0,0,0,0,0,386063.755,6676831.8989
tieliikenne_2021.46,46,POINT (390167.6229 6679165.2428),2021,4,18.00-18.59,1,7,1,0,1,0,0,0,0,390167.6229,6679165.2428
tieliikenne_2021.47,47,POINT (396643.0257 6678388.0107),2021,4,21.00-21.59,2,8,1,0,0,0,0,0,0,396643.0257,6678388.0107
tieliikenne_2021.48,48,POINT (389388.0399 6674055.7084),2021,4,13.00-13.59,2,0,2,0,0,0,0,0,0,389388.0399,6674055.7084
tieliikenne_2021.49,49,POINT (388306.6118 6681403.6421),2021,4,14.00-14.59,2,0,1,0,0,0,0,1,0,388306.6118,6681403.6421
tieliikenne_2021.50,50,POINT (393638.6695 6677812.3812),2021,4,22.00-22.59,2,4,2,0,0,0,0,0,0,393638.6695,6677812.3812
tieliikenne_2021.51,51,POINT (384324.5407 6670130.4248),2021,8,08.00-08.59,1,8,0,0,0,0,0,1,0,384324.5407,6670130.4248
tieliikenne_2021.52,52,POINT (387698.6032 6673984.5075),2021,4,18.00-18.59,2,3,1,0,0,1,0,0,0,387698.6032,6673984.5075
tieliikenne_2021.53,53,POINT (393377.0145 6675720.6343),2021,4,13.00-13.59,2,1,2,0,0,1,0,0,0,393377.0145,6675720.6343
tieliikenne_2021.54,54,POINT (386007.3281 6674662.4254),2021,4,17.00-17.59,2,4,1,0,0,1,0,0,0,386007.3281,6674662.4254
tieliikenne_2021.55,55,POINT (387356.9313 6679265.9588),2021,4,18.00-18.59,2,1,1,0,0,1,0,0,0,387356.9313,6679265.9588
tieliikenne_2021.56,56,POINT (384124.5344 6674651.4417),2021,4,18.00-18.59,2,1,1,0,0,0,0,0,1,384124.5344,6674651.4417
tieliikenne_2021.57,57,POINT (383228.4269 6679405.4695),2021,4,13.00-13.59,3,7,1,0,1,0,0,0,0,383228.4269,6679405.4695
tieliikenne_2021.58,58,POINT (388250.3261 6680021.7606),2021,4,13.00-13.59,2,0,2,0,0,0,0,0,0,388250.3261,6680021.7606
tieliikenne_2021.59,59,POINT (387236.6442 6673755.6821),2021,4,18.00-18.59,2,7,0,0,1,1,0,0,0,387236.6442,6673755.6821
tieliikenne_2021.60,60,POINT (385114.1669 6672110.109),2021,4,11.00-11.59,2,1,1,0,0,1,0,0,0,385114.1669,6672110.109
tieliikenne_2021.61,61,POINT (382178.3248 6671673.1727),2021,5,21.00-21.59,2,2,2,0,0,0,0,0,0,382178.3248,6671673.1727
tieliikenne_2021.62,62,POINT (384693.8847 6673495.0211),2021,5,21.00-21.59,2,5,2,0,0,0,0,0,0,384693.8847,6673495.0211
tieliikenne_2021.63,63,POINT (394467.6046 6676116.214),2021,5,08.00-08.59,2,0,4,0,0,0,0,0,0,394467.6046,6676116.214
tieliikenne_2021.64,64,POINT (393133.1107 6682285.6464),2021,5,15.00-15.59,2,5,1,0,0,0,0,1,0,393133.1107,6682285.6464
tieliikenne_2021.65,65,POINT (381877.704 6679462.7996),2021,5,18.00-18.59,2,0,2,0,0,0,0,0,0,381877.704,6679462.7996
tieliikenne_2021.66,66,POINT (390470.664 6674416.839),2021,5,02.00-02.59,2,1,1,0,0,1,0,0,0,390470.664,6674416.839
tieliikenne_2021.67,67,POINT (392848.2621 6676164.2633),2021,5,21.00-21.59,2,8,1,0,0,0,0,0,0,392848.2621,6676164.2633
tieliikenne_2021.68,68,POINT (392494.651 6671174.289),2021,5,19.00-19.59,2,3,1,0,0,1,0,0,0,392494.651,6671174.289
tieliikenne_2021.69,69,POINT (384727.7247 6671299.777),2021,5,16.00-16.59,2,0,2,0,0,0,0,0,0,384727.7247,6671299.777
tieliikenne_2021.70,70,POINT (386320.0224 6673105.1471),2021,5,15.00-15.59,1,7,0,0,1,0,0,0,1,386320.0224,6673105.1471
tieliikenne_2021.71,71,POINT (385118.8098 6680573.1974),2021,5,17.00-17.59,2,4,1,0,0,1,0,0,0,385118.8098,6680573.1974
tieliikenne_2021.72,72,POINT (380986.295 6680157.1792),2021,5,14.00-14.59,2,8,0,0,0,0,0,1,0,380986.295,6680157.1792
tieliikenne_2021.73,73,POINT (390954.8406 6679153.811),2021,5,15.00-15.59,2,0,3,0,0,0,0,0,0,390954.8406,6679153.811
tieliikenne_2021.74,74,POINT (390814.0536 6674684.9531),2021,5,10.00-10.59,2,7,0,1,1,0,0,0,0,390814.0536,6674684.9531
tieliikenne_2021.75,75,POINT (381024.5496 6680105.7312),2021,5,17.00-17.59,2,0,2,0,0,0,0,0,0,381024.5496,6680105.7312
tieliikenne_2021.76,76,POINT (387258.9416 6674237.394),2021,6,13.00-13.59,2,2,0,0,0,2,0,0,0,387258.9416,6674237.394
tieliikenne_2021.77,77,POINT (393346.6948 6678310.0546),2021,6,13.00-13.59,2,5,2,0,0,0,0,0,0,393346.6948,6678310.0546
tieliikenne_2021.78,78,POINT (386782.7958 6681458.0706),2021,6,17.00-17.59,3,4,1,0,0,1,0,0,0,386782.7958,6681458.0706
tieliikenne_2021.79,79,POINT (383370.9888 6679390.1911),2021,6,16.00-16.59,2,0,4,0,0,0,0,0,0,383370.9888,6679390.1911
tieliikenne_2021.80,80,POINT (386429.8675 6674532.8196),2021,6,16.00-16.59,2,1,1,0,0,1,0,0,0,386429.8675,6674532.8196
tieliikenne_2021.81,81,POINT (386216.8334 6674473.9358),2021,6,16.00-16.59,2,5,1,1,0,0,0,0,0,386216.8334,6674473.9358
tieliikenne_2021.82,82,POINT (389812.0009 6678622.9384),2021,6,20.00-20.59,2,1,1,0,0,1,0,0,0,389812.0009,6678622.9384
tieliikenne_2021.83,83,POINT (386208.1234 6672442.331),2021,6,01.00-01.59,2,6,1,0,2,0,0,0,0,386208.1234,6672442.331
tieliikenne_2021.84,84,POINT (393774.313 6677851.762),2021,6,18.00-18.59,2,4,1,0,0,1,0,0,0,393774.313,6677851.762
tieliikenne_2021.85,85,POINT (386463.1633 6673995.0747),2021,6,12.00-12.59,2,0,1,0,0,1,0,0,0,386463.1633,6673995.0747
tieliikenne_2021.86,86,POINT (385435.4062 6671612.7483),2021,6,20.00-20.59,2,4,1,0,0,1,0,0,0,385435.4062,6671612.7483
tieliikenne_2021.87,87,POINT (380539.5137 6678990.9876),2021,6,16.00-16.59,2,0,1,0,0,0,0,1,0,380539.5137,6678990.9876
tieliikenne_2021.88,88,POINT (387694.8473 6675031.9174),2021,6,17.00-17.59,2,0,0,1,0,1,0,0,0,387694.8473,6675031.9174
tieliikenne_2021.89,89,POINT (390864.4491 6679913.8048),2021,6,15.00-15.59,2,0,4,0,0,0,0,0,0,390864.4491,6679913.8048
tieliikenne_2021.90,90,POINT (383753.0558 6672463.4019),2021,6,17.00-17.59,2,9,1,0,0,1,0,0,0,383753.0558,6672463.4019
tieliikenne_2021.91,91,POINT (389994.0088 6679934.8548),2021,6,16.00-16.59,2,0,2,0,0,0,0,0,0,389994.0088,6679934.8548
tieliikenne_2021.92,92,POINT (387047.1024 6675028.6279),2021,6,12.00-12.59,2,6,1,0,1,0,0,0,0,387047.1024,6675028.6279
tieliikenne_2021.93,93,POINT (386783.6017 6671848.7483),2021,6,14.00-14.59,2,0,1,0,0,0,0,1,0,386783.6017,6671848.7483
tieliikenne_2021.94,94,POINT (386325.5633 6671871.8775),2021,6,00.00-00.59,2,9,1,0,0,0,0,0,0,386325.5633,6671871.8775
tieliikenne_2021.95,95,POINT (384535.7064 6673696.313),2021,6,15.00-15.59,2,0,2,0,0,0,0,0,0,384535.7064,6673696.313
tieliikenne_2021.96,96,POINT (385117.7721 6680579.0274),2021,6,17.00-17.59,2,5,1,0,0,0,0,1,0,385117.7721,6680579.0274
tieliikenne_2021.97,97,POINT (393059.3124 6682047.1588),2021,6,19.00-19.59,2,4,1,0,0,1,0,0,0,393059.3124,6682047.1588
tieliikenne_2021.98,98,POINT (390367.5018 6674382.8925),2021,6,20.00-20.59,2,4,1,0,0,1,0,0,0,390367.5018,6674382.8925
tieliikenne_2021.99,99,POINT (381314.6015 6672280.3572),2021,6,20.00-20.59,2,2,0,0,0,2,0,0,0,381314.6015,6672280.3572
tieliikenne_2021.100,100,POINT (385581.1246 6671398.8286),2021,6,14.00-14.59,2,6,1,0,1,0,0,0,0,385581.1246,6671398.8286
tieliikenne_2021.101,101,POINT (385796.4401 6671135.5456),2021,6,10.00-10.59,2,4,1,0,0,1,0,0,0,385796.4401,6671135.5456
tieliikenne_2021.102,102,POINT (396326.3569 6678590.3957),2021,6,14.00-14.59,2,6,1,0,1,0,0,0,0,396326.3569,6678590.3957
tieliikenne_2021.103,103,POINT (393904.0782 6676798.3032),2021,6,21.00-21.59,2,4,1,0,0,1,0,0,0,393904.0782,6676798.3032
tieliikenne_2021.104,104,POINT (387640.6392 6673314.9192),2021,6,03.00-03.59,2,6,1,0,1,0,0,0,0,387640.6392,6673314.9192
tieliikenne_2021.105,105,POINT (384244.785 6670907.299),2021,6,16.00-16.59,2,5,1,0,0,0,0,1,0,384244.785,6670907.299
tieliikenne_2021.106,106,POINT (396622.6277 6677592.7412),2021,6,16.00-16.59,2,4,1,0,0,1,0,0,0,396622.6277,6677592.7412
tieliikenne_2021.107,107,POINT (393665.6936 6677741.4704),2021,6,20.00-20.59,2,4,2,0,0,0,0,0,0,393665.6936,6677741.4704
tieliikenne_2021.108,108,POINT (387698.3854 6673983.8784),2021,7,,2,4,1,0,0,1,0,0,0,387698.3854,6673983.8784
tieliikenne_2021.109,109,POINT (385087.0998 6676284.7723),2021,7,16.00-16.59,2,1,1,1,0,0,0,0,0,385087.0998,6676284.7723
tieliikenne_2021.110,110,POINT (392193.7886 6675015.9508),2021,7,06.00-06.59,2,1,1,0,0,1,0,0,0,392193.7886,6675015.9508
tieliikenne_2021.111,111,POINT (392018.2232 6678843.2497),2021,7,08.00-08.59,2,9,2,0,0,0,0,0,0,392018.2232,6678843.2497
tieliikenne_2021.112,112,POINT (389769.0452 6678718.3555),2021,7,15.00-15.59,2,6,0,1,1,0,0,0,0,389769.0452,6678718.3555
tieliikenne_2021.113,113,POINT (386942.5023 6673902.2426),2021,7,15.00-15.59,2,1,1,0,0,0,0,0,1,386942.5023,6673902.2426
tieliikenne_2021.114,114,POINT (386952.8291 6674312.1013),2021,7,16.00-16.59,2,5,1,0,0,1,0,0,0,386952.8291,6674312.1013
tieliikenne_2021.115,115,POINT (392287.7327 6678759.3041),2021,7,07.00-07.59,2,4,1,0,0,1,0,0,0,392287.7327,6678759.3041
tieliikenne_2021.116,116,POINT (394046.9913 6676293.1184),2021,7,17.00-17.59,2,1,1,0,0,1,0,0,0,394046.9913,6676293.1184
tieliikenne_2021.117,117,POINT (386608.5954 6677224.7059),2021,7,12.00-12.59,2,7,1,0,1,0,0,0,0,386608.5954,6677224.7059
tieliikenne_2021.118,118,POINT (392939.0447 6678428.6642),2021,7,10.00-10.59,2,0,1,1,0,0,0,0,0,392939.0447,6678428.6642
tieliikenne_2021.119,119,POINT (385466.9499 6672261.9808),2021,7,16.00-16.59,2,2,0,0,0,2,0,0,0,385466.9499,6672261.9808
tieliikenne_2021.120,120,POINT (383176.5611 6676513.6869),2021,7,16.00-16.59,2,1,2,0,0,0,0,0,0,383176.5611,6676513.6869
tieliikenne_2021.121,121,POINT (384717.1 6671290.394),2021,7,21.00-21.59,2,5,1,0,0,1,0,0,0,384717.1,6671290.394
tieliikenne_2021.122,122,POINT (384335.15 6670956.172),2021,7,08.00-08.59,2,7,1,0,1,0,0,0,0,384335.15,6670956.172
tieliikenne_2021.123,123,POINT (383452.9592 6675206.4642),2021,7,23.00-23.59,2,4,0,0,0,2,0,0,0,383452.9592,6675206.4642
tieliikenne_2021.124,124,POINT (385281.0474 6671862.4374),2021,7,17.00-17.59,2,6,0,0,1,1,0,0,0,385281.0474,6671862.4374
tieliikenne_2021.125,125,POINT (384657.7657 6671169.6437),2021,7,18.00-18.59,3,8,1,0,0,0,0,0,0,384657.7657,6671169.6437
tieliikenne_2021.126,126,POINT (387224.3006 6674241.399),2021,7,18.00-18.59,2,5,0,0,0,1,0,1,0,387224.3006,6674241.399
tieliikenne_2021.127,127,POINT (388992.0257 6682853.4507),2021,7,11.00-11.59,2,4,1,0,0,1,0,0,0,388992.0257,6682853.4507
tieliikenne_2021.128,128,POINT (391915.2728 6679141.984),2021,7,17.00-17.59,2,8,0,0,0,0,0,1,0,391915.2728,6679141.984
tieliikenne_2021.129,129,POINT (396618.49 6677416.617),2021,7,19.00-19.59,2,1,1,0,0,1,0,0,0,396618.49,6677416.617
tieliikenne_2021.130,130,POINT (387263.7605 6674345.547),2021,7,21.00-21.59,2,8,1,0,0,0,0,0,0,387263.7605,6674345.547
tieliikenne_2021.131,131,POINT (386037.6027 6671995.2336),2021,7,02.00-02.59,2,9,0,0,0,0,1,0,0,386037.6027,6671995.2336
tieliikenne_2021.132,132,POINT (381370.5205 6679966.4796),2021,7,07.00-07.59,2,4,1,0,0,1,0,0,0,381370.5205,6679966.4796
tieliikenne_2021.133,133,POINT (391112.2818 6674537.8207),2021,7,09.00-09.59,2,2,0,1,0,1,0,0,0,391112.2818,6674537.8207
tieliikenne_2021.134,134,POINT (391703.7844 6682605.8594),2021,8,19.00-19.59,2,4,1,0,0,1,0,0,0,391703.7844,6682605.8594
tieliikenne_2021.135,135,POINT (385052.7156 6678505.0245),2021,8,09.00-09.59,2,7,0,1,1,0,0,0,0,385052.7156,6678505.0245
tieliikenne_2021.136,136,POINT (391139.2882 6674624.6145),2021,8,14.00-14.59,2,4,1,0,0,1,0,0,0,391139.2882,6674624.6145
tieliikenne_2021.137,137,POINT (388486.286 6673789.9937),2021,8,17.00-17.59,2,0,0,0,0,1,0,0,1,388486.286,6673789.9937
tieliikenne_2021.138,138,POINT (393350.5102 6676185.5504),2021,8,13.00-13.59,2,1,1,0,0,1,0,0,0,393350.5102,6676185.5504
tieliikenne_2021.139,139,POINT (382244.2482 6675918.9432),2021,8,01.00-01.59,1,8,0,0,0,0,0,1,0,382244.2482,6675918.9432
tieliikenne_2021.140,140,POINT (387854.1215 6677278.4345),2021,8,17.00-17.59,2,0,1,1,0,0,0,0,0,387854.1215,6677278.4345
tieliikenne_2021.141,141,POINT (392833.7993 6682319.9095),2021,8,22.00-22.59,2,8,1,0,0,0,0,0,0,392833.7993,6682319.9095
tieliikenne_2021.142,142,POINT (391327.5793 6683956.243),2021,8,12.00-12.59,2,2,1,0,0,0,1,0,0,391327.5793,6683956.243
tieliikenne_2021.143,143,POINT (387410.2842 6673995.8499),2021,8,13.00-13.59,2,2,0,0,0,2,0,0,0,387410.2842,6673995.8499
tieliikenne_2021.144,144,POINT (398276.7301 6678333.3404),2021,8,11.00-11.59,2,0,0,2,0,0,0,1,0,398276.7301,6678333.3404
tieliikenne_2021.145,145,POINT (382725.4372 6677137.0338),2021,8,07.00-07.59,2,3,1,0,0,0,0,1,0,382725.4372,6677137.0338
tieliikenne_2021.146,146,POINT (385556.7044 6675618.8042),2021,8,16.00-16.59,2,0,0,0,0,2,0,0,0,385556.7044,6675618.8042
tieliikenne_2021.147,147,POINT (393969.3246 6676715.2131),2021,8,10.00-10.59,3,5,1,0,0,0,0,1,0,393969.3246,6676715.2131
tieliikenne_2021.148,148,POINT (389907.8478 6678969.574),2021,8,15.00-15.59,2,4,1,0,0,1,0,0,0,389907.8478,6678969.574
tieliikenne_2021.149,149,POINT (386134.7482 6671072.8849),2021,8,22.00-22.59,2,9,2,0,0,1,0,0,0,386134.7482,6671072.8849
tieliikenne_2021.150,150,POINT (387915.7683 6680044.4909),2021,8,00.00-00.59,2,8,1,0,0,0,0,0,0,387915.7683,6680044.4909
tieliikenne_2021.151,151,POINT (384673.8615 6671910.7223),2021,8,19.00-19.59,3,8,1,0,0,0,0,0,0,384673.8615,6671910.7223
tieliikenne_2021.152,152,POINT (385297.459 6673693.411),2021,8,15.00-15.59,2,0,3,0,0,0,0,0,0,385297.459,6673693.411
tieliikenne_2021.153,153,POINT (390940.373 6675159.204),2021,8,11.00-11.59,2,2,1,0,0,0,0,1,0,390940.373,6675159.204
tieliikenne_2021.154,154,POINT (387382.6115 6676233.5604),2021,8,12.00-12.59,2,0,2,0,0,0,0,0,0,387382.6115,6676233.5604
tieliikenne_2021.155,155,POINT (385074.2524 6671500.9764),2021,8,19.00-19.59,2,4,2,0,0,0,0,0,0,385074.2524,6671500.9764
tieliikenne_2021.156,156,POINT (394428.305 6676524.8785),2021,8,13.00-13.59,2,7,1,0,1,0,0,0,0,394428.305,6676524.8785
tieliikenne_2021.157,157,POINT (385903.8188 6675096.6197),2021,8,16.00-16.59,2,4,1,0,0,1,0,0,0,385903.8188,6675096.6197
tieliikenne_2021.158,158,POINT (391890.3382 6678920.2743),2021,8,19.00-19.59,2,1,1,0,0,1,0,0,0,391890.3382,6678920.2743
tieliikenne_2021.159,159,POINT (393462.267 6680070.1649),2021,8,11.00-11.59,2,8,1,0,0,0,0,0,0,393462.267,6680070.1649
tieliikenne_2021.160,160,POINT (381196.7818 6679879.9422),2021,8,18.00-18.59,2,0,2,0,0,0,0,0,0,381196.7818,6679879.9422
tieliikenne_2021.161,161,POINT (385441.4342 6676128.103),2021,8,08.00-08.59,2,8,1,0,0,0,0,0,0,385441.4342,6676128.103
tieliikenne_2021.162,162,POINT (380974.6632 6673280.962),2021,8,09.00-09.59,2,4,1,0,0,1,0,0,0,380974.6632,6673280.962
tieliikenne_2021.163,163,POINT (386261.1088 6674762.7926),2021,8,15.00-15.59,2,1,1,0,0,1,0,0,0,386261.1088,6674762.7926
tieliikenne_2021.164,164,POINT (383071.8223 6679679.9444),2021,8,10.00-10.59,2,1,1,0,0,1,0,0,0,383071.8223,6679679.9444
tieliikenne_2021.165,165,POINT (396057.1249 6679266.7057),2021,8,21.00-21.59,2,0,1,1,0,0,0,0,0,396057.1249,6679266.7057
tieliikenne_2021.166,166,POINT (385466.7016 6681307.8239),2021,8,11.00-11.59,2,9,3,0,0,0,0,0,0,385466.7016,6681307.8239
tieliikenne_2021.167,167,POINT (384624.3004 6671444.3153),2021,8,16.00-16.59,2,4,1,0,0,1,0,0,0,384624.3004,6671444.3153
tieliikenne_2021.168,168,POINT (394018.6925 6676608.5811),2021,8,18.00-18.59,2,4,1,0,0,1,0,0,0,394018.6925,6676608.5811
tieliikenne_2021.169,169,POINT (384296.9547 6677704.4632),2021,8,09.00-09.59,2,8,1,0,0,0,0,0,0,384296.9547,6677704.4632
tieliikenne_2021.170,170,POINT (389814.6399 6681078.3378),2021,8,14.00-14.59,2,7,1,0,1,0,0,0,0,389814.6399,6681078.3378
tieliikenne_2021.171,171,POINT (394883.2358 6679322.6438),2021,8,18.00-18.59,2,8,0,0,0,0,0,1,0,394883.2358,6679322.6438
tieliikenne_2021.172,172,POINT (382723.8813 6679804.8694),2021,8,08.00-08.59,2,4,1,0,0,1,0,0,0,382723.8813,6679804.8694
tieliikenne_2021.173,173,POINT (385726.804 6675318.713),2021,8,16.00-16.59,2,4,1,0,0,1,0,0,0,385726.804,6675318.713
tieliikenne_2021.174,174,POINT (385268.5387 6679945.3323),2021,8,17.00-17.59,2,4,1,0,0,1,0,0,0,385268.5387,6679945.3323
tieliikenne_2021.175,175,POINT (382587.5097 6676805.5122),2021,8,16.00-16.59,2,0,2,0,0,0,0,0,0,382587.5097,6676805.5122
tieliikenne_2021.176,176,POINT (386814.6884 6672152.7557),2021,9,18.00-18.59,2,0,2,0,0,0,0,0,0,386814.6884,6672152.7557
tieliikenne_2021.177,177,POINT (386984.7818 6671967.4474),2021,7,00.00-00.59,2,7,1,0,1,0,0,0,0,386984.7818,6671967.4474
tieliikenne_2021.178,178,POINT (384639.187 6671402.3128),2021,9,12.00-12.59,2,0,1,1,0,0,0,0,0,384639.187,6671402.3128
tieliikenne_2021.179,179,POINT (383927.0059 6674536.215),2021,9,15.00-15.59,2,1,1,0,0,1,0,0,0,383927.0059,6674536.215
tieliikenne_2021.180,180,POINT (386647.6997 6680733.9794),2021,9,15.00-15.59,2,2,1,0,0,1,0,0,0,386647.6997,6680733.9794
tieliikenne_2021.181,181,POINT (392904.4926 6681020.7911),2021,9,17.00-17.59,2,0,2,0,0,0,0,0,0,392904.4926,6681020.7911
tieliikenne_2021.182,182,POINT (390315.3425 6680035.0991),2021,9,17.00-17.59,2,6,0,1,1,0,0,0,0,390315.3425,6680035.0991
tieliikenne_2021.183,183,POINT (392985.4692 6676186.1702),2021,9,01.00-01.59,2,8,1,0,0,0,0,0,0,392985.4692,6676186.1702
tieliikenne_2021.184,184,POINT (385100.6623 6675051.4043),2021,9,14.00-14.59,2,4,1,0,0,1,0,0,0,385100.6623,6675051.4043
tieliikenne_2021.185,185,POINT (384140.4643 6671719.7723),2021,9,19.00-19.59,2,1,1,0,0,1,0,0,0,384140.4643,6671719.7723
tieliikenne_2021.186,186,POINT (385517.5677 6672267.4296),2021,9,21.00-21.59,2,0,2,0,0,0,0,0,0,385517.5677,6672267.4296
tieliikenne_2021.187,187,POINT (391633.48 6679172.904),2021,9,08.00-08.59,2,5,1,0,0,1,0,0,0,391633.48,6679172.904
tieliikenne_2021.188,188,POINT (381168.6349 6679916.3897),2021,9,09.00-09.59,2,0,2,1,0,0,0,0,0,381168.6349,6679916.3897
tieliikenne_2021.189,189,POINT (385593.7815 6678900.7362),2021,9,10.00-10.59,2,4,1,0,0,1,0,0,0,385593.7815,6678900.7362
tieliikenne_2021.190,190,POINT (385338.6391 6677795.5249),2021,9,08.00-08.59,2,7,0,0,1,1,0,0,0,385338.6391,6677795.5249
tieliikenne_2021.191,191,POINT (393728.0083 6680327.9739),2021,9,00.00-00.59,2,0,1,0,0,0,1,0,0,393728.0083,6680327.9739
tieliikenne_2021.192,192,POINT (393129.7247 6675533.7382),2021,9,23.00-23.59,2,0,0,0,0,0,0,2,0,393129.7247,6675533.7382
tieliikenne_2021.193,193,POINT (393412.2162 6679854.8151),2021,9,01.00-01.59,2,8,1,0,0,0,0,0,0,393412.2162,6679854.8151
tieliikenne_2021.194,194,POINT (392814.3446 6679138.1583),2021,9,18.00-18.59,2,2,2,0,0,0,0,0,0,392814.3446,6679138.1583
tieliikenne_2021.195,195,POINT (390216.6496 6678068.9226),2021,9,05.00-05.59,2,9,0,0,0,0,0,1,0,390216.6496,6678068.9226
tieliikenne_2021.196,196,POINT (386286.8264 6674409.6313),2021,9,21.00-21.59,2,5,2,0,0,0,0,0,0,386286.8264,6674409.6313
tieliikenne_2021.197,197,POINT (393548.9042 6677655.9995),2021,9,19.00-19.59,2,3,1,0,0,1,0,0,0,393548.9042,6677655.9995
tieliikenne_2021.198,198,POINT (397150.3884 6675542.8183),2021,9,15.00-15.59,2,6,1,0,1,0,0,0,0,397150.3884,6675542.8183
tieliikenne_2021.199,199,POINT (385632.1739 6671449.7828),2021,9,12.00-12.59,2,9,3,0,0,0,0,0,0,385632.1739,6671449.7828
tieliikenne_2021.200,200,POINT (388407.1486 6682570.0309),2021,9,05.00-05.59,2,6,1,0,1,0,0,0,0,388407.1486,6682570.0309
tieliikenne_2021.201,201,POINT (384171.2562 6678050.6446),2021,9,16.00-16.59,2,0,3,0,0,0,0,0,0,384171.2562,6678050.6446
tieliikenne_2021.202,202,POINT (386612.7579 6673122.1092),2021,9,06.00-06.59,2,1,1,0,0,1,0,0,0,386612.7579,6673122.1092
tieliikenne_2021.203,203,POINT (388276.6009 6682582.3659),2021,9,22.00-22.59,2,2,3,0,0,0,0,0,0,388276.6009,6682582.3659
tieliikenne_2021.204,204,POINT (393669.9739 6676556.022),2021,9,16.00-16.59,2,4,1,0,0,1,0,0,0,393669.9739,6676556.022
tieliikenne_2021.205,205,POINT (384287.5953 6674538.2935),2021,9,20.00-20.59,2,5,1,0,0,1,0,0,0,384287.5953,6674538.2935
tieliikenne_2021.206,206,POINT (391536.4708 6682138.2372),2021,9,17.00-17.59,2,0,1,0,0,0,0,1,0,391536.4708,6682138.2372
tieliikenne_2021.207,207,POINT (386009.045 6671789.9671),2021,9,13.00-13.59,2,1,1,0,0,1,0,0,0,386009.045,6671789.9671
tieliikenne_2021.208,208,POINT (383579.3305 6676416.2906),2021,10,09.00-09.59,2,0,2,0,0,0,0,0,0,383579.3305,6676416.2906
tieliikenne_2021.209,209,POINT (389577.1558 6680684.9793),2021,10,22.00-22.59,2,0,1,0,0,1,0,0,0,389577.1558,6680684.9793
tieliikenne_2021.210,210,POINT (393873.202 6676990.0637),2021,10,08.00-08.59,2,0,3,0,0,0,0,0,0,393873.202,6676990.0637
tieliikenne_2021.211,211,POINT (382620.8144 6670775.098),2021,10,17.00-17.59,2,1,1,0,0,1,0,0,0,382620.8144,6670775.098
tieliikenne_2021.212,212,POINT (388572.0186 6681134.9995),2021,10,16.00-16.59,2,1,1,0,0,1,0,0,0,388572.0186,6681134.9995
tieliikenne_2021.213,213,POINT (385179.6585 6673529.6484),2021,10,19.00-19.59,2,1,1,0,0,1,0,0,0,385179.6585,6673529.6484
tieliikenne_2021.214,214,POINT (391043.1628 6684662.5822),2021,10,12.00-12.59,2,5,1,0,0,1,0,0,0,391043.1628,6684662.5822
tieliikenne_2021.215,215,POINT (385549.2392 6675102.1656),2021,10,11.00-11.59,2,0,3,0,0,0,0,0,0,385549.2392,6675102.1656
tieliikenne_2021.216,216,POINT (386941.7498 6673445.191),2021,10,14.00-14.59,2,3,2,0,0,0,0,0,0,386941.7498,6673445.191
tieliikenne_2021.217,217,POINT (384985.3959 6671807.3171),2021,10,00.00-00.59,2,4,1,1,0,0,0,0,0,384985.3959,6671807.3171
tieliikenne_2021.218,218,POINT (384390.9357 6673664.5046),2021,10,22.00-22.59,3,3,2,0,0,0,0,0,0,384390.9357,6673664.5046
tieliikenne_2021.219,219,POINT (400053.5113 6713168.8498),2021,10,08.00-08.59,3,0,5,0,0,0,0,0,0,400053.5113,6713168.8498
tieliikenne_2021.220,220,POINT (386007.8175 6671859.0009),2021,10,09.00-09.59,2,6,1,0,1,0,0,0,0,386007.8175,6671859.0009
tieliikenne_2021.221,221,POINT (382320.995 6675651.022),2021,10,12.00-12.59,2,1,1,0,0,1,0,0,0,382320.995,6675651.022
tieliikenne_2021.222,222,POINT (396280.1864 6679136.2176),2021,10,22.00-22.59,2,2,1,1,0,0,0,0,0,396280.1864,6679136.2176
tieliikenne_2021.223,223,POINT (394208.9546 6676808.0686),2021,10,20.00-20.59,2,1,1,0,0,1,0,0,0,394208.9546,6676808.0686
tieliikenne_2021.224,224,POINT (382630.6172 6670803.4885),2021,10,14.00-14.59,2,9,1,0,0,0,1,0,0,382630.6172,6670803.4885
tieliikenne_2021.225,225,POINT (385705.5421 6672271.7692),2021,10,18.00-18.59,2,6,1,0,1,0,0,0,0,385705.5421,6672271.7692
tieliikenne_2021.226,226,POINT (396197.1906 6678465.1653),2021,10,18.00-18.59,2,2,4,0,0,0,0,0,0,396197.1906,6678465.1653
tieliikenne_2021.227,227,POINT (387354.0075 6674128.7716),2021,10,19.00-19.59,2,3,1,0,0,1,0,0,0,387354.0075,6674128.7716
tieliikenne_2021.228,228,POINT (386733.6768 6677592.1553),2021,10,22.00-22.59,2,7,1,0,1,0,0,0,0,386733.6768,6677592.1553
tieliikenne_2021.229,229,POINT (382926.0528 6675088.122),2021,11,05.00-05.59,2,8,1,0,0,0,0,0,0,382926.0528,6675088.122
tieliikenne_2021.230,230,POINT (385080.014 6675173.7943),2021,11,10.00-10.59,2,6,1,0,1,0,0,0,0,385080.014,6675173.7943
tieliikenne_2021.231,231,POINT (381535.4179 6679434.7154),2021,11,07.00-07.59,2,0,3,0,0,0,0,0,0,381535.4179,6679434.7154
tieliikenne_2021.232,232,POINT (387311.1321 6673865.6631),2021,11,09.00-09.59,2,0,1,1,0,0,0,0,0,387311.1321,6673865.6631
tieliikenne_2021.233,233,POINT (385242.8116 6671611.8069),2021,11,06.00-06.59,3,3,0,1,0,1,0,0,0,385242.8116,6671611.8069
tieliikenne_2021.234,234,POINT (392204.2642 6678623.7782),2021,11,19.00-19.59,2,0,2,0,0,0,0,0,0,392204.2642,6678623.7782
tieliikenne_2021.235,235,POINT (385487.0868 6675603.1429),2021,11,20.00-20.59,2,1,2,0,0,0,0,0,0,385487.0868,6675603.1429
tieliikenne_2021.236,236,POINT (393348.5944 6679666.2068),2021,11,20.00-20.59,2,6,1,0,1,0,0,0,0,393348.5944,6679666.2068
tieliikenne_2021.237,237,POINT (383007.706 6671259.7843),2021,11,18.00-18.59,2,1,1,0,0,1,0,0,0,383007.706,6671259.7843
tieliikenne_2021.238,238,POINT (390281.3319 6684205.8065),2021,11,08.00-08.59,2,1,1,0,0,1,0,0,0,390281.3319,6684205.8065
tieliikenne_2021.239,239,POINT (383859.3043 6679504.9818),2021,11,10.00-10.59,2,8,1,0,0,0,0,0,0,383859.3043,6679504.9818
tieliikenne_2021.240,240,POINT (392679.4601 6680604.7391),2021,11,16.00-16.59,2,0,2,0,0,0,0,0,0,392679.4601,6680604.7391
tieliikenne_2021.241,241,POINT (384251.6378 6674229.3241),2021,11,13.00-13.59,2,1,0,1,0,1,0,0,0,384251.6378,6674229.3241
tieliikenne_2021.242,242,POINT (376330.8147 6685568.7395),2021,11,20.00-20.59,3,8,1,0,0,0,0,0,0,376330.8147,6685568.7395
tieliikenne_2021.243,243,POINT (392524.6992 6682369.9763),2021,11,08.00-08.59,2,0,2,0,0,0,0,0,0,392524.6992,6682369.9763
tieliikenne_2021.244,244,POINT (393801.4451 6677231.5844),2021,11,16.00-16.59,2,0,2,0,0,0,0,0,0,393801.4451,6677231.5844
tieliikenne_2021.245,245,POINT (384022.1696 6674737.1901),2021,11,18.00-18.59,2,6,1,0,1,0,0,0,0,384022.1696,6674737.1901
tieliikenne_2021.246,246,POINT (381126.2722 6678584.8358),2021,11,18.00-18.59,3,6,0,1,1,0,0,0,0,381126.2722,6678584.8358
tieliikenne_2021.247,247,POINT (391702.6496 6682606.2634),2021,11,20.00-20.59,2,5,1,0,0,1,0,0,0,391702.6496,6682606.2634
tieliikenne_2021.248,248,POINT (387964.9261 6674702.8902),2021,11,07.00-07.59,1,9,1,1,0,0,0,0,0,387964.9261,6674702.8902
tieliikenne_2021.249,249,POINT (387891.6548 6674596.683),2021,11,13.00-13.59,2,0,2,0,0,0,0,0,0,387891.6548,6674596.683
tieliikenne_2021.250,250,POINT (384401.1669 6673334.8028),2021,11,13.00-13.59,2,4,2,0,0,0,0,0,0,384401.1669,6673334.8028
tieliikenne_2021.251,251,POINT (387410.154 6676406.4743),2021,11,06.00-06.59,2,1,1,0,0,0,0,0,1,387410.154,6676406.4743
tieliikenne_2021.252,252,POINT (389225.9655 6679997.5624),2021,11,15.00-15.59,2,0,4,0,0,0,0,0,0,389225.9655,6679997.5624
tieliikenne_2021.253,253,POINT (385224.3614 6671003.0059),2021,11,12.00-12.59,2,7,1,0,1,0,0,0,0,385224.3614,6671003.0059
tieliikenne_2021.254,254,POINT (391403.3581 6681552.2762),2021,11,15.00-15.59,1,2,2,0,0,0,0,0,0,391403.3581,6681552.2762
tieliikenne_2021.255,255,POINT (386115.2836 6671771.6675),2021,11,15.00-15.59,2,9,1,0,0,1,0,0,0,386115.2836,6671771.6675
tieliikenne_2021.256,256,POINT (393945.5645 6676797.1101),2021,11,17.00-17.59,2,1,2,0,0,0,0,0,0,393945.5645,6676797.1101
tieliikenne_2021.257,257,POINT (387362.7312 6676156.069),2021,11,10.00-10.59,2,0,2,1,0,0,0,0,0,387362.7312,6676156.069
tieliikenne_2021.258,258,POINT (383811.8702 6674896.1081),2021,12,14.00-14.59,2,0,1,1,0,0,0,0,0,383811.8702,6674896.1081
tieliikenne_2021.259,259,POINT (387131.5705 6674465.4365),2021,12,17.00-17.59,2,7,1,0,1,0,0,0,0,387131.5705,6674465.4365
tieliikenne_2021.260,260,POINT (383622.0459 6679435.6264),2021,12,22.00-22.59,2,0,2,0,0,0,0,0,0,383622.0459,6679435.6264
tieliikenne_2021.261,261,POINT (386014.0942 6674102.6373),2021,12,23.00-23.59,2,8,2,0,0,0,0,0,0,386014.0942,6674102.6373
tieliikenne_2021.262,262,POINT (386426.9603 6673198.2768),2021,12,14.00-14.59,2,0,2,0,0,0,0,0,0,386426.9603,6673198.2768
tieliikenne_2021.263,263,POINT (390000.6555 6674201.2),2021,12,03.00-03.59,2,8,1,0,0,0,0,0,0,390000.6555,6674201.2
tieliikenne_2021.264,264,POINT (394207.5233 6676790.4516),2021,12,20.00-20.59,2,3,2,0,0,0,0,0,0,394207.5233,6676790.4516
tieliikenne_2021.265,265,POINT (390564.01 6671872.9983),2021,12,06.00-06.59,2,2,1,1,0,0,0,0,0,390564.01,6671872.9983
tieliikenne_2021.266,266,POINT (383959.7921 6678851.7086),2021,12,09.00-09.59,2,0,3,0,0,0,0,0,0,383959.7921,6678851.7086
tieliikenne_2021.267,267,POINT (383902.9648 6678985.3186),2021,12,08.00-08.59,2,0,2,0,0,0,0,0,0,383902.9648,6678985.3186
tieliikenne_2021.268,268,POINT (386968.4945 6680822.8385),2021,12,14.00-14.59,2,1,2,0,0,0,0,0,0,386968.4945,6680822.8385
tieliikenne_2021.269,269,POINT (389028.6157 6681874.4181),2021,12,07.00-07.59,2,6,1,0,1,0,0,0,0,389028.6157,6681874.4181
tieliikenne_2021.270,270,POINT (385838.0907 6677825.6787),2021,12,07.00-07.59,2,4,1,0,0,1,0,0,0,385838.0907,6677825.6787
tieliikenne_2021.271,271,POINT (383077.491 6679219.0215),2021,12,16.00-16.59,2,0,3,0,0,0,0,0,0,383077.491,6679219.0215
tieliikenne_2021.272,272,POINT (393718.278 6677722.619),2021,12,19.00-19.59,2,0,2,0,0,0,0,0,0,393718.278,6677722.619
tieliikenne_2021.273,273,POINT (393950.6571 6676775.227),2021,12,12.00-12.59,2,0,2,0,0,0,0,0,0,393950.6571,6676775.227
tieliikenne_2021.274,274,POINT (384026.6968 6675823.8914),2021,12,20.00-20.59,2,9,2,0,0,0,0,0,0,384026.6968,6675823.8914
tieliikenne_2021.275,275,POINT (389300.0592 6680690.0548),2021,12,15.00-15.59,2,8,1,0,0,0,0,0,0,389300.0592,6680690.0548
tieliikenne_2021.276,276,POINT (386074.7006 6674904.7065),2021,12,17.00-17.59,2,8,1,0,0,0,0,0,0,386074.7006,6674904.7065
tieliikenne_2021.277,277,POINT (386658.4043 6673133.3366),2021,12,18.00-18.59,2,0,2,0,0,0,0,0,0,386658.4043,6673133.3366
tieliikenne_2021.278,278,POINT (373335.2681 6675909.4934),2021,1,23.00-23.59,2,0,2,0,0,0,0,0,0,373335.2681,6675909.4934
tieliikenne_2021.279,279,POINT (375618.0515 6676381.6748),2021,1,07.00-07.59,2,0,2,0,0,0,0,0,0,375618.0515,6676381.6748
tieliikenne_2021.280,280,POINT (352096.9317 6696364.5053),2021,1,14.00-14.59,2,0,2,0,0,0,0,0,0,352096.9317,6696364.5053
tieliikenne_2021.281,281,POINT (370169.9212 6670038.2792),2021,1,12.00-12.59,2,7,0,1,1,0,0,0,0,370169.9212,6670038.2792
tieliikenne_2021.282,282,POINT (374493.392 6673700.957),2021,1,13.00-13.59,2,0,2,0,0,0,0,0,0,374493.392,6673700.957
tieliikenne_2021.283,283,POINT (374769.3532 6670970.6976),2021,1,11.00-11.59,2,0,2,0,0,0,0,0,0,374769.3532,6670970.6976
tieliikenne_2021.284,284,POINT (375112.2584 6674450.9659),2021,1,20.00-20.59,2,0,2,0,0,0,0,0,0,375112.2584,6674450.9659
tieliikenne_2021.285,285,POINT (370256.5735 6671129.3834),2021,1,08.00-08.59,2,6,1,0,1,0,0,0,0,370256.5735,6671129.3834
tieliikenne_2021.286,286,POINT (369946.2874 6677542.8884),2021,1,09.00-09.59,2,5,2,0,0,0,0,0,0,369946.2874,6677542.8884
tieliikenne_2021.287,287,POINT (331773.6303 6674426.4944),2021,1,14.00-14.59,2,3,2,0,0,0,0,0,0,331773.6303,6674426.4944
tieliikenne_2021.288,288,POINT (300125.9268 6647894.8412),2021,1,15.00-15.59,2,0,0,2,0,0,0,0,0,300125.9268,6647894.8412
tieliikenne_2021.289,289,POINT (371390.7835 6677122.9099),2021,1,20.00-20.59,2,0,3,0,0,0,0,0,0,371390.7835,6677122.9099
tieliikenne_2021.290,290,POINT (373439.5736 6679113.7668),2021,1,17.00-17.59,2,5,2,0,0,0,0,0,0,373439.5736,6679113.7668
tieliikenne_2021.291,291,POINT (365541.7561 6675059.9242),2021,2,16.00-16.59,2,1,2,0,0,0,0,0,0,365541.7561,6675059.9242
tieliikenne_2021.292,292,POINT (289618.2635 6646926.0386),2021,2,12.00-12.59,2,1,2,0,0,0,0,0,0,289618.2635,6646926.0386
tieliikenne_2021.293,293,POINT (378589.1927 6678020.5506),2021,2,19.00-19.59,2,6,0,1,1,0,0,0,0,378589.1927,6678020.5506
tieliikenne_2021.294,294,POINT (374987.8346 6671991.7664),2021,2,00.00-00.59,2,8,1,0,0,0,0,0,0,374987.8346,6671991.7664
tieliikenne_2021.295,295,POINT (352567.7034 6694071.2408),2021,2,12.00-12.59,2,1,1,1,0,0,0,0,0,352567.7034,6694071.2408
tieliikenne_2021.296,296,POINT (351405.5966 6688785.7307),2021,2,11.00-11.59,2,9,1,1,0,0,0,0,0,351405.5966,6688785.7307
tieliikenne_2021.297,297,POINT (335151.0126 6661932.2773),2021,4,22.00-22.59,2,9,1,0,0,0,0,0,0,335151.0126,6661932.2773
tieliikenne_2021.298,298,POINT (338152.4617 6687456.847),2021,2,17.00-17.59,1,8,1,0,0,0,0,0,0,338152.4617,6687456.847
tieliikenne_2021.299,299,POINT (373068.6623 6681021.2445),2021,5,22.00-22.59,3,9,0,0,0,0,0,1,0,373068.6623,6681021.2445
tieliikenne_2021.300,300,POINT (351873.2627 6691205.1674),2021,3,19.00-19.59,2,6,1,0,1,0,0,0,0,351873.2627,6691205.1674
tieliikenne_2021.301,301,POINT (290608.8219 6661928.594),2021,5,14.00-14.59,2,9,0,0,0,0,0,1,0,290608.8219,6661928.594
tieliikenne_2021.302,302,POINT (333340.0164 6676617.4973),2021,3,22.00-22.59,2,8,1,0,0,0,0,0,0,333340.0164,6676617.4973
tieliikenne_2021.303,303,POINT (370200.3819 6676419.8277),2021,3,18.00-18.59,2,6,1,0,1,0,0,0,0,370200.3819,6676419.8277
tieliikenne_2021.304,304,POINT (371055.1529 6677321.2436),2021,3,13.00-13.59,2,0,68,7,0,0,0,0,0,371055.1529,6677321.2436
tieliikenne_2021.305,305,POINT (370996.7437 6677377.0406),2021,3,13.00-13.59,2,0,43,4,0,0,0,0,0,370996.7437,6677377.0406
tieliikenne_2021.306,306,POINT (371712.679 6678511.4657),2021,3,13.00-13.59,2,2,2,0,0,0,0,0,0,371712.679,6678511.4657
tieliikenne_2021.307,307,POINT (370544.4415 6674750.5327),2021,3,19.00-19.59,2,2,2,0,0,0,0,0,0,370544.4415,6674750.5327
tieliikenne_2021.308,308,POINT (376860.4338 6672693.5853),2021,6,07.00-07.59,2,9,0,0,0,1,0,0,0,376860.4338,6672693.5853
tieliikenne_2021.309,309,POINT (331041.3585 6664809.4627),2021,3,08.00-08.59,2,8,1,0,0,0,0,0,0,331041.3585,6664809.4627
tieliikenne_2021.310,310,POINT (370437.0658 6676411.2546),2021,3,09.00-09.59,2,2,2,0,0,0,0,0,0,370437.0658,6676411.2546
tieliikenne_2021.311,311,POINT (352398.8094 6686872.2868),2021,6,00.00-00.59,2,9,1,0,0,0,0,0,0,352398.8094,6686872.2868
tieliikenne_2021.312,312,POINT (355461.7259 6675990.2727),2021,3,19.00-19.59,2,7,1,0,1,0,0,0,0,355461.7259,6675990.2727
tieliikenne_2021.313,313,POINT (329739.2503 6660958.5879),2021,3,06.00-06.59,2,8,0,1,0,0,0,0,0,329739.2503,6660958.5879
tieliikenne_2021.314,314,POINT (375268.2535 6673604.2935),2021,4,07.00-07.59,2,4,1,0,0,1,0,0,0,375268.2535,6673604.2935
tieliikenne_2021.315,315,POINT (361733.8194 6671541.4039),2021,4,00.00-00.59,2,8,1,0,0,0,0,0,0,361733.8194,6671541.4039
tieliikenne_2021.316,316,POINT (282354.82 6639231.3533),2021,4,01.00-01.59,2,8,1,0,0,0,0,0,0,282354.82,6639231.3533
tieliikenne_2021.317,317,POINT (346508.0429 6674549.9841),2021,4,07.00-07.59,2,2,2,0,0,0,0,0,0,346508.0429,6674549.9841
tieliikenne_2021.318,318,POINT (340145.9179 6683408.1811),2021,4,07.00-07.59,2,0,1,1,0,0,0,0,0,340145.9179,6683408.1811
tieliikenne_2021.319,319,POINT (328142.0323 6661619.6992),2021,8,11.00-11.59,2,9,0,0,0,0,0,1,0,328142.0323,6661619.6992
tieliikenne_2021.320,320,POINT (334716.8311 6697050.249),2021,4,12.00-12.59,2,8,1,0,0,0,0,0,0,334716.8311,6697050.249
tieliikenne_2021.321,321,POINT (359691.1456 6667771.6133),2021,4,17.00-17.59,2,6,1,0,1,0,0,0,0,359691.1456,6667771.6133
tieliikenne_2021.322,322,POINT (300241.289 6655105.9446),2021,4,14.00-14.59,2,0,2,0,0,0,0,0,0,300241.289,6655105.9446
tieliikenne_2021.323,323,POINT (374955.1799 6680195.2275),2021,4,13.00-13.59,1,3,0,1,0,1,0,0,0,374955.1799,6680195.2275
tieliikenne_2021.324,324,POINT (296661.299 6665475.734),2021,9,17.00-17.59,2,9,0,0,0,0,0,1,0,296661.299,6665475.734
tieliikenne_2021.325,325,POINT (351797.3318 6701445.1185),2021,4,07.00-07.59,2,7,1,0,1,0,0,0,0,351797.3318,6701445.1185
tieliikenne_2021.326,326,POINT (353941.9405 6687077.3949),2021,4,14.00-14.59,2,0,2,0,0,0,0,0,0,353941.9405,6687077.3949
tieliikenne_2021.327,327,POINT (374693.2654 6671224.3419),2021,4,00.00-00.59,2,8,0,0,0,0,0,1,0,374693.2654,6671224.3419
tieliikenne_2021.328,328,POINT (363570.573 6671090.2161),2021,9,17.00-17.59,3,7,0,1,1,0,0,0,0,363570.573,6671090.2161
tieliikenne_2021.329,329,POINT (352893.889 6693768.8585),2021,4,11.00-11.59,2,5,1,1,0,0,0,0,0,352893.889,6693768.8585
tieliikenne_2021.330,330,POINT (355339.2214 6686945.9143),2021,10,20.00-20.59,2,9,4,0,0,0,0,0,0,355339.2214,6686945.9143
tieliikenne_2021.331,331,POINT (376374.8736 6680781.2795),2021,5,15.00-15.59,2,4,1,0,0,1,0,0,0,376374.8736,6680781.2795
tieliikenne_2021.332,332,POINT (372764.476 6672087.971),2021,10,11.00-11.59,2,5,0,1,0,1,0,0,0,372764.476,6672087.971
tieliikenne_2021.333,333,POINT (293952.7851 6663684.0615),2021,5,08.00-08.59,2,4,1,0,0,1,0,0,0,293952.7851,6663684.0615
tieliikenne_2021.334,334,POINT (359080.6042 6671002.7215),2021,5,16.00-16.59,2,2,1,0,0,0,0,1,0,359080.6042,6671002.7215
tieliikenne_2021.335,335,POINT (374273.8244 6671712.6804),2021,5,16.00-16.59,2,0,2,1,0,0,0,0,0,374273.8244,6671712.6804
tieliikenne_2021.336,336,POINT (336150.7585 6661852.3585),2021,10,07.00-07.59,2,9,1,0,0,0,0,0,0,336150.7585,6661852.3585
tieliikenne_2021.337,337,POINT (272898.9838 6639295.7086),2021,5,16.00-16.59,2,4,1,0,0,1,0,0,0,272898.9838,6639295.7086
tieliikenne_2021.338,338,POINT (373398.2471 6681472.508),2021,5,05.00-05.59,2,8,0,0,0,0,0,1,0,373398.2471,6681472.508
tieliikenne_2021.339,339,POINT (301854.5379 6654442.0705),2021,5,17.00-17.59,3,0,1,0,0,1,0,0,0,301854.5379,6654442.0705
tieliikenne_2021.340,340,POINT (356469.5183 6660618.7134),2021,11,21.00-21.59,2,9,0,0,0,0,1,0,0,356469.5183,6660618.7134
tieliikenne_2021.341,341,POINT (374478.1484 6682894.562),2021,5,13.00-13.59,2,8,1,0,0,0,0,0,0,374478.1484,6682894.562
tieliikenne_2021.342,342,POINT (300042.0661 6655559.9386),2021,5,12.00-12.59,1,8,1,0,0,0,0,0,0,300042.0661,6655559.9386
tieliikenne_2021.343,343,POINT (373589.7318 6691162.8874),2021,5,13.00-13.59,2,1,1,0,0,1,0,0,0,373589.7318,6691162.8874
tieliikenne_2021.344,344,POINT (364657.806 6674109.6247),2021,11,17.00-17.59,1,9,2,0,0,0,0,0,0,364657.806,6674109.6247
tieliikenne_2021.345,345,POINT (358231.8758 6668580.0767),2021,5,18.00-18.59,2,4,1,0,0,1,0,0,0,358231.8758,6668580.0767
tieliikenne_2021.346,346,POINT (378150.022 6677635.655),2021,5,14.00-14.59,2,4,1,0,0,1,0,0,0,378150.022,6677635.655
tieliikenne_2021.347,347,POINT (370488.316 6675993.4126),2021,5,15.00-15.59,2,4,1,0,0,1,0,0,0,370488.316,6675993.4126
tieliikenne_2021.348,348,POINT (361928.0802 6669211.653),2021,5,20.00-20.59,2,1,1,0,0,1,0,0,0,361928.0802,6669211.653
tieliikenne_2021.349,349,POINT (373076.8742 6681101.3245),2021,5,14.00-14.59,3,1,1,0,0,1,0,0,0,373076.8742,6681101.3245
tieliikenne_2021.350,350,POINT (346113.0969 6669646.3874),2021,5,21.00-21.59,2,0,2,0,0,0,0,0,0,346113.0969,6669646.3874
tieliikenne_2021.351,351,POINT (371321.081 6684877.5711),2021,6,16.00-16.59,2,8,1,0,0,0,0,0,0,371321.081,6684877.5711
tieliikenne_2021.352,352,POINT (355823.2134 6668043.7482),2021,5,12.00-12.59,2,5,1,0,0,1,0,0,0,355823.2134,6668043.7482
tieliikenne_2021.353,353,POINT (369695.4793 6675950.529),2021,12,11.00-11.59,2,7,1,0,1,0,0,0,0,369695.4793,6675950.529
tieliikenne_2021.354,354,POINT (356879.789 6683090.3587),2021,6,20.00-20.59,2,2,1,0,0,0,1,0,0,356879.789,6683090.3587
tieliikenne_2021.355,355,POINT (378859.371 6678689.7657),2021,6,16.00-16.59,2,6,1,0,1,0,0,0,0,378859.371,6678689.7657
tieliikenne_2021.356,356,POINT (373262.3447 6675235.5589),2021,6,17.00-17.59,2,5,2,0,0,0,0,0,0,373262.3447,6675235.5589
tieliikenne_2021.357,357,POINT (378538.8856 6672680.758),2021,6,08.00-08.59,2,4,2,0,0,0,0,0,0,378538.8856,6672680.758
tieliikenne_2021.358,358,POINT (371082.592 6673719.9928),2021,6,16.00-16.59,2,0,1,0,0,0,0,1,0,371082.592,6673719.9928
tieliikenne_2021.359,359,POINT (352916.2717 6703096.0357),2021,6,12.00-12.59,2,8,0,0,0,0,0,1,0,352916.2717,6703096.0357
tieliikenne_2021.360,360,POINT (375028.4347 6670806.0195),2021,6,22.00-22.59,2,8,0,0,0,0,0,0,1,375028.4347,6670806.0195
tieliikenne_2021.361,361,POINT (294677.8386 6649525.9263),2021,6,19.00-19.59,2,9,1,0,0,0,0,0,0,294677.8386,6649525.9263
tieliikenne_2021.362,362,POINT (360294.495 6665300.3811),2021,6,13.00-13.59,2,8,0,0,0,0,0,1,0,360294.495,6665300.3811
tieliikenne_2021.363,363,POINT (372395.0657 6676549.565),2021,6,21.00-21.59,2,8,1,0,0,0,0,0,0,372395.0657,6676549.565
tieliikenne_2021.364,364,POINT (331942.6209 6706346.1798),2021,6,16.00-16.59,2,8,1,0,0,0,0,0,0,331942.6209,6706346.1798
tieliikenne_2021.365,365,POINT (342803.5804 6686073.4489),2021,6,15.00-15.59,2,5,1,0,0,0,1,0,0,342803.5804,6686073.4489
tieliikenne_2021.366,366,POINT (321250.6517 6687836.4331),2021,6,18.00-18.59,2,0,0,1,0,1,0,0,0,321250.6517,6687836.4331
tieliikenne_2021.367,367,POINT (355714.9054 6695376.6396),2021,6,04.00-04.59,2,8,1,0,0,0,0,0,0,355714.9054,6695376.6396
tieliikenne_2021.368,368,POINT (370736.292 6676147.3177),2021,5,07.00-07.59,2,4,1,0,0,1,0,0,0,370736.292,6676147.3177
tieliikenne_2021.369,369,POINT (352170.7156 6691535.4225),2021,6,18.00-18.59,2,0,0,0,0,0,2,0,0,352170.7156,6691535.4225
tieliikenne_2021.370,370,POINT (375279.0235 6672287.2473),2021,7,15.00-15.59,2,0,2,0,0,0,0,0,0,375279.0235,6672287.2473
tieliikenne_2021.371,371,POINT (366818.7686 6675244.8631),2021,7,05.00-05.59,3,8,1,0,0,0,0,0,0,366818.7686,6675244.8631
tieliikenne_2021.372,372,POINT (373196.8945 6680079.3604),2021,7,12.00-12.59,1,8,0,0,0,0,0,1,0,373196.8945,6680079.3604
tieliikenne_2021.373,373,POINT (372758.6306 6686709.0177),2021,7,18.00-18.59,2,8,0,0,0,0,0,1,0,372758.6306,6686709.0177
tieliikenne_2021.374,374,POINT (364641.654 6664958.1685),2021,7,23.00-23.59,2,0,0,0,0,0,0,2,0,364641.654,6664958.1685
tieliikenne_2021.375,375,POINT (376798.9022 6681697.7979),2021,7,11.00-11.59,2,9,1,0,0,0,1,0,0,376798.9022,6681697.7979
tieliikenne_2021.376,376,POINT (313908.947 6663633.0674),2021,7,02.00-02.59,2,8,1,0,0,0,0,0,0,313908.947,6663633.0674
tieliikenne_2021.377,377,POINT (374910.4392 6674008.8588),2021,7,15.00-15.59,2,3,1,0,0,1,0,0,0,374910.4392,6674008.8588
tieliikenne_2021.378,378,POINT (339908.417 6684011.4407),2021,7,11.00-11.59,2,2,1,0,0,0,0,1,0,339908.417,6684011.4407
tieliikenne_2021.379,379,POINT (339943.7598 6683555.7577),2021,7,19.00-19.59,2,4,1,0,0,1,0,0,0,339943.7598,6683555.7577
tieliikenne_2021.380,380,POINT (311494.2503 6666939.6491),2021,7,02.00-02.59,2,8,1,0,0,0,0,0,0,311494.2503,6666939.6491
tieliikenne_2021.381,381,POINT (352333.4163 6694680.7917),2021,7,22.00-22.59,1,8,1,0,0,0,0,0,0,352333.4163,6694680.7917
tieliikenne_2021.382,382,POINT (360331.9053 6665287.647),2021,7,17.00-17.59,2,8,0,0,0,0,0,1,0,360331.9053,6665287.647
tieliikenne_2021.383,383,POINT (312859.1869 6662932.7867),2021,7,09.00-09.59,2,3,2,0,0,0,0,0,0,312859.1869,6662932.7867
tieliikenne_2021.384,384,POINT (368741.1251 6678487.9546),2021,7,10.00-10.59,2,9,0,1,0,0,0,0,0,368741.1251,6678487.9546
tieliikenne_2021.385,385,POINT (276563.522 6639874.5362),2021,7,05.00-05.59,2,8,1,0,0,0,0,0,0,276563.522,6639874.5362
tieliikenne_2021.386,386,POINT (371410.91 6673623.5588),2021,7,09.00-09.59,2,2,2,0,0,0,0,0,0,371410.91,6673623.5588
tieliikenne_2021.387,387,POINT (346182.221 6688153.5977),2021,7,08.00-08.59,2,1,1,0,0,1,0,0,0,346182.221,6688153.5977
tieliikenne_2021.388,388,POINT (374069.3395 6678560.7512),2021,7,12.00-12.59,2,2,2,0,0,0,0,0,0,374069.3395,6678560.7512
tieliikenne_2021.389,389,POINT (276277.9371 6638811.1941),2021,8,19.00-19.59,3,8,1,0,0,0,0,0,0,276277.9371,6638811.1941
tieliikenne_2021.390,390,POINT (337639.1501 6682866.8966),2021,8,14.00-14.59,1,6,1,0,1,0,0,0,0,337639.1501,6682866.8966
tieliikenne_2021.391,391,POINT (350936.5991 6714585.2004),2021,8,23.00-23.59,2,8,1,0,0,0,0,0,0,350936.5991,6714585.2004
tieliikenne_2021.392,392,POINT (378747.2362 6678130.9779),2021,8,08.00-08.59,2,1,1,0,0,1,0,0,0,378747.2362,6678130.9779
tieliikenne_2021.393,393,POINT (374703.9625 6671214.7558),2021,8,18.00-18.59,2,9,1,0,0,0,0,1,0,374703.9625,6671214.7558
tieliikenne_2021.394,394,POINT (320122.0541 6666595.9329),2021,8,14.00-14.59,2,2,1,0,0,0,0,1,0,320122.0541,6666595.9329
tieliikenne_2021.395,395,POINT (314910.0044 6663834.0153),2021,8,04.00-04.59,3,2,2,0,0,0,0,0,0,314910.0044,6663834.0153
tieliikenne_2021.396,396,POINT (346372.1387 6714207.9022),2021,8,12.00-12.59,2,8,1,0,0,0,0,0,0,346372.1387,6714207.9022
tieliikenne_2021.397,397,POINT (365976.7516 6680354.0031),2021,8,04.00-04.59,3,2,1,1,0,0,0,0,0,365976.7516,6680354.0031
tieliikenne_2021.398,398,POINT (352781.9416 6691126.5411),2021,8,17.00-17.59,3,9,0,0,0,0,0,1,0,352781.9416,6691126.5411
tieliikenne_2021.399,399,POINT (357982.0393 6667956.8644),2021,8,23.00-23.59,3,8,0,0,0,0,0,1,0,357982.0393,6667956.8644
tieliikenne_2021.400,400,POINT (373360.2695 6685480.5298),2021,8,08.00-08.59,2,5,1,0,0,0,0,1,0,373360.2695,6685480.5298
tieliikenne_2021.401,401,POINT (379075.5032 6676663.2668),2021,8,20.00-20.59,2,8,1,0,0,0,0,0,0,379075.5032,6676663.2668
tieliikenne_2021.402,402,POINT (374023.6957 6677249.7613),2021,8,18.00-18.59,2,1,1,0,0,1,0,0,0,374023.6957,6677249.7613
tieliikenne_2021.403,403,POINT (334406.7559 6661858.5231),2021,8,11.00-11.59,2,4,2,0,0,0,0,0,0,334406.7559,6661858.5231
tieliikenne_2021.404,404,POINT (350694.1064 6692278.1093),2021,8,14.00-14.59,2,0,1,0,0,0,2,0,0,350694.1064,6692278.1093
tieliikenne_2021.405,405,POINT (370134.8344 6682773.9549),2021,8,17.00-17.59,2,8,0,0,0,0,0,1,0,370134.8344,6682773.9549
tieliikenne_2021.406,406,POINT (297403.3547 6652449.5738),2021,8,12.00-12.59,2,0,1,2,0,0,0,0,0,297403.3547,6652449.5738
tieliikenne_2021.407,407,POINT (358681.7368 6684178.8574),2021,8,17.00-17.59,2,0,2,0,0,0,0,0,0,358681.7368,6684178.8574
tieliikenne_2021.408,408,POINT (368411.2896 6678653.2434),2021,9,09.00-09.59,2,0,0,1,0,0,0,0,1,368411.2896,6678653.2434
tieliikenne_2021.409,409,POINT (314313.1613 6663943.2453),2021,9,15.00-15.59,2,6,1,0,1,0,0,0,0,314313.1613,6663943.2453
tieliikenne_2021.410,410,POINT (375575.5952 6683198.2937),2021,9,22.00-22.59,1,0,3,0,0,0,0,1,0,375575.5952,6683198.2937
tieliikenne_2021.411,411,POINT (355431.317 6672563.2582),2021,9,19.00-19.59,2,8,0,0,0,0,0,0,1,355431.317,6672563.2582
tieliikenne_2021.412,412,POINT (353489.5577 6676713.2278),2021,9,22.00-22.59,2,8,1,0,0,0,0,0,0,353489.5577,6676713.2278
tieliikenne_2021.413,413,POINT (358153.2382 6668960.1956),2021,9,15.00-15.59,2,4,0,0,0,1,1,0,0,358153.2382,6668960.1956
tieliikenne_2021.414,414,POINT (378970.6474 6676571.045),2021,9,09.00-09.59,3,0,0,1,0,0,0,1,0,378970.6474,6676571.045
tieliikenne_2021.415,415,POINT (372542.6526 6676256.7286),2021,9,16.00-16.59,2,0,4,0,0,0,0,0,0,372542.6526,6676256.7286
tieliikenne_2021.416,416,POINT (348746.6546 6713893.235),2021,9,11.00-11.59,2,3,2,0,0,0,0,0,0,348746.6546,6713893.235
tieliikenne_2021.417,417,POINT (356281.1857 6676867.4189),2021,9,12.00-12.59,2,8,1,0,0,0,0,0,0,356281.1857,6676867.4189
tieliikenne_2021.418,418,POINT (323678.4135 6690336.3224),2021,9,13.00-13.59,2,8,0,1,0,0,0,0,0,323678.4135,6690336.3224
tieliikenne_2021.419,419,POINT (376636.7236 6679887.6555),2021,9,11.00-11.59,2,8,1,0,0,0,0,0,0,376636.7236,6679887.6555
tieliikenne_2021.420,420,POINT (376641.279 6680874.774),2021,9,14.00-14.59,3,3,1,0,0,1,0,0,0,376641.279,6680874.774
tieliikenne_2021.421,421,POINT (357579.1782 6669157.5581),2021,9,22.00-22.59,3,8,1,0,0,0,0,0,0,357579.1782,6669157.5581
tieliikenne_2021.422,422,POINT (367947.6037 6672601.1291),2021,9,08.00-08.59,2,4,1,0,0,1,0,0,0,367947.6037,6672601.1291
tieliikenne_2021.423,423,POINT (365427.6046 6681119.2045),2021,9,16.00-16.59,3,5,1,0,0,1,0,0,0,365427.6046,6681119.2045
tieliikenne_2021.424,424,POINT (303768.0168 6655321.3222),2021,9,12.00-12.59,2,1,2,0,0,0,0,0,0,303768.0168,6655321.3222
tieliikenne_2021.425,425,POINT (371251.6132 6676976.2285),2021,9,07.00-07.59,2,5,1,0,0,0,0,1,0,371251.6132,6676976.2285
tieliikenne_2021.426,426,POINT (337058.994 6688694.4744),2021,9,20.00-20.59,2,9,1,0,0,0,0,0,0,337058.994,6688694.4744
tieliikenne_2021.427,427,POINT (338798.9086 6682621.2991),2021,9,14.00-14.59,2,4,1,0,0,0,1,0,0,338798.9086,6682621.2991
tieliikenne_2021.428,428,POINT (357806.5898 6667729.8846),2021,9,14.00-14.59,2,4,1,0,0,1,0,0,0,357806.5898,6667729.8846
tieliikenne_2021.429,429,POINT (375181.7204 6671541.5758),2021,9,01.00-01.59,2,8,0,0,0,0,1,0,0,375181.7204,6671541.5758
tieliikenne_2021.430,430,POINT (314313.7379 6663943.6337),2021,9,13.00-13.59,2,4,1,0,0,1,0,0,0,314313.7379,6663943.6337
tieliikenne_2021.431,431,POINT (355684.9677 6686840.4478),2021,10,13.00-13.59,2,8,1,0,0,0,0,0,0,355684.9677,6686840.4478
tieliikenne_2021.432,432,POINT (313184.101 6662555.6238),2021,10,17.00-17.59,2,2,1,0,0,0,0,1,0,313184.101,6662555.6238
tieliikenne_2021.433,433,POINT (337687.5713 6683244.4126),2021,10,07.00-07.59,2,5,1,0,0,0,1,0,0,337687.5713,6683244.4126
tieliikenne_2021.434,434,POINT (362976.5861 6682048.8982),2021,10,14.00-14.59,2,5,1,1,0,0,0,0,0,362976.5861,6682048.8982
tieliikenne_2021.435,435,POINT (367025.0538 6671091.9756),2021,10,21.00-21.59,2,1,2,0,0,0,0,0,0,367025.0538,6671091.9756
tieliikenne_2021.436,436,POINT (357940.9198 6667213.2505),2021,10,19.00-19.59,2,1,1,0,0,1,0,0,0,357940.9198,6667213.2505
tieliikenne_2021.437,437,POINT (370708.8711 6673357.2444),2021,10,15.00-15.59,2,4,1,0,0,1,0,0,0,370708.8711,6673357.2444
tieliikenne_2021.438,438,POINT (376191.165 6676180.3941),2021,10,13.00-13.59,2,3,1,0,0,1,0,0,0,376191.165,6676180.3941
tieliikenne_2021.439,439,POINT (352781.7628 6704434.7934),2021,10,11.00-11.59,2,0,2,0,0,0,0,0,0,352781.7628,6704434.7934
tieliikenne_2021.440,440,POINT (370214.5994 6683707.0783),2021,10,22.00-22.59,2,8,1,0,0,0,0,0,0,370214.5994,6683707.0783
tieliikenne_2021.441,441,POINT (349480.4374 6690730.5176),2021,10,09.00-09.59,2,0,2,0,0,0,0,0,0,349480.4374,6690730.5176
tieliikenne_2021.442,442,POINT (378484.0128 6672336.4153),2021,10,22.00-22.59,2,0,2,0,0,0,0,0,0,378484.0128,6672336.4153
tieliikenne_2021.443,443,POINT (364571.8046 6673457.6448),2021,10,18.00-18.59,2,0,2,0,0,0,0,0,0,364571.8046,6673457.6448
tieliikenne_2021.444,444,POINT (371232.1859 6671582.7173),2021,10,19.00-19.59,2,3,1,0,0,1,0,0,0,371232.1859,6671582.7173
tieliikenne_2021.445,445,POINT (369986.5121 6686723.5818),2021,10,03.00-03.59,2,8,1,0,0,0,0,0,0,369986.5121,6686723.5818
tieliikenne_2021.446,446,POINT (353865.0571 6666634.6799),2021,11,14.00-14.59,3,9,1,0,0,0,0,0,1,353865.0571,6666634.6799
tieliikenne_2021.447,447,POINT (348820.0082 6690184.4904),2021,11,14.00-14.59,2,0,2,0,0,0,0,0,0,348820.0082,6690184.4904
tieliikenne_2021.448,448,POINT (328127.4267 6661628.4905),2021,11,17.00-17.59,1,0,2,1,0,0,0,0,0,328127.4267,6661628.4905
tieliikenne_2021.449,449,POINT (335332.5173 6679755.1441),2021,11,06.00-06.59,1,2,1,1,0,0,0,0,0,335332.5173,6679755.1441
tieliikenne_2021.450,450,POINT (370409.9781 6675483.7479),2021,11,08.00-08.59,2,6,1,0,1,0,0,0,0,370409.9781,6675483.7479
tieliikenne_2021.451,451,POINT (379921.4239 6676950.2901),2021,11,17.00-17.59,2,4,0,1,0,1,0,0,0,379921.4239,6676950.2901
tieliikenne_2021.452,452,POINT (377092.976 6677656.4709),2021,11,18.00-18.59,2,6,1,0,1,0,0,0,0,377092.976,6677656.4709
tieliikenne_2021.453,453,POINT (357488.8238 6668212.4302),2021,11,15.00-15.59,2,4,1,0,0,1,0,0,0,357488.8238,6668212.4302
tieliikenne_2021.454,454,POINT (377970.1573 6676613.253),2021,11,17.00-17.59,2,0,6,0,0,0,0,0,0,377970.1573,6676613.253
tieliikenne_2021.455,455,POINT (363096.2559 6669365.9914),2021,11,17.00-17.59,2,4,2,0,0,0,0,0,0,363096.2559,6669365.9914
tieliikenne_2021.456,456,POINT (357972.4907 6666955.4566),2021,11,16.00-16.59,2,4,1,0,0,1,0,0,0,357972.4907,6666955.4566
tieliikenne_2021.457,457,POINT (375021.0699 6685454.0278),2021,11,10.00-10.59,2,5,1,1,0,0,0,0,0,375021.0699,6685454.0278
tieliikenne_2021.458,458,POINT (355215.0475 6681982.4576),2021,12,13.00-13.59,2,9,1,1,0,0,0,0,0,355215.0475,6681982.4576
tieliikenne_2021.459,459,POINT (379304.3395 6673373.2049),2021,12,13.00-13.59,2,2,2,0,0,0,0,0,0,379304.3395,6673373.2049
tieliikenne_2021.460,460,POINT (341939.2803 6681817.9424),2021,12,03.00-03.59,2,8,1,0,0,0,0,0,0,341939.2803,6681817.9424
tieliikenne_2021.461,461,POINT (321579.2325 6685928.5207),2021,12,15.00-15.59,2,8,1,0,0,0,0,0,0,321579.2325,6685928.5207
tieliikenne_2021.462,462,POINT (337328.379 6681890.5335),2021,12,05.00-05.59,3,2,2,0,0,0,0,0,0,337328.379,6681890.5335
tieliikenne_2021.463,463,POINT (332188.8902 6707321.7509),2021,12,20.00-20.59,2,8,1,0,0,0,0,0,0,332188.8902,6707321.7509
tieliikenne_2021.464,464,POINT (346705.1161 6688090.4595),2021,12,22.00-22.59,1,7,0,1,1,0,0,0,0,346705.1161,6688090.4595
tieliikenne_2021.465,465,POINT (334986.9317 6664545.91),2021,12,09.00-09.59,2,2,1,1,0,0,0,0,0,334986.9317,6664545.91
tieliikenne_2021.466,466,POINT (365931.021 6680505.1425),2021,12,17.00-17.59,2,0,1,1,0,0,0,0,0,365931.021,6680505.1425
tieliikenne_2021.467,467,POINT (302862.3859 6652410.8864),2021,12,22.00-22.59,2,8,1,0,0,0,0,0,0,302862.3859,6652410.8864
tieliikenne_2021.468,468,POINT (324636.4879 6697628.8175),2021,12,23.00-23.59,2,8,1,0,0,0,0,0,0,324636.4879,6697628.8175
tieliikenne_2021.469,469,POINT (348433.8582 6689766.1537),2021,12,15.00-15.59,1,2,1,1,0,0,0,0,0,348433.8582,6689766.1537
tieliikenne_2021.470,470,POINT (426916.7218 6696811.3081),2021,1,10.00-10.59,2,6,1,0,1,0,0,0,0,426916.7218,6696811.3081
tieliikenne_2021.471,471,POINT (381268.5256 6704151.6534),2021,1,05.00-05.59,2,2,2,0,0,0,0,0,0,381268.5256,6704151.6534
tieliikenne_2021.472,472,POINT (393824.414 6707653.535),2021,1,13.00-13.59,3,7,3,0,1,0,0,0,0,393824.414,6707653.535
tieliikenne_2021.473,473,POINT (395054.8698 6686971.4788),2021,1,14.00-14.59,2,5,1,1,0,0,0,0,0,395054.8698,6686971.4788
tieliikenne_2021.474,474,POINT (391141.4151 6697571.0414),2021,1,17.00-17.59,2,1,2,0,0,0,0,0,0,391141.4151,6697571.0414
tieliikenne_2021.475,475,POINT (378616.2414 6683605.0787),2021,1,11.00-11.59,2,4,2,0,0,0,0,0,0,378616.2414,6683605.0787
tieliikenne_2021.476,476,POINT (395004.5617 6687080.7622),2021,1,19.00-19.59,2,0,1,1,0,0,0,0,0,395004.5617,6687080.7622
tieliikenne_2021.477,477,POINT (395890.2645 6688710.4063),2021,1,02.00-02.59,2,8,1,0,0,0,0,0,0,395890.2645,6688710.4063
tieliikenne_2021.478,478,POINT (418513.661 6691756.466),2021,1,09.00-09.59,2,8,0,1,0,0,0,0,0,418513.661,6691756.466
tieliikenne_2021.479,479,POINT (392615.1281 6688927.586),2021,1,12.00-12.59,2,9,1,0,1,0,0,0,0,392615.1281,6688927.586
tieliikenne_2021.480,480,POINT (393303.8324 6687484.3234),2021,1,15.00-15.59,2,8,0,2,0,0,0,0,0,393303.8324,6687484.3234
tieliikenne_2021.481,481,POINT (381167.852 6726746.6424),2021,1,11.00-11.59,2,0,1,1,0,0,0,0,0,381167.852,6726746.6424
tieliikenne_2021.482,482,POINT (396878.1689 6703108.7878),2021,1,08.00-08.59,2,0,1,1,0,0,0,0,0,396878.1689,6703108.7878
tieliikenne_2021.483,483,POINT (404194.4597 6690119.7756),2021,1,17.00-17.59,2,2,2,0,0,0,0,0,0,404194.4597,6690119.7756
tieliikenne_2021.484,484,POINT (392071.9267 6688820.6257),2021,1,05.00-05.59,2,2,2,0,0,0,0,0,0,392071.9267,6688820.6257
tieliikenne_2021.485,485,POINT (451925.1708 6719338.2473),2021,1,18.00-18.59,1,2,1,1,0,0,0,0,0,451925.1708,6719338.2473
tieliikenne_2021.486,486,POINT (380451.5973 6716475.2048),2021,1,13.00-13.59,3,5,1,1,0,0,0,0,0,380451.5973,6716475.2048
tieliikenne_2021.487,487,POINT (395361.5912 6680157.529),2021,1,02.00-02.59,2,8,1,0,0,0,0,0,0,395361.5912,6680157.529
tieliikenne_2021.488,488,POINT (383058.168 6686714.713),2021,1,10.00-10.59,2,0,1,1,0,0,0,0,0,383058.168,6686714.713
tieliikenne_2021.489,489,POINT (396388.5536 6696028.4805),2021,1,15.00-15.59,2,0,3,0,0,0,0,0,0,396388.5536,6696028.4805
tieliikenne_2021.490,490,POINT (379188.9921 6694295.142),2021,1,08.00-08.59,2,8,1,0,0,0,0,0,0,379188.9921,6694295.142
tieliikenne_2021.491,491,POINT (380223.5876 6699560.4052),2021,1,19.00-19.59,2,9,2,0,0,0,0,0,0,380223.5876,6699560.4052
tieliikenne_2021.492,492,POINT (382767.0056 6683001.4818),2021,1,11.00-11.59,3,2,1,1,0,0,0,0,0,382767.0056,6683001.4818
tieliikenne_2021.493,493,POINT (381473.8355 6685917.4752),2021,1,19.00-19.59,2,0,2,0,0,0,0,0,0,381473.8355,6685917.4752
tieliikenne_2021.494,494,POINT (389880.1809 6699652.1079),2021,1,17.00-17.59,2,0,3,0,0,0,0,0,0,389880.1809,6699652.1079
tieliikenne_2021.495,495,POINT (388528.8471 6685814.8151),2021,1,13.00-13.59,2,0,2,1,0,0,0,0,0,388528.8471,6685814.8151
tieliikenne_2021.496,496,POINT (436815.3771 6727580.9337),2021,2,07.00-07.59,2,1,2,0,0,0,0,0,0,436815.3771,6727580.9337
tieliikenne_2021.497,497,POINT (386060.6743 6691122.5249),2021,2,11.00-11.59,2,1,2,0,0,0,0,0,0,386060.6743,6691122.5249
tieliikenne_2021.498,498,POINT (381617.1883 6686121.1483),2021,2,20.00-20.59,2,8,1,0,0,0,0,0,0,381617.1883,6686121.1483
tieliikenne_2021.499,499,POINT (392624.0916 6689073.4751),2021,2,01.00-01.59,2,4,2,0,0,0,0,0,0,392624.0916,6689073.4751
tieliikenne_2021.500,500,POINT (394076.8458 6680596.5944),2021,1,17.00-17.59,2,2,2,0,0,0,0,0,0,394076.8458,6680596.5944
tieliikenne_2021.501,501,POINT (388037.5461 6685415.0163),2021,2,15.00-15.59,2,0,1,1,0,0,0,0,0,388037.5461,6685415.0163
tieliikenne_2021.502,502,POINT (415631.0387 6690344.0613),2021,2,09.00-09.59,2,1,1,1,0,0,0,0,0,415631.0387,6690344.0613
tieliikenne_2021.503,503,POINT (379750.0561 6722636.8438),2021,2,20.00-20.59,2,2,2,0,0,0,0,0,0,379750.0561,6722636.8438
tieliikenne_2021.504,504,POINT (369410.8089 6709902.7466),2021,2,13.00-13.59,2,2,2,1,0,0,0,0,0,369410.8089,6709902.7466
tieliikenne_2021.505,505,POINT (406637.4984 6693578.8058),2021,2,19.00-19.59,3,2,1,1,0,0,0,0,0,406637.4984,6693578.8058
tieliikenne_2021.506,506,POINT (393704.4265 6693863.6788),2021,2,15.00-15.59,2,6,1,0,3,0,0,0,0,393704.4265,6693863.6788
tieliikenne_2021.507,507,POINT (390721.357 6722166.3584),2021,2,09.00-09.59,2,1,1,1,0,0,0,0,0,390721.357,6722166.3584
tieliikenne_2021.508,508,POINT (392831.243 6695163.2701),2021,2,09.00-09.59,2,4,2,0,0,0,0,0,0,392831.243,6695163.2701
tieliikenne_2021.509,509,POINT (382308.982 6683796.2308),2021,2,05.00-05.59,2,8,2,0,0,0,0,0,0,382308.982,6683796.2308
tieliikenne_2021.510,510,POINT (420396.2494 6704627.4694),2021,2,17.00-17.59,2,4,2,0,0,0,0,0,0,420396.2494,6704627.4694
tieliikenne_2021.511,511,POINT (392067.9582 6696219.2932),2021,2,21.00-21.59,2,8,1,0,0,0,0,0,0,392067.9582,6696219.2932
tieliikenne_2021.512,512,POINT (388320.1057 6695164.4103),2021,2,08.00-08.59,2,8,1,0,0,0,0,0,0,388320.1057,6695164.4103
tieliikenne_2021.513,513,POINT (379370.4219 6684504.7911),2021,2,18.00-18.59,2,0,2,0,0,0,0,0,0,379370.4219,6684504.7911
tieliikenne_2021.514,514,POINT (395877.1222 6696479.0984),2021,3,12.00-12.59,2,5,2,0,0,0,0,0,0,395877.1222,6696479.0984
tieliikenne_2021.515,515,POINT (394520.9964 6707897.9748),2021,3,19.00-19.59,2,8,1,0,0,0,0,0,0,394520.9964,6707897.9748
tieliikenne_2021.516,516,POINT (382320.2826 6683775.9749),2021,3,11.00-11.59,2,2,1,1,0,0,0,0,0,382320.2826,6683775.9749
tieliikenne_2021.517,517,POINT (387256.1618 6685725.2345),2021,3,17.00-17.59,2,8,1,0,0,0,0,0,0,387256.1618,6685725.2345
tieliikenne_2021.518,518,POINT (380335.5 6684729.9252),2021,3,10.00-10.59,2,1,2,0,0,0,0,0,0,380335.5,6684729.9252
tieliikenne_2021.519,519,POINT (418471.1355 6707578.724),2021,7,23.00-23.59,2,9,1,0,0,0,0,0,0,418471.1355,6707578.724
tieliikenne_2021.520,520,POINT (395115.1837 6698818.4424),2021,7,15.00-15.59,3,9,0,0,0,1,0,0,0,395115.1837,6698818.4424
tieliikenne_2021.521,521,POINT (385656.5297 6719781.6316),2021,3,21.00-21.59,2,0,1,0,0,0,0,0,1,385656.5297,6719781.6316
tieliikenne_2021.522,522,POINT (392772.7807 6708402.8101),2021,3,,2,2,2,0,0,0,0,0,0,392772.7807,6708402.8101
tieliikenne_2021.523,523,POINT (393584.524 6691054.248),2021,3,02.00-02.59,2,8,1,0,0,0,0,0,0,393584.524,6691054.248
tieliikenne_2021.524,524,POINT (429196.3611 6710262.1245),2021,3,14.00-14.59,1,8,1,0,0,0,0,0,0,429196.3611,6710262.1245
tieliikenne_2021.525,525,POINT (396507.1965 6705398.6238),2021,3,18.00-18.59,2,1,1,0,0,0,1,0,0,396507.1965,6705398.6238
tieliikenne_2021.526,526,POINT (391858.5271 6685691.2516),2021,3,06.00-06.59,2,8,1,0,0,0,0,0,0,391858.5271,6685691.2516
tieliikenne_2021.527,527,POINT (397150.1938 6680372.5242),2021,3,08.00-08.59,2,8,1,0,0,0,0,0,0,397150.1938,6680372.5242
tieliikenne_2021.528,528,POINT (392823.7419 6712117.8043),2021,3,14.00-14.59,2,8,1,0,0,0,0,0,0,392823.7419,6712117.8043
tieliikenne_2021.529,529,POINT (387901.6597 6686238.7293),2021,4,18.00-18.59,2,3,2,0,0,0,0,0,0,387901.6597,6686238.7293
tieliikenne_2021.530,530,POINT (427890.5955 6695871.1812),2021,4,19.00-19.59,2,9,1,0,0,1,0,0,0,427890.5955,6695871.1812
tieliikenne_2021.531,531,POINT (395933.8168 6697128.9417),2021,4,15.00-15.59,2,6,1,0,1,0,0,0,0,395933.8168,6697128.9417
tieliikenne_2021.532,532,POINT (408284.606 6699662.8098),2021,4,22.00-22.59,2,8,1,0,0,0,0,0,0,408284.606,6699662.8098
tieliikenne_2021.533,533,POINT (367194.0492 6708323.5935),2021,4,13.00-13.59,1,0,0,2,0,0,0,0,0,367194.0492,6708323.5935
tieliikenne_2021.534,534,POINT (381938.8158 6686195.3123),2021,4,08.00-08.59,2,0,1,1,0,0,0,0,0,381938.8158,6686195.3123
tieliikenne_2021.535,535,POINT (389112.0645 6687881.3136),2021,9,20.00-20.59,2,8,0,0,0,0,0,1,0,389112.0645,6687881.3136
tieliikenne_2021.536,536,POINT (424309.383 6676876.9783),2021,4,16.00-16.59,2,8,1,0,0,0,0,0,0,424309.383,6676876.9783
tieliikenne_2021.537,537,POINT (397679.6648 6705539.201),2021,4,01.00-01.59,3,8,1,0,0,0,0,0,0,397679.6648,6705539.201
tieliikenne_2021.538,538,POINT (426837.0374 6699594.5143),2021,4,13.00-13.59,2,2,1,0,0,0,0,1,0,426837.0374,6699594.5143
tieliikenne_2021.539,539,POINT (378786.0734 6682774.1711),2021,4,17.00-17.59,2,0,0,0,0,0,2,0,0,378786.0734,6682774.1711
tieliikenne_2021.540,540,POINT (379385.148 6719079.0112),2021,9,00.00-00.59,2,9,2,0,0,0,0,0,0,379385.148,6719079.0112
tieliikenne_2021.541,541,POINT (434769.2215 6718191.2685),2021,4,19.00-19.59,2,8,1,0,0,0,0,0,0,434769.2215,6718191.2685
tieliikenne_2021.542,542,POINT (383011.0181 6686468.0981),2021,4,18.00-18.59,2,0,3,0,0,0,0,0,0,383011.0181,6686468.0981
tieliikenne_2021.543,543,POINT (387008.9379 6705161.7393),2021,4,11.00-11.59,3,0,2,1,0,0,0,0,0,387008.9379,6705161.7393
tieliikenne_2021.544,544,POINT (391671.5209 6695915.8945),2021,4,08.00-08.59,2,1,1,0,0,1,0,0,0,391671.5209,6695915.8945
tieliikenne_2021.545,545,POINT (385085.0495 6722080.4042),2021,4,18.00-18.59,2,8,0,0,0,0,0,0,1,385085.0495,6722080.4042
tieliikenne_2021.546,546,POINT (389706.8665 6689062.9047),2021,4,18.00-18.59,1,2,2,0,0,0,0,0,0,389706.8665,6689062.9047
tieliikenne_2021.547,547,POINT (403561.8882 6722701.2591),2021,4,12.00-12.59,3,2,2,0,0,0,0,0,0,403561.8882,6722701.2591
tieliikenne_2021.548,548,POINT (395654.7841 6703330.2439),2021,4,16.00-16.59,1,1,0,0,0,1,0,1,0,395654.7841,6703330.2439
tieliikenne_2021.549,549,POINT (381603.2586 6686584.3859),2021,4,18.00-18.59,2,8,1,0,0,0,0,0,0,381603.2586,6686584.3859
tieliikenne_2021.550,550,POINT (424241.267 6693493.8467),2021,4,07.00-07.59,3,5,1,0,0,1,0,0,0,424241.267,6693493.8467
tieliikenne_2021.551,551,POINT (383400.9805 6726732.0158),2021,4,13.00-13.59,2,4,2,0,0,0,0,0,0,383400.9805,6726732.0158
tieliikenne_2021.552,552,POINT (376947.144 6712085.5774),2021,10,01.00-01.59,1,8,0,0,0,0,1,0,0,376947.144,6712085.5774
tieliikenne_2021.553,553,POINT (407358.3784 6685668.8028),2021,4,12.00-12.59,3,3,1,0,0,0,0,1,0,407358.3784,6685668.8028
tieliikenne_2021.554,554,POINT (390484.8133 6708038.625),2021,5,16.00-16.59,2,0,2,0,0,0,0,1,0,390484.8133,6708038.625
tieliikenne_2021.555,555,POINT (395225.7205 6681186.7493),2021,10,08.00-08.59,2,9,1,0,0,0,0,0,0,395225.7205,6681186.7493
tieliikenne_2021.556,556,POINT (383400.0568 6723508.0601),2021,5,22.00-22.59,2,4,2,0,0,0,0,0,0,383400.0568,6723508.0601
tieliikenne_2021.557,557,POINT (391025.6395 6689865.369),2021,5,09.00-09.59,2,6,1,0,0,1,0,0,0,391025.6395,6689865.369
tieliikenne_2021.558,558,POINT (445261.8299 6711642.7234),2021,5,22.00-22.59,1,2,1,1,0,0,0,0,0,445261.8299,6711642.7234
tieliikenne_2021.559,559,POINT (404925.8829 6720604.092),2021,5,17.00-17.59,2,0,2,0,0,0,0,0,0,404925.8829,6720604.092
tieliikenne_2021.560,560,POINT (404623.554 6697030.8559),2021,5,20.00-20.59,2,8,1,0,0,0,0,0,0,404623.554,6697030.8559
tieliikenne_2021.561,561,POINT (393789.2401 6684041.8795),2021,5,13.00-13.59,2,8,1,0,0,0,0,0,0,393789.2401,6684041.8795
tieliikenne_2021.562,562,POINT (394322.8467 6691465.4664),2021,5,15.00-15.59,2,0,3,0,0,0,0,0,0,394322.8467,6691465.4664
tieliikenne_2021.563,563,POINT (396004.0991 6689867.7987),2021,5,17.00-17.59,3,8,1,0,0,0,0,0,0,396004.0991,6689867.7987
tieliikenne_2021.564,564,POINT (457113.2758 6721094.2732),2021,5,14.00-14.59,1,7,1,0,1,0,0,0,0,457113.2758,6721094.2732
tieliikenne_2021.565,565,POINT (395024.3237 6699109.9971),2021,5,18.00-18.59,2,8,1,0,0,0,0,0,0,395024.3237,6699109.9971
tieliikenne_2021.566,566,POINT (389332.666 6687335.586),2021,5,00.00-00.59,2,8,1,0,0,0,0,0,0,389332.666,6687335.586
tieliikenne_2021.567,567,POINT (392396.0865 6695300.8881),2021,5,18.00-18.59,2,1,1,0,0,1,0,0,0,392396.0865,6695300.8881
tieliikenne_2021.568,568,POINT (382858.8098 6723506.5883),2021,5,14.00-14.59,2,3,1,0,0,1,0,0,0,382858.8098,6723506.5883
tieliikenne_2021.569,569,POINT (386776.9441 6686282.7443),2021,5,08.00-08.59,2,4,2,0,0,0,0,0,0,386776.9441,6686282.7443
tieliikenne_2021.570,570,POINT (387124.8227 6721708.2931),2021,5,19.00-19.59,1,2,1,1,0,0,0,0,0,387124.8227,6721708.2931
tieliikenne_2021.571,571,POINT (383748.8085 6722282.3271),2021,5,12.00-12.59,2,4,2,0,0,0,0,0,0,383748.8085,6722282.3271
tieliikenne_2021.572,572,POINT (391340.9443 6703644.4662),2021,5,12.00-12.59,2,8,1,0,0,0,0,0,0,391340.9443,6703644.4662
tieliikenne_2021.573,573,POINT (379730.5428 6722423.1436),2021,12,04.00-04.59,2,8,1,0,0,0,0,0,0,379730.5428,6722423.1436
tieliikenne_2021.574,574,POINT (392196.5578 6694601.3699),2021,5,17.00-17.59,2,5,2,0,0,0,0,0,0,392196.5578,6694601.3699
tieliikenne_2021.575,575,POINT (375140.2991 6694212.7001),2021,5,14.00-14.59,2,9,0,1,0,1,0,0,0,375140.2991,6694212.7001
tieliikenne_2021.576,576,POINT (406066.6865 6718032.9683),2021,5,18.00-18.59,2,2,2,0,0,0,0,0,0,406066.6865,6718032.9683
tieliikenne_2021.577,577,POINT (416830.7104 6687735.401),2021,5,10.00-10.59,2,8,0,1,0,0,0,0,0,416830.7104,6687735.401
tieliikenne_2021.578,578,POINT (395356.8074 6684144.3671),2021,5,09.00-09.59,1,9,1,0,1,0,0,0,0,395356.8074,6684144.3671
tieliikenne_2021.579,579,POINT (376405.8336 6695181.9674),2021,5,11.00-11.59,2,7,1,0,1,0,0,0,0,376405.8336,6695181.9674
tieliikenne_2021.580,580,POINT (389098.6132 6714247.2206),2021,5,15.00-15.59,2,8,0,0,0,0,1,0,0,389098.6132,6714247.2206
tieliikenne_2021.581,581,POINT (393849.5012 6683714.6121),2021,5,10.00-10.59,2,0,0,3,0,0,0,0,0,393849.5012,6683714.6121
tieliikenne_2021.582,582,POINT (426192.2315 6695995.1374),2021,5,19.00-19.59,2,5,2,0,0,0,0,0,0,426192.2315,6695995.1374
tieliikenne_2021.583,583,POINT (395507.8106 6680678.0124),2021,5,03.00-03.59,2,8,1,0,0,0,0,0,0,395507.8106,6680678.0124
tieliikenne_2021.584,584,POINT (424181.8982 6718686.5671),2021,5,16.00-16.59,3,8,1,0,0,0,0,0,0,424181.8982,6718686.5671
tieliikenne_2021.585,585,POINT (385411.083 6704055.8869),2021,5,15.00-15.59,2,8,0,0,0,0,0,1,0,385411.083,6704055.8869
tieliikenne_2021.586,586,POINT (381814.2812 6724059.5241),2021,5,16.00-16.59,2,4,1,0,0,1,0,0,0,381814.2812,6724059.5241
tieliikenne_2021.587,587,POINT (426280.025 6695790.1722),2021,6,15.00-15.59,2,4,1,0,0,0,1,0,0,426280.025,6695790.1722
tieliikenne_2021.588,588,POINT (395996.8835 6688705.6803),2021,6,14.00-14.59,2,5,1,0,0,0,0,1,0,395996.8835,6688705.6803
tieliikenne_2021.589,589,POINT (444709.0508 6694955.394),2021,6,15.00-15.59,2,2,2,0,0,0,0,0,0,444709.0508,6694955.394
tieliikenne_2021.590,590,POINT (402430.7948 6693763.0489),2021,6,16.00-16.59,2,0,1,0,0,0,0,1,0,402430.7948,6693763.0489
tieliikenne_2021.591,591,POINT (386807.313 6685442.962),2021,6,16.00-16.59,2,4,1,0,0,1,0,0,0,386807.313,6685442.962
tieliikenne_2021.592,592,POINT (379481.371 6697486.3887),2021,6,13.00-13.59,2,0,0,1,0,0,0,1,0,379481.371,6697486.3887
tieliikenne_2021.593,593,POINT (382204.4581 6723924.7521),2021,6,09.00-09.59,2,9,1,0,0,0,1,0,0,382204.4581,6723924.7521
tieliikenne_2021.594,594,POINT (397453.8799 6703172.8818),2021,6,16.00-16.59,2,0,1,0,0,0,0,1,0,397453.8799,6703172.8818
tieliikenne_2021.595,595,POINT (426337.7064 6695654.945),2021,6,16.00-16.59,2,0,1,0,0,0,1,0,0,426337.7064,6695654.945
tieliikenne_2021.596,596,POINT (389942.9648 6699318.8199),2021,6,18.00-18.59,2,1,1,0,0,0,0,1,0,389942.9648,6699318.8199
tieliikenne_2021.597,597,POINT (396205.6164 6698083.2898),2021,6,12.00-12.59,2,1,1,0,0,1,0,0,0,396205.6164,6698083.2898
tieliikenne_2021.598,598,POINT (389367.9981 6687325.9929),2021,6,08.00-08.59,2,0,1,0,0,0,0,1,0,389367.9981,6687325.9929
tieliikenne_2021.599,599,POINT (381264.3869 6726742.8226),2021,6,08.00-08.59,2,4,1,0,0,0,1,0,0,381264.3869,6726742.8226
tieliikenne_2021.600,600,POINT (379806.3869 6726274.6016),2021,6,16.00-16.59,2,1,1,0,0,0,0,1,0,379806.3869,6726274.6016
tieliikenne_2021.601,601,POINT (387332.6077 6685538.1096),2021,6,15.00-15.59,2,9,2,0,0,0,0,0,0,387332.6077,6685538.1096
tieliikenne_2021.602,602,POINT (408001.0175 6709553.1497),2021,6,06.00-06.59,2,8,1,0,0,0,0,0,0,408001.0175,6709553.1497
tieliikenne_2021.603,603,POINT (444931.318 6698595.252),2021,6,16.00-16.59,2,8,0,0,0,0,0,0,1,444931.318,6698595.252
tieliikenne_2021.604,604,POINT (383865.9509 6724295.042),2021,6,17.00-17.59,2,4,1,0,0,0,1,0,0,383865.9509,6724295.042
tieliikenne_2021.605,605,POINT (428083.7654 6695595.0702),2021,6,00.00-00.59,2,9,0,0,0,0,1,0,0,428083.7654,6695595.0702
tieliikenne_2021.606,606,POINT (388712.3391 6686214.131),2021,6,15.00-15.59,2,0,3,0,0,0,0,0,0,388712.3391,6686214.131
tieliikenne_2021.607,607,POINT (403984.8764 6693292.6696),2021,6,11.00-11.59,2,4,2,0,0,0,0,0,0,403984.8764,6693292.6696
tieliikenne_2021.608,608,POINT (368640.7191 6699058.811),2021,6,18.00-18.59,2,2,1,0,0,0,1,0,0,368640.7191,6699058.811
tieliikenne_2021.609,609,POINT (406366.3051 6693495.5618),2021,6,09.00-09.59,2,1,1,0,0,1,0,0,0,406366.3051,6693495.5618
tieliikenne_2021.610,610,POINT (391830.6699 6685556.22),2021,6,14.00-14.59,2,1,1,0,0,1,0,0,0,391830.6699,6685556.22
tieliikenne_2021.611,611,POINT (394598.8614 6691380.8598),2021,6,18.00-18.59,3,0,1,0,0,0,0,1,0,394598.8614,6691380.8598
tieliikenne_2021.612,612,POINT (372555.5223 6711235.3577),2021,6,21.00-21.59,3,8,1,0,0,0,0,0,0,372555.5223,6711235.3577
tieliikenne_2021.613,613,POINT (409810.8782 6727278.9081),2021,6,16.00-16.59,2,8,1,0,0,0,0,0,0,409810.8782,6727278.9081
tieliikenne_2021.614,614,POINT (410342.045 6706434.9838),2021,6,01.00-01.59,2,8,0,0,0,0,1,0,0,410342.045,6706434.9838
tieliikenne_2021.615,615,POINT (392389.2395 6689173.5611),2021,6,11.00-11.59,2,4,1,1,0,0,0,0,0,392389.2395,6689173.5611
tieliikenne_2021.616,616,POINT (410241.1704 6686416.8098),2021,6,15.00-15.59,2,0,6,0,0,0,0,0,0,410241.1704,6686416.8098
tieliikenne_2021.617,617,POINT (395050.5705 6705472.9464),2021,6,23.00-23.59,2,4,1,0,0,0,0,1,0,395050.5705,6705472.9464
tieliikenne_2021.618,618,POINT (394936.9766 6687111.8351),2021,6,15.00-15.59,2,1,2,0,0,0,0,0,0,394936.9766,6687111.8351
tieliikenne_2021.619,619,POINT (431419.1078 6705062.3099),2021,6,02.00-02.59,1,8,0,0,0,0,0,0,1,431419.1078,6705062.3099
tieliikenne_2021.620,620,POINT (395875.5934 6696494.6088),2021,6,07.00-07.59,2,5,1,0,0,0,1,0,0,395875.5934,6696494.6088
tieliikenne_2021.621,621,POINT (393353.6344 6693314.4282),2021,6,15.00-15.59,2,0,1,0,0,0,1,0,0,393353.6344,6693314.4282
tieliikenne_2021.622,622,POINT (395994.77 6688716.2778),2021,7,10.00-10.59,2,1,2,0,0,0,0,0,0,395994.77,6688716.2778
tieliikenne_2021.623,623,POINT (393733.1538 6683818.2772),2021,7,16.00-16.59,2,0,1,0,0,0,0,1,0,393733.1538,6683818.2772
tieliikenne_2021.624,624,POINT (424828.289 6695317.469),2021,7,20.00-20.59,2,1,1,0,0,1,0,0,0,424828.289,6695317.469
tieliikenne_2021.625,625,POINT (391061.6904 6689179.1617),2021,7,20.00-20.59,2,6,1,0,1,0,0,0,0,391061.6904,6689179.1617
tieliikenne_2021.626,626,POINT (378916.182 6682713.3912),2021,7,10.00-10.59,2,8,1,0,0,0,0,0,0,378916.182,6682713.3912
tieliikenne_2021.627,627,POINT (388477.2704 6685590.2095),2021,7,15.00-15.59,2,0,2,0,0,0,0,0,0,388477.2704,6685590.2095
tieliikenne_2021.628,628,POINT (395107.3358 6683778.2151),2021,7,18.00-18.59,2,7,1,0,1,0,0,0,0,395107.3358,6683778.2151
tieliikenne_2021.629,629,POINT (433020.7655 6715900.7834),2021,7,06.00-06.59,2,8,1,0,0,0,0,0,0,433020.7655,6715900.7834
tieliikenne_2021.630,630,POINT (377532.5332 6694567.3629),2021,7,13.00-13.59,2,1,1,1,0,0,0,0,0,377532.5332,6694567.3629
tieliikenne_2021.631,631,POINT (376349.9144 6713058.2384),2021,7,15.00-15.59,3,5,1,0,0,1,0,0,0,376349.9144,6713058.2384
tieliikenne_2021.632,632,POINT (391435.1558 6697953.7301),2021,7,21.00-21.59,2,4,1,0,0,0,1,0,0,391435.1558,6697953.7301
tieliikenne_2021.633,633,POINT (381369.3314 6704130.2912),2021,7,23.00-23.59,2,4,1,0,0,0,1,0,0,381369.3314,6704130.2912
tieliikenne_2021.634,634,POINT (391217.6029 6685736.6393),2021,7,19.00-19.59,2,7,1,0,1,0,0,0,0,391217.6029,6685736.6393
tieliikenne_2021.635,635,POINT (377451.7511 6684006.6766),2021,7,21.00-21.59,2,0,1,1,0,0,0,0,0,377451.7511,6684006.6766
tieliikenne_2021.636,636,POINT (420727.0793 6693499.8881),2021,7,02.00-02.59,2,9,0,1,0,0,0,0,0,420727.0793,6693499.8881
tieliikenne_2021.637,637,POINT (391650.1966 6707715.755),2021,7,16.00-16.59,3,2,2,0,0,0,0,0,0,391650.1966,6707715.755
tieliikenne_2021.638,638,POINT (378460.274 6683907.1007),2021,7,18.00-18.59,2,0,1,0,0,0,0,1,0,378460.274,6683907.1007
tieliikenne_2021.639,639,POINT (393176.118 6684689.323),2021,7,22.00-22.59,2,8,1,0,0,0,0,0,0,393176.118,6684689.323
tieliikenne_2021.640,640,POINT (380204.2509 6685300.7282),2021,7,21.00-21.59,2,0,1,1,0,0,0,0,0,380204.2509,6685300.7282
tieliikenne_2021.641,641,POINT (386458.678 6709181.691),2021,7,19.00-19.59,1,2,2,0,0,0,0,0,0,386458.678,6709181.691
tieliikenne_2021.642,642,POINT (383232.4605 6721877.3762),2021,7,23.00-23.59,2,5,1,0,0,0,1,0,0,383232.4605,6721877.3762
tieliikenne_2021.643,643,POINT (392149.3228 6686915.8885),2021,7,21.00-21.59,2,8,0,0,0,0,1,0,0,392149.3228,6686915.8885
tieliikenne_2021.644,644,POINT (396805.2557 6680724.5089),2021,7,00.00-00.59,2,0,0,0,0,0,0,2,0,396805.2557,6680724.5089
tieliikenne_2021.645,645,POINT (397099.913 6685166.614),2021,7,01.00-01.59,2,8,1,0,0,0,0,0,0,397099.913,6685166.614
tieliikenne_2021.646,646,POINT (387971.2284 6684579.8121),2021,7,05.00-05.59,2,4,2,0,0,0,0,0,0,387971.2284,6684579.8121
tieliikenne_2021.647,647,POINT (426481.3618 6695718.1847),2021,7,08.00-08.59,2,4,2,0,0,0,0,0,0,426481.3618,6695718.1847
tieliikenne_2021.648,648,POINT (421243.6635 6705354.9487),2021,7,18.00-18.59,2,8,1,0,0,0,0,0,0,421243.6635,6705354.9487
tieliikenne_2021.649,649,POINT (377293.303 6709391.5175),2021,7,10.00-10.59,2,9,2,0,0,0,0,0,0,377293.303,6709391.5175
tieliikenne_2021.650,650,POINT (392291.0378 6688736.788),2021,7,16.00-16.59,3,4,1,0,0,1,0,0,0,392291.0378,6688736.788
tieliikenne_2021.651,651,POINT (378928.0185 6702685.7673),2021,7,19.00-19.59,2,8,1,0,0,0,0,0,0,378928.0185,6702685.7673
tieliikenne_2021.652,652,POINT (397713.5861 6704595.0869),2021,7,23.00-23.59,1,8,1,0,0,0,0,0,0,397713.5861,6704595.0869
tieliikenne_2021.653,653,POINT (394222.3962 6686195.3712),2021,7,05.00-05.59,2,8,1,0,0,0,0,0,0,394222.3962,6686195.3712
tieliikenne_2021.654,654,POINT (368607.015 6704313.9631),2021,7,05.00-05.59,2,8,1,0,0,0,0,0,0,368607.015,6704313.9631
tieliikenne_2021.655,655,POINT (415029.4349 6714642.3556),2021,7,10.00-10.59,3,0,2,0,0,0,0,0,0,415029.4349,6714642.3556
tieliikenne_2021.656,656,POINT (390711.2667 6695624.7657),2021,7,08.00-08.59,2,8,1,0,0,0,0,0,0,390711.2667,6695624.7657
tieliikenne_2021.657,657,POINT (396732.8952 6699231.9854),2021,7,16.00-16.59,2,0,1,0,0,0,0,1,0,396732.8952,6699231.9854
tieliikenne_2021.658,658,POINT (424252.6111 6692741.7507),2021,7,17.00-17.59,2,4,1,0,0,1,0,0,0,424252.6111,6692741.7507
tieliikenne_2021.659,659,POINT (381899.3782 6707778.6733),2021,7,06.00-06.59,2,0,1,1,0,0,0,0,0,381899.3782,6707778.6733
tieliikenne_2021.660,660,POINT (391986.9833 6692688.8739),2021,8,15.00-15.59,2,4,1,0,0,0,1,0,0,391986.9833,6692688.8739
tieliikenne_2021.661,661,POINT (394781.2978 6683532.9239),2021,8,21.00-21.59,2,5,1,0,0,0,1,0,0,394781.2978,6683532.9239
tieliikenne_2021.662,662,POINT (456207.0836 6720694.839),2021,8,13.00-13.59,2,4,1,0,0,0,1,0,0,456207.0836,6720694.839
tieliikenne_2021.663,663,POINT (391276.5193 6685115.5023),2021,8,14.00-14.59,2,0,2,0,0,0,0,0,0,391276.5193,6685115.5023
tieliikenne_2021.664,664,POINT (379690.5228 6681818.6856),2021,8,16.00-16.59,2,0,2,0,0,0,0,0,0,379690.5228,6681818.6856
tieliikenne_2021.665,665,POINT (382319.5401 6684306.5956),2021,8,08.00-08.59,2,6,1,0,1,0,0,0,0,382319.5401,6684306.5956
tieliikenne_2021.666,666,POINT (406500.7007 6722329.409),2021,8,08.00-08.59,2,9,0,1,0,0,0,0,0,406500.7007,6722329.409
tieliikenne_2021.667,667,POINT (374238.719 6701895.9899),2021,8,13.00-13.59,2,0,1,0,0,0,0,1,0,374238.719,6701895.9899
tieliikenne_2021.668,668,POINT (383243.7249 6720600.9251),2021,8,16.00-16.59,2,5,2,0,0,0,0,0,0,383243.7249,6720600.9251
tieliikenne_2021.669,669,POINT (387800.7154 6685421.3008),2021,8,11.00-11.59,3,0,2,0,0,0,0,0,0,387800.7154,6685421.3008
tieliikenne_2021.670,670,POINT (419017.855 6722001.92),2021,8,17.00-17.59,2,7,1,0,1,0,0,0,0,419017.855,6722001.92
tieliikenne_2021.671,671,POINT (393575.2972 6712626.7099),2021,8,15.00-15.59,2,4,1,0,0,0,1,0,0,393575.2972,6712626.7099
tieliikenne_2021.672,672,POINT (394090.0196 6685717.1521),2021,8,17.00-17.59,2,4,1,0,0,1,0,0,0,394090.0196,6685717.1521
tieliikenne_2021.673,673,POINT (396598.7389 6707835.8434),2021,8,17.00-17.59,2,3,1,0,0,0,1,0,0,396598.7389,6707835.8434
tieliikenne_2021.674,674,POINT (395421.6124 6680134.7153),2021,8,08.00-08.59,2,0,3,0,0,0,0,0,0,395421.6124,6680134.7153
tieliikenne_2021.675,675,POINT (394808.6324 6705772.1326),2021,8,09.00-09.59,2,4,1,0,0,1,0,0,0,394808.6324,6705772.1326
tieliikenne_2021.676,676,POINT (368195.8125 6704422.3258),2021,8,13.00-13.59,2,8,0,0,0,0,0,1,0,368195.8125,6704422.3258
tieliikenne_2021.677,677,POINT (436247.8144 6702686.3266),2021,8,19.00-19.59,2,8,1,0,0,0,0,0,0,436247.8144,6702686.3266
tieliikenne_2021.678,678,POINT (379522.4859 6684909.268),2021,8,12.00-12.59,2,1,0,2,0,0,0,0,0,379522.4859,6684909.268
tieliikenne_2021.679,679,POINT (390200.9768 6691200.1841),2021,8,07.00-07.59,2,1,1,1,0,0,0,0,0,390200.9768,6691200.1841
tieliikenne_2021.680,680,POINT (379108.876 6683259.9274),2021,8,07.00-07.59,2,4,1,0,0,1,0,0,0,379108.876,6683259.9274
tieliikenne_2021.681,681,POINT (377135.575 6686413.9077),2021,8,16.00-16.59,2,9,1,0,0,0,0,1,0,377135.575,6686413.9077
tieliikenne_2021.682,682,POINT (379949.8176 6689693.7146),2021,8,16.00-16.59,2,0,4,0,0,0,0,0,0,379949.8176,6689693.7146
tieliikenne_2021.683,683,POINT (394549.8359 6705580.8156),2021,8,02.00-02.59,2,8,0,0,0,1,0,0,0,394549.8359,6705580.8156
tieliikenne_2021.684,684,POINT (382613.9733 6718981.3423),2021,8,15.00-15.59,1,8,1,0,0,0,0,0,0,382613.9733,6718981.3423
tieliikenne_2021.685,685,POINT (403377.2167 6681877.6582),2021,8,16.00-16.59,2,0,2,0,0,0,0,0,0,403377.2167,6681877.6582
tieliikenne_2021.686,686,POINT (394243.7376 6702695.0187),2021,8,08.00-08.59,2,4,0,0,0,2,0,0,0,394243.7376,6702695.0187
tieliikenne_2021.687,687,POINT (387794.1337 6699876.8954),2021,8,14.00-14.59,2,8,1,0,0,0,0,0,0,387794.1337,6699876.8954
tieliikenne_2021.688,688,POINT (386212.8209 6686873.1347),2021,8,15.00-15.59,2,1,1,0,0,1,0,0,0,386212.8209,6686873.1347
tieliikenne_2021.689,689,POINT (391735.4804 6686373.8718),2021,8,15.00-15.59,2,4,1,0,0,1,0,0,0,391735.4804,6686373.8718
tieliikenne_2021.690,690,POINT (395912.5735 6688544.4713),2021,8,08.00-08.59,3,8,1,0,0,0,0,0,0,395912.5735,6688544.4713
tieliikenne_2021.691,691,POINT (408414.7302 6724062.5549),2021,8,14.00-14.59,3,4,1,0,0,1,0,0,0,408414.7302,6724062.5549
tieliikenne_2021.692,692,POINT (399619.3732 6698124.8488),2021,8,18.00-18.59,2,1,1,0,0,1,0,0,0,399619.3732,6698124.8488
tieliikenne_2021.693,693,POINT (390904.5407 6694594.3911),2021,8,18.00-18.59,2,1,2,0,0,0,0,0,0,390904.5407,6694594.3911
tieliikenne_2021.694,694,POINT (428575.7163 6693672.9622),2021,8,20.00-20.59,2,2,1,0,0,0,0,1,0,428575.7163,6693672.9622
tieliikenne_2021.695,695,POINT (382134.1641 6722491.9458),2021,8,13.00-13.59,2,4,1,0,0,1,0,0,0,382134.1641,6722491.9458
tieliikenne_2021.696,696,POINT (394670.535 6685553.7583),2021,8,16.00-16.59,2,0,2,0,0,0,0,0,0,394670.535,6685553.7583
tieliikenne_2021.697,697,POINT (382520.8922 6724753.9252),2021,8,12.00-12.59,2,0,1,0,0,0,0,1,0,382520.8922,6724753.9252
tieliikenne_2021.698,698,POINT (394866.5704 6707913.907),2021,8,19.00-19.59,2,4,1,0,0,1,0,0,0,394866.5704,6707913.907
tieliikenne_2021.699,699,POINT (395716.9308 6680938.1541),2021,9,16.00-16.59,2,7,1,0,1,0,0,0,0,395716.9308,6680938.1541
tieliikenne_2021.700,700,POINT (394739.7145 6686017.2166),2021,9,15.00-15.59,2,0,3,0,0,0,0,0,0,394739.7145,6686017.2166
tieliikenne_2021.701,701,POINT (457526.178 6702654.256),2021,9,16.00-16.59,2,1,1,0,0,0,0,1,0,457526.178,6702654.256
tieliikenne_2021.702,702,POINT (383351.512 6724066.63),2021,8,,2,4,1,0,0,1,0,0,0,383351.512,6724066.63
tieliikenne_2021.703,703,POINT (394586.8607 6705472.2692),2021,9,09.00-09.59,2,6,0,0,1,0,1,0,0,394586.8607,6705472.2692
tieliikenne_2021.704,704,POINT (392255.5123 6691618.0332),2021,9,06.00-06.59,2,3,1,0,0,0,0,1,0,392255.5123,6691618.0332
tieliikenne_2021.705,705,POINT (470298.433 6715416.5037),2021,9,17.00-17.59,2,8,1,0,0,0,0,0,0,470298.433,6715416.5037
tieliikenne_2021.706,706,POINT (391471.6416 6687667.5685),2021,9,13.00-13.59,2,4,1,0,0,1,0,0,0,391471.6416,6687667.5685
tieliikenne_2021.707,707,POINT (390650.9364 6687684.949),2021,9,19.00-19.59,2,4,1,0,0,0,1,0,0,390650.9364,6687684.949
tieliikenne_2021.708,708,POINT (405315.6783 6683521.4347),2021,9,14.00-14.59,2,8,1,0,0,0,0,0,0,405315.6783,6683521.4347
tieliikenne_2021.709,709,POINT (382341.3819 6723897.8348),2021,9,10.00-10.59,2,4,1,0,0,1,0,0,0,382341.3819,6723897.8348
tieliikenne_2021.710,710,POINT (390717.6777 6686693.2743),2021,9,08.00-08.59,2,0,1,0,0,0,0,1,0,390717.6777,6686693.2743
tieliikenne_2021.711,711,POINT (395116.2887 6706450.1134),2021,9,21.00-21.59,2,3,1,0,0,0,1,0,0,395116.2887,6706450.1134
tieliikenne_2021.712,712,POINT (377375.0293 6683993.4539),2021,9,03.00-03.59,2,8,1,0,0,0,0,0,0,377375.0293,6683993.4539
tieliikenne_2021.713,713,POINT (389222.9272 6685292.9094),2021,9,17.00-17.59,2,0,1,1,0,0,0,0,0,389222.9272,6685292.9094
tieliikenne_2021.714,714,POINT (392628.7315 6706674.9428),2021,9,06.00-06.59,2,8,1,0,0,0,0,0,0,392628.7315,6706674.9428
tieliikenne_2021.715,715,POINT (390814.9391 6696718.0628),2021,9,12.00-12.59,2,4,1,0,0,1,0,0,0,390814.9391,6696718.0628
tieliikenne_2021.716,716,POINT (395826.6771 6706618.4425),2021,9,14.00-14.59,2,4,1,0,0,1,0,0,0,395826.6771,6706618.4425
tieliikenne_2021.717,717,POINT (394289.2052 6686151.9119),2021,9,18.00-18.59,2,8,0,0,0,0,0,1,0,394289.2052,6686151.9119
tieliikenne_2021.718,718,POINT (386454.5437 6673330.7769),2021,9,08.00-08.59,2,4,1,0,0,1,0,0,0,386454.5437,6673330.7769
tieliikenne_2021.719,719,POINT (377636.3989 6683661.2682),2021,9,23.00-23.59,1,9,0,0,0,0,0,1,0,377636.3989,6683661.2682
tieliikenne_2021.720,720,POINT (387419.3493 6676534.8178),2021,9,14.00-14.59,2,0,1,0,0,0,0,1,0,387419.3493,6676534.8178
tieliikenne_2021.721,721,POINT (392977.7054 6721841.9714),2021,9,20.00-20.59,2,9,1,0,0,0,0,0,0,392977.7054,6721841.9714
tieliikenne_2021.722,722,POINT (378356.5547 6715234.3334),2021,9,17.00-17.59,2,0,2,0,0,0,0,0,0,378356.5547,6715234.3334
tieliikenne_2021.723,723,POINT (380058.6775 6704526.1408),2021,9,12.00-12.59,2,5,1,0,0,0,0,1,0,380058.6775,6704526.1408
tieliikenne_2021.724,724,POINT (396168.2952 6711939.5315),2021,9,12.00-12.59,2,1,1,0,0,0,1,0,0,396168.2952,6711939.5315
tieliikenne_2021.725,725,POINT (371745.7937 6705539.2155),2021,9,12.00-12.59,2,0,2,0,0,0,0,0,0,371745.7937,6705539.2155
tieliikenne_2021.726,726,POINT (391356.5133 6687255.283),2021,9,16.00-16.59,2,1,1,0,0,1,0,0,0,391356.5133,6687255.283
tieliikenne_2021.727,727,POINT (376342.9576 6723944.0578),2021,9,00.00-00.59,2,8,0,0,0,0,0,0,1,376342.9576,6723944.0578
tieliikenne_2021.728,728,POINT (396082.5766 6693306.0933),2021,9,19.00-19.59,2,8,2,0,0,0,0,0,0,396082.5766,6693306.0933
tieliikenne_2021.729,729,POINT (397267.545 6704922.229),2021,9,08.00-08.59,2,1,1,0,0,1,0,0,0,397267.545,6704922.229
tieliikenne_2021.730,730,POINT (382484.0578 6724544.0088),2021,9,19.00-19.59,2,6,1,0,1,0,0,0,0,382484.0578,6724544.0088
tieliikenne_2021.731,731,POINT (457123.4555 6702774.0174),2021,9,11.00-11.59,2,4,1,0,0,1,0,0,0,457123.4555,6702774.0174
tieliikenne_2021.732,732,POINT (428205.0951 6694852.0428),2021,9,06.00-06.59,2,1,1,0,0,1,0,0,0,428205.0951,6694852.0428
tieliikenne_2021.733,733,POINT (394422.9394 6683479.907),2021,10,07.00-07.59,2,8,1,0,0,0,0,0,0,394422.9394,6683479.907
tieliikenne_2021.734,734,POINT (383713.8994 6679629.7892),2021,9,15.00-15.59,2,1,0,0,0,2,0,0,0,383713.8994,6679629.7892
tieliikenne_2021.735,735,POINT (394193.7247 6683665.3007),2021,10,07.00-07.59,2,0,1,1,0,0,0,0,0,394193.7247,6683665.3007
tieliikenne_2021.736,736,POINT (390917.8475 6696624.5662),2021,10,14.00-14.59,2,2,0,0,0,0,2,0,0,390917.8475,6696624.5662
tieliikenne_2021.737,737,POINT (383242.4524 6720600.0669),2021,10,14.00-14.59,1,5,2,0,0,0,0,0,0,383242.4524,6720600.0669
tieliikenne_2021.738,738,POINT (381729.5344 6685602.4608),2021,10,09.00-09.59,2,8,1,0,0,0,0,0,0,381729.5344,6685602.4608
tieliikenne_2021.739,739,POINT (426196.386 6697713.9178),2021,10,21.00-21.59,2,9,0,0,0,0,0,0,1,426196.386,6697713.9178
tieliikenne_2021.740,740,POINT (420349.4652 6693300.4844),2021,10,01.00-01.59,2,8,1,0,0,0,0,0,0,420349.4652,6693300.4844
tieliikenne_2021.741,741,POINT (438081.7831 6691180.5153),2021,10,14.00-14.59,2,8,1,0,0,0,0,0,0,438081.7831,6691180.5153
tieliikenne_2021.742,742,POINT (395008.9576 6708352.7618),2021,10,12.00-12.59,2,4,1,0,0,1,0,0,0,395008.9576,6708352.7618
tieliikenne_2021.743,743,POINT (412615.8523 6691668.925),2021,10,20.00-20.59,2,8,1,0,0,0,0,0,0,412615.8523,6691668.925
tieliikenne_2021.744,744,POINT (427554.8402 6694645.7842),2021,10,16.00-16.59,2,0,2,0,0,0,0,0,0,427554.8402,6694645.7842
tieliikenne_2021.745,745,POINT (391197.4145 6698285.6442),2021,10,19.00-19.59,3,9,0,0,0,0,0,0,1,391197.4145,6698285.6442
tieliikenne_2021.746,746,POINT (395010.6702 6708351.7987),2021,10,14.00-14.59,2,4,1,0,0,1,0,0,0,395010.6702,6708351.7987
tieliikenne_2021.747,747,POINT (409915.1686 6727344),2021,10,22.00-22.59,2,8,1,0,0,0,0,0,0,409915.1686,6727344
tieliikenne_2021.748,748,POINT (404890.6788 6720017.3448),2021,10,04.00-04.59,1,8,1,0,0,0,0,0,0,404890.6788,6720017.3448
tieliikenne_2021.749,749,POINT (411082.2379 6682138.6819),2021,10,07.00-07.59,2,8,1,0,0,0,0,0,0,411082.2379,6682138.6819
tieliikenne_2021.750,750,POINT (400052.3374 6713166.3057),2021,10,07.00-07.59,2,8,1,0,0,0,0,0,0,400052.3374,6713166.3057
tieliikenne_2021.751,751,POINT (408621.0099 6689694.2744),2021,10,21.00-21.59,2,8,1,0,0,0,0,0,0,408621.0099,6689694.2744
tieliikenne_2021.752,752,POINT (382477.0093 6719587.7376),2021,10,14.00-14.59,1,2,2,1,0,0,0,0,0,382477.0093,6719587.7376
tieliikenne_2021.753,753,POINT (391148.7322 6686160.604),2021,10,01.00-01.59,2,8,1,0,0,0,0,0,0,391148.7322,6686160.604
tieliikenne_2021.754,754,POINT (386376.5811 6691949.2333),2021,10,08.00-08.59,2,8,1,0,0,0,0,0,0,386376.5811,6691949.2333
tieliikenne_2021.755,755,POINT (391990.7365 6696281.1672),2021,10,18.00-18.59,2,5,1,0,0,0,0,1,0,391990.7365,6696281.1672
tieliikenne_2021.756,756,POINT (384876.8622 6686417.0119),2021,10,22.00-22.59,2,6,1,0,1,0,0,0,0,384876.8622,6686417.0119
tieliikenne_2021.757,757,POINT (394591.0225 6684243.9531),2021,10,18.00-18.59,2,1,1,0,0,1,0,0,0,394591.0225,6684243.9531
tieliikenne_2021.758,758,POINT (392641.4543 6699168.6005),2021,10,20.00-20.59,2,0,2,0,0,0,0,0,0,392641.4543,6699168.6005
tieliikenne_2021.759,759,POINT (395105.2501 6683783.3595),2021,11,12.00-12.59,2,9,1,0,1,0,0,0,0,395105.2501,6683783.3595
tieliikenne_2021.760,760,POINT (388180.5279 6684421.8554),2021,11,10.00-10.59,3,7,1,0,1,0,0,0,0,388180.5279,6684421.8554
tieliikenne_2021.761,761,POINT (380516.2907 6716303.99),2021,11,22.00-22.59,2,8,1,0,0,0,0,0,0,380516.2907,6716303.99
tieliikenne_2021.762,762,POINT (386814.2392 6685442.7153),2021,11,15.00-15.59,3,6,1,0,1,0,0,0,0,386814.2392,6685442.7153
tieliikenne_2021.763,763,POINT (395127.433 6698694.534),2021,11,18.00-18.59,3,6,1,0,1,0,0,0,0,395127.433,6698694.534
tieliikenne_2021.764,764,POINT (397197.8394 6697971.6994),2021,11,15.00-15.59,2,1,1,0,0,1,0,0,0,397197.8394,6697971.6994
tieliikenne_2021.765,765,POINT (380929.4365 6721542.2954),2021,11,15.00-15.59,2,3,1,0,0,1,0,0,0,380929.4365,6721542.2954
tieliikenne_2021.766,766,POINT (394167.7477 6683959.6864),2021,11,19.00-19.59,2,0,3,0,0,0,0,0,0,394167.7477,6683959.6864
tieliikenne_2021.767,767,POINT (396919.671 6703320.9217),2021,11,19.00-19.59,1,7,1,2,1,0,0,0,0,396919.671,6703320.9217
tieliikenne_2021.768,768,POINT (395502.8623 6698034.0965),2021,11,14.00-14.59,2,4,1,0,0,1,0,0,0,395502.8623,6698034.0965
tieliikenne_2021.769,769,POINT (413171.8627 6688041.9766),2021,11,17.00-17.59,2,0,1,1,0,0,0,0,0,413171.8627,6688041.9766
tieliikenne_2021.770,770,POINT (382367.0582 6723988.3063),2021,11,13.00-13.59,2,4,1,0,0,1,0,0,0,382367.0582,6723988.3063
tieliikenne_2021.771,771,POINT (385343.3506 6686834.5472),2021,11,16.00-16.59,2,6,1,0,1,0,0,0,0,385343.3506,6686834.5472
tieliikenne_2021.772,772,POINT (394203.2098 6682052.2921),2021,11,16.00-16.59,2,2,3,0,0,0,0,0,0,394203.2098,6682052.2921
tieliikenne_2021.773,773,POINT (379582.0241 6681746.563),2021,11,17.00-17.59,2,4,2,0,0,0,0,0,0,379582.0241,6681746.563
tieliikenne_2021.774,774,POINT (395175.3621 6681165.4611),2021,11,23.00-23.59,1,2,2,0,0,0,0,0,0,395175.3621,6681165.4611
tieliikenne_2021.775,775,POINT (396468.7799 6704267.3229),2021,11,14.00-14.59,2,8,1,0,0,0,0,0,0,396468.7799,6704267.3229
tieliikenne_2021.776,776,POINT (387108.1911 6685188.3201),2021,11,19.00-19.59,2,8,1,0,0,0,0,0,0,387108.1911,6685188.3201
tieliikenne_2021.777,777,POINT (378609.7826 6682694.0106),2021,12,14.00-14.59,2,4,2,0,0,0,0,0,0,378609.7826,6682694.0106
tieliikenne_2021.778,778,POINT (393368.3493 6692241.8312),2021,12,17.00-17.59,2,2,4,0,0,0,0,0,0,393368.3493,6692241.8312
tieliikenne_2021.779,779,POINT (377671.2496 6694172.4181),2021,12,10.00-10.59,2,2,2,0,0,0,0,0,0,377671.2496,6694172.4181
tieliikenne_2021.780,780,POINT (409912.5262 6686001.0359),2021,12,03.00-03.59,2,9,0,1,0,0,0,0,0,409912.5262,6686001.0359
tieliikenne_2021.781,781,POINT (396848.0557 6701602.7056),2021,12,09.00-09.59,2,0,2,0,0,0,0,0,0,396848.0557,6701602.7056
tieliikenne_2021.782,782,POINT (396384.3254 6696206.1827),2021,12,15.00-15.59,3,8,1,0,0,0,0,0,0,396384.3254,6696206.1827
tieliikenne_2021.783,783,POINT (404633.7923 6728764.2786),2021,12,15.00-15.59,2,8,1,0,0,0,0,0,0,404633.7923,6728764.2786
tieliikenne_2021.784,784,POINT (395118.9309 6707694.9041),2021,12,21.00-21.59,2,1,2,0,0,0,0,0,0,395118.9309,6707694.9041
tieliikenne_2021.785,785,POINT (391598.1666 6703644.2048),2021,12,12.00-12.59,2,8,1,0,0,0,0,0,0,391598.1666,6703644.2048
tieliikenne_2021.786,786,POINT (427992.7702 6696873.1548),2021,12,16.00-16.59,2,7,1,0,1,0,0,0,0,427992.7702,6696873.1548
tieliikenne_2021.787,787,POINT (389430.813 6687308.7961),2021,12,22.00-22.59,2,4,2,0,0,0,0,0,0,389430.813,6687308.7961
tieliikenne_2021.788,788,POINT (395453.6491 6710836.1229),2021,12,12.00-12.59,2,8,1,0,0,0,0,0,0,395453.6491,6710836.1229
tieliikenne_2021.789,789,POINT (379424.6954 6684255.8938),2021,12,15.00-15.59,2,1,2,0,0,0,0,0,0,379424.6954,6684255.8938
tieliikenne_2021.790,790,POINT (391911.5912 6718543.9914),2021,12,17.00-17.59,2,8,2,0,0,0,0,0,0,391911.5912,6718543.9914
tieliikenne_2021.791,791,POINT (382334.9604 6682583.5233),2021,12,13.00-13.59,2,0,2,0,0,0,0,0,0,382334.9604,6682583.5233
tieliikenne_2021.792,792,POINT (387995.1376 6684735.0613),2021,12,13.00-13.59,2,6,1,0,1,0,0,0,0,387995.1376,6684735.0613
tieliikenne_2021.793,793,POINT (386852.3414 6705982.2655),2021,12,19.00-19.59,2,8,1,0,0,0,0,0,0,386852.3414,6705982.2655
tieliikenne_2021.794,794,POINT (422415.4786 6691199.1578),2021,12,12.00-12.59,2,4,2,0,0,0,0,0,0,422415.4786,6691199.1578
tieliikenne_2021.795,795,POINT (395892.8515 6697903.835),2021,12,06.00-06.59,2,8,1,0,0,0,0,0,0,395892.8515,6697903.835
tieliikenne_2021.796,796,POINT (409294.5326 6720701.1981),2021,12,07.00-07.59,3,2,1,1,0,0,0,0,0,409294.5326,6720701.1981
tieliikenne_2021.797,797,POINT (396167.6258 6696262.2759),2021,12,13.00-13.59,2,8,1,0,0,0,0,0,0,396167.6258,6696262.2759
tieliikenne_2021.798,798,POINT (423709.0972 6800634.8412),2021,1,12.00-12.59,2,8,1,0,0,0,0,0,0,423709.0972,6800634.8412
tieliikenne_2021.799,799,POINT (370634.9954 6748044.1692),2021,1,16.00-16.59,2,0,2,0,0,0,0,0,0,370634.9954,6748044.1692
tieliikenne_2021.800,800,POINT (363129.1478 6790664.0925),2021,1,18.00-18.59,3,9,1,0,0,0,0,0,0,363129.1478,6790664.0925
tieliikenne_2021.801,801,POINT (324110.4679 6746698.5543),2021,1,22.00-22.59,2,8,1,0,0,0,0,0,0,324110.4679,6746698.5543
tieliikenne_2021.802,802,POINT (427819.8044 6764660.8338),2021,1,09.00-09.59,2,0,1,1,0,0,0,0,0,427819.8044,6764660.8338
tieliikenne_2021.803,803,POINT (428635.4646 6754954.8224),2021,1,15.00-15.59,2,0,2,0,0,0,0,0,0,428635.4646,6754954.8224
tieliikenne_2021.804,804,POINT (440813.6133 6756408.0979),2021,1,14.00-14.59,3,2,2,0,0,0,0,0,0,440813.6133,6756408.0979
tieliikenne_2021.805,805,POINT (379422.3644 6790577.41),2021,1,08.00-08.59,3,9,1,0,0,0,0,0,0,379422.3644,6790577.41
tieliikenne_2021.806,806,POINT (461569.6208 6752835.3771),2021,1,12.00-12.59,2,0,2,1,0,0,0,0,0,461569.6208,6752835.3771
tieliikenne_2021.807,807,POINT (386799.7104 6740653.2128),2021,1,11.00-11.59,2,2,2,0,0,0,0,0,0,386799.7104,6740653.2128
tieliikenne_2021.808,808,POINT (302531.406 6763420.1043),2021,1,18.00-18.59,2,2,1,1,0,0,0,0,0,302531.406,6763420.1043
tieliikenne_2021.809,809,POINT (375161.9864 6740652.172),2021,1,18.00-18.59,2,0,1,1,0,0,0,0,0,375161.9864,6740652.172
tieliikenne_2021.810,810,POINT (440609.9887 6773727.2496),2021,1,05.00-05.59,2,8,1,0,0,0,0,0,0,440609.9887,6773727.2496
tieliikenne_2021.811,811,POINT (337845.609 6747348.8466),2021,1,13.00-13.59,2,5,2,1,0,0,0,0,0,337845.609,6747348.8466
tieliikenne_2021.812,812,POINT (456272.7908 6789308.8566),2021,1,19.00-19.59,2,8,0,1,0,0,0,0,0,456272.7908,6789308.8566
tieliikenne_2021.813,813,POINT (396710.897 6765510.7351),2021,1,11.00-11.59,2,2,1,1,0,0,0,0,0,396710.897,6765510.7351
tieliikenne_2021.814,814,POINT (432382.276 6759247.97),2021,1,14.00-14.59,2,8,1,0,0,0,0,0,0,432382.276,6759247.97
tieliikenne_2021.815,815,POINT (315353.2516 6740223.7086),2021,1,14.00-14.59,2,8,1,0,0,0,0,0,0,315353.2516,6740223.7086
tieliikenne_2021.816,816,POINT (431440.9422 6742532.0305),2021,1,00.00-00.59,2,8,1,0,0,0,0,0,0,431440.9422,6742532.0305
tieliikenne_2021.817,817,POINT (409310.3498 6753599.5311),2021,2,09.00-09.59,2,8,0,1,0,0,0,0,0,409310.3498,6753599.5311
tieliikenne_2021.818,818,POINT (427401.6384 6760804.8325),2021,2,14.00-14.59,2,0,2,0,0,0,0,0,0,427401.6384,6760804.8325
tieliikenne_2021.819,819,POINT (357502.062 6771850.461),2021,2,13.00-13.59,2,8,0,0,0,0,0,0,1,357502.062,6771850.461
tieliikenne_2021.820,820,POINT (316386.539 6748480.231),2021,2,18.00-18.59,2,4,1,0,0,0,0,0,1,316386.539,6748480.231
tieliikenne_2021.821,821,POINT (376653.0201 6735980.1822),2021,2,10.00-10.59,2,4,1,1,0,0,0,0,0,376653.0201,6735980.1822
tieliikenne_2021.822,822,POINT (418720.917 6762050.8464),2021,2,11.00-11.59,3,4,2,0,0,0,0,0,0,418720.917,6762050.8464
tieliikenne_2021.823,823,POINT (376939.2512 6737256.2322),2021,2,16.00-16.59,2,1,2,0,0,0,0,0,0,376939.2512,6737256.2322
tieliikenne_2021.824,824,POINT (431642.8315 6762227.5887),2021,2,11.00-11.59,2,1,2,0,0,0,0,0,0,431642.8315,6762227.5887
tieliikenne_2021.825,825,POINT (315281.6629 6756768.1987),2021,2,14.00-14.59,2,0,2,0,0,0,0,0,0,315281.6629,6756768.1987
tieliikenne_2021.826,826,POINT (403563.543 6800698.105),2021,2,14.00-14.59,2,2,2,1,0,0,0,0,0,403563.543,6800698.105
tieliikenne_2021.827,827,POINT (425190.5731 6758743.5788),2021,2,18.00-18.59,2,0,2,0,0,0,0,0,0,425190.5731,6758743.5788
tieliikenne_2021.828,828,POINT (373401.1626 6744744.7582),2021,2,17.00-17.59,2,0,3,1,0,0,0,0,0,373401.1626,6744744.7582
tieliikenne_2021.829,829,POINT (423777.5379 6763251.1514),2021,2,13.00-13.59,2,4,1,1,0,0,0,0,0,423777.5379,6763251.1514
tieliikenne_2021.830,830,POINT (427213.4395 6753854.1679),2021,2,22.00-22.59,3,7,1,0,1,0,0,0,0,427213.4395,6753854.1679
tieliikenne_2021.831,831,POINT (454232.5013 6773008.2196),2021,2,15.00-15.59,2,2,1,0,0,0,0,0,1,454232.5013,6773008.2196
tieliikenne_2021.832,832,POINT (357629.5777 6722423.9807),2021,5,15.00-15.59,2,9,0,0,0,0,0,1,0,357629.5777,6722423.9807
tieliikenne_2021.833,833,POINT (459117.7948 6753499.7012),2021,5,05.00-05.59,2,8,0,1,0,0,0,0,0,459117.7948,6753499.7012
tieliikenne_2021.834,834,POINT (376142.9819 6736253.5565),2021,3,05.00-05.59,2,8,1,0,0,0,0,0,0,376142.9819,6736253.5565
tieliikenne_2021.835,835,POINT (376350.7547 6733495.7847),2021,3,19.00-19.59,2,8,1,0,0,0,0,0,0,376350.7547,6733495.7847
tieliikenne_2021.836,836,POINT (428194.7164 6770933.5836),2021,3,18.00-18.59,2,8,0,1,0,0,0,0,0,428194.7164,6770933.5836
tieliikenne_2021.837,837,POINT (375890.6642 6738682.5175),2021,3,03.00-03.59,2,8,1,0,0,0,0,0,0,375890.6642,6738682.5175
tieliikenne_2021.838,838,POINT (448544.8383 6835659.0768),2021,3,22.00-22.59,2,2,2,0,0,0,0,0,0,448544.8383,6835659.0768
tieliikenne_2021.839,839,POINT (364109.9987 6760318.01),2021,3,08.00-08.59,2,0,1,1,0,0,0,0,0,364109.9987,6760318.01
tieliikenne_2021.840,840,POINT (378659.1413 6735842.9093),2021,3,12.00-12.59,2,4,2,0,0,0,0,0,0,378659.1413,6735842.9093
tieliikenne_2021.841,841,POINT (376116.8635 6737096.7271),2021,3,12.00-12.59,2,4,1,1,0,0,0,0,0,376116.8635,6737096.7271
tieliikenne_2021.842,842,POINT (326978.3157 6743706.4665),2021,3,16.00-16.59,2,2,2,0,0,0,0,0,0,326978.3157,6743706.4665
tieliikenne_2021.843,843,POINT (376569.3157 6735668.1461),2021,3,12.00-12.59,2,4,2,0,0,0,0,0,0,376569.3157,6735668.1461
tieliikenne_2021.844,844,POINT (427411.923 6759507.241),2021,3,10.00-10.59,2,1,1,0,0,1,0,0,0,427411.923,6759507.241
tieliikenne_2021.845,845,POINT (377401.2964 6729722.2623),2021,6,03.00-03.59,2,9,1,0,0,0,0,0,0,377401.2964,6729722.2623
tieliikenne_2021.846,846,POINT (362431.4746 6731217.0879),2021,7,21.00-21.59,2,9,0,0,0,0,0,1,0,362431.4746,6731217.0879
tieliikenne_2021.847,847,POINT (362178.8127 6765055.4918),2021,3,08.00-08.59,2,6,1,0,1,0,0,0,0,362178.8127,6765055.4918
tieliikenne_2021.848,848,POINT (430751.2027 6741896.0547),2021,4,07.00-07.59,2,6,1,0,1,0,0,0,0,430751.2027,6741896.0547
tieliikenne_2021.849,849,POINT (421815.321 6782471.966),2021,4,20.00-20.59,3,3,1,0,0,0,1,0,0,421815.321,6782471.966
tieliikenne_2021.850,850,POINT (321115.0757 6739220.8683),2021,4,11.00-11.59,2,8,1,0,0,0,0,0,0,321115.0757,6739220.8683
tieliikenne_2021.851,851,POINT (375547.7187 6736899.0061),2021,4,19.00-19.59,1,2,2,0,0,0,0,0,0,375547.7187,6736899.0061
tieliikenne_2021.852,852,POINT (432728.6256 6763476.2723),2021,4,06.00-06.59,2,4,1,0,0,1,0,0,0,432728.6256,6763476.2723
tieliikenne_2021.853,853,POINT (365671.363 6763341.3995),2021,4,17.00-17.59,2,1,1,0,0,0,0,1,0,365671.363,6763341.3995
tieliikenne_2021.854,854,POINT (427825.4352 6761654.9805),2021,4,19.00-19.59,3,7,1,0,1,0,0,0,0,427825.4352,6761654.9805
tieliikenne_2021.855,855,POINT (299785.1872 6767904.5833),2021,4,18.00-18.59,1,8,0,0,0,0,1,0,0,299785.1872,6767904.5833
tieliikenne_2021.856,856,POINT (452970.9622 6754582.7978),2021,4,11.00-11.59,1,2,2,1,0,0,0,0,0,452970.9622,6754582.7978
tieliikenne_2021.857,857,POINT (425606.0752 6756361.9764),2021,4,15.00-15.59,3,1,2,0,0,0,0,0,0,425606.0752,6756361.9764
tieliikenne_2021.858,858,POINT (427264.0548 6761049.907),2021,4,14.00-14.59,2,0,3,0,0,0,0,0,0,427264.0548,6761049.907
tieliikenne_2021.859,859,POINT (374192.4109 6770345.582),2021,4,15.00-15.59,2,8,1,0,0,0,0,0,0,374192.4109,6770345.582
tieliikenne_2021.860,860,POINT (440788.0512 6774046.9382),2021,4,12.00-12.59,2,8,1,0,0,0,0,0,0,440788.0512,6774046.9382
tieliikenne_2021.861,861,POINT (382618.4589 6740029.2346),2021,4,06.00-06.59,2,2,1,1,0,0,0,0,0,382618.4589,6740029.2346
tieliikenne_2021.862,862,POINT (390143.0232 6772394.3701),2021,4,22.00-22.59,2,8,1,0,0,0,0,0,0,390143.0232,6772394.3701
tieliikenne_2021.863,863,POINT (445559.269 6767607.8445),2021,4,00.00-00.59,3,8,1,0,0,0,0,0,0,445559.269,6767607.8445
tieliikenne_2021.864,864,POINT (362405.0122 6764870.9702),2021,5,15.00-15.59,2,6,1,0,1,0,0,0,0,362405.0122,6764870.9702
tieliikenne_2021.865,865,POINT (433643.1692 6758374.3256),2021,5,13.00-13.59,2,3,0,1,0,1,0,0,0,433643.1692,6758374.3256
tieliikenne_2021.866,866,POINT (422804.0572 6782100.9067),2021,5,11.00-11.59,1,7,1,0,1,0,0,0,0,422804.0572,6782100.9067
tieliikenne_2021.867,867,POINT (448138.8306 6786094.3675),2021,9,15.00-15.59,1,9,0,0,0,1,0,0,0,448138.8306,6786094.3675
tieliikenne_2021.868,868,POINT (354731.4136 6756106.471),2021,5,23.00-23.59,2,8,1,0,0,0,0,0,0,354731.4136,6756106.471
tieliikenne_2021.869,869,POINT (313852.5105 6748177.8613),2021,5,08.00-08.59,3,4,2,0,0,0,0,0,0,313852.5105,6748177.8613
tieliikenne_2021.870,870,POINT (362234.0515 6763438.1481),2021,5,13.00-13.59,2,5,1,0,0,0,0,1,0,362234.0515,6763438.1481
tieliikenne_2021.871,871,POINT (372081.0831 6756172.0201),2021,10,08.00-08.59,1,9,0,0,0,1,0,0,0,372081.0831,6756172.0201
tieliikenne_2021.872,872,POINT (359030.0063 6764246.5091),2021,5,10.00-10.59,2,4,1,0,0,1,0,0,0,359030.0063,6764246.5091
tieliikenne_2021.873,873,POINT (404928.4367 6749782.1654),2021,5,13.00-13.59,1,2,0,1,0,0,0,1,0,404928.4367,6749782.1654
tieliikenne_2021.874,874,POINT (321412.1677 6745486.085),2021,5,16.00-16.59,2,5,1,0,0,1,0,0,0,321412.1677,6745486.085
tieliikenne_2021.875,875,POINT (358089.6743 6771835.1273),2021,5,15.00-15.59,2,4,2,0,0,0,0,0,0,358089.6743,6771835.1273
tieliikenne_2021.876,876,POINT (448960.7227 6797536.7508),2021,11,17.00-17.59,2,9,1,0,0,0,0,0,0,448960.7227,6797536.7508
tieliikenne_2021.877,877,POINT (365035.3415 6765657.6024),2021,5,17.00-17.59,2,7,0,0,1,0,1,0,0,365035.3415,6765657.6024
tieliikenne_2021.878,878,POINT (448938.1979 6786126.6158),2021,5,10.00-10.59,2,9,1,0,1,0,0,0,0,448938.1979,6786126.6158
tieliikenne_2021.879,879,POINT (448427.3535 6786728.0626),2021,5,17.00-17.59,2,4,1,0,0,1,0,0,0,448427.3535,6786728.0626
tieliikenne_2021.880,880,POINT (409055.1973 6808343.4304),2021,11,12.00-12.59,2,8,1,0,0,0,0,0,0,409055.1973,6808343.4304
tieliikenne_2021.881,881,POINT (381449.2398 6774986.3364),2021,5,13.00-13.59,2,0,2,0,0,0,0,0,0,381449.2398,6774986.3364
tieliikenne_2021.882,882,POINT (369482.9349 6753308.1886),2021,5,00.00-00.59,2,2,1,0,0,1,0,0,0,369482.9349,6753308.1886
tieliikenne_2021.883,883,POINT (422220.7055 6754406.3493),2021,5,13.00-13.59,2,2,2,0,0,0,0,0,0,422220.7055,6754406.3493
tieliikenne_2021.884,884,POINT (416098.8118 6763661.6747),2021,5,18.00-18.59,2,4,0,0,0,1,0,1,0,416098.8118,6763661.6747
tieliikenne_2021.885,885,POINT (436465.3114 6814553.4487),2021,5,15.00-15.59,2,8,1,0,0,0,0,0,0,436465.3114,6814553.4487
tieliikenne_2021.886,886,POINT (315421.2739 6745546.9392),2021,6,12.00-12.59,2,1,1,0,0,0,0,1,0,315421.2739,6745546.9392
tieliikenne_2021.887,887,POINT (430219.3801 6759714.7117),2021,6,18.00-18.59,2,0,2,0,0,0,0,0,0,430219.3801,6759714.7117
tieliikenne_2021.888,888,POINT (426156.8604 6762486.5185),2021,6,14.00-14.59,2,3,1,0,0,1,0,0,0,426156.8604,6762486.5185
tieliikenne_2021.889,889,POINT (437221.2844 6770174.6674),2021,6,13.00-13.59,2,2,1,0,0,1,0,0,0,437221.2844,6770174.6674
tieliikenne_2021.890,890,POINT (360518.7862 6767248.2404),2021,6,07.00-07.59,2,3,2,0,0,0,0,0,0,360518.7862,6767248.2404
tieliikenne_2021.891,891,POINT (389117.0678 6773160.8339),2021,6,14.00-14.59,2,1,3,0,0,0,0,0,0,389117.0678,6773160.8339
tieliikenne_2021.892,892,POINT (315408.6527 6745555.2527),2021,6,05.00-05.59,2,3,2,0,0,0,0,0,0,315408.6527,6745555.2527
tieliikenne_2021.893,893,POINT (366162.4479 6737930.3385),2021,6,15.00-15.59,2,2,1,0,0,0,1,0,0,366162.4479,6737930.3385
tieliikenne_2021.894,894,POINT (424760.6225 6761041.3514),2021,6,18.00-18.59,2,7,1,0,1,0,0,0,0,424760.6225,6761041.3514
tieliikenne_2021.895,895,POINT (427513.7952 6762394.4289),2021,6,14.00-14.59,2,1,1,0,0,1,0,0,0,427513.7952,6762394.4289
tieliikenne_2021.896,896,POINT (427422.6695 6761141.2366),2021,6,11.00-11.59,2,1,1,0,0,0,0,1,0,427422.6695,6761141.2366
tieliikenne_2021.897,897,POINT (373628.2261 6736201.4755),2021,6,16.00-16.59,2,8,1,0,0,0,0,0,0,373628.2261,6736201.4755
tieliikenne_2021.898,898,POINT (464922.7062 6757657.2022),2021,6,13.00-13.59,2,2,2,0,0,0,0,0,0,464922.7062,6757657.2022
tieliikenne_2021.899,899,POINT (379632.1716 6774397.8502),2021,6,15.00-15.59,2,8,1,0,0,0,0,0,0,379632.1716,6774397.8502
tieliikenne_2021.900,900,POINT (398581.1833 6753690.2734),2021,6,17.00-17.59,1,2,2,0,0,0,0,0,0,398581.1833,6753690.2734
tieliikenne_2021.901,901,POINT (427778.692 6807160.3361),2021,6,16.00-16.59,3,8,0,0,0,0,0,0,1,427778.692,6807160.3361
tieliikenne_2021.902,902,POINT (460064.6267 6803633.8126),2021,6,11.00-11.59,2,9,1,1,0,0,0,0,0,460064.6267,6803633.8126
tieliikenne_2021.903,903,POINT (427334.3704 6773217.0559),2021,6,19.00-19.59,3,0,1,0,0,0,1,0,0,427334.3704,6773217.0559
tieliikenne_2021.904,904,POINT (434813.5312 6821729.4272),2021,6,23.00-23.59,2,8,1,0,0,0,0,0,0,434813.5312,6821729.4272
tieliikenne_2021.905,905,POINT (450193.8593 6734551.9521),2021,6,18.00-18.59,1,5,2,0,0,0,0,0,0,450193.8593,6734551.9521
tieliikenne_2021.906,906,POINT (356747.0489 6768387.9262),2021,6,21.00-21.59,2,8,0,0,0,0,0,0,1,356747.0489,6768387.9262
tieliikenne_2021.907,907,POINT (373060.2405 6745440.9399),2021,6,03.00-03.59,2,9,1,0,0,0,0,0,0,373060.2405,6745440.9399
tieliikenne_2021.908,908,POINT (429351.9928 6763438.8335),2021,6,05.00-05.59,2,1,1,0,0,1,0,0,0,429351.9928,6763438.8335
tieliikenne_2021.909,909,POINT (447286.3151 6827714.1899),2021,6,15.00-15.59,2,5,2,0,0,0,0,0,0,447286.3151,6827714.1899
tieliikenne_2021.910,910,POINT (362726.018 6765373.518),2021,6,20.00-20.59,2,4,1,0,0,0,1,0,0,362726.018,6765373.518
tieliikenne_2021.911,911,POINT (378911.3599 6735695.281),2021,6,23.00-23.59,2,8,0,0,0,0,0,1,0,378911.3599,6735695.281
tieliikenne_2021.912,912,POINT (326179.6576 6744417.0875),2021,6,21.00-21.59,2,8,0,0,0,0,0,0,1,326179.6576,6744417.0875
tieliikenne_2021.913,913,POINT (358157.3032 6770015.7748),2021,6,22.00-22.59,2,8,1,0,0,0,0,0,0,358157.3032,6770015.7748
tieliikenne_2021.914,914,POINT (447345.5957 6773814.9763),2021,6,08.00-08.59,2,8,0,0,0,0,0,1,0,447345.5957,6773814.9763
tieliikenne_2021.915,915,POINT (458210.4215 6771772.7729),2021,6,10.00-10.59,3,8,1,0,0,0,0,0,0,458210.4215,6771772.7729
tieliikenne_2021.916,916,POINT (379679.2439 6733577.6196),2021,6,10.00-10.59,1,8,1,0,0,0,0,0,0,379679.2439,6733577.6196
tieliikenne_2021.917,917,POINT (303210.8666 6761409.0278),2021,6,16.00-16.59,2,5,2,0,0,0,0,0,0,303210.8666,6761409.0278
tieliikenne_2021.918,918,POINT (422317.7772 6762554.385),2021,6,12.00-12.59,2,4,1,0,0,1,0,0,0,422317.7772,6762554.385
tieliikenne_2021.919,919,POINT (377569.9959 6736561.9429),2021,6,22.00-22.59,2,5,2,0,0,0,1,0,0,377569.9959,6736561.9429
tieliikenne_2021.920,920,POINT (427144.6916 6761675.8367),2021,6,09.00-09.59,2,4,1,0,0,1,0,0,0,427144.6916,6761675.8367
tieliikenne_2021.921,921,POINT (449785.3927 6790551.282),2021,6,13.00-13.59,2,0,1,0,0,0,1,0,0,449785.3927,6790551.282
tieliikenne_2021.922,922,POINT (427146.0951 6759247.2842),2021,6,19.00-19.59,2,3,2,0,0,0,0,0,0,427146.0951,6759247.2842
tieliikenne_2021.923,923,POINT (411856.3319 6776801.0244),2021,6,18.00-18.59,2,9,1,0,0,0,0,1,0,411856.3319,6776801.0244
tieliikenne_2021.924,924,POINT (361393.4995 6765159.1244),2021,7,13.00-13.59,2,4,1,0,0,0,0,1,0,361393.4995,6765159.1244
tieliikenne_2021.925,925,POINT (444069.4604 6756585.946),2021,7,21.00-21.59,2,8,1,0,0,0,0,0,0,444069.4604,6756585.946
tieliikenne_2021.926,926,POINT (365248.1804 6765987.2781),2021,7,12.00-12.59,2,0,2,0,0,0,0,0,0,365248.1804,6765987.2781
tieliikenne_2021.927,927,POINT (425410.0041 6759285.7022),2021,7,17.00-17.59,2,4,1,0,0,0,0,1,0,425410.0041,6759285.7022
tieliikenne_2021.928,928,POINT (315491.9995 6755431.6129),2021,7,17.00-17.59,2,0,2,0,0,0,0,0,0,315491.9995,6755431.6129
tieliikenne_2021.929,929,POINT (363145.5839 6762049.159),2021,7,06.00-06.59,2,8,1,0,0,0,0,0,0,363145.5839,6762049.159
tieliikenne_2021.930,930,POINT (363237.3081 6765147.4237),2021,7,11.00-11.59,2,4,1,0,0,1,0,0,0,363237.3081,6765147.4237
tieliikenne_2021.931,931,POINT (325577.201 6735688.046),2021,7,13.00-13.59,2,3,1,0,0,0,0,1,0,325577.201,6735688.046
tieliikenne_2021.932,932,POINT (438651.8941 6738215.0696),2021,7,21.00-21.59,2,8,1,0,0,0,0,0,0,438651.8941,6738215.0696
tieliikenne_2021.933,933,POINT (438181.1796 6769372.5029),2021,7,02.00-02.59,3,8,0,0,0,0,0,1,0,438181.1796,6769372.5029
tieliikenne_2021.934,934,POINT (366981.3346 6755202.0906),2021,7,20.00-20.59,3,8,1,0,0,0,0,0,0,366981.3346,6755202.0906
tieliikenne_2021.935,935,POINT (366606.148 6766687.3576),2021,7,22.00-22.59,2,4,1,1,0,0,0,1,0,366606.148,6766687.3576
tieliikenne_2021.936,936,POINT (406145.9633 6750076.9817),2021,7,01.00-01.59,1,2,0,0,0,0,0,2,0,406145.9633,6750076.9817
tieliikenne_2021.937,937,POINT (361197.9663 6765358.2706),2021,7,09.00-09.59,2,4,1,0,0,1,0,0,0,361197.9663,6765358.2706
tieliikenne_2021.938,938,POINT (430830.7799 6742338.703),2021,7,16.00-16.59,2,5,1,0,0,1,0,0,0,430830.7799,6742338.703
tieliikenne_2021.939,939,POINT (378150.3473 6735404.61),2021,7,16.00-16.59,2,7,0,1,1,0,0,0,0,378150.3473,6735404.61
tieliikenne_2021.940,940,POINT (352395.0701 6754444.559),2021,7,19.00-19.59,2,1,1,0,0,0,1,0,0,352395.0701,6754444.559
tieliikenne_2021.941,941,POINT (428438.1791 6762682.0272),2021,7,20.00-20.59,2,4,1,0,0,1,0,0,0,428438.1791,6762682.0272
tieliikenne_2021.942,942,POINT (316531.5223 6748112.3828),2021,7,18.00-18.59,2,7,2,0,1,0,0,0,0,316531.5223,6748112.3828
tieliikenne_2021.943,943,POINT (375377.9255 6736870.6412),2021,7,18.00-18.59,2,1,2,1,0,0,0,0,0,375377.9255,6736870.6412
tieliikenne_2021.944,944,POINT (360222.5168 6766204.6986),2021,7,08.00-08.59,2,3,1,0,0,1,0,0,0,360222.5168,6766204.6986
tieliikenne_2021.945,945,POINT (368762.5263 6750103.8539),2021,7,18.00-18.59,2,0,1,1,0,0,0,0,0,368762.5263,6750103.8539
tieliikenne_2021.946,946,POINT (430408.747 6760118.6144),2021,7,12.00-12.59,2,4,0,0,0,2,0,0,0,430408.747,6760118.6144
tieliikenne_2021.947,947,POINT (384403.2874 6741997.7461),2021,7,14.00-14.59,2,8,0,0,0,0,0,1,0,384403.2874,6741997.7461
tieliikenne_2021.948,948,POINT (427103.0711 6759911.2829),2021,7,22.00-22.59,2,4,2,0,0,0,0,0,0,427103.0711,6759911.2829
tieliikenne_2021.949,949,POINT (361826.9848 6761382.3149),2021,7,13.00-13.59,2,1,2,0,0,0,0,0,0,361826.9848,6761382.3149
tieliikenne_2021.950,950,POINT (439551.0714 6785467.9289),2021,7,09.00-09.59,2,2,2,0,0,0,0,0,0,439551.0714,6785467.9289
tieliikenne_2021.951,951,POINT (371623.2938 6747317.7199),2021,7,00.00-00.59,2,0,2,0,0,0,0,0,0,371623.2938,6747317.7199
tieliikenne_2021.952,952,POINT (453269.4596 6771043.8186),2021,7,16.00-16.59,2,8,1,0,0,0,0,0,0,453269.4596,6771043.8186
tieliikenne_2021.953,953,POINT (352283.4994 6754367.3175),2021,7,22.00-22.59,2,4,2,0,0,0,0,0,1,352283.4994,6754367.3175
tieliikenne_2021.954,954,POINT (313858.3431 6748177.8991),2021,8,02.00-02.59,2,8,1,0,0,0,0,0,0,313858.3431,6748177.8991
tieliikenne_2021.955,955,POINT (463165.33 6750354.7411),2021,7,16.00-16.59,2,5,1,0,0,0,0,1,1,463165.33,6750354.7411
tieliikenne_2021.956,956,POINT (426164.291 6755778.2797),2021,8,13.00-13.59,1,1,2,1,0,0,0,0,0,426164.291,6755778.2797
tieliikenne_2021.957,957,POINT (377047.6855 6791661.7205),2021,8,15.00-15.59,1,2,1,1,0,0,0,0,0,377047.6855,6791661.7205
tieliikenne_2021.958,958,POINT (428312.2419 6762733.1078),2021,8,18.00-18.59,2,0,2,0,0,0,0,0,0,428312.2419,6762733.1078
tieliikenne_2021.959,959,POINT (430971.3561 6759445.6361),2021,8,16.00-16.59,2,8,0,0,0,0,0,1,0,430971.3561,6759445.6361
tieliikenne_2021.960,960,POINT (431038.4192 6743849.107),2021,8,20.00-20.59,2,9,0,0,0,0,0,1,0,431038.4192,6743849.107
tieliikenne_2021.961,961,POINT (392414.0085 6741730.4361),2021,8,09.00-09.59,2,5,1,1,0,0,0,0,0,392414.0085,6741730.4361
tieliikenne_2021.962,962,POINT (425954.7867 6760130.8132),2021,8,14.00-14.59,3,8,1,0,0,0,0,0,0,425954.7867,6760130.8132
tieliikenne_2021.963,963,POINT (427624.4188 6762518.5208),2021,8,18.00-18.59,2,0,3,0,0,0,0,0,0,427624.4188,6762518.5208
tieliikenne_2021.964,964,POINT (432249.108 6741689.6832),2021,8,21.00-21.59,2,9,0,0,0,0,1,0,0,432249.108,6741689.6832
tieliikenne_2021.965,965,POINT (373214.5799 6770151.1925),2021,8,14.00-14.59,2,0,3,0,0,0,0,0,0,373214.5799,6770151.1925
tieliikenne_2021.966,966,POINT (371795.3314 6757106.4503),2021,8,19.00-19.59,2,8,0,0,0,0,1,0,0,371795.3314,6757106.4503
tieliikenne_2021.967,967,POINT (449426.8658 6786460.6676),2021,8,07.00-07.59,2,4,2,0,0,0,0,0,0,449426.8658,6786460.6676
tieliikenne_2021.968,968,POINT (333633.4753 6729589.8792),2021,8,15.00-15.59,2,0,1,0,0,0,0,0,1,333633.4753,6729589.8792
tieliikenne_2021.969,969,POINT (362652.0488 6764801.7796),2021,8,17.00-17.59,2,4,1,0,0,0,1,0,0,362652.0488,6764801.7796
tieliikenne_2021.970,970,POINT (421489.3253 6747186.6764),2021,8,18.00-18.59,2,1,2,0,0,0,0,0,0,421489.3253,6747186.6764
tieliikenne_2021.971,971,POINT (449745.3186 6791314.0348),2021,8,19.00-19.59,2,8,1,0,0,0,0,0,0,449745.3186,6791314.0348
tieliikenne_2021.972,972,POINT (375348.211 6736867.8985),2021,8,18.00-18.59,2,1,2,0,0,0,0,0,0,375348.211,6736867.8985
tieliikenne_2021.973,973,POINT (389127.4391 6750199.0415),2021,8,02.00-02.59,2,8,1,0,0,0,0,0,0,389127.4391,6750199.0415
tieliikenne_2021.974,974,POINT (364514.5696 6765738.4649),2021,8,18.00-18.59,2,0,2,0,0,0,0,0,0,364514.5696,6765738.4649
tieliikenne_2021.975,975,POINT (433863.0324 6763578.7769),2021,8,08.00-08.59,2,4,1,0,0,1,0,0,0,433863.0324,6763578.7769
tieliikenne_2021.976,976,POINT (378254.1981 6734915.7654),2021,8,09.00-09.59,2,4,1,0,0,1,0,0,0,378254.1981,6734915.7654
tieliikenne_2021.977,977,POINT (425385.5285 6799358.1294),2021,8,12.00-12.59,2,2,2,0,0,0,0,0,0,425385.5285,6799358.1294
tieliikenne_2021.978,978,POINT (406291.6105 6764674.3681),2021,8,06.00-06.59,2,8,1,0,0,0,0,0,0,406291.6105,6764674.3681
tieliikenne_2021.979,979,POINT (349195.559 6736472.6789),2021,8,15.00-15.59,1,8,0,0,0,0,0,0,1,349195.559,6736472.6789
tieliikenne_2021.980,980,POINT (430947.3471 6741646.1439),2021,8,23.00-23.59,2,9,0,0,0,0,1,0,0,430947.3471,6741646.1439
tieliikenne_2021.981,981,POINT (422009.4067 6782804.5565),2021,8,10.00-10.59,3,7,1,0,1,0,0,0,0,422009.4067,6782804.5565
tieliikenne_2021.982,982,POINT (365129.4639 6766418.7121),2021,8,15.00-15.59,2,4,1,0,0,1,0,0,0,365129.4639,6766418.7121
tieliikenne_2021.983,983,POINT (443216.9912 6756128.5618),2021,8,15.00-15.59,2,3,0,1,0,0,0,1,0,443216.9912,6756128.5618
tieliikenne_2021.984,984,POINT (425731.5906 6760493.0797),2021,8,10.00-10.59,2,7,1,0,1,0,0,0,0,425731.5906,6760493.0797
tieliikenne_2021.985,985,POINT (408494.7356 6752962.519),2021,8,12.00-12.59,2,0,2,0,0,0,0,0,0,408494.7356,6752962.519
tieliikenne_2021.986,986,POINT (316273.6878 6746064.8683),2021,9,08.00-08.59,3,5,1,0,0,1,0,0,0,316273.6878,6746064.8683
tieliikenne_2021.987,987,POINT (359639.9817 6764852.5582),2021,9,11.00-11.59,3,4,1,0,0,1,0,0,0,359639.9817,6764852.5582
tieliikenne_2021.988,988,POINT (386563.9433 6730620.3562),2021,9,17.00-17.59,2,8,1,0,0,0,0,0,0,386563.9433,6730620.3562
tieliikenne_2021.989,989,POINT (423549.2467 6734155.0127),2021,9,21.00-21.59,2,5,1,0,0,0,0,1,0,423549.2467,6734155.0127
tieliikenne_2021.990,990,POINT (308090.2579 6745245.0503),2021,9,17.00-17.59,2,8,1,0,0,0,0,0,0,308090.2579,6745245.0503
tieliikenne_2021.991,991,POINT (362302.4003 6766153.8934),2021,9,15.00-15.59,2,1,1,0,0,0,1,0,0,362302.4003,6766153.8934
tieliikenne_2021.992,992,POINT (363663.76 6765072.4897),2021,9,14.00-14.59,3,8,0,0,0,0,0,1,0,363663.76,6765072.4897
tieliikenne_2021.993,993,POINT (425993.8392 6760495.4974),2021,9,12.00-12.59,2,4,2,0,0,0,0,0,0,425993.8392,6760495.4974
tieliikenne_2021.994,994,POINT (354608.4296 6773455.9976),2021,9,10.00-10.59,2,0,1,1,0,0,0,0,0,354608.4296,6773455.9976
tieliikenne_2021.995,995,POINT (468021.23 6749965.0744),2021,9,14.00-14.59,2,0,1,1,0,0,0,0,0,468021.23,6749965.0744
tieliikenne_2021.996,996,POINT (356784.5534 6771951.4025),2021,9,07.00-07.59,3,8,1,0,0,0,0,0,0,356784.5534,6771951.4025
tieliikenne_2021.997,997,POINT (425898.476 6760676.8724),2021,9,08.00-08.59,2,8,1,0,0,0,0,0,0,425898.476,6760676.8724
tieliikenne_2021.998,998,POINT (407572.3854 6752280.3696),2021,9,19.00-19.59,1,2,1,1,0,0,0,0,0,407572.3854,6752280.3696
tieliikenne_2021.999,999,POINT (437476.6614 6757780.0922),2021,9,12.00-12.59,2,1,2,0,0,0,0,0,0,437476.6614,6757780.0922
tieliikenne_2021.1000,1000,POINT (442602.0064 6756937.7918),2021,9,20.00-20.59,2,3,1,0,0,0,0,1,0,442602.0064,6756937.7918
tieliikenne_2021.1001,1001,POINT (369442.9181 6736175.216),2021,9,22.00-22.59,2,0,0,1,0,1,0,0,0,369442.9181,6736175.216
tieliikenne_2021.1002,1002,POINT (431100.0719 6763188.4195),2021,9,07.00-07.59,2,9,1,1,0,0,0,0,0,431100.0719,6763188.4195
tieliikenne_2021.1003,1003,POINT (372387.5692 6756176.2818),2021,9,15.00-15.59,2,4,1,0,0,1,0,0,0,372387.5692,6756176.2818
tieliikenne_2021.1004,1004,POINT (362041.0385 6764615.3147),2021,9,14.00-14.59,2,4,1,0,0,1,0,0,0,362041.0385,6764615.3147
tieliikenne_2021.1005,1005,POINT (427370.5506 6759736.9421),2021,9,15.00-15.59,2,5,1,0,0,1,0,0,0,427370.5506,6759736.9421
tieliikenne_2021.1006,1006,POINT (380350.3618 6736268.101),2021,9,02.00-02.59,2,8,1,0,0,0,0,0,0,380350.3618,6736268.101
tieliikenne_2021.1007,1007,POINT (392144.6459 6741620.4293),2021,9,09.00-09.59,2,0,1,1,0,0,0,0,0,392144.6459,6741620.4293
tieliikenne_2021.1008,1008,POINT (432129.6255 6765754.216),2021,9,15.00-15.59,2,3,1,0,0,0,0,1,0,432129.6255,6765754.216
tieliikenne_2021.1009,1009,POINT (362386.5468 6764512.7973),2021,9,11.00-11.59,2,4,1,0,0,1,0,0,0,362386.5468,6764512.7973
tieliikenne_2021.1010,1010,POINT (347325.5727 6749740.2922),2021,9,14.00-14.59,2,8,0,1,0,0,0,0,0,347325.5727,6749740.2922
tieliikenne_2021.1011,1011,POINT (451217.4679 6796951.6461),2021,10,14.00-14.59,2,0,2,0,0,0,0,0,0,451217.4679,6796951.6461
tieliikenne_2021.1012,1012,POINT (427389.1353 6760805.7309),2021,10,00.00-00.59,2,4,0,0,0,1,0,1,0,427389.1353,6760805.7309
tieliikenne_2021.1013,1013,POINT (427756.0054 6762724.713),2021,9,15.00-15.59,2,6,1,0,1,0,0,0,0,427756.0054,6762724.713
tieliikenne_2021.1014,1014,POINT (365617.931 6716439.925),2021,10,15.00-15.59,2,8,1,0,0,0,0,0,0,365617.931,6716439.925
tieliikenne_2021.1015,1015,POINT (430956.6758 6764775.0346),2021,10,16.00-16.59,2,8,1,0,0,0,0,0,0,430956.6758,6764775.0346
tieliikenne_2021.1016,1016,POINT (304003.9564 6760300.9774),2021,10,01.00-01.59,2,8,0,1,0,0,0,0,0,304003.9564,6760300.9774
tieliikenne_2021.1017,1017,POINT (413129.5895 6757034.9896),2021,10,11.00-11.59,1,8,1,0,0,0,0,0,0,413129.5895,6757034.9896
tieliikenne_2021.1018,1018,POINT (428693.8348 6764944.4032),2021,10,18.00-18.59,2,4,2,0,0,0,0,0,0,428693.8348,6764944.4032
tieliikenne_2021.1019,1019,POINT (431575.1995 6761916.8947),2021,10,05.00-05.59,2,3,1,1,0,0,0,0,0,431575.1995,6761916.8947
tieliikenne_2021.1020,1020,POINT (426704.5984 6761707.4662),2021,10,11.00-11.59,2,5,1,0,0,0,0,1,0,426704.5984,6761707.4662
tieliikenne_2021.1021,1021,POINT (360672.8081 6767937.4426),2021,10,07.00-07.59,2,2,2,0,0,0,0,0,0,360672.8081,6767937.4426
tieliikenne_2021.1022,1022,POINT (427368.6705 6760639.9571),2021,10,09.00-09.59,2,5,1,0,0,1,0,0,0,427368.6705,6760639.9571
tieliikenne_2021.1023,1023,POINT (427857.7675 6761502.9182),2021,10,22.00-22.59,2,4,2,0,0,0,0,0,0,427857.7675,6761502.9182
tieliikenne_2021.1024,1024,POINT (368187.7333 6739831.2615),2021,10,13.00-13.59,2,8,1,0,0,0,0,0,0,368187.7333,6739831.2615
tieliikenne_2021.1025,1025,POINT (361169.1661 6766201.4332),2021,10,14.00-14.59,2,0,4,0,0,0,0,0,0,361169.1661,6766201.4332
tieliikenne_2021.1026,1026,POINT (358718.8296 6762598.9726),2021,10,19.00-19.59,3,3,1,0,0,0,1,0,0,358718.8296,6762598.9726
tieliikenne_2021.1027,1027,POINT (427893.0235 6763061.0789),2021,10,20.00-20.59,2,6,1,0,1,0,0,0,0,427893.0235,6763061.0789
tieliikenne_2021.1028,1028,POINT (384738.101 6740318.4238),2021,11,01.00-01.59,2,8,1,0,0,0,0,0,0,384738.101,6740318.4238
tieliikenne_2021.1029,1029,POINT (427426.4569 6759522.5775),2021,11,18.00-18.59,2,1,1,0,0,1,0,0,0,427426.4569,6759522.5775
tieliikenne_2021.1030,1030,POINT (410048.7484 6771899.2489),2021,11,11.00-11.59,2,2,2,0,0,0,0,0,0,410048.7484,6771899.2489
tieliikenne_2021.1031,1031,POINT (380878.1258 6729716.7122),2021,11,10.00-10.59,3,2,1,1,0,0,0,0,0,380878.1258,6729716.7122
tieliikenne_2021.1032,1032,POINT (358182.4254 6771688.4992),2021,11,13.00-13.59,1,4,1,1,0,1,0,0,0,358182.4254,6771688.4992
tieliikenne_2021.1033,1033,POINT (360734.4591 6763162.3024),2021,11,21.00-21.59,2,5,1,0,0,0,0,1,0,360734.4591,6763162.3024
tieliikenne_2021.1034,1034,POINT (363224.8275 6762683.5714),2021,11,00.00-00.59,2,8,1,0,0,0,0,0,0,363224.8275,6762683.5714
tieliikenne_2021.1035,1035,POINT (430893.5713 6762856.7714),2021,11,15.00-15.59,2,0,2,0,0,0,0,0,0,430893.5713,6762856.7714
tieliikenne_2021.1036,1036,POINT (361918.311 6764985.0795),2021,11,17.00-17.59,3,3,1,0,0,0,1,0,0,361918.311,6764985.0795
tieliikenne_2021.1037,1037,POINT (428731.8562 6764159.4368),2021,11,14.00-14.59,3,2,3,0,0,0,0,0,0,428731.8562,6764159.4368
tieliikenne_2021.1038,1038,POINT (460636.3249 6747819.9632),2021,11,10.00-10.59,2,8,1,0,0,0,0,0,0,460636.3249,6747819.9632
tieliikenne_2021.1039,1039,POINT (426501.2674 6757100.5316),2021,11,15.00-15.59,2,2,3,0,0,0,0,0,0,426501.2674,6757100.5316
tieliikenne_2021.1040,1040,POINT (419277.5123 6762647.5324),2021,11,18.00-18.59,2,8,1,0,0,0,0,0,0,419277.5123,6762647.5324
tieliikenne_2021.1041,1041,POINT (414227.8444 6762448.9306),2021,11,04.00-04.59,2,0,2,0,0,0,0,0,0,414227.8444,6762448.9306
tieliikenne_2021.1042,1042,POINT (348310.1042 6739967.3248),2021,11,03.00-03.59,3,8,1,0,0,0,0,0,0,348310.1042,6739967.3248
tieliikenne_2021.1043,1043,POINT (360630.5705 6766767.7789),2021,11,22.00-22.59,2,0,2,1,0,0,0,0,0,360630.5705,6766767.7789
tieliikenne_2021.1044,1044,POINT (383431.7382 6740270.3221),2021,12,13.00-13.59,2,0,3,0,0,0,0,0,0,383431.7382,6740270.3221
tieliikenne_2021.1045,1045,POINT (359433.9115 6767050.4055),2021,12,12.00-12.59,2,4,3,0,0,0,0,0,0,359433.9115,6767050.4055
tieliikenne_2021.1046,1046,POINT (303083.9211 6761805.41),2021,12,20.00-20.59,2,9,1,1,0,0,0,0,0,303083.9211,6761805.41
tieliikenne_2021.1047,1047,POINT (421688.2503 6747590.47),2021,12,08.00-08.59,2,0,2,0,0,0,0,0,0,421688.2503,6747590.47
tieliikenne_2021.1048,1048,POINT (423878.1775 6761535.9305),2021,12,11.00-11.59,2,5,2,0,0,0,0,0,0,423878.1775,6761535.9305
tieliikenne_2021.1049,1049,POINT (419316.7242 6743567.1947),2021,12,21.00-21.59,2,0,2,0,0,0,0,0,0,419316.7242,6743567.1947
tieliikenne_2021.1050,1050,POINT (377721.5004 6744942.9763),2021,12,10.00-10.59,2,3,1,0,0,0,0,0,1,377721.5004,6744942.9763
tieliikenne_2021.1051,1051,POINT (429295.4894 6740667.8441),2021,12,15.00-15.59,2,8,1,0,0,0,0,0,0,429295.4894,6740667.8441
tieliikenne_2021.1052,1052,POINT (431813.2885 6817477.3502),2021,12,15.00-15.59,2,8,1,0,0,0,0,0,0,431813.2885,6817477.3502
tieliikenne_2021.1053,1053,POINT (448128.3799 6754589.9702),2021,12,04.00-04.59,3,2,1,1,0,0,0,0,0,448128.3799,6754589.9702
tieliikenne_2021.1054,1054,POINT (460271.5828 6754957.8358),2021,12,05.00-05.59,2,2,1,1,0,0,0,0,0,460271.5828,6754957.8358
tieliikenne_2021.1055,1055,POINT (391875.5069 6770840.4073),2021,12,14.00-14.59,2,2,2,0,0,0,0,0,0,391875.5069,6770840.4073
tieliikenne_2021.1056,1056,POINT (450276.8355 6791334.9679),2021,12,20.00-20.59,2,8,1,0,0,0,0,0,0,450276.8355,6791334.9679
tieliikenne_2021.1057,1057,POINT (427044.3032 6761816.3538),2021,12,16.00-16.59,2,6,1,0,1,0,0,0,0,427044.3032,6761816.3538
tieliikenne_2021.1058,1058,POINT (443383.154 6756290.059),2021,12,17.00-17.59,3,6,1,0,1,0,0,0,0,443383.154,6756290.059
tieliikenne_2021.1059,1059,POINT (369035.5533 6749554.7341),2021,12,19.00-19.59,2,2,2,0,0,0,0,0,0,369035.5533,6749554.7341
tieliikenne_2021.1060,1060,POINT (446419.7117 6751383.4528),2021,12,17.00-17.59,3,8,1,0,0,0,0,0,0,446419.7117,6751383.4528
tieliikenne_2021.1061,1061,POINT (454614.3004 6798986.9428),2021,12,18.00-18.59,1,2,1,1,0,0,0,0,0,454614.3004,6798986.9428
tieliikenne_2021.1062,1062,POINT (361394.86 6765161.579),2021,12,12.00-12.59,2,4,2,0,0,0,0,0,0,361394.86,6765161.579
tieliikenne_2021.1063,1063,POINT (299037.0467 6744011.4994),2021,12,18.00-18.59,2,7,1,0,1,0,0,0,0,299037.0467,6744011.4994
tieliikenne_2021.1064,1064,POINT (413685.2355 6733847.5237),2021,12,02.00-02.59,2,8,1,0,0,0,0,0,0,413685.2355,6733847.5237
tieliikenne_2021.1065,1065,POINT (380326.3762 6774685.5822),2021,12,15.00-15.59,2,8,1,0,0,0,0,0,0,380326.3762,6774685.5822
tieliikenne_2021.1066,1066,POINT (431039.7316 6741381.8574),2021,12,17.00-17.59,2,2,2,0,0,0,0,0,0,431039.7316,6741381.8574
tieliikenne_2021.1067,1067,POINT (422140.9266 6761100.3468),2021,12,15.00-15.59,2,5,2,0,0,0,0,0,0,422140.9266,6761100.3468
tieliikenne_2021.1068,1068,POINT (495075.4717 6734265.1426),2021,1,12.00-12.59,2,0,2,0,0,0,0,0,0,495075.4717,6734265.1426
tieliikenne_2021.1069,1069,POINT (562199.2275 6758765.8702),2021,1,22.00-22.59,2,9,1,0,0,0,0,0,0,562199.2275,6758765.8702
tieliikenne_2021.1070,1070,POINT (488922.197 6736506.673),2021,1,07.00-07.59,2,3,1,0,0,1,0,0,0,488922.197,6736506.673
tieliikenne_2021.1071,1071,POINT (493565.0912 6733215.2486),2021,1,15.00-15.59,2,8,0,0,0,0,0,0,1,493565.0912,6733215.2486
tieliikenne_2021.1072,1072,POINT (543702.5445 6751870.1124),2021,1,08.00-08.59,3,2,2,0,0,0,0,0,0,543702.5445,6751870.1124
tieliikenne_2021.1073,1073,POINT (485626.2689 6749075.8819),2021,1,18.00-18.59,2,2,2,0,0,0,0,0,0,485626.2689,6749075.8819
tieliikenne_2021.1074,1074,POINT (643950.1189 6846814.5738),2021,1,17.00-17.59,2,8,1,0,0,0,0,0,0,643950.1189,6846814.5738
tieliikenne_2021.1075,1075,POINT (511226.774 6715031.146),2021,1,16.00-16.59,2,2,0,0,0,1,0,1,0,511226.774,6715031.146
tieliikenne_2021.1076,1076,POINT (492209.6205 6730338.5287),2021,1,17.00-17.59,3,2,2,1,0,0,0,0,0,492209.6205,6730338.5287
tieliikenne_2021.1077,1077,POINT (492679.3558 6704888.0057),2021,1,17.00-17.59,2,6,1,0,1,0,0,0,0,492679.3558,6704888.0057
tieliikenne_2021.1078,1078,POINT (479133.4273 6753501.807),2021,1,08.00-08.59,2,1,2,0,0,0,0,0,0,479133.4273,6753501.807
tieliikenne_2021.1079,1079,POINT (483379.9942 6748131.0389),2021,1,07.00-07.59,2,0,2,0,0,0,0,0,0,483379.9942,6748131.0389
tieliikenne_2021.1080,1080,POINT (496278.8374 6708855.4003),2021,1,09.00-09.59,2,4,1,0,0,1,0,0,0,496278.8374,6708855.4003
tieliikenne_2021.1081,1081,POINT (632133.6163 6832902.949),2021,2,13.00-13.59,3,4,2,0,0,0,0,0,0,632133.6163,6832902.949
tieliikenne_2021.1082,1082,POINT (500195.2191 6713718.2704),2021,2,18.00-18.59,2,5,2,0,0,0,0,0,0,500195.2191,6713718.2704
tieliikenne_2021.1083,1083,POINT (598249.4388 6786817.8954),2021,5,21.00-21.59,2,9,1,0,0,0,0,0,0,598249.4388,6786817.8954
tieliikenne_2021.1084,1084,POINT (478101.7508 6754716.0253),2021,2,16.00-16.59,2,4,1,0,0,1,0,0,0,478101.7508,6754716.0253
tieliikenne_2021.1085,1085,POINT (589493.5532 6782049.5232),2021,2,07.00-07.59,2,0,2,0,0,0,0,0,0,589493.5532,6782049.5232
tieliikenne_2021.1086,1086,POINT (483506.8105 6748139.3826),2021,2,12.00-12.59,2,0,2,0,0,0,0,0,0,483506.8105,6748139.3826
tieliikenne_2021.1087,1087,POINT (530029.5982 6760080.4778),2021,3,13.00-13.59,2,2,2,0,0,0,0,0,0,530029.5982,6760080.4778
tieliikenne_2021.1088,1088,POINT (531000.1934 6758761.778),2021,6,09.00-09.59,2,9,1,0,0,0,0,0,0,531000.1934,6758761.778
tieliikenne_2021.1089,1089,POINT (490295.5084 6706541.6683),2021,3,14.00-14.59,2,8,0,1,0,0,0,0,0,490295.5084,6706541.6683
tieliikenne_2021.1090,1090,POINT (499296.8012 6716005.9165),2021,3,13.00-13.59,3,2,2,0,0,0,0,0,0,499296.8012,6716005.9165
tieliikenne_2021.1091,1091,POINT (544090.2334 6777981.8838),2021,3,09.00-09.59,3,0,1,1,0,0,0,0,0,544090.2334,6777981.8838
tieliikenne_2021.1092,1092,POINT (484132.589 6749967.4296),2021,3,10.00-10.59,2,4,1,0,0,1,0,0,0,484132.589,6749967.4296
tieliikenne_2021.1093,1093,POINT (495809.5611 6730421.1233),2021,3,17.00-17.59,3,8,1,0,0,0,0,0,0,495809.5611,6730421.1233
tieliikenne_2021.1094,1094,POINT (490873.5243 6756498.9908),2021,3,09.00-09.59,2,8,1,0,0,0,0,0,0,490873.5243,6756498.9908
tieliikenne_2021.1095,1095,POINT (484967.3312 6750454.2079),2021,3,12.00-12.59,2,5,1,0,0,0,1,0,0,484967.3312,6750454.2079
tieliikenne_2021.1096,1096,POINT (486833.6179 6705841.0747),2021,3,21.00-21.59,2,1,1,0,0,0,0,1,0,486833.6179,6705841.0747
tieliikenne_2021.1097,1097,POINT (556274.2812 6765992.6596),2021,3,16.00-16.59,2,8,1,0,0,0,0,0,0,556274.2812,6765992.6596
tieliikenne_2021.1098,1098,POINT (596417.4534 6784400.8231),2021,8,12.00-12.59,1,4,0,0,0,1,0,0,1,596417.4534,6784400.8231
tieliikenne_2021.1099,1099,POINT (484263.7714 6750407.066),2021,3,17.00-17.59,2,8,1,0,0,0,0,0,0,484263.7714,6750407.066
tieliikenne_2021.1100,1100,POINT (484775.5692 6750547.3195),2021,3,22.00-22.59,2,3,1,0,0,0,1,0,0,484775.5692,6750547.3195
tieliikenne_2021.1101,1101,POINT (498436.6707 6711344.31),2021,3,15.00-15.59,2,0,1,1,0,0,0,0,0,498436.6707,6711344.31
tieliikenne_2021.1102,1102,POINT (594109.7474 6786115.686),2021,4,02.00-02.59,2,8,1,0,0,0,0,0,0,594109.7474,6786115.686
tieliikenne_2021.1103,1103,POINT (524644.8994 6714514.3998),2021,9,06.00-06.59,2,9,1,0,0,0,0,0,0,524644.8994,6714514.3998
tieliikenne_2021.1104,1104,POINT (594561.68 6782080.6029),2021,4,09.00-09.59,2,3,2,0,0,0,0,0,0,594561.68,6782080.6029
tieliikenne_2021.1105,1105,POINT (562287.0773 6769323.715),2021,4,07.00-07.59,2,1,1,0,0,1,0,0,0,562287.0773,6769323.715
tieliikenne_2021.1106,1106,POINT (480937.139 6756065.935),2021,4,14.00-14.59,2,4,2,0,0,0,0,0,0,480937.139,6756065.935
tieliikenne_2021.1107,1107,POINT (637064.5295 6832287.5173),2021,9,00.00-00.59,1,8,1,0,0,0,0,0,0,637064.5295,6832287.5173
tieliikenne_2021.1108,1108,POINT (478320.2388 6754468.4261),2021,4,09.00-09.59,2,4,1,0,0,1,0,0,0,478320.2388,6754468.4261
tieliikenne_2021.1109,1109,POINT (481630.766 6748571.502),2021,4,18.00-18.59,2,9,0,0,0,1,0,0,0,481630.766,6748571.502
tieliikenne_2021.1110,1110,POINT (592091.8614 6783471.7792),2021,4,16.00-16.59,2,8,1,0,0,0,0,0,0,592091.8614,6783471.7792
tieliikenne_2021.1111,1111,POINT (594825.7521 6784967.1327),2021,4,07.00-07.59,2,0,0,0,0,0,2,0,0,594825.7521,6784967.1327
tieliikenne_2021.1112,1112,POINT (470783.5706 6705915.163),2021,4,11.00-11.59,2,8,1,0,0,0,0,0,0,470783.5706,6705915.163
tieliikenne_2021.1113,1113,POINT (526773.065 6717846.4479),2021,10,20.00-20.59,2,9,1,0,0,0,0,0,0,526773.065,6717846.4479
tieliikenne_2021.1114,1114,POINT (515717.7081 6710707.9996),2021,4,12.00-12.59,3,8,1,0,0,0,0,0,0,515717.7081,6710707.9996
tieliikenne_2021.1115,1115,POINT (521239.3039 6753205.4655),2021,11,19.00-19.59,2,9,1,0,0,0,0,0,0,521239.3039,6753205.4655
tieliikenne_2021.1116,1116,POINT (480987.0102 6750367.0114),2021,5,16.00-16.59,2,8,1,0,0,0,0,0,0,480987.0102,6750367.0114
tieliikenne_2021.1117,1117,POINT (545293.3043 6716937.0666),2021,5,16.00-16.59,2,8,1,0,0,0,0,0,0,545293.3043,6716937.0666
tieliikenne_2021.1118,1118,POINT (479533.009 6751034.0409),2021,5,08.00-08.59,2,4,1,0,0,1,0,0,0,479533.009,6751034.0409
tieliikenne_2021.1119,1119,POINT (485857.0083 6749046.9721),2021,5,19.00-19.59,2,0,0,0,0,0,2,0,0,485857.0083,6749046.9721
tieliikenne_2021.1120,1120,POINT (466537.9493 6731725.9543),2021,12,16.00-16.59,2,9,1,0,0,0,0,0,0,466537.9493,6731725.9543
tieliikenne_2021.1121,1121,POINT (473722.5776 6741386.7504),2021,12,16.00-16.59,2,9,1,1,0,0,0,0,0,473722.5776,6741386.7504
tieliikenne_2021.1122,1122,POINT (483421.8751 6754283.1051),2021,5,12.00-12.59,1,2,1,1,0,0,0,0,0,483421.8751,6754283.1051
tieliikenne_2021.1123,1123,POINT (494665.4247 6708830.9316),2021,5,20.00-20.59,2,4,2,0,0,0,0,0,0,494665.4247,6708830.9316
tieliikenne_2021.1124,1124,POINT (566034.2322 6770482.4629),2021,5,14.00-14.59,2,9,1,0,0,1,0,0,0,566034.2322,6770482.4629
tieliikenne_2021.1125,1125,POINT (504300.1442 6712391.5498),2021,5,18.00-18.59,1,1,0,0,0,0,0,2,0,504300.1442,6712391.5498
tieliikenne_2021.1126,1126,POINT (509963.3638 6716979.5932),2021,5,09.00-09.59,2,4,1,0,0,0,1,0,0,509963.3638,6716979.5932
tieliikenne_2021.1127,1127,POINT (496422.6097 6708814.9042),2021,5,12.00-12.59,3,4,1,0,0,1,0,0,0,496422.6097,6708814.9042
tieliikenne_2021.1128,1128,POINT (597957.2911 6795463.4194),2021,5,20.00-20.59,2,8,0,0,0,0,1,0,0,597957.2911,6795463.4194
tieliikenne_2021.1129,1129,POINT (494689.1048 6704887.4925),2021,6,18.00-18.59,2,4,1,0,0,0,1,0,0,494689.1048,6704887.4925
tieliikenne_2021.1130,1130,POINT (489350.7531 6739054.2446),2021,6,19.00-19.59,2,4,1,0,0,1,0,0,0,489350.7531,6739054.2446
tieliikenne_2021.1131,1131,POINT (514305.2086 6724977.2403),2021,6,16.00-16.59,2,1,1,0,0,0,0,0,1,514305.2086,6724977.2403
tieliikenne_2021.1132,1132,POINT (496448.2351 6708666.7888),2021,6,16.00-16.59,2,0,1,0,0,0,1,0,0,496448.2351,6708666.7888
tieliikenne_2021.1133,1133,POINT (491409.3383 6728499.0131),2021,6,20.00-20.59,2,5,1,0,0,0,0,0,1,491409.3383,6728499.0131
tieliikenne_2021.1134,1134,POINT (488261.6346 6736562.4388),2021,6,07.00-07.59,2,4,1,0,0,1,0,0,0,488261.6346,6736562.4388
tieliikenne_2021.1135,1135,POINT (594613.2197 6783062.866),2021,6,11.00-11.59,2,1,2,0,0,0,0,0,0,594613.2197,6783062.866
tieliikenne_2021.1136,1136,POINT (492590.365 6700168.588),2021,6,15.00-15.59,2,8,1,0,0,0,0,0,0,492590.365,6700168.588
tieliikenne_2021.1137,1137,POINT (560404.2691 6768974.905),2021,6,17.00-17.59,2,9,1,0,0,1,0,0,0,560404.2691,6768974.905
tieliikenne_2021.1138,1138,POINT (472494.0629 6775316.2597),2021,6,19.00-19.59,2,8,1,0,0,0,0,0,0,472494.0629,6775316.2597
tieliikenne_2021.1139,1139,POINT (488641.9928 6784066.3576),2021,6,12.00-12.59,2,8,1,0,0,0,0,0,0,488641.9928,6784066.3576
tieliikenne_2021.1140,1140,POINT (486383.7566 6761611.2646),2021,6,13.00-13.59,2,8,1,0,0,0,0,0,0,486383.7566,6761611.2646
tieliikenne_2021.1141,1141,POINT (479617.6997 6752604.5557),2021,6,16.00-16.59,2,4,1,0,0,0,1,0,0,479617.6997,6752604.5557
tieliikenne_2021.1142,1142,POINT (564020.1 6769715.622),2021,6,14.00-14.59,2,9,1,0,1,0,0,0,0,564020.1,6769715.622
tieliikenne_2021.1143,1143,POINT (509165.6052 6715908.5966),2021,6,18.00-18.59,2,8,1,0,0,0,0,0,0,509165.6052,6715908.5966
tieliikenne_2021.1144,1144,POINT (485961.7276 6721950.4497),2021,6,18.00-18.59,2,2,1,0,0,0,0,1,0,485961.7276,6721950.4497
tieliikenne_2021.1145,1145,POINT (496123.5874 6708937.3975),2021,6,09.00-09.59,2,0,3,0,0,0,0,0,0,496123.5874,6708937.3975
tieliikenne_2021.1146,1146,POINT (570321.4785 6772186.9172),2021,6,17.00-17.59,2,5,1,0,0,0,0,1,0,570321.4785,6772186.9172
tieliikenne_2021.1147,1147,POINT (477844.2211 6763024.1636),2021,6,09.00-09.59,2,0,2,0,0,0,0,0,0,477844.2211,6763024.1636
tieliikenne_2021.1148,1148,POINT (478494.5486 6754024.9854),2021,6,11.00-11.59,2,7,0,0,2,0,1,0,0,478494.5486,6754024.9854
tieliikenne_2021.1149,1149,POINT (478624.4107 6745749.2717),2021,6,15.00-15.59,2,4,1,0,0,1,0,0,0,478624.4107,6745749.2717
tieliikenne_2021.1150,1150,POINT (485792.353 6749187.309),2021,6,15.00-15.59,2,2,2,0,0,0,0,0,0,485792.353,6749187.309
tieliikenne_2021.1151,1151,POINT (485260.3598 6728510.9002),2021,7,14.00-14.59,2,1,1,1,0,0,0,0,0,485260.3598,6728510.9002
tieliikenne_2021.1152,1152,POINT (562986.4194 6766724.3006),2021,7,01.00-01.59,2,1,0,0,0,0,2,0,0,562986.4194,6766724.3006
tieliikenne_2021.1153,1153,POINT (563826.384 6770972.3829),2021,7,12.00-12.59,2,3,1,0,0,0,0,1,0,563826.384,6770972.3829
tieliikenne_2021.1154,1154,POINT (485326.1892 6749911.0384),2021,7,18.00-18.59,2,8,0,0,0,0,0,1,0,485326.1892,6749911.0384
tieliikenne_2021.1155,1155,POINT (465963.4746 6768828.4896),2021,7,05.00-05.59,2,8,1,0,0,0,0,0,0,465963.4746,6768828.4896
tieliikenne_2021.1156,1156,POINT (478665.7364 6754503.7885),2021,7,20.00-20.59,1,4,1,0,0,1,0,0,0,478665.7364,6754503.7885
tieliikenne_2021.1157,1157,POINT (477423.3017 6739180.049),2021,7,13.00-13.59,2,8,1,0,0,0,0,0,0,477423.3017,6739180.049
tieliikenne_2021.1158,1158,POINT (597388.6615 6797591.1338),2021,7,14.00-14.59,2,4,2,0,0,0,0,0,0,597388.6615,6797591.1338
tieliikenne_2021.1159,1159,POINT (481476.0398 6749032.7639),2021,7,06.00-06.59,2,4,0,0,0,2,0,0,0,481476.0398,6749032.7639
tieliikenne_2021.1160,1160,POINT (495651.7741 6708001.9829),2021,7,16.00-16.59,2,3,1,0,0,1,0,0,0,495651.7741,6708001.9829
tieliikenne_2021.1161,1161,POINT (483905.501 6709329.0696),2021,7,22.00-22.59,3,8,0,0,0,0,0,0,1,483905.501,6709329.0696
tieliikenne_2021.1162,1162,POINT (489141.2994 6750191.9957),2021,7,11.00-11.59,2,0,3,0,0,0,0,0,0,489141.2994,6750191.9957
tieliikenne_2021.1163,1163,POINT (485041.682 6746988.6029),2021,7,02.00-02.59,2,0,0,0,0,0,0,0,2,485041.682,6746988.6029
tieliikenne_2021.1164,1164,POINT (481046.661 6749434.4668),2021,7,03.00-03.59,2,8,0,0,0,0,0,1,0,481046.661,6749434.4668
tieliikenne_2021.1165,1165,POINT (538516.9699 6720133.49),2021,7,12.00-12.59,3,8,1,0,0,0,0,0,0,538516.9699,6720133.49
tieliikenne_2021.1166,1166,POINT (560193.4641 6768375.659),2021,7,15.00-15.59,3,1,1,0,0,0,0,1,0,560193.4641,6768375.659
tieliikenne_2021.1167,1167,POINT (486544.2858 6753496.4943),2021,7,03.00-03.59,2,8,1,0,0,0,0,0,0,486544.2858,6753496.4943
tieliikenne_2021.1168,1168,POINT (483950.4126 6747975.744),2021,7,19.00-19.59,2,8,0,0,0,0,1,0,0,483950.4126,6747975.744
tieliikenne_2021.1169,1169,POINT (471360.2687 6722271.52),2021,7,22.00-22.59,2,8,1,0,0,0,0,0,0,471360.2687,6722271.52
tieliikenne_2021.1170,1170,POINT (599196.3872 6787577.8242),2021,7,11.00-11.59,2,0,1,1,0,0,0,0,0,599196.3872,6787577.8242
tieliikenne_2021.1171,1171,POINT (494432.4886 6706495.2789),2021,7,13.00-13.59,2,6,0,1,1,0,0,0,0,494432.4886,6706495.2789
tieliikenne_2021.1172,1172,POINT (568148.9301 6769498.1154),2021,7,06.00-06.59,2,3,1,0,0,0,1,0,0,568148.9301,6769498.1154
tieliikenne_2021.1173,1173,POINT (479285.9547 6746737.4112),2021,7,14.00-14.59,2,3,0,0,0,0,2,0,0,479285.9547,6746737.4112
tieliikenne_2021.1174,1174,POINT (561301.4901 6774059.6593),2021,8,03.00-03.59,2,8,1,0,0,0,0,0,0,561301.4901,6774059.6593
tieliikenne_2021.1175,1175,POINT (508467.9395 6716695.1396),2021,8,00.00-00.59,2,8,1,0,0,0,0,0,0,508467.9395,6716695.1396
tieliikenne_2021.1176,1176,POINT (557023.7745 6766386.6435),2021,8,07.00-07.59,2,0,1,1,0,0,0,0,0,557023.7745,6766386.6435
tieliikenne_2021.1177,1177,POINT (602436.53 6793559.7523),2021,8,10.00-10.59,2,2,1,1,0,0,0,0,0,602436.53,6793559.7523
tieliikenne_2021.1178,1178,POINT (483746.4408 6748073.7876),2021,8,10.00-10.59,2,9,1,0,0,0,0,0,0,483746.4408,6748073.7876
tieliikenne_2021.1179,1179,POINT (488253.1119 6736814.3726),2021,8,19.00-19.59,2,5,1,0,0,0,0,1,0,488253.1119,6736814.3726
tieliikenne_2021.1180,1180,POINT (493542.6839 6711066.7586),2021,8,09.00-09.59,2,2,2,0,0,0,0,0,0,493542.6839,6711066.7586
tieliikenne_2021.1181,1181,POINT (565837.5344 6770379.4359),2021,8,17.00-17.59,2,1,1,0,0,1,0,0,0,565837.5344,6770379.4359
tieliikenne_2021.1182,1182,POINT (496404.6045 6708833.0725),2021,8,13.00-13.59,2,4,0,1,0,1,0,0,0,496404.6045,6708833.0725
tieliikenne_2021.1183,1183,POINT (484814.9964 6723076.901),2021,8,19.00-19.59,2,8,0,0,0,0,0,1,0,484814.9964,6723076.901
tieliikenne_2021.1184,1184,POINT (482839.582 6746345.7035),2021,8,17.00-17.59,2,8,1,0,0,0,0,0,0,482839.582,6746345.7035
tieliikenne_2021.1185,1185,POINT (484312.0977 6723295.2098),2021,8,17.00-17.59,1,8,0,0,0,0,0,1,0,484312.0977,6723295.2098
tieliikenne_2021.1186,1186,POINT (483741.4946 6708490.8038),2021,8,17.00-17.59,2,8,0,0,0,0,0,0,1,483741.4946,6708490.8038
tieliikenne_2021.1187,1187,POINT (534449.2672 6781958.3484),2021,8,15.00-15.59,2,4,2,0,0,0,0,0,0,534449.2672,6781958.3484
tieliikenne_2021.1188,1188,POINT (484834.7614 6747521.72),2021,8,17.00-17.59,2,5,1,0,0,1,0,0,0,484834.7614,6747521.72
tieliikenne_2021.1189,1189,POINT (496722.454 6710857.9585),2021,8,14.00-14.59,2,8,1,0,0,0,0,0,0,496722.454,6710857.9585
tieliikenne_2021.1190,1190,POINT (498027.7025 6710543.0695),2021,8,20.00-20.59,2,8,0,0,0,0,0,1,0,498027.7025,6710543.0695
tieliikenne_2021.1191,1191,POINT (564554.0083 6769988.6182),2021,8,13.00-13.59,2,6,1,0,1,0,0,0,0,564554.0083,6769988.6182
tieliikenne_2021.1192,1192,POINT (496143.5037 6774316.5763),2021,8,11.00-11.59,2,0,0,0,0,0,0,2,0,496143.5037,6774316.5763
tieliikenne_2021.1193,1193,POINT (484307.0237 6745676.9949),2021,8,14.00-14.59,2,4,1,0,0,1,0,0,0,484307.0237,6745676.9949
tieliikenne_2021.1194,1194,POINT (569385.0852 6771626.926),2021,8,12.00-12.59,2,4,0,0,0,1,0,1,0,569385.0852,6771626.926
tieliikenne_2021.1195,1195,POINT (633490.961 6822630.7),2021,8,15.00-15.59,1,2,1,1,0,0,0,0,0,633490.961,6822630.7
tieliikenne_2021.1196,1196,POINT (510441.4382 6714452.3217),2021,8,22.00-22.59,2,6,0,0,1,0,1,0,0,510441.4382,6714452.3217
tieliikenne_2021.1197,1197,POINT (483610.3452 6748138.3568),2021,8,20.00-20.59,2,6,1,0,1,0,0,0,0,483610.3452,6748138.3568
tieliikenne_2021.1198,1198,POINT (480943.7355 6748886.923),2021,8,19.00-19.59,2,8,0,0,0,0,1,0,0,480943.7355,6748886.923
tieliikenne_2021.1199,1199,POINT (479563.4164 6757466.4076),2021,9,14.00-14.59,3,5,2,0,0,0,0,0,0,479563.4164,6757466.4076
tieliikenne_2021.1200,1200,POINT (482905.9818 6747506.089),2021,9,05.00-05.59,2,8,1,0,0,0,0,0,0,482905.9818,6747506.089
tieliikenne_2021.1201,1201,POINT (595295.8654 6785076.8549),2021,9,11.00-11.59,2,7,0,0,1,1,0,0,0,595295.8654,6785076.8549
tieliikenne_2021.1202,1202,POINT (488147.5629 6749094.8978),2021,9,12.00-12.59,2,0,1,1,0,0,0,0,0,488147.5629,6749094.8978
tieliikenne_2021.1203,1203,POINT (598682.7012 6789649.384),2021,9,21.00-21.59,2,7,0,0,1,0,1,0,0,598682.7012,6789649.384
tieliikenne_2021.1204,1204,POINT (486299.5265 6751417.7541),2021,9,15.00-15.59,2,0,2,0,0,0,0,0,0,486299.5265,6751417.7541
tieliikenne_2021.1205,1205,POINT (484208.3716 6728957.072),2021,9,19.00-19.59,2,8,0,0,0,0,0,0,1,484208.3716,6728957.072
tieliikenne_2021.1206,1206,POINT (568096.2725 6771144.6435),2021,9,15.00-15.59,2,5,2,0,0,0,0,0,0,568096.2725,6771144.6435
tieliikenne_2021.1207,1207,POINT (565163.2868 6770612.0912),2021,9,15.00-15.59,2,1,1,0,0,1,0,0,0,565163.2868,6770612.0912
tieliikenne_2021.1208,1208,POINT (493231.2589 6704282.0643),2021,9,10.00-10.59,2,1,1,0,0,1,0,0,0,493231.2589,6704282.0643
tieliikenne_2021.1209,1209,POINT (494907.9001 6710679.9994),2021,9,15.00-15.59,2,4,1,0,0,1,0,0,0,494907.9001,6710679.9994
tieliikenne_2021.1210,1210,POINT (479434.9563 6793067.5697),2021,9,18.00-18.59,2,8,1,0,0,0,0,0,0,479434.9563,6793067.5697
tieliikenne_2021.1211,1211,POINT (478463.6867 6751039.9097),2021,9,09.00-09.59,2,4,1,0,0,1,0,0,0,478463.6867,6751039.9097
tieliikenne_2021.1212,1212,POINT (594849.484 6785096.9866),2021,9,12.00-12.59,2,9,1,0,1,0,0,0,0,594849.484,6785096.9866
tieliikenne_2021.1213,1213,POINT (485812.8689 6748798.099),2021,9,08.00-08.59,2,6,0,0,1,0,1,0,0,485812.8689,6748798.099
tieliikenne_2021.1214,1214,POINT (496837.7007 6708755.4875),2021,9,11.00-11.59,1,4,1,0,0,1,0,0,0,496837.7007,6708755.4875
tieliikenne_2021.1215,1215,POINT (489705.4 6739546.6295),2021,9,13.00-13.59,3,1,2,0,0,0,0,0,0,489705.4,6739546.6295
tieliikenne_2021.1216,1216,POINT (562994.6273 6766930.7571),2021,9,20.00-20.59,2,2,2,0,0,0,0,0,0,562994.6273,6766930.7571
tieliikenne_2021.1217,1217,POINT (479548.4345 6752596.5096),2021,7,14.00-14.59,2,3,0,0,0,2,0,0,0,479548.4345,6752596.5096
tieliikenne_2021.1218,1218,POINT (492716.7654 6704906.55),2021,9,07.00-07.59,2,4,1,0,0,0,1,0,0,492716.7654,6704906.55
tieliikenne_2021.1219,1219,POINT (479602.1657 6757483.8846),2021,9,15.00-15.59,2,8,0,0,0,0,0,1,0,479602.1657,6757483.8846
tieliikenne_2021.1220,1220,POINT (477762.471 6745195.0931),2021,9,10.00-10.59,3,3,2,0,0,0,0,0,0,477762.471,6745195.0931
tieliikenne_2021.1221,1221,POINT (494657.5555 6711430.066),2021,9,10.00-10.59,2,8,1,0,0,0,0,0,0,494657.5555,6711430.066
tieliikenne_2021.1222,1222,POINT (486772.1468 6752744.0273),2021,10,15.00-15.59,2,1,1,0,0,0,1,0,0,486772.1468,6752744.0273
tieliikenne_2021.1223,1223,POINT (511176.678 6714187.023),2021,10,16.00-16.59,2,4,1,0,0,0,1,0,0,511176.678,6714187.023
tieliikenne_2021.1224,1224,POINT (478844.1007 6756397.8557),2021,10,22.00-22.59,2,8,1,0,0,0,0,0,0,478844.1007,6756397.8557
tieliikenne_2021.1225,1225,POINT (538089.2109 6721871.6127),2021,10,22.00-22.59,2,8,0,0,0,0,0,0,1,538089.2109,6721871.6127
tieliikenne_2021.1226,1226,POINT (493032.4848 6708812.6411),2021,10,04.00-04.59,2,8,0,0,0,0,1,0,0,493032.4848,6708812.6411
tieliikenne_2021.1227,1227,POINT (510663.7721 6714992.966),2021,10,14.00-14.59,2,4,2,0,0,0,0,0,0,510663.7721,6714992.966
tieliikenne_2021.1228,1228,POINT (483881.7442 6748409.74),2021,10,10.00-10.59,2,1,1,0,0,1,0,0,0,483881.7442,6748409.74
tieliikenne_2021.1229,1229,POINT (496910.2473 6703748.1961),2021,10,16.00-16.59,2,4,1,0,0,1,0,0,0,496910.2473,6703748.1961
tieliikenne_2021.1230,1230,POINT (563954.3157 6769788.4498),2021,10,15.00-15.59,2,5,1,0,0,1,0,0,0,563954.3157,6769788.4498
tieliikenne_2021.1231,1231,POINT (489691.3071 6739540.7849),2021,10,12.00-12.59,2,4,2,0,0,0,0,0,0,489691.3071,6739540.7849
tieliikenne_2021.1232,1232,POINT (496378.2465 6708932.3488),2021,10,13.00-13.59,2,1,1,0,0,0,1,0,0,496378.2465,6708932.3488
tieliikenne_2021.1233,1233,POINT (487458.5842 6753086.7136),2021,10,08.00-08.59,2,3,2,0,0,0,0,0,0,487458.5842,6753086.7136
tieliikenne_2021.1234,1234,POINT (496096.0188 6708922.0037),2021,10,12.00-12.59,2,4,2,0,0,0,0,0,0,496096.0188,6708922.0037
tieliikenne_2021.1235,1235,POINT (494435.0379 6705789.0911),2021,10,21.00-21.59,2,1,1,0,0,1,0,0,0,494435.0379,6705789.0911
tieliikenne_2021.1236,1236,POINT (543433.7076 6769765.8172),2021,10,22.00-22.59,1,7,1,0,1,0,0,0,0,543433.7076,6769765.8172
tieliikenne_2021.1237,1237,POINT (498261.8942 6775064.0895),2021,10,13.00-13.59,2,9,2,0,0,0,0,0,0,498261.8942,6775064.0895
tieliikenne_2021.1238,1238,POINT (483638.1746 6748017.0602),2021,10,16.00-16.59,2,0,2,1,0,0,0,0,0,483638.1746,6748017.0602
tieliikenne_2021.1239,1239,POINT (594767.9296 6783845.9503),2021,10,07.00-07.59,2,0,2,0,0,0,0,0,0,594767.9296,6783845.9503
tieliikenne_2021.1240,1240,POINT (479695.0297 6752391.7763),2021,10,12.00-12.59,2,4,1,0,0,1,0,0,0,479695.0297,6752391.7763
tieliikenne_2021.1241,1241,POINT (484346.1908 6748067.1537),2021,10,10.00-10.59,2,8,1,0,0,0,0,0,0,484346.1908,6748067.1537
tieliikenne_2021.1242,1242,POINT (596401.663 6783126.1354),2021,10,14.00-14.59,2,4,1,0,0,1,0,0,0,596401.663,6783126.1354
tieliikenne_2021.1243,1243,POINT (539647.0325 6772174.8932),2021,11,20.00-20.59,2,8,0,0,0,0,0,0,1,539647.0325,6772174.8932
tieliikenne_2021.1244,1244,POINT (565416.8264 6768386.5354),2021,11,18.00-18.59,2,0,2,0,0,0,0,0,0,565416.8264,6768386.5354
tieliikenne_2021.1245,1245,POINT (570216.1376 6771179.9726),2021,11,01.00-01.59,1,0,1,0,0,1,0,0,0,570216.1376,6771179.9726
tieliikenne_2021.1246,1246,POINT (494403.1022 6707765.4172),2021,11,16.00-16.59,2,3,3,0,0,0,0,0,0,494403.1022,6707765.4172
tieliikenne_2021.1247,1247,POINT (496815.5337 6703660.4596),2021,11,17.00-17.59,2,6,1,0,1,0,0,0,0,496815.5337,6703660.4596
tieliikenne_2021.1248,1248,POINT (628804.8033 6814131.0654),2021,11,07.00-07.59,2,8,1,0,0,0,0,0,0,628804.8033,6814131.0654
tieliikenne_2021.1249,1249,POINT (474639.392 6768199.598),2021,11,08.00-08.59,2,8,1,0,0,0,0,0,0,474639.392,6768199.598
tieliikenne_2021.1250,1250,POINT (486853.3817 6762689.0307),2021,11,07.00-07.59,2,8,1,0,0,0,0,0,0,486853.3817,6762689.0307
tieliikenne_2021.1251,1251,POINT (565483.1222 6770230.0338),2021,11,02.00-02.59,1,7,1,0,1,0,0,0,0,565483.1222,6770230.0338
tieliikenne_2021.1252,1252,POINT (509964.5346 6716977.9213),2021,11,13.00-13.59,2,4,1,0,0,1,0,0,0,509964.5346,6716977.9213
tieliikenne_2021.1253,1253,POINT (493326.8863 6703494.2919),2021,11,15.00-15.59,2,6,1,0,2,0,0,0,0,493326.8863,6703494.2919
tieliikenne_2021.1254,1254,POINT (479222.6505 6756388.4649),2021,11,23.00-23.59,2,8,1,0,1,0,0,0,0,479222.6505,6756388.4649
tieliikenne_2021.1255,1255,POINT (487047.824 6750473.4471),2021,11,08.00-08.59,3,1,1,1,0,0,0,0,0,487047.824,6750473.4471
tieliikenne_2021.1256,1256,POINT (477455.3639 6747117.6737),2021,11,15.00-15.59,2,8,1,0,0,0,0,0,0,477455.3639,6747117.6737
tieliikenne_2021.1257,1257,POINT (493037.4884 6704900.3857),2021,11,15.00-15.59,2,1,1,0,0,1,0,0,0,493037.4884,6704900.3857
tieliikenne_2021.1258,1258,POINT (477516.9235 6756312.7064),2021,11,00.00-00.59,2,8,1,0,0,0,0,0,0,477516.9235,6756312.7064
tieliikenne_2021.1259,1259,POINT (486207.6288 6741450.0449),2021,11,00.00-00.59,2,8,1,0,0,0,0,0,0,486207.6288,6741450.0449
tieliikenne_2021.1260,1260,POINT (633388.0013 6822367.6353),2021,11,06.00-06.59,3,2,1,1,0,0,0,0,0,633388.0013,6822367.6353
tieliikenne_2021.1261,1261,POINT (485908.5742 6748849.6084),2021,11,08.00-08.59,2,9,1,0,0,1,0,0,0,485908.5742,6748849.6084
tieliikenne_2021.1262,1262,POINT (497063.2997 6702564.9147),2021,11,15.00-15.59,2,4,1,0,0,1,0,0,0,497063.2997,6702564.9147
tieliikenne_2021.1263,1263,POINT (461606.2137 6770302.0434),2021,11,16.00-16.59,3,2,1,0,0,0,0,0,1,461606.2137,6770302.0434
tieliikenne_2021.1264,1264,POINT (486210.5703 6748451.7203),2021,11,01.00-01.59,2,8,1,0,0,0,0,0,0,486210.5703,6748451.7203
tieliikenne_2021.1265,1265,POINT (554614.9132 6733099.6054),2021,11,17.00-17.59,2,5,2,0,0,0,0,0,0,554614.9132,6733099.6054
tieliikenne_2021.1266,1266,POINT (493784.4466 6706312.3603),2021,11,14.00-14.59,2,9,2,0,1,0,0,0,0,493784.4466,6706312.3603
tieliikenne_2021.1267,1267,POINT (493527.6476 6705669.3909),2021,12,11.00-11.59,2,1,2,0,0,0,0,0,0,493527.6476,6705669.3909
tieliikenne_2021.1268,1268,POINT (573943.4736 6767376.893),2021,12,07.00-07.59,2,8,0,1,0,0,0,0,0,573943.4736,6767376.893
tieliikenne_2021.1269,1269,POINT (477917.2183 6763852.5071),2021,12,07.00-07.59,2,1,1,1,0,0,0,0,0,477917.2183,6763852.5071
tieliikenne_2021.1270,1270,POINT (477760.6428 6751259.1738),2021,12,07.00-07.59,2,8,1,0,0,0,0,0,0,477760.6428,6751259.1738
tieliikenne_2021.1271,1271,POINT (481664.3219 6747822.849),2021,12,16.00-16.59,2,0,2,0,0,0,0,0,0,481664.3219,6747822.849
tieliikenne_2021.1272,1272,POINT (504939.8496 6714863.4494),2021,12,15.00-15.59,2,0,2,0,0,0,0,0,0,504939.8496,6714863.4494
tieliikenne_2021.1273,1273,POINT (489498.0646 6728134.1519),2021,12,18.00-18.59,2,4,1,0,0,0,1,0,0,489498.0646,6728134.1519
tieliikenne_2021.1274,1274,POINT (596362.6343 6784394.9749),2021,12,15.00-15.59,2,6,1,0,1,0,0,0,0,596362.6343,6784394.9749
tieliikenne_2021.1275,1275,POINT (491308.3429 6751321.6329),2021,12,06.00-06.59,2,8,0,1,0,0,0,0,0,491308.3429,6751321.6329
tieliikenne_2021.1276,1276,POINT (625966.1166 6812358.4224),2021,12,15.00-15.59,2,3,2,0,0,0,0,0,0,625966.1166,6812358.4224
tieliikenne_2021.1277,1277,POINT (510039.7713 6719263.6357),2021,12,05.00-05.59,2,5,2,0,0,0,0,0,0,510039.7713,6719263.6357
tieliikenne_2021.1278,1278,POINT (497573.9302 6710771.8656),2021,12,13.00-13.59,2,4,2,0,0,0,0,0,0,497573.9302,6710771.8656
tieliikenne_2021.1279,1279,POINT (485859.2504 6749035.4244),2021,12,01.00-01.59,2,8,1,0,0,0,0,0,0,485859.2504,6749035.4244
tieliikenne_2021.1280,1280,POINT (492948.2206 6707056.9121),2021,12,16.00-16.59,2,1,2,0,0,0,0,0,0,492948.2206,6707056.9121
tieliikenne_2021.1281,1281,POINT (599770.224 6794964.5474),2021,12,14.00-14.59,2,1,3,0,0,0,0,0,0,599770.224,6794964.5474
tieliikenne_2021.1282,1282,POINT (489701.8623 6739556.8295),2021,12,18.00-18.59,2,0,2,0,0,0,0,0,0,489701.8623,6739556.8295
tieliikenne_2021.1283,1283,POINT (495767.5828 6709954.6822),2021,12,22.00-22.59,2,8,1,0,0,0,0,0,0,495767.5828,6709954.6822
tieliikenne_2021.1284,1284,POINT (480702.1308 6755656.2719),2021,12,14.00-14.59,2,5,1,1,0,0,0,0,0,480702.1308,6755656.2719
tieliikenne_2021.1285,1285,POINT (534703.2135 6755144.4265),2021,12,08.00-08.59,2,8,1,0,0,0,0,0,0,534703.2135,6755144.4265
tieliikenne_2021.1286,1286,POINT (246143.9521 6791832.3156),2021,1,22.00-22.59,2,8,0,1,0,0,0,0,0,246143.9521,6791832.3156
tieliikenne_2021.1287,1287,POINT (223596.955 6829192.751),2021,1,10.00-10.59,2,4,1,0,0,1,0,0,0,223596.955,6829192.751
tieliikenne_2021.1288,1288,POINT (258813.7092 6731831.1797),2021,1,09.00-09.59,2,4,1,0,0,0,0,0,1,258813.7092,6731831.1797
tieliikenne_2021.1289,1289,POINT (239215.3087 6709682.552),2021,1,10.00-10.59,2,0,3,0,0,0,0,0,0,239215.3087,6709682.552
tieliikenne_2021.1290,1290,POINT (222336.1541 6827874.8874),2021,1,17.00-17.59,2,4,1,0,0,1,0,0,0,222336.1541,6827874.8874
tieliikenne_2021.1291,1291,POINT (229762.8983 6872937.5238),2021,1,00.00-00.59,1,8,1,0,0,0,0,0,0,229762.8983,6872937.5238
tieliikenne_2021.1292,1292,POINT (261298.9134 6706094.6635),2021,1,18.00-18.59,2,8,1,0,0,0,0,0,0,261298.9134,6706094.6635
tieliikenne_2021.1293,1293,POINT (206209.9412 6789827.0678),2021,1,13.00-13.59,2,5,2,0,0,0,0,0,0,206209.9412,6789827.0678
tieliikenne_2021.1294,1294,POINT (235297.662 6823915.8852),2021,1,14.00-14.59,2,8,1,0,0,0,0,0,0,235297.662,6823915.8852
tieliikenne_2021.1295,1295,POINT (214829.765 6836381.6417),2021,1,08.00-08.59,2,4,1,0,0,1,0,0,0,214829.765,6836381.6417
tieliikenne_2021.1296,1296,POINT (246049.1576 6709313.964),2021,1,15.00-15.59,2,2,4,0,0,0,0,0,0,246049.1576,6709313.964
tieliikenne_2021.1297,1297,POINT (223073.1917 6826566.4482),2021,1,13.00-13.59,2,4,2,0,0,0,0,0,0,223073.1917,6826566.4482
tieliikenne_2021.1298,1298,POINT (238076.3871 6708480.9193),2021,1,13.00-13.59,2,6,1,0,1,0,0,0,0,238076.3871,6708480.9193
tieliikenne_2021.1299,1299,POINT (203180.5721 6794679.5554),2021,1,10.00-10.59,2,8,0,0,0,0,0,0,1,203180.5721,6794679.5554
tieliikenne_2021.1300,1300,POINT (224382.9395 6827126.5477),2021,1,11.00-11.59,2,4,2,0,0,0,0,0,0,224382.9395,6827126.5477
tieliikenne_2021.1301,1301,POINT (239998.0919 6711108.849),2021,1,13.00-13.59,2,6,0,1,1,0,0,0,0,239998.0919,6711108.849
tieliikenne_2021.1302,1302,POINT (220788.9321 6825892.0104),2021,1,13.00-13.59,1,2,1,1,0,0,0,0,0,220788.9321,6825892.0104
tieliikenne_2021.1303,1303,POINT (196781.6515 6753807.975),2021,1,19.00-19.59,2,4,1,0,0,1,0,0,0,196781.6515,6753807.975
tieliikenne_2021.1304,1304,POINT (284716.8489 6696199.6761),2021,1,09.00-09.59,2,7,1,0,1,0,0,0,0,284716.8489,6696199.6761
tieliikenne_2021.1305,1305,POINT (285282.0678 6751791.1362),2021,1,20.00-20.59,2,0,2,0,0,0,0,0,1,285282.0678,6751791.1362
tieliikenne_2021.1306,1306,POINT (253591.8885 6745727.9025),2021,1,15.00-15.59,2,8,1,0,0,0,0,0,0,253591.8885,6745727.9025
tieliikenne_2021.1307,1307,POINT (196856.8729 6753869.4598),2021,1,20.00-20.59,1,4,1,0,0,1,0,0,0,196856.8729,6753869.4598
tieliikenne_2021.1308,1308,POINT (223215.5154 6828159.6012),2021,1,21.00-21.59,2,4,2,0,0,0,0,0,0,223215.5154,6828159.6012
tieliikenne_2021.1309,1309,POINT (331978.2735 6820117.9157),2021,1,01.00-01.59,2,2,2,0,0,0,0,0,0,331978.2735,6820117.9157
tieliikenne_2021.1310,1310,POINT (239774.2492 6711767.9657),2021,1,10.00-10.59,2,1,2,0,0,0,0,0,0,239774.2492,6711767.9657
tieliikenne_2021.1311,1311,POINT (218573.0297 6830304.4634),2021,1,12.00-12.59,2,8,1,0,0,0,0,0,0,218573.0297,6830304.4634
tieliikenne_2021.1312,1312,POINT (241492.6356 6710720.0645),2021,1,12.00-12.59,2,0,3,0,0,0,0,0,0,241492.6356,6710720.0645
tieliikenne_2021.1313,1313,POINT (244189.591 6706225.9436),2021,1,15.00-15.59,2,3,2,0,0,0,0,0,0,244189.591,6706225.9436
tieliikenne_2021.1314,1314,POINT (228696.5364 6792826.505),2021,3,07.00-07.59,1,8,1,0,0,0,0,0,0,228696.5364,6792826.505
tieliikenne_2021.1315,1315,POINT (211888.3411 6815843.325),2021,1,15.00-15.59,2,8,1,0,0,0,0,0,0,211888.3411,6815843.325
tieliikenne_2021.1316,1316,POINT (238439.4188 6713046.8496),2021,1,19.00-19.59,2,6,1,0,1,0,0,0,0,238439.4188,6713046.8496
tieliikenne_2021.1317,1317,POINT (222065.0555 6831193.8691),2021,1,14.00-14.59,2,1,2,0,0,0,0,0,0,222065.0555,6831193.8691
tieliikenne_2021.1318,1318,POINT (247780.475 6778792.41),2021,2,14.00-14.59,2,1,2,1,0,0,0,0,0,247780.475,6778792.41
tieliikenne_2021.1319,1319,POINT (244068.8824 6700864.582),2021,2,07.00-07.59,2,2,3,0,0,0,0,0,0,244068.8824,6700864.582
tieliikenne_2021.1320,1320,POINT (287438.7334 6704631.8494),2021,3,00.00-00.59,2,9,0,0,0,0,0,0,1,287438.7334,6704631.8494
tieliikenne_2021.1321,1321,POINT (250374.4767 6884077.8403),2021,3,19.00-19.59,2,9,1,0,0,0,0,0,0,250374.4767,6884077.8403
tieliikenne_2021.1322,1322,POINT (276226.202 6715577.155),2021,4,20.00-20.59,2,9,1,0,0,0,0,0,0,276226.202,6715577.155
tieliikenne_2021.1323,1323,POINT (219531.4106 6828204.7742),2021,2,15.00-15.59,2,3,2,0,0,0,0,0,0,219531.4106,6828204.7742
tieliikenne_2021.1324,1324,POINT (226536.715 6826995.6937),2021,2,13.00-13.59,2,6,1,0,1,0,0,0,0,226536.715,6826995.6937
tieliikenne_2021.1325,1325,POINT (258179.1083 6683891.6314),2021,4,14.00-14.59,2,9,2,0,0,0,0,1,0,258179.1083,6683891.6314
tieliikenne_2021.1326,1326,POINT (258194.6051 6860794.3772),2021,2,07.00-07.59,2,8,1,0,0,0,0,0,0,258194.6051,6860794.3772
tieliikenne_2021.1327,1327,POINT (224590.1719 6836288.6835),2021,2,15.00-15.59,2,0,2,1,0,0,0,0,0,224590.1719,6836288.6835
tieliikenne_2021.1328,1328,POINT (239794.6083 6712013.8233),2021,2,11.00-11.59,2,0,2,0,0,0,0,0,0,239794.6083,6712013.8233
tieliikenne_2021.1329,1329,POINT (221710.8094 6831051.8942),2021,2,17.00-17.59,1,2,2,0,0,0,0,0,0,221710.8094,6831051.8942
tieliikenne_2021.1330,1330,POINT (243323.8054 6709912.6054),2021,2,11.00-11.59,2,4,2,0,0,0,0,0,0,243323.8054,6709912.6054
tieliikenne_2021.1331,1331,POINT (227015.9088 6723491.6939),2021,2,13.00-13.59,2,8,1,0,0,0,0,0,0,227015.9088,6723491.6939
tieliikenne_2021.1332,1332,POINT (236576.0481 6802670.9734),2021,2,13.00-13.59,2,8,0,1,0,0,0,0,0,236576.0481,6802670.9734
tieliikenne_2021.1333,1333,POINT (252427.673 6881459.2841),2021,2,15.00-15.59,2,8,1,0,0,0,0,0,0,252427.673,6881459.2841
tieliikenne_2021.1334,1334,POINT (236940.724 6808703.3588),2021,5,00.00-00.59,2,9,1,0,0,0,0,0,0,236940.724,6808703.3588
tieliikenne_2021.1335,1335,POINT (219025.1637 6766357.9424),2021,5,16.00-16.59,2,9,0,0,0,0,0,1,0,219025.1637,6766357.9424
tieliikenne_2021.1336,1336,POINT (226026.7953 6821790.1117),2021,2,18.00-18.59,2,1,3,0,0,0,0,0,0,226026.7953,6821790.1117
tieliikenne_2021.1337,1337,POINT (298770.2853 6761923.0185),2021,3,16.00-16.59,3,1,1,1,0,0,0,0,0,298770.2853,6761923.0185
tieliikenne_2021.1338,1338,POINT (242029.9228 6714284.7182),2021,3,15.00-15.59,2,1,1,0,0,1,0,0,0,242029.9228,6714284.7182
tieliikenne_2021.1339,1339,POINT (262493.921 6855895.6042),2021,3,10.00-10.59,2,8,1,0,0,0,0,0,0,262493.921,6855895.6042
tieliikenne_2021.1340,1340,POINT (219918.6903 6829363.9704),2021,3,16.00-16.59,2,5,1,0,0,0,1,0,0,219918.6903,6829363.9704
tieliikenne_2021.1341,1341,POINT (206215.7205 6789760.7066),2021,3,19.00-19.59,2,5,2,0,0,0,0,0,0,206215.7205,6789760.7066
tieliikenne_2021.1342,1342,POINT (241777.1082 6710080.3765),2021,3,20.00-20.59,3,3,1,0,0,0,0,0,1,241777.1082,6710080.3765
tieliikenne_2021.1343,1343,POINT (222348.9263 6846717.2774),2021,6,18.00-18.59,2,0,1,0,0,0,0,1,0,222348.9263,6846717.2774
tieliikenne_2021.1344,1344,POINT (227016.6943 6839602.1622),2021,3,10.00-10.59,2,4,2,0,0,0,0,0,0,227016.6943,6839602.1622
tieliikenne_2021.1345,1345,POINT (197925.5181 6753692.3048),2021,3,14.00-14.59,2,0,1,1,0,0,0,0,0,197925.5181,6753692.3048
tieliikenne_2021.1346,1346,POINT (322179.0876 6717822.2688),2021,7,00.00-00.59,2,9,0,0,0,0,0,1,0,322179.0876,6717822.2688
tieliikenne_2021.1347,1347,POINT (241313.2629 6716466.827),2021,3,11.00-11.59,2,0,3,0,0,0,0,0,0,241313.2629,6716466.827
tieliikenne_2021.1348,1348,POINT (242006.4669 6717116.947),2021,3,12.00-12.59,2,0,2,1,0,0,0,0,0,242006.4669,6717116.947
tieliikenne_2021.1349,1349,POINT (223762.7298 6832051.9582),2021,3,23.00-23.59,2,8,1,0,0,0,0,0,0,223762.7298,6832051.9582
tieliikenne_2021.1350,1350,POINT (241068.8745 6710831.8355),2021,3,16.00-16.59,2,4,2,0,0,0,0,0,0,241068.8745,6710831.8355
tieliikenne_2021.1351,1351,POINT (218307.5933 6830548.5941),2021,7,06.00-06.59,2,9,1,0,0,0,0,0,0,218307.5933,6830548.5941
tieliikenne_2021.1352,1352,POINT (240703.082 6768334.1524),2021,7,21.00-21.59,2,9,0,0,0,0,0,1,0,240703.082,6768334.1524
tieliikenne_2021.1353,1353,POINT (287363.4421 6697366.1222),2021,3,12.00-12.59,2,3,2,0,0,0,0,0,0,287363.4421,6697366.1222
tieliikenne_2021.1354,1354,POINT (220551.9011 6824625.7555),2021,7,10.00-10.59,1,9,0,0,0,1,0,0,0,220551.9011,6824625.7555
tieliikenne_2021.1355,1355,POINT (205859.8174 6777865.2719),2021,3,18.00-18.59,2,0,1,0,0,0,0,0,1,205859.8174,6777865.2719
tieliikenne_2021.1356,1356,POINT (258686.6939 6859623.813),2021,3,21.00-21.59,3,8,1,0,0,0,0,0,0,258686.6939,6859623.813
tieliikenne_2021.1357,1357,POINT (223219.9209 6827848.8578),2021,7,14.00-14.59,2,4,1,0,0,1,0,0,0,223219.9209,6827848.8578
tieliikenne_2021.1358,1358,POINT (239615.7318 6693044.4967),2021,3,06.00-06.59,2,4,1,0,0,0,1,0,0,239615.7318,6693044.4967
tieliikenne_2021.1359,1359,POINT (245784.9805 6762456.7073),2021,8,14.00-14.59,2,9,0,0,0,0,0,1,0,245784.9805,6762456.7073
tieliikenne_2021.1360,1360,POINT (196906.0536 6752952.0334),2021,3,10.00-10.59,2,4,1,1,0,0,0,0,0,196906.0536,6752952.0334
tieliikenne_2021.1361,1361,POINT (246107.8286 6716241.1818),2021,3,02.00-02.59,2,8,1,0,0,0,0,0,0,246107.8286,6716241.1818
tieliikenne_2021.1362,1362,POINT (238990.8084 6723678.2673),2021,3,15.00-15.59,2,8,0,0,0,0,0,0,1,238990.8084,6723678.2673
tieliikenne_2021.1363,1363,POINT (222140.3516 6830570.27),2021,8,21.00-21.59,2,0,1,0,0,0,1,0,0,222140.3516,6830570.27
tieliikenne_2021.1364,1364,POINT (327695.6916 6711925.2315),2021,8,13.00-13.59,2,9,0,0,0,0,0,1,0,327695.6916,6711925.2315
tieliikenne_2021.1365,1365,POINT (286450.8506 6699396.2199),2021,3,15.00-15.59,2,0,1,0,0,1,0,0,0,286450.8506,6699396.2199
tieliikenne_2021.1366,1366,POINT (240374.4944 6712764.5715),2021,4,07.00-07.59,2,4,1,0,0,1,0,0,0,240374.4944,6712764.5715
tieliikenne_2021.1367,1367,POINT (235852.6142 6811914.3354),2021,4,09.00-09.59,2,8,1,0,0,0,0,0,0,235852.6142,6811914.3354
tieliikenne_2021.1368,1368,POINT (219690.8867 6829130.3366),2021,4,18.00-18.59,2,9,0,0,0,0,0,1,0,219690.8867,6829130.3366
tieliikenne_2021.1369,1369,POINT (263777.7873 6790449.1351),2021,9,22.00-22.59,2,9,1,0,0,0,0,0,0,263777.7873,6790449.1351
tieliikenne_2021.1370,1370,POINT (267667.6481 6710941.0627),2021,9,07.00-07.59,2,9,0,0,0,0,0,1,0,267667.6481,6710941.0627
tieliikenne_2021.1371,1371,POINT (227715.3689 6862738.5695),2021,9,20.00-20.59,1,8,1,0,0,0,0,0,0,227715.3689,6862738.5695
tieliikenne_2021.1372,1372,POINT (240846.9788 6715255.9929),2021,4,11.00-11.59,2,8,0,0,0,0,0,0,1,240846.9788,6715255.9929
tieliikenne_2021.1373,1373,POINT (211255.8505 6837997.796),2021,4,15.00-15.59,2,2,0,0,0,1,1,0,0,211255.8505,6837997.796
tieliikenne_2021.1374,1374,POINT (270286.9448 6787598.6928),2021,9,20.00-20.59,3,9,1,0,0,0,0,0,0,270286.9448,6787598.6928
tieliikenne_2021.1375,1375,POINT (208725.1525 6844151.7038),2021,4,10.00-10.59,3,8,1,0,0,0,0,0,0,208725.1525,6844151.7038
tieliikenne_2021.1376,1376,POINT (265908.2304 6720733.4569),2021,9,19.00-19.59,2,9,2,0,0,0,0,0,0,265908.2304,6720733.4569
tieliikenne_2021.1377,1377,POINT (219325.158 6861935.3403),2021,8,17.00-17.59,2,8,0,1,0,0,0,0,0,219325.158,6861935.3403
tieliikenne_2021.1378,1378,POINT (195828.2078 6753558.9219),2021,4,10.00-10.59,2,4,2,0,0,0,0,0,0,195828.2078,6753558.9219
tieliikenne_2021.1379,1379,POINT (287384.4877 6700319.2765),2021,4,21.00-21.59,2,0,0,0,0,0,1,0,2,287384.4877,6700319.2765
tieliikenne_2021.1380,1380,POINT (222356.9993 6830103.3698),2021,4,23.00-23.59,1,8,1,0,0,0,0,0,0,222356.9993,6830103.3698
tieliikenne_2021.1381,1381,POINT (229635.6888 6713847.6479),2021,4,17.00-17.59,3,2,2,0,0,0,0,0,0,229635.6888,6713847.6479
tieliikenne_2021.1382,1382,POINT (265828.1087 6754165.4787),2021,4,06.00-06.59,2,8,1,0,0,0,0,0,0,265828.1087,6754165.4787
tieliikenne_2021.1383,1383,POINT (225810.6472 6825085.4308),2021,4,12.00-12.59,2,8,1,0,0,0,0,0,0,225810.6472,6825085.4308
tieliikenne_2021.1384,1384,POINT (205626.1468 6794679.3769),2021,4,14.00-14.59,3,8,0,0,0,0,0,1,0,205626.1468,6794679.3769
tieliikenne_2021.1385,1385,POINT (286542.9482 6701720.9826),2021,4,15.00-15.59,2,1,1,0,0,1,0,0,0,286542.9482,6701720.9826
tieliikenne_2021.1386,1386,POINT (287705.1463 6704281.673),2021,4,13.00-13.59,2,0,1,1,0,0,0,0,0,287705.1463,6704281.673
tieliikenne_2021.1387,1387,POINT (239270.7794 6716303.8505),2021,4,15.00-15.59,2,0,5,0,0,0,0,0,0,239270.7794,6716303.8505
tieliikenne_2021.1388,1388,POINT (222685.3098 6827169.897),2021,4,07.00-07.59,2,4,1,0,0,1,0,0,0,222685.3098,6827169.897
tieliikenne_2021.1389,1389,POINT (219673.2874 6767184.7952),2021,4,14.00-14.59,2,8,1,0,0,0,0,0,0,219673.2874,6767184.7952
tieliikenne_2021.1390,1390,POINT (270584.2266 6894230.9042),2021,4,18.00-18.59,2,5,1,0,0,0,0,1,0,270584.2266,6894230.9042
tieliikenne_2021.1391,1391,POINT (215830.4261 6738879.3919),2021,10,08.00-08.59,2,9,1,0,0,0,0,0,0,215830.4261,6738879.3919
tieliikenne_2021.1392,1392,POINT (259312.3259 6732498.1493),2021,4,18.00-18.59,3,4,1,0,0,0,1,0,0,259312.3259,6732498.1493
tieliikenne_2021.1393,1393,POINT (225792.4286 6823867.4335),2021,4,16.00-16.59,2,4,2,0,0,0,0,0,0,225792.4286,6823867.4335
tieliikenne_2021.1394,1394,POINT (258549.7512 6732260.6204),2021,4,17.00-17.59,2,3,1,0,0,0,0,0,1,258549.7512,6732260.6204
tieliikenne_2021.1395,1395,POINT (270807.4623 6871197.9701),2021,10,19.00-19.59,3,9,1,0,0,0,0,0,0,270807.4623,6871197.9701
tieliikenne_2021.1396,1396,POINT (244059.4886 6704785.6707),2021,4,10.00-10.59,2,4,1,0,0,1,0,0,0,244059.4886,6704785.6707
tieliikenne_2021.1397,1397,POINT (257660.5996 6860771.7139),2021,4,07.00-07.59,2,4,2,0,0,0,0,0,0,257660.5996,6860771.7139
tieliikenne_2021.1398,1398,POINT (264837.0685 6791569.2823),2021,4,08.00-08.59,2,0,2,0,0,0,0,0,0,264837.0685,6791569.2823
tieliikenne_2021.1399,1399,POINT (235070.9278 6713647.5383),2021,4,09.00-09.59,2,4,1,0,0,0,1,0,0,235070.9278,6713647.5383
tieliikenne_2021.1400,1400,POINT (233313.8705 6713851.2495),2021,4,17.00-17.59,2,5,1,0,0,0,1,0,0,233313.8705,6713851.2495
tieliikenne_2021.1401,1401,POINT (254856.7602 6704713.9004),2021,4,20.00-20.59,3,2,2,0,0,0,0,0,0,254856.7602,6704713.9004
tieliikenne_2021.1402,1402,POINT (264688.6451 6718102.6329),2021,4,06.00-06.59,2,2,2,0,0,0,0,0,0,264688.6451,6718102.6329
tieliikenne_2021.1403,1403,POINT (289338.1091 6705271.6917),2021,4,20.00-20.59,2,3,1,0,0,0,0,1,0,289338.1091,6705271.6917
tieliikenne_2021.1404,1404,POINT (269292.0917 6791081.7837),2021,4,14.00-14.59,2,4,1,0,0,1,0,0,0,269292.0917,6791081.7837
tieliikenne_2021.1405,1405,POINT (290536.95 6749281.045),2021,4,16.00-16.59,3,4,1,0,0,0,1,0,0,290536.95,6749281.045
tieliikenne_2021.1406,1406,POINT (219609.8933 6726061.4316),2021,11,17.00-17.59,2,9,1,0,0,0,0,0,0,219609.8933,6726061.4316
tieliikenne_2021.1407,1407,POINT (255404.3236 6728956.7685),2021,11,06.00-06.59,2,9,1,0,0,0,0,0,0,255404.3236,6728956.7685
tieliikenne_2021.1408,1408,POINT (222091.6391 6826992.4346),2021,4,15.00-15.59,2,1,2,0,0,0,0,0,0,222091.6391,6826992.4346
tieliikenne_2021.1409,1409,POINT (231111.1889 6821743.9767),2021,5,09.00-09.59,2,8,1,0,0,0,0,0,0,231111.1889,6821743.9767
tieliikenne_2021.1410,1410,POINT (263596.9143 6766756.6917),2021,11,16.00-16.59,2,8,1,0,0,0,0,0,0,263596.9143,6766756.6917
tieliikenne_2021.1411,1411,POINT (241076.3216 6710686.699),2021,11,21.00-21.59,2,7,1,0,1,0,0,0,0,241076.3216,6710686.699
tieliikenne_2021.1412,1412,POINT (230295.4532 6713607.4698),2021,5,20.00-20.59,2,0,2,0,0,0,0,0,0,230295.4532,6713607.4698
tieliikenne_2021.1413,1413,POINT (275456.9774 6857044.3693),2021,5,21.00-21.59,2,0,2,0,0,0,0,0,0,275456.9774,6857044.3693
tieliikenne_2021.1414,1414,POINT (229688.9922 6773237.7971),2021,5,13.00-13.59,2,8,1,0,0,0,0,0,0,229688.9922,6773237.7971
tieliikenne_2021.1415,1415,POINT (222149.9279 6828407.6),2021,5,14.00-14.59,2,0,1,0,0,0,0,0,1,222149.9279,6828407.6
tieliikenne_2021.1416,1416,POINT (243950.8581 6715479.8594),2021,5,22.00-22.59,2,5,0,0,0,0,2,0,0,243950.8581,6715479.8594
tieliikenne_2021.1417,1417,POINT (216146.2295 6832530.1529),2021,5,13.00-13.59,2,5,2,0,0,0,0,0,0,216146.2295,6832530.1529
tieliikenne_2021.1418,1418,POINT (239549.3437 6710599.7113),2021,5,12.00-12.59,2,7,0,0,1,1,0,0,0,239549.3437,6710599.7113
tieliikenne_2021.1419,1419,POINT (226214.9461 6820780.8393),2021,5,12.00-12.59,2,4,1,0,0,0,1,0,0,226214.9461,6820780.8393
tieliikenne_2021.1420,1420,POINT (254755.3356 6714936.239),2021,5,15.00-15.59,2,8,0,0,0,0,0,0,1,254755.3356,6714936.239
tieliikenne_2021.1421,1421,POINT (222635.4767 6827647.4784),2021,5,17.00-17.59,2,3,1,0,0,0,0,1,0,222635.4767,6827647.4784
tieliikenne_2021.1422,1422,POINT (286649.1875 6700727.1999),2021,5,20.00-20.59,2,6,1,0,2,0,0,0,0,286649.1875,6700727.1999
tieliikenne_2021.1423,1423,POINT (237358.5632 6707919.7312),2021,5,08.00-08.59,2,1,1,0,0,1,0,0,0,237358.5632,6707919.7312
tieliikenne_2021.1424,1424,POINT (241967.2318 6710746.5287),2021,5,12.00-12.59,3,0,2,0,0,0,0,0,0,241967.2318,6710746.5287
tieliikenne_2021.1425,1425,POINT (205124.2969 6789614.4086),2021,5,13.00-13.59,2,4,1,0,0,1,0,0,0,205124.2969,6789614.4086
tieliikenne_2021.1426,1426,POINT (247285.6611 6859143.8004),2021,5,14.00-14.59,2,3,2,0,0,0,0,0,0,247285.6611,6859143.8004
tieliikenne_2021.1427,1427,POINT (245837.0797 6706882.9619),2021,5,07.00-07.59,2,8,1,0,0,0,0,0,0,245837.0797,6706882.9619
tieliikenne_2021.1428,1428,POINT (237094.9901 6683750.1234),2021,5,10.00-10.59,1,8,1,0,0,0,0,0,0,237094.9901,6683750.1234
tieliikenne_2021.1429,1429,POINT (268516.8827 6789854.9913),2021,5,14.00-14.59,2,6,1,0,1,0,0,0,0,268516.8827,6789854.9913
tieliikenne_2021.1430,1430,POINT (249404.6267 6715298.2541),2021,5,23.00-23.59,2,1,0,0,0,0,2,0,0,249404.6267,6715298.2541
tieliikenne_2021.1431,1431,POINT (206238.7706 6755634.4846),2021,5,08.00-08.59,2,8,1,0,0,0,0,0,0,206238.7706,6755634.4846
tieliikenne_2021.1432,1432,POINT (252372.7738 6752979.0486),2021,5,11.00-11.59,2,0,2,1,0,0,0,0,0,252372.7738,6752979.0486
tieliikenne_2021.1433,1433,POINT (246626.7864 6754988.1433),2021,5,16.00-16.59,2,8,0,0,0,0,0,1,0,246626.7864,6754988.1433
tieliikenne_2021.1434,1434,POINT (239176.3159 6716292.0582),2021,5,13.00-13.59,2,0,1,0,0,0,0,0,1,239176.3159,6716292.0582
tieliikenne_2021.1435,1435,POINT (248564.1755 6883535.3095),2021,5,08.00-08.59,2,8,1,0,0,0,0,0,0,248564.1755,6883535.3095
tieliikenne_2021.1436,1436,POINT (244248.7111 6713519.5366),2021,5,16.00-16.59,2,0,2,1,0,0,0,0,0,244248.7111,6713519.5366
tieliikenne_2021.1437,1437,POINT (219162.2997 6737668.0576),2021,5,15.00-15.59,2,8,0,0,0,0,0,1,0,219162.2997,6737668.0576
tieliikenne_2021.1438,1438,POINT (222111.947 6800958.741),2021,5,18.00-18.59,2,9,0,0,0,0,0,1,0,222111.947,6800958.741
tieliikenne_2021.1439,1439,POINT (245835.3605 6709799.5954),2021,5,08.00-08.59,2,0,1,2,0,0,0,0,0,245835.3605,6709799.5954
tieliikenne_2021.1440,1440,POINT (241005.2918 6710645.5678),2021,5,09.00-09.59,2,4,2,0,0,0,0,0,0,241005.2918,6710645.5678
tieliikenne_2021.1441,1441,POINT (233144.1221 6715404.8919),2021,5,02.00-02.59,2,4,2,0,0,0,0,0,0,233144.1221,6715404.8919
tieliikenne_2021.1442,1442,POINT (282677.6564 6747937.0348),2021,5,21.00-21.59,1,4,1,0,0,0,0,0,1,282677.6564,6747937.0348
tieliikenne_2021.1443,1443,POINT (239788.6436 6711455.3467),2021,5,12.00-12.59,2,7,0,2,1,0,0,0,0,239788.6436,6711455.3467
tieliikenne_2021.1444,1444,POINT (228429.9497 6715724.72),2021,5,19.00-19.59,2,7,0,0,1,0,0,1,0,228429.9497,6715724.72
tieliikenne_2021.1445,1445,POINT (251419.5863 6725534.442),2021,5,02.00-02.59,2,8,1,0,0,0,0,0,0,251419.5863,6725534.442
tieliikenne_2021.1446,1446,POINT (244661.708 6705892.3731),2021,5,11.00-11.59,3,4,1,0,0,1,0,0,0,244661.708,6705892.3731
tieliikenne_2021.1447,1447,POINT (191764.1866 6725527.4443),2021,5,22.00-22.59,2,8,1,0,0,0,0,0,0,191764.1866,6725527.4443
tieliikenne_2021.1448,1448,POINT (260171.0575 6709438.7924),2021,5,03.00-03.59,2,8,1,0,0,0,0,0,0,260171.0575,6709438.7924
tieliikenne_2021.1449,1449,POINT (239367.1036 6785751.796),2021,5,12.00-12.59,2,5,1,0,0,1,0,0,0,239367.1036,6785751.796
tieliikenne_2021.1450,1450,POINT (241578.2579 6707871.675),2021,5,12.00-12.59,2,5,1,0,0,1,0,0,0,241578.2579,6707871.675
tieliikenne_2021.1451,1451,POINT (223095.4972 6826581.2908),2021,5,11.00-11.59,2,4,1,0,0,1,0,0,0,223095.4972,6826581.2908
tieliikenne_2021.1452,1452,POINT (245776.1231 6709554.2534),2021,5,17.00-17.59,2,0,2,0,0,0,0,0,0,245776.1231,6709554.2534
tieliikenne_2021.1453,1453,POINT (228109.4321 6839379.3188),2021,5,18.00-18.59,2,2,1,0,0,0,1,0,0,228109.4321,6839379.3188
tieliikenne_2021.1454,1454,POINT (260193.2408 6732789.1603),2021,5,18.00-18.59,2,0,2,0,0,0,0,1,0,260193.2408,6732789.1603
tieliikenne_2021.1455,1455,POINT (267204.6664 6865548.0078),2021,6,12.00-12.59,2,0,0,1,0,0,0,0,1,267204.6664,6865548.0078
tieliikenne_2021.1456,1456,POINT (196060.6215 6753580.232),2021,6,12.00-12.59,2,4,1,0,0,0,0,1,0,196060.6215,6753580.232
tieliikenne_2021.1457,1457,POINT (234960.1185 6715531.5574),2021,6,16.00-16.59,2,0,3,0,0,0,0,0,0,234960.1185,6715531.5574
tieliikenne_2021.1458,1458,POINT (239043.4276 6713932.6313),2021,6,18.00-18.59,2,4,1,0,0,1,0,0,0,239043.4276,6713932.6313
tieliikenne_2021.1459,1459,POINT (309908.3806 6726284.6158),2021,6,08.00-08.59,2,4,1,0,0,1,0,0,0,309908.3806,6726284.6158
tieliikenne_2021.1460,1460,POINT (236394.287 6712875.0222),2021,6,22.00-22.59,2,8,1,0,0,0,0,0,0,236394.287,6712875.0222
tieliikenne_2021.1461,1461,POINT (240416.3103 6710785.4795),2021,6,13.00-13.59,2,0,2,0,0,0,0,0,0,240416.3103,6710785.4795
tieliikenne_2021.1462,1462,POINT (223486.4597 6828197.9033),2021,6,15.00-15.59,2,1,1,0,0,1,0,0,0,223486.4597,6828197.9033
tieliikenne_2021.1463,1463,POINT (228064.7378 6839364.3854),2021,6,16.00-16.59,3,2,0,0,0,0,2,0,0,228064.7378,6839364.3854
tieliikenne_2021.1464,1464,POINT (276376.6568 6715419.2167),2021,6,20.00-20.59,2,0,1,0,0,0,0,0,1,276376.6568,6715419.2167
tieliikenne_2021.1465,1465,POINT (310709.332 6711383.1786),2021,6,18.00-18.59,1,2,1,0,0,0,0,1,0,310709.332,6711383.1786
tieliikenne_2021.1466,1466,POINT (234656.8222 6712466.9824),2021,6,08.00-08.59,2,4,2,0,0,0,0,0,0,234656.8222,6712466.9824
tieliikenne_2021.1467,1467,POINT (247764.6034 6799944.4067),2021,6,11.00-11.59,2,7,1,0,1,0,0,0,0,247764.6034,6799944.4067
tieliikenne_2021.1468,1468,POINT (238859.903 6711615.3688),2021,6,15.00-15.59,2,6,1,0,1,0,0,0,0,238859.903,6711615.3688
tieliikenne_2021.1469,1469,POINT (227187.6959 6841035.293),2021,6,11.00-11.59,2,4,2,0,0,0,0,0,0,227187.6959,6841035.293
tieliikenne_2021.1470,1470,POINT (288445.5583 6700841.896),2021,6,17.00-17.59,2,1,1,0,0,0,0,1,0,288445.5583,6700841.896
tieliikenne_2021.1471,1471,POINT (244201.7335 6706236.9088),2021,6,13.00-13.59,2,0,2,0,0,0,0,0,0,244201.7335,6706236.9088
tieliikenne_2021.1472,1472,POINT (209257.901 6730967.0714),2021,6,17.00-17.59,2,8,1,0,0,0,0,0,0,209257.901,6730967.0714
tieliikenne_2021.1473,1473,POINT (240381.4446 6706770.3469),2021,6,19.00-19.59,2,3,1,0,0,1,0,0,0,240381.4446,6706770.3469
tieliikenne_2021.1474,1474,POINT (237974.751 6705677.4417),2021,6,01.00-01.59,2,0,0,0,0,0,2,0,0,237974.751,6705677.4417
tieliikenne_2021.1475,1475,POINT (240033.5973 6709875.8057),2021,6,13.00-13.59,2,4,1,0,0,1,0,0,0,240033.5973,6709875.8057
tieliikenne_2021.1476,1476,POINT (240032.1025 6709878.5916),2021,6,15.00-15.59,2,4,1,0,0,1,0,0,0,240032.1025,6709878.5916
tieliikenne_2021.1477,1477,POINT (248993.3979 6667608.7973),2021,6,15.00-15.59,2,0,1,0,0,1,0,0,0,248993.3979,6667608.7973
tieliikenne_2021.1478,1478,POINT (250424.315 6711426.2982),2021,6,19.00-19.59,2,8,1,0,0,0,0,0,0,250424.315,6711426.2982
tieliikenne_2021.1479,1479,POINT (259000.6606 6740310.4972),2021,6,21.00-21.59,3,4,0,1,0,0,0,0,1,259000.6606,6740310.4972
tieliikenne_2021.1480,1480,POINT (246717.9061 6705844.2012),2021,6,17.00-17.59,3,4,1,0,0,1,0,0,0,246717.9061,6705844.2012
tieliikenne_2021.1481,1481,POINT (289061.8447 6698287.8405),2021,6,23.00-23.59,2,8,1,0,0,0,0,0,0,289061.8447,6698287.8405
tieliikenne_2021.1482,1482,POINT (212441.0904 6762331.8633),2021,6,01.00-01.59,3,0,1,0,0,0,1,0,0,212441.0904,6762331.8633
tieliikenne_2021.1483,1483,POINT (216488.0113 6683668.9938),2021,6,13.00-13.59,1,2,1,0,0,0,0,1,0,216488.0113,6683668.9938
tieliikenne_2021.1484,1484,POINT (285196.4219 6680550.5822),2021,6,20.00-20.59,2,8,0,0,0,0,0,1,0,285196.4219,6680550.5822
tieliikenne_2021.1485,1485,POINT (223217.993 6827842.6897),2021,6,13.00-13.59,3,4,2,0,0,1,0,0,0,223217.993,6827842.6897
tieliikenne_2021.1486,1486,POINT (217308.4171 6756219.1378),2021,6,12.00-12.59,2,0,3,0,0,0,0,0,0,217308.4171,6756219.1378
tieliikenne_2021.1487,1487,POINT (257373.6068 6861297.168),2021,6,16.00-16.59,2,5,2,0,0,0,0,0,0,257373.6068,6861297.168
tieliikenne_2021.1488,1488,POINT (249416.2322 6800504.6627),2021,6,09.00-09.59,2,3,1,0,0,1,0,0,0,249416.2322,6800504.6627
tieliikenne_2021.1489,1489,POINT (238913.1311 6714689.0269),2021,6,22.00-22.59,2,2,2,0,0,0,0,0,0,238913.1311,6714689.0269
tieliikenne_2021.1490,1490,POINT (245801.3924 6707050.1089),2021,6,12.00-12.59,2,1,1,0,0,1,0,0,0,245801.3924,6707050.1089
tieliikenne_2021.1491,1491,POINT (288642.2336 6731138.9193),2021,6,13.00-13.59,2,0,1,0,0,0,0,1,0,288642.2336,6731138.9193
tieliikenne_2021.1492,1492,POINT (246374.8594 6713831.7166),2021,6,15.00-15.59,2,0,2,0,0,0,0,0,0,246374.8594,6713831.7166
tieliikenne_2021.1493,1493,POINT (300999.5803 6717759.5845),2021,6,09.00-09.59,2,4,2,0,0,0,0,0,0,300999.5803,6717759.5845
tieliikenne_2021.1494,1494,POINT (289178.5716 6702526.5523),2021,6,21.00-21.59,3,7,0,0,1,0,0,1,0,289178.5716,6702526.5523
tieliikenne_2021.1495,1495,POINT (235025.912 6715579.611),2021,6,13.00-13.59,3,8,0,0,0,0,0,1,0,235025.912,6715579.611
tieliikenne_2021.1496,1496,POINT (239685.9512 6712247.8408),2021,6,15.00-15.59,2,0,1,0,0,0,0,1,0,239685.9512,6712247.8408
tieliikenne_2021.1497,1497,POINT (229038.7869 6715981.1771),2021,6,16.00-16.59,2,8,1,0,0,0,0,0,0,229038.7869,6715981.1771
tieliikenne_2021.1498,1498,POINT (287830.7227 6672540.2462),2021,6,17.00-17.59,3,3,3,0,0,0,0,0,0,287830.7227,6672540.2462
tieliikenne_2021.1499,1499,POINT (219271.53 6828668.3847),2021,6,17.00-17.59,2,0,4,0,0,0,0,0,0,219271.53,6828668.3847
tieliikenne_2021.1500,1500,POINT (233671.31 6793919.6662),2021,6,16.00-16.59,2,2,2,0,0,0,0,0,0,233671.31,6793919.6662
tieliikenne_2021.1501,1501,POINT (236988.5382 6788397.0974),2021,6,10.00-10.59,2,0,2,0,0,0,0,0,0,236988.5382,6788397.0974
tieliikenne_2021.1502,1502,POINT (239366.2728 6711423.4635),2021,6,21.00-21.59,2,0,1,0,0,1,0,0,0,239366.2728,6711423.4635
tieliikenne_2021.1503,1503,POINT (229706.6824 6772244.978),2021,6,23.00-23.59,2,9,0,0,0,0,1,0,0,229706.6824,6772244.978
tieliikenne_2021.1504,1504,POINT (212818.2543 6835859.7015),2021,6,12.00-12.59,2,1,1,0,0,1,0,0,0,212818.2543,6835859.7015
tieliikenne_2021.1505,1505,POINT (222541.5337 6828458.7947),2021,6,13.00-13.59,2,1,1,0,0,1,0,0,0,222541.5337,6828458.7947
tieliikenne_2021.1506,1506,POINT (244641.2425 6720003.4713),2021,6,14.00-14.59,2,8,0,0,0,0,0,0,1,244641.2425,6720003.4713
tieliikenne_2021.1507,1507,POINT (311258.2641 6699816.8324),2021,6,12.00-12.59,1,0,2,0,0,0,0,0,0,311258.2641,6699816.8324
tieliikenne_2021.1508,1508,POINT (240678.1602 6710459.6352),2021,6,18.00-18.59,2,0,2,0,0,0,0,0,0,240678.1602,6710459.6352
tieliikenne_2021.1509,1509,POINT (223172.7597 6827698.6854),2021,6,10.00-10.59,2,4,1,0,0,1,0,0,0,223172.7597,6827698.6854
tieliikenne_2021.1510,1510,POINT (216040.4204 6786780.3501),2021,6,15.00-15.59,2,8,2,0,0,0,0,0,0,216040.4204,6786780.3501
tieliikenne_2021.1511,1511,POINT (209965.5895 6796799.1447),2021,6,12.00-12.59,2,8,1,0,0,0,0,0,0,209965.5895,6796799.1447
tieliikenne_2021.1512,1512,POINT (190586.3073 6725463.4486),2021,6,18.00-18.59,3,8,0,0,0,0,0,1,0,190586.3073,6725463.4486
tieliikenne_2021.1513,1513,POINT (234425.9041 6702705.9363),2021,6,20.00-20.59,2,1,1,0,0,0,1,0,0,234425.9041,6702705.9363
tieliikenne_2021.1514,1514,POINT (239982.307 6709968.173),2021,6,10.00-10.59,2,4,1,0,0,1,0,0,0,239982.307,6709968.173
tieliikenne_2021.1515,1515,POINT (309484.2319 6726559.6047),2021,6,18.00-18.59,2,4,1,0,0,0,1,0,0,309484.2319,6726559.6047
tieliikenne_2021.1516,1516,POINT (226149.2122 6738800.261),2021,6,10.00-10.59,2,1,1,0,0,0,0,0,1,226149.2122,6738800.261
tieliikenne_2021.1517,1517,POINT (242078.2233 6708122.9206),2021,6,11.00-11.59,2,4,1,0,0,2,0,0,0,242078.2233,6708122.9206
tieliikenne_2021.1518,1518,POINT (252924.2997 6709525.5119),2021,6,12.00-12.59,2,0,4,0,0,0,0,0,0,252924.2997,6709525.5119
tieliikenne_2021.1519,1519,POINT (228701.3473 6726138.6843),2021,7,07.00-07.59,2,8,1,0,0,0,0,0,0,228701.3473,6726138.6843
tieliikenne_2021.1520,1520,POINT (241758.1313 6806601.7608),2021,7,13.00-13.59,2,8,1,0,0,0,0,0,0,241758.1313,6806601.7608
tieliikenne_2021.1521,1521,POINT (200717.1197 6726506.7893),2021,7,18.00-18.59,2,3,2,0,0,0,0,0,0,200717.1197,6726506.7893
tieliikenne_2021.1522,1522,POINT (230832.7487 6716457.8907),2021,7,03.00-03.59,2,8,1,0,0,0,0,0,0,230832.7487,6716457.8907
tieliikenne_2021.1523,1523,POINT (235489.4397 6714359.5754),2021,7,15.00-15.59,2,0,2,0,0,0,0,0,0,235489.4397,6714359.5754
tieliikenne_2021.1524,1524,POINT (227912.6781 6725757.1012),2021,7,21.00-21.59,3,0,0,0,0,0,0,0,2,227912.6781,6725757.1012
tieliikenne_2021.1525,1525,POINT (234854.9417 6715628.9923),2021,7,09.00-09.59,2,3,1,0,0,0,0,1,0,234854.9417,6715628.9923
tieliikenne_2021.1526,1526,POINT (253851.1456 6724369.4579),2021,7,13.00-13.59,3,8,0,0,0,0,0,0,1,253851.1456,6724369.4579
tieliikenne_2021.1527,1527,POINT (220067.7546 6829424.0151),2021,7,17.00-17.59,1,4,0,0,0,0,0,1,1,220067.7546,6829424.0151
tieliikenne_2021.1528,1528,POINT (209267.583 6715526.15),2021,7,16.00-16.59,1,8,0,0,0,0,0,1,0,209267.583,6715526.15
tieliikenne_2021.1529,1529,POINT (240923.4278 6711072.0135),2021,7,12.00-12.59,2,4,1,0,0,1,0,0,0,240923.4278,6711072.0135
tieliikenne_2021.1530,1530,POINT (223218.0914 6827843.0045),2021,7,16.00-16.59,2,1,1,0,0,1,0,0,0,223218.0914,6827843.0045
tieliikenne_2021.1531,1531,POINT (205285.0993 6788792.0887),2021,7,13.00-13.59,2,1,1,0,0,0,0,1,0,205285.0993,6788792.0887
tieliikenne_2021.1532,1532,POINT (211436.7863 6837611.4409),2021,7,12.00-12.59,2,0,2,0,0,0,0,0,0,211436.7863,6837611.4409
tieliikenne_2021.1533,1533,POINT (226187.8638 6821694.3303),2021,7,19.00-19.59,2,0,1,0,0,0,0,0,1,226187.8638,6821694.3303
tieliikenne_2021.1534,1534,POINT (204083.5671 6789558.8267),2021,7,11.00-11.59,3,6,1,0,1,0,0,0,0,204083.5671,6789558.8267
tieliikenne_2021.1535,1535,POINT (263534.8005 6854191.456),2021,7,21.00-21.59,2,8,1,0,0,0,0,0,0,263534.8005,6854191.456
tieliikenne_2021.1536,1536,POINT (260669.0509 6813821.9874),2021,7,20.00-20.59,1,8,0,0,0,0,0,1,0,260669.0509,6813821.9874
tieliikenne_2021.1537,1537,POINT (231473.8696 6713109.5081),2021,7,22.00-22.59,3,0,1,1,0,0,0,1,0,231473.8696,6713109.5081
tieliikenne_2021.1538,1538,POINT (235721.4923 6809803.2827),2021,7,00.00-00.59,2,8,1,0,0,0,0,0,0,235721.4923,6809803.2827
tieliikenne_2021.1539,1539,POINT (238552.8067 6708881.892),2021,7,08.00-08.59,2,0,2,0,0,0,0,0,0,238552.8067,6708881.892
tieliikenne_2021.1540,1540,POINT (226051.6856 6737286.757),2021,7,08.00-08.59,2,6,1,0,1,0,0,0,0,226051.6856,6737286.757
tieliikenne_2021.1541,1541,POINT (243379.8855 6781070.6172),2021,7,18.00-18.59,2,8,0,0,0,0,0,1,0,243379.8855,6781070.6172
tieliikenne_2021.1542,1542,POINT (249552.2128 6881407.9444),2021,7,19.00-19.59,2,2,1,0,0,0,0,1,0,249552.2128,6881407.9444
tieliikenne_2021.1543,1543,POINT (236017.0262 6850022.8784),2021,7,02.00-02.59,2,8,0,0,0,0,0,1,0,236017.0262,6850022.8784
tieliikenne_2021.1544,1544,POINT (223292.1273 6766505.657),2021,7,12.00-12.59,2,8,1,0,0,0,0,0,0,223292.1273,6766505.657
tieliikenne_2021.1545,1545,POINT (228034.7196 6778885.6825),2021,7,01.00-01.59,2,8,0,0,0,0,0,1,0,228034.7196,6778885.6825
tieliikenne_2021.1546,1546,POINT (244794.9355 6763331.2649),2021,7,08.00-08.59,1,0,1,0,0,1,0,0,0,244794.9355,6763331.2649
tieliikenne_2021.1547,1547,POINT (239532.1459 6807227.7284),2021,7,11.00-11.59,2,9,1,0,0,1,0,0,0,239532.1459,6807227.7284
tieliikenne_2021.1548,1548,POINT (225663.3414 6842034.3579),2021,7,15.00-15.59,2,9,1,0,0,0,0,1,0,225663.3414,6842034.3579
tieliikenne_2021.1549,1549,POINT (242760.4842 6783941.4202),2021,7,10.00-10.59,2,4,2,0,0,0,0,0,0,242760.4842,6783941.4202
tieliikenne_2021.1550,1550,POINT (241508.7555 6710883.7269),2021,7,16.00-16.59,2,4,1,0,0,1,0,0,0,241508.7555,6710883.7269
tieliikenne_2021.1551,1551,POINT (214043.7306 6795204.8556),2021,7,15.00-15.59,2,0,3,0,0,0,0,0,0,214043.7306,6795204.8556
tieliikenne_2021.1552,1552,POINT (234849.3045 6715627.2029),2021,7,17.00-17.59,2,5,1,0,0,1,0,0,0,234849.3045,6715627.2029
tieliikenne_2021.1553,1553,POINT (223374.4573 6828633.0554),2021,7,20.00-20.59,2,5,1,0,0,0,0,1,0,223374.4573,6828633.0554
tieliikenne_2021.1554,1554,POINT (238755.794 6711148.276),2021,7,12.00-12.59,2,1,1,0,0,1,0,0,0,238755.794,6711148.276
tieliikenne_2021.1555,1555,POINT (250774.8152 6722938.0674),2021,7,22.00-22.59,2,4,1,0,0,0,0,1,0,250774.8152,6722938.0674
tieliikenne_2021.1556,1556,POINT (234430.4002 6702696.3883),2021,7,12.00-12.59,2,1,0,0,0,1,0,1,0,234430.4002,6702696.3883
tieliikenne_2021.1557,1557,POINT (254460.8442 6843830.1384),2021,7,14.00-14.59,2,0,1,0,0,0,0,0,2,254460.8442,6843830.1384
tieliikenne_2021.1558,1558,POINT (245741.295 6707500.911),2021,7,23.00-23.59,2,8,1,0,0,0,0,0,0,245741.295,6707500.911
tieliikenne_2021.1559,1559,POINT (235230.2437 6715622.7207),2021,7,06.00-06.59,2,0,2,0,0,0,0,0,0,235230.2437,6715622.7207
tieliikenne_2021.1560,1560,POINT (204023.5985 6791139.8447),2021,7,13.00-13.59,2,0,1,0,0,0,1,0,0,204023.5985,6791139.8447
tieliikenne_2021.1561,1561,POINT (212354.7289 6765184.6228),2021,7,16.00-16.59,2,4,1,0,0,0,0,1,0,212354.7289,6765184.6228
tieliikenne_2021.1562,1562,POINT (223353.6004 6828651.3039),2021,7,17.00-17.59,2,4,1,0,0,1,0,0,0,223353.6004,6828651.3039
tieliikenne_2021.1563,1563,POINT (222447.5345 6828742.1969),2021,7,22.00-22.59,2,1,0,0,0,1,0,0,1,222447.5345,6828742.1969
tieliikenne_2021.1564,1564,POINT (244964.7157 6720219.1976),2021,7,22.00-22.59,3,8,0,0,0,0,1,0,0,244964.7157,6720219.1976
tieliikenne_2021.1565,1565,POINT (199557.6246 6781070.8718),2021,7,15.00-15.59,2,2,2,0,0,0,0,0,0,199557.6246,6781070.8718
tieliikenne_2021.1566,1566,POINT (295660.0464 6704838.904),2021,7,20.00-20.59,2,8,0,0,0,0,0,0,1,295660.0464,6704838.904
tieliikenne_2021.1567,1567,POINT (212199.2135 6822973.8927),2021,7,15.00-15.59,2,8,1,0,0,0,0,0,0,212199.2135,6822973.8927
tieliikenne_2021.1568,1568,POINT (268696.6771 6790489.8224),2021,7,18.00-18.59,2,1,1,0,0,1,0,0,0,268696.6771,6790489.8224
tieliikenne_2021.1569,1569,POINT (234472.8289 6721723.023),2021,7,18.00-18.59,2,8,0,0,0,0,0,1,0,234472.8289,6721723.023
tieliikenne_2021.1570,1570,POINT (223073.8352 6827767.6421),2021,7,15.00-15.59,2,9,1,0,0,1,0,0,0,223073.8352,6827767.6421
tieliikenne_2021.1571,1571,POINT (224955.1063 6824737.3127),2021,7,13.00-13.59,2,1,1,0,0,1,0,0,0,224955.1063,6824737.3127
tieliikenne_2021.1572,1572,POINT (226648.8311 6738018.0896),2021,7,09.00-09.59,2,3,2,0,0,0,0,0,0,226648.8311,6738018.0896
tieliikenne_2021.1573,1573,POINT (264637.549 6677731.7722),2021,7,15.00-15.59,3,2,2,0,0,0,0,0,0,264637.549,6677731.7722
tieliikenne_2021.1574,1574,POINT (231090.068 6772332.2649),2021,7,16.00-16.59,2,5,1,0,0,0,1,0,0,231090.068,6772332.2649
tieliikenne_2021.1575,1575,POINT (240109.8535 6713906.5488),2021,7,14.00-14.59,2,2,2,0,0,0,0,0,0,240109.8535,6713906.5488
tieliikenne_2021.1576,1576,POINT (287442.6762 6750806.2295),2021,7,19.00-19.59,2,1,2,0,0,0,0,0,0,287442.6762,6750806.2295
tieliikenne_2021.1577,1577,POINT (224518.1928 6790406.8778),2021,7,18.00-18.59,2,2,1,0,0,0,1,0,0,224518.1928,6790406.8778
tieliikenne_2021.1578,1578,POINT (229429.3514 6713571.7903),2021,7,18.00-18.59,2,8,0,0,0,0,0,0,1,229429.3514,6713571.7903
tieliikenne_2021.1579,1579,POINT (288952.0428 6704056.7674),2021,7,00.00-00.59,2,8,2,0,0,0,0,0,0,288952.0428,6704056.7674
tieliikenne_2021.1580,1580,POINT (231275.4652 6847755.7911),2021,7,21.00-21.59,2,8,1,0,0,0,0,0,0,231275.4652,6847755.7911
tieliikenne_2021.1581,1581,POINT (251166.4958 6723439.9839),2021,7,18.00-18.59,2,8,0,0,0,0,0,0,1,251166.4958,6723439.9839
tieliikenne_2021.1582,1582,POINT (221520.6605 6713454.6069),2021,7,08.00-08.59,2,0,2,0,0,1,0,0,0,221520.6605,6713454.6069
tieliikenne_2021.1583,1583,POINT (284964.016 6700855.992),2021,7,12.00-12.59,3,3,1,0,0,1,0,0,0,284964.016,6700855.992
tieliikenne_2021.1584,1584,POINT (251977.3819 6773873.5794),2021,7,12.00-12.59,2,3,2,0,0,0,0,0,0,251977.3819,6773873.5794
tieliikenne_2021.1585,1585,POINT (239235.5172 6709542.7741),2021,7,17.00-17.59,2,3,1,0,0,1,0,0,0,239235.5172,6709542.7741
tieliikenne_2021.1586,1586,POINT (233903.1403 6746569.245),2021,7,18.00-18.59,2,2,2,0,0,0,0,0,0,233903.1403,6746569.245
tieliikenne_2021.1587,1587,POINT (286347.4082 6696542.0066),2021,7,19.00-19.59,3,8,0,0,0,0,1,0,0,286347.4082,6696542.0066
tieliikenne_2021.1588,1588,POINT (242614.3739 6717361.4258),2021,7,09.00-09.59,2,7,1,0,1,0,0,0,0,242614.3739,6717361.4258
tieliikenne_2021.1589,1589,POINT (218795.3156 6864708.5372),2021,7,09.00-09.59,2,3,2,0,0,0,0,0,0,218795.3156,6864708.5372
tieliikenne_2021.1590,1590,POINT (285274.8182 6701850.7271),2021,8,20.00-20.59,2,8,0,0,0,0,1,0,0,285274.8182,6701850.7271
tieliikenne_2021.1591,1591,POINT (240272.0617 6714563.7445),2021,8,09.00-09.59,2,4,1,0,0,1,0,0,0,240272.0617,6714563.7445
tieliikenne_2021.1592,1592,POINT (309387.7401 6726778.0487),2021,8,22.00-22.59,2,5,1,0,0,0,0,0,1,309387.7401,6726778.0487
tieliikenne_2021.1593,1593,POINT (199547.7272 6741174.8485),2021,8,15.00-15.59,1,8,1,0,0,0,0,0,0,199547.7272,6741174.8485
tieliikenne_2021.1594,1594,POINT (240348.1837 6710871.0844),2021,8,08.00-08.59,1,4,0,1,0,1,0,0,0,240348.1837,6710871.0844
tieliikenne_2021.1595,1595,POINT (311721.2374 6697680.3807),2021,8,12.00-12.59,3,0,0,1,0,1,0,0,0,311721.2374,6697680.3807
tieliikenne_2021.1596,1596,POINT (220267.1261 6827245.6303),2021,8,19.00-19.59,2,4,1,0,0,0,0,0,1,220267.1261,6827245.6303
tieliikenne_2021.1597,1597,POINT (257760.1688 6760367.0612),2021,8,19.00-19.59,2,3,1,0,0,0,0,1,0,257760.1688,6760367.0612
tieliikenne_2021.1598,1598,POINT (228975.9054 6826565.1722),2021,8,21.00-21.59,2,2,1,0,0,1,0,0,0,228975.9054,6826565.1722
tieliikenne_2021.1599,1599,POINT (229312.5159 6801185.6113),2021,8,05.00-05.59,3,8,1,0,0,0,0,0,0,229312.5159,6801185.6113
tieliikenne_2021.1600,1600,POINT (227423.8409 6820755.017),2021,8,21.00-21.59,2,9,0,0,0,0,0,1,1,227423.8409,6820755.017
tieliikenne_2021.1601,1601,POINT (245616.0404 6713756.9526),2021,8,16.00-16.59,2,8,1,0,0,0,0,0,0,245616.0404,6713756.9526
tieliikenne_2021.1602,1602,POINT (220737.3699 6828483.6794),2021,8,21.00-21.59,3,8,0,0,0,0,1,0,0,220737.3699,6828483.6794
tieliikenne_2021.1603,1603,POINT (231618.9984 6718499.9561),2021,8,08.00-08.59,2,4,1,0,0,0,0,0,1,231618.9984,6718499.9561
tieliikenne_2021.1604,1604,POINT (220823.6428 6828749.7491),2021,8,20.00-20.59,2,4,1,0,0,1,0,0,0,220823.6428,6828749.7491
tieliikenne_2021.1605,1605,POINT (223556.7289 6829935.4934),2021,8,12.00-12.59,2,2,0,0,0,2,0,0,0,223556.7289,6829935.4934
tieliikenne_2021.1606,1606,POINT (259365.4039 6740796.4929),2021,8,15.00-15.59,2,0,1,1,0,0,0,0,0,259365.4039,6740796.4929
tieliikenne_2021.1607,1607,POINT (238141.9444 6805618.7476),2021,8,01.00-01.59,2,8,1,0,0,0,0,0,0,238141.9444,6805618.7476
tieliikenne_2021.1608,1608,POINT (269024.9096 6738306.6066),2021,8,21.00-21.59,2,8,0,0,0,0,1,0,0,269024.9096,6738306.6066
tieliikenne_2021.1609,1609,POINT (248123.8899 6721777.0448),2021,8,21.00-21.59,2,8,1,0,0,0,0,0,0,248123.8899,6721777.0448
tieliikenne_2021.1610,1610,POINT (244162.5313 6819636.2282),2021,8,09.00-09.59,2,8,1,0,0,0,0,0,0,244162.5313,6819636.2282
tieliikenne_2021.1611,1611,POINT (196841.5641 6753857.5348),2021,8,14.00-14.59,2,4,1,0,0,1,0,0,0,196841.5641,6753857.5348
tieliikenne_2021.1612,1612,POINT (243019.3549 6710182.4022),2021,8,21.00-21.59,2,4,2,0,0,0,0,0,0,243019.3549,6710182.4022
tieliikenne_2021.1613,1613,POINT (224913.6919 6835282.3856),2021,8,23.00-23.59,2,8,1,0,0,0,0,0,0,224913.6919,6835282.3856
tieliikenne_2021.1614,1614,POINT (274308.7508 6756186.5261),2021,8,14.00-14.59,2,8,1,0,0,0,0,0,0,274308.7508,6756186.5261
tieliikenne_2021.1615,1615,POINT (259306.3789 6732496.3963),2021,8,16.00-16.59,1,0,3,1,0,0,0,0,0,259306.3789,6732496.3963
tieliikenne_2021.1616,1616,POINT (238917.2851 6709520.4996),2021,8,17.00-17.59,2,4,2,0,0,0,0,0,0,238917.2851,6709520.4996
tieliikenne_2021.1617,1617,POINT (236644.9954 6802795.0559),2021,8,00.00-00.59,3,8,1,0,0,0,0,0,0,236644.9954,6802795.0559
tieliikenne_2021.1618,1618,POINT (266571.0792 6724555.0664),2021,8,07.00-07.59,2,8,1,0,0,0,0,0,0,266571.0792,6724555.0664
tieliikenne_2021.1619,1619,POINT (283076.797 6738070.7563),2021,8,15.00-15.59,2,7,1,0,1,0,0,0,0,283076.797,6738070.7563
tieliikenne_2021.1620,1620,POINT (209416.324 6794236.0396),2021,8,22.00-22.59,2,9,0,0,0,0,0,0,1,209416.324,6794236.0396
tieliikenne_2021.1621,1621,POINT (239882.4472 6714516.7495),2021,8,04.00-04.59,2,8,1,0,0,0,0,0,0,239882.4472,6714516.7495
tieliikenne_2021.1622,1622,POINT (283580.202 6698691.2166),2021,8,04.00-04.59,2,8,1,0,0,0,0,0,0,283580.202,6698691.2166
tieliikenne_2021.1623,1623,POINT (257540.3768 6860976.0871),2021,8,16.00-16.59,2,5,0,0,0,1,1,0,0,257540.3768,6860976.0871
tieliikenne_2021.1624,1624,POINT (311762.7253 6697098.3269),2021,8,13.00-13.59,3,2,1,0,0,0,0,2,0,311762.7253,6697098.3269
tieliikenne_2021.1625,1625,POINT (223208.2963 6827462.8171),2021,8,16.00-16.59,2,3,1,0,0,1,0,0,0,223208.2963,6827462.8171
tieliikenne_2021.1626,1626,POINT (210695.1465 6871203.2927),2021,8,12.00-12.59,2,4,2,0,0,0,0,0,0,210695.1465,6871203.2927
tieliikenne_2021.1627,1627,POINT (244456.1501 6723504.1478),2021,8,16.00-16.59,2,0,0,1,0,0,1,0,0,244456.1501,6723504.1478
tieliikenne_2021.1628,1628,POINT (287602.867 6701183.876),2021,8,19.00-19.59,2,5,1,1,0,0,0,0,0,287602.867,6701183.876
tieliikenne_2021.1629,1629,POINT (240442.8997 6805969.8217),2021,8,22.00-22.59,2,8,1,0,0,0,0,0,0,240442.8997,6805969.8217
tieliikenne_2021.1630,1630,POINT (245001.7535 6817759.7857),2021,8,18.00-18.59,2,8,1,0,0,0,0,0,0,245001.7535,6817759.7857
tieliikenne_2021.1631,1631,POINT (212725.6268 6794107.541),2021,8,20.00-20.59,2,8,1,0,0,0,0,0,0,212725.6268,6794107.541
tieliikenne_2021.1632,1632,POINT (239824.2892 6712863.8145),2021,8,07.00-07.59,2,7,0,0,1,0,1,0,0,239824.2892,6712863.8145
tieliikenne_2021.1633,1633,POINT (300872.1608 6729576.958),2021,8,15.00-15.59,2,8,1,0,0,0,0,0,0,300872.1608,6729576.958
tieliikenne_2021.1634,1634,POINT (214145.2131 6794781.4103),2021,8,17.00-17.59,2,1,1,0,0,0,1,0,0,214145.2131,6794781.4103
tieliikenne_2021.1635,1635,POINT (242318.431 6803867.9645),2021,8,15.00-15.59,3,8,1,0,0,0,0,0,0,242318.431,6803867.9645
tieliikenne_2021.1636,1636,POINT (286938.1332 6700535.0308),2021,8,20.00-20.59,2,4,1,0,0,1,0,0,0,286938.1332,6700535.0308
tieliikenne_2021.1637,1637,POINT (230483.2107 6818069.0902),2021,8,15.00-15.59,2,8,0,0,0,0,0,0,1,230483.2107,6818069.0902
tieliikenne_2021.1638,1638,POINT (243795.399 6715431.498),2021,8,19.00-19.59,2,4,1,0,0,1,0,0,0,243795.399,6715431.498
tieliikenne_2021.1639,1639,POINT (259081.6528 6732426.1443),2021,8,09.00-09.59,2,0,2,0,0,0,0,0,0,259081.6528,6732426.1443
tieliikenne_2021.1640,1640,POINT (261821.5459 6705900.4335),2021,8,14.00-14.59,2,9,1,0,0,0,0,1,0,261821.5459,6705900.4335
tieliikenne_2021.1641,1641,POINT (237783.1626 6710388.0484),2021,8,19.00-19.59,2,6,1,0,1,0,0,0,0,237783.1626,6710388.0484
tieliikenne_2021.1642,1642,POINT (226692.0929 6713709.34),2021,9,15.00-15.59,3,6,1,0,2,0,0,0,0,226692.0929,6713709.34
tieliikenne_2021.1643,1643,POINT (223482.9552 6832613.8342),2021,9,00.00-00.59,2,8,1,0,0,0,0,0,0,223482.9552,6832613.8342
tieliikenne_2021.1644,1644,POINT (286185.369 6699476.2349),2021,9,01.00-01.59,2,9,1,0,0,0,0,1,0,286185.369,6699476.2349
tieliikenne_2021.1645,1645,POINT (220789.4401 6784894.1664),2021,9,04.00-04.59,3,8,1,0,0,0,0,0,0,220789.4401,6784894.1664
tieliikenne_2021.1646,1646,POINT (241954.1932 6733328.6285),2021,9,16.00-16.59,2,2,1,0,0,0,1,0,0,241954.1932,6733328.6285
tieliikenne_2021.1647,1647,POINT (234600.0127 6715335.501),2021,8,15.00-15.59,2,5,1,0,0,1,0,0,0,234600.0127,6715335.501
tieliikenne_2021.1648,1648,POINT (224065.484 6843141.4046),2021,9,03.00-03.59,2,8,1,0,0,0,0,0,0,224065.484,6843141.4046
tieliikenne_2021.1649,1649,POINT (224112.1811 6827469.0405),2021,9,19.00-19.59,2,3,1,0,0,0,1,0,0,224112.1811,6827469.0405
tieliikenne_2021.1650,1650,POINT (293733.6404 6759585.7128),2021,9,15.00-15.59,3,1,2,0,0,0,0,0,0,293733.6404,6759585.7128
tieliikenne_2021.1651,1651,POINT (211652.8906 6760801.8617),2021,9,06.00-06.59,2,4,1,0,0,0,0,0,1,211652.8906,6760801.8617
tieliikenne_2021.1652,1652,POINT (245800.3118 6707054.0043),2021,9,13.00-13.59,2,5,1,0,0,0,1,0,0,245800.3118,6707054.0043
tieliikenne_2021.1653,1653,POINT (235325.1256 6715654.7045),2021,9,15.00-15.59,2,0,3,0,0,0,0,0,0,235325.1256,6715654.7045
tieliikenne_2021.1654,1654,POINT (234606.6343 6793911.1554),2021,9,15.00-15.59,2,8,1,0,0,0,0,0,0,234606.6343,6793911.1554
tieliikenne_2021.1655,1655,POINT (250600.7788 6800138.1515),2021,9,10.00-10.59,2,4,1,0,0,0,1,0,0,250600.7788,6800138.1515
tieliikenne_2021.1656,1656,POINT (239960.0181 6712443.9032),2021,9,14.00-14.59,2,9,1,0,0,2,0,0,0,239960.0181,6712443.9032
tieliikenne_2021.1657,1657,POINT (232575.1219 6711852.5104),2021,9,16.00-16.59,3,8,0,0,0,0,0,1,0,232575.1219,6711852.5104
tieliikenne_2021.1658,1658,POINT (249999.4117 6710478.0779),2021,9,06.00-06.59,3,9,0,0,0,0,0,1,0,249999.4117,6710478.0779
tieliikenne_2021.1659,1659,POINT (239781.5508 6711746.2691),2021,9,20.00-20.59,2,1,1,0,0,1,0,0,0,239781.5508,6711746.2691
tieliikenne_2021.1660,1660,POINT (236604.6944 6810433.0427),2021,9,19.00-19.59,2,8,0,0,0,0,1,0,0,236604.6944,6810433.0427
tieliikenne_2021.1661,1661,POINT (204555.225 6788326.1765),2021,9,15.00-15.59,2,2,0,0,0,0,1,1,0,204555.225,6788326.1765
tieliikenne_2021.1662,1662,POINT (248925.1465 6776923.3532),2021,9,20.00-20.59,3,8,0,0,0,0,1,0,0,248925.1465,6776923.3532
tieliikenne_2021.1663,1663,POINT (218421.8015 6739377.853),2021,9,01.00-01.59,2,8,0,0,0,0,1,0,0,218421.8015,6739377.853
tieliikenne_2021.1664,1664,POINT (216453.8144 6850405.4258),2021,9,13.00-13.59,1,8,1,0,0,0,0,0,0,216453.8144,6850405.4258
tieliikenne_2021.1665,1665,POINT (225063.4415 6827375.1057),2021,9,07.00-07.59,2,8,1,0,0,0,0,0,0,225063.4415,6827375.1057
tieliikenne_2021.1666,1666,POINT (241945.3547 6712534.3669),2021,9,15.00-15.59,2,0,2,0,0,0,0,0,0,241945.3547,6712534.3669
tieliikenne_2021.1667,1667,POINT (211790.5987 6759926.2743),2021,9,15.00-15.59,2,1,1,0,0,0,0,1,0,211790.5987,6759926.2743
tieliikenne_2021.1668,1668,POINT (203239.2587 6791587.0136),2021,9,14.00-14.59,2,5,2,0,0,0,0,0,0,203239.2587,6791587.0136
tieliikenne_2021.1669,1669,POINT (219825.3749 6860242.8242),2021,9,17.00-17.59,2,8,1,0,0,0,0,0,0,219825.3749,6860242.8242
tieliikenne_2021.1670,1670,POINT (296686.6442 6699818.8277),2021,9,21.00-21.59,3,8,1,0,0,0,0,0,0,296686.6442,6699818.8277
tieliikenne_2021.1671,1671,POINT (285214.2216 6750662.1162),2021,9,16.00-16.59,1,4,1,0,0,0,0,0,1,285214.2216,6750662.1162
tieliikenne_2021.1672,1672,POINT (241471.1896 6804630.8846),2021,9,11.00-11.59,2,8,1,0,0,0,0,0,0,241471.1896,6804630.8846
tieliikenne_2021.1673,1673,POINT (236752.0479 6812537.6229),2021,9,14.00-14.59,2,8,0,0,0,0,0,1,0,236752.0479,6812537.6229
tieliikenne_2021.1674,1674,POINT (239808.5248 6709961.8318),2021,9,19.00-19.59,2,8,0,0,0,0,0,1,0,239808.5248,6709961.8318
tieliikenne_2021.1675,1675,POINT (202206.3487 6787440.686),2021,9,22.00-22.59,3,9,1,0,0,0,0,1,0,202206.3487,6787440.686
tieliikenne_2021.1676,1676,POINT (233228.7805 6714359.325),2021,9,08.00-08.59,2,0,0,0,0,1,1,0,0,233228.7805,6714359.325
tieliikenne_2021.1677,1677,POINT (212551.5707 6815070.0265),2021,9,18.00-18.59,2,4,1,0,0,0,1,0,0,212551.5707,6815070.0265
tieliikenne_2021.1678,1678,POINT (239050.4206 6786349.6335),2021,9,20.00-20.59,3,5,0,0,0,0,0,2,0,239050.4206,6786349.6335
tieliikenne_2021.1679,1679,POINT (268082.9218 6895487.8797),2021,9,13.00-13.59,2,8,1,0,0,0,0,0,0,268082.9218,6895487.8797
tieliikenne_2021.1680,1680,POINT (258025.1267 6863968.8357),2021,9,21.00-21.59,2,8,1,0,0,0,0,0,0,258025.1267,6863968.8357
tieliikenne_2021.1681,1681,POINT (240112.3932 6713904.0938),2021,9,14.00-14.59,2,7,1,0,1,0,0,0,0,240112.3932,6713904.0938
tieliikenne_2021.1682,1682,POINT (223351.3626 6828249.9055),2021,10,11.00-11.59,2,4,1,0,0,1,0,0,0,223351.3626,6828249.9055
tieliikenne_2021.1683,1683,POINT (216086.0226 6718631.0554),2021,10,16.00-16.59,2,8,0,0,0,0,0,0,1,216086.0226,6718631.0554
tieliikenne_2021.1684,1684,POINT (237927.2614 6713394.8119),2021,10,22.00-22.59,1,7,1,0,1,0,0,0,0,237927.2614,6713394.8119
tieliikenne_2021.1685,1685,POINT (223475.7959 6828182.2641),2021,10,11.00-11.59,2,3,1,0,0,1,0,0,0,223475.7959,6828182.2641
tieliikenne_2021.1686,1686,POINT (301142.6896 6739968.5958),2021,10,10.00-10.59,2,8,1,0,0,0,0,0,0,301142.6896,6739968.5958
tieliikenne_2021.1687,1687,POINT (241761.8346 6711509.1195),2021,10,16.00-16.59,2,3,1,0,0,1,0,0,0,241761.8346,6711509.1195
tieliikenne_2021.1688,1688,POINT (239874.6075 6710149.6984),2021,10,11.00-11.59,2,4,1,0,0,1,0,0,0,239874.6075,6710149.6984
tieliikenne_2021.1689,1689,POINT (240982.3752 6709342.8398),2021,10,15.00-15.59,2,0,2,0,0,0,0,0,0,240982.3752,6709342.8398
tieliikenne_2021.1690,1690,POINT (239226.1229 6710663.7303),2021,10,15.00-15.59,2,4,1,0,0,0,1,0,0,239226.1229,6710663.7303
tieliikenne_2021.1691,1691,POINT (262818.9721 6720878.0875),2021,10,16.00-16.59,2,8,1,0,0,0,0,0,0,262818.9721,6720878.0875
tieliikenne_2021.1692,1692,POINT (204367.1804 6845042.2066),2021,10,18.00-18.59,2,8,1,0,0,0,0,0,0,204367.1804,6845042.2066
tieliikenne_2021.1693,1693,POINT (240806.0516 6715348.5818),2021,10,02.00-02.59,2,4,2,0,0,0,0,0,0,240806.0516,6715348.5818
tieliikenne_2021.1694,1694,POINT (204242.0075 6781024.8709),2021,10,08.00-08.59,1,2,1,1,0,0,0,0,0,204242.0075,6781024.8709
tieliikenne_2021.1695,1695,POINT (234894.107 6715433.9067),2021,10,12.00-12.59,2,0,1,1,0,0,0,0,0,234894.107,6715433.9067
tieliikenne_2021.1696,1696,POINT (207076.4274 6785165.9529),2021,10,13.00-13.59,2,2,2,0,0,0,0,0,0,207076.4274,6785165.9529
tieliikenne_2021.1697,1697,POINT (283285.179 6729338.4245),2021,10,14.00-14.59,2,5,1,1,0,0,0,0,0,283285.179,6729338.4245
tieliikenne_2021.1698,1698,POINT (212417.6492 6760508.2486),2021,10,12.00-12.59,2,4,1,0,0,0,1,0,0,212417.6492,6760508.2486
tieliikenne_2021.1699,1699,POINT (244203.0837 6706236.1032),2021,10,13.00-13.59,2,4,2,0,0,0,0,0,0,244203.0837,6706236.1032
tieliikenne_2021.1700,1700,POINT (226407.9077 6821935.105),2021,10,17.00-17.59,2,4,1,0,0,1,0,0,0,226407.9077,6821935.105
tieliikenne_2021.1701,1701,POINT (244197.0364 6708927.4107),2021,10,19.00-19.59,2,4,1,0,0,1,0,0,0,244197.0364,6708927.4107
tieliikenne_2021.1702,1702,POINT (265943.1374 6779311.1766),2021,10,11.00-11.59,2,8,1,0,0,0,0,0,0,265943.1374,6779311.1766
tieliikenne_2021.1703,1703,POINT (245874.8408 6706063.4075),2021,10,13.00-13.59,2,7,0,0,1,0,1,0,0,245874.8408,6706063.4075
tieliikenne_2021.1704,1704,POINT (201789.1961 6754553.8305),2021,10,06.00-06.59,1,2,1,1,0,0,0,0,0,201789.1961,6754553.8305
tieliikenne_2021.1705,1705,POINT (225560.0796 6828861.4832),2021,10,13.00-13.59,2,4,1,0,0,1,0,0,0,225560.0796,6828861.4832
tieliikenne_2021.1706,1706,POINT (222820.595 6831487.2654),2021,10,16.00-16.59,3,0,2,0,0,0,0,0,0,222820.595,6831487.2654
tieliikenne_2021.1707,1707,POINT (241644.135 6711762.7694),2021,10,21.00-21.59,3,6,1,0,1,0,0,0,0,241644.135,6711762.7694
tieliikenne_2021.1708,1708,POINT (204858.6517 6788940.3356),2021,10,12.00-12.59,2,1,1,0,0,1,0,0,0,204858.6517,6788940.3356
tieliikenne_2021.1709,1709,POINT (221897.0004 6827938.2366),2021,10,20.00-20.59,2,4,2,0,0,0,0,0,0,221897.0004,6827938.2366
tieliikenne_2021.1710,1710,POINT (278822.5431 6790971.6245),2021,10,20.00-20.59,2,8,0,0,0,0,0,0,1,278822.5431,6790971.6245
tieliikenne_2021.1711,1711,POINT (210755.5818 6746706.0327),2021,10,21.00-21.59,3,8,1,0,0,0,0,0,0,210755.5818,6746706.0327
tieliikenne_2021.1712,1712,POINT (238912.1995 6710889.4923),2021,10,08.00-08.59,2,1,1,0,0,1,0,0,0,238912.1995,6710889.4923
tieliikenne_2021.1713,1713,POINT (240991.1358 6808067.8818),2021,10,09.00-09.59,2,6,1,0,1,0,0,0,0,240991.1358,6808067.8818
tieliikenne_2021.1714,1714,POINT (238715.6803 6708914.6527),2021,10,20.00-20.59,2,0,2,0,0,0,0,0,0,238715.6803,6708914.6527
tieliikenne_2021.1715,1715,POINT (226829.1242 6838699.4346),2021,10,09.00-09.59,1,5,2,0,0,0,0,0,0,226829.1242,6838699.4346
tieliikenne_2021.1716,1716,POINT (243545.3017 6709446.9859),2021,10,18.00-18.59,2,9,1,0,0,1,0,0,0,243545.3017,6709446.9859
tieliikenne_2021.1717,1717,POINT (203853.4409 6788427.6189),2021,10,11.00-11.59,3,4,1,0,0,1,0,0,0,203853.4409,6788427.6189
tieliikenne_2021.1718,1718,POINT (233592.2125 6874568.3124),2021,10,20.00-20.59,3,8,1,0,0,0,0,0,0,233592.2125,6874568.3124
tieliikenne_2021.1719,1719,POINT (223453.3186 6828970.708),2021,10,18.00-18.59,2,9,0,0,0,0,1,0,0,223453.3186,6828970.708
tieliikenne_2021.1720,1720,POINT (256301.2785 6861947.9075),2021,10,15.00-15.59,2,4,1,0,0,1,0,0,0,256301.2785,6861947.9075
tieliikenne_2021.1721,1721,POINT (286808.4098 6701378.9247),2021,10,19.00-19.59,3,6,1,0,2,0,0,0,0,286808.4098,6701378.9247
tieliikenne_2021.1722,1722,POINT (238810.3964 6787904.3637),2021,10,20.00-20.59,2,8,0,0,0,0,0,0,1,238810.3964,6787904.3637
tieliikenne_2021.1723,1723,POINT (238143.5114 6713147.639),2021,10,18.00-18.59,2,5,1,0,0,1,0,0,0,238143.5114,6713147.639
tieliikenne_2021.1724,1724,POINT (240349.4584 6714514.2805),2021,10,13.00-13.59,2,0,2,0,0,0,0,0,0,240349.4584,6714514.2805
tieliikenne_2021.1725,1725,POINT (241361.1216 6711331.9059),2021,10,01.00-01.59,2,8,1,0,0,0,0,0,0,241361.1216,6711331.9059
tieliikenne_2021.1726,1726,POINT (222485.166 6828394.5129),2021,10,15.00-15.59,2,5,1,0,0,1,0,0,0,222485.166,6828394.5129
tieliikenne_2021.1727,1727,POINT (241747.9591 6711538.3283),2021,10,18.00-18.59,2,5,1,0,0,1,0,0,0,241747.9591,6711538.3283
tieliikenne_2021.1728,1728,POINT (216803.1659 6849077.1109),2021,10,10.00-10.59,1,3,0,1,0,1,0,0,0,216803.1659,6849077.1109
tieliikenne_2021.1729,1729,POINT (231906.96 6812401.1467),2021,10,02.00-02.59,2,8,1,0,0,0,0,0,0,231906.96,6812401.1467
tieliikenne_2021.1730,1730,POINT (232730.0556 6711789.5737),2021,11,11.00-11.59,2,8,1,0,0,0,0,0,0,232730.0556,6711789.5737
tieliikenne_2021.1731,1731,POINT (251973.2382 6773884.8675),2021,11,15.00-15.59,2,1,3,0,0,0,0,0,0,251973.2382,6773884.8675
tieliikenne_2021.1732,1732,POINT (243147.6974 6712021.5416),2021,11,08.00-08.59,2,0,2,1,0,0,0,0,0,243147.6974,6712021.5416
tieliikenne_2021.1733,1733,POINT (223305.1145 6827744.0047),2021,11,11.00-11.59,3,6,1,0,1,0,0,0,0,223305.1145,6827744.0047
tieliikenne_2021.1734,1734,POINT (242033.3165 6710726.027),2021,11,13.00-13.59,2,5,1,0,0,1,0,0,0,242033.3165,6710726.027
tieliikenne_2021.1735,1735,POINT (221020.6234 6828201.4183),2021,11,18.00-18.59,1,6,1,0,1,0,0,0,0,221020.6234,6828201.4183
tieliikenne_2021.1736,1736,POINT (226656.6945 6713888.3847),2021,11,23.00-23.59,3,4,1,0,0,0,0,1,0,226656.6945,6713888.3847
tieliikenne_2021.1737,1737,POINT (240140.5701 6806268.004),2021,11,11.00-11.59,2,0,2,0,0,0,0,0,0,240140.5701,6806268.004
tieliikenne_2021.1738,1738,POINT (245795.6922 6710088.887),2021,11,19.00-19.59,2,7,1,0,1,0,0,0,0,245795.6922,6710088.887
tieliikenne_2021.1739,1739,POINT (228347.7264 6715313.9331),2021,11,07.00-07.59,2,3,1,0,0,0,1,0,0,228347.7264,6715313.9331
tieliikenne_2021.1740,1740,POINT (233262.7391 6835293.5203),2021,11,13.00-13.59,2,5,1,1,0,0,0,0,0,233262.7391,6835293.5203
tieliikenne_2021.1741,1741,POINT (282676.167 6747937.9795),2021,11,16.00-16.59,1,4,1,0,0,0,0,0,1,282676.167,6747937.9795
tieliikenne_2021.1742,1742,POINT (237377.8512 6713604.0889),2021,11,17.00-17.59,2,5,1,0,0,0,1,0,0,237377.8512,6713604.0889
tieliikenne_2021.1743,1743,POINT (240575.7944 6709670.1189),2021,11,20.00-20.59,2,1,1,0,0,1,0,0,0,240575.7944,6709670.1189
tieliikenne_2021.1744,1744,POINT (248945.498 6859757.504),2021,11,19.00-19.59,2,0,2,1,0,0,0,0,0,248945.498,6859757.504
tieliikenne_2021.1745,1745,POINT (212418.9955 6815576.0523),2021,11,07.00-07.59,2,8,0,0,0,0,0,0,1,212418.9955,6815576.0523
tieliikenne_2021.1746,1746,POINT (204842.006 6790669.6944),2021,11,19.00-19.59,2,1,1,0,0,1,0,0,0,204842.006,6790669.6944
tieliikenne_2021.1747,1747,POINT (222936.5707 6827684.8564),2021,11,20.00-20.59,2,4,2,0,0,0,0,0,0,222936.5707,6827684.8564
tieliikenne_2021.1748,1748,POINT (215675.2411 6867685.3564),2021,11,22.00-22.59,2,8,1,0,0,0,0,0,0,215675.2411,6867685.3564
tieliikenne_2021.1749,1749,POINT (286420.456 6700842.3635),2021,11,14.00-14.59,2,6,0,0,1,0,0,0,1,286420.456,6700842.3635
tieliikenne_2021.1750,1750,POINT (286718.1937 6700699.1552),2021,11,17.00-17.59,2,1,2,0,0,0,0,0,0,286718.1937,6700699.1552
tieliikenne_2021.1751,1751,POINT (223387.1627 6827200.7324),2021,11,17.00-17.59,2,4,1,0,0,1,0,0,0,223387.1627,6827200.7324
tieliikenne_2021.1752,1752,POINT (286937.978 6700540.732),2021,11,15.00-15.59,2,4,1,0,0,1,0,0,0,286937.978,6700540.732
tieliikenne_2021.1753,1753,POINT (268976.507 6790338.0037),2021,11,18.00-18.59,2,4,1,0,0,1,0,0,0,268976.507,6790338.0037
tieliikenne_2021.1754,1754,POINT (242149.3459 6708153.9947),2021,11,18.00-18.59,2,1,0,1,0,1,0,0,0,242149.3459,6708153.9947
tieliikenne_2021.1755,1755,POINT (238743.6498 6711154.1576),2021,11,21.00-21.59,2,1,2,0,0,0,0,0,0,238743.6498,6711154.1576
tieliikenne_2021.1756,1756,POINT (245306.5826 6711118.4391),2021,11,18.00-18.59,2,7,1,0,1,0,0,0,0,245306.5826,6711118.4391
tieliikenne_2021.1757,1757,POINT (231460.8951 6798823.8881),2021,11,15.00-15.59,2,8,1,0,0,0,0,0,0,231460.8951,6798823.8881
tieliikenne_2021.1758,1758,POINT (236735.1217 6713628.4543),2021,11,15.00-15.59,2,1,1,0,0,1,0,0,0,236735.1217,6713628.4543
tieliikenne_2021.1759,1759,POINT (267968.0421 6737188.1799),2021,11,16.00-16.59,3,8,0,0,0,0,0,0,1,267968.0421,6737188.1799
tieliikenne_2021.1760,1760,POINT (239398.2119 6710604.5796),2021,11,16.00-16.59,2,6,1,0,1,0,0,0,0,239398.2119,6710604.5796
tieliikenne_2021.1761,1761,POINT (223778.2313 6827739.3285),2021,11,09.00-09.59,1,4,1,0,0,1,0,0,0,223778.2313,6827739.3285
tieliikenne_2021.1762,1762,POINT (217046.5025 6818686.8382),2021,11,17.00-17.59,2,2,1,0,0,1,0,0,0,217046.5025,6818686.8382
tieliikenne_2021.1763,1763,POINT (268197.991 6736087.1857),2021,11,14.00-14.59,2,8,1,0,0,0,0,0,0,268197.991,6736087.1857
tieliikenne_2021.1764,1764,POINT (228903.6908 6775825.362),2021,11,19.00-19.59,1,2,2,0,0,0,0,0,0,228903.6908,6775825.362
tieliikenne_2021.1765,1765,POINT (237926.854 6807323.3755),2021,11,00.00-00.59,2,8,1,0,0,0,0,0,0,237926.854,6807323.3755
tieliikenne_2021.1766,1766,POINT (239858.3168 6715182.3302),2021,11,14.00-14.59,2,9,4,0,1,0,0,0,1,239858.3168,6715182.3302
tieliikenne_2021.1767,1767,POINT (223416.3231 6828087.5734),2021,11,12.00-12.59,2,4,1,0,0,0,0,0,1,223416.3231,6828087.5734
tieliikenne_2021.1768,1768,POINT (203854.2949 6788424.2695),2021,11,15.00-15.59,2,4,1,0,0,1,0,0,0,203854.2949,6788424.2695
tieliikenne_2021.1769,1769,POINT (223209.2036 6828161.6326),2021,11,16.00-16.59,2,4,1,0,0,1,0,0,0,223209.2036,6828161.6326
tieliikenne_2021.1770,1770,POINT (243649.1481 6709691.5351),2021,12,13.00-13.59,2,3,1,1,0,0,0,0,0,243649.1481,6709691.5351
tieliikenne_2021.1771,1771,POINT (225484.5981 6831777.5648),2021,12,23.00-23.59,2,8,1,0,0,0,0,0,0,225484.5981,6831777.5648
tieliikenne_2021.1772,1772,POINT (244519.2776 6713348.6598),2021,12,16.00-16.59,2,0,1,1,0,0,0,0,0,244519.2776,6713348.6598
tieliikenne_2021.1773,1773,POINT (284015.8833 6754075.8557),2021,12,16.00-16.59,2,0,2,0,0,0,0,0,0,284015.8833,6754075.8557
tieliikenne_2021.1774,1774,POINT (239578.1776 6710528.6919),2021,12,21.00-21.59,2,7,0,0,1,1,0,0,0,239578.1776,6710528.6919
tieliikenne_2021.1775,1775,POINT (234681.2732 6795809.8459),2021,12,07.00-07.59,2,8,1,0,0,0,0,0,0,234681.2732,6795809.8459
tieliikenne_2021.1776,1776,POINT (203968.3649 6727395.5403),2021,12,15.00-15.59,1,8,1,0,0,0,0,0,0,203968.3649,6727395.5403
tieliikenne_2021.1777,1777,POINT (239367.8942 6712449.6145),2021,12,14.00-14.59,2,4,1,0,0,1,0,0,0,239367.8942,6712449.6145
tieliikenne_2021.1778,1778,POINT (240333.1925 6714526.5645),2021,12,21.00-21.59,2,0,2,0,0,0,0,0,0,240333.1925,6714526.5645
tieliikenne_2021.1779,1779,POINT (222085.8759 6700498.2833),2021,12,06.00-06.59,2,8,1,0,0,0,0,0,0,222085.8759,6700498.2833
tieliikenne_2021.1780,1780,POINT (284090.0038 6677083.4504),2021,12,08.00-08.59,2,8,0,1,0,0,0,0,0,284090.0038,6677083.4504
tieliikenne_2021.1781,1781,POINT (263409.3213 6706391.7973),2021,12,16.00-16.59,2,0,1,1,0,0,0,0,0,263409.3213,6706391.7973
tieliikenne_2021.1782,1782,POINT (242020.6001 6712738.7363),2021,12,07.00-07.59,2,6,1,0,1,0,0,0,0,242020.6001,6712738.7363
tieliikenne_2021.1783,1783,POINT (263085.1211 6708994.1503),2021,12,08.00-08.59,3,9,0,0,0,0,1,0,0,263085.1211,6708994.1503
tieliikenne_2021.1784,1784,POINT (233431.7537 6787503.7947),2021,12,08.00-08.59,2,8,1,0,0,0,0,0,0,233431.7537,6787503.7947
tieliikenne_2021.1785,1785,POINT (247691.2078 6709808.1262),2021,12,23.00-23.59,2,8,1,0,0,0,0,0,0,247691.2078,6709808.1262
tieliikenne_2021.1786,1786,POINT (285573.9654 6752554.5221),2021,12,07.00-07.59,3,2,2,0,0,0,0,0,0,285573.9654,6752554.5221
tieliikenne_2021.1787,1787,POINT (249977.2626 6706858.0559),2021,12,08.00-08.59,2,4,1,0,0,0,0,0,1,249977.2626,6706858.0559
tieliikenne_2021.1788,1788,POINT (234674.3741 6712045.3226),2021,12,11.00-11.59,2,4,2,0,0,0,0,0,0,234674.3741,6712045.3226
tieliikenne_2021.1789,1789,POINT (265431.1898 6707322.3499),2021,12,02.00-02.59,2,8,1,0,0,0,0,0,0,265431.1898,6707322.3499
tieliikenne_2021.1790,1790,POINT (220877.7276 6827466.221),2021,12,18.00-18.59,2,6,1,0,1,0,0,0,0,220877.7276,6827466.221
tieliikenne_2021.1791,1791,POINT (276949.607 6781056.305),2021,12,14.00-14.59,2,8,1,0,0,0,0,0,0,276949.607,6781056.305
tieliikenne_2021.1792,1792,POINT (276003.3966 6906498.629),2021,12,18.00-18.59,2,8,0,1,0,0,0,0,0,276003.3966,6906498.629
tieliikenne_2021.1793,1793,POINT (242758.4261 6710204.0024),2021,12,13.00-13.59,2,7,1,0,1,0,0,0,0,242758.4261,6710204.0024
tieliikenne_2021.1794,1794,POINT (224487.2129 6835877.4118),2021,12,15.00-15.59,2,0,3,0,0,0,0,0,0,224487.2129,6835877.4118
tieliikenne_2021.1795,1795,POINT (215591.8094 6718982.9375),2021,12,13.00-13.59,2,8,1,0,0,0,0,0,0,215591.8094,6718982.9375
tieliikenne_2021.1796,1796,POINT (243147.8548 6705321.4345),2021,12,09.00-09.59,3,7,1,0,1,0,0,0,0,243147.8548,6705321.4345
tieliikenne_2021.1797,1797,POINT (339894.1461 6798163.6667),2021,1,11.00-11.59,2,0,2,0,0,0,0,0,0,339894.1461,6798163.6667
tieliikenne_2021.1798,1798,POINT (358875.9034 6845079.2286),2021,1,12.00-12.59,3,2,2,0,0,0,0,0,0,358875.9034,6845079.2286
tieliikenne_2021.1799,1799,POINT (387602.3953 6822569.7381),2021,1,03.00-03.59,2,8,0,1,0,0,0,0,0,387602.3953,6822569.7381
tieliikenne_2021.1800,1800,POINT (329808.038 6907736.0877),2021,1,13.00-13.59,2,4,2,0,0,0,0,0,0,329808.038,6907736.0877
tieliikenne_2021.1801,1801,POINT (320946.1521 6826299.5801),2021,1,19.00-19.59,2,4,2,0,0,0,0,0,0,320946.1521,6826299.5801
tieliikenne_2021.1802,1802,POINT (433068.3658 6940352.9556),2021,1,22.00-22.59,2,8,1,0,0,0,0,0,0,433068.3658,6940352.9556
tieliikenne_2021.1803,1803,POINT (431643.5695 6910669.9983),2021,1,07.00-07.59,2,2,2,0,0,0,0,0,0,431643.5695,6910669.9983
tieliikenne_2021.1804,1804,POINT (413064.3512 6906754.7424),2021,1,13.00-13.59,3,7,1,0,1,0,0,0,0,413064.3512,6906754.7424
tieliikenne_2021.1805,1805,POINT (432280.5273 7034233.7117),2021,1,13.00-13.59,2,0,1,2,0,0,0,0,0,432280.5273,7034233.7117
tieliikenne_2021.1806,1806,POINT (436132.6826 6902537.01),2021,1,19.00-19.59,2,0,2,0,0,0,0,0,0,436132.6826,6902537.01
tieliikenne_2021.1807,1807,POINT (328692.3918 6821802.5813),2021,1,06.00-06.59,2,3,2,0,0,0,0,0,0,328692.3918,6821802.5813
tieliikenne_2021.1808,1808,POINT (433925.1913 6894863.8245),2021,1,23.00-23.59,2,8,1,0,0,0,0,0,0,433925.1913,6894863.8245
tieliikenne_2021.1809,1809,POINT (311131.8127 6823543.4425),2021,1,21.00-21.59,2,9,1,0,0,0,0,0,0,311131.8127,6823543.4425
tieliikenne_2021.1810,1810,POINT (331970.4975 6817870.6505),2021,1,13.00-13.59,2,0,2,0,0,0,0,0,0,331970.4975,6817870.6505
tieliikenne_2021.1811,1811,POINT (403953.7699 6858872.8668),2021,1,14.00-14.59,2,2,2,0,0,0,0,0,0,403953.7699,6858872.8668
tieliikenne_2021.1812,1812,POINT (435087.6034 6906415.3063),2021,1,17.00-17.59,2,6,1,0,1,0,0,0,0,435087.6034,6906415.3063
tieliikenne_2021.1813,1813,POINT (359410.7341 6841795.8071),2021,1,12.00-12.59,1,2,1,1,0,0,0,0,0,359410.7341,6841795.8071
tieliikenne_2021.1814,1814,POINT (294987.7973 6811185.3084),2021,1,15.00-15.59,2,0,1,1,0,0,0,0,0,294987.7973,6811185.3084
tieliikenne_2021.1815,1815,POINT (413729.0033 6869133.5247),2021,2,17.00-17.59,2,9,1,0,0,0,0,0,0,413729.0033,6869133.5247
tieliikenne_2021.1816,1816,POINT (431784.9876 6924818.8716),2021,1,17.00-17.59,3,5,2,0,0,0,0,0,0,431784.9876,6924818.8716
tieliikenne_2021.1817,1817,POINT (316972.7374 6799111.9556),2021,1,00.00-00.59,2,8,1,0,0,0,0,0,0,316972.7374,6799111.9556
tieliikenne_2021.1818,1818,POINT (341435.6915 6818494.6131),2021,1,14.00-14.59,2,1,2,0,0,0,0,0,0,341435.6915,6818494.6131
tieliikenne_2021.1819,1819,POINT (402260.7569 6903239.7038),2021,1,15.00-15.59,1,2,2,0,0,0,0,0,0,402260.7569,6903239.7038
tieliikenne_2021.1820,1820,POINT (424448.5473 6905053.196),2021,1,21.00-21.59,2,8,1,0,0,0,0,0,0,424448.5473,6905053.196
tieliikenne_2021.1821,1821,POINT (332893.4563 6820183.7857),2021,1,19.00-19.59,2,8,1,0,0,0,0,0,0,332893.4563,6820183.7857
tieliikenne_2021.1822,1822,POINT (331100.8931 6816995.868),2021,1,10.00-10.59,2,0,2,0,0,0,0,0,0,331100.8931,6816995.868
tieliikenne_2021.1823,1823,POINT (305293.7209 6822565.8506),2021,1,14.00-14.59,2,2,2,0,0,0,0,0,0,305293.7209,6822565.8506
tieliikenne_2021.1824,1824,POINT (331982.4143 6816001.364),2021,2,09.00-09.59,3,6,0,1,1,0,0,0,0,331982.4143,6816001.364
tieliikenne_2021.1825,1825,POINT (436137.2665 6902523.7618),2021,2,13.00-13.59,3,0,1,1,0,0,0,0,0,436137.2665,6902523.7618
tieliikenne_2021.1826,1826,POINT (448325.8351 6927311.0735),2021,2,09.00-09.59,2,2,2,0,0,0,0,0,0,448325.8351,6927311.0735
tieliikenne_2021.1827,1827,POINT (459801.8171 6941395.0044),2021,2,15.00-15.59,1,5,2,0,0,0,0,0,0,459801.8171,6941395.0044
tieliikenne_2021.1828,1828,POINT (440067.241 6909270.378),2021,2,10.00-10.59,2,5,2,0,0,0,0,0,0,440067.241,6909270.378
tieliikenne_2021.1829,1829,POINT (390530.3429 6903362.8441),2021,2,12.00-12.59,2,4,2,0,0,0,0,0,0,390530.3429,6903362.8441
tieliikenne_2021.1830,1830,POINT (358928.528 6836792.0904),2021,2,14.00-14.59,2,5,2,0,0,0,0,0,0,358928.528,6836792.0904
tieliikenne_2021.1831,1831,POINT (331366.0901 6785637.025),2021,2,08.00-08.59,2,0,0,2,0,0,0,0,0,331366.0901,6785637.025
tieliikenne_2021.1832,1832,POINT (319906.683 6800468.864),2021,2,15.00-15.59,2,0,2,0,0,0,0,0,0,319906.683,6800468.864
tieliikenne_2021.1833,1833,POINT (332308.3548 6816520.1256),2021,2,13.00-13.59,2,6,1,0,1,0,0,0,0,332308.3548,6816520.1256
tieliikenne_2021.1834,1834,POINT (436947.2981 6903787.205),2021,2,15.00-15.59,2,5,1,0,0,1,0,0,0,436947.2981,6903787.205
tieliikenne_2021.1835,1835,POINT (323765.77 6824108.1223),2021,2,20.00-20.59,2,0,2,0,0,0,0,0,0,323765.77,6824108.1223
tieliikenne_2021.1836,1836,POINT (443157.549 6940537.464),2021,2,15.00-15.59,3,0,3,0,0,0,0,0,0,443157.549,6940537.464
tieliikenne_2021.1837,1837,POINT (431932.3157 6895730.6888),2021,2,13.00-13.59,2,0,2,1,0,0,0,0,0,431932.3157,6895730.6888
tieliikenne_2021.1838,1838,POINT (431327.821 6894872.8644),2021,2,13.00-13.59,2,0,6,0,0,0,0,0,0,431327.821,6894872.8644
tieliikenne_2021.1839,1839,POINT (302702.596 6836786.9234),2021,2,14.00-14.59,2,0,1,1,0,0,0,0,0,302702.596,6836786.9234
tieliikenne_2021.1840,1840,POINT (288145.65 6826148.648),2021,2,13.00-13.59,2,2,1,0,0,0,0,0,1,288145.65,6826148.648
tieliikenne_2021.1841,1841,POINT (333521.0838 6819885.195),2021,2,18.00-18.59,2,6,1,0,1,0,0,0,0,333521.0838,6819885.195
tieliikenne_2021.1842,1842,POINT (359881.274 6914282.781),2021,3,16.00-16.59,2,8,0,0,0,0,0,0,1,359881.274,6914282.781
tieliikenne_2021.1843,1843,POINT (441458.8722 6902509.9321),2021,3,18.00-18.59,2,8,0,0,0,0,0,0,1,441458.8722,6902509.9321
tieliikenne_2021.1844,1844,POINT (441037.0468 6937709.4808),2021,3,15.00-15.59,2,7,1,0,1,0,0,0,0,441037.0468,6937709.4808
tieliikenne_2021.1845,1845,POINT (288373.8175 6807408.0443),2021,3,06.00-06.59,2,2,2,0,0,0,0,0,0,288373.8175,6807408.0443
tieliikenne_2021.1846,1846,POINT (328969.8601 6822390.9423),2021,3,13.00-13.59,2,4,1,0,0,0,0,0,1,328969.8601,6822390.9423
tieliikenne_2021.1847,1847,POINT (457596.0265 6920250.8556),2021,3,14.00-14.59,2,2,0,2,0,0,0,0,0,457596.0265,6920250.8556
tieliikenne_2021.1848,1848,POINT (420728.8775 6874758.8504),2021,3,17.00-17.59,2,2,2,0,0,0,0,0,0,420728.8775,6874758.8504
tieliikenne_2021.1849,1849,POINT (452753.7018 6858286.7937),2021,5,15.00-15.59,2,9,0,0,0,1,0,0,0,452753.7018,6858286.7937
tieliikenne_2021.1850,1850,POINT (313637.152 6876364.2418),2021,5,20.00-20.59,2,9,1,0,0,0,0,0,0,313637.152,6876364.2418
tieliikenne_2021.1851,1851,POINT (346325.1424 6875936.2733),2021,3,13.00-13.59,2,4,2,0,0,0,0,0,0,346325.1424,6875936.2733
tieliikenne_2021.1852,1852,POINT (327146.7019 6818466.841),2021,3,06.00-06.59,3,8,1,0,0,0,0,0,0,327146.7019,6818466.841
tieliikenne_2021.1853,1853,POINT (329918.6912 6800976.7662),2021,3,07.00-07.59,2,8,1,0,0,0,0,0,0,329918.6912,6800976.7662
tieliikenne_2021.1854,1854,POINT (302275.8772 6845441.4097),2021,3,02.00-02.59,2,8,1,0,0,0,0,0,0,302275.8772,6845441.4097
tieliikenne_2021.1855,1855,POINT (371954.1794 6880082.9159),2021,3,09.00-09.59,2,1,1,1,0,0,0,0,0,371954.1794,6880082.9159
tieliikenne_2021.1856,1856,POINT (332173.1855 6817908.0255),2021,3,18.00-18.59,2,2,1,1,0,0,0,0,0,332173.1855,6817908.0255
tieliikenne_2021.1857,1857,POINT (313696.3156 6819001.8757),2021,3,09.00-09.59,2,5,3,0,0,0,0,0,0,313696.3156,6819001.8757
tieliikenne_2021.1858,1858,POINT (317999.3815 6829774.8978),2021,3,14.00-14.59,2,5,1,1,0,0,0,0,0,317999.3815,6829774.8978
tieliikenne_2021.1859,1859,POINT (338647.0718 6794533.3672),2021,6,16.00-16.59,2,9,1,0,0,0,0,0,0,338647.0718,6794533.3672
tieliikenne_2021.1860,1860,POINT (477713.9625 6914082.6279),2021,3,13.00-13.59,2,4,2,0,0,0,0,0,0,477713.9625,6914082.6279
tieliikenne_2021.1861,1861,POINT (456704.3843 6922266.655),2021,3,22.00-22.59,1,9,0,0,0,0,0,0,1,456704.3843,6922266.655
tieliikenne_2021.1862,1862,POINT (322166.9844 6833380.7623),2021,3,16.00-16.59,2,8,0,0,0,0,0,0,1,322166.9844,6833380.7623
tieliikenne_2021.1863,1863,POINT (353466.7229 6804403.9071),2021,3,12.00-12.59,2,7,1,0,1,0,0,0,0,353466.7229,6804403.9071
tieliikenne_2021.1864,1864,POINT (322714.5539 6823905.9956),2021,3,13.00-13.59,1,6,0,1,1,0,0,0,0,322714.5539,6823905.9956
tieliikenne_2021.1865,1865,POINT (328387.567 6818445.938),2021,3,15.00-15.59,2,0,4,0,0,0,0,0,0,328387.567,6818445.938
tieliikenne_2021.1866,1866,POINT (292355.4813 6853458.6149),2021,3,16.00-16.59,2,3,1,0,0,0,1,0,0,292355.4813,6853458.6149
tieliikenne_2021.1867,1867,POINT (436412.4357 6900348.3133),2021,3,15.00-15.59,1,7,1,0,1,0,0,0,0,436412.4357,6900348.3133
tieliikenne_2021.1868,1868,POINT (320128.2197 6824461.8633),2021,4,11.00-11.59,3,8,1,0,0,0,0,0,0,320128.2197,6824461.8633
tieliikenne_2021.1869,1869,POINT (338543.9459 6826309.1337),2021,4,14.00-14.59,1,2,3,1,0,0,0,0,0,338543.9459,6826309.1337
tieliikenne_2021.1870,1870,POINT (321753.6625 6834388.5109),2021,4,00.00-00.59,3,8,0,0,0,0,0,0,1,321753.6625,6834388.5109
tieliikenne_2021.1871,1871,POINT (378341.8015 6878734.6094),2021,4,02.00-02.59,3,7,1,0,1,0,0,0,0,378341.8015,6878734.6094
tieliikenne_2021.1872,1872,POINT (329019.0331 6820432.8621),2021,4,09.00-09.59,2,0,1,0,0,1,0,0,0,329019.0331,6820432.8621
tieliikenne_2021.1873,1873,POINT (318607.5137 6822118.2175),2021,7,13.00-13.59,2,9,0,0,0,0,0,1,0,318607.5137,6822118.2175
tieliikenne_2021.1874,1874,POINT (432481.2423 6900893.9817),2021,4,14.00-14.59,2,8,0,1,0,0,0,0,0,432481.2423,6900893.9817
tieliikenne_2021.1875,1875,POINT (327538.9092 6822239.0229),2021,4,15.00-15.59,2,4,1,0,0,1,0,0,0,327538.9092,6822239.0229
tieliikenne_2021.1876,1876,POINT (306184.6992 6836034.5843),2021,4,06.00-06.59,2,2,4,0,0,0,0,0,0,306184.6992,6836034.5843
tieliikenne_2021.1877,1877,POINT (277238.3344 6835544.422),2021,4,12.00-12.59,2,2,2,0,0,0,0,0,0,277238.3344,6835544.422
tieliikenne_2021.1878,1878,POINT (405078.8031 6860641.7725),2021,4,14.00-14.59,3,5,1,0,0,0,1,0,0,405078.8031,6860641.7725
tieliikenne_2021.1879,1879,POINT (368306.7555 6903801.4193),2021,4,01.00-01.59,2,8,0,0,0,0,0,1,0,368306.7555,6903801.4193
tieliikenne_2021.1880,1880,POINT (311549.8481 6802209.5885),2021,7,06.00-06.59,2,9,0,0,0,0,0,1,0,311549.8481,6802209.5885
tieliikenne_2021.1881,1881,POINT (338764.2628 6797795.5661),2021,7,21.00-21.59,2,4,1,0,0,1,0,0,0,338764.2628,6797795.5661
tieliikenne_2021.1882,1882,POINT (360768.5199 6841843.1627),2021,4,16.00-16.59,2,4,1,0,0,0,0,0,1,360768.5199,6841843.1627
tieliikenne_2021.1883,1883,POINT (360101.1001 6840593.6919),2021,4,07.00-07.59,2,0,0,0,0,0,2,0,0,360101.1001,6840593.6919
tieliikenne_2021.1884,1884,POINT (328353.1958 6822018.6606),2021,7,00.00-00.59,2,9,0,0,0,0,0,1,0,328353.1958,6822018.6606
tieliikenne_2021.1885,1885,POINT (320762.6498 6824817.3085),2021,4,12.00-12.59,3,8,1,0,0,0,0,0,0,320762.6498,6824817.3085
tieliikenne_2021.1886,1886,POINT (317304.0306 6779380.8638),2021,4,18.00-18.59,3,1,1,0,0,0,0,1,0,317304.0306,6779380.8638
tieliikenne_2021.1887,1887,POINT (435466.415 6901188.1042),2021,4,15.00-15.59,2,1,1,0,0,1,0,0,0,435466.415,6901188.1042
tieliikenne_2021.1888,1888,POINT (330190.0611 6820462.2763),2021,4,15.00-15.59,2,3,1,0,0,0,1,0,0,330190.0611,6820462.2763
tieliikenne_2021.1889,1889,POINT (327143.6065 6822658.9205),2021,4,12.00-12.59,1,6,0,1,1,0,0,0,0,327143.6065,6822658.9205
tieliikenne_2021.1890,1890,POINT (338977.4437 6819354.4461),2021,4,15.00-15.59,2,4,1,0,0,0,1,0,0,338977.4437,6819354.4461
tieliikenne_2021.1891,1891,POINT (313714.6464 6819398.8902),2021,4,15.00-15.59,2,1,1,0,0,1,0,0,0,313714.6464,6819398.8902
tieliikenne_2021.1892,1892,POINT (321829.2694 6823690.5343),2021,4,14.00-14.59,2,1,1,0,0,1,0,0,0,321829.2694,6823690.5343
tieliikenne_2021.1893,1893,POINT (409576.0042 6861281.5015),2021,4,00.00-00.59,2,8,1,0,0,0,0,0,0,409576.0042,6861281.5015
tieliikenne_2021.1894,1894,POINT (367703.1735 6859302.9737),2021,8,07.00-07.59,1,9,1,0,0,0,0,0,0,367703.1735,6859302.9737
tieliikenne_2021.1895,1895,POINT (328890.1697 6821406.4992),2021,4,17.00-17.59,3,0,1,0,0,0,0,1,0,328890.1697,6821406.4992
tieliikenne_2021.1896,1896,POINT (328700.7074 6821800.0945),2021,4,15.00-15.59,2,4,1,0,0,1,0,0,0,328700.7074,6821800.0945
tieliikenne_2021.1897,1897,POINT (327740.2393 6817741.1081),2021,8,18.00-18.59,3,9,0,0,0,0,0,1,0,327740.2393,6817741.1081
tieliikenne_2021.1898,1898,POINT (326692.662 6822170.653),2021,4,16.00-16.59,2,4,2,0,0,0,0,0,0,326692.662,6822170.653
tieliikenne_2021.1899,1899,POINT (360508.5076 6841613.4512),2021,8,19.00-19.59,3,9,0,0,0,1,0,0,0,360508.5076,6841613.4512
tieliikenne_2021.1900,1900,POINT (438480.3282 6901493.854),2021,5,07.00-07.59,2,4,2,0,0,0,0,0,0,438480.3282,6901493.854
tieliikenne_2021.1901,1901,POINT (328357.5663 6810681.2717),2021,9,13.00-13.59,1,9,0,0,0,1,0,0,0,328357.5663,6810681.2717
tieliikenne_2021.1902,1902,POINT (269166.1465 6824607.3138),2021,5,18.00-18.59,1,2,2,0,0,0,0,1,0,269166.1465,6824607.3138
tieliikenne_2021.1903,1903,POINT (319081.3162 6828644.8615),2021,5,11.00-11.59,2,4,1,0,0,1,0,0,0,319081.3162,6828644.8615
tieliikenne_2021.1904,1904,POINT (346505.1318 6875590.8813),2021,5,07.00-07.59,2,9,1,0,1,0,0,0,0,346505.1318,6875590.8813
tieliikenne_2021.1905,1905,POINT (328557.5791 6822605.1766),2021,5,09.00-09.59,2,7,0,0,1,1,0,0,0,328557.5791,6822605.1766
tieliikenne_2021.1906,1906,POINT (435397.9782 6941821.0856),2021,5,09.00-09.59,2,1,1,0,0,1,0,0,0,435397.9782,6941821.0856
tieliikenne_2021.1907,1907,POINT (427216.9823 7028396.9777),2021,5,18.00-18.59,2,8,1,0,0,0,0,0,0,427216.9823,7028396.9777
tieliikenne_2021.1908,1908,POINT (449819.3667 6905765.0988),2021,5,14.00-14.59,2,8,1,0,0,0,0,0,0,449819.3667,6905765.0988
tieliikenne_2021.1909,1909,POINT (342419.4911 6807272.4093),2021,5,13.00-13.59,2,0,1,0,0,9,0,0,0,342419.4911,6807272.4093
tieliikenne_2021.1910,1910,POINT (438490.1662 6901554.8345),2021,5,17.00-17.59,2,1,1,0,0,0,0,1,0,438490.1662,6901554.8345
tieliikenne_2021.1911,1911,POINT (437643.4398 6904245.7861),2021,5,18.00-18.59,2,3,1,0,0,0,1,0,0,437643.4398,6904245.7861
tieliikenne_2021.1912,1912,POINT (322258.8208 6825223.1084),2021,5,12.00-12.59,2,1,1,0,0,1,0,0,0,322258.8208,6825223.1084
tieliikenne_2021.1913,1913,POINT (428219.1782 6918999.9035),2021,5,16.00-16.59,2,1,0,1,0,0,0,1,0,428219.1782,6918999.9035
tieliikenne_2021.1914,1914,POINT (333485.1361 6820424.0113),2021,5,11.00-11.59,3,8,1,0,0,0,0,0,0,333485.1361,6820424.0113
tieliikenne_2021.1915,1915,POINT (434131.3005 6907436.1205),2021,5,15.00-15.59,2,0,2,0,0,0,0,0,0,434131.3005,6907436.1205
tieliikenne_2021.1916,1916,POINT (468864.0389 6906616.9351),2021,5,04.00-04.59,2,8,1,0,0,0,0,0,0,468864.0389,6906616.9351
tieliikenne_2021.1917,1917,POINT (463682.1121 6944163.0437),2021,5,,3,4,1,0,0,0,1,0,0,463682.1121,6944163.0437
tieliikenne_2021.1918,1918,POINT (324863.7732 6819503.4643),2021,5,16.00-16.59,2,9,1,0,0,0,0,0,1,324863.7732,6819503.4643
tieliikenne_2021.1919,1919,POINT (446284.9518 6874656.7539),2021,5,18.00-18.59,2,8,1,0,0,0,0,0,0,446284.9518,6874656.7539
tieliikenne_2021.1920,1920,POINT (326235.9406 6804744.5153),2021,5,15.00-15.59,2,8,0,0,0,0,0,0,1,326235.9406,6804744.5153
tieliikenne_2021.1921,1921,POINT (328036.2339 6822676.7894),2021,5,18.00-18.59,2,4,2,0,0,0,0,0,0,328036.2339,6822676.7894
tieliikenne_2021.1922,1922,POINT (350832.4079 6810380.5062),2021,5,21.00-21.59,2,0,3,0,0,0,0,0,0,350832.4079,6810380.5062
tieliikenne_2021.1923,1923,POINT (325536.0261 6823067.257),2021,5,07.00-07.59,2,7,1,0,1,0,0,0,0,325536.0261,6823067.257
tieliikenne_2021.1924,1924,POINT (322068.2966 6823768.2785),2021,5,13.00-13.59,2,1,1,0,0,0,0,1,0,322068.2966,6823768.2785
tieliikenne_2021.1925,1925,POINT (330212.5664 6790077.6448),2021,5,15.00-15.59,2,8,2,0,0,0,0,0,0,330212.5664,6790077.6448
tieliikenne_2021.1926,1926,POINT (329509.4419 6820839.9786),2021,5,16.00-16.59,2,4,2,0,0,0,0,0,0,329509.4419,6820839.9786
tieliikenne_2021.1927,1927,POINT (320532.0235 6818234.157),2021,5,23.00-23.59,2,9,0,0,0,0,0,1,0,320532.0235,6818234.157
tieliikenne_2021.1928,1928,POINT (330177.8454 6823384.7621),2021,5,06.00-06.59,2,2,1,0,0,1,0,0,0,330177.8454,6823384.7621
tieliikenne_2021.1929,1929,POINT (362339.0945 6992750.8541),2021,10,18.00-18.59,2,9,1,0,0,0,0,0,0,362339.0945,6992750.8541
tieliikenne_2021.1930,1930,POINT (433176.4162 6896200.1703),2021,6,12.00-12.59,2,2,0,0,0,1,0,1,0,433176.4162,6896200.1703
tieliikenne_2021.1931,1931,POINT (434854.1181 6902425.5936),2021,6,12.00-12.59,2,4,1,0,0,1,0,0,0,434854.1181,6902425.5936
tieliikenne_2021.1932,1932,POINT (458649.5305 6858976.1061),2021,6,15.00-15.59,3,8,1,0,0,0,0,0,0,458649.5305,6858976.1061
tieliikenne_2021.1933,1933,POINT (433328.3273 6907025.5844),2021,6,07.00-07.59,2,1,1,0,0,1,0,0,0,433328.3273,6907025.5844
tieliikenne_2021.1934,1934,POINT (420075.0517 6874465.2887),2021,10,18.00-18.59,2,9,1,0,0,0,0,0,0,420075.0517,6874465.2887
tieliikenne_2021.1935,1935,POINT (434818.2288 6906833.9896),2021,6,11.00-11.59,2,1,1,0,0,1,0,0,0,434818.2288,6906833.9896
tieliikenne_2021.1936,1936,POINT (288870.9323 6869433.7645),2021,6,13.00-13.59,2,1,2,0,0,0,0,0,0,288870.9323,6869433.7645
tieliikenne_2021.1937,1937,POINT (323477.3366 6819584.7456),2021,6,13.00-13.59,2,2,2,0,0,0,0,0,0,323477.3366,6819584.7456
tieliikenne_2021.1938,1938,POINT (375655.2635 6879859.9959),2021,6,16.00-16.59,2,0,1,0,0,0,0,1,0,375655.2635,6879859.9959
tieliikenne_2021.1939,1939,POINT (441370.8945 6902003.1175),2021,6,21.00-21.59,2,0,1,0,0,0,0,1,0,441370.8945,6902003.1175
tieliikenne_2021.1940,1940,POINT (285831.1401 6806706.3922),2021,6,15.00-15.59,2,8,1,0,0,0,0,0,0,285831.1401,6806706.3922
tieliikenne_2021.1941,1941,POINT (353075.744 6824567.8686),2021,6,23.00-23.59,2,8,1,0,0,0,0,0,0,353075.744,6824567.8686
tieliikenne_2021.1942,1942,POINT (434647.6702 6902632.503),2021,6,21.00-21.59,2,1,1,0,0,1,0,0,0,434647.6702,6902632.503
tieliikenne_2021.1943,1943,POINT (394696.6595 6886575.2541),2021,6,15.00-15.59,2,2,2,0,0,0,0,0,0,394696.6595,6886575.2541
tieliikenne_2021.1944,1944,POINT (334328.9783 6822217.2124),2021,6,20.00-20.59,2,8,1,0,0,0,0,0,0,334328.9783,6822217.2124
tieliikenne_2021.1945,1945,POINT (433349.6337 6901720.6487),2021,6,21.00-21.59,2,7,0,0,1,1,0,0,0,433349.6337,6901720.6487
tieliikenne_2021.1946,1946,POINT (332876.1105 6797761.4347),2021,6,12.00-12.59,2,8,1,0,0,0,0,0,0,332876.1105,6797761.4347
tieliikenne_2021.1947,1947,POINT (339289.8196 6819150.173),2021,6,00.00-00.59,2,0,0,0,0,0,0,2,0,339289.8196,6819150.173
tieliikenne_2021.1948,1948,POINT (414731.8222 6987921.9562),2021,6,00.00-00.59,2,8,0,0,0,0,0,1,0,414731.8222,6987921.9562
tieliikenne_2021.1949,1949,POINT (341223.562 6797745.616),2021,6,20.00-20.59,1,8,1,0,0,0,0,0,0,341223.562,6797745.616
tieliikenne_2021.1950,1950,POINT (436114.604 6902344.5924),2021,6,05.00-05.59,3,8,1,0,0,0,0,0,0,436114.604,6902344.5924
tieliikenne_2021.1951,1951,POINT (334075.3452 6821811.8559),2021,6,13.00-13.59,3,4,1,0,0,1,0,0,0,334075.3452,6821811.8559
tieliikenne_2021.1952,1952,POINT (332411.7966 6823033.2338),2021,6,14.00-14.59,2,9,0,0,0,1,0,0,0,332411.7966,6823033.2338
tieliikenne_2021.1953,1953,POINT (445729.0737 6920861.7649),2021,6,17.00-17.59,2,4,1,0,0,0,1,0,0,445729.0737,6920861.7649
tieliikenne_2021.1954,1954,POINT (432457.676 6931980.9906),2021,6,20.00-20.59,2,8,1,0,0,0,0,0,0,432457.676,6931980.9906
tieliikenne_2021.1955,1955,POINT (273978.2306 6805468.8051),2021,6,16.00-16.59,2,3,1,0,0,0,1,0,0,273978.2306,6805468.8051
tieliikenne_2021.1956,1956,POINT (432456.2806 6900603.4579),2021,6,16.00-16.59,2,2,0,0,0,2,0,0,0,432456.2806,6900603.4579
tieliikenne_2021.1957,1957,POINT (386715.2988 6983109.6914),2021,11,19.00-19.59,2,8,1,0,0,0,0,0,0,386715.2988,6983109.6914
tieliikenne_2021.1958,1958,POINT (322449.7167 6819626.4203),2021,6,18.00-18.59,2,5,0,0,0,1,0,0,1,322449.7167,6819626.4203
tieliikenne_2021.1959,1959,POINT (341155.0092 6797139.689),2021,6,17.00-17.59,2,0,0,0,0,0,2,0,0,341155.0092,6797139.689
tieliikenne_2021.1960,1960,POINT (320229.6464 6827773.0054),2021,6,22.00-22.59,2,4,1,0,0,0,0,0,1,320229.6464,6827773.0054
tieliikenne_2021.1961,1961,POINT (320451.7589 6833776.7622),2021,6,08.00-08.59,1,8,1,0,0,0,0,0,0,320451.7589,6833776.7622
tieliikenne_2021.1962,1962,POINT (300399.237 6861638.609),2021,6,19.00-19.59,1,7,1,0,1,0,0,0,0,300399.237,6861638.609
tieliikenne_2021.1963,1963,POINT (433036.1478 6895951.4837),2021,6,21.00-21.59,2,1,0,0,0,0,2,0,0,433036.1478,6895951.4837
tieliikenne_2021.1964,1964,POINT (315951.842 6775869.4507),2021,6,20.00-20.59,2,4,1,0,0,0,1,0,0,315951.842,6775869.4507
tieliikenne_2021.1965,1965,POINT (298197.8436 6841208.2866),2021,6,05.00-05.59,3,8,0,0,0,0,0,1,0,298197.8436,6841208.2866
tieliikenne_2021.1966,1966,POINT (324759.8844 6819556.3399),2021,6,17.00-17.59,2,4,1,0,0,1,0,0,0,324759.8844,6819556.3399
tieliikenne_2021.1967,1967,POINT (432350.9387 7040518.3358),2021,6,13.00-13.59,2,8,0,1,0,0,0,0,0,432350.9387,7040518.3358
tieliikenne_2021.1968,1968,POINT (439340.4079 6901484.0127),2021,6,17.00-17.59,2,1,2,0,0,0,0,0,0,439340.4079,6901484.0127
tieliikenne_2021.1969,1969,POINT (368928.6896 6863046.9609),2021,6,18.00-18.59,3,0,0,0,0,0,0,1,1,368928.6896,6863046.9609
tieliikenne_2021.1970,1970,POINT (435165.2599 6889381.118),2021,6,22.00-22.59,2,8,1,0,0,0,0,0,0,435165.2599,6889381.118
tieliikenne_2021.1971,1971,POINT (444710.8499 6921696.0364),2021,6,18.00-18.59,2,5,1,0,0,1,0,0,0,444710.8499,6921696.0364
tieliikenne_2021.1972,1972,POINT (327536.1856 6822699.4261),2021,6,15.00-15.59,2,7,0,0,1,1,0,0,0,327536.1856,6822699.4261
tieliikenne_2021.1973,1973,POINT (367875.904 6874840.7367),2021,6,01.00-01.59,1,8,1,0,0,0,0,0,0,367875.904,6874840.7367
tieliikenne_2021.1974,1974,POINT (314419.5099 6821673.165),2021,6,10.00-10.59,2,1,1,0,0,0,1,0,0,314419.5099,6821673.165
tieliikenne_2021.1975,1975,POINT (336074.25 6862795.8309),2021,6,09.00-09.59,2,8,1,0,0,0,0,0,0,336074.25,6862795.8309
tieliikenne_2021.1976,1976,POINT (423032.3277 6931185.6805),2021,12,17.00-17.59,2,9,1,0,0,0,0,0,0,423032.3277,6931185.6805
tieliikenne_2021.1977,1977,POINT (320063.3388 6781051.8843),2021,6,17.00-17.59,2,0,2,0,0,0,0,0,0,320063.3388,6781051.8843
tieliikenne_2021.1978,1978,POINT (317932.8376 6848147.4276),2021,6,06.00-06.59,2,8,1,0,0,0,0,0,0,317932.8376,6848147.4276
tieliikenne_2021.1979,1979,POINT (335462.2549 6821621.847),2021,6,10.00-10.59,2,8,1,0,0,0,0,0,0,335462.2549,6821621.847
tieliikenne_2021.1980,1980,POINT (412450.1558 6952983.3891),2021,6,16.00-16.59,2,5,1,0,0,0,1,0,0,412450.1558,6952983.3891
tieliikenne_2021.1981,1981,POINT (431105.4107 6889300.5758),2021,7,12.00-12.59,2,9,1,0,0,1,0,0,0,431105.4107,6889300.5758
tieliikenne_2021.1982,1982,POINT (329515.6298 6822408.4968),2021,7,14.00-14.59,2,7,0,0,3,1,0,0,0,329515.6298,6822408.4968
tieliikenne_2021.1983,1983,POINT (432578.627 7024454.045),2021,7,14.00-14.59,2,2,1,0,0,0,0,0,1,432578.627,7024454.045
tieliikenne_2021.1984,1984,POINT (334388.0121 6835248.9657),2021,7,18.00-18.59,2,0,3,0,0,0,0,0,0,334388.0121,6835248.9657
tieliikenne_2021.1985,1985,POINT (392792.8548 6913002.672),2021,7,00.00-00.59,2,8,1,0,0,0,0,0,0,392792.8548,6913002.672
tieliikenne_2021.1986,1986,POINT (436067.7608 6900761.8929),2021,7,13.00-13.59,2,4,1,0,0,1,0,0,0,436067.7608,6900761.8929
tieliikenne_2021.1987,1987,POINT (324383.8093 6823633.3824),2021,7,19.00-19.59,3,6,1,0,1,0,0,0,0,324383.8093,6823633.3824
tieliikenne_2021.1988,1988,POINT (331814.981 6818436.976),2021,7,04.00-04.59,2,8,1,0,0,0,0,0,0,331814.981,6818436.976
tieliikenne_2021.1989,1989,POINT (317012.8744 6823277.558),2021,7,18.00-18.59,2,3,0,0,0,0,0,2,0,317012.8744,6823277.558
tieliikenne_2021.1990,1990,POINT (334047.1682 6905433.0967),2021,7,13.00-13.59,2,2,0,0,0,0,0,2,0,334047.1682,6905433.0967
tieliikenne_2021.1991,1991,POINT (281650.8383 6805984.3517),2021,7,16.00-16.59,3,5,1,0,0,0,1,0,0,281650.8383,6805984.3517
tieliikenne_2021.1992,1992,POINT (327719.9174 6862078.7214),2021,7,14.00-14.59,2,8,1,0,0,0,0,0,0,327719.9174,6862078.7214
tieliikenne_2021.1993,1993,POINT (325872.9519 6818099.1135),2021,7,15.00-15.59,2,5,1,0,0,1,0,0,0,325872.9519,6818099.1135
tieliikenne_2021.1994,1994,POINT (369486.685 6892563.5292),2021,7,10.00-10.59,1,9,1,1,0,0,0,0,0,369486.685,6892563.5292
tieliikenne_2021.1995,1995,POINT (297774.1131 6841090.6469),2021,7,13.00-13.59,2,0,3,0,0,0,0,0,0,297774.1131,6841090.6469
tieliikenne_2021.1996,1996,POINT (332231.5655 6841982.2857),2021,7,18.00-18.59,2,2,2,0,0,0,0,0,0,332231.5655,6841982.2857
tieliikenne_2021.1997,1997,POINT (282403.2453 6806947.8495),2021,7,19.00-19.59,2,9,1,0,0,1,0,0,0,282403.2453,6806947.8495
tieliikenne_2021.1998,1998,POINT (432705.5689 6900746.8664),2021,7,07.00-07.59,2,0,1,0,0,0,1,0,0,432705.5689,6900746.8664
tieliikenne_2021.1999,1999,POINT (403432.468 6827080.5939),2021,7,15.00-15.59,1,5,1,0,0,0,0,1,0,403432.468,6827080.5939
tieliikenne_2021.2000,2000,POINT (291937.4689 6876247.7538),2021,7,09.00-09.59,2,8,1,0,0,0,0,0,0,291937.4689,6876247.7538
tieliikenne_2021.2001,2001,POINT (327798.4739 6906541.1971),2021,7,12.00-12.59,2,8,1,0,0,0,0,0,0,327798.4739,6906541.1971
tieliikenne_2021.2002,2002,POINT (324573.0471 6784492.843),2021,7,09.00-09.59,3,8,0,0,0,0,0,0,1,324573.0471,6784492.843
tieliikenne_2021.2003,2003,POINT (333574.8559 6810128.0399),2021,7,17.00-17.59,2,2,2,0,0,0,0,0,0,333574.8559,6810128.0399
tieliikenne_2021.2004,2004,POINT (351364.1861 6892344.1941),2021,7,23.00-23.59,3,8,1,0,0,0,0,0,0,351364.1861,6892344.1941
tieliikenne_2021.2005,2005,POINT (358012.4018 6803581.8095),2021,7,07.00-07.59,2,8,1,0,0,0,0,0,0,358012.4018,6803581.8095
tieliikenne_2021.2006,2006,POINT (298504.3858 6839754.8177),2021,7,10.00-10.59,3,4,0,1,0,1,0,0,0,298504.3858,6839754.8177
tieliikenne_2021.2007,2007,POINT (322729.7911 6825431.3076),2021,7,20.00-20.59,2,2,1,0,0,0,0,1,0,322729.7911,6825431.3076
tieliikenne_2021.2008,2008,POINT (323967.7685 6818145.4264),2021,7,13.00-13.59,3,8,0,0,0,0,0,1,0,323967.7685,6818145.4264
tieliikenne_2021.2009,2009,POINT (326077.4846 6818529.0186),2021,7,16.00-16.59,2,0,3,0,0,0,0,0,0,326077.4846,6818529.0186
tieliikenne_2021.2010,2010,POINT (334336.1239 6822034.627),2021,7,10.00-10.59,2,0,2,0,0,0,0,0,0,334336.1239,6822034.627
tieliikenne_2021.2011,2011,POINT (369786.0265 6879362.5928),2021,7,16.00-16.59,2,4,2,0,0,0,0,0,0,369786.0265,6879362.5928
tieliikenne_2021.2012,2012,POINT (339355.1578 6797918.9194),2021,7,19.00-19.59,2,6,1,0,1,0,0,0,0,339355.1578,6797918.9194
tieliikenne_2021.2013,2013,POINT (272989.9449 6802751.2221),2021,7,18.00-18.59,3,0,3,0,0,0,0,0,0,272989.9449,6802751.2221
tieliikenne_2021.2014,2014,POINT (428890.8487 6876784.4703),2021,7,20.00-20.59,2,8,0,0,0,0,0,1,0,428890.8487,6876784.4703
tieliikenne_2021.2015,2015,POINT (397874.9225 6989937.4837),2021,7,15.00-15.59,2,1,2,0,0,0,0,0,0,397874.9225,6989937.4837
tieliikenne_2021.2016,2016,POINT (295038.6403 6851214.7657),2021,7,21.00-21.59,2,8,1,0,0,0,0,0,0,295038.6403,6851214.7657
tieliikenne_2021.2017,2017,POINT (327461.1601 6819820.8144),2021,7,06.00-06.59,3,0,1,0,0,0,1,0,0,327461.1601,6819820.8144
tieliikenne_2021.2018,2018,POINT (366872.7562 6883744.4469),2021,7,19.00-19.59,2,2,2,0,0,0,0,0,0,366872.7562,6883744.4469
tieliikenne_2021.2019,2019,POINT (321151.16 6856418.3008),2021,7,16.00-16.59,2,2,2,0,0,0,0,0,0,321151.16,6856418.3008
tieliikenne_2021.2020,2020,POINT (333744.5292 6821107.091),2021,7,22.00-22.59,2,8,1,0,0,0,0,0,0,333744.5292,6821107.091
tieliikenne_2021.2021,2021,POINT (454501.7862 6950865.484),2021,7,10.00-10.59,2,2,1,0,0,0,0,0,1,454501.7862,6950865.484
tieliikenne_2021.2022,2022,POINT (341439.6414 6797255.5016),2021,7,21.00-21.59,2,2,0,0,0,0,0,2,0,341439.6414,6797255.5016
tieliikenne_2021.2023,2023,POINT (395691.827 6863618.3488),2021,7,13.00-13.59,3,8,0,0,0,0,0,0,1,395691.827,6863618.3488
tieliikenne_2021.2024,2024,POINT (275737.0535 6804255.3703),2021,7,18.00-18.59,2,9,1,0,0,0,0,1,0,275737.0535,6804255.3703
tieliikenne_2021.2025,2025,POINT (437316.2287 6899960.6521),2021,7,01.00-01.59,2,8,0,0,0,1,0,0,0,437316.2287,6899960.6521
tieliikenne_2021.2026,2026,POINT (326421.4604 6790565.4834),2021,7,18.00-18.59,3,9,1,0,1,0,0,0,0,326421.4604,6790565.4834
tieliikenne_2021.2027,2027,POINT (320848.1387 6825716.7078),2021,7,22.00-22.59,2,4,1,0,0,0,0,1,0,320848.1387,6825716.7078
tieliikenne_2021.2028,2028,POINT (311047.1563 6820172.5148),2021,7,17.00-17.59,2,8,1,0,0,0,0,0,0,311047.1563,6820172.5148
tieliikenne_2021.2029,2029,POINT (320365.4066 6784832.2991),2021,7,21.00-21.59,2,8,0,0,0,0,0,0,1,320365.4066,6784832.2991
tieliikenne_2021.2030,2030,POINT (313732.9524 6819404.5378),2021,7,13.00-13.59,3,4,1,0,0,1,0,0,0,313732.9524,6819404.5378
tieliikenne_2021.2031,2031,POINT (404276.3304 6828826.0062),2021,7,13.00-13.59,1,8,1,0,0,0,0,0,0,404276.3304,6828826.0062
tieliikenne_2021.2032,2032,POINT (333130.7552 6785447.2175),2021,7,10.00-10.59,2,9,1,0,1,0,0,0,0,333130.7552,6785447.2175
tieliikenne_2021.2033,2033,POINT (288201.769 6878601.0201),2021,7,15.00-15.59,2,1,2,0,0,0,0,0,0,288201.769,6878601.0201
tieliikenne_2021.2034,2034,POINT (385947.0492 6921037.0857),2021,8,05.00-05.59,1,8,1,0,0,0,0,0,0,385947.0492,6921037.0857
tieliikenne_2021.2035,2035,POINT (314041.1081 6818835.3889),2021,8,13.00-13.59,2,4,1,0,0,1,0,0,0,314041.1081,6818835.3889
tieliikenne_2021.2036,2036,POINT (433704.1713 6898849.6893),2021,8,20.00-20.59,2,8,1,0,0,0,0,0,0,433704.1713,6898849.6893
tieliikenne_2021.2037,2037,POINT (444203.7832 6926485.1411),2021,8,05.00-05.59,2,8,1,0,0,0,0,0,0,444203.7832,6926485.1411
tieliikenne_2021.2038,2038,POINT (436103.5969 6900284.594),2021,8,06.00-06.59,2,9,0,0,0,1,0,0,0,436103.5969,6900284.594
tieliikenne_2021.2039,2039,POINT (360161.3182 6842463.4269),2021,8,13.00-13.59,2,5,3,0,0,0,0,0,0,360161.3182,6842463.4269
tieliikenne_2021.2040,2040,POINT (434776.1748 6902431.3627),2021,8,08.00-08.59,2,9,1,0,0,1,0,0,0,434776.1748,6902431.3627
tieliikenne_2021.2041,2041,POINT (298100.1205 6840527.398),2021,8,12.00-12.59,2,5,2,0,0,0,0,0,0,298100.1205,6840527.398
tieliikenne_2021.2042,2042,POINT (435152.9155 6902163.9674),2021,8,18.00-18.59,2,0,1,0,0,0,0,1,0,435152.9155,6902163.9674
tieliikenne_2021.2043,2043,POINT (313124.7034 6819089.1942),2021,8,20.00-20.59,2,8,0,0,0,0,0,1,0,313124.7034,6819089.1942
tieliikenne_2021.2044,2044,POINT (325528.7746 6819222.8018),2021,8,20.00-20.59,2,5,1,0,0,0,1,0,0,325528.7746,6819222.8018
tieliikenne_2021.2045,2045,POINT (328687.3554 6822602.045),2021,8,17.00-17.59,2,7,0,0,1,1,0,0,0,328687.3554,6822602.045
tieliikenne_2021.2046,2046,POINT (322566.0731 6825135.5925),2021,8,21.00-21.59,2,9,0,0,0,0,1,0,0,322566.0731,6825135.5925
tieliikenne_2021.2047,2047,POINT (436359.9059 6902727.8203),2021,8,08.00-08.59,2,6,1,0,1,0,0,0,0,436359.9059,6902727.8203
tieliikenne_2021.2048,2048,POINT (374832.897 6874095.479),2021,8,14.00-14.59,2,3,1,0,0,0,0,1,0,374832.897,6874095.479
tieliikenne_2021.2049,2049,POINT (292225.0209 6782703.6229),2021,8,19.00-19.59,3,8,1,0,0,0,0,0,0,292225.0209,6782703.6229
tieliikenne_2021.2050,2050,POINT (326843.7982 6822164.4866),2021,8,00.00-00.59,2,9,2,0,0,0,0,0,0,326843.7982,6822164.4866
tieliikenne_2021.2051,2051,POINT (330229.6657 6792944.7628),2021,8,03.00-03.59,2,8,1,0,0,0,0,0,0,330229.6657,6792944.7628
tieliikenne_2021.2052,2052,POINT (415524.4688 6989432.5195),2021,8,13.00-13.59,1,4,1,0,0,0,0,0,1,415524.4688,6989432.5195
tieliikenne_2021.2053,2053,POINT (433099.9051 6916322.3158),2021,8,14.00-14.59,2,0,3,0,0,0,0,0,0,433099.9051,6916322.3158
tieliikenne_2021.2054,2054,POINT (437217.6897 6906204.2851),2021,8,16.00-16.59,2,0,0,0,0,0,2,0,0,437217.6897,6906204.2851
tieliikenne_2021.2055,2055,POINT (326826.3895 6822838.9305),2021,8,20.00-20.59,2,7,1,0,1,0,0,0,0,326826.3895,6822838.9305
tieliikenne_2021.2056,2056,POINT (408181.5275 6832526.4654),2021,8,12.00-12.59,2,7,1,0,1,0,0,0,0,408181.5275,6832526.4654
tieliikenne_2021.2057,2057,POINT (403890.2436 6866512.633),2021,8,10.00-10.59,2,7,1,0,1,0,0,0,0,403890.2436,6866512.633
tieliikenne_2021.2058,2058,POINT (288009.5552 6858217.3294),2021,8,11.00-11.59,2,1,3,0,0,0,0,0,0,288009.5552,6858217.3294
tieliikenne_2021.2059,2059,POINT (384827.0951 6897974.0317),2021,8,23.00-23.59,2,8,1,0,0,0,0,0,0,384827.0951,6897974.0317
tieliikenne_2021.2060,2060,POINT (470857.5988 6917610.996),2021,8,10.00-10.59,2,9,1,0,0,0,1,0,0,470857.5988,6917610.996
tieliikenne_2021.2061,2061,POINT (271132.3766 6822978.1301),2021,8,09.00-09.59,2,8,1,0,0,0,0,0,0,271132.3766,6822978.1301
tieliikenne_2021.2062,2062,POINT (340152.7051 6797180.7338),2021,8,23.00-23.59,2,6,1,0,1,0,0,0,0,340152.7051,6797180.7338
tieliikenne_2021.2063,2063,POINT (328468.8649 6806658.5851),2021,8,14.00-14.59,2,8,1,0,0,0,0,0,0,328468.8649,6806658.5851
tieliikenne_2021.2064,2064,POINT (436639.063 6900019.432),2021,8,08.00-08.59,2,9,1,0,0,1,0,0,0,436639.063,6900019.432
tieliikenne_2021.2065,2065,POINT (326929.3821 6821843.9037),2021,8,07.00-07.59,2,4,1,0,0,1,0,0,0,326929.3821,6821843.9037
tieliikenne_2021.2066,2066,POINT (446882.5104 6918873.3377),2021,8,21.00-21.59,2,8,0,0,0,0,1,0,0,446882.5104,6918873.3377
tieliikenne_2021.2067,2067,POINT (432560.5102 6896360.26),2021,8,22.00-22.59,3,0,1,1,0,0,0,0,0,432560.5102,6896360.26
tieliikenne_2021.2068,2068,POINT (435461.7431 6901185.2245),2021,8,14.00-14.59,2,1,1,0,0,1,0,0,0,435461.7431,6901185.2245
tieliikenne_2021.2069,2069,POINT (320748.8973 6825559.3369),2021,8,13.00-13.59,2,4,1,0,0,1,0,0,0,320748.8973,6825559.3369
tieliikenne_2021.2070,2070,POINT (269981.108 6803038.7426),2021,8,11.00-11.59,2,4,2,0,0,0,0,0,0,269981.108,6803038.7426
tieliikenne_2021.2071,2071,POINT (342202.1709 6794856.216),2021,8,13.00-13.59,2,2,2,0,0,0,0,0,0,342202.1709,6794856.216
tieliikenne_2021.2072,2072,POINT (436356.7668 6902729.4642),2021,8,15.00-15.59,2,3,3,0,0,0,0,0,0,436356.7668,6902729.4642
tieliikenne_2021.2073,2073,POINT (298188.1074 6841122.9147),2021,8,21.00-21.59,2,5,1,0,0,1,0,0,0,298188.1074,6841122.9147
tieliikenne_2021.2074,2074,POINT (442388.8568 6994299.1756),2021,8,11.00-11.59,2,4,1,0,0,1,0,0,0,442388.8568,6994299.1756
tieliikenne_2021.2075,2075,POINT (431375.4269 6895515.323),2021,8,21.00-21.59,2,5,1,0,0,0,0,1,0,431375.4269,6895515.323
tieliikenne_2021.2076,2076,POINT (431668.848 6907148.6181),2021,8,18.00-18.59,3,8,0,0,0,0,0,1,0,431668.848,6907148.6181
tieliikenne_2021.2077,2077,POINT (403165.9256 6873152.6274),2021,8,12.00-12.59,2,8,0,0,0,0,0,1,0,403165.9256,6873152.6274
tieliikenne_2021.2078,2078,POINT (435133.8705 6897133.1295),2021,8,20.00-20.59,2,2,1,0,0,0,0,0,1,435133.8705,6897133.1295
tieliikenne_2021.2079,2079,POINT (454634.8886 6848033.388),2021,8,19.00-19.59,2,9,0,0,0,0,0,1,0,454634.8886,6848033.388
tieliikenne_2021.2080,2080,POINT (313669.3061 6818747.7918),2021,8,16.00-16.59,2,8,0,0,0,0,1,0,0,313669.3061,6818747.7918
tieliikenne_2021.2081,2081,POINT (328606.199 6822263.4524),2021,8,18.00-18.59,3,4,1,0,0,1,0,0,0,328606.199,6822263.4524
tieliikenne_2021.2082,2082,POINT (433197.8373 6942089.3323),2021,9,23.00-23.59,3,8,1,0,0,0,0,0,0,433197.8373,6942089.3323
tieliikenne_2021.2083,2083,POINT (337665.507 6863504.2041),2021,9,09.00-09.59,2,2,0,0,0,0,0,0,2,337665.507,6863504.2041
tieliikenne_2021.2084,2084,POINT (328316.4986 6823358.0315),2021,9,13.00-13.59,2,3,1,0,0,0,0,1,0,328316.4986,6823358.0315
tieliikenne_2021.2085,2085,POINT (394284.6604 6947950.4101),2021,9,16.00-16.59,2,0,0,0,0,0,0,1,1,394284.6604,6947950.4101
tieliikenne_2021.2086,2086,POINT (330689.4795 6822195.5155),2021,9,21.00-21.59,3,0,1,0,0,0,1,0,0,330689.4795,6822195.5155
tieliikenne_2021.2087,2087,POINT (316649.7149 6823024.2886),2021,9,08.00-08.59,2,6,0,1,1,0,0,0,0,316649.7149,6823024.2886
tieliikenne_2021.2088,2088,POINT (441884.0925 6937376.4483),2021,9,14.00-14.59,2,7,0,0,1,0,1,0,0,441884.0925,6937376.4483
tieliikenne_2021.2089,2089,POINT (328724.2149 6823322.9272),2021,9,16.00-16.59,2,4,2,0,0,0,0,0,0,328724.2149,6823322.9272
tieliikenne_2021.2090,2090,POINT (332039.4039 6817102.2956),2021,9,19.00-19.59,2,4,1,0,0,1,0,0,0,332039.4039,6817102.2956
tieliikenne_2021.2091,2091,POINT (382021.4659 6927890.1688),2021,9,16.00-16.59,1,8,1,0,0,0,0,0,0,382021.4659,6927890.1688
tieliikenne_2021.2092,2092,POINT (435068.6851 6900235.8788),2021,9,21.00-21.59,2,8,1,0,0,0,0,0,0,435068.6851,6900235.8788
tieliikenne_2021.2093,2093,POINT (435357.5209 6902006.0942),2021,9,05.00-05.59,2,9,0,0,0,1,0,0,0,435357.5209,6902006.0942
tieliikenne_2021.2094,2094,POINT (331603.3165 6820202.2624),2021,9,15.00-15.59,2,5,1,0,0,0,1,0,0,331603.3165,6820202.2624
tieliikenne_2021.2095,2095,POINT (327253.6819 6822816.788),2021,9,16.00-16.59,2,5,1,0,0,1,0,0,0,327253.6819,6822816.788
tieliikenne_2021.2096,2096,POINT (404452.5974 6866821.6229),2021,9,11.00-11.59,3,4,1,0,0,1,0,0,0,404452.5974,6866821.6229
tieliikenne_2021.2097,2097,POINT (327826.419 6822527.7683),2021,9,15.00-15.59,2,5,0,1,0,1,0,0,0,327826.419,6822527.7683
tieliikenne_2021.2098,2098,POINT (300088.5095 6781278.6459),2021,9,13.00-13.59,2,3,2,0,0,0,0,0,0,300088.5095,6781278.6459
tieliikenne_2021.2099,2099,POINT (327746.0441 6817606.2239),2021,9,21.00-21.59,2,0,1,1,0,0,0,0,0,327746.0441,6817606.2239
tieliikenne_2021.2100,2100,POINT (435349.2133 6902015.1253),2021,9,09.00-09.59,3,0,2,0,0,0,0,0,0,435349.2133,6902015.1253
tieliikenne_2021.2101,2101,POINT (322448.8195 6823919.1076),2021,9,14.00-14.59,2,0,0,1,0,0,1,0,0,322448.8195,6823919.1076
tieliikenne_2021.2102,2102,POINT (298316.0582 6841634.9774),2021,9,16.00-16.59,2,2,1,0,0,0,0,1,0,298316.0582,6841634.9774
tieliikenne_2021.2103,2103,POINT (334449.6762 6819795.5211),2021,9,12.00-12.59,2,9,3,0,0,0,0,0,0,334449.6762,6819795.5211
tieliikenne_2021.2104,2104,POINT (329474.7629 6822900.5002),2021,9,14.00-14.59,2,1,1,0,0,1,0,0,0,329474.7629,6822900.5002
tieliikenne_2021.2105,2105,POINT (402822.72 6907788.3887),2021,9,19.00-19.59,2,8,1,0,0,0,0,0,0,402822.72,6907788.3887
tieliikenne_2021.2106,2106,POINT (331876.6041 6817886.1846),2021,9,09.00-09.59,2,0,2,0,0,0,0,0,0,331876.6041,6817886.1846
tieliikenne_2021.2107,2107,POINT (329785.9017 6818523.1877),2021,9,12.00-12.59,2,0,3,0,0,0,0,0,0,329785.9017,6818523.1877
tieliikenne_2021.2108,2108,POINT (333411.806 6819620.3846),2021,9,15.00-15.59,2,0,0,0,0,0,2,0,0,333411.806,6819620.3846
tieliikenne_2021.2109,2109,POINT (329039.526 6798015.658),2021,9,15.00-15.59,2,8,1,0,0,0,0,0,0,329039.526,6798015.658
tieliikenne_2021.2110,2110,POINT (325612.396 6822488.5513),2021,9,13.00-13.59,2,2,2,0,0,0,0,0,0,325612.396,6822488.5513
tieliikenne_2021.2111,2111,POINT (328522.1189 6820731.962),2021,9,23.00-23.59,1,8,3,0,0,0,0,0,0,328522.1189,6820731.962
tieliikenne_2021.2112,2112,POINT (325701.3547 6800463.8518),2021,9,14.00-14.59,2,1,1,0,0,0,1,0,0,325701.3547,6800463.8518
tieliikenne_2021.2113,2113,POINT (441486.1127 6902270.5457),2021,9,15.00-15.59,2,3,1,0,0,1,0,0,0,441486.1127,6902270.5457
tieliikenne_2021.2114,2114,POINT (436376.158 6902965.262),2021,9,13.00-13.59,2,4,1,0,0,1,0,0,0,436376.158,6902965.262
tieliikenne_2021.2115,2115,POINT (404467.0031 6860927.9925),2021,9,07.00-07.59,2,4,1,0,0,1,0,0,0,404467.0031,6860927.9925
tieliikenne_2021.2116,2116,POINT (335630.5136 6899930.6438),2021,9,12.00-12.59,2,4,2,0,0,0,0,0,0,335630.5136,6899930.6438
tieliikenne_2021.2117,2117,POINT (320382.5538 6823409.2593),2021,9,23.00-23.59,2,8,3,0,0,0,0,0,0,320382.5538,6823409.2593
tieliikenne_2021.2118,2118,POINT (313713.0668 6819402.1431),2021,9,16.00-16.59,2,0,1,1,0,0,0,0,0,313713.0668,6819402.1431
tieliikenne_2021.2119,2119,POINT (450032.9096 6905526.5417),2021,9,13.00-13.59,2,0,1,0,0,1,0,0,0,450032.9096,6905526.5417
tieliikenne_2021.2120,2120,POINT (328609.4346 6821638.761),2021,9,08.00-08.59,2,5,2,0,0,0,0,0,0,328609.4346,6821638.761
tieliikenne_2021.2121,2121,POINT (436020.6446 6900186.9605),2021,9,16.00-16.59,2,4,1,0,0,1,0,0,0,436020.6446,6900186.9605
tieliikenne_2021.2122,2122,POINT (417753.1006 6918093.0122),2021,9,19.00-19.59,3,2,1,0,0,0,0,1,0,417753.1006,6918093.0122
tieliikenne_2021.2123,2123,POINT (329492.0739 6820736.3656),2021,10,18.00-18.59,2,4,0,1,0,0,1,0,0,329492.0739,6820736.3656
tieliikenne_2021.2124,2124,POINT (269238.0797 6801779.6873),2021,10,05.00-05.59,2,8,1,0,0,0,0,0,0,269238.0797,6801779.6873
tieliikenne_2021.2125,2125,POINT (342850.0153 6818090.517),2021,10,17.00-17.59,2,8,0,0,0,0,0,1,0,342850.0153,6818090.517
tieliikenne_2021.2126,2126,POINT (319728.9837 6819527.1288),2021,10,15.00-15.59,2,2,2,0,0,0,0,0,1,319728.9837,6819527.1288
tieliikenne_2021.2127,2127,POINT (328350.8262 6820748.6691),2021,10,12.00-12.59,3,0,3,0,0,0,0,0,0,328350.8262,6820748.6691
tieliikenne_2021.2128,2128,POINT (317430.894 6829657.4958),2021,10,11.00-11.59,2,0,1,1,0,0,0,0,0,317430.894,6829657.4958
tieliikenne_2021.2129,2129,POINT (416073.7605 6926892.8946),2021,10,14.00-14.59,2,2,2,0,0,0,0,0,0,416073.7605,6926892.8946
tieliikenne_2021.2130,2130,POINT (474793.7456 6910489.1823),2021,10,06.00-06.59,3,0,1,0,0,1,0,0,0,474793.7456,6910489.1823
tieliikenne_2021.2131,2131,POINT (420494.6728 6886886.349),2021,10,09.00-09.59,3,8,0,1,0,0,0,0,0,420494.6728,6886886.349
tieliikenne_2021.2132,2132,POINT (341984.518 6817377.8833),2021,10,13.00-13.59,2,1,1,1,0,0,1,0,0,341984.518,6817377.8833
tieliikenne_2021.2133,2133,POINT (338527.6205 6797544.6044),2021,10,22.00-22.59,2,8,0,0,0,0,1,0,0,338527.6205,6797544.6044
tieliikenne_2021.2134,2134,POINT (300278.146 6882021.5579),2021,10,23.00-23.59,1,8,1,0,0,0,0,0,0,300278.146,6882021.5579
tieliikenne_2021.2135,2135,POINT (434042.708 6922549.827),2021,10,17.00-17.59,1,8,0,0,0,0,0,1,0,434042.708,6922549.827
tieliikenne_2021.2136,2136,POINT (446185.512 6920694.823),2021,10,09.00-09.59,2,4,1,0,0,1,0,0,0,446185.512,6920694.823
tieliikenne_2021.2137,2137,POINT (321065.5823 6819406.906),2021,10,14.00-14.59,2,3,1,0,0,1,0,0,0,321065.5823,6819406.906
tieliikenne_2021.2138,2138,POINT (435836.0549 6903167.8633),2021,10,06.00-06.59,2,8,1,0,0,0,0,0,0,435836.0549,6903167.8633
tieliikenne_2021.2139,2139,POINT (344019.586 6817494.4027),2021,10,08.00-08.59,2,2,3,0,0,0,0,0,0,344019.586,6817494.4027
tieliikenne_2021.2140,2140,POINT (379338.2337 6991474.6052),2021,10,23.00-23.59,2,8,1,0,0,0,0,0,0,379338.2337,6991474.6052
tieliikenne_2021.2141,2141,POINT (434094.8853 6901534.1557),2021,10,20.00-20.59,2,6,0,0,1,0,1,0,0,434094.8853,6901534.1557
tieliikenne_2021.2142,2142,POINT (375656.1587 6880135.024),2021,10,00.00-00.59,2,1,1,0,0,1,0,0,0,375656.1587,6880135.024
tieliikenne_2021.2143,2143,POINT (432957.6578 6902048.0423),2021,10,16.00-16.59,2,6,1,0,1,0,0,0,0,432957.6578,6902048.0423
tieliikenne_2021.2144,2144,POINT (325316.0465 6818964.9195),2021,10,19.00-19.59,2,7,1,0,1,0,0,0,0,325316.0465,6818964.9195
tieliikenne_2021.2145,2145,POINT (326782.1052 6814060.4757),2021,10,11.00-11.59,1,4,0,1,0,1,0,0,0,326782.1052,6814060.4757
tieliikenne_2021.2146,2146,POINT (432707.8726 6901877.6696),2021,10,18.00-18.59,2,3,2,0,0,0,0,0,0,432707.8726,6901877.6696
tieliikenne_2021.2147,2147,POINT (317094.5707 6829270.5916),2021,10,05.00-05.59,2,4,1,0,0,1,0,0,0,317094.5707,6829270.5916
tieliikenne_2021.2148,2148,POINT (295486.7978 6890580.3317),2021,9,12.00-12.59,1,8,1,0,0,0,0,0,0,295486.7978,6890580.3317
tieliikenne_2021.2149,2149,POINT (325215.7105 6818978.6202),2021,10,21.00-21.59,2,3,1,0,0,1,0,0,0,325215.7105,6818978.6202
tieliikenne_2021.2150,2150,POINT (272318.1479 6802154.0234),2021,10,16.00-16.59,2,8,1,0,0,0,0,0,0,272318.1479,6802154.0234
tieliikenne_2021.2151,2151,POINT (312774.025 6820866.8508),2021,10,18.00-18.59,2,8,0,0,0,0,0,0,1,312774.025,6820866.8508
tieliikenne_2021.2152,2152,POINT (324180.8672 6823698.5652),2021,10,06.00-06.59,2,4,1,0,0,1,0,0,0,324180.8672,6823698.5652
tieliikenne_2021.2153,2153,POINT (320669.3312 6822853.3868),2021,10,09.00-09.59,2,1,1,0,0,0,0,1,0,320669.3312,6822853.3868
tieliikenne_2021.2154,2154,POINT (337445.2698 6819367.6013),2021,10,17.00-17.59,2,8,1,0,0,0,0,0,0,337445.2698,6819367.6013
tieliikenne_2021.2155,2155,POINT (313661.8634 6820923.6476),2021,10,05.00-05.59,2,5,1,0,0,1,0,0,0,313661.8634,6820923.6476
tieliikenne_2021.2156,2156,POINT (327037.2257 6822177.281),2021,10,17.00-17.59,2,6,1,0,1,0,0,0,0,327037.2257,6822177.281
tieliikenne_2021.2157,2157,POINT (320659.1905 6823629.0824),2021,10,20.00-20.59,2,6,0,0,1,0,0,0,1,320659.1905,6823629.0824
tieliikenne_2021.2158,2158,POINT (342882.7677 6826938.9513),2021,10,03.00-03.59,2,8,1,0,0,0,0,0,0,342882.7677,6826938.9513
tieliikenne_2021.2159,2159,POINT (433401.2629 6902075.5396),2021,10,07.00-07.59,2,4,1,0,0,1,0,0,0,433401.2629,6902075.5396
tieliikenne_2021.2160,2160,POINT (433150.4812 6906933.3707),2021,10,07.00-07.59,2,3,1,0,0,1,0,0,0,433150.4812,6906933.3707
tieliikenne_2021.2161,2161,POINT (435258.0797 6901742.846),2021,10,19.00-19.59,2,4,1,0,0,1,0,0,0,435258.0797,6901742.846
tieliikenne_2021.2162,2162,POINT (298397.0115 6840237.6794),2021,10,08.00-08.59,3,3,0,0,0,0,1,0,1,298397.0115,6840237.6794
tieliikenne_2021.2163,2163,POINT (435604.2274 6902708.5177),2021,10,13.00-13.59,2,4,1,0,0,1,0,0,0,435604.2274,6902708.5177
tieliikenne_2021.2164,2164,POINT (437580.8571 6905617.9202),2021,11,06.00-06.59,2,1,1,0,0,1,0,0,0,437580.8571,6905617.9202
tieliikenne_2021.2165,2165,POINT (434581.642 6901437.9947),2021,11,11.00-11.59,2,1,1,0,0,1,0,0,0,434581.642,6901437.9947
tieliikenne_2021.2166,2166,POINT (343552.2352 6817960.9684),2021,11,16.00-16.59,2,4,0,0,0,2,0,0,0,343552.2352,6817960.9684
tieliikenne_2021.2167,2167,POINT (331037.8611 6820276.4402),2021,11,15.00-15.59,2,9,1,0,2,0,0,0,0,331037.8611,6820276.4402
tieliikenne_2021.2168,2168,POINT (320962.9017 6818896.145),2021,11,16.00-16.59,3,3,1,0,0,0,1,0,0,320962.9017,6818896.145
tieliikenne_2021.2169,2169,POINT (438326.6034 6906677.3168),2021,11,16.00-16.59,2,1,1,0,0,1,0,0,0,438326.6034,6906677.3168
tieliikenne_2021.2170,2170,POINT (331094.0181 6823130.0747),2021,11,13.00-13.59,2,6,1,0,1,0,0,0,0,331094.0181,6823130.0747
tieliikenne_2021.2171,2171,POINT (413891.8358 7044617.6014),2021,11,20.00-20.59,2,8,1,0,0,0,0,0,0,413891.8358,7044617.6014
tieliikenne_2021.2172,2172,POINT (479202.6897 6901293.4738),2021,11,15.00-15.59,2,8,1,0,0,0,0,0,0,479202.6897,6901293.4738
tieliikenne_2021.2173,2173,POINT (439502.0338 6901519.8479),2021,11,18.00-18.59,3,5,1,0,0,0,2,0,0,439502.0338,6901519.8479
tieliikenne_2021.2174,2174,POINT (323327.6916 6823949.9187),2021,11,07.00-07.59,2,1,1,0,0,1,0,0,0,323327.6916,6823949.9187
tieliikenne_2021.2175,2175,POINT (328894.8897 6823477.6649),2021,11,15.00-15.59,2,0,2,0,0,0,0,0,1,328894.8897,6823477.6649
tieliikenne_2021.2176,2176,POINT (442028.623 6912750.9188),2021,11,10.00-10.59,2,0,0,2,0,0,0,0,0,442028.623,6912750.9188
tieliikenne_2021.2177,2177,POINT (327460.2704 6819820.6185),2021,11,18.00-18.59,2,1,1,0,0,1,0,0,0,327460.2704,6819820.6185
tieliikenne_2021.2178,2178,POINT (332459.8315 6816446.5516),2021,11,20.00-20.59,2,8,1,0,0,0,0,0,0,332459.8315,6816446.5516
tieliikenne_2021.2179,2179,POINT (433678.1385 6902174.7385),2021,11,02.00-02.59,2,8,1,0,0,0,0,0,0,433678.1385,6902174.7385
tieliikenne_2021.2180,2180,POINT (433659.8674 6901589.8776),2021,11,18.00-18.59,2,6,1,0,1,0,0,0,0,433659.8674,6901589.8776
tieliikenne_2021.2181,2181,POINT (432498.6478 6895074.6846),2021,11,00.00-00.59,2,8,0,0,0,0,0,0,1,432498.6478,6895074.6846
tieliikenne_2021.2182,2182,POINT (313831.2196 6820246.6817),2021,11,12.00-12.59,2,6,1,0,1,0,0,0,0,313831.2196,6820246.6817
tieliikenne_2021.2183,2183,POINT (326972.5668 6822793.9617),2021,11,16.00-16.59,3,6,0,0,1,0,0,0,1,326972.5668,6822793.9617
tieliikenne_2021.2184,2184,POINT (334980.0543 6801816.1914),2021,11,22.00-22.59,2,8,1,0,0,0,0,0,0,334980.0543,6801816.1914
tieliikenne_2021.2185,2185,POINT (330577.6031 6822995.4457),2021,11,16.00-16.59,2,0,2,0,0,0,0,0,0,330577.6031,6822995.4457
tieliikenne_2021.2186,2186,POINT (313932.4612 6819732.721),2021,11,19.00-19.59,2,6,1,0,1,0,0,0,0,313932.4612,6819732.721
tieliikenne_2021.2187,2187,POINT (433507.7344 6897635.906),2021,11,16.00-16.59,2,4,2,0,0,0,0,0,0,433507.7344,6897635.906
tieliikenne_2021.2188,2188,POINT (329521.0687 6822376.4022),2021,11,17.00-17.59,3,3,0,0,0,1,0,0,1,329521.0687,6822376.4022
tieliikenne_2021.2189,2189,POINT (285662.5854 6827254.3424),2021,11,22.00-22.59,2,8,0,0,0,0,0,0,1,285662.5854,6827254.3424
tieliikenne_2021.2190,2190,POINT (314684.5154 6821280.4109),2021,11,16.00-16.59,2,3,1,0,0,1,0,0,0,314684.5154,6821280.4109
tieliikenne_2021.2191,2191,POINT (333471.8518 6815939.2584),2021,11,10.00-10.59,2,4,2,0,0,0,0,0,0,333471.8518,6815939.2584
tieliikenne_2021.2192,2192,POINT (315248.5554 6821587.0454),2021,11,10.00-10.59,2,7,1,0,1,0,0,0,0,315248.5554,6821587.0454
tieliikenne_2021.2193,2193,POINT (444000.0735 6918669.8808),2021,11,14.00-14.59,2,0,2,0,0,0,0,0,0,444000.0735,6918669.8808
tieliikenne_2021.2194,2194,POINT (334838.161 6817167.5453),2021,11,18.00-18.59,2,4,2,0,0,0,0,0,0,334838.161,6817167.5453
tieliikenne_2021.2195,2195,POINT (319016.152 6849581.187),2021,11,15.00-15.59,2,8,1,0,0,0,0,0,0,319016.152,6849581.187
tieliikenne_2021.2196,2196,POINT (461044.4999 6911711.9751),2021,11,11.00-11.59,3,2,2,0,0,0,0,0,0,461044.4999,6911711.9751
tieliikenne_2021.2197,2197,POINT (436618.1306 6902511.1178),2021,11,18.00-18.59,2,2,0,0,0,1,1,0,0,436618.1306,6902511.1178
tieliikenne_2021.2198,2198,POINT (360583.198 6850541.5232),2021,11,18.00-18.59,1,5,1,1,0,0,0,0,0,360583.198,6850541.5232
tieliikenne_2021.2199,2199,POINT (436503.1705 6953878.1852),2021,12,10.00-10.59,2,0,3,0,0,0,0,0,0,436503.1705,6953878.1852
tieliikenne_2021.2200,2200,POINT (394089.1313 6866497.127),2021,12,14.00-14.59,2,2,2,0,0,0,0,0,0,394089.1313,6866497.127
tieliikenne_2021.2201,2201,POINT (420543.0264 6874713.3569),2021,12,20.00-20.59,1,2,3,0,0,0,0,0,0,420543.0264,6874713.3569
tieliikenne_2021.2202,2202,POINT (397525.1085 7028715.5997),2021,12,18.00-18.59,1,8,1,0,0,0,0,0,0,397525.1085,7028715.5997
tieliikenne_2021.2203,2203,POINT (430859.126 6887053.047),2021,12,23.00-23.59,2,8,1,0,0,0,0,0,0,430859.126,6887053.047
tieliikenne_2021.2204,2204,POINT (318879.4219 6829381.047),2021,12,11.00-11.59,2,2,1,1,0,0,0,0,0,318879.4219,6829381.047
tieliikenne_2021.2205,2205,POINT (304318.9116 6821204.7404),2021,12,04.00-04.59,2,7,1,0,1,0,0,0,0,304318.9116,6821204.7404
tieliikenne_2021.2206,2206,POINT (325379.8951 6819580.937),2021,12,09.00-09.59,2,3,2,0,0,0,0,0,0,325379.8951,6819580.937
tieliikenne_2021.2207,2207,POINT (326619.9277 6860313.1385),2021,12,16.00-16.59,2,2,3,0,0,0,0,0,0,326619.9277,6860313.1385
tieliikenne_2021.2208,2208,POINT (329828.0125 6819637.0696),2021,12,16.00-16.59,2,0,2,0,0,0,0,0,1,329828.0125,6819637.0696
tieliikenne_2021.2209,2209,POINT (394951.1299 6855019.8512),2021,12,17.00-17.59,2,0,2,0,0,0,0,0,0,394951.1299,6855019.8512
tieliikenne_2021.2210,2210,POINT (327032.767 6822183.1288),2021,12,17.00-17.59,2,6,1,0,1,0,0,0,0,327032.767,6822183.1288
tieliikenne_2021.2211,2211,POINT (306013.269 6815829.745),2021,12,16.00-16.59,2,3,2,0,0,0,0,0,0,306013.269,6815829.745
tieliikenne_2021.2212,2212,POINT (328551.6145 6821882.563),2021,12,15.00-15.59,2,7,1,0,1,0,0,0,0,328551.6145,6821882.563
tieliikenne_2021.2213,2213,POINT (341905.9617 6793634.8254),2021,12,21.00-21.59,2,9,1,0,0,0,0,0,0,341905.9617,6793634.8254
tieliikenne_2021.2214,2214,POINT (434710.9352 6941821.6096),2021,12,10.00-10.59,2,6,1,0,1,0,0,0,0,434710.9352,6941821.6096
tieliikenne_2021.2215,2215,POINT (356733.8493 6834707.588),2021,12,09.00-09.59,1,8,1,0,0,0,0,0,0,356733.8493,6834707.588
tieliikenne_2021.2216,2216,POINT (325293.1275 6795220.5965),2021,12,13.00-13.59,2,0,2,1,0,0,0,0,0,325293.1275,6795220.5965
tieliikenne_2021.2217,2217,POINT (433030.9736 7039956.2374),2021,12,11.00-11.59,2,1,2,0,0,0,0,0,0,433030.9736,7039956.2374
tieliikenne_2021.2218,2218,POINT (439477.6686 6908807.1277),2021,12,08.00-08.59,2,8,1,0,0,0,0,0,0,439477.6686,6908807.1277
tieliikenne_2021.2219,2219,POINT (420748.7541 6874763.6172),2021,12,13.00-13.59,2,8,1,0,0,0,0,0,0,420748.7541,6874763.6172
tieliikenne_2021.2220,2220,POINT (314443.561 6823464.997),2021,12,11.00-11.59,2,2,2,0,0,0,0,0,0,314443.561,6823464.997
tieliikenne_2021.2221,2221,POINT (409645.191 6955021.777),2021,12,23.00-23.59,1,8,1,0,0,0,0,0,0,409645.191,6955021.777
tieliikenne_2021.2222,2222,POINT (435158.9048 6901415.0211),2021,12,23.00-23.59,3,3,1,1,0,0,0,0,0,435158.9048,6901415.0211
tieliikenne_2021.2223,2223,POINT (313866.8207 6819651.6305),2021,12,13.00-13.59,2,5,2,0,0,0,0,0,0,313866.8207,6819651.6305
tieliikenne_2021.2224,2224,POINT (349229.1613 6834987.4028),2021,12,17.00-17.59,2,0,1,1,0,0,0,0,0,349229.1613,6834987.4028
tieliikenne_2021.2225,2225,POINT (302655.4421 6814103.1983),2021,12,18.00-18.59,2,0,2,0,0,0,0,0,0,302655.4421,6814103.1983
tieliikenne_2021.2226,2226,POINT (323382.4338 6953966.8621),2021,1,16.00-16.59,2,8,1,0,0,0,0,0,0,323382.4338,6953966.8621
tieliikenne_2021.2227,2227,POINT (289507.1451 6969162.4811),2021,1,22.00-22.59,2,2,2,0,0,0,0,0,0,289507.1451,6969162.4811
tieliikenne_2021.2228,2228,POINT (330174.408 6944772.589),2021,1,16.00-16.59,2,2,2,0,0,0,0,0,0,330174.408,6944772.589
tieliikenne_2021.2229,2229,POINT (239676.8007 7013678.5611),2021,1,06.00-06.59,2,8,0,1,0,0,0,0,0,239676.8007,7013678.5611
tieliikenne_2021.2230,2230,POINT (291597.738 6972149.9922),2021,1,11.00-11.59,1,2,1,1,0,0,0,0,0,291597.738,6972149.9922
tieliikenne_2021.2231,2231,POINT (229924.0695 7006673.551),2021,1,07.00-07.59,2,1,1,0,0,1,0,0,0,229924.0695,7006673.551
tieliikenne_2021.2232,2232,POINT (263447.6965 7020173.6854),2021,1,22.00-22.59,2,0,1,0,0,0,0,0,1,263447.6965,7020173.6854
tieliikenne_2021.2233,2233,POINT (209513.896 6940430.697),2021,1,13.00-13.59,2,0,2,0,0,0,0,0,0,209513.896,6940430.697
tieliikenne_2021.2234,2234,POINT (277859.6575 7051694.2978),2021,1,09.00-09.59,2,4,2,0,0,0,0,0,0,277859.6575,7051694.2978
tieliikenne_2021.2235,2235,POINT (225225.733 6937785.2248),2021,1,16.00-16.59,2,0,2,0,0,0,0,0,0,225225.733,6937785.2248
tieliikenne_2021.2236,2236,POINT (228229.3369 7009808.3173),2021,1,11.00-11.59,2,0,2,0,0,0,0,0,0,228229.3369,7009808.3173
tieliikenne_2021.2237,2237,POINT (271558.1693 6960997.1167),2021,1,08.00-08.59,2,1,1,1,0,0,0,0,0,271558.1693,6960997.1167
tieliikenne_2021.2238,2238,POINT (289001.7314 7065018.482),2021,1,13.00-13.59,3,4,1,0,0,0,0,0,1,289001.7314,7065018.482
tieliikenne_2021.2239,2239,POINT (310782.8567 7082818.9393),2021,1,15.00-15.59,2,7,0,1,1,0,0,0,0,310782.8567,7082818.9393
tieliikenne_2021.2240,2240,POINT (281780.002 6956414.3665),2021,1,17.00-17.59,2,7,0,1,1,0,0,0,0,281780.002,6956414.3665
tieliikenne_2021.2241,2241,POINT (299116.6663 6989359.3755),2021,1,08.00-08.59,3,7,1,0,1,0,0,0,0,299116.6663,6989359.3755
tieliikenne_2021.2242,2242,POINT (338107.6683 7045607.8069),2021,1,07.00-07.59,2,2,2,0,0,0,0,0,0,338107.6683,7045607.8069
tieliikenne_2021.2243,2243,POINT (308470.7564 7081638.6667),2021,1,15.00-15.59,2,0,3,0,0,0,0,0,0,308470.7564,7081638.6667
tieliikenne_2021.2244,2244,POINT (243360.2048 6972754.1927),2021,1,09.00-09.59,2,8,1,0,0,0,0,0,0,243360.2048,6972754.1927
tieliikenne_2021.2245,2245,POINT (229298.6422 7008004.4399),2021,2,07.00-07.59,2,4,2,0,0,0,0,0,0,229298.6422,7008004.4399
tieliikenne_2021.2246,2246,POINT (336437.0857 6991733.9029),2021,2,17.00-17.59,1,2,1,1,0,0,0,0,0,336437.0857,6991733.9029
tieliikenne_2021.2247,2247,POINT (221826.2638 6935905.3996),2021,2,21.00-21.59,2,0,0,0,0,0,0,0,2,221826.2638,6935905.3996
tieliikenne_2021.2248,2248,POINT (281942.6668 6947962.4808),2021,2,15.00-15.59,2,0,1,1,0,0,0,0,0,281942.6668,6947962.4808
tieliikenne_2021.2249,2249,POINT (293484.5079 6969814.7348),2021,2,05.00-05.59,2,8,0,0,0,0,0,0,1,293484.5079,6969814.7348
tieliikenne_2021.2250,2250,POINT (299578.318 6965807.3744),2021,2,18.00-18.59,2,0,3,0,0,0,0,0,1,299578.318,6965807.3744
tieliikenne_2021.2251,2251,POINT (239164.6118 6907399.7669),2021,2,06.00-06.59,1,2,1,1,0,0,0,0,0,239164.6118,6907399.7669
tieliikenne_2021.2252,2252,POINT (233078.3397 7010594.9065),2021,2,14.00-14.59,2,4,2,0,0,0,0,0,0,233078.3397,7010594.9065
tieliikenne_2021.2253,2253,POINT (296949.9335 6988580.7435),2021,2,15.00-15.59,2,4,1,0,0,0,1,0,0,296949.9335,6988580.7435
tieliikenne_2021.2254,2254,POINT (309305.4217 7084195.5444),2021,2,14.00-14.59,2,4,1,1,0,0,0,0,0,309305.4217,7084195.5444
tieliikenne_2021.2255,2255,POINT (288039.625 7068932.0849),2021,2,16.00-16.59,2,4,2,0,0,0,0,0,0,288039.625,7068932.0849
tieliikenne_2021.2256,2256,POINT (324746.9245 6986029.193),2021,2,05.00-05.59,2,8,0,1,0,0,0,0,0,324746.9245,6986029.193
tieliikenne_2021.2257,2257,POINT (335418.1289 7087228.7074),2021,2,15.00-15.59,1,8,0,1,0,0,0,0,0,335418.1289,7087228.7074
tieliikenne_2021.2258,2258,POINT (298607.8655 6999726.8991),2021,3,04.00-04.59,1,2,1,1,0,0,0,0,0,298607.8655,6999726.8991
tieliikenne_2021.2259,2259,POINT (343247.7262 6965953.8587),2021,3,14.00-14.59,2,3,2,0,0,0,0,0,0,343247.7262,6965953.8587
tieliikenne_2021.2260,2260,POINT (296395.4055 6979166.1645),2021,3,13.00-13.59,2,0,3,0,0,0,0,0,0,296395.4055,6979166.1645
tieliikenne_2021.2261,2261,POINT (282261.5031 7047907.3577),2021,4,13.00-13.59,2,9,1,0,0,0,0,0,0,282261.5031,7047907.3577
tieliikenne_2021.2262,2262,POINT (250766.4371 6934480.3486),2021,5,10.00-10.59,2,9,1,0,0,0,0,0,0,250766.4371,6934480.3486
tieliikenne_2021.2263,2263,POINT (263901.7223 6992143.683),2021,3,14.00-14.59,2,0,2,0,0,0,0,0,0,263901.7223,6992143.683
tieliikenne_2021.2264,2264,POINT (271964.2775 6986366.204),2021,3,05.00-05.59,2,3,2,0,0,0,0,0,0,271964.2775,6986366.204
tieliikenne_2021.2265,2265,POINT (246642.1834 6926045.4878),2021,3,06.00-06.59,1,2,2,0,0,0,0,0,0,246642.1834,6926045.4878
tieliikenne_2021.2266,2266,POINT (335549.0202 6947960.7397),2021,3,15.00-15.59,2,0,1,1,0,0,0,0,0,335549.0202,6947960.7397
tieliikenne_2021.2267,2267,POINT (329942.945 7087090.5319),2021,3,05.00-05.59,2,8,0,1,0,0,0,0,0,329942.945,7087090.5319
tieliikenne_2021.2268,2268,POINT (309954.0891 7085157.8231),2021,3,18.00-18.59,2,0,2,0,0,0,0,0,0,309954.0891,7085157.8231
tieliikenne_2021.2269,2269,POINT (294929.7072 7005191.3056),2021,6,22.00-22.59,2,9,0,0,0,0,0,1,0,294929.7072,7005191.3056
tieliikenne_2021.2270,2270,POINT (265327.8432 6981310.2871),2021,6,14.00-14.59,1,8,0,0,0,0,1,0,0,265327.8432,6981310.2871
tieliikenne_2021.2271,2271,POINT (202269.126 6961760.4003),2021,4,08.00-08.59,1,2,1,1,0,0,0,0,0,202269.126,6961760.4003
tieliikenne_2021.2272,2272,POINT (213330.062 6939080.2735),2021,4,17.00-17.59,2,4,2,0,0,0,0,0,0,213330.062,6939080.2735
tieliikenne_2021.2273,2273,POINT (230154.6985 7009332.833),2021,4,16.00-16.59,2,4,1,0,0,0,1,0,0,230154.6985,7009332.833
tieliikenne_2021.2274,2274,POINT (293142.0482 6973544.2298),2021,4,19.00-19.59,1,2,1,1,0,0,0,0,0,293142.0482,6973544.2298
tieliikenne_2021.2275,2275,POINT (308067.0426 7086539.8826),2021,4,00.00-00.59,3,8,1,0,0,0,0,0,0,308067.0426,7086539.8826
tieliikenne_2021.2276,2276,POINT (281238.7721 6935580.2492),2021,4,01.00-01.59,2,0,1,0,0,0,0,1,0,281238.7721,6935580.2492
tieliikenne_2021.2277,2277,POINT (263458.9494 6947087.7426),2021,6,01.00-01.59,2,9,1,0,0,0,0,0,0,263458.9494,6947087.7426
tieliikenne_2021.2278,2278,POINT (310383.7922 7023339.2768),2021,4,18.00-18.59,1,8,1,0,0,0,0,0,0,310383.7922,7023339.2768
tieliikenne_2021.2279,2279,POINT (264507.4425 6965264.7298),2021,4,18.00-18.59,2,0,1,0,0,0,0,1,0,264507.4425,6965264.7298
tieliikenne_2021.2280,2280,POINT (258322.9886 6995344.3781),2021,4,18.00-18.59,3,4,1,0,0,0,1,0,0,258322.9886,6995344.3781
tieliikenne_2021.2281,2281,POINT (226035.8404 6926038.1257),2021,4,20.00-20.59,2,8,1,0,0,0,0,0,0,226035.8404,6926038.1257
tieliikenne_2021.2282,2282,POINT (203986.1188 6883052.0349),2021,7,10.00-10.59,1,9,0,0,0,0,0,1,0,203986.1188,6883052.0349
tieliikenne_2021.2283,2283,POINT (294484.9806 7005794.6328),2021,4,17.00-17.59,2,0,2,0,0,0,0,0,0,294484.9806,7005794.6328
tieliikenne_2021.2284,2284,POINT (308884.3695 7085267.2373),2021,4,09.00-09.59,2,4,1,0,0,0,1,0,0,308884.3695,7085267.2373
tieliikenne_2021.2285,2285,POINT (217348.0451 7022375.0996),2021,4,11.00-11.59,2,2,2,0,0,0,0,0,0,217348.0451,7022375.0996
tieliikenne_2021.2286,2286,POINT (311159.5477 7083511.7241),2021,4,14.00-14.59,2,1,3,0,0,0,0,0,0,311159.5477,7083511.7241
tieliikenne_2021.2287,2287,POINT (214405.0506 6938734.966),2021,4,04.00-04.59,2,8,0,1,0,0,0,0,0,214405.0506,6938734.966
tieliikenne_2021.2288,2288,POINT (289958.6918 6970820.1045),2021,4,16.00-16.59,2,1,2,0,0,0,0,0,0,289958.6918,6970820.1045
tieliikenne_2021.2289,2289,POINT (291263.7728 7019086.7932),2021,4,16.00-16.59,2,8,0,1,0,0,0,0,0,291263.7728,7019086.7932
tieliikenne_2021.2290,2290,POINT (288170.3287 7029013.9156),2021,4,08.00-08.59,2,5,0,2,0,0,0,0,0,288170.3287,7029013.9156
tieliikenne_2021.2291,2291,POINT (266199.9964 6991127.127),2021,8,13.00-13.59,2,8,0,0,0,0,0,1,0,266199.9964,6991127.127
tieliikenne_2021.2292,2292,POINT (267069.5496 6960269.7348),2021,5,12.00-12.59,3,0,2,0,0,0,0,0,0,267069.5496,6960269.7348
tieliikenne_2021.2293,2293,POINT (261515.8107 7011199.7798),2021,5,16.00-16.59,2,2,3,0,0,0,0,0,1,261515.8107,7011199.7798
tieliikenne_2021.2294,2294,POINT (249074.5046 6993929.982),2021,5,16.00-16.59,2,0,2,0,0,0,0,0,0,249074.5046,6993929.982
tieliikenne_2021.2295,2295,POINT (358738.4261 6950357.2459),2021,9,20.00-20.59,1,9,0,0,0,1,0,0,0,358738.4261,6950357.2459
tieliikenne_2021.2296,2296,POINT (228311.67 6938367.4853),2021,5,21.00-21.59,3,9,0,0,0,0,0,0,1,228311.67,6938367.4853
tieliikenne_2021.2297,2297,POINT (262806.516 6968026.817),2021,9,03.00-03.59,2,9,1,0,0,0,0,0,0,262806.516,6968026.817
tieliikenne_2021.2298,2298,POINT (289076.8728 6995637.3648),2021,5,01.00-01.59,3,2,0,0,0,0,1,0,1,289076.8728,6995637.3648
tieliikenne_2021.2299,2299,POINT (372280.4712 7010398.201),2021,9,09.00-09.59,2,9,1,0,0,0,0,0,0,372280.4712,7010398.201
tieliikenne_2021.2300,2300,POINT (310992.115 7084333.219),2021,5,14.00-14.59,2,4,1,0,0,1,0,0,0,310992.115,7084333.219
tieliikenne_2021.2301,2301,POINT (229515.4212 7008072.7828),2021,5,00.00-00.59,2,1,2,0,0,0,0,0,0,229515.4212,7008072.7828
tieliikenne_2021.2302,2302,POINT (303949.962 7075085.265),2021,9,05.00-05.59,2,9,1,0,0,0,0,0,0,303949.962,7075085.265
tieliikenne_2021.2303,2303,POINT (230351.2018 7008326.052),2021,5,08.00-08.59,2,4,1,0,0,0,0,1,0,230351.2018,7008326.052
tieliikenne_2021.2304,2304,POINT (260928.7189 6947507.7986),2021,5,16.00-16.59,2,0,2,0,0,0,0,0,0,260928.7189,6947507.7986
tieliikenne_2021.2305,2305,POINT (278059.9173 6938073.8568),2021,5,14.00-14.59,2,8,1,0,0,0,0,0,0,278059.9173,6938073.8568
tieliikenne_2021.2306,2306,POINT (326730.3223 7054126.2801),2021,9,22.00-22.59,2,9,1,0,0,0,0,0,0,326730.3223,7054126.2801
tieliikenne_2021.2307,2307,POINT (289635.1742 7061628.1139),2021,5,19.00-19.59,2,8,1,0,0,0,0,0,0,289635.1742,7061628.1139
tieliikenne_2021.2308,2308,POINT (285972.4017 7062580.628),2021,9,21.00-21.59,2,9,1,0,0,0,0,0,0,285972.4017,7062580.628
tieliikenne_2021.2309,2309,POINT (231336.7237 7007113.0408),2021,5,19.00-19.59,2,4,1,0,0,1,0,0,0,231336.7237,7007113.0408
tieliikenne_2021.2310,2310,POINT (226365.5004 6958882.8254),2021,9,16.00-16.59,2,9,0,0,0,0,0,0,1,226365.5004,6958882.8254
tieliikenne_2021.2311,2311,POINT (208445.2689 6917246.0333),2021,5,08.00-08.59,2,0,1,0,0,1,0,0,0,208445.2689,6917246.0333
tieliikenne_2021.2312,2312,POINT (229239.1787 7009387.1123),2021,5,23.00-23.59,2,5,0,0,0,0,1,0,1,229239.1787,7009387.1123
tieliikenne_2021.2313,2313,POINT (229913.1406 7008331.7857),2021,5,14.00-14.59,2,9,0,0,0,0,1,0,0,229913.1406,7008331.7857
tieliikenne_2021.2314,2314,POINT (279548.9436 7056624.5257),2021,6,15.00-15.59,2,0,1,0,0,0,1,0,0,279548.9436,7056624.5257
tieliikenne_2021.2315,2315,POINT (280368.9125 6968173.7787),2021,6,16.00-16.59,2,0,2,0,0,0,0,1,0,280368.9125,6968173.7787
tieliikenne_2021.2316,2316,POINT (280384.9796 6968184.915),2021,6,17.00-17.59,2,0,1,1,0,0,0,0,0,280384.9796,6968184.915
tieliikenne_2021.2317,2317,POINT (351950.0059 6925185.7061),2021,6,13.00-13.59,2,2,2,0,0,0,0,0,0,351950.0059,6925185.7061
tieliikenne_2021.2318,2318,POINT (286974.9477 7066708.2682),2021,6,16.00-16.59,2,9,1,0,1,0,0,0,0,286974.9477,7066708.2682
tieliikenne_2021.2319,2319,POINT (279309.6122 7057215.3212),2021,6,21.00-21.59,2,0,1,0,0,0,1,0,0,279309.6122,7057215.3212
tieliikenne_2021.2320,2320,POINT (225784.4128 6919701.0963),2021,6,16.00-16.59,2,5,1,0,0,0,0,1,0,225784.4128,6919701.0963
tieliikenne_2021.2321,2321,POINT (311720.7075 7081413.0626),2021,6,20.00-20.59,2,4,1,0,0,0,0,0,1,311720.7075,7081413.0626
tieliikenne_2021.2322,2322,POINT (360720.287 6936252.633),2021,6,02.00-02.59,2,8,1,0,0,0,0,0,0,360720.287,6936252.633
tieliikenne_2021.2323,2323,POINT (228266.0226 7010524.1925),2021,6,21.00-21.59,2,8,0,0,0,0,0,0,1,228266.0226,7010524.1925
tieliikenne_2021.2324,2324,POINT (301518.0197 7002425.246),2021,6,20.00-20.59,2,8,0,0,0,0,1,0,0,301518.0197,7002425.246
tieliikenne_2021.2325,2325,POINT (272625.4629 7043018.8585),2021,6,12.00-12.59,2,1,1,0,0,0,0,1,0,272625.4629,7043018.8585
tieliikenne_2021.2326,2326,POINT (273741.8593 6963804.2892),2021,6,08.00-08.59,2,3,1,0,0,0,0,1,0,273741.8593,6963804.2892
tieliikenne_2021.2327,2327,POINT (303170.6669 6956866.5912),2021,11,08.00-08.59,2,9,1,0,0,0,0,0,0,303170.6669,6956866.5912
tieliikenne_2021.2328,2328,POINT (322783.1679 6964646.9053),2021,6,18.00-18.59,2,4,2,0,0,0,0,0,0,322783.1679,6964646.9053
tieliikenne_2021.2329,2329,POINT (310440.6076 7084616.4728),2021,6,19.00-19.59,2,6,1,0,1,0,0,0,0,310440.6076,7084616.4728
tieliikenne_2021.2330,2330,POINT (289740.1932 7008424.1759),2021,6,14.00-14.59,2,3,3,0,0,0,0,0,0,289740.1932,7008424.1759
tieliikenne_2021.2331,2331,POINT (230719.7704 7009320.8528),2021,6,18.00-18.59,2,5,0,0,0,0,2,0,0,230719.7704,7009320.8528
tieliikenne_2021.2332,2332,POINT (314411.3666 7079109.1356),2021,6,05.00-05.59,2,8,1,0,0,0,0,0,0,314411.3666,7079109.1356
tieliikenne_2021.2333,2333,POINT (241044.3014 7008940.055),2021,6,08.00-08.59,2,8,1,0,0,0,0,0,0,241044.3014,7008940.055
tieliikenne_2021.2334,2334,POINT (344662.8555 6930951.9887),2021,6,15.00-15.59,3,1,1,0,0,1,0,0,0,344662.8555,6930951.9887
tieliikenne_2021.2335,2335,POINT (308697.6661 7084050.4629),2021,6,20.00-20.59,2,7,0,0,1,0,1,0,0,308697.6661,7084050.4629
tieliikenne_2021.2336,2336,POINT (295989.0473 6966726.2725),2021,6,12.00-12.59,2,8,0,0,0,0,0,0,1,295989.0473,6966726.2725
tieliikenne_2021.2337,2337,POINT (324918.0854 7087070.0679),2021,6,21.00-21.59,2,0,1,0,0,0,0,0,1,324918.0854,7087070.0679
tieliikenne_2021.2338,2338,POINT (299103.5763 6985622.2725),2021,6,09.00-09.59,2,0,1,0,0,0,0,0,1,299103.5763,6985622.2725
tieliikenne_2021.2339,2339,POINT (205214.0066 6991517.0527),2021,7,12.00-12.59,2,0,2,0,0,0,0,0,0,205214.0066,6991517.0527
tieliikenne_2021.2340,2340,POINT (287951.128 6968851.9443),2021,7,19.00-19.59,3,3,1,0,0,0,0,1,0,287951.128,6968851.9443
tieliikenne_2021.2341,2341,POINT (230092.7297 7005522.0141),2021,7,19.00-19.59,2,5,1,0,0,1,0,0,0,230092.7297,7005522.0141
tieliikenne_2021.2342,2342,POINT (270319.6831 7031433.1356),2021,7,19.00-19.59,3,8,0,0,0,0,0,1,0,270319.6831,7031433.1356
tieliikenne_2021.2343,2343,POINT (319672.6751 6945125.8606),2021,7,21.00-21.59,1,8,0,0,0,0,0,1,0,319672.6751,6945125.8606
tieliikenne_2021.2344,2344,POINT (343733.3339 7092097.7956),2021,7,18.00-18.59,2,8,1,0,0,0,0,0,0,343733.3339,7092097.7956
tieliikenne_2021.2345,2345,POINT (279612.7216 6967386.2278),2021,7,14.00-14.59,2,5,2,0,0,0,0,0,0,279612.7216,6967386.2278
tieliikenne_2021.2346,2346,POINT (284061.7689 6977059.7084),2021,7,14.00-14.59,2,5,2,0,0,0,0,0,0,284061.7689,6977059.7084
tieliikenne_2021.2347,2347,POINT (290997.766 7060077.9873),2021,7,21.00-21.59,3,4,1,0,0,1,0,0,0,290997.766,7060077.9873
tieliikenne_2021.2348,2348,POINT (287240.9799 7067898.6297),2021,7,07.00-07.59,2,4,2,0,0,0,0,0,0,287240.9799,7067898.6297
tieliikenne_2021.2349,2349,POINT (316957.4198 6944887.4387),2021,7,09.00-09.59,2,8,1,0,0,0,0,0,0,316957.4198,6944887.4387
tieliikenne_2021.2350,2350,POINT (204900.2267 6900735.2216),2021,7,15.00-15.59,2,1,1,0,0,0,0,0,1,204900.2267,6900735.2216
tieliikenne_2021.2351,2351,POINT (210801.998 6926140.3885),2021,7,14.00-14.59,2,0,0,2,0,0,0,0,0,210801.998,6926140.3885
tieliikenne_2021.2352,2352,POINT (287242.2429 7067057.0006),2021,7,15.00-15.59,2,0,1,0,0,0,1,0,0,287242.2429,7067057.0006
tieliikenne_2021.2353,2353,POINT (283933.1548 6968407.9693),2021,7,16.00-16.59,2,9,1,0,0,1,0,0,0,283933.1548,6968407.9693
tieliikenne_2021.2354,2354,POINT (308768.1958 7084017.9776),2021,7,15.00-15.59,2,0,0,0,0,0,0,1,1,308768.1958,7084017.9776
tieliikenne_2021.2355,2355,POINT (209806.318 6939353.3974),2021,7,17.00-17.59,1,8,1,0,0,0,0,0,0,209806.318,6939353.3974
tieliikenne_2021.2356,2356,POINT (209169.2847 6939240.7241),2021,7,23.00-23.59,2,1,1,0,0,1,0,0,0,209169.2847,6939240.7241
tieliikenne_2021.2357,2357,POINT (298242.5882 6981804.1804),2021,7,14.00-14.59,3,0,1,0,0,0,0,1,0,298242.5882,6981804.1804
tieliikenne_2021.2358,2358,POINT (291138.1715 6968605.0571),2021,7,19.00-19.59,2,0,1,0,0,0,1,0,0,291138.1715,6968605.0571
tieliikenne_2021.2359,2359,POINT (287333.2473 7054906.9616),2021,7,12.00-12.59,3,8,0,0,0,0,0,1,0,287333.2473,7054906.9616
tieliikenne_2021.2360,2360,POINT (241273.5527 7013991.6357),2021,7,14.00-14.59,2,2,0,0,0,0,2,0,0,241273.5527,7013991.6357
tieliikenne_2021.2361,2361,POINT (227803.4499 7012229.803),2021,7,15.00-15.59,2,3,1,0,0,1,0,0,0,227803.4499,7012229.803
tieliikenne_2021.2362,2362,POINT (209044.1564 6939340.2056),2021,7,19.00-19.59,2,0,1,0,0,0,1,0,0,209044.1564,6939340.2056
tieliikenne_2021.2363,2363,POINT (228718.8939 7009793.3686),2021,7,14.00-14.59,2,8,0,0,0,0,1,0,0,228718.8939,7009793.3686
tieliikenne_2021.2364,2364,POINT (244244.3358 6932994.3668),2021,7,14.00-14.59,3,8,1,0,0,0,0,0,0,244244.3358,6932994.3668
tieliikenne_2021.2365,2365,POINT (233564.7282 7006780.9973),2021,7,18.00-18.59,2,4,0,0,0,1,2,1,0,233564.7282,7006780.9973
tieliikenne_2021.2366,2366,POINT (253633.094 6933854.3836),2021,7,13.00-13.59,2,5,2,0,0,0,0,0,0,253633.094,6933854.3836
tieliikenne_2021.2367,2367,POINT (227983.9317 7007971.9552),2021,7,11.00-11.59,2,4,2,0,0,0,0,0,0,227983.9317,7007971.9552
tieliikenne_2021.2368,2368,POINT (322134.9835 6969767.1689),2021,7,14.00-14.59,2,8,1,0,0,0,0,0,0,322134.9835,6969767.1689
tieliikenne_2021.2369,2369,POINT (286706.5324 7053761.4347),2021,7,13.00-13.59,2,2,2,0,0,0,0,0,0,286706.5324,7053761.4347
tieliikenne_2021.2370,2370,POINT (305722.7945 7078760.0302),2021,7,15.00-15.59,3,1,5,0,0,0,0,0,0,305722.7945,7078760.0302
tieliikenne_2021.2371,2371,POINT (301210.9659 7001765.8185),2021,7,00.00-00.59,2,4,0,0,0,0,1,0,1,301210.9659,7001765.8185
tieliikenne_2021.2372,2372,POINT (222332.9017 7000695.6806),2021,7,10.00-10.59,2,2,1,0,0,0,1,0,0,222332.9017,7000695.6806
tieliikenne_2021.2373,2373,POINT (238205.3389 6972563.0279),2021,7,16.00-16.59,2,8,1,0,0,0,0,0,0,238205.3389,6972563.0279
tieliikenne_2021.2374,2374,POINT (328907.8411 7043842.2992),2021,7,17.00-17.59,2,0,1,1,0,0,0,0,0,328907.8411,7043842.2992
tieliikenne_2021.2375,2375,POINT (242433.6719 6965815.736),2021,7,21.00-21.59,2,9,0,0,0,0,0,1,0,242433.6719,6965815.736
tieliikenne_2021.2376,2376,POINT (230120.2388 7007967.6728),2021,7,13.00-13.59,2,3,1,0,0,0,1,0,0,230120.2388,7007967.6728
tieliikenne_2021.2377,2377,POINT (273209.9833 6937292.6089),2021,7,13.00-13.59,2,1,1,0,0,0,0,1,0,273209.9833,6937292.6089
tieliikenne_2021.2378,2378,POINT (219222.6192 6988391.5287),2021,7,13.00-13.59,2,8,1,0,0,0,0,0,0,219222.6192,6988391.5287
tieliikenne_2021.2379,2379,POINT (309193.3641 7085957.6376),2021,8,16.00-16.59,2,4,2,0,0,0,0,0,0,309193.3641,7085957.6376
tieliikenne_2021.2380,2380,POINT (362025.1994 7078011.6439),2021,8,20.00-20.59,3,8,1,0,0,0,0,0,0,362025.1994,7078011.6439
tieliikenne_2021.2381,2381,POINT (308911.0814 7084520.4187),2021,8,21.00-21.59,2,5,1,0,0,0,0,1,0,308911.0814,7084520.4187
tieliikenne_2021.2382,2382,POINT (231630.3313 7006981.0818),2021,8,21.00-21.59,2,0,1,0,0,0,1,0,0,231630.3313,7006981.0818
tieliikenne_2021.2383,2383,POINT (337674.7633 7046613.9315),2021,8,20.00-20.59,1,0,1,0,0,0,0,1,0,337674.7633,7046613.9315
tieliikenne_2021.2384,2384,POINT (214494.4073 6942988.1504),2021,8,15.00-15.59,2,8,1,0,0,0,0,0,0,214494.4073,6942988.1504
tieliikenne_2021.2385,2385,POINT (300011.4805 7062167.3741),2021,8,04.00-04.59,2,8,1,0,0,0,0,0,0,300011.4805,7062167.3741
tieliikenne_2021.2386,2386,POINT (318957.3388 7068249.7048),2021,8,03.00-03.59,3,8,1,0,0,0,0,0,0,318957.3388,7068249.7048
tieliikenne_2021.2387,2387,POINT (356895.1582 7033246.044),2021,8,14.00-14.59,2,8,0,0,0,0,0,1,0,356895.1582,7033246.044
tieliikenne_2021.2388,2388,POINT (229941.5421 7006680.4097),2021,8,15.00-15.59,2,9,1,0,0,0,0,0,0,229941.5421,7006680.4097
tieliikenne_2021.2389,2389,POINT (207552.6043 6919261.0361),2021,8,11.00-11.59,2,8,1,0,0,0,0,0,0,207552.6043,6919261.0361
tieliikenne_2021.2390,2390,POINT (287510.9907 7067547.4564),2021,8,16.00-16.59,2,4,1,0,0,1,0,0,0,287510.9907,7067547.4564
tieliikenne_2021.2391,2391,POINT (291047.6555 6968464.0504),2021,8,16.00-16.59,2,2,2,0,0,0,0,0,0,291047.6555,6968464.0504
tieliikenne_2021.2392,2392,POINT (321948.2766 6972748.4878),2021,8,16.00-16.59,1,5,1,0,0,0,0,1,0,321948.2766,6972748.4878
tieliikenne_2021.2393,2393,POINT (351082.6719 6939529.2252),2021,8,17.00-17.59,1,4,1,0,0,1,0,0,0,351082.6719,6939529.2252
tieliikenne_2021.2394,2394,POINT (256700.8991 6995332.223),2021,8,18.00-18.59,2,8,1,0,0,0,0,0,0,256700.8991,6995332.223
tieliikenne_2021.2395,2395,POINT (268971.9725 7028164.6924),2021,8,20.00-20.59,2,8,0,0,0,0,1,0,0,268971.9725,7028164.6924
tieliikenne_2021.2396,2396,POINT (287494.6425 6968568.9398),2021,8,12.00-12.59,2,6,1,0,1,0,0,0,0,287494.6425,6968568.9398
tieliikenne_2021.2397,2397,POINT (342500.727 6993279.4508),2021,8,18.00-18.59,2,8,1,0,0,0,0,0,0,342500.727,6993279.4508
tieliikenne_2021.2398,2398,POINT (351079.2372 7063066.1032),2021,8,00.00-00.59,2,8,1,0,0,0,0,0,0,351079.2372,7063066.1032
tieliikenne_2021.2399,2399,POINT (286805.1174 6968840.7055),2021,8,07.00-07.59,2,4,1,0,0,1,0,0,0,286805.1174,6968840.7055
tieliikenne_2021.2400,2400,POINT (326314.8171 6944082.4571),2021,8,22.00-22.59,2,7,1,0,1,0,0,0,0,326314.8171,6944082.4571
tieliikenne_2021.2401,2401,POINT (229130.2025 6939524.0851),2021,8,22.00-22.59,2,9,0,0,0,0,0,0,1,229130.2025,6939524.0851
tieliikenne_2021.2402,2402,POINT (264717.273 6949181.5616),2021,8,14.00-14.59,3,4,1,0,0,0,1,0,0,264717.273,6949181.5616
tieliikenne_2021.2403,2403,POINT (241422.8874 6937624.6797),2021,8,12.00-12.59,2,1,1,1,0,0,0,0,0,241422.8874,6937624.6797
tieliikenne_2021.2404,2404,POINT (290618.7082 7066333.9765),2021,8,15.00-15.59,2,4,1,0,0,0,1,0,0,290618.7082,7066333.9765
tieliikenne_2021.2405,2405,POINT (318273.7417 6945084.6777),2021,8,16.00-16.59,2,8,1,0,0,0,0,0,0,318273.7417,6945084.6777
tieliikenne_2021.2406,2406,POINT (232573.153 7006600.4145),2021,8,10.00-10.59,3,4,1,0,0,1,0,0,0,232573.153,7006600.4145
tieliikenne_2021.2407,2407,POINT (287655.0528 7067726.6846),2021,8,08.00-08.59,2,4,2,0,0,0,0,0,0,287655.0528,7067726.6846
tieliikenne_2021.2408,2408,POINT (263728.019 6951887.0052),2021,8,13.00-13.59,1,4,1,0,0,1,0,0,0,263728.019,6951887.0052
tieliikenne_2021.2409,2409,POINT (326647.6474 6987142.6037),2021,8,21.00-21.59,2,8,1,0,0,0,0,0,0,326647.6474,6987142.6037
tieliikenne_2021.2410,2410,POINT (243297.9198 6960621.0271),2021,8,20.00-20.59,2,0,0,0,0,0,2,0,0,243297.9198,6960621.0271
tieliikenne_2021.2411,2411,POINT (216433.0557 6984322.1019),2021,8,05.00-05.59,2,8,0,1,0,0,0,0,0,216433.0557,6984322.1019
tieliikenne_2021.2412,2412,POINT (338475.4547 7009716.4678),2021,8,18.00-18.59,3,0,0,0,0,0,0,1,1,338475.4547,7009716.4678
tieliikenne_2021.2413,2413,POINT (310603.7817 7084856.5567),2021,8,21.00-21.59,2,4,1,0,0,0,1,0,0,310603.7817,7084856.5567
tieliikenne_2021.2414,2414,POINT (251427.1284 6931637.8258),2021,9,06.00-06.59,2,5,2,0,0,0,0,0,0,251427.1284,6931637.8258
tieliikenne_2021.2415,2415,POINT (245349.2601 6993912.5067),2021,9,19.00-19.59,2,8,1,0,0,0,0,0,0,245349.2601,6993912.5067
tieliikenne_2021.2416,2416,POINT (264165.2278 6951486.7775),2021,9,08.00-08.59,2,9,1,0,0,0,1,0,0,264165.2278,6951486.7775
tieliikenne_2021.2417,2417,POINT (262610.7453 6994258.0392),2021,9,06.00-06.59,2,8,1,0,0,0,0,0,0,262610.7453,6994258.0392
tieliikenne_2021.2418,2418,POINT (287697.2713 7067831.6211),2021,9,18.00-18.59,2,5,1,0,0,0,1,0,0,287697.2713,7067831.6211
tieliikenne_2021.2419,2419,POINT (258790.5843 6945515.2172),2021,9,00.00-00.59,2,8,1,0,0,0,0,0,0,258790.5843,6945515.2172
tieliikenne_2021.2420,2420,POINT (315609.7446 7085542.9493),2021,9,13.00-13.59,3,7,0,1,1,0,0,0,0,315609.7446,7085542.9493
tieliikenne_2021.2421,2421,POINT (270865.6615 6947992.975),2021,9,19.00-19.59,1,2,1,1,0,0,0,0,0,270865.6615,6947992.975
tieliikenne_2021.2422,2422,POINT (339224.4552 7087475.9324),2021,9,20.00-20.59,1,8,0,1,0,0,0,0,0,339224.4552,7087475.9324
tieliikenne_2021.2423,2423,POINT (327438.1517 7030900.8952),2021,9,13.00-13.59,2,8,0,0,0,0,0,1,0,327438.1517,7030900.8952
tieliikenne_2021.2424,2424,POINT (254278.9615 6980456.9116),2021,9,17.00-17.59,2,1,2,0,0,0,0,0,0,254278.9615,6980456.9116
tieliikenne_2021.2425,2425,POINT (310227.0404 7084411.8649),2021,9,13.00-13.59,3,5,1,0,0,1,0,0,0,310227.0404,7084411.8649
tieliikenne_2021.2426,2426,POINT (229203.2277 7009516.3456),2021,9,11.00-11.59,2,7,1,0,1,0,0,0,0,229203.2277,7009516.3456
tieliikenne_2021.2427,2427,POINT (267171.2656 6949511.3453),2021,9,21.00-21.59,2,2,0,0,0,0,1,1,0,267171.2656,6949511.3453
tieliikenne_2021.2428,2428,POINT (212805.4265 6902122.1207),2021,9,13.00-13.59,3,2,0,0,0,0,0,0,2,212805.4265,6902122.1207
tieliikenne_2021.2429,2429,POINT (271953.2568 6986275.7609),2021,9,14.00-14.59,2,1,2,0,0,0,0,0,0,271953.2568,6986275.7609
tieliikenne_2021.2430,2430,POINT (323454.8716 7092438.2933),2021,9,11.00-11.59,1,4,2,0,0,0,0,0,0,323454.8716,7092438.2933
tieliikenne_2021.2431,2431,POINT (289938.6976 6969037.3267),2021,9,13.00-13.59,2,9,0,0,0,1,0,0,0,289938.6976,6969037.3267
tieliikenne_2021.2432,2432,POINT (247149.4591 6993147.8646),2021,9,15.00-15.59,2,0,0,0,0,0,1,0,1,247149.4591,6993147.8646
tieliikenne_2021.2433,2433,POINT (226155.9328 6937988.3097),2021,9,15.00-15.59,2,8,1,0,0,0,0,0,0,226155.9328,6937988.3097
tieliikenne_2021.2434,2434,POINT (297630.3989 6988080.3829),2021,9,14.00-14.59,2,4,1,0,0,1,0,0,0,297630.3989,6988080.3829
tieliikenne_2021.2435,2435,POINT (289934.0251 6967955.1926),2021,9,11.00-11.59,3,4,1,0,0,1,0,0,0,289934.0251,6967955.1926
tieliikenne_2021.2436,2436,POINT (310844.0132 7083603.5325),2021,9,18.00-18.59,2,5,1,0,0,0,1,0,0,310844.0132,7083603.5325
tieliikenne_2021.2437,2437,POINT (287672.9317 6968167.0839),2021,9,11.00-11.59,2,1,1,0,0,1,0,0,0,287672.9317,6968167.0839
tieliikenne_2021.2438,2438,POINT (270478.2932 6960247.6745),2021,9,14.00-14.59,2,4,1,0,0,0,0,0,1,270478.2932,6960247.6745
tieliikenne_2021.2439,2439,POINT (323203.8386 7030570.0477),2021,9,13.00-13.59,2,4,1,1,0,0,0,0,0,323203.8386,7030570.0477
tieliikenne_2021.2440,2440,POINT (309896.3159 6994914.333),2021,9,22.00-22.59,2,8,1,0,0,0,0,0,0,309896.3159,6994914.333
tieliikenne_2021.2441,2441,POINT (348687.1865 7089588.1126),2021,10,12.00-12.59,2,4,1,0,0,1,0,0,0,348687.1865,7089588.1126
tieliikenne_2021.2442,2442,POINT (326142.884 6945320.269),2021,10,14.00-14.59,2,0,2,0,0,0,0,0,0,326142.884,6945320.269
tieliikenne_2021.2443,2443,POINT (222229.0729 6960799.7528),2021,10,12.00-12.59,3,1,2,0,0,0,0,0,0,222229.0729,6960799.7528
tieliikenne_2021.2444,2444,POINT (202032.3107 6930506.8346),2021,10,07.00-07.59,2,4,0,1,0,0,0,0,1,202032.3107,6930506.8346
tieliikenne_2021.2445,2445,POINT (229451.6347 7008039.8026),2021,10,17.00-17.59,2,0,2,0,0,0,0,0,0,229451.6347,7008039.8026
tieliikenne_2021.2446,2446,POINT (309577.409 7084778.3011),2021,10,19.00-19.59,2,4,1,0,0,1,0,0,0,309577.409,7084778.3011
tieliikenne_2021.2447,2447,POINT (279604.1645 6967363.592),2021,10,12.00-12.59,2,4,1,0,0,1,0,0,0,279604.1645,6967363.592
tieliikenne_2021.2448,2448,POINT (252304.9333 6927870.8329),2021,10,23.00-23.59,2,4,2,0,0,0,0,0,0,252304.9333,6927870.8329
tieliikenne_2021.2449,2449,POINT (252557.5011 6930446.0421),2021,10,06.00-06.59,3,7,1,0,1,0,0,0,0,252557.5011,6930446.0421
tieliikenne_2021.2450,2450,POINT (238241.5244 6972512.7331),2021,10,17.00-17.59,2,8,1,0,0,0,0,0,0,238241.5244,6972512.7331
tieliikenne_2021.2451,2451,POINT (289939.3332 7067458.2664),2021,10,23.00-23.59,2,1,1,0,0,0,0,0,1,289939.3332,7067458.2664
tieliikenne_2021.2452,2452,POINT (287164.9216 7054596.9433),2021,10,01.00-01.59,3,8,1,0,0,0,0,0,0,287164.9216,7054596.9433
tieliikenne_2021.2453,2453,POINT (287810.3751 6967670.075),2021,10,21.00-21.59,2,3,2,0,0,0,0,0,0,287810.3751,6967670.075
tieliikenne_2021.2454,2454,POINT (239308.7469 7013508.1338),2021,10,19.00-19.59,2,5,1,0,0,0,1,0,0,239308.7469,7013508.1338
tieliikenne_2021.2455,2455,POINT (288898.0528 7067879.529),2021,10,12.00-12.59,2,8,1,0,0,0,0,0,0,288898.0528,7067879.529
tieliikenne_2021.2456,2456,POINT (230147.6208 7008450.3638),2021,10,19.00-19.59,2,4,1,0,0,1,0,0,0,230147.6208,7008450.3638
tieliikenne_2021.2457,2457,POINT (249320.1456 6988873.0513),2021,10,09.00-09.59,1,2,1,1,0,0,0,0,0,249320.1456,6988873.0513
tieliikenne_2021.2458,2458,POINT (239305.2907 7013506.5047),2021,10,20.00-20.59,2,0,2,0,0,0,0,0,0,239305.2907,7013506.5047
tieliikenne_2021.2459,2459,POINT (289001.7607 7065018.4668),2021,10,06.00-06.59,2,4,1,0,0,0,0,0,1,289001.7607,7065018.4668
tieliikenne_2021.2460,2460,POINT (291274.0492 6968961.7017),2021,10,08.00-08.59,2,5,2,0,0,1,0,0,0,291274.0492,6968961.7017
tieliikenne_2021.2461,2461,POINT (359476.8458 7022567.5322),2021,10,21.00-21.59,1,2,1,1,0,0,0,0,0,359476.8458,7022567.5322
tieliikenne_2021.2462,2462,POINT (251881.0065 7001885.6127),2021,10,16.00-16.59,2,0,2,0,0,0,0,0,0,251881.0065,7001885.6127
tieliikenne_2021.2463,2463,POINT (235013.0697 6996827.7496),2021,11,08.00-08.59,2,8,1,0,0,0,0,0,0,235013.0697,6996827.7496
tieliikenne_2021.2464,2464,POINT (290635.9166 6969289.2675),2021,11,18.00-18.59,2,0,1,0,0,0,0,1,0,290635.9166,6969289.2675
tieliikenne_2021.2465,2465,POINT (298446.8456 6988850.5087),2021,11,18.00-18.59,2,5,1,0,0,0,1,0,0,298446.8456,6988850.5087
tieliikenne_2021.2466,2466,POINT (294824.1444 6988134.2308),2021,11,15.00-15.59,2,1,1,0,0,1,0,0,0,294824.1444,6988134.2308
tieliikenne_2021.2467,2467,POINT (310167.6487 7084687.3212),2021,11,16.00-16.59,2,4,1,0,0,0,1,0,0,310167.6487,7084687.3212
tieliikenne_2021.2468,2468,POINT (239221.1245 6964243.807),2021,11,20.00-20.59,2,8,1,0,0,0,0,0,0,239221.1245,6964243.807
tieliikenne_2021.2469,2469,POINT (272219.0445 6986316.6897),2021,11,18.00-18.59,2,9,1,0,0,0,0,0,0,272219.0445,6986316.6897
tieliikenne_2021.2470,2470,POINT (252970.0204 6997791.5581),2021,11,00.00-00.59,2,8,1,0,0,0,0,0,0,252970.0204,6997791.5581
tieliikenne_2021.2471,2471,POINT (290178.4661 6967702.1424),2021,11,03.00-03.59,2,8,2,0,0,0,0,0,0,290178.4661,6967702.1424
tieliikenne_2021.2472,2472,POINT (233880.8355 7005872.5148),2021,11,18.00-18.59,2,4,1,0,0,1,0,0,0,233880.8355,7005872.5148
tieliikenne_2021.2473,2473,POINT (323334.584 7030610.7661),2021,11,16.00-16.59,1,0,0,1,0,1,0,0,0,323334.584,7030610.7661
tieliikenne_2021.2474,2474,POINT (243424.7622 6961659.1668),2021,11,15.00-15.59,2,4,1,0,0,1,0,0,0,243424.7622,6961659.1668
tieliikenne_2021.2475,2475,POINT (289622.0903 6958203.4105),2021,11,20.00-20.59,2,0,2,0,0,0,0,0,0,289622.0903,6958203.4105
tieliikenne_2021.2476,2476,POINT (330892.9824 7055142.3717),2021,11,00.00-00.59,2,0,2,0,0,0,0,0,0,330892.9824,7055142.3717
tieliikenne_2021.2477,2477,POINT (223179.5888 6918144.881),2021,11,12.00-12.59,2,8,1,0,0,0,0,0,0,223179.5888,6918144.881
tieliikenne_2021.2478,2478,POINT (292780.1799 6952144.5494),2021,11,01.00-01.59,2,8,1,0,0,0,0,0,0,292780.1799,6952144.5494
tieliikenne_2021.2479,2479,POINT (299162.8936 7068295.5886),2021,11,06.00-06.59,2,2,1,1,0,0,0,0,0,299162.8936,7068295.5886
tieliikenne_2021.2480,2480,POINT (294975.789 7062338.8869),2021,11,16.00-16.59,1,4,1,1,0,0,0,0,0,294975.789,7062338.8869
tieliikenne_2021.2481,2481,POINT (348073.299 6960961.8349),2021,11,21.00-21.59,3,8,1,0,0,0,0,0,0,348073.299,6960961.8349
tieliikenne_2021.2482,2482,POINT (284164.4171 6977711.7675),2021,11,12.00-12.59,3,4,1,0,0,1,0,0,0,284164.4171,6977711.7675
tieliikenne_2021.2483,2483,POINT (308434.8569 7084767.096),2021,11,07.00-07.59,2,9,0,0,0,1,0,0,0,308434.8569,7084767.096
tieliikenne_2021.2484,2484,POINT (290972.0886 6967117.5531),2021,11,09.00-09.59,2,4,1,1,0,0,0,0,0,290972.0886,6967117.5531
tieliikenne_2021.2485,2485,POINT (329389.121 7104223.9943),2021,11,10.00-10.59,2,7,1,0,1,0,0,0,0,329389.121,7104223.9943
tieliikenne_2021.2486,2486,POINT (228204.0711 7007858.6142),2021,11,08.00-08.59,2,4,2,0,0,0,0,0,0,228204.0711,7007858.6142
tieliikenne_2021.2487,2487,POINT (290739.2975 7021579.0825),2021,11,04.00-04.59,2,8,1,0,0,0,0,0,0,290739.2975,7021579.0825
tieliikenne_2021.2488,2488,POINT (289575.7515 6966887.8484),2021,11,08.00-08.59,2,4,1,0,0,1,0,0,0,289575.7515,6966887.8484
tieliikenne_2021.2489,2489,POINT (256228.0578 7016801.177),2021,11,19.00-19.59,2,8,0,0,0,0,0,0,1,256228.0578,7016801.177
tieliikenne_2021.2490,2490,POINT (227667.8811 6971756.4707),2021,11,11.00-11.59,2,8,1,0,0,0,0,0,0,227667.8811,6971756.4707
tieliikenne_2021.2491,2491,POINT (298206.9964 6989038.5877),2021,11,14.00-14.59,1,4,1,0,0,0,1,0,0,298206.9964,6989038.5877
tieliikenne_2021.2492,2492,POINT (287494.1373 6969321.8273),2021,11,19.00-19.59,2,6,1,0,1,0,0,0,0,287494.1373,6969321.8273
tieliikenne_2021.2493,2493,POINT (309478.3565 7085137.7064),2021,11,16.00-16.59,2,4,2,0,0,0,0,0,0,309478.3565,7085137.7064
tieliikenne_2021.2494,2494,POINT (280264.2806 6937712.9428),2021,11,22.00-22.59,2,4,0,0,0,0,0,0,2,280264.2806,6937712.9428
tieliikenne_2021.2495,2495,POINT (229296.5512 7007992.4132),2021,11,14.00-14.59,2,4,1,0,0,0,0,0,1,229296.5512,7007992.4132
tieliikenne_2021.2496,2496,POINT (228204.693 7009779.412),2021,11,15.00-15.59,2,0,2,0,0,0,0,0,0,228204.693,7009779.412
tieliikenne_2021.2497,2497,POINT (313454.1164 7085957.5945),2021,12,08.00-08.59,3,1,3,0,0,0,0,0,0,313454.1164,7085957.5945
tieliikenne_2021.2498,2498,POINT (329371.786 7014176.296),2021,12,22.00-22.59,2,8,1,0,0,0,0,0,0,329371.786,7014176.296
tieliikenne_2021.2499,2499,POINT (289242.4593 7067173.7062),2021,12,09.00-09.59,2,2,2,0,0,0,0,0,0,289242.4593,7067173.7062
tieliikenne_2021.2500,2500,POINT (290636.1008 6969289.1343),2021,12,06.00-06.59,2,8,1,0,0,0,0,0,0,290636.1008,6969289.1343
tieliikenne_2021.2501,2501,POINT (332331.0793 7047828.4856),2021,12,13.00-13.59,2,8,1,0,0,0,0,0,0,332331.0793,7047828.4856
tieliikenne_2021.2502,2502,POINT (250683.1908 6931785.38),2021,12,06.00-06.59,2,0,2,0,0,0,0,0,0,250683.1908,6931785.38
tieliikenne_2021.2503,2503,POINT (289912.6794 7061211.2423),2021,12,17.00-17.59,2,2,2,0,0,0,0,0,0,289912.6794,7061211.2423
tieliikenne_2021.2504,2504,POINT (290337.0129 7070004.1563),2021,12,13.00-13.59,2,0,2,0,0,0,0,0,0,290337.0129,7070004.1563
tieliikenne_2021.2505,2505,POINT (251320.2656 6927521.6558),2021,12,16.00-16.59,2,8,0,0,0,0,0,0,1,251320.2656,6927521.6558
tieliikenne_2021.2506,2506,POINT (338260.9468 6990361.7732),2021,12,15.00-15.59,2,5,2,0,0,0,0,0,0,338260.9468,6990361.7732
tieliikenne_2021.2507,2507,POINT (211756.5827 6919625.0344),2021,12,22.00-22.59,3,8,0,0,0,0,0,0,1,211756.5827,6919625.0344
tieliikenne_2021.2508,2508,POINT (287582.7329 6969000.9541),2021,12,16.00-16.59,2,4,2,0,0,0,0,0,0,287582.7329,6969000.9541
tieliikenne_2021.2509,2509,POINT (297414.5621 6988767.3003),2021,12,18.00-18.59,2,4,1,1,0,0,0,0,0,297414.5621,6988767.3003
tieliikenne_2021.2510,2510,POINT (299029.7072 7081654.0039),2021,12,05.00-05.59,3,8,1,0,0,0,0,0,0,299029.7072,7081654.0039
tieliikenne_2021.2511,2511,POINT (216471.0245 6915243.1492),2021,12,21.00-21.59,2,8,0,1,0,0,0,0,0,216471.0245,6915243.1492
tieliikenne_2021.2512,2512,POINT (493172.4788 7010306.4893),2021,1,05.00-05.59,2,8,1,0,0,0,0,0,0,493172.4788,7010306.4893
tieliikenne_2021.2513,2513,POINT (512644.5508 6838234.275),2021,1,20.00-20.59,2,5,2,0,0,0,0,0,0,512644.5508,6838234.275
tieliikenne_2021.2514,2514,POINT (610907.4442 6939570.7904),2021,1,10.00-10.59,2,0,2,0,0,0,0,0,0,610907.4442,6939570.7904
tieliikenne_2021.2515,2515,POINT (669895.4669 6907137.272),2021,1,21.00-21.59,2,8,1,0,0,0,0,0,0,669895.4669,6907137.272
tieliikenne_2021.2516,2516,POINT (509560.3017 6905065.3321),2021,1,11.00-11.59,2,3,2,0,0,0,0,0,0,509560.3017,6905065.3321
tieliikenne_2021.2517,2517,POINT (618834.5909 6865878.3544),2021,1,11.00-11.59,2,4,2,0,0,0,0,0,0,618834.5909,6865878.3544
tieliikenne_2021.2518,2518,POINT (498869.5036 7058093.3182),2021,1,11.00-11.59,2,2,1,1,0,0,0,0,0,498869.5036,7058093.3182
tieliikenne_2021.2519,2519,POINT (476831.6336 7063585.0643),2021,1,13.00-13.59,2,2,1,1,0,0,0,0,0,476831.6336,7063585.0643
tieliikenne_2021.2520,2520,POINT (498032.0827 6974897.5488),2021,1,09.00-09.59,2,1,2,1,0,0,0,0,0,498032.0827,6974897.5488
tieliikenne_2021.2521,2521,POINT (509579.5356 6927301.9316),2021,1,18.00-18.59,2,8,1,0,0,0,0,0,0,509579.5356,6927301.9316
tieliikenne_2021.2522,2522,POINT (648080.7635 6922113.8288),2021,1,12.00-12.59,3,2,1,1,0,0,0,0,0,648080.7635,6922113.8288
tieliikenne_2021.2523,2523,POINT (675656.9705 6988338.7647),2021,2,06.00-06.59,2,8,0,1,0,0,0,0,0,675656.9705,6988338.7647
tieliikenne_2021.2524,2524,POINT (503818.6502 7059094.8479),2021,1,07.00-07.59,2,0,1,1,0,0,0,0,0,503818.6502,7059094.8479
tieliikenne_2021.2525,2525,POINT (551135.3671 6824390.0145),2021,1,18.00-18.59,2,8,1,0,0,0,0,0,0,551135.3671,6824390.0145
tieliikenne_2021.2526,2526,POINT (642995.7328 6952361.0281),2021,1,18.00-18.59,2,4,2,0,0,0,0,0,0,642995.7328,6952361.0281
tieliikenne_2021.2527,2527,POINT (598300.6956 6860958.3961),2021,1,07.00-07.59,2,6,1,0,1,0,0,0,0,598300.6956,6860958.3961
tieliikenne_2021.2528,2528,POINT (622203.198 6954945.7905),2021,1,13.00-13.59,2,2,0,2,0,0,0,0,0,622203.198,6954945.7905
tieliikenne_2021.2529,2529,POINT (644417.0553 6950439.6486),2021,1,15.00-15.59,2,4,2,0,0,0,0,0,0,644417.0553,6950439.6486
tieliikenne_2021.2530,2530,POINT (617022.6358 6944569.6409),2021,1,17.00-17.59,2,8,1,0,0,0,0,0,0,617022.6358,6944569.6409
tieliikenne_2021.2531,2531,POINT (606006.7193 7047939.8037),2021,1,09.00-09.59,2,6,1,0,1,0,0,0,0,606006.7193,7047939.8037
tieliikenne_2021.2532,2532,POINT (534979.6401 6973620.3191),2021,1,17.00-17.59,2,4,1,0,0,1,0,0,0,534979.6401,6973620.3191
tieliikenne_2021.2533,2533,POINT (596992.0932 7048032.9236),2021,1,15.00-15.59,2,0,1,1,0,0,0,0,0,596992.0932,7048032.9236
tieliikenne_2021.2534,2534,POINT (547503.8594 6978836.2465),2021,1,16.00-16.59,2,0,4,0,0,0,0,0,0,547503.8594,6978836.2465
tieliikenne_2021.2535,2535,POINT (540319.7279 6860540.4402),2021,2,06.00-06.59,2,8,0,1,0,0,0,0,0,540319.7279,6860540.4402
tieliikenne_2021.2536,2536,POINT (505387.6026 6921315.7498),2021,2,18.00-18.59,2,0,1,1,0,0,0,0,0,505387.6026,6921315.7498
tieliikenne_2021.2537,2537,POINT (648997.6078 6934683.0112),2021,2,00.00-00.59,1,8,1,0,0,0,0,0,0,648997.6078,6934683.0112
tieliikenne_2021.2538,2538,POINT (489695.121 6806140.3212),2021,2,12.00-12.59,2,0,2,0,0,0,0,0,0,489695.121,6806140.3212
tieliikenne_2021.2539,2539,POINT (532111.9535 6972392.8308),2021,2,07.00-07.59,1,7,0,1,1,0,0,0,0,532111.9535,6972392.8308
tieliikenne_2021.2540,2540,POINT (680122.8852 6892358.5883),2021,2,15.00-15.59,2,2,2,0,0,0,0,0,0,680122.8852,6892358.5883
tieliikenne_2021.2541,2541,POINT (517658.7526 7063966.8428),2021,4,21.00-21.59,2,9,1,0,0,0,0,0,0,517658.7526,7063966.8428
tieliikenne_2021.2542,2542,POINT (511280.1263 6839336.9336),2021,2,14.00-14.59,2,4,2,0,0,0,0,0,0,511280.1263,6839336.9336
tieliikenne_2021.2543,2543,POINT (527557.1242 6968953.7304),2021,2,14.00-14.59,2,5,2,0,0,0,0,0,0,527557.1242,6968953.7304
tieliikenne_2021.2544,2544,POINT (519125.4678 6948931.9645),2021,2,10.00-10.59,2,8,1,0,0,0,0,0,0,519125.4678,6948931.9645
tieliikenne_2021.2545,2545,POINT (529224.0194 6951131.1971),2021,4,21.00-21.59,2,9,1,0,0,0,0,0,0,529224.0194,6951131.1971
tieliikenne_2021.2546,2546,POINT (650015.9701 6887773.4168),2021,2,14.00-14.59,2,1,2,1,0,0,0,0,0,650015.9701,6887773.4168
tieliikenne_2021.2547,2547,POINT (626372.4685 6847976.3495),2021,2,13.00-13.59,2,4,1,0,0,0,0,0,1,626372.4685,6847976.3495
tieliikenne_2021.2548,2548,POINT (539607.2153 6953736.4352),2021,2,12.00-12.59,2,2,1,1,0,0,0,0,0,539607.2153,6953736.4352
tieliikenne_2021.2549,2549,POINT (484765.6212 7042978.0714),2021,5,06.00-06.59,2,9,1,0,0,0,0,0,0,484765.6212,7042978.0714
tieliikenne_2021.2550,2550,POINT (643323.0294 6942903.6618),2021,2,07.00-07.59,2,6,1,0,1,0,0,0,0,643323.0294,6942903.6618
tieliikenne_2021.2551,2551,POINT (642870.9879 6943503.838),2021,2,13.00-13.59,2,6,1,0,1,0,0,0,0,642870.9879,6943503.838
tieliikenne_2021.2552,2552,POINT (645530.0177 6958773.9784),2021,3,10.00-10.59,2,8,1,0,0,0,0,0,0,645530.0177,6958773.9784
tieliikenne_2021.2553,2553,POINT (521686.311 7081132.1752),2021,3,12.00-12.59,2,1,3,0,0,0,0,0,0,521686.311,7081132.1752
tieliikenne_2021.2554,2554,POINT (541173.7256 6861350.1286),2021,3,14.00-14.59,2,2,3,0,0,0,0,0,0,541173.7256,6861350.1286
tieliikenne_2021.2555,2555,POINT (534049.1849 6979835.0359),2021,3,19.00-19.59,2,0,3,0,0,0,0,0,0,534049.1849,6979835.0359
tieliikenne_2021.2556,2556,POINT (511825.146 7043459.676),2021,3,16.00-16.59,2,8,1,0,0,0,0,0,0,511825.146,7043459.676
tieliikenne_2021.2557,2557,POINT (535046.9574 6977366.0479),2021,6,14.00-14.59,1,9,0,0,0,1,0,0,0,535046.9574,6977366.0479
tieliikenne_2021.2558,2558,POINT (515256.7001 6840401.2412),2021,3,16.00-16.59,2,3,2,0,0,0,0,0,0,515256.7001,6840401.2412
tieliikenne_2021.2559,2559,POINT (546281.8148 6909678.8295),2021,3,18.00-18.59,3,2,2,0,0,0,0,0,0,546281.8148,6909678.8295
tieliikenne_2021.2560,2560,POINT (486072.7846 6969681.9962),2021,3,14.00-14.59,3,2,2,0,0,0,0,0,0,486072.7846,6969681.9962
tieliikenne_2021.2561,2561,POINT (513437.9909 6838347.7591),2021,3,16.00-16.59,2,0,2,1,0,0,0,0,0,513437.9909,6838347.7591
tieliikenne_2021.2562,2562,POINT (641324.9712 6944552.6471),2021,3,15.00-15.59,2,0,1,0,0,1,0,0,0,641324.9712,6944552.6471
tieliikenne_2021.2563,2563,POINT (558350.6427 6893335.8835),2021,7,19.00-19.59,2,9,1,0,0,0,0,0,0,558350.6427,6893335.8835
tieliikenne_2021.2564,2564,POINT (514475.3304 6839206.1439),2021,3,00.00-00.59,2,4,2,0,0,0,0,0,0,514475.3304,6839206.1439
tieliikenne_2021.2565,2565,POINT (658055.9735 6996844.8837),2021,7,22.00-22.59,2,9,1,0,0,0,0,0,0,658055.9735,6996844.8837
tieliikenne_2021.2566,2566,POINT (535682.9321 6825590.9814),2021,7,22.00-22.59,2,9,1,0,0,0,0,0,0,535682.9321,6825590.9814
tieliikenne_2021.2567,2567,POINT (620024.1515 6946896.2438),2021,4,11.00-11.59,2,1,2,0,0,0,0,0,0,620024.1515,6946896.2438
tieliikenne_2021.2568,2568,POINT (539614.6194 6928675.7593),2021,4,15.00-15.59,2,0,2,0,0,0,0,0,0,539614.6194,6928675.7593
tieliikenne_2021.2569,2569,POINT (468594.3535 6809924.6035),2021,8,23.00-23.59,2,9,1,0,1,0,0,0,0,468594.3535,6809924.6035
tieliikenne_2021.2570,2570,POINT (662140.6657 6904290.0581),2021,8,07.00-07.59,2,9,1,0,0,0,0,0,0,662140.6657,6904290.0581
tieliikenne_2021.2571,2571,POINT (529126.9398 7044261.5074),2021,4,20.00-20.59,2,0,2,0,0,0,0,0,0,529126.9398,7044261.5074
tieliikenne_2021.2572,2572,POINT (695390.0816 6947866.2852),2021,8,05.00-05.59,2,9,1,0,0,0,0,0,0,695390.0816,6947866.2852
tieliikenne_2021.2573,2573,POINT (679622.6356 6941045.1894),2021,4,13.00-13.59,2,8,1,0,0,0,0,0,0,679622.6356,6941045.1894
tieliikenne_2021.2574,2574,POINT (544309.0331 6897439.884),2021,4,17.00-17.59,2,0,1,0,0,0,1,0,0,544309.0331,6897439.884
tieliikenne_2021.2575,2575,POINT (514856.4569 7042320.269),2021,4,22.00-22.59,2,8,1,0,0,0,0,0,0,514856.4569,7042320.269
tieliikenne_2021.2576,2576,POINT (704283.0189 6962457.951),2021,4,09.00-09.59,2,1,1,0,0,1,0,0,0,704283.0189,6962457.951
tieliikenne_2021.2577,2577,POINT (533690.7327 6974803.7538),2021,4,18.00-18.59,2,5,1,0,0,1,0,0,0,533690.7327,6974803.7538
tieliikenne_2021.2578,2578,POINT (528907.615 7055440.41),2021,9,06.00-06.59,2,9,1,0,0,0,0,0,0,528907.615,7055440.41
tieliikenne_2021.2579,2579,POINT (533080.3135 6974233.5737),2021,4,15.00-15.59,2,1,1,0,0,1,0,0,0,533080.3135,6974233.5737
tieliikenne_2021.2580,2580,POINT (529763.0808 7070333.5357),2021,4,15.00-15.59,2,2,2,0,0,0,0,0,0,529763.0808,7070333.5357
tieliikenne_2021.2581,2581,POINT (515831.6484 6839291.257),2021,4,12.00-12.59,2,4,1,0,0,0,1,0,0,515831.6484,6839291.257
tieliikenne_2021.2582,2582,POINT (506418.1003 7011598.1671),2021,4,10.00-10.59,3,2,1,1,0,0,0,0,0,506418.1003,7011598.1671
tieliikenne_2021.2583,2583,POINT (589459.0293 6957610.9178),2021,4,08.00-08.59,2,8,1,0,0,0,0,0,0,589459.0293,6957610.9178
tieliikenne_2021.2584,2584,POINT (531751.9639 6852903.9492),2021,9,20.00-20.59,2,9,1,1,0,0,0,0,0,531751.9639,6852903.9492
tieliikenne_2021.2585,2585,POINT (645050.3341 6956096.448),2021,4,21.00-21.59,2,3,2,0,0,0,0,0,0,645050.3341,6956096.448
tieliikenne_2021.2586,2586,POINT (510520.8061 7050200.288),2021,4,11.00-11.59,2,4,1,1,0,0,0,0,0,510520.8061,7050200.288
tieliikenne_2021.2587,2587,POINT (515389.4465 6840393.8577),2021,5,15.00-15.59,2,1,1,0,0,0,1,0,0,515389.4465,6840393.8577
tieliikenne_2021.2588,2588,POINT (524906.2856 7024928.597),2021,10,12.00-12.59,2,9,1,0,0,0,0,0,0,524906.2856,7024928.597
tieliikenne_2021.2589,2589,POINT (503780.0182 6833836.8955),2021,5,11.00-11.59,1,2,1,1,0,0,0,0,0,503780.0182,6833836.8955
tieliikenne_2021.2590,2590,POINT (531366.4912 6968544.6923),2021,5,23.00-23.59,2,8,0,0,0,0,0,1,0,531366.4912,6968544.6923
tieliikenne_2021.2591,2591,POINT (554567.7265 7008695.0009),2021,5,00.00-00.59,2,9,0,0,0,0,1,0,0,554567.7265,7008695.0009
tieliikenne_2021.2592,2592,POINT (523631.7383 6800260.5652),2021,5,14.00-14.59,2,8,0,0,0,0,0,1,0,523631.7383,6800260.5652
tieliikenne_2021.2593,2593,POINT (531562.1168 6851812.8298),2021,5,10.00-10.59,2,8,1,0,0,0,0,0,0,531562.1168,6851812.8298
tieliikenne_2021.2594,2594,POINT (520514.2475 7072408.3428),2021,5,03.00-03.59,3,8,1,0,0,0,0,0,0,520514.2475,7072408.3428
tieliikenne_2021.2595,2595,POINT (540784.2796 6861079.1481),2021,5,13.00-13.59,1,9,0,0,0,0,0,1,0,540784.2796,6861079.1481
tieliikenne_2021.2596,2596,POINT (641866.7158 6944014.1261),2021,5,17.00-17.59,3,6,1,0,1,0,0,0,0,641866.7158,6944014.1261
tieliikenne_2021.2597,2597,POINT (507565.7944 6907356.9141),2021,5,00.00-00.59,2,4,2,0,0,0,0,0,0,507565.7944,6907356.9141
tieliikenne_2021.2598,2598,POINT (630623.49 6945351.723),2021,5,15.00-15.59,2,5,2,0,0,0,0,0,0,630623.49,6945351.723
tieliikenne_2021.2599,2599,POINT (515936.2981 7052648.314),2021,5,15.00-15.59,2,0,1,0,0,1,0,0,0,515936.2981,7052648.314
tieliikenne_2021.2600,2600,POINT (506155.0485 6836251.4541),2021,5,12.00-12.59,2,1,2,0,0,0,0,0,0,506155.0485,6836251.4541
tieliikenne_2021.2601,2601,POINT (607415.0308 6952333.0532),2021,11,20.00-20.59,2,9,1,0,0,0,0,0,0,607415.0308,6952333.0532
tieliikenne_2021.2602,2602,POINT (530877.1019 6968038.6863),2021,5,16.00-16.59,2,1,2,0,0,0,0,0,0,530877.1019,6968038.6863
tieliikenne_2021.2603,2603,POINT (534104.6665 6978437.2529),2021,5,15.00-15.59,2,5,1,0,0,0,1,0,0,534104.6665,6978437.2529
tieliikenne_2021.2604,2604,POINT (641925.6019 6944665.0764),2021,5,11.00-11.59,2,3,1,0,0,1,0,0,0,641925.6019,6944665.0764
tieliikenne_2021.2605,2605,POINT (513493.644 6831273.2763),2021,5,18.00-18.59,2,1,1,0,0,0,1,0,0,513493.644,6831273.2763
tieliikenne_2021.2606,2606,POINT (508738.0497 7051540.7749),2021,5,16.00-16.59,2,0,2,0,0,0,0,0,0,508738.0497,7051540.7749
tieliikenne_2021.2607,2607,POINT (533484.0209 6973024.263),2021,5,13.00-13.59,2,8,0,0,0,0,0,1,0,533484.0209,6973024.263
tieliikenne_2021.2608,2608,POINT (600870.8367 6935097.1231),2021,11,16.00-16.59,2,9,1,0,0,0,0,0,0,600870.8367,6935097.1231
tieliikenne_2021.2609,2609,POINT (499443.42 6792247.6278),2021,5,18.00-18.59,2,0,2,0,0,0,0,0,0,499443.42,6792247.6278
tieliikenne_2021.2610,2610,POINT (509512.9815 7047763.9983),2021,5,06.00-06.59,2,3,2,0,0,0,0,0,0,509512.9815,7047763.9983
tieliikenne_2021.2611,2611,POINT (641686.8535 6943737.0556),2021,5,10.00-10.59,2,4,2,0,0,0,0,0,0,641686.8535,6943737.0556
tieliikenne_2021.2612,2612,POINT (516099.0258 6855142.8871),2021,5,17.00-17.59,2,0,1,1,0,0,0,0,0,516099.0258,6855142.8871
tieliikenne_2021.2613,2613,POINT (481539.1681 6820944.2586),2021,5,08.00-08.59,2,8,1,0,0,0,0,0,0,481539.1681,6820944.2586
tieliikenne_2021.2614,2614,POINT (642214.9033 6946020.1551),2021,5,11.00-11.59,2,9,1,0,0,0,0,0,0,642214.9033,6946020.1551
tieliikenne_2021.2615,2615,POINT (534044.8672 6967358.5329),2021,5,16.00-16.59,2,1,1,0,0,1,0,0,0,534044.8672,6967358.5329
tieliikenne_2021.2616,2616,POINT (533894.0716 6972619.2398),2021,5,16.00-16.59,2,7,1,0,1,0,0,0,0,533894.0716,6972619.2398
tieliikenne_2021.2617,2617,POINT (520969.4614 6991688.06),2021,5,23.00-23.59,1,8,1,0,0,0,0,0,0,520969.4614,6991688.06
tieliikenne_2021.2618,2618,POINT (531912.6824 6936707.3446),2021,5,11.00-11.59,3,8,0,0,0,0,0,1,0,531912.6824,6936707.3446
tieliikenne_2021.2619,2619,POINT (642682.587 6948767.0768),2021,6,15.00-15.59,2,0,3,0,0,0,0,0,0,642682.587,6948767.0768
tieliikenne_2021.2620,2620,POINT (686121.0231 6933220.1005),2021,6,12.00-12.59,2,8,1,0,0,0,0,0,0,686121.0231,6933220.1005
tieliikenne_2021.2621,2621,POINT (506555.7389 6908485.4908),2021,6,20.00-20.59,2,5,1,0,0,0,1,0,0,506555.7389,6908485.4908
tieliikenne_2021.2622,2622,POINT (500580.1377 6906744.534),2021,6,05.00-05.59,3,8,0,0,0,0,0,1,0,500580.1377,6906744.534
tieliikenne_2021.2623,2623,POINT (513165.6164 6820645.7116),2021,6,05.00-05.59,2,8,1,0,0,0,0,0,0,513165.6164,6820645.7116
tieliikenne_2021.2624,2624,POINT (641614.858 6947222.4932),2021,6,20.00-20.59,3,1,1,0,0,0,0,1,0,641614.858,6947222.4932
tieliikenne_2021.2625,2625,POINT (545142.8392 6862991.8751),2021,6,13.00-13.59,2,5,2,0,0,0,1,0,0,545142.8392,6862991.8751
tieliikenne_2021.2626,2626,POINT (574465.3651 6967203.4251),2021,6,12.00-12.59,2,8,1,0,0,0,0,0,0,574465.3651,6967203.4251
tieliikenne_2021.2627,2627,POINT (661071.4617 6966513.7702),2021,6,17.00-17.59,2,4,1,0,0,0,0,1,0,661071.4617,6966513.7702
tieliikenne_2021.2628,2628,POINT (664278.7548 6888060.2479),2021,6,19.00-19.59,2,4,1,0,0,1,0,0,0,664278.7548,6888060.2479
tieliikenne_2021.2629,2629,POINT (538795.259 6999062.1046),2021,6,11.00-11.59,2,8,0,0,0,0,0,1,0,538795.259,6999062.1046
tieliikenne_2021.2630,2630,POINT (514598.3068 6839680.0706),2021,6,16.00-16.59,3,9,1,0,0,1,0,0,0,514598.3068,6839680.0706
tieliikenne_2021.2631,2631,POINT (666573.6693 6941304.4194),2021,6,11.00-11.59,2,2,3,0,0,0,0,0,0,666573.6693,6941304.4194
tieliikenne_2021.2632,2632,POINT (480551.115 7057419.5762),2021,6,15.00-15.59,2,1,1,0,0,1,0,0,0,480551.115,7057419.5762
tieliikenne_2021.2633,2633,POINT (530992.3154 6967547.9054),2021,6,17.00-17.59,2,9,1,0,0,0,0,1,0,530992.3154,6967547.9054
tieliikenne_2021.2634,2634,POINT (508550.6485 6907821.7451),2021,6,15.00-15.59,2,5,1,0,0,0,0,1,0,508550.6485,6907821.7451
tieliikenne_2021.2635,2635,POINT (533764.5471 6994500.9925),2021,6,15.00-15.59,2,1,1,0,0,1,0,0,0,533764.5471,6994500.9925
tieliikenne_2021.2636,2636,POINT (543083.3152 6894530.3509),2021,6,14.00-14.59,2,8,1,0,0,0,0,0,0,543083.3152,6894530.3509
tieliikenne_2021.2637,2637,POINT (530460.3331 6847758.6628),2021,6,14.00-14.59,2,8,1,0,0,0,0,0,0,530460.3331,6847758.6628
tieliikenne_2021.2638,2638,POINT (562938.0052 6823093.4107),2021,6,03.00-03.59,3,9,0,0,0,0,0,1,0,562938.0052,6823093.4107
tieliikenne_2021.2639,2639,POINT (606338.4108 6953214.5397),2021,6,16.00-16.59,1,2,2,1,0,0,0,0,0,606338.4108,6953214.5397
tieliikenne_2021.2640,2640,POINT (486691.9179 6921882.1384),2021,6,07.00-07.59,2,8,1,0,0,0,0,0,0,486691.9179,6921882.1384
tieliikenne_2021.2641,2641,POINT (608970.968 6905996.615),2021,6,12.00-12.59,2,2,2,0,0,0,0,0,0,608970.968,6905996.615
tieliikenne_2021.2642,2642,POINT (535069.2738 6973961.3931),2021,6,19.00-19.59,2,0,1,0,0,0,0,1,0,535069.2738,6973961.3931
tieliikenne_2021.2643,2643,POINT (531006.7773 6967530.0441),2021,6,15.00-15.59,2,5,1,0,0,0,1,0,0,531006.7773,6967530.0441
tieliikenne_2021.2644,2644,POINT (542058.612 6982640.1967),2021,6,13.00-13.59,1,2,2,0,0,0,0,0,0,542058.612,6982640.1967
tieliikenne_2021.2645,2645,POINT (559777.215 6988022.8655),2021,6,10.00-10.59,2,9,1,0,0,0,0,1,0,559777.215,6988022.8655
tieliikenne_2021.2646,2646,POINT (500396.7962 6938336.3706),2021,6,13.00-13.59,3,0,1,0,0,0,0,1,0,500396.7962,6938336.3706
tieliikenne_2021.2647,2647,POINT (512171.148 6837408.852),2021,6,14.00-14.59,2,8,1,0,0,0,0,0,0,512171.148,6837408.852
tieliikenne_2021.2648,2648,POINT (645761.4691 6937546.2478),2021,6,18.00-18.59,2,4,1,0,0,0,1,0,0,645761.4691,6937546.2478
tieliikenne_2021.2649,2649,POINT (622199.2313 6964698.1989),2021,6,20.00-20.59,2,8,1,0,0,0,0,0,0,622199.2313,6964698.1989
tieliikenne_2021.2650,2650,POINT (532240.599 6967518.822),2021,6,08.00-08.59,2,4,1,0,0,1,0,0,0,532240.599,6967518.822
tieliikenne_2021.2651,2651,POINT (534266.2078 6992385.0412),2021,6,02.00-02.59,2,9,0,0,0,0,1,0,0,534266.2078,6992385.0412
tieliikenne_2021.2652,2652,POINT (488162.7952 6830075.5967),2021,6,16.00-16.59,2,8,1,0,0,0,0,0,0,488162.7952,6830075.5967
tieliikenne_2021.2653,2653,POINT (562817.4809 6967229.7575),2021,6,18.00-18.59,2,8,1,0,0,0,0,0,0,562817.4809,6967229.7575
tieliikenne_2021.2654,2654,POINT (553875.7459 6978304.8522),2021,7,12.00-12.59,2,5,1,0,0,0,1,0,0,553875.7459,6978304.8522
tieliikenne_2021.2655,2655,POINT (535804.6521 6970834.8589),2021,7,21.00-21.59,2,8,0,0,0,0,0,1,0,535804.6521,6970834.8589
tieliikenne_2021.2656,2656,POINT (530993.8447 6967519.8884),2021,7,03.00-03.59,2,4,1,0,0,0,1,0,0,530993.8447,6967519.8884
tieliikenne_2021.2657,2657,POINT (508380.8098 6945236.7865),2021,7,04.00-04.59,2,8,1,0,0,0,0,0,0,508380.8098,6945236.7865
tieliikenne_2021.2658,2658,POINT (545808.3958 7007387.6748),2021,7,15.00-15.59,2,8,1,0,0,0,0,0,0,545808.3958,7007387.6748
tieliikenne_2021.2659,2659,POINT (505827.1537 6850998.4404),2021,7,21.00-21.59,2,8,0,0,0,0,0,1,0,505827.1537,6850998.4404
tieliikenne_2021.2660,2660,POINT (515719.9419 6923893.2264),2021,7,05.00-05.59,3,8,1,0,0,0,0,0,0,515719.9419,6923893.2264
tieliikenne_2021.2661,2661,POINT (646447.1863 6944093.93),2021,7,11.00-11.59,2,2,1,0,0,0,1,0,0,646447.1863,6944093.93
tieliikenne_2021.2662,2662,POINT (480200.4027 7039239.5998),2021,7,17.00-17.59,2,8,0,0,0,0,0,0,1,480200.4027,7039239.5998
tieliikenne_2021.2663,2663,POINT (491601.0951 6949788.0684),2021,7,12.00-12.59,2,8,0,0,0,0,1,0,0,491601.0951,6949788.0684
tieliikenne_2021.2664,2664,POINT (650614.9665 7029516.03),2021,7,21.00-21.59,2,8,0,0,0,0,0,1,0,650614.9665,7029516.03
tieliikenne_2021.2665,2665,POINT (618075.6696 6886683.3126),2021,7,21.00-21.59,3,8,1,0,0,0,0,0,0,618075.6696,6886683.3126
tieliikenne_2021.2666,2666,POINT (509167.9229 7048177.8913),2021,7,15.00-15.59,2,4,1,0,0,0,0,1,0,509167.9229,7048177.8913
tieliikenne_2021.2667,2667,POINT (505704.7926 6943839.0399),2021,7,01.00-01.59,2,0,1,0,0,0,1,0,0,505704.7926,6943839.0399
tieliikenne_2021.2668,2668,POINT (634802.1407 6948014.8817),2021,7,05.00-05.59,1,8,1,0,0,0,0,0,0,634802.1407,6948014.8817
tieliikenne_2021.2669,2669,POINT (641167.3022 6946084.1819),2021,7,16.00-16.59,2,1,1,0,0,1,0,0,0,641167.3022,6946084.1819
tieliikenne_2021.2670,2670,POINT (598757.845 6861153.584),2021,7,10.00-10.59,2,5,1,0,0,0,0,1,0,598757.845,6861153.584
tieliikenne_2021.2671,2671,POINT (525867.1485 7058834.8065),2021,7,12.00-12.59,3,5,2,0,0,0,0,0,0,525867.1485,7058834.8065
tieliikenne_2021.2672,2672,POINT (544830.8926 6909114.8553),2021,7,19.00-19.59,2,4,1,0,0,0,1,0,0,544830.8926,6909114.8553
tieliikenne_2021.2673,2673,POINT (491160.4838 7020360.1502),2021,7,08.00-08.59,3,0,1,0,0,0,0,1,0,491160.4838,7020360.1502
tieliikenne_2021.2674,2674,POINT (508876.9844 7049499.014),2021,7,11.00-11.59,2,1,1,0,0,0,0,1,0,508876.9844,7049499.014
tieliikenne_2021.2675,2675,POINT (534995.5028 6973533.469),2021,7,11.00-11.59,2,4,1,0,0,1,0,0,0,534995.5028,6973533.469
tieliikenne_2021.2676,2676,POINT (512090.0916 7046507.0093),2021,7,14.00-14.59,2,4,1,0,0,0,0,1,0,512090.0916,7046507.0093
tieliikenne_2021.2677,2677,POINT (617704.8194 6865088.5448),2021,7,16.00-16.59,2,5,1,0,0,1,0,0,0,617704.8194,6865088.5448
tieliikenne_2021.2678,2678,POINT (503319.2574 7046103.7165),2021,7,14.00-14.59,3,8,1,0,0,0,0,0,0,503319.2574,7046103.7165
tieliikenne_2021.2679,2679,POINT (553776.7824 6925117.302),2021,7,16.00-16.59,2,5,1,0,0,0,0,1,0,553776.7824,6925117.302
tieliikenne_2021.2680,2680,POINT (596671.6296 6861997.9371),2021,7,23.00-23.59,2,0,1,0,0,0,0,1,0,596671.6296,6861997.9371
tieliikenne_2021.2681,2681,POINT (567337.2725 6818662.6519),2021,7,02.00-02.59,2,8,1,0,0,0,0,0,0,567337.2725,6818662.6519
tieliikenne_2021.2682,2682,POINT (532088.0346 6972319.1884),2021,7,15.00-15.59,2,0,1,0,0,0,1,0,0,532088.0346,6972319.1884
tieliikenne_2021.2683,2683,POINT (534101.3187 6994061.7802),2021,7,18.00-18.59,2,3,1,0,0,0,1,0,0,534101.3187,6994061.7802
tieliikenne_2021.2684,2684,POINT (535281.5768 6976433.906),2021,7,06.00-06.59,2,8,1,0,0,0,0,0,0,535281.5768,6976433.906
tieliikenne_2021.2685,2685,POINT (514395.8979 7060110.4987),2021,7,11.00-11.59,3,1,1,0,0,0,0,1,0,514395.8979,7060110.4987
tieliikenne_2021.2686,2686,POINT (580025.2365 6871614.1069),2021,8,13.00-13.59,1,9,0,0,1,0,0,0,1,580025.2365,6871614.1069
tieliikenne_2021.2687,2687,POINT (645576.3557 6946074.5389),2021,8,19.00-19.59,2,4,1,0,0,1,0,0,0,645576.3557,6946074.5389
tieliikenne_2021.2688,2688,POINT (516325.479 6852949.5743),2021,8,11.00-11.59,2,1,2,0,0,0,0,0,0,516325.479,6852949.5743
tieliikenne_2021.2689,2689,POINT (533435.5565 6993975.1497),2021,8,17.00-17.59,2,5,1,0,0,0,0,1,0,533435.5565,6993975.1497
tieliikenne_2021.2690,2690,POINT (606773.9079 6856340.4615),2021,8,01.00-01.59,3,7,1,0,1,0,0,0,0,606773.9079,6856340.4615
tieliikenne_2021.2691,2691,POINT (531002.3712 6967666.7457),2021,8,00.00-00.59,2,3,1,0,0,0,0,1,0,531002.3712,6967666.7457
tieliikenne_2021.2692,2692,POINT (534099.3175 6971542.0742),2021,8,15.00-15.59,2,9,1,0,1,0,0,0,0,534099.3175,6971542.0742
tieliikenne_2021.2693,2693,POINT (462324.3107 6804592.6927),2021,8,16.00-16.59,2,2,2,0,0,0,0,0,0,462324.3107,6804592.6927
tieliikenne_2021.2694,2694,POINT (642102.7634 6943431.0709),2021,8,09.00-09.59,2,1,1,0,0,1,0,0,0,642102.7634,6943431.0709
tieliikenne_2021.2695,2695,POINT (612925.6917 7053081.9465),2021,8,04.00-04.59,2,8,0,0,0,0,0,1,0,612925.6917,7053081.9465
tieliikenne_2021.2696,2696,POINT (533203.9563 6974415.141),2021,8,15.00-15.59,3,3,1,0,0,1,0,0,0,533203.9563,6974415.141
tieliikenne_2021.2697,2697,POINT (571762.9453 6980037.499),2021,8,21.00-21.59,2,8,1,0,0,0,0,0,0,571762.9453,6980037.499
tieliikenne_2021.2698,2698,POINT (641596.0714 6945078.685),2021,8,13.00-13.59,2,4,1,0,0,1,0,0,0,641596.0714,6945078.685
tieliikenne_2021.2699,2699,POINT (514389.9741 6836335.3548),2021,8,12.00-12.59,2,8,1,0,0,0,0,0,0,514389.9741,6836335.3548
tieliikenne_2021.2700,2700,POINT (533745.8754 6973166.0163),2021,8,18.00-18.59,2,4,1,0,0,1,0,0,0,533745.8754,6973166.0163
tieliikenne_2021.2701,2701,POINT (537173.594 7022100.0972),2021,8,19.00-19.59,2,8,1,0,0,0,0,0,0,537173.594,7022100.0972
tieliikenne_2021.2702,2702,POINT (514008.2076 6835826.2045),2021,8,11.00-11.59,2,2,1,1,0,0,0,0,0,514008.2076,6835826.2045
tieliikenne_2021.2703,2703,POINT (514858.1235 6842088.8389),2021,8,12.00-12.59,2,1,1,0,0,1,0,0,0,514858.1235,6842088.8389
tieliikenne_2021.2704,2704,POINT (638293.9293 6890192.4987),2021,8,09.00-09.59,2,4,2,0,0,0,0,0,0,638293.9293,6890192.4987
tieliikenne_2021.2705,2705,POINT (515949.01 6836916.3819),2021,8,21.00-21.59,2,8,1,0,0,0,0,0,0,515949.01,6836916.3819
tieliikenne_2021.2706,2706,POINT (552546.6295 7014043.8272),2021,8,21.00-21.59,1,8,1,0,0,0,0,0,0,552546.6295,7014043.8272
tieliikenne_2021.2707,2707,POINT (510780.0961 7048827.1122),2021,8,13.00-13.59,2,4,1,0,0,1,0,0,0,510780.0961,7048827.1122
tieliikenne_2021.2708,2708,POINT (508390.2507 6907765.1084),2021,8,15.00-15.59,2,5,1,0,0,1,0,0,0,508390.2507,6907765.1084
tieliikenne_2021.2709,2709,POINT (530001.2489 6949281.4106),2021,8,17.00-17.59,2,8,1,0,0,0,0,0,0,530001.2489,6949281.4106
tieliikenne_2021.2710,2710,POINT (532922.2878 6967142.5405),2021,8,12.00-12.59,2,4,1,0,0,1,0,0,0,532922.2878,6967142.5405
tieliikenne_2021.2711,2711,POINT (602435.2882 6861483.3713),2021,8,07.00-07.59,2,0,1,0,0,0,0,1,0,602435.2882,6861483.3713
tieliikenne_2021.2712,2712,POINT (533836.3043 6991646.6915),2021,8,03.00-03.59,1,2,1,1,0,0,0,0,0,533836.3043,6991646.6915
tieliikenne_2021.2713,2713,POINT (515249.752 6840401.639),2021,8,09.00-09.59,2,4,1,0,0,1,0,0,0,515249.752,6840401.639
tieliikenne_2021.2714,2714,POINT (641784.9858 6944632.8821),2021,8,14.00-14.59,2,0,2,0,0,0,0,0,0,641784.9858,6944632.8821
tieliikenne_2021.2715,2715,POINT (519445.9982 7025987.4837),2021,8,15.00-15.59,2,1,1,0,0,1,0,0,0,519445.9982,7025987.4837
tieliikenne_2021.2716,2716,POINT (547340.798 6908311.7075),2021,8,15.00-15.59,2,0,1,0,0,0,1,0,0,547340.798,6908311.7075
tieliikenne_2021.2717,2717,POINT (483514.9101 7058729.0221),2021,9,15.00-15.59,2,1,3,0,0,0,0,0,0,483514.9101,7058729.0221
tieliikenne_2021.2718,2718,POINT (532274.8569 6978691.8718),2021,9,22.00-22.59,2,8,0,0,0,0,0,1,0,532274.8569,6978691.8718
tieliikenne_2021.2719,2719,POINT (626960.4153 6945741.8492),2021,9,07.00-07.59,2,8,1,0,0,0,0,0,0,626960.4153,6945741.8492
tieliikenne_2021.2720,2720,POINT (471632.4078 6977287.5367),2021,9,07.00-07.59,3,9,0,0,0,0,1,0,1,471632.4078,6977287.5367
tieliikenne_2021.2721,2721,POINT (500152.1423 7068480.1552),2021,9,22.00-22.59,2,3,1,0,0,0,1,0,0,500152.1423,7068480.1552
tieliikenne_2021.2722,2722,POINT (504874.9736 6945065.8177),2021,9,17.00-17.59,2,4,1,0,0,0,0,1,0,504874.9736,6945065.8177
tieliikenne_2021.2723,2723,POINT (468069.0992 7071692.9095),2021,9,18.00-18.59,2,8,1,0,0,0,0,0,0,468069.0992,7071692.9095
tieliikenne_2021.2724,2724,POINT (651499.8532 7024689.6518),2021,9,14.00-14.59,2,6,1,0,1,0,0,0,0,651499.8532,7024689.6518
tieliikenne_2021.2725,2725,POINT (642641.7226 6943839.9334),2021,9,14.00-14.59,2,3,1,0,0,1,0,0,0,642641.7226,6943839.9334
tieliikenne_2021.2726,2726,POINT (516460.1523 6840176.1479),2021,9,14.00-14.59,3,8,1,0,0,0,0,0,0,516460.1523,6840176.1479
tieliikenne_2021.2727,2727,POINT (620954.6616 6946914.0795),2021,9,14.00-14.59,2,4,2,0,0,0,0,0,0,620954.6616,6946914.0795
tieliikenne_2021.2728,2728,POINT (651084.3588 7024989.9117),2021,9,09.00-09.59,2,5,1,0,0,1,0,0,0,651084.3588,7024989.9117
tieliikenne_2021.2729,2729,POINT (533802.8357 6973030.688),2021,9,14.00-14.59,2,3,1,0,0,1,0,0,0,533802.8357,6973030.688
tieliikenne_2021.2730,2730,POINT (642023.1528 6944628.4232),2021,9,17.00-17.59,2,0,2,0,0,0,0,0,0,642023.1528,6944628.4232
tieliikenne_2021.2731,2731,POINT (494716.8444 7008342.224),2021,9,11.00-11.59,2,2,2,0,0,0,0,0,0,494716.8444,7008342.224
tieliikenne_2021.2732,2732,POINT (535011.5499 6973628.1805),2021,9,11.00-11.59,2,8,1,0,0,0,0,0,0,535011.5499,6973628.1805
tieliikenne_2021.2733,2733,POINT (519285.5214 6999291.5832),2021,9,09.00-09.59,2,3,2,0,0,0,0,0,0,519285.5214,6999291.5832
tieliikenne_2021.2734,2734,POINT (629591.7147 6885344.6185),2021,9,12.00-12.59,2,8,0,1,0,0,0,0,0,629591.7147,6885344.6185
tieliikenne_2021.2735,2735,POINT (602174.5582 6860674.6905),2021,9,01.00-01.59,3,8,1,0,0,0,0,0,0,602174.5582,6860674.6905
tieliikenne_2021.2736,2736,POINT (523414.0308 7015292.4199),2021,9,11.00-11.59,1,2,1,1,0,0,0,0,0,523414.0308,7015292.4199
tieliikenne_2021.2737,2737,POINT (622388.5651 6852309.5809),2021,9,04.00-04.59,2,8,1,0,0,0,0,0,0,622388.5651,6852309.5809
tieliikenne_2021.2738,2738,POINT (540550.0046 6860902.4125),2021,9,22.00-22.59,2,8,0,1,0,0,0,0,0,540550.0046,6860902.4125
tieliikenne_2021.2739,2739,POINT (600977.4952 7044117.0857),2021,9,11.00-11.59,1,2,1,1,0,0,0,0,0,600977.4952,7044117.0857
tieliikenne_2021.2740,2740,POINT (513516.9996 6834404.2389),2021,9,15.00-15.59,2,5,2,0,0,0,0,0,0,513516.9996,6834404.2389
tieliikenne_2021.2741,2741,POINT (515342.5386 6836634.85),2021,9,00.00-00.59,2,8,1,0,0,0,0,0,0,515342.5386,6836634.85
tieliikenne_2021.2742,2742,POINT (556929.2347 7005765.4844),2021,9,13.00-13.59,2,4,2,0,0,0,0,0,0,556929.2347,7005765.4844
tieliikenne_2021.2743,2743,POINT (535122.418 6973550.82),2021,9,12.00-12.59,2,4,2,0,0,0,0,0,0,535122.418,6973550.82
tieliikenne_2021.2744,2744,POINT (610307.5099 6956602.632),2021,9,16.00-16.59,2,8,1,0,0,0,0,0,0,610307.5099,6956602.632
tieliikenne_2021.2745,2745,POINT (466792.2933 7041123.0887),2021,9,16.00-16.59,2,8,0,0,0,0,0,0,1,466792.2933,7041123.0887
tieliikenne_2021.2746,2746,POINT (657110.095 6891321.888),2021,9,21.00-21.59,2,8,1,0,0,0,0,0,0,657110.095,6891321.888
tieliikenne_2021.2747,2747,POINT (632199.1918 6910825.4116),2021,9,20.00-20.59,3,0,3,0,0,0,0,0,0,632199.1918,6910825.4116
tieliikenne_2021.2748,2748,POINT (631205.783 6945501.2913),2021,9,17.00-17.59,2,1,0,0,0,1,0,1,0,631205.783,6945501.2913
tieliikenne_2021.2749,2749,POINT (513040.8797 6819828.964),2021,9,09.00-09.59,2,5,1,0,0,1,0,0,0,513040.8797,6819828.964
tieliikenne_2021.2750,2750,POINT (645576.1923 6946084.0025),2021,9,19.00-19.59,2,4,1,0,0,1,0,0,0,645576.1923,6946084.0025
tieliikenne_2021.2751,2751,POINT (534244.5687 6980180.5105),2021,9,08.00-08.59,3,0,1,1,0,0,0,0,0,534244.5687,6980180.5105
tieliikenne_2021.2752,2752,POINT (547980.0548 6845366.7663),2021,9,16.00-16.59,2,8,1,0,0,0,0,0,0,547980.0548,6845366.7663
tieliikenne_2021.2753,2753,POINT (520985.2508 6976098.3311),2021,10,19.00-19.59,1,7,1,0,1,0,0,0,0,520985.2508,6976098.3311
tieliikenne_2021.2754,2754,POINT (544820.0997 6910169.3897),2021,10,15.00-15.59,2,3,1,0,0,0,1,0,0,544820.0997,6910169.3897
tieliikenne_2021.2755,2755,POINT (609176.9794 7049123.0696),2021,10,14.00-14.59,2,2,1,0,0,0,0,0,1,609176.9794,7049123.0696
tieliikenne_2021.2756,2756,POINT (534360.5729 6976268.0586),2021,10,11.00-11.59,3,6,1,0,1,0,0,0,0,534360.5729,6976268.0586
tieliikenne_2021.2757,2757,POINT (559043.308 6976210.982),2021,10,11.00-11.59,2,5,1,0,0,0,0,0,1,559043.308,6976210.982
tieliikenne_2021.2758,2758,POINT (642474.3457 6944328.0859),2021,10,14.00-14.59,2,5,1,0,0,1,0,0,0,642474.3457,6944328.0859
tieliikenne_2021.2759,2759,POINT (554205.1851 6912551.4955),2021,10,16.00-16.59,1,8,0,0,0,0,0,1,0,554205.1851,6912551.4955
tieliikenne_2021.2760,2760,POINT (509500.5626 7047868.4645),2021,10,01.00-01.59,2,6,0,0,1,0,0,1,0,509500.5626,7047868.4645
tieliikenne_2021.2761,2761,POINT (690792.5879 6905107.6624),2021,10,16.00-16.59,2,8,1,0,0,0,0,0,0,690792.5879,6905107.6624
tieliikenne_2021.2762,2762,POINT (607320.0102 6947909.1619),2021,10,09.00-09.59,2,8,1,0,0,0,0,0,0,607320.0102,6947909.1619
tieliikenne_2021.2763,2763,POINT (533690.6819 6974803.878),2021,10,19.00-19.59,2,1,1,0,0,1,0,0,0,533690.6819,6974803.878
tieliikenne_2021.2764,2764,POINT (598675.0332 6861264.0794),2021,9,18.00-18.59,2,4,1,0,0,1,0,0,0,598675.0332,6861264.0794
tieliikenne_2021.2765,2765,POINT (517307.8588 7027086.0563),2021,10,10.00-10.59,2,7,1,0,1,0,0,0,0,517307.8588,7027086.0563
tieliikenne_2021.2766,2766,POINT (480083.0771 6821374.6479),2021,10,13.00-13.59,2,8,1,0,0,0,0,0,0,480083.0771,6821374.6479
tieliikenne_2021.2767,2767,POINT (532962.443 6974040.3867),2021,10,09.00-09.59,2,0,2,0,0,0,0,0,0,532962.443,6974040.3867
tieliikenne_2021.2768,2768,POINT (509022.2848 7052118.7743),2021,10,05.00-05.59,2,3,2,0,0,0,0,0,0,509022.2848,7052118.7743
tieliikenne_2021.2769,2769,POINT (508921.0142 6835514.2821),2021,10,11.00-11.59,2,8,1,0,0,0,0,0,0,508921.0142,6835514.2821
tieliikenne_2021.2770,2770,POINT (490221.8789 7011006.0276),2021,10,12.00-12.59,2,8,1,0,0,0,0,0,0,490221.8789,7011006.0276
tieliikenne_2021.2771,2771,POINT (568016.0772 6882420.7562),2021,10,09.00-09.59,1,7,0,1,1,0,0,0,0,568016.0772,6882420.7562
tieliikenne_2021.2772,2772,POINT (639940.7222 6943822.7567),2021,10,19.00-19.59,2,8,1,0,0,0,0,0,0,639940.7222,6943822.7567
tieliikenne_2021.2773,2773,POINT (640938.9322 6943853.4291),2021,10,07.00-07.59,3,3,1,0,0,0,1,0,0,640938.9322,6943853.4291
tieliikenne_2021.2774,2774,POINT (644566.128 6943069.6917),2021,10,07.00-07.59,2,0,1,1,0,0,0,0,0,644566.128,6943069.6917
tieliikenne_2021.2775,2775,POINT (642117.0361 6947194.3083),2021,10,10.00-10.59,2,5,1,0,0,1,0,0,0,642117.0361,6947194.3083
tieliikenne_2021.2776,2776,POINT (643524.141 6945501.758),2021,10,15.00-15.59,2,7,0,0,1,1,0,0,0,643524.141,6945501.758
tieliikenne_2021.2777,2777,POINT (642438.9605 6944220.86),2021,10,22.00-22.59,3,7,1,0,1,0,0,0,0,642438.9605,6944220.86
tieliikenne_2021.2778,2778,POINT (508741.7769 7049630.0718),2021,10,17.00-17.59,2,5,1,0,0,1,0,0,0,508741.7769,7049630.0718
tieliikenne_2021.2779,2779,POINT (487312.9874 7012522.3879),2021,11,14.00-14.59,2,1,1,0,0,1,0,0,0,487312.9874,7012522.3879
tieliikenne_2021.2780,2780,POINT (643879.523 6944225.7358),2021,11,16.00-16.59,2,4,1,0,0,1,0,0,0,643879.523,6944225.7358
tieliikenne_2021.2781,2781,POINT (534073.1854 6973734.4918),2021,11,11.00-11.59,2,3,1,0,0,0,0,1,0,534073.1854,6973734.4918
tieliikenne_2021.2782,2782,POINT (534497.2331 6973143.4991),2021,11,19.00-19.59,3,6,1,0,1,0,0,0,0,534497.2331,6973143.4991
tieliikenne_2021.2783,2783,POINT (518771.3454 7067991.5461),2021,11,16.00-16.59,2,1,3,0,0,0,0,0,0,518771.3454,7067991.5461
tieliikenne_2021.2784,2784,POINT (619730.3687 6866363.6286),2021,11,08.00-08.59,2,9,1,0,0,1,0,0,0,619730.3687,6866363.6286
tieliikenne_2021.2785,2785,POINT (619829.6274 6867445.6507),2021,11,17.00-17.59,2,6,1,0,2,0,0,0,0,619829.6274,6867445.6507
tieliikenne_2021.2786,2786,POINT (546279.1688 6910680.9861),2021,11,11.00-11.59,2,4,1,1,0,0,0,0,0,546279.1688,6910680.9861
tieliikenne_2021.2787,2787,POINT (492318.1308 6821439.9587),2021,11,17.00-17.59,2,8,1,0,0,0,0,0,0,492318.1308,6821439.9587
tieliikenne_2021.2788,2788,POINT (509343.2344 7048350.4818),2021,11,23.00-23.59,2,8,1,0,0,0,0,0,0,509343.2344,7048350.4818
tieliikenne_2021.2789,2789,POINT (468060.999 7049958.144),2021,11,19.00-19.59,2,8,1,0,0,0,0,0,0,468060.999,7049958.144
tieliikenne_2021.2790,2790,POINT (505753.8596 6943858.6397),2021,11,03.00-03.59,2,8,1,0,0,0,0,0,0,505753.8596,6943858.6397
tieliikenne_2021.2791,2791,POINT (468931.4859 6997445.8028),2021,11,05.00-05.59,2,8,1,0,0,0,0,0,0,468931.4859,6997445.8028
tieliikenne_2021.2792,2792,POINT (519369.6843 6840246.4549),2021,11,07.00-07.59,2,2,1,0,0,0,1,0,0,519369.6843,6840246.4549
tieliikenne_2021.2793,2793,POINT (555426.1023 7003592.2749),2021,11,09.00-09.59,2,8,0,1,0,0,0,0,0,555426.1023,7003592.2749
tieliikenne_2021.2794,2794,POINT (539453.8126 6907118.6684),2021,11,12.00-12.59,2,2,1,1,0,0,0,0,0,539453.8126,6907118.6684
tieliikenne_2021.2795,2795,POINT (532938.0361 6967134.3534),2021,11,15.00-15.59,2,1,1,0,0,1,0,0,0,532938.0361,6967134.3534
tieliikenne_2021.2796,2796,POINT (549956.9767 6908110.0335),2021,11,07.00-07.59,2,8,1,0,0,0,0,0,0,549956.9767,6908110.0335
tieliikenne_2021.2797,2797,POINT (602063.2936 6860787.249),2021,11,16.00-16.59,2,2,2,0,0,0,0,0,0,602063.2936,6860787.249
tieliikenne_2021.2798,2798,POINT (511694.9851 6840297.8681),2021,11,06.00-06.59,2,1,1,0,0,1,0,0,0,511694.9851,6840297.8681
tieliikenne_2021.2799,2799,POINT (514434.9043 6838988.3539),2021,11,19.00-19.59,2,6,1,0,1,0,0,0,0,514434.9043,6838988.3539
tieliikenne_2021.2800,2800,POINT (531342.47 6986712.906),2021,11,13.00-13.59,2,8,1,0,0,0,0,0,0,531342.47,6986712.906
tieliikenne_2021.2801,2801,POINT (532262.0239 6966647.9527),2021,11,20.00-20.59,1,8,1,0,0,0,0,0,0,532262.0239,6966647.9527
tieliikenne_2021.2802,2802,POINT (544298.6281 6910118.5592),2021,11,22.00-22.59,2,8,1,0,0,0,0,0,0,544298.6281,6910118.5592
tieliikenne_2021.2803,2803,POINT (541263.826 6907457.3922),2021,11,09.00-09.59,1,8,1,0,0,0,0,0,0,541263.826,6907457.3922
tieliikenne_2021.2804,2804,POINT (512917.4598 6840308.6133),2021,11,11.00-11.59,2,4,2,0,0,0,0,0,0,512917.4598,6840308.6133
tieliikenne_2021.2805,2805,POINT (510572.5564 6929137.7069),2021,11,17.00-17.59,2,8,1,0,0,0,0,0,0,510572.5564,6929137.7069
tieliikenne_2021.2806,2806,POINT (488032.8674 6813320.5649),2021,11,17.00-17.59,2,8,1,0,0,0,0,0,0,488032.8674,6813320.5649
tieliikenne_2021.2807,2807,POINT (595706.3589 6861892.2828),2021,11,00.00-00.59,2,5,2,0,0,0,0,0,0,595706.3589,6861892.2828
tieliikenne_2021.2808,2808,POINT (648558.0987 6881810.1516),2021,11,13.00-13.59,2,2,2,0,0,0,0,0,0,648558.0987,6881810.1516
tieliikenne_2021.2809,2809,POINT (516477.5018 7044858.9699),2021,11,21.00-21.59,2,8,1,0,0,0,0,0,0,516477.5018,7044858.9699
tieliikenne_2021.2810,2810,POINT (512240.1071 6900744.89),2021,11,12.00-12.59,2,0,1,1,0,0,0,0,0,512240.1071,6900744.89
tieliikenne_2021.2811,2811,POINT (511937.5 6885601.8261),2021,11,12.00-12.59,3,0,2,1,0,0,0,0,0,511937.5,6885601.8261
tieliikenne_2021.2812,2812,POINT (480850.9045 6873212.5831),2021,11,15.00-15.59,2,4,2,0,0,0,0,0,0,480850.9045,6873212.5831
tieliikenne_2021.2813,2813,POINT (532744.3721 6995323.9206),2021,11,16.00-16.59,3,3,0,3,0,0,0,0,0,532744.3721,6995323.9206
tieliikenne_2021.2814,2814,POINT (514388.8012 6838746.3249),2021,11,18.00-18.59,2,0,2,0,0,0,0,0,0,514388.8012,6838746.3249
tieliikenne_2021.2815,2815,POINT (508071.4658 6945804.3146),2021,11,19.00-19.59,3,8,1,0,0,0,0,0,0,508071.4658,6945804.3146
tieliikenne_2021.2816,2816,POINT (546956.1347 6862838.5506),2021,12,11.00-11.59,2,0,2,0,0,0,0,0,0,546956.1347,6862838.5506
tieliikenne_2021.2817,2817,POINT (643287.3065 6947252.9759),2021,12,07.00-07.59,2,0,2,0,0,0,0,0,0,643287.3065,6947252.9759
tieliikenne_2021.2818,2818,POINT (514200.641 6839279.2294),2021,12,08.00-08.59,2,4,2,0,0,0,0,0,0,514200.641,6839279.2294
tieliikenne_2021.2819,2819,POINT (516413.0142 6853648.1194),2021,12,08.00-08.59,2,8,1,0,0,0,0,0,0,516413.0142,6853648.1194
tieliikenne_2021.2820,2820,POINT (495584.9798 6942848.9904),2021,12,12.00-12.59,1,2,2,0,0,0,0,0,0,495584.9798,6942848.9904
tieliikenne_2021.2821,2821,POINT (504842.9896 6942806.0819),2021,12,02.00-02.59,2,8,1,0,0,0,0,0,0,504842.9896,6942806.0819
tieliikenne_2021.2822,2822,POINT (511611.4516 6836644.0938),2021,12,06.00-06.59,2,8,1,0,0,0,0,0,0,511611.4516,6836644.0938
tieliikenne_2021.2823,2823,POINT (512986.0639 6839015.9619),2021,12,07.00-07.59,2,0,1,0,0,1,0,0,0,512986.0639,6839015.9619
tieliikenne_2021.2824,2824,POINT (520144.4127 7056559.196),2021,12,23.00-23.59,1,8,1,0,0,0,0,0,0,520144.4127,7056559.196
tieliikenne_2021.2825,2825,POINT (529669.2164 6959290.3953),2021,12,03.00-03.59,3,0,0,2,0,0,0,0,0,529669.2164,6959290.3953
tieliikenne_2021.2826,2826,POINT (544793.9396 6907713.0973),2021,12,17.00-17.59,2,0,3,0,0,0,0,0,0,544793.9396,6907713.0973
tieliikenne_2021.2827,2827,POINT (534726.1273 6974012.9028),2021,12,12.00-12.59,2,7,0,1,1,0,0,0,0,534726.1273,6974012.9028
tieliikenne_2021.2828,2828,POINT (513181.1974 6819684.2625),2021,12,17.00-17.59,2,5,1,0,0,0,1,0,0,513181.1974,6819684.2625
tieliikenne_2021.2829,2829,POINT (625349.2476 6850238.6713),2021,12,16.00-16.59,3,2,2,0,0,0,0,0,0,625349.2476,6850238.6713
tieliikenne_2021.2830,2830,POINT (536937.1327 6996616.3137),2021,12,01.00-01.59,2,9,1,0,0,0,0,0,0,536937.1327,6996616.3137
tieliikenne_2021.2831,2831,POINT (575900.0742 6965168.0987),2021,12,15.00-15.59,2,3,2,0,0,0,0,0,0,575900.0742,6965168.0987
tieliikenne_2021.2832,2832,POINT (496314.2041 6976233.7263),2021,12,16.00-16.59,2,7,1,0,1,0,0,0,0,496314.2041,6976233.7263
tieliikenne_2021.2833,2833,POINT (589069.8318 7034874.9613),2021,12,06.00-06.59,2,2,1,1,0,0,0,0,0,589069.8318,7034874.9613
tieliikenne_2021.2834,2834,POINT (541986.3204 6914474.252),2021,12,02.00-02.59,3,2,1,1,0,0,0,0,0,541986.3204,6914474.252
tieliikenne_2021.2835,2835,POINT (543361.6247 6908776.8538),2021,12,19.00-19.59,2,5,2,0,0,0,0,0,0,543361.6247,6908776.8538
tieliikenne_2021.2836,2836,POINT (512174.6132 6838670.7472),2021,12,07.00-07.59,2,1,1,0,0,1,0,0,0,512174.6132,6838670.7472
tieliikenne_2021.2837,2837,POINT (532919.1209 6967144.2269),2021,12,07.00-07.59,2,0,2,0,0,0,0,0,0,532919.1209,6967144.2269
tieliikenne_2021.2838,2838,POINT (499426.1485 7067868.4765),2021,12,17.00-17.59,2,2,2,0,0,0,0,0,0,499426.1485,7067868.4765
tieliikenne_2021.2839,2839,POINT (548598.8896 6907997.9979),2021,12,22.00-22.59,2,3,1,1,0,0,0,0,0,548598.8896,6907997.9979
tieliikenne_2021.2840,2840,POINT (513821.7594 7059437.3598),2021,12,06.00-06.59,2,0,2,0,0,0,0,0,0,513821.7594,7059437.3598
tieliikenne_2021.2841,2841,POINT (445607.9056 7077236.6739),2021,1,17.00-17.59,2,0,3,0,0,0,0,0,1,445607.9056,7077236.6739
tieliikenne_2021.2842,2842,POINT (597691.6257 7320820.4181),2021,1,12.00-12.59,2,0,3,0,0,0,0,0,0,597691.6257,7320820.4181
tieliikenne_2021.2843,2843,POINT (434523.8636 7213819.4072),2021,1,04.00-04.59,2,8,1,0,0,0,0,0,0,434523.8636,7213819.4072
tieliikenne_2021.2844,2844,POINT (427221.8441 7095057.9531),2021,1,05.00-05.59,2,2,1,1,0,0,0,0,0,427221.8441,7095057.9531
tieliikenne_2021.2845,2845,POINT (623494.6145 7113479.2371),2021,1,09.00-09.59,3,9,1,0,1,0,0,0,0,623494.6145,7113479.2371
tieliikenne_2021.2846,2846,POINT (596385.7398 7199048.8932),2021,1,17.00-17.59,2,9,1,1,0,0,0,0,0,596385.7398,7199048.8932
tieliikenne_2021.2847,2847,POINT (535440.5626 7193815.7593),2021,1,04.00-04.59,2,8,1,0,0,0,0,0,0,535440.5626,7193815.7593
tieliikenne_2021.2848,2848,POINT (421735.6395 7188073.5199),2021,1,11.00-11.59,2,8,1,0,0,0,0,0,0,421735.6395,7188073.5199
tieliikenne_2021.2849,2849,POINT (377616.4929 7095352.7958),2021,1,14.00-14.59,2,1,1,1,0,0,0,0,0,377616.4929,7095352.7958
tieliikenne_2021.2850,2850,POINT (486311.708 7257183.0501),2021,1,13.00-13.59,3,2,1,1,0,0,0,0,0,486311.708,7257183.0501
tieliikenne_2021.2851,2851,POINT (366101.9373 7150046.4663),2021,1,11.00-11.59,3,0,2,1,0,0,0,0,0,366101.9373,7150046.4663
tieliikenne_2021.2852,2852,POINT (394485.7946 7123783.3005),2021,1,14.00-14.59,3,3,6,0,0,0,0,0,0,394485.7946,7123783.3005
tieliikenne_2021.2853,2853,POINT (549409.0773 7112586.4361),2021,1,13.00-13.59,1,2,2,0,0,0,0,0,0,549409.0773,7112586.4361
tieliikenne_2021.2854,2854,POINT (429625.0333 7201297.6524),2021,1,13.00-13.59,2,0,2,1,0,0,0,0,0,429625.0333,7201297.6524
tieliikenne_2021.2855,2855,POINT (427471.1094 7208939.7477),2021,1,20.00-20.59,2,3,1,1,0,0,0,0,0,427471.1094,7208939.7477
tieliikenne_2021.2856,2856,POINT (570767.9101 7288750.0215),2021,1,11.00-11.59,2,0,2,0,0,0,0,0,0,570767.9101,7288750.0215
tieliikenne_2021.2857,2857,POINT (419594.1812 7268491.164),2021,1,15.00-15.59,2,8,0,0,0,0,0,0,1,419594.1812,7268491.164
tieliikenne_2021.2858,2858,POINT (428440.0129 7207629.1016),2021,1,15.00-15.59,2,0,2,0,0,0,0,0,0,428440.0129,7207629.1016
tieliikenne_2021.2859,2859,POINT (467359.7385 7140351.1229),2021,1,10.00-10.59,1,2,1,1,0,0,0,0,0,467359.7385,7140351.1229
tieliikenne_2021.2860,2860,POINT (426609.0407 7216010.238),2021,1,09.00-09.59,2,4,2,0,0,0,0,0,0,426609.0407,7216010.238
tieliikenne_2021.2861,2861,POINT (428839.1552 7187394.9577),2021,2,07.00-07.59,2,8,1,0,0,0,0,0,0,428839.1552,7187394.9577
tieliikenne_2021.2862,2862,POINT (531092.4414 7129829.1161),2021,2,14.00-14.59,3,8,1,0,0,0,0,0,0,531092.4414,7129829.1161
tieliikenne_2021.2863,2863,POINT (424506.3953 7203773.9475),2021,2,14.00-14.59,2,0,3,0,0,0,0,0,0,424506.3953,7203773.9475
tieliikenne_2021.2864,2864,POINT (428621.9925 7213417.1897),2021,2,02.00-02.59,2,8,1,0,0,0,0,0,0,428621.9925,7213417.1897
tieliikenne_2021.2865,2865,POINT (435415.6576 7090800.3692),2021,2,14.00-14.59,2,2,1,1,0,0,0,0,0,435415.6576,7090800.3692
tieliikenne_2021.2866,2866,POINT (588964.1331 7306813.5305),2021,2,14.00-14.59,1,0,1,2,0,0,0,0,0,588964.1331,7306813.5305
tieliikenne_2021.2867,2867,POINT (442163.5082 7089544.6518),2021,4,10.00-10.59,2,9,1,0,0,0,0,0,0,442163.5082,7089544.6518
tieliikenne_2021.2868,2868,POINT (496541.6609 7123299.7553),2021,4,20.00-20.59,2,9,1,0,0,0,0,0,0,496541.6609,7123299.7553
tieliikenne_2021.2869,2869,POINT (380169.8258 7108354.2735),2021,2,08.00-08.59,2,4,0,1,0,1,0,0,0,380169.8258,7108354.2735
tieliikenne_2021.2870,2870,POINT (426998.1399 7217784.182),2021,2,10.00-10.59,2,0,2,0,0,0,0,0,0,426998.1399,7217784.182
tieliikenne_2021.2871,2871,POINT (474109.9978 7179644.1134),2021,2,15.00-15.59,2,0,1,1,0,0,0,0,0,474109.9978,7179644.1134
tieliikenne_2021.2872,2872,POINT (341202.936 7120252.9202),2021,2,18.00-18.59,2,2,1,1,0,0,0,0,0,341202.936,7120252.9202
tieliikenne_2021.2873,2873,POINT (445183.7164 7133731.0176),2021,3,21.00-21.59,1,2,1,1,0,0,0,0,0,445183.7164,7133731.0176
tieliikenne_2021.2874,2874,POINT (359093.8165 7144766.8649),2021,6,05.00-05.59,2,9,1,0,0,0,0,0,0,359093.8165,7144766.8649
tieliikenne_2021.2875,2875,POINT (429094.9081 7209505.4397),2021,3,15.00-15.59,2,4,2,0,0,0,0,0,0,429094.9081,7209505.4397
tieliikenne_2021.2876,2876,POINT (535523.7648 7121207.9819),2021,3,10.00-10.59,2,2,2,0,0,0,0,0,0,535523.7648,7121207.9819
tieliikenne_2021.2877,2877,POINT (442572.8743 7058464.5643),2021,3,23.00-23.59,1,2,1,1,0,0,0,0,0,442572.8743,7058464.5643
tieliikenne_2021.2878,2878,POINT (523821.679 7274753.636),2021,6,16.00-16.59,3,9,0,0,0,0,0,1,0,523821.679,7274753.636
tieliikenne_2021.2879,2879,POINT (446371.3805 7064667.8492),2021,3,05.00-05.59,1,2,1,1,0,0,0,0,0,446371.3805,7064667.8492
tieliikenne_2021.2880,2880,POINT (448246.7661 7118406.3318),2021,3,08.00-08.59,2,8,1,0,0,0,0,0,0,448246.7661,7118406.3318
tieliikenne_2021.2881,2881,POINT (590717.9857 7195192.0056),2021,3,12.00-12.59,2,4,2,0,0,0,0,0,0,590717.9857,7195192.0056
tieliikenne_2021.2882,2882,POINT (420480.6038 7233618.4325),2021,3,20.00-20.59,2,4,2,0,1,0,0,0,0,420480.6038,7233618.4325
tieliikenne_2021.2883,2883,POINT (382833.413 7083750.48),2021,7,00.00-00.59,2,9,0,0,0,0,0,1,0,382833.413,7083750.48
tieliikenne_2021.2884,2884,POINT (434305.6737 7209558.0561),2021,3,08.00-08.59,2,5,1,0,0,1,0,0,0,434305.6737,7209558.0561
tieliikenne_2021.2885,2885,POINT (542449.6814 7141887.7354),2021,7,20.00-20.59,2,9,0,0,0,0,0,1,0,542449.6814,7141887.7354
tieliikenne_2021.2886,2886,POINT (595893.0597 7337224.3471),2021,7,16.00-16.59,2,9,0,0,0,0,0,1,0,595893.0597,7337224.3471
tieliikenne_2021.2887,2887,POINT (612751.8435 7117373.9816),2021,3,16.00-16.59,2,8,1,0,0,0,0,0,0,612751.8435,7117373.9816
tieliikenne_2021.2888,2888,POINT (603056.4789 7303200.7236),2021,8,17.00-17.59,2,9,1,0,0,0,0,0,0,603056.4789,7303200.7236
tieliikenne_2021.2889,2889,POINT (421196.4369 7105407.1676),2021,4,22.00-22.59,1,7,1,0,1,0,0,0,0,421196.4369,7105407.1676
tieliikenne_2021.2890,2890,POINT (483929.701 7235855.527),2021,8,22.00-22.59,2,9,0,0,0,0,0,1,0,483929.701,7235855.527
tieliikenne_2021.2891,2891,POINT (584567.6048 7204849.0668),2021,4,09.00-09.59,3,2,2,0,0,0,0,0,0,584567.6048,7204849.0668
tieliikenne_2021.2892,2892,POINT (379889.1185 7107905.1691),2021,4,14.00-14.59,2,7,0,0,1,1,0,0,0,379889.1185,7107905.1691
tieliikenne_2021.2893,2893,POINT (597909.9867 7320466.8108),2021,4,15.00-15.59,3,1,2,0,0,0,0,0,0,597909.9867,7320466.8108
tieliikenne_2021.2894,2894,POINT (449429.2243 7061983.0578),2021,4,15.00-15.59,2,9,1,0,1,0,0,0,0,449429.2243,7061983.0578
tieliikenne_2021.2895,2895,POINT (419723.5885 7112200.4876),2021,4,07.00-07.59,2,8,1,0,0,0,0,0,0,419723.5885,7112200.4876
tieliikenne_2021.2896,2896,POINT (399789.6914 7090156.3239),2021,4,16.00-16.59,2,4,1,0,0,1,0,0,0,399789.6914,7090156.3239
tieliikenne_2021.2897,2897,POINT (442976.8515 7222975.9072),2021,4,16.00-16.59,2,4,1,0,0,0,1,0,0,442976.8515,7222975.9072
tieliikenne_2021.2898,2898,POINT (439792.1726 7056310.1884),2021,9,19.00-19.59,2,9,1,0,0,0,0,0,0,439792.1726,7056310.1884
tieliikenne_2021.2899,2899,POINT (379040.052 7105572.4519),2021,4,13.00-13.59,2,9,1,0,0,0,0,0,0,379040.052,7105572.4519
tieliikenne_2021.2900,2900,POINT (538573.7803 7125457.8237),2021,9,06.00-06.59,2,9,0,0,0,0,1,0,0,538573.7803,7125457.8237
tieliikenne_2021.2901,2901,POINT (536911.9407 7120440.8424),2021,4,08.00-08.59,2,1,1,0,0,0,1,0,0,536911.9407,7120440.8424
tieliikenne_2021.2902,2902,POINT (488311.9951 7109491.1797),2021,9,14.00-14.59,2,9,1,0,0,0,0,0,0,488311.9951,7109491.1797
tieliikenne_2021.2903,2903,POINT (392468.8835 7161242.9712),2021,9,06.00-06.59,2,9,1,0,0,0,0,0,0,392468.8835,7161242.9712
tieliikenne_2021.2904,2904,POINT (430503.2195 7203450.0155),2021,4,22.00-22.59,2,0,0,0,0,0,2,0,0,430503.2195,7203450.0155
tieliikenne_2021.2905,2905,POINT (624505.3732 7112915.5485),2021,4,16.00-16.59,2,8,1,0,0,0,0,0,0,624505.3732,7112915.5485
tieliikenne_2021.2906,2906,POINT (536103.714 7119973.2517),2021,4,14.00-14.59,2,7,0,0,1,1,0,0,0,536103.714,7119973.2517
tieliikenne_2021.2907,2907,POINT (430829.789 7214929.136),2021,5,15.00-15.59,2,4,1,0,0,1,0,0,0,430829.789,7214929.136
tieliikenne_2021.2908,2908,POINT (425446.3065 7187254.7834),2021,5,10.00-10.59,2,5,1,1,0,0,0,0,0,425446.3065,7187254.7834
tieliikenne_2021.2909,2909,POINT (447901.0806 7191564.4318),2021,5,21.00-21.59,3,9,0,0,0,0,0,0,1,447901.0806,7191564.4318
tieliikenne_2021.2910,2910,POINT (561417.2885 7114066.1889),2021,5,06.00-06.59,1,1,1,0,0,1,0,0,0,561417.2885,7114066.1889
tieliikenne_2021.2911,2911,POINT (422985.1078 7205059.0319),2021,5,18.00-18.59,2,4,1,0,0,1,0,0,0,422985.1078,7205059.0319
tieliikenne_2021.2912,2912,POINT (421565.8705 7229563.2861),2021,5,07.00-07.59,2,4,1,0,0,1,0,0,0,421565.8705,7229563.2861
tieliikenne_2021.2913,2913,POINT (439400.4686 7221023.7124),2021,10,18.00-18.59,2,9,1,0,0,0,0,0,0,439400.4686,7221023.7124
tieliikenne_2021.2914,2914,POINT (347165.4608 7127688.4502),2021,5,02.00-02.59,2,8,1,0,0,0,0,0,0,347165.4608,7127688.4502
tieliikenne_2021.2915,2915,POINT (427252.236 7215540.884),2021,5,14.00-14.59,2,5,0,1,0,0,0,1,0,427252.236,7215540.884
tieliikenne_2021.2916,2916,POINT (598514.8369 7319866.267),2021,5,15.00-15.59,3,5,1,0,0,0,1,0,0,598514.8369,7319866.267
tieliikenne_2021.2917,2917,POINT (451610.9169 7196945.3861),2021,5,22.00-22.59,2,8,1,0,0,0,0,0,0,451610.9169,7196945.3861
tieliikenne_2021.2918,2918,POINT (372751.5221 7156065.9885),2021,11,17.00-17.59,2,9,1,0,0,0,0,0,0,372751.5221,7156065.9885
tieliikenne_2021.2919,2919,POINT (427383.0579 7095086.21),2021,5,17.00-17.59,3,8,1,0,0,0,0,0,0,427383.0579,7095086.21
tieliikenne_2021.2920,2920,POINT (552094.9991 7111532.7537),2021,5,17.00-17.59,2,0,2,0,0,0,0,0,0,552094.9991,7111532.7537
tieliikenne_2021.2921,2921,POINT (429639.2682 7210828.9661),2021,5,18.00-18.59,3,7,1,0,1,0,0,0,0,429639.2682,7210828.9661
tieliikenne_2021.2922,2922,POINT (535275.0567 7122452.3903),2021,5,11.00-11.59,2,0,2,0,0,0,0,0,0,535275.0567,7122452.3903
tieliikenne_2021.2923,2923,POINT (436646.9127 7159046.0213),2021,12,18.00-18.59,2,9,2,0,0,0,0,0,0,436646.9127,7159046.0213
tieliikenne_2021.2924,2924,POINT (428735.3641 7187955.0197),2021,5,10.00-10.59,1,2,1,1,0,0,0,0,0,428735.3641,7187955.0197
tieliikenne_2021.2925,2925,POINT (445253.5376 7060386.7797),2021,6,15.00-15.59,2,8,1,0,0,0,0,0,0,445253.5376,7060386.7797
tieliikenne_2021.2926,2926,POINT (408081.2276 7172778.6834),2021,6,22.00-22.59,2,8,1,0,0,0,0,0,0,408081.2276,7172778.6834
tieliikenne_2021.2927,2927,POINT (550488.1968 7138124.0819),2021,6,23.00-23.59,3,8,1,0,0,0,0,0,0,550488.1968,7138124.0819
tieliikenne_2021.2928,2928,POINT (421236.3445 7232970.2768),2021,6,08.00-08.59,2,4,1,0,0,1,0,0,0,421236.3445,7232970.2768
tieliikenne_2021.2929,2929,POINT (453805.7519 7187886.3473),2021,6,10.00-10.59,2,5,1,0,0,0,0,1,0,453805.7519,7187886.3473
tieliikenne_2021.2930,2930,POINT (366591.4031 7098312.3627),2021,6,13.00-13.59,2,3,2,0,0,0,0,0,0,366591.4031,7098312.3627
tieliikenne_2021.2931,2931,POINT (425204.1856 7217426.7239),2021,6,21.00-21.59,2,4,2,0,0,0,0,0,0,425204.1856,7217426.7239
tieliikenne_2021.2932,2932,POINT (372017.0629 7304111.1201),2021,6,22.00-22.59,1,3,1,0,0,0,0,1,0,372017.0629,7304111.1201
tieliikenne_2021.2933,2933,POINT (589244.1953 7215654.1348),2021,12,15.00-15.59,2,9,1,0,0,0,0,0,0,589244.1953,7215654.1348
tieliikenne_2021.2934,2934,POINT (445093.1778 7126961.9317),2021,6,17.00-17.59,2,3,2,0,0,0,0,0,0,445093.1778,7126961.9317
tieliikenne_2021.2935,2935,POINT (429847.764 7208987.765),2021,6,20.00-20.59,2,3,1,0,0,1,0,0,0,429847.764,7208987.765
tieliikenne_2021.2936,2936,POINT (451496.9876 7187775.6857),2021,6,02.00-02.59,2,8,0,0,0,0,0,1,0,451496.9876,7187775.6857
tieliikenne_2021.2937,2937,POINT (420273.8314 7189232.4563),2021,6,21.00-21.59,2,1,1,0,0,0,1,0,0,420273.8314,7189232.4563
tieliikenne_2021.2938,2938,POINT (367938.9435 7122726.5341),2021,6,22.00-22.59,2,8,1,0,0,0,0,0,0,367938.9435,7122726.5341
tieliikenne_2021.2939,2939,POINT (536485.9162 7119027.9582),2021,6,15.00-15.59,2,4,1,0,0,0,1,0,0,536485.9162,7119027.9582
tieliikenne_2021.2940,2940,POINT (440276.7559 7053510.8806),2021,12,16.00-16.59,2,9,1,0,0,0,0,0,0,440276.7559,7053510.8806
tieliikenne_2021.2941,2941,POINT (485903.1669 7146817.1065),2021,6,13.00-13.59,2,4,2,0,0,0,0,0,0,485903.1669,7146817.1065
tieliikenne_2021.2942,2942,POINT (440612.2945 7057065.1902),2021,6,06.00-06.59,1,2,1,1,0,0,0,0,0,440612.2945,7057065.1902
tieliikenne_2021.2943,2943,POINT (380396.3262 7175683.1741),2021,6,07.00-07.59,2,9,0,0,0,0,0,1,0,380396.3262,7175683.1741
tieliikenne_2021.2944,2944,POINT (428110.3668 7207671.0608),2021,6,15.00-15.59,2,0,3,0,0,0,0,0,0,428110.3668,7207671.0608
tieliikenne_2021.2945,2945,POINT (561928.341 7276656.5973),2021,6,15.00-15.59,3,1,3,0,0,0,0,0,0,561928.341,7276656.5973
tieliikenne_2021.2946,2946,POINT (423198.8052 7228988.6715),2021,6,20.00-20.59,2,0,1,0,0,0,1,0,0,423198.8052,7228988.6715
tieliikenne_2021.2947,2947,POINT (511628.6741 7297045.7592),2021,6,19.00-19.59,1,7,1,0,1,0,0,0,0,511628.6741,7297045.7592
tieliikenne_2021.2948,2948,POINT (537184.8659 7120214.066),2021,6,23.00-23.59,2,8,1,0,0,0,0,0,0,537184.8659,7120214.066
tieliikenne_2021.2949,2949,POINT (458625.7206 7212007.844),2021,6,13.00-13.59,2,0,0,0,0,0,2,0,0,458625.7206,7212007.844
tieliikenne_2021.2950,2950,POINT (381402.8043 7175249.3068),2021,6,17.00-17.59,3,7,1,0,1,0,0,0,0,381402.8043,7175249.3068
tieliikenne_2021.2951,2951,POINT (428762.222 7214282.393),2021,6,18.00-18.59,2,4,1,0,0,1,0,0,0,428762.222,7214282.393
tieliikenne_2021.2952,2952,POINT (424281.5654 7202619.4732),2021,6,04.00-04.59,2,8,1,0,0,0,0,0,0,424281.5654,7202619.4732
tieliikenne_2021.2953,2953,POINT (452603.3715 7187009.4245),2021,6,06.00-06.59,2,9,0,0,0,0,1,0,0,452603.3715,7187009.4245
tieliikenne_2021.2954,2954,POINT (561330.8198 7113869.6595),2021,6,06.00-06.59,2,8,0,0,0,0,0,1,0,561330.8198,7113869.6595
tieliikenne_2021.2955,2955,POINT (421927.2784 7229459.544),2021,5,12.00-12.59,2,4,1,0,0,1,0,0,0,421927.2784,7229459.544
tieliikenne_2021.2956,2956,POINT (424925.783 7201747.6888),2021,6,16.00-16.59,2,8,1,0,0,0,0,0,0,424925.783,7201747.6888
tieliikenne_2021.2957,2957,POINT (376529.0807 7166816.2047),2021,6,18.00-18.59,2,0,0,0,0,0,2,0,0,376529.0807,7166816.2047
tieliikenne_2021.2958,2958,POINT (429611.025 7216620.208),2021,6,21.00-21.59,2,5,1,0,0,0,0,0,1,429611.025,7216620.208
tieliikenne_2021.2959,2959,POINT (438681.8257 7092228.244),2021,6,11.00-11.59,2,9,0,0,0,1,0,0,0,438681.8257,7092228.244
tieliikenne_2021.2960,2960,POINT (567501.23 7112563.57),2021,6,11.00-11.59,2,4,1,0,0,1,0,0,0,567501.23,7112563.57
tieliikenne_2021.2961,2961,POINT (430079.2531 7203845.9235),2021,7,16.00-16.59,2,8,1,0,0,0,0,0,0,430079.2531,7203845.9235
tieliikenne_2021.2962,2962,POINT (429840.1135 7209051.3111),2021,7,09.00-09.59,2,0,2,0,0,0,0,0,0,429840.1135,7209051.3111
tieliikenne_2021.2963,2963,POINT (429908.7507 7165624.2783),2021,7,14.00-14.59,3,2,1,0,0,0,0,1,0,429908.7507,7165624.2783
tieliikenne_2021.2964,2964,POINT (460927.6978 7212161.6973),2021,7,19.00-19.59,2,8,1,0,0,0,0,0,0,460927.6978,7212161.6973
tieliikenne_2021.2965,2965,POINT (435540.6552 7165411.5356),2021,7,14.00-14.59,1,8,1,0,0,0,0,0,0,435540.6552,7165411.5356
tieliikenne_2021.2966,2966,POINT (554972.0155 7149631.4704),2021,7,14.00-14.59,3,8,0,0,0,0,0,1,0,554972.0155,7149631.4704
tieliikenne_2021.2967,2967,POINT (400700.908 7053666.1978),2021,7,13.00-13.59,2,0,2,0,0,0,0,0,0,400700.908,7053666.1978
tieliikenne_2021.2968,2968,POINT (395437.5567 7215623.254),2021,7,16.00-16.59,3,8,0,0,0,0,0,1,0,395437.5567,7215623.254
tieliikenne_2021.2969,2969,POINT (429987.7247 7205051.6109),2021,7,00.00-00.59,2,1,1,0,0,0,0,1,0,429987.7247,7205051.6109
tieliikenne_2021.2970,2970,POINT (542833.6708 7141827.394),2021,7,14.00-14.59,3,2,2,0,0,0,0,0,0,542833.6708,7141827.394
tieliikenne_2021.2971,2971,POINT (379939.0935 7174367.782),2021,7,22.00-22.59,2,4,2,0,0,0,0,0,0,379939.0935,7174367.782
tieliikenne_2021.2972,2972,POINT (533156.9676 7171698.3102),2021,7,23.00-23.59,1,8,1,0,0,0,0,0,0,533156.9676,7171698.3102
tieliikenne_2021.2973,2973,POINT (420212.5305 7112899.517),2021,7,12.00-12.59,2,1,0,0,0,1,0,0,1,420212.5305,7112899.517
tieliikenne_2021.2974,2974,POINT (430611.2658 7210212.0436),2021,7,20.00-20.59,2,4,1,0,0,1,0,0,0,430611.2658,7210212.0436
tieliikenne_2021.2975,2975,POINT (385541.0187 7164042.438),2021,7,19.00-19.59,2,0,1,0,0,0,1,0,0,385541.0187,7164042.438
tieliikenne_2021.2976,2976,POINT (436658.3655 7216829.5198),2021,7,16.00-16.59,3,8,0,0,0,0,1,0,0,436658.3655,7216829.5198
tieliikenne_2021.2977,2977,POINT (567172.9679 7092827.9085),2021,7,18.00-18.59,2,8,1,0,0,0,0,0,0,567172.9679,7092827.9085
tieliikenne_2021.2978,2978,POINT (382362.3129 7175915.1115),2021,7,13.00-13.59,2,9,1,0,0,0,1,0,0,382362.3129,7175915.1115
tieliikenne_2021.2979,2979,POINT (431136.982 7181713.3176),2021,7,01.00-01.59,2,2,2,1,0,0,0,0,0,431136.982,7181713.3176
tieliikenne_2021.2980,2980,POINT (584120.1016 7193970.5827),2021,7,18.00-18.59,3,8,1,0,0,0,0,0,0,584120.1016,7193970.5827
tieliikenne_2021.2981,2981,POINT (356902.8181 7122481.7523),2021,7,00.00-00.59,2,8,1,0,0,0,0,0,0,356902.8181,7122481.7523
tieliikenne_2021.2982,2982,POINT (429936.5855 7212332.7846),2021,7,17.00-17.59,2,0,3,0,0,0,0,0,0,429936.5855,7212332.7846
tieliikenne_2021.2983,2983,POINT (380364.9706 7175188.9865),2021,7,20.00-20.59,2,8,0,0,0,0,1,0,0,380364.9706,7175188.9865
tieliikenne_2021.2984,2984,POINT (636028.8478 7144667.9788),2021,7,09.00-09.59,1,8,0,0,0,0,0,1,0,636028.8478,7144667.9788
tieliikenne_2021.2985,2985,POINT (422735.1129 7179846.9869),2021,7,03.00-03.59,2,8,1,0,0,0,0,0,0,422735.1129,7179846.9869
tieliikenne_2021.2986,2986,POINT (435274.9205 7206790.2641),2021,7,04.00-04.59,2,8,1,0,0,0,0,0,0,435274.9205,7206790.2641
tieliikenne_2021.2987,2987,POINT (444479.4493 7127274.8324),2021,7,15.00-15.59,2,4,2,0,0,0,0,0,0,444479.4493,7127274.8324
tieliikenne_2021.2988,2988,POINT (427360.7865 7217844.1972),2021,7,22.00-22.59,2,8,0,0,0,0,0,1,0,427360.7865,7217844.1972
tieliikenne_2021.2989,2989,POINT (453832.1009 7204977.568),2021,8,08.00-08.59,2,8,1,0,0,0,0,0,0,453832.1009,7204977.568
tieliikenne_2021.2990,2990,POINT (499848.9692 7117457.262),2021,8,22.00-22.59,2,9,0,0,0,0,1,0,0,499848.9692,7117457.262
tieliikenne_2021.2991,2991,POINT (396534.7507 7169107.4439),2021,8,17.00-17.59,1,4,1,0,0,0,0,0,1,396534.7507,7169107.4439
tieliikenne_2021.2992,2992,POINT (444375.4464 7140192.8312),2021,8,07.00-07.59,2,8,1,0,0,0,0,0,0,444375.4464,7140192.8312
tieliikenne_2021.2993,2993,POINT (401175.9944 7089804.3276),2021,8,08.00-08.59,2,0,3,0,0,0,0,0,0,401175.9944,7089804.3276
tieliikenne_2021.2994,2994,POINT (477911.7012 7187783.423),2021,8,09.00-09.59,2,8,0,0,0,0,0,0,1,477911.7012,7187783.423
tieliikenne_2021.2995,2995,POINT (427420.139 7245099.2932),2021,8,16.00-16.59,2,5,1,0,0,1,0,0,0,427420.139,7245099.2932
tieliikenne_2021.2996,2996,POINT (430729.2793 7198762.6183),2021,8,10.00-10.59,3,8,1,0,0,0,0,0,0,430729.2793,7198762.6183
tieliikenne_2021.2997,2997,POINT (408916.3676 7156740.5636),2021,8,17.00-17.59,2,0,4,0,0,0,0,0,0,408916.3676,7156740.5636
tieliikenne_2021.2998,2998,POINT (537973.7832 7121951.0414),2021,8,09.00-09.59,2,4,1,0,0,0,0,1,0,537973.7832,7121951.0414
tieliikenne_2021.2999,2999,POINT (429249.9976 7216134.2303),2021,8,12.00-12.59,2,4,1,0,0,1,0,0,0,429249.9976,7216134.2303
tieliikenne_2021.3000,3000,POINT (596214.9608 7355641.5653),2021,8,15.00-15.59,3,4,2,0,0,0,0,0,0,596214.9608,7355641.5653
tieliikenne_2021.3001,3001,POINT (429311.5038 7217079.9321),2021,8,16.00-16.59,2,4,1,0,0,1,0,0,0,429311.5038,7217079.9321
tieliikenne_2021.3002,3002,POINT (381209.2354 7175933.3935),2021,8,14.00-14.59,2,3,1,0,0,1,0,0,0,381209.2354,7175933.3935
tieliikenne_2021.3003,3003,POINT (380892.7174 7175962.0457),2021,8,07.00-07.59,2,4,1,0,0,0,1,0,0,380892.7174,7175962.0457
tieliikenne_2021.3004,3004,POINT (557614.4538 7272927.3827),2021,8,08.00-08.59,3,7,1,0,1,0,0,0,0,557614.4538,7272927.3827
tieliikenne_2021.3005,3005,POINT (443492.8324 7142941.6231),2021,8,15.00-15.59,2,8,0,0,0,0,0,1,0,443492.8324,7142941.6231
tieliikenne_2021.3006,3006,POINT (432591.3435 7212207.2917),2021,8,08.00-08.59,2,8,0,0,0,0,1,0,0,432591.3435,7212207.2917
tieliikenne_2021.3007,3007,POINT (397372.6322 7088947.4543),2021,8,15.00-15.59,2,5,2,0,0,0,0,0,0,397372.6322,7088947.4543
tieliikenne_2021.3008,3008,POINT (434936.8782 7243671.9065),2021,8,00.00-00.59,2,8,1,0,0,0,0,0,0,434936.8782,7243671.9065
tieliikenne_2021.3009,3009,POINT (430417.6993 7211318.8027),2021,8,18.00-18.59,2,6,1,0,1,0,0,0,0,430417.6993,7211318.8027
tieliikenne_2021.3010,3010,POINT (535199.0415 7122494.8189),2021,8,11.00-11.59,2,0,3,0,0,0,0,0,0,535199.0415,7122494.8189
tieliikenne_2021.3011,3011,POINT (578401.958 7264227.4723),2021,8,15.00-15.59,2,0,0,0,0,0,0,2,0,578401.958,7264227.4723
tieliikenne_2021.3012,3012,POINT (429088.5311 7204068.6478),2021,8,16.00-16.59,2,0,3,0,0,0,0,0,0,429088.5311,7204068.6478
tieliikenne_2021.3013,3013,POINT (537088.0662 7142614.337),2021,8,10.00-10.59,1,4,1,0,0,0,0,0,1,537088.0662,7142614.337
tieliikenne_2021.3014,3014,POINT (452867.8602 7187064.3813),2021,8,10.00-10.59,1,8,1,0,0,0,0,0,0,452867.8602,7187064.3813
tieliikenne_2021.3015,3015,POINT (562485.0728 7113911.6169),2021,8,21.00-21.59,2,0,1,0,0,0,1,0,0,562485.0728,7113911.6169
tieliikenne_2021.3016,3016,POINT (417283.4851 7066046.2062),2021,8,01.00-01.59,3,8,1,0,0,0,0,0,0,417283.4851,7066046.2062
tieliikenne_2021.3017,3017,POINT (429797.8049 7209053.5446),2021,8,13.00-13.59,2,1,1,0,0,0,0,1,0,429797.8049,7209053.5446
tieliikenne_2021.3018,3018,POINT (431003.5252 7208265.5479),2021,9,21.00-21.59,2,0,2,0,0,0,0,0,0,431003.5252,7208265.5479
tieliikenne_2021.3019,3019,POINT (537072.1029 7123235.2547),2021,9,19.00-19.59,3,4,1,0,0,0,1,0,0,537072.1029,7123235.2547
tieliikenne_2021.3020,3020,POINT (468143.7651 7183378.7918),2021,9,05.00-05.59,1,8,1,0,0,0,0,0,0,468143.7651,7183378.7918
tieliikenne_2021.3021,3021,POINT (366604.7479 7098368.8266),2021,9,12.00-12.59,2,4,2,0,0,0,0,0,0,366604.7479,7098368.8266
tieliikenne_2021.3022,3022,POINT (428579.2575 7212399.4416),2021,9,07.00-07.59,2,0,6,0,0,0,0,0,0,428579.2575,7212399.4416
tieliikenne_2021.3023,3023,POINT (513489.2136 7154601.2521),2021,9,15.00-15.59,2,8,1,0,0,0,0,0,0,513489.2136,7154601.2521
tieliikenne_2021.3024,3024,POINT (449618.0008 7257948.767),2021,9,00.00-00.59,2,8,1,0,0,0,0,0,0,449618.0008,7257948.767
tieliikenne_2021.3025,3025,POINT (426690.4819 7213618.6011),2021,9,08.00-08.59,2,6,1,0,1,0,0,0,0,426690.4819,7213618.6011
tieliikenne_2021.3026,3026,POINT (616986.6435 7235165.5714),2021,9,05.00-05.59,2,8,1,0,0,0,0,0,0,616986.6435,7235165.5714
tieliikenne_2021.3027,3027,POINT (432282.7828 7203553.1775),2021,9,14.00-14.59,2,4,1,0,0,1,0,0,0,432282.7828,7203553.1775
tieliikenne_2021.3028,3028,POINT (377184.3671 7100938.1391),2021,9,01.00-01.59,2,8,1,0,0,0,0,0,0,377184.3671,7100938.1391
tieliikenne_2021.3029,3029,POINT (427410.2821 7214902.1177),2021,9,07.00-07.59,3,0,1,0,0,0,0,1,0,427410.2821,7214902.1177
tieliikenne_2021.3030,3030,POINT (436085.7796 7225701.9232),2021,9,17.00-17.59,2,3,1,0,0,0,1,0,0,436085.7796,7225701.9232
tieliikenne_2021.3031,3031,POINT (410805.5542 7181599.7724),2021,9,08.00-08.59,2,2,1,1,0,0,0,0,0,410805.5542,7181599.7724
tieliikenne_2021.3032,3032,POINT (442596.1975 7223553.6216),2021,9,06.00-06.59,2,1,1,0,0,0,0,1,0,442596.1975,7223553.6216
tieliikenne_2021.3033,3033,POINT (537493.638 7120759.2832),2021,9,20.00-20.59,3,4,1,0,0,1,0,0,0,537493.638,7120759.2832
tieliikenne_2021.3034,3034,POINT (392020.1066 7097226.8694),2021,9,00.00-00.59,2,0,1,0,0,0,1,0,0,392020.1066,7097226.8694
tieliikenne_2021.3035,3035,POINT (428925.1482 7214174.1963),2021,9,10.00-10.59,3,6,1,0,1,0,0,0,0,428925.1482,7214174.1963
tieliikenne_2021.3036,3036,POINT (457972.393 7212187.7847),2021,9,13.00-13.59,2,8,1,0,0,0,0,0,0,457972.393,7212187.7847
tieliikenne_2021.3037,3037,POINT (429857.0675 7208971.8683),2021,9,20.00-20.59,2,8,1,0,0,0,0,0,0,429857.0675,7208971.8683
tieliikenne_2021.3038,3038,POINT (424625.5157 7221311.5362),2021,9,12.00-12.59,2,1,1,0,0,0,1,0,0,424625.5157,7221311.5362
tieliikenne_2021.3039,3039,POINT (347002.1381 7127626.5965),2021,9,17.00-17.59,3,5,1,0,0,0,1,0,0,347002.1381,7127626.5965
tieliikenne_2021.3040,3040,POINT (515162.5946 7109558.3039),2021,10,14.00-14.59,2,8,1,0,0,0,0,0,0,515162.5946,7109558.3039
tieliikenne_2021.3041,3041,POINT (431035.6296 7198156.9344),2021,10,12.00-12.59,2,7,0,0,1,1,0,0,0,431035.6296,7198156.9344
tieliikenne_2021.3042,3042,POINT (452133.971 7061816.12),2021,10,11.00-11.59,1,7,0,1,1,0,0,0,0,452133.971,7061816.12
tieliikenne_2021.3043,3043,POINT (379878.9105 7174942.5808),2021,10,13.00-13.59,2,3,1,0,0,0,0,1,0,379878.9105,7174942.5808
tieliikenne_2021.3044,3044,POINT (491222.9624 7253898.8763),2021,10,13.00-13.59,3,2,1,1,0,0,0,0,0,491222.9624,7253898.8763
tieliikenne_2021.3045,3045,POINT (588884.4276 7108265.9664),2021,10,08.00-08.59,1,2,1,1,0,0,0,0,0,588884.4276,7108265.9664
tieliikenne_2021.3046,3046,POINT (431096.9275 7202678.993),2021,10,22.00-22.59,2,8,0,0,0,0,1,0,0,431096.9275,7202678.993
tieliikenne_2021.3047,3047,POINT (623323.7807 7113268.8765),2021,10,08.00-08.59,2,4,1,0,0,1,0,0,0,623323.7807,7113268.8765
tieliikenne_2021.3048,3048,POINT (376334.2324 7167506.4296),2021,10,12.00-12.59,1,4,1,0,0,1,0,0,0,376334.2324,7167506.4296
tieliikenne_2021.3049,3049,POINT (429455.2068 7208053.2027),2021,10,18.00-18.59,3,2,4,0,0,0,0,0,0,429455.2068,7208053.2027
tieliikenne_2021.3050,3050,POINT (431458.6073 7212159.0796),2021,10,01.00-01.59,2,4,1,0,0,1,0,0,0,431458.6073,7212159.0796
tieliikenne_2021.3051,3051,POINT (428849.1905 7209601.685),2021,10,08.00-08.59,1,1,0,1,0,1,0,0,0,428849.1905,7209601.685
tieliikenne_2021.3052,3052,POINT (428193.2327 7209178.1326),2021,10,15.00-15.59,2,1,1,0,0,1,0,0,0,428193.2327,7209178.1326
tieliikenne_2021.3053,3053,POINT (409931.1249 7170914.2165),2021,10,20.00-20.59,2,8,1,0,0,0,0,0,0,409931.1249,7170914.2165
tieliikenne_2021.3054,3054,POINT (368511.2592 7125934.9192),2021,10,02.00-02.59,2,8,1,0,0,0,0,0,0,368511.2592,7125934.9192
tieliikenne_2021.3055,3055,POINT (524856.0118 7113920.3809),2021,10,18.00-18.59,3,2,2,0,0,0,0,0,0,524856.0118,7113920.3809
tieliikenne_2021.3056,3056,POINT (452906.2487 7186821.9925),2021,10,15.00-15.59,2,1,1,0,0,0,1,0,0,452906.2487,7186821.9925
tieliikenne_2021.3057,3057,POINT (338898.4845 7115870.879),2021,10,06.00-06.59,3,2,2,0,0,0,0,0,0,338898.4845,7115870.879
tieliikenne_2021.3058,3058,POINT (425683.4202 7216670.9406),2021,10,19.00-19.59,2,6,1,0,1,0,0,0,0,425683.4202,7216670.9406
tieliikenne_2021.3059,3059,POINT (535533.9777 7122179.093),2021,10,21.00-21.59,2,1,1,0,0,0,1,0,0,535533.9777,7122179.093
tieliikenne_2021.3060,3060,POINT (597629.0516 7321577.4952),2021,10,11.00-11.59,2,5,3,0,0,0,0,0,0,597629.0516,7321577.4952
tieliikenne_2021.3061,3061,POINT (426494.4136 7214174.9866),2021,10,11.00-11.59,2,4,1,0,0,1,0,0,0,426494.4136,7214174.9866
tieliikenne_2021.3062,3062,POINT (486458.7128 7109485.788),2021,10,20.00-20.59,2,8,1,0,0,0,0,0,0,486458.7128,7109485.788
tieliikenne_2021.3063,3063,POINT (596214.5366 7355657.7038),2021,10,14.00-14.59,2,4,2,0,0,0,0,0,0,596214.5366,7355657.7038
tieliikenne_2021.3064,3064,POINT (429307.3781 7210575.6123),2021,10,11.00-11.59,2,4,1,0,0,1,0,0,0,429307.3781,7210575.6123
tieliikenne_2021.3065,3065,POINT (598271.2494 7316872.9412),2021,10,02.00-02.59,2,8,1,0,0,0,0,0,0,598271.2494,7316872.9412
tieliikenne_2021.3066,3066,POINT (428262.4274 7209861.4983),2021,11,11.00-11.59,2,4,1,0,0,1,0,0,0,428262.4274,7209861.4983
tieliikenne_2021.3067,3067,POINT (433928.0048 7183031.8401),2021,11,05.00-05.59,2,8,1,0,0,0,0,0,0,433928.0048,7183031.8401
tieliikenne_2021.3068,3068,POINT (380692.0726 7174351.711),2021,11,15.00-15.59,2,4,0,0,0,2,1,0,0,380692.0726,7174351.711
tieliikenne_2021.3069,3069,POINT (428140.6504 7210614.9172),2021,11,09.00-09.59,3,6,1,0,1,0,0,0,0,428140.6504,7210614.9172
tieliikenne_2021.3070,3070,POINT (598220.7363 7317838.6027),2021,11,14.00-14.59,2,4,1,0,0,1,0,0,0,598220.7363,7317838.6027
tieliikenne_2021.3071,3071,POINT (426494.4649 7214414.912),2021,11,15.00-15.59,2,5,1,0,0,1,0,0,0,426494.4649,7214414.912
tieliikenne_2021.3072,3072,POINT (455337.9425 7227715.6582),2021,11,20.00-20.59,3,8,0,1,0,0,0,0,0,455337.9425,7227715.6582
tieliikenne_2021.3073,3073,POINT (428463.6758 7207169.5215),2021,11,08.00-08.59,3,4,1,0,0,1,0,0,0,428463.6758,7207169.5215
tieliikenne_2021.3074,3074,POINT (425155.7915 7187141.7621),2021,11,18.00-18.59,2,4,2,0,0,0,0,0,0,425155.7915,7187141.7621
tieliikenne_2021.3075,3075,POINT (533690.6268 7124943.305),2021,11,19.00-19.59,2,5,2,0,0,0,0,0,0,533690.6268,7124943.305
tieliikenne_2021.3076,3076,POINT (415175.7526 7096266.1347),2021,11,06.00-06.59,2,8,1,0,0,0,0,0,0,415175.7526,7096266.1347
tieliikenne_2021.3077,3077,POINT (396421.7749 7086919.1163),2021,11,20.00-20.59,2,8,1,0,0,0,0,0,0,396421.7749,7086919.1163
tieliikenne_2021.3078,3078,POINT (598703.8691 7318437.9478),2021,11,17.00-17.59,2,6,1,0,1,0,0,0,0,598703.8691,7318437.9478
tieliikenne_2021.3079,3079,POINT (428440.0999 7212133.2931),2021,11,22.00-22.59,2,7,1,0,1,0,0,0,0,428440.0999,7212133.2931
tieliikenne_2021.3080,3080,POINT (537201.3796 7123165.9381),2021,11,02.00-02.59,2,8,0,0,0,0,0,0,1,537201.3796,7123165.9381
tieliikenne_2021.3081,3081,POINT (598264.1823 7316298.4835),2021,11,17.00-17.59,2,8,1,0,0,0,0,0,0,598264.1823,7316298.4835
tieliikenne_2021.3082,3082,POINT (558969.7879 7111507.5597),2021,11,17.00-17.59,2,8,1,0,0,0,0,0,0,558969.7879,7111507.5597
tieliikenne_2021.3083,3083,POINT (557389.9315 7110334.6148),2021,11,16.00-16.59,2,8,1,0,0,0,0,0,0,557389.9315,7110334.6148
tieliikenne_2021.3084,3084,POINT (428190.6745 7210684.8121),2021,11,02.00-02.59,2,4,1,0,0,1,0,0,0,428190.6745,7210684.8121
tieliikenne_2021.3085,3085,POINT (456107.224 7227938.6015),2021,11,09.00-09.59,1,7,0,1,1,0,0,0,0,456107.224,7227938.6015
tieliikenne_2021.3086,3086,POINT (426416.3404 7214748.6046),2021,11,16.00-16.59,2,0,2,0,0,0,0,0,0,426416.3404,7214748.6046
tieliikenne_2021.3087,3087,POINT (426881.4871 7202787.854),2021,11,07.00-07.59,1,4,0,1,0,0,0,1,0,426881.4871,7202787.854
tieliikenne_2021.3088,3088,POINT (445502.7485 7135258.1649),2021,11,11.00-11.59,1,2,1,1,0,0,0,0,0,445502.7485,7135258.1649
tieliikenne_2021.3089,3089,POINT (427399.7172 7214888.1856),2021,11,11.00-11.59,3,7,1,0,1,0,0,0,0,427399.7172,7214888.1856
tieliikenne_2021.3090,3090,POINT (428545.3482 7210834.0391),2021,11,16.00-16.59,3,6,1,0,1,0,0,0,0,428545.3482,7210834.0391
tieliikenne_2021.3091,3091,POINT (429884.999 7208983.9704),2021,12,10.00-10.59,2,4,1,0,0,1,0,0,0,429884.999,7208983.9704
tieliikenne_2021.3092,3092,POINT (419498.7536 7113888.1887),2021,12,16.00-16.59,2,0,2,0,0,0,0,0,0,419498.7536,7113888.1887
tieliikenne_2021.3093,3093,POINT (426895.8779 7215507.6838),2021,12,06.00-06.59,2,1,2,0,0,0,0,0,0,426895.8779,7215507.6838
tieliikenne_2021.3094,3094,POINT (429152.8791 7212835.2468),2021,12,01.00-01.59,2,8,1,0,0,0,0,0,0,429152.8791,7212835.2468
tieliikenne_2021.3095,3095,POINT (384899.3908 7175989.6203),2021,12,10.00-10.59,2,5,2,0,0,0,0,0,0,384899.3908,7175989.6203
tieliikenne_2021.3096,3096,POINT (426071.4491 7215339.1992),2021,12,14.00-14.59,2,7,1,0,1,0,0,0,0,426071.4491,7215339.1992
tieliikenne_2021.3097,3097,POINT (446905.2638 7186349.7304),2021,12,13.00-13.59,3,7,1,0,1,0,0,0,0,446905.2638,7186349.7304
tieliikenne_2021.3098,3098,POINT (431602.9882 7204826.938),2021,12,16.00-16.59,2,6,1,0,1,0,0,0,0,431602.9882,7204826.938
tieliikenne_2021.3099,3099,POINT (531377.077 7225953.6789),2021,12,10.00-10.59,2,2,1,1,0,0,0,0,0,531377.077,7225953.6789
tieliikenne_2021.3100,3100,POINT (438741.956 7188114.2672),2021,12,12.00-12.59,2,4,2,0,0,0,0,0,0,438741.956,7188114.2672
tieliikenne_2021.3101,3101,POINT (523111.0105 7239997.9091),2021,12,20.00-20.59,2,2,2,0,0,0,0,0,0,523111.0105,7239997.9091
tieliikenne_2021.3102,3102,POINT (411054.3092 7078597.6681),2021,12,23.00-23.59,2,8,1,0,0,0,0,0,0,411054.3092,7078597.6681
tieliikenne_2021.3103,3103,POINT (377965.3915 7545089.3802),2021,1,14.00-14.59,3,2,2,0,0,0,0,0,0,377965.3915,7545089.3802
tieliikenne_2021.3104,3104,POINT (370457.6883 7305502.1148),2021,1,23.00-23.59,1,8,1,0,0,0,0,0,0,370457.6883,7305502.1148
tieliikenne_2021.3105,3105,POINT (362013.477 7394806.3558),2021,1,14.00-14.59,1,1,1,1,0,0,0,0,0,362013.477,7394806.3558
tieliikenne_2021.3106,3106,POINT (475463.602 7434883.123),2021,1,11.00-11.59,2,1,2,0,0,0,0,0,0,475463.602,7434883.123
tieliikenne_2021.3107,3107,POINT (341169.7398 7575716.8236),2021,2,12.00-12.59,2,9,1,0,0,0,0,0,0,341169.7398,7575716.8236
tieliikenne_2021.3108,3108,POINT (351993.4667 7361231.2988),2021,2,03.00-03.59,3,8,1,0,0,0,0,0,0,351993.4667,7361231.2988
tieliikenne_2021.3109,3109,POINT (440133.9415 7374906.2041),2021,2,10.00-10.59,2,4,2,0,0,0,0,0,0,440133.9415,7374906.2041
tieliikenne_2021.3110,3110,POINT (432250.2762 7535664.609),2021,2,11.00-11.59,2,8,0,0,0,0,0,0,1,432250.2762,7535664.609
tieliikenne_2021.3111,3111,POINT (404053 7433781),2021,4,14.00-14.59,1,8,0,0,0,0,0,0,1,404053,7433781
tieliikenne_2021.3112,3112,POINT (427130.5549 7348762.448),2021,3,17.00-17.59,3,8,1,0,0,0,0,0,0,427130.5549,7348762.448
tieliikenne_2021.3113,3113,POINT (408069 7518782),2021,3,13.00-13.59,2,9,0,0,0,0,0,0,2,408069,7518782
tieliikenne_2021.3114,3114,POINT (412781 7525435),2021,3,15.00-15.59,2,8,0,0,0,0,0,0,1,412781,7525435
tieliikenne_2021.3115,3115,POINT (399125 7519980),2021,3,14.00-14.59,3,8,0,0,0,0,0,0,1,399125,7519980
tieliikenne_2021.3116,3116,POINT (389148.8073 7293516.9191),2021,3,17.00-17.59,2,3,3,0,0,0,0,0,0,389148.8073,7293516.9191
tieliikenne_2021.3117,3117,POINT (403371.0703 7511551.0159),2021,3,14.00-14.59,2,8,0,0,0,0,0,0,1,403371.0703,7511551.0159
tieliikenne_2021.3118,3118,POINT (412743.0145 7525232.0062),2021,3,10.00-10.59,2,1,0,0,0,0,0,0,2,412743.0145,7525232.0062
tieliikenne_2021.3119,3119,POINT (388737.2998 7292373.5308),2021,4,21.00-21.59,2,7,1,0,1,0,0,0,0,388737.2998,7292373.5308
tieliikenne_2021.3120,3120,POINT (360867.6438 7471066.0716),2021,6,10.00-10.59,2,8,0,0,0,0,0,0,1,360867.6438,7471066.0716
tieliikenne_2021.3121,3121,POINT (516434.5448 7630198.4062),2021,7,16.00-16.59,2,8,1,0,0,0,0,0,0,516434.5448,7630198.4062
tieliikenne_2021.3122,3122,POINT (483228.6124 7316431.6511),2021,7,21.00-21.59,2,9,1,0,0,0,0,0,0,483228.6124,7316431.6511
tieliikenne_2021.3123,3123,POINT (482294.2788 7478064.4245),2021,4,08.00-08.59,2,3,1,1,0,0,0,0,0,482294.2788,7478064.4245
tieliikenne_2021.3124,3124,POINT (519824.6232 7606827.0527),2021,7,17.00-17.59,2,8,0,1,0,0,0,0,0,519824.6232,7606827.0527
tieliikenne_2021.3125,3125,POINT (442634.1627 7376743.174),2021,4,15.00-15.59,2,5,1,0,0,0,1,0,0,442634.1627,7376743.174
tieliikenne_2021.3126,3126,POINT (388050.7032 7403471.07),2021,7,00.00-00.59,3,9,1,0,0,0,0,0,0,388050.7032,7403471.07
tieliikenne_2021.3127,3127,POINT (550675.0023 7330591.1198),2021,4,21.00-21.59,2,0,0,0,0,0,2,0,0,550675.0023,7330591.1198
tieliikenne_2021.3128,3128,POINT (377150.408 7539343.972),2021,5,07.00-07.59,2,8,0,1,0,0,0,0,0,377150.408,7539343.972
tieliikenne_2021.3129,3129,POINT (490992.8967 7397702.7202),2021,5,07.00-07.59,2,8,1,0,0,0,0,0,0,490992.8967,7397702.7202
tieliikenne_2021.3130,3130,POINT (441431.33 7375597.2738),2021,5,13.00-13.59,2,5,2,0,0,0,0,0,0,441431.33,7375597.2738
tieliikenne_2021.3131,3131,POINT (440780.5889 7377611.1405),2021,5,01.00-01.59,3,9,0,0,0,0,0,1,0,440780.5889,7377611.1405
tieliikenne_2021.3132,3132,POINT (453160.2116 7187108.4158),2021,5,09.00-09.59,2,0,2,0,0,0,0,0,0,453160.2116,7187108.4158
tieliikenne_2021.3133,3133,POINT (388676.243 7292656.914),2021,5,11.00-11.59,2,6,1,0,1,0,0,0,0,388676.243,7292656.914
tieliikenne_2021.3134,3134,POINT (404660.7435 7392892.1669),2021,9,07.00-07.59,3,9,1,0,0,0,0,0,0,404660.7435,7392892.1669
tieliikenne_2021.3135,3135,POINT (517413.517 7400242.3275),2021,5,15.00-15.59,2,9,1,0,0,0,0,0,0,517413.517,7400242.3275
tieliikenne_2021.3136,3136,POINT (371105.1512 7306008.5084),2021,5,10.00-10.59,3,5,2,0,0,0,0,0,0,371105.1512,7306008.5084
tieliikenne_2021.3137,3137,POINT (380587.3159 7464910.6848),2021,6,17.00-17.59,3,8,0,0,0,0,0,0,1,380587.3159,7464910.6848
tieliikenne_2021.3138,3138,POINT (518843.321 7399771.8047),2021,6,14.00-14.59,2,4,1,0,0,1,0,0,0,518843.321,7399771.8047
tieliikenne_2021.3139,3139,POINT (445917.9369 7379390.7081),2021,6,17.00-17.59,2,0,0,1,0,1,0,0,0,445917.9369,7379390.7081
tieliikenne_2021.3140,3140,POINT (464925.3768 7342568.4941),2021,6,16.00-16.59,2,2,2,0,0,0,0,0,0,464925.3768,7342568.4941
tieliikenne_2021.3141,3141,POINT (445974.9865 7374162.9289),2021,6,02.00-02.59,3,8,0,0,0,0,1,0,0,445974.9865,7374162.9289
tieliikenne_2021.3142,3142,POINT (357506.244 7529697.569),2021,6,09.00-09.59,3,8,1,0,0,0,0,0,0,357506.244,7529697.569
tieliikenne_2021.3143,3143,POINT (399590.3881 7330591.9099),2021,6,16.00-16.59,2,9,0,0,0,0,1,0,0,399590.3881,7330591.9099
tieliikenne_2021.3144,3144,POINT (358209.6567 7381700.3558),2021,7,19.00-19.59,2,1,2,0,0,0,0,0,0,358209.6567,7381700.3558
tieliikenne_2021.3145,3145,POINT (447755.3819 7379349.3573),2021,7,18.00-18.59,2,5,2,0,0,0,0,0,0,447755.3819,7379349.3573
tieliikenne_2021.3146,3146,POINT (389137.0284 7293492.2334),2021,7,20.00-20.59,2,5,0,0,0,1,1,0,0,389137.0284,7293492.2334
tieliikenne_2021.3147,3147,POINT (481525.3773 7309835.0493),2021,7,09.00-09.59,2,0,2,0,0,0,0,0,0,481525.3773,7309835.0493
tieliikenne_2021.3148,3148,POINT (436536.6873 7371357.5047),2021,7,19.00-19.59,2,3,0,0,0,0,2,0,0,436536.6873,7371357.5047
tieliikenne_2021.3149,3149,POINT (379716.8111 7302308.1661),2021,7,15.00-15.59,2,3,1,0,0,0,1,0,0,379716.8111,7302308.1661
tieliikenne_2021.3150,3150,POINT (408577.289 7520857.057),2021,7,00.00-00.59,3,8,1,0,0,0,0,0,0,408577.289,7520857.057
tieliikenne_2021.3151,3151,POINT (506122.2371 7566830.0812),2021,7,11.00-11.59,3,9,0,0,0,0,0,2,0,506122.2371,7566830.0812
tieliikenne_2021.3152,3152,POINT (537251.3143 7474163.1763),2021,7,17.00-17.59,2,8,1,0,0,0,0,0,0,537251.3143,7474163.1763
tieliikenne_2021.3153,3153,POINT (573206.3202 7425486.5998),2021,7,13.00-13.59,2,8,0,0,0,0,0,0,1,573206.3202,7425486.5998
tieliikenne_2021.3154,3154,POINT (369885.1136 7305362.4257),2021,7,14.00-14.59,2,0,1,0,0,0,0,1,0,369885.1136,7305362.4257
tieliikenne_2021.3155,3155,POINT (350786.4508 7359857.8188),2021,7,11.00-11.59,2,3,2,0,0,0,0,0,0,350786.4508,7359857.8188
tieliikenne_2021.3156,3156,POINT (481814.8625 7480916.459),2021,7,12.00-12.59,2,3,2,0,0,0,0,0,0,481814.8625,7480916.459
tieliikenne_2021.3157,3157,POINT (442117.3138 7377123.1672),2021,7,22.00-22.59,3,2,0,0,0,0,1,1,0,442117.3138,7377123.1672
tieliikenne_2021.3158,3158,POINT (363002.4261 7400718.5396),2021,7,18.00-18.59,2,8,1,0,0,0,0,0,0,363002.4261,7400718.5396
tieliikenne_2021.3159,3159,POINT (387830.5403 7292280.5814),2021,7,01.00-01.59,2,5,0,0,0,0,2,0,0,387830.5403,7292280.5814
tieliikenne_2021.3160,3160,POINT (517304.5254 7593423.9849),2021,8,06.00-06.59,2,8,0,0,0,0,0,1,0,517304.5254,7593423.9849
tieliikenne_2021.3161,3161,POINT (445914.5516 7379963.782),2021,8,14.00-14.59,2,2,1,1,0,0,0,0,0,445914.5516,7379963.782
tieliikenne_2021.3162,3162,POINT (488240.8473 7524999.4779),2021,8,15.00-15.59,2,1,2,0,0,0,0,0,0,488240.8473,7524999.4779
tieliikenne_2021.3163,3163,POINT (395051.6703 7499019.5593),2021,8,15.00-15.59,3,8,1,0,0,0,0,0,0,395051.6703,7499019.5593
tieliikenne_2021.3164,3164,POINT (443134.6131 7375941.0234),2021,8,19.00-19.59,2,4,1,0,0,1,0,0,0,443134.6131,7375941.0234
tieliikenne_2021.3165,3165,POINT (355740.2091 7346392.4568),2021,8,07.00-07.59,2,8,0,1,0,0,0,0,0,355740.2091,7346392.4568
tieliikenne_2021.3166,3166,POINT (442843.0289 7376456.7739),2021,8,12.00-12.59,2,5,1,0,0,0,0,1,0,442843.0289,7376456.7739
tieliikenne_2021.3167,3167,POINT (443766.0442 7376652.3596),2021,8,14.00-14.59,2,4,1,0,0,1,0,0,0,443766.0442,7376652.3596
tieliikenne_2021.3168,3168,POINT (570983.0922 7412861.4422),2021,8,15.00-15.59,2,2,2,0,0,0,0,0,0,570983.0922,7412861.4422
tieliikenne_2021.3169,3169,POINT (369429.2983 7451483.5292),2021,9,06.00-06.59,2,9,1,0,0,0,0,0,0,369429.2983,7451483.5292
tieliikenne_2021.3170,3170,POINT (393839.4259 7287476.7524),2021,9,17.00-17.59,2,0,3,0,0,0,0,0,0,393839.4259,7287476.7524
tieliikenne_2021.3171,3171,POINT (376354.7605 7307405.7558),2021,9,17.00-17.59,2,8,0,0,0,0,0,1,0,376354.7605,7307405.7558
tieliikenne_2021.3172,3172,POINT (369658.4432 7305634.6032),2021,9,13.00-13.59,2,4,2,0,0,0,0,0,0,369658.4432,7305634.6032
tieliikenne_2021.3173,3173,POINT (482735.9651 7477777.787),2021,9,09.00-09.59,2,5,2,0,0,0,0,0,0,482735.9651,7477777.787
tieliikenne_2021.3174,3174,POINT (444039.0825 7375677.8875),2021,9,13.00-13.59,2,2,1,0,0,1,0,0,0,444039.0825,7375677.8875
tieliikenne_2021.3175,3175,POINT (501202.571 7643966.4936),2021,9,17.00-17.59,2,9,0,1,1,0,0,0,0,501202.571,7643966.4936
tieliikenne_2021.3176,3176,POINT (347308.0942 7603495.0802),2021,10,23.00-23.59,2,8,0,0,0,0,0,0,1,347308.0942,7603495.0802
tieliikenne_2021.3177,3177,POINT (501098.5628 7657445.9801),2021,10,09.00-09.59,2,8,1,0,0,0,0,0,0,501098.5628,7657445.9801
tieliikenne_2021.3178,3178,POINT (384631.7966 7302443.6792),2021,10,07.00-07.59,2,0,2,0,0,0,0,0,0,384631.7966,7302443.6792
tieliikenne_2021.3179,3179,POINT (429221.1506 7423303.3166),2021,10,18.00-18.59,2,8,1,0,0,0,0,0,0,429221.1506,7423303.3166
tieliikenne_2021.3180,3180,POINT (445364.5686 7379860.0551),2021,10,03.00-03.59,2,8,0,0,0,0,0,0,1,445364.5686,7379860.0551
tieliikenne_2021.3181,3181,POINT (440536.5164 7377161.8446),2021,11,11.00-11.59,2,4,1,0,0,1,0,0,0,440536.5164,7377161.8446
tieliikenne_2021.3182,3182,POINT (360717.2205 7384927.3825),2021,11,13.00-13.59,2,2,2,0,0,0,0,0,0,360717.2205,7384927.3825
tieliikenne_2021.3183,3183,POINT (443494.9547 7376792.0305),2021,11,17.00-17.59,2,6,1,0,1,0,0,0,0,443494.9547,7376792.0305
tieliikenne_2021.3184,3184,POINT (386791.1122 7299291.7497),2021,11,17.00-17.59,2,6,1,0,1,0,0,0,0,386791.1122,7299291.7497
tieliikenne_2021.3185,3185,POINT (371169.3073 7431591.3221),2021,11,19.00-19.59,3,2,2,0,0,0,0,0,0,371169.3073,7431591.3221
tieliikenne_2021.3186,3186,POINT (362343.0448 7335366.1177),2021,11,15.00-15.59,2,8,1,0,0,0,0,0,0,362343.0448,7335366.1177
tieliikenne_2021.3187,3187,POINT (542583.1911 7348428.3078),2021,11,21.00-21.59,2,8,1,0,0,0,0,0,0,542583.1911,7348428.3078
tieliikenne_2021.3188,3188,POINT (391315.8966 7289590.4726),2021,11,03.00-03.59,2,8,1,0,0,0,0,0,0,391315.8966,7289590.4726
tieliikenne_2021.3189,3189,POINT (444980.1583 7375865.8147),2021,11,11.00-11.59,2,3,2,0,0,0,0,0,0,444980.1583,7375865.8147
tieliikenne_2021.3190,3190,POINT (442960.3721 7376112.9255),2021,11,19.00-19.59,2,6,1,0,1,0,0,0,0,442960.3721,7376112.9255
tieliikenne_2021.3191,3191,POINT (416975.9944 7339752.1224),2021,11,17.00-17.59,2,2,2,0,0,0,0,0,0,416975.9944,7339752.1224
tieliikenne_2021.3192,3192,POINT (465095.0028 7483595.3573),2021,12,03.00-03.59,2,8,1,0,0,0,0,0,0,465095.0028,7483595.3573
tieliikenne_2021.3193,3193,POINT (443145.7283 7376455.2691),2021,12,15.00-15.59,2,0,2,0,0,0,0,0,0,443145.7283,7376455.2691
tieliikenne_2021.3194,3194,POINT (511745.4726 7634844.7272),2021,12,14.00-14.59,2,8,1,0,0,0,0,0,0,511745.4726,7634844.7272
tieliikenne_2021.3195,3195,POINT (453371.6023 7383459.6647),2021,12,16.00-16.59,2,1,3,0,0,0,0,0,0,453371.6023,7383459.6647
tieliikenne_2021.3196,3196,POINT (499198.191 7400722.6325),2021,12,16.00-16.59,2,2,2,0,0,0,0,0,0,499198.191,7400722.6325
tieliikenne_2021.3197,3197,POINT (464234.8525 7418870.9845),2021,12,17.00-17.59,2,2,2,0,0,0,0,0,0,464234.8525,7418870.9845
tieliikenne_2021.3198,3198,POINT (379127.4681 7303902.6987),2021,12,01.00-01.59,2,8,1,0,0,0,0,0,0,379127.4681,7303902.6987
tieliikenne_2021.3199,3199,POINT (411506.8697 7495084.9929),2021,12,00.00-00.59,2,8,0,1,0,0,0,0,0,411506.8697,7495084.9929
tieliikenne_2021.3200,3200,POINT (386703.9731 7298975.294),2021,12,14.00-14.59,2,1,2,0,0,0,0,0,0,386703.9731,7298975.294
tieliikenne_2021.3201,3201,POINT (413098.1759 7519796.0641),2021,12,13.00-13.59,2,9,1,0,0,0,0,0,1,413098.1759,7519796.0641
tieliikenne_2021.3202,3202,POINT (369501 7538819),2021,12,14.00-14.59,1,8,0,0,0,0,0,0,1,369501,7538819
tieliikenne_2021.3203,3203,POINT (393197 7515966),2021,12,12.00-12.59,2,9,0,0,0,0,0,0,1,393197,7515966
tieliikenne_2021.3204,3204,POINT (390939.3407 7399282.9044),2021,12,11.00-11.59,2,8,1,0,0,0,0,0,0,390939.3407,7399282.9044
tieliikenne_2021.3205,3205,POINT (441636.9288 7375306.028),2021,12,10.00-10.59,2,3,2,0,0,0,0,0,0,441636.9288,7375306.028
tieliikenne_2021.3206,3206,POINT (388795.808 7295465.142),2021,12,14.00-14.59,2,0,3,0,0,0,0,0,0,388795.808,7295465.142
tieliikenne_2021.3207,3207,POINT (123350.18 6695155.4235),2021,1,15.00-15.59,2,8,1,0,0,0,0,0,0,123350.18,6695155.4235
tieliikenne_2021.3208,3208,POINT (112011.6298 6683472.0948),2021,1,07.00-07.59,2,8,1,0,0,0,0,0,0,112011.6298,6683472.0948
tieliikenne_2021.3209,3209,POINT (114090.9785 6698645.3252),2021,1,08.00-08.59,2,8,1,0,0,0,0,0,0,114090.9785,6698645.3252
tieliikenne_2021.3210,3210,POINT (118410.0114 6679458.3962),2021,1,07.00-07.59,2,8,1,0,0,0,0,0,0,118410.0114,6679458.3962
tieliikenne_2021.3211,3211,POINT (108039.6547 6683743.0089),2021,1,07.00-07.59,2,6,0,0,1,0,0,0,1,108039.6547,6683743.0089
tieliikenne_2021.3212,3212,POINT (128987.9295 6671952.1157),2021,2,13.00-13.59,3,8,1,0,0,0,0,0,0,128987.9295,6671952.1157
tieliikenne_2021.3213,3213,POINT (107668.7141 6684441.9953),2021,2,08.00-08.59,2,5,1,0,0,1,0,0,0,107668.7141,6684441.9953
tieliikenne_2021.3214,3214,POINT (116655.2727 6698325.8687),2021,2,17.00-17.59,2,8,1,0,0,0,0,0,0,116655.2727,6698325.8687
tieliikenne_2021.3215,3215,POINT (108204.6534 6683226.3126),2021,2,00.00-00.59,2,8,1,0,0,0,0,0,0,108204.6534,6683226.3126
tieliikenne_2021.3216,3216,POINT (100256.9011 6693041.7148),2021,3,20.00-20.59,2,8,1,0,0,0,0,0,0,100256.9011,6693041.7148
tieliikenne_2021.3217,3217,POINT (106896.8746 6686667.4906),2021,3,12.00-12.59,2,8,0,1,0,0,0,0,0,106896.8746,6686667.4906
tieliikenne_2021.3218,3218,POINT (108204.2841 6684176.2652),2021,3,20.00-20.59,2,1,1,0,0,0,0,1,0,108204.2841,6684176.2652
tieliikenne_2021.3219,3219,POINT (108793.472 6685150.5371),2021,4,14.00-14.59,2,1,2,0,0,0,0,0,0,108793.472,6685150.5371
tieliikenne_2021.3220,3220,POINT (126213.7515 6682821.9667),2021,4,03.00-03.59,2,8,1,0,0,0,0,0,0,126213.7515,6682821.9667
tieliikenne_2021.3221,3221,POINT (156372.0841 6695096.5732),2021,5,12.00-12.59,2,8,1,0,0,0,0,0,0,156372.0841,6695096.5732
tieliikenne_2021.3222,3222,POINT (107876.9905 6685115.1781),2021,5,14.00-14.59,2,0,1,0,0,0,0,1,0,107876.9905,6685115.1781
tieliikenne_2021.3223,3223,POINT (108095.6745 6688408.7233),2021,6,13.00-13.59,2,0,2,0,0,0,0,0,0,108095.6745,6688408.7233
tieliikenne_2021.3224,3224,POINT (106561.0365 6685122.9953),2021,7,23.00-23.59,2,8,0,0,0,0,0,1,0,106561.0365,6685122.9953
tieliikenne_2021.3225,3225,POINT (139365.2183 6672947.577),2021,7,16.00-16.59,2,8,1,0,0,0,0,0,0,139365.2183,6672947.577
tieliikenne_2021.3226,3226,POINT (106572.6089 6685236.7082),2021,8,16.00-16.59,2,5,1,0,0,1,0,0,0,106572.6089,6685236.7082
tieliikenne_2021.3227,3227,POINT (107920.2727 6683217.3806),2021,8,15.00-15.59,2,4,1,0,0,1,0,0,0,107920.2727,6683217.3806
tieliikenne_2021.3228,3228,POINT (121943.7357 6679430.3478),2021,9,00.00-00.59,1,8,1,0,0,0,0,0,0,121943.7357,6679430.3478
tieliikenne_2021.3229,3229,POINT (110530.9043 6707382.8452),2021,9,21.00-21.59,2,8,0,0,0,0,0,1,0,110530.9043,6707382.8452
tieliikenne_2021.3230,3230,POINT (108588.2341 6679848.3811),2021,9,15.00-15.59,2,8,0,1,0,0,0,0,0,108588.2341,6679848.3811
tieliikenne_2021.3231,3231,POINT (108063.9848 6682579.5036),2021,9,08.00-08.59,2,5,1,0,0,1,0,0,0,108063.9848,6682579.5036
tieliikenne_2021.3232,3232,POINT (107992.7254 6683540.1449),2021,9,14.00-14.59,2,8,1,0,0,0,0,0,0,107992.7254,6683540.1449
tieliikenne_2021.3233,3233,POINT (116624.6329 6701756.635),2021,9,17.00-17.59,2,1,2,0,0,0,0,0,0,116624.6329,6701756.635
tieliikenne_2021.3234,3234,POINT (108008.8662 6683540.5195),2021,9,08.00-08.59,2,4,1,0,0,1,0,0,0,108008.8662,6683540.5195
tieliikenne_2021.3235,3235,POINT (107837.3709 6686097.1069),2021,10,15.00-15.59,2,0,4,0,0,0,0,0,0,107837.3709,6686097.1069
tieliikenne_2021.3236,3236,POINT (108048.5389 6689707.4046),2021,10,12.00-12.59,2,5,1,0,0,1,0,0,0,108048.5389,6689707.4046
tieliikenne_2021.3237,3237,POINT (109691.5392 6692899.6134),2021,10,13.00-13.59,2,4,2,0,0,0,0,0,0,109691.5392,6692899.6134
tieliikenne_2021.3238,3238,POINT (160705.96 6658700.8529),2021,10,12.00-12.59,2,8,1,0,0,0,0,0,0,160705.96,6658700.8529
tieliikenne_2021.3239,3239,POINT (109958.1002 6710209.69),2021,11,07.00-07.59,2,8,1,0,0,0,0,0,0,109958.1002,6710209.69
tieliikenne_2021.3240,3240,POINT (108323.8671 6685962.5744),2021,11,09.00-09.59,2,0,1,0,0,0,0,1,0,108323.8671,6685962.5744
tieliikenne_2021.3241,3241,POINT (102417.1436 6688177.9166),2021,11,08.00-08.59,2,2,1,0,0,0,0,0,1,102417.1436,6688177.9166
tieliikenne_2021.3242,3242,POINT (107818.1835 6682474.9035),2021,12,21.00-21.59,2,4,1,0,0,1,0,0,0,107818.1835,6682474.9035
tieliikenne_2021.3243,3243,POINT (108005.852 6683159.2564),2021,12,13.00-13.59,2,7,1,0,1,0,0,0,0,108005.852,6683159.2564
