FID,id,geom,vvonn,kkonn,kello,vakav,onntyyppi,lkmhapa,lkmlaka,lkmjk,lkmpp,lkmmo,lkmmp,lkmmuukulk,x,y
tieliikenne_2016.1,1,POINT (384631.1342 6674248.5886),2016,1,12.00-12.59,2,3,2,0,0,0,0,0,0,384631.1342,6674248.5886
tieliikenne_2016.2,2,POINT (383484.9038 6674036.4432),2016,1,12.00-12.59,2,7,1,0,1,0,0,0,0,383484.9038,6674036.4432
tieliikenne_2016.3,3,POINT (381617.8347 6678234.5833),2016,1,00.00-00.59,2,8,1,0,0,0,0,0,0,381617.8347,6678234.5833
tieliikenne_2016.4,4,POINT (390989.639 6674587.2775),2016,1,10.00-10.59,2,5,2,0,0,0,0,0,0,390989.639,6674587.2775
tieliikenne_2016.5,5,POINT (387968.3293 6673797.4857),2016,1,06.00-06.59,2,1,1,0,0,1,0,0,0,387968.3293,6673797.4857
tieliikenne_2016.6,6,POINT (382871.9212 6671741.4091),2016,1,20.00-20.59,2,9,0,2,0,0,0,0,0,382871.9212,6671741.4091
tieliikenne_2016.7,7,POINT (387793.5796 6674420.2223),2016,1,11.00-11.59,2,7,1,0,1,0,0,0,0,387793.5796,6674420.2223
tieliikenne_2016.8,8,POINT (383844.9099 6674550.2651),2016,1,17.00-17.59,2,7,1,0,1,0,0,0,0,383844.9099,6674550.2651
tieliikenne_2016.9,9,POINT (393239.1459 6682391.566),2016,1,18.00-18.59,2,8,1,0,0,0,0,0,0,393239.1459,6682391.566
tieliikenne_2016.10,10,POINT (390993.1307 6684387.8499),2016,1,21.00-21.59,2,1,2,0,0,0,0,0,0,390993.1307,6684387.8499
tieliikenne_2016.11,11,POINT (384901.8085 6673272.6642),2016,1,13.00-13.59,2,1,2,0,0,0,0,0,0,384901.8085,6673272.6642
tieliikenne_2016.12,12,POINT (392249.8904 6680121.8647),2016,1,15.00-15.59,2,0,3,0,0,0,0,0,0,392249.8904,6680121.8647
tieliikenne_2016.13,13,POINT (390975.5627 6679882.8012),2016,1,14.00-14.59,2,2,2,0,0,0,0,0,0,390975.5627,6679882.8012
tieliikenne_2016.14,14,POINT (384034.301 6678661.3246),2016,1,19.00-19.59,2,0,3,1,0,0,0,0,0,384034.301,6678661.3246
tieliikenne_2016.15,15,POINT (385257.656 6677802.1965),2016,1,16.00-16.59,2,3,2,0,0,0,0,0,0,385257.656,6677802.1965
tieliikenne_2016.16,16,POINT (392611.7565 6675754.9393),2016,1,22.00-22.59,2,7,1,0,1,0,0,0,0,392611.7565,6675754.9393
tieliikenne_2016.17,17,POINT (385395.0769 6671935.3818),2016,1,18.00-18.59,2,0,2,0,0,0,0,0,0,385395.0769,6671935.3818
tieliikenne_2016.18,18,POINT (381052.2777 6680068.4528),2016,1,11.00-11.59,2,0,2,0,0,0,0,0,0,381052.2777,6680068.4528
tieliikenne_2016.19,19,POINT (393824.6679 6676223.7407),2016,1,16.00-16.59,2,6,1,0,1,0,0,0,0,393824.6679,6676223.7407
tieliikenne_2016.20,20,POINT (387022.7328 6675068.9537),2016,1,16.00-16.59,3,7,0,1,1,0,0,0,0,387022.7328,6675068.9537
tieliikenne_2016.21,21,POINT (384725.7411 6672832.9734),2016,1,10.00-10.59,2,0,2,0,0,0,0,0,0,384725.7411,6672832.9734
tieliikenne_2016.22,22,POINT (389618.4583 6678288.6318),2016,1,10.00-10.59,2,8,0,1,0,0,0,0,0,389618.4583,6678288.6318
tieliikenne_2016.23,23,POINT (395357.4415 6677622.0992),2016,1,08.00-08.59,2,0,1,1,0,0,0,0,0,395357.4415,6677622.0992
tieliikenne_2016.24,24,POINT (389767.5493 6681197.8446),2016,1,22.00-22.59,2,7,0,0,1,0,0,0,1,389767.5493,6681197.8446
tieliikenne_2016.25,25,POINT (384579.3889 6678829.5336),2016,2,17.00-17.59,2,1,1,0,0,1,0,0,0,384579.3889,6678829.5336
tieliikenne_2016.26,26,POINT (385234.3179 6671945.0835),2016,2,02.00-02.59,2,6,0,1,1,0,0,0,0,385234.3179,6671945.0835
tieliikenne_2016.27,27,POINT (389023.3142 6683494.818),2016,2,12.00-12.59,2,0,3,0,0,0,0,0,0,389023.3142,6683494.818
tieliikenne_2016.28,28,POINT (394035.0928 6676595.8916),2016,2,09.00-09.59,2,5,1,1,0,0,0,0,0,394035.0928,6676595.8916
tieliikenne_2016.29,29,POINT (391820.455 6673185.7874),2016,2,19.00-19.59,2,8,1,0,0,0,0,0,0,391820.455,6673185.7874
tieliikenne_2016.30,30,POINT (393947.0172 6676791.0042),2016,2,17.00-17.59,2,1,2,0,0,0,0,0,0,393947.0172,6676791.0042
tieliikenne_2016.31,31,POINT (386786.6191 6674039.423),2016,2,01.00-01.59,2,7,1,0,1,0,0,0,0,386786.6191,6674039.423
tieliikenne_2016.32,32,POINT (390369.1832 6680029.1143),2016,2,07.00-07.59,2,9,0,2,0,0,0,0,0,390369.1832,6680029.1143
tieliikenne_2016.33,33,POINT (381975.0586 6671260.4538),2016,2,07.00-07.59,2,7,1,0,1,1,0,0,0,381975.0586,6671260.4538
tieliikenne_2016.34,34,POINT (388698.9821 6680060.586),2016,2,18.00-18.59,2,8,1,0,0,0,0,0,0,388698.9821,6680060.586
tieliikenne_2016.35,35,POINT (381640.6375 6679443.9106),2016,2,18.00-18.59,2,0,1,1,0,0,0,0,0,381640.6375,6679443.9106
tieliikenne_2016.36,36,POINT (391194.0816 6675193.3322),2016,2,10.00-10.59,2,8,1,0,0,0,0,0,0,391194.0816,6675193.3322
tieliikenne_2016.37,37,POINT (385137.5485 6675194.2447),2016,2,23.00-23.59,3,6,1,0,1,0,0,0,0,385137.5485,6675194.2447
tieliikenne_2016.38,38,POINT (386344.289 6674464.504),2016,2,15.00-15.59,2,0,3,0,0,0,0,0,0,386344.289,6674464.504
tieliikenne_2016.39,39,POINT (393402.0218 6682988.4002),2016,3,16.00-16.59,2,2,1,0,0,1,0,0,0,393402.0218,6682988.4002
tieliikenne_2016.40,40,POINT (383128.577 6682419.5685),2016,3,08.00-08.59,2,7,0,1,1,0,0,0,0,383128.577,6682419.5685
tieliikenne_2016.41,41,POINT (387418.7866 6676518.3284),2016,3,04.00-04.59,2,8,1,0,0,0,0,0,0,387418.7866,6676518.3284
tieliikenne_2016.42,42,POINT (385494.1304 6675342.3391),2016,3,17.00-17.59,2,7,0,0,1,1,0,0,0,385494.1304,6675342.3391
tieliikenne_2016.43,43,POINT (382698.4104 6681813.934),2016,3,15.00-15.59,2,0,5,0,0,0,0,0,0,382698.4104,6681813.934
tieliikenne_2016.44,44,POINT (386171.7302 6680265.6823),2016,3,00.00-00.59,2,8,1,0,0,0,0,0,0,386171.7302,6680265.6823
tieliikenne_2016.45,45,POINT (384898.7848 6674498.8617),2016,3,16.00-16.59,2,7,0,0,1,1,0,0,0,384898.7848,6674498.8617
tieliikenne_2016.46,46,POINT (392534.4139 6674283.1681),2016,3,18.00-18.59,2,8,1,0,0,0,0,0,0,392534.4139,6674283.1681
tieliikenne_2016.47,47,POINT (381108.6444 6678606.3373),2016,3,18.00-18.59,2,4,1,0,0,1,0,0,0,381108.6444,6678606.3373
tieliikenne_2016.48,48,POINT (387341.0653 6677267.1098),2016,3,21.00-21.59,2,5,2,0,0,0,0,0,0,387341.0653,6677267.1098
tieliikenne_2016.49,49,POINT (386272.8995 6673347.15),2016,3,16.00-16.59,2,3,1,0,0,1,0,0,0,386272.8995,6673347.15
tieliikenne_2016.50,50,POINT (386531.2984 6680420.1741),2016,3,07.00-07.59,2,0,5,0,0,0,0,0,0,386531.2984,6680420.1741
tieliikenne_2016.51,51,POINT (390476.3809 6679396.3455),2016,3,12.00-12.59,2,0,3,0,0,0,0,0,0,390476.3809,6679396.3455
tieliikenne_2016.52,52,POINT (385350.5144 6678333.5201),2016,3,14.00-14.59,2,5,1,0,0,1,0,0,0,385350.5144,6678333.5201
tieliikenne_2016.53,53,POINT (389493.5408 6680696.6505),2016,3,10.00-10.59,2,6,1,0,1,0,0,0,0,389493.5408,6680696.6505
tieliikenne_2016.54,54,POINT (385970.1844 6671378.3669),2016,3,16.00-16.59,2,6,1,0,1,0,0,0,0,385970.1844,6671378.3669
tieliikenne_2016.55,55,POINT (384897.183 6673112.135),2016,3,12.00-12.59,2,6,1,0,2,0,0,0,0,384897.183,6673112.135
tieliikenne_2016.56,56,POINT (384019.3701 6674749.248),2016,3,13.00-13.59,2,4,1,0,0,1,0,0,0,384019.3701,6674749.248
tieliikenne_2016.57,57,POINT (384332.1045 6679489.727),2016,3,08.00-08.59,2,8,2,0,0,0,0,0,0,384332.1045,6679489.727
tieliikenne_2016.58,58,POINT (393572.0343 6682329.3231),2016,3,15.00-15.59,2,9,1,1,0,0,0,0,0,393572.0343,6682329.3231
tieliikenne_2016.59,59,POINT (396637.3449 6675855.0391),2016,3,19.00-19.59,2,3,2,0,0,0,0,0,0,396637.3449,6675855.0391
tieliikenne_2016.60,60,POINT (387099.0595 6674202.5825),2016,3,06.00-06.59,2,9,1,0,0,0,0,0,0,387099.0595,6674202.5825
tieliikenne_2016.61,61,POINT (382655.2879 6670854.7984),2016,3,12.00-12.59,2,0,3,0,0,0,0,0,0,382655.2879,6670854.7984
tieliikenne_2016.62,62,POINT (383805.0247 6677867.9915),2016,3,11.00-11.59,2,6,1,0,1,0,0,0,0,383805.0247,6677867.9915
tieliikenne_2016.63,63,POINT (383661.6537 6675273.927),2016,3,14.00-14.59,2,0,3,0,0,0,0,0,0,383661.6537,6675273.927
tieliikenne_2016.64,64,POINT (389207.615 6678379.5178),2016,4,17.00-17.59,2,0,3,0,0,0,0,0,0,389207.615,6678379.5178
tieliikenne_2016.65,65,POINT (384694.6104 6673959.7532),2016,4,14.00-14.59,2,0,2,0,0,0,0,0,0,384694.6104,6673959.7532
tieliikenne_2016.66,66,POINT (381574.1168 6679413.1742),2016,4,12.00-12.59,2,0,2,0,0,0,0,0,0,381574.1168,6679413.1742
tieliikenne_2016.67,67,POINT (386385.4463 6671873.6243),2016,4,13.00-13.59,2,4,1,0,0,1,0,0,0,386385.4463,6671873.6243
tieliikenne_2016.68,68,POINT (385238.4046 6671608.9054),2016,4,15.00-15.59,2,6,1,0,1,0,0,0,0,385238.4046,6671608.9054
tieliikenne_2016.69,69,POINT (391123.2927 6674808.4914),2016,4,07.00-07.59,2,3,2,0,0,0,0,0,0,391123.2927,6674808.4914
tieliikenne_2016.70,70,POINT (385954.7538 6670403.9432),2016,4,11.00-11.59,2,7,1,0,1,0,0,0,0,385954.7538,6670403.9432
tieliikenne_2016.71,71,POINT (393946.923 6676792.1335),2016,4,11.00-11.59,2,3,2,0,0,0,0,0,0,393946.923,6676792.1335
tieliikenne_2016.72,72,POINT (386785.7492 6676851.2743),2016,4,07.00-07.59,2,1,1,0,0,1,0,0,0,386785.7492,6676851.2743
tieliikenne_2016.73,73,POINT (385823.7605 6670798.7882),2016,4,09.00-09.59,2,0,2,0,1,0,0,0,0,385823.7605,6670798.7882
tieliikenne_2016.74,74,POINT (390677.385 6674723.1275),2016,4,17.00-17.59,2,3,1,0,0,1,0,0,0,390677.385,6674723.1275
tieliikenne_2016.75,75,POINT (393846.6151 6681005.0189),2016,4,15.00-15.59,2,4,3,0,0,0,0,0,0,393846.6151,6681005.0189
tieliikenne_2016.76,76,POINT (386110.2102 6676429.869),2016,4,16.00-16.59,2,1,1,0,0,1,0,0,0,386110.2102,6676429.869
tieliikenne_2016.77,77,POINT (386005.0039 6672201.0157),2016,4,09.00-09.59,2,6,0,1,1,0,0,0,0,386005.0039,6672201.0157
tieliikenne_2016.78,78,POINT (392784.6916 6680723.3327),2016,4,07.00-07.59,2,8,1,0,0,0,0,0,0,392784.6916,6680723.3327
tieliikenne_2016.79,79,POINT (383895.5169 6671454.9016),2016,4,07.00-07.59,2,0,0,1,0,0,0,1,0,383895.5169,6671454.9016
tieliikenne_2016.80,80,POINT (381348.3126 6680219.6693),2016,4,11.00-11.59,2,8,1,0,0,0,0,0,0,381348.3126,6680219.6693
tieliikenne_2016.81,81,POINT (381568.4468 6677986.2378),2016,4,11.00-11.59,2,4,1,0,0,1,0,0,0,381568.4468,6677986.2378
tieliikenne_2016.82,82,POINT (386941.0438 6674311.2078),2016,4,17.00-17.59,2,3,1,0,0,1,0,0,0,386941.0438,6674311.2078
tieliikenne_2016.83,83,POINT (391717.3527 6674554.1774),2016,4,23.00-23.59,3,7,1,0,1,0,0,0,0,391717.3527,6674554.1774
tieliikenne_2016.84,84,POINT (386341.1424 6674461.0974),2016,4,06.00-06.59,2,4,1,0,0,1,0,0,0,386341.1424,6674461.0974
tieliikenne_2016.85,85,POINT (382011.9474 6670929.8978),2016,4,14.00-14.59,2,6,1,0,1,0,0,0,0,382011.9474,6670929.8978
tieliikenne_2016.86,86,POINT (389866.7821 6678091.2556),2016,4,17.00-17.59,2,0,2,0,0,0,0,0,0,389866.7821,6678091.2556
tieliikenne_2016.87,87,POINT (385600.0989 6673861.7358),2016,4,17.00-17.59,2,0,3,0,0,0,0,0,0,385600.0989,6673861.7358
tieliikenne_2016.88,88,POINT (381343.412 6680003.3881),2016,4,11.00-11.59,2,4,1,0,0,1,0,0,0,381343.412,6680003.3881
tieliikenne_2016.89,89,POINT (382004.1498 6670925.284),2016,4,14.00-14.59,2,4,1,0,0,1,0,0,0,382004.1498,6670925.284
tieliikenne_2016.90,90,POINT (385194.3578 6674682.0519),2016,4,08.00-08.59,2,7,0,0,1,0,0,0,1,385194.3578,6674682.0519
tieliikenne_2016.91,91,POINT (384552.0442 6671444.1237),2016,4,15.00-15.59,2,1,2,0,0,0,0,0,0,384552.0442,6671444.1237
tieliikenne_2016.92,92,POINT (384493.6028 6674364.1157),2016,4,12.00-12.59,2,4,1,0,0,1,0,0,0,384493.6028,6674364.1157
tieliikenne_2016.93,93,POINT (393214.8098 6677678.3813),2016,4,13.00-13.59,2,4,1,0,0,1,0,0,0,393214.8098,6677678.3813
tieliikenne_2016.94,94,POINT (388003.1681 6673779.6434),2016,4,16.00-16.59,2,1,1,0,0,1,0,0,0,388003.1681,6673779.6434
tieliikenne_2016.95,95,POINT (381272.8193 6678343.5146),2016,4,16.00-16.59,2,2,2,0,0,0,0,0,0,381272.8193,6678343.5146
tieliikenne_2016.96,96,POINT (383888.0315 6673985.8615),2016,4,16.00-16.59,2,4,1,0,0,1,0,0,0,383888.0315,6673985.8615
tieliikenne_2016.97,97,POINT (381111.7398 6673831.484),2016,4,07.00-07.59,3,2,2,0,0,0,0,0,0,381111.7398,6673831.484
tieliikenne_2016.98,98,POINT (386133.795 6677535.3362),2016,4,08.00-08.59,2,0,1,0,0,0,0,1,0,386133.795,6677535.3362
tieliikenne_2016.99,99,POINT (392836.1058 6681365.5105),2016,4,04.00-04.59,2,8,1,0,0,0,0,0,0,392836.1058,6681365.5105
tieliikenne_2016.100,100,POINT (387991.1346 6673828.9866),2016,4,08.00-08.59,2,9,0,1,0,1,0,0,0,387991.1346,6673828.9866
tieliikenne_2016.101,101,POINT (386429.2518 6674533.3676),2016,4,11.00-11.59,2,1,2,0,0,1,0,0,0,386429.2518,6674533.3676
tieliikenne_2016.102,102,POINT (393738.1329 6677530.228),2016,4,13.00-13.59,2,0,2,0,0,0,0,0,0,393738.1329,6677530.228
tieliikenne_2016.103,103,POINT (386189.3959 6679893.7767),2016,4,16.00-16.59,2,4,1,0,0,1,0,0,0,386189.3959,6679893.7767
tieliikenne_2016.104,104,POINT (386562.1387 6677362.7961),2016,5,13.00-13.59,2,1,1,0,0,1,0,0,0,386562.1387,6677362.7961
tieliikenne_2016.105,105,POINT (386144.9482 6673806.1587),2016,5,13.00-13.59,2,6,0,1,1,0,0,0,0,386144.9482,6673806.1587
tieliikenne_2016.106,106,POINT (387946.7154 6673767.6403),2016,5,17.00-17.59,2,2,0,0,0,1,1,0,0,387946.7154,6673767.6403
tieliikenne_2016.107,107,POINT (386920.5459 6674634.5924),2016,5,22.00-22.59,2,9,5,0,0,0,0,0,0,386920.5459,6674634.5924
tieliikenne_2016.108,108,POINT (386937.9448 6674290.9971),2016,5,20.00-20.59,2,0,2,0,0,0,0,0,0,386937.9448,6674290.9971
tieliikenne_2016.109,109,POINT (383362.6235 6675969.7487),2016,5,14.00-14.59,2,1,1,0,0,1,0,0,0,383362.6235,6675969.7487
tieliikenne_2016.110,110,POINT (397023.9373 6675483.6455),2016,4,17.00-17.59,2,4,1,0,0,1,0,0,0,397023.9373,6675483.6455
tieliikenne_2016.111,111,POINT (382281.1592 6679431.9632),2016,5,12.00-12.59,2,0,4,0,0,0,0,0,0,382281.1592,6679431.9632
tieliikenne_2016.112,112,POINT (386838.5217 6674131.4592),2016,5,07.00-07.59,2,7,1,0,1,0,0,0,0,386838.5217,6674131.4592
tieliikenne_2016.113,113,POINT (386530.1139 6681647.4467),2016,5,10.00-10.59,2,8,0,0,0,0,0,1,0,386530.1139,6681647.4467
tieliikenne_2016.114,114,POINT (382581.9407 6680794.2345),2016,5,12.00-12.59,2,2,0,0,0,1,1,0,0,382581.9407,6680794.2345
tieliikenne_2016.115,115,POINT (385774.7271 6671097.838),2016,5,18.00-18.59,2,9,1,0,2,0,0,0,0,385774.7271,6671097.838
tieliikenne_2016.116,116,POINT (386380.9794 6680240.0465),2016,5,16.00-16.59,3,8,0,0,0,0,0,1,0,386380.9794,6680240.0465
tieliikenne_2016.117,117,POINT (392112.3244 6682438.5519),2016,5,11.00-11.59,2,8,1,0,0,0,0,0,0,392112.3244,6682438.5519
tieliikenne_2016.118,118,POINT (386114.3486 6674571.3975),2016,5,07.00-07.59,2,4,1,0,0,1,0,0,0,386114.3486,6674571.3975
tieliikenne_2016.119,119,POINT (384598.9055 6677725.9105),2016,5,08.00-08.59,2,0,4,0,0,0,0,0,0,384598.9055,6677725.9105
tieliikenne_2016.120,120,POINT (386876.5329 6674505.0024),2016,5,17.00-17.59,2,1,2,0,0,0,0,0,0,386876.5329,6674505.0024
tieliikenne_2016.121,121,POINT (396668.1049 6676016.278),2016,5,22.00-22.59,3,9,0,0,0,0,0,1,0,396668.1049,6676016.278
tieliikenne_2016.122,122,POINT (385194.9677 6671848.4015),2016,5,16.00-16.59,2,9,1,0,0,1,0,0,0,385194.9677,6671848.4015
tieliikenne_2016.123,123,POINT (393442.0536 6678418.8268),2016,5,15.00-15.59,2,2,2,0,0,0,0,0,0,393442.0536,6678418.8268
tieliikenne_2016.124,124,POINT (384163.5186 6676460.4144),2016,5,06.00-06.59,2,0,1,0,0,0,0,1,0,384163.5186,6676460.4144
tieliikenne_2016.125,125,POINT (383143.7205 6679144.1584),2016,5,07.00-07.59,2,4,1,0,0,1,0,0,0,383143.7205,6679144.1584
tieliikenne_2016.126,126,POINT (383549.9603 6675711.1609),2016,5,18.00-18.59,2,0,3,0,0,0,0,0,0,383549.9603,6675711.1609
tieliikenne_2016.127,127,POINT (388832.1944 6683977.1534),2016,5,22.00-22.59,2,4,0,1,0,0,0,1,0,388832.1944,6683977.1534
tieliikenne_2016.128,128,POINT (387131.4511 6675488.3248),2016,5,07.00-07.59,2,4,0,0,0,2,0,0,0,387131.4511,6675488.3248
tieliikenne_2016.129,129,POINT (386938.072 6673871.9748),2016,5,15.00-15.59,2,0,1,0,0,0,0,1,0,386938.072,6673871.9748
tieliikenne_2016.130,130,POINT (374233.5453 6671879.2725),2016,5,21.00-21.59,2,4,1,0,0,1,0,0,0,374233.5453,6671879.2725
tieliikenne_2016.131,131,POINT (385922.3143 6674553.9893),2016,5,02.00-02.59,2,9,1,0,0,1,0,0,0,385922.3143,6674553.9893
tieliikenne_2016.132,132,POINT (395625.7348 6675373.7511),2016,5,10.00-10.59,2,5,2,0,0,0,0,0,0,395625.7348,6675373.7511
tieliikenne_2016.133,133,POINT (389115.326 6680094.4005),2016,5,13.00-13.59,2,9,0,0,0,0,1,0,0,389115.326,6680094.4005
tieliikenne_2016.134,134,POINT (382475.6155 6679740.484),2016,5,16.00-16.59,2,7,1,0,1,0,0,0,0,382475.6155,6679740.484
tieliikenne_2016.135,135,POINT (392828.4411 6682320.4407),2016,5,18.00-18.59,2,0,0,0,0,0,2,0,0,392828.4411,6682320.4407
tieliikenne_2016.136,136,POINT (385814.233 6670780.2851),2016,5,15.00-15.59,2,7,1,0,1,0,0,0,0,385814.233,6670780.2851
tieliikenne_2016.137,137,POINT (384017.4347 6674725.5366),2016,5,15.00-15.59,2,4,0,0,0,1,0,0,1,384017.4347,6674725.5366
tieliikenne_2016.138,138,POINT (394880.9126 6677265.3249),2016,5,08.00-08.59,2,4,1,0,0,1,0,0,0,394880.9126,6677265.3249
tieliikenne_2016.139,139,POINT (390401.2428 6677989.9103),2016,5,16.00-16.59,2,6,1,0,1,0,0,0,0,390401.2428,6677989.9103
tieliikenne_2016.140,140,POINT (381429.3459 6679402.7027),2016,5,17.00-17.59,2,0,1,0,0,0,0,1,0,381429.3459,6679402.7027
tieliikenne_2016.141,141,POINT (393564.396 6676460.0793),2016,5,09.00-09.59,2,4,1,0,0,0,1,0,0,393564.396,6676460.0793
tieliikenne_2016.142,142,POINT (387415.6233 6674084.135),2016,5,15.00-15.59,2,5,1,0,0,1,0,0,0,387415.6233,6674084.135
tieliikenne_2016.143,143,POINT (386273.5367 6681794.652),2016,5,16.00-16.59,2,4,0,0,0,2,0,0,0,386273.5367,6681794.652
tieliikenne_2016.144,144,POINT (382781.1416 6677019.4598),2016,5,07.00-07.59,2,2,1,0,0,0,0,1,0,382781.1416,6677019.4598
tieliikenne_2016.145,145,POINT (362979.3585 6671208.6976),2016,5,14.00-14.59,2,3,1,0,0,0,0,1,0,362979.3585,6671208.6976
tieliikenne_2016.146,146,POINT (385302.1718 6674679.2271),2016,5,17.00-17.59,2,0,2,0,0,0,0,0,0,385302.1718,6674679.2271
tieliikenne_2016.147,147,POINT (394004.4255 6676567.4152),2016,5,19.00-19.59,2,1,2,0,0,0,0,0,0,394004.4255,6676567.4152
tieliikenne_2016.148,148,POINT (390873.1103 6674648.6851),2016,5,18.00-18.59,2,0,1,0,0,0,1,0,0,390873.1103,6674648.6851
tieliikenne_2016.149,149,POINT (394031.7885 6679774.8214),2016,5,21.00-21.59,2,7,1,0,1,0,0,0,0,394031.7885,6679774.8214
tieliikenne_2016.150,150,POINT (385114.649 6675349.8245),2016,5,08.00-08.59,2,1,1,0,0,1,0,0,0,385114.649,6675349.8245
tieliikenne_2016.151,151,POINT (389273.87 6674100.3344),2016,5,12.00-12.59,2,1,1,0,0,1,0,0,0,389273.87,6674100.3344
tieliikenne_2016.152,152,POINT (389805.6404 6681084.4715),2016,5,15.00-15.59,2,4,1,0,0,1,0,0,0,389805.6404,6681084.4715
tieliikenne_2016.153,153,POINT (380534.4173 6671775.4239),2016,5,20.00-20.59,2,2,0,0,0,1,1,0,0,380534.4173,6671775.4239
tieliikenne_2016.154,154,POINT (384548.8628 6674125.7433),2016,6,07.00-07.59,2,1,1,0,0,1,0,0,0,384548.8628,6674125.7433
tieliikenne_2016.155,155,POINT (383956.2626 6674530.6272),2016,6,13.00-13.59,2,1,1,1,0,0,0,0,0,383956.2626,6674530.6272
tieliikenne_2016.156,156,POINT (386375.1084 6673264.8081),2016,6,20.00-20.59,2,0,2,0,0,0,0,0,0,386375.1084,6673264.8081
tieliikenne_2016.157,157,POINT (396192.9131 6675508.2255),2016,6,10.00-10.59,2,4,1,0,0,1,0,0,0,396192.9131,6675508.2255
tieliikenne_2016.158,158,POINT (393891.1552 6679449.4434),2016,6,14.00-14.59,2,9,1,0,1,0,0,0,0,393891.1552,6679449.4434
tieliikenne_2016.159,159,POINT (386638.5396 6677333.8465),2016,6,18.00-18.59,2,4,1,0,0,1,0,0,0,386638.5396,6677333.8465
tieliikenne_2016.160,160,POINT (387289.4577 6675935.7044),2016,6,21.00-21.59,2,8,1,0,0,0,0,0,0,387289.4577,6675935.7044
tieliikenne_2016.161,161,POINT (381024.566 6680618.4316),2016,6,20.00-20.59,2,2,1,0,0,0,0,1,0,381024.566,6680618.4316
tieliikenne_2016.162,162,POINT (380638.0138 6673558.9353),2016,6,17.00-17.59,2,0,3,0,0,0,0,0,0,380638.0138,6673558.9353
tieliikenne_2016.163,163,POINT (381126.8369 6678386.2149),2016,6,18.00-18.59,3,8,1,0,0,0,0,0,0,381126.8369,6678386.2149
tieliikenne_2016.164,164,POINT (393741.5147 6677456.1705),2016,6,13.00-13.59,2,0,3,0,0,0,0,0,0,393741.5147,6677456.1705
tieliikenne_2016.165,165,POINT (385871.9536 6673814.1742),2016,6,14.00-14.59,2,7,1,0,1,0,0,0,0,385871.9536,6673814.1742
tieliikenne_2016.166,166,POINT (387031.9482 6674074.8718),2016,6,15.00-15.59,2,7,0,1,1,0,0,0,0,387031.9482,6674074.8718
tieliikenne_2016.167,167,POINT (386604.6473 6673481.5785),2016,6,16.00-16.59,2,9,1,0,0,1,0,0,0,386604.6473,6673481.5785
tieliikenne_2016.168,168,POINT (393095.8863 6681946.5249),2016,6,21.00-21.59,2,4,1,0,0,1,0,0,0,393095.8863,6681946.5249
tieliikenne_2016.169,169,POINT (385151.6436 6671899.9921),2016,6,14.00-14.59,2,7,2,0,1,0,0,0,0,385151.6436,6671899.9921
tieliikenne_2016.170,170,POINT (386090.0746 6674208.9406),2016,6,13.00-13.59,2,0,2,0,0,0,0,1,0,386090.0746,6674208.9406
tieliikenne_2016.171,171,POINT (386429.3427 6676586.886),2016,6,00.00-00.59,2,6,1,0,1,0,0,0,0,386429.3427,6676586.886
tieliikenne_2016.172,172,POINT (385223.3225 6671940.9474),2016,6,01.00-01.59,2,6,0,1,1,0,0,0,0,385223.3225,6671940.9474
tieliikenne_2016.173,173,POINT (385825.4278 6674878.1496),2016,6,18.00-18.59,2,9,3,0,0,0,0,0,0,385825.4278,6674878.1496
tieliikenne_2016.174,174,POINT (383689.5911 6679482.1389),2016,6,11.00-11.59,2,8,2,0,0,0,0,0,0,383689.5911,6679482.1389
tieliikenne_2016.175,175,POINT (384068.7372 6677536.8446),2016,6,13.00-13.59,2,4,1,0,0,1,0,0,0,384068.7372,6677536.8446
tieliikenne_2016.176,176,POINT (396374.9944 6678634.1354),2016,6,15.00-15.59,2,0,1,0,0,0,1,0,0,396374.9944,6678634.1354
tieliikenne_2016.177,177,POINT (391590.3999 6676017.2903),2016,6,18.00-18.59,2,2,2,0,0,0,0,0,0,391590.3999,6676017.2903
tieliikenne_2016.178,178,POINT (386828.5021 6674733.0743),2016,6,18.00-18.59,2,4,1,0,0,1,0,0,0,386828.5021,6674733.0743
tieliikenne_2016.179,179,POINT (386296.1163 6672867.9893),2016,6,21.00-21.59,2,4,0,0,0,2,0,0,0,386296.1163,6672867.9893
tieliikenne_2016.180,180,POINT (384105.7355 6671724.8714),2016,6,19.00-19.59,2,4,1,0,0,1,0,0,0,384105.7355,6671724.8714
tieliikenne_2016.181,181,POINT (390909.5583 6675585.2091),2016,6,22.00-22.59,2,8,1,0,0,0,0,1,0,390909.5583,6675585.2091
tieliikenne_2016.182,182,POINT (391857.9204 6675833.3365),2016,6,08.00-08.59,2,1,1,0,0,1,0,0,0,391857.9204,6675833.3365
tieliikenne_2016.183,183,POINT (386547.0677 6673381.6566),2016,6,03.00-03.59,2,6,1,0,1,0,0,0,0,386547.0677,6673381.6566
tieliikenne_2016.184,184,POINT (382161.0553 6679438.0325),2016,6,19.00-19.59,2,0,1,0,0,0,0,1,0,382161.0553,6679438.0325
tieliikenne_2016.185,185,POINT (391676.3433 6682611.1082),2016,6,20.00-20.59,2,4,1,0,0,0,0,1,0,391676.3433,6682611.1082
tieliikenne_2016.186,186,POINT (380781.8949 6679768.9891),2016,6,12.00-12.59,2,0,1,1,0,0,0,0,0,380781.8949,6679768.9891
tieliikenne_2016.187,187,POINT (382405.7953 6678745.9255),2016,6,12.00-12.59,2,9,1,1,0,0,0,0,0,382405.7953,6678745.9255
tieliikenne_2016.188,188,POINT (402106.8085 6680865.9868),2016,6,19.00-19.59,2,8,0,0,0,0,1,0,0,402106.8085,6680865.9868
tieliikenne_2016.189,189,POINT (400469.8982 6682290.786),2016,7,14.00-14.59,2,8,2,0,0,0,0,0,0,400469.8982,6682290.786
tieliikenne_2016.190,190,POINT (385431.2271 6671315.4938),2016,7,02.00-02.59,2,4,1,0,0,1,0,0,0,385431.2271,6671315.4938
tieliikenne_2016.191,191,POINT (388188.7838 6677324.4865),2016,7,17.00-17.59,2,5,1,0,0,1,0,0,0,388188.7838,6677324.4865
tieliikenne_2016.192,192,POINT (393412.981 6677915.673),2016,7,10.00-10.59,2,7,0,0,1,0,0,0,1,393412.981,6677915.673
tieliikenne_2016.193,193,POINT (384290.5551 6674537.7777),2016,7,11.00-11.59,2,9,1,0,1,0,0,0,0,384290.5551,6674537.7777
tieliikenne_2016.194,194,POINT (391774.5276 6671967.9598),2016,7,01.00-01.59,2,3,1,0,0,0,1,0,0,391774.5276,6671967.9598
tieliikenne_2016.195,195,POINT (394017.6729 6676580.8459),2016,7,03.00-03.59,2,4,2,0,0,0,0,0,0,394017.6729,6676580.8459
tieliikenne_2016.196,196,POINT (382243.5239 6676027.4376),2016,7,11.00-11.59,2,9,3,0,0,0,0,0,0,382243.5239,6676027.4376
tieliikenne_2016.197,197,POINT (382593.7323 6675846.0035),2016,7,13.00-13.59,2,0,1,0,0,0,0,1,0,382593.7323,6675846.0035
tieliikenne_2016.198,198,POINT (382106.5301 6714723.2075),2016,7,19.00-19.59,2,0,2,0,0,0,0,0,0,382106.5301,6714723.2075
tieliikenne_2016.199,199,POINT (396304.3521 6678576.7486),2016,7,17.00-17.59,3,1,2,0,0,0,0,0,0,396304.3521,6678576.7486
tieliikenne_2016.200,200,POINT (395429.7663 6675913.1473),2016,7,11.00-11.59,3,8,0,0,0,0,0,1,0,395429.7663,6675913.1473
tieliikenne_2016.201,201,POINT (391194.7794 6674715.2883),2016,7,14.00-14.59,2,4,1,0,0,1,0,0,0,391194.7794,6674715.2883
tieliikenne_2016.202,202,POINT (383805.1079 6675247.9184),2016,7,07.00-07.59,3,1,0,0,0,2,0,0,0,383805.1079,6675247.9184
tieliikenne_2016.203,203,POINT (386322.0864 6671801.6518),2016,7,11.00-11.59,2,6,0,1,1,0,0,0,0,386322.0864,6671801.6518
tieliikenne_2016.204,204,POINT (390035.3156 6678535.6281),2016,7,09.00-09.59,2,8,1,0,0,0,0,0,0,390035.3156,6678535.6281
tieliikenne_2016.205,205,POINT (381445.3736 6675898.4497),2016,7,17.00-17.59,2,0,0,1,0,0,0,1,0,381445.3736,6675898.4497
tieliikenne_2016.206,206,POINT (393422.5645 6683053.7212),2016,7,21.00-21.59,2,8,0,0,0,0,0,1,0,393422.5645,6683053.7212
tieliikenne_2016.207,207,POINT (387063.6419 6675291.5267),2016,7,12.00-12.59,2,1,0,0,0,1,1,0,0,387063.6419,6675291.5267
tieliikenne_2016.208,208,POINT (382720.8909 6681796.2586),2016,7,13.00-13.59,2,8,0,0,0,0,0,1,0,382720.8909,6681796.2586
tieliikenne_2016.209,209,POINT (399929.7316 6681197.485),2016,7,16.00-16.59,2,1,1,0,0,0,0,1,0,399929.7316,6681197.485
tieliikenne_2016.210,210,POINT (382724.0592 6679209.5898),2016,7,12.00-12.59,2,1,1,0,0,1,0,0,0,382724.0592,6679209.5898
tieliikenne_2016.211,211,POINT (387881.8404 6679553.1735),2016,7,15.00-15.59,2,9,0,0,0,0,0,1,0,387881.8404,6679553.1735
tieliikenne_2016.212,212,POINT (391077.0017 6682803.833),2016,7,20.00-20.59,2,9,0,0,0,0,3,0,0,391077.0017,6682803.833
tieliikenne_2016.213,213,POINT (396626.2185 6677413.0246),2016,7,13.00-13.59,2,0,3,0,0,0,0,0,0,396626.2185,6677413.0246
tieliikenne_2016.214,214,POINT (383281.0136 6674764.4246),2016,8,07.00-07.59,2,4,1,0,0,1,0,0,0,383281.0136,6674764.4246
tieliikenne_2016.215,215,POINT (385925.1811 6672330.4519),2016,7,18.00-18.59,2,7,0,1,1,0,0,0,0,385925.1811,6672330.4519
tieliikenne_2016.216,216,POINT (381049.3442 6679955.8601),2016,8,14.00-14.59,2,5,1,0,0,0,1,0,0,381049.3442,6679955.8601
tieliikenne_2016.217,217,POINT (387352.4285 6674219.462),2016,8,15.00-15.59,2,4,1,0,0,1,0,0,0,387352.4285,6674219.462
tieliikenne_2016.218,218,POINT (386802.2607 6674218.1786),2016,8,16.00-16.59,3,4,1,0,0,1,0,0,0,386802.2607,6674218.1786
tieliikenne_2016.219,219,POINT (387102.3549 6677038.2068),2016,8,08.00-08.59,2,5,1,0,0,1,0,0,0,387102.3549,6677038.2068
tieliikenne_2016.220,220,POINT (385481.9427 6674073.741),2016,8,12.00-12.59,2,4,1,0,0,1,0,0,0,385481.9427,6674073.741
tieliikenne_2016.221,221,POINT (383348.8371 6676501.0606),2016,8,13.00-13.59,2,9,1,0,0,0,0,1,0,383348.8371,6676501.0606
tieliikenne_2016.222,222,POINT (385775.3105 6671670.0594),2016,8,14.00-14.59,2,0,2,0,0,0,0,0,0,385775.3105,6671670.0594
tieliikenne_2016.223,223,POINT (393336.2116 6676337.453),2016,8,06.00-06.59,2,0,1,0,0,0,0,1,0,393336.2116,6676337.453
tieliikenne_2016.224,224,POINT (398141.6953 6679278.5342),2016,8,16.00-16.59,2,8,0,1,0,0,0,0,0,398141.6953,6679278.5342
tieliikenne_2016.225,225,POINT (385792.7848 6670362.6534),2016,7,20.00-20.59,2,6,0,0,1,1,0,0,0,385792.7848,6670362.6534
tieliikenne_2016.226,226,POINT (393335.9949 6678361.1538),2016,8,11.00-11.59,2,8,1,0,0,0,0,0,0,393335.9949,6678361.1538
tieliikenne_2016.227,227,POINT (385152.1522 6672960.8193),2016,8,17.00-17.59,2,4,0,0,0,1,0,0,1,385152.1522,6672960.8193
tieliikenne_2016.228,228,POINT (386336.9261 6679551.6537),2016,8,22.00-22.59,2,0,3,0,0,0,0,0,0,386336.9261,6679551.6537
tieliikenne_2016.229,229,POINT (386119.039 6675756.1738),2016,8,14.00-14.59,2,0,2,0,0,0,0,0,0,386119.039,6675756.1738
tieliikenne_2016.230,230,POINT (385462.366 6672010.7647),2016,8,16.00-16.59,3,7,0,0,1,0,0,0,1,385462.366,6672010.7647
tieliikenne_2016.231,231,POINT (385262.5023 6679963.3425),2016,8,17.00-17.59,2,9,1,0,0,1,0,0,0,385262.5023,6679963.3425
tieliikenne_2016.232,232,POINT (386498.6128 6681575.4126),2016,8,06.00-06.59,2,8,1,0,1,0,0,0,0,386498.6128,6681575.4126
tieliikenne_2016.233,233,POINT (391865.5273 6675689.6712),2016,8,10.00-10.59,2,4,1,0,0,1,0,0,0,391865.5273,6675689.6712
tieliikenne_2016.234,234,POINT (383661.0081 6671405.45),2016,8,18.00-18.59,2,5,1,0,0,1,0,0,0,383661.0081,6671405.45
tieliikenne_2016.235,235,POINT (383994.227 6671422.6142),2016,8,18.00-18.59,2,6,1,0,1,0,0,0,0,383994.227,6671422.6142
tieliikenne_2016.236,236,POINT (383929.4613 6674806.2953),2016,8,22.00-22.59,1,9,0,0,1,0,0,0,1,383929.4613,6674806.2953
tieliikenne_2016.237,237,POINT (385493.4498 6672270.8092),2016,8,17.00-17.59,2,6,0,0,1,0,0,0,1,385493.4498,6672270.8092
tieliikenne_2016.238,238,POINT (382797.439 6671497.8963),2016,8,08.00-08.59,2,4,1,0,0,1,0,0,0,382797.439,6671497.8963
tieliikenne_2016.239,239,POINT (384637.8584 6671610.6106),2016,8,12.00-12.59,2,0,2,0,0,0,0,0,0,384637.8584,6671610.6106
tieliikenne_2016.240,240,POINT (393356.038 6682866.2368),2016,8,16.00-16.59,2,1,1,0,0,1,0,0,0,393356.038,6682866.2368
tieliikenne_2016.241,241,POINT (384638.751 6671618.394),2016,8,19.00-19.59,2,1,2,0,0,0,0,0,0,384638.751,6671618.394
tieliikenne_2016.242,242,POINT (384623.0436 6674281.743),2016,8,18.00-18.59,2,4,1,0,0,2,0,0,0,384623.0436,6674281.743
tieliikenne_2016.243,243,POINT (391500.8835 6673764.6119),2016,8,19.00-19.59,2,9,0,0,0,0,0,1,0,391500.8835,6673764.6119
tieliikenne_2016.244,244,POINT (381151.4376 6677690.4319),2016,8,13.00-13.59,3,9,2,0,0,0,0,0,0,381151.4376,6677690.4319
tieliikenne_2016.245,245,POINT (381195.4129 6673904.4951),2016,8,08.00-08.59,2,4,1,0,0,1,0,0,0,381195.4129,6673904.4951
tieliikenne_2016.246,246,POINT (386351.5373 6673246.5626),2016,8,20.00-20.59,2,9,0,1,0,0,0,0,0,386351.5373,6673246.5626
tieliikenne_2016.247,247,POINT (389743.6878 6678178.795),2016,8,17.00-17.59,2,1,2,0,0,0,0,0,0,389743.6878,6678178.795
tieliikenne_2016.248,248,POINT (382503.1769 6676832.6167),2016,8,16.00-16.59,2,8,1,0,0,0,0,1,0,382503.1769,6676832.6167
tieliikenne_2016.249,249,POINT (382614.5992 6670784.7803),2016,8,16.00-16.59,2,5,1,0,0,0,0,1,0,382614.5992,6670784.7803
tieliikenne_2016.250,250,POINT (385372.933 6672535.757),2016,8,03.00-03.59,2,6,1,0,1,0,0,0,0,385372.933,6672535.757
tieliikenne_2016.251,251,POINT (385094.2231 6670192.1783),2016,8,16.00-16.59,2,0,2,0,0,0,0,0,0,385094.2231,6670192.1783
tieliikenne_2016.252,252,POINT (387134.0159 6678781.5083),2016,8,18.00-18.59,2,7,1,0,1,0,0,0,0,387134.0159,6678781.5083
tieliikenne_2016.253,253,POINT (386970.5113 6674535.1959),2016,8,16.00-16.59,2,5,2,0,0,0,0,0,0,386970.5113,6674535.1959
tieliikenne_2016.254,254,POINT (382747.8533 6675226.215),2016,8,18.00-18.59,2,7,1,0,1,0,0,0,0,382747.8533,6675226.215
tieliikenne_2016.255,255,POINT (387721.8167 6682502.0238),2016,8,01.00-01.59,2,8,1,0,0,0,0,0,0,387721.8167,6682502.0238
tieliikenne_2016.256,256,POINT (394813.5866 6679511.9756),2016,8,15.00-15.59,2,9,1,0,0,1,0,0,0,394813.5866,6679511.9756
tieliikenne_2016.257,257,POINT (380576.3348 6673545.8737),2016,8,16.00-16.59,2,0,5,0,0,0,0,0,0,380576.3348,6673545.8737
tieliikenne_2016.258,258,POINT (387081.597 6677533.261),2016,9,13.00-13.59,2,4,1,0,0,1,0,0,0,387081.597,6677533.261
tieliikenne_2016.259,259,POINT (381131.5033 6678595.9582),2016,9,14.00-14.59,2,6,0,1,2,0,0,0,0,381131.5033,6678595.9582
tieliikenne_2016.260,260,POINT (386692.0131 6677287.0227),2016,9,08.00-08.59,2,4,1,0,0,1,0,0,0,386692.0131,6677287.0227
tieliikenne_2016.261,261,POINT (392404.2456 6677691.067),2016,9,17.00-17.59,3,6,1,0,1,0,0,0,0,392404.2456,6677691.067
tieliikenne_2016.262,262,POINT (386306.3661 6676518.8216),2016,9,02.00-02.59,2,6,1,0,2,0,0,0,0,386306.3661,6676518.8216
tieliikenne_2016.263,263,POINT (386288.5062 6674411.8696),2016,9,06.00-06.59,2,4,1,1,0,0,0,0,0,386288.5062,6674411.8696
tieliikenne_2016.264,264,POINT (386801.8133 6672207.325),2016,9,16.00-16.59,2,0,3,0,0,0,0,0,0,386801.8133,6672207.325
tieliikenne_2016.265,265,POINT (385863.9852 6672163.8268),2016,9,02.00-02.59,2,6,1,0,1,0,0,0,0,385863.9852,6672163.8268
tieliikenne_2016.266,266,POINT (392300.841 6678674.998),2016,9,15.00-15.59,2,0,2,0,0,0,0,0,0,392300.841,6678674.998
tieliikenne_2016.267,267,POINT (391249.7004 6674475.3657),2016,9,10.00-10.59,2,4,1,0,0,1,0,0,0,391249.7004,6674475.3657
tieliikenne_2016.268,268,POINT (396542.195 6675382.099),2016,9,13.00-13.59,3,7,0,1,1,0,0,0,0,396542.195,6675382.099
tieliikenne_2016.269,269,POINT (394929.1256 6676087.6552),2016,9,16.00-16.59,3,5,1,0,0,0,1,0,0,394929.1256,6676087.6552
tieliikenne_2016.270,270,POINT (381083.8072 6676040.8573),2016,9,08.00-08.59,2,0,3,0,0,0,0,0,0,381083.8072,6676040.8573
tieliikenne_2016.271,271,POINT (386241.5835 6676228.24),2016,9,06.00-06.59,2,4,2,0,0,0,0,0,0,386241.5835,6676228.24
tieliikenne_2016.272,272,POINT (382401.8055 6677205.1324),2016,9,12.00-12.59,2,4,1,0,0,1,0,0,0,382401.8055,6677205.1324
tieliikenne_2016.273,273,POINT (391876.5666 6684210.3138),2016,9,16.00-16.59,2,1,0,0,0,1,1,0,0,391876.5666,6684210.3138
tieliikenne_2016.274,274,POINT (384564.623 6674367.614),2016,9,21.00-21.59,2,3,1,0,0,0,0,1,0,384564.623,6674367.614
tieliikenne_2016.275,275,POINT (389106.221 6680056.1314),2016,9,16.00-16.59,2,4,1,0,0,1,0,0,0,389106.221,6680056.1314
tieliikenne_2016.276,276,POINT (391780.766 6675743.4267),2016,9,16.00-16.59,2,2,1,1,0,0,0,0,0,391780.766,6675743.4267
tieliikenne_2016.277,277,POINT (387152.0668 6674539.2779),2016,9,16.00-16.59,2,1,1,0,0,1,0,0,0,387152.0668,6674539.2779
tieliikenne_2016.278,278,POINT (381505.1843 6679772.8097),2016,9,16.00-16.59,2,4,1,0,0,0,1,0,0,381505.1843,6679772.8097
tieliikenne_2016.279,279,POINT (393755.4932 6679340.519),2016,9,17.00-17.59,2,5,1,0,0,0,1,0,0,393755.4932,6679340.519
tieliikenne_2016.280,280,POINT (382473.1083 6671165.2759),2016,9,08.00-08.59,2,5,0,0,0,1,0,0,1,382473.1083,6671165.2759
tieliikenne_2016.281,281,POINT (386019.5083 6676963.3263),2016,9,15.00-15.59,2,3,1,0,0,0,0,1,0,386019.5083,6676963.3263
tieliikenne_2016.282,282,POINT (396825.6901 6677956.1311),2016,9,05.00-05.59,2,8,0,0,0,0,0,1,0,396825.6901,6677956.1311
tieliikenne_2016.283,283,POINT (385778.627 6671385.668),2016,9,16.00-16.59,2,6,0,0,1,1,0,0,0,385778.627,6671385.668
tieliikenne_2016.284,284,POINT (384520.6504 6672707.4528),2016,9,16.00-16.59,2,0,3,0,0,0,0,0,0,384520.6504,6672707.4528
tieliikenne_2016.285,285,POINT (385789.0832 6671844.8723),2016,9,19.00-19.59,2,1,1,0,0,1,0,0,0,385789.0832,6671844.8723
tieliikenne_2016.286,286,POINT (385462.8057 6675487.8519),2016,9,09.00-09.59,2,9,1,0,0,1,0,0,0,385462.8057,6675487.8519
tieliikenne_2016.287,287,POINT (383555.2566 6676272.9269),2016,9,15.00-15.59,2,0,1,0,0,0,1,0,0,383555.2566,6676272.9269
tieliikenne_2016.288,288,POINT (380989.2803 6677988.7943),2016,9,16.00-16.59,2,7,1,0,1,0,0,0,0,380989.2803,6677988.7943
tieliikenne_2016.289,289,POINT (386409.7421 6673181.2031),2016,9,08.00-08.59,2,7,1,0,1,0,0,0,0,386409.7421,6673181.2031
tieliikenne_2016.290,290,POINT (385055.8138 6679203.5106),2016,9,09.00-09.59,2,5,1,1,0,0,0,0,0,385055.8138,6679203.5106
tieliikenne_2016.291,291,POINT (380691.195 6681229.855),2016,9,22.00-22.59,2,8,1,0,0,0,0,0,0,380691.195,6681229.855
tieliikenne_2016.292,292,POINT (387198.2471 6678685.8922),2016,9,08.00-08.59,2,4,1,0,0,1,0,0,0,387198.2471,6678685.8922
tieliikenne_2016.293,293,POINT (390825.5349 6674613.668),2016,9,15.00-15.59,2,6,0,1,1,0,0,0,0,390825.5349,6674613.668
tieliikenne_2016.294,294,POINT (383553.236 6679803.0479),2016,9,21.00-21.59,2,9,0,0,0,0,0,1,0,383553.236,6679803.0479
tieliikenne_2016.295,295,POINT (380729.1613 6679293.4126),2016,9,21.00-21.59,2,6,1,0,1,0,0,0,0,380729.1613,6679293.4126
tieliikenne_2016.296,296,POINT (392155.3943 6676424.404),2016,9,13.00-13.59,2,8,1,0,0,0,0,1,0,392155.3943,6676424.404
tieliikenne_2016.297,297,POINT (384092.0277 6671426.2564),2016,9,18.00-18.59,2,0,2,0,0,0,0,0,0,384092.0277,6671426.2564
tieliikenne_2016.298,298,POINT (400369.9001 6683847.1955),2016,9,12.00-12.59,2,1,1,0,0,0,0,1,0,400369.9001,6683847.1955
tieliikenne_2016.299,299,POINT (385417.232 6672408.2139),2016,9,04.00-04.59,2,4,1,1,0,0,0,0,0,385417.232,6672408.2139
tieliikenne_2016.300,300,POINT (387870.0179 6676574.455),2016,9,08.00-08.59,2,4,1,0,0,1,0,0,0,387870.0179,6676574.455
tieliikenne_2016.301,301,POINT (386219.1293 6671813.0109),2016,9,18.00-18.59,2,3,1,0,0,1,0,0,0,386219.1293,6671813.0109
tieliikenne_2016.302,302,POINT (396617.4619 6676670.6326),2016,9,21.00-21.59,2,9,0,0,0,0,1,0,0,396617.4619,6676670.6326
tieliikenne_2016.303,303,POINT (387655.2476 6674011.7374),2016,9,14.00-14.59,3,8,1,0,0,0,0,0,0,387655.2476,6674011.7374
tieliikenne_2016.304,304,POINT (385988.4722 6670806.183),2016,9,21.00-21.59,2,3,1,0,0,1,0,0,0,385988.4722,6670806.183
tieliikenne_2016.305,305,POINT (382653.2865 6669974.0458),2016,9,22.00-22.59,2,9,2,0,0,0,0,0,0,382653.2865,6669974.0458
tieliikenne_2016.306,306,POINT (391100.8106 6674544.1105),2016,10,15.00-15.59,2,5,1,0,0,1,0,0,0,391100.8106,6674544.1105
tieliikenne_2016.307,307,POINT (385598.2902 6672104.4076),2016,10,00.00-00.59,2,6,1,0,1,0,0,0,0,385598.2902,6672104.4076
tieliikenne_2016.308,308,POINT (386200.544 6676416.276),2016,10,15.00-15.59,3,4,1,0,0,1,0,0,0,386200.544,6676416.276
tieliikenne_2016.309,309,POINT (384339.669 6677704.8647),2016,10,18.00-18.59,2,4,1,0,0,1,0,0,0,384339.669,6677704.8647
tieliikenne_2016.310,310,POINT (389870.6029 6681065.4285),2016,10,08.00-08.59,2,7,1,0,3,0,0,0,0,389870.6029,6681065.4285
tieliikenne_2016.311,311,POINT (385721.6791 6677804.5415),2016,10,15.00-15.59,2,0,3,0,0,0,0,0,0,385721.6791,6677804.5415
tieliikenne_2016.312,312,POINT (388972.3525 6681907.5272),2016,10,12.00-12.59,2,4,1,0,0,1,0,0,0,388972.3525,6681907.5272
tieliikenne_2016.313,313,POINT (380979.2982 6680696.2508),2016,10,11.00-11.59,2,3,1,0,0,1,0,0,0,380979.2982,6680696.2508
tieliikenne_2016.314,314,POINT (386389.9138 6673244.5514),2016,10,13.00-13.59,2,6,1,0,1,0,0,0,0,386389.9138,6673244.5514
tieliikenne_2016.315,315,POINT (381021.9674 6680109.2082),2016,10,13.00-13.59,2,0,2,0,0,0,0,0,0,381021.9674,6680109.2082
tieliikenne_2016.316,316,POINT (381821.3251 6679083.6646),2016,10,09.00-09.59,2,8,1,0,0,0,0,0,0,381821.3251,6679083.6646
tieliikenne_2016.317,317,POINT (381230.5232 6681002.5629),2016,10,12.00-12.59,3,8,0,0,0,0,0,1,0,381230.5232,6681002.5629
tieliikenne_2016.318,318,POINT (384612.1758 6674264.0375),2016,10,14.00-14.59,2,0,1,0,0,0,0,1,0,384612.1758,6674264.0375
tieliikenne_2016.319,319,POINT (385400.9948 6679287.2549),2016,10,13.00-13.59,2,1,1,0,0,1,0,0,0,385400.9948,6679287.2549
tieliikenne_2016.320,320,POINT (385091.7151 6672282.8838),2016,10,20.00-20.59,2,0,2,0,0,0,0,0,0,385091.7151,6672282.8838
tieliikenne_2016.321,321,POINT (387654.3334 6679380.5979),2016,10,08.00-08.59,2,4,1,0,0,1,0,0,0,387654.3334,6679380.5979
tieliikenne_2016.322,322,POINT (382589.5087 6676809.2741),2016,10,08.00-08.59,2,0,2,1,0,0,0,0,0,382589.5087,6676809.2741
tieliikenne_2016.323,323,POINT (391892.8962 6673138.0936),2016,10,14.00-14.59,2,6,1,0,1,0,0,0,0,391892.8962,6673138.0936
tieliikenne_2016.324,324,POINT (385962.72 6672337.3642),2016,10,09.00-09.59,2,1,1,0,0,1,0,0,0,385962.72,6672337.3642
tieliikenne_2016.325,325,POINT (380777.5384 6679861.9835),2016,10,20.00-20.59,2,3,2,0,0,0,0,0,0,380777.5384,6679861.9835
tieliikenne_2016.326,326,POINT (385992.8758 6672344.9151),2016,10,18.00-18.59,2,5,0,1,0,1,0,0,0,385992.8758,6672344.9151
tieliikenne_2016.327,327,POINT (384040.532 6674436.151),2016,11,09.00-09.59,2,6,1,0,1,0,0,0,0,384040.532,6674436.151
tieliikenne_2016.328,328,POINT (392972.5944 6678357.0995),2016,11,12.00-12.59,2,8,1,0,0,0,0,0,0,392972.5944,6678357.0995
tieliikenne_2016.329,329,POINT (385208.5904 6672202.8247),2016,11,15.00-15.59,2,0,2,0,0,0,0,0,0,385208.5904,6672202.8247
tieliikenne_2016.330,330,POINT (393830.5383 6677175.5353),2016,11,18.00-18.59,2,8,1,0,0,0,0,0,0,393830.5383,6677175.5353
tieliikenne_2016.331,331,POINT (385488.1301 6677782.7645),2016,11,17.00-17.59,2,5,2,0,0,0,0,0,0,385488.1301,6677782.7645
tieliikenne_2016.332,332,POINT (393098.0394 6681496.34),2016,11,12.00-12.59,2,0,2,0,0,0,0,0,0,393098.0394,6681496.34
tieliikenne_2016.333,333,POINT (393178.8012 6681698.9526),2016,11,12.00-12.59,2,0,6,0,0,0,0,0,0,393178.8012,6681698.9526
tieliikenne_2016.334,334,POINT (393003.7692 6679421.3606),2016,11,10.00-10.59,2,6,1,0,1,0,0,0,0,393003.7692,6679421.3606
tieliikenne_2016.335,335,POINT (384567.6025 6672584.6879),2016,11,13.00-13.59,2,6,1,0,1,0,0,0,0,384567.6025,6672584.6879
tieliikenne_2016.336,336,POINT (390399.2398 6680020.5271),2016,11,07.00-07.59,2,6,1,0,1,0,0,0,0,390399.2398,6680020.5271
tieliikenne_2016.337,337,POINT (387769.847 6674376.7185),2016,11,16.00-16.59,2,6,1,0,1,0,0,0,0,387769.847,6674376.7185
tieliikenne_2016.338,338,POINT (387091.182 6674212.5072),2016,11,00.00-00.59,3,7,0,1,1,0,0,0,0,387091.182,6674212.5072
tieliikenne_2016.339,339,POINT (385994.0593 6670808.995),2016,11,17.00-17.59,2,6,1,0,1,0,0,0,0,385994.0593,6670808.995
tieliikenne_2016.340,340,POINT (382861.8219 6676502.2898),2016,11,22.00-22.59,2,0,2,0,0,0,0,0,0,382861.8219,6676502.2898
tieliikenne_2016.341,341,POINT (391854.5238 6679695.5129),2016,11,21.00-21.59,2,0,2,0,0,0,0,0,0,391854.5238,6679695.5129
tieliikenne_2016.342,342,POINT (386637.5409 6673459.4806),2016,11,22.00-22.59,2,6,0,0,1,0,0,0,1,386637.5409,6673459.4806
tieliikenne_2016.343,343,POINT (392334.3029 6680224.7685),2016,11,00.00-00.59,1,0,2,0,0,0,0,0,0,392334.3029,6680224.7685
tieliikenne_2016.344,344,POINT (382949.9403 6676735.6409),2016,11,15.00-15.59,2,6,0,1,1,0,0,0,0,382949.9403,6676735.6409
tieliikenne_2016.345,345,POINT (391767.5577 6682582.4502),2016,11,18.00-18.59,2,0,0,1,0,0,0,0,1,391767.5577,6682582.4502
tieliikenne_2016.346,346,POINT (385371.1053 6672540.9896),2016,11,23.00-23.59,2,6,1,0,1,0,0,0,0,385371.1053,6672540.9896
tieliikenne_2016.347,347,POINT (382637.6871 6680173.6912),2016,11,23.00-23.59,2,4,0,0,0,1,1,0,0,382637.6871,6680173.6912
tieliikenne_2016.348,348,POINT (383511.4721 6679938.2291),2016,11,19.00-19.59,2,9,1,0,0,0,0,0,1,383511.4721,6679938.2291
tieliikenne_2016.349,349,POINT (383511.3661 6679901.8502),2016,11,09.00-09.59,2,0,2,0,0,0,0,0,0,383511.3661,6679901.8502
tieliikenne_2016.350,350,POINT (385132.5531 6676086.39),2016,11,15.00-15.59,2,0,3,0,0,0,0,0,0,385132.5531,6676086.39
tieliikenne_2016.351,351,POINT (394065.5793 6681941.0175),2016,11,17.00-17.59,2,3,1,0,0,0,0,0,1,394065.5793,6681941.0175
tieliikenne_2016.352,352,POINT (383637.0225 6679435.2282),2016,12,13.00-13.59,2,0,2,1,0,0,0,0,0,383637.0225,6679435.2282
tieliikenne_2016.353,353,POINT (385018.177 6671679.8135),2016,12,14.00-14.59,2,7,1,0,1,0,0,0,0,385018.177,6671679.8135
tieliikenne_2016.354,354,POINT (386995.1589 6674404.3267),2016,12,16.00-16.59,2,6,1,0,1,0,0,0,0,386995.1589,6674404.3267
tieliikenne_2016.355,355,POINT (384645.9339 6670741.1279),2016,11,18.00-18.59,2,1,1,0,0,1,0,0,0,384645.9339,6670741.1279
tieliikenne_2016.356,356,POINT (389847.6408 6679128.088),2016,12,14.00-14.59,2,6,1,0,1,0,0,0,0,389847.6408,6679128.088
tieliikenne_2016.357,357,POINT (389850.695 6679124.0266),2016,12,15.00-15.59,2,6,1,0,1,0,0,0,0,389850.695,6679124.0266
tieliikenne_2016.358,358,POINT (396586.799 6676663.6819),2016,12,19.00-19.59,2,1,3,0,0,0,0,0,0,396586.799,6676663.6819
tieliikenne_2016.359,359,POINT (383895.9361 6671546.4488),2016,12,22.00-22.59,2,5,2,0,0,0,0,0,0,383895.9361,6671546.4488
tieliikenne_2016.360,360,POINT (385218.0314 6676359.9656),2016,12,16.00-16.59,2,4,2,0,0,0,0,0,0,385218.0314,6676359.9656
tieliikenne_2016.361,361,POINT (385518.5392 6671783.6403),2016,12,23.00-23.59,2,6,1,0,1,0,0,0,0,385518.5392,6671783.6403
tieliikenne_2016.362,362,POINT (385436.2716 6671307.7974),2016,12,03.00-03.59,2,4,2,0,0,0,0,0,0,385436.2716,6671307.7974
tieliikenne_2016.363,363,POINT (385881.2227 6676323.9372),2016,12,08.00-08.59,2,6,1,0,1,0,0,0,0,385881.2227,6676323.9372
tieliikenne_2016.364,364,POINT (384877.841 6673672.2984),2016,12,09.00-09.59,2,0,1,1,0,0,0,0,0,384877.841,6673672.2984
tieliikenne_2016.365,365,POINT (383584.0127 6679730.3127),2016,12,14.00-14.59,2,8,1,0,0,0,0,0,0,383584.0127,6679730.3127
tieliikenne_2016.366,366,POINT (386751.3063 6673181.6335),2016,12,18.00-18.59,2,9,0,1,0,0,0,0,0,386751.3063,6673181.6335
tieliikenne_2016.367,367,POINT (394914.427 6676838.944),2016,12,03.00-03.59,2,8,1,0,0,0,0,0,0,394914.427,6676838.944
tieliikenne_2016.368,368,POINT (380742.8884 6679283.5727),2016,12,12.00-12.59,2,8,1,0,0,0,0,0,0,380742.8884,6679283.5727
tieliikenne_2016.369,369,POINT (393731.4525 6679362.6985),2016,12,06.00-06.59,2,7,1,0,1,0,0,0,0,393731.4525,6679362.6985
tieliikenne_2016.370,370,POINT (391743.7541 6675014.744),2016,12,18.00-18.59,2,9,1,1,0,0,0,0,0,391743.7541,6675014.744
tieliikenne_2016.371,371,POINT (385189.2253 6674645.5041),2016,12,03.00-03.59,2,9,1,0,0,0,0,0,0,385189.2253,6674645.5041
tieliikenne_2016.372,372,POINT (385295.6375 6672725.5938),2016,12,02.00-02.59,2,6,1,0,1,0,0,0,0,385295.6375,6672725.5938
tieliikenne_2016.373,373,POINT (382357.6909 6675921.1311),2016,12,23.00-23.59,2,8,1,0,0,0,0,0,0,382357.6909,6675921.1311
tieliikenne_2016.374,374,POINT (386081.312 6675659.4948),2016,12,13.00-13.59,2,0,2,1,0,0,0,0,0,386081.312,6675659.4948
tieliikenne_2016.375,375,POINT (386877.2777 6673329.1323),2016,12,02.00-02.59,2,8,1,0,0,0,0,0,0,386877.2777,6673329.1323
tieliikenne_2016.376,376,POINT (390822.9217 6674686.1824),2016,12,05.00-05.59,2,4,1,1,0,0,0,0,0,390822.9217,6674686.1824
tieliikenne_2016.377,377,POINT (392851.3017 6676149.4961),2016,12,02.00-02.59,2,0,2,0,0,0,0,0,0,392851.3017,6676149.4961
tieliikenne_2016.378,378,POINT (385218.352 6672840.0049),2016,12,14.00-14.59,2,5,1,0,0,0,0,0,1,385218.352,6672840.0049
tieliikenne_2016.379,379,POINT (391640.2291 6675993.0714),2016,12,13.00-13.59,1,8,9,0,4,0,0,0,0,391640.2291,6675993.0714
tieliikenne_2016.380,380,POINT (394850.3823 6676080.9886),2016,12,15.00-15.59,2,0,2,1,0,0,0,0,0,394850.3823,6676080.9886
tieliikenne_2016.381,381,POINT (354391.5511 6664899.1078),2016,1,03.00-03.59,2,8,1,0,0,0,0,0,0,354391.5511,6664899.1078
tieliikenne_2016.382,382,POINT (313385.7152 6662027.4223),2016,1,12.00-12.59,2,5,2,0,0,0,0,0,0,313385.7152,6662027.4223
tieliikenne_2016.383,383,POINT (343276.8697 6663972.4998),2016,1,16.00-16.59,2,0,2,0,0,0,0,0,0,343276.8697,6663972.4998
tieliikenne_2016.384,384,POINT (351372.0245 6692610.9501),2016,1,17.00-17.59,3,4,1,1,0,0,0,0,0,351372.0245,6692610.9501
tieliikenne_2016.385,385,POINT (331671.0462 6725679.1175),2016,1,10.00-10.59,2,8,1,0,0,0,0,0,0,331671.0462,6725679.1175
tieliikenne_2016.386,386,POINT (352728.6248 6705873.6283),2016,1,08.00-08.59,2,9,2,0,0,0,0,0,0,352728.6248,6705873.6283
tieliikenne_2016.387,387,POINT (378908.1456 6676194.6967),2016,1,13.00-13.59,2,1,2,0,0,0,0,0,0,378908.1456,6676194.6967
tieliikenne_2016.388,388,POINT (359247.0115 6699028.8807),2016,1,11.00-11.59,2,0,1,1,0,0,0,0,0,359247.0115,6699028.8807
tieliikenne_2016.389,389,POINT (377869.7629 6675910.4115),2016,1,09.00-09.59,2,5,3,0,0,0,0,0,0,377869.7629,6675910.4115
tieliikenne_2016.390,390,POINT (375557.4454 6684605.7933),2016,1,15.00-15.59,2,7,1,0,1,0,0,0,0,375557.4454,6684605.7933
tieliikenne_2016.391,391,POINT (352304.1754 6686896.0579),2016,1,18.00-18.59,2,8,1,0,0,0,0,0,0,352304.1754,6686896.0579
tieliikenne_2016.392,392,POINT (329249.9017 6693109.227),2016,1,06.00-06.59,3,8,1,0,0,0,0,0,0,329249.9017,6693109.227
tieliikenne_2016.393,393,POINT (358869.0262 6683363.4659),2016,1,06.00-06.59,3,8,1,0,0,0,0,0,0,358869.0262,6683363.4659
tieliikenne_2016.394,394,POINT (273874.6514 6639180.7929),2016,1,11.00-11.59,2,7,1,0,1,0,0,0,0,273874.6514,6639180.7929
tieliikenne_2016.395,395,POINT (373452.0833 6678626.079),2016,1,14.00-14.59,2,8,1,0,0,0,0,0,0,373452.0833,6678626.079
tieliikenne_2016.396,396,POINT (378930.4556 6677646.0479),2016,1,18.00-18.59,2,0,3,0,0,0,0,0,0,378930.4556,6677646.0479
tieliikenne_2016.397,397,POINT (353832.1895 6667556.166),2016,1,22.00-22.59,2,8,1,0,0,0,0,0,0,353832.1895,6667556.166
tieliikenne_2016.398,398,POINT (341441.2352 6685433.3785),2016,1,09.00-09.59,3,6,1,0,1,0,0,0,0,341441.2352,6685433.3785
tieliikenne_2016.399,399,POINT (369918.0773 6686038.5382),2016,1,20.00-20.59,2,8,1,0,0,0,0,0,0,369918.0773,6686038.5382
tieliikenne_2016.400,400,POINT (329212.3438 6672782.1476),2016,1,05.00-05.59,1,2,1,1,0,0,0,0,0,329212.3438,6672782.1476
tieliikenne_2016.401,401,POINT (311226.4604 6649827.2682),2016,4,06.00-06.59,2,9,1,0,0,0,0,0,0,311226.4604,6649827.2682
tieliikenne_2016.402,402,POINT (378735.1902 6678410.973),2016,2,03.00-03.59,2,8,1,0,0,0,0,0,0,378735.1902,6678410.973
tieliikenne_2016.403,403,POINT (374167.4755 6677083.059),2016,2,19.00-19.59,2,7,1,0,1,0,0,0,0,374167.4755,6677083.059
tieliikenne_2016.404,404,POINT (335885.2264 6681178.9467),2016,2,13.00-13.59,2,4,1,0,0,1,0,0,0,335885.2264,6681178.9467
tieliikenne_2016.405,405,POINT (374284.2518 6682659.4388),2016,2,15.00-15.59,3,0,2,0,0,0,0,0,0,374284.2518,6682659.4388
tieliikenne_2016.406,406,POINT (287416.022 6656912.3429),2016,4,19.00-19.59,2,8,1,0,0,0,0,0,0,287416.022,6656912.3429
tieliikenne_2016.407,407,POINT (373934.8525 6672232.7743),2016,5,14.00-14.59,3,4,0,1,0,1,0,0,0,373934.8525,6672232.7743
tieliikenne_2016.408,408,POINT (345210.2827 6692862.8953),2016,5,10.00-10.59,2,9,1,0,0,0,0,0,0,345210.2827,6692862.8953
tieliikenne_2016.409,409,POINT (352333.25 6693573.19),2016,4,14.00-14.59,1,8,0,0,0,0,0,1,0,352333.25,6693573.19
tieliikenne_2016.410,410,POINT (371956.3723 6679486.1615),2016,2,12.00-12.59,2,0,2,0,0,0,0,0,0,371956.3723,6679486.1615
tieliikenne_2016.411,411,POINT (380034.5475 6678869.1448),2016,2,07.00-07.59,2,0,1,1,0,0,0,0,0,380034.5475,6678869.1448
tieliikenne_2016.412,412,POINT (339388.3824 6693542.1568),2016,2,07.00-07.59,2,2,2,0,0,0,0,0,0,339388.3824,6693542.1568
tieliikenne_2016.413,413,POINT (369901.0267 6670346.7705),2016,2,10.00-10.59,2,0,1,0,0,0,0,1,0,369901.0267,6670346.7705
tieliikenne_2016.414,414,POINT (278329.0036 6642494.373),2016,5,22.00-22.59,2,9,0,0,0,0,0,1,0,278329.0036,6642494.373
tieliikenne_2016.415,415,POINT (304086.2112 6646076.1248),2016,5,10.00-10.59,2,9,0,0,0,0,0,1,0,304086.2112,6646076.1248
tieliikenne_2016.416,416,POINT (376863.635 6681607.609),2016,2,23.00-23.59,2,8,1,0,0,0,0,0,0,376863.635,6681607.609
tieliikenne_2016.417,417,POINT (374664.1751 6671192.7314),2016,2,00.00-00.59,2,9,3,0,0,0,0,0,0,374664.1751,6671192.7314
tieliikenne_2016.418,418,POINT (374100.3226 6673006.7687),2016,3,16.00-16.59,2,6,1,0,1,0,0,0,0,374100.3226,6673006.7687
tieliikenne_2016.419,419,POINT (347180.7102 6665244.4379),2016,3,15.00-15.59,2,3,2,0,0,0,0,0,0,347180.7102,6665244.4379
tieliikenne_2016.420,420,POINT (341818.2705 6687098.8314),2016,3,13.00-13.59,2,0,2,0,0,0,0,0,0,341818.2705,6687098.8314
tieliikenne_2016.421,421,POINT (358561.6492 6681671.1634),2016,7,01.00-01.59,2,9,0,0,0,0,0,1,0,358561.6492,6681671.1634
tieliikenne_2016.422,422,POINT (295815.8523 6650793.3272),2016,3,20.00-20.59,1,2,1,1,0,0,0,0,0,295815.8523,6650793.3272
tieliikenne_2016.423,423,POINT (379583.9153 6672235.4944),2016,3,17.00-17.59,2,2,0,0,0,2,0,0,0,379583.9153,6672235.4944
tieliikenne_2016.424,424,POINT (284578.2304 6644676.5617),2016,3,11.00-11.59,3,2,1,2,0,0,0,0,0,284578.2304,6644676.5617
tieliikenne_2016.425,425,POINT (337821.2587 6682986.1219),2016,3,08.00-08.59,2,6,1,0,1,0,0,0,0,337821.2587,6682986.1219
tieliikenne_2016.426,426,POINT (357159.3454 6667569.221),2016,3,07.00-07.59,3,2,1,1,0,0,0,0,0,357159.3454,6667569.221
tieliikenne_2016.427,427,POINT (376219.7609 6673870.1828),2016,3,07.00-07.59,2,1,1,0,0,0,1,0,0,376219.7609,6673870.1828
tieliikenne_2016.428,428,POINT (318354.846 6664578.015),2016,7,23.00-23.59,3,9,2,0,0,0,0,0,0,318354.846,6664578.015
tieliikenne_2016.429,429,POINT (370023.047 6678410.1171),2016,3,04.00-04.59,2,8,1,0,0,0,0,0,0,370023.047,6678410.1171
tieliikenne_2016.430,430,POINT (352801.4645 6704178.4357),2016,3,00.00-00.59,2,8,1,0,0,0,0,0,0,352801.4645,6704178.4357
tieliikenne_2016.431,431,POINT (316532.7043 6678257.0626),2016,8,07.00-07.59,2,9,0,0,0,0,0,1,0,316532.7043,6678257.0626
tieliikenne_2016.432,432,POINT (349242.694 6711843.5895),2016,8,21.00-21.59,2,9,1,0,0,0,0,0,0,349242.694,6711843.5895
tieliikenne_2016.433,433,POINT (367415.7095 6673834.885),2016,4,07.00-07.59,2,8,1,0,0,0,0,0,0,367415.7095,6673834.885
tieliikenne_2016.434,434,POINT (353500.437 6689319.1083),2016,8,22.00-22.59,3,9,1,0,0,0,0,0,0,353500.437,6689319.1083
tieliikenne_2016.435,435,POINT (379171.8462 6673433.0882),2016,4,11.00-11.59,2,0,4,0,0,0,0,0,0,379171.8462,6673433.0882
tieliikenne_2016.436,436,POINT (346331.2987 6714207.1828),2016,4,21.00-21.59,2,8,1,0,0,0,0,0,0,346331.2987,6714207.1828
tieliikenne_2016.437,437,POINT (333997.7318 6724906.4933),2016,9,05.00-05.59,2,9,1,0,0,0,0,0,0,333997.7318,6724906.4933
tieliikenne_2016.438,438,POINT (373608.4908 6681881.1825),2016,9,06.00-06.59,2,9,1,0,0,0,0,0,0,373608.4908,6681881.1825
tieliikenne_2016.439,439,POINT (299926.6425 6655117.0323),2016,4,19.00-19.59,2,1,1,1,0,0,0,0,0,299926.6425,6655117.0323
tieliikenne_2016.440,440,POINT (376526.1921 6676822.1464),2016,4,08.00-08.59,2,4,1,0,0,1,0,0,0,376526.1921,6676822.1464
tieliikenne_2016.441,441,POINT (348758.2624 6713890.3707),2016,4,07.00-07.59,2,1,1,0,0,1,0,0,0,348758.2624,6713890.3707
tieliikenne_2016.442,442,POINT (380175.9629 6678924.3423),2016,4,11.00-11.59,2,9,2,0,0,0,0,0,1,380175.9629,6678924.3423
tieliikenne_2016.443,443,POINT (369163.6893 6676632.9028),2016,4,13.00-13.59,2,7,1,0,1,0,0,0,0,369163.6893,6676632.9028
tieliikenne_2016.444,444,POINT (318627.7832 6664535.4149),2016,4,20.00-20.59,2,8,0,0,0,0,0,1,0,318627.7832,6664535.4149
tieliikenne_2016.445,445,POINT (316180.5272 6664475.4222),2016,4,08.00-08.59,2,8,1,0,0,0,0,0,0,316180.5272,6664475.4222
tieliikenne_2016.446,446,POINT (374867.0725 6676900.779),2016,4,20.00-20.59,2,8,1,0,0,0,0,0,0,374867.0725,6676900.779
tieliikenne_2016.447,447,POINT (301199.97 6653814.1438),2016,10,11.00-11.59,1,9,0,0,0,1,0,0,0,301199.97,6653814.1438
tieliikenne_2016.448,448,POINT (334791.5077 6696991.1767),2016,4,22.00-22.59,2,8,1,0,0,0,0,0,0,334791.5077,6696991.1767
tieliikenne_2016.449,449,POINT (361585.2344 6669210.4673),2016,4,11.00-11.59,2,8,1,0,0,0,0,0,0,361585.2344,6669210.4673
tieliikenne_2016.450,450,POINT (350786.0354 6709060.0888),2016,11,16.00-16.59,2,9,1,0,0,0,0,0,0,350786.0354,6709060.0888
tieliikenne_2016.451,451,POINT (357191.0931 6686165.8025),2016,11,08.00-08.59,2,9,2,1,0,0,0,0,0,357191.0931,6686165.8025
tieliikenne_2016.452,452,POINT (285462.7676 6665456.2662),2016,4,16.00-16.59,2,8,1,0,0,0,0,0,0,285462.7676,6665456.2662
tieliikenne_2016.453,453,POINT (332302.3105 6702710.7057),2016,4,16.00-16.59,3,2,0,0,0,0,0,1,1,332302.3105,6702710.7057
tieliikenne_2016.454,454,POINT (371043.0474 6673648.0745),2016,5,17.00-17.59,2,8,1,0,0,0,0,0,0,371043.0474,6673648.0745
tieliikenne_2016.455,455,POINT (314421.5573 6662539.6822),2016,5,06.00-06.59,2,8,1,0,0,0,0,0,0,314421.5573,6662539.6822
tieliikenne_2016.456,456,POINT (337999.0872 6692620.6361),2016,5,16.00-16.59,2,0,1,0,0,0,1,0,0,337999.0872,6692620.6361
tieliikenne_2016.457,457,POINT (377856.8422 6671115.8831),2016,5,21.00-21.59,3,8,1,0,0,0,0,0,0,377856.8422,6671115.8831
tieliikenne_2016.458,458,POINT (354699.8753 6679447.8489),2016,12,20.00-20.59,2,9,1,0,0,0,0,0,0,354699.8753,6679447.8489
tieliikenne_2016.459,459,POINT (292499.8312 6663008.374),2016,5,02.00-02.59,2,8,1,0,0,0,0,0,0,292499.8312,6663008.374
tieliikenne_2016.460,460,POINT (341373.8496 6682666.7557),2016,5,18.00-18.59,2,0,0,0,0,0,4,0,0,341373.8496,6682666.7557
tieliikenne_2016.461,461,POINT (377397.9145 6678373.9863),2016,5,17.00-17.59,2,2,2,0,0,0,0,0,0,377397.9145,6678373.9863
tieliikenne_2016.462,462,POINT (315085.3569 6664055.039),2016,5,20.00-20.59,2,4,1,0,0,0,1,0,0,315085.3569,6664055.039
tieliikenne_2016.463,463,POINT (370911.7974 6675715.5671),2016,5,15.00-15.59,2,4,1,0,0,1,0,0,0,370911.7974,6675715.5671
tieliikenne_2016.464,464,POINT (355589.1327 6680902.5835),2016,5,17.00-17.59,3,8,0,0,0,0,0,1,0,355589.1327,6680902.5835
tieliikenne_2016.465,465,POINT (374079.209 6678576.8506),2016,5,14.00-14.59,2,1,1,0,0,1,0,0,0,374079.209,6678576.8506
tieliikenne_2016.466,466,POINT (334925.8953 6696879.163),2016,5,19.00-19.59,2,8,0,0,0,0,0,1,0,334925.8953,6696879.163
tieliikenne_2016.467,467,POINT (331547.5607 6706959.3432),2016,5,18.00-18.59,2,4,1,0,0,0,1,0,0,331547.5607,6706959.3432
tieliikenne_2016.468,468,POINT (364470.0286 6705920.9461),2016,5,01.00-01.59,1,8,1,0,0,0,0,0,0,364470.0286,6705920.9461
tieliikenne_2016.469,469,POINT (365023.4719 6666139.6481),2016,5,05.00-05.59,2,8,1,0,0,0,0,0,0,365023.4719,6666139.6481
tieliikenne_2016.470,470,POINT (376281.9034 6680317.4721),2016,5,10.00-10.59,2,1,1,0,0,1,0,0,0,376281.9034,6680317.4721
tieliikenne_2016.471,471,POINT (327296.2097 6691105.8034),2016,5,13.00-13.59,2,1,2,0,0,0,0,0,0,327296.2097,6691105.8034
tieliikenne_2016.472,472,POINT (335854.7052 6681093.0604),2016,5,15.00-15.59,2,0,2,1,0,0,0,0,0,335854.7052,6681093.0604
tieliikenne_2016.473,473,POINT (330504.8537 6675958.1217),2016,5,13.00-13.59,2,8,1,0,0,0,0,0,0,330504.8537,6675958.1217
tieliikenne_2016.474,474,POINT (377920.768 6677020.9957),2016,5,16.00-16.59,2,4,0,0,0,1,0,0,1,377920.768,6677020.9957
tieliikenne_2016.475,475,POINT (301507.4605 6654355.5833),2016,5,14.00-14.59,2,9,1,0,0,1,0,0,0,301507.4605,6654355.5833
tieliikenne_2016.476,476,POINT (367885.0402 6713170.6979),2016,5,14.00-14.59,2,2,2,0,0,0,0,0,0,367885.0402,6713170.6979
tieliikenne_2016.477,477,POINT (336074.248 6685270.2295),2016,5,13.00-13.59,2,1,1,0,0,1,0,0,0,336074.248,6685270.2295
tieliikenne_2016.478,478,POINT (301246.6976 6654118.6828),2016,5,16.00-16.59,2,6,1,0,1,0,0,0,0,301246.6976,6654118.6828
tieliikenne_2016.479,479,POINT (371021.8833 6676452.0793),2016,5,16.00-16.59,2,6,0,0,1,0,1,0,0,371021.8833,6676452.0793
tieliikenne_2016.480,480,POINT (378538.8408 6674122.0683),2016,6,14.00-14.59,2,4,2,0,0,0,0,0,0,378538.8408,6674122.0683
tieliikenne_2016.481,481,POINT (374743.4441 6672273.54),2016,6,14.00-14.59,2,5,1,0,0,1,0,0,0,374743.4441,6672273.54
tieliikenne_2016.482,482,POINT (356180.4472 6686919.7398),2016,6,07.00-07.59,2,3,1,0,0,1,0,0,0,356180.4472,6686919.7398
tieliikenne_2016.483,483,POINT (352557.1459 6692950.369),2016,6,11.00-11.59,2,2,0,0,0,1,1,0,0,352557.1459,6692950.369
tieliikenne_2016.484,484,POINT (374191.8816 6672566.7408),2016,6,16.00-16.59,2,4,1,0,0,1,0,0,0,374191.8816,6672566.7408
tieliikenne_2016.485,485,POINT (375180.6693 6671589.6898),2016,6,22.00-22.59,2,8,1,0,0,0,0,0,0,375180.6693,6671589.6898
tieliikenne_2016.486,486,POINT (373522.5686 6671855.1244),2016,6,14.00-14.59,2,2,2,0,0,0,0,0,0,373522.5686,6671855.1244
tieliikenne_2016.487,487,POINT (350423.4063 6692446.5171),2016,6,20.00-20.59,2,9,0,0,0,0,0,0,1,350423.4063,6692446.5171
tieliikenne_2016.488,488,POINT (336515.8616 6683250.6629),2016,6,21.00-21.59,3,9,0,0,0,0,1,0,0,336515.8616,6683250.6629
tieliikenne_2016.489,489,POINT (377261.616 6677185.7222),2016,5,20.00-20.59,2,7,0,0,1,0,1,0,0,377261.616,6677185.7222
tieliikenne_2016.490,490,POINT (314567 6665156),2016,6,16.00-16.59,2,8,1,0,0,0,0,0,0,314567,6665156
tieliikenne_2016.491,491,POINT (369209.9011 6671275.3099),2016,6,21.00-21.59,2,4,1,0,0,0,1,0,0,369209.9011,6671275.3099
tieliikenne_2016.492,492,POINT (371220.7732 6673723.2181),2016,6,17.00-17.59,2,0,2,0,0,0,0,0,1,371220.7732,6673723.2181
tieliikenne_2016.493,493,POINT (358745.7101 6685372.694),2016,6,12.00-12.59,2,0,2,0,0,0,0,0,0,358745.7101,6685372.694
tieliikenne_2016.494,494,POINT (314180.6914 6664273.5172),2016,6,21.00-21.59,2,0,0,0,0,0,1,1,0,314180.6914,6664273.5172
tieliikenne_2016.495,495,POINT (337909.0771 6661784.7326),2016,6,17.00-17.59,3,3,1,0,0,0,0,1,0,337909.0771,6661784.7326
tieliikenne_2016.496,496,POINT (373493.3493 6678634.1451),2016,6,01.00-01.59,2,7,1,0,1,0,0,0,0,373493.3493,6678634.1451
tieliikenne_2016.497,497,POINT (335303.7928 6680014.1366),2016,6,15.00-15.59,2,0,0,0,0,1,1,0,0,335303.7928,6680014.1366
tieliikenne_2016.498,498,POINT (275505.6647 6640035.0222),2016,6,13.00-13.59,2,4,0,1,0,1,0,0,0,275505.6647,6640035.0222
tieliikenne_2016.499,499,POINT (350853.3787 6692682.0733),2016,6,19.00-19.59,2,2,1,0,0,1,0,0,0,350853.3787,6692682.0733
tieliikenne_2016.500,500,POINT (375083.3929 6671423.1085),2016,6,08.00-08.59,2,1,1,0,0,1,0,0,0,375083.3929,6671423.1085
tieliikenne_2016.501,501,POINT (353106.7425 6698017.1373),2016,6,02.00-02.59,1,8,0,0,0,0,0,0,1,353106.7425,6698017.1373
tieliikenne_2016.502,502,POINT (378541.9687 6677858.8159),2016,6,20.00-20.59,2,0,1,0,0,0,1,0,0,378541.9687,6677858.8159
tieliikenne_2016.503,503,POINT (377223.0619 6674077.0206),2016,6,17.00-17.59,3,2,0,0,0,1,1,0,0,377223.0619,6674077.0206
tieliikenne_2016.504,504,POINT (360001.2728 6667307.1429),2016,6,17.00-17.59,2,8,1,0,0,0,0,0,0,360001.2728,6667307.1429
tieliikenne_2016.505,505,POINT (367243.0851 6676458.6127),2016,7,06.00-06.59,2,2,2,0,0,0,0,0,0,367243.0851,6676458.6127
tieliikenne_2016.506,506,POINT (375290.7425 6671889.4613),2016,7,21.00-21.59,3,2,2,0,0,0,0,0,0,375290.7425,6671889.4613
tieliikenne_2016.507,507,POINT (308307.8942 6667802.303),2016,7,09.00-09.59,2,3,2,1,0,0,0,0,0,308307.8942,6667802.303
tieliikenne_2016.508,508,POINT (357491.3938 6668213.4806),2016,7,18.00-18.59,2,2,1,0,0,1,0,0,0,357491.3938,6668213.4806
tieliikenne_2016.509,509,POINT (274233.1014 6638539.3841),2016,7,03.00-03.59,2,9,1,0,0,1,0,0,0,274233.1014,6638539.3841
tieliikenne_2016.510,510,POINT (348476.5134 6712931.7464),2016,7,17.00-17.59,2,8,0,0,0,0,0,1,0,348476.5134,6712931.7464
tieliikenne_2016.511,511,POINT (369723.114 6670555.9044),2016,7,13.00-13.59,1,8,1,0,0,0,0,0,0,369723.114,6670555.9044
tieliikenne_2016.512,512,POINT (357984.0924 6666952.1045),2016,7,11.00-11.59,2,5,1,0,0,1,0,0,0,357984.0924,6666952.1045
tieliikenne_2016.513,513,POINT (364144.0201 6694302.8342),2016,7,15.00-15.59,3,8,1,0,0,0,0,0,0,364144.0201,6694302.8342
tieliikenne_2016.514,514,POINT (336413.2251 6698501.1132),2016,7,02.00-02.59,1,8,1,0,0,0,0,0,0,336413.2251,6698501.1132
tieliikenne_2016.515,515,POINT (357894.8068 6667547.4106),2016,7,14.00-14.59,2,0,0,0,0,0,3,0,0,357894.8068,6667547.4106
tieliikenne_2016.516,516,POINT (324889.596 6690961.639),2016,7,15.00-15.59,2,8,0,0,0,0,0,1,0,324889.596,6690961.639
tieliikenne_2016.517,517,POINT (354243.3069 6696730.3371),2016,7,18.00-18.59,3,8,0,0,0,0,0,1,0,354243.3069,6696730.3371
tieliikenne_2016.518,518,POINT (378756 6677971),2016,7,20.00-20.59,2,0,1,0,0,0,1,0,0,378756,6677971
tieliikenne_2016.519,519,POINT (378511.8786 6675650.7036),2016,6,16.00-16.59,2,0,2,0,0,0,0,0,0,378511.8786,6675650.7036
tieliikenne_2016.520,520,POINT (361593.4883 6682699.8328),2016,7,12.00-12.59,2,2,2,0,0,0,0,0,0,361593.4883,6682699.8328
tieliikenne_2016.521,521,POINT (354835.6519 6712254.1196),2016,7,15.00-15.59,2,8,0,0,0,0,0,1,0,354835.6519,6712254.1196
tieliikenne_2016.522,522,POINT (329946.382 6677372.0848),2016,7,20.00-20.59,2,8,1,0,0,0,0,0,0,329946.382,6677372.0848
tieliikenne_2016.523,523,POINT (337825.025 6680928.5658),2016,7,04.00-04.59,2,8,1,0,0,0,0,0,0,337825.025,6680928.5658
tieliikenne_2016.524,524,POINT (374588.2873 6678639.4279),2016,8,20.00-20.59,2,1,1,0,0,1,0,0,0,374588.2873,6678639.4279
tieliikenne_2016.525,525,POINT (337453.0252 6683930.6849),2016,8,19.00-19.59,2,8,0,0,0,0,1,0,0,337453.0252,6683930.6849
tieliikenne_2016.526,526,POINT (379257.904 6677583.504),2016,8,13.00-13.59,3,4,1,0,0,1,0,0,0,379257.904,6677583.504
tieliikenne_2016.527,527,POINT (374273.7161 6677253.2471),2016,8,07.00-07.59,2,8,1,0,0,0,0,0,0,374273.7161,6677253.2471
tieliikenne_2016.528,528,POINT (357005.8008 6696171.8645),2016,8,16.00-16.59,3,2,0,0,0,0,2,0,0,357005.8008,6696171.8645
tieliikenne_2016.529,529,POINT (371322.5656 6669695.7417),2016,8,18.00-18.59,2,4,1,0,0,1,0,0,0,371322.5656,6669695.7417
tieliikenne_2016.530,530,POINT (293672.2354 6664391.8786),2016,8,14.00-14.59,2,8,1,0,0,0,0,0,0,293672.2354,6664391.8786
tieliikenne_2016.531,531,POINT (378917.5097 6679120.1714),2016,8,15.00-15.59,2,0,1,0,0,0,0,1,0,378917.5097,6679120.1714
tieliikenne_2016.532,532,POINT (375495.1654 6676569.4085),2016,8,15.00-15.59,2,0,1,0,0,0,0,1,0,375495.1654,6676569.4085
tieliikenne_2016.533,533,POINT (372564.867 6673032.5329),2016,8,21.00-21.59,3,0,1,0,0,0,0,1,0,372564.867,6673032.5329
tieliikenne_2016.534,534,POINT (360907.4623 6664879.0248),2016,8,15.00-15.59,2,8,0,0,0,0,0,1,0,360907.4623,6664879.0248
tieliikenne_2016.535,535,POINT (377915.0319 6678338.9843),2016,8,16.00-16.59,2,2,0,0,0,1,1,0,0,377915.0319,6678338.9843
tieliikenne_2016.536,536,POINT (345770.9819 6687774.635),2016,8,07.00-07.59,2,4,1,0,0,0,1,0,0,345770.9819,6687774.635
tieliikenne_2016.537,537,POINT (301198.6491 6653880.2211),2016,8,13.00-13.59,2,9,1,0,1,0,0,0,0,301198.6491,6653880.2211
tieliikenne_2016.538,538,POINT (275195.7354 6639962.1511),2016,8,06.00-06.59,2,4,1,0,0,0,0,1,0,275195.7354,6639962.1511
tieliikenne_2016.539,539,POINT (374755.7605 6673160.3912),2016,8,08.00-08.59,2,9,0,0,0,0,1,0,0,374755.7605,6673160.3912
tieliikenne_2016.540,540,POINT (337557.0252 6683864.1413),2016,8,13.00-13.59,2,5,1,0,0,0,1,0,0,337557.0252,6683864.1413
tieliikenne_2016.541,541,POINT (379283.0953 6672882.1515),2016,8,08.00-08.59,2,9,0,0,0,1,0,0,0,379283.0953,6672882.1515
tieliikenne_2016.542,542,POINT (273615.5613 6638635.7367),2016,8,16.00-16.59,2,9,0,0,0,0,1,0,0,273615.5613,6638635.7367
tieliikenne_2016.543,543,POINT (339519.4397 6682865.55),2016,8,14.00-14.59,2,8,0,0,0,0,0,1,0,339519.4397,6682865.55
tieliikenne_2016.544,544,POINT (339773.7345 6683687.9228),2016,8,09.00-09.59,3,4,0,1,0,0,1,0,0,339773.7345,6683687.9228
tieliikenne_2016.545,545,POINT (343690.6146 6695292.2022),2016,8,11.00-11.59,2,3,1,0,0,0,0,1,0,343690.6146,6695292.2022
tieliikenne_2016.546,546,POINT (372125.5004 6671591.782),2016,8,15.00-15.59,2,0,3,0,0,0,0,0,0,372125.5004,6671591.782
tieliikenne_2016.547,547,POINT (347049.7307 6669924.0554),2016,8,20.00-20.59,2,0,0,0,0,0,2,0,0,347049.7307,6669924.0554
tieliikenne_2016.548,548,POINT (334718.7728 6679057.3242),2016,8,14.00-14.59,2,1,1,0,0,0,1,0,0,334718.7728,6679057.3242
tieliikenne_2016.549,549,POINT (338870.0957 6707531.8546),2016,8,07.00-07.59,3,1,1,0,0,0,1,0,0,338870.0957,6707531.8546
tieliikenne_2016.550,550,POINT (352425.7923 6692746.1361),2016,8,10.00-10.59,3,8,1,0,0,0,0,0,0,352425.7923,6692746.1361
tieliikenne_2016.551,551,POINT (357861.1168 6667947.8683),2016,8,16.00-16.59,2,0,1,0,0,0,1,0,0,357861.1168,6667947.8683
tieliikenne_2016.552,552,POINT (375343.205 6678337.0927),2016,8,05.00-05.59,2,2,2,0,0,0,0,0,0,375343.205,6678337.0927
tieliikenne_2016.553,553,POINT (338631.1647 6682434.2353),2016,8,15.00-15.59,2,6,1,0,1,0,0,0,0,338631.1647,6682434.2353
tieliikenne_2016.554,554,POINT (371995.4443 6671298.4805),2016,9,03.00-03.59,2,8,1,0,0,0,0,0,0,371995.4443,6671298.4805
tieliikenne_2016.555,555,POINT (351877.011 6691675.6907),2016,9,14.00-14.59,2,5,0,1,0,0,1,0,0,351877.011,6691675.6907
tieliikenne_2016.556,556,POINT (345471.9669 6714303.9015),2016,9,02.00-02.59,2,9,0,0,0,0,1,0,0,345471.9669,6714303.9015
tieliikenne_2016.557,557,POINT (370941.4577 6673742.4429),2016,9,19.00-19.59,2,0,2,0,0,0,0,0,0,370941.4577,6673742.4429
tieliikenne_2016.558,558,POINT (337624.0299 6683053.4085),2016,9,22.00-22.59,2,9,0,0,0,0,1,0,0,337624.0299,6683053.4085
tieliikenne_2016.559,559,POINT (327178.9428 6662084.4536),2016,9,17.00-17.59,2,1,2,0,0,0,0,0,0,327178.9428,6662084.4536
tieliikenne_2016.560,560,POINT (370720.9813 6678383.7229),2016,9,05.00-05.59,2,4,1,1,0,0,0,0,0,370720.9813,6678383.7229
tieliikenne_2016.561,561,POINT (378193.0873 6674498.6813),2016,9,16.00-16.59,2,3,1,0,0,1,0,0,0,378193.0873,6674498.6813
tieliikenne_2016.562,562,POINT (374150.7687 6689434.2328),2016,9,14.00-14.59,2,8,1,0,0,0,0,0,0,374150.7687,6689434.2328
tieliikenne_2016.563,563,POINT (378932.7129 6676642.0229),2016,9,16.00-16.59,2,0,1,0,0,0,0,1,0,378932.7129,6676642.0229
tieliikenne_2016.564,564,POINT (368538.2298 6670959.7397),2016,9,21.00-21.59,2,8,1,0,0,0,0,0,0,368538.2298,6670959.7397
tieliikenne_2016.565,565,POINT (360465.6067 6658606.1085),2016,9,12.00-12.59,2,8,0,0,0,0,0,1,0,360465.6067,6658606.1085
tieliikenne_2016.566,566,POINT (361534.2528 6676764.2789),2016,9,16.00-16.59,2,5,1,0,0,1,0,0,0,361534.2528,6676764.2789
tieliikenne_2016.567,567,POINT (352298.5593 6665671.9847),2016,9,14.00-14.59,1,3,1,0,0,1,0,0,0,352298.5593,6665671.9847
tieliikenne_2016.568,568,POINT (364719.4049 6681303.8237),2016,9,12.00-12.59,2,8,1,0,0,0,0,0,0,364719.4049,6681303.8237
tieliikenne_2016.569,569,POINT (356220.7223 6700782.421),2016,9,18.00-18.59,2,2,2,0,0,0,0,0,0,356220.7223,6700782.421
tieliikenne_2016.570,570,POINT (334457.3471 6661866.4151),2016,9,17.00-17.59,2,5,2,0,0,0,0,0,0,334457.3471,6661866.4151
tieliikenne_2016.571,571,POINT (364889.7194 6681255.5901),2016,9,00.00-00.59,3,8,1,0,0,0,0,0,0,364889.7194,6681255.5901
tieliikenne_2016.572,572,POINT (374261.1408 6676931.783),2016,9,16.00-16.59,2,0,2,0,0,0,0,0,0,374261.1408,6676931.783
tieliikenne_2016.573,573,POINT (361545.8256 6676776.44),2016,9,14.00-14.59,2,1,2,0,0,0,0,0,0,361545.8256,6676776.44
tieliikenne_2016.574,574,POINT (337900 6682653),2016,9,17.00-17.59,2,0,0,0,0,0,0,2,0,337900,6682653
tieliikenne_2016.575,575,POINT (276743.0413 6639087.6796),2016,10,16.00-16.59,2,4,1,0,0,0,1,0,0,276743.0413,6639087.6796
tieliikenne_2016.576,576,POINT (373023.8044 6675554.4135),2016,10,16.00-16.59,2,4,1,0,0,1,0,0,0,373023.8044,6675554.4135
tieliikenne_2016.577,577,POINT (373231.7904 6675185.8223),2016,10,09.00-09.59,2,2,1,0,0,1,0,0,0,373231.7904,6675185.8223
tieliikenne_2016.578,578,POINT (319022.3825 6697195.0855),2016,10,13.00-13.59,2,8,1,0,0,0,0,0,0,319022.3825,6697195.0855
tieliikenne_2016.579,579,POINT (337282.4494 6682569.3995),2016,10,16.00-16.59,2,1,1,0,0,1,0,0,0,337282.4494,6682569.3995
tieliikenne_2016.580,580,POINT (301433.046 6654398.6422),2016,10,16.00-16.59,3,3,1,0,0,0,0,1,0,301433.046,6654398.6422
tieliikenne_2016.581,581,POINT (282552.382 6653437.498),2016,10,15.00-15.59,1,8,1,0,0,0,0,0,0,282552.382,6653437.498
tieliikenne_2016.582,582,POINT (352065.6148 6701909.6174),2016,10,07.00-07.59,1,7,0,1,1,0,0,0,0,352065.6148,6701909.6174
tieliikenne_2016.583,583,POINT (378436.8136 6676649.6302),2016,10,21.00-21.59,2,8,1,0,0,0,0,0,0,378436.8136,6676649.6302
tieliikenne_2016.584,584,POINT (303593.5922 6665912.2485),2016,10,14.00-14.59,2,2,2,0,0,0,0,0,0,303593.5922,6665912.2485
tieliikenne_2016.585,585,POINT (378914.943 6679006.0015),2016,10,18.00-18.59,2,6,1,0,1,0,0,0,0,378914.943,6679006.0015
tieliikenne_2016.586,586,POINT (370540 6676139),2016,10,21.00-21.59,2,9,1,0,1,0,0,0,0,370540,6676139
tieliikenne_2016.587,587,POINT (352154.097 6691290.837),2016,10,16.00-16.59,2,9,0,0,0,0,1,0,0,352154.097,6691290.837
tieliikenne_2016.588,588,POINT (372506.6652 6677953.0805),2016,10,12.00-12.59,2,8,1,0,0,0,0,0,0,372506.6652,6677953.0805
tieliikenne_2016.589,589,POINT (379529.4435 6679020.1276),2016,10,07.00-07.59,2,6,1,0,1,0,0,0,0,379529.4435,6679020.1276
tieliikenne_2016.590,590,POINT (371904.8554 6671248.4004),2016,10,03.00-03.59,3,8,1,0,0,0,0,0,0,371904.8554,6671248.4004
tieliikenne_2016.591,591,POINT (374379.9 6678738.6635),2016,10,20.00-20.59,2,8,0,0,0,0,0,1,0,374379.9,6678738.6635
tieliikenne_2016.592,592,POINT (324390.8103 6688365.2015),2016,10,18.00-18.59,2,8,1,0,0,0,0,0,0,324390.8103,6688365.2015
tieliikenne_2016.593,593,POINT (378840.4217 6677902.8392),2016,10,20.00-20.59,2,8,1,0,2,0,0,0,0,378840.4217,6677902.8392
tieliikenne_2016.594,594,POINT (334990.41 6680478.273),2016,11,08.00-08.59,2,8,0,0,0,0,1,0,0,334990.41,6680478.273
tieliikenne_2016.595,595,POINT (294503.5435 6656166.7364),2016,11,07.00-07.59,2,8,1,0,0,0,0,0,0,294503.5435,6656166.7364
tieliikenne_2016.596,596,POINT (378511.1502 6677785.4764),2016,11,19.00-19.59,3,1,1,0,0,1,0,0,0,378511.1502,6677785.4764
tieliikenne_2016.597,597,POINT (365066.8744 6675380.9645),2016,11,00.00-00.59,2,8,1,0,0,0,0,0,0,365066.8744,6675380.9645
tieliikenne_2016.598,598,POINT (376593.6047 6671652.1275),2016,11,11.00-11.59,1,9,2,0,0,0,0,0,0,376593.6047,6671652.1275
tieliikenne_2016.599,599,POINT (357845.5019 6667947.6754),2016,11,12.00-12.59,2,5,2,0,0,0,0,0,0,357845.5019,6667947.6754
tieliikenne_2016.600,600,POINT (329029.1092 6673108.0202),2016,11,15.00-15.59,1,4,1,0,0,0,0,0,1,329029.1092,6673108.0202
tieliikenne_2016.601,601,POINT (375870.862 6678566.2629),2016,11,18.00-18.59,2,7,1,0,1,0,0,0,0,375870.862,6678566.2629
tieliikenne_2016.602,602,POINT (346781.2919 6688064.1913),2016,11,13.00-13.59,2,0,2,0,0,0,0,0,0,346781.2919,6688064.1913
tieliikenne_2016.603,603,POINT (342061.9448 6663776.7255),2016,11,17.00-17.59,2,8,0,1,0,0,0,0,0,342061.9448,6663776.7255
tieliikenne_2016.604,604,POINT (329532.7698 6673098.5648),2016,11,15.00-15.59,2,2,1,1,0,0,0,0,0,329532.7698,6673098.5648
tieliikenne_2016.605,605,POINT (364698.0185 6674174.9559),2016,11,16.00-16.59,2,0,4,0,0,0,0,0,0,364698.0185,6674174.9559
tieliikenne_2016.606,606,POINT (378747.1539 6678011.0823),2016,11,21.00-21.59,2,4,3,0,0,0,0,0,0,378747.1539,6678011.0823
tieliikenne_2016.607,607,POINT (337486.493 6682850.7714),2016,11,15.00-15.59,3,9,1,0,1,0,0,0,0,337486.493,6682850.7714
tieliikenne_2016.608,608,POINT (377875.8756 6673356.086),2016,11,17.00-17.59,2,4,1,0,0,1,0,0,0,377875.8756,6673356.086
tieliikenne_2016.609,609,POINT (353811.2073 6666078.7382),2016,11,16.00-16.59,2,0,1,1,0,0,0,0,0,353811.2073,6666078.7382
tieliikenne_2016.610,610,POINT (340596.7795 6663261.0385),2016,11,22.00-22.59,1,2,1,1,0,0,0,0,0,340596.7795,6663261.0385
tieliikenne_2016.611,611,POINT (312447.2303 6660257.904),2016,11,06.00-06.59,2,8,1,0,0,0,0,0,0,312447.2303,6660257.904
tieliikenne_2016.612,612,POINT (331578.2138 6703263.9794),2016,12,21.00-21.59,2,8,1,0,0,0,0,0,0,331578.2138,6703263.9794
tieliikenne_2016.613,613,POINT (379570.871 6673109.4235),2016,12,07.00-07.59,2,3,2,0,0,0,0,0,0,379570.871,6673109.4235
tieliikenne_2016.614,614,POINT (365014.4164 6700359.8573),2016,12,22.00-22.59,2,8,1,0,0,0,0,0,0,365014.4164,6700359.8573
tieliikenne_2016.615,615,POINT (349479.2716 6690729.4608),2016,12,10.00-10.59,2,3,3,0,0,0,0,0,0,349479.2716,6690729.4608
tieliikenne_2016.616,616,POINT (375277.7629 6672282.2701),2016,12,16.00-16.59,2,2,2,0,0,0,0,0,0,375277.7629,6672282.2701
tieliikenne_2016.617,617,POINT (361952.8471 6682536.7378),2016,12,12.00-12.59,2,8,1,0,0,0,0,0,0,361952.8471,6682536.7378
tieliikenne_2016.618,618,POINT (369945.0909 6677999.046),2016,12,11.00-11.59,2,8,1,0,0,0,0,0,0,369945.0909,6677999.046
tieliikenne_2016.619,619,POINT (362310.8089 6671774.5216),2016,12,20.00-20.59,2,8,1,0,0,0,0,0,0,362310.8089,6671774.5216
tieliikenne_2016.620,620,POINT (375703.2871 6683236.53),2016,12,07.00-07.59,2,0,9,0,0,0,0,0,0,375703.2871,6683236.53
tieliikenne_2016.621,621,POINT (369789.7615 6670478.2124),2016,12,16.00-16.59,2,7,1,0,1,0,0,0,0,369789.7615,6670478.2124
tieliikenne_2016.622,622,POINT (345175.5028 6717932.9001),2016,12,17.00-17.59,1,2,1,1,0,0,0,0,0,345175.5028,6717932.9001
tieliikenne_2016.623,623,POINT (375113.3835 6674443.3481),2016,12,13.00-13.59,2,4,2,0,0,0,0,0,0,375113.3835,6674443.3481
tieliikenne_2016.624,624,POINT (326214.7615 6670533.2559),2016,12,06.00-06.59,2,8,0,1,0,0,0,0,0,326214.7615,6670533.2559
tieliikenne_2016.625,625,POINT (302199.763 6653709.465),2016,12,16.00-16.59,2,4,1,0,0,1,0,0,0,302199.763,6653709.465
tieliikenne_2016.626,626,POINT (382859.5243 6682844.3071),2016,1,04.00-04.59,2,9,0,0,0,0,1,0,0,382859.5243,6682844.3071
tieliikenne_2016.627,627,POINT (406128.5447 6684580.885),2016,1,17.00-17.59,2,9,1,0,0,0,0,0,0,406128.5447,6684580.885
tieliikenne_2016.628,628,POINT (386271.9575 6721774.1836),2016,1,19.00-19.59,2,9,1,0,0,0,0,0,0,386271.9575,6721774.1836
tieliikenne_2016.629,629,POINT (451287.8974 6704622.294),2016,1,00.00-00.59,2,8,1,0,0,0,0,0,0,451287.8974,6704622.294
tieliikenne_2016.630,630,POINT (428718.2582 6698720.1662),2016,1,01.00-01.59,2,8,1,0,0,0,0,0,0,428718.2582,6698720.1662
tieliikenne_2016.631,631,POINT (405371.2796 6722643.4828),2016,1,02.00-02.59,2,8,1,0,0,0,0,0,0,405371.2796,6722643.4828
tieliikenne_2016.632,632,POINT (392553.278 6684119.3269),2016,1,11.00-11.59,2,0,0,2,0,0,0,0,0,392553.278,6684119.3269
tieliikenne_2016.633,633,POINT (393193.931 6684684.1558),2016,1,16.00-16.59,2,6,1,0,1,0,0,0,0,393193.931,6684684.1558
tieliikenne_2016.634,634,POINT (395687.7665 6706786.0803),2016,1,12.00-12.59,2,8,1,0,2,0,0,0,0,395687.7665,6706786.0803
tieliikenne_2016.635,635,POINT (388099.3492 6687178.7943),2016,1,11.00-11.59,2,5,1,1,0,0,0,0,0,388099.3492,6687178.7943
tieliikenne_2016.636,636,POINT (380620.7958 6702095.3418),2016,1,11.00-11.59,2,4,3,0,0,0,0,0,0,380620.7958,6702095.3418
tieliikenne_2016.637,637,POINT (378646.2888 6693008.44),2016,1,09.00-09.59,1,2,1,1,0,0,0,0,0,378646.2888,6693008.44
tieliikenne_2016.638,638,POINT (380309.2624 6716266.5788),2016,1,15.00-15.59,2,0,2,0,0,0,0,0,0,380309.2624,6716266.5788
tieliikenne_2016.639,639,POINT (380364.5618 6704060.591),2016,1,10.00-10.59,2,2,2,0,0,0,0,0,0,380364.5618,6704060.591
tieliikenne_2016.640,640,POINT (462007.5 6730168.0178),2016,1,13.00-13.59,2,4,1,1,0,0,0,0,0,462007.5,6730168.0178
tieliikenne_2016.641,641,POINT (406244.2434 6697207.29),2016,1,07.00-07.59,2,8,0,1,0,0,0,0,0,406244.2434,6697207.29
tieliikenne_2016.642,642,POINT (457206.8648 6722483.2501),2016,1,07.00-07.59,2,8,0,1,0,0,0,0,0,457206.8648,6722483.2501
tieliikenne_2016.643,643,POINT (378284.0547 6681861.5998),2016,1,17.00-17.59,2,6,1,0,1,0,0,0,0,378284.0547,6681861.5998
tieliikenne_2016.644,644,POINT (390748.823 6691293.5731),2016,1,03.00-03.59,2,8,1,0,0,0,0,0,0,390748.823,6691293.5731
tieliikenne_2016.645,645,POINT (416870.0178 6738509.8937),2016,2,08.00-08.59,2,2,2,0,0,0,0,0,0,416870.0178,6738509.8937
tieliikenne_2016.646,646,POINT (408032.1929 6723271.915),2016,2,16.00-16.59,2,7,1,0,1,0,0,0,0,408032.1929,6723271.915
tieliikenne_2016.647,647,POINT (386998.7878 6709647.3963),2016,2,22.00-22.59,2,8,1,0,0,0,0,0,0,386998.7878,6709647.3963
tieliikenne_2016.648,648,POINT (431699.8028 6699628.8253),2016,2,04.00-04.59,2,0,1,1,0,0,0,0,0,431699.8028,6699628.8253
tieliikenne_2016.649,649,POINT (378242.9878 6683865.1528),2016,12,18.00-18.59,2,0,1,1,0,0,0,0,0,378242.9878,6683865.1528
tieliikenne_2016.650,650,POINT (421825.7323 6694118.342),2016,5,01.00-01.59,3,9,1,0,0,0,0,0,0,421825.7323,6694118.342
tieliikenne_2016.651,651,POINT (387238.4184 6685830.8225),2016,2,08.00-08.59,2,5,2,0,0,0,0,0,0,387238.4184,6685830.8225
tieliikenne_2016.652,652,POINT (380665.7825 6688395.4216),2016,2,17.00-17.59,2,0,3,0,0,0,0,0,0,380665.7825,6688395.4216
tieliikenne_2016.653,653,POINT (396708.3569 6699437.3092),2016,5,00.00-00.59,2,9,3,0,0,0,0,0,0,396708.3569,6699437.3092
tieliikenne_2016.654,654,POINT (461677.3195 6699738.2073),2016,2,07.00-07.59,2,2,2,0,0,0,0,0,0,461677.3195,6699738.2073
tieliikenne_2016.655,655,POINT (395998.6103 6692997.0037),2016,6,23.00-23.59,2,9,1,0,0,0,0,0,0,395998.6103,6692997.0037
tieliikenne_2016.656,656,POINT (380850.5108 6688047.1506),2016,2,16.00-16.59,2,0,2,0,0,0,0,0,0,380850.5108,6688047.1506
tieliikenne_2016.657,657,POINT (381453.7425 6686029.4481),2016,2,23.00-23.59,2,8,1,0,0,0,0,0,0,381453.7425,6686029.4481
tieliikenne_2016.658,658,POINT (374113.9098 6718892.2491),2016,2,15.00-15.59,2,0,2,0,0,0,0,0,0,374113.9098,6718892.2491
tieliikenne_2016.659,659,POINT (413057.7732 6688537.7767),2016,2,06.00-06.59,2,2,2,0,0,0,0,0,0,413057.7732,6688537.7767
tieliikenne_2016.660,660,POINT (379751.881 6690111.5536),2016,6,21.00-21.59,2,9,1,0,0,0,0,0,0,379751.881,6690111.5536
tieliikenne_2016.661,661,POINT (396028.7828 6681462.5562),2016,2,14.00-14.59,3,0,2,0,0,0,0,0,0,396028.7828,6681462.5562
tieliikenne_2016.662,662,POINT (391810.529 6673237.9559),2016,2,20.00-20.59,2,2,3,0,0,0,0,0,0,391810.529,6673237.9559
tieliikenne_2016.663,663,POINT (381801.0551 6705583.4857),2016,2,13.00-13.59,2,0,1,1,0,0,0,0,0,381801.0551,6705583.4857
tieliikenne_2016.664,664,POINT (382387.872 6724007.6786),2016,2,16.00-16.59,2,0,2,0,0,0,0,0,0,382387.872,6724007.6786
tieliikenne_2016.665,665,POINT (401721.0558 6719512.3328),2016,2,16.00-16.59,2,2,2,1,0,0,0,0,0,401721.0558,6719512.3328
tieliikenne_2016.666,666,POINT (459482.5066 6727385.3482),2016,2,07.00-07.59,1,2,2,0,0,0,0,0,0,459482.5066,6727385.3482
tieliikenne_2016.667,667,POINT (381571.6708 6685939.2071),2016,2,19.00-19.59,2,0,3,0,0,0,0,0,0,381571.6708,6685939.2071
tieliikenne_2016.668,668,POINT (390568.6377 6686776.3549),2016,2,08.00-08.59,2,0,1,1,0,0,0,0,0,390568.6377,6686776.3549
tieliikenne_2016.669,669,POINT (395261.2852 6691280.4791),2016,3,18.00-18.59,2,0,4,0,0,0,0,0,0,395261.2852,6691280.4791
tieliikenne_2016.670,670,POINT (388560.659 6686033.1336),2016,9,15.00-15.59,2,8,1,0,0,0,0,0,0,388560.659,6686033.1336
tieliikenne_2016.671,671,POINT (392510.5223 6686291.5976),2016,3,21.00-21.59,2,4,2,0,0,0,0,0,0,392510.5223,6686291.5976
tieliikenne_2016.672,672,POINT (391539.2874 6685693.8089),2016,3,19.00-19.59,2,9,1,0,1,0,0,0,0,391539.2874,6685693.8089
tieliikenne_2016.673,673,POINT (396150.4296 6684632.6552),2016,3,20.00-20.59,2,3,1,0,0,0,1,0,0,396150.4296,6684632.6552
tieliikenne_2016.674,674,POINT (413739.1052 6706474.2522),2016,9,08.00-08.59,2,9,1,0,0,0,0,0,0,413739.1052,6706474.2522
tieliikenne_2016.675,675,POINT (396431.0186 6695997.3704),2016,3,14.00-14.59,2,5,2,0,0,0,0,0,0,396431.0186,6695997.3704
tieliikenne_2016.676,676,POINT (379512.9649 6687407.5303),2016,9,19.00-19.59,2,9,0,0,0,0,0,1,0,379512.9649,6687407.5303
tieliikenne_2016.677,677,POINT (393700.4685 6689079.9963),2016,3,13.00-13.59,2,6,1,0,1,0,0,0,0,393700.4685,6689079.9963
tieliikenne_2016.678,678,POINT (407418.3217 6724260.1362),2016,3,06.00-06.59,2,5,1,0,0,1,0,0,0,407418.3217,6724260.1362
tieliikenne_2016.679,679,POINT (397777.2757 6706093.5226),2016,3,06.00-06.59,3,8,1,0,0,0,0,0,0,397777.2757,6706093.5226
tieliikenne_2016.680,680,POINT (379284.7671 6694666.9571),2016,3,07.00-07.59,2,0,3,0,0,0,0,0,0,379284.7671,6694666.9571
tieliikenne_2016.681,681,POINT (379820.3679 6698161.7414),2016,3,09.00-09.59,2,0,1,1,0,0,0,0,0,379820.3679,6698161.7414
tieliikenne_2016.682,682,POINT (383506.7915 6724313.3317),2016,3,21.00-21.59,2,5,1,0,0,0,1,0,0,383506.7915,6724313.3317
tieliikenne_2016.683,683,POINT (469040.4085 6706466.7989),2016,3,03.00-03.59,2,8,1,0,0,0,0,0,0,469040.4085,6706466.7989
tieliikenne_2016.684,684,POINT (432420.8115 6725894.4287),2016,12,09.00-09.59,2,9,1,0,0,0,0,0,0,432420.8115,6725894.4287
tieliikenne_2016.685,685,POINT (381763.1526 6725627.2927),2016,4,02.00-02.59,2,8,1,0,0,0,0,0,0,381763.1526,6725627.2927
tieliikenne_2016.686,686,POINT (407419.2337 6724253.1311),2016,4,17.00-17.59,2,0,1,1,0,0,0,0,0,407419.2337,6724253.1311
tieliikenne_2016.687,687,POINT (390914.2434 6689437.9604),2016,4,14.00-14.59,2,4,1,0,0,1,0,0,0,390914.2434,6689437.9604
tieliikenne_2016.688,688,POINT (379479.5342 6697481.5209),2016,4,11.00-11.59,2,4,1,0,0,0,0,1,0,379479.5342,6697481.5209
tieliikenne_2016.689,689,POINT (407808.8608 6723186.4239),2016,4,06.00-06.59,2,1,1,0,0,1,0,0,0,407808.8608,6723186.4239
tieliikenne_2016.690,690,POINT (395202.2213 6706049.3518),2016,4,11.00-11.59,1,8,1,0,0,0,0,0,0,395202.2213,6706049.3518
tieliikenne_2016.691,691,POINT (381615.347 6722325.5065),2016,4,18.00-18.59,3,4,1,0,0,0,1,0,0,381615.347,6722325.5065
tieliikenne_2016.692,692,POINT (392816.3342 6689347.0374),2016,4,21.00-21.59,2,4,1,0,0,1,0,0,0,392816.3342,6689347.0374
tieliikenne_2016.693,693,POINT (424193.7497 6675303.2561),2016,4,03.00-03.59,2,8,1,0,0,0,0,0,0,424193.7497,6675303.2561
tieliikenne_2016.694,694,POINT (396006.5116 6697542.6797),2016,4,21.00-21.59,2,8,1,0,0,0,1,0,0,396006.5116,6697542.6797
tieliikenne_2016.695,695,POINT (395089.1132 6686006.1462),2016,4,11.00-11.59,2,4,1,1,0,0,0,0,0,395089.1132,6686006.1462
tieliikenne_2016.696,696,POINT (390333.9803 6693328.2919),2016,4,22.00-22.59,2,8,1,0,0,0,0,0,0,390333.9803,6693328.2919
tieliikenne_2016.697,697,POINT (394986.281 6705410.914),2016,4,11.00-11.59,2,1,2,0,0,0,0,0,0,394986.281,6705410.914
tieliikenne_2016.698,698,POINT (394254.8209 6702662.8952),2016,4,16.00-16.59,3,5,2,0,0,0,0,0,0,394254.8209,6702662.8952
tieliikenne_2016.699,699,POINT (386753.8561 6698330.2068),2016,4,13.00-13.59,2,2,2,0,0,0,0,0,0,386753.8561,6698330.2068
tieliikenne_2016.700,700,POINT (400333.1586 6731836.2476),2016,4,18.00-18.59,2,2,2,0,0,0,0,0,0,400333.1586,6731836.2476
tieliikenne_2016.701,701,POINT (395117.4146 6698728.9065),2016,4,22.00-22.59,2,8,1,0,0,0,0,0,0,395117.4146,6698728.9065
tieliikenne_2016.702,702,POINT (383212.5788 6723890.4209),2016,5,11.00-11.59,2,1,1,0,0,0,0,1,0,383212.5788,6723890.4209
tieliikenne_2016.703,703,POINT (382802.6659 6686428.9586),2016,5,14.00-14.59,2,4,1,0,0,1,0,0,0,382802.6659,6686428.9586
tieliikenne_2016.704,704,POINT (457550.3676 6702383.2752),2016,5,08.00-08.59,2,6,1,0,1,0,0,0,0,457550.3676,6702383.2752
tieliikenne_2016.705,705,POINT (406385.142 6722018.1219),2016,5,18.00-18.59,2,5,1,0,0,0,0,1,0,406385.142,6722018.1219
tieliikenne_2016.706,706,POINT (415710.9003 6684106.2714),2016,5,11.00-11.59,3,2,1,0,0,0,0,1,0,415710.9003,6684106.2714
tieliikenne_2016.707,707,POINT (394354.3119 6680833.1586),2016,5,17.00-17.59,2,7,1,0,1,0,0,0,0,394354.3119,6680833.1586
tieliikenne_2016.708,708,POINT (396168.0789 6691325.2851),2016,5,18.00-18.59,2,3,1,0,0,0,1,0,0,396168.0789,6691325.2851
tieliikenne_2016.709,709,POINT (374942.9827 6711883.2299),2016,5,16.00-16.59,3,8,0,0,0,0,0,1,0,374942.9827,6711883.2299
tieliikenne_2016.710,710,POINT (425394.8533 6696310.7947),2016,5,04.00-04.59,2,8,1,0,0,0,0,0,0,425394.8533,6696310.7947
tieliikenne_2016.711,711,POINT (379476.9996 6697484.9978),2016,5,16.00-16.59,2,4,1,0,0,0,0,1,0,379476.9996,6697484.9978
tieliikenne_2016.712,712,POINT (391882.5389 6688637.6925),2016,5,19.00-19.59,2,8,0,0,0,0,1,0,0,391882.5389,6688637.6925
tieliikenne_2016.713,713,POINT (392265.2477 6686640.6384),2016,1,10.00-10.59,2,9,2,0,0,0,0,0,1,392265.2477,6686640.6384
tieliikenne_2016.714,714,POINT (395654.8693 6708802.2817),2016,5,11.00-11.59,2,1,1,0,0,0,1,0,0,395654.8693,6708802.2817
tieliikenne_2016.715,715,POINT (427968.893 6707839.1707),2016,5,08.00-08.59,2,2,0,1,0,0,1,0,0,427968.893,6707839.1707
tieliikenne_2016.716,716,POINT (380355.868 6689006.1769),2016,5,14.00-14.59,2,0,1,1,0,0,0,0,0,380355.868,6689006.1769
tieliikenne_2016.717,717,POINT (422720.2986 6723474.5863),2016,5,16.00-16.59,3,4,1,0,0,0,0,0,1,422720.2986,6723474.5863
tieliikenne_2016.718,718,POINT (396174.9934 6691326.7638),2016,5,08.00-08.59,2,0,1,0,0,0,0,1,0,396174.9934,6691326.7638
tieliikenne_2016.719,719,POINT (451434.5294 6718736.5783),2016,5,16.00-16.59,3,2,2,0,0,0,0,0,0,451434.5294,6718736.5783
tieliikenne_2016.720,720,POINT (377223.2804 6684020.0669),2016,5,19.00-19.59,2,1,1,0,0,1,0,0,0,377223.2804,6684020.0669
tieliikenne_2016.721,721,POINT (394335.5102 6686404.7688),2016,5,09.00-09.59,2,0,0,1,0,0,0,1,0,394335.5102,6686404.7688
tieliikenne_2016.722,722,POINT (386303.7174 6686121.6524),2016,5,16.00-16.59,2,0,1,0,0,0,0,1,0,386303.7174,6686121.6524
tieliikenne_2016.723,723,POINT (382519.937 6721655.8618),2016,5,17.00-17.59,2,8,0,0,0,0,1,0,0,382519.937,6721655.8618
tieliikenne_2016.724,724,POINT (447944.2505 6715257.9637),2016,5,16.00-16.59,2,8,1,0,0,0,0,0,0,447944.2505,6715257.9637
tieliikenne_2016.725,725,POINT (389754.6154 6689965.7552),2016,5,20.00-20.59,2,8,1,0,0,0,0,0,0,389754.6154,6689965.7552
tieliikenne_2016.726,726,POINT (401726.6984 6713358.1302),2016,5,21.00-21.59,3,2,1,0,0,0,0,1,0,401726.6984,6713358.1302
tieliikenne_2016.727,727,POINT (397608.4219 6698290.5973),2016,5,02.00-02.59,2,8,1,0,0,0,0,0,0,397608.4219,6698290.5973
tieliikenne_2016.728,728,POINT (401957.872 6693341.1333),2016,5,12.00-12.59,2,8,1,0,0,0,0,0,0,401957.872,6693341.1333
tieliikenne_2016.729,729,POINT (459347.4622 6727133.7608),2016,5,16.00-16.59,2,8,1,0,0,0,0,0,0,459347.4622,6727133.7608
tieliikenne_2016.730,730,POINT (423867.152 6691310.276),2016,5,21.00-21.59,2,8,1,0,0,0,0,0,0,423867.152,6691310.276
tieliikenne_2016.731,731,POINT (459153.5005 6703394.1184),2016,5,01.00-01.59,2,8,1,0,0,0,0,0,0,459153.5005,6703394.1184
tieliikenne_2016.732,732,POINT (393669.0669 6692124.2553),2016,5,09.00-09.59,1,2,0,0,0,2,0,0,0,393669.0669,6692124.2553
tieliikenne_2016.733,733,POINT (394304.6196 6691988.9153),2016,5,15.00-15.59,2,4,1,0,0,0,1,0,0,394304.6196,6691988.9153
tieliikenne_2016.734,734,POINT (393095.8877 6686814.0359),2016,5,13.00-13.59,2,9,0,0,0,0,1,0,0,393095.8877,6686814.0359
tieliikenne_2016.735,735,POINT (395133.5868 6707477.0265),2016,5,17.00-17.59,2,4,0,0,0,1,1,0,0,395133.5868,6707477.0265
tieliikenne_2016.736,736,POINT (381605.8335 6685959.0714),2016,9,15.00-15.59,2,0,2,0,0,0,0,1,0,381605.8335,6685959.0714
tieliikenne_2016.737,737,POINT (379247.7973 6704649.6735),2016,5,10.00-10.59,2,1,1,0,0,0,1,0,0,379247.7973,6704649.6735
tieliikenne_2016.738,738,POINT (383249.9886 6686492.6067),2016,5,09.00-09.59,2,0,0,2,0,0,0,0,0,383249.9886,6686492.6067
tieliikenne_2016.739,739,POINT (391429.0597 6685808.1723),2016,5,16.00-16.59,2,4,1,0,0,1,0,0,0,391429.0597,6685808.1723
tieliikenne_2016.740,740,POINT (377861.8543 6717420.7859),2016,5,18.00-18.59,2,0,0,0,0,0,2,0,0,377861.8543,6717420.7859
tieliikenne_2016.741,741,POINT (456791.4453 6702003.7273),2016,5,12.00-12.59,2,1,1,0,0,1,0,0,0,456791.4453,6702003.7273
tieliikenne_2016.742,742,POINT (391731.7968 6686360.4635),2016,5,21.00-21.59,2,0,2,0,0,0,0,0,0,391731.7968,6686360.4635
tieliikenne_2016.743,743,POINT (383773.0086 6686502.4172),2016,5,07.00-07.59,2,0,3,0,0,0,0,0,0,383773.0086,6686502.4172
tieliikenne_2016.744,744,POINT (378795.6134 6682763.4382),2016,5,13.00-13.59,2,4,0,0,0,1,1,0,0,378795.6134,6682763.4382
tieliikenne_2016.745,745,POINT (391822.3993 6687961.3619),2016,5,15.00-15.59,2,5,1,0,0,0,1,0,0,391822.3993,6687961.3619
tieliikenne_2016.746,746,POINT (376676.8905 6712687.6972),2016,5,16.00-16.59,2,4,0,0,0,1,0,1,0,376676.8905,6712687.6972
tieliikenne_2016.747,747,POINT (369266.9325 6694880.6848),2016,5,21.00-21.59,2,8,0,0,0,0,0,1,0,369266.9325,6694880.6848
tieliikenne_2016.748,748,POINT (395499.3301 6705672.8078),2016,5,22.00-22.59,3,5,1,0,0,0,1,0,0,395499.3301,6705672.8078
tieliikenne_2016.749,749,POINT (391435.3156 6693453.2519),2016,5,13.00-13.59,2,5,1,1,0,0,0,0,0,391435.3156,6693453.2519
tieliikenne_2016.750,750,POINT (394851.1066 6690827.2017),2016,5,15.00-15.59,2,5,1,0,0,0,0,0,1,394851.1066,6690827.2017
tieliikenne_2016.751,751,POINT (425987.2712 6695513.0499),2016,5,18.00-18.59,2,4,1,0,0,1,0,0,0,425987.2712,6695513.0499
tieliikenne_2016.752,752,POINT (395128.2066 6695487.4003),2016,6,10.00-10.59,2,2,2,0,0,0,0,0,0,395128.2066,6695487.4003
tieliikenne_2016.753,753,POINT (428922.645 6698963.6144),2016,6,13.00-13.59,2,5,2,0,0,0,0,0,0,428922.645,6698963.6144
tieliikenne_2016.754,754,POINT (393759.9879 6691469.0039),2016,6,08.00-08.59,2,5,2,0,0,0,0,0,0,393759.9879,6691469.0039
tieliikenne_2016.755,755,POINT (406092.1719 6684549.3249),2016,6,16.00-16.59,2,4,1,0,0,1,0,0,0,406092.1719,6684549.3249
tieliikenne_2016.756,756,POINT (395247.6897 6689017.6582),2016,6,20.00-20.59,3,8,0,0,0,0,1,0,0,395247.6897,6689017.6582
tieliikenne_2016.757,757,POINT (382902.8566 6723333.15),2016,6,13.00-13.59,2,9,2,0,0,0,0,0,0,382902.8566,6723333.15
tieliikenne_2016.758,758,POINT (390092.2243 6713222.5386),2016,6,15.00-15.59,2,1,3,0,0,0,0,0,0,390092.2243,6713222.5386
tieliikenne_2016.759,759,POINT (380824.8126 6725606.1199),2016,6,22.00-22.59,2,0,0,0,0,0,1,1,0,380824.8126,6725606.1199
tieliikenne_2016.760,760,POINT (447957.1903 6715488.018),2016,6,19.00-19.59,2,8,0,0,0,0,1,0,0,447957.1903,6715488.018
tieliikenne_2016.761,761,POINT (396194.7826 6705730.8066),2016,6,15.00-15.59,3,9,2,0,0,0,0,0,0,396194.7826,6705730.8066
tieliikenne_2016.762,762,POINT (382988.0915 6686486.8546),2016,6,17.00-17.59,2,0,3,0,0,0,0,0,0,382988.0915,6686486.8546
tieliikenne_2016.763,763,POINT (381919.5716 6685016.879),2016,6,00.00-00.59,2,8,1,0,0,0,0,0,0,381919.5716,6685016.879
tieliikenne_2016.764,764,POINT (384672.7541 6724239.9643),2016,6,16.00-16.59,2,5,1,0,0,0,1,0,0,384672.7541,6724239.9643
tieliikenne_2016.765,765,POINT (457753.5195 6702765.0529),2016,6,16.00-16.59,2,3,1,0,0,0,1,0,0,457753.5195,6702765.0529
tieliikenne_2016.766,766,POINT (403376.785 6693699.8769),2016,6,04.00-04.59,2,8,1,0,0,0,0,0,0,403376.785,6693699.8769
tieliikenne_2016.767,767,POINT (408301.68 6723474.2264),2016,6,07.00-07.59,1,7,1,0,1,0,0,0,0,408301.68,6723474.2264
tieliikenne_2016.768,768,POINT (397377.0643 6702776.3528),2016,6,19.00-19.59,2,8,0,1,0,0,0,0,0,397377.0643,6702776.3528
tieliikenne_2016.769,769,POINT (389806.3612 6691244.7297),2016,6,17.00-17.59,2,4,1,0,0,1,0,0,0,389806.3612,6691244.7297
tieliikenne_2016.770,770,POINT (378682.1521 6685642.8895),2016,6,19.00-19.59,2,8,0,1,0,0,0,0,0,378682.1521,6685642.8895
tieliikenne_2016.771,771,POINT (457197.4189 6702639.8856),2016,6,11.00-11.59,2,6,1,0,1,0,0,0,0,457197.4189,6702639.8856
tieliikenne_2016.772,772,POINT (387592.7129 6687304.7219),2016,6,06.00-06.59,2,8,1,0,0,0,0,0,0,387592.7129,6687304.7219
tieliikenne_2016.773,773,POINT (387945.9491 6686186.3347),2016,6,12.00-12.59,2,4,1,0,0,1,0,0,0,387945.9491,6686186.3347
tieliikenne_2016.774,774,POINT (377337.1994 6712223.5403),2016,6,20.00-20.59,2,3,1,0,0,0,0,1,0,377337.1994,6712223.5403
tieliikenne_2016.775,775,POINT (401293.9747 6721962.7728),2016,6,21.00-21.59,2,2,2,0,0,0,0,0,0,401293.9747,6721962.7728
tieliikenne_2016.776,776,POINT (390755.1831 6694590.1177),2016,6,09.00-09.59,2,4,1,0,0,0,0,1,0,390755.1831,6694590.1177
tieliikenne_2016.777,777,POINT (388016.1708 6685054.9733),2016,6,10.00-10.59,2,7,1,0,1,0,0,0,0,388016.1708,6685054.9733
tieliikenne_2016.778,778,POINT (396712.8722 6699387.35),2016,6,16.00-16.59,2,0,3,0,0,0,0,0,0,396712.8722,6699387.35
tieliikenne_2016.779,779,POINT (391153.7089 6695761.973),2016,6,16.00-16.59,2,1,1,0,0,0,0,1,0,391153.7089,6695761.973
tieliikenne_2016.780,780,POINT (388538.1165 6686037.2636),2016,6,16.00-16.59,2,4,1,0,0,1,0,0,0,388538.1165,6686037.2636
tieliikenne_2016.781,781,POINT (432481.5584 6703038.6268),2016,6,22.00-22.59,2,8,1,0,0,0,0,0,0,432481.5584,6703038.6268
tieliikenne_2016.782,782,POINT (454060.4357 6720217.4505),2016,6,03.00-03.59,3,8,0,0,0,0,1,0,0,454060.4357,6720217.4505
tieliikenne_2016.783,783,POINT (385632.0724 6697867.9082),2016,6,10.00-10.59,2,6,1,0,1,0,0,0,0,385632.0724,6697867.9082
tieliikenne_2016.784,784,POINT (375696.6553 6695876.8892),2016,6,22.00-22.59,3,4,0,0,0,0,1,0,1,375696.6553,6695876.8892
tieliikenne_2016.785,785,POINT (416001.4858 6689312.8046),2016,6,13.00-13.59,2,8,1,0,0,0,0,0,0,416001.4858,6689312.8046
tieliikenne_2016.786,786,POINT (385193.1089 6690967.4914),2016,6,14.00-14.59,2,2,1,1,0,0,0,0,0,385193.1089,6690967.4914
tieliikenne_2016.787,787,POINT (390789.7159 6697347.8292),2016,6,19.00-19.59,2,5,1,0,0,0,1,0,0,390789.7159,6697347.8292
tieliikenne_2016.788,788,POINT (387754.8505 6684038.0138),2016,6,12.00-12.59,2,0,4,0,0,0,0,0,0,387754.8505,6684038.0138
tieliikenne_2016.789,789,POINT (433160.9079 6685473.3393),2016,6,13.00-13.59,2,8,1,0,0,0,0,0,0,433160.9079,6685473.3393
tieliikenne_2016.790,790,POINT (391138.4249 6696388.1103),2016,6,20.00-20.59,2,4,0,0,0,1,1,0,0,391138.4249,6696388.1103
tieliikenne_2016.791,791,POINT (382350.9771 6708345.9097),2016,6,22.00-22.59,2,9,1,1,0,0,0,0,0,382350.9771,6708345.9097
tieliikenne_2016.792,792,POINT (404092.8501 6689286.6824),2016,7,06.00-06.59,2,8,1,0,0,0,0,0,0,404092.8501,6689286.6824
tieliikenne_2016.793,793,POINT (452181.8731 6703846.8684),2016,7,11.00-11.59,2,8,1,0,0,0,0,0,0,452181.8731,6703846.8684
tieliikenne_2016.794,794,POINT (396672.1814 6700060.1736),2016,7,06.00-06.59,2,8,1,0,0,0,0,0,0,396672.1814,6700060.1736
tieliikenne_2016.795,795,POINT (401428.7629 6714639.4207),2016,7,08.00-08.59,2,4,1,0,0,1,0,0,0,401428.7629,6714639.4207
tieliikenne_2016.796,796,POINT (391364.0419 6685262.483),2016,7,11.00-11.59,2,4,1,0,0,1,0,0,0,391364.0419,6685262.483
tieliikenne_2016.797,797,POINT (390741.7968 6686682.0169),2016,7,16.00-16.59,2,0,3,0,0,0,0,0,0,390741.7968,6686682.0169
tieliikenne_2016.798,798,POINT (423480.0714 6723781.4971),2016,7,16.00-16.59,2,0,1,1,0,0,0,0,0,423480.0714,6723781.4971
tieliikenne_2016.799,799,POINT (387488.6694 6715951.6399),2016,7,15.00-15.59,3,8,1,0,0,0,0,0,0,387488.6694,6715951.6399
tieliikenne_2016.800,800,POINT (388872.5752 6695908.6061),2016,7,11.00-11.59,2,3,1,0,0,0,0,1,0,388872.5752,6695908.6061
tieliikenne_2016.801,801,POINT (396191.3226 6696265.4421),2016,7,16.00-16.59,2,1,1,0,0,0,0,1,0,396191.3226,6696265.4421
tieliikenne_2016.802,802,POINT (411281.2329 6718494.3009),2016,7,15.00-15.59,2,1,2,0,0,0,0,0,0,411281.2329,6718494.3009
tieliikenne_2016.803,803,POINT (397858.164 6697387.2401),2016,7,20.00-20.59,2,4,1,0,0,0,0,1,0,397858.164,6697387.2401
tieliikenne_2016.804,804,POINT (380159.8165 6706031.1544),2016,7,16.00-16.59,3,4,1,0,0,1,0,0,0,380159.8165,6706031.1544
tieliikenne_2016.805,805,POINT (461676.605 6729263.9549),2016,7,19.00-19.59,1,2,1,1,0,0,0,0,0,461676.605,6729263.9549
tieliikenne_2016.806,806,POINT (389251.7034 6685871.0802),2016,7,09.00-09.59,2,9,1,0,0,0,0,0,0,389251.7034,6685871.0802
tieliikenne_2016.807,807,POINT (378517.881 6684253.3667),2016,7,16.00-16.59,2,1,1,0,0,0,1,0,0,378517.881,6684253.3667
tieliikenne_2016.808,808,POINT (381018.6355 6687340.3828),2016,7,14.00-14.59,2,4,0,1,0,0,1,0,0,381018.6355,6687340.3828
tieliikenne_2016.809,809,POINT (393280.4762 6687110.8795),2016,7,15.00-15.59,2,8,0,0,0,0,1,0,0,393280.4762,6687110.8795
tieliikenne_2016.810,810,POINT (416402.6293 6690753.1726),2016,7,03.00-03.59,2,9,0,0,0,0,0,1,0,416402.6293,6690753.1726
tieliikenne_2016.811,811,POINT (396696.109 6692958.6777),2016,7,05.00-05.59,2,5,2,0,0,0,0,0,0,396696.109,6692958.6777
tieliikenne_2016.812,812,POINT (423786.2326 6695589.3973),2016,7,16.00-16.59,3,9,1,0,0,0,0,0,0,423786.2326,6695589.3973
tieliikenne_2016.813,813,POINT (400208.7537 6709084.6651),2016,7,15.00-15.59,2,8,0,0,0,0,0,1,0,400208.7537,6709084.6651
tieliikenne_2016.814,814,POINT (395885.5144 6691213.4962),2016,7,18.00-18.59,2,5,1,0,0,0,0,1,0,395885.5144,6691213.4962
tieliikenne_2016.815,815,POINT (425331.4986 6695571.7822),2016,7,14.00-14.59,3,7,1,0,1,0,0,0,0,425331.4986,6695571.7822
tieliikenne_2016.816,816,POINT (392620.1252 6684875.3635),2016,7,03.00-03.59,2,8,1,0,0,0,0,0,0,392620.1252,6684875.3635
tieliikenne_2016.817,817,POINT (418620.9889 6691933.7537),2016,7,10.00-10.59,2,8,1,0,0,0,0,0,0,418620.9889,6691933.7537
tieliikenne_2016.818,818,POINT (395652.6586 6712618.4051),2016,7,14.00-14.59,2,1,1,0,0,0,0,1,0,395652.6586,6712618.4051
tieliikenne_2016.819,819,POINT (395595.3856 6707132.4787),2016,7,18.00-18.59,2,1,1,0,0,0,0,1,0,395595.3856,6707132.4787
tieliikenne_2016.820,820,POINT (409985.7064 6727520.9766),2016,7,09.00-09.59,2,8,1,0,0,0,0,0,0,409985.7064,6727520.9766
tieliikenne_2016.821,821,POINT (425306.3626 6694852.9125),2016,7,13.00-13.59,2,1,1,0,0,1,0,0,0,425306.3626,6694852.9125
tieliikenne_2016.822,822,POINT (463572.387 6706158.0637),2016,7,16.00-16.59,2,8,1,0,0,0,0,0,0,463572.387,6706158.0637
tieliikenne_2016.823,823,POINT (396643.5779 6705242.4684),2016,7,21.00-21.59,2,8,0,0,0,0,1,0,0,396643.5779,6705242.4684
tieliikenne_2016.824,824,POINT (388211.3625 6714512.0931),2016,7,19.00-19.59,2,1,1,0,0,0,1,0,0,388211.3625,6714512.0931
tieliikenne_2016.825,825,POINT (388339.4511 6685195.2464),2016,7,07.00-07.59,2,8,1,0,0,0,0,0,0,388339.4511,6685195.2464
tieliikenne_2016.826,826,POINT (394508.8915 6706494.4777),2016,7,13.00-13.59,2,4,1,0,0,1,0,0,0,394508.8915,6706494.4777
tieliikenne_2016.827,827,POINT (392810.725 6688814.6596),2016,7,12.00-12.59,1,7,0,1,1,0,0,0,0,392810.725,6688814.6596
tieliikenne_2016.828,828,POINT (379157.3243 6692251.5253),2016,7,22.00-22.59,2,0,2,0,0,0,0,0,0,379157.3243,6692251.5253
tieliikenne_2016.829,829,POINT (386372.0058 6718700.5019),2016,7,13.00-13.59,3,0,1,0,0,1,0,0,0,386372.0058,6718700.5019
tieliikenne_2016.830,830,POINT (422347.2262 6697276.0885),2016,8,12.00-12.59,2,1,3,0,0,0,0,0,0,422347.2262,6697276.0885
tieliikenne_2016.831,831,POINT (426689.4629 6696612.7098),2016,8,19.00-19.59,2,5,1,0,0,0,1,0,0,426689.4629,6696612.7098
tieliikenne_2016.832,832,POINT (370029.4806 6710559.9186),2016,8,06.00-06.59,2,0,1,0,0,0,0,0,1,370029.4806,6710559.9186
tieliikenne_2016.833,833,POINT (391683.0547 6686180.4619),2016,8,02.00-02.59,2,9,1,0,0,0,0,0,0,391683.0547,6686180.4619
tieliikenne_2016.834,834,POINT (471618.3855 6713880.5447),2016,8,19.00-19.59,2,8,1,0,0,0,0,0,0,471618.3855,6713880.5447
tieliikenne_2016.835,835,POINT (388073.1972 6721923.8357),2016,8,14.00-14.59,2,1,2,0,0,0,0,0,0,388073.1972,6721923.8357
tieliikenne_2016.836,836,POINT (377402.6685 6705020.78),2016,8,20.00-20.59,2,0,1,0,0,0,1,0,0,377402.6685,6705020.78
tieliikenne_2016.837,837,POINT (401728.8514 6719490.4259),2016,8,02.00-02.59,2,8,1,0,0,0,0,0,0,401728.8514,6719490.4259
tieliikenne_2016.838,838,POINT (426754.7075 6696886.2346),2016,8,16.00-16.59,2,2,1,0,0,1,0,0,0,426754.7075,6696886.2346
tieliikenne_2016.839,839,POINT (397446.1416 6704971.0169),2016,8,12.00-12.59,2,8,1,0,0,0,0,0,0,397446.1416,6704971.0169
tieliikenne_2016.840,840,POINT (395784.9575 6697151.1107),2016,8,13.00-13.59,2,9,1,0,0,1,0,0,0,395784.9575,6697151.1107
tieliikenne_2016.841,841,POINT (375061.0113 6711931.8774),2016,8,15.00-15.59,1,2,0,1,0,0,0,1,0,375061.0113,6711931.8774
tieliikenne_2016.842,842,POINT (381849.9737 6725681.7867),2016,8,17.00-17.59,2,1,1,0,0,1,0,0,0,381849.9737,6725681.7867
tieliikenne_2016.843,843,POINT (390378.6163 6690803.6881),2016,8,19.00-19.59,1,8,0,0,0,0,0,1,0,390378.6163,6690803.6881
tieliikenne_2016.844,844,POINT (387747.4676 6682965.7736),2016,8,15.00-15.59,2,7,1,0,1,0,0,0,0,387747.4676,6682965.7736
tieliikenne_2016.845,845,POINT (380531.4599 6685613.9758),2016,8,14.00-14.59,2,0,2,0,0,0,0,0,0,380531.4599,6685613.9758
tieliikenne_2016.846,846,POINT (381540.8239 6704001.4165),2016,8,16.00-16.59,2,8,4,0,0,0,0,0,0,381540.8239,6704001.4165
tieliikenne_2016.847,847,POINT (394095.3534 6685729.401),2016,8,18.00-18.59,2,9,0,0,0,0,0,1,0,394095.3534,6685729.401
tieliikenne_2016.848,848,POINT (409798.1599 6706598.8659),2016,8,22.00-22.59,2,8,0,0,0,0,0,1,0,409798.1599,6706598.8659
tieliikenne_2016.849,849,POINT (399444.0932 6722536.7211),2016,8,13.00-13.59,1,2,3,1,0,0,0,0,0,399444.0932,6722536.7211
tieliikenne_2016.850,850,POINT (395520.3045 6680868.9194),2016,8,17.00-17.59,2,4,1,0,0,0,0,1,0,395520.3045,6680868.9194
tieliikenne_2016.851,851,POINT (397596.9281 6708517.5688),2016,8,22.00-22.59,2,8,1,0,0,0,0,0,0,397596.9281,6708517.5688
tieliikenne_2016.852,852,POINT (391344.732 6686392.8998),2016,8,12.00-12.59,2,1,1,0,0,1,0,0,0,391344.732,6686392.8998
tieliikenne_2016.853,853,POINT (412970.3165 6717552.1121),2016,8,15.00-15.59,2,1,2,0,0,0,0,0,0,412970.3165,6717552.1121
tieliikenne_2016.854,854,POINT (424941.7526 6695865.7069),2016,8,08.00-08.59,2,4,1,0,0,1,0,0,0,424941.7526,6695865.7069
tieliikenne_2016.855,855,POINT (406080.7132 6722534.1888),2016,8,10.00-10.59,2,8,1,0,0,0,0,0,0,406080.7132,6722534.1888
tieliikenne_2016.856,856,POINT (392187.2899 6694612.5854),2016,8,11.00-11.59,2,5,1,0,0,0,1,0,0,392187.2899,6694612.5854
tieliikenne_2016.857,857,POINT (393152.5427 6690266.3589),2016,8,05.00-05.59,2,4,1,0,0,1,0,0,0,393152.5427,6690266.3589
tieliikenne_2016.858,858,POINT (380974.0143 6682214.4165),2016,8,12.00-12.59,2,0,1,0,0,0,0,1,0,380974.0143,6682214.4165
tieliikenne_2016.859,859,POINT (395536.6448 6697945.1388),2016,8,09.00-09.59,2,1,1,0,0,1,0,0,0,395536.6448,6697945.1388
tieliikenne_2016.860,860,POINT (395709.8118 6691507.0438),2016,8,15.00-15.59,2,0,2,0,0,0,0,0,0,395709.8118,6691507.0438
tieliikenne_2016.861,861,POINT (389715.0486 6688811.7788),2016,9,13.00-13.59,2,1,1,0,0,0,1,0,0,389715.0486,6688811.7788
tieliikenne_2016.862,862,POINT (391670.5519 6685676.473),2016,9,10.00-10.59,2,9,1,0,0,0,1,0,0,391670.5519,6685676.473
tieliikenne_2016.863,863,POINT (393109.9469 6689212.0164),2016,9,13.00-13.59,2,4,1,0,0,1,0,0,0,393109.9469,6689212.0164
tieliikenne_2016.864,864,POINT (387521 6682984),2016,9,11.00-11.59,2,9,1,0,0,0,0,0,0,387521,6682984
tieliikenne_2016.865,865,POINT (395822.3409 6706166.7833),2016,9,17.00-17.59,3,3,1,0,0,0,1,0,0,395822.3409,6706166.7833
tieliikenne_2016.866,866,POINT (426851.3179 6695881.9481),2016,9,13.00-13.59,2,0,2,0,0,0,0,0,0,426851.3179,6695881.9481
tieliikenne_2016.867,867,POINT (429121.6482 6687888.4563),2016,9,19.00-19.59,2,0,0,0,0,0,0,2,0,429121.6482,6687888.4563
tieliikenne_2016.868,868,POINT (407802.5877 6694941.9107),2016,9,02.00-02.59,2,8,1,0,0,0,0,0,0,407802.5877,6694941.9107
tieliikenne_2016.869,869,POINT (408116.5235 6684568.2069),2016,9,16.00-16.59,2,0,2,0,0,0,0,0,0,408116.5235,6684568.2069
tieliikenne_2016.870,870,POINT (407758.2134 6693755.272),2016,9,14.00-14.59,2,9,0,1,0,0,0,1,0,407758.2134,6693755.272
tieliikenne_2016.871,871,POINT (381371.7392 6684353.2211),2016,9,11.00-11.59,2,0,2,0,0,0,1,0,0,381371.7392,6684353.2211
tieliikenne_2016.872,872,POINT (380471.922 6683890.391),2016,9,15.00-15.59,2,0,2,0,0,0,0,0,0,380471.922,6683890.391
tieliikenne_2016.873,873,POINT (407763.0726 6723214.1565),2016,9,11.00-11.59,3,0,2,0,0,0,0,0,0,407763.0726,6723214.1565
tieliikenne_2016.874,874,POINT (376886.5561 6712249.1796),2016,9,15.00-15.59,2,1,1,0,0,1,0,0,0,376886.5561,6712249.1796
tieliikenne_2016.875,875,POINT (394621.2004 6685026.5767),2016,9,15.00-15.59,2,9,0,0,0,0,0,1,0,394621.2004,6685026.5767
tieliikenne_2016.876,876,POINT (392780.6086 6684079.5376),2016,9,16.00-16.59,2,0,4,0,0,0,0,0,0,392780.6086,6684079.5376
tieliikenne_2016.877,877,POINT (388533.266 6714721.4509),2016,9,20.00-20.59,3,5,1,0,0,0,0,1,0,388533.266,6714721.4509
tieliikenne_2016.878,878,POINT (391394.7571 6696696.3002),2016,9,17.00-17.59,2,4,1,0,0,0,1,0,0,391394.7571,6696696.3002
tieliikenne_2016.879,879,POINT (393037.18 6692291.6223),2016,9,21.00-21.59,2,0,2,0,0,0,0,0,0,393037.18,6692291.6223
tieliikenne_2016.880,880,POINT (379561.4304 6697053.2248),2016,9,16.00-16.59,2,0,1,0,0,0,0,1,0,379561.4304,6697053.2248
tieliikenne_2016.881,881,POINT (392285.5229 6684164.2156),2016,9,19.00-19.59,3,0,2,0,0,0,0,0,0,392285.5229,6684164.2156
tieliikenne_2016.882,882,POINT (369539.8685 6710861.4047),2016,9,07.00-07.59,2,8,0,0,0,0,0,1,0,369539.8685,6710861.4047
tieliikenne_2016.883,883,POINT (390552.5392 6694908.1432),2016,9,12.00-12.59,2,0,1,0,0,0,0,1,0,390552.5392,6694908.1432
tieliikenne_2016.884,884,POINT (392532.7078 6688897.8066),2016,9,07.00-07.59,2,4,1,0,0,1,0,0,0,392532.7078,6688897.8066
tieliikenne_2016.885,885,POINT (396181.396 6675635.0954),2016,9,12.00-12.59,2,0,1,0,0,1,0,0,0,396181.396,6675635.0954
tieliikenne_2016.886,886,POINT (379358.4554 6704602.6338),2016,9,20.00-20.59,2,7,1,0,1,0,0,0,0,379358.4554,6704602.6338
tieliikenne_2016.887,887,POINT (393269.5659 6694383.8646),2016,9,14.00-14.59,2,8,0,0,0,0,0,1,0,393269.5659,6694383.8646
tieliikenne_2016.888,888,POINT (422270.5409 6712967.6253),2016,9,20.00-20.59,2,8,0,0,0,0,0,0,1,422270.5409,6712967.6253
tieliikenne_2016.889,889,POINT (397823.297 6705227.2744),2016,9,16.00-16.59,2,4,2,0,0,0,0,0,0,397823.297,6705227.2744
tieliikenne_2016.890,890,POINT (383045.0934 6723728.9085),2016,9,17.00-17.59,2,4,1,0,0,1,0,0,0,383045.0934,6723728.9085
tieliikenne_2016.891,891,POINT (428254.5988 6695907.904),2016,9,15.00-15.59,1,6,1,0,1,0,0,0,0,428254.5988,6695907.904
tieliikenne_2016.892,892,POINT (400725.1153 6722503.8688),2016,9,22.00-22.59,2,8,1,0,0,0,0,0,0,400725.1153,6722503.8688
tieliikenne_2016.893,893,POINT (455165.1458 6719512.3646),2016,9,22.00-22.59,2,8,0,0,0,0,1,0,0,455165.1458,6719512.3646
tieliikenne_2016.894,894,POINT (387764.5949 6684637.2842),2016,9,08.00-08.59,2,4,1,1,0,0,0,0,0,387764.5949,6684637.2842
tieliikenne_2016.895,895,POINT (393794.0562 6691938.7586),2016,9,09.00-09.59,2,6,1,0,1,0,0,0,0,393794.0562,6691938.7586
tieliikenne_2016.896,896,POINT (390770.1818 6686949.7513),2016,9,20.00-20.59,2,0,2,0,0,0,0,0,0,390770.1818,6686949.7513
tieliikenne_2016.897,897,POINT (395775.1191 6697370.5839),2016,9,21.00-21.59,2,4,2,0,0,0,0,0,0,395775.1191,6697370.5839
tieliikenne_2016.898,898,POINT (395130.7038 6697791.1246),2016,9,00.00-00.59,2,8,1,0,0,0,0,0,0,395130.7038,6697791.1246
tieliikenne_2016.899,899,POINT (394643.4433 6685298.868),2016,9,15.00-15.59,2,0,3,0,0,0,0,0,0,394643.4433,6685298.868
tieliikenne_2016.900,900,POINT (390864.0396 6685342.2912),2016,9,16.00-16.59,2,0,1,0,2,0,0,1,0,390864.0396,6685342.2912
tieliikenne_2016.901,901,POINT (391154.4386 6686050.4255),2016,10,08.00-08.59,2,9,1,0,0,1,0,0,0,391154.4386,6686050.4255
tieliikenne_2016.902,902,POINT (381268.649 6683084.4174),2016,10,09.00-09.59,2,4,1,0,0,1,0,0,0,381268.649,6683084.4174
tieliikenne_2016.903,903,POINT (393872.0325 6684844.989),2016,10,13.00-13.59,2,0,1,1,2,0,0,0,0,393872.0325,6684844.989
tieliikenne_2016.904,904,POINT (396732.8597 6695622.5215),2016,10,15.00-15.59,2,4,2,0,0,0,0,0,0,396732.8597,6695622.5215
tieliikenne_2016.905,905,POINT (410630.8481 6705668.4066),2016,10,14.00-14.59,2,0,1,0,0,0,1,0,0,410630.8481,6705668.4066
tieliikenne_2016.906,906,POINT (384378.857 6692130.649),2016,10,17.00-17.59,3,4,1,0,0,1,0,0,0,384378.857,6692130.649
tieliikenne_2016.907,907,POINT (410987.5935 6702701.1969),2016,10,13.00-13.59,3,8,1,0,0,0,0,0,0,410987.5935,6702701.1969
tieliikenne_2016.908,908,POINT (392743.3863 6687930.2146),2016,10,15.00-15.59,2,8,0,0,0,0,1,0,0,392743.3863,6687930.2146
tieliikenne_2016.909,909,POINT (381239.7474 6682205.3115),2016,10,12.00-12.59,2,6,0,0,1,0,1,0,0,381239.7474,6682205.3115
tieliikenne_2016.910,910,POINT (383531.28 6725811.854),2016,10,18.00-18.59,2,8,1,0,0,0,0,0,0,383531.28,6725811.854
tieliikenne_2016.911,911,POINT (378713.3848 6683627.0762),2016,8,11.00-11.59,2,4,1,0,0,1,0,0,0,378713.3848,6683627.0762
tieliikenne_2016.912,912,POINT (392023.7134 6685685.2552),2016,8,09.00-09.59,2,9,0,1,0,0,0,1,0,392023.7134,6685685.2552
tieliikenne_2016.913,913,POINT (395817.6579 6690520.1847),2016,10,06.00-06.59,2,0,7,0,0,0,0,0,0,395817.6579,6690520.1847
tieliikenne_2016.914,914,POINT (401380.4142 6689018.335),2016,10,10.00-10.59,3,8,0,0,0,0,0,1,0,401380.4142,6689018.335
tieliikenne_2016.915,915,POINT (376525.8265 6695153.8663),2016,10,15.00-15.59,2,3,1,0,0,1,0,0,0,376525.8265,6695153.8663
tieliikenne_2016.916,916,POINT (380920.1677 6704332.5192),2016,10,16.00-16.59,2,4,1,0,0,0,1,0,0,380920.1677,6704332.5192
tieliikenne_2016.917,917,POINT (424572.8382 6697948.24),2016,10,19.00-19.59,1,2,1,0,0,0,0,1,0,424572.8382,6697948.24
tieliikenne_2016.918,918,POINT (407897.4852 6722773.332),2016,10,06.00-06.59,2,4,1,0,0,1,0,0,0,407897.4852,6722773.332
tieliikenne_2016.919,919,POINT (385866.4606 6726851.7846),2016,10,05.00-05.59,2,8,1,0,0,0,0,0,0,385866.4606,6726851.7846
tieliikenne_2016.920,920,POINT (391213.0266 6685569.2106),2016,10,08.00-08.59,2,4,1,0,0,1,0,0,0,391213.0266,6685569.2106
tieliikenne_2016.921,921,POINT (378870.8716 6682814.4455),2016,10,08.00-08.59,2,1,3,0,0,0,0,0,0,378870.8716,6682814.4455
tieliikenne_2016.922,922,POINT (423815.329 6703118.8296),2016,10,04.00-04.59,2,8,1,0,0,0,0,0,0,423815.329,6703118.8296
tieliikenne_2016.923,923,POINT (380728.4734 6701914.2144),2016,10,14.00-14.59,2,0,2,0,0,0,0,0,0,380728.4734,6701914.2144
tieliikenne_2016.924,924,POINT (382945.5127 6723406.614),2016,10,07.00-07.59,2,0,1,0,0,0,1,0,0,382945.5127,6723406.614
tieliikenne_2016.925,925,POINT (388423.9627 6684443.5346),2016,10,11.00-11.59,2,4,1,0,0,1,0,0,0,388423.9627,6684443.5346
tieliikenne_2016.926,926,POINT (375063.432 6700517.934),2016,10,09.00-09.59,2,0,1,0,0,1,0,0,0,375063.432,6700517.934
tieliikenne_2016.927,927,POINT (395925.17 6711660.5822),2016,10,20.00-20.59,2,8,0,0,0,0,0,0,1,395925.17,6711660.5822
tieliikenne_2016.928,928,POINT (394537.7003 6706947.6508),2016,10,12.00-12.59,2,1,1,0,0,1,0,0,0,394537.7003,6706947.6508
tieliikenne_2016.929,929,POINT (394646.8362 6705584.6972),2016,10,11.00-11.59,2,5,1,0,0,0,1,0,0,394646.8362,6705584.6972
tieliikenne_2016.930,930,POINT (433971.1958 6700131.8923),2016,10,10.00-10.59,2,8,1,0,0,0,0,0,0,433971.1958,6700131.8923
tieliikenne_2016.931,931,POINT (426334.1368 6695653.3901),2016,10,16.00-16.59,2,6,1,0,1,0,0,0,0,426334.1368,6695653.3901
tieliikenne_2016.932,932,POINT (389414.8921 6689127.8578),2016,10,19.00-19.59,2,0,4,0,0,0,0,0,0,389414.8921,6689127.8578
tieliikenne_2016.933,933,POINT (401869.6596 6722383.7424),2016,10,17.00-17.59,2,8,1,0,0,0,0,0,0,401869.6596,6722383.7424
tieliikenne_2016.934,934,POINT (379231.9469 6684380.0014),2016,11,12.00-12.59,2,1,1,0,0,1,0,0,0,379231.9469,6684380.0014
tieliikenne_2016.935,935,POINT (392277.9935 6698797.7827),2016,11,15.00-15.59,2,0,2,0,0,0,0,0,0,392277.9935,6698797.7827
tieliikenne_2016.936,936,POINT (381917.3556 6722081.5829),2016,11,12.00-12.59,2,6,0,1,2,0,0,0,0,381917.3556,6722081.5829
tieliikenne_2016.937,937,POINT (396071.9416 6693263.3743),2016,11,17.00-17.59,2,8,1,0,0,0,0,0,0,396071.9416,6693263.3743
tieliikenne_2016.938,938,POINT (387129.0863 6704533.9767),2016,11,13.00-13.59,2,2,2,1,0,0,0,0,0,387129.0863,6704533.9767
tieliikenne_2016.939,939,POINT (393224.4123 6692254.2229),2016,11,14.00-14.59,2,6,1,0,1,0,0,0,0,393224.4123,6692254.2229
tieliikenne_2016.940,940,POINT (395716.8352 6704658.7257),2016,11,16.00-16.59,2,6,1,0,1,0,0,0,0,395716.8352,6704658.7257
tieliikenne_2016.941,941,POINT (376785.4632 6683749.0675),2016,11,10.00-10.59,2,0,0,3,0,0,0,0,0,376785.4632,6683749.0675
tieliikenne_2016.942,942,POINT (395913.2207 6690303.197),2016,11,12.00-12.59,2,0,2,0,0,0,0,0,0,395913.2207,6690303.197
tieliikenne_2016.943,943,POINT (396298.0304 6681574.9118),2016,11,15.00-15.59,2,8,1,0,0,0,0,0,0,396298.0304,6681574.9118
tieliikenne_2016.944,944,POINT (395651.3128 6706122.4597),2016,11,18.00-18.59,2,7,0,0,1,0,1,0,0,395651.3128,6706122.4597
tieliikenne_2016.945,945,POINT (388247.0143 6684716.296),2016,11,21.00-21.59,2,0,4,0,0,0,0,0,0,388247.0143,6684716.296
tieliikenne_2016.946,946,POINT (457433.1215 6702607.7657),2016,11,13.00-13.59,2,6,1,0,1,0,0,0,0,457433.1215,6702607.7657
tieliikenne_2016.947,947,POINT (395603.9736 6709048.5123),2016,11,20.00-20.59,2,4,1,0,0,0,1,0,0,395603.9736,6709048.5123
tieliikenne_2016.948,948,POINT (397832.1387 6705260.2995),2016,11,04.00-04.59,2,8,1,0,0,0,0,0,0,397832.1387,6705260.2995
tieliikenne_2016.949,949,POINT (435029.6596 6730832.8512),2016,11,10.00-10.59,2,8,1,0,0,0,0,0,0,435029.6596,6730832.8512
tieliikenne_2016.950,950,POINT (380328.8974 6689051.6347),2016,11,08.00-08.59,2,0,2,0,0,0,0,0,0,380328.8974,6689051.6347
tieliikenne_2016.951,951,POINT (393203.8338 6688268.2778),2016,11,15.00-15.59,2,2,4,0,0,0,0,0,0,393203.8338,6688268.2778
tieliikenne_2016.952,952,POINT (387749.1047 6685434.3012),2016,11,00.00-00.59,2,8,1,0,0,0,0,0,0,387749.1047,6685434.3012
tieliikenne_2016.953,953,POINT (421795.3352 6698632.0597),2016,11,15.00-15.59,2,1,1,1,0,0,0,0,0,421795.3352,6698632.0597
tieliikenne_2016.954,954,POINT (394359.4334 6687856.776),2016,11,07.00-07.59,2,2,2,0,0,0,0,0,0,394359.4334,6687856.776
tieliikenne_2016.955,955,POINT (394189.9493 6683258.8971),2016,11,18.00-18.59,2,8,1,0,0,0,0,0,0,394189.9493,6683258.8971
tieliikenne_2016.956,956,POINT (444744.1134 6695278.6183),2016,11,21.00-21.59,1,8,1,0,0,0,0,0,0,444744.1134,6695278.6183
tieliikenne_2016.957,957,POINT (378261.9983 6683866.8491),2016,11,22.00-22.59,2,8,0,1,0,0,0,0,0,378261.9983,6683866.8491
tieliikenne_2016.958,958,POINT (423873.2689 6691078.883),2016,11,11.00-11.59,3,8,0,0,0,0,0,0,1,423873.2689,6691078.883
tieliikenne_2016.959,959,POINT (382483.3121 6724548.0784),2016,11,14.00-14.59,2,6,0,1,1,0,0,0,0,382483.3121,6724548.0784
tieliikenne_2016.960,960,POINT (381265 6686037),2016,9,21.00-21.59,2,9,0,0,0,0,1,0,0,381265,6686037
tieliikenne_2016.961,961,POINT (393748.0729 6691582.3268),2016,11,23.00-23.59,2,5,1,0,0,0,0,0,1,393748.0729,6691582.3268
tieliikenne_2016.962,962,POINT (425420.9108 6695586.9601),2016,11,15.00-15.59,2,3,1,0,0,0,0,0,1,425420.9108,6695586.9601
tieliikenne_2016.963,963,POINT (391166.9032 6695760.7736),2016,11,17.00-17.59,2,5,3,0,0,0,0,0,0,391166.9032,6695760.7736
tieliikenne_2016.964,964,POINT (378782.5137 6681853.4405),2016,11,04.00-04.59,2,5,2,0,0,0,0,0,0,378782.5137,6681853.4405
tieliikenne_2016.965,965,POINT (389437.6711 6687306.7669),2016,11,17.00-17.59,2,4,2,0,0,0,0,0,0,389437.6711,6687306.7669
tieliikenne_2016.966,966,POINT (425753.3267 6695663.2396),2016,11,18.00-18.59,2,6,1,0,1,0,0,0,0,425753.3267,6695663.2396
tieliikenne_2016.967,967,POINT (386220.5432 6710086.1273),2016,12,13.00-13.59,2,4,2,0,0,0,0,0,0,386220.5432,6710086.1273
tieliikenne_2016.968,968,POINT (384479.6963 6722410.0786),2016,12,18.00-18.59,2,6,1,0,1,0,0,0,0,384479.6963,6722410.0786
tieliikenne_2016.969,969,POINT (381010.5689 6722997.9661),2016,12,10.00-10.59,2,1,2,0,0,0,0,0,0,381010.5689,6722997.9661
tieliikenne_2016.970,970,POINT (387205.8356 6685428.7228),2016,12,15.00-15.59,2,3,2,0,0,0,0,0,0,387205.8356,6685428.7228
tieliikenne_2016.971,971,POINT (400741.5916 6705120.086),2016,11,18.00-18.59,2,0,1,0,0,1,0,0,0,400741.5916,6705120.086
tieliikenne_2016.972,972,POINT (396275.4031 6695799.2004),2016,12,14.00-14.59,2,8,1,0,0,0,0,0,0,396275.4031,6695799.2004
tieliikenne_2016.973,973,POINT (370942.3768 6700258.1393),2016,12,16.00-16.59,2,1,1,0,0,0,1,0,0,370942.3768,6700258.1393
tieliikenne_2016.974,974,POINT (382178.8298 6692076.8156),2016,12,21.00-21.59,2,8,1,0,0,0,0,0,0,382178.8298,6692076.8156
tieliikenne_2016.975,975,POINT (396148.2632 6693768.1116),2016,12,07.00-07.59,2,0,1,1,0,0,0,0,0,396148.2632,6693768.1116
tieliikenne_2016.976,976,POINT (389224.3266 6686711.702),2016,12,07.00-07.59,2,4,2,0,0,0,0,0,0,389224.3266,6686711.702
tieliikenne_2016.977,977,POINT (386768.8969 6686283.1026),2016,12,13.00-13.59,2,5,3,0,0,0,0,0,0,386768.8969,6686283.1026
tieliikenne_2016.978,978,POINT (389775.7111 6691263.5125),2016,12,16.00-16.59,2,1,2,0,0,0,0,0,0,389775.7111,6691263.5125
tieliikenne_2016.979,979,POINT (376699.7347 6698534.5487),2016,12,17.00-17.59,2,2,2,0,0,0,0,0,0,376699.7347,6698534.5487
tieliikenne_2016.980,980,POINT (456862.8533 6700669.9489),2016,12,11.00-11.59,2,1,2,0,0,0,0,0,0,456862.8533,6700669.9489
tieliikenne_2016.981,981,POINT (408969.8054 6699895.4928),2016,12,12.00-12.59,2,2,2,0,0,0,0,0,0,408969.8054,6699895.4928
tieliikenne_2016.982,982,POINT (388348.2802 6685168.5858),2016,12,06.00-06.59,2,8,1,0,0,0,0,0,0,388348.2802,6685168.5858
tieliikenne_2016.983,983,POINT (417262.9367 6689964.4825),2016,12,09.00-09.59,2,8,1,0,0,0,0,0,0,417262.9367,6689964.4825
tieliikenne_2016.984,984,POINT (387891.8427 6685837.5931),2016,12,12.00-12.59,2,4,2,0,0,0,0,0,0,387891.8427,6685837.5931
tieliikenne_2016.985,985,POINT (427197.0446 6696037.9579),2016,12,16.00-16.59,2,0,2,0,0,0,0,0,0,427197.0446,6696037.9579
tieliikenne_2016.986,986,POINT (382120.6857 6699769.2527),2016,12,23.00-23.59,2,8,1,0,0,0,0,0,0,382120.6857,6699769.2527
tieliikenne_2016.987,987,POINT (424821.6751 6696959.3301),2016,12,00.00-00.59,2,8,1,0,0,0,0,0,0,424821.6751,6696959.3301
tieliikenne_2016.988,988,POINT (406604.519 6722286.0036),2016,12,04.00-04.59,3,8,1,0,0,0,0,0,0,406604.519,6722286.0036
tieliikenne_2016.989,989,POINT (394837.3668 6705826.4785),2016,12,10.00-10.59,2,6,1,0,1,0,0,0,0,394837.3668,6705826.4785
tieliikenne_2016.990,990,POINT (387747.5258 6683841.9661),2016,12,13.00-13.59,2,1,1,0,0,1,0,0,0,387747.5258,6683841.9661
tieliikenne_2016.991,991,POINT (396645.3712 6691347.079),2016,12,16.00-16.59,2,0,3,0,0,0,0,0,0,396645.3712,6691347.079
tieliikenne_2016.992,992,POINT (386564.544 6698192.7743),2016,12,19.00-19.59,2,8,1,0,0,0,0,0,0,386564.544,6698192.7743
tieliikenne_2016.993,993,POINT (388306.226 6684876.5109),2016,12,11.00-11.59,2,0,2,1,0,0,0,0,0,388306.226,6684876.5109
tieliikenne_2016.994,994,POINT (385205.7893 6674653.3693),2016,12,14.00-14.59,2,3,2,0,0,0,0,0,0,385205.7893,6674653.3693
tieliikenne_2016.995,995,POINT (395234.4587 6685873.57),2016,12,21.00-21.59,2,9,0,0,0,0,1,0,0,395234.4587,6685873.57
tieliikenne_2016.996,996,POINT (383302.48 6713684.569),2016,12,21.00-21.59,2,0,2,0,0,0,0,0,0,383302.48,6713684.569
tieliikenne_2016.997,997,POINT (402611.2002 6705644.0959),2016,12,15.00-15.59,2,8,1,0,0,0,0,0,0,402611.2002,6705644.0959
tieliikenne_2016.998,998,POINT (380077.7523 6722525.7563),2016,12,16.00-16.59,2,8,1,0,0,0,0,0,0,380077.7523,6722525.7563
tieliikenne_2016.999,999,POINT (380997.2921 6734718.5924),2016,1,06.00-06.59,2,8,1,0,0,0,0,0,0,380997.2921,6734718.5924
tieliikenne_2016.1000,1000,POINT (390197.0593 6772816.6164),2016,1,15.00-15.59,2,8,1,0,0,0,0,0,0,390197.0593,6772816.6164
tieliikenne_2016.1001,1001,POINT (412200.2544 6741056.8314),2016,1,17.00-17.59,2,8,0,1,0,0,0,0,0,412200.2544,6741056.8314
tieliikenne_2016.1002,1002,POINT (427163.3912 6761067.6266),2016,1,14.00-14.59,2,8,1,0,0,0,0,0,0,427163.3912,6761067.6266
tieliikenne_2016.1003,1003,POINT (412796.6853 6787183.3461),2016,1,14.00-14.59,3,2,1,1,0,0,0,0,0,412796.6853,6787183.3461
tieliikenne_2016.1004,1004,POINT (361201.1883 6762916.9261),2016,1,13.00-13.59,2,4,2,0,0,0,0,0,0,361201.1883,6762916.9261
tieliikenne_2016.1005,1005,POINT (427007.7859 6761730.5432),2016,1,12.00-12.59,2,0,2,0,0,0,0,0,0,427007.7859,6761730.5432
tieliikenne_2016.1006,1006,POINT (435472.1037 6764626.0263),2016,1,14.00-14.59,2,4,1,0,0,0,0,0,1,435472.1037,6764626.0263
tieliikenne_2016.1007,1007,POINT (448051.3901 6785360.1635),2016,1,22.00-22.59,2,2,2,0,0,0,0,0,0,448051.3901,6785360.1635
tieliikenne_2016.1008,1008,POINT (361720.4546 6764600.4974),2016,1,18.00-18.59,2,6,1,0,1,0,0,0,0,361720.4546,6764600.4974
tieliikenne_2016.1009,1009,POINT (392782.252 6772403.999),2016,1,14.00-14.59,2,4,1,0,0,1,0,0,0,392782.252,6772403.999
tieliikenne_2016.1010,1010,POINT (376129.807 6736200.7995),2016,1,10.00-10.59,2,0,1,1,0,0,0,0,0,376129.807,6736200.7995
tieliikenne_2016.1011,1011,POINT (421828.6066 6782650.868),2016,1,23.00-23.59,2,8,1,0,0,0,0,0,0,421828.6066,6782650.868
tieliikenne_2016.1012,1012,POINT (427355.0258 6759531.4023),2016,1,09.00-09.59,2,4,1,0,0,1,0,0,0,427355.0258,6759531.4023
tieliikenne_2016.1013,1013,POINT (427486.2269 6762437.682),2016,1,04.00-04.59,2,5,3,0,0,0,0,0,0,427486.2269,6762437.682
tieliikenne_2016.1014,1014,POINT (427312.9889 6760395.6458),2016,1,07.00-07.59,2,8,0,1,0,0,0,0,0,427312.9889,6760395.6458
tieliikenne_2016.1015,1015,POINT (433996.7875 6764293.1425),2016,1,13.00-13.59,2,9,2,0,0,0,0,0,0,433996.7875,6764293.1425
tieliikenne_2016.1016,1016,POINT (419393.1941 6738029.8841),2016,1,09.00-09.59,2,5,1,1,0,0,0,0,0,419393.1941,6738029.8841
tieliikenne_2016.1017,1017,POINT (423103.3445 6761982.183),2016,1,09.00-09.59,2,3,2,0,0,0,0,0,0,423103.3445,6761982.183
tieliikenne_2016.1018,1018,POINT (376907.6556 6731007.7195),2016,1,06.00-06.59,2,3,2,0,0,0,0,0,0,376907.6556,6731007.7195
tieliikenne_2016.1019,1019,POINT (378059.5004 6728865.8191),2016,1,09.00-09.59,2,8,0,1,0,0,0,0,0,378059.5004,6728865.8191
tieliikenne_2016.1020,1020,POINT (364906.7125 6759437.4878),2016,1,12.00-12.59,2,8,1,0,0,0,0,0,0,364906.7125,6759437.4878
tieliikenne_2016.1021,1021,POINT (448711.2066 6754723.2897),2016,4,00.00-00.59,2,9,1,0,0,0,0,0,0,448711.2066,6754723.2897
tieliikenne_2016.1022,1022,POINT (427105.0951 6759908.6872),2016,1,07.00-07.59,2,4,1,1,0,0,0,0,0,427105.0951,6759908.6872
tieliikenne_2016.1023,1023,POINT (299334.5275 6741912.5352),2016,2,15.00-15.59,1,2,1,1,0,0,0,0,0,299334.5275,6741912.5352
tieliikenne_2016.1024,1024,POINT (419281.72 6762172.1945),2016,2,16.00-16.59,2,3,2,0,0,0,0,0,0,419281.72,6762172.1945
tieliikenne_2016.1025,1025,POINT (432285.289 6762392.7972),2016,2,07.00-07.59,2,8,1,0,0,0,0,0,0,432285.289,6762392.7972
tieliikenne_2016.1026,1026,POINT (427695.6199 6762604.3057),2016,2,08.00-08.59,2,0,2,0,0,0,0,0,0,427695.6199,6762604.3057
tieliikenne_2016.1027,1027,POINT (356845.37 6730259.047),2016,5,08.00-08.59,2,9,0,1,0,0,1,0,0,356845.37,6730259.047
tieliikenne_2016.1028,1028,POINT (373182.6292 6745281.2171),2016,5,22.00-22.59,2,9,1,0,0,0,0,0,0,373182.6292,6745281.2171
tieliikenne_2016.1029,1029,POINT (417617.9078 6762329.4991),2016,2,11.00-11.59,3,2,2,0,0,0,0,0,0,417617.9078,6762329.4991
tieliikenne_2016.1030,1030,POINT (427921.7118 6765437.4137),2016,2,15.00-15.59,2,2,2,0,0,0,0,0,0,427921.7118,6765437.4137
tieliikenne_2016.1031,1031,POINT (430651.589 6761978.6309),2016,2,12.00-12.59,2,5,2,0,0,0,0,0,0,430651.589,6761978.6309
tieliikenne_2016.1032,1032,POINT (372761.4387 6729390.8262),2016,2,15.00-15.59,2,8,1,0,0,0,0,0,0,372761.4387,6729390.8262
tieliikenne_2016.1033,1033,POINT (400589.2737 6748239.8299),2016,2,13.00-13.59,3,0,1,1,0,0,0,0,0,400589.2737,6748239.8299
tieliikenne_2016.1034,1034,POINT (306093.2432 6757825.209),2016,2,20.00-20.59,2,2,4,1,0,0,0,0,0,306093.2432,6757825.209
tieliikenne_2016.1035,1035,POINT (448475.7327 6836293.9846),2016,2,16.00-16.59,2,8,1,0,0,0,0,0,0,448475.7327,6836293.9846
tieliikenne_2016.1036,1036,POINT (448774.6703 6785169.2271),2016,2,19.00-19.59,2,9,0,0,0,0,1,0,0,448774.6703,6785169.2271
tieliikenne_2016.1037,1037,POINT (425827.4653 6759043.4112),2016,2,05.00-05.59,2,8,1,0,0,0,0,0,0,425827.4653,6759043.4112
tieliikenne_2016.1038,1038,POINT (447179.3874 6827050.6286),2016,7,00.00-00.59,2,9,1,0,0,0,0,0,0,447179.3874,6827050.6286
tieliikenne_2016.1039,1039,POINT (427523.8339 6761378.0339),2016,2,09.00-09.59,2,6,1,0,1,0,0,0,0,427523.8339,6761378.0339
tieliikenne_2016.1040,1040,POINT (406273.5839 6765719.1423),2016,2,14.00-14.59,2,8,1,0,0,0,0,0,0,406273.5839,6765719.1423
tieliikenne_2016.1041,1041,POINT (443416.1634 6756318.2057),2016,2,15.00-15.59,2,4,2,0,0,0,0,0,0,443416.1634,6756318.2057
tieliikenne_2016.1042,1042,POINT (448068.8964 6785622.512),2016,2,09.00-09.59,2,7,3,0,1,0,0,0,0,448068.8964,6785622.512
tieliikenne_2016.1043,1043,POINT (419404.9081 6738021.9206),2016,2,07.00-07.59,2,5,3,0,0,0,0,0,0,419404.9081,6738021.9206
tieliikenne_2016.1044,1044,POINT (418383.8829 6762348.2905),2016,7,23.00-23.59,2,8,0,0,0,1,0,0,0,418383.8829,6762348.2905
tieliikenne_2016.1045,1045,POINT (362715.3659 6763973.1901),2016,2,21.00-21.59,2,0,2,0,0,0,0,0,0,362715.3659,6763973.1901
tieliikenne_2016.1046,1046,POINT (363122.2696 6762708.4595),2016,7,23.00-23.59,2,8,1,0,0,0,0,0,0,363122.2696,6762708.4595
tieliikenne_2016.1047,1047,POINT (331790.6388 6747450.0746),2016,8,14.00-14.59,2,9,1,0,0,0,0,0,0,331790.6388,6747450.0746
tieliikenne_2016.1048,1048,POINT (364610.6163 6766174.0041),2016,2,20.00-20.59,2,4,1,0,0,1,0,0,0,364610.6163,6766174.0041
tieliikenne_2016.1049,1049,POINT (421155.0862 6746378.3217),2016,2,07.00-07.59,2,8,1,0,0,0,0,0,0,421155.0862,6746378.3217
tieliikenne_2016.1050,1050,POINT (372865.6029 6733399.5879),2016,2,15.00-15.59,2,2,1,1,0,0,0,0,0,372865.6029,6733399.5879
tieliikenne_2016.1051,1051,POINT (419307.1667 6762179.8229),2016,2,08.00-08.59,2,0,2,0,0,0,0,0,0,419307.1667,6762179.8229
tieliikenne_2016.1052,1052,POINT (361910.4447 6764989.301),2016,2,20.00-20.59,2,3,2,0,0,0,0,0,0,361910.4447,6764989.301
tieliikenne_2016.1053,1053,POINT (448969.2941 6808333.8338),2016,9,00.00-00.59,2,9,1,0,0,0,0,0,0,448969.2941,6808333.8338
tieliikenne_2016.1054,1054,POINT (377215.8285 6752552.9639),2016,9,18.00-18.59,3,9,0,0,0,0,0,1,0,377215.8285,6752552.9639
tieliikenne_2016.1055,1055,POINT (364952.1257 6766654.5122),2016,3,11.00-11.59,2,4,1,0,0,0,0,1,0,364952.1257,6766654.5122
tieliikenne_2016.1056,1056,POINT (303598.5961 6759901.3335),2016,3,21.00-21.59,2,5,2,0,0,0,0,0,0,303598.5961,6759901.3335
tieliikenne_2016.1057,1057,POINT (429068.1751 6819448.5374),2016,3,23.00-23.59,2,8,1,0,0,0,0,0,0,429068.1751,6819448.5374
tieliikenne_2016.1058,1058,POINT (316984.2124 6745075.6784),2016,3,17.00-17.59,2,8,1,0,0,0,0,0,0,316984.2124,6745075.6784
tieliikenne_2016.1059,1059,POINT (362233.8215 6727981.3516),2016,10,07.00-07.59,2,9,1,0,0,0,0,0,0,362233.8215,6727981.3516
tieliikenne_2016.1060,1060,POINT (365005.6198 6759272.187),2016,3,23.00-23.59,2,8,1,0,0,0,0,0,0,365005.6198,6759272.187
tieliikenne_2016.1061,1061,POINT (368645.3055 6750376.3762),2016,3,04.00-04.59,2,0,2,0,0,0,0,0,0,368645.3055,6750376.3762
tieliikenne_2016.1062,1062,POINT (423145.699 6761968.3834),2016,3,09.00-09.59,3,0,2,0,0,0,0,0,0,423145.699,6761968.3834
tieliikenne_2016.1063,1063,POINT (453900.6435 6798472.0369),2016,3,18.00-18.59,1,2,1,1,0,0,0,0,0,453900.6435,6798472.0369
tieliikenne_2016.1064,1064,POINT (427495.5848 6753312.7346),2016,3,02.00-02.59,2,2,1,1,0,0,0,0,0,427495.5848,6753312.7346
tieliikenne_2016.1065,1065,POINT (359455.9805 6768585.6426),2016,3,05.00-05.59,2,8,1,0,0,0,0,0,0,359455.9805,6768585.6426
tieliikenne_2016.1066,1066,POINT (370252.6436 6767535.9313),2016,11,16.00-16.59,3,9,3,0,0,0,0,0,0,370252.6436,6767535.9313
tieliikenne_2016.1067,1067,POINT (425892.0749 6761424.2942),2016,3,03.00-03.59,2,8,1,1,0,0,0,0,0,425892.0749,6761424.2942
tieliikenne_2016.1068,1068,POINT (429812.3998 6820289.2573),2016,3,00.00-00.59,1,8,1,0,0,0,0,0,0,429812.3998,6820289.2573
tieliikenne_2016.1069,1069,POINT (448819.369 6797995.514),2016,12,19.00-19.59,2,9,1,0,0,0,0,0,0,448819.369,6797995.514
tieliikenne_2016.1070,1070,POINT (432549.6741 6759102.868),2016,12,16.00-16.59,2,9,1,0,0,0,0,0,0,432549.6741,6759102.868
tieliikenne_2016.1071,1071,POINT (423687.2036 6761644.0023),2016,3,12.00-12.59,2,0,3,0,0,0,0,0,0,423687.2036,6761644.0023
tieliikenne_2016.1072,1072,POINT (371324.9938 6784375.9661),2016,3,19.00-19.59,2,2,2,0,0,0,0,0,0,371324.9938,6784375.9661
tieliikenne_2016.1073,1073,POINT (377983.7996 6735552.7058),2016,3,22.00-22.59,2,7,1,0,1,0,0,0,0,377983.7996,6735552.7058
tieliikenne_2016.1074,1074,POINT (376569.2078 6732009.0299),2016,3,20.00-20.59,2,8,1,0,0,0,0,0,0,376569.2078,6732009.0299
tieliikenne_2016.1075,1075,POINT (427682.1008 6760037.7216),2016,3,09.00-09.59,2,0,3,0,0,0,0,0,0,427682.1008,6760037.7216
tieliikenne_2016.1076,1076,POINT (361473.2026 6764517.2615),2016,4,08.00-08.59,3,4,1,0,0,1,0,0,0,361473.2026,6764517.2615
tieliikenne_2016.1077,1077,POINT (365586.9925 6757464.8928),2016,4,20.00-20.59,1,8,1,0,0,0,0,0,0,365586.9925,6757464.8928
tieliikenne_2016.1078,1078,POINT (428427.6914 6767428.631),2016,4,17.00-17.59,2,7,1,0,1,0,0,0,0,428427.6914,6767428.631
tieliikenne_2016.1079,1079,POINT (378169.2138 6734497.3984),2016,4,16.00-16.59,2,9,1,0,1,0,0,0,0,378169.2138,6734497.3984
tieliikenne_2016.1080,1080,POINT (374756.3808 6755041.4278),2016,4,04.00-04.59,2,8,1,0,0,0,0,0,0,374756.3808,6755041.4278
tieliikenne_2016.1081,1081,POINT (428773.9703 6742313.9003),2016,4,06.00-06.59,2,8,1,0,0,0,0,0,0,428773.9703,6742313.9003
tieliikenne_2016.1082,1082,POINT (428466.7941 6763716.6996),2016,4,12.00-12.59,2,8,1,0,0,0,0,0,0,428466.7941,6763716.6996
tieliikenne_2016.1083,1083,POINT (305089.2114 6743293.6929),2016,4,13.00-13.59,2,8,1,0,0,0,0,0,0,305089.2114,6743293.6929
tieliikenne_2016.1084,1084,POINT (427595.469 6762158.3986),2016,4,14.00-14.59,2,1,1,0,0,0,0,1,0,427595.469,6762158.3986
tieliikenne_2016.1085,1085,POINT (361754.3517 6765071.7603),2016,4,16.00-16.59,2,5,1,0,0,0,1,0,0,361754.3517,6765071.7603
tieliikenne_2016.1086,1086,POINT (427790.7538 6763034.3988),2016,4,03.00-03.59,2,8,1,0,0,0,0,0,0,427790.7538,6763034.3988
tieliikenne_2016.1087,1087,POINT (370485.0398 6748185.1643),2016,4,07.00-07.59,3,8,1,0,0,0,0,0,0,370485.0398,6748185.1643
tieliikenne_2016.1088,1088,POINT (434297.3498 6763162.7359),2016,4,17.00-17.59,2,8,1,0,0,0,0,0,0,434297.3498,6763162.7359
tieliikenne_2016.1089,1089,POINT (317983.7029 6747384.8457),2016,4,13.00-13.59,2,1,2,0,0,0,0,0,0,317983.7029,6747384.8457
tieliikenne_2016.1090,1090,POINT (376877.4251 6733881.6417),2016,4,12.00-12.59,2,0,2,0,0,0,0,0,0,376877.4251,6733881.6417
tieliikenne_2016.1091,1091,POINT (434909.7733 6777907.0698),2016,4,21.00-21.59,2,8,0,0,0,0,1,0,0,434909.7733,6777907.0698
tieliikenne_2016.1092,1092,POINT (431391.7239 6759854.419),2016,4,18.00-18.59,2,1,2,0,0,0,0,0,0,431391.7239,6759854.419
tieliikenne_2016.1093,1093,POINT (442566.346 6775076.3016),2016,4,01.00-01.59,2,7,1,0,1,0,0,0,0,442566.346,6775076.3016
tieliikenne_2016.1094,1094,POINT (362515.0968 6765182.9578),2016,4,15.00-15.59,2,4,1,0,0,0,1,0,0,362515.0968,6765182.9578
tieliikenne_2016.1095,1095,POINT (385324.822 6775978.9443),2016,4,10.00-10.59,2,2,1,1,0,0,0,0,0,385324.822,6775978.9443
tieliikenne_2016.1096,1096,POINT (371581.6113 6758920.223),2016,4,17.00-17.59,2,0,0,0,0,0,2,0,0,371581.6113,6758920.223
tieliikenne_2016.1097,1097,POINT (418723.4844 6786962.8906),2016,4,17.00-17.59,2,8,1,0,0,0,0,0,0,418723.4844,6786962.8906
tieliikenne_2016.1098,1098,POINT (448793.523 6790004.7625),2016,4,19.00-19.59,2,5,1,0,0,0,0,1,0,448793.523,6790004.7625
tieliikenne_2016.1099,1099,POINT (363583.3698 6766369.7856),2016,5,18.00-18.59,2,4,1,0,0,0,1,0,0,363583.3698,6766369.7856
tieliikenne_2016.1100,1100,POINT (373690.5747 6745361.0939),2016,5,09.00-09.59,2,0,1,0,0,1,0,0,0,373690.5747,6745361.0939
tieliikenne_2016.1101,1101,POINT (316772.1259 6745842.7161),2016,5,10.00-10.59,2,1,1,0,0,1,0,0,0,316772.1259,6745842.7161
tieliikenne_2016.1102,1102,POINT (459977.3945 6791660.9323),2016,5,12.00-12.59,2,9,0,0,0,0,0,1,0,459977.3945,6791660.9323
tieliikenne_2016.1103,1103,POINT (359529.4052 6770537.1361),2016,5,16.00-16.59,2,1,2,0,0,0,0,0,0,359529.4052,6770537.1361
tieliikenne_2016.1104,1104,POINT (427177.6427 6764521.8905),2016,5,20.00-20.59,2,1,0,0,0,2,0,0,0,427177.6427,6764521.8905
tieliikenne_2016.1105,1105,POINT (427794.398 6755860.4467),2016,5,13.00-13.59,2,8,0,0,0,0,0,0,1,427794.398,6755860.4467
tieliikenne_2016.1106,1106,POINT (358360.3224 6759067.369),2016,5,19.00-19.59,2,8,0,1,0,0,0,0,0,358360.3224,6759067.369
tieliikenne_2016.1107,1107,POINT (443790.5492 6756117.5456),2016,5,09.00-09.59,2,4,1,0,0,1,0,0,0,443790.5492,6756117.5456
tieliikenne_2016.1108,1108,POINT (379332.9332 6735684.3461),2016,5,16.00-16.59,2,5,1,0,0,1,0,0,0,379332.9332,6735684.3461
tieliikenne_2016.1109,1109,POINT (357986.4836 6750259.9832),2016,5,16.00-16.59,2,8,0,0,0,0,0,1,0,357986.4836,6750259.9832
tieliikenne_2016.1110,1110,POINT (309156.3177 6746233.7317),2016,5,17.00-17.59,2,9,0,0,0,0,0,0,1,309156.3177,6746233.7317
tieliikenne_2016.1111,1111,POINT (378100.8566 6734973.2492),2016,5,17.00-17.59,2,0,2,0,0,0,0,0,0,378100.8566,6734973.2492
tieliikenne_2016.1112,1112,POINT (427242.0287 6765346.538),2016,5,00.00-00.59,2,8,1,0,0,0,0,0,0,427242.0287,6765346.538
tieliikenne_2016.1113,1113,POINT (424905.1048 6761220.7302),2016,5,18.00-18.59,2,8,0,0,0,0,1,0,0,424905.1048,6761220.7302
tieliikenne_2016.1114,1114,POINT (373821.9188 6746877.1264),2016,5,21.00-21.59,2,8,1,0,0,0,0,0,0,373821.9188,6746877.1264
tieliikenne_2016.1115,1115,POINT (426413.0236 6756987.8846),2016,5,13.00-13.59,2,0,2,0,0,0,0,1,0,426413.0236,6756987.8846
tieliikenne_2016.1116,1116,POINT (424439.9455 6757548.9489),2016,5,21.00-21.59,2,9,0,0,0,0,0,1,0,424439.9455,6757548.9489
tieliikenne_2016.1117,1117,POINT (360386.7208 6767176.5548),2016,5,08.00-08.59,2,4,1,0,0,1,0,0,0,360386.7208,6767176.5548
tieliikenne_2016.1118,1118,POINT (427984.4332 6765346.8872),2016,5,12.00-12.59,3,1,1,0,0,1,0,0,0,427984.4332,6765346.8872
tieliikenne_2016.1119,1119,POINT (357218.1919 6729765.7786),2016,5,19.00-19.59,2,2,2,0,0,0,0,0,0,357218.1919,6729765.7786
tieliikenne_2016.1120,1120,POINT (420145.7021 6744566.4953),2016,5,01.00-01.59,2,8,1,0,0,0,0,0,0,420145.7021,6744566.4953
tieliikenne_2016.1121,1121,POINT (375251.6654 6738904.5437),2016,5,10.00-10.59,2,8,1,0,0,0,0,0,0,375251.6654,6738904.5437
tieliikenne_2016.1122,1122,POINT (426021.7936 6760482.4876),2016,5,15.00-15.59,2,1,0,1,0,1,0,0,0,426021.7936,6760482.4876
tieliikenne_2016.1123,1123,POINT (442136.1883 6757493.4026),2016,5,16.00-16.59,2,4,1,0,0,1,0,0,0,442136.1883,6757493.4026
tieliikenne_2016.1124,1124,POINT (378948.5411 6736573.048),2016,5,12.00-12.59,2,4,1,0,0,1,0,0,0,378948.5411,6736573.048
tieliikenne_2016.1125,1125,POINT (427256.2269 6763459.787),2016,5,15.00-15.59,2,0,1,0,0,0,1,0,0,427256.2269,6763459.787
tieliikenne_2016.1126,1126,POINT (446996.8265 6784879.2763),2016,5,19.00-19.59,2,1,0,0,0,0,1,1,0,446996.8265,6784879.2763
tieliikenne_2016.1127,1127,POINT (378814.6802 6735737.0044),2016,5,13.00-13.59,2,0,3,0,0,0,1,0,0,378814.6802,6735737.0044
tieliikenne_2016.1128,1128,POINT (442206.1789 6735933.9313),2016,5,04.00-04.59,2,8,0,0,0,0,0,1,0,442206.1789,6735933.9313
tieliikenne_2016.1129,1129,POINT (407088.6718 6751532.0609),2016,5,05.00-05.59,2,8,1,0,0,0,0,0,0,407088.6718,6751532.0609
tieliikenne_2016.1130,1130,POINT (428531.5073 6763863.8338),2016,5,13.00-13.59,2,4,1,0,0,1,0,0,0,428531.5073,6763863.8338
tieliikenne_2016.1131,1131,POINT (378234.9851 6744950.075),2016,5,13.00-13.59,2,3,1,0,0,1,0,0,0,378234.9851,6744950.075
tieliikenne_2016.1132,1132,POINT (363231.7297 6765135.5418),2016,5,16.00-16.59,2,4,1,0,0,1,0,0,0,363231.7297,6765135.5418
tieliikenne_2016.1133,1133,POINT (419580.4002 6762242.4522),2016,5,12.00-12.59,2,4,0,0,0,2,0,0,0,419580.4002,6762242.4522
tieliikenne_2016.1134,1134,POINT (420527.5524 6762486.5596),2016,5,13.00-13.59,2,4,1,0,0,1,0,0,0,420527.5524,6762486.5596
tieliikenne_2016.1135,1135,POINT (448813.3609 6786873.453),2016,5,12.00-12.59,2,0,2,0,0,0,0,0,0,448813.3609,6786873.453
tieliikenne_2016.1136,1136,POINT (380772.5803 6774733.3197),2016,5,16.00-16.59,2,0,2,0,0,0,0,0,0,380772.5803,6774733.3197
tieliikenne_2016.1137,1137,POINT (316240.2848 6746695.8285),2016,5,08.00-08.59,2,1,0,1,0,1,0,0,0,316240.2848,6746695.8285
tieliikenne_2016.1138,1138,POINT (442596.7227 6775314.0745),2016,5,12.00-12.59,2,4,2,0,0,0,0,0,0,442596.7227,6775314.0745
tieliikenne_2016.1139,1139,POINT (371172.0217 6744626.9471),2016,6,11.00-11.59,3,5,1,0,0,1,0,0,0,371172.0217,6744626.9471
tieliikenne_2016.1140,1140,POINT (427508.9924 6761302.9645),2016,6,13.00-13.59,2,3,1,0,0,1,0,0,0,427508.9924,6761302.9645
tieliikenne_2016.1141,1141,POINT (428942.5542 6796950.4143),2016,6,12.00-12.59,2,9,0,0,0,0,0,1,0,428942.5542,6796950.4143
tieliikenne_2016.1142,1142,POINT (338840.5031 6747450.1895),2016,6,17.00-17.59,3,0,1,1,0,0,0,1,0,338840.5031,6747450.1895
tieliikenne_2016.1143,1143,POINT (443979.8162 6754913.4392),2016,6,01.00-01.59,1,2,1,1,0,0,0,0,0,443979.8162,6754913.4392
tieliikenne_2016.1144,1144,POINT (392651.1355 6773368.6081),2016,6,09.00-09.59,2,3,1,0,0,0,0,1,0,392651.1355,6773368.6081
tieliikenne_2016.1145,1145,POINT (324794.9684 6745669.8428),2016,6,12.00-12.59,2,4,1,0,0,1,0,0,0,324794.9684,6745669.8428
tieliikenne_2016.1146,1146,POINT (374217.2428 6739850.6),2016,6,08.00-08.59,2,8,1,0,0,0,0,0,0,374217.2428,6739850.6
tieliikenne_2016.1147,1147,POINT (378740.2009 6735792.7019),2016,6,14.00-14.59,2,4,1,0,0,0,1,0,0,378740.2009,6735792.7019
tieliikenne_2016.1148,1148,POINT (362826.5316 6767774.4875),2016,6,20.00-20.59,3,8,1,0,0,0,0,0,0,362826.5316,6767774.4875
tieliikenne_2016.1149,1149,POINT (378408.965 6735459.5175),2016,6,00.00-00.59,2,1,0,0,0,0,2,0,0,378408.965,6735459.5175
tieliikenne_2016.1150,1150,POINT (421340.4351 6762291.8242),2016,6,15.00-15.59,3,5,1,0,0,0,0,1,0,421340.4351,6762291.8242
tieliikenne_2016.1151,1151,POINT (362512.0904 6764185.6314),2016,6,20.00-20.59,3,8,0,0,0,0,1,0,0,362512.0904,6764185.6314
tieliikenne_2016.1152,1152,POINT (356074.4267 6757423.5177),2016,6,19.00-19.59,3,3,1,0,0,0,1,0,0,356074.4267,6757423.5177
tieliikenne_2016.1153,1153,POINT (429095.3485 6764354.8993),2016,6,10.00-10.59,1,2,1,1,0,0,0,0,0,429095.3485,6764354.8993
tieliikenne_2016.1154,1154,POINT (425957.8199 6760496.371),2016,6,18.00-18.59,2,1,1,0,0,0,0,1,0,425957.8199,6760496.371
tieliikenne_2016.1155,1155,POINT (448087.6072 6785639.5665),2016,6,16.00-16.59,2,4,1,0,0,1,0,0,0,448087.6072,6785639.5665
tieliikenne_2016.1156,1156,POINT (361106.0273 6733838.5238),2016,6,17.00-17.59,3,5,1,0,0,0,0,1,0,361106.0273,6733838.5238
tieliikenne_2016.1157,1157,POINT (427164.1102 6761776.3221),2016,6,19.00-19.59,2,4,1,0,0,1,0,0,0,427164.1102,6761776.3221
tieliikenne_2016.1158,1158,POINT (428824.8194 6764344.0758),2016,6,15.00-15.59,2,3,1,0,0,0,0,1,0,428824.8194,6764344.0758
tieliikenne_2016.1159,1159,POINT (381320.227 6744110.6025),2016,6,16.00-16.59,1,9,0,0,0,1,0,0,0,381320.227,6744110.6025
tieliikenne_2016.1160,1160,POINT (427520.1862 6761419.1021),2016,6,15.00-15.59,2,0,1,0,0,0,1,0,0,427520.1862,6761419.1021
tieliikenne_2016.1161,1161,POINT (448662.9668 6809323.4074),2016,6,02.00-02.59,2,8,1,0,0,0,0,0,0,448662.9668,6809323.4074
tieliikenne_2016.1162,1162,POINT (422133 6782520),2016,6,11.00-11.59,2,7,1,0,1,0,0,0,0,422133,6782520
tieliikenne_2016.1163,1163,POINT (362248.8695 6765087.4366),2016,6,15.00-15.59,2,4,1,1,0,0,0,0,0,362248.8695,6765087.4366
tieliikenne_2016.1164,1164,POINT (389024.5031 6744993.3215),2016,6,09.00-09.59,2,9,0,0,0,0,0,1,0,389024.5031,6744993.3215
tieliikenne_2016.1165,1165,POINT (325985.7243 6747671.2244),2016,6,16.00-16.59,2,3,2,0,0,0,0,0,0,325985.7243,6747671.2244
tieliikenne_2016.1166,1166,POINT (360400.7184 6764054.5141),2016,6,18.00-18.59,2,1,1,0,0,0,1,0,0,360400.7184,6764054.5141
tieliikenne_2016.1167,1167,POINT (449674.9712 6789448.8876),2016,6,22.00-22.59,2,8,3,0,0,0,0,0,0,449674.9712,6789448.8876
tieliikenne_2016.1168,1168,POINT (419227.1046 6784795.6042),2016,6,04.00-04.59,2,8,1,0,0,0,0,0,0,419227.1046,6784795.6042
tieliikenne_2016.1169,1169,POINT (429788.9036 6760445.0655),2016,6,22.00-22.59,2,2,0,0,0,1,0,1,0,429788.9036,6760445.0655
tieliikenne_2016.1170,1170,POINT (429756.7337 6748686.6862),2016,6,15.00-15.59,2,2,0,0,0,1,1,0,0,429756.7337,6748686.6862
tieliikenne_2016.1171,1171,POINT (405982.0186 6764721.5718),2016,6,12.00-12.59,1,8,0,0,0,0,0,0,1,405982.0186,6764721.5718
tieliikenne_2016.1172,1172,POINT (445213.2783 6780171.0611),2016,6,14.00-14.59,2,0,2,0,0,0,0,0,0,445213.2783,6780171.0611
tieliikenne_2016.1173,1173,POINT (296576.4911 6765754.0103),2016,6,02.00-02.59,1,8,1,0,0,0,0,0,0,296576.4911,6765754.0103
tieliikenne_2016.1174,1174,POINT (446345.8448 6754724.4425),2016,6,11.00-11.59,2,8,1,0,0,0,0,0,0,446345.8448,6754724.4425
tieliikenne_2016.1175,1175,POINT (361090.5019 6764253.851),2016,6,01.00-01.59,1,8,0,0,0,0,1,0,0,361090.5019,6764253.851
tieliikenne_2016.1176,1176,POINT (362093.7855 6765019.9853),2016,6,18.00-18.59,2,4,1,0,0,0,1,0,0,362093.7855,6765019.9853
tieliikenne_2016.1177,1177,POINT (416932.1846 6760173.8603),2016,6,15.00-15.59,2,8,1,0,0,0,0,0,0,416932.1846,6760173.8603
tieliikenne_2016.1178,1178,POINT (378334.6298 6737029.8533),2016,6,19.00-19.59,3,7,0,0,1,1,0,0,0,378334.6298,6737029.8533
tieliikenne_2016.1179,1179,POINT (378042.2487 6773353.6868),2016,6,15.00-15.59,3,2,4,0,0,0,0,0,0,378042.2487,6773353.6868
tieliikenne_2016.1180,1180,POINT (431715.3302 6758862.0627),2016,7,19.00-19.59,3,1,0,1,0,0,1,0,0,431715.3302,6758862.0627
tieliikenne_2016.1181,1181,POINT (433864.8746 6763577.4638),2016,7,19.00-19.59,2,4,1,0,0,1,0,0,0,433864.8746,6763577.4638
tieliikenne_2016.1182,1182,POINT (333402.1528 6739831.6018),2016,7,11.00-11.59,2,2,2,0,0,0,0,0,0,333402.1528,6739831.6018
tieliikenne_2016.1183,1183,POINT (302319.0156 6762499.0081),2016,7,15.00-15.59,2,8,1,0,0,0,0,0,0,302319.0156,6762499.0081
tieliikenne_2016.1184,1184,POINT (446409.5245 6784478.7623),2016,7,15.00-15.59,2,5,2,0,0,0,0,0,0,446409.5245,6784478.7623
tieliikenne_2016.1185,1185,POINT (370674.6389 6747138.8057),2016,7,12.00-12.59,2,8,1,0,0,0,0,0,0,370674.6389,6747138.8057
tieliikenne_2016.1186,1186,POINT (363076.3971 6762153.9962),2016,7,12.00-12.59,3,5,1,1,0,0,0,0,0,363076.3971,6762153.9962
tieliikenne_2016.1187,1187,POINT (447195.8358 6784970.6941),2016,7,17.00-17.59,2,5,1,0,0,0,1,0,0,447195.8358,6784970.6941
tieliikenne_2016.1188,1188,POINT (411744.4691 6781935.4726),2016,7,13.00-13.59,2,8,0,1,0,0,0,0,0,411744.4691,6781935.4726
tieliikenne_2016.1189,1189,POINT (372354.3034 6756685.9523),2016,7,13.00-13.59,2,5,1,0,0,0,0,1,0,372354.3034,6756685.9523
tieliikenne_2016.1190,1190,POINT (343278.6858 6742920.414),2016,7,15.00-15.59,2,0,2,1,0,0,0,0,0,343278.6858,6742920.414
tieliikenne_2016.1191,1191,POINT (389119.5816 6743738.9768),2016,7,15.00-15.59,2,8,0,0,0,0,0,0,1,389119.5816,6743738.9768
tieliikenne_2016.1192,1192,POINT (332443.6007 6747441.5137),2016,7,14.00-14.59,1,2,1,1,0,0,0,0,0,332443.6007,6747441.5137
tieliikenne_2016.1193,1193,POINT (452403.9214 6791580.884),2016,7,16.00-16.59,2,8,1,0,0,0,0,0,0,452403.9214,6791580.884
tieliikenne_2016.1194,1194,POINT (427408.5786 6762263.6789),2016,7,20.00-20.59,1,7,0,1,1,0,0,0,0,427408.5786,6762263.6789
tieliikenne_2016.1195,1195,POINT (430133.4056 6773846.9391),2016,7,12.00-12.59,2,8,1,0,0,0,0,0,0,430133.4056,6773846.9391
tieliikenne_2016.1196,1196,POINT (418770.9704 6762020.027),2016,7,16.00-16.59,2,5,2,0,0,0,0,0,0,418770.9704,6762020.027
tieliikenne_2016.1197,1197,POINT (447289.0296 6823988.2962),2016,7,12.00-12.59,2,5,0,1,0,1,0,0,0,447289.0296,6823988.2962
tieliikenne_2016.1198,1198,POINT (378377.1304 6735779.5264),2016,7,15.00-15.59,2,6,1,0,1,0,0,0,0,378377.1304,6735779.5264
tieliikenne_2016.1199,1199,POINT (378534.0239 6735039.8319),2016,7,13.00-13.59,2,4,1,0,0,1,0,0,0,378534.0239,6735039.8319
tieliikenne_2016.1200,1200,POINT (363137.0343 6762871.0719),2016,7,14.00-14.59,1,0,7,1,0,0,0,0,0,363137.0343,6762871.0719
tieliikenne_2016.1201,1201,POINT (382110.1654 6750378.6442),2016,7,05.00-05.59,2,8,0,0,0,0,0,0,1,382110.1654,6750378.6442
tieliikenne_2016.1202,1202,POINT (388220.506 6766533.4917),2016,7,11.00-11.59,2,8,1,0,0,0,0,0,0,388220.506,6766533.4917
tieliikenne_2016.1203,1203,POINT (359715.3479 6763893.1678),2016,7,18.00-18.59,2,8,0,0,0,0,1,0,0,359715.3479,6763893.1678
tieliikenne_2016.1204,1204,POINT (459970.336 6796110.5906),2016,7,21.00-21.59,2,8,0,0,0,0,0,0,1,459970.336,6796110.5906
tieliikenne_2016.1205,1205,POINT (422167.6374 6748276.4325),2016,7,20.00-20.59,2,8,0,0,0,0,0,1,0,422167.6374,6748276.4325
tieliikenne_2016.1206,1206,POINT (302404.082 6762515.1619),2016,7,17.00-17.59,2,8,1,0,0,0,0,0,0,302404.082,6762515.1619
tieliikenne_2016.1207,1207,POINT (444231.2623 6826484.4294),2016,7,07.00-07.59,2,8,1,0,0,0,0,0,0,444231.2623,6826484.4294
tieliikenne_2016.1208,1208,POINT (365160.9934 6765986.1313),2016,7,10.00-10.59,2,4,1,0,0,1,0,0,0,365160.9934,6765986.1313
tieliikenne_2016.1209,1209,POINT (447276.2239 6785002.1312),2016,7,16.00-16.59,2,0,2,0,0,0,0,0,0,447276.2239,6785002.1312
tieliikenne_2016.1210,1210,POINT (440651.4654 6763503.2355),2016,7,21.00-21.59,2,8,0,0,0,0,0,0,1,440651.4654,6763503.2355
tieliikenne_2016.1211,1211,POINT (425890.2975 6760039.9369),2016,8,22.00-22.59,2,9,0,0,0,0,1,0,0,425890.2975,6760039.9369
tieliikenne_2016.1212,1212,POINT (417727.8129 6784433.6853),2016,8,13.00-13.59,3,2,3,0,0,0,0,0,0,417727.8129,6784433.6853
tieliikenne_2016.1213,1213,POINT (442235.3462 6757197.9579),2016,8,19.00-19.59,2,4,1,0,0,1,0,0,0,442235.3462,6757197.9579
tieliikenne_2016.1214,1214,POINT (362820.8733 6764741.397),2016,8,23.00-23.59,2,6,1,0,1,0,0,0,0,362820.8733,6764741.397
tieliikenne_2016.1215,1215,POINT (427228.7144 6759886.6971),2016,8,13.00-13.59,2,4,1,1,0,0,0,0,0,427228.7144,6759886.6971
tieliikenne_2016.1216,1216,POINT (429246.5296 6746607.7599),2016,8,16.00-16.59,2,8,1,0,0,0,0,0,0,429246.5296,6746607.7599
tieliikenne_2016.1217,1217,POINT (448055.599 6786366.2184),2016,8,00.00-00.59,2,5,1,0,0,0,1,0,0,448055.599,6786366.2184
tieliikenne_2016.1218,1218,POINT (423953.5172 6756872.6918),2016,8,16.00-16.59,2,8,1,0,0,0,0,0,0,423953.5172,6756872.6918
tieliikenne_2016.1219,1219,POINT (378084.3697 6744739.3612),2016,8,19.00-19.59,2,0,0,0,0,0,2,0,0,378084.3697,6744739.3612
tieliikenne_2016.1220,1220,POINT (429842.9475 6764789.4897),2016,8,14.00-14.59,2,0,0,1,0,0,1,0,0,429842.9475,6764789.4897
tieliikenne_2016.1221,1221,POINT (376509.2721 6734345.0566),2016,8,10.00-10.59,2,5,1,0,0,0,0,1,0,376509.2721,6734345.0566
tieliikenne_2016.1222,1222,POINT (447370.2158 6784816.7123),2016,8,12.00-12.59,2,8,1,0,0,0,0,0,0,447370.2158,6784816.7123
tieliikenne_2016.1223,1223,POINT (363309.2301 6762020.6962),2016,8,19.00-19.59,2,0,2,0,0,0,0,0,0,363309.2301,6762020.6962
tieliikenne_2016.1224,1224,POINT (426552.168 6754824.6315),2016,8,17.00-17.59,2,8,1,0,0,0,0,0,0,426552.168,6754824.6315
tieliikenne_2016.1225,1225,POINT (360547.7806 6734487.4316),2016,8,08.00-08.59,2,5,2,0,0,0,0,0,0,360547.7806,6734487.4316
tieliikenne_2016.1226,1226,POINT (362168.0609 6765538.1809),2016,8,20.00-20.59,2,5,0,1,0,0,0,1,0,362168.0609,6765538.1809
tieliikenne_2016.1227,1227,POINT (427787.8575 6760098.3636),2016,8,16.00-16.59,2,0,3,0,0,0,0,0,0,427787.8575,6760098.3636
tieliikenne_2016.1228,1228,POINT (313880.149 6748265.9123),2016,8,14.00-14.59,2,8,0,1,0,0,0,0,0,313880.149,6748265.9123
tieliikenne_2016.1229,1229,POINT (360764.8458 6734218.5687),2016,8,14.00-14.59,2,8,0,0,0,0,0,1,0,360764.8458,6734218.5687
tieliikenne_2016.1230,1230,POINT (442136.5056 6775817.8622),2016,8,09.00-09.59,2,0,1,0,0,0,0,1,0,442136.5056,6775817.8622
tieliikenne_2016.1231,1231,POINT (427486.2444 6762366.5628),2016,8,11.00-11.59,2,0,1,0,0,0,0,1,0,427486.2444,6762366.5628
tieliikenne_2016.1232,1232,POINT (412511.7238 6787358.6164),2016,8,14.00-14.59,2,5,2,0,0,0,0,0,0,412511.7238,6787358.6164
tieliikenne_2016.1233,1233,POINT (361546.9788 6764891.745),2016,8,16.00-16.59,2,4,1,0,0,0,0,1,0,361546.9788,6764891.745
tieliikenne_2016.1234,1234,POINT (431427.9579 6763236.0748),2016,8,13.00-13.59,2,8,1,0,0,0,0,0,0,431427.9579,6763236.0748
tieliikenne_2016.1235,1235,POINT (362923.8418 6765235.56),2016,8,08.00-08.59,2,4,1,0,0,0,1,0,0,362923.8418,6765235.56
tieliikenne_2016.1236,1236,POINT (426170.2059 6760371.0486),2016,8,10.00-10.59,1,5,0,1,0,1,0,0,0,426170.2059,6760371.0486
tieliikenne_2016.1237,1237,POINT (322834.5239 6745530.345),2016,8,15.00-15.59,2,2,2,0,0,0,0,0,0,322834.5239,6745530.345
tieliikenne_2016.1238,1238,POINT (362848.3161 6764878.1488),2016,8,16.00-16.59,2,0,1,0,0,0,1,0,0,362848.3161,6764878.1488
tieliikenne_2016.1239,1239,POINT (442127.8705 6775801.828),2016,8,18.00-18.59,2,5,1,0,0,0,0,1,0,442127.8705,6775801.828
tieliikenne_2016.1240,1240,POINT (427985.3933 6765350.266),2016,8,12.00-12.59,2,4,1,0,0,1,0,0,0,427985.3933,6765350.266
tieliikenne_2016.1241,1241,POINT (425992.5626 6761389.0246),2016,8,15.00-15.59,2,0,1,0,0,0,1,0,0,425992.5626,6761389.0246
tieliikenne_2016.1242,1242,POINT (430284.2034 6760314.4375),2016,8,16.00-16.59,2,0,2,0,0,0,0,0,0,430284.2034,6760314.4375
tieliikenne_2016.1243,1243,POINT (409179.5868 6764144.7926),2016,8,17.00-17.59,2,8,1,0,0,0,0,0,0,409179.5868,6764144.7926
tieliikenne_2016.1244,1244,POINT (431370.1997 6741460.7013),2016,8,21.00-21.59,2,4,1,0,0,0,0,1,0,431370.1997,6741460.7013
tieliikenne_2016.1245,1245,POINT (407185.2114 6802917.2493),2016,8,02.00-02.59,2,7,1,0,1,0,0,0,0,407185.2114,6802917.2493
tieliikenne_2016.1246,1246,POINT (424123.2981 6762249.5126),2016,8,07.00-07.59,2,5,1,0,0,0,1,0,0,424123.2981,6762249.5126
tieliikenne_2016.1247,1247,POINT (362053.0706 6764617.9156),2016,8,12.00-12.59,3,4,1,0,0,0,1,0,0,362053.0706,6764617.9156
tieliikenne_2016.1248,1248,POINT (421538.5975 6747343.797),2016,8,15.00-15.59,1,8,1,0,0,0,0,0,0,421538.5975,6747343.797
tieliikenne_2016.1249,1249,POINT (436648.4623 6757671.4249),2016,8,16.00-16.59,2,1,1,0,0,1,0,0,0,436648.4623,6757671.4249
tieliikenne_2016.1250,1250,POINT (358232.4197 6771730.8579),2016,9,22.00-22.59,2,8,0,0,0,0,0,0,1,358232.4197,6771730.8579
tieliikenne_2016.1251,1251,POINT (387929.0296 6754242.5318),2016,9,16.00-16.59,2,8,1,0,0,0,0,0,0,387929.0296,6754242.5318
tieliikenne_2016.1252,1252,POINT (363437.3468 6765207.3874),2016,9,21.00-21.59,2,4,1,0,0,1,0,0,0,363437.3468,6765207.3874
tieliikenne_2016.1253,1253,POINT (320313.6066 6763541.0903),2016,9,14.00-14.59,2,8,1,0,0,0,0,0,0,320313.6066,6763541.0903
tieliikenne_2016.1254,1254,POINT (359793.4773 6764298.1432),2016,9,15.00-15.59,2,9,1,0,0,1,0,0,0,359793.4773,6764298.1432
tieliikenne_2016.1255,1255,POINT (428818.1923 6760391.628),2016,9,09.00-09.59,2,0,1,0,0,0,0,0,1,428818.1923,6760391.628
tieliikenne_2016.1256,1256,POINT (437689.0895 6769750.0074),2016,9,16.00-16.59,2,9,1,0,0,0,0,1,0,437689.0895,6769750.0074
tieliikenne_2016.1257,1257,POINT (448753.7469 6798665.5211),2016,9,07.00-07.59,1,2,3,0,0,0,0,0,0,448753.7469,6798665.5211
tieliikenne_2016.1258,1258,POINT (424191.6425 6763122.3387),2016,9,11.00-11.59,2,5,0,0,0,2,0,0,0,424191.6425,6763122.3387
tieliikenne_2016.1259,1259,POINT (426378.0817 6761268.5892),2016,9,09.00-09.59,2,0,2,0,0,0,0,0,0,426378.0817,6761268.5892
tieliikenne_2016.1260,1260,POINT (448033.1784 6785504.2133),2016,9,14.00-14.59,1,9,1,0,0,0,0,0,0,448033.1784,6785504.2133
tieliikenne_2016.1261,1261,POINT (427433.2854 6761123.3923),2016,9,22.00-22.59,2,4,1,0,0,0,1,0,0,427433.2854,6761123.3923
tieliikenne_2016.1262,1262,POINT (445440.7726 6774229.2357),2016,9,12.00-12.59,2,0,2,0,0,0,0,0,0,445440.7726,6774229.2357
tieliikenne_2016.1263,1263,POINT (425694.9889 6759572.005),2016,9,14.00-14.59,2,9,1,0,1,0,0,0,0,425694.9889,6759572.005
tieliikenne_2016.1264,1264,POINT (431179.3754 6762104.9345),2016,9,15.00-15.59,2,1,1,0,0,1,0,0,0,431179.3754,6762104.9345
tieliikenne_2016.1265,1265,POINT (362107.5272 6764752.6542),2016,9,16.00-16.59,2,4,1,0,0,1,0,0,0,362107.5272,6764752.6542
tieliikenne_2016.1266,1266,POINT (360463 6766426),2016,9,19.00-19.59,2,4,1,0,0,0,1,0,0,360463,6766426
tieliikenne_2016.1267,1267,POINT (367492.3645 6760748.6281),2016,9,19.00-19.59,2,4,1,0,0,1,0,0,0,367492.3645,6760748.6281
tieliikenne_2016.1268,1268,POINT (362777.0181 6765176.0858),2016,9,12.00-12.59,1,6,0,0,1,0,1,0,0,362777.0181,6765176.0858
tieliikenne_2016.1269,1269,POINT (372106.6844 6756081.7466),2016,7,18.00-18.59,2,3,1,0,0,1,0,0,0,372106.6844,6756081.7466
tieliikenne_2016.1270,1270,POINT (434016.672 6769189.8323),2016,9,15.00-15.59,2,5,1,0,0,0,0,1,0,434016.672,6769189.8323
tieliikenne_2016.1271,1271,POINT (419763.8372 6762227.3471),2016,9,18.00-18.59,2,0,2,0,0,0,0,0,0,419763.8372,6762227.3471
tieliikenne_2016.1272,1272,POINT (427896.6016 6761672.3089),2016,9,22.00-22.59,2,7,1,0,1,0,0,0,0,427896.6016,6761672.3089
tieliikenne_2016.1273,1273,POINT (422194.963 6731381.6478),2016,9,19.00-19.59,3,8,1,0,0,0,0,0,0,422194.963,6731381.6478
tieliikenne_2016.1274,1274,POINT (428117.0033 6760359.6857),2016,9,15.00-15.59,2,0,3,0,0,0,0,0,0,428117.0033,6760359.6857
tieliikenne_2016.1275,1275,POINT (427604.0565 6761804.2587),2016,9,15.00-15.59,3,1,0,1,0,1,0,0,0,427604.0565,6761804.2587
tieliikenne_2016.1276,1276,POINT (428624.9069 6765200.8886),2016,9,18.00-18.59,2,8,1,0,0,0,0,0,0,428624.9069,6765200.8886
tieliikenne_2016.1277,1277,POINT (380772.934 6745030.2522),2016,9,04.00-04.59,2,8,1,0,0,0,0,0,0,380772.934,6745030.2522
tieliikenne_2016.1278,1278,POINT (431525.0201 6766587.7273),2016,9,05.00-05.59,2,8,1,0,0,0,0,0,0,431525.0201,6766587.7273
tieliikenne_2016.1279,1279,POINT (428089.6463 6761853.6623),2016,9,12.00-12.59,2,4,1,0,0,1,0,0,0,428089.6463,6761853.6623
tieliikenne_2016.1280,1280,POINT (419743.7431 6762499.0381),2016,9,18.00-18.59,2,7,0,0,1,0,0,0,1,419743.7431,6762499.0381
tieliikenne_2016.1281,1281,POINT (420927.7215 6783192.7768),2016,9,12.00-12.59,3,1,0,0,0,2,0,0,0,420927.7215,6783192.7768
tieliikenne_2016.1282,1282,POINT (449641.057 6792547.23),2016,10,03.00-03.59,3,8,1,0,0,0,0,0,0,449641.057,6792547.23
tieliikenne_2016.1283,1283,POINT (367827.409 6786094.9682),2016,10,00.00-00.59,3,8,1,0,0,0,0,0,0,367827.409,6786094.9682
tieliikenne_2016.1284,1284,POINT (362524.9637 6764637.0415),2016,10,17.00-17.59,2,0,1,0,0,0,1,0,0,362524.9637,6764637.0415
tieliikenne_2016.1285,1285,POINT (428765.1663 6763330.6896),2016,9,14.00-14.59,2,4,1,0,0,1,0,0,0,428765.1663,6763330.6896
tieliikenne_2016.1286,1286,POINT (376220.504 6732343.2012),2016,10,17.00-17.59,2,8,0,0,0,0,0,1,0,376220.504,6732343.2012
tieliikenne_2016.1287,1287,POINT (423799.5297 6761427.1355),2016,10,20.00-20.59,2,3,1,0,0,0,1,0,0,423799.5297,6761427.1355
tieliikenne_2016.1288,1288,POINT (370531.5378 6755920.9046),2016,10,14.00-14.59,2,8,1,0,0,0,0,0,0,370531.5378,6755920.9046
tieliikenne_2016.1289,1289,POINT (375210.1647 6738978.8784),2016,10,03.00-03.59,2,8,1,0,0,0,0,0,0,375210.1647,6738978.8784
tieliikenne_2016.1290,1290,POINT (442618.9651 6775296.7381),2016,10,16.00-16.59,2,4,2,0,0,0,0,0,0,442618.9651,6775296.7381
tieliikenne_2016.1291,1291,POINT (360042.3097 6763877.5605),2016,10,19.00-19.59,2,4,1,0,0,1,0,0,0,360042.3097,6763877.5605
tieliikenne_2016.1292,1292,POINT (369542.6417 6743507.0784),2016,10,21.00-21.59,1,8,1,0,0,0,0,0,0,369542.6417,6743507.0784
tieliikenne_2016.1293,1293,POINT (408681.5268 6809992.1105),2016,10,07.00-07.59,2,8,1,0,0,0,0,0,0,408681.5268,6809992.1105
tieliikenne_2016.1294,1294,POINT (431739.3882 6742260.1761),2016,10,10.00-10.59,1,7,1,0,1,0,0,0,0,431739.3882,6742260.1761
tieliikenne_2016.1295,1295,POINT (377799.0239 6736336.9574),2016,10,16.00-16.59,2,4,1,0,0,0,0,0,1,377799.0239,6736336.9574
tieliikenne_2016.1296,1296,POINT (431837.4663 6742567.4148),2016,10,09.00-09.59,2,8,1,0,0,0,0,0,0,431837.4663,6742567.4148
tieliikenne_2016.1297,1297,POINT (427221.1742 6759236.7744),2016,10,14.00-14.59,2,0,2,0,0,0,0,0,0,427221.1742,6759236.7744
tieliikenne_2016.1298,1298,POINT (373961.2971 6734921.0878),2016,10,02.00-02.59,1,8,1,0,0,0,0,0,0,373961.2971,6734921.0878
tieliikenne_2016.1299,1299,POINT (416157.9107 6763852.6002),2016,10,20.00-20.59,2,8,1,0,0,0,0,0,0,416157.9107,6763852.6002
tieliikenne_2016.1300,1300,POINT (406133.1126 6750103.152),2016,10,13.00-13.59,2,1,1,0,0,1,0,0,0,406133.1126,6750103.152
tieliikenne_2016.1301,1301,POINT (448256.4406 6786576.8847),2016,10,10.00-10.59,2,4,1,0,0,1,0,0,0,448256.4406,6786576.8847
tieliikenne_2016.1302,1302,POINT (420840.6375 6762216.9283),2016,10,10.00-10.59,2,1,2,0,0,0,0,0,0,420840.6375,6762216.9283
tieliikenne_2016.1303,1303,POINT (422663 6762608),2016,10,10.00-10.59,2,9,1,0,1,0,0,0,0,422663,6762608
tieliikenne_2016.1304,1304,POINT (452902.7034 6797918.4443),2016,10,16.00-16.59,2,0,2,0,0,0,0,0,0,452902.7034,6797918.4443
tieliikenne_2016.1305,1305,POINT (427180.8301 6764278.3691),2016,10,19.00-19.59,2,5,2,0,0,0,0,0,0,427180.8301,6764278.3691
tieliikenne_2016.1306,1306,POINT (428162.3355 6762808.9416),2016,10,11.00-11.59,2,9,0,1,0,1,0,0,0,428162.3355,6762808.9416
tieliikenne_2016.1307,1307,POINT (427886.8584 6761629.8427),2016,10,03.00-03.59,2,6,1,0,2,0,0,0,0,427886.8584,6761629.8427
tieliikenne_2016.1308,1308,POINT (343285.2359 6742916.9023),2016,10,09.00-09.59,2,8,1,0,0,0,0,0,0,343285.2359,6742916.9023
tieliikenne_2016.1309,1309,POINT (433231.243 6821200.9583),2016,10,10.00-10.59,2,0,0,0,0,0,1,0,1,433231.243,6821200.9583
tieliikenne_2016.1310,1310,POINT (431342.0207 6772714.0394),2016,11,19.00-19.59,2,8,1,0,0,0,0,0,0,431342.0207,6772714.0394
tieliikenne_2016.1311,1311,POINT (310649.1322 6751963.6466),2016,11,12.00-12.59,2,8,1,0,0,0,0,0,0,310649.1322,6751963.6466
tieliikenne_2016.1312,1312,POINT (355938.6614 6737096.6372),2016,11,13.00-13.59,2,8,1,0,0,0,0,0,0,355938.6614,6737096.6372
tieliikenne_2016.1313,1313,POINT (360730.4946 6763165.2499),2016,11,17.00-17.59,2,4,2,0,0,0,0,0,0,360730.4946,6763165.2499
tieliikenne_2016.1314,1314,POINT (425923.1105 6756414.3321),2016,11,11.00-11.59,2,1,1,1,0,0,0,0,0,425923.1105,6756414.3321
tieliikenne_2016.1315,1315,POINT (429863.8811 6740733.1395),2016,11,20.00-20.59,2,8,1,0,0,0,0,0,0,429863.8811,6740733.1395
tieliikenne_2016.1316,1316,POINT (306913.3885 6747803.2118),2016,11,14.00-14.59,2,8,1,0,0,0,0,0,0,306913.3885,6747803.2118
tieliikenne_2016.1317,1317,POINT (432499.0928 6760575.1326),2016,11,00.00-00.59,2,8,1,0,0,0,0,0,0,432499.0928,6760575.1326
tieliikenne_2016.1318,1318,POINT (406345.6591 6749648.343),2016,11,17.00-17.59,2,6,1,0,1,0,0,0,0,406345.6591,6749648.343
tieliikenne_2016.1319,1319,POINT (353041.5264 6738459.3164),2016,11,08.00-08.59,2,1,1,1,0,0,0,0,0,353041.5264,6738459.3164
tieliikenne_2016.1320,1320,POINT (316611.0001 6746289.0001),2016,11,14.00-14.59,2,5,1,0,0,1,0,0,0,316611.0001,6746289.0001
tieliikenne_2016.1321,1321,POINT (419081.6725 6784861.8539),2016,11,18.00-18.59,2,8,1,0,0,0,0,0,0,419081.6725,6784861.8539
tieliikenne_2016.1322,1322,POINT (431128.8814 6741385.0682),2016,11,16.00-16.59,2,6,1,0,1,0,0,0,0,431128.8814,6741385.0682
tieliikenne_2016.1323,1323,POINT (431968.7253 6761332.7226),2016,11,14.00-14.59,2,2,2,0,0,0,0,0,0,431968.7253,6761332.7226
tieliikenne_2016.1324,1324,POINT (447994.9325 6834235.5496),2016,11,18.00-18.59,2,2,4,0,0,0,0,0,0,447994.9325,6834235.5496
tieliikenne_2016.1325,1325,POINT (432438.0478 6762447.3698),2016,11,02.00-02.59,2,8,1,0,0,0,0,0,0,432438.0478,6762447.3698
tieliikenne_2016.1326,1326,POINT (430441.8711 6760131.3332),2016,11,11.00-11.59,2,1,2,0,0,0,0,0,0,430441.8711,6760131.3332
tieliikenne_2016.1327,1327,POINT (308487.0386 6745821.3468),2016,11,16.00-16.59,2,6,1,0,1,0,0,0,0,308487.0386,6745821.3468
tieliikenne_2016.1328,1328,POINT (378109.9463 6735756.6131),2016,11,07.00-07.59,2,6,1,0,1,0,0,0,0,378109.9463,6735756.6131
tieliikenne_2016.1329,1329,POINT (361161.0148 6764418.9396),2016,12,13.00-13.59,2,0,3,0,0,0,0,0,0,361161.0148,6764418.9396
tieliikenne_2016.1330,1330,POINT (427821.432 6761971.9711),2016,12,13.00-13.59,2,6,1,0,1,0,0,0,0,427821.432,6761971.9711
tieliikenne_2016.1331,1331,POINT (326285.9803 6745034.203),2016,12,13.00-13.59,2,8,1,0,0,0,0,0,0,326285.9803,6745034.203
tieliikenne_2016.1332,1332,POINT (431384.897 6762322.7128),2016,12,14.00-14.59,2,5,1,1,0,0,0,0,0,431384.897,6762322.7128
tieliikenne_2016.1333,1333,POINT (400375.5971 6766106.0664),2016,12,12.00-12.59,2,5,2,0,0,0,0,0,0,400375.5971,6766106.0664
tieliikenne_2016.1334,1334,POINT (427479.2751 6761250.1923),2016,12,17.00-17.59,2,6,1,0,2,0,0,0,0,427479.2751,6761250.1923
tieliikenne_2016.1335,1335,POINT (316736 6747142),2016,12,10.00-10.59,2,7,1,0,1,0,0,0,0,316736,6747142
tieliikenne_2016.1336,1336,POINT (364312.8695 6765143.222),2016,12,16.00-16.59,2,3,1,0,0,0,0,1,0,364312.8695,6765143.222
tieliikenne_2016.1337,1337,POINT (419785.6561 6749172.8436),2016,12,23.00-23.59,2,8,1,0,0,0,0,0,0,419785.6561,6749172.8436
tieliikenne_2016.1338,1338,POINT (318025.4743 6746579.7544),2016,12,15.00-15.59,2,0,2,0,0,0,0,0,0,318025.4743,6746579.7544
tieliikenne_2016.1339,1339,POINT (315992.5587 6746476.2458),2016,12,16.00-16.59,3,6,1,0,1,0,0,0,0,315992.5587,6746476.2458
tieliikenne_2016.1340,1340,POINT (295046.3941 6751025.7644),2016,12,10.00-10.59,2,3,2,0,0,0,0,0,0,295046.3941,6751025.7644
tieliikenne_2016.1341,1341,POINT (375839.0498 6737018.0191),2016,12,11.00-11.59,2,5,2,0,0,0,0,0,0,375839.0498,6737018.0191
tieliikenne_2016.1342,1342,POINT (430026.6089 6746792.7125),2016,12,15.00-15.59,2,1,2,0,0,0,0,0,0,430026.6089,6746792.7125
tieliikenne_2016.1343,1343,POINT (374638.3583 6739915.9413),2016,12,16.00-16.59,2,0,1,1,0,0,0,0,0,374638.3583,6739915.9413
tieliikenne_2016.1344,1344,POINT (423700.4265 6761633.1497),2016,12,08.00-08.59,2,5,2,0,0,0,0,0,0,423700.4265,6761633.1497
tieliikenne_2016.1345,1345,POINT (427099.3037 6759912.2299),2016,12,20.00-20.59,2,5,2,0,0,0,0,0,0,427099.3037,6759912.2299
tieliikenne_2016.1346,1346,POINT (347216.5746 6777099.3081),2016,12,19.00-19.59,2,8,1,0,0,0,0,0,0,347216.5746,6777099.3081
tieliikenne_2016.1347,1347,POINT (362320.1308 6766105.8116),2016,12,01.00-01.59,2,8,1,0,0,0,0,0,0,362320.1308,6766105.8116
tieliikenne_2016.1348,1348,POINT (427894.651 6761748.1859),2016,12,12.00-12.59,2,3,2,0,0,0,0,0,0,427894.651,6761748.1859
tieliikenne_2016.1349,1349,POINT (361747.0166 6765073.1758),2016,12,15.00-15.59,2,6,1,0,1,0,0,0,0,361747.0166,6765073.1758
tieliikenne_2016.1350,1350,POINT (302618.0276 6743265.8182),2016,12,18.00-18.59,2,8,1,0,0,0,0,0,0,302618.0276,6743265.8182
tieliikenne_2016.1351,1351,POINT (426857.6969 6761054.1585),2016,12,06.00-06.59,2,0,3,0,0,0,0,0,0,426857.6969,6761054.1585
tieliikenne_2016.1352,1352,POINT (428307.6115 6760547.2966),2016,12,07.00-07.59,2,3,1,0,0,1,0,0,0,428307.6115,6760547.2966
tieliikenne_2016.1353,1353,POINT (379187.962 6735363.821),2016,12,15.00-15.59,2,4,1,0,0,1,0,0,0,379187.962,6735363.821
tieliikenne_2016.1354,1354,POINT (356675.1243 6780417.3037),2016,12,04.00-04.59,2,8,1,0,0,0,0,0,0,356675.1243,6780417.3037
tieliikenne_2016.1355,1355,POINT (447307.8515 6786958.1484),2016,12,14.00-14.59,3,8,0,0,0,0,1,0,0,447307.8515,6786958.1484
tieliikenne_2016.1356,1356,POINT (433665.7173 6768803.444),2016,12,18.00-18.59,2,2,2,0,0,0,0,0,0,433665.7173,6768803.444
tieliikenne_2016.1357,1357,POINT (377365.7818 6736020.16),2016,12,16.00-16.59,2,6,1,0,1,0,0,0,0,377365.7818,6736020.16
tieliikenne_2016.1358,1358,POINT (369355.0229 6781514.9773),2016,12,17.00-17.59,2,2,2,0,0,0,0,0,0,369355.0229,6781514.9773
tieliikenne_2016.1359,1359,POINT (442267.9876 6758474.6728),2016,12,16.00-16.59,2,8,1,0,0,0,0,0,0,442267.9876,6758474.6728
tieliikenne_2016.1360,1360,POINT (430856.4614 6742297.9642),2016,12,14.00-14.59,2,3,1,0,0,1,0,0,0,430856.4614,6742297.9642
tieliikenne_2016.1361,1361,POINT (427322.174 6762054.1709),2016,12,13.00-13.59,2,5,1,0,0,1,0,0,0,427322.174,6762054.1709
tieliikenne_2016.1362,1362,POINT (360304.5359 6766426.6576),2016,12,16.00-16.59,2,4,2,0,0,0,0,0,0,360304.5359,6766426.6576
tieliikenne_2016.1363,1363,POINT (362094.34 6765023.598),2016,12,17.00-17.59,2,4,1,0,0,1,0,0,0,362094.34,6765023.598
tieliikenne_2016.1364,1364,POINT (495814.3702 6702767.1567),2016,1,12.00-12.59,2,4,1,0,0,1,0,0,0,495814.3702,6702767.1567
tieliikenne_2016.1365,1365,POINT (480885.8929 6744699.345),2016,1,02.00-02.59,2,8,1,0,0,0,0,0,0,480885.8929,6744699.345
tieliikenne_2016.1366,1366,POINT (471337.2351 6757243.4576),2016,1,00.00-00.59,2,8,1,0,0,0,0,0,0,471337.2351,6757243.4576
tieliikenne_2016.1367,1367,POINT (479237.136 6753209.6676),2016,1,12.00-12.59,2,1,2,0,0,0,0,0,0,479237.136,6753209.6676
tieliikenne_2016.1368,1368,POINT (484417.4972 6746175.4912),2016,1,03.00-03.59,2,8,1,0,0,0,0,0,0,484417.4972,6746175.4912
tieliikenne_2016.1369,1369,POINT (478613.413 6748728.1387),2016,1,10.00-10.59,1,2,2,1,0,0,0,0,0,478613.413,6748728.1387
tieliikenne_2016.1370,1370,POINT (529595.1383 6751661.6888),2016,1,11.00-11.59,2,5,2,0,0,0,0,0,0,529595.1383,6751661.6888
tieliikenne_2016.1371,1371,POINT (570428.4572 6771317.1916),2016,1,13.00-13.59,2,0,2,0,0,0,0,0,0,570428.4572,6771317.1916
tieliikenne_2016.1372,1372,POINT (477405.7519 6768170.6851),2016,1,13.00-13.59,2,8,1,0,0,0,0,0,0,477405.7519,6768170.6851
tieliikenne_2016.1373,1373,POINT (555308.4321 6781872.0352),2016,1,04.00-04.59,2,8,1,0,0,0,0,0,0,555308.4321,6781872.0352
tieliikenne_2016.1374,1374,POINT (493479.2992 6707184.4085),2016,1,18.00-18.59,2,8,1,0,0,0,0,0,0,493479.2992,6707184.4085
tieliikenne_2016.1375,1375,POINT (549079.4376 6768113.4783),2016,1,06.00-06.59,3,8,0,1,0,0,0,0,0,549079.4376,6768113.4783
tieliikenne_2016.1376,1376,POINT (515154.0129 6711259.89),2016,1,11.00-11.59,2,8,1,0,0,0,0,0,0,515154.0129,6711259.89
tieliikenne_2016.1377,1377,POINT (478506.8079 6751049.753),2016,1,12.00-12.59,2,4,1,1,0,0,0,0,0,478506.8079,6751049.753
tieliikenne_2016.1378,1378,POINT (504713.0082 6714328.9318),2016,1,13.00-13.59,1,2,2,0,0,0,0,0,0,504713.0082,6714328.9318
tieliikenne_2016.1379,1379,POINT (563010.8852 6765097.8727),2016,1,20.00-20.59,2,5,2,0,0,0,0,0,0,563010.8852,6765097.8727
tieliikenne_2016.1380,1380,POINT (505737.8999 6758520.0584),2016,1,08.00-08.59,2,8,0,1,0,0,0,0,0,505737.8999,6758520.0584
tieliikenne_2016.1381,1381,POINT (494687.602 6704887.8184),2016,1,14.00-14.59,2,4,2,0,0,0,0,0,0,494687.602,6704887.8184
tieliikenne_2016.1382,1382,POINT (562124.2154 6773231.4698),2016,1,12.00-12.59,2,7,0,1,1,0,0,0,0,562124.2154,6773231.4698
tieliikenne_2016.1383,1383,POINT (549225.9148 6761677.2421),2016,1,11.00-11.59,1,2,1,1,0,0,0,0,0,549225.9148,6761677.2421
tieliikenne_2016.1384,1384,POINT (524233.0835 6712434.4985),2016,1,15.00-15.59,2,7,1,0,1,0,0,0,0,524233.0835,6712434.4985
tieliikenne_2016.1385,1385,POINT (489670.0252 6739579.0173),2016,1,11.00-11.59,2,4,2,0,0,0,0,0,0,489670.0252,6739579.0173
tieliikenne_2016.1386,1386,POINT (486448.2359 6737870.4363),2016,1,16.00-16.59,2,2,2,0,0,0,0,0,0,486448.2359,6737870.4363
tieliikenne_2016.1387,1387,POINT (499721.4929 6712714.1201),2016,1,06.00-06.59,2,8,0,1,0,0,0,0,0,499721.4929,6712714.1201
tieliikenne_2016.1388,1388,POINT (532596.4292 6712046.2116),2016,1,12.00-12.59,2,8,0,1,0,0,0,0,0,532596.4292,6712046.2116
tieliikenne_2016.1389,1389,POINT (527225.2029 6709311.7008),2016,1,20.00-20.59,2,2,2,0,0,0,0,0,0,527225.2029,6709311.7008
tieliikenne_2016.1390,1390,POINT (469049.8515 6732958.9139),2016,1,06.00-06.59,2,1,2,0,0,0,0,0,0,469049.8515,6732958.9139
tieliikenne_2016.1391,1391,POINT (565069.7155 6768494.6349),2016,1,18.00-18.59,2,8,1,0,0,0,0,0,0,565069.7155,6768494.6349
tieliikenne_2016.1392,1392,POINT (599092.3971 6788929.311),2016,1,12.00-12.59,2,1,2,0,0,0,0,0,0,599092.3971,6788929.311
tieliikenne_2016.1393,1393,POINT (480033.2485 6751650.7492),2016,2,11.00-11.59,2,9,1,1,0,0,0,0,0,480033.2485,6751650.7492
tieliikenne_2016.1394,1394,POINT (478899.6732 6754185.7486),2016,2,16.00-16.59,2,4,1,0,0,0,1,0,0,478899.6732,6754185.7486
tieliikenne_2016.1395,1395,POINT (496862.8193 6703328.5766),2016,2,09.00-09.59,2,6,1,0,1,0,0,0,0,496862.8193,6703328.5766
tieliikenne_2016.1396,1396,POINT (473554.2076 6729421.4822),2016,4,10.00-10.59,2,9,1,0,0,0,0,0,0,473554.2076,6729421.4822
tieliikenne_2016.1397,1397,POINT (601673.6853 6791404.3062),2016,2,12.00-12.59,2,9,0,1,1,0,0,0,0,601673.6853,6791404.3062
tieliikenne_2016.1398,1398,POINT (492648.401 6712597.4888),2016,2,14.00-14.59,2,8,1,0,0,0,0,0,0,492648.401,6712597.4888
tieliikenne_2016.1399,1399,POINT (564312.0218 6769948.0064),2016,4,03.00-03.59,2,7,1,0,1,0,0,0,0,564312.0218,6769948.0064
tieliikenne_2016.1400,1400,POINT (565592.7798 6770255.8506),2016,2,10.00-10.59,2,0,3,0,0,0,0,0,0,565592.7798,6770255.8506
tieliikenne_2016.1401,1401,POINT (564836.8757 6770126.9209),2016,2,15.00-15.59,2,0,3,0,0,0,0,0,0,564836.8757,6770126.9209
tieliikenne_2016.1402,1402,POINT (478260.9992 6753035.4881),2016,2,15.00-15.59,2,5,2,0,0,0,0,0,0,478260.9992,6753035.4881
tieliikenne_2016.1403,1403,POINT (497543.7329 6733585.5583),2016,2,19.00-19.59,2,8,1,0,0,0,0,0,0,497543.7329,6733585.5583
tieliikenne_2016.1404,1404,POINT (632083.8811 6819063.2914),2016,2,18.00-18.59,2,8,1,0,0,0,0,0,0,632083.8811,6819063.2914
tieliikenne_2016.1405,1405,POINT (495850.1341 6702768.5433),2016,2,22.00-22.59,2,8,1,0,0,0,0,0,0,495850.1341,6702768.5433
tieliikenne_2016.1406,1406,POINT (478433.6482 6749216.4268),2016,2,08.00-08.59,2,1,2,0,0,0,0,0,0,478433.6482,6749216.4268
tieliikenne_2016.1407,1407,POINT (462277.7085 6748974.3236),2016,2,14.00-14.59,2,0,1,0,0,0,1,0,0,462277.7085,6748974.3236
tieliikenne_2016.1408,1408,POINT (491800.1824 6769247.8342),2016,5,20.00-20.59,1,8,0,0,0,0,0,0,1,491800.1824,6769247.8342
tieliikenne_2016.1409,1409,POINT (483939.7039 6748419.0155),2016,2,13.00-13.59,2,4,2,0,0,0,0,0,0,483939.7039,6748419.0155
tieliikenne_2016.1410,1410,POINT (570769.9232 6771541.7747),2016,2,13.00-13.59,2,0,2,0,0,0,0,0,0,570769.9232,6771541.7747
tieliikenne_2016.1411,1411,POINT (502193.8006 6769110.3277),2016,2,08.00-08.59,2,1,2,0,0,0,0,0,0,502193.8006,6769110.3277
tieliikenne_2016.1412,1412,POINT (494844.5402 6705760.1004),2016,2,22.00-22.59,2,0,1,1,0,0,0,0,0,494844.5402,6705760.1004
tieliikenne_2016.1413,1413,POINT (530434.0364 6768886.986),2016,2,13.00-13.59,2,5,2,0,0,0,0,0,0,530434.0364,6768886.986
tieliikenne_2016.1414,1414,POINT (480550.5802 6750744.5356),2016,2,08.00-08.59,2,5,2,0,0,0,0,0,0,480550.5802,6750744.5356
tieliikenne_2016.1415,1415,POINT (504641.1437 6723562.4445),2016,4,20.00-20.59,2,9,0,0,0,0,0,1,0,504641.1437,6723562.4445
tieliikenne_2016.1416,1416,POINT (488231.3295 6709294.9074),2016,2,21.00-21.59,2,8,1,0,0,0,0,0,0,488231.3295,6709294.9074
tieliikenne_2016.1417,1417,POINT (503071.9182 6731599.0589),2016,2,12.00-12.59,2,9,0,2,0,0,0,0,0,503071.9182,6731599.0589
tieliikenne_2016.1418,1418,POINT (595555.9205 6785103.1046),2016,2,11.00-11.59,2,5,2,0,0,0,0,0,0,595555.9205,6785103.1046
tieliikenne_2016.1419,1419,POINT (489129.7129 6740772.9879),2016,6,00.00-00.59,2,9,1,0,0,0,0,0,0,489129.7129,6740772.9879
tieliikenne_2016.1420,1420,POINT (494382.2886 6706783.2404),2016,3,07.00-07.59,2,0,1,1,0,0,0,0,0,494382.2886,6706783.2404
tieliikenne_2016.1421,1421,POINT (493261.5184 6701281.5353),2016,3,17.00-17.59,2,3,2,0,0,0,0,0,0,493261.5184,6701281.5353
tieliikenne_2016.1422,1422,POINT (568558.0834 6771287.1556),2016,3,10.00-10.59,2,0,1,1,0,0,0,0,0,568558.0834,6771287.1556
tieliikenne_2016.1423,1423,POINT (487749.7205 6759577.0064),2016,6,07.00-07.59,1,9,0,0,0,0,0,1,0,487749.7205,6759577.0064
tieliikenne_2016.1424,1424,POINT (594658.2555 6783419.1128),2016,3,15.00-15.59,2,4,1,0,0,1,0,0,0,594658.2555,6783419.1128
tieliikenne_2016.1425,1425,POINT (485125.759 6750338.608),2016,3,12.00-12.59,2,0,2,0,0,0,0,0,0,485125.759,6750338.608
tieliikenne_2016.1426,1426,POINT (538558.5577 6718927.4588),2016,3,15.00-15.59,2,0,0,1,0,0,0,1,0,538558.5577,6718927.4588
tieliikenne_2016.1427,1427,POINT (567795.215 6770115.7933),2016,3,10.00-10.59,1,7,0,1,1,0,0,0,0,567795.215,6770115.7933
tieliikenne_2016.1428,1428,POINT (567900.4318 6771469.289),2016,3,16.00-16.59,2,4,1,1,0,0,0,0,0,567900.4318,6771469.289
tieliikenne_2016.1429,1429,POINT (500503.9931 6713652.4631),2016,3,17.00-17.59,3,8,0,0,0,0,0,1,0,500503.9931,6713652.4631
tieliikenne_2016.1430,1430,POINT (536676.0655 6785135.7561),2016,3,10.00-10.59,2,2,2,0,0,0,0,0,0,536676.0655,6785135.7561
tieliikenne_2016.1431,1431,POINT (584112.5853 6780695.8476),2016,3,15.00-15.59,2,3,1,0,0,0,1,0,0,584112.5853,6780695.8476
tieliikenne_2016.1432,1432,POINT (485805.4741 6749981.4816),2016,3,11.00-11.59,2,8,1,0,0,0,0,0,0,485805.4741,6749981.4816
tieliikenne_2016.1433,1433,POINT (532094.9099 6715057.2936),2016,9,21.00-21.59,2,9,1,0,0,0,0,0,0,532094.9099,6715057.2936
tieliikenne_2016.1434,1434,POINT (543713.5696 6718350.7627),2016,3,12.00-12.59,2,0,2,0,0,0,0,0,0,543713.5696,6718350.7627
tieliikenne_2016.1435,1435,POINT (463798.5257 6750866.4194),2016,3,14.00-14.59,2,5,2,0,0,0,0,0,0,463798.5257,6750866.4194
tieliikenne_2016.1436,1436,POINT (606125.9237 6795997.4334),2016,9,23.00-23.59,2,9,0,1,0,0,0,0,0,606125.9237,6795997.4334
tieliikenne_2016.1437,1437,POINT (594301.5543 6783157.2748),2016,3,12.00-12.59,2,3,2,0,0,0,0,0,0,594301.5543,6783157.2748
tieliikenne_2016.1438,1438,POINT (496578.9481 6702769.4442),2016,4,07.00-07.59,2,0,1,1,0,0,0,0,0,496578.9481,6702769.4442
tieliikenne_2016.1439,1439,POINT (510365.6015 6714367.2643),2016,4,01.00-01.59,2,8,1,0,0,0,0,0,0,510365.6015,6714367.2643
tieliikenne_2016.1440,1440,POINT (497510.4377 6746154.7399),2016,9,07.00-07.59,2,8,1,0,0,0,0,0,0,497510.4377,6746154.7399
tieliikenne_2016.1441,1441,POINT (483241.5969 6706118.7777),2016,9,21.00-21.59,2,8,1,0,0,0,0,0,0,483241.5969,6706118.7777
tieliikenne_2016.1442,1442,POINT (485320.5652 6705911.8744),2016,9,21.00-21.59,2,9,0,0,0,0,1,0,0,485320.5652,6705911.8744
tieliikenne_2016.1443,1443,POINT (496554.8742 6701768.0132),2016,4,01.00-01.59,1,8,1,0,0,0,0,0,0,496554.8742,6701768.0132
tieliikenne_2016.1444,1444,POINT (505538.4658 6777021.1142),2016,9,19.00-19.59,2,9,1,0,0,0,0,0,0,505538.4658,6777021.1142
tieliikenne_2016.1445,1445,POINT (553307.2115 6784122.7302),2016,4,19.00-19.59,1,8,1,0,0,0,0,0,0,553307.2115,6784122.7302
tieliikenne_2016.1446,1446,POINT (586328.8947 6808287.49),2016,4,06.00-06.59,2,8,1,0,0,0,0,0,0,586328.8947,6808287.49
tieliikenne_2016.1447,1447,POINT (531831.6077 6714983.3777),2016,10,18.00-18.59,2,9,1,0,0,0,0,0,0,531831.6077,6714983.3777
tieliikenne_2016.1448,1448,POINT (494986.5444 6700413.7323),2016,4,01.00-01.59,3,8,1,0,0,0,0,0,0,494986.5444,6700413.7323
tieliikenne_2016.1449,1449,POINT (549381.646 6769179.822),2016,10,18.00-18.59,2,9,1,0,0,0,0,0,0,549381.646,6769179.822
tieliikenne_2016.1450,1450,POINT (504298.7478 6752292.216),2016,10,19.00-19.59,2,9,2,0,0,0,0,0,0,504298.7478,6752292.216
tieliikenne_2016.1451,1451,POINT (485642.8638 6743921.6528),2016,4,12.00-12.59,2,4,2,0,0,0,0,0,0,485642.8638,6743921.6528
tieliikenne_2016.1452,1452,POINT (481094.5048 6700374.8743),2016,4,17.00-17.59,2,8,1,0,0,0,0,0,0,481094.5048,6700374.8743
tieliikenne_2016.1453,1453,POINT (522489.8102 6775669.7328),2016,4,09.00-09.59,2,8,1,0,0,0,0,0,0,522489.8102,6775669.7328
tieliikenne_2016.1454,1454,POINT (484146.6082 6747326.0539),2016,4,15.00-15.59,2,4,1,0,0,1,0,0,0,484146.6082,6747326.0539
tieliikenne_2016.1455,1455,POINT (480885.0716 6747428.7181),2016,4,15.00-15.59,2,4,1,0,0,0,1,0,0,480885.0716,6747428.7181
tieliikenne_2016.1456,1456,POINT (462625.428 6752008.0322),2016,10,20.00-20.59,2,9,2,0,0,0,0,0,0,462625.428,6752008.0322
tieliikenne_2016.1457,1457,POINT (458311.2021 6745351.0501),2016,4,23.00-23.59,2,8,1,0,0,0,0,0,0,458311.2021,6745351.0501
tieliikenne_2016.1458,1458,POINT (568023.7124 6769581.8969),2016,4,17.00-17.59,2,8,1,0,0,0,0,0,0,568023.7124,6769581.8969
tieliikenne_2016.1459,1459,POINT (604252.5525 6794700.5579),2016,4,20.00-20.59,2,8,1,0,0,0,0,0,0,604252.5525,6794700.5579
tieliikenne_2016.1460,1460,POINT (564088.8183 6769705.7443),2016,4,15.00-15.59,2,0,1,0,0,0,1,0,0,564088.8183,6769705.7443
tieliikenne_2016.1461,1461,POINT (595138.1762 6786284.3167),2016,4,12.00-12.59,2,0,3,0,0,0,0,0,0,595138.1762,6786284.3167
tieliikenne_2016.1462,1462,POINT (469917.5011 6770435.7896),2016,4,10.00-10.59,2,8,1,0,0,0,0,0,0,469917.5011,6770435.7896
tieliikenne_2016.1463,1463,POINT (481335.2913 6751605.2223),2016,4,16.00-16.59,2,8,1,0,0,0,0,0,0,481335.2913,6751605.2223
tieliikenne_2016.1464,1464,POINT (574164.2731 6774261.3836),2016,12,17.00-17.59,2,9,1,0,0,0,0,0,0,574164.2731,6774261.3836
tieliikenne_2016.1465,1465,POINT (563796.5779 6769265.7831),2016,4,09.00-09.59,2,5,1,0,0,1,0,0,0,563796.5779,6769265.7831
tieliikenne_2016.1466,1466,POINT (596689.5424 6782560.1477),2016,4,20.00-20.59,2,8,0,0,0,0,1,0,0,596689.5424,6782560.1477
tieliikenne_2016.1467,1467,POINT (539507.4644 6715129.4675),2016,4,22.00-22.59,2,8,1,0,0,0,0,0,0,539507.4644,6715129.4675
tieliikenne_2016.1468,1468,POINT (522905.5869 6790589.8355),2016,12,21.00-21.59,2,9,1,0,0,0,0,0,0,522905.5869,6790589.8355
tieliikenne_2016.1469,1469,POINT (496020.2625 6708943.4706),2016,5,01.00-01.59,2,9,1,0,0,1,0,0,0,496020.2625,6708943.4706
tieliikenne_2016.1470,1470,POINT (464013.0906 6750595.2738),2016,5,08.00-08.59,3,4,1,0,0,0,1,0,0,464013.0906,6750595.2738
tieliikenne_2016.1471,1471,POINT (609896.935 6824153.7939),2016,5,07.00-07.59,2,8,1,0,0,0,0,0,0,609896.935,6824153.7939
tieliikenne_2016.1472,1472,POINT (483708.4309 6746317.8022),2016,5,14.00-14.59,2,5,1,0,0,0,0,1,0,483708.4309,6746317.8022
tieliikenne_2016.1473,1473,POINT (483702.0382 6748208.5),2016,5,10.00-10.59,2,9,1,0,1,0,0,0,0,483702.0382,6748208.5
tieliikenne_2016.1474,1474,POINT (464612.0439 6764643.682),2016,5,13.00-13.59,2,8,0,0,0,0,0,1,0,464612.0439,6764643.682
tieliikenne_2016.1475,1475,POINT (540996.651 6767716.37),2016,5,21.00-21.59,2,8,0,0,0,0,0,1,0,540996.651,6767716.37
tieliikenne_2016.1476,1476,POINT (495432.2383 6704244.2638),2016,5,09.00-09.59,2,5,2,0,0,0,0,0,0,495432.2383,6704244.2638
tieliikenne_2016.1477,1477,POINT (611035.2755 6798678.2873),2016,5,12.00-12.59,3,5,1,1,0,0,0,0,0,611035.2755,6798678.2873
tieliikenne_2016.1478,1478,POINT (485812.9517 6748382.1395),2016,5,04.00-04.59,2,8,0,0,0,0,0,0,1,485812.9517,6748382.1395
tieliikenne_2016.1479,1479,POINT (484707.0223 6750548.475),2016,5,15.00-15.59,2,8,1,0,0,0,0,0,0,484707.0223,6750548.475
tieliikenne_2016.1480,1480,POINT (594455.8811 6783656.0795),2016,5,12.00-12.59,3,9,1,0,1,0,0,0,0,594455.8811,6783656.0795
tieliikenne_2016.1481,1481,POINT (492932.0734 6706815.9044),2016,5,18.00-18.59,2,3,1,0,0,0,1,0,0,492932.0734,6706815.9044
tieliikenne_2016.1482,1482,POINT (566870.5249 6768888.1385),2016,5,22.00-22.59,2,8,1,0,0,0,0,0,0,566870.5249,6768888.1385
tieliikenne_2016.1483,1483,POINT (506974.0389 6713995.1315),2016,5,14.00-14.59,1,8,1,0,0,0,0,0,0,506974.0389,6713995.1315
tieliikenne_2016.1484,1484,POINT (565778.8123 6779588.5853),2016,5,14.00-14.59,2,8,1,0,0,0,0,0,0,565778.8123,6779588.5853
tieliikenne_2016.1485,1485,POINT (510046.3173 6718114.18),2016,5,05.00-05.59,2,0,2,0,0,0,0,0,0,510046.3173,6718114.18
tieliikenne_2016.1486,1486,POINT (484116.1808 6750840.2044),2016,5,09.00-09.59,2,4,1,0,0,1,0,0,0,484116.1808,6750840.2044
tieliikenne_2016.1487,1487,POINT (479811.4362 6752164.1382),2016,5,08.00-08.59,2,0,1,0,0,0,1,0,0,479811.4362,6752164.1382
tieliikenne_2016.1488,1488,POINT (483309.2442 6748499.2449),2016,5,11.00-11.59,2,9,2,0,0,0,0,0,0,483309.2442,6748499.2449
tieliikenne_2016.1489,1489,POINT (495830.5337 6708481.5306),2016,5,12.00-12.59,2,8,0,0,0,0,0,1,0,495830.5337,6708481.5306
tieliikenne_2016.1490,1490,POINT (559833.0229 6767133.8169),2016,5,14.00-14.59,2,8,1,0,0,0,0,0,0,559833.0229,6767133.8169
tieliikenne_2016.1491,1491,POINT (488446.1665 6742867.2326),2016,5,21.00-21.59,2,5,2,0,0,0,0,0,0,488446.1665,6742867.2326
tieliikenne_2016.1492,1492,POINT (488033.1781 6737262.9703),2016,5,16.00-16.59,2,8,1,0,0,0,0,0,0,488033.1781,6737262.9703
tieliikenne_2016.1493,1493,POINT (496071.8146 6720447.3396),2016,5,17.00-17.59,2,4,2,0,0,0,0,0,0,496071.8146,6720447.3396
tieliikenne_2016.1494,1494,POINT (468230.93 6732349.6077),2016,5,21.00-21.59,2,1,1,0,0,0,1,0,0,468230.93,6732349.6077
tieliikenne_2016.1495,1495,POINT (493491.0812 6702153.5),2016,5,17.00-17.59,2,1,1,0,0,0,1,0,0,493491.0812,6702153.5
tieliikenne_2016.1496,1496,POINT (497297.1444 6709463.8205),2016,5,16.00-16.59,2,1,1,1,0,0,0,0,0,497297.1444,6709463.8205
tieliikenne_2016.1497,1497,POINT (495694.8411 6703898.0628),2016,5,11.00-11.59,2,9,1,0,0,1,0,0,0,495694.8411,6703898.0628
tieliikenne_2016.1498,1498,POINT (481373.4153 6749386.9471),2016,6,13.00-13.59,2,0,2,0,0,0,0,0,0,481373.4153,6749386.9471
tieliikenne_2016.1499,1499,POINT (599820.5543 6790612.4351),2016,6,13.00-13.59,2,8,0,0,0,0,1,0,0,599820.5543,6790612.4351
tieliikenne_2016.1500,1500,POINT (496454.5969 6703113.5762),2016,6,12.00-12.59,3,0,7,0,0,0,0,0,0,496454.5969,6703113.5762
tieliikenne_2016.1501,1501,POINT (523738.1963 6753560.4533),2016,6,17.00-17.59,1,2,1,1,0,0,0,0,0,523738.1963,6753560.4533
tieliikenne_2016.1502,1502,POINT (487269.9408 6736552.0096),2016,6,07.00-07.59,3,5,1,0,0,0,1,0,0,487269.9408,6736552.0096
tieliikenne_2016.1503,1503,POINT (564635.5139 6770241.6622),2016,6,17.00-17.59,2,4,1,0,0,0,1,0,0,564635.5139,6770241.6622
tieliikenne_2016.1504,1504,POINT (491173.0153 6728605.3852),2016,6,21.00-21.59,2,7,1,0,1,0,0,0,0,491173.0153,6728605.3852
tieliikenne_2016.1505,1505,POINT (499690.6488 6776541.7947),2016,6,09.00-09.59,2,5,1,0,0,0,0,0,1,499690.6488,6776541.7947
tieliikenne_2016.1506,1506,POINT (524943.5255 6775122.0733),2016,6,13.00-13.59,2,5,2,0,0,0,0,0,0,524943.5255,6775122.0733
tieliikenne_2016.1507,1507,POINT (555679.0723 6767523.202),2016,6,17.00-17.59,2,8,1,0,0,0,0,0,0,555679.0723,6767523.202
tieliikenne_2016.1508,1508,POINT (491395.0993 6734863.8813),2016,6,20.00-20.59,2,4,2,0,0,0,0,0,0,491395.0993,6734863.8813
tieliikenne_2016.1509,1509,POINT (486043.2603 6770117.5904),2016,6,04.00-04.59,3,8,1,0,0,0,0,0,0,486043.2603,6770117.5904
tieliikenne_2016.1510,1510,POINT (490835.0116 6729122.3569),2016,6,16.00-16.59,2,2,2,0,0,0,0,0,0,490835.0116,6729122.3569
tieliikenne_2016.1511,1511,POINT (491080.8642 6734731.9826),2016,6,15.00-15.59,2,9,0,0,0,0,0,1,0,491080.8642,6734731.9826
tieliikenne_2016.1512,1512,POINT (591403.4502 6784283.898),2016,6,01.00-01.59,2,8,0,0,0,0,1,0,0,591403.4502,6784283.898
tieliikenne_2016.1513,1513,POINT (512577.6337 6714428.9834),2016,6,16.00-16.59,2,4,1,0,0,0,0,1,0,512577.6337,6714428.9834
tieliikenne_2016.1514,1514,POINT (632534.3065 6825682.5692),2016,6,19.00-19.59,2,8,1,0,0,0,0,0,0,632534.3065,6825682.5692
tieliikenne_2016.1515,1515,POINT (484910.5007 6748233.0433),2016,6,14.00-14.59,2,4,1,0,0,1,0,0,0,484910.5007,6748233.0433
tieliikenne_2016.1516,1516,POINT (567878.5016 6771006.8395),2016,6,21.00-21.59,3,9,0,0,0,0,0,1,0,567878.5016,6771006.8395
tieliikenne_2016.1517,1517,POINT (564815.557 6769069.8945),2016,6,22.00-22.59,3,3,1,0,0,0,0,1,0,564815.557,6769069.8945
tieliikenne_2016.1518,1518,POINT (569167.6184 6771956.9855),2016,6,19.00-19.59,2,8,0,0,0,0,1,0,0,569167.6184,6771956.9855
tieliikenne_2016.1519,1519,POINT (492538.1231 6705875.4117),2016,6,19.00-19.59,2,4,1,0,0,1,0,0,0,492538.1231,6705875.4117
tieliikenne_2016.1520,1520,POINT (563797.942 6769256.8386),2016,6,12.00-12.59,2,1,0,1,0,1,0,0,0,563797.942,6769256.8386
tieliikenne_2016.1521,1521,POINT (480972.6518 6750379.0618),2016,6,21.00-21.59,2,1,3,0,0,0,0,0,0,480972.6518,6750379.0618
tieliikenne_2016.1522,1522,POINT (490517.8003 6727836.7638),2016,6,14.00-14.59,2,1,1,0,0,0,0,1,0,490517.8003,6727836.7638
tieliikenne_2016.1523,1523,POINT (489028.5561 6779431.99),2016,6,14.00-14.59,2,1,0,0,0,0,0,3,0,489028.5561,6779431.99
tieliikenne_2016.1524,1524,POINT (495467.4246 6708386.3362),2016,6,21.00-21.59,2,9,0,0,0,0,1,0,0,495467.4246,6708386.3362
tieliikenne_2016.1525,1525,POINT (494777.3533 6707965.1823),2016,6,20.00-20.59,2,4,1,0,0,1,0,0,0,494777.3533,6707965.1823
tieliikenne_2016.1526,1526,POINT (479167.8548 6752335.8051),2016,6,11.00-11.59,2,1,1,0,0,0,0,1,0,479167.8548,6752335.8051
tieliikenne_2016.1527,1527,POINT (486246.0035 6749108.7531),2016,6,15.00-15.59,2,4,1,0,0,1,0,0,0,486246.0035,6749108.7531
tieliikenne_2016.1528,1528,POINT (497007.5896 6719500.3552),2016,6,17.00-17.59,1,2,1,1,0,0,0,0,0,497007.5896,6719500.3552
tieliikenne_2016.1529,1529,POINT (496022.305 6709068.034),2016,6,12.00-12.59,2,0,1,0,0,1,0,0,0,496022.305,6709068.034
tieliikenne_2016.1530,1530,POINT (564528.3456 6769035.2296),2016,6,19.00-19.59,2,9,0,0,0,0,2,0,0,564528.3456,6769035.2296
tieliikenne_2016.1531,1531,POINT (491195.8391 6718243.7928),2016,7,02.00-02.59,3,8,1,0,0,0,0,0,0,491195.8391,6718243.7928
tieliikenne_2016.1532,1532,POINT (504258.1748 6757897.94),2016,7,14.00-14.59,2,8,1,0,0,0,0,0,0,504258.1748,6757897.94
tieliikenne_2016.1533,1533,POINT (510508.9409 6714560.4203),2016,7,16.00-16.59,2,0,1,0,0,1,0,0,0,510508.9409,6714560.4203
tieliikenne_2016.1534,1534,POINT (565060.6367 6770137.4495),2016,7,05.00-05.59,3,9,2,0,2,0,0,0,0,565060.6367,6770137.4495
tieliikenne_2016.1535,1535,POINT (491469.902 6754361.4112),2016,7,23.00-23.59,2,8,1,0,0,0,0,0,0,491469.902,6754361.4112
tieliikenne_2016.1536,1536,POINT (542974.2957 6727262.1466),2016,7,03.00-03.59,2,8,1,0,0,0,0,0,0,542974.2957,6727262.1466
tieliikenne_2016.1537,1537,POINT (494672.343 6708825.821),2016,7,18.00-18.59,2,4,1,0,0,0,0,1,0,494672.343,6708825.821
tieliikenne_2016.1538,1538,POINT (523724.7416 6754720.4293),2016,7,11.00-11.59,1,8,1,0,0,0,0,0,0,523724.7416,6754720.4293
tieliikenne_2016.1539,1539,POINT (479982.801 6747102.0214),2016,7,14.00-14.59,2,4,1,0,0,0,1,0,0,479982.801,6747102.0214
tieliikenne_2016.1540,1540,POINT (568135.7606 6771751.7318),2016,7,16.00-16.59,2,4,1,0,0,1,0,0,0,568135.7606,6771751.7318
tieliikenne_2016.1541,1541,POINT (527839.1671 6753846.4974),2016,7,16.00-16.59,2,8,1,0,0,0,0,0,0,527839.1671,6753846.4974
tieliikenne_2016.1542,1542,POINT (510719.6229 6714665.7324),2016,7,10.00-10.59,2,6,1,0,1,0,0,0,0,510719.6229,6714665.7324
tieliikenne_2016.1543,1543,POINT (482892.9564 6748165.9078),2016,7,18.00-18.59,2,0,1,0,0,0,1,0,0,482892.9564,6748165.9078
tieliikenne_2016.1544,1544,POINT (606187.1626 6796023.9417),2016,7,15.00-15.59,1,1,2,1,0,0,0,0,0,606187.1626,6796023.9417
tieliikenne_2016.1545,1545,POINT (489028.2919 6741021.6058),2016,7,17.00-17.59,2,1,2,0,0,0,0,0,0,489028.2919,6741021.6058
tieliikenne_2016.1546,1546,POINT (512254.997 6714451.8517),2016,7,18.00-18.59,2,4,1,0,0,0,1,0,0,512254.997,6714451.8517
tieliikenne_2016.1547,1547,POINT (525952.3221 6750087.5524),2016,7,11.00-11.59,2,1,3,0,0,0,0,0,0,525952.3221,6750087.5524
tieliikenne_2016.1548,1548,POINT (500275.6713 6713880.5053),2016,7,17.00-17.59,2,0,3,0,0,0,0,0,0,500275.6713,6713880.5053
tieliikenne_2016.1549,1549,POINT (481078.7334 6748356.2751),2016,7,20.00-20.59,2,4,1,0,0,1,0,0,0,481078.7334,6748356.2751
tieliikenne_2016.1550,1550,POINT (554680.8723 6782503.9662),2016,7,19.00-19.59,1,0,2,0,0,0,0,0,0,554680.8723,6782503.9662
tieliikenne_2016.1551,1551,POINT (562792.8942 6763933.9677),2016,7,14.00-14.59,2,2,2,0,0,0,0,0,0,562792.8942,6763933.9677
tieliikenne_2016.1552,1552,POINT (490103.5227 6727957.5249),2016,7,15.00-15.59,2,0,1,0,0,0,0,1,0,490103.5227,6727957.5249
tieliikenne_2016.1553,1553,POINT (595738.1919 6800171.8781),2016,7,13.00-13.59,2,8,1,0,0,0,0,0,0,595738.1919,6800171.8781
tieliikenne_2016.1554,1554,POINT (451676.3756 6775619.7986),2016,7,19.00-19.59,2,8,1,0,0,0,0,0,0,451676.3756,6775619.7986
tieliikenne_2016.1555,1555,POINT (482136.4537 6728626.4097),2016,7,05.00-05.59,2,8,1,0,0,0,0,0,0,482136.4537,6728626.4097
tieliikenne_2016.1556,1556,POINT (555995.7234 6764829.9749),2016,7,20.00-20.59,2,7,0,0,1,0,1,0,0,555995.7234,6764829.9749
tieliikenne_2016.1557,1557,POINT (484103.9265 6748413.7456),2016,7,14.00-14.59,2,0,3,0,0,0,0,0,1,484103.9265,6748413.7456
tieliikenne_2016.1558,1558,POINT (471381.5583 6749258.7271),2016,7,17.00-17.59,1,2,1,1,0,0,0,0,0,471381.5583,6749258.7271
tieliikenne_2016.1559,1559,POINT (498127.7853 6705911.7672),2016,7,18.00-18.59,2,8,0,0,0,0,0,1,0,498127.7853,6705911.7672
tieliikenne_2016.1560,1560,POINT (483804.5028 6748320.2756),2016,7,15.00-15.59,2,9,0,0,0,0,1,0,0,483804.5028,6748320.2756
tieliikenne_2016.1561,1561,POINT (595591.4632 6782843.0199),2016,7,16.00-16.59,2,6,1,0,1,0,0,0,0,595591.4632,6782843.0199
tieliikenne_2016.1562,1562,POINT (475534.3182 6737389.6302),2016,7,13.00-13.59,3,2,1,0,0,0,0,1,0,475534.3182,6737389.6302
tieliikenne_2016.1563,1563,POINT (456672.9618 6772236.8866),2016,8,04.00-04.59,2,8,1,0,0,0,0,0,0,456672.9618,6772236.8866
tieliikenne_2016.1564,1564,POINT (496376.248 6708886.0173),2016,8,07.00-07.59,2,4,2,0,0,0,0,0,0,496376.248,6708886.0173
tieliikenne_2016.1565,1565,POINT (490554.7021 6756033.6194),2016,8,13.00-13.59,2,4,1,0,0,1,0,0,0,490554.7021,6756033.6194
tieliikenne_2016.1566,1566,POINT (564903.2985 6768592.1722),2016,8,12.00-12.59,2,4,1,0,0,1,0,0,0,564903.2985,6768592.1722
tieliikenne_2016.1567,1567,POINT (533905.0288 6779056.4725),2016,8,16.00-16.59,1,8,1,0,0,0,0,0,0,533905.0288,6779056.4725
tieliikenne_2016.1568,1568,POINT (543041.4633 6768765.382),2016,8,10.00-10.59,2,3,1,0,0,1,0,0,0,543041.4633,6768765.382
tieliikenne_2016.1569,1569,POINT (565590.3114 6770263.2349),2016,8,08.00-08.59,2,5,1,0,0,0,1,0,0,565590.3114,6770263.2349
tieliikenne_2016.1570,1570,POINT (557808.1234 6780203.5406),2016,8,09.00-09.59,2,5,1,1,0,0,0,0,0,557808.1234,6780203.5406
tieliikenne_2016.1571,1571,POINT (535314.4298 6712486.6556),2016,8,16.00-16.59,2,3,1,0,0,0,0,1,0,535314.4298,6712486.6556
tieliikenne_2016.1572,1572,POINT (495941.9952 6702717.9152),2016,8,00.00-00.59,2,8,1,0,0,0,0,0,0,495941.9952,6702717.9152
tieliikenne_2016.1573,1573,POINT (571152.4781 6771811.5739),2016,8,21.00-21.59,1,8,1,0,0,0,0,0,0,571152.4781,6771811.5739
tieliikenne_2016.1574,1574,POINT (568094.883 6771143.3914),2016,8,13.00-13.59,2,1,2,0,0,0,0,0,0,568094.883,6771143.3914
tieliikenne_2016.1575,1575,POINT (615916.1379 6803629.4705),2016,8,12.00-12.59,2,8,0,0,0,0,0,1,0,615916.1379,6803629.4705
tieliikenne_2016.1576,1576,POINT (592490.2439 6785666.3368),2016,8,18.00-18.59,2,8,0,0,0,0,1,0,0,592490.2439,6785666.3368
tieliikenne_2016.1577,1577,POINT (518403.3589 6735137.8141),2016,8,17.00-17.59,2,0,2,0,0,0,0,0,0,518403.3589,6735137.8141
tieliikenne_2016.1578,1578,POINT (481282.614 6749113.584),2016,8,17.00-17.59,2,4,1,0,0,0,1,0,0,481282.614,6749113.584
tieliikenne_2016.1579,1579,POINT (561510.9877 6748475.9065),2016,8,14.00-14.59,2,8,1,0,0,0,0,0,0,561510.9877,6748475.9065
tieliikenne_2016.1580,1580,POINT (495117 6750975),2016,8,17.00-17.59,2,7,1,0,1,0,0,0,0,495117,6750975
tieliikenne_2016.1581,1581,POINT (597379.1145 6794787.4045),2016,8,01.00-01.59,2,7,0,0,1,0,0,1,0,597379.1145,6794787.4045
tieliikenne_2016.1582,1582,POINT (594368.8576 6772528.5499),2016,8,20.00-20.59,1,9,0,0,0,0,0,0,1,594368.8576,6772528.5499
tieliikenne_2016.1583,1583,POINT (496577.2633 6702469.1841),2016,8,08.00-08.59,2,0,1,0,0,0,0,1,0,496577.2633,6702469.1841
tieliikenne_2016.1584,1584,POINT (564657.0026 6769774.2206),2016,8,09.00-09.59,3,8,0,0,0,0,0,1,0,564657.0026,6769774.2206
tieliikenne_2016.1585,1585,POINT (559760.0431 6781146.1618),2016,8,11.00-11.59,2,8,1,0,0,0,0,0,0,559760.0431,6781146.1618
tieliikenne_2016.1586,1586,POINT (564141.8876 6770071.9326),2016,8,16.00-16.59,2,6,1,0,1,0,0,0,0,564141.8876,6770071.9326
tieliikenne_2016.1587,1587,POINT (474057.8351 6740293.6196),2016,8,20.00-20.59,2,5,1,0,0,0,0,0,1,474057.8351,6740293.6196
tieliikenne_2016.1588,1588,POINT (481344.8592 6749760.6961),2016,8,23.00-23.59,2,3,1,0,0,0,0,1,0,481344.8592,6749760.6961
tieliikenne_2016.1589,1589,POINT (478153.0123 6720338.8683),2016,8,16.00-16.59,2,2,2,0,0,0,0,0,0,478153.0123,6720338.8683
tieliikenne_2016.1590,1590,POINT (557029.5198 6781027.1658),2016,8,17.00-17.59,2,3,1,0,0,0,1,0,0,557029.5198,6781027.1658
tieliikenne_2016.1591,1591,POINT (565635.6971 6777668.8187),2016,8,17.00-17.59,2,8,0,0,0,0,1,0,0,565635.6971,6777668.8187
tieliikenne_2016.1592,1592,POINT (485905.7114 6748869.9448),2016,8,08.00-08.59,2,0,1,0,0,0,0,1,0,485905.7114,6748869.9448
tieliikenne_2016.1593,1593,POINT (534237.0273 6754890.5948),2016,8,11.00-11.59,2,5,1,1,0,0,0,0,0,534237.0273,6754890.5948
tieliikenne_2016.1594,1594,POINT (481582.3384 6749866.7803),2016,8,08.00-08.59,2,4,1,0,0,0,1,0,0,481582.3384,6749866.7803
tieliikenne_2016.1595,1595,POINT (562301.3641 6771951.2365),2016,8,14.00-14.59,1,1,1,0,0,1,0,0,0,562301.3641,6771951.2365
tieliikenne_2016.1596,1596,POINT (568226.6168 6771555.0248),2016,8,17.00-17.59,2,4,1,0,0,0,1,0,0,568226.6168,6771555.0248
tieliikenne_2016.1597,1597,POINT (563865.1234 6769283.206),2016,8,11.00-11.59,2,9,1,0,0,0,0,1,0,563865.1234,6769283.206
tieliikenne_2016.1598,1598,POINT (481459.5171 6748884.0422),2016,8,14.00-14.59,2,2,0,0,0,1,1,0,0,481459.5171,6748884.0422
tieliikenne_2016.1599,1599,POINT (561822.6911 6769105.2453),2016,8,12.00-12.59,2,0,3,0,0,0,0,0,0,561822.6911,6769105.2453
tieliikenne_2016.1600,1600,POINT (482107.3335 6747974.4493),2016,8,23.00-23.59,2,0,4,0,0,0,0,0,0,482107.3335,6747974.4493
tieliikenne_2016.1601,1601,POINT (507361.3864 6715383.7286),2016,8,07.00-07.59,2,8,1,0,0,0,0,0,0,507361.3864,6715383.7286
tieliikenne_2016.1602,1602,POINT (512568.8264 6713588.8901),2016,8,11.00-11.59,2,3,1,0,0,0,0,1,0,512568.8264,6713588.8901
tieliikenne_2016.1603,1603,POINT (483746.7975 6748159.7875),2016,8,18.00-18.59,2,7,1,0,1,0,0,0,0,483746.7975,6748159.7875
tieliikenne_2016.1604,1604,POINT (460565.015 6753015.7831),2016,8,12.00-12.59,2,5,2,0,0,0,0,0,0,460565.015,6753015.7831
tieliikenne_2016.1605,1605,POINT (595358.1731 6783028.3758),2016,8,14.00-14.59,2,4,1,0,0,1,0,0,0,595358.1731,6783028.3758
tieliikenne_2016.1606,1606,POINT (595615.7715 6784655.6497),2016,8,15.00-15.59,2,0,1,0,0,0,1,0,0,595615.7715,6784655.6497
tieliikenne_2016.1607,1607,POINT (486879.8241 6730396.432),2016,8,11.00-11.59,2,8,1,0,0,0,0,0,0,486879.8241,6730396.432
tieliikenne_2016.1608,1608,POINT (562986.9264 6766716.2676),2016,8,14.00-14.59,2,5,1,0,0,0,1,0,0,562986.9264,6766716.2676
tieliikenne_2016.1609,1609,POINT (481033.5023 6755873.9171),2016,8,16.00-16.59,2,2,1,0,0,0,0,1,0,481033.5023,6755873.9171
tieliikenne_2016.1610,1610,POINT (495478.9827 6704326.8594),2016,9,12.00-12.59,2,2,0,0,0,2,0,0,0,495478.9827,6704326.8594
tieliikenne_2016.1611,1611,POINT (485086.8083 6748239.7188),2016,9,13.00-13.59,2,0,1,0,0,0,1,0,0,485086.8083,6748239.7188
tieliikenne_2016.1612,1612,POINT (494331.805 6706730.464),2016,9,19.00-19.59,2,5,0,0,2,0,1,1,0,494331.805,6706730.464
tieliikenne_2016.1613,1613,POINT (463350.4273 6741728.0086),2016,9,20.00-20.59,2,8,1,0,0,0,0,0,0,463350.4273,6741728.0086
tieliikenne_2016.1614,1614,POINT (463940.9025 6750843.1651),2016,9,19.00-19.59,2,4,1,0,0,1,0,0,0,463940.9025,6750843.1651
tieliikenne_2016.1615,1615,POINT (592793.0962 6786150.6928),2016,9,17.00-17.59,3,8,1,0,0,0,0,0,0,592793.0962,6786150.6928
tieliikenne_2016.1616,1616,POINT (562096.5547 6771806.6704),2016,9,22.00-22.59,2,8,1,0,0,0,0,0,0,562096.5547,6771806.6704
tieliikenne_2016.1617,1617,POINT (494972.5575 6707822.6042),2016,9,07.00-07.59,2,0,2,0,0,0,0,0,0,494972.5575,6707822.6042
tieliikenne_2016.1618,1618,POINT (489418.6979 6740000.8203),2016,9,14.00-14.59,1,2,1,1,0,0,0,0,0,489418.6979,6740000.8203
tieliikenne_2016.1619,1619,POINT (479152.8225 6753444.727),2016,9,09.00-09.59,2,8,1,0,0,0,0,0,0,479152.8225,6753444.727
tieliikenne_2016.1620,1620,POINT (479996.2229 6747084.0537),2016,9,18.00-18.59,2,0,3,0,0,0,0,0,0,479996.2229,6747084.0537
tieliikenne_2016.1621,1621,POINT (479438.9511 6749416.835),2016,9,07.00-07.59,2,2,2,0,0,0,0,0,0,479438.9511,6749416.835
tieliikenne_2016.1622,1622,POINT (483246.0889 6748123.9026),2016,9,19.00-19.59,2,8,0,0,0,0,0,1,0,483246.0889,6748123.9026
tieliikenne_2016.1623,1623,POINT (522959.5103 6747308.0008),2016,9,15.00-15.59,2,8,1,0,0,0,0,0,0,522959.5103,6747308.0008
tieliikenne_2016.1624,1624,POINT (481957.9408 6751438.4492),2016,9,15.00-15.59,2,4,1,0,0,1,0,0,0,481957.9408,6751438.4492
tieliikenne_2016.1625,1625,POINT (493281.6987 6702603.3172),2016,9,15.00-15.59,2,0,0,0,0,1,1,0,0,493281.6987,6702603.3172
tieliikenne_2016.1626,1626,POINT (538862.4716 6717095.469),2016,9,18.00-18.59,2,3,2,0,0,0,0,0,0,538862.4716,6717095.469
tieliikenne_2016.1627,1627,POINT (482784.4678 6749461.8725),2016,9,06.00-06.59,1,9,0,1,1,0,0,0,0,482784.4678,6749461.8725
tieliikenne_2016.1628,1628,POINT (491390.9485 6729181.4741),2016,9,14.00-14.59,2,8,1,0,0,0,0,0,0,491390.9485,6729181.4741
tieliikenne_2016.1629,1629,POINT (597240.5135 6788380.8441),2016,9,20.00-20.59,2,0,0,0,0,0,2,0,0,597240.5135,6788380.8441
tieliikenne_2016.1630,1630,POINT (469177.0038 6733170.9446),2016,9,14.00-14.59,2,0,1,0,0,0,0,1,0,469177.0038,6733170.9446
tieliikenne_2016.1631,1631,POINT (634096.9944 6834063.2483),2016,9,12.00-12.59,3,8,0,1,0,0,0,0,0,634096.9944,6834063.2483
tieliikenne_2016.1632,1632,POINT (558737.2436 6778253.4871),2016,9,08.00-08.59,2,4,2,0,0,0,0,0,0,558737.2436,6778253.4871
tieliikenne_2016.1633,1633,POINT (481822.3672 6747694.1195),2016,9,08.00-08.59,2,2,1,0,0,0,1,0,0,481822.3672,6747694.1195
tieliikenne_2016.1634,1634,POINT (450602.8859 6758063.0572),2016,10,09.00-09.59,2,2,2,0,0,0,0,0,0,450602.8859,6758063.0572
tieliikenne_2016.1635,1635,POINT (467370.7808 6777585.1523),2016,10,14.00-14.59,2,1,2,0,0,0,0,0,0,467370.7808,6777585.1523
tieliikenne_2016.1636,1636,POINT (575071.7462 6774653.3292),2016,10,16.00-16.59,2,0,1,0,0,0,0,0,1,575071.7462,6774653.3292
tieliikenne_2016.1637,1637,POINT (464047.7789 6751219.8714),2016,10,18.00-18.59,2,4,1,0,0,0,0,1,0,464047.7789,6751219.8714
tieliikenne_2016.1638,1638,POINT (554750.0028 6765493.8982),2016,10,21.00-21.59,2,9,0,0,0,0,0,1,0,554750.0028,6765493.8982
tieliikenne_2016.1639,1639,POINT (500529.9337 6713758.3024),2016,10,14.00-14.59,2,1,0,0,0,0,1,1,0,500529.9337,6713758.3024
tieliikenne_2016.1640,1640,POINT (487705.7329 6738598.3099),2016,10,12.00-12.59,2,7,1,0,1,0,0,0,0,487705.7329,6738598.3099
tieliikenne_2016.1641,1641,POINT (489078.4965 6728712.8765),2016,10,16.00-16.59,2,8,0,0,0,0,1,0,0,489078.4965,6728712.8765
tieliikenne_2016.1642,1642,POINT (456868.7282 6753346.6064),2016,10,15.00-15.59,2,2,5,0,0,0,0,0,0,456868.7282,6753346.6064
tieliikenne_2016.1643,1643,POINT (477002.9696 6757323.8283),2016,10,22.00-22.59,2,8,1,0,0,0,0,0,0,477002.9696,6757323.8283
tieliikenne_2016.1644,1644,POINT (481560.2328 6744013.8422),2016,10,04.00-04.59,2,8,1,0,0,0,0,0,0,481560.2328,6744013.8422
tieliikenne_2016.1645,1645,POINT (509142.7345 6751914.4463),2016,10,17.00-17.59,2,8,1,0,0,0,0,0,0,509142.7345,6751914.4463
tieliikenne_2016.1646,1646,POINT (602045.4527 6793384.2687),2016,10,07.00-07.59,2,1,1,0,0,0,1,0,0,602045.4527,6793384.2687
tieliikenne_2016.1647,1647,POINT (645757.1808 6838213.0624),2016,10,16.00-16.59,2,0,0,1,0,0,0,0,1,645757.1808,6838213.0624
tieliikenne_2016.1648,1648,POINT (502740.9994 6714093.4496),2016,10,17.00-17.59,2,8,1,0,0,0,0,0,0,502740.9994,6714093.4496
tieliikenne_2016.1649,1649,POINT (492920.9983 6709395.6246),2016,10,20.00-20.59,3,2,1,0,0,0,1,0,0,492920.9983,6709395.6246
tieliikenne_2016.1650,1650,POINT (595712.335 6786094.086),2016,10,13.00-13.59,3,4,0,0,0,1,0,1,0,595712.335,6786094.086
tieliikenne_2016.1651,1651,POINT (494724.9315 6708785.0516),2016,10,02.00-02.59,2,8,0,0,0,0,1,0,0,494724.9315,6708785.0516
tieliikenne_2016.1652,1652,POINT (495648.5044 6708291.7582),2016,10,22.00-22.59,2,9,1,0,0,0,0,0,0,495648.5044,6708291.7582
tieliikenne_2016.1653,1653,POINT (495274.215 6708006.6922),2016,10,00.00-00.59,1,7,1,0,1,0,0,0,0,495274.215,6708006.6922
tieliikenne_2016.1654,1654,POINT (492310.2601 6706526.2407),2016,10,08.00-08.59,2,0,0,0,0,0,2,0,0,492310.2601,6706526.2407
tieliikenne_2016.1655,1655,POINT (496794.4727 6763089.4332),2016,10,10.00-10.59,2,8,1,0,0,0,0,0,0,496794.4727,6763089.4332
tieliikenne_2016.1656,1656,POINT (565542.0516 6768314.8861),2016,10,10.00-10.59,3,5,1,1,0,0,0,0,0,565542.0516,6768314.8861
tieliikenne_2016.1657,1657,POINT (561382.4308 6753115.6821),2016,10,12.00-12.59,2,8,1,0,0,0,0,0,0,561382.4308,6753115.6821
tieliikenne_2016.1658,1658,POINT (600013.9589 6790315.13),2016,10,15.00-15.59,2,2,2,0,0,0,0,0,0,600013.9589,6790315.13
tieliikenne_2016.1659,1659,POINT (549668.2488 6727066.766),2016,10,14.00-14.59,2,8,0,1,0,0,0,0,0,549668.2488,6727066.766
tieliikenne_2016.1660,1660,POINT (507417.0926 6773295.5796),2016,10,15.00-15.59,2,2,2,0,0,0,0,0,0,507417.0926,6773295.5796
tieliikenne_2016.1661,1661,POINT (479573.9314 6752557.979),2016,10,18.00-18.59,2,3,3,0,0,0,0,0,0,479573.9314,6752557.979
tieliikenne_2016.1662,1662,POINT (482357.2927 6751201.5746),2016,10,17.00-17.59,2,2,2,0,0,0,0,0,0,482357.2927,6751201.5746
tieliikenne_2016.1663,1663,POINT (565549.2234 6770121.3835),2016,10,07.00-07.59,1,3,1,0,0,1,0,0,0,565549.2234,6770121.3835
tieliikenne_2016.1664,1664,POINT (493483.7396 6703149.3313),2016,10,17.00-17.59,2,0,3,0,0,0,0,0,0,493483.7396,6703149.3313
tieliikenne_2016.1665,1665,POINT (481692.3525 6747802.6531),2016,11,16.00-16.59,2,0,3,0,0,0,0,0,0,481692.3525,6747802.6531
tieliikenne_2016.1666,1666,POINT (494053.998 6712885.197),2016,11,23.00-23.59,2,8,1,0,0,0,0,0,0,494053.998,6712885.197
tieliikenne_2016.1667,1667,POINT (511512.1609 6714467.5017),2016,11,23.00-23.59,2,8,1,0,0,0,0,0,0,511512.1609,6714467.5017
tieliikenne_2016.1668,1668,POINT (493786.1891 6762840.515),2016,11,18.00-18.59,2,8,1,0,0,0,0,0,0,493786.1891,6762840.515
tieliikenne_2016.1669,1669,POINT (495194.0304 6704881.3735),2016,11,07.00-07.59,2,2,2,0,0,0,0,0,0,495194.0304,6704881.3735
tieliikenne_2016.1670,1670,POINT (489115.7785 6731263.0394),2016,11,20.00-20.59,2,8,1,0,0,0,0,0,0,489115.7785,6731263.0394
tieliikenne_2016.1671,1671,POINT (468549.3437 6774787.6334),2016,11,07.00-07.59,2,2,0,3,0,0,0,0,0,468549.3437,6774787.6334
tieliikenne_2016.1672,1672,POINT (483890 6748860),2016,11,20.00-20.59,2,4,1,0,0,1,0,0,0,483890,6748860
tieliikenne_2016.1673,1673,POINT (549707.6732 6762053.6649),2016,11,18.00-18.59,2,2,2,0,0,0,0,0,0,549707.6732,6762053.6649
tieliikenne_2016.1674,1674,POINT (547606.1825 6775763.8232),2016,11,07.00-07.59,2,8,1,0,0,0,0,0,0,547606.1825,6775763.8232
tieliikenne_2016.1675,1675,POINT (508309.7472 6751948.0637),2016,11,09.00-09.59,2,8,1,0,0,0,0,0,0,508309.7472,6751948.0637
tieliikenne_2016.1676,1676,POINT (553145.5405 6759187.4452),2016,11,16.00-16.59,2,2,2,0,0,0,0,0,0,553145.5405,6759187.4452
tieliikenne_2016.1677,1677,POINT (492931.9974 6707078.6939),2016,11,12.00-12.59,2,0,2,0,0,0,0,0,0,492931.9974,6707078.6939
tieliikenne_2016.1678,1678,POINT (568136.8703 6771388.9899),2016,11,14.00-14.59,2,4,1,0,0,1,0,0,0,568136.8703,6771388.9899
tieliikenne_2016.1679,1679,POINT (497277.1696 6709447.2905),2016,11,21.00-21.59,2,1,2,0,0,0,0,0,0,497277.1696,6709447.2905
tieliikenne_2016.1680,1680,POINT (557765.6881 6756206.1944),2016,11,10.00-10.59,2,8,1,0,0,0,0,0,0,557765.6881,6756206.1944
tieliikenne_2016.1681,1681,POINT (563962.1186 6769699.0917),2016,11,18.00-18.59,2,6,1,0,1,0,0,0,0,563962.1186,6769699.0917
tieliikenne_2016.1682,1682,POINT (538796.372 6716656.5571),2016,11,16.00-16.59,2,7,1,0,1,0,0,0,0,538796.372,6716656.5571
tieliikenne_2016.1683,1683,POINT (496523.306 6703319.3413),2016,11,22.00-22.59,2,8,2,0,0,0,0,0,0,496523.306,6703319.3413
tieliikenne_2016.1684,1684,POINT (464507.7328 6750839.0555),2016,11,17.00-17.59,2,1,2,0,0,0,0,0,0,464507.7328,6750839.0555
tieliikenne_2016.1685,1685,POINT (459713.0004 6753466.0009),2016,11,09.00-09.59,2,8,1,0,0,0,0,0,0,459713.0004,6753466.0009
tieliikenne_2016.1686,1686,POINT (563537.0409 6767985.3269),2016,11,20.00-20.59,2,8,1,0,0,0,0,0,0,563537.0409,6767985.3269
tieliikenne_2016.1687,1687,POINT (581771.3091 6773472.041),2016,11,06.00-06.59,2,8,1,0,0,0,0,0,0,581771.3091,6773472.041
tieliikenne_2016.1688,1688,POINT (516278.0221 6752694.6494),2016,11,12.00-12.59,3,0,2,0,0,0,0,0,0,516278.0221,6752694.6494
tieliikenne_2016.1689,1689,POINT (632279.0267 6820363.7135),2016,11,13.00-13.59,2,8,1,0,0,0,0,0,0,632279.0267,6820363.7135
tieliikenne_2016.1690,1690,POINT (594952.8155 6784168.5626),2016,12,12.00-12.59,2,3,2,0,0,0,0,0,0,594952.8155,6784168.5626
tieliikenne_2016.1691,1691,POINT (491987.8276 6705515.0757),2016,12,07.00-07.59,3,7,1,0,1,0,0,0,0,491987.8276,6705515.0757
tieliikenne_2016.1692,1692,POINT (622129.7558 6809486.7045),2016,12,15.00-15.59,2,0,3,0,0,0,0,0,0,622129.7558,6809486.7045
tieliikenne_2016.1693,1693,POINT (497139.1563 6719337.9679),2016,12,07.00-07.59,1,8,1,0,0,0,0,0,0,497139.1563,6719337.9679
tieliikenne_2016.1694,1694,POINT (595513.5726 6786070.0604),2016,12,12.00-12.59,2,5,2,0,0,0,0,0,0,595513.5726,6786070.0604
tieliikenne_2016.1695,1695,POINT (497808.9333 6708676.5671),2016,12,13.00-13.59,2,0,2,0,0,0,0,0,0,497808.9333,6708676.5671
tieliikenne_2016.1696,1696,POINT (484205.9111 6746305.9962),2016,12,22.00-22.59,2,5,2,0,0,0,0,0,0,484205.9111,6746305.9962
tieliikenne_2016.1697,1697,POINT (483707.0274 6749746.9929),2016,12,12.00-12.59,2,0,2,0,0,0,0,0,0,483707.0274,6749746.9929
tieliikenne_2016.1698,1698,POINT (490881.914 6734865.7375),2016,12,17.00-17.59,1,0,0,1,0,0,2,0,0,490881.914,6734865.7375
tieliikenne_2016.1699,1699,POINT (484224.8208 6748384.2361),2016,12,23.00-23.59,2,8,1,0,0,0,0,0,0,484224.8208,6748384.2361
tieliikenne_2016.1700,1700,POINT (474408.9767 6779938.324),2016,12,22.00-22.59,2,8,1,0,0,0,0,0,0,474408.9767,6779938.324
tieliikenne_2016.1701,1701,POINT (494423.7257 6707634.5565),2016,12,00.00-00.59,2,8,1,0,0,0,0,0,0,494423.7257,6707634.5565
tieliikenne_2016.1702,1702,POINT (494832.345 6708678.2124),2016,12,10.00-10.59,2,6,1,0,1,0,0,0,0,494832.345,6708678.2124
tieliikenne_2016.1703,1703,POINT (569608.8984 6764734.0855),2016,12,17.00-17.59,2,8,1,0,0,0,0,0,0,569608.8984,6764734.0855
tieliikenne_2016.1704,1704,POINT (508755.4994 6714614.4735),2016,12,04.00-04.59,2,7,1,0,1,0,0,0,0,508755.4994,6714614.4735
tieliikenne_2016.1705,1705,POINT (593719.7972 6784639.8013),2016,12,17.00-17.59,2,0,5,0,0,0,0,0,0,593719.7972,6784639.8013
tieliikenne_2016.1706,1706,POINT (253490.9556 6868573.0667),2016,1,07.00-07.59,2,2,1,0,0,0,0,0,1,253490.9556,6868573.0667
tieliikenne_2016.1707,1707,POINT (258991.9876 6697552.983),2016,1,03.00-03.59,2,8,1,0,0,0,0,0,0,258991.9876,6697552.983
tieliikenne_2016.1708,1708,POINT (208171.9675 6790291.2129),2016,1,16.00-16.59,2,5,2,0,0,0,0,0,0,208171.9675,6790291.2129
tieliikenne_2016.1709,1709,POINT (205286.6885 6788349.4132),2016,1,13.00-13.59,2,4,2,0,0,0,0,0,0,205286.6885,6788349.4132
tieliikenne_2016.1710,1710,POINT (199372.4481 6764449.2114),2016,1,14.00-14.59,2,9,1,0,0,0,0,0,0,199372.4481,6764449.2114
tieliikenne_2016.1711,1711,POINT (229333.8109 6715624.8245),2016,1,19.00-19.59,3,8,1,0,0,0,0,0,0,229333.8109,6715624.8245
tieliikenne_2016.1712,1712,POINT (242884.9398 6705727.026),2016,1,12.00-12.59,2,5,1,1,0,0,0,0,0,242884.9398,6705727.026
tieliikenne_2016.1713,1713,POINT (208707.2894 6792286.5053),2016,1,22.00-22.59,2,4,2,0,0,0,0,0,0,208707.2894,6792286.5053
tieliikenne_2016.1714,1714,POINT (231401.6209 6724914.2896),2016,1,04.00-04.59,2,8,1,0,0,0,0,0,0,231401.6209,6724914.2896
tieliikenne_2016.1715,1715,POINT (222398.7775 6826797.7065),2016,1,14.00-14.59,3,2,2,0,0,0,0,0,0,222398.7775,6826797.7065
tieliikenne_2016.1716,1716,POINT (222350.9688 6729962.4691),2016,1,12.00-12.59,2,8,1,0,0,0,0,0,0,222350.9688,6729962.4691
tieliikenne_2016.1717,1717,POINT (243032.3821 6710170.9009),2016,1,16.00-16.59,2,0,3,0,0,0,0,0,0,243032.3821,6710170.9009
tieliikenne_2016.1718,1718,POINT (243208.3937 6710018.2303),2016,1,16.00-16.59,2,0,2,1,0,0,0,0,0,243208.3937,6710018.2303
tieliikenne_2016.1719,1719,POINT (281515.8249 6685447.5166),2016,2,21.00-21.59,2,9,1,0,0,0,0,0,0,281515.8249,6685447.5166
tieliikenne_2016.1720,1720,POINT (276406.0646 6706626.6441),2016,1,14.00-14.59,2,0,2,0,0,0,0,0,0,276406.0646,6706626.6441
tieliikenne_2016.1721,1721,POINT (287607.18 6750711.9072),2016,1,08.00-08.59,2,0,1,0,0,1,0,0,0,287607.18,6750711.9072
tieliikenne_2016.1722,1722,POINT (220235.8697 6827965.3263),2016,1,10.00-10.59,2,4,1,0,0,1,0,0,0,220235.8697,6827965.3263
tieliikenne_2016.1723,1723,POINT (286282.8477 6701073.698),2016,1,15.00-15.59,2,8,1,0,0,0,0,0,1,286282.8477,6701073.698
tieliikenne_2016.1724,1724,POINT (288069.0815 6750528.1975),2016,1,08.00-08.59,2,1,2,0,0,0,0,0,0,288069.0815,6750528.1975
tieliikenne_2016.1725,1725,POINT (241707.95 6709343.4256),2016,1,11.00-11.59,3,9,1,0,1,0,0,0,0,241707.95,6709343.4256
tieliikenne_2016.1726,1726,POINT (201709.6253 6790313.6884),2016,1,22.00-22.59,2,8,1,0,0,0,0,0,0,201709.6253,6790313.6884
tieliikenne_2016.1727,1727,POINT (238540.4239 6821994.7795),2016,1,05.00-05.59,2,8,1,0,0,0,0,0,0,238540.4239,6821994.7795
tieliikenne_2016.1728,1728,POINT (231207 6728247),2016,1,11.00-11.59,2,4,2,0,0,0,0,0,0,231207,6728247
tieliikenne_2016.1729,1729,POINT (238285.5298 6713137.7678),2016,1,20.00-20.59,2,8,1,0,0,0,0,0,0,238285.5298,6713137.7678
tieliikenne_2016.1730,1730,POINT (242695.4401 6714580.9783),2016,1,01.00-01.59,3,7,1,0,1,0,0,0,0,242695.4401,6714580.9783
tieliikenne_2016.1731,1731,POINT (238756.418 6711147.2411),2016,1,16.00-16.59,2,4,1,1,0,0,0,0,0,238756.418,6711147.2411
tieliikenne_2016.1732,1732,POINT (257683.7458 6860988.5947),2016,1,03.00-03.59,2,8,1,0,0,0,0,0,0,257683.7458,6860988.5947
tieliikenne_2016.1733,1733,POINT (224069.0932 6826367.6852),2016,3,13.00-13.59,3,8,1,0,0,0,0,0,0,224069.0932,6826367.6852
tieliikenne_2016.1734,1734,POINT (244160.3988 6709108.2878),2016,1,06.00-06.59,2,8,1,0,0,0,0,0,0,244160.3988,6709108.2878
tieliikenne_2016.1735,1735,POINT (247618.1243 6709803.4974),2016,1,15.00-15.59,2,0,2,0,0,0,0,0,0,247618.1243,6709803.4974
tieliikenne_2016.1736,1736,POINT (236680.0164 6713781.0134),2016,1,16.00-16.59,2,0,3,0,0,0,0,0,0,236680.0164,6713781.0134
tieliikenne_2016.1737,1737,POINT (243544.6794 6714451.0709),2016,1,08.00-08.59,2,4,1,1,0,0,0,0,0,243544.6794,6714451.0709
tieliikenne_2016.1738,1738,POINT (240210.0731 6710180.4467),2016,1,11.00-11.59,2,4,2,0,0,0,0,0,0,240210.0731,6710180.4467
tieliikenne_2016.1739,1739,POINT (240729.0681 6715376.0864),2016,1,15.00-15.59,2,3,1,0,0,0,1,0,0,240729.0681,6715376.0864
tieliikenne_2016.1740,1740,POINT (204480.1471 6789150.7542),2016,1,12.00-12.59,2,7,1,0,1,0,0,0,0,204480.1471,6789150.7542
tieliikenne_2016.1741,1741,POINT (238774.4119 6710798.369),2016,1,20.00-20.59,2,3,2,0,0,0,0,0,0,238774.4119,6710798.369
tieliikenne_2016.1742,1742,POINT (263867.1317 6757589.7178),2016,1,12.00-12.59,2,8,1,0,0,0,0,0,0,263867.1317,6757589.7178
tieliikenne_2016.1743,1743,POINT (257988.4354 6737664.914),2016,1,15.00-15.59,2,0,3,0,0,0,0,0,0,257988.4354,6737664.914
tieliikenne_2016.1744,1744,POINT (242586.2843 6719707.7504),2016,1,04.00-04.59,2,8,1,0,0,0,0,0,0,242586.2843,6719707.7504
tieliikenne_2016.1745,1745,POINT (235253.6684 6823411.1424),2016,1,12.00-12.59,2,8,1,0,0,0,0,0,0,235253.6684,6823411.1424
tieliikenne_2016.1746,1746,POINT (265932.8046 6736803.846),2016,1,18.00-18.59,2,8,1,0,0,0,0,0,0,265932.8046,6736803.846
tieliikenne_2016.1747,1747,POINT (233881.5365 6714468.2549),2016,1,22.00-22.59,3,8,1,0,0,0,0,0,0,233881.5365,6714468.2549
tieliikenne_2016.1748,1748,POINT (250480.5943 6875003.7848),2016,1,10.00-10.59,2,8,0,1,0,0,0,0,0,250480.5943,6875003.7848
tieliikenne_2016.1749,1749,POINT (288528.8146 6754167.8491),2016,1,17.00-17.59,1,4,1,0,0,0,0,0,1,288528.8146,6754167.8491
tieliikenne_2016.1750,1750,POINT (257220.0815 6732749.8541),2016,1,05.00-05.59,1,2,1,1,0,0,0,0,0,257220.0815,6732749.8541
tieliikenne_2016.1751,1751,POINT (256413.919 6861991.9357),2016,1,10.00-10.59,2,4,2,0,0,0,0,0,0,256413.919,6861991.9357
tieliikenne_2016.1752,1752,POINT (279580.4459 6778135.276),2016,1,11.00-11.59,2,8,0,1,0,0,0,0,0,279580.4459,6778135.276
tieliikenne_2016.1753,1753,POINT (202883.559 6789489.9435),2016,1,16.00-16.59,2,5,1,0,0,0,0,0,1,202883.559,6789489.9435
tieliikenne_2016.1754,1754,POINT (231012.6422 6728037.733),2016,1,12.00-12.59,2,4,2,0,0,0,0,0,0,231012.6422,6728037.733
tieliikenne_2016.1755,1755,POINT (259532.1824 6864413.5711),2016,5,16.00-16.59,2,9,1,0,0,0,0,0,0,259532.1824,6864413.5711
tieliikenne_2016.1756,1756,POINT (249979.071 6706858.4665),2016,1,15.00-15.59,2,4,2,0,0,0,0,0,0,249979.071,6706858.4665
tieliikenne_2016.1757,1757,POINT (222554.1321 6713256.3971),2016,6,00.00-00.59,2,9,1,0,0,0,0,0,0,222554.1321,6713256.3971
tieliikenne_2016.1758,1758,POINT (213775.7702 6837018.2047),2016,2,21.00-21.59,2,8,1,0,0,0,0,0,0,213775.7702,6837018.2047
tieliikenne_2016.1759,1759,POINT (263860.1898 6831569.6445),2016,2,10.00-10.59,2,0,2,0,0,0,0,0,0,263860.1898,6831569.6445
tieliikenne_2016.1760,1760,POINT (207849.2228 6756479.5247),2016,6,22.00-22.59,2,9,1,0,0,0,0,0,0,207849.2228,6756479.5247
tieliikenne_2016.1761,1761,POINT (249026.5362 6711198.0713),2016,2,23.00-23.59,1,2,1,1,0,0,0,0,0,249026.5362,6711198.0713
tieliikenne_2016.1762,1762,POINT (241034.3013 6711245.1255),2016,2,15.00-15.59,2,5,1,0,0,1,0,0,0,241034.3013,6711245.1255
tieliikenne_2016.1763,1763,POINT (220011.3211 6828348.7416),2016,2,15.00-15.59,2,3,0,0,0,1,0,0,1,220011.3211,6828348.7416
tieliikenne_2016.1764,1764,POINT (244617.2043 6712647.575),2016,2,17.00-17.59,2,3,2,0,0,0,0,0,0,244617.2043,6712647.575
tieliikenne_2016.1765,1765,POINT (244062.6032 6824625.776),2016,2,20.00-20.59,2,4,2,0,0,0,0,0,0,244062.6032,6824625.776
tieliikenne_2016.1766,1766,POINT (245017.5371 6709811.0688),2016,2,13.00-13.59,2,4,3,0,0,0,0,0,0,245017.5371,6709811.0688
tieliikenne_2016.1767,1767,POINT (227675.1807 6739022.7875),2016,2,13.00-13.59,2,7,1,0,1,0,0,0,0,227675.1807,6739022.7875
tieliikenne_2016.1768,1768,POINT (292732.0174 6690293.1238),2016,6,09.00-09.59,2,9,0,0,0,0,0,1,0,292732.0174,6690293.1238
tieliikenne_2016.1769,1769,POINT (238685.5557 6713978.9663),2016,2,17.00-17.59,2,0,1,1,0,0,0,0,0,238685.5557,6713978.9663
tieliikenne_2016.1770,1770,POINT (241254.5003 6711758.7963),2016,2,07.00-07.59,2,6,1,0,2,0,0,0,0,241254.5003,6711758.7963
tieliikenne_2016.1771,1771,POINT (274012.2756 6681975.2115),2016,6,00.00-00.59,1,9,0,0,0,1,0,0,0,274012.2756,6681975.2115
tieliikenne_2016.1772,1772,POINT (207538.6915 6748180.4258),2016,7,11.00-11.59,2,9,0,0,0,0,0,1,0,207538.6915,6748180.4258
tieliikenne_2016.1773,1773,POINT (250049.4023 6709524.6189),2016,2,17.00-17.59,2,2,2,0,0,0,0,0,0,250049.4023,6709524.6189
tieliikenne_2016.1774,1774,POINT (241191.3736 6716239.2536),2016,7,06.00-06.59,2,9,1,0,0,0,0,0,0,241191.3736,6716239.2536
tieliikenne_2016.1775,1775,POINT (258155 6797714),2016,7,19.00-19.59,2,3,0,0,0,0,1,0,1,258155,6797714
tieliikenne_2016.1776,1776,POINT (264731.5101 6749247.9647),2016,7,19.00-19.59,2,9,0,0,0,0,0,1,0,264731.5101,6749247.9647
tieliikenne_2016.1777,1777,POINT (236442.1996 6850681.1907),2016,2,11.00-11.59,2,4,2,0,0,0,0,0,0,236442.1996,6850681.1907
tieliikenne_2016.1778,1778,POINT (254624.2217 6718702.9992),2016,2,19.00-19.59,2,2,1,1,0,0,0,0,0,254624.2217,6718702.9992
tieliikenne_2016.1779,1779,POINT (221726.4794 6828003.4086),2016,2,07.00-07.59,2,1,1,0,0,1,0,0,0,221726.4794,6828003.4086
tieliikenne_2016.1780,1780,POINT (226267.6065 6821923.3632),2016,2,08.00-08.59,2,3,1,0,0,0,0,1,0,226267.6065,6821923.3632
tieliikenne_2016.1781,1781,POINT (233397.0408 6813737.6788),2016,2,15.00-15.59,2,3,1,0,0,0,0,1,0,233397.0408,6813737.6788
tieliikenne_2016.1782,1782,POINT (263892.462 6831212.4063),2016,7,22.00-22.59,3,9,1,0,0,0,0,0,0,263892.462,6831212.4063
tieliikenne_2016.1783,1783,POINT (242427.5977 6806060.5596),2016,2,00.00-00.59,2,8,1,0,0,0,0,0,0,242427.5977,6806060.5596
tieliikenne_2016.1784,1784,POINT (224346.9384 6825978.4246),2016,2,10.00-10.59,2,4,1,1,0,0,0,0,0,224346.9384,6825978.4246
tieliikenne_2016.1785,1785,POINT (240323.7622 6805664.0312),2016,2,05.00-05.59,2,7,1,0,1,0,0,0,0,240323.7622,6805664.0312
tieliikenne_2016.1786,1786,POINT (281030.597 6692168.1777),2016,7,14.00-14.59,2,9,0,0,0,0,0,1,0,281030.597,6692168.1777
tieliikenne_2016.1787,1787,POINT (276948.0164 6767666.0024),2016,2,10.00-10.59,2,8,0,0,0,0,0,0,1,276948.0164,6767666.0024
tieliikenne_2016.1788,1788,POINT (204092.9458 6754920.0019),2016,2,23.00-23.59,2,9,0,0,0,0,0,0,1,204092.9458,6754920.0019
tieliikenne_2016.1789,1789,POINT (244422.7819 6717321.1512),2016,2,02.00-02.59,2,8,0,1,0,0,0,0,0,244422.7819,6717321.1512
tieliikenne_2016.1790,1790,POINT (240810.8459 6716132.5601),2016,2,21.00-21.59,2,0,1,0,0,0,0,0,1,240810.8459,6716132.5601
tieliikenne_2016.1791,1791,POINT (212555.3541 6815737.4926),2016,7,17.00-17.59,2,9,0,0,0,0,1,0,0,212555.3541,6815737.4926
tieliikenne_2016.1792,1792,POINT (271816.644 6731896.6021),2016,7,03.00-03.59,1,8,0,0,0,1,0,0,0,271816.644,6731896.6021
tieliikenne_2016.1793,1793,POINT (229319.2707 6801177.2035),2016,8,07.00-07.59,2,9,1,0,0,0,0,0,0,229319.2707,6801177.2035
tieliikenne_2016.1794,1794,POINT (278522.3018 6698293.6261),2016,2,12.00-12.59,2,8,1,0,0,0,0,0,0,278522.3018,6698293.6261
tieliikenne_2016.1795,1795,POINT (249004.7253 6759733.2365),2016,8,12.00-12.59,2,9,1,0,0,0,0,0,0,249004.7253,6759733.2365
tieliikenne_2016.1796,1796,POINT (212868.0081 6763621.4845),2016,2,11.00-11.59,2,8,1,0,0,0,0,0,0,212868.0081,6763621.4845
tieliikenne_2016.1797,1797,POINT (198328.0847 6753643.5195),2016,2,18.00-18.59,2,4,2,0,0,0,0,0,0,198328.0847,6753643.5195
tieliikenne_2016.1798,1798,POINT (223212.1775 6828158.5812),2016,2,20.00-20.59,2,3,1,0,0,0,1,0,0,223212.1775,6828158.5812
tieliikenne_2016.1799,1799,POINT (222807.6524 6827823.2078),2016,2,11.00-11.59,2,6,1,0,1,0,0,0,0,222807.6524,6827823.2078
tieliikenne_2016.1800,1800,POINT (259118.6698 6779618.0507),2016,8,21.00-21.59,2,9,0,0,0,0,1,0,0,259118.6698,6779618.0507
tieliikenne_2016.1801,1801,POINT (239615.2977 6715061.6914),2016,2,14.00-14.59,2,0,2,0,0,0,0,0,0,239615.2977,6715061.6914
tieliikenne_2016.1802,1802,POINT (217275.0429 6811613.7545),2016,2,14.00-14.59,2,8,1,0,0,0,0,0,0,217275.0429,6811613.7545
tieliikenne_2016.1803,1803,POINT (236587.8329 6823710.2658),2016,2,09.00-09.59,2,8,1,0,0,0,0,0,0,236587.8329,6823710.2658
tieliikenne_2016.1804,1804,POINT (223233.3088 6827004.5199),2016,8,08.00-08.59,2,9,0,0,0,1,0,0,0,223233.3088,6827004.5199
tieliikenne_2016.1805,1805,POINT (256761.4463 6860478.122),2016,2,16.00-16.59,2,4,1,0,0,0,0,0,1,256761.4463,6860478.122
tieliikenne_2016.1806,1806,POINT (240333.4227 6709974.7754),2016,2,19.00-19.59,2,5,2,0,0,0,0,0,0,240333.4227,6709974.7754
tieliikenne_2016.1807,1807,POINT (222905.7921 6827560.1854),2016,2,00.00-00.59,2,4,2,0,0,0,0,0,0,222905.7921,6827560.1854
tieliikenne_2016.1808,1808,POINT (247866.7929 6727568.8498),2016,2,07.00-07.59,2,8,1,0,0,0,0,0,0,247866.7929,6727568.8498
tieliikenne_2016.1809,1809,POINT (239231.6979 6709549.4346),2016,2,15.00-15.59,2,6,1,0,1,0,0,0,0,239231.6979,6709549.4346
tieliikenne_2016.1810,1810,POINT (239147.6287 6711282.7776),2016,2,16.00-16.59,3,6,1,0,1,0,0,0,0,239147.6287,6711282.7776
tieliikenne_2016.1811,1811,POINT (223915.0552 6828702.6862),2016,2,19.00-19.59,2,8,1,0,0,0,0,0,0,223915.0552,6828702.6862
tieliikenne_2016.1812,1812,POINT (238070.7126 6807687.0418),2016,2,22.00-22.59,2,8,1,0,0,0,0,0,0,238070.7126,6807687.0418
tieliikenne_2016.1813,1813,POINT (214653.2983 6807719.749),2016,9,23.00-23.59,2,9,0,1,0,0,0,0,0,214653.2983,6807719.749
tieliikenne_2016.1814,1814,POINT (218452.903 6765572.5116),2016,2,06.00-06.59,2,0,1,0,0,0,0,0,1,218452.903,6765572.5116
tieliikenne_2016.1815,1815,POINT (210747.3559 6746744.4705),2016,9,12.00-12.59,2,9,0,0,0,0,0,1,0,210747.3559,6746744.4705
tieliikenne_2016.1816,1816,POINT (241193.5259 6716205.0316),2016,2,18.00-18.59,2,1,1,0,0,0,0,0,1,241193.5259,6716205.0316
tieliikenne_2016.1817,1817,POINT (237383.4075 6710433.2815),2016,2,07.00-07.59,2,0,3,0,0,0,0,0,0,237383.4075,6710433.2815
tieliikenne_2016.1818,1818,POINT (242410.3488 6856211.7879),2016,2,06.00-06.59,3,2,2,0,0,0,0,0,0,242410.3488,6856211.7879
tieliikenne_2016.1819,1819,POINT (219696.0394 6752534.1614),2016,2,10.00-10.59,1,8,1,0,0,0,0,0,0,219696.0394,6752534.1614
tieliikenne_2016.1820,1820,POINT (223883.2654 6830075.4642),2016,2,04.00-04.59,2,8,1,0,0,0,0,0,0,223883.2654,6830075.4642
tieliikenne_2016.1821,1821,POINT (207748.8215 6795961.244),2016,2,12.00-12.59,2,2,2,0,0,0,0,0,0,207748.8215,6795961.244
tieliikenne_2016.1822,1822,POINT (220646.953 6812005.279),2016,9,06.00-06.59,2,9,1,0,0,0,0,0,0,220646.953,6812005.279
tieliikenne_2016.1823,1823,POINT (247762.5064 6859397.0659),2016,10,20.00-20.59,2,9,2,0,0,0,0,0,0,247762.5064,6859397.0659
tieliikenne_2016.1824,1824,POINT (242916.3406 6710123.6522),2016,2,14.00-14.59,2,4,2,0,0,0,0,0,0,242916.3406,6710123.6522
tieliikenne_2016.1825,1825,POINT (219320.3263 6828763.3558),2016,2,15.00-15.59,2,4,1,0,0,1,0,0,0,219320.3263,6828763.3558
tieliikenne_2016.1826,1826,POINT (234902.2759 6715453.4182),2016,2,18.00-18.59,2,3,2,0,0,0,0,0,0,234902.2759,6715453.4182
tieliikenne_2016.1827,1827,POINT (224307.532 6834575.0036),2016,2,19.00-19.59,3,5,2,0,0,0,0,0,0,224307.532,6834575.0036
tieliikenne_2016.1828,1828,POINT (259009.6783 6740311.096),2016,2,18.00-18.59,2,4,2,0,0,0,0,0,0,259009.6783,6740311.096
tieliikenne_2016.1829,1829,POINT (239546.6184 6785457.1614),2016,3,13.00-13.59,3,5,1,0,0,0,0,0,1,239546.6184,6785457.1614
tieliikenne_2016.1830,1830,POINT (268939.6302 6790144.0595),2016,3,15.00-15.59,3,2,2,0,0,0,0,0,0,268939.6302,6790144.0595
tieliikenne_2016.1831,1831,POINT (220308.518 6827198.9025),2016,3,18.00-18.59,2,8,1,0,0,0,0,0,0,220308.518,6827198.9025
tieliikenne_2016.1832,1832,POINT (258420.5444 6860771.745),2016,1,15.00-15.59,2,8,1,0,0,0,0,0,0,258420.5444,6860771.745
tieliikenne_2016.1833,1833,POINT (284196.0655 6701485.3992),2016,3,15.00-15.59,2,5,2,0,0,0,0,0,0,284196.0655,6701485.3992
tieliikenne_2016.1834,1834,POINT (250738.5673 6759486.3116),2016,10,06.00-06.59,2,9,1,0,0,0,0,0,0,250738.5673,6759486.3116
tieliikenne_2016.1835,1835,POINT (290414.1691 6704099.6571),2016,3,10.00-10.59,2,8,1,0,0,0,0,0,0,290414.1691,6704099.6571
tieliikenne_2016.1836,1836,POINT (263406.4993 6854377.4922),2016,10,06.00-06.59,2,9,1,0,0,0,0,0,0,263406.4993,6854377.4922
tieliikenne_2016.1837,1837,POINT (291722.4336 6758579.4856),2016,10,07.00-07.59,2,9,1,0,0,0,0,0,0,291722.4336,6758579.4856
tieliikenne_2016.1838,1838,POINT (265513.9708 6800591.3658),2016,11,06.00-06.59,2,9,1,0,0,0,0,0,0,265513.9708,6800591.3658
tieliikenne_2016.1839,1839,POINT (222859.9265 6745536.531),2016,3,03.00-03.59,1,2,1,1,0,0,0,0,0,222859.9265,6745536.531
tieliikenne_2016.1840,1840,POINT (238406.3421 6809300.6276),2016,3,15.00-15.59,2,5,2,0,0,0,0,0,0,238406.3421,6809300.6276
tieliikenne_2016.1841,1841,POINT (222479.601 6846593.1237),2016,11,19.00-19.59,2,9,1,0,0,0,0,0,0,222479.601,6846593.1237
tieliikenne_2016.1842,1842,POINT (202937.3619 6789212.338),2016,3,18.00-18.59,2,9,0,0,0,0,1,0,0,202937.3619,6789212.338
tieliikenne_2016.1843,1843,POINT (271214.6952 6786467.6038),2016,12,18.00-18.59,2,9,1,0,0,0,0,0,0,271214.6952,6786467.6038
tieliikenne_2016.1844,1844,POINT (265030.2222 6720519.0619),2016,3,08.00-08.59,2,4,2,0,0,0,0,0,0,265030.2222,6720519.0619
tieliikenne_2016.1845,1845,POINT (238390.1486 6714977.5499),2016,3,11.00-11.59,2,6,0,0,1,0,0,0,1,238390.1486,6714977.5499
tieliikenne_2016.1846,1846,POINT (240380.3407 6710910.0471),2016,3,13.00-13.59,2,0,3,0,0,0,0,0,0,240380.3407,6710910.0471
tieliikenne_2016.1847,1847,POINT (241980.0075 6711950.3277),2016,3,16.00-16.59,2,5,2,0,0,0,0,0,0,241980.0075,6711950.3277
tieliikenne_2016.1848,1848,POINT (287590.3707 6701166.0457),2016,3,08.00-08.59,2,5,1,0,0,1,0,0,0,287590.3707,6701166.0457
tieliikenne_2016.1849,1849,POINT (222831.5024 6827030.3585),2016,3,18.00-18.59,2,5,2,0,0,1,0,0,0,222831.5024,6827030.3585
tieliikenne_2016.1850,1850,POINT (221681.4051 6828006.5214),2016,3,08.00-08.59,2,4,1,0,0,1,0,0,0,221681.4051,6828006.5214
tieliikenne_2016.1851,1851,POINT (239703.8096 6709512.3034),2016,3,15.00-15.59,2,4,2,0,0,0,0,0,0,239703.8096,6709512.3034
tieliikenne_2016.1852,1852,POINT (272060.6559 6741560.1259),2016,3,15.00-15.59,3,0,2,0,0,0,0,0,0,272060.6559,6741560.1259
tieliikenne_2016.1853,1853,POINT (208747.9902 6794438.8083),2016,3,16.00-16.59,2,8,1,0,0,0,0,0,0,208747.9902,6794438.8083
tieliikenne_2016.1854,1854,POINT (239869.5294 6711850.3972),2016,3,07.00-07.59,2,0,3,0,0,0,0,0,0,239869.5294,6711850.3972
tieliikenne_2016.1855,1855,POINT (285263.7711 6700711.9069),2016,3,19.00-19.59,3,4,1,0,0,0,0,0,1,285263.7711,6700711.9069
tieliikenne_2016.1856,1856,POINT (222731.1116 6828023.9634),2016,3,11.00-11.59,2,4,1,0,0,1,0,0,0,222731.1116,6828023.9634
tieliikenne_2016.1857,1857,POINT (227148.0158 6820622.945),2016,3,14.00-14.59,2,0,2,0,0,0,0,0,0,227148.0158,6820622.945
tieliikenne_2016.1858,1858,POINT (241529.3697 6710687.1083),2016,3,12.00-12.59,2,1,2,0,0,0,0,0,0,241529.3697,6710687.1083
tieliikenne_2016.1859,1859,POINT (225945.2849 6829710.5923),2016,3,14.00-14.59,2,4,2,0,0,0,0,0,0,225945.2849,6829710.5923
tieliikenne_2016.1860,1860,POINT (235999.8718 6712337.8114),2016,3,16.00-16.59,2,4,2,0,0,0,0,0,0,235999.8718,6712337.8114
tieliikenne_2016.1861,1861,POINT (219500.81 6785085.3088),2016,3,11.00-11.59,2,8,1,0,0,0,0,0,0,219500.81,6785085.3088
tieliikenne_2016.1862,1862,POINT (220445.1263 6828616.8906),2016,3,08.00-08.59,2,8,1,0,0,0,0,0,0,220445.1263,6828616.8906
tieliikenne_2016.1863,1863,POINT (255738.7695 6709256.273),2016,3,18.00-18.59,2,8,1,0,0,0,0,0,0,255738.7695,6709256.273
tieliikenne_2016.1864,1864,POINT (226331.4602 6825716.4198),2016,3,00.00-00.59,2,9,1,1,0,0,0,0,0,226331.4602,6825716.4198
tieliikenne_2016.1865,1865,POINT (279812.855 6777754.6416),2016,3,17.00-17.59,2,8,1,0,0,0,0,0,0,279812.855,6777754.6416
tieliikenne_2016.1866,1866,POINT (236136.0507 6714463.0594),2016,3,11.00-11.59,2,3,1,0,0,1,0,0,0,236136.0507,6714463.0594
tieliikenne_2016.1867,1867,POINT (237747.2462 6720214.7768),2016,3,14.00-14.59,2,0,1,0,0,0,1,0,0,237747.2462,6720214.7768
tieliikenne_2016.1868,1868,POINT (241139.8318 6711392.0115),2016,4,13.00-13.59,2,0,2,0,0,0,0,0,0,241139.8318,6711392.0115
tieliikenne_2016.1869,1869,POINT (261919.1777 6865546.3055),2016,4,02.00-02.59,2,8,1,0,0,0,0,0,0,261919.1777,6865546.3055
tieliikenne_2016.1870,1870,POINT (228944.9209 6821709.3202),2016,4,03.00-03.59,3,8,1,0,0,0,0,0,0,228944.9209,6821709.3202
tieliikenne_2016.1871,1871,POINT (221912.411 6827919.6097),2016,4,16.00-16.59,2,5,2,0,0,0,0,0,0,221912.411,6827919.6097
tieliikenne_2016.1872,1872,POINT (238693.4413 6712189.145),2016,4,09.00-09.59,2,1,1,0,0,1,0,0,0,238693.4413,6712189.145
tieliikenne_2016.1873,1873,POINT (204914.0538 6789152.0242),2016,4,09.00-09.59,2,1,1,0,0,0,1,0,0,204914.0538,6789152.0242
tieliikenne_2016.1874,1874,POINT (233454.9105 6717409.8009),2016,4,11.00-11.59,3,2,1,1,0,0,0,0,0,233454.9105,6717409.8009
tieliikenne_2016.1875,1875,POINT (250941.0567 6706795.5029),2016,4,07.00-07.59,2,1,1,0,0,1,0,0,0,250941.0567,6706795.5029
tieliikenne_2016.1876,1876,POINT (239457.5159 6709670.8448),2016,4,16.00-16.59,2,4,2,0,0,0,0,0,0,239457.5159,6709670.8448
tieliikenne_2016.1877,1877,POINT (240281.6514 6714564.0634),2016,4,20.00-20.59,2,8,1,0,0,0,0,0,0,240281.6514,6714564.0634
tieliikenne_2016.1878,1878,POINT (246336.7746 6704017.3741),2016,4,06.00-06.59,2,1,1,0,0,1,0,0,0,246336.7746,6704017.3741
tieliikenne_2016.1879,1879,POINT (205356.9942 6789855.544),2016,4,13.00-13.59,2,0,4,0,0,0,0,0,0,205356.9942,6789855.544
tieliikenne_2016.1880,1880,POINT (263893.867 6712915.1783),2016,4,00.00-00.59,2,8,1,0,0,0,0,0,0,263893.867,6712915.1783
tieliikenne_2016.1881,1881,POINT (247933.7951 6710425.2491),2016,4,08.00-08.59,2,4,1,0,0,1,0,0,0,247933.7951,6710425.2491
tieliikenne_2016.1882,1882,POINT (222672.7327 6827132.2469),2016,4,14.00-14.59,2,0,1,0,0,0,0,1,0,222672.7327,6827132.2469
tieliikenne_2016.1883,1883,POINT (223263.0156 6828392.7585),2016,4,18.00-18.59,2,0,1,0,0,0,1,0,0,223263.0156,6828392.7585
tieliikenne_2016.1884,1884,POINT (205371.0319 6788329.5649),2016,4,09.00-09.59,2,1,1,0,0,1,0,0,0,205371.0319,6788329.5649
tieliikenne_2016.1885,1885,POINT (224401.8095 6837400.2143),2016,4,16.00-16.59,2,1,1,0,0,1,0,0,0,224401.8095,6837400.2143
tieliikenne_2016.1886,1886,POINT (219022.3964 6726301.8301),2016,4,06.00-06.59,2,8,0,0,0,0,0,0,1,219022.3964,6726301.8301
tieliikenne_2016.1887,1887,POINT (222514.9021 6827690.9976),2016,4,15.00-15.59,2,1,1,0,0,0,1,0,0,222514.9021,6827690.9976
tieliikenne_2016.1888,1888,POINT (203999.4764 6789025.6713),2016,4,08.00-08.59,2,9,3,0,1,0,0,0,0,203999.4764,6789025.6713
tieliikenne_2016.1889,1889,POINT (258930.1143 6730497.7588),2016,4,08.00-08.59,3,8,1,0,0,0,0,0,0,258930.1143,6730497.7588
tieliikenne_2016.1890,1890,POINT (285938.6156 6752515.733),2016,4,15.00-15.59,2,4,1,0,0,1,0,0,0,285938.6156,6752515.733
tieliikenne_2016.1891,1891,POINT (243738.2239 6709639.5446),2016,4,19.00-19.59,2,7,1,0,1,0,0,0,0,243738.2239,6709639.5446
tieliikenne_2016.1892,1892,POINT (279642.4861 6706180.3163),2016,4,14.00-14.59,2,8,1,0,0,0,0,0,0,279642.4861,6706180.3163
tieliikenne_2016.1893,1893,POINT (279678.6842 6706164.3058),2016,4,14.00-14.59,2,8,1,0,0,0,0,0,0,279678.6842,6706164.3058
tieliikenne_2016.1894,1894,POINT (204025.0815 6791137.9164),2016,4,07.00-07.59,2,4,1,0,0,1,0,0,0,204025.0815,6791137.9164
tieliikenne_2016.1895,1895,POINT (205846.288 6789007.5768),2016,4,07.00-07.59,2,0,2,0,0,0,0,0,0,205846.288,6789007.5768
tieliikenne_2016.1896,1896,POINT (224824.3606 6827339.1741),2016,4,10.00-10.59,2,4,2,0,0,0,0,0,0,224824.3606,6827339.1741
tieliikenne_2016.1897,1897,POINT (309498.3364 6705812.9338),2016,4,18.00-18.59,2,8,1,0,0,0,0,0,0,309498.3364,6705812.9338
tieliikenne_2016.1898,1898,POINT (204085.661 6784784.7658),2016,4,20.00-20.59,2,8,1,0,0,0,0,0,0,204085.661,6784784.7658
tieliikenne_2016.1899,1899,POINT (245934.1216 6705746.6252),2016,4,20.00-20.59,2,4,2,0,0,0,0,0,0,245934.1216,6705746.6252
tieliikenne_2016.1900,1900,POINT (205180.2639 6789580.4268),2016,4,07.00-07.59,2,7,1,0,1,0,0,0,0,205180.2639,6789580.4268
tieliikenne_2016.1901,1901,POINT (213335.4059 6836957.7223),2016,4,08.00-08.59,2,4,1,0,0,0,1,0,0,213335.4059,6836957.7223
tieliikenne_2016.1902,1902,POINT (240712.0236 6710249.6723),2016,4,16.00-16.59,2,0,5,0,0,0,0,0,0,240712.0236,6710249.6723
tieliikenne_2016.1903,1903,POINT (214693.0396 6833923.1456),2016,4,00.00-00.59,2,8,1,0,0,0,0,0,0,214693.0396,6833923.1456
tieliikenne_2016.1904,1904,POINT (236196.4796 6823737.5984),2016,4,02.00-02.59,2,8,1,0,0,0,0,0,0,236196.4796,6823737.5984
tieliikenne_2016.1905,1905,POINT (257351.7484 6861288.6443),2016,4,11.00-11.59,2,6,1,0,1,0,0,0,0,257351.7484,6861288.6443
tieliikenne_2016.1906,1906,POINT (203539.5252 6728802.8304),2016,4,11.00-11.59,2,1,2,0,0,0,0,0,0,203539.5252,6728802.8304
tieliikenne_2016.1907,1907,POINT (280126.7571 6742635.7773),2016,4,17.00-17.59,2,8,1,0,0,0,0,0,0,280126.7571,6742635.7773
tieliikenne_2016.1908,1908,POINT (222862.8893 6827469.6595),2016,5,15.00-15.59,2,4,1,0,0,0,1,0,0,222862.8893,6827469.6595
tieliikenne_2016.1909,1909,POINT (309653.8389 6725523.6162),2016,5,16.00-16.59,2,3,1,0,0,0,0,1,0,309653.8389,6725523.6162
tieliikenne_2016.1910,1910,POINT (220893.5328 6827334.1223),2016,5,17.00-17.59,2,3,1,0,0,0,1,0,0,220893.5328,6827334.1223
tieliikenne_2016.1911,1911,POINT (241434.4429 6711338.9011),2016,5,20.00-20.59,2,7,1,0,1,0,0,0,0,241434.4429,6711338.9011
tieliikenne_2016.1912,1912,POINT (212491.0542 6760583.1591),2016,5,16.00-16.59,2,4,1,0,0,0,0,1,0,212491.0542,6760583.1591
tieliikenne_2016.1913,1913,POINT (258392.9496 6729110.0184),2016,5,20.00-20.59,3,1,2,0,0,0,0,0,0,258392.9496,6729110.0184
tieliikenne_2016.1914,1914,POINT (220735.0581 6828570.3054),2016,5,09.00-09.59,2,4,1,0,0,0,1,0,0,220735.0581,6828570.3054
tieliikenne_2016.1915,1915,POINT (285573.7872 6752989.5453),2016,5,16.00-16.59,2,4,1,0,0,1,0,0,0,285573.7872,6752989.5453
tieliikenne_2016.1916,1916,POINT (250510.1391 6720058.9685),2016,5,17.00-17.59,2,2,1,0,0,0,0,2,0,250510.1391,6720058.9685
tieliikenne_2016.1917,1917,POINT (239135.3328 6712576.8236),2016,5,12.00-12.59,2,0,3,0,0,0,0,0,0,239135.3328,6712576.8236
tieliikenne_2016.1918,1918,POINT (268516.0979 6789854.6693),2016,5,17.00-17.59,2,4,1,0,0,1,0,0,0,268516.0979,6789854.6693
tieliikenne_2016.1919,1919,POINT (203174.6789 6783023.1774),2016,5,00.00-00.59,2,8,1,0,0,0,0,0,0,203174.6789,6783023.1774
tieliikenne_2016.1920,1920,POINT (222994.8811 6827453.5731),2016,5,19.00-19.59,2,1,1,0,0,1,0,0,0,222994.8811,6827453.5731
tieliikenne_2016.1921,1921,POINT (305083.9057 6688162.9452),2016,5,13.00-13.59,3,0,1,0,0,0,0,1,0,305083.9057,6688162.9452
tieliikenne_2016.1922,1922,POINT (223493.0187 6828482.3437),2016,5,13.00-13.59,3,0,1,0,0,0,0,1,0,223493.0187,6828482.3437
tieliikenne_2016.1923,1923,POINT (246381.8231 6713834.2441),2016,5,14.00-14.59,2,4,2,1,0,0,0,0,0,246381.8231,6713834.2441
tieliikenne_2016.1924,1924,POINT (246545.0484 6798323.2393),2016,5,14.00-14.59,2,8,1,0,0,0,0,0,0,246545.0484,6798323.2393
tieliikenne_2016.1925,1925,POINT (210664.2429 6871189.235),2016,5,17.00-17.59,2,4,1,0,0,1,0,0,0,210664.2429,6871189.235
tieliikenne_2016.1926,1926,POINT (242464.3685 6721660.1486),2016,5,19.00-19.59,2,4,1,0,0,1,0,0,0,242464.3685,6721660.1486
tieliikenne_2016.1927,1927,POINT (274303.9242 6744280.2367),2016,5,06.00-06.59,2,8,1,0,0,0,0,0,0,274303.9242,6744280.2367
tieliikenne_2016.1928,1928,POINT (205172.0147 6790013.4954),2016,5,11.00-11.59,2,3,1,0,0,0,1,0,0,205172.0147,6790013.4954
tieliikenne_2016.1929,1929,POINT (192462.5423 6753256.5074),2016,5,17.00-17.59,2,8,0,0,0,0,1,0,0,192462.5423,6753256.5074
tieliikenne_2016.1930,1930,POINT (218584.6589 6830293.7268),2016,5,06.00-06.59,2,8,1,0,0,0,0,0,0,218584.6589,6830293.7268
tieliikenne_2016.1931,1931,POINT (223387.8767 6829061.5301),2016,5,14.00-14.59,2,4,1,0,0,0,0,1,0,223387.8767,6829061.5301
tieliikenne_2016.1932,1932,POINT (239663.1372 6711678.6409),2016,5,18.00-18.59,2,0,2,0,0,0,0,0,0,239663.1372,6711678.6409
tieliikenne_2016.1933,1933,POINT (241144.2588 6710733.1383),2016,5,19.00-19.59,2,0,1,0,0,0,0,1,0,241144.2588,6710733.1383
tieliikenne_2016.1934,1934,POINT (237336.327 6778840.752),2016,5,07.00-07.59,2,0,2,0,0,0,0,0,0,237336.327,6778840.752
tieliikenne_2016.1935,1935,POINT (230892.9345 6713181.6773),2016,5,16.00-16.59,2,0,2,0,0,0,0,0,0,230892.9345,6713181.6773
tieliikenne_2016.1936,1936,POINT (239752.838 6711226.7151),2016,5,16.00-16.59,2,9,2,0,0,0,0,0,0,239752.838,6711226.7151
tieliikenne_2016.1937,1937,POINT (240995.0684 6709404.8552),2016,5,12.00-12.59,2,1,2,0,0,0,0,0,0,240995.0684,6709404.8552
tieliikenne_2016.1938,1938,POINT (224482.0955 6836978.263),2016,5,09.00-09.59,2,1,0,1,0,0,0,0,1,224482.0955,6836978.263
tieliikenne_2016.1939,1939,POINT (250941.2187 6706829.0692),2016,5,15.00-15.59,2,5,1,0,0,0,1,0,0,250941.2187,6706829.0692
tieliikenne_2016.1940,1940,POINT (230982.557 6764811.4785),2016,5,15.00-15.59,2,8,0,1,0,0,0,0,0,230982.557,6764811.4785
tieliikenne_2016.1941,1941,POINT (262438.7577 6790619.6265),2016,5,19.00-19.59,3,3,1,0,0,0,0,1,0,262438.7577,6790619.6265
tieliikenne_2016.1942,1942,POINT (239201.3996 6710105.252),2016,5,09.00-09.59,2,0,2,0,0,0,0,0,0,239201.3996,6710105.252
tieliikenne_2016.1943,1943,POINT (292150.0256 6732556.9169),2016,5,19.00-19.59,1,2,1,0,0,0,0,0,1,292150.0256,6732556.9169
tieliikenne_2016.1944,1944,POINT (222959.5025 6827803.9585),2016,5,10.00-10.59,2,0,2,0,0,0,0,0,0,222959.5025,6827803.9585
tieliikenne_2016.1945,1945,POINT (223719.1005 6832135.9043),2016,5,11.00-11.59,2,0,1,0,0,0,0,0,1,223719.1005,6832135.9043
tieliikenne_2016.1946,1946,POINT (220430.1531 6858999.5999),2016,5,15.00-15.59,2,8,1,0,0,0,0,0,0,220430.1531,6858999.5999
tieliikenne_2016.1947,1947,POINT (205834.3966 6789838.2634),2016,5,18.00-18.59,2,0,1,0,0,0,1,0,0,205834.3966,6789838.2634
tieliikenne_2016.1948,1948,POINT (219583.9935 6861055.7451),2016,5,23.00-23.59,2,8,1,0,0,0,0,0,0,219583.9935,6861055.7451
tieliikenne_2016.1949,1949,POINT (244179.7499 6706204.0097),2016,5,11.00-11.59,2,2,1,0,0,0,1,0,0,244179.7499,6706204.0097
tieliikenne_2016.1950,1950,POINT (286317.0884 6701742.7829),2016,5,18.00-18.59,2,9,2,0,0,0,0,0,0,286317.0884,6701742.7829
tieliikenne_2016.1951,1951,POINT (205118.4482 6788931.6996),2016,5,14.00-14.59,2,0,1,0,0,0,0,0,1,205118.4482,6788931.6996
tieliikenne_2016.1952,1952,POINT (232267.9822 6723580.9915),2016,5,20.00-20.59,2,0,0,0,0,2,0,0,0,232267.9822,6723580.9915
tieliikenne_2016.1953,1953,POINT (226572.5566 6738109.6844),2016,5,18.00-18.59,2,5,1,0,0,0,0,1,0,226572.5566,6738109.6844
tieliikenne_2016.1954,1954,POINT (204962.1375 6789293.2139),2016,5,09.00-09.59,2,0,1,0,0,0,1,0,0,204962.1375,6789293.2139
tieliikenne_2016.1955,1955,POINT (205672.0231 6755364.0006),2016,5,16.00-16.59,2,1,1,0,0,1,0,0,0,205672.0231,6755364.0006
tieliikenne_2016.1956,1956,POINT (222370.4951 6829042.5615),2016,5,20.00-20.59,2,1,0,0,0,0,2,0,0,222370.4951,6829042.5615
tieliikenne_2016.1957,1957,POINT (232681.7725 6729848.3223),2016,5,21.00-21.59,2,8,1,0,0,0,0,0,0,232681.7725,6729848.3223
tieliikenne_2016.1958,1958,POINT (212564.8822 6849304.9883),2016,5,00.00-00.59,3,8,1,0,0,0,0,0,0,212564.8822,6849304.9883
tieliikenne_2016.1959,1959,POINT (222885.793 6829226.4346),2016,5,10.00-10.59,2,2,0,0,0,2,0,0,0,222885.793,6829226.4346
tieliikenne_2016.1960,1960,POINT (235273.1131 6791590.9424),2016,5,13.00-13.59,1,8,1,0,0,0,0,0,0,235273.1131,6791590.9424
tieliikenne_2016.1961,1961,POINT (226708.1899 6821277.8889),2016,5,19.00-19.59,2,7,0,0,1,0,1,0,0,226708.1899,6821277.8889
tieliikenne_2016.1962,1962,POINT (222841.6941 6725540.0965),2016,5,03.00-03.59,2,8,1,0,0,0,0,0,0,222841.6941,6725540.0965
tieliikenne_2016.1963,1963,POINT (244840.0177 6710618.7147),2016,5,13.00-13.59,2,8,1,0,0,0,0,0,0,244840.0177,6710618.7147
tieliikenne_2016.1964,1964,POINT (257932.6417 6741296.647),2016,5,19.00-19.59,2,8,0,0,0,0,1,0,0,257932.6417,6741296.647
tieliikenne_2016.1965,1965,POINT (237174.1779 6710683.1317),2016,5,19.00-19.59,2,4,1,0,0,1,0,0,0,237174.1779,6710683.1317
tieliikenne_2016.1966,1966,POINT (224545.8438 6836363.7408),2016,5,03.00-03.59,2,8,1,0,0,0,0,0,0,224545.8438,6836363.7408
tieliikenne_2016.1967,1967,POINT (241598.7791 6788296.8016),2016,5,10.00-10.59,3,5,1,0,0,0,1,0,0,241598.7791,6788296.8016
tieliikenne_2016.1968,1968,POINT (264832.9272 6705956.7472),2016,5,11.00-11.59,2,4,2,0,0,0,0,0,0,264832.9272,6705956.7472
tieliikenne_2016.1969,1969,POINT (269551.4835 6790285.6406),2016,5,12.00-12.59,2,3,1,0,0,1,0,0,0,269551.4835,6790285.6406
tieliikenne_2016.1970,1970,POINT (198032.1881 6752325.4742),2016,5,20.00-20.59,2,9,1,1,0,0,0,0,0,198032.1881,6752325.4742
tieliikenne_2016.1971,1971,POINT (287040.0386 6700703.0726),2016,5,16.00-16.59,2,6,0,0,1,0,0,0,1,287040.0386,6700703.0726
tieliikenne_2016.1972,1972,POINT (220622.0124 6828260.214),2016,5,07.00-07.59,2,2,0,0,0,2,0,0,0,220622.0124,6828260.214
tieliikenne_2016.1973,1973,POINT (233522.2049 6714468.0353),2016,5,08.00-08.59,1,4,1,0,0,1,0,0,0,233522.2049,6714468.0353
tieliikenne_2016.1974,1974,POINT (239849.1756 6710630.0501),2016,5,12.00-12.59,2,7,1,0,1,0,0,0,0,239849.1756,6710630.0501
tieliikenne_2016.1975,1975,POINT (223185.4412 6828080.286),2016,5,18.00-18.59,2,4,1,0,0,1,0,0,0,223185.4412,6828080.286
tieliikenne_2016.1976,1976,POINT (239410.4851 6712443.1171),2016,5,11.00-11.59,2,0,1,0,0,0,0,1,0,239410.4851,6712443.1171
tieliikenne_2016.1977,1977,POINT (229720.5501 6838361.3264),2016,5,16.00-16.59,2,8,1,0,0,0,0,0,0,229720.5501,6838361.3264
tieliikenne_2016.1978,1978,POINT (239981.5082 6710845.1257),2016,5,10.00-10.59,2,9,1,0,0,1,0,0,0,239981.5082,6710845.1257
tieliikenne_2016.1979,1979,POINT (208873.3671 6765436.6906),2016,5,10.00-10.59,2,8,0,0,0,0,1,0,0,208873.3671,6765436.6906
tieliikenne_2016.1980,1980,POINT (206250.2975 6789805.3923),2016,5,14.00-14.59,2,4,0,0,0,1,1,0,0,206250.2975,6789805.3923
tieliikenne_2016.1981,1981,POINT (243477.9556 6712137.1005),2016,5,18.00-18.59,2,5,2,0,0,0,0,0,0,243477.9556,6712137.1005
tieliikenne_2016.1982,1982,POINT (254123.752 6671151.259),2016,5,11.00-11.59,1,5,1,0,0,1,0,0,0,254123.752,6671151.259
tieliikenne_2016.1983,1983,POINT (282133.8449 6750201.0411),2016,5,17.00-17.59,2,8,0,0,0,0,1,0,0,282133.8449,6750201.0411
tieliikenne_2016.1984,1984,POINT (204227.9898 6787542.0023),2016,5,22.00-22.59,2,8,0,0,0,0,1,0,0,204227.9898,6787542.0023
tieliikenne_2016.1985,1985,POINT (223078.0776 6826596.4272),2016,6,12.00-12.59,2,9,1,0,0,0,1,0,0,223078.0776,6826596.4272
tieliikenne_2016.1986,1986,POINT (262686.1311 6710299.4307),2016,6,15.00-15.59,2,4,1,0,0,0,1,0,0,262686.1311,6710299.4307
tieliikenne_2016.1987,1987,POINT (224171.3931 6826438.0176),2016,6,12.00-12.59,2,4,1,0,0,1,0,0,0,224171.3931,6826438.0176
tieliikenne_2016.1988,1988,POINT (212898.0677 6761010.3362),2016,6,13.00-13.59,2,9,0,0,0,0,0,0,1,212898.0677,6761010.3362
tieliikenne_2016.1989,1989,POINT (226362.5485 6737652.5763),2016,6,19.00-19.59,2,9,1,0,0,0,1,0,0,226362.5485,6737652.5763
tieliikenne_2016.1990,1990,POINT (210306.152 6731321.7518),2016,5,22.00-22.59,2,8,1,0,0,0,0,0,0,210306.152,6731321.7518
tieliikenne_2016.1991,1991,POINT (237311.3252 6715972.6821),2016,6,08.00-08.59,3,9,0,0,0,0,0,1,0,237311.3252,6715972.6821
tieliikenne_2016.1992,1992,POINT (223561.3108 6827427.3776),2016,6,10.00-10.59,2,4,1,0,0,0,1,0,0,223561.3108,6827427.3776
tieliikenne_2016.1993,1993,POINT (204178.883 6790496.871),2016,6,15.00-15.59,2,5,1,0,0,0,1,0,0,204178.883,6790496.871
tieliikenne_2016.1994,1994,POINT (207424.0676 6729282.9963),2016,6,14.00-14.59,2,8,1,0,0,0,0,0,0,207424.0676,6729282.9963
tieliikenne_2016.1995,1995,POINT (296272.2873 6760866.1573),2016,6,17.00-17.59,2,0,1,0,0,0,0,1,0,296272.2873,6760866.1573
tieliikenne_2016.1996,1996,POINT (243634.1684 6780649.9633),2016,6,20.00-20.59,2,8,0,0,0,0,0,1,0,243634.1684,6780649.9633
tieliikenne_2016.1997,1997,POINT (253909.2773 6709566.9683),2016,6,10.00-10.59,3,0,2,0,0,0,0,0,0,253909.2773,6709566.9683
tieliikenne_2016.1998,1998,POINT (214425.1228 6758704.0006),2016,6,15.00-15.59,2,8,1,0,0,0,0,0,0,214425.1228,6758704.0006
tieliikenne_2016.1999,1999,POINT (236846.0164 6715923.0218),2016,6,06.00-06.59,2,2,0,0,0,1,1,0,0,236846.0164,6715923.0218
tieliikenne_2016.2000,2000,POINT (239166.5262 6710464.1067),2016,6,13.00-13.59,2,1,1,0,0,1,0,0,0,239166.5262,6710464.1067
tieliikenne_2016.2001,2001,POINT (244194.6766 6706223.0124),2016,6,14.00-14.59,2,1,1,0,0,0,1,0,0,244194.6766,6706223.0124
tieliikenne_2016.2002,2002,POINT (250930.6153 6706796.7011),2016,6,15.00-15.59,2,4,1,0,0,0,1,0,0,250930.6153,6706796.7011
tieliikenne_2016.2003,2003,POINT (239178.7073 6710143.5684),2016,6,07.00-07.59,2,2,1,0,0,1,0,0,0,239178.7073,6710143.5684
tieliikenne_2016.2004,2004,POINT (241027.165 6713325.9622),2016,6,16.00-16.59,2,0,3,0,0,0,0,0,0,241027.165,6713325.9622
tieliikenne_2016.2005,2005,POINT (245843.0555 6709566.5299),2016,6,13.00-13.59,2,1,1,0,0,1,0,0,0,245843.0555,6709566.5299
tieliikenne_2016.2006,2006,POINT (249355.2039 6715762.4837),2016,6,20.00-20.59,2,8,1,0,0,0,0,0,0,249355.2039,6715762.4837
tieliikenne_2016.2007,2007,POINT (224860.1754 6826540.539),2016,6,12.00-12.59,2,4,1,0,0,1,0,0,0,224860.1754,6826540.539
tieliikenne_2016.2008,2008,POINT (234291.6649 6847632.1839),2016,6,11.00-11.59,2,3,1,0,0,0,1,0,0,234291.6649,6847632.1839
tieliikenne_2016.2009,2009,POINT (241637.9575 6708447.0023),2016,6,15.00-15.59,2,8,1,0,0,0,0,0,0,241637.9575,6708447.0023
tieliikenne_2016.2010,2010,POINT (241167.216 6694947.2424),2016,6,20.00-20.59,2,5,1,0,0,0,1,0,0,241167.216,6694947.2424
tieliikenne_2016.2011,2011,POINT (213489.08 6735723.3032),2016,6,00.00-00.59,2,8,0,0,0,0,0,1,0,213489.08,6735723.3032
tieliikenne_2016.2012,2012,POINT (230837.9069 6715587.4473),2016,6,10.00-10.59,2,2,2,0,0,0,0,0,0,230837.9069,6715587.4473
tieliikenne_2016.2013,2013,POINT (240081.1426 6712455.4305),2016,6,15.00-15.59,2,3,1,0,0,0,0,1,0,240081.1426,6712455.4305
tieliikenne_2016.2014,2014,POINT (243097.9497 6708483.6936),2016,6,16.00-16.59,2,4,1,0,0,1,0,0,0,243097.9497,6708483.6936
tieliikenne_2016.2015,2015,POINT (242842.4632 6709227.5552),2016,6,10.00-10.59,2,5,1,0,0,1,0,0,0,242842.4632,6709227.5552
tieliikenne_2016.2016,2016,POINT (234634.0073 6712524.3722),2016,6,12.00-12.59,2,8,1,0,0,0,0,0,0,234634.0073,6712524.3722
tieliikenne_2016.2017,2017,POINT (240029.3374 6787508.6234),2016,6,15.00-15.59,3,4,1,0,0,1,0,0,0,240029.3374,6787508.6234
tieliikenne_2016.2018,2018,POINT (241532.5041 6710729.0506),2016,6,19.00-19.59,2,3,2,0,0,0,0,0,0,241532.5041,6710729.0506
tieliikenne_2016.2019,2019,POINT (256421.5979 6861974.0601),2016,6,00.00-00.59,2,4,2,0,0,0,0,0,0,256421.5979,6861974.0601
tieliikenne_2016.2020,2020,POINT (274008.1885 6718348.0735),2016,6,13.00-13.59,2,1,2,0,0,0,0,0,0,274008.1885,6718348.0735
tieliikenne_2016.2021,2021,POINT (294429.6563 6709893.1065),2016,6,13.00-13.59,3,0,1,0,0,0,1,0,0,294429.6563,6709893.1065
tieliikenne_2016.2022,2022,POINT (207946.3784 6730329.3137),2016,6,14.00-14.59,2,8,1,0,0,0,0,0,0,207946.3784,6730329.3137
tieliikenne_2016.2023,2023,POINT (248067.4288 6801935.5487),2016,6,15.00-15.59,2,8,1,0,0,0,0,0,0,248067.4288,6801935.5487
tieliikenne_2016.2024,2024,POINT (256496.374 6862078.2647),2016,6,20.00-20.59,2,3,1,0,0,0,1,0,0,256496.374,6862078.2647
tieliikenne_2016.2025,2025,POINT (203904.7003 6789484.4747),2016,6,17.00-17.59,2,0,2,0,0,0,0,0,0,203904.7003,6789484.4747
tieliikenne_2016.2026,2026,POINT (317024.7158 6731335.9838),2016,6,18.00-18.59,2,8,1,0,0,0,0,0,0,317024.7158,6731335.9838
tieliikenne_2016.2027,2027,POINT (243290.5536 6708639.3224),2016,6,20.00-20.59,2,3,2,0,0,0,0,0,0,243290.5536,6708639.3224
tieliikenne_2016.2028,2028,POINT (231775.87 6815502.1195),2016,6,14.00-14.59,2,1,1,0,0,0,1,0,0,231775.87,6815502.1195
tieliikenne_2016.2029,2029,POINT (240804.2202 6715358.1248),2016,6,11.00-11.59,2,5,2,0,0,0,0,0,0,240804.2202,6715358.1248
tieliikenne_2016.2030,2030,POINT (237234.2111 6805002.3779),2016,6,18.00-18.59,2,0,0,0,0,0,1,1,0,237234.2111,6805002.3779
tieliikenne_2016.2031,2031,POINT (184337.208 6722004.9007),2016,6,07.00-07.59,2,8,1,0,0,0,0,0,0,184337.208,6722004.9007
tieliikenne_2016.2032,2032,POINT (242990.9888 6710206.3727),2016,6,08.00-08.59,2,0,2,0,0,0,0,0,0,242990.9888,6710206.3727
tieliikenne_2016.2033,2033,POINT (241065.4889 6711784.6341),2016,6,14.00-14.59,2,6,1,0,1,0,0,0,0,241065.4889,6711784.6341
tieliikenne_2016.2034,2034,POINT (242390.2758 6708669.3603),2016,6,15.00-15.59,2,4,1,0,0,1,0,0,0,242390.2758,6708669.3603
tieliikenne_2016.2035,2035,POINT (243604.2433 6708780.7737),2016,6,23.00-23.59,2,4,2,0,0,0,0,0,0,243604.2433,6708780.7737
tieliikenne_2016.2036,2036,POINT (196853.5195 6753867.1362),2016,6,12.00-12.59,2,4,1,0,0,1,0,0,0,196853.5195,6753867.1362
tieliikenne_2016.2037,2037,POINT (241321.0158 6804765.9161),2016,6,17.00-17.59,3,8,1,0,0,0,0,0,0,241321.0158,6804765.9161
tieliikenne_2016.2038,2038,POINT (237811.5687 6719727.385),2016,6,17.00-17.59,2,2,2,0,0,0,0,0,0,237811.5687,6719727.385
tieliikenne_2016.2039,2039,POINT (226447.2084 6771405.458),2016,6,06.00-06.59,1,2,2,0,0,0,0,0,0,226447.2084,6771405.458
tieliikenne_2016.2040,2040,POINT (221810.3933 6831089.9987),2016,6,16.00-16.59,2,0,2,0,0,0,0,0,0,221810.3933,6831089.9987
tieliikenne_2016.2041,2041,POINT (266018.3497 6676577.7681),2016,6,18.00-18.59,2,9,0,0,0,0,0,1,0,266018.3497,6676577.7681
tieliikenne_2016.2042,2042,POINT (234179.1942 6711185.6253),2016,6,00.00-00.59,2,9,0,0,0,0,0,1,0,234179.1942,6711185.6253
tieliikenne_2016.2043,2043,POINT (250858.7988 6760070.8682),2016,6,18.00-18.59,2,0,0,0,0,1,0,1,0,250858.7988,6760070.8682
tieliikenne_2016.2044,2044,POINT (240636.5029 6716137.8445),2016,6,14.00-14.59,2,8,2,0,0,0,0,0,0,240636.5029,6716137.8445
tieliikenne_2016.2045,2045,POINT (237495.1104 6710779.8981),2016,6,14.00-14.59,2,9,1,0,1,0,0,0,0,237495.1104,6710779.8981
tieliikenne_2016.2046,2046,POINT (300852.7093 6682106.6894),2016,6,17.00-17.59,2,2,0,0,0,0,1,1,0,300852.7093,6682106.6894
tieliikenne_2016.2047,2047,POINT (267548.9063 6789082.1234),2016,6,22.00-22.59,3,8,0,0,0,0,1,0,0,267548.9063,6789082.1234
tieliikenne_2016.2048,2048,POINT (222061.9009 6827235.1307),2016,6,09.00-09.59,2,0,2,0,0,0,0,0,0,222061.9009,6827235.1307
tieliikenne_2016.2049,2049,POINT (241165.2162 6694948.8736),2016,6,11.00-11.59,2,6,0,1,1,0,0,0,0,241165.2162,6694948.8736
tieliikenne_2016.2050,2050,POINT (256584.7115 6730411.6299),2016,6,16.00-16.59,3,8,1,0,0,0,0,0,0,256584.7115,6730411.6299
tieliikenne_2016.2051,2051,POINT (244191.3299 6713559.3584),2016,6,16.00-16.59,3,0,2,0,0,0,0,0,0,244191.3299,6713559.3584
tieliikenne_2016.2052,2052,POINT (266335.8528 6737044.9621),2016,6,10.00-10.59,1,2,1,1,0,0,0,0,0,266335.8528,6737044.9621
tieliikenne_2016.2053,2053,POINT (241083.4776 6711657.7216),2016,6,16.00-16.59,2,8,1,0,0,0,0,0,0,241083.4776,6711657.7216
tieliikenne_2016.2054,2054,POINT (214125.4299 6815401.9571),2016,6,20.00-20.59,2,5,1,1,0,0,0,0,0,214125.4299,6815401.9571
tieliikenne_2016.2055,2055,POINT (196523.3742 6754426.2058),2016,6,08.00-08.59,2,4,1,0,0,1,0,0,0,196523.3742,6754426.2058
tieliikenne_2016.2056,2056,POINT (234520.3086 6714635.5263),2016,6,17.00-17.59,2,4,1,0,0,1,0,0,0,234520.3086,6714635.5263
tieliikenne_2016.2057,2057,POINT (233537.5767 6715336.0796),2016,6,16.00-16.59,2,0,2,0,0,0,0,0,0,233537.5767,6715336.0796
tieliikenne_2016.2058,2058,POINT (291208.8526 6748053.8654),2016,6,15.00-15.59,2,4,1,1,0,0,0,0,0,291208.8526,6748053.8654
tieliikenne_2016.2059,2059,POINT (203041.5426 6750484.74),2016,7,04.00-04.59,3,8,0,0,0,0,0,1,0,203041.5426,6750484.74
tieliikenne_2016.2060,2060,POINT (214451.6984 6790406.0114),2016,7,15.00-15.59,2,8,1,0,0,0,0,0,0,214451.6984,6790406.0114
tieliikenne_2016.2061,2061,POINT (266473.8122 6715105.9328),2016,7,02.00-02.59,2,8,1,0,0,0,0,0,0,266473.8122,6715105.9328
tieliikenne_2016.2062,2062,POINT (220866.4031 6826470.9365),2016,7,15.00-15.59,2,0,1,0,0,1,0,0,0,220866.4031,6826470.9365
tieliikenne_2016.2063,2063,POINT (203211.3974 6786925.0424),2016,7,21.00-21.59,2,5,0,0,0,0,0,1,1,203211.3974,6786925.0424
tieliikenne_2016.2064,2064,POINT (238999.9649 6709653.9794),2016,7,03.00-03.59,2,4,2,0,0,0,0,0,0,238999.9649,6709653.9794
tieliikenne_2016.2065,2065,POINT (275834.5446 6733969.418),2016,7,11.00-11.59,2,2,2,0,0,0,0,0,0,275834.5446,6733969.418
tieliikenne_2016.2066,2066,POINT (216542.4378 6800099.1005),2016,7,17.00-17.59,3,2,2,1,0,0,0,0,0,216542.4378,6800099.1005
tieliikenne_2016.2067,2067,POINT (230059.0114 6799133.1908),2016,7,10.00-10.59,2,8,1,0,0,0,0,0,0,230059.0114,6799133.1908
tieliikenne_2016.2068,2068,POINT (239401.3579 6710606.3716),2016,7,18.00-18.59,2,4,1,0,0,1,0,0,0,239401.3579,6710606.3716
tieliikenne_2016.2069,2069,POINT (240684.3751 6710463.115),2016,6,13.00-13.59,2,3,1,0,0,1,0,0,0,240684.3751,6710463.115
tieliikenne_2016.2070,2070,POINT (199476.2764 6753476.6959),2016,7,16.00-16.59,2,1,1,1,0,0,0,0,0,199476.2764,6753476.6959
tieliikenne_2016.2071,2071,POINT (224996.7457 6724852.8267),2016,7,12.00-12.59,2,4,1,0,0,1,0,0,0,224996.7457,6724852.8267
tieliikenne_2016.2072,2072,POINT (290519.7218 6717971.2095),2016,7,23.00-23.59,2,8,1,0,0,0,0,0,0,290519.7218,6717971.2095
tieliikenne_2016.2073,2073,POINT (212723.8084 6814840.3526),2016,7,12.00-12.59,2,3,1,0,0,1,0,0,0,212723.8084,6814840.3526
tieliikenne_2016.2074,2074,POINT (257364.5686 6860906.9514),2016,7,14.00-14.59,2,3,1,0,0,1,0,0,0,257364.5686,6860906.9514
tieliikenne_2016.2075,2075,POINT (245130.3242 6781082.0377),2016,7,18.00-18.59,3,8,0,0,0,0,1,0,0,245130.3242,6781082.0377
tieliikenne_2016.2076,2076,POINT (214116.2581 6815366.43),2016,7,14.00-14.59,2,5,2,0,0,0,0,0,0,214116.2581,6815366.43
tieliikenne_2016.2077,2077,POINT (291213.6166 6758297.2643),2016,7,16.00-16.59,2,1,2,0,0,0,0,0,0,291213.6166,6758297.2643
tieliikenne_2016.2078,2078,POINT (238782.0069 6710033.5772),2016,7,23.00-23.59,2,5,1,0,0,0,1,0,0,238782.0069,6710033.5772
tieliikenne_2016.2079,2079,POINT (205837.2629 6789726.813),2016,7,10.00-10.59,2,0,2,0,0,0,0,0,0,205837.2629,6789726.813
tieliikenne_2016.2080,2080,POINT (256728.1444 6730879.3208),2016,7,12.00-12.59,2,0,2,0,0,0,0,0,0,256728.1444,6730879.3208
tieliikenne_2016.2081,2081,POINT (265726.9289 6774929.7016),2016,7,16.00-16.59,2,1,2,0,0,0,0,0,0,265726.9289,6774929.7016
tieliikenne_2016.2082,2082,POINT (279522.3455 6728774.4249),2016,7,17.00-17.59,2,0,2,0,0,0,0,0,0,279522.3455,6728774.4249
tieliikenne_2016.2083,2083,POINT (249521.9992 6824053.5949),2016,7,17.00-17.59,2,8,0,1,0,0,0,0,0,249521.9992,6824053.5949
tieliikenne_2016.2084,2084,POINT (231556.4237 6814737.336),2016,7,07.00-07.59,1,0,3,1,0,0,0,0,0,231556.4237,6814737.336
tieliikenne_2016.2085,2085,POINT (285189.4977 6680576.12),2016,7,06.00-06.59,2,6,1,0,1,0,0,0,0,285189.4977,6680576.12
tieliikenne_2016.2086,2086,POINT (222901.1038 6828211.2023),2016,7,19.00-19.59,2,7,1,0,1,0,0,0,0,222901.1038,6828211.2023
tieliikenne_2016.2087,2087,POINT (237952.5103 6721221.7538),2016,7,19.00-19.59,2,0,0,0,0,0,2,0,0,237952.5103,6721221.7538
tieliikenne_2016.2088,2088,POINT (223365.4358 6827412.1666),2016,7,14.00-14.59,2,9,0,0,0,0,1,0,0,223365.4358,6827412.1666
tieliikenne_2016.2089,2089,POINT (257774.5301 6770264.4717),2016,7,16.00-16.59,3,8,0,1,0,0,0,0,0,257774.5301,6770264.4717
tieliikenne_2016.2090,2090,POINT (215966.3863 6734785.322),2016,7,16.00-16.59,2,5,2,0,0,0,0,0,0,215966.3863,6734785.322
tieliikenne_2016.2091,2091,POINT (204481.8174 6787457.9611),2016,7,21.00-21.59,2,8,1,0,0,0,0,0,0,204481.8174,6787457.9611
tieliikenne_2016.2092,2092,POINT (268842.576 6860378.5701),2016,7,04.00-04.59,2,8,1,0,0,0,0,0,0,268842.576,6860378.5701
tieliikenne_2016.2093,2093,POINT (223880.9709 6825122.4086),2016,7,18.00-18.59,2,8,0,0,0,0,1,0,0,223880.9709,6825122.4086
tieliikenne_2016.2094,2094,POINT (240866.5325 6711177.2444),2016,7,07.00-07.59,2,1,0,0,0,2,0,0,0,240866.5325,6711177.2444
tieliikenne_2016.2095,2095,POINT (205413.4088 6787448.7493),2016,7,11.00-11.59,2,4,1,0,0,1,0,0,0,205413.4088,6787448.7493
tieliikenne_2016.2096,2096,POINT (238143.4726 6713591.988),2016,7,16.00-16.59,2,5,2,0,0,0,0,1,0,238143.4726,6713591.988
tieliikenne_2016.2097,2097,POINT (230312.5067 6731028.933),2016,7,12.00-12.59,2,2,0,0,0,2,0,0,0,230312.5067,6731028.933
tieliikenne_2016.2098,2098,POINT (234889.3764 6798349.884),2016,7,12.00-12.59,2,1,2,0,0,0,0,0,0,234889.3764,6798349.884
tieliikenne_2016.2099,2099,POINT (222918.3901 6827690.5719),2016,7,18.00-18.59,2,0,4,0,0,0,0,1,0,222918.3901,6827690.5719
tieliikenne_2016.2100,2100,POINT (237894.5309 6787058.2251),2016,7,14.00-14.59,2,0,1,0,0,0,1,0,0,237894.5309,6787058.2251
tieliikenne_2016.2101,2101,POINT (235378.0695 6711472.387),2016,7,21.00-21.59,2,9,0,0,0,0,1,0,0,235378.0695,6711472.387
tieliikenne_2016.2102,2102,POINT (246342.2178 6703910.1832),2016,7,02.00-02.59,2,8,0,0,0,0,1,0,0,246342.2178,6703910.1832
tieliikenne_2016.2103,2103,POINT (251467.6471 6867147.8855),2016,7,23.00-23.59,1,8,0,0,0,0,0,0,1,251467.6471,6867147.8855
tieliikenne_2016.2104,2104,POINT (233661.6494 6813737.3367),2016,7,10.00-10.59,2,1,1,0,0,0,1,0,0,233661.6494,6813737.3367
tieliikenne_2016.2105,2105,POINT (256171.6128 6860978.5766),2016,7,22.00-22.59,2,8,1,0,0,0,0,0,0,256171.6128,6860978.5766
tieliikenne_2016.2106,2106,POINT (226506.9112 6738054.258),2016,7,23.00-23.59,1,8,1,0,0,0,0,0,0,226506.9112,6738054.258
tieliikenne_2016.2107,2107,POINT (240813.3572 6693881.0099),2016,7,15.00-15.59,2,0,2,0,0,0,0,0,0,240813.3572,6693881.0099
tieliikenne_2016.2108,2108,POINT (238163.9126 6713700.3496),2016,7,17.00-17.59,2,4,0,0,0,2,0,0,0,238163.9126,6713700.3496
tieliikenne_2016.2109,2109,POINT (275260.0136 6857365.8029),2016,7,10.00-10.59,2,8,1,0,0,0,0,0,0,275260.0136,6857365.8029
tieliikenne_2016.2110,2110,POINT (205537.5117 6778573.8616),2016,7,15.00-15.59,2,8,1,0,0,0,0,0,0,205537.5117,6778573.8616
tieliikenne_2016.2111,2111,POINT (206661.6801 6774843.792),2016,7,16.00-16.59,2,8,1,0,0,0,0,0,0,206661.6801,6774843.792
tieliikenne_2016.2112,2112,POINT (229081.0429 6728615.3078),2016,7,16.00-16.59,2,8,1,0,0,0,0,0,0,229081.0429,6728615.3078
tieliikenne_2016.2113,2113,POINT (225896.1209 6821721.9614),2016,7,20.00-20.59,2,8,0,0,0,0,0,1,0,225896.1209,6821721.9614
tieliikenne_2016.2114,2114,POINT (202912.0174 6789605.462),2016,7,07.00-07.59,3,5,1,0,0,1,0,0,0,202912.0174,6789605.462
tieliikenne_2016.2115,2115,POINT (269013.2663 6898110.9815),2016,7,12.00-12.59,2,1,1,0,0,1,0,0,0,269013.2663,6898110.9815
tieliikenne_2016.2116,2116,POINT (268757.1273 6790630.7129),2016,7,15.00-15.59,2,5,0,0,0,1,1,0,0,268757.1273,6790630.7129
tieliikenne_2016.2117,2117,POINT (266364.9581 6837020.3734),2016,7,15.00-15.59,2,5,1,0,0,0,0,0,1,266364.9581,6837020.3734
tieliikenne_2016.2118,2118,POINT (234136.422 6712697.1261),2016,7,18.00-18.59,2,5,1,0,0,0,0,1,0,234136.422,6712697.1261
tieliikenne_2016.2119,2119,POINT (251065.5713 6720771.5126),2016,7,04.00-04.59,2,8,1,0,0,0,0,0,0,251065.5713,6720771.5126
tieliikenne_2016.2120,2120,POINT (238214.2469 6710844.1443),2016,7,08.00-08.59,2,4,1,0,0,0,0,1,0,238214.2469,6710844.1443
tieliikenne_2016.2121,2121,POINT (198721.4595 6753531.2239),2016,7,14.00-14.59,2,1,2,0,0,0,0,0,0,198721.4595,6753531.2239
tieliikenne_2016.2122,2122,POINT (245773.3515 6707521.0672),2016,7,15.00-15.59,2,8,1,0,0,0,0,0,0,245773.3515,6707521.0672
tieliikenne_2016.2123,2123,POINT (241632.9556 6706750.9783),2016,7,17.00-17.59,2,4,1,0,0,1,0,0,0,241632.9556,6706750.9783
tieliikenne_2016.2124,2124,POINT (207464.245 6680979.0689),2016,7,09.00-09.59,3,8,1,0,0,0,0,0,0,207464.245,6680979.0689
tieliikenne_2016.2125,2125,POINT (211424.2456 6795122.5319),2016,7,12.00-12.59,2,8,1,0,0,0,0,0,0,211424.2456,6795122.5319
tieliikenne_2016.2126,2126,POINT (204299.0686 6787839.1651),2016,7,15.00-15.59,2,4,1,0,0,1,0,0,0,204299.0686,6787839.1651
tieliikenne_2016.2127,2127,POINT (204598.0431 6789813.8429),2016,7,16.00-16.59,2,0,2,0,0,0,0,0,0,204598.0431,6789813.8429
tieliikenne_2016.2128,2128,POINT (210934.7025 6838569.2355),2016,7,17.00-17.59,2,4,2,0,0,0,0,0,0,210934.7025,6838569.2355
tieliikenne_2016.2129,2129,POINT (236622.3729 6859022.9951),2016,7,20.00-20.59,2,2,1,1,0,0,0,0,0,236622.3729,6859022.9951
tieliikenne_2016.2130,2130,POINT (225511.0336 6828862.9246),2016,7,21.00-21.59,2,4,1,0,0,1,0,0,0,225511.0336,6828862.9246
tieliikenne_2016.2131,2131,POINT (222415.1662 6827718.339),2016,7,02.00-02.59,2,4,0,0,0,0,2,0,0,222415.1662,6827718.339
tieliikenne_2016.2132,2132,POINT (242637.2077 6709372.3459),2016,7,11.00-11.59,2,1,1,0,0,0,0,1,0,242637.2077,6709372.3459
tieliikenne_2016.2133,2133,POINT (262202.2845 6862162.4625),2016,8,15.00-15.59,3,8,1,0,0,0,0,0,0,262202.2845,6862162.4625
tieliikenne_2016.2134,2134,POINT (217671.4437 6831397.9392),2016,8,16.00-16.59,2,8,0,0,0,0,0,0,1,217671.4437,6831397.9392
tieliikenne_2016.2135,2135,POINT (205408.4007 6789517.4551),2016,8,19.00-19.59,2,9,1,0,1,0,0,0,0,205408.4007,6789517.4551
tieliikenne_2016.2136,2136,POINT (203765.4053 6789977.7103),2016,7,13.00-13.59,2,4,1,0,0,1,0,0,0,203765.4053,6789977.7103
tieliikenne_2016.2137,2137,POINT (235204.2597 6714527.4846),2016,8,10.00-10.59,2,4,1,0,0,1,0,0,0,235204.2597,6714527.4846
tieliikenne_2016.2138,2138,POINT (267852.1221 6763148.4097),2016,8,15.00-15.59,2,8,1,0,0,0,0,0,0,267852.1221,6763148.4097
tieliikenne_2016.2139,2139,POINT (218738.3861 6831060.5967),2016,8,17.00-17.59,2,4,1,0,0,0,0,0,1,218738.3861,6831060.5967
tieliikenne_2016.2140,2140,POINT (239389.0451 6785304.0706),2016,8,11.00-11.59,2,4,2,0,0,0,0,0,0,239389.0451,6785304.0706
tieliikenne_2016.2141,2141,POINT (206205.0225 6789684.0187),2016,8,15.00-15.59,2,8,0,0,0,0,1,0,0,206205.0225,6789684.0187
tieliikenne_2016.2142,2142,POINT (243492.3771 6711931.0026),2016,8,16.00-16.59,2,3,1,0,0,0,0,1,0,243492.3771,6711931.0026
tieliikenne_2016.2143,2143,POINT (289098.0617 6702401.0762),2016,8,17.00-17.59,2,4,1,0,0,0,0,0,1,289098.0617,6702401.0762
tieliikenne_2016.2144,2144,POINT (251393.4078 6717714.9522),2016,7,16.00-16.59,2,8,0,0,0,0,0,0,1,251393.4078,6717714.9522
tieliikenne_2016.2145,2145,POINT (233673.6526 6712941.3473),2016,8,10.00-10.59,3,4,1,0,0,1,0,0,0,233673.6526,6712941.3473
tieliikenne_2016.2146,2146,POINT (287773.7288 6756293.414),2016,8,11.00-11.59,2,4,2,0,0,0,0,0,0,287773.7288,6756293.414
tieliikenne_2016.2147,2147,POINT (240675.249 6710357.7942),2016,8,19.00-19.59,2,6,0,0,1,0,0,1,0,240675.249,6710357.7942
tieliikenne_2016.2148,2148,POINT (239640.292 6715004.8103),2016,8,10.00-10.59,3,1,1,0,0,0,0,1,0,239640.292,6715004.8103
tieliikenne_2016.2149,2149,POINT (226945.418 6829360.1308),2016,8,16.00-16.59,2,8,1,0,0,0,0,0,0,226945.418,6829360.1308
tieliikenne_2016.2150,2150,POINT (244059.4942 6712361.3518),2016,8,16.00-16.59,2,0,3,0,0,0,0,0,0,244059.4942,6712361.3518
tieliikenne_2016.2151,2151,POINT (250383.1784 6800231.371),2016,8,11.00-11.59,2,4,1,0,0,0,1,0,0,250383.1784,6800231.371
tieliikenne_2016.2152,2152,POINT (220735.8835 6828145.259),2016,8,08.00-08.59,2,1,1,0,0,1,0,0,0,220735.8835,6828145.259
tieliikenne_2016.2153,2153,POINT (286292.9011 6695655.8166),2016,8,10.00-10.59,1,2,1,1,0,0,0,0,0,286292.9011,6695655.8166
tieliikenne_2016.2154,2154,POINT (219300.1744 6865948.3676),2016,8,10.00-10.59,3,8,1,0,0,0,0,0,0,219300.1744,6865948.3676
tieliikenne_2016.2155,2155,POINT (285233.6525 6752317.1838),2016,8,15.00-15.59,2,5,1,0,0,0,1,0,0,285233.6525,6752317.1838
tieliikenne_2016.2156,2156,POINT (244198.0023 6705598.9428),2016,8,15.00-15.59,1,7,1,0,1,0,0,0,0,244198.0023,6705598.9428
tieliikenne_2016.2157,2157,POINT (251506.2647 6783659.2054),2016,8,19.00-19.59,3,2,0,0,0,0,2,0,0,251506.2647,6783659.2054
tieliikenne_2016.2158,2158,POINT (251852.7876 6893650.1405),2016,8,09.00-09.59,2,0,2,0,0,0,0,0,0,251852.7876,6893650.1405
tieliikenne_2016.2159,2159,POINT (237321.6089 6836814.6416),2016,8,17.00-17.59,2,8,1,0,0,0,0,0,0,237321.6089,6836814.6416
tieliikenne_2016.2160,2160,POINT (243004.1644 6710195.5799),2016,8,19.00-19.59,3,1,1,0,0,1,0,0,0,243004.1644,6710195.5799
tieliikenne_2016.2161,2161,POINT (288587.2592 6734559.3097),2016,8,21.00-21.59,2,2,1,1,0,0,0,0,0,288587.2592,6734559.3097
tieliikenne_2016.2162,2162,POINT (238415.7823 6710916.185),2016,8,08.00-08.59,2,8,0,0,0,0,0,1,0,238415.7823,6710916.185
tieliikenne_2016.2163,2163,POINT (217752.8173 6760743.7291),2016,8,19.00-19.59,3,5,1,0,0,1,0,0,0,217752.8173,6760743.7291
tieliikenne_2016.2164,2164,POINT (219152.4286 6766622.2116),2016,8,10.00-10.59,2,8,1,0,0,0,0,0,0,219152.4286,6766622.2116
tieliikenne_2016.2165,2165,POINT (248223.0318 6709628.9494),2016,8,16.00-16.59,2,2,1,0,0,0,1,0,0,248223.0318,6709628.9494
tieliikenne_2016.2166,2166,POINT (248954.8026 6706553.5852),2016,8,09.00-09.59,2,1,1,0,0,0,0,1,0,248954.8026,6706553.5852
tieliikenne_2016.2167,2167,POINT (224149.0918 6828889.6763),2016,8,11.00-11.59,3,8,4,0,0,0,0,0,0,224149.0918,6828889.6763
tieliikenne_2016.2168,2168,POINT (214935.3973 6710954.3779),2016,8,17.00-17.59,2,8,0,0,0,0,0,1,0,214935.3973,6710954.3779
tieliikenne_2016.2169,2169,POINT (239718.7109 6712097.8985),2016,8,19.00-19.59,2,9,0,0,0,2,0,0,0,239718.7109,6712097.8985
tieliikenne_2016.2170,2170,POINT (196525.2711 6754431.9098),2016,8,15.00-15.59,2,4,1,0,0,1,0,0,0,196525.2711,6754431.9098
tieliikenne_2016.2171,2171,POINT (239147.2479 6786744.6582),2016,8,19.00-19.59,2,1,1,0,0,0,1,0,0,239147.2479,6786744.6582
tieliikenne_2016.2172,2172,POINT (222822.0596 6827110.3637),2016,7,14.00-14.59,2,3,1,0,0,0,0,1,0,222822.0596,6827110.3637
tieliikenne_2016.2173,2173,POINT (244514.3014 6710606.355),2016,8,17.00-17.59,2,8,0,0,0,0,0,1,0,244514.3014,6710606.355
tieliikenne_2016.2174,2174,POINT (240311.9555 6713641.9017),2016,8,07.00-07.59,2,5,1,0,0,0,1,0,0,240311.9555,6713641.9017
tieliikenne_2016.2175,2175,POINT (218238.8433 6820092.5472),2016,8,17.00-17.59,2,0,2,0,0,0,0,0,0,218238.8433,6820092.5472
tieliikenne_2016.2176,2176,POINT (222286.6144 6795644.437),2016,8,16.00-16.59,2,8,1,0,0,0,0,0,0,222286.6144,6795644.437
tieliikenne_2016.2177,2177,POINT (219845.2823 6828344.3693),2016,8,23.00-23.59,2,0,1,0,0,0,2,0,0,219845.2823,6828344.3693
tieliikenne_2016.2178,2178,POINT (240958.4949 6709698.3996),2016,8,14.00-14.59,2,6,1,0,2,0,0,0,0,240958.4949,6709698.3996
tieliikenne_2016.2179,2179,POINT (258394.4711 6860667.0589),2016,8,16.00-16.59,2,1,1,0,0,1,0,0,0,258394.4711,6860667.0589
tieliikenne_2016.2180,2180,POINT (202940.2174 6789251.6736),2016,8,18.00-18.59,2,5,1,0,0,1,0,0,0,202940.2174,6789251.6736
tieliikenne_2016.2181,2181,POINT (245391.5739 6706465.6145),2016,8,02.00-02.59,2,8,1,0,0,0,0,0,0,245391.5739,6706465.6145
tieliikenne_2016.2182,2182,POINT (199597.7213 6753115.8818),2016,8,13.00-13.59,3,4,1,1,0,0,0,0,0,199597.7213,6753115.8818
tieliikenne_2016.2183,2183,POINT (219162.7635 6821965.8326),2016,8,17.00-17.59,2,8,1,0,0,0,0,0,0,219162.7635,6821965.8326
tieliikenne_2016.2184,2184,POINT (281539.4594 6753681.6376),2016,8,00.00-00.59,2,8,1,0,0,0,0,0,0,281539.4594,6753681.6376
tieliikenne_2016.2185,2185,POINT (242324.9682 6705821.5116),2016,8,08.00-08.59,2,1,1,0,0,0,1,0,0,242324.9682,6705821.5116
tieliikenne_2016.2186,2186,POINT (214590.5603 6836769.6787),2016,8,14.00-14.59,2,8,1,0,0,0,0,0,0,214590.5603,6836769.6787
tieliikenne_2016.2187,2187,POINT (244976.9731 6817770.9942),2016,8,17.00-17.59,3,8,0,0,0,0,0,1,0,244976.9731,6817770.9942
tieliikenne_2016.2188,2188,POINT (217020.6119 6796670.8598),2016,8,19.00-19.59,2,0,1,0,0,0,1,0,0,217020.6119,6796670.8598
tieliikenne_2016.2189,2189,POINT (269620.2239 6706270.4544),2016,8,23.00-23.59,2,8,1,0,0,0,0,0,0,269620.2239,6706270.4544
tieliikenne_2016.2190,2190,POINT (285033.9806 6680274.1638),2016,8,06.00-06.59,2,5,0,0,0,1,1,0,0,285033.9806,6680274.1638
tieliikenne_2016.2191,2191,POINT (225215.1204 6824657.1123),2016,8,17.00-17.59,2,4,1,0,0,1,0,0,0,225215.1204,6824657.1123
tieliikenne_2016.2192,2192,POINT (262511.2557 6697263.7791),2016,8,22.00-22.59,2,8,1,0,0,0,0,0,0,262511.2557,6697263.7791
tieliikenne_2016.2193,2193,POINT (204754.7597 6726009.4138),2016,8,17.00-17.59,2,8,0,0,0,0,1,0,0,204754.7597,6726009.4138
tieliikenne_2016.2194,2194,POINT (266767.8752 6723946.4566),2016,8,00.00-00.59,2,8,0,0,0,0,0,1,0,266767.8752,6723946.4566
tieliikenne_2016.2195,2195,POINT (237159.5715 6701668.7177),2016,8,10.00-10.59,3,1,1,1,0,0,0,0,0,237159.5715,6701668.7177
tieliikenne_2016.2196,2196,POINT (204921.9119 6789179.9409),2016,8,11.00-11.59,2,0,3,0,0,0,0,0,0,204921.9119,6789179.9409
tieliikenne_2016.2197,2197,POINT (239832.1741 6711363.1406),2016,8,03.00-03.59,2,4,2,0,0,0,0,0,0,239832.1741,6711363.1406
tieliikenne_2016.2198,2198,POINT (224269.7786 6825868.5661),2016,8,16.00-16.59,2,3,2,0,0,0,0,0,0,224269.7786,6825868.5661
tieliikenne_2016.2199,2199,POINT (226657.0954 6713868.0958),2016,8,10.00-10.59,2,4,2,0,0,0,0,0,0,226657.0954,6713868.0958
tieliikenne_2016.2200,2200,POINT (230720.131 6828752.3739),2016,8,18.00-18.59,2,8,0,0,0,0,0,1,0,230720.131,6828752.3739
tieliikenne_2016.2201,2201,POINT (257853.4468 6687485.6388),2016,8,05.00-05.59,1,2,2,0,0,0,0,0,0,257853.4468,6687485.6388
tieliikenne_2016.2202,2202,POINT (222398.9011 6827711.7477),2016,8,09.00-09.59,2,6,1,0,3,0,0,0,0,222398.9011,6827711.7477
tieliikenne_2016.2203,2203,POINT (235359.0491 6812543.6822),2016,8,13.00-13.59,2,2,2,0,0,0,0,0,0,235359.0491,6812543.6822
tieliikenne_2016.2204,2204,POINT (238899.515 6711208.8986),2016,8,16.00-16.59,2,6,1,0,1,0,0,0,0,238899.515,6711208.8986
tieliikenne_2016.2205,2205,POINT (217018.2392 6796670.3635),2016,9,17.00-17.59,2,5,1,0,0,0,1,0,0,217018.2392,6796670.3635
tieliikenne_2016.2206,2206,POINT (241043 6713389),2016,9,12.00-12.59,2,5,2,0,0,0,0,0,0,241043,6713389
tieliikenne_2016.2207,2207,POINT (240653.8722 6711910.2639),2016,9,16.00-16.59,2,0,4,0,0,0,0,0,0,240653.8722,6711910.2639
tieliikenne_2016.2208,2208,POINT (238406.5486 6709594.9456),2016,9,22.00-22.59,3,9,0,0,1,1,0,0,0,238406.5486,6709594.9456
tieliikenne_2016.2209,2209,POINT (251965.1894 6766118.2964),2016,9,12.00-12.59,2,1,2,0,0,0,0,0,0,251965.1894,6766118.2964
tieliikenne_2016.2210,2210,POINT (215459.7728 6795820.5984),2016,9,12.00-12.59,2,3,2,0,0,0,0,0,0,215459.7728,6795820.5984
tieliikenne_2016.2211,2211,POINT (234371.397 6823972.6234),2016,9,08.00-08.59,2,1,1,0,0,1,0,0,0,234371.397,6823972.6234
tieliikenne_2016.2212,2212,POINT (248612.6385 6706443.0139),2016,9,10.00-10.59,3,2,2,0,0,0,0,0,0,248612.6385,6706443.0139
tieliikenne_2016.2213,2213,POINT (223673.7851 6827883.0011),2016,9,16.00-16.59,2,0,2,0,0,0,0,0,0,223673.7851,6827883.0011
tieliikenne_2016.2214,2214,POINT (207752.5366 6784392.558),2016,9,18.00-18.59,1,3,1,0,0,0,0,1,0,207752.5366,6784392.558
tieliikenne_2016.2215,2215,POINT (238580.3722 6711446.6909),2016,9,08.00-08.59,3,9,1,0,0,0,0,1,0,238580.3722,6711446.6909
tieliikenne_2016.2216,2216,POINT (290134.0715 6706387.4944),2016,9,23.00-23.59,3,1,1,0,0,1,0,0,0,290134.0715,6706387.4944
tieliikenne_2016.2217,2217,POINT (223358.7687 6828644.6981),2016,9,07.00-07.59,2,3,1,0,0,1,0,0,0,223358.7687,6828644.6981
tieliikenne_2016.2218,2218,POINT (219868.9318 6829332.7702),2016,9,09.00-09.59,2,1,1,0,0,1,0,0,0,219868.9318,6829332.7702
tieliikenne_2016.2219,2219,POINT (224176.1613 6826444.113),2016,9,12.00-12.59,2,4,1,0,0,1,0,0,0,224176.1613,6826444.113
tieliikenne_2016.2220,2220,POINT (266034.0303 6837127.0543),2016,9,06.00-06.59,2,8,1,0,0,0,0,0,0,266034.0303,6837127.0543
tieliikenne_2016.2221,2221,POINT (246577.9426 6709126.962),2016,9,15.00-15.59,2,4,0,1,0,1,0,0,0,246577.9426,6709126.962
tieliikenne_2016.2222,2222,POINT (235839.3365 6715725.9249),2016,9,16.00-16.59,3,8,0,1,0,0,0,0,0,235839.3365,6715725.9249
tieliikenne_2016.2223,2223,POINT (309403.783 6726233.7748),2016,9,18.00-18.59,2,4,1,0,0,0,0,1,0,309403.783,6726233.7748
tieliikenne_2016.2224,2224,POINT (204216.9356 6789976.7838),2016,9,14.00-14.59,2,5,1,0,0,1,0,0,0,204216.9356,6789976.7838
tieliikenne_2016.2225,2225,POINT (229418.0977 6726771.52),2016,9,20.00-20.59,2,8,1,0,0,0,0,0,0,229418.0977,6726771.52
tieliikenne_2016.2226,2226,POINT (230105.702 6816735.0452),2016,9,03.00-03.59,2,0,2,0,0,0,0,0,0,230105.702,6816735.0452
tieliikenne_2016.2227,2227,POINT (290420.521 6735849.2831),2016,9,07.00-07.59,2,8,1,0,0,0,0,0,0,290420.521,6735849.2831
tieliikenne_2016.2228,2228,POINT (223531.3129 6829451.6025),2016,9,12.00-12.59,2,4,1,0,0,1,0,0,0,223531.3129,6829451.6025
tieliikenne_2016.2229,2229,POINT (246650 6709799),2016,9,13.00-13.59,2,9,1,0,1,0,0,0,0,246650,6709799
tieliikenne_2016.2230,2230,POINT (242365.5024 6713061.4418),2016,9,14.00-14.59,2,4,1,0,0,1,0,0,0,242365.5024,6713061.4418
tieliikenne_2016.2231,2231,POINT (222629.5203 6828046.763),2016,9,20.00-20.59,2,4,2,0,0,0,0,0,0,222629.5203,6828046.763
tieliikenne_2016.2232,2232,POINT (248661.957 6776810.635),2016,9,20.00-20.59,2,1,0,0,0,0,2,0,0,248661.957,6776810.635
tieliikenne_2016.2233,2233,POINT (238558.0555 6713901.4999),2016,9,08.00-08.59,2,0,1,1,0,0,0,0,0,238558.0555,6713901.4999
tieliikenne_2016.2234,2234,POINT (238678.2998 6710161.6934),2016,9,10.00-10.59,2,9,4,0,0,0,0,0,0,238678.2998,6710161.6934
tieliikenne_2016.2235,2235,POINT (216568.001 6799336.1856),2016,9,17.00-17.59,2,2,2,0,0,0,0,0,0,216568.001,6799336.1856
tieliikenne_2016.2236,2236,POINT (272597.8445 6736308.8853),2016,9,19.00-19.59,2,0,1,0,0,1,0,0,0,272597.8445,6736308.8853
tieliikenne_2016.2237,2237,POINT (220296.5952 6829195.9491),2016,9,08.00-08.59,2,1,0,0,0,1,0,0,1,220296.5952,6829195.9491
tieliikenne_2016.2238,2238,POINT (241758.105 6711517.1508),2016,9,15.00-15.59,2,4,1,0,0,1,0,0,0,241758.105,6711517.1508
tieliikenne_2016.2239,2239,POINT (277595.894 6727548.9349),2016,9,19.00-19.59,2,0,2,0,0,0,0,0,0,277595.894,6727548.9349
tieliikenne_2016.2240,2240,POINT (282408.8763 6706489.5552),2016,9,07.00-07.59,2,4,0,0,0,1,1,0,0,282408.8763,6706489.5552
tieliikenne_2016.2241,2241,POINT (256320.0149 6861119.7761),2016,9,09.00-09.59,2,1,1,0,0,0,0,1,0,256320.0149,6861119.7761
tieliikenne_2016.2242,2242,POINT (220580.6617 6828810.7925),2016,9,09.00-09.59,2,1,0,0,0,0,2,0,0,220580.6617,6828810.7925
tieliikenne_2016.2243,2243,POINT (244911.5505 6713076.7861),2016,9,09.00-09.59,2,0,3,1,0,0,0,0,0,244911.5505,6713076.7861
tieliikenne_2016.2244,2244,POINT (238125.9308 6696969.6704),2016,9,17.00-17.59,2,2,2,0,0,0,0,0,0,238125.9308,6696969.6704
tieliikenne_2016.2245,2245,POINT (229641.6906 6731222.9586),2016,9,15.00-15.59,1,2,1,1,0,0,0,0,0,229641.6906,6731222.9586
tieliikenne_2016.2246,2246,POINT (240053.7885 6711322.3593),2016,9,02.00-02.59,2,4,2,0,0,0,0,0,0,240053.7885,6711322.3593
tieliikenne_2016.2247,2247,POINT (220745.1263 6828256.9439),2016,9,10.00-10.59,2,4,1,0,0,1,0,0,0,220745.1263,6828256.9439
tieliikenne_2016.2248,2248,POINT (223297.6635 6827347.3432),2016,9,15.00-15.59,2,4,1,0,0,0,1,0,0,223297.6635,6827347.3432
tieliikenne_2016.2249,2249,POINT (245389.7995 6706694.9087),2016,9,14.00-14.59,2,4,2,0,0,0,0,0,0,245389.7995,6706694.9087
tieliikenne_2016.2250,2250,POINT (245931.7843 6792618.5731),2016,9,14.00-14.59,2,8,0,0,0,0,1,0,0,245931.7843,6792618.5731
tieliikenne_2016.2251,2251,POINT (236806.633 6851161.0938),2016,9,16.00-16.59,2,4,1,0,0,0,0,1,0,236806.633,6851161.0938
tieliikenne_2016.2252,2252,POINT (239940.7511 6711505.5733),2016,9,06.00-06.59,2,0,1,1,0,0,1,0,0,239940.7511,6711505.5733
tieliikenne_2016.2253,2253,POINT (226137.5699 6821377.2176),2016,9,07.00-07.59,2,1,1,0,0,1,0,0,0,226137.5699,6821377.2176
tieliikenne_2016.2254,2254,POINT (240211.381 6711328.0724),2016,9,16.00-16.59,2,1,0,0,0,2,0,0,0,240211.381,6711328.0724
tieliikenne_2016.2255,2255,POINT (250677.1451 6800900.5673),2016,9,12.00-12.59,2,5,1,0,0,1,0,0,0,250677.1451,6800900.5673
tieliikenne_2016.2256,2256,POINT (244886.6221 6712809.0306),2016,9,18.00-18.59,2,0,2,0,0,0,0,0,0,244886.6221,6712809.0306
tieliikenne_2016.2257,2257,POINT (265900.0079 6724769.181),2016,9,17.00-17.59,2,8,1,0,0,0,0,0,0,265900.0079,6724769.181
tieliikenne_2016.2258,2258,POINT (263234.678 6867907.956),2016,9,09.00-09.59,2,1,2,0,0,0,0,0,0,263234.678,6867907.956
tieliikenne_2016.2259,2259,POINT (264722.1675 6848350.9466),2016,9,14.00-14.59,2,9,2,0,0,0,0,0,0,264722.1675,6848350.9466
tieliikenne_2016.2260,2260,POINT (227696.6823 6839896.9734),2016,9,15.00-15.59,2,7,0,0,1,1,0,0,0,227696.6823,6839896.9734
tieliikenne_2016.2261,2261,POINT (203978.413 6786441.056),2016,9,11.00-11.59,2,4,2,0,0,0,0,0,0,203978.413,6786441.056
tieliikenne_2016.2262,2262,POINT (233608.3705 6813036.6527),2016,9,17.00-17.59,2,4,1,0,0,0,1,0,0,233608.3705,6813036.6527
tieliikenne_2016.2263,2263,POINT (231242.4975 6713043.5219),2016,9,01.00-01.59,2,8,0,0,0,0,1,0,0,231242.4975,6713043.5219
tieliikenne_2016.2264,2264,POINT (273520.208 6724797.0301),2016,9,17.00-17.59,2,1,2,0,0,0,0,0,0,273520.208,6724797.0301
tieliikenne_2016.2265,2265,POINT (261352.6769 6805632.3237),2016,9,20.00-20.59,3,8,0,0,0,0,0,0,1,261352.6769,6805632.3237
tieliikenne_2016.2266,2266,POINT (253349.704 6796138.918),2016,9,23.00-23.59,2,8,1,0,0,0,0,0,0,253349.704,6796138.918
tieliikenne_2016.2267,2267,POINT (220812.4772 6828749.8522),2016,9,12.00-12.59,3,4,1,0,0,0,1,0,0,220812.4772,6828749.8522
tieliikenne_2016.2268,2268,POINT (269817.7474 6864107.385),2016,9,19.00-19.59,2,8,0,0,0,0,1,0,0,269817.7474,6864107.385
tieliikenne_2016.2269,2269,POINT (251711.6105 6800146.2061),2016,9,19.00-19.59,1,5,0,0,0,0,1,0,1,251711.6105,6800146.2061
tieliikenne_2016.2270,2270,POINT (232797.7265 6696965.9882),2016,9,13.00-13.59,2,9,0,0,1,0,0,0,1,232797.7265,6696965.9882
tieliikenne_2016.2271,2271,POINT (233483.5521 6711932.1989),2016,9,14.00-14.59,2,1,1,0,0,1,0,0,0,233483.5521,6711932.1989
tieliikenne_2016.2272,2272,POINT (242461.6316 6710589.2291),2016,9,15.00-15.59,2,4,2,0,0,0,0,0,0,242461.6316,6710589.2291
tieliikenne_2016.2273,2273,POINT (252463.9441 6749162.08),2016,9,14.00-14.59,2,0,1,1,0,0,0,0,0,252463.9441,6749162.08
tieliikenne_2016.2274,2274,POINT (252839.3931 6776320.8126),2016,9,21.00-21.59,2,8,1,0,0,0,0,0,0,252839.3931,6776320.8126
tieliikenne_2016.2275,2275,POINT (287500.8732 6702431.8672),2016,9,13.00-13.59,2,4,1,0,0,1,0,0,0,287500.8732,6702431.8672
tieliikenne_2016.2276,2276,POINT (241134.0566 6710721.0334),2016,9,12.00-12.59,2,2,1,0,0,0,0,1,0,241134.0566,6710721.0334
tieliikenne_2016.2277,2277,POINT (223385.602 6829095.192),2016,9,08.00-08.59,2,4,1,0,0,1,0,0,0,223385.602,6829095.192
tieliikenne_2016.2278,2278,POINT (236126.5512 6714631.4271),2016,9,14.00-14.59,2,4,0,0,0,2,0,0,0,236126.5512,6714631.4271
tieliikenne_2016.2279,2279,POINT (241774.294 6710082.9668),2016,9,17.00-17.59,2,0,2,0,0,0,0,0,0,241774.294,6710082.9668
tieliikenne_2016.2280,2280,POINT (238747.331 6708920.3928),2016,9,17.00-17.59,2,4,1,0,0,1,0,0,0,238747.331,6708920.3928
tieliikenne_2016.2281,2281,POINT (221559.6832 6827702.3804),2016,9,18.00-18.59,2,4,2,0,0,0,0,0,0,221559.6832,6827702.3804
tieliikenne_2016.2282,2282,POINT (235821.7019 6691203.4569),2016,10,15.00-15.59,2,3,3,0,0,0,0,0,0,235821.7019,6691203.4569
tieliikenne_2016.2283,2283,POINT (279811.8686 6696260.0324),2016,10,05.00-05.59,2,8,1,0,0,0,0,0,0,279811.8686,6696260.0324
tieliikenne_2016.2284,2284,POINT (212772 6814737),2016,10,16.00-16.59,2,8,0,0,0,0,1,0,0,212772,6814737
tieliikenne_2016.2285,2285,POINT (221918.6029 6827941.8186),2016,10,08.00-08.59,1,4,1,0,0,1,0,0,0,221918.6029,6827941.8186
tieliikenne_2016.2286,2286,POINT (234351.0334 6714821.4068),2016,10,18.00-18.59,2,2,0,0,0,2,0,0,0,234351.0334,6714821.4068
tieliikenne_2016.2287,2287,POINT (241811.5913 6694664.5356),2016,10,16.00-16.59,2,4,1,0,0,1,0,0,0,241811.5913,6694664.5356
tieliikenne_2016.2288,2288,POINT (239744.4784 6710968.9133),2016,10,11.00-11.59,3,6,0,0,1,1,0,0,0,239744.4784,6710968.9133
tieliikenne_2016.2289,2289,POINT (225156.6567 6824954.1893),2016,10,07.00-07.59,3,4,1,0,0,1,0,0,0,225156.6567,6824954.1893
tieliikenne_2016.2290,2290,POINT (224863.6826 6827345.1628),2016,10,09.00-09.59,2,4,2,0,0,0,0,0,0,224863.6826,6827345.1628
tieliikenne_2016.2291,2291,POINT (222888.1464 6828124.3595),2016,10,10.00-10.59,2,9,1,0,0,1,0,0,0,222888.1464,6828124.3595
tieliikenne_2016.2292,2292,POINT (239825.5377 6709068.7161),2016,8,07.00-07.59,2,0,2,0,0,0,0,0,0,239825.5377,6709068.7161
tieliikenne_2016.2293,2293,POINT (234605.1601 6713456.1967),2016,10,14.00-14.59,2,2,0,0,0,0,2,0,0,234605.1601,6713456.1967
tieliikenne_2016.2294,2294,POINT (264454.9852 6863881.2567),2016,10,16.00-16.59,3,8,0,0,0,0,0,1,0,264454.9852,6863881.2567
tieliikenne_2016.2295,2295,POINT (243155.084 6714428.6728),2016,10,05.00-05.59,3,8,1,0,0,0,0,0,0,243155.084,6714428.6728
tieliikenne_2016.2296,2296,POINT (238596.6165 6709426.7518),2016,10,08.00-08.59,2,6,1,0,1,0,0,0,0,238596.6165,6709426.7518
tieliikenne_2016.2297,2297,POINT (200577.3268 6726403.4556),2016,7,16.00-16.59,2,0,1,0,0,0,0,2,0,200577.3268,6726403.4556
tieliikenne_2016.2298,2298,POINT (223182.7595 6828081.214),2016,10,15.00-15.59,2,1,1,0,0,1,0,0,0,223182.7595,6828081.214
tieliikenne_2016.2299,2299,POINT (222820.4074 6828146.2602),2016,10,13.00-13.59,2,3,1,0,0,0,1,0,0,222820.4074,6828146.2602
tieliikenne_2016.2300,2300,POINT (223671.5351 6827886.1325),2016,10,10.00-10.59,2,0,3,0,0,0,0,0,0,223671.5351,6827886.1325
tieliikenne_2016.2301,2301,POINT (223043.8126 6828348.7514),2016,10,11.00-11.59,2,0,2,0,0,0,0,0,0,223043.8126,6828348.7514
tieliikenne_2016.2302,2302,POINT (311376.6669 6822254.1733),2016,10,15.00-15.59,2,1,2,0,0,0,0,0,0,311376.6669,6822254.1733
tieliikenne_2016.2303,2303,POINT (243605.2191 6705727.1897),2016,10,17.00-17.59,2,0,2,0,0,0,0,0,0,243605.2191,6705727.1897
tieliikenne_2016.2304,2304,POINT (219724.4906 6829249.8484),2016,10,12.00-12.59,2,0,2,0,0,0,0,0,0,219724.4906,6829249.8484
tieliikenne_2016.2305,2305,POINT (213843.4558 6873066.446),2016,10,18.00-18.59,2,8,0,0,0,0,0,0,1,213843.4558,6873066.446
tieliikenne_2016.2306,2306,POINT (235232.6548 6714849.4287),2016,10,18.00-18.59,2,0,0,0,0,0,2,2,0,235232.6548,6714849.4287
tieliikenne_2016.2307,2307,POINT (288666.7288 6750125.3736),2016,10,22.00-22.59,2,8,1,0,0,0,0,0,0,288666.7288,6750125.3736
tieliikenne_2016.2308,2308,POINT (241324.9167 6713347.908),2016,10,13.00-13.59,2,2,2,0,0,0,0,0,0,241324.9167,6713347.908
tieliikenne_2016.2309,2309,POINT (217016.1372 6796669.9245),2016,10,17.00-17.59,2,6,0,0,1,0,1,0,0,217016.1372,6796669.9245
tieliikenne_2016.2310,2310,POINT (257715.9893 6864456.1886),2016,10,12.00-12.59,2,8,1,0,0,0,0,0,0,257715.9893,6864456.1886
tieliikenne_2016.2311,2311,POINT (236289.3461 6691541.4628),2016,10,15.00-15.59,2,0,1,0,0,0,0,0,1,236289.3461,6691541.4628
tieliikenne_2016.2312,2312,POINT (249290.6876 6797774.0547),2016,10,19.00-19.59,2,8,1,0,0,0,0,0,0,249290.6876,6797774.0547
tieliikenne_2016.2313,2313,POINT (264398.0389 6849689.2368),2016,10,08.00-08.59,2,8,0,0,0,0,0,0,1,264398.0389,6849689.2368
tieliikenne_2016.2314,2314,POINT (247324.0862 6714370.055),2016,10,14.00-14.59,2,0,2,0,0,0,0,0,0,247324.0862,6714370.055
tieliikenne_2016.2315,2315,POINT (238921.0741 6710885.2512),2016,10,15.00-15.59,2,3,1,0,0,1,0,0,0,238921.0741,6710885.2512
tieliikenne_2016.2316,2316,POINT (223568.3038 6829323.0808),2016,10,03.00-03.59,2,8,1,0,0,0,0,0,0,223568.3038,6829323.0808
tieliikenne_2016.2317,2317,POINT (249969.4449 6706861.1723),2016,10,06.00-06.59,2,4,2,0,0,0,0,0,0,249969.4449,6706861.1723
tieliikenne_2016.2318,2318,POINT (276572.6348 6732446.9986),2016,10,06.00-06.59,2,8,1,0,0,0,0,0,0,276572.6348,6732446.9986
tieliikenne_2016.2319,2319,POINT (221171.4384 6827499.6884),2016,10,10.00-10.59,2,4,0,1,0,1,0,0,0,221171.4384,6827499.6884
tieliikenne_2016.2320,2320,POINT (223992.9675 6826602.7268),2016,10,14.00-14.59,2,0,2,0,0,0,0,0,0,223992.9675,6826602.7268
tieliikenne_2016.2321,2321,POINT (240335.2559 6709980.0373),2016,10,15.00-15.59,2,3,2,0,0,0,0,0,0,240335.2559,6709980.0373
tieliikenne_2016.2322,2322,POINT (238156.4934 6713875.1856),2016,10,20.00-20.59,2,4,1,0,0,1,0,0,0,238156.4934,6713875.1856
tieliikenne_2016.2323,2323,POINT (259658.0728 6738075.054),2016,10,02.00-02.59,2,8,1,0,0,0,0,0,0,259658.0728,6738075.054
tieliikenne_2016.2324,2324,POINT (203750.8262 6728009.3096),2016,10,13.00-13.59,2,8,1,0,0,0,0,0,0,203750.8262,6728009.3096
tieliikenne_2016.2325,2325,POINT (250657.4891 6734441.8179),2016,10,16.00-16.59,1,8,1,0,0,0,0,0,0,250657.4891,6734441.8179
tieliikenne_2016.2326,2326,POINT (289561.2391 6718226.9858),2016,10,21.00-21.59,2,8,1,0,0,0,0,0,0,289561.2391,6718226.9858
tieliikenne_2016.2327,2327,POINT (220726 6828403),2016,10,00.00-00.59,2,4,0,0,0,0,0,1,1,220726,6828403
tieliikenne_2016.2328,2328,POINT (257398.4363 6860833.1165),2016,10,00.00-00.59,2,8,1,0,0,0,0,0,0,257398.4363,6860833.1165
tieliikenne_2016.2329,2329,POINT (235863.3676 6813319.3291),2016,10,10.00-10.59,2,8,0,0,0,0,0,0,1,235863.3676,6813319.3291
tieliikenne_2016.2330,2330,POINT (226321.8464 6824357.9282),2016,10,14.00-14.59,2,8,1,0,0,0,0,0,0,226321.8464,6824357.9282
tieliikenne_2016.2331,2331,POINT (214777.7494 6735992.669),2016,10,16.00-16.59,1,2,2,0,0,0,0,0,0,214777.7494,6735992.669
tieliikenne_2016.2332,2332,POINT (225382.2529 6732168.0876),2016,10,22.00-22.59,2,8,1,0,0,0,0,0,0,225382.2529,6732168.0876
tieliikenne_2016.2333,2333,POINT (225423.1347 6831807.1315),2016,10,19.00-19.59,2,8,0,0,0,0,1,0,0,225423.1347,6831807.1315
tieliikenne_2016.2334,2334,POINT (220178.9138 6751449.5782),2016,10,22.00-22.59,3,2,2,0,0,0,0,0,0,220178.9138,6751449.5782
tieliikenne_2016.2335,2335,POINT (237577.739 6711891.2799),2016,10,07.00-07.59,2,0,3,0,0,0,0,0,0,237577.739,6711891.2799
tieliikenne_2016.2336,2336,POINT (202499.9382 6789154.8256),2016,10,11.00-11.59,3,9,0,0,0,0,0,0,1,202499.9382,6789154.8256
tieliikenne_2016.2337,2337,POINT (211028.3772 6870381.0293),2016,10,19.00-19.59,2,1,1,0,0,1,0,0,0,211028.3772,6870381.0293
tieliikenne_2016.2338,2338,POINT (254732.2111 6768805.2912),2016,10,07.00-07.59,2,8,1,0,0,0,0,0,0,254732.2111,6768805.2912
tieliikenne_2016.2339,2339,POINT (238086.6111 6787003.6253),2016,10,12.00-12.59,3,1,1,0,0,1,0,0,0,238086.6111,6787003.6253
tieliikenne_2016.2340,2340,POINT (240991.517 6711582.3941),2016,10,22.00-22.59,2,4,0,0,0,2,0,0,0,240991.517,6711582.3941
tieliikenne_2016.2341,2341,POINT (268365.2657 6736654.7136),2016,10,23.00-23.59,2,8,1,0,0,0,0,0,0,268365.2657,6736654.7136
tieliikenne_2016.2342,2342,POINT (239321.8931 6708938.8046),2016,10,16.00-16.59,2,0,3,0,0,0,0,0,0,239321.8931,6708938.8046
tieliikenne_2016.2343,2343,POINT (248785.522 6722955.9293),2016,10,16.00-16.59,2,1,2,0,0,0,0,0,0,248785.522,6722955.9293
tieliikenne_2016.2344,2344,POINT (220851.1193 6828229.2924),2016,10,14.00-14.59,2,8,1,0,0,0,0,0,0,220851.1193,6828229.2924
tieliikenne_2016.2345,2345,POINT (240569.2721 6711032.5304),2016,10,16.00-16.59,2,7,0,0,1,1,0,0,0,240569.2721,6711032.5304
tieliikenne_2016.2346,2346,POINT (240071.094 6710414.4507),2016,10,16.00-16.59,2,0,2,0,0,0,0,0,0,240071.094,6710414.4507
tieliikenne_2016.2347,2347,POINT (245588.2314 6710289.0723),2016,10,08.00-08.59,2,4,1,0,0,0,1,0,0,245588.2314,6710289.0723
tieliikenne_2016.2348,2348,POINT (227003.4803 6714255.7813),2016,10,08.00-08.59,2,6,0,0,1,0,0,1,0,227003.4803,6714255.7813
tieliikenne_2016.2349,2349,POINT (252043.3111 6717212.2027),2016,10,15.00-15.59,1,3,0,1,0,1,0,0,0,252043.3111,6717212.2027
tieliikenne_2016.2350,2350,POINT (224362.1178 6825954.0703),2016,10,20.00-20.59,2,4,1,0,0,0,1,0,0,224362.1178,6825954.0703
tieliikenne_2016.2351,2351,POINT (232446.2936 6758251.2491),2016,10,16.00-16.59,2,8,1,0,0,0,0,0,0,232446.2936,6758251.2491
tieliikenne_2016.2352,2352,POINT (235719.6855 6809804.8689),2016,10,17.00-17.59,2,8,1,0,0,0,0,0,0,235719.6855,6809804.8689
tieliikenne_2016.2353,2353,POINT (238854.76 6712802.2057),2016,10,00.00-00.59,2,8,1,0,0,0,0,0,0,238854.76,6712802.2057
tieliikenne_2016.2354,2354,POINT (238003.6127 6721158.0504),2016,10,12.00-12.59,2,6,1,0,1,0,0,0,0,238003.6127,6721158.0504
tieliikenne_2016.2355,2355,POINT (234122.72 6694017.1417),2016,10,14.00-14.59,2,0,1,1,0,0,0,0,0,234122.72,6694017.1417
tieliikenne_2016.2356,2356,POINT (238765.7254 6709520.4517),2016,10,17.00-17.59,2,6,1,0,1,0,0,0,0,238765.7254,6709520.4517
tieliikenne_2016.2357,2357,POINT (248742.8721 6776751.0462),2016,10,17.00-17.59,2,4,2,0,0,1,0,0,0,248742.8721,6776751.0462
tieliikenne_2016.2358,2358,POINT (206548.1234 6790557.5537),2016,10,18.00-18.59,2,0,2,0,0,0,0,0,0,206548.1234,6790557.5537
tieliikenne_2016.2359,2359,POINT (241623.5478 6855788.4841),2016,10,07.00-07.59,2,8,1,0,0,0,0,0,0,241623.5478,6855788.4841
tieliikenne_2016.2360,2360,POINT (237865.1345 6718834.5238),2016,10,16.00-16.59,2,2,0,0,0,1,1,0,0,237865.1345,6718834.5238
tieliikenne_2016.2361,2361,POINT (225047.1294 6870709.255),2016,11,03.00-03.59,1,8,1,0,0,0,0,0,0,225047.1294,6870709.255
tieliikenne_2016.2362,2362,POINT (243317.9407 6708652.0742),2016,11,07.00-07.59,2,0,2,0,0,0,0,0,0,243317.9407,6708652.0742
tieliikenne_2016.2363,2363,POINT (243166.1807 6708510.5768),2016,11,11.00-11.59,2,8,1,0,0,0,0,0,0,243166.1807,6708510.5768
tieliikenne_2016.2364,2364,POINT (239036.2053 6713903.9461),2016,11,15.00-15.59,2,2,2,0,0,0,0,0,0,239036.2053,6713903.9461
tieliikenne_2016.2365,2365,POINT (242473.5381 6706743.459),2016,11,18.00-18.59,3,7,1,0,1,0,0,0,0,242473.5381,6706743.459
tieliikenne_2016.2366,2366,POINT (250345.0457 6717889.3674),2016,11,19.00-19.59,3,8,0,0,0,0,0,1,0,250345.0457,6717889.3674
tieliikenne_2016.2367,2367,POINT (222401.1949 6827718.9003),2016,11,11.00-11.59,2,4,4,0,0,0,0,0,0,222401.1949,6827718.9003
tieliikenne_2016.2368,2368,POINT (239533.9852 6716292.7802),2016,11,14.00-14.59,2,0,0,1,0,0,0,0,1,239533.9852,6716292.7802
tieliikenne_2016.2369,2369,POINT (222328.9713 6827875.1205),2016,11,06.00-06.59,2,4,1,0,0,1,0,0,0,222328.9713,6827875.1205
tieliikenne_2016.2370,2370,POINT (222727.7179 6827667.5261),2016,11,14.00-14.59,2,9,1,0,0,0,1,0,0,222727.7179,6827667.5261
tieliikenne_2016.2371,2371,POINT (211336.0806 6681729.8215),2016,11,13.00-13.59,2,8,1,0,0,0,0,0,0,211336.0806,6681729.8215
tieliikenne_2016.2372,2372,POINT (240641.0814 6711903.838),2016,10,16.00-16.59,2,0,4,0,0,0,0,0,0,240641.0814,6711903.838
tieliikenne_2016.2373,2373,POINT (239325.148 6822320.8984),2016,11,15.00-15.59,2,8,1,0,0,0,0,0,0,239325.148,6822320.8984
tieliikenne_2016.2374,2374,POINT (248984.3695 6668177.303),2016,11,02.00-02.59,1,8,1,0,0,0,0,0,0,248984.3695,6668177.303
tieliikenne_2016.2375,2375,POINT (233319.6285 6722812.5726),2016,11,01.00-01.59,2,8,1,0,0,0,0,0,0,233319.6285,6722812.5726
tieliikenne_2016.2376,2376,POINT (198790.6945 6746792.9236),2016,11,04.00-04.59,2,8,1,0,0,0,0,0,0,198790.6945,6746792.9236
tieliikenne_2016.2377,2377,POINT (265829.6655 6736745.2628),2016,11,03.00-03.59,2,8,1,0,0,0,0,0,0,265829.6655,6736745.2628
tieliikenne_2016.2378,2378,POINT (232682.0529 6723621.7745),2016,11,07.00-07.59,2,6,1,0,1,0,0,0,0,232682.0529,6723621.7745
tieliikenne_2016.2379,2379,POINT (247671.3539 6706057.675),2016,11,08.00-08.59,2,8,1,0,0,0,0,0,0,247671.3539,6706057.675
tieliikenne_2016.2380,2380,POINT (222323.0388 6826841.9297),2016,11,08.00-08.59,2,3,1,0,0,1,0,0,0,222323.0388,6826841.9297
tieliikenne_2016.2381,2381,POINT (244948.0093 6705729.1366),2016,11,12.00-12.59,2,9,0,1,0,0,0,0,0,244948.0093,6705729.1366
tieliikenne_2016.2382,2382,POINT (243023.326 6710196.6658),2016,11,17.00-17.59,2,3,1,0,0,1,0,0,0,243023.326,6710196.6658
tieliikenne_2016.2383,2383,POINT (224931.5785 6803121.7925),2016,11,06.00-06.59,2,8,1,0,0,0,0,0,0,224931.5785,6803121.7925
tieliikenne_2016.2384,2384,POINT (284580.9229 6701413.1908),2016,11,14.00-14.59,2,0,2,0,0,0,0,0,0,284580.9229,6701413.1908
tieliikenne_2016.2385,2385,POINT (241503.3006 6710893.1995),2016,11,15.00-15.59,2,6,1,0,1,0,0,0,0,241503.3006,6710893.1995
tieliikenne_2016.2386,2386,POINT (222942.875 6827548.4473),2016,11,15.00-15.59,2,4,1,0,0,1,0,0,0,222942.875,6827548.4473
tieliikenne_2016.2387,2387,POINT (263874.039 6714542.943),2016,11,17.00-17.59,3,8,1,0,0,0,0,0,0,263874.039,6714542.943
tieliikenne_2016.2388,2388,POINT (240996.1445 6709534.7607),2016,11,22.00-22.59,2,6,1,0,1,0,0,0,0,240996.1445,6709534.7607
tieliikenne_2016.2389,2389,POINT (240160.8503 6711887.3577),2016,11,03.00-03.59,2,7,1,0,1,0,0,0,0,240160.8503,6711887.3577
tieliikenne_2016.2390,2390,POINT (262409.1718 6734675.7958),2016,11,21.00-21.59,2,0,2,0,0,0,0,0,0,262409.1718,6734675.7958
tieliikenne_2016.2391,2391,POINT (236664.0523 6788854.4599),2016,11,13.00-13.59,2,8,1,0,0,0,0,0,0,236664.0523,6788854.4599
tieliikenne_2016.2392,2392,POINT (243008.9941 6710168.6023),2016,11,20.00-20.59,2,5,2,0,0,0,0,0,0,243008.9941,6710168.6023
tieliikenne_2016.2393,2393,POINT (211629.3966 6740034.8662),2016,11,02.00-02.59,2,8,1,0,0,0,0,0,0,211629.3966,6740034.8662
tieliikenne_2016.2394,2394,POINT (269549.1354 6790275.9365),2016,11,14.00-14.59,3,1,1,0,0,1,0,0,0,269549.1354,6790275.9365
tieliikenne_2016.2395,2395,POINT (240283.3669 6710975.9357),2016,11,23.00-23.59,2,0,1,0,0,0,0,0,1,240283.3669,6710975.9357
tieliikenne_2016.2396,2396,POINT (248827.2346 6800376.1953),2016,11,13.00-13.59,2,3,2,0,0,0,0,0,0,248827.2346,6800376.1953
tieliikenne_2016.2397,2397,POINT (225633.1307 6683422.0929),2016,11,15.00-15.59,2,8,1,0,0,0,0,0,0,225633.1307,6683422.0929
tieliikenne_2016.2398,2398,POINT (244540.8704 6713318.1818),2016,11,08.00-08.59,3,0,2,0,0,0,0,0,0,244540.8704,6713318.1818
tieliikenne_2016.2399,2399,POINT (301244.6947 6717999.3215),2016,11,15.00-15.59,2,2,1,1,0,0,0,0,0,301244.6947,6717999.3215
tieliikenne_2016.2400,2400,POINT (239799.4562 6712020.387),2016,11,20.00-20.59,2,0,2,0,0,0,0,0,0,239799.4562,6712020.387
tieliikenne_2016.2401,2401,POINT (232898.6649 6814033.225),2016,11,10.00-10.59,2,4,1,0,0,1,0,0,0,232898.6649,6814033.225
tieliikenne_2016.2402,2402,POINT (226922.8755 6824352.5622),2016,11,17.00-17.59,2,4,1,1,0,0,0,0,0,226922.8755,6824352.5622
tieliikenne_2016.2403,2403,POINT (240019.2411 6711384.447),2016,11,02.00-02.59,2,7,1,0,1,0,0,0,0,240019.2411,6711384.447
tieliikenne_2016.2404,2404,POINT (268001.2715 6737618.9475),2016,11,08.00-08.59,2,0,1,0,0,0,0,1,0,268001.2715,6737618.9475
tieliikenne_2016.2405,2405,POINT (236896.0381 6715892.0357),2016,11,07.00-07.59,2,0,3,0,0,0,0,0,0,236896.0381,6715892.0357
tieliikenne_2016.2406,2406,POINT (236104.825 6715764.196),2016,11,17.00-17.59,2,0,2,0,0,0,0,0,0,236104.825,6715764.196
tieliikenne_2016.2407,2407,POINT (239349.8147 6712464.2744),2016,11,07.00-07.59,2,6,1,0,1,0,0,0,0,239349.8147,6712464.2744
tieliikenne_2016.2408,2408,POINT (242874.7942 6706891.4159),2016,11,12.00-12.59,3,4,3,0,0,0,0,0,0,242874.7942,6706891.4159
tieliikenne_2016.2409,2409,POINT (204831 6789934),2016,11,19.00-19.59,2,3,1,0,0,0,1,0,0,204831,6789934
tieliikenne_2016.2410,2410,POINT (245800.2762 6707054.1325),2016,11,06.00-06.59,2,5,1,0,0,1,0,0,0,245800.2762,6707054.1325
tieliikenne_2016.2411,2411,POINT (198641.8842 6747815.271),2016,11,09.00-09.59,2,8,0,1,0,0,0,0,0,198641.8842,6747815.271
tieliikenne_2016.2412,2412,POINT (223604.91 6829194.296),2016,11,14.00-14.59,2,4,1,0,0,1,0,0,0,223604.91,6829194.296
tieliikenne_2016.2413,2413,POINT (234133.7524 6714644.0188),2016,11,16.00-16.59,3,7,1,0,1,0,0,0,0,234133.7524,6714644.0188
tieliikenne_2016.2414,2414,POINT (267763.637 6737845.8871),2016,11,07.00-07.59,3,4,2,0,0,0,0,0,0,267763.637,6737845.8871
tieliikenne_2016.2415,2415,POINT (247023.3876 6840665.57),2016,11,12.00-12.59,2,8,1,0,0,0,0,0,0,247023.3876,6840665.57
tieliikenne_2016.2416,2416,POINT (246037.6481 6720404.3493),2016,11,20.00-20.59,3,8,0,0,0,0,0,0,1,246037.6481,6720404.3493
tieliikenne_2016.2417,2417,POINT (236601.8072 6712562.7551),2016,11,04.00-04.59,2,8,1,0,0,0,0,0,0,236601.8072,6712562.7551
tieliikenne_2016.2418,2418,POINT (232536.331 6844811.009),2016,11,08.00-08.59,2,8,1,0,0,0,0,0,0,232536.331,6844811.009
tieliikenne_2016.2419,2419,POINT (240060.3943 6714870.8735),2016,11,09.00-09.59,2,6,1,0,1,0,0,0,0,240060.3943,6714870.8735
tieliikenne_2016.2420,2420,POINT (309350.8927 6726481.6106),2016,11,10.00-10.59,1,6,1,0,1,0,0,0,0,309350.8927,6726481.6106
tieliikenne_2016.2421,2421,POINT (286471.0618 6732827.8617),2016,11,19.00-19.59,2,8,1,0,0,0,0,0,0,286471.0618,6732827.8617
tieliikenne_2016.2422,2422,POINT (239237.0516 6709541.4617),2016,11,08.00-08.59,2,4,1,0,0,1,0,0,0,239237.0516,6709541.4617
tieliikenne_2016.2423,2423,POINT (247466.0149 6714148.6678),2016,11,09.00-09.59,2,0,1,0,0,0,0,0,1,247466.0149,6714148.6678
tieliikenne_2016.2424,2424,POINT (204298.6284 6787436.2376),2016,11,06.00-06.59,2,1,1,0,0,0,1,0,0,204298.6284,6787436.2376
tieliikenne_2016.2425,2425,POINT (228404.0863 6821785.7313),2016,11,15.00-15.59,3,5,1,0,0,1,0,0,0,228404.0863,6821785.7313
tieliikenne_2016.2426,2426,POINT (250315.0082 6716737.3835),2016,11,20.00-20.59,2,6,1,0,1,0,0,0,0,250315.0082,6716737.3835
tieliikenne_2016.2427,2427,POINT (247513.9175 6662194.8658),2016,11,18.00-18.59,2,8,1,0,0,0,0,0,0,247513.9175,6662194.8658
tieliikenne_2016.2428,2428,POINT (234891.7146 6712108.0449),2016,11,10.00-10.59,2,8,1,0,0,0,0,0,0,234891.7146,6712108.0449
tieliikenne_2016.2429,2429,POINT (196476.2836 6754296.9756),2016,11,10.00-10.59,2,4,1,1,0,0,0,0,0,196476.2836,6754296.9756
tieliikenne_2016.2430,2430,POINT (203949.7959 6789886.2542),2016,12,11.00-11.59,2,4,1,0,0,1,0,0,0,203949.7959,6789886.2542
tieliikenne_2016.2431,2431,POINT (226495.1933 6684819.7298),2016,12,13.00-13.59,1,8,1,0,0,0,0,0,0,226495.1933,6684819.7298
tieliikenne_2016.2432,2432,POINT (251372.3492 6738809.3038),2016,12,08.00-08.59,2,8,1,0,0,0,0,0,0,251372.3492,6738809.3038
tieliikenne_2016.2433,2433,POINT (242358.6615 6784153.4039),2016,12,20.00-20.59,2,8,1,0,0,0,0,0,0,242358.6615,6784153.4039
tieliikenne_2016.2434,2434,POINT (235672.3266 6710761.5618),2016,12,21.00-21.59,2,8,1,0,0,0,0,0,0,235672.3266,6710761.5618
tieliikenne_2016.2435,2435,POINT (214460.9302 6786974.3765),2016,12,23.00-23.59,3,8,1,0,0,0,0,0,0,214460.9302,6786974.3765
tieliikenne_2016.2436,2436,POINT (242121.0806 6710026.5969),2016,12,02.00-02.59,2,8,1,0,0,0,0,0,0,242121.0806,6710026.5969
tieliikenne_2016.2437,2437,POINT (313328.5165 6729010.265),2016,12,10.00-10.59,2,8,1,0,0,0,0,0,0,313328.5165,6729010.265
tieliikenne_2016.2438,2438,POINT (237692 6713720),2016,12,14.00-14.59,2,4,2,0,0,0,0,0,0,237692,6713720
tieliikenne_2016.2439,2439,POINT (231365.9494 6721118.8971),2016,12,13.00-13.59,3,4,1,0,0,0,0,0,1,231365.9494,6721118.8971
tieliikenne_2016.2440,2440,POINT (212799.1714 6770318.8968),2016,12,16.00-16.59,2,8,1,0,0,0,0,0,0,212799.1714,6770318.8968
tieliikenne_2016.2441,2441,POINT (266094.7145 6865694.6996),2016,12,13.00-13.59,2,8,1,0,0,0,0,0,0,266094.7145,6865694.6996
tieliikenne_2016.2442,2442,POINT (241686.5536 6714084.4103),2016,12,15.00-15.59,2,6,0,1,1,0,0,0,0,241686.5536,6714084.4103
tieliikenne_2016.2443,2443,POINT (238094.7928 6711964.2955),2016,12,16.00-16.59,2,6,1,0,1,0,0,0,0,238094.7928,6711964.2955
tieliikenne_2016.2444,2444,POINT (218793.6031 6864690.4155),2016,12,04.00-04.59,3,7,0,1,1,0,0,0,0,218793.6031,6864690.4155
tieliikenne_2016.2445,2445,POINT (241021.5012 6712264.2515),2016,12,10.00-10.59,2,4,1,0,0,1,0,0,0,241021.5012,6712264.2515
tieliikenne_2016.2446,2446,POINT (250386.579 6800244.138),2016,12,10.00-10.59,2,1,1,0,0,1,0,0,0,250386.579,6800244.138
tieliikenne_2016.2447,2447,POINT (284143.3363 6701634.5203),2016,12,16.00-16.59,2,3,2,0,0,0,0,0,0,284143.3363,6701634.5203
tieliikenne_2016.2448,2448,POINT (238600.7665 6784612.8287),2016,12,16.00-16.59,2,0,1,1,0,0,0,0,0,238600.7665,6784612.8287
tieliikenne_2016.2449,2449,POINT (267266.4235 6754834.2757),2016,12,06.00-06.59,2,2,1,0,0,0,0,0,1,267266.4235,6754834.2757
tieliikenne_2016.2450,2450,POINT (231061.0655 6815374.3153),2016,12,15.00-15.59,2,2,2,0,0,0,0,0,0,231061.0655,6815374.3153
tieliikenne_2016.2451,2451,POINT (271648.8848 6905722.3525),2016,12,15.00-15.59,1,8,1,0,0,0,0,0,0,271648.8848,6905722.3525
tieliikenne_2016.2452,2452,POINT (243269.566 6707839.3728),2016,12,10.00-10.59,2,8,1,0,0,0,0,0,0,243269.566,6707839.3728
tieliikenne_2016.2453,2453,POINT (198834.5333 6744582.4912),2016,12,14.00-14.59,2,8,1,0,0,0,0,0,0,198834.5333,6744582.4912
tieliikenne_2016.2454,2454,POINT (254913.9018 6707428.88),2016,12,15.00-15.59,2,0,1,1,0,0,0,0,0,254913.9018,6707428.88
tieliikenne_2016.2455,2455,POINT (204757.6008 6790536.7769),2016,12,11.00-11.59,2,4,1,0,0,1,0,0,0,204757.6008,6790536.7769
tieliikenne_2016.2456,2456,POINT (239860.3702 6711036.7712),2016,12,21.00-21.59,2,6,0,1,1,0,0,0,0,239860.3702,6711036.7712
tieliikenne_2016.2457,2457,POINT (251976.7213 6773869.13),2016,12,19.00-19.59,3,4,1,1,0,0,0,0,0,251976.7213,6773869.13
tieliikenne_2016.2458,2458,POINT (234126.444 6716735.2071),2016,12,08.00-08.59,2,4,1,0,0,1,0,0,0,234126.444,6716735.2071
tieliikenne_2016.2459,2459,POINT (251701.5632 6715943.6081),2016,12,11.00-11.59,2,8,1,0,0,0,0,0,0,251701.5632,6715943.6081
tieliikenne_2016.2460,2460,POINT (238601.5013 6709414.1721),2016,12,06.00-06.59,2,6,1,0,1,0,0,0,0,238601.5013,6709414.1721
tieliikenne_2016.2461,2461,POINT (214662.3699 6807696.8549),2016,12,06.00-06.59,2,8,1,0,0,0,0,0,0,214662.3699,6807696.8549
tieliikenne_2016.2462,2462,POINT (286547.0248 6700970.0543),2016,12,12.00-12.59,2,6,1,0,1,0,0,0,0,286547.0248,6700970.0543
tieliikenne_2016.2463,2463,POINT (287499.336 6700395.585),2016,12,13.00-13.59,2,1,1,0,0,1,0,0,0,287499.336,6700395.585
tieliikenne_2016.2464,2464,POINT (220739.4444 6828652.2263),2016,12,16.00-16.59,2,1,2,0,0,0,0,0,0,220739.4444,6828652.2263
tieliikenne_2016.2465,2465,POINT (242825.3235 6709251.2531),2016,12,19.00-19.59,2,4,2,0,0,0,0,0,0,242825.3235,6709251.2531
tieliikenne_2016.2466,2466,POINT (224052.402 6827397.944),2016,12,09.00-09.59,2,3,1,0,0,1,0,0,0,224052.402,6827397.944
tieliikenne_2016.2467,2467,POINT (242128.699 6708175.9308),2016,12,10.00-10.59,2,4,2,0,0,0,0,0,0,242128.699,6708175.9308
tieliikenne_2016.2468,2468,POINT (211691.6595 6760770.7107),2016,12,12.00-12.59,2,0,2,0,0,0,0,0,0,211691.6595,6760770.7107
tieliikenne_2016.2469,2469,POINT (287165.7595 6702088.3638),2016,12,16.00-16.59,2,4,2,0,0,0,0,0,0,287165.7595,6702088.3638
tieliikenne_2016.2470,2470,POINT (274705.3599 6706377.0181),2016,12,17.00-17.59,2,0,1,1,0,0,0,0,0,274705.3599,6706377.0181
tieliikenne_2016.2471,2471,POINT (241984.4265 6711929.7403),2016,12,01.00-01.59,2,8,1,0,0,0,0,0,0,241984.4265,6711929.7403
tieliikenne_2016.2472,2472,POINT (284702.87 6701393.007),2016,12,12.00-12.59,2,4,1,0,0,1,0,0,0,284702.87,6701393.007
tieliikenne_2016.2473,2473,POINT (241059.3963 6708635.3351),2016,12,16.00-16.59,2,6,1,0,1,0,0,0,0,241059.3963,6708635.3351
tieliikenne_2016.2474,2474,POINT (243583.4325 6705733.691),2016,12,16.00-16.59,2,4,2,0,0,0,0,0,0,243583.4325,6705733.691
tieliikenne_2016.2475,2475,POINT (246696.7807 6713982.337),2016,12,17.00-17.59,2,2,3,0,0,0,0,0,0,246696.7807,6713982.337
tieliikenne_2016.2476,2476,POINT (244451.6749 6705635.5677),2016,12,12.00-12.59,2,4,1,0,0,1,0,0,0,244451.6749,6705635.5677
tieliikenne_2016.2477,2477,POINT (207470.4864 6796575.714),2016,12,14.00-14.59,2,8,1,0,0,0,0,0,0,207470.4864,6796575.714
tieliikenne_2016.2478,2478,POINT (226529.409 6724331.8079),2016,12,15.00-15.59,2,0,2,0,0,0,0,0,0,226529.409,6724331.8079
tieliikenne_2016.2479,2479,POINT (226826.1458 6723819.5019),2016,12,16.00-16.59,2,0,2,0,0,0,0,0,0,226826.1458,6723819.5019
tieliikenne_2016.2480,2480,POINT (249098.0507 6666915.1638),2016,12,18.00-18.59,2,8,1,0,0,0,0,0,0,249098.0507,6666915.1638
tieliikenne_2016.2481,2481,POINT (241836.0887 6695565.3211),2016,12,15.00-15.59,2,0,2,0,0,0,0,0,0,241836.0887,6695565.3211
tieliikenne_2016.2482,2482,POINT (275276.8622 6760761.1974),2016,12,21.00-21.59,2,8,1,0,0,0,0,0,0,275276.8622,6760761.1974
tieliikenne_2016.2483,2483,POINT (235962.6996 6712475.8594),2016,12,04.00-04.59,3,8,1,0,0,0,0,0,0,235962.6996,6712475.8594
tieliikenne_2016.2484,2484,POINT (258009.6699 6708617.1997),2016,12,12.00-12.59,3,3,2,0,0,0,0,0,0,258009.6699,6708617.1997
tieliikenne_2016.2485,2485,POINT (240329.3185 6709981.9507),2016,12,14.00-14.59,2,1,2,0,0,0,0,0,0,240329.3185,6709981.9507
tieliikenne_2016.2486,2486,POINT (238782.57 6809470.14),2016,12,14.00-14.59,2,9,0,0,0,0,1,0,0,238782.57,6809470.14
tieliikenne_2016.2487,2487,POINT (223416.6369 6828858.1737),2016,12,16.00-16.59,2,2,1,0,1,0,0,0,1,223416.6369,6828858.1737
tieliikenne_2016.2488,2488,POINT (246111.0165 6708925.7183),2016,12,18.00-18.59,2,4,1,0,0,1,0,0,0,246111.0165,6708925.7183
tieliikenne_2016.2489,2489,POINT (254603.226 6718686.4002),2016,12,19.00-19.59,2,1,2,0,0,0,0,0,0,254603.226,6718686.4002
tieliikenne_2016.2490,2490,POINT (207367.8575 6773220.0819),2016,12,16.00-16.59,2,4,2,0,0,0,0,0,0,207367.8575,6773220.0819
tieliikenne_2016.2491,2491,POINT (471293.358 6907374.0773),2016,1,14.00-14.59,1,2,1,1,0,0,0,0,0,471293.358,6907374.0773
tieliikenne_2016.2492,2492,POINT (319156.0358 6828620.3405),2016,1,16.00-16.59,2,6,1,0,1,0,0,0,0,319156.0358,6828620.3405
tieliikenne_2016.2493,2493,POINT (263460.6624 6823753.6974),2016,1,22.00-22.59,2,4,2,0,0,0,0,0,0,263460.6624,6823753.6974
tieliikenne_2016.2494,2494,POINT (313665.992 6821952.0747),2016,1,23.00-23.59,2,8,1,0,0,0,0,0,0,313665.992,6821952.0747
tieliikenne_2016.2495,2495,POINT (298648.3681 6824461.4727),2016,1,15.00-15.59,2,8,1,0,0,0,0,0,0,298648.3681,6824461.4727
tieliikenne_2016.2496,2496,POINT (376394.0152 6845979.467),2016,1,13.00-13.59,3,2,1,1,0,0,0,0,0,376394.0152,6845979.467
tieliikenne_2016.2497,2497,POINT (321017.9677 6818158.4389),2016,1,01.00-01.59,2,8,1,0,0,0,0,0,0,321017.9677,6818158.4389
tieliikenne_2016.2498,2498,POINT (335736.2039 6822557.8356),2016,1,03.00-03.59,3,8,1,0,0,0,0,0,0,335736.2039,6822557.8356
tieliikenne_2016.2499,2499,POINT (358474.9519 6847835.0201),2016,1,15.00-15.59,2,8,1,0,0,0,0,0,0,358474.9519,6847835.0201
tieliikenne_2016.2500,2500,POINT (433381.0054 6898734.9523),2016,1,17.00-17.59,2,4,2,0,0,0,0,0,0,433381.0054,6898734.9523
tieliikenne_2016.2501,2501,POINT (436138.8277 6900293.894),2016,1,12.00-12.59,2,0,2,0,0,0,0,0,0,436138.8277,6900293.894
tieliikenne_2016.2502,2502,POINT (322814.3082 6824939.4284),2016,1,13.00-13.59,2,5,3,0,0,0,0,0,0,322814.3082,6824939.4284
tieliikenne_2016.2503,2503,POINT (325042.9116 6872792.8835),2016,1,19.00-19.59,2,8,1,0,0,0,0,0,0,325042.9116,6872792.8835
tieliikenne_2016.2504,2504,POINT (315429.3844 6831203.5219),2016,1,16.00-16.59,2,3,2,0,0,0,0,0,0,315429.3844,6831203.5219
tieliikenne_2016.2505,2505,POINT (335744.0582 6829387.3897),2016,1,06.00-06.59,2,8,1,0,0,0,0,0,0,335744.0582,6829387.3897
tieliikenne_2016.2506,2506,POINT (315277.7597 6822800.0916),2016,1,13.00-13.59,2,2,3,0,0,0,0,0,0,315277.7597,6822800.0916
tieliikenne_2016.2507,2507,POINT (440082.9384 6909273.5054),2016,1,09.00-09.59,2,3,2,0,0,0,0,0,0,440082.9384,6909273.5054
tieliikenne_2016.2508,2508,POINT (431287.7566 6893956.8647),2016,1,16.00-16.59,1,2,1,1,0,0,0,0,0,431287.7566,6893956.8647
tieliikenne_2016.2509,2509,POINT (297766.3295 6841104.2915),2016,1,14.00-14.59,2,0,2,0,0,0,0,0,0,297766.3295,6841104.2915
tieliikenne_2016.2510,2510,POINT (373809.6612 6905209.9147),2016,1,02.00-02.59,2,8,1,0,0,0,0,0,0,373809.6612,6905209.9147
tieliikenne_2016.2511,2511,POINT (305209.5997 6845227.7576),2016,1,02.00-02.59,3,8,1,0,0,0,0,0,0,305209.5997,6845227.7576
tieliikenne_2016.2512,2512,POINT (344240.4021 6780636.6831),2016,1,11.00-11.59,2,0,1,1,0,0,0,0,0,344240.4021,6780636.6831
tieliikenne_2016.2513,2513,POINT (337768.9825 6796272.0115),2016,1,13.00-13.59,2,5,2,0,0,0,0,0,0,337768.9825,6796272.0115
tieliikenne_2016.2514,2514,POINT (424284.2166 6924380.5702),2016,1,21.00-21.59,2,8,1,0,0,0,0,0,0,424284.2166,6924380.5702
tieliikenne_2016.2515,2515,POINT (431933.5225 6899692.1928),2016,1,11.00-11.59,2,3,2,0,0,0,0,0,0,431933.5225,6899692.1928
tieliikenne_2016.2516,2516,POINT (415602.1672 6915514.9087),2016,1,10.00-10.59,2,2,2,0,0,0,0,0,0,415602.1672,6915514.9087
tieliikenne_2016.2517,2517,POINT (311314.637 6773383.0937),2016,1,06.00-06.59,2,8,1,0,0,0,0,0,0,311314.637,6773383.0937
tieliikenne_2016.2518,2518,POINT (314406.889 6821029.8497),2016,1,14.00-14.59,2,6,1,0,1,0,0,0,0,314406.889,6821029.8497
tieliikenne_2016.2519,2519,POINT (435942.955 6902630.5427),2016,1,20.00-20.59,2,1,2,0,0,0,0,0,0,435942.955,6902630.5427
tieliikenne_2016.2520,2520,POINT (354045.5364 6803816.5945),2016,1,08.00-08.59,2,5,2,0,0,0,0,0,0,354045.5364,6803816.5945
tieliikenne_2016.2521,2521,POINT (436626.2024 6904581.0516),2016,1,13.00-13.59,2,0,2,0,0,0,0,0,0,436626.2024,6904581.0516
tieliikenne_2016.2522,2522,POINT (359429.4639 6843689.2209),2016,1,17.00-17.59,2,2,1,1,0,0,0,0,0,359429.4639,6843689.2209
tieliikenne_2016.2523,2523,POINT (388914.4166 6895769.9092),2016,1,08.00-08.59,2,8,0,1,0,0,0,0,0,388914.4166,6895769.9092
tieliikenne_2016.2524,2524,POINT (329883.6879 6819640.6934),2016,1,18.00-18.59,2,6,1,0,1,0,0,0,0,329883.6879,6819640.6934
tieliikenne_2016.2525,2525,POINT (404192.3567 6856829.0288),2016,2,18.00-18.59,2,9,1,0,0,0,0,0,0,404192.3567,6856829.0288
tieliikenne_2016.2526,2526,POINT (333535.9975 6819975.9999),2016,1,15.00-15.59,2,0,1,1,0,0,0,0,0,333535.9975,6819975.9999
tieliikenne_2016.2527,2527,POINT (378892.7761 6878558.7748),2016,1,17.00-17.59,2,4,2,0,0,0,0,0,0,378892.7761,6878558.7748
tieliikenne_2016.2528,2528,POINT (297748.4483 6841135.0309),2016,1,13.00-13.59,3,1,2,0,0,0,0,0,0,297748.4483,6841135.0309
tieliikenne_2016.2529,2529,POINT (433115.8758 6917922.8797),2016,1,12.00-12.59,2,0,2,0,0,0,0,0,0,433115.8758,6917922.8797
tieliikenne_2016.2530,2530,POINT (328926.4789 6822175.168),2016,1,08.00-08.59,2,0,3,0,0,0,0,0,0,328926.4789,6822175.168
tieliikenne_2016.2531,2531,POINT (331993.1035 6819228.2979),2016,1,09.00-09.59,2,8,1,0,0,0,0,0,0,331993.1035,6819228.2979
tieliikenne_2016.2532,2532,POINT (334236.9263 6822310.9765),2016,1,10.00-10.59,2,8,1,0,0,0,0,0,0,334236.9263,6822310.9765
tieliikenne_2016.2533,2533,POINT (291385.4536 6825089.8743),2016,1,11.00-11.59,2,0,0,1,0,0,0,0,1,291385.4536,6825089.8743
tieliikenne_2016.2534,2534,POINT (325033.9009 6794504.0878),2016,1,12.00-12.59,2,0,0,2,0,0,0,0,0,325033.9009,6794504.0878
tieliikenne_2016.2535,2535,POINT (342467.685 6796280.8801),2016,1,15.00-15.59,2,7,1,0,1,0,0,0,0,342467.685,6796280.8801
tieliikenne_2016.2536,2536,POINT (345763.1256 6828589.1618),2016,1,07.00-07.59,2,0,1,1,0,0,0,0,0,345763.1256,6828589.1618
tieliikenne_2016.2537,2537,POINT (339391.0808 6797911.1391),2016,1,12.00-12.59,2,6,1,0,1,0,0,0,0,339391.0808,6797911.1391
tieliikenne_2016.2538,2538,POINT (285804.7957 6814464.7483),2016,1,23.00-23.59,2,8,1,0,0,0,0,0,0,285804.7957,6814464.7483
tieliikenne_2016.2539,2539,POINT (329218.9543 6819786.4998),2016,1,10.00-10.59,2,2,2,0,0,0,0,0,0,329218.9543,6819786.4998
tieliikenne_2016.2540,2540,POINT (412583.7858 6863739.8334),2016,1,12.00-12.59,3,4,2,0,0,0,0,0,0,412583.7858,6863739.8334
tieliikenne_2016.2541,2541,POINT (330725.4929 6822155.9036),2016,1,18.00-18.59,2,7,1,0,1,0,0,0,0,330725.4929,6822155.9036
tieliikenne_2016.2542,2542,POINT (327861.515 6818482.8928),2016,1,09.00-09.59,2,8,1,0,0,0,0,0,0,327861.515,6818482.8928
tieliikenne_2016.2543,2543,POINT (403946.5449 6863070.9948),2016,3,22.00-22.59,2,8,0,0,0,0,1,0,0,403946.5449,6863070.9948
tieliikenne_2016.2544,2544,POINT (437007.3766 6901630.4051),2016,1,10.00-10.59,2,0,1,1,0,0,0,0,0,437007.3766,6901630.4051
tieliikenne_2016.2545,2545,POINT (371878.1766 6992789.4233),2016,1,17.00-17.59,2,0,2,0,0,0,0,0,0,371878.1766,6992789.4233
tieliikenne_2016.2546,2546,POINT (430565.0459 6854787.7813),2016,1,18.00-18.59,2,8,1,0,0,0,0,0,0,430565.0459,6854787.7813
tieliikenne_2016.2547,2547,POINT (314038.6365 6821332.9837),2016,2,08.00-08.59,2,6,1,0,0,1,0,0,0,314038.6365,6821332.9837
tieliikenne_2016.2548,2548,POINT (409665.6251 6834383.1269),2016,2,10.00-10.59,2,2,1,1,0,0,0,0,0,409665.6251,6834383.1269
tieliikenne_2016.2549,2549,POINT (318932.6238 6778289.6119),2016,2,07.00-07.59,2,8,1,0,0,0,0,0,0,318932.6238,6778289.6119
tieliikenne_2016.2550,2550,POINT (435144.6603 6901622.3299),2016,2,15.00-15.59,2,0,2,1,0,0,0,0,0,435144.6603,6901622.3299
tieliikenne_2016.2551,2551,POINT (433859.545 6894897.0104),2016,2,08.00-08.59,2,2,2,0,0,0,0,0,0,433859.545,6894897.0104
tieliikenne_2016.2552,2552,POINT (327785.5551 6818009.771),2016,2,13.00-13.59,2,9,1,1,0,0,0,0,0,327785.5551,6818009.771
tieliikenne_2016.2553,2553,POINT (329840.0148 6820423.1636),2016,2,20.00-20.59,3,7,1,0,1,0,0,0,0,329840.0148,6820423.1636
tieliikenne_2016.2554,2554,POINT (389730.7694 6874694.2541),2016,3,20.00-20.59,3,9,1,0,0,0,0,0,0,389730.7694,6874694.2541
tieliikenne_2016.2555,2555,POINT (440231.6087 6981065.0254),2016,2,09.00-09.59,2,8,1,0,0,0,0,0,0,440231.6087,6981065.0254
tieliikenne_2016.2556,2556,POINT (348092.2938 6951136.3357),2016,2,14.00-14.59,3,2,2,0,0,0,0,0,0,348092.2938,6951136.3357
tieliikenne_2016.2557,2557,POINT (331704.9439 6817389.074),2016,2,14.00-14.59,2,9,0,1,1,0,0,0,0,331704.9439,6817389.074
tieliikenne_2016.2558,2558,POINT (420220.5326 6874570.4962),2016,4,18.00-18.59,2,9,1,0,0,0,0,0,0,420220.5326,6874570.4962
tieliikenne_2016.2559,2559,POINT (430682.8966 6902318.3335),2016,2,12.00-12.59,2,5,1,1,0,0,0,0,0,430682.8966,6902318.3335
tieliikenne_2016.2560,2560,POINT (424048.2768 6876786.6371),2016,2,16.00-16.59,2,0,1,0,0,0,0,0,1,424048.2768,6876786.6371
tieliikenne_2016.2561,2561,POINT (315078.486 6778223.2559),2016,2,17.00-17.59,2,7,1,0,1,0,0,0,0,315078.486,6778223.2559
tieliikenne_2016.2562,2562,POINT (356986.2061 6835136.1445),2016,2,12.00-12.59,1,8,0,1,0,0,0,0,0,356986.2061,6835136.1445
tieliikenne_2016.2563,2563,POINT (341548.7285 6818405.4741),2016,4,16.00-16.59,1,9,0,0,0,1,0,0,0,341548.7285,6818405.4741
tieliikenne_2016.2564,2564,POINT (433718.8967 6906837.9566),2016,2,04.00-04.59,2,8,1,0,0,0,0,0,0,433718.8967,6906837.9566
tieliikenne_2016.2565,2565,POINT (340296.2649 6826287.4975),2016,2,05.00-05.59,3,5,1,1,0,0,0,0,0,340296.2649,6826287.4975
tieliikenne_2016.2566,2566,POINT (313281.0794 6822182.6514),2016,2,12.00-12.59,2,6,1,0,1,0,0,0,0,313281.0794,6822182.6514
tieliikenne_2016.2567,2567,POINT (318124.8109 6774265.7157),2016,2,21.00-21.59,2,9,0,0,0,0,1,0,0,318124.8109,6774265.7157
tieliikenne_2016.2568,2568,POINT (334265.4803 6794273.7994),2016,2,01.00-01.59,2,8,1,0,0,0,0,0,0,334265.4803,6794273.7994
tieliikenne_2016.2569,2569,POINT (436037.4814 6905403.5885),2016,2,11.00-11.59,2,2,2,0,0,0,0,0,0,436037.4814,6905403.5885
tieliikenne_2016.2570,2570,POINT (304799.8908 6815477.2572),2016,2,16.00-16.59,2,0,1,1,0,0,0,0,0,304799.8908,6815477.2572
tieliikenne_2016.2571,2571,POINT (352426.7063 6837609.4451),2016,2,03.00-03.59,2,8,1,0,0,0,0,0,0,352426.7063,6837609.4451
tieliikenne_2016.2572,2572,POINT (321853.0021 6825113.0895),2016,2,09.00-09.59,2,7,2,0,2,0,0,0,0,321853.0021,6825113.0895
tieliikenne_2016.2573,2573,POINT (397629.4394 6856185.202),2016,5,21.00-21.59,2,9,1,0,0,0,0,0,0,397629.4394,6856185.202
tieliikenne_2016.2574,2574,POINT (419028.918 6963581.2488),2016,5,21.00-21.59,2,9,1,0,0,0,0,0,0,419028.918,6963581.2488
tieliikenne_2016.2575,2575,POINT (318942.2941 6839769.9598),2016,2,10.00-10.59,2,5,2,0,0,0,0,0,0,318942.2941,6839769.9598
tieliikenne_2016.2576,2576,POINT (316708.921 6796022.8307),2016,2,14.00-14.59,2,2,2,0,0,0,0,0,0,316708.921,6796022.8307
tieliikenne_2016.2577,2577,POINT (355695.5548 6799056.377),2016,2,15.00-15.59,2,1,2,0,0,0,0,0,0,355695.5548,6799056.377
tieliikenne_2016.2578,2578,POINT (436848.1096 6905505.5439),2016,2,08.00-08.59,2,1,1,1,0,0,0,0,0,436848.1096,6905505.5439
tieliikenne_2016.2579,2579,POINT (315115.0604 6820284.6519),2016,2,11.00-11.59,2,2,1,1,0,0,0,0,0,315115.0604,6820284.6519
tieliikenne_2016.2580,2580,POINT (470869.995 6917428.7068),2016,2,15.00-15.59,2,6,1,0,1,0,0,0,0,470869.995,6917428.7068
tieliikenne_2016.2581,2581,POINT (331579.4115 6819598.8275),2016,2,22.00-22.59,3,8,1,0,0,0,0,0,0,331579.4115,6819598.8275
tieliikenne_2016.2582,2582,POINT (313702.3727 6819005.6695),2016,2,17.00-17.59,2,4,2,0,0,0,0,0,0,313702.3727,6819005.6695
tieliikenne_2016.2583,2583,POINT (354836.4816 6802626.5036),2016,2,07.00-07.59,3,5,2,0,0,0,0,0,0,354836.4816,6802626.5036
tieliikenne_2016.2584,2584,POINT (436319.3549 6903992.1604),2016,2,11.00-11.59,2,0,1,1,0,0,0,0,0,436319.3549,6903992.1604
tieliikenne_2016.2585,2585,POINT (405124.5854 6860646.8722),2016,2,14.00-14.59,2,6,1,0,1,0,0,0,0,405124.5854,6860646.8722
tieliikenne_2016.2586,2586,POINT (343278.246 6781326.9724),2016,5,19.00-19.59,2,9,2,0,0,0,0,0,0,343278.246,6781326.9724
tieliikenne_2016.2587,2587,POINT (326579.7975 6816538.0905),2016,2,15.00-15.59,2,0,1,0,0,0,0,0,1,326579.7975,6816538.0905
tieliikenne_2016.2588,2588,POINT (435658.2552 6902371.0423),2016,2,09.00-09.59,2,0,2,0,0,0,0,0,0,435658.2552,6902371.0423
tieliikenne_2016.2589,2589,POINT (331962.9545 6785467.5533),2016,2,10.00-10.59,3,6,0,1,1,0,0,0,0,331962.9545,6785467.5533
tieliikenne_2016.2590,2590,POINT (291984.2797 6881706.2835),2016,2,16.00-16.59,2,5,1,0,0,0,1,0,0,291984.2797,6881706.2835
tieliikenne_2016.2591,2591,POINT (387327.5227 6849736.233),2016,2,17.00-17.59,3,2,2,0,0,0,0,0,0,387327.5227,6849736.233
tieliikenne_2016.2592,2592,POINT (332815.7201 6820240.6942),2016,2,13.00-13.59,2,8,1,0,0,0,0,0,0,332815.7201,6820240.6942
tieliikenne_2016.2593,2593,POINT (320456.3689 6824139.6935),2016,3,12.00-12.59,2,4,1,0,0,1,0,0,0,320456.3689,6824139.6935
tieliikenne_2016.2594,2594,POINT (340828.3005 6795717.4649),2016,3,21.00-21.59,2,3,1,0,0,0,1,0,0,340828.3005,6795717.4649
tieliikenne_2016.2595,2595,POINT (306525.2795 6777504.5274),2016,6,16.00-16.59,2,9,0,0,0,0,0,1,0,306525.2795,6777504.5274
tieliikenne_2016.2596,2596,POINT (326777.0649 6892493.9977),2016,3,12.00-12.59,2,2,2,0,0,0,0,0,0,326777.0649,6892493.9977
tieliikenne_2016.2597,2597,POINT (433082.9962 6900650.4104),2016,3,07.00-07.59,2,5,1,0,0,1,0,0,0,433082.9962,6900650.4104
tieliikenne_2016.2598,2598,POINT (381820.1805 6903490.8235),2016,3,11.00-11.59,2,4,2,0,0,0,0,0,0,381820.1805,6903490.8235
tieliikenne_2016.2599,2599,POINT (284398.1831 6805268.7417),2016,7,21.00-21.59,2,9,1,0,0,0,0,1,0,284398.1831,6805268.7417
tieliikenne_2016.2600,2600,POINT (466397.7747 6942981.9216),2016,3,15.00-15.59,2,2,2,0,0,0,0,0,0,466397.7747,6942981.9216
tieliikenne_2016.2601,2601,POINT (366589.8295 6821196.9928),2016,3,16.00-16.59,2,2,2,0,0,0,0,0,0,366589.8295,6821196.9928
tieliikenne_2016.2602,2602,POINT (319006.2514 6822239.1398),2016,3,23.00-23.59,2,8,1,0,0,0,0,0,0,319006.2514,6822239.1398
tieliikenne_2016.2603,2603,POINT (385180.3197 6887996.4042),2016,3,17.00-17.59,2,2,2,0,0,0,0,0,0,385180.3197,6887996.4042
tieliikenne_2016.2604,2604,POINT (326977.5856 6822792.4009),2016,3,07.00-07.59,2,4,1,0,0,1,0,0,0,326977.5856,6822792.4009
tieliikenne_2016.2605,2605,POINT (327923.0014 6823610.9701),2016,3,13.00-13.59,2,0,1,1,0,0,0,0,0,327923.0014,6823610.9701
tieliikenne_2016.2606,2606,POINT (320769.2881 6826740.14),2016,3,05.00-05.59,2,8,1,0,0,0,0,0,0,320769.2881,6826740.14
tieliikenne_2016.2607,2607,POINT (328627.9432 6822753.6607),2016,3,10.00-10.59,2,4,1,0,0,1,0,0,0,328627.9432,6822753.6607
tieliikenne_2016.2608,2608,POINT (435503.0138 6903608.608),2016,3,14.00-14.59,2,0,2,0,0,0,0,0,0,435503.0138,6903608.608
tieliikenne_2016.2609,2609,POINT (473805.8524 6908931.0785),2016,3,21.00-21.59,2,8,1,0,0,0,0,0,0,473805.8524,6908931.0785
tieliikenne_2016.2610,2610,POINT (439956.6422 6901733.9768),2016,3,13.00-13.59,2,4,1,0,0,1,0,0,0,439956.6422,6901733.9768
tieliikenne_2016.2611,2611,POINT (290207.8022 6854070.8437),2016,3,14.00-14.59,2,0,2,0,0,0,0,0,0,290207.8022,6854070.8437
tieliikenne_2016.2612,2612,POINT (332552.2949 6819185.072),2016,3,06.00-06.59,2,0,4,0,0,0,0,0,0,332552.2949,6819185.072
tieliikenne_2016.2613,2613,POINT (295237.9255 6860947.5431),2016,8,22.00-22.59,2,9,1,0,0,0,0,0,0,295237.9255,6860947.5431
tieliikenne_2016.2614,2614,POINT (466536.4063 6914715.6093),2016,3,12.00-12.59,2,8,1,0,0,0,0,0,0,466536.4063,6914715.6093
tieliikenne_2016.2615,2615,POINT (435645.7561 6949106.1966),2016,8,04.00-04.59,2,9,0,0,0,0,0,1,0,435645.7561,6949106.1966
tieliikenne_2016.2616,2616,POINT (310025.5404 6871055.051),2016,3,07.00-07.59,2,8,1,0,0,0,0,0,0,310025.5404,6871055.051
tieliikenne_2016.2617,2617,POINT (312026.5389 6823186.2703),2016,3,15.00-15.59,2,2,1,1,0,0,0,0,0,312026.5389,6823186.2703
tieliikenne_2016.2618,2618,POINT (326931.2758 6814167.3831),2016,3,17.00-17.59,2,0,3,0,0,0,0,0,0,326931.2758,6814167.3831
tieliikenne_2016.2619,2619,POINT (339904.9628 6826321.2329),2016,3,19.00-19.59,2,8,1,0,0,0,0,0,0,339904.9628,6826321.2329
tieliikenne_2016.2620,2620,POINT (314094.1985 6784357.7531),2016,8,19.00-19.59,2,9,0,0,0,0,1,0,0,314094.1985,6784357.7531
tieliikenne_2016.2621,2621,POINT (374192.8976 6879684.8729),2016,3,12.00-12.59,2,2,2,0,0,0,0,0,0,374192.8976,6879684.8729
tieliikenne_2016.2622,2622,POINT (324931.6513 6792058.7669),2016,3,17.00-17.59,2,4,2,0,0,0,0,0,0,324931.6513,6792058.7669
tieliikenne_2016.2623,2623,POINT (290162.9613 6854162.9811),2016,3,17.00-17.59,2,8,1,0,0,0,0,0,0,290162.9613,6854162.9811
tieliikenne_2016.2624,2624,POINT (366603.5209 6857118.2506),2016,3,20.00-20.59,1,2,1,1,0,0,0,0,0,366603.5209,6857118.2506
tieliikenne_2016.2625,2625,POINT (317310.8051 6779383.501),2016,3,18.00-18.59,2,4,2,0,0,0,0,0,0,317310.8051,6779383.501
tieliikenne_2016.2626,2626,POINT (327043.3329 6914551.1875),2016,3,12.00-12.59,2,0,1,1,0,0,0,0,0,327043.3329,6914551.1875
tieliikenne_2016.2627,2627,POINT (460729.8831 6895119.3136),2016,3,23.00-23.59,2,2,3,0,2,0,0,0,0,460729.8831,6895119.3136
tieliikenne_2016.2628,2628,POINT (335807.0531 6819537.9411),2016,4,17.00-17.59,2,4,1,0,0,0,0,0,1,335807.0531,6819537.9411
tieliikenne_2016.2629,2629,POINT (321903.3778 6785211.7245),2016,4,03.00-03.59,2,1,2,0,0,0,0,0,0,321903.3778,6785211.7245
tieliikenne_2016.2630,2630,POINT (328172.6627 6806496.6873),2016,4,14.00-14.59,2,0,2,0,0,0,0,0,0,328172.6627,6806496.6873
tieliikenne_2016.2631,2631,POINT (279443.9145 6804308.6219),2016,4,19.00-19.59,2,7,0,0,1,0,1,0,0,279443.9145,6804308.6219
tieliikenne_2016.2632,2632,POINT (294878.4908 6838102.0789),2016,9,12.00-12.59,2,9,1,0,0,0,0,0,0,294878.4908,6838102.0789
tieliikenne_2016.2633,2633,POINT (441409.8232 6910475.8904),2016,4,01.00-01.59,2,8,1,0,0,0,0,0,0,441409.8232,6910475.8904
tieliikenne_2016.2634,2634,POINT (284162.8419 6829556.1975),2016,4,06.00-06.59,2,8,0,1,0,0,0,0,0,284162.8419,6829556.1975
tieliikenne_2016.2635,2635,POINT (433066.0784 6946353.7165),2016,4,18.00-18.59,2,1,1,0,0,0,1,0,0,433066.0784,6946353.7165
tieliikenne_2016.2636,2636,POINT (333187.1041 6836611.2581),2016,4,20.00-20.59,2,2,2,0,0,0,0,0,0,333187.1041,6836611.2581
tieliikenne_2016.2637,2637,POINT (435161.1164 6901359.0846),2016,4,15.00-15.59,2,7,0,0,1,1,0,0,0,435161.1164,6901359.0846
tieliikenne_2016.2638,2638,POINT (334186.1508 6843783.7754),2016,4,12.00-12.59,2,8,1,0,0,0,0,0,0,334186.1508,6843783.7754
tieliikenne_2016.2639,2639,POINT (434550.4284 6901231.4092),2016,4,13.00-13.59,2,1,1,0,0,1,0,0,0,434550.4284,6901231.4092
tieliikenne_2016.2640,2640,POINT (439111.4225 6965204.6319),2016,4,15.00-15.59,2,8,1,0,0,0,0,0,0,439111.4225,6965204.6319
tieliikenne_2016.2641,2641,POINT (432448.0448 7035021.226),2016,10,20.00-20.59,2,9,1,0,0,0,0,0,0,432448.0448,7035021.226
tieliikenne_2016.2642,2642,POINT (427016.0241 6882793.2853),2016,4,10.00-10.59,3,7,1,0,2,0,0,0,0,427016.0241,6882793.2853
tieliikenne_2016.2643,2643,POINT (434896.7595 6903568.0359),2016,4,16.00-16.59,2,4,0,0,0,2,0,0,0,434896.7595,6903568.0359
tieliikenne_2016.2644,2644,POINT (313764 6819208),2016,4,10.00-10.59,2,9,1,0,0,0,0,0,0,313764,6819208
tieliikenne_2016.2645,2645,POINT (323227.3329 6817466.6584),2016,4,19.00-19.59,2,0,2,0,0,0,0,0,0,323227.3329,6817466.6584
tieliikenne_2016.2646,2646,POINT (327916.541 6823595.2507),2016,4,07.00-07.59,2,0,2,0,0,0,0,0,0,327916.541,6823595.2507
tieliikenne_2016.2647,2647,POINT (327940.8719 6864861.2019),2016,4,07.00-07.59,2,8,1,0,0,0,0,0,0,327940.8719,6864861.2019
tieliikenne_2016.2648,2648,POINT (428681.3378 7027497.1785),2016,4,11.00-11.59,2,9,1,0,1,0,0,0,0,428681.3378,7027497.1785
tieliikenne_2016.2649,2649,POINT (271043.6825 6803257.4026),2016,4,15.00-15.59,2,0,1,0,0,0,1,0,0,271043.6825,6803257.4026
tieliikenne_2016.2650,2650,POINT (432966.0053 6900635.5742),2016,4,19.00-19.59,2,5,1,1,0,0,0,0,0,432966.0053,6900635.5742
tieliikenne_2016.2651,2651,POINT (420873.6026 7010827.4717),2016,10,12.00-12.59,3,9,0,0,0,0,0,0,1,420873.6026,7010827.4717
tieliikenne_2016.2652,2652,POINT (329004.9072 6822602.0925),2016,4,11.00-11.59,2,5,0,1,0,1,0,0,0,329004.9072,6822602.0925
tieliikenne_2016.2653,2653,POINT (333662.2924 6819437.3832),2016,4,13.00-13.59,2,1,1,0,0,1,0,0,0,333662.2924,6819437.3832
tieliikenne_2016.2654,2654,POINT (326076.3922 6870120.1462),2016,4,22.00-22.59,2,8,1,0,0,0,0,0,0,326076.3922,6870120.1462
tieliikenne_2016.2655,2655,POINT (409869.9076 6989550.078),2016,10,14.00-14.59,3,9,1,0,0,0,0,0,0,409869.9076,6989550.078
tieliikenne_2016.2656,2656,POINT (280816.0107 6808383.6467),2016,4,12.00-12.59,2,4,1,0,0,1,0,0,0,280816.0107,6808383.6467
tieliikenne_2016.2657,2657,POINT (316595.492 6817708.6478),2016,4,22.00-22.59,2,8,1,0,0,0,0,0,0,316595.492,6817708.6478
tieliikenne_2016.2658,2658,POINT (433064.0113 6917561.4091),2016,11,07.00-07.59,1,7,0,1,1,0,0,0,0,433064.0113,6917561.4091
tieliikenne_2016.2659,2659,POINT (384384.2463 6985474.3817),2016,4,11.00-11.59,2,1,2,0,0,0,0,0,0,384384.2463,6985474.3817
tieliikenne_2016.2660,2660,POINT (293437.2384 6833826.0688),2016,11,17.00-17.59,2,9,1,0,0,0,0,0,0,293437.2384,6833826.0688
tieliikenne_2016.2661,2661,POINT (318715.9463 6770448.3518),2016,4,14.00-14.59,2,8,1,0,0,0,0,0,0,318715.9463,6770448.3518
tieliikenne_2016.2662,2662,POINT (317481.7645 6847124.2913),2016,4,13.00-13.59,3,2,2,0,0,0,0,0,0,317481.7645,6847124.2913
tieliikenne_2016.2663,2663,POINT (418844.2181 6935239.6323),2016,4,17.00-17.59,2,8,1,0,0,0,0,0,0,418844.2181,6935239.6323
tieliikenne_2016.2664,2664,POINT (288608.8961 6857253.1213),2016,4,08.00-08.59,2,8,1,0,0,0,0,0,0,288608.8961,6857253.1213
tieliikenne_2016.2665,2665,POINT (381191.1235 6885091.3686),2016,11,17.00-17.59,2,9,1,0,0,0,0,0,0,381191.1235,6885091.3686
tieliikenne_2016.2666,2666,POINT (432306.3783 6901189.6163),2016,4,15.00-15.59,2,9,0,1,1,0,0,0,0,432306.3783,6901189.6163
tieliikenne_2016.2667,2667,POINT (323252.633 6824298.8731),2016,4,20.00-20.59,2,8,1,0,0,0,0,0,0,323252.633,6824298.8731
tieliikenne_2016.2668,2668,POINT (311743.6948 6777954.4881),2016,4,19.00-19.59,3,8,1,0,0,0,0,0,0,311743.6948,6777954.4881
tieliikenne_2016.2669,2669,POINT (409569.5439 6835285.5351),2016,11,06.00-06.59,2,9,1,0,0,0,0,0,0,409569.5439,6835285.5351
tieliikenne_2016.2670,2670,POINT (329171.4215 6818410.974),2016,4,16.00-16.59,2,8,0,0,0,0,0,1,0,329171.4215,6818410.974
tieliikenne_2016.2671,2671,POINT (434904.255 6902086.7817),2016,4,07.00-07.59,2,7,0,0,1,1,0,0,0,434904.255,6902086.7817
tieliikenne_2016.2672,2672,POINT (317024.3527 6823263.603),2016,4,18.00-18.59,2,4,0,0,0,0,0,2,0,317024.3527,6823263.603
tieliikenne_2016.2673,2673,POINT (420305.2378 6874622.2176),2016,12,17.00-17.59,2,9,2,0,0,0,0,0,0,420305.2378,6874622.2176
tieliikenne_2016.2674,2674,POINT (317505.7363 6823407.7806),2016,4,08.00-08.59,2,5,0,1,0,1,0,0,0,317505.7363,6823407.7806
tieliikenne_2016.2675,2675,POINT (436920.1009 6899986.8734),2016,4,08.00-08.59,2,1,1,0,0,1,0,0,0,436920.1009,6899986.8734
tieliikenne_2016.2676,2676,POINT (324797.1782 6865697.0909),2016,4,15.00-15.59,2,4,0,1,0,1,0,0,0,324797.1782,6865697.0909
tieliikenne_2016.2677,2677,POINT (437082.5506 6904975.8312),2016,4,01.00-01.59,2,8,1,0,0,0,0,0,0,437082.5506,6904975.8312
tieliikenne_2016.2678,2678,POINT (360601.6959 6838195.3099),2016,4,03.00-03.59,3,8,1,0,0,0,0,0,0,360601.6959,6838195.3099
tieliikenne_2016.2679,2679,POINT (328751.8612 6819277.197),2016,4,12.00-12.59,2,9,0,0,0,0,1,0,0,328751.8612,6819277.197
tieliikenne_2016.2680,2680,POINT (326464.0884 6801928.2382),2016,4,22.00-22.59,2,0,1,0,0,0,0,1,0,326464.0884,6801928.2382
tieliikenne_2016.2681,2681,POINT (429128.1018 6905632.9526),2016,5,01.00-01.59,3,8,1,0,0,0,0,0,0,429128.1018,6905632.9526
tieliikenne_2016.2682,2682,POINT (337804.5092 6920121.6043),2016,5,03.00-03.59,2,8,1,0,0,0,0,0,0,337804.5092,6920121.6043
tieliikenne_2016.2683,2683,POINT (459135.2149 6902493.2807),2016,5,12.00-12.59,2,4,2,0,0,0,0,0,0,459135.2149,6902493.2807
tieliikenne_2016.2684,2684,POINT (403385.8594 6827541.8957),2016,5,19.00-19.59,2,4,0,1,0,0,1,0,0,403385.8594,6827541.8957
tieliikenne_2016.2685,2685,POINT (292090.0289 6775206.0037),2016,12,12.00-12.59,1,9,0,0,0,0,0,0,1,292090.0289,6775206.0037
tieliikenne_2016.2686,2686,POINT (433390.1025 6902077.8023),2016,5,16.00-16.59,2,2,1,0,0,0,0,1,0,433390.1025,6902077.8023
tieliikenne_2016.2687,2687,POINT (443678.1071 6894008.7358),2016,12,16.00-16.59,2,8,1,0,0,0,0,0,0,443678.1071,6894008.7358
tieliikenne_2016.2688,2688,POINT (331487.9696 6821052.8261),2016,5,18.00-18.59,2,0,1,0,0,0,1,0,0,331487.9696,6821052.8261
tieliikenne_2016.2689,2689,POINT (441044.1693 6937589.5153),2016,5,18.00-18.59,2,0,1,0,0,0,0,1,0,441044.1693,6937589.5153
tieliikenne_2016.2690,2690,POINT (277960.636 6831440.3361),2016,5,18.00-18.59,2,8,1,0,0,0,0,0,0,277960.636,6831440.3361
tieliikenne_2016.2691,2691,POINT (433082.1998 6895805.5806),2016,5,11.00-11.59,2,3,1,0,0,0,1,0,0,433082.1998,6895805.5806
tieliikenne_2016.2692,2692,POINT (328319.9991 6806706.4335),2016,5,18.00-18.59,2,5,1,0,0,1,0,0,0,328319.9991,6806706.4335
tieliikenne_2016.2693,2693,POINT (332437.7647 6816277.75),2016,5,22.00-22.59,2,9,1,0,0,0,0,0,0,332437.7647,6816277.75
tieliikenne_2016.2694,2694,POINT (305157.5487 6874460.7401),2016,5,16.00-16.59,2,8,1,0,0,0,0,0,0,305157.5487,6874460.7401
tieliikenne_2016.2695,2695,POINT (398372.7403 6913325.0329),2016,5,16.00-16.59,2,8,1,0,0,0,0,0,0,398372.7403,6913325.0329
tieliikenne_2016.2696,2696,POINT (387347.9957 6822576.5114),2016,5,19.00-19.59,2,8,1,0,0,0,0,0,0,387347.9957,6822576.5114
tieliikenne_2016.2697,2697,POINT (327338.1943 6813387.2203),2016,5,20.00-20.59,2,8,1,0,0,0,0,0,0,327338.1943,6813387.2203
tieliikenne_2016.2698,2698,POINT (365534.5656 6885390.9465),2016,5,19.00-19.59,2,8,1,0,0,0,0,0,0,365534.5656,6885390.9465
tieliikenne_2016.2699,2699,POINT (403882.5285 6866512.4518),2016,5,18.00-18.59,2,4,1,0,0,0,1,0,0,403882.5285,6866512.4518
tieliikenne_2016.2700,2700,POINT (328522.4081 6821696.6784),2016,5,11.00-11.59,2,8,1,0,1,0,0,0,0,328522.4081,6821696.6784
tieliikenne_2016.2701,2701,POINT (413786.9949 6946664.7228),2016,5,12.00-12.59,2,8,0,0,0,0,0,1,0,413786.9949,6946664.7228
tieliikenne_2016.2702,2702,POINT (321298.8942 6817468.7805),2016,5,16.00-16.59,2,0,1,0,0,0,0,1,0,321298.8942,6817468.7805
tieliikenne_2016.2703,2703,POINT (320047.6001 6808068.8322),2016,5,09.00-09.59,2,0,2,0,0,0,0,0,0,320047.6001,6808068.8322
tieliikenne_2016.2704,2704,POINT (327869.3021 6811805.0607),2016,5,15.00-15.59,2,8,1,0,0,0,0,0,0,327869.3021,6811805.0607
tieliikenne_2016.2705,2705,POINT (320451.0341 6833023.8292),2016,5,15.00-15.59,2,1,1,0,0,0,1,0,0,320451.0341,6833023.8292
tieliikenne_2016.2706,2706,POINT (435400.7135 6889529.9564),2016,5,16.00-16.59,2,0,1,0,0,0,0,1,0,435400.7135,6889529.9564
tieliikenne_2016.2707,2707,POINT (340722.387 6819101.9369),2016,5,18.00-18.59,2,8,0,0,0,0,0,1,0,340722.387,6819101.9369
tieliikenne_2016.2708,2708,POINT (445734.8866 6920557.3687),2016,5,14.00-14.59,2,0,1,0,0,0,0,1,0,445734.8866,6920557.3687
tieliikenne_2016.2709,2709,POINT (321061.3253 6825108.2524),2016,5,21.00-21.59,2,4,1,0,0,1,0,0,0,321061.3253,6825108.2524
tieliikenne_2016.2710,2710,POINT (440573.0599 6902107.9701),2016,5,07.00-07.59,2,8,0,0,0,0,0,1,0,440573.0599,6902107.9701
tieliikenne_2016.2711,2711,POINT (442426.2388 6915572.2708),2016,5,07.00-07.59,2,6,1,0,1,0,0,0,0,442426.2388,6915572.2708
tieliikenne_2016.2712,2712,POINT (328598.803 6803982.9614),2016,5,23.00-23.59,3,8,1,0,0,0,0,0,0,328598.803,6803982.9614
tieliikenne_2016.2713,2713,POINT (282112.2013 6808705.2471),2016,5,03.00-03.59,2,8,1,0,0,0,0,0,0,282112.2013,6808705.2471
tieliikenne_2016.2714,2714,POINT (303998.4987 6836453.0851),2016,5,19.00-19.59,2,8,1,0,0,0,0,0,0,303998.4987,6836453.0851
tieliikenne_2016.2715,2715,POINT (319555.2926 6823676.3577),2016,5,06.00-06.59,2,9,0,1,0,0,1,0,0,319555.2926,6823676.3577
tieliikenne_2016.2716,2716,POINT (326715.129 6804378.6156),2016,5,10.00-10.59,2,5,1,0,0,0,1,0,0,326715.129,6804378.6156
tieliikenne_2016.2717,2717,POINT (298228.3382 6841971.59),2016,5,03.00-03.59,2,8,1,0,0,0,0,0,0,298228.3382,6841971.59
tieliikenne_2016.2718,2718,POINT (331863.587 6821754.5092),2016,5,08.00-08.59,2,0,1,0,0,0,1,0,0,331863.587,6821754.5092
tieliikenne_2016.2719,2719,POINT (429984.5638 6937966.9392),2016,5,12.00-12.59,2,2,2,0,0,0,0,0,0,429984.5638,6937966.9392
tieliikenne_2016.2720,2720,POINT (311825.8896 6823394.0085),2016,5,10.00-10.59,2,1,2,0,0,0,0,0,0,311825.8896,6823394.0085
tieliikenne_2016.2721,2721,POINT (326178.1385 6804762.9698),2016,5,17.00-17.59,2,4,1,0,0,1,0,0,0,326178.1385,6804762.9698
tieliikenne_2016.2722,2722,POINT (335001.2634 6818213.6867),2016,5,08.00-08.59,2,1,1,0,0,1,0,0,0,335001.2634,6818213.6867
tieliikenne_2016.2723,2723,POINT (319200.0838 6830072.5218),2016,5,15.00-15.59,2,4,1,0,0,1,0,0,0,319200.0838,6830072.5218
tieliikenne_2016.2724,2724,POINT (432706.5726 6901875.9588),2016,5,15.00-15.59,2,4,2,0,0,0,0,0,0,432706.5726,6901875.9588
tieliikenne_2016.2725,2725,POINT (358011.4087 6848654.2244),2016,5,17.00-17.59,3,4,1,0,0,0,0,1,0,358011.4087,6848654.2244
tieliikenne_2016.2726,2726,POINT (437145.3267 6957686.4551),2016,5,20.00-20.59,2,2,2,0,0,0,0,0,0,437145.3267,6957686.4551
tieliikenne_2016.2727,2727,POINT (437648.0217 6904484.3231),2016,5,18.00-18.59,2,9,0,0,0,0,0,1,0,437648.0217,6904484.3231
tieliikenne_2016.2728,2728,POINT (288387.6996 6857605.6095),2016,5,21.00-21.59,2,8,1,0,0,0,0,0,0,288387.6996,6857605.6095
tieliikenne_2016.2729,2729,POINT (350461.9121 6789147.6658),2016,5,10.00-10.59,2,8,0,0,0,0,0,1,0,350461.9121,6789147.6658
tieliikenne_2016.2730,2730,POINT (429825.8755 6918077.7164),2016,5,15.00-15.59,2,8,0,0,0,0,0,1,0,429825.8755,6918077.7164
tieliikenne_2016.2731,2731,POINT (429563.9806 6901090.6024),2016,5,14.00-14.59,2,4,1,0,0,1,0,0,0,429563.9806,6901090.6024
tieliikenne_2016.2732,2732,POINT (323242.1399 6824318.337),2016,5,19.00-19.59,2,4,3,0,0,0,0,0,0,323242.1399,6824318.337
tieliikenne_2016.2733,2733,POINT (441220.4541 6902286.3643),2016,5,09.00-09.59,2,6,1,0,1,0,0,0,0,441220.4541,6902286.3643
tieliikenne_2016.2734,2734,POINT (327716.308 6819948.6725),2016,5,18.00-18.59,3,9,1,0,0,1,0,0,0,327716.308,6819948.6725
tieliikenne_2016.2735,2735,POINT (303908.0632 6814912.7709),2016,5,12.00-12.59,2,8,1,0,0,0,0,0,0,303908.0632,6814912.7709
tieliikenne_2016.2736,2736,POINT (319515.2855 6830796.3517),2016,5,21.00-21.59,2,9,0,0,0,0,1,0,0,319515.2855,6830796.3517
tieliikenne_2016.2737,2737,POINT (441642.8167 6902406.2385),2016,5,11.00-11.59,2,1,1,0,0,1,0,0,0,441642.8167,6902406.2385
tieliikenne_2016.2738,2738,POINT (313699.2117 6821238.7842),2016,5,15.00-15.59,2,5,1,0,0,0,0,1,0,313699.2117,6821238.7842
tieliikenne_2016.2739,2739,POINT (332488.1245 6818395.0008),2016,5,17.00-17.59,2,4,1,0,0,0,0,1,0,332488.1245,6818395.0008
tieliikenne_2016.2740,2740,POINT (342075.3314 6826764.0983),2016,5,10.00-10.59,2,5,1,1,0,0,0,0,0,342075.3314,6826764.0983
tieliikenne_2016.2741,2741,POINT (433138.2375 6910396.1594),2016,5,12.00-12.59,1,0,3,1,0,0,0,1,0,433138.2375,6910396.1594
tieliikenne_2016.2742,2742,POINT (415561.0702 6881437.2858),2016,5,22.00-22.59,2,9,0,0,0,0,1,0,0,415561.0702,6881437.2858
tieliikenne_2016.2743,2743,POINT (379102.776 6846404.1544),2016,5,00.00-00.59,3,0,0,1,0,1,0,0,0,379102.776,6846404.1544
tieliikenne_2016.2744,2744,POINT (433741.4198 6901441.5217),2016,5,08.00-08.59,2,6,1,0,1,0,0,0,0,433741.4198,6901441.5217
tieliikenne_2016.2745,2745,POINT (434900.8456 6902856.3577),2016,5,07.00-07.59,2,5,0,0,0,2,0,0,0,434900.8456,6902856.3577
tieliikenne_2016.2746,2746,POINT (326532.8694 6822745.9193),2016,5,14.00-14.59,2,3,2,0,0,0,0,0,0,326532.8694,6822745.9193
tieliikenne_2016.2747,2747,POINT (439653.9546 6973890.1895),2016,5,21.00-21.59,2,0,1,1,0,0,0,0,0,439653.9546,6973890.1895
tieliikenne_2016.2748,2748,POINT (328673.4444 6821702.1228),2016,6,14.00-14.59,2,0,2,0,0,0,0,0,0,328673.4444,6821702.1228
tieliikenne_2016.2749,2749,POINT (322786.3606 6823819.5166),2016,6,18.00-18.59,2,8,1,0,0,0,1,0,0,322786.3606,6823819.5166
tieliikenne_2016.2750,2750,POINT (289501.8041 6825336.6051),2016,6,02.00-02.59,2,8,0,0,0,0,1,0,0,289501.8041,6825336.6051
tieliikenne_2016.2751,2751,POINT (434538.5977 6907314.3589),2016,6,08.00-08.59,2,0,1,0,0,0,0,1,0,434538.5977,6907314.3589
tieliikenne_2016.2752,2752,POINT (434741.2058 6902231.8435),2016,6,11.00-11.59,1,6,1,0,1,0,0,0,0,434741.2058,6902231.8435
tieliikenne_2016.2753,2753,POINT (403966.668 6858844.732),2016,6,19.00-19.59,3,2,1,0,0,0,0,1,0,403966.668,6858844.732
tieliikenne_2016.2754,2754,POINT (436979.6555 6957789.6608),2016,6,20.00-20.59,2,8,0,0,0,0,0,0,1,436979.6555,6957789.6608
tieliikenne_2016.2755,2755,POINT (327253.1839 6821783.6196),2016,6,14.00-14.59,2,6,3,0,1,0,0,0,0,327253.1839,6821783.6196
tieliikenne_2016.2756,2756,POINT (435727.1027 6902028.4177),2016,6,16.00-16.59,2,0,3,0,0,0,0,0,0,435727.1027,6902028.4177
tieliikenne_2016.2757,2757,POINT (453734.7286 6846169.8677),2016,6,14.00-14.59,2,1,0,0,0,0,2,0,0,453734.7286,6846169.8677
tieliikenne_2016.2758,2758,POINT (313934.8774 6821728.8456),2016,6,16.00-16.59,2,2,0,0,0,2,0,0,0,313934.8774,6821728.8456
tieliikenne_2016.2759,2759,POINT (431609.6921 6896002.1488),2016,6,19.00-19.59,2,5,1,0,0,0,0,1,0,431609.6921,6896002.1488
tieliikenne_2016.2760,2760,POINT (331712.7795 6817256.5142),2016,6,00.00-00.59,2,2,1,0,0,0,0,1,0,331712.7795,6817256.5142
tieliikenne_2016.2761,2761,POINT (326278.3713 6894381.3617),2016,6,15.00-15.59,2,8,1,0,0,0,0,0,0,326278.3713,6894381.3617
tieliikenne_2016.2762,2762,POINT (366170.1909 6803239.5119),2016,6,21.00-21.59,2,8,0,0,0,0,0,1,0,366170.1909,6803239.5119
tieliikenne_2016.2763,2763,POINT (327936.6821 6823415.9009),2016,6,15.00-15.59,3,8,0,0,0,0,0,1,0,327936.6821,6823415.9009
tieliikenne_2016.2764,2764,POINT (282205.0724 6808727.0758),2016,6,15.00-15.59,2,8,0,0,0,0,0,1,0,282205.0724,6808727.0758
tieliikenne_2016.2765,2765,POINT (432408.5904 6901744.8789),2016,6,11.00-11.59,2,9,1,0,0,1,0,0,0,432408.5904,6901744.8789
tieliikenne_2016.2766,2766,POINT (433838.873 6898399.9899),2016,6,16.00-16.59,2,4,1,0,0,1,0,0,0,433838.873,6898399.9899
tieliikenne_2016.2767,2767,POINT (320191.6106 6768788.9031),2016,6,15.00-15.59,2,8,1,0,0,0,0,0,0,320191.6106,6768788.9031
tieliikenne_2016.2768,2768,POINT (441897.8542 6904646.5543),2016,6,13.00-13.59,2,0,1,0,0,0,1,0,0,441897.8542,6904646.5543
tieliikenne_2016.2769,2769,POINT (360476.8231 6849853.3683),2016,6,18.00-18.59,2,8,1,0,0,0,0,0,0,360476.8231,6849853.3683
tieliikenne_2016.2770,2770,POINT (327868.8077 6822538.6404),2016,6,12.00-12.59,2,9,0,0,1,1,0,0,0,327868.8077,6822538.6404
tieliikenne_2016.2771,2771,POINT (311624.9465 6821336.261),2016,6,20.00-20.59,2,8,0,0,0,0,1,0,0,311624.9465,6821336.261
tieliikenne_2016.2772,2772,POINT (307018.1009 6820833.1524),2016,6,18.00-18.59,2,9,1,0,1,0,0,0,0,307018.1009,6820833.1524
tieliikenne_2016.2773,2773,POINT (339364.2898 6818917.4947),2016,6,05.00-05.59,2,8,1,0,0,0,0,0,0,339364.2898,6818917.4947
tieliikenne_2016.2774,2774,POINT (351588.0606 6829919.9287),2016,6,13.00-13.59,3,2,1,0,0,0,0,0,1,351588.0606,6829919.9287
tieliikenne_2016.2775,2775,POINT (328570.5915 6823715.7822),2016,6,06.00-06.59,2,3,0,1,0,0,1,0,0,328570.5915,6823715.7822
tieliikenne_2016.2776,2776,POINT (353869.0048 6803650.0032),2016,6,06.00-06.59,3,7,1,0,1,0,0,0,0,353869.0048,6803650.0032
tieliikenne_2016.2777,2777,POINT (404779.1371 6860467.1021),2016,6,09.00-09.59,2,8,1,0,0,0,0,0,0,404779.1371,6860467.1021
tieliikenne_2016.2778,2778,POINT (345393.9159 6815817.4438),2016,6,09.00-09.59,2,9,0,0,0,0,0,1,0,345393.9159,6815817.4438
tieliikenne_2016.2779,2779,POINT (425191.5651 6877799.8247),2016,6,11.00-11.59,2,1,1,1,0,0,0,0,0,425191.5651,6877799.8247
tieliikenne_2016.2780,2780,POINT (330356.2348 6795069.031),2016,6,21.00-21.59,2,0,1,1,0,0,0,0,0,330356.2348,6795069.031
tieliikenne_2016.2781,2781,POINT (437906.1509 6904998.105),2016,6,16.00-16.59,2,0,2,0,0,0,0,0,0,437906.1509,6904998.105
tieliikenne_2016.2782,2782,POINT (333370.5154 6819511.8215),2016,6,16.00-16.59,2,4,1,0,0,1,0,0,0,333370.5154,6819511.8215
tieliikenne_2016.2783,2783,POINT (333019.307 6905263.8121),2016,6,17.00-17.59,2,1,0,0,0,1,0,1,0,333019.307,6905263.8121
tieliikenne_2016.2784,2784,POINT (329794.3242 6822263.4975),2016,6,18.00-18.59,2,1,0,0,0,2,0,0,0,329794.3242,6822263.4975
tieliikenne_2016.2785,2785,POINT (451949.9259 6936984.9202),2016,6,17.00-17.59,2,8,1,0,0,0,0,0,0,451949.9259,6936984.9202
tieliikenne_2016.2786,2786,POINT (417269.5042 7019115.7165),2016,6,22.00-22.59,2,8,1,0,0,0,0,0,0,417269.5042,7019115.7165
tieliikenne_2016.2787,2787,POINT (458216.3873 6883481.2028),2016,6,06.00-06.59,2,8,1,0,0,0,0,0,0,458216.3873,6883481.2028
tieliikenne_2016.2788,2788,POINT (395055.7874 6915346.9413),2016,6,10.00-10.59,2,4,2,0,0,0,0,0,0,395055.7874,6915346.9413
tieliikenne_2016.2789,2789,POINT (328149.7453 6806480.4461),2016,6,12.00-12.59,2,1,3,0,0,0,0,0,0,328149.7453,6806480.4461
tieliikenne_2016.2790,2790,POINT (330345.8776 6822953.5119),2016,6,11.00-11.59,2,9,0,0,0,0,1,0,0,330345.8776,6822953.5119
tieliikenne_2016.2791,2791,POINT (295240.1322 6838595.1554),2016,6,17.00-17.59,2,4,2,0,0,0,0,0,0,295240.1322,6838595.1554
tieliikenne_2016.2792,2792,POINT (409792.5107 6954877.4149),2016,6,22.00-22.59,2,8,1,0,0,0,0,0,0,409792.5107,6954877.4149
tieliikenne_2016.2793,2793,POINT (431883.753 6910077.5223),2016,6,06.00-06.59,2,8,1,0,0,0,0,0,0,431883.753,6910077.5223
tieliikenne_2016.2794,2794,POINT (330354.7045 6822955.5278),2016,6,09.00-09.59,2,0,2,0,0,0,0,0,0,330354.7045,6822955.5278
tieliikenne_2016.2795,2795,POINT (364831.5797 6843890.0085),2016,6,12.00-12.59,2,1,1,0,0,0,0,0,1,364831.5797,6843890.0085
tieliikenne_2016.2796,2796,POINT (318968.6852 6778239.5888),2016,6,16.00-16.59,2,3,1,0,0,0,1,0,0,318968.6852,6778239.5888
tieliikenne_2016.2797,2797,POINT (428403.8168 6992211.9022),2016,6,20.00-20.59,2,8,0,0,0,0,0,0,1,428403.8168,6992211.9022
tieliikenne_2016.2798,2798,POINT (432547.3754 6932391.9126),2016,6,05.00-05.59,2,4,1,0,0,0,0,1,0,432547.3754,6932391.9126
tieliikenne_2016.2799,2799,POINT (262620.2331 6823732.8018),2016,6,09.00-09.59,2,8,1,0,0,0,0,0,0,262620.2331,6823732.8018
tieliikenne_2016.2800,2800,POINT (433300.0301 6908624.334),2016,6,15.00-15.59,2,0,3,0,0,0,0,0,0,433300.0301,6908624.334
tieliikenne_2016.2801,2801,POINT (352268.2459 6806211.1938),2016,6,10.00-10.59,2,8,1,0,0,0,0,0,0,352268.2459,6806211.1938
tieliikenne_2016.2802,2802,POINT (312299.4363 6800461.2741),2016,6,23.00-23.59,2,8,1,0,0,0,0,0,0,312299.4363,6800461.2741
tieliikenne_2016.2803,2803,POINT (399797.3329 6872978.7127),2016,6,19.00-19.59,3,8,0,0,0,0,0,0,1,399797.3329,6872978.7127
tieliikenne_2016.2804,2804,POINT (418824.4137 6986003.4531),2016,6,14.00-14.59,2,4,1,0,0,0,1,0,0,418824.4137,6986003.4531
tieliikenne_2016.2805,2805,POINT (396674.0163 6855955.3571),2016,6,11.00-11.59,2,8,1,0,0,0,0,0,0,396674.0163,6855955.3571
tieliikenne_2016.2806,2806,POINT (339869.849 6798910.4613),2016,6,04.00-04.59,2,9,0,0,0,0,0,0,1,339869.849,6798910.4613
tieliikenne_2016.2807,2807,POINT (427522.3767 6906074.8528),2016,6,15.00-15.59,2,8,1,0,0,0,0,0,0,427522.3767,6906074.8528
tieliikenne_2016.2808,2808,POINT (298677.5502 6895068.3689),2016,6,11.00-11.59,2,0,3,0,0,0,0,0,0,298677.5502,6895068.3689
tieliikenne_2016.2809,2809,POINT (433516.0616 6895123.6966),2016,6,07.00-07.59,2,4,1,0,0,1,0,0,0,433516.0616,6895123.6966
tieliikenne_2016.2810,2810,POINT (295436.7527 6850687.7207),2016,6,07.00-07.59,2,0,2,0,0,0,0,0,0,295436.7527,6850687.7207
tieliikenne_2016.2811,2811,POINT (433934.1957 6909157.8625),2016,6,12.00-12.59,2,1,1,0,0,1,0,0,0,433934.1957,6909157.8625
tieliikenne_2016.2812,2812,POINT (329210.9292 6799244.4718),2016,7,02.00-02.59,2,0,1,1,0,0,0,0,0,329210.9292,6799244.4718
tieliikenne_2016.2813,2813,POINT (388794.4157 6899813.4376),2016,7,12.00-12.59,1,8,0,0,0,0,0,1,0,388794.4157,6899813.4376
tieliikenne_2016.2814,2814,POINT (337047.3116 6825320.7365),2016,7,13.00-13.59,2,9,0,0,0,0,0,1,0,337047.3116,6825320.7365
tieliikenne_2016.2815,2815,POINT (437383.9826 6905342.2798),2016,7,18.00-18.59,2,1,1,0,0,1,0,0,0,437383.9826,6905342.2798
tieliikenne_2016.2816,2816,POINT (364471.6699 6867248.5042),2016,7,16.00-16.59,1,9,0,0,0,0,0,0,1,364471.6699,6867248.5042
tieliikenne_2016.2817,2817,POINT (430514.4099 6894756.6119),2016,7,23.00-23.59,2,2,0,0,0,0,1,0,0,430514.4099,6894756.6119
tieliikenne_2016.2818,2818,POINT (308793.6964 6905853.1226),2016,7,21.00-21.59,2,5,1,0,0,0,0,1,0,308793.6964,6905853.1226
tieliikenne_2016.2819,2819,POINT (445322.8987 6918217.9806),2016,7,06.00-06.59,2,8,1,0,0,0,0,0,0,445322.8987,6918217.9806
tieliikenne_2016.2820,2820,POINT (331317.1511 6806095.704),2016,7,12.00-12.59,2,8,0,1,0,0,0,0,0,331317.1511,6806095.704
tieliikenne_2016.2821,2821,POINT (362374.4196 6854958.1158),2016,7,00.00-00.59,2,0,2,0,0,0,0,0,0,362374.4196,6854958.1158
tieliikenne_2016.2822,2822,POINT (326426.9576 6801940.7512),2016,7,20.00-20.59,2,5,0,0,0,1,0,0,1,326426.9576,6801940.7512
tieliikenne_2016.2823,2823,POINT (372536.7398 6880061.8062),2016,7,23.00-23.59,3,0,1,0,0,0,2,0,0,372536.7398,6880061.8062
tieliikenne_2016.2824,2824,POINT (382696.0103 6901562.1781),2016,7,16.00-16.59,2,0,2,0,0,0,0,0,0,382696.0103,6901562.1781
tieliikenne_2016.2825,2825,POINT (294822.1498 6814889.6113),2016,7,19.00-19.59,2,8,1,0,0,0,0,0,0,294822.1498,6814889.6113
tieliikenne_2016.2826,2826,POINT (312564.7846 6819646.5549),2016,7,18.00-18.59,2,8,1,0,0,0,0,0,0,312564.7846,6819646.5549
tieliikenne_2016.2827,2827,POINT (334194.7148 6822278.0987),2016,7,17.00-17.59,2,9,1,0,0,0,0,1,0,334194.7148,6822278.0987
tieliikenne_2016.2828,2828,POINT (345894.7947 6876419.5901),2016,7,19.00-19.59,2,9,0,0,0,0,0,1,0,345894.7947,6876419.5901
tieliikenne_2016.2829,2829,POINT (445468.8194 6911644.1984),2016,7,17.00-17.59,3,8,0,0,0,0,0,1,0,445468.8194,6911644.1984
tieliikenne_2016.2830,2830,POINT (339323.2723 6819860.9947),2016,7,20.00-20.59,2,4,1,0,0,0,1,0,0,339323.2723,6819860.9947
tieliikenne_2016.2831,2831,POINT (327942.0389 6822427.9333),2016,7,03.00-03.59,2,4,1,0,0,1,0,0,0,327942.0389,6822427.9333
tieliikenne_2016.2832,2832,POINT (445472.3088 6899119.4781),2016,7,03.00-03.59,2,8,0,0,0,0,0,0,1,445472.3088,6899119.4781
tieliikenne_2016.2833,2833,POINT (263982.8449 6821841.4379),2016,7,14.00-14.59,2,2,2,0,0,0,0,0,0,263982.8449,6821841.4379
tieliikenne_2016.2834,2834,POINT (348599.4308 6811598.4644),2016,7,21.00-21.59,3,8,0,1,0,0,0,0,0,348599.4308,6811598.4644
tieliikenne_2016.2835,2835,POINT (302295.5012 6845319.7405),2016,7,20.00-20.59,2,2,1,0,0,0,0,1,0,302295.5012,6845319.7405
tieliikenne_2016.2836,2836,POINT (423637.9934 6920607.7609),2016,7,09.00-09.59,2,8,1,0,0,0,0,0,0,423637.9934,6920607.7609
tieliikenne_2016.2837,2837,POINT (354129.3406 6860518.8643),2016,7,07.00-07.59,3,9,1,0,0,0,0,0,0,354129.3406,6860518.8643
tieliikenne_2016.2838,2838,POINT (432022.3586 6900622.2801),2016,7,12.00-12.59,2,0,2,1,0,0,0,0,0,432022.3586,6900622.2801
tieliikenne_2016.2839,2839,POINT (416182.9609 6874224.476),2016,7,13.00-13.59,2,3,2,0,0,0,0,0,0,416182.9609,6874224.476
tieliikenne_2016.2840,2840,POINT (383810.968 6895673.1108),2016,7,15.00-15.59,2,8,1,0,0,0,0,0,0,383810.968,6895673.1108
tieliikenne_2016.2841,2841,POINT (315384.9817 6830827.8908),2016,7,17.00-17.59,2,2,1,0,0,0,0,1,0,315384.9817,6830827.8908
tieliikenne_2016.2842,2842,POINT (325920.495 6823035.7775),2016,7,10.00-10.59,2,7,1,0,1,0,0,0,0,325920.495,6823035.7775
tieliikenne_2016.2843,2843,POINT (337796.687 6826043.2921),2016,7,11.00-11.59,2,8,1,0,0,0,0,0,0,337796.687,6826043.2921
tieliikenne_2016.2844,2844,POINT (310488.8978 6823698.6796),2016,7,19.00-19.59,2,0,3,0,0,0,0,0,0,310488.8978,6823698.6796
tieliikenne_2016.2845,2845,POINT (324320.3584 6847102.3142),2016,7,07.00-07.59,2,9,0,1,0,0,0,0,0,324320.3584,6847102.3142
tieliikenne_2016.2846,2846,POINT (331858.3123 6815475.5217),2016,7,09.00-09.59,2,0,2,0,0,0,0,0,0,331858.3123,6815475.5217
tieliikenne_2016.2847,2847,POINT (346652.5712 6875922.5798),2016,7,14.00-14.59,2,3,1,0,0,0,1,0,0,346652.5712,6875922.5798
tieliikenne_2016.2848,2848,POINT (329599.9316 6822072.8619),2016,7,14.00-14.59,2,0,2,0,0,0,0,0,0,329599.9316,6822072.8619
tieliikenne_2016.2849,2849,POINT (276038.4081 6813919.7113),2016,7,19.00-19.59,2,8,1,0,0,0,0,0,0,276038.4081,6813919.7113
tieliikenne_2016.2850,2850,POINT (439122.7855 7034708.6078),2016,7,00.00-00.59,1,8,1,0,0,0,0,0,0,439122.7855,7034708.6078
tieliikenne_2016.2851,2851,POINT (390215.2819 6979361.3846),2016,7,11.00-11.59,2,1,1,0,0,0,1,0,0,390215.2819,6979361.3846
tieliikenne_2016.2852,2852,POINT (432969.8457 6912127.3711),2016,7,12.00-12.59,2,1,2,0,0,0,0,0,0,432969.8457,6912127.3711
tieliikenne_2016.2853,2853,POINT (330994.5953 6821215.0655),2016,7,15.00-15.59,2,0,4,0,0,0,0,0,0,330994.5953,6821215.0655
tieliikenne_2016.2854,2854,POINT (327364.7486 6822826.9908),2016,7,18.00-18.59,2,0,2,0,0,0,0,0,1,327364.7486,6822826.9908
tieliikenne_2016.2855,2855,POINT (425979.8386 6904519.1185),2016,7,23.00-23.59,2,8,1,0,0,0,0,0,0,425979.8386,6904519.1185
tieliikenne_2016.2856,2856,POINT (334596.3697 6794647.5634),2016,7,08.00-08.59,2,8,1,0,0,0,0,0,0,334596.3697,6794647.5634
tieliikenne_2016.2857,2857,POINT (435172.9089 6901827.4048),2016,7,10.00-10.59,2,4,1,0,0,1,0,0,0,435172.9089,6901827.4048
tieliikenne_2016.2858,2858,POINT (342186.4246 6788238.281),2016,7,07.00-07.59,2,8,1,0,0,0,0,0,0,342186.4246,6788238.281
tieliikenne_2016.2859,2859,POINT (290819.7981 6881402.0454),2016,7,20.00-20.59,2,5,1,0,0,0,1,0,0,290819.7981,6881402.0454
tieliikenne_2016.2860,2860,POINT (319333.8771 6825078.7918),2016,7,06.00-06.59,2,5,2,0,0,0,0,0,0,319333.8771,6825078.7918
tieliikenne_2016.2861,2861,POINT (288002.4657 6825316.4474),2016,7,16.00-16.59,3,1,2,0,0,0,0,0,0,288002.4657,6825316.4474
tieliikenne_2016.2862,2862,POINT (328712.0216 6823057.4103),2016,7,19.00-19.59,2,0,2,0,0,0,0,0,0,328712.0216,6823057.4103
tieliikenne_2016.2863,2863,POINT (431900.3846 6924497.0845),2016,7,05.00-05.59,3,8,1,0,0,0,0,0,0,431900.3846,6924497.0845
tieliikenne_2016.2864,2864,POINT (290890.4716 6868087.9664),2016,7,14.00-14.59,2,8,1,0,0,0,0,0,0,290890.4716,6868087.9664
tieliikenne_2016.2865,2865,POINT (405971.1807 6959658.4797),2016,7,14.00-14.59,2,1,3,0,0,0,0,0,0,405971.1807,6959658.4797
tieliikenne_2016.2866,2866,POINT (432825.4286 6913645.4649),2016,7,16.00-16.59,2,0,3,0,0,0,0,0,0,432825.4286,6913645.4649
tieliikenne_2016.2867,2867,POINT (431334.4442 6887832.0768),2016,7,14.00-14.59,2,8,0,0,0,0,1,0,0,431334.4442,6887832.0768
tieliikenne_2016.2868,2868,POINT (331927.7217 6817919.619),2016,7,22.00-22.59,2,8,1,0,0,0,0,0,0,331927.7217,6817919.619
tieliikenne_2016.2869,2869,POINT (426888.7781 6882597.0912),2016,7,22.00-22.59,2,9,2,0,0,0,0,0,0,426888.7781,6882597.0912
tieliikenne_2016.2870,2870,POINT (476192.4454 6912003.1897),2016,7,10.00-10.59,2,5,2,0,0,0,0,0,0,476192.4454,6912003.1897
tieliikenne_2016.2871,2871,POINT (325520.9494 6882790.0897),2016,7,20.00-20.59,2,0,1,0,0,0,0,1,0,325520.9494,6882790.0897
tieliikenne_2016.2872,2872,POINT (328614.7012 6822580.1602),2016,7,09.00-09.59,2,0,2,0,0,0,0,0,0,328614.7012,6822580.1602
tieliikenne_2016.2873,2873,POINT (433763.3621 6901565.1774),2016,7,10.00-10.59,2,8,0,0,0,0,0,1,0,433763.3621,6901565.1774
tieliikenne_2016.2874,2874,POINT (369921.1697 6850784.2581),2016,7,13.00-13.59,2,5,1,0,0,0,0,0,1,369921.1697,6850784.2581
tieliikenne_2016.2875,2875,POINT (277573.2978 6811805.2842),2016,7,14.00-14.59,2,8,0,0,0,0,0,0,1,277573.2978,6811805.2842
tieliikenne_2016.2876,2876,POINT (333309.7128 6803928.8202),2016,7,03.00-03.59,2,8,0,1,0,0,0,0,0,333309.7128,6803928.8202
tieliikenne_2016.2877,2877,POINT (275681.8581 6880486.108),2016,7,02.00-02.59,3,8,1,0,0,0,0,0,0,275681.8581,6880486.108
tieliikenne_2016.2878,2878,POINT (431776.4399 7015006.5063),2016,7,12.00-12.59,2,8,0,1,0,0,0,0,0,431776.4399,7015006.5063
tieliikenne_2016.2879,2879,POINT (341404.6532 6794935.0431),2016,7,12.00-12.59,3,4,1,0,0,0,1,0,0,341404.6532,6794935.0431
tieliikenne_2016.2880,2880,POINT (435139.6764 6901617.1954),2016,7,08.00-08.59,3,5,1,0,0,1,0,0,0,435139.6764,6901617.1954
tieliikenne_2016.2881,2881,POINT (337853.1101 6796062.7763),2016,7,10.00-10.59,3,8,0,0,0,0,0,1,0,337853.1101,6796062.7763
tieliikenne_2016.2882,2882,POINT (434397.8132 6919278.9688),2016,7,15.00-15.59,2,8,1,0,0,0,0,0,0,434397.8132,6919278.9688
tieliikenne_2016.2883,2883,POINT (433892.1568 6901865.3336),2016,7,15.00-15.59,2,8,0,0,0,0,1,0,0,433892.1568,6901865.3336
tieliikenne_2016.2884,2884,POINT (319530.0396 6825068.4872),2016,7,00.00-00.59,2,3,1,0,0,0,0,1,0,319530.0396,6825068.4872
tieliikenne_2016.2885,2885,POINT (405361.3146 6925537.1638),2016,7,12.00-12.59,2,5,2,0,0,0,0,0,0,405361.3146,6925537.1638
tieliikenne_2016.2886,2886,POINT (435322.772 6901910.4939),2016,7,18.00-18.59,2,0,2,0,0,0,0,0,0,435322.772,6901910.4939
tieliikenne_2016.2887,2887,POINT (321597.8375 6827574.8478),2016,7,20.00-20.59,2,8,0,0,0,0,1,0,0,321597.8375,6827574.8478
tieliikenne_2016.2888,2888,POINT (320251.6373 6827441.9197),2016,7,00.00-00.59,2,9,0,0,0,0,1,0,0,320251.6373,6827441.9197
tieliikenne_2016.2889,2889,POINT (340658.5423 6796043.954),2016,7,13.00-13.59,3,0,2,0,0,0,0,0,0,340658.5423,6796043.954
tieliikenne_2016.2890,2890,POINT (320085.2296 6798567.2651),2016,7,11.00-11.59,2,8,1,0,0,0,0,0,0,320085.2296,6798567.2651
tieliikenne_2016.2891,2891,POINT (433604.9278 6907174.7007),2016,7,17.00-17.59,2,8,1,0,0,0,0,0,0,433604.9278,6907174.7007
tieliikenne_2016.2892,2892,POINT (374790.2155 6819956.2996),2016,8,20.00-20.59,3,1,0,0,0,0,2,0,0,374790.2155,6819956.2996
tieliikenne_2016.2893,2893,POINT (291100.8753 6881107.045),2016,8,15.00-15.59,2,4,1,0,0,1,0,0,0,291100.8753,6881107.045
tieliikenne_2016.2894,2894,POINT (329727.6968 6807750.0038),2016,8,07.00-07.59,2,1,0,1,0,0,0,1,0,329727.6968,6807750.0038
tieliikenne_2016.2895,2895,POINT (325093.4982 6823410.9635),2016,8,16.00-16.59,2,5,1,0,0,1,0,0,0,325093.4982,6823410.9635
tieliikenne_2016.2896,2896,POINT (399554.0198 6947619.1823),2016,8,16.00-16.59,2,8,0,0,0,0,0,1,0,399554.0198,6947619.1823
tieliikenne_2016.2897,2897,POINT (322703.2898 6829146.1513),2016,8,18.00-18.59,2,4,1,0,0,0,0,1,0,322703.2898,6829146.1513
tieliikenne_2016.2898,2898,POINT (433294.7298 6908656.7935),2016,8,17.00-17.59,2,0,4,0,0,0,0,0,0,433294.7298,6908656.7935
tieliikenne_2016.2899,2899,POINT (452026.498 6902777.6914),2016,8,14.00-14.59,3,1,1,0,0,0,0,1,0,452026.498,6902777.6914
tieliikenne_2016.2900,2900,POINT (319416.3194 6827601.2422),2016,8,22.00-22.59,2,9,0,0,0,0,1,0,0,319416.3194,6827601.2422
tieliikenne_2016.2901,2901,POINT (382383.5081 6911738.6397),2016,8,04.00-04.59,2,8,1,0,0,0,0,0,0,382383.5081,6911738.6397
tieliikenne_2016.2902,2902,POINT (433310.3259 6908489.6643),2016,8,15.00-15.59,2,8,0,0,0,0,0,1,0,433310.3259,6908489.6643
tieliikenne_2016.2903,2903,POINT (440516.9161 6986575.6238),2016,8,04.00-04.59,2,8,1,0,0,0,0,0,0,440516.9161,6986575.6238
tieliikenne_2016.2904,2904,POINT (433439.3859 6991961.4945),2016,8,12.00-12.59,2,8,1,0,0,0,0,0,0,433439.3859,6991961.4945
tieliikenne_2016.2905,2905,POINT (336370.6435 6829004.5689),2016,8,13.00-13.59,3,8,1,0,0,0,0,0,0,336370.6435,6829004.5689
tieliikenne_2016.2906,2906,POINT (438416.1941 6907441.5269),2016,8,15.00-15.59,2,0,3,0,0,0,0,0,0,438416.1941,6907441.5269
tieliikenne_2016.2907,2907,POINT (432727.1201 6899665.7225),2016,8,14.00-14.59,2,0,3,0,0,0,0,0,1,432727.1201,6899665.7225
tieliikenne_2016.2908,2908,POINT (410665.1989 6954337.923),2016,8,06.00-06.59,2,0,1,0,0,1,0,0,0,410665.1989,6954337.923
tieliikenne_2016.2909,2909,POINT (316377.9243 6775524.3812),2016,8,13.00-13.59,2,5,2,0,0,0,0,0,0,316377.9243,6775524.3812
tieliikenne_2016.2910,2910,POINT (329742.8429 6822887.6224),2016,8,15.00-15.59,2,1,1,0,0,0,0,1,0,329742.8429,6822887.6224
tieliikenne_2016.2911,2911,POINT (342124.0431 6796101.8701),2016,8,01.00-01.59,2,8,1,0,0,0,0,0,0,342124.0431,6796101.8701
tieliikenne_2016.2912,2912,POINT (360821.0107 6924036.8317),2016,8,13.00-13.59,2,8,1,1,0,0,0,0,0,360821.0107,6924036.8317
tieliikenne_2016.2913,2913,POINT (357498.9956 6919119.2724),2016,8,00.00-00.59,2,8,1,0,0,0,0,0,0,357498.9956,6919119.2724
tieliikenne_2016.2914,2914,POINT (436561.4186 6904216.6171),2016,8,15.00-15.59,2,4,2,0,0,0,0,0,0,436561.4186,6904216.6171
tieliikenne_2016.2915,2915,POINT (323754.6013 6823234.2416),2016,8,21.00-21.59,2,9,2,0,0,0,0,0,0,323754.6013,6823234.2416
tieliikenne_2016.2916,2916,POINT (319801.69 6769377.6198),2016,8,07.00-07.59,1,8,1,0,0,0,0,0,0,319801.69,6769377.6198
tieliikenne_2016.2917,2917,POINT (434647.0996 6901137.9318),2016,8,18.00-18.59,2,0,3,0,0,0,0,0,0,434647.0996,6901137.9318
tieliikenne_2016.2918,2918,POINT (433685.9614 6898679.9379),2016,8,18.00-18.59,2,0,0,0,0,1,1,0,0,433685.9614,6898679.9379
tieliikenne_2016.2919,2919,POINT (341758.9119 6833908.9805),2016,8,21.00-21.59,2,8,0,0,0,0,0,0,1,341758.9119,6833908.9805
tieliikenne_2016.2920,2920,POINT (300194.2971 6842474.3482),2016,8,11.00-11.59,3,5,1,0,0,1,0,0,0,300194.2971,6842474.3482
tieliikenne_2016.2921,2921,POINT (437679.8204 6906708.0594),2016,8,14.00-14.59,2,5,2,0,0,0,0,0,0,437679.8204,6906708.0594
tieliikenne_2016.2922,2922,POINT (327438.0553 6818298.1791),2016,8,14.00-14.59,2,8,1,0,0,0,0,0,0,327438.0553,6818298.1791
tieliikenne_2016.2923,2923,POINT (367051.0666 6821398.5964),2016,8,18.00-18.59,2,8,1,0,0,0,0,0,0,367051.0666,6821398.5964
tieliikenne_2016.2924,2924,POINT (396332.9065 6822275.1341),2016,8,18.00-18.59,2,0,2,0,0,0,0,0,0,396332.9065,6822275.1341
tieliikenne_2016.2925,2925,POINT (336868.5538 6824415.7379),2016,8,16.00-16.59,2,9,2,0,0,0,0,0,0,336868.5538,6824415.7379
tieliikenne_2016.2926,2926,POINT (337823.6894 6796190.3917),2016,8,17.00-17.59,2,0,1,0,0,0,0,1,0,337823.6894,6796190.3917
tieliikenne_2016.2927,2927,POINT (431577.1109 6895931.8195),2016,8,20.00-20.59,2,5,1,0,0,0,0,1,0,431577.1109,6895931.8195
tieliikenne_2016.2928,2928,POINT (328073.1713 6822120.0835),2016,8,02.00-02.59,2,6,0,1,1,0,0,0,0,328073.1713,6822120.0835
tieliikenne_2016.2929,2929,POINT (311633.0417 6816841.0571),2016,8,07.00-07.59,3,8,0,0,0,0,1,0,0,311633.0417,6816841.0571
tieliikenne_2016.2930,2930,POINT (432339.9017 6933042.5126),2016,8,16.00-16.59,2,8,0,0,0,0,0,1,0,432339.9017,6933042.5126
tieliikenne_2016.2931,2931,POINT (418247.1613 6907498.4718),2016,8,18.00-18.59,2,8,1,0,0,0,0,0,0,418247.1613,6907498.4718
tieliikenne_2016.2932,2932,POINT (339007.8182 6819464.9557),2016,8,19.00-19.59,2,1,1,0,0,0,1,0,0,339007.8182,6819464.9557
tieliikenne_2016.2933,2933,POINT (434548.6055 6901233.1728),2016,8,16.00-16.59,2,4,1,0,0,1,0,0,0,434548.6055,6901233.1728
tieliikenne_2016.2934,2934,POINT (433040.4134 6907933.2675),2016,8,21.00-21.59,2,7,0,0,1,0,1,0,0,433040.4134,6907933.2675
tieliikenne_2016.2935,2935,POINT (328897.4614 6823351.3458),2016,8,08.00-08.59,2,6,1,0,1,0,0,0,0,328897.4614,6823351.3458
tieliikenne_2016.2936,2936,POINT (338052.9919 6783277.0794),2016,8,10.00-10.59,3,0,2,0,0,0,0,0,0,338052.9919,6783277.0794
tieliikenne_2016.2937,2937,POINT (332542.4362 6821298.5867),2016,8,15.00-15.59,2,1,1,0,0,1,0,0,0,332542.4362,6821298.5867
tieliikenne_2016.2938,2938,POINT (435068.7007 6901772.0669),2016,8,14.00-14.59,2,9,0,1,1,0,0,0,0,435068.7007,6901772.0669
tieliikenne_2016.2939,2939,POINT (334885.678 6822863.4593),2016,8,16.00-16.59,2,0,2,0,0,0,0,0,0,334885.678,6822863.4593
tieliikenne_2016.2940,2940,POINT (372595.2035 6880056.5435),2016,8,07.00-07.59,1,4,1,0,0,1,0,0,0,372595.2035,6880056.5435
tieliikenne_2016.2941,2941,POINT (338038.2926 6819275.6718),2016,8,10.00-10.59,2,3,1,0,0,1,0,0,0,338038.2926,6819275.6718
tieliikenne_2016.2942,2942,POINT (436009.6392 6903102.3321),2016,8,14.00-14.59,2,0,4,1,0,0,0,0,0,436009.6392,6903102.3321
tieliikenne_2016.2943,2943,POINT (435525.3741 6903641.4448),2016,8,16.00-16.59,2,0,3,0,0,0,0,0,0,435525.3741,6903641.4448
tieliikenne_2016.2944,2944,POINT (437382.8929 6905343.1221),2016,8,15.00-15.59,2,1,1,0,0,1,0,0,0,437382.8929,6905343.1221
tieliikenne_2016.2945,2945,POINT (337989.201 6815866.3962),2016,8,17.00-17.59,2,8,1,0,0,0,0,0,0,337989.201,6815866.3962
tieliikenne_2016.2946,2946,POINT (389754.9072 6970961.6503),2016,8,04.00-04.59,2,8,1,0,0,0,0,0,0,389754.9072,6970961.6503
tieliikenne_2016.2947,2947,POINT (325581.9202 6788604.7138),2016,8,17.00-17.59,2,8,0,0,0,0,0,1,0,325581.9202,6788604.7138
tieliikenne_2016.2948,2948,POINT (412691.5659 7037010.8594),2016,8,22.00-22.59,1,8,1,0,0,0,0,0,0,412691.5659,7037010.8594
tieliikenne_2016.2949,2949,POINT (333423.4391 6820011.0906),2016,8,15.00-15.59,2,0,3,0,0,0,0,0,0,333423.4391,6820011.0906
tieliikenne_2016.2950,2950,POINT (436453.895 6904674.2676),2016,8,11.00-11.59,3,4,1,0,0,1,0,0,0,436453.895,6904674.2676
tieliikenne_2016.2951,2951,POINT (453589.9098 6960163.132),2016,8,10.00-10.59,2,8,0,0,0,0,0,0,1,453589.9098,6960163.132
tieliikenne_2016.2952,2952,POINT (342119.3563 6800000.3222),2016,8,10.00-10.59,2,9,0,1,0,0,1,0,0,342119.3563,6800000.3222
tieliikenne_2016.2953,2953,POINT (329723.4987 6822405.2083),2016,8,18.00-18.59,2,1,1,0,0,1,0,0,0,329723.4987,6822405.2083
tieliikenne_2016.2954,2954,POINT (432223.9708 7037562.342),2016,8,17.00-17.59,1,2,2,0,0,0,0,0,0,432223.9708,7037562.342
tieliikenne_2016.2955,2955,POINT (434897.8767 6903549.9099),2016,8,17.00-17.59,2,7,0,0,1,1,0,0,0,434897.8767,6903549.9099
tieliikenne_2016.2956,2956,POINT (328094.5302 6810211.5006),2016,9,13.00-13.59,3,9,1,0,0,0,0,0,0,328094.5302,6810211.5006
tieliikenne_2016.2957,2957,POINT (328551.072 6821862.6102),2016,9,15.00-15.59,2,3,1,0,0,1,0,0,0,328551.072,6821862.6102
tieliikenne_2016.2958,2958,POINT (437376.5339 6939628.0188),2016,9,13.00-13.59,2,9,0,1,0,0,0,0,0,437376.5339,6939628.0188
tieliikenne_2016.2959,2959,POINT (336632.7225 6824920.6345),2016,9,16.00-16.59,2,0,5,0,0,0,0,0,0,336632.7225,6824920.6345
tieliikenne_2016.2960,2960,POINT (369734.7184 6879580.6029),2016,9,13.00-13.59,2,4,2,0,0,0,0,0,0,369734.7184,6879580.6029
tieliikenne_2016.2961,2961,POINT (423028.0383 7009787.5591),2016,9,21.00-21.59,2,5,2,0,0,0,0,0,0,423028.0383,7009787.5591
tieliikenne_2016.2962,2962,POINT (398291.776 7028159.1273),2016,9,20.00-20.59,2,5,1,0,0,0,1,0,0,398291.776,7028159.1273
tieliikenne_2016.2963,2963,POINT (435852.7655 6903146.7689),2016,9,09.00-09.59,2,4,1,0,0,1,0,0,0,435852.7655,6903146.7689
tieliikenne_2016.2964,2964,POINT (330283.4356 6907517.9575),2016,9,09.00-09.59,2,0,2,0,0,0,0,0,0,330283.4356,6907517.9575
tieliikenne_2016.2965,2965,POINT (435170.107 6941882.5416),2016,9,06.00-06.59,2,5,1,0,0,1,0,0,0,435170.107,6941882.5416
tieliikenne_2016.2966,2966,POINT (452638.9884 6846003.5356),2016,9,14.00-14.59,2,3,2,0,0,0,0,0,0,452638.9884,6846003.5356
tieliikenne_2016.2967,2967,POINT (337757.6335 6796258.3248),2016,9,09.00-09.59,2,4,2,0,0,0,0,0,0,337757.6335,6796258.3248
tieliikenne_2016.2968,2968,POINT (298259.9811 6841485.2741),2016,9,16.00-16.59,2,4,1,0,0,1,0,0,0,298259.9811,6841485.2741
tieliikenne_2016.2969,2969,POINT (312781.7811 6774903.351),2016,9,19.00-19.59,2,2,1,0,0,0,1,0,0,312781.7811,6774903.351
tieliikenne_2016.2970,2970,POINT (441369.0493 6935319.8367),2016,9,06.00-06.59,2,4,3,0,0,0,0,0,0,441369.0493,6935319.8367
tieliikenne_2016.2971,2971,POINT (434739.2829 6902573.3662),2016,9,07.00-07.59,2,1,1,0,0,1,0,0,0,434739.2829,6902573.3662
tieliikenne_2016.2972,2972,POINT (328767.1637 6818548.2226),2016,9,14.00-14.59,2,3,1,0,0,0,0,1,0,328767.1637,6818548.2226
tieliikenne_2016.2973,2973,POINT (330652.2532 6822688.3189),2016,9,05.00-05.59,2,5,1,0,0,1,0,0,0,330652.2532,6822688.3189
tieliikenne_2016.2974,2974,POINT (329294.5574 6907837.4192),2016,9,07.00-07.59,2,8,1,0,0,0,0,0,0,329294.5574,6907837.4192
tieliikenne_2016.2975,2975,POINT (329857.7344 6822732.0754),2016,9,13.00-13.59,2,5,1,0,0,0,1,0,0,329857.7344,6822732.0754
tieliikenne_2016.2976,2976,POINT (434665.034 6901103.483),2016,9,06.00-06.59,2,0,2,0,0,0,0,0,0,434665.034,6901103.483
tieliikenne_2016.2977,2977,POINT (341224.4239 6797732.3177),2016,9,13.00-13.59,2,8,1,0,0,0,0,0,0,341224.4239,6797732.3177
tieliikenne_2016.2978,2978,POINT (306308.5382 6777473.2446),2016,9,08.00-08.59,2,8,1,0,0,0,0,0,0,306308.5382,6777473.2446
tieliikenne_2016.2979,2979,POINT (273066.5056 6832974.382),2016,9,15.00-15.59,1,3,1,0,0,0,0,1,0,273066.5056,6832974.382
tieliikenne_2016.2980,2980,POINT (325706.1229 6800459.2997),2016,9,12.00-12.59,2,5,1,1,0,0,0,0,0,325706.1229,6800459.2997
tieliikenne_2016.2981,2981,POINT (457098.53 6857421.386),2016,9,16.00-16.59,2,5,1,0,0,0,1,0,0,457098.53,6857421.386
tieliikenne_2016.2982,2982,POINT (313416.046 6776626.0176),2016,9,14.00-14.59,2,0,0,0,0,0,0,2,0,313416.046,6776626.0176
tieliikenne_2016.2983,2983,POINT (436145.33 6903322.411),2016,9,12.00-12.59,2,1,1,0,0,1,0,0,0,436145.33,6903322.411
tieliikenne_2016.2984,2984,POINT (331995.503 6821736.7205),2016,9,06.00-06.59,2,1,1,0,0,1,0,0,0,331995.503,6821736.7205
tieliikenne_2016.2985,2985,POINT (429666.3811 6889167.604),2016,9,16.00-16.59,2,5,1,0,0,1,0,0,0,429666.3811,6889167.604
tieliikenne_2016.2986,2986,POINT (386382.2826 6922819.8409),2016,9,16.00-16.59,2,4,2,0,0,0,0,0,0,386382.2826,6922819.8409
tieliikenne_2016.2987,2987,POINT (319326.0277 6824919.0183),2016,9,16.00-16.59,2,0,2,0,0,0,0,0,0,319326.0277,6824919.0183
tieliikenne_2016.2988,2988,POINT (342491.6845 6818111.4801),2016,9,18.00-18.59,2,7,0,0,1,0,1,0,0,342491.6845,6818111.4801
tieliikenne_2016.2989,2989,POINT (328518.4958 6823327.784),2016,9,19.00-19.59,2,7,1,0,1,0,0,0,0,328518.4958,6823327.784
tieliikenne_2016.2990,2990,POINT (441198.1831 6923526.4691),2016,9,23.00-23.59,2,8,1,0,0,0,0,0,0,441198.1831,6923526.4691
tieliikenne_2016.2991,2991,POINT (326023.39 6803389.557),2016,9,07.00-07.59,3,1,1,0,0,1,0,0,0,326023.39,6803389.557
tieliikenne_2016.2992,2992,POINT (332303.3507 6817910.7178),2016,9,12.00-12.59,2,5,1,0,0,0,0,1,0,332303.3507,6817910.7178
tieliikenne_2016.2993,2993,POINT (281229.6205 6807807.258),2016,9,10.00-10.59,2,7,1,0,1,0,0,0,0,281229.6205,6807807.258
tieliikenne_2016.2994,2994,POINT (335768.9902 6821952.7284),2016,9,16.00-16.59,2,3,1,0,0,0,0,0,1,335768.9902,6821952.7284
tieliikenne_2016.2995,2995,POINT (323889.5147 6817972.0479),2016,9,17.00-17.59,2,8,1,0,0,0,0,0,0,323889.5147,6817972.0479
tieliikenne_2016.2996,2996,POINT (435325.3791 6901881.8446),2016,9,17.00-17.59,2,5,1,0,0,1,0,0,0,435325.3791,6901881.8446
tieliikenne_2016.2997,2997,POINT (318259.4531 6774909.9915),2016,9,18.00-18.59,1,8,1,0,0,0,0,0,0,318259.4531,6774909.9915
tieliikenne_2016.2998,2998,POINT (298029.3059 6842622.3756),2016,9,14.00-14.59,2,0,1,0,0,0,1,0,0,298029.3059,6842622.3756
tieliikenne_2016.2999,2999,POINT (316750.5131 6830162.982),2016,9,23.00-23.59,3,8,0,0,0,0,0,1,0,316750.5131,6830162.982
tieliikenne_2016.3000,3000,POINT (364179.2903 6876712.0443),2016,9,15.00-15.59,2,8,1,0,0,0,0,0,0,364179.2903,6876712.0443
tieliikenne_2016.3001,3001,POINT (335733.047 6821653.525),2016,9,07.00-07.59,2,9,1,0,0,0,0,0,0,335733.047,6821653.525
tieliikenne_2016.3002,3002,POINT (314232.2725 6831207.8621),2016,9,12.00-12.59,2,8,1,0,0,0,0,0,0,314232.2725,6831207.8621
tieliikenne_2016.3003,3003,POINT (341645.165 6795682.3204),2016,9,16.00-16.59,2,4,1,0,0,0,1,0,0,341645.165,6795682.3204
tieliikenne_2016.3004,3004,POINT (440235.588 6909544.9354),2016,9,15.00-15.59,3,2,4,0,0,0,0,0,0,440235.588,6909544.9354
tieliikenne_2016.3005,3005,POINT (316535.314 6839453.0748),2016,9,07.00-07.59,3,2,2,0,0,0,0,0,0,316535.314,6839453.0748
tieliikenne_2016.3006,3006,POINT (360370.241 6821353.264),2016,9,18.00-18.59,1,8,0,0,0,0,0,0,1,360370.241,6821353.264
tieliikenne_2016.3007,3007,POINT (329412.1779 6817431.9939),2016,9,00.00-00.59,2,3,2,0,0,0,0,0,0,329412.1779,6817431.9939
tieliikenne_2016.3008,3008,POINT (430322.4232 6888212.3431),2016,9,13.00-13.59,2,0,0,0,0,0,2,0,0,430322.4232,6888212.3431
tieliikenne_2016.3009,3009,POINT (325433.0841 6796572.3368),2016,9,00.00-00.59,2,8,1,0,0,0,0,0,0,325433.0841,6796572.3368
tieliikenne_2016.3010,3010,POINT (332400.1113 6816582.302),2016,9,10.00-10.59,2,4,1,0,0,1,0,0,0,332400.1113,6816582.302
tieliikenne_2016.3011,3011,POINT (441145.6943 6901884.6602),2016,9,08.00-08.59,2,4,0,0,0,1,1,0,0,441145.6943,6901884.6602
tieliikenne_2016.3012,3012,POINT (334992.0761 6822682.4082),2016,9,14.00-14.59,2,1,1,0,0,1,0,0,0,334992.0761,6822682.4082
tieliikenne_2016.3013,3013,POINT (281132.3508 6807964.1337),2016,9,19.00-19.59,2,3,1,0,0,0,1,0,0,281132.3508,6807964.1337
tieliikenne_2016.3014,3014,POINT (415279.8993 6929541.2022),2016,9,15.00-15.59,2,8,1,0,0,0,0,0,0,415279.8993,6929541.2022
tieliikenne_2016.3015,3015,POINT (314119.0117 6821526.5796),2016,9,16.00-16.59,2,1,1,0,0,1,0,0,0,314119.0117,6821526.5796
tieliikenne_2016.3016,3016,POINT (380348.896 6905232.807),2016,9,09.00-09.59,3,1,2,0,0,0,0,0,0,380348.896,6905232.807
tieliikenne_2016.3017,3017,POINT (447958.8687 6923321.8535),2016,9,15.00-15.59,2,8,1,0,0,0,0,0,0,447958.8687,6923321.8535
tieliikenne_2016.3018,3018,POINT (435994.9246 6900565.9318),2016,9,16.00-16.59,2,5,1,0,0,1,0,0,0,435994.9246,6900565.9318
tieliikenne_2016.3019,3019,POINT (431644.9374 6901543.2674),2016,9,15.00-15.59,3,7,0,0,1,1,0,0,0,431644.9374,6901543.2674
tieliikenne_2016.3020,3020,POINT (434544.2052 6901228.7943),2016,10,17.00-17.59,2,4,2,0,0,0,0,0,0,434544.2052,6901228.7943
tieliikenne_2016.3021,3021,POINT (440510.0944 6992814.7769),2016,10,16.00-16.59,2,7,0,0,1,0,1,0,0,440510.0944,6992814.7769
tieliikenne_2016.3022,3022,POINT (433586.1821 6898836.1561),2016,10,00.00-00.59,3,3,1,0,0,0,0,1,0,433586.1821,6898836.1561
tieliikenne_2016.3023,3023,POINT (331737.8428 6785102.897),2016,10,01.00-01.59,2,6,1,0,1,0,0,0,0,331737.8428,6785102.897
tieliikenne_2016.3024,3024,POINT (336170.3034 6822579.467),2016,10,20.00-20.59,2,8,2,0,0,0,0,0,0,336170.3034,6822579.467
tieliikenne_2016.3025,3025,POINT (314398.0508 6821020.7464),2016,10,06.00-06.59,3,6,1,0,1,0,0,0,0,314398.0508,6821020.7464
tieliikenne_2016.3026,3026,POINT (444086.4629 6922020.3907),2016,10,07.00-07.59,2,8,1,0,0,0,0,0,0,444086.4629,6922020.3907
tieliikenne_2016.3027,3027,POINT (331704.5027 6821034.961),2016,10,08.00-08.59,2,6,0,0,1,0,0,0,1,331704.5027,6821034.961
tieliikenne_2016.3028,3028,POINT (442520.0958 6996396.5424),2016,10,14.00-14.59,2,1,1,0,0,0,1,0,0,442520.0958,6996396.5424
tieliikenne_2016.3029,3029,POINT (319180.562 6829439.716),2016,10,16.00-16.59,2,1,1,0,0,1,0,0,0,319180.562,6829439.716
tieliikenne_2016.3030,3030,POINT (315496.046 6822845.8905),2016,10,09.00-09.59,2,4,2,0,0,0,0,0,0,315496.046,6822845.8905
tieliikenne_2016.3031,3031,POINT (435538.9234 6901276.5205),2016,10,11.00-11.59,2,0,2,0,0,0,0,0,0,435538.9234,6901276.5205
tieliikenne_2016.3032,3032,POINT (443218.3549 6919819.0473),2016,10,10.00-10.59,2,8,0,0,0,0,1,0,0,443218.3549,6919819.0473
tieliikenne_2016.3033,3033,POINT (292435 6853139),2016,10,11.00-11.59,2,9,2,0,0,0,0,0,0,292435,6853139
tieliikenne_2016.3034,3034,POINT (313394.5482 6821922.9681),2016,10,12.00-12.59,3,4,1,0,0,1,0,0,0,313394.5482,6821922.9681
tieliikenne_2016.3035,3035,POINT (452780.01 6844948.6957),2016,10,18.00-18.59,2,1,1,0,0,0,1,0,0,452780.01,6844948.6957
tieliikenne_2016.3036,3036,POINT (436226.9314 6903652.6438),2016,10,23.00-23.59,2,8,0,0,0,0,1,0,0,436226.9314,6903652.6438
tieliikenne_2016.3037,3037,POINT (318013.6026 6848221.6566),2016,10,02.00-02.59,2,8,1,0,0,0,0,0,0,318013.6026,6848221.6566
tieliikenne_2016.3038,3038,POINT (409051.2048 6841566.7543),2016,10,15.00-15.59,2,8,1,0,0,0,0,0,0,409051.2048,6841566.7543
tieliikenne_2016.3039,3039,POINT (310319.9351 6836849.1014),2016,10,07.00-07.59,2,5,2,0,0,0,0,0,0,310319.9351,6836849.1014
tieliikenne_2016.3040,3040,POINT (433419.7844 6900797.8488),2016,10,13.00-13.59,2,0,2,0,0,0,0,0,0,433419.7844,6900797.8488
tieliikenne_2016.3041,3041,POINT (425019.285 6877340.2841),2016,10,19.00-19.59,2,0,2,0,0,0,0,0,0,425019.285,6877340.2841
tieliikenne_2016.3042,3042,POINT (447364.8067 6925964.9018),2016,10,07.00-07.59,2,8,1,0,0,0,0,0,0,447364.8067,6925964.9018
tieliikenne_2016.3043,3043,POINT (320795.7668 6823929.1332),2016,10,12.00-12.59,2,2,0,0,0,1,1,0,0,320795.7668,6823929.1332
tieliikenne_2016.3044,3044,POINT (445513.9736 6920187.3554),2016,10,11.00-11.59,2,8,1,0,0,0,0,0,0,445513.9736,6920187.3554
tieliikenne_2016.3045,3045,POINT (326661.7764 6822571.7093),2016,10,08.00-08.59,2,0,2,0,0,0,0,0,0,326661.7764,6822571.7093
tieliikenne_2016.3046,3046,POINT (435039.7625 6902961.9865),2016,10,14.00-14.59,2,0,1,0,0,0,1,0,0,435039.7625,6902961.9865
tieliikenne_2016.3047,3047,POINT (423476.563 6920998.4438),2016,10,16.00-16.59,2,8,1,0,0,0,0,0,0,423476.563,6920998.4438
tieliikenne_2016.3048,3048,POINT (328169.2024 6819837.0527),2016,10,10.00-10.59,3,8,1,0,0,0,0,0,0,328169.2024,6819837.0527
tieliikenne_2016.3049,3049,POINT (376323 6889629),2016,10,12.00-12.59,2,7,1,0,1,0,0,0,0,376323,6889629
tieliikenne_2016.3050,3050,POINT (313369.7124 6822134.3593),2016,10,18.00-18.59,1,1,2,0,0,0,0,0,0,313369.7124,6822134.3593
tieliikenne_2016.3051,3051,POINT (434646.2927 6901458.6353),2016,10,15.00-15.59,2,4,1,0,0,1,0,0,0,434646.2927,6901458.6353
tieliikenne_2016.3052,3052,POINT (332222.8772 6816692.9834),2016,10,10.00-10.59,2,4,1,0,0,1,0,0,0,332222.8772,6816692.9834
tieliikenne_2016.3053,3053,POINT (326602.0183 6805682.0777),2016,10,17.00-17.59,2,3,1,0,0,0,0,1,0,326602.0183,6805682.0777
tieliikenne_2016.3054,3054,POINT (442578.6598 6906217.5995),2016,10,02.00-02.59,2,8,1,0,0,0,0,0,0,442578.6598,6906217.5995
tieliikenne_2016.3055,3055,POINT (445950.4711 6920773.7708),2016,10,11.00-11.59,3,9,1,0,1,0,0,0,0,445950.4711,6920773.7708
tieliikenne_2016.3056,3056,POINT (415547.8366 6872025.2057),2016,10,14.00-14.59,2,4,2,0,0,0,0,0,0,415547.8366,6872025.2057
tieliikenne_2016.3057,3057,POINT (302565.84 6821591.3734),2016,10,18.00-18.59,2,8,1,0,0,0,0,0,0,302565.84,6821591.3734
tieliikenne_2016.3058,3058,POINT (338199.5829 6820544.4338),2016,10,08.00-08.59,2,0,2,0,0,0,0,0,0,338199.5829,6820544.4338
tieliikenne_2016.3059,3059,POINT (434310.3637 6942046.8299),2016,10,17.00-17.59,2,6,1,0,1,0,0,0,0,434310.3637,6942046.8299
tieliikenne_2016.3060,3060,POINT (322075.4243 6840510.5072),2016,10,22.00-22.59,2,8,1,0,0,0,0,0,0,322075.4243,6840510.5072
tieliikenne_2016.3061,3061,POINT (327788.0341 6822879.7142),2016,10,18.00-18.59,2,0,3,0,0,0,0,0,0,327788.0341,6822879.7142
tieliikenne_2016.3062,3062,POINT (435122.8005 6992686.2046),2016,10,06.00-06.59,2,8,1,0,0,0,0,0,0,435122.8005,6992686.2046
tieliikenne_2016.3063,3063,POINT (432475.1449 6890923.6306),2016,10,06.00-06.59,2,8,1,0,0,0,0,0,0,432475.1449,6890923.6306
tieliikenne_2016.3064,3064,POINT (433599.2322 6901407.0651),2016,10,15.00-15.59,2,4,1,0,0,1,0,0,0,433599.2322,6901407.0651
tieliikenne_2016.3065,3065,POINT (425345.7311 6904623.4216),2016,10,07.00-07.59,2,8,2,0,0,0,0,0,0,425345.7311,6904623.4216
tieliikenne_2016.3066,3066,POINT (435299.0448 6902031.1047),2016,11,12.00-12.59,2,1,1,0,0,1,0,0,0,435299.0448,6902031.1047
tieliikenne_2016.3067,3067,POINT (281749.3674 6807079.6921),2016,11,14.00-14.59,2,3,2,0,0,0,0,0,0,281749.3674,6807079.6921
tieliikenne_2016.3068,3068,POINT (317635.6305 6775145.8451),2016,10,15.00-15.59,2,0,2,0,0,0,0,0,0,317635.6305,6775145.8451
tieliikenne_2016.3069,3069,POINT (444457.6585 6888800.8681),2016,11,18.00-18.59,2,2,2,0,0,0,0,0,0,444457.6585,6888800.8681
tieliikenne_2016.3070,3070,POINT (322676.8916 6825108.7944),2016,11,19.00-19.59,2,5,1,0,0,0,0,0,1,322676.8916,6825108.7944
tieliikenne_2016.3071,3071,POINT (453204.6587 6845796.9946),2016,11,22.00-22.59,2,8,1,0,0,0,0,0,0,453204.6587,6845796.9946
tieliikenne_2016.3072,3072,POINT (281307.2386 6807533.3711),2016,11,15.00-15.59,2,6,1,0,1,0,0,0,0,281307.2386,6807533.3711
tieliikenne_2016.3073,3073,POINT (438486.7009 6901556.917),2016,11,13.00-13.59,2,5,3,0,0,0,0,0,0,438486.7009,6901556.917
tieliikenne_2016.3074,3074,POINT (433855.2574 6907257.2603),2016,11,12.00-12.59,2,7,1,0,1,0,0,0,0,433855.2574,6907257.2603
tieliikenne_2016.3075,3075,POINT (288501.6468 6857423.1466),2016,11,16.00-16.59,2,0,1,0,0,0,0,0,1,288501.6468,6857423.1466
tieliikenne_2016.3076,3076,POINT (344394.1302 6817258.2511),2016,11,09.00-09.59,2,8,1,0,0,0,0,0,0,344394.1302,6817258.2511
tieliikenne_2016.3077,3077,POINT (332107.2001 6817578.5007),2016,11,07.00-07.59,2,7,1,0,1,0,0,0,0,332107.2001,6817578.5007
tieliikenne_2016.3078,3078,POINT (406613.2809 6860619.3367),2016,11,15.00-15.59,2,8,0,1,0,0,0,0,0,406613.2809,6860619.3367
tieliikenne_2016.3079,3079,POINT (327556.7063 6822508.0733),2016,11,23.00-23.59,2,6,1,0,1,0,0,0,0,327556.7063,6822508.0733
tieliikenne_2016.3080,3080,POINT (446587.5574 7000943.7062),2016,11,07.00-07.59,2,8,1,0,0,0,0,0,0,446587.5574,7000943.7062
tieliikenne_2016.3081,3081,POINT (408178.7145 6904457.8595),2016,11,21.00-21.59,2,2,2,0,0,0,0,0,0,408178.7145,6904457.8595
tieliikenne_2016.3082,3082,POINT (425670.8418 6930856.9424),2016,11,05.00-05.59,2,8,0,1,0,0,0,0,0,425670.8418,6930856.9424
tieliikenne_2016.3083,3083,POINT (323126.4674 6825420.4134),2016,11,13.00-13.59,2,6,1,0,2,0,0,0,0,323126.4674,6825420.4134
tieliikenne_2016.3084,3084,POINT (320991.8187 6826597.1342),2016,11,08.00-08.59,2,0,3,0,0,0,0,0,0,320991.8187,6826597.1342
tieliikenne_2016.3085,3085,POINT (366151.2464 6852301.0492),2016,11,17.00-17.59,2,2,1,0,0,0,0,0,1,366151.2464,6852301.0492
tieliikenne_2016.3086,3086,POINT (408522.4272 6976188.697),2016,11,22.00-22.59,1,7,1,0,1,0,0,0,0,408522.4272,6976188.697
tieliikenne_2016.3087,3087,POINT (411185.628 6905180.1631),2016,11,19.00-19.59,2,8,1,0,0,0,0,0,0,411185.628,6905180.1631
tieliikenne_2016.3088,3088,POINT (329271.5305 6822482.4126),2016,11,09.00-09.59,2,6,0,1,1,0,0,0,0,329271.5305,6822482.4126
tieliikenne_2016.3089,3089,POINT (362976.0277 6835182.9143),2016,11,18.00-18.59,2,8,1,0,0,0,0,0,0,362976.0277,6835182.9143
tieliikenne_2016.3090,3090,POINT (279154.8161 6809066.3208),2016,11,13.00-13.59,2,4,2,0,0,0,0,0,0,279154.8161,6809066.3208
tieliikenne_2016.3091,3091,POINT (290636.5339 6895103.918),2016,11,13.00-13.59,1,8,1,0,0,0,0,0,0,290636.5339,6895103.918
tieliikenne_2016.3092,3092,POINT (435996.0682 6900561.8786),2016,11,16.00-16.59,2,4,1,0,0,1,0,0,0,435996.0682,6900561.8786
tieliikenne_2016.3093,3093,POINT (293204.1173 6822932.2395),2016,11,08.00-08.59,2,8,1,0,0,0,0,0,0,293204.1173,6822932.2395
tieliikenne_2016.3094,3094,POINT (424258.7897 6932587.1965),2016,11,06.00-06.59,3,2,1,1,0,0,0,0,0,424258.7897,6932587.1965
tieliikenne_2016.3095,3095,POINT (336124.8007 6845051.7567),2016,11,23.00-23.59,2,8,0,0,0,0,0,0,1,336124.8007,6845051.7567
tieliikenne_2016.3096,3096,POINT (328165.3561 6822802.9333),2016,11,02.00-02.59,2,4,1,0,0,1,0,0,0,328165.3561,6822802.9333
tieliikenne_2016.3097,3097,POINT (395300.7502 6869597.6141),2016,11,09.00-09.59,2,8,1,0,0,0,0,0,0,395300.7502,6869597.6141
tieliikenne_2016.3098,3098,POINT (460195.5525 6905067.6195),2016,11,00.00-00.59,2,8,1,0,0,0,0,0,0,460195.5525,6905067.6195
tieliikenne_2016.3099,3099,POINT (432419.3614 6901694.7449),2016,11,17.00-17.59,2,6,1,0,1,0,0,0,0,432419.3614,6901694.7449
tieliikenne_2016.3100,3100,POINT (433429.175 6902041.4578),2016,11,15.00-15.59,2,4,1,0,0,1,0,0,0,433429.175,6902041.4578
tieliikenne_2016.3101,3101,POINT (328121.6099 6821583.5174),2016,11,07.00-07.59,2,6,1,0,1,0,0,0,0,328121.6099,6821583.5174
tieliikenne_2016.3102,3102,POINT (434907.743 7006271.472),2016,11,20.00-20.59,2,8,1,0,0,0,0,0,0,434907.743,7006271.472
tieliikenne_2016.3103,3103,POINT (436123.3152 6902699.3847),2016,11,08.00-08.59,2,3,1,0,0,1,0,0,0,436123.3152,6902699.3847
tieliikenne_2016.3104,3104,POINT (436342.859 7043179.84),2016,11,16.00-16.59,2,8,1,0,0,0,0,0,0,436342.859,7043179.84
tieliikenne_2016.3105,3105,POINT (344775.0143 6817499.0237),2016,11,10.00-10.59,2,4,1,0,0,1,0,0,0,344775.0143,6817499.0237
tieliikenne_2016.3106,3106,POINT (435479.5629 6903343.8973),2016,11,13.00-13.59,2,0,2,0,0,0,0,0,0,435479.5629,6903343.8973
tieliikenne_2016.3107,3107,POINT (326613.7342 6893987.8909),2016,11,21.00-21.59,2,8,1,0,0,0,0,0,0,326613.7342,6893987.8909
tieliikenne_2016.3108,3108,POINT (410996.5065 6861778.2997),2016,11,03.00-03.59,2,7,1,0,1,0,0,0,0,410996.5065,6861778.2997
tieliikenne_2016.3109,3109,POINT (435142.0647 6901610.9391),2016,11,13.00-13.59,2,0,3,0,0,0,0,0,0,435142.0647,6901610.9391
tieliikenne_2016.3110,3110,POINT (320568.7284 6817009.2438),2016,11,08.00-08.59,2,6,1,0,1,0,0,0,0,320568.7284,6817009.2438
tieliikenne_2016.3111,3111,POINT (331714.8479 6817492.7552),2016,11,13.00-13.59,2,7,1,0,1,0,0,0,0,331714.8479,6817492.7552
tieliikenne_2016.3112,3112,POINT (435602.3399 6905692.1836),2016,11,16.00-16.59,2,0,2,0,0,0,0,0,0,435602.3399,6905692.1836
tieliikenne_2016.3113,3113,POINT (431294.5101 6898772.2936),2016,11,15.00-15.59,2,8,0,1,0,0,0,0,0,431294.5101,6898772.2936
tieliikenne_2016.3114,3114,POINT (433815.0654 6942068.9069),2016,11,16.00-16.59,2,6,1,0,1,0,0,0,0,433815.0654,6942068.9069
tieliikenne_2016.3115,3115,POINT (326633.5755 6818358.6331),2016,11,22.00-22.59,2,0,1,1,0,0,0,0,0,326633.5755,6818358.6331
tieliikenne_2016.3116,3116,POINT (331674.5476 6817225.0539),2016,12,11.00-11.59,2,4,1,0,0,1,0,0,0,331674.5476,6817225.0539
tieliikenne_2016.3117,3117,POINT (333381.7722 6819532.0118),2016,12,15.00-15.59,2,0,2,0,0,0,0,0,0,333381.7722,6819532.0118
tieliikenne_2016.3118,3118,POINT (404475.1268 6860925.9198),2016,12,14.00-14.59,2,6,1,0,2,0,0,0,0,404475.1268,6860925.9198
tieliikenne_2016.3119,3119,POINT (432195.2155 6900405.9434),2016,12,17.00-17.59,2,3,2,0,0,0,0,0,0,432195.2155,6900405.9434
tieliikenne_2016.3120,3120,POINT (436139.1207 6902541.4076),2016,12,19.00-19.59,2,0,2,0,0,0,0,0,0,436139.1207,6902541.4076
tieliikenne_2016.3121,3121,POINT (338804.1859 6898431.7423),2016,12,08.00-08.59,2,8,0,0,0,0,0,0,1,338804.1859,6898431.7423
tieliikenne_2016.3122,3122,POINT (339479.0343 6793065.8201),2016,12,09.00-09.59,2,5,2,0,0,0,0,0,0,339479.0343,6793065.8201
tieliikenne_2016.3123,3123,POINT (289529.8233 6855454.8785),2016,12,13.00-13.59,2,1,2,0,0,0,0,0,0,289529.8233,6855454.8785
tieliikenne_2016.3124,3124,POINT (415407.2699 6988792.5969),2016,12,16.00-16.59,2,8,1,0,0,0,0,0,0,415407.2699,6988792.5969
tieliikenne_2016.3125,3125,POINT (329140.5527 6822634.1826),2016,12,03.00-03.59,2,8,0,0,0,0,0,0,1,329140.5527,6822634.1826
tieliikenne_2016.3126,3126,POINT (451678.5249 6909372.7879),2016,12,18.00-18.59,2,8,0,0,0,0,0,0,1,451678.5249,6909372.7879
tieliikenne_2016.3127,3127,POINT (436156.751 6903285.635),2016,12,15.00-15.59,2,4,1,0,0,1,0,0,0,436156.751,6903285.635
tieliikenne_2016.3128,3128,POINT (439799.7426 6937457.8565),2016,12,17.00-17.59,2,0,2,0,0,0,0,0,0,439799.7426,6937457.8565
tieliikenne_2016.3129,3129,POINT (345161.9509 6826600.2262),2016,12,07.00-07.59,2,8,0,1,0,0,0,0,0,345161.9509,6826600.2262
tieliikenne_2016.3130,3130,POINT (436243.616 6905100.4914),2016,12,15.00-15.59,2,2,2,0,0,0,0,0,0,436243.616,6905100.4914
tieliikenne_2016.3131,3131,POINT (317934.8876 6829190.1087),2016,12,13.00-13.59,2,8,1,0,0,0,0,0,0,317934.8876,6829190.1087
tieliikenne_2016.3132,3132,POINT (328927.2929 6821713.9685),2016,12,07.00-07.59,2,6,1,0,1,0,0,0,0,328927.2929,6821713.9685
tieliikenne_2016.3133,3133,POINT (291436.0511 6823575.4314),2016,12,16.00-16.59,2,8,1,0,0,0,0,0,0,291436.0511,6823575.4314
tieliikenne_2016.3134,3134,POINT (369197.8333 6885610.6611),2016,12,07.00-07.59,2,8,1,0,0,0,0,0,0,369197.8333,6885610.6611
tieliikenne_2016.3135,3135,POINT (327230.3582 6819795.4755),2016,12,14.00-14.59,3,4,1,0,0,1,0,0,0,327230.3582,6819795.4755
tieliikenne_2016.3136,3136,POINT (334602.4473 6822037.5576),2016,12,20.00-20.59,2,7,1,0,1,0,0,0,0,334602.4473,6822037.5576
tieliikenne_2016.3137,3137,POINT (328089.1141 6822052.4925),2016,12,12.00-12.59,2,0,2,0,0,0,0,0,0,328089.1141,6822052.4925
tieliikenne_2016.3138,3138,POINT (327822.3187 6818527.7194),2016,12,12.00-12.59,2,8,1,0,0,0,0,0,0,327822.3187,6818527.7194
tieliikenne_2016.3139,3139,POINT (442481.9428 6994222.2057),2016,12,17.00-17.59,2,5,2,0,0,0,0,0,0,442481.9428,6994222.2057
tieliikenne_2016.3140,3140,POINT (314650.4508 6821624.9422),2016,12,19.00-19.59,2,8,0,0,0,0,0,0,1,314650.4508,6821624.9422
tieliikenne_2016.3141,3141,POINT (357429.6505 6840972.3824),2016,12,03.00-03.59,1,2,1,1,0,0,0,0,0,357429.6505,6840972.3824
tieliikenne_2016.3142,3142,POINT (414466.8932 6939129.6568),2016,12,12.00-12.59,2,8,1,0,0,0,0,0,0,414466.8932,6939129.6568
tieliikenne_2016.3143,3143,POINT (436218.3844 6902798.1256),2016,12,15.00-15.59,2,3,2,0,0,0,0,0,0,436218.3844,6902798.1256
tieliikenne_2016.3144,3144,POINT (350270.6393 6789013.2465),2016,12,00.00-00.59,2,8,1,0,0,0,0,0,0,350270.6393,6789013.2465
tieliikenne_2016.3145,3145,POINT (334554.4157 6819779.0989),2016,12,05.00-05.59,1,7,0,1,1,0,0,0,0,334554.4157,6819779.0989
tieliikenne_2016.3146,3146,POINT (322620.2697 6825155.9036),2016,5,19.00-19.59,2,8,0,0,0,0,0,1,0,322620.2697,6825155.9036
tieliikenne_2016.3147,3147,POINT (380473.8909 6905683.5789),2016,12,12.00-12.59,2,5,2,0,0,0,0,0,0,380473.8909,6905683.5789
tieliikenne_2016.3148,3148,POINT (327649.6541 6822518.2998),2016,12,12.00-12.59,3,6,0,1,1,0,0,0,0,327649.6541,6822518.2998
tieliikenne_2016.3149,3149,POINT (469080.4409 6906643.437),2016,12,15.00-15.59,2,0,2,0,0,0,0,0,0,469080.4409,6906643.437
tieliikenne_2016.3150,3150,POINT (433931.5778 6900280.6819),2016,12,15.00-15.59,2,0,2,0,0,0,0,0,0,433931.5778,6900280.6819
tieliikenne_2016.3151,3151,POINT (434420.0488 6947562.8747),2016,12,15.00-15.59,2,0,2,0,0,0,0,0,0,434420.0488,6947562.8747
tieliikenne_2016.3152,3152,POINT (450204.0158 6878124.7016),2016,12,12.00-12.59,3,2,2,0,0,0,0,0,0,450204.0158,6878124.7016
tieliikenne_2016.3153,3153,POINT (360771.9225 6851051.0522),2016,12,20.00-20.59,2,2,3,0,0,0,0,0,0,360771.9225,6851051.0522
tieliikenne_2016.3154,3154,POINT (269258.0774 6800038.319),2016,12,05.00-05.59,2,8,1,0,0,0,0,0,0,269258.0774,6800038.319
tieliikenne_2016.3155,3155,POINT (264467.1709 6829994.2035),2016,12,20.00-20.59,2,8,1,0,0,0,0,0,0,264467.1709,6829994.2035
tieliikenne_2016.3156,3156,POINT (432724.1735 6906435.6679),2016,12,12.00-12.59,2,9,4,1,0,0,0,0,0,432724.1735,6906435.6679
tieliikenne_2016.3157,3157,POINT (398907.8023 6968241.5014),2016,12,12.00-12.59,3,2,1,1,0,0,0,0,0,398907.8023,6968241.5014
tieliikenne_2016.3158,3158,POINT (436747.2011 6903747.1933),2016,12,19.00-19.59,2,5,2,0,0,0,0,0,0,436747.2011,6903747.1933
tieliikenne_2016.3159,3159,POINT (321606.1779 6819359.9954),2016,12,11.00-11.59,2,6,1,0,2,0,0,0,0,321606.1779,6819359.9954
tieliikenne_2016.3160,3160,POINT (324996.218 6872877.6474),2016,12,20.00-20.59,2,8,1,0,0,0,0,0,0,324996.218,6872877.6474
tieliikenne_2016.3161,3161,POINT (453175.0104 6869090.3607),2016,12,10.00-10.59,2,3,2,0,0,0,0,0,0,453175.0104,6869090.3607
tieliikenne_2016.3162,3162,POINT (450230.1283 6916057.8356),2016,12,23.00-23.59,2,8,1,0,0,0,0,0,0,450230.1283,6916057.8356
tieliikenne_2016.3163,3163,POINT (331979.5727 6820894.6366),2016,12,22.00-22.59,2,7,1,0,1,0,0,0,0,331979.5727,6820894.6366
tieliikenne_2016.3164,3164,POINT (334723.414 7052737.0531),2016,1,02.00-02.59,2,8,1,0,0,0,0,0,0,334723.414,7052737.0531
tieliikenne_2016.3165,3165,POINT (287554.8398 6969241.2971),2016,1,03.00-03.59,2,4,1,0,0,1,0,0,0,287554.8398,6969241.2971
tieliikenne_2016.3166,3166,POINT (325335.9762 6947600.687),2016,1,19.00-19.59,2,8,1,0,0,0,0,0,0,325335.9762,6947600.687
tieliikenne_2016.3167,3167,POINT (327496.4579 6944487.0865),2016,1,07.00-07.59,2,1,1,0,0,1,0,0,0,327496.4579,6944487.0865
tieliikenne_2016.3168,3168,POINT (311148.3982 7083518.5421),2016,1,16.00-16.59,2,4,2,1,0,0,0,0,0,311148.3982,7083518.5421
tieliikenne_2016.3169,3169,POINT (292230.9136 6972605.4187),2016,1,18.00-18.59,2,0,2,0,0,0,0,0,0,292230.9136,6972605.4187
tieliikenne_2016.3170,3170,POINT (287805.8415 6967670.1007),2016,1,12.00-12.59,2,4,3,0,0,0,0,0,0,287805.8415,6967670.1007
tieliikenne_2016.3171,3171,POINT (248037.7261 6992166.0747),2016,1,16.00-16.59,2,5,2,0,0,0,0,0,0,248037.7261,6992166.0747
tieliikenne_2016.3172,3172,POINT (214849.153 6890327.7201),2016,1,12.00-12.59,2,0,1,1,0,0,0,0,0,214849.153,6890327.7201
tieliikenne_2016.3173,3173,POINT (288893.2715 6995341.4719),2016,1,13.00-13.59,2,8,1,0,0,0,0,0,0,288893.2715,6995341.4719
tieliikenne_2016.3174,3174,POINT (313383.2761 7083910.813),2016,1,19.00-19.59,2,8,1,0,0,0,0,0,0,313383.2761,7083910.813
tieliikenne_2016.3175,3175,POINT (337658.787 6948123.1541),2016,1,11.00-11.59,2,4,1,0,0,1,0,0,0,337658.787,6948123.1541
tieliikenne_2016.3176,3176,POINT (310356.4147 7084417.154),2016,1,14.00-14.59,2,1,2,0,0,0,0,0,0,310356.4147,7084417.154
tieliikenne_2016.3177,3177,POINT (324056.84 7051040.1163),2016,1,07.00-07.59,1,7,1,0,1,0,0,0,0,324056.84,7051040.1163
tieliikenne_2016.3178,3178,POINT (333843.8865 6959903.49),2016,1,22.00-22.59,2,2,2,0,0,0,0,0,0,333843.8865,6959903.49
tieliikenne_2016.3179,3179,POINT (288657.3925 6968171.2807),2016,1,03.00-03.59,2,8,1,0,0,0,0,0,0,288657.3925,6968171.2807
tieliikenne_2016.3180,3180,POINT (274986.6718 7048916.4394),2016,1,13.00-13.59,2,8,1,0,0,0,0,0,0,274986.6718,7048916.4394
tieliikenne_2016.3181,3181,POINT (267761.0689 6996571.2957),2016,1,15.00-15.59,2,2,2,0,0,0,0,0,0,267761.0689,6996571.2957
tieliikenne_2016.3182,3182,POINT (268355.0901 7027412.0827),2016,1,08.00-08.59,1,5,2,1,0,0,0,0,0,268355.0901,7027412.0827
tieliikenne_2016.3183,3183,POINT (339314.9824 7043775.99),2016,1,10.00-10.59,2,4,1,0,0,1,0,0,0,339314.9824,7043775.99
tieliikenne_2016.3184,3184,POINT (286099.4037 6974877.6608),2016,1,12.00-12.59,2,4,2,0,0,0,0,0,0,286099.4037,6974877.6608
tieliikenne_2016.3185,3185,POINT (230076.8021 6978582.0267),2016,1,14.00-14.59,2,2,2,0,0,0,0,0,0,230076.8021,6978582.0267
tieliikenne_2016.3186,3186,POINT (310252.6017 7085171.0379),2016,1,23.00-23.59,2,7,1,0,1,0,0,0,0,310252.6017,7085171.0379
tieliikenne_2016.3187,3187,POINT (287210.4699 7067898.7839),2016,1,07.00-07.59,2,4,2,0,0,0,0,0,0,287210.4699,7067898.7839
tieliikenne_2016.3188,3188,POINT (285488.4919 6917970.8839),2016,4,23.00-23.59,2,9,1,0,0,0,0,0,0,285488.4919,6917970.8839
tieliikenne_2016.3189,3189,POINT (325754.0868 6927089.9039),2016,1,06.00-06.59,2,2,1,1,0,0,0,0,0,325754.0868,6927089.9039
tieliikenne_2016.3190,3190,POINT (213788.2825 6915488.6219),2016,1,14.00-14.59,2,3,2,0,0,0,0,0,0,213788.2825,6915488.6219
tieliikenne_2016.3191,3191,POINT (340303.0364 7007876.3165),2016,1,08.00-08.59,2,3,2,2,0,0,0,0,0,340303.0364,7007876.3165
tieliikenne_2016.3192,3192,POINT (286835.4775 6970661.3032),2016,1,10.00-10.59,2,4,1,0,0,0,0,0,1,286835.4775,6970661.3032
tieliikenne_2016.3193,3193,POINT (322075.2928 7085049.2745),2016,1,13.00-13.59,2,8,1,0,0,0,0,0,0,322075.2928,7085049.2745
tieliikenne_2016.3194,3194,POINT (343466.5654 6929409.2781),2016,5,22.00-22.59,1,9,0,0,0,0,0,1,0,343466.5654,6929409.2781
tieliikenne_2016.3195,3195,POINT (277632.7993 6927285.0904),2016,5,07.00-07.59,2,9,1,0,0,0,0,0,0,277632.7993,6927285.0904
tieliikenne_2016.3196,3196,POINT (228161.6341 7011418.7839),2016,2,07.00-07.59,2,3,1,0,0,0,1,0,0,228161.6341,7011418.7839
tieliikenne_2016.3197,3197,POINT (348164.589 7086693.5862),2016,5,05.00-05.59,2,9,1,0,0,0,0,0,0,348164.589,7086693.5862
tieliikenne_2016.3198,3198,POINT (297899.7911 6942006.8721),2016,2,09.00-09.59,2,8,1,0,0,0,0,0,0,297899.7911,6942006.8721
tieliikenne_2016.3199,3199,POINT (248225.9566 7011828.9603),2016,2,05.00-05.59,1,2,1,1,0,0,0,0,0,248225.9566,7011828.9603
tieliikenne_2016.3200,3200,POINT (297017.0188 7082541.869),2016,6,07.00-07.59,2,9,1,0,0,0,0,0,0,297017.0188,7082541.869
tieliikenne_2016.3201,3201,POINT (287892.9749 6969049.1903),2016,2,14.00-14.59,2,0,1,0,0,0,1,0,0,287892.9749,6969049.1903
tieliikenne_2016.3202,3202,POINT (312565.5286 6930243.9984),2016,2,14.00-14.59,2,4,2,0,0,0,0,0,0,312565.5286,6930243.9984
tieliikenne_2016.3203,3203,POINT (353328.484 6967263.3268),2016,7,21.00-21.59,2,9,0,0,0,0,0,1,0,353328.484,6967263.3268
tieliikenne_2016.3204,3204,POINT (222287.9499 6960900.1363),2016,7,02.00-02.59,3,9,1,0,0,0,0,0,0,222287.9499,6960900.1363
tieliikenne_2016.3205,3205,POINT (276117.9615 6943070.5355),2016,2,19.00-19.59,2,8,1,0,0,0,0,0,0,276117.9615,6943070.5355
tieliikenne_2016.3206,3206,POINT (349473.8492 6992761.3548),2016,7,04.00-04.59,3,9,0,0,0,0,0,1,0,349473.8492,6992761.3548
tieliikenne_2016.3207,3207,POINT (324467.8249 6944430.5198),2016,2,06.00-06.59,2,8,1,0,0,0,0,0,0,324467.8249,6944430.5198
tieliikenne_2016.3208,3208,POINT (276537.8709 7050336.432),2016,2,09.00-09.59,2,7,1,0,1,0,0,0,0,276537.8709,7050336.432
tieliikenne_2016.3209,3209,POINT (237329.3412 6999464.3059),2016,2,12.00-12.59,2,3,2,0,0,0,0,0,0,237329.3412,6999464.3059
tieliikenne_2016.3210,3210,POINT (261649.4357 7020677.5623),2016,8,06.00-06.59,2,9,1,0,0,0,0,0,0,261649.4357,7020677.5623
tieliikenne_2016.3211,3211,POINT (287643.012 7067831.3659),2016,2,01.00-01.59,2,4,2,0,0,0,0,0,0,287643.012,7067831.3659
tieliikenne_2016.3212,3212,POINT (230492.2787 7005589.8632),2016,2,10.00-10.59,2,8,1,0,0,0,0,0,0,230492.2787,7005589.8632
tieliikenne_2016.3213,3213,POINT (266533.714 6990665.2345),2016,2,07.00-07.59,2,5,2,0,0,0,0,0,0,266533.714,6990665.2345
tieliikenne_2016.3214,3214,POINT (343851.7989 6931165.9895),2016,2,19.00-19.59,2,0,1,1,0,0,0,0,0,343851.7989,6931165.9895
tieliikenne_2016.3215,3215,POINT (327377.7168 7025220.6672),2016,8,23.00-23.59,2,9,1,0,0,0,0,0,0,327377.7168,7025220.6672
tieliikenne_2016.3216,3216,POINT (301920.9151 7079475.943),2016,8,04.00-04.59,2,9,1,0,0,0,0,0,0,301920.9151,7079475.943
tieliikenne_2016.3217,3217,POINT (228295.3838 7007526.0621),2016,2,16.00-16.59,2,6,1,0,1,0,0,0,0,228295.3838,7007526.0621
tieliikenne_2016.3218,3218,POINT (299043.1358 6984903.995),2016,2,05.00-05.59,2,0,1,2,0,0,0,0,0,299043.1358,6984903.995
tieliikenne_2016.3219,3219,POINT (286774.2358 6967363.3359),2016,2,13.00-13.59,2,5,2,0,0,0,0,0,0,286774.2358,6967363.3359
tieliikenne_2016.3220,3220,POINT (287299.6595 6969616.6551),2016,2,02.00-02.59,2,4,2,0,0,0,0,0,0,287299.6595,6969616.6551
tieliikenne_2016.3221,3221,POINT (231930.8392 7006725.1011),2016,3,10.00-10.59,2,5,2,0,0,0,0,0,0,231930.8392,7006725.1011
tieliikenne_2016.3222,3222,POINT (287761.3249 7066724.2669),2016,9,19.00-19.59,2,2,0,0,0,2,0,0,0,287761.3249,7066724.2669
tieliikenne_2016.3223,3223,POINT (225703.117 7004035.134),2016,9,19.00-19.59,2,9,1,0,0,0,0,0,0,225703.117,7004035.134
tieliikenne_2016.3224,3224,POINT (334562.0074 7104671.178),2016,10,10.00-10.59,2,9,1,0,0,0,0,0,0,334562.0074,7104671.178
tieliikenne_2016.3225,3225,POINT (278292.5671 6940027.3446),2016,3,14.00-14.59,2,0,2,0,0,0,0,0,0,278292.5671,6940027.3446
tieliikenne_2016.3226,3226,POINT (231722.5469 7009127.1385),2016,3,03.00-03.59,2,8,1,0,0,0,0,0,0,231722.5469,7009127.1385
tieliikenne_2016.3227,3227,POINT (228961.5356 6995894.429),2016,10,06.00-06.59,2,9,1,0,0,0,0,0,0,228961.5356,6995894.429
tieliikenne_2016.3228,3228,POINT (340172.6849 7042097.8264),2016,3,22.00-22.59,2,8,1,0,0,0,0,0,0,340172.6849,7042097.8264
tieliikenne_2016.3229,3229,POINT (282916.4141 6952309.7981),2016,10,07.00-07.59,2,9,1,0,0,0,0,0,0,282916.4141,6952309.7981
tieliikenne_2016.3230,3230,POINT (298035.2129 6988306.1101),2016,3,22.00-22.59,1,5,1,0,0,1,0,0,0,298035.2129,6988306.1101
tieliikenne_2016.3231,3231,POINT (326178.4837 6947716.8595),2016,3,01.00-01.59,3,8,1,0,0,0,0,0,0,326178.4837,6947716.8595
tieliikenne_2016.3232,3232,POINT (309528.8218 7085991.5576),2016,3,15.00-15.59,2,5,2,0,0,0,0,0,0,309528.8218,7085991.5576
tieliikenne_2016.3233,3233,POINT (325790.0476 6943134.6863),2016,3,09.00-09.59,2,0,3,0,0,0,0,0,0,325790.0476,6943134.6863
tieliikenne_2016.3234,3234,POINT (336430.6544 7014201.4003),2016,3,11.00-11.59,2,4,2,0,0,0,0,0,0,336430.6544,7014201.4003
tieliikenne_2016.3235,3235,POINT (301593.0407 6988301.6335),2016,10,20.00-20.59,2,9,1,0,0,0,0,0,0,301593.0407,6988301.6335
tieliikenne_2016.3236,3236,POINT (214867.0592 6953688.7037),2016,10,21.00-21.59,2,9,1,0,0,0,0,0,0,214867.0592,6953688.7037
tieliikenne_2016.3237,3237,POINT (229301.6308 7005916.8442),2016,3,18.00-18.59,2,8,1,0,0,0,0,0,0,229301.6308,7005916.8442
tieliikenne_2016.3238,3238,POINT (265555.0764 7024644.1555),2016,11,17.00-17.59,2,9,1,0,0,0,0,0,0,265555.0764,7024644.1555
tieliikenne_2016.3239,3239,POINT (277111.4373 7040799.8491),2016,11,17.00-17.59,2,9,1,0,0,0,0,0,0,277111.4373,7040799.8491
tieliikenne_2016.3240,3240,POINT (289533.2694 7008779.1144),2016,3,09.00-09.59,2,1,2,1,0,0,0,0,0,289533.2694,7008779.1144
tieliikenne_2016.3241,3241,POINT (307026.7742 6943760.5816),2016,3,11.00-11.59,1,2,1,1,0,0,0,0,0,307026.7742,6943760.5816
tieliikenne_2016.3242,3242,POINT (232389.9361 6940196.3172),2016,3,12.00-12.59,2,8,1,0,0,0,0,0,0,232389.9361,6940196.3172
tieliikenne_2016.3243,3243,POINT (262447.6443 6934570.4746),2016,3,15.00-15.59,2,8,1,0,0,0,0,0,0,262447.6443,6934570.4746
tieliikenne_2016.3244,3244,POINT (224953.2091 7001949.83),2016,3,15.00-15.59,2,0,2,0,0,0,0,0,0,224953.2091,7001949.83
tieliikenne_2016.3245,3245,POINT (288011.1545 6968476.1366),2016,3,19.00-19.59,2,4,1,0,0,1,0,0,0,288011.1545,6968476.1366
tieliikenne_2016.3246,3246,POINT (234881.6753 6998635.534),2016,12,16.00-16.59,2,9,1,0,0,0,0,0,0,234881.6753,6998635.534
tieliikenne_2016.3247,3247,POINT (300028.0908 7062153.8527),2016,3,21.00-21.59,2,1,0,1,0,0,1,0,0,300028.0908,7062153.8527
tieliikenne_2016.3248,3248,POINT (288033.6708 6968480.8356),2016,3,17.00-17.59,2,3,1,0,0,1,0,0,0,288033.6708,6968480.8356
tieliikenne_2016.3249,3249,POINT (287443.6546 6913335.8303),2016,3,18.00-18.59,2,2,0,2,0,0,0,0,0,287443.6546,6913335.8303
tieliikenne_2016.3250,3250,POINT (262790.205 6946297.2132),2016,3,19.00-19.59,2,2,1,1,0,0,0,0,0,262790.205,6946297.2132
tieliikenne_2016.3251,3251,POINT (229066.5919 7007931.3378),2016,3,15.00-15.59,2,0,2,0,0,0,0,0,0,229066.5919,7007931.3378
tieliikenne_2016.3252,3252,POINT (287958.3307 6967690.1116),2016,3,18.00-18.59,2,4,1,0,0,1,0,0,0,287958.3307,6967690.1116
tieliikenne_2016.3253,3253,POINT (287535.0551 7068077.9971),2016,3,21.00-21.59,2,3,1,0,0,0,1,0,0,287535.0551,7068077.9971
tieliikenne_2016.3254,3254,POINT (286094.3641 6917455.9454),2016,4,01.00-01.59,3,0,1,1,0,0,0,0,0,286094.3641,6917455.9454
tieliikenne_2016.3255,3255,POINT (304360.166 6986525.6403),2016,4,17.00-17.59,3,5,2,0,0,0,0,0,0,304360.166,6986525.6403
tieliikenne_2016.3256,3256,POINT (292982.6583 6998187.7392),2016,4,02.00-02.59,1,8,1,0,0,0,0,0,0,292982.6583,6998187.7392
tieliikenne_2016.3257,3257,POINT (256191.9977 6935785.4662),2016,4,13.00-13.59,2,2,1,1,0,0,0,0,0,256191.9977,6935785.4662
tieliikenne_2016.3258,3258,POINT (240239.7328 7013905.7278),2016,4,20.00-20.59,2,8,1,0,0,0,0,0,0,240239.7328,7013905.7278
tieliikenne_2016.3259,3259,POINT (254980.7677 6995636.8563),2016,4,16.00-16.59,2,0,3,0,0,0,0,0,0,254980.7677,6995636.8563
tieliikenne_2016.3260,3260,POINT (297209.0649 6988422.2284),2016,4,08.00-08.59,2,5,1,0,0,0,1,0,0,297209.0649,6988422.2284
tieliikenne_2016.3261,3261,POINT (270603.5856 6950583.6897),2016,4,01.00-01.59,2,0,2,0,0,0,0,0,0,270603.5856,6950583.6897
tieliikenne_2016.3262,3262,POINT (225161.9472 7001980.6687),2016,4,20.00-20.59,2,0,0,0,0,0,2,0,0,225161.9472,7001980.6687
tieliikenne_2016.3263,3263,POINT (290072.3914 7076061.1682),2016,4,08.00-08.59,2,8,0,0,0,0,1,0,0,290072.3914,7076061.1682
tieliikenne_2016.3264,3264,POINT (287207.4395 7067883.9849),2016,4,20.00-20.59,2,4,1,0,0,0,1,0,0,287207.4395,7067883.9849
tieliikenne_2016.3265,3265,POINT (297763.9158 6988720.1609),2016,4,14.00-14.59,2,4,1,0,0,0,1,0,0,297763.9158,6988720.1609
tieliikenne_2016.3266,3266,POINT (322408.3498 6961369.9772),2016,4,02.00-02.59,1,2,1,1,0,0,0,0,0,322408.3498,6961369.9772
tieliikenne_2016.3267,3267,POINT (343959.4754 6943520.2344),2016,4,11.00-11.59,2,2,2,0,0,0,0,0,0,343959.4754,6943520.2344
tieliikenne_2016.3268,3268,POINT (247898.8802 7002989.6178),2016,4,20.00-20.59,2,0,1,1,0,0,0,0,0,247898.8802,7002989.6178
tieliikenne_2016.3269,3269,POINT (283120.8591 6959229.0024),2016,4,06.00-06.59,2,2,2,0,0,0,0,0,0,283120.8591,6959229.0024
tieliikenne_2016.3270,3270,POINT (249459.5862 6930021.0881),2016,4,15.00-15.59,2,4,1,0,0,1,0,0,0,249459.5862,6930021.0881
tieliikenne_2016.3271,3271,POINT (289751.0673 7067929.0606),2016,4,13.00-13.59,2,9,0,0,0,0,0,1,0,289751.0673,7067929.0606
tieliikenne_2016.3272,3272,POINT (310982.951 7085552.4865),2016,4,18.00-18.59,2,0,2,0,0,0,0,0,0,310982.951,7085552.4865
tieliikenne_2016.3273,3273,POINT (233229.9105 7010027.3212),2016,4,18.00-18.59,2,7,0,0,2,0,1,0,0,233229.9105,7010027.3212
tieliikenne_2016.3274,3274,POINT (288156.7218 7008538.1422),2016,5,11.00-11.59,2,9,0,0,0,0,0,1,0,288156.7218,7008538.1422
tieliikenne_2016.3275,3275,POINT (286627.6083 7067626.2299),2016,4,14.00-14.59,1,9,1,0,1,0,0,0,0,286627.6083,7067626.2299
tieliikenne_2016.3276,3276,POINT (374166.5362 7053242.0479),2016,5,09.00-09.59,2,5,1,1,0,0,0,0,0,374166.5362,7053242.0479
tieliikenne_2016.3277,3277,POINT (281388.889 7048772.5875),2016,5,10.00-10.59,2,8,0,1,0,0,0,0,0,281388.889,7048772.5875
tieliikenne_2016.3278,3278,POINT (377036.0125 7009500.0908),2016,5,18.00-18.59,2,3,2,0,0,0,0,0,0,377036.0125,7009500.0908
tieliikenne_2016.3279,3279,POINT (325696.6297 6944189.9014),2016,5,18.00-18.59,2,4,1,0,0,0,1,0,0,325696.6297,6944189.9014
tieliikenne_2016.3280,3280,POINT (286700.9847 6961260.735),2016,5,06.00-06.59,2,8,1,0,0,0,0,0,0,286700.9847,6961260.735
tieliikenne_2016.3281,3281,POINT (281586.6807 6957114.7219),2016,5,12.00-12.59,2,8,1,0,0,0,0,0,0,281586.6807,6957114.7219
tieliikenne_2016.3282,3282,POINT (310157.9514 7084861.327),2016,5,15.00-15.59,2,5,1,0,0,1,0,0,0,310157.9514,7084861.327
tieliikenne_2016.3283,3283,POINT (214415.1004 6914616.1465),2016,5,14.00-14.59,2,5,1,0,0,1,0,0,0,214415.1004,6914616.1465
tieliikenne_2016.3284,3284,POINT (326142.9957 6945317.9998),2016,5,18.00-18.59,2,1,3,0,0,0,0,0,0,326142.9957,6945317.9998
tieliikenne_2016.3285,3285,POINT (281767.8584 6935734.4018),2016,5,18.00-18.59,2,5,1,0,0,0,0,1,0,281767.8584,6935734.4018
tieliikenne_2016.3286,3286,POINT (247405.0537 6992661.0609),2016,5,13.00-13.59,2,1,1,0,0,1,0,0,0,247405.0537,6992661.0609
tieliikenne_2016.3287,3287,POINT (229852.3107 7006579.3046),2016,5,20.00-20.59,2,9,0,0,0,0,0,1,0,229852.3107,7006579.3046
tieliikenne_2016.3288,3288,POINT (250877.9259 6931061.9444),2016,5,13.00-13.59,2,4,1,0,0,1,0,0,0,250877.9259,6931061.9444
tieliikenne_2016.3289,3289,POINT (246934.5399 6992795.742),2016,5,19.00-19.59,3,1,1,0,0,0,1,0,0,246934.5399,6992795.742
tieliikenne_2016.3290,3290,POINT (321142.655 6964393.5319),2016,5,23.00-23.59,2,8,1,0,0,0,0,0,0,321142.655,6964393.5319
tieliikenne_2016.3291,3291,POINT (228546.6814 7010205.2669),2016,5,08.00-08.59,2,4,1,0,0,1,0,0,0,228546.6814,7010205.2669
tieliikenne_2016.3292,3292,POINT (328250.2085 7014539.5276),2016,5,06.00-06.59,2,1,2,0,0,0,0,0,0,328250.2085,7014539.5276
tieliikenne_2016.3293,3293,POINT (250939.8249 6931773.321),2016,5,09.00-09.59,3,4,1,0,0,1,0,0,0,250939.8249,6931773.321
tieliikenne_2016.3294,3294,POINT (289671.4809 7074275.2272),2016,5,15.00-15.59,2,0,0,0,0,0,2,0,0,289671.4809,7074275.2272
tieliikenne_2016.3295,3295,POINT (250885.1556 6931432.9235),2016,5,15.00-15.59,2,0,1,0,0,0,0,1,0,250885.1556,6931432.9235
tieliikenne_2016.3296,3296,POINT (291684.6039 7058956.9676),2016,5,17.00-17.59,2,3,1,0,0,0,1,0,0,291684.6039,7058956.9676
tieliikenne_2016.3297,3297,POINT (230456.5441 7009266.8252),2016,5,20.00-20.59,2,4,2,0,0,0,0,0,0,230456.5441,7009266.8252
tieliikenne_2016.3298,3298,POINT (326114.2915 6945878.0169),2016,5,08.00-08.59,2,3,1,0,0,0,1,0,0,326114.2915,6945878.0169
tieliikenne_2016.3299,3299,POINT (228692.0169 7007786.4231),2016,5,18.00-18.59,2,0,0,1,0,0,1,0,0,228692.0169,7007786.4231
tieliikenne_2016.3300,3300,POINT (271487.733 6965541.9769),2016,5,22.00-22.59,1,8,1,0,0,0,0,0,0,271487.733,6965541.9769
tieliikenne_2016.3301,3301,POINT (285486.9121 6919402.386),2016,5,11.00-11.59,3,8,0,0,0,0,0,0,1,285486.9121,6919402.386
tieliikenne_2016.3302,3302,POINT (308704.4262 7084105.9615),2016,5,15.00-15.59,2,0,2,0,0,0,0,0,0,308704.4262,7084105.9615
tieliikenne_2016.3303,3303,POINT (322126.5639 6971484.9177),2016,5,18.00-18.59,2,8,1,0,0,0,0,0,0,322126.5639,6971484.9177
tieliikenne_2016.3304,3304,POINT (299270.1671 6989724.617),2016,5,15.00-15.59,2,4,1,0,0,0,1,0,0,299270.1671,6989724.617
tieliikenne_2016.3305,3305,POINT (228507.1208 6937913.6883),2016,5,07.00-07.59,3,2,2,0,0,0,0,0,0,228507.1208,6937913.6883
tieliikenne_2016.3306,3306,POINT (206660.6582 6941214.3071),2016,5,10.00-10.59,3,5,2,0,0,0,0,1,0,206660.6582,6941214.3071
tieliikenne_2016.3307,3307,POINT (299501.7559 7003351.8125),2016,5,16.00-16.59,2,8,0,0,0,0,0,1,0,299501.7559,7003351.8125
tieliikenne_2016.3308,3308,POINT (233205.9901 7006005.3328),2016,5,06.00-06.59,2,8,1,0,0,0,0,0,0,233205.9901,7006005.3328
tieliikenne_2016.3309,3309,POINT (245860.4294 6935256.3754),2016,5,11.00-11.59,2,4,1,0,0,0,0,0,1,245860.4294,6935256.3754
tieliikenne_2016.3310,3310,POINT (321330.7715 6964408.7703),2016,5,18.00-18.59,2,3,2,0,0,0,0,0,0,321330.7715,6964408.7703
tieliikenne_2016.3311,3311,POINT (370227.4837 7012095.7867),2016,5,23.00-23.59,3,5,1,0,0,0,0,1,0,370227.4837,7012095.7867
tieliikenne_2016.3312,3312,POINT (344188.7387 6977133.5633),2016,5,00.00-00.59,2,8,1,0,0,0,0,0,0,344188.7387,6977133.5633
tieliikenne_2016.3313,3313,POINT (303309.9277 7071910.1401),2016,5,02.00-02.59,2,8,1,0,0,0,0,0,0,303309.9277,7071910.1401
tieliikenne_2016.3314,3314,POINT (328291.1351 7024325.1313),2016,5,15.00-15.59,2,8,1,0,0,0,0,0,0,328291.1351,7024325.1313
tieliikenne_2016.3315,3315,POINT (228240.5686 7006586.1381),2016,5,22.00-22.59,3,4,1,0,0,0,1,0,0,228240.5686,7006586.1381
tieliikenne_2016.3316,3316,POINT (203120.8204 6949856.0434),2016,5,23.00-23.59,2,0,0,0,0,0,0,0,2,203120.8204,6949856.0434
tieliikenne_2016.3317,3317,POINT (223330.01 6991499.3322),2016,5,15.00-15.59,2,8,0,0,0,0,0,1,0,223330.01,6991499.3322
tieliikenne_2016.3318,3318,POINT (323201.6335 7030581.3353),2016,5,16.00-16.59,2,4,2,0,0,0,0,0,0,323201.6335,7030581.3353
tieliikenne_2016.3319,3319,POINT (309646.5158 7084397.9113),2016,5,20.00-20.59,2,0,1,0,0,0,1,0,0,309646.5158,7084397.9113
tieliikenne_2016.3320,3320,POINT (273848.2078 6984365.4988),2016,5,12.00-12.59,2,2,2,0,0,0,0,0,0,273848.2078,6984365.4988
tieliikenne_2016.3321,3321,POINT (227645.8034 7007796.8916),2016,5,14.00-14.59,2,7,0,0,1,0,1,0,0,227645.8034,7007796.8916
tieliikenne_2016.3322,3322,POINT (301701.0206 7044380.6647),2016,5,10.00-10.59,2,5,0,1,0,0,0,0,1,301701.0206,7044380.6647
tieliikenne_2016.3323,3323,POINT (209987.972 6940033.5792),2016,5,11.00-11.59,2,5,1,0,0,0,1,0,0,209987.972,6940033.5792
tieliikenne_2016.3324,3324,POINT (261125.1326 6961743.1496),2016,5,14.00-14.59,2,8,0,0,0,0,0,1,0,261125.1326,6961743.1496
tieliikenne_2016.3325,3325,POINT (295894.4088 6982187.7836),2016,5,16.00-16.59,2,8,0,0,0,0,0,1,0,295894.4088,6982187.7836
tieliikenne_2016.3326,3326,POINT (287106.286 7020379.6613),2016,5,23.00-23.59,2,8,1,0,0,0,0,0,0,287106.286,7020379.6613
tieliikenne_2016.3327,3327,POINT (269986.4868 6948391.4087),2016,6,14.00-14.59,3,5,1,0,0,0,1,0,0,269986.4868,6948391.4087
tieliikenne_2016.3328,3328,POINT (267967.662 6958694.7991),2016,6,17.00-17.59,2,3,1,0,0,0,1,0,0,267967.662,6958694.7991
tieliikenne_2016.3329,3329,POINT (301747.6232 6988272.4603),2016,6,12.00-12.59,2,3,2,0,0,0,0,0,0,301747.6232,6988272.4603
tieliikenne_2016.3330,3330,POINT (207002.3554 6917785.1933),2016,6,13.00-13.59,2,5,1,1,0,0,0,0,0,207002.3554,6917785.1933
tieliikenne_2016.3331,3331,POINT (307531.8746 7023929.0818),2016,6,15.00-15.59,3,8,0,0,0,1,0,0,0,307531.8746,7023929.0818
tieliikenne_2016.3332,3332,POINT (337011.0621 6973228.0455),2016,6,20.00-20.59,2,0,1,0,0,0,0,1,0,337011.0621,6973228.0455
tieliikenne_2016.3333,3333,POINT (244455.024 6923520.0074),2016,6,12.00-12.59,2,4,2,0,0,0,0,0,0,244455.024,6923520.0074
tieliikenne_2016.3334,3334,POINT (264155.9567 6951446.6119),2016,6,18.00-18.59,2,8,0,0,0,0,1,0,0,264155.9567,6951446.6119
tieliikenne_2016.3335,3335,POINT (274132.7167 6963365.4216),2016,6,23.00-23.59,2,1,0,0,0,0,1,1,0,274132.7167,6963365.4216
tieliikenne_2016.3336,3336,POINT (282508.312 6951096.9798),2016,6,03.00-03.59,2,8,1,0,0,0,0,0,0,282508.312,6951096.9798
tieliikenne_2016.3337,3337,POINT (327390.7332 7040971.8443),2016,6,16.00-16.59,2,2,2,0,0,0,0,0,0,327390.7332,7040971.8443
tieliikenne_2016.3338,3338,POINT (278808.7409 6998584.4792),2016,6,01.00-01.59,3,8,0,0,0,0,0,0,1,278808.7409,6998584.4792
tieliikenne_2016.3339,3339,POINT (284114.4167 7059259.8722),2016,6,11.00-11.59,2,5,1,0,0,0,1,0,0,284114.4167,7059259.8722
tieliikenne_2016.3340,3340,POINT (216281.5314 6915279.9103),2016,6,14.00-14.59,2,5,0,1,0,1,0,0,0,216281.5314,6915279.9103
tieliikenne_2016.3341,3341,POINT (290908.9494 7022251.881),2016,6,20.00-20.59,2,2,0,0,0,1,1,0,0,290908.9494,7022251.881
tieliikenne_2016.3342,3342,POINT (289002.2505 6964004.9883),2016,6,18.00-18.59,2,8,0,0,0,0,1,0,0,289002.2505,6964004.9883
tieliikenne_2016.3343,3343,POINT (296650.5986 7062425.5743),2016,6,16.00-16.59,2,4,2,0,0,0,0,0,0,296650.5986,7062425.5743
tieliikenne_2016.3344,3344,POINT (281357.1573 7067206.9223),2016,6,22.00-22.59,2,2,2,0,0,0,0,0,0,281357.1573,7067206.9223
tieliikenne_2016.3345,3345,POINT (304628.8899 7003271.1662),2016,6,20.00-20.59,3,8,0,0,0,0,0,1,0,304628.8899,7003271.1662
tieliikenne_2016.3346,3346,POINT (334592.1319 7052440.2141),2016,6,10.00-10.59,2,3,2,0,0,0,0,0,0,334592.1319,7052440.2141
tieliikenne_2016.3347,3347,POINT (250978.3099 6930371.809),2016,6,20.00-20.59,2,8,1,0,0,0,0,0,0,250978.3099,6930371.809
tieliikenne_2016.3348,3348,POINT (255890.3774 6995609.3983),2016,6,10.00-10.59,2,3,2,0,0,0,0,0,0,255890.3774,6995609.3983
tieliikenne_2016.3349,3349,POINT (228167.6288 7011414.3189),2016,6,17.00-17.59,2,3,1,0,0,0,1,0,0,228167.6288,7011414.3189
tieliikenne_2016.3350,3350,POINT (264239.1342 7024026.7263),2016,6,16.00-16.59,3,5,2,0,0,0,0,0,0,264239.1342,7024026.7263
tieliikenne_2016.3351,3351,POINT (249120.6891 6993266.4426),2016,6,23.00-23.59,2,8,1,0,0,0,0,0,0,249120.6891,6993266.4426
tieliikenne_2016.3352,3352,POINT (263430.6443 6915537.5603),2016,6,02.00-02.59,2,7,0,1,1,0,0,0,0,263430.6443,6915537.5603
tieliikenne_2016.3353,3353,POINT (303569.2337 7058170.3747),2016,6,05.00-05.59,2,8,1,0,0,0,0,0,0,303569.2337,7058170.3747
tieliikenne_2016.3354,3354,POINT (298826.446 7063504.7221),2016,6,16.00-16.59,3,2,2,0,0,0,0,0,0,298826.446,7063504.7221
tieliikenne_2016.3355,3355,POINT (285829.2065 6968609.0909),2016,6,20.00-20.59,2,4,0,0,0,2,0,0,0,285829.2065,6968609.0909
tieliikenne_2016.3356,3356,POINT (261858.1699 7006334.238),2016,6,18.00-18.59,3,0,1,0,0,1,0,0,0,261858.1699,7006334.238
tieliikenne_2016.3357,3357,POINT (286867.4113 6969414.0821),2016,6,14.00-14.59,2,4,1,0,0,1,0,0,0,286867.4113,6969414.0821
tieliikenne_2016.3358,3358,POINT (230860.3988 7009206.2912),2016,6,16.00-16.59,2,8,0,0,0,0,1,0,0,230860.3988,7009206.2912
tieliikenne_2016.3359,3359,POINT (289746.8476 7008415.8331),2016,6,15.00-15.59,2,5,3,0,0,0,0,1,0,289746.8476,7008415.8331
tieliikenne_2016.3360,3360,POINT (295283.7794 6979433.4289),2016,6,14.00-14.59,2,8,0,0,0,0,0,1,0,295283.7794,6979433.4289
tieliikenne_2016.3361,3361,POINT (347373.7864 7055375.3806),2016,6,13.00-13.59,2,2,3,0,0,0,0,0,0,347373.7864,7055375.3806
tieliikenne_2016.3362,3362,POINT (364413.6335 7074662.0879),2016,7,13.00-13.59,2,9,1,0,1,0,0,0,0,364413.6335,7074662.0879
tieliikenne_2016.3363,3363,POINT (288601.7226 6969312.022),2016,7,21.00-21.59,2,4,0,0,0,0,1,0,1,288601.7226,6969312.022
tieliikenne_2016.3364,3364,POINT (230814.0442 7004804.9962),2016,7,21.00-21.59,3,3,0,0,0,0,2,0,1,230814.0442,7004804.9962
tieliikenne_2016.3365,3365,POINT (252564.2686 6928459.05),2016,7,03.00-03.59,2,8,0,0,0,0,0,0,1,252564.2686,6928459.05
tieliikenne_2016.3366,3366,POINT (280970.7877 6935302.1957),2016,7,15.00-15.59,2,8,1,0,0,0,0,0,0,280970.7877,6935302.1957
tieliikenne_2016.3367,3367,POINT (324959.2605 6933304.5872),2016,7,04.00-04.59,2,8,1,0,0,0,0,0,0,324959.2605,6933304.5872
tieliikenne_2016.3368,3368,POINT (220299.2383 6912130.6023),2016,7,08.00-08.59,2,8,1,0,0,0,0,0,0,220299.2383,6912130.6023
tieliikenne_2016.3369,3369,POINT (347562 6936202),2016,7,18.00-18.59,2,8,1,0,0,0,0,0,0,347562,6936202
tieliikenne_2016.3370,3370,POINT (315222.6874 6944628.5715),2016,7,08.00-08.59,3,3,1,0,0,0,0,1,0,315222.6874,6944628.5715
tieliikenne_2016.3371,3371,POINT (260312.6778 6994585.9927),2016,7,13.00-13.59,2,2,2,0,0,0,0,0,0,260312.6778,6994585.9927
tieliikenne_2016.3372,3372,POINT (243426.139 6963454.4452),2016,7,22.00-22.59,3,9,0,0,0,0,0,0,1,243426.139,6963454.4452
tieliikenne_2016.3373,3373,POINT (287890.0949 6967197.0068),2016,7,18.00-18.59,2,4,1,0,0,1,0,0,0,287890.0949,6967197.0068
tieliikenne_2016.3374,3374,POINT (213764.4059 6954237.0742),2016,7,06.00-06.59,2,8,1,0,0,0,0,0,0,213764.4059,6954237.0742
tieliikenne_2016.3375,3375,POINT (213463.0257 6998031.0191),2016,7,11.00-11.59,2,9,0,1,0,0,0,0,0,213463.0257,6998031.0191
tieliikenne_2016.3376,3376,POINT (308352.9104 7083825.037),2016,7,17.00-17.59,2,5,1,0,0,0,1,0,0,308352.9104,7083825.037
tieliikenne_2016.3377,3377,POINT (318277.4263 7069963.3247),2016,7,15.00-15.59,3,1,1,0,0,0,0,1,0,318277.4263,7069963.3247
tieliikenne_2016.3378,3378,POINT (286215.9203 7068085.2314),2016,7,16.00-16.59,2,4,1,0,0,0,1,0,0,286215.9203,7068085.2314
tieliikenne_2016.3379,3379,POINT (287319.1603 6969622.5461),2016,7,22.00-22.59,2,1,1,0,0,1,0,0,0,287319.1603,6969622.5461
tieliikenne_2016.3380,3380,POINT (332734.7338 7049232.2858),2016,7,14.00-14.59,3,3,0,0,0,1,0,1,0,332734.7338,7049232.2858
tieliikenne_2016.3381,3381,POINT (329751.5984 7064900.0017),2016,7,12.00-12.59,2,8,0,0,0,0,0,1,0,329751.5984,7064900.0017
tieliikenne_2016.3382,3382,POINT (240317.6106 7013032.9496),2016,7,18.00-18.59,2,8,0,0,0,0,0,0,1,240317.6106,7013032.9496
tieliikenne_2016.3383,3383,POINT (348669.8885 7089617.4876),2016,7,20.00-20.59,2,8,0,0,0,0,1,0,0,348669.8885,7089617.4876
tieliikenne_2016.3384,3384,POINT (225866.3208 6919759.3551),2016,7,15.00-15.59,2,0,1,0,0,0,0,1,0,225866.3208,6919759.3551
tieliikenne_2016.3385,3385,POINT (326101.2525 6944325.8258),2016,7,19.00-19.59,2,1,1,0,0,0,0,1,0,326101.2525,6944325.8258
tieliikenne_2016.3386,3386,POINT (307665.334 7085260.0837),2016,7,21.00-21.59,2,4,1,0,0,0,0,1,0,307665.334,7085260.0837
tieliikenne_2016.3387,3387,POINT (302397.3895 7003731.6297),2016,7,13.00-13.59,2,4,0,0,0,1,0,1,0,302397.3895,7003731.6297
tieliikenne_2016.3388,3388,POINT (330466.8208 6944763.9023),2016,7,20.00-20.59,3,8,0,0,0,0,0,1,0,330466.8208,6944763.9023
tieliikenne_2016.3389,3389,POINT (305051.3383 7081734.9184),2016,7,20.00-20.59,2,8,1,0,0,0,0,0,0,305051.3383,7081734.9184
tieliikenne_2016.3390,3390,POINT (290285.0557 6969829.8761),2016,7,21.00-21.59,2,2,0,0,0,0,0,0,2,290285.0557,6969829.8761
tieliikenne_2016.3391,3391,POINT (338082.9074 6992053.5894),2016,7,12.00-12.59,2,2,2,0,0,0,0,0,0,338082.9074,6992053.5894
tieliikenne_2016.3392,3392,POINT (228267.4133 7010009.807),2016,7,14.00-14.59,3,0,2,0,0,0,0,0,0,228267.4133,7010009.807
tieliikenne_2016.3393,3393,POINT (327571.043 7087064.3007),2016,7,05.00-05.59,1,8,1,0,0,0,0,0,0,327571.043,7087064.3007
tieliikenne_2016.3394,3394,POINT (394331.7829 7036533.3627),2016,7,07.00-07.59,2,8,1,0,0,0,0,0,0,394331.7829,7036533.3627
tieliikenne_2016.3395,3395,POINT (290176.4134 7076601.7945),2016,7,17.00-17.59,2,4,1,0,0,0,1,0,0,290176.4134,7076601.7945
tieliikenne_2016.3396,3396,POINT (323915.0158 6954341.8237),2016,7,18.00-18.59,2,9,1,0,0,0,0,1,0,323915.0158,6954341.8237
tieliikenne_2016.3397,3397,POINT (289999.57 6971039.1481),2016,7,16.00-16.59,3,0,1,0,0,0,0,1,0,289999.57,6971039.1481
tieliikenne_2016.3398,3398,POINT (232657.81 7009919.4922),2016,7,19.00-19.59,2,1,1,0,0,0,1,0,0,232657.81,7009919.4922
tieliikenne_2016.3399,3399,POINT (252284.1642 6937504.7498),2016,7,06.00-06.59,2,2,2,0,0,0,0,0,0,252284.1642,6937504.7498
tieliikenne_2016.3400,3400,POINT (262690.2562 6949194.8907),2016,7,15.00-15.59,2,1,0,0,0,1,1,0,0,262690.2562,6949194.8907
tieliikenne_2016.3401,3401,POINT (311380.7462 6990883.4396),2016,7,19.00-19.59,2,1,2,0,0,0,0,0,0,311380.7462,6990883.4396
tieliikenne_2016.3402,3402,POINT (269961.6705 6960773.3247),2016,7,00.00-00.59,2,8,1,0,0,0,0,0,0,269961.6705,6960773.3247
tieliikenne_2016.3403,3403,POINT (229025.6803 7007206.026),2016,8,12.00-12.59,2,5,2,0,0,0,0,0,0,229025.6803,7007206.026
tieliikenne_2016.3404,3404,POINT (288522.0495 7068358.1321),2016,8,15.00-15.59,2,1,1,0,0,0,1,0,0,288522.0495,7068358.1321
tieliikenne_2016.3405,3405,POINT (304960.7469 7003830.3884),2016,8,18.00-18.59,2,8,1,0,0,0,0,0,0,304960.7469,7003830.3884
tieliikenne_2016.3406,3406,POINT (310807.2901 7084205.4469),2016,8,02.00-02.59,2,8,1,0,0,0,0,0,0,310807.2901,7084205.4469
tieliikenne_2016.3407,3407,POINT (290033.4124 6970628.6761),2016,8,09.00-09.59,2,5,1,0,0,1,0,0,0,290033.4124,6970628.6761
tieliikenne_2016.3408,3408,POINT (310845.5891 7081656.1477),2016,8,11.00-11.59,2,3,0,1,0,1,0,0,0,310845.5891,7081656.1477
tieliikenne_2016.3409,3409,POINT (236797.6956 6897903.314),2016,8,12.00-12.59,3,8,0,0,0,0,1,0,0,236797.6956,6897903.314
tieliikenne_2016.3410,3410,POINT (290256.6398 6969043.6545),2016,8,01.00-01.59,2,7,0,1,1,0,0,0,0,290256.6398,6969043.6545
tieliikenne_2016.3411,3411,POINT (247434.6621 6992698.8035),2016,8,18.00-18.59,2,2,1,0,0,0,1,0,0,247434.6621,6992698.8035
tieliikenne_2016.3412,3412,POINT (281888.2362 6946342.1976),2016,8,13.00-13.59,1,2,1,1,0,0,0,0,0,281888.2362,6946342.1976
tieliikenne_2016.3413,3413,POINT (244658.4376 6944891.6145),2016,8,07.00-07.59,2,8,1,0,0,0,0,0,0,244658.4376,6944891.6145
tieliikenne_2016.3414,3414,POINT (297136.2732 7002569.2614),2016,8,15.00-15.59,1,4,1,1,0,0,0,0,0,297136.2732,7002569.2614
tieliikenne_2016.3415,3415,POINT (226272.7815 7005934.379),2016,8,11.00-11.59,1,8,0,0,0,0,1,0,0,226272.7815,7005934.379
tieliikenne_2016.3416,3416,POINT (253100.2169 7001444.3577),2016,8,19.00-19.59,3,8,0,0,0,0,1,0,0,253100.2169,7001444.3577
tieliikenne_2016.3417,3417,POINT (250690.1366 6930628.9623),2016,8,11.00-11.59,2,2,1,0,0,0,1,0,0,250690.1366,6930628.9623
tieliikenne_2016.3418,3418,POINT (286177.8946 7052988.7542),2016,8,12.00-12.59,2,4,1,0,0,0,0,0,1,286177.8946,7052988.7542
tieliikenne_2016.3419,3419,POINT (290135.1909 6970020.56),2016,8,19.00-19.59,2,0,1,0,0,0,0,1,0,290135.1909,6970020.56
tieliikenne_2016.3420,3420,POINT (287983.2704 6969204.1503),2016,8,11.00-11.59,2,0,0,0,0,0,1,1,0,287983.2704,6969204.1503
tieliikenne_2016.3421,3421,POINT (292345.9769 7017884.4744),2016,8,13.00-13.59,2,1,1,0,0,0,1,0,0,292345.9769,7017884.4744
tieliikenne_2016.3422,3422,POINT (289023.9883 7025843.5436),2016,8,11.00-11.59,2,2,2,0,0,0,0,0,0,289023.9883,7025843.5436
tieliikenne_2016.3423,3423,POINT (352770.3311 6966623.202),2016,8,22.00-22.59,2,8,1,0,0,0,0,0,0,352770.3311,6966623.202
tieliikenne_2016.3424,3424,POINT (288279.0803 6968609.6057),2016,8,07.00-07.59,2,9,0,0,0,0,1,0,0,288279.0803,6968609.6057
tieliikenne_2016.3425,3425,POINT (295125.6564 6966832.5533),2016,8,13.00-13.59,2,2,2,0,0,0,0,0,0,295125.6564,6966832.5533
tieliikenne_2016.3426,3426,POINT (312578.9055 7006737.15),2016,8,16.00-16.59,2,2,2,0,0,0,0,0,0,312578.9055,7006737.15
tieliikenne_2016.3427,3427,POINT (263473.6531 6952677.0094),2016,8,21.00-21.59,2,8,1,0,0,0,0,0,0,263473.6531,6952677.0094
tieliikenne_2016.3428,3428,POINT (280773.7412 7056982.3922),2016,8,14.00-14.59,2,0,2,0,0,0,0,0,0,280773.7412,7056982.3922
tieliikenne_2016.3429,3429,POINT (287339.6867 6969498.4103),2016,8,09.00-09.59,2,0,1,1,0,0,0,0,0,287339.6867,6969498.4103
tieliikenne_2016.3430,3430,POINT (290291.1648 7076632.2891),2016,8,23.00-23.59,2,0,0,0,0,0,2,0,0,290291.1648,7076632.2891
tieliikenne_2016.3431,3431,POINT (312392.1996 6964733.2588),2016,8,06.00-06.59,2,8,1,0,0,0,0,0,0,312392.1996,6964733.2588
tieliikenne_2016.3432,3432,POINT (366026.2746 7075434.3424),2016,8,22.00-22.59,2,8,1,0,0,0,0,0,0,366026.2746,7075434.3424
tieliikenne_2016.3433,3433,POINT (301898.1738 7002962.1177),2016,8,23.00-23.59,2,0,0,0,0,0,1,1,0,301898.1738,7002962.1177
tieliikenne_2016.3434,3434,POINT (308920.7195 7083494.9891),2016,8,16.00-16.59,2,9,1,0,0,0,0,0,0,308920.7195,7083494.9891
tieliikenne_2016.3435,3435,POINT (273475.8285 6962344.2807),2016,8,16.00-16.59,2,1,2,0,0,0,0,0,0,273475.8285,6962344.2807
tieliikenne_2016.3436,3436,POINT (286472.498 6972297.4763),2016,8,07.00-07.59,2,5,1,0,0,0,1,0,0,286472.498,6972297.4763
tieliikenne_2016.3437,3437,POINT (273304.2367 6984787.6654),2016,8,11.00-11.59,1,3,1,1,0,0,0,0,0,273304.2367,6984787.6654
tieliikenne_2016.3438,3438,POINT (331955.6686 6993199.3008),2016,8,16.00-16.59,2,5,1,0,0,1,0,0,0,331955.6686,6993199.3008
tieliikenne_2016.3439,3439,POINT (230310.3416 7006807.7174),2016,8,11.00-11.59,2,7,1,0,1,0,0,0,0,230310.3416,7006807.7174
tieliikenne_2016.3440,3440,POINT (293036.6966 6973431.5142),2016,8,15.00-15.59,2,0,2,1,0,0,0,0,0,293036.6966,6973431.5142
tieliikenne_2016.3441,3441,POINT (288897.4235 6965528.8457),2016,8,15.00-15.59,2,4,1,0,0,1,0,0,0,288897.4235,6965528.8457
tieliikenne_2016.3442,3442,POINT (231685.4602 7004662.1808),2016,8,15.00-15.59,2,3,2,0,0,0,0,0,0,231685.4602,7004662.1808
tieliikenne_2016.3443,3443,POINT (284278.2103 6978110.1269),2016,8,10.00-10.59,2,5,1,0,0,0,0,1,0,284278.2103,6978110.1269
tieliikenne_2016.3444,3444,POINT (246480.0084 6993831.6513),2016,8,15.00-15.59,2,0,2,0,0,0,0,0,0,246480.0084,6993831.6513
tieliikenne_2016.3445,3445,POINT (245011.5775 6936391.5294),2016,8,20.00-20.59,2,8,1,0,0,0,0,0,0,245011.5775,6936391.5294
tieliikenne_2016.3446,3446,POINT (274625.1337 6965640.8038),2016,8,05.00-05.59,2,8,1,0,0,0,0,0,0,274625.1337,6965640.8038
tieliikenne_2016.3447,3447,POINT (325670.5891 6936874.0099),2016,8,10.00-10.59,2,8,1,0,0,0,0,0,0,325670.5891,6936874.0099
tieliikenne_2016.3448,3448,POINT (285986.8738 7066640.257),2016,8,11.00-11.59,2,7,1,0,1,0,0,0,0,285986.8738,7066640.257
tieliikenne_2016.3449,3449,POINT (274133.7335 6963366.3063),2016,8,21.00-21.59,2,3,1,0,0,0,1,0,0,274133.7335,6963366.3063
tieliikenne_2016.3450,3450,POINT (286608.9725 6968961.9201),2016,8,16.00-16.59,2,1,1,0,0,1,0,0,0,286608.9725,6968961.9201
tieliikenne_2016.3451,3451,POINT (305195.0793 6985746.0115),2016,8,12.00-12.59,2,4,1,0,0,0,0,1,0,305195.0793,6985746.0115
tieliikenne_2016.3452,3452,POINT (342531.7868 6952002.7662),2016,8,17.00-17.59,1,8,0,0,0,0,0,1,0,342531.7868,6952002.7662
tieliikenne_2016.3453,3453,POINT (306054.1962 6943561.1708),2016,8,08.00-08.59,2,4,1,1,0,0,0,0,0,306054.1962,6943561.1708
tieliikenne_2016.3454,3454,POINT (212464.3058 6920131.906),2016,8,16.00-16.59,2,1,2,0,0,0,0,0,0,212464.3058,6920131.906
tieliikenne_2016.3455,3455,POINT (227638.3587 7008597.6447),2016,8,17.00-17.59,2,4,1,0,0,1,0,0,0,227638.3587,7008597.6447
tieliikenne_2016.3456,3456,POINT (316211.5194 7087089.0428),2016,9,11.00-11.59,2,2,1,1,0,0,0,0,0,316211.5194,7087089.0428
tieliikenne_2016.3457,3457,POINT (229676.3752 7007893.0175),2016,9,18.00-18.59,2,1,1,0,0,0,1,0,0,229676.3752,7007893.0175
tieliikenne_2016.3458,3458,POINT (273901.9946 6960835.6867),2016,9,06.00-06.59,2,2,2,0,0,0,0,0,0,273901.9946,6960835.6867
tieliikenne_2016.3459,3459,POINT (286999.576 6970369.3479),2016,9,22.00-22.59,2,0,3,0,0,0,0,0,0,286999.576,6970369.3479
tieliikenne_2016.3460,3460,POINT (305981.654 7084846.8205),2016,9,17.00-17.59,2,4,1,0,0,1,0,0,0,305981.654,7084846.8205
tieliikenne_2016.3461,3461,POINT (292204.0704 7082135.3343),2016,9,16.00-16.59,2,1,2,0,0,0,0,0,0,292204.0704,7082135.3343
tieliikenne_2016.3462,3462,POINT (212902.2404 6942522.2985),2016,9,23.00-23.59,2,8,0,0,0,0,0,0,1,212902.2404,6942522.2985
tieliikenne_2016.3463,3463,POINT (203084.1509 6957404.1785),2016,9,03.00-03.59,1,7,0,1,1,0,0,0,0,203084.1509,6957404.1785
tieliikenne_2016.3464,3464,POINT (309951.0211 7084796.5597),2016,9,18.00-18.59,2,4,1,0,0,1,0,0,0,309951.0211,7084796.5597
tieliikenne_2016.3465,3465,POINT (287504.901 6969456.2715),2016,9,23.00-23.59,2,4,2,0,0,0,0,0,0,287504.901,6969456.2715
tieliikenne_2016.3466,3466,POINT (308676.9291 7084012.9363),2016,9,06.00-06.59,2,0,2,0,0,0,0,0,0,308676.9291,7084012.9363
tieliikenne_2016.3467,3467,POINT (322529.219 7030536.7837),2016,9,09.00-09.59,2,4,1,0,0,0,0,0,1,322529.219,7030536.7837
tieliikenne_2016.3468,3468,POINT (296247.1054 7003754.6166),2016,9,11.00-11.59,2,0,1,1,0,0,0,0,0,296247.1054,7003754.6166
tieliikenne_2016.3469,3469,POINT (320271.2613 7087190.4659),2016,9,14.00-14.59,3,3,1,0,0,0,0,1,0,320271.2613,7087190.4659
tieliikenne_2016.3470,3470,POINT (297652.6695 6988058.6872),2016,9,07.00-07.59,2,0,1,0,0,0,0,0,1,297652.6695,6988058.6872
tieliikenne_2016.3471,3471,POINT (229024.2589 7007202.5221),2016,9,21.00-21.59,2,3,1,0,0,0,1,0,0,229024.2589,7007202.5221
tieliikenne_2016.3472,3472,POINT (322323.0481 6969090.1477),2016,9,07.00-07.59,2,5,1,0,0,0,0,0,1,322323.0481,6969090.1477
tieliikenne_2016.3473,3473,POINT (287664.9071 6969024.202),2016,9,12.00-12.59,3,4,1,0,0,1,0,0,0,287664.9071,6969024.202
tieliikenne_2016.3474,3474,POINT (267600.5188 6989497.6023),2016,9,20.00-20.59,2,0,1,0,0,1,0,0,0,267600.5188,6989497.6023
tieliikenne_2016.3475,3475,POINT (372284.4508 7010396.325),2016,9,02.00-02.59,2,8,1,0,0,0,0,0,0,372284.4508,7010396.325
tieliikenne_2016.3476,3476,POINT (343724.6924 7039575.6854),2016,9,15.00-15.59,2,5,1,0,0,1,0,0,0,343724.6924,7039575.6854
tieliikenne_2016.3477,3477,POINT (209186 6916785),2016,9,11.00-11.59,3,9,1,0,1,0,0,0,0,209186,6916785
tieliikenne_2016.3478,3478,POINT (291721.5332 6969815.9325),2016,9,13.00-13.59,2,0,1,0,0,0,1,0,0,291721.5332,6969815.9325
tieliikenne_2016.3479,3479,POINT (288978.5121 6970358.64),2016,9,16.00-16.59,2,2,0,0,0,1,1,0,0,288978.5121,6970358.64
tieliikenne_2016.3480,3480,POINT (287956.0305 6967667.5586),2016,9,09.00-09.59,2,6,1,0,1,0,0,0,0,287956.0305,6967667.5586
tieliikenne_2016.3481,3481,POINT (309075.1517 7084575.8352),2016,9,14.00-14.59,2,2,0,0,0,1,1,0,0,309075.1517,7084575.8352
tieliikenne_2016.3482,3482,POINT (279980.6015 6938109.4684),2016,9,20.00-20.59,3,3,1,0,0,0,0,1,0,279980.6015,6938109.4684
tieliikenne_2016.3483,3483,POINT (228874.1711 7007160.1548),2016,9,12.00-12.59,2,4,2,0,0,0,0,0,0,228874.1711,7007160.1548
tieliikenne_2016.3484,3484,POINT (289638.1024 6967691.693),2016,9,15.00-15.59,2,4,0,0,0,1,0,1,0,289638.1024,6967691.693
tieliikenne_2016.3485,3485,POINT (247058.4854 7002923.4338),2016,9,18.00-18.59,2,9,0,0,0,0,0,1,0,247058.4854,7002923.4338
tieliikenne_2016.3486,3486,POINT (320358.6995 7087303.1203),2016,9,04.00-04.59,2,8,1,0,0,0,0,0,0,320358.6995,7087303.1203
tieliikenne_2016.3487,3487,POINT (278069.4887 6940282.8545),2016,9,05.00-05.59,2,8,1,0,0,0,0,0,0,278069.4887,6940282.8545
tieliikenne_2016.3488,3488,POINT (232568.2111 7009879.4454),2016,9,08.00-08.59,2,0,1,0,0,0,1,0,0,232568.2111,7009879.4454
tieliikenne_2016.3489,3489,POINT (317585.4896 7065969.1937),2016,9,08.00-08.59,1,8,1,0,0,0,0,0,0,317585.4896,7065969.1937
tieliikenne_2016.3490,3490,POINT (289789.0339 7008362.6392),2016,9,03.00-03.59,3,8,1,0,0,0,0,0,0,289789.0339,7008362.6392
tieliikenne_2016.3491,3491,POINT (309667.575 7084536.011),2016,9,11.00-11.59,2,4,1,0,0,1,0,0,0,309667.575,7084536.011
tieliikenne_2016.3492,3492,POINT (286242.0038 6969420.8657),2016,9,13.00-13.59,2,4,2,0,0,0,0,0,0,286242.0038,6969420.8657
tieliikenne_2016.3493,3493,POINT (364385.0969 7074609.1558),2016,9,15.00-15.59,2,3,1,0,0,1,0,0,0,364385.0969,7074609.1558
tieliikenne_2016.3494,3494,POINT (293585.5597 6977097.6991),2016,9,14.00-14.59,2,8,0,0,0,0,0,0,1,293585.5597,6977097.6991
tieliikenne_2016.3495,3495,POINT (232878.8621 7006167.1225),2016,9,15.00-15.59,2,5,1,0,0,1,0,0,0,232878.8621,7006167.1225
tieliikenne_2016.3496,3496,POINT (291939.8075 6973145.049),2016,9,16.00-16.59,2,2,1,0,0,0,1,0,0,291939.8075,6973145.049
tieliikenne_2016.3497,3497,POINT (224067.7129 7000017.7498),2016,9,07.00-07.59,2,0,0,0,0,0,2,0,0,224067.7129,7000017.7498
tieliikenne_2016.3498,3498,POINT (311976.2584 7085710.4245),2016,9,13.00-13.59,2,4,2,0,0,0,0,0,0,311976.2584,7085710.4245
tieliikenne_2016.3499,3499,POINT (233173.458 7006661.0449),2016,9,15.00-15.59,2,3,1,0,0,0,1,0,0,233173.458,7006661.0449
tieliikenne_2016.3500,3500,POINT (290103.004 6969496.517),2016,9,15.00-15.59,2,5,1,0,0,0,1,0,0,290103.004,6969496.517
tieliikenne_2016.3501,3501,POINT (271738.1051 6947348.9073),2016,9,11.00-11.59,3,1,1,0,0,1,0,0,0,271738.1051,6947348.9073
tieliikenne_2016.3502,3502,POINT (309805.1563 7084406.1743),2016,9,15.00-15.59,2,0,1,0,0,0,1,0,0,309805.1563,7084406.1743
tieliikenne_2016.3503,3503,POINT (246909.2981 6993281.2429),2016,9,14.00-14.59,3,7,0,0,1,1,0,0,0,246909.2981,6993281.2429
tieliikenne_2016.3504,3504,POINT (298451 6988974),2016,9,07.00-07.59,2,4,1,0,0,0,1,0,0,298451,6988974
tieliikenne_2016.3505,3505,POINT (230015.4601 7005548.8621),2016,9,22.00-22.59,3,8,0,0,0,0,0,1,0,230015.4601,7005548.8621
tieliikenne_2016.3506,3506,POINT (300109.6354 6995283.1429),2016,9,07.00-07.59,2,2,2,1,0,0,0,0,0,300109.6354,6995283.1429
tieliikenne_2016.3507,3507,POINT (278053.7701 6940277.1992),2016,9,15.00-15.59,2,0,2,0,0,0,0,0,0,278053.7701,6940277.1992
tieliikenne_2016.3508,3508,POINT (370109.8957 7012157.2326),2016,9,00.00-00.59,2,9,1,0,0,0,0,0,0,370109.8957,7012157.2326
tieliikenne_2016.3509,3509,POINT (265749.0507 6951845.9217),2016,9,07.00-07.59,2,0,1,0,0,0,1,0,0,265749.0507,6951845.9217
tieliikenne_2016.3510,3510,POINT (334947.5425 7052124.19),2016,9,15.00-15.59,3,1,1,0,0,1,0,0,0,334947.5425,7052124.19
tieliikenne_2016.3511,3511,POINT (287369.2113 6969176.2517),2016,9,07.00-07.59,2,4,1,0,0,1,0,0,0,287369.2113,6969176.2517
tieliikenne_2016.3512,3512,POINT (229587.2705 7007705.8826),2016,9,16.00-16.59,2,1,1,0,0,1,0,0,0,229587.2705,7007705.8826
tieliikenne_2016.3513,3513,POINT (287795.7347 6967670.4211),2016,9,17.00-17.59,2,4,2,0,0,0,0,0,0,287795.7347,6967670.4211
tieliikenne_2016.3514,3514,POINT (287528.881 7068200.758),2016,9,08.00-08.59,3,4,1,0,0,0,1,0,0,287528.881,7068200.758
tieliikenne_2016.3515,3515,POINT (237700.5781 7015292.9454),2016,9,08.00-08.59,2,8,0,1,0,0,0,0,0,237700.5781,7015292.9454
tieliikenne_2016.3516,3516,POINT (233787.1862 7007045.0122),2016,9,20.00-20.59,2,7,0,0,1,0,1,0,0,233787.1862,7007045.0122
tieliikenne_2016.3517,3517,POINT (214838.6262 6900899.1933),2016,10,02.00-02.59,1,8,1,0,0,0,0,0,0,214838.6262,6900899.1933
tieliikenne_2016.3518,3518,POINT (287188.3789 7067897.008),2016,10,19.00-19.59,2,4,1,0,0,1,0,0,0,287188.3789,7067897.008
tieliikenne_2016.3519,3519,POINT (228343.857 7009879.9053),2016,10,15.00-15.59,2,1,1,0,0,1,0,0,0,228343.857,7009879.9053
tieliikenne_2016.3520,3520,POINT (212682.975 6936326.061),2016,10,07.00-07.59,2,4,2,0,0,0,0,0,0,212682.975,6936326.061
tieliikenne_2016.3521,3521,POINT (288796.9787 6968945.0445),2016,10,14.00-14.59,2,3,1,0,0,1,0,0,0,288796.9787,6968945.0445
tieliikenne_2016.3522,3522,POINT (295075.518 7062296.5131),2016,10,14.00-14.59,2,8,0,0,0,0,1,0,0,295075.518,7062296.5131
tieliikenne_2016.3523,3523,POINT (288100.9465 7068246.7571),2016,10,10.00-10.59,2,3,0,1,0,1,0,0,0,288100.9465,7068246.7571
tieliikenne_2016.3524,3524,POINT (286855.353 6969425.904),2016,10,06.00-06.59,2,1,1,0,0,1,0,0,0,286855.353,6969425.904
tieliikenne_2016.3525,3525,POINT (300364.6081 7003712.151),2016,10,05.00-05.59,2,8,1,0,0,0,0,0,0,300364.6081,7003712.151
tieliikenne_2016.3526,3526,POINT (233844.823 7006174.4246),2016,10,01.00-01.59,2,6,1,0,1,0,0,0,0,233844.823,7006174.4246
tieliikenne_2016.3527,3527,POINT (310070.9057 7085162.5996),2016,10,11.00-11.59,2,1,1,0,0,1,0,0,0,310070.9057,7085162.5996
tieliikenne_2016.3528,3528,POINT (287264.5609 6969805.0771),2016,10,16.00-16.59,2,9,0,0,0,0,0,1,0,287264.5609,6969805.0771
tieliikenne_2016.3529,3529,POINT (286682.3149 6916442.6209),2016,10,21.00-21.59,2,0,2,1,0,0,0,0,0,286682.3149,6916442.6209
tieliikenne_2016.3530,3530,POINT (347732.7926 7055796.1525),2016,10,06.00-06.59,2,2,2,0,0,0,0,0,0,347732.7926,7055796.1525
tieliikenne_2016.3531,3531,POINT (230845.622 7009171.5739),2016,10,09.00-09.59,2,1,0,1,0,1,0,0,0,230845.622,7009171.5739
tieliikenne_2016.3532,3532,POINT (325871.869 6945022.1102),2016,10,16.00-16.59,2,4,2,0,0,0,0,0,0,325871.869,6945022.1102
tieliikenne_2016.3533,3533,POINT (287404.132 6967250.9136),2016,10,18.00-18.59,2,1,1,0,0,0,1,0,0,287404.132,6967250.9136
tieliikenne_2016.3534,3534,POINT (263832.1311 6952111.0215),2016,10,11.00-11.59,2,4,1,0,0,1,0,0,0,263832.1311,6952111.0215
tieliikenne_2016.3535,3535,POINT (292893.227 6973277.6579),2016,10,13.00-13.59,2,5,2,0,0,0,0,0,0,292893.227,6973277.6579
tieliikenne_2016.3536,3536,POINT (289293.9132 6961628.8878),2016,10,05.00-05.59,2,8,0,1,0,0,0,0,0,289293.9132,6961628.8878
tieliikenne_2016.3537,3537,POINT (298359.9222 6987734.7476),2016,10,07.00-07.59,2,7,0,0,2,0,1,0,0,298359.9222,6987734.7476
tieliikenne_2016.3538,3538,POINT (215835.4859 6938295.6693),2016,10,14.00-14.59,2,8,1,0,0,0,0,0,0,215835.4859,6938295.6693
tieliikenne_2016.3539,3539,POINT (207172.2419 6938773.5276),2016,10,16.00-16.59,2,8,0,0,0,0,1,0,0,207172.2419,6938773.5276
tieliikenne_2016.3540,3540,POINT (255632.0888 6995616.3697),2016,10,10.00-10.59,2,8,1,0,0,0,0,0,0,255632.0888,6995616.3697
tieliikenne_2016.3541,3541,POINT (289297.1658 7067960.9003),2016,10,14.00-14.59,3,4,1,0,0,0,1,0,0,289297.1658,7067960.9003
tieliikenne_2016.3542,3542,POINT (287805.501 6966713.0404),2016,10,02.00-02.59,3,4,2,0,0,0,0,0,0,287805.501,6966713.0404
tieliikenne_2016.3543,3543,POINT (320675.0951 7039061.2892),2016,10,09.00-09.59,1,8,1,0,0,0,0,0,0,320675.0951,7039061.2892
tieliikenne_2016.3544,3544,POINT (229508.0201 6939875.1666),2016,10,23.00-23.59,2,4,2,0,0,0,0,0,0,229508.0201,6939875.1666
tieliikenne_2016.3545,3545,POINT (287283.3075 6967673.2724),2016,10,18.00-18.59,2,1,1,0,0,1,0,0,0,287283.3075,6967673.2724
tieliikenne_2016.3546,3546,POINT (288214.2061 6964726.0854),2016,10,07.00-07.59,2,3,1,0,0,0,1,0,0,288214.2061,6964726.0854
tieliikenne_2016.3547,3547,POINT (206200.8198 6941313.1936),2016,10,12.00-12.59,2,4,2,0,0,0,0,0,0,206200.8198,6941313.1936
tieliikenne_2016.3548,3548,POINT (300870.363 7080947.4313),2016,10,16.00-16.59,1,8,1,0,0,0,0,0,0,300870.363,7080947.4313
tieliikenne_2016.3549,3549,POINT (294188.4083 7025553.26),2016,10,06.00-06.59,2,8,1,0,0,0,0,0,0,294188.4083,7025553.26
tieliikenne_2016.3550,3550,POINT (303104.0781 7073070.227),2016,11,07.00-07.59,2,1,2,0,0,0,0,0,0,303104.0781,7073070.227
tieliikenne_2016.3551,3551,POINT (230590.4339 7009364.0094),2016,11,12.00-12.59,2,1,1,0,0,1,0,0,0,230590.4339,7009364.0094
tieliikenne_2016.3552,3552,POINT (232573.7645 7006609.8862),2016,11,12.00-12.59,2,4,1,0,0,1,0,0,0,232573.7645,7006609.8862
tieliikenne_2016.3553,3553,POINT (247471.9891 7002654.8876),2016,11,11.00-11.59,2,0,2,0,0,0,0,0,0,247471.9891,7002654.8876
tieliikenne_2016.3554,3554,POINT (230745.192 7009266.64),2016,11,14.00-14.59,2,1,1,0,0,1,0,0,0,230745.192,7009266.64
tieliikenne_2016.3555,3555,POINT (238444.7212 7013116.6796),2016,11,16.00-16.59,2,1,2,0,0,0,0,0,0,238444.7212,7013116.6796
tieliikenne_2016.3556,3556,POINT (229855.4392 7006014.0506),2016,11,10.00-10.59,3,2,1,0,0,1,0,0,0,229855.4392,7006014.0506
tieliikenne_2016.3557,3557,POINT (287791.5037 6967688.7783),2016,11,03.00-03.59,2,4,1,0,0,2,0,0,0,287791.5037,6967688.7783
tieliikenne_2016.3558,3558,POINT (253250.389 7017554.178),2016,11,04.00-04.59,2,8,0,1,0,0,0,0,0,253250.389,7017554.178
tieliikenne_2016.3559,3559,POINT (337215.3536 6972446.0262),2016,11,06.00-06.59,2,8,1,0,0,0,0,0,0,337215.3536,6972446.0262
tieliikenne_2016.3560,3560,POINT (326160.1443 6944107.3705),2016,11,14.00-14.59,2,3,1,0,0,0,1,0,0,326160.1443,6944107.3705
tieliikenne_2016.3561,3561,POINT (303608.2132 6985699.2894),2016,11,02.00-02.59,3,8,1,0,0,0,0,0,0,303608.2132,6985699.2894
tieliikenne_2016.3562,3562,POINT (329812.297 6946647.6886),2016,11,17.00-17.59,3,2,2,0,0,0,0,0,0,329812.297,6946647.6886
tieliikenne_2016.3563,3563,POINT (224827.5619 6919199.7021),2016,11,07.00-07.59,1,0,1,0,0,1,0,0,0,224827.5619,6919199.7021
tieliikenne_2016.3564,3564,POINT (330605.5657 7030586.9964),2016,11,10.00-10.59,1,4,1,1,0,0,0,0,0,330605.5657,7030586.9964
tieliikenne_2016.3565,3565,POINT (264067.2297 6910796.9325),2016,11,19.00-19.59,3,8,1,0,0,0,0,0,0,264067.2297,6910796.9325
tieliikenne_2016.3566,3566,POINT (229177.1276 7007711.2101),2016,11,22.00-22.59,2,7,1,0,1,0,0,0,0,229177.1276,7007711.2101
tieliikenne_2016.3567,3567,POINT (228450.6749 7008021.3398),2016,11,08.00-08.59,2,6,1,0,1,0,0,0,0,228450.6749,7008021.3398
tieliikenne_2016.3568,3568,POINT (264161.9214 6951324.0213),2016,11,16.00-16.59,2,1,1,0,0,1,0,0,0,264161.9214,6951324.0213
tieliikenne_2016.3569,3569,POINT (310787.1546 7084757.1785),2016,11,20.00-20.59,2,1,1,0,0,0,1,0,0,310787.1546,7084757.1785
tieliikenne_2016.3570,3570,POINT (309633.9858 7085144.6824),2016,11,15.00-15.59,2,6,1,0,1,0,0,0,0,309633.9858,7085144.6824
tieliikenne_2016.3571,3571,POINT (228650.1575 7006564.063),2016,11,19.00-19.59,2,8,1,0,0,0,0,0,0,228650.1575,7006564.063
tieliikenne_2016.3572,3572,POINT (260821.8555 7010370.6425),2016,11,21.00-21.59,2,8,0,0,0,0,0,0,1,260821.8555,7010370.6425
tieliikenne_2016.3573,3573,POINT (287938.1254 7065608.4617),2016,11,11.00-11.59,2,8,1,0,0,0,0,0,0,287938.1254,7065608.4617
tieliikenne_2016.3574,3574,POINT (272695.321 6937333.1799),2016,11,02.00-02.59,2,8,1,0,0,0,0,0,0,272695.321,6937333.1799
tieliikenne_2016.3575,3575,POINT (300496.6514 7061756.8859),2016,11,18.00-18.59,2,4,1,0,0,0,1,0,0,300496.6514,7061756.8859
tieliikenne_2016.3576,3576,POINT (249111.327 6983167.07),2016,11,04.00-04.59,2,8,1,0,0,0,0,0,0,249111.327,6983167.07
tieliikenne_2016.3577,3577,POINT (208273.3163 6939653.9512),2016,11,08.00-08.59,2,4,3,0,0,0,0,0,0,208273.3163,6939653.9512
tieliikenne_2016.3578,3578,POINT (290084.4854 6970020.228),2016,11,19.00-19.59,2,6,0,0,1,0,1,0,0,290084.4854,6970020.228
tieliikenne_2016.3579,3579,POINT (250976.567 6930428.89),2016,11,19.00-19.59,2,3,2,0,0,0,0,0,0,250976.567,6930428.89
tieliikenne_2016.3580,3580,POINT (284726.9421 6969428.2105),2016,11,06.00-06.59,2,5,2,0,0,0,0,0,0,284726.9421,6969428.2105
tieliikenne_2016.3581,3581,POINT (327012.8269 7011295.5267),2016,11,11.00-11.59,2,0,1,1,0,0,0,0,0,327012.8269,7011295.5267
tieliikenne_2016.3582,3582,POINT (253862.7189 6996216.7319),2016,11,21.00-21.59,2,8,1,0,0,0,0,0,0,253862.7189,6996216.7319
tieliikenne_2016.3583,3583,POINT (212477.3924 6939391.497),2016,11,21.00-21.59,2,0,1,0,0,0,0,0,1,212477.3924,6939391.497
tieliikenne_2016.3584,3584,POINT (245730.3922 6962721.5222),2016,11,14.00-14.59,2,8,1,0,0,0,0,0,0,245730.3922,6962721.5222
tieliikenne_2016.3585,3585,POINT (228323.0434 7007894.8576),2016,11,16.00-16.59,2,4,1,0,0,1,0,0,0,228323.0434,7007894.8576
tieliikenne_2016.3586,3586,POINT (298356.9112 6988500.8925),2016,11,20.00-20.59,2,6,1,0,1,0,0,0,0,298356.9112,6988500.8925
tieliikenne_2016.3587,3587,POINT (262327.7961 7015073.8074),2016,11,10.00-10.59,2,8,1,0,0,0,0,0,0,262327.7961,7015073.8074
tieliikenne_2016.3588,3588,POINT (301480.0496 7002903.16),2016,11,17.00-17.59,2,1,1,0,0,0,1,0,0,301480.0496,7002903.16
tieliikenne_2016.3589,3589,POINT (341303.1546 7002847.484),2016,11,22.00-22.59,2,8,1,0,0,0,0,0,0,341303.1546,7002847.484
tieliikenne_2016.3590,3590,POINT (209650.5269 6943445.0822),2016,11,14.00-14.59,2,8,1,0,0,0,0,0,0,209650.5269,6943445.0822
tieliikenne_2016.3591,3591,POINT (284063.0942 6977058.9823),2016,11,15.00-15.59,2,5,2,0,0,0,0,0,0,284063.0942,6977058.9823
tieliikenne_2016.3592,3592,POINT (247002.0945 6993468.862),2016,11,15.00-15.59,2,4,2,0,0,0,0,0,0,247002.0945,6993468.862
tieliikenne_2016.3593,3593,POINT (349355.1697 6938859.8998),2016,12,12.00-12.59,3,4,2,0,0,0,0,0,0,349355.1697,6938859.8998
tieliikenne_2016.3594,3594,POINT (300286.2315 7069142.0935),2016,12,12.00-12.59,1,2,0,2,0,0,0,0,0,300286.2315,7069142.0935
tieliikenne_2016.3595,3595,POINT (334280.1924 7050260.6851),2016,12,17.00-17.59,2,0,1,0,0,0,0,0,1,334280.1924,7050260.6851
tieliikenne_2016.3596,3596,POINT (250930.5699 6930020.2592),2016,12,15.00-15.59,2,4,2,0,0,0,0,0,0,250930.5699,6930020.2592
tieliikenne_2016.3597,3597,POINT (288373.8055 6964120.1817),2016,12,22.00-22.59,2,7,1,0,1,0,0,0,0,288373.8055,6964120.1817
tieliikenne_2016.3598,3598,POINT (258046.6776 6933412.7294),2016,12,20.00-20.59,2,8,1,0,0,0,0,0,0,258046.6776,6933412.7294
tieliikenne_2016.3599,3599,POINT (287432.2488 6965439.163),2016,12,17.00-17.59,2,4,2,0,0,0,0,0,0,287432.2488,6965439.163
tieliikenne_2016.3600,3600,POINT (298420.3812 6988935.6771),2016,12,10.00-10.59,2,1,2,0,0,0,0,0,0,298420.3812,6988935.6771
tieliikenne_2016.3601,3601,POINT (228922.6653 7008620.1374),2016,12,12.00-12.59,2,4,1,0,0,1,0,0,0,228922.6653,7008620.1374
tieliikenne_2016.3602,3602,POINT (328058.6247 6964814.0578),2016,12,14.00-14.59,1,2,1,1,0,0,0,0,0,328058.6247,6964814.0578
tieliikenne_2016.3603,3603,POINT (288028.1043 6968330.6166),2016,12,15.00-15.59,2,3,1,0,0,0,1,0,0,288028.1043,6968330.6166
tieliikenne_2016.3604,3604,POINT (321796.5497 6929220.4215),2016,12,16.00-16.59,1,7,1,0,1,0,0,0,0,321796.5497,6929220.4215
tieliikenne_2016.3605,3605,POINT (321344.879 6944875.1557),2016,12,08.00-08.59,2,1,2,0,0,0,0,0,0,321344.879,6944875.1557
tieliikenne_2016.3606,3606,POINT (275486.133 6963596.421),2016,12,16.00-16.59,2,4,2,0,0,0,0,0,0,275486.133,6963596.421
tieliikenne_2016.3607,3607,POINT (260988.6671 6947547.2613),2016,12,21.00-21.59,2,8,1,0,0,0,0,0,0,260988.6671,6947547.2613
tieliikenne_2016.3608,3608,POINT (358342.0535 7093718.6029),2016,12,02.00-02.59,2,8,0,0,0,0,0,0,1,358342.0535,7093718.6029
tieliikenne_2016.3609,3609,POINT (239280.406 7013494.7745),2016,12,15.00-15.59,2,1,2,0,0,0,0,0,0,239280.406,7013494.7745
tieliikenne_2016.3610,3610,POINT (344298.552 7012545.1176),2016,12,03.00-03.59,2,8,1,0,0,0,0,0,0,344298.552,7012545.1176
tieliikenne_2016.3611,3611,POINT (309519.827 7085990.571),2016,12,18.00-18.59,2,3,2,0,0,0,0,0,0,309519.827,7085990.571
tieliikenne_2016.3612,3612,POINT (289592.0429 6958566.8647),2016,12,15.00-15.59,2,8,1,0,0,0,0,0,0,289592.0429,6958566.8647
tieliikenne_2016.3613,3613,POINT (321690.57 6978529.1297),2016,12,15.00-15.59,2,8,1,0,0,0,0,0,0,321690.57,6978529.1297
tieliikenne_2016.3614,3614,POINT (249332.2655 6988833.7352),2016,12,15.00-15.59,3,5,1,0,0,1,0,0,0,249332.2655,6988833.7352
tieliikenne_2016.3615,3615,POINT (288004.1314 6968725.2178),2016,12,20.00-20.59,2,6,1,0,1,0,0,0,0,288004.1314,6968725.2178
tieliikenne_2016.3616,3616,POINT (203368.4612 6969359.4967),2016,12,01.00-01.59,2,8,1,0,0,0,0,0,0,203368.4612,6969359.4967
tieliikenne_2016.3617,3617,POINT (227554.7184 7008868.3522),2016,12,12.00-12.59,2,4,1,0,0,1,0,0,0,227554.7184,7008868.3522
tieliikenne_2016.3618,3618,POINT (231732.8058 7007646.4449),2016,12,14.00-14.59,2,4,1,0,0,1,0,0,0,231732.8058,7007646.4449
tieliikenne_2016.3619,3619,POINT (250810.651 6931638.995),2016,12,15.00-15.59,3,7,1,0,1,0,0,0,0,250810.651,6931638.995
tieliikenne_2016.3620,3620,POINT (227890.447 6972335.025),2016,12,10.00-10.59,2,8,1,0,0,0,0,0,0,227890.447,6972335.025
tieliikenne_2016.3621,3621,POINT (229579.0869 6977027.4162),2016,12,12.00-12.59,2,8,1,0,0,0,0,0,0,229579.0869,6977027.4162
tieliikenne_2016.3622,3622,POINT (349283.7122 7066128.2652),2016,12,08.00-08.59,1,8,1,0,0,0,0,0,0,349283.7122,7066128.2652
tieliikenne_2016.3623,3623,POINT (258073.0999 7018343.2827),2016,12,15.00-15.59,2,2,2,0,0,0,0,0,0,258073.0999,7018343.2827
tieliikenne_2016.3624,3624,POINT (208952.531 6966748.224),2016,12,21.00-21.59,2,8,1,0,0,0,0,0,0,208952.531,6966748.224
tieliikenne_2016.3625,3625,POINT (325250.8285 6930725.8801),2016,12,14.00-14.59,2,8,1,0,0,0,0,0,0,325250.8285,6930725.8801
tieliikenne_2016.3626,3626,POINT (289827.7122 6970551.8258),2016,12,16.00-16.59,2,3,2,0,0,0,1,0,0,289827.7122,6970551.8258
tieliikenne_2016.3627,3627,POINT (228805.7051 7007413.9714),2016,12,11.00-11.59,2,6,1,0,3,0,0,0,0,228805.7051,7007413.9714
tieliikenne_2016.3628,3628,POINT (265504.5713 6952407.8749),2016,12,13.00-13.59,2,0,1,1,0,0,0,0,0,265504.5713,6952407.8749
tieliikenne_2016.3629,3629,POINT (307321.0761 7025196.7203),2016,12,06.00-06.59,2,8,1,0,0,0,0,0,0,307321.0761,7025196.7203
tieliikenne_2016.3630,3630,POINT (284271.089 6955651.7734),2016,12,16.00-16.59,2,2,2,0,0,0,0,0,0,284271.089,6955651.7734
tieliikenne_2016.3631,3631,POINT (255231.1988 6995644.9061),2016,12,10.00-10.59,3,8,1,0,0,0,0,0,0,255231.1988,6995644.9061
tieliikenne_2016.3632,3632,POINT (509231.8776 7048517.2707),2016,1,16.00-16.59,2,7,1,0,1,0,0,0,0,509231.8776,7048517.2707
tieliikenne_2016.3633,3633,POINT (532239.3676 6934966.0063),2016,1,15.00-15.59,2,0,2,0,0,0,0,0,0,532239.3676,6934966.0063
tieliikenne_2016.3634,3634,POINT (514182.7408 6839272.646),2016,1,13.00-13.59,2,4,2,0,0,0,0,0,0,514182.7408,6839272.646
tieliikenne_2016.3635,3635,POINT (548640.6419 6907950.0177),2016,1,22.00-22.59,2,8,1,0,0,0,0,0,0,548640.6419,6907950.0177
tieliikenne_2016.3636,3636,POINT (543041.5784 6818948.0416),2016,1,07.00-07.59,2,8,1,0,0,0,0,0,0,543041.5784,6818948.0416
tieliikenne_2016.3637,3637,POINT (657502.9131 7016160.7003),2016,1,14.00-14.59,2,8,1,0,0,0,0,0,0,657502.9131,7016160.7003
tieliikenne_2016.3638,3638,POINT (507795.768 6907469.4722),2016,1,13.00-13.59,2,0,2,0,0,0,0,0,0,507795.768,6907469.4722
tieliikenne_2016.3639,3639,POINT (534644.0661 6974263.4301),2016,1,15.00-15.59,2,5,2,0,0,0,0,0,0,534644.0661,6974263.4301
tieliikenne_2016.3640,3640,POINT (581262.9247 6980735.7238),2016,1,17.00-17.59,2,8,3,0,0,0,0,0,0,581262.9247,6980735.7238
tieliikenne_2016.3641,3641,POINT (516258.2482 6852073.0471),2016,1,05.00-05.59,3,2,1,1,0,0,0,0,0,516258.2482,6852073.0471
tieliikenne_2016.3642,3642,POINT (672577.1189 6904150.7479),2016,1,08.00-08.59,2,4,3,0,0,0,0,0,0,672577.1189,6904150.7479
tieliikenne_2016.3643,3643,POINT (577079.8993 6983126.0908),2016,1,10.00-10.59,2,8,1,0,0,0,0,0,0,577079.8993,6983126.0908
tieliikenne_2016.3644,3644,POINT (683145.1169 6938135.1493),2016,1,15.00-15.59,2,2,2,0,0,0,0,0,0,683145.1169,6938135.1493
tieliikenne_2016.3645,3645,POINT (529947.6249 6955759.1391),2016,1,10.00-10.59,2,0,1,1,0,0,0,0,0,529947.6249,6955759.1391
tieliikenne_2016.3646,3646,POINT (474109.412 6811518.6668),2016,1,09.00-09.59,2,9,3,0,0,0,0,0,0,474109.412,6811518.6668
tieliikenne_2016.3647,3647,POINT (525129.9824 6953071.3056),2016,1,14.00-14.59,2,1,2,1,0,0,0,0,0,525129.9824,6953071.3056
tieliikenne_2016.3648,3648,POINT (601123.1021 7049597.5495),2016,1,18.00-18.59,2,0,2,0,0,0,0,0,0,601123.1021,7049597.5495
tieliikenne_2016.3649,3649,POINT (620392.0492 6975333.3216),2016,1,04.00-04.59,2,8,1,0,0,0,0,0,0,620392.0492,6975333.3216
tieliikenne_2016.3650,3650,POINT (534201.6266 6973263.6733),2016,1,11.00-11.59,2,9,2,0,1,0,0,0,0,534201.6266,6973263.6733
tieliikenne_2016.3651,3651,POINT (643242.5372 6943383.7057),2016,1,11.00-11.59,2,4,2,0,0,0,0,0,0,643242.5372,6943383.7057
tieliikenne_2016.3652,3652,POINT (508828.0805 7051144.1525),2016,1,13.00-13.59,2,4,2,0,0,0,0,0,0,508828.0805,7051144.1525
tieliikenne_2016.3653,3653,POINT (524142.7841 6940843.5428),2016,2,22.00-22.59,2,9,1,0,0,0,0,0,0,524142.7841,6940843.5428
tieliikenne_2016.3654,3654,POINT (640334.5561 7032525.5725),2016,1,07.00-07.59,2,9,2,1,0,0,0,0,0,640334.5561,7032525.5725
tieliikenne_2016.3655,3655,POINT (508385.8468 6924946.1499),2016,1,16.00-16.59,2,8,1,0,0,0,0,0,0,508385.8468,6924946.1499
tieliikenne_2016.3656,3656,POINT (476611.4654 6983543.7954),2016,1,04.00-04.59,1,2,1,1,0,0,0,0,0,476611.4654,6983543.7954
tieliikenne_2016.3657,3657,POINT (584070.6928 6887562.4714),2016,1,14.00-14.59,2,8,1,0,0,0,0,0,0,584070.6928,6887562.4714
tieliikenne_2016.3658,3658,POINT (524238.4371 6810311.0225),2016,1,11.00-11.59,2,8,1,0,0,0,0,0,0,524238.4371,6810311.0225
tieliikenne_2016.3659,3659,POINT (665665.7441 6886957.0525),2016,1,12.00-12.59,2,4,2,0,0,0,0,0,0,665665.7441,6886957.0525
tieliikenne_2016.3660,3660,POINT (532354.2344 6971059.708),2016,1,13.00-13.59,1,7,1,0,1,0,0,0,0,532354.2344,6971059.708
tieliikenne_2016.3661,3661,POINT (534629.8183 6975001.0309),2016,1,12.00-12.59,2,8,1,0,0,0,0,0,0,534629.8183,6975001.0309
tieliikenne_2016.3662,3662,POINT (531955.8556 6968397.7852),2016,1,15.00-15.59,2,4,2,0,0,0,0,0,0,531955.8556,6968397.7852
tieliikenne_2016.3663,3663,POINT (624358.0794 6976785.4075),2016,1,18.00-18.59,2,0,1,0,0,0,0,0,1,624358.0794,6976785.4075
tieliikenne_2016.3664,3664,POINT (514431.4794 6838503.2226),2016,2,13.00-13.59,2,4,2,0,0,0,0,0,0,514431.4794,6838503.2226
tieliikenne_2016.3665,3665,POINT (598445.3146 6959328.5173),2016,2,11.00-11.59,2,8,0,1,0,0,0,0,0,598445.3146,6959328.5173
tieliikenne_2016.3666,3666,POINT (549243.5969 6978409.2481),2016,5,14.00-14.59,2,9,1,0,0,0,0,0,0,549243.5969,6978409.2481
tieliikenne_2016.3667,3667,POINT (667207.0271 6953068.1249),2016,5,10.00-10.59,2,9,0,0,0,0,0,1,0,667207.0271,6953068.1249
tieliikenne_2016.3668,3668,POINT (515078.0682 6832980.8024),2016,2,20.00-20.59,2,8,1,0,0,0,0,0,0,515078.0682,6832980.8024
tieliikenne_2016.3669,3669,POINT (583488.9504 7069205.9309),2016,5,03.00-03.59,2,9,1,0,0,0,0,0,0,583488.9504,7069205.9309
tieliikenne_2016.3670,3670,POINT (642119.2867 6947303.9939),2016,2,16.00-16.59,2,5,2,0,0,0,0,0,0,642119.2867,6947303.9939
tieliikenne_2016.3671,3671,POINT (532396.6897 6998546.8301),2016,2,15.00-15.59,2,5,2,0,0,0,0,0,0,532396.6897,6998546.8301
tieliikenne_2016.3672,3672,POINT (653541.5354 6886328.7753),2016,2,11.00-11.59,1,2,2,0,0,0,0,0,0,653541.5354,6886328.7753
tieliikenne_2016.3673,3673,POINT (475523.7703 7064776.2929),2016,2,15.00-15.59,2,8,1,0,0,0,0,0,0,475523.7703,7064776.2929
tieliikenne_2016.3674,3674,POINT (495886.6703 6823578.5195),2016,2,20.00-20.59,3,2,2,0,0,0,0,0,0,495886.6703,6823578.5195
tieliikenne_2016.3675,3675,POINT (642050.276 6944714.5186),2016,2,08.00-08.59,3,9,1,0,1,0,0,0,0,642050.276,6944714.5186
tieliikenne_2016.3676,3676,POINT (486286.8788 7021050.167),2016,2,10.00-10.59,2,8,1,0,0,0,0,0,0,486286.8788,7021050.167
tieliikenne_2016.3677,3677,POINT (484529.4378 6874131.7175),2016,2,13.00-13.59,2,8,1,0,0,0,0,0,0,484529.4378,6874131.7175
tieliikenne_2016.3678,3678,POINT (602157.0853 7049499.2673),2016,2,11.00-11.59,3,2,2,0,0,0,0,0,0,602157.0853,7049499.2673
tieliikenne_2016.3679,3679,POINT (481137.711 7058244.161),2016,2,14.00-14.59,3,6,1,0,1,0,0,0,0,481137.711,7058244.161
tieliikenne_2016.3680,3680,POINT (504685.413 6815581.6406),2016,6,07.00-07.59,3,9,0,0,0,0,0,1,0,504685.413,6815581.6406
tieliikenne_2016.3681,3681,POINT (581077.6808 6867804.2472),2016,6,23.00-23.59,2,9,1,0,0,0,0,0,0,581077.6808,6867804.2472
tieliikenne_2016.3682,3682,POINT (537121.9 6910996.4511),2016,2,16.00-16.59,1,2,1,1,0,0,0,0,0,537121.9,6910996.4511
tieliikenne_2016.3683,3683,POINT (509161.5358 6821389.135),2016,6,12.00-12.59,2,9,1,0,0,0,0,0,0,509161.5358,6821389.135
tieliikenne_2016.3684,3684,POINT (533144.5806 6973993.225),2016,2,15.00-15.59,2,0,2,0,0,0,0,0,0,533144.5806,6973993.225
tieliikenne_2016.3685,3685,POINT (525266.6787 6967995.2816),2016,2,11.00-11.59,1,8,1,0,0,0,0,0,0,525266.6787,6967995.2816
tieliikenne_2016.3686,3686,POINT (544575.3927 6980466.9977),2016,2,09.00-09.59,1,2,1,1,0,0,0,0,0,544575.3927,6980466.9977
tieliikenne_2016.3687,3687,POINT (619201.5642 6864984.3421),2016,2,11.00-11.59,2,7,1,0,1,0,0,0,0,619201.5642,6864984.3421
tieliikenne_2016.3688,3688,POINT (536938.4149 6986675.0653),2016,2,11.00-11.59,1,4,1,0,0,0,0,0,1,536938.4149,6986675.0653
tieliikenne_2016.3689,3689,POINT (555486.9973 7008317.9979),2016,2,09.00-09.59,1,7,1,0,2,0,0,0,0,555486.9973,7008317.9979
tieliikenne_2016.3690,3690,POINT (468570.9864 6808641.0857),2016,6,02.00-02.59,2,9,1,0,0,0,0,0,0,468570.9864,6808641.0857
tieliikenne_2016.3691,3691,POINT (620991.0015 6974173.9347),2016,2,09.00-09.59,3,5,2,0,0,0,0,0,0,620991.0015,6974173.9347
tieliikenne_2016.3692,3692,POINT (481567.4834 6871581.0279),2016,2,15.00-15.59,2,5,2,0,0,0,0,0,0,481567.4834,6871581.0279
tieliikenne_2016.3693,3693,POINT (506723.877 6905904.7468),2016,2,23.00-23.59,1,2,1,1,0,0,0,0,0,506723.877,6905904.7468
tieliikenne_2016.3694,3694,POINT (504865.8312 6945072.9836),2016,2,10.00-10.59,2,5,2,0,0,0,0,0,0,504865.8312,6945072.9836
tieliikenne_2016.3695,3695,POINT (519279.4954 6999297.0011),2016,2,11.00-11.59,2,1,2,0,0,0,0,0,0,519279.4954,6999297.0011
tieliikenne_2016.3696,3696,POINT (595781.1712 6860251.2923),2016,2,14.00-14.59,2,5,2,0,0,0,0,0,0,595781.1712,6860251.2923
tieliikenne_2016.3697,3697,POINT (619616.7908 6864226.4562),2016,2,19.00-19.59,2,8,1,0,0,0,0,0,0,619616.7908,6864226.4562
tieliikenne_2016.3698,3698,POINT (544880.8653 6904625.9859),2016,2,17.00-17.59,2,0,2,0,0,0,0,0,0,544880.8653,6904625.9859
tieliikenne_2016.3699,3699,POINT (642735.2696 6944954.3051),2016,2,18.00-18.59,2,6,1,0,1,0,0,0,0,642735.2696,6944954.3051
tieliikenne_2016.3700,3700,POINT (545034.8203 6905706.0889),2016,7,03.00-03.59,2,9,1,0,0,0,0,0,0,545034.8203,6905706.0889
tieliikenne_2016.3701,3701,POINT (625983.5513 6945725.7598),2016,2,05.00-05.59,1,2,2,0,0,0,0,0,0,625983.5513,6945725.7598
tieliikenne_2016.3702,3702,POINT (641863.2601 6944175.3758),2016,3,12.00-12.59,2,4,1,0,0,1,0,0,0,641863.2601,6944175.3758
tieliikenne_2016.3703,3703,POINT (584402.9538 6922595.8671),2016,3,10.00-10.59,3,5,1,0,0,0,1,0,0,584402.9538,6922595.8671
tieliikenne_2016.3704,3704,POINT (533915.7336 6991905.1496),2016,3,17.00-17.59,2,8,1,0,0,0,0,0,0,533915.7336,6991905.1496
tieliikenne_2016.3705,3705,POINT (515768.6276 6856947.3661),2016,8,22.00-22.59,2,9,0,0,0,0,0,1,0,515768.6276,6856947.3661
tieliikenne_2016.3706,3706,POINT (602486.7944 6861584.7185),2016,3,19.00-19.59,2,9,0,0,0,0,1,0,0,602486.7944,6861584.7185
tieliikenne_2016.3707,3707,POINT (502518.6804 6947908.7826),2016,3,08.00-08.59,2,4,1,1,0,0,0,0,0,502518.6804,6947908.7826
tieliikenne_2016.3708,3708,POINT (515354.1845 6894925.4097),2016,3,14.00-14.59,2,1,2,0,0,0,0,0,0,515354.1845,6894925.4097
tieliikenne_2016.3709,3709,POINT (505490.3584 7052965.4865),2016,3,10.00-10.59,2,1,1,0,0,0,0,0,1,505490.3584,7052965.4865
tieliikenne_2016.3710,3710,POINT (560851.1359 6907211.7716),2016,8,18.00-18.59,2,8,0,0,0,0,1,0,0,560851.1359,6907211.7716
tieliikenne_2016.3711,3711,POINT (642998.8172 6952680.3724),2016,3,13.00-13.59,2,0,2,0,0,0,0,0,0,642998.8172,6952680.3724
tieliikenne_2016.3712,3712,POINT (642994.8315 6952529.9867),2016,3,13.00-13.59,1,2,1,1,0,0,0,0,0,642994.8315,6952529.9867
tieliikenne_2016.3713,3713,POINT (540449.5376 7034504.1032),2016,3,15.00-15.59,2,8,1,0,0,0,0,0,0,540449.5376,7034504.1032
tieliikenne_2016.3714,3714,POINT (534124.5083 6974014.6985),2016,3,16.00-16.59,2,9,1,0,1,0,0,0,0,534124.5083,6974014.6985
tieliikenne_2016.3715,3715,POINT (644844.9946 6970495.3282),2016,8,21.00-21.59,2,9,1,0,0,0,0,0,0,644844.9946,6970495.3282
tieliikenne_2016.3716,3716,POINT (492749.9367 6820267.7444),2016,9,01.00-01.59,2,9,1,0,0,0,0,0,0,492749.9367,6820267.7444
tieliikenne_2016.3717,3717,POINT (572937.4099 6870279.8166),2016,9,19.00-19.59,2,9,1,0,0,0,0,0,0,572937.4099,6870279.8166
tieliikenne_2016.3718,3718,POINT (512948.3898 6822950.8825),2016,9,21.00-21.59,2,9,1,0,0,0,0,0,0,512948.3898,6822950.8825
tieliikenne_2016.3719,3719,POINT (595781.3825 6860251.8912),2016,3,13.00-13.59,2,4,2,0,0,0,0,0,0,595781.3825,6860251.8912
tieliikenne_2016.3720,3720,POINT (597632.0813 6861290.0064),2016,9,06.00-06.59,1,9,0,0,0,1,0,0,0,597632.0813,6861290.0064
tieliikenne_2016.3721,3721,POINT (545201.1385 6907309.2802),2016,3,06.00-06.59,2,5,1,0,0,0,1,0,0,545201.1385,6907309.2802
tieliikenne_2016.3722,3722,POINT (640171.972 6945877.9335),2016,3,08.00-08.59,2,8,1,0,0,0,0,0,0,640171.972,6945877.9335
tieliikenne_2016.3723,3723,POINT (500458.729 7012066.8044),2016,10,19.00-19.59,2,9,1,0,0,0,0,0,0,500458.729,7012066.8044
tieliikenne_2016.3724,3724,POINT (511623.9343 6871969.8328),2016,3,12.00-12.59,3,1,2,0,0,0,0,0,0,511623.9343,6871969.8328
tieliikenne_2016.3725,3725,POINT (514597.1441 6839359.5697),2016,3,14.00-14.59,2,4,1,0,0,1,0,0,0,514597.1441,6839359.5697
tieliikenne_2016.3726,3726,POINT (655939.0088 6944670.4078),2016,10,21.00-21.59,2,9,1,0,0,0,0,0,0,655939.0088,6944670.4078
tieliikenne_2016.3727,3727,POINT (534194.8357 6974024.348),2016,3,09.00-09.59,2,7,1,0,1,0,0,0,0,534194.8357,6974024.348
tieliikenne_2016.3728,3728,POINT (545074.5875 6909783.5035),2016,4,15.00-15.59,2,4,1,0,0,1,0,0,0,545074.5875,6909783.5035
tieliikenne_2016.3729,3729,POINT (642222.0678 6945989.7562),2016,4,18.00-18.59,2,3,2,0,0,0,0,0,0,642222.0678,6945989.7562
tieliikenne_2016.3730,3730,POINT (642593.0007 6944937.2601),2016,4,18.00-18.59,2,1,0,0,0,2,0,0,0,642593.0007,6944937.2601
tieliikenne_2016.3731,3731,POINT (535190.1465 6974686.2317),2016,4,22.00-22.59,2,4,1,0,0,0,1,0,0,535190.1465,6974686.2317
tieliikenne_2016.3732,3732,POINT (533240.3627 6906576.5118),2016,11,16.00-16.59,2,9,1,0,0,0,0,0,0,533240.3627,6906576.5118
tieliikenne_2016.3733,3733,POINT (506634.1762 6906935.6555),2016,4,15.00-15.59,2,1,2,0,0,0,0,0,0,506634.1762,6906935.6555
tieliikenne_2016.3734,3734,POINT (497899.5554 7075060.4993),2016,4,12.00-12.59,2,9,2,0,0,0,0,0,0,497899.5554,7075060.4993
tieliikenne_2016.3735,3735,POINT (638993.312 6946192.2662),2016,4,20.00-20.59,2,4,1,0,0,1,0,0,0,638993.312,6946192.2662
tieliikenne_2016.3736,3736,POINT (537144.1992 6822937.5195),2016,12,15.00-15.59,2,9,1,0,0,0,0,0,0,537144.1992,6822937.5195
tieliikenne_2016.3737,3737,POINT (599047.901 6861049.2925),2016,4,14.00-14.59,2,4,1,0,0,1,0,0,0,599047.901,6861049.2925
tieliikenne_2016.3738,3738,POINT (500101.4821 6858568.0582),2016,4,16.00-16.59,3,2,2,0,0,0,0,0,0,500101.4821,6858568.0582
tieliikenne_2016.3739,3739,POINT (535813.4066 6857164.8215),2016,4,19.00-19.59,1,8,1,0,0,0,0,0,0,535813.4066,6857164.8215
tieliikenne_2016.3740,3740,POINT (529233.2655 7003505.7201),2016,4,15.00-15.59,1,4,1,1,0,0,0,0,0,529233.2655,7003505.7201
tieliikenne_2016.3741,3741,POINT (466933.9788 6807047.0533),2016,4,11.00-11.59,2,0,2,0,0,0,0,0,0,466933.9788,6807047.0533
tieliikenne_2016.3742,3742,POINT (678136.8167 6934585.4508),2016,4,13.00-13.59,2,5,2,0,0,0,0,0,0,678136.8167,6934585.4508
tieliikenne_2016.3743,3743,POINT (534131.0303 6972793.6578),2016,4,18.00-18.59,2,2,2,0,0,0,0,1,0,534131.0303,6972793.6578
tieliikenne_2016.3744,3744,POINT (531288.6329 6945375.9113),2016,4,17.00-17.59,1,2,4,0,0,0,0,0,0,531288.6329,6945375.9113
tieliikenne_2016.3745,3745,POINT (504192.2379 6834296.5917),2016,4,12.00-12.59,2,2,1,1,0,0,0,0,0,504192.2379,6834296.5917
tieliikenne_2016.3746,3746,POINT (545390.2214 6909448.312),2016,4,09.00-09.59,2,7,1,0,1,0,0,0,0,545390.2214,6909448.312
tieliikenne_2016.3747,3747,POINT (592730.828 6933603.7706),2016,4,14.00-14.59,2,5,2,0,0,0,0,0,0,592730.828,6933603.7706
tieliikenne_2016.3748,3748,POINT (551854.553 7010264.9862),2016,4,14.00-14.59,1,2,2,0,0,0,0,0,0,551854.553,7010264.9862
tieliikenne_2016.3749,3749,POINT (652904.6465 7024061.0842),2016,4,23.00-23.59,2,9,2,0,0,0,0,0,0,652904.6465,7024061.0842
tieliikenne_2016.3750,3750,POINT (567479.8096 6993555.4809),2016,4,23.00-23.59,2,8,1,0,0,0,0,0,0,567479.8096,6993555.4809
tieliikenne_2016.3751,3751,POINT (511321.9 6906119.1214),2016,4,10.00-10.59,2,8,0,0,0,0,1,0,0,511321.9,6906119.1214
tieliikenne_2016.3752,3752,POINT (533204.0073 6972600.0131),2016,4,10.00-10.59,2,0,2,0,0,0,0,0,0,533204.0073,6972600.0131
tieliikenne_2016.3753,3753,POINT (538922.9534 6929549.1606),2016,4,09.00-09.59,2,4,2,0,0,0,0,0,0,538922.9534,6929549.1606
tieliikenne_2016.3754,3754,POINT (515769.6159 6839226.989),2016,4,16.00-16.59,2,6,1,0,1,0,0,0,0,515769.6159,6839226.989
tieliikenne_2016.3755,3755,POINT (642261.8098 6946091.0735),2016,4,20.00-20.59,2,5,2,0,0,0,0,0,0,642261.8098,6946091.0735
tieliikenne_2016.3756,3756,POINT (526353.0806 7043528.8317),2016,4,17.00-17.59,2,8,0,0,0,0,0,0,1,526353.0806,7043528.8317
tieliikenne_2016.3757,3757,POINT (616809.7301 7042623.3905),2016,4,16.00-16.59,2,8,1,0,0,0,0,0,0,616809.7301,7042623.3905
tieliikenne_2016.3758,3758,POINT (608251.6242 6951683.749),2016,4,23.00-23.59,2,8,1,0,0,0,0,0,0,608251.6242,6951683.749
tieliikenne_2016.3759,3759,POINT (686443.14 6933452.1852),2016,4,15.00-15.59,2,4,1,0,0,0,1,0,0,686443.14,6933452.1852
tieliikenne_2016.3760,3760,POINT (531304.6662 6945328.616),2016,4,23.00-23.59,2,8,1,0,0,0,0,0,0,531304.6662,6945328.616
tieliikenne_2016.3761,3761,POINT (514464.3466 6839792.1297),2016,4,11.00-11.59,2,6,0,1,1,0,0,0,0,514464.3466,6839792.1297
tieliikenne_2016.3762,3762,POINT (644098.8591 6944222.6184),2016,4,15.00-15.59,2,4,1,0,0,1,0,0,0,644098.8591,6944222.6184
tieliikenne_2016.3763,3763,POINT (609684.707 6862982.169),2016,4,13.00-13.59,2,1,1,0,0,0,0,1,0,609684.707,6862982.169
tieliikenne_2016.3764,3764,POINT (598600.7059 6861837.1829),2016,4,14.00-14.59,2,0,1,1,0,0,0,0,0,598600.7059,6861837.1829
tieliikenne_2016.3765,3765,POINT (618064.3547 6865318.1094),2016,4,15.00-15.59,1,3,2,0,0,0,0,0,0,618064.3547,6865318.1094
tieliikenne_2016.3766,3766,POINT (645386.9363 6958740.5276),2016,4,22.00-22.59,2,8,0,0,0,0,0,0,1,645386.9363,6958740.5276
tieliikenne_2016.3767,3767,POINT (481859.5276 6876818.5731),2016,4,13.00-13.59,2,3,1,0,0,0,0,1,0,481859.5276,6876818.5731
tieliikenne_2016.3768,3768,POINT (504485.5689 6813958.2173),2016,4,16.00-16.59,2,8,1,0,0,0,0,0,0,504485.5689,6813958.2173
tieliikenne_2016.3769,3769,POINT (538484.6875 7030089.7188),2016,5,04.00-04.59,1,8,1,0,0,0,0,0,0,538484.6875,7030089.7188
tieliikenne_2016.3770,3770,POINT (638858.6939 6999639.3612),2016,5,12.00-12.59,2,8,0,0,0,0,0,1,0,638858.6939,6999639.3612
tieliikenne_2016.3771,3771,POINT (642419.0524 6945209.1316),2016,5,09.00-09.59,2,5,1,0,0,1,0,0,0,642419.0524,6945209.1316
tieliikenne_2016.3772,3772,POINT (656547.1134 7018652.0775),2016,5,11.00-11.59,2,2,1,1,0,0,0,0,0,656547.1134,7018652.0775
tieliikenne_2016.3773,3773,POINT (515359.1628 6840828.9552),2016,5,18.00-18.59,2,7,1,0,2,0,0,0,0,515359.1628,6840828.9552
tieliikenne_2016.3774,3774,POINT (641984.8498 6944808.5754),2016,5,07.00-07.59,2,4,1,0,0,0,1,0,0,641984.8498,6944808.5754
tieliikenne_2016.3775,3775,POINT (534772.2272 6974099.3843),2016,5,11.00-11.59,2,4,2,0,0,0,0,0,0,534772.2272,6974099.3843
tieliikenne_2016.3776,3776,POINT (529011.3426 6902708.7779),2016,5,10.00-10.59,3,5,2,0,0,0,0,0,0,529011.3426,6902708.7779
tieliikenne_2016.3777,3777,POINT (531143.587 6967799.6285),2016,5,12.00-12.59,2,4,1,0,0,1,0,0,0,531143.587,6967799.6285
tieliikenne_2016.3778,3778,POINT (533345.7519 6974521.0311),2016,5,13.00-13.59,2,0,2,0,0,0,0,0,0,533345.7519,6974521.0311
tieliikenne_2016.3779,3779,POINT (661875.3209 6912677.465),2016,5,15.00-15.59,2,8,1,0,0,0,0,0,0,661875.3209,6912677.465
tieliikenne_2016.3780,3780,POINT (493597.4551 6943332.175),2016,5,14.00-14.59,2,2,1,0,0,0,0,1,0,493597.4551,6943332.175
tieliikenne_2016.3781,3781,POINT (631027.9245 6972680.6112),2016,5,16.00-16.59,2,8,1,0,0,0,0,0,0,631027.9245,6972680.6112
tieliikenne_2016.3782,3782,POINT (539258.3753 7000449.6445),2016,5,08.00-08.59,2,4,1,0,0,1,0,0,0,539258.3753,7000449.6445
tieliikenne_2016.3783,3783,POINT (514468.3306 6989582.5579),2016,5,12.00-12.59,2,8,1,0,0,0,0,0,0,514468.3306,6989582.5579
tieliikenne_2016.3784,3784,POINT (509442.2225 7047599.1855),2016,5,18.00-18.59,2,8,2,0,0,0,0,0,0,509442.2225,7047599.1855
tieliikenne_2016.3785,3785,POINT (513692.9381 6825650.0166),2016,5,11.00-11.59,1,3,1,0,0,0,0,0,1,513692.9381,6825650.0166
tieliikenne_2016.3786,3786,POINT (637893.4666 6946191.5246),2016,5,15.00-15.59,2,4,1,0,0,1,0,0,0,637893.4666,6946191.5246
tieliikenne_2016.3787,3787,POINT (514355.3635 6839382.6092),2016,5,07.00-07.59,2,4,1,0,0,0,1,0,0,514355.3635,6839382.6092
tieliikenne_2016.3788,3788,POINT (512218.2652 6908573.8341),2016,5,22.00-22.59,2,9,1,0,0,0,0,0,0,512218.2652,6908573.8341
tieliikenne_2016.3789,3789,POINT (530616.3444 6985297.9962),2016,5,12.00-12.59,1,8,0,0,0,0,0,1,0,530616.3444,6985297.9962
tieliikenne_2016.3790,3790,POINT (514205.3065 6839295.9294),2016,5,08.00-08.59,2,1,1,0,0,0,1,0,0,514205.3065,6839295.9294
tieliikenne_2016.3791,3791,POINT (596559.0595 6860208.8458),2016,5,19.00-19.59,3,4,1,0,0,1,0,0,0,596559.0595,6860208.8458
tieliikenne_2016.3792,3792,POINT (529679.0121 7012082.5591),2016,5,12.00-12.59,2,8,1,0,0,0,0,0,0,529679.0121,7012082.5591
tieliikenne_2016.3793,3793,POINT (598922.3129 6861108.8249),2016,5,14.00-14.59,2,0,3,0,0,0,0,0,0,598922.3129,6861108.8249
tieliikenne_2016.3794,3794,POINT (651277.5495 6932650.083),2016,5,15.00-15.59,2,8,0,0,0,0,1,0,0,651277.5495,6932650.083
tieliikenne_2016.3795,3795,POINT (642193.6647 6945969.6192),2016,5,12.00-12.59,2,3,2,0,0,0,0,0,0,642193.6647,6945969.6192
tieliikenne_2016.3796,3796,POINT (581046.6016 6867820.4747),2016,5,16.00-16.59,2,8,1,0,0,0,0,0,0,581046.6016,6867820.4747
tieliikenne_2016.3797,3797,POINT (553956.0785 6903040.9573),2016,5,17.00-17.59,2,8,0,0,0,0,0,0,1,553956.0785,6903040.9573
tieliikenne_2016.3798,3798,POINT (645017.067 6946490.5237),2016,5,08.00-08.59,2,5,1,0,0,1,0,0,0,645017.067,6946490.5237
tieliikenne_2016.3799,3799,POINT (643577.9089 6947137.5287),2016,5,09.00-09.59,2,4,1,0,0,1,0,0,0,643577.9089,6947137.5287
tieliikenne_2016.3800,3800,POINT (641552.3238 6943407.6184),2016,5,08.00-08.59,2,7,0,0,1,1,0,0,0,641552.3238,6943407.6184
tieliikenne_2016.3801,3801,POINT (495640.7541 6942846.1983),2016,5,23.00-23.59,2,8,1,0,0,0,0,0,0,495640.7541,6942846.1983
tieliikenne_2016.3802,3802,POINT (659426.598 6952911.6181),2016,5,01.00-01.59,2,8,1,0,0,0,0,0,0,659426.598,6952911.6181
tieliikenne_2016.3803,3803,POINT (535001.8302 6973441.1202),2016,5,15.00-15.59,2,5,1,0,0,0,1,0,0,535001.8302,6973441.1202
tieliikenne_2016.3804,3804,POINT (512423.3221 6837911.7687),2016,5,20.00-20.59,3,0,1,0,0,0,0,2,0,512423.3221,6837911.7687
tieliikenne_2016.3805,3805,POINT (535278.4499 6975319.665),2016,5,01.00-01.59,2,4,2,0,0,0,0,0,0,535278.4499,6975319.665
tieliikenne_2016.3806,3806,POINT (596820.7286 7053005.271),2016,5,02.00-02.59,1,8,1,0,0,0,0,0,0,596820.7286,7053005.271
tieliikenne_2016.3807,3807,POINT (534603.9963 6973392.0233),2016,5,02.00-02.59,2,4,1,0,0,0,0,1,0,534603.9963,6973392.0233
tieliikenne_2016.3808,3808,POINT (465687.2509 6968562.2386),2016,5,14.00-14.59,2,8,1,0,0,0,0,0,0,465687.2509,6968562.2386
tieliikenne_2016.3809,3809,POINT (567053.4699 6993965.4248),2016,5,18.00-18.59,2,2,0,0,0,0,1,1,0,567053.4699,6993965.4248
tieliikenne_2016.3810,3810,POINT (483558.4759 6955556.5967),2016,5,16.00-16.59,2,8,0,0,0,0,0,1,0,483558.4759,6955556.5967
tieliikenne_2016.3811,3811,POINT (701145.7897 6955060.5181),2016,5,14.00-14.59,2,4,2,0,0,0,0,0,0,701145.7897,6955060.5181
tieliikenne_2016.3812,3812,POINT (607355.4113 6974165.3188),2016,6,07.00-07.59,2,8,0,1,0,0,0,0,0,607355.4113,6974165.3188
tieliikenne_2016.3813,3813,POINT (602358.6296 6861729.5226),2016,6,12.00-12.59,2,9,0,0,0,0,1,1,0,602358.6296,6861729.5226
tieliikenne_2016.3814,3814,POINT (654328.4631 6929629.825),2016,6,20.00-20.59,2,5,1,0,0,0,0,0,1,654328.4631,6929629.825
tieliikenne_2016.3815,3815,POINT (594013.955 6863249.4987),2016,6,18.00-18.59,2,4,1,0,0,0,1,0,0,594013.955,6863249.4987
tieliikenne_2016.3816,3816,POINT (532618.154 6974768.4972),2016,6,18.00-18.59,2,7,0,0,1,1,0,0,0,532618.154,6974768.4972
tieliikenne_2016.3817,3817,POINT (531989.2635 6900763.5251),2016,6,23.00-23.59,2,8,1,0,0,0,0,0,0,531989.2635,6900763.5251
tieliikenne_2016.3818,3818,POINT (518533.7668 7066991.1551),2016,6,09.00-09.59,1,2,1,1,0,0,0,0,0,518533.7668,7066991.1551
tieliikenne_2016.3819,3819,POINT (546304.0588 6863807.1117),2016,6,03.00-03.59,2,8,1,0,0,0,0,0,0,546304.0588,6863807.1117
tieliikenne_2016.3820,3820,POINT (546279.1918 6909519.726),2016,6,01.00-01.59,2,3,1,0,0,0,1,0,0,546279.1918,6909519.726
tieliikenne_2016.3821,3821,POINT (521256.8524 6949576.8104),2016,6,08.00-08.59,2,0,1,0,0,0,0,1,0,521256.8524,6949576.8104
tieliikenne_2016.3822,3822,POINT (608978.429 7060054.1892),2016,6,12.00-12.59,2,8,1,0,0,0,0,0,0,608978.429,7060054.1892
tieliikenne_2016.3823,3823,POINT (532938.9167 6974080.3208),2016,6,10.00-10.59,2,1,1,0,0,1,0,0,0,532938.9167,6974080.3208
tieliikenne_2016.3824,3824,POINT (560418.3576 6826376.1105),2016,6,01.00-01.59,2,8,1,0,0,0,0,0,0,560418.3576,6826376.1105
tieliikenne_2016.3825,3825,POINT (531929.1449 6969155.2781),2016,6,15.00-15.59,2,1,1,0,0,0,1,0,0,531929.1449,6969155.2781
tieliikenne_2016.3826,3826,POINT (601114.1966 6861171.2845),2016,6,11.00-11.59,2,9,1,0,1,0,0,0,0,601114.1966,6861171.2845
tieliikenne_2016.3827,3827,POINT (611567.7755 7003640.9472),2016,6,04.00-04.59,2,8,1,0,0,0,0,0,0,611567.7755,7003640.9472
tieliikenne_2016.3828,3828,POINT (535890.697 6968158.8265),2016,6,13.00-13.59,2,4,1,0,0,1,0,0,0,535890.697,6968158.8265
tieliikenne_2016.3829,3829,POINT (552924.3609 6885225.3322),2016,6,10.00-10.59,2,8,0,1,0,0,0,0,0,552924.3609,6885225.3322
tieliikenne_2016.3830,3830,POINT (536563.0392 6974395.6315),2016,6,15.00-15.59,2,4,1,0,0,1,0,0,0,536563.0392,6974395.6315
tieliikenne_2016.3831,3831,POINT (507206.412 6907181.8587),2016,6,20.00-20.59,2,4,1,0,0,1,0,0,0,507206.412,6907181.8587
tieliikenne_2016.3832,3832,POINT (519960.3892 6800645.7523),2016,6,16.00-16.59,2,9,1,1,0,0,0,0,0,519960.3892,6800645.7523
tieliikenne_2016.3833,3833,POINT (574884.5716 6950727.5069),2016,6,08.00-08.59,3,3,2,0,0,0,0,0,0,574884.5716,6950727.5069
tieliikenne_2016.3834,3834,POINT (646640.9673 6946542.887),2016,6,12.00-12.59,2,8,1,0,0,0,0,0,0,646640.9673,6946542.887
tieliikenne_2016.3835,3835,POINT (544330.6036 6909795.7307),2016,6,14.00-14.59,2,4,1,0,0,1,0,0,0,544330.6036,6909795.7307
tieliikenne_2016.3836,3836,POINT (703122.6186 6953178.1471),2016,6,02.00-02.59,1,8,1,0,0,0,0,0,0,703122.6186,6953178.1471
tieliikenne_2016.3837,3837,POINT (515000.5445 6842461.5692),2016,6,13.00-13.59,2,8,1,0,0,0,0,0,0,515000.5445,6842461.5692
tieliikenne_2016.3838,3838,POINT (513492.7716 6834341.7434),2016,6,14.00-14.59,2,2,2,0,0,0,0,0,0,513492.7716,6834341.7434
tieliikenne_2016.3839,3839,POINT (631169.5512 6945712.6372),2016,6,04.00-04.59,2,8,1,0,0,0,0,0,0,631169.5512,6945712.6372
tieliikenne_2016.3840,3840,POINT (610428.2804 6939120.2647),2016,6,07.00-07.59,3,0,1,0,0,1,0,0,0,610428.2804,6939120.2647
tieliikenne_2016.3841,3841,POINT (594711.9848 6858052.5091),2016,6,20.00-20.59,3,2,1,0,0,0,0,1,0,594711.9848,6858052.5091
tieliikenne_2016.3842,3842,POINT (565660.3714 6907464.8525),2016,6,19.00-19.59,2,5,1,0,0,0,1,0,0,565660.3714,6907464.8525
tieliikenne_2016.3843,3843,POINT (562769.5462 6824701.7528),2016,6,18.00-18.59,2,8,0,0,0,0,0,1,0,562769.5462,6824701.7528
tieliikenne_2016.3844,3844,POINT (515874.5164 6968384.2132),2016,6,18.00-18.59,2,4,1,0,0,1,0,0,0,515874.5164,6968384.2132
tieliikenne_2016.3845,3845,POINT (535314.9651 6973483.9123),2016,6,11.00-11.59,2,9,1,0,1,0,0,0,0,535314.9651,6973483.9123
tieliikenne_2016.3846,3846,POINT (515045.7105 6840386.0195),2016,6,16.00-16.59,2,0,1,0,0,0,1,0,0,515045.7105,6840386.0195
tieliikenne_2016.3847,3847,POINT (513190.2528 6838527.5593),2016,6,13.00-13.59,2,4,1,0,0,1,0,0,0,513190.2528,6838527.5593
tieliikenne_2016.3848,3848,POINT (467136.0215 7061842.8835),2016,6,16.00-16.59,2,8,1,0,0,0,0,0,0,467136.0215,7061842.8835
tieliikenne_2016.3849,3849,POINT (675253.1286 6891763.7503),2016,6,03.00-03.59,3,8,1,0,0,0,0,0,0,675253.1286,6891763.7503
tieliikenne_2016.3850,3850,POINT (634241.7307 6940229.7893),2016,6,00.00-00.59,2,8,1,0,0,0,0,0,0,634241.7307,6940229.7893
tieliikenne_2016.3851,3851,POINT (504809.8216 7008047.2002),2016,6,11.00-11.59,2,2,2,0,0,0,0,0,0,504809.8216,7008047.2002
tieliikenne_2016.3852,3852,POINT (546458.5916 6979068.093),2016,6,16.00-16.59,2,0,2,0,0,0,0,0,0,546458.5916,6979068.093
tieliikenne_2016.3853,3853,POINT (517158.3072 6840530.5854),2016,6,03.00-03.59,3,8,1,0,0,0,0,0,0,517158.3072,6840530.5854
tieliikenne_2016.3854,3854,POINT (629759.6346 6888819.1287),2016,6,18.00-18.59,3,8,0,0,0,0,0,0,1,629759.6346,6888819.1287
tieliikenne_2016.3855,3855,POINT (621588.8379 6933892.7252),2016,6,21.00-21.59,2,8,1,0,0,0,0,0,0,621588.8379,6933892.7252
tieliikenne_2016.3856,3856,POINT (515757.4944 6839696.1197),2016,6,15.00-15.59,2,0,2,0,0,0,0,0,0,515757.4944,6839696.1197
tieliikenne_2016.3857,3857,POINT (643716.3613 6941995.4574),2016,6,02.00-02.59,2,0,1,0,0,0,1,0,0,643716.3613,6941995.4574
tieliikenne_2016.3858,3858,POINT (515207.4839 7003392.5448),2016,6,13.00-13.59,2,1,2,0,0,0,0,0,0,515207.4839,7003392.5448
tieliikenne_2016.3859,3859,POINT (540344.7041 6928981.3846),2016,6,22.00-22.59,2,0,0,0,0,0,2,0,0,540344.7041,6928981.3846
tieliikenne_2016.3860,3860,POINT (514760.393 6840338.8348),2016,6,11.00-11.59,2,1,1,0,0,1,0,0,0,514760.393,6840338.8348
tieliikenne_2016.3861,3861,POINT (534584.7623 6993931.8337),2016,6,13.00-13.59,2,9,1,0,1,0,0,0,0,534584.7623,6993931.8337
tieliikenne_2016.3862,3862,POINT (598811.9243 6861191.7768),2016,6,00.00-00.59,2,9,0,0,0,0,0,1,0,598811.9243,6861191.7768
tieliikenne_2016.3863,3863,POINT (510440.6168 7056099.4779),2016,6,18.00-18.59,2,2,2,0,0,0,0,0,0,510440.6168,7056099.4779
tieliikenne_2016.3864,3864,POINT (545069.319 6909747.7584),2016,7,16.00-16.59,2,9,1,0,0,1,0,0,0,545069.319,6909747.7584
tieliikenne_2016.3865,3865,POINT (508441.9696 6907773.0788),2016,7,20.00-20.59,2,0,1,0,0,0,1,0,0,508441.9696,6907773.0788
tieliikenne_2016.3866,3866,POINT (514480.8662 6839204.5369),2016,7,01.00-01.59,2,0,0,0,0,0,2,0,0,514480.8662,6839204.5369
tieliikenne_2016.3867,3867,POINT (530316.1928 6829178.0466),2016,7,19.00-19.59,2,8,1,0,0,0,0,0,0,530316.1928,6829178.0466
tieliikenne_2016.3868,3868,POINT (518681.4062 7055894.08),2016,7,22.00-22.59,2,8,1,0,0,0,0,0,0,518681.4062,7055894.08
tieliikenne_2016.3869,3869,POINT (539337.0676 6865959.7652),2016,7,23.00-23.59,2,8,1,0,0,0,0,0,0,539337.0676,6865959.7652
tieliikenne_2016.3870,3870,POINT (603586.1511 6950720.3267),2016,7,06.00-06.59,2,9,1,0,0,0,0,0,0,603586.1511,6950720.3267
tieliikenne_2016.3871,3871,POINT (511542.7591 6839390.4348),2016,7,08.00-08.59,2,8,1,0,0,0,0,0,0,511542.7591,6839390.4348
tieliikenne_2016.3872,3872,POINT (514793.3908 6838953.4093),2016,7,11.00-11.59,2,0,2,0,0,0,0,0,0,514793.3908,6838953.4093
tieliikenne_2016.3873,3873,POINT (525146.0086 6912918.4957),2016,7,19.00-19.59,1,8,1,0,0,0,0,0,0,525146.0086,6912918.4957
tieliikenne_2016.3874,3874,POINT (497472.7421 7066410.0364),2016,7,21.00-21.59,2,3,2,0,0,0,0,0,0,497472.7421,7066410.0364
tieliikenne_2016.3875,3875,POINT (640282.1476 6945919.9703),2016,7,06.00-06.59,2,8,0,0,0,0,0,1,0,640282.1476,6945919.9703
tieliikenne_2016.3876,3876,POINT (537762.6734 6858726.4208),2016,7,14.00-14.59,2,1,2,0,0,0,0,0,0,537762.6734,6858726.4208
tieliikenne_2016.3877,3877,POINT (503317.8799 6933708.0858),2016,7,00.00-00.59,1,8,1,0,0,0,0,0,0,503317.8799,6933708.0858
tieliikenne_2016.3878,3878,POINT (530447.4761 7002276.6409),2016,7,12.00-12.59,2,1,0,2,0,0,0,0,0,530447.4761,7002276.6409
tieliikenne_2016.3879,3879,POINT (642897.1967 6943092.0676),2016,7,12.00-12.59,2,1,1,0,0,1,0,0,0,642897.1967,6943092.0676
tieliikenne_2016.3880,3880,POINT (627203.8906 6845132.3791),2016,7,14.00-14.59,2,1,2,0,0,0,0,0,0,627203.8906,6845132.3791
tieliikenne_2016.3881,3881,POINT (518751.9912 7055945.5448),2016,7,09.00-09.59,2,8,0,0,0,0,0,0,1,518751.9912,7055945.5448
tieliikenne_2016.3882,3882,POINT (571792.5039 7023091.5446),2016,7,10.00-10.59,2,0,2,0,0,0,0,0,0,571792.5039,7023091.5446
tieliikenne_2016.3883,3883,POINT (530519.8544 6967647.7005),2016,7,00.00-00.59,2,8,0,0,0,0,0,1,0,530519.8544,6967647.7005
tieliikenne_2016.3884,3884,POINT (533023.1867 6974842.9449),2016,7,11.00-11.59,2,7,1,0,1,0,0,0,0,533023.1867,6974842.9449
tieliikenne_2016.3885,3885,POINT (602156.0933 6860714.9063),2016,7,22.00-22.59,2,5,1,0,0,0,0,1,0,602156.0933,6860714.9063
tieliikenne_2016.3886,3886,POINT (577291.3251 6902582.9917),2016,7,16.00-16.59,2,8,1,0,0,0,0,0,0,577291.3251,6902582.9917
tieliikenne_2016.3887,3887,POINT (472400.2729 6819255.7855),2016,7,17.00-17.59,2,8,1,0,0,0,0,0,0,472400.2729,6819255.7855
tieliikenne_2016.3888,3888,POINT (499179.0345 7053622.5483),2016,7,20.00-20.59,2,8,1,0,0,0,0,0,0,499179.0345,7053622.5483
tieliikenne_2016.3889,3889,POINT (528739.0268 6959394.5223),2016,7,20.00-20.59,2,1,0,0,0,0,2,0,0,528739.0268,6959394.5223
tieliikenne_2016.3890,3890,POINT (641498.866 6944153.9865),2016,7,00.00-00.59,2,4,1,0,0,1,0,0,0,641498.866,6944153.9865
tieliikenne_2016.3891,3891,POINT (590496.1055 6877192.7353),2016,7,14.00-14.59,2,8,1,0,0,0,0,0,0,590496.1055,6877192.7353
tieliikenne_2016.3892,3892,POINT (528712.0601 6967725.1121),2016,7,14.00-14.59,2,8,1,0,0,0,0,0,0,528712.0601,6967725.1121
tieliikenne_2016.3893,3893,POINT (642353.3025 6946207.6689),2016,7,08.00-08.59,3,9,1,0,0,0,0,0,0,642353.3025,6946207.6689
tieliikenne_2016.3894,3894,POINT (561430.7437 6977610.2151),2016,7,14.00-14.59,2,8,1,0,0,0,0,0,0,561430.7437,6977610.2151
tieliikenne_2016.3895,3895,POINT (480617.1429 7058264.0374),2016,7,09.00-09.59,2,1,1,0,0,1,0,0,0,480617.1429,7058264.0374
tieliikenne_2016.3896,3896,POINT (620510 6971423),2016,7,10.00-10.59,2,9,1,0,1,0,0,0,0,620510,6971423
tieliikenne_2016.3897,3897,POINT (508853.6376 7020185.9067),2016,7,15.00-15.59,2,8,1,0,0,0,0,0,0,508853.6376,7020185.9067
tieliikenne_2016.3898,3898,POINT (521738.4941 6928120.5405),2016,7,07.00-07.59,2,8,1,0,0,0,0,0,0,521738.4941,6928120.5405
tieliikenne_2016.3899,3899,POINT (530469.5366 6967974.8774),2016,7,14.00-14.59,2,4,1,0,0,1,0,0,0,530469.5366,6967974.8774
tieliikenne_2016.3900,3900,POINT (505393.7591 6906412.0803),2016,7,18.00-18.59,2,4,2,0,0,0,0,0,0,505393.7591,6906412.0803
tieliikenne_2016.3901,3901,POINT (652793.874 6945437.4554),2016,7,14.00-14.59,2,0,2,0,0,0,0,0,0,652793.874,6945437.4554
tieliikenne_2016.3902,3902,POINT (525440.689 7011163.5049),2016,7,07.00-07.59,2,8,1,0,0,0,0,0,0,525440.689,7011163.5049
tieliikenne_2016.3903,3903,POINT (670112.2047 6882575.7341),2016,7,04.00-04.59,2,8,1,0,0,0,0,0,0,670112.2047,6882575.7341
tieliikenne_2016.3904,3904,POINT (602157.5582 7049499.1164),2016,7,11.00-11.59,2,0,1,0,0,1,0,0,0,602157.5582,7049499.1164
tieliikenne_2016.3905,3905,POINT (642433.2711 6943987.9526),2016,7,00.00-00.59,2,9,0,0,0,0,1,0,0,642433.2711,6943987.9526
tieliikenne_2016.3906,3906,POINT (533340.0832 6994116.9083),2016,7,19.00-19.59,2,4,1,0,0,0,1,0,0,533340.0832,6994116.9083
tieliikenne_2016.3907,3907,POINT (601569.8245 6955560.2936),2016,7,19.00-19.59,2,8,1,0,0,0,0,0,0,601569.8245,6955560.2936
tieliikenne_2016.3908,3908,POINT (532909.9718 6993869.6174),2016,8,12.00-12.59,3,3,1,0,0,0,0,1,0,532909.9718,6993869.6174
tieliikenne_2016.3909,3909,POINT (600913.9978 6866089.9981),2016,8,21.00-21.59,2,8,1,0,0,0,0,0,0,600913.9978,6866089.9981
tieliikenne_2016.3910,3910,POINT (514088.5206 6839748.7681),2016,8,11.00-11.59,2,5,1,0,0,1,0,0,0,514088.5206,6839748.7681
tieliikenne_2016.3911,3911,POINT (531771.0481 6969511.3852),2016,8,13.00-13.59,2,8,1,0,0,0,0,0,0,531771.0481,6969511.3852
tieliikenne_2016.3912,3912,POINT (525691.2911 6992351.8464),2016,8,20.00-20.59,2,0,1,0,0,1,0,0,0,525691.2911,6992351.8464
tieliikenne_2016.3913,3913,POINT (574243.2085 6969157.446),2016,8,11.00-11.59,2,8,1,0,0,0,0,0,0,574243.2085,6969157.446
tieliikenne_2016.3914,3914,POINT (511742.7359 6838415.0659),2016,8,15.00-15.59,2,3,1,0,0,1,0,0,0,511742.7359,6838415.0659
tieliikenne_2016.3915,3915,POINT (643346.3169 6945294.963),2016,8,21.00-21.59,2,0,3,0,0,0,0,0,0,643346.3169,6945294.963
tieliikenne_2016.3916,3916,POINT (668004.1418 6907898.8926),2016,8,10.00-10.59,2,8,1,0,0,0,0,0,0,668004.1418,6907898.8926
tieliikenne_2016.3917,3917,POINT (645256.0826 6965797.0684),2016,8,01.00-01.59,2,8,1,0,0,0,0,0,0,645256.0826,6965797.0684
tieliikenne_2016.3918,3918,POINT (646215.7393 6946235.8183),2016,8,13.00-13.59,2,4,1,0,0,1,0,0,0,646215.7393,6946235.8183
tieliikenne_2016.3919,3919,POINT (533239.3903 6975152.6411),2016,8,15.00-15.59,2,6,1,0,1,0,0,0,0,533239.3903,6975152.6411
tieliikenne_2016.3920,3920,POINT (616887.4471 6944441.376),2016,8,17.00-17.59,2,0,1,0,0,0,0,0,1,616887.4471,6944441.376
tieliikenne_2016.3921,3921,POINT (663191.8604 6940477.3756),2016,8,11.00-11.59,2,1,2,0,0,0,0,0,0,663191.8604,6940477.3756
tieliikenne_2016.3922,3922,POINT (545298.7953 6909503.7004),2016,8,14.00-14.59,2,8,1,0,0,0,0,0,0,545298.7953,6909503.7004
tieliikenne_2016.3923,3923,POINT (477791.0401 6955010.0428),2016,8,22.00-22.59,3,8,1,0,0,0,0,0,0,477791.0401,6955010.0428
tieliikenne_2016.3924,3924,POINT (494909.4765 6865270.2145),2016,8,09.00-09.59,2,8,0,1,0,0,0,0,0,494909.4765,6865270.2145
tieliikenne_2016.3925,3925,POINT (650610.4696 6958398.8152),2016,8,19.00-19.59,2,0,1,0,0,0,1,0,0,650610.4696,6958398.8152
tieliikenne_2016.3926,3926,POINT (499101.2698 6935633.6372),2016,8,13.00-13.59,2,2,1,1,0,0,0,0,0,499101.2698,6935633.6372
tieliikenne_2016.3927,3927,POINT (533919.876 6978429.995),2016,8,19.00-19.59,2,1,1,0,0,0,0,1,0,533919.876,6978429.995
tieliikenne_2016.3928,3928,POINT (513341.7445 6839157.8702),2016,8,10.00-10.59,2,3,2,0,0,0,0,0,0,513341.7445,6839157.8702
tieliikenne_2016.3929,3929,POINT (500549.7714 6844410.5698),2016,8,14.00-14.59,1,8,1,0,0,0,0,0,0,500549.7714,6844410.5698
tieliikenne_2016.3930,3930,POINT (642109.8861 6945748.7902),2016,8,12.00-12.59,2,3,2,0,0,0,0,0,0,642109.8861,6945748.7902
tieliikenne_2016.3931,3931,POINT (520472.1764 6842118.333),2016,8,02.00-02.59,2,8,1,0,0,0,0,0,0,520472.1764,6842118.333
tieliikenne_2016.3932,3932,POINT (534154.1384 6973747.8679),2016,8,06.00-06.59,2,4,0,0,0,2,0,0,0,534154.1384,6973747.8679
tieliikenne_2016.3933,3933,POINT (636652.7973 6911413.1751),2016,8,08.00-08.59,1,4,1,0,0,1,0,0,0,636652.7973,6911413.1751
tieliikenne_2016.3934,3934,POINT (651869.884 7024563.3987),2016,8,11.00-11.59,2,4,1,0,0,0,1,0,0,651869.884,7024563.3987
tieliikenne_2016.3935,3935,POINT (530984.0184 6966720.5459),2016,8,19.00-19.59,2,8,0,0,0,0,0,1,0,530984.0184,6966720.5459
tieliikenne_2016.3936,3936,POINT (614621.8434 6896277.5332),2016,8,17.00-17.59,2,9,0,0,0,0,0,0,1,614621.8434,6896277.5332
tieliikenne_2016.3937,3937,POINT (595039.5761 6862389.4143),2016,8,08.00-08.59,3,1,1,0,0,1,0,0,0,595039.5761,6862389.4143
tieliikenne_2016.3938,3938,POINT (563071.3917 6821778.8555),2016,8,07.00-07.59,2,7,0,0,1,1,0,0,0,563071.3917,6821778.8555
tieliikenne_2016.3939,3939,POINT (498476.8284 6945049.3746),2016,8,16.00-16.59,2,2,2,0,0,0,0,0,0,498476.8284,6945049.3746
tieliikenne_2016.3940,3940,POINT (642354.7412 6944072.1597),2016,8,07.00-07.59,2,0,0,0,0,2,0,0,0,642354.7412,6944072.1597
tieliikenne_2016.3941,3941,POINT (513283.7377 6838170.6479),2016,8,06.00-06.59,3,8,0,0,0,0,0,1,0,513283.7377,6838170.6479
tieliikenne_2016.3942,3942,POINT (525834.1678 7060509.2546),2016,8,10.00-10.59,2,1,1,0,0,1,0,0,0,525834.1678,7060509.2546
tieliikenne_2016.3943,3943,POINT (513535.4705 6814584.6518),2016,8,13.00-13.59,2,8,1,0,0,0,0,0,0,513535.4705,6814584.6518
tieliikenne_2016.3944,3944,POINT (588142.3886 7058238.9158),2016,8,16.00-16.59,2,2,2,0,0,0,0,0,0,588142.3886,7058238.9158
tieliikenne_2016.3945,3945,POINT (544816.684 6910172.3402),2016,8,07.00-07.59,2,1,0,0,0,0,2,0,0,544816.684,6910172.3402
tieliikenne_2016.3946,3946,POINT (642898.6982 6944307.1581),2016,8,13.00-13.59,2,1,1,1,0,0,0,0,0,642898.6982,6944307.1581
tieliikenne_2016.3947,3947,POINT (474901.0201 6811433.5807),2016,8,10.00-10.59,2,8,1,0,0,0,0,0,0,474901.0201,6811433.5807
tieliikenne_2016.3948,3948,POINT (601803.7872 6860918.7652),2016,8,20.00-20.59,2,4,0,0,0,2,0,0,0,601803.7872,6860918.7652
tieliikenne_2016.3949,3949,POINT (546639.8796 6932137.9238),2016,8,11.00-11.59,2,8,1,0,0,0,0,0,0,546639.8796,6932137.9238
tieliikenne_2016.3950,3950,POINT (539547.8214 7000714.7411),2016,8,13.00-13.59,1,4,0,1,0,1,0,0,0,539547.8214,7000714.7411
tieliikenne_2016.3951,3951,POINT (507858.5006 6907496.7123),2016,8,19.00-19.59,2,4,1,0,0,0,0,1,0,507858.5006,6907496.7123
tieliikenne_2016.3952,3952,POINT (651511.5394 7024439.8333),2016,8,20.00-20.59,2,8,1,0,0,0,0,0,0,651511.5394,7024439.8333
tieliikenne_2016.3953,3953,POINT (532021.2706 6972953.2489),2016,8,07.00-07.59,2,0,2,0,0,0,0,0,0,532021.2706,6972953.2489
tieliikenne_2016.3954,3954,POINT (514276.7043 6839262.593),2016,8,09.00-09.59,2,9,1,0,0,1,0,0,0,514276.7043,6839262.593
tieliikenne_2016.3955,3955,POINT (514139.513 6839442.1394),2016,8,13.00-13.59,2,4,1,0,0,1,0,0,0,514139.513,6839442.1394
tieliikenne_2016.3956,3956,POINT (518992.4399 7030427.7475),2016,8,16.00-16.59,2,7,0,0,1,0,1,0,0,518992.4399,7030427.7475
tieliikenne_2016.3957,3957,POINT (484914.0686 7057464.2923),2016,8,20.00-20.59,1,7,0,0,1,0,0,0,1,484914.0686,7057464.2923
tieliikenne_2016.3958,3958,POINT (509166.1844 7047873.0755),2016,8,14.00-14.59,2,4,1,0,0,1,0,0,0,509166.1844,7047873.0755
tieliikenne_2016.3959,3959,POINT (644612.8156 6946553.0101),2016,8,18.00-18.59,2,4,1,0,0,1,0,0,0,644612.8156,6946553.0101
tieliikenne_2016.3960,3960,POINT (534894.6604 6985789.3084),2016,8,13.00-13.59,2,8,1,0,0,0,0,0,0,534894.6604,6985789.3084
tieliikenne_2016.3961,3961,POINT (515961.7308 6840587.5326),2016,8,21.00-21.59,2,0,0,0,0,0,3,0,1,515961.7308,6840587.5326
tieliikenne_2016.3962,3962,POINT (513915.2399 6839647.8312),2016,8,16.00-16.59,2,4,1,0,0,0,1,0,0,513915.2399,6839647.8312
tieliikenne_2016.3963,3963,POINT (516390.9851 6853772.1569),2016,8,00.00-00.59,2,8,1,0,0,0,0,0,0,516390.9851,6853772.1569
tieliikenne_2016.3964,3964,POINT (509295.9812 7047808.0573),2016,8,07.00-07.59,2,4,1,0,0,1,0,0,0,509295.9812,7047808.0573
tieliikenne_2016.3965,3965,POINT (546020.9553 6862757.3249),2016,8,18.00-18.59,2,7,1,0,1,0,0,0,0,546020.9553,6862757.3249
tieliikenne_2016.3966,3966,POINT (526115.018 7068601.9131),2016,8,08.00-08.59,2,8,1,0,0,0,0,0,0,526115.018,7068601.9131
tieliikenne_2016.3967,3967,POINT (489502.963 6805876.2901),2016,8,14.00-14.59,2,3,1,0,0,1,0,0,0,489502.963,6805876.2901
tieliikenne_2016.3968,3968,POINT (510911.92 7046457.017),2016,8,16.00-16.59,2,1,1,0,0,1,0,0,0,510911.92,7046457.017
tieliikenne_2016.3969,3969,POINT (488659.0924 7085330.2741),2016,9,09.00-09.59,2,8,1,0,0,0,0,0,0,488659.0924,7085330.2741
tieliikenne_2016.3970,3970,POINT (500694.777 6827979.897),2016,9,17.00-17.59,3,3,1,0,0,0,0,1,0,500694.777,6827979.897
tieliikenne_2016.3971,3971,POINT (544481.8393 6863105.7863),2016,9,22.00-22.59,2,0,1,0,0,0,0,1,0,544481.8393,6863105.7863
tieliikenne_2016.3972,3972,POINT (539992.3757 6926787.6848),2016,9,03.00-03.59,2,2,1,1,0,0,0,0,0,539992.3757,6926787.6848
tieliikenne_2016.3973,3973,POINT (641741.6303 6943888.351),2016,9,13.00-13.59,2,1,1,0,0,1,0,0,0,641741.6303,6943888.351
tieliikenne_2016.3974,3974,POINT (541139.045 6929046.513),2016,9,16.00-16.59,2,4,1,0,0,0,1,0,0,541139.045,6929046.513
tieliikenne_2016.3975,3975,POINT (661666.1579 6891492.8092),2016,9,17.00-17.59,2,9,0,0,0,0,0,1,0,661666.1579,6891492.8092
tieliikenne_2016.3976,3976,POINT (532875.957 6993861.8184),2016,9,08.00-08.59,2,5,2,0,0,0,0,0,0,532875.957,6993861.8184
tieliikenne_2016.3977,3977,POINT (642163.512 6946148.04),2016,9,11.00-11.59,2,3,1,0,0,0,0,1,0,642163.512,6946148.04
tieliikenne_2016.3978,3978,POINT (549290.8483 6964930.5359),2016,9,10.00-10.59,2,1,2,0,0,0,0,0,0,549290.8483,6964930.5359
tieliikenne_2016.3979,3979,POINT (491418.7373 6808776.9665),2016,9,00.00-00.59,2,8,1,0,0,0,0,0,0,491418.7373,6808776.9665
tieliikenne_2016.3980,3980,POINT (644146.9663 6954771.4455),2016,9,11.00-11.59,2,1,3,0,0,0,0,0,0,644146.9663,6954771.4455
tieliikenne_2016.3981,3981,POINT (524768.1435 7012701.0695),2016,9,16.00-16.59,2,8,1,0,0,0,0,0,0,524768.1435,7012701.0695
tieliikenne_2016.3982,3982,POINT (510266.16 7049029.9587),2016,9,15.00-15.59,2,4,1,0,0,1,0,0,0,510266.16,7049029.9587
tieliikenne_2016.3983,3983,POINT (662313.2473 6969310.3944),2016,9,16.00-16.59,2,0,2,0,0,0,0,0,0,662313.2473,6969310.3944
tieliikenne_2016.3984,3984,POINT (527935.0003 7010718.0689),2016,9,12.00-12.59,2,8,1,0,0,0,0,0,0,527935.0003,7010718.0689
tieliikenne_2016.3985,3985,POINT (509518.0634 7048106.9468),2016,9,14.00-14.59,2,4,1,0,0,0,1,0,0,509518.0634,7048106.9468
tieliikenne_2016.3986,3986,POINT (509344.5102 7047692.3874),2016,9,11.00-11.59,2,6,1,0,1,0,0,0,0,509344.5102,7047692.3874
tieliikenne_2016.3987,3987,POINT (647008.2083 6915770.9707),2016,9,14.00-14.59,2,4,1,0,0,1,0,0,0,647008.2083,6915770.9707
tieliikenne_2016.3988,3988,POINT (512646.431 6838870.9527),2016,9,15.00-15.59,2,0,1,0,0,0,1,0,0,512646.431,6838870.9527
tieliikenne_2016.3989,3989,POINT (534014.9403 6992801.3605),2016,8,16.00-16.59,2,0,0,0,0,0,3,0,0,534014.9403,6992801.3605
tieliikenne_2016.3990,3990,POINT (513748.1923 6835145.1829),2016,9,18.00-18.59,2,1,2,0,0,0,0,0,0,513748.1923,6835145.1829
tieliikenne_2016.3991,3991,POINT (503305.0898 7072370.3836),2016,9,03.00-03.59,2,8,1,0,0,0,0,0,0,503305.0898,7072370.3836
tieliikenne_2016.3992,3992,POINT (546146.1208 6910991.6817),2016,9,16.00-16.59,2,0,2,0,0,0,1,0,0,546146.1208,6910991.6817
tieliikenne_2016.3993,3993,POINT (568435.2497 6927909.3526),2016,9,06.00-06.59,2,8,1,0,0,0,0,0,0,568435.2497,6927909.3526
tieliikenne_2016.3994,3994,POINT (481119.2369 6873156.8454),2016,9,10.00-10.59,2,1,2,0,0,0,0,0,0,481119.2369,6873156.8454
tieliikenne_2016.3995,3995,POINT (565968.8463 6991096.5846),2016,9,09.00-09.59,2,2,0,0,0,0,2,0,0,565968.8463,6991096.5846
tieliikenne_2016.3996,3996,POINT (644332.0503 6954169.8885),2016,9,08.00-08.59,2,5,1,0,0,0,1,0,0,644332.0503,6954169.8885
tieliikenne_2016.3997,3997,POINT (621240.7918 6851359.6476),2016,9,15.00-15.59,2,8,1,0,0,0,0,0,0,621240.7918,6851359.6476
tieliikenne_2016.3998,3998,POINT (601158.1044 6861030.404),2016,9,09.00-09.59,2,4,2,0,0,0,0,0,0,601158.1044,6861030.404
tieliikenne_2016.3999,3999,POINT (534759.7703 6974097.7989),2016,9,12.00-12.59,2,4,1,0,0,0,1,0,0,534759.7703,6974097.7989
tieliikenne_2016.4000,4000,POINT (532365.31 6973179.5047),2016,9,16.00-16.59,2,8,1,0,0,0,0,0,0,532365.31,6973179.5047
tieliikenne_2016.4001,4001,POINT (511044.0733 7051386.7706),2016,9,14.00-14.59,2,5,1,0,0,0,1,0,0,511044.0733,7051386.7706
tieliikenne_2016.4002,4002,POINT (660021.0368 6966854.2601),2016,9,16.00-16.59,3,3,1,0,0,1,0,0,0,660021.0368,6966854.2601
tieliikenne_2016.4003,4003,POINT (598390.8442 6862121.8576),2016,9,17.00-17.59,2,0,1,0,0,0,0,1,0,598390.8442,6862121.8576
tieliikenne_2016.4004,4004,POINT (512778.3673 6838248.8007),2016,9,21.00-21.59,2,0,3,0,0,0,0,0,0,512778.3673,6838248.8007
tieliikenne_2016.4005,4005,POINT (642396.6614 6943873.8787),2016,9,07.00-07.59,2,4,1,0,0,1,0,0,0,642396.6614,6943873.8787
tieliikenne_2016.4006,4006,POINT (646401.0038 6936229.7278),2016,9,01.00-01.59,2,8,0,0,0,0,1,0,0,646401.0038,6936229.7278
tieliikenne_2016.4007,4007,POINT (481425.5919 7057872.3759),2016,9,19.00-19.59,2,8,1,0,0,0,0,0,0,481425.5919,7057872.3759
tieliikenne_2016.4008,4008,POINT (511559.4054 6899150.0742),2016,9,01.00-01.59,2,8,1,0,0,0,0,0,0,511559.4054,6899150.0742
tieliikenne_2016.4009,4009,POINT (618734.8504 6970658.3486),2016,9,21.00-21.59,2,0,1,0,0,0,1,0,0,618734.8504,6970658.3486
tieliikenne_2016.4010,4010,POINT (534649.9773 6974084.5705),2016,9,15.00-15.59,2,6,1,0,1,0,0,0,0,534649.9773,6974084.5705
tieliikenne_2016.4011,4011,POINT (535518.922 6969139.4465),2016,9,07.00-07.59,2,0,0,1,0,1,0,0,0,535518.922,6969139.4465
tieliikenne_2016.4012,4012,POINT (574502.4199 6997568.8923),2016,9,01.00-01.59,2,8,1,0,0,0,0,0,0,574502.4199,6997568.8923
tieliikenne_2016.4013,4013,POINT (510843.2898 6945457.2327),2016,9,05.00-05.59,1,2,1,1,0,0,0,0,0,510843.2898,6945457.2327
tieliikenne_2016.4014,4014,POINT (675995.4939 6988616.4469),2016,10,00.00-00.59,1,8,1,0,0,0,0,0,0,675995.4939,6988616.4469
tieliikenne_2016.4015,4015,POINT (521553.3912 7084245.2284),2016,10,13.00-13.59,1,2,1,1,0,0,0,0,0,521553.3912,7084245.2284
tieliikenne_2016.4016,4016,POINT (643333.744 6947239.9498),2016,10,12.00-12.59,2,8,1,0,0,0,0,0,0,643333.744,6947239.9498
tieliikenne_2016.4017,4017,POINT (553957.5827 7008917.1114),2016,10,16.00-16.59,2,4,1,0,0,1,0,0,0,553957.5827,7008917.1114
tieliikenne_2016.4018,4018,POINT (509662.6254 7047503.8835),2016,10,15.00-15.59,3,4,1,0,0,1,0,0,0,509662.6254,7047503.8835
tieliikenne_2016.4019,4019,POINT (665571.7498 6940823.4),2016,10,15.00-15.59,2,1,1,0,0,0,0,1,0,665571.7498,6940823.4
tieliikenne_2016.4020,4020,POINT (612698.6826 6860872.007),2016,10,22.00-22.59,1,2,1,1,0,0,0,0,0,612698.6826,6860872.007
tieliikenne_2016.4021,4021,POINT (533721.0289 6974798.1459),2016,10,10.00-10.59,2,3,1,0,0,0,2,0,0,533721.0289,6974798.1459
tieliikenne_2016.4022,4022,POINT (643877.4423 6855663.1077),2016,10,09.00-09.59,3,5,0,1,0,0,1,0,0,643877.4423,6855663.1077
tieliikenne_2016.4023,4023,POINT (642067.6262 6945893.9684),2016,10,21.00-21.59,2,8,1,0,0,0,0,0,0,642067.6262,6945893.9684
tieliikenne_2016.4024,4024,POINT (578405.7338 6869457.7875),2016,10,19.00-19.59,2,8,1,0,0,0,0,0,0,578405.7338,6869457.7875
tieliikenne_2016.4025,4025,POINT (651279.9594 6898802.889),2016,10,13.00-13.59,2,8,1,0,0,0,0,0,0,651279.9594,6898802.889
tieliikenne_2016.4026,4026,POINT (532653.1199 6967809.8959),2016,10,11.00-11.59,2,0,2,0,0,0,0,0,0,532653.1199,6967809.8959
tieliikenne_2016.4027,4027,POINT (519449.6084 7025975.3114),2016,10,12.00-12.59,1,4,1,0,0,1,0,0,0,519449.6084,7025975.3114
tieliikenne_2016.4028,4028,POINT (532401.2934 6973729.8244),2016,10,15.00-15.59,2,1,0,0,0,2,0,0,0,532401.2934,6973729.8244
tieliikenne_2016.4029,4029,POINT (516840.3423 7031447.5691),2016,10,16.00-16.59,1,4,1,0,0,0,0,0,1,516840.3423,7031447.5691
tieliikenne_2016.4030,4030,POINT (617227.1699 6864874.9898),2016,10,07.00-07.59,2,8,1,0,0,0,0,0,0,617227.1699,6864874.9898
tieliikenne_2016.4031,4031,POINT (532909.2009 6967660.0324),2016,10,08.00-08.59,2,3,1,0,0,0,1,0,0,532909.2009,6967660.0324
tieliikenne_2016.4032,4032,POINT (534333.9417 6992426.0861),2016,10,15.00-15.59,2,4,1,0,0,0,0,1,0,534333.9417,6992426.0861
tieliikenne_2016.4033,4033,POINT (595182.1875 6860047.4721),2016,10,21.00-21.59,2,9,0,0,0,0,0,1,0,595182.1875,6860047.4721
tieliikenne_2016.4034,4034,POINT (542040.5036 6928411.0969),2016,10,00.00-00.59,2,8,1,0,0,0,0,0,0,542040.5036,6928411.0969
tieliikenne_2016.4035,4035,POINT (630663.0578 6945369.3516),2016,10,09.00-09.59,2,9,0,0,0,0,0,1,0,630663.0578,6945369.3516
tieliikenne_2016.4036,4036,POINT (545092.5912 6909802.8249),2016,10,14.00-14.59,2,6,1,0,1,0,0,0,0,545092.5912,6909802.8249
tieliikenne_2016.4037,4037,POINT (655033.1497 6863623.9595),2016,10,17.00-17.59,3,8,1,0,0,0,0,0,0,655033.1497,6863623.9595
tieliikenne_2016.4038,4038,POINT (528930.0245 6855859.5603),2016,10,18.00-18.59,2,8,1,0,0,0,0,0,0,528930.0245,6855859.5603
tieliikenne_2016.4039,4039,POINT (533541.7202 6974424.6073),2016,10,15.00-15.59,2,4,1,0,0,1,0,0,0,533541.7202,6974424.6073
tieliikenne_2016.4040,4040,POINT (522077.7246 6949657.077),2016,10,06.00-06.59,1,2,2,0,0,0,0,0,0,522077.7246,6949657.077
tieliikenne_2016.4041,4041,POINT (664142.4775 6888928.4424),2016,10,11.00-11.59,2,1,1,0,0,0,1,0,0,664142.4775,6888928.4424
tieliikenne_2016.4042,4042,POINT (515164.9286 6892055.3329),2016,10,09.00-09.59,2,5,2,0,0,0,0,0,0,515164.9286,6892055.3329
tieliikenne_2016.4043,4043,POINT (516513.0427 7032678.8058),2016,10,10.00-10.59,2,2,2,0,0,0,0,0,0,516513.0427,7032678.8058
tieliikenne_2016.4044,4044,POINT (598656.8764 6861181.8975),2016,10,16.00-16.59,2,9,0,0,0,0,1,0,0,598656.8764,6861181.8975
tieliikenne_2016.4045,4045,POINT (532712.4564 6972817.5507),2016,9,08.00-08.59,2,9,1,0,0,0,1,0,0,532712.4564,6972817.5507
tieliikenne_2016.4046,4046,POINT (538354.3035 7029646.7956),2016,10,13.00-13.59,3,8,1,0,0,0,0,0,0,538354.3035,7029646.7956
tieliikenne_2016.4047,4047,POINT (527200.4385 6829744.3679),2016,10,13.00-13.59,2,8,1,0,0,0,0,0,0,527200.4385,6829744.3679
tieliikenne_2016.4048,4048,POINT (642417.8245 6945210.2986),2016,10,15.00-15.59,2,4,1,0,0,1,0,0,0,642417.8245,6945210.2986
tieliikenne_2016.4049,4049,POINT (543846.6338 6910503.6751),2016,10,14.00-14.59,2,0,2,0,0,0,0,0,0,543846.6338,6910503.6751
tieliikenne_2016.4050,4050,POINT (544830.6568 6909119.3467),2016,10,11.00-11.59,2,5,1,1,0,0,0,0,0,544830.6568,6909119.3467
tieliikenne_2016.4051,4051,POINT (491024.7657 6943988.4873),2016,10,20.00-20.59,3,7,1,0,1,0,0,0,0,491024.7657,6943988.4873
tieliikenne_2016.4052,4052,POINT (560185.1793 6828176.0784),2016,10,13.00-13.59,2,8,0,0,0,0,0,0,1,560185.1793,6828176.0784
tieliikenne_2016.4053,4053,POINT (599046.6351 6861065.1331),2016,10,22.00-22.59,2,4,2,0,0,1,0,0,0,599046.6351,6861065.1331
tieliikenne_2016.4054,4054,POINT (528765.9507 6959913.2566),2016,10,14.00-14.59,1,8,1,0,0,0,0,0,0,528765.9507,6959913.2566
tieliikenne_2016.4055,4055,POINT (673611.2067 6904715.0753),2016,10,19.00-19.59,2,8,0,0,0,0,1,0,0,673611.2067,6904715.0753
tieliikenne_2016.4056,4056,POINT (650165.7228 6924025.5612),2016,10,07.00-07.59,3,5,1,0,0,1,0,0,0,650165.7228,6924025.5612
tieliikenne_2016.4057,4057,POINT (525679.2231 7006458.0271),2016,10,15.00-15.59,2,2,2,0,0,0,0,0,0,525679.2231,7006458.0271
tieliikenne_2016.4058,4058,POINT (502127.3354 6903781.9212),2016,10,16.00-16.59,2,2,2,0,0,0,0,0,0,502127.3354,6903781.9212
tieliikenne_2016.4059,4059,POINT (642996.1478 6952365.0273),2016,10,19.00-19.59,2,5,1,0,0,0,1,0,0,642996.1478,6952365.0273
tieliikenne_2016.4060,4060,POINT (631749.6929 6998812.8027),2016,10,15.00-15.59,2,4,1,1,0,0,0,0,0,631749.6929,6998812.8027
tieliikenne_2016.4061,4061,POINT (568081.6045 6881871.5684),2016,10,11.00-11.59,3,7,1,0,1,0,0,0,0,568081.6045,6881871.5684
tieliikenne_2016.4062,4062,POINT (696410.3631 6948761.513),2016,10,13.00-13.59,2,1,2,0,0,0,0,0,0,696410.3631,6948761.513
tieliikenne_2016.4063,4063,POINT (641539.0756 6943963.202),2016,10,18.00-18.59,2,6,1,0,2,0,0,0,0,641539.0756,6943963.202
tieliikenne_2016.4064,4064,POINT (600771.7503 6869191.0699),2016,10,17.00-17.59,2,0,1,0,0,1,0,0,0,600771.7503,6869191.0699
tieliikenne_2016.4065,4065,POINT (513705.356 6839853.947),2016,10,08.00-08.59,2,4,1,0,0,1,0,0,0,513705.356,6839853.947
tieliikenne_2016.4066,4066,POINT (534526.1407 6975063.9232),2016,11,08.00-08.59,3,1,1,0,0,1,0,0,0,534526.1407,6975063.9232
tieliikenne_2016.4067,4067,POINT (531854.1579 6973160.5372),2016,11,12.00-12.59,2,2,2,0,0,0,0,0,0,531854.1579,6973160.5372
tieliikenne_2016.4068,4068,POINT (521783.5114 6997276.612),2016,11,17.00-17.59,2,1,2,0,0,0,0,0,0,521783.5114,6997276.612
tieliikenne_2016.4069,4069,POINT (494948.1198 6865214.9204),2016,8,15.00-15.59,2,8,1,0,0,0,0,0,0,494948.1198,6865214.9204
tieliikenne_2016.4070,4070,POINT (520481.3089 6841264.1348),2016,11,16.00-16.59,2,1,3,0,0,0,0,0,0,520481.3089,6841264.1348
tieliikenne_2016.4071,4071,POINT (629481 6945408),2016,11,17.00-17.59,3,7,1,0,1,0,0,0,0,629481,6945408
tieliikenne_2016.4072,4072,POINT (484996.714 7043565.7262),2016,11,02.00-02.59,2,8,1,0,0,0,0,0,0,484996.714,7043565.7262
tieliikenne_2016.4073,4073,POINT (565944.99 6986599.276),2016,11,17.00-17.59,2,8,1,0,0,0,0,0,0,565944.99,6986599.276
tieliikenne_2016.4074,4074,POINT (601151.425 6861017.834),2016,11,16.00-16.59,2,5,1,1,0,0,0,0,0,601151.425,6861017.834
tieliikenne_2016.4075,4075,POINT (511057.3443 6820934.4208),2016,11,17.00-17.59,2,9,0,2,0,0,0,0,0,511057.3443,6820934.4208
tieliikenne_2016.4076,4076,POINT (646830.9602 6889268.1493),2016,11,17.00-17.59,2,2,2,0,0,0,0,0,0,646830.9602,6889268.1493
tieliikenne_2016.4077,4077,POINT (639955.57 6945815.885),2016,11,19.00-19.59,2,1,1,0,0,0,0,0,1,639955.57,6945815.885
tieliikenne_2016.4078,4078,POINT (517249.5368 6841342.8766),2016,11,18.00-18.59,2,8,1,0,0,0,0,0,0,517249.5368,6841342.8766
tieliikenne_2016.4079,4079,POINT (561925.96 6921199.1897),2016,11,20.00-20.59,2,0,1,1,0,0,0,0,0,561925.96,6921199.1897
tieliikenne_2016.4080,4080,POINT (641796.307 6944986.4008),2016,11,11.00-11.59,3,6,1,0,1,0,0,0,0,641796.307,6944986.4008
tieliikenne_2016.4081,4081,POINT (663527.003 6888767.6472),2016,11,13.00-13.59,2,9,0,0,0,0,1,0,0,663527.003,6888767.6472
tieliikenne_2016.4082,4082,POINT (496164.7127 6811633.4948),2016,11,10.00-10.59,2,2,2,0,0,0,0,0,0,496164.7127,6811633.4948
tieliikenne_2016.4083,4083,POINT (532954.0859 6973880.9847),2016,11,13.00-13.59,2,6,1,0,2,0,0,0,0,532954.0859,6973880.9847
tieliikenne_2016.4084,4084,POINT (545029.5659 6928390.9142),2016,11,07.00-07.59,1,2,2,0,0,0,0,0,0,545029.5659,6928390.9142
tieliikenne_2016.4085,4085,POINT (532748.4314 6966914.1178),2016,11,11.00-11.59,2,0,2,1,0,0,0,0,0,532748.4314,6966914.1178
tieliikenne_2016.4086,4086,POINT (514594.2822 6837796.4445),2016,11,15.00-15.59,2,0,2,0,0,0,0,0,0,514594.2822,6837796.4445
tieliikenne_2016.4087,4087,POINT (485499.5857 7067477.2965),2016,11,04.00-04.59,2,8,1,0,0,0,0,0,0,485499.5857,7067477.2965
tieliikenne_2016.4088,4088,POINT (544961.1907 6937243.9455),2016,11,06.00-06.59,2,8,1,0,0,0,0,0,0,544961.1907,6937243.9455
tieliikenne_2016.4089,4089,POINT (661250.419 6916354.7536),2016,11,03.00-03.59,1,8,1,0,0,0,0,0,0,661250.419,6916354.7536
tieliikenne_2016.4090,4090,POINT (533353.0901 6994133.0001),2016,11,15.00-15.59,2,6,1,0,1,0,0,0,0,533353.0901,6994133.0001
tieliikenne_2016.4091,4091,POINT (534935.5851 6974027.921),2016,11,16.00-16.59,3,6,1,0,1,0,0,0,0,534935.5851,6974027.921
tieliikenne_2016.4092,4092,POINT (651774.633 7024516.1945),2016,11,11.00-11.59,2,1,1,0,0,1,0,0,0,651774.633,7024516.1945
tieliikenne_2016.4093,4093,POINT (541961.2674 7033994.1894),2016,11,16.00-16.59,2,2,1,0,0,0,0,0,1,541961.2674,7033994.1894
tieliikenne_2016.4094,4094,POINT (520728.9016 7024654.9986),2016,11,20.00-20.59,3,7,0,1,1,0,0,0,0,520728.9016,7024654.9986
tieliikenne_2016.4095,4095,POINT (604454.9818 7049351.918),2016,11,15.00-15.59,2,3,2,0,0,0,1,0,0,604454.9818,7049351.918
tieliikenne_2016.4096,4096,POINT (651335.57 7025586.089),2016,11,17.00-17.59,2,6,1,0,1,0,0,0,0,651335.57,7025586.089
tieliikenne_2016.4097,4097,POINT (493615.849 6822399.5304),2016,11,15.00-15.59,2,0,1,0,0,0,0,0,1,493615.849,6822399.5304
tieliikenne_2016.4098,4098,POINT (546493.5643 6862774.2599),2016,11,18.00-18.59,2,8,1,0,0,0,0,0,0,546493.5643,6862774.2599
tieliikenne_2016.4099,4099,POINT (648332.6615 6865659.8989),2016,11,16.00-16.59,2,7,0,0,1,0,1,0,0,648332.6615,6865659.8989
tieliikenne_2016.4100,4100,POINT (642248.4405 6946100.9156),2016,11,17.00-17.59,2,5,2,0,0,0,0,0,0,642248.4405,6946100.9156
tieliikenne_2016.4101,4101,POINT (606774.086 7050023.7988),2016,12,12.00-12.59,2,5,2,0,0,0,0,0,0,606774.086,7050023.7988
tieliikenne_2016.4102,4102,POINT (536889.4715 6822908.9716),2016,12,09.00-09.59,2,8,1,0,0,0,0,0,0,536889.4715,6822908.9716
tieliikenne_2016.4103,4103,POINT (602571.4811 6860022.7056),2016,12,13.00-13.59,2,1,2,0,0,0,0,0,0,602571.4811,6860022.7056
tieliikenne_2016.4104,4104,POINT (511151.2709 7055454.0042),2016,12,15.00-15.59,2,5,2,0,0,0,0,0,0,511151.2709,7055454.0042
tieliikenne_2016.4105,4105,POINT (569487.1393 6861107.7373),2016,12,08.00-08.59,2,8,0,1,0,0,0,0,0,569487.1393,6861107.7373
tieliikenne_2016.4106,4106,POINT (619919.752 6858029.1421),2016,12,11.00-11.59,2,2,2,0,0,0,0,0,0,619919.752,6858029.1421
tieliikenne_2016.4107,4107,POINT (533057.88 6967849.258),2016,12,12.00-12.59,2,6,1,0,1,0,0,0,0,533057.88,6967849.258
tieliikenne_2016.4108,4108,POINT (534757.1858 6976097.5134),2016,12,20.00-20.59,2,0,1,1,0,0,0,0,0,534757.1858,6976097.5134
tieliikenne_2016.4109,4109,POINT (509961.6769 7047350.258),2016,12,16.00-16.59,2,0,3,0,0,0,0,0,0,509961.6769,7047350.258
tieliikenne_2016.4110,4110,POINT (602052.2282 6862693.9688),2016,12,14.00-14.59,2,8,0,1,0,0,0,0,0,602052.2282,6862693.9688
tieliikenne_2016.4111,4111,POINT (533548.5763 6990849.7875),2016,12,15.00-15.59,2,0,3,0,0,0,0,0,0,533548.5763,6990849.7875
tieliikenne_2016.4112,4112,POINT (535653.2279 6968438.9952),2016,12,12.00-12.59,2,0,2,0,0,0,0,0,0,535653.2279,6968438.9952
tieliikenne_2016.4113,4113,POINT (618791.1096 6856154.0688),2016,12,12.00-12.59,2,3,2,0,0,0,0,0,0,618791.1096,6856154.0688
tieliikenne_2016.4114,4114,POINT (631160.6419 6946738.3238),2016,12,13.00-13.59,3,8,1,0,0,0,0,0,0,631160.6419,6946738.3238
tieliikenne_2016.4115,4115,POINT (516326.7731 6841792.592),2016,12,07.00-07.59,2,8,1,0,0,0,0,0,0,516326.7731,6841792.592
tieliikenne_2016.4116,4116,POINT (642277.929 6942841.84),2016,12,13.00-13.59,2,4,1,0,0,1,0,0,0,642277.929,6942841.84
tieliikenne_2016.4117,4117,POINT (514567.7239 6860903.4732),2016,12,10.00-10.59,2,8,1,0,0,0,0,0,0,514567.7239,6860903.4732
tieliikenne_2016.4118,4118,POINT (533403.1009 7000330.7969),2016,12,19.00-19.59,3,2,2,0,0,0,0,0,0,533403.1009,7000330.7969
tieliikenne_2016.4119,4119,POINT (514445.3795 6839656.8985),2016,12,08.00-08.59,2,6,1,0,1,0,0,0,0,514445.3795,6839656.8985
tieliikenne_2016.4120,4120,POINT (618301.8745 6970113.1092),2016,12,08.00-08.59,2,9,1,1,0,0,0,0,0,618301.8745,6970113.1092
tieliikenne_2016.4121,4121,POINT (597489.7345 6862136.5504),2016,12,15.00-15.59,2,2,2,0,0,0,0,0,0,597489.7345,6862136.5504
tieliikenne_2016.4122,4122,POINT (528774.0085 6958928.2214),2016,12,16.00-16.59,2,3,1,1,0,0,0,0,0,528774.0085,6958928.2214
tieliikenne_2016.4123,4123,POINT (507043.698 6907616.7298),2016,12,23.00-23.59,2,9,2,0,0,0,0,0,0,507043.698,6907616.7298
tieliikenne_2016.4124,4124,POINT (542295.3344 6913618.4743),2016,12,11.00-11.59,3,3,3,0,0,0,0,0,0,542295.3344,6913618.4743
tieliikenne_2016.4125,4125,POINT (514621.8849 6839751.577),2016,12,08.00-08.59,2,6,1,0,1,0,0,0,0,514621.8849,6839751.577
tieliikenne_2016.4126,4126,POINT (512461.7473 7052344.4798),2016,12,15.00-15.59,2,0,0,1,0,1,0,0,0,512461.7473,7052344.4798
tieliikenne_2016.4127,4127,POINT (507196.519 6835543.877),2016,12,00.00-00.59,2,8,1,0,0,0,0,0,0,507196.519,6835543.877
tieliikenne_2016.4128,4128,POINT (466164.6849 7105856.1489),2016,12,22.00-22.59,2,8,1,0,0,0,0,0,0,466164.6849,7105856.1489
tieliikenne_2016.4129,4129,POINT (539706.1404 7125969.7284),2016,1,02.00-02.59,3,8,1,0,0,0,0,0,0,539706.1404,7125969.7284
tieliikenne_2016.4130,4130,POINT (600186.2435 7321598.8924),2016,1,11.00-11.59,2,4,1,0,0,0,0,0,1,600186.2435,7321598.8924
tieliikenne_2016.4131,4131,POINT (520550.0451 7245580.0572),2016,1,12.00-12.59,2,8,1,0,0,0,0,0,0,520550.0451,7245580.0572
tieliikenne_2016.4132,4132,POINT (550744.3568 7136939.1904),2016,1,01.00-01.59,1,2,1,1,0,0,0,0,0,550744.3568,7136939.1904
tieliikenne_2016.4133,4133,POINT (422007.7102 7182151.5224),2016,1,15.00-15.59,2,9,2,0,0,0,0,0,0,422007.7102,7182151.5224
tieliikenne_2016.4134,4134,POINT (441982.7804 7118688.1977),2016,1,11.00-11.59,1,2,2,0,0,0,0,0,0,441982.7804,7118688.1977
tieliikenne_2016.4135,4135,POINT (637982.0395 7164476.0486),2016,1,12.00-12.59,2,8,1,0,0,0,0,0,0,637982.0395,7164476.0486
tieliikenne_2016.4136,4136,POINT (399001.608 7092267.6336),2016,1,15.00-15.59,2,2,2,0,0,0,0,0,0,399001.608,7092267.6336
tieliikenne_2016.4137,4137,POINT (439224.64 7095213.8842),2016,1,01.00-01.59,2,0,2,0,0,0,0,0,0,439224.64,7095213.8842
tieliikenne_2016.4138,4138,POINT (480802.6295 7166305.5665),2016,1,11.00-11.59,1,8,1,0,0,0,0,0,0,480802.6295,7166305.5665
tieliikenne_2016.4139,4139,POINT (441515.7547 7106980.8169),2016,1,06.00-06.59,2,8,1,0,0,0,0,0,0,441515.7547,7106980.8169
tieliikenne_2016.4140,4140,POINT (427980.5067 7212307.2823),2016,1,07.00-07.59,2,0,2,0,0,0,0,0,0,427980.5067,7212307.2823
tieliikenne_2016.4141,4141,POINT (584961.8175 7185297.662),2016,1,13.00-13.59,2,8,1,0,0,0,0,0,0,584961.8175,7185297.662
tieliikenne_2016.4142,4142,POINT (427428.8093 7200890.0195),2016,1,08.00-08.59,2,8,1,0,0,0,0,0,0,427428.8093,7200890.0195
tieliikenne_2016.4143,4143,POINT (430979.4984 7208246.1642),2016,1,19.00-19.59,2,1,2,0,0,0,0,0,0,430979.4984,7208246.1642
tieliikenne_2016.4144,4144,POINT (413724.5117 7075205.4105),2016,1,08.00-08.59,2,8,1,0,0,0,0,0,0,413724.5117,7075205.4105
tieliikenne_2016.4145,4145,POINT (389406.7361 7073728.5255),2016,1,04.00-04.59,3,8,1,0,0,0,0,0,0,389406.7361,7073728.5255
tieliikenne_2016.4146,4146,POINT (521398.6645 7136348.2113),2016,2,07.00-07.59,2,9,0,1,0,0,0,0,0,521398.6645,7136348.2113
tieliikenne_2016.4147,4147,POINT (427179.8547 7215527.2264),2016,1,14.00-14.59,2,4,2,0,0,0,0,0,0,427179.8547,7215527.2264
tieliikenne_2016.4148,4148,POINT (442544.1479 7223278.6656),2016,1,14.00-14.59,2,0,2,0,0,0,0,0,0,442544.1479,7223278.6656
tieliikenne_2016.4149,4149,POINT (428236.9719 7209198.6138),2016,1,15.00-15.59,2,4,1,0,0,1,0,0,0,428236.9719,7209198.6138
tieliikenne_2016.4150,4150,POINT (416353.9949 7069210.6521),2016,1,07.00-07.59,3,5,1,1,0,0,0,0,0,416353.9949,7069210.6521
tieliikenne_2016.4151,4151,POINT (530866 7148732),2016,3,11.00-11.59,2,9,0,0,0,0,0,0,1,530866,7148732
tieliikenne_2016.4152,4152,POINT (421303.1943 7206476.5434),2016,7,17.00-17.59,3,8,0,0,0,0,0,1,0,421303.1943,7206476.5434
tieliikenne_2016.4153,4153,POINT (426912.1251 7213716.3208),2016,1,17.00-17.59,2,2,3,0,0,0,0,0,0,426912.1251,7213716.3208
tieliikenne_2016.4154,4154,POINT (427334.681 7215019.2086),2016,1,15.00-15.59,3,8,1,0,0,0,0,0,0,427334.681,7215019.2086
tieliikenne_2016.4155,4155,POINT (558827.5998 7274070.4616),2016,1,19.00-19.59,2,9,1,1,0,0,0,0,0,558827.5998,7274070.4616
tieliikenne_2016.4156,4156,POINT (428539.8332 7210825.7386),2016,1,16.00-16.59,2,4,1,0,0,1,0,0,0,428539.8332,7210825.7386
tieliikenne_2016.4157,4157,POINT (431651.859 7213566.6252),2016,1,16.00-16.59,2,3,2,0,0,0,0,0,0,431651.859,7213566.6252
tieliikenne_2016.4158,4158,POINT (598672.0131 7318995.6782),2016,1,11.00-11.59,2,4,2,0,0,0,0,0,0,598672.0131,7318995.6782
tieliikenne_2016.4159,4159,POINT (435361.8432 7184727.7535),2016,1,10.00-10.59,2,8,1,0,0,0,0,0,0,435361.8432,7184727.7535
tieliikenne_2016.4160,4160,POINT (436150.2307 7163810.9445),2016,1,20.00-20.59,2,2,2,0,0,0,0,0,0,436150.2307,7163810.9445
tieliikenne_2016.4161,4161,POINT (444658.3671 7219412.0282),2016,1,21.00-21.59,2,8,1,0,0,0,0,0,0,444658.3671,7219412.0282
tieliikenne_2016.4162,4162,POINT (438452.5287 7049231.4188),2016,1,00.00-00.59,2,8,0,1,0,0,0,0,0,438452.5287,7049231.4188
tieliikenne_2016.4163,4163,POINT (598920 7339231),2016,1,14.00-14.59,3,8,0,0,0,0,0,0,1,598920,7339231
tieliikenne_2016.4164,4164,POINT (360902.0548 7143865.9523),2016,1,13.00-13.59,2,2,2,0,0,0,0,0,0,360902.0548,7143865.9523
tieliikenne_2016.4165,4165,POINT (585131.3798 7108300.9856),2016,1,02.00-02.59,2,8,1,0,0,0,0,0,0,585131.3798,7108300.9856
tieliikenne_2016.4166,4166,POINT (622447.6261 7113471.7736),2016,2,15.00-15.59,2,6,1,0,1,0,0,0,0,622447.6261,7113471.7736
tieliikenne_2016.4167,4167,POINT (452259.2953 7187366.4205),2016,2,19.00-19.59,2,6,1,0,1,0,0,0,0,452259.2953,7187366.4205
tieliikenne_2016.4168,4168,POINT (424035.9598 7237929.8189),2016,2,09.00-09.59,2,8,0,1,0,0,0,0,0,424035.9598,7237929.8189
tieliikenne_2016.4169,4169,POINT (429933.8132 7204717.8493),2016,2,14.00-14.59,2,0,3,0,0,0,0,0,0,429933.8132,7204717.8493
tieliikenne_2016.4170,4170,POINT (534803.7702 7121459.8827),2016,2,09.00-09.59,2,8,1,0,0,0,0,0,0,534803.7702,7121459.8827
tieliikenne_2016.4171,4171,POINT (521828.5561 7109121.9696),2016,2,14.00-14.59,2,2,2,0,0,0,0,0,0,521828.5561,7109121.9696
tieliikenne_2016.4172,4172,POINT (428864.1503 7210370.5377),2016,2,19.00-19.59,2,0,2,0,0,0,0,0,0,428864.1503,7210370.5377
tieliikenne_2016.4173,4173,POINT (429942.1809 7210609.1061),2016,2,19.00-19.59,2,4,1,0,0,1,0,0,0,429942.1809,7210609.1061
tieliikenne_2016.4174,4174,POINT (431473.0536 7096089.5519),2016,2,20.00-20.59,2,4,1,1,0,0,0,0,0,431473.0536,7096089.5519
tieliikenne_2016.4175,4175,POINT (564331.3142 7278855.407),2016,2,18.00-18.59,2,0,3,0,0,0,0,0,0,564331.3142,7278855.407
tieliikenne_2016.4176,4176,POINT (371170.7352 7113320.4284),2016,5,02.00-02.59,2,9,1,0,0,0,0,0,0,371170.7352,7113320.4284
tieliikenne_2016.4177,4177,POINT (481597.6396 7165434.2275),2016,2,09.00-09.59,2,2,2,0,0,0,0,0,0,481597.6396,7165434.2275
tieliikenne_2016.4178,4178,POINT (431439.2783 7191813.7548),2016,2,18.00-18.59,3,8,1,0,0,0,0,0,0,431439.2783,7191813.7548
tieliikenne_2016.4179,4179,POINT (429820.9908 7199089.8361),2016,2,06.00-06.59,2,4,1,0,0,1,0,0,0,429820.9908,7199089.8361
tieliikenne_2016.4180,4180,POINT (426925.2135 7215816.9488),2016,2,13.00-13.59,2,8,1,0,0,0,0,0,0,426925.2135,7215816.9488
tieliikenne_2016.4181,4181,POINT (425203.5152 7221492.8329),2016,2,16.00-16.59,2,0,3,0,0,0,0,0,0,425203.5152,7221492.8329
tieliikenne_2016.4182,4182,POINT (424693.4272 7252749.4473),2016,2,18.00-18.59,2,8,1,0,0,0,0,0,0,424693.4272,7252749.4473
tieliikenne_2016.4183,4183,POINT (418747.763 7270988.0943),2016,2,18.00-18.59,2,8,1,0,0,0,0,0,0,418747.763,7270988.0943
tieliikenne_2016.4184,4184,POINT (591109.6166 7190098.4015),2016,2,19.00-19.59,2,8,1,0,0,0,0,0,0,591109.6166,7190098.4015
tieliikenne_2016.4185,4185,POINT (424195.9299 7231260.0452),2016,2,15.00-15.59,2,2,2,0,0,0,0,0,0,424195.9299,7231260.0452
tieliikenne_2016.4186,4186,POINT (431873.2002 7211480.3917),2016,2,08.00-08.59,2,4,2,0,0,0,0,0,0,431873.2002,7211480.3917
tieliikenne_2016.4187,4187,POINT (427942.3021 7213662.6214),2016,2,08.00-08.59,2,5,2,0,0,0,0,0,0,427942.3021,7213662.6214
tieliikenne_2016.4188,4188,POINT (441340.2156 7084455.6049),2016,6,01.00-01.59,2,9,1,0,0,0,0,0,0,441340.2156,7084455.6049
tieliikenne_2016.4189,4189,POINT (335995.9976 7106400.7354),2016,2,07.00-07.59,3,2,2,1,0,0,0,0,0,335995.9976,7106400.7354
tieliikenne_2016.4190,4190,POINT (468028.2001 7108876.4743),2016,6,07.00-07.59,1,8,0,0,0,1,0,0,0,468028.2001,7108876.4743
tieliikenne_2016.4191,4191,POINT (523487.4448 7263069.7816),2016,6,10.00-10.59,1,8,1,0,0,0,0,0,0,523487.4448,7263069.7816
tieliikenne_2016.4192,4192,POINT (535767.3467 7122089.0416),2016,2,13.00-13.59,2,0,2,0,0,0,0,0,0,535767.3467,7122089.0416
tieliikenne_2016.4193,4193,POINT (533867.8055 7122195.8883),2016,2,15.00-15.59,2,4,2,0,0,0,0,0,0,533867.8055,7122195.8883
tieliikenne_2016.4194,4194,POINT (430824.4066 7095805.2167),2016,2,20.00-20.59,2,8,1,0,0,0,0,0,0,430824.4066,7095805.2167
tieliikenne_2016.4195,4195,POINT (459532.1535 7224349.2033),2016,2,12.00-12.59,2,2,2,0,0,0,0,0,0,459532.1535,7224349.2033
tieliikenne_2016.4196,4196,POINT (442752.6638 7082051.4242),2016,2,02.00-02.59,2,8,1,0,0,0,0,0,0,442752.6638,7082051.4242
tieliikenne_2016.4197,4197,POINT (536170.6233 7123091.3756),2016,2,21.00-21.59,2,9,1,0,0,0,0,0,0,536170.6233,7123091.3756
tieliikenne_2016.4198,4198,POINT (597004.1714 7326580.4547),2016,7,18.00-18.59,2,9,0,0,0,0,0,1,0,597004.1714,7326580.4547
tieliikenne_2016.4199,4199,POINT (589360.2169 7219620.545),2016,7,12.00-12.59,2,9,0,0,0,0,0,1,0,589360.2169,7219620.545
tieliikenne_2016.4200,4200,POINT (427956.6557 7212426.656),2016,3,06.00-06.59,2,0,2,0,0,0,0,0,0,427956.6557,7212426.656
tieliikenne_2016.4201,4201,POINT (498085.498 7245798.1328),2016,7,00.00-00.59,2,9,1,0,0,0,0,0,0,498085.498,7245798.1328
tieliikenne_2016.4202,4202,POINT (421175.376 7174824.9445),2016,7,22.00-22.59,2,9,1,0,0,0,0,0,0,421175.376,7174824.9445
tieliikenne_2016.4203,4203,POINT (441571.0039 7108680.0781),2016,7,23.00-23.59,2,9,1,0,0,0,0,0,0,441571.0039,7108680.0781
tieliikenne_2016.4204,4204,POINT (396187.2487 7093309.5522),2016,3,10.00-10.59,2,8,1,0,0,0,0,0,0,396187.2487,7093309.5522
tieliikenne_2016.4205,4205,POINT (527039.4548 7236154.7729),2016,8,23.00-23.59,2,9,0,0,0,0,0,1,0,527039.4548,7236154.7729
tieliikenne_2016.4206,4206,POINT (535359.3676 7122363.41),2016,3,01.00-01.59,2,6,1,0,1,0,0,0,0,535359.3676,7122363.41
tieliikenne_2016.4207,4207,POINT (427126.7484 7227540.4646),2016,3,12.00-12.59,2,8,1,0,0,0,0,0,0,427126.7484,7227540.4646
tieliikenne_2016.4208,4208,POINT (375545.463 7164216.3441),2016,8,15.00-15.59,2,9,1,0,0,0,0,0,0,375545.463,7164216.3441
tieliikenne_2016.4209,4209,POINT (431058.3726 7157950.5403),2016,8,18.00-18.59,1,9,0,0,0,1,0,0,0,431058.3726,7157950.5403
tieliikenne_2016.4210,4210,POINT (461207.4294 7184830.8159),2016,3,07.00-07.59,2,8,1,0,0,0,0,0,0,461207.4294,7184830.8159
tieliikenne_2016.4211,4211,POINT (443920.876 7239113.9765),2016,8,10.00-10.59,2,9,1,0,0,0,0,0,0,443920.876,7239113.9765
tieliikenne_2016.4212,4212,POINT (429685.7661 7211177.6735),2016,3,15.00-15.59,2,0,2,0,0,0,0,0,0,429685.7661,7211177.6735
tieliikenne_2016.4213,4213,POINT (514791.2324 7253435.0231),2016,9,19.00-19.59,1,8,0,0,0,0,0,1,0,514791.2324,7253435.0231
tieliikenne_2016.4214,4214,POINT (536559.0849 7124082.1169),2016,3,11.00-11.59,2,8,1,0,0,0,0,0,0,536559.0849,7124082.1169
tieliikenne_2016.4215,4215,POINT (518656.3696 7246912.7463),2016,3,12.00-12.59,2,8,1,0,0,0,0,0,0,518656.3696,7246912.7463
tieliikenne_2016.4216,4216,POINT (557432.7938 7110703.2091),2016,9,20.00-20.59,2,9,1,0,0,0,0,0,0,557432.7938,7110703.2091
tieliikenne_2016.4217,4217,POINT (433513.2314 7089025.1026),2016,9,11.00-11.59,3,9,0,0,0,0,0,1,0,433513.2314,7089025.1026
tieliikenne_2016.4218,4218,POINT (621709 7349984),2016,9,13.00-13.59,2,9,0,0,0,0,0,0,1,621709,7349984
tieliikenne_2016.4219,4219,POINT (429486.8579 7208525.2887),2016,3,15.00-15.59,2,0,2,0,0,0,0,0,0,429486.8579,7208525.2887
tieliikenne_2016.4220,4220,POINT (376774.8465 7168756.236),2016,3,14.00-14.59,2,0,2,0,0,0,0,0,0,376774.8465,7168756.236
tieliikenne_2016.4221,4221,POINT (428342.0897 7214880.6632),2016,3,15.00-15.59,2,0,3,0,0,0,0,0,0,428342.0897,7214880.6632
tieliikenne_2016.4222,4222,POINT (427333.3155 7214991.2006),2016,3,18.00-18.59,2,8,1,0,0,0,0,0,0,427333.3155,7214991.2006
tieliikenne_2016.4223,4223,POINT (560445.3855 7112358.8127),2016,3,02.00-02.59,2,8,1,0,0,0,0,0,0,560445.3855,7112358.8127
tieliikenne_2016.4224,4224,POINT (464799.0413 7213872.2289),2016,10,23.00-23.59,2,9,1,0,0,0,0,0,0,464799.0413,7213872.2289
tieliikenne_2016.4225,4225,POINT (417727.6162 7189728.2663),2016,10,06.00-06.59,2,9,1,0,0,0,0,0,0,417727.6162,7189728.2663
tieliikenne_2016.4226,4226,POINT (402200.8189 7154922.217),2016,10,19.00-19.59,2,9,1,0,0,0,0,0,0,402200.8189,7154922.217
tieliikenne_2016.4227,4227,POINT (404297.3035 7145054.3554),2016,10,19.00-19.59,2,9,1,0,0,0,0,0,0,404297.3035,7145054.3554
tieliikenne_2016.4228,4228,POINT (523676.7295 7112035.9871),2016,10,23.00-23.59,2,9,1,0,0,0,0,0,0,523676.7295,7112035.9871
tieliikenne_2016.4229,4229,POINT (429833.939 7208983.1705),2016,4,12.00-12.59,2,6,1,0,1,0,0,0,0,429833.939,7208983.1705
tieliikenne_2016.4230,4230,POINT (531700.5044 7248597.5604),2016,10,23.00-23.59,1,8,0,0,0,0,0,0,1,531700.5044,7248597.5604
tieliikenne_2016.4231,4231,POINT (430660.4647 7210921.9927),2016,4,16.00-16.59,2,4,1,0,0,1,0,0,0,430660.4647,7210921.9927
tieliikenne_2016.4232,4232,POINT (424367.8951 7245307.4405),2016,4,23.00-23.59,2,3,1,0,0,0,1,0,0,424367.8951,7245307.4405
tieliikenne_2016.4233,4233,POINT (396138.2684 7055719.6365),2016,4,14.00-14.59,2,8,1,0,0,0,0,0,0,396138.2684,7055719.6365
tieliikenne_2016.4234,4234,POINT (441025.7323 7103074.659),2016,10,19.00-19.59,2,9,1,0,0,0,0,0,0,441025.7323,7103074.659
tieliikenne_2016.4235,4235,POINT (427896.7207 7212066.0128),2016,4,01.00-01.59,3,8,1,0,0,0,0,0,0,427896.7207,7212066.0128
tieliikenne_2016.4236,4236,POINT (430109.165 7204913.6077),2016,4,19.00-19.59,2,1,2,0,0,0,0,0,0,430109.165,7204913.6077
tieliikenne_2016.4237,4237,POINT (409961.7634 7110618.7196),2016,4,20.00-20.59,2,8,1,0,0,0,0,0,0,409961.7634,7110618.7196
tieliikenne_2016.4238,4238,POINT (469693.6609 7184123.8713),2016,4,03.00-03.59,1,8,1,0,0,0,0,0,0,469693.6609,7184123.8713
tieliikenne_2016.4239,4239,POINT (513731.092 7154227.9644),2016,11,17.00-17.59,2,9,1,0,0,0,0,0,0,513731.092,7154227.9644
tieliikenne_2016.4240,4240,POINT (622854.6799 7113651.2891),2016,4,14.00-14.59,2,4,1,0,0,0,2,0,0,622854.6799,7113651.2891
tieliikenne_2016.4241,4241,POINT (535697.6501 7121178.7088),2016,4,10.00-10.59,3,9,1,0,1,0,0,0,0,535697.6501,7121178.7088
tieliikenne_2016.4242,4242,POINT (424405.9303 7202058.8962),2016,4,15.00-15.59,2,4,1,0,0,0,1,0,0,424405.9303,7202058.8962
tieliikenne_2016.4243,4243,POINT (426895.0833 7214779.2297),2016,4,09.00-09.59,2,1,1,0,0,1,0,0,0,426895.0833,7214779.2297
tieliikenne_2016.4244,4244,POINT (589399.5602 7220750.9841),2016,4,12.00-12.59,2,2,2,0,0,0,0,0,0,589399.5602,7220750.9841
tieliikenne_2016.4245,4245,POINT (428996.2975 7194083.5537),2016,4,16.00-16.59,2,4,2,0,0,0,0,0,0,428996.2975,7194083.5537
tieliikenne_2016.4246,4246,POINT (457646.0759 7209724.9367),2016,4,15.00-15.59,2,8,1,0,0,0,0,0,0,457646.0759,7209724.9367
tieliikenne_2016.4247,4247,POINT (429845.2954 7131063.3434),2016,4,13.00-13.59,3,8,1,0,0,0,0,0,0,429845.2954,7131063.3434
tieliikenne_2016.4248,4248,POINT (443212.6963 7223468.4716),2016,4,17.00-17.59,2,8,1,0,0,0,0,0,0,443212.6963,7223468.4716
tieliikenne_2016.4249,4249,POINT (535202.2819 7122383.701),2016,4,14.00-14.59,2,4,1,0,0,1,0,0,0,535202.2819,7122383.701
tieliikenne_2016.4250,4250,POINT (431494.1706 7192324.1393),2016,4,16.00-16.59,2,0,1,0,0,1,0,0,0,431494.1706,7192324.1393
tieliikenne_2016.4251,4251,POINT (399788.3618 7090156.6531),2016,4,14.00-14.59,2,4,1,0,0,1,0,0,0,399788.3618,7090156.6531
tieliikenne_2016.4252,4252,POINT (514421.0439 7252920.9449),2016,4,19.00-19.59,2,0,1,1,0,0,0,0,0,514421.0439,7252920.9449
tieliikenne_2016.4253,4253,POINT (431457.5644 7212046.5569),2016,4,15.00-15.59,2,0,3,0,0,0,0,0,0,431457.5644,7212046.5569
tieliikenne_2016.4254,4254,POINT (499233.7475 7249327.5199),2016,4,11.00-11.59,1,7,1,0,1,0,0,0,0,499233.7475,7249327.5199
tieliikenne_2016.4255,4255,POINT (597697.3586 7320806.8813),2016,4,12.00-12.59,2,0,3,0,0,0,0,0,0,597697.3586,7320806.8813
tieliikenne_2016.4256,4256,POINT (426225.7673 7228839.7766),2016,4,05.00-05.59,2,8,1,0,0,0,0,0,0,426225.7673,7228839.7766
tieliikenne_2016.4257,4257,POINT (429007.005 7210499.3532),2016,4,21.00-21.59,2,8,1,0,0,0,0,0,0,429007.005,7210499.3532
tieliikenne_2016.4258,4258,POINT (443927.3356 7246101.2393),2016,4,19.00-19.59,2,8,0,0,0,0,0,1,0,443927.3356,7246101.2393
tieliikenne_2016.4259,4259,POINT (428239.8148 7209113.4736),2016,4,13.00-13.59,2,4,1,0,0,1,0,0,0,428239.8148,7209113.4736
tieliikenne_2016.4260,4260,POINT (551140.2584 7133498.7133),2016,4,10.00-10.59,1,5,1,0,0,0,1,0,0,551140.2584,7133498.7133
tieliikenne_2016.4261,4261,POINT (426602.8506 7218227.9409),2016,5,16.00-16.59,2,1,1,0,0,0,0,1,0,426602.8506,7218227.9409
tieliikenne_2016.4262,4262,POINT (451714.4144 7188310.9895),2016,5,14.00-14.59,2,4,1,0,0,1,0,0,0,451714.4144,7188310.9895
tieliikenne_2016.4263,4263,POINT (427891.668 7210635.8572),2016,5,16.00-16.59,2,7,0,0,1,1,0,0,0,427891.668,7210635.8572
tieliikenne_2016.4264,4264,POINT (488857.2334 7193847.9831),2016,5,04.00-04.59,2,8,0,1,0,0,0,0,0,488857.2334,7193847.9831
tieliikenne_2016.4265,4265,POINT (563863.3491 7113152.9452),2016,5,12.00-12.59,2,8,0,0,0,0,0,0,1,563863.3491,7113152.9452
tieliikenne_2016.4266,4266,POINT (427979.605 7212805.9853),2016,5,18.00-18.59,2,9,0,0,0,0,1,0,0,427979.605,7212805.9853
tieliikenne_2016.4267,4267,POINT (423881.3702 7240858.8122),2016,5,17.00-17.59,2,3,1,0,0,1,0,0,0,423881.3702,7240858.8122
tieliikenne_2016.4268,4268,POINT (429889.0404 7198909.2759),2016,5,12.00-12.59,2,8,0,0,0,0,0,1,0,429889.0404,7198909.2759
tieliikenne_2016.4269,4269,POINT (426421.0337 7226209.4215),2016,5,18.00-18.59,2,8,1,0,0,0,0,0,0,426421.0337,7226209.4215
tieliikenne_2016.4270,4270,POINT (442897.9426 7131799.4018),2016,5,14.00-14.59,2,8,1,0,0,0,0,0,0,442897.9426,7131799.4018
tieliikenne_2016.4271,4271,POINT (552414.6655 7133639.1052),2016,5,13.00-13.59,2,8,0,0,0,0,1,0,0,552414.6655,7133639.1052
tieliikenne_2016.4272,4272,POINT (429084.2214 7229841.7518),2016,5,15.00-15.59,1,1,0,1,0,1,0,0,0,429084.2214,7229841.7518
tieliikenne_2016.4273,4273,POINT (475674.9027 7236042.122),2016,5,08.00-08.59,2,8,1,0,0,0,0,0,0,475674.9027,7236042.122
tieliikenne_2016.4274,4274,POINT (495707.4768 7125502.7179),2016,5,20.00-20.59,3,8,1,0,0,0,0,0,0,495707.4768,7125502.7179
tieliikenne_2016.4275,4275,POINT (423920.8376 7229276.9464),2016,5,10.00-10.59,2,8,1,0,0,0,0,0,0,423920.8376,7229276.9464
tieliikenne_2016.4276,4276,POINT (429598.1674 7210143.2432),2016,5,16.00-16.59,2,0,4,0,0,0,0,0,0,429598.1674,7210143.2432
tieliikenne_2016.4277,4277,POINT (428854.7093 7210376.755),2016,5,17.00-17.59,2,4,1,0,0,1,0,0,0,428854.7093,7210376.755
tieliikenne_2016.4278,4278,POINT (439162.1449 7246687.8691),2016,5,14.00-14.59,2,4,1,1,0,0,0,0,0,439162.1449,7246687.8691
tieliikenne_2016.4279,4279,POINT (424311.9954 7244798.0809),2016,5,16.00-16.59,2,4,1,0,0,0,1,0,0,424311.9954,7244798.0809
tieliikenne_2016.4280,4280,POINT (427567.1466 7209765.1955),2016,5,19.00-19.59,2,0,1,0,0,0,1,0,0,427567.1466,7209765.1955
tieliikenne_2016.4281,4281,POINT (425436.882 7242895.2288),2016,5,19.00-19.59,3,8,0,0,0,0,0,1,0,425436.882,7242895.2288
tieliikenne_2016.4282,4282,POINT (431006.4101 7201155.6899),2016,5,12.00-12.59,3,8,0,0,0,0,1,0,0,431006.4101,7201155.6899
tieliikenne_2016.4283,4283,POINT (427047.2255 7208923.6589),2016,5,16.00-16.59,2,1,2,0,0,0,0,0,0,427047.2255,7208923.6589
tieliikenne_2016.4284,4284,POINT (430159.9275 7208577.6728),2016,5,14.00-14.59,2,7,0,0,1,0,1,0,0,430159.9275,7208577.6728
tieliikenne_2016.4285,4285,POINT (431471.2319 7209692.6001),2016,5,15.00-15.59,2,0,2,0,0,0,0,0,0,431471.2319,7209692.6001
tieliikenne_2016.4286,4286,POINT (445442.8052 7135081.0588),2016,5,10.00-10.59,3,5,1,1,0,0,0,0,0,445442.8052,7135081.0588
tieliikenne_2016.4287,4287,POINT (378317.9677 7088550.3119),2016,5,14.00-14.59,3,2,0,0,0,0,2,0,0,378317.9677,7088550.3119
tieliikenne_2016.4288,4288,POINT (431399.421 7213890.6395),2016,5,14.00-14.59,2,5,0,1,0,1,0,0,0,431399.421,7213890.6395
tieliikenne_2016.4289,4289,POINT (427535.2063 7212347.0659),2016,5,06.00-06.59,2,4,1,0,0,1,0,0,0,427535.2063,7212347.0659
tieliikenne_2016.4290,4290,POINT (392945.0157 7132890.9956),2016,5,02.00-02.59,2,8,0,0,0,0,0,0,1,392945.0157,7132890.9956
tieliikenne_2016.4291,4291,POINT (369742.7403 7118723.5953),2016,5,21.00-21.59,2,8,1,0,0,0,0,0,0,369742.7403,7118723.5953
tieliikenne_2016.4292,4292,POINT (617001.2804 7113941.8001),2016,5,09.00-09.59,2,1,1,0,0,0,0,0,1,617001.2804,7113941.8001
tieliikenne_2016.4293,4293,POINT (427597.6499 7210585.5779),2016,5,19.00-19.59,2,3,2,0,0,0,0,0,0,427597.6499,7210585.5779
tieliikenne_2016.4294,4294,POINT (372587.7112 7082509.4381),2016,5,09.00-09.59,2,0,2,0,0,0,0,0,0,372587.7112,7082509.4381
tieliikenne_2016.4295,4295,POINT (433687.5935 7214097.1311),2016,5,15.00-15.59,2,4,1,0,0,1,0,0,0,433687.5935,7214097.1311
tieliikenne_2016.4296,4296,POINT (564079.2576 7248347.1445),2016,5,21.00-21.59,2,8,1,0,0,0,0,0,0,564079.2576,7248347.1445
tieliikenne_2016.4297,4297,POINT (430338.6224 7208807.7172),2016,5,12.00-12.59,2,8,2,0,0,0,0,0,0,430338.6224,7208807.7172
tieliikenne_2016.4298,4298,POINT (505129.4582 7202006.7538),2016,5,00.00-00.59,2,8,1,0,0,0,0,0,0,505129.4582,7202006.7538
tieliikenne_2016.4299,4299,POINT (434879.3436 7215830.6658),2016,5,07.00-07.59,2,4,1,0,0,1,0,0,0,434879.3436,7215830.6658
tieliikenne_2016.4300,4300,POINT (428067.3175 7203404.7728),2016,6,16.00-16.59,2,0,2,0,0,0,0,0,0,428067.3175,7203404.7728
tieliikenne_2016.4301,4301,POINT (405545.201 7056050.3474),2016,6,17.00-17.59,3,1,1,0,0,0,1,0,0,405545.201,7056050.3474
tieliikenne_2016.4302,4302,POINT (428014.571 7213756.3835),2016,6,19.00-19.59,2,0,2,0,0,0,0,0,0,428014.571,7213756.3835
tieliikenne_2016.4303,4303,POINT (403064.6449 7125671.8066),2016,6,16.00-16.59,2,4,0,1,0,1,0,0,0,403064.6449,7125671.8066
tieliikenne_2016.4304,4304,POINT (426500.1286 7212664.6539),2016,6,19.00-19.59,2,8,0,0,0,0,0,1,0,426500.1286,7212664.6539
tieliikenne_2016.4305,4305,POINT (460566.8684 7191951.7694),2016,6,18.00-18.59,3,8,1,0,0,0,0,0,0,460566.8684,7191951.7694
tieliikenne_2016.4306,4306,POINT (408665.0399 7174698.95),2016,6,22.00-22.59,2,4,1,0,0,0,1,0,0,408665.0399,7174698.95
tieliikenne_2016.4307,4307,POINT (352265.6818 7130919.4855),2016,6,09.00-09.59,1,0,1,1,0,0,0,0,0,352265.6818,7130919.4855
tieliikenne_2016.4308,4308,POINT (424308.4781 7243832.7757),2016,6,17.00-17.59,2,4,1,0,0,0,1,0,0,424308.4781,7243832.7757
tieliikenne_2016.4309,4309,POINT (349354.3746 7128407.7572),2016,6,22.00-22.59,2,9,0,0,0,0,1,0,0,349354.3746,7128407.7572
tieliikenne_2016.4310,4310,POINT (428919.6911 7210347.4647),2016,6,00.00-00.59,2,4,1,0,0,1,0,0,0,428919.6911,7210347.4647
tieliikenne_2016.4311,4311,POINT (427305.9247 7209951.3168),2016,6,03.00-03.59,2,0,0,0,0,2,0,0,0,427305.9247,7209951.3168
tieliikenne_2016.4312,4312,POINT (532976.797 7121172.4264),2016,6,00.00-00.59,2,9,0,0,0,0,2,0,0,532976.797,7121172.4264
tieliikenne_2016.4313,4313,POINT (427871.6668 7214189.0603),2016,6,12.00-12.59,2,1,0,0,0,2,0,0,0,427871.6668,7214189.0603
tieliikenne_2016.4314,4314,POINT (427475.5217 7215472.9431),2016,6,17.00-17.59,2,5,1,0,0,0,0,1,0,427475.5217,7215472.9431
tieliikenne_2016.4315,4315,POINT (437634.0863 7122240.3156),2016,6,15.00-15.59,2,8,0,0,0,0,0,1,0,437634.0863,7122240.3156
tieliikenne_2016.4316,4316,POINT (536129.2263 7121226.3929),2016,6,14.00-14.59,2,4,1,0,0,1,0,0,0,536129.2263,7121226.3929
tieliikenne_2016.4317,4317,POINT (428445.6496 7210880.2055),2016,6,17.00-17.59,2,4,0,0,0,2,0,0,0,428445.6496,7210880.2055
tieliikenne_2016.4318,4318,POINT (622249 7113185),2016,6,16.00-16.59,2,7,1,0,1,0,0,0,0,622249,7113185
tieliikenne_2016.4319,4319,POINT (429638.3909 7209728.4781),2016,6,02.00-02.59,2,8,1,0,0,0,0,0,0,429638.3909,7209728.4781
tieliikenne_2016.4320,4320,POINT (558495.0178 7153268.7179),2016,6,18.00-18.59,2,3,1,0,0,1,0,0,0,558495.0178,7153268.7179
tieliikenne_2016.4321,4321,POINT (417872.1878 7114739.3634),2016,6,14.00-14.59,2,7,0,0,1,1,0,0,0,417872.1878,7114739.3634
tieliikenne_2016.4322,4322,POINT (416794.3067 7142957.1349),2016,6,23.00-23.59,2,8,1,0,0,0,0,0,0,416794.3067,7142957.1349
tieliikenne_2016.4323,4323,POINT (426336.5152 7189535.2739),2016,6,03.00-03.59,2,8,1,0,0,0,0,0,0,426336.5152,7189535.2739
tieliikenne_2016.4324,4324,POINT (433888.7361 7183030.1015),2016,6,05.00-05.59,3,8,1,0,0,0,0,0,0,433888.7361,7183030.1015
tieliikenne_2016.4325,4325,POINT (437693.658 7198868.7553),2016,6,06.00-06.59,2,8,1,0,0,0,0,0,0,437693.658,7198868.7553
tieliikenne_2016.4326,4326,POINT (416956.1326 7277194.3979),2016,6,22.00-22.59,2,8,0,0,0,0,1,0,0,416956.1326,7277194.3979
tieliikenne_2016.4327,4327,POINT (477826.4256 7170783.2239),2016,6,20.00-20.59,2,8,0,0,0,0,0,1,0,477826.4256,7170783.2239
tieliikenne_2016.4328,4328,POINT (445034.0166 7127758.5507),2016,6,15.00-15.59,2,5,1,0,0,1,0,0,0,445034.0166,7127758.5507
tieliikenne_2016.4329,4329,POINT (375660.7939 7167954.4382),2016,6,15.00-15.59,2,8,0,0,0,0,0,0,1,375660.7939,7167954.4382
tieliikenne_2016.4330,4330,POINT (443902.0805 7222126.2721),2016,6,10.00-10.59,2,4,1,0,0,1,0,0,0,443902.0805,7222126.2721
tieliikenne_2016.4331,4331,POINT (536754.0975 7122821.7831),2016,6,04.00-04.59,2,0,1,0,0,0,1,0,0,536754.0975,7122821.7831
tieliikenne_2016.4332,4332,POINT (419517.8975 7268397.1841),2016,6,20.00-20.59,2,5,0,1,0,0,0,2,0,419517.8975,7268397.1841
tieliikenne_2016.4333,4333,POINT (384312.5968 7176505.2827),2016,7,12.00-12.59,3,7,1,0,1,0,0,0,0,384312.5968,7176505.2827
tieliikenne_2016.4334,4334,POINT (431148.2157 7204982.1617),2016,7,14.00-14.59,2,3,2,0,0,0,0,0,0,431148.2157,7204982.1617
tieliikenne_2016.4335,4335,POINT (537327.7976 7122235.5529),2016,7,18.00-18.59,2,2,0,0,0,0,2,0,0,537327.7976,7122235.5529
tieliikenne_2016.4336,4336,POINT (472264.5312 7110647.4806),2016,7,19.00-19.59,1,2,1,1,0,0,0,0,0,472264.5312,7110647.4806
tieliikenne_2016.4337,4337,POINT (453363.7797 7186223.0765),2016,7,00.00-00.59,2,8,0,0,0,0,0,1,0,453363.7797,7186223.0765
tieliikenne_2016.4338,4338,POINT (424641.5074 7230199.5238),2016,7,22.00-22.59,2,0,0,0,0,0,2,0,0,424641.5074,7230199.5238
tieliikenne_2016.4339,4339,POINT (424496.8596 7243138.4532),2016,7,22.00-22.59,2,0,1,0,0,0,1,0,0,424496.8596,7243138.4532
tieliikenne_2016.4340,4340,POINT (428803.0431 7214261.9667),2016,7,04.00-04.59,3,8,1,0,0,0,0,0,0,428803.0431,7214261.9667
tieliikenne_2016.4341,4341,POINT (379912.2951 7176479.9587),2016,7,12.00-12.59,3,1,1,0,0,0,1,0,0,379912.2951,7176479.9587
tieliikenne_2016.4342,4342,POINT (451944.8512 7187536.2393),2016,7,21.00-21.59,2,8,0,0,0,0,0,1,0,451944.8512,7187536.2393
tieliikenne_2016.4343,4343,POINT (432480.456 7210725.1851),2016,7,17.00-17.59,2,0,3,0,0,0,0,0,0,432480.456,7210725.1851
tieliikenne_2016.4344,4344,POINT (428208.9555 7209191.5993),2016,7,18.00-18.59,2,5,1,0,0,2,0,0,0,428208.9555,7209191.5993
tieliikenne_2016.4345,4345,POINT (560507.3528 7153742.5685),2016,7,17.00-17.59,2,8,1,0,0,0,0,0,0,560507.3528,7153742.5685
tieliikenne_2016.4346,4346,POINT (439018.2368 7218444.2333),2016,7,20.00-20.59,2,9,0,0,0,0,1,0,0,439018.2368,7218444.2333
tieliikenne_2016.4347,4347,POINT (423026.4615 7223815.4916),2016,7,06.00-06.59,2,8,1,0,0,0,0,0,0,423026.4615,7223815.4916
tieliikenne_2016.4348,4348,POINT (535994.4792 7120745.0482),2016,7,13.00-13.59,2,8,0,0,0,0,0,1,0,535994.4792,7120745.0482
tieliikenne_2016.4349,4349,POINT (424580.1625 7121358.4657),2016,7,19.00-19.59,2,2,1,0,0,0,0,1,0,424580.1625,7121358.4657
tieliikenne_2016.4350,4350,POINT (427896.944 7211795.8711),2016,7,14.00-14.59,2,5,1,0,0,1,0,0,0,427896.944,7211795.8711
tieliikenne_2016.4351,4351,POINT (346877.6236 7128064.2844),2016,7,14.00-14.59,2,1,1,0,0,1,0,0,0,346877.6236,7128064.2844
tieliikenne_2016.4352,4352,POINT (430352.5365 7204332.7881),2016,7,15.00-15.59,2,4,1,0,0,1,0,0,0,430352.5365,7204332.7881
tieliikenne_2016.4353,4353,POINT (379638.4109 7173583.478),2016,7,20.00-20.59,2,4,1,0,0,0,1,0,0,379638.4109,7173583.478
tieliikenne_2016.4354,4354,POINT (427714.6442 7210758.2893),2016,7,08.00-08.59,2,0,2,0,0,0,0,0,0,427714.6442,7210758.2893
tieliikenne_2016.4355,4355,POINT (566983.6019 7112211.4889),2016,7,14.00-14.59,2,0,2,0,0,0,0,0,0,566983.6019,7112211.4889
tieliikenne_2016.4356,4356,POINT (492231.9611 7158399.79),2016,7,19.00-19.59,2,7,1,0,1,0,0,0,0,492231.9611,7158399.79
tieliikenne_2016.4357,4357,POINT (535544.4649 7125125.3598),2016,7,03.00-03.59,1,8,1,0,0,0,0,0,0,535544.4649,7125125.3598
tieliikenne_2016.4358,4358,POINT (429269.4873 7245478.1462),2016,7,11.00-11.59,2,3,1,0,0,0,0,1,0,429269.4873,7245478.1462
tieliikenne_2016.4359,4359,POINT (380641.3192 7175779.766),2016,7,16.00-16.59,2,4,1,0,0,0,0,1,0,380641.3192,7175779.766
tieliikenne_2016.4360,4360,POINT (522085.2487 7105449.9404),2016,7,15.00-15.59,2,0,1,1,0,0,0,0,0,522085.2487,7105449.9404
tieliikenne_2016.4361,4361,POINT (428790.7929 7208274.5071),2016,7,16.00-16.59,2,4,1,0,0,1,0,0,0,428790.7929,7208274.5071
tieliikenne_2016.4362,4362,POINT (408691.0762 7108815.2389),2016,7,19.00-19.59,2,8,1,0,0,0,0,0,0,408691.0762,7108815.2389
tieliikenne_2016.4363,4363,POINT (575399.7843 7099366.0237),2016,7,11.00-11.59,2,8,1,0,0,0,0,0,0,575399.7843,7099366.0237
tieliikenne_2016.4364,4364,POINT (381810.9125 7088518.9459),2016,7,15.00-15.59,2,8,0,0,0,0,0,0,1,381810.9125,7088518.9459
tieliikenne_2016.4365,4365,POINT (429019.4256 7194074.4403),2016,7,13.00-13.59,2,4,2,0,0,0,0,0,0,429019.4256,7194074.4403
tieliikenne_2016.4366,4366,POINT (566247.5136 7112388.8933),2016,7,12.00-12.59,2,7,0,0,1,1,0,0,0,566247.5136,7112388.8933
tieliikenne_2016.4367,4367,POINT (434332.7633 7227426.6365),2016,7,12.00-12.59,2,0,0,0,0,2,0,0,0,434332.7633,7227426.6365
tieliikenne_2016.4368,4368,POINT (430161.266 7204915.4307),2016,7,00.00-00.59,2,8,1,0,0,0,0,0,0,430161.266,7204915.4307
tieliikenne_2016.4369,4369,POINT (422985.5315 7224177.6026),2016,7,18.00-18.59,2,5,1,0,0,0,0,1,0,422985.5315,7224177.6026
tieliikenne_2016.4370,4370,POINT (404392.5712 7059852.4005),2016,7,05.00-05.59,3,8,1,0,0,0,0,0,0,404392.5712,7059852.4005
tieliikenne_2016.4371,4371,POINT (441983.8129 7118705.0115),2016,7,13.00-13.59,1,1,0,0,0,0,0,1,1,441983.8129,7118705.0115
tieliikenne_2016.4372,4372,POINT (428651.4589 7210256.247),2016,8,16.00-16.59,2,9,1,0,0,1,0,0,0,428651.4589,7210256.247
tieliikenne_2016.4373,4373,POINT (348674.899 7128505.673),2016,8,17.00-17.59,2,2,1,0,0,0,1,0,0,348674.899,7128505.673
tieliikenne_2016.4374,4374,POINT (407265.2629 7082880.3281),2016,8,19.00-19.59,2,1,1,0,0,0,0,0,1,407265.2629,7082880.3281
tieliikenne_2016.4375,4375,POINT (514502.5487 7109447.6286),2016,8,11.00-11.59,2,9,2,0,0,0,0,0,0,514502.5487,7109447.6286
tieliikenne_2016.4376,4376,POINT (427415.9496 7210129.264),2016,8,13.00-13.59,2,4,1,0,0,1,0,0,0,427415.9496,7210129.264
tieliikenne_2016.4377,4377,POINT (401075.8957 7089948.6522),2016,8,11.00-11.59,2,4,1,0,0,0,1,0,0,401075.8957,7089948.6522
tieliikenne_2016.4378,4378,POINT (424450.8512 7246289.02),2016,8,20.00-20.59,2,4,1,0,0,0,1,0,0,424450.8512,7246289.02
tieliikenne_2016.4379,4379,POINT (427460.2072 7203173.4461),2016,8,06.00-06.59,3,2,1,1,0,0,0,0,0,427460.2072,7203173.4461
tieliikenne_2016.4380,4380,POINT (414620.6058 7076732.1949),2016,8,10.00-10.59,1,4,0,0,0,0,0,0,2,414620.6058,7076732.1949
tieliikenne_2016.4381,4381,POINT (569927.4508 7287895.0808),2016,8,17.00-17.59,2,8,1,0,0,0,0,0,0,569927.4508,7287895.0808
tieliikenne_2016.4382,4382,POINT (443588.4478 7246611.713),2016,8,23.00-23.59,2,8,0,0,0,0,1,0,0,443588.4478,7246611.713
tieliikenne_2016.4383,4383,POINT (453858.1976 7187159.4372),2016,8,15.00-15.59,3,1,2,0,0,0,0,0,0,453858.1976,7187159.4372
tieliikenne_2016.4384,4384,POINT (452492.9196 7060789.2691),2016,8,04.00-04.59,2,4,1,0,0,0,0,0,1,452492.9196,7060789.2691
tieliikenne_2016.4385,4385,POINT (450799.8319 7061776.2644),2016,8,08.00-08.59,2,4,1,0,0,0,0,0,1,450799.8319,7061776.2644
tieliikenne_2016.4386,4386,POINT (594604.7808 7257788.8921),2016,8,17.00-17.59,2,0,2,0,0,0,0,0,0,594604.7808,7257788.8921
tieliikenne_2016.4387,4387,POINT (435569.0315 7192214.4468),2016,8,17.00-17.59,2,0,2,0,0,0,0,0,0,435569.0315,7192214.4468
tieliikenne_2016.4388,4388,POINT (337369.0295 7110704.1816),2016,8,09.00-09.59,2,8,2,0,0,0,0,0,0,337369.0295,7110704.1816
tieliikenne_2016.4389,4389,POINT (490129.5915 7194708.3621),2016,8,13.00-13.59,3,8,0,0,0,0,0,1,0,490129.5915,7194708.3621
tieliikenne_2016.4390,4390,POINT (428984.1374 7205703.4339),2016,8,15.00-15.59,2,0,1,0,0,0,1,0,0,428984.1374,7205703.4339
tieliikenne_2016.4391,4391,POINT (414971.4586 7164826.2396),2016,8,16.00-16.59,3,3,1,0,0,1,0,0,0,414971.4586,7164826.2396
tieliikenne_2016.4392,4392,POINT (428450.2156 7210137.1446),2016,8,14.00-14.59,2,4,2,0,0,0,0,0,0,428450.2156,7210137.1446
tieliikenne_2016.4393,4393,POINT (440841.9186 7222077.1626),2016,8,12.00-12.59,2,1,2,0,0,0,0,0,0,440841.9186,7222077.1626
tieliikenne_2016.4394,4394,POINT (560223.9135 7127305.5324),2016,8,17.00-17.59,2,2,2,0,0,0,0,0,0,560223.9135,7127305.5324
tieliikenne_2016.4395,4395,POINT (492389.7253 7159426.8155),2016,8,10.00-10.59,2,5,1,0,0,1,0,0,0,492389.7253,7159426.8155
tieliikenne_2016.4396,4396,POINT (430021.3879 7204706.6394),2016,8,18.00-18.59,2,8,1,0,0,0,0,0,0,430021.3879,7204706.6394
tieliikenne_2016.4397,4397,POINT (534794.9931 7121367.0884),2016,8,08.00-08.59,2,5,0,0,0,1,1,0,0,534794.9931,7121367.0884
tieliikenne_2016.4398,4398,POINT (427890.9488 7211962.8319),2016,8,10.00-10.59,2,1,1,0,0,1,0,0,0,427890.9488,7211962.8319
tieliikenne_2016.4399,4399,POINT (430716.6718 7212639.1813),2016,8,16.00-16.59,2,0,4,0,0,0,0,0,0,430716.6718,7212639.1813
tieliikenne_2016.4400,4400,POINT (431239.3442 7212109.3298),2016,8,17.00-17.59,2,0,3,0,0,0,0,0,0,431239.3442,7212109.3298
tieliikenne_2016.4401,4401,POINT (488196.2477 7193411.3617),2016,8,01.00-01.59,1,8,1,0,0,0,0,0,0,488196.2477,7193411.3617
tieliikenne_2016.4402,4402,POINT (429929.2328 7204715.9414),2016,8,22.00-22.59,2,0,2,0,0,0,0,0,0,429929.2328,7204715.9414
tieliikenne_2016.4403,4403,POINT (432817.9914 7210192.1627),2016,8,07.00-07.59,2,0,4,0,0,0,0,0,0,432817.9914,7210192.1627
tieliikenne_2016.4404,4404,POINT (426442.8986 7183118.6819),2016,8,14.00-14.59,3,8,0,0,0,0,0,0,1,426442.8986,7183118.6819
tieliikenne_2016.4405,4405,POINT (380446.8645 7176292.8817),2016,8,12.00-12.59,3,4,1,0,0,0,1,0,0,380446.8645,7176292.8817
tieliikenne_2016.4406,4406,POINT (541463.6242 7127403.5237),2016,8,07.00-07.59,2,4,1,0,0,0,1,0,0,541463.6242,7127403.5237
tieliikenne_2016.4407,4407,POINT (427432.4262 7210334.1777),2016,8,15.00-15.59,2,0,3,0,0,0,0,0,0,427432.4262,7210334.1777
tieliikenne_2016.4408,4408,POINT (435949.05 7243176.278),2016,8,19.00-19.59,2,1,0,0,0,1,1,0,0,435949.05,7243176.278
tieliikenne_2016.4409,4409,POINT (626591.475 7115712.5263),2016,8,21.00-21.59,2,8,1,0,0,0,0,0,0,626591.475,7115712.5263
tieliikenne_2016.4410,4410,POINT (416816.4934 7070794.068),2016,9,22.00-22.59,2,5,2,0,0,0,0,0,0,416816.4934,7070794.068
tieliikenne_2016.4411,4411,POINT (426529.2348 7212636.241),2016,9,14.00-14.59,2,2,1,0,0,0,0,1,0,426529.2348,7212636.241
tieliikenne_2016.4412,4412,POINT (424064.2345 7244855.3133),2016,9,18.00-18.59,2,8,1,0,0,0,0,0,0,424064.2345,7244855.3133
tieliikenne_2016.4413,4413,POINT (438525.0562 7218569.0352),2016,9,04.00-04.59,2,8,0,0,0,0,1,0,0,438525.0562,7218569.0352
tieliikenne_2016.4414,4414,POINT (436610.5324 7158895.6266),2016,9,22.00-22.59,1,2,1,1,0,0,0,0,0,436610.5324,7158895.6266
tieliikenne_2016.4415,4415,POINT (420613.439 7251328.286),2016,9,09.00-09.59,2,8,1,0,0,0,0,0,0,420613.439,7251328.286
tieliikenne_2016.4416,4416,POINT (568080.287 7112851.8024),2016,9,12.00-12.59,2,5,1,0,0,1,0,0,0,568080.287,7112851.8024
tieliikenne_2016.4417,4417,POINT (429174.6992 7199499.1621),2016,9,07.00-07.59,2,4,1,0,0,1,0,0,0,429174.6992,7199499.1621
tieliikenne_2016.4418,4418,POINT (440072.0482 7095772.9092),2016,9,19.00-19.59,2,8,0,0,0,0,1,0,0,440072.0482,7095772.9092
tieliikenne_2016.4419,4419,POINT (428358.5886 7210570.3008),2016,9,16.00-16.59,2,4,1,0,0,1,0,0,0,428358.5886,7210570.3008
tieliikenne_2016.4420,4420,POINT (396850.7471 7094042.7053),2016,9,17.00-17.59,1,8,0,0,0,0,0,0,1,396850.7471,7094042.7053
tieliikenne_2016.4421,4421,POINT (514431.7424 7153138.4726),2016,9,18.00-18.59,2,8,0,1,0,0,0,0,0,514431.7424,7153138.4726
tieliikenne_2016.4422,4422,POINT (389538.6164 7099526.3852),2016,9,02.00-02.59,2,8,1,0,0,0,0,0,0,389538.6164,7099526.3852
tieliikenne_2016.4423,4423,POINT (444065.5898 7230648.2411),2016,9,00.00-00.59,1,8,1,0,0,0,0,0,0,444065.5898,7230648.2411
tieliikenne_2016.4424,4424,POINT (429826.6184 7196196.5617),2016,9,09.00-09.59,3,8,1,0,0,0,0,0,0,429826.6184,7196196.5617
tieliikenne_2016.4425,4425,POINT (493712.5837 7128050.384),2016,9,22.00-22.59,2,8,1,0,0,0,0,0,0,493712.5837,7128050.384
tieliikenne_2016.4426,4426,POINT (422662.3791 7228871.8074),2016,9,15.00-15.59,2,1,1,0,0,0,1,0,0,422662.3791,7228871.8074
tieliikenne_2016.4427,4427,POINT (427997.2874 7199468.5712),2016,9,18.00-18.59,2,4,1,0,0,1,0,0,0,427997.2874,7199468.5712
tieliikenne_2016.4428,4428,POINT (431196.5657 7204864.8457),2016,9,22.00-22.59,2,2,0,0,0,2,0,0,0,431196.5657,7204864.8457
tieliikenne_2016.4429,4429,POINT (429613.0095 7210617.807),2016,9,18.00-18.59,1,9,0,0,1,0,0,1,0,429613.0095,7210617.807
tieliikenne_2016.4430,4430,POINT (428018.1772 7207705.2206),2016,9,12.00-12.59,3,4,1,0,0,1,0,0,0,428018.1772,7207705.2206
tieliikenne_2016.4431,4431,POINT (434188.4318 7214956.9009),2016,9,15.00-15.59,2,4,1,0,0,1,0,0,0,434188.4318,7214956.9009
tieliikenne_2016.4432,4432,POINT (571355.331 7173199.63),2016,9,12.00-12.59,2,1,0,1,0,1,0,0,0,571355.331,7173199.63
tieliikenne_2016.4433,4433,POINT (551999.5892 7134219.417),2016,9,12.00-12.59,2,0,0,2,0,0,0,0,0,551999.5892,7134219.417
tieliikenne_2016.4434,4434,POINT (538571.5922 7154605.7948),2016,9,15.00-15.59,2,0,2,0,0,0,0,0,0,538571.5922,7154605.7948
tieliikenne_2016.4435,4435,POINT (622411.3397 7113258.4344),2016,9,17.00-17.59,2,4,1,0,0,0,1,0,0,622411.3397,7113258.4344
tieliikenne_2016.4436,4436,POINT (378885.7068 7174693.3742),2016,9,09.00-09.59,2,8,1,0,0,0,0,0,0,378885.7068,7174693.3742
tieliikenne_2016.4437,4437,POINT (348993.8199 7112730.3059),2016,9,19.00-19.59,2,8,1,0,0,0,0,0,0,348993.8199,7112730.3059
tieliikenne_2016.4438,4438,POINT (438716.4985 7222436.4488),2016,9,00.00-00.59,2,8,1,0,0,0,0,0,0,438716.4985,7222436.4488
tieliikenne_2016.4439,4439,POINT (534810.6723 7120778.6913),2016,9,17.00-17.59,2,3,1,0,0,0,1,0,0,534810.6723,7120778.6913
tieliikenne_2016.4440,4440,POINT (375609.1246 7164614.7589),2016,9,07.00-07.59,2,8,1,0,0,0,0,0,0,375609.1246,7164614.7589
tieliikenne_2016.4441,4441,POINT (374336.8474 7093569.0736),2016,9,19.00-19.59,2,8,1,0,0,0,0,0,0,374336.8474,7093569.0736
tieliikenne_2016.4442,4442,POINT (426300.6131 7219205.8731),2016,9,03.00-03.59,3,8,0,0,0,0,0,1,0,426300.6131,7219205.8731
tieliikenne_2016.4443,4443,POINT (422664.6443 7228889.0175),2016,9,15.00-15.59,2,9,1,0,1,0,0,0,0,422664.6443,7228889.0175
tieliikenne_2016.4444,4444,POINT (380105.6486 7108569.3334),2016,9,06.00-06.59,2,4,1,0,0,1,0,0,0,380105.6486,7108569.3334
tieliikenne_2016.4445,4445,POINT (429876.4679 7209057.5937),2016,9,06.00-06.59,2,1,1,0,0,1,0,0,0,429876.4679,7209057.5937
tieliikenne_2016.4446,4446,POINT (441061.8899 7222271.9915),2016,9,08.00-08.59,2,8,1,0,0,0,0,0,0,441061.8899,7222271.9915
tieliikenne_2016.4447,4447,POINT (535492.4158 7121335.6538),2016,9,18.00-18.59,2,5,2,0,0,0,0,0,0,535492.4158,7121335.6538
tieliikenne_2016.4448,4448,POINT (535632.8755 7129661.5742),2016,9,21.00-21.59,2,8,1,0,0,0,0,0,0,535632.8755,7129661.5742
tieliikenne_2016.4449,4449,POINT (379054.7074 7107919.9758),2016,9,08.00-08.59,2,4,1,0,0,1,0,0,0,379054.7074,7107919.9758
tieliikenne_2016.4450,4450,POINT (428534.3355 7208986.2681),2016,9,14.00-14.59,2,4,1,0,0,1,0,0,0,428534.3355,7208986.2681
tieliikenne_2016.4451,4451,POINT (428115.967 7215553.098),2016,9,15.00-15.59,3,4,1,0,0,1,0,0,0,428115.967,7215553.098
tieliikenne_2016.4452,4452,POINT (428493.6709 7209736.2011),2016,9,18.00-18.59,2,5,1,0,0,0,1,0,0,428493.6709,7209736.2011
tieliikenne_2016.4453,4453,POINT (598183 7316711),2016,9,12.00-12.59,2,4,1,0,0,1,0,0,0,598183,7316711
tieliikenne_2016.4454,4454,POINT (430667.0725 7211024.2152),2016,9,15.00-15.59,2,4,0,0,0,2,0,0,0,430667.0725,7211024.2152
tieliikenne_2016.4455,4455,POINT (428313.9659 7210903.4575),2016,9,14.00-14.59,2,5,1,0,0,1,0,0,0,428313.9659,7210903.4575
tieliikenne_2016.4456,4456,POINT (401661.4824 7058009.318),2016,10,05.00-05.59,2,8,1,0,0,0,0,0,0,401661.4824,7058009.318
tieliikenne_2016.4457,4457,POINT (426264.7504 7222454.3344),2016,10,05.00-05.59,2,2,2,0,0,0,0,0,0,426264.7504,7222454.3344
tieliikenne_2016.4458,4458,POINT (581282.3757 7165863.4356),2016,10,07.00-07.59,1,0,1,0,0,0,0,0,1,581282.3757,7165863.4356
tieliikenne_2016.4459,4459,POINT (429635.3182 7210365.4148),2016,10,15.00-15.59,2,0,2,1,0,0,0,0,0,429635.3182,7210365.4148
tieliikenne_2016.4460,4460,POINT (622565.1966 7112853.6106),2016,10,16.00-16.59,2,1,2,0,0,0,0,0,0,622565.1966,7112853.6106
tieliikenne_2016.4461,4461,POINT (429955.4856 7209101.6451),2016,10,18.00-18.59,2,7,0,0,1,1,0,0,0,429955.4856,7209101.6451
tieliikenne_2016.4462,4462,POINT (556586.2686 7272355.3256),2016,10,14.00-14.59,2,1,1,0,0,1,0,0,0,556586.2686,7272355.3256
tieliikenne_2016.4463,4463,POINT (535552.9212 7121913.391),2016,10,12.00-12.59,2,5,1,0,0,0,1,0,0,535552.9212,7121913.391
tieliikenne_2016.4464,4464,POINT (452685.2777 7041454.6955),2016,10,14.00-14.59,2,8,1,0,0,0,0,0,0,452685.2777,7041454.6955
tieliikenne_2016.4465,4465,POINT (385094.1033 7104265.4604),2016,10,15.00-15.59,2,4,1,0,0,1,0,0,0,385094.1033,7104265.4604
tieliikenne_2016.4466,4466,POINT (424266 7241930),2016,10,18.00-18.59,2,5,1,0,0,0,1,0,0,424266,7241930
tieliikenne_2016.4467,4467,POINT (435811.8006 7216250.7464),2016,10,06.00-06.59,2,1,1,0,0,1,0,0,0,435811.8006,7216250.7464
tieliikenne_2016.4468,4468,POINT (446392.7288 7194351.8257),2016,10,20.00-20.59,2,0,2,0,0,0,0,0,0,446392.7288,7194351.8257
tieliikenne_2016.4469,4469,POINT (427488.8116 7215547.1335),2016,10,23.00-23.59,2,8,1,0,0,0,0,0,0,427488.8116,7215547.1335
tieliikenne_2016.4470,4470,POINT (430936.6938 7198478.1493),2016,10,12.00-12.59,2,4,2,0,0,0,0,0,0,430936.6938,7198478.1493
tieliikenne_2016.4471,4471,POINT (383962.6505 7176312.5572),2016,10,13.00-13.59,2,0,1,0,0,0,1,0,0,383962.6505,7176312.5572
tieliikenne_2016.4472,4472,POINT (535381.8938 7121821.7754),2016,10,13.00-13.59,2,2,2,0,0,0,0,0,0,535381.8938,7121821.7754
tieliikenne_2016.4473,4473,POINT (439164.8557 7219374.6627),2016,10,22.00-22.59,2,8,1,0,0,0,0,0,0,439164.8557,7219374.6627
tieliikenne_2016.4474,4474,POINT (441260.8328 7103891.0771),2016,10,14.00-14.59,2,2,2,0,0,0,0,0,0,441260.8328,7103891.0771
tieliikenne_2016.4475,4475,POINT (494278.0456 7126930.7135),2016,10,16.00-16.59,2,0,1,0,0,0,1,0,0,494278.0456,7126930.7135
tieliikenne_2016.4476,4476,POINT (427276.6733 7193721.7353),2016,10,11.00-11.59,2,1,1,0,0,0,1,0,0,427276.6733,7193721.7353
tieliikenne_2016.4477,4477,POINT (459630.0798 7131623.267),2016,10,17.00-17.59,3,4,1,0,0,0,0,0,1,459630.0798,7131623.267
tieliikenne_2016.4478,4478,POINT (427810.5882 7211641.9595),2016,10,16.00-16.59,3,2,1,0,0,1,0,0,0,427810.5882,7211641.9595
tieliikenne_2016.4479,4479,POINT (352658.5589 7129419.0582),2016,10,15.00-15.59,2,4,1,0,0,1,0,0,0,352658.5589,7129419.0582
tieliikenne_2016.4480,4480,POINT (425758.4933 7202625.8177),2016,10,17.00-17.59,2,1,1,0,0,0,1,0,0,425758.4933,7202625.8177
tieliikenne_2016.4481,4481,POINT (589146.5148 7197636.8951),2016,10,13.00-13.59,2,7,1,0,1,0,0,0,0,589146.5148,7197636.8951
tieliikenne_2016.4482,4482,POINT (478774.6835 7238338.1588),2016,10,00.00-00.59,3,8,1,0,0,0,0,0,0,478774.6835,7238338.1588
tieliikenne_2016.4483,4483,POINT (449347.4609 7061971.9682),2016,10,15.00-15.59,2,4,1,0,0,1,0,0,0,449347.4609,7061971.9682
tieliikenne_2016.4484,4484,POINT (427312.9181 7209558.7524),2016,11,06.00-06.59,2,4,1,0,0,0,1,0,0,427312.9181,7209558.7524
tieliikenne_2016.4485,4485,POINT (539898.2557 7142341.6253),2016,11,20.00-20.59,2,8,1,0,0,0,0,0,0,539898.2557,7142341.6253
tieliikenne_2016.4486,4486,POINT (535384.2372 7122036.7078),2016,11,10.00-10.59,2,6,1,0,1,0,0,0,0,535384.2372,7122036.7078
tieliikenne_2016.4487,4487,POINT (598627.5951 7317466.8413),2016,11,17.00-17.59,2,1,2,0,0,0,0,0,0,598627.5951,7317466.8413
tieliikenne_2016.4488,4488,POINT (430428.1967 7203894.5193),2016,11,16.00-16.59,2,8,1,0,0,0,0,0,0,430428.1967,7203894.5193
tieliikenne_2016.4489,4489,POINT (409474.2639 7189343.0059),2016,11,01.00-01.59,2,8,1,0,0,0,0,0,0,409474.2639,7189343.0059
tieliikenne_2016.4490,4490,POINT (591971.8289 7329331.993),2016,11,12.00-12.59,3,2,2,0,0,0,0,0,0,591971.8289,7329331.993
tieliikenne_2016.4491,4491,POINT (427704.3384 7209199.7885),2016,11,10.00-10.59,2,4,1,0,0,1,0,0,0,427704.3384,7209199.7885
tieliikenne_2016.4492,4492,POINT (421737.5169 7222471.524),2016,11,20.00-20.59,2,8,1,0,0,0,0,0,0,421737.5169,7222471.524
tieliikenne_2016.4493,4493,POINT (539794.5874 7125946.6952),2016,11,03.00-03.59,2,8,1,0,0,0,0,0,0,539794.5874,7125946.6952
tieliikenne_2016.4494,4494,POINT (375546.0302 7164220.5381),2016,11,04.00-04.59,2,8,1,0,0,0,0,0,0,375546.0302,7164220.5381
tieliikenne_2016.4495,4495,POINT (501657.7023 7162023.5708),2016,11,15.00-15.59,2,4,1,0,0,0,0,0,1,501657.7023,7162023.5708
tieliikenne_2016.4496,4496,POINT (475102.6819 7170838.5529),2016,11,23.00-23.59,2,8,1,0,0,0,0,0,0,475102.6819,7170838.5529
tieliikenne_2016.4497,4497,POINT (425101.1598 7219400.6252),2016,10,16.00-16.59,2,2,1,0,0,1,0,0,0,425101.1598,7219400.6252
tieliikenne_2016.4498,4498,POINT (400846.034 7089701.3139),2016,11,14.00-14.59,2,4,1,0,0,1,0,0,0,400846.034,7089701.3139
tieliikenne_2016.4499,4499,POINT (537212.3696 7121875.9778),2016,11,08.00-08.59,2,2,2,0,0,0,0,0,0,537212.3696,7121875.9778
tieliikenne_2016.4500,4500,POINT (601145.2769 7186777.1029),2016,11,11.00-11.59,2,8,1,0,0,0,0,0,0,601145.2769,7186777.1029
tieliikenne_2016.4501,4501,POINT (378855.5861 7174641.6313),2016,11,15.00-15.59,2,8,1,0,0,0,0,0,0,378855.5861,7174641.6313
tieliikenne_2016.4502,4502,POINT (430744.9683 7211146.3999),2016,11,16.00-16.59,2,0,2,0,0,0,0,0,0,430744.9683,7211146.3999
tieliikenne_2016.4503,4503,POINT (423252.6818 7236672.9242),2016,11,21.00-21.59,1,8,0,0,0,0,0,0,1,423252.6818,7236672.9242
tieliikenne_2016.4504,4504,POINT (520138.5238 7143545.2676),2016,11,04.00-04.59,2,8,1,0,0,0,0,0,0,520138.5238,7143545.2676
tieliikenne_2016.4505,4505,POINT (422730.2251 7223808.2776),2016,11,09.00-09.59,2,4,1,0,0,1,0,0,0,422730.2251,7223808.2776
tieliikenne_2016.4506,4506,POINT (409855.0549 7194633.6721),2016,11,22.00-22.59,2,8,1,0,0,0,0,0,0,409855.0549,7194633.6721
tieliikenne_2016.4507,4507,POINT (596420.68 7340133.7104),2016,11,16.00-16.59,2,7,1,0,1,0,0,0,0,596420.68,7340133.7104
tieliikenne_2016.4508,4508,POINT (440370.2951 7056960.2137),2016,11,02.00-02.59,2,8,1,0,0,0,0,0,0,440370.2951,7056960.2137
tieliikenne_2016.4509,4509,POINT (615025.0863 7130488.8156),2016,11,16.00-16.59,2,8,1,0,0,0,0,0,0,615025.0863,7130488.8156
tieliikenne_2016.4510,4510,POINT (453074.1324 7054320.2646),2016,11,15.00-15.59,1,7,1,0,1,0,0,0,0,453074.1324,7054320.2646
tieliikenne_2016.4511,4511,POINT (534113.887 7121565.526),2016,11,16.00-16.59,3,7,1,0,1,0,0,0,0,534113.887,7121565.526
tieliikenne_2016.4512,4512,POINT (554489.6216 7099736.0033),2016,11,15.00-15.59,2,2,2,0,0,0,0,0,0,554489.6216,7099736.0033
tieliikenne_2016.4513,4513,POINT (439996.0438 7100390.9051),2016,11,20.00-20.59,2,8,1,0,0,0,0,0,0,439996.0438,7100390.9051
tieliikenne_2016.4514,4514,POINT (570475.9731 7166150.6463),2016,11,21.00-21.59,2,8,1,0,0,0,0,0,0,570475.9731,7166150.6463
tieliikenne_2016.4515,4515,POINT (441557.9608 7112945.1209),2016,11,11.00-11.59,2,8,1,0,0,0,0,0,0,441557.9608,7112945.1209
tieliikenne_2016.4516,4516,POINT (437824.897 7214014.2095),2016,11,18.00-18.59,1,8,1,0,0,0,0,0,0,437824.897,7214014.2095
tieliikenne_2016.4517,4517,POINT (376540.3075 7168026.6182),2016,11,05.00-05.59,3,2,2,0,0,0,0,0,0,376540.3075,7168026.6182
tieliikenne_2016.4518,4518,POINT (427860.3784 7211967.3429),2016,11,12.00-12.59,2,1,2,0,0,0,0,0,0,427860.3784,7211967.3429
tieliikenne_2016.4519,4519,POINT (401669.9745 7089291.8154),2016,12,06.00-06.59,2,2,2,0,0,0,0,0,0,401669.9745,7089291.8154
tieliikenne_2016.4520,4520,POINT (432628.4445 7206838.2515),2016,12,07.00-07.59,2,0,5,0,0,0,0,0,0,432628.4445,7206838.2515
tieliikenne_2016.4521,4521,POINT (428315.5856 7212976.9842),2016,12,13.00-13.59,2,4,1,0,0,1,0,0,0,428315.5856,7212976.9842
tieliikenne_2016.4522,4522,POINT (363834.4215 7125141.9435),2016,12,00.00-00.59,2,8,1,0,0,0,0,0,0,363834.4215,7125141.9435
tieliikenne_2016.4523,4523,POINT (432363.6195 7202952.0338),2016,12,18.00-18.59,2,4,1,0,0,1,0,0,0,432363.6195,7202952.0338
tieliikenne_2016.4524,4524,POINT (429662.0745 7201975.907),2016,12,21.00-21.59,3,4,3,0,0,0,0,0,0,429662.0745,7201975.907
tieliikenne_2016.4525,4525,POINT (427892.0527 7212052.3004),2016,12,22.00-22.59,2,4,1,0,0,1,0,0,0,427892.0527,7212052.3004
tieliikenne_2016.4526,4526,POINT (380636.9289 7175779.167),2016,12,16.00-16.59,2,5,1,0,0,0,1,0,0,380636.9289,7175779.167
tieliikenne_2016.4527,4527,POINT (417219.8538 7070102.6147),2016,12,16.00-16.59,2,4,1,0,0,1,0,0,0,417219.8538,7070102.6147
tieliikenne_2016.4528,4528,POINT (426228.8978 7228919.1567),2016,12,16.00-16.59,2,2,1,1,0,0,0,0,0,426228.8978,7228919.1567
tieliikenne_2016.4529,4529,POINT (378199.6281 7173242.7152),2016,12,08.00-08.59,2,4,1,0,0,1,0,0,0,378199.6281,7173242.7152
tieliikenne_2016.4530,4530,POINT (622558.285 7113618.9944),2016,12,10.00-10.59,2,6,1,0,1,0,0,0,0,622558.285,7113618.9944
tieliikenne_2016.4531,4531,POINT (552640.6826 7133890.134),2016,12,16.00-16.59,2,7,1,0,1,0,0,0,0,552640.6826,7133890.134
tieliikenne_2016.4532,4532,POINT (431235.6605 7212111.6496),2016,12,16.00-16.59,2,0,2,1,0,0,0,0,0,431235.6605,7212111.6496
tieliikenne_2016.4533,4533,POINT (394598.0239 7128656.9398),2016,12,16.00-16.59,2,1,1,0,0,1,0,0,0,394598.0239,7128656.9398
tieliikenne_2016.4534,4534,POINT (431001.1824 7208268.9402),2016,12,07.00-07.59,2,4,4,0,0,0,0,0,0,431001.1824,7208268.9402
tieliikenne_2016.4535,4535,POINT (429910.4873 7205049.5588),2016,12,22.00-22.59,3,8,1,0,0,0,0,0,0,429910.4873,7205049.5588
tieliikenne_2016.4536,4536,POINT (443856.0355 7123568.0197),2016,12,17.00-17.59,1,2,2,0,0,0,0,0,0,443856.0355,7123568.0197
tieliikenne_2016.4537,4537,POINT (476058.27 7236347.9105),2016,12,08.00-08.59,2,8,1,0,0,0,0,0,0,476058.27,7236347.9105
tieliikenne_2016.4538,4538,POINT (449018.7295 7063774.8531),2016,12,10.00-10.59,3,8,1,0,0,0,0,0,0,449018.7295,7063774.8531
tieliikenne_2016.4539,4539,POINT (528850.4306 7200141.3434),2016,12,13.00-13.59,2,2,1,1,0,0,0,0,0,528850.4306,7200141.3434
tieliikenne_2016.4540,4540,POINT (431296.3766 7205126.2251),2016,12,18.00-18.59,2,3,2,0,0,0,0,0,0,431296.3766,7205126.2251
tieliikenne_2016.4541,4541,POINT (377991.853 7088877.118),2016,12,13.00-13.59,2,4,2,0,0,0,0,0,0,377991.853,7088877.118
tieliikenne_2016.4542,4542,POINT (591141.3747 7190147.7608),2016,12,08.00-08.59,2,2,2,0,0,0,0,0,0,591141.3747,7190147.7608
tieliikenne_2016.4543,4543,POINT (428265.599 7209567.207),2016,12,12.00-12.59,2,5,2,0,0,0,0,0,0,428265.599,7209567.207
tieliikenne_2016.4544,4544,POINT (537084.6013 7120006.8507),2016,12,16.00-16.59,2,6,1,0,1,0,0,0,0,537084.6013,7120006.8507
tieliikenne_2016.4545,4545,POINT (446731.5591 7074430.4382),2016,12,02.00-02.59,1,0,0,1,0,1,0,0,0,446731.5591,7074430.4382
tieliikenne_2016.4546,4546,POINT (568036.797 7087853.0576),2016,12,18.00-18.59,2,2,2,0,0,0,0,0,0,568036.797,7087853.0576
tieliikenne_2016.4547,4547,POINT (417778.8758 7435840.582),2016,1,20.00-20.59,2,9,1,0,0,0,0,0,0,417778.8758,7435840.582
tieliikenne_2016.4548,4548,POINT (469881.203 7324000.8964),2016,1,15.00-15.59,1,2,1,1,0,0,0,0,0,469881.203,7324000.8964
tieliikenne_2016.4549,4549,POINT (359845.2264 7539190.7921),2016,1,11.00-11.59,2,8,0,0,0,0,0,0,1,359845.2264,7539190.7921
tieliikenne_2016.4550,4550,POINT (463375.8137 7319436.2841),2016,1,16.00-16.59,2,9,1,0,0,0,0,0,0,463375.8137,7319436.2841
tieliikenne_2016.4551,4551,POINT (442961.1645 7376101.012),2016,1,15.00-15.59,2,6,1,0,1,0,0,0,0,442961.1645,7376101.012
tieliikenne_2016.4552,4552,POINT (487621.5404 7492908.0513),2016,1,14.00-14.59,2,8,1,0,0,0,0,0,0,487621.5404,7492908.0513
tieliikenne_2016.4553,4553,POINT (472207.7969 7486294.7586),2016,1,13.00-13.59,2,8,0,0,0,0,0,0,1,472207.7969,7486294.7586
tieliikenne_2016.4554,4554,POINT (369958.8362 7305777.0076),2016,1,16.00-16.59,2,1,1,1,0,0,0,0,0,369958.8362,7305777.0076
tieliikenne_2016.4555,4555,POINT (437772.898 7372343.6603),2016,1,21.00-21.59,2,8,1,0,0,0,0,0,0,437772.898,7372343.6603
tieliikenne_2016.4556,4556,POINT (484618.2246 7444344.0014),2016,1,10.00-10.59,2,0,2,0,0,0,0,0,0,484618.2246,7444344.0014
tieliikenne_2016.4557,4557,POINT (368077.6355 7413188.5706),2016,1,09.00-09.59,2,8,0,1,0,0,0,0,0,368077.6355,7413188.5706
tieliikenne_2016.4558,4558,POINT (505283.5605 7554789.5461),2016,1,14.00-14.59,2,2,2,0,0,0,0,0,0,505283.5605,7554789.5461
tieliikenne_2016.4559,4559,POINT (383602.7106 7534384.4979),2016,1,15.00-15.59,2,8,1,0,0,0,0,0,0,383602.7106,7534384.4979
tieliikenne_2016.4560,4560,POINT (444775.426 7378984.9499),2016,1,03.00-03.59,2,8,1,0,0,0,0,0,0,444775.426,7378984.9499
tieliikenne_2016.4561,4561,POINT (443140.7558 7376349.2348),2016,1,21.00-21.59,2,6,1,0,1,0,0,0,0,443140.7558,7376349.2348
tieliikenne_2016.4562,4562,POINT (485005.9276 7469199.5813),2016,1,07.00-07.59,2,1,0,2,0,0,0,0,0,485005.9276,7469199.5813
tieliikenne_2016.4563,4563,POINT (407020 7518165),2016,2,18.00-18.59,2,9,0,0,0,0,0,0,1,407020,7518165
tieliikenne_2016.4564,4564,POINT (443270.2805 7375888.9894),2016,1,15.00-15.59,2,6,1,0,1,0,0,0,0,443270.2805,7375888.9894
tieliikenne_2016.4565,4565,POINT (388797.6703 7294887.8564),2016,1,15.00-15.59,2,0,2,0,0,0,0,0,0,388797.6703,7294887.8564
tieliikenne_2016.4566,4566,POINT (456928.7695 7385363.0773),2016,1,18.00-18.59,2,0,2,0,0,0,0,0,0,456928.7695,7385363.0773
tieliikenne_2016.4567,4567,POINT (527893.0625 7619337.0917),2016,1,11.00-11.59,2,5,2,0,0,0,0,0,0,527893.0625,7619337.0917
tieliikenne_2016.4568,4568,POINT (500573.603 7644133.4068),2016,1,14.00-14.59,2,7,1,0,1,0,0,0,0,500573.603,7644133.4068
tieliikenne_2016.4569,4569,POINT (392018.1877 7289762.223),2016,2,15.00-15.59,1,7,0,0,1,0,0,0,1,392018.1877,7289762.223
tieliikenne_2016.4570,4570,POINT (397538 7506235),2016,1,15.00-15.59,2,8,0,0,0,0,0,0,1,397538,7506235
tieliikenne_2016.4571,4571,POINT (491608.3803 7474527.9011),2016,2,17.00-17.59,1,2,2,1,0,0,0,0,0,491608.3803,7474527.9011
tieliikenne_2016.4572,4572,POINT (466928 7386089),2016,2,11.00-11.59,3,8,0,0,0,0,0,0,1,466928,7386089
tieliikenne_2016.4573,4573,POINT (575408.3896 7342847.1817),2016,2,13.00-13.59,2,9,0,0,0,0,0,0,1,575408.3896,7342847.1817
tieliikenne_2016.4574,4574,POINT (388677.6093 7308914.0653),2016,2,13.00-13.59,2,8,1,0,0,0,0,0,0,388677.6093,7308914.0653
tieliikenne_2016.4575,4575,POINT (518095.864 7591325.7169),2016,2,13.00-13.59,2,8,0,0,0,0,0,0,1,518095.864,7591325.7169
tieliikenne_2016.4576,4576,POINT (390872.2649 7289956.5065),2016,2,07.00-07.59,2,2,2,0,0,0,0,0,0,390872.2649,7289956.5065
tieliikenne_2016.4577,4577,POINT (407091.8621 7522883.7092),2016,2,13.00-13.59,2,1,0,0,0,0,0,0,2,407091.8621,7522883.7092
tieliikenne_2016.4578,4578,POINT (417628.1848 7364900.0138),2016,2,01.00-01.59,2,8,0,0,0,0,0,0,1,417628.1848,7364900.0138
tieliikenne_2016.4579,4579,POINT (413730.1689 7285574.7524),2016,2,14.00-14.59,2,2,2,0,0,0,0,0,0,413730.1689,7285574.7524
tieliikenne_2016.4580,4580,POINT (410283.4997 7530769.8311),2016,2,06.00-06.59,2,2,2,1,0,0,0,0,0,410283.4997,7530769.8311
tieliikenne_2016.4581,4581,POINT (518209.3439 7625860.268),2016,3,10.00-10.59,1,2,2,0,0,0,0,0,0,518209.3439,7625860.268
tieliikenne_2016.4582,4582,POINT (358726.1761 7382130.03),2016,7,10.00-10.59,1,9,0,0,0,0,0,1,0,358726.1761,7382130.03
tieliikenne_2016.4583,4583,POINT (375861.975 7530951.8862),2016,3,09.00-09.59,2,0,2,0,0,0,0,0,0,375861.975,7530951.8862
tieliikenne_2016.4584,4584,POINT (407224 7519063),2016,3,11.00-11.59,2,2,0,0,0,0,0,0,2,407224,7519063
tieliikenne_2016.4585,4585,POINT (393118.848 7288137.2247),2016,3,07.00-07.59,2,0,4,0,0,0,0,0,0,393118.848,7288137.2247
tieliikenne_2016.4586,4586,POINT (442072.1084 7375742.4436),2016,3,10.00-10.59,2,4,2,0,0,0,0,0,0,442072.1084,7375742.4436
tieliikenne_2016.4587,4587,POINT (422137.6394 7341387.1038),2016,3,23.00-23.59,1,8,1,0,0,0,0,0,0,422137.6394,7341387.1038
tieliikenne_2016.4588,4588,POINT (443922.2025 7376577.4153),2016,3,10.00-10.59,2,8,0,0,0,0,0,0,1,443922.2025,7376577.4153
tieliikenne_2016.4589,4589,POINT (375844.3453 7495555.7061),2016,3,11.00-11.59,2,8,0,0,0,0,0,0,1,375844.3453,7495555.7061
tieliikenne_2016.4590,4590,POINT (355048.725 7378366.5221),2016,8,22.00-22.59,2,9,1,0,0,0,0,0,0,355048.725,7378366.5221
tieliikenne_2016.4591,4591,POINT (519535.637 7420872.1305),2016,3,13.00-13.59,2,4,2,0,0,0,0,0,0,519535.637,7420872.1305
tieliikenne_2016.4592,4592,POINT (496355.277 7448783.656),2016,3,15.00-15.59,2,4,1,0,0,0,0,0,1,496355.277,7448783.656
tieliikenne_2016.4593,4593,POINT (432940.86 7513629.8356),2016,3,08.00-08.59,2,9,0,0,0,0,0,0,1,432940.86,7513629.8356
tieliikenne_2016.4594,4594,POINT (444666.2678 7375917.2248),2016,4,08.00-08.59,2,9,1,0,0,0,0,0,0,444666.2678,7375917.2248
tieliikenne_2016.4595,4595,POINT (447632.3503 7367115.4362),2016,9,19.00-19.59,2,9,1,0,0,0,0,0,0,447632.3503,7367115.4362
tieliikenne_2016.4596,4596,POINT (448281.1256 7382494.1524),2016,4,22.00-22.59,2,9,1,0,0,0,0,0,1,448281.1256,7382494.1524
tieliikenne_2016.4597,4597,POINT (387799.0371 7297579.9755),2016,10,19.00-19.59,2,9,1,0,0,0,0,0,0,387799.0371,7297579.9755
tieliikenne_2016.4598,4598,POINT (518944.2234 7399428.0025),2016,4,18.00-18.59,2,6,1,0,1,0,0,0,0,518944.2234,7399428.0025
tieliikenne_2016.4599,4599,POINT (442578.0974 7374494.9628),2016,4,04.00-04.59,2,8,1,0,0,0,0,0,0,442578.0974,7374494.9628
tieliikenne_2016.4600,4600,POINT (488589.397 7525492.3105),2016,4,07.00-07.59,2,8,1,0,0,0,0,0,0,488589.397,7525492.3105
tieliikenne_2016.4601,4601,POINT (438744.527 7373847.1209),2016,4,10.00-10.59,3,4,2,0,0,0,0,0,0,438744.527,7373847.1209
tieliikenne_2016.4602,4602,POINT (443319.0869 7376521.4624),2016,4,21.00-21.59,2,1,2,0,0,0,0,1,0,443319.0869,7376521.4624
tieliikenne_2016.4603,4603,POINT (525587.4276 7341145.9411),2016,4,16.00-16.59,2,1,2,0,0,0,0,0,0,525587.4276,7341145.9411
tieliikenne_2016.4604,4604,POINT (448064.9797 7379608.5352),2016,5,08.00-08.59,2,7,0,0,1,0,0,0,1,448064.9797,7379608.5352
tieliikenne_2016.4605,4605,POINT (403434.5825 7335520.147),2016,5,15.00-15.59,2,8,1,0,0,0,0,0,0,403434.5825,7335520.147
tieliikenne_2016.4606,4606,POINT (450888.0072 7315070.2088),2016,12,15.00-15.59,2,9,1,0,0,0,0,0,0,450888.0072,7315070.2088
tieliikenne_2016.4607,4607,POINT (382860.0735 7299959.4932),2016,5,01.00-01.59,2,8,1,0,0,0,0,0,0,382860.0735,7299959.4932
tieliikenne_2016.4608,4608,POINT (387695.1366 7299527.4214),2016,5,07.00-07.59,2,0,1,0,0,0,1,0,0,387695.1366,7299527.4214
tieliikenne_2016.4609,4609,POINT (516801 7590041),2016,12,11.00-11.59,3,9,0,0,0,0,0,0,1,516801,7590041
tieliikenne_2016.4610,4610,POINT (389630.3557 7293486.0407),2016,5,19.00-19.59,2,9,1,0,1,0,0,0,0,389630.3557,7293486.0407
tieliikenne_2016.4611,4611,POINT (498448.0408 7487725.262),2016,5,21.00-21.59,2,9,0,0,0,0,0,1,0,498448.0408,7487725.262
tieliikenne_2016.4612,4612,POINT (371334.5181 7305679.4857),2016,5,04.00-04.59,2,4,1,0,0,0,1,0,0,371334.5181,7305679.4857
tieliikenne_2016.4613,4613,POINT (437507.2106 7372120.8969),2016,5,18.00-18.59,3,4,0,1,0,0,1,0,0,437507.2106,7372120.8969
tieliikenne_2016.4614,4614,POINT (371165.5478 7305374.5423),2016,5,18.00-18.59,1,4,1,0,0,0,0,1,0,371165.5478,7305374.5423
tieliikenne_2016.4615,4615,POINT (367120.166 7323140.6496),2016,5,09.00-09.59,2,8,1,0,0,0,0,0,0,367120.166,7323140.6496
tieliikenne_2016.4616,4616,POINT (385891.8507 7298327.2029),2016,5,23.00-23.59,1,8,1,0,0,0,0,0,0,385891.8507,7298327.2029
tieliikenne_2016.4617,4617,POINT (370364.7763 7305730.6254),2016,5,20.00-20.59,2,0,0,0,0,0,1,1,0,370364.7763,7305730.6254
tieliikenne_2016.4618,4618,POINT (388910.2932 7292212.4772),2016,6,07.00-07.59,2,4,1,0,0,0,1,0,0,388910.2932,7292212.4772
tieliikenne_2016.4619,4619,POINT (442283.0658 7378643.3184),2016,6,16.00-16.59,2,5,1,0,0,0,0,1,0,442283.0658,7378643.3184
tieliikenne_2016.4620,4620,POINT (371760.9474 7308046.5005),2016,6,01.00-01.59,1,8,1,0,0,0,0,0,0,371760.9474,7308046.5005
tieliikenne_2016.4621,4621,POINT (410412.2562 7522159.5784),2016,6,09.00-09.59,2,8,0,0,0,0,0,1,0,410412.2562,7522159.5784
tieliikenne_2016.4622,4622,POINT (442014.3314 7375345.6344),2016,6,16.00-16.59,2,1,1,0,0,0,1,0,0,442014.3314,7375345.6344
tieliikenne_2016.4623,4623,POINT (371343.1707 7305677.8272),2016,6,14.00-14.59,2,4,1,0,0,0,1,0,0,371343.1707,7305677.8272
tieliikenne_2016.4624,4624,POINT (393451.1402 7296350.3504),2016,6,02.00-02.59,2,8,0,0,0,0,1,0,0,393451.1402,7296350.3504
tieliikenne_2016.4625,4625,POINT (364549.3281 7466583.8389),2016,6,16.00-16.59,1,8,0,1,0,0,0,0,0,364549.3281,7466583.8389
tieliikenne_2016.4626,4626,POINT (520780.3192 7664132.1322),2016,6,19.00-19.59,2,8,1,0,0,0,0,0,0,520780.3192,7664132.1322
tieliikenne_2016.4627,4627,POINT (388205.3492 7292580.8937),2016,6,08.00-08.59,2,4,2,0,0,0,0,0,0,388205.3492,7292580.8937
tieliikenne_2016.4628,4628,POINT (380752.282 7462112.158),2016,6,03.00-03.59,3,9,0,0,0,0,0,0,1,380752.282,7462112.158
tieliikenne_2016.4629,4629,POINT (408985.3796 7462194.5582),2016,6,03.00-03.59,3,8,1,0,0,0,0,0,0,408985.3796,7462194.5582
tieliikenne_2016.4630,4630,POINT (477316.4471 7362845.4008),2016,6,20.00-20.59,2,8,0,0,0,0,0,0,1,477316.4471,7362845.4008
tieliikenne_2016.4631,4631,POINT (441817.5338 7375166.4669),2016,6,04.00-04.59,2,8,1,0,0,0,0,0,0,441817.5338,7375166.4669
tieliikenne_2016.4632,4632,POINT (407392.0393 7520912.0235),2016,6,13.00-13.59,3,0,3,0,0,0,0,0,0,407392.0393,7520912.0235
tieliikenne_2016.4633,4633,POINT (438441.7799 7373320.7363),2016,6,18.00-18.59,3,0,2,0,0,0,0,0,0,438441.7799,7373320.7363
tieliikenne_2016.4634,4634,POINT (554692.583 7344713.8106),2016,6,17.00-17.59,2,9,0,0,0,0,0,1,0,554692.583,7344713.8106
tieliikenne_2016.4635,4635,POINT (483306.2925 7481354.5062),2016,7,12.00-12.59,3,8,0,0,0,0,0,1,0,483306.2925,7481354.5062
tieliikenne_2016.4636,4636,POINT (388198.9324 7294557.1966),2016,7,15.00-15.59,2,7,1,0,1,0,0,0,0,388198.9324,7294557.1966
tieliikenne_2016.4637,4637,POINT (370797.0857 7306879.5242),2016,7,16.00-16.59,2,9,0,0,0,0,0,1,0,370797.0857,7306879.5242
tieliikenne_2016.4638,4638,POINT (355011.1363 7348730.0366),2016,7,18.00-18.59,1,8,0,0,0,0,0,1,0,355011.1363,7348730.0366
tieliikenne_2016.4639,4639,POINT (398138.3248 7535107.9271),2016,7,15.00-15.59,2,8,0,0,0,0,0,1,0,398138.3248,7535107.9271
tieliikenne_2016.4640,4640,POINT (539657.9986 7397155.9971),2016,7,11.00-11.59,2,0,2,0,0,0,0,0,0,539657.9986,7397155.9971
tieliikenne_2016.4641,4641,POINT (347955.4669 7560303.8488),2016,7,17.00-17.59,2,0,0,1,0,0,0,1,0,347955.4669,7560303.8488
tieliikenne_2016.4642,4642,POINT (463760.0357 7366129.116),2016,7,18.00-18.59,2,8,0,1,0,0,0,0,0,463760.0357,7366129.116
tieliikenne_2016.4643,4643,POINT (522425.5775 7399420.8337),2016,7,11.00-11.59,2,1,1,0,0,1,0,0,0,522425.5775,7399420.8337
tieliikenne_2016.4644,4644,POINT (369686.1236 7313389.8105),2016,7,14.00-14.59,2,0,2,0,0,0,0,0,0,369686.1236,7313389.8105
tieliikenne_2016.4645,4645,POINT (570548.8913 7412642.7423),2016,7,14.00-14.59,2,5,2,0,0,0,0,0,0,570548.8913,7412642.7423
tieliikenne_2016.4646,4646,POINT (450601.0136 7567743.0041),2016,7,21.00-21.59,2,8,0,0,0,0,0,0,1,450601.0136,7567743.0041
tieliikenne_2016.4647,4647,POINT (369656.2139 7305422.0779),2016,7,12.00-12.59,2,4,1,0,0,0,0,1,0,369656.2139,7305422.0779
tieliikenne_2016.4648,4648,POINT (430324.5962 7409391.1535),2016,8,15.00-15.59,2,8,1,0,0,0,0,0,0,430324.5962,7409391.1535
tieliikenne_2016.4649,4649,POINT (361193.9506 7541607.8745),2016,8,13.00-13.59,2,4,2,0,0,0,0,0,0,361193.9506,7541607.8745
tieliikenne_2016.4650,4650,POINT (471500.6775 7430355.5402),2016,8,10.00-10.59,2,8,0,1,0,0,0,0,0,471500.6775,7430355.5402
tieliikenne_2016.4651,4651,POINT (377346.2769 7539430.7428),2016,8,14.00-14.59,2,8,0,0,0,0,0,1,0,377346.2769,7539430.7428
tieliikenne_2016.4652,4652,POINT (365949.736 7325748.7738),2016,8,15.00-15.59,3,0,2,0,0,0,0,0,0,365949.736,7325748.7738
tieliikenne_2016.4653,4653,POINT (444353.2229 7376364.5064),2016,8,14.00-14.59,2,2,0,0,0,2,0,0,0,444353.2229,7376364.5064
tieliikenne_2016.4654,4654,POINT (497939.6433 7545163.1748),2016,8,15.00-15.59,2,2,1,0,0,0,0,1,0,497939.6433,7545163.1748
tieliikenne_2016.4655,4655,POINT (483469.7048 7472145.4252),2016,8,18.00-18.59,2,8,1,0,0,0,0,0,0,483469.7048,7472145.4252
tieliikenne_2016.4656,4656,POINT (441286.9556 7375284.4159),2016,8,09.00-09.59,3,4,1,0,0,1,0,0,0,441286.9556,7375284.4159
tieliikenne_2016.4657,4657,POINT (359642.3258 7342562.6728),2016,8,16.00-16.59,3,8,1,0,0,0,0,0,0,359642.3258,7342562.6728
tieliikenne_2016.4658,4658,POINT (441280.561 7376868.093),2016,8,09.00-09.59,2,4,1,0,0,1,0,0,0,441280.561,7376868.093
tieliikenne_2016.4659,4659,POINT (442990.115 7374324.5353),2016,8,13.00-13.59,2,4,1,0,0,0,1,0,0,442990.115,7374324.5353
tieliikenne_2016.4660,4660,POINT (494570.3763 7541114.4724),2016,8,18.00-18.59,2,0,1,1,0,0,0,0,0,494570.3763,7541114.4724
tieliikenne_2016.4661,4661,POINT (443110.4523 7376393.8035),2016,8,16.00-16.59,2,0,1,0,0,0,0,1,0,443110.4523,7376393.8035
tieliikenne_2016.4662,4662,POINT (396339.0322 7285967.3582),2016,8,17.00-17.59,2,3,2,0,0,0,0,0,0,396339.0322,7285967.3582
tieliikenne_2016.4663,4663,POINT (477855.9794 7312927.5455),2016,8,14.00-14.59,2,1,1,0,0,0,1,0,0,477855.9794,7312927.5455
tieliikenne_2016.4664,4664,POINT (527879.086 7619314.326),2016,9,11.00-11.59,2,5,2,0,0,0,0,0,0,527879.086,7619314.326
tieliikenne_2016.4665,4665,POINT (388432.6212 7292760.5247),2016,9,14.00-14.59,2,4,1,0,0,1,0,0,0,388432.6212,7292760.5247
tieliikenne_2016.4666,4666,POINT (444045.6227 7376535.4214),2016,9,16.00-16.59,2,0,2,0,0,0,0,0,0,444045.6227,7376535.4214
tieliikenne_2016.4667,4667,POINT (389234.3893 7294281.0399),2016,9,19.00-19.59,2,8,0,0,0,0,0,1,0,389234.3893,7294281.0399
tieliikenne_2016.4668,4668,POINT (388574.0983 7299319.0803),2016,9,04.00-04.59,2,0,0,0,0,1,1,0,0,388574.0983,7299319.0803
tieliikenne_2016.4669,4669,POINT (443219.301 7376661.6035),2016,9,12.00-12.59,2,6,1,0,1,0,0,0,0,443219.301,7376661.6035
tieliikenne_2016.4670,4670,POINT (411337.0738 7505972.4865),2016,9,08.00-08.59,2,3,1,0,0,0,0,0,1,411337.0738,7505972.4865
tieliikenne_2016.4671,4671,POINT (443924.7126 7376582.0909),2016,9,16.00-16.59,2,1,2,0,0,0,0,0,0,443924.7126,7376582.0909
tieliikenne_2016.4672,4672,POINT (369789.5107 7305243.2649),2016,9,14.00-14.59,2,2,0,0,0,1,1,0,0,369789.5107,7305243.2649
tieliikenne_2016.4673,4673,POINT (507061.1831 7663006.4929),2016,9,18.00-18.59,3,8,1,0,0,0,0,0,0,507061.1831,7663006.4929
tieliikenne_2016.4674,4674,POINT (369759.7855 7305944.0321),2016,9,12.00-12.59,2,5,1,0,0,1,0,0,0,369759.7855,7305944.0321
tieliikenne_2016.4675,4675,POINT (449168.3799 7381211.839),2016,9,14.00-14.59,2,0,2,0,0,0,0,0,0,449168.3799,7381211.839
tieliikenne_2016.4676,4676,POINT (492255.1549 7469373.8772),2016,9,21.00-21.59,3,8,1,0,0,0,0,0,0,492255.1549,7469373.8772
tieliikenne_2016.4677,4677,POINT (443016 7376207.5697),2016,9,13.00-13.59,2,4,1,0,0,0,1,0,0,443016,7376207.5697
tieliikenne_2016.4678,4678,POINT (370760.467 7438850.7344),2016,9,16.00-16.59,2,2,2,0,0,0,0,0,0,370760.467,7438850.7344
tieliikenne_2016.4679,4679,POINT (388440.5813 7298431.8066),2016,10,04.00-04.59,2,8,1,0,0,0,0,0,0,388440.5813,7298431.8066
tieliikenne_2016.4680,4680,POINT (437833.3656 7378859.3029),2016,10,21.00-21.59,2,8,1,0,0,0,0,0,0,437833.3656,7378859.3029
tieliikenne_2016.4681,4681,POINT (456754.288 7385227.9773),2016,10,07.00-07.59,2,8,1,0,0,0,0,0,0,456754.288,7385227.9773
tieliikenne_2016.4682,4682,POINT (516787.2833 7591795.5886),2016,10,08.00-08.59,2,8,1,0,0,0,0,0,0,516787.2833,7591795.5886
tieliikenne_2016.4683,4683,POINT (489911.6829 7514279.656),2016,10,11.00-11.59,2,8,1,0,0,0,0,0,0,489911.6829,7514279.656
tieliikenne_2016.4684,4684,POINT (388394.74 7292159.0091),2016,10,11.00-11.59,2,7,1,0,1,0,0,0,0,388394.74,7292159.0091
tieliikenne_2016.4685,4685,POINT (370710.4874 7305446.2442),2016,10,12.00-12.59,2,8,1,0,0,0,0,0,0,370710.4874,7305446.2442
tieliikenne_2016.4686,4686,POINT (484409.2062 7368784.7332),2016,10,05.00-05.59,3,8,1,0,0,0,0,0,0,484409.2062,7368784.7332
tieliikenne_2016.4687,4687,POINT (445126.1822 7375748.2345),2016,11,16.00-16.59,2,6,1,0,1,0,0,0,0,445126.1822,7375748.2345
tieliikenne_2016.4688,4688,POINT (371147.8376 7302227.451),2016,11,15.00-15.59,2,5,1,0,0,0,1,0,0,371147.8376,7302227.451
tieliikenne_2016.4689,4689,POINT (410061.6909 7283438.8571),2016,11,17.00-17.59,2,8,1,0,0,0,0,0,0,410061.6909,7283438.8571
tieliikenne_2016.4690,4690,POINT (413504.2004 7392036.2147),2016,11,19.00-19.59,2,8,1,0,0,0,0,0,0,413504.2004,7392036.2147
tieliikenne_2016.4691,4691,POINT (478240.1144 7311793.6722),2016,11,08.00-08.59,2,0,1,0,0,1,0,0,0,478240.1144,7311793.6722
tieliikenne_2016.4692,4692,POINT (431253.2389 7419724.2794),2016,11,11.00-11.59,2,0,3,0,0,0,0,0,0,431253.2389,7419724.2794
tieliikenne_2016.4693,4693,POINT (443867.1616 7494551.9306),2016,11,11.00-11.59,2,4,1,0,0,0,0,0,1,443867.1616,7494551.9306
tieliikenne_2016.4694,4694,POINT (442169.1061 7376998.2342),2016,11,15.00-15.59,2,8,0,0,0,0,0,0,1,442169.1061,7376998.2342
tieliikenne_2016.4695,4695,POINT (466431.9099 7404789.8029),2016,11,19.00-19.59,2,2,1,1,0,0,0,0,0,466431.9099,7404789.8029
tieliikenne_2016.4696,4696,POINT (516233.0324 7579492.7193),2016,11,01.00-01.59,2,8,1,0,0,0,0,0,0,516233.0324,7579492.7193
tieliikenne_2016.4697,4697,POINT (432627.0209 7368798.4947),2016,12,16.00-16.59,2,2,2,1,0,0,0,0,0,432627.0209,7368798.4947
tieliikenne_2016.4698,4698,POINT (438732.7663 7373826.3743),2016,12,20.00-20.59,2,1,3,0,0,0,0,0,0,438732.7663,7373826.3743
tieliikenne_2016.4699,4699,POINT (349924.2083 7553815.1167),2016,12,18.00-18.59,3,0,1,1,0,0,0,0,0,349924.2083,7553815.1167
tieliikenne_2016.4700,4700,POINT (439651.5812 7378123.4466),2016,12,08.00-08.59,2,4,1,0,0,1,0,0,0,439651.5812,7378123.4466
tieliikenne_2016.4701,4701,POINT (383038.8633 7302868.0643),2016,12,01.00-01.59,2,8,1,0,0,0,0,0,0,383038.8633,7302868.0643
tieliikenne_2016.4702,4702,POINT (443439.2335 7377021.5716),2016,12,13.00-13.59,2,0,4,0,0,0,0,0,0,443439.2335,7377021.5716
tieliikenne_2016.4703,4703,POINT (409717.6956 7283495.8498),2016,12,17.00-17.59,2,5,2,0,0,0,0,0,0,409717.6956,7283495.8498
tieliikenne_2016.4704,4704,POINT (370834.6821 7307780.1434),2016,12,16.00-16.59,2,3,2,0,0,0,0,0,0,370834.6821,7307780.1434
tieliikenne_2016.4705,4705,POINT (97849.5029 6698301.4618),2016,1,22.00-22.59,2,8,1,0,0,0,0,0,0,97849.5029,6698301.4618
tieliikenne_2016.4706,4706,POINT (108198.2547 6683399.9783),2016,1,07.00-07.59,2,1,1,0,0,1,0,0,0,108198.2547,6683399.9783
tieliikenne_2016.4707,4707,POINT (112567.8466 6681633.345),2016,2,17.00-17.59,2,8,1,0,0,0,0,0,0,112567.8466,6681633.345
tieliikenne_2016.4708,4708,POINT (112052.4548 6697612.4161),2016,3,10.00-10.59,2,0,1,0,0,0,1,0,0,112052.4548,6697612.4161
tieliikenne_2016.4709,4709,POINT (107558.0178 6683067.3763),2016,3,09.00-09.59,2,4,1,0,0,0,0,0,1,107558.0178,6683067.3763
tieliikenne_2016.4710,4710,POINT (107871.0384 6682928.8483),2016,4,14.00-14.59,2,7,1,0,1,0,0,0,0,107871.0384,6682928.8483
tieliikenne_2016.4711,4711,POINT (109055.8816 6685160.2051),2016,4,13.00-13.59,2,1,1,0,0,0,1,0,0,109055.8816,6685160.2051
tieliikenne_2016.4712,4712,POINT (110426.8983 6683715.9949),2016,5,22.00-22.59,2,0,2,0,0,0,0,0,0,110426.8983,6683715.9949
tieliikenne_2016.4713,4713,POINT (121894.6528 6703728.1813),2016,5,14.00-14.59,2,2,2,0,0,0,0,0,0,121894.6528,6703728.1813
tieliikenne_2016.4714,4714,POINT (119199.8816 6702520.4422),2016,8,16.00-16.59,2,9,1,0,0,0,0,0,0,119199.8816,6702520.4422
tieliikenne_2016.4715,4715,POINT (112047.5295 6682771.7245),2016,5,05.00-05.59,1,8,1,0,0,0,0,0,0,112047.5295,6682771.7245
tieliikenne_2016.4716,4716,POINT (109476 6691979),2016,9,06.00-06.59,2,9,1,0,0,0,0,0,0,109476,6691979
tieliikenne_2016.4717,4717,POINT (121604.6204 6695949.1974),2016,5,19.00-19.59,2,8,1,0,0,0,0,0,0,121604.6204,6695949.1974
tieliikenne_2016.4718,4718,POINT (109787.2199 6694665.3502),2016,6,20.00-20.59,2,8,1,0,0,0,0,0,0,109787.2199,6694665.3502
tieliikenne_2016.4719,4719,POINT (91507.5426 6697977.0428),2016,6,13.00-13.59,3,3,1,0,0,0,0,1,0,91507.5426,6697977.0428
tieliikenne_2016.4720,4720,POINT (107334.9487 6696283.7359),2016,6,13.00-13.59,3,2,1,0,0,0,1,0,0,107334.9487,6696283.7359
tieliikenne_2016.4721,4721,POINT (106282.1368 6684908.7121),2016,6,21.00-21.59,2,9,0,0,0,0,0,1,0,106282.1368,6684908.7121
tieliikenne_2016.4722,4722,POINT (110601.6087 6706749.4406),2016,6,05.00-05.59,2,8,0,0,0,0,0,0,1,110601.6087,6706749.4406
tieliikenne_2016.4723,4723,POINT (109278.1313 6693676.5139),2016,6,10.00-10.59,2,8,1,0,0,0,0,0,0,109278.1313,6693676.5139
tieliikenne_2016.4724,4724,POINT (108183.6065 6687077.5042),2016,7,14.00-14.59,2,1,1,0,0,1,0,0,0,108183.6065,6687077.5042
tieliikenne_2016.4725,4725,POINT (123900.1473 6698992.0227),2016,7,12.00-12.59,2,8,1,0,0,0,0,0,0,123900.1473,6698992.0227
tieliikenne_2016.4726,4726,POINT (113658.9671 6676844.3101),2016,7,23.00-23.59,2,8,0,0,0,0,0,0,1,113658.9671,6676844.3101
tieliikenne_2016.4727,4727,POINT (113609.3074 6678848.4669),2016,7,15.00-15.59,2,8,2,0,0,0,0,0,0,113609.3074,6678848.4669
tieliikenne_2016.4728,4728,POINT (109908.4476 6710049.7789),2016,7,04.00-04.59,2,8,1,0,0,0,0,0,0,109908.4476,6710049.7789
tieliikenne_2016.4729,4729,POINT (108044.1087 6683946.2242),2016,7,23.00-23.59,2,9,1,0,0,1,0,0,0,108044.1087,6683946.2242
tieliikenne_2016.4730,4730,POINT (106903.9907 6696210.2809),2016,7,14.00-14.59,2,8,1,0,0,0,0,0,0,106903.9907,6696210.2809
tieliikenne_2016.4731,4731,POINT (108203.7379 6684220.085),2016,8,15.00-15.59,2,3,1,0,0,0,1,0,0,108203.7379,6684220.085
tieliikenne_2016.4732,4732,POINT (100058.3378 6695409.5427),2016,8,14.00-14.59,2,8,1,0,0,0,0,0,0,100058.3378,6695409.5427
tieliikenne_2016.4733,4733,POINT (107039.0218 6683957.1296),2016,8,15.00-15.59,2,8,0,0,0,0,1,0,0,107039.0218,6683957.1296
tieliikenne_2016.4734,4734,POINT (104711.9331 6696506.9069),2016,8,19.00-19.59,2,1,0,0,0,0,2,0,0,104711.9331,6696506.9069
tieliikenne_2016.4735,4735,POINT (107764.2528 6684089.8903),2016,8,14.00-14.59,2,4,0,0,0,1,0,0,1,107764.2528,6684089.8903
tieliikenne_2016.4736,4736,POINT (106569.4456 6685231.7771),2016,9,08.00-08.59,2,1,0,0,0,0,2,0,0,106569.4456,6685231.7771
tieliikenne_2016.4737,4737,POINT (108060 6683739),2016,9,10.00-10.59,2,0,2,0,0,0,0,0,0,108060,6683739
tieliikenne_2016.4738,4738,POINT (107477 6684866),2016,9,15.00-15.59,2,2,1,0,0,0,1,0,0,107477,6684866
tieliikenne_2016.4739,4739,POINT (108013.1869 6685074.288),2016,9,21.00-21.59,2,2,1,0,0,0,0,0,1,108013.1869,6685074.288
tieliikenne_2016.4740,4740,POINT (108107 6683743),2016,10,22.00-22.59,2,4,1,0,0,0,1,0,0,108107,6683743
tieliikenne_2016.4741,4741,POINT (107443 6684821),2016,10,15.00-15.59,2,3,1,0,0,0,1,0,0,107443,6684821
tieliikenne_2016.4742,4742,POINT (116624.8365 6701761.1455),2016,10,14.00-14.59,2,5,2,0,0,0,0,0,0,116624.8365,6701761.1455
tieliikenne_2016.4743,4743,POINT (108076 6683745),2016,10,16.00-16.59,2,6,1,0,1,0,0,0,0,108076,6683745
tieliikenne_2016.4744,4744,POINT (107851.613 6685114.2248),2016,11,16.00-16.59,2,0,2,0,0,0,0,0,0,107851.613,6685114.2248
tieliikenne_2016.4745,4745,POINT (108797 6685152),2016,11,12.00-12.59,2,4,2,0,0,0,0,0,0,108797,6685152
tieliikenne_2016.4746,4746,POINT (108115.0135 6687850.3146),2016,12,02.00-02.59,2,8,0,0,0,0,0,0,1,108115.0135,6687850.3146
tieliikenne_2016.4747,4747,POINT (119241 6672642),2016,12,12.00-12.59,2,8,1,0,0,0,0,0,0,119241,6672642
tieliikenne_2016.4748,4748,POINT (107556 6683393),2016,12,08.00-08.59,2,4,1,0,0,0,1,0,0,107556,6683393
tieliikenne_2016.4749,4749,POINT (101032 6689447),2016,12,18.00-18.59,2,8,1,0,0,0,0,0,0,101032,6689447
