FID,id,geom,vvonn,kkonn,kello,vakav,onntyyppi,lkmhapa,lkmlaka,lkmjk,lkmpp,lkmmo,lkmmp,lkmmuukulk,x,y
tieliikenne_2022.1,1,POINT (393098.2328 6682289.4406),2022,1,10.00-10.59,2,2,2,0,0,0,0,0,0,393098.2328,6682289.4406
tieliikenne_2022.2,2,POINT (397801.5479 6682062.9975),2022,1,16.00-16.59,2,8,1,0,0,0,0,0,0,397801.5479,6682062.9975
tieliikenne_2022.3,3,POINT (386609.6054 6673120.4537),2022,1,14.00-14.59,2,6,1,0,1,0,0,0,0,386609.6054,6673120.4537
tieliikenne_2022.4,4,POINT (396600.6654 6678806.8291),2022,1,12.00-12.59,2,5,2,1,0,0,0,0,0,396600.6654,6678806.8291
tieliikenne_2022.5,5,POINT (393334.2387 6682026.6915),2022,1,14.00-14.59,2,0,4,0,0,0,0,0,0,393334.2387,6682026.6915
tieliikenne_2022.6,6,POINT (393218.3423 6681744.2861),2022,1,14.00-14.59,2,0,2,0,0,0,0,0,0,393218.3423,6681744.2861
tieliikenne_2022.7,7,POINT (382152.0311 6676016.0719),2022,1,17.00-17.59,3,7,1,0,1,0,0,0,0,382152.0311,6676016.0719
tieliikenne_2022.8,8,POINT (387135.1359 6674529.9922),2022,1,11.00-11.59,2,6,2,0,1,0,0,0,0,387135.1359,6674529.9922
tieliikenne_2022.9,9,POINT (386465.0059 6681347.6722),2022,1,08.00-08.59,2,0,1,1,0,0,0,0,0,386465.0059,6681347.6722
tieliikenne_2022.10,10,POINT (384640.2802 6671930.4061),2022,1,20.00-20.59,2,1,1,1,0,0,0,0,0,384640.2802,6671930.4061
tieliikenne_2022.11,11,POINT (392980.8764 6681081.1055),2022,1,23.00-23.59,2,8,1,0,0,0,0,0,0,392980.8764,6681081.1055
tieliikenne_2022.12,12,POINT (384321.557 6671224.9305),2022,1,19.00-19.59,2,6,1,0,1,0,0,0,0,384321.557,6671224.9305
tieliikenne_2022.13,13,POINT (386129.2402 6676431.6786),2022,2,19.00-19.59,2,4,1,0,0,0,0,0,1,386129.2402,6676431.6786
tieliikenne_2022.14,14,POINT (389456.4654 6680566.8876),2022,2,21.00-21.59,2,8,1,0,0,0,0,0,0,389456.4654,6680566.8876
tieliikenne_2022.15,15,POINT (400899.9413 6681686.4422),2022,2,19.00-19.59,2,5,2,0,0,0,0,0,0,400899.9413,6681686.4422
tieliikenne_2022.16,16,POINT (389988.6366 6681314.6755),2022,2,13.00-13.59,2,6,0,1,1,0,0,0,0,389988.6366,6681314.6755
tieliikenne_2022.17,17,POINT (392484.3623 6676126.6614),2022,2,15.00-15.59,2,0,1,2,0,0,0,0,0,392484.3623,6676126.6614
tieliikenne_2022.18,18,POINT (394156.8184 6676412.9908),2022,2,01.00-01.59,2,9,1,0,1,0,0,0,0,394156.8184,6676412.9908
tieliikenne_2022.19,19,POINT (393489.5342 6676399.8715),2022,2,16.00-16.59,2,6,0,1,1,0,0,0,0,393489.5342,6676399.8715
tieliikenne_2022.20,20,POINT (384620.6307 6674059.2565),2022,2,10.00-10.59,2,6,1,0,1,0,0,0,0,384620.6307,6674059.2565
tieliikenne_2022.21,21,POINT (393636.268 6677832.3036),2022,2,06.00-06.59,2,0,2,0,0,0,0,0,0,393636.268,6677832.3036
tieliikenne_2022.22,22,POINT (387668.2493 6674929.9968),2022,2,09.00-09.59,3,6,0,0,1,0,0,0,1,387668.2493,6674929.9968
tieliikenne_2022.23,23,POINT (396074.2873 6678340.0029),2022,3,12.00-12.59,2,6,1,0,1,0,0,0,0,396074.2873,6678340.0029
tieliikenne_2022.24,24,POINT (391859.2692 6673453.6913),2022,3,15.00-15.59,2,6,1,0,1,0,0,0,0,391859.2692,6673453.6913
tieliikenne_2022.25,25,POINT (381202.0443 6679230.2029),2022,3,15.00-15.59,2,0,6,0,0,0,0,0,0,381202.0443,6679230.2029
tieliikenne_2022.26,26,POINT (392097.762 6680014.9617),2022,3,16.00-16.59,2,0,2,0,0,0,0,0,0,392097.762,6680014.9617
tieliikenne_2022.27,27,POINT (392252.215 6676092.1568),2022,3,07.00-07.59,2,4,1,0,0,1,0,0,0,392252.215,6676092.1568
tieliikenne_2022.28,28,POINT (380793.3412 6680436.6467),2022,3,15.00-15.59,2,0,3,0,0,0,0,0,0,380793.3412,6680436.6467
tieliikenne_2022.29,29,POINT (386020.8072 6671470.4968),2022,3,12.00-12.59,2,6,1,0,1,0,0,0,0,386020.8072,6671470.4968
tieliikenne_2022.30,30,POINT (387381.4351 6676294.2363),2022,3,07.00-07.59,2,0,1,1,0,0,0,0,0,387381.4351,6676294.2363
tieliikenne_2022.31,31,POINT (387403.7153 6676413.2409),2022,3,12.00-12.59,2,0,3,0,0,0,0,0,0,387403.7153,6676413.2409
tieliikenne_2022.32,32,POINT (393906.2972 6676788.2166),2022,3,12.00-12.59,2,4,2,0,0,0,0,0,0,393906.2972,6676788.2166
tieliikenne_2022.33,33,POINT (385974.0891 6671331.8794),2022,3,11.00-11.59,2,4,3,0,0,0,0,0,0,385974.0891,6671331.8794
tieliikenne_2022.34,34,POINT (386972.8846 6674530.1429),2022,3,13.00-13.59,2,6,1,0,1,0,0,0,0,386972.8846,6674530.1429
tieliikenne_2022.35,35,POINT (382737.1896 6677322.0369),2022,3,15.00-15.59,2,0,2,0,0,0,0,0,0,382737.1896,6677322.0369
tieliikenne_2022.36,36,POINT (383803.8211 6677847.2882),2022,3,15.00-15.59,2,3,1,1,0,0,0,0,0,383803.8211,6677847.2882
tieliikenne_2022.37,37,POINT (383841.4419 6674745.1383),2022,3,13.00-13.59,2,6,1,0,1,0,0,0,0,383841.4419,6674745.1383
tieliikenne_2022.38,38,POINT (390121.2082 6681215.4072),2022,3,12.00-12.59,2,6,1,0,0,1,0,0,0,390121.2082,6681215.4072
tieliikenne_2022.39,39,POINT (393967.6964 6683030.1709),2022,3,03.00-03.59,2,8,0,1,0,0,0,0,0,393967.6964,6683030.1709
tieliikenne_2022.40,40,POINT (382576.7996 6676811.0436),2022,4,15.00-15.59,2,1,1,0,0,1,0,0,0,382576.7996,6676811.0436
tieliikenne_2022.41,41,POINT (391371.4286 6673972.5203),2022,4,13.00-13.59,2,0,2,0,0,0,0,0,0,391371.4286,6673972.5203
tieliikenne_2022.42,42,POINT (392522.8954 6682353.6822),2022,4,02.00-02.59,2,8,1,0,0,0,0,0,0,392522.8954,6682353.6822
tieliikenne_2022.43,43,POINT (391644.1867 6684384.8554),2022,4,10.00-10.59,2,0,2,0,0,0,0,0,0,391644.1867,6684384.8554
tieliikenne_2022.44,44,POINT (382997.9659 6679436.5961),2022,4,17.00-17.59,3,8,1,0,0,0,0,0,0,382997.9659,6679436.5961
tieliikenne_2022.45,45,POINT (384566.4858 6674364.2574),2022,4,14.00-14.59,2,1,1,0,0,1,0,0,0,384566.4858,6674364.2574
tieliikenne_2022.46,46,POINT (383553.8901 6677317.2193),2022,4,11.00-11.59,1,6,0,0,1,0,1,0,0,383553.8901,6677317.2193
tieliikenne_2022.47,47,POINT (393136.1228 6682243.0393),2022,4,16.00-16.59,2,0,1,0,0,1,0,0,0,393136.1228,6682243.0393
tieliikenne_2022.48,48,POINT (386301.9258 6672172.6954),2022,4,14.00-14.59,2,6,1,0,1,0,0,0,0,386301.9258,6672172.6954
tieliikenne_2022.49,49,POINT (383833.8055 6675012.985),2022,4,17.00-17.59,2,6,1,0,1,0,0,0,0,383833.8055,6675012.985
tieliikenne_2022.50,50,POINT (389079.1413 6680976.9971),2022,4,18.00-18.59,2,8,1,0,0,0,0,0,0,389079.1413,6680976.9971
tieliikenne_2022.51,51,POINT (393406.8778 6678373.5591),2022,4,00.00-00.59,2,8,1,0,0,0,0,0,0,393406.8778,6678373.5591
tieliikenne_2022.52,52,POINT (390215.8675 6684925.9048),2022,4,08.00-08.59,2,4,1,0,0,1,0,0,0,390215.8675,6684925.9048
tieliikenne_2022.53,53,POINT (393532.414 6683300.2207),2022,4,08.00-08.59,2,0,4,0,0,0,0,0,0,393532.414,6683300.2207
tieliikenne_2022.54,54,POINT (386882.859 6674051.5283),2022,4,15.00-15.59,2,6,1,0,1,0,0,0,0,386882.859,6674051.5283
tieliikenne_2022.55,55,POINT (387192.4644 6671936.4552),2022,4,02.00-02.59,2,9,5,0,0,0,0,0,0,387192.4644,6671936.4552
tieliikenne_2022.56,56,POINT (385882.9836 6671863.799),2022,4,19.00-19.59,2,0,10,0,2,0,0,0,0,385882.9836,6671863.799
tieliikenne_2022.57,57,POINT (382689.8724 6674471.2485),2022,5,01.00-01.59,2,8,1,0,0,0,0,0,0,382689.8724,6674471.2485
tieliikenne_2022.58,58,POINT (385399.0338 6671589.2371),2022,5,11.00-11.59,2,7,0,0,1,1,0,0,0,385399.0338,6671589.2371
tieliikenne_2022.59,59,POINT (393854.4537 6677094.8288),2022,5,15.00-15.59,2,0,2,0,0,0,0,0,0,393854.4537,6677094.8288
tieliikenne_2022.60,60,POINT (391862.2321 6679094.7752),2022,5,19.00-19.59,2,8,1,0,0,0,0,0,0,391862.2321,6679094.7752
tieliikenne_2022.61,61,POINT (381695.4708 6671326.637),2022,5,08.00-08.59,2,2,1,0,0,2,0,0,0,381695.4708,6671326.637
tieliikenne_2022.62,62,POINT (381981.2058 6679445.6917),2022,5,15.00-15.59,2,0,5,0,0,0,0,0,0,381981.2058,6679445.6917
tieliikenne_2022.63,63,POINT (387108.6354 6674278.6667),2022,5,00.00-00.59,2,5,1,1,0,0,0,0,0,387108.6354,6674278.6667
tieliikenne_2022.64,64,POINT (393205.9548 6681760.4323),2022,8,10.00-10.59,2,8,1,0,0,0,0,0,0,393205.9548,6681760.4323
tieliikenne_2022.65,65,POINT (386821.2673 6671823.5493),2022,8,19.00-19.59,2,9,0,0,0,1,0,0,0,386821.2673,6671823.5493
tieliikenne_2022.66,66,POINT (382914.4362 6679827.9141),2022,5,15.00-15.59,2,6,1,0,1,0,0,0,0,382914.4362,6679827.9141
tieliikenne_2022.67,67,POINT (394097.4079 6676490.6898),2022,5,10.00-10.59,2,0,2,0,0,0,0,0,0,394097.4079,6676490.6898
tieliikenne_2022.68,68,POINT (383384.5023 6674715.4586),2022,5,15.00-15.59,2,0,2,0,0,0,0,0,0,383384.5023,6674715.4586
tieliikenne_2022.69,69,POINT (387548.0465 6674286.6176),2022,5,07.00-07.59,2,1,1,0,0,1,0,0,0,387548.0465,6674286.6176
tieliikenne_2022.70,70,POINT (382142.729 6680730.6078),2022,5,16.00-16.59,2,4,1,0,0,1,0,0,0,382142.729,6680730.6078
tieliikenne_2022.71,71,POINT (396652.4529 6675786.6523),2022,5,22.00-22.59,2,0,3,0,0,0,0,0,0,396652.4529,6675786.6523
tieliikenne_2022.72,72,POINT (385577.482 6672229.5061),2022,5,04.00-04.59,2,4,1,0,0,1,0,0,0,385577.482,6672229.5061
tieliikenne_2022.73,73,POINT (383130.8026 6679580.0421),2022,5,16.00-16.59,2,1,1,0,0,1,0,0,0,383130.8026,6679580.0421
tieliikenne_2022.74,74,POINT (384378.3252 6674435.2691),2022,5,19.00-19.59,2,1,1,0,0,1,0,0,0,384378.3252,6674435.2691
tieliikenne_2022.75,75,POINT (393717.5771 6678944.3099),2022,5,15.00-15.59,3,4,1,0,0,1,0,0,0,393717.5771,6678944.3099
tieliikenne_2022.76,76,POINT (388585.3957 6680067.213),2022,5,16.00-16.59,2,0,2,0,0,0,0,0,0,388585.3957,6680067.213
tieliikenne_2022.77,77,POINT (394488.1904 6676146.9922),2022,5,19.00-19.59,2,0,2,0,0,0,0,0,0,394488.1904,6676146.9922
tieliikenne_2022.78,78,POINT (386274.9727 6672535.9748),2022,6,11.00-11.59,2,4,1,1,0,1,0,0,0,386274.9727,6672535.9748
tieliikenne_2022.79,79,POINT (381413.365 6678299.9862),2022,6,09.00-09.59,2,9,2,0,0,0,0,0,0,381413.365,6678299.9862
tieliikenne_2022.80,80,POINT (385167.832 6680273.8348),2022,6,14.00-14.59,2,3,1,0,0,0,0,1,0,385167.832,6680273.8348
tieliikenne_2022.81,81,POINT (394180.7649 6676382.3883),2022,6,13.00-13.59,2,5,1,0,0,1,0,0,0,394180.7649,6676382.3883
tieliikenne_2022.82,82,POINT (389960.348 6674220.7645),2022,5,16.00-16.59,2,0,0,0,0,2,0,0,0,389960.348,6674220.7645
tieliikenne_2022.83,83,POINT (387064.5076 6677547.6223),2022,6,07.00-07.59,2,4,1,0,0,1,0,0,0,387064.5076,6677547.6223
tieliikenne_2022.84,84,POINT (383893.0098 6671554.0002),2022,6,15.00-15.59,2,1,1,0,0,1,0,0,0,383893.0098,6671554.0002
tieliikenne_2022.85,85,POINT (385338.2489 6675252.5531),2022,6,18.00-18.59,2,9,4,0,0,0,0,0,0,385338.2489,6675252.5531
tieliikenne_2022.86,86,POINT (385751.8128 6678172.2299),2022,9,10.00-10.59,1,7,1,0,2,0,0,0,0,385751.8128,6678172.2299
tieliikenne_2022.87,87,POINT (381270.589 6671478.9356),2022,6,11.00-11.59,2,0,3,0,0,0,0,0,0,381270.589,6671478.9356
tieliikenne_2022.88,88,POINT (386122.8238 6676400.4666),2022,6,16.00-16.59,2,4,1,0,0,1,0,0,0,386122.8238,6676400.4666
tieliikenne_2022.89,89,POINT (382708.9441 6679008.0426),2022,6,13.00-13.59,2,0,3,0,0,0,0,0,0,382708.9441,6679008.0426
tieliikenne_2022.90,90,POINT (387875.2735 6673214.1457),2022,6,15.00-15.59,2,0,1,1,0,0,0,0,0,387875.2735,6673214.1457
tieliikenne_2022.91,91,POINT (396575.1426 6678775.0872),2022,6,17.00-17.59,2,3,2,0,0,0,0,0,0,396575.1426,6678775.0872
tieliikenne_2022.92,92,POINT (391953.8232 6673019.043),2022,6,16.00-16.59,2,6,1,0,1,0,0,0,0,391953.8232,6673019.043
tieliikenne_2022.93,93,POINT (384528.9844 6671558.7261),2022,6,09.00-09.59,2,0,3,0,0,0,0,0,0,384528.9844,6671558.7261
tieliikenne_2022.94,94,POINT (385275.2574 6679946.6611),2022,6,10.00-10.59,2,1,1,0,0,1,0,0,0,385275.2574,6679946.6611
tieliikenne_2022.95,95,POINT (385250.7674 6672266.7009),2022,6,10.00-10.59,2,0,0,1,0,1,0,0,0,385250.7674,6672266.7009
tieliikenne_2022.96,96,POINT (384382.0576 6671094.6906),2022,6,09.00-09.59,2,5,1,0,0,1,0,0,0,384382.0576,6671094.6906
tieliikenne_2022.97,97,POINT (385706.8703 6672348.5228),2022,6,23.00-23.59,2,9,0,1,1,0,0,0,0,385706.8703,6672348.5228
tieliikenne_2022.98,98,POINT (381194.3468 6679883.0953),2022,6,02.00-02.59,2,8,1,0,0,0,0,0,0,381194.3468,6679883.0953
tieliikenne_2022.99,99,POINT (387440.4695 6677216.2094),2022,6,15.00-15.59,2,8,1,0,0,0,0,0,0,387440.4695,6677216.2094
tieliikenne_2022.100,100,POINT (391092.2355 6674757.8523),2022,6,21.00-21.59,2,6,1,0,1,0,0,0,0,391092.2355,6674757.8523
tieliikenne_2022.101,101,POINT (391087.9396 6675024.2174),2022,6,15.00-15.59,2,0,3,0,0,0,0,0,0,391087.9396,6675024.2174
tieliikenne_2022.102,102,POINT (387043.4517 6681730.8886),2022,6,13.00-13.59,2,5,1,0,0,0,0,1,0,387043.4517,6681730.8886
tieliikenne_2022.103,103,POINT (389295.2604 6678848.9299),2022,6,20.00-20.59,2,0,1,0,0,0,0,1,0,389295.2604,6678848.9299
tieliikenne_2022.104,104,POINT (393361.2901 6676262.2174),2022,7,14.00-14.59,2,0,0,2,0,0,0,0,0,393361.2901,6676262.2174
tieliikenne_2022.105,105,POINT (397397.6077 6676108.2895),2022,7,13.00-13.59,2,4,1,0,0,1,0,0,0,397397.6077,6676108.2895
tieliikenne_2022.106,106,POINT (393870.3004 6680392.321),2022,7,23.00-23.59,1,7,0,1,1,0,0,0,0,393870.3004,6680392.321
tieliikenne_2022.107,107,POINT (385419.2046 6673849.5804),2022,7,12.00-12.59,2,4,1,0,0,1,0,0,0,385419.2046,6673849.5804
tieliikenne_2022.108,108,POINT (385233.479 6674768.217),2022,7,18.00-18.59,2,4,1,0,0,1,0,0,0,385233.479,6674768.217
tieliikenne_2022.109,109,POINT (391498.8076 6674726.027),2022,7,20.00-20.59,2,9,1,0,0,0,0,1,0,391498.8076,6674726.027
tieliikenne_2022.110,110,POINT (392139.2172 6676083.9228),2022,7,19.00-19.59,2,1,1,0,0,0,0,1,0,392139.2172,6676083.9228
tieliikenne_2022.111,111,POINT (384590.5554 6670540.7412),2022,7,15.00-15.59,2,4,1,0,0,1,0,0,0,384590.5554,6670540.7412
tieliikenne_2022.112,112,POINT (389898.3399 6682464.8291),2022,7,02.00-02.59,2,9,1,0,0,0,0,0,0,389898.3399,6682464.8291
tieliikenne_2022.113,113,POINT (398341.232 6682011.549),2022,7,09.00-09.59,2,8,1,1,0,0,0,0,0,398341.232,6682011.549
tieliikenne_2022.114,114,POINT (393672.8782 6682619.6521),2022,7,08.00-08.59,2,1,2,0,0,0,0,0,0,393672.8782,6682619.6521
tieliikenne_2022.115,115,POINT (390085.823 6678074.9473),2022,7,20.00-20.59,2,0,0,0,0,0,1,1,0,390085.823,6678074.9473
tieliikenne_2022.116,116,POINT (389666.7063 6679442.9345),2022,7,18.00-18.59,3,5,1,0,0,0,0,1,0,389666.7063,6679442.9345
tieliikenne_2022.117,117,POINT (383172.1954 6676532.6909),2022,7,17.00-17.59,2,4,1,0,0,1,0,0,0,383172.1954,6676532.6909
tieliikenne_2022.118,118,POINT (381813.4708 6679080.2797),2022,7,07.00-07.59,2,3,1,0,0,1,0,0,0,381813.4708,6679080.2797
tieliikenne_2022.119,119,POINT (390385.1385 6679850.6966),2022,7,09.00-09.59,3,6,0,1,1,0,0,0,0,390385.1385,6679850.6966
tieliikenne_2022.120,120,POINT (384770.1539 6672950.2039),2022,7,00.00-00.59,2,1,1,0,0,1,0,0,0,384770.1539,6672950.2039
tieliikenne_2022.121,121,POINT (382107.072 6677525.6609),2022,7,17.00-17.59,2,9,1,0,0,0,0,0,0,382107.072,6677525.6609
tieliikenne_2022.122,122,POINT (388936.8771 6680289.1447),2022,7,18.00-18.59,2,1,1,0,0,1,0,0,0,388936.8771,6680289.1447
tieliikenne_2022.123,123,POINT (388674.9939 6681961.7618),2022,7,15.00-15.59,2,0,1,0,0,0,1,0,0,388674.9939,6681961.7618
tieliikenne_2022.124,124,POINT (391794.5225 6679461.3936),2022,7,21.00-21.59,2,8,0,0,0,0,0,1,0,391794.5225,6679461.3936
tieliikenne_2022.125,125,POINT (382290.7608 6677275.6261),2022,7,20.00-20.59,2,4,1,0,0,0,0,1,0,382290.7608,6677275.6261
tieliikenne_2022.126,126,POINT (386821.4012 6674460.2425),2022,7,21.00-21.59,2,7,1,0,1,0,0,0,0,386821.4012,6674460.2425
tieliikenne_2022.127,127,POINT (386232.4746 6673962.7543),2022,8,11.00-11.59,2,1,1,0,0,1,0,0,0,386232.4746,6673962.7543
tieliikenne_2022.128,128,POINT (381134.1643 6671538.5911),2022,8,17.00-17.59,2,0,1,0,0,0,0,1,0,381134.1643,6671538.5911
tieliikenne_2022.129,129,POINT (396082.803 6678357.778),2022,8,17.00-17.59,2,1,1,0,0,1,0,0,0,396082.803,6678357.778
tieliikenne_2022.130,130,POINT (390334.6849 6674427.0325),2022,8,11.00-11.59,2,1,1,0,0,0,1,0,0,390334.6849,6674427.0325
tieliikenne_2022.131,131,POINT (385866.7603 6673690.4693),2022,8,13.00-13.59,2,4,0,1,0,0,0,1,0,385866.7603,6673690.4693
tieliikenne_2022.132,132,POINT (385122.0581 6671090.0121),2022,8,17.00-17.59,2,0,1,0,0,0,1,0,0,385122.0581,6671090.0121
tieliikenne_2022.133,133,POINT (391979.2218 6678991.403),2022,8,23.00-23.59,2,8,1,0,0,0,0,0,0,391979.2218,6678991.403
tieliikenne_2022.134,134,POINT (389106.9942 6680056.1263),2022,8,15.00-15.59,2,1,1,0,0,1,0,0,0,389106.9942,6680056.1263
tieliikenne_2022.135,135,POINT (385138.8783 6675272.4064),2022,8,17.00-17.59,2,4,1,0,0,1,0,0,0,385138.8783,6675272.4064
tieliikenne_2022.136,136,POINT (391700.9341 6682606.8741),2022,8,19.00-19.59,2,6,1,0,1,0,0,0,0,391700.9341,6682606.8741
tieliikenne_2022.137,137,POINT (384313.7867 6671432.802),2022,8,16.00-16.59,2,1,1,0,0,1,0,0,0,384313.7867,6671432.802
tieliikenne_2022.138,138,POINT (391506.1732 6673761.0645),2022,8,18.00-18.59,2,2,0,0,0,2,0,0,0,391506.1732,6673761.0645
tieliikenne_2022.139,139,POINT (395806.4516 6678661.3122),2022,8,20.00-20.59,1,4,1,0,0,1,0,0,0,395806.4516,6678661.3122
tieliikenne_2022.140,140,POINT (386118.457 6671630.7414),2022,8,09.00-09.59,2,6,1,0,1,0,0,0,0,386118.457,6671630.7414
tieliikenne_2022.141,141,POINT (384645.4419 6671579.3052),2022,8,13.00-13.59,2,3,2,0,0,0,0,0,0,384645.4419,6671579.3052
tieliikenne_2022.142,142,POINT (383457.6958 6679418.2328),2022,8,20.00-20.59,3,0,1,0,0,0,0,1,0,383457.6958,6679418.2328
tieliikenne_2022.143,143,POINT (389737.0067 6678299.3735),2022,8,17.00-17.59,2,4,1,0,0,0,1,0,0,389737.0067,6678299.3735
tieliikenne_2022.144,144,POINT (391055.5855 6674443.216),2022,8,12.00-12.59,2,4,1,0,0,1,0,0,0,391055.5855,6674443.216
tieliikenne_2022.145,145,POINT (382177.6237 6677778.2651),2022,8,09.00-09.59,2,4,1,0,0,1,0,0,0,382177.6237,6677778.2651
tieliikenne_2022.146,146,POINT (390796.2216 6674637.05),2022,8,16.00-16.59,2,0,0,0,0,2,0,0,0,390796.2216,6674637.05
tieliikenne_2022.147,147,POINT (387034.418 6680069.898),2022,8,09.00-09.59,2,0,1,0,0,1,0,0,0,387034.418,6680069.898
tieliikenne_2022.148,148,POINT (387088.4002 6674223.0932),2022,8,18.00-18.59,2,1,1,0,0,1,0,0,0,387088.4002,6674223.0932
tieliikenne_2022.149,149,POINT (391844.5004 6683470.5142),2022,8,19.00-19.59,2,3,1,0,0,1,0,0,0,391844.5004,6683470.5142
tieliikenne_2022.150,150,POINT (391830.4365 6679641.9733),2022,8,19.00-19.59,3,8,1,0,0,0,0,0,0,391830.4365,6679641.9733
tieliikenne_2022.151,151,POINT (385982.0858 6672337.0398),2022,8,12.00-12.59,2,1,1,0,0,1,0,0,0,385982.0858,6672337.0398
tieliikenne_2022.152,152,POINT (384750.524 6672061.95),2022,8,14.00-14.59,2,3,1,0,0,1,0,0,0,384750.524,6672061.95
tieliikenne_2022.153,153,POINT (392504.4623 6674289.2402),2022,8,15.00-15.59,2,1,1,0,0,1,0,0,0,392504.4623,6674289.2402
tieliikenne_2022.154,154,POINT (384868.1705 6674512.0702),2022,8,06.00-06.59,2,9,0,0,0,0,0,1,0,384868.1705,6674512.0702
tieliikenne_2022.155,155,POINT (386224.7627 6670840.8196),2022,8,16.00-16.59,2,7,1,0,1,0,0,0,0,386224.7627,6670840.8196
tieliikenne_2022.156,156,POINT (382214.678 6671199.0637),2022,8,14.00-14.59,2,1,1,0,0,1,0,0,0,382214.678,6671199.0637
tieliikenne_2022.157,157,POINT (388889.122 6680051.0964),2022,8,15.00-15.59,2,0,1,0,0,0,0,1,0,388889.122,6680051.0964
tieliikenne_2022.158,158,POINT (389689.0636 6681185.5859),2022,9,22.00-22.59,2,6,1,0,1,0,0,0,0,389689.0636,6681185.5859
tieliikenne_2022.159,159,POINT (385354.375 6670462.3815),2022,9,05.00-05.59,2,5,1,0,0,1,0,0,0,385354.375,6670462.3815
tieliikenne_2022.160,160,POINT (382097.4247 6670516.834),2022,9,14.00-14.59,2,9,2,0,0,0,0,0,0,382097.4247,6670516.834
tieliikenne_2022.161,161,POINT (392148.9782 6676093.1625),2022,9,20.00-20.59,2,1,1,0,0,1,0,0,0,392148.9782,6676093.1625
tieliikenne_2022.162,162,POINT (381631.8037 6679312.8375),2022,9,12.00-12.59,2,1,2,0,0,0,0,0,0,381631.8037,6679312.8375
tieliikenne_2022.163,163,POINT (382297.0623 6679941.0375),2022,9,13.00-13.59,2,4,1,0,0,1,0,0,0,382297.0623,6679941.0375
tieliikenne_2022.164,164,POINT (394074.101 6676280.6844),2022,9,17.00-17.59,2,1,2,0,0,0,0,0,0,394074.101,6676280.6844
tieliikenne_2022.165,165,POINT (380104.6669 6681259.7563),2022,9,11.00-11.59,2,4,1,0,0,1,0,0,0,380104.6669,6681259.7563
tieliikenne_2022.166,166,POINT (382286.0402 6677275.2763),2022,9,09.00-09.59,2,4,1,1,0,0,0,0,0,382286.0402,6677275.2763
tieliikenne_2022.167,167,POINT (393714.6559 6676597.559),2022,9,16.00-16.59,2,6,1,0,1,0,0,0,0,393714.6559,6676597.559
tieliikenne_2022.168,168,POINT (388433.0439 6682625.7247),2022,9,14.00-14.59,2,0,2,0,0,0,0,0,0,388433.0439,6682625.7247
tieliikenne_2022.169,169,POINT (385531.1517 6675266.241),2022,9,01.00-01.59,3,4,2,0,0,0,0,0,0,385531.1517,6675266.241
tieliikenne_2022.170,170,POINT (384451.453 6673862.3753),2022,9,03.00-03.59,2,4,2,0,0,0,0,0,0,384451.453,6673862.3753
tieliikenne_2022.171,171,POINT (394180.7174 6676837.7711),2022,9,14.00-14.59,2,3,1,0,0,1,0,0,0,394180.7174,6676837.7711
tieliikenne_2022.172,172,POINT (381797.45 6678271.261),2022,9,09.00-09.59,2,4,1,0,0,1,0,0,0,381797.45,6678271.261
tieliikenne_2022.173,173,POINT (382571.3658 6675827.2572),2022,9,06.00-06.59,2,6,1,0,1,0,0,0,0,382571.3658,6675827.2572
tieliikenne_2022.174,174,POINT (383176.0819 6676511.9771),2022,9,17.00-17.59,2,1,1,0,0,1,0,0,0,383176.0819,6676511.9771
tieliikenne_2022.175,175,POINT (397372.8529 6680188.4803),2022,9,22.00-22.59,2,8,1,0,0,0,0,0,0,397372.8529,6680188.4803
tieliikenne_2022.176,176,POINT (385310.8186 6679722.0189),2022,9,08.00-08.59,3,6,1,0,1,0,0,0,0,385310.8186,6679722.0189
tieliikenne_2022.177,177,POINT (380461.2422 6671775.9213),2022,9,23.00-23.59,2,9,3,0,1,0,0,0,0,380461.2422,6671775.9213
tieliikenne_2022.178,178,POINT (386383.4857 6673253.809),2022,9,03.00-03.59,2,4,1,0,0,1,0,0,0,386383.4857,6673253.809
tieliikenne_2022.179,179,POINT (388158.1015 6673884.5338),2022,9,04.00-04.59,2,7,1,0,1,0,0,0,0,388158.1015,6673884.5338
tieliikenne_2022.180,180,POINT (385983.9819 6672332.9532),2022,9,03.00-03.59,2,6,1,0,1,0,0,0,0,385983.9819,6672332.9532
tieliikenne_2022.181,181,POINT (389399.1705 6679726.0537),2022,9,05.00-05.59,2,2,1,1,0,0,0,0,0,389399.1705,6679726.0537
tieliikenne_2022.182,182,POINT (386926.0013 6674271.8368),2022,9,14.00-14.59,2,7,1,0,1,0,0,0,0,386926.0013,6674271.8368
tieliikenne_2022.183,183,POINT (390368.3088 6674383.2066),2022,9,17.00-17.59,2,5,1,0,0,1,0,0,0,390368.3088,6674383.2066
tieliikenne_2022.184,184,POINT (385275.2215 6679597.0412),2022,9,17.00-17.59,1,9,4,0,1,0,0,0,0,385275.2215,6679597.0412
tieliikenne_2022.185,185,POINT (384616.6342 6679871.7186),2022,9,15.00-15.59,2,0,2,0,0,0,0,0,0,384616.6342,6679871.7186
tieliikenne_2022.186,186,POINT (381479.6768 6679532.1055),2022,9,00.00-00.59,3,1,1,0,0,0,0,1,0,381479.6768,6679532.1055
tieliikenne_2022.187,187,POINT (385576.4051 6671695.5158),2022,10,06.00-06.59,2,4,2,0,0,0,0,0,0,385576.4051,6671695.5158
tieliikenne_2022.188,188,POINT (392088.2338 6680007.0315),2022,10,13.00-13.59,2,0,2,0,0,0,0,0,0,392088.2338,6680007.0315
tieliikenne_2022.189,189,POINT (386774.991 6673573.4247),2022,10,17.00-17.59,2,5,1,0,0,0,0,0,1,386774.991,6673573.4247
tieliikenne_2022.190,190,POINT (382575.3452 6681511.2951),2022,10,20.00-20.59,2,4,1,0,0,0,1,0,0,382575.3452,6681511.2951
tieliikenne_2022.191,191,POINT (382125.92 6680180.3638),2022,10,08.00-08.59,2,4,1,0,0,1,0,0,0,382125.92,6680180.3638
tieliikenne_2022.192,192,POINT (383000.0828 6682595.4689),2022,10,15.00-15.59,2,5,0,0,0,1,0,1,0,383000.0828,6682595.4689
tieliikenne_2022.193,193,POINT (388754.3956 6680072.3643),2022,10,15.00-15.59,2,0,3,0,0,0,0,0,0,388754.3956,6680072.3643
tieliikenne_2022.194,194,POINT (391954.9387 6679053.13),2022,10,20.00-20.59,2,0,2,0,0,0,0,0,0,391954.9387,6679053.13
tieliikenne_2022.195,195,POINT (386655.428 6673127.397),2022,10,17.00-17.59,2,1,0,0,0,2,0,0,0,386655.428,6673127.397
tieliikenne_2022.196,196,POINT (388702.6365 6677755.7552),2022,10,17.00-17.59,2,3,2,0,0,0,0,0,0,388702.6365,6677755.7552
tieliikenne_2022.197,197,POINT (386283.3525 6672706.9482),2022,10,23.00-23.59,2,1,2,0,0,0,0,0,0,386283.3525,6672706.9482
tieliikenne_2022.198,198,POINT (385481.8779 6671841.3057),2022,10,14.00-14.59,2,9,1,0,0,1,0,0,0,385481.8779,6671841.3057
tieliikenne_2022.199,199,POINT (385867.5747 6676314.5874),2022,10,16.00-16.59,2,0,3,0,0,0,0,0,0,385867.5747,6676314.5874
tieliikenne_2022.200,200,POINT (392392.6715 6676951.751),2022,10,07.00-07.59,2,1,1,0,0,1,0,0,0,392392.6715,6676951.751
tieliikenne_2022.201,201,POINT (387066.7126 6675291.2221),2022,10,14.00-14.59,2,1,1,0,0,1,0,0,0,387066.7126,6675291.2221
tieliikenne_2022.202,202,POINT (391328.8133 6672492.9593),2022,10,13.00-13.59,2,0,3,0,0,0,0,0,0,391328.8133,6672492.9593
tieliikenne_2022.203,203,POINT (340584.211 6685040.0111),2022,10,20.00-20.59,2,0,2,0,0,0,0,0,0,340584.211,6685040.0111
tieliikenne_2022.204,204,POINT (387869.4023 6677310.2753),2022,10,15.00-15.59,2,0,2,0,0,0,0,0,0,387869.4023,6677310.2753
tieliikenne_2022.205,205,POINT (383357.3397 6676480.8663),2022,10,21.00-21.59,2,2,1,1,0,0,0,0,0,383357.3397,6676480.8663
tieliikenne_2022.206,206,POINT (386216.47 6671938.055),2022,10,05.00-05.59,2,0,2,0,0,0,0,0,0,386216.47,6671938.055
tieliikenne_2022.207,207,POINT (382882.2822 6680739.7774),2022,10,12.00-12.59,2,8,1,0,0,0,0,0,0,382882.2822,6680739.7774
tieliikenne_2022.208,208,POINT (386864.484 6676909.6748),2022,10,02.00-02.59,2,8,1,0,0,0,0,0,0,386864.484,6676909.6748
tieliikenne_2022.209,209,POINT (383074.6785 6679920.1375),2022,10,13.00-13.59,2,4,1,0,0,1,0,0,0,383074.6785,6679920.1375
tieliikenne_2022.210,210,POINT (393501.6897 6676234.4686),2022,11,22.00-22.59,2,1,2,0,0,0,0,1,0,393501.6897,6676234.4686
tieliikenne_2022.211,211,POINT (383490.7176 6679950.5754),2022,11,08.00-08.59,2,0,2,0,0,0,0,0,0,383490.7176,6679950.5754
tieliikenne_2022.212,212,POINT (386024.8596 6676403.0115),2022,11,10.00-10.59,2,0,1,1,0,0,0,0,0,386024.8596,6676403.0115
tieliikenne_2022.213,213,POINT (392094.7448 6676364.29),2022,11,13.00-13.59,2,0,3,0,0,0,0,0,0,392094.7448,6676364.29
tieliikenne_2022.214,214,POINT (383918.609 6674816.4106),2022,11,21.00-21.59,2,0,2,0,0,0,0,0,0,383918.609,6674816.4106
tieliikenne_2022.215,215,POINT (384350.6044 6674062.8107),2022,11,17.00-17.59,3,6,1,0,1,0,0,0,0,384350.6044,6674062.8107
tieliikenne_2022.216,216,POINT (393351.3131 6676353.5607),2022,11,18.00-18.59,2,6,1,0,1,0,0,0,0,393351.3131,6676353.5607
tieliikenne_2022.217,217,POINT (385221.1688 6674656.2844),2022,11,10.00-10.59,2,6,1,0,1,0,0,0,0,385221.1688,6674656.2844
tieliikenne_2022.218,218,POINT (387004.529 6675146.9228),2022,11,13.00-13.59,2,0,3,0,0,0,0,0,0,387004.529,6675146.9228
tieliikenne_2022.219,219,POINT (385967.9533 6673825.7759),2022,11,18.00-18.59,2,9,1,0,0,1,0,0,0,385967.9533,6673825.7759
tieliikenne_2022.220,220,POINT (383608.1267 6680593.1835),2022,11,20.00-20.59,2,7,1,0,1,0,0,0,0,383608.1267,6680593.1835
tieliikenne_2022.221,221,POINT (386927.0387 6672551.357),2022,11,21.00-21.59,2,0,2,0,0,0,0,0,0,386927.0387,6672551.357
tieliikenne_2022.222,222,POINT (388654.7304 6680074.5613),2022,11,06.00-06.59,2,0,0,1,0,0,0,0,1,388654.7304,6680074.5613
tieliikenne_2022.223,223,POINT (385375.1175 6671404.4479),2022,11,05.00-05.59,2,4,2,0,0,0,0,0,0,385375.1175,6671404.4479
tieliikenne_2022.224,224,POINT (387971.9554 6679680.7257),2022,11,15.00-15.59,2,0,2,0,0,0,0,0,0,387971.9554,6679680.7257
tieliikenne_2022.225,225,POINT (390114.9532 6681219.0387),2022,11,18.00-18.59,2,5,2,0,0,0,0,0,0,390114.9532,6681219.0387
tieliikenne_2022.226,226,POINT (386873.6684 6680414.2921),2022,11,05.00-05.59,2,8,1,0,0,0,0,0,0,386873.6684,6680414.2921
tieliikenne_2022.227,227,POINT (393947.6129 6676788.5511),2022,12,11.00-11.59,2,3,2,0,0,0,0,0,0,393947.6129,6676788.5511
tieliikenne_2022.228,228,POINT (385364.6576 6672019.3956),2022,12,11.00-11.59,2,6,1,0,1,0,0,0,0,385364.6576,6672019.3956
tieliikenne_2022.229,229,POINT (393438.4572 6679997.3133),2022,12,16.00-16.59,2,6,1,0,1,0,0,0,0,393438.4572,6679997.3133
tieliikenne_2022.230,230,POINT (387387.074 6676250.9548),2022,12,13.00-13.59,2,0,0,2,0,0,0,0,0,387387.074,6676250.9548
tieliikenne_2022.231,231,POINT (386455.709 6674564.4359),2022,12,04.00-04.59,2,5,2,0,0,0,0,0,0,386455.709,6674564.4359
tieliikenne_2022.232,232,POINT (384471.4266 6676261.3849),2022,12,10.00-10.59,2,9,1,0,0,0,0,0,0,384471.4266,6676261.3849
tieliikenne_2022.233,233,POINT (385046.9611 6680785.1348),2022,12,08.00-08.59,2,0,1,0,0,1,0,0,0,385046.9611,6680785.1348
tieliikenne_2022.234,234,POINT (387724.5063 6676226.5901),2022,12,13.00-13.59,2,9,2,0,0,0,0,0,0,387724.5063,6676226.5901
tieliikenne_2022.235,235,POINT (383885.4371 6679608.8802),2022,12,16.00-16.59,2,5,1,1,0,0,0,0,0,383885.4371,6679608.8802
tieliikenne_2022.236,236,POINT (390940.2218 6680061.7771),2022,12,14.00-14.59,2,6,1,0,1,0,0,0,0,390940.2218,6680061.7771
tieliikenne_2022.237,237,POINT (387836.7183 6678526.2986),2022,12,03.00-03.59,2,9,2,0,0,0,0,0,0,387836.7183,6678526.2986
tieliikenne_2022.238,238,POINT (383156.2669 6680772.8658),2022,12,15.00-15.59,2,0,2,0,0,0,0,0,0,383156.2669,6680772.8658
tieliikenne_2022.239,239,POINT (393004.8385 6678410.3316),2022,12,23.00-23.59,2,9,1,0,0,0,0,0,0,393004.8385,6678410.3316
tieliikenne_2022.240,240,POINT (380378.1601 6678981.1595),2022,12,15.00-15.59,2,0,3,0,0,0,0,0,0,380378.1601,6678981.1595
tieliikenne_2022.241,241,POINT (384773.472 6673840.9216),2022,12,02.00-02.59,2,8,1,0,0,0,0,0,0,384773.472,6673840.9216
tieliikenne_2022.242,242,POINT (385174.341 6670391.1539),2022,12,15.00-15.59,2,4,2,0,0,0,0,0,0,385174.341,6670391.1539
tieliikenne_2022.243,243,POINT (393636.7284 6677828.5642),2022,12,08.00-08.59,2,4,3,0,0,0,0,0,0,393636.7284,6677828.5642
tieliikenne_2022.244,244,POINT (329315.5102 6693239.9443),2022,1,12.00-12.59,2,8,1,0,0,0,0,0,0,329315.5102,6693239.9443
tieliikenne_2022.245,245,POINT (324808.8507 6671409.135),2022,1,13.00-13.59,3,8,1,0,0,0,0,0,0,324808.8507,6671409.135
tieliikenne_2022.246,246,POINT (364795.4224 6674506.9412),2022,1,12.00-12.59,2,2,2,0,0,0,0,0,0,364795.4224,6674506.9412
tieliikenne_2022.247,247,POINT (354333.8157 6686991.7184),2022,1,15.00-15.59,2,8,1,0,0,0,0,0,0,354333.8157,6686991.7184
tieliikenne_2022.248,248,POINT (371048.5663 6676493.1213),2022,1,14.00-14.59,2,6,1,0,1,0,0,0,0,371048.5663,6676493.1213
tieliikenne_2022.249,249,POINT (344224.836 6718482.6014),2022,1,16.00-16.59,1,2,2,0,0,0,0,0,0,344224.836,6718482.6014
tieliikenne_2022.250,250,POINT (297793.7238 6653134.155),2022,1,08.00-08.59,2,9,1,0,0,0,0,0,0,297793.7238,6653134.155
tieliikenne_2022.251,251,POINT (374686.2738 6671194.8574),2022,1,19.00-19.59,2,4,1,0,0,1,0,0,0,374686.2738,6671194.8574
tieliikenne_2022.252,252,POINT (370026.7329 6678360.0512),2022,1,07.00-07.59,2,0,2,0,0,0,0,0,0,370026.7329,6678360.0512
tieliikenne_2022.253,253,POINT (367529.7376 6671562.199),2022,1,16.00-16.59,2,2,1,1,0,0,0,0,0,367529.7376,6671562.199
tieliikenne_2022.254,254,POINT (369955.224 6677506.908),2022,1,10.00-10.59,2,0,2,1,0,0,0,0,0,369955.224,6677506.908
tieliikenne_2022.255,255,POINT (375889.126 6683297.8727),2022,1,15.00-15.59,2,8,1,0,0,0,0,0,0,375889.126,6683297.8727
tieliikenne_2022.256,256,POINT (355290.5774 6664530.8626),2022,1,09.00-09.59,3,7,0,1,1,0,0,0,0,355290.5774,6664530.8626
tieliikenne_2022.257,257,POINT (375836.0273 6678644.6317),2022,1,19.00-19.59,2,0,2,0,0,0,0,0,0,375836.0273,6678644.6317
tieliikenne_2022.258,258,POINT (360279.7104 6700894.9378),2022,1,05.00-05.59,2,8,0,1,0,0,0,0,0,360279.7104,6700894.9378
tieliikenne_2022.259,259,POINT (376429.016 6687027.611),2022,1,16.00-16.59,2,2,2,0,0,0,0,0,0,376429.016,6687027.611
tieliikenne_2022.260,260,POINT (370362.3525 6676816.7918),2022,1,18.00-18.59,2,6,1,0,1,0,0,0,0,370362.3525,6676816.7918
tieliikenne_2022.261,261,POINT (370681.7938 6674508.0244),2022,1,16.00-16.59,2,2,2,0,0,0,0,0,0,370681.7938,6674508.0244
tieliikenne_2022.262,262,POINT (347187.6208 6665270.5677),2022,2,16.00-16.59,2,1,2,0,0,0,0,0,0,347187.6208,6665270.5677
tieliikenne_2022.263,263,POINT (379881.3751 6676553.9891),2022,2,10.00-10.59,2,0,2,0,0,0,0,0,0,379881.3751,6676553.9891
tieliikenne_2022.264,264,POINT (352982.3201 6703286.1063),2022,2,09.00-09.59,1,2,1,1,0,0,0,0,0,352982.3201,6703286.1063
tieliikenne_2022.265,265,POINT (374630.3546 6671677.8264),2022,2,17.00-17.59,2,6,1,0,1,0,0,0,0,374630.3546,6671677.8264
tieliikenne_2022.266,266,POINT (297693.6905 6660592.3904),2022,2,19.00-19.59,2,2,1,1,0,0,0,0,0,297693.6905,6660592.3904
tieliikenne_2022.267,267,POINT (364680.8966 6703730.6791),2022,2,15.00-15.59,2,4,1,0,0,0,0,0,1,364680.8966,6703730.6791
tieliikenne_2022.268,268,POINT (378570.7077 6677219.2354),2022,2,09.00-09.59,2,7,1,0,1,0,0,0,0,378570.7077,6677219.2354
tieliikenne_2022.269,269,POINT (351643.4186 6690950.5665),2022,2,17.00-17.59,1,7,1,0,1,0,0,0,0,351643.4186,6690950.5665
tieliikenne_2022.270,270,POINT (333838.9726 6724958.898),2022,4,16.00-16.59,2,9,1,0,0,0,0,0,0,333838.9726,6724958.898
tieliikenne_2022.271,271,POINT (355088.9403 6686969.9403),2022,3,21.00-21.59,3,0,1,1,0,0,0,0,0,355088.9403,6686969.9403
tieliikenne_2022.272,272,POINT (330599.5339 6692264.7176),2022,3,15.00-15.59,2,0,2,0,0,0,0,0,0,330599.5339,6692264.7176
tieliikenne_2022.273,273,POINT (357919.2609 6667400.556),2022,3,04.00-04.59,2,8,1,0,0,0,0,0,0,357919.2609,6667400.556
tieliikenne_2022.274,274,POINT (302264.7326 6654868.2919),2022,3,19.00-19.59,3,8,1,0,0,0,0,0,0,302264.7326,6654868.2919
tieliikenne_2022.275,275,POINT (373001.3067 6680258.8662),2022,3,20.00-20.59,2,5,2,0,0,0,0,0,0,373001.3067,6680258.8662
tieliikenne_2022.276,276,POINT (379140.0387 6672297.9203),2022,3,15.00-15.59,2,8,1,0,0,0,0,0,0,379140.0387,6672297.9203
tieliikenne_2022.277,277,POINT (312741.3268 6657251.9593),2022,3,13.00-13.59,2,2,2,0,0,0,0,0,0,312741.3268,6657251.9593
tieliikenne_2022.278,278,POINT (378216.9543 6673999.6541),2022,3,11.00-11.59,2,7,0,1,1,0,0,0,0,378216.9543,6673999.6541
tieliikenne_2022.279,279,POINT (302388.3222 6654188.9523),2022,3,14.00-14.59,2,3,1,0,0,0,0,1,0,302388.3222,6654188.9523
tieliikenne_2022.280,280,POINT (343682.2624 6686592.681),2022,3,17.00-17.59,2,5,1,0,0,0,0,1,0,343682.2624,6686592.681
tieliikenne_2022.281,281,POINT (366426.196 6662581.1465),2022,6,18.00-18.59,2,9,0,0,0,0,0,1,0,366426.196,6662581.1465
tieliikenne_2022.282,282,POINT (375683.0374 6673461.0642),2022,3,08.00-08.59,2,4,0,1,0,1,0,0,0,375683.0374,6673461.0642
tieliikenne_2022.283,283,POINT (364589.9111 6673607.0141),2022,7,15.00-15.59,2,9,0,0,0,0,0,1,0,364589.9111,6673607.0141
tieliikenne_2022.284,284,POINT (364712.8475 6681322.0624),2022,7,01.00-01.59,2,9,2,0,0,0,0,0,0,364712.8475,6681322.0624
tieliikenne_2022.285,285,POINT (376267.0754 6685511.0074),2022,4,09.00-09.59,2,2,2,0,0,0,0,0,0,376267.0754,6685511.0074
tieliikenne_2022.286,286,POINT (350739.1939 6709154.092),2022,7,22.00-22.59,2,9,1,0,0,0,0,0,0,350739.1939,6709154.092
tieliikenne_2022.287,287,POINT (379379.1586 6678478.4323),2022,4,16.00-16.59,2,6,1,0,1,0,0,0,0,379379.1586,6678478.4323
tieliikenne_2022.288,288,POINT (377344.649 6673856.256),2022,4,00.00-00.59,2,8,1,0,0,0,0,0,0,377344.649,6673856.256
tieliikenne_2022.289,289,POINT (353127.8291 6693521.3492),2022,4,09.00-09.59,2,8,0,0,0,0,0,0,1,353127.8291,6693521.3492
tieliikenne_2022.290,290,POINT (372769.0664 6676517.9188),2022,4,15.00-15.59,2,9,1,0,0,1,0,0,0,372769.0664,6676517.9188
tieliikenne_2022.291,291,POINT (353682.8125 6716669.965),2022,8,16.00-16.59,3,9,0,0,0,0,0,1,0,353682.8125,6716669.965
tieliikenne_2022.292,292,POINT (303910.0094 6666948.4347),2022,4,14.00-14.59,1,8,1,0,0,0,0,0,0,303910.0094,6666948.4347
tieliikenne_2022.293,293,POINT (276631.1025 6639951.8585),2022,8,23.00-23.59,2,9,1,0,0,0,0,0,0,276631.1025,6639951.8585
tieliikenne_2022.294,294,POINT (355833.7575 6666963.6296),2022,4,10.00-10.59,2,2,1,1,0,0,0,0,0,355833.7575,6666963.6296
tieliikenne_2022.295,295,POINT (352566.1392 6698058.8805),2022,8,08.00-08.59,2,9,0,0,0,0,0,1,0,352566.1392,6698058.8805
tieliikenne_2022.296,296,POINT (363842.4189 6666934.9501),2022,4,13.00-13.59,2,8,1,0,0,0,0,0,0,363842.4189,6666934.9501
tieliikenne_2022.297,297,POINT (316112.8631 6659511.6072),2022,4,15.00-15.59,2,0,1,0,0,1,0,0,0,316112.8631,6659511.6072
tieliikenne_2022.298,298,POINT (368690.228 6671688.8191),2022,4,08.00-08.59,2,9,1,1,0,0,0,0,0,368690.228,6671688.8191
tieliikenne_2022.299,299,POINT (347539.4754 6665285.3295),2022,4,11.00-11.59,2,5,2,0,0,0,0,0,0,347539.4754,6665285.3295
tieliikenne_2022.300,300,POINT (344132.2294 6677286.0055),2022,9,06.00-06.59,2,9,1,0,0,0,0,0,0,344132.2294,6677286.0055
tieliikenne_2022.301,301,POINT (378588.6085 6676615.0252),2022,5,12.00-12.59,3,8,1,0,0,0,0,0,0,378588.6085,6676615.0252
tieliikenne_2022.302,302,POINT (345596.0127 6704502.586),2022,5,13.00-13.59,3,8,0,0,0,0,0,1,0,345596.0127,6704502.586
tieliikenne_2022.303,303,POINT (344686.1605 6673736.2006),2022,5,15.00-15.59,2,0,1,0,0,0,1,0,0,344686.1605,6673736.2006
tieliikenne_2022.304,304,POINT (352471.432 6691507.9364),2022,5,15.00-15.59,2,9,3,0,0,0,0,0,0,352471.432,6691507.9364
tieliikenne_2022.305,305,POINT (356183.5265 6676845.7803),2022,5,14.00-14.59,2,2,2,0,0,0,0,0,0,356183.5265,6676845.7803
tieliikenne_2022.306,306,POINT (356618.5338 6703029.9819),2022,5,15.00-15.59,2,8,1,0,0,0,0,0,0,356618.5338,6703029.9819
tieliikenne_2022.307,307,POINT (367995.2661 6672627.7431),2022,5,15.00-15.59,2,4,1,0,0,1,0,0,0,367995.2661,6672627.7431
tieliikenne_2022.308,308,POINT (366689.4846 6676190.1507),2022,5,08.00-08.59,2,0,2,0,0,0,0,0,0,366689.4846,6676190.1507
tieliikenne_2022.309,309,POINT (360572.8655 6660688.6722),2022,5,14.00-14.59,2,8,1,0,0,0,0,0,0,360572.8655,6660688.6722
tieliikenne_2022.310,310,POINT (334515.3999 6678669.6728),2022,5,05.00-05.59,2,4,1,0,0,1,0,0,0,334515.3999,6678669.6728
tieliikenne_2022.311,311,POINT (376600.4909 6672562.6394),2022,5,08.00-08.59,2,1,1,0,0,1,0,0,0,376600.4909,6672562.6394
tieliikenne_2022.312,312,POINT (348608.38 6713929.2855),2022,5,17.00-17.59,2,5,1,0,0,0,0,1,0,348608.38,6713929.2855
tieliikenne_2022.313,313,POINT (344979.1826 6671678.9208),2022,5,03.00-03.59,2,2,2,0,0,0,0,0,0,344979.1826,6671678.9208
tieliikenne_2022.314,314,POINT (337593.8737 6682656.7928),2022,5,16.00-16.59,3,4,1,0,0,1,0,0,0,337593.8737,6682656.7928
tieliikenne_2022.315,315,POINT (363083.4464 6671491.5916),2022,5,13.00-13.59,2,0,2,0,0,0,0,0,0,363083.4464,6671491.5916
tieliikenne_2022.316,316,POINT (372563.8358 6680447.4422),2022,5,15.00-15.59,2,8,1,0,0,0,0,0,0,372563.8358,6680447.4422
tieliikenne_2022.317,317,POINT (325081.6733 6670315.493),2022,5,17.00-17.59,3,2,1,1,0,0,0,0,0,325081.6733,6670315.493
tieliikenne_2022.318,318,POINT (370609.4766 6675122.375),2022,5,10.00-10.59,2,8,1,0,0,0,0,0,0,370609.4766,6675122.375
tieliikenne_2022.319,319,POINT (375714.0846 6684401.6388),2022,6,11.00-11.59,2,7,0,0,1,0,1,0,0,375714.0846,6684401.6388
tieliikenne_2022.320,320,POINT (340984.7974 6685316.9487),2022,6,17.00-17.59,2,5,2,0,0,0,0,0,0,340984.7974,6685316.9487
tieliikenne_2022.321,321,POINT (279225.5685 6640166.3415),2022,6,19.00-19.59,2,8,0,0,0,0,0,1,0,279225.5685,6640166.3415
tieliikenne_2022.322,322,POINT (375356.4234 6677913.4111),2022,6,15.00-15.59,2,0,3,0,0,0,0,0,0,375356.4234,6677913.4111
tieliikenne_2022.323,323,POINT (324966.6255 6658688.4871),2022,6,12.00-12.59,3,8,0,0,0,0,0,1,0,324966.6255,6658688.4871
tieliikenne_2022.324,324,POINT (315075.061 6659501.0259),2022,6,22.00-22.59,2,8,0,0,0,0,0,0,1,315075.061,6659501.0259
tieliikenne_2022.325,325,POINT (375285.9969 6672310.8327),2022,6,16.00-16.59,2,0,4,0,0,0,0,0,0,375285.9969,6672310.8327
tieliikenne_2022.326,326,POINT (373791.3859 6678601.4999),2022,6,07.00-07.59,1,8,1,0,0,0,0,0,0,373791.3859,6678601.4999
tieliikenne_2022.327,327,POINT (358019.1391 6678683.8288),2022,6,16.00-16.59,2,0,1,0,0,0,0,1,0,358019.1391,6678683.8288
tieliikenne_2022.328,328,POINT (374148.7883 6677242.2498),2022,6,20.00-20.59,2,5,2,0,0,0,0,0,0,374148.7883,6677242.2498
tieliikenne_2022.329,329,POINT (375766.3877 6672625.458),2022,5,14.00-14.59,2,9,1,0,1,0,0,0,0,375766.3877,6672625.458
tieliikenne_2022.330,330,POINT (354376.2178 6677131.1794),2022,6,07.00-07.59,2,9,0,0,0,0,1,0,0,354376.2178,6677131.1794
tieliikenne_2022.331,331,POINT (375783.1166 6687126.6686),2022,6,16.00-16.59,2,1,1,0,0,1,0,0,0,375783.1166,6687126.6686
tieliikenne_2022.332,332,POINT (372370.3971 6686673.0791),2022,6,15.00-15.59,2,3,1,0,0,1,0,0,0,372370.3971,6686673.0791
tieliikenne_2022.333,333,POINT (273901.2368 6638421.4756),2022,6,13.00-13.59,2,9,1,0,0,0,0,1,0,273901.2368,6638421.4756
tieliikenne_2022.334,334,POINT (350550.5254 6665450.2911),2022,6,09.00-09.59,2,0,2,0,0,0,0,0,0,350550.5254,6665450.2911
tieliikenne_2022.335,335,POINT (366883.3812 6671004.0736),2022,6,19.00-19.59,2,0,2,0,0,0,0,0,0,366883.3812,6671004.0736
tieliikenne_2022.336,336,POINT (273414.9898 6639415.4534),2022,6,19.00-19.59,2,3,1,0,0,0,1,0,0,273414.9898,6639415.4534
tieliikenne_2022.337,337,POINT (375112.6593 6674448.2515),2022,6,15.00-15.59,2,0,2,0,0,0,0,0,0,375112.6593,6674448.2515
tieliikenne_2022.338,338,POINT (341184.7067 6662203.0439),2022,6,16.00-16.59,2,2,2,0,0,0,0,0,0,341184.7067,6662203.0439
tieliikenne_2022.339,339,POINT (374498.0235 6671644.9808),2022,7,13.00-13.59,2,0,1,1,0,0,0,0,0,374498.0235,6671644.9808
tieliikenne_2022.340,340,POINT (341803.9809 6709384.5122),2022,7,14.00-14.59,3,3,1,0,0,0,0,1,0,341803.9809,6709384.5122
tieliikenne_2022.341,341,POINT (352604.0157 6677643.3656),2022,7,13.00-13.59,2,8,1,0,0,0,0,0,0,352604.0157,6677643.3656
tieliikenne_2022.342,342,POINT (332268.469 6686582.6769),2022,7,15.00-15.59,2,8,0,0,0,0,0,1,0,332268.469,6686582.6769
tieliikenne_2022.343,343,POINT (370835.5614 6670854.0755),2022,7,13.00-13.59,2,0,3,0,0,0,0,0,0,370835.5614,6670854.0755
tieliikenne_2022.344,344,POINT (366896.074 6680338.8887),2022,7,13.00-13.59,2,1,1,0,0,0,0,1,0,366896.074,6680338.8887
tieliikenne_2022.345,345,POINT (359821.1969 6700126.4961),2022,7,16.00-16.59,2,1,2,0,0,0,0,0,0,359821.1969,6700126.4961
tieliikenne_2022.346,346,POINT (360800.8878 6677411.5624),2022,7,17.00-17.59,2,8,1,0,0,0,0,0,0,360800.8878,6677411.5624
tieliikenne_2022.347,347,POINT (287254.7136 6657207.8771),2022,7,10.00-10.59,2,2,2,0,0,0,0,0,0,287254.7136,6657207.8771
tieliikenne_2022.348,348,POINT (369298.3213 6670452.3589),2022,7,21.00-21.59,2,0,2,0,0,0,0,0,0,369298.3213,6670452.3589
tieliikenne_2022.349,349,POINT (370931.2927 6678711.4696),2022,7,12.00-12.59,2,8,1,0,0,0,0,0,0,370931.2927,6678711.4696
tieliikenne_2022.350,350,POINT (350274.8283 6691935.026),2022,7,18.00-18.59,2,5,1,0,0,0,0,1,0,350274.8283,6691935.026
tieliikenne_2022.351,351,POINT (350055.7551 6691420.8606),2022,7,02.00-02.59,1,2,1,1,0,0,0,0,0,350055.7551,6691420.8606
tieliikenne_2022.352,352,POINT (367016.7901 6680175.3862),2022,7,18.00-18.59,2,0,1,0,0,0,1,0,0,367016.7901,6680175.3862
tieliikenne_2022.353,353,POINT (359772.3623 6699928.0408),2022,7,22.00-22.59,2,0,0,0,0,0,2,0,0,359772.3623,6699928.0408
tieliikenne_2022.354,354,POINT (374600.791 6676385.6121),2022,7,20.00-20.59,2,1,1,0,0,0,0,1,0,374600.791,6676385.6121
tieliikenne_2022.355,355,POINT (272781.7531 6639851.27),2022,7,20.00-20.59,2,0,2,0,0,0,0,0,0,272781.7531,6639851.27
tieliikenne_2022.356,356,POINT (375685.0767 6676407.0895),2022,7,10.00-10.59,2,1,2,0,0,0,0,0,0,375685.0767,6676407.0895
tieliikenne_2022.357,357,POINT (275211.54 6639758.743),2022,7,14.00-14.59,2,4,2,0,0,0,0,0,0,275211.54,6639758.743
tieliikenne_2022.358,358,POINT (359229.6772 6684592.4498),2022,7,13.00-13.59,3,8,1,0,0,0,0,0,0,359229.6772,6684592.4498
tieliikenne_2022.359,359,POINT (376688.739 6681798.8202),2022,7,00.00-00.59,2,9,0,0,0,0,1,0,0,376688.739,6681798.8202
tieliikenne_2022.360,360,POINT (302183.8326 6653401.782),2022,8,02.00-02.59,2,9,3,0,0,0,0,0,0,302183.8326,6653401.782
tieliikenne_2022.361,361,POINT (375136.4102 6674649.453),2022,8,11.00-11.59,2,0,3,0,0,0,0,0,0,375136.4102,6674649.453
tieliikenne_2022.362,362,POINT (333491.411 6675122.534),2022,8,18.00-18.59,3,2,1,0,0,0,0,1,0,333491.411,6675122.534
tieliikenne_2022.363,363,POINT (314632.0337 6664168.5674),2022,8,20.00-20.59,3,6,1,0,1,0,0,0,0,314632.0337,6664168.5674
tieliikenne_2022.364,364,POINT (378879.7996 6677182.3505),2022,8,13.00-13.59,2,8,1,0,0,0,0,0,0,378879.7996,6677182.3505
tieliikenne_2022.365,365,POINT (357089.6038 6667124.6198),2022,8,12.00-12.59,1,1,1,0,0,1,0,0,0,357089.6038,6667124.6198
tieliikenne_2022.366,366,POINT (273473.8768 6639938.8885),2022,8,13.00-13.59,3,4,1,0,0,1,0,0,0,273473.8768,6639938.8885
tieliikenne_2022.367,367,POINT (340308.2556 6684188.9897),2022,8,23.00-23.59,2,4,0,0,0,0,1,0,1,340308.2556,6684188.9897
tieliikenne_2022.368,368,POINT (357330.4805 6667618.1325),2022,8,13.00-13.59,2,1,1,0,0,0,1,0,0,357330.4805,6667618.1325
tieliikenne_2022.369,369,POINT (333453.6895 6676752.8265),2022,8,15.00-15.59,2,8,1,0,0,0,0,0,0,333453.6895,6676752.8265
tieliikenne_2022.370,370,POINT (337983.1735 6681636.4137),2022,8,14.00-14.59,2,5,0,0,0,1,0,1,0,337983.1735,6681636.4137
tieliikenne_2022.371,371,POINT (358993.9557 6669929.1735),2022,8,14.00-14.59,2,8,0,0,0,0,0,1,0,358993.9557,6669929.1735
tieliikenne_2022.372,372,POINT (370314.6446 6673043.7199),2022,8,12.00-12.59,2,0,2,0,0,0,0,0,0,370314.6446,6673043.7199
tieliikenne_2022.373,373,POINT (334913.6771 6678005.2187),2022,8,18.00-18.59,2,1,2,0,0,0,0,0,0,334913.6771,6678005.2187
tieliikenne_2022.374,374,POINT (341444.1767 6685433.9416),2022,8,14.00-14.59,2,3,1,0,0,0,1,0,0,341444.1767,6685433.9416
tieliikenne_2022.375,375,POINT (329740.4478 6698412.853),2022,8,18.00-18.59,2,3,1,0,0,0,0,1,0,329740.4478,6698412.853
tieliikenne_2022.376,376,POINT (372010.9994 6679498.2103),2022,8,17.00-17.59,2,0,0,0,0,1,1,0,0,372010.9994,6679498.2103
tieliikenne_2022.377,377,POINT (375194.9737 6670163.2763),2022,8,09.00-09.59,2,4,1,0,0,1,0,0,0,375194.9737,6670163.2763
tieliikenne_2022.378,378,POINT (375267.6966 6671798.8121),2022,8,11.00-11.59,2,0,1,0,0,0,0,1,0,375267.6966,6671798.8121
tieliikenne_2022.379,379,POINT (375530.8977 6684048.6875),2022,8,14.00-14.59,3,4,0,1,0,1,0,0,0,375530.8977,6684048.6875
tieliikenne_2022.380,380,POINT (333551.0506 6676888.3974),2022,8,23.00-23.59,2,9,0,0,0,0,1,0,0,333551.0506,6676888.3974
tieliikenne_2022.381,381,POINT (352570.4605 6694059.2697),2022,8,10.00-10.59,3,0,1,0,0,1,0,0,0,352570.4605,6694059.2697
tieliikenne_2022.382,382,POINT (275716.6787 6640209.6934),2022,8,16.00-16.59,2,8,0,1,0,0,0,0,0,275716.6787,6640209.6934
tieliikenne_2022.383,383,POINT (302517.1839 6654227.1731),2022,8,16.00-16.59,2,4,1,0,0,1,0,0,0,302517.1839,6654227.1731
tieliikenne_2022.384,384,POINT (366113.5965 6670503.699),2022,8,13.00-13.59,3,7,1,0,1,0,0,0,0,366113.5965,6670503.699
tieliikenne_2022.385,385,POINT (362677.805 6686155.949),2022,8,00.00-00.59,2,8,0,1,0,0,0,0,0,362677.805,6686155.949
tieliikenne_2022.386,386,POINT (346078.2753 6688066.795),2022,8,17.00-17.59,2,4,1,0,0,0,2,0,0,346078.2753,6688066.795
tieliikenne_2022.387,387,POINT (376120.4078 6683833.776),2022,8,17.00-17.59,2,2,2,0,0,0,0,0,0,376120.4078,6683833.776
tieliikenne_2022.388,388,POINT (379247.9918 6672159.1637),2022,8,01.00-01.59,2,8,1,0,0,0,0,0,0,379247.9918,6672159.1637
tieliikenne_2022.389,389,POINT (379975.514 6677525.4086),2022,8,17.00-17.59,2,3,1,0,0,0,0,1,0,379975.514,6677525.4086
tieliikenne_2022.390,390,POINT (337008.892 6682703.265),2022,8,13.00-13.59,2,4,1,0,0,1,0,0,0,337008.892,6682703.265
tieliikenne_2022.391,391,POINT (347954.0792 6714802.0226),2022,8,17.00-17.59,1,2,1,1,0,0,0,0,0,347954.0792,6714802.0226
tieliikenne_2022.392,392,POINT (379686.6462 6678795.713),2022,8,19.00-19.59,2,0,2,0,0,0,0,0,0,379686.6462,6678795.713
tieliikenne_2022.393,393,POINT (363426.6763 6672094.6281),2022,9,16.00-16.59,2,7,1,0,1,0,0,0,0,363426.6763,6672094.6281
tieliikenne_2022.394,394,POINT (358056.1182 6654538.1944),2022,9,00.00-00.59,2,0,2,0,0,0,0,0,0,358056.1182,6654538.1944
tieliikenne_2022.395,395,POINT (358664.8851 6679005.4273),2022,8,12.00-12.59,2,4,1,0,0,1,0,0,0,358664.8851,6679005.4273
tieliikenne_2022.396,396,POINT (372586.3714 6671657.8508),2022,9,13.00-13.59,2,0,2,0,0,0,0,0,0,372586.3714,6671657.8508
tieliikenne_2022.397,397,POINT (378541.1118 6677796.8687),2022,9,14.00-14.59,2,4,1,0,0,0,0,1,0,378541.1118,6677796.8687
tieliikenne_2022.398,398,POINT (360544.9586 6671596.2565),2022,9,18.00-18.59,2,2,2,0,0,0,0,0,0,360544.9586,6671596.2565
tieliikenne_2022.399,399,POINT (368142.554 6674939.602),2022,9,08.00-08.59,2,4,1,0,0,1,0,0,0,368142.554,6674939.602
tieliikenne_2022.400,400,POINT (351871.7256 6691935.7644),2022,9,08.00-08.59,2,9,1,0,0,0,0,1,0,351871.7256,6691935.7644
tieliikenne_2022.401,401,POINT (348004.053 6688173.1106),2022,9,22.00-22.59,2,0,2,0,0,0,0,0,0,348004.053,6688173.1106
tieliikenne_2022.402,402,POINT (353926.8617 6666859.3838),2022,9,17.00-17.59,2,8,1,0,0,0,0,0,0,353926.8617,6666859.3838
tieliikenne_2022.403,403,POINT (363943.0669 6695187.4846),2022,9,06.00-06.59,2,0,2,1,0,0,0,0,0,363943.0669,6695187.4846
tieliikenne_2022.404,404,POINT (375075.6109 6679765.1401),2022,9,13.00-13.59,2,4,1,0,0,1,0,0,0,375075.6109,6679765.1401
tieliikenne_2022.405,405,POINT (306675.111 6657115.6175),2022,9,10.00-10.59,2,8,1,0,0,0,0,0,0,306675.111,6657115.6175
tieliikenne_2022.406,406,POINT (357091.7863 6667133.7718),2022,9,14.00-14.59,3,3,2,0,0,0,0,0,0,357091.7863,6667133.7718
tieliikenne_2022.407,407,POINT (353313.238 6687104.95),2022,9,03.00-03.59,2,8,1,0,0,0,0,0,0,353313.238,6687104.95
tieliikenne_2022.408,408,POINT (350549.911 6690828.574),2022,9,15.00-15.59,2,5,1,0,0,1,0,0,0,350549.911,6690828.574
tieliikenne_2022.409,409,POINT (362677.494 6705011.0397),2022,9,19.00-19.59,3,9,0,0,0,0,0,0,1,362677.494,6705011.0397
tieliikenne_2022.410,410,POINT (332303.1751 6697635.8301),2022,9,13.00-13.59,3,4,1,0,0,0,0,1,0,332303.1751,6697635.8301
tieliikenne_2022.411,411,POINT (338069.7436 6701545.0795),2022,9,15.00-15.59,3,8,0,0,0,0,0,1,0,338069.7436,6701545.0795
tieliikenne_2022.412,412,POINT (349827.6352 6663758.6673),2022,9,09.00-09.59,2,8,0,1,0,0,0,0,0,349827.6352,6663758.6673
tieliikenne_2022.413,413,POINT (352349.116 6691512.42),2022,9,15.00-15.59,2,3,0,1,0,0,1,0,0,352349.116,6691512.42
tieliikenne_2022.414,414,POINT (358522.0453 6668028.4229),2022,9,19.00-19.59,2,8,0,0,0,0,1,0,0,358522.0453,6668028.4229
tieliikenne_2022.415,415,POINT (337553.343 6687596.9244),2022,9,16.00-16.59,2,3,1,0,0,0,1,0,0,337553.343,6687596.9244
tieliikenne_2022.416,416,POINT (376641.7896 6672576.8782),2022,10,12.00-12.59,2,0,2,0,0,0,0,0,0,376641.7896,6672576.8782
tieliikenne_2022.417,417,POINT (372963.213 6678569.001),2022,10,01.00-01.59,2,4,1,0,0,0,1,0,0,372963.213,6678569.001
tieliikenne_2022.418,418,POINT (339474.3666 6683728.6691),2022,10,20.00-20.59,2,0,0,0,0,0,2,0,0,339474.3666,6683728.6691
tieliikenne_2022.419,419,POINT (375934.6269 6672094.8175),2022,10,23.00-23.59,2,8,1,0,0,0,0,0,0,375934.6269,6672094.8175
tieliikenne_2022.420,420,POINT (374674.4061 6674012.8703),2022,10,16.00-16.59,2,7,1,0,1,0,0,0,0,374674.4061,6674012.8703
tieliikenne_2022.421,421,POINT (353361.5397 6700358.258),2022,10,18.00-18.59,2,7,1,0,1,0,0,0,0,353361.5397,6700358.258
tieliikenne_2022.422,422,POINT (376139.6633 6672908.9211),2022,10,19.00-19.59,2,9,1,0,1,0,0,0,0,376139.6633,6672908.9211
tieliikenne_2022.423,423,POINT (336656.4707 6685256.1381),2022,10,19.00-19.59,3,5,2,0,0,0,0,0,0,336656.4707,6685256.1381
tieliikenne_2022.424,424,POINT (373026.0009 6671618.5122),2022,10,20.00-20.59,2,7,1,0,1,0,0,0,0,373026.0009,6671618.5122
tieliikenne_2022.425,425,POINT (376669.403 6681654.7756),2022,10,22.00-22.59,3,2,1,1,0,0,0,0,0,376669.403,6681654.7756
tieliikenne_2022.426,426,POINT (351714.2195 6702692.3644),2022,10,21.00-21.59,2,8,1,0,0,0,0,0,0,351714.2195,6702692.3644
tieliikenne_2022.427,427,POINT (359420.0774 6694125.1021),2022,10,18.00-18.59,2,8,1,0,0,0,0,0,0,359420.0774,6694125.1021
tieliikenne_2022.428,428,POINT (371705.0918 6676967.0182),2022,10,08.00-08.59,2,0,2,0,0,0,0,0,0,371705.0918,6676967.0182
tieliikenne_2022.429,429,POINT (370407.9002 6675483.9119),2022,10,08.00-08.59,3,6,1,0,1,0,0,0,0,370407.9002,6675483.9119
tieliikenne_2022.430,430,POINT (373447.2308 6680537.0715),2022,11,14.00-14.59,2,3,1,0,0,0,1,0,0,373447.2308,6680537.0715
tieliikenne_2022.431,431,POINT (338992.4455 6682381.1471),2022,11,10.00-10.59,2,8,0,0,0,0,1,0,0,338992.4455,6682381.1471
tieliikenne_2022.432,432,POINT (337624.8219 6683038.565),2022,11,20.00-20.59,2,6,1,0,1,0,0,0,0,337624.8219,6683038.565
tieliikenne_2022.433,433,POINT (378615.0899 6677607.0883),2022,11,17.00-17.59,2,1,2,0,0,0,0,0,0,378615.0899,6677607.0883
tieliikenne_2022.434,434,POINT (366595.9096 6673162.3693),2022,11,19.00-19.59,2,8,1,0,0,0,0,0,0,366595.9096,6673162.3693
tieliikenne_2022.435,435,POINT (346890.1866 6714122.9434),2022,11,20.00-20.59,2,7,0,0,1,0,1,0,0,346890.1866,6714122.9434
tieliikenne_2022.436,436,POINT (299933.5009 6668900.3548),2022,11,22.00-22.59,1,7,1,0,1,0,0,0,0,299933.5009,6668900.3548
tieliikenne_2022.437,437,POINT (374235.4009 6672497.4017),2022,11,11.00-11.59,1,8,1,0,0,0,0,0,0,374235.4009,6672497.4017
tieliikenne_2022.438,438,POINT (346257.5154 6688153.7625),2022,11,13.00-13.59,2,8,0,0,0,0,0,0,1,346257.5154,6688153.7625
tieliikenne_2022.439,439,POINT (355362.2136 6664048.0923),2022,10,18.00-18.59,2,4,1,0,0,1,0,0,0,355362.2136,6664048.0923
tieliikenne_2022.440,440,POINT (351993.2286 6701205.1526),2022,11,15.00-15.59,2,5,2,0,0,0,0,0,0,351993.2286,6701205.1526
tieliikenne_2022.441,441,POINT (358092.6306 6683982.1364),2022,11,10.00-10.59,2,0,2,0,0,0,0,0,0,358092.6306,6683982.1364
tieliikenne_2022.442,442,POINT (337991.2244 6685894.7302),2022,11,21.00-21.59,2,8,1,0,0,0,0,0,0,337991.2244,6685894.7302
tieliikenne_2022.443,443,POINT (307776.884 6667645.325),2022,11,11.00-11.59,2,5,2,0,0,0,0,0,0,307776.884,6667645.325
tieliikenne_2022.444,444,POINT (370109.2972 6675832.8605),2022,11,23.00-23.59,2,8,1,0,0,0,0,0,0,370109.2972,6675832.8605
tieliikenne_2022.445,445,POINT (370240.4961 6683793.9084),2022,12,03.00-03.59,2,8,1,0,0,0,0,0,0,370240.4961,6683793.9084
tieliikenne_2022.446,446,POINT (352248.5759 6697694.2308),2022,12,03.00-03.59,2,8,1,0,0,0,0,0,0,352248.5759,6697694.2308
tieliikenne_2022.447,447,POINT (309123.534 6667908.6803),2022,12,07.00-07.59,2,0,1,0,0,1,0,0,0,309123.534,6667908.6803
tieliikenne_2022.448,448,POINT (363868.0382 6672468.5794),2022,12,07.00-07.59,3,0,2,0,0,0,0,0,0,363868.0382,6672468.5794
tieliikenne_2022.449,449,POINT (375657.44 6681194.8288),2022,12,21.00-21.59,2,8,1,0,0,0,0,0,0,375657.44,6681194.8288
tieliikenne_2022.450,450,POINT (352471.2298 6691515.2015),2022,12,11.00-11.59,2,6,1,0,1,0,0,0,0,352471.2298,6691515.2015
tieliikenne_2022.451,451,POINT (341921.0652 6686559.4125),2022,12,04.00-04.59,2,0,2,0,0,0,0,0,0,341921.0652,6686559.4125
tieliikenne_2022.452,452,POINT (380110.112 6680104.1297),2022,12,08.00-08.59,2,5,1,0,0,1,0,0,0,380110.112,6680104.1297
tieliikenne_2022.453,453,POINT (275230.8674 6639768.4579),2022,12,12.00-12.59,2,4,2,0,0,0,0,0,0,275230.8674,6639768.4579
tieliikenne_2022.454,454,POINT (372715.318 6680802.0712),2022,12,06.00-06.59,2,2,2,0,0,0,0,0,0,372715.318,6680802.0712
tieliikenne_2022.455,455,POINT (360468.5157 6765981.8206),2022,12,09.00-09.59,2,1,2,0,0,0,0,0,0,360468.5157,6765981.8206
tieliikenne_2022.456,456,POINT (359319.3587 6684467.7259),2022,12,11.00-11.59,2,0,1,1,0,0,0,0,0,359319.3587,6684467.7259
tieliikenne_2022.457,457,POINT (276437.4659 6640280.9794),2022,12,13.00-13.59,2,9,0,1,0,0,0,0,0,276437.4659,6640280.9794
tieliikenne_2022.458,458,POINT (357113.0193 6667126.1886),2022,12,10.00-10.59,2,5,2,0,0,0,0,0,0,357113.0193,6667126.1886
tieliikenne_2022.459,459,POINT (376507.1061 6676445.302),2022,12,16.00-16.59,2,0,3,0,0,0,0,0,0,376507.1061,6676445.302
tieliikenne_2022.460,460,POINT (396409.3243 6696031.7148),2022,1,21.00-21.59,2,0,2,0,0,0,0,0,0,396409.3243,6696031.7148
tieliikenne_2022.461,461,POINT (382226.1299 6682578.795),2022,1,19.00-19.59,2,5,2,0,0,0,0,0,0,382226.1299,6682578.795
tieliikenne_2022.462,462,POINT (409374.1623 6702143.5526),2022,1,03.00-03.59,2,8,1,0,0,0,0,0,0,409374.1623,6702143.5526
tieliikenne_2022.463,463,POINT (395492.9876 6681298.2612),2022,1,07.00-07.59,2,1,2,0,0,0,0,0,0,395492.9876,6681298.2612
tieliikenne_2022.464,464,POINT (379058.0114 6684425.8736),2022,1,09.00-09.59,2,3,2,0,0,0,0,0,0,379058.0114,6684425.8736
tieliikenne_2022.465,465,POINT (381230.4724 6686631.4447),2022,1,14.00-14.59,2,0,2,0,0,0,0,0,0,381230.4724,6686631.4447
tieliikenne_2022.466,466,POINT (388857.3329 6686513.9426),2022,1,00.00-00.59,2,8,1,0,0,0,0,0,0,388857.3329,6686513.9426
tieliikenne_2022.467,467,POINT (388951.2186 6693402.8136),2022,1,06.00-06.59,2,7,1,0,1,0,0,0,0,388951.2186,6693402.8136
tieliikenne_2022.468,468,POINT (427929.0302 6695466.938),2022,1,13.00-13.59,2,0,2,0,0,0,0,0,0,427929.0302,6695466.938
tieliikenne_2022.469,469,POINT (387145.2219 6685261.3958),2022,1,15.00-15.59,2,6,1,0,1,0,0,0,0,387145.2219,6685261.3958
tieliikenne_2022.470,470,POINT (389563.0552 6690429.515),2022,1,12.00-12.59,2,8,1,0,0,0,0,0,0,389563.0552,6690429.515
tieliikenne_2022.471,471,POINT (383274.2804 6723399.336),2022,1,16.00-16.59,2,6,1,0,1,0,0,0,0,383274.2804,6723399.336
tieliikenne_2022.472,472,POINT (404441.4506 6691841.0307),2022,1,21.00-21.59,2,8,1,0,0,0,0,0,0,404441.4506,6691841.0307
tieliikenne_2022.473,473,POINT (379412.882 6711458.4908),2022,1,21.00-21.59,2,8,1,0,0,0,0,0,0,379412.882,6711458.4908
tieliikenne_2022.474,474,POINT (381260.2541 6704142.0882),2022,1,08.00-08.59,2,1,3,0,0,0,0,0,0,381260.2541,6704142.0882
tieliikenne_2022.475,475,POINT (394864.7463 6686617.7692),2022,1,15.00-15.59,2,8,1,0,0,0,0,0,0,394864.7463,6686617.7692
tieliikenne_2022.476,476,POINT (422871.4883 6696385.8669),2022,2,18.00-18.59,2,9,1,0,0,0,0,0,0,422871.4883,6696385.8669
tieliikenne_2022.477,477,POINT (455937.7055 6704759.0638),2022,1,05.00-05.59,3,7,1,0,1,0,0,0,0,455937.7055,6704759.0638
tieliikenne_2022.478,478,POINT (461214.0055 6699776.3158),2022,2,22.00-22.59,2,9,1,0,0,0,0,0,0,461214.0055,6699776.3158
tieliikenne_2022.479,479,POINT (402019.0979 6704498.7603),2022,1,09.00-09.59,2,8,0,1,0,0,0,0,0,402019.0979,6704498.7603
tieliikenne_2022.480,480,POINT (388801.0748 6721954.9621),2022,1,13.00-13.59,2,2,2,1,0,0,0,0,0,388801.0748,6721954.9621
tieliikenne_2022.481,481,POINT (393767.8691 6691790.6106),2022,1,15.00-15.59,2,9,1,0,1,0,0,0,0,393767.8691,6691790.6106
tieliikenne_2022.482,482,POINT (398417.4907 6705217.0105),2022,1,13.00-13.59,2,4,2,0,0,0,0,0,0,398417.4907,6705217.0105
tieliikenne_2022.483,483,POINT (410101.0541 6683593.0383),2022,1,10.00-10.59,2,0,1,1,0,0,0,0,0,410101.0541,6683593.0383
tieliikenne_2022.484,484,POINT (388878.6833 6686515.2533),2022,1,18.00-18.59,2,0,2,0,0,0,0,0,0,388878.6833,6686515.2533
tieliikenne_2022.485,485,POINT (393359.7274 6687591.3174),2022,1,20.00-20.59,2,8,0,1,0,0,0,0,0,393359.7274,6687591.3174
tieliikenne_2022.486,486,POINT (390606.2235 6685781.7392),2022,1,07.00-07.59,2,6,1,0,1,0,0,0,0,390606.2235,6685781.7392
tieliikenne_2022.487,487,POINT (381998.7674 6684786.5054),2022,1,13.00-13.59,2,0,2,0,0,0,0,0,0,381998.7674,6684786.5054
tieliikenne_2022.488,488,POINT (378671.5121 6682860.5953),2022,1,12.00-12.59,2,7,0,1,1,0,0,0,0,378671.5121,6682860.5953
tieliikenne_2022.489,489,POINT (396409.3061 6703548.1412),2022,2,02.00-02.59,2,9,1,1,0,0,0,0,0,396409.3061,6703548.1412
tieliikenne_2022.490,490,POINT (391615.8757 6707720.1578),2022,2,07.00-07.59,2,2,2,0,0,0,0,0,0,391615.8757,6707720.1578
tieliikenne_2022.491,491,POINT (381881.7082 6714794.2516),2022,2,13.00-13.59,2,5,2,0,0,0,0,0,0,381881.7082,6714794.2516
tieliikenne_2022.492,492,POINT (377035.664 6686573.555),2022,2,05.00-05.59,3,2,2,0,0,0,0,0,0,377035.664,6686573.555
tieliikenne_2022.493,493,POINT (393828.5954 6691585.9911),2022,2,06.00-06.59,2,0,2,0,0,0,0,0,0,393828.5954,6691585.9911
tieliikenne_2022.494,494,POINT (381928.6337 6685905.9197),2022,2,17.00-17.59,2,2,2,0,0,0,0,0,0,381928.6337,6685905.9197
tieliikenne_2022.495,495,POINT (385619.3545 6680149.1448),2022,2,17.00-17.59,2,0,7,0,1,0,0,0,0,385619.3545,6680149.1448
tieliikenne_2022.496,496,POINT (390493.0964 6685514.523),2022,2,18.00-18.59,2,7,1,0,1,0,0,0,0,390493.0964,6685514.523
tieliikenne_2022.497,497,POINT (424999.2456 6695688.0633),2022,2,09.00-09.59,2,0,2,0,0,0,0,0,0,424999.2456,6695688.0633
tieliikenne_2022.498,498,POINT (389651.0818 6700679.731),2022,2,13.00-13.59,2,1,4,0,0,0,0,0,0,389651.0818,6700679.731
tieliikenne_2022.499,499,POINT (396695.3263 6699313.1702),2022,2,13.00-13.59,2,0,3,0,0,0,0,0,0,396695.3263,6699313.1702
tieliikenne_2022.500,500,POINT (379565.3286 6681740.1566),2022,2,16.00-16.59,2,4,2,0,0,0,0,0,0,379565.3286,6681740.1566
tieliikenne_2022.501,501,POINT (395218.168 6697668.0149),2022,2,08.00-08.59,2,0,1,1,0,0,0,0,0,395218.168,6697668.0149
tieliikenne_2022.502,502,POINT (396672.3594 6699546.8972),2022,2,01.00-01.59,2,0,2,0,0,0,0,0,0,396672.3594,6699546.8972
tieliikenne_2022.503,503,POINT (384994.3787 6691640.0577),2022,2,08.00-08.59,2,2,0,2,0,0,0,0,0,384994.3787,6691640.0577
tieliikenne_2022.504,504,POINT (388303.3761 6684784.6587),2022,2,19.00-19.59,2,8,1,0,0,0,0,0,0,388303.3761,6684784.6587
tieliikenne_2022.505,505,POINT (377280.933 6712179.5221),2022,2,17.00-17.59,2,2,2,0,0,0,0,0,0,377280.933,6712179.5221
tieliikenne_2022.506,506,POINT (411913.8363 6728978.144),2022,2,07.00-07.59,2,0,1,1,0,0,0,0,0,411913.8363,6728978.144
tieliikenne_2022.507,507,POINT (384918.9091 6687045.313),2022,2,06.00-06.59,2,2,0,2,0,0,0,0,0,384918.9091,6687045.313
tieliikenne_2022.508,508,POINT (450122.2049 6702383.9167),2022,4,22.00-22.59,2,9,0,0,0,0,0,1,0,450122.2049,6702383.9167
tieliikenne_2022.509,509,POINT (384319.8885 6721562.4569),2022,2,19.00-19.59,2,0,2,0,0,0,0,0,0,384319.8885,6721562.4569
tieliikenne_2022.510,510,POINT (379842.792 6698217.2868),2022,2,11.00-11.59,2,8,1,0,0,0,0,0,0,379842.792,6698217.2868
tieliikenne_2022.511,511,POINT (395769.7686 6721681.1284),2022,2,11.00-11.59,2,0,3,0,0,0,0,0,0,395769.7686,6721681.1284
tieliikenne_2022.512,512,POINT (382063.6416 6685721.3617),2022,3,10.00-10.59,2,7,0,0,1,0,0,0,1,382063.6416,6685721.3617
tieliikenne_2022.513,513,POINT (390977.9152 6689177.8892),2022,3,13.00-13.59,2,1,2,0,0,0,0,0,0,390977.9152,6689177.8892
tieliikenne_2022.514,514,POINT (396159.2909 6684640.3703),2022,3,15.00-15.59,2,4,2,0,0,0,0,0,0,396159.2909,6684640.3703
tieliikenne_2022.515,515,POINT (395621.4228 6696964.6891),2022,3,14.00-14.59,2,9,2,0,0,0,0,0,0,395621.4228,6696964.6891
tieliikenne_2022.516,516,POINT (381587.7373 6704296.296),2022,5,22.00-22.59,2,9,1,0,0,0,0,0,0,381587.7373,6704296.296
tieliikenne_2022.517,517,POINT (387880.3514 6685843.6088),2022,3,06.00-06.59,2,4,1,1,0,0,0,0,0,387880.3514,6685843.6088
tieliikenne_2022.518,518,POINT (389605.7076 6690725.0127),2022,3,07.00-07.59,2,8,1,0,0,0,0,0,0,389605.7076,6690725.0127
tieliikenne_2022.519,519,POINT (396424.4428 6705486.5367),2022,3,13.00-13.59,2,0,2,0,0,0,0,0,0,396424.4428,6705486.5367
tieliikenne_2022.520,520,POINT (389654.2424 6689053.3104),2022,3,17.00-17.59,2,0,3,0,0,0,0,0,0,389654.2424,6689053.3104
tieliikenne_2022.521,521,POINT (388409.8375 6714778.2494),2022,3,12.00-12.59,2,6,1,0,1,0,0,0,0,388409.8375,6714778.2494
tieliikenne_2022.522,522,POINT (387192.0882 6685824.0125),2022,3,20.00-20.59,2,8,1,0,0,0,0,0,0,387192.0882,6685824.0125
tieliikenne_2022.523,523,POINT (381756.7096 6705306.2877),2022,6,00.00-00.59,2,9,1,0,0,0,0,0,0,381756.7096,6705306.2877
tieliikenne_2022.524,524,POINT (394943.4996 6705555.0636),2022,3,08.00-08.59,2,6,1,0,1,0,0,0,0,394943.4996,6705555.0636
tieliikenne_2022.525,525,POINT (385882.0155 6685560.3827),2022,3,01.00-01.59,2,8,1,0,0,0,0,0,0,385882.0155,6685560.3827
tieliikenne_2022.526,526,POINT (394103.4324 6698007.4731),2022,3,05.00-05.59,1,9,1,0,1,0,0,0,0,394103.4324,6698007.4731
tieliikenne_2022.527,527,POINT (407772.8201 6723220.9915),2022,3,15.00-15.59,2,4,2,0,0,0,0,0,0,407772.8201,6723220.9915
tieliikenne_2022.528,528,POINT (394043.0462 6685606.5213),2022,3,21.00-21.59,2,8,1,0,0,0,0,0,0,394043.0462,6685606.5213
tieliikenne_2022.529,529,POINT (388674.9845 6686377.7536),2022,3,20.00-20.59,2,8,0,0,0,0,1,0,0,388674.9845,6686377.7536
tieliikenne_2022.530,530,POINT (381928.7551 6708649.3868),2022,4,15.00-15.59,2,3,2,0,0,0,0,0,0,381928.7551,6708649.3868
tieliikenne_2022.531,531,POINT (380169.1954 6721855.7174),2022,4,19.00-19.59,3,7,1,0,1,0,0,0,0,380169.1954,6721855.7174
tieliikenne_2022.532,532,POINT (387120.2958 6684723.2098),2022,4,08.00-08.59,2,8,1,0,0,0,0,0,0,387120.2958,6684723.2098
tieliikenne_2022.533,533,POINT (389802.9744 6688297.0423),2022,4,07.00-07.59,2,6,1,0,1,0,0,0,0,389802.9744,6688297.0423
tieliikenne_2022.534,534,POINT (381451.3309 6713632.718),2022,4,09.00-09.59,2,8,0,1,0,0,0,0,0,381451.3309,6713632.718
tieliikenne_2022.535,535,POINT (382461.1721 6682693.9864),2022,4,13.00-13.59,2,0,2,0,0,0,0,0,0,382461.1721,6682693.9864
tieliikenne_2022.536,536,POINT (383659.0697 6685172.2167),2022,8,02.00-02.59,2,9,0,0,0,0,0,1,0,383659.0697,6685172.2167
tieliikenne_2022.537,537,POINT (395044.5426 6696987.3502),2022,4,00.00-00.59,2,2,1,1,0,0,0,0,0,395044.5426,6696987.3502
tieliikenne_2022.538,538,POINT (390344.6506 6688080.0768),2022,4,20.00-20.59,2,9,0,0,0,0,0,1,0,390344.6506,6688080.0768
tieliikenne_2022.539,539,POINT (420777.7684 6693415.9387),2022,4,19.00-19.59,3,2,2,0,0,0,0,0,0,420777.7684,6693415.9387
tieliikenne_2022.540,540,POINT (395274.7095 6706982.2819),2022,4,00.00-00.59,1,5,2,0,0,0,0,0,0,395274.7095,6706982.2819
tieliikenne_2022.541,541,POINT (392343.8944 6688599.5747),2022,4,02.00-02.59,2,8,1,0,0,0,0,0,0,392343.8944,6688599.5747
tieliikenne_2022.542,542,POINT (410156.4965 6706743.188),2022,4,04.00-04.59,2,8,1,0,0,0,0,0,0,410156.4965,6706743.188
tieliikenne_2022.543,543,POINT (379058.1433 6692540.4377),2022,4,03.00-03.59,3,8,1,0,0,0,0,0,0,379058.1433,6692540.4377
tieliikenne_2022.544,544,POINT (388131.062 6722399.5341),2022,4,18.00-18.59,2,8,1,0,0,0,0,0,0,388131.062,6722399.5341
tieliikenne_2022.545,545,POINT (382421.3171 6683541.3005),2022,4,23.00-23.59,2,8,1,0,0,0,0,0,0,382421.3171,6683541.3005
tieliikenne_2022.546,546,POINT (387101.82 6721707.0423),2022,9,07.00-07.59,1,2,1,1,0,0,0,0,0,387101.82,6721707.0423
tieliikenne_2022.547,547,POINT (421628.7757 6704095.4464),2022,4,09.00-09.59,2,5,1,0,0,1,0,0,0,421628.7757,6704095.4464
tieliikenne_2022.548,548,POINT (381198.8734 6685494.1795),2022,4,,3,8,0,0,0,0,0,1,0,381198.8734,6685494.1795
tieliikenne_2022.549,549,POINT (379157.9438 6681725.5662),2022,4,17.00-17.59,2,0,3,0,0,0,0,0,0,379157.9438,6681725.5662
tieliikenne_2022.550,550,POINT (383598.3747 6720803.3736),2022,4,09.00-09.59,2,2,1,1,0,0,0,0,0,383598.3747,6720803.3736
tieliikenne_2022.551,551,POINT (394901.6023 6695272.5554),2022,4,14.00-14.59,2,8,2,0,0,0,0,0,0,394901.6023,6695272.5554
tieliikenne_2022.552,552,POINT (412690.537 6688309.6105),2022,9,20.00-20.59,2,9,1,0,0,0,0,0,0,412690.537,6688309.6105
tieliikenne_2022.553,553,POINT (380079.2833 6725215.0556),2022,5,00.00-00.59,1,0,2,0,0,0,0,0,0,380079.2833,6725215.0556
tieliikenne_2022.554,554,POINT (396969.2469 6698207.552),2022,5,09.00-09.59,2,5,2,0,0,0,0,0,0,396969.2469,6698207.552
tieliikenne_2022.555,555,POINT (387656.509 6682803.3587),2022,5,15.00-15.59,2,0,1,1,0,0,0,0,0,387656.509,6682803.3587
tieliikenne_2022.556,556,POINT (378872.6964 6705108.7712),2022,5,10.00-10.59,3,1,1,0,0,0,0,1,0,378872.6964,6705108.7712
tieliikenne_2022.557,557,POINT (451153.1339 6718210.4866),2022,10,23.00-23.59,2,9,1,0,0,0,0,0,0,451153.1339,6718210.4866
tieliikenne_2022.558,558,POINT (396657.8199 6692144.9023),2022,5,22.00-22.59,2,7,0,0,1,0,1,0,0,396657.8199,6692144.9023
tieliikenne_2022.559,559,POINT (395485.4914 6682425.0917),2022,5,00.00-00.59,2,8,1,0,0,0,0,0,0,395485.4914,6682425.0917
tieliikenne_2022.560,560,POINT (392395.8911 6706752.3439),2022,5,04.00-04.59,2,8,1,0,0,0,0,0,0,392395.8911,6706752.3439
tieliikenne_2022.561,561,POINT (374688.0885 6696815.279),2022,5,14.00-14.59,2,4,1,0,0,1,0,0,0,374688.0885,6696815.279
tieliikenne_2022.562,562,POINT (408989.5252 6708824.0407),2022,5,20.00-20.59,2,8,0,0,0,0,0,1,0,408989.5252,6708824.0407
tieliikenne_2022.563,563,POINT (381859.7265 6721920.9426),2022,5,08.00-08.59,2,6,1,0,1,0,0,0,0,381859.7265,6721920.9426
tieliikenne_2022.564,564,POINT (385989.9165 6726805.0112),2022,10,19.00-19.59,2,9,1,0,0,0,0,0,0,385989.9165,6726805.0112
tieliikenne_2022.565,565,POINT (394674.063 6684212.7151),2022,5,16.00-16.59,2,0,2,0,0,0,0,0,0,394674.063,6684212.7151
tieliikenne_2022.566,566,POINT (380655.8391 6715947.8349),2022,5,12.00-12.59,2,8,1,0,0,0,0,0,0,380655.8391,6715947.8349
tieliikenne_2022.567,567,POINT (382835.6783 6723922.7063),2022,5,13.00-13.59,2,0,2,0,0,0,0,0,0,382835.6783,6723922.7063
tieliikenne_2022.568,568,POINT (382968.1851 6686503.5067),2022,5,15.00-15.59,2,0,3,0,0,0,0,0,0,382968.1851,6686503.5067
tieliikenne_2022.569,569,POINT (381334.6415 6685893.1662),2022,5,00.00-00.59,1,8,1,0,0,0,0,0,0,381334.6415,6685893.1662
tieliikenne_2022.570,570,POINT (381019.1301 6688202.7803),2022,5,01.00-01.59,2,8,1,0,0,0,0,0,0,381019.1301,6688202.7803
tieliikenne_2022.571,571,POINT (388089.7835 6683874.5494),2022,5,16.00-16.59,2,0,2,0,0,0,0,0,0,388089.7835,6683874.5494
tieliikenne_2022.572,572,POINT (405117.4209 6693825.1264),2022,5,20.00-20.59,2,9,0,0,0,0,1,0,0,405117.4209,6693825.1264
tieliikenne_2022.573,573,POINT (395744.2452 6721678.9197),2022,5,16.00-16.59,2,0,2,0,0,0,0,1,0,395744.2452,6721678.9197
tieliikenne_2022.574,574,POINT (436555.6826 6725459.3315),2022,5,15.00-15.59,2,1,1,0,0,1,0,0,0,436555.6826,6725459.3315
tieliikenne_2022.575,575,POINT (379901.3094 6682206.4558),2022,5,12.00-12.59,2,4,1,0,0,1,0,0,0,379901.3094,6682206.4558
tieliikenne_2022.576,576,POINT (415755.2884 6690268.1667),2022,5,17.00-17.59,2,8,0,0,0,0,0,1,0,415755.2884,6690268.1667
tieliikenne_2022.577,577,POINT (395502.5853 6706596.2623),2022,5,19.00-19.59,2,4,2,0,0,0,0,0,0,395502.5853,6706596.2623
tieliikenne_2022.578,578,POINT (395778.8338 6704658.0096),2022,5,12.00-12.59,2,4,2,0,0,0,0,0,0,395778.8338,6704658.0096
tieliikenne_2022.579,579,POINT (392311.1185 6688708.577),2022,5,14.00-14.59,2,0,2,1,0,1,0,0,0,392311.1185,6688708.577
tieliikenne_2022.580,580,POINT (421007.0597 6705991.353),2022,12,17.00-17.59,1,9,1,0,0,0,0,0,0,421007.0597,6705991.353
tieliikenne_2022.581,581,POINT (397188.9376 6704992.1948),2022,5,17.00-17.59,2,4,2,0,0,0,0,0,0,397188.9376,6704992.1948
tieliikenne_2022.582,582,POINT (381438.6551 6724733.1477),2022,5,23.00-23.59,2,5,1,0,0,0,1,0,0,381438.6551,6724733.1477
tieliikenne_2022.583,583,POINT (393761.1146 6701790.4359),2022,5,12.00-12.59,2,2,2,0,0,0,0,0,0,393761.1146,6701790.4359
tieliikenne_2022.584,584,POINT (393126.972 6688329.6312),2022,6,13.00-13.59,2,0,3,0,0,0,0,0,0,393126.972,6688329.6312
tieliikenne_2022.585,585,POINT (383891.5918 6687445.3157),2022,6,18.00-18.59,2,1,1,0,0,1,0,0,0,383891.5918,6687445.3157
tieliikenne_2022.586,586,POINT (411234.0442 6730008.2262),2022,6,20.00-20.59,2,8,1,0,0,0,0,0,0,411234.0442,6730008.2262
tieliikenne_2022.587,587,POINT (381447.5713 6718465.7394),2022,6,00.00-00.59,2,2,3,0,0,0,0,0,0,381447.5713,6718465.7394
tieliikenne_2022.588,588,POINT (396713.208 6695908.7383),2022,6,06.00-06.59,2,8,1,0,0,0,0,0,0,396713.208,6695908.7383
tieliikenne_2022.589,589,POINT (394495.313 6684309.7859),2022,6,07.00-07.59,2,0,5,0,0,0,0,0,0,394495.313,6684309.7859
tieliikenne_2022.590,590,POINT (377539.1132 6694566.6514),2022,6,16.00-16.59,2,0,1,0,0,0,0,1,0,377539.1132,6694566.6514
tieliikenne_2022.591,591,POINT (394841.524 6682641.793),2022,6,18.00-18.59,2,2,1,0,0,0,0,1,0,394841.524,6682641.793
tieliikenne_2022.592,592,POINT (373258.6234 6697582.7679),2022,6,21.00-21.59,2,8,1,0,0,0,0,0,0,373258.6234,6697582.7679
tieliikenne_2022.593,593,POINT (382358.0667 6686423.4723),2022,6,18.00-18.59,2,0,1,0,0,0,0,1,0,382358.0667,6686423.4723
tieliikenne_2022.594,594,POINT (388157.4194 6686125.4219),2022,6,22.00-22.59,2,4,1,0,0,0,0,1,0,388157.4194,6686125.4219
tieliikenne_2022.595,595,POINT (394834.6943 6705833.48),2022,6,16.00-16.59,2,4,1,0,0,1,0,0,0,394834.6943,6705833.48
tieliikenne_2022.596,596,POINT (406634.2919 6725572.9439),2022,6,02.00-02.59,2,8,1,0,0,0,0,0,0,406634.2919,6725572.9439
tieliikenne_2022.597,597,POINT (390697.4254 6694803.5297),2022,6,14.00-14.59,2,1,1,0,0,1,0,0,0,390697.4254,6694803.5297
tieliikenne_2022.598,598,POINT (372199.5951 6694378.072),2022,6,19.00-19.59,2,1,0,0,0,0,2,0,0,372199.5951,6694378.072
tieliikenne_2022.599,599,POINT (378784.3448 6710599.5922),2022,6,03.00-03.59,2,8,1,0,0,0,0,0,0,378784.3448,6710599.5922
tieliikenne_2022.600,600,POINT (381188.9285 6713595.3957),2022,6,09.00-09.59,2,8,1,0,0,0,0,0,0,381188.9285,6713595.3957
tieliikenne_2022.601,601,POINT (392363.6664 6686497.1246),2022,6,12.00-12.59,2,3,1,0,0,1,0,0,0,392363.6664,6686497.1246
tieliikenne_2022.602,602,POINT (411200.2262 6701378.3258),2022,6,14.00-14.59,3,2,0,0,0,0,1,1,0,411200.2262,6701378.3258
tieliikenne_2022.603,603,POINT (394714.5396 6706560.1755),2022,6,16.00-16.59,2,1,1,0,0,1,0,0,0,394714.5396,6706560.1755
tieliikenne_2022.604,604,POINT (379566.7758 6690904.4667),2022,6,23.00-23.59,2,0,2,0,0,0,0,0,0,379566.7758,6690904.4667
tieliikenne_2022.605,605,POINT (382219.9387 6723403.4483),2022,6,19.00-19.59,2,4,1,0,0,1,0,0,0,382219.9387,6723403.4483
tieliikenne_2022.606,606,POINT (416536.7783 6712598.9423),2022,6,08.00-08.59,2,8,1,0,0,0,0,0,0,416536.7783,6712598.9423
tieliikenne_2022.607,607,POINT (381170.7653 6720833.3587),2022,6,19.00-19.59,2,1,1,0,0,0,1,0,1,381170.7653,6720833.3587
tieliikenne_2022.608,608,POINT (403697.3254 6689974.3862),2022,6,02.00-02.59,2,8,1,0,0,0,0,0,0,403697.3254,6689974.3862
tieliikenne_2022.609,609,POINT (380177.5522 6723380.5835),2022,6,07.00-07.59,2,0,1,1,0,0,0,0,0,380177.5522,6723380.5835
tieliikenne_2022.610,610,POINT (407754.1082 6724991.7881),2022,6,21.00-21.59,1,9,1,1,0,0,0,0,0,407754.1082,6724991.7881
tieliikenne_2022.611,611,POINT (387258.8968 6685571.2615),2022,6,12.00-12.59,2,8,0,0,0,0,0,1,0,387258.8968,6685571.2615
tieliikenne_2022.612,612,POINT (395013.4963 6698140.9547),2022,6,16.00-16.59,3,4,1,0,0,1,0,0,0,395013.4963,6698140.9547
tieliikenne_2022.613,613,POINT (395891.683 6696477.0438),2022,6,16.00-16.59,3,5,2,0,0,0,0,0,0,395891.683,6696477.0438
tieliikenne_2022.614,614,POINT (396747.3301 6700547.7563),2022,6,21.00-21.59,2,9,1,1,0,0,0,0,0,396747.3301,6700547.7563
tieliikenne_2022.615,615,POINT (378495.0813 6683607.6269),2022,6,19.00-19.59,2,0,2,0,0,0,0,0,0,378495.0813,6683607.6269
tieliikenne_2022.616,616,POINT (440685.3072 6693661.624),2022,6,18.00-18.59,3,8,0,0,0,0,0,1,0,440685.3072,6693661.624
tieliikenne_2022.617,617,POINT (395765.0123 6704658.6406),2022,6,22.00-22.59,2,4,2,0,0,0,0,0,0,395765.0123,6704658.6406
tieliikenne_2022.618,618,POINT (456207.4464 6720696.789),2022,6,23.00-23.59,3,4,0,0,0,0,2,0,0,456207.4464,6720696.789
tieliikenne_2022.619,619,POINT (391440.3116 6710997.112),2022,6,14.00-14.59,2,0,2,0,0,0,0,0,0,391440.3116,6710997.112
tieliikenne_2022.620,620,POINT (442729.0953 6709157.3602),2022,6,16.00-16.59,2,8,0,0,0,0,0,1,0,442729.0953,6709157.3602
tieliikenne_2022.621,621,POINT (379880.7917 6726077.7373),2022,6,20.00-20.59,3,8,1,0,0,0,0,0,0,379880.7917,6726077.7373
tieliikenne_2022.622,622,POINT (391771.3962 6703721.6345),2022,7,08.00-08.59,3,0,1,0,0,0,0,1,0,391771.3962,6703721.6345
tieliikenne_2022.623,623,POINT (394418.5546 6692500.0876),2022,7,22.00-22.59,2,9,1,0,0,0,1,0,0,394418.5546,6692500.0876
tieliikenne_2022.624,624,POINT (387198.995 6685998.6377),2022,7,09.00-09.59,1,8,1,0,0,0,0,0,0,387198.995,6685998.6377
tieliikenne_2022.625,625,POINT (426354.1711 6696130.7843),2022,7,22.00-22.59,2,4,1,0,0,0,1,0,0,426354.1711,6696130.7843
tieliikenne_2022.626,626,POINT (393765.962 6707950.041),2022,7,18.00-18.59,2,4,1,0,0,1,0,0,0,393765.962,6707950.041
tieliikenne_2022.627,627,POINT (382774.1899 6723498.7023),2022,7,15.00-15.59,2,4,0,1,0,1,0,0,0,382774.1899,6723498.7023
tieliikenne_2022.628,628,POINT (394536.3699 6705442.5334),2022,7,14.00-14.59,2,6,1,0,1,0,0,0,0,394536.3699,6705442.5334
tieliikenne_2022.629,629,POINT (371973.1798 6695174.1147),2022,7,19.00-19.59,2,8,1,0,0,0,0,0,0,371973.1798,6695174.1147
tieliikenne_2022.630,630,POINT (396020.9894 6684384.7683),2022,7,12.00-12.59,2,4,1,0,0,1,0,0,0,396020.9894,6684384.7683
tieliikenne_2022.631,631,POINT (387936.6161 6683082.8086),2022,7,18.00-18.59,2,3,1,0,0,1,0,0,0,387936.6161,6683082.8086
tieliikenne_2022.632,632,POINT (392381.8754 6688667.7255),2022,7,20.00-20.59,2,3,1,0,0,1,0,0,0,392381.8754,6688667.7255
tieliikenne_2022.633,633,POINT (388186.4402 6694224.0728),2022,7,13.00-13.59,2,5,2,0,0,0,0,0,0,388186.4402,6694224.0728
tieliikenne_2022.634,634,POINT (413367.1326 6702368.2933),2022,7,15.00-15.59,2,8,0,0,0,0,0,1,0,413367.1326,6702368.2933
tieliikenne_2022.635,635,POINT (393716.4994 6688411.7091),2022,7,17.00-17.59,2,0,2,1,0,0,0,0,0,393716.4994,6688411.7091
tieliikenne_2022.636,636,POINT (409652.8952 6685801.3684),2022,7,18.00-18.59,3,0,3,0,0,0,0,0,0,409652.8952,6685801.3684
tieliikenne_2022.637,637,POINT (396175.0851 6693946.2611),2022,7,16.00-16.59,3,2,2,0,0,0,0,0,0,396175.0851,6693946.2611
tieliikenne_2022.638,638,POINT (383059.7651 6686708.4501),2022,7,16.00-16.59,2,6,1,0,1,0,0,0,0,383059.7651,6686708.4501
tieliikenne_2022.639,639,POINT (392660.767 6685833.8385),2022,7,15.00-15.59,2,4,1,0,0,1,0,0,0,392660.767,6685833.8385
tieliikenne_2022.640,640,POINT (405706.3639 6722657.0935),2022,7,20.00-20.59,2,4,1,0,0,0,1,0,0,405706.3639,6722657.0935
tieliikenne_2022.641,641,POINT (427888.9956 6725214.047),2022,7,22.00-22.59,2,1,1,0,0,0,1,0,0,427888.9956,6725214.047
tieliikenne_2022.642,642,POINT (444076.1895 6694308.7096),2022,7,08.00-08.59,2,8,1,0,0,0,0,0,0,444076.1895,6694308.7096
tieliikenne_2022.643,643,POINT (391474.5628 6687262.9209),2022,7,00.00-00.59,1,8,0,0,0,0,0,1,0,391474.5628,6687262.9209
tieliikenne_2022.644,644,POINT (416633.0194 6687835.0089),2022,7,20.00-20.59,2,8,1,0,0,0,0,0,0,416633.0194,6687835.0089
tieliikenne_2022.645,645,POINT (393974.7793 6692399.8687),2022,7,17.00-17.59,2,3,1,0,0,0,0,1,0,393974.7793,6692399.8687
tieliikenne_2022.646,646,POINT (389288.0591 6685250.9349),2022,7,05.00-05.59,2,0,3,0,0,0,0,0,0,389288.0591,6685250.9349
tieliikenne_2022.647,647,POINT (465150.3444 6698837.0808),2022,7,08.00-08.59,2,9,1,0,0,0,0,0,0,465150.3444,6698837.0808
tieliikenne_2022.648,648,POINT (417275.2421 6739300.4605),2022,7,18.00-18.59,2,8,1,0,0,0,0,0,0,417275.2421,6739300.4605
tieliikenne_2022.649,649,POINT (396892.8363 6702022.6157),2022,7,20.00-20.59,2,8,1,0,0,0,0,0,0,396892.8363,6702022.6157
tieliikenne_2022.650,650,POINT (410166.1509 6700999.5813),2022,7,18.00-18.59,2,4,2,0,0,0,0,0,0,410166.1509,6700999.5813
tieliikenne_2022.651,651,POINT (420413.3321 6704611.798),2022,7,17.00-17.59,2,1,0,0,0,0,0,0,2,420413.3321,6704611.798
tieliikenne_2022.652,652,POINT (398926.3771 6695129.4055),2022,7,22.00-22.59,2,0,0,0,0,0,0,2,0,398926.3771,6695129.4055
tieliikenne_2022.653,653,POINT (377584.8801 6715244.1257),2022,8,10.00-10.59,2,2,1,1,0,0,0,0,0,377584.8801,6715244.1257
tieliikenne_2022.654,654,POINT (418688.9499 6691516.4884),2022,8,16.00-16.59,2,2,1,0,0,0,1,0,0,418688.9499,6691516.4884
tieliikenne_2022.655,655,POINT (394635.4446 6683546.1553),2022,8,17.00-17.59,2,0,2,0,0,0,0,0,0,394635.4446,6683546.1553
tieliikenne_2022.656,656,POINT (380338.633 6685850.7884),2022,8,21.00-21.59,2,8,0,0,0,0,0,1,0,380338.633,6685850.7884
tieliikenne_2022.657,657,POINT (426642.9168 6695479.4814),2022,8,21.00-21.59,2,4,1,0,0,1,0,0,0,426642.9168,6695479.4814
tieliikenne_2022.658,658,POINT (379275.2895 6717682.2307),2022,8,16.00-16.59,2,0,3,0,0,0,0,0,0,379275.2895,6717682.2307
tieliikenne_2022.659,659,POINT (413020.8272 6694156.4737),2022,8,12.00-12.59,3,8,1,0,0,0,0,0,0,413020.8272,6694156.4737
tieliikenne_2022.660,660,POINT (379479.1251 6697480.3698),2022,8,14.00-14.59,2,4,1,0,0,0,0,1,0,379479.1251,6697480.3698
tieliikenne_2022.661,661,POINT (393852.065 6687970.505),2022,8,01.00-01.59,3,8,1,0,0,0,0,0,0,393852.065,6687970.505
tieliikenne_2022.662,662,POINT (395040.5395 6695693.5935),2022,8,04.00-04.59,2,9,1,0,0,0,1,0,0,395040.5395,6695693.5935
tieliikenne_2022.663,663,POINT (383042.5424 6723231.2941),2022,8,13.00-13.59,2,4,1,0,0,1,0,0,0,383042.5424,6723231.2941
tieliikenne_2022.664,664,POINT (390206.1106 6688911.9522),2022,8,13.00-13.59,2,9,1,0,0,0,0,0,0,390206.1106,6688911.9522
tieliikenne_2022.665,665,POINT (382442.1832 6683014.4328),2022,8,15.00-15.59,2,1,2,0,0,0,0,0,0,382442.1832,6683014.4328
tieliikenne_2022.666,666,POINT (402752.3009 6735720.2272),2022,8,19.00-19.59,2,1,1,0,0,0,0,1,0,402752.3009,6735720.2272
tieliikenne_2022.667,667,POINT (397847.3763 6705228.097),2022,8,23.00-23.59,2,8,1,0,0,0,0,0,0,397847.3763,6705228.097
tieliikenne_2022.668,668,POINT (389947.794 6691177.808),2022,8,17.00-17.59,2,5,2,0,0,0,0,0,0,389947.794,6691177.808
tieliikenne_2022.669,669,POINT (402851.719 6694838.7393),2022,8,18.00-18.59,2,8,1,0,0,0,0,0,0,402851.719,6694838.7393
tieliikenne_2022.670,670,POINT (425490.5167 6696194.1964),2022,8,09.00-09.59,2,4,1,0,0,1,0,0,0,425490.5167,6696194.1964
tieliikenne_2022.671,671,POINT (407061.2974 6711285.1049),2022,8,13.00-13.59,2,2,2,0,0,0,0,0,0,407061.2974,6711285.1049
tieliikenne_2022.672,672,POINT (391270.0441 6695752.1837),2022,8,14.00-14.59,2,7,1,0,1,0,0,0,0,391270.0441,6695752.1837
tieliikenne_2022.673,673,POINT (460007.8404 6700493.1708),2022,8,06.00-06.59,2,2,2,0,0,0,0,0,0,460007.8404,6700493.1708
tieliikenne_2022.674,674,POINT (381475.6054 6684089.6924),2022,8,08.00-08.59,2,4,1,0,0,1,0,0,0,381475.6054,6684089.6924
tieliikenne_2022.675,675,POINT (395324.5433 6679950.0542),2022,8,22.00-22.59,2,4,1,1,0,0,0,0,0,395324.5433,6679950.0542
tieliikenne_2022.676,676,POINT (417872.5496 6690683.8157),2022,8,11.00-11.59,2,0,2,0,0,0,0,0,0,417872.5496,6690683.8157
tieliikenne_2022.677,677,POINT (394756.6219 6687361.8484),2022,8,15.00-15.59,2,4,1,0,0,1,0,0,0,394756.6219,6687361.8484
tieliikenne_2022.678,678,POINT (382312.3571 6682365.9291),2022,8,15.00-15.59,2,2,2,0,0,0,0,0,0,382312.3571,6682365.9291
tieliikenne_2022.679,679,POINT (448667.5614 6705026.0987),2022,8,10.00-10.59,2,0,1,1,0,0,0,0,0,448667.5614,6705026.0987
tieliikenne_2022.680,680,POINT (382864.5341 6722730.4529),2022,8,18.00-18.59,2,4,1,0,0,1,0,0,0,382864.5341,6722730.4529
tieliikenne_2022.681,681,POINT (392843.0125 6686405.3734),2022,8,22.00-22.59,2,9,0,0,0,0,1,0,0,392843.0125,6686405.3734
tieliikenne_2022.682,682,POINT (383782.4157 6722238.804),2022,8,09.00-09.59,2,4,2,0,0,0,0,0,0,383782.4157,6722238.804
tieliikenne_2022.683,683,POINT (378525.165 6684264.754),2022,8,14.00-14.59,2,1,1,0,0,0,1,0,0,378525.165,6684264.754
tieliikenne_2022.684,684,POINT (392162.0399 6712054.2149),2022,8,09.00-09.59,2,8,1,0,0,0,0,0,0,392162.0399,6712054.2149
tieliikenne_2022.685,685,POINT (441627.4591 6697270.8044),2022,8,17.00-17.59,1,8,0,0,0,0,0,1,0,441627.4591,6697270.8044
tieliikenne_2022.686,686,POINT (416581.0446 6709342.6167),2022,8,21.00-21.59,2,8,1,0,0,0,0,0,0,416581.0446,6709342.6167
tieliikenne_2022.687,687,POINT (381958.3336 6724110.5865),2022,8,14.00-14.59,2,4,1,0,0,0,1,0,0,381958.3336,6724110.5865
tieliikenne_2022.688,688,POINT (382672.6455 6724079.6307),2022,8,09.00-09.59,2,5,1,0,0,1,0,0,0,382672.6455,6724079.6307
tieliikenne_2022.689,689,POINT (404119.2974 6733116.2611),2022,8,11.00-11.59,2,8,1,0,0,0,0,0,0,404119.2974,6733116.2611
tieliikenne_2022.690,690,POINT (395166.9716 6697630.3531),2022,9,18.00-18.59,2,0,1,0,0,0,0,1,0,395166.9716,6697630.3531
tieliikenne_2022.691,691,POINT (395951.455 6692933.7098),2022,9,15.00-15.59,2,0,4,0,0,0,0,0,0,395951.455,6692933.7098
tieliikenne_2022.692,692,POINT (395414.3461 6687865.184),2022,9,15.00-15.59,3,0,2,0,0,0,0,1,0,395414.3461,6687865.184
tieliikenne_2022.693,693,POINT (395435.4148 6706186.809),2022,9,02.00-02.59,2,8,1,0,0,0,0,0,0,395435.4148,6706186.809
tieliikenne_2022.694,694,POINT (387631.7 6685434.7473),2022,9,15.00-15.59,2,1,1,0,0,1,0,0,0,387631.7,6685434.7473
tieliikenne_2022.695,695,POINT (396877.2946 6697441.1737),2022,9,06.00-06.59,2,0,1,0,0,0,0,1,0,396877.2946,6697441.1737
tieliikenne_2022.696,696,POINT (395790.3205 6699205.4101),2022,9,07.00-07.59,2,4,1,0,0,1,0,0,0,395790.3205,6699205.4101
tieliikenne_2022.697,697,POINT (379227.559 6683082.2604),2022,9,13.00-13.59,2,4,1,0,0,1,0,0,0,379227.559,6683082.2604
tieliikenne_2022.698,698,POINT (394760.4651 6686138.2915),2022,9,16.00-16.59,2,0,2,0,0,0,0,0,0,394760.4651,6686138.2915
tieliikenne_2022.699,699,POINT (426804.3396 6696327.2292),2022,9,07.00-07.59,2,3,1,0,0,1,0,0,0,426804.3396,6696327.2292
tieliikenne_2022.700,700,POINT (391723.3655 6689101.9963),2022,9,09.00-09.59,2,3,1,0,0,1,0,0,0,391723.3655,6689101.9963
tieliikenne_2022.701,701,POINT (395256.5554 6696982.0204),2022,9,14.00-14.59,2,4,1,0,0,1,0,0,0,395256.5554,6696982.0204
tieliikenne_2022.702,702,POINT (386756.9876 6707199.0359),2022,9,16.00-16.59,3,1,1,1,0,0,0,0,0,386756.9876,6707199.0359
tieliikenne_2022.703,703,POINT (391893.8761 6685930.6963),2022,9,19.00-19.59,2,6,1,0,1,0,0,0,0,391893.8761,6685930.6963
tieliikenne_2022.704,704,POINT (398914.8575 6694707.2171),2022,9,20.00-20.59,2,0,0,0,0,0,0,2,0,398914.8575,6694707.2171
tieliikenne_2022.705,705,POINT (382090.4375 6684466.4585),2022,9,18.00-18.59,2,3,1,0,0,0,0,1,0,382090.4375,6684466.4585
tieliikenne_2022.706,706,POINT (377054.3429 6684364.944),2022,9,16.00-16.59,2,9,1,0,0,0,1,0,0,377054.3429,6684364.944
tieliikenne_2022.707,707,POINT (384337.4365 6721197.2618),2022,9,08.00-08.59,2,1,2,0,0,0,0,0,0,384337.4365,6721197.2618
tieliikenne_2022.708,708,POINT (408199.9538 6722825.2921),2022,9,14.00-14.59,2,9,0,1,0,1,0,0,0,408199.9538,6722825.2921
tieliikenne_2022.709,709,POINT (381369.9667 6686419.7907),2022,9,18.00-18.59,2,0,3,0,0,0,0,0,0,381369.9667,6686419.7907
tieliikenne_2022.710,710,POINT (416344.6357 6695763.041),2022,9,11.00-11.59,2,8,1,0,0,0,0,0,0,416344.6357,6695763.041
tieliikenne_2022.711,711,POINT (382566.2904 6682590.1009),2022,9,18.00-18.59,2,8,1,0,0,0,0,0,0,382566.2904,6682590.1009
tieliikenne_2022.712,712,POINT (394151.294 6683643.712),2022,9,09.00-09.59,2,0,1,0,0,0,0,1,0,394151.294,6683643.712
tieliikenne_2022.713,713,POINT (394288.5641 6683571.8174),2022,9,16.00-16.59,2,0,2,0,0,0,0,0,0,394288.5641,6683571.8174
tieliikenne_2022.714,714,POINT (375158.6599 6695786.8573),2022,9,22.00-22.59,2,8,0,0,0,0,0,0,1,375158.6599,6695786.8573
tieliikenne_2022.715,715,POINT (375921.3978 6696037.9512),2022,9,00.00-00.59,2,9,0,0,0,0,1,0,0,375921.3978,6696037.9512
tieliikenne_2022.716,716,POINT (381824.0157 6685315.6831),2022,9,04.00-04.59,2,0,2,0,0,0,0,0,0,381824.0157,6685315.6831
tieliikenne_2022.717,717,POINT (456499.2355 6721827.0929),2022,9,06.00-06.59,3,8,1,0,0,0,0,0,0,456499.2355,6721827.0929
tieliikenne_2022.718,718,POINT (389834.6582 6690920.8353),2022,9,07.00-07.59,2,1,1,0,0,1,0,0,0,389834.6582,6690920.8353
tieliikenne_2022.719,719,POINT (416373.3034 6689389.2323),2022,9,06.00-06.59,2,0,3,0,0,0,0,0,0,416373.3034,6689389.2323
tieliikenne_2022.720,720,POINT (395744.3764 6690791.2842),2022,9,07.00-07.59,2,0,2,0,0,0,0,0,0,395744.3764,6690791.2842
tieliikenne_2022.721,721,POINT (392066.6292 6688149.9568),2022,9,14.00-14.59,2,9,3,0,0,0,0,1,0,392066.6292,6688149.9568
tieliikenne_2022.722,722,POINT (395225.7267 6683832.2109),2022,9,15.00-15.59,2,0,1,0,0,0,1,0,0,395225.7267,6683832.2109
tieliikenne_2022.723,723,POINT (395015.6168 6691197.386),2022,9,21.00-21.59,3,6,1,0,1,0,0,0,0,395015.6168,6691197.386
tieliikenne_2022.724,724,POINT (397163.3864 6697685.4823),2022,9,15.00-15.59,3,4,1,0,0,1,0,0,0,397163.3864,6697685.4823
tieliikenne_2022.725,725,POINT (424411.7237 6695689.9298),2022,10,00.00-00.59,1,4,2,0,0,0,0,0,0,424411.7237,6695689.9298
tieliikenne_2022.726,726,POINT (396865.6621 6703323.0731),2022,10,06.00-06.59,2,3,2,0,0,0,0,0,0,396865.6621,6703323.0731
tieliikenne_2022.727,727,POINT (394583.194 6705475.1416),2022,10,20.00-20.59,2,6,1,0,1,0,0,0,0,394583.194,6705475.1416
tieliikenne_2022.728,728,POINT (381744.9403 6723139.1318),2022,10,23.00-23.59,2,4,2,0,0,0,0,0,0,381744.9403,6723139.1318
tieliikenne_2022.729,729,POINT (379484.0432 6697492.9582),2022,10,17.00-17.59,2,4,1,0,0,0,0,0,1,379484.0432,6697492.9582
tieliikenne_2022.730,730,POINT (387282.0689 6685967.1549),2022,10,09.00-09.59,2,0,4,0,0,0,0,0,0,387282.0689,6685967.1549
tieliikenne_2022.731,731,POINT (377097.4134 6712799.074),2022,10,15.00-15.59,2,4,2,0,0,0,0,0,0,377097.4134,6712799.074
tieliikenne_2022.732,732,POINT (404697.6109 6696887.5438),2022,10,04.00-04.59,2,8,1,0,0,0,0,0,0,404697.6109,6696887.5438
tieliikenne_2022.733,733,POINT (397140.8573 6708305.4142),2022,10,09.00-09.59,2,4,2,0,0,0,0,0,0,397140.8573,6708305.4142
tieliikenne_2022.734,734,POINT (390954.1221 6687458.8524),2022,10,15.00-15.59,3,9,7,0,0,0,0,0,0,390954.1221,6687458.8524
tieliikenne_2022.735,735,POINT (426630.5827 6696505.4225),2022,10,21.00-21.59,2,4,1,0,0,0,1,0,0,426630.5827,6696505.4225
tieliikenne_2022.736,736,POINT (394480.8753 6683243.9179),2022,10,14.00-14.59,2,1,1,0,0,1,0,0,0,394480.8753,6683243.9179
tieliikenne_2022.737,737,POINT (421340.2307 6704932.5183),2022,10,16.00-16.59,2,0,2,0,0,0,0,0,0,421340.2307,6704932.5183
tieliikenne_2022.738,738,POINT (379651.0772 6697644.5582),2022,10,05.00-05.59,2,0,2,0,0,0,0,0,0,379651.0772,6697644.5582
tieliikenne_2022.739,739,POINT (388109.6364 6722404.7028),2022,10,01.00-01.59,2,8,1,0,0,0,0,0,0,388109.6364,6722404.7028
tieliikenne_2022.740,740,POINT (396465.7957 6712845.4084),2022,10,19.00-19.59,2,4,2,0,0,0,0,0,0,396465.7957,6712845.4084
tieliikenne_2022.741,741,POINT (394869.9118 6680737.1863),2022,10,20.00-20.59,2,4,1,0,0,0,0,1,0,394869.9118,6680737.1863
tieliikenne_2022.742,742,POINT (389102.4775 6686914.25),2022,11,15.00-15.59,2,0,1,0,0,0,0,1,0,389102.4775,6686914.25
tieliikenne_2022.743,743,POINT (422650.3569 6722863.092),2022,11,20.00-20.59,2,8,1,0,0,0,0,0,0,422650.3569,6722863.092
tieliikenne_2022.744,744,POINT (426031.2698 6695989.2121),2022,11,11.00-11.59,3,7,2,0,2,0,0,0,0,426031.2698,6695989.2121
tieliikenne_2022.745,745,POINT (382320.2073 6683776.113),2022,11,10.00-10.59,2,9,0,2,0,0,0,0,0,382320.2073,6683776.113
tieliikenne_2022.746,746,POINT (395668.2647 6686178.0877),2022,11,17.00-17.59,2,1,1,0,0,0,0,1,0,395668.2647,6686178.0877
tieliikenne_2022.747,747,POINT (379322.0073 6691608.6502),2022,11,23.00-23.59,2,9,3,0,0,0,0,0,0,379322.0073,6691608.6502
tieliikenne_2022.748,748,POINT (396859.6529 6697295.724),2022,11,00.00-00.59,2,8,1,0,0,0,0,0,0,396859.6529,6697295.724
tieliikenne_2022.749,749,POINT (388866.1853 6686632.8483),2022,11,15.00-15.59,2,3,1,1,0,0,0,0,0,388866.1853,6686632.8483
tieliikenne_2022.750,750,POINT (395758.1685 6695534.6165),2022,11,23.00-23.59,2,7,1,0,1,0,0,0,0,395758.1685,6695534.6165
tieliikenne_2022.751,751,POINT (392307.5741 6688504.1033),2022,11,14.00-14.59,2,5,1,0,0,1,0,0,0,392307.5741,6688504.1033
tieliikenne_2022.752,752,POINT (400479.4195 6714160.2011),2022,11,11.00-11.59,2,0,2,0,0,0,0,0,0,400479.4195,6714160.2011
tieliikenne_2022.753,753,POINT (424832.4981 6694762.0883),2022,11,23.00-23.59,3,9,0,0,0,0,1,0,0,424832.4981,6694762.0883
tieliikenne_2022.754,754,POINT (389317.8484 6685299.8434),2022,11,12.00-12.59,2,4,1,0,0,2,0,0,0,389317.8484,6685299.8434
tieliikenne_2022.755,755,POINT (395508.0277 6680793.1803),2022,11,06.00-06.59,3,7,1,0,1,0,0,0,0,395508.0277,6680793.1803
tieliikenne_2022.756,756,POINT (396944.9805 6698497.1847),2022,11,20.00-20.59,1,8,1,0,0,0,0,0,0,396944.9805,6698497.1847
tieliikenne_2022.757,757,POINT (394855.0222 6705253.7273),2022,11,11.00-11.59,2,4,1,0,0,1,0,0,0,394855.0222,6705253.7273
tieliikenne_2022.758,758,POINT (381748.7851 6723035.8397),2022,11,18.00-18.59,2,4,1,0,0,1,0,0,0,381748.7851,6723035.8397
tieliikenne_2022.759,759,POINT (393554.9999 6721786.0034),2022,11,01.00-01.59,1,2,1,1,0,0,0,0,0,393554.9999,6721786.0034
tieliikenne_2022.760,760,POINT (424426.859 6695676.0563),2022,11,09.00-09.59,2,5,2,0,0,0,0,0,0,424426.859,6695676.0563
tieliikenne_2022.761,761,POINT (392505.7648 6691689.036),2022,11,12.00-12.59,2,2,2,0,0,0,0,0,0,392505.7648,6691689.036
tieliikenne_2022.762,762,POINT (393820.9684 6684374.6182),2022,11,14.00-14.59,2,6,1,0,1,0,0,0,0,393820.9684,6684374.6182
tieliikenne_2022.763,763,POINT (369452.7106 6709963.1879),2022,11,14.00-14.59,2,2,1,1,0,0,0,0,0,369452.7106,6709963.1879
tieliikenne_2022.764,764,POINT (396885.2393 6697607.0021),2022,11,13.00-13.59,1,1,1,1,0,0,0,0,0,396885.2393,6697607.0021
tieliikenne_2022.765,765,POINT (375952.2662 6695998.7903),2022,11,05.00-05.59,2,0,2,0,0,0,0,0,0,375952.2662,6695998.7903
tieliikenne_2022.766,766,POINT (387329.9551 6685453.3848),2022,11,16.00-16.59,2,1,2,0,0,0,0,0,0,387329.9551,6685453.3848
tieliikenne_2022.767,767,POINT (392980.8022 6688805.1139),2022,11,19.00-19.59,2,4,2,0,0,0,0,0,0,392980.8022,6688805.1139
tieliikenne_2022.768,768,POINT (382366.2979 6723987.4618),2022,11,07.00-07.59,2,4,1,0,0,1,0,0,0,382366.2979,6723987.4618
tieliikenne_2022.769,769,POINT (384346.6807 6713424.3063),2022,12,12.00-12.59,1,2,2,0,0,0,0,0,0,384346.6807,6713424.3063
tieliikenne_2022.770,770,POINT (391734.2842 6686374.1639),2022,12,22.00-22.59,2,1,2,0,0,0,0,0,0,391734.2842,6686374.1639
tieliikenne_2022.771,771,POINT (395780.9228 6690677.2708),2022,12,14.00-14.59,2,0,2,0,0,0,0,0,0,395780.9228,6690677.2708
tieliikenne_2022.772,772,POINT (395531.3652 6698075.9106),2022,12,14.00-14.59,2,6,1,0,1,0,0,0,0,395531.3652,6698075.9106
tieliikenne_2022.773,773,POINT (427692.6402 6696879.2105),2022,12,15.00-15.59,2,7,1,0,1,0,0,0,0,427692.6402,6696879.2105
tieliikenne_2022.774,774,POINT (379394.2737 6691262.1923),2022,12,17.00-17.59,2,5,2,0,0,0,0,0,0,379394.2737,6691262.1923
tieliikenne_2022.775,775,POINT (376680.0371 6712307.3387),2022,12,14.00-14.59,2,4,1,1,0,0,0,0,0,376680.0371,6712307.3387
tieliikenne_2022.776,776,POINT (392255.0297 6691635.3455),2022,12,17.00-17.59,2,3,1,0,0,1,0,0,0,392255.0297,6691635.3455
tieliikenne_2022.777,777,POINT (391350.7141 6687392.5768),2022,12,00.00-00.59,2,5,2,0,0,0,0,0,0,391350.7141,6687392.5768
tieliikenne_2022.778,778,POINT (387934.7242 6686215.3787),2022,12,22.00-22.59,2,5,2,0,0,0,0,0,0,387934.7242,6686215.3787
tieliikenne_2022.779,779,POINT (382755.5943 6686448.7128),2022,12,10.00-10.59,2,0,1,1,0,0,0,0,0,382755.5943,6686448.7128
tieliikenne_2022.780,780,POINT (381726.0238 6711402.1418),2022,12,12.00-12.59,2,0,1,1,0,0,0,0,0,381726.0238,6711402.1418
tieliikenne_2022.781,781,POINT (381556.2858 6685985.0772),2022,12,13.00-13.59,2,0,4,1,0,0,0,0,0,381556.2858,6685985.0772
tieliikenne_2022.782,782,POINT (434595.8327 6691671.0518),2022,12,16.00-16.59,2,2,1,1,0,0,0,0,0,434595.8327,6691671.0518
tieliikenne_2022.783,783,POINT (391372.8082 6687381.0261),2022,12,13.00-13.59,2,5,2,0,0,0,0,0,0,391372.8082,6687381.0261
tieliikenne_2022.784,784,POINT (390412.0953 6691219.1231),2022,12,16.00-16.59,2,2,1,1,0,0,0,0,0,390412.0953,6691219.1231
tieliikenne_2022.785,785,POINT (395455.5203 6705740.2597),2022,12,16.00-16.59,2,6,1,0,1,0,0,0,0,395455.5203,6705740.2597
tieliikenne_2022.786,786,POINT (379385.9904 6735206.6821),2022,1,07.00-07.59,2,7,1,0,1,0,0,0,0,379385.9904,6735206.6821
tieliikenne_2022.787,787,POINT (363173.7226 6765318.2033),2022,1,15.00-15.59,3,6,1,0,1,0,0,0,0,363173.7226,6765318.2033
tieliikenne_2022.788,788,POINT (429008.729 6740551.0815),2022,1,15.00-15.59,2,2,2,0,0,0,0,0,0,429008.729,6740551.0815
tieliikenne_2022.789,789,POINT (347318.6758 6775889.643),2022,1,14.00-14.59,2,8,1,0,0,0,0,0,0,347318.6758,6775889.643
tieliikenne_2022.790,790,POINT (412585.009 6786549.905),2022,1,17.00-17.59,2,2,2,0,0,0,0,0,0,412585.009,6786549.905
tieliikenne_2022.791,791,POINT (426778.9893 6758179.1271),2022,1,11.00-11.59,2,4,2,0,0,0,0,0,0,426778.9893,6758179.1271
tieliikenne_2022.792,792,POINT (365267.953 6741432.0629),2022,1,07.00-07.59,2,9,1,0,0,0,0,0,0,365267.953,6741432.0629
tieliikenne_2022.793,793,POINT (434979.4474 6748281.2165),2022,1,14.00-14.59,3,2,2,0,0,0,0,0,0,434979.4474,6748281.2165
tieliikenne_2022.794,794,POINT (464723.995 6750445.8262),2022,1,11.00-11.59,2,8,1,0,0,0,0,0,0,464723.995,6750445.8262
tieliikenne_2022.795,795,POINT (378099.353 6734959.8693),2022,1,12.00-12.59,2,0,2,0,0,0,0,0,0,378099.353,6734959.8693
tieliikenne_2022.796,796,POINT (379160.1635 6736561.185),2022,1,07.00-07.59,3,9,1,0,1,0,0,0,0,379160.1635,6736561.185
tieliikenne_2022.797,797,POINT (364219.718 6765740.2156),2022,1,09.00-09.59,2,8,1,0,0,0,0,0,0,364219.718,6765740.2156
tieliikenne_2022.798,798,POINT (419257.7368 6762495.4717),2022,1,14.00-14.59,2,8,1,0,0,0,0,0,0,419257.7368,6762495.4717
tieliikenne_2022.799,799,POINT (428175.646 6770264.6058),2022,1,09.00-09.59,2,0,2,0,0,0,0,0,0,428175.646,6770264.6058
tieliikenne_2022.800,800,POINT (449292.3923 6804732.7963),2022,1,01.00-01.59,2,8,1,0,0,0,0,0,0,449292.3923,6804732.7963
tieliikenne_2022.801,801,POINT (361210.997 6762928.487),2022,1,15.00-15.59,2,3,2,0,0,0,0,0,0,361210.997,6762928.487
tieliikenne_2022.802,802,POINT (353181.42 6754968.8738),2022,1,17.00-17.59,2,2,1,1,0,0,0,0,0,353181.42,6754968.8738
tieliikenne_2022.803,803,POINT (405601.656 6753076.532),2022,1,22.00-22.59,2,2,0,2,0,0,0,0,0,405601.656,6753076.532
tieliikenne_2022.804,804,POINT (427595.3641 6762158.8491),2022,1,14.00-14.59,2,3,2,0,0,0,0,0,0,427595.3641,6762158.8491
tieliikenne_2022.805,805,POINT (448073.4268 6785384.5598),2022,2,16.00-16.59,2,6,2,0,1,0,0,0,0,448073.4268,6785384.5598
tieliikenne_2022.806,806,POINT (425463.5871 6742776.1531),2022,2,08.00-08.59,2,2,2,0,0,0,0,0,0,425463.5871,6742776.1531
tieliikenne_2022.807,807,POINT (380282.3672 6731092.5378),2022,3,20.00-20.59,2,9,1,0,0,0,0,0,0,380282.3672,6731092.5378
tieliikenne_2022.808,808,POINT (441525.2159 6775094.0389),2022,2,04.00-04.59,2,0,1,1,0,0,0,0,0,441525.2159,6775094.0389
tieliikenne_2022.809,809,POINT (427595.283 6761713.123),2022,2,22.00-22.59,2,6,1,0,1,0,0,0,0,427595.283,6761713.123
tieliikenne_2022.810,810,POINT (438195.1574 6769406.9045),2022,2,00.00-00.59,2,8,1,0,0,0,0,0,0,438195.1574,6769406.9045
tieliikenne_2022.811,811,POINT (355999.872 6757367.7755),2022,2,15.00-15.59,2,3,0,2,0,0,0,0,0,355999.872,6757367.7755
tieliikenne_2022.812,812,POINT (441902.5317 6775878.8097),2022,2,17.00-17.59,2,5,2,0,0,0,0,0,0,441902.5317,6775878.8097
tieliikenne_2022.813,813,POINT (347543.8921 6740852.3969),2022,5,16.00-16.59,2,9,2,0,0,0,0,0,0,347543.8921,6740852.3969
tieliikenne_2022.814,814,POINT (442208.5368 6757003.7917),2022,2,16.00-16.59,2,4,3,0,0,0,0,0,0,442208.5368,6757003.7917
tieliikenne_2022.815,815,POINT (406851.355 6751287.5119),2022,2,10.00-10.59,2,0,0,3,0,0,0,0,0,406851.355,6751287.5119
tieliikenne_2022.816,816,POINT (364882.1376 6763476.5798),2022,2,14.00-14.59,2,0,4,0,0,0,0,0,0,364882.1376,6763476.5798
tieliikenne_2022.817,817,POINT (392544.9175 6772689.2064),2022,2,12.00-12.59,2,4,2,0,0,0,0,0,0,392544.9175,6772689.2064
tieliikenne_2022.818,818,POINT (446289.7142 6784387.3424),2022,2,15.00-15.59,1,2,1,1,0,0,0,0,0,446289.7142,6784387.3424
tieliikenne_2022.819,819,POINT (419812.1094 6783625.1827),2022,2,18.00-18.59,2,2,2,0,0,0,0,0,0,419812.1094,6783625.1827
tieliikenne_2022.820,820,POINT (363361.8166 6761897.0743),2022,2,20.00-20.59,2,0,1,1,0,0,0,0,0,363361.8166,6761897.0743
tieliikenne_2022.821,821,POINT (361988.229 6765784.5477),2022,2,01.00-01.59,2,8,1,0,0,0,0,0,0,361988.229,6765784.5477
tieliikenne_2022.822,822,POINT (427510.125 6761313.3724),2022,2,00.00-00.59,2,6,1,0,1,0,0,0,0,427510.125,6761313.3724
tieliikenne_2022.823,823,POINT (449317.1851 6805806.6683),2022,2,19.00-19.59,2,2,1,1,0,0,0,0,0,449317.1851,6805806.6683
tieliikenne_2022.824,824,POINT (399431.6605 6773382.109),2022,3,11.00-11.59,2,8,1,0,0,0,0,0,0,399431.6605,6773382.109
tieliikenne_2022.825,825,POINT (418131.8527 6741313.9451),2022,3,13.00-13.59,3,9,2,1,0,0,0,0,0,418131.8527,6741313.9451
tieliikenne_2022.826,826,POINT (412097.0036 6769246.6253),2022,3,15.00-15.59,2,5,2,0,0,0,0,0,0,412097.0036,6769246.6253
tieliikenne_2022.827,827,POINT (427543.0483 6761713.0016),2022,3,02.00-02.59,2,6,1,0,1,0,0,0,0,427543.0483,6761713.0016
tieliikenne_2022.828,828,POINT (376253.3551 6736318.8669),2022,3,15.00-15.59,3,8,1,0,0,0,0,0,0,376253.3551,6736318.8669
tieliikenne_2022.829,829,POINT (441619.6661 6811769.9316),2022,3,20.00-20.59,2,8,1,0,0,0,0,0,0,441619.6661,6811769.9316
tieliikenne_2022.830,830,POINT (364165.0855 6716718.3849),2022,6,03.00-03.59,2,9,0,0,0,0,0,1,0,364165.0855,6716718.3849
tieliikenne_2022.831,831,POINT (425190.4295 6761310.6291),2022,3,12.00-12.59,2,5,2,0,0,0,0,0,0,425190.4295,6761310.6291
tieliikenne_2022.832,832,POINT (365158.6213 6766061.8855),2022,3,14.00-14.59,2,5,3,0,0,0,0,0,0,365158.6213,6766061.8855
tieliikenne_2022.833,833,POINT (358039.9018 6758820.1377),2022,3,17.00-17.59,1,2,2,1,0,0,0,0,0,358039.9018,6758820.1377
tieliikenne_2022.834,834,POINT (426161.4726 6761341.8157),2022,3,08.00-08.59,3,0,1,0,0,0,0,0,1,426161.4726,6761341.8157
tieliikenne_2022.835,835,POINT (361178.3226 6762931.5287),2022,3,07.00-07.59,2,4,1,0,0,1,0,0,0,361178.3226,6762931.5287
tieliikenne_2022.836,836,POINT (431837.2843 6742567.2463),2022,3,14.00-14.59,2,5,1,0,0,1,0,0,0,431837.2843,6742567.2463
tieliikenne_2022.837,837,POINT (362479.8047 6733580.3437),2022,3,16.00-16.59,2,4,1,1,0,0,0,0,0,362479.8047,6733580.3437
tieliikenne_2022.838,838,POINT (419352.0259 6762167.5103),2022,3,09.00-09.59,2,5,2,0,0,0,0,0,0,419352.0259,6762167.5103
tieliikenne_2022.839,839,POINT (335214.478 6749851.845),2022,7,19.00-19.59,2,9,0,0,0,0,0,1,0,335214.478,6749851.845
tieliikenne_2022.840,840,POINT (446235.3005 6784093.8314),2022,7,00.00-00.59,2,9,1,0,0,0,0,0,0,446235.3005,6784093.8314
tieliikenne_2022.841,841,POINT (426717.2519 6761710.1759),2022,3,16.00-16.59,2,5,2,0,0,0,0,0,0,426717.2519,6761710.1759
tieliikenne_2022.842,842,POINT (429464.3035 6761491.0296),2022,4,13.00-13.59,2,0,2,0,0,0,0,0,0,429464.3035,6761491.0296
tieliikenne_2022.843,843,POINT (378182.8414 6734663.1364),2022,4,17.00-17.59,2,3,2,0,0,0,0,0,0,378182.8414,6734663.1364
tieliikenne_2022.844,844,POINT (370610.3845 6756287.8428),2022,4,13.00-13.59,2,4,2,0,0,0,0,0,0,370610.3845,6756287.8428
tieliikenne_2022.845,845,POINT (438776.6066 6770930.9679),2022,4,07.00-07.59,2,2,0,1,0,0,0,0,1,438776.6066,6770930.9679
tieliikenne_2022.846,846,POINT (426208.8939 6761312.7865),2022,4,22.00-22.59,2,0,2,0,0,0,0,0,0,426208.8939,6761312.7865
tieliikenne_2022.847,847,POINT (429156.7803 6749872.0285),2022,8,22.00-22.59,2,9,1,0,0,0,0,0,0,429156.7803,6749872.0285
tieliikenne_2022.848,848,POINT (428075.1693 6761371.8778),2022,4,02.00-02.59,2,8,0,0,0,0,0,0,1,428075.1693,6761371.8778
tieliikenne_2022.849,849,POINT (375101.6219 6744193.3529),2022,8,20.00-20.59,2,9,0,0,0,0,0,1,0,375101.6219,6744193.3529
tieliikenne_2022.850,850,POINT (308639.5141 6746787.4346),2022,4,15.00-15.59,2,1,1,0,0,1,0,0,0,308639.5141,6746787.4346
tieliikenne_2022.851,851,POINT (419666.3089 6783697.607),2022,4,22.00-22.59,2,2,2,0,0,0,0,0,0,419666.3089,6783697.607
tieliikenne_2022.852,852,POINT (364210.1612 6765735.2082),2022,4,18.00-18.59,3,3,1,0,0,0,0,1,0,364210.1612,6765735.2082
tieliikenne_2022.853,853,POINT (372365.3744 6756686.5773),2022,4,10.00-10.59,2,4,1,0,0,0,0,1,0,372365.3744,6756686.5773
tieliikenne_2022.854,854,POINT (450592.6471 6791772.2669),2022,4,12.00-12.59,2,4,2,0,0,0,0,0,0,450592.6471,6791772.2669
tieliikenne_2022.855,855,POINT (431328.0306 6741392.7856),2022,4,17.00-17.59,2,5,2,0,0,0,0,0,0,431328.0306,6741392.7856
tieliikenne_2022.856,856,POINT (314133.8843 6744215.0601),2022,4,21.00-21.59,2,1,0,0,0,0,1,0,1,314133.8843,6744215.0601
tieliikenne_2022.857,857,POINT (427702.9286 6762606.5838),2022,4,08.00-08.59,2,1,1,0,0,1,0,0,0,427702.9286,6762606.5838
tieliikenne_2022.858,858,POINT (430286.814 6760312.7565),2022,4,07.00-07.59,3,0,2,0,0,0,0,0,0,430286.814,6760312.7565
tieliikenne_2022.859,859,POINT (316690.2699 6746992.8186),2022,4,12.00-12.59,2,4,1,0,0,1,0,0,0,316690.2699,6746992.8186
tieliikenne_2022.860,860,POINT (424348.155 6761082.402),2022,4,13.00-13.59,2,3,1,0,0,0,1,0,0,424348.155,6761082.402
tieliikenne_2022.861,861,POINT (426231.2064 6755933.2958),2022,4,15.00-15.59,3,8,1,0,0,0,0,0,0,426231.2064,6755933.2958
tieliikenne_2022.862,862,POINT (420687.1096 6745250.0739),2022,4,18.00-18.59,2,8,1,0,0,0,0,0,0,420687.1096,6745250.0739
tieliikenne_2022.863,863,POINT (448509.3162 6785431.6958),2022,5,06.00-06.59,2,8,1,0,0,0,0,0,0,448509.3162,6785431.6958
tieliikenne_2022.864,864,POINT (364601.0915 6765754.0444),2022,5,14.00-14.59,2,4,1,0,0,1,0,0,0,364601.0915,6765754.0444
tieliikenne_2022.865,865,POINT (316609.8631 6746287.3161),2022,5,16.00-16.59,2,5,0,0,0,1,0,0,0,316609.8631,6746287.3161
tieliikenne_2022.866,866,POINT (427594.8228 6761703.1382),2022,5,11.00-11.59,2,6,1,0,1,0,0,0,0,427594.8228,6761703.1382
tieliikenne_2022.867,867,POINT (379342.9236 6739341.4326),2022,5,04.00-04.59,1,7,0,1,1,0,0,0,0,379342.9236,6739341.4326
tieliikenne_2022.868,868,POINT (435448.9223 6803413.2391),2022,5,14.00-14.59,1,2,0,1,0,0,0,1,0,435448.9223,6803413.2391
tieliikenne_2022.869,869,POINT (388398.9863 6769026.0868),2022,5,16.00-16.59,2,8,0,0,0,0,0,1,0,388398.9863,6769026.0868
tieliikenne_2022.870,870,POINT (421367.0419 6762282.1563),2022,5,00.00-00.59,2,8,1,0,0,0,0,0,0,421367.0419,6762282.1563
tieliikenne_2022.871,871,POINT (368523.0042 6760834.6763),2022,11,20.00-20.59,2,9,1,0,0,0,0,0,0,368523.0042,6760834.6763
tieliikenne_2022.872,872,POINT (446556.458 6751816.196),2022,5,21.00-21.59,2,8,1,0,0,0,0,0,0,446556.458,6751816.196
tieliikenne_2022.873,873,POINT (371837.7054 6757814.3935),2022,5,20.00-20.59,2,4,1,0,0,1,0,0,0,371837.7054,6757814.3935
tieliikenne_2022.874,874,POINT (425582.9979 6762396.0434),2022,5,01.00-01.59,2,0,0,0,0,2,0,0,0,425582.9979,6762396.0434
tieliikenne_2022.875,875,POINT (359729.8434 6764525.0917),2022,4,07.00-07.59,2,4,1,0,0,1,0,0,0,359729.8434,6764525.0917
tieliikenne_2022.876,876,POINT (374441.6529 6770467.9712),2022,11,07.00-07.59,3,9,2,0,0,0,0,0,0,374441.6529,6770467.9712
tieliikenne_2022.877,877,POINT (338434.8276 6758361.2482),2022,5,10.00-10.59,2,8,1,0,0,0,0,0,0,338434.8276,6758361.2482
tieliikenne_2022.878,878,POINT (356224.3877 6743239.0494),2022,5,11.00-11.59,2,8,0,0,0,0,0,1,0,356224.3877,6743239.0494
tieliikenne_2022.879,879,POINT (411096.8144 6779984.3656),2022,5,16.00-16.59,3,8,0,0,0,0,0,1,0,411096.8144,6779984.3656
tieliikenne_2022.880,880,POINT (310320.6133 6746521.925),2022,5,22.00-22.59,1,8,1,0,0,0,0,0,0,310320.6133,6746521.925
tieliikenne_2022.881,881,POINT (424737.2927 6761163.9137),2022,5,10.00-10.59,2,0,2,0,0,0,0,0,0,424737.2927,6761163.9137
tieliikenne_2022.882,882,POINT (429219.7398 6760652.2808),2022,5,08.00-08.59,3,0,2,0,0,0,0,0,0,429219.7398,6760652.2808
tieliikenne_2022.883,883,POINT (312452.8315 6749216.7186),2022,5,22.00-22.59,3,2,2,0,0,0,0,0,0,312452.8315,6749216.7186
tieliikenne_2022.884,884,POINT (427676.6617 6762604.1764),2022,5,16.00-16.59,2,4,1,0,0,1,0,0,0,427676.6617,6762604.1764
tieliikenne_2022.885,885,POINT (427024.8085 6761819.6632),2022,5,01.00-01.59,3,4,1,0,0,1,0,0,0,427024.8085,6761819.6632
tieliikenne_2022.886,886,POINT (416104.8625 6746440.8374),2022,5,13.00-13.59,2,1,2,0,0,0,0,0,0,416104.8625,6746440.8374
tieliikenne_2022.887,887,POINT (432117.6422 6817364.5788),2022,12,08.00-08.59,3,9,1,0,0,0,0,0,0,432117.6422,6817364.5788
tieliikenne_2022.888,888,POINT (431834.4397 6741411.2871),2022,6,09.00-09.59,2,4,1,0,0,1,0,0,0,431834.4397,6741411.2871
tieliikenne_2022.889,889,POINT (321405.0907 6745687.9847),2022,12,10.00-10.59,1,9,0,0,0,1,0,0,0,321405.0907,6745687.9847
tieliikenne_2022.890,890,POINT (449152.4714 6789379.9033),2022,6,04.00-04.59,2,8,1,0,0,0,0,0,0,449152.4714,6789379.9033
tieliikenne_2022.891,891,POINT (429406.3 6760564.7828),2022,6,15.00-15.59,2,0,3,0,0,0,0,0,0,429406.3,6760564.7828
tieliikenne_2022.892,892,POINT (408155.0274 6802817.4142),2022,6,05.00-05.59,2,8,1,0,0,0,0,0,0,408155.0274,6802817.4142
tieliikenne_2022.893,893,POINT (428984.0127 6818759.2806),2022,6,01.00-01.59,2,8,1,0,0,0,0,0,0,428984.0127,6818759.2806
tieliikenne_2022.894,894,POINT (431609.6251 6761559.5005),2022,6,15.00-15.59,2,6,1,0,2,0,0,0,0,431609.6251,6761559.5005
tieliikenne_2022.895,895,POINT (455928.4653 6731415.3492),2022,6,19.00-19.59,2,8,1,0,0,0,0,0,0,455928.4653,6731415.3492
tieliikenne_2022.896,896,POINT (385432.2387 6734427.6369),2022,6,02.00-02.59,2,8,1,0,0,0,0,0,0,385432.2387,6734427.6369
tieliikenne_2022.897,897,POINT (378620.823 6735783.382),2022,6,23.00-23.59,3,6,0,0,1,0,0,1,0,378620.823,6735783.382
tieliikenne_2022.898,898,POINT (448712.7183 6786566.8916),2022,6,15.00-15.59,2,5,1,0,0,0,0,1,0,448712.7183,6786566.8916
tieliikenne_2022.899,899,POINT (427368.9989 6760641.4424),2022,6,17.00-17.59,2,6,1,0,1,0,0,0,0,427368.9989,6760641.4424
tieliikenne_2022.900,900,POINT (429123.8024 6761814.0879),2022,6,14.00-14.59,2,4,1,0,0,1,0,0,0,429123.8024,6761814.0879
tieliikenne_2022.901,901,POINT (430106.3429 6760077.7907),2022,6,20.00-20.59,2,8,1,0,0,0,0,0,0,430106.3429,6760077.7907
tieliikenne_2022.902,902,POINT (426521.4297 6760021.6079),2022,6,17.00-17.59,2,4,1,0,0,0,0,0,1,426521.4297,6760021.6079
tieliikenne_2022.903,903,POINT (359756.5493 6760426.4736),2022,7,09.00-09.59,2,1,1,0,0,1,0,0,0,359756.5493,6760426.4736
tieliikenne_2022.904,904,POINT (363665.6422 6765089.1561),2022,7,16.00-16.59,2,1,1,0,0,1,0,0,0,363665.6422,6765089.1561
tieliikenne_2022.905,905,POINT (363903.0493 6764859.2906),2022,7,22.00-22.59,2,9,0,0,0,1,0,0,0,363903.0493,6764859.2906
tieliikenne_2022.906,906,POINT (317658.7331 6747052.2311),2022,7,00.00-00.59,3,6,1,0,1,0,0,0,0,317658.7331,6747052.2311
tieliikenne_2022.907,907,POINT (371340.8523 6744885.2368),2022,7,17.00-17.59,3,9,0,1,0,0,0,1,0,371340.8523,6744885.2368
tieliikenne_2022.908,908,POINT (381472.1143 6735241.3896),2022,7,22.00-22.59,2,8,1,0,0,0,0,0,0,381472.1143,6735241.3896
tieliikenne_2022.909,909,POINT (316738.8412 6746953.9537),2022,7,15.00-15.59,2,4,1,0,0,1,0,0,0,316738.8412,6746953.9537
tieliikenne_2022.910,910,POINT (360555.5795 6734510.8826),2022,7,13.00-13.59,2,1,2,0,0,0,0,0,0,360555.5795,6734510.8826
tieliikenne_2022.911,911,POINT (394105.5019 6738980.4964),2022,7,19.00-19.59,2,8,0,0,0,0,1,0,0,394105.5019,6738980.4964
tieliikenne_2022.912,912,POINT (427668.8507 6765830.4289),2022,7,21.00-21.59,3,4,1,0,0,1,0,0,0,427668.8507,6765830.4289
tieliikenne_2022.913,913,POINT (428057.8769 6767480.237),2022,7,01.00-01.59,2,9,0,0,0,0,0,0,1,428057.8769,6767480.237
tieliikenne_2022.914,914,POINT (427448.1113 6761129.9072),2022,7,14.00-14.59,2,2,0,0,0,2,0,0,0,427448.1113,6761129.9072
tieliikenne_2022.915,915,POINT (370068.7966 6748461.4084),2022,7,07.00-07.59,2,8,1,0,0,0,0,0,0,370068.7966,6748461.4084
tieliikenne_2022.916,916,POINT (422809.4321 6762496.1196),2022,7,15.00-15.59,2,1,1,0,0,1,0,0,0,422809.4321,6762496.1196
tieliikenne_2022.917,917,POINT (423956.7793 6758662.2076),2022,7,07.00-07.59,2,1,1,0,0,0,1,0,0,423956.7793,6758662.2076
tieliikenne_2022.918,918,POINT (429205.0707 6740606.6126),2022,7,08.00-08.59,2,8,1,0,0,0,0,0,0,429205.0707,6740606.6126
tieliikenne_2022.919,919,POINT (360493.1054 6766355.7346),2022,7,15.00-15.59,2,4,1,0,0,1,0,0,0,360493.1054,6766355.7346
tieliikenne_2022.920,920,POINT (352317.9809 6774811.6913),2022,7,15.00-15.59,2,0,1,1,0,0,0,0,0,352317.9809,6774811.6913
tieliikenne_2022.921,921,POINT (362008.2047 6765767.0297),2022,7,22.00-22.59,1,8,0,0,0,0,0,1,0,362008.2047,6765767.0297
tieliikenne_2022.922,922,POINT (366443.9333 6755494.6326),2022,7,02.00-02.59,2,8,1,0,0,0,0,0,0,366443.9333,6755494.6326
tieliikenne_2022.923,923,POINT (420828.9757 6745757.9557),2022,7,05.00-05.59,2,8,1,0,0,0,0,0,0,420828.9757,6745757.9557
tieliikenne_2022.924,924,POINT (449442.4641 6791993.0868),2022,7,08.00-08.59,2,8,1,0,0,0,0,0,0,449442.4641,6791993.0868
tieliikenne_2022.925,925,POINT (375751.4859 6771577.8744),2022,7,10.00-10.59,2,0,1,0,0,0,0,0,1,375751.4859,6771577.8744
tieliikenne_2022.926,926,POINT (428042.0613 6761393.2492),2022,7,02.00-02.59,2,6,0,0,1,0,1,0,0,428042.0613,6761393.2492
tieliikenne_2022.927,927,POINT (328164.9435 6742072.7875),2022,7,16.00-16.59,2,1,2,0,0,0,0,0,0,328164.9435,6742072.7875
tieliikenne_2022.928,928,POINT (452030.4185 6819768.2774),2022,7,21.00-21.59,3,8,1,0,0,0,0,0,0,452030.4185,6819768.2774
tieliikenne_2022.929,929,POINT (432728.7333 6763476.2207),2022,7,11.00-11.59,2,4,1,0,0,1,0,0,0,432728.7333,6763476.2207
tieliikenne_2022.930,930,POINT (370857.5902 6743746.6788),2022,7,01.00-01.59,3,9,0,0,0,0,1,0,0,370857.5902,6743746.6788
tieliikenne_2022.931,931,POINT (317718.1875 6746679.9019),2022,7,04.00-04.59,2,8,1,0,0,0,0,0,0,317718.1875,6746679.9019
tieliikenne_2022.932,932,POINT (425752.5348 6761481.9052),2022,7,16.00-16.59,2,0,2,0,0,0,0,0,0,425752.5348,6761481.9052
tieliikenne_2022.933,933,POINT (370648.6134 6748065.0271),2022,7,17.00-17.59,2,8,1,0,0,0,0,0,0,370648.6134,6748065.0271
tieliikenne_2022.934,934,POINT (466620.9513 6754261.6798),2022,7,12.00-12.59,2,8,0,1,0,0,0,0,0,466620.9513,6754261.6798
tieliikenne_2022.935,935,POINT (424742.0048 6762519.1667),2022,7,19.00-19.59,2,3,1,0,0,0,0,1,0,424742.0048,6762519.1667
tieliikenne_2022.936,936,POINT (418806.7602 6785183.8884),2022,7,18.00-18.59,2,3,1,0,0,0,0,1,0,418806.7602,6785183.8884
tieliikenne_2022.937,937,POINT (533894.4291 6978367.1261),2022,7,01.00-01.59,2,0,2,0,0,0,0,0,0,533894.4291,6978367.1261
tieliikenne_2022.938,938,POINT (440362.1784 6772877.9656),2022,7,11.00-11.59,3,8,1,0,0,0,0,0,0,440362.1784,6772877.9656
tieliikenne_2022.939,939,POINT (379569.8051 6739782.3223),2022,7,15.00-15.59,2,0,2,0,0,0,0,0,0,379569.8051,6739782.3223
tieliikenne_2022.940,940,POINT (379005.6594 6754361.1922),2022,7,18.00-18.59,2,8,0,0,0,0,0,1,0,379005.6594,6754361.1922
tieliikenne_2022.941,941,POINT (411549.7531 6745234.1303),2022,7,21.00-21.59,2,8,0,0,0,0,0,1,0,411549.7531,6745234.1303
tieliikenne_2022.942,942,POINT (435036.071 6769880.3033),2022,7,06.00-06.59,2,8,0,0,0,0,1,0,0,435036.071,6769880.3033
tieliikenne_2022.943,943,POINT (427175.124 6764336.4731),2022,7,00.00-00.59,3,0,1,0,0,1,0,0,0,427175.124,6764336.4731
tieliikenne_2022.944,944,POINT (430308.128 6761051.2875),2022,7,10.00-10.59,2,8,1,0,0,0,0,0,0,430308.128,6761051.2875
tieliikenne_2022.945,945,POINT (361922.9928 6766846.1422),2022,8,14.00-14.59,3,1,1,0,0,1,0,0,0,361922.9928,6766846.1422
tieliikenne_2022.946,946,POINT (365164.5743 6766003.9806),2022,8,20.00-20.59,2,4,1,0,0,1,0,0,0,365164.5743,6766003.9806
tieliikenne_2022.947,947,POINT (316796.7912 6741690.4838),2022,8,14.00-14.59,2,3,2,0,0,0,0,0,0,316796.7912,6741690.4838
tieliikenne_2022.948,948,POINT (345499.1819 6741758.9618),2022,8,14.00-14.59,2,1,1,0,0,0,0,1,0,345499.1819,6741758.9618
tieliikenne_2022.949,949,POINT (379948.4862 6733699.4553),2022,8,14.00-14.59,2,8,1,0,0,0,0,0,0,379948.4862,6733699.4553
tieliikenne_2022.950,950,POINT (361103.3474 6765459.7031),2022,8,15.00-15.59,2,0,1,0,0,0,0,0,1,361103.3474,6765459.7031
tieliikenne_2022.951,951,POINT (447966.8695 6785891.8434),2022,8,18.00-18.59,2,4,1,0,0,0,1,0,0,447966.8695,6785891.8434
tieliikenne_2022.952,952,POINT (417486.4514 6739632.1837),2022,8,17.00-17.59,2,0,3,0,0,0,0,0,0,417486.4514,6739632.1837
tieliikenne_2022.953,953,POINT (422395.7389 6762291.326),2022,8,19.00-19.59,3,9,0,0,0,0,0,1,0,422395.7389,6762291.326
tieliikenne_2022.954,954,POINT (417158.993 6739047.5895),2022,8,17.00-17.59,2,0,2,0,0,0,0,0,0,417158.993,6739047.5895
tieliikenne_2022.955,955,POINT (445048.8326 6775338.6691),2022,8,16.00-16.59,2,2,2,0,0,0,0,0,0,445048.8326,6775338.6691
tieliikenne_2022.956,956,POINT (360754.7364 6766720.4637),2022,8,20.00-20.59,2,0,5,0,0,0,0,0,0,360754.7364,6766720.4637
tieliikenne_2022.957,957,POINT (379000.1208 6734681.1938),2022,8,14.00-14.59,2,1,1,0,0,1,0,0,0,379000.1208,6734681.1938
tieliikenne_2022.958,958,POINT (376675.8746 6740696.1618),2022,8,03.00-03.59,2,8,1,0,0,0,0,0,0,376675.8746,6740696.1618
tieliikenne_2022.959,959,POINT (426393.2936 6761269.6023),2022,8,13.00-13.59,2,4,2,0,0,0,0,0,0,426393.2936,6761269.6023
tieliikenne_2022.960,960,POINT (426962.5211 6761689.191),2022,8,09.00-09.59,2,0,0,1,0,1,0,0,0,426962.5211,6761689.191
tieliikenne_2022.961,961,POINT (361433.1902 6766700.205),2022,8,00.00-00.59,2,8,1,0,0,0,0,0,0,361433.1902,6766700.205
tieliikenne_2022.962,962,POINT (360166.4133 6766723.8515),2022,8,17.00-17.59,2,7,1,0,1,0,0,0,0,360166.4133,6766723.8515
tieliikenne_2022.963,963,POINT (435416.2779 6761794.0019),2022,8,09.00-09.59,2,8,1,0,0,0,0,0,0,435416.2779,6761794.0019
tieliikenne_2022.964,964,POINT (425910.878 6756433.3678),2022,8,08.00-08.59,2,5,2,0,0,0,0,0,0,425910.878,6756433.3678
tieliikenne_2022.965,965,POINT (423119.2168 6732540.3771),2022,8,13.00-13.59,3,2,2,0,0,0,0,0,0,423119.2168,6732540.3771
tieliikenne_2022.966,966,POINT (303088.4228 6754405.6112),2022,8,17.00-17.59,2,8,0,0,0,0,0,0,1,303088.4228,6754405.6112
tieliikenne_2022.967,967,POINT (367838.8659 6762830.3722),2022,8,17.00-17.59,2,2,2,0,0,0,0,0,0,367838.8659,6762830.3722
tieliikenne_2022.968,968,POINT (316632.6545 6746284.1608),2022,8,14.00-14.59,2,4,1,0,0,1,0,0,0,316632.6545,6746284.1608
tieliikenne_2022.969,969,POINT (418317.1969 6741658.015),2022,8,16.00-16.59,2,0,1,0,0,0,0,1,0,418317.1969,6741658.015
tieliikenne_2022.970,970,POINT (421266.3797 6761442.0656),2022,8,21.00-21.59,2,2,1,0,0,0,1,0,0,421266.3797,6761442.0656
tieliikenne_2022.971,971,POINT (415813.6165 6785752.8533),2022,9,19.00-19.59,2,5,1,0,0,0,1,0,0,415813.6165,6785752.8533
tieliikenne_2022.972,972,POINT (434734.4737 6763021.148),2022,9,11.00-11.59,2,8,1,0,0,0,0,0,0,434734.4737,6763021.148
tieliikenne_2022.973,973,POINT (364861.6257 6764113.1987),2022,9,16.00-16.59,2,0,2,0,0,0,0,0,0,364861.6257,6764113.1987
tieliikenne_2022.974,974,POINT (419894.8051 6784324.2729),2022,9,20.00-20.59,3,8,1,0,0,0,0,0,0,419894.8051,6784324.2729
tieliikenne_2022.975,975,POINT (433642.8424 6758374.3977),2022,9,04.00-04.59,3,8,1,0,0,0,0,0,0,433642.8424,6758374.3977
tieliikenne_2022.976,976,POINT (432727.4955 6763476.8136),2022,9,08.00-08.59,2,4,1,0,0,1,0,0,0,432727.4955,6763476.8136
tieliikenne_2022.977,977,POINT (427381.4429 6759400.6011),2022,9,15.00-15.59,2,4,1,0,0,1,0,0,0,427381.4429,6759400.6011
tieliikenne_2022.978,978,POINT (360597.8714 6765966.126),2022,9,14.00-14.59,3,6,1,0,1,0,0,0,0,360597.8714,6765966.126
tieliikenne_2022.979,979,POINT (432474.1127 6738006.9351),2022,9,08.00-08.59,3,0,1,0,0,1,0,0,0,432474.1127,6738006.9351
tieliikenne_2022.980,980,POINT (372364.7031 6756687.4808),2022,9,14.00-14.59,2,1,1,0,0,1,0,0,0,372364.7031,6756687.4808
tieliikenne_2022.981,981,POINT (434565.5996 6764743.6633),2022,9,18.00-18.59,2,1,2,0,0,0,0,0,0,434565.5996,6764743.6633
tieliikenne_2022.982,982,POINT (425340.3701 6730345.0973),2022,9,18.00-18.59,3,8,0,0,0,0,0,1,0,425340.3701,6730345.0973
tieliikenne_2022.983,983,POINT (361167.2189 6777223.1819),2022,9,13.00-13.59,2,8,0,0,0,0,0,1,0,361167.2189,6777223.1819
tieliikenne_2022.984,984,POINT (427152.5839 6761958.192),2022,9,09.00-09.59,2,0,1,0,0,0,1,0,0,427152.5839,6761958.192
tieliikenne_2022.985,985,POINT (302980.1015 6761801.7407),2022,9,09.00-09.59,1,5,1,1,0,0,0,0,0,302980.1015,6761801.7407
tieliikenne_2022.986,986,POINT (371936.2551 6729039.9935),2022,9,17.00-17.59,3,8,1,0,0,0,0,0,0,371936.2551,6729039.9935
tieliikenne_2022.987,987,POINT (447300.1484 6827730.6543),2022,9,18.00-18.59,3,5,1,0,0,0,0,1,0,447300.1484,6827730.6543
tieliikenne_2022.988,988,POINT (362073.4648 6764822.4086),2022,9,14.00-14.59,2,4,1,0,0,1,0,0,0,362073.4648,6764822.4086
tieliikenne_2022.989,989,POINT (449862.9431 6792065.435),2022,9,23.00-23.59,2,8,1,0,0,0,0,0,0,449862.9431,6792065.435
tieliikenne_2022.990,990,POINT (378732.5546 6734852.8334),2022,9,21.00-21.59,2,4,1,0,0,0,1,0,0,378732.5546,6734852.8334
tieliikenne_2022.991,991,POINT (426563.2578 6759921.9811),2022,9,15.00-15.59,2,4,1,0,0,1,0,0,0,426563.2578,6759921.9811
tieliikenne_2022.992,992,POINT (360196.7539 6766212.7928),2022,9,14.00-14.59,2,1,1,0,0,1,0,0,0,360196.7539,6766212.7928
tieliikenne_2022.993,993,POINT (378290.424 6734887.5208),2022,9,15.00-15.59,2,3,1,0,0,0,1,0,0,378290.424,6734887.5208
tieliikenne_2022.994,994,POINT (376586.7271 6735516.7581),2022,9,18.00-18.59,2,9,0,0,0,0,0,0,1,376586.7271,6735516.7581
tieliikenne_2022.995,995,POINT (427712.028 6762621.9501),2022,9,06.00-06.59,2,1,1,0,0,1,0,0,0,427712.028,6762621.9501
tieliikenne_2022.996,996,POINT (311039.9459 6746311.9107),2022,9,16.00-16.59,2,0,2,0,0,0,0,0,0,311039.9459,6746311.9107
tieliikenne_2022.997,997,POINT (368854.326 6779739.0985),2022,10,01.00-01.59,2,8,1,0,0,0,0,0,0,368854.326,6779739.0985
tieliikenne_2022.998,998,POINT (434819.7437 6769742.6341),2022,10,20.00-20.59,2,8,1,0,0,0,0,0,0,434819.7437,6769742.6341
tieliikenne_2022.999,999,POINT (427631.5283 6762525.6826),2022,10,09.00-09.59,2,1,1,0,0,1,0,0,0,427631.5283,6762525.6826
tieliikenne_2022.1000,1000,POINT (427332.4596 6757642.225),2022,10,19.00-19.59,2,9,1,0,0,0,1,0,0,427332.4596,6757642.225
tieliikenne_2022.1001,1001,POINT (423156.6201 6759889.1868),2022,10,13.00-13.59,2,4,1,0,0,1,0,0,0,423156.6201,6759889.1868
tieliikenne_2022.1002,1002,POINT (441917.3756 6775760.0922),2022,10,12.00-12.59,2,0,1,1,0,0,0,0,0,441917.3756,6775760.0922
tieliikenne_2022.1003,1003,POINT (411420.0025 6755556.7096),2022,10,14.00-14.59,2,8,1,0,0,0,0,0,0,411420.0025,6755556.7096
tieliikenne_2022.1004,1004,POINT (345806.4425 6776526.7039),2022,10,16.00-16.59,2,8,0,0,0,0,0,1,0,345806.4425,6776526.7039
tieliikenne_2022.1005,1005,POINT (409135.9528 6809190.0341),2022,10,22.00-22.59,2,8,1,0,0,0,0,0,0,409135.9528,6809190.0341
tieliikenne_2022.1006,1006,POINT (427226.7704 6761443.4373),2022,10,15.00-15.59,2,4,1,0,0,1,0,0,0,427226.7704,6761443.4373
tieliikenne_2022.1007,1007,POINT (380674.6625 6735211.9946),2022,10,14.00-14.59,2,4,1,0,0,1,0,0,0,380674.6625,6735211.9946
tieliikenne_2022.1008,1008,POINT (388879.5028 6701935.7776),2022,10,23.00-23.59,2,8,1,0,0,0,0,0,0,388879.5028,6701935.7776
tieliikenne_2022.1009,1009,POINT (446959.3097 6787755.6111),2022,10,00.00-00.59,3,8,1,0,0,0,0,0,0,446959.3097,6787755.6111
tieliikenne_2022.1010,1010,POINT (358175.7797 6762806.7269),2022,10,00.00-00.59,2,0,0,0,0,0,1,0,1,358175.7797,6762806.7269
tieliikenne_2022.1011,1011,POINT (364340.281 6765763.014),2022,10,08.00-08.59,2,6,1,0,1,0,0,0,0,364340.281,6765763.014
tieliikenne_2022.1012,1012,POINT (427532.755 6762844.2009),2022,11,16.00-16.59,1,6,1,0,1,0,0,0,0,427532.755,6762844.2009
tieliikenne_2022.1013,1013,POINT (424058.3471 6758223.3717),2022,11,00.00-00.59,2,8,1,0,0,0,0,0,0,424058.3471,6758223.3717
tieliikenne_2022.1014,1014,POINT (363621.141 6765325.3809),2022,11,12.00-12.59,2,3,2,0,0,0,0,0,0,363621.141,6765325.3809
tieliikenne_2022.1015,1015,POINT (448667.5418 6800485.7297),2022,11,14.00-14.59,2,1,3,0,0,0,0,0,0,448667.5418,6800485.7297
tieliikenne_2022.1016,1016,POINT (426969.1869 6754266.3817),2022,11,00.00-00.59,2,8,1,0,0,0,0,0,0,426969.1869,6754266.3817
tieliikenne_2022.1017,1017,POINT (427834.6785 6762519.7557),2022,11,18.00-18.59,2,1,1,0,0,1,0,0,0,427834.6785,6762519.7557
tieliikenne_2022.1018,1018,POINT (456164.1495 6800647.6471),2022,11,23.00-23.59,2,8,1,0,0,0,0,0,0,456164.1495,6800647.6471
tieliikenne_2022.1019,1019,POINT (395099.015 6743458.561),2022,11,13.00-13.59,3,8,1,0,0,0,0,0,0,395099.015,6743458.561
tieliikenne_2022.1020,1020,POINT (369125.9962 6749375.0613),2022,11,18.00-18.59,2,0,2,0,0,0,0,0,0,369125.9962,6749375.0613
tieliikenne_2022.1021,1021,POINT (314611.7831 6760009.5205),2022,11,01.00-01.59,2,8,1,0,0,0,0,0,0,314611.7831,6760009.5205
tieliikenne_2022.1022,1022,POINT (359394.1548 6734797.3027),2022,11,10.00-10.59,2,1,1,1,0,0,0,0,0,359394.1548,6734797.3027
tieliikenne_2022.1023,1023,POINT (361730.2951 6733917.2209),2022,11,14.00-14.59,2,2,3,0,0,0,0,0,0,361730.2951,6733917.2209
tieliikenne_2022.1024,1024,POINT (397661.5794 6798456.7196),2022,11,17.00-17.59,2,8,1,0,0,0,0,0,0,397661.5794,6798456.7196
tieliikenne_2022.1025,1025,POINT (426916.7476 6761506.7867),2022,11,18.00-18.59,2,6,1,0,1,0,0,0,0,426916.7476,6761506.7867
tieliikenne_2022.1026,1026,POINT (313403.0925 6749181.7457),2022,11,19.00-19.59,2,8,1,0,0,0,0,0,0,313403.0925,6749181.7457
tieliikenne_2022.1027,1027,POINT (359021.7947 6759683.2186),2022,11,07.00-07.59,1,2,2,0,0,0,0,0,0,359021.7947,6759683.2186
tieliikenne_2022.1028,1028,POINT (343428.5752 6742840.5962),2022,11,13.00-13.59,2,2,3,0,0,0,0,0,0,343428.5752,6742840.5962
tieliikenne_2022.1029,1029,POINT (362175.3186 6764561.1249),2022,11,10.00-10.59,2,8,1,0,0,0,0,0,0,362175.3186,6764561.1249
tieliikenne_2022.1030,1030,POINT (427284.4282 6762087.4359),2022,11,01.00-01.59,2,6,1,0,1,0,0,0,0,427284.4282,6762087.4359
tieliikenne_2022.1031,1031,POINT (448505.777 6787163.1162),2022,11,04.00-04.59,2,8,1,0,0,0,0,0,0,448505.777,6787163.1162
tieliikenne_2022.1032,1032,POINT (446053.2758 6812953.4942),2022,11,13.00-13.59,2,8,1,0,0,0,0,0,0,446053.2758,6812953.4942
tieliikenne_2022.1033,1033,POINT (363295.4871 6762280.8245),2022,12,12.00-12.59,2,0,2,0,0,0,0,0,0,363295.4871,6762280.8245
tieliikenne_2022.1034,1034,POINT (430214.408 6759730.4916),2022,12,18.00-18.59,2,0,2,0,0,0,0,0,0,430214.408,6759730.4916
tieliikenne_2022.1035,1035,POINT (449104.904 6786467.324),2022,12,10.00-10.59,3,8,1,0,0,0,0,0,0,449104.904,6786467.324
tieliikenne_2022.1036,1036,POINT (427239.2012 6759874.3427),2022,12,16.00-16.59,2,3,2,0,0,0,0,0,0,427239.2012,6759874.3427
tieliikenne_2022.1037,1037,POINT (316754.9231 6747207.1688),2022,12,15.00-15.59,2,1,2,0,0,0,0,0,0,316754.9231,6747207.1688
tieliikenne_2022.1038,1038,POINT (367678.9682 6753286.3244),2022,12,15.00-15.59,2,0,1,1,0,0,0,0,0,367678.9682,6753286.3244
tieliikenne_2022.1039,1039,POINT (363229.2831 6765132.5074),2022,12,11.00-11.59,2,6,1,0,1,0,0,0,0,363229.2831,6765132.5074
tieliikenne_2022.1040,1040,POINT (376032.2732 6736953.1392),2022,12,15.00-15.59,3,2,2,0,0,0,0,0,0,376032.2732,6736953.1392
tieliikenne_2022.1041,1041,POINT (303762.096 6760653.3912),2022,12,19.00-19.59,2,0,0,1,0,0,0,0,1,303762.096,6760653.3912
tieliikenne_2022.1042,1042,POINT (423148.9079 6759885.0119),2022,12,15.00-15.59,2,5,2,0,0,0,0,0,0,423148.9079,6759885.0119
tieliikenne_2022.1043,1043,POINT (366657.152 6751409.604),2022,12,06.00-06.59,2,2,1,1,0,0,0,0,0,366657.152,6751409.604
tieliikenne_2022.1044,1044,POINT (364777.7463 6735021.2004),2022,12,16.00-16.59,1,5,2,0,0,0,0,0,0,364777.7463,6735021.2004
tieliikenne_2022.1045,1045,POINT (446024.036 6750962.0096),2022,12,14.00-14.59,2,8,1,0,0,0,0,0,0,446024.036,6750962.0096
tieliikenne_2022.1046,1046,POINT (418755.2884 6762017.8789),2022,12,14.00-14.59,2,5,3,0,0,0,0,0,0,418755.2884,6762017.8789
tieliikenne_2022.1047,1047,POINT (371783.9465 6736628.2654),2022,12,21.00-21.59,2,4,2,0,0,0,0,0,0,371783.9465,6736628.2654
tieliikenne_2022.1048,1048,POINT (426908.8687 6758727.7197),2022,12,10.00-10.59,2,8,1,0,0,0,0,0,0,426908.8687,6758727.7197
tieliikenne_2022.1049,1049,POINT (427923.501 6763238.3346),2022,12,21.00-21.59,2,0,3,0,0,0,0,0,0,427923.501,6763238.3346
tieliikenne_2022.1050,1050,POINT (480912.7595 6747294.0358),2022,1,12.00-12.59,2,1,2,0,0,0,0,0,0,480912.7595,6747294.0358
tieliikenne_2022.1051,1051,POINT (494928.8221 6707801.9867),2022,1,21.00-21.59,2,2,2,0,0,0,0,0,0,494928.8221,6707801.9867
tieliikenne_2022.1052,1052,POINT (487665.5933 6738243.3877),2022,1,15.00-15.59,2,2,1,0,0,0,0,0,1,487665.5933,6738243.3877
tieliikenne_2022.1053,1053,POINT (497284.114 6709440.3728),2022,1,10.00-10.59,2,4,2,0,0,0,0,0,0,497284.114,6709440.3728
tieliikenne_2022.1054,1054,POINT (498604.3086 6711779.0194),2022,1,21.00-21.59,2,5,2,0,0,0,0,0,0,498604.3086,6711779.0194
tieliikenne_2022.1055,1055,POINT (579094.1291 6775526.6008),2022,1,09.00-09.59,2,6,1,0,1,0,0,0,0,579094.1291,6775526.6008
tieliikenne_2022.1056,1056,POINT (563326.6362 6769481.1017),2022,1,19.00-19.59,2,4,2,0,0,0,0,0,0,563326.6362,6769481.1017
tieliikenne_2022.1057,1057,POINT (479797.5718 6748713.9321),2022,1,15.00-15.59,2,2,2,0,0,0,0,0,0,479797.5718,6748713.9321
tieliikenne_2022.1058,1058,POINT (486935.1401 6750775.5334),2022,1,19.00-19.59,2,1,2,0,0,0,0,0,0,486935.1401,6750775.5334
tieliikenne_2022.1059,1059,POINT (488062.1278 6743116.1824),2022,1,19.00-19.59,2,8,1,0,0,0,0,0,0,488062.1278,6743116.1824
tieliikenne_2022.1060,1060,POINT (483387.9783 6748115.7878),2022,1,14.00-14.59,2,8,1,0,0,0,0,0,0,483387.9783,6748115.7878
tieliikenne_2022.1061,1061,POINT (484111.579 6750826.6025),2022,1,14.00-14.59,2,1,2,0,0,0,0,0,0,484111.579,6750826.6025
tieliikenne_2022.1062,1062,POINT (479865.9093 6748696.2575),2022,1,20.00-20.59,2,2,4,0,0,0,0,0,0,479865.9093,6748696.2575
tieliikenne_2022.1063,1063,POINT (497119.6035 6709471.022),2022,1,23.00-23.59,2,8,1,0,0,0,0,0,0,497119.6035,6709471.022
tieliikenne_2022.1064,1064,POINT (508744.5837 6714663.0982),2022,2,00.00-00.59,2,4,1,1,0,0,0,0,0,508744.5837,6714663.0982
tieliikenne_2022.1065,1065,POINT (497278.3024 6709442.9105),2022,2,07.00-07.59,2,4,2,0,0,0,0,0,0,497278.3024,6709442.9105
tieliikenne_2022.1066,1066,POINT (496877.3132 6709968.1274),2022,2,12.00-12.59,2,4,2,0,0,0,0,0,0,496877.3132,6709968.1274
tieliikenne_2022.1067,1067,POINT (484840.8712 6748698.7068),2022,2,00.00-00.59,2,8,1,0,0,0,0,0,0,484840.8712,6748698.7068
tieliikenne_2022.1068,1068,POINT (599858.0647 6790255.1219),2022,2,11.00-11.59,2,5,2,0,0,0,0,0,0,599858.0647,6790255.1219
tieliikenne_2022.1069,1069,POINT (496537.9942 6702817.0366),2022,2,13.00-13.59,2,6,1,0,1,0,0,0,0,496537.9942,6702817.0366
tieliikenne_2022.1070,1070,POINT (497715.7606 6710704.5897),2022,2,23.00-23.59,2,4,2,0,0,0,0,0,0,497715.7606,6710704.5897
tieliikenne_2022.1071,1071,POINT (484745.2637 6748655.5265),2022,2,00.00-00.59,2,4,2,0,0,0,0,0,0,484745.2637,6748655.5265
tieliikenne_2022.1072,1072,POINT (496940.007 6709192.6773),2022,2,07.00-07.59,2,8,1,0,0,0,0,0,0,496940.007,6709192.6773
tieliikenne_2022.1073,1073,POINT (470253.6981 6731318.7396),2022,2,13.00-13.59,2,2,1,0,0,0,0,0,1,470253.6981,6731318.7396
tieliikenne_2022.1074,1074,POINT (526866.4647 6753829.9254),2022,2,17.00-17.59,1,2,1,1,0,0,0,0,0,526866.4647,6753829.9254
tieliikenne_2022.1075,1075,POINT (588273.7458 6781439.6374),2022,2,06.00-06.59,2,0,3,0,0,0,0,0,0,588273.7458,6781439.6374
tieliikenne_2022.1076,1076,POINT (488418.8921 6753714.9274),2022,2,17.00-17.59,2,2,1,1,0,0,0,0,0,488418.8921,6753714.9274
tieliikenne_2022.1077,1077,POINT (489114.685 6731223.2297),2022,2,13.00-13.59,2,2,2,0,0,0,0,0,0,489114.685,6731223.2297
tieliikenne_2022.1078,1078,POINT (478170.6558 6748600.6169),2022,2,22.00-22.59,2,2,1,1,0,0,0,0,0,478170.6558,6748600.6169
tieliikenne_2022.1079,1079,POINT (633541.2074 6826407.7158),2022,2,17.00-17.59,2,2,2,0,0,0,0,0,0,633541.2074,6826407.7158
tieliikenne_2022.1080,1080,POINT (480090.4691 6751480.8467),2022,2,14.00-14.59,2,2,3,0,0,0,0,0,0,480090.4691,6751480.8467
tieliikenne_2022.1081,1081,POINT (484496.6386 6748394.6849),2022,2,23.00-23.59,2,1,1,0,0,0,0,0,1,484496.6386,6748394.6849
tieliikenne_2022.1082,1082,POINT (480966.4792 6756250.5042),2022,2,06.00-06.59,2,0,2,0,0,0,0,0,0,480966.4792,6756250.5042
tieliikenne_2022.1083,1083,POINT (493497.6443 6726194.9924),2022,5,23.00-23.59,2,9,2,0,0,0,0,0,0,493497.6443,6726194.9924
tieliikenne_2022.1084,1084,POINT (562318.1429 6757013.3262),2022,3,16.00-16.59,2,2,1,1,0,0,0,0,0,562318.1429,6757013.3262
tieliikenne_2022.1085,1085,POINT (510541.6844 6752086.2558),2022,5,22.00-22.59,2,9,1,0,0,0,0,0,0,510541.6844,6752086.2558
tieliikenne_2022.1086,1086,POINT (479319.2992 6768552.0583),2022,3,13.00-13.59,2,8,1,0,0,0,0,0,0,479319.2992,6768552.0583
tieliikenne_2022.1087,1087,POINT (483626.0127 6754772.0619),2022,3,12.00-12.59,2,8,1,0,0,0,0,0,0,483626.0127,6754772.0619
tieliikenne_2022.1088,1088,POINT (497583.0956 6710772.2486),2022,3,13.00-13.59,2,4,2,0,0,0,0,0,0,497583.0956,6710772.2486
tieliikenne_2022.1089,1089,POINT (578274.1606 6775939.5902),2022,3,12.00-12.59,2,0,1,1,0,0,0,0,0,578274.1606,6775939.5902
tieliikenne_2022.1090,1090,POINT (497109.5711 6769276.8367),2022,3,10.00-10.59,2,2,0,2,0,0,0,0,0,497109.5711,6769276.8367
tieliikenne_2022.1091,1091,POINT (479960.8449 6751865.9487),2022,3,20.00-20.59,2,3,2,0,0,0,0,0,0,479960.8449,6751865.9487
tieliikenne_2022.1092,1092,POINT (544033.3031 6778020.0294),2022,3,13.00-13.59,2,2,2,0,0,0,0,0,0,544033.3031,6778020.0294
tieliikenne_2022.1093,1093,POINT (483443.796 6748637.804),2022,3,15.00-15.59,2,4,2,0,0,0,0,0,0,483443.796,6748637.804
tieliikenne_2022.1094,1094,POINT (562474.9093 6767893.3657),2022,3,17.00-17.59,2,0,0,1,0,0,0,0,1,562474.9093,6767893.3657
tieliikenne_2022.1095,1095,POINT (514939.0526 6717121.0105),2022,3,13.00-13.59,2,0,2,0,0,0,0,0,0,514939.0526,6717121.0105
tieliikenne_2022.1096,1096,POINT (496131.7274 6708884.523),2022,3,13.00-13.59,2,8,1,0,0,0,0,0,0,496131.7274,6708884.523
tieliikenne_2022.1097,1097,POINT (645191.6967 6846467.1017),2022,3,08.00-08.59,2,2,1,1,0,0,0,0,0,645191.6967,6846467.1017
tieliikenne_2022.1098,1098,POINT (498310.9189 6711790.0055),2022,4,19.00-19.59,2,3,1,0,0,0,2,0,0,498310.9189,6711790.0055
tieliikenne_2022.1099,1099,POINT (481094.4561 6700374.6874),2022,4,12.00-12.59,2,2,2,0,0,0,0,0,0,481094.4561,6700374.6874
tieliikenne_2022.1100,1100,POINT (490303.4938 6706561.8933),2022,4,17.00-17.59,2,0,1,1,0,0,0,0,0,490303.4938,6706561.8933
tieliikenne_2022.1101,1101,POINT (496485.8235 6730694.5967),2022,4,14.00-14.59,2,8,1,0,0,0,0,0,0,496485.8235,6730694.5967
tieliikenne_2022.1102,1102,POINT (484096.8411 6748900.8034),2022,4,16.00-16.59,2,0,1,0,0,0,1,0,0,484096.8411,6748900.8034
tieliikenne_2022.1103,1103,POINT (479472.774 6752489.8603),2022,4,15.00-15.59,2,0,2,0,0,0,0,0,0,479472.774,6752489.8603
tieliikenne_2022.1104,1104,POINT (498074.7376 6707761.3616),2022,8,19.00-19.59,1,9,0,0,0,1,0,0,0,498074.7376,6707761.3616
tieliikenne_2022.1105,1105,POINT (594429.1446 6794378.3016),2022,4,19.00-19.59,2,8,0,0,0,0,0,0,1,594429.1446,6794378.3016
tieliikenne_2022.1106,1106,POINT (585994.1566 6780247.453),2022,8,06.00-06.59,2,9,1,0,0,0,0,0,0,585994.1566,6780247.453
tieliikenne_2022.1107,1107,POINT (569867.2789 6770854.2818),2022,4,08.00-08.59,3,1,1,0,0,1,0,0,0,569867.2789,6770854.2818
tieliikenne_2022.1108,1108,POINT (483859.4425 6748406.8566),2022,4,14.00-14.59,2,4,1,0,0,1,0,0,0,483859.4425,6748406.8566
tieliikenne_2022.1109,1109,POINT (486609.6505 6704908.4729),2022,4,05.00-05.59,2,5,1,0,0,1,0,0,0,486609.6505,6704908.4729
tieliikenne_2022.1110,1110,POINT (595012.1776 6786346.8086),2022,9,19.00-19.59,1,9,0,0,0,1,0,0,0,595012.1776,6786346.8086
tieliikenne_2022.1111,1111,POINT (491430.2654 6757435.5287),2022,4,11.00-11.59,2,1,1,0,0,1,0,0,0,491430.2654,6757435.5287
tieliikenne_2022.1112,1112,POINT (566001.6657 6770452.6423),2022,4,14.00-14.59,2,0,2,0,0,0,0,0,0,566001.6657,6770452.6423
tieliikenne_2022.1113,1113,POINT (592103.0879 6775726.1754),2022,4,19.00-19.59,2,8,0,0,0,0,0,1,0,592103.0879,6775726.1754
tieliikenne_2022.1114,1114,POINT (502631.2905 6759150.0022),2022,9,19.00-19.59,2,9,0,0,0,0,1,0,0,502631.2905,6759150.0022
tieliikenne_2022.1115,1115,POINT (484969.2684 6750457.9069),2022,5,16.00-16.59,2,0,1,0,0,0,1,0,0,484969.2684,6750457.9069
tieliikenne_2022.1116,1116,POINT (487023.0033 6705931.9233),2022,5,15.00-15.59,2,1,1,0,0,0,1,0,0,487023.0033,6705931.9233
tieliikenne_2022.1117,1117,POINT (506908.9368 6740130.6857),2022,5,23.00-23.59,2,8,1,0,0,0,0,0,0,506908.9368,6740130.6857
tieliikenne_2022.1118,1118,POINT (478202.6709 6748608.9065),2022,5,19.00-19.59,2,0,3,0,0,0,0,0,0,478202.6709,6748608.9065
tieliikenne_2022.1119,1119,POINT (492209.0879 6705295.1582),2022,5,13.00-13.59,2,9,1,0,1,0,0,0,0,492209.0879,6705295.1582
tieliikenne_2022.1120,1120,POINT (512638.0343 6722349.5912),2022,5,13.00-13.59,2,8,0,1,0,0,0,0,0,512638.0343,6722349.5912
tieliikenne_2022.1121,1121,POINT (559975.7087 6767834.6687),2022,5,17.00-17.59,2,0,1,0,0,0,1,0,0,559975.7087,6767834.6687
tieliikenne_2022.1122,1122,POINT (555321.4614 6768307.3276),2022,10,19.00-19.59,2,9,1,0,0,0,0,0,0,555321.4614,6768307.3276
tieliikenne_2022.1123,1123,POINT (571450.7357 6768604.1124),2022,5,17.00-17.59,2,8,1,0,0,0,0,0,0,571450.7357,6768604.1124
tieliikenne_2022.1124,1124,POINT (479219.8631 6758271.1077),2022,5,01.00-01.59,1,2,1,1,0,0,0,0,0,479219.8631,6758271.1077
tieliikenne_2022.1125,1125,POINT (498745.4057 6732983.7325),2022,11,03.00-03.59,1,8,1,0,0,0,0,0,0,498745.4057,6732983.7325
tieliikenne_2022.1126,1126,POINT (483472.7104 6729755.5699),2022,5,13.00-13.59,1,1,0,0,0,0,0,1,1,483472.7104,6729755.5699
tieliikenne_2022.1127,1127,POINT (482842.233 6748169.0451),2022,5,19.00-19.59,2,0,0,0,0,0,1,1,0,482842.233,6748169.0451
tieliikenne_2022.1128,1128,POINT (580615.0979 6777416.4552),2022,5,11.00-11.59,2,8,1,0,0,0,0,0,0,580615.0979,6777416.4552
tieliikenne_2022.1129,1129,POINT (521864.8834 6745479.6504),2022,11,15.00-15.59,2,9,1,0,0,0,0,0,0,521864.8834,6745479.6504
tieliikenne_2022.1130,1130,POINT (600846.5794 6808957.0304),2022,11,09.00-09.59,2,9,1,0,0,0,0,0,0,600846.5794,6808957.0304
tieliikenne_2022.1131,1131,POINT (511193.0339 6714200.8824),2022,5,17.00-17.59,2,5,1,0,0,0,1,0,0,511193.0339,6714200.8824
tieliikenne_2022.1132,1132,POINT (496542.3618 6702325.0419),2022,5,15.00-15.59,3,6,1,0,1,0,0,0,0,496542.3618,6702325.0419
tieliikenne_2022.1133,1133,POINT (506987.8019 6715081.1566),2022,6,22.00-22.59,1,8,1,0,0,0,0,0,0,506987.8019,6715081.1566
tieliikenne_2022.1134,1134,POINT (488092.922 6737126.2112),2022,6,16.00-16.59,3,1,1,0,0,1,0,0,0,488092.922,6737126.2112
tieliikenne_2022.1135,1135,POINT (475563.422 6791302.9558),2022,6,06.00-06.59,2,8,1,0,0,0,0,0,0,475563.422,6791302.9558
tieliikenne_2022.1136,1136,POINT (597846.4967 6788018.7656),2022,6,00.00-00.59,2,1,1,0,0,0,1,0,0,597846.4967,6788018.7656
tieliikenne_2022.1137,1137,POINT (489169.9869 6773164.3298),2022,6,13.00-13.59,2,8,1,0,0,0,0,0,0,489169.9869,6773164.3298
tieliikenne_2022.1138,1138,POINT (494386.4437 6750298.5099),2022,6,15.00-15.59,3,2,2,0,0,0,0,0,0,494386.4437,6750298.5099
tieliikenne_2022.1139,1139,POINT (508748.8675 6739060.177),2022,6,18.00-18.59,2,8,1,0,0,0,0,0,0,508748.8675,6739060.177
tieliikenne_2022.1140,1140,POINT (486875.8658 6762840.389),2022,6,10.00-10.59,2,8,1,0,0,0,0,0,0,486875.8658,6762840.389
tieliikenne_2022.1141,1141,POINT (484697.546 6748206.0524),2022,6,18.00-18.59,3,3,1,0,0,1,0,0,0,484697.546,6748206.0524
tieliikenne_2022.1142,1142,POINT (564844.9101 6768561.1634),2022,6,01.00-01.59,2,0,1,0,0,0,0,1,0,564844.9101,6768561.1634
tieliikenne_2022.1143,1143,POINT (484381.828 6706143.4713),2022,6,07.00-07.59,2,8,0,0,0,0,0,1,0,484381.828,6706143.4713
tieliikenne_2022.1144,1144,POINT (471006.4041 6769534.0485),2022,6,14.00-14.59,2,4,2,0,0,0,0,0,0,471006.4041,6769534.0485
tieliikenne_2022.1145,1145,POINT (594494.1089 6782177.7861),2022,6,12.00-12.59,2,9,1,0,1,0,0,0,0,594494.1089,6782177.7861
tieliikenne_2022.1146,1146,POINT (481391.3083 6751528.5709),2022,6,17.00-17.59,2,4,2,0,0,0,0,0,0,481391.3083,6751528.5709
tieliikenne_2022.1147,1147,POINT (476012.77 6705816.88),2022,6,11.00-11.59,2,8,1,0,0,0,0,0,0,476012.77,6705816.88
tieliikenne_2022.1148,1148,POINT (534615.6879 6759909.0098),2022,6,17.00-17.59,3,9,0,0,0,0,0,0,1,534615.6879,6759909.0098
tieliikenne_2022.1149,1149,POINT (479560.5383 6752538.652),2022,6,16.00-16.59,2,4,1,0,0,1,0,0,0,479560.5383,6752538.652
tieliikenne_2022.1150,1150,POINT (478545.9679 6746048.2012),2022,6,12.00-12.59,2,8,1,0,0,0,0,0,0,478545.9679,6746048.2012
tieliikenne_2022.1151,1151,POINT (509780.0671 6715396.7915),2022,6,19.00-19.59,2,4,2,0,0,0,0,0,0,509780.0671,6715396.7915
tieliikenne_2022.1152,1152,POINT (481437.7166 6752967.5994),2022,6,20.00-20.59,2,8,1,0,0,0,0,0,0,481437.7166,6752967.5994
tieliikenne_2022.1153,1153,POINT (591397.0014 6784286.4287),2022,6,11.00-11.59,2,5,1,0,0,1,0,0,0,591397.0014,6784286.4287
tieliikenne_2022.1154,1154,POINT (484758.495 6748640.1512),2022,6,15.00-15.59,2,1,1,0,0,0,0,1,0,484758.495,6748640.1512
tieliikenne_2022.1155,1155,POINT (483675.4072 6749777.5283),2022,6,20.00-20.59,2,1,2,0,0,0,0,0,0,483675.4072,6749777.5283
tieliikenne_2022.1156,1156,POINT (618782.7017 6805560.2748),2022,7,15.00-15.59,2,0,1,0,0,0,0,1,0,618782.7017,6805560.2748
tieliikenne_2022.1157,1157,POINT (569104.5577 6770528.8604),2022,7,11.00-11.59,2,1,1,0,0,1,0,0,0,569104.5577,6770528.8604
tieliikenne_2022.1158,1158,POINT (635691.022 6835327.5588),2022,7,11.00-11.59,3,0,1,0,0,0,1,0,0,635691.022,6835327.5588
tieliikenne_2022.1159,1159,POINT (488095.8775 6737132.4488),2022,7,12.00-12.59,2,1,0,0,0,2,0,0,0,488095.8775,6737132.4488
tieliikenne_2022.1160,1160,POINT (496965.095 6703209.5004),2022,7,16.00-16.59,2,3,1,0,0,1,0,0,0,496965.095,6703209.5004
tieliikenne_2022.1161,1161,POINT (559612.8135 6778328.4308),2022,7,15.00-15.59,2,4,1,0,0,1,0,0,0,559612.8135,6778328.4308
tieliikenne_2022.1162,1162,POINT (489832.8762 6750133.869),2022,7,13.00-13.59,1,8,1,0,0,0,0,0,0,489832.8762,6750133.869
tieliikenne_2022.1163,1163,POINT (478038.6961 6754906.9555),2022,7,13.00-13.59,2,8,1,0,0,0,0,0,0,478038.6961,6754906.9555
tieliikenne_2022.1164,1164,POINT (595208.9396 6784797.5272),2022,7,09.00-09.59,2,3,1,0,0,1,0,0,0,595208.9396,6784797.5272
tieliikenne_2022.1165,1165,POINT (505776.7668 6752147.5952),2022,7,13.00-13.59,1,2,2,1,0,0,0,0,0,505776.7668,6752147.5952
tieliikenne_2022.1166,1166,POINT (590822.0118 6782730.8314),2022,7,16.00-16.59,2,8,1,0,0,0,0,0,0,590822.0118,6782730.8314
tieliikenne_2022.1167,1167,POINT (480717.5988 6751251.7014),2022,7,21.00-21.59,2,9,0,0,0,0,0,0,1,480717.5988,6751251.7014
tieliikenne_2022.1168,1168,POINT (518676.3921 6735147.0416),2022,7,18.00-18.59,2,8,1,0,0,0,0,0,0,518676.3921,6735147.0416
tieliikenne_2022.1169,1169,POINT (580920.6982 6760987.8563),2022,7,07.00-07.59,2,2,1,1,0,0,0,0,0,580920.6982,6760987.8563
tieliikenne_2022.1170,1170,POINT (624260.3722 6817144.8008),2022,7,16.00-16.59,2,8,1,0,0,0,0,0,0,624260.3722,6817144.8008
tieliikenne_2022.1171,1171,POINT (632925.2643 6827076.4274),2022,7,12.00-12.59,2,1,1,0,0,0,1,0,0,632925.2643,6827076.4274
tieliikenne_2022.1172,1172,POINT (550973.5012 6772081.2933),2022,7,16.00-16.59,2,9,0,0,0,0,0,0,2,550973.5012,6772081.2933
tieliikenne_2022.1173,1173,POINT (483958.3179 6748936.1524),2022,7,21.00-21.59,2,4,1,0,0,1,0,0,0,483958.3179,6748936.1524
tieliikenne_2022.1174,1174,POINT (561269.1205 6747084.9522),2022,7,05.00-05.59,2,8,1,0,0,0,0,0,0,561269.1205,6747084.9522
tieliikenne_2022.1175,1175,POINT (488406.5325 6742887.5949),2022,7,11.00-11.59,2,1,2,0,0,0,0,0,0,488406.5325,6742887.5949
tieliikenne_2022.1176,1176,POINT (481019.5964 6751238.4073),2022,7,14.00-14.59,2,5,1,0,0,1,0,0,0,481019.5964,6751238.4073
tieliikenne_2022.1177,1177,POINT (496147.0276 6703052.968),2022,7,19.00-19.59,2,8,1,0,0,0,0,0,0,496147.0276,6703052.968
tieliikenne_2022.1178,1178,POINT (491577.3725 6747634.4621),2022,7,05.00-05.59,2,8,1,0,0,0,0,0,0,491577.3725,6747634.4621
tieliikenne_2022.1179,1179,POINT (594527.1911 6783090.5943),2022,7,19.00-19.59,2,4,1,0,0,0,1,0,0,594527.1911,6783090.5943
tieliikenne_2022.1180,1180,POINT (561591.78 6783664.745),2022,7,15.00-15.59,2,0,1,0,0,0,0,0,1,561591.78,6783664.745
tieliikenne_2022.1181,1181,POINT (479359.6778 6757166.4869),2022,7,17.00-17.59,2,8,1,0,0,0,0,0,0,479359.6778,6757166.4869
tieliikenne_2022.1182,1182,POINT (487218.223 6747252.538),2022,7,16.00-16.59,2,3,1,0,0,1,0,0,0,487218.223,6747252.538
tieliikenne_2022.1183,1183,POINT (594662.2206 6780937.9135),2022,7,19.00-19.59,2,8,1,0,0,0,0,0,0,594662.2206,6780937.9135
tieliikenne_2022.1184,1184,POINT (579039.6886 6775470.937),2022,7,23.00-23.59,2,8,0,0,0,0,1,0,0,579039.6886,6775470.937
tieliikenne_2022.1185,1185,POINT (483810.0073 6747979.6902),2022,8,16.00-16.59,2,9,0,0,0,0,0,1,0,483810.0073,6747979.6902
tieliikenne_2022.1186,1186,POINT (564824.2943 6770203.3125),2022,8,19.00-19.59,2,4,1,0,0,1,0,0,0,564824.2943,6770203.3125
tieliikenne_2022.1187,1187,POINT (510290.3525 6714360.5433),2022,8,15.00-15.59,2,4,1,0,0,1,0,0,0,510290.3525,6714360.5433
tieliikenne_2022.1188,1188,POINT (496187.8675 6702950.5206),2022,8,16.00-16.59,2,4,1,0,0,1,0,0,0,496187.8675,6702950.5206
tieliikenne_2022.1189,1189,POINT (487478.7167 6706775.1707),2022,8,15.00-15.59,2,4,1,0,0,1,0,0,0,487478.7167,6706775.1707
tieliikenne_2022.1190,1190,POINT (481730.5817 6749420.6491),2022,8,14.00-14.59,2,8,1,0,0,0,0,0,0,481730.5817,6749420.6491
tieliikenne_2022.1191,1191,POINT (551158.542 6763483.0904),2022,8,00.00-00.59,2,8,1,0,0,0,0,0,0,551158.542,6763483.0904
tieliikenne_2022.1192,1192,POINT (485537.3316 6752348.2331),2022,8,17.00-17.59,2,5,1,0,0,0,1,0,0,485537.3316,6752348.2331
tieliikenne_2022.1193,1193,POINT (469826.0229 6731916.6804),2022,8,10.00-10.59,2,7,1,0,1,0,0,0,0,469826.0229,6731916.6804
tieliikenne_2022.1194,1194,POINT (512581.5064 6713563.7341),2022,8,10.00-10.59,2,4,1,0,0,1,0,0,0,512581.5064,6713563.7341
tieliikenne_2022.1195,1195,POINT (497241.9365 6710559.6098),2022,8,02.00-02.59,2,8,1,0,0,0,0,0,0,497241.9365,6710559.6098
tieliikenne_2022.1196,1196,POINT (594455.5937 6783195.1925),2022,8,14.00-14.59,2,4,1,0,0,1,0,0,0,594455.5937,6783195.1925
tieliikenne_2022.1197,1197,POINT (544764.8283 6726631.7844),2022,8,17.00-17.59,2,8,0,0,0,0,1,0,0,544764.8283,6726631.7844
tieliikenne_2022.1198,1198,POINT (603654.8179 6794243.0762),2022,8,09.00-09.59,2,2,2,0,0,0,0,0,0,603654.8179,6794243.0762
tieliikenne_2022.1199,1199,POINT (563862.7956 6769810.87),2022,8,12.00-12.59,2,4,1,0,0,1,0,0,0,563862.7956,6769810.87
tieliikenne_2022.1200,1200,POINT (482324.9576 6748154.8511),2022,8,14.00-14.59,2,0,2,0,0,0,0,0,0,482324.9576,6748154.8511
tieliikenne_2022.1201,1201,POINT (488666.1412 6733021.8405),2022,8,07.00-07.59,2,8,0,1,0,0,0,0,0,488666.1412,6733021.8405
tieliikenne_2022.1202,1202,POINT (508934.4811 6715715.6337),2022,8,05.00-05.59,2,8,1,0,0,0,0,0,0,508934.4811,6715715.6337
tieliikenne_2022.1203,1203,POINT (499836.0545 6729869.9494),2022,8,21.00-21.59,1,8,0,0,0,0,0,1,0,499836.0545,6729869.9494
tieliikenne_2022.1204,1204,POINT (633505.5227 6827370.7988),2022,8,11.00-11.59,2,1,3,0,0,0,0,0,0,633505.5227,6827370.7988
tieliikenne_2022.1205,1205,POINT (496356.0734 6708925.6496),2022,8,09.00-09.59,2,4,1,0,0,1,0,0,0,496356.0734,6708925.6496
tieliikenne_2022.1206,1206,POINT (564766.123 6770178.6279),2022,9,16.00-16.59,2,9,0,0,0,2,3,0,0,564766.123,6770178.6279
tieliikenne_2022.1207,1207,POINT (497794.0433 6708677.7594),2022,9,16.00-16.59,2,3,1,0,0,0,0,1,0,497794.0433,6708677.7594
tieliikenne_2022.1208,1208,POINT (488150.4138 6749111.1206),2022,9,17.00-17.59,2,1,1,1,0,0,0,0,0,488150.4138,6749111.1206
tieliikenne_2022.1209,1209,POINT (565132.2436 6769866.6902),2022,9,12.00-12.59,2,4,1,0,0,1,0,0,0,565132.2436,6769866.6902
tieliikenne_2022.1210,1210,POINT (483328.8832 6747346.0595),2022,9,18.00-18.59,2,4,1,0,0,0,1,0,0,483328.8832,6747346.0595
tieliikenne_2022.1211,1211,POINT (498820.1201 6712217.7504),2022,9,21.00-21.59,2,9,2,0,0,0,0,0,0,498820.1201,6712217.7504
tieliikenne_2022.1212,1212,POINT (469462.0299 6731966.2735),2022,9,18.00-18.59,2,9,0,0,0,0,0,0,1,469462.0299,6731966.2735
tieliikenne_2022.1213,1213,POINT (494537.0592 6705554.2266),2022,9,09.00-09.59,2,4,1,0,0,1,0,0,0,494537.0592,6705554.2266
tieliikenne_2022.1214,1214,POINT (497757.471 6706584.216),2022,9,09.00-09.59,2,5,1,1,0,0,0,0,0,497757.471,6706584.216
tieliikenne_2022.1215,1215,POINT (493679.3779 6702777.6516),2022,9,12.00-12.59,1,5,2,0,0,0,0,0,0,493679.3779,6702777.6516
tieliikenne_2022.1216,1216,POINT (490465.3322 6731600.46),2022,9,13.00-13.59,2,7,1,0,1,0,0,0,0,490465.3322,6731600.46
tieliikenne_2022.1217,1217,POINT (493484.4777 6703126.2676),2022,9,17.00-17.59,2,7,0,0,1,0,1,0,0,493484.4777,6703126.2676
tieliikenne_2022.1218,1218,POINT (503683.1368 6724995.6144),2022,9,21.00-21.59,2,2,1,0,0,0,1,0,0,503683.1368,6724995.6144
tieliikenne_2022.1219,1219,POINT (492406.0308 6750244.7313),2022,9,15.00-15.59,2,8,1,0,0,0,0,0,0,492406.0308,6750244.7313
tieliikenne_2022.1220,1220,POINT (471251.3445 6770896.3188),2022,9,21.00-21.59,3,8,1,0,0,0,0,0,0,471251.3445,6770896.3188
tieliikenne_2022.1221,1221,POINT (482405.403 6748120.817),2022,10,14.00-14.59,2,7,0,0,1,1,0,0,0,482405.403,6748120.817
tieliikenne_2022.1222,1222,POINT (494788.932 6707750.8725),2022,10,15.00-15.59,2,0,1,1,0,0,0,0,0,494788.932,6707750.8725
tieliikenne_2022.1223,1223,POINT (486784.4453 6748345.778),2022,10,07.00-07.59,2,3,1,0,0,1,0,0,0,486784.4453,6748345.778
tieliikenne_2022.1224,1224,POINT (633727.1191 6826120.8632),2022,10,11.00-11.59,2,4,2,0,0,0,0,0,0,633727.1191,6826120.8632
tieliikenne_2022.1225,1225,POINT (511480.9403 6714486.5418),2022,10,08.00-08.59,2,1,1,0,0,0,1,0,0,511480.9403,6714486.5418
tieliikenne_2022.1226,1226,POINT (516238.6458 6752687.8334),2022,10,12.00-12.59,2,9,2,0,0,0,0,0,0,516238.6458,6752687.8334
tieliikenne_2022.1227,1227,POINT (633864.2781 6824241.6117),2022,10,11.00-11.59,2,8,1,0,0,0,0,0,0,633864.2781,6824241.6117
tieliikenne_2022.1228,1228,POINT (489054.3749 6755709.4116),2022,10,15.00-15.59,2,6,1,0,1,0,0,0,0,489054.3749,6755709.4116
tieliikenne_2022.1229,1229,POINT (594971.1816 6783043.4612),2022,10,10.00-10.59,2,8,3,0,0,0,0,0,0,594971.1816,6783043.4612
tieliikenne_2022.1230,1230,POINT (523221.8272 6753643.1901),2022,10,13.00-13.59,1,2,1,1,0,0,0,0,0,523221.8272,6753643.1901
tieliikenne_2022.1231,1231,POINT (508688.3615 6715352.2919),2022,10,19.00-19.59,2,2,2,0,0,0,0,0,0,508688.3615,6715352.2919
tieliikenne_2022.1232,1232,POINT (593819.4784 6784406.4962),2022,10,11.00-11.59,3,0,3,0,0,0,0,0,0,593819.4784,6784406.4962
tieliikenne_2022.1233,1233,POINT (564589.1198 6768963.4325),2022,10,16.00-16.59,3,4,1,0,0,1,0,0,0,564589.1198,6768963.4325
tieliikenne_2022.1234,1234,POINT (484514.5232 6748776.6884),2022,11,08.00-08.59,2,1,0,0,0,1,0,0,1,484514.5232,6748776.6884
tieliikenne_2022.1235,1235,POINT (539799.7222 6717007.1397),2022,11,20.00-20.59,2,8,1,0,0,0,0,0,0,539799.7222,6717007.1397
tieliikenne_2022.1236,1236,POINT (483599.997 6746872.8389),2022,11,13.00-13.59,2,4,1,0,0,1,0,0,0,483599.997,6746872.8389
tieliikenne_2022.1237,1237,POINT (479997.6798 6747084.3969),2022,11,11.00-11.59,2,0,2,0,0,0,0,0,0,479997.6798,6747084.3969
tieliikenne_2022.1238,1238,POINT (600453.3557 6794328.3578),2022,11,16.00-16.59,2,8,1,0,0,0,0,0,0,600453.3557,6794328.3578
tieliikenne_2022.1239,1239,POINT (554174.2437 6765101.5808),2022,11,11.00-11.59,1,4,1,0,0,1,0,0,0,554174.2437,6765101.5808
tieliikenne_2022.1240,1240,POINT (472009.1461 6738107.6796),2022,11,00.00-00.59,1,0,1,1,0,0,0,0,0,472009.1461,6738107.6796
tieliikenne_2022.1241,1241,POINT (566675.2767 6770059.4495),2022,11,16.00-16.59,2,4,1,0,0,1,0,0,0,566675.2767,6770059.4495
tieliikenne_2022.1242,1242,POINT (480323.2913 6699734.2192),2022,11,10.00-10.59,2,8,1,0,0,0,0,0,0,480323.2913,6699734.2192
tieliikenne_2022.1243,1243,POINT (628061.5783 6814752.8816),2022,11,17.00-17.59,2,2,2,0,0,0,0,0,0,628061.5783,6814752.8816
tieliikenne_2022.1244,1244,POINT (629957.0842 6816081.5705),2022,12,16.00-16.59,2,2,2,0,0,0,0,0,0,629957.0842,6816081.5705
tieliikenne_2022.1245,1245,POINT (487197.116 6749381.1783),2022,12,10.00-10.59,2,5,2,0,0,0,0,0,0,487197.116,6749381.1783
tieliikenne_2022.1246,1246,POINT (478691.5294 6752168.7797),2022,12,05.00-05.59,2,4,2,0,0,0,0,0,0,478691.5294,6752168.7797
tieliikenne_2022.1247,1247,POINT (487668.5617 6738300.9387),2022,12,16.00-16.59,2,8,1,0,0,0,0,0,0,487668.5617,6738300.9387
tieliikenne_2022.1248,1248,POINT (489565.5986 6752363.2855),2022,12,06.00-06.59,2,0,1,0,0,1,0,0,0,489565.5986,6752363.2855
tieliikenne_2022.1249,1249,POINT (506990.0287 6714913.8931),2022,12,19.00-19.59,2,5,2,0,0,0,0,0,0,506990.0287,6714913.8931
tieliikenne_2022.1250,1250,POINT (488434.6598 6742873.3168),2022,12,15.00-15.59,2,1,2,0,0,0,0,0,0,488434.6598,6742873.3168
tieliikenne_2022.1251,1251,POINT (595132.8337 6782943.2301),2022,12,17.00-17.59,2,6,1,0,1,0,0,0,0,595132.8337,6782943.2301
tieliikenne_2022.1252,1252,POINT (496819.6793 6703663.0459),2022,12,15.00-15.59,2,6,1,0,1,0,0,0,0,496819.6793,6703663.0459
tieliikenne_2022.1253,1253,POINT (560517.3463 6745358.3373),2022,12,22.00-22.59,2,2,2,1,0,0,0,0,0,560517.3463,6745358.3373
tieliikenne_2022.1254,1254,POINT (593936.5243 6782691.8491),2022,12,12.00-12.59,2,6,1,0,1,0,0,0,0,593936.5243,6782691.8491
tieliikenne_2022.1255,1255,POINT (595931.4107 6786044.7934),2022,12,20.00-20.59,2,8,1,0,0,0,0,0,0,595931.4107,6786044.7934
tieliikenne_2022.1256,1256,POINT (579886.8806 6776632.4202),2022,12,05.00-05.59,1,8,1,0,0,0,0,0,0,579886.8806,6776632.4202
tieliikenne_2022.1257,1257,POINT (496534.709 6702820.9736),2022,12,14.00-14.59,2,6,1,0,1,0,0,0,0,496534.709,6702820.9736
tieliikenne_2022.1258,1258,POINT (244657.7294 6803890.0235),2022,1,22.00-22.59,2,8,1,0,0,0,0,0,0,244657.7294,6803890.0235
tieliikenne_2022.1259,1259,POINT (289382.1551 6712986.845),2022,1,14.00-14.59,2,8,1,0,0,0,0,0,0,289382.1551,6712986.845
tieliikenne_2022.1260,1260,POINT (240024.293 6709859.4639),2022,1,18.00-18.59,2,0,3,0,0,0,0,0,0,240024.293,6709859.4639
tieliikenne_2022.1261,1261,POINT (210449.28 6810152.0316),2022,12,06.00-06.59,2,8,1,0,0,0,0,0,0,210449.28,6810152.0316
tieliikenne_2022.1262,1262,POINT (248992.2844 6711222.1361),2022,1,09.00-09.59,2,2,0,2,0,0,0,0,0,248992.2844,6711222.1361
tieliikenne_2022.1263,1263,POINT (223682.4102 6830928.7071),2022,1,10.00-10.59,2,4,2,0,0,0,0,0,0,223682.4102,6830928.7071
tieliikenne_2022.1264,1264,POINT (214806.0152 6836057.7437),2022,1,17.00-17.59,3,4,1,0,0,0,1,0,0,214806.0152,6836057.7437
tieliikenne_2022.1265,1265,POINT (249042.092 6711187.1309),2022,1,11.00-11.59,3,2,2,0,0,0,0,0,0,249042.092,6711187.1309
tieliikenne_2022.1266,1266,POINT (282454.9029 6696006.0561),2022,1,16.00-16.59,2,9,1,0,0,0,0,0,0,282454.9029,6696006.0561
tieliikenne_2022.1267,1267,POINT (245414.2092 6702706.8953),2022,1,12.00-12.59,2,0,2,0,0,0,0,0,0,245414.2092,6702706.8953
tieliikenne_2022.1268,1268,POINT (213316.0883 6775558.7375),2022,1,18.00-18.59,3,7,1,0,1,0,0,0,0,213316.0883,6775558.7375
tieliikenne_2022.1269,1269,POINT (232494.4404 6723012.5611),2022,1,16.00-16.59,2,9,1,1,1,0,0,0,0,232494.4404,6723012.5611
tieliikenne_2022.1270,1270,POINT (263035.6648 6696363),2022,1,20.00-20.59,3,3,2,0,0,0,0,0,0,263035.6648,6696363
tieliikenne_2022.1271,1271,POINT (222897.5333 6825956.3618),2022,1,09.00-09.59,2,0,2,0,0,0,0,0,0,222897.5333,6825956.3618
tieliikenne_2022.1272,1272,POINT (222137.2458 6827474.9166),2022,1,09.00-09.59,3,7,1,0,1,0,0,0,0,222137.2458,6827474.9166
tieliikenne_2022.1273,1273,POINT (250774.516 6742393.341),2022,1,10.00-10.59,2,1,1,1,0,0,0,0,0,250774.516,6742393.341
tieliikenne_2022.1274,1274,POINT (244834.6942 6713130.5605),2022,1,18.00-18.59,2,0,1,1,0,0,0,0,0,244834.6942,6713130.5605
tieliikenne_2022.1275,1275,POINT (239247.4773 6711116.0879),2022,1,05.00-05.59,2,9,1,0,0,0,0,0,0,239247.4773,6711116.0879
tieliikenne_2022.1276,1276,POINT (260627.6817 6722779.3281),2022,1,14.00-14.59,2,9,1,1,0,0,0,0,0,260627.6817,6722779.3281
tieliikenne_2022.1277,1277,POINT (229211.327 6818014.503),2022,1,07.00-07.59,2,0,1,1,0,0,0,0,0,229211.327,6818014.503
tieliikenne_2022.1278,1278,POINT (208606.2946 6797972.8462),2022,1,07.00-07.59,2,2,3,0,0,0,0,0,0,208606.2946,6797972.8462
tieliikenne_2022.1279,1279,POINT (210961.5847 6759206.1465),2022,1,16.00-16.59,2,0,2,1,0,0,0,0,0,210961.5847,6759206.1465
tieliikenne_2022.1280,1280,POINT (235477.3518 6812302.9296),2022,1,20.00-20.59,2,8,1,0,0,0,0,0,0,235477.3518,6812302.9296
tieliikenne_2022.1281,1281,POINT (225697.9887 6826054.7819),2022,1,12.00-12.59,3,4,1,0,0,1,0,0,0,225697.9887,6826054.7819
tieliikenne_2022.1282,1282,POINT (242011.7974 6719605.6128),2022,1,15.00-15.59,2,8,1,0,0,0,0,0,0,242011.7974,6719605.6128
tieliikenne_2022.1283,1283,POINT (222281.662 6827343.765),2022,1,15.00-15.59,2,0,1,1,0,0,0,0,0,222281.662,6827343.765
tieliikenne_2022.1284,1284,POINT (249706.4808 6798612.7075),2022,1,07.00-07.59,2,3,2,0,0,0,0,0,0,249706.4808,6798612.7075
tieliikenne_2022.1285,1285,POINT (240346.377 6714508.6899),2022,10,16.00-16.59,2,4,2,0,0,0,0,0,0,240346.377,6714508.6899
tieliikenne_2022.1286,1286,POINT (275870.0808 6715951.5031),2022,1,12.00-12.59,3,8,1,0,0,0,0,0,0,275870.0808,6715951.5031
tieliikenne_2022.1287,1287,POINT (290241.5891 6735773.4938),2022,1,15.00-15.59,1,2,1,1,0,0,0,0,0,290241.5891,6735773.4938
tieliikenne_2022.1288,1288,POINT (258083.6546 6738096.2569),2022,1,08.00-08.59,2,8,1,0,0,0,0,0,0,258083.6546,6738096.2569
tieliikenne_2022.1289,1289,POINT (281648.3956 6729820.3237),2022,1,18.00-18.59,3,2,0,2,0,0,0,0,0,281648.3956,6729820.3237
tieliikenne_2022.1290,1290,POINT (286698.3872 6701259.5478),2022,1,10.00-10.59,2,6,1,0,1,0,0,0,0,286698.3872,6701259.5478
tieliikenne_2022.1291,1291,POINT (235468.5649 6714412.6638),2022,1,21.00-21.59,2,0,2,0,0,0,0,0,0,235468.5649,6714412.6638
tieliikenne_2022.1292,1292,POINT (209421.9311 6839043.6459),2022,1,09.00-09.59,2,8,1,0,0,0,0,0,0,209421.9311,6839043.6459
tieliikenne_2022.1293,1293,POINT (239781.2603 6711746.6872),2022,1,14.00-14.59,2,1,2,1,0,0,0,0,0,239781.2603,6711746.6872
tieliikenne_2022.1294,1294,POINT (224583.4477 6825281.3264),2022,1,16.00-16.59,2,2,2,0,0,0,0,0,0,224583.4477,6825281.3264
tieliikenne_2022.1295,1295,POINT (217281.832 6827521.8603),2022,2,11.00-11.59,2,9,1,0,0,0,0,0,0,217281.832,6827521.8603
tieliikenne_2022.1296,1296,POINT (262550.5025 6709887.6162),2022,2,18.00-18.59,2,4,2,0,0,0,0,0,0,262550.5025,6709887.6162
tieliikenne_2022.1297,1297,POINT (256541.8164 6861991.676),2022,2,13.00-13.59,2,7,1,0,1,0,0,0,0,256541.8164,6861991.676
tieliikenne_2022.1298,1298,POINT (282197.8231 6706947.3659),2022,2,10.00-10.59,2,7,1,0,1,0,0,0,0,282197.8231,6706947.3659
tieliikenne_2022.1299,1299,POINT (255133.7981 6862235.4514),2022,2,07.00-07.59,2,3,2,0,0,0,0,0,0,255133.7981,6862235.4514
tieliikenne_2022.1300,1300,POINT (214421.6743 6815921.9537),2022,2,15.00-15.59,3,2,2,0,0,0,0,0,0,214421.6743,6815921.9537
tieliikenne_2022.1301,1301,POINT (239290.3588 6711104.0258),2022,2,17.00-17.59,2,6,1,0,1,0,0,0,0,239290.3588,6711104.0258
tieliikenne_2022.1302,1302,POINT (284078.9565 6702888.1251),2022,2,08.00-08.59,2,4,1,0,0,1,0,0,0,284078.9565,6702888.1251
tieliikenne_2022.1303,1303,POINT (273603.64 6720138.451),2022,2,16.00-16.59,2,0,2,0,0,0,0,0,0,273603.64,6720138.451
tieliikenne_2022.1304,1304,POINT (215205.7309 6816955.8816),2022,2,07.00-07.59,2,8,1,0,0,0,0,0,0,215205.7309,6816955.8816
tieliikenne_2022.1305,1305,POINT (238751.8313 6711154.8991),2022,2,17.00-17.59,2,4,2,1,0,0,0,0,0,238751.8313,6711154.8991
tieliikenne_2022.1306,1306,POINT (261315.8266 6698475.9448),2022,4,06.00-06.59,2,9,1,0,0,0,0,0,0,261315.8266,6698475.9448
tieliikenne_2022.1307,1307,POINT (245566.5501 6803381.475),2022,2,15.00-15.59,2,8,0,1,0,0,0,0,0,245566.5501,6803381.475
tieliikenne_2022.1308,1308,POINT (262772.0289 6734960.9617),2022,2,08.00-08.59,2,2,2,1,0,0,0,0,0,262772.0289,6734960.9617
tieliikenne_2022.1309,1309,POINT (230428.3061 6713531.6486),2022,2,14.00-14.59,2,8,1,0,0,0,0,0,0,230428.3061,6713531.6486
tieliikenne_2022.1310,1310,POINT (268898.0468 6734319.0472),2022,2,16.00-16.59,2,8,1,0,0,0,0,0,0,268898.0468,6734319.0472
tieliikenne_2022.1311,1311,POINT (208909.2162 6792506.3707),2022,2,16.00-16.59,2,0,2,1,0,0,0,0,0,208909.2162,6792506.3707
tieliikenne_2022.1312,1312,POINT (233806.2174 6715361.813),2022,2,10.00-10.59,2,3,2,0,0,0,0,0,0,233806.2174,6715361.813
tieliikenne_2022.1313,1313,POINT (226265.5725 6830099.8935),2022,2,10.00-10.59,2,4,1,0,0,1,0,0,0,226265.5725,6830099.8935
tieliikenne_2022.1314,1314,POINT (233732.187 6811626.0171),2022,2,19.00-19.59,2,8,1,0,0,0,0,0,0,233732.187,6811626.0171
tieliikenne_2022.1315,1315,POINT (276862.9563 6726723.1585),2022,2,13.00-13.59,1,2,1,1,0,0,0,0,0,276862.9563,6726723.1585
tieliikenne_2022.1316,1316,POINT (268437.0056 6791135.7716),2022,2,00.00-00.59,2,9,2,0,0,0,0,0,0,268437.0056,6791135.7716
tieliikenne_2022.1317,1317,POINT (281472.7265 6775672.7341),2022,2,18.00-18.59,2,0,2,0,0,0,0,0,0,281472.7265,6775672.7341
tieliikenne_2022.1318,1318,POINT (290955.7658 6703026.5659),2022,2,23.00-23.59,2,8,1,0,0,0,0,0,0,290955.7658,6703026.5659
tieliikenne_2022.1319,1319,POINT (293729.3532 6759583.6356),2022,2,16.00-16.59,2,0,2,0,0,0,0,0,0,293729.3532,6759583.6356
tieliikenne_2022.1320,1320,POINT (241195.4095 6710909.2165),2022,5,03.00-03.59,2,9,0,0,0,1,0,0,0,241195.4095,6710909.2165
tieliikenne_2022.1321,1321,POINT (212777.5098 6835879.5629),2022,3,06.00-06.59,2,5,1,1,0,0,0,0,0,212777.5098,6835879.5629
tieliikenne_2022.1322,1322,POINT (223285.4088 6828392.265),2022,3,20.00-20.59,2,1,1,0,0,1,0,0,0,223285.4088,6828392.265
tieliikenne_2022.1323,1323,POINT (198854.0419 6744088.72),2022,5,08.00-08.59,2,9,1,0,0,0,0,0,0,198854.0419,6744088.72
tieliikenne_2022.1324,1324,POINT (220457.7536 6828209.8818),2022,3,16.00-16.59,2,6,1,0,1,0,0,0,0,220457.7536,6828209.8818
tieliikenne_2022.1325,1325,POINT (256761.8111 6861210.3448),2022,5,01.00-01.59,1,9,0,0,0,1,0,0,0,256761.8111,6861210.3448
tieliikenne_2022.1326,1326,POINT (219610.2469 6712311.7986),2022,3,10.00-10.59,2,8,1,0,0,0,0,0,0,219610.2469,6712311.7986
tieliikenne_2022.1327,1327,POINT (239769.5244 6711749.6529),2022,3,15.00-15.59,2,0,1,1,0,0,0,0,0,239769.5244,6711749.6529
tieliikenne_2022.1328,1328,POINT (221503.2451 6828356.8632),2022,3,07.00-07.59,2,1,1,0,0,1,0,0,0,221503.2451,6828356.8632
tieliikenne_2022.1329,1329,POINT (262620.3808 6749203.5904),2022,3,12.00-12.59,1,2,1,1,0,0,0,0,0,262620.3808,6749203.5904
tieliikenne_2022.1330,1330,POINT (235798.3729 6714008.2888),2022,3,14.00-14.59,2,8,1,0,0,0,0,0,0,235798.3729,6714008.2888
tieliikenne_2022.1331,1331,POINT (198469.6637 6749455.7878),2022,6,17.00-17.59,2,9,1,0,0,0,0,0,0,198469.6637,6749455.7878
tieliikenne_2022.1332,1332,POINT (286653.3857 6732913.9938),2022,3,11.00-11.59,1,2,1,1,0,0,0,0,0,286653.3857,6732913.9938
tieliikenne_2022.1333,1333,POINT (239262.5034 6706925.7265),2022,3,19.00-19.59,2,8,1,0,0,0,0,0,0,239262.5034,6706925.7265
tieliikenne_2022.1334,1334,POINT (241501.4911 6713821.9331),2022,3,06.00-06.59,2,3,1,0,0,0,1,0,0,241501.4911,6713821.9331
tieliikenne_2022.1335,1335,POINT (237905.2917 6779281.8743),2022,3,14.00-14.59,2,0,2,0,0,0,0,0,0,237905.2917,6779281.8743
tieliikenne_2022.1336,1336,POINT (245021.0123 6709760.6679),2022,3,19.00-19.59,2,3,2,0,0,0,0,0,0,245021.0123,6709760.6679
tieliikenne_2022.1337,1337,POINT (239168.7061 6774826.2314),2022,6,18.00-18.59,2,9,0,0,0,0,0,1,0,239168.7061,6774826.2314
tieliikenne_2022.1338,1338,POINT (240177.424 6711382.2663),2022,3,16.00-16.59,3,6,1,0,1,0,0,0,0,240177.424,6711382.2663
tieliikenne_2022.1339,1339,POINT (222313.7741 6826856.7411),2022,3,07.00-07.59,2,4,1,0,0,1,0,0,0,222313.7741,6826856.7411
tieliikenne_2022.1340,1340,POINT (215125.5159 6833472.5724),2022,6,19.00-19.59,2,9,1,0,0,0,0,0,0,215125.5159,6833472.5724
tieliikenne_2022.1341,1341,POINT (240061.9952 6709675.7067),2022,3,09.00-09.59,2,5,2,0,0,0,0,0,0,240061.9952,6709675.7067
tieliikenne_2022.1342,1342,POINT (206526.7162 6727999.1801),2022,7,00.00-00.59,2,9,1,0,0,0,0,0,0,206526.7162,6727999.1801
tieliikenne_2022.1343,1343,POINT (244214.0374 6706229.5681),2022,3,14.00-14.59,3,2,1,1,0,0,0,0,0,244214.0374,6706229.5681
tieliikenne_2022.1344,1344,POINT (260288.9993 6732797.9462),2022,7,00.00-00.59,2,9,0,0,0,0,1,0,0,260288.9993,6732797.9462
tieliikenne_2022.1345,1345,POINT (242912.4884 6710255.4801),2022,3,15.00-15.59,2,4,1,0,0,1,0,0,0,242912.4884,6710255.4801
tieliikenne_2022.1346,1346,POINT (255137.0498 6809136.6615),2022,7,22.00-22.59,2,8,0,0,0,0,0,1,0,255137.0498,6809136.6615
tieliikenne_2022.1347,1347,POINT (224337.0084 6828917.9671),2022,3,13.00-13.59,2,1,2,0,0,0,0,0,0,224337.0084,6828917.9671
tieliikenne_2022.1348,1348,POINT (209013.169 6840965.767),2022,7,18.00-18.59,1,9,0,0,0,0,0,1,0,209013.169,6840965.767
tieliikenne_2022.1349,1349,POINT (264536.9535 6790265.7072),2022,3,13.00-13.59,1,2,1,1,0,0,0,0,0,264536.9535,6790265.7072
tieliikenne_2022.1350,1350,POINT (231313.0947 6815046.947),2022,3,16.00-16.59,3,1,2,0,0,0,0,0,0,231313.0947,6815046.947
tieliikenne_2022.1351,1351,POINT (232947.8611 6721832.9624),2022,4,08.00-08.59,2,0,1,0,0,0,0,0,1,232947.8611,6721832.9624
tieliikenne_2022.1352,1352,POINT (223520.65 6828099.311),2022,4,11.00-11.59,2,4,1,0,0,1,0,0,0,223520.65,6828099.311
tieliikenne_2022.1353,1353,POINT (286197.4787 6714022.1812),2022,7,05.00-05.59,2,9,0,0,0,0,0,1,0,286197.4787,6714022.1812
tieliikenne_2022.1354,1354,POINT (238864.9655 6710623.0586),2022,4,17.00-17.59,2,9,1,0,0,1,0,0,0,238864.9655,6710623.0586
tieliikenne_2022.1355,1355,POINT (317050.1125 6697031.4102),2022,4,19.00-19.59,2,0,2,0,0,0,0,0,0,317050.1125,6697031.4102
tieliikenne_2022.1356,1356,POINT (237445.7827 6707466.9572),2022,4,08.00-08.59,2,0,2,0,0,0,0,0,0,237445.7827,6707466.9572
tieliikenne_2022.1357,1357,POINT (281592.217 6750260.6729),2022,4,15.00-15.59,2,2,2,0,0,0,0,0,0,281592.217,6750260.6729
tieliikenne_2022.1358,1358,POINT (288176.2862 6756574.5718),2022,4,18.00-18.59,2,2,0,2,0,0,0,0,0,288176.2862,6756574.5718
tieliikenne_2022.1359,1359,POINT (272389.0566 6785468.3992),2022,8,01.00-01.59,2,9,0,0,0,0,0,1,0,272389.0566,6785468.3992
tieliikenne_2022.1360,1360,POINT (226727.1866 6713927.8694),2022,4,12.00-12.59,2,6,1,0,2,0,0,0,0,226727.1866,6713927.8694
tieliikenne_2022.1361,1361,POINT (248057.0436 6789940.7259),2022,4,17.00-17.59,3,4,1,1,0,0,0,0,0,248057.0436,6789940.7259
tieliikenne_2022.1362,1362,POINT (239786.6337 6710883.5442),2022,4,15.00-15.59,2,7,0,1,1,0,0,0,0,239786.6337,6710883.5442
tieliikenne_2022.1363,1363,POINT (242992.0301 6714910.8522),2022,4,20.00-20.59,2,9,1,1,0,0,0,0,0,242992.0301,6714910.8522
tieliikenne_2022.1364,1364,POINT (223392.4801 6827155.5812),2022,4,07.00-07.59,2,4,1,0,0,1,0,0,0,223392.4801,6827155.5812
tieliikenne_2022.1365,1365,POINT (222435.8544 6827843.5368),2022,4,,2,4,1,0,0,1,0,0,0,222435.8544,6827843.5368
tieliikenne_2022.1366,1366,POINT (204101.5003 6755015.451),2022,4,22.00-22.59,2,8,0,0,0,0,1,0,0,204101.5003,6755015.451
tieliikenne_2022.1367,1367,POINT (299810.2502 6687652.2672),2022,4,07.00-07.59,2,8,1,0,0,0,0,0,0,299810.2502,6687652.2672
tieliikenne_2022.1368,1368,POINT (202722.609 6790880.699),2022,4,14.00-14.59,2,5,1,0,0,0,1,0,0,202722.609,6790880.699
tieliikenne_2022.1369,1369,POINT (219549.4499 6822465.7469),2022,4,14.00-14.59,2,0,1,0,0,1,0,0,0,219549.4499,6822465.7469
tieliikenne_2022.1370,1370,POINT (241644.0761 6708438.8124),2022,4,07.00-07.59,2,8,1,0,0,0,0,0,0,241644.0761,6708438.8124
tieliikenne_2022.1371,1371,POINT (220975.5196 6828060.0129),2022,4,08.00-08.59,2,4,1,0,0,1,0,0,0,220975.5196,6828060.0129
tieliikenne_2022.1372,1372,POINT (293878.2435 6732426.1191),2022,8,21.00-21.59,2,9,0,0,0,0,0,1,0,293878.2435,6732426.1191
tieliikenne_2022.1373,1373,POINT (239378.0678 6692688.4842),2022,4,09.00-09.59,2,0,2,0,0,0,0,0,0,239378.0678,6692688.4842
tieliikenne_2022.1374,1374,POINT (225913.7185 6837722.232),2022,8,06.00-06.59,2,9,1,0,0,0,0,0,0,225913.7185,6837722.232
tieliikenne_2022.1375,1375,POINT (276367.2205 6715429.1584),2022,9,08.00-08.59,2,9,1,0,0,0,0,0,0,276367.2205,6715429.1584
tieliikenne_2022.1376,1376,POINT (221609.4479 6827856.1787),2022,4,16.00-16.59,2,4,2,0,0,0,0,0,0,221609.4479,6827856.1787
tieliikenne_2022.1377,1377,POINT (212234.8564 6761140.0303),2022,4,16.00-16.59,2,4,1,0,0,1,0,0,0,212234.8564,6761140.0303
tieliikenne_2022.1378,1378,POINT (257678.4521 6860263.575),2022,4,08.00-08.59,2,8,1,0,0,0,0,0,0,257678.4521,6860263.575
tieliikenne_2022.1379,1379,POINT (205106.3015 6789560.0136),2022,4,10.00-10.59,2,7,0,0,1,1,0,0,0,205106.3015,6789560.0136
tieliikenne_2022.1380,1380,POINT (260704.6199 6711160.3786),2022,4,08.00-08.59,2,2,1,0,0,0,1,0,0,260704.6199,6711160.3786
tieliikenne_2022.1381,1381,POINT (254021.2471 6795585.7283),2022,4,11.00-11.59,2,8,1,0,0,0,0,0,0,254021.2471,6795585.7283
tieliikenne_2022.1382,1382,POINT (226797.2543 6739495.9995),2022,4,15.00-15.59,2,2,2,0,0,0,0,0,0,226797.2543,6739495.9995
tieliikenne_2022.1383,1383,POINT (221861.8989 6831105.6274),2022,9,17.00-17.59,2,8,0,0,0,0,1,0,0,221861.8989,6831105.6274
tieliikenne_2022.1384,1384,POINT (293432.2003 6683674.4993),2022,4,07.00-07.59,2,4,2,0,0,0,0,0,0,293432.2003,6683674.4993
tieliikenne_2022.1385,1385,POINT (213171.7217 6777338.5675),2022,9,16.00-16.59,3,8,1,0,0,0,0,0,0,213171.7217,6777338.5675
tieliikenne_2022.1386,1386,POINT (233826.3358 6718470.5094),2022,4,20.00-20.59,2,0,3,0,0,0,0,0,0,233826.3358,6718470.5094
tieliikenne_2022.1387,1387,POINT (234675.0344 6712039.8662),2022,4,12.00-12.59,2,4,2,0,0,0,0,0,0,234675.0344,6712039.8662
tieliikenne_2022.1388,1388,POINT (261709.0056 6719994.6027),2022,9,06.00-06.59,3,9,1,0,0,0,0,0,0,261709.0056,6719994.6027
tieliikenne_2022.1389,1389,POINT (244650.8808 6705842.9608),2022,4,12.00-12.59,2,4,1,0,0,1,0,0,0,244650.8808,6705842.9608
tieliikenne_2022.1390,1390,POINT (204190.9806 6789205.9077),2022,4,15.00-15.59,2,5,1,0,0,1,0,0,0,204190.9806,6789205.9077
tieliikenne_2022.1391,1391,POINT (286035.1557 6697342.658),2022,4,19.00-19.59,2,9,1,0,0,0,0,0,0,286035.1557,6697342.658
tieliikenne_2022.1392,1392,POINT (239899.7857 6710697.8677),2022,5,02.00-02.59,2,7,0,0,1,0,0,1,0,239899.7857,6710697.8677
tieliikenne_2022.1393,1393,POINT (257280.9042 6861032.9344),2022,5,14.00-14.59,2,0,3,0,0,0,0,0,0,257280.9042,6861032.9344
tieliikenne_2022.1394,1394,POINT (238746.5496 6711155.7968),2022,5,16.00-16.59,2,3,1,0,0,1,0,0,0,238746.5496,6711155.7968
tieliikenne_2022.1395,1395,POINT (209900.7911 6869894.0663),2022,5,18.00-18.59,2,4,1,0,0,0,1,0,0,209900.7911,6869894.0663
tieliikenne_2022.1396,1396,POINT (233823.7757 6816603.7366),2022,5,19.00-19.59,2,8,0,0,0,0,0,1,0,233823.7757,6816603.7366
tieliikenne_2022.1397,1397,POINT (239947.9508 6711900.8785),2022,5,16.00-16.59,2,0,2,0,0,0,0,0,0,239947.9508,6711900.8785
tieliikenne_2022.1398,1398,POINT (225466.7038 6824304.6316),2022,5,17.00-17.59,2,1,1,0,0,1,0,0,0,225466.7038,6824304.6316
tieliikenne_2022.1399,1399,POINT (214141.4221 6814408.794),2022,5,07.00-07.59,2,9,2,0,0,0,0,0,0,214141.4221,6814408.794
tieliikenne_2022.1400,1400,POINT (245116.0772 6781101.9121),2022,5,07.00-07.59,2,3,2,0,0,0,0,0,0,245116.0772,6781101.9121
tieliikenne_2022.1401,1401,POINT (237613.3283 6787048.4511),2022,5,09.00-09.59,2,1,1,0,0,0,1,0,0,237613.3283,6787048.4511
tieliikenne_2022.1402,1402,POINT (309485.6828 6726210.3414),2022,5,18.00-18.59,2,3,1,0,0,0,1,0,0,309485.6828,6726210.3414
tieliikenne_2022.1403,1403,POINT (206654.4801 6770550.6921),2022,10,19.00-19.59,2,9,0,0,0,0,0,1,0,206654.4801,6770550.6921
tieliikenne_2022.1404,1404,POINT (217961.8601 6791516.3222),2022,10,06.00-06.59,2,9,0,0,0,0,0,1,0,217961.8601,6791516.3222
tieliikenne_2022.1405,1405,POINT (241270.6827 6713403.2802),2022,5,07.00-07.59,2,3,1,0,0,1,0,0,0,241270.6827,6713403.2802
tieliikenne_2022.1406,1406,POINT (255870.2889 6707804.9424),2022,5,10.00-10.59,2,0,1,0,0,0,0,0,1,255870.2889,6707804.9424
tieliikenne_2022.1407,1407,POINT (255986.931 6858747.2162),2022,5,23.00-23.59,1,2,2,0,0,0,0,0,0,255986.931,6858747.2162
tieliikenne_2022.1408,1408,POINT (199030.2394 6770562.0446),2022,10,19.00-19.59,2,9,1,0,0,0,0,0,0,199030.2394,6770562.0446
tieliikenne_2022.1409,1409,POINT (259869.0014 6708039.0027),2022,5,13.00-13.59,2,0,2,0,0,0,0,0,0,259869.0014,6708039.0027
tieliikenne_2022.1410,1410,POINT (260395.1415 6791635.044),2022,10,14.00-14.59,2,9,1,0,0,0,0,0,0,260395.1415,6791635.044
tieliikenne_2022.1411,1411,POINT (250777.4684 6800083.1924),2022,5,16.00-16.59,2,3,3,0,0,0,0,0,0,250777.4684,6800083.1924
tieliikenne_2022.1412,1412,POINT (249806.509 6877832.4495),2022,5,09.00-09.59,2,8,0,1,0,0,0,0,0,249806.509,6877832.4495
tieliikenne_2022.1413,1413,POINT (219810.0084 6826154.9029),2022,5,00.00-00.59,2,8,1,0,0,0,0,0,0,219810.0084,6826154.9029
tieliikenne_2022.1414,1414,POINT (202542.7443 6789360.4215),2022,5,21.00-21.59,2,0,1,0,0,0,0,0,1,202542.7443,6789360.4215
tieliikenne_2022.1415,1415,POINT (264627.4112 6881799.5537),2022,5,05.00-05.59,2,8,1,0,0,0,0,0,0,264627.4112,6881799.5537
tieliikenne_2022.1416,1416,POINT (225486.3088 6824174.2208),2022,5,14.00-14.59,2,0,2,0,0,0,0,0,0,225486.3088,6824174.2208
tieliikenne_2022.1417,1417,POINT (239830.7576 6709072.7818),2022,5,17.00-17.59,2,4,1,0,0,1,0,0,0,239830.7576,6709072.7818
tieliikenne_2022.1418,1418,POINT (223245.5716 6828938.7301),2022,5,15.00-15.59,2,5,1,0,0,0,1,0,0,223245.5716,6828938.7301
tieliikenne_2022.1419,1419,POINT (215545.1961 6683318.1708),2022,5,14.00-14.59,2,1,2,0,0,0,0,0,0,215545.1961,6683318.1708
tieliikenne_2022.1420,1420,POINT (208901.7927 6783702.3125),2022,5,16.00-16.59,2,0,1,0,0,1,0,0,0,208901.7927,6783702.3125
tieliikenne_2022.1421,1421,POINT (239495.9462 6712385.2595),2022,5,14.00-14.59,2,4,1,0,0,1,0,0,0,239495.9462,6712385.2595
tieliikenne_2022.1422,1422,POINT (204273.2448 6791873.5437),2022,5,21.00-21.59,2,5,1,0,0,0,0,1,0,204273.2448,6791873.5437
tieliikenne_2022.1423,1423,POINT (249322.6633 6776458.0739),2022,5,10.00-10.59,2,4,1,0,0,1,0,0,0,249322.6633,6776458.0739
tieliikenne_2022.1424,1424,POINT (238182.0567 6713236.8666),2022,5,16.00-16.59,2,4,0,1,0,0,0,1,0,238182.0567,6713236.8666
tieliikenne_2022.1425,1425,POINT (250706.4236 6802044.2374),2022,5,20.00-20.59,2,8,1,0,0,0,0,0,0,250706.4236,6802044.2374
tieliikenne_2022.1426,1426,POINT (240059.7087 6715661.1634),2022,5,15.00-15.59,2,4,1,1,0,0,0,0,0,240059.7087,6715661.1634
tieliikenne_2022.1427,1427,POINT (235020.4306 6715513.1267),2022,5,17.00-17.59,2,0,4,0,0,0,0,0,0,235020.4306,6715513.1267
tieliikenne_2022.1428,1428,POINT (273346.7714 6670292.6512),2022,5,19.00-19.59,2,8,0,1,0,0,0,0,0,273346.7714,6670292.6512
tieliikenne_2022.1429,1429,POINT (253707.5478 6706934.8692),2022,5,07.00-07.59,2,5,1,0,0,0,0,1,0,253707.5478,6706934.8692
tieliikenne_2022.1430,1430,POINT (226731.289 6821087.794),2022,5,17.00-17.59,1,0,0,0,0,4,0,0,0,226731.289,6821087.794
tieliikenne_2022.1431,1431,POINT (287128.4834 6696567.8667),2022,5,08.00-08.59,2,1,2,0,0,0,0,0,0,287128.4834,6696567.8667
tieliikenne_2022.1432,1432,POINT (229688.1173 6723187.9069),2022,5,12.00-12.59,2,8,0,0,0,0,0,1,0,229688.1173,6723187.9069
tieliikenne_2022.1433,1433,POINT (267435.6974 6726420.9849),2022,5,15.00-15.59,3,4,0,1,0,0,0,1,0,267435.6974,6726420.9849
tieliikenne_2022.1434,1434,POINT (240247.9759 6711043.9686),2022,5,18.00-18.59,2,4,1,0,0,1,0,0,0,240247.9759,6711043.9686
tieliikenne_2022.1435,1435,POINT (228088.7793 6719791.8365),2022,11,12.00-12.59,2,9,1,0,0,0,0,0,0,228088.7793,6719791.8365
tieliikenne_2022.1436,1436,POINT (267425.8841 6780200.1053),2022,5,22.00-22.59,2,8,1,0,0,0,0,0,0,267425.8841,6780200.1053
tieliikenne_2022.1437,1437,POINT (238615.0601 6713931.3726),2022,5,01.00-01.59,2,8,2,0,0,0,0,0,0,238615.0601,6713931.3726
tieliikenne_2022.1438,1438,POINT (256647.0532 6730580.5307),2022,5,06.00-06.59,2,0,2,0,0,0,0,0,0,256647.0532,6730580.5307
tieliikenne_2022.1439,1439,POINT (288972.5358 6702550.8799),2022,5,13.00-13.59,2,4,1,0,0,1,0,0,0,288972.5358,6702550.8799
tieliikenne_2022.1440,1440,POINT (309746.5891 6726303.2417),2022,6,00.00-00.59,2,8,1,0,0,0,0,0,0,309746.5891,6726303.2417
tieliikenne_2022.1441,1441,POINT (241081.0334 6711611.3743),2022,6,08.00-08.59,2,0,1,0,0,0,0,1,0,241081.0334,6711611.3743
tieliikenne_2022.1442,1442,POINT (241325.9738 6717052.4906),2022,6,22.00-22.59,1,2,1,1,0,0,0,0,0,241325.9738,6717052.4906
tieliikenne_2022.1443,1443,POINT (235833.525 6715638.718),2022,6,12.00-12.59,2,3,1,0,0,1,0,0,0,235833.525,6715638.718
tieliikenne_2022.1444,1444,POINT (239920.9927 6710657.6984),2022,6,23.00-23.59,2,6,0,1,1,0,0,0,0,239920.9927,6710657.6984
tieliikenne_2022.1445,1445,POINT (240237.0266 6784438.496),2022,6,00.00-00.59,2,8,0,0,0,0,0,0,1,240237.0266,6784438.496
tieliikenne_2022.1446,1446,POINT (234909.9579 6802652.5972),2022,6,12.00-12.59,2,8,0,0,0,0,0,0,1,234909.9579,6802652.5972
tieliikenne_2022.1447,1447,POINT (272385.9585 6912779.5371),2022,12,21.00-21.59,1,8,1,0,0,0,0,0,0,272385.9585,6912779.5371
tieliikenne_2022.1448,1448,POINT (251285.0901 6800103.629),2022,6,20.00-20.59,2,4,1,0,0,1,0,0,0,251285.0901,6800103.629
tieliikenne_2022.1449,1449,POINT (300885.3678 6709286.7082),2022,6,12.00-12.59,2,8,0,0,0,0,0,1,0,300885.3678,6709286.7082
tieliikenne_2022.1450,1450,POINT (246480.0944 6729112.4561),2022,6,14.00-14.59,2,8,0,0,0,0,0,1,0,246480.0944,6729112.4561
tieliikenne_2022.1451,1451,POINT (286091.109 6754722.611),2022,12,08.00-08.59,2,9,2,0,0,0,0,0,0,286091.109,6754722.611
tieliikenne_2022.1452,1452,POINT (226744.5141 6821425.1433),2022,6,16.00-16.59,2,4,1,0,0,1,0,0,0,226744.5141,6821425.1433
tieliikenne_2022.1453,1453,POINT (221216.8622 6827525.0984),2022,6,07.00-07.59,2,4,1,0,0,1,0,0,0,221216.8622,6827525.0984
tieliikenne_2022.1454,1454,POINT (249347.0128 6707916.883),2022,6,11.00-11.59,2,0,1,1,0,0,0,0,0,249347.0128,6707916.883
tieliikenne_2022.1455,1455,POINT (290067.884 6702288.4556),2022,6,14.00-14.59,2,3,1,0,0,0,1,0,0,290067.884,6702288.4556
tieliikenne_2022.1456,1456,POINT (250119.1321 6800348.1859),2022,6,18.00-18.59,2,1,0,0,0,0,0,1,1,250119.1321,6800348.1859
tieliikenne_2022.1457,1457,POINT (253025.5504 6861433.7397),2022,6,18.00-18.59,3,8,0,1,0,0,0,0,0,253025.5504,6861433.7397
tieliikenne_2022.1458,1458,POINT (245119.7391 6781116.0351),2022,6,18.00-18.59,2,4,2,0,0,0,0,0,0,245119.7391,6781116.0351
tieliikenne_2022.1459,1459,POINT (237738.6432 6706766.2811),2022,6,19.00-19.59,2,1,1,0,0,1,0,0,0,237738.6432,6706766.2811
tieliikenne_2022.1460,1460,POINT (239974.8564 6711445.0302),2022,6,11.00-11.59,2,5,1,1,0,0,0,0,0,239974.8564,6711445.0302
tieliikenne_2022.1461,1461,POINT (238830.452 6711671.436),2022,6,12.00-12.59,2,4,1,0,0,1,0,0,0,238830.452,6711671.436
tieliikenne_2022.1462,1462,POINT (221344.7416 6795975.811),2022,6,14.00-14.59,2,8,1,0,0,0,0,0,0,221344.7416,6795975.811
tieliikenne_2022.1463,1463,POINT (274550.9697 6670218.6453),2022,6,19.00-19.59,2,8,1,0,0,0,0,0,0,274550.9697,6670218.6453
tieliikenne_2022.1464,1464,POINT (223573.4724 6830285.8273),2022,6,23.00-23.59,2,0,1,0,0,0,1,0,0,223573.4724,6830285.8273
tieliikenne_2022.1465,1465,POINT (238848.3662 6712762.9531),2022,6,01.00-01.59,2,0,0,0,0,2,0,0,0,238848.3662,6712762.9531
tieliikenne_2022.1466,1466,POINT (232094.2344 6854389.4705),2022,6,07.00-07.59,2,1,1,0,0,0,0,1,0,232094.2344,6854389.4705
tieliikenne_2022.1467,1467,POINT (267444.1026 6726422.1428),2022,6,05.00-05.59,2,4,2,0,0,0,0,0,0,267444.1026,6726422.1428
tieliikenne_2022.1468,1468,POINT (237199.0499 6710652.2814),2022,6,08.00-08.59,2,1,1,0,0,1,0,0,0,237199.0499,6710652.2814
tieliikenne_2022.1469,1469,POINT (305530.8325 6699536.222),2022,6,11.00-11.59,3,8,0,0,0,0,0,0,1,305530.8325,6699536.222
tieliikenne_2022.1470,1470,POINT (242209.0419 6715708.0786),2022,12,04.00-04.59,2,8,1,0,0,0,0,0,0,242209.0419,6715708.0786
tieliikenne_2022.1471,1471,POINT (258847.6899 6719823.9947),2022,6,07.00-07.59,3,8,1,0,0,0,0,0,0,258847.6899,6719823.9947
tieliikenne_2022.1472,1472,POINT (237655.1871 6713622.2608),2022,6,12.00-12.59,3,6,1,0,1,0,0,0,0,237655.1871,6713622.2608
tieliikenne_2022.1473,1473,POINT (244910.3159 6712817.5516),2022,6,16.00-16.59,3,0,1,0,0,0,0,1,0,244910.3159,6712817.5516
tieliikenne_2022.1474,1474,POINT (217051.767 6831699.2176),2022,6,17.00-17.59,2,1,2,0,0,0,0,0,0,217051.767,6831699.2176
tieliikenne_2022.1475,1475,POINT (213269.6754 6794719.0154),2022,6,17.00-17.59,2,1,2,1,0,0,0,0,0,213269.6754,6794719.0154
tieliikenne_2022.1476,1476,POINT (239332.0213 6716287.6547),2022,6,19.00-19.59,2,0,1,0,0,0,0,1,0,239332.0213,6716287.6547
tieliikenne_2022.1477,1477,POINT (203713.5787 6787520.1874),2022,6,17.00-17.59,2,2,1,0,0,0,0,1,0,203713.5787,6787520.1874
tieliikenne_2022.1478,1478,POINT (234743.1009 6711137.905),2022,6,15.00-15.59,2,1,1,0,0,1,0,0,0,234743.1009,6711137.905
tieliikenne_2022.1479,1479,POINT (239582.1923 6708940.8616),2022,6,16.00-16.59,2,0,1,0,0,0,0,0,2,239582.1923,6708940.8616
tieliikenne_2022.1480,1480,POINT (212400.2197 6761179.1606),2022,6,22.00-22.59,2,9,0,0,0,0,0,0,1,212400.2197,6761179.1606
tieliikenne_2022.1481,1481,POINT (222002.4189 6827904.4237),2022,6,21.00-21.59,2,0,1,0,0,0,1,0,0,222002.4189,6827904.4237
tieliikenne_2022.1482,1482,POINT (244532.6022 6713324.0578),2022,6,08.00-08.59,2,9,1,0,0,0,0,0,0,244532.6022,6713324.0578
tieliikenne_2022.1483,1483,POINT (287520.1901 6700404.0686),2022,6,11.00-11.59,2,4,1,0,0,1,0,0,0,287520.1901,6700404.0686
tieliikenne_2022.1484,1484,POINT (245286.1606 6779180.2903),2022,6,18.00-18.59,2,8,0,0,0,0,0,0,1,245286.1606,6779180.2903
tieliikenne_2022.1485,1485,POINT (253749.1098 6862978.9362),2022,6,13.00-13.59,2,8,1,0,0,0,0,0,0,253749.1098,6862978.9362
tieliikenne_2022.1486,1486,POINT (245791.0442 6703270.9549),2022,6,19.00-19.59,2,8,0,0,0,0,0,0,1,245791.0442,6703270.9549
tieliikenne_2022.1487,1487,POINT (221366.9499 6704381.9272),2022,6,21.00-21.59,3,0,1,0,0,0,1,0,0,221366.9499,6704381.9272
tieliikenne_2022.1488,1488,POINT (223199.2675 6827465.7277),2022,6,23.00-23.59,2,8,1,0,0,0,0,0,0,223199.2675,6827465.7277
tieliikenne_2022.1489,1489,POINT (257235.6106 6860718.8667),2022,6,11.00-11.59,2,4,1,0,0,1,0,0,0,257235.6106,6860718.8667
tieliikenne_2022.1490,1490,POINT (222427.189 6846712.4908),2022,6,12.00-12.59,2,2,3,0,0,0,0,0,0,222427.189,6846712.4908
tieliikenne_2022.1491,1491,POINT (242049.3013 6710326.2428),2022,6,21.00-21.59,2,8,0,0,0,0,0,1,0,242049.3013,6710326.2428
tieliikenne_2022.1492,1492,POINT (290337.2731 6732822.0558),2022,6,12.00-12.59,2,2,1,0,0,0,0,1,0,290337.2731,6732822.0558
tieliikenne_2022.1493,1493,POINT (244651.0949 6712689.67),2022,6,06.00-06.59,2,8,1,0,0,0,0,0,0,244651.0949,6712689.67
tieliikenne_2022.1494,1494,POINT (236686.5002 6769550.678),2022,6,14.00-14.59,2,4,2,0,0,0,0,0,0,236686.5002,6769550.678
tieliikenne_2022.1495,1495,POINT (227283.9246 6821725.5655),2022,6,15.00-15.59,2,1,2,0,0,0,0,0,0,227283.9246,6821725.5655
tieliikenne_2022.1496,1496,POINT (286627.1949 6700331.2827),2022,6,12.00-12.59,2,4,1,0,0,1,0,0,0,286627.1949,6700331.2827
tieliikenne_2022.1497,1497,POINT (226827.6706 6713823.8663),2022,6,13.00-13.59,2,6,1,0,1,0,0,0,0,226827.6706,6713823.8663
tieliikenne_2022.1498,1498,POINT (242035.855 6708103.2616),2022,6,17.00-17.59,2,5,1,0,0,0,1,0,0,242035.855,6708103.2616
tieliikenne_2022.1499,1499,POINT (257351.8383 6860935.2452),2022,6,09.00-09.59,2,6,1,0,1,0,0,0,1,257351.8383,6860935.2452
tieliikenne_2022.1500,1500,POINT (257398.548 6733207.6122),2022,6,18.00-18.59,2,8,1,0,0,0,0,0,0,257398.548,6733207.6122
tieliikenne_2022.1501,1501,POINT (239361.9748 6707706.7998),2022,6,18.00-18.59,2,0,1,0,0,0,0,0,2,239361.9748,6707706.7998
tieliikenne_2022.1502,1502,POINT (218542.9555 6861019.1993),2022,7,13.00-13.59,2,2,2,0,0,0,0,0,0,218542.9555,6861019.1993
tieliikenne_2022.1503,1503,POINT (268024.3748 6790782.6984),2022,7,13.00-13.59,2,9,0,1,0,0,0,0,0,268024.3748,6790782.6984
tieliikenne_2022.1504,1504,POINT (212737.7335 6835914.8383),2022,7,14.00-14.59,2,8,1,0,0,0,0,0,0,212737.7335,6835914.8383
tieliikenne_2022.1505,1505,POINT (273298.6709 6714437.7552),2022,7,23.00-23.59,2,8,0,0,0,0,0,1,0,273298.6709,6714437.7552
tieliikenne_2022.1506,1506,POINT (204353.7799 6788208.4194),2022,7,08.00-08.59,2,3,2,0,0,0,0,0,0,204353.7799,6788208.4194
tieliikenne_2022.1507,1507,POINT (262681.8531 6710306.3923),2022,7,15.00-15.59,2,1,1,0,0,0,1,0,0,262681.8531,6710306.3923
tieliikenne_2022.1508,1508,POINT (238168.6302 6713205.0738),2022,7,16.00-16.59,2,1,1,0,0,1,0,0,0,238168.6302,6713205.0738
tieliikenne_2022.1509,1509,POINT (205886.4132 6791320.7992),2022,7,16.00-16.59,2,1,1,0,0,0,1,0,0,205886.4132,6791320.7992
tieliikenne_2022.1510,1510,POINT (240921.0111 6716158.5031),2022,7,07.00-07.59,2,8,1,0,0,0,0,0,0,240921.0111,6716158.5031
tieliikenne_2022.1511,1511,POINT (226731.3594 6821063.3003),2022,7,14.00-14.59,2,0,3,0,0,0,0,0,0,226731.3594,6821063.3003
tieliikenne_2022.1512,1512,POINT (220742.8843 6828269.2295),2022,7,15.00-15.59,2,4,1,0,0,1,0,0,0,220742.8843,6828269.2295
tieliikenne_2022.1513,1513,POINT (199046.1943 6770539.2865),2022,7,14.00-14.59,2,1,1,0,0,1,0,0,0,199046.1943,6770539.2865
tieliikenne_2022.1514,1514,POINT (266752.8338 6696127.5616),2022,7,18.00-18.59,2,9,1,0,0,1,0,0,0,266752.8338,6696127.5616
tieliikenne_2022.1515,1515,POINT (236193.0548 6789809.6701),2022,7,22.00-22.59,1,0,1,0,0,0,0,0,1,236193.0548,6789809.6701
tieliikenne_2022.1516,1516,POINT (245694.432 6707495.8189),2022,7,02.00-02.59,3,8,1,0,0,0,0,0,0,245694.432,6707495.8189
tieliikenne_2022.1517,1517,POINT (243406.4364 6697150.1071),2022,7,16.00-16.59,2,2,3,0,0,0,0,0,0,243406.4364,6697150.1071
tieliikenne_2022.1518,1518,POINT (246330.8389 6696085.3819),2022,7,03.00-03.59,2,8,1,0,0,0,0,0,0,246330.8389,6696085.3819
tieliikenne_2022.1519,1519,POINT (241753.575 6711526.7438),2022,7,15.00-15.59,2,3,2,0,0,1,0,0,0,241753.575,6711526.7438
tieliikenne_2022.1520,1520,POINT (208170.2724 6790298.9395),2022,7,20.00-20.59,3,8,0,0,0,0,1,0,0,208170.2724,6790298.9395
tieliikenne_2022.1521,1521,POINT (264903.0586 6882627.2093),2022,7,01.00-01.59,2,8,1,0,0,0,0,0,0,264903.0586,6882627.2093
tieliikenne_2022.1522,1522,POINT (252300.8702 6706790.4629),2022,7,16.00-16.59,2,1,1,0,0,1,0,0,0,252300.8702,6706790.4629
tieliikenne_2022.1523,1523,POINT (224529.0407 6825687.1748),2022,7,23.00-23.59,2,1,0,0,0,1,0,0,1,224529.0407,6825687.1748
tieliikenne_2022.1524,1524,POINT (236856.6213 6712171.1898),2022,7,08.00-08.59,3,1,2,0,0,0,0,0,0,236856.6213,6712171.1898
tieliikenne_2022.1525,1525,POINT (235033.5453 6715403.1688),2022,7,04.00-04.59,2,8,1,0,0,0,0,0,0,235033.5453,6715403.1688
tieliikenne_2022.1526,1526,POINT (266503.2065 6790067.3955),2022,7,05.00-05.59,2,8,1,0,0,0,0,0,0,266503.2065,6790067.3955
tieliikenne_2022.1527,1527,POINT (241167.7195 6708983.9426),2022,7,14.00-14.59,2,5,1,0,0,1,0,0,0,241167.7195,6708983.9426
tieliikenne_2022.1528,1528,POINT (240356.0766 6714568.0302),2022,7,20.00-20.59,1,4,0,0,0,2,0,0,0,240356.0766,6714568.0302
tieliikenne_2022.1529,1529,POINT (239886.631 6807407.865),2022,7,15.00-15.59,2,9,1,0,1,0,0,0,0,239886.631,6807407.865
tieliikenne_2022.1530,1530,POINT (200603.3452 6726441.394),2022,7,15.00-15.59,2,0,1,0,0,0,0,1,0,200603.3452,6726441.394
tieliikenne_2022.1531,1531,POINT (232863.75 6814646.183),2022,7,16.00-16.59,2,5,1,0,0,0,1,0,0,232863.75,6814646.183
tieliikenne_2022.1532,1532,POINT (245161.8259 6697630.1411),2022,7,09.00-09.59,1,8,1,0,0,0,0,0,0,245161.8259,6697630.1411
tieliikenne_2022.1533,1533,POINT (237051.8541 6718287.3364),2022,7,21.00-21.59,1,8,1,0,0,0,0,0,0,237051.8541,6718287.3364
tieliikenne_2022.1534,1534,POINT (226598.0915 6820875.9869),2022,7,01.00-01.59,2,4,1,0,0,0,1,0,0,226598.0915,6820875.9869
tieliikenne_2022.1535,1535,POINT (228277.884 6792551.5897),2022,7,22.00-22.59,2,8,1,0,0,0,0,0,0,228277.884,6792551.5897
tieliikenne_2022.1536,1536,POINT (209013.0462 6757776.1444),2022,7,12.00-12.59,1,0,0,1,0,1,0,0,0,209013.0462,6757776.1444
tieliikenne_2022.1537,1537,POINT (239237.789 6702370.6775),2022,7,18.00-18.59,2,8,1,0,0,0,0,0,0,239237.789,6702370.6775
tieliikenne_2022.1538,1538,POINT (284159.2169 6701485.2457),2022,7,03.00-03.59,2,8,1,0,0,0,0,0,0,284159.2169,6701485.2457
tieliikenne_2022.1539,1539,POINT (220620.4419 6826119.0055),2022,7,09.00-09.59,2,4,2,0,0,0,0,0,0,220620.4419,6826119.0055
tieliikenne_2022.1540,1540,POINT (228991.9041 6827996.8231),2022,7,06.00-06.59,2,8,0,0,0,0,0,1,0,228991.9041,6827996.8231
tieliikenne_2022.1541,1541,POINT (215380.4407 6835835.7102),2022,7,09.00-09.59,2,4,1,0,0,1,0,0,0,215380.4407,6835835.7102
tieliikenne_2022.1542,1542,POINT (222688.1273 6722425.097),2022,7,22.00-22.59,2,2,2,0,0,0,0,0,0,222688.1273,6722425.097
tieliikenne_2022.1543,1543,POINT (268808.6523 6790405.7267),2022,7,22.00-22.59,2,5,2,0,0,0,0,0,0,268808.6523,6790405.7267
tieliikenne_2022.1544,1544,POINT (217543.1648 6826984.3142),2022,7,01.00-01.59,1,8,0,0,0,0,0,1,0,217543.1648,6826984.3142
tieliikenne_2022.1545,1545,POINT (238875.7259 6720072.7943),2022,7,12.00-12.59,2,0,1,0,0,1,0,0,0,238875.7259,6720072.7943
tieliikenne_2022.1546,1546,POINT (313255.8858 6728893.861),2022,7,17.00-17.59,1,5,1,0,0,0,0,1,0,313255.8858,6728893.861
tieliikenne_2022.1547,1547,POINT (309250.9945 6725312.292),2022,8,02.00-02.59,2,9,0,0,0,0,0,0,1,309250.9945,6725312.292
tieliikenne_2022.1548,1548,POINT (236692.2205 6716011.0199),2022,8,06.00-06.59,2,1,2,0,0,1,0,0,0,236692.2205,6716011.0199
tieliikenne_2022.1549,1549,POINT (277009.9601 6714752.2908),2022,8,09.00-09.59,2,9,1,0,0,0,0,0,0,277009.9601,6714752.2908
tieliikenne_2022.1550,1550,POINT (263155.1639 6686432.3805),2022,8,05.00-05.59,2,8,1,0,0,0,0,0,0,263155.1639,6686432.3805
tieliikenne_2022.1551,1551,POINT (244889.7534 6709123.6104),2022,8,13.00-13.59,2,0,1,0,0,1,0,0,0,244889.7534,6709123.6104
tieliikenne_2022.1552,1552,POINT (231377.865 6688421.912),2022,8,12.00-12.59,2,8,1,0,0,0,0,0,0,231377.865,6688421.912
tieliikenne_2022.1553,1553,POINT (229142.4989 6773641.8224),2022,8,19.00-19.59,2,2,1,0,0,0,1,0,0,229142.4989,6773641.8224
tieliikenne_2022.1554,1554,POINT (223059.1577 6827432.7836),2022,8,06.00-06.59,2,4,1,0,0,1,0,0,0,223059.1577,6827432.7836
tieliikenne_2022.1555,1555,POINT (223491.893 6828198.513),2022,8,21.00-21.59,2,4,1,0,0,1,0,0,0,223491.893,6828198.513
tieliikenne_2022.1556,1556,POINT (223132.4793 6828318.7049),2022,8,04.00-04.59,2,4,2,0,0,0,0,0,0,223132.4793,6828318.7049
tieliikenne_2022.1557,1557,POINT (279498.8066 6758937.1052),2022,8,18.00-18.59,2,8,1,0,0,0,0,0,0,279498.8066,6758937.1052
tieliikenne_2022.1558,1558,POINT (230390.8726 6720290.9753),2022,8,20.00-20.59,2,8,1,0,0,0,0,0,0,230390.8726,6720290.9753
tieliikenne_2022.1559,1559,POINT (227016.4206 6714838.6708),2022,8,19.00-19.59,2,9,1,0,0,1,0,0,0,227016.4206,6714838.6708
tieliikenne_2022.1560,1560,POINT (282495.59 6704882.976),2022,8,22.00-22.59,2,4,1,0,0,0,0,1,0,282495.59,6704882.976
tieliikenne_2022.1561,1561,POINT (226376.7305 6821077.2925),2022,8,07.00-07.59,2,1,1,0,0,1,0,0,0,226376.7305,6821077.2925
tieliikenne_2022.1562,1562,POINT (243293.8259 6708632.5581),2022,8,12.00-12.59,2,3,2,0,0,0,0,0,0,243293.8259,6708632.5581
tieliikenne_2022.1563,1563,POINT (234093.5572 6717529.9734),2022,8,07.00-07.59,2,1,2,0,0,0,0,0,0,234093.5572,6717529.9734
tieliikenne_2022.1564,1564,POINT (242849.8814 6706876.151),2022,8,13.00-13.59,2,4,1,0,0,1,0,0,0,242849.8814,6706876.151
tieliikenne_2022.1565,1565,POINT (226700.1331 6736905.7396),2022,8,14.00-14.59,3,5,1,0,0,0,1,0,0,226700.1331,6736905.7396
tieliikenne_2022.1566,1566,POINT (233769.0413 6718622.7542),2022,8,17.00-17.59,2,9,1,1,0,0,0,0,0,233769.0413,6718622.7542
tieliikenne_2022.1567,1567,POINT (230584.3616 6708920.5452),2022,8,14.00-14.59,3,1,1,0,0,1,0,0,0,230584.3616,6708920.5452
tieliikenne_2022.1568,1568,POINT (196041.0252 6753797.0022),2022,8,18.00-18.59,2,4,0,0,0,1,1,0,0,196041.0252,6753797.0022
tieliikenne_2022.1569,1569,POINT (217999.5129 6871456.1949),2022,8,19.00-19.59,2,4,2,0,0,0,0,0,0,217999.5129,6871456.1949
tieliikenne_2022.1570,1570,POINT (291320.9491 6702857.9261),2022,8,08.00-08.59,2,2,2,0,0,0,0,0,0,291320.9491,6702857.9261
tieliikenne_2022.1571,1571,POINT (276216.9707 6677593.7711),2022,8,14.00-14.59,2,0,1,0,0,0,0,1,0,276216.9707,6677593.7711
tieliikenne_2022.1572,1572,POINT (261501.1373 6733821.8929),2022,8,15.00-15.59,3,8,1,0,0,0,0,0,0,261501.1373,6733821.8929
tieliikenne_2022.1573,1573,POINT (285252.7919 6700721.7686),2022,8,16.00-16.59,2,1,1,1,0,0,0,0,0,285252.7919,6700721.7686
tieliikenne_2022.1574,1574,POINT (224586.4778 6826567.0361),2022,8,17.00-17.59,2,4,0,0,0,1,1,0,0,224586.4778,6826567.0361
tieliikenne_2022.1575,1575,POINT (244066.2412 6715542.9075),2022,8,15.00-15.59,2,1,1,1,0,0,0,0,0,244066.2412,6715542.9075
tieliikenne_2022.1576,1576,POINT (313060.5733 6723083.4439),2022,8,08.00-08.59,2,8,1,0,0,0,0,0,0,313060.5733,6723083.4439
tieliikenne_2022.1577,1577,POINT (243414.4537 6766520.0453),2022,8,11.00-11.59,2,8,0,0,0,0,0,0,1,243414.4537,6766520.0453
tieliikenne_2022.1578,1578,POINT (271834.6019 6741250.4221),2022,8,14.00-14.59,2,5,2,0,0,0,0,0,0,271834.6019,6741250.4221
tieliikenne_2022.1579,1579,POINT (223092.4098 6827500.2534),2022,8,19.00-19.59,2,0,2,0,0,0,0,0,0,223092.4098,6827500.2534
tieliikenne_2022.1580,1580,POINT (208105.7361 6839253.7576),2022,8,20.00-20.59,2,8,1,0,0,0,0,0,0,208105.7361,6839253.7576
tieliikenne_2022.1581,1581,POINT (235487.0036 6812300.9875),2022,8,20.00-20.59,2,8,0,0,0,0,0,1,0,235487.0036,6812300.9875
tieliikenne_2022.1582,1582,POINT (220672.2243 6828727.8781),2022,8,15.00-15.59,2,8,0,0,0,0,1,0,0,220672.2243,6828727.8781
tieliikenne_2022.1583,1583,POINT (240347.0771 6710888.7449),2022,8,12.00-12.59,2,1,1,0,0,1,0,0,0,240347.0771,6710888.7449
tieliikenne_2022.1584,1584,POINT (239450.2405 6710967.314),2022,8,15.00-15.59,2,0,2,0,0,0,0,0,0,239450.2405,6710967.314
tieliikenne_2022.1585,1585,POINT (288122.6468 6700110.2647),2022,8,18.00-18.59,2,1,1,0,0,0,1,0,0,288122.6468,6700110.2647
tieliikenne_2022.1586,1586,POINT (243743.0625 6709735.5444),2022,8,15.00-15.59,2,4,1,0,0,1,0,0,0,243743.0625,6709735.5444
tieliikenne_2022.1587,1587,POINT (245150.0174 6706694.161),2022,8,15.00-15.59,2,4,1,0,0,0,0,1,0,245150.0174,6706694.161
tieliikenne_2022.1588,1588,POINT (224505.6894 6811221.7054),2022,8,19.00-19.59,2,8,0,0,0,0,0,1,0,224505.6894,6811221.7054
tieliikenne_2022.1589,1589,POINT (312261.6075 6699377.184),2022,8,13.00-13.59,2,0,1,1,0,0,0,0,0,312261.6075,6699377.184
tieliikenne_2022.1590,1590,POINT (206531.7976 6794147.3972),2022,8,19.00-19.59,2,1,0,0,0,1,0,0,1,206531.7976,6794147.3972
tieliikenne_2022.1591,1591,POINT (235913.5826 6708139.1795),2022,8,02.00-02.59,2,8,1,0,0,0,0,0,0,235913.5826,6708139.1795
tieliikenne_2022.1592,1592,POINT (248123.1224 6789936.8678),2022,8,10.00-10.59,3,4,1,0,0,0,0,1,0,248123.1224,6789936.8678
tieliikenne_2022.1593,1593,POINT (220283.2067 6728784.9698),2022,8,13.00-13.59,2,2,2,0,0,0,0,0,0,220283.2067,6728784.9698
tieliikenne_2022.1594,1594,POINT (281462.3014 6705664.7368),2022,8,14.00-14.59,2,0,1,1,0,0,0,0,0,281462.3014,6705664.7368
tieliikenne_2022.1595,1595,POINT (275410.7465 6678124.7858),2022,8,04.00-04.59,2,8,1,0,0,0,0,0,0,275410.7465,6678124.7858
tieliikenne_2022.1596,1596,POINT (256028.4577 6719706.2845),2022,8,17.00-17.59,2,8,1,0,0,0,0,0,0,256028.4577,6719706.2845
tieliikenne_2022.1597,1597,POINT (216289.7651 6831244.9744),2022,8,18.00-18.59,2,8,1,0,0,0,0,0,0,216289.7651,6831244.9744
tieliikenne_2022.1598,1598,POINT (233793.71 6718720.533),2022,8,02.00-02.59,2,8,1,0,0,0,0,0,0,233793.71,6718720.533
tieliikenne_2022.1599,1599,POINT (238765.1526 6709520.1037),2022,8,15.00-15.59,2,4,1,0,0,1,0,0,0,238765.1526,6709520.1037
tieliikenne_2022.1600,1600,POINT (222539.1914 6827299.2584),2022,8,07.00-07.59,2,6,1,0,1,0,0,0,0,222539.1914,6827299.2584
tieliikenne_2022.1601,1601,POINT (286081.7084 6701794.642),2022,8,17.00-17.59,2,0,0,0,0,0,0,1,1,286081.7084,6701794.642
tieliikenne_2022.1602,1602,POINT (236749.4212 6713651.4908),2022,8,19.00-19.59,2,4,1,0,0,1,0,0,0,236749.4212,6713651.4908
tieliikenne_2022.1603,1603,POINT (240872.2201 6695083.1597),2022,8,18.00-18.59,2,5,1,0,0,1,0,0,0,240872.2201,6695083.1597
tieliikenne_2022.1604,1604,POINT (242632.3823 6870541.6455),2022,8,07.00-07.59,2,0,1,1,0,0,0,0,0,242632.3823,6870541.6455
tieliikenne_2022.1605,1605,POINT (239158.4712 6711025.8927),2022,8,17.00-17.59,2,6,1,0,1,0,0,0,0,239158.4712,6711025.8927
tieliikenne_2022.1606,1606,POINT (234671.3047 6712464.9152),2022,8,19.00-19.59,2,4,2,0,0,0,0,0,0,234671.3047,6712464.9152
tieliikenne_2022.1607,1607,POINT (285107.1324 6704381.0006),2022,8,03.00-03.59,2,8,1,0,0,0,0,0,0,285107.1324,6704381.0006
tieliikenne_2022.1608,1608,POINT (237913.9324 6706010.7115),2022,8,12.00-12.59,2,1,2,0,0,0,0,0,0,237913.9324,6706010.7115
tieliikenne_2022.1609,1609,POINT (218508.8643 6848475.2116),2022,8,16.00-16.59,2,2,1,1,0,0,0,0,0,218508.8643,6848475.2116
tieliikenne_2022.1610,1610,POINT (269440.8251 6706250.4581),2022,8,15.00-15.59,3,9,1,0,0,0,0,0,0,269440.8251,6706250.4581
tieliikenne_2022.1611,1611,POINT (241446.8163 6711056.8522),2022,9,09.00-09.59,2,1,1,0,0,1,0,0,0,241446.8163,6711056.8522
tieliikenne_2022.1612,1612,POINT (250460.8478 6800957.9676),2022,9,15.00-15.59,2,1,1,0,0,1,0,0,0,250460.8478,6800957.9676
tieliikenne_2022.1613,1613,POINT (239251.5099 6712539.3096),2022,9,09.00-09.59,2,4,1,0,0,1,0,0,0,239251.5099,6712539.3096
tieliikenne_2022.1614,1614,POINT (227976.6835 6839321.4783),2022,9,18.00-18.59,2,3,2,0,0,0,0,0,1,227976.6835,6839321.4783
tieliikenne_2022.1615,1615,POINT (224899.3666 6827206.2263),2022,9,00.00-00.59,3,4,1,0,0,0,0,0,1,224899.3666,6827206.2263
tieliikenne_2022.1616,1616,POINT (239490.262 6710990.855),2022,9,19.00-19.59,2,7,0,0,1,1,0,0,0,239490.262,6710990.855
tieliikenne_2022.1617,1617,POINT (325910.1244 6723029.5878),2022,9,17.00-17.59,3,8,1,0,0,0,0,0,0,325910.1244,6723029.5878
tieliikenne_2022.1618,1618,POINT (217924.2129 6828624.8586),2022,9,18.00-18.59,2,3,0,0,0,0,2,1,0,217924.2129,6828624.8586
tieliikenne_2022.1619,1619,POINT (285747.1246 6752842.9335),2022,9,21.00-21.59,2,0,0,0,0,0,0,1,1,285747.1246,6752842.9335
tieliikenne_2022.1620,1620,POINT (222973.7888 6827439.1537),2022,9,05.00-05.59,2,8,1,0,0,0,1,0,0,222973.7888,6827439.1537
tieliikenne_2022.1621,1621,POINT (225064.8917 6796450.0955),2022,9,16.00-16.59,2,2,0,0,0,0,1,0,1,225064.8917,6796450.0955
tieliikenne_2022.1622,1622,POINT (223606.1592 6829027.6624),2022,9,15.00-15.59,2,1,1,0,0,1,0,0,0,223606.1592,6829027.6624
tieliikenne_2022.1623,1623,POINT (257356.2895 6861001.1526),2022,9,13.00-13.59,2,4,1,0,0,1,0,0,0,257356.2895,6861001.1526
tieliikenne_2022.1624,1624,POINT (223817.8857 6827126.0527),2022,9,14.00-14.59,2,7,1,0,1,0,0,0,0,223817.8857,6827126.0527
tieliikenne_2022.1625,1625,POINT (242703.6108 6705734.4716),2022,9,08.00-08.59,2,0,1,0,0,0,0,1,0,242703.6108,6705734.4716
tieliikenne_2022.1626,1626,POINT (222996.8723 6827918.0698),2022,9,13.00-13.59,2,6,1,0,1,0,0,0,0,222996.8723,6827918.0698
tieliikenne_2022.1627,1627,POINT (259407.4215 6731025.1616),2022,9,07.00-07.59,3,8,0,0,0,0,0,1,0,259407.4215,6731025.1616
tieliikenne_2022.1628,1628,POINT (262551.2012 6709945.4883),2022,9,19.00-19.59,2,0,2,0,0,0,1,0,0,262551.2012,6709945.4883
tieliikenne_2022.1629,1629,POINT (235859.4567 6811680.9781),2022,9,20.00-20.59,2,8,0,0,0,0,0,1,0,235859.4567,6811680.9781
tieliikenne_2022.1630,1630,POINT (265380.9951 6751085.4136),2022,9,11.00-11.59,3,8,0,0,0,0,0,1,0,265380.9951,6751085.4136
tieliikenne_2022.1631,1631,POINT (198834.7543 6736551.841),2022,9,18.00-18.59,2,8,1,0,0,0,0,0,0,198834.7543,6736551.841
tieliikenne_2022.1632,1632,POINT (301710.8896 6718464.115),2022,9,18.00-18.59,2,0,2,0,0,0,0,0,0,301710.8896,6718464.115
tieliikenne_2022.1633,1633,POINT (253160.0746 6707144.1633),2022,9,17.00-17.59,2,3,1,0,0,1,0,0,0,253160.0746,6707144.1633
tieliikenne_2022.1634,1634,POINT (210327.8653 6797618.6887),2022,9,18.00-18.59,3,8,0,0,0,0,0,1,0,210327.8653,6797618.6887
tieliikenne_2022.1635,1635,POINT (245442.6272 6707459.7843),2022,9,20.00-20.59,2,8,1,0,0,0,0,0,0,245442.6272,6707459.7843
tieliikenne_2022.1636,1636,POINT (241138.9966 6711394.6873),2022,9,18.00-18.59,2,0,1,0,0,0,0,1,0,241138.9966,6711394.6873
tieliikenne_2022.1637,1637,POINT (241673.5744 6708356.5798),2022,9,07.00-07.59,2,4,0,0,0,1,1,0,0,241673.5744,6708356.5798
tieliikenne_2022.1638,1638,POINT (241283.5522 6710546.2855),2022,9,15.00-15.59,2,6,1,0,1,0,0,0,0,241283.5522,6710546.2855
tieliikenne_2022.1639,1639,POINT (242883.0695 6706903.1747),2022,9,13.00-13.59,2,1,1,0,0,0,1,0,0,242883.0695,6706903.1747
tieliikenne_2022.1640,1640,POINT (226106.9762 6730851.8305),2022,9,16.00-16.59,2,4,1,0,0,0,0,0,1,226106.9762,6730851.8305
tieliikenne_2022.1641,1641,POINT (225715.5599 6829898.1576),2022,9,22.00-22.59,2,5,1,0,0,1,0,0,0,225715.5599,6829898.1576
tieliikenne_2022.1642,1642,POINT (287032.7647 6751168.7531),2022,9,20.00-20.59,2,0,2,0,0,0,0,0,0,287032.7647,6751168.7531
tieliikenne_2022.1643,1643,POINT (239759.0184 6712018.1021),2022,9,23.00-23.59,2,0,2,0,0,0,0,0,0,239759.0184,6712018.1021
tieliikenne_2022.1644,1644,POINT (219870.8688 6829297.0859),2022,9,08.00-08.59,3,4,1,0,0,1,0,0,0,219870.8688,6829297.0859
tieliikenne_2022.1645,1645,POINT (266570.1963 6789755.0492),2022,9,08.00-08.59,2,7,3,1,1,0,0,0,0,266570.1963,6789755.0492
tieliikenne_2022.1646,1646,POINT (266050.1259 6754644.2459),2022,9,08.00-08.59,3,4,1,1,0,0,0,0,0,266050.1259,6754644.2459
tieliikenne_2022.1647,1647,POINT (252309.114 6773846.3847),2022,9,19.00-19.59,2,8,1,0,0,0,0,0,0,252309.114,6773846.3847
tieliikenne_2022.1648,1648,POINT (286834.8589 6700402.9981),2022,9,12.00-12.59,2,1,1,0,0,1,0,0,0,286834.8589,6700402.9981
tieliikenne_2022.1649,1649,POINT (239256.4461 6711083.935),2022,9,20.00-20.59,2,4,1,0,0,1,0,0,0,239256.4461,6711083.935
tieliikenne_2022.1650,1650,POINT (248039.6286 6706131.924),2022,9,11.00-11.59,2,4,1,0,0,1,0,0,0,248039.6286,6706131.924
tieliikenne_2022.1651,1651,POINT (238470.6348 6709759.6948),2022,9,14.00-14.59,2,5,1,0,0,1,0,0,0,238470.6348,6709759.6948
tieliikenne_2022.1652,1652,POINT (218694.9029 6828189.3483),2022,9,12.00-12.59,3,1,1,0,0,1,0,0,0,218694.9029,6828189.3483
tieliikenne_2022.1653,1653,POINT (239918.8248 6711694.4745),2022,9,20.00-20.59,2,0,2,0,0,0,0,0,0,239918.8248,6711694.4745
tieliikenne_2022.1654,1654,POINT (223013.6959 6828355.4097),2022,9,13.00-13.59,2,0,1,0,0,0,1,0,0,223013.6959,6828355.4097
tieliikenne_2022.1655,1655,POINT (239873.7046 6711023.3039),2022,9,00.00-00.59,2,9,1,0,0,1,0,0,0,239873.7046,6711023.3039
tieliikenne_2022.1656,1656,POINT (253658.7324 6868285.9267),2022,9,17.00-17.59,2,8,1,0,0,0,0,0,0,253658.7324,6868285.9267
tieliikenne_2022.1657,1657,POINT (241330.475 6716492.982),2022,9,16.00-16.59,3,0,1,0,0,0,0,1,0,241330.475,6716492.982
tieliikenne_2022.1658,1658,POINT (284907.6912 6750685.5865),2022,9,08.00-08.59,2,8,0,1,0,0,0,0,0,284907.6912,6750685.5865
tieliikenne_2022.1659,1659,POINT (241057.3304 6710851.1974),2022,9,09.00-09.59,2,7,0,0,1,1,0,0,0,241057.3304,6710851.1974
tieliikenne_2022.1660,1660,POINT (215065.7714 6795670.3745),2022,9,15.00-15.59,2,0,3,0,0,0,0,0,0,215065.7714,6795670.3745
tieliikenne_2022.1661,1661,POINT (242156.9185 6713004.769),2022,9,13.00-13.59,2,1,1,0,0,1,0,0,0,242156.9185,6713004.769
tieliikenne_2022.1662,1662,POINT (241956.2902 6708051.5797),2022,9,15.00-15.59,2,0,2,0,0,0,0,0,0,241956.2902,6708051.5797
tieliikenne_2022.1663,1663,POINT (240547.3824 6710057.5215),2022,10,16.00-16.59,2,5,1,0,0,0,1,0,0,240547.3824,6710057.5215
tieliikenne_2022.1664,1664,POINT (198336.4453 6753641.8608),2022,10,21.00-21.59,2,0,2,0,0,0,0,0,0,198336.4453,6753641.8608
tieliikenne_2022.1665,1665,POINT (253158.8873 6707144.706),2022,10,21.00-21.59,2,0,1,0,0,0,1,0,0,253158.8873,6707144.706
tieliikenne_2022.1666,1666,POINT (209942.1055 6870238.0319),2022,10,00.00-00.59,2,8,0,0,0,0,1,0,0,209942.1055,6870238.0319
tieliikenne_2022.1667,1667,POINT (238038.7296 6716156.3043),2022,10,06.00-06.59,2,0,2,0,0,0,0,0,0,238038.7296,6716156.3043
tieliikenne_2022.1668,1668,POINT (225231.1312 6824860.4304),2022,10,15.00-15.59,2,4,1,0,0,1,0,0,0,225231.1312,6824860.4304
tieliikenne_2022.1669,1669,POINT (211518.191 6739488.716),2022,10,16.00-16.59,2,3,1,0,0,1,0,0,0,211518.191,6739488.716
tieliikenne_2022.1670,1670,POINT (251456.9507 6860765.7904),2022,10,06.00-06.59,2,8,1,0,0,0,0,0,0,251456.9507,6860765.7904
tieliikenne_2022.1671,1671,POINT (240187.6206 6712509.2739),2022,10,09.00-09.59,2,4,1,0,0,1,0,0,0,240187.6206,6712509.2739
tieliikenne_2022.1672,1672,POINT (242032.1081 6711842.4108),2022,10,19.00-19.59,2,4,1,0,0,1,0,0,0,242032.1081,6711842.4108
tieliikenne_2022.1673,1673,POINT (239398.1124 6712449.5727),2022,10,13.00-13.59,2,4,1,0,0,1,0,0,0,239398.1124,6712449.5727
tieliikenne_2022.1674,1674,POINT (225949.1942 6821271.9716),2022,10,18.00-18.59,2,1,1,0,0,1,0,0,0,225949.1942,6821271.9716
tieliikenne_2022.1675,1675,POINT (222783.7293 6789091.0653),2022,10,12.00-12.59,2,8,0,0,0,0,0,0,1,222783.7293,6789091.0653
tieliikenne_2022.1676,1676,POINT (213546.8784 6798886.5303),2022,10,17.00-17.59,2,8,1,0,0,0,0,0,0,213546.8784,6798886.5303
tieliikenne_2022.1677,1677,POINT (243976.5905 6716856.9906),2022,10,13.00-13.59,2,8,1,0,0,0,0,0,0,243976.5905,6716856.9906
tieliikenne_2022.1678,1678,POINT (212213.7815 6760975.8655),2022,10,19.00-19.59,2,5,0,0,0,1,0,1,0,212213.7815,6760975.8655
tieliikenne_2022.1679,1679,POINT (239603.7832 6710526.7741),2022,10,08.00-08.59,2,4,1,0,0,1,0,0,0,239603.7832,6710526.7741
tieliikenne_2022.1680,1680,POINT (212202.2399 6760283.8446),2022,10,07.00-07.59,1,7,1,1,1,0,0,0,0,212202.2399,6760283.8446
tieliikenne_2022.1681,1681,POINT (298611.494 6840063.472),2022,10,08.00-08.59,2,1,1,0,0,0,0,1,0,298611.494,6840063.472
tieliikenne_2022.1682,1682,POINT (244855.657 6705762.8925),2022,10,18.00-18.59,2,1,1,0,0,1,0,0,0,244855.657,6705762.8925
tieliikenne_2022.1683,1683,POINT (242784.0456 6708495.4859),2022,10,14.00-14.59,2,8,1,0,0,0,0,0,0,242784.0456,6708495.4859
tieliikenne_2022.1684,1684,POINT (322959.1095 6823625.6298),2022,10,17.00-17.59,2,0,1,0,0,0,0,1,0,322959.1095,6823625.6298
tieliikenne_2022.1685,1685,POINT (227315.0738 6717059.2376),2022,10,16.00-16.59,2,4,1,0,0,1,0,0,0,227315.0738,6717059.2376
tieliikenne_2022.1686,1686,POINT (204198.4927 6788783.2649),2022,10,23.00-23.59,2,8,1,0,0,0,0,0,0,204198.4927,6788783.2649
tieliikenne_2022.1687,1687,POINT (252696.6669 6726659.2703),2022,10,02.00-02.59,2,8,1,0,0,0,0,0,0,252696.6669,6726659.2703
tieliikenne_2022.1688,1688,POINT (214135.6649 6814480.8373),2022,10,09.00-09.59,2,8,1,0,0,0,0,0,0,214135.6649,6814480.8373
tieliikenne_2022.1689,1689,POINT (242512.2844 6714356.2706),2022,10,15.00-15.59,2,4,1,0,0,1,0,0,0,242512.2844,6714356.2706
tieliikenne_2022.1690,1690,POINT (292395.4832 6715307.945),2022,10,12.00-12.59,2,4,1,0,0,1,0,0,0,292395.4832,6715307.945
tieliikenne_2022.1691,1691,POINT (255897.818 6760059.7635),2022,10,16.00-16.59,2,8,0,0,0,0,0,0,1,255897.818,6760059.7635
tieliikenne_2022.1692,1692,POINT (228167.6923 6722206.4286),2022,10,16.00-16.59,2,8,1,0,0,0,0,0,0,228167.6923,6722206.4286
tieliikenne_2022.1693,1693,POINT (225605.4781 6826458.9137),2022,10,14.00-14.59,2,8,1,0,0,0,0,0,0,225605.4781,6826458.9137
tieliikenne_2022.1694,1694,POINT (286820.7877 6701515.0282),2022,10,15.00-15.59,2,3,2,0,0,0,0,0,0,286820.7877,6701515.0282
tieliikenne_2022.1695,1695,POINT (257948.3173 6976513.9663),2022,10,09.00-09.59,2,8,1,0,0,0,0,0,0,257948.3173,6976513.9663
tieliikenne_2022.1696,1696,POINT (236927.1411 6851386.6644),2022,10,13.00-13.59,2,9,0,1,0,0,0,0,0,236927.1411,6851386.6644
tieliikenne_2022.1697,1697,POINT (242859.302 6709215.8045),2022,10,10.00-10.59,2,4,0,1,0,1,0,0,0,242859.302,6709215.8045
tieliikenne_2022.1698,1698,POINT (240064.0702 6711156.5808),2022,10,15.00-15.59,2,6,0,1,1,0,0,0,0,240064.0702,6711156.5808
tieliikenne_2022.1699,1699,POINT (222971.7744 6827809.5381),2022,10,18.00-18.59,2,6,1,0,1,0,0,0,0,222971.7744,6827809.5381
tieliikenne_2022.1700,1700,POINT (242162.7627 6712996.106),2022,10,13.00-13.59,2,6,1,0,1,0,0,0,0,242162.7627,6712996.106
tieliikenne_2022.1701,1701,POINT (227281.7773 6821724.5562),2022,10,22.00-22.59,1,9,1,0,0,0,0,1,0,227281.7773,6821724.5562
tieliikenne_2022.1702,1702,POINT (233823.8445 6714207.0435),2022,10,18.00-18.59,2,5,1,0,0,0,1,0,0,233823.8445,6714207.0435
tieliikenne_2022.1703,1703,POINT (254917.7703 6731691.7576),2022,10,01.00-01.59,2,8,1,0,0,0,0,0,0,254917.7703,6731691.7576
tieliikenne_2022.1704,1704,POINT (224674.0618 6828980.8601),2022,11,12.00-12.59,2,4,1,0,0,1,0,0,0,224674.0618,6828980.8601
tieliikenne_2022.1705,1705,POINT (240003.4869 6709691.8934),2022,11,11.00-11.59,2,3,1,0,0,0,1,0,0,240003.4869,6709691.8934
tieliikenne_2022.1706,1706,POINT (241028.8628 6710898.3503),2022,11,14.00-14.59,3,1,1,0,0,1,0,0,0,241028.8628,6710898.3503
tieliikenne_2022.1707,1707,POINT (285786.4072 6701628.8896),2022,11,19.00-19.59,2,6,1,0,1,0,0,0,0,285786.4072,6701628.8896
tieliikenne_2022.1708,1708,POINT (219293.9009 6828314.7389),2022,11,12.00-12.59,2,9,1,0,0,1,0,0,0,219293.9009,6828314.7389
tieliikenne_2022.1709,1709,POINT (225404.294 6825469.3611),2022,11,16.00-16.59,1,6,1,0,1,0,0,0,0,225404.294,6825469.3611
tieliikenne_2022.1710,1710,POINT (222867.6468 6828130.987),2022,11,10.00-10.59,2,6,1,0,1,0,0,0,0,222867.6468,6828130.987
tieliikenne_2022.1711,1711,POINT (242986.979 6708381.055),2022,11,17.00-17.59,2,0,2,0,0,0,0,0,0,242986.979,6708381.055
tieliikenne_2022.1712,1712,POINT (216433.2737 6802154.2548),2022,11,14.00-14.59,1,2,1,1,0,0,0,0,0,216433.2737,6802154.2548
tieliikenne_2022.1713,1713,POINT (286617.9189 6701060.446),2022,11,18.00-18.59,2,6,0,0,1,0,0,0,1,286617.9189,6701060.446
tieliikenne_2022.1714,1714,POINT (220742.0395 6828318.0012),2022,11,18.00-18.59,2,2,2,0,0,0,0,0,0,220742.0395,6828318.0012
tieliikenne_2022.1715,1715,POINT (232730.2463 6711789.5212),2022,11,05.00-05.59,2,8,1,0,0,0,0,0,0,232730.2463,6711789.5212
tieliikenne_2022.1716,1716,POINT (266020.1442 6754659.5983),2022,11,09.00-09.59,2,8,1,0,0,0,0,0,0,266020.1442,6754659.5983
tieliikenne_2022.1717,1717,POINT (222760.1002 6828440.2936),2022,11,07.00-07.59,2,1,1,0,0,0,1,0,0,222760.1002,6828440.2936
tieliikenne_2022.1718,1718,POINT (279148.4699 6699961.9368),2022,11,12.00-12.59,1,2,1,1,0,0,0,0,0,279148.4699,6699961.9368
tieliikenne_2022.1719,1719,POINT (239160.922 6710466.4308),2022,11,20.00-20.59,2,6,0,1,1,0,0,0,0,239160.922,6710466.4308
tieliikenne_2022.1720,1720,POINT (245752.8724 6707257.8902),2022,11,01.00-01.59,2,9,0,0,0,0,0,1,0,245752.8724,6707257.8902
tieliikenne_2022.1721,1721,POINT (265272.3308 6764260.2316),2022,11,19.00-19.59,2,8,1,0,0,0,0,0,0,265272.3308,6764260.2316
tieliikenne_2022.1722,1722,POINT (216917.0744 6796691.0657),2022,11,05.00-05.59,3,5,1,0,0,1,0,0,0,216917.0744,6796691.0657
tieliikenne_2022.1723,1723,POINT (247885.0168 6800157.928),2022,11,19.00-19.59,2,1,1,0,0,1,0,0,0,247885.0168,6800157.928
tieliikenne_2022.1724,1724,POINT (224318.7038 6834658.8611),2022,11,16.00-16.59,2,4,2,0,0,0,0,0,0,224318.7038,6834658.8611
tieliikenne_2022.1725,1725,POINT (208604.493 6792389.9122),2022,11,03.00-03.59,2,7,1,0,1,0,0,0,0,208604.493,6792389.9122
tieliikenne_2022.1726,1726,POINT (240599.0034 6710084.5829),2022,11,01.00-01.59,2,3,1,0,0,0,1,0,0,240599.0034,6710084.5829
tieliikenne_2022.1727,1727,POINT (264338.7999 6849741.4776),2022,11,20.00-20.59,2,8,1,0,0,0,0,0,0,264338.7999,6849741.4776
tieliikenne_2022.1728,1728,POINT (224105.5565 6827458.0619),2022,11,18.00-18.59,2,5,1,0,0,1,0,0,0,224105.5565,6827458.0619
tieliikenne_2022.1729,1729,POINT (242516.0959 6714354.0452),2022,11,19.00-19.59,2,6,1,0,1,0,0,0,0,242516.0959,6714354.0452
tieliikenne_2022.1730,1730,POINT (261131.5564 6865442.5289),2022,11,21.00-21.59,2,1,2,0,0,0,0,0,0,261131.5564,6865442.5289
tieliikenne_2022.1731,1731,POINT (257779.3136 6892517.3766),2022,11,10.00-10.59,2,7,1,0,1,0,0,0,0,257779.3136,6892517.3766
tieliikenne_2022.1732,1732,POINT (219506.287 6828230.707),2022,11,13.00-13.59,2,4,1,0,0,1,0,0,0,219506.287,6828230.707
tieliikenne_2022.1733,1733,POINT (223239.3896 6827041.7904),2022,11,05.00-05.59,2,1,1,0,0,1,0,0,0,223239.3896,6827041.7904
tieliikenne_2022.1734,1734,POINT (251028.4535 6786812.8592),2022,11,22.00-22.59,1,8,1,0,0,0,0,0,0,251028.4535,6786812.8592
tieliikenne_2022.1735,1735,POINT (311850.2923 6724249.1867),2022,11,10.00-10.59,2,2,2,0,0,0,0,0,0,311850.2923,6724249.1867
tieliikenne_2022.1736,1736,POINT (293506.8675 6701540.4455),2022,11,15.00-15.59,2,8,0,1,0,0,0,0,0,293506.8675,6701540.4455
tieliikenne_2022.1737,1737,POINT (225796.4809 6829985.2726),2022,11,23.00-23.59,2,8,1,0,0,0,0,0,0,225796.4809,6829985.2726
tieliikenne_2022.1738,1738,POINT (223423.7036 6827142.88),2022,11,19.00-19.59,2,4,1,0,0,1,0,0,0,223423.7036,6827142.88
tieliikenne_2022.1739,1739,POINT (287171.9577 6729073.0461),2022,11,21.00-21.59,3,8,1,0,0,0,0,0,0,287171.9577,6729073.0461
tieliikenne_2022.1740,1740,POINT (255299.285 6703501.5935),2022,11,11.00-11.59,2,8,1,0,0,0,0,0,0,255299.285,6703501.5935
tieliikenne_2022.1741,1741,POINT (232166.4521 6714960.5964),2022,11,18.00-18.59,2,8,0,0,0,0,0,0,1,232166.4521,6714960.5964
tieliikenne_2022.1742,1742,POINT (286150.1465 6752391.2945),2022,11,22.00-22.59,1,8,1,0,0,0,0,0,0,286150.1465,6752391.2945
tieliikenne_2022.1743,1743,POINT (217700.959 6832324.4576),2022,11,08.00-08.59,2,2,2,0,0,0,0,0,0,217700.959,6832324.4576
tieliikenne_2022.1744,1744,POINT (222248.818 6829225.608),2022,12,18.00-18.59,2,8,0,0,0,0,0,0,1,222248.818,6829225.608
tieliikenne_2022.1745,1745,POINT (248818.2324 6813412.6537),2022,12,16.00-16.59,2,2,1,0,0,0,0,0,1,248818.2324,6813412.6537
tieliikenne_2022.1746,1746,POINT (285325.3319 6710859.6514),2022,12,22.00-22.59,2,8,1,0,0,0,0,0,0,285325.3319,6710859.6514
tieliikenne_2022.1747,1747,POINT (269093.6575 6671055.6613),2022,12,22.00-22.59,2,8,1,0,0,0,0,0,0,269093.6575,6671055.6613
tieliikenne_2022.1748,1748,POINT (259845.9848 6781237.8065),2022,12,23.00-23.59,3,8,1,0,0,0,0,0,0,259845.9848,6781237.8065
tieliikenne_2022.1749,1749,POINT (266345.065 6765448.2602),2022,12,13.00-13.59,2,2,1,1,0,0,0,0,0,266345.065,6765448.2602
tieliikenne_2022.1750,1750,POINT (285341.4035 6701460.5703),2022,12,10.00-10.59,2,2,3,0,0,0,0,0,0,285341.4035,6701460.5703
tieliikenne_2022.1751,1751,POINT (249877.0268 6801387.5018),2022,12,07.00-07.59,2,8,0,0,0,0,0,0,1,249877.0268,6801387.5018
tieliikenne_2022.1752,1752,POINT (222746.6694 6745827.9383),2022,12,13.00-13.59,2,2,2,0,0,0,0,0,0,222746.6694,6745827.9383
tieliikenne_2022.1753,1753,POINT (204410.1941 6787902.6272),2022,12,18.00-18.59,1,2,1,1,0,0,0,0,0,204410.1941,6787902.6272
tieliikenne_2022.1754,1754,POINT (277109.7407 6780838.1275),2022,12,12.00-12.59,2,4,3,0,0,0,0,0,0,277109.7407,6780838.1275
tieliikenne_2022.1755,1755,POINT (221486.299 6827477.8809),2022,12,13.00-13.59,2,4,2,0,0,0,0,0,0,221486.299,6827477.8809
tieliikenne_2022.1756,1756,POINT (241962.2524 6712588.8339),2022,12,15.00-15.59,2,0,2,0,1,0,0,0,0,241962.2524,6712588.8339
tieliikenne_2022.1757,1757,POINT (217025.3656 6831722.7981),2022,12,05.00-05.59,2,1,2,0,0,0,0,0,0,217025.3656,6831722.7981
tieliikenne_2022.1758,1758,POINT (266869.9558 6787765.7285),2022,12,14.00-14.59,2,8,0,1,0,0,0,0,0,266869.9558,6787765.7285
tieliikenne_2022.1759,1759,POINT (241336.1443 6694159.283),2022,12,18.00-18.59,2,4,2,0,0,0,0,0,0,241336.1443,6694159.283
tieliikenne_2022.1760,1760,POINT (266853.4183 6758046.5572),2022,12,17.00-17.59,2,0,1,1,0,0,0,0,0,266853.4183,6758046.5572
tieliikenne_2022.1761,1761,POINT (195861.4506 6751994.9942),2022,12,02.00-02.59,2,8,1,0,0,0,0,0,0,195861.4506,6751994.9942
tieliikenne_2022.1762,1762,POINT (216201.701 6757076.4586),2022,12,13.00-13.59,2,2,2,0,0,0,0,0,0,216201.701,6757076.4586
tieliikenne_2022.1763,1763,POINT (263258.1771 6677221.3627),2022,12,14.00-14.59,2,4,1,0,0,1,0,0,0,263258.1771,6677221.3627
tieliikenne_2022.1764,1764,POINT (219264.9138 6824846.6448),2022,12,20.00-20.59,2,8,1,0,0,0,0,0,0,219264.9138,6824846.6448
tieliikenne_2022.1765,1765,POINT (213278.8864 6823734.3416),2022,12,20.00-20.59,2,8,1,0,0,0,0,0,0,213278.8864,6823734.3416
tieliikenne_2022.1766,1766,POINT (274739.3518 6723458.4204),2022,12,17.00-17.59,3,8,1,0,0,0,0,0,0,274739.3518,6723458.4204
tieliikenne_2022.1767,1767,POINT (237799.8247 6786353.217),2022,12,18.00-18.59,2,1,2,0,0,0,0,0,0,237799.8247,6786353.217
tieliikenne_2022.1768,1768,POINT (196532.1177 6754430.9751),2022,12,12.00-12.59,2,4,3,0,0,0,0,0,0,196532.1177,6754430.9751
tieliikenne_2022.1769,1769,POINT (262848.4919 6710092.5683),2022,12,15.00-15.59,1,7,1,0,1,0,0,0,0,262848.4919,6710092.5683
tieliikenne_2022.1770,1770,POINT (239518.2272 6712386.6767),2022,12,22.00-22.59,2,0,2,0,0,0,0,0,0,239518.2272,6712386.6767
tieliikenne_2022.1771,1771,POINT (232261.1243 6720523.7952),2022,12,14.00-14.59,3,2,2,0,0,0,0,0,0,232261.1243,6720523.7952
tieliikenne_2022.1772,1772,POINT (221390.1917 6828348.4767),2022,12,18.00-18.59,3,9,1,0,1,0,0,0,0,221390.1917,6828348.4767
tieliikenne_2022.1773,1773,POINT (238426.811 6708857.35),2022,12,13.00-13.59,2,6,1,0,1,0,0,0,0,238426.811,6708857.35
tieliikenne_2022.1774,1774,POINT (409413.9925 6861500.6161),2022,1,04.00-04.59,2,7,1,0,3,0,0,0,0,409413.9925,6861500.6161
tieliikenne_2022.1775,1775,POINT (382722.696 6876676.3719),2022,1,17.00-17.59,2,9,1,0,0,0,0,0,0,382722.696,6876676.3719
tieliikenne_2022.1776,1776,POINT (479496.1905 6913931.0736),2022,1,14.00-14.59,2,4,1,0,0,0,0,0,1,479496.1905,6913931.0736
tieliikenne_2022.1777,1777,POINT (407678.4503 6904345.6781),2022,1,05.00-05.59,2,9,1,0,0,0,0,0,0,407678.4503,6904345.6781
tieliikenne_2022.1778,1778,POINT (437927.2201 6961813.7863),2022,1,12.00-12.59,1,2,3,1,0,0,0,0,0,437927.2201,6961813.7863
tieliikenne_2022.1779,1779,POINT (379005.7791 6846395.5384),2022,1,14.00-14.59,2,8,1,0,0,0,0,0,0,379005.7791,6846395.5384
tieliikenne_2022.1780,1780,POINT (332858.6974 6818054.4402),2022,1,22.00-22.59,2,1,1,1,0,0,0,0,0,332858.6974,6818054.4402
tieliikenne_2022.1781,1781,POINT (340240.404 6904790.663),2022,1,18.00-18.59,3,2,1,1,0,0,0,0,0,340240.404,6904790.663
tieliikenne_2022.1782,1782,POINT (328334.9876 6820749.7623),2022,1,23.00-23.59,2,4,2,0,0,0,0,0,0,328334.9876,6820749.7623
tieliikenne_2022.1783,1783,POINT (282349.2874 6856202.7247),2022,1,14.00-14.59,2,8,0,1,0,0,0,0,0,282349.2874,6856202.7247
tieliikenne_2022.1784,1784,POINT (352305.5357 6804765.4376),2022,1,14.00-14.59,3,8,1,0,0,0,0,0,0,352305.5357,6804765.4376
tieliikenne_2022.1785,1785,POINT (288446.9267 6867994.5493),2022,1,13.00-13.59,2,8,1,0,0,0,0,0,0,288446.9267,6867994.5493
tieliikenne_2022.1786,1786,POINT (344674.1529 6861511.1782),2022,1,23.00-23.59,2,9,1,0,0,0,0,0,0,344674.1529,6861511.1782
tieliikenne_2022.1787,1787,POINT (419140.1564 6897139.6609),2022,1,15.00-15.59,2,8,0,1,0,0,0,0,0,419140.1564,6897139.6609
tieliikenne_2022.1788,1788,POINT (430968.5225 6892082.8501),2022,1,22.00-22.59,1,2,1,1,0,0,0,0,0,430968.5225,6892082.8501
tieliikenne_2022.1789,1789,POINT (443479.6593 6917534.8642),2022,1,15.00-15.59,2,2,2,0,0,0,0,0,0,443479.6593,6917534.8642
tieliikenne_2022.1790,1790,POINT (418615.7192 6908205.377),2022,1,14.00-14.59,1,9,1,1,1,0,0,0,0,418615.7192,6908205.377
tieliikenne_2022.1791,1791,POINT (328421.2892 6799916.1271),2022,1,17.00-17.59,2,2,3,0,0,0,0,0,0,328421.2892,6799916.1271
tieliikenne_2022.1792,1792,POINT (326707.9811 6822764.1815),2022,1,17.00-17.59,2,0,3,0,0,0,0,0,0,326707.9811,6822764.1815
tieliikenne_2022.1793,1793,POINT (317899.258 6807219.3823),2022,2,20.00-20.59,2,9,1,0,0,0,0,0,0,317899.258,6807219.3823
tieliikenne_2022.1794,1794,POINT (422095.1328 6904799.5404),2022,2,16.00-16.59,2,1,3,0,0,0,0,0,0,422095.1328,6904799.5404
tieliikenne_2022.1795,1795,POINT (433160.5653 6899365.5458),2022,2,11.00-11.59,2,5,2,0,0,0,0,0,0,433160.5653,6899365.5458
tieliikenne_2022.1796,1796,POINT (436547.5569 6904536.513),2022,2,11.00-11.59,2,0,3,0,0,0,0,0,0,436547.5569,6904536.513
tieliikenne_2022.1797,1797,POINT (398609.5481 6862076.4516),2022,2,15.00-15.59,2,8,0,1,0,0,0,0,0,398609.5481,6862076.4516
tieliikenne_2022.1798,1798,POINT (313806.1276 6821481.3552),2022,2,11.00-11.59,2,4,1,0,0,1,0,0,0,313806.1276,6821481.3552
tieliikenne_2022.1799,1799,POINT (433189.091 6901974.0843),2022,2,17.00-17.59,2,1,2,0,0,0,0,0,0,433189.091,6901974.0843
tieliikenne_2022.1800,1800,POINT (438113.4806 6900529.7637),2022,2,13.00-13.59,2,3,2,0,0,0,0,0,0,438113.4806,6900529.7637
tieliikenne_2022.1801,1801,POINT (330948.2369 6821434.671),2022,2,15.00-15.59,2,1,2,0,0,0,0,0,0,330948.2369,6821434.671
tieliikenne_2022.1802,1802,POINT (331744.6435 6844425.4903),2022,2,00.00-00.59,2,7,0,0,1,0,0,0,1,331744.6435,6844425.4903
tieliikenne_2022.1803,1803,POINT (318948.1425 6825080.3111),2022,2,12.00-12.59,2,0,3,0,0,0,0,0,0,318948.1425,6825080.3111
tieliikenne_2022.1804,1804,POINT (336465.6481 6820994.8413),2022,2,16.00-16.59,2,5,2,0,0,0,0,0,0,336465.6481,6820994.8413
tieliikenne_2022.1805,1805,POINT (308200.626 6842920.1458),2022,2,16.00-16.59,2,2,2,0,0,0,0,0,0,308200.626,6842920.1458
tieliikenne_2022.1806,1806,POINT (404940.989 6918839.0614),2022,2,08.00-08.59,2,2,2,0,0,0,0,0,0,404940.989,6918839.0614
tieliikenne_2022.1807,1807,POINT (310926.7587 6778011.1155),2022,2,09.00-09.59,2,1,1,1,0,0,0,0,0,310926.7587,6778011.1155
tieliikenne_2022.1808,1808,POINT (334464.1353 6818622.8374),2022,2,14.00-14.59,2,9,3,0,0,0,0,0,0,334464.1353,6818622.8374
tieliikenne_2022.1809,1809,POINT (444530.9952 6942153.0067),2022,2,15.00-15.59,2,0,2,0,0,0,0,0,0,444530.9952,6942153.0067
tieliikenne_2022.1810,1810,POINT (329011.8248 6822921.926),2022,2,20.00-20.59,2,6,1,0,1,0,0,0,0,329011.8248,6822921.926
tieliikenne_2022.1811,1811,POINT (442484.0455 6994229.9647),2022,2,15.00-15.59,2,5,1,1,0,0,0,0,0,442484.0455,6994229.9647
tieliikenne_2022.1812,1812,POINT (354639.2345 6801096.3176),2022,2,17.00-17.59,2,0,2,0,0,0,0,0,0,354639.2345,6801096.3176
tieliikenne_2022.1813,1813,POINT (328134.1339 6823279.2984),2022,2,19.00-19.59,3,6,1,0,1,0,0,0,0,328134.1339,6823279.2984
tieliikenne_2022.1814,1814,POINT (433137.6807 6920429.6947),2022,2,07.00-07.59,2,8,1,0,0,0,0,0,0,433137.6807,6920429.6947
tieliikenne_2022.1815,1815,POINT (431643.7958 7019434.0467),2022,2,03.00-03.59,2,8,1,0,0,0,0,0,0,431643.7958,7019434.0467
tieliikenne_2022.1816,1816,POINT (326983.1979 6818413.7509),2022,2,19.00-19.59,2,8,1,0,0,0,0,0,0,326983.1979,6818413.7509
tieliikenne_2022.1817,1817,POINT (427093.6943 6879967.1912),2022,2,07.00-07.59,1,2,2,1,0,0,0,0,0,427093.6943,6879967.1912
tieliikenne_2022.1818,1818,POINT (340415.0114 6818417.9562),2022,2,12.00-12.59,1,2,2,1,0,0,0,0,0,340415.0114,6818417.9562
tieliikenne_2022.1819,1819,POINT (433631.5997 6941997.1726),2022,2,13.00-13.59,1,5,1,1,0,0,0,0,0,433631.5997,6941997.1726
tieliikenne_2022.1820,1820,POINT (394134.3935 6902606.0413),2022,2,15.00-15.59,2,8,1,0,0,0,0,0,0,394134.3935,6902606.0413
tieliikenne_2022.1821,1821,POINT (436317.7776 6898975.4385),2022,2,03.00-03.59,2,8,1,0,0,0,0,0,0,436317.7776,6898975.4385
tieliikenne_2022.1822,1822,POINT (436237.6745 6950861.5298),2022,2,17.00-17.59,2,2,1,1,0,0,0,0,0,436237.6745,6950861.5298
tieliikenne_2022.1823,1823,POINT (297481.9496 6841595.5371),2022,2,14.00-14.59,2,0,2,0,0,0,0,0,0,297481.9496,6841595.5371
tieliikenne_2022.1824,1824,POINT (446187.9433 6920946.9163),2022,2,15.00-15.59,2,2,2,0,0,0,0,0,0,446187.9433,6920946.9163
tieliikenne_2022.1825,1825,POINT (334983.0355 6822955.2834),2022,2,22.00-22.59,2,8,1,0,0,0,0,0,0,334983.0355,6822955.2834
tieliikenne_2022.1826,1826,POINT (432526.3179 6899461.6384),2022,3,13.00-13.59,2,2,1,1,0,0,0,0,0,432526.3179,6899461.6384
tieliikenne_2022.1827,1827,POINT (292806.6286 6827778.7727),2022,3,19.00-19.59,2,2,2,0,0,0,0,0,0,292806.6286,6827778.7727
tieliikenne_2022.1828,1828,POINT (332991.4051 6783754.9163),2022,4,20.00-20.59,2,9,0,0,0,0,1,0,0,332991.4051,6783754.9163
tieliikenne_2022.1829,1829,POINT (342756.5858 6823193.9531),2022,3,19.00-19.59,2,5,2,0,0,0,0,0,0,342756.5858,6823193.9531
tieliikenne_2022.1830,1830,POINT (325294.2715 6818968.1896),2022,3,13.00-13.59,2,7,1,0,1,0,0,0,0,325294.2715,6818968.1896
tieliikenne_2022.1831,1831,POINT (444193.8046 7003502.9869),2022,4,22.00-22.59,2,9,1,0,0,0,0,0,0,444193.8046,7003502.9869
tieliikenne_2022.1832,1832,POINT (323790.2354 6823876.0445),2022,3,04.00-04.59,2,8,1,0,0,0,0,0,0,323790.2354,6823876.0445
tieliikenne_2022.1833,1833,POINT (331523.4205 6818839.3086),2022,3,16.00-16.59,2,7,1,0,1,0,0,0,0,331523.4205,6818839.3086
tieliikenne_2022.1834,1834,POINT (483158.8116 6912928.5859),2022,3,16.00-16.59,2,8,1,0,0,0,0,0,0,483158.8116,6912928.5859
tieliikenne_2022.1835,1835,POINT (339239.0142 6797949.9351),2022,3,14.00-14.59,2,0,4,0,0,0,0,0,0,339239.0142,6797949.9351
tieliikenne_2022.1836,1836,POINT (319558.1741 6830743.2387),2022,3,10.00-10.59,2,3,1,0,1,0,0,0,0,319558.1741,6830743.2387
tieliikenne_2022.1837,1837,POINT (432381.5075 6900561.7168),2022,3,08.00-08.59,2,5,1,0,0,1,0,0,0,432381.5075,6900561.7168
tieliikenne_2022.1838,1838,POINT (319070.3938 6819373.2423),2022,3,17.00-17.59,3,8,1,0,0,0,0,0,0,319070.3938,6819373.2423
tieliikenne_2022.1839,1839,POINT (439143.5941 6905091.5739),2022,3,17.00-17.59,2,8,1,0,0,0,0,0,0,439143.5941,6905091.5739
tieliikenne_2022.1840,1840,POINT (377872.6765 6939031.5737),2022,5,22.00-22.59,3,9,0,0,0,0,0,1,0,377872.6765,6939031.5737
tieliikenne_2022.1841,1841,POINT (323108.4147 6824503.3343),2022,3,11.00-11.59,2,4,2,0,0,0,0,0,0,323108.4147,6824503.3343
tieliikenne_2022.1842,1842,POINT (316876.4406 6833069.9981),2022,3,12.00-12.59,2,1,2,0,0,0,0,0,0,316876.4406,6833069.9981
tieliikenne_2022.1843,1843,POINT (326892.8665 6814886.3295),2022,3,05.00-05.59,3,0,1,1,0,0,0,0,0,326892.8665,6814886.3295
tieliikenne_2022.1844,1844,POINT (326695.3674 6822170.2014),2022,3,08.00-08.59,2,4,1,1,0,0,0,0,0,326695.3674,6822170.2014
tieliikenne_2022.1845,1845,POINT (321025.5502 6806290.4867),2022,3,22.00-22.59,1,8,1,0,0,0,0,0,0,321025.5502,6806290.4867
tieliikenne_2022.1846,1846,POINT (404392.8737 6907280.8691),2022,3,20.00-20.59,2,8,1,0,0,0,0,0,0,404392.8737,6907280.8691
tieliikenne_2022.1847,1847,POINT (438838.9899 6990727.6557),2022,4,18.00-18.59,2,5,2,0,0,0,0,0,0,438838.9899,6990727.6557
tieliikenne_2022.1848,1848,POINT (436676.0618 6902592.6556),2022,4,21.00-21.59,2,9,1,0,1,0,0,0,0,436676.0618,6902592.6556
tieliikenne_2022.1849,1849,POINT (325048.3757 6826311.5934),2022,4,07.00-07.59,2,2,1,1,0,0,0,0,0,325048.3757,6826311.5934
tieliikenne_2022.1850,1850,POINT (430033.8821 7025184.4815),2022,4,12.00-12.59,2,3,2,0,0,0,0,0,0,430033.8821,7025184.4815
tieliikenne_2022.1851,1851,POINT (354639.5703 6801090.2404),2022,4,13.00-13.59,3,0,2,1,0,0,0,0,0,354639.5703,6801090.2404
tieliikenne_2022.1852,1852,POINT (437213.274 6903842.028),2022,4,17.00-17.59,2,7,1,0,1,0,0,0,0,437213.274,6903842.028
tieliikenne_2022.1853,1853,POINT (434148.343 6904594.3953),2022,4,11.00-11.59,2,0,1,1,0,0,0,0,0,434148.343,6904594.3953
tieliikenne_2022.1854,1854,POINT (281712.855 6806520.3497),2022,4,15.00-15.59,2,3,1,0,0,1,0,0,0,281712.855,6806520.3497
tieliikenne_2022.1855,1855,POINT (330078.8013 6814746.2023),2022,4,16.00-16.59,2,1,2,0,0,0,0,0,0,330078.8013,6814746.2023
tieliikenne_2022.1856,1856,POINT (332552.7245 6819204.2229),2022,4,17.00-17.59,2,8,1,0,0,0,0,0,0,332552.7245,6819204.2229
tieliikenne_2022.1857,1857,POINT (435427.9897 6903452.9917),2022,4,20.00-20.59,2,0,2,1,0,0,0,0,0,435427.9897,6903452.9917
tieliikenne_2022.1858,1858,POINT (328144.8909 6819079.4644),2022,4,21.00-21.59,1,2,1,1,0,0,0,0,0,328144.8909,6819079.4644
tieliikenne_2022.1859,1859,POINT (352544.5549 6808715.46),2022,4,07.00-07.59,2,2,2,0,0,0,0,0,0,352544.5549,6808715.46
tieliikenne_2022.1860,1860,POINT (330764.9889 6814560.1255),2022,4,07.00-07.59,2,0,2,0,0,0,0,0,0,330764.9889,6814560.1255
tieliikenne_2022.1861,1861,POINT (436293.0462 6950651.2623),2022,7,02.00-02.59,2,9,1,0,0,0,0,0,0,436293.0462,6950651.2623
tieliikenne_2022.1862,1862,POINT (431887.9226 6900424.4575),2022,4,16.00-16.59,2,0,1,0,0,1,0,0,0,431887.9226,6900424.4575
tieliikenne_2022.1863,1863,POINT (436785.8651 6899430.5785),2022,4,23.00-23.59,2,8,1,0,0,0,0,0,0,436785.8651,6899430.5785
tieliikenne_2022.1864,1864,POINT (297376.0611 6812469.691),2022,4,14.00-14.59,2,2,2,0,0,0,0,0,0,297376.0611,6812469.691
tieliikenne_2022.1865,1865,POINT (312269.0644 6803617.7192),2022,7,23.00-23.59,2,9,0,0,0,0,0,1,0,312269.0644,6803617.7192
tieliikenne_2022.1866,1866,POINT (435062.837 6902985.149),2022,4,16.00-16.59,2,1,4,0,0,0,0,0,0,435062.837,6902985.149
tieliikenne_2022.1867,1867,POINT (309500.6712 6816654.5211),2022,7,22.00-22.59,2,9,1,0,0,0,0,0,0,309500.6712,6816654.5211
tieliikenne_2022.1868,1868,POINT (432019.4926 6896013.9411),2022,7,16.00-16.59,2,8,0,0,0,0,0,1,0,432019.4926,6896013.9411
tieliikenne_2022.1869,1869,POINT (434235.0661 6900715.8331),2022,4,18.00-18.59,2,5,3,0,0,0,0,0,0,434235.0661,6900715.8331
tieliikenne_2022.1870,1870,POINT (411507.9863 6963049.0561),2022,7,23.00-23.59,2,9,1,0,0,0,0,0,0,411507.9863,6963049.0561
tieliikenne_2022.1871,1871,POINT (312553.0085 6820796.4805),2022,4,13.00-13.59,2,4,1,0,0,1,0,0,0,312553.0085,6820796.4805
tieliikenne_2022.1872,1872,POINT (331426.4438 6817250.7616),2022,4,17.00-17.59,2,6,1,0,1,0,0,0,0,331426.4438,6817250.7616
tieliikenne_2022.1873,1873,POINT (355197.6789 6871374.9263),2022,4,22.00-22.59,2,7,1,0,2,0,0,0,0,355197.6789,6871374.9263
tieliikenne_2022.1874,1874,POINT (435160.6318 6897599.8936),2022,5,09.00-09.59,2,8,1,0,0,0,0,0,0,435160.6318,6897599.8936
tieliikenne_2022.1875,1875,POINT (404507.4869 6860787.8075),2022,5,14.00-14.59,2,4,1,0,0,1,0,0,0,404507.4869,6860787.8075
tieliikenne_2022.1876,1876,POINT (443803.7289 6918386.4475),2022,8,05.00-05.59,2,9,1,0,0,0,0,0,0,443803.7289,6918386.4475
tieliikenne_2022.1877,1877,POINT (326769.2937 6818366.6397),2022,5,10.00-10.59,1,8,1,0,0,0,0,0,0,326769.2937,6818366.6397
tieliikenne_2022.1878,1878,POINT (440872.5329 6935267.0778),2022,8,21.00-21.59,2,9,1,0,0,0,0,0,0,440872.5329,6935267.0778
tieliikenne_2022.1879,1879,POINT (432142.5574 6905701.6681),2022,5,18.00-18.59,2,1,1,0,0,1,0,0,0,432142.5574,6905701.6681
tieliikenne_2022.1880,1880,POINT (433350.6059 6907043.1692),2022,5,11.00-11.59,2,4,1,0,0,0,0,1,0,433350.6059,6907043.1692
tieliikenne_2022.1881,1881,POINT (290408.1889 6808644.2219),2022,5,12.00-12.59,2,1,4,0,0,0,0,0,0,290408.1889,6808644.2219
tieliikenne_2022.1882,1882,POINT (436244.8254 6899829.3153),2022,5,16.00-16.59,2,6,1,0,1,0,0,0,0,436244.8254,6899829.3153
tieliikenne_2022.1883,1883,POINT (329323.4655 6797255.053),2022,5,04.00-04.59,2,8,1,0,0,0,0,0,0,329323.4655,6797255.053
tieliikenne_2022.1884,1884,POINT (375537.6924 6879953.0018),2022,5,10.00-10.59,2,4,1,0,0,1,0,0,0,375537.6924,6879953.0018
tieliikenne_2022.1885,1885,POINT (438912.0906 6961399.4479),2022,5,12.00-12.59,2,8,1,0,0,0,0,0,0,438912.0906,6961399.4479
tieliikenne_2022.1886,1886,POINT (327502.2108 6823000.7829),2022,5,14.00-14.59,2,7,1,0,1,0,0,0,0,327502.2108,6823000.7829
tieliikenne_2022.1887,1887,POINT (290459.6618 6780842.7677),2022,5,15.00-15.59,2,8,1,0,0,0,0,0,0,290459.6618,6780842.7677
tieliikenne_2022.1888,1888,POINT (440555.9422 6901598.4204),2022,5,17.00-17.59,2,0,2,0,0,0,0,0,0,440555.9422,6901598.4204
tieliikenne_2022.1889,1889,POINT (399830.5652 6857107.7875),2022,5,10.00-10.59,1,2,1,1,0,0,0,0,0,399830.5652,6857107.7875
tieliikenne_2022.1890,1890,POINT (295370.0784 6822427.0816),2022,5,13.00-13.59,2,8,0,0,0,0,0,0,1,295370.0784,6822427.0816
tieliikenne_2022.1891,1891,POINT (332826.4269 6904186.6982),2022,9,20.00-20.59,2,9,0,0,0,0,0,1,0,332826.4269,6904186.6982
tieliikenne_2022.1892,1892,POINT (450199.6388 6881476.6777),2022,5,11.00-11.59,2,1,2,1,0,0,0,0,0,450199.6388,6881476.6777
tieliikenne_2022.1893,1893,POINT (331810.8426 6818506.5288),2022,5,15.00-15.59,2,0,4,0,0,0,0,0,0,331810.8426,6818506.5288
tieliikenne_2022.1894,1894,POINT (325031.3811 6823638.4992),2022,5,13.00-13.59,2,0,1,0,0,0,0,1,0,325031.3811,6823638.4992
tieliikenne_2022.1895,1895,POINT (338575.6162 6837078.4869),2022,5,16.00-16.59,2,2,1,0,0,0,0,0,1,338575.6162,6837078.4869
tieliikenne_2022.1896,1896,POINT (330236.5634 6822076.968),2022,5,02.00-02.59,2,4,1,0,0,1,0,0,0,330236.5634,6822076.968
tieliikenne_2022.1897,1897,POINT (438314.7063 6906684.6124),2022,5,11.00-11.59,2,5,1,0,0,1,0,0,0,438314.7063,6906684.6124
tieliikenne_2022.1898,1898,POINT (433463.9297 6902785.0024),2022,5,19.00-19.59,2,7,1,0,1,0,0,0,0,433463.9297,6902785.0024
tieliikenne_2022.1899,1899,POINT (441203.7088 6902294.8642),2022,5,12.00-12.59,2,3,1,0,0,0,0,1,0,441203.7088,6902294.8642
tieliikenne_2022.1900,1900,POINT (342275.202 6818541.565),2022,5,15.00-15.59,2,4,1,0,0,0,1,0,0,342275.202,6818541.565
tieliikenne_2022.1901,1901,POINT (280292.2514 6808457.5811),2022,5,19.00-19.59,2,9,1,0,0,0,1,0,0,280292.2514,6808457.5811
tieliikenne_2022.1902,1902,POINT (326468.4033 6806095.1551),2022,5,19.00-19.59,2,3,1,0,0,0,0,1,0,326468.4033,6806095.1551
tieliikenne_2022.1903,1903,POINT (332118.5749 6786930.8963),2022,5,21.00-21.59,2,8,0,0,0,0,0,0,1,332118.5749,6786930.8963
tieliikenne_2022.1904,1904,POINT (437801.6425 6904693.4344),2022,5,21.00-21.59,2,9,0,0,0,0,0,0,1,437801.6425,6904693.4344
tieliikenne_2022.1905,1905,POINT (327148.0099 6822654.9165),2022,5,13.00-13.59,2,4,2,0,0,0,0,0,0,327148.0099,6822654.9165
tieliikenne_2022.1906,1906,POINT (440722.4849 6902391.4402),2022,5,13.00-13.59,2,0,0,0,0,2,0,0,0,440722.4849,6902391.4402
tieliikenne_2022.1907,1907,POINT (434033.6073 6899010.9189),2022,5,11.00-11.59,2,3,1,0,0,1,0,0,0,434033.6073,6899010.9189
tieliikenne_2022.1908,1908,POINT (311318.5532 6910880.7192),2022,5,10.00-10.59,2,8,1,0,0,0,0,0,0,311318.5532,6910880.7192
tieliikenne_2022.1909,1909,POINT (329999.1555 6822898.6219),2022,5,09.00-09.59,2,0,2,0,0,0,0,0,0,329999.1555,6822898.6219
tieliikenne_2022.1910,1910,POINT (436128.8506 6900302.0985),2022,5,11.00-11.59,2,5,2,0,0,0,0,0,0,436128.8506,6900302.0985
tieliikenne_2022.1911,1911,POINT (346106.0809 6876471.0576),2022,5,11.00-11.59,2,8,1,0,0,0,0,0,0,346106.0809,6876471.0576
tieliikenne_2022.1912,1912,POINT (331994.2636 6821709.8858),2022,5,21.00-21.59,2,9,1,0,0,0,0,0,0,331994.2636,6821709.8858
tieliikenne_2022.1913,1913,POINT (452265.9585 6844761.5504),2022,5,10.00-10.59,2,1,2,0,0,0,0,0,0,452265.9585,6844761.5504
tieliikenne_2022.1914,1914,POINT (401930.9123 6857152.258),2022,5,15.00-15.59,2,8,1,0,0,0,0,0,0,401930.9123,6857152.258
tieliikenne_2022.1915,1915,POINT (302629.3432 6991265.6029),2022,5,20.00-20.59,2,2,1,1,0,0,0,0,0,302629.3432,6991265.6029
tieliikenne_2022.1916,1916,POINT (400915.3055 6902694.929),2022,10,18.00-18.59,3,9,1,0,0,0,0,0,0,400915.3055,6902694.929
tieliikenne_2022.1917,1917,POINT (299988.9248 6837617.3402),2022,5,08.00-08.59,3,8,1,0,0,0,0,0,0,299988.9248,6837617.3402
tieliikenne_2022.1918,1918,POINT (274070.468 6805634.5477),2022,5,09.00-09.59,2,1,1,0,0,0,1,0,0,274070.468,6805634.5477
tieliikenne_2022.1919,1919,POINT (353769.7097 6804058.5919),2022,5,20.00-20.59,2,8,1,0,0,0,0,0,0,353769.7097,6804058.5919
tieliikenne_2022.1920,1920,POINT (434340.5333 7008388.3671),2022,6,11.00-11.59,2,2,1,1,0,0,0,0,0,434340.5333,7008388.3671
tieliikenne_2022.1921,1921,POINT (376869.7855 6846335.9644),2022,6,23.00-23.59,1,2,1,1,0,0,0,0,0,376869.7855,6846335.9644
tieliikenne_2022.1922,1922,POINT (317999.7796 6829773.5907),2022,6,09.00-09.59,2,3,1,0,0,0,0,1,0,317999.7796,6829773.5907
tieliikenne_2022.1923,1923,POINT (314374.9699 6906769.2623),2022,6,16.00-16.59,2,4,2,0,0,0,0,0,0,314374.9699,6906769.2623
tieliikenne_2022.1924,1924,POINT (352866.8206 6805333.4395),2022,6,08.00-08.59,3,0,2,0,0,0,0,0,0,352866.8206,6805333.4395
tieliikenne_2022.1925,1925,POINT (331181.9362 6820421.1854),2022,6,19.00-19.59,2,1,2,0,0,0,0,0,0,331181.9362,6820421.1854
tieliikenne_2022.1926,1926,POINT (329058.9125 6821106.6081),2022,6,11.00-11.59,3,4,1,0,0,1,0,0,0,329058.9125,6821106.6081
tieliikenne_2022.1927,1927,POINT (416762.391 6989442.0888),2022,10,10.00-10.59,1,8,1,0,0,0,0,0,0,416762.391,6989442.0888
tieliikenne_2022.1928,1928,POINT (448204.4348 6909238.5279),2022,6,18.00-18.59,1,8,1,0,0,0,0,0,0,448204.4348,6909238.5279
tieliikenne_2022.1929,1929,POINT (380995.3575 6906917.1029),2022,6,20.00-20.59,2,1,1,0,0,0,0,1,0,380995.3575,6906917.1029
tieliikenne_2022.1930,1930,POINT (436843.5008 6903780.054),2022,6,11.00-11.59,2,1,1,0,0,1,0,0,0,436843.5008,6903780.054
tieliikenne_2022.1931,1931,POINT (427539.2139 6903881.2873),2022,10,19.00-19.59,2,9,1,0,0,0,0,0,0,427539.2139,6903881.2873
tieliikenne_2022.1932,1932,POINT (296808.2353 6845799.1322),2022,6,16.00-16.59,2,3,2,0,0,0,0,0,0,296808.2353,6845799.1322
tieliikenne_2022.1933,1933,POINT (377069.8488 6879465.7049),2022,6,17.00-17.59,2,2,2,0,0,0,0,0,0,377069.8488,6879465.7049
tieliikenne_2022.1934,1934,POINT (313876.2403 6776654.5728),2022,6,18.00-18.59,2,3,1,0,0,0,1,0,0,313876.2403,6776654.5728
tieliikenne_2022.1935,1935,POINT (328028.477 6822221.4766),2022,6,21.00-21.59,2,4,1,0,0,1,0,0,0,328028.477,6822221.4766
tieliikenne_2022.1936,1936,POINT (431491.3191 6927586.2477),2022,6,05.00-05.59,2,8,1,0,0,0,0,0,0,431491.3191,6927586.2477
tieliikenne_2022.1937,1937,POINT (329921.8604 6796376.3688),2022,6,19.00-19.59,2,8,1,0,0,0,0,0,0,329921.8604,6796376.3688
tieliikenne_2022.1938,1938,POINT (328999.8081 6823191.2226),2022,6,14.00-14.59,2,4,1,0,0,1,0,0,0,328999.8081,6823191.2226
tieliikenne_2022.1939,1939,POINT (329312.6969 6787639.2246),2022,6,17.00-17.59,3,8,1,0,0,0,0,0,0,329312.6969,6787639.2246
tieliikenne_2022.1940,1940,POINT (332109.2273 6817564.0318),2022,6,18.00-18.59,3,2,3,0,0,0,0,0,0,332109.2273,6817564.0318
tieliikenne_2022.1941,1941,POINT (337409.7831 6836726.6282),2022,6,04.00-04.59,2,2,2,0,0,0,0,0,0,337409.7831,6836726.6282
tieliikenne_2022.1942,1942,POINT (328400.1176 6820936.4864),2022,6,14.00-14.59,2,7,0,1,1,0,0,0,0,328400.1176,6820936.4864
tieliikenne_2022.1943,1943,POINT (339475.1074 6793073.5384),2022,6,16.00-16.59,2,3,2,0,0,0,0,0,0,339475.1074,6793073.5384
tieliikenne_2022.1944,1944,POINT (272107.845 6801885.094),2022,11,08.00-08.59,2,9,1,0,0,0,0,0,0,272107.845,6801885.094
tieliikenne_2022.1945,1945,POINT (281223.0851 6807371.2425),2022,6,16.00-16.59,2,4,0,0,0,0,1,1,0,281223.0851,6807371.2425
tieliikenne_2022.1946,1946,POINT (327168.5203 6818763.1075),2022,6,15.00-15.59,2,4,1,0,0,1,0,0,0,327168.5203,6818763.1075
tieliikenne_2022.1947,1947,POINT (325979.7503 6819441.8227),2022,6,19.00-19.59,2,4,1,0,0,1,0,0,0,325979.7503,6819441.8227
tieliikenne_2022.1948,1948,POINT (431837.4992 6900220.1142),2022,11,01.00-01.59,2,8,0,0,0,1,0,0,0,431837.4992,6900220.1142
tieliikenne_2022.1949,1949,POINT (427512.5121 7008946.9705),2022,6,15.00-15.59,2,8,1,0,0,0,0,0,0,427512.5121,7008946.9705
tieliikenne_2022.1950,1950,POINT (365294.4698 6844122.3846),2022,11,19.00-19.59,2,9,1,0,0,0,0,0,0,365294.4698,6844122.3846
tieliikenne_2022.1951,1951,POINT (295850.4412 6826852.0374),2022,6,15.00-15.59,3,8,0,0,0,0,0,0,1,295850.4412,6826852.0374
tieliikenne_2022.1952,1952,POINT (435128.786 6901614.782),2022,6,15.00-15.59,2,2,0,0,0,2,0,0,0,435128.786,6901614.782
tieliikenne_2022.1953,1953,POINT (327440.881 6813966.1294),2022,6,18.00-18.59,2,1,1,0,0,1,0,0,0,327440.881,6813966.1294
tieliikenne_2022.1954,1954,POINT (319194.0207 6790735.2342),2022,6,21.00-21.59,3,8,0,0,0,0,0,0,1,319194.0207,6790735.2342
tieliikenne_2022.1955,1955,POINT (440355.6914 6911346.3823),2022,6,20.00-20.59,2,8,0,0,0,0,0,1,0,440355.6914,6911346.3823
tieliikenne_2022.1956,1956,POINT (368071.2452 6881020.5917),2022,6,04.00-04.59,1,8,1,0,0,0,0,0,0,368071.2452,6881020.5917
tieliikenne_2022.1957,1957,POINT (273148.8472 6824302.2865),2022,12,16.00-16.59,2,9,1,0,0,0,0,0,0,273148.8472,6824302.2865
tieliikenne_2022.1958,1958,POINT (433921.106 7006021.5249),2022,6,09.00-09.59,2,8,0,0,0,0,0,1,0,433921.106,7006021.5249
tieliikenne_2022.1959,1959,POINT (317642.6257 6793614.6517),2022,7,01.00-01.59,2,8,1,0,0,0,0,0,0,317642.6257,6793614.6517
tieliikenne_2022.1960,1960,POINT (287799.1422 6866246.7043),2022,7,09.00-09.59,1,2,1,1,0,0,0,0,0,287799.1422,6866246.7043
tieliikenne_2022.1961,1961,POINT (404230.6829 7015449.0074),2022,7,11.00-11.59,2,8,1,0,0,0,0,0,0,404230.6829,7015449.0074
tieliikenne_2022.1962,1962,POINT (332961.1483 6906277.529),2022,7,16.00-16.59,2,4,2,0,0,0,0,0,0,332961.1483,6906277.529
tieliikenne_2022.1963,1963,POINT (437753.0878 6905891.5397),2022,7,19.00-19.59,2,2,1,0,0,0,0,1,0,437753.0878,6905891.5397
tieliikenne_2022.1964,1964,POINT (328672.5623 6820735.167),2022,7,17.00-17.59,2,4,1,0,0,0,0,1,0,328672.5623,6820735.167
tieliikenne_2022.1965,1965,POINT (431443.3754 6926598.6135),2022,7,20.00-20.59,2,2,1,1,0,0,0,0,0,431443.3754,6926598.6135
tieliikenne_2022.1966,1966,POINT (340565.47 6815172.9903),2022,7,20.00-20.59,2,8,0,0,0,0,1,0,0,340565.47,6815172.9903
tieliikenne_2022.1967,1967,POINT (398868.99 6899961.0587),2022,7,23.00-23.59,2,8,0,0,0,0,0,0,1,398868.99,6899961.0587
tieliikenne_2022.1968,1968,POINT (269901.5 6813580.15),2022,7,17.00-17.59,3,3,3,0,0,0,0,0,0,269901.5,6813580.15
tieliikenne_2022.1969,1969,POINT (334179.3462 6822265.6279),2022,7,18.00-18.59,1,8,0,0,0,0,0,1,0,334179.3462,6822265.6279
tieliikenne_2022.1970,1970,POINT (440156.0605 7003640.8193),2022,7,13.00-13.59,2,8,1,0,0,0,0,0,0,440156.0605,7003640.8193
tieliikenne_2022.1971,1971,POINT (401373.9879 6817719.4674),2022,7,13.00-13.59,1,4,1,0,0,0,0,1,0,401373.9879,6817719.4674
tieliikenne_2022.1972,1972,POINT (436128.247 6904888.024),2022,7,06.00-06.59,2,3,1,0,0,1,0,0,0,436128.247,6904888.024
tieliikenne_2022.1973,1973,POINT (441108.1362 6997518.5835),2022,7,10.00-10.59,2,5,1,0,0,1,0,0,0,441108.1362,6997518.5835
tieliikenne_2022.1974,1974,POINT (362502.2306 6853000.2086),2022,7,12.00-12.59,2,1,2,0,0,0,0,0,0,362502.2306,6853000.2086
tieliikenne_2022.1975,1975,POINT (432855.2909 6895951.1684),2022,7,19.00-19.59,2,1,2,0,0,0,0,0,0,432855.2909,6895951.1684
tieliikenne_2022.1976,1976,POINT (326064.9901 6802570.5831),2022,7,14.00-14.59,3,1,1,0,0,0,0,1,0,326064.9901,6802570.5831
tieliikenne_2022.1977,1977,POINT (437446.3855 6899185.4843),2022,7,20.00-20.59,2,4,1,0,0,1,0,0,0,437446.3855,6899185.4843
tieliikenne_2022.1978,1978,POINT (315372.7029 6822291.853),2022,7,23.00-23.59,2,8,1,0,0,0,0,0,0,315372.7029,6822291.853
tieliikenne_2022.1979,1979,POINT (343142.3472 6818752.2633),2022,7,19.00-19.59,2,3,1,0,0,0,0,1,0,343142.3472,6818752.2633
tieliikenne_2022.1980,1980,POINT (413188.1825 6908086.9983),2022,7,08.00-08.59,2,8,1,0,0,0,0,0,0,413188.1825,6908086.9983
tieliikenne_2022.1981,1981,POINT (400288.0291 6855653.6454),2022,7,03.00-03.59,2,8,1,0,0,0,0,0,0,400288.0291,6855653.6454
tieliikenne_2022.1982,1982,POINT (470737.3039 6906993.8),2022,7,10.00-10.59,2,8,1,0,0,0,0,0,0,470737.3039,6906993.8
tieliikenne_2022.1983,1983,POINT (442487.6817 6994234.9075),2022,7,11.00-11.59,2,3,2,0,0,0,0,0,0,442487.6817,6994234.9075
tieliikenne_2022.1984,1984,POINT (327205.522 6813808.0416),2022,7,19.00-19.59,2,2,2,0,0,0,0,0,0,327205.522,6813808.0416
tieliikenne_2022.1985,1985,POINT (402459.8962 6826444.5951),2022,7,13.00-13.59,2,4,2,0,0,0,0,0,0,402459.8962,6826444.5951
tieliikenne_2022.1986,1986,POINT (318025.7196 6829621.3519),2022,7,11.00-11.59,2,0,1,0,0,0,0,0,1,318025.7196,6829621.3519
tieliikenne_2022.1987,1987,POINT (281413.7275 6807848.8295),2022,7,14.00-14.59,2,9,1,0,0,1,0,0,0,281413.7275,6807848.8295
tieliikenne_2022.1988,1988,POINT (328213.8561 6907667.2793),2022,7,12.00-12.59,2,0,2,0,0,0,0,0,0,328213.8561,6907667.2793
tieliikenne_2022.1989,1989,POINT (369341.652 6804212.805),2022,7,13.00-13.59,1,1,1,0,0,0,0,1,0,369341.652,6804212.805
tieliikenne_2022.1990,1990,POINT (434535.6531 6894208.9301),2022,7,13.00-13.59,2,0,1,0,0,0,0,1,0,434535.6531,6894208.9301
tieliikenne_2022.1991,1991,POINT (341279.572 6816723.4977),2022,7,15.00-15.59,2,3,1,0,0,1,0,0,0,341279.572,6816723.4977
tieliikenne_2022.1992,1992,POINT (318738.5931 6822290.9804),2022,7,17.00-17.59,2,4,1,0,0,1,0,0,0,318738.5931,6822290.9804
tieliikenne_2022.1993,1993,POINT (328750.5359 6822167.3317),2022,7,11.00-11.59,2,4,1,0,0,1,0,0,0,328750.5359,6822167.3317
tieliikenne_2022.1994,1994,POINT (298104.2827 6840500.5299),2022,7,15.00-15.59,2,3,1,0,0,0,0,1,0,298104.2827,6840500.5299
tieliikenne_2022.1995,1995,POINT (435228.3043 6897937.5897),2022,7,17.00-17.59,2,7,0,0,1,0,1,0,0,435228.3043,6897937.5897
tieliikenne_2022.1996,1996,POINT (359483.8014 6843587.2915),2022,7,15.00-15.59,3,0,0,1,0,1,0,0,0,359483.8014,6843587.2915
tieliikenne_2022.1997,1997,POINT (418104.4128 6989170.0666),2022,7,21.00-21.59,2,8,1,0,0,0,0,0,0,418104.4128,6989170.0666
tieliikenne_2022.1998,1998,POINT (318770.3752 6830008.4763),2022,7,20.00-20.59,2,4,1,0,0,1,0,0,0,318770.3752,6830008.4763
tieliikenne_2022.1999,1999,POINT (341314.6599 6795574.1488),2022,7,22.00-22.59,2,8,0,0,0,0,1,0,0,341314.6599,6795574.1488
tieliikenne_2022.2000,2000,POINT (458573.2362 6898952.8065),2022,7,09.00-09.59,2,2,1,1,0,0,0,0,0,458573.2362,6898952.8065
tieliikenne_2022.2001,2001,POINT (381569.0414 6821638.9499),2022,7,13.00-13.59,2,8,1,0,0,0,0,0,0,381569.0414,6821638.9499
tieliikenne_2022.2002,2002,POINT (427462.5802 6878288.3024),2022,7,12.00-12.59,2,0,1,0,0,0,0,0,1,427462.5802,6878288.3024
tieliikenne_2022.2003,2003,POINT (402558.9421 6858193.0497),2022,7,05.00-05.59,2,8,1,0,0,0,0,0,0,402558.9421,6858193.0497
tieliikenne_2022.2004,2004,POINT (329874.2704 6807619.3028),2022,7,00.00-00.59,2,6,0,0,1,0,0,1,0,329874.2704,6807619.3028
tieliikenne_2022.2005,2005,POINT (335564.5298 6916259.5149),2022,7,04.00-04.59,2,2,1,1,0,0,0,0,0,335564.5298,6916259.5149
tieliikenne_2022.2006,2006,POINT (432481.4781 6863562.2805),2022,7,08.00-08.59,2,8,1,0,0,0,0,0,0,432481.4781,6863562.2805
tieliikenne_2022.2007,2007,POINT (293560.6692 6824823.6281),2022,7,15.00-15.59,2,0,3,0,0,0,0,0,0,293560.6692,6824823.6281
tieliikenne_2022.2008,2008,POINT (331111.1729 6823133.6622),2022,7,16.00-16.59,2,0,3,0,0,0,0,0,0,331111.1729,6823133.6622
tieliikenne_2022.2009,2009,POINT (316387.6289 6830156.3791),2022,7,18.00-18.59,3,2,1,0,0,0,0,1,0,316387.6289,6830156.3791
tieliikenne_2022.2010,2010,POINT (325343.845 6818797.4446),2022,8,16.00-16.59,2,0,1,0,0,0,0,1,0,325343.845,6818797.4446
tieliikenne_2022.2011,2011,POINT (378532.301 6902018.436),2022,8,16.00-16.59,2,0,0,0,0,0,2,0,0,378532.301,6902018.436
tieliikenne_2022.2012,2012,POINT (329050.0681 6820431.7566),2022,8,13.00-13.59,2,1,1,0,0,1,0,0,0,329050.0681,6820431.7566
tieliikenne_2022.2013,2013,POINT (432713.5468 6901897.4741),2022,8,16.00-16.59,2,4,1,0,0,1,0,0,0,432713.5468,6901897.4741
tieliikenne_2022.2014,2014,POINT (450323.1141 6849909.5259),2022,8,18.00-18.59,3,8,1,0,0,0,0,0,0,450323.1141,6849909.5259
tieliikenne_2022.2015,2015,POINT (433067.2548 6917373.9511),2022,8,03.00-03.59,2,8,1,0,0,0,0,0,0,433067.2548,6917373.9511
tieliikenne_2022.2016,2016,POINT (296433.6825 6772448.916),2022,8,19.00-19.59,2,3,2,0,0,0,0,0,0,296433.6825,6772448.916
tieliikenne_2022.2017,2017,POINT (335237.2532 6822918.9444),2022,8,16.00-16.59,2,8,0,1,0,0,0,0,0,335237.2532,6822918.9444
tieliikenne_2022.2018,2018,POINT (335858.078 6822163.2147),2022,8,13.00-13.59,2,3,1,0,0,0,0,1,0,335858.078,6822163.2147
tieliikenne_2022.2019,2019,POINT (272718.654 6802547.2118),2022,8,16.00-16.59,2,9,0,0,0,1,0,0,0,272718.654,6802547.2118
tieliikenne_2022.2020,2020,POINT (316816.9814 6824170.5596),2022,8,19.00-19.59,2,9,0,0,0,0,0,1,0,316816.9814,6824170.5596
tieliikenne_2022.2021,2021,POINT (325650.2026 6818476.4591),2022,8,23.00-23.59,2,9,0,0,0,0,0,1,0,325650.2026,6818476.4591
tieliikenne_2022.2022,2022,POINT (415063.1969 6866471.1081),2022,8,22.00-22.59,2,8,0,0,0,0,0,0,1,415063.1969,6866471.1081
tieliikenne_2022.2023,2023,POINT (401372.2965 6817705.1207),2022,8,13.00-13.59,2,1,2,0,0,0,0,0,0,401372.2965,6817705.1207
tieliikenne_2022.2024,2024,POINT (314842.429 6821242.8766),2022,8,11.00-11.59,2,9,0,0,0,0,0,1,0,314842.429,6821242.8766
tieliikenne_2022.2025,2025,POINT (340720.1644 6796134.2008),2022,8,12.00-12.59,2,4,1,0,0,1,0,0,0,340720.1644,6796134.2008
tieliikenne_2022.2026,2026,POINT (328158.0959 6907675.9483),2022,8,16.00-16.59,3,1,3,0,0,0,0,0,0,328158.0959,6907675.9483
tieliikenne_2022.2027,2027,POINT (318485.0239 6823646.9068),2022,8,04.00-04.59,1,8,0,0,0,0,0,1,0,318485.0239,6823646.9068
tieliikenne_2022.2028,2028,POINT (327903.5613 6811063.2043),2022,8,14.00-14.59,2,4,1,0,0,1,0,0,0,327903.5613,6811063.2043
tieliikenne_2022.2029,2029,POINT (431929.5196 6924414.8234),2022,8,07.00-07.59,2,2,2,0,0,0,0,0,0,431929.5196,6924414.8234
tieliikenne_2022.2030,2030,POINT (440295.5688 6901894.1678),2022,8,17.00-17.59,2,1,1,0,0,1,0,0,0,440295.5688,6901894.1678
tieliikenne_2022.2031,2031,POINT (413805.3766 6869285.9368),2022,8,17.00-17.59,2,0,2,0,0,0,0,0,0,413805.3766,6869285.9368
tieliikenne_2022.2032,2032,POINT (352748.0081 6806426.9988),2022,8,14.00-14.59,2,0,2,0,0,0,0,0,0,352748.0081,6806426.9988
tieliikenne_2022.2033,2033,POINT (297485.584 6841633.683),2022,8,01.00-01.59,2,9,1,0,0,0,0,0,0,297485.584,6841633.683
tieliikenne_2022.2034,2034,POINT (335534.1256 6846121.5794),2022,8,11.00-11.59,2,8,0,0,0,0,0,1,0,335534.1256,6846121.5794
tieliikenne_2022.2035,2035,POINT (325601.8992 6800929.2829),2022,8,21.00-21.59,2,8,2,0,0,0,0,0,0,325601.8992,6800929.2829
tieliikenne_2022.2036,2036,POINT (435153.2514 6901409.1279),2022,8,21.00-21.59,2,1,1,0,0,0,0,1,0,435153.2514,6901409.1279
tieliikenne_2022.2037,2037,POINT (319807.6405 6780697.9459),2022,8,14.00-14.59,2,1,2,0,0,0,0,0,0,319807.6405,6780697.9459
tieliikenne_2022.2038,2038,POINT (432058.1518 6899852.4477),2022,8,14.00-14.59,3,4,1,0,0,1,0,0,0,432058.1518,6899852.4477
tieliikenne_2022.2039,2039,POINT (327378.7395 6861459.4899),2022,8,15.00-15.59,2,8,1,0,0,0,0,0,0,327378.7395,6861459.4899
tieliikenne_2022.2040,2040,POINT (435994.9684 6900565.8165),2022,8,16.00-16.59,2,0,2,0,0,0,0,0,0,435994.9684,6900565.8165
tieliikenne_2022.2041,2041,POINT (406539.7819 6850465.1907),2022,8,14.00-14.59,3,1,1,0,0,1,0,0,0,406539.7819,6850465.1907
tieliikenne_2022.2042,2042,POINT (433337.1328 6899470.1801),2022,8,06.00-06.59,2,1,1,0,0,1,0,0,0,433337.1328,6899470.1801
tieliikenne_2022.2043,2043,POINT (429094.0125 6886582.466),2022,8,09.00-09.59,2,1,2,0,0,0,0,0,0,429094.0125,6886582.466
tieliikenne_2022.2044,2044,POINT (322728.7846 6825054.7461),2022,8,16.00-16.59,2,1,1,0,0,1,0,0,0,322728.7846,6825054.7461
tieliikenne_2022.2045,2045,POINT (332126.4706 6820797.6708),2022,8,22.00-22.59,3,1,2,0,0,0,0,0,0,332126.4706,6820797.6708
tieliikenne_2022.2046,2046,POINT (259720.5428 6823931.9155),2022,8,01.00-01.59,3,8,1,0,0,0,0,0,0,259720.5428,6823931.9155
tieliikenne_2022.2047,2047,POINT (321268.7172 6816746.6867),2022,8,18.00-18.59,2,3,1,0,0,0,1,0,0,321268.7172,6816746.6867
tieliikenne_2022.2048,2048,POINT (436274.8212 6904997.3395),2022,8,11.00-11.59,2,1,1,0,0,1,0,0,0,436274.8212,6904997.3395
tieliikenne_2022.2049,2049,POINT (296785.1347 6842805.1091),2022,8,20.00-20.59,2,8,0,1,0,0,0,0,0,296785.1347,6842805.1091
tieliikenne_2022.2050,2050,POINT (320586.9338 6833349.6537),2022,8,14.00-14.59,3,1,1,0,0,1,0,0,0,320586.9338,6833349.6537
tieliikenne_2022.2051,2051,POINT (440084.6355 6909275.592),2022,8,14.00-14.59,2,3,2,0,0,0,0,0,0,440084.6355,6909275.592
tieliikenne_2022.2052,2052,POINT (320684.9535 6822855.3667),2022,8,15.00-15.59,2,7,1,0,1,0,0,0,0,320684.9535,6822855.3667
tieliikenne_2022.2053,2053,POINT (327619.2829 6783015.7226),2022,9,03.00-03.59,2,8,1,0,0,0,0,0,0,327619.2829,6783015.7226
tieliikenne_2022.2054,2054,POINT (298574.8366 6824455.1569),2022,9,09.00-09.59,1,0,0,0,0,0,0,2,0,298574.8366,6824455.1569
tieliikenne_2022.2055,2055,POINT (403340.0531 6866517.7834),2022,9,17.00-17.59,2,4,1,0,0,1,0,0,0,403340.0531,6866517.7834
tieliikenne_2022.2056,2056,POINT (435073.5988 6903232.8803),2022,9,21.00-21.59,2,1,1,0,0,0,1,0,0,435073.5988,6903232.8803
tieliikenne_2022.2057,2057,POINT (431205.9438 6902149.573),2022,9,23.00-23.59,2,8,1,0,0,0,0,0,0,431205.9438,6902149.573
tieliikenne_2022.2058,2058,POINT (329530.3059 6822124.0819),2022,9,11.00-11.59,2,7,0,0,1,1,0,0,0,329530.3059,6822124.0819
tieliikenne_2022.2059,2059,POINT (436635.96 6904297.7768),2022,9,20.00-20.59,2,0,0,0,0,0,2,0,0,436635.96,6904297.7768
tieliikenne_2022.2060,2060,POINT (304988.6889 6815612.8254),2022,9,21.00-21.59,3,8,1,0,0,0,0,0,0,304988.6889,6815612.8254
tieliikenne_2022.2061,2061,POINT (329015.9013 6822407.1519),2022,9,12.00-12.59,2,1,2,0,0,0,0,0,0,329015.9013,6822407.1519
tieliikenne_2022.2062,2062,POINT (327137.1201 6822807.9799),2022,9,13.00-13.59,3,6,1,0,1,0,0,0,0,327137.1201,6822807.9799
tieliikenne_2022.2063,2063,POINT (321133.7882 6819253.1895),2022,9,16.00-16.59,2,9,0,1,1,0,0,0,0,321133.7882,6819253.1895
tieliikenne_2022.2064,2064,POINT (358391.1048 6844635.3254),2022,9,19.00-19.59,2,8,1,0,0,0,0,0,0,358391.1048,6844635.3254
tieliikenne_2022.2065,2065,POINT (334808.5114 6817049.8625),2022,9,00.00-00.59,2,0,0,0,0,0,0,2,0,334808.5114,6817049.8625
tieliikenne_2022.2066,2066,POINT (396680.8515 6838178.5079),2022,9,09.00-09.59,2,8,1,0,0,0,0,0,0,396680.8515,6838178.5079
tieliikenne_2022.2067,2067,POINT (331915.826 6823196.9728),2022,9,13.00-13.59,2,0,1,0,0,0,0,1,0,331915.826,6823196.9728
tieliikenne_2022.2068,2068,POINT (433407.3971 6899080.1756),2022,9,14.00-14.59,2,3,1,0,0,0,0,1,0,433407.3971,6899080.1756
tieliikenne_2022.2069,2069,POINT (402193.7596 6861486.1603),2022,9,19.00-19.59,2,8,1,0,0,0,0,0,0,402193.7596,6861486.1603
tieliikenne_2022.2070,2070,POINT (446885.5698 7022169.4154),2022,9,12.00-12.59,1,9,0,0,0,0,0,0,1,446885.5698,7022169.4154
tieliikenne_2022.2071,2071,POINT (441769.1642 6913102.382),2022,9,15.00-15.59,3,2,0,0,0,1,1,0,0,441769.1642,6913102.382
tieliikenne_2022.2072,2072,POINT (411311.7066 6864868.1475),2022,9,21.00-21.59,1,2,1,1,0,0,0,0,0,411311.7066,6864868.1475
tieliikenne_2022.2073,2073,POINT (350818.2483 6793705.7095),2022,9,11.00-11.59,3,5,1,1,0,0,0,0,0,350818.2483,6793705.7095
tieliikenne_2022.2074,2074,POINT (328278.7789 6823361.9952),2022,9,18.00-18.59,2,1,1,0,0,1,0,0,0,328278.7789,6823361.9952
tieliikenne_2022.2075,2075,POINT (327793.7588 6822520.138),2022,9,12.00-12.59,2,6,0,0,1,1,0,0,0,327793.7588,6822520.138
tieliikenne_2022.2076,2076,POINT (332085.4542 6823133.9093),2022,9,15.00-15.59,2,7,0,0,1,1,0,0,0,332085.4542,6823133.9093
tieliikenne_2022.2077,2077,POINT (435910.583 6902200.7892),2022,9,13.00-13.59,2,2,4,0,0,0,0,0,0,435910.583,6902200.7892
tieliikenne_2022.2078,2078,POINT (434962.0128 6902134.2582),2022,9,08.00-08.59,2,5,1,0,0,1,0,0,0,434962.0128,6902134.2582
tieliikenne_2022.2079,2079,POINT (354806.941 6817636.174),2022,9,20.00-20.59,2,2,2,0,0,0,0,0,0,354806.941,6817636.174
tieliikenne_2022.2080,2080,POINT (410754.4051 6954133.7639),2022,9,09.00-09.59,2,8,1,0,0,0,0,0,0,410754.4051,6954133.7639
tieliikenne_2022.2081,2081,POINT (346301.9895 6816558.7573),2022,9,16.00-16.59,2,3,2,0,0,0,0,0,0,346301.9895,6816558.7573
tieliikenne_2022.2082,2082,POINT (438490.177 6901430.821),2022,9,10.00-10.59,2,4,2,0,0,0,0,0,0,438490.177,6901430.821
tieliikenne_2022.2083,2083,POINT (442454.0523 6896653.413),2022,9,13.00-13.59,1,2,1,1,0,0,0,0,0,442454.0523,6896653.413
tieliikenne_2022.2084,2084,POINT (274259.3749 6831004.7406),2022,9,18.00-18.59,2,5,1,0,0,0,1,0,0,274259.3749,6831004.7406
tieliikenne_2022.2085,2085,POINT (297990.8912 6842730.0214),2022,9,21.00-21.59,2,3,1,0,0,0,1,0,0,297990.8912,6842730.0214
tieliikenne_2022.2086,2086,POINT (318018.2566 6828941.6053),2022,9,05.00-05.59,2,5,1,0,0,0,1,0,0,318018.2566,6828941.6053
tieliikenne_2022.2087,2087,POINT (273400.7397 6806301.1356),2022,9,17.00-17.59,3,4,1,0,0,0,1,0,0,273400.7397,6806301.1356
tieliikenne_2022.2088,2088,POINT (433794.1344 6901294.0403),2022,9,21.00-21.59,2,9,1,0,0,1,0,0,0,433794.1344,6901294.0403
tieliikenne_2022.2089,2089,POINT (434203.5043 6941543.1159),2022,9,17.00-17.59,2,8,1,0,0,0,0,0,0,434203.5043,6941543.1159
tieliikenne_2022.2090,2090,POINT (328677.0229 6807777.4758),2022,9,22.00-22.59,2,4,1,1,0,0,1,0,0,328677.0229,6807777.4758
tieliikenne_2022.2091,2091,POINT (328118.7762 6822350.3048),2022,9,18.00-18.59,2,2,1,0,0,1,0,0,0,328118.7762,6822350.3048
tieliikenne_2022.2092,2092,POINT (300036.3057 6842393.2886),2022,9,14.00-14.59,2,8,0,0,0,0,0,1,0,300036.3057,6842393.2886
tieliikenne_2022.2093,2093,POINT (334366.001 6818326.4569),2022,10,07.00-07.59,2,2,0,0,0,2,0,0,0,334366.001,6818326.4569
tieliikenne_2022.2094,2094,POINT (319399.7169 6828420.6608),2022,10,08.00-08.59,2,3,1,0,0,0,1,0,0,319399.7169,6828420.6608
tieliikenne_2022.2095,2095,POINT (434098.918 6901533.608),2022,10,09.00-09.59,2,3,1,0,0,1,0,1,0,434098.918,6901533.608
tieliikenne_2022.2096,2096,POINT (350266.6601 6817905.4618),2022,10,06.00-06.59,2,8,1,0,0,0,0,0,0,350266.6601,6817905.4618
tieliikenne_2022.2097,2097,POINT (365481.8096 6844180.7035),2022,10,08.00-08.59,3,5,1,0,0,0,0,1,0,365481.8096,6844180.7035
tieliikenne_2022.2098,2098,POINT (333319.3928 6830826.7989),2022,10,09.00-09.59,2,8,0,0,0,0,0,0,1,333319.3928,6830826.7989
tieliikenne_2022.2099,2099,POINT (297514.6071 6842824.7805),2022,10,12.00-12.59,2,9,1,0,1,0,0,0,0,297514.6071,6842824.7805
tieliikenne_2022.2100,2100,POINT (278859.8156 6805229.2007),2022,10,17.00-17.59,2,0,2,0,0,0,0,0,0,278859.8156,6805229.2007
tieliikenne_2022.2101,2101,POINT (383848.3089 6846469.6357),2022,10,05.00-05.59,2,8,1,0,0,0,0,0,0,383848.3089,6846469.6357
tieliikenne_2022.2102,2102,POINT (445769.1119 6920701.0181),2022,10,19.00-19.59,2,2,0,0,0,2,0,0,0,445769.1119,6920701.0181
tieliikenne_2022.2103,2103,POINT (263767.6617 6821182.874),2022,10,21.00-21.59,1,8,1,0,0,0,0,0,0,263767.6617,6821182.874
tieliikenne_2022.2104,2104,POINT (310883.2176 6817693.6809),2022,10,20.00-20.59,2,2,1,1,0,0,0,0,0,310883.2176,6817693.6809
tieliikenne_2022.2105,2105,POINT (404176.9908 6862090.9672),2022,10,06.00-06.59,2,5,1,0,0,0,1,0,0,404176.9908,6862090.9672
tieliikenne_2022.2106,2106,POINT (400234.5822 6911714.7685),2022,10,15.00-15.59,1,8,1,0,0,0,0,0,0,400234.5822,6911714.7685
tieliikenne_2022.2107,2107,POINT (443461.7542 6970480.7642),2022,10,16.00-16.59,2,8,0,0,0,0,0,0,1,443461.7542,6970480.7642
tieliikenne_2022.2108,2108,POINT (311467.479 6829946.2092),2022,10,00.00-00.59,2,8,0,0,0,0,0,0,1,311467.479,6829946.2092
tieliikenne_2022.2109,2109,POINT (330876.229 6783224.787),2022,10,02.00-02.59,3,8,1,0,0,0,0,0,0,330876.229,6783224.787
tieliikenne_2022.2110,2110,POINT (324212.0973 6788142.7195),2022,10,11.00-11.59,2,8,1,0,0,0,0,0,0,324212.0973,6788142.7195
tieliikenne_2022.2111,2111,POINT (370686.4678 6879552.5158),2022,10,05.00-05.59,3,7,0,0,1,0,1,0,0,370686.4678,6879552.5158
tieliikenne_2022.2112,2112,POINT (383980.6558 6924401.1953),2022,10,14.00-14.59,2,2,1,1,0,0,0,0,0,383980.6558,6924401.1953
tieliikenne_2022.2113,2113,POINT (319473.1749 6815862.1826),2022,10,15.00-15.59,2,8,0,0,0,0,0,1,0,319473.1749,6815862.1826
tieliikenne_2022.2114,2114,POINT (432964.2573 6900632.8815),2022,10,07.00-07.59,2,1,1,0,0,1,0,0,0,432964.2573,6900632.8815
tieliikenne_2022.2115,2115,POINT (357917.921 6841111.621),2022,10,17.00-17.59,2,9,2,0,0,0,0,0,0,357917.921,6841111.621
tieliikenne_2022.2116,2116,POINT (367429.831 6877117.524),2022,10,14.00-14.59,2,8,1,0,0,0,0,0,0,367429.831,6877117.524
tieliikenne_2022.2117,2117,POINT (298202.3354 6812161.6539),2022,10,12.00-12.59,2,8,1,0,0,0,0,0,0,298202.3354,6812161.6539
tieliikenne_2022.2118,2118,POINT (430949.5555 6900667.2501),2022,10,13.00-13.59,1,7,0,0,1,1,0,0,0,430949.5555,6900667.2501
tieliikenne_2022.2119,2119,POINT (439245.6617 6966531.5608),2022,10,05.00-05.59,3,8,1,0,0,0,0,0,0,439245.6617,6966531.5608
tieliikenne_2022.2120,2120,POINT (434390.2384 6907612.8324),2022,10,15.00-15.59,2,1,1,0,0,0,1,0,0,434390.2384,6907612.8324
tieliikenne_2022.2121,2121,POINT (326588.9746 6864881.7107),2022,10,01.00-01.59,2,8,1,0,0,0,0,0,0,326588.9746,6864881.7107
tieliikenne_2022.2122,2122,POINT (329059.5358 6818375.4165),2022,10,07.00-07.59,2,1,1,0,0,1,0,0,0,329059.5358,6818375.4165
tieliikenne_2022.2123,2123,POINT (335025.0581 6795121.1265),2022,11,15.00-15.59,2,8,1,0,0,0,0,0,0,335025.0581,6795121.1265
tieliikenne_2022.2124,2124,POINT (435312.6553 6901880.5017),2022,11,17.00-17.59,2,6,1,0,1,0,0,0,0,435312.6553,6901880.5017
tieliikenne_2022.2125,2125,POINT (328633.0893 6823059.3898),2022,11,19.00-19.59,2,3,2,0,0,0,0,0,0,328633.0893,6823059.3898
tieliikenne_2022.2126,2126,POINT (332531.4179 6821274.3874),2022,11,17.00-17.59,2,6,1,0,1,0,0,0,0,332531.4179,6821274.3874
tieliikenne_2022.2127,2127,POINT (439929.4459 6976016.5876),2022,11,18.00-18.59,2,0,2,0,0,0,0,0,0,439929.4459,6976016.5876
tieliikenne_2022.2128,2128,POINT (331174.5765 6786410.85),2022,11,12.00-12.59,2,1,1,0,0,1,0,0,0,331174.5765,6786410.85
tieliikenne_2022.2129,2129,POINT (327707.174 6817651.4195),2022,11,12.00-12.59,2,0,1,1,0,0,0,0,0,327707.174,6817651.4195
tieliikenne_2022.2130,2130,POINT (402592.3258 6866029.2415),2022,11,18.00-18.59,3,3,1,0,0,0,1,0,0,402592.3258,6866029.2415
tieliikenne_2022.2131,2131,POINT (338748.1813 6797690.6981),2022,11,08.00-08.59,2,7,0,0,1,0,0,1,0,338748.1813,6797690.6981
tieliikenne_2022.2132,2132,POINT (434303.2121 6942060.0642),2022,11,14.00-14.59,2,4,1,0,0,1,0,0,0,434303.2121,6942060.0642
tieliikenne_2022.2133,2133,POINT (391422.4045 6977946.2494),2022,11,20.00-20.59,2,0,2,0,0,0,0,0,0,391422.4045,6977946.2494
tieliikenne_2022.2134,2134,POINT (314251.6948 6821489.683),2022,11,18.00-18.59,2,3,1,0,0,0,0,1,0,314251.6948,6821489.683
tieliikenne_2022.2135,2135,POINT (432737.288 6895984.331),2022,11,07.00-07.59,2,4,1,0,0,1,0,0,0,432737.288,6895984.331
tieliikenne_2022.2136,2136,POINT (284278.6829 6811109.0615),2022,11,11.00-11.59,2,0,2,0,0,0,0,0,0,284278.6829,6811109.0615
tieliikenne_2022.2137,2137,POINT (433780.6027 6906574.4943),2022,11,21.00-21.59,1,0,1,1,0,0,0,0,0,433780.6027,6906574.4943
tieliikenne_2022.2138,2138,POINT (440273.3474 6909673.427),2022,11,17.00-17.59,2,7,1,0,1,0,0,0,0,440273.3474,6909673.427
tieliikenne_2022.2139,2139,POINT (314307.6171 6819122.2881),2022,11,13.00-13.59,2,8,1,0,0,0,0,0,0,314307.6171,6819122.2881
tieliikenne_2022.2140,2140,POINT (443022.213 6916598.6697),2022,11,13.00-13.59,2,2,2,1,0,0,0,0,0,443022.213,6916598.6697
tieliikenne_2022.2141,2141,POINT (445970.6679 6920600.9436),2022,11,18.00-18.59,2,4,1,0,0,1,0,0,0,445970.6679,6920600.9436
tieliikenne_2022.2142,2142,POINT (358729.8007 6795894.4829),2022,11,17.00-17.59,1,9,2,0,2,0,0,0,0,358729.8007,6795894.4829
tieliikenne_2022.2143,2143,POINT (381903.1888 6928043.0383),2022,11,20.00-20.59,2,8,1,0,0,0,0,0,0,381903.1888,6928043.0383
tieliikenne_2022.2144,2144,POINT (327893.1824 6823106.9013),2022,11,16.00-16.59,2,1,1,0,0,1,0,0,0,327893.1824,6823106.9013
tieliikenne_2022.2145,2145,POINT (325520.0302 6796902.0262),2022,11,17.00-17.59,2,1,3,0,0,0,0,0,0,325520.0302,6796902.0262
tieliikenne_2022.2146,2146,POINT (433196.3649 6899002.6926),2022,12,08.00-08.59,2,0,2,0,0,0,0,0,0,433196.3649,6899002.6926
tieliikenne_2022.2147,2147,POINT (431544.8363 6895276.178),2022,12,08.00-08.59,2,8,1,0,0,0,0,0,0,431544.8363,6895276.178
tieliikenne_2022.2148,2148,POINT (416129.948 6959715.558),2022,12,07.00-07.59,2,8,1,0,0,0,0,0,0,416129.948,6959715.558
tieliikenne_2022.2149,2149,POINT (322292.8411 6825197.2821),2022,12,16.00-16.59,2,0,4,0,0,0,0,0,0,322292.8411,6825197.2821
tieliikenne_2022.2150,2150,POINT (413406.157 6947723.8082),2022,12,10.00-10.59,3,5,0,1,0,1,0,0,0,413406.157,6947723.8082
tieliikenne_2022.2151,2151,POINT (420725.2475 6949270.3218),2022,12,19.00-19.59,2,2,2,0,0,0,0,0,0,420725.2475,6949270.3218
tieliikenne_2022.2152,2152,POINT (322480.1626 6824690.5284),2022,12,04.00-04.59,2,1,1,1,0,0,0,0,0,322480.1626,6824690.5284
tieliikenne_2022.2153,2153,POINT (303348.7987 6814550.9705),2022,12,16.00-16.59,2,8,1,0,0,0,0,0,0,303348.7987,6814550.9705
tieliikenne_2022.2154,2154,POINT (271146.1046 6822952.2346),2022,12,12.00-12.59,2,8,1,0,0,0,0,0,0,271146.1046,6822952.2346
tieliikenne_2022.2155,2155,POINT (432992.0099 6900579.0506),2022,12,16.00-16.59,2,0,0,2,0,0,0,0,0,432992.0099,6900579.0506
tieliikenne_2022.2156,2156,POINT (421129.8531 6904635.4907),2022,12,18.00-18.59,3,2,3,0,0,0,0,0,0,421129.8531,6904635.4907
tieliikenne_2022.2157,2157,POINT (325581.0233 6819597.3744),2022,12,16.00-16.59,2,1,2,0,0,0,0,0,0,325581.0233,6819597.3744
tieliikenne_2022.2158,2158,POINT (426200.0582 6904512.2254),2022,12,14.00-14.59,2,0,2,0,0,0,0,0,0,426200.0582,6904512.2254
tieliikenne_2022.2159,2159,POINT (343304.0594 6882171.2517),2022,12,15.00-15.59,2,8,1,0,0,0,0,0,0,343304.0594,6882171.2517
tieliikenne_2022.2160,2160,POINT (349988.8718 6817742.3906),2022,12,19.00-19.59,3,2,3,0,0,0,0,0,0,349988.8718,6817742.3906
tieliikenne_2022.2161,2161,POINT (279858.0204 6808643.7507),2022,12,05.00-05.59,2,8,1,0,0,0,0,0,0,279858.0204,6808643.7507
tieliikenne_2022.2162,2162,POINT (259274.7191 6824013.185),2022,12,13.00-13.59,2,8,1,0,0,0,0,0,0,259274.7191,6824013.185
tieliikenne_2022.2163,2163,POINT (328296.6599 6821706.6107),2022,12,17.00-17.59,2,0,2,0,0,0,0,0,0,328296.6599,6821706.6107
tieliikenne_2022.2164,2164,POINT (411283.218 6952088.4998),2022,12,17.00-17.59,2,0,2,0,0,0,0,0,0,411283.218,6952088.4998
tieliikenne_2022.2165,2165,POINT (402102.0554 6946966.071),2022,12,16.00-16.59,3,2,3,0,0,0,0,0,0,402102.0554,6946966.071
tieliikenne_2022.2166,2166,POINT (403951.4174 6864541.4224),2022,12,20.00-20.59,2,2,2,0,0,0,0,0,0,403951.4174,6864541.4224
tieliikenne_2022.2167,2167,POINT (353962.4309 6838599.8482),2022,12,09.00-09.59,2,0,1,1,0,0,0,0,0,353962.4309,6838599.8482
tieliikenne_2022.2168,2168,POINT (327316.8577 6817793.4539),2022,12,15.00-15.59,2,6,1,0,1,0,0,0,0,327316.8577,6817793.4539
tieliikenne_2022.2169,2169,POINT (329196.5407 6808269.3914),2022,12,00.00-00.59,2,8,1,0,0,0,0,0,0,329196.5407,6808269.3914
tieliikenne_2022.2170,2170,POINT (333209.9307 6818864.8047),2022,12,21.00-21.59,3,2,2,0,0,0,0,0,0,333209.9307,6818864.8047
tieliikenne_2022.2171,2171,POINT (337808.5583 6824753.3467),2022,12,15.00-15.59,2,1,2,0,0,0,0,0,0,337808.5583,6824753.3467
tieliikenne_2022.2172,2172,POINT (283211.555 6805091.9553),2022,12,14.00-14.59,2,2,2,0,0,0,0,0,0,283211.555,6805091.9553
tieliikenne_2022.2173,2173,POINT (358279.0467 6796021.0026),2022,12,16.00-16.59,1,2,1,1,0,0,0,0,0,358279.0467,6796021.0026
tieliikenne_2022.2174,2174,POINT (392218.6861 6853528.1123),2022,12,13.00-13.59,2,2,2,0,0,0,0,0,0,392218.6861,6853528.1123
tieliikenne_2022.2175,2175,POINT (298187.6201 6843290.4031),2022,12,01.00-01.59,2,1,1,0,0,0,0,0,1,298187.6201,6843290.4031
tieliikenne_2022.2176,2176,POINT (331474.7996 6820224.9705),2022,12,00.00-00.59,2,8,1,0,0,0,0,0,0,331474.7996,6820224.9705
tieliikenne_2022.2177,2177,POINT (421627.7124 6875055.8711),2022,12,08.00-08.59,2,2,1,1,0,0,0,0,0,421627.7124,6875055.8711
tieliikenne_2022.2178,2178,POINT (242209.0419 6715708.0786),2022,12,04.00-04.59,2,8,1,0,0,0,0,0,0,242209.0419,6715708.0786
tieliikenne_2022.2179,2179,POINT (437592.2902 6959602.1398),2022,12,12.00-12.59,2,0,4,0,0,0,0,0,0,437592.2902,6959602.1398
tieliikenne_2022.2180,2180,POINT (434438.3794 6901340.3648),2022,12,15.00-15.59,2,6,1,0,1,0,0,0,0,434438.3794,6901340.3648
tieliikenne_2022.2181,2181,POINT (250923.7201 6930018.159),2022,1,02.00-02.59,3,4,1,1,0,0,0,0,0,250923.7201,6930018.159
tieliikenne_2022.2182,2182,POINT (300978.974 7062326.7773),2022,1,12.00-12.59,2,4,2,0,0,0,0,0,0,300978.974,7062326.7773
tieliikenne_2022.2183,2183,POINT (233052.809 7010719.3027),2022,1,10.00-10.59,2,1,2,0,0,0,0,0,0,233052.809,7010719.3027
tieliikenne_2022.2184,2184,POINT (349080.1044 7089191.3423),2022,1,15.00-15.59,2,5,2,0,0,0,0,0,0,349080.1044,7089191.3423
tieliikenne_2022.2185,2185,POINT (310075.7968 7084921.0587),2022,1,12.00-12.59,2,6,1,0,1,0,0,0,0,310075.7968,7084921.0587
tieliikenne_2022.2186,2186,POINT (230742.0097 7009502.01),2022,1,16.00-16.59,2,1,2,0,0,0,0,0,0,230742.0097,7009502.01
tieliikenne_2022.2187,2187,POINT (298634.1246 6989204.5224),2022,1,09.00-09.59,1,6,1,0,1,0,0,0,0,298634.1246,6989204.5224
tieliikenne_2022.2188,2188,POINT (270164.7968 6936061.1607),2022,2,18.00-18.59,2,9,1,0,0,0,0,0,0,270164.7968,6936061.1607
tieliikenne_2022.2189,2189,POINT (304093.7669 7075724.6135),2022,1,17.00-17.59,2,8,0,0,0,0,0,0,1,304093.7669,7075724.6135
tieliikenne_2022.2190,2190,POINT (260822.2369 6994358.8275),2022,1,20.00-20.59,2,2,2,0,0,0,0,0,0,260822.2369,6994358.8275
tieliikenne_2022.2191,2191,POINT (328547.1934 6964896.8861),2022,1,06.00-06.59,3,1,1,1,0,0,0,0,0,328547.1934,6964896.8861
tieliikenne_2022.2192,2192,POINT (263313.7464 6994184.4762),2022,1,12.00-12.59,3,5,1,0,0,0,1,0,0,263313.7464,6994184.4762
tieliikenne_2022.2193,2193,POINT (229345.559 7006092.5137),2022,1,07.00-07.59,2,0,2,0,0,0,0,0,0,229345.559,7006092.5137
tieliikenne_2022.2194,2194,POINT (203551.993 6975409.9454),2022,2,11.00-11.59,2,1,2,0,0,0,0,0,0,203551.993,6975409.9454
tieliikenne_2022.2195,2195,POINT (296001.829 6946206.6534),2022,2,21.00-21.59,2,8,1,0,0,0,0,0,0,296001.829,6946206.6534
tieliikenne_2022.2196,2196,POINT (281143.825 6968689.3049),2022,2,02.00-02.59,2,8,1,0,0,0,0,0,0,281143.825,6968689.3049
tieliikenne_2022.2197,2197,POINT (230305.3149 7007165.19),2022,2,16.00-16.59,2,2,1,1,0,0,0,0,0,230305.3149,7007165.19
tieliikenne_2022.2198,2198,POINT (286636.5378 7007419.7673),2022,2,12.00-12.59,2,9,1,1,0,0,0,0,0,286636.5378,7007419.7673
tieliikenne_2022.2199,2199,POINT (290208.0178 7002112.5513),2022,2,15.00-15.59,2,2,1,1,0,0,0,0,0,290208.0178,7002112.5513
tieliikenne_2022.2200,2200,POINT (339771.2199 7042921.4633),2022,2,07.00-07.59,2,4,2,0,0,0,0,0,0,339771.2199,7042921.4633
tieliikenne_2022.2201,2201,POINT (310285.7178 6996394.7298),2022,2,18.00-18.59,2,9,1,1,0,0,0,0,0,310285.7178,6996394.7298
tieliikenne_2022.2202,2202,POINT (228000.1136 7007957.1988),2022,2,20.00-20.59,2,4,2,0,0,0,0,0,0,228000.1136,7007957.1988
tieliikenne_2022.2203,2203,POINT (304306.7137 7057691.177),2022,2,16.00-16.59,2,4,2,0,0,0,0,0,0,304306.7137,7057691.177
tieliikenne_2022.2204,2204,POINT (271956.0583 6986284.3866),2022,2,09.00-09.59,3,5,2,0,0,0,0,0,0,271956.0583,6986284.3866
tieliikenne_2022.2205,2205,POINT (267289.5917 6959404.9016),2022,2,11.00-11.59,2,4,1,0,0,0,0,0,1,267289.5917,6959404.9016
tieliikenne_2022.2206,2206,POINT (233842.0015 7004863.0002),2022,4,04.00-04.59,1,7,0,0,1,0,0,0,1,233842.0015,7004863.0002
tieliikenne_2022.2207,2207,POINT (349665.7638 6938546.093),2022,2,17.00-17.59,2,4,2,0,0,0,0,0,0,349665.7638,6938546.093
tieliikenne_2022.2208,2208,POINT (323195.9348 7030580.302),2022,2,12.00-12.59,2,4,2,0,0,0,0,0,0,323195.9348,7030580.302
tieliikenne_2022.2209,2209,POINT (285759.8558 6936516.3371),2022,3,22.00-22.59,2,8,0,0,0,0,0,0,1,285759.8558,6936516.3371
tieliikenne_2022.2210,2210,POINT (286098.885 6974879.4325),2022,3,16.00-16.59,2,1,2,0,0,0,0,0,0,286098.885,6974879.4325
tieliikenne_2022.2211,2211,POINT (288812.7602 6968976.7929),2022,3,15.00-15.59,2,1,1,0,0,1,0,0,0,288812.7602,6968976.7929
tieliikenne_2022.2212,2212,POINT (285230.4095 6976230.7165),2022,3,20.00-20.59,3,2,2,0,0,0,0,0,0,285230.4095,6976230.7165
tieliikenne_2022.2213,2213,POINT (229103.0389 6938717.4938),2022,3,09.00-09.59,2,9,0,0,0,0,1,0,0,229103.0389,6938717.4938
tieliikenne_2022.2214,2214,POINT (312028.1169 7085219.3545),2022,5,16.00-16.59,1,9,0,0,0,1,0,0,0,312028.1169,7085219.3545
tieliikenne_2022.2215,2215,POINT (311158.3055 7083517.3156),2022,3,11.00-11.59,2,4,2,0,0,0,0,0,0,311158.3055,7083517.3156
tieliikenne_2022.2216,2216,POINT (228122.0691 7008067.1744),2022,3,19.00-19.59,2,0,2,0,0,0,0,0,0,228122.0691,7008067.1744
tieliikenne_2022.2217,2217,POINT (286499.819 7066560.0857),2022,3,15.00-15.59,2,1,1,0,0,0,1,0,0,286499.819,7066560.0857
tieliikenne_2022.2218,2218,POINT (334921.2879 6991799.509),2022,3,21.00-21.59,1,2,1,1,0,0,0,0,0,334921.2879,6991799.509
tieliikenne_2022.2219,2219,POINT (298426.4713 6988916.1359),2022,3,11.00-11.59,2,9,1,0,1,0,0,0,0,298426.4713,6988916.1359
tieliikenne_2022.2220,2220,POINT (266521.334 7025118.4316),2022,6,01.00-01.59,2,9,1,0,0,0,0,0,0,266521.334,7025118.4316
tieliikenne_2022.2221,2221,POINT (245844.5369 6939873.0222),2022,3,16.00-16.59,3,7,1,0,1,0,0,0,0,245844.5369,6939873.0222
tieliikenne_2022.2222,2222,POINT (311146.7125 7083525.0149),2022,3,13.00-13.59,2,5,2,0,0,0,0,0,0,311146.7125,7083525.0149
tieliikenne_2022.2223,2223,POINT (342805.941 7019378.7622),2022,6,22.00-22.59,2,9,0,0,0,0,0,1,0,342805.941,7019378.7622
tieliikenne_2022.2224,2224,POINT (289624.2506 6958359.7513),2022,6,01.00-01.59,2,9,1,0,0,0,0,0,0,289624.2506,6958359.7513
tieliikenne_2022.2225,2225,POINT (323506.1946 6952524.2457),2022,3,20.00-20.59,2,2,2,0,0,0,0,0,0,323506.1946,6952524.2457
tieliikenne_2022.2226,2226,POINT (359867.9983 6992710.0966),2022,4,09.00-09.59,1,2,1,1,0,0,0,0,0,359867.9983,6992710.0966
tieliikenne_2022.2227,2227,POINT (254914.5779 6964264.7172),2022,6,07.00-07.59,3,8,0,0,0,0,0,1,0,254914.5779,6964264.7172
tieliikenne_2022.2228,2228,POINT (352036.1676 7061037.8361),2022,7,21.00-21.59,2,9,1,0,0,0,0,0,0,352036.1676,7061037.8361
tieliikenne_2022.2229,2229,POINT (285094.1946 6918670.0082),2022,4,16.00-16.59,3,2,2,1,0,0,0,0,0,285094.1946,6918670.0082
tieliikenne_2022.2230,2230,POINT (325403.9576 6943548.984),2022,4,14.00-14.59,2,4,2,0,0,0,0,0,0,325403.9576,6943548.984
tieliikenne_2022.2231,2231,POINT (288601.911 6969287.7033),2022,4,16.00-16.59,2,4,1,0,0,1,0,0,0,288601.911,6969287.7033
tieliikenne_2022.2232,2232,POINT (288272.4938 7067537.4349),2022,4,06.00-06.59,2,6,1,0,1,0,0,0,0,288272.4938,7067537.4349
tieliikenne_2022.2233,2233,POINT (336963.5618 7051600.7014),2022,4,19.00-19.59,2,1,2,0,0,0,0,0,0,336963.5618,7051600.7014
tieliikenne_2022.2234,2234,POINT (286277.0631 6973138.3606),2022,4,07.00-07.59,3,5,1,0,0,0,1,0,0,286277.0631,6973138.3606
tieliikenne_2022.2235,2235,POINT (283808.9466 7067046.1638),2022,4,00.00-00.59,2,8,1,0,0,0,0,0,0,283808.9466,7067046.1638
tieliikenne_2022.2236,2236,POINT (309508.4394 7083967.3713),2022,4,13.00-13.59,2,4,2,0,0,0,0,0,0,309508.4394,7083967.3713
tieliikenne_2022.2237,2237,POINT (284354.3036 6968362.1104),2022,4,15.00-15.59,2,4,2,0,0,0,0,0,0,284354.3036,6968362.1104
tieliikenne_2022.2238,2238,POINT (310147.9678 7085165.4977),2022,4,07.00-07.59,2,4,1,0,0,1,0,0,0,310147.9678,7085165.4977
tieliikenne_2022.2239,2239,POINT (277704.4259 7051513.0244),2022,4,16.00-16.59,2,6,1,0,1,0,0,0,0,277704.4259,7051513.0244
tieliikenne_2022.2240,2240,POINT (263144.4911 6951331.6065),2022,8,21.00-21.59,2,8,0,0,0,0,1,0,0,263144.4911,6951331.6065
tieliikenne_2022.2241,2241,POINT (289696.2093 7061588.6396),2022,8,09.00-09.59,1,7,0,0,1,0,0,0,1,289696.2093,7061588.6396
tieliikenne_2022.2242,2242,POINT (349525.3458 6938704.5857),2022,4,15.00-15.59,3,4,1,1,0,0,0,0,0,349525.3458,6938704.5857
tieliikenne_2022.2243,2243,POINT (228976.226 7009525.2279),2022,4,07.00-07.59,2,1,0,1,0,1,0,0,0,228976.226,7009525.2279
tieliikenne_2022.2244,2244,POINT (290838.8749 6968006.3312),2022,5,15.00-15.59,2,0,2,0,0,0,0,0,0,290838.8749,6968006.3312
tieliikenne_2022.2245,2245,POINT (292675.6827 6991218.4569),2022,9,03.00-03.59,2,9,1,0,0,0,0,0,0,292675.6827,6991218.4569
tieliikenne_2022.2246,2246,POINT (310065.1422 7084802.0369),2022,5,15.00-15.59,2,1,1,0,0,1,0,0,0,310065.1422,7084802.0369
tieliikenne_2022.2247,2247,POINT (287640.3811 7067827.2503),2022,5,14.00-14.59,2,6,1,0,1,0,0,0,0,287640.3811,7067827.2503
tieliikenne_2022.2248,2248,POINT (287069.3137 7068116.783),2022,5,17.00-17.59,2,1,1,0,0,0,0,1,0,287069.3137,7068116.783
tieliikenne_2022.2249,2249,POINT (290935.9007 7065783.0751),2022,5,16.00-16.59,2,0,2,0,0,0,0,0,0,290935.9007,7065783.0751
tieliikenne_2022.2250,2250,POINT (210665.1529 6927290.2985),2022,9,19.00-19.59,2,9,1,0,0,0,0,0,0,210665.1529,6927290.2985
tieliikenne_2022.2251,2251,POINT (286144.6159 6958906.1621),2022,9,05.00-05.59,2,9,1,0,0,0,0,0,0,286144.6159,6958906.1621
tieliikenne_2022.2252,2252,POINT (239666.6179 7013610.6226),2022,5,13.00-13.59,2,0,3,0,0,0,0,0,0,239666.6179,7013610.6226
tieliikenne_2022.2253,2253,POINT (216906.9067 7034343.2985),2022,5,01.00-01.59,3,8,1,0,0,0,0,0,0,216906.9067,7034343.2985
tieliikenne_2022.2254,2254,POINT (233019.6185 7011336.3785),2022,5,18.00-18.59,2,1,2,0,0,0,0,0,0,233019.6185,7011336.3785
tieliikenne_2022.2255,2255,POINT (214359.7884 6893344.7891),2022,5,12.00-12.59,2,4,2,0,0,0,0,0,0,214359.7884,6893344.7891
tieliikenne_2022.2256,2256,POINT (229924.1022 7006673.6357),2022,5,04.00-04.59,2,8,0,0,0,1,0,0,0,229924.1022,7006673.6357
tieliikenne_2022.2257,2257,POINT (216324.0264 6983715.693),2022,9,21.00-21.59,2,9,1,0,0,0,0,0,0,216324.0264,6983715.693
tieliikenne_2022.2258,2258,POINT (281940.0243 6949167.9983),2022,5,23.00-23.59,1,2,1,1,0,0,0,0,0,281940.0243,6949167.9983
tieliikenne_2022.2259,2259,POINT (251430.0121 6988744.6816),2022,5,13.00-13.59,2,9,0,0,0,0,0,1,0,251430.0121,6988744.6816
tieliikenne_2022.2260,2260,POINT (310080.9143 7084557.4979),2022,5,16.00-16.59,2,3,1,0,0,0,1,0,0,310080.9143,7084557.4979
tieliikenne_2022.2261,2261,POINT (337319.5298 6991909.3748),2022,9,20.00-20.59,2,9,1,0,0,0,0,0,0,337319.5298,6991909.3748
tieliikenne_2022.2262,2262,POINT (287874.0314 6968683.9015),2022,5,14.00-14.59,2,0,2,0,0,1,0,0,0,287874.0314,6968683.9015
tieliikenne_2022.2263,2263,POINT (289081.0212 7066930.5471),2022,5,15.00-15.59,2,4,2,0,0,1,0,0,0,289081.0212,7066930.5471
tieliikenne_2022.2264,2264,POINT (287756.8118 6966163.5887),2022,5,20.00-20.59,2,8,0,0,0,0,0,1,0,287756.8118,6966163.5887
tieliikenne_2022.2265,2265,POINT (309206.1351 7081935.7843),2022,5,07.00-07.59,3,0,0,0,0,1,1,0,0,309206.1351,7081935.7843
tieliikenne_2022.2266,2266,POINT (228590.3932 7008712.644),2022,5,12.00-12.59,2,5,1,0,0,1,0,0,0,228590.3932,7008712.644
tieliikenne_2022.2267,2267,POINT (359732.6541 6936050.1191),2022,10,02.00-02.59,2,9,0,1,0,0,0,0,0,359732.6541,6936050.1191
tieliikenne_2022.2268,2268,POINT (268344.843 6964960.3045),2022,5,14.00-14.59,2,8,0,0,0,0,0,0,1,268344.843,6964960.3045
tieliikenne_2022.2269,2269,POINT (348904.692 7089348.3173),2022,5,11.00-11.59,2,1,1,0,0,1,0,0,0,348904.692,7089348.3173
tieliikenne_2022.2270,2270,POINT (238192.9094 6998067.4468),2022,5,08.00-08.59,2,1,1,0,0,0,1,0,0,238192.9094,6998067.4468
tieliikenne_2022.2271,2271,POINT (361489 6951066),2022,10,12.00-12.59,1,7,1,0,1,0,0,0,0,361489,6951066
tieliikenne_2022.2272,2272,POINT (288804.5311 6968985.0303),2022,5,14.00-14.59,2,1,1,0,0,1,0,0,0,288804.5311,6968985.0303
tieliikenne_2022.2273,2273,POINT (231379.4469 7008999.1931),2022,5,15.00-15.59,2,9,1,0,0,0,1,0,0,231379.4469,7008999.1931
tieliikenne_2022.2274,2274,POINT (293491.851 7062822.011),2022,5,16.00-16.59,2,9,0,0,0,0,1,0,0,293491.851,7062822.011
tieliikenne_2022.2275,2275,POINT (228421.4882 7007911.7156),2022,6,16.00-16.59,2,1,1,0,0,1,0,0,0,228421.4882,7007911.7156
tieliikenne_2022.2276,2276,POINT (289803.1631 6963331.9219),2022,6,12.00-12.59,1,3,1,0,0,0,0,0,1,289803.1631,6963331.9219
tieliikenne_2022.2277,2277,POINT (307773.3372 7083412.9934),2022,6,15.00-15.59,2,3,1,0,0,1,0,0,0,307773.3372,7083412.9934
tieliikenne_2022.2278,2278,POINT (277869.7178 7051356.5563),2022,6,18.00-18.59,2,9,1,0,1,0,0,0,0,277869.7178,7051356.5563
tieliikenne_2022.2279,2279,POINT (270755.622 7033430.8585),2022,10,13.00-13.59,3,9,1,0,0,0,0,0,0,270755.622,7033430.8585
tieliikenne_2022.2280,2280,POINT (247083.1083 6983314.947),2022,6,03.00-03.59,2,8,1,0,0,0,0,0,0,247083.1083,6983314.947
tieliikenne_2022.2281,2281,POINT (207647.0244 6975564.8375),2022,6,09.00-09.59,2,8,1,0,0,0,0,0,0,207647.0244,6975564.8375
tieliikenne_2022.2282,2282,POINT (287464.268 6969669.9853),2022,6,13.00-13.59,2,5,1,0,0,1,0,0,0,287464.268,6969669.9853
tieliikenne_2022.2283,2283,POINT (228465.3712 7013050.0372),2022,11,12.00-12.59,2,8,1,0,0,0,0,0,0,228465.3712,7013050.0372
tieliikenne_2022.2284,2284,POINT (321341.5739 6965966.6331),2022,6,23.00-23.59,2,0,0,0,0,0,2,0,0,321341.5739,6965966.6331
tieliikenne_2022.2285,2285,POINT (325204.3747 6948895.4357),2022,6,15.00-15.59,2,8,1,0,0,0,0,0,0,325204.3747,6948895.4357
tieliikenne_2022.2286,2286,POINT (288412.5108 7068289.5937),2022,6,17.00-17.59,3,1,1,0,0,0,0,1,0,288412.5108,7068289.5937
tieliikenne_2022.2287,2287,POINT (328180.2467 7033747.0127),2022,6,17.00-17.59,1,8,1,0,0,0,0,0,0,328180.2467,7033747.0127
tieliikenne_2022.2288,2288,POINT (248764.2003 6992631.5878),2022,6,15.00-15.59,2,4,1,0,0,0,0,1,0,248764.2003,6992631.5878
tieliikenne_2022.2289,2289,POINT (339986.3858 6945519.7426),2022,6,14.00-14.59,1,4,1,0,0,0,0,0,1,339986.3858,6945519.7426
tieliikenne_2022.2290,2290,POINT (309169.5674 7086121.2743),2022,6,07.00-07.59,2,1,1,0,0,0,1,0,0,309169.5674,7086121.2743
tieliikenne_2022.2291,2291,POINT (225207.3882 6993106.6765),2022,6,07.00-07.59,2,0,1,0,0,1,0,0,0,225207.3882,6993106.6765
tieliikenne_2022.2292,2292,POINT (226099.4429 7011978.9554),2022,6,13.00-13.59,2,4,0,0,0,2,0,0,0,226099.4429,7011978.9554
tieliikenne_2022.2293,2293,POINT (277214.3626 7046698.7416),2022,6,03.00-03.59,2,8,1,0,0,0,0,0,0,277214.3626,7046698.7416
tieliikenne_2022.2294,2294,POINT (212133.5468 6922072.0585),2022,12,08.00-08.59,2,9,1,0,0,0,0,0,0,212133.5468,6922072.0585
tieliikenne_2022.2295,2295,POINT (296660.7375 7062426.9428),2022,6,17.00-17.59,2,4,1,0,0,0,1,0,0,296660.7375,7062426.9428
tieliikenne_2022.2296,2296,POINT (288728.9153 6967977.609),2022,6,17.00-17.59,2,8,1,0,0,0,0,0,0,288728.9153,6967977.609
tieliikenne_2022.2297,2297,POINT (239654.1755 7013608.9317),2022,6,15.00-15.59,2,1,2,0,0,0,0,0,0,239654.1755,7013608.9317
tieliikenne_2022.2298,2298,POINT (259496.4705 6946922.1426),2022,6,21.00-21.59,2,3,1,0,0,0,0,1,0,259496.4705,6946922.1426
tieliikenne_2022.2299,2299,POINT (270728.5479 6936131.0514),2022,12,23.00-23.59,2,9,1,0,0,0,0,0,0,270728.5479,6936131.0514
tieliikenne_2022.2300,2300,POINT (286962.6824 6968222.0471),2022,6,20.00-20.59,3,7,0,0,1,1,0,0,0,286962.6824,6968222.0471
tieliikenne_2022.2301,2301,POINT (323617.1993 6951271.4493),2022,6,03.00-03.59,2,8,1,0,0,0,0,0,0,323617.1993,6951271.4493
tieliikenne_2022.2302,2302,POINT (294133.8276 6976259.8929),2022,6,15.00-15.59,2,2,3,1,0,0,0,0,0,294133.8276,6976259.8929
tieliikenne_2022.2303,2303,POINT (340664.8741 7042763.9263),2022,6,12.00-12.59,2,1,1,0,0,0,0,1,0,340664.8741,7042763.9263
tieliikenne_2022.2304,2304,POINT (366290.265 6938894.1914),2022,6,15.00-15.59,2,8,1,0,0,0,0,0,0,366290.265,6938894.1914
tieliikenne_2022.2305,2305,POINT (223792.5313 6999696.2175),2022,6,17.00-17.59,2,4,1,0,0,1,0,0,0,223792.5313,6999696.2175
tieliikenne_2022.2306,2306,POINT (288581.8884 6968413.7002),2022,6,18.00-18.59,2,0,1,0,0,0,0,0,1,288581.8884,6968413.7002
tieliikenne_2022.2307,2307,POINT (234657.6787 6991706.4899),2022,7,17.00-17.59,3,2,2,0,0,0,0,0,0,234657.6787,6991706.4899
tieliikenne_2022.2308,2308,POINT (240703.5334 6937917.2244),2022,7,15.00-15.59,3,0,2,0,0,0,0,0,0,240703.5334,6937917.2244
tieliikenne_2022.2309,2309,POINT (286485.453 6968404.384),2022,7,12.00-12.59,2,2,0,0,0,2,0,0,0,286485.453,6968404.384
tieliikenne_2022.2310,2310,POINT (309194.6624 7083981.515),2022,7,15.00-15.59,2,0,2,0,0,0,0,0,0,309194.6624,7083981.515
tieliikenne_2022.2311,2311,POINT (309250.0698 7085757.3128),2022,7,22.00-22.59,2,4,1,0,0,1,0,0,0,309250.0698,7085757.3128
tieliikenne_2022.2312,2312,POINT (310845.5182 7083847.8438),2022,7,12.00-12.59,1,3,1,0,0,0,0,1,0,310845.5182,7083847.8438
tieliikenne_2022.2313,2313,POINT (260783.3954 7019796.5124),2022,7,11.00-11.59,2,1,2,0,0,0,0,0,0,260783.3954,7019796.5124
tieliikenne_2022.2314,2314,POINT (228145.6567 7011434.4978),2022,7,16.00-16.59,2,4,1,0,0,0,1,0,0,228145.6567,7011434.4978
tieliikenne_2022.2315,2315,POINT (286669.4859 7067854.048),2022,7,16.00-16.59,2,4,1,0,0,1,0,0,0,286669.4859,7067854.048
tieliikenne_2022.2316,2316,POINT (337811.5772 6989546.7128),2022,7,14.00-14.59,2,1,2,0,0,0,0,0,0,337811.5772,6989546.7128
tieliikenne_2022.2317,2317,POINT (364055.8106 7077436.8007),2022,7,04.00-04.59,2,8,1,0,0,0,0,0,0,364055.8106,7077436.8007
tieliikenne_2022.2318,2318,POINT (232376.0363 6941816.0215),2022,7,20.00-20.59,2,4,1,0,0,0,0,1,0,232376.0363,6941816.0215
tieliikenne_2022.2319,2319,POINT (232244.0774 6979910.5868),2022,7,16.00-16.59,1,7,1,0,1,0,0,0,0,232244.0774,6979910.5868
tieliikenne_2022.2320,2320,POINT (208396.9887 6940802.8522),2022,7,01.00-01.59,2,9,1,0,0,0,0,0,0,208396.9887,6940802.8522
tieliikenne_2022.2321,2321,POINT (289528.9378 6966324.4591),2022,7,17.00-17.59,2,4,0,0,0,1,0,0,1,289528.9378,6966324.4591
tieliikenne_2022.2322,2322,POINT (206146.5177 6941207.1712),2022,7,06.00-06.59,2,0,1,0,0,0,1,0,0,206146.5177,6941207.1712
tieliikenne_2022.2323,2323,POINT (226518.2664 7006929.2771),2022,7,14.00-14.59,2,0,1,0,0,0,0,1,0,226518.2664,7006929.2771
tieliikenne_2022.2324,2324,POINT (272564.7438 6985922.0653),2022,7,14.00-14.59,2,5,2,0,0,0,0,0,0,272564.7438,6985922.0653
tieliikenne_2022.2325,2325,POINT (299205.6451 6988336.4757),2022,7,02.00-02.59,2,8,0,0,0,0,0,0,1,299205.6451,6988336.4757
tieliikenne_2022.2326,2326,POINT (372353.8414 7068977.2242),2022,7,02.00-02.59,2,8,1,0,0,0,0,0,0,372353.8414,7068977.2242
tieliikenne_2022.2327,2327,POINT (308326.3957 7085631.391),2022,7,13.00-13.59,2,4,2,0,0,0,0,0,0,308326.3957,7085631.391
tieliikenne_2022.2328,2328,POINT (252206.4662 6923401.6008),2022,7,15.00-15.59,3,2,1,0,0,0,1,0,0,252206.4662,6923401.6008
tieliikenne_2022.2329,2329,POINT (343500.4637 7069606.5564),2022,7,10.00-10.59,2,8,1,0,0,0,0,0,0,343500.4637,7069606.5564
tieliikenne_2022.2330,2330,POINT (208534.1742 6917371.0947),2022,7,09.00-09.59,2,4,1,0,0,1,0,0,0,208534.1742,6917371.0947
tieliikenne_2022.2331,2331,POINT (286733.5246 6957792.0708),2022,7,23.00-23.59,2,2,0,0,0,0,2,0,0,286733.5246,6957792.0708
tieliikenne_2022.2332,2332,POINT (254005.189 6933901.9499),2022,7,15.00-15.59,2,4,1,0,0,1,0,0,0,254005.189,6933901.9499
tieliikenne_2022.2333,2333,POINT (265967.4132 6906398.9917),2022,7,19.00-19.59,2,8,1,0,0,0,0,0,0,265967.4132,6906398.9917
tieliikenne_2022.2334,2334,POINT (290589.4431 7016515.8132),2022,7,21.00-21.59,2,8,1,0,0,0,0,0,0,290589.4431,7016515.8132
tieliikenne_2022.2335,2335,POINT (289809.9176 6968731.5953),2022,7,13.00-13.59,2,2,1,0,0,0,0,1,0,289809.9176,6968731.5953
tieliikenne_2022.2336,2336,POINT (233168.4224 7006705.6226),2022,7,19.00-19.59,2,3,1,0,0,1,0,0,0,233168.4224,7006705.6226
tieliikenne_2022.2337,2337,POINT (354874.3045 6971178.266),2022,8,14.00-14.59,2,8,1,0,0,0,0,0,0,354874.3045,6971178.266
tieliikenne_2022.2338,2338,POINT (233847.6732 7006174.826),2022,8,11.00-11.59,2,1,0,0,0,1,1,0,0,233847.6732,7006174.826
tieliikenne_2022.2339,2339,POINT (231700.7636 7005077.0081),2022,8,11.00-11.59,2,4,3,0,0,0,0,0,0,231700.7636,7005077.0081
tieliikenne_2022.2340,2340,POINT (229291.2345 7008013.012),2022,8,18.00-18.59,2,0,1,0,0,0,1,0,0,229291.2345,7008013.012
tieliikenne_2022.2341,2341,POINT (308448.2669 7085522.4282),2022,8,14.00-14.59,3,2,1,0,0,1,0,0,0,308448.2669,7085522.4282
tieliikenne_2022.2342,2342,POINT (223653.0147 6999328.9127),2022,8,18.00-18.59,2,8,0,0,0,0,0,1,0,223653.0147,6999328.9127
tieliikenne_2022.2343,2343,POINT (219326.3531 6993733.3023),2022,8,21.00-21.59,2,8,0,0,0,0,0,1,0,219326.3531,6993733.3023
tieliikenne_2022.2344,2344,POINT (326388.639 6944733.616),2022,8,13.00-13.59,2,1,1,0,0,0,1,0,0,326388.639,6944733.616
tieliikenne_2022.2345,2345,POINT (217258.7814 6955620.1231),2022,8,15.00-15.59,2,1,2,1,1,0,0,0,0,217258.7814,6955620.1231
tieliikenne_2022.2346,2346,POINT (283120.4757 7006635.7854),2022,8,15.00-15.59,3,5,0,1,0,0,1,0,0,283120.4757,7006635.7854
tieliikenne_2022.2347,2347,POINT (287607.3783 7068056.8933),2022,8,17.00-17.59,2,9,1,0,0,0,1,0,0,287607.3783,7068056.8933
tieliikenne_2022.2348,2348,POINT (334900.805 7102920.4512),2022,8,08.00-08.59,2,8,0,0,0,0,0,0,1,334900.805,7102920.4512
tieliikenne_2022.2349,2349,POINT (322723.1357 7060614.7019),2022,8,05.00-05.59,2,8,1,0,0,0,0,0,0,322723.1357,7060614.7019
tieliikenne_2022.2350,2350,POINT (256350.4381 6935945.7539),2022,8,14.00-14.59,2,2,2,0,0,0,0,0,0,256350.4381,6935945.7539
tieliikenne_2022.2351,2351,POINT (294120.968 6949396.8975),2022,8,14.00-14.59,2,8,1,0,0,0,0,0,0,294120.968,6949396.8975
tieliikenne_2022.2352,2352,POINT (325345.576 7095788.5654),2022,8,16.00-16.59,2,1,2,0,0,0,0,0,0,325345.576,7095788.5654
tieliikenne_2022.2353,2353,POINT (291263.1822 6968987.9422),2022,8,12.00-12.59,2,2,1,0,0,1,0,0,0,291263.1822,6968987.9422
tieliikenne_2022.2354,2354,POINT (243126.6628 6960537.6748),2022,8,14.00-14.59,2,7,1,0,1,0,0,0,0,243126.6628,6960537.6748
tieliikenne_2022.2355,2355,POINT (366062.1024 7042853.8062),2022,8,18.00-18.59,1,2,2,0,0,0,0,0,0,366062.1024,7042853.8062
tieliikenne_2022.2356,2356,POINT (251998.7727 7016740.1896),2022,8,12.00-12.59,2,0,1,1,0,0,0,0,0,251998.7727,7016740.1896
tieliikenne_2022.2357,2357,POINT (230262.1289 7005764.777),2022,8,07.00-07.59,2,4,1,0,0,1,0,0,0,230262.1289,7005764.777
tieliikenne_2022.2358,2358,POINT (252577.233 6931575.6868),2022,8,11.00-11.59,2,1,1,0,0,1,0,0,0,252577.233,6931575.6868
tieliikenne_2022.2359,2359,POINT (237977.9161 6998204.1938),2022,8,11.00-11.59,1,2,1,1,0,0,0,0,0,237977.9161,6998204.1938
tieliikenne_2022.2360,2360,POINT (300410.8291 6994073.5798),2022,8,14.00-14.59,2,8,0,0,0,0,0,1,0,300410.8291,6994073.5798
tieliikenne_2022.2361,2361,POINT (228347.8209 7007360.498),2022,8,08.00-08.59,2,4,1,0,0,1,0,0,0,228347.8209,7007360.498
tieliikenne_2022.2362,2362,POINT (227844.6875 7007749.1725),2022,8,09.00-09.59,2,4,2,0,1,0,0,0,0,227844.6875,7007749.1725
tieliikenne_2022.2363,2363,POINT (262840.8584 6994667.3397),2022,8,23.00-23.59,2,8,1,0,0,0,0,0,0,262840.8584,6994667.3397
tieliikenne_2022.2364,2364,POINT (288634.3196 6964160.0278),2022,9,07.00-07.59,2,4,1,0,0,1,0,0,0,288634.3196,6964160.0278
tieliikenne_2022.2365,2365,POINT (278098.8612 7051768.4367),2022,9,21.00-21.59,3,4,1,0,0,0,1,0,0,278098.8612,7051768.4367
tieliikenne_2022.2366,2366,POINT (328221.1568 6999284.5354),2022,9,17.00-17.59,2,0,1,0,0,0,0,0,1,328221.1568,6999284.5354
tieliikenne_2022.2367,2367,POINT (214511.3773 6898273.9044),2022,9,14.00-14.59,1,2,1,1,0,0,0,0,0,214511.3773,6898273.9044
tieliikenne_2022.2368,2368,POINT (225236.3221 6966227.3808),2022,9,03.00-03.59,1,8,0,1,0,0,0,0,0,225236.3221,6966227.3808
tieliikenne_2022.2369,2369,POINT (300568.9022 7002995.9544),2022,9,22.00-22.59,2,7,1,0,1,0,0,0,0,300568.9022,7002995.9544
tieliikenne_2022.2370,2370,POINT (309317.115 7084190.188),2022,9,17.00-17.59,2,0,1,0,0,0,1,0,0,309317.115,7084190.188
tieliikenne_2022.2371,2371,POINT (309378.4169 7085010.9764),2022,9,15.00-15.59,2,4,1,0,0,1,0,0,0,309378.4169,7085010.9764
tieliikenne_2022.2372,2372,POINT (208338.7785 6940228.0924),2022,9,16.00-16.59,2,4,1,0,0,1,0,0,0,208338.7785,6940228.0924
tieliikenne_2022.2373,2373,POINT (211112.1165 6925021.9115),2022,9,17.00-17.59,2,0,1,0,0,0,0,0,1,211112.1165,6925021.9115
tieliikenne_2022.2374,2374,POINT (266354.4025 6959240.8707),2022,9,13.00-13.59,2,5,1,0,0,0,0,1,0,266354.4025,6959240.8707
tieliikenne_2022.2375,2375,POINT (289977.2072 7067886.435),2022,9,09.00-09.59,2,4,1,0,0,1,0,0,0,289977.2072,7067886.435
tieliikenne_2022.2376,2376,POINT (370870.4129 6940107.1502),2022,9,09.00-09.59,2,8,1,0,0,0,0,0,0,370870.4129,6940107.1502
tieliikenne_2022.2377,2377,POINT (272649.4814 6986906.7242),2022,9,15.00-15.59,2,1,0,1,0,0,0,1,0,272649.4814,6986906.7242
tieliikenne_2022.2378,2378,POINT (287450.652 6969647.8432),2022,9,21.00-21.59,2,1,1,0,0,1,0,0,0,287450.652,6969647.8432
tieliikenne_2022.2379,2379,POINT (310475.1097 7083897.8401),2022,9,15.00-15.59,2,5,1,0,0,0,1,0,0,310475.1097,7083897.8401
tieliikenne_2022.2380,2380,POINT (287429.5061 7067762.811),2022,9,15.00-15.59,2,4,1,0,0,0,1,0,0,287429.5061,7067762.811
tieliikenne_2022.2381,2381,POINT (322796.9075 7030894.2419),2022,9,18.00-18.59,2,9,0,0,0,0,0,0,1,322796.9075,7030894.2419
tieliikenne_2022.2382,2382,POINT (286240.9583 6969671.6044),2022,9,08.00-08.59,2,4,1,0,0,0,1,0,0,286240.9583,6969671.6044
tieliikenne_2022.2383,2383,POINT (290331.9532 6969005.8486),2022,9,16.00-16.59,2,5,1,0,0,0,0,1,0,290331.9532,6969005.8486
tieliikenne_2022.2384,2384,POINT (277438.1166 6941054.371),2022,9,06.00-06.59,2,0,0,0,0,0,1,1,0,277438.1166,6941054.371
tieliikenne_2022.2385,2385,POINT (230332.9313 7006801.981),2022,9,14.00-14.59,2,0,2,0,0,0,0,0,0,230332.9313,7006801.981
tieliikenne_2022.2386,2386,POINT (318282.5516 7069837.2525),2022,9,16.00-16.59,2,1,1,0,0,0,0,1,0,318282.5516,7069837.2525
tieliikenne_2022.2387,2387,POINT (232514.2391 7004598.5817),2022,9,16.00-16.59,2,5,1,0,0,1,0,0,0,232514.2391,7004598.5817
tieliikenne_2022.2388,2388,POINT (328745.8484 7066814.2387),2022,9,15.00-15.59,3,8,0,0,0,0,0,1,0,328745.8484,7066814.2387
tieliikenne_2022.2389,2389,POINT (309506.3329 7084382.3161),2022,9,00.00-00.59,2,3,1,0,0,0,0,0,1,309506.3329,7084382.3161
tieliikenne_2022.2390,2390,POINT (208942.0397 6917256.207),2022,9,20.00-20.59,2,1,1,0,0,0,0,1,0,208942.0397,6917256.207
tieliikenne_2022.2391,2391,POINT (310621.0284 7084458.6539),2022,9,07.00-07.59,2,4,1,0,0,1,0,0,0,310621.0284,7084458.6539
tieliikenne_2022.2392,2392,POINT (288416.5479 7068275.8087),2022,10,14.00-14.59,2,4,1,0,0,1,0,0,0,288416.5479,7068275.8087
tieliikenne_2022.2393,2393,POINT (349679.9334 7065464.0787),2022,10,15.00-15.59,1,9,1,0,1,0,0,0,0,349679.9334,7065464.0787
tieliikenne_2022.2394,2394,POINT (208898.4848 6917268.0407),2022,10,15.00-15.59,3,4,1,0,0,1,0,0,0,208898.4848,6917268.0407
tieliikenne_2022.2395,2395,POINT (228796.2164 7009980.855),2022,10,16.00-16.59,2,5,1,0,0,0,1,0,0,228796.2164,7009980.855
tieliikenne_2022.2396,2396,POINT (310388.2901 7084540.9231),2022,10,15.00-15.59,2,6,1,0,2,0,0,0,0,310388.2901,7084540.9231
tieliikenne_2022.2397,2397,POINT (229749.4772 7008360.7631),2022,10,16.00-16.59,2,4,1,0,0,1,0,0,0,229749.4772,7008360.7631
tieliikenne_2022.2398,2398,POINT (286239.0478 6969418.009),2022,10,00.00-00.59,2,4,2,0,0,0,0,0,0,286239.0478,6969418.009
tieliikenne_2022.2399,2399,POINT (233110.4 7011668.1493),2022,10,15.00-15.59,2,0,3,0,0,0,0,0,0,233110.4,7011668.1493
tieliikenne_2022.2400,2400,POINT (226151.5932 6920058.9518),2022,10,00.00-00.59,2,8,0,0,0,0,0,0,1,226151.5932,6920058.9518
tieliikenne_2022.2401,2401,POINT (326993.363 7011212.0816),2022,10,13.00-13.59,2,8,1,0,0,0,0,0,0,326993.363,7011212.0816
tieliikenne_2022.2402,2402,POINT (326019.2407 6986626.6536),2022,10,19.00-19.59,3,8,0,0,0,0,0,0,1,326019.2407,6986626.6536
tieliikenne_2022.2403,2403,POINT (288454.1017 7064835.2777),2022,10,18.00-18.59,3,0,1,0,0,0,0,0,1,288454.1017,7064835.2777
tieliikenne_2022.2404,2404,POINT (339444.2598 7036430.0467),2022,11,15.00-15.59,2,1,2,0,0,0,0,0,0,339444.2598,7036430.0467
tieliikenne_2022.2405,2405,POINT (228493.1396 7008127.1784),2022,11,08.00-08.59,2,3,0,1,0,1,0,0,0,228493.1396,7008127.1784
tieliikenne_2022.2406,2406,POINT (247633.5582 6993331.8675),2022,11,14.00-14.59,2,4,1,0,0,0,1,0,0,247633.5582,6993331.8675
tieliikenne_2022.2407,2407,POINT (333516.3564 7016778.2555),2022,11,04.00-04.59,2,8,0,1,0,0,0,0,0,333516.3564,7016778.2555
tieliikenne_2022.2408,2408,POINT (287330.3273 7068041.0367),2022,11,15.00-15.59,2,1,3,0,0,0,0,0,0,287330.3273,7068041.0367
tieliikenne_2022.2409,2409,POINT (248484.7997 7002752.4399),2022,11,17.00-17.59,2,8,1,0,0,0,0,0,0,248484.7997,7002752.4399
tieliikenne_2022.2410,2410,POINT (296258.9992 6988575.9996),2022,11,17.00-17.59,2,3,1,0,0,0,1,0,0,296258.9992,6988575.9996
tieliikenne_2022.2411,2411,POINT (312783.6444 7085758.3434),2022,11,20.00-20.59,2,7,1,0,1,0,0,0,0,312783.6444,7085758.3434
tieliikenne_2022.2412,2412,POINT (253110.1642 7000694.7853),2022,11,08.00-08.59,1,6,1,0,1,0,0,0,0,253110.1642,7000694.7853
tieliikenne_2022.2413,2413,POINT (312619.9421 7086223.5973),2022,11,07.00-07.59,2,2,2,0,0,0,0,0,0,312619.9421,7086223.5973
tieliikenne_2022.2414,2414,POINT (288605.2908 6967698.9026),2022,11,14.00-14.59,2,6,1,0,1,0,0,0,0,288605.2908,6967698.9026
tieliikenne_2022.2415,2415,POINT (241977.7961 6995929.6214),2022,11,16.00-16.59,2,4,0,1,0,0,0,0,1,241977.7961,6995929.6214
tieliikenne_2022.2416,2416,POINT (288560.045 6969939.547),2022,11,16.00-16.59,2,4,1,0,0,1,0,0,0,288560.045,6969939.547
tieliikenne_2022.2417,2417,POINT (296230.536 6945143.3787),2022,11,17.00-17.59,2,0,3,0,0,0,0,0,0,296230.536,6945143.3787
tieliikenne_2022.2418,2418,POINT (207976.4799 6940006.6032),2022,11,21.00-21.59,3,1,1,0,0,1,0,0,0,207976.4799,6940006.6032
tieliikenne_2022.2419,2419,POINT (310354.41 7084410.0497),2022,11,10.00-10.59,2,4,1,0,0,1,0,0,0,310354.41,7084410.0497
tieliikenne_2022.2420,2420,POINT (302753.3682 7059534.7454),2022,11,15.00-15.59,2,7,1,0,1,0,0,0,0,302753.3682,7059534.7454
tieliikenne_2022.2421,2421,POINT (259626.1989 7018853.253),2022,11,14.00-14.59,2,5,2,1,0,0,0,0,0,259626.1989,7018853.253
tieliikenne_2022.2422,2422,POINT (228917.4309 7008075.8676),2022,11,13.00-13.59,2,5,1,0,0,1,0,0,0,228917.4309,7008075.8676
tieliikenne_2022.2423,2423,POINT (263059.8905 6993946.0118),2022,11,08.00-08.59,2,5,1,0,0,1,0,0,0,263059.8905,6993946.0118
tieliikenne_2022.2424,2424,POINT (226410.6736 7007061.904),2022,11,12.00-12.59,2,8,0,0,0,0,0,0,1,226410.6736,7007061.904
tieliikenne_2022.2425,2425,POINT (269560.7671 6959281.424),2022,11,02.00-02.59,2,8,1,0,0,0,0,0,0,269560.7671,6959281.424
tieliikenne_2022.2426,2426,POINT (299608.718 6963680.497),2022,12,14.00-14.59,2,5,2,0,0,0,0,0,0,299608.718,6963680.497
tieliikenne_2022.2427,2427,POINT (288939.2756 6962932.0662),2022,12,04.00-04.59,2,9,3,0,0,0,0,0,0,288939.2756,6962932.0662
tieliikenne_2022.2428,2428,POINT (264692.3504 6949108.6468),2022,12,16.00-16.59,2,1,2,0,0,0,0,0,0,264692.3504,6949108.6468
tieliikenne_2022.2429,2429,POINT (323197.2749 7030577.3481),2022,12,15.00-15.59,2,4,2,0,0,0,0,0,0,323197.2749,7030577.3481
tieliikenne_2022.2430,2430,POINT (256575.1305 6936206.3341),2022,12,16.00-16.59,2,8,1,0,0,0,0,0,0,256575.1305,6936206.3341
tieliikenne_2022.2431,2431,POINT (340222.9592 6946448.7408),2022,12,15.00-15.59,2,0,2,0,0,0,0,0,0,340222.9592,6946448.7408
tieliikenne_2022.2432,2432,POINT (257045.7596 6995553.9189),2022,12,01.00-01.59,2,8,1,0,0,0,0,0,0,257045.7596,6995553.9189
tieliikenne_2022.2433,2433,POINT (291477.411 7081760.4982),2022,12,21.00-21.59,2,2,2,0,0,0,0,0,0,291477.411,7081760.4982
tieliikenne_2022.2434,2434,POINT (223655.7604 6991604.1791),2022,12,04.00-04.59,3,8,1,0,0,0,0,0,0,223655.7604,6991604.1791
tieliikenne_2022.2435,2435,POINT (213033.8958 6915694.8278),2022,12,09.00-09.59,2,3,3,0,0,0,0,0,0,213033.8958,6915694.8278
tieliikenne_2022.2436,2436,POINT (344841.6442 6965293.2356),2022,12,17.00-17.59,2,8,0,1,0,0,0,0,0,344841.6442,6965293.2356
tieliikenne_2022.2437,2437,POINT (269555.6873 6926850.8108),2022,12,16.00-16.59,3,7,1,0,1,0,0,0,0,269555.6873,6926850.8108
tieliikenne_2022.2438,2438,POINT (244244.9404 7013970.361),2022,12,15.00-15.59,2,0,2,0,0,0,0,0,0,244244.9404,7013970.361
tieliikenne_2022.2439,2439,POINT (290021.3286 6968897.6606),2022,12,17.00-17.59,2,1,2,0,0,0,0,0,0,290021.3286,6968897.6606
tieliikenne_2022.2440,2440,POINT (245500.1064 7002772.8519),2022,12,20.00-20.59,2,8,1,0,0,0,0,0,0,245500.1064,7002772.8519
tieliikenne_2022.2441,2441,POINT (227043.487 6994562.636),2022,12,23.00-23.59,2,8,1,0,0,0,0,0,0,227043.487,6994562.636
tieliikenne_2022.2442,2442,POINT (300187.1327 6961219.4715),2022,12,12.00-12.59,2,0,1,0,0,1,0,0,0,300187.1327,6961219.4715
tieliikenne_2022.2443,2443,POINT (356350.4872 7064373.5827),2022,12,16.00-16.59,2,2,3,0,0,0,0,0,1,356350.4872,7064373.5827
tieliikenne_2022.2444,2444,POINT (305191.857 7019119.5125),2022,12,14.00-14.59,2,0,2,0,0,0,0,0,0,305191.857,7019119.5125
tieliikenne_2022.2445,2445,POINT (290376.7417 7062989.8096),2022,12,04.00-04.59,2,8,1,0,0,0,0,0,0,290376.7417,7062989.8096
tieliikenne_2022.2446,2446,POINT (323217.0306 7030584.8585),2022,12,15.00-15.59,2,1,2,0,0,0,0,0,0,323217.0306,7030584.8585
tieliikenne_2022.2447,2447,POINT (533352.8087 6974543.5358),2022,1,08.00-08.59,2,0,2,0,0,0,0,0,0,533352.8087,6974543.5358
tieliikenne_2022.2448,2448,POINT (545299.6906 6909390.6633),2022,1,13.00-13.59,2,4,2,0,0,0,0,0,0,545299.6906,6909390.6633
tieliikenne_2022.2449,2449,POINT (642337.6608 6946303.6105),2022,1,11.00-11.59,2,3,2,0,0,0,0,0,0,642337.6608,6946303.6105
tieliikenne_2022.2450,2450,POINT (651568.7883 6932286.3899),2022,1,14.00-14.59,2,3,2,0,0,0,0,0,0,651568.7883,6932286.3899
tieliikenne_2022.2451,2451,POINT (534501.4085 6974538.3689),2022,1,06.00-06.59,2,4,1,0,0,1,0,0,0,534501.4085,6974538.3689
tieliikenne_2022.2452,2452,POINT (647249.4046 6957229.3753),2022,1,10.00-10.59,2,9,2,0,0,0,0,0,0,647249.4046,6957229.3753
tieliikenne_2022.2453,2453,POINT (643455.1959 6945386.8133),2022,1,17.00-17.59,2,0,2,0,0,0,0,0,0,643455.1959,6945386.8133
tieliikenne_2022.2454,2454,POINT (512733.6206 7047429.0489),2022,1,17.00-17.59,2,8,1,0,0,0,0,0,0,512733.6206,7047429.0489
tieliikenne_2022.2455,2455,POINT (493612.9312 6809217.8324),2022,1,12.00-12.59,2,4,1,0,0,0,0,0,1,493612.9312,6809217.8324
tieliikenne_2022.2456,2456,POINT (644605.0139 6967538.3187),2022,1,15.00-15.59,2,5,3,0,0,0,0,0,0,644605.0139,6967538.3187
tieliikenne_2022.2457,2457,POINT (511935.7463 6838502.2448),2022,1,07.00-07.59,2,0,1,1,0,0,0,0,0,511935.7463,6838502.2448
tieliikenne_2022.2458,2458,POINT (618720.2119 7019509.815),2022,1,12.00-12.59,1,2,2,0,0,0,0,0,0,618720.2119,7019509.815
tieliikenne_2022.2459,2459,POINT (633706.1995 6947058.6979),2022,1,14.00-14.59,2,4,1,1,0,0,0,0,0,633706.1995,6947058.6979
tieliikenne_2022.2460,2460,POINT (641912.7724 6907603.0212),2022,2,19.00-19.59,2,9,1,0,0,0,0,0,0,641912.7724,6907603.0212
tieliikenne_2022.2461,2461,POINT (495457.9903 6811302.6058),2022,1,12.00-12.59,2,8,1,0,0,0,0,0,0,495457.9903,6811302.6058
tieliikenne_2022.2462,2462,POINT (465122.3138 6891418.2909),2022,1,15.00-15.59,2,0,2,0,0,0,0,0,0,465122.3138,6891418.2909
tieliikenne_2022.2463,2463,POINT (530991.8617 6967942.2393),2022,1,17.00-17.59,2,4,1,1,0,0,0,0,0,530991.8617,6967942.2393
tieliikenne_2022.2464,2464,POINT (487868.0178 6837518.8517),2022,1,17.00-17.59,2,2,2,0,0,0,0,0,0,487868.0178,6837518.8517
tieliikenne_2022.2465,2465,POINT (532454.8205 6972868.7458),2022,1,14.00-14.59,2,5,2,0,0,0,0,0,0,532454.8205,6972868.7458
tieliikenne_2022.2466,2466,POINT (534515.3199 6972972.9498),2022,1,15.00-15.59,2,0,2,0,0,0,0,0,0,534515.3199,6972972.9498
tieliikenne_2022.2467,2467,POINT (621992.3068 6947007.2224),2022,1,08.00-08.59,2,0,1,1,0,0,0,0,0,621992.3068,6947007.2224
tieliikenne_2022.2468,2468,POINT (606133.8238 6953802.6142),2022,1,13.00-13.59,2,1,0,2,0,0,0,0,0,606133.8238,6953802.6142
tieliikenne_2022.2469,2469,POINT (620655.6969 6972047.3421),2022,1,08.00-08.59,3,4,1,0,0,0,0,0,1,620655.6969,6972047.3421
tieliikenne_2022.2470,2470,POINT (470123.1612 6887875.7892),2022,3,18.00-18.59,1,9,2,0,0,0,0,0,0,470123.1612,6887875.7892
tieliikenne_2022.2471,2471,POINT (509665.4232 7047519.4952),2022,1,08.00-08.59,2,0,2,0,0,0,0,0,0,509665.4232,7047519.4952
tieliikenne_2022.2472,2472,POINT (510283.7503 6903449.1529),2022,1,11.00-11.59,2,1,1,1,0,0,0,0,0,510283.7503,6903449.1529
tieliikenne_2022.2473,2473,POINT (542271.3043 6863154.6069),2022,1,11.00-11.59,2,0,2,0,0,0,0,0,0,542271.3043,6863154.6069
tieliikenne_2022.2474,2474,POINT (644505.2482 6862785.1939),2022,1,14.00-14.59,2,8,1,0,0,0,0,0,0,644505.2482,6862785.1939
tieliikenne_2022.2475,2475,POINT (637497.1794 6947546.8608),2022,1,23.00-23.59,2,8,1,0,0,0,0,0,0,637497.1794,6947546.8608
tieliikenne_2022.2476,2476,POINT (516164.6124 6842199.3702),2022,2,15.00-15.59,2,4,1,0,0,1,0,0,0,516164.6124,6842199.3702
tieliikenne_2022.2477,2477,POINT (501756.949 7052865.4438),2022,2,12.00-12.59,2,0,3,0,0,0,0,0,0,501756.949,7052865.4438
tieliikenne_2022.2478,2478,POINT (474456.0006 6814734.4809),2022,2,14.00-14.59,2,5,2,0,0,0,0,0,0,474456.0006,6814734.4809
tieliikenne_2022.2479,2479,POINT (671026.1063 6901976.8667),2022,2,15.00-15.59,2,5,2,0,0,0,0,0,0,671026.1063,6901976.8667
tieliikenne_2022.2480,2480,POINT (540674.2416 6929627.4569),2022,2,21.00-21.59,2,4,2,0,0,0,0,0,0,540674.2416,6929627.4569
tieliikenne_2022.2481,2481,POINT (663522.153 6889191.04),2022,2,14.00-14.59,2,5,2,0,0,0,0,0,0,663522.153,6889191.04
tieliikenne_2022.2482,2482,POINT (531982.6689 6935660.3515),2022,2,13.00-13.59,2,5,2,0,0,0,0,0,0,531982.6689,6935660.3515
tieliikenne_2022.2483,2483,POINT (512028.869 7046167.9044),2022,2,14.00-14.59,2,4,2,0,0,0,0,0,0,512028.869,7046167.9044
tieliikenne_2022.2484,2484,POINT (632252.3961 6951653.1896),2022,2,11.00-11.59,2,9,1,0,0,0,0,0,1,632252.3961,6951653.1896
tieliikenne_2022.2485,2485,POINT (532635.0384 6997635.5557),2022,2,07.00-07.59,2,1,2,0,0,0,0,0,0,532635.0384,6997635.5557
tieliikenne_2022.2486,2486,POINT (510911.9765 7046457.044),2022,2,11.00-11.59,2,5,2,0,0,0,0,0,0,510911.9765,7046457.044
tieliikenne_2022.2487,2487,POINT (605826.099 6876742.486),2022,2,21.00-21.59,2,8,0,1,0,0,0,0,0,605826.099,6876742.486
tieliikenne_2022.2488,2488,POINT (561614.5301 6769038.3349),2022,2,21.00-21.59,2,0,2,0,0,0,0,0,0,561614.5301,6769038.3349
tieliikenne_2022.2489,2489,POINT (532897.5359 6967669.7464),2022,2,16.00-16.59,2,3,2,0,0,0,0,0,0,532897.5359,6967669.7464
tieliikenne_2022.2490,2490,POINT (601063.3385 6860934.266),2022,2,14.00-14.59,2,6,1,0,1,0,0,0,0,601063.3385,6860934.266
tieliikenne_2022.2491,2491,POINT (627248.7115 7042305.8142),2022,2,15.00-15.59,1,2,2,1,0,0,0,0,0,627248.7115,7042305.8142
tieliikenne_2022.2492,2492,POINT (526250.7819 6906400.0478),2022,2,13.00-13.59,2,1,2,0,0,0,0,0,0,526250.7819,6906400.0478
tieliikenne_2022.2493,2493,POINT (640303.0433 6947225.7026),2022,2,16.00-16.59,2,1,2,1,0,0,0,0,0,640303.0433,6947225.7026
tieliikenne_2022.2494,2494,POINT (512726.8087 6838557.6432),2022,2,10.00-10.59,2,2,2,0,0,0,0,0,0,512726.8087,6838557.6432
tieliikenne_2022.2495,2495,POINT (509592.0393 6844127.7911),2022,3,03.00-03.59,2,8,1,0,0,0,0,0,0,509592.0393,6844127.7911
tieliikenne_2022.2496,2496,POINT (510983.0035 6836171.9905),2022,3,15.00-15.59,1,2,1,1,0,0,0,0,0,510983.0035,6836171.9905
tieliikenne_2022.2497,2497,POINT (488786.5019 7011826.0777),2022,3,09.00-09.59,2,5,2,0,0,0,0,0,0,488786.5019,7011826.0777
tieliikenne_2022.2498,2498,POINT (663020.2095 6928224.8002),2022,3,20.00-20.59,2,2,2,0,0,0,0,0,0,663020.2095,6928224.8002
tieliikenne_2022.2499,2499,POINT (646104.508 6938632.1794),2022,3,10.00-10.59,2,0,1,1,0,0,0,0,0,646104.508,6938632.1794
tieliikenne_2022.2500,2500,POINT (602551.9604 6859619.7709),2022,3,02.00-02.59,2,2,2,0,0,0,0,0,0,602551.9604,6859619.7709
tieliikenne_2022.2501,2501,POINT (509547.3979 7047632.7448),2022,3,16.00-16.59,2,0,1,0,0,0,0,0,1,509547.3979,7047632.7448
tieliikenne_2022.2502,2502,POINT (660708.7656 6943548.4192),2022,5,22.00-22.59,2,9,1,0,0,0,0,0,0,660708.7656,6943548.4192
tieliikenne_2022.2503,2503,POINT (601141.6404 6861023.0898),2022,3,08.00-08.59,2,4,3,0,0,0,0,0,0,601141.6404,6861023.0898
tieliikenne_2022.2504,2504,POINT (641707.8161 6944748.3855),2022,3,11.00-11.59,3,4,1,0,0,1,0,0,0,641707.8161,6944748.3855
tieliikenne_2022.2505,2505,POINT (587457.6624 7048258.231),2022,6,09.00-09.59,1,9,0,0,0,1,0,0,0,587457.6624,7048258.231
tieliikenne_2022.2506,2506,POINT (543358.5192 6885475.3361),2022,3,13.00-13.59,2,2,2,0,0,0,0,0,0,543358.5192,6885475.3361
tieliikenne_2022.2507,2507,POINT (556758.1689 6915414.8699),2022,6,00.00-00.59,2,9,1,0,0,0,0,0,0,556758.1689,6915414.8699
tieliikenne_2022.2508,2508,POINT (630102.6687 6962874.7583),2022,7,13.00-13.59,2,9,0,0,0,0,0,1,0,630102.6687,6962874.7583
tieliikenne_2022.2509,2509,POINT (533919.111 6979456.923),2022,3,15.00-15.59,2,0,44,0,0,0,0,0,0,533919.111,6979456.923
tieliikenne_2022.2510,2510,POINT (596152.1356 7046647.216),2022,3,12.00-12.59,2,0,2,0,0,0,0,0,0,596152.1356,7046647.216
tieliikenne_2022.2511,2511,POINT (521124.7009 6949587.3481),2022,7,14.00-14.59,2,9,0,0,0,0,0,1,0,521124.7009,6949587.3481
tieliikenne_2022.2512,2512,POINT (575179.8256 6850939.6139),2022,4,20.00-20.59,2,8,1,0,0,0,0,0,0,575179.8256,6850939.6139
tieliikenne_2022.2513,2513,POINT (514013.5575 6837266.2362),2022,7,01.00-01.59,1,9,0,0,0,1,0,0,0,514013.5575,6837266.2362
tieliikenne_2022.2514,2514,POINT (535484.4124 6926764.5859),2022,4,14.00-14.59,1,2,2,0,0,0,0,0,0,535484.4124,6926764.5859
tieliikenne_2022.2515,2515,POINT (474474.5228 6984531.5548),2022,4,16.00-16.59,3,2,2,0,0,0,0,0,0,474474.5228,6984531.5548
tieliikenne_2022.2516,2516,POINT (495962.9794 6863736.0414),2022,8,09.00-09.59,2,9,1,0,0,0,0,0,0,495962.9794,6863736.0414
tieliikenne_2022.2517,2517,POINT (510896.1652 7045704.6841),2022,4,14.00-14.59,2,2,2,0,0,0,0,0,0,510896.1652,7045704.6841
tieliikenne_2022.2518,2518,POINT (510026.7335 7047171.3839),2022,4,15.00-15.59,3,9,1,0,1,0,0,0,0,510026.7335,7047171.3839
tieliikenne_2022.2519,2519,POINT (534633.8328 6973989.2705),2022,4,22.00-22.59,2,4,1,0,0,1,0,0,0,534633.8328,6973989.2705
tieliikenne_2022.2520,2520,POINT (568323.4714 7049977.1208),2022,4,12.00-12.59,3,2,0,0,0,0,0,0,2,568323.4714,7049977.1208
tieliikenne_2022.2521,2521,POINT (569518.7455 6928557.7189),2022,8,20.00-20.59,2,9,1,0,0,0,0,0,0,569518.7455,6928557.7189
tieliikenne_2022.2522,2522,POINT (518165.3914 7065893.1006),2022,4,15.00-15.59,2,2,2,0,0,0,0,0,0,518165.3914,7065893.1006
tieliikenne_2022.2523,2523,POINT (652862.9415 6930465.1437),2022,8,21.00-21.59,2,9,1,0,0,0,0,0,0,652862.9415,6930465.1437
tieliikenne_2022.2524,2524,POINT (647760.0477 6954501.7983),2022,4,15.00-15.59,1,2,1,0,0,1,0,0,0,647760.0477,6954501.7983
tieliikenne_2022.2525,2525,POINT (514601.9075 6839692.882),2022,4,12.00-12.59,3,0,1,0,0,1,0,0,0,514601.9075,6839692.882
tieliikenne_2022.2526,2526,POINT (515861.3033 6840509.4706),2022,4,20.00-20.59,2,0,2,0,0,0,0,0,0,515861.3033,6840509.4706
tieliikenne_2022.2527,2527,POINT (514942.684 6840367.8098),2022,4,16.00-16.59,2,3,1,0,0,0,1,0,0,514942.684,6840367.8098
tieliikenne_2022.2528,2528,POINT (552123.267 6910420.148),2022,4,18.00-18.59,2,0,2,0,0,0,0,0,0,552123.267,6910420.148
tieliikenne_2022.2529,2529,POINT (512894.7556 6841648.8874),2022,4,23.00-23.59,2,8,1,0,0,0,0,0,0,512894.7556,6841648.8874
tieliikenne_2022.2530,2530,POINT (531492.5807 6937647.0172),2022,4,22.00-22.59,1,8,1,0,0,0,0,0,0,531492.5807,6937647.0172
tieliikenne_2022.2531,2531,POINT (644185.3465 6942824.0533),2022,5,15.00-15.59,3,0,2,0,0,0,0,0,0,644185.3465,6942824.0533
tieliikenne_2022.2532,2532,POINT (534504.0787 6973135.862),2022,5,09.00-09.59,2,0,2,0,0,0,0,0,0,534504.0787,6973135.862
tieliikenne_2022.2533,2533,POINT (510533.1588 6838103.2381),2022,5,06.00-06.59,2,1,0,1,0,1,0,0,0,510533.1588,6838103.2381
tieliikenne_2022.2534,2534,POINT (476242.6111 6948939.9873),2022,9,08.00-08.59,2,9,1,0,0,0,0,0,0,476242.6111,6948939.9873
tieliikenne_2022.2535,2535,POINT (477713.2131 6983172.8696),2022,5,19.00-19.59,2,8,1,0,0,0,0,0,0,477713.2131,6983172.8696
tieliikenne_2022.2536,2536,POINT (545403.5715 6909158.757),2022,5,17.00-17.59,2,0,3,0,0,0,0,0,0,545403.5715,6909158.757
tieliikenne_2022.2537,2537,POINT (641913.475 6944653.1976),2022,5,17.00-17.59,2,4,1,0,0,1,0,0,0,641913.475,6944653.1976
tieliikenne_2022.2538,2538,POINT (509544.8756 6970495.4491),2022,5,10.00-10.59,2,0,2,0,0,0,0,0,0,509544.8756,6970495.4491
tieliikenne_2022.2539,2539,POINT (516546.0112 6841065.9664),2022,5,13.00-13.59,2,5,1,0,0,1,0,0,0,516546.0112,6841065.9664
tieliikenne_2022.2540,2540,POINT (550559.6525 6978264.7358),2022,10,09.00-09.59,2,9,1,0,0,0,0,0,0,550559.6525,6978264.7358
tieliikenne_2022.2541,2541,POINT (481675.304 6884940.4138),2022,5,13.00-13.59,2,8,0,0,0,0,0,1,0,481675.304,6884940.4138
tieliikenne_2022.2542,2542,POINT (520559.1302 7075108.6892),2022,5,17.00-17.59,2,8,1,0,0,0,0,0,0,520559.1302,7075108.6892
tieliikenne_2022.2543,2543,POINT (500474.5034 6827380.1818),2022,5,17.00-17.59,2,8,0,0,0,0,0,0,1,500474.5034,6827380.1818
tieliikenne_2022.2544,2544,POINT (533079.3982 6974232.5342),2022,5,10.00-10.59,2,1,3,0,0,0,0,0,0,533079.3982,6974232.5342
tieliikenne_2022.2545,2545,POINT (611008.709 7021897.2806),2022,10,18.00-18.59,2,9,1,0,0,0,0,0,0,611008.709,7021897.2806
tieliikenne_2022.2546,2546,POINT (509273.5421 7047540.1778),2022,5,13.00-13.59,2,4,1,0,0,0,1,0,0,509273.5421,7047540.1778
tieliikenne_2022.2547,2547,POINT (541986.4841 7020158.8827),2022,5,05.00-05.59,2,8,1,0,0,0,0,0,0,541986.4841,7020158.8827
tieliikenne_2022.2548,2548,POINT (511628.3232 6839999.027),2022,5,23.00-23.59,1,9,0,1,0,0,0,1,0,511628.3232,6839999.027
tieliikenne_2022.2549,2549,POINT (534301.7866 6973849.5587),2022,5,13.00-13.59,2,7,0,0,1,1,0,0,0,534301.7866,6973849.5587
tieliikenne_2022.2550,2550,POINT (645610.641 6947800.492),2022,5,20.00-20.59,2,9,0,0,0,0,0,0,1,645610.641,6947800.492
tieliikenne_2022.2551,2551,POINT (515282.9784 6968462.1695),2022,5,15.00-15.59,2,0,2,0,0,0,0,0,0,515282.9784,6968462.1695
tieliikenne_2022.2552,2552,POINT (551524.1225 6983240.6354),2022,5,02.00-02.59,2,8,1,0,0,0,0,0,0,551524.1225,6983240.6354
tieliikenne_2022.2553,2553,POINT (513435.8532 6824963.8503),2022,5,15.00-15.59,2,0,2,0,0,0,0,0,0,513435.8532,6824963.8503
tieliikenne_2022.2554,2554,POINT (539359.6189 6859975.6555),2022,5,16.00-16.59,2,0,2,0,0,0,0,0,0,539359.6189,6859975.6555
tieliikenne_2022.2555,2555,POINT (532587.1457 6966697.2462),2022,5,18.00-18.59,2,4,1,0,0,0,0,1,0,532587.1457,6966697.2462
tieliikenne_2022.2556,2556,POINT (532319.8793 6976069.7488),2022,6,19.00-19.59,2,8,1,0,0,0,0,0,0,532319.8793,6976069.7488
tieliikenne_2022.2557,2557,POINT (631954.423 6848539.4106),2022,6,23.00-23.59,2,8,1,0,0,0,0,0,0,631954.423,6848539.4106
tieliikenne_2022.2558,2558,POINT (644712.231 6944523.7882),2022,6,00.00-00.59,2,8,0,0,0,0,1,0,0,644712.231,6944523.7882
tieliikenne_2022.2559,2559,POINT (533315.4994 6973088.9914),2022,6,09.00-09.59,2,4,0,0,0,2,0,0,0,533315.4994,6973088.9914
tieliikenne_2022.2560,2560,POINT (513183.7473 6819681.8577),2022,6,09.00-09.59,3,5,1,0,0,1,0,0,0,513183.7473,6819681.8577
tieliikenne_2022.2561,2561,POINT (530701.5121 6973035.0755),2022,6,23.00-23.59,2,8,1,0,0,0,0,0,0,530701.5121,6973035.0755
tieliikenne_2022.2562,2562,POINT (557045.4831 6927288.007),2022,12,14.00-14.59,2,9,1,0,0,0,0,0,0,557045.4831,6927288.007
tieliikenne_2022.2563,2563,POINT (638489.1836 6885479.447),2022,6,15.00-15.59,2,3,1,0,0,0,1,0,0,638489.1836,6885479.447
tieliikenne_2022.2564,2564,POINT (540222.9817 6896883.7365),2022,6,11.00-11.59,2,2,1,0,0,0,0,1,0,540222.9817,6896883.7365
tieliikenne_2022.2565,2565,POINT (481021.6625 7056964.9449),2022,6,20.00-20.59,2,8,1,0,0,0,0,0,0,481021.6625,7056964.9449
tieliikenne_2022.2566,2566,POINT (531798.5663 6971357.2207),2022,6,14.00-14.59,2,4,1,1,0,0,0,0,0,531798.5663,6971357.2207
tieliikenne_2022.2567,2567,POINT (536215.0957 6974696.0904),2022,6,15.00-15.59,2,4,1,0,0,1,0,0,0,536215.0957,6974696.0904
tieliikenne_2022.2568,2568,POINT (474692.3181 6811455.9106),2022,6,14.00-14.59,2,5,1,0,0,0,0,1,0,474692.3181,6811455.9106
tieliikenne_2022.2569,2569,POINT (584273.0156 6922704.4251),2022,6,18.00-18.59,2,4,1,0,0,1,0,0,0,584273.0156,6922704.4251
tieliikenne_2022.2570,2570,POINT (469047.1528 6979585.5501),2022,6,09.00-09.59,2,8,1,0,0,0,0,0,0,469047.1528,6979585.5501
tieliikenne_2022.2571,2571,POINT (590472.8627 6878162.6878),2022,6,16.00-16.59,2,8,1,0,0,0,0,0,0,590472.8627,6878162.6878
tieliikenne_2022.2572,2572,POINT (602700.8466 6861860.4208),2022,6,14.00-14.59,1,0,2,0,0,0,0,0,0,602700.8466,6861860.4208
tieliikenne_2022.2573,2573,POINT (644014.948 6946961.904),2022,6,15.00-15.59,2,1,0,0,0,0,2,0,0,644014.948,6946961.904
tieliikenne_2022.2574,2574,POINT (641225.5206 6943744.3733),2022,6,16.00-16.59,2,4,1,0,0,0,0,1,0,641225.5206,6943744.3733
tieliikenne_2022.2575,2575,POINT (644968.5843 6939401.768),2022,6,09.00-09.59,2,0,0,1,0,0,0,0,1,644968.5843,6939401.768
tieliikenne_2022.2576,2576,POINT (515820.6641 6839578.3791),2022,6,15.00-15.59,2,0,2,0,0,0,0,1,0,515820.6641,6839578.3791
tieliikenne_2022.2577,2577,POINT (643859.5208 6945696.7827),2022,6,17.00-17.59,2,3,1,0,0,1,0,0,0,643859.5208,6945696.7827
tieliikenne_2022.2578,2578,POINT (606682.3562 6937098.8501),2022,6,22.00-22.59,2,8,1,0,0,0,0,0,0,606682.3562,6937098.8501
tieliikenne_2022.2579,2579,POINT (545484.509 6909210.668),2022,6,14.00-14.59,2,0,3,0,0,0,0,0,0,545484.509,6909210.668
tieliikenne_2022.2580,2580,POINT (585789.9158 6965590.3681),2022,6,15.00-15.59,3,8,1,0,0,0,0,0,0,585789.9158,6965590.3681
tieliikenne_2022.2581,2581,POINT (512909.5179 6820479.6855),2022,6,17.00-17.59,2,8,1,0,0,0,0,0,0,512909.5179,6820479.6855
tieliikenne_2022.2582,2582,POINT (567954.8238 6882301.8192),2022,6,20.00-20.59,2,2,2,0,0,0,0,0,0,567954.8238,6882301.8192
tieliikenne_2022.2583,2583,POINT (523042.558 6996689.6456),2022,6,06.00-06.59,2,8,0,1,0,0,0,0,0,523042.558,6996689.6456
tieliikenne_2022.2584,2584,POINT (503734.893 6946636.536),2022,6,18.00-18.59,2,4,1,0,0,1,0,0,0,503734.893,6946636.536
tieliikenne_2022.2585,2585,POINT (641811.7689 6944368.2638),2022,6,09.00-09.59,2,4,1,0,0,1,0,0,0,641811.7689,6944368.2638
tieliikenne_2022.2586,2586,POINT (619345.1454 6866331.2462),2022,6,08.00-08.59,2,7,1,0,1,0,0,0,0,619345.1454,6866331.2462
tieliikenne_2022.2587,2587,POINT (514619.6196 6839756.1223),2022,6,11.00-11.59,2,1,1,0,0,1,0,0,0,514619.6196,6839756.1223
tieliikenne_2022.2588,2588,POINT (531257.119 6970421.9601),2022,6,18.00-18.59,2,1,1,0,0,0,1,0,0,531257.119,6970421.9601
tieliikenne_2022.2589,2589,POINT (515018.2203 6835156.116),2022,6,18.00-18.59,2,8,1,0,0,0,0,0,0,515018.2203,6835156.116
tieliikenne_2022.2590,2590,POINT (536615.3426 6986227.5734),2022,7,07.00-07.59,2,1,1,0,0,1,0,0,0,536615.3426,6986227.5734
tieliikenne_2022.2591,2591,POINT (513870.32 6839817.7277),2022,7,11.00-11.59,2,1,1,0,0,1,0,0,0,513870.32,6839817.7277
tieliikenne_2022.2592,2592,POINT (533825.6915 6972474.791),2022,7,10.00-10.59,2,3,1,0,0,1,0,0,0,533825.6915,6972474.791
tieliikenne_2022.2593,2593,POINT (506206.5748 6943926.9844),2022,7,09.00-09.59,2,1,1,0,0,1,0,0,0,506206.5748,6943926.9844
tieliikenne_2022.2594,2594,POINT (572221.0121 6851098.9943),2022,7,20.00-20.59,3,8,0,0,0,0,0,1,0,572221.0121,6851098.9943
tieliikenne_2022.2595,2595,POINT (631411.7785 6939533.3901),2022,7,13.00-13.59,1,2,2,0,0,0,0,0,0,631411.7785,6939533.3901
tieliikenne_2022.2596,2596,POINT (534225.8258 6924413.2944),2022,7,18.00-18.59,3,4,1,1,0,0,0,0,0,534225.8258,6924413.2944
tieliikenne_2022.2597,2597,POINT (597977.0765 6959471.8526),2022,7,16.00-16.59,2,8,1,0,0,0,0,0,0,597977.0765,6959471.8526
tieliikenne_2022.2598,2598,POINT (664716.8334 6890840.4757),2022,7,10.00-10.59,2,1,1,0,0,0,0,1,0,664716.8334,6890840.4757
tieliikenne_2022.2599,2599,POINT (501079.033 6948002.25),2022,7,13.00-13.59,2,8,1,0,0,0,0,0,0,501079.033,6948002.25
tieliikenne_2022.2600,2600,POINT (524068.5033 7013729.1037),2022,7,16.00-16.59,2,1,1,1,0,0,0,0,0,524068.5033,7013729.1037
tieliikenne_2022.2601,2601,POINT (550708.1316 6855623.2566),2022,7,07.00-07.59,2,0,0,0,0,1,0,0,1,550708.1316,6855623.2566
tieliikenne_2022.2602,2602,POINT (502985.1496 6803195.2706),2022,7,16.00-16.59,2,8,1,0,0,0,0,0,0,502985.1496,6803195.2706
tieliikenne_2022.2603,2603,POINT (469725.2074 6826091.4818),2022,7,20.00-20.59,1,2,2,0,0,0,0,0,0,469725.2074,6826091.4818
tieliikenne_2022.2604,2604,POINT (534461.996 6974438.6844),2022,7,17.00-17.59,2,1,1,0,0,1,0,0,0,534461.996,6974438.6844
tieliikenne_2022.2605,2605,POINT (630628.6868 6945354.0327),2022,7,14.00-14.59,2,0,2,0,0,0,0,0,0,630628.6868,6945354.0327
tieliikenne_2022.2606,2606,POINT (535765.5726 6982706.1497),2022,7,17.00-17.59,2,0,2,0,0,0,0,0,0,535765.5726,6982706.1497
tieliikenne_2022.2607,2607,POINT (471453.3007 7030258.122),2022,7,19.00-19.59,2,8,1,0,0,0,0,0,0,471453.3007,7030258.122
tieliikenne_2022.2608,2608,POINT (600090.7815 6935278.7208),2022,7,09.00-09.59,2,8,1,0,0,0,0,0,0,600090.7815,6935278.7208
tieliikenne_2022.2609,2609,POINT (542377.1338 6913350.4176),2022,7,12.00-12.59,2,8,1,0,0,0,0,0,0,542377.1338,6913350.4176
tieliikenne_2022.2610,2610,POINT (516878.9666 6980615.6041),2022,7,12.00-12.59,2,8,1,0,0,0,0,0,0,516878.9666,6980615.6041
tieliikenne_2022.2611,2611,POINT (658528.3583 6893461.2534),2022,7,14.00-14.59,2,5,2,0,0,0,0,0,0,658528.3583,6893461.2534
tieliikenne_2022.2612,2612,POINT (612993.1039 6922600.1225),2022,7,16.00-16.59,2,2,2,0,0,0,0,0,0,612993.1039,6922600.1225
tieliikenne_2022.2613,2613,POINT (514141.0841 6839445.0818),2022,7,11.00-11.59,2,1,1,0,0,1,0,0,0,514141.0841,6839445.0818
tieliikenne_2022.2614,2614,POINT (523612.1078 6996553.337),2022,7,23.00-23.59,2,8,1,0,0,0,0,0,0,523612.1078,6996553.337
tieliikenne_2022.2615,2615,POINT (535793.3596 6921267.7741),2022,7,09.00-09.59,3,8,1,0,0,0,0,0,0,535793.3596,6921267.7741
tieliikenne_2022.2616,2616,POINT (496264.3935 7074779.7907),2022,7,15.00-15.59,2,8,0,0,0,0,0,0,1,496264.3935,7074779.7907
tieliikenne_2022.2617,2617,POINT (482544.0259 6808946.4781),2022,7,10.00-10.59,2,0,1,0,0,1,0,0,0,482544.0259,6808946.4781
tieliikenne_2022.2618,2618,POINT (589492.8925 6979929.9841),2022,7,13.00-13.59,2,8,1,0,0,0,0,0,0,589492.8925,6979929.9841
tieliikenne_2022.2619,2619,POINT (514555.975 6840060.4432),2022,7,22.00-22.59,3,4,1,0,0,0,0,0,1,514555.975,6840060.4432
tieliikenne_2022.2620,2620,POINT (544541.5138 6908420.8669),2022,7,23.00-23.59,2,8,0,0,0,0,0,1,0,544541.5138,6908420.8669
tieliikenne_2022.2621,2621,POINT (545467.286 6911846.562),2022,7,20.00-20.59,2,1,1,0,0,1,0,0,0,545467.286,6911846.562
tieliikenne_2022.2622,2622,POINT (488314.2499 7068773.5472),2022,7,23.00-23.59,3,8,1,0,0,0,0,0,0,488314.2499,7068773.5472
tieliikenne_2022.2623,2623,POINT (643528.9899 6945456.0084),2022,7,16.00-16.59,2,0,0,0,0,0,1,1,0,643528.9899,6945456.0084
tieliikenne_2022.2624,2624,POINT (500919.6848 6957704.1548),2022,7,20.00-20.59,2,8,1,0,0,0,0,0,0,500919.6848,6957704.1548
tieliikenne_2022.2625,2625,POINT (515616.942 7036831.7793),2022,7,14.00-14.59,2,0,2,0,0,0,0,0,0,515616.942,7036831.7793
tieliikenne_2022.2626,2626,POINT (590917.8978 6956704.1319),2022,7,13.00-13.59,2,8,1,0,0,0,0,0,0,590917.8978,6956704.1319
tieliikenne_2022.2627,2627,POINT (548278.7589 6841299.1832),2022,7,06.00-06.59,2,2,1,1,0,0,0,0,0,548278.7589,6841299.1832
tieliikenne_2022.2628,2628,POINT (602030.3331 7035725.4487),2022,7,02.00-02.59,1,8,1,0,0,0,0,0,0,602030.3331,7035725.4487
tieliikenne_2022.2629,2629,POINT (598606.5159 6861832.5076),2022,7,05.00-05.59,1,8,1,0,0,0,0,0,0,598606.5159,6861832.5076
tieliikenne_2022.2630,2630,POINT (542317.8074 6864569.1167),2022,7,14.00-14.59,2,8,1,0,0,0,0,0,0,542317.8074,6864569.1167
tieliikenne_2022.2631,2631,POINT (562528.2679 6820640.8819),2022,7,17.00-17.59,2,8,1,0,0,0,0,0,0,562528.2679,6820640.8819
tieliikenne_2022.2632,2632,POINT (534827.8693 6975252.3077),2022,7,01.00-01.59,2,8,1,0,0,0,0,0,0,534827.8693,6975252.3077
tieliikenne_2022.2633,2633,POINT (553374.3958 7009734.2092),2022,8,12.00-12.59,2,3,1,0,0,0,0,1,0,553374.3958,7009734.2092
tieliikenne_2022.2634,2634,POINT (540439.0973 6860805.4329),2022,8,12.00-12.59,2,8,1,0,0,0,0,0,0,540439.0973,6860805.4329
tieliikenne_2022.2635,2635,POINT (571702.1373 6988438.8609),2022,8,14.00-14.59,2,2,0,1,0,1,0,0,0,571702.1373,6988438.8609
tieliikenne_2022.2636,2636,POINT (534121.6777 6974014.4893),2022,8,09.00-09.59,2,1,1,0,0,1,0,0,0,534121.6777,6974014.4893
tieliikenne_2022.2637,2637,POINT (513966.426 6813519.9326),2022,8,05.00-05.59,3,8,1,0,0,0,0,0,0,513966.426,6813519.9326
tieliikenne_2022.2638,2638,POINT (546273.8941 6900571.6311),2022,8,02.00-02.59,2,8,1,0,0,0,0,0,0,546273.8941,6900571.6311
tieliikenne_2022.2639,2639,POINT (530102.2261 6914097.6476),2022,8,10.00-10.59,2,8,0,0,0,0,0,1,0,530102.2261,6914097.6476
tieliikenne_2022.2640,2640,POINT (481957.6778 7059544.1083),2022,8,12.00-12.59,3,3,1,0,0,1,0,0,0,481957.6778,7059544.1083
tieliikenne_2022.2641,2641,POINT (544996.7584 6928004.5424),2022,8,01.00-01.59,3,8,1,0,0,0,0,0,0,544996.7584,6928004.5424
tieliikenne_2022.2642,2642,POINT (674673.6063 6972922.4932),2022,8,12.00-12.59,2,8,1,0,0,0,0,0,0,674673.6063,6972922.4932
tieliikenne_2022.2643,2643,POINT (504353.7501 6834823.906),2022,8,19.00-19.59,2,8,1,0,0,0,0,0,0,504353.7501,6834823.906
tieliikenne_2022.2644,2644,POINT (539667.3027 7000741.09),2022,8,07.00-07.59,3,4,1,0,0,0,1,0,0,539667.3027,7000741.09
tieliikenne_2022.2645,2645,POINT (525221.7536 6968003.6836),2022,8,08.00-08.59,1,2,1,1,0,0,0,0,0,525221.7536,6968003.6836
tieliikenne_2022.2646,2646,POINT (646730.5722 6943157.5731),2022,8,15.00-15.59,2,8,0,0,0,0,0,1,0,646730.5722,6943157.5731
tieliikenne_2022.2647,2647,POINT (540644.8501 6929159.7796),2022,8,16.00-16.59,2,1,1,0,0,1,0,0,0,540644.8501,6929159.7796
tieliikenne_2022.2648,2648,POINT (534546.1285 6973836.4615),2022,8,20.00-20.59,2,9,1,0,1,0,0,0,0,534546.1285,6973836.4615
tieliikenne_2022.2649,2649,POINT (651562.5597 6932296.7306),2022,8,06.00-06.59,2,2,2,0,0,0,0,0,0,651562.5597,6932296.7306
tieliikenne_2022.2650,2650,POINT (515009.259 6819900.794),2022,8,14.00-14.59,2,2,2,0,0,0,0,0,0,515009.259,6819900.794
tieliikenne_2022.2651,2651,POINT (514643.7455 6888742.2476),2022,8,12.00-12.59,2,4,2,0,0,0,0,0,0,514643.7455,6888742.2476
tieliikenne_2022.2652,2652,POINT (473549.476 6796496.469),2022,8,17.00-17.59,2,8,1,0,0,0,0,0,0,473549.476,6796496.469
tieliikenne_2022.2653,2653,POINT (545389.5863 6911772.3761),2022,8,12.00-12.59,2,4,2,0,0,0,0,0,0,545389.5863,6911772.3761
tieliikenne_2022.2654,2654,POINT (466002.1113 6832902.1745),2022,8,15.00-15.59,2,1,2,0,0,0,0,0,0,466002.1113,6832902.1745
tieliikenne_2022.2655,2655,POINT (534683.906 6973300.995),2022,8,17.00-17.59,2,9,0,0,0,0,0,0,1,534683.906,6973300.995
tieliikenne_2022.2656,2656,POINT (533691.7676 6974801.2237),2022,8,14.00-14.59,2,1,1,0,0,1,0,0,0,533691.7676,6974801.2237
tieliikenne_2022.2657,2657,POINT (474773.7872 6821220.6462),2022,8,20.00-20.59,2,5,1,0,0,1,0,0,0,474773.7872,6821220.6462
tieliikenne_2022.2658,2658,POINT (639896.5406 6945924.2503),2022,8,07.00-07.59,2,4,1,0,0,0,1,0,0,639896.5406,6945924.2503
tieliikenne_2022.2659,2659,POINT (509415.0766 7047758.0254),2022,8,12.00-12.59,2,5,1,0,0,1,0,0,0,509415.0766,7047758.0254
tieliikenne_2022.2660,2660,POINT (532616.2793 6969046.991),2022,8,15.00-15.59,2,4,1,0,0,1,0,0,0,532616.2793,6969046.991
tieliikenne_2022.2661,2661,POINT (569365.5277 6871143.9081),2022,8,12.00-12.59,2,8,0,0,0,0,0,1,0,569365.5277,6871143.9081
tieliikenne_2022.2662,2662,POINT (511134.4606 6912263.9818),2022,8,18.00-18.59,1,8,0,0,0,0,0,1,0,511134.4606,6912263.9818
tieliikenne_2022.2663,2663,POINT (535007.3154 6902518.3643),2022,8,22.00-22.59,2,8,1,0,0,0,0,0,0,535007.3154,6902518.3643
tieliikenne_2022.2664,2664,POINT (532735.7727 6972819.9155),2022,8,12.00-12.59,2,4,1,0,0,1,0,0,0,532735.7727,6972819.9155
tieliikenne_2022.2665,2665,POINT (526021.1547 7024777.8705),2022,8,16.00-16.59,2,8,1,0,0,0,0,0,0,526021.1547,7024777.8705
tieliikenne_2022.2666,2666,POINT (532687.0517 6967771.2392),2022,8,16.00-16.59,2,9,1,0,0,0,1,0,0,532687.0517,6967771.2392
tieliikenne_2022.2667,2667,POINT (532750.218 6974451.1869),2022,8,07.00-07.59,2,0,0,0,0,2,0,0,0,532750.218,6974451.1869
tieliikenne_2022.2668,2668,POINT (550815.3204 6823378.8775),2022,8,07.00-07.59,2,8,1,0,0,0,0,0,0,550815.3204,6823378.8775
tieliikenne_2022.2669,2669,POINT (530261.6263 6967476.4094),2022,8,19.00-19.59,1,8,0,0,0,0,0,1,0,530261.6263,6967476.4094
tieliikenne_2022.2670,2670,POINT (534680.2446 6966833.1164),2022,9,20.00-20.59,2,1,0,0,0,0,2,0,0,534680.2446,6966833.1164
tieliikenne_2022.2671,2671,POINT (480356.692 7057419.9489),2022,9,02.00-02.59,2,8,1,0,0,0,0,0,0,480356.692,7057419.9489
tieliikenne_2022.2672,2672,POINT (701462.5706 6953809.7106),2022,9,14.00-14.59,2,2,2,0,0,0,0,0,0,701462.5706,6953809.7106
tieliikenne_2022.2673,2673,POINT (480434.5213 7057520.3018),2022,9,14.00-14.59,2,4,2,0,0,0,0,0,0,480434.5213,7057520.3018
tieliikenne_2022.2674,2674,POINT (481101.5021 7058179.1475),2022,9,20.00-20.59,2,4,1,0,0,0,1,0,0,481101.5021,7058179.1475
tieliikenne_2022.2675,2675,POINT (651077.0254 6932898.6129),2022,9,15.00-15.59,3,1,2,0,0,0,0,0,0,651077.0254,6932898.6129
tieliikenne_2022.2676,2676,POINT (482298.4587 6811414.5307),2022,9,16.00-16.59,2,0,0,0,0,0,0,2,0,482298.4587,6811414.5307
tieliikenne_2022.2677,2677,POINT (594778.8565 6862584.3967),2022,9,23.00-23.59,2,8,0,0,0,0,0,0,1,594778.8565,6862584.3967
tieliikenne_2022.2678,2678,POINT (567125.8926 6994039.5337),2022,9,02.00-02.59,2,8,1,0,0,0,0,0,0,567125.8926,6994039.5337
tieliikenne_2022.2679,2679,POINT (642115.8414 6944581.0601),2022,9,21.00-21.59,2,9,1,0,0,1,0,0,0,642115.8414,6944581.0601
tieliikenne_2022.2680,2680,POINT (645671.6802 6962667.1352),2022,9,08.00-08.59,2,4,1,0,0,1,0,0,0,645671.6802,6962667.1352
tieliikenne_2022.2681,2681,POINT (532131.0775 6978008.0266),2022,9,14.00-14.59,2,0,1,0,0,0,0,1,1,532131.0775,6978008.0266
tieliikenne_2022.2682,2682,POINT (607317.5727 6869702.5078),2022,9,18.00-18.59,2,2,1,0,0,0,1,0,0,607317.5727,6869702.5078
tieliikenne_2022.2683,2683,POINT (509255.821 7049121.9739),2022,9,20.00-20.59,2,4,2,0,0,0,0,0,0,509255.821,7049121.9739
tieliikenne_2022.2684,2684,POINT (544806.0587 6910657.8765),2022,9,21.00-21.59,2,8,0,0,0,0,0,1,0,544806.0587,6910657.8765
tieliikenne_2022.2685,2685,POINT (517550.437 7043781.5),2022,9,14.00-14.59,2,8,1,0,0,0,0,0,0,517550.437,7043781.5
tieliikenne_2022.2686,2686,POINT (513455.5862 6840039.6556),2022,9,13.00-13.59,2,6,1,0,2,0,0,0,0,513455.5862,6840039.6556
tieliikenne_2022.2687,2687,POINT (666216.8994 6931015.077),2022,9,15.00-15.59,2,2,1,2,0,0,0,0,0,666216.8994,6931015.077
tieliikenne_2022.2688,2688,POINT (641542.76 6944304.852),2022,9,20.00-20.59,2,1,1,0,0,1,0,0,0,641542.76,6944304.852
tieliikenne_2022.2689,2689,POINT (617217.3707 6857680.0623),2022,9,20.00-20.59,1,0,1,0,0,0,1,0,0,617217.3707,6857680.0623
tieliikenne_2022.2690,2690,POINT (533575.3239 6967211.7024),2022,9,09.00-09.59,2,8,3,0,0,0,0,0,0,533575.3239,6967211.7024
tieliikenne_2022.2691,2691,POINT (641160.5908 6945100.3677),2022,9,09.00-09.59,2,4,1,0,0,1,0,0,0,641160.5908,6945100.3677
tieliikenne_2022.2692,2692,POINT (513674.7646 6839862.7905),2022,9,10.00-10.59,3,0,0,1,0,0,1,0,0,513674.7646,6839862.7905
tieliikenne_2022.2693,2693,POINT (534690.0235 6973301.8114),2022,9,10.00-10.59,2,6,0,0,1,0,1,0,0,534690.0235,6973301.8114
tieliikenne_2022.2694,2694,POINT (535659.0599 6983767.3964),2022,10,16.00-16.59,2,8,1,0,0,0,0,0,0,535659.0599,6983767.3964
tieliikenne_2022.2695,2695,POINT (536837.7172 6822914.3829),2022,10,04.00-04.59,2,8,1,0,0,0,0,0,0,536837.7172,6822914.3829
tieliikenne_2022.2696,2696,POINT (572243.8243 6851312.6695),2022,10,11.00-11.59,2,9,1,0,1,0,0,0,0,572243.8243,6851312.6695
tieliikenne_2022.2697,2697,POINT (559245.6751 6826123.8905),2022,10,15.00-15.59,2,8,1,0,0,0,0,0,0,559245.6751,6826123.8905
tieliikenne_2022.2698,2698,POINT (515660.2724 6840150.1291),2022,10,16.00-16.59,2,4,1,0,0,1,0,0,0,515660.2724,6840150.1291
tieliikenne_2022.2699,2699,POINT (511196.6284 7047141.9216),2022,10,14.00-14.59,2,4,1,0,0,1,0,0,0,511196.6284,7047141.9216
tieliikenne_2022.2700,2700,POINT (602115.1967 6997796.3474),2022,10,17.00-17.59,2,8,0,1,0,0,0,0,0,602115.1967,6997796.3474
tieliikenne_2022.2701,2701,POINT (508227.8369 6938209.5399),2022,10,18.00-18.59,2,8,0,0,0,0,0,1,0,508227.8369,6938209.5399
tieliikenne_2022.2702,2702,POINT (509444.4226 7047727.0761),2022,10,15.00-15.59,2,3,1,0,0,1,0,0,0,509444.4226,7047727.0761
tieliikenne_2022.2703,2703,POINT (509544.7211 7047631.9047),2022,10,15.00-15.59,2,6,1,0,1,0,0,0,0,509544.7211,7047631.9047
tieliikenne_2022.2704,2704,POINT (509434.8756 7048081.4053),2022,10,20.00-20.59,2,6,1,0,1,0,0,0,0,509434.8756,7048081.4053
tieliikenne_2022.2705,2705,POINT (490979.3717 6856331.4941),2022,10,15.00-15.59,2,8,1,0,0,0,0,0,0,490979.3717,6856331.4941
tieliikenne_2022.2706,2706,POINT (491522.053 6911290.551),2022,10,08.00-08.59,2,8,1,0,0,0,0,0,0,491522.053,6911290.551
tieliikenne_2022.2707,2707,POINT (642697.8967 6950343.5523),2022,10,11.00-11.59,2,5,1,1,0,0,0,0,0,642697.8967,6950343.5523
tieliikenne_2022.2708,2708,POINT (644387.3376 6944510.5233),2022,10,10.00-10.59,2,4,1,0,0,1,0,0,0,644387.3376,6944510.5233
tieliikenne_2022.2709,2709,POINT (533273.5513 6974104.3923),2022,10,15.00-15.59,2,4,0,0,0,2,0,0,0,533273.5513,6974104.3923
tieliikenne_2022.2710,2710,POINT (481176.1193 7058329.3285),2022,10,08.00-08.59,2,1,1,0,0,0,1,0,0,481176.1193,7058329.3285
tieliikenne_2022.2711,2711,POINT (504724.8333 6828752.1813),2022,10,16.00-16.59,2,2,2,0,0,0,0,0,0,504724.8333,6828752.1813
tieliikenne_2022.2712,2712,POINT (531024.3774 7039280.0967),2022,10,15.00-15.59,3,2,2,0,0,0,0,0,0,531024.3774,7039280.0967
tieliikenne_2022.2713,2713,POINT (641069.0318 6943972.8872),2022,10,13.00-13.59,2,4,1,0,0,1,0,0,0,641069.0318,6943972.8872
tieliikenne_2022.2714,2714,POINT (509407.2794 7048454.0947),2022,10,18.00-18.59,2,6,0,0,1,0,1,0,0,509407.2794,7048454.0947
tieliikenne_2022.2715,2715,POINT (518872.2663 7056004.8736),2022,10,03.00-03.59,2,0,2,0,0,0,0,0,0,518872.2663,7056004.8736
tieliikenne_2022.2716,2716,POINT (545229.3885 6913015.0912),2022,10,02.00-02.59,3,8,0,0,0,0,0,1,0,545229.3885,6913015.0912
tieliikenne_2022.2717,2717,POINT (660610.9817 6888700.3224),2022,10,17.00-17.59,2,8,1,0,0,0,0,0,0,660610.9817,6888700.3224
tieliikenne_2022.2718,2718,POINT (522959.2811 7084394.7323),2022,10,07.00-07.59,2,8,1,0,0,0,0,0,0,522959.2811,7084394.7323
tieliikenne_2022.2719,2719,POINT (531312.8366 7000917.9348),2022,10,07.00-07.59,3,2,1,1,0,0,0,0,0,531312.8366,7000917.9348
tieliikenne_2022.2720,2720,POINT (529982.1149 6975593.4299),2022,10,00.00-00.59,2,8,1,0,0,0,0,0,0,529982.1149,6975593.4299
tieliikenne_2022.2721,2721,POINT (534675.0766 6925571.3187),2022,10,13.00-13.59,2,9,1,0,0,0,0,0,0,534675.0766,6925571.3187
tieliikenne_2022.2722,2722,POINT (572776.2762 6986101.1113),2022,10,23.00-23.59,2,8,1,0,0,0,0,0,0,572776.2762,6986101.1113
tieliikenne_2022.2723,2723,POINT (613822.9037 6936753.6777),2022,11,05.00-05.59,1,8,1,0,0,0,0,0,0,613822.9037,6936753.6777
tieliikenne_2022.2724,2724,POINT (601536.0978 6860931.4675),2022,11,19.00-19.59,1,8,1,0,0,0,0,0,0,601536.0978,6860931.4675
tieliikenne_2022.2725,2725,POINT (598461.1434 6861032.8248),2022,11,15.00-15.59,2,4,1,0,0,0,1,0,0,598461.1434,6861032.8248
tieliikenne_2022.2726,2726,POINT (639914.4835 6945904.5979),2022,11,18.00-18.59,2,0,2,0,0,0,0,0,0,639914.4835,6945904.5979
tieliikenne_2022.2727,2727,POINT (583494.397 6937278.3392),2022,11,06.00-06.59,2,8,1,0,0,0,0,0,0,583494.397,6937278.3392
tieliikenne_2022.2728,2728,POINT (525852.1244 7060302.6867),2022,11,08.00-08.59,2,3,1,0,0,0,1,0,0,525852.1244,7060302.6867
tieliikenne_2022.2729,2729,POINT (470368.9944 6811712.0921),2022,11,09.00-09.59,2,8,1,0,0,0,0,0,0,470368.9944,6811712.0921
tieliikenne_2022.2730,2730,POINT (519873.9905 7020336.6359),2022,11,20.00-20.59,2,8,0,0,0,0,0,0,1,519873.9905,7020336.6359
tieliikenne_2022.2731,2731,POINT (661903.7225 6912943.5722),2022,11,03.00-03.59,2,8,1,0,0,0,0,0,0,661903.7225,6912943.5722
tieliikenne_2022.2732,2732,POINT (517671.9831 7064103.905),2022,11,11.00-11.59,3,8,1,0,0,0,0,0,0,517671.9831,7064103.905
tieliikenne_2022.2733,2733,POINT (638053.8249 6948497.382),2022,11,14.00-14.59,2,7,1,0,1,0,0,0,0,638053.8249,6948497.382
tieliikenne_2022.2734,2734,POINT (684462.9463 6942198.0047),2022,11,13.00-13.59,2,8,1,0,0,0,0,0,0,684462.9463,6942198.0047
tieliikenne_2022.2735,2735,POINT (566054.3887 6930801.716),2022,11,14.00-14.59,1,8,1,0,0,0,0,0,0,566054.3887,6930801.716
tieliikenne_2022.2736,2736,POINT (491639.3255 6943219.6584),2022,11,08.00-08.59,2,9,1,0,1,0,0,0,0,491639.3255,6943219.6584
tieliikenne_2022.2737,2737,POINT (504484.0219 6941753.5819),2022,11,15.00-15.59,2,9,1,0,0,0,0,0,0,504484.0219,6941753.5819
tieliikenne_2022.2738,2738,POINT (603393.0714 6859022.508),2022,11,15.00-15.59,2,4,1,0,0,1,0,0,0,603393.0714,6859022.508
tieliikenne_2022.2739,2739,POINT (644110.626 6950458.663),2022,11,11.00-11.59,3,4,1,0,0,1,0,0,0,644110.626,6950458.663
tieliikenne_2022.2740,2740,POINT (646735.6732 6963860.5494),2022,11,13.00-13.59,2,2,0,2,0,0,0,0,0,646735.6732,6963860.5494
tieliikenne_2022.2741,2741,POINT (543546.4819 6892623.0339),2022,11,15.00-15.59,2,2,1,1,0,0,0,0,0,543546.4819,6892623.0339
tieliikenne_2022.2742,2742,POINT (602944.2203 6956944.901),2022,11,16.00-16.59,2,3,1,0,0,1,0,0,0,602944.2203,6956944.901
tieliikenne_2022.2743,2743,POINT (546049.8077 6909288.1849),2022,11,23.00-23.59,2,8,1,0,0,0,0,0,0,546049.8077,6909288.1849
tieliikenne_2022.2744,2744,POINT (520829.4292 6919356.6054),2022,11,21.00-21.59,2,8,1,0,0,0,0,0,0,520829.4292,6919356.6054
tieliikenne_2022.2745,2745,POINT (610913.0726 6863109.8825),2022,11,18.00-18.59,3,9,0,1,0,0,0,1,0,610913.0726,6863109.8825
tieliikenne_2022.2746,2746,POINT (642000.3715 6943742.9182),2022,11,05.00-05.59,2,8,1,0,0,0,0,0,0,642000.3715,6943742.9182
tieliikenne_2022.2747,2747,POINT (539749.576 6929439.8106),2022,11,17.00-17.59,2,2,2,0,0,0,0,0,0,539749.576,6929439.8106
tieliikenne_2022.2748,2748,POINT (536187.7756 6823409.1796),2022,11,14.00-14.59,2,8,1,0,0,0,0,0,0,536187.7756,6823409.1796
tieliikenne_2022.2749,2749,POINT (531018.6271 6938740.626),2022,11,17.00-17.59,2,2,1,1,0,0,0,0,0,531018.6271,6938740.626
tieliikenne_2022.2750,2750,POINT (480209.0183 7057645.0289),2022,12,02.00-02.59,2,8,1,0,0,0,0,0,0,480209.0183,7057645.0289
tieliikenne_2022.2751,2751,POINT (589941.2183 6863785.4033),2022,12,14.00-14.59,2,8,1,0,0,0,0,0,0,589941.2183,6863785.4033
tieliikenne_2022.2752,2752,POINT (580959.8969 7074476.1603),2022,12,12.00-12.59,3,4,1,0,0,0,0,0,1,580959.8969,7074476.1603
tieliikenne_2022.2753,2753,POINT (646210.0823 6957989.2846),2022,12,21.00-21.59,2,8,1,0,0,0,0,0,0,646210.0823,6957989.2846
tieliikenne_2022.2754,2754,POINT (514420.7681 6861317.2042),2022,12,13.00-13.59,2,1,1,1,0,0,0,0,0,514420.7681,6861317.2042
tieliikenne_2022.2755,2755,POINT (654011.038 6929802.7458),2022,12,07.00-07.59,3,0,2,0,0,0,0,0,0,654011.038,6929802.7458
tieliikenne_2022.2756,2756,POINT (498630.004 6826020.4824),2022,12,15.00-15.59,2,2,1,1,0,0,0,0,0,498630.004,6826020.4824
tieliikenne_2022.2757,2757,POINT (506095.396 6943911.061),2022,12,17.00-17.59,2,4,2,0,0,0,0,0,0,506095.396,6943911.061
tieliikenne_2022.2758,2758,POINT (532856.5305 6974042.0866),2022,12,09.00-09.59,2,6,1,0,1,0,0,0,0,532856.5305,6974042.0866
tieliikenne_2022.2759,2759,POINT (584446.5802 6865018.6842),2022,12,12.00-12.59,2,1,1,1,0,0,0,0,0,584446.5802,6865018.6842
tieliikenne_2022.2760,2760,POINT (509513.011 7047748.9656),2022,12,06.00-06.59,2,4,2,0,0,0,0,0,0,509513.011,7047748.9656
tieliikenne_2022.2761,2761,POINT (561964.1682 6870029.4342),2022,12,15.00-15.59,2,0,1,0,0,0,0,0,1,561964.1682,6870029.4342
tieliikenne_2022.2762,2762,POINT (507335.7225 7055012.1205),2022,12,13.00-13.59,2,0,3,0,0,0,0,0,0,507335.7225,7055012.1205
tieliikenne_2022.2763,2763,POINT (506840.8395 6944179.9696),2022,12,12.00-12.59,2,5,2,0,0,0,0,0,0,506840.8395,6944179.9696
tieliikenne_2022.2764,2764,POINT (590544.7336 7040034.6075),2022,12,11.00-11.59,2,0,1,1,0,0,0,0,0,590544.7336,7040034.6075
tieliikenne_2022.2765,2765,POINT (536943.5535 6996624.1813),2022,12,09.00-09.59,2,0,2,0,0,0,0,0,0,536943.5535,6996624.1813
tieliikenne_2022.2766,2766,POINT (642207.3489 6945952.8877),2022,12,21.00-21.59,2,4,2,0,0,0,0,0,0,642207.3489,6945952.8877
tieliikenne_2022.2767,2767,POINT (545227.4679 6909700.0827),2022,12,07.00-07.59,2,7,1,0,1,0,0,0,0,545227.4679,6909700.0827
tieliikenne_2022.2768,2768,POINT (534222.2629 6976038.3972),2022,12,10.00-10.59,2,2,2,0,0,0,0,0,0,534222.2629,6976038.3972
tieliikenne_2022.2769,2769,POINT (514579.9469 6836980.0103),2022,12,16.00-16.59,2,1,1,1,0,0,0,0,0,514579.9469,6836980.0103
tieliikenne_2022.2770,2770,POINT (531988.5059 6942272.0531),2022,12,16.00-16.59,3,0,7,2,0,0,0,0,0,531988.5059,6942272.0531
tieliikenne_2022.2771,2771,POINT (491669.6102 6821080.2613),2022,12,17.00-17.59,2,8,1,0,0,0,0,0,0,491669.6102,6821080.2613
tieliikenne_2022.2772,2772,POINT (500295.8071 7068811.8922),2022,12,14.00-14.59,2,6,1,0,1,0,0,0,0,500295.8071,7068811.8922
tieliikenne_2022.2773,2773,POINT (624307.5366 7006865.3299),2022,12,18.00-18.59,2,0,1,0,0,0,1,0,0,624307.5366,7006865.3299
tieliikenne_2022.2774,2774,POINT (425116.2616 7187124.6901),2022,1,12.00-12.59,2,0,2,0,0,0,0,0,0,425116.2616,7187124.6901
tieliikenne_2022.2775,2775,POINT (386887.0296 7176037.79),2022,1,16.00-16.59,2,2,2,2,0,0,0,0,0,386887.0296,7176037.79
tieliikenne_2022.2776,2776,POINT (528044.0252 7144840.7663),2022,1,07.00-07.59,2,2,1,1,0,0,0,0,0,528044.0252,7144840.7663
tieliikenne_2022.2777,2777,POINT (383148.4825 7085750.6446),2022,1,01.00-01.59,2,8,0,1,0,0,0,0,0,383148.4825,7085750.6446
tieliikenne_2022.2778,2778,POINT (416568.4401 7167180.576),2022,1,00.00-00.59,1,2,1,1,0,0,0,0,0,416568.4401,7167180.576
tieliikenne_2022.2779,2779,POINT (472773.1817 7181076.3167),2022,1,03.00-03.59,2,8,1,0,0,0,0,0,0,472773.1817,7181076.3167
tieliikenne_2022.2780,2780,POINT (379296.8323 7173199.6222),2022,1,04.00-04.59,2,4,2,0,0,0,0,0,0,379296.8323,7173199.6222
tieliikenne_2022.2781,2781,POINT (380266.6326 7087003.1954),2022,1,21.00-21.59,3,8,1,0,0,0,0,0,0,380266.6326,7087003.1954
tieliikenne_2022.2782,2782,POINT (503369.092 7116803.575),2022,1,23.00-23.59,2,9,1,0,0,0,0,0,0,503369.092,7116803.575
tieliikenne_2022.2783,2783,POINT (394166.0237 7095043.6524),2022,1,08.00-08.59,3,2,2,0,0,0,0,0,0,394166.0237,7095043.6524
tieliikenne_2022.2784,2784,POINT (427321.6494 7231059.4924),2022,1,11.00-11.59,2,0,2,0,0,0,0,0,0,427321.6494,7231059.4924
tieliikenne_2022.2785,2785,POINT (432738.1621 7204998.8426),2022,1,06.00-06.59,2,8,0,0,0,0,0,0,1,432738.1621,7204998.8426
tieliikenne_2022.2786,2786,POINT (394119.0127 7159951.0368),2022,1,10.00-10.59,2,1,0,3,0,0,0,0,0,394119.0127,7159951.0368
tieliikenne_2022.2787,2787,POINT (409515.9899 7141739.9002),2022,1,17.00-17.59,2,8,1,0,0,0,0,0,0,409515.9899,7141739.9002
tieliikenne_2022.2788,2788,POINT (424990.9834 7219581.6725),2022,1,14.00-14.59,2,5,1,0,0,1,0,0,0,424990.9834,7219581.6725
tieliikenne_2022.2789,2789,POINT (379612.0699 7175692.8792),2022,2,11.00-11.59,2,4,2,0,0,0,0,0,0,379612.0699,7175692.8792
tieliikenne_2022.2790,2790,POINT (590552.1205 7197214.9583),2022,2,18.00-18.59,2,4,2,0,0,0,0,0,0,590552.1205,7197214.9583
tieliikenne_2022.2791,2791,POINT (424369.0097 7243835.8493),2022,2,17.00-17.59,2,4,2,0,0,0,0,0,0,424369.0097,7243835.8493
tieliikenne_2022.2792,2792,POINT (422728.465 7229052.4496),2022,2,09.00-09.59,2,7,1,0,1,0,0,0,0,422728.465,7229052.4496
tieliikenne_2022.2793,2793,POINT (350938.0833 7128378.7251),2022,2,13.00-13.59,2,0,2,0,0,0,0,0,0,350938.0833,7128378.7251
tieliikenne_2022.2794,2794,POINT (487877.4841 7163599.6184),2022,2,09.00-09.59,2,0,2,0,0,0,0,0,0,487877.4841,7163599.6184
tieliikenne_2022.2795,2795,POINT (423010.6519 7113745.3663),2022,2,15.00-15.59,2,1,3,0,0,0,0,0,0,423010.6519,7113745.3663
tieliikenne_2022.2796,2796,POINT (595669.9347 7340011.6774),2022,2,15.00-15.59,2,7,1,0,1,0,0,0,0,595669.9347,7340011.6774
tieliikenne_2022.2797,2797,POINT (402627.0215 7087904.0146),2022,2,11.00-11.59,2,4,1,1,0,0,0,0,0,402627.0215,7087904.0146
tieliikenne_2022.2798,2798,POINT (454488.5479 7186634.0641),2022,2,15.00-15.59,1,0,1,1,0,0,0,0,0,454488.5479,7186634.0641
tieliikenne_2022.2799,2799,POINT (384255.2415 7176136.9227),2022,2,16.00-16.59,2,1,1,0,0,0,1,0,0,384255.2415,7176136.9227
tieliikenne_2022.2800,2800,POINT (443654.3467 7222598.9632),2022,2,13.00-13.59,1,2,1,1,0,0,0,0,0,443654.3467,7222598.9632
tieliikenne_2022.2801,2801,POINT (528219.9692 7193953.1537),2022,2,11.00-11.59,2,7,1,0,1,0,0,0,0,528219.9692,7193953.1537
tieliikenne_2022.2802,2802,POINT (375280.6881 7163343.2611),2022,2,09.00-09.59,2,4,1,0,0,0,1,0,0,375280.6881,7163343.2611
tieliikenne_2022.2803,2803,POINT (426174.3709 7217874.3772),2022,4,11.00-11.59,1,7,0,0,1,0,0,0,1,426174.3709,7217874.3772
tieliikenne_2022.2804,2804,POINT (426313.7508 7207814.4456),2022,3,23.00-23.59,1,2,0,2,0,0,0,0,1,426313.7508,7207814.4456
tieliikenne_2022.2805,2805,POINT (402581.7861 7178618.816),2022,3,13.00-13.59,2,7,1,0,1,0,0,0,0,402581.7861,7178618.816
tieliikenne_2022.2806,2806,POINT (449175.585 7097452.0382),2022,3,04.00-04.59,2,8,1,0,0,0,0,0,0,449175.585,7097452.0382
tieliikenne_2022.2807,2807,POINT (499232.4758 7248009.0287),2022,3,10.00-10.59,2,4,0,1,0,0,1,0,0,499232.4758,7248009.0287
tieliikenne_2022.2808,2808,POINT (414575.9641 7063784.8276),2022,4,13.00-13.59,1,2,2,0,0,0,0,0,0,414575.9641,7063784.8276
tieliikenne_2022.2809,2809,POINT (430525.5239 7095684.3111),2022,6,07.00-07.59,2,9,1,0,0,0,0,0,0,430525.5239,7095684.3111
tieliikenne_2022.2810,2810,POINT (414477.1587 7075590.6295),2022,7,02.00-02.59,2,9,1,0,0,0,0,0,0,414477.1587,7075590.6295
tieliikenne_2022.2811,2811,POINT (423481.5313 7227822.9692),2022,4,11.00-11.59,3,6,1,0,1,0,0,0,0,423481.5313,7227822.9692
tieliikenne_2022.2812,2812,POINT (592612.415 7192241.1462),2022,7,22.00-22.59,2,9,0,0,0,0,0,1,0,592612.415,7192241.1462
tieliikenne_2022.2813,2813,POINT (424725.1091 7244397.6073),2022,4,13.00-13.59,3,2,1,0,0,1,0,0,0,424725.1091,7244397.6073
tieliikenne_2022.2814,2814,POINT (415873.1317 7064962.9454),2022,4,14.00-14.59,2,8,0,1,0,0,0,0,0,415873.1317,7064962.9454
tieliikenne_2022.2815,2815,POINT (428212.9381 7210725.5083),2022,4,01.00-01.59,3,7,1,0,1,0,0,0,0,428212.9381,7210725.5083
tieliikenne_2022.2816,2816,POINT (531560.42 7120223.6342),2022,7,21.00-21.59,1,7,0,1,1,0,0,0,0,531560.42,7120223.6342
tieliikenne_2022.2817,2817,POINT (516348.5256 7287730.2167),2022,7,20.00-20.59,2,9,0,0,0,0,0,1,0,516348.5256,7287730.2167
tieliikenne_2022.2818,2818,POINT (439993.22 7147684.6605),2022,7,22.00-22.59,3,9,1,0,0,0,0,0,0,439993.22,7147684.6605
tieliikenne_2022.2819,2819,POINT (498227.2395 7109830.7734),2022,7,19.00-19.59,2,9,1,0,0,0,0,0,0,498227.2395,7109830.7734
tieliikenne_2022.2820,2820,POINT (426629.9401 7188053.609),2022,4,11.00-11.59,2,4,1,0,0,1,0,0,0,426629.9401,7188053.609
tieliikenne_2022.2821,2821,POINT (423351.3772 7238599.8982),2022,8,19.00-19.59,2,9,1,0,0,0,0,0,0,423351.3772,7238599.8982
tieliikenne_2022.2822,2822,POINT (456143.0975 7192569.212),2022,4,09.00-09.59,2,8,1,0,0,0,0,0,0,456143.0975,7192569.212
tieliikenne_2022.2823,2823,POINT (432091.3359 7054301.0445),2022,4,12.00-12.59,2,5,2,0,0,0,0,0,0,432091.3359,7054301.0445
tieliikenne_2022.2824,2824,POINT (378061.6232 7089226.3409),2022,4,13.00-13.59,2,9,1,0,0,1,0,0,0,378061.6232,7089226.3409
tieliikenne_2022.2825,2825,POINT (591711.6129 7195948.6522),2022,4,22.00-22.59,1,8,1,0,0,0,0,0,0,591711.6129,7195948.6522
tieliikenne_2022.2826,2826,POINT (580831.394 7181830.741),2022,8,20.00-20.59,3,9,0,0,0,0,0,1,0,580831.394,7181830.741
tieliikenne_2022.2827,2827,POINT (419316.8931 7069627.0025),2022,8,05.00-05.59,2,9,1,0,0,0,0,0,0,419316.8931,7069627.0025
tieliikenne_2022.2828,2828,POINT (428368.183 7210576.698),2022,4,15.00-15.59,2,4,1,0,0,1,0,0,0,428368.183,7210576.698
tieliikenne_2022.2829,2829,POINT (388950.1491 7084724.0442),2022,8,21.00-21.59,2,9,1,0,0,0,0,0,0,388950.1491,7084724.0442
tieliikenne_2022.2830,2830,POINT (431093.879 7199676.592),2022,4,12.00-12.59,2,6,1,0,1,0,0,0,0,431093.879,7199676.592
tieliikenne_2022.2831,2831,POINT (426762.1577 7217775.0002),2022,4,04.00-04.59,2,8,1,0,0,0,0,0,0,426762.1577,7217775.0002
tieliikenne_2022.2832,2832,POINT (541252.3119 7281993.3269),2022,5,00.00-00.59,2,8,1,0,0,0,0,0,0,541252.3119,7281993.3269
tieliikenne_2022.2833,2833,POINT (446002.4688 7194817.7241),2022,5,08.00-08.59,2,0,1,1,0,0,0,0,0,446002.4688,7194817.7241
tieliikenne_2022.2834,2834,POINT (571355.1872 7109091.6411),2022,5,19.00-19.59,3,8,1,0,0,0,0,0,0,571355.1872,7109091.6411
tieliikenne_2022.2835,2835,POINT (429670.9515 7188321.0212),2022,5,17.00-17.59,2,0,0,0,0,0,1,0,1,429670.9515,7188321.0212
tieliikenne_2022.2836,2836,POINT (417036.8911 7190225.1414),2022,5,18.00-18.59,2,8,1,0,0,0,0,0,0,417036.8911,7190225.1414
tieliikenne_2022.2837,2837,POINT (357157.5421 7121150.7431),2022,5,23.00-23.59,2,1,1,0,0,0,1,0,0,357157.5421,7121150.7431
tieliikenne_2022.2838,2838,POINT (427816.5344 7211407.725),2022,5,10.00-10.59,2,2,1,0,0,1,0,0,0,427816.5344,7211407.725
tieliikenne_2022.2839,2839,POINT (372261.9695 7155526.8737),2022,10,06.00-06.59,2,9,1,0,0,0,0,0,0,372261.9695,7155526.8737
tieliikenne_2022.2840,2840,POINT (535814.5638 7122040.4238),2022,5,15.00-15.59,2,5,1,0,0,1,0,0,0,535814.5638,7122040.4238
tieliikenne_2022.2841,2841,POINT (428360.9831 7199775.011),2022,5,16.00-16.59,2,1,0,0,0,1,1,0,0,428360.9831,7199775.011
tieliikenne_2022.2842,2842,POINT (336228.132 7106082.1075),2022,5,18.00-18.59,2,8,0,0,0,0,0,0,1,336228.132,7106082.1075
tieliikenne_2022.2843,2843,POINT (429942.3727 7210692.3944),2022,5,08.00-08.59,2,7,0,0,1,1,0,0,0,429942.3727,7210692.3944
tieliikenne_2022.2844,2844,POINT (457778.713 7101931.7631),2022,10,18.00-18.59,2,9,1,0,0,0,0,0,0,457778.713,7101931.7631
tieliikenne_2022.2845,2845,POINT (352266.3798 7128943.7337),2022,10,06.00-06.59,2,8,0,0,0,1,0,0,0,352266.3798,7128943.7337
tieliikenne_2022.2846,2846,POINT (428969.0346 7199520.143),2022,5,22.00-22.59,2,1,1,0,0,0,1,0,0,428969.0346,7199520.143
tieliikenne_2022.2847,2847,POINT (388029.9484 7172847.144),2022,5,22.00-22.59,2,8,0,0,0,0,0,1,0,388029.9484,7172847.144
tieliikenne_2022.2848,2848,POINT (429047.3014 7212053.7706),2022,5,17.00-17.59,2,0,2,0,0,0,0,0,0,429047.3014,7212053.7706
tieliikenne_2022.2849,2849,POINT (546551.523 7212648.5002),2022,11,18.00-18.59,2,9,1,0,0,0,0,0,0,546551.523,7212648.5002
tieliikenne_2022.2850,2850,POINT (442127.9014 7223678.3008),2022,5,14.00-14.59,1,5,1,0,0,0,0,1,0,442127.9014,7223678.3008
tieliikenne_2022.2851,2851,POINT (621918.0161 7113427.0439),2022,6,08.00-08.59,2,1,1,0,0,1,0,0,0,621918.0161,7113427.0439
tieliikenne_2022.2852,2852,POINT (536113.1375 7122585.6698),2022,6,09.00-09.59,2,0,1,0,0,1,0,0,0,536113.1375,7122585.6698
tieliikenne_2022.2853,2853,POINT (436997.3733 7182970.3814),2022,6,16.00-16.59,3,8,0,0,0,0,0,0,1,436997.3733,7182970.3814
tieliikenne_2022.2854,2854,POINT (428185.33 7210317.23),2022,6,09.00-09.59,2,4,1,0,0,1,0,0,0,428185.33,7210317.23
tieliikenne_2022.2855,2855,POINT (464890.8082 7162674.0414),2022,6,16.00-16.59,2,8,0,0,0,0,0,1,0,464890.8082,7162674.0414
tieliikenne_2022.2856,2856,POINT (432830.9865 7195170.8594),2022,6,15.00-15.59,2,1,2,0,0,0,0,0,0,432830.9865,7195170.8594
tieliikenne_2022.2857,2857,POINT (499414.8463 7248430.5049),2022,6,07.00-07.59,2,3,1,0,0,1,0,0,0,499414.8463,7248430.5049
tieliikenne_2022.2858,2858,POINT (576567.9848 7293504.4186),2022,11,13.00-13.59,2,8,1,0,0,0,0,0,0,576567.9848,7293504.4186
tieliikenne_2022.2859,2859,POINT (410726.2442 7283600.4371),2022,5,23.00-23.59,2,9,1,0,0,0,0,0,0,410726.2442,7283600.4371
tieliikenne_2022.2860,2860,POINT (590336.5181 7197290.9239),2022,6,11.00-11.59,2,1,2,0,0,0,0,0,0,590336.5181,7197290.9239
tieliikenne_2022.2861,2861,POINT (430182.3917 7229544.0159),2022,6,08.00-08.59,2,8,1,0,0,0,0,0,0,430182.3917,7229544.0159
tieliikenne_2022.2862,2862,POINT (435569.5081 7192197.8667),2022,6,11.00-11.59,2,2,1,0,0,1,0,0,0,435569.5081,7192197.8667
tieliikenne_2022.2863,2863,POINT (400826.11 7216303.7034),2022,12,22.00-22.59,2,9,1,0,0,0,0,0,0,400826.11,7216303.7034
tieliikenne_2022.2864,2864,POINT (431543.2785 7212111.2511),2022,6,08.00-08.59,2,3,1,0,0,1,0,0,0,431543.2785,7212111.2511
tieliikenne_2022.2865,2865,POINT (566354.3912 7112333.6887),2022,6,17.00-17.59,2,6,0,0,1,0,0,0,1,566354.3912,7112333.6887
tieliikenne_2022.2866,2866,POINT (428188.18 7210315.2271),2022,6,14.00-14.59,2,4,1,0,0,1,0,0,0,428188.18,7210315.2271
tieliikenne_2022.2867,2867,POINT (337111.9891 7109329.8926),2022,6,16.00-16.59,3,5,1,1,0,0,0,0,0,337111.9891,7109329.8926
tieliikenne_2022.2868,2868,POINT (429835.1225 7206824.8228),2022,6,19.00-19.59,2,4,0,0,0,1,0,0,1,429835.1225,7206824.8228
tieliikenne_2022.2869,2869,POINT (441667.2436 7116089.4691),2022,12,16.00-16.59,2,9,1,0,0,0,0,0,0,441667.2436,7116089.4691
tieliikenne_2022.2870,2870,POINT (469783.9221 7232146.9058),2022,6,00.00-00.59,2,8,1,0,0,0,0,0,0,469783.9221,7232146.9058
tieliikenne_2022.2871,2871,POINT (429137.2614 7212275.2824),2022,6,16.00-16.59,2,0,2,0,0,0,0,0,0,429137.2614,7212275.2824
tieliikenne_2022.2872,2872,POINT (352225.0148 7129549.7783),2022,6,19.00-19.59,2,3,1,0,0,1,0,0,0,352225.0148,7129549.7783
tieliikenne_2022.2873,2873,POINT (441052.9178 7200315.1398),2022,6,17.00-17.59,2,8,1,0,0,0,0,0,0,441052.9178,7200315.1398
tieliikenne_2022.2874,2874,POINT (434902.8111 7214068.7241),2022,6,20.00-20.59,2,2,0,0,0,0,1,1,0,434902.8111,7214068.7241
tieliikenne_2022.2875,2875,POINT (558278.851 7153068.0904),2022,6,15.00-15.59,1,8,0,0,0,0,0,1,0,558278.851,7153068.0904
tieliikenne_2022.2876,2876,POINT (427633.0991 7208477.6419),2022,6,15.00-15.59,2,5,1,0,0,1,0,0,0,427633.0991,7208477.6419
tieliikenne_2022.2877,2877,POINT (538845.5986 7144119.125),2022,6,14.00-14.59,3,8,0,0,0,0,0,1,0,538845.5986,7144119.125
tieliikenne_2022.2878,2878,POINT (345502.1992 7126619.3876),2022,7,04.00-04.59,2,3,1,0,0,1,0,0,0,345502.1992,7126619.3876
tieliikenne_2022.2879,2879,POINT (427167.8264 7212295.2593),2022,7,20.00-20.59,2,2,0,0,0,2,0,0,0,427167.8264,7212295.2593
tieliikenne_2022.2880,2880,POINT (576929.6906 7205111.4801),2022,7,06.00-06.59,2,3,1,0,0,0,0,1,0,576929.6906,7205111.4801
tieliikenne_2022.2881,2881,POINT (352514.0025 7129501.0041),2022,7,17.00-17.59,2,6,1,0,0,1,0,0,0,352514.0025,7129501.0041
tieliikenne_2022.2882,2882,POINT (554809.2375 7148108.9322),2022,7,11.00-11.59,2,1,1,0,0,0,0,0,1,554809.2375,7148108.9322
tieliikenne_2022.2883,2883,POINT (428122.1052 7215783.1561),2022,7,22.00-22.59,2,8,1,0,0,0,0,0,0,428122.1052,7215783.1561
tieliikenne_2022.2884,2884,POINT (522437.9064 7261533.3698),2022,7,23.00-23.59,2,8,0,0,0,0,0,1,0,522437.9064,7261533.3698
tieliikenne_2022.2885,2885,POINT (564015.7508 7160867.3262),2022,7,18.00-18.59,2,5,1,0,0,0,0,1,0,564015.7508,7160867.3262
tieliikenne_2022.2886,2886,POINT (412777.6647 7193333.1349),2022,7,03.00-03.59,2,8,1,0,0,0,0,0,0,412777.6647,7193333.1349
tieliikenne_2022.2887,2887,POINT (381447.2506 7088659.7988),2022,7,15.00-15.59,2,5,1,0,0,1,0,0,0,381447.2506,7088659.7988
tieliikenne_2022.2888,2888,POINT (372162.9826 7119234.8058),2022,7,03.00-03.59,3,8,1,0,0,0,0,0,0,372162.9826,7119234.8058
tieliikenne_2022.2889,2889,POINT (429786.7883 7194167.2382),2022,7,05.00-05.59,2,8,1,0,0,0,0,0,0,429786.7883,7194167.2382
tieliikenne_2022.2890,2890,POINT (420691.9753 7232026.4022),2022,7,15.00-15.59,2,8,0,0,0,0,0,0,1,420691.9753,7232026.4022
tieliikenne_2022.2891,2891,POINT (445209.3287 7127458.7385),2022,7,12.00-12.59,3,2,2,0,0,0,0,0,0,445209.3287,7127458.7385
tieliikenne_2022.2892,2892,POINT (427843.4363 7211791.4035),2022,7,14.00-14.59,3,1,1,0,0,1,0,0,0,427843.4363,7211791.4035
tieliikenne_2022.2893,2893,POINT (427603.2881 7210594.3602),2022,7,00.00-00.59,2,6,1,0,1,0,0,0,0,427603.2881,7210594.3602
tieliikenne_2022.2894,2894,POINT (423446.3911 7177774.4566),2022,7,20.00-20.59,2,0,2,0,0,0,0,0,0,423446.3911,7177774.4566
tieliikenne_2022.2895,2895,POINT (429454.583 7245422.2622),2022,7,18.00-18.59,2,5,1,0,0,0,1,0,0,429454.583,7245422.2622
tieliikenne_2022.2896,2896,POINT (453480.7416 7248543.3028),2022,8,20.00-20.59,1,8,1,0,0,0,0,0,0,453480.7416,7248543.3028
tieliikenne_2022.2897,2897,POINT (426428.0112 7279214.9734),2022,8,19.00-19.59,2,2,2,0,0,0,0,0,0,426428.0112,7279214.9734
tieliikenne_2022.2898,2898,POINT (375187.5401 7090512.4135),2022,8,23.00-23.59,2,8,1,0,0,0,0,0,0,375187.5401,7090512.4135
tieliikenne_2022.2899,2899,POINT (420366.6906 7093312.904),2022,8,15.00-15.59,2,3,2,0,0,0,0,0,0,420366.6906,7093312.904
tieliikenne_2022.2900,2900,POINT (432277.4896 7201638.7673),2022,8,19.00-19.59,2,4,1,0,0,0,1,0,0,432277.4896,7201638.7673
tieliikenne_2022.2901,2901,POINT (422121.9125 7186746.8107),2022,8,21.00-21.59,1,2,0,0,0,1,0,1,0,422121.9125,7186746.8107
tieliikenne_2022.2902,2902,POINT (427365.0714 7209410.8729),2022,8,16.00-16.59,2,4,1,0,0,1,0,0,0,427365.0714,7209410.8729
tieliikenne_2022.2903,2903,POINT (429627.0466 7201317.7574),2022,8,19.00-19.59,2,6,0,0,1,0,0,1,0,429627.0466,7201317.7574
tieliikenne_2022.2904,2904,POINT (427748.2688 7213715.0455),2022,8,14.00-14.59,2,3,1,0,0,1,0,0,0,427748.2688,7213715.0455
tieliikenne_2022.2905,2905,POINT (437219.7674 7190655.9785),2022,8,14.00-14.59,1,7,1,0,1,0,0,0,0,437219.7674,7190655.9785
tieliikenne_2022.2906,2906,POINT (591287.5481 7192959.6573),2022,8,14.00-14.59,2,8,0,0,0,0,0,0,1,591287.5481,7192959.6573
tieliikenne_2022.2907,2907,POINT (451493.1024 7188209.6702),2022,8,13.00-13.59,2,3,1,0,0,0,0,1,0,451493.1024,7188209.6702
tieliikenne_2022.2908,2908,POINT (375316.9939 7163211.9742),2022,8,19.00-19.59,3,8,0,0,0,0,1,0,0,375316.9939,7163211.9742
tieliikenne_2022.2909,2909,POINT (546327.4663 7131848.3896),2022,8,05.00-05.59,2,8,1,0,0,0,0,0,0,546327.4663,7131848.3896
tieliikenne_2022.2910,2910,POINT (428325.1539 7210895.373),2022,8,17.00-17.59,2,3,1,0,0,1,0,0,0,428325.1539,7210895.373
tieliikenne_2022.2911,2911,POINT (439645.3222 7218134.0064),2022,8,21.00-21.59,2,8,0,0,0,0,0,0,1,439645.3222,7218134.0064
tieliikenne_2022.2912,2912,POINT (422468.6363 7228062.2877),2022,8,15.00-15.59,3,4,1,0,0,0,1,0,0,422468.6363,7228062.2877
tieliikenne_2022.2913,2913,POINT (458750.4888 7185316.9597),2022,8,08.00-08.59,1,2,1,1,0,0,0,0,0,458750.4888,7185316.9597
tieliikenne_2022.2914,2914,POINT (379461.429 7108245.546),2022,8,17.00-17.59,2,1,1,0,0,0,0,1,0,379461.429,7108245.546
tieliikenne_2022.2915,2915,POINT (427529.0303 7198817.0109),2022,8,17.00-17.59,1,7,1,0,1,0,0,0,0,427529.0303,7198817.0109
tieliikenne_2022.2916,2916,POINT (440197.7825 7093548.2005),2022,8,23.00-23.59,3,0,1,0,0,0,0,0,1,440197.7825,7093548.2005
tieliikenne_2022.2917,2917,POINT (454125.7298 7099003.9388),2022,8,05.00-05.59,2,8,1,0,0,0,0,0,0,454125.7298,7099003.9388
tieliikenne_2022.2918,2918,POINT (424716.2727 7107327.2289),2022,8,06.00-06.59,2,8,1,0,0,0,0,0,0,424716.2727,7107327.2289
tieliikenne_2022.2919,2919,POINT (427811.8337 7212844.9657),2022,8,17.00-17.59,2,0,2,0,0,0,0,0,0,427811.8337,7212844.9657
tieliikenne_2022.2920,2920,POINT (427821.6059 7215749.3673),2022,8,01.00-01.59,2,8,1,0,0,0,0,0,0,427821.6059,7215749.3673
tieliikenne_2022.2921,2921,POINT (581894.8024 7165475.257),2022,8,10.00-10.59,2,8,1,0,0,0,0,0,0,581894.8024,7165475.257
tieliikenne_2022.2922,2922,POINT (374388.6828 7115851.5215),2022,8,13.00-13.59,2,8,1,0,0,0,0,0,0,374388.6828,7115851.5215
tieliikenne_2022.2923,2923,POINT (379621.3195 7175552.9728),2022,8,11.00-11.59,2,4,1,0,0,1,0,0,0,379621.3195,7175552.9728
tieliikenne_2022.2924,2924,POINT (379654.4543 7107327.6246),2022,9,13.00-13.59,2,3,1,0,0,1,0,0,0,379654.4543,7107327.6246
tieliikenne_2022.2925,2925,POINT (368209.7223 7123745.8878),2022,9,21.00-21.59,1,2,1,1,0,0,0,0,0,368209.7223,7123745.8878
tieliikenne_2022.2926,2926,POINT (423622.366 7239723.005),2022,9,12.00-12.59,2,8,1,0,0,0,0,0,0,423622.366,7239723.005
tieliikenne_2022.2927,2927,POINT (554396.1847 7097397.6778),2022,9,12.00-12.59,2,8,1,0,0,0,0,0,0,554396.1847,7097397.6778
tieliikenne_2022.2928,2928,POINT (434572.4589 7215341.872),2022,9,16.00-16.59,2,0,2,0,0,0,0,0,0,434572.4589,7215341.872
tieliikenne_2022.2929,2929,POINT (548921.0933 7188175.8772),2022,9,02.00-02.59,2,9,0,0,0,0,0,0,1,548921.0933,7188175.8772
tieliikenne_2022.2930,2930,POINT (383278.022 7128115.9719),2022,9,07.00-07.59,2,8,1,0,0,0,0,0,0,383278.022,7128115.9719
tieliikenne_2022.2931,2931,POINT (424280.4496 7203132.9582),2022,9,22.00-22.59,3,8,0,0,0,0,0,1,0,424280.4496,7203132.9582
tieliikenne_2022.2932,2932,POINT (416347.992 7069210.7689),2022,9,00.00-00.59,2,8,1,0,0,0,0,0,0,416347.992,7069210.7689
tieliikenne_2022.2933,2933,POINT (426225.7877 7110672.3825),2022,9,16.00-16.59,2,8,1,0,0,0,0,0,0,426225.7877,7110672.3825
tieliikenne_2022.2934,2934,POINT (549197.0507 7107689.1033),2022,9,07.00-07.59,2,8,1,0,0,0,0,0,0,549197.0507,7107689.1033
tieliikenne_2022.2935,2935,POINT (431807.106 7178615.9774),2022,9,12.00-12.59,1,2,1,1,0,0,0,0,0,431807.106,7178615.9774
tieliikenne_2022.2936,2936,POINT (435662.194 7182729.0891),2022,9,15.00-15.59,2,4,1,0,0,0,1,0,0,435662.194,7182729.0891
tieliikenne_2022.2937,2937,POINT (536087.682 7122998.237),2022,9,07.00-07.59,2,4,1,0,0,0,1,0,0,536087.682,7122998.237
tieliikenne_2022.2938,2938,POINT (441556.0208 7113005.9581),2022,9,15.00-15.59,2,8,1,0,0,0,0,0,0,441556.0208,7113005.9581
tieliikenne_2022.2939,2939,POINT (378033.8264 7109180.5674),2022,9,01.00-01.59,2,8,1,0,0,0,0,0,0,378033.8264,7109180.5674
tieliikenne_2022.2940,2940,POINT (558936.3171 7111489.2814),2022,9,16.00-16.59,2,0,1,1,0,0,0,0,0,558936.3171,7111489.2814
tieliikenne_2022.2941,2941,POINT (443002.9144 7127142.1498),2022,10,04.00-04.59,2,8,1,0,0,0,0,0,0,443002.9144,7127142.1498
tieliikenne_2022.2942,2942,POINT (352187.2652 7137362.8197),2022,10,04.00-04.59,1,8,1,0,0,0,0,0,0,352187.2652,7137362.8197
tieliikenne_2022.2943,2943,POINT (424508.8684 7245407.3794),2022,10,15.00-15.59,2,1,3,0,0,0,0,0,0,424508.8684,7245407.3794
tieliikenne_2022.2944,2944,POINT (437485.1782 7151279.9335),2022,10,00.00-00.59,2,8,1,0,0,0,0,0,0,437485.1782,7151279.9335
tieliikenne_2022.2945,2945,POINT (430917.2738 7201232.1233),2022,10,22.00-22.59,3,8,1,0,0,0,0,0,0,430917.2738,7201232.1233
tieliikenne_2022.2946,2946,POINT (449542.0685 7189267.4348),2022,10,07.00-07.59,2,7,1,0,1,0,0,0,0,449542.0685,7189267.4348
tieliikenne_2022.2947,2947,POINT (556439.7316 7272072.0328),2022,10,02.00-02.59,2,0,2,0,0,0,0,0,0,556439.7316,7272072.0328
tieliikenne_2022.2948,2948,POINT (427496.7801 7211452.3477),2022,10,22.00-22.59,2,4,0,0,0,2,0,0,0,427496.7801,7211452.3477
tieliikenne_2022.2949,2949,POINT (428274.2848 7193001.6765),2022,10,17.00-17.59,2,8,0,0,0,0,0,0,1,428274.2848,7193001.6765
tieliikenne_2022.2950,2950,POINT (452235.6858 7187393.7132),2022,10,19.00-19.59,2,1,1,0,0,1,0,0,0,452235.6858,7187393.7132
tieliikenne_2022.2951,2951,POINT (429499.8604 7210599.5492),2022,10,08.00-08.59,2,8,1,0,0,0,0,0,0,429499.8604,7210599.5492
tieliikenne_2022.2952,2952,POINT (598595.6497 7317127.4345),2022,10,15.00-15.59,2,4,1,0,0,1,0,0,0,598595.6497,7317127.4345
tieliikenne_2022.2953,2953,POINT (371123.0569 7112249.3551),2022,10,18.00-18.59,2,8,1,0,0,0,0,0,0,371123.0569,7112249.3551
tieliikenne_2022.2954,2954,POINT (421600.8354 7078798.4009),2022,10,09.00-09.59,1,8,1,0,0,0,0,0,0,421600.8354,7078798.4009
tieliikenne_2022.2955,2955,POINT (376898.8644 7104380.9654),2022,10,08.00-08.59,2,8,0,1,0,0,0,0,0,376898.8644,7104380.9654
tieliikenne_2022.2956,2956,POINT (430774.2582 7212412.1036),2022,10,17.00-17.59,2,5,2,0,0,0,0,0,0,430774.2582,7212412.1036
tieliikenne_2022.2957,2957,POINT (393327.4053 7129772.0466),2022,10,16.00-16.59,2,8,1,0,0,0,0,0,0,393327.4053,7129772.0466
tieliikenne_2022.2958,2958,POINT (442078.0859 7223054.1011),2022,10,20.00-20.59,2,0,2,0,0,0,0,0,0,442078.0859,7223054.1011
tieliikenne_2022.2959,2959,POINT (531771.4646 7209021.7743),2022,10,13.00-13.59,2,8,1,0,0,0,0,0,0,531771.4646,7209021.7743
tieliikenne_2022.2960,2960,POINT (442530.5359 7224979.8154),2022,11,09.00-09.59,2,7,1,0,1,0,0,0,0,442530.5359,7224979.8154
tieliikenne_2022.2961,2961,POINT (340350.4386 7118025.036),2022,11,06.00-06.59,2,2,1,1,0,0,0,0,0,340350.4386,7118025.036
tieliikenne_2022.2962,2962,POINT (429329.9616 7210591.2613),2022,11,08.00-08.59,2,6,1,0,1,0,0,0,0,429329.9616,7210591.2613
tieliikenne_2022.2963,2963,POINT (546437.092 7214011.782),2022,11,09.00-09.59,2,8,1,0,0,0,0,0,0,546437.092,7214011.782
tieliikenne_2022.2964,2964,POINT (446834.5477 7194001.9046),2022,11,14.00-14.59,2,8,1,0,0,0,0,0,0,446834.5477,7194001.9046
tieliikenne_2022.2965,2965,POINT (430038.2878 7210394.2069),2022,11,12.00-12.59,2,7,1,0,1,0,0,0,0,430038.2878,7210394.2069
tieliikenne_2022.2966,2966,POINT (366367.0654 7129750.0857),2022,11,13.00-13.59,2,2,1,0,0,0,0,0,1,366367.0654,7129750.0857
tieliikenne_2022.2967,2967,POINT (433486.8293 7214258.8852),2022,11,19.00-19.59,2,7,0,0,1,0,1,0,0,433486.8293,7214258.8852
tieliikenne_2022.2968,2968,POINT (454038.7615 7108377.3131),2022,11,11.00-11.59,2,8,1,0,0,0,0,0,0,454038.7615,7108377.3131
tieliikenne_2022.2969,2969,POINT (599743.021 7315489.8824),2022,11,02.00-02.59,2,8,1,0,0,0,0,0,0,599743.021,7315489.8824
tieliikenne_2022.2970,2970,POINT (427727.3495 7213720.4633),2022,11,23.00-23.59,2,4,1,0,0,1,0,0,0,427727.3495,7213720.4633
tieliikenne_2022.2971,2971,POINT (535402.2121 7121613.8224),2022,11,17.00-17.59,2,0,2,0,0,0,0,0,0,535402.2121,7121613.8224
tieliikenne_2022.2972,2972,POINT (427994.3684 7199452.993),2022,11,19.00-19.59,3,4,0,0,0,1,0,0,1,427994.3684,7199452.993
tieliikenne_2022.2973,2973,POINT (535635.7315 7122069.6991),2022,11,11.00-11.59,2,8,1,0,0,0,0,0,0,535635.7315,7122069.6991
tieliikenne_2022.2974,2974,POINT (446455.097 7185825.58),2022,12,11.00-11.59,2,8,1,0,0,0,0,0,0,446455.097,7185825.58
tieliikenne_2022.2975,2975,POINT (380048.4108 7109066.8882),2022,12,18.00-18.59,2,3,1,0,0,0,0,1,0,380048.4108,7109066.8882
tieliikenne_2022.2976,2976,POINT (370072.8684 7115778.8992),2022,12,16.00-16.59,2,0,3,0,0,0,0,0,0,370072.8684,7115778.8992
tieliikenne_2022.2977,2977,POINT (416356.9371 7069213.9704),2022,12,11.00-11.59,2,8,1,0,0,0,0,0,0,416356.9371,7069213.9704
tieliikenne_2022.2978,2978,POINT (399863.7963 7090227.1922),2022,12,19.00-19.59,2,8,1,0,0,0,0,0,0,399863.7963,7090227.1922
tieliikenne_2022.2979,2979,POINT (398838.3548 7107732.896),2022,12,12.00-12.59,2,8,1,0,0,0,0,0,0,398838.3548,7107732.896
tieliikenne_2022.2980,2980,POINT (428842.9298 7207687.9795),2022,12,19.00-19.59,2,0,2,0,0,0,0,0,0,428842.9298,7207687.9795
tieliikenne_2022.2981,2981,POINT (432701.448 7213628.032),2022,12,15.00-15.59,2,4,1,0,0,1,0,0,0,432701.448,7213628.032
tieliikenne_2022.2982,2982,POINT (430023.0409 7207944.7484),2022,12,16.00-16.59,2,9,0,1,0,0,0,0,0,430023.0409,7207944.7484
tieliikenne_2022.2983,2983,POINT (394771.8172 7128079.5901),2022,12,04.00-04.59,2,8,1,0,0,0,0,0,0,394771.8172,7128079.5901
tieliikenne_2022.2984,2984,POINT (437339.7661 7218055.7008),2022,12,16.00-16.59,2,0,3,0,0,0,0,0,0,437339.7661,7218055.7008
tieliikenne_2022.2985,2985,POINT (426989.901 7202994.71),2022,12,16.00-16.59,2,0,2,0,0,0,0,0,0,426989.901,7202994.71
tieliikenne_2022.2986,2986,POINT (601693.7307 7152206.4464),2022,12,13.00-13.59,2,9,1,1,0,0,0,0,0,601693.7307,7152206.4464
tieliikenne_2022.2987,2987,POINT (435310.9283 7182676.324),2022,12,17.00-17.59,2,6,1,0,1,0,0,0,0,435310.9283,7182676.324
tieliikenne_2022.2988,2988,POINT (431184.1319 7205216.893),2022,12,19.00-19.59,2,0,2,0,0,0,0,0,0,431184.1319,7205216.893
tieliikenne_2022.2989,2989,POINT (486280.9667 7109511.8181),2022,12,12.00-12.59,2,8,0,1,0,0,0,0,0,486280.9667,7109511.8181
tieliikenne_2022.2990,2990,POINT (430982.8975 7214486.0897),2022,12,13.00-13.59,2,5,2,0,0,0,0,0,0,430982.8975,7214486.0897
tieliikenne_2022.2991,2991,POINT (392292.6837 7289316.6754),2022,1,15.00-15.59,2,1,1,0,0,0,0,0,1,392292.6837,7289316.6754
tieliikenne_2022.2992,2992,POINT (390124.0651 7290565.0049),2022,1,23.00-23.59,2,8,1,0,0,0,0,0,0,390124.0651,7290565.0049
tieliikenne_2022.2993,2993,POINT (378417.958 7501969.5516),2022,1,11.00-11.59,2,5,1,0,0,0,0,0,1,378417.958,7501969.5516
tieliikenne_2022.2994,2994,POINT (429881.1777 7397846.7591),2022,1,13.00-13.59,2,8,1,0,0,0,0,0,0,429881.1777,7397846.7591
tieliikenne_2022.2995,2995,POINT (431761.56 7368894.8197),2022,1,07.00-07.59,2,9,1,1,0,0,0,0,0,431761.56,7368894.8197
tieliikenne_2022.2996,2996,POINT (442596.3955 7375720.8431),2022,1,16.00-16.59,2,1,2,0,0,0,0,0,0,442596.3955,7375720.8431
tieliikenne_2022.2997,2997,POINT (486284.1574 7466113.3341),2022,1,10.00-10.59,3,2,2,0,0,0,0,0,0,486284.1574,7466113.3341
tieliikenne_2022.2998,2998,POINT (417897.6486 7522903.2653),2022,1,11.00-11.59,3,8,0,0,0,0,0,0,1,417897.6486,7522903.2653
tieliikenne_2022.2999,2999,POINT (478947.7182 7495229.9047),2022,1,12.00-12.59,2,2,2,0,0,0,0,0,0,478947.7182,7495229.9047
tieliikenne_2022.3000,3000,POINT (369815.5907 7306292.1572),2022,2,16.00-16.59,2,1,2,0,0,0,0,0,0,369815.5907,7306292.1572
tieliikenne_2022.3001,3001,POINT (394029.3765 7498563.813),2022,2,12.00-12.59,2,1,2,0,0,0,0,0,0,394029.3765,7498563.813
tieliikenne_2022.3002,3002,POINT (434133.7351 7369175.0804),2022,2,13.00-13.59,2,1,2,1,0,0,0,0,0,434133.7351,7369175.0804
tieliikenne_2022.3003,3003,POINT (407642.3406 7523006.1618),2022,2,11.00-11.59,3,8,0,0,0,0,0,0,1,407642.3406,7523006.1618
tieliikenne_2022.3004,3004,POINT (477678 7479869),2022,2,13.00-13.59,2,8,0,0,0,0,0,0,1,477678,7479869
tieliikenne_2022.3005,3005,POINT (442491.2581 7375475.1659),2022,2,10.00-10.59,2,5,2,0,0,0,0,0,0,442491.2581,7375475.1659
tieliikenne_2022.3006,3006,POINT (526366.7721 7618920.3559),2022,3,19.00-19.59,2,5,1,1,0,0,0,0,0,526366.7721,7618920.3559
tieliikenne_2022.3007,3007,POINT (385889.1308 7299563.368),2022,2,16.00-16.59,3,4,2,0,0,0,0,0,0,385889.1308,7299563.368
tieliikenne_2022.3008,3008,POINT (387156.7026 7305439.7648),2022,5,08.00-08.59,2,9,1,0,0,0,0,0,0,387156.7026,7305439.7648
tieliikenne_2022.3009,3009,POINT (414838.2763 7398214.7093),2022,6,20.00-20.59,1,8,0,0,0,0,0,0,1,414838.2763,7398214.7093
tieliikenne_2022.3010,3010,POINT (410885.4231 7487958.2366),2022,4,23.00-23.59,2,2,2,0,0,0,0,0,0,410885.4231,7487958.2366
tieliikenne_2022.3011,3011,POINT (409466.6944 7474322.3107),2022,4,14.00-14.59,2,2,2,0,0,0,0,0,0,409466.6944,7474322.3107
tieliikenne_2022.3012,3012,POINT (483268.7554 7362888.2847),2022,4,14.00-14.59,2,8,1,0,0,0,0,0,0,483268.7554,7362888.2847
tieliikenne_2022.3013,3013,POINT (390429.9259 7292350.3293),2022,5,19.00-19.59,2,5,1,0,0,0,0,1,0,390429.9259,7292350.3293
tieliikenne_2022.3014,3014,POINT (388731.8399 7296461.1867),2022,9,20.00-20.59,2,9,1,0,0,0,0,0,0,388731.8399,7296461.1867
tieliikenne_2022.3015,3015,POINT (391816.6607 7290760.9953),2022,5,15.00-15.59,2,8,0,0,0,0,0,0,1,391816.6607,7290760.9953
tieliikenne_2022.3016,3016,POINT (496715.0739 7472036.781),2022,5,09.00-09.59,2,8,0,1,0,0,0,0,0,496715.0739,7472036.781
tieliikenne_2022.3017,3017,POINT (521038.7709 7424712.3239),2022,9,19.00-19.59,2,9,1,0,0,0,0,0,0,521038.7709,7424712.3239
tieliikenne_2022.3018,3018,POINT (405454.3189 7284510.1646),2022,5,19.00-19.59,2,8,1,0,0,0,0,0,0,405454.3189,7284510.1646
tieliikenne_2022.3019,3019,POINT (389939.0155 7291898.0291),2022,5,11.00-11.59,2,5,1,0,0,0,1,0,0,389939.0155,7291898.0291
tieliikenne_2022.3020,3020,POINT (553956.1162 7337677.9942),2022,5,08.00-08.59,2,8,0,0,0,0,0,0,1,553956.1162,7337677.9942
tieliikenne_2022.3021,3021,POINT (362686.1425 7332760.9362),2022,10,19.00-19.59,2,9,1,0,0,0,0,0,0,362686.1425,7332760.9362
tieliikenne_2022.3022,3022,POINT (389340.7871 7292500.8421),2022,5,16.00-16.59,2,5,1,0,0,0,1,0,0,389340.7871,7292500.8421
tieliikenne_2022.3023,3023,POINT (372251.5138 7307324.3718),2022,6,13.00-13.59,2,0,1,0,0,0,0,0,1,372251.5138,7307324.3718
tieliikenne_2022.3024,3024,POINT (362793.4069 7332647.2668),2022,10,08.00-08.59,3,9,1,0,0,0,0,0,0,362793.4069,7332647.2668
tieliikenne_2022.3025,3025,POINT (370557.2072 7441299.0877),2022,6,16.00-16.59,2,8,1,0,0,0,0,0,0,370557.2072,7441299.0877
tieliikenne_2022.3026,3026,POINT (371481.193 7302965.8978),2022,6,11.00-11.59,2,4,1,0,0,1,0,0,0,371481.193,7302965.8978
tieliikenne_2022.3027,3027,POINT (257086.8059 7664078.0974),2022,11,23.00-23.59,2,8,0,0,0,0,0,0,1,257086.8059,7664078.0974
tieliikenne_2022.3028,3028,POINT (452613.7056 7466926.6418),2022,6,07.00-07.59,2,8,1,0,0,0,0,0,0,452613.7056,7466926.6418
tieliikenne_2022.3029,3029,POINT (518984.791 7399743.2394),2022,6,00.00-00.59,2,8,0,0,0,0,0,0,1,518984.791,7399743.2394
tieliikenne_2022.3030,3030,POINT (377621.6207 7300842.6138),2022,11,01.00-01.59,2,9,1,0,0,0,0,0,0,377621.6207,7300842.6138
tieliikenne_2022.3031,3031,POINT (426016.2063 7358045.7654),2022,6,13.00-13.59,3,8,1,0,0,0,0,0,0,426016.2063,7358045.7654
tieliikenne_2022.3032,3032,POINT (446508.6623 7392037.1632),2022,6,19.00-19.59,3,0,0,0,0,0,0,2,0,446508.6623,7392037.1632
tieliikenne_2022.3033,3033,POINT (374622.4216 7592310.3679),2022,6,18.00-18.59,2,8,0,0,0,0,1,0,0,374622.4216,7592310.3679
tieliikenne_2022.3034,3034,POINT (400973.5452 7328974.9323),2022,6,15.00-15.59,2,5,1,0,0,0,1,0,0,400973.5452,7328974.9323
tieliikenne_2022.3035,3035,POINT (370711.6389 7305012.5114),2022,6,15.00-15.59,2,8,0,0,0,0,1,0,0,370711.6389,7305012.5114
tieliikenne_2022.3036,3036,POINT (486650.5766 7464257.5261),2022,6,21.00-21.59,2,8,1,0,0,0,0,0,0,486650.5766,7464257.5261
tieliikenne_2022.3037,3037,POINT (352172.2504 7452322.1275),2022,12,21.00-21.59,2,9,1,0,0,0,0,0,0,352172.2504,7452322.1275
tieliikenne_2022.3038,3038,POINT (349912.7871 7584243.7986),2022,12,07.00-07.59,2,9,1,0,0,0,0,0,0,349912.7871,7584243.7986
tieliikenne_2022.3039,3039,POINT (549995.9616 7322869.1335),2022,7,08.00-08.59,2,8,1,0,0,0,0,0,0,549995.9616,7322869.1335
tieliikenne_2022.3040,3040,POINT (413764.533 7285618.7403),2022,7,19.00-19.59,2,8,1,0,0,0,0,0,0,413764.533,7285618.7403
tieliikenne_2022.3041,3041,POINT (370780.8686 7304516.7852),2022,7,19.00-19.59,3,1,1,0,0,1,0,0,0,370780.8686,7304516.7852
tieliikenne_2022.3042,3042,POINT (511954.3661 7574962.6329),2022,7,13.00-13.59,3,8,0,0,0,0,0,1,0,511954.3661,7574962.6329
tieliikenne_2022.3043,3043,POINT (361994.5648 7333644.9843),2022,7,14.00-14.59,2,8,1,0,0,0,0,0,0,361994.5648,7333644.9843
tieliikenne_2022.3044,3044,POINT (388468.6957 7294875.545),2022,7,10.00-10.59,2,8,0,0,0,0,0,1,0,388468.6957,7294875.545
tieliikenne_2022.3045,3045,POINT (480929.1752 7494744.3248),2022,7,17.00-17.59,3,8,1,0,0,0,0,0,0,480929.1752,7494744.3248
tieliikenne_2022.3046,3046,POINT (371098.9907 7305375.3453),2022,8,20.00-20.59,2,3,2,0,0,0,0,0,0,371098.9907,7305375.3453
tieliikenne_2022.3047,3047,POINT (389851.6372 7291885.293),2022,8,19.00-19.59,2,1,1,0,0,1,0,0,0,389851.6372,7291885.293
tieliikenne_2022.3048,3048,POINT (411763.5686 7498758.366),2022,8,12.00-12.59,2,0,2,0,0,0,0,0,0,411763.5686,7498758.366
tieliikenne_2022.3049,3049,POINT (388925.9931 7292205.5629),2022,8,18.00-18.59,2,1,1,0,0,0,1,0,0,388925.9931,7292205.5629
tieliikenne_2022.3050,3050,POINT (427541.8111 7364349.0472),2022,8,13.00-13.59,2,2,2,1,0,0,0,0,0,427541.8111,7364349.0472
tieliikenne_2022.3051,3051,POINT (406895.4034 7523933.42),2022,8,11.00-11.59,2,5,1,0,0,0,0,1,0,406895.4034,7523933.42
tieliikenne_2022.3052,3052,POINT (386325.5317 7300329.4759),2022,8,11.00-11.59,2,9,2,1,0,0,0,0,0,386325.5317,7300329.4759
tieliikenne_2022.3053,3053,POINT (441782.4963 7375317.3157),2022,8,14.00-14.59,2,1,1,0,0,1,0,0,0,441782.4963,7375317.3157
tieliikenne_2022.3054,3054,POINT (405857.9968 7328515.2182),2022,8,22.00-22.59,2,8,1,0,0,0,0,0,0,405857.9968,7328515.2182
tieliikenne_2022.3055,3055,POINT (439420.1112 7376076.154),2022,8,20.00-20.59,2,0,0,0,0,0,2,0,0,439420.1112,7376076.154
tieliikenne_2022.3056,3056,POINT (524395.03 7398566.1301),2022,8,07.00-07.59,2,1,1,0,0,0,1,0,0,524395.03,7398566.1301
tieliikenne_2022.3057,3057,POINT (442904.1175 7374368.8545),2022,9,13.00-13.59,2,4,1,0,0,0,0,1,0,442904.1175,7374368.8545
tieliikenne_2022.3058,3058,POINT (401350.8937 7285344.4194),2022,9,00.00-00.59,2,0,2,0,0,0,0,0,0,401350.8937,7285344.4194
tieliikenne_2022.3059,3059,POINT (444197.4593 7376451.6446),2022,9,08.00-08.59,2,4,2,0,0,0,0,0,0,444197.4593,7376451.6446
tieliikenne_2022.3060,3060,POINT (482292.3797 7478085.4401),2022,9,13.00-13.59,2,4,1,0,0,1,0,0,0,482292.3797,7478085.4401
tieliikenne_2022.3061,3061,POINT (443559.0972 7376005.8626),2022,9,10.00-10.59,2,1,1,0,0,1,0,0,0,443559.0972,7376005.8626
tieliikenne_2022.3062,3062,POINT (386612.2275 7493765.6441),2022,9,16.00-16.59,2,8,1,0,0,0,0,0,0,386612.2275,7493765.6441
tieliikenne_2022.3063,3063,POINT (562726.2784 7488830.4823),2022,10,18.00-18.59,2,8,1,0,0,0,0,0,0,562726.2784,7488830.4823
tieliikenne_2022.3064,3064,POINT (399689.0458 7326545.774),2022,10,04.00-04.59,2,8,1,0,0,0,0,0,0,399689.0458,7326545.774
tieliikenne_2022.3065,3065,POINT (401961.8088 7506310.5475),2022,10,15.00-15.59,2,4,1,1,0,0,0,0,0,401961.8088,7506310.5475
tieliikenne_2022.3066,3066,POINT (370608.8382 7303416.1246),2022,10,10.00-10.59,2,3,1,0,0,0,1,0,0,370608.8382,7303416.1246
tieliikenne_2022.3067,3067,POINT (441936.4417 7375335.2172),2022,10,15.00-15.59,2,3,1,0,0,1,0,0,0,441936.4417,7375335.2172
tieliikenne_2022.3068,3068,POINT (418266.3535 7504272.4857),2022,11,18.00-18.59,2,0,2,0,0,0,0,0,0,418266.3535,7504272.4857
tieliikenne_2022.3069,3069,POINT (503545.1747 7311224.3409),2022,11,17.00-17.59,2,7,1,0,1,0,0,0,0,503545.1747,7311224.3409
tieliikenne_2022.3070,3070,POINT (371570.6221 7305288.6525),2022,11,17.00-17.59,2,0,2,0,0,0,0,0,0,371570.6221,7305288.6525
tieliikenne_2022.3071,3071,POINT (448633.8046 7377316.9005),2022,11,04.00-04.59,2,8,1,0,0,0,0,0,0,448633.8046,7377316.9005
tieliikenne_2022.3072,3072,POINT (371148.2442 7412231.3042),2022,11,13.00-13.59,1,2,2,0,0,0,0,0,0,371148.2442,7412231.3042
tieliikenne_2022.3073,3073,POINT (388352.9825 7295746.1459),2022,11,16.00-16.59,2,4,1,0,0,1,0,0,0,388352.9825,7295746.1459
tieliikenne_2022.3074,3074,POINT (407520.9799 7523087.2219),2022,12,10.00-10.59,2,1,1,1,0,0,0,0,0,407520.9799,7523087.2219
tieliikenne_2022.3075,3075,POINT (442314.991 7378582.3359),2022,12,15.00-15.59,2,3,1,0,0,1,0,0,0,442314.991,7378582.3359
tieliikenne_2022.3076,3076,POINT (455276.2402 7384017.6757),2022,12,12.00-12.59,2,2,2,1,0,0,0,0,0,455276.2402,7384017.6757
tieliikenne_2022.3077,3077,POINT (407637.9159 7523386.9228),2022,12,13.00-13.59,2,8,0,0,0,0,0,0,1,407637.9159,7523386.9228
tieliikenne_2022.3078,3078,POINT (447482.6325 7380882.7504),2022,12,23.00-23.59,2,4,2,0,0,0,0,0,0,447482.6325,7380882.7504
tieliikenne_2022.3079,3079,POINT (410356.0565 7489880.1888),2022,12,11.00-11.59,3,2,4,0,0,0,0,0,0,410356.0565,7489880.1888
tieliikenne_2022.3080,3080,POINT (409490.4221 7338355.7848),2022,12,14.00-14.59,2,1,2,0,0,0,0,0,0,409490.4221,7338355.7848
tieliikenne_2022.3081,3081,POINT (110355.7223 6682887.2666),2022,1,11.00-11.59,2,8,0,0,0,0,0,0,1,110355.7223,6682887.2666
tieliikenne_2022.3082,3082,POINT (110014.1802 6686116.3244),2022,1,14.00-14.59,2,2,2,0,0,0,0,0,0,110014.1802,6686116.3244
tieliikenne_2022.3083,3083,POINT (125761.6361 6694261.5746),2022,2,17.00-17.59,2,8,1,0,0,0,0,0,0,125761.6361,6694261.5746
tieliikenne_2022.3084,3084,POINT (107811.5564 6682769.0982),2022,4,14.00-14.59,2,1,2,0,0,0,0,0,0,107811.5564,6682769.0982
tieliikenne_2022.3085,3085,POINT (125633.1303 6681117.1808),2022,6,03.00-03.59,2,9,0,0,0,0,0,1,0,125633.1303,6681117.1808
tieliikenne_2022.3086,3086,POINT (106471.6294 6685021.3869),2022,6,13.00-13.59,2,0,2,0,0,0,0,0,0,106471.6294,6685021.3869
tieliikenne_2022.3087,3087,POINT (99690.6427 6696518.5341),2022,6,10.00-10.59,2,8,1,0,0,0,0,0,0,99690.6427,6696518.5341
tieliikenne_2022.3088,3088,POINT (108182.0155 6687082.129),2022,6,12.00-12.59,2,1,1,0,0,0,1,0,0,108182.0155,6687082.129
tieliikenne_2022.3089,3089,POINT (105007.4099 6685188.7547),2022,6,15.00-15.59,2,2,2,0,0,0,0,0,0,105007.4099,6685188.7547
tieliikenne_2022.3090,3090,POINT (109695.7347 6694301.236),2022,6,11.00-11.59,2,4,1,0,0,1,0,0,0,109695.7347,6694301.236
tieliikenne_2022.3091,3091,POINT (112027.8661 6682940.7532),2022,7,16.00-16.59,2,9,0,0,0,0,0,1,0,112027.8661,6682940.7532
tieliikenne_2022.3092,3092,POINT (108327.3756 6694912.8898),2022,7,23.00-23.59,2,8,1,0,0,0,0,0,0,108327.3756,6694912.8898
tieliikenne_2022.3093,3093,POINT (108186.9851 6683748.3161),2022,7,15.00-15.59,2,3,1,0,0,0,1,0,0,108186.9851,6683748.3161
tieliikenne_2022.3094,3094,POINT (107805.2913 6683175.651),2022,7,23.00-23.59,2,8,1,0,0,0,0,0,0,107805.2913,6683175.651
tieliikenne_2022.3095,3095,POINT (90877.1306 6705014.7399),2022,7,16.00-16.59,2,8,1,0,0,0,0,0,0,90877.1306,6705014.7399
tieliikenne_2022.3096,3096,POINT (110043.6716 6707993.7815),2022,7,05.00-05.59,2,8,1,0,0,0,0,0,0,110043.6716,6707993.7815
tieliikenne_2022.3097,3097,POINT (109271.3989 6702036.4067),2022,8,06.00-06.59,2,8,0,0,0,0,0,1,0,109271.3989,6702036.4067
tieliikenne_2022.3098,3098,POINT (90868.464 6705556.929),2022,11,12.00-12.59,2,9,1,0,0,0,0,0,0,90868.464,6705556.929
tieliikenne_2022.3099,3099,POINT (108003.136 6695151.3),2022,8,00.00-00.59,3,7,1,0,1,0,0,0,0,108003.136,6695151.3
tieliikenne_2022.3100,3100,POINT (116328.987 6700960.992),2022,9,16.00-16.59,2,5,1,0,0,1,0,0,0,116328.987,6700960.992
tieliikenne_2022.3101,3101,POINT (109001.0122 6688615.4523),2022,10,07.00-07.59,2,1,1,0,0,0,1,0,0,109001.0122,6688615.4523
tieliikenne_2022.3102,3102,POINT (108060.761 6684139.3731),2022,11,07.00-07.59,3,3,1,0,0,0,1,0,0,108060.761,6684139.3731
tieliikenne_2022.3103,3103,POINT (108651.014 6685143.2448),2022,11,07.00-07.59,2,0,1,0,0,0,0,0,1,108651.014,6685143.2448
tieliikenne_2022.3104,3104,POINT (89273.8651 6699614.6327),2022,12,08.00-08.59,2,2,1,1,0,0,0,0,0,89273.8651,6699614.6327
